year,team,unit,position_label,position,depth_rank,source_row,source_slot,position_occurrence,is_listed_starter,is_inactive,status_class,source_player_id,player,player_key,raw_player,source_updated_at,source_file,source_url,parser_version
2026,ARI,Offense,QB,QB,1,10,1,0,True,False,,49880,JACOBY BRISSETT,jacobybrissett,"BRISSETT, JACOBY U/NE",09/01/2026 5:58PM ET,2026 Arizona Cardinals Depth Chart _ Ourlads.com.mhtml,https://www.ourlads.com/nfldepthcharts/pfdepthchart/ARZ,2026.1
2026,ARI,Offense,QB,QB,2,10,2,0,False,False,lc_gold,49907,GARDNER MINSHEW II,gardnerminshewii,"MINSHEW II, GARDNER U/KC",09/01/2026 5:58PM ET,2026 Arizona Cardinals Depth Chart _ Ourlads.com.mhtml,https://www.ourlads.com/nfldepthcharts/pfdepthchart/ARZ,2026.1
2026,ARI,Offense,QB,QB,3,10,3,0,False,False,lc_purple,55017,Carson Beck,carsonbeck,"Beck, Carson 26/3",09/01/2026 5:58PM ET,2026 Arizona Cardinals Depth Chart _ Ourlads.com.mhtml,https://www.ourlads.com/nfldepthcharts/pfdepthchart/ARZ,2026.1
2026,ARI,Offense,RB,RB,1,11,1,0,True,False,lc_purple,54955,Jeremiyah Love,jeremiyahlove,"Love, Jeremiyah 26/1",09/01/2026 5:58PM ET,2026 Arizona Cardinals Depth Chart _ Ourlads.com.mhtml,https://www.ourlads.com/nfldepthcharts/pfdepthchart/ARZ,2026.1
2026,ARI,Offense,RB,RB,2,11,2,0,False,False,lc_gold,46979,Tyler Allgeier,tylerallgeier,"Allgeier, Tyler U/Atl",09/01/2026 5:58PM ET,2026 Arizona Cardinals Depth Chart _ Ourlads.com.mhtml,https://www.ourlads.com/nfldepthcharts/pfdepthchart/ARZ,2026.1
2026,ARI,Offense,RB,RB,3,11,3,0,False,False,,52077,Bam Knight,bamknight,"Knight, Bam SF25",09/01/2026 5:58PM ET,2026 Arizona Cardinals Depth Chart _ Ourlads.com.mhtml,https://www.ourlads.com/nfldepthcharts/pfdepthchart/ARZ,2026.1
2026,ARI,Offense,TE,TE,1,9,1,0,True,False,,46882,Trey McBride,treymcbride,"McBride, Trey 22/2",09/01/2026 5:58PM ET,2026 Arizona Cardinals Depth Chart _ Ourlads.com.mhtml,https://www.ourlads.com/nfldepthcharts/pfdepthchart/ARZ,2026.1
2026,ARI,Offense,TE,TE,2,9,2,0,False,False,,51506,Elijah Higgins,elijahhiggins,"Higgins, Elijah W/Mia",09/01/2026 5:58PM ET,2026 Arizona Cardinals Depth Chart _ Ourlads.com.mhtml,https://www.ourlads.com/nfldepthcharts/pfdepthchart/ARZ,2026.1
2026,ARI,Offense,TE,TE,3,9,3,0,False,False,lc_gold,49794,Hunter Long,hunterlong,"Long, Hunter T/Jax",09/01/2026 5:58PM ET,2026 Arizona Cardinals Depth Chart _ Ourlads.com.mhtml,https://www.ourlads.com/nfldepthcharts/pfdepthchart/ARZ,2026.1
2026,ARI,Offense,LWR,WR,1,1,1,0,True,False,,53232,Marvin Harrison Jr.,marvinharrisonjr,"Harrison Jr., Marvin 24/1",09/01/2026 5:58PM ET,2026 Arizona Cardinals Depth Chart _ Ourlads.com.mhtml,https://www.ourlads.com/nfldepthcharts/pfdepthchart/ARZ,2026.1
2026,ARI,Offense,LWR,WR,2,1,2,0,False,False,,52831,Simi Fehoko,simifehoko,"Fehoko, Simi U/LAC",09/01/2026 5:58PM ET,2026 Arizona Cardinals Depth Chart _ Ourlads.com.mhtml,https://www.ourlads.com/nfldepthcharts/pfdepthchart/ARZ,2026.1
2026,ARI,Offense,LWR,WR,3,1,3,0,False,False,,50277,Jalen Brooks,jalenbrooks,"Brooks, Jalen SF25",09/01/2026 5:58PM ET,2026 Arizona Cardinals Depth Chart _ Ourlads.com.mhtml,https://www.ourlads.com/nfldepthcharts/pfdepthchart/ARZ,2026.1
2026,ARI,Offense,RWR,WR,1,2,1,0,True,False,,50173,Michael Wilson,michaelwilson,"Wilson, Michael 23/3",09/01/2026 5:58PM ET,2026 Arizona Cardinals Depth Chart _ Ourlads.com.mhtml,https://www.ourlads.com/nfldepthcharts/pfdepthchart/ARZ,2026.1
2026,ARI,Offense,RWR,WR,2,2,2,0,False,False,lc_purple,55095,Reggie Virgil,reggievirgil,"Virgil, Reggie 26/5",09/01/2026 5:58PM ET,2026 Arizona Cardinals Depth Chart _ Ourlads.com.mhtml,https://www.ourlads.com/nfldepthcharts/pfdepthchart/ARZ,2026.1
2026,ARI,Offense,SWR,WR,1,3,1,0,True,False,lc_gold,42986,KENDRICK BOURNE,kendrickbourne,"BOURNE, KENDRICK U/SF",09/01/2026 5:58PM ET,2026 Arizona Cardinals Depth Chart _ Ourlads.com.mhtml,https://www.ourlads.com/nfldepthcharts/pfdepthchart/ARZ,2026.1
2026,ARI,Offense,SWR,WR,2,3,2,0,False,False,lc_gold,40333,Devin Duvernay,devinduvernay,"Duvernay, Devin U/Chi",09/01/2026 5:58PM ET,2026 Arizona Cardinals Depth Chart _ Ourlads.com.mhtml,https://www.ourlads.com/nfldepthcharts/pfdepthchart/ARZ,2026.1
2026,ATL,Offense,QB,QB,1,10,1,0,True,False,,53236,Michael Penix Jr.,michaelpenixjr,"Penix Jr., Michael 24/1",09/01/2026 5:59PM ET,2026 Atlanta Falcons Depth Chart _ Ourlads.com.mhtml,https://www.ourlads.com/nfldepthcharts/pfdepthchart/ATL,2026.1
2026,ATL,Offense,QB,QB,2,10,2,0,False,False,lc_gold,40245,Tua Tagovailoa,tuatagovailoa,"Tagovailoa, Tua CC/Mia",09/01/2026 5:59PM ET,2026 Atlanta Falcons Depth Chart _ Ourlads.com.mhtml,https://www.ourlads.com/nfldepthcharts/pfdepthchart/ATL,2026.1
2026,ATL,Offense,QB,QB,3,10,3,0,False,False,lc_gold,48178,COOPER RUSH,cooperrush,"RUSH, COOPER CC/Bal",09/01/2026 5:59PM ET,2026 Atlanta Falcons Depth Chart _ Ourlads.com.mhtml,https://www.ourlads.com/nfldepthcharts/pfdepthchart/ATL,2026.1
2026,ATL,Offense,QB,QB,4,10,4,0,False,False,lc_aqua,55211,Jack Strand,jackstrand,"Strand, Jack CF26",09/01/2026 5:59PM ET,2026 Atlanta Falcons Depth Chart _ Ourlads.com.mhtml,https://www.ourlads.com/nfldepthcharts/pfdepthchart/ATL,2026.1
2026,ATL,Offense,RB,RB,1,11,1,0,True,False,,50087,Bijan Robinson,bijanrobinson,"Robinson, Bijan 23/1",09/01/2026 5:59PM ET,2026 Atlanta Falcons Depth Chart _ Ourlads.com.mhtml,https://www.ourlads.com/nfldepthcharts/pfdepthchart/ATL,2026.1
2026,ATL,Offense,RB,RB,2,11,2,0,False,False,lc_gold,46925,Brian Robinson,brianrobinson,"Robinson, Brian U/SF",09/01/2026 5:59PM ET,2026 Atlanta Falcons Depth Chart _ Ourlads.com.mhtml,https://www.ourlads.com/nfldepthcharts/pfdepthchart/ATL,2026.1
2026,ATL,Offense,TE,TE,1,9,1,0,True,False,,43321,Kyle Pitts Sr.,kylepittssr,"Pitts Sr., Kyle 21/1",09/01/2026 5:59PM ET,2026 Atlanta Falcons Depth Chart _ Ourlads.com.mhtml,https://www.ourlads.com/nfldepthcharts/pfdepthchart/ATL,2026.1
2026,ATL,Offense,TE,TE,2,9,2,0,False,False,,40431,Charlie Woerner,charliewoerner,"Woerner, Charlie U/SF",09/01/2026 5:59PM ET,2026 Atlanta Falcons Depth Chart _ Ourlads.com.mhtml,https://www.ourlads.com/nfldepthcharts/pfdepthchart/ATL,2026.1
2026,ATL,Offense,TE,TE,3,9,3,0,False,False,lc_gold,49983,AUSTIN HOOPER,austinhooper,"HOOPER, AUSTIN U/NE",09/01/2026 5:59PM ET,2026 Atlanta Falcons Depth Chart _ Ourlads.com.mhtml,https://www.ourlads.com/nfldepthcharts/pfdepthchart/ATL,2026.1
2026,ATL,Offense,LWR,WR,1,1,1,0,True,False,,46833,Drake London,drakelondon,"London, Drake 22/1",09/01/2026 5:59PM ET,2026 Atlanta Falcons Depth Chart _ Ourlads.com.mhtml,https://www.ourlads.com/nfldepthcharts/pfdepthchart/ATL,2026.1
2026,ATL,Offense,RWR,WR,1,2,1,0,True,False,lc_gold,46857,Jahan Dotson,jahandotson,"Dotson, Jahan U/Phi",09/01/2026 5:59PM ET,2026 Atlanta Falcons Depth Chart _ Ourlads.com.mhtml,https://www.ourlads.com/nfldepthcharts/pfdepthchart/ATL,2026.1
2026,ATL,Offense,RWR,WR,2,2,2,0,False,False,,52327,Chris Blair,chrisblair,"Blair, Chris SF23",09/01/2026 5:59PM ET,2026 Atlanta Falcons Depth Chart _ Ourlads.com.mhtml,https://www.ourlads.com/nfldepthcharts/pfdepthchart/ATL,2026.1
2026,ATL,Offense,SWR,WR,1,3,1,0,True,False,lc_gold,50076,Olamide Zaccheaus,olamidezaccheaus,"Zaccheaus, Olamide U/Chi",09/01/2026 5:59PM ET,2026 Atlanta Falcons Depth Chart _ Ourlads.com.mhtml,https://www.ourlads.com/nfldepthcharts/pfdepthchart/ATL,2026.1
2026,ATL,Offense,SWR,WR,2,3,2,0,False,False,lc_purple,55031,Zachariah Branch,zachariahbranch,"Branch, Zachariah 26/3",09/01/2026 5:59PM ET,2026 Atlanta Falcons Depth Chart _ Ourlads.com.mhtml,https://www.ourlads.com/nfldepthcharts/pfdepthchart/ATL,2026.1
2026,BAL,Offense,QB,QB,1,10,1,0,True,False,,33745,Lamar Jackson,lamarjackson,"Jackson, Lamar 18/1",08/31/2026 11:06PM ET,2026 Baltimore Ravens Depth Chart _ Ourlads.com.mhtml,https://www.ourlads.com/nfldepthcharts/pfdepthchart/BAL,2026.1
2026,BAL,Offense,QB,QB,2,10,2,0,False,False,,41411,Tyler Huntley,tylerhuntley,"Huntley, Tyler SF25",08/31/2026 11:06PM ET,2026 Baltimore Ravens Depth Chart _ Ourlads.com.mhtml,https://www.ourlads.com/nfldepthcharts/pfdepthchart/BAL,2026.1
2026,BAL,Offense,QB,QB,3,10,3,0,False,False,lc_aqua,55482,Joe Fagnano,joefagnano,"Fagnano, Joe CF26",08/31/2026 11:06PM ET,2026 Baltimore Ravens Depth Chart _ Ourlads.com.mhtml,https://www.ourlads.com/nfldepthcharts/pfdepthchart/BAL,2026.1
2026,BAL,Offense,RB,RB,1,11,1,0,True,False,,27296,DERRICK HENRY,derrickhenry,"HENRY, DERRICK U/Ten",08/31/2026 11:06PM ET,2026 Baltimore Ravens Depth Chart _ Ourlads.com.mhtml,https://www.ourlads.com/nfldepthcharts/pfdepthchart/BAL,2026.1
2026,BAL,Offense,RB,RB,2,11,2,0,False,False,,45232,Justice Hill,justicehill,"Hill, Justice 19/4",08/31/2026 11:06PM ET,2026 Baltimore Ravens Depth Chart _ Ourlads.com.mhtml,https://www.ourlads.com/nfldepthcharts/pfdepthchart/BAL,2026.1
2026,BAL,Offense,RB,RB,3,11,3,0,False,False,,53394,Rasheen Ali,rasheenali,"Ali, Rasheen 24/5",08/31/2026 11:06PM ET,2026 Baltimore Ravens Depth Chart _ Ourlads.com.mhtml,https://www.ourlads.com/nfldepthcharts/pfdepthchart/BAL,2026.1
2026,BAL,Offense,TE,TE,1,9,1,0,True,False,,33800,MARK ANDREWS,markandrews,"ANDREWS, MARK 18/3",08/31/2026 11:06PM ET,2026 Baltimore Ravens Depth Chart _ Ourlads.com.mhtml,https://www.ourlads.com/nfldepthcharts/pfdepthchart/BAL,2026.1
2026,BAL,Offense,TE,TE,2,9,2,0,False,False,lc_gold,33840,DURHAM SMYTHE,durhamsmythe,"SMYTHE, DURHAM U/Chi",08/31/2026 11:06PM ET,2026 Baltimore Ravens Depth Chart _ Ourlads.com.mhtml,https://www.ourlads.com/nfldepthcharts/pfdepthchart/BAL,2026.1
2026,BAL,Offense,TE,TE,3,9,3,0,False,False,lc_purple,55085,Matt Hibner,matthibner,"Hibner, Matt 26/4",08/31/2026 11:06PM ET,2026 Baltimore Ravens Depth Chart _ Ourlads.com.mhtml,https://www.ourlads.com/nfldepthcharts/pfdepthchart/BAL,2026.1
2026,BAL,Offense,TE,TE,4,9,4,0,False,False,lc_purple,55125,Josh Cuevas,joshcuevas,"Cuevas, Josh 26/5",08/31/2026 11:06PM ET,2026 Baltimore Ravens Depth Chart _ Ourlads.com.mhtml,https://www.ourlads.com/nfldepthcharts/pfdepthchart/BAL,2026.1
2026,BAL,Offense,LWR,WR,1,1,1,0,True,False,,43344,Rashod Bateman,rashodbateman,"Bateman, Rashod 21/1",08/31/2026 11:06PM ET,2026 Baltimore Ravens Depth Chart _ Ourlads.com.mhtml,https://www.ourlads.com/nfldepthcharts/pfdepthchart/BAL,2026.1
2026,BAL,Offense,LWR,WR,2,1,2,0,False,False,lc_purple,55067,Elijah Sarratt,elijahsarratt,"Sarratt, Elijah 26/4",08/31/2026 11:06PM ET,2026 Baltimore Ravens Depth Chart _ Ourlads.com.mhtml,https://www.ourlads.com/nfldepthcharts/pfdepthchart/BAL,2026.1
2026,BAL,Offense,RWR,WR,1,2,1,0,True,False,,53342,Devontez Walker,devontezwalker,"Walker, Devontez 24/4",08/31/2026 11:06PM ET,2026 Baltimore Ravens Depth Chart _ Ourlads.com.mhtml,https://www.ourlads.com/nfldepthcharts/pfdepthchart/BAL,2026.1
2026,BAL,Offense,RWR,WR,2,2,2,0,False,False,lc_purple,55032,Ja'Kobi Lane,jakobilane,"Lane, Ja'Kobi 26/3",08/31/2026 11:06PM ET,2026 Baltimore Ravens Depth Chart _ Ourlads.com.mhtml,https://www.ourlads.com/nfldepthcharts/pfdepthchart/BAL,2026.1
2026,BAL,Offense,SWR,WR,1,3,1,0,True,False,,50101,Zay Flowers,zayflowers,"Flowers, Zay 23/1",08/31/2026 11:06PM ET,2026 Baltimore Ravens Depth Chart _ Ourlads.com.mhtml,https://www.ourlads.com/nfldepthcharts/pfdepthchart/BAL,2026.1
2026,BAL,Offense,SWR,WR,2,3,2,0,False,False,,54350,LaJohntay Wester,lajohntaywester,"Wester, LaJohntay 25/6",08/31/2026 11:06PM ET,2026 Baltimore Ravens Depth Chart _ Ourlads.com.mhtml,https://www.ourlads.com/nfldepthcharts/pfdepthchart/BAL,2026.1
2026,BUF,Offense,QB,QB,1,10,1,0,True,False,,33720,JOSH ALLEN,joshallen,"ALLEN, JOSH 18/1",08/31/2026 11:31PM ET,2026 Buffalo Bills Depth Chart _ Ourlads.com.mhtml,https://www.ourlads.com/nfldepthcharts/pfdepthchart/BUF,2026.1
2026,BUF,Offense,QB,QB,2,10,2,0,False,False,lc_gold,49886,KYLE ALLEN,kyleallen,"ALLEN, KYLE U/Det",08/31/2026 11:31PM ET,2026 Buffalo Bills Depth Chart _ Ourlads.com.mhtml,https://www.ourlads.com/nfldepthcharts/pfdepthchart/BUF,2026.1
2026,BUF,Offense,RB,RB,1,11,1,0,True,False,,46892,James Cook III,jamescookiii,"Cook III, James 22/2",08/31/2026 11:31PM ET,2026 Buffalo Bills Depth Chart _ Ourlads.com.mhtml,https://www.ourlads.com/nfldepthcharts/pfdepthchart/BUF,2026.1
2026,BUF,Offense,RB,RB,2,11,2,0,False,False,,51687,Ty Johnson,tyjohnson,"Johnson, Ty SF23",08/31/2026 11:31PM ET,2026 Buffalo Bills Depth Chart _ Ourlads.com.mhtml,https://www.ourlads.com/nfldepthcharts/pfdepthchart/BUF,2026.1
2026,BUF,Offense,RB,RB,3,11,3,0,False,False,,53357,Ray Davis,raydavis,"Davis, Ray 24/4",08/31/2026 11:31PM ET,2026 Buffalo Bills Depth Chart _ Ourlads.com.mhtml,https://www.ourlads.com/nfldepthcharts/pfdepthchart/BUF,2026.1
2026,BUF,Offense,TE,TE,1,9,1,0,True,False,,50104,Dalton Kincaid,daltonkincaid,"Kincaid, Dalton 23/1",08/31/2026 11:31PM ET,2026 Buffalo Bills Depth Chart _ Ourlads.com.mhtml,https://www.ourlads.com/nfldepthcharts/pfdepthchart/BUF,2026.1
2026,BUF,Offense,TE,TE,2,9,2,0,False,False,,37068,Dawson Knox,dawsonknox,"Knox, Dawson 19/3",08/31/2026 11:31PM ET,2026 Buffalo Bills Depth Chart _ Ourlads.com.mhtml,https://www.ourlads.com/nfldepthcharts/pfdepthchart/BUF,2026.1
2026,BUF,Offense,TE,TE,3,9,3,0,False,False,,54320,Jackson Hawes,jacksonhawes,"Hawes, Jackson 25/5",08/31/2026 11:31PM ET,2026 Buffalo Bills Depth Chart _ Ourlads.com.mhtml,https://www.ourlads.com/nfldepthcharts/pfdepthchart/BUF,2026.1
2026,BUF,Offense,TE,TE,4,9,4,0,False,False,,54530,Keleki Latu,kelekilatu,"Latu, Keleki CF25",08/31/2026 11:31PM ET,2026 Buffalo Bills Depth Chart _ Ourlads.com.mhtml,https://www.ourlads.com/nfldepthcharts/pfdepthchart/BUF,2026.1
2026,BUF,Offense,LWR,WR,1,1,1,0,True,False,,53261,Keon Coleman,keoncoleman,"Coleman, Keon 24/2",08/31/2026 11:31PM ET,2026 Buffalo Bills Depth Chart _ Ourlads.com.mhtml,https://www.ourlads.com/nfldepthcharts/pfdepthchart/BUF,2026.1
2026,BUF,Offense,LWR,WR,2,1,2,0,False,False,,43395,Joshua Palmer,joshpalmer,"Palmer, Joshua U/LAC",08/31/2026 11:31PM ET,2026 Buffalo Bills Depth Chart _ Ourlads.com.mhtml,https://www.ourlads.com/nfldepthcharts/pfdepthchart/BUF,2026.1
2026,BUF,Offense,RWR,WR,1,2,1,0,True,False,lc_gold,49791,DJ Moore,djmoore,"Moore, DJ T/Chi",08/31/2026 11:31PM ET,2026 Buffalo Bills Depth Chart _ Ourlads.com.mhtml,https://www.ourlads.com/nfldepthcharts/pfdepthchart/BUF,2026.1
2026,BUF,Offense,SWR,WR,1,3,1,0,True,False,,46976,Khalil Shakir,khalilshakir,"Shakir, Khalil 22/5",08/31/2026 11:31PM ET,2026 Buffalo Bills Depth Chart _ Ourlads.com.mhtml,https://www.ourlads.com/nfldepthcharts/pfdepthchart/BUF,2026.1
2026,BUF,Offense,SWR,WR,2,3,2,0,False,False,lc_purple,55077,Skyler Bell,skylerbell,"Bell, Skyler 26/4",08/31/2026 11:31PM ET,2026 Buffalo Bills Depth Chart _ Ourlads.com.mhtml,https://www.ourlads.com/nfldepthcharts/pfdepthchart/BUF,2026.1
2026,CAR,Offense,QB,QB,1,10,1,0,True,False,,50080,Bryce Young,bryceyoung,"Young, Bryce 23/1",09/01/2026 6:07PM ET,2026 Carolina Panthers Depth Chart _ Ourlads.com.mhtml,https://www.ourlads.com/nfldepthcharts/pfdepthchart/CAR,2026.1
2026,CAR,Offense,QB,QB,2,10,2,0,False,False,lc_gold,46844,Kenny Pickett,kennypickett,"Pickett, Kenny U/LV",09/01/2026 6:07PM ET,2026 Carolina Panthers Depth Chart _ Ourlads.com.mhtml,https://www.ourlads.com/nfldepthcharts/pfdepthchart/CAR,2026.1
2026,CAR,Offense,QB,QB,3,10,3,0,False,False,lc_aqua,55230,Haynes King,haynesking,"King, Haynes CF26",09/01/2026 6:07PM ET,2026 Carolina Panthers Depth Chart _ Ourlads.com.mhtml,https://www.ourlads.com/nfldepthcharts/pfdepthchart/CAR,2026.1
2026,CAR,Offense,RB,RB,1,11,1,0,True,False,,43444,Chuba Hubbard,chubahubbard,"Hubbard, Chuba 21/4",09/01/2026 6:07PM ET,2026 Carolina Panthers Depth Chart _ Ourlads.com.mhtml,https://www.ourlads.com/nfldepthcharts/pfdepthchart/CAR,2026.1
2026,CAR,Offense,RB,RB,2,11,2,0,False,False,,53274,Jonathon Brooks,jonathonbrooks,"Brooks, Jonathon 24/2",09/01/2026 6:07PM ET,2026 Carolina Panthers Depth Chart _ Ourlads.com.mhtml,https://www.ourlads.com/nfldepthcharts/pfdepthchart/CAR,2026.1
2026,CAR,Offense,RB,RB,3,11,3,0,False,False,lc_gold,40302,AJ Dillon,ajdillon,"Dillon, AJ U/Phi",09/01/2026 6:07PM ET,2026 Carolina Panthers Depth Chart _ Ourlads.com.mhtml,https://www.ourlads.com/nfldepthcharts/pfdepthchart/CAR,2026.1
2026,CAR,Offense,TE,TE,1,9,1,0,True,False,,43401,Tommy Tremble,tommytremble,"Tremble, Tommy 21/3",09/01/2026 6:07PM ET,2026 Carolina Panthers Depth Chart _ Ourlads.com.mhtml,https://www.ourlads.com/nfldepthcharts/pfdepthchart/CAR,2026.1
2026,CAR,Offense,TE,TE,2,9,2,0,False,False,lc_gold,49848,DARREN WALLER,darrenwaller,"WALLER, DARREN U/Car",09/01/2026 6:07PM ET,2026 Carolina Panthers Depth Chart _ Ourlads.com.mhtml,https://www.ourlads.com/nfldepthcharts/pfdepthchart/CAR,2026.1
2026,CAR,Offense,TE,TE,3,9,3,0,False,False,,54310,Mitchell Evans,mitchellevans,"Evans, Mitchell 25/5",09/01/2026 6:07PM ET,2026 Carolina Panthers Depth Chart _ Ourlads.com.mhtml,https://www.ourlads.com/nfldepthcharts/pfdepthchart/CAR,2026.1
2026,CAR,Offense,TE,TE,4,9,4,0,False,False,,53330,Ja'Tavion Sanders,jatavionsanders,"Sanders, Ja'Tavion 24/4",09/01/2026 6:07PM ET,2026 Carolina Panthers Depth Chart _ Ourlads.com.mhtml,https://www.ourlads.com/nfldepthcharts/pfdepthchart/CAR,2026.1
2026,CAR,Offense,TE,TE,5,9,5,0,False,False,lc_gold,51224,Feleipe Franks,feleipefranks,"Franks, Feleipe U/Atl",09/01/2026 6:07PM ET,2026 Carolina Panthers Depth Chart _ Ourlads.com.mhtml,https://www.ourlads.com/nfldepthcharts/pfdepthchart/CAR,2026.1
2026,CAR,Offense,LWR,WR,1,1,1,0,True,False,,54155,Tetairoa McMillan,tetairoamcmillan,"McMillan, Tetairoa 25/1",09/01/2026 6:07PM ET,2026 Carolina Panthers Depth Chart _ Ourlads.com.mhtml,https://www.ourlads.com/nfldepthcharts/pfdepthchart/CAR,2026.1
2026,CAR,Offense,LWR,WR,2,1,2,0,False,False,lc_gold,46871,John Metchie III,johnmetchieiii,"Metchie III, John U/NYJ",09/01/2026 6:07PM ET,2026 Carolina Panthers Depth Chart _ Ourlads.com.mhtml,https://www.ourlads.com/nfldepthcharts/pfdepthchart/CAR,2026.1
2026,CAR,Offense,RWR,WR,1,2,1,0,True,False,,53260,Xavier Legette,xavierlegette,"Legette, Xavier 24/1",09/01/2026 6:07PM ET,2026 Carolina Panthers Depth Chart _ Ourlads.com.mhtml,https://www.ourlads.com/nfldepthcharts/pfdepthchart/CAR,2026.1
2026,CAR,Offense,RWR,WR,2,2,2,0,False,False,,53082,Brycen Tremayne,brycentremayne,"Tremayne, Brycen SF25",09/01/2026 6:07PM ET,2026 Carolina Panthers Depth Chart _ Ourlads.com.mhtml,https://www.ourlads.com/nfldepthcharts/pfdepthchart/CAR,2026.1
2026,CAR,Offense,SWR,WR,1,3,1,0,True,False,,53559,Jalen Coker,jalencoker,"Coker, Jalen CF24",09/01/2026 6:07PM ET,2026 Carolina Panthers Depth Chart _ Ourlads.com.mhtml,https://www.ourlads.com/nfldepthcharts/pfdepthchart/CAR,2026.1
2026,CAR,Offense,SWR,WR,2,3,2,0,False,False,,54355,Jimmy Horn Jr.,jimmyhornjr,"Horn Jr., Jimmy 25/6",09/01/2026 6:07PM ET,2026 Carolina Panthers Depth Chart _ Ourlads.com.mhtml,https://www.ourlads.com/nfldepthcharts/pfdepthchart/CAR,2026.1
2026,CHI,Offense,QB,QB,1,10,1,0,True,False,,53229,Caleb Williams,calebwilliams,"Williams, Caleb 24/1",09/01/2026 6:12PM ET,2026 Chicago Bears Depth Chart _ Ourlads.com.mhtml,https://www.ourlads.com/nfldepthcharts/pfdepthchart/CHI,2026.1
2026,CHI,Offense,QB,QB,2,10,2,0,False,False,,50420,Tyson Bagent,tysonbagent,"Bagent, Tyson CF23",09/01/2026 6:12PM ET,2026 Chicago Bears Depth Chart _ Ourlads.com.mhtml,https://www.ourlads.com/nfldepthcharts/pfdepthchart/CHI,2026.1
2026,CHI,Offense,QB,QB,3,10,3,0,False,False,,49811,CASE KEENUM,casekeenum,"KEENUM, CASE U/Hou",09/01/2026 6:12PM ET,2026 Chicago Bears Depth Chart _ Ourlads.com.mhtml,https://www.ourlads.com/nfldepthcharts/pfdepthchart/CHI,2026.1
2026,CHI,Offense,RB,RB,1,11,1,0,True,False,,50207,D'Andre Swift,dandreswift,"Swift, D'Andre U/Phi",09/01/2026 6:12PM ET,2026 Chicago Bears Depth Chart _ Ourlads.com.mhtml,https://www.ourlads.com/nfldepthcharts/pfdepthchart/CHI,2026.1
2026,CHI,Offense,RB,RB,2,11,2,0,False,True,lc_red,54380,Kyle Monangai,kylemonangai,"Monangai, Kyle 25/7",09/01/2026 6:12PM ET,2026 Chicago Bears Depth Chart _ Ourlads.com.mhtml,https://www.ourlads.com/nfldepthcharts/pfdepthchart/CHI,2026.1
2026,CHI,Offense,RB,RB,3,11,3,0,False,False,,50194,Roschon Johnson,roschonjohnson,"Johnson, Roschon 23/4",09/01/2026 6:12PM ET,2026 Chicago Bears Depth Chart _ Ourlads.com.mhtml,https://www.ourlads.com/nfldepthcharts/pfdepthchart/CHI,2026.1
2026,CHI,Offense,TE,TE,1,9,1,0,True,False,,54157,Colston Loveland,colstonloveland,"Loveland, Colston 25/1",09/01/2026 6:12PM ET,2026 Chicago Bears Depth Chart _ Ourlads.com.mhtml,https://www.ourlads.com/nfldepthcharts/pfdepthchart/CHI,2026.1
2026,CHI,Offense,TE,TE,2,9,2,0,False,False,,40283,Cole Kmet,colekmet,"Kmet, Cole 20/2",09/01/2026 6:12PM ET,2026 Chicago Bears Depth Chart _ Ourlads.com.mhtml,https://www.ourlads.com/nfldepthcharts/pfdepthchart/CHI,2026.1
2026,CHI,Offense,TE,TE,3,9,3,0,False,False,lc_purple,55021,Sam Roush,samroush,"Roush, Sam 26/3",09/01/2026 6:12PM ET,2026 Chicago Bears Depth Chart _ Ourlads.com.mhtml,https://www.ourlads.com/nfldepthcharts/pfdepthchart/CHI,2026.1
2026,CHI,Offense,LWR,WR,1,1,1,0,True,False,,53237,Rome Odunze,romeodunze,"Odunze, Rome 24/1",09/01/2026 6:12PM ET,2026 Chicago Bears Depth Chart _ Ourlads.com.mhtml,https://www.ourlads.com/nfldepthcharts/pfdepthchart/CHI,2026.1
2026,CHI,Offense,LWR,WR,2,1,2,0,False,False,,54601,Jahdae Walker,jahdaewalker,"Walker, Jahdae CF25",09/01/2026 6:12PM ET,2026 Chicago Bears Depth Chart _ Ourlads.com.mhtml,https://www.ourlads.com/nfldepthcharts/pfdepthchart/CHI,2026.1
2026,CHI,Offense,RWR,WR,1,2,1,0,True,False,,54186,Luther Burden III,lutherburdeniii,"Burden III, Luther 25/2",09/01/2026 6:12PM ET,2026 Chicago Bears Depth Chart _ Ourlads.com.mhtml,https://www.ourlads.com/nfldepthcharts/pfdepthchart/CHI,2026.1
2026,CHI,Offense,SWR,WR,1,3,1,0,True,False,lc_gold,43198,KALIF RAYMOND,kalifraymond,"RAYMOND, KALIF U/Det",09/01/2026 6:12PM ET,2026 Chicago Bears Depth Chart _ Ourlads.com.mhtml,https://www.ourlads.com/nfldepthcharts/pfdepthchart/CHI,2026.1
2026,CHI,Offense,SWR,WR,2,3,2,0,False,False,lc_purple,55041,Zavion Thomas,zavionthomas,"Thomas, Zavion 26/3",09/01/2026 6:12PM ET,2026 Chicago Bears Depth Chart _ Ourlads.com.mhtml,https://www.ourlads.com/nfldepthcharts/pfdepthchart/CHI,2026.1
2026,CIN,Offense,QB,QB,1,10,1,0,True,False,,40241,Joe Burrow,joeburrow,"Burrow, Joe 20/1",09/01/2026 6:16PM ET,2026 Cincinnati Bengals Depth Chart _ Ourlads.com.mhtml,https://www.ourlads.com/nfldepthcharts/pfdepthchart/CIN,2026.1
2026,CIN,Offense,QB,QB,2,10,2,0,False,False,,52702,JOE FLACCO,joeflacco,"FLACCO, JOE T/Cle",09/01/2026 6:16PM ET,2026 Cincinnati Bengals Depth Chart _ Ourlads.com.mhtml,https://www.ourlads.com/nfldepthcharts/pfdepthchart/CIN,2026.1
2026,CIN,Offense,RB,RB,1,11,1,0,True,False,,50245,Chase Brown,chasebrown,"Brown, Chase 23/5",09/01/2026 6:16PM ET,2026 Cincinnati Bengals Depth Chart _ Ourlads.com.mhtml,https://www.ourlads.com/nfldepthcharts/pfdepthchart/CIN,2026.1
2026,CIN,Offense,RB,RB,2,11,2,0,False,False,,49857,SAMAJE PERINE,samajeperine,"PERINE, SAMAJE U/KC",09/01/2026 6:16PM ET,2026 Cincinnati Bengals Depth Chart _ Ourlads.com.mhtml,https://www.ourlads.com/nfldepthcharts/pfdepthchart/CIN,2026.1
2026,CIN,Offense,RB,RB,3,11,3,0,False,False,,54340,Tahj Brooks,tahjbrooks,"Brooks, Tahj 25/6",09/01/2026 6:16PM ET,2026 Cincinnati Bengals Depth Chart _ Ourlads.com.mhtml,https://www.ourlads.com/nfldepthcharts/pfdepthchart/CIN,2026.1
2026,CIN,Offense,TE,TE,1,9,1,0,True,False,,37024,DREW SAMPLE,drewsample,"SAMPLE, DREW 19/2",09/01/2026 6:16PM ET,2026 Cincinnati Bengals Depth Chart _ Ourlads.com.mhtml,https://www.ourlads.com/nfldepthcharts/pfdepthchart/CIN,2026.1
2026,CIN,Offense,TE,TE,2,9,2,0,False,False,,49914,MIKE GESICKI,mikegesicki,"GESICKI, MIKE U/NE",09/01/2026 6:16PM ET,2026 Cincinnati Bengals Depth Chart _ Ourlads.com.mhtml,https://www.ourlads.com/nfldepthcharts/pfdepthchart/CIN,2026.1
2026,CIN,Offense,TE,TE,3,9,3,0,False,False,,53344,Erick All Jr.,erickalljr,"All Jr., Erick 24/4",09/01/2026 6:16PM ET,2026 Cincinnati Bengals Depth Chart _ Ourlads.com.mhtml,https://www.ourlads.com/nfldepthcharts/pfdepthchart/CIN,2026.1
2026,CIN,Offense,TE,TE,4,9,4,0,False,False,lc_purple,55173,Jack Endries,jackendries,"Endries, Jack 26/7",09/01/2026 6:16PM ET,2026 Cincinnati Bengals Depth Chart _ Ourlads.com.mhtml,https://www.ourlads.com/nfldepthcharts/pfdepthchart/CIN,2026.1
2026,CIN,Offense,LWR,WR,1,1,1,0,True,False,,43322,Ja'Marr Chase,jamarrchase,"Chase, Ja'Marr 21/1",09/01/2026 6:16PM ET,2026 Cincinnati Bengals Depth Chart _ Ourlads.com.mhtml,https://www.ourlads.com/nfldepthcharts/pfdepthchart/CIN,2026.1
2026,CIN,Offense,LWR,WR,2,1,2,0,False,False,lc_gold,54948,Dohnte Meyers,dohntemeyers,"Meyers, Dohnte SF26",09/01/2026 6:16PM ET,2026 Cincinnati Bengals Depth Chart _ Ourlads.com.mhtml,https://www.ourlads.com/nfldepthcharts/pfdepthchart/CIN,2026.1
2026,CIN,Offense,RWR,WR,1,2,1,0,True,False,,40273,Tee Higgins,teehiggins,"Higgins, Tee 20/2",09/01/2026 6:16PM ET,2026 Cincinnati Bengals Depth Chart _ Ourlads.com.mhtml,https://www.ourlads.com/nfldepthcharts/pfdepthchart/CIN,2026.1
2026,CIN,Offense,RWR,WR,2,2,2,0,False,False,lc_purple,55092,Colbie Young,colbieyoung,"Young, Colbie 26/4",09/01/2026 6:16PM ET,2026 Cincinnati Bengals Depth Chart _ Ourlads.com.mhtml,https://www.ourlads.com/nfldepthcharts/pfdepthchart/CIN,2026.1
2026,CIN,Offense,SWR,WR,1,3,1,0,True,False,,50272,Andrei Iosivas,andreiiosivas,"Iosivas, Andrei 23/6",09/01/2026 6:16PM ET,2026 Cincinnati Bengals Depth Chart _ Ourlads.com.mhtml,https://www.ourlads.com/nfldepthcharts/pfdepthchart/CIN,2026.1
2026,CIN,Offense,SWR,WR,2,3,2,0,False,False,,54496,Ke'Shawn Williams,keshawnwilliams,"Williams, Ke'Shawn W/Pit",09/01/2026 6:16PM ET,2026 Cincinnati Bengals Depth Chart _ Ourlads.com.mhtml,https://www.ourlads.com/nfldepthcharts/pfdepthchart/CIN,2026.1
2026,CLE,Offense,FB,FB,1,12,1,0,True,False,lc_gold,49864,MICHAEL BURTON,michaelburton,"BURTON, MICHAEL U/Den",09/01/2026 6:30PM ET,2026 Cleveland Browns Depth Chart _ Ourlads.com.mhtml,https://www.ourlads.com/nfldepthcharts/pfdepthchart/CLE,2026.1
2026,CLE,Offense,QB,QB,1,10,1,0,True,False,,46596,DESHAUN WATSON,deshaunwatson,"WATSON, DESHAUN T/Hou",09/01/2026 6:30PM ET,2026 Cleveland Browns Depth Chart _ Ourlads.com.mhtml,https://www.ourlads.com/nfldepthcharts/pfdepthchart/CLE,2026.1
2026,CLE,Offense,QB,QB,2,10,2,0,False,False,,54291,Shedeur Sanders,shedeursanders,"Sanders, Shedeur 25/5",09/01/2026 6:30PM ET,2026 Cleveland Browns Depth Chart _ Ourlads.com.mhtml,https://www.ourlads.com/nfldepthcharts/pfdepthchart/CLE,2026.1
2026,CLE,Offense,QB,QB,3,10,3,0,False,False,lc_purple,55134,Taylen Green,taylengreen,"Green, Taylen 26/6",09/01/2026 6:30PM ET,2026 Cleveland Browns Depth Chart _ Ourlads.com.mhtml,https://www.ourlads.com/nfldepthcharts/pfdepthchart/CLE,2026.1
2026,CLE,Offense,RB,RB,1,11,1,0,True,False,,54183,Quinshon Judkins,quinshonjudkins,"Judkins, Quinshon 25/2",09/01/2026 6:30PM ET,2026 Cleveland Browns Depth Chart _ Ourlads.com.mhtml,https://www.ourlads.com/nfldepthcharts/pfdepthchart/CLE,2026.1
2026,CLE,Offense,RB,RB,2,11,2,0,False,False,,54273,Dylan Sampson,dylansampson,"Sampson, Dylan 25/4",09/01/2026 6:30PM ET,2026 Cleveland Browns Depth Chart _ Ourlads.com.mhtml,https://www.ourlads.com/nfldepthcharts/pfdepthchart/CLE,2026.1
2026,CLE,Offense,RB,RB,3,11,3,0,False,False,,54457,Raheim Sanders,raheimsanders,"Sanders, Raheim W/LAC",09/01/2026 6:30PM ET,2026 Cleveland Browns Depth Chart _ Ourlads.com.mhtml,https://www.ourlads.com/nfldepthcharts/pfdepthchart/CLE,2026.1
2026,CLE,Offense,TE,TE,1,9,1,0,True,False,,54214,Harold Fannin Jr.,haroldfanninjr,"Fannin Jr., Harold 25/3",09/01/2026 6:30PM ET,2026 Cleveland Browns Depth Chart _ Ourlads.com.mhtml,https://www.ourlads.com/nfldepthcharts/pfdepthchart/CLE,2026.1
2026,CLE,Offense,TE,TE,2,9,2,0,False,False,,52134,Blake Whiteheart,blakewhiteheart,"Whiteheart, Blake SF24",09/01/2026 6:30PM ET,2026 Cleveland Browns Depth Chart _ Ourlads.com.mhtml,https://www.ourlads.com/nfldepthcharts/pfdepthchart/CLE,2026.1
2026,CLE,Offense,TE,TE,3,9,3,0,False,False,lc_purple,55200,Carsen Ryan,carsenryan,"Ryan, Carsen 26/7",09/01/2026 6:30PM ET,2026 Cleveland Browns Depth Chart _ Ourlads.com.mhtml,https://www.ourlads.com/nfldepthcharts/pfdepthchart/CLE,2026.1
2026,CLE,Offense,LWR,WR,1,1,1,0,True,False,lc_purple,54991,Denzel Boston,denzelboston,"Boston, Denzel 26/2",09/01/2026 6:30PM ET,2026 Cleveland Browns Depth Chart _ Ourlads.com.mhtml,https://www.ourlads.com/nfldepthcharts/pfdepthchart/CLE,2026.1
2026,CLE,Offense,LWR,WR,2,1,2,0,False,False,,54931,Isaiah Bond,isaiahbond,"Bond, Isaiah CF25",09/01/2026 6:30PM ET,2026 Cleveland Browns Depth Chart _ Ourlads.com.mhtml,https://www.ourlads.com/nfldepthcharts/pfdepthchart/CLE,2026.1
2026,CLE,Offense,RWR,WR,1,2,1,0,True,False,,40255,Jerry Jeudy,jerryjeudy,"Jeudy, Jerry T/Den",09/01/2026 6:30PM ET,2026 Cleveland Browns Depth Chart _ Ourlads.com.mhtml,https://www.ourlads.com/nfldepthcharts/pfdepthchart/CLE,2026.1
2026,CLE,Offense,RWR,WR,2,2,2,0,False,False,lc_gold,43449,Tylan Wallace,tylanwallace,"Wallace, Tylan U/Bal",09/01/2026 6:30PM ET,2026 Cleveland Browns Depth Chart _ Ourlads.com.mhtml,https://www.ourlads.com/nfldepthcharts/pfdepthchart/CLE,2026.1
2026,CLE,Offense,SWR,WR,1,3,1,0,True,False,lc_purple,54976,KC Concepcion,kcconcepcion,"Concepcion, KC 26/1",09/01/2026 6:30PM ET,2026 Cleveland Browns Depth Chart _ Ourlads.com.mhtml,https://www.ourlads.com/nfldepthcharts/pfdepthchart/CLE,2026.1
2026,CLE,Offense,SWR,WR,2,3,2,0,False,False,,53293,Malachi Corley,malachicorley,"Corley, Malachi SF25",09/01/2026 6:30PM ET,2026 Cleveland Browns Depth Chart _ Ourlads.com.mhtml,https://www.ourlads.com/nfldepthcharts/pfdepthchart/CLE,2026.1
2026,DAL,Offense,FB,FB,1,12,1,0,True,False,,50454,Hunter Luepke,hunterluepke,"Luepke, Hunter CF23",09/01/2026 6:35PM ET,2026 Dallas Cowboys Depth Chart _ Ourlads.com.mhtml,https://www.ourlads.com/nfldepthcharts/pfdepthchart/DAL,2026.1
2026,DAL,Offense,QB,QB,1,10,1,0,True,False,,27386,DAK PRESCOTT,dakprescott,"PRESCOTT, DAK 16/4",09/01/2026 6:35PM ET,2026 Dallas Cowboys Depth Chart _ Ourlads.com.mhtml,https://www.ourlads.com/nfldepthcharts/pfdepthchart/DAL,2026.1
2026,DAL,Offense,QB,QB,2,10,2,0,False,False,lc_gold,46971,Sam Howell,samhowell,"Howell, Sam U/Phi",09/01/2026 6:35PM ET,2026 Dallas Cowboys Depth Chart _ Ourlads.com.mhtml,https://www.ourlads.com/nfldepthcharts/pfdepthchart/DAL,2026.1
2026,DAL,Offense,RB,RB,1,11,1,0,True,False,,43353,Javonte Williams,javontewilliams,"Williams, Javonte U/Den",09/01/2026 6:35PM ET,2026 Dallas Cowboys Depth Chart _ Ourlads.com.mhtml,https://www.ourlads.com/nfldepthcharts/pfdepthchart/DAL,2026.1
2026,DAL,Offense,RB,RB,2,11,2,0,False,False,,53065,Malik Davis,malikdavis,"Davis, Malik CF22",09/01/2026 6:35PM ET,2026 Dallas Cowboys Depth Chart _ Ourlads.com.mhtml,https://www.ourlads.com/nfldepthcharts/pfdepthchart/DAL,2026.1
2026,DAL,Offense,RB,RB,3,11,3,0,False,False,lc_gold,50377,Emari Demercado,emaridemercado,"Demercado, Emari W/KC",09/01/2026 6:35PM ET,2026 Dallas Cowboys Depth Chart _ Ourlads.com.mhtml,https://www.ourlads.com/nfldepthcharts/pfdepthchart/DAL,2026.1
2026,DAL,Offense,TE,TE,1,9,1,0,True,False,,46956,Jake Ferguson,jakeferguson,"Ferguson, Jake 22/4",09/01/2026 6:35PM ET,2026 Dallas Cowboys Depth Chart _ Ourlads.com.mhtml,https://www.ourlads.com/nfldepthcharts/pfdepthchart/DAL,2026.1
2026,DAL,Offense,TE,TE,2,9,2,0,False,False,,53594,Brevyn Spann-Ford,brevynspannford,"Spann-Ford, Brevyn CF24",09/01/2026 6:35PM ET,2026 Dallas Cowboys Depth Chart _ Ourlads.com.mhtml,https://www.ourlads.com/nfldepthcharts/pfdepthchart/DAL,2026.1
2026,DAL,Offense,TE,TE,3,9,3,0,False,False,,50137,Luke Schoonmaker,lukeschoonmaker,"Schoonmaker, Luke 23/2",09/01/2026 6:35PM ET,2026 Dallas Cowboys Depth Chart _ Ourlads.com.mhtml,https://www.ourlads.com/nfldepthcharts/pfdepthchart/DAL,2026.1
2026,DAL,Offense,LWR,WR,1,1,1,0,True,False,,46879,George Pickens,georgepickens,"Pickens, George T/Pit",09/01/2026 6:35PM ET,2026 Dallas Cowboys Depth Chart _ Ourlads.com.mhtml,https://www.ourlads.com/nfldepthcharts/pfdepthchart/DAL,2026.1
2026,DAL,Offense,LWR,WR,2,1,2,0,False,False,lc_aqua,55374,Camden Brown,camdenbrown,"Brown, Camden CF26",09/01/2026 6:35PM ET,2026 Dallas Cowboys Depth Chart _ Ourlads.com.mhtml,https://www.ourlads.com/nfldepthcharts/pfdepthchart/DAL,2026.1
2026,DAL,Offense,RWR,WR,1,2,1,0,True,False,,40257,CeeDee Lamb,ceedeelamb,"Lamb, CeeDee 20/1",09/01/2026 6:35PM ET,2026 Dallas Cowboys Depth Chart _ Ourlads.com.mhtml,https://www.ourlads.com/nfldepthcharts/pfdepthchart/DAL,2026.1
2026,DAL,Offense,RWR,WR,2,2,2,0,False,False,,50118,Jonathan Mingo,jonathanmingo,"Mingo, Jonathan T/Car",09/01/2026 6:35PM ET,2026 Dallas Cowboys Depth Chart _ Ourlads.com.mhtml,https://www.ourlads.com/nfldepthcharts/pfdepthchart/DAL,2026.1
2026,DAL,Offense,SWR,WR,1,3,1,0,True,False,,53445,Ryan Flournoy,ryanflournoy,"Flournoy, Ryan 24/6",09/01/2026 6:35PM ET,2026 Dallas Cowboys Depth Chart _ Ourlads.com.mhtml,https://www.ourlads.com/nfldepthcharts/pfdepthchart/DAL,2026.1
2026,DAL,Offense,SWR,WR,2,3,2,0,False,False,,47870,KAVONTAE TURPIN,kavontaeturpin,"TURPIN, KAVONTAE SF22",09/01/2026 6:35PM ET,2026 Dallas Cowboys Depth Chart _ Ourlads.com.mhtml,https://www.ourlads.com/nfldepthcharts/pfdepthchart/DAL,2026.1
2026,DEN,Offense,QB,QB,1,10,1,0,True,False,,53241,Bo Nix,bonix,"Nix, Bo 24/1",09/01/2026 12:03AM ET,2026 Denver Broncos Depth Chart _ Ourlads.com.mhtml,https://www.ourlads.com/nfldepthcharts/pfdepthchart/DEN,2026.1
2026,DEN,Offense,QB,QB,2,10,2,0,False,False,,49800,JARRETT STIDHAM,jarrettstidham,"STIDHAM, JARRETT U/LV",09/01/2026 12:03AM ET,2026 Denver Broncos Depth Chart _ Ourlads.com.mhtml,https://www.ourlads.com/nfldepthcharts/pfdepthchart/DEN,2026.1
2026,DEN,Offense,QB,QB,3,10,3,0,False,False,,43536,Sam Ehlinger,samehlinger,"Ehlinger, Sam U/Ind",09/01/2026 12:03AM ET,2026 Denver Broncos Depth Chart _ Ourlads.com.mhtml,https://www.ourlads.com/nfldepthcharts/pfdepthchart/DEN,2026.1
2026,DEN,Offense,RB,RB,1,11,1,0,True,False,,40295,J.K. Dobbins,jkdobbins,"Dobbins, J.K. U/LAC",09/01/2026 12:03AM ET,2026 Denver Broncos Depth Chart _ Ourlads.com.mhtml,https://www.ourlads.com/nfldepthcharts/pfdepthchart/DEN,2026.1
2026,DEN,Offense,RB,RB,2,11,2,0,False,False,,54207,RJ Harvey,rjharvey,"Harvey, RJ 25/2",09/01/2026 12:03AM ET,2026 Denver Broncos Depth Chart _ Ourlads.com.mhtml,https://www.ourlads.com/nfldepthcharts/pfdepthchart/DEN,2026.1
2026,DEN,Offense,RB,RB,3,11,3,0,False,False,lc_purple,55060,Jonah Coleman,jonahcoleman,"Coleman, Jonah 26/4",09/01/2026 12:03AM ET,2026 Denver Broncos Depth Chart _ Ourlads.com.mhtml,https://www.ourlads.com/nfldepthcharts/pfdepthchart/DEN,2026.1
2026,DEN,Offense,RB,RB,4,11,4,0,False,False,,51705,Tyler Badie,tylerbadie,"Badie, Tyler P/Bal",09/01/2026 12:03AM ET,2026 Denver Broncos Depth Chart _ Ourlads.com.mhtml,https://www.ourlads.com/nfldepthcharts/pfdepthchart/DEN,2026.1
2026,DEN,Offense,TE,TE,1,9,1,0,True,False,,50237,Adam Trautman,adamtrautman,"Trautman, Adam T/NO",09/01/2026 12:03AM ET,2026 Denver Broncos Depth Chart _ Ourlads.com.mhtml,https://www.ourlads.com/nfldepthcharts/pfdepthchart/DEN,2026.1
2026,DEN,Offense,TE,TE,2,9,2,0,False,False,,46487,EVAN ENGRAM,evanengram,"ENGRAM, EVAN CC/Jax",09/01/2026 12:03AM ET,2026 Denver Broncos Depth Chart _ Ourlads.com.mhtml,https://www.ourlads.com/nfldepthcharts/pfdepthchart/DEN,2026.1
2026,DEN,Offense,TE,TE,3,9,3,0,False,False,,50690,Nate Adkins,nateadkins,"Adkins, Nate CF23",09/01/2026 12:03AM ET,2026 Denver Broncos Depth Chart _ Ourlads.com.mhtml,https://www.ourlads.com/nfldepthcharts/pfdepthchart/DEN,2026.1
2026,DEN,Offense,TE,TE,4,9,4,0,False,False,lc_purple,55208,Dallen Bentley,dallenbentley,"Bentley, Dallen 26/7",09/01/2026 12:03AM ET,2026 Denver Broncos Depth Chart _ Ourlads.com.mhtml,https://www.ourlads.com/nfldepthcharts/pfdepthchart/DEN,2026.1
2026,DEN,Offense,LWR,WR,1,1,1,0,True,False,,33754,COURTLAND SUTTON,courtlandsutton,"SUTTON, COURTLAND 18/2",09/01/2026 12:03AM ET,2026 Denver Broncos Depth Chart _ Ourlads.com.mhtml,https://www.ourlads.com/nfldepthcharts/pfdepthchart/DEN,2026.1
2026,DEN,Offense,LWR,WR,2,1,2,0,False,False,,52480,Lil'Jordan Humphrey,liljordanhumphrey,"Humphrey, Lil'Jordan P/NYG",09/01/2026 12:03AM ET,2026 Denver Broncos Depth Chart _ Ourlads.com.mhtml,https://www.ourlads.com/nfldepthcharts/pfdepthchart/DEN,2026.1
2026,DEN,Offense,RWR,WR,1,2,1,0,True,False,lc_gold,43323,Jaylen Waddle,jaylenwaddle,"Waddle, Jaylen T/Mia",09/01/2026 12:03AM ET,2026 Denver Broncos Depth Chart _ Ourlads.com.mhtml,https://www.ourlads.com/nfldepthcharts/pfdepthchart/DEN,2026.1
2026,DEN,Offense,RWR,WR,2,2,2,0,False,False,,50142,Marvin Mims Jr.,marvinmimsjr,"Mims Jr., Marvin 23/2",09/01/2026 12:03AM ET,2026 Denver Broncos Depth Chart _ Ourlads.com.mhtml,https://www.ourlads.com/nfldepthcharts/pfdepthchart/DEN,2026.1
2026,DEN,Offense,SWR,WR,1,3,1,0,True,False,,54221,Pat Bryant,patbryant,"Bryant, Pat 25/3",09/01/2026 12:03AM ET,2026 Denver Broncos Depth Chart _ Ourlads.com.mhtml,https://www.ourlads.com/nfldepthcharts/pfdepthchart/DEN,2026.1
2026,DEN,Offense,SWR,WR,2,3,2,0,False,False,,53331,Troy Franklin,troyfranklin,"Franklin, Troy 24/4",09/01/2026 12:03AM ET,2026 Denver Broncos Depth Chart _ Ourlads.com.mhtml,https://www.ourlads.com/nfldepthcharts/pfdepthchart/DEN,2026.1
2026,DET,Offense,QB,QB,1,10,1,0,True,False,,42922,JARED GOFF,jaredgoff,"GOFF, JARED T/LAR",09/01/2026 6:17PM ET,2026 Detroit Lions Depth Chart _ Ourlads.com.mhtml,https://www.ourlads.com/nfldepthcharts/pfdepthchart/DET,2026.1
2026,DET,Offense,QB,QB,2,10,2,0,False,False,lc_gold,52557,JOSHUA DOBBS,joshuadobbs,"DOBBS, JOSHUA CC/NE",09/01/2026 6:17PM ET,2026 Detroit Lions Depth Chart _ Ourlads.com.mhtml,https://www.ourlads.com/nfldepthcharts/pfdepthchart/DET,2026.1
2026,DET,Offense,RB,RB,1,11,1,0,True,False,,50091,Jahmyr Gibbs,jahmyrgibbs,"Gibbs, Jahmyr 23/1",09/01/2026 6:17PM ET,2026 Detroit Lions Depth Chart _ Ourlads.com.mhtml,https://www.ourlads.com/nfldepthcharts/pfdepthchart/DET,2026.1
2026,DET,Offense,RB,RB,2,11,2,0,False,False,,53980,Jacob Saylors,jacobsaylors,"Saylors, Jacob SF25",09/01/2026 6:17PM ET,2026 Detroit Lions Depth Chart _ Ourlads.com.mhtml,https://www.ourlads.com/nfldepthcharts/pfdepthchart/DET,2026.1
2026,DET,Offense,RB,RB,3,11,3,0,False,False,,53361,Sione Vaki,sionevaki,"Vaki, Sione 24/4",09/01/2026 6:17PM ET,2026 Detroit Lions Depth Chart _ Ourlads.com.mhtml,https://www.ourlads.com/nfldepthcharts/pfdepthchart/DET,2026.1
2026,DET,Offense,RB,RB,4,11,4,0,False,False,,53716,Jabari Small,jabarismall,"Small, Jabari SF25",09/01/2026 6:17PM ET,2026 Detroit Lions Depth Chart _ Ourlads.com.mhtml,https://www.ourlads.com/nfldepthcharts/pfdepthchart/DET,2026.1
2026,DET,Offense,TE,TE,1,9,1,0,True,False,,50113,Sam LaPorta,samlaporta,"LaPorta, Sam 23/2",09/01/2026 6:17PM ET,2026 Detroit Lions Depth Chart _ Ourlads.com.mhtml,https://www.ourlads.com/nfldepthcharts/pfdepthchart/DET,2026.1
2026,DET,Offense,TE,TE,2,9,2,0,False,False,,44751,Brock Wright,brockwright,"Wright, Brock CF21",09/01/2026 6:17PM ET,2026 Detroit Lions Depth Chart _ Ourlads.com.mhtml,https://www.ourlads.com/nfldepthcharts/pfdepthchart/DET,2026.1
2026,DET,Offense,TE,TE,3,9,3,0,False,False,lc_gold,46567,TYLER CONKLIN,tylerconklin,"CONKLIN, TYLER U/LAC",09/01/2026 6:17PM ET,2026 Detroit Lions Depth Chart _ Ourlads.com.mhtml,https://www.ourlads.com/nfldepthcharts/pfdepthchart/DET,2026.1
2026,DET,Offense,TE,TE,4,9,4,0,False,False,,54435,Jackson Meeks,jacksonmeeks,"Meeks, Jackson CF25",09/01/2026 6:17PM ET,2026 Detroit Lions Depth Chart _ Ourlads.com.mhtml,https://www.ourlads.com/nfldepthcharts/pfdepthchart/DET,2026.1
2026,DET,Offense,LWR,WR,1,1,1,0,True,False,,54217,Isaac TeSlaa,isaacteslaa,"TeSlaa, Isaac 25/3",09/01/2026 6:17PM ET,2026 Detroit Lions Depth Chart _ Ourlads.com.mhtml,https://www.ourlads.com/nfldepthcharts/pfdepthchart/DET,2026.1
2026,DET,Offense,LWR,WR,2,1,2,0,False,False,lc_gold,53162,Tay Martin,taymartin,"Martin, Tay SF26",09/01/2026 6:17PM ET,2026 Detroit Lions Depth Chart _ Ourlads.com.mhtml,https://www.ourlads.com/nfldepthcharts/pfdepthchart/DET,2026.1
2026,DET,Offense,RWR,WR,1,2,1,0,True,False,,46837,Jameson Williams,jamesonwilliams,"Williams, Jameson 22/1",09/01/2026 6:17PM ET,2026 Detroit Lions Depth Chart _ Ourlads.com.mhtml,https://www.ourlads.com/nfldepthcharts/pfdepthchart/DET,2026.1
2026,DET,Offense,SWR,WR,1,3,1,0,True,False,,43430,Amon-Ra St. Brown,amonrastbrown,"St. Brown, Amon-Ra 21/4",09/01/2026 6:17PM ET,2026 Detroit Lions Depth Chart _ Ourlads.com.mhtml,https://www.ourlads.com/nfldepthcharts/pfdepthchart/DET,2026.1
2026,GB,Offense,QB,QB,1,10,1,0,True,False,,40265,Jordan Love,jordanlove,"Love, Jordan 20/1",09/01/2026 2:41PM ET,2026 Green Bay Packers Depth Chart _ Ourlads.com.mhtml,https://www.ourlads.com/nfldepthcharts/pfdepthchart/GB,2026.1
2026,GB,Offense,QB,QB,2,10,2,0,False,False,lc_gold,46531,TYROD TAYLOR,tyrodtaylor,"TAYLOR, TYROD U/NYJ",09/01/2026 2:41PM ET,2026 Green Bay Packers Depth Chart _ Ourlads.com.mhtml,https://www.ourlads.com/nfldepthcharts/pfdepthchart/GB,2026.1
2026,GB,Offense,RB,RB,1,11,1,0,True,False,,53316,MarShawn Lloyd,marshawnlloyd,"Lloyd, MarShawn 24/3",09/01/2026 2:41PM ET,2026 Green Bay Packers Depth Chart _ Ourlads.com.mhtml,https://www.ourlads.com/nfldepthcharts/pfdepthchart/GB,2026.1
2026,GB,Offense,RB,RB,2,11,2,0,False,False,,50562,Chris Brooks,chrisbrooks,"Brooks, Chris SF24",09/01/2026 2:41PM ET,2026 Green Bay Packers Depth Chart _ Ourlads.com.mhtml,https://www.ourlads.com/nfldepthcharts/pfdepthchart/GB,2026.1
2026,GB,Offense,RB,RB,3,11,3,0,False,False,lc_gold,54229,Kaleb Johnson,kalebjohnson,"Johnson, Kaleb T/Pit",09/01/2026 2:41PM ET,2026 Green Bay Packers Depth Chart _ Ourlads.com.mhtml,https://www.ourlads.com/nfldepthcharts/pfdepthchart/GB,2026.1
2026,GB,Offense,TE,TE,1,9,1,0,True,False,,50157,Tucker Kraft,tuckerkraft,"Kraft, Tucker 23/3",09/01/2026 2:41PM ET,2026 Green Bay Packers Depth Chart _ Ourlads.com.mhtml,https://www.ourlads.com/nfldepthcharts/pfdepthchart/GB,2026.1
2026,GB,Offense,TE,TE,2,9,2,0,False,False,lc_gold,49795,JONNU SMITH,jonnusmith,"SMITH, JONNU CC/Pit",09/01/2026 2:41PM ET,2026 Green Bay Packers Depth Chart _ Ourlads.com.mhtml,https://www.ourlads.com/nfldepthcharts/pfdepthchart/GB,2026.1
2026,GB,Offense,TE,TE,3,9,3,0,False,False,,50228,Josh Whyle,joshwhyle,"Whyle, Josh SF25",09/01/2026 2:41PM ET,2026 Green Bay Packers Depth Chart _ Ourlads.com.mhtml,https://www.ourlads.com/nfldepthcharts/pfdepthchart/GB,2026.1
2026,GB,Offense,TE,TE,4,9,4,0,False,False,lc_gold,54676,Mark Redman,markredman,"Redman, Mark T/LAR",09/01/2026 2:41PM ET,2026 Green Bay Packers Depth Chart _ Ourlads.com.mhtml,https://www.ourlads.com/nfldepthcharts/pfdepthchart/GB,2026.1
2026,GB,Offense,LWR,WR,1,1,1,0,True,False,,54170,Matthew Golden,matthewgolden,"Golden, Matthew 25/1",09/01/2026 2:41PM ET,2026 Green Bay Packers Depth Chart _ Ourlads.com.mhtml,https://www.ourlads.com/nfldepthcharts/pfdepthchart/GB,2026.1
2026,GB,Offense,LWR,WR,2,1,2,0,False,False,,52779,Bo Melton,bomelton,"Melton, Bo P/Sea",09/01/2026 2:41PM ET,2026 Green Bay Packers Depth Chart _ Ourlads.com.mhtml,https://www.ourlads.com/nfldepthcharts/pfdepthchart/GB,2026.1
2026,GB,Offense,RWR,WR,1,2,1,0,True,False,,46860,Christian Watson,christianwatson,"Watson, Christian 22/2",09/01/2026 2:41PM ET,2026 Green Bay Packers Depth Chart _ Ourlads.com.mhtml,https://www.ourlads.com/nfldepthcharts/pfdepthchart/GB,2026.1
2026,GB,Offense,RWR,WR,2,2,2,0,False,False,lc_aqua,55413,J. Michael Sturdivant,jmichaelsturdivant,"Sturdivant, J. Michael CF26",09/01/2026 2:41PM ET,2026 Green Bay Packers Depth Chart _ Ourlads.com.mhtml,https://www.ourlads.com/nfldepthcharts/pfdepthchart/GB,2026.1
2026,GB,Offense,SWR,WR,1,3,1,0,True,False,,50129,Jayden Reed,jaydenreed,"Reed, Jayden 23/2",09/01/2026 2:41PM ET,2026 Green Bay Packers Depth Chart _ Ourlads.com.mhtml,https://www.ourlads.com/nfldepthcharts/pfdepthchart/GB,2026.1
2026,GB,Offense,SWR,WR,2,3,2,0,False,False,lc_gold,46881,Skyy Moore,skyymoore,"Moore, Skyy U/SF",09/01/2026 2:41PM ET,2026 Green Bay Packers Depth Chart _ Ourlads.com.mhtml,https://www.ourlads.com/nfldepthcharts/pfdepthchart/GB,2026.1
2026,HOU,Offense,FB,FB,1,12,1,0,True,False,,53791,British Brooks,britishbrooks,"Brooks, British CF24",09/01/2026 5:53PM ET,2026 Houston Texans Depth Chart _ Ourlads.com.mhtml,https://www.ourlads.com/nfldepthcharts/pfdepthchart/HOU,2026.1
2026,HOU,Offense,QB,QB,1,10,1,0,True,False,,50081,C.J. Stroud,cjstroud,"Stroud, C.J. 23/1",09/01/2026 5:53PM ET,2026 Houston Texans Depth Chart _ Ourlads.com.mhtml,https://www.ourlads.com/nfldepthcharts/pfdepthchart/HOU,2026.1
2026,HOU,Offense,QB,QB,2,10,2,0,False,False,,43385,Davis Mills,davismills,"Mills, Davis 21/3",09/01/2026 5:53PM ET,2026 Houston Texans Depth Chart _ Ourlads.com.mhtml,https://www.ourlads.com/nfldepthcharts/pfdepthchart/HOU,2026.1
2026,HOU,Offense,RB,RB,1,11,1,0,True,False,lc_gold,49863,David Montgomery,davidmontgomery,"Montgomery, David T/Det",09/01/2026 5:53PM ET,2026 Houston Texans Depth Chart _ Ourlads.com.mhtml,https://www.ourlads.com/nfldepthcharts/pfdepthchart/HOU,2026.1
2026,HOU,Offense,RB,RB,2,11,2,0,False,False,,54263,Woody Marks,woodymarks,"Marks, Woody 25/4",09/01/2026 5:53PM ET,2026 Houston Texans Depth Chart _ Ourlads.com.mhtml,https://www.ourlads.com/nfldepthcharts/pfdepthchart/HOU,2026.1
2026,HOU,Offense,TE,TE,1,9,1,0,True,False,,49953,DALTON SCHULTZ,daltonschultz,"SCHULTZ, DALTON U/Dal",09/01/2026 5:53PM ET,2026 Houston Texans Depth Chart _ Ourlads.com.mhtml,https://www.ourlads.com/nfldepthcharts/pfdepthchart/HOU,2026.1
2026,HOU,Offense,TE,TE,2,9,2,0,False,False,lc_gold,50844,Foster Moreau,fostermoreau,"Moreau, Foster U/NO",09/01/2026 5:53PM ET,2026 Houston Texans Depth Chart _ Ourlads.com.mhtml,https://www.ourlads.com/nfldepthcharts/pfdepthchart/HOU,2026.1
2026,HOU,Offense,TE,TE,3,9,3,0,False,False,lc_purple,55011,Marlin Klein,marlinklein,"Klein, Marlin 26/2",09/01/2026 5:53PM ET,2026 Houston Texans Depth Chart _ Ourlads.com.mhtml,https://www.ourlads.com/nfldepthcharts/pfdepthchart/HOU,2026.1
2026,HOU,Offense,TE,TE,4,9,4,0,False,False,,53352,Cade Stover,cadestover,"Stover, Cade 24/4",09/01/2026 5:53PM ET,2026 Houston Texans Depth Chart _ Ourlads.com.mhtml,https://www.ourlads.com/nfldepthcharts/pfdepthchart/HOU,2026.1
2026,HOU,Offense,TE,TE,5,9,5,0,False,False,,43465,Brevin Jordan,brevinjordan,"Jordan, Brevin 21/5",09/01/2026 5:53PM ET,2026 Houston Texans Depth Chart _ Ourlads.com.mhtml,https://www.ourlads.com/nfldepthcharts/pfdepthchart/HOU,2026.1
2026,HOU,Offense,LWR,WR,1,1,1,0,True,False,,43407,Nico Collins,nicocollins,"Collins, Nico 21/3",09/01/2026 5:53PM ET,2026 Houston Texans Depth Chart _ Ourlads.com.mhtml,https://www.ourlads.com/nfldepthcharts/pfdepthchart/HOU,2026.1
2026,HOU,Offense,LWR,WR,2,1,2,0,False,False,,50287,Xavier Hutchinson,xavierhutchinson,"Hutchinson, Xavier 23/6",09/01/2026 5:53PM ET,2026 Houston Texans Depth Chart _ Ourlads.com.mhtml,https://www.ourlads.com/nfldepthcharts/pfdepthchart/HOU,2026.1
2026,HOU,Offense,RWR,WR,1,2,1,0,True,False,lc_gold,50324,Kayshon Boutte,kayshonboutte,"Boutte, Kayshon T/NE",09/01/2026 5:53PM ET,2026 Houston Texans Depth Chart _ Ourlads.com.mhtml,https://www.ourlads.com/nfldepthcharts/pfdepthchart/HOU,2026.1
2026,HOU,Offense,RWR,WR,2,2,2,0,False,False,,52810,Jared Wayne,jaredwayne,"Wayne, Jared CF23",09/01/2026 5:53PM ET,2026 Houston Texans Depth Chart _ Ourlads.com.mhtml,https://www.ourlads.com/nfldepthcharts/pfdepthchart/HOU,2026.1
2026,HOU,Offense,SWR,WR,1,3,1,0,True,False,,54226,Jaylin Noel,jaylinnoel,"Noel, Jaylin 25/3",09/01/2026 5:53PM ET,2026 Houston Texans Depth Chart _ Ourlads.com.mhtml,https://www.ourlads.com/nfldepthcharts/pfdepthchart/HOU,2026.1
2026,IND,Offense,QB,QB,1,10,1,0,True,False,,36977,Daniel Jones,danieljones,"Jones, Daniel U/Min",09/01/2026 6:00PM ET,2026 Indianapolis Colts Depth Chart _ Ourlads.com.mhtml,https://www.ourlads.com/nfldepthcharts/pfdepthchart/IND,2026.1
2026,IND,Offense,QB,QB,2,10,2,0,False,False,,54336,Riley Leonard,rileyleonard,"Leonard, Riley 25/6",09/01/2026 6:00PM ET,2026 Indianapolis Colts Depth Chart _ Ourlads.com.mhtml,https://www.ourlads.com/nfldepthcharts/pfdepthchart/IND,2026.1
2026,IND,Offense,QB,QB,3,10,3,0,False,False,,50083,Anthony Richardson Sr.,anthonyrichardsonsr,"Richardson Sr., Anthony 23/1",09/01/2026 6:00PM ET,2026 Indianapolis Colts Depth Chart _ Ourlads.com.mhtml,https://www.ourlads.com/nfldepthcharts/pfdepthchart/IND,2026.1
2026,IND,Offense,RB,RB,1,11,1,0,True,False,,40281,Jonathan Taylor,jonathantaylor,"Taylor, Jonathan 20/2",09/01/2026 6:00PM ET,2026 Indianapolis Colts Depth Chart _ Ourlads.com.mhtml,https://www.ourlads.com/nfldepthcharts/pfdepthchart/IND,2026.1
2026,IND,Offense,RB,RB,2,11,2,0,False,False,lc_purple,55189,Seth McGowan,sethmcgowan,"McGowan, Seth 26/7",09/01/2026 6:00PM ET,2026 Indianapolis Colts Depth Chart _ Ourlads.com.mhtml,https://www.ourlads.com/nfldepthcharts/pfdepthchart/IND,2026.1
2026,IND,Offense,RB,RB,3,11,3,0,False,False,,54298,DJ Giddens,djgiddens,"Giddens, DJ 25/5",09/01/2026 6:00PM ET,2026 Indianapolis Colts Depth Chart _ Ourlads.com.mhtml,https://www.ourlads.com/nfldepthcharts/pfdepthchart/IND,2026.1
2026,IND,Offense,TE,TE,1,9,1,0,True,False,,54161,Tyler Warren,tylerwarren,"Warren, Tyler 25/1",09/01/2026 6:00PM ET,2026 Indianapolis Colts Depth Chart _ Ourlads.com.mhtml,https://www.ourlads.com/nfldepthcharts/pfdepthchart/IND,2026.1
2026,IND,Offense,TE,TE,2,9,2,0,False,False,,35874,MO ALIE-COX,moaliecox,"ALIE-COX, MO SF17",09/01/2026 6:00PM ET,2026 Indianapolis Colts Depth Chart _ Ourlads.com.mhtml,https://www.ourlads.com/nfldepthcharts/pfdepthchart/IND,2026.1
2026,IND,Offense,TE,TE,3,9,3,0,False,False,,47020,Drew Ogletree,drewogletree,"Ogletree, Drew 22/6",09/01/2026 6:00PM ET,2026 Indianapolis Colts Depth Chart _ Ourlads.com.mhtml,https://www.ourlads.com/nfldepthcharts/pfdepthchart/IND,2026.1
2026,IND,Offense,LWR,WR,1,1,1,0,True,False,,46880,Alec Pierce,alecpierce,"Pierce, Alec 22/2",09/01/2026 6:00PM ET,2026 Indianapolis Colts Depth Chart _ Ourlads.com.mhtml,https://www.ourlads.com/nfldepthcharts/pfdepthchart/IND,2026.1
2026,IND,Offense,LWR,WR,2,1,2,0,False,False,,54001,LAQUON TREADWELL,laquontreadwell,"TREADWELL, LAQUON SF24",09/01/2026 6:00PM ET,2026 Indianapolis Colts Depth Chart _ Ourlads.com.mhtml,https://www.ourlads.com/nfldepthcharts/pfdepthchart/IND,2026.1
2026,IND,Offense,RWR,WR,1,2,1,0,True,False,lc_gold,17936,KEENAN ALLEN,keenanallen,"ALLEN, KEENAN U/LAC",09/01/2026 6:00PM ET,2026 Indianapolis Colts Depth Chart _ Ourlads.com.mhtml,https://www.ourlads.com/nfldepthcharts/pfdepthchart/IND,2026.1
2026,IND,Offense,RWR,WR,2,2,2,0,False,False,,38657,Ashton Dulin,ashtondulin,"Dulin, Ashton CF19",09/01/2026 6:00PM ET,2026 Indianapolis Colts Depth Chart _ Ourlads.com.mhtml,https://www.ourlads.com/nfldepthcharts/pfdepthchart/IND,2026.1
2026,IND,Offense,SWR,WR,1,3,1,0,True,False,,50158,Josh Downs,joshdowns,"Downs, Josh 23/3",09/01/2026 6:00PM ET,2026 Indianapolis Colts Depth Chart _ Ourlads.com.mhtml,https://www.ourlads.com/nfldepthcharts/pfdepthchart/IND,2026.1
2026,IND,Offense,SWR,WR,2,3,2,0,False,False,lc_purple,55205,Deion Burks,deionburks,"Burks, Deion 26/7",09/01/2026 6:00PM ET,2026 Indianapolis Colts Depth Chart _ Ourlads.com.mhtml,https://www.ourlads.com/nfldepthcharts/pfdepthchart/IND,2026.1
2026,JAX,Offense,QB,QB,1,10,1,0,True,False,,43318,Trevor Lawrence,trevorlawrence,"Lawrence, Trevor 21/1",09/01/2026 2:54PM ET,2026 Jacksonville Jaguars Depth Chart _ Ourlads.com.mhtml,https://www.ourlads.com/nfldepthcharts/pfdepthchart/JAX,2026.1
2026,JAX,Offense,QB,QB,2,10,2,0,False,False,lc_gold,54378,Quinn Ewers,quinnewers,"Ewers, Quinn T/Mia",09/01/2026 2:54PM ET,2026 Jacksonville Jaguars Depth Chart _ Ourlads.com.mhtml,https://www.ourlads.com/nfldepthcharts/pfdepthchart/JAX,2026.1
2026,JAX,Offense,RB,RB,1,11,1,0,True,False,,54251,Bhayshul Tuten,bhayshultuten,"Tuten, Bhayshul 25/4",09/01/2026 2:54PM ET,2026 Jacksonville Jaguars Depth Chart _ Ourlads.com.mhtml,https://www.ourlads.com/nfldepthcharts/pfdepthchart/JAX,2026.1
2026,JAX,Offense,RB,RB,2,11,2,0,False,False,lc_gold,50351,Chris Rodriguez Jr.,chrisrodriguezjr,"Rodriguez Jr., Chris U/Was",09/01/2026 2:54PM ET,2026 Jacksonville Jaguars Depth Chart _ Ourlads.com.mhtml,https://www.ourlads.com/nfldepthcharts/pfdepthchart/JAX,2026.1
2026,JAX,Offense,RB,RB,3,11,3,0,False,False,,54383,LeQuint Allen Jr.,lequintallenjr,"Allen Jr., LeQuint 25/7",09/01/2026 2:54PM ET,2026 Jacksonville Jaguars Depth Chart _ Ourlads.com.mhtml,https://www.ourlads.com/nfldepthcharts/pfdepthchart/JAX,2026.1
2026,JAX,Offense,RB,RB,4,11,4,0,False,False,lc_gold,46601,AMEER ABDULLAH,ameerabdullah,"ABDULLAH, AMEER U/Ind",09/01/2026 2:54PM ET,2026 Jacksonville Jaguars Depth Chart _ Ourlads.com.mhtml,https://www.ourlads.com/nfldepthcharts/pfdepthchart/JAX,2026.1
2026,JAX,Offense,TE,TE,1,9,1,0,True,False,,50140,Brenton Strange,brentonstrange,"Strange, Brenton 23/2",09/01/2026 2:54PM ET,2026 Jacksonville Jaguars Depth Chart _ Ourlads.com.mhtml,https://www.ourlads.com/nfldepthcharts/pfdepthchart/JAX,2026.1
2026,JAX,Offense,TE,TE,2,9,2,0,False,False,lc_purple,55008,Nate Boerkircher,nateboerkircher,"Boerkircher, Nate 26/2",09/01/2026 2:54PM ET,2026 Jacksonville Jaguars Depth Chart _ Ourlads.com.mhtml,https://www.ourlads.com/nfldepthcharts/pfdepthchart/JAX,2026.1
2026,JAX,Offense,TE,TE,3,9,3,0,False,False,lc_purple,55116,Tanner Koziol,tannerkoziol,"Koziol, Tanner 26/5",09/01/2026 2:54PM ET,2026 Jacksonville Jaguars Depth Chart _ Ourlads.com.mhtml,https://www.ourlads.com/nfldepthcharts/pfdepthchart/JAX,2026.1
2026,JAX,Offense,TE,TE,4,9,4,0,False,False,,44653,Quintin Morris,quintinmorris,"Morris, Quintin U/Buf",09/01/2026 2:54PM ET,2026 Jacksonville Jaguars Depth Chart _ Ourlads.com.mhtml,https://www.ourlads.com/nfldepthcharts/pfdepthchart/JAX,2026.1
2026,JAX,Offense,LWR,WR,1,1,1,0,True,False,,53252,Brian Thomas Jr.,brianthomasjr,"Thomas Jr., Brian 24/1",09/01/2026 2:54PM ET,2026 Jacksonville Jaguars Depth Chart _ Ourlads.com.mhtml,https://www.ourlads.com/nfldepthcharts/pfdepthchart/JAX,2026.1
2026,JAX,Offense,LWR,WR,2,1,2,0,False,False,lc_purple,55143,Josh Cameron,joshcameron,"Cameron, Josh 26/6",09/01/2026 2:54PM ET,2026 Jacksonville Jaguars Depth Chart _ Ourlads.com.mhtml,https://www.ourlads.com/nfldepthcharts/pfdepthchart/JAX,2026.1
2026,JAX,Offense,RWR,WR,1,2,1,0,True,False,,49845,Jakobi Meyers,jakobimeyers,"Meyers, Jakobi T/LV",09/01/2026 2:54PM ET,2026 Jacksonville Jaguars Depth Chart _ Ourlads.com.mhtml,https://www.ourlads.com/nfldepthcharts/pfdepthchart/JAX,2026.1
2026,JAX,Offense,RWR,WR,2,2,2,0,False,False,lc_purple,55155,CJ Williams,cjwilliams,"Williams, CJ 26/6",09/01/2026 2:54PM ET,2026 Jacksonville Jaguars Depth Chart _ Ourlads.com.mhtml,https://www.ourlads.com/nfldepthcharts/pfdepthchart/JAX,2026.1
2026,JAX,Offense,SWR,WR,1,3,1,0,True,False,,50292,Parker Washington,parkerwashington,"Washington, Parker 23/6",09/01/2026 2:54PM ET,2026 Jacksonville Jaguars Depth Chart _ Ourlads.com.mhtml,https://www.ourlads.com/nfldepthcharts/pfdepthchart/JAX,2026.1
2026,JAX,Offense,SWR,WR,2,3,2,0,False,False,,54149,Travis Hunter,travishunter,"Hunter, Travis 25/1",09/01/2026 2:54PM ET,2026 Jacksonville Jaguars Depth Chart _ Ourlads.com.mhtml,https://www.ourlads.com/nfldepthcharts/pfdepthchart/JAX,2026.1
2026,KC,Offense,QB,QB,1,10,1,0,True,False,,30414,PATRICK MAHOMES,patrickmahomes,"MAHOMES, PATRICK 17/1",09/01/2026 2:13PM ET,2026 Kansas City Chiefs Depth Chart _ Ourlads.com.mhtml,https://www.ourlads.com/nfldepthcharts/pfdepthchart/KC,2026.1
2026,KC,Offense,QB,QB,2,10,2,0,False,False,lc_gold,43328,Justin Fields,justinfields,"Fields, Justin T/NYJ",09/01/2026 2:13PM ET,2026 Kansas City Chiefs Depth Chart _ Ourlads.com.mhtml,https://www.ourlads.com/nfldepthcharts/pfdepthchart/KC,2026.1
2026,KC,Offense,QB,QB,3,10,3,0,False,False,lc_purple,55201,Garrett Nussmeier,garrettnussmeier,"Nussmeier, Garrett 26/7",09/01/2026 2:13PM ET,2026 Kansas City Chiefs Depth Chart _ Ourlads.com.mhtml,https://www.ourlads.com/nfldepthcharts/pfdepthchart/KC,2026.1
2026,KC,Offense,RB,RB,1,11,1,0,True,False,lc_gold,46868,Kenneth Walker,kennethwalker,"Walker, Kenneth U/Sea",09/01/2026 2:13PM ET,2026 Kansas City Chiefs Depth Chart _ Ourlads.com.mhtml,https://www.ourlads.com/nfldepthcharts/pfdepthchart/KC,2026.1
2026,KC,Offense,RB,RB,2,11,2,0,False,False,lc_purple,55113,Emmett Johnson,emmettjohnson,"Johnson, Emmett 26/5",09/01/2026 2:13PM ET,2026 Kansas City Chiefs Depth Chart _ Ourlads.com.mhtml,https://www.ourlads.com/nfldepthcharts/pfdepthchart/KC,2026.1
2026,KC,Offense,RB,RB,3,11,3,0,False,False,,54375,Brashard Smith,brashardsmith,"Smith, Brashard 25/7",09/01/2026 2:13PM ET,2026 Kansas City Chiefs Depth Chart _ Ourlads.com.mhtml,https://www.ourlads.com/nfldepthcharts/pfdepthchart/KC,2026.1
2026,KC,Offense,TE,TE,1,9,1,0,True,False,,17923,TRAVIS KELCE,traviskelce,"KELCE, TRAVIS 13/3",09/01/2026 2:13PM ET,2026 Kansas City Chiefs Depth Chart _ Ourlads.com.mhtml,https://www.ourlads.com/nfldepthcharts/pfdepthchart/KC,2026.1
2026,KC,Offense,TE,TE,2,9,2,0,False,False,,43480,Noah Gray,noahgray,"Gray, Noah 21/5",09/01/2026 2:13PM ET,2026 Kansas City Chiefs Depth Chart _ Ourlads.com.mhtml,https://www.ourlads.com/nfldepthcharts/pfdepthchart/KC,2026.1
2026,KC,Offense,TE,TE,3,9,3,0,False,False,,53360,Jared Wiley,jaredwiley,"Wiley, Jared 24/4",09/01/2026 2:13PM ET,2026 Kansas City Chiefs Depth Chart _ Ourlads.com.mhtml,https://www.ourlads.com/nfldepthcharts/pfdepthchart/KC,2026.1
2026,KC,Offense,TE,TE,4,9,4,0,False,False,,54533,Jake Briningstool,jakebriningstool,"Briningstool, Jake CF25",09/01/2026 2:13PM ET,2026 Kansas City Chiefs Depth Chart _ Ourlads.com.mhtml,https://www.ourlads.com/nfldepthcharts/pfdepthchart/KC,2026.1
2026,KC,Offense,LWR,WR,1,1,1,0,True,False,,46877,Tyquan Thornton,tyquanthornton,"Thornton, Tyquan SF24",09/01/2026 2:13PM ET,2026 Kansas City Chiefs Depth Chart _ Ourlads.com.mhtml,https://www.ourlads.com/nfldepthcharts/pfdepthchart/KC,2026.1
2026,KC,Offense,LWR,WR,2,1,2,0,False,False,,54280,Jalen Royals,jalenroyals,"Royals, Jalen 25/4",09/01/2026 2:13PM ET,2026 Kansas City Chiefs Depth Chart _ Ourlads.com.mhtml,https://www.ourlads.com/nfldepthcharts/pfdepthchart/KC,2026.1
2026,KC,Offense,RWR,WR,1,2,1,0,True,False,,53256,Xavier Worthy,xavierworthy,"Worthy, Xavier 24/1",09/01/2026 2:13PM ET,2026 Kansas City Chiefs Depth Chart _ Ourlads.com.mhtml,https://www.ourlads.com/nfldepthcharts/pfdepthchart/KC,2026.1
2026,KC,Offense,RWR,WR,2,2,2,0,False,False,lc_purple,55128,Cyrus Allen,cyrusallen,"Allen, Cyrus 26/5",09/01/2026 2:13PM ET,2026 Kansas City Chiefs Depth Chart _ Ourlads.com.mhtml,https://www.ourlads.com/nfldepthcharts/pfdepthchart/KC,2026.1
2026,KC,Offense,SWR,WR,1,3,1,0,True,False,,50134,Rashee Rice,rasheerice,"Rice, Rashee 23/2",09/01/2026 2:13PM ET,2026 Kansas City Chiefs Depth Chart _ Ourlads.com.mhtml,https://www.ourlads.com/nfldepthcharts/pfdepthchart/KC,2026.1
2026,KC,Offense,SWR,WR,2,3,2,0,False,False,,51546,Nikko Remigio,nikkoremigio,"Remigio, Nikko CF23",09/01/2026 2:13PM ET,2026 Kansas City Chiefs Depth Chart _ Ourlads.com.mhtml,https://www.ourlads.com/nfldepthcharts/pfdepthchart/KC,2026.1
2026,LA,Offense,QB,QB,1,10,1,0,True,False,,42921,MATTHEW STAFFORD,matthewstafford,"STAFFORD, MATTHEW T/Det",09/01/2026 2:14PM ET,2026 Los Angeles Rams Depth Chart _ Ourlads.com.mhtml,https://www.ourlads.com/nfldepthcharts/pfdepthchart/LAR,2026.1
2026,LA,Offense,QB,QB,2,10,2,0,False,False,,50208,Stetson Bennett IV,stetsonbennettiv,"Bennett IV, Stetson 23/4",09/01/2026 2:14PM ET,2026 Los Angeles Rams Depth Chart _ Ourlads.com.mhtml,https://www.ourlads.com/nfldepthcharts/pfdepthchart/LAR,2026.1
2026,LA,Offense,QB,QB,3,10,3,0,False,False,lc_purple,54965,Ty Simpson,tysimpson,"Simpson, Ty 26/1",09/01/2026 2:14PM ET,2026 Los Angeles Rams Depth Chart _ Ourlads.com.mhtml,https://www.ourlads.com/nfldepthcharts/pfdepthchart/LAR,2026.1
2026,LA,Offense,RB,RB,1,11,1,0,True,False,,46992,Kyren Williams,kyrenwilliams,"Williams, Kyren 22/5",09/01/2026 2:14PM ET,2026 Los Angeles Rams Depth Chart _ Ourlads.com.mhtml,https://www.ourlads.com/nfldepthcharts/pfdepthchart/LAR,2026.1
2026,LA,Offense,RB,RB,2,11,2,0,False,False,,53311,Blake Corum,blakecorum,"Corum, Blake 24/3",09/01/2026 2:14PM ET,2026 Los Angeles Rams Depth Chart _ Ourlads.com.mhtml,https://www.ourlads.com/nfldepthcharts/pfdepthchart/LAR,2026.1
2026,LA,Offense,RB,RB,3,11,3,0,False,False,,48853,Ronnie Rivers,ronnierivers,"Rivers, Ronnie SF22",09/01/2026 2:14PM ET,2026 Los Angeles Rams Depth Chart _ Ourlads.com.mhtml,https://www.ourlads.com/nfldepthcharts/pfdepthchart/LAR,2026.1
2026,LA,Offense,TE,TE,1,9,1,0,True,False,,40372,Colby Parkinson,colbyparkinson,"Parkinson, Colby U/Sea",09/01/2026 2:14PM ET,2026 Los Angeles Rams Depth Chart _ Ourlads.com.mhtml,https://www.ourlads.com/nfldepthcharts/pfdepthchart/LAR,2026.1
2026,LA,Offense,TE,TE,2,9,2,0,False,False,,27361,TYLER HIGBEE,tylerhigbee,"HIGBEE, TYLER 16/4",09/01/2026 2:14PM ET,2026 Los Angeles Rams Depth Chart _ Ourlads.com.mhtml,https://www.ourlads.com/nfldepthcharts/pfdepthchart/LAR,2026.1
2026,LA,Offense,TE,TE,3,9,3,0,False,False,,54193,Terrance Ferguson,terranceferguson,"Ferguson, Terrance 25/2",09/01/2026 2:14PM ET,2026 Los Angeles Rams Depth Chart _ Ourlads.com.mhtml,https://www.ourlads.com/nfldepthcharts/pfdepthchart/LAR,2026.1
2026,LA,Offense,TE,TE,4,9,4,0,False,False,,50257,Davis Allen,davisallen,"Allen, Davis 23/5",09/01/2026 2:14PM ET,2026 Los Angeles Rams Depth Chart _ Ourlads.com.mhtml,https://www.ourlads.com/nfldepthcharts/pfdepthchart/LAR,2026.1
2026,LA,Offense,TE,TE,5,9,5,0,False,False,lc_purple,55013,Max Klare,maxklare,"Klare, Max 26/2",09/01/2026 2:14PM ET,2026 Los Angeles Rams Depth Chart _ Ourlads.com.mhtml,https://www.ourlads.com/nfldepthcharts/pfdepthchart/LAR,2026.1
2026,LA,Offense,LWR,WR,1,1,1,0,True,False,,46590,DAVANTE ADAMS,davanteadams,"ADAMS, DAVANTE CC/NYJ",09/01/2026 2:14PM ET,2026 Los Angeles Rams Depth Chart _ Ourlads.com.mhtml,https://www.ourlads.com/nfldepthcharts/pfdepthchart/LAR,2026.1
2026,LA,Offense,LWR,WR,2,1,2,0,False,False,,54389,Konata Mumpfield,konatamumpfield,"Mumpfield, Konata 25/7",09/01/2026 2:14PM ET,2026 Los Angeles Rams Depth Chart _ Ourlads.com.mhtml,https://www.ourlads.com/nfldepthcharts/pfdepthchart/LAR,2026.1
2026,LA,Offense,RWR,WR,1,2,1,0,True,False,,50259,Puka Nacua,pukanacua,"Nacua, Puka 23/5",09/01/2026 2:14PM ET,2026 Los Angeles Rams Depth Chart _ Ourlads.com.mhtml,https://www.ourlads.com/nfldepthcharts/pfdepthchart/LAR,2026.1
2026,LA,Offense,RWR,WR,2,2,2,0,False,False,lc_gold,43375,Tutu Atwell,tutuatwell,"Atwell, Tutu T/Mia",09/01/2026 2:14PM ET,2026 Los Angeles Rams Depth Chart _ Ourlads.com.mhtml,https://www.ourlads.com/nfldepthcharts/pfdepthchart/LAR,2026.1
2026,LA,Offense,RWR,WR,3,2,3,0,False,False,lc_purple,55149,CJ Daniels,cjdaniels,"Daniels, CJ 26/6",09/01/2026 2:14PM ET,2026 Los Angeles Rams Depth Chart _ Ourlads.com.mhtml,https://www.ourlads.com/nfldepthcharts/pfdepthchart/LAR,2026.1
2026,LA,Offense,SWR,WR,1,3,1,0,True,False,,53442,Jordan Whittington,jordanwhittington,"Whittington, Jordan 24/6",09/01/2026 2:14PM ET,2026 Los Angeles Rams Depth Chart _ Ourlads.com.mhtml,https://www.ourlads.com/nfldepthcharts/pfdepthchart/LAR,2026.1
2026,LA,Offense,SWR,WR,2,3,2,0,False,False,,53055,Xavier Smith,xaviersmith,"Smith, Xavier CF23",09/01/2026 2:14PM ET,2026 Los Angeles Rams Depth Chart _ Ourlads.com.mhtml,https://www.ourlads.com/nfldepthcharts/pfdepthchart/LAR,2026.1
2026,LAC,Offense,FB,FB,1,12,1,0,True,False,lc_gold,46559,ALEC INGOLD,alecingold,"INGOLD, ALEC CC/Mia",09/01/2026 12:35PM ET,2026 Los Angeles Chargers Depth Chart _ Ourlads.com.mhtml,https://www.ourlads.com/nfldepthcharts/pfdepthchart/LAC,2026.1
2026,LAC,Offense,QB,QB,1,10,1,0,True,False,,40246,Justin Herbert,justinherbert,"Herbert, Justin 20/1",09/01/2026 12:35PM ET,2026 Los Angeles Chargers Depth Chart _ Ourlads.com.mhtml,https://www.ourlads.com/nfldepthcharts/pfdepthchart/LAC,2026.1
2026,LAC,Offense,QB,QB,2,10,2,0,False,False,,51470,Trey Lance,treylance,"Lance, Trey U/Dal",09/01/2026 12:35PM ET,2026 Los Angeles Chargers Depth Chart _ Ourlads.com.mhtml,https://www.ourlads.com/nfldepthcharts/pfdepthchart/LAC,2026.1
2026,LAC,Offense,RB,RB,1,11,1,0,True,False,,54169,Omarion Hampton,omarionhampton,"Hampton, Omarion 25/1",09/01/2026 12:35PM ET,2026 Los Angeles Chargers Depth Chart _ Ourlads.com.mhtml,https://www.ourlads.com/nfldepthcharts/pfdepthchart/LAC,2026.1
2026,LAC,Offense,RB,RB,2,11,2,0,False,False,lc_gold,50393,Keaton Mitchell,keatonmitchell,"Mitchell, Keaton U/Bal",09/01/2026 12:35PM ET,2026 Los Angeles Chargers Depth Chart _ Ourlads.com.mhtml,https://www.ourlads.com/nfldepthcharts/pfdepthchart/LAC,2026.1
2026,LAC,Offense,RB,RB,3,11,3,0,False,False,,53410,Kimani Vidal,kimanividal,"Vidal, Kimani 24/6",09/01/2026 12:35PM ET,2026 Los Angeles Chargers Depth Chart _ Ourlads.com.mhtml,https://www.ourlads.com/nfldepthcharts/pfdepthchart/LAC,2026.1
2026,LAC,Offense,TE,TE,1,9,1,0,True,False,lc_gold,46955,Charlie Kolar,charliekolar,"Kolar, Charlie U/Bal",09/01/2026 12:35PM ET,2026 Los Angeles Chargers Depth Chart _ Ourlads.com.mhtml,https://www.ourlads.com/nfldepthcharts/pfdepthchart/LAC,2026.1
2026,LAC,Offense,TE,TE,2,9,2,0,False,False,,54312,Oronde Gadsden,orondegadsden,"Gadsden, Oronde 25/5",09/01/2026 12:35PM ET,2026 Los Angeles Chargers Depth Chart _ Ourlads.com.mhtml,https://www.ourlads.com/nfldepthcharts/pfdepthchart/LAC,2026.1
2026,LAC,Offense,TE,TE,3,9,3,0,False,False,lc_gold,30433,DAVID NJOKU,davidnjoku,"NJOKU, DAVID U/Cle",09/01/2026 12:35PM ET,2026 Los Angeles Chargers Depth Chart _ Ourlads.com.mhtml,https://www.ourlads.com/nfldepthcharts/pfdepthchart/LAC,2026.1
2026,LAC,Offense,LWR,WR,1,1,1,0,True,False,,50100,Quentin Johnston,quentinjohnston,"Johnston, Quentin 23/1",09/01/2026 12:35PM ET,2026 Los Angeles Chargers Depth Chart _ Ourlads.com.mhtml,https://www.ourlads.com/nfldepthcharts/pfdepthchart/LAC,2026.1
2026,LAC,Offense,LWR,WR,2,1,2,0,False,False,,54305,KeAndre Lambert-Smith,keandrelambertsmith,"Lambert-Smith, KeAndre 25/5",09/01/2026 12:35PM ET,2026 Los Angeles Chargers Depth Chart _ Ourlads.com.mhtml,https://www.ourlads.com/nfldepthcharts/pfdepthchart/LAC,2026.1
2026,LAC,Offense,RWR,WR,1,2,1,0,True,False,,54202,Tre' Harris,treharris,"Harris, Tre' 25/2",09/01/2026 12:35PM ET,2026 Los Angeles Chargers Depth Chart _ Ourlads.com.mhtml,https://www.ourlads.com/nfldepthcharts/pfdepthchart/LAC,2026.1
2026,LAC,Offense,RWR,WR,2,2,2,0,False,False,lc_purple,55057,Brenen Thompson,brenenthompson,"Thompson, Brenen 26/4",09/01/2026 12:35PM ET,2026 Los Angeles Chargers Depth Chart _ Ourlads.com.mhtml,https://www.ourlads.com/nfldepthcharts/pfdepthchart/LAC,2026.1
2026,LAC,Offense,SWR,WR,1,3,1,0,True,False,,53262,Ladd McConkey,laddmcconkey,"McConkey, Ladd 24/2",09/01/2026 12:35PM ET,2026 Los Angeles Chargers Depth Chart _ Ourlads.com.mhtml,https://www.ourlads.com/nfldepthcharts/pfdepthchart/LAC,2026.1
2026,LAC,Offense,SWR,WR,2,3,2,0,False,False,,50204,Derius Davis,deriusdavis,"Davis, Derius 23/4",09/01/2026 12:35PM ET,2026 Los Angeles Chargers Depth Chart _ Ourlads.com.mhtml,https://www.ourlads.com/nfldepthcharts/pfdepthchart/LAC,2026.1
2026,LV,Offense,FB,FB,1,12,1,0,True,False,lc_gold,47036,Connor Heyward,connorheyward,"Heyward, Connor U/Pit",09/01/2026 2:43PM ET,2026 Las Vegas Raiders Depth Chart _ Ourlads.com.mhtml,https://www.ourlads.com/nfldepthcharts/pfdepthchart/LV,2026.1
2026,LV,Offense,QB,QB,1,10,1,0,True,False,lc_gold,33415,KIRK COUSINS,kirkcousins,"COUSINS, KIRK CC/Atl",09/01/2026 2:43PM ET,2026 Las Vegas Raiders Depth Chart _ Ourlads.com.mhtml,https://www.ourlads.com/nfldepthcharts/pfdepthchart/LV,2026.1
2026,LV,Offense,QB,QB,2,10,2,0,False,False,lc_purple,54953,Fernando Mendoza,fernandomendoza,"Mendoza, Fernando 26/1",09/01/2026 2:43PM ET,2026 Las Vegas Raiders Depth Chart _ Ourlads.com.mhtml,https://www.ourlads.com/nfldepthcharts/pfdepthchart/LV,2026.1
2026,LV,Offense,QB,QB,3,10,3,0,False,False,,50216,Aidan O'Connell,aidanoconnell,"O'Connell, Aidan 23/4",09/01/2026 2:43PM ET,2026 Las Vegas Raiders Depth Chart _ Ourlads.com.mhtml,https://www.ourlads.com/nfldepthcharts/pfdepthchart/LV,2026.1
2026,LV,Offense,RB,RB,1,11,1,0,True,True,lc_red,54153,Ashton Jeanty,ashtonjeanty,"Jeanty, Ashton 25/1",09/01/2026 2:43PM ET,2026 Las Vegas Raiders Depth Chart _ Ourlads.com.mhtml,https://www.ourlads.com/nfldepthcharts/pfdepthchart/LV,2026.1
2026,LV,Offense,RB,RB,2,11,2,0,False,False,lc_purple,55074,Mike Washington Jr.,mikewashingtonjr,"Washington Jr., Mike 26/4",09/01/2026 2:43PM ET,2026 Las Vegas Raiders Depth Chart _ Ourlads.com.mhtml,https://www.ourlads.com/nfldepthcharts/pfdepthchart/LV,2026.1
2026,LV,Offense,RB,RB,3,11,3,0,False,False,,53437,Dylan Laube,dylanlaube,"Laube, Dylan 24/6",09/01/2026 2:43PM ET,2026 Las Vegas Raiders Depth Chart _ Ourlads.com.mhtml,https://www.ourlads.com/nfldepthcharts/pfdepthchart/LV,2026.1
2026,LV,Offense,TE,TE,1,9,1,0,True,False,,53239,Brock Bowers,brockbowers,"Bowers, Brock 24/1",09/01/2026 2:43PM ET,2026 Las Vegas Raiders Depth Chart _ Ourlads.com.mhtml,https://www.ourlads.com/nfldepthcharts/pfdepthchart/LV,2026.1
2026,LV,Offense,TE,TE,2,9,2,0,False,False,,50114,Michael Mayer,michaelmayer,"Mayer, Michael 23/2",09/01/2026 2:43PM ET,2026 Las Vegas Raiders Depth Chart _ Ourlads.com.mhtml,https://www.ourlads.com/nfldepthcharts/pfdepthchart/LV,2026.1
2026,LV,Offense,TE,TE,3,9,3,0,False,False,,33818,IAN THOMAS,ianthomas,"THOMAS, IAN U/Car",09/01/2026 2:43PM ET,2026 Las Vegas Raiders Depth Chart _ Ourlads.com.mhtml,https://www.ourlads.com/nfldepthcharts/pfdepthchart/LV,2026.1
2026,LV,Offense,LWR,WR,1,1,1,0,True,False,,50179,Tre Tucker,tretucker,"Tucker, Tre 23/3",09/01/2026 2:43PM ET,2026 Las Vegas Raiders Depth Chart _ Ourlads.com.mhtml,https://www.ourlads.com/nfldepthcharts/pfdepthchart/LV,2026.1
2026,LV,Offense,RWR,WR,1,2,1,0,True,False,lc_gold,47019,Jalen Nailor,jalennailor,"Nailor, Jalen U/Min",09/01/2026 2:43PM ET,2026 Las Vegas Raiders Depth Chart _ Ourlads.com.mhtml,https://www.ourlads.com/nfldepthcharts/pfdepthchart/LV,2026.1
2026,LV,Offense,RWR,WR,2,2,2,0,False,False,lc_purple,55147,Malik Benson,malikbenson,"Benson, Malik 26/6",09/01/2026 2:43PM ET,2026 Las Vegas Raiders Depth Chart _ Ourlads.com.mhtml,https://www.ourlads.com/nfldepthcharts/pfdepthchart/LV,2026.1
2026,LV,Offense,SWR,WR,1,3,1,0,True,False,,54205,Jack Bech,jackbech,"Bech, Jack 25/2",09/01/2026 2:43PM ET,2026 Las Vegas Raiders Depth Chart _ Ourlads.com.mhtml,https://www.ourlads.com/nfldepthcharts/pfdepthchart/LV,2026.1
2026,LV,Offense,SWR,WR,2,3,2,0,False,False,lc_gold,47062,Dareke Young,darekeyoung,"Young, Dareke U/Sea",09/01/2026 2:43PM ET,2026 Las Vegas Raiders Depth Chart _ Ourlads.com.mhtml,https://www.ourlads.com/nfldepthcharts/pfdepthchart/LV,2026.1
2026,MIA,Offense,FB,FB,1,12,1,0,True,False,lc_aqua,55642,DJ Herman,djherman,"Herman, DJ CF26",09/01/2026 5:56PM ET,2026 Miami Dolphins Depth Chart _ Ourlads.com.mhtml,https://www.ourlads.com/nfldepthcharts/pfdepthchart/MIA,2026.1
2026,MIA,Offense,QB,QB,1,10,1,0,True,False,lc_gold,46898,Malik Willis,malikwillis,"Willis, Malik U/GB",09/01/2026 5:56PM ET,2026 Miami Dolphins Depth Chart _ Ourlads.com.mhtml,https://www.ourlads.com/nfldepthcharts/pfdepthchart/MIA,2026.1
2026,MIA,Offense,QB,QB,2,10,2,0,False,False,lc_gold,54328,Kyle McCord,kylemccord,"McCord, Kyle T/GB",09/01/2026 5:56PM ET,2026 Miami Dolphins Depth Chart _ Ourlads.com.mhtml,https://www.ourlads.com/nfldepthcharts/pfdepthchart/MIA,2026.1
2026,MIA,Offense,QB,QB,3,10,3,0,False,False,lc_gold,54433,Brady Cook,bradycook,"Cook, Brady W/NYJ",09/01/2026 5:56PM ET,2026 Miami Dolphins Depth Chart _ Ourlads.com.mhtml,https://www.ourlads.com/nfldepthcharts/pfdepthchart/MIA,2026.1
2026,MIA,Offense,RB,RB,1,11,1,0,True,False,,50163,De'Von Achane,devonachane,"Achane, De'Von 23/3",09/01/2026 5:56PM ET,2026 Miami Dolphins Depth Chart _ Ourlads.com.mhtml,https://www.ourlads.com/nfldepthcharts/pfdepthchart/MIA,2026.1
2026,MIA,Offense,RB,RB,2,11,2,0,False,False,,53349,Jaylen Wright,jaylenwright,"Wright, Jaylen 24/4",09/01/2026 5:56PM ET,2026 Miami Dolphins Depth Chart _ Ourlads.com.mhtml,https://www.ourlads.com/nfldepthcharts/pfdepthchart/MIA,2026.1
2026,MIA,Offense,RB,RB,3,11,3,0,False,False,,54326,Ollie Gordon II,olliegordonii,"Gordon II, Ollie 25/6",09/01/2026 5:56PM ET,2026 Miami Dolphins Depth Chart _ Ourlads.com.mhtml,https://www.ourlads.com/nfldepthcharts/pfdepthchart/MIA,2026.1
2026,MIA,Offense,TE,TE,1,9,1,0,True,False,,46911,Greg Dulcich,gregdulcich,"Dulcich, Greg SF25",09/01/2026 5:56PM ET,2026 Miami Dolphins Depth Chart _ Ourlads.com.mhtml,https://www.ourlads.com/nfldepthcharts/pfdepthchart/MIA,2026.1
2026,MIA,Offense,TE,TE,2,9,2,0,False,False,lc_purple,55039,Will Kacmarek,willkacmarek,"Kacmarek, Will 26/3",09/01/2026 5:56PM ET,2026 Miami Dolphins Depth Chart _ Ourlads.com.mhtml,https://www.ourlads.com/nfldepthcharts/pfdepthchart/MIA,2026.1
2026,MIA,Offense,TE,TE,3,9,3,0,False,False,lc_purple,55132,Seydou Traore,seydoutraore,"Traore, Seydou 26/5",09/01/2026 5:56PM ET,2026 Miami Dolphins Depth Chart _ Ourlads.com.mhtml,https://www.ourlads.com/nfldepthcharts/pfdepthchart/MIA,2026.1
2026,MIA,Offense,TE,TE,4,9,4,0,False,False,lc_purple,55104,Justin Joly,justinjoly,"Joly, Justin W/Den",09/01/2026 5:56PM ET,2026 Miami Dolphins Depth Chart _ Ourlads.com.mhtml,https://www.ourlads.com/nfldepthcharts/pfdepthchart/MIA,2026.1
2026,MIA,Offense,LWR,WR,1,1,1,0,True,False,lc_gold,46916,Jalen Tolbert,jalentolbert,"Tolbert, Jalen U/Dal",09/01/2026 5:56PM ET,2026 Miami Dolphins Depth Chart _ Ourlads.com.mhtml,https://www.ourlads.com/nfldepthcharts/pfdepthchart/MIA,2026.1
2026,MIA,Offense,LWR,WR,2,1,2,0,False,False,lc_purple,55046,Chris Bell,chrisbell,"Bell, Chris 26/3",09/01/2026 5:56PM ET,2026 Miami Dolphins Depth Chart _ Ourlads.com.mhtml,https://www.ourlads.com/nfldepthcharts/pfdepthchart/MIA,2026.1
2026,MIA,Offense,RWR,WR,1,2,1,0,True,False,lc_purple,55027,Caleb Douglas,calebdouglas,"Douglas, Caleb 26/3",09/01/2026 5:56PM ET,2026 Miami Dolphins Depth Chart _ Ourlads.com.mhtml,https://www.ourlads.com/nfldepthcharts/pfdepthchart/MIA,2026.1
2026,MIA,Offense,RWR,WR,2,2,2,0,False,False,lc_gold,51994,Ryan Miller,ryanmiller,"Miller, Ryan W/NYG",09/01/2026 5:56PM ET,2026 Miami Dolphins Depth Chart _ Ourlads.com.mhtml,https://www.ourlads.com/nfldepthcharts/pfdepthchart/MIA,2026.1
2026,MIA,Offense,SWR,WR,1,3,1,0,True,False,,53413,Malik Washington,malikwashington,"Washington, Malik 24/6",09/01/2026 5:56PM ET,2026 Miami Dolphins Depth Chart _ Ourlads.com.mhtml,https://www.ourlads.com/nfldepthcharts/pfdepthchart/MIA,2026.1
2026,MIA,Offense,SWR,WR,2,3,2,0,False,False,lc_purple,55129,Kevin Coleman Jr.,kevincolemanjr,"Coleman Jr., Kevin 26/5",09/01/2026 5:56PM ET,2026 Miami Dolphins Depth Chart _ Ourlads.com.mhtml,https://www.ourlads.com/nfldepthcharts/pfdepthchart/MIA,2026.1
2026,MIN,Offense,FB,FB,1,12,1,0,True,False,lc_purple,55111,Max Bredeson,maxbredeson,"Bredeson, Max 26/5",09/01/2026 2:15PM ET,2026 Minnesota Vikings Depth Chart _ Ourlads.com.mhtml,https://www.ourlads.com/nfldepthcharts/pfdepthchart/MIN,2026.1
2026,MIN,Offense,QB,QB,1,10,1,0,True,False,lc_gold,36972,Kyler Murray,kylermurray,"Murray, Kyler CC/Arz",09/01/2026 2:15PM ET,2026 Minnesota Vikings Depth Chart _ Ourlads.com.mhtml,https://www.ourlads.com/nfldepthcharts/pfdepthchart/MIN,2026.1
2026,MIN,Offense,QB,QB,2,10,2,0,False,False,,52627,CARSON WENTZ,carsonwentz,"WENTZ, CARSON U/KC",09/01/2026 2:15PM ET,2026 Minnesota Vikings Depth Chart _ Ourlads.com.mhtml,https://www.ourlads.com/nfldepthcharts/pfdepthchart/MIN,2026.1
2026,MIN,Offense,QB,QB,3,10,3,0,False,False,,53238,J.J. McCarthy,jjmccarthy,"McCarthy, J.J. 24/1",09/01/2026 2:15PM ET,2026 Minnesota Vikings Depth Chart _ Ourlads.com.mhtml,https://www.ourlads.com/nfldepthcharts/pfdepthchart/MIN,2026.1
2026,MIN,Offense,RB,RB,1,11,1,0,True,False,,30587,AARON JONES SR.,aaronjonessr,"JONES SR., AARON CC/GB",09/01/2026 2:15PM ET,2026 Minnesota Vikings Depth Chart _ Ourlads.com.mhtml,https://www.ourlads.com/nfldepthcharts/pfdepthchart/MIN,2026.1
2026,MIN,Offense,RB,RB,2,11,2,0,False,False,,47294,Jordan Mason,jordanmason,"Mason, Jordan T/SF",09/01/2026 2:15PM ET,2026 Minnesota Vikings Depth Chart _ Ourlads.com.mhtml,https://www.ourlads.com/nfldepthcharts/pfdepthchart/MIN,2026.1
2026,MIN,Offense,RB,RB,3,11,3,0,False,False,lc_purple,55150,Demond Claiborne,demondclaiborne,"Claiborne, Demond 26/6",09/01/2026 2:15PM ET,2026 Minnesota Vikings Depth Chart _ Ourlads.com.mhtml,https://www.ourlads.com/nfldepthcharts/pfdepthchart/MIN,2026.1
2026,MIN,Offense,TE,TE,1,9,1,0,True,False,,49192,T.J. Hockenson,tjhockenson,"Hockenson, T.J. T/Det",09/01/2026 2:15PM ET,2026 Minnesota Vikings Depth Chart _ Ourlads.com.mhtml,https://www.ourlads.com/nfldepthcharts/pfdepthchart/MIN,2026.1
2026,MIN,Offense,TE,TE,2,9,2,0,False,False,,49814,Josh Oliver,josholiver,"Oliver, Josh U/Bal",09/01/2026 2:15PM ET,2026 Minnesota Vikings Depth Chart _ Ourlads.com.mhtml,https://www.ourlads.com/nfldepthcharts/pfdepthchart/MIN,2026.1
2026,MIN,Offense,TE,TE,3,9,3,0,False,False,,54473,Ben Yurosek,benyurosek,"Yurosek, Ben CF25",09/01/2026 2:15PM ET,2026 Minnesota Vikings Depth Chart _ Ourlads.com.mhtml,https://www.ourlads.com/nfldepthcharts/pfdepthchart/MIN,2026.1
2026,MIN,Offense,TE,TE,4,9,4,0,False,False,,54349,Gavin Bartholomew,gavinbartholomew,"Bartholomew, Gavin 25/6",09/01/2026 2:15PM ET,2026 Minnesota Vikings Depth Chart _ Ourlads.com.mhtml,https://www.ourlads.com/nfldepthcharts/pfdepthchart/MIN,2026.1
2026,MIN,Offense,LWR,WR,1,1,1,0,True,False,,40261,Justin Jefferson,justinjefferson,"Jefferson, Justin 20/1",09/01/2026 2:15PM ET,2026 Minnesota Vikings Depth Chart _ Ourlads.com.mhtml,https://www.ourlads.com/nfldepthcharts/pfdepthchart/MIN,2026.1
2026,MIN,Offense,LWR,WR,2,1,2,0,False,False,,54249,Tai Felton,taifelton,"Felton, Tai 25/3",09/01/2026 2:15PM ET,2026 Minnesota Vikings Depth Chart _ Ourlads.com.mhtml,https://www.ourlads.com/nfldepthcharts/pfdepthchart/MIN,2026.1
2026,MIN,Offense,RWR,WR,1,2,1,0,True,False,,50102,Jordan Addison,jordanaddison,"Addison, Jordan 23/1",09/01/2026 2:15PM ET,2026 Minnesota Vikings Depth Chart _ Ourlads.com.mhtml,https://www.ourlads.com/nfldepthcharts/pfdepthchart/MIN,2026.1
2026,MIN,Offense,SWR,WR,1,3,1,0,True,False,lc_gold,41783,Jauan Jennings,jauanjennings,"Jennings, Jauan U/SF",09/01/2026 2:15PM ET,2026 Minnesota Vikings Depth Chart _ Ourlads.com.mhtml,https://www.ourlads.com/nfldepthcharts/pfdepthchart/MIN,2026.1
2026,MIN,Offense,SWR,WR,2,3,2,0,False,False,,54541,Myles Price,mylesprice,"Price, Myles CF25",09/01/2026 2:15PM ET,2026 Minnesota Vikings Depth Chart _ Ourlads.com.mhtml,https://www.ourlads.com/nfldepthcharts/pfdepthchart/MIN,2026.1
2026,NE,Offense,FB,FB,1,12,1,0,True,False,lc_gold,40943,Reggie Gilliam,reggiegilliam,"Gilliam, Reggie U/Buf",09/01/2026 4:35PM ET,2026 New England Patriots Depth Chart _ Ourlads.com.mhtml,https://www.ourlads.com/nfldepthcharts/pfdepthchart/NE,2026.1
2026,NE,Offense,QB,QB,1,10,1,0,True,False,,53231,Drake Maye,drakemaye,"Maye, Drake 24/1",09/01/2026 4:35PM ET,2026 New England Patriots Depth Chart _ Ourlads.com.mhtml,https://www.ourlads.com/nfldepthcharts/pfdepthchart/NE,2026.1
2026,NE,Offense,QB,QB,2,10,2,0,False,False,,51904,Tommy DeVito,tommydevito,"DeVito, Tommy W/NYG",09/01/2026 4:35PM ET,2026 New England Patriots Depth Chart _ Ourlads.com.mhtml,https://www.ourlads.com/nfldepthcharts/pfdepthchart/NE,2026.1
2026,NE,Offense,QB,QB,3,10,3,0,False,False,lc_purple,55186,Behren Morton,behrenmorton,"Morton, Behren 26/7",09/01/2026 4:35PM ET,2026 New England Patriots Depth Chart _ Ourlads.com.mhtml,https://www.ourlads.com/nfldepthcharts/pfdepthchart/NE,2026.1
2026,NE,Offense,RB,RB,1,11,1,0,True,False,,43438,Rhamondre Stevenson,rhamondrestevenson,"Stevenson, Rhamondre 21/4",09/01/2026 4:35PM ET,2026 New England Patriots Depth Chart _ Ourlads.com.mhtml,https://www.ourlads.com/nfldepthcharts/pfdepthchart/NE,2026.1
2026,NE,Offense,RB,RB,2,11,2,0,False,False,,54185,TreVeyon Henderson,treveyonhenderson,"Henderson, TreVeyon 25/2",09/01/2026 4:35PM ET,2026 New England Patriots Depth Chart _ Ourlads.com.mhtml,https://www.ourlads.com/nfldepthcharts/pfdepthchart/NE,2026.1
2026,NE,Offense,RB,RB,3,11,3,0,False,False,lc_gold,54615,Corey Kiner,coreykiner,"Kiner, Corey T/Arz",09/01/2026 4:35PM ET,2026 New England Patriots Depth Chart _ Ourlads.com.mhtml,https://www.ourlads.com/nfldepthcharts/pfdepthchart/NE,2026.1
2026,NE,Offense,TE,TE,1,9,1,0,True,False,,42981,HUNTER HENRY,hunterhenry,"HENRY, HUNTER U/LAC",09/01/2026 4:35PM ET,2026 New England Patriots Depth Chart _ Ourlads.com.mhtml,https://www.ourlads.com/nfldepthcharts/pfdepthchart/NE,2026.1
2026,NE,Offense,TE,TE,2,9,2,0,False,False,lc_purple,55047,Eli Raridon,eliraridon,"Raridon, Eli 26/3",09/01/2026 4:35PM ET,2026 New England Patriots Depth Chart _ Ourlads.com.mhtml,https://www.ourlads.com/nfldepthcharts/pfdepthchart/NE,2026.1
2026,NE,Offense,TE,TE,3,9,3,0,False,False,lc_aqua,55502,Tanner Arkin,tannerarkin,"Arkin, Tanner CF26",09/01/2026 4:35PM ET,2026 New England Patriots Depth Chart _ Ourlads.com.mhtml,https://www.ourlads.com/nfldepthcharts/pfdepthchart/NE,2026.1
2026,NE,Offense,TE,TE,4,9,4,0,False,False,lc_gold,50180,Cameron Latu,cameronlatu,"Latu, Cameron W/Phi",09/01/2026 4:35PM ET,2026 New England Patriots Depth Chart _ Ourlads.com.mhtml,https://www.ourlads.com/nfldepthcharts/pfdepthchart/NE,2026.1
2026,NE,Offense,LWR,WR,1,1,1,0,True,False,lc_gold,46839,A.J. Brown,ajbrown,"Brown, A.J. T/Phi",09/01/2026 4:35PM ET,2026 New England Patriots Depth Chart _ Ourlads.com.mhtml,https://www.ourlads.com/nfldepthcharts/pfdepthchart/NE,2026.1
2026,NE,Offense,LWR,WR,2,1,2,0,False,False,,54216,Kyle Williams,kylewilliams,"Williams, Kyle 25/3",09/01/2026 4:35PM ET,2026 New England Patriots Depth Chart _ Ourlads.com.mhtml,https://www.ourlads.com/nfldepthcharts/pfdepthchart/NE,2026.1
2026,NE,Offense,RWR,WR,1,2,1,0,True,False,lc_gold,46959,Romeo Doubs,romeodoubs,"Doubs, Romeo U/GB",09/01/2026 4:35PM ET,2026 New England Patriots Depth Chart _ Ourlads.com.mhtml,https://www.ourlads.com/nfldepthcharts/pfdepthchart/NE,2026.1
2026,NE,Offense,RWR,WR,2,2,2,0,False,False,,49942,MACK HOLLINS,mackhollins,"HOLLINS, MACK U/Buf",09/01/2026 4:35PM ET,2026 New England Patriots Depth Chart _ Ourlads.com.mhtml,https://www.ourlads.com/nfldepthcharts/pfdepthchart/NE,2026.1
2026,NE,Offense,SWR,WR,1,3,1,0,True,False,,50326,DeMario Douglas,demariodouglas,"Douglas, DeMario 23/6",09/01/2026 4:35PM ET,2026 New England Patriots Depth Chart _ Ourlads.com.mhtml,https://www.ourlads.com/nfldepthcharts/pfdepthchart/NE,2026.1
2026,NE,Offense,SWR,WR,2,3,2,0,False,False,,54689,Efton Chism III,eftonchismiii,"Chism III, Efton CF25",09/01/2026 4:35PM ET,2026 New England Patriots Depth Chart _ Ourlads.com.mhtml,https://www.ourlads.com/nfldepthcharts/pfdepthchart/NE,2026.1
2026,NO,Offense,QB,QB,1,10,1,0,True,False,,54187,Tyler Shough,tylershough,"Shough, Tyler 25/2",09/01/2026 5:36PM ET,2026 New Orleans Saints Depth Chart _ Ourlads.com.mhtml,https://www.ourlads.com/nfldepthcharts/pfdepthchart/NO,2026.1
2026,NO,Offense,QB,QB,2,10,2,0,False,False,,53379,Spencer Rattler,spencerrattler,"Rattler, Spencer 24/5",09/01/2026 5:36PM ET,2026 New Orleans Saints Depth Chart _ Ourlads.com.mhtml,https://www.ourlads.com/nfldepthcharts/pfdepthchart/NO,2026.1
2026,NO,Offense,QB,QB,3,10,3,0,False,False,lc_gold,43319,Zach Wilson,zachwilson,"Wilson, Zach U/Mia",09/01/2026 5:36PM ET,2026 New Orleans Saints Depth Chart _ Ourlads.com.mhtml,https://www.ourlads.com/nfldepthcharts/pfdepthchart/NO,2026.1
2026,NO,Offense,RB,RB,1,11,1,0,True,False,lc_gold,43342,Travis Etienne Jr.,travisetiennejr,"Etienne Jr., Travis U/Jax",09/01/2026 5:36PM ET,2026 New Orleans Saints Depth Chart _ Ourlads.com.mhtml,https://www.ourlads.com/nfldepthcharts/pfdepthchart/NO,2026.1
2026,NO,Offense,RB,RB,2,11,2,0,False,True,lc_red,30471,ALVIN KAMARA,alvinkamara,"KAMARA, ALVIN 17/3",09/01/2026 5:36PM ET,2026 New Orleans Saints Depth Chart _ Ourlads.com.mhtml,https://www.ourlads.com/nfldepthcharts/pfdepthchart/NO,2026.1
2026,NO,Offense,RB,RB,3,11,3,0,False,False,,50150,Kendre Miller,kendremiller,"Miller, Kendre 23/3",09/01/2026 5:36PM ET,2026 New Orleans Saints Depth Chart _ Ourlads.com.mhtml,https://www.ourlads.com/nfldepthcharts/pfdepthchart/NO,2026.1
2026,NO,Offense,RB,RB,4,11,4,0,False,False,,53376,Audric Estimé,audricestime,"Estimé, Audric SF25",09/01/2026 5:36PM ET,2026 New Orleans Saints Depth Chart _ Ourlads.com.mhtml,https://www.ourlads.com/nfldepthcharts/pfdepthchart/NO,2026.1
2026,NO,Offense,TE,TE,1,9,1,0,True,False,,41711,Juwan Johnson,juwanjohnson,"Johnson, Juwan CF20",09/01/2026 5:36PM ET,2026 New Orleans Saints Depth Chart _ Ourlads.com.mhtml,https://www.ourlads.com/nfldepthcharts/pfdepthchart/NO,2026.1
2026,NO,Offense,TE,TE,2,9,2,0,False,False,lc_gold,46457,Noah Fant,noahfant,"Fant, Noah U/Cin",09/01/2026 5:36PM ET,2026 New Orleans Saints Depth Chart _ Ourlads.com.mhtml,https://www.ourlads.com/nfldepthcharts/pfdepthchart/NO,2026.1
2026,NO,Offense,TE,TE,3,9,3,0,False,False,lc_purple,55025,Oscar Delp,oscardelp,"Delp, Oscar 26/3",09/01/2026 5:36PM ET,2026 New Orleans Saints Depth Chart _ Ourlads.com.mhtml,https://www.ourlads.com/nfldepthcharts/pfdepthchart/NO,2026.1
2026,NO,Offense,LWR,WR,1,1,1,0,True,False,lc_purple,55088,Bryce Lance,brycelance,"Lance, Bryce 26/4",09/01/2026 5:36PM ET,2026 New Orleans Saints Depth Chart _ Ourlads.com.mhtml,https://www.ourlads.com/nfldepthcharts/pfdepthchart/NO,2026.1
2026,NO,Offense,LWR,WR,2,1,2,0,False,False,lc_purple,55142,Barion Brown,barionbrown,"Brown, Barion 26/6",09/01/2026 5:36PM ET,2026 New Orleans Saints Depth Chart _ Ourlads.com.mhtml,https://www.ourlads.com/nfldepthcharts/pfdepthchart/NO,2026.1
2026,NO,Offense,RWR,WR,1,2,1,0,True,False,,46835,Chris Olave,chrisolave,"Olave, Chris 22/1",09/01/2026 5:36PM ET,2026 New Orleans Saints Depth Chart _ Ourlads.com.mhtml,https://www.ourlads.com/nfldepthcharts/pfdepthchart/NO,2026.1
2026,NO,Offense,SWR,WR,1,3,1,0,True,False,,53464,Devaughn Vele,devaughnvele,"Vele, Devaughn T/Den",09/01/2026 5:36PM ET,2026 New Orleans Saints Depth Chart _ Ourlads.com.mhtml,https://www.ourlads.com/nfldepthcharts/pfdepthchart/NO,2026.1
2026,NYG,Offense,FB,FB,1,12,1,0,True,False,lc_gold,30756,PATRICK RICARD,patrickricard,"RICARD, PATRICK U/Bal",09/01/2026 5:33PM ET,2026 New York Giants Depth Chart _ Ourlads.com.mhtml,https://www.ourlads.com/nfldepthcharts/pfdepthchart/NYG,2026.1
2026,NYG,Offense,QB,QB,1,10,1,0,True,False,,54172,Jaxson Dart,jaxsondart,"Dart, Jaxson 25/1",09/01/2026 5:33PM ET,2026 New York Giants Depth Chart _ Ourlads.com.mhtml,https://www.ourlads.com/nfldepthcharts/pfdepthchart/NYG,2026.1
2026,NYG,Offense,QB,QB,2,10,2,0,False,False,,40541,JAMEIS WINSTON,jameiswinston,"WINSTON, JAMEIS U/Cle",09/01/2026 5:33PM ET,2026 New York Giants Depth Chart _ Ourlads.com.mhtml,https://www.ourlads.com/nfldepthcharts/pfdepthchart/NYG,2026.1
2026,NYG,Offense,RB,RB,1,11,1,0,True,False,,54252,Cam Skattebo,camskattebo,"Skattebo, Cam 25/4",09/01/2026 5:33PM ET,2026 New York Giants Depth Chart _ Ourlads.com.mhtml,https://www.ourlads.com/nfldepthcharts/pfdepthchart/NYG,2026.1
2026,NYG,Offense,RB,RB,2,11,2,0,False,False,,53395,Tyrone Tracy Jr.,tyronetracyjr,"Tracy Jr., Tyrone 24/5",09/01/2026 5:33PM ET,2026 New York Giants Depth Chart _ Ourlads.com.mhtml,https://www.ourlads.com/nfldepthcharts/pfdepthchart/NYG,2026.1
2026,NYG,Offense,RB,RB,3,11,3,0,False,False,,49954,Devin Singletary,devinsingletary,"Singletary, Devin U/Hou",09/01/2026 5:33PM ET,2026 New York Giants Depth Chart _ Ourlads.com.mhtml,https://www.ourlads.com/nfldepthcharts/pfdepthchart/NYG,2026.1
2026,NYG,Offense,RB,RB,4,11,4,0,False,False,lc_gold,43341,Najee Harris,najeeharris,"Harris, Najee U/LAC",09/01/2026 5:33PM ET,2026 New York Giants Depth Chart _ Ourlads.com.mhtml,https://www.ourlads.com/nfldepthcharts/pfdepthchart/NYG,2026.1
2026,NYG,Offense,TE,TE,1,9,1,0,True,False,lc_gold,46966,Isaiah Likely,isaiahlikely,"Likely, Isaiah U/Bal",09/01/2026 5:33PM ET,2026 New York Giants Depth Chart _ Ourlads.com.mhtml,https://www.ourlads.com/nfldepthcharts/pfdepthchart/NYG,2026.1
2026,NYG,Offense,TE,TE,2,9,2,0,False,False,,53336,Theo Johnson,theojohnson,"Johnson, Theo 24/4",09/01/2026 5:33PM ET,2026 New York Giants Depth Chart _ Ourlads.com.mhtml,https://www.ourlads.com/nfldepthcharts/pfdepthchart/NYG,2026.1
2026,NYG,Offense,TE,TE,3,9,3,0,False,False,,49830,CHRIS MANHERTZ,chrismanhertz,"MANHERTZ, CHRIS CC/Den",09/01/2026 5:33PM ET,2026 New York Giants Depth Chart _ Ourlads.com.mhtml,https://www.ourlads.com/nfldepthcharts/pfdepthchart/NYG,2026.1
2026,NYG,Offense,TE,TE,4,9,4,0,False,False,,54366,Thomas Fidone II,thomasfidoneii,"Fidone II, Thomas 25/7",09/01/2026 5:33PM ET,2026 New York Giants Depth Chart _ Ourlads.com.mhtml,https://www.ourlads.com/nfldepthcharts/pfdepthchart/NYG,2026.1
2026,NYG,Offense,LWR,WR,1,1,1,0,True,False,,53234,Malik Nabers,maliknabers,"Nabers, Malik 24/1",09/01/2026 5:33PM ET,2026 New York Giants Depth Chart _ Ourlads.com.mhtml,https://www.ourlads.com/nfldepthcharts/pfdepthchart/NYG,2026.1
2026,NYG,Offense,LWR,WR,2,1,2,0,False,False,lc_gold,50050,ODELL BECKHAM JR.,odellbeckhamjr,"BECKHAM JR., ODELL SF26",09/01/2026 5:33PM ET,2026 New York Giants Depth Chart _ Ourlads.com.mhtml,https://www.ourlads.com/nfldepthcharts/pfdepthchart/NYG,2026.1
2026,NYG,Offense,RWR,WR,1,2,1,0,True,False,lc_purple,55026,Malachi Fields,malachifields,"Fields, Malachi 26/3",09/01/2026 5:33PM ET,2026 New York Giants Depth Chart _ Ourlads.com.mhtml,https://www.ourlads.com/nfldepthcharts/pfdepthchart/NYG,2026.1
2026,NYG,Offense,RWR,WR,2,2,2,0,False,False,,37143,Darius Slayton,dariusslayton,"Slayton, Darius 19/5",09/01/2026 5:33PM ET,2026 New York Giants Depth Chart _ Ourlads.com.mhtml,https://www.ourlads.com/nfldepthcharts/pfdepthchart/NYG,2026.1
2026,NYG,Offense,SWR,WR,1,3,1,0,True,False,lc_gold,40414,Darnell Mooney,darnellmooney,"Mooney, Darnell CC/Atl",09/01/2026 5:33PM ET,2026 New York Giants Depth Chart _ Ourlads.com.mhtml,https://www.ourlads.com/nfldepthcharts/pfdepthchart/NYG,2026.1
2026,NYJ,Offense,FB,FB,1,12,1,0,True,False,,49798,ANDREW BECK,andrewbeck,"BECK, ANDREW SF24",09/01/2026 1:09PM ET,2026 New York Jets Depth Chart _ Ourlads.com.mhtml,https://www.ourlads.com/nfldepthcharts/pfdepthchart/NYJ,2026.1
2026,NYJ,Offense,QB,QB,1,10,1,0,True,False,lc_gold,40992,GENO SMITH,genosmith,"SMITH, GENO T/LV",09/01/2026 1:09PM ET,2026 New York Jets Depth Chart _ Ourlads.com.mhtml,https://www.ourlads.com/nfldepthcharts/pfdepthchart/NYJ,2026.1
2026,NYJ,Offense,QB,QB,2,10,2,0,False,False,lc_purple,55062,Cade Klubnik,cadeklubnik,"Klubnik, Cade 26/4",09/01/2026 1:09PM ET,2026 New York Jets Depth Chart _ Ourlads.com.mhtml,https://www.ourlads.com/nfldepthcharts/pfdepthchart/NYJ,2026.1
2026,NYJ,Offense,RB,RB,1,11,1,0,True,False,,46863,Breece Hall,breecehall,"Hall, Breece 22/2",09/01/2026 1:09PM ET,2026 New York Jets Depth Chart _ Ourlads.com.mhtml,https://www.ourlads.com/nfldepthcharts/pfdepthchart/NYJ,2026.1
2026,NYJ,Offense,RB,RB,2,11,2,0,False,False,,53363,Braelon Allen,braelonallen,"Allen, Braelon 24/4",09/01/2026 1:09PM ET,2026 New York Jets Depth Chart _ Ourlads.com.mhtml,https://www.ourlads.com/nfldepthcharts/pfdepthchart/NYJ,2026.1
2026,NYJ,Offense,RB,RB,3,11,3,0,False,False,,53402,Isaiah Davis,isaiahdavis,"Davis, Isaiah 24/5",09/01/2026 1:09PM ET,2026 New York Jets Depth Chart _ Ourlads.com.mhtml,https://www.ourlads.com/nfldepthcharts/pfdepthchart/NYJ,2026.1
2026,NYJ,Offense,RB,RB,4,11,4,0,False,False,,43437,Kene Nwangwu,kenenwangwu,"Nwangwu, Kene SF24",09/01/2026 1:09PM ET,2026 New York Jets Depth Chart _ Ourlads.com.mhtml,https://www.ourlads.com/nfldepthcharts/pfdepthchart/NYJ,2026.1
2026,NYJ,Offense,TE,TE,1,9,1,0,True,False,,54189,Mason Taylor,masontaylor,"Taylor, Mason 25/2",09/01/2026 1:09PM ET,2026 New York Jets Depth Chart _ Ourlads.com.mhtml,https://www.ourlads.com/nfldepthcharts/pfdepthchart/NYJ,2026.1
2026,NYJ,Offense,TE,TE,2,9,2,0,False,False,lc_purple,54968,Kenyon Sadiq,kenyonsadiq,"Sadiq, Kenyon 26/1",09/01/2026 1:09PM ET,2026 New York Jets Depth Chart _ Ourlads.com.mhtml,https://www.ourlads.com/nfldepthcharts/pfdepthchart/NYJ,2026.1
2026,NYJ,Offense,TE,TE,3,9,3,0,False,False,,46928,Jeremy Ruckert,jeremyruckert,"Ruckert, Jeremy 22/3",09/01/2026 1:09PM ET,2026 New York Jets Depth Chart _ Ourlads.com.mhtml,https://www.ourlads.com/nfldepthcharts/pfdepthchart/NYJ,2026.1
2026,NYJ,Offense,TE,TE,4,9,4,0,False,False,,46903,Jelani Woods,jelaniwoods,"Woods, Jelani W/Ind",09/01/2026 1:09PM ET,2026 New York Jets Depth Chart _ Ourlads.com.mhtml,https://www.ourlads.com/nfldepthcharts/pfdepthchart/NYJ,2026.1
2026,NYJ,Offense,LWR,WR,1,1,1,0,True,False,,53280,Adonai Mitchell,adonaimitchell,"Mitchell, Adonai T/Ind",09/01/2026 1:09PM ET,2026 New York Jets Depth Chart _ Ourlads.com.mhtml,https://www.ourlads.com/nfldepthcharts/pfdepthchart/NYJ,2026.1
2026,NYJ,Offense,LWR,WR,2,1,2,0,False,False,lc_gold,32932,TIM PATRICK,timpatrick,"PATRICK, TIM U/Jax",09/01/2026 1:09PM ET,2026 New York Jets Depth Chart _ Ourlads.com.mhtml,https://www.ourlads.com/nfldepthcharts/pfdepthchart/NYJ,2026.1
2026,NYJ,Offense,RWR,WR,1,2,1,0,True,False,,46828,Garrett Wilson,garrettwilson,"Wilson, Garrett 22/1",09/01/2026 1:09PM ET,2026 New York Jets Depth Chart _ Ourlads.com.mhtml,https://www.ourlads.com/nfldepthcharts/pfdepthchart/NYJ,2026.1
2026,NYJ,Offense,RWR,WR,2,2,2,0,False,False,,54257,Arian Smith,ariansmith,"Smith, Arian 25/4",09/01/2026 1:09PM ET,2026 New York Jets Depth Chart _ Ourlads.com.mhtml,https://www.ourlads.com/nfldepthcharts/pfdepthchart/NYJ,2026.1
2026,NYJ,Offense,SWR,WR,1,3,1,0,True,False,,53735,Isaiah Williams,isaiahwilliams,"Williams, Isaiah P/Cin",09/01/2026 1:09PM ET,2026 New York Jets Depth Chart _ Ourlads.com.mhtml,https://www.ourlads.com/nfldepthcharts/pfdepthchart/NYJ,2026.1
2026,NYJ,Offense,SWR,WR,2,3,2,0,False,False,lc_purple,54982,Omar Cooper Jr.,omarcooperjr,"Cooper Jr., Omar 26/1",09/01/2026 1:09PM ET,2026 New York Jets Depth Chart _ Ourlads.com.mhtml,https://www.ourlads.com/nfldepthcharts/pfdepthchart/NYJ,2026.1
2026,PHI,Offense,QB,QB,1,10,1,0,True,False,,40293,Jalen Hurts,jalenhurts,"Hurts, Jalen 20/2",09/01/2026 1:14PM ET,2026 Philadelphia Eagles Depth Chart _ Ourlads.com.mhtml,https://www.ourlads.com/nfldepthcharts/pfdepthchart/PHI,2026.1
2026,PHI,Offense,QB,QB,2,10,2,0,False,False,,50336,Tanner McKee,tannermckee,"McKee, Tanner 23/6",09/01/2026 1:14PM ET,2026 Philadelphia Eagles Depth Chart _ Ourlads.com.mhtml,https://www.ourlads.com/nfldepthcharts/pfdepthchart/PHI,2026.1
2026,PHI,Offense,QB,QB,3,10,3,0,False,False,lc_gold,49858,ANDY DALTON,andydalton,"DALTON, ANDY T/Car",09/01/2026 1:14PM ET,2026 Philadelphia Eagles Depth Chart _ Ourlads.com.mhtml,https://www.ourlads.com/nfldepthcharts/pfdepthchart/PHI,2026.1
2026,PHI,Offense,QB,QB,4,10,4,0,False,False,lc_purple,55130,Cole Payton,colepayton,"Payton, Cole 26/5",09/01/2026 1:14PM ET,2026 Philadelphia Eagles Depth Chart _ Ourlads.com.mhtml,https://www.ourlads.com/nfldepthcharts/pfdepthchart/PHI,2026.1
2026,PHI,Offense,RB,RB,1,11,1,0,True,False,,33716,Saquon Barkley,saquonbarkley,"Barkley, Saquon U/NYG",09/01/2026 1:14PM ET,2026 Philadelphia Eagles Depth Chart _ Ourlads.com.mhtml,https://www.ourlads.com/nfldepthcharts/pfdepthchart/PHI,2026.1
2026,PHI,Offense,RB,RB,2,11,2,0,False,False,,50167,Tank Bigsby,tankbigsby,"Bigsby, Tank T/Jax",09/01/2026 1:14PM ET,2026 Philadelphia Eagles Depth Chart _ Ourlads.com.mhtml,https://www.ourlads.com/nfldepthcharts/pfdepthchart/PHI,2026.1
2026,PHI,Offense,RB,RB,3,11,3,0,False,False,,53356,Will Shipley,willshipley,"Shipley, Will 24/4",09/01/2026 1:14PM ET,2026 Philadelphia Eagles Depth Chart _ Ourlads.com.mhtml,https://www.ourlads.com/nfldepthcharts/pfdepthchart/PHI,2026.1
2026,PHI,Offense,TE,TE,1,9,1,0,True,False,,33763,DALLAS GOEDERT,dallasgoedert,"GOEDERT, DALLAS 18/2",09/01/2026 1:14PM ET,2026 Philadelphia Eagles Depth Chart _ Ourlads.com.mhtml,https://www.ourlads.com/nfldepthcharts/pfdepthchart/PHI,2026.1
2026,PHI,Offense,TE,TE,2,9,2,0,False,False,lc_gold,46553,JOHNNY MUNDT,johnnymundt,"MUNDT, JOHNNY CC/Jax",09/01/2026 1:14PM ET,2026 Philadelphia Eagles Depth Chart _ Ourlads.com.mhtml,https://www.ourlads.com/nfldepthcharts/pfdepthchart/PHI,2026.1
2026,PHI,Offense,TE,TE,3,9,3,0,False,False,lc_purple,55006,Eli Stowers,elistowers,"Stowers, Eli 26/2",09/01/2026 1:14PM ET,2026 Philadelphia Eagles Depth Chart _ Ourlads.com.mhtml,https://www.ourlads.com/nfldepthcharts/pfdepthchart/PHI,2026.1
2026,PHI,Offense,TE,TE,4,9,4,0,False,False,,53085,E.J. Jenkins,ejjenkins,"Jenkins, E.J. SF24",09/01/2026 1:14PM ET,2026 Philadelphia Eagles Depth Chart _ Ourlads.com.mhtml,https://www.ourlads.com/nfldepthcharts/pfdepthchart/PHI,2026.1
2026,PHI,Offense,LWR,WR,1,1,1,0,True,False,lc_gold,50241,Dontayvion Wicks,dontayvionwicks,"Wicks, Dontayvion T/GB",09/01/2026 1:14PM ET,2026 Philadelphia Eagles Depth Chart _ Ourlads.com.mhtml,https://www.ourlads.com/nfldepthcharts/pfdepthchart/PHI,2026.1
2026,PHI,Offense,LWR,WR,2,1,2,0,False,False,,54806,Darius Cooper,dariuscooper,"Cooper, Darius CF25",09/01/2026 1:14PM ET,2026 Philadelphia Eagles Depth Chart _ Ourlads.com.mhtml,https://www.ourlads.com/nfldepthcharts/pfdepthchart/PHI,2026.1
2026,PHI,Offense,RWR,WR,1,2,1,0,True,False,,43327,DeVonta Smith,devontasmith,"Smith, DeVonta 21/1",09/01/2026 1:14PM ET,2026 Philadelphia Eagles Depth Chart _ Ourlads.com.mhtml,https://www.ourlads.com/nfldepthcharts/pfdepthchart/PHI,2026.1
2026,PHI,Offense,RWR,WR,2,2,2,0,False,False,lc_gold,46854,Hollywood Brown,hollywoodbrown,"Brown, Hollywood U/KC",09/01/2026 1:14PM ET,2026 Philadelphia Eagles Depth Chart _ Ourlads.com.mhtml,https://www.ourlads.com/nfldepthcharts/pfdepthchart/PHI,2026.1
2026,PHI,Offense,SWR,WR,1,3,1,0,True,False,lc_purple,54972,Makai Lemon,makailemon,"Lemon, Makai 26/1",09/01/2026 1:14PM ET,2026 Philadelphia Eagles Depth Chart _ Ourlads.com.mhtml,https://www.ourlads.com/nfldepthcharts/pfdepthchart/PHI,2026.1
2026,PHI,Offense,SWR,WR,2,3,2,0,False,False,lc_gold,49982,Elijah Moore,elijahmoore,"Moore, Elijah SF26",09/01/2026 1:14PM ET,2026 Philadelphia Eagles Depth Chart _ Ourlads.com.mhtml,https://www.ourlads.com/nfldepthcharts/pfdepthchart/PHI,2026.1
2026,PIT,Offense,FB,FB,1,12,1,0,True,False,lc_purple,55121,Riley Nowakowski,rileynowakowski,"Nowakowski, Riley 26/5",09/01/2026 1:20PM ET,2026 Pittsburgh Steelers Depth Chart _ Ourlads.com.mhtml,https://www.ourlads.com/nfldepthcharts/pfdepthchart/PIT,2026.1
2026,PIT,Offense,QB,QB,1,10,1,0,True,False,,50077,AARON RODGERS,aaronrodgers,"RODGERS, AARON CC/NYJ",09/01/2026 1:20PM ET,2026 Pittsburgh Steelers Depth Chart _ Ourlads.com.mhtml,https://www.ourlads.com/nfldepthcharts/pfdepthchart/PIT,2026.1
2026,PIT,Offense,QB,QB,2,10,2,0,False,False,,50912,MASON RUDOLPH,masonrudolph,"RUDOLPH, MASON U/Ten",09/01/2026 1:20PM ET,2026 Pittsburgh Steelers Depth Chart _ Ourlads.com.mhtml,https://www.ourlads.com/nfldepthcharts/pfdepthchart/PIT,2026.1
2026,PIT,Offense,QB,QB,3,10,3,0,False,False,,54332,Will Howard,willhoward,"Howard, Will 25/6",09/01/2026 1:20PM ET,2026 Pittsburgh Steelers Depth Chart _ Ourlads.com.mhtml,https://www.ourlads.com/nfldepthcharts/pfdepthchart/PIT,2026.1
2026,PIT,Offense,QB,QB,4,10,4,0,False,False,lc_purple,55028,Drew Allar,drewallar,"Allar, Drew 26/3",09/01/2026 1:20PM ET,2026 Pittsburgh Steelers Depth Chart _ Ourlads.com.mhtml,https://www.ourlads.com/nfldepthcharts/pfdepthchart/PIT,2026.1
2026,PIT,Offense,RB,RB,1,11,1,0,True,False,,47506,Jaylen Warren,jaylenwarren,"Warren, Jaylen CF22",09/01/2026 1:20PM ET,2026 Pittsburgh Steelers Depth Chart _ Ourlads.com.mhtml,https://www.ourlads.com/nfldepthcharts/pfdepthchart/PIT,2026.1
2026,PIT,Offense,RB,RB,2,11,2,0,False,False,lc_gold,40914,Rico Dowdle,ricodowdle,"Dowdle, Rico U/Car",09/01/2026 1:20PM ET,2026 Pittsburgh Steelers Depth Chart _ Ourlads.com.mhtml,https://www.ourlads.com/nfldepthcharts/pfdepthchart/PIT,2026.1
2026,PIT,Offense,RB,RB,3,11,3,0,False,False,lc_purple,55182,Eli Heidenreich,eliheidenreich,"Heidenreich, Eli 26/7",09/01/2026 1:20PM ET,2026 Pittsburgh Steelers Depth Chart _ Ourlads.com.mhtml,https://www.ourlads.com/nfldepthcharts/pfdepthchart/PIT,2026.1
2026,PIT,Offense,TE,TE,1,9,1,0,True,False,,43373,Pat Freiermuth,patfreiermuth,"Freiermuth, Pat 21/2",09/01/2026 1:20PM ET,2026 Pittsburgh Steelers Depth Chart _ Ourlads.com.mhtml,https://www.ourlads.com/nfldepthcharts/pfdepthchart/PIT,2026.1
2026,PIT,Offense,TE,TE,2,9,2,0,False,False,,50172,Darnell Washington,darnellwashington,"Washington, Darnell 23/3",09/01/2026 1:20PM ET,2026 Pittsburgh Steelers Depth Chart _ Ourlads.com.mhtml,https://www.ourlads.com/nfldepthcharts/pfdepthchart/PIT,2026.1
2026,PIT,Offense,TE,TE,3,9,3,0,False,False,lc_gold,49908,ROBERT TONYAN,roberttonyan,"TONYAN, ROBERT U/KC",09/01/2026 1:20PM ET,2026 Pittsburgh Steelers Depth Chart _ Ourlads.com.mhtml,https://www.ourlads.com/nfldepthcharts/pfdepthchart/PIT,2026.1
2026,PIT,Offense,LWR,WR,1,1,1,0,True,False,,37036,DK Metcalf,dkmetcalf,"Metcalf, DK T/Sea",09/01/2026 1:20PM ET,2026 Pittsburgh Steelers Depth Chart _ Ourlads.com.mhtml,https://www.ourlads.com/nfldepthcharts/pfdepthchart/PIT,2026.1
2026,PIT,Offense,LWR,WR,2,1,2,0,False,False,,43567,Ben Skowronek,benskowronek,"Skowronek, Ben SF24",09/01/2026 1:20PM ET,2026 Pittsburgh Steelers Depth Chart _ Ourlads.com.mhtml,https://www.ourlads.com/nfldepthcharts/pfdepthchart/PIT,2026.1
2026,PIT,Offense,RWR,WR,1,2,1,0,True,False,lc_gold,40274,Michael Pittman Jr.,michaelpittmanjr,"Pittman Jr., Michael T/Ind",09/01/2026 1:20PM ET,2026 Pittsburgh Steelers Depth Chart _ Ourlads.com.mhtml,https://www.ourlads.com/nfldepthcharts/pfdepthchart/PIT,2026.1
2026,PIT,Offense,RWR,WR,2,2,2,0,False,False,lc_purple,54999,Germie Bernard,germiebernard,"Bernard, Germie 26/2",09/01/2026 1:20PM ET,2026 Pittsburgh Steelers Depth Chart _ Ourlads.com.mhtml,https://www.ourlads.com/nfldepthcharts/pfdepthchart/PIT,2026.1
2026,PIT,Offense,SWR,WR,1,3,1,0,True,False,,53312,Roman Wilson,romanwilson,"Wilson, Roman 24/3",09/01/2026 1:20PM ET,2026 Pittsburgh Steelers Depth Chart _ Ourlads.com.mhtml,https://www.ourlads.com/nfldepthcharts/pfdepthchart/PIT,2026.1
2026,PIT,Offense,SWR,WR,2,3,2,0,False,False,lc_purple,55073,Kaden Wetjen,kadenwetjen,"Wetjen, Kaden 26/4",09/01/2026 1:20PM ET,2026 Pittsburgh Steelers Depth Chart _ Ourlads.com.mhtml,https://www.ourlads.com/nfldepthcharts/pfdepthchart/PIT,2026.1
2026,SEA,Offense,FB,FB,1,12,1,0,True,False,,52258,Brady Russell,bradyrussell,"Russell, Brady P/Phi",09/01/2026 5:32PM ET,2026 Seattle Seahawks Depth Chart _ Ourlads.com.mhtml,https://www.ourlads.com/nfldepthcharts/pfdepthchart/SEA,2026.1
2026,SEA,Offense,QB,QB,1,10,1,0,True,False,,49824,Sam Darnold,samdarnold,"Darnold, Sam U/Min",09/01/2026 5:32PM ET,2026 Seattle Seahawks Depth Chart _ Ourlads.com.mhtml,https://www.ourlads.com/nfldepthcharts/pfdepthchart/SEA,2026.1
2026,SEA,Offense,QB,QB,2,10,2,0,False,False,,46458,Drew Lock,drewlock,"Lock, Drew U/NYG",09/01/2026 5:32PM ET,2026 Seattle Seahawks Depth Chart _ Ourlads.com.mhtml,https://www.ourlads.com/nfldepthcharts/pfdepthchart/SEA,2026.1
2026,SEA,Offense,QB,QB,3,10,3,0,False,False,,54239,Jalen Milroe,jalenmilroe,"Milroe, Jalen 25/3",09/01/2026 5:32PM ET,2026 Seattle Seahawks Depth Chart _ Ourlads.com.mhtml,https://www.ourlads.com/nfldepthcharts/pfdepthchart/SEA,2026.1
2026,SEA,Offense,RB,RB,1,11,1,0,True,False,lc_purple,54984,Jadarian Price,jadarianprice,"Price, Jadarian 26/1",09/01/2026 5:32PM ET,2026 Seattle Seahawks Depth Chart _ Ourlads.com.mhtml,https://www.ourlads.com/nfldepthcharts/pfdepthchart/SEA,2026.1
2026,SEA,Offense,RB,RB,2,11,2,0,False,False,,53693,George Holani,georgeholani,"Holani, George CF24",09/01/2026 5:32PM ET,2026 Seattle Seahawks Depth Chart _ Ourlads.com.mhtml,https://www.ourlads.com/nfldepthcharts/pfdepthchart/SEA,2026.1
2026,SEA,Offense,RB,RB,3,11,3,0,False,False,lc_gold,50958,Emanuel Wilson,emanuelwilson,"Wilson, Emanuel U/GB",09/01/2026 5:32PM ET,2026 Seattle Seahawks Depth Chart _ Ourlads.com.mhtml,https://www.ourlads.com/nfldepthcharts/pfdepthchart/SEA,2026.1
2026,SEA,Offense,TE,TE,1,9,1,0,True,False,,53350,AJ Barner,ajbarner,"Barner, AJ 24/4",09/01/2026 5:32PM ET,2026 Seattle Seahawks Depth Chart _ Ourlads.com.mhtml,https://www.ourlads.com/nfldepthcharts/pfdepthchart/SEA,2026.1
2026,SEA,Offense,TE,TE,2,9,2,0,False,False,,52566,ERIC SAUBERT,ericsaubert,"SAUBERT, ERIC U/SF",09/01/2026 5:32PM ET,2026 Seattle Seahawks Depth Chart _ Ourlads.com.mhtml,https://www.ourlads.com/nfldepthcharts/pfdepthchart/SEA,2026.1
2026,SEA,Offense,TE,TE,3,9,3,0,False,False,,54197,Elijah Arroyo,elijaharroyo,"Arroyo, Elijah 25/2",09/01/2026 5:32PM ET,2026 Seattle Seahawks Depth Chart _ Ourlads.com.mhtml,https://www.ourlads.com/nfldepthcharts/pfdepthchart/SEA,2026.1
2026,SEA,Offense,TE,TE,4,9,4,0,False,False,,54798,Nick Kallerup,nickkallerup,"Kallerup, Nick CF25",09/01/2026 5:32PM ET,2026 Seattle Seahawks Depth Chart _ Ourlads.com.mhtml,https://www.ourlads.com/nfldepthcharts/pfdepthchart/SEA,2026.1
2026,SEA,Offense,LWR,WR,1,1,1,0,True,False,,50099,Jaxon Smith-Njigba,jaxonsmithnjigba,"Smith-Njigba, Jaxon 23/1",09/01/2026 5:32PM ET,2026 Seattle Seahawks Depth Chart _ Ourlads.com.mhtml,https://www.ourlads.com/nfldepthcharts/pfdepthchart/SEA,2026.1
2026,SEA,Offense,LWR,WR,2,1,2,0,False,False,,54861,Montorie Foster Jr.,montoriefosterjr,"Foster Jr., Montorie CF25",09/01/2026 5:32PM ET,2026 Seattle Seahawks Depth Chart _ Ourlads.com.mhtml,https://www.ourlads.com/nfldepthcharts/pfdepthchart/SEA,2026.1
2026,SEA,Offense,RWR,WR,1,2,1,0,True,False,,48594,Rashid Shaheed,rashidshaheed,"Shaheed, Rashid T/NO",09/01/2026 5:32PM ET,2026 Seattle Seahawks Depth Chart _ Ourlads.com.mhtml,https://www.ourlads.com/nfldepthcharts/pfdepthchart/SEA,2026.1
2026,SEA,Offense,RWR,WR,2,2,2,0,False,False,,54313,Tory Horton,toryhorton,"Horton, Tory 25/5",09/01/2026 5:32PM ET,2026 Seattle Seahawks Depth Chart _ Ourlads.com.mhtml,https://www.ourlads.com/nfldepthcharts/pfdepthchart/SEA,2026.1
2026,SEA,Offense,SWR,WR,1,3,1,0,True,False,,30473,COOPER KUPP,cooperkupp,"KUPP, COOPER CC/LAR",09/01/2026 5:32PM ET,2026 Seattle Seahawks Depth Chart _ Ourlads.com.mhtml,https://www.ourlads.com/nfldepthcharts/pfdepthchart/SEA,2026.1
2026,SF,Offense,FB,FB,1,12,1,0,True,False,,30129,KYLE JUSZCZYK,kylejuszczyk,"JUSZCZYK, KYLE U/Bal",09/01/2026 1:24PM ET,2026 San Francisco 49ers Depth Chart _ Ourlads.com.mhtml,https://www.ourlads.com/nfldepthcharts/pfdepthchart/SF,2026.1
2026,SF,Offense,QB,QB,1,10,1,0,True,False,,47091,Brock Purdy,brockpurdy,"Purdy, Brock 22/7",09/01/2026 1:24PM ET,2026 San Francisco 49ers Depth Chart _ Ourlads.com.mhtml,https://www.ourlads.com/nfldepthcharts/pfdepthchart/SF,2026.1
2026,SF,Offense,QB,QB,2,10,2,0,False,False,,43332,Mac Jones,macjones,"Jones, Mac U/Jax",09/01/2026 1:24PM ET,2026 San Francisco 49ers Depth Chart _ Ourlads.com.mhtml,https://www.ourlads.com/nfldepthcharts/pfdepthchart/SF,2026.1
2026,SF,Offense,QB,QB,3,10,3,0,False,False,,54374,Kurtis Rourke,kurtisrourke,"Rourke, Kurtis 25/7",09/01/2026 1:24PM ET,2026 San Francisco 49ers Depth Chart _ Ourlads.com.mhtml,https://www.ourlads.com/nfldepthcharts/pfdepthchart/SF,2026.1
2026,SF,Offense,RB,RB,1,11,1,0,True,False,,49125,CHRISTIAN MCCAFFREY,christianmccaffrey,"MCCAFFREY, CHRISTIAN T/Car",09/01/2026 1:24PM ET,2026 San Francisco 49ers Depth Chart _ Ourlads.com.mhtml,https://www.ourlads.com/nfldepthcharts/pfdepthchart/SF,2026.1
2026,SF,Offense,RB,RB,2,11,2,0,False,False,,54294,Jordan James,jordanjames,"James, Jordan 25/5",09/01/2026 1:24PM ET,2026 San Francisco 49ers Depth Chart _ Ourlads.com.mhtml,https://www.ourlads.com/nfldepthcharts/pfdepthchart/SF,2026.1
2026,SF,Offense,RB,RB,3,11,3,0,False,False,lc_purple,55042,Kaelon Black,kaelonblack,"Black, Kaelon 26/3",09/01/2026 1:24PM ET,2026 San Francisco 49ers Depth Chart _ Ourlads.com.mhtml,https://www.ourlads.com/nfldepthcharts/pfdepthchart/SF,2026.1
2026,SF,Offense,TE,TE,1,9,1,0,True,False,,30551,GEORGE KITTLE,georgekittle,"KITTLE, GEORGE 17/5",09/01/2026 1:24PM ET,2026 San Francisco 49ers Depth Chart _ Ourlads.com.mhtml,https://www.ourlads.com/nfldepthcharts/pfdepthchart/SF,2026.1
2026,SF,Offense,TE,TE,2,9,2,0,False,False,,53165,Jake Tonges,jaketonges,"Tonges, Jake SF23",09/01/2026 1:24PM ET,2026 San Francisco 49ers Depth Chart _ Ourlads.com.mhtml,https://www.ourlads.com/nfldepthcharts/pfdepthchart/SF,2026.1
2026,SF,Offense,TE,TE,3,9,3,0,False,False,,43463,Luke Farrell,lukefarrell,"Farrell, Luke U/Jax",09/01/2026 1:24PM ET,2026 San Francisco 49ers Depth Chart _ Ourlads.com.mhtml,https://www.ourlads.com/nfldepthcharts/pfdepthchart/SF,2026.1
2026,SF,Offense,TE,TE,4,9,4,0,False,False,,50341,Brayden Willis,braydenwillis,"Willis, Brayden 23/7",09/01/2026 1:24PM ET,2026 San Francisco 49ers Depth Chart _ Ourlads.com.mhtml,https://www.ourlads.com/nfldepthcharts/pfdepthchart/SF,2026.1
2026,SF,Offense,LWR,WR,1,1,1,0,True,False,lc_gold,20930,MIKE EVANS,mikeevans,"EVANS, MIKE U/TB",09/01/2026 1:24PM ET,2026 San Francisco 49ers Depth Chart _ Ourlads.com.mhtml,https://www.ourlads.com/nfldepthcharts/pfdepthchart/SF,2026.1
2026,SF,Offense,LWR,WR,2,1,2,0,False,False,,51017,DEMARCUS ROBINSON,demarcusrobinson,"ROBINSON, DEMARCUS U/LAR",09/01/2026 1:24PM ET,2026 San Francisco 49ers Depth Chart _ Ourlads.com.mhtml,https://www.ourlads.com/nfldepthcharts/pfdepthchart/SF,2026.1
2026,SF,Offense,RWR,WR,1,2,1,0,True,False,lc_gold,37008,DEEBO SAMUEL SR.,deebosamuelsr,"SAMUEL SR., DEEBO U/Was",09/01/2026 1:24PM ET,2026 San Francisco 49ers Depth Chart _ Ourlads.com.mhtml,https://www.ourlads.com/nfldepthcharts/pfdepthchart/SF,2026.1
2026,SF,Offense,RWR,WR,2,2,2,0,False,False,,54285,Jordan Watkins,jordanwatkins,"Watkins, Jordan 25/4",09/01/2026 1:24PM ET,2026 San Francisco 49ers Depth Chart _ Ourlads.com.mhtml,https://www.ourlads.com/nfldepthcharts/pfdepthchart/SF,2026.1
2026,SF,Offense,SWR,WR,1,3,1,0,True,False,lc_purple,54985,De'Zhaun Stribling,dezhaunstribling,"Stribling, De'Zhaun 26/2",09/01/2026 1:24PM ET,2026 San Francisco 49ers Depth Chart _ Ourlads.com.mhtml,https://www.ourlads.com/nfldepthcharts/pfdepthchart/SF,2026.1
2026,SF,Offense,SWR,WR,2,3,2,0,False,False,,53364,Jacob Cowing,jacobcowing,"Cowing, Jacob 24/4",09/01/2026 1:24PM ET,2026 San Francisco 49ers Depth Chart _ Ourlads.com.mhtml,https://www.ourlads.com/nfldepthcharts/pfdepthchart/SF,2026.1
2026,TB,Offense,QB,QB,1,10,1,0,True,False,,49875,BAKER MAYFIELD,bakermayfield,"MAYFIELD, BAKER U/LAR",09/01/2026 5:27PM ET,2026 Tampa Bay Buccaneers Depth Chart _ Ourlads.com.mhtml,https://www.ourlads.com/nfldepthcharts/pfdepthchart/TB,2026.1
2026,TB,Offense,QB,QB,2,10,2,0,False,False,lc_aqua,55547,Jalon Daniels,jalondaniels,"Daniels, Jalon CF26",09/01/2026 5:27PM ET,2026 Tampa Bay Buccaneers Depth Chart _ Ourlads.com.mhtml,https://www.ourlads.com/nfldepthcharts/pfdepthchart/TB,2026.1
2026,TB,Offense,RB,RB,1,11,1,0,True,False,,53354,Bucky Irving,buckyirving,"Irving, Bucky 24/4",09/01/2026 5:27PM ET,2026 Tampa Bay Buccaneers Depth Chart _ Ourlads.com.mhtml,https://www.ourlads.com/nfldepthcharts/pfdepthchart/TB,2026.1
2026,TB,Offense,RB,RB,2,11,2,0,False,False,lc_gold,43468,Kenny Gainwell,kennygainwell,"Gainwell, Kenny U/Pit",09/01/2026 5:27PM ET,2026 Tampa Bay Buccaneers Depth Chart _ Ourlads.com.mhtml,https://www.ourlads.com/nfldepthcharts/pfdepthchart/TB,2026.1
2026,TB,Offense,RB,RB,3,11,3,0,False,False,,50872,Sean Tucker,seantucker,"Tucker, Sean CF23",09/01/2026 5:27PM ET,2026 Tampa Bay Buccaneers Depth Chart _ Ourlads.com.mhtml,https://www.ourlads.com/nfldepthcharts/pfdepthchart/TB,2026.1
2026,TB,Offense,TE,TE,1,9,1,0,True,False,,46933,Cade Otton,cadeotton,"Otton, Cade 22/4",09/01/2026 5:27PM ET,2026 Tampa Bay Buccaneers Depth Chart _ Ourlads.com.mhtml,https://www.ourlads.com/nfldepthcharts/pfdepthchart/TB,2026.1
2026,TB,Offense,TE,TE,2,9,2,0,False,False,,50253,Payne Durham,paynedurham,"Durham, Payne 23/5",09/01/2026 5:27PM ET,2026 Tampa Bay Buccaneers Depth Chart _ Ourlads.com.mhtml,https://www.ourlads.com/nfldepthcharts/pfdepthchart/TB,2026.1
2026,TB,Offense,TE,TE,3,9,3,0,False,False,,47046,Ko Kieft,kokieft,"Kieft, Ko 22/6",09/01/2026 5:27PM ET,2026 Tampa Bay Buccaneers Depth Chart _ Ourlads.com.mhtml,https://www.ourlads.com/nfldepthcharts/pfdepthchart/TB,2026.1
2026,TB,Offense,TE,TE,4,9,4,0,False,False,lc_purple,55137,Bauer Sharp,bauersharp,"Sharp, Bauer 26/6",09/01/2026 5:27PM ET,2026 Tampa Bay Buccaneers Depth Chart _ Ourlads.com.mhtml,https://www.ourlads.com/nfldepthcharts/pfdepthchart/TB,2026.1
2026,TB,Offense,LWR,WR,1,1,1,0,True,False,,53321,Jalen McMillan,jalenmcmillan,"McMillan, Jalen 24/3",09/01/2026 5:27PM ET,2026 Tampa Bay Buccaneers Depth Chart _ Ourlads.com.mhtml,https://www.ourlads.com/nfldepthcharts/pfdepthchart/TB,2026.1
2026,TB,Offense,LWR,WR,2,1,2,0,False,False,lc_purple,55036,Ted Hurst III,tedhurstiii,"Hurst III, Ted 26/3",09/01/2026 5:27PM ET,2026 Tampa Bay Buccaneers Depth Chart _ Ourlads.com.mhtml,https://www.ourlads.com/nfldepthcharts/pfdepthchart/TB,2026.1
2026,TB,Offense,RWR,WR,1,2,1,0,True,False,,54166,Emeka Egbuka,emekaegbuka,"Egbuka, Emeka 25/1",09/01/2026 5:27PM ET,2026 Tampa Bay Buccaneers Depth Chart _ Ourlads.com.mhtml,https://www.ourlads.com/nfldepthcharts/pfdepthchart/TB,2026.1
2026,TB,Offense,RWR,WR,2,2,2,0,False,False,,54382,Tez Johnson,tezjohnson,"Johnson, Tez 25/7",09/01/2026 5:27PM ET,2026 Tampa Bay Buccaneers Depth Chart _ Ourlads.com.mhtml,https://www.ourlads.com/nfldepthcharts/pfdepthchart/TB,2026.1
2026,TB,Offense,SWR,WR,1,3,1,0,True,False,,30488,CHRIS GODWIN JR.,chrisgodwinjr,"GODWIN JR., CHRIS 17/3",09/01/2026 5:27PM ET,2026 Tampa Bay Buccaneers Depth Chart _ Ourlads.com.mhtml,https://www.ourlads.com/nfldepthcharts/pfdepthchart/TB,2026.1
2026,TB,Offense,SWR,WR,2,3,2,0,False,False,,53918,Kameron Johnson,kameronjohnson,"Johnson, Kameron CF24",09/01/2026 5:27PM ET,2026 Tampa Bay Buccaneers Depth Chart _ Ourlads.com.mhtml,https://www.ourlads.com/nfldepthcharts/pfdepthchart/TB,2026.1
2026,TEN,Offense,QB,QB,1,10,1,0,True,False,,54148,Cam Ward,camward,"Ward, Cam 25/1",09/01/2026 6:03PM ET,2026 Tennessee Titans Depth Chart _ Ourlads.com.mhtml,https://www.ourlads.com/nfldepthcharts/pfdepthchart/TEN,2026.1
2026,TEN,Offense,QB,QB,2,10,2,0,False,False,lc_gold,46477,MITCHELL TRUBISKY,mitchelltrubisky,"TRUBISKY, MITCHELL U/Buf",09/01/2026 6:03PM ET,2026 Tennessee Titans Depth Chart _ Ourlads.com.mhtml,https://www.ourlads.com/nfldepthcharts/pfdepthchart/TEN,2026.1
2026,TEN,Offense,RB,RB,1,11,1,0,True,False,,37100,Tony Pollard,tonypollard,"Pollard, Tony U/Dal",09/01/2026 6:03PM ET,2026 Tennessee Titans Depth Chart _ Ourlads.com.mhtml,https://www.ourlads.com/nfldepthcharts/pfdepthchart/TEN,2026.1
2026,TEN,Offense,RB,RB,2,11,2,0,False,False,,50160,Tyjae Spears,tyjaespears,"Spears, Tyjae 23/3",09/01/2026 6:03PM ET,2026 Tennessee Titans Depth Chart _ Ourlads.com.mhtml,https://www.ourlads.com/nfldepthcharts/pfdepthchart/TEN,2026.1
2026,TEN,Offense,RB,RB,3,11,3,0,False,False,lc_purple,55117,Nicholas Singleton,nicholassingleton,"Singleton, Nicholas 26/5",09/01/2026 6:03PM ET,2026 Tennessee Titans Depth Chart _ Ourlads.com.mhtml,https://www.ourlads.com/nfldepthcharts/pfdepthchart/TEN,2026.1
2026,TEN,Offense,RB,RB,4,11,4,0,False,False,,48970,Julius Chestnut,juliuschestnut,"Chestnut, Julius CF22",09/01/2026 6:03PM ET,2026 Tennessee Titans Depth Chart _ Ourlads.com.mhtml,https://www.ourlads.com/nfldepthcharts/pfdepthchart/TEN,2026.1
2026,TEN,Offense,TE,TE,1,9,1,0,True,False,,54267,Gunnar Helm,gunnarhelm,"Helm, Gunnar 25/4",09/01/2026 6:03PM ET,2026 Tennessee Titans Depth Chart _ Ourlads.com.mhtml,https://www.ourlads.com/nfldepthcharts/pfdepthchart/TEN,2026.1
2026,TEN,Offense,TE,TE,2,9,2,0,False,False,lc_gold,46939,Daniel Bellinger,danielbellinger,"Bellinger, Daniel U/NYG",09/01/2026 6:03PM ET,2026 Tennessee Titans Depth Chart _ Ourlads.com.mhtml,https://www.ourlads.com/nfldepthcharts/pfdepthchart/TEN,2026.1
2026,TEN,Offense,TE,TE,3,9,3,0,False,False,lc_gold,43445,Kylen Granson,kylengranson,"Granson, Kylen U/Phi",09/01/2026 6:03PM ET,2026 Tennessee Titans Depth Chart _ Ourlads.com.mhtml,https://www.ourlads.com/nfldepthcharts/pfdepthchart/TEN,2026.1
2026,TEN,Offense,TE,TE,4,9,4,0,False,False,,53714,David Martin-Robinson,davidmartinrobinson,"Martin-Robinson, David CF24",09/01/2026 6:03PM ET,2026 Tennessee Titans Depth Chart _ Ourlads.com.mhtml,https://www.ourlads.com/nfldepthcharts/pfdepthchart/TEN,2026.1
2026,TEN,Offense,LWR,WR,1,1,1,0,True,False,,49201,CALVIN RIDLEY,calvinridley,"RIDLEY, CALVIN U/Jax",09/01/2026 6:03PM ET,2026 Tennessee Titans Depth Chart _ Ourlads.com.mhtml,https://www.ourlads.com/nfldepthcharts/pfdepthchart/TEN,2026.1
2026,TEN,Offense,LWR,WR,2,1,2,0,False,False,,54283,Elic Ayomanor,elicayomanor,"Ayomanor, Elic 25/4",09/01/2026 6:03PM ET,2026 Tennessee Titans Depth Chart _ Ourlads.com.mhtml,https://www.ourlads.com/nfldepthcharts/pfdepthchart/TEN,2026.1
2026,TEN,Offense,RWR,WR,1,2,1,0,True,False,lc_purple,54956,Carnell Tate,carnelltate,"Tate, Carnell 26/1",09/01/2026 6:03PM ET,2026 Tennessee Titans Depth Chart _ Ourlads.com.mhtml,https://www.ourlads.com/nfldepthcharts/pfdepthchart/TEN,2026.1
2026,TEN,Offense,SWR,WR,1,3,1,0,True,False,lc_gold,46870,Wan'Dale Robinson,wandalerobinson,"Robinson, Wan'Dale U/NYG",09/01/2026 6:03PM ET,2026 Tennessee Titans Depth Chart _ Ourlads.com.mhtml,https://www.ourlads.com/nfldepthcharts/pfdepthchart/TEN,2026.1
2026,TEN,Offense,SWR,WR,2,3,2,0,False,False,,54250,Chimere Dike,chimeredike,"Dike, Chimere 25/4",09/01/2026 6:03PM ET,2026 Tennessee Titans Depth Chart _ Ourlads.com.mhtml,https://www.ourlads.com/nfldepthcharts/pfdepthchart/TEN,2026.1
2026,WAS,Offense,QB,QB,1,10,1,0,True,False,,53230,Jayden Daniels,jaydendaniels,"Daniels, Jayden 24/1",09/01/2026 2:20PM ET,2026 Washington Commanders Depth Chart _ Ourlads.com.mhtml,https://www.ourlads.com/nfldepthcharts/pfdepthchart/WAS,2026.1
2026,WAS,Offense,QB,QB,2,10,2,0,False,False,,49913,MARCUS MARIOTA,marcusmariota,"MARIOTA, MARCUS U/Phi",09/01/2026 2:20PM ET,2026 Washington Commanders Depth Chart _ Ourlads.com.mhtml,https://www.ourlads.com/nfldepthcharts/pfdepthchart/WAS,2026.1
2026,WAS,Offense,QB,QB,3,10,3,0,False,False,lc_purple,55175,Athan Kaliakmanis,athankaliakmanis,"Kaliakmanis, Athan 26/7",09/01/2026 2:20PM ET,2026 Washington Commanders Depth Chart _ Ourlads.com.mhtml,https://www.ourlads.com/nfldepthcharts/pfdepthchart/WAS,2026.1
2026,WAS,Offense,RB,RB,1,11,1,0,True,False,,54392,Jacory Croskey-Merritt,jacorycroskeymerritt,"Croskey-Merritt, Jacory 25/7",09/01/2026 2:20PM ET,2026 Washington Commanders Depth Chart _ Ourlads.com.mhtml,https://www.ourlads.com/nfldepthcharts/pfdepthchart/WAS,2026.1
2026,WAS,Offense,RB,RB,2,11,2,0,False,False,lc_gold,46919,Rachaad White,rachaadwhite,"White, Rachaad U/TB",09/01/2026 2:20PM ET,2026 Washington Commanders Depth Chart _ Ourlads.com.mhtml,https://www.ourlads.com/nfldepthcharts/pfdepthchart/WAS,2026.1
2026,WAS,Offense,RB,RB,3,11,3,0,False,False,lc_purple,55139,Kaytron Allen,kaytronallen,"Allen, Kaytron 26/6",09/01/2026 2:20PM ET,2026 Washington Commanders Depth Chart _ Ourlads.com.mhtml,https://www.ourlads.com/nfldepthcharts/pfdepthchart/WAS,2026.1
2026,WAS,Offense,TE,TE,1,9,1,0,True,False,lc_gold,46970,Chig Okonkwo,chigokonkwo,"Okonkwo, Chig U/Ten",09/01/2026 2:20PM ET,2026 Washington Commanders Depth Chart _ Ourlads.com.mhtml,https://www.ourlads.com/nfldepthcharts/pfdepthchart/WAS,2026.1
2026,WAS,Offense,TE,TE,2,9,2,0,False,False,,43442,John Bates,johnbates,"Bates, John 21/4",09/01/2026 2:20PM ET,2026 Washington Commanders Depth Chart _ Ourlads.com.mhtml,https://www.ourlads.com/nfldepthcharts/pfdepthchart/WAS,2026.1
2026,WAS,Offense,TE,TE,3,9,3,0,False,False,,53281,Ben Sinnott,bensinnott,"Sinnott, Ben 24/2",09/01/2026 2:20PM ET,2026 Washington Commanders Depth Chart _ Ourlads.com.mhtml,https://www.ourlads.com/nfldepthcharts/pfdepthchart/WAS,2026.1
2026,WAS,Offense,TE,TE,4,9,4,0,False,False,,53849,Colson Yankoff,colsonyankoff,"Yankoff, Colson CF24",09/01/2026 2:20PM ET,2026 Washington Commanders Depth Chart _ Ourlads.com.mhtml,https://www.ourlads.com/nfldepthcharts/pfdepthchart/WAS,2026.1
2026,WAS,Offense,LWR,WR,1,1,1,0,True,False,,37048,TERRY MCLAURIN,terrymclaurin,"MCLAURIN, TERRY 19/3",09/01/2026 2:20PM ET,2026 Washington Commanders Depth Chart _ Ourlads.com.mhtml,https://www.ourlads.com/nfldepthcharts/pfdepthchart/WAS,2026.1
2026,WAS,Offense,LWR,WR,2,1,2,0,False,False,lc_gold,43400,Dyami Brown,dyamibrown,"Brown, Dyami U/Jax",09/01/2026 2:20PM ET,2026 Washington Commanders Depth Chart _ Ourlads.com.mhtml,https://www.ourlads.com/nfldepthcharts/pfdepthchart/WAS,2026.1
2026,WAS,Offense,RWR,WR,1,2,1,0,True,False,lc_gold,40044,STEFON DIGGS,stefondiggs,"DIGGS, STEFON CC/NE",09/01/2026 2:20PM ET,2026 Washington Commanders Depth Chart _ Ourlads.com.mhtml,https://www.ourlads.com/nfldepthcharts/pfdepthchart/WAS,2026.1
2026,WAS,Offense,RWR,WR,2,2,2,0,False,False,,46840,Treylon Burks,treylonburks,"Burks, Treylon SF25",09/01/2026 2:20PM ET,2026 Washington Commanders Depth Chart _ Ourlads.com.mhtml,https://www.ourlads.com/nfldepthcharts/pfdepthchart/WAS,2026.1
2026,WAS,Offense,SWR,WR,1,3,1,0,True,False,lc_purple,55023,Antonio Williams,antoniowilliams,"Williams, Antonio 26/3",09/01/2026 2:20PM ET,2026 Washington Commanders Depth Chart _ Ourlads.com.mhtml,https://www.ourlads.com/nfldepthcharts/pfdepthchart/WAS,2026.1
2026,WAS,Offense,SWR,WR,2,3,2,0,False,False,,53329,Luke McCaffrey,lukemccaffrey,"McCaffrey, Luke 24/3",09/01/2026 2:20PM ET,2026 Washington Commanders Depth Chart _ Ourlads.com.mhtml,https://www.ourlads.com/nfldepthcharts/pfdepthchart/WAS,2026.1
2026,WAS,Offense,SWR,WR,3,3,3,0,False,False,,54275,Jaylin Lane,jaylinlane,"Lane, Jaylin 25/4",09/01/2026 2:20PM ET,2026 Washington Commanders Depth Chart _ Ourlads.com.mhtml,https://www.ourlads.com/nfldepthcharts/pfdepthchart/WAS,2026.1
2025,ATL,Offense,QB,QB,1,10,1,0,True,False,,53236,Michael Penix Jr.,michaelpenixjr,"Penix Jr., Michael 24/1",09/02/2026 2:16PM ET,2026 Atlanta Falcons Depth Chart _ Ourlads.com.mhtml,https://www.ourlads.com/nfldepthcharts/pfdepthchart/ATL,2026.1
2025,ATL,Offense,QB,QB,2,10,2,0,False,False,lc_gold,40245,Tua Tagovailoa,tuatagovailoa,"Tagovailoa, Tua CC/Mia",09/02/2026 2:16PM ET,2026 Atlanta Falcons Depth Chart _ Ourlads.com.mhtml,https://www.ourlads.com/nfldepthcharts/pfdepthchart/ATL,2026.1
2025,ATL,Offense,QB,QB,3,10,3,0,False,False,lc_gold,48178,COOPER RUSH,cooperrush,"RUSH, COOPER CC/Bal",09/02/2026 2:16PM ET,2026 Atlanta Falcons Depth Chart _ Ourlads.com.mhtml,https://www.ourlads.com/nfldepthcharts/pfdepthchart/ATL,2026.1
2025,ATL,Offense,QB,QB,4,10,4,0,False,False,lc_aqua,55211,Jack Strand,jackstrand,"Strand, Jack CF26",09/02/2026 2:16PM ET,2026 Atlanta Falcons Depth Chart _ Ourlads.com.mhtml,https://www.ourlads.com/nfldepthcharts/pfdepthchart/ATL,2026.1
2025,ATL,Offense,RB,RB,1,11,1,0,True,False,,50087,Bijan Robinson,bijanrobinson,"Robinson, Bijan 23/1",09/02/2026 2:16PM ET,2026 Atlanta Falcons Depth Chart _ Ourlads.com.mhtml,https://www.ourlads.com/nfldepthcharts/pfdepthchart/ATL,2026.1
2025,ATL,Offense,RB,RB,2,11,2,0,False,False,lc_gold,46925,Brian Robinson,brianrobinson,"Robinson, Brian U/SF",09/02/2026 2:16PM ET,2026 Atlanta Falcons Depth Chart _ Ourlads.com.mhtml,https://www.ourlads.com/nfldepthcharts/pfdepthchart/ATL,2026.1
2025,ATL,Offense,TE,TE,1,9,1,0,True,False,,43321,Kyle Pitts Sr.,kylepittssr,"Pitts Sr., Kyle 21/1",09/02/2026 2:16PM ET,2026 Atlanta Falcons Depth Chart _ Ourlads.com.mhtml,https://www.ourlads.com/nfldepthcharts/pfdepthchart/ATL,2026.1
2025,ATL,Offense,TE,TE,2,9,2,0,False,False,,40431,Charlie Woerner,charliewoerner,"Woerner, Charlie U/SF",09/02/2026 2:16PM ET,2026 Atlanta Falcons Depth Chart _ Ourlads.com.mhtml,https://www.ourlads.com/nfldepthcharts/pfdepthchart/ATL,2026.1
2025,ATL,Offense,TE,TE,3,9,3,0,False,False,lc_gold,49983,AUSTIN HOOPER,austinhooper,"HOOPER, AUSTIN U/NE",09/02/2026 2:16PM ET,2026 Atlanta Falcons Depth Chart _ Ourlads.com.mhtml,https://www.ourlads.com/nfldepthcharts/pfdepthchart/ATL,2026.1
2025,ATL,Offense,LWR,WR,1,1,1,0,True,False,,46833,Drake London,drakelondon,"London, Drake 22/1",09/02/2026 2:16PM ET,2026 Atlanta Falcons Depth Chart _ Ourlads.com.mhtml,https://www.ourlads.com/nfldepthcharts/pfdepthchart/ATL,2026.1
2025,ATL,Offense,RWR,WR,1,2,1,0,True,False,lc_gold,46857,Jahan Dotson,jahandotson,"Dotson, Jahan U/Phi",09/02/2026 2:16PM ET,2026 Atlanta Falcons Depth Chart _ Ourlads.com.mhtml,https://www.ourlads.com/nfldepthcharts/pfdepthchart/ATL,2026.1
2025,ATL,Offense,RWR,WR,2,2,2,0,False,False,,52327,Chris Blair,chrisblair,"Blair, Chris SF23",09/02/2026 2:16PM ET,2026 Atlanta Falcons Depth Chart _ Ourlads.com.mhtml,https://www.ourlads.com/nfldepthcharts/pfdepthchart/ATL,2026.1
2025,ATL,Offense,SWR,WR,1,3,1,0,True,False,lc_gold,50076,Olamide Zaccheaus,olamidezaccheaus,"Zaccheaus, Olamide U/Chi",09/02/2026 2:16PM ET,2026 Atlanta Falcons Depth Chart _ Ourlads.com.mhtml,https://www.ourlads.com/nfldepthcharts/pfdepthchart/ATL,2026.1
2025,ATL,Offense,SWR,WR,2,3,2,0,False,False,lc_purple,55031,Zachariah Branch,zachariahbranch,"Branch, Zachariah 26/3",09/02/2026 2:16PM ET,2026 Atlanta Falcons Depth Chart _ Ourlads.com.mhtml,https://www.ourlads.com/nfldepthcharts/pfdepthchart/ATL,2026.1
