player,player_id,position,team_name,player_game_count,base_snap_counts_coverage,declined_penalties,franchise_id,man_assists,man_avg_depth_of_target,man_catch_rate,man_coverage_percent,man_coverage_snaps_per_reception,man_coverage_snaps_per_target,man_dropped_ints,man_forced_incompletes,man_forced_incompletion_rate,man_grades_coverage_defense,man_interceptions,man_longest,man_missed_tackle_rate,man_missed_tackles,man_pass_break_ups,man_qb_rating_against,man_receptions,man_snap_counts_coverage,man_snap_counts_coverage_percent,man_snap_counts_pass_play,man_stops,man_tackles,man_targets,man_touchdowns,man_yards,man_yards_after_catch,man_yards_per_coverage_snap,man_yards_per_reception,penalties,zone_assists,zone_avg_depth_of_target,zone_catch_rate,zone_coverage_percent,zone_coverage_snaps_per_reception,zone_coverage_snaps_per_target,zone_dropped_ints,zone_forced_incompletes,zone_forced_incompletion_rate,zone_grades_coverage_defense,zone_interceptions,zone_longest,zone_missed_tackle_rate,zone_missed_tackles,zone_pass_break_ups,zone_qb_rating_against,zone_receptions,zone_snap_counts_coverage,zone_snap_counts_coverage_percent,zone_snap_counts_pass_play,zone_stops,zone_tackles,zone_targets,zone_touchdowns,zone_yards,zone_yards_after_catch,zone_yards_per_coverage_snap,zone_yards_per_reception
Calais Campbell,4364,DI,MIA,17,13,0,17,0,,,7.6,,,0,0,,59.0,0,,,0,0,0.0,0,8,61.5,105,1,0,0,0,0,0,0.0,,0,1,,,1.6,,,0,0,,64.4,0,,57.1,4,0,0.0,0,4,30.8,246,5,2,0,0,0,0,0.0,
Brandon Graham,5538,ED,PHI,12,16,0,24,0,,,1.9,,,0,0,,62.3,0,,,0,0,0.0,0,1,6.3,54,0,0,0,0,0,0,0.0,,0,0,-3.0,100.0,14.4,14.0,14.0,0,0,0.0,50.1,0,5,60.0,3,0,87.5,1,14,87.5,97,5,2,1,0,5,8,0.4,5.0
Kareem Jackson,5545,S,BUF,1,29,0,4,1,,,80.0,,,0,0,,62.0,0,,0.0,0,0,0.0,0,4,13.8,5,0,0,0,0,0,0,0.0,,0,0,,,95.0,,,0,0,,63.8,0,,0.0,0,0,0.0,0,19,65.5,20,0,1,0,0,0,0,0.0,
Jerry Hughes,5556,ED,HST,7,3,0,13,0,,,0.0,,,0,0,,60.0,0,,0.0,0,0,0.0,0,0,0.0,13,0,1,0,0,0,0,,,0,0,,,8.3,,,0,0,,60.5,0,,,0,0,0.0,0,3,100.0,36,0,0,0,0,0,0,0.0,
Von Miller,6154,ED,BUF,16,13,0,4,0,,,6.3,,,0,0,,63.8,0,,0.0,0,0,0.0,0,4,30.8,63,0,1,0,0,0,0,0.0,,0,0,,,4.8,,,0,0,,68.2,0,,33.3,1,0,0.0,0,7,53.8,146,6,2,0,0,0,0,0.0,
Cameron Jordan,6176,ED,NO,17,8,0,20,0,,,3.9,,,0,0,,62.6,0,,,0,0,0.0,0,4,50.0,102,1,0,0,0,0,0,0.0,,0,2,,,1.5,,,0,0,,69.2,1,,14.3,1,0,0.0,0,3,37.5,203,5,4,0,0,0,0,0.0,
Nick Bellore,6515,LB,WAS,4,4,0,32,0,,,,,,0,0,,,0,,,0,0,0.0,0,0,0.0,0,0,0,0,0,0,0,,,0,0,-3.5,100.0,100.0,1.5,1.5,0,0,0.0,79.4,0,2,0.0,0,0,79.2,2,3,75.0,3,1,1,2,0,-4,3,-1.3,-2.0
Stephon Gilmore,7016,CB,MIN,16,611,0,18,0,9.9,47.4,100.0,13.6,6.4,0,3,15.8,50.3,0,25,0.0,0,3,82.3,9,128,20.9,128,0,6,19,1,106,48,0.9,11.8,0,7,6.9,71.2,100.0,10.6,7.5,0,6,11.5,69.5,0,27,13.2,5,6,100.6,37,412,67.4,412,11,26,52,2,330,146,0.8,8.9
Bobby Wagner,7050,LB,WAS,20,610,0,32,2,3.0,50.0,75.5,41.5,20.8,0,1,12.5,73.6,0,13,0.0,0,1,56.3,4,182,29.8,241,3,6,8,0,22,18,0.1,5.5,0,7,6.0,72.7,86.2,13.8,10.1,0,2,6.1,52.0,0,32,10.3,3,2,99.4,24,349,57.2,405,11,19,33,0,291,185,0.9,12.1
Lavonte David,7060,LB,TB,18,621,0,30,0,8.2,54.5,78.4,15.0,8.2,0,1,9.1,40.7,0,30,0.0,0,1,80.1,6,105,16.9,134,2,3,11,0,86,42,1.0,14.3,0,11,3.9,88.2,80.8,6.7,5.9,0,4,5.3,65.2,1,49,16.7,11,3,98.6,67,467,75.2,578,20,44,76,1,602,358,1.3,9.0
Demario Davis,7079,LB,NO,16,596,0,20,1,0.3,75.0,74.4,15.1,11.3,0,0,0.0,37.8,0,15,12.5,1,0,100.0,9,145,24.3,195,3,6,12,0,102,113,0.8,11.3,0,11,6.1,81.8,97.2,13.5,11.0,0,2,6.1,70.3,1,23,7.5,3,2,88.9,27,382,64.1,393,10,26,33,0,276,128,0.8,10.2
Rodney McLeod,7271,S,CLV,17,304,0,8,1,5.8,60.0,98.4,18.3,11.0,0,2,20.0,58.9,0,17,0.0,0,2,73.8,6,121,39.8,123,1,6,10,0,52,29,0.5,8.7,0,0,9.0,60.0,93.2,16.0,9.6,0,2,13.3,41.4,0,14,33.3,4,2,90.1,9,150,49.3,161,3,8,15,1,57,47,0.4,6.3
Tashaun Gipson Sr.,7288,S,SF,5,32,0,28,0,11.0,0.0,100.0,,13.0,0,1,100.0,73.6,0,,,0,1,39.6,0,14,43.8,14,0,0,1,0,0,0,0.0,,0,0,,,100.0,,,0,0,,50.3,0,,0.0,0,0,0.0,0,18,56.3,18,0,2,0,0,0,0,0.0,
Harrison Smith,7641,S,MIN,17,636,0,18,0,14.8,50.0,84.3,60.5,30.3,1,3,75.0,67.1,0,19,50.0,2,3,69.8,2,129,20.3,153,2,2,4,0,25,8,0.2,12.5,0,12,10.6,72.7,94.0,13.0,9.4,0,2,4.5,62.6,2,42,8.3,4,2,96.4,32,435,68.4,463,6,32,44,2,396,195,1.0,12.4
Darius Slay,7817,CB,PHI,18,625,0,24,0,12.3,44.0,100.0,12.5,5.5,0,6,24.0,65.9,0,36,0.0,0,5,88.4,11,150,24.0,150,2,10,25,2,138,56,1.0,12.5,0,3,13.1,47.6,100.0,16.2,7.7,1,10,23.8,76.4,0,51,7.1,2,10,76.3,20,337,53.9,337,5,23,42,1,268,71,0.8,13.4
Johnathan Hankins,7830,DI,SEA,17,1,0,29,0,,,2.6,,,0,0,,62.4,1,,,0,0,0.0,0,1,100.0,39,0,0,0,0,0,0,0.0,,0,0,,,0.0,,,0,0,,61.1,0,,,0,0,0.0,0,0,0.0,96,1,0,0,0,0,0,,
Tyrann Mathieu,7850,S,NO,17,617,0,20,0,4.8,100.0,97.8,42.3,42.3,1,1,25.0,56.7,1,50,27.3,3,1,79.2,4,178,28.8,182,1,8,4,0,91,72,0.5,22.8,0,2,18.8,68.8,98.7,32.5,22.3,0,1,6.3,49.8,1,45,14.8,4,0,85.4,11,376,60.9,381,3,21,16,0,261,68,0.7,23.7
John Jenkins,7863,DI,LV,17,1,0,23,0,,,0.0,,,0,0,,,0,,,0,0,0.0,0,0,0.0,73,1,0,0,0,0,0,,,0,0,,,0.6,,,0,0,,56.2,0,,100.0,1,0,0.0,0,1,100.0,171,0,0,0,0,0,0,0.0,
Jordan Poyer,8000,S,MIA,16,600,0,17,4,7.9,63.6,94.9,17.3,11.0,0,0,0.0,59.1,0,23,10.0,1,0,116.5,7,131,21.8,138,1,5,11,1,82,47,0.7,11.7,0,13,8.9,80.0,97.9,22.7,18.2,1,3,15.0,64.1,0,27,9.3,4,3,120.8,16,378,63.0,386,6,26,20,1,180,73,0.5,11.3
Tony Jefferson,8361,S,LAC,7,147,0,27,0,7.0,66.7,94.7,8.5,5.7,0,1,33.3,84.2,0,8,0.0,0,0,75.7,2,18,12.2,19,2,3,3,0,13,3,0.8,6.5,0,1,-2.2,100.0,100.0,18.2,18.2,0,0,0.0,69.7,0,5,0.0,0,0,79.2,5,96,65.3,96,3,8,5,0,5,16,0.1,1.0
Jadeveon Clowney,8636,ED,CAR,14,49,0,5,0,7.0,100.0,4.6,4.0,4.0,0,0,0.0,61.3,0,15,33.3,1,0,118.8,1,4,8.2,87,3,2,1,0,15,8,3.8,15.0,0,1,4.0,100.0,14.0,30.0,30.0,0,0,0.0,59.0,0,15,50.0,4,0,118.8,1,34,69.4,243,6,3,1,0,15,11,0.5,15.0
Khalil Mack,8640,ED,LAC,17,17,0,27,0,,,5.7,,,0,0,,69.5,0,,50.0,1,0,0.0,0,5,29.4,87,2,1,0,0,0,0,0.0,,0,1,5.0,100.0,4.4,11.0,11.0,0,0,0.0,74.6,0,11,0.0,0,0,112.5,1,12,70.6,272,4,3,1,0,11,6,1.0,11.0
C.J. Mosley,8652,LB,NYJ,4,44,0,22,0,,,78.6,,,0,0,,52.5,0,,,0,0,0.0,0,11,25.0,14,0,0,0,0,0,0,0.0,,0,1,5.3,100.0,100.0,7.0,7.0,0,0,0.0,64.1,0,15,14.3,1,0,103.1,4,29,65.9,29,1,5,4,0,35,14,1.3,8.8
Jimmie Ward,8665,S,HST,10,296,0,13,2,4.7,42.9,97.3,21.0,9.0,0,1,14.3,66.7,0,14,0.0,0,0,53.3,3,71,24.0,73,2,3,7,0,26,18,0.4,8.7,0,8,6.5,78.1,98.4,6.7,5.3,0,1,3.1,71.8,2,63,4.2,1,1,106.1,25,180,60.8,183,4,15,32,2,343,169,2.0,13.7
DeMarcus Lawrence,8669,ED,DAL,4,3,0,9,0,,,0.0,,,0,0,,,0,,100.0,1,0,0.0,0,0,0.0,17,1,0,0,0,0,0,,,0,0,,,5.0,,,0,0,,60.3,0,,100.0,2,0,0.0,0,3,100.0,60,1,0,0,0,0,0,0.0,
Kyle Van Noy,8675,ED,BLT,18,62,0,3,0,6.0,100.0,10.6,19.0,19.0,0,0,0.0,71.2,0,24,0.0,0,0,118.8,1,21,33.9,199,7,2,1,0,24,18,1.3,24.0,0,1,7.1,100.0,16.0,5.4,5.4,0,0,0.0,59.4,0,26,18.2,2,0,114.3,7,39,62.9,243,10,8,7,0,80,30,2.1,11.4
Brent Urban,8769,DI,BLT,14,3,0,3,1,,,0.0,,,0,0,,60.0,0,,0.0,0,0,0.0,0,0,0.0,23,0,0,0,0,0,0,,,0,1,,,2.9,,,0,0,,56.6,0,,0.0,0,0,0.0,0,2,66.7,68,0,0,0,0,0,0,0.0,
Shelby Harris,8869,DI,CLV,14,6,0,8,0,,,0.9,,,0,0,,60.0,0,,,0,0,0.0,0,1,16.7,114,0,0,0,0,0,0,0.0,,0,1,6.0,100.0,3.6,4.0,4.0,0,0,0.0,60.3,0,12,25.0,1,0,116.7,1,5,83.3,140,3,2,1,0,12,6,3.0,12.0
Denico Autry,8982,ED,HST,12,4,0,13,0,,,0.0,,,0,0,,,0,,,0,0,0.0,0,0,0.0,68,2,0,0,0,0,0,,,0,1,,,1.9,,,0,0,,61.1,0,,0.0,0,0,0.0,0,3,75.0,161,1,1,0,0,0,0,0.0,
Shaquil Barrett,9000,ED,TB,2,3,0,30,0,,,0.0,,,0,0,,,0,,,0,0,0.0,0,0,0.0,1,0,0,0,0,0,0,,,0,1,1.0,100.0,27.3,3.0,3.0,0,0,0.0,90.4,0,2,0.0,0,0,79.2,1,3,100.0,11,2,2,1,0,2,1,0.7,2.0
C.J. Goodwin,9243,CB,DAL,2,1,0,9,0,,,,,,0,0,,,0,,,0,0,0.0,0,0,0.0,0,0,0,0,0,0,0,,,0,0,,,100.0,,,0,0,,60.2,0,,,0,0,0.0,0,1,100.0,1,0,0,0,0,0,0,0.0,
Mike Pennel,9316,DI,KC,20,6,0,16,0,,,0.0,,,0,0,,60.0,0,,,0,0,0.0,0,0,0.0,46,0,0,0,0,0,0,,,0,1,0.0,100.0,5.3,6.0,6.0,0,0,0.0,59.1,0,21,0.0,0,0,118.8,1,6,100.0,113,2,0,1,0,21,21,3.5,21.0
Dante Fowler Jr.,9436,ED,WAS,20,26,0,32,1,,,4.4,,,0,0,,84.4,1,,33.3,1,0,0.0,0,7,26.9,159,5,1,0,0,0,0,0.0,,0,1,0.8,100.0,8.8,4.8,4.8,0,0,0.0,42.2,0,9,16.7,1,0,102.1,4,19,73.1,216,8,4,4,0,34,31,1.8,8.5
Leonard Williams,9439,DI,SEA,16,16,0,29,0,3.0,0.0,8.6,,14.0,0,0,0.0,72.9,1,,33.3,1,0,0.0,0,14,87.5,162,2,2,1,0,0,0,0.0,,0,1,,,0.8,,,0,0,,69.4,0,,28.6,2,0,0.0,0,2,12.5,247,12,4,0,0,0,0,0.0,
Arik Armstead,9450,ED,JAX,17,2,0,15,0,,,0.9,,,0,0,,58.1,0,,50.0,1,0,0.0,0,1,50.0,115,1,1,0,0,0,0,0.0,,0,0,,,0.4,,,0,0,,66.4,0,,0.0,0,0,0.0,0,1,50.0,225,5,4,0,0,0,0,0.0,
Bud Dupree,9455,ED,LAC,18,20,0,27,0,,,7.4,,,0,0,,65.5,0,,,0,0,0.0,0,5,25.0,68,0,0,0,0,0,0,0.0,,0,0,-1.5,100.0,5.7,7.0,7.0,0,0,0.0,69.8,1,9,16.7,1,0,58.3,2,15,75.0,262,8,5,2,0,15,18,1.1,7.5
Shaq Thompson,9458,LB,CAR,4,116,0,5,0,1.5,100.0,60.9,6.0,6.0,0,0,0.0,50.4,0,9,50.0,1,0,93.8,2,14,12.1,23,0,1,2,0,13,10,1.1,6.5,0,1,1.5,90.9,93.5,8.1,7.4,0,0,0.0,69.7,0,21,25.0,2,0,92.4,10,87,75.0,93,3,5,11,0,68,54,0.8,6.8
Preston Smith,9471,ED,PIT,17,26,0,25,0,,,2.4,,,0,0,,62.2,0,,0.0,0,0,0.0,0,2,7.7,85,2,1,0,0,0,0,0.0,,0,0,3.6,80.0,14.3,5.8,4.6,0,0,0.0,68.7,0,20,20.0,1,0,99.2,4,24,92.3,168,5,4,5,0,39,23,1.7,9.8
Eric Kendricks,9478,LB,DAL,15,477,0,9,6,3.0,62.5,79.2,22.6,14.1,0,0,0.0,70.5,0,57,8.3,1,0,145.8,5,122,25.6,154,3,5,8,1,142,114,1.3,28.4,0,6,3.9,66.7,92.4,15.4,10.3,0,0,0.0,55.7,2,19,23.5,8,0,65.4,18,302,63.3,327,8,20,27,1,170,126,0.6,9.4
Denzel Perryman,9481,LB,LAC,12,170,0,27,0,,,66.7,,,0,0,,79.9,0,,,0,0,0.0,0,14,8.2,21,1,0,0,0,0,0,0.0,,0,1,4.1,93.3,91.2,8.6,8.0,0,0,0.0,58.2,0,23,14.3,3,0,98.6,14,124,72.9,136,8,17,15,0,115,71,1.0,8.2
Ronald Darby,9483,CB,JAX,13,410,0,15,0,13.1,71.4,100.0,6.1,4.4,0,3,10.7,44.4,0,80,0.0,0,1,142.3,20,133,32.4,133,3,15,28,4,276,88,2.3,13.8,0,1,10.3,74.1,99.5,10.2,7.5,0,4,14.8,60.5,0,46,10.5,2,2,120.8,20,220,53.7,221,1,16,27,1,289,113,1.4,14.5
Jordan Hicks,9517,LB,CLV,12,306,0,8,1,1.5,50.0,81.4,26.0,13.0,0,1,12.5,66.6,0,23,0.0,0,1,73.4,4,114,37.3,140,0,4,8,0,57,61,0.5,14.3,0,2,6.8,85.7,91.3,8.9,7.6,1,2,9.5,64.7,0,32,0.0,0,2,106.9,18,168,54.9,184,10,20,21,0,203,97,1.3,11.3
Danielle Hunter,9521,ED,HST,19,7,0,13,0,,,0.0,,,0,0,,,0,,,0,0,0.0,0,0,0.0,155,3,0,0,0,0,0,,,0,1,,,2.1,,,0,0,,71.4,0,,33.3,2,0,0.0,0,7,100.0,326,11,3,0,0,0,0,0.0,
Za'Darius Smith,9555,ED,DET,18,17,0,11,0,,,1.5,,,0,0,,61.6,0,,75.0,3,0,0.0,0,3,17.6,206,5,1,0,0,0,0,0.0,,0,1,-2.5,100.0,5.1,5.0,5.0,1,0,0.0,53.2,0,13,70.0,7,0,118.8,2,11,64.7,216,4,2,2,0,25,30,2.5,12.5
Kwon Alexander,9557,LB,DET,5,32,0,11,0,13.5,100.0,80.0,3.0,3.0,0,0,0.0,29.4,0,33,0.0,0,0,158.3,2,8,25.0,10,0,1,2,1,36,9,6.0,18.0,0,1,9.0,100.0,100.0,21.0,21.0,0,0,0.0,61.0,0,21,0.0,0,0,118.8,1,22,68.8,22,0,1,1,0,21,12,1.0,21.0
Grady Jarrett,9570,DI,ATL,17,6,0,2,1,,,3.9,,,0,0,,58.9,0,,66.7,2,0,0.0,0,4,66.7,103,1,0,0,0,0,0,0.0,,0,2,,,0.4,,,0,0,,62.8,0,,33.3,2,0,0.0,0,1,16.7,258,2,2,0,0,0,0,0.0,
Bobby McCain,9578,S,MIN,2,28,0,18,0,,,100.0,,,0,0,,61.2,0,,,0,0,0.0,0,5,17.9,5,0,0,0,0,0,0,0.0,,0,0,11.0,100.0,87.0,20.0,20.0,0,0,0.0,39.1,0,12,0.0,0,0,116.7,1,20,71.4,23,0,1,1,0,12,1,0.6,12.0
Quandre Diggs,9633,S,TEN,8,237,0,31,0,15.3,75.0,97.1,21.3,16.0,0,0,0.0,47.0,0,12,0.0,0,0,133.3,3,66,27.8,68,1,6,4,1,28,9,0.4,9.3,0,1,3.7,88.9,100.0,15.9,14.1,0,0,0.0,72.5,0,30,6.7,1,0,140.3,8,135,57.0,135,7,13,9,1,79,52,0.6,9.9
Neville Hewitt,9836,LB,HST,14,195,0,13,0,-3.0,100.0,88.7,41.0,41.0,0,0,0.0,65.0,0,12,50.0,1,0,116.7,1,47,24.1,53,0,1,1,0,12,15,0.3,12.0,0,4,5.8,80.0,96.1,14.8,11.8,0,1,10.0,74.0,0,6,11.8,2,0,81.3,8,123,63.1,128,8,11,10,0,35,16,0.3,4.4
Troy Hill,9881,CB,TB,6,141,0,30,0,8.8,75.0,87.9,9.0,6.8,0,1,25.0,64.2,0,29,0.0,0,1,100.0,3,29,20.6,33,1,4,4,0,34,8,1.3,11.3,0,1,1.0,100.0,95.0,8.9,8.9,0,0,0.0,69.6,0,25,9.1,1,0,97.9,10,96,68.1,101,6,9,10,0,75,65,0.8,7.5
DeShawn Williams,9891,DI,CAR,12,3,0,5,1,,,1.6,,,0,0,,62.4,0,,0.0,0,0,0.0,0,1,33.3,61,0,0,0,0,0,0,0.0,,0,0,,,1.6,,,0,0,,59.4,0,,0.0,0,0,0.0,0,2,66.7,126,1,1,0,0,0,0,0.0,
Alex Singleton,9994,LB,DEN,3,88,0,10,0,-1.2,100.0,66.7,6.0,6.0,0,0,0.0,57.5,0,8,33.3,1,0,88.3,5,36,40.9,54,1,2,5,0,26,32,0.9,5.2,0,2,8.4,80.0,95.5,9.3,7.4,0,0,0.0,40.9,0,30,33.3,2,0,157.1,4,42,47.7,44,0,2,5,1,61,32,1.6,15.3
Joey Bosa,10637,ED,LAC,15,5,0,27,1,,,0.0,,,0,0,,61.6,0,,0.0,0,0,0.0,0,0,0.0,78,2,0,0,0,0,0,,,0,0,,,1.9,,,0,0,,61.3,0,,0.0,0,0,0.0,0,4,80.0,208,5,1,0,0,0,0,0.0,
Jalen Ramsey,10639,CB,MIA,17,607,0,17,1,7.6,55.6,98.7,14.0,7.8,0,4,22.2,70.7,1,35,11.1,1,4,55.8,10,152,25.0,154,1,7,18,0,132,80,0.9,13.2,0,5,8.3,78.0,89.1,10.8,8.4,0,3,7.3,66.0,1,42,25.0,8,1,112.8,32,361,59.5,405,6,19,41,2,394,174,1.1,12.3
DeForest Buckner,10641,DI,IND,12,3,0,14,1,,,0.0,,,0,0,,60.0,0,,50.0,1,0,0.0,0,0,0.0,51,2,0,0,0,0,0,,,0,1,,,0.4,,,0,0,,63.1,0,,50.0,5,0,0.0,0,1,33.3,239,6,4,0,0,0,0,0.0,
Leonard Floyd,10643,ED,SF,17,7,0,28,1,,,0.0,,,0,0,,60.0,0,,50.0,1,0,0.0,0,0,0.0,95,2,0,0,0,0,0,,,0,0,3.0,100.0,2.5,6.0,6.0,0,0,0.0,77.1,0,5,40.0,2,0,87.5,1,6,85.7,243,7,3,1,0,5,2,0.8,5.0
Eli Apple,10644,CB,LAC,3,40,0,27,0,2.0,0.0,100.0,,8.0,0,1,100.0,83.9,0,,,0,1,39.6,0,9,22.5,9,0,0,1,0,0,0,0.0,,0,0,15.7,66.7,100.0,14.0,9.3,0,0,0.0,70.4,0,8,0.0,0,0,74.3,2,28,70.0,28,1,2,3,0,12,1,0.4,6.0
Artie Burns,10659,CB,SEA,2,37,0,29,0,7.3,50.0,87.5,7.0,3.5,0,1,25.0,87.6,0,18,0.0,0,1,66.7,2,14,37.8,16,1,2,4,0,22,9,1.6,11.0,0,0,-3.0,100.0,93.3,14.0,14.0,0,0,0.0,68.7,0,15,100.0,1,0,118.8,1,14,37.8,15,0,0,1,0,15,18,1.1,15.0
Kenny Clark,10661,DI,GB,18,6,0,12,0,,,0.0,,,0,0,,60.5,0,,50.0,1,0,0.0,0,0,0.0,99,1,1,0,0,0,0,,,0,0,,,2.2,,,0,0,,64.2,0,,0.0,0,0,0.0,0,6,100.0,275,1,2,0,0,0,0,0.0,
Emmanuel Ogbah,10666,ED,MIA,16,55,0,17,0,,,9.9,,,0,0,,60.9,0,,100.0,2,0,0.0,0,12,21.8,121,2,0,0,0,0,0,0.0,,0,1,5.4,62.5,14.6,8.0,5.0,0,0,0.0,50.7,1,15,33.3,4,0,35.4,5,41,74.5,280,5,7,8,0,40,16,1.0,8.0
Chris Jones,10671,DI,KC,18,2,0,16,0,,,0.0,,,0,0,,,0,,,0,0,0.0,0,0,0.0,197,2,0,0,0,0,0,,,0,0,,,0.3,,,0,0,,67.6,0,,33.3,1,0,0.0,0,1,50.0,340,4,2,0,0,0,0,0.0,
Jihad Ward,10678,DI,MIN,18,7,0,18,0,,,0.7,,,0,0,,60.0,0,,100.0,1,0,0.0,0,1,14.3,140,0,0,0,0,0,0,0.0,,0,2,4.0,66.7,2.1,2.5,1.7,0,0,0.0,70.7,0,18,25.0,1,0,95.1,2,5,71.4,239,2,1,3,0,27,21,5.4,13.5
A'Shawn Robinson,10680,DI,CAR,16,1,0,5,0,,,0.0,,,0,0,,,0,,,0,0,0.0,0,0,0.0,69,1,0,0,0,0,0,,,0,1,,,0.4,,,0,0,,63.4,0,,20.0,1,0,0.0,0,1,100.0,223,5,3,0,0,0,0,0.0,
Jarran Reed,10683,DI,SEA,17,22,0,29,0,,,13.2,,,0,0,,60.7,0,,0.0,0,0,0.0,0,17,77.3,129,2,1,0,0,0,0,0.0,,0,1,,,2.2,,,0,0,,61.4,0,,33.3,1,0,0.0,0,5,22.7,223,3,1,0,0,0,0,0.0,
Deion Jones,10686,LB,TB,1,14,0,30,0,,,100.0,,,0,0,,64.1,0,,,0,0,0.0,0,6,42.9,6,0,0,0,0,0,0,0.0,,0,0,3.0,0.0,100.0,,7.0,1,1,100.0,71.2,0,,0.0,0,1,39.6,0,7,50.0,7,0,1,1,0,0,0,0.0,
Vonn Bell,10695,S,CIN,17,412,0,7,1,4.2,66.7,93.2,21.5,14.3,0,0,0.0,63.0,0,13,0.0,0,0,116.0,4,96,23.3,103,2,2,6,1,27,15,0.3,6.8,0,5,11.7,83.3,94.6,15.7,13.1,0,1,5.6,56.6,1,55,5.9,1,1,110.9,15,244,59.2,258,3,11,18,1,211,74,0.9,14.1
Kevin Byard,10698,S,CHI,17,578,0,6,1,8.4,100.0,100.0,17.4,17.4,0,0,0.0,61.4,0,20,0.0,0,0,115.0,5,91,15.7,91,0,7,5,0,58,16,0.7,11.6,0,5,10.1,68.4,97.8,16.1,11.0,1,6,15.8,64.1,1,28,10.2,5,5,77.6,26,439,76.0,449,9,39,38,0,269,174,0.6,10.3
Maliek Collins,10701,DI,SF,17,1,0,28,0,,,0.0,,,0,0,,60.0,0,,100.0,2,0,0.0,0,0,0.0,113,1,0,0,0,0,0,,,0,2,,,0.4,,,0,0,,63.7,0,,33.3,2,0,0.0,0,1,100.0,270,3,2,0,0,0,0,0.0,
Yannick Ngakoue,10703,ED,NE,11,6,0,19,0,,,1.2,,,0,0,,68.0,0,,0.0,0,0,0.0,0,1,16.7,82,2,2,0,0,0,0,0.0,,0,0,,,3.4,,,0,0,,48.9,0,,0.0,0,0,0.0,0,3,50.0,89,1,1,0,0,0,0,0.0,
Jonathan Bullard,10706,DI,MIN,18,2,0,18,1,,,7.4,,,0,0,,59.5,0,,0.0,0,0,0.0,0,2,100.0,27,0,0,0,0,0,0,0.0,,0,0,,,0.0,,,0,0,,62.9,0,,0.0,0,0,0.0,0,0,0.0,232,3,2,0,0,0,0,,
Daryl Worley,10711,S,TEN,8,232,0,31,2,8.8,80.0,96.8,13.5,10.8,0,1,20.0,73.1,0,25,0.0,0,0,100.0,4,60,25.9,62,2,5,5,0,40,18,0.7,10.0,0,2,7.8,77.8,96.5,18.4,14.3,0,1,11.1,64.8,1,24,13.3,2,1,61.8,7,137,59.1,142,3,11,9,0,75,23,0.6,10.7
Kendall Fuller,10718,CB,MIA,11,342,0,17,0,13.2,52.6,100.0,8.2,4.3,0,5,26.3,52.4,0,22,0.0,0,5,93.3,10,89,26.0,89,2,11,19,1,136,14,1.7,13.6,0,3,9.1,65.0,98.6,15.0,9.8,0,0,0.0,60.8,0,21,14.3,3,0,86.3,13,205,59.9,208,4,15,20,0,144,36,0.7,11.1
Nick Vigil,10721,LB,DAL,5,64,0,9,0,24.0,0.0,63.2,,8.0,0,0,0.0,50.9,0,,,0,0,39.6,0,12,18.8,19,0,0,1,0,0,0,0.0,,0,2,-7.0,100.0,91.5,43.0,43.0,0,0,0.0,72.6,0,3,0.0,0,0,79.2,1,43,67.2,47,0,3,1,0,3,10,0.1,3.0
Justin Simmons,10732,S,ATL,16,613,0,2,0,9.9,81.8,95.2,12.4,10.2,0,0,0.0,46.2,0,31,0.0,0,0,143.0,9,120,19.6,126,2,5,11,3,97,13,0.9,10.8,0,1,10.3,57.1,97.2,27.6,15.8,0,5,23.8,62.2,1,40,21.7,5,4,93.2,12,350,57.1,360,6,17,21,2,159,72,0.5,13.3
Eric Murray,10740,S,HST,19,585,0,13,2,11.4,52.2,96.5,12.9,6.7,0,5,21.7,67.9,0,35,8.3,1,5,102.3,12,166,28.4,172,4,9,23,2,153,82,1.0,12.8,0,2,11.5,74.2,95.8,14.3,10.6,0,3,9.7,64.3,2,38,14.7,5,2,84.7,23,346,59.1,361,7,27,31,1,275,99,0.8,12.0
De'Vondre Campbell,10749,LB,SF,13,394,0,28,1,-1.3,100.0,86.7,19.8,19.8,0,0,0.0,61.0,0,18,66.7,2,0,105.2,4,85,21.6,98,0,0,4,0,37,42,0.5,9.3,0,9,3.4,85.4,96.6,7.0,6.0,0,0,0.0,50.5,0,32,11.8,4,0,108.5,35,255,64.7,264,7,21,41,1,332,219,1.4,9.5
David Onyemata,10754,DI,ATL,17,4,0,2,0,,,5.7,,,0,0,,56.4,0,,100.0,2,0,0.0,0,3,75.0,53,0,0,0,0,0,0,0.0,,0,0,,,0.0,,,0,0,,62.9,0,,0.0,0,0,0.0,0,0,0.0,187,3,2,0,0,0,0,,
Andrew Billings,10756,DI,CHI,8,2,0,6,0,,,0.0,,,0,0,,,0,,,0,0,0.0,0,0,0.0,21,1,0,0,0,0,0,,,0,0,,,1.7,,,0,0,,59.7,0,,0.0,0,0,0.0,0,2,100.0,118,1,1,0,0,0,0,0.0,
Deon Bush,10758,S,KC,1,7,0,16,0,,,,,,0,0,,,0,,,0,0,0.0,0,0,0.0,0,0,0,0,0,0,0,,,0,0,4.0,100.0,100.0,5.0,5.0,0,0,0.0,65.6,0,8,0.0,0,0,100.0,1,5,71.4,5,0,1,1,0,8,4,1.6,8.0
Matthew Judon,10780,ED,ATL,17,87,0,2,0,6.0,50.0,9.8,8.0,4.0,0,1,50.0,75.6,1,1,50.0,1,0,16.7,1,8,9.2,82,2,1,2,0,1,5,0.1,1.0,0,1,6.2,55.6,23.9,10.4,5.8,0,0,0.0,29.0,0,33,37.5,3,0,123.8,5,53,60.9,222,6,4,9,1,83,42,1.6,16.6
Quinton Jefferson,10781,DI,BUF,14,1,0,4,0,,,0.0,,,0,0,,,0,,,0,0,0.0,0,0,0.0,65,1,0,0,0,0,0,,,0,1,,,1.1,,,0,0,,59.7,0,,0.0,0,0,0.0,0,1,100.0,87,1,0,0,0,0,0,0.0,
DJ Reader,10800,DI,DET,16,2,0,11,0,,,0.6,,,0,0,,62.1,0,,100.0,1,0,0.0,0,1,50.0,161,2,0,0,0,0,0,0.0,,0,0,,,0.6,,,0,0,,58.9,0,,,0,0,0.0,0,1,50.0,158,0,0,0,0,0,0,0.0,
Kamu Grugier-Hill,10842,LB,MIN,10,104,0,18,0,2.0,100.0,50.0,8.0,8.0,0,0,0.0,68.6,0,6,0.0,0,0,91.7,1,8,7.7,16,1,2,1,0,6,4,0.8,6.0,0,2,8.6,47.1,86.3,10.5,4.9,0,1,5.9,41.5,2,30,11.1,1,1,27.2,8,88,84.6,102,1,6,17,0,104,43,1.2,13.0
Elandon Roberts,10848,LB,PIT,18,185,0,25,0,0.2,66.7,66.0,15.8,10.5,0,0,0.0,56.4,0,20,33.3,1,0,99.3,4,70,37.8,106,1,2,6,0,60,54,1.0,15.0,0,2,3.8,76.5,88.8,7.1,5.4,0,0,0.0,44.5,0,57,27.3,3,0,110.9,13,95,51.4,107,5,6,17,0,184,122,2.0,14.2
Jalen Mills,10867,S,NYJ,9,250,0,22,2,4.8,50.0,95.8,16.0,8.0,0,1,12.5,60.2,0,21,0.0,0,1,62.0,4,69,27.6,72,1,3,8,0,35,22,0.5,8.8,0,5,16.3,60.0,98.6,22.2,13.3,0,2,20.0,62.2,1,39,18.8,3,1,82.1,6,141,56.4,143,0,8,10,1,87,32,0.7,14.5
Mike Hilton,10898,CB,CIN,16,422,0,7,0,12.0,85.7,91.2,13.0,11.1,0,0,0.0,54.4,1,25,40.0,2,0,118.8,6,83,19.7,91,0,3,7,2,94,23,1.2,15.7,0,4,5.2,79.5,84.6,7.5,5.9,0,1,2.6,60.5,0,28,6.9,2,1,105.6,31,242,57.3,286,12,23,39,1,284,171,1.2,9.2
Michael Pierce,11101,DI,BLT,13,6,0,3,0,,,10.6,,,0,0,,58.9,0,,,0,0,0.0,0,5,83.3,47,0,0,0,0,0,0,0.0,,0,2,3.0,0.0,1.1,,1.0,0,0,0.0,73.0,1,,0.0,0,0,0.0,0,1,16.7,94,3,2,1,0,0,0,0.0,
Morgan Fox,11184,DI,LAC,18,9,0,27,0,,,8.8,,,0,0,,59.7,0,,,0,0,0.0,0,8,88.9,91,0,0,0,0,0,0,0.0,,0,0,,,0.4,,,0,0,,60.0,0,,100.0,1,0,0.0,0,1,11.1,256,4,0,0,0,0,0,0.0,
Jonathan Jones,11217,CB,NE,17,425,0,19,0,11.4,62.5,100.0,9.2,5.8,0,5,15.6,50.7,0,69,5.9,1,3,132.9,20,201,47.3,201,5,16,32,4,301,143,1.6,15.1,0,4,6.1,93.3,98.9,12.5,11.7,0,1,6.7,72.8,0,53,4.5,1,0,105.6,14,184,43.3,186,5,17,15,0,140,64,0.8,10.0
Roy Robertson-Harris,11341,DI,SEA,17,7,0,29,0,,,1.3,,,0,0,,59.9,0,,,0,0,0.0,0,1,14.3,76,0,0,0,0,0,0,0.0,,0,0,,,3.9,,,0,0,,60.8,0,,,0,0,0.0,0,5,71.4,127,2,0,0,0,0,0,0.0,
Antonio Hamilton Sr.,11353,CB,ATL,2,23,0,2,0,9.5,100.0,100.0,1.5,1.5,0,0,0.0,28.0,0,4,,0,0,118.8,2,3,13.0,3,0,0,2,2,6,0,2.0,3.0,0,0,9.0,100.0,87.5,7.0,7.0,0,0,0.0,41.1,0,23,100.0,1,0,158.3,2,14,60.9,16,0,0,2,1,34,16,2.4,17.0
Myles Garrett,11756,ED,CLV,17,17,0,8,0,,,1.0,,,0,0,,60.3,0,,100.0,1,0,0.0,0,2,11.8,197,2,0,0,0,0,0,0.0,,0,0,6.0,100.0,5.9,7.5,7.5,0,0,0.0,64.3,0,16,0.0,0,0,114.6,2,15,88.2,255,14,3,2,0,23,11,1.5,11.5
Solomon Thomas,11758,DI,NYJ,16,1,0,22,0,,,0.0,,,0,0,,60.0,0,,100.0,1,0,0.0,0,0,0.0,89,0,0,0,0,0,0,,,0,0,,,0.8,,,0,1,,66.5,0,,40.0,2,1,0.0,0,1,100.0,133,4,3,0,0,0,0,0.0,
Jamal Adams,11761,S,DET,4,11,0,11,0,1.0,100.0,55.6,5.0,5.0,0,0,0.0,46.3,0,21,100.0,1,0,118.8,1,5,45.5,9,0,0,1,0,21,20,4.2,21.0,0,1,-1.7,100.0,85.7,2.0,2.0,0,0,0.0,40.4,0,12,0.0,0,0,102.8,3,6,54.5,7,0,1,3,0,26,31,4.3,8.7
Marshon Lattimore,11766,CB,WAS,12,421,0,32,0,8.9,78.6,99.2,10.1,7.9,0,2,14.3,55.1,0,31,11.1,1,2,144.9,11,121,28.7,122,2,8,14,2,130,36,1.2,11.8,0,2,12.3,52.4,100.0,22.5,11.8,0,5,23.8,62.3,0,45,10.7,3,4,80.1,11,261,62.0,261,6,23,21,0,173,62,0.7,15.7
Haason Reddick,11768,ED,NYJ,10,22,0,22,0,,,7.1,,,0,0,,64.7,0,,100.0,1,0,0.0,0,5,22.7,70,1,0,0,0,0,0,0.0,,0,1,12.5,50.0,9.8,13.0,6.5,0,0,0.0,58.0,0,5,25.0,1,0,56.3,1,15,68.2,153,1,2,2,0,5,3,0.4,5.0
Malik Hooker,11770,S,DAL,17,628,0,9,0,3.8,75.0,96.7,27.3,20.5,1,1,12.5,67.4,0,13,0.0,0,1,78.1,6,177,28.2,183,4,17,8,0,26,6,0.2,4.3,0,1,15.1,55.0,99.7,32.7,18.0,1,2,10.0,60.2,2,52,9.5,2,2,78.1,11,386,61.5,387,4,18,20,2,175,117,0.5,15.9
Marlon Humphrey,11771,CB,BLT,18,640,0,3,2,8.6,43.2,95.3,12.3,5.3,1,8,21.6,73.7,2,30,0.0,0,8,44.4,16,222,34.7,233,0,11,37,1,176,52,0.9,11.0,0,7,6.2,72.2,92.0,11.5,8.3,0,2,5.6,75.8,2,41,16.7,7,2,78.1,26,320,50.0,348,11,28,36,1,257,130,0.9,9.9
Jonathan Allen,11772,DI,WAS,11,1,0,32,0,,,0.0,,,0,0,,,0,,,0,0,0.0,0,0,0.0,87,1,0,0,0,0,0,,,0,0,,,0.8,,,0,0,,67.2,0,,16.7,1,0,0.0,0,1,100.0,130,5,5,0,0,0,0,0.0,
Adoree' Jackson,11773,CB,NYG,14,276,0,21,1,13.8,57.1,100.0,10.4,5.9,0,2,14.3,41.9,0,31,40.0,2,2,113.1,8,92,33.3,92,1,2,14,1,133,37,1.6,16.6,0,0,13.7,46.7,100.0,21.9,10.2,0,3,20.0,82.6,0,22,7.1,1,3,56.8,7,157,56.9,157,7,13,15,0,57,23,0.4,8.1
Charles Harris,11777,ED,PHI,12,33,0,24,0,,,5.3,,,0,0,,61.7,0,,,0,0,0.0,0,3,9.1,57,3,0,0,0,0,0,0.0,,0,0,3.3,100.0,12.0,4.5,4.5,0,0,0.0,34.6,0,16,33.3,2,0,118.8,4,19,57.6,158,2,4,4,0,51,38,2.8,12.8
Jabrill Peppers,11780,S,NE,6,208,0,19,2,4.5,0.0,92.8,,34.5,0,0,0.0,74.3,0,,16.7,1,0,39.6,0,77,37.0,83,2,3,2,0,0,0,0.0,,0,3,2.5,87.5,92.7,15.3,13.4,0,1,12.5,67.8,0,13,9.1,1,1,89.6,7,114,54.8,123,2,7,8,0,44,36,0.4,6.3
Takk McKinley,11781,ED,NYJ,7,3,0,22,0,,,0.0,,,0,0,,,0,,,0,0,0.0,0,0,0.0,18,0,0,0,0,0,0,,,0,0,,,6.8,,,0,0,,61.2,0,,,0,0,0.0,0,3,100.0,44,0,0,0,0,0,0,0.0,
Tre'Davious White,11782,CB,BLT,13,275,0,3,0,9.1,50.0,100.0,13.8,6.9,0,3,25.0,49.3,0,37,0.0,0,1,70.5,6,98,35.6,98,0,5,12,0,77,24,0.9,12.8,0,0,15.1,80.0,100.0,11.2,8.9,0,2,13.3,55.2,0,52,0.0,0,2,153.5,12,143,52.0,143,2,8,15,4,170,40,1.3,14.2
T.J. Watt,11785,ED,PIT,18,33,0,25,1,,,1.3,,,0,0,,55.3,0,,50.0,1,0,0.0,0,3,9.1,225,2,0,0,0,0,0,0.0,,0,1,0.5,100.0,8.5,6.8,6.8,0,0,0.0,73.5,0,7,0.0,0,0,84.4,4,29,87.9,342,9,5,4,0,17,15,0.6,4.3
Kevin King,11788,CB,ATL,13,65,0,2,0,12.7,100.0,95.8,7.7,7.7,0,0,0.0,57.1,0,25,0.0,0,0,118.8,3,23,35.4,24,1,3,3,0,42,4,1.8,14.0,0,1,8.5,75.0,100.0,9.3,7.0,0,1,25.0,72.4,0,21,50.0,2,1,113.5,3,29,44.6,29,1,1,4,0,47,39,1.7,15.7
Budda Baker,11791,S,ARZ,17,604,0,1,4,3.2,69.2,94.7,15.2,10.5,1,3,23.1,81.0,0,23,10.5,2,3,120.2,9,142,23.5,150,7,13,13,2,65,49,0.5,7.2,0,14,7.9,83.3,92.6,12.4,10.4,0,1,2.8,66.1,0,44,10.9,7,1,127.0,30,389,64.4,420,14,43,36,2,361,159,1.0,12.0
Marcus Maye,11794,S,LAC,11,241,0,27,0,15.0,16.7,97.1,59.0,9.8,0,2,33.3,71.9,0,7,66.7,2,0,39.6,1,66,27.4,68,1,1,6,0,7,3,0.1,7.0,0,1,8.8,70.0,97.2,18.6,13.0,0,1,10.0,66.7,1,57,15.4,2,1,87.5,7,138,57.3,142,3,10,10,1,80,55,0.6,11.4
Marcus Williams,11797,S,BLT,11,432,0,3,0,6.7,100.0,97.7,37.3,37.3,0,1,33.3,55.3,0,17,8.3,1,0,150.7,3,126,29.2,129,0,11,3,1,32,12,0.3,10.7,0,3,13.5,76.9,100.0,21.3,16.4,0,1,7.7,30.8,0,70,0.0,0,1,157.9,10,225,52.1,225,1,9,13,2,198,70,0.9,19.8
Tyus Bowser,11802,ED,MIA,9,61,0,17,0,,,21.6,,,0,0,,62.2,0,,0.0,0,0,0.0,0,8,13.1,37,1,2,0,0,0,0,0.0,,0,3,-5.0,100.0,42.3,44.0,44.0,0,0,0.0,54.6,0,7,0.0,0,0,95.8,1,47,77.0,111,0,3,1,0,7,12,0.2,7.0
DeMarcus Walker,11806,ED,CHI,17,13,0,6,0,,,2.9,,,0,0,,60.6,0,,100.0,1,0,0.0,0,2,15.4,69,0,0,0,0,0,0,0.0,,0,3,-1.0,100.0,2.2,7.0,7.0,0,0,0.0,65.8,0,6,16.7,1,0,91.7,1,7,53.8,324,4,2,1,0,6,7,0.9,6.0
Raekwon McMillan,11809,LB,TEN,8,121,0,31,1,5.5,100.0,87.8,17.0,17.0,0,1,50.0,63.5,0,10,0.0,0,0,100.0,2,36,29.8,41,0,1,2,0,16,5,0.5,8.0,0,4,5.9,75.0,97.4,12.0,9.0,0,0,0.0,59.4,0,20,18.8,3,0,104.7,6,76,62.8,78,1,9,8,0,77,30,1.1,12.8
Dalvin Tomlinson,11810,DI,CLV,16,7,0,8,1,,,0.7,,,0,0,,65.7,0,,0.0,0,0,0.0,0,1,14.3,141,4,2,0,0,0,0,0.0,,0,0,,,3.7,,,0,0,,56.5,0,,,0,0,0.0,0,6,85.7,161,2,0,0,0,0,0,0.0,
Zach Cunningham,11812,LB,DEN,2,3,0,10,0,,,,,,0,0,,,0,,,0,0,0.0,0,0,0.0,0,0,0,0,0,0,0,,,0,1,,,66.7,,,0,0,,64.0,0,,0.0,0,0,0.0,0,2,66.7,3,0,0,0,0,0,0,0.0,
Chidobe Awuzie,11815,CB,TEN,8,194,0,31,0,9.3,71.4,100.0,11.6,8.3,0,0,0.0,43.6,0,19,0.0,0,0,96.1,5,60,30.9,60,1,6,7,0,58,15,1.0,11.6,0,2,11.9,56.3,100.0,11.9,6.7,0,1,6.3,63.9,1,38,12.5,1,1,73.4,9,114,58.8,114,1,5,16,1,114,17,1.1,12.7
Ahkello Witherspoon,11821,CB,LA,15,381,0,26,0,13.0,68.8,100.0,9.4,6.4,0,1,6.3,53.7,1,25,11.1,1,1,91.4,11,109,28.6,109,2,8,16,1,143,54,1.4,13.0,0,0,11.3,68.0,99.1,11.4,7.7,0,3,12.0,60.3,0,53,23.1,3,3,95.3,17,209,54.9,211,3,10,25,0,219,68,1.1,12.9
Dawuane Smoot,11823,ED,BUF,14,7,0,4,0,,,1.6,,,0,0,,60.0,0,,100.0,1,0,0.0,0,1,14.3,63,0,0,0,0,0,0,0.0,,0,0,,,2.7,,,0,0,,67.6,0,,0.0,0,0,0.0,0,4,57.1,146,2,1,0,0,0,0,0.0,
Duke Riley,11830,LB,MIA,5,22,0,17,1,,,42.9,,,0,0,,64.7,0,,0.0,0,0,0.0,0,3,13.6,7,0,0,0,0,0,0,0.0,,0,0,1.7,66.7,72.2,6.5,4.3,0,0,0.0,50.5,0,20,33.3,1,0,91.0,2,13,59.1,18,2,2,3,0,24,24,1.8,12.0
Alex Anzalone,11831,LB,DET,11,398,0,11,1,3.8,68.4,85.3,13.2,9.1,2,4,21.1,76.5,0,32,12.5,2,4,97.5,13,191,48.0,224,8,13,19,1,95,69,0.6,7.3,0,5,4.4,78.6,86.3,7.1,5.6,0,1,3.6,63.2,0,33,0.0,0,0,97.2,22,164,41.2,190,9,18,28,0,205,111,1.3,9.3
Fabian Moreau,11836,CB,MIN,4,83,0,18,0,12.0,40.0,100.0,14.5,5.8,0,1,20.0,57.0,0,9,0.0,0,0,47.9,2,34,41.0,34,0,1,5,0,10,6,0.3,5.0,0,0,8.5,100.0,100.0,10.3,10.3,0,0,0.0,60.7,0,16,0.0,0,0,150.0,4,42,50.6,42,1,4,4,1,42,12,1.0,10.5
Shaquill Griffin,11845,CB,MIN,18,451,0,18,0,15.7,53.8,100.0,10.2,5.5,1,2,7.7,58.6,1,49,0.0,0,1,95.2,14,152,33.7,152,4,12,26,2,241,30,1.7,17.2,0,3,10.3,68.2,100.0,15.9,10.9,0,1,4.5,62.1,1,28,4.0,1,1,71.6,15,249,55.2,249,5,21,22,0,167,67,0.7,11.1
Jourdan Lewis,11846,CB,DAL,16,526,0,9,2,7.5,68.4,96.4,11.4,7.8,0,3,15.8,63.9,0,29,21.4,3,2,110.4,13,160,30.4,166,2,9,19,1,154,88,1.0,11.8,0,7,7.2,69.6,95.1,9.1,6.3,1,4,8.7,75.8,1,86,11.4,4,3,95.6,32,312,59.3,328,15,24,46,2,332,231,1.1,10.4
John Johnson III,11847,S,LA,3,42,0,26,1,,,100.0,,,0,0,,74.8,0,,0.0,0,0,0.0,0,7,16.7,7,0,2,0,0,0,0,0.0,,0,0,13.8,80.0,100.0,6.3,5.0,0,1,20.0,67.3,0,18,50.0,1,1,91.7,4,26,61.9,26,1,1,5,0,30,12,1.2,7.5
Cameron Sutton,11850,CB,PIT,10,186,0,25,0,12.2,50.0,89.4,10.0,5.0,0,2,14.3,33.3,0,25,25.0,1,1,103.9,7,76,40.9,85,0,3,14,3,69,24,1.0,9.9,0,3,5.2,80.0,91.9,11.0,8.8,0,0,0.0,63.8,0,9,20.0,2,0,87.9,8,91,48.9,99,2,5,10,0,51,44,0.6,6.4
Rasul Douglas,11854,CB,BUF,18,593,0,4,1,12.4,68.2,99.3,8.4,5.7,1,1,4.5,27.8,0,37,15.4,2,1,117.0,15,139,23.4,140,0,10,22,1,227,69,1.8,15.1,0,4,9.9,75.0,99.1,13.8,10.3,0,2,6.3,66.0,0,67,10.0,3,1,123.0,24,343,57.8,346,5,23,32,2,289,128,0.9,12.0
Trey Hendrickson,11858,ED,CIN,17,36,0,7,1,,,4.9,,,0,0,,63.1,0,,0.0,0,0,0.0,0,7,19.4,142,4,0,0,0,0,0,0.0,,0,0,3.0,100.0,8.2,6.5,6.5,0,0,0.0,51.5,0,11,54.5,6,0,96.9,4,26,72.2,316,12,5,4,0,29,17,1.1,7.3
Eddie Jackson,11867,S,LAC,12,288,0,27,1,17.5,100.0,98.8,18.8,18.8,0,0,0.0,61.5,0,38,0.0,0,0,158.3,4,81,28.1,82,1,4,4,3,69,2,0.9,17.3,0,2,12.0,62.5,98.8,15.9,9.9,2,1,6.3,56.5,0,23,23.5,4,1,82.8,10,164,56.9,166,1,11,16,0,110,26,0.7,11.0
Rayshawn Jenkins,11868,S,SEA,13,313,0,29,0,8.0,66.7,83.9,34.5,23.0,0,0,0.0,55.0,0,19,50.0,1,0,103.5,2,73,23.3,87,2,1,3,0,33,20,0.5,16.5,0,2,6.2,86.4,93.8,9.1,7.8,0,0,0.0,60.1,0,30,14.8,4,0,103.6,19,180,57.5,192,8,21,22,0,195,118,1.1,10.3
Carl Lawson,11871,ED,DAL,15,13,0,9,0,,,0.9,,,0,0,,60.0,0,,,0,0,0.0,0,1,7.7,110,2,0,0,0,0,0,0.0,,0,0,-1.0,100.0,6.8,10.0,10.0,0,0,0.0,61.0,0,1,100.0,1,0,79.2,1,11,84.6,161,2,0,1,0,1,2,0.1,1.0
Jalen Reeves-Maybin,11879,LB,DET,11,108,0,11,0,-1.0,100.0,82.0,36.0,36.0,0,0,0.0,64.8,0,9,,0,0,143.8,1,41,38.0,50,0,0,1,1,9,10,0.3,9.0,0,2,7.0,100.0,80.6,6.1,6.1,0,0,0.0,67.7,0,40,10.0,1,0,114.6,8,50,46.3,62,3,7,8,0,92,36,1.9,11.5
Grover Stewart,11899,DI,IND,17,1,0,14,0,,,0.0,,,0,0,,,0,,,0,0,0.0,0,0,0.0,48,0,0,0,0,0,0,,,0,1,,,0.4,,,0,0,,63.4,0,,16.7,1,0,0.0,0,1,100.0,240,6,4,0,0,0,0,0.0,
Damontae Kazee,11904,S,PIT,16,212,0,25,0,-3.0,100.0,100.0,61.0,61.0,0,0,0.0,55.9,0,13,0.0,0,0,118.8,1,65,30.7,65,0,5,1,0,13,16,0.2,13.0,0,2,12.6,70.0,100.0,17.9,12.5,1,1,10.0,54.6,0,49,0.0,0,1,145.8,7,128,60.4,128,4,11,10,1,136,42,1.1,19.4
Desmond King II,11906,CB,BLT,2,16,0,3,0,10.0,100.0,90.0,3.5,3.5,0,0,0.0,29.1,0,23,,0,0,158.3,2,9,56.3,10,0,0,2,1,25,6,3.6,12.5,0,1,8.0,75.0,100.0,2.3,1.8,0,0,0.0,87.2,0,6,0.0,0,0,79.2,3,7,43.8,7,0,1,4,0,14,16,2.0,4.7
Anthony Walker Jr.,11916,LB,MIA,11,293,0,17,0,8.3,33.3,81.0,60.0,20.0,0,0,0.0,63.4,1,15,0.0,0,0,11.1,1,64,21.8,79,0,2,3,0,15,11,0.3,15.0,0,8,3.5,91.7,89.3,7.6,7.0,0,0,0.0,35.0,0,27,17.1,6,0,108.9,22,175,59.7,196,2,21,24,0,243,174,1.4,11.0
Matt Milano,11918,LB,BUF,7,150,0,4,0,-3.0,50.0,64.6,29.0,14.5,0,0,0.0,71.1,0,6,0.0,0,0,56.3,1,31,20.7,48,1,1,2,0,6,7,0.2,6.0,0,1,5.8,88.9,91.8,10.9,9.7,0,0,0.0,37.1,0,31,36.4,4,0,118.1,8,90,60.0,98,4,6,9,0,111,76,1.3,13.9
Chuck Clark,11941,S,NYJ,12,389,0,22,1,3.4,87.5,96.8,14.6,12.8,0,0,0.0,56.2,0,18,0.0,0,0,126.6,7,120,30.8,124,4,11,8,3,39,29,0.4,5.6,0,4,10.7,45.5,97.3,39.2,17.8,0,1,9.1,46.5,0,26,12.5,2,1,98.3,5,214,55.0,220,3,10,11,1,74,22,0.4,14.8
Xavier Woods,11946,S,CAR,17,636,0,5,2,9.0,50.0,98.6,32.3,16.1,0,1,12.5,58.0,0,17,0.0,0,0,103.1,4,139,21.9,141,2,11,8,1,38,14,0.3,9.5,0,4,7.2,75.0,99.5,14.5,10.8,0,2,6.3,68.6,3,52,5.0,2,1,72.5,24,376,59.1,378,9,34,32,2,201,72,0.6,8.4
Al-Quadin Muhammad,11951,ED,DET,10,8,0,11,0,4.0,0.0,6.0,,6.0,0,1,100.0,71.5,0,,,0,1,39.6,0,7,87.5,117,2,0,1,0,0,0,0.0,,0,0,,,1.5,,,0,0,,67.3,0,,50.0,1,0,0.0,0,1,12.5,66,2,1,0,0,0,0,0.0,
D.J. Jones,11953,DI,DEN,18,6,0,10,0,0.0,100.0,3.2,3.0,3.0,0,0,0.0,51.4,0,34,50.0,1,0,158.3,1,3,50.0,93,1,1,1,1,34,34,11.3,34.0,0,0,2.5,100.0,2.0,1.5,1.5,0,0,0.0,56.4,0,15,0.0,0,0,110.4,2,3,50.0,153,2,3,2,0,21,16,7.0,10.5
Jeremiah Ledbetter,11960,DI,JAX,15,2,0,15,0,,,1.4,,,0,0,,65.8,0,,0.0,0,0,0.0,0,1,50.0,71,1,1,0,0,0,0,0.0,,0,0,,,0.8,,,0,0,,62.9,0,,25.0,1,0,0.0,0,1,50.0,118,4,3,0,0,0,0,0.0,
Michael Davis,12040,CB,WAS,9,82,0,32,0,13.4,62.5,100.0,5.2,3.3,0,1,12.5,29.2,0,28,25.0,1,0,102.1,5,29,35.4,29,1,3,8,0,92,32,3.5,18.4,0,0,11.8,83.3,100.0,8.0,6.7,0,0,0.0,56.7,0,21,50.0,2,0,109.0,5,41,50.0,41,1,2,6,0,61,26,1.5,12.2
Adam Butler,12214,DI,LV,17,31,0,23,0,,,10.7,,,0,0,,55.2,0,,,0,0,0.0,0,19,61.3,177,1,0,0,0,0,0,0.0,,0,1,,,2.6,,,0,0,,74.2,0,,8.3,1,0,0.0,0,8,25.8,304,8,10,0,0,0,0,0.0,
Arthur Maulet,12224,CB,BLT,3,48,0,3,0,25.0,25.0,94.1,16.0,4.0,0,0,0.0,31.8,0,17,0.0,0,0,44.8,1,16,33.3,17,0,1,4,0,17,2,1.1,17.0,0,3,-2.0,100.0,86.7,8.3,8.3,0,0,0.0,75.7,0,5,0.0,0,0,81.9,3,26,54.2,30,1,2,3,0,11,17,0.4,3.7
Sione Takitaki,12666,LB,NE,11,67,0,19,0,-4.0,100.0,68.4,13.0,13.0,0,0,0.0,68.6,0,9,100.0,1,0,143.8,1,13,19.4,19,0,0,1,1,9,13,0.7,9.0,0,3,0.3,75.0,83.3,15.0,11.3,0,0,0.0,59.7,0,12,16.7,1,0,86.5,3,45,67.2,54,2,2,4,0,21,18,0.5,7.0
Sam Eguavoen,15301,LB,NYJ,4,18,0,22,0,,,85.7,,,0,0,,64.9,0,,,0,0,0.0,0,6,33.3,7,0,0,0,0,0,0,0.0,,0,1,,,76.9,,,0,0,,56.2,0,,50.0,1,0,0.0,0,10,55.6,13,0,0,0,0,0,0,0.0,
Nathan Shepherd,24614,DI,NO,16,3,0,20,0,,,0.0,,,0,0,,,0,,,0,0,0.0,0,0,0.0,101,1,0,0,0,0,0,,,0,0,,,1.7,,,0,0,,58.9,0,,50.0,1,0,0.0,0,3,100.0,179,2,1,0,0,0,0,0.0,
Foyesade Oluokun,24904,LB,JAX,13,448,0,15,2,2.6,87.5,88.5,10.2,8.9,0,3,18.8,69.3,1,26,0.0,0,2,70.1,14,154,34.4,174,7,14,16,0,113,78,0.8,8.1,0,5,3.5,84.6,99.2,10.2,8.6,0,2,7.7,65.9,0,21,9.4,3,2,96.6,22,239,53.3,241,9,24,26,0,187,115,0.8,8.5
Levi Wallace,25445,CB,DEN,13,237,0,10,1,11.7,70.0,98.7,9.7,6.8,0,1,10.0,66.4,0,70,0.0,0,1,145.8,7,76,32.1,77,2,8,10,1,166,75,2.4,23.7,0,2,9.4,71.4,100.0,11.6,8.3,0,0,0.0,59.9,0,32,6.7,1,0,116.4,10,122,51.5,122,2,12,14,1,104,44,0.9,10.4
Anfernee Jennings,25449,ED,NE,16,78,0,19,0,,,8.2,,,0,0,,67.2,0,,,0,0,0.0,0,15,19.2,183,2,0,0,0,0,0,0.0,,0,2,3.6,87.5,27.5,7.9,6.9,0,0,0.0,56.1,0,14,11.1,1,0,103.1,7,56,71.8,204,2,6,8,0,70,45,1.3,10.0
Sean Murphy-Bunting,25891,CB,ARZ,15,418,0,1,1,16.5,61.5,100.0,12.5,7.7,0,1,7.7,64.3,1,20,14.3,1,0,96.8,8,103,24.6,103,1,5,13,2,112,20,1.1,14.0,0,6,9.6,80.6,99.6,10.1,8.2,0,1,3.2,46.7,1,30,24.2,8,1,85.8,25,266,63.6,267,6,19,31,0,242,81,1.0,9.7
Clelin Ferrell,25955,ED,WAS,17,11,0,32,0,,,0.0,,,0,0,,,0,,,0,0,0.0,0,0,0.0,72,2,0,0,0,0,0,,,0,1,-1.0,100.0,9.2,5.5,5.5,0,0,0.0,57.3,0,11,0.0,0,0,83.3,2,11,100.0,120,1,1,2,0,8,10,0.7,4.0
Dexter Lawrence,25991,DI,NYG,12,2,0,21,0,,,0.8,,,0,0,,59.5,0,,100.0,1,0,0.0,0,1,50.0,121,6,0,0,0,0,0,0.0,,0,0,,,0.0,,,0,0,,60.0,0,,50.0,1,0,0.0,0,0,0.0,171,2,1,0,0,0,0,,
Maxx Crosby,26316,ED,LV,12,9,0,23,0,,,1.8,,,0,0,,60.3,0,,,0,0,0.0,0,3,33.3,167,3,0,0,0,0,0,0.0,,0,1,12.0,100.0,0.8,2.0,2.0,0,0,0.0,60.5,0,26,25.0,1,0,118.8,1,2,22.2,243,5,2,1,0,26,14,13.0,26.0
Jeremiah Moon,26453,ED,PIT,9,4,0,25,0,,,0.0,,,0,0,,,0,,,0,0,0.0,0,0,0.0,14,0,0,0,0,0,0,,,0,0,1.5,50.0,8.9,4.0,2.0,0,0,0.0,46.0,0,9,,0,0,62.5,1,4,100.0,45,0,0,2,0,9,4,2.3,9.0
D.J. Reed,26940,CB,NYJ,14,501,0,22,0,11.0,61.8,100.0,6.3,3.9,0,6,17.6,66.1,0,38,0.0,0,3,99.4,21,156,31.1,156,8,21,34,2,214,66,1.6,10.2,0,0,15.2,60.0,99.3,21.8,13.1,0,4,20.0,62.8,0,50,22.2,4,3,95.8,12,279,55.7,281,5,14,20,0,210,49,0.8,17.5
Isaiah Rodgers,27069,CB,PHI,17,276,0,24,0,13.3,41.7,100.0,13.4,5.6,0,4,33.3,83.3,0,30,0.0,0,3,84.0,5,76,27.5,76,1,6,12,1,56,18,0.8,11.2,0,2,12.5,52.9,100.0,15.0,7.9,0,2,11.8,57.8,0,48,17.6,3,2,73.7,9,139,50.4,139,5,12,17,0,112,43,0.8,12.4
Bryce Huff,27128,ED,PHI,14,10,0,24,0,,,0.0,,,0,0,,,0,,,0,0,0.0,0,0,0.0,44,0,0,0,0,0,0,,,0,0,-4.0,100.0,9.3,7.0,7.0,0,0,0.0,65.9,0,1,100.0,2,0,79.2,1,9,90.0,97,2,0,1,0,1,5,0.1,1.0
Siran Neal,27130,CB,MIA,8,33,0,17,0,14.5,25.0,100.0,13.0,3.3,0,2,50.0,56.8,0,21,0.0,0,2,49.0,1,15,45.5,15,0,1,4,0,21,7,1.6,21.0,0,0,-2.0,75.0,88.2,5.0,3.8,0,0,0.0,76.7,0,5,0.0,0,0,77.1,3,15,45.5,17,1,2,4,0,9,12,0.6,3.0
Montez Sweat,27271,ED,CHI,16,10,0,6,0,,,3.0,,,0,0,,61.5,0,,100.0,1,0,0.0,0,2,20.0,66,1,0,0,0,0,0,0.0,,0,0,,,1.8,,,0,0,,42.3,0,,33.3,1,0,0.0,0,5,50.0,271,5,2,0,0,0,0,0.0,
Devin Bush,27375,LB,CLV,16,195,0,8,1,-1.2,60.0,78.8,20.3,12.2,0,2,40.0,75.7,0,15,0.0,0,2,82.1,3,67,34.4,85,1,4,5,0,36,34,0.6,12.0,0,1,4.8,91.7,90.7,9.5,8.7,0,1,8.3,45.0,0,33,0.0,0,1,111.5,11,107,54.9,118,5,13,12,0,129,88,1.2,11.7
David Long Jr.,27377,CB,IND,1,7,0,14,0,,,100.0,,,0,0,,36.1,0,,,0,0,0.0,0,2,28.6,2,0,0,0,0,0,0,0.0,,0,0,,,100.0,,,0,0,,63.6,0,,,0,0,0.0,0,3,42.9,3,0,0,0,0,0,0,0.0,
Joshua Uche,27379,ED,KC,13,46,0,16,0,1.3,66.7,18.1,6.5,4.3,0,0,0.0,38.9,0,20,0.0,0,0,88.2,2,15,32.6,83,1,1,3,0,22,24,1.7,11.0,0,2,3.8,100.0,28.7,4.0,4.0,0,0,0.0,29.6,0,26,9.1,1,0,118.1,6,25,54.3,87,5,8,6,0,74,51,3.1,12.3
D'Angelo Ross,27732,CB,HST,4,111,0,13,0,12.0,100.0,100.0,16.0,16.0,0,0,0.0,60.8,0,15,,0,0,118.8,1,19,17.1,19,0,0,1,0,15,3,0.9,15.0,0,0,9.1,77.8,100.0,10.0,7.8,0,2,22.2,67.7,0,23,20.0,2,1,100.9,7,73,65.8,73,2,8,9,0,74,29,1.1,10.6
Khalil Dorsey,27819,CB,DET,6,49,0,11,0,13.3,25.0,100.0,19.0,4.8,0,1,25.0,55.4,0,25,0.0,0,1,53.1,1,20,40.8,20,0,2,4,0,25,21,1.3,25.0,0,1,29.8,60.0,100.0,6.3,3.8,0,0,0.0,38.1,0,64,0.0,0,0,104.2,3,21,42.9,21,0,2,5,0,100,19,5.3,33.3
DaVon Hamilton,28072,DI,JAX,17,2,0,15,0,,,0.0,,,0,0,,63.8,0,,25.0,1,0,0.0,0,0,0.0,131,2,3,0,0,0,0,,,0,1,,,1.2,,,0,0,,63.8,0,,20.0,1,0,0.0,0,2,100.0,170,2,3,0,0,0,0,0.0,
Dre'Mont Jones,28075,ED,SEA,17,12,0,29,0,0.0,0.0,3.9,,4.0,0,0,0.0,58.6,0,,,0,0,39.6,0,4,33.3,103,0,0,1,0,0,0,0.0,,0,0,4.0,100.0,3.6,4.0,4.0,0,0,0.0,33.3,0,12,50.0,2,0,116.7,2,8,66.7,223,4,2,2,0,24,16,3.0,12.0
Malik Harrison,28081,LB,BLT,17,169,0,3,0,4.0,50.0,76.4,51.0,25.5,0,0,0.0,63.3,0,12,100.0,1,0,108.3,1,55,32.5,72,1,0,2,1,12,0,0.2,12.0,0,2,4.8,83.3,73.8,8.9,7.4,0,0,0.0,28.4,0,70,29.4,5,0,146.5,10,93,55.0,126,1,10,12,1,189,158,2.1,18.9
Jerome Baker,28091,LB,TEN,10,289,0,31,1,4.3,50.0,74.1,18.3,9.2,0,2,33.3,86.7,0,19,40.0,2,1,58.3,3,60,20.8,81,3,2,6,0,21,32,0.4,7.0,0,2,3.9,72.7,90.3,10.1,7.3,0,1,4.5,56.3,0,18,11.8,2,1,85.2,16,168,58.1,186,4,13,22,0,119,92,0.7,7.4
Tremon Smith,28196,CB,DEN,4,11,0,10,0,,,100.0,,,0,0,,65.1,0,,,0,0,0.0,0,4,36.4,4,0,0,0,0,0,0,0.0,,0,0,,,100.0,,,0,0,,64.4,0,,,0,0,0.0,0,4,36.4,4,0,0,0,0,0,0,0.0,
Troy Dye,28251,LB,LAC,15,190,0,27,0,3.0,100.0,72.2,22.0,22.0,0,0,0.0,60.4,0,4,0.0,0,0,83.3,1,26,13.7,36,2,3,1,0,4,1,0.2,4.0,0,0,6.2,94.4,93.7,6.5,6.2,0,1,5.6,63.2,0,37,7.7,1,1,106.9,17,119,62.6,127,6,12,18,0,174,69,1.6,10.2
Brenden Schooler,28253,S,NE,7,33,0,19,1,5.0,0.0,84.6,,22.0,0,0,0.0,64.5,0,,0.0,0,0,39.6,0,22,66.7,26,1,0,1,0,0,0,0.0,,0,1,50.0,0.0,66.7,,8.0,0,0,0.0,46.4,0,,0.0,0,0,39.6,0,8,24.2,12,1,0,1,0,0,0,0.0,
Myles Adams,28430,DI,DET,8,1,0,11,0,,,4.5,,,0,0,,60.0,0,,,0,0,0.0,0,1,100.0,22,0,0,0,0,0,0,0.0,,0,0,,,0.0,,,0,0,,60.0,0,,0.0,0,0,0.0,0,0,0.0,27,1,1,0,0,0,0,,
DeShon Elliott,28854,S,PIT,16,515,0,25,2,9.5,59.1,89.8,11.4,6.7,0,2,9.1,60.8,0,16,0.0,0,2,89.4,13,167,32.4,186,5,14,22,1,121,42,0.8,9.3,0,6,5.7,77.5,96.9,8.6,6.7,0,3,7.5,61.6,0,26,2.8,1,3,105.0,31,281,54.6,290,10,29,40,1,288,133,1.1,9.3
Jack Jones,29050,CB,LV,17,647,0,23,1,12.2,61.3,99.5,9.5,5.8,0,6,19.4,33.3,0,47,7.1,1,5,132.7,19,196,30.3,197,4,12,31,6,297,142,1.6,15.6,0,2,8.6,69.8,99.7,11.9,8.3,0,4,9.3,67.2,3,62,15.8,6,4,78.3,30,381,58.9,382,10,30,43,2,327,138,0.9,10.9
David Long Jr.,29367,LB,DET,10,169,0,11,0,-1.3,100.0,70.0,10.7,10.7,0,0,0.0,71.6,0,17,0.0,0,0,149.3,3,35,20.7,50,2,2,3,1,31,35,1.0,10.3,0,4,5.9,88.2,88.9,6.9,6.1,0,0,0.0,34.2,0,37,20.0,4,0,106.6,15,112,66.3,126,1,12,17,0,163,87,1.6,10.9
Germaine Pratt,29407,LB,CIN,17,578,0,7,1,4.4,60.0,67.6,29.7,17.8,1,2,40.0,76.9,0,17,16.7,1,2,78.8,3,94,16.3,139,1,4,5,0,32,23,0.4,10.7,0,12,4.1,80.6,95.1,7.2,5.8,0,1,1.6,43.0,2,43,15.3,9,1,101.7,50,372,64.4,391,19,38,62,2,561,400,1.6,11.2
Chris Board,29456,LB,BLT,10,125,0,3,2,2.3,33.3,93.3,47.0,15.7,0,1,33.3,79.0,0,11,33.3,1,1,45.1,1,56,44.8,60,0,0,3,0,11,9,0.2,11.0,0,3,4.9,100.0,86.7,6.9,6.9,0,0,0.0,52.6,0,14,0.0,0,0,103.0,7,52,41.6,60,3,6,7,0,61,27,1.3,8.7
Logan Wilson,29623,LB,CIN,11,371,0,7,2,-0.8,75.0,68.7,24.3,18.3,0,1,25.0,62.3,0,13,20.0,2,1,88.5,3,79,21.3,115,1,6,4,0,23,23,0.3,7.7,0,9,2.5,91.3,89.2,11.0,10.0,0,0,0.0,58.1,0,18,12.2,5,0,111.8,21,240,64.7,269,12,27,23,1,169,122,0.7,8.0
Ty Summers,30242,LB,NYG,3,50,0,21,1,-8.0,100.0,89.5,16.0,16.0,0,0,0.0,47.6,0,9,0.0,0,0,104.2,1,17,34.0,19,0,1,1,0,9,17,0.6,9.0,0,1,1.5,50.0,92.0,11.0,5.5,0,1,25.0,69.3,0,13,0.0,0,1,64.6,2,23,46.0,25,0,3,4,0,20,17,0.9,10.0
Andrew Van Ginkel,30267,ED,MIN,18,212,0,18,1,6.0,100.0,18.9,29.0,29.0,0,0,0.0,87.8,1,10,25.0,1,0,108.3,1,30,14.2,159,5,2,1,1,10,4,0.3,10.0,0,3,6.1,78.9,37.3,9.9,7.8,0,0,0.0,78.8,1,40,19.4,6,0,79.4,15,157,74.1,421,19,22,19,0,158,74,1.1,10.5
T.J. Edwards,30737,LB,CHI,17,517,0,6,0,9.4,40.0,75.6,32.5,13.0,0,0,0.0,67.8,0,34,0.0,0,0,70.4,2,68,13.2,90,2,3,5,0,42,19,0.6,21.0,0,13,4.3,91.9,89.5,6.7,6.2,0,1,1.6,54.5,1,69,12.7,8,1,107.8,57,402,77.8,449,18,42,62,1,632,433,1.6,11.1
George Odum,31342,S,SF,4,96,0,28,0,52.0,100.0,100.0,19.0,19.0,0,1,100.0,46.9,0,97,50.0,1,1,158.3,1,20,20.8,20,0,1,1,1,97,45,5.1,97.0,0,0,14.5,50.0,100.0,26.0,13.0,0,3,75.0,73.1,0,17,0.0,0,3,67.7,2,53,55.2,53,0,4,4,0,23,18,0.4,11.5
Khalen Saunders,31534,DI,NO,13,5,0,20,0,,,0.0,,,0,0,,73.1,1,,0.0,0,0,0.0,0,0,0.0,80,2,2,0,0,0,0,,,0,2,4.0,100.0,3.0,4.0,4.0,1,0,0.0,56.4,0,6,0.0,0,0,91.7,1,4,80.0,132,1,1,1,0,6,2,1.5,6.0
Dane Jackson,32989,CB,CAR,9,181,0,5,0,10.4,60.0,92.0,14.3,8.6,0,0,0.0,38.5,0,11,100.0,1,0,115.8,3,46,25.4,50,0,0,5,1,29,9,0.7,9.7,0,0,4.5,73.3,93.5,8.6,6.3,0,2,13.3,54.0,0,18,28.6,4,1,89.9,11,101,55.8,108,3,10,15,0,96,70,1.0,8.7
Cam Gill,33560,ED,CAR,10,18,0,5,0,,,5.9,,,0,0,,60.0,0,,,0,0,0.0,0,1,5.6,17,0,0,0,0,0,0,0.0,,0,0,4.5,100.0,14.0,3.5,3.5,0,0,0.0,32.9,0,15,,0,0,97.9,2,8,44.4,57,0,0,2,0,15,6,2.1,7.5
Mike Hughes,34057,CB,ATL,15,451,0,2,0,14.8,38.5,100.0,16.6,6.4,0,3,23.1,85.6,0,17,0.0,0,1,73.2,5,90,20.0,90,4,7,13,1,42,5,0.5,8.4,0,4,12.1,73.3,100.0,11.2,8.2,1,3,10.0,63.4,0,49,15.2,5,3,110.8,22,262,58.1,262,6,24,30,1,263,106,1.1,12.0
Kendall Sheffield,34105,CB,NYJ,3,62,0,22,0,4.3,66.7,100.0,8.0,5.3,0,0,0.0,48.0,0,19,,0,0,133.3,2,18,29.0,18,0,0,3,1,26,17,1.6,13.0,0,0,9.2,50.0,96.7,9.0,4.5,0,0,0.0,47.8,0,9,0.0,0,0,59.0,3,29,46.8,30,1,3,6,0,22,4,0.8,7.3
Kris Boyd,34222,CB,HST,2,26,0,13,0,5.0,50.0,100.0,4.0,2.0,0,0,0.0,49.9,0,24,100.0,1,0,93.8,1,6,23.1,6,0,0,2,0,24,10,6.0,24.0,0,0,41.0,66.7,100.0,7.5,5.0,0,0,0.0,27.2,0,49,100.0,1,0,149.3,2,15,57.7,15,0,0,3,1,88,7,5.9,44.0
Darnell Savage,34247,S,JAX,13,452,0,15,0,12.1,46.2,98.8,24.5,11.3,0,5,38.5,55.9,0,23,0.0,0,3,108.3,6,161,35.6,163,2,6,13,2,88,60,0.6,14.7,0,0,13.4,73.9,98.8,13.4,9.9,0,0,0.0,41.9,1,32,13.3,2,0,117.7,17,239,52.9,242,3,13,23,2,238,50,1.0,14.0
Zayne Anderson,34622,S,GB,5,75,0,12,0,,,90.9,,,0,0,,67.3,0,,,0,0,0.0,0,10,13.3,11,0,0,0,0,0,0,0.0,,0,1,17.0,0.0,100.0,,53.0,1,1,100.0,79.6,1,,0.0,0,1,0.0,0,55,73.3,55,0,1,1,0,0,0,0.0,
Zack Baun,34632,LB,PHI,20,695,0,24,1,-1.6,57.1,69.5,30.8,17.6,0,0,0.0,81.9,0,4,14.3,1,0,62.2,4,139,20.0,200,5,5,7,0,3,15,0.0,0.8,0,8,4.2,81.5,90.4,8.4,6.8,0,3,5.6,90.3,2,34,13.4,9,3,82.3,44,384,55.3,425,19,50,54,0,402,303,1.1,9.1
Johnathan Abram,34646,S,NO,3,61,0,20,0,,,80.0,,,0,0,,47.7,0,,66.7,2,0,0.0,0,12,19.7,15,0,1,0,0,0,0,0.0,,0,1,6.0,33.3,97.2,33.0,11.0,0,1,33.3,66.3,1,8,25.0,1,0,2.8,1,35,57.4,36,1,2,3,0,8,16,0.2,8.0
Akeem Davis-Gaither,34788,LB,CIN,17,290,0,7,0,5.8,100.0,62.3,10.0,10.0,0,0,0.0,43.3,0,18,25.0,1,0,112.5,4,43,14.8,69,0,3,4,0,44,21,1.1,11.0,0,8,4.1,81.3,88.7,6.5,5.3,0,1,3.1,55.6,1,29,18.2,6,1,87.1,26,173,59.7,195,5,19,32,0,257,180,1.5,9.9
Jamel Dean,34918,CB,TB,13,516,0,30,0,15.8,73.3,100.0,6.5,4.7,0,1,6.7,44.3,0,50,12.5,1,0,115.3,11,80,15.5,80,0,7,15,0,209,38,2.9,19.0,0,5,10.7,65.9,99.8,13.2,8.7,1,6,13.6,78.9,1,35,8.3,4,5,74.7,29,402,77.9,403,13,39,44,0,287,79,0.8,9.9
Josh Butler,35097,CB,DAL,3,103,0,9,0,19.0,40.0,100.0,11.5,4.6,0,1,20.0,51.6,0,19,0.0,0,1,56.3,2,23,22.3,23,1,3,5,0,25,3,1.1,12.5,0,1,10.1,75.0,100.0,7.0,5.3,0,2,16.7,51.9,0,26,7.7,1,1,94.8,9,67,65.0,67,2,11,12,0,87,30,1.4,9.7
Trevis Gipson,35241,ED,SEA,5,5,0,29,0,5.0,100.0,12.5,1.0,1.0,0,0,0.0,60.0,0,7,,0,0,135.4,1,1,20.0,8,0,0,1,1,7,2,7.0,7.0,0,0,-2.0,100.0,21.1,4.0,4.0,0,0,0.0,40.7,0,9,100.0,1,0,104.2,1,4,80.0,19,0,0,1,0,9,11,2.3,9.0
Blake Cashman,35413,LB,MIN,15,465,0,18,1,3.8,87.5,63.5,13.6,11.9,0,1,12.5,68.6,0,23,22.2,2,1,102.1,7,101,21.7,159,4,6,8,0,68,40,0.7,9.7,0,10,5.4,77.8,74.9,8.6,6.7,1,3,6.7,61.1,0,27,5.5,3,3,99.2,35,310,66.7,414,17,42,45,0,351,213,1.2,10.0
Darrell Taylor,36001,ED,CHI,16,15,0,6,0,,,4.8,,,0,0,,61.1,0,,,0,0,0.0,0,2,13.3,42,1,0,0,0,0,0,0.0,,0,0,11.0,100.0,6.7,12.0,12.0,0,0,0.0,39.0,0,18,0.0,0,0,118.8,1,12,80.0,178,3,1,1,0,18,7,1.5,18.0
Quinton Bell,37468,ED,MIA,16,44,0,17,0,,,9.5,,,0,0,,63.4,0,,0.0,0,0,0.0,0,2,4.5,21,1,1,0,0,0,0,0.0,,0,0,4.9,42.9,39.3,10.7,4.6,0,1,14.3,50.5,0,16,0.0,0,1,55.1,3,33,75.0,84,1,4,7,0,29,27,0.9,9.7
Troy Reeder,38268,LB,LA,6,170,0,26,1,-2.3,100.0,76.7,7.8,7.8,0,0,0.0,54.5,0,18,20.0,1,0,111.5,4,33,19.4,43,0,3,4,0,43,52,1.4,10.8,0,5,4.1,58.3,92.2,14.0,8.2,0,1,8.3,54.8,0,27,0.0,0,1,75.7,7,107,62.9,116,2,7,12,0,72,64,0.7,10.3
Camryn Bynum,38408,S,MIN,18,724,0,18,4,7.3,58.3,98.2,22.1,12.9,0,1,8.3,54.5,1,13,0.0,0,0,74.7,7,164,22.7,167,1,9,12,2,55,26,0.4,7.9,0,5,12.9,66.7,99.0,23.2,15.5,1,5,16.7,64.1,2,35,9.3,4,4,93.5,20,486,67.1,491,8,34,30,2,298,125,0.6,14.9
Cameron Goode,38410,ED,MIA,2,2,0,17,0,,,40.0,,,0,0,,62.0,0,,,0,0,0.0,0,2,100.0,5,0,0,0,0,0,0,0.0,,0,0,,,0.0,,,0,0,,,0,,,0,0,0.0,0,0,0.0,4,0,0,0,0,0,0,,
Casey Toohill,38472,ED,BUF,14,1,0,4,0,,,4.0,,,0,0,,68.2,0,,0.0,0,0,0.0,0,1,100.0,25,1,1,0,0,0,0,0.0,,0,1,,,0.0,,,0,0,,60.0,0,,0.0,0,0,0.0,0,0,0.0,71,1,0,0,0,0,0,,
Maurice Hurst,38563,DI,CLV,8,2,0,8,0,,,0.0,,,0,0,,60.0,0,,100.0,1,0,0.0,0,0,0.0,23,0,0,0,0,0,0,,,0,0,,,5.3,,,0,0,,58.5,0,,,0,0,0.0,0,2,100.0,38,0,0,0,0,0,0,0.0,
Eric Wilson,38587,LB,GB,17,279,0,12,0,5.0,100.0,62.2,25.0,25.0,0,0,0.0,69.1,0,3,0.0,0,0,118.8,1,28,10.0,45,2,1,1,1,3,0,0.1,3.0,0,3,6.4,82.8,94.1,8.4,6.9,0,1,3.4,51.5,0,28,17.6,6,1,104.9,24,208,74.6,221,7,25,29,0,266,124,1.3,11.1
Joe Giles-Harris,39382,LB,JAX,2,8,0,15,0,,,100.0,,,0,0,,64.1,0,,,0,0,0.0,0,5,62.5,5,0,0,0,0,0,0,0.0,,0,0,2.0,100.0,75.0,3.0,3.0,0,0,0.0,44.3,0,6,0.0,0,0,91.7,1,3,37.5,4,0,1,1,0,6,4,2.0,6.0
Tershawn Wharton,40292,DI,KC,20,15,0,16,0,,,0.0,,,0,0,,61.2,0,,75.0,3,0,0.0,0,0,0.0,160,3,1,0,0,0,0,,,0,0,1.3,66.7,4.4,5.5,3.7,0,0,0.0,45.1,0,18,0.0,0,0,99.3,2,12,80.0,270,4,2,3,0,30,29,2.7,15.0
Chazz Surratt,40313,LB,NYJ,12,49,0,22,0,,,73.9,,,0,0,,75.1,0,,100.0,1,0,0.0,0,17,34.7,23,0,0,0,0,0,0,0.0,,0,1,4.0,100.0,80.0,22.0,22.0,0,0,0.0,78.4,0,6,0.0,0,0,91.7,1,24,49.0,30,0,4,1,0,6,2,0.3,6.0
L'Jarius Sneed,40588,CB,TEN,5,168,0,31,0,11.1,71.4,100.0,8.8,6.3,0,0,0.0,33.6,0,26,40.0,2,0,142.3,5,45,26.8,45,0,3,7,1,69,16,1.6,13.8,0,0,20.9,18.2,98.9,43.0,7.8,0,0,0.0,46.4,0,13,28.6,2,0,39.6,2,94,56.0,95,2,5,11,0,22,4,0.3,11.0
Alohi Gilman,41662,S,LAC,12,478,0,27,2,18.0,100.0,98.8,24.7,24.7,0,0,0.0,45.0,0,36,12.5,1,0,158.3,3,81,16.9,82,1,5,3,1,57,12,0.8,19.0,0,3,11.9,45.0,99.7,33.3,15.0,0,4,20.0,73.0,1,29,12.5,3,4,38.8,9,316,66.1,317,4,18,20,0,96,31,0.3,10.7
Trevon Diggs,41817,CB,DAL,11,389,0,9,0,13.8,64.7,100.0,8.9,5.8,0,3,17.6,57.9,0,37,11.1,1,1,136.5,11,104,26.7,104,3,8,17,3,167,46,1.7,15.2,0,1,8.4,63.3,100.0,12.1,7.7,0,3,10.0,60.8,2,39,31.6,6,3,53.9,19,248,63.8,248,5,12,30,0,193,110,0.8,10.2
Ed Oliver,42200,DI,BUF,17,3,0,4,0,,,0.8,,,0,0,,60.0,0,,,0,0,0.0,0,1,33.3,119,0,0,0,0,0,0,0.0,,0,1,,,0.0,,,0,0,,70.3,0,,0.0,0,0,0.0,0,0,0.0,264,5,5,0,0,0,0,,
Divine Deablo,42208,LB,LV,14,323,0,23,0,0.0,100.0,61.1,20.3,20.3,0,0,0.0,68.3,0,17,0.0,0,0,102.8,3,66,20.4,108,1,4,3,0,26,26,0.4,8.7,0,7,5.9,77.8,93.9,9.7,7.5,0,1,3.7,50.9,0,25,6.5,2,0,98.3,21,215,66.6,229,6,22,27,0,205,107,1.0,9.8
Bryce Hall,42313,CB,TB,1,11,0,30,0,31.0,0.0,100.0,,3.0,0,0,0.0,75.9,0,,,0,0,39.6,0,4,36.4,4,0,0,1,0,0,0,0.0,,0,0,10.0,0.0,100.0,,6.0,0,0,0.0,28.8,0,,,0,0,39.6,0,6,54.5,6,0,0,1,0,0,0,0.0,
Janarius Robinson,42447,ED,LV,10,3,0,23,0,,,3.6,,,0,0,,60.0,0,,,0,0,0.0,0,1,33.3,28,0,0,0,0,0,0,0.0,,0,0,,,3.1,,,0,0,,60.7,0,,0.0,0,0,0.0,0,1,33.3,32,1,1,0,0,0,0,0.0,
Amen Ogbongbemiga,42449,LB,CHI,4,12,0,6,0,1.5,100.0,100.0,1.5,1.5,0,0,0.0,59.3,0,1,0.0,0,0,118.8,2,3,25.0,3,1,1,2,1,1,5,0.3,0.5,0,0,,,88.9,,,0,0,,63.3,0,,,0,0,0.0,0,8,66.7,9,1,0,0,0,0,0,0.0,
Isaiah Simmons,42451,LB,NYG,12,122,0,21,1,3.0,50.0,77.6,33.0,16.5,0,0,0.0,62.3,0,27,25.0,1,0,95.8,1,38,31.1,49,0,2,2,0,27,24,0.8,27.0,0,3,6.9,66.7,85.9,6.4,4.3,0,0,0.0,31.6,0,24,16.7,2,0,107.4,10,67,54.9,78,2,7,15,1,99,67,1.5,9.9
K'Von Wallace,42467,S,SEA,9,54,0,29,0,-3.0,0.0,100.0,,5.0,0,0,0.0,48.7,0,,,0,0,39.6,0,6,11.1,6,0,0,1,0,0,0,0.0,,0,0,5.7,100.0,96.8,9.3,9.3,0,0,0.0,50.0,0,70,25.0,1,0,158.3,3,30,55.6,31,1,3,3,1,80,63,2.9,26.7
Antoine Winfield Jr.,42475,S,TB,10,346,0,30,0,1.7,66.7,95.2,33.0,22.0,0,0,0.0,60.4,0,13,10.0,1,0,93.8,2,79,22.8,83,1,9,3,0,26,22,0.4,13.0,0,7,9.9,68.8,88.0,20.7,14.3,2,1,6.3,52.7,0,30,10.3,3,1,128.9,11,234,67.6,266,8,19,16,2,115,63,0.5,10.5
Tomon Fox,42486,ED,NYG,10,12,0,21,0,,,0.0,,,0,0,,,0,,,0,0,0.0,0,0,0.0,33,0,0,0,0,0,0,,,0,0,-4.0,100.0,16.1,9.0,9.0,0,0,0.0,36.9,0,16,100.0,1,0,118.8,1,9,75.0,56,1,0,1,0,16,20,1.8,16.0
Shemar Jean-Charles,42496,CB,NO,4,82,0,20,1,18.2,80.0,100.0,5.3,4.2,0,1,20.0,47.9,0,20,0.0,0,1,144.6,4,25,30.5,25,0,2,5,1,46,8,2.2,11.5,0,1,15.8,50.0,100.0,16.0,8.0,0,0,0.0,74.9,1,46,0.0,0,0,56.3,3,50,61.0,50,0,2,6,0,83,43,1.7,27.7
Keir Thomas,42509,ED,LA,3,4,0,26,0,,,12.5,,,0,0,,60.0,0,,,0,0,0.0,0,1,25.0,8,0,0,0,0,0,0,0.0,,0,0,,,14.3,,,0,0,,63.5,0,,,0,0,0.0,0,3,75.0,21,0,0,0,0,0,0,0.0,
Daniel Thomas,42544,S,JAX,4,28,0,15,0,,,83.3,,,0,0,,61.6,0,,,0,0,0.0,0,5,17.9,6,0,0,0,0,0,0,0.0,,0,2,,,100.0,,,0,0,,59.2,0,,25.0,1,0,0.0,0,19,67.9,19,0,1,0,0,0,0,0.0,
Krys Barnes,42548,LB,ARZ,17,113,0,1,1,-1.0,100.0,71.0,22.0,22.0,0,0,0.0,84.8,0,2,33.3,1,0,79.2,1,22,19.5,31,2,1,1,0,2,3,0.1,2.0,0,5,4.8,80.0,87.1,14.8,11.8,0,0,0.0,55.0,0,13,10.0,1,0,98.3,4,61,54.0,70,3,4,5,0,38,23,0.6,9.5
Nazeeh Johnson,42553,CB,KC,18,358,0,16,0,14.8,70.6,99.2,9.8,6.9,0,1,5.9,40.5,0,47,0.0,0,0,148.2,12,125,34.9,126,1,7,17,2,196,39,1.7,16.3,0,5,12.9,59.4,97.3,8.9,5.3,2,3,9.4,55.0,0,43,4.0,1,2,90.0,19,179,50.0,184,6,19,32,0,295,119,1.7,15.5
Justin Strnad,42659,LB,DEN,15,425,0,10,0,1.0,75.0,67.9,14.2,10.6,0,0,0.0,45.6,0,19,33.3,1,0,125.5,6,91,21.4,134,3,2,8,1,41,49,0.5,6.8,0,6,3.3,78.6,90.2,7.8,6.1,0,1,2.4,54.7,0,35,23.3,7,1,97.9,33,267,62.8,296,11,17,42,0,315,224,1.2,9.5
Chauncey Golston,42718,ED,DAL,17,4,0,9,0,,,0.0,,,0,0,,60.0,0,,0.0,0,0,0.0,0,0,0.0,141,2,2,0,0,0,0,,,0,2,,,1.4,,,0,0,,69.0,1,,14.3,1,0,0.0,0,4,100.0,282,5,4,0,0,0,0,0.0,
Nick Bosa,42741,ED,SF,14,6,0,28,0,,,0.0,,,0,1,,60.0,0,,100.0,1,0,0.0,0,0,0.0,107,2,0,0,0,0,0,,,0,2,2.5,100.0,2.3,3.0,3.0,0,0,0.0,62.6,0,7,41.7,5,0,93.8,2,6,100.0,261,9,5,2,0,13,8,2.2,6.5
Troy Pride Jr.,42883,CB,DAL,2,42,0,9,0,6.0,100.0,100.0,17.0,17.0,0,0,0.0,61.3,0,9,50.0,1,0,104.2,1,17,40.5,17,0,1,1,0,9,3,0.5,9.0,0,0,17.5,25.0,100.0,20.0,5.0,0,1,25.0,61.0,0,14,0.0,0,1,41.7,1,21,50.0,21,0,2,4,0,14,12,0.7,14.0
Kristian Fulton,42894,CB,LAC,16,501,0,27,0,15.9,52.9,100.0,9.9,5.2,0,3,17.6,56.6,0,41,25.0,1,1,122.8,9,97,19.4,97,1,3,17,3,151,51,1.7,16.8,0,5,10.7,73.0,100.0,10.7,7.8,2,3,8.1,71.2,1,54,9.4,3,3,99.6,27,309,61.7,309,11,24,37,2,266,76,0.9,9.9
Rashan Gary,42905,ED,GB,18,2,0,12,0,,,0.0,,,0,0,,60.0,0,,50.0,1,0,0.0,0,0,0.0,99,2,1,0,0,0,0,,,0,0,,,0.7,,,0,0,,44.0,0,,50.0,1,0,0.0,0,2,100.0,274,6,1,0,0,0,0,0.0,
Dicaprio Bootle,42913,CB,LAC,1,4,0,27,0,,,,,,0,0,,,0,,,0,0,0.0,0,0,0.0,0,0,0,0,0,0,0,,,0,0,,,100.0,,,0,0,,64.3,0,,,0,0,0.0,0,4,100.0,4,0,0,0,0,0,0,0.0,
Khalid Kareem,42993,ED,ATL,2,3,0,2,0,,,0.0,,,0,0,,,0,,,0,0,0.0,0,0,0.0,2,0,0,0,0,0,0,,,0,0,,,33.3,,,0,0,,60.4,0,,,0,0,0.0,0,3,100.0,9,0,0,0,0,0,0,0.0,
Jonathon Cooper,43021,ED,DEN,18,78,0,10,0,2.0,100.0,8.6,16.0,16.0,0,0,0.0,41.6,0,13,33.3,1,0,118.8,1,18,23.1,209,3,2,1,0,13,11,0.8,13.0,0,4,3.9,90.0,19.4,5.6,5.0,0,0,0.0,60.5,0,38,13.3,2,0,104.6,9,54,69.2,279,11,9,10,0,91,56,1.8,10.1
Charvarius Ward,43034,CB,SF,12,389,0,28,0,10.4,47.1,100.0,12.0,5.6,0,0,0.0,52.2,0,22,14.3,1,0,101.1,8,102,26.2,102,0,6,17,2,84,21,0.9,10.5,0,1,13.4,66.7,100.0,12.1,8.1,0,6,20.0,66.3,0,51,5.0,1,4,111.9,20,251,64.5,251,3,18,30,1,311,80,1.3,15.6
Brandon Jones,43049,S,DEN,17,671,0,10,3,5.5,73.7,96.5,14.6,10.7,0,2,10.5,68.9,0,31,3.7,1,2,108.0,14,221,32.9,229,5,23,19,1,123,70,0.6,8.8,0,1,5.6,60.0,97.6,19.1,11.4,0,3,10.0,89.6,3,17,11.1,4,3,30.8,18,363,54.1,372,12,31,30,0,132,84,0.4,7.3
Devin White,43089,LB,HST,7,96,0,13,0,14.5,50.0,57.1,13.0,6.5,0,0,0.0,41.3,0,9,50.0,2,0,62.5,1,16,16.7,28,0,2,2,0,9,5,0.7,9.0,0,0,2.7,57.1,96.7,14.3,8.1,0,0,0.0,61.2,0,7,0.0,0,0,62.2,4,58,60.4,60,3,4,7,0,19,8,0.3,4.8
Jeremy Chinn,43179,S,WAS,20,651,0,32,1,6.5,81.0,95.2,11.5,9.3,0,2,9.5,56.7,0,23,5.9,1,1,123.0,17,216,33.2,227,7,15,21,2,124,57,0.6,7.3,0,7,8.9,80.6,93.5,11.9,9.6,1,2,5.6,66.0,2,39,12.8,5,2,110.9,29,361,55.5,386,9,27,36,3,342,143,1.0,11.8
Mack Wilson Sr.,43190,LB,ARZ,16,272,0,1,0,9.3,66.7,31.8,14.0,9.3,0,0,0.0,55.2,0,16,0.0,0,0,88.2,2,28,10.3,88,0,2,3,0,22,12,0.8,11.0,0,7,2.2,85.2,72.6,9.0,7.6,1,1,3.7,63.8,1,28,3.8,1,1,78.7,23,217,79.8,299,3,18,27,0,178,147,0.9,7.7
Richie Grant,43196,S,ATL,11,120,0,2,0,,,100.0,,,0,0,,66.0,0,,0.0,0,0,0.0,0,19,15.8,19,0,1,0,0,0,0,0.0,,0,0,5.1,83.3,88.1,5.6,4.7,0,0,0.0,34.2,0,29,25.0,2,0,99.7,10,59,49.2,67,2,6,12,0,95,74,1.7,9.5
Joe Bachie,43250,LB,CIN,8,19,0,7,0,,,100.0,,,0,0,,64.9,0,,0.0,0,0,0.0,0,3,15.8,3,1,1,0,0,0,0,0.0,,0,0,-6.0,100.0,81.8,9.0,9.0,0,0,0.0,68.3,0,7,50.0,1,0,95.8,1,9,47.4,11,0,1,1,0,7,13,0.8,7.0
Damar Hamlin,43291,S,BUF,17,605,0,4,0,4.0,87.5,92.7,18.1,15.9,0,0,0.0,48.3,1,11,10.0,1,0,96.4,7,140,23.1,151,3,9,8,1,57,39,0.4,8.1,0,4,11.2,69.2,98.9,18.7,13.0,0,1,3.8,45.0,1,42,8.1,3,1,93.9,18,351,58.0,355,7,30,26,1,233,68,0.7,12.9
Myles Bryant,43336,CB,HST,7,99,0,13,0,9.0,42.9,82.1,6.7,2.9,0,1,14.3,52.6,0,18,0.0,0,1,55.7,3,23,23.2,28,1,1,7,0,30,14,1.5,10.0,0,0,3.2,80.0,91.7,13.5,10.8,0,1,20.0,72.8,0,9,33.3,3,1,84.2,4,55,55.6,60,4,6,5,0,21,12,0.4,5.3
Josh Metellus,43395,S,MIN,18,615,0,18,1,4.8,86.7,84.1,9.5,8.2,0,0,0.0,53.1,0,14,0.0,0,0,93.1,13,132,21.5,157,2,11,15,0,95,41,0.8,7.3,0,5,4.2,77.4,87.3,9.6,7.4,0,1,1.9,52.9,2,98,4.8,2,1,93.5,41,413,67.2,473,11,35,53,1,463,311,1.2,11.3
Nick Niemann,43500,LB,LAC,3,13,0,27,0,,,100.0,,,0,0,,61.0,0,,,0,0,0.0,0,2,15.4,2,0,0,0,0,0,0,0.0,,0,0,5.0,0.0,100.0,,10.0,0,1,100.0,63.6,0,,50.0,1,0,39.6,0,11,84.6,11,0,1,1,0,0,0,0.0,
Alex Highsmith,43507,ED,PIT,12,32,0,25,0,,,2.2,,,0,0,,63.1,0,,0.0,0,0,0.0,0,3,9.4,137,4,1,0,0,0,0,0.0,,0,0,5.0,75.0,15.4,8.0,6.0,0,1,25.0,70.5,0,9,33.3,1,1,84.4,3,27,84.4,175,4,2,4,0,19,14,0.8,6.3
Darrell Baker Jr.,43542,CB,TEN,14,365,0,31,0,10.7,44.4,98.6,15.8,7.0,0,1,11.1,60.0,0,39,50.0,2,1,107.6,4,70,19.2,71,0,2,9,1,68,29,1.1,17.0,0,1,12.5,57.7,100.0,14.8,8.5,0,4,15.4,64.8,0,26,5.3,1,2,76.1,15,234,64.1,234,5,17,26,0,162,69,0.7,10.8
Sam Franklin Jr.,43580,S,CAR,2,2,0,5,0,,,,,,0,0,,,0,,,0,0,0.0,0,0,0.0,0,0,0,0,0,0,0,,,0,0,,,100.0,,,0,0,,60.0,0,,,0,0,0.0,0,1,50.0,1,0,0,0,0,0,0,0.0,
Jake Hansen,43645,LB,HST,6,70,0,13,0,,,77.8,,,0,0,,63.8,0,,,0,0,0.0,0,7,10.0,9,0,0,0,0,0,0,0.0,,0,1,0.6,85.7,90.2,9.0,7.7,0,0,0.0,75.8,0,16,0.0,0,0,85.1,6,55,78.6,61,2,2,7,0,31,21,0.6,5.2
Levi Onwuzurike,43679,DI,DET,17,6,0,11,0,,,0.0,,,0,0,,,0,,100.0,1,0,0.0,0,0,0.0,212,1,0,0,0,0,0,,,0,0,11.0,100.0,3.0,3.0,3.0,0,0,0.0,63.5,0,11,20.0,1,0,112.5,2,6,100.0,202,3,4,2,0,22,0,3.7,11.0
Jeffery Simmons,43742,DI,TEN,16,14,0,31,0,,,10.4,,,0,0,,57.9,0,,,0,0,0.0,0,12,85.7,115,0,0,0,0,0,0,0.0,,0,3,,,0.0,,,0,0,,61.8,0,,22.2,2,0,0.0,0,0,0.0,274,5,4,0,0,0,0,,
Derrick Brown,43883,DI,CAR,1,1,0,5,0,,,0.0,,,0,0,,,0,,,0,0,0.0,0,0,0.0,1,0,0,0,0,0,0,,,0,1,,,4.8,,,0,0,,60.8,0,,0.0,0,0,0.0,0,1,100.0,21,0,0,0,0,0,0,0.0,
Pat Jones II,43974,ED,MIN,15,32,0,18,0,,,0.0,,,0,0,,,0,,100.0,1,0,0.0,0,0,0.0,89,1,0,0,0,0,0,,,0,7,5.0,100.0,13.0,5.2,5.2,0,0,0.0,45.3,0,19,30.8,4,0,109.2,5,28,87.5,216,7,2,5,0,51,26,2.0,10.2
Byron Murphy Jr.,44027,CB,MIN,18,732,0,18,1,12.0,60.9,100.0,5.8,3.5,1,5,10.9,65.8,3,34,4.2,1,2,61.3,28,173,23.6,173,5,22,46,1,314,55,1.9,11.2,0,3,7.6,77.6,99.4,10.2,7.9,1,2,3.4,72.7,3,36,23.1,12,2,76.4,45,483,66.0,486,11,37,58,0,436,236,0.9,9.7
Benito Jones,44035,DI,MIA,17,8,0,17,0,,,4.8,,,0,0,,58.5,0,,,0,0,0.0,0,2,25.0,42,0,0,0,0,0,0,0.0,,0,4,,,2.4,,,0,0,,53.8,0,,0.0,0,0,0.0,0,4,50.0,166,1,1,0,0,0,0,0.0,
Adetokunbo Ogundeji,44047,ED,PIT,3,3,0,25,0,,,0.0,,,0,0,,,0,,,0,0,0.0,0,0,0.0,4,0,0,0,0,0,0,,,0,0,,,21.4,,,0,0,,61.3,0,,,0,0,0.0,0,3,100.0,14,0,0,0,0,0,0,0.0,
Julian Okwara,44152,ED,ARZ,13,41,0,1,0,,,9.1,,,0,0,,40.2,0,,100.0,1,0,0.0,0,3,7.3,33,1,0,0,0,0,0,0.0,,0,2,4.1,85.7,32.0,5.0,4.3,0,1,14.3,67.1,0,15,22.2,2,1,102.4,6,33,80.5,103,3,5,7,0,60,34,2.0,10.0
Quinnen Williams,44216,DI,NYJ,16,5,0,22,0,,,0.0,,,0,0,,,0,,,0,0,0.0,0,0,0.0,144,1,0,0,0,0,0,,,0,1,,,1.7,,,0,0,,66.1,0,,40.0,2,0,0.0,0,4,80.0,238,4,2,0,0,0,0,0.0,
Nnamdi Madubuike,44304,DI,BLT,19,13,0,3,1,,,4.4,,,0,0,,60.4,0,,0.0,0,0,0.0,0,10,76.9,227,1,0,0,0,0,0,0.0,,0,0,,,0.9,,,0,0,,63.7,0,,25.0,1,0,0.0,0,3,23.1,316,6,3,0,0,0,0,0.0,
Kyzir White,44485,LB,ARZ,17,512,0,1,1,-1.0,100.0,70.9,19.4,19.4,0,0,0.0,63.9,0,25,14.3,1,0,110.8,5,100,19.5,141,3,5,5,0,53,58,0.5,10.6,0,16,5.3,90.4,84.5,7.0,6.3,0,1,1.9,29.5,1,25,12.8,6,1,104.1,47,344,67.2,407,11,25,52,0,567,322,1.7,12.1
Brian Burns,44522,ED,NYG,17,46,0,21,0,,,3.0,,,0,0,,80.3,0,,,0,0,0.0,0,5,10.9,169,6,0,0,0,0,0,0.0,,0,2,3.7,77.8,12.7,5.1,4.0,1,1,11.1,53.6,0,16,18.2,2,1,98.1,7,36,78.3,284,6,7,9,0,68,45,1.9,9.7
D.J. Wonnum,44550,ED,CAR,8,36,0,5,0,,,1.4,,,0,0,,60.0,0,,100.0,1,0,0.0,0,1,2.8,73,3,0,0,0,0,0,0.0,,0,1,11.5,100.0,15.4,10.0,10.0,0,0,0.0,39.2,0,17,50.0,2,0,118.8,2,22,61.1,143,1,1,2,0,29,6,1.5,14.5
Luke Masterson,45046,LB,LV,4,54,0,23,0,-1.0,100.0,64.7,10.0,10.0,0,0,0.0,55.9,0,12,0.0,0,0,116.7,1,11,20.4,17,0,1,1,0,12,13,1.2,12.0,0,0,6.0,40.0,96.9,13.5,5.4,0,0,0.0,29.7,0,10,50.0,3,0,47.9,2,31,57.4,32,1,3,5,0,15,17,0.6,7.5
Jordan Fuller,45326,S,CAR,9,278,0,5,0,7.2,83.3,97.2,12.6,10.5,0,0,0.0,53.8,0,14,0.0,0,0,134.0,5,69,24.8,71,1,4,6,2,40,10,0.6,8.0,0,1,6.5,100.0,98.1,23.8,23.8,1,1,16.7,54.6,0,28,0.0,0,1,158.3,6,153,55.0,156,1,8,6,1,106,70,0.7,17.7
Brandon Stephens,45644,CB,BLT,19,784,0,3,0,13.7,62.5,99.3,9.5,6.0,0,6,15.0,57.5,0,37,8.7,2,2,109.5,25,269,34.3,271,3,21,40,3,291,105,1.2,11.6,0,1,15.4,70.0,99.5,9.2,6.5,1,4,6.7,43.6,0,34,18.4,7,3,113.4,42,408,52.0,410,6,30,60,2,603,156,1.6,14.4
Blake Lynch,47621,LB,KC,1,4,0,16,0,,,,,,0,0,,,0,,,0,0,0.0,0,0,0.0,0,0,0,0,0,0,0,,,0,0,,,100.0,,,0,0,,63.0,0,,,0,0,0.0,0,4,100.0,4,0,0,0,0,0,0,0.0,
Stantley Thomas-Oliver III,47981,CB,DET,1,1,0,11,0,,,100.0,,,0,0,,60.0,0,,,0,0,0.0,0,1,100.0,1,0,0,0,0,0,0,0.0,,0,0,,,,,,0,0,,,0,,,0,0,0.0,0,0,0.0,0,0,0,0,0,0,0,,
Da'Shawn Hand,48386,DI,MIA,17,2,0,17,0,,,2.7,,,0,0,,58.9,0,,,0,0,0.0,0,2,100.0,73,0,0,0,0,0,0,0.0,,0,0,,,0.0,,,0,0,,60.2,0,,0.0,0,0,0.0,0,0,0.0,203,1,2,0,0,0,0,,
Jalyn Holmes,48400,DI,WAS,19,5,0,32,0,,,2.1,,,0,0,,60.0,0,,,0,0,0.0,0,1,20.0,47,1,0,0,0,0,0,0.0,,0,0,8.5,50.0,4.6,4.0,2.0,0,0,0.0,38.8,0,4,,0,0,56.3,1,4,80.0,87,0,0,2,0,4,1,1.0,4.0
Kentavius Street,48404,DI,ATL,13,1,0,2,0,,,4.3,,,0,0,,60.0,0,,100.0,1,0,0.0,0,1,100.0,23,0,0,0,0,0,0,0.0,,0,1,,,0.0,,,0,0,,76.8,0,,0.0,0,0,0.0,0,0,0.0,95,2,1,0,0,0,0,,
Anthony Nelson,48405,ED,TB,18,96,0,30,0,2.0,100.0,6.1,5.0,5.0,0,0,0.0,53.2,0,7,0.0,0,0,95.8,1,5,5.2,82,1,1,1,0,7,5,1.4,7.0,0,3,5.4,72.7,28.6,10.6,7.7,0,1,9.1,61.9,0,9,7.7,1,1,108.9,8,88,91.7,308,5,9,11,1,42,21,0.5,5.3
Jonathan Greenard,48407,ED,MIN,18,94,0,18,0,,,9.4,,,0,0,,81.2,0,,33.3,2,0,0.0,0,15,16.0,159,5,4,0,0,0,0,0.0,,0,0,0.4,66.7,16.9,6.9,4.6,0,0,0.0,57.5,0,16,42.9,6,0,71.3,10,71,75.5,421,15,8,15,0,49,49,0.7,4.9
Mike Danna,48415,ED,KC,16,32,0,16,0,,,5.9,,,0,0,,63.4,0,,,0,0,0.0,0,6,18.8,101,0,0,0,0,0,0,0.0,,0,2,-1.5,50.0,8.8,15.0,7.5,0,0,0.0,62.9,0,7,14.3,1,0,58.3,1,20,62.5,227,7,4,2,0,7,11,0.5,7.0
Demone Harris,48452,ED,ATL,9,37,0,2,0,,,4.0,,,0,0,,60.0,0,,,0,0,0.0,0,1,2.7,25,0,0,0,0,0,0,0.0,,0,2,7.7,66.7,29.9,12.5,8.3,0,1,33.3,81.0,0,9,0.0,0,1,78.5,2,26,70.3,87,1,2,3,0,15,26,0.6,7.5
James Smith-Williams,48455,ED,ATL,10,28,0,2,1,,,9.7,,,0,0,,78.8,0,,0.0,0,0,0.0,0,3,10.7,31,0,0,0,0,0,0,0.0,,0,1,-6.0,100.0,19.1,16.0,16.0,0,0,0.0,75.6,0,4,20.0,1,0,83.3,1,18,64.3,94,4,3,1,0,4,10,0.3,4.0
Sam Hubbard,48457,ED,CIN,14,28,0,7,1,0.0,100.0,6.2,3.0,3.0,0,0,0.0,59.1,0,16,33.3,1,0,118.8,1,4,14.3,65,1,1,1,0,16,16,5.3,16.0,0,1,1.3,75.0,12.6,7.3,5.5,0,0,0.0,63.5,1,23,40.0,2,0,55.2,3,22,78.6,175,3,2,4,0,29,26,1.3,9.7
Carl Granderson,48500,ED,NO,17,32,0,20,0,8.0,50.0,12.4,19.0,9.5,0,1,50.0,76.3,0,36,50.0,2,0,135.4,1,21,65.6,169,3,2,2,1,36,33,1.9,36.0,0,0,,,2.5,,,0,0,,74.9,0,,28.6,2,0,0.0,0,8,25.0,317,6,5,0,0,0,0,0.0,
Oshane Ximines,48538,ED,NE,2,2,0,19,0,,,0.0,,,0,0,,,0,,,0,0,0.0,0,0,0.0,3,0,0,0,0,0,0,,,0,0,,,25.0,,,0,0,,61.0,0,,,0,0,0.0,0,2,100.0,8,0,0,0,0,0,0,0.0,
Dorance Armstrong,48557,ED,WAS,19,16,0,32,0,,,1.9,,,0,0,,78.4,0,,0.0,0,0,0.0,0,3,18.8,161,5,2,0,0,0,0,0.0,,0,3,3.3,75.0,4.8,4.0,3.0,0,0,0.0,56.2,0,11,27.3,3,0,82.3,3,12,75.0,252,7,5,4,0,17,7,1.4,5.7
Harold Landry III,48600,ED,TEN,17,89,0,31,0,,,3.3,,,0,0,,64.4,0,,0.0,0,0,0.0,0,4,4.5,121,1,1,0,0,0,0,0.0,,0,5,4.5,100.0,20.8,10.5,10.5,0,1,16.7,67.0,0,22,13.3,2,1,111.1,6,64,71.9,308,7,8,6,0,64,37,1.0,10.7
Harrison Phillips,48690,DI,MIN,18,4,0,18,0,,,2.6,,,0,0,,60.0,0,,,0,0,0.0,0,1,25.0,39,0,0,0,0,0,0,0.0,,0,2,6.0,100.0,0.7,2.0,2.0,0,0,0.0,59.2,0,17,20.0,1,0,118.8,1,2,50.0,302,3,2,1,0,17,11,8.5,17.0
Daron Payne,48698,DI,WAS,19,2,0,32,0,,,0.0,,,0,0,,,0,,,0,0,0.0,0,0,0.0,180,2,0,0,0,0,0,,,0,0,,,0.4,,,0,0,,60.5,0,,33.3,1,0,0.0,0,1,50.0,242,5,2,0,0,0,0,0.0,
Greg Gaines,48706,DI,TB,16,6,0,30,0,,,2.4,,,0,0,,60.0,0,,,0,0,0.0,0,1,16.7,42,0,0,0,0,0,0,0.0,,0,0,,,2.0,,,0,0,,65.5,0,,,0,0,0.0,0,4,66.7,204,1,0,0,0,0,0,0.0,
Taven Bryan,48753,DI,IND,17,2,0,14,0,,,0.0,,,0,0,,,0,,,0,0,0.0,0,0,0.0,14,0,0,0,0,0,0,,,0,1,,,0.8,,,0,0,,60.1,0,,0.0,0,0,0.0,0,1,50.0,126,1,0,0,0,0,0,0.0,
Poona Ford,48875,DI,LAC,18,2,0,27,0,,,1.8,,,0,0,,60.0,0,,,0,0,0.0,0,1,50.0,57,0,0,0,0,0,0,0.0,,0,1,,,0.4,,,0,0,,69.3,1,,28.6,2,0,0.0,0,1,50.0,256,6,4,0,0,0,0,0.0,
Vita Vea,48956,DI,TB,17,9,0,30,0,,,0.0,,,0,0,,,0,,,0,0,0.0,0,0,0.0,98,0,0,0,0,0,0,,,0,1,4.0,100.0,2.1,7.0,7.0,0,0,0.0,55.7,0,6,50.0,2,0,91.7,1,8,88.9,385,7,1,1,0,6,2,0.9,6.0
Nick Scott,49012,S,CAR,6,174,0,5,2,3.8,100.0,100.0,8.8,8.8,0,0,0.0,51.5,0,12,40.0,2,0,138.5,4,39,22.4,39,0,1,4,1,31,16,0.9,7.8,0,2,10.6,66.7,99.1,17.0,11.3,0,0,0.0,58.9,0,19,14.3,2,0,86.3,6,111,63.8,112,3,10,9,0,62,22,0.6,10.3
Justin Reid,49048,S,KC,19,707,0,16,1,8.5,82.8,89.5,8.0,6.6,0,1,3.4,65.7,1,58,0.0,0,0,131.9,24,205,29.0,229,11,22,29,3,314,142,1.6,13.1,0,8,7.3,72.4,93.4,17.0,12.3,1,2,6.9,74.1,1,43,6.5,2,2,87.3,21,381,53.9,408,7,21,29,1,193,88,0.5,9.2
Tre Flowers,49059,CB,IND,2,12,0,14,0,-1.0,100.0,66.7,6.0,6.0,0,0,0.0,51.6,0,6,50.0,1,0,91.7,1,6,50.0,9,0,1,1,0,6,7,1.0,6.0,0,0,7.0,100.0,100.0,2.0,2.0,0,0,0.0,49.2,0,10,0.0,0,0,106.3,2,6,50.0,6,2,2,2,0,19,5,4.8,9.5
Khaleke Hudson,49073,LB,CLV,2,1,0,8,0,,,50.0,,,0,0,,60.0,0,,,0,0,0.0,0,1,100.0,2,0,0,0,0,0,0,0.0,,0,0,,,,,,0,0,,,0,,,0,0,0.0,0,0,0.0,0,0,0,0,0,0,0,,
Jalen Thompson,49116,S,ARZ,15,542,0,1,1,5.6,78.6,93.6,11.5,9.1,0,1,7.1,55.3,0,17,0.0,0,0,112.5,11,131,24.2,140,3,15,14,1,74,23,0.6,6.7,0,4,7.7,86.4,96.9,17.5,15.1,0,2,9.1,64.5,0,24,2.8,1,0,104.0,19,348,64.2,359,4,31,22,0,197,99,0.6,10.4
Ryan Neal,49132,S,TB,2,12,0,30,0,,,100.0,,,0,0,,61.3,0,,,0,0,0.0,0,2,16.7,2,0,0,0,0,0,0,0.0,,0,1,,,83.3,,,0,0,,65.0,0,,0.0,0,0,0.0,0,10,83.3,12,0,1,0,0,0,0,0.0,
Jessie Bates III,49162,S,ATL,17,671,0,2,3,4.7,66.7,97.0,14.9,9.9,1,3,25.0,80.4,1,10,14.3,2,3,78.5,8,128,19.1,132,4,9,12,3,46,9,0.4,5.8,0,6,2.4,81.0,98.7,21.2,17.2,0,2,9.5,59.7,1,22,10.5,4,2,71.2,17,380,56.6,385,12,28,21,0,123,95,0.3,7.2
Ezekiel Turner,49167,LB,DET,7,76,0,11,0,10.5,100.0,80.0,17.0,17.0,0,0,0.0,46.1,0,31,0.0,0,0,158.3,2,36,47.4,45,1,1,2,1,36,15,1.1,18.0,0,0,7.0,100.0,97.0,14.5,14.5,0,0,0.0,53.9,0,18,0.0,0,0,118.8,2,32,42.1,33,1,1,2,0,28,14,1.0,14.0
Elijah Campbell,49190,S,MIA,11,52,0,17,0,2.0,50.0,87.5,13.0,6.5,0,0,0.0,73.2,0,-1,0.0,0,0,56.3,1,14,26.9,16,1,2,2,0,-1,5,-0.1,-1.0,0,2,7.0,100.0,100.0,29.0,29.0,0,0,0.0,53.1,0,5,28.6,2,0,87.5,1,29,55.8,29,0,3,1,0,5,-2,0.2,5.0
Jordan Whitehead,49196,S,TB,12,456,0,30,1,4.0,100.0,91.9,12.0,12.0,0,0,0.0,46.7,0,23,0.0,0,0,148.8,5,68,14.9,74,2,7,5,2,51,36,0.9,10.2,0,3,10.8,65.2,92.0,22.3,14.6,1,3,13.0,55.3,0,59,9.1,2,3,97.0,15,345,75.7,375,2,17,23,0,224,91,0.7,14.9
Demetrius Flannigan-Fowles,49231,LB,SF,7,58,0,28,0,3.0,100.0,80.0,10.0,10.0,0,0,0.0,41.3,1,50,,0,0,79.2,1,12,20.7,15,0,0,1,0,50,47,5.0,50.0,0,0,2.0,100.0,89.6,10.8,10.8,0,1,25.0,33.5,0,12,50.0,2,1,109.4,4,43,74.1,48,0,2,4,0,41,33,1.0,10.3
Andrew Wingard,49268,S,JAX,5,129,0,15,1,7.5,50.0,96.1,44.0,22.0,0,0,0.0,66.1,0,7,25.0,1,0,58.3,1,49,38.0,51,0,2,2,0,7,2,0.2,7.0,0,1,10.0,20.0,100.0,64.0,12.8,0,3,60.0,79.0,0,6,0.0,0,2,39.6,1,67,51.9,67,0,2,5,0,6,7,0.1,6.0
Carlton Davis III,49335,CB,DET,13,468,0,11,0,11.6,55.9,100.0,9.5,5.3,0,5,14.7,52.6,0,63,7.7,1,3,109.1,19,209,44.7,209,2,12,34,2,333,153,1.9,17.5,0,1,9.1,66.7,100.0,11.3,7.5,1,3,11.1,82.4,2,28,8.7,2,2,58.6,18,215,45.9,215,7,20,27,0,206,28,1.0,11.4
Kindle Vildor,49346,CB,DET,14,198,0,11,0,12.1,38.9,100.0,14.0,5.4,0,2,11.1,51.5,0,12,0.0,0,2,47.0,7,108,54.5,108,2,5,18,0,52,44,0.5,7.4,0,1,15.9,75.0,98.7,11.8,8.9,0,1,12.5,50.0,0,58,50.0,3,1,156.3,6,76,38.4,77,1,2,8,1,191,139,2.7,31.8
Jaire Alexander,49350,CB,GB,7,232,0,12,0,14.6,44.4,100.0,13.5,6.0,1,2,22.2,64.7,0,67,20.0,1,2,120.1,4,59,25.4,59,0,4,9,1,95,48,1.8,23.8,0,1,11.4,60.0,100.0,15.2,9.1,0,1,6.7,88.6,2,25,10.0,1,1,70.8,9,141,60.8,141,1,8,15,1,130,46,0.9,14.4
Ugo Amadi,49352,CB,NO,11,323,0,20,0,11.6,65.2,93.1,6.0,3.9,0,2,8.7,32.8,0,33,0.0,0,2,119.5,15,94,29.1,101,3,12,23,2,188,40,2.1,12.5,0,2,5.4,77.8,93.3,6.6,5.2,0,4,11.1,64.4,0,34,20.0,6,2,98.1,28,194,60.1,208,12,22,36,0,272,140,1.5,9.7
Greg Stroman Jr.,49354,CB,NYG,3,69,0,21,0,8.0,75.0,100.0,6.3,4.8,0,0,0.0,68.9,0,22,0.0,0,0,102.1,3,19,27.5,19,1,3,4,0,36,7,1.9,12.0,0,1,13.3,71.4,88.5,8.8,6.3,0,1,14.3,52.9,0,21,25.0,1,0,141.7,5,46,66.7,52,0,2,7,1,68,36,1.5,13.6
Isaac Yiadom,49355,CB,SF,15,320,0,28,0,13.9,64.3,100.0,8.1,5.2,0,3,21.4,42.4,0,37,10.0,1,3,125.0,9,80,25.0,80,0,9,14,1,153,45,2.1,17.0,0,3,9.0,66.7,100.0,13.2,8.8,0,0,0.0,59.4,0,26,5.3,1,0,88.6,14,192,60.0,192,3,15,21,0,156,38,0.8,11.1
Chris Lammons,49368,CB,IND,5,65,0,14,0,-4.0,100.0,100.0,10.0,10.0,0,0,0.0,47.1,0,28,,0,0,118.8,1,10,15.4,10,0,0,1,0,28,32,2.8,28.0,0,0,3.6,88.9,92.3,4.5,4.0,0,0,0.0,41.0,0,17,0.0,0,0,100.5,8,36,55.4,39,1,5,9,0,73,38,2.0,9.1
C.J. Gardner-Johnson,49371,S,PHI,20,775,0,24,1,7.2,65.0,100.0,13.1,8.5,0,2,10.0,72.8,2,41,15.4,2,2,86.7,13,192,24.8,192,2,10,20,5,146,68,0.9,11.2,0,2,7.7,81.3,100.0,30.4,24.7,0,1,6.3,75.1,4,28,14.3,3,0,62.0,13,412,53.2,412,7,16,16,0,134,83,0.3,10.3
Jaylon Jones,49374,CB,CHI,3,56,0,6,0,8.6,60.0,100.0,3.0,1.8,0,1,20.0,62.2,0,14,0.0,0,1,77.9,3,9,16.1,9,0,3,5,0,31,5,3.4,10.3,0,2,8.4,80.0,100.0,9.5,7.6,0,1,20.0,71.6,0,24,0.0,0,1,104.2,4,38,67.9,38,0,5,5,0,45,8,1.2,11.3
Donte Jackson,49377,CB,PIT,16,531,0,25,0,12.1,65.4,100.0,9.4,6.2,1,1,3.8,39.3,1,49,18.2,2,0,121.8,17,184,34.7,184,2,9,26,3,267,96,1.7,15.7,0,2,13.1,50.0,100.0,21.7,10.8,1,3,11.5,65.4,4,29,22.7,5,3,28.2,13,293,55.2,293,4,15,26,0,150,95,0.5,11.5
Cam Lewis,49395,S,BUF,20,422,0,4,2,5.3,80.0,87.4,7.4,5.9,0,2,13.3,78.6,1,21,6.7,1,0,73.9,12,97,23.0,111,4,12,15,0,126,72,1.4,10.5,0,5,3.7,79.5,93.9,7.7,6.1,1,2,5.1,60.0,0,19,22.5,9,2,100.9,31,245,58.1,261,13,26,39,1,240,161,1.0,7.7
M.J. Stewart,49397,S,HST,9,59,0,13,0,12.5,0.0,91.7,,3.5,0,0,0.0,46.2,0,,,0,0,39.6,0,11,18.6,12,0,0,2,0,0,0,0.0,,0,0,,,100.0,,,0,0,,66.2,0,,0.0,0,0,0.0,0,38,64.4,38,0,2,0,0,0,0,0.0,
Donovan Wilson,49408,S,DAL,17,549,0,9,3,4.2,100.0,90.7,11.3,11.3,0,0,0.0,64.4,0,43,20.0,2,0,158.3,12,146,26.6,161,3,5,12,2,162,113,1.2,13.5,0,4,5.5,85.0,92.5,18.8,16.0,1,2,10.0,60.4,1,27,15.0,3,2,112.9,17,343,62.5,371,9,13,20,2,162,74,0.5,9.5
Julian Blackmon,49434,S,IND,16,613,0,14,0,0.5,50.0,97.7,79.0,39.5,0,0,0.0,65.9,1,9,40.0,2,0,62.5,1,85,13.9,87,0,3,2,1,9,6,0.1,9.0,0,3,12.8,75.0,97.3,46.6,34.9,2,1,8.3,76.8,1,38,8.1,3,1,81.9,9,437,71.3,449,4,31,12,0,157,77,0.4,17.4
Ka'dar Hollman,49446,CB,HST,3,82,0,13,0,23.0,100.0,100.0,5.0,5.0,0,0,0.0,30.4,0,29,0.0,0,0,118.8,1,7,8.5,7,0,1,1,0,29,6,5.8,29.0,0,0,9.0,60.0,100.0,16.3,9.8,0,1,20.0,66.9,0,9,0.0,0,1,65.4,3,49,59.8,49,1,6,5,0,16,3,0.3,5.3
Taron Johnson,49511,CB,BUF,15,488,0,4,1,11.5,60.0,93.8,8.9,5.4,0,1,5.0,36.9,0,52,14.3,1,1,115.0,12,122,25.0,130,0,5,20,1,222,82,2.1,18.5,0,4,5.1,71.4,96.4,8.5,6.1,0,2,4.8,72.3,2,24,3.1,1,2,89.2,30,269,55.1,279,10,27,42,3,238,173,0.9,7.9
Nick McCloud,49535,CB,SF,9,124,0,28,0,12.8,83.3,97.0,6.2,5.2,0,1,16.7,41.9,0,36,33.3,1,0,158.3,5,32,25.8,33,0,2,6,2,82,33,2.6,16.4,0,3,6.0,91.7,97.4,6.5,6.0,0,0,0.0,47.6,0,41,7.7,1,0,146.5,11,75,60.5,77,2,9,12,1,163,83,2.3,14.8
Denzel Ward,49558,CB,CLV,16,440,0,8,2,14.2,45.2,99.4,10.9,4.9,1,9,29.0,72.6,1,34,13.3,2,9,65.3,14,163,37.0,164,1,11,31,1,210,60,1.4,15.0,0,1,14.9,60.0,99.6,10.7,6.4,1,7,20.0,52.1,1,93,32.0,8,7,107.0,21,234,53.2,235,4,16,35,2,401,175,1.8,19.1
Ashtyn Davis,49560,S,NYJ,13,153,0,22,0,5.5,100.0,91.8,19.5,19.5,0,0,0.0,89.1,2,8,0.0,0,0,79.2,2,45,29.4,49,1,3,2,1,6,3,0.2,3.0,0,0,3.5,83.3,97.6,5.3,4.4,0,0,0.0,48.9,0,34,15.4,2,0,101.9,15,83,54.2,85,4,11,18,0,152,108,1.9,10.1
Rock Ya-Sin,49564,CB,SF,4,32,0,28,0,8.0,100.0,100.0,9.0,9.0,0,0,0.0,54.2,0,3,,0,0,118.8,1,10,31.3,10,0,0,1,1,3,0,0.3,3.0,0,0,20.0,0.0,100.0,,16.0,0,1,100.0,39.3,0,,,0,1,39.6,0,20,62.5,20,0,0,1,0,0,0,0.0,
Duke Shelley,49569,CB,NYG,1,13,0,21,0,,,100.0,,,0,0,,65.2,0,,,0,0,0.0,0,5,38.5,5,0,0,0,0,0,0,0.0,,0,0,4.0,100.0,100.0,7.0,7.0,0,0,0.0,66.9,0,6,0.0,0,0,91.7,1,7,53.8,7,1,1,1,0,6,2,0.9,6.0
Zach Allen,49605,DI,DEN,17,8,0,10,0,,,0.0,,,0,0,,57.7,0,,75.0,3,0,0.0,0,0,0.0,235,4,1,0,0,0,0,,,0,1,,,2.3,,,0,0,,62.8,0,,12.5,1,0,0.0,0,8,100.0,346,9,6,0,0,0,0,0.0,
Quincy Williams,49779,LB,NYJ,17,574,0,22,1,8.1,71.4,83.4,29.8,21.3,0,1,14.3,49.1,0,24,33.3,2,0,141.7,5,171,29.8,205,1,3,7,1,68,12,0.5,13.6,0,9,3.3,78.8,88.4,7.0,5.5,0,3,5.8,76.6,0,23,13.2,5,2,100.1,41,312,54.4,353,13,24,52,1,337,260,1.2,8.2
Azeez Al-Shaair,49792,LB,HST,13,377,0,13,1,2.0,100.0,72.0,34.0,34.0,0,0,0.0,60.4,0,33,25.0,1,0,118.8,2,72,19.1,100,0,2,2,0,48,44,0.7,24.0,0,3,5.3,72.0,95.0,12.4,8.9,1,2,8.0,60.1,0,49,23.8,5,2,102.8,18,230,61.0,242,9,13,25,0,244,149,1.1,13.6
Zaire Franklin,49834,LB,IND,17,596,0,14,2,3.0,100.0,70.7,10.2,10.2,0,0,0.0,71.8,0,17,28.6,2,0,137.5,6,65,10.9,92,2,3,6,1,45,27,0.7,7.5,0,12,5.5,88.7,94.8,8.9,7.9,0,1,1.9,45.6,2,44,19.7,13,1,96.9,47,440,73.8,464,17,41,53,1,504,287,1.2,10.7
Christian Rozeboom,49862,LB,LA,18,505,0,26,0,2.6,88.9,83.8,10.5,9.3,0,0,0.0,39.1,0,31,60.0,3,0,158.3,8,88,17.4,105,1,2,9,2,138,126,1.6,17.3,0,8,3.9,76.0,94.3,7.8,5.9,1,3,6.0,60.5,1,41,7.8,4,3,106.0,38,313,62.0,332,12,39,50,2,427,349,1.4,11.2
B.J. Hill,49894,DI,CIN,15,7,0,7,0,,,2.9,,,0,0,,59.1,0,,0.0,0,0,0.0,0,3,42.9,105,0,1,0,0,0,0,0.0,,0,2,,,1.6,,,0,0,,61.4,0,,33.3,2,0,0.0,0,4,57.1,253,4,2,0,0,0,0,0.0,
Sebastian Joseph-Day,49935,DI,TEN,17,3,0,31,0,,,5.6,,,0,0,,60.3,0,,,0,0,0.0,0,2,66.7,36,1,0,0,0,0,0,0.0,,0,0,,,0.0,,,0,0,,,0,,100.0,1,0,0.0,0,0,0.0,147,2,0,0,0,0,0,,
Jerry Tillery,49949,DI,MIN,18,1,0,18,0,,,0.0,,,0,0,,,0,,,0,0,0.0,0,0,0.0,28,0,0,0,0,0,0,,,0,0,,,0.5,,,0,0,,54.1,0,,33.3,1,0,0.0,0,1,100.0,198,0,2,0,0,0,0,0.0,
Derrick Nnadi,49970,DI,KC,20,3,0,16,0,,,0.0,,,0,0,,,0,,,0,0,0.0,0,0,0.0,28,0,0,0,0,0,0,,,0,0,,,5.4,,,0,0,,57.7,0,,,0,0,0.0,0,3,100.0,56,0,0,0,0,0,0,0.0,
Broderick Washington,50049,DI,BLT,17,11,0,3,0,,,10.6,,,0,0,,56.7,0,,100.0,1,0,0.0,0,10,90.9,94,0,0,0,0,0,0,0.0,,0,0,,,0.7,,,0,0,,65.8,0,,33.3,1,0,0.0,0,1,9.1,149,4,2,0,0,0,0,0.0,
Uchenna Nwosu,50084,ED,SEA,6,17,0,29,0,-2.5,100.0,14.0,3.0,3.0,0,0,0.0,28.4,0,24,,0,0,118.8,2,6,35.3,43,1,0,2,0,36,41,6.0,18.0,0,0,0.5,100.0,13.2,4.5,4.5,0,0,0.0,73.6,0,9,0.0,0,0,89.6,2,9,52.9,68,1,3,2,0,11,10,1.2,5.5
John Franklin-Myers,50088,DI,DEN,18,5,0,10,0,,,0.0,,,0,0,,60.0,0,,0.0,0,0,0.0,0,0,0.0,127,3,1,0,0,0,0,,,0,1,,,2.5,,,0,0,,67.5,0,,40.0,2,0,0.0,0,5,100.0,200,5,2,0,0,0,0,0.0,
Josh Sweat,50120,ED,PHI,20,41,0,24,0,2.0,0.0,2.0,,3.0,0,0,0.0,62.8,0,,,0,0,39.6,0,3,7.3,147,1,0,1,0,0,0,0.0,,0,2,6.0,66.7,10.6,16.5,11.0,0,0,0.0,59.3,0,8,33.3,2,0,75.7,2,33,80.5,310,7,2,3,0,13,4,0.4,6.5
Lorenzo Carter,50126,ED,ATL,13,70,0,2,0,,,9.7,,,0,0,,62.7,0,,,0,0,0.0,0,3,4.3,31,0,0,0,0,0,0,0.0,,0,1,2.2,88.9,39.8,6.3,5.6,0,0,0.0,43.6,0,37,7.7,1,0,104.6,8,53,75.7,133,3,11,9,0,82,66,1.6,10.3
Ogbo Okoronkwo,50130,ED,CLV,16,10,0,8,1,,,1.0,,,0,0,,48.1,0,,50.0,2,0,0.0,0,1,10.0,105,2,1,0,0,0,0,0.0,,0,3,2.0,100.0,5.4,7.0,7.0,0,0,0.0,45.6,0,9,42.9,3,0,104.2,1,8,80.0,148,2,1,1,0,9,7,1.3,9.0
Jacob Martin,50152,ED,CHI,11,8,0,6,0,,,8.3,,,0,0,,61.1,0,,,0,0,0.0,0,2,25.0,24,1,0,0,0,0,0,0.0,,0,0,2.0,50.0,6.3,6.0,3.0,0,1,50.0,51.0,0,6,,0,0,56.3,1,6,75.0,96,1,0,2,0,6,7,1.0,6.0
Malcolm Roach,50191,DI,DEN,18,7,0,10,0,,,1.1,,,0,0,,69.6,0,,50.0,1,0,0.0,0,1,14.3,94,0,1,0,0,0,0,0.0,,0,1,16.0,0.0,3.0,,5.0,0,1,100.0,57.6,0,,50.0,3,1,39.6,0,5,71.4,165,2,2,1,0,0,0,0.0,
Arden Key,50201,ED,TEN,16,24,0,31,0,,,4.8,,,0,0,,74.3,0,,33.3,1,0,0.0,0,5,20.8,104,2,2,0,0,0,0,0.0,,0,0,10.0,100.0,6.7,7.5,7.5,0,0,0.0,53.0,0,31,33.3,1,0,118.8,2,17,70.8,255,8,2,2,0,35,15,2.3,17.5
Oren Burks,50203,LB,PHI,11,241,0,24,0,,,78.6,,,0,0,,76.1,0,,0.0,0,0,0.0,0,33,13.7,42,1,1,0,0,0,0,0.0,,0,4,3.0,90.0,94.6,7.6,6.8,0,1,5.0,59.6,0,19,23.8,5,1,95.6,18,140,58.1,148,5,12,20,0,139,90,1.0,7.7
Josh Hines-Allen,50235,ED,JAX,16,19,0,15,1,-1.0,100.0,5.0,9.0,9.0,0,0,0.0,62.5,0,16,0.0,0,0,158.3,1,10,52.6,199,3,1,1,1,16,17,1.8,16.0,0,0,,,2.0,,,0,0,,63.2,0,,25.0,1,0,0.0,0,5,26.3,255,5,3,0,0,0,0,0.0,
Marquis Haynes Sr.,50244,ED,CAR,2,1,0,5,0,,,0.0,,,0,0,,,0,,,0,0,0.0,0,0,0.0,15,0,0,0,0,0,0,,,0,0,,,11.1,,,0,0,,61.4,0,,0.0,0,0,0.0,0,1,100.0,9,0,1,0,0,0,0,0.0,
Marcus Davenport,50291,ED,DET,2,2,0,11,0,,,0.0,,,0,0,,,0,,100.0,1,0,0.0,0,0,0.0,33,0,0,0,0,0,0,,,0,0,,,4.0,,,0,0,,60.0,0,,,0,0,0.0,0,1,50.0,25,0,0,0,0,0,0,0.0,
Christian Wilkins,50293,DI,LV,5,7,0,23,0,,,10.6,,,0,0,,60.2,0,,100.0,1,0,0.0,0,5,71.4,47,0,0,0,0,0,0,0.0,,0,0,,,1.2,,,0,0,,52.6,0,,0.0,0,0,0.0,0,1,14.3,83,4,2,0,0,0,0,0.0,
Nik Needham,50356,CB,MIA,1,1,0,17,0,,,100.0,,,0,0,,60.0,0,,,0,0,0.0,0,1,100.0,1,0,0,0,0,0,0,0.0,,0,0,,,,,,0,0,,,0,,,0,0,0.0,0,0,0.0,0,0,0,0,0,0,0,,
Isaiah Oliver,50393,S,NYJ,17,345,0,22,0,10.4,75.0,99.2,8.6,6.4,0,1,6.3,61.7,0,37,0.0,0,1,125.0,12,120,34.8,121,2,11,16,1,152,59,1.5,12.7,0,1,7.3,76.0,89.6,7.9,6.0,1,1,4.0,60.9,0,69,4.8,1,1,121.2,19,164,47.5,183,8,19,25,1,255,182,1.7,13.4
Jeremy Reaves,50406,S,WAS,2,1,0,32,0,,,,,,0,0,,,0,,,0,0,0.0,0,0,0.0,0,0,0,0,0,0,0,,,0,0,-2.0,100.0,100.0,1.0,1.0,0,0,0.0,54.1,0,16,100.0,1,0,118.8,1,1,100.0,1,0,0,1,0,16,18,16.0,16.0
Juan Thornhill,50426,S,CLV,11,249,0,8,0,0.3,100.0,100.0,27.3,27.3,0,0,0.0,72.7,0,13,16.7,2,0,104.2,3,88,35.3,88,1,10,3,0,27,26,0.3,9.0,0,1,10.1,66.7,99.3,13.0,8.7,0,3,20.0,54.8,0,71,26.7,4,3,144.2,10,136,54.6,137,3,10,15,2,169,108,1.3,16.9
Jalen Davis,50431,CB,CIN,2,33,0,7,0,22.0,0.0,90.0,,3.5,0,0,0.0,32.0,0,,,0,0,39.6,0,9,27.3,10,0,0,2,0,0,0,0.0,,0,3,13.7,66.7,81.0,8.0,5.3,0,0,0.0,69.3,0,12,0.0,0,0,84.0,2,17,51.5,21,0,2,3,0,19,1,1.2,9.5
Mike Jackson,50437,CB,CAR,17,637,0,5,1,15.7,65.0,100.0,9.9,6.5,0,2,10.0,42.2,0,38,0.0,0,2,132.7,13,140,22.0,140,0,10,20,2,207,49,1.6,15.9,0,3,10.3,67.3,99.7,9.9,6.7,2,9,17.3,65.7,2,42,13.5,5,7,81.7,35,377,59.2,378,5,29,52,1,413,148,1.2,11.8
Amani Oruwariye,50533,CB,DAL,6,183,0,9,1,15.8,66.7,100.0,5.5,3.7,0,1,6.7,41.6,0,83,10.0,1,1,149.3,10,59,32.2,59,1,8,15,2,237,97,4.3,23.7,0,0,5.8,100.0,100.0,10.4,10.4,0,0,0.0,74.0,0,19,7.1,1,0,99.6,10,105,57.4,105,6,13,10,0,79,21,0.8,7.9
Mike Ford,50535,CB,CLV,5,31,0,8,0,9.4,100.0,100.0,3.4,3.4,0,0,0.0,30.0,0,20,60.0,3,0,118.8,5,17,54.8,17,0,2,5,0,76,29,4.5,15.2,0,0,8.0,50.0,100.0,12.0,6.0,0,0,0.0,30.6,0,7,,0,0,97.9,1,12,38.7,12,0,0,2,1,7,0,0.6,7.0
Avonte Maddox,50543,CB,PHI,18,226,0,24,0,11.1,62.5,98.2,8.8,5.5,0,0,0.0,43.9,0,28,16.7,1,0,128.6,5,55,24.3,56,0,5,8,1,67,39,1.5,13.4,0,1,6.5,33.3,98.1,25.3,8.4,0,2,16.7,64.5,0,19,0.0,0,2,42.4,4,103,45.6,105,2,3,12,0,36,24,0.4,9.0
Byron Cowart,50588,DI,CHI,15,1,0,6,0,,,0.0,,,0,0,,,0,,,0,0,0.0,0,0,0.0,21,0,0,0,0,0,0,,,0,0,0.0,100.0,0.8,1.0,1.0,0,0,0.0,58.7,0,23,100.0,1,0,118.8,1,1,100.0,127,3,0,1,0,23,23,23.0,23.0
Charles Omenihu,50612,ED,KC,9,6,0,16,0,,,0.0,,,0,0,,60.0,0,,0.0,0,0,0.0,0,0,0.0,62,1,1,0,0,0,0,,,0,0,,,3.5,,,0,0,,69.4,0,,50.0,1,0,0.0,0,5,83.3,141,2,1,0,0,0,0,0.0,
Luke Gifford,50675,LB,TEN,5,101,0,31,0,-5.0,0.0,81.8,,27.0,0,0,0.0,70.7,0,,,0,0,39.6,0,27,26.7,33,0,0,1,0,0,0,0.0,,0,2,3.0,90.0,92.1,6.0,5.4,0,1,10.0,63.6,1,21,0.0,0,1,68.8,9,58,57.4,63,3,7,10,0,100,74,1.9,11.1
Josey Jewell,50720,LB,CAR,12,390,0,5,2,-1.4,40.0,81.0,37.0,14.8,0,0,0.0,86.8,1,4,25.0,1,0,47.9,2,81,20.8,100,2,1,5,1,2,5,0.0,1.0,0,6,4.9,81.3,92.2,8.0,6.5,0,2,6.3,45.9,0,28,4.3,1,2,103.6,26,226,57.9,245,6,16,32,0,284,162,1.4,10.9
Cody Barton,50727,LB,DEN,18,639,0,10,3,2.3,90.9,71.1,15.5,14.1,0,0,0.0,72.3,1,38,7.1,1,0,97.0,10,172,26.9,242,2,10,11,1,100,76,0.6,10.0,0,6,5.7,91.4,92.4,10.9,10.0,1,2,5.7,51.7,0,28,8.3,3,2,106.1,32,365,57.1,395,13,27,35,0,331,193,0.9,10.3
Jordyn Brooks,50851,LB,MIA,17,569,0,17,2,4.5,60.0,78.1,18.5,11.1,0,0,0.0,67.1,0,63,12.5,1,0,132.1,6,118,20.7,151,4,5,10,2,97,71,0.9,16.2,0,10,4.5,73.8,90.1,7.3,5.4,0,5,7.7,49.6,0,49,15.8,9,3,96.1,48,365,64.1,405,14,38,65,0,507,321,1.5,10.6
Roquan Smith,50892,LB,BLT,18,651,0,3,1,0.4,80.0,77.2,20.5,16.4,0,0,0.0,67.4,0,18,9.1,1,0,97.5,8,183,28.1,237,7,9,10,0,74,80,0.5,9.3,0,10,5.5,78.0,90.3,10.8,8.4,0,2,4.9,56.8,1,26,7.5,4,2,91.5,32,362,55.6,401,14,39,41,0,344,188,1.0,10.8
Tremaine Edmunds,50905,LB,CHI,17,539,0,6,1,1.7,100.0,73.6,9.1,9.1,0,0,0.0,66.2,0,23,0.0,0,0,113.7,7,67,12.4,91,3,3,7,0,79,67,1.2,11.3,0,9,6.3,76.4,94.7,9.6,7.4,1,4,7.3,48.7,0,32,2.5,1,3,99.8,42,425,78.8,449,10,30,55,0,450,251,1.1,10.7
Robert Spillane,50918,LB,LV,17,585,0,23,0,1.0,55.6,67.3,25.2,14.0,1,2,22.2,69.4,1,37,0.0,0,2,36.1,5,134,22.9,199,4,7,9,0,59,71,0.5,11.8,0,13,6.5,87.5,96.4,8.4,7.3,1,2,4.2,47.7,1,27,11.8,6,2,97.0,42,376,64.3,390,10,32,48,0,449,203,1.3,10.7
Bobby Okereke,50954,LB,NYG,12,386,0,21,2,-0.7,66.7,82.4,52.0,34.7,0,1,33.3,75.5,0,16,0.0,0,1,84.0,2,112,29.0,136,5,4,3,0,19,19,0.2,9.5,0,9,2.4,83.8,96.6,7.1,5.9,0,0,0.0,58.8,0,17,6.7,2,0,94.6,31,225,58.3,233,8,19,37,0,248,187,1.1,8.0
Ja'Whaun Bentley,50966,LB,NE,2,39,0,19,0,,,72.2,,,0,0,,54.6,0,,0.0,0,0,0.0,0,13,33.3,18,1,1,0,0,0,0,0.0,,0,2,6.8,100.0,92.3,4.0,4.0,0,0,0.0,63.2,0,28,0.0,0,0,109.0,6,24,61.5,26,1,4,6,0,61,20,2.5,10.2
Frankie Luvu,51028,LB,WAS,20,439,0,32,2,2.3,66.7,35.8,18.3,12.2,1,0,0.0,59.3,0,26,22.2,2,0,129.2,4,83,18.9,232,8,5,6,1,46,50,0.6,11.5,0,10,5.0,77.4,71.0,11.2,8.7,1,2,6.5,61.7,1,32,14.3,5,2,95.9,24,282,64.2,397,9,20,31,1,238,131,0.9,9.9
Tyrel Dodson,51045,LB,MIA,14,455,0,17,2,0.5,75.0,79.7,32.7,24.5,0,0,0.0,75.3,0,10,12.5,1,0,80.2,3,106,23.3,133,3,5,4,0,15,18,0.2,5.0,0,3,3.9,79.4,89.9,9.5,7.5,1,2,5.9,80.6,3,43,5.4,2,2,64.7,27,267,58.7,297,11,32,34,0,284,212,1.1,10.5
Jahlani Tavai,51055,LB,NE,17,384,0,19,2,2.3,72.7,71.5,14.4,10.5,0,2,18.2,66.0,0,24,11.1,1,2,120.6,8,128,33.3,179,4,6,11,1,73,59,0.6,9.1,0,7,5.8,83.7,88.4,5.9,5.0,0,2,4.7,31.2,1,38,17.6,6,2,101.8,36,222,57.8,251,6,21,43,1,383,216,1.8,10.6
Julian Love,51081,S,SEA,17,658,0,29,1,6.0,64.7,95.9,15.9,10.3,0,3,17.6,63.4,0,18,7.1,1,3,111.6,11,187,28.4,195,4,12,17,2,67,37,0.4,6.1,0,2,5.9,63.6,98.6,16.4,10.4,0,4,12.1,82.6,3,39,9.7,3,4,51.7,21,361,54.9,366,8,26,33,1,193,113,0.6,9.2
Ben Niemann,51099,LB,DET,11,72,0,11,0,-2.0,100.0,57.6,9.5,9.5,0,0,0.0,77.2,0,36,0.0,0,0,118.8,2,19,26.4,33,1,1,2,0,39,43,2.1,19.5,0,1,2.6,100.0,84.5,5.6,5.6,0,0,0.0,32.4,0,39,0.0,0,0,114.1,8,49,68.1,58,0,5,8,0,91,70,2.0,11.4
Marcelino McCrary-Ball,51112,LB,NYJ,1,1,0,22,0,,,100.0,,,0,0,,60.0,0,,,0,0,0.0,0,1,100.0,1,0,0,0,0,0,0,0.0,,0,0,,,,,,0,0,,,0,,,0,0,0.0,0,0,0.0,0,0,0,0,0,0,0,,
Taylor Rapp,51172,S,BUF,16,510,0,4,1,7.8,75.0,99.1,33.3,25.0,0,1,25.0,59.1,1,11,0.0,0,1,43.8,3,110,21.6,111,2,6,4,0,18,11,0.2,6.0,0,4,13.5,75.0,98.0,31.1,23.3,0,1,8.3,42.6,1,48,0.0,0,1,121.5,9,292,57.3,298,2,14,12,2,168,62,0.6,18.7
P.J. Locke,51189,S,DEN,16,686,0,10,2,11.9,78.6,95.5,19.5,15.3,1,0,0.0,47.5,0,57,11.1,2,0,153.6,11,235,34.3,246,4,14,14,3,159,48,0.7,14.5,0,4,7.0,77.3,95.5,19.8,15.3,0,2,9.1,58.0,0,22,6.5,2,2,110.4,17,357,52.0,374,7,25,22,1,152,59,0.5,8.9
Minkah Fitzpatrick,51206,S,PIT,18,701,0,25,3,5.3,85.7,97.6,18.0,15.4,0,0,0.0,57.9,1,14,10.5,2,0,103.0,12,243,34.7,249,2,14,14,2,89,42,0.4,7.4,0,8,9.9,77.8,99.5,17.5,13.6,0,1,3.7,62.3,0,48,4.5,2,1,152.0,21,384,54.8,386,7,34,27,3,313,130,0.9,14.9
Fred Warner,51222,LB,SF,17,528,0,28,0,1.1,75.0,78.6,16.0,12.0,0,2,25.0,93.5,0,10,18.2,2,1,116.7,6,103,19.5,131,5,9,8,1,12,25,0.1,2.0,0,8,4.8,87.2,97.6,8.5,7.4,0,2,4.3,69.5,2,25,12.0,6,2,88.8,41,361,68.4,370,15,36,47,1,370,237,1.1,9.0
Drue Tranquill,51276,LB,KC,19,438,0,16,0,5.8,75.0,61.4,14.8,11.1,0,1,12.5,59.1,0,23,25.0,1,1,151.0,6,94,21.5,153,2,3,8,1,90,60,1.0,15.0,0,6,4.1,78.4,83.5,8.4,6.6,0,1,2.7,60.5,0,15,0.0,0,0,92.6,29,258,58.9,309,8,30,37,0,230,151,0.9,7.9
Mike Edwards,51282,S,TB,8,169,0,30,0,10.0,100.0,94.3,28.0,28.0,0,0,0.0,63.6,0,14,0.0,0,0,118.8,1,33,19.5,35,0,4,1,0,14,4,0.5,14.0,0,1,13.6,60.0,93.0,38.0,22.8,1,1,20.0,65.0,0,20,0.0,0,1,131.7,3,120,71.0,129,1,3,5,1,48,6,0.4,16.0
Kristian Welch,51283,LB,BLT,5,12,0,3,0,,,100.0,,,0,0,,63.5,0,,,0,0,0.0,0,4,33.3,4,0,0,0,0,0,0,0.0,,0,0,-0.3,100.0,100.0,1.3,1.3,0,0,0.0,34.5,0,12,0.0,0,0,94.4,3,6,50.0,6,0,2,3,0,20,21,5.0,6.7
Terrell Edmunds,51334,S,PIT,6,56,0,25,0,4.0,0.0,85.7,,11.0,0,0,0.0,65.7,0,,,0,0,39.6,0,12,21.4,14,0,0,1,0,0,0,0.0,,0,0,5.3,66.7,97.4,18.5,12.3,0,0,0.0,61.7,0,25,0.0,0,0,102.1,2,37,66.1,38,0,2,3,0,32,13,0.9,16.0
Will Harris,51336,S,NO,13,508,0,20,1,8.4,54.5,89.2,23.3,12.7,0,3,27.3,61.4,0,22,16.7,2,2,76.3,6,149,29.3,167,3,9,11,0,76,39,0.5,12.7,0,3,9.7,62.1,96.6,16.7,10.4,0,2,6.9,59.7,1,30,17.2,5,1,88.0,18,314,61.8,325,8,21,29,2,178,69,0.6,9.9
Derwin James Jr.,51368,S,LAC,17,595,0,27,2,7.0,83.3,86.5,19.6,16.3,0,0,0.0,63.1,0,15,22.2,2,0,128.5,5,109,18.3,126,2,5,6,1,32,2,0.3,6.4,0,5,5.6,79.2,86.7,9.1,7.2,1,2,4.2,74.3,1,55,12.5,5,1,95.5,38,370,62.2,427,18,30,48,1,352,178,1.0,9.3
Amani Hooker,51378,S,TEN,14,469,0,31,0,5.6,68.8,97.1,8.7,6.0,0,0,0.0,45.5,0,27,20.0,2,0,127.9,11,102,21.7,105,1,8,16,3,111,66,1.2,10.1,0,2,7.0,63.2,98.0,22.6,14.3,0,2,10.5,78.2,4,20,6.7,1,2,36.8,12,288,61.4,294,2,12,19,0,99,82,0.4,8.3
Marcus Epps,51391,S,LV,3,103,0,23,0,8.4,80.0,95.0,9.0,7.2,0,0,0.0,49.3,0,19,42.9,3,0,110.8,4,38,36.9,40,1,4,5,0,53,26,1.5,13.3,0,1,6.9,100.0,95.9,6.3,6.3,0,0,0.0,51.2,0,23,22.2,2,0,108.3,7,47,45.6,49,2,6,7,0,70,22,1.6,10.0
Jaylinn Hawkins,51423,S,NE,16,337,0,19,2,4.8,50.0,92.6,68.0,34.0,1,0,0.0,62.2,0,4,0.0,0,0,95.8,2,151,44.8,163,0,1,4,2,6,1,0.0,3.0,0,1,8.2,84.6,96.3,13.9,11.8,0,1,7.7,53.5,0,22,18.8,3,1,108.3,11,158,46.9,164,1,12,13,0,130,42,0.8,11.8
Kaden Elliss,51485,LB,ATL,17,522,0,2,0,7.3,75.0,52.7,21.7,16.3,0,0,0.0,64.1,0,8,16.7,1,0,77.1,3,69,13.2,131,2,5,4,0,7,7,0.1,2.3,0,10,6.7,73.8,80.2,9.4,7.0,0,2,4.8,58.5,1,48,11.3,6,2,107.0,31,307,58.8,383,18,37,42,2,378,172,1.3,12.2
J.T. Gray,51495,S,NO,6,29,0,20,0,,,90.0,,,0,0,,54.2,0,,50.0,1,0,0.0,0,9,31.0,10,0,1,0,0,0,0,0.0,,0,0,,,100.0,,,0,0,,57.1,0,,50.0,1,0,0.0,0,19,65.5,19,0,1,0,0,0,0,0.0,
Dre Greenlaw,51503,LB,SF,2,16,0,28,0,,,100.0,,,0,0,,60.0,0,,,0,0,0.0,0,1,6.3,1,0,0,0,0,0,0,0.0,,0,0,0.5,100.0,100.0,7.0,7.0,0,0,0.0,62.9,0,8,0.0,0,0,91.7,2,14,87.5,14,1,2,2,0,12,11,0.9,6.0
Kenny Moore II,51596,CB,IND,15,536,0,14,0,14.6,61.5,92.6,8.6,5.3,0,1,7.7,49.7,0,34,0.0,0,1,99.5,8,75,14.0,81,3,5,13,1,64,13,0.9,8.0,0,6,4.6,71.4,96.1,9.3,6.6,0,2,3.6,70.7,2,59,22.2,10,2,92.4,40,391,72.9,407,13,29,56,3,374,262,1.0,9.4
Nicholas Morrow,51674,LB,PHI,5,25,0,24,0,,,100.0,,,0,0,,60.0,0,,,0,0,0.0,0,1,4.0,1,0,0,0,0,0,0,0.0,,0,1,10.5,100.0,100.0,6.5,6.5,0,0,0.0,43.5,0,26,0.0,0,0,118.8,2,13,52.0,13,0,0,2,0,35,14,2.7,17.5
Claudin Cherelus,52094,LB,CAR,4,68,0,5,0,,,72.7,,,0,0,,55.9,0,,100.0,1,0,0.0,0,8,11.8,11,0,0,0,0,0,0,0.0,,0,2,8.3,75.0,96.2,15.3,11.5,0,0,0.0,55.3,0,19,20.0,1,0,112.5,3,50,73.5,52,0,2,4,0,46,17,1.0,15.3
Paulson Adebo,52280,CB,NO,7,281,0,20,0,11.8,50.0,100.0,5.1,2.6,0,9,30.0,38.0,2,65,0.0,0,7,63.1,15,85,30.2,85,2,10,30,1,259,127,3.4,17.3,0,1,10.4,73.9,100.0,9.4,6.9,0,1,4.3,76.4,0,36,4.5,1,0,92.1,17,168,59.8,168,6,20,23,0,157,43,1.0,9.2
Ivan Pace Jr.,53587,LB,MIN,12,175,0,18,2,,,43.3,,,0,0,,59.2,0,,33.3,1,0,0.0,0,13,7.4,30,0,0,0,0,0,0,0.0,,0,6,5.3,80.0,70.8,6.6,5.2,0,0,0.0,31.0,1,35,23.1,6,0,95.3,20,143,81.7,202,8,14,25,0,272,140,2.1,13.6
Carrington Valentine,53750,CB,GB,14,371,0,12,0,7.2,80.0,100.0,17.0,13.6,0,0,0.0,69.6,1,17,25.0,1,0,58.8,4,75,20.2,75,1,3,5,0,38,19,0.6,9.5,0,3,7.0,81.0,100.0,13.4,10.9,0,3,14.3,71.8,1,31,11.8,2,3,89.3,17,241,65.0,241,3,12,21,0,214,128,0.9,12.6
C.J. Brewer,54409,DI,TB,12,3,0,30,0,,,0.0,,,0,0,,,0,,,0,0,0.0,0,0,0.0,10,0,0,0,0,0,0,,,0,0,,,2.4,,,0,0,,55.7,0,,33.3,1,0,0.0,0,2,66.7,84,1,2,0,0,0,0,0.0,
Tarron Jackson,54410,ED,CAR,3,1,0,5,0,,,0.0,,,0,0,,,0,,,0,0,0.0,0,0,0.0,1,0,0,0,0,0,0,,,0,0,,,7.1,,,0,0,,60.0,0,,100.0,1,0,0.0,0,1,100.0,14,0,0,0,0,0,0,0.0,
Darrick Forrest,55087,S,WAS,5,42,0,32,1,1.0,100.0,91.7,9.0,9.0,0,0,0.0,56.2,0,1,50.0,1,0,118.8,1,11,26.2,12,0,0,1,1,1,0,0.1,1.0,0,1,5.5,100.0,100.0,13.0,13.0,0,0,0.0,65.1,0,9,16.7,1,0,91.7,2,27,64.3,27,1,4,2,0,12,1,0.5,6.0
Coby Bryant,55088,S,SEA,15,494,0,29,0,9.8,100.0,97.2,14.3,14.3,1,2,22.2,62.2,1,41,11.8,2,2,116.2,9,140,28.3,144,3,15,9,1,116,28,0.9,12.9,0,4,10.5,73.3,99.3,24.1,17.7,0,0,0.0,66.9,2,23,10.0,3,0,50.6,11,281,56.9,283,7,23,15,0,97,29,0.4,8.8
Boye Mafe,55220,ED,SEA,15,61,0,29,0,,,10.2,,,0,0,,77.4,0,,66.7,2,0,0.0,0,12,19.7,118,1,1,0,0,0,0,0.0,,0,1,4.0,75.0,17.9,6.2,4.6,0,1,12.5,68.7,0,15,50.0,4,1,85.9,6,40,65.6,223,9,3,8,0,41,33,1.1,6.8
Esezi Otomewo,55221,DI,JAX,4,2,0,15,0,,,0.0,,,0,0,,,0,,,0,0,0.0,0,0,0.0,19,0,0,0,0,0,0,,,0,1,,,6.9,,,0,0,,59.8,0,,0.0,0,0,0.0,0,2,100.0,29,0,0,0,0,0,0,0.0,
Mark Robinson,55265,LB,PIT,3,5,0,25,0,,,80.0,,,0,0,,62.7,0,,,0,0,0.0,0,4,80.0,5,0,0,0,0,0,0,0.0,,0,0,,,,,,0,0,,,0,,,0,0,0.0,0,0,0.0,0,0,0,0,0,0,0,,
Kalia Davis,55389,DI,SF,13,1,0,28,0,,,0.0,,,0,0,,,0,,,0,0,0.0,0,0,0.0,18,0,0,0,0,0,0,,,0,0,,,1.2,,,0,0,,66.8,1,,0.0,0,0,0.0,0,1,100.0,84,1,2,0,0,0,0,0.0,
Ja'Sir Taylor,55426,CB,LAC,14,271,0,27,0,8.6,71.4,97.0,11.8,8.4,0,1,14.3,57.1,0,26,33.3,1,1,151.2,5,64,23.6,66,0,2,7,1,84,27,1.4,16.8,0,3,6.9,69.2,94.6,16.6,11.5,0,2,15.4,70.1,0,41,20.0,3,2,122.6,9,157,57.9,166,4,9,13,1,116,46,0.8,12.9
Elijah Hicks,55584,S,CHI,8,206,0,6,1,6.0,100.0,100.0,33.0,33.0,0,0,0.0,58.1,0,6,25.0,1,0,91.7,1,34,16.5,34,0,2,1,0,6,0,0.2,6.0,0,4,23.6,60.0,100.0,48.3,29.0,0,1,20.0,61.0,0,21,0.0,0,1,136.7,3,150,72.8,150,1,6,5,1,54,3,0.4,18.0
A.J. Terrell,55586,CB,ATL,17,671,0,2,0,15.3,40.0,100.0,20.3,8.1,0,2,13.3,72.3,0,25,0.0,0,2,77.9,6,131,19.5,131,1,5,15,1,73,5,0.6,12.2,0,2,11.6,74.3,99.7,13.8,10.2,1,2,5.7,63.5,2,40,18.2,6,0,77.1,26,377,56.2,378,8,25,35,0,310,106,0.9,11.9
Josh Blackwell,55589,CB,CHI,6,75,0,6,0,21.0,0.0,100.0,,15.0,0,0,0.0,50.3,0,,0.0,0,0,39.6,0,15,20.0,15,0,1,1,0,0,0,0.0,,0,0,5.8,80.0,90.9,12.5,10.0,0,1,20.0,68.1,1,15,33.3,2,0,61.2,4,50,66.7,55,1,4,5,0,41,28,0.8,10.3
Marco Wilson,55592,CB,CIN,16,161,0,7,0,11.9,50.0,100.0,11.0,5.5,0,1,7.1,30.1,0,21,12.5,1,1,97.0,7,93,57.8,93,0,7,14,1,99,26,1.3,14.1,0,2,7.7,85.7,100.0,9.5,8.1,0,0,0.0,66.7,0,25,11.1,1,0,104.2,6,58,36.0,58,4,6,7,0,63,17,1.1,10.5
Lonnie Johnson Jr.,55615,S,CAR,4,7,0,5,0,,,,,,0,0,,,0,,,0,0,0.0,0,0,0.0,0,0,0,0,0,0,0,,,0,0,19.0,100.0,100.0,4.0,4.0,0,0,0.0,38.0,0,23,,0,0,118.8,1,5,71.4,5,0,0,1,0,23,4,5.8,23.0
Amik Robertson,55619,CB,DET,18,491,0,11,1,15.5,42.9,97.2,12.2,5.2,1,6,14.3,65.5,0,47,0.0,0,4,73.8,18,245,49.9,252,10,16,42,1,283,69,1.3,15.7,0,3,4.5,83.3,98.0,7.2,6.0,0,3,10.0,51.4,0,33,14.8,4,3,106.3,25,193,39.3,197,7,20,30,0,285,210,1.6,11.4
Russ Yeast,55629,S,HST,2,14,0,13,0,,,100.0,,,0,0,,61.4,0,,,0,0,0.0,0,4,28.6,4,0,0,0,0,0,0,0.0,,0,0,,,100.0,,,0,0,,29.0,0,,0.0,0,0,0.0,0,8,57.1,8,0,1,0,0,0,0,0.0,
Jeff Okudah,55674,CB,HST,5,52,0,13,0,11.5,100.0,100.0,8.0,8.0,0,0,0.0,31.2,0,64,0.0,0,0,158.3,2,17,32.7,17,0,1,2,1,79,56,4.9,39.5,0,0,11.0,66.7,100.0,5.2,3.4,0,0,0.0,29.6,0,30,25.0,2,0,88.7,6,32,61.5,32,3,6,9,0,67,26,2.2,11.2
Tre Brown,55677,CB,SEA,9,193,0,29,1,9.4,87.5,100.0,8.1,7.1,0,0,0.0,48.9,0,30,16.7,1,0,158.3,7,59,30.6,59,0,4,8,1,109,49,1.9,15.6,0,0,13.6,60.0,99.0,16.5,9.9,0,1,10.0,54.8,0,41,0.0,0,1,126.3,6,103,53.4,104,1,9,10,1,98,5,1.0,16.3
Deommodore Lenoir,55686,CB,SF,15,516,0,28,1,14.5,50.0,98.3,9.2,4.6,0,3,12.5,66.1,1,28,8.3,1,3,50.5,12,119,23.1,121,1,10,24,0,139,38,1.3,11.6,0,6,6.2,67.9,95.5,9.1,6.2,1,6,11.3,73.6,1,29,21.4,9,4,75.2,36,336,65.1,352,7,27,53,0,310,210,1.0,8.6
Marcus Jones,55717,CB,NE,14,385,0,19,1,12.1,58.7,100.0,6.2,3.6,0,8,17.4,50.2,1,39,0.0,0,4,94.6,27,186,48.3,186,3,20,46,3,341,133,2.0,12.6,0,5,9.0,83.3,93.9,15.8,13.2,0,0,0.0,68.1,0,45,16.7,4,0,108.7,10,169,43.9,180,5,15,12,0,121,48,0.8,12.1
Darious Williams,55724,CB,LA,14,544,0,26,0,13.9,54.2,100.0,9.3,5.0,0,3,12.5,44.9,0,28,33.3,3,2,97.4,13,125,23.0,125,2,6,24,1,209,55,1.7,16.1,0,2,12.3,70.3,99.7,12.0,8.4,1,3,8.1,69.8,1,33,10.3,3,3,92.8,26,328,60.3,329,7,24,37,1,306,88,1.0,11.8
Ja'Marcus Ingram,55738,CB,BUF,14,156,0,4,0,13.3,66.7,100.0,9.5,6.3,0,1,16.7,39.2,0,19,0.0,0,1,143.1,4,44,28.2,44,0,3,6,1,66,22,1.7,16.5,0,1,1.7,90.0,95.0,8.2,7.4,0,0,0.0,56.4,0,24,16.7,1,0,101.7,9,76,48.7,80,4,4,10,0,84,66,1.1,9.3
Faion Hicks,55748,CB,SEA,1,1,0,29,0,,,,,,0,0,,,0,,,0,0,0.0,0,0,0.0,0,0,0,0,0,0,0,,,0,0,,,100.0,,,0,0,,60.0,0,,,0,0,0.0,0,1,100.0,1,0,0,0,0,0,0,0.0,
Xavier McKinney,55775,S,GB,18,678,0,12,2,8.0,50.0,94.5,125.0,62.5,0,1,50.0,79.8,2,6,0.0,0,1,16.7,1,137,20.2,145,0,3,2,0,6,2,0.0,6.0,0,9,9.8,78.1,98.4,16.9,13.2,1,1,3.1,86.5,6,33,2.6,1,1,68.0,25,440,64.9,447,6,29,32,0,314,89,0.7,12.6
Montaric Brown,55797,CB,JAX,17,519,0,15,2,10.6,66.7,100.0,7.6,5.1,0,4,11.1,59.0,0,45,4.8,1,2,120.4,24,197,38.0,197,6,18,36,3,302,81,1.7,12.6,0,6,8.6,73.7,100.0,8.7,6.4,0,3,7.9,59.7,0,40,8.6,3,2,104.1,28,265,51.1,265,9,26,38,1,290,96,1.2,10.4
Kamren Curl,55800,S,LA,18,634,0,26,0,6.4,45.5,95.5,27.6,12.5,0,5,45.5,75.6,0,12,36.4,4,4,83.5,5,148,23.3,155,0,7,11,1,35,30,0.3,7.0,0,5,6.6,78.3,94.6,19.4,15.2,0,1,4.3,55.5,0,66,6.9,2,1,156.1,18,370,58.4,391,5,22,23,4,275,170,0.8,15.3
Arron Mosby,55908,ED,GB,10,13,0,12,0,,,0.0,,,0,0,,,0,,100.0,2,0,0.0,0,0,0.0,13,1,0,0,0,0,0,,,0,0,3.5,0.0,18.3,,6.5,0,1,50.0,75.8,0,,,0,1,39.6,0,13,100.0,71,0,0,2,0,0,0,0.0,
Eric Stokes,55912,CB,GB,17,398,0,12,0,10.7,63.6,100.0,6.4,4.1,0,0,0.0,29.3,0,31,0.0,0,0,124.6,14,98,24.6,98,0,9,22,3,158,58,1.8,11.3,0,6,11.0,60.0,100.0,13.7,8.2,0,0,0.0,80.3,0,28,7.1,2,0,74.0,18,251,63.1,251,6,20,30,0,158,38,0.6,8.8
Ameer Speed,55918,CB,CHI,1,2,0,6,0,,,,,,0,0,,,0,,,0,0,0.0,0,0,0.0,0,0,0,0,0,0,0,,,0,0,,,100.0,,,0,0,,61.5,0,,,0,0,0.0,0,2,100.0,2,0,0,0,0,0,0,0.0,
Grant Stuard,55933,LB,IND,9,96,0,14,1,,,100.0,,,0,0,,67.9,0,,0.0,0,0,0.0,0,9,9.4,9,0,0,0,0,0,0,0.0,,0,0,0.3,72.2,91.6,5.6,4.1,0,0,0.0,62.4,0,18,20.0,3,0,80.3,13,76,79.2,83,7,12,18,0,78,81,1.1,6.0
Bryan Cook,55940,S,KC,20,712,0,16,2,7.2,77.8,99.1,14.6,11.3,0,1,5.6,52.9,0,32,0.0,0,0,124.3,14,216,30.3,218,4,24,18,1,169,91,0.8,12.1,0,3,18.6,62.5,100.0,36.0,22.5,1,1,6.3,52.3,3,38,8.0,2,0,60.9,10,382,53.7,382,2,20,16,0,178,76,0.5,17.8
Nate Hobbs,55948,CB,LV,11,318,0,23,0,8.5,50.0,90.8,8.5,4.3,0,1,5.0,49.1,1,35,12.5,1,1,82.7,10,89,28.0,98,3,7,20,2,127,57,1.5,12.7,0,5,1.2,86.4,93.9,8.9,7.7,1,1,4.5,65.5,0,17,26.9,7,1,93.4,19,186,58.5,198,3,14,22,0,141,132,0.8,7.4
Tony Adams,55953,S,NYJ,14,435,0,22,2,8.2,75.0,94.6,12.8,9.6,0,2,16.7,53.2,0,27,16.7,2,2,121.5,9,141,32.4,149,2,8,12,1,84,26,0.7,9.3,0,7,4.6,85.7,97.1,17.9,15.4,0,2,14.3,74.0,1,44,4.5,1,2,88.1,12,235,54.0,242,3,14,14,0,172,111,0.8,14.3
Raheem Layne,55960,S,NYG,1,11,0,21,0,,,100.0,,,0,0,,60.5,0,,,0,0,0.0,0,3,27.3,3,0,0,0,0,0,0,0.0,,0,0,,,100.0,,,0,0,,65.2,0,,0.0,0,0,0.0,0,7,63.6,7,0,2,0,0,0,0,0.0,
Geno Stone,55967,S,CIN,17,663,0,7,0,3.0,100.0,93.1,28.6,28.6,0,0,0.0,58.4,2,12,23.1,3,0,100.0,5,162,24.4,174,2,10,5,1,40,26,0.3,8.0,0,6,11.1,68.4,98.7,29.0,19.8,0,0,0.0,53.5,2,51,9.7,3,0,71.1,13,390,58.8,395,3,22,19,1,155,51,0.4,11.9
Markquese Bell,56033,S,DAL,3,6,0,9,0,,,100.0,,,0,0,,60.8,0,,,0,0,0.0,0,2,33.3,2,0,0,0,0,0,0,0.0,,0,0,,,100.0,,,0,0,,61.4,0,,,0,0,0.0,0,3,50.0,3,0,0,0,0,0,0,0.0,
Mike Brown,56054,S,TEN,10,214,0,31,1,7.7,100.0,97.5,12.3,12.3,0,0,0.0,71.0,0,25,0.0,0,0,109.7,3,39,18.2,40,2,5,3,0,31,8,0.8,10.3,0,0,9.6,62.5,99.3,25.8,16.1,0,1,12.5,64.8,0,12,0.0,0,1,69.8,5,134,62.6,135,6,12,8,0,30,24,0.2,6.0
Benjamin St-Juste,56061,CB,WAS,20,493,0,32,0,11.3,74.3,100.0,5.9,4.4,0,2,5.7,29.4,0,41,9.5,2,1,137.2,26,172,34.9,172,1,19,35,3,375,114,2.4,14.4,0,2,13.8,54.1,100.0,12.9,6.9,1,6,16.2,67.6,0,19,4.5,1,6,83.2,20,270,54.8,270,5,19,37,1,240,45,0.9,12.0
Reed Blankenship,56065,S,PHI,19,720,0,24,1,5.3,93.3,100.0,10.9,10.1,0,1,6.7,51.2,1,29,20.0,3,1,77.5,14,173,24.0,173,1,11,15,0,139,64,0.9,9.9,0,12,8.1,79.3,100.0,16.5,13.1,0,0,0.0,75.5,3,40,14.0,7,0,74.6,23,395,54.9,395,8,31,29,1,251,75,0.7,10.9
Ty Okada,56089,S,SEA,3,22,0,29,1,,,100.0,,,0,0,,54.5,0,,50.0,1,0,0.0,0,10,45.5,10,0,0,0,0,0,0,0.0,,0,0,,,100.0,,,0,0,,63.3,0,,,0,0,0.0,0,11,50.0,11,0,0,0,0,0,0,0.0,
Nephi Sewell,56107,LB,NO,1,28,0,20,0,,,69.2,,,0,0,,64.4,0,,,0,0,0.0,0,9,32.1,13,1,0,0,0,0,0,0.0,,0,0,-4.0,100.0,100.0,15.0,15.0,0,0,0.0,68.9,0,-6,0.0,0,0,79.2,1,15,53.6,15,0,2,1,0,-6,-2,-0.4,-6.0
Damarri Mathis,56143,CB,DEN,8,48,0,10,0,9.2,20.0,100.0,15.0,3.0,0,1,20.0,43.1,0,10,0.0,0,1,39.6,1,16,33.3,16,0,1,5,0,10,0,0.7,10.0,0,0,,,100.0,,,0,0,,69.1,0,,,0,0,0.0,0,22,45.8,22,0,0,0,0,0,0,0.0,
Jason Pinnock,56144,S,NYG,16,551,0,21,1,8.5,62.5,93.8,31.2,19.5,0,1,12.5,60.5,0,29,15.4,2,1,121.4,5,167,30.3,178,1,10,8,1,53,18,0.3,10.6,0,11,10.4,93.8,97.9,20.7,19.4,0,0,0.0,51.3,0,49,13.9,5,0,156.3,15,320,58.1,327,6,20,16,3,192,43,0.6,12.8
Tre Avery,56146,CB,SF,2,2,0,28,0,,,,,,0,0,,,0,,,0,0,0.0,0,0,0.0,0,0,0,0,0,0,0,,,0,0,,,100.0,,,0,0,,62.4,0,,,0,0,0.0,0,2,100.0,2,0,0,0,0,0,0,0.0,
DaRon Bland,56158,CB,DAL,7,290,0,9,1,9.9,76.9,100.0,8.2,6.3,0,0,0.0,52.2,0,26,11.1,1,0,140.4,10,92,31.7,92,1,7,13,2,108,11,1.3,10.8,0,5,11.9,60.7,100.0,9.5,5.8,0,6,21.4,81.8,0,40,8.7,2,3,100.7,17,172,59.3,172,5,16,28,2,163,54,1.0,9.6
Marte Mapu,56159,S,NE,10,260,0,19,0,11.0,50.0,94.4,21.0,10.5,1,3,30.0,71.8,1,16,25.0,1,2,25.4,5,119,45.8,126,3,3,10,0,51,19,0.5,10.2,0,0,4.2,100.0,97.5,7.8,7.8,0,1,6.7,49.4,0,20,20.0,3,1,105.0,15,119,45.8,122,2,12,15,0,138,75,1.2,9.2
Keisean Nixon,56167,CB,GB,18,664,0,12,0,12.3,45.8,99.3,11.8,5.4,1,4,16.7,49.0,0,21,0.0,0,4,73.1,11,143,21.5,144,3,13,24,1,109,17,0.8,9.9,0,14,7.8,73.1,97.3,10.8,7.9,0,3,5.8,66.7,1,28,11.1,6,2,101.4,38,427,64.3,439,17,34,52,3,339,115,0.8,8.9
Ifeatu Melifonwu,56203,S,DET,4,127,0,11,0,8.0,66.7,92.1,14.3,9.5,0,0,0.0,53.8,0,18,0.0,0,0,118.1,4,58,45.7,63,1,3,6,1,30,8,0.5,7.5,0,0,5.0,100.0,91.9,27.0,27.0,0,0,0.0,65.9,0,7,33.3,2,0,87.5,2,57,44.9,62,3,4,2,0,10,0,0.2,5.0
Christian Braswell,56207,CB,JAX,2,30,0,15,0,-3.0,100.0,100.0,3.3,3.3,0,0,0.0,60.1,0,10,0.0,0,0,93.8,4,13,43.3,13,1,2,4,0,26,38,2.0,6.5,0,0,,,100.0,,,0,0,,83.1,0,,0.0,0,0,0.0,0,12,40.0,12,0,1,0,0,0,0,0.0,
Quentin Lake,56245,S,LA,19,696,0,26,0,12.8,38.9,99.4,21.6,8.4,1,3,16.7,58.7,0,36,10.0,1,3,83.1,7,161,23.1,162,3,9,18,1,130,54,0.9,18.6,0,13,5.6,75.6,94.9,12.5,9.5,0,3,7.3,64.9,0,18,13.0,7,1,94.6,31,412,59.2,434,14,34,41,1,210,129,0.5,6.8
Darnay Holmes,56247,CB,LV,9,204,0,23,0,10.1,63.6,88.2,8.0,5.1,0,0,0.0,28.5,0,18,14.3,1,0,82.8,7,67,32.8,76,0,6,11,0,73,26,1.3,10.4,0,3,4.1,81.0,92.4,6.2,5.0,0,2,9.5,68.2,0,15,17.6,3,2,89.9,17,109,53.4,118,5,11,21,0,117,65,1.1,6.9
Jaylon Johnson,56259,CB,CHI,17,575,0,6,0,16.8,41.7,100.0,17.2,7.2,0,2,16.7,54.9,0,60,0.0,0,2,115.3,5,90,15.7,90,0,3,12,1,146,53,1.7,29.2,0,3,9.4,69.4,100.0,16.8,11.7,0,2,5.6,76.5,2,31,18.9,7,2,66.9,25,440,76.5,440,8,27,36,0,260,124,0.6,10.4
Keith Taylor Jr.,56289,CB,KC,5,44,0,16,0,,,100.0,,,0,0,,62.2,0,,,0,0,0.0,0,3,6.8,3,0,0,0,0,0,0,0.0,,0,0,6.2,100.0,100.0,6.2,6.2,1,0,0.0,59.0,0,17,0.0,0,0,136.3,5,33,75.0,33,2,2,5,1,36,14,1.2,7.2
Elijah Molden,56290,S,LAC,15,500,0,27,0,12.0,100.0,100.0,83.0,83.0,0,0,0.0,66.8,1,12,25.0,1,0,77.1,1,91,18.2,91,0,3,1,0,12,0,0.1,12.0,0,8,13.6,69.6,99.4,19.6,13.7,1,2,8.7,67.8,1,26,9.1,3,1,69.5,16,332,66.4,334,6,22,23,0,152,44,0.5,9.5
Devon Key,56307,S,DEN,14,154,0,10,1,11.3,50.0,94.9,16.5,8.3,0,0,0.0,56.7,0,16,0.0,0,0,112.5,2,37,24.0,39,1,3,4,1,28,3,0.8,14.0,0,3,13.7,33.3,100.0,39.0,13.0,0,0,0.0,61.4,0,23,0.0,0,0,49.3,2,80,51.9,80,1,6,6,0,28,12,0.4,14.0
Jose Ramirez,56323,ED,TB,3,1,0,30,0,,,0.0,,,0,0,,,0,,,0,0,0.0,0,0,0.0,5,0,0,0,0,0,0,,,0,0,-4.0,100.0,5.9,1.0,1.0,0,0,0.0,60.0,0,8,,0,0,100.0,1,1,100.0,17,0,0,1,0,8,12,8.0,8.0
Victor Dimukeje,56347,ED,ARZ,10,17,0,1,0,-8.0,0.0,14.3,,2.0,0,0,0.0,94.2,0,,0.0,0,0,39.6,0,2,11.8,14,1,1,1,0,0,0,0.0,,0,0,,,25.0,,,0,0,,51.5,0,,25.0,1,0,0.0,0,15,88.2,60,1,3,0,0,0,0,0.0,
A.J. Epenesa,56369,ED,BUF,20,16,0,4,0,4.0,100.0,7.1,6.0,6.0,0,0,0.0,34.9,0,28,0.0,0,0,118.8,1,7,43.8,98,2,1,1,0,28,24,4.7,28.0,0,0,,,3.4,,,1,1,,76.7,0,,25.0,1,1,0.0,0,8,50.0,236,3,3,0,0,0,0,0.0,
Andre Jones Jr.,56395,ED,WAS,2,1,0,32,0,,,,,,0,0,,,0,,,0,0,0.0,0,0,0.0,0,0,0,0,0,0,0,,,0,0,,,20.0,,,0,0,,60.0,0,,,0,0,0.0,0,1,100.0,5,0,0,0,0,0,0,0.0,
Chase Young,56436,ED,NO,17,20,0,20,0,,,5.3,,,1,1,,85.9,0,,,0,1,0.0,0,8,40.0,151,1,0,0,0,0,0,0.0,,0,0,,,3.3,,,0,0,,87.0,0,,25.0,2,0,0.0,0,10,50.0,301,5,6,0,0,0,0,0.0,
Yetur Gross-Matos,56444,ED,SF,11,2,0,28,0,,,0.0,,,0,0,,,0,,,0,0,0.0,0,0,0.0,54,2,0,0,0,0,0,,,0,0,11.0,100.0,0.7,1.0,1.0,0,0,0.0,45.2,0,14,0.0,0,0,118.8,1,1,50.0,142,1,1,1,0,14,3,14.0,14.0
Patrick Johnson,56460,ED,NYG,6,1,0,21,0,,,0.0,,,0,0,,,0,,,0,0,0.0,0,0,0.0,6,0,0,0,0,0,0,,,0,0,,,7.7,,,0,0,,60.0,0,,,0,0,0.0,0,1,100.0,13,0,0,0,0,0,0,0.0,
D.J. Davidson,56523,DI,NYG,12,3,0,21,0,,,3.4,,,0,0,,60.0,0,,,0,0,0.0,0,1,33.3,29,0,0,0,0,0,0,0.0,,0,0,,,0.0,,,0,0,,78.7,0,,50.0,1,0,0.0,0,0,0.0,69,3,1,0,0,0,0,,
T.J. Slaton,56597,DI,GB,18,2,0,12,0,,,0.0,,,0,0,,,0,,,0,0,0.0,0,0,0.0,43,0,0,0,0,0,0,,,0,0,,,1.4,,,0,0,,59.1,0,,,0,0,0.0,0,2,100.0,144,0,0,0,0,0,0,0.0,
Malik Herring,56616,ED,KC,12,4,0,16,0,,,0.0,,,0,0,,,0,,,0,0,0.0,0,0,0.0,31,0,0,0,0,0,0,,,0,0,5.5,100.0,5.7,1.5,1.5,0,0,0.0,49.9,0,10,0.0,0,0,102.1,2,3,75.0,53,0,1,2,0,17,6,5.7,8.5
DJ Johnson,56704,ED,CAR,14,19,0,5,0,,,6.1,,,0,0,,78.9,0,,0.0,0,0,0.0,0,2,10.5,33,1,1,0,0,0,0,0.0,,0,1,,,14.9,,,0,0,,69.5,0,,0.0,0,0,0.0,0,13,68.4,87,1,3,0,0,0,0,0.0,
Kwity Paye,56713,ED,IND,15,8,0,14,0,,,0.0,,,0,0,,63.4,0,,0.0,0,0,0.0,0,0,0.0,56,2,2,0,0,0,0,,,0,0,10.0,100.0,2.2,6.0,6.0,0,0,0.0,57.7,0,29,0.0,0,0,118.8,1,6,75.0,279,8,5,1,0,29,19,4.8,29.0
Jordan Elliott,56734,DI,SF,15,1,0,28,0,,,0.0,,,0,0,,,0,,,0,0,0.0,0,0,0.0,39,0,0,0,0,0,0,,,0,0,,,0.6,,,0,0,,54.5,0,,,0,0,0.0,0,1,100.0,154,0,0,0,0,0,0,0.0,
Isaiah Thomas,56798,ED,CIN,2,2,0,7,0,,,0.0,,,0,0,,60.0,0,,,0,0,0.0,0,0,0.0,12,0,0,0,0,0,0,,,0,0,-1.0,100.0,25.0,2.0,2.0,0,0,0.0,61.8,0,0,,0,0,79.2,1,2,100.0,8,0,0,1,0,0,1,0.0,0.0
Javon Kinlaw,56834,DI,NYJ,17,2,0,22,0,-2.0,0.0,0.0,,0.0,0,0,0.0,,0,,,0,0,39.6,0,0,0.0,121,1,0,1,0,0,0,,,0,0,3.0,100.0,0.9,2.0,2.0,0,0,0.0,55.0,0,3,0.0,0,0,79.2,1,2,100.0,221,4,2,1,0,3,0,1.5,3.0
Arnold Ebiketie,56862,ED,ATL,17,57,0,2,0,,,5.7,,,0,0,,66.0,0,,0.0,0,0,0.0,0,5,8.8,87,2,1,0,0,0,0,0.0,,0,2,4.0,83.3,19.4,7.8,6.5,0,0,0.0,67.3,0,14,10.0,1,0,88.9,5,41,71.9,211,9,7,6,0,32,11,0.8,6.4
Ta'Quon Graham,56868,DI,ATL,10,1,0,2,0,,,0.0,,,0,0,,,0,,,0,0,0.0,0,0,0.0,13,0,0,0,0,0,0,,,0,0,,,1.4,,,0,0,,60.0,0,,100.0,1,0,0.0,0,1,100.0,74,0,0,0,0,0,0,0.0,
Micheal Clemons,56872,ED,NYJ,17,3,0,22,0,,,0.0,,,0,0,,60.0,0,,50.0,1,0,0.0,0,0,0.0,118,1,1,0,0,0,0,,,0,1,,,1.8,,,0,0,,71.0,0,,0.0,0,0,0.0,0,3,100.0,166,3,1,0,0,0,0,0.0,
Jaelan Phillips,56902,ED,MIA,4,18,0,17,0,,,11.1,,,0,0,,62.0,0,,,0,0,0.0,0,2,11.1,18,1,0,0,0,0,0,0.0,,0,0,1.5,50.0,25.0,13.0,6.5,0,0,0.0,47.5,0,9,100.0,1,0,62.5,1,13,72.2,52,0,0,2,0,9,10,0.7,9.0
Jay Tufele,56913,DI,CIN,12,1,0,7,0,,,0.0,,,0,0,,,0,,100.0,1,0,0.0,0,0,0.0,20,0,0,0,0,0,0,,,0,0,,,1.3,,,0,0,,55.3,0,,50.0,1,0,0.0,0,1,100.0,77,0,1,0,0,0,0,0.0,
DeAngelo Malone,56941,ED,ATL,9,22,0,2,0,,,35.7,,,0,0,,64.0,0,,,0,0,0.0,0,10,45.5,28,0,0,0,0,0,0,0.0,,0,0,,,22.5,,,0,0,,31.0,0,,0.0,0,0,0.0,0,9,40.9,40,4,3,0,0,0,0,0.0,
James Lynch,56962,DI,TEN,16,1,0,31,0,,,0.0,,,0,0,,,0,,,0,0,0.0,0,0,0.0,24,0,0,0,0,0,0,,,0,0,,,1.2,,,0,0,,59.9,0,,,0,0,0.0,0,1,100.0,82,1,0,0,0,0,0,0.0,
Troy Andersen,57317,LB,ATL,7,148,0,2,1,-1.5,50.0,62.5,23.0,11.5,0,0,0.0,59.4,0,3,50.0,1,0,56.3,1,25,16.9,40,0,0,2,0,3,7,0.1,3.0,0,3,1.3,93.3,88.1,5.9,5.5,0,0,0.0,51.0,1,31,21.4,3,0,76.7,14,89,60.1,101,4,8,15,0,136,118,1.6,9.7
Jack Gibbens,57662,LB,TEN,8,129,0,31,0,-7.0,100.0,73.1,18.0,18.0,0,0,0.0,68.7,0,24,,0,0,118.8,1,19,14.7,26,0,0,1,0,24,31,1.3,24.0,0,5,2.3,71.4,95.6,16.8,12.0,0,0,0.0,65.5,0,9,14.3,2,0,74.1,5,86,66.7,90,2,7,7,0,18,11,0.2,3.6
D'Marco Jackson,57691,LB,NO,3,26,0,20,0,,,70.0,,,0,0,,63.7,0,,,0,0,0.0,0,7,26.9,10,0,0,0,0,0,0,0.0,,0,1,4.0,100.0,77.3,16.0,16.0,0,0,0.0,56.9,0,10,0.0,0,0,108.3,1,17,65.4,22,0,0,1,0,10,6,0.6,10.0
Tony Fields II,57698,LB,CLV,1,5,0,8,0,,,100.0,,,0,0,,60.0,0,,,0,0,0.0,0,1,20.0,1,0,0,0,0,0,0,0.0,,0,0,,,80.0,,,0,0,,63.3,0,,,0,0,0.0,0,4,80.0,5,0,0,0,0,0,0,0.0,
Chandler Wooten,57726,LB,CAR,3,80,0,5,0,3.0,100.0,57.1,7.0,7.0,0,0,0.0,79.8,0,3,0.0,0,0,79.2,1,8,10.0,14,1,2,1,0,3,0,0.4,3.0,0,1,7.0,60.0,84.7,15.3,9.2,0,0,0.0,38.7,0,20,42.9,3,0,134.2,3,50,62.5,59,0,3,5,1,51,33,1.1,17.0
K.J. Britt,57727,LB,TB,15,337,0,30,0,-2.0,33.3,83.6,51.0,17.0,0,0,0.0,61.3,0,10,100.0,2,0,43.8,1,56,16.6,67,0,0,3,0,10,15,0.2,10.0,0,6,5.4,79.3,85.5,10.3,8.2,0,1,3.4,42.0,0,32,6.7,2,1,113.4,23,247,73.3,289,5,22,29,1,245,142,1.0,10.7
Jalen Pitre,57737,S,HST,12,379,0,13,0,14.7,60.0,84.2,8.9,5.3,0,1,6.7,42.9,0,69,0.0,0,0,143.8,9,85,22.4,101,2,6,15,3,210,82,2.6,23.3,0,3,2.4,85.2,88.0,9.3,7.9,0,3,11.1,79.5,1,23,14.3,4,3,86.4,23,221,58.3,251,7,21,27,1,148,95,0.7,6.4
Terrel Bernard,57739,LB,BUF,16,497,0,4,0,0.8,60.0,62.8,27.0,16.2,0,0,0.0,67.9,0,17,33.3,2,0,64.6,3,91,18.3,145,3,4,5,0,15,20,0.2,5.0,0,10,7.3,66.7,96.5,9.0,6.0,0,0,0.0,32.1,1,66,15.4,6,0,96.1,32,300,60.4,311,6,23,48,2,383,240,1.3,12.0
Isaiah McDuffie,57754,LB,GB,18,379,0,12,1,6.2,50.0,76.1,16.0,8.0,0,0,0.0,64.8,0,18,0.0,0,0,102.1,3,51,13.5,67,0,2,6,2,27,13,0.6,9.0,0,10,3.5,88.9,94.0,6.4,5.7,1,2,4.4,50.2,0,32,11.4,5,2,114.7,40,266,70.2,283,11,29,45,1,439,310,1.7,11.0
Baylon Spector,57782,LB,BUF,8,174,0,4,0,4.0,60.0,81.6,9.3,5.6,0,0,0.0,39.3,0,26,50.0,1,0,125.0,3,31,17.8,38,1,1,5,1,40,20,1.4,13.3,0,5,4.9,94.7,96.6,6.1,5.8,0,0,0.0,31.5,0,20,17.4,4,0,108.1,18,112,64.4,116,1,14,19,0,189,111,1.7,10.5
Nate Landman,57788,LB,ATL,13,297,0,2,0,1.7,100.0,77.1,11.3,11.3,0,0,0.0,54.2,0,13,0.0,0,0,145.1,3,37,12.5,48,0,2,3,1,28,27,0.8,9.3,0,5,4.3,88.2,96.3,11.5,10.2,0,0,0.0,59.8,0,27,14.3,3,0,104.4,15,181,60.9,188,3,13,17,0,154,105,0.9,10.3
Ventrell Miller,57809,LB,JAX,15,237,0,15,1,-0.3,75.0,86.3,21.3,16.0,0,0,0.0,76.8,0,17,40.0,2,0,90.6,3,69,29.1,80,1,2,4,0,25,27,0.4,8.3,0,4,5.0,95.2,99.3,6.2,5.9,0,0,0.0,34.8,0,32,15.4,4,0,108.7,20,133,56.1,134,6,18,21,0,212,111,1.7,10.6
James Houston,57810,ED,CLV,11,5,0,8,0,,,3.3,,,0,0,,61.3,0,,100.0,2,0,0.0,0,2,40.0,60,0,0,0,0,0,0,0.0,,0,0,,,5.4,,,0,0,,62.6,0,,0.0,0,0,0.0,0,2,40.0,37,0,1,0,0,0,0,0.0,
Mykal Walker,57834,LB,WAS,11,22,0,32,0,,,50.0,,,0,0,,60.0,0,,,0,0,0.0,0,1,4.5,2,0,0,0,0,0,0,0.0,,0,3,3.2,100.0,94.4,2.7,2.7,0,0,0.0,29.1,0,29,0.0,0,0,118.8,6,17,77.3,18,1,2,6,0,77,58,4.8,12.8
Monty Rice,57839,LB,NE,1,2,0,19,0,,,,,,0,0,,,0,,,0,0,0.0,0,0,0.0,0,0,0,0,0,0,0,,,0,0,,,100.0,,,0,0,,61.5,0,,,0,0,0.0,0,2,100.0,2,0,0,0,0,0,0,0.0,
Robert Beal Jr.,57840,ED,SF,14,4,0,28,0,,,0.0,,,0,0,,,0,,,0,0,0.0,0,0,0.0,10,0,0,0,0,0,0,,,0,0,,,9.5,,,0,0,,61.6,0,,,0,0,0.0,0,4,100.0,42,0,0,0,0,0,0,0.0,
Del'Shawn Phillips,57868,LB,HST,3,10,0,13,0,,,0.0,,,0,0,,,0,,,0,0,0.0,0,0,0.0,2,0,0,0,0,0,0,,,0,0,4.3,100.0,90.0,3.0,3.0,0,0,0.0,55.9,0,16,33.3,1,0,112.5,3,9,90.0,10,0,2,3,0,33,20,3.7,11.0
Jake Hummel,57879,LB,LA,6,41,0,26,0,3.0,100.0,60.0,3.0,3.0,0,0,0.0,53.6,0,25,0.0,0,0,118.8,2,6,14.6,10,1,2,2,0,29,23,4.8,14.5,0,1,3.0,50.0,93.5,29.0,14.5,0,0,0.0,68.2,0,10,33.3,1,0,64.6,1,29,70.7,31,0,1,2,0,10,10,0.3,10.0
Isaac Ukwu,57888,ED,DET,2,1,0,11,0,,,4.8,,,0,0,,67.5,0,,,0,0,0.0,0,1,100.0,21,0,0,0,0,0,0,0.0,,0,1,,,0.0,,,0,0,,60.0,0,,0.0,0,0,0.0,0,0,0.0,18,0,0,0,0,0,0,,
Jamin Davis,57905,ED,NYJ,8,11,0,22,0,,,0.0,,,0,0,,60.0,0,,100.0,1,0,0.0,0,0,0.0,9,0,0,0,0,0,0,,,0,0,6.3,100.0,23.3,3.3,3.3,0,0,0.0,55.0,0,11,0.0,0,0,98.6,3,10,90.9,43,2,4,3,0,23,4,2.3,7.7
Josh Paschal,57908,ED,DET,15,14,0,11,0,,,2.1,,,0,0,,61.7,0,,0.0,0,0,0.0,0,4,28.6,191,4,4,0,0,0,0,0.0,,0,1,1.0,100.0,3.3,3.0,3.0,0,0,0.0,65.5,0,8,50.0,2,0,89.6,2,6,42.9,183,1,1,2,0,11,9,1.8,5.5
Patrick Queen,57941,LB,PIT,18,633,0,25,1,4.5,75.0,74.6,13.7,10.3,0,1,6.3,79.4,0,22,0.0,0,0,115.1,12,185,29.2,248,7,11,16,1,114,84,0.7,9.5,0,7,5.4,89.3,95.9,7.2,6.4,2,2,3.6,38.7,0,49,10.2,5,2,108.8,50,374,59.1,390,12,37,56,0,566,299,1.6,11.3
K'Lavon Chaisson,57945,ED,LV,15,40,0,23,0,,,10.0,,,0,0,,62.4,1,,,0,0,0.0,0,10,25.0,100,3,0,0,0,0,0,0.0,,0,0,6.3,100.0,11.7,5.8,5.8,1,0,0.0,42.3,0,47,22.2,2,0,118.8,4,25,62.5,214,7,7,4,0,73,48,3.2,18.3
J.J. Russell,57958,LB,TB,13,172,0,30,0,0.0,100.0,83.3,11.5,11.5,0,0,0.0,76.9,0,3,0.0,0,0,79.2,2,25,14.5,30,2,2,2,0,5,5,0.2,2.5,0,3,7.9,76.9,88.5,12.6,9.7,1,1,7.7,62.1,0,46,6.7,1,1,134.8,10,131,76.2,148,2,11,13,1,134,69,1.1,13.4
Willie Gay,57987,LB,NO,13,116,0,20,0,-0.3,66.7,65.9,11.5,7.7,0,0,0.0,42.9,0,8,0.0,0,0,70.1,2,29,25.0,44,2,2,3,0,1,4,0.0,0.5,0,2,1.4,71.4,90.1,7.0,5.0,0,1,7.1,45.8,0,21,22.2,2,1,93.5,10,73,62.9,81,3,5,14,0,107,107,1.5,10.7
Jeremiah Owusu-Koramoah,58089,LB,CLV,8,208,0,8,0,7.0,50.0,67.9,68.0,34.0,0,0,0.0,72.2,0,5,25.0,1,0,56.3,1,72,34.6,106,3,3,2,0,5,3,0.1,5.0,0,0,3.4,88.2,85.6,7.4,6.5,0,1,5.9,35.9,0,28,36.8,7,1,111.3,15,119,57.2,139,3,12,17,0,182,123,1.6,12.1
Pete Werner,58093,LB,NO,13,380,0,20,1,4.6,50.0,77.9,23.8,11.9,1,0,0.0,64.8,0,13,22.2,2,0,59.4,4,102,26.8,131,2,6,8,0,30,31,0.3,7.5,0,4,2.8,90.6,96.0,7.9,7.2,0,1,3.1,66.2,0,16,2.8,1,0,88.8,29,242,63.7,252,18,31,32,0,170,104,0.7,5.9
Baron Browning,58095,ED,ARZ,13,38,0,1,0,-3.0,0.0,9.0,,7.0,0,0,0.0,63.9,0,,100.0,1,0,39.6,0,7,18.4,78,0,0,1,0,0,0,0.0,,0,2,4.8,87.5,21.0,3.7,3.3,0,0,0.0,43.7,0,23,0.0,0,0,106.8,7,29,76.3,138,4,4,8,0,77,45,3.0,11.0
Kenneth Murray Jr.,58099,LB,TEN,14,398,0,31,1,2.8,87.5,76.0,10.1,8.9,0,0,0.0,63.9,0,26,14.3,1,0,133.3,7,76,19.1,100,5,5,8,3,52,30,0.7,7.4,0,4,4.8,86.7,83.4,8.7,7.6,0,0,0.0,47.7,0,30,5.6,2,0,127.2,26,242,60.8,290,8,30,30,2,276,154,1.2,10.6
Derrick Barnes,58120,LB,DET,3,49,0,11,0,,,44.1,,,0,0,,66.4,0,,,0,0,0.0,0,15,30.6,34,0,0,0,0,0,0,0.0,,0,0,3.0,50.0,71.8,27.0,13.5,0,0,0.0,63.3,0,1,50.0,2,0,56.3,1,28,57.1,39,1,2,2,0,1,4,0.0,1.0
Vi Jones,58233,LB,ARZ,4,34,0,1,0,,,66.7,,,0,0,,39.5,0,,,0,0,0.0,0,2,5.9,3,0,0,0,0,0,0,0.0,,0,1,-6.0,100.0,96.4,25.0,25.0,0,0,0.0,79.7,0,4,0.0,0,0,83.3,1,27,79.4,28,1,2,1,0,4,10,0.2,4.0
Devin Lloyd,58238,LB,JAX,16,461,0,15,2,3.2,72.7,86.2,9.4,6.8,0,0,0.0,51.4,0,54,15.4,2,0,114.8,16,163,35.4,189,6,9,22,1,195,191,1.3,12.2,0,5,5.2,82.6,98.8,11.9,9.9,0,1,4.3,71.8,0,71,3.4,1,1,137.7,19,242,52.5,245,8,23,23,2,232,117,1.0,12.2
Joe Tryon-Shoyinka,58272,ED,TB,16,95,0,30,0,,,8.8,,,0,1,,57.4,0,,100.0,1,0,0.0,0,5,5.3,57,1,0,0,0,0,0,0.0,,0,2,6.7,90.0,28.7,8.8,7.9,0,0,0.0,60.7,0,20,20.0,3,0,93.3,9,85,89.5,296,6,10,10,0,64,32,0.8,7.1
Michael Carter II,60644,CB,NYJ,13,190,0,22,0,15.8,58.3,98.3,7.3,4.3,0,0,0.0,29.4,0,24,0.0,0,0,86.8,7,57,30.0,58,0,5,12,0,104,15,2.0,14.9,0,1,3.8,70.6,91.5,7.5,5.3,0,1,5.9,64.3,0,11,20.0,2,1,78.6,12,97,51.1,106,4,7,17,0,72,63,0.8,6.0
James Pierre,60649,CB,PIT,10,121,0,25,0,11.6,70.0,100.0,7.0,4.9,0,1,10.0,29.8,0,20,0.0,0,1,139.6,7,51,42.1,51,0,6,10,2,95,29,1.9,13.6,0,0,10.8,50.0,100.0,30.5,15.3,0,1,25.0,78.0,1,8,0.0,0,1,16.7,2,65,53.7,65,1,4,4,0,12,6,0.2,6.0
Grant Delpit,60685,S,CLV,16,528,0,8,3,8.0,77.3,89.2,11.2,8.6,0,2,9.1,66.3,0,30,10.5,2,0,139.2,17,206,39.0,231,8,14,22,3,175,97,0.9,10.3,0,4,9.2,76.0,92.9,13.7,10.4,0,1,4.0,52.8,0,46,7.1,2,1,102.6,19,274,51.9,295,4,22,25,0,223,117,0.9,11.7
Malcolm Rodriguez,60731,LB,DET,9,170,0,11,0,10.8,50.0,65.4,30.5,15.3,0,1,25.0,59.1,0,17,25.0,1,1,74.0,2,68,40.0,104,2,3,4,0,29,20,0.5,14.5,0,3,1.6,92.3,85.4,6.1,5.6,0,1,7.7,69.5,0,18,7.7,1,0,92.0,12,82,48.2,96,5,9,13,0,79,64,1.1,6.6
Darren Hall,60742,S,IND,1,5,0,14,0,,,,,,0,0,,,0,,,0,0,0.0,0,0,0.0,0,0,0,0,0,0,0,,,0,0,,,100.0,,,0,0,,64.5,0,,,0,0,0.0,0,5,100.0,5,0,0,0,0,0,0,0.0,
Isaiah Pola-Mao,60781,S,LV,17,568,0,23,1,8.1,73.3,94.3,13.7,10.1,0,2,13.3,50.8,0,44,13.3,2,2,126.3,11,165,29.0,175,1,12,15,1,147,90,1.0,13.4,0,6,9.2,79.2,98.0,16.8,13.3,0,3,12.5,49.3,0,57,15.4,6,3,139.8,19,342,60.2,349,9,27,24,2,261,90,0.8,13.7
Keion White,60998,ED,NE,17,58,0,19,1,-4.0,100.0,6.2,14.0,14.0,0,0,0.0,55.4,0,7,25.0,1,0,95.8,1,14,24.1,225,4,2,1,0,7,11,0.5,7.0,0,4,5.3,100.0,17.9,5.6,5.6,0,0,0.0,65.8,0,24,12.5,2,0,112.5,7,39,67.2,218,8,10,7,0,77,40,2.0,11.0
Noah Igbinoghene,61155,CB,WAS,20,597,0,32,0,12.7,50.0,99.1,15.1,7.5,0,4,15.4,52.1,0,34,0.0,0,3,98.7,13,218,36.5,220,1,7,26,2,183,57,0.9,14.1,0,1,5.2,66.7,97.8,8.9,5.9,0,4,7.8,53.1,0,23,10.7,3,3,90.8,34,315,52.8,322,10,24,51,1,326,268,1.1,9.6
Daiyan Henley,61500,LB,LAC,18,611,0,27,0,-0.6,60.0,76.2,29.7,17.8,0,1,20.0,80.4,0,13,0.0,0,1,71.3,3,99,16.2,130,0,4,5,0,23,25,0.3,7.7,0,11,3.5,75.4,92.8,7.7,5.8,2,4,6.2,65.7,1,37,9.3,5,3,87.7,49,399,65.3,430,17,38,65,0,456,322,1.2,9.3
Tariq Woolen,61790,CB,SEA,15,547,0,29,0,11.6,54.8,100.0,9.0,4.9,0,7,22.6,57.0,1,39,12.5,2,6,99.3,17,164,30.0,164,0,14,31,4,189,51,1.2,11.1,0,2,13.4,44.4,98.7,24.0,10.7,0,4,14.8,74.0,2,36,18.2,2,2,27.4,12,303,55.4,307,2,7,27,0,124,41,0.4,10.3
Caleb Farley,61803,CB,CAR,6,94,0,5,0,7.0,100.0,88.2,7.5,7.5,0,0,0.0,59.8,0,16,0.0,0,0,116.7,2,15,16.0,17,1,1,2,0,24,10,1.6,12.0,0,0,7.1,71.4,98.4,11.6,8.3,0,0,0.0,64.0,0,16,0.0,0,0,89.6,5,61,64.9,62,2,6,7,0,47,21,0.8,9.4
Christian Elliss,61853,LB,NE,15,266,0,19,1,15.6,37.5,76.8,37.7,14.1,0,4,50.0,75.3,0,19,12.5,1,4,99.0,3,126,47.4,164,1,6,8,1,50,26,0.4,16.7,0,4,7.1,100.0,93.5,12.0,12.0,0,0,0.0,46.4,1,27,10.0,2,0,76.2,9,115,43.2,123,2,14,9,0,106,42,1.0,11.8
Joey Blount,62771,S,ARZ,2,8,0,1,0,,,,,,0,0,,,0,,,0,0,0.0,0,0,0.0,0,0,0,0,0,0,0,,,0,0,,,100.0,,,0,0,,61.9,0,,,0,0,0.0,0,7,87.5,7,0,0,0,0,0,0,0.0,
Charles Snowden,62775,ED,LV,16,76,0,23,0,,,17.4,,,0,0,,65.6,0,,,0,0,0.0,0,8,10.5,46,1,0,0,0,0,0,0.0,,0,2,3.3,90.0,37.9,5.3,4.8,0,0,0.0,53.0,0,27,14.3,2,0,95.4,9,50,65.8,132,4,10,10,0,69,38,1.4,7.7
Theo Jackson,62919,S,MIN,8,58,0,18,0,1.0,100.0,83.3,18.0,18.0,0,1,100.0,87.6,1,1,0.0,0,1,39.6,1,20,34.5,24,2,3,1,0,1,0,0.1,1.0,0,1,12.0,66.7,91.9,16.5,11.0,0,1,33.3,62.5,0,17,0.0,0,1,88.2,2,34,58.6,37,0,4,3,0,22,2,0.7,11.0
Matthew Butler,62931,DI,LV,6,2,0,23,1,,,6.7,,,0,0,,59.9,0,,0.0,0,0,0.0,0,1,50.0,15,0,0,0,0,0,0,0.0,,0,1,,,4.3,,,0,0,,60.4,0,,0.0,0,0,0.0,0,1,50.0,23,0,1,0,0,0,0,0.0,
Jack Cochrane,63345,LB,KC,3,4,0,16,0,,,50.0,,,0,0,,60.0,0,,,0,0,0.0,0,1,25.0,2,0,0,0,0,0,0,0.0,,0,0,,,75.0,,,0,0,,61.9,0,,,0,0,0.0,0,3,75.0,4,0,0,0,0,0,0,0.0,
Winston Reid,63354,LB,CLV,9,47,0,8,0,14.0,100.0,88.5,21.0,21.0,0,0,0.0,53.1,0,19,75.0,3,0,118.8,1,23,48.9,26,0,1,1,0,19,5,0.9,19.0,0,1,7.3,66.7,84.0,10.5,7.0,0,1,33.3,68.9,0,19,25.0,1,1,88.2,2,21,44.7,25,0,2,3,0,22,7,1.0,11.0
Akayleb Evans,65033,CB,CAR,3,21,0,5,0,,,100.0,,,0,0,,60.0,0,,,0,0,0.0,0,1,4.8,1,0,0,0,0,0,0,0.0,,0,0,9.8,60.0,100.0,5.3,3.2,0,1,20.0,59.7,0,24,66.7,2,1,82.1,3,17,81.0,17,1,1,5,0,36,18,2.3,12.0
Samuel Womack III,65771,CB,IND,16,440,0,14,0,15.1,53.3,100.0,9.1,4.9,0,4,26.7,69.5,0,20,0.0,0,4,108.6,8,78,17.7,78,2,4,15,3,81,4,1.1,10.1,0,0,14.2,69.6,100.0,18.1,12.6,0,3,13.0,67.8,2,49,11.1,2,2,90.4,16,303,68.9,303,5,16,23,1,289,49,1.0,18.1
Zyon McCollum,66769,CB,TB,18,757,0,30,2,12.7,58.3,100.0,7.8,4.5,0,5,20.8,48.8,1,45,15.4,2,5,87.5,14,123,16.2,123,2,9,24,1,232,87,2.1,16.6,0,4,12.1,56.9,99.7,15.0,8.5,2,9,13.8,72.4,1,52,14.8,8,8,83.0,37,578,76.4,580,11,42,65,2,462,199,0.8,12.5
Tristin McCollum,66771,S,PHI,11,167,0,24,1,6.0,100.0,100.0,11.7,11.7,0,0,0.0,51.0,0,14,14.3,1,0,115.3,3,36,21.6,36,1,5,3,0,35,17,1.0,11.7,0,1,12.8,62.5,100.0,14.6,9.1,2,2,25.0,54.6,0,50,22.2,2,2,141.1,5,74,44.3,74,0,6,8,1,91,30,1.2,18.2
Josh Hayes,66798,CB,TB,6,184,0,30,2,13.7,66.7,100.0,7.3,4.8,0,0,0.0,38.3,0,21,0.0,0,0,131.9,4,33,17.9,33,0,5,6,1,50,17,1.7,12.5,0,4,12.1,69.6,99.3,8.3,5.7,0,2,8.7,62.8,0,35,10.5,2,2,127.0,16,136,73.9,137,3,13,23,3,151,30,1.1,9.4
Zach Sieler,66917,DI,MIA,15,10,0,17,2,,,2.6,,,0,0,,65.5,0,,50.0,2,0,0.0,0,3,30.0,115,3,0,0,0,0,0,0.0,,0,2,9.0,0.0,1.7,,5.0,0,0,0.0,66.0,1,,42.9,3,0,0.0,0,5,50.0,292,6,2,1,0,0,0,0.0,
Dennis Gardeck,66928,ED,ARZ,7,29,0,1,0,,,3.0,,,0,0,,60.0,0,,,0,0,0.0,0,1,3.4,33,1,0,0,0,0,0,0.0,,0,0,4.3,75.0,35.9,9.0,6.8,0,0,0.0,79.1,1,9,0.0,0,0,43.8,3,28,96.6,78,5,7,4,0,18,9,0.7,6.0
Jonathan Owens,66930,S,CHI,10,230,0,6,2,-4.0,100.0,96.0,23.0,23.0,1,0,0.0,65.5,0,8,0.0,0,0,139.6,1,24,10.4,25,0,0,1,1,8,12,0.3,8.0,0,3,12.2,81.8,100.0,20.1,16.5,0,1,9.1,56.5,1,82,16.7,3,1,120.5,9,191,83.0,191,2,12,11,3,192,102,1.1,21.3
Tavierre Thomas,66931,S,TB,5,32,0,30,0,12.0,100.0,100.0,2.5,2.5,0,0,0.0,38.8,0,19,50.0,1,0,118.8,2,5,15.6,5,0,1,2,0,35,11,7.0,17.5,0,3,5.0,100.0,83.3,8.3,8.3,0,0,0.0,56.3,0,14,0.0,0,0,111.1,3,25,78.1,30,0,3,3,0,32,17,1.3,10.7
Trent McDuffie,72191,CB,KC,19,750,0,16,1,12.6,52.1,97.8,8.5,4.4,0,8,16.7,55.8,1,32,0.0,0,5,93.6,25,226,30.1,231,2,16,48,5,254,41,1.2,10.2,0,3,10.1,71.8,96.9,13.4,9.6,0,5,12.8,82.4,1,41,8.8,3,2,86.5,28,402,53.6,415,8,28,39,0,330,93,0.9,11.8
Evan Williams,73864,S,GB,13,340,0,12,0,5.8,50.0,97.5,17.8,8.9,0,1,12.5,75.6,0,24,0.0,0,1,108.3,4,78,22.9,80,1,3,8,1,48,40,0.7,12.0,0,4,12.3,58.3,100.0,30.0,17.5,0,1,8.3,72.6,0,30,4.5,1,1,73.6,7,221,65.0,221,3,17,12,0,66,35,0.3,9.4
Jonah Laulu,75763,DI,LV,14,5,0,23,0,6.0,0.0,2.9,,2.0,0,1,100.0,61.9,0,,100.0,1,1,39.6,0,2,40.0,69,0,0,1,0,0,0,0.0,,0,1,,,1.2,,,0,0,,60.1,0,,0.0,0,0,0.0,0,2,40.0,162,2,2,0,0,0,0,0.0,
Chad Muma,75818,LB,JAX,10,130,0,15,1,4.7,100.0,64.9,6.7,6.7,0,0,0.0,49.2,0,16,0.0,0,0,135.4,3,24,18.5,37,1,1,3,2,21,7,1.1,7.0,0,3,0.1,100.0,100.0,8.2,8.2,0,0,0.0,61.5,0,19,0.0,0,0,104.2,9,81,62.3,81,1,6,9,0,81,80,1.1,9.0
Asante Samuel Jr.,76625,CB,LAC,4,142,0,27,0,8.0,50.0,100.0,6.7,3.3,0,1,16.7,65.6,0,15,0.0,0,1,66.7,3,23,16.2,23,0,4,6,0,33,15,1.7,11.0,0,1,6.3,66.7,100.0,15.3,10.2,0,0,0.0,56.8,0,20,28.6,2,0,80.8,6,96,67.6,96,1,4,9,0,50,37,0.5,8.3
Isaiah Bolden,76626,CB,NE,7,84,0,19,0,16.5,50.0,100.0,13.0,6.5,0,0,0.0,73.3,0,15,25.0,1,0,61.8,3,42,50.0,42,2,3,6,0,26,20,0.7,8.7,0,0,-0.4,100.0,100.0,6.4,6.4,0,0,0.0,68.6,0,14,50.0,1,0,98.3,5,33,39.3,33,1,1,5,0,38,40,1.2,7.6
Andre Cisco,76641,S,JAX,16,591,0,15,2,3.1,71.4,96.1,35.4,25.3,0,1,14.3,55.2,0,9,20.0,3,1,119.6,5,195,33.0,203,1,10,7,1,31,19,0.2,6.2,0,6,15.3,57.9,100.0,27.5,15.9,2,4,21.1,66.8,1,67,16.7,4,4,74.0,11,327,55.3,327,1,14,19,0,208,105,0.7,18.9
Juanyeh Thomas,76655,S,DAL,11,45,0,9,0,9.7,33.3,95.5,21.0,7.0,0,1,33.3,70.0,0,4,,0,1,81.9,1,21,46.7,22,0,0,3,1,4,0,0.2,4.0,0,0,6.0,100.0,95.2,19.0,19.0,0,0,0.0,53.9,0,7,0.0,0,0,95.8,1,20,44.4,21,0,5,1,0,7,1,0.4,7.0
Chamarri Conner,76662,CB,KC,18,476,0,16,1,7.3,77.8,89.4,9.7,7.6,0,1,5.6,52.0,1,37,18.8,3,1,81.7,14,143,30.0,160,4,12,18,0,165,86,1.2,11.8,0,1,4.4,88.6,92.2,6.2,5.5,1,1,2.3,65.5,1,33,17.1,7,1,105.0,39,260,54.6,282,13,33,44,2,345,239,1.4,8.8
DJ Ivey,76670,CB,CIN,11,53,0,7,0,13.6,20.0,97.4,32.0,6.4,0,1,20.0,51.5,0,8,0.0,0,1,39.6,1,38,71.7,39,1,1,5,0,8,2,0.3,8.0,0,0,,,100.0,,,0,0,,55.3,0,,0.0,0,0,0.0,0,11,20.8,11,0,1,0,0,0,0,0.0,
DeMarvion Overshown,76729,LB,DAL,13,347,0,9,0,0.0,100.0,61.6,12.6,12.6,0,0,0.0,55.1,1,20,25.0,1,0,107.5,5,69,19.9,112,1,3,5,1,49,49,0.8,9.8,0,8,2.0,91.9,88.3,6.3,5.8,0,2,5.4,51.9,0,37,23.3,10,2,102.4,34,234,67.4,265,14,25,37,0,317,248,1.5,9.3
Anthony Johnson Jr.,76736,S,NYG,2,10,0,21,0,,,50.0,,,0,0,,60.5,0,,,0,0,0.0,0,2,20.0,4,0,0,0,0,0,0,0.0,,0,1,5.0,0.0,100.0,,6.0,0,0,0.0,64.6,0,,0.0,0,0,39.6,0,6,60.0,6,0,0,1,0,0,0,0.0,
Xavier Thomas,76807,ED,ARZ,14,27,0,1,1,-2.0,100.0,10.9,5.0,5.0,0,0,0.0,65.6,0,-1,0.0,0,0,79.2,1,5,18.5,46,1,0,1,0,-1,1,-0.2,-1.0,0,0,5.7,100.0,23.3,7.0,7.0,0,0,0.0,27.7,0,16,66.7,2,0,109.7,3,21,77.8,90,1,1,3,0,31,14,1.5,10.3
KJ Henry,76808,ED,DAL,4,1,0,9,0,,,10.0,,,0,0,,60.0,0,,,0,0,0.0,0,1,100.0,10,1,0,0,0,0,0,0.0,,0,0,,,0.0,,,0,0,,,0,,,0,0,0.0,0,0,0.0,16,0,0,0,0,0,0,,
Tyler Lacy,76836,DI,JAX,13,2,0,15,0,,,0.0,,,0,0,,,0,,,0,0,0.0,0,0,0.0,63,0,0,0,0,0,0,,,0,1,,,2.1,,,0,0,,59.5,0,,25.0,1,0,0.0,0,2,100.0,95,0,2,0,0,0,0,0.0,
Ochaun Mathis,76838,ED,PHI,2,1,0,24,0,,,0.0,,,0,0,,,0,,,0,0,0.0,0,0,0.0,3,0,0,0,0,0,0,,,0,0,,,20.0,,,0,0,,60.0,0,,,0,0,0.0,0,1,100.0,5,0,0,0,0,0,0,0.0,
Will McDonald IV,76842,ED,NYJ,17,18,0,22,0,,,2.6,,,0,0,,62.4,0,,,0,0,0.0,0,4,22.2,154,3,0,0,0,0,0,0.0,,0,0,,,5.0,,,0,0,,58.4,0,,80.0,4,0,0.0,0,13,72.2,262,8,1,0,0,0,0,0.0,
Jalen Redmond,76861,DI,MIN,13,1,0,18,0,,,3.1,,,0,0,,59.7,0,,,0,0,0.0,0,1,100.0,32,1,0,0,0,0,0,0.0,,0,0,,,0.0,,,0,0,,63.8,0,,0.0,0,0,0.0,0,0,0.0,74,3,4,0,0,0,0,,
Greg Rousseau,76889,ED,BUF,19,24,0,4,0,,,3.6,,,0,0,,78.1,0,,0.0,0,0,0.0,0,5,20.8,139,5,1,0,0,0,0,0.0,,0,1,6.3,75.0,5.0,5.3,4.0,0,0,0.0,71.4,0,14,45.5,5,0,96.9,3,16,66.7,320,8,5,4,0,31,10,1.9,10.3
Travis Jones,76914,DI,BLT,18,5,0,3,0,,,3.1,,,0,0,,60.1,0,,50.0,1,0,0.0,0,5,100.0,162,0,1,0,0,0,0,0.0,,0,0,,,0.0,,,0,0,,,0,,100.0,1,0,0.0,0,0,0.0,226,1,0,0,0,0,0,,
Logan Hall,76919,DI,TB,17,5,0,30,0,,,1.5,,,0,0,,60.0,0,,,0,0,0.0,0,1,20.0,66,0,0,0,0,0,0,0.0,,0,1,,,1.1,,,0,0,,59.5,0,,33.3,1,0,0.0,0,3,60.0,266,5,1,0,0,0,0,0.0,
Karl Brooks,76941,DI,GB,18,6,0,12,0,,,1.7,,,0,0,,98.4,0,,0.0,0,0,0.0,0,1,16.7,59,3,1,0,0,0,0,0.0,,0,1,,,1.9,,,0,0,,62.8,0,,33.3,2,0,0.0,0,4,66.7,211,5,3,0,0,0,0,0.0,
Braden Fiske,76958,DI,LA,19,4,0,26,0,,,0.0,,,0,1,,66.8,0,,33.3,1,0,0.0,0,0,0.0,116,6,2,0,0,0,0,,,0,2,8.0,100.0,1.5,4.0,4.0,0,0,0.0,65.0,0,11,37.5,3,0,112.5,1,4,100.0,271,7,3,1,0,11,3,2.8,11.0
Alim McNeill,76996,DI,DET,14,6,0,11,0,,,0.9,,,0,0,,60.1,0,,50.0,1,0,0.0,0,2,33.3,214,3,1,0,0,0,0,0.0,,0,0,,,0.0,,,0,0,,62.8,0,,0.0,0,0,0.0,0,0,0.0,186,2,1,0,0,0,0,,
Amari Gainer,77091,ED,LV,2,1,0,23,0,,,0.0,,,0,0,,,0,,,0,0,0.0,0,0,0.0,4,0,0,0,0,0,0,,,0,0,,,50.0,,,0,0,,60.0,0,,,0,0,0.0,0,1,100.0,2,0,0,0,0,0,0,0.0,
Yasir Abdullah,77100,LB,JAX,12,25,0,15,0,,,0.0,,,0,0,,,0,,,0,0,0.0,0,0,0.0,28,0,0,0,0,0,0,,,0,0,0.0,100.0,28.2,20.0,20.0,0,0,0.0,49.0,0,8,20.0,1,0,100.0,1,22,88.0,78,3,4,1,0,8,8,0.4,8.0
Shaka Heyward,77120,LB,CIN,1,2,0,7,0,,,,,,0,0,,,0,,,0,0,0.0,0,0,0.0,0,0,0,0,0,0,0,,,0,0,-6.0,0.0,100.0,,2.0,0,0,0.0,69.1,0,,,0,0,39.6,0,2,100.0,2,0,0,1,0,0,0,0.0,
Payton Wilson,77127,LB,PIT,18,324,0,25,1,-0.3,87.5,79.3,12.1,10.6,0,0,0.0,91.8,1,7,0.0,0,0,39.6,7,96,29.6,121,3,6,8,0,15,36,0.2,2.1,0,7,3.6,81.5,93.5,8.2,6.7,0,0,0.0,58.7,0,21,16.1,5,0,92.4,22,188,58.0,201,7,19,27,0,167,140,0.9,7.6
Zaven Collins,77190,ED,ARZ,17,91,0,1,0,,,4.9,,,0,0,,77.9,0,,0.0,0,0,0.0,0,5,5.5,102,3,1,0,0,0,0,0.0,,0,1,1.7,90.9,32.0,6.8,6.2,0,0,0.0,61.6,0,29,10.0,1,0,105.7,10,74,81.3,231,4,8,11,0,103,86,1.5,10.3
Brian Asamoah II,77195,LB,MIN,3,14,0,18,0,,,9.1,,,0,0,,60.0,0,,,0,0,0.0,0,1,7.1,11,0,0,0,0,0,0,0.0,,0,0,5.5,100.0,80.0,3.0,3.0,0,0,0.0,27.5,0,14,0.0,0,0,116.7,4,12,85.7,15,0,2,4,0,48,26,4.0,12.0
Nik Bonitto,77196,ED,DEN,18,69,0,10,2,,,4.8,,,0,0,,53.0,0,,0.0,0,0,0.0,0,8,11.6,167,3,1,0,0,0,0,0.0,,0,0,3.3,50.0,19.9,16.3,8.2,0,1,16.7,86.2,1,14,50.0,3,1,25.0,3,51,73.9,256,11,3,6,0,30,13,0.6,10.0
Joseph Ossai,77205,ED,CIN,17,33,0,7,1,-4.5,100.0,4.4,2.5,2.5,0,0,0.0,37.7,0,12,0.0,0,0,97.9,2,5,15.2,114,0,1,2,0,15,24,3.0,7.5,0,2,-6.0,100.0,13.1,26.0,26.0,0,0,0.0,70.0,0,9,10.0,1,0,104.2,1,26,78.8,199,4,7,1,0,9,15,0.3,9.0
Dyontae Johnson,77568,LB,NYG,1,18,0,21,0,8.5,50.0,75.0,6.0,3.0,0,0,0.0,33.9,0,13,0.0,0,0,70.8,1,6,33.3,8,0,2,2,0,13,8,2.2,13.0,0,1,5.3,100.0,90.9,1.7,1.7,0,0,0.0,55.7,0,19,0.0,0,0,106.3,6,10,55.6,11,2,4,6,0,57,25,5.7,9.5
Jarrick Bernard-Converse,77841,CB,NYJ,2,5,0,22,0,,,100.0,,,0,0,,62.8,0,,,0,0,0.0,0,2,40.0,2,0,0,0,0,0,0,0.0,,0,0,,,100.0,,,0,0,,60.0,0,,,0,0,0.0,0,1,20.0,1,0,0,0,0,0,0,0.0,
Tre'von Moehrig,77847,S,LV,17,608,0,23,4,5.9,76.5,81.9,11.8,9.1,0,0,0.0,63.3,0,14,6.3,1,0,130.4,13,167,27.5,204,1,11,17,3,102,46,0.7,7.8,0,4,5.8,67.9,94.6,18.1,12.3,0,2,7.1,54.9,2,35,7.7,2,2,70.5,19,368,60.5,389,6,20,28,1,200,117,0.6,10.5
Ar'Darius Washington,77848,S,BLT,19,559,0,3,1,10.0,55.6,96.2,17.8,9.9,1,5,27.8,85.2,0,16,7.1,1,5,100.5,10,202,36.1,210,2,12,18,2,65,11,0.4,6.5,0,6,10.0,74.1,97.2,13.3,9.8,3,3,11.1,69.7,2,67,13.3,4,3,87.0,20,280,50.1,288,7,20,27,1,270,95,1.0,13.5
Shemar Bartholomew,78995,CB,CAR,1,15,0,5,0,18.5,50.0,100.0,3.0,1.5,0,1,50.0,59.8,0,8,0.0,0,0,60.4,1,3,20.0,3,1,1,2,0,8,0,2.7,8.0,0,0,12.5,50.0,100.0,9.0,4.5,0,0,0.0,38.0,0,20,,0,0,125.0,1,9,60.0,9,0,0,2,1,20,0,2.2,20.0
Cobie Durant,79126,CB,LA,16,490,0,26,0,17.4,30.8,100.0,24.0,7.4,0,4,30.8,63.5,1,29,50.0,2,2,40.2,4,104,21.2,104,0,2,13,1,59,19,0.6,14.8,0,3,10.9,61.1,98.1,13.2,8.1,0,2,5.6,59.0,1,36,17.4,4,2,80.0,22,303,61.8,309,5,16,36,1,253,71,0.9,11.5
Christian Benford,79181,CB,BUF,18,653,0,4,1,11.1,31.3,100.0,27.8,8.7,0,6,37.5,76.1,0,16,0.0,0,3,40.6,5,155,23.7,155,0,3,16,0,38,19,0.3,7.6,0,4,11.5,69.7,99.0,15.9,11.1,0,3,9.1,78.1,2,39,2.9,1,3,71.3,23,378,57.9,382,6,29,33,0,288,123,0.8,12.5
Nick Hampton,81162,ED,LA,3,1,0,26,0,,,,,,0,0,,,0,,,0,0,0.0,0,0,0.0,0,0,0,0,0,0,0,,,0,0,,,33.3,,,0,0,,60.0,0,,,0,0,0.0,0,1,100.0,3,0,0,0,0,0,0,0.0,
Cam Jones,81244,LB,KC,2,37,0,16,0,,,85.7,,,0,0,,56.1,0,,50.0,1,0,0.0,0,6,16.2,7,1,1,0,0,0,0,0.0,,0,1,1.0,100.0,100.0,11.5,11.5,0,0,0.0,69.7,0,25,20.0,1,0,118.8,2,25,67.6,25,0,3,2,0,30,28,1.3,15.0
Micah McFadden,81246,LB,NYG,14,297,0,21,0,-0.2,83.3,83.1,14.0,11.7,0,0,0.0,66.3,0,10,37.5,3,0,79.2,5,74,24.9,89,5,5,6,0,11,23,0.2,2.2,0,4,6.4,86.7,90.3,7.2,6.2,0,1,3.3,44.8,0,31,12.1,4,1,117.1,26,195,65.7,216,7,25,30,1,283,132,1.5,10.9
Damone Clark,81282,LB,DAL,7,61,0,9,0,,,88.2,,,0,0,,66.6,0,,0.0,0,0,0.0,0,15,24.6,17,0,1,0,0,0,0,0.0,,0,1,9.2,20.0,97.6,39.0,7.8,0,0,0.0,58.3,0,6,0.0,0,0,39.6,1,40,65.6,41,3,5,5,0,6,1,0.2,6.0
Nathaniel Watson,81317,LB,CLV,4,17,0,8,0,7.0,50.0,80.0,7.0,3.5,0,1,50.0,66.5,0,14,100.0,1,1,72.9,1,8,47.1,10,0,0,2,0,14,13,2.0,14.0,0,0,,,100.0,,,0,0,,64.5,0,,,0,0,0.0,0,8,47.1,8,0,0,0,0,0,0,0.0,
Nick Bolton,81322,LB,KC,19,600,0,16,1,3.4,75.0,70.2,23.8,17.9,0,1,12.5,64.3,0,20,25.0,3,1,84.9,6,151,25.2,215,4,8,8,0,39,28,0.3,6.5,0,5,3.9,82.2,87.2,8.7,7.1,1,3,6.7,66.5,0,24,15.2,7,3,94.5,37,340,56.7,390,13,34,45,0,301,179,0.9,8.1
Dylan Horton,81335,ED,HST,14,3,0,13,0,,,0.0,,,0,0,,60.0,0,,0.0,0,0,0.0,0,0,0.0,21,0,1,0,0,0,0,,,0,0,,,3.6,,,0,0,,60.4,0,,,0,0,0.0,0,3,100.0,83,0,0,0,0,0,0,0.0,
Micah Parsons,81360,ED,DAL,13,24,0,9,0,-6.5,100.0,5.6,3.5,3.5,0,0,0.0,65.9,0,17,50.0,2,0,114.6,2,7,29.2,125,5,2,2,0,23,36,3.3,11.5,0,1,4.0,100.0,5.4,14.0,14.0,0,0,0.0,77.6,0,5,33.3,2,0,87.5,1,15,62.5,277,9,3,1,0,5,1,0.4,5.0
Jesse Luketa,81361,ED,ARZ,10,36,0,1,0,,,0.0,,,0,0,,,0,,,0,0,0.0,0,0,0.0,18,0,0,0,0,0,0,,,0,0,-1.8,75.0,37.5,8.3,6.3,0,0,0.0,58.8,0,18,50.0,1,0,92.7,3,30,83.3,80,4,1,4,0,27,36,1.1,9.0
Ernest Jones,81399,LB,SEA,16,522,0,29,1,-1.8,66.7,65.7,27.8,18.5,0,0,0.0,78.7,0,11,0.0,0,0,72.2,4,119,22.8,181,3,5,6,0,21,32,0.2,5.3,0,5,5.9,85.7,91.8,9.8,8.4,1,2,5.7,44.9,1,37,8.3,3,1,94.3,30,312,59.8,340,10,28,35,0,332,188,1.1,11.1
Edefuan Ulofoshio,81459,LB,BUF,2,32,0,4,1,15.0,50.0,81.8,4.0,2.0,0,0,0.0,53.5,0,12,20.0,1,0,60.4,2,9,28.1,11,2,3,4,0,16,10,2.0,8.0,0,0,2.7,66.7,95.5,9.5,6.3,0,1,33.3,76.9,0,4,0.0,0,1,70.1,2,21,65.6,22,0,1,3,0,7,2,0.4,3.5
Brenton Cox Jr.,81957,ED,GB,8,2,0,12,0,,,0.0,,,0,0,,,0,,,0,0,0.0,0,0,0.0,14,0,0,0,0,0,0,,,0,0,,,2.5,,,0,0,,60.6,0,,,0,0,0.0,0,2,100.0,80,3,0,0,0,0,0,0.0,
Azeez Ojulari,81959,ED,NYG,11,6,0,21,0,,,1.5,,,0,0,,60.0,0,,100.0,1,0,0.0,0,1,16.7,66,4,0,0,0,0,0,0.0,,0,0,4.5,100.0,4.5,2.5,2.5,0,0,0.0,50.8,0,11,66.7,4,0,95.8,2,5,83.3,111,2,2,2,0,14,5,2.8,7.0
Odafe Oweh,82161,ED,BLT,19,35,0,3,0,0.0,100.0,4.1,8.0,8.0,0,0,0.0,66.0,0,18,33.3,1,0,118.8,1,8,22.9,197,6,2,1,0,18,18,2.3,18.0,0,0,8.3,100.0,10.9,8.7,8.7,0,0,0.0,68.6,0,19,12.5,1,0,118.1,3,27,77.1,248,10,7,3,0,37,12,1.4,12.3
Devonte Wyatt,82268,DI,GB,15,7,0,12,0,,,0.0,,,0,0,,60.0,0,,50.0,1,0,0.0,0,0,0.0,45,0,1,0,0,0,0,,,0,2,2.0,0.0,4.0,,7.0,0,1,100.0,70.6,0,,0.0,0,0,39.6,0,7,100.0,176,4,0,1,0,0,0,0.0,
Aidan Hutchinson,82330,ED,DET,5,5,0,11,0,,,0.0,,,0,0,,,0,,100.0,1,0,0.0,0,0,0.0,82,6,0,0,0,0,0,,,0,0,11.0,50.0,4.0,4.0,2.0,0,0,0.0,48.4,0,11,100.0,1,0,66.7,1,4,80.0,100,2,0,2,0,11,9,2.8,11.0
Eku Leota,82363,ED,PIT,3,6,0,25,0,,,0.0,,,0,0,,,0,,,0,0,0.0,0,0,0.0,3,0,0,0,0,0,0,,,0,0,,,16.7,,,0,0,,66.0,0,,0.0,0,0,0.0,0,4,66.7,24,3,2,0,0,0,0,0.0,
Cameron Thomas,82387,ED,CLV,7,1,0,8,0,,,0.0,,,0,0,,,0,,,0,0,0.0,0,0,0.0,17,0,0,0,0,0,0,,,0,0,,,7.7,,,0,0,,60.0,0,,,0,0,0.0,0,1,100.0,13,1,0,0,0,0,0,0.0,
Kingsley Enagbare,82409,ED,GB,18,30,0,12,0,2.0,100.0,2.9,2.0,2.0,0,0,0.0,37.2,0,6,100.0,1,0,91.7,1,2,6.7,69,1,0,1,0,6,4,3.0,6.0,0,0,3.5,100.0,12.4,6.8,6.8,0,0,0.0,64.1,0,9,25.0,2,0,91.7,4,27,90.0,217,9,6,4,0,24,10,0.9,6.0
Tyree Wilson,82432,ED,LV,16,11,0,23,0,,,5.2,,,0,0,,60.4,0,,100.0,2,0,0.0,0,6,54.5,116,1,0,0,0,0,0,0.0,,0,1,,,2.5,,,0,0,,69.6,0,,0.0,0,0,0.0,0,5,45.5,202,3,2,0,0,0,0,0.0,
Otito Ogbonnia,82450,DI,LAC,18,1,0,27,0,,,0.0,,,0,0,,,0,,,0,0,0.0,0,0,0.0,36,0,0,0,0,0,0,,,0,0,,,0.6,,,0,0,,59.9,0,,100.0,2,0,0.0,0,1,100.0,177,0,0,0,0,0,0,0.0,
Brennan Jackson,82474,ED,LA,5,4,0,26,0,,,0.0,,,0,0,,,0,,,0,0,0.0,0,0,0.0,5,0,0,0,0,0,0,,,0,0,10.0,100.0,17.6,3.0,3.0,0,0,0.0,32.1,0,32,,0,0,118.8,1,3,75.0,17,0,0,1,0,32,22,10.7,32.0
Tommy Togiai,82501,DI,HST,10,1,0,13,0,,,0.0,,,0,0,,60.0,0,,0.0,0,0,0.0,0,0,0.0,32,2,2,0,0,0,0,,,0,0,,,1.0,,,0,0,,59.1,0,,33.3,1,0,0.0,0,1,100.0,99,4,2,0,0,0,0,0.0,
Quay Walker,82547,LB,GB,14,425,0,12,0,0.0,66.7,64.0,33.0,22.0,0,0,0.0,76.9,0,5,0.0,0,0,70.1,2,71,16.7,111,2,6,3,0,5,5,0.1,2.5,0,9,6.6,78.4,91.1,9.3,7.3,1,1,2.7,42.6,0,24,7.9,3,1,97.6,29,285,67.1,313,7,26,37,0,275,135,1.0,9.5
Jack Sanborn,82566,LB,CHI,16,61,0,6,0,,,50.0,,,0,0,,65.2,0,,,0,0,0.0,0,5,8.2,10,0,0,0,0,0,0,0.0,,0,1,5.7,80.0,75.7,6.3,5.0,0,2,20.0,41.6,0,27,20.0,2,2,115.4,8,53,86.9,70,3,7,10,0,117,59,2.3,14.6
Chigozie Anusiem,83031,CB,CLV,1,5,0,8,0,,,100.0,,,0,0,,63.6,0,,,0,0,0.0,0,3,60.0,3,0,0,0,0,0,0,0.0,,0,0,,,100.0,,,0,0,,60.0,0,,,0,0,0.0,0,1,20.0,1,0,0,0,0,0,0,0.0,
Kendall Williamson,83090,S,LAC,2,17,0,27,0,,,100.0,,,0,0,,44.8,0,,0.0,0,0,0.0,0,4,23.5,4,0,1,0,0,0,0,0.0,,0,0,-2.0,100.0,100.0,12.0,12.0,0,0,0.0,50.0,0,12,,0,0,116.7,1,13,76.5,13,0,0,1,0,12,14,1.0,12.0
Ethan Bonner,83091,CB,MIA,1,11,0,17,0,23.0,0.0,100.0,,3.0,0,0,0.0,63.4,0,,,0,0,39.6,0,3,27.3,3,0,0,1,0,0,0,0.0,,0,0,4.0,100.0,100.0,8.0,8.0,0,0,0.0,55.5,0,4,0.0,0,0,83.3,1,8,72.7,8,0,1,1,0,4,0,0.5,4.0
Starling Thomas V,83098,CB,ARZ,17,492,0,1,0,12.4,53.3,100.0,13.3,7.1,0,2,13.3,54.2,0,37,0.0,0,1,79.9,8,111,22.6,111,0,3,15,0,120,36,1.1,15.0,0,6,11.7,65.5,99.7,15.8,10.3,0,2,6.9,67.1,0,53,9.4,3,2,93.6,19,316,64.2,317,5,23,29,0,257,117,0.9,13.5
Pat Surtain II,83119,CB,DEN,17,682,0,10,0,9.5,70.8,99.6,12.6,8.9,0,2,8.3,62.2,0,55,0.0,0,1,125.5,17,232,34.0,233,3,15,24,2,211,60,1.0,12.4,0,0,5.9,78.3,99.7,18.6,14.5,0,2,8.7,89.9,4,23,0.0,0,1,53.2,18,354,51.9,355,6,19,23,0,144,52,0.4,8.0
Jalyn Armour-Davis,83120,CB,BLT,4,63,0,3,1,9.4,60.0,100.0,8.3,5.0,0,2,40.0,62.8,0,12,33.3,1,0,76.3,3,29,46.0,29,1,1,5,0,29,11,1.2,9.7,0,0,9.3,100.0,100.0,8.5,8.5,0,0,0.0,53.2,0,22,0.0,0,0,158.3,4,34,54.0,34,0,4,4,1,52,15,1.5,13.0
Josh Jobe,83122,CB,SEA,10,313,0,29,1,10.0,57.1,100.0,10.4,5.9,0,1,7.1,48.3,1,35,12.5,1,1,55.7,8,92,29.4,92,1,6,14,0,120,39,1.4,15.0,0,3,9.6,59.1,100.0,12.3,7.3,0,3,13.6,65.7,0,25,0.0,0,3,77.7,13,168,53.7,168,6,17,22,0,139,46,0.9,10.7
Jamien Sherwood,83175,LB,NYJ,17,558,0,22,2,2.6,71.4,82.0,26.0,18.6,0,0,0.0,86.4,0,8,18.2,2,0,79.5,5,150,26.9,183,5,7,7,0,30,36,0.2,6.0,0,7,6.2,79.5,98.1,8.3,6.6,0,2,4.5,44.8,0,30,8.7,4,1,101.4,35,316,56.6,322,13,35,44,0,367,166,1.3,10.5
Roger McCreary,83176,CB,TEN,15,388,0,31,0,11.2,58.8,86.5,8.3,4.9,0,1,5.9,53.3,0,30,0.0,0,0,97.7,10,90,23.2,104,1,7,17,1,110,36,1.3,11.0,0,0,0.7,87.8,94.5,6.3,5.5,0,0,0.0,58.1,0,31,17.9,5,0,90.9,36,239,61.6,253,10,23,41,0,238,236,1.0,6.6
Tyson Campbell,83217,CB,JAX,12,447,0,15,0,13.5,53.8,98.8,10.4,5.6,0,5,19.2,52.2,0,43,0.0,0,4,106.3,14,161,36.0,163,0,13,26,1,290,79,2.0,20.7,0,4,5.5,86.4,100.0,11.8,10.2,0,1,4.5,71.0,0,17,7.7,2,1,99.4,19,236,52.8,236,4,20,22,0,173,89,0.8,9.1
Divaad Wilson,83218,CB,NYG,1,14,0,21,0,4.5,100.0,100.0,2.0,2.0,0,0,0.0,34.4,0,13,0.0,0,0,112.5,2,4,28.6,4,0,2,2,0,22,13,5.5,11.0,0,0,10.0,50.0,100.0,9.0,4.5,0,1,50.0,69.5,0,12,,0,1,68.8,1,9,64.3,9,0,0,2,0,12,0,1.3,12.0
Otis Reese IV,83219,LB,TEN,3,32,0,31,0,-1.0,0.0,80.0,,4.0,0,0,0.0,76.4,1,,,0,0,0.0,0,8,25.0,10,0,0,2,0,0,0,0.0,,0,0,4.0,100.0,69.0,9.5,9.5,0,0,0.0,53.5,0,15,0.0,0,0,118.8,2,20,62.5,29,0,2,2,0,30,22,1.6,15.0
Chris Smith II,83220,S,LV,1,3,0,23,0,,,100.0,,,0,0,,60.0,0,,,0,0,0.0,0,1,33.3,1,0,0,0,0,0,0,0.0,,0,0,-3.0,100.0,100.0,2.0,2.0,0,0,0.0,63.8,0,7,50.0,1,0,95.8,1,2,66.7,2,0,1,1,0,7,10,3.5,7.0
Quan Martin,83236,S,WAS,19,650,0,32,0,14.8,50.0,97.2,96.0,48.0,0,0,0.0,65.3,1,32,23.1,3,0,91.7,2,211,32.5,217,2,10,4,1,46,10,0.2,23.0,0,5,11.3,58.8,100.0,35.7,21.0,1,2,11.8,59.2,1,44,8.8,3,2,96.4,10,374,57.5,374,2,26,17,1,205,107,0.6,20.5
Kerby Joseph,83239,S,DET,18,781,0,11,6,7.4,61.5,99.2,40.4,24.8,0,2,15.4,77.5,2,19,0.0,0,2,44.2,8,360,46.1,363,2,19,13,0,95,45,0.3,11.9,0,1,17.2,61.5,99.1,40.9,25.2,0,0,0.0,84.0,4,51,8.3,2,0,97.0,8,348,44.6,351,3,21,13,2,136,48,0.4,17.0
Sydney Brown,83241,S,PHI,7,49,0,24,0,3.0,100.0,100.0,2.0,2.0,0,0,0.0,77.4,0,3,,0,0,79.2,1,3,6.1,3,0,0,1,0,3,0,1.5,3.0,0,1,,,100.0,,,0,0,,29.0,0,,50.0,1,0,0.0,0,25,51.0,25,0,0,0,0,0,0,0.0,
JuJu Brents,83256,CB,IND,2,39,0,14,0,,,100.0,,,0,0,,60.0,0,,,0,0,0.0,0,1,2.6,1,0,0,0,0,0,0,0.0,,0,2,14.1,71.4,100.0,6.4,4.6,0,0,0.0,47.8,0,55,20.0,1,0,113.7,5,33,84.6,33,0,2,7,0,89,18,2.8,17.8
Kaevon Merriweather,83257,S,TB,12,189,0,30,1,2.0,50.0,97.4,32.0,16.0,0,0,0.0,65.7,0,5,0.0,0,0,56.3,1,37,19.6,38,0,2,2,0,5,1,0.2,5.0,0,1,4.0,70.0,94.4,18.4,12.9,1,1,10.0,64.3,0,25,20.0,2,0,89.2,7,136,72.0,144,3,7,10,0,69,48,0.5,9.9
Riley Moss,83259,CB,DEN,15,577,0,10,2,9.9,64.6,99.5,6.2,4.0,0,3,6.3,51.0,1,31,14.8,4,1,90.3,31,212,36.7,213,7,21,48,2,336,81,1.7,10.8,0,7,14.2,62.2,99.0,12.0,7.4,0,5,13.5,76.0,0,22,8.6,3,3,88.5,23,291,50.4,294,11,25,37,1,227,52,0.8,9.9
Percy Butler,83271,S,WAS,20,257,0,32,1,11.5,50.0,96.9,43.0,21.5,0,1,25.0,66.8,0,43,14.3,1,1,95.8,2,93,36.2,96,2,5,4,0,52,44,0.6,26.0,0,3,5.7,88.9,100.0,16.5,14.7,0,0,0.0,39.4,0,17,8.3,1,0,100.9,8,139,54.1,139,1,8,9,0,74,37,0.6,9.3
Terell Smith,83302,CB,CHI,9,121,0,6,0,12.2,83.3,100.0,3.8,3.2,0,0,0.0,55.6,0,18,0.0,0,0,106.9,5,21,17.4,21,2,5,6,0,58,6,3.1,11.6,0,0,17.2,44.4,100.0,20.8,9.2,0,3,33.3,80.3,1,45,16.7,1,3,38.4,4,91,75.2,91,2,5,9,0,84,29,1.0,21.0
Jordan Howden,83305,S,NO,17,369,0,20,0,5.5,50.0,94.1,34.7,17.3,0,0,0.0,55.4,0,61,0.0,0,0,90.3,3,112,30.4,119,1,4,6,0,67,61,0.6,22.3,0,1,14.3,66.7,96.5,26.4,17.6,0,0,0.0,66.5,2,32,5.9,1,0,75.0,8,219,59.3,227,6,15,12,1,84,16,0.4,10.5
Keidron Smith,83310,S,DEN,2,7,0,10,0,6.0,100.0,100.0,2.0,2.0,0,0,0.0,29.9,0,17,100.0,1,0,118.8,1,3,42.9,3,0,0,1,0,17,11,8.5,17.0,0,0,,,75.0,,,0,0,,61.1,0,,,0,0,0.0,0,3,42.9,4,0,0,0,0,0,0,0.0,
Cam Taylor-Britt,83326,CB,CIN,17,639,0,7,0,11.0,50.0,100.0,8.5,4.3,2,4,11.8,63.0,3,84,14.3,2,2,69.0,17,163,25.5,163,4,12,34,3,266,133,1.8,15.6,0,7,12.6,72.2,99.5,14.0,10.1,1,6,16.7,76.6,0,55,9.8,4,5,139.5,26,377,59.0,379,9,30,36,4,347,85,1.0,13.3
Greg Newsome II,83341,CB,CLV,13,346,0,8,1,11.5,59.1,100.0,10.2,6.0,0,3,13.6,50.2,1,45,18.2,2,2,104.4,13,141,40.8,141,2,8,22,2,220,116,1.7,16.9,0,2,9.5,71.4,93.9,10.5,7.5,0,2,9.5,56.6,0,66,23.5,4,1,121.3,15,168,48.6,179,3,11,21,1,221,102,1.4,14.7
Kitan Oladapo,83349,S,GB,2,45,0,12,0,,,100.0,,,0,0,,73.7,0,,0.0,0,0,0.0,0,5,11.1,5,1,1,0,0,0,0,0.0,,0,1,,,100.0,,,0,0,,63.9,0,,0.0,0,0,0.0,0,29,64.4,29,0,0,0,0,0,0,0.0,
Cory Trice Jr.,83353,CB,PIT,6,130,0,25,0,7.1,85.7,100.0,7.0,6.0,0,1,14.3,56.2,0,19,0.0,0,0,139.6,6,46,35.4,46,1,4,7,1,56,12,1.3,9.3,0,0,6.0,90.0,100.0,7.1,6.4,0,0,0.0,74.3,1,15,0.0,0,0,54.6,9,65,50.0,65,2,12,10,0,66,21,1.0,7.3
Tyrek Funderburk,83356,CB,TB,7,111,0,30,0,7.8,100.0,100.0,5.0,5.0,0,0,0.0,54.3,0,32,20.0,1,0,118.8,5,29,26.1,29,0,4,5,0,73,34,2.9,14.6,0,1,12.4,87.5,100.0,9.7,8.5,0,0,0.0,59.3,0,28,27.3,3,0,148.4,7,69,62.2,69,1,7,8,1,81,34,1.2,11.6
Christian Izien,83360,S,TB,14,467,0,30,2,13.0,40.0,92.2,27.5,11.0,0,1,20.0,46.5,0,14,0.0,0,1,52.9,2,59,12.6,64,0,4,5,0,21,4,0.4,10.5,0,10,4.2,80.0,93.2,9.7,7.8,0,2,4.4,57.6,1,38,21.1,12,1,86.6,36,370,79.2,397,10,35,45,0,315,201,0.9,8.8
Jaycee Horn,83375,CB,CAR,15,546,0,5,0,10.7,46.2,100.0,10.1,4.7,0,5,19.2,71.2,0,18,0.0,0,4,67.0,12,132,24.2,132,5,9,26,1,85,14,0.7,7.1,0,1,12.0,55.9,99.1,15.3,8.6,0,5,14.7,50.7,0,59,5.9,1,5,126.3,19,316,57.9,319,2,15,34,4,314,97,1.1,16.5
Israel Mukuamu,83377,S,DAL,15,130,0,9,1,,,93.6,,,0,0,,76.5,0,,0.0,0,0,0.0,0,44,33.8,47,1,2,0,0,0,0,0.0,,0,0,14.8,61.5,93.2,8.1,5.0,0,0,0.0,29.6,1,34,0.0,0,0,58.5,8,69,53.1,74,3,8,13,0,116,38,1.8,14.5
Kyler Gordon,83451,CB,CHI,15,388,0,6,0,8.6,66.7,92.8,10.0,6.7,1,2,22.2,64.1,0,31,0.0,0,2,94.7,6,64,16.5,69,3,8,9,0,80,43,1.3,13.3,0,7,5.5,73.3,87.7,8.4,6.2,1,4,8.9,75.8,0,48,14.3,6,4,105.2,33,292,75.3,333,13,29,45,1,374,228,1.4,11.3
Beanie Bishop Jr.,83459,CB,PIT,17,365,0,25,0,11.2,64.7,93.6,8.2,5.3,0,1,5.9,31.2,0,49,22.2,2,1,125.6,11,102,27.9,109,1,7,17,1,204,80,2.3,18.5,0,7,5.8,69.2,96.9,7.7,5.4,0,2,5.1,69.9,4,27,0.0,0,2,68.4,27,217,59.5,224,8,18,39,3,211,97,1.0,7.8
Alontae Taylor,83469,CB,NO,17,649,0,20,1,11.8,62.5,94.8,7.5,4.7,0,3,7.5,31.3,0,60,15.8,3,3,121.7,25,200,30.8,211,2,15,40,3,408,184,2.2,16.3,0,1,6.6,78.1,96.0,7.3,5.7,1,7,10.9,45.8,0,89,24.4,10,7,112.9,50,382,58.9,398,11,30,64,2,550,309,1.5,11.0
Myles Cole,83500,ED,JAX,8,5,0,15,0,,,4.8,,,0,0,,60.0,0,,,0,0,0.0,0,1,20.0,21,0,0,0,0,0,0,0.0,,0,1,,,11.1,,,0,0,,45.9,0,,33.3,1,0,0.0,0,4,80.0,36,0,1,0,0,0,0,0.0,
Jaden Crumedy,83508,DI,CAR,5,2,0,5,0,,,7.1,,,0,0,,60.0,0,,,0,0,0.0,0,1,50.0,14,0,0,0,0,0,0,0.0,,0,0,,,3.1,,,0,0,,59.5,0,,0.0,0,0,0.0,0,1,50.0,32,1,1,0,0,0,0,0.0,
Javontae Jean-Baptiste,83514,ED,WAS,15,8,0,32,0,,,0.0,,,0,0,,,0,,,0,0,0.0,0,0,0.0,36,0,0,0,0,0,0,,,0,1,8.7,66.7,9.1,3.5,2.3,0,0,0.0,52.3,0,19,0.0,0,0,88.2,2,8,100.0,88,3,3,3,0,22,13,3.1,11.0
Amari Burney,83811,LB,LV,10,44,0,23,0,-5.0,100.0,40.0,7.0,7.0,0,0,0.0,78.9,0,-5,0.0,0,0,79.2,1,8,18.2,20,3,2,1,0,-5,0,-0.7,-5.0,0,1,5.0,85.7,89.2,5.2,4.4,0,0,0.0,44.0,0,26,12.5,1,0,118.8,6,33,75.0,37,3,6,7,0,90,62,2.9,15.0
Corey Ballentine,83833,CB,GB,10,59,0,12,0,8.0,50.0,100.0,18.0,9.0,0,0,0.0,55.1,0,9,0.0,0,0,62.5,1,21,35.6,21,0,1,2,0,9,4,0.5,9.0,0,0,15.2,50.0,100.0,10.0,5.0,0,0,0.0,53.3,0,29,100.0,1,0,116.0,3,30,50.8,30,0,0,6,1,47,13,1.6,15.7
Jevon Holland,83873,S,MIA,15,516,0,17,1,3.6,70.0,94.9,15.0,10.5,0,2,20.0,70.1,0,18,0.0,0,2,125.0,7,112,21.7,118,3,6,10,1,75,58,0.7,10.7,0,2,7.2,57.7,95.0,20.7,12.0,1,2,7.7,53.9,0,38,19.2,5,1,87.2,15,325,63.0,342,4,19,26,1,151,88,0.5,10.1
Talanoa Hufanga,83903,S,SF,7,171,0,28,1,3.0,100.0,97.2,15.0,15.0,0,0,0.0,58.0,0,14,20.0,1,0,104.2,2,35,20.5,36,0,3,2,0,18,12,0.6,9.0,0,3,5.6,87.5,100.0,16.9,14.8,1,0,0.0,56.6,0,25,18.8,3,0,106.8,7,122,71.3,122,1,10,8,0,77,44,0.7,11.0
Josh Newton,84268,CB,CIN,14,343,0,7,0,12.6,44.4,100.0,10.8,4.8,0,4,22.2,71.9,0,40,40.0,2,4,95.6,8,101,29.4,101,1,3,18,1,164,55,1.9,20.5,0,1,7.5,68.2,98.9,11.3,7.7,0,1,4.5,51.6,1,43,12.5,2,0,89.6,15,172,50.1,174,2,13,22,1,182,93,1.1,12.1
Miles Battle,84301,CB,NE,1,12,0,19,0,16.2,20.0,100.0,8.0,1.6,0,3,60.0,82.7,0,11,0.0,0,2,39.6,1,8,66.7,8,0,1,5,0,11,8,1.4,11.0,0,0,,,100.0,,,0,0,,66.0,0,,0.0,0,0,0.0,0,4,33.3,4,1,1,0,0,0,0,0.0,
Markees Watts,84537,ED,TB,3,2,0,30,0,,,0.0,,,0,0,,,0,,,0,0,0.0,0,0,0.0,1,0,0,0,0,0,0,,,0,0,,,16.7,,,0,0,,60.0,0,,,0,0,0.0,0,1,50.0,6,0,0,0,0,0,0,0.0,
Darius Muasau,86008,LB,NYG,13,196,0,21,1,1.5,100.0,76.5,26.0,26.0,0,0,0.0,51.6,0,27,0.0,0,0,158.3,2,52,26.5,68,0,1,2,1,37,34,0.7,18.5,0,5,6.1,78.6,95.3,10.8,8.5,0,0,0.0,46.6,1,26,17.6,3,0,69.9,11,123,62.8,129,4,9,14,0,111,35,0.9,10.1
Rico Payton,86957,CB,NO,4,13,0,20,0,7.0,0.0,100.0,,4.0,0,1,100.0,85.9,0,,,0,1,39.6,0,5,38.5,5,0,0,1,0,0,0,0.0,,0,0,39.0,0.0,100.0,,5.0,0,0,0.0,38.0,0,,,0,0,39.6,0,5,38.5,5,0,0,1,0,0,0,0.0,
Chris Williams,87178,DI,CHI,17,3,0,6,0,,,3.6,,,0,0,,60.2,0,,0.0,0,0,0.0,0,1,33.3,28,2,1,0,0,0,0,0.0,,0,0,,,1.2,,,0,0,,60.3,0,,100.0,2,0,0.0,0,2,66.7,166,2,0,0,0,0,0,0.0,
Gabriel Murphy,89099,ED,MIN,2,2,0,18,0,,,0.0,,,0,0,,,0,,,0,0,0.0,0,0,0.0,8,0,0,0,0,0,0,,,0,0,,,14.3,,,0,0,,62.3,0,,,0,0,0.0,0,2,100.0,14,0,0,0,0,0,0,0.0,
Charles Woods,89148,CB,LA,2,6,0,26,0,,,,,,0,0,,,0,,,0,0,0.0,0,0,0.0,0,0,0,0,0,0,0,,,0,0,,,100.0,,,0,0,,64.3,0,,,0,0,0.0,0,5,83.3,5,0,0,0,0,0,0,0.0,
Kyle Dugger,90621,S,NE,13,406,0,19,4,7.4,70.0,92.7,22.9,16.0,0,0,0.0,58.5,0,23,16.7,3,0,115.4,7,177,43.6,191,3,11,10,1,52,15,0.3,7.4,0,0,9.4,80.6,92.3,7.2,5.8,0,2,6.5,31.1,0,56,4.2,1,0,138.7,25,191,47.0,207,8,23,31,3,296,123,1.6,11.8
Brodric Martin,91288,DI,DET,2,1,0,11,0,,,0.0,,,0,0,,,0,,,0,0,0.0,0,0,0.0,4,0,0,0,0,0,0,,,0,0,,,11.1,,,0,0,,60.0,0,,,0,0,0.0,0,1,100.0,9,0,0,0,0,0,0,0.0,
Daniel Hardy,91336,ED,CHI,7,1,0,6,0,,,0.0,,,0,0,,,0,,,0,0,0.0,0,0,0.0,2,0,0,0,0,0,0,,,0,0,,,4.8,,,0,0,,63.8,0,,0.0,0,0,0.0,0,1,100.0,21,1,1,0,0,0,0,0.0,
E.J. Speed,94351,LB,IND,15,508,0,14,0,-1.6,57.1,80.8,15.3,8.7,0,1,14.3,76.8,0,12,25.0,1,1,62.2,4,63,12.4,78,2,3,7,0,21,28,0.3,5.3,0,13,3.2,88.3,90.1,6.5,5.7,0,2,3.3,43.4,1,32,13.0,7,2,101.4,53,363,71.5,403,11,34,60,1,520,381,1.5,9.8
Anthony Pittman,94372,LB,DET,2,7,0,11,0,,,60.0,,,0,0,,61.8,0,,,0,0,0.0,0,3,42.9,5,0,0,0,0,0,0,0.0,,0,0,7.0,100.0,50.0,2.0,2.0,0,0,0.0,32.4,0,20,,0,0,118.8,1,3,42.9,6,0,0,1,0,20,13,10.0,20.0
Mike Sainristil,97180,CB,WAS,20,690,0,32,1,11.3,67.4,100.0,6.9,4.7,0,7,15.2,55.2,2,31,7.1,2,4,102.3,31,236,34.2,236,3,25,46,4,366,111,1.7,11.8,0,6,9.9,62.5,98.7,12.2,7.6,0,6,12.5,70.4,2,41,14.6,7,4,75.3,30,382,55.4,387,14,35,48,1,363,195,1.0,12.1
Reddy Steward,97289,CB,CHI,1,10,0,6,0,,,100.0,,,0,0,,60.0,0,,,0,0,0.0,0,1,10.0,1,0,0,0,0,0,0,0.0,,0,0,8.3,66.7,88.9,4.0,2.7,0,0,0.0,72.2,0,21,0.0,0,0,109.7,2,8,80.0,9,0,1,3,0,39,18,4.9,19.5
Dell Pettus,97290,S,NE,14,207,0,19,0,11.3,66.7,96.3,24.0,16.0,0,1,16.7,69.0,0,29,0.0,0,1,88.9,4,105,50.7,109,3,4,6,0,45,16,0.5,11.3,0,1,4.2,66.7,97.6,20.0,13.3,0,1,16.7,71.5,0,13,0.0,0,1,79.2,4,82,39.6,84,0,4,6,0,31,23,0.4,7.8
Thomas Harper,97325,S,LV,13,145,0,23,1,8.5,0.0,90.9,,18.5,0,0,0.0,74.9,1,,0.0,0,0,0.0,0,40,27.6,44,0,1,2,0,0,0,0.0,,0,1,6.3,75.0,98.9,13.3,10.0,0,0,0.0,70.5,0,19,12.5,1,0,100.5,6,87,60.0,88,4,6,8,0,69,31,0.9,11.5
Cameron Mitchell,97340,CB,CLV,16,229,0,8,0,9.3,57.9,100.0,10.0,5.8,0,2,10.5,53.4,0,32,36.4,4,2,112.2,11,115,50.2,115,2,7,19,2,122,48,1.1,11.1,0,2,7.6,85.7,94.1,7.6,6.5,0,1,7.1,56.5,0,29,27.3,3,1,103.9,12,95,41.5,101,2,6,14,0,125,69,1.4,10.4
Dadrion Taylor-Demerson,97348,S,ARZ,14,161,0,1,1,4.6,60.0,95.1,12.7,7.6,0,1,20.0,69.3,0,46,0.0,0,1,98.8,3,39,24.2,41,1,5,5,0,56,48,1.5,18.7,0,0,8.0,83.3,92.2,10.2,8.5,0,3,25.0,68.7,0,29,26.7,4,2,103.5,10,107,66.5,116,5,11,12,0,106,28,1.0,10.6
Christian Roland-Wallace,97374,CB,KC,9,133,0,16,0,12.6,75.0,85.4,5.5,4.1,0,0,0.0,50.1,1,32,0.0,0,0,109.4,6,35,26.3,41,1,5,8,1,86,13,2.6,14.3,0,2,2.2,100.0,84.6,6.1,6.1,0,0,0.0,65.8,0,24,0.0,0,0,106.3,10,66,49.6,78,2,11,10,0,95,73,1.6,9.5
Jarrian Jones,97486,CB,JAX,17,458,0,15,1,10.1,47.4,96.0,17.1,8.1,0,5,26.3,73.6,0,22,30.0,3,4,62.2,9,169,36.9,176,3,6,19,0,94,47,0.6,10.4,0,1,4.0,84.6,99.2,6.8,5.7,0,3,7.7,51.3,1,39,29.0,9,2,93.4,33,238,52.0,240,8,21,39,0,350,254,1.6,10.6
Nick Cross,97514,S,IND,17,629,0,14,1,4.6,70.0,95.7,11.7,8.2,0,1,10.0,69.9,0,31,0.0,0,1,121.2,7,88,14.0,92,2,10,10,1,66,38,0.8,9.4,0,10,8.0,73.3,97.2,13.0,9.5,0,1,2.2,63.8,3,47,17.3,9,1,87.3,33,451,71.7,464,12,33,45,3,320,201,0.7,9.7
Dax Hill,97519,CB,CIN,5,140,0,7,0,12.7,55.6,100.0,8.0,4.4,0,0,0.0,55.4,0,27,0.0,0,0,110.4,5,43,30.7,43,1,3,9,1,54,17,1.4,10.8,0,2,4.6,55.6,97.5,15.2,8.4,0,1,11.1,67.1,0,9,22.2,2,1,62.7,5,79,56.4,81,3,5,9,0,31,27,0.4,6.2
Drake Thomas,97525,LB,SEA,4,21,0,29,0,,,50.0,,,0,0,,60.0,0,,,0,0,0.0,0,1,4.8,2,0,0,0,0,0,0,,,0,2,7.0,75.0,93.8,4.7,3.5,0,0,0.0,29.3,0,17,33.3,1,0,107.3,3,15,71.4,16,0,0,4,0,41,12,2.9,13.7
Tyrique Stevenson,97562,CB,CHI,16,442,0,6,0,11.0,53.3,100.0,7.9,4.2,0,2,13.3,65.3,1,29,0.0,0,2,75.4,8,65,14.7,65,0,6,15,1,124,40,2.0,15.5,0,3,11.3,54.8,100.0,9.8,5.4,1,8,12.9,59.8,1,61,12.8,5,8,80.0,34,345,78.1,345,8,31,62,2,420,96,1.3,12.4
Elijah Chatman,97568,DI,NYG,17,4,0,21,0,,,1.1,,,0,0,,59.5,0,,0.0,0,0,0.0,0,1,25.0,91,1,1,0,0,0,0,0.0,,0,1,,,1.4,,,0,0,,60.8,0,,0.0,0,0,0.0,0,2,50.0,147,1,1,0,0,0,0,0.0,
Josh Wallace,97676,CB,LA,13,86,0,26,0,13.8,25.0,87.0,20.0,5.0,0,1,25.0,49.5,0,11,0.0,0,1,39.6,1,20,23.3,23,0,1,4,0,11,5,0.6,11.0,0,1,8.4,66.7,94.6,6.4,4.3,0,1,8.3,63.9,0,12,22.2,2,0,104.5,8,53,61.6,56,4,6,12,1,55,45,1.1,6.9
Brandon Joseph,97680,S,DET,8,133,0,11,0,9.0,0.0,100.0,,40.0,0,1,100.0,68.2,0,,0.0,0,0,39.6,0,49,36.8,49,0,4,1,0,0,0,0.0,,0,1,20.0,100.0,100.0,58.0,58.0,0,0,0.0,49.8,0,32,0.0,0,0,118.8,1,62,46.6,62,1,4,1,0,32,12,0.6,32.0
Alex Austin,97683,CB,NE,6,131,0,19,0,8.5,50.0,100.0,14.0,7.0,0,3,37.5,74.3,0,10,33.3,1,3,102.1,4,59,45.0,59,0,2,8,1,36,22,0.6,9.0,0,1,23.4,25.0,100.0,28.0,7.0,0,2,25.0,52.8,0,13,0.0,0,2,40.1,2,57,43.5,57,1,4,8,0,25,5,0.4,12.5
Dorian Williams,97694,LB,BUF,17,323,0,4,0,2.1,62.5,54.3,7.2,4.5,0,0,0.0,43.6,0,22,33.3,2,0,72.4,5,44,13.6,81,1,4,8,0,35,34,1.0,7.0,0,8,4.1,86.0,94.4,5.3,4.6,0,0,0.0,44.9,0,27,7.9,3,0,118.5,37,204,63.2,216,12,27,43,3,295,148,1.5,8.0
Ronnie Hickman Jr.,97702,S,CLV,14,278,0,8,4,2.0,100.0,96.2,121.0,121.0,0,0,0.0,68.5,0,4,10.5,2,0,83.3,1,127,45.7,132,2,13,1,0,4,2,0.0,4.0,0,3,16.9,66.7,99.3,21.8,14.6,0,0,0.0,64.5,0,23,12.5,1,0,85.4,6,138,49.6,139,1,4,9,0,60,52,0.5,10.0
Storm Duck,97705,CB,MIA,10,230,0,17,0,10.7,78.6,100.0,4.3,3.4,0,1,7.1,43.9,0,29,0.0,0,1,125.6,11,52,22.6,52,4,8,14,1,118,9,2.5,10.7,0,3,10.9,69.2,100.0,15.4,10.7,0,1,7.7,57.6,0,46,33.3,5,0,97.3,9,144,62.6,144,4,7,13,0,117,41,0.8,13.0
Omar Speights,97723,LB,LA,12,239,0,26,0,,,85.0,,,0,0,,56.2,0,,50.0,1,0,0.0,0,34,14.2,40,0,1,0,0,0,0,0.0,,0,5,4.0,82.6,92.0,8.0,6.6,1,2,8.7,66.3,0,17,7.7,2,2,93.5,19,160,66.9,174,8,19,23,0,148,86,1.0,7.8
Mohamed Kamara,97731,ED,MIA,4,3,0,17,0,,,0.0,,,0,0,,,0,,,0,0,0.0,0,0,0.0,3,0,0,0,0,0,0,,,0,0,-1.0,100.0,25.0,3.0,3.0,0,0,0.0,30.3,0,11,100.0,1,0,112.5,1,3,100.0,12,0,0,1,0,11,12,3.7,11.0
Javon Solomon,97821,ED,BUF,12,3,0,4,0,,,0.0,,,0,0,,,0,,,0,0,0.0,0,0,0.0,26,1,0,0,0,0,0,,,0,0,13.0,0.0,4.0,,2.0,0,0,0.0,44.2,0,,66.7,2,0,39.6,0,2,66.7,50,2,1,1,0,0,0,0.0,
Martin Emerson Jr.,97872,CB,CLV,17,503,0,8,3,13.7,63.0,100.0,6.3,4.0,0,2,4.3,27.5,0,41,17.4,4,0,123.9,29,197,39.2,197,4,16,46,5,365,97,2.0,12.6,0,6,12.4,57.7,100.0,16.2,9.3,1,3,11.5,74.4,0,35,6.1,2,2,90.9,15,258,51.3,258,5,25,26,1,174,42,0.7,11.6
Tyler Nubin,97895,S,NYG,13,440,0,21,0,5.8,60.0,96.5,21.2,12.7,0,1,10.0,56.1,0,28,14.3,2,1,72.5,6,139,31.6,144,1,12,10,0,49,26,0.4,8.2,0,8,7.0,85.7,98.0,20.2,17.3,0,0,0.0,62.9,0,42,5.7,2,0,110.1,12,249,56.6,254,6,25,14,0,146,48,0.6,12.2
Derick Hall,98130,ED,SEA,17,36,0,29,0,,,8.5,,,0,0,,72.4,0,,0.0,0,0,0.0,0,10,27.8,118,2,2,0,0,0,0,0.0,,0,2,0.0,100.0,9.1,20.0,20.0,0,0,0.0,74.2,0,1,25.0,2,0,79.2,1,20,55.6,220,5,4,1,0,1,1,0.1,1.0
Jordan Magee,98155,LB,WAS,4,7,0,32,0,,,100.0,,,0,0,,60.0,0,,,0,0,0.0,0,1,14.3,1,0,0,0,0,0,0,0.0,,0,0,0.0,0.0,85.7,,5.0,0,0,0.0,63.9,0,,,0,0,39.6,0,6,85.7,7,0,0,1,0,0,0,0.0,
Jalen Graham,98165,LB,SF,4,8,0,28,0,,,33.3,,,0,0,,60.9,0,,,0,0,0.0,0,2,25.0,6,0,0,0,0,0,0,0.0,,0,2,5.0,100.0,100.0,5.0,5.0,0,0,0.0,68.0,0,5,0.0,0,0,87.5,1,6,75.0,6,0,0,1,0,5,0,1.0,5.0
DeWayne Carter,98175,DI,BUF,11,1,0,4,0,,,0.0,,,0,0,,60.0,0,,0.0,0,0,0.0,0,0,0.0,36,0,1,0,0,0,0,,,0,0,,,1.0,,,0,0,,61.8,0,,0.0,0,0,0.0,0,1,100.0,96,1,1,0,0,0,0,0.0,
Derek Stingley Jr.,98253,CB,HST,19,709,0,13,0,15.1,35.0,100.0,12.6,4.4,1,4,10.0,62.1,4,56,0.0,0,3,25.5,14,191,26.9,191,3,11,40,1,245,122,1.4,17.5,0,6,12.7,52.1,100.0,16.0,8.3,2,9,18.8,80.9,3,19,11.4,4,6,43.0,25,418,59.0,418,8,25,48,1,191,79,0.5,7.6
Colby Wooden,98312,DI,GB,13,2,0,12,0,,,0.0,,,0,0,,,0,,,0,0,0.0,0,0,0.0,24,0,0,0,0,0,0,,,0,0,,,1.7,,,0,0,,54.4,0,,0.0,0,0,0.0,0,2,100.0,115,0,1,0,0,0,0,0.0,
Alex Wright,98318,ED,CLV,4,5,0,8,0,,,0.0,,,0,0,,,0,,,0,0,0.0,0,0,0.0,23,0,0,0,0,0,0,,,0,1,6.0,100.0,10.3,4.0,4.0,0,0,0.0,63.2,0,14,0.0,0,0,118.8,1,4,80.0,39,2,3,1,0,14,8,3.5,14.0
George Karlaftis,98319,ED,KC,19,34,0,16,0,,,1.5,,,0,0,,72.8,0,,0.0,0,0,0.0,0,3,8.8,204,7,1,0,0,0,0,0.0,,0,3,3.2,80.0,7.5,6.5,5.2,0,0,0.0,56.6,0,15,25.0,2,0,90.8,4,27,79.4,359,5,3,5,0,29,18,1.1,7.3
Marshawn Kneeland,98344,ED,DAL,11,6,0,9,0,,,2.9,,,0,0,,60.0,0,,,0,0,0.0,0,1,16.7,34,0,0,0,0,0,0,0.0,,0,0,-2.0,100.0,5.2,5.0,5.0,0,0,0.0,62.2,0,7,0.0,0,0,95.8,1,5,83.3,96,1,2,1,0,7,9,1.4,7.0
Kayvon Thibodeaux,98444,ED,NYG,12,7,0,21,0,,,2.7,,,0,0,,61.3,0,,,0,0,0.0,0,3,42.9,110,0,0,0,0,0,0,0.0,,0,1,6.0,100.0,1.9,4.0,4.0,0,0,0.0,51.2,0,10,40.0,2,0,108.3,1,4,57.1,213,8,2,1,0,10,4,2.5,10.0
Tatum Bethune,98532,LB,SF,3,23,0,28,0,,,100.0,,,0,0,,64.6,0,,,0,0,0.0,0,5,21.7,5,0,0,0,0,0,0,0.0,,0,1,32.0,0.0,94.1,,15.0,0,0,0.0,75.8,0,,0.0,0,0,39.6,0,16,69.6,17,0,0,1,0,0,0,0.0,
Anfernee Orji,98568,LB,NO,7,52,0,20,0,0.0,100.0,60.0,9.0,9.0,0,0,0.0,69.1,0,15,0.0,0,0,118.8,1,9,17.3,15,0,3,1,0,15,15,1.7,15.0,0,1,2.4,80.0,87.5,8.3,6.6,0,0,0.0,50.7,0,8,25.0,1,0,85.0,4,35,67.3,40,1,2,5,0,22,18,0.7,5.5
Swayze Bozeman,98634,LB,KC,1,4,0,16,0,,,,,,0,0,,,0,,,0,0,0.0,0,0,0.0,0,0,0,0,0,0,0,,,0,0,,,100.0,,,0,0,,60.5,0,,,0,0,0.0,0,2,50.0,2,0,0,0,0,0,0,0.0,
Kaiir Elam,98693,CB,BUF,9,229,0,4,0,13.7,70.0,100.0,7.7,5.4,0,1,10.0,34.3,0,28,0.0,0,1,143.8,7,63,27.5,63,0,3,10,1,120,30,2.2,17.1,0,3,7.9,86.7,99.2,9.2,7.9,0,0,0.0,71.1,0,28,0.0,0,0,103.1,13,124,54.1,125,8,13,15,0,131,32,1.1,10.1
Mohamoud Diabate,98780,LB,CLV,13,264,0,8,0,-3.0,50.0,78.3,76.0,38.0,0,0,0.0,66.6,0,10,33.3,1,0,64.6,1,83,31.4,106,2,2,2,0,10,9,0.1,10.0,0,10,6.1,46.2,88.5,23.3,10.8,0,2,15.4,40.9,0,16,26.1,6,2,55.6,6,146,55.3,165,2,7,13,0,47,24,0.3,7.8
Ty'Ron Hopper,98781,LB,GB,2,11,0,12,0,,,,,,0,0,,,0,,,0,0,0.0,0,0,0.0,0,0,0,0,0,0,0,,,0,0,1.3,66.7,100.0,5.5,3.7,0,0,0.0,53.1,0,10,0.0,0,0,78.5,2,11,100.0,11,0,1,3,0,15,8,1.4,7.5
Jay Ward,98833,S,MIN,4,17,0,18,0,4.0,0.0,50.0,,4.0,0,1,100.0,82.3,0,,,0,1,39.6,0,4,23.5,8,0,0,1,0,0,0,0.0,,0,0,,,92.3,,,0,0,,49.0,0,,,0,0,0.0,0,12,70.6,13,0,0,0,0,0,0,0.0,
Cor'Dale Flott,98834,CB,NYG,14,358,0,21,1,11.4,50.0,100.0,10.1,5.0,0,4,18.2,60.9,0,36,0.0,0,3,85.4,11,120,33.5,120,1,8,22,1,140,41,1.3,12.7,0,2,6.3,100.0,98.5,11.1,11.1,0,0,0.0,58.9,0,34,19.2,5,0,109.3,17,198,55.3,201,7,19,17,0,174,67,0.9,10.2
Jammie Robinson,98836,S,ARZ,1,11,0,1,0,,,,,,0,0,,,0,,,0,0,0.0,0,0,0.0,0,0,0,0,0,0,0,,,0,0,-2.0,100.0,100.0,11.0,11.0,0,0,0.0,43.2,0,9,0.0,0,0,104.2,1,11,100.0,11,0,1,1,0,9,11,0.8,9.0
Cam Smith,98837,CB,MIA,6,103,0,17,0,10.4,66.7,100.0,4.2,2.8,0,0,0.0,29.2,0,22,0.0,0,0,123.8,6,27,26.2,27,1,5,9,1,63,5,2.5,10.5,0,0,6.8,100.0,100.0,6.6,6.6,0,0,0.0,39.0,0,21,9.1,1,0,109.7,9,64,62.1,64,2,10,9,0,93,32,1.6,10.3
Jaylen McCollough,98845,S,LA,17,275,0,26,2,3.0,40.0,95.5,38.5,15.4,0,0,0.0,62.3,2,11,0.0,0,0,11.7,2,85,30.9,89,0,4,5,0,19,10,0.2,9.5,0,3,8.4,88.2,90.3,8.9,7.9,0,0,0.0,53.9,0,19,4.5,1,0,136.8,15,140,50.9,155,9,18,17,2,126,36,0.9,8.4
Demani Richardson,98852,S,CAR,7,206,0,5,0,23.0,33.3,97.3,34.0,11.3,0,0,0.0,47.2,0,11,0.0,0,0,45.1,1,36,17.5,37,0,1,3,0,11,0,0.3,11.0,0,2,8.7,76.9,95.3,11.2,8.6,0,1,7.7,62.7,0,39,0.0,0,0,104.0,10,121,58.7,127,3,18,13,0,118,38,1.1,11.8
Jordan Battle,98857,S,CIN,15,281,0,7,2,10.1,50.0,88.1,16.5,8.3,0,2,25.0,64.1,1,27,9.1,1,1,31.8,4,74,26.3,84,2,8,8,0,53,14,0.8,13.3,0,2,7.6,88.9,93.3,18.6,16.6,0,0,0.0,50.7,0,17,15.0,3,0,101.4,8,154,54.8,165,2,15,9,0,75,25,0.5,9.4
Nehemiah Pritchett,98875,CB,SEA,5,99,0,29,0,9.1,50.0,100.0,6.0,3.0,0,1,12.5,57.2,0,9,0.0,0,1,95.8,4,25,25.3,25,1,2,8,1,24,0,1.0,6.0,0,0,14.1,66.7,100.0,9.2,6.1,0,0,0.0,29.9,0,50,42.9,3,0,109.7,6,58,58.6,58,0,4,9,0,142,63,2.6,23.7
AJ Finley,98887,S,SEA,5,37,0,29,0,16.0,50.0,100.0,6.0,3.0,0,1,50.0,53.3,0,38,0.0,0,0,95.8,1,7,18.9,7,0,1,2,0,38,17,6.3,38.0,0,0,3.5,100.0,96.4,13.5,13.5,0,0,0.0,74.0,0,7,0.0,0,0,87.5,2,27,73.0,28,1,2,2,0,10,3,0.4,5.0
Deantre Prince,98888,CB,JAX,6,53,0,15,0,15.5,50.0,100.0,10.0,5.0,0,0,0.0,34.4,0,27,50.0,1,0,135.4,2,21,39.6,21,0,1,4,1,52,27,2.6,26.0,0,2,13.0,50.0,100.0,13.0,6.5,0,1,25.0,86.2,0,6,0.0,0,1,56.3,2,28,52.8,28,0,3,4,0,12,2,0.5,6.0
Brandin Echols,98900,CB,NYJ,11,243,0,22,0,12.0,45.5,100.0,11.2,5.1,0,0,0.0,63.6,0,11,14.3,1,0,85.0,5,64,26.3,64,2,6,11,1,39,16,0.7,7.8,0,0,17.5,68.2,100.0,8.8,6.0,0,0,0.0,53.9,1,44,11.8,2,0,110.8,15,142,58.4,142,0,15,22,2,214,49,1.6,14.3
Zacch Pickens,98911,DI,CHI,9,1,0,6,0,,,0.0,,,0,0,,,0,,,0,0,0.0,0,0,0.0,12,0,0,0,0,0,0,,,0,1,,,1.2,,,0,0,,59.3,0,,0.0,0,0,0.0,0,1,100.0,81,1,0,0,0,0,0,0.0,
DeMarvin Leal,98919,ED,PIT,5,2,0,25,0,,,0.0,,,0,0,,60.0,0,,0.0,0,0,0.0,0,0,0.0,6,0,1,0,0,0,0,,,0,0,,,10.0,,,0,0,,60.4,0,,,0,0,0.0,0,2,100.0,20,0,0,0,0,0,0,0.0,
Travon Walker,98940,ED,JAX,17,16,0,15,0,,,1.9,,,0,0,,60.9,0,,0.0,0,0,0.0,0,4,25.0,209,4,1,0,0,0,0,0.0,,0,1,-2.5,100.0,3.4,4.0,4.0,0,0,0.0,59.9,0,11,42.9,3,0,97.9,2,10,62.5,294,9,3,2,0,15,20,1.9,7.5
Isaiah McGuire,98948,ED,CLV,16,10,0,8,0,,,0.0,,,0,0,,60.0,0,,50.0,1,0,0.0,0,0,0.0,96,2,1,0,0,0,0,,,0,1,2.7,33.3,8.2,10.0,3.3,0,0,0.0,58.2,0,12,25.0,1,0,46.5,1,10,100.0,122,1,2,3,0,12,10,1.2,12.0
Henry To'oTo'o,98982,LB,HST,17,504,0,13,0,-2.8,87.5,70.5,13.9,12.1,0,0,0.0,67.0,0,17,25.0,1,0,92.7,7,105,20.8,149,2,3,8,0,50,73,0.5,7.1,0,9,4.1,80.0,95.8,9.6,7.7,0,0,0.0,54.8,1,30,7.5,3,0,96.7,32,323,64.1,337,9,28,40,1,308,206,1.0,9.6
Christian Harris,98996,LB,HST,5,96,0,13,0,1.5,100.0,68.6,10.0,10.0,0,0,0.0,59.3,0,36,33.3,1,0,118.8,2,24,25.0,35,2,2,2,0,40,37,2.0,20.0,0,3,2.8,76.9,98.6,6.2,4.8,0,0,0.0,45.1,0,67,22.2,2,0,116.2,10,68,70.8,69,1,4,13,0,156,125,2.5,15.6
Owen Pappoe,99006,LB,ARZ,11,68,0,1,0,-2.0,66.7,50.0,7.5,5.0,0,1,33.3,89.6,0,4,50.0,1,1,70.1,2,15,22.1,30,1,1,3,0,8,11,0.5,4.0,0,1,6.3,83.3,83.0,4.3,3.6,0,2,16.7,66.6,0,17,25.0,3,1,98.6,10,44,64.7,53,4,8,12,0,92,45,2.1,9.2
Nolan Smith,99014,ED,PHI,20,53,0,24,2,9.0,100.0,9.3,9.0,9.0,0,0,0.0,57.2,0,2,0.0,0,0,118.8,1,11,20.8,118,3,1,1,1,2,0,0.2,2.0,0,3,7.0,100.0,13.3,11.0,11.0,0,0,0.0,57.6,0,15,33.3,3,0,109.7,3,34,64.2,255,11,3,3,0,31,10,0.9,10.3
Jermaine Johnson,99015,ED,NYJ,2,1,0,22,0,,,6.3,,,0,0,,60.0,0,,,0,0,0.0,0,1,100.0,16,0,0,0,0,0,0,0.0,,0,0,,,0.0,,,0,0,,,0,,100.0,1,0,0.0,0,0,0.0,26,0,0,0,0,0,0,,
Nakobe Dean,99018,LB,PHI,16,489,0,24,1,2.7,80.0,75.9,12.1,9.7,0,0,0.0,81.6,1,49,30.0,3,0,100.8,8,107,21.9,141,4,6,10,1,97,84,1.0,12.1,0,4,5.6,80.0,90.1,10.2,8.2,2,1,3.3,43.7,0,70,10.3,3,1,122.8,24,256,52.4,284,9,22,30,1,324,188,1.3,13.5
T'Vondre Sweat,99321,DI,TEN,17,12,0,31,0,,,10.1,,,0,0,,56.5,0,,,0,0,0.0,0,10,83.3,99,0,0,0,0,0,0,0.0,,0,1,,,0.5,,,0,0,,67.2,0,,33.3,1,0,0.0,0,1,8.3,207,2,1,0,0,0,0,0.0,
Jordan Jefferson,99325,DI,JAX,8,1,0,15,0,,,0.0,,,0,0,,,0,,,0,0,0.0,0,0,0.0,18,0,0,0,0,0,0,,,0,0,,,3.1,,,0,0,,59.8,0,,,0,0,0.0,0,1,100.0,32,1,0,0,0,0,0,0.0,
Dee Winters,99376,LB,SF,15,180,0,28,0,7.0,100.0,78.8,25.0,25.0,0,0,0.0,43.1,0,19,,0,0,118.8,1,26,14.4,33,0,0,1,0,19,12,0.8,19.0,0,5,4.4,73.1,94.7,7.2,5.3,1,4,15.4,84.6,0,28,0.0,0,3,84.9,19,142,78.9,150,5,12,26,0,137,92,1.0,7.2
Tykee Smith,99500,CB,TB,14,448,0,30,0,4.3,88.9,95.1,6.5,5.8,0,1,11.1,50.4,0,18,14.3,1,1,96.3,8,58,12.9,61,0,6,9,0,64,29,1.2,8.0,0,4,5.2,66.7,86.7,8.9,5.9,0,4,7.0,74.0,1,40,13.5,5,3,90.8,38,352,78.6,406,12,28,57,3,313,168,0.9,8.2
Garrett Williams,99723,CB,ARZ,16,514,0,1,0,8.8,57.1,99.1,9.3,5.3,0,1,4.8,50.7,0,44,11.1,1,1,94.7,12,116,22.6,117,0,8,21,1,147,50,1.3,12.3,0,1,6.8,61.8,98.0,15.2,9.4,2,5,14.7,90.6,2,27,4.8,1,4,49.4,21,337,65.6,344,7,19,34,0,166,147,0.5,7.9
Jarvis Brownlee Jr.,99734,CB,TEN,17,508,0,31,0,8.3,52.2,99.1,9.0,4.7,0,6,26.1,58.4,0,57,37.5,3,5,113.4,12,116,22.8,117,2,5,23,3,156,96,1.4,13.0,0,1,10.7,73.3,99.3,8.8,6.4,2,2,4.4,50.7,1,56,12.0,3,1,101.2,33,305,60.0,307,5,21,45,1,430,159,1.5,13.0
Andrew Booth Jr.,99744,CB,DAL,5,62,0,9,0,8.5,75.0,100.0,3.2,2.4,0,1,12.5,29.5,0,25,25.0,1,1,147.4,6,22,35.5,22,2,3,8,2,83,34,4.4,13.8,0,0,12.7,77.8,100.0,4.0,3.1,0,0,0.0,29.7,0,49,0.0,0,0,118.8,7,34,54.8,34,0,5,9,0,149,43,5.3,21.3
SirVocea Dennis,99767,LB,TB,4,64,0,30,1,,,45.5,,,0,0,,79.6,0,,0.0,0,0,0.0,0,5,7.8,11,0,0,0,0,0,0,0.0,,0,2,1.7,100.0,82.5,7.0,7.0,0,0,0.0,69.3,0,11,23.1,3,0,98.2,7,52,81.3,63,6,8,7,0,53,41,1.1,7.6
Ruke Orhorhoro,99768,DI,ATL,8,1,0,2,0,,,0.0,,,0,0,,,0,,,0,0,0.0,0,0,0.0,18,0,0,0,0,0,0,,,0,0,,,1.8,,,0,0,,60.0,0,,0.0,0,0,0.0,0,1,100.0,56,0,1,0,0,0,0,0.0,
Renardo Green,99773,CB,SF,15,389,0,28,0,14.3,50.0,100.0,11.6,5.8,0,2,14.3,63.8,0,20,0.0,0,1,89.0,7,87,22.4,87,2,5,14,1,72,30,0.9,10.3,0,3,10.8,66.0,100.0,7.6,5.0,0,8,16.0,74.1,1,29,9.1,3,8,81.8,33,257,66.1,257,7,27,50,0,396,135,1.6,12.0
Amare Barno,99780,ED,CAR,5,4,0,5,0,,,0.0,,,0,0,,,0,,,0,0,0.0,0,0,0.0,12,0,0,0,0,0,0,,,0,0,,,13.0,,,0,0,,65.1,0,,0.0,0,0,0.0,0,3,75.0,23,1,2,0,0,0,0,0.0,
Calijah Kancey,99822,DI,TB,13,7,0,30,0,,,0.0,,,0,0,,,0,,100.0,1,0,0.0,0,0,0.0,88,0,0,0,0,0,0,,,0,0,4.0,0.0,2.3,,7.0,0,0,0.0,68.1,0,,25.0,2,0,39.6,0,7,100.0,301,10,6,1,0,0,0,0.0,
Kyu Blu Kelly,100375,CB,LV,1,8,0,23,0,,,75.0,,,0,0,,35.5,0,,,0,0,0.0,0,3,37.5,4,0,0,0,0,0,0,0.0,,0,1,0.5,50.0,100.0,5.0,2.5,0,0,0.0,66.0,0,7,0.0,0,0,58.3,1,5,62.5,5,0,0,2,0,7,9,1.4,7.0
Laiatu Latu,100551,ED,IND,17,8,0,14,0,,,1.6,,,0,0,,76.6,0,,0.0,0,0,0.0,0,1,12.5,64,2,1,0,0,0,0,0.0,,0,2,10.0,100.0,2.5,7.0,7.0,0,0,0.0,39.6,0,27,42.9,3,0,118.8,1,7,87.5,277,2,2,1,0,27,17,3.9,27.0
Sauce Gardner,100903,CB,NYJ,15,490,0,22,0,12.0,52.4,99.4,12.9,6.8,0,5,23.8,72.5,0,36,11.1,1,3,80.5,11,165,33.7,166,2,8,21,0,175,76,1.2,15.9,0,3,14.8,55.6,99.2,23.2,12.9,0,4,22.2,67.5,1,40,7.7,1,2,79.9,10,251,51.2,253,4,9,18,1,156,36,0.7,15.6
Ja'Quan McMillian,100931,CB,DEN,18,635,0,10,3,7.3,75.0,93.3,8.0,6.0,0,4,12.5,62.1,1,26,5.6,1,3,94.3,24,209,32.9,224,5,14,32,1,248,113,1.3,10.3,0,2,5.8,67.2,94.0,7.3,4.9,0,4,6.3,65.6,1,28,16.7,6,3,76.2,43,328,51.7,349,14,28,64,0,379,232,1.2,8.8
Jacoby Windmon,101226,LB,CAR,4,56,0,5,0,-2.0,100.0,58.3,6.0,6.0,0,0,0.0,52.7,0,10,0.0,0,0,108.3,1,7,12.5,12,0,2,1,0,10,12,1.7,10.0,0,0,8.3,63.6,87.8,4.7,3.0,0,3,27.3,47.9,0,36,0.0,0,2,88.4,7,36,64.3,41,2,4,11,0,88,61,2.7,12.6
Patrick McMorris,101309,S,MIA,1,7,0,17,0,,,66.7,,,0,0,,59.9,0,,,0,0,0.0,0,2,28.6,3,0,0,0,0,0,0,0.0,,0,0,,,100.0,,,0,0,,61.3,0,,,0,0,0.0,0,5,71.4,5,0,0,0,0,0,0,0.0,
JL Skinner,101311,S,DEN,5,4,0,10,0,,,100.0,,,0,0,,61.3,0,,,0,0,0.0,0,2,50.0,2,0,0,0,0,0,0,0.0,,0,0,,,,,,0,0,,,0,,,0,0,0.0,0,0,0.0,0,0,0,0,0,0,0,,
Jerrick Reed II,101322,S,SEA,1,4,0,29,0,,,100.0,,,0,0,,61.7,0,,,0,0,0.0,0,3,75.0,3,0,0,0,0,0,0,0.0,,0,0,,,,,,0,0,,,0,,,0,0,0.0,0,0,0.0,0,0,0,0,0,0,0,,
Joey Porter Jr.,101364,CB,PIT,17,646,0,25,0,9.8,63.4,100.0,7.4,4.7,1,5,12.2,41.8,0,28,4.0,1,3,84.3,26,217,33.6,217,2,24,41,0,289,61,1.5,11.1,0,2,11.9,66.7,100.0,17.3,11.5,2,3,10.0,65.5,1,54,11.1,3,2,84.4,20,360,55.7,360,6,22,30,0,293,114,0.8,14.7
DJ Turner II,101376,CB,CIN,11,329,0,7,0,12.0,57.1,100.0,10.1,5.8,0,4,28.6,67.3,0,26,0.0,0,4,73.2,8,90,27.4,90,1,8,14,0,79,25,1.0,9.9,0,2,15.0,50.0,100.0,16.7,8.4,0,4,18.2,63.8,0,22,12.5,2,4,72.2,11,195,59.3,195,1,12,22,0,150,40,0.8,13.6
Deonte Banks,101384,CB,NYG,14,444,0,21,0,12.0,62.5,100.0,6.6,4.1,0,4,12.5,33.4,0,55,7.7,1,3,136.7,20,143,32.2,143,0,12,32,4,330,113,2.5,16.5,0,1,11.5,71.4,99.6,9.6,6.9,0,5,14.3,62.0,0,49,4.2,1,5,108.3,25,247,55.6,248,4,22,35,1,312,52,1.3,12.5
Devon Witherspoon,101388,CB,SEA,17,641,0,29,2,12.7,50.0,92.9,13.2,6.6,0,4,15.4,65.2,0,22,15.4,2,3,92.0,13,184,28.7,198,3,9,26,2,141,37,0.8,10.8,0,4,3.2,81.3,92.5,8.4,6.8,0,3,6.3,67.0,0,40,16.7,7,3,99.2,39,345,53.8,373,18,31,48,0,375,287,1.1,9.6
Dane Belton,101398,S,NYG,14,258,0,21,1,8.9,71.4,94.9,17.6,12.6,0,1,14.3,42.0,0,32,16.7,1,1,147.6,5,94,36.4,99,0,4,7,1,78,23,0.9,15.6,0,5,5.9,85.7,93.2,10.9,9.4,0,2,14.3,57.5,0,23,11.8,2,2,129.8,12,136,52.7,146,4,10,14,1,132,72,1.0,11.0
Adisa Isaac,101406,ED,BLT,3,3,0,3,0,,,0.0,,,0,0,,,0,,,0,0,0.0,0,0,0.0,12,0,0,0,0,0,0,,,0,0,,,30.0,,,0,0,,62.0,0,,,0,0,0.0,0,3,100.0,10,0,0,0,0,0,0,0.0,
David Ojabo,101420,ED,BLT,15,21,0,3,0,,,5.9,,,0,0,,64.1,0,,,0,0,0.0,0,3,14.3,51,0,0,0,0,0,0,0.0,,0,1,3.3,66.7,13.0,8.5,5.7,0,0,0.0,40.6,0,25,25.0,1,0,109.7,2,18,85.7,138,2,2,3,0,40,28,2.4,20.0
Sam Okuayinonu,101425,ED,SF,16,4,0,28,0,,,0.0,,,0,0,,71.6,0,,50.0,1,0,0.0,0,0,0.0,63,3,1,0,0,0,0,,,0,0,8.0,100.0,2.4,2.0,2.0,0,0,0.0,48.5,0,13,0.0,0,0,112.5,2,4,100.0,167,1,4,2,0,22,6,5.5,11.0
Leo Chenal,101463,LB,KC,20,162,0,16,0,9.0,100.0,36.1,23.0,23.0,0,0,0.0,51.6,0,6,0.0,0,0,131.3,1,26,16.0,72,1,1,1,1,6,0,0.3,6.0,0,2,2.8,81.3,64.4,7.8,6.3,0,1,6.3,69.6,0,20,7.7,1,1,112.0,13,105,64.8,163,5,10,16,1,94,100,0.9,7.2
Maema Njongmeta,101465,LB,CIN,6,17,0,7,0,,,100.0,,,0,0,,61.0,0,,,0,0,0.0,0,2,11.8,2,0,0,0,0,0,0,0.0,,0,0,6.7,100.0,100.0,3.7,3.7,0,0,0.0,55.1,0,12,0.0,0,0,102.8,3,11,64.7,11,1,4,3,0,26,6,2.4,8.7
Tommy Eichenberg,101488,LB,LV,4,34,0,23,0,-5.0,50.0,70.0,7.0,3.5,0,0,0.0,34.0,0,20,100.0,1,0,85.4,1,7,20.6,10,0,0,2,0,20,25,2.9,20.0,0,1,1.3,100.0,96.2,7.3,7.3,0,0,0.0,28.6,0,19,0.0,0,0,106.9,3,25,73.5,26,0,1,3,0,29,25,1.3,9.7
Jack Campbell,101515,LB,DET,18,565,0,11,2,5.2,83.3,72.0,19.8,16.5,0,0,0.0,68.1,0,19,21.4,3,0,98.6,10,221,39.1,307,2,9,12,0,92,59,0.5,9.2,0,13,6.3,77.8,90.4,9.8,7.6,0,3,8.3,75.4,0,30,4.5,2,3,100.6,28,293,51.9,324,9,29,36,0,293,132,1.1,10.5
Jaquan Brisker,101665,S,CHI,5,168,0,6,1,5.0,100.0,91.4,30.0,30.0,0,0,0.0,55.5,0,6,25.0,1,0,91.7,1,32,19.0,35,1,2,1,0,6,1,0.2,6.0,0,3,10.7,88.9,100.0,15.1,13.4,0,0,0.0,65.8,1,29,17.6,3,0,69.2,8,126,75.0,126,3,11,9,0,91,16,0.8,11.4
Jared Verse,101912,ED,LA,19,31,0,26,0,7.0,100.0,0.8,1.0,1.0,0,0,0.0,36.9,0,4,60.0,3,0,122.9,1,1,3.2,133,3,2,1,1,4,0,4.0,4.0,0,0,0.8,100.0,7.0,6.0,6.0,0,0,0.0,57.0,0,9,71.4,5,0,85.4,4,24,77.4,343,4,2,4,0,18,15,0.8,4.5
Isaiah Land,102108,ED,IND,9,1,0,14,0,,,0.0,,,0,0,,,0,,,0,0,0.0,0,0,0.0,3,0,0,0,0,0,0,,,0,0,,,2.4,,,0,0,,60.0,0,,,0,0,0.0,0,1,100.0,41,0,0,0,0,0,0,0.0,
Kyle Hamilton,102684,S,BLT,19,724,0,3,2,6.3,62.5,97.7,15.3,9.5,1,2,8.3,76.0,0,20,4.3,1,1,86.1,15,252,34.8,258,8,20,24,1,104,29,0.5,6.9,0,4,5.9,75.0,90.2,13.0,9.8,0,2,5.6,79.7,1,35,22.7,10,1,86.0,27,370,51.1,410,11,30,36,1,205,106,0.6,7.6
Andre Carter II,102780,ED,LV,2,1,0,23,0,,,0.0,,,0,0,,,0,,,0,0,0.0,0,0,0.0,1,0,0,0,0,0,0,,,0,0,,,11.1,,,0,0,,60.0,0,,,0,0,0.0,0,1,100.0,9,1,0,0,0,0,0,0.0,
JD Bertrand,102787,LB,ATL,7,99,0,2,0,5.5,100.0,63.6,7.0,7.0,0,0,0.0,29.2,0,24,50.0,1,0,118.8,2,14,14.1,22,0,1,2,0,33,22,2.4,16.5,0,0,-0.2,100.0,84.7,5.3,5.3,0,0,0.0,59.9,0,13,8.3,1,0,89.4,11,61,61.6,72,1,11,11,0,60,62,1.0,5.5
Marist Liufau,102789,LB,DAL,17,196,0,9,3,5.7,66.7,44.0,15.5,10.3,0,0,0.0,35.9,0,6,20.0,1,0,72.9,2,33,16.8,75,1,1,3,0,11,14,0.4,5.5,0,3,4.4,89.5,83.5,7.6,6.8,0,2,10.5,52.8,0,17,20.0,3,2,98.5,17,137,69.9,164,2,9,19,0,145,83,1.1,8.5
Cam Hart,102955,CB,LAC,12,358,0,27,0,7.5,64.3,100.0,7.1,4.6,0,3,21.4,41.4,0,12,0.0,0,2,98.8,9,71,19.8,71,1,6,14,1,65,20,1.0,7.2,0,3,10.6,54.8,100.0,13.1,7.2,0,3,9.7,56.9,0,21,5.6,1,2,81.3,17,233,65.1,233,4,14,31,1,169,57,0.8,9.9
Jarius Monroe,103580,S,NYJ,2,11,0,22,1,,,100.0,,,0,0,,44.7,0,,0.0,0,0,0.0,0,4,36.4,4,0,0,0,0,0,0,0.0,,0,0,,,80.0,,,0,0,,61.5,0,,,0,0,0.0,0,4,36.4,5,0,0,0,0,0,0,0.0,
Omar Brown,103590,S,GB,1,7,0,12,0,,,,,,0,0,,,0,,,0,0,0.0,0,0,0.0,0,0,0,0,0,0,0,,,0,0,,,100.0,,,0,0,,61.3,0,,,0,0,0.0,0,7,100.0,7,0,0,0,0,0,0,0.0,
Kei'Trel Clark,104163,CB,ARZ,6,62,0,1,2,6.4,80.0,93.3,3.5,2.8,0,1,20.0,48.5,0,16,33.3,1,0,147.1,4,14,22.6,15,1,0,5,1,49,26,3.5,12.3,0,0,3.3,66.7,100.0,20.0,13.3,0,0,0.0,76.6,1,12,0.0,0,0,38.9,2,41,66.1,41,2,6,3,0,15,11,0.4,7.5
Jalyx Hunt,105989,ED,PHI,13,18,0,24,0,,,8.3,,,0,0,,57.2,0,,50.0,1,0,0.0,0,3,16.7,36,1,1,0,0,0,0,0.0,,0,0,-5.0,100.0,11.0,14.0,14.0,0,0,0.0,75.8,0,0,33.3,1,0,79.2,1,14,77.8,127,3,2,1,0,0,5,0.0,0.0
Brandon Codrington,106248,CB,BUF,4,48,0,4,0,13.3,66.7,100.0,4.0,2.7,0,0,0.0,33.0,0,10,0.0,0,0,123.6,2,11,22.9,11,0,1,3,1,19,1,2.4,9.5,0,0,8.3,71.4,100.0,4.0,2.9,0,0,0.0,68.1,0,10,0.0,0,0,123.8,5,21,43.8,21,2,4,7,1,38,6,1.9,7.6
Kenny Dyson Jr.,106277,ED,CAR,2,1,0,5,0,,,,,,0,0,,,0,,,0,0,0.0,0,0,0.0,0,0,0,0,0,0,0,,,0,0,,,20.0,,,0,0,,60.0,0,,,0,0,0.0,0,1,100.0,5,0,0,0,0,0,0,0.0,
DJ Coleman,106310,ED,JAX,1,1,0,15,0,,,0.0,,,0,0,,,0,,,0,0,0.0,0,0,0.0,2,0,0,0,0,0,0,,,0,0,-2.0,100.0,25.0,1.0,1.0,0,0,0.0,61.3,0,7,0.0,0,0,95.8,1,1,100.0,4,0,1,1,0,7,9,7.0,7.0
Joe Andreessen,108177,LB,BUF,6,65,0,4,0,-3.0,100.0,58.8,9.0,9.0,0,0,0.0,65.2,0,-1,,0,0,79.2,1,10,15.4,17,0,0,1,0,-1,2,-0.1,-1.0,0,3,6.6,80.0,97.3,8.5,6.8,0,0,0.0,68.0,0,14,0.0,0,0,100.0,4,36,55.4,37,3,5,5,0,40,10,1.2,10.0
Rodney Thomas II,108389,S,IND,15,45,0,14,0,,,100.0,,,0,0,,61.0,0,,,0,0,0.0,0,6,13.3,6,0,0,0,0,0,0,0.0,,0,1,,,100.0,,,0,0,,55.7,0,,0.0,0,0,0.0,0,26,57.8,26,0,1,0,0,0,0,0.0,
Michael Hoecht,108840,ED,LA,19,156,0,26,1,-1.0,100.0,26.2,10.0,10.0,0,1,50.0,64.1,0,7,50.0,1,1,79.2,2,22,14.1,84,0,0,2,0,-2,0,-0.1,-1.0,0,6,3.7,85.7,42.5,8.8,7.5,0,0,0.0,44.8,0,33,12.5,2,0,108.9,12,110,70.5,259,6,8,14,0,142,110,1.4,11.8
Dee Alford,110542,CB,ATL,16,498,0,2,1,11.7,53.6,100.0,6.8,3.6,1,7,25.0,54.3,0,16,8.3,1,5,108.9,15,111,22.3,111,1,10,28,4,152,35,1.5,10.1,0,6,6.4,81.1,94.2,5.6,4.6,0,5,9.4,53.5,0,52,20.5,9,4,106.3,43,261,52.4,277,10,29,53,1,424,204,1.8,9.9
D'Anthony Bell,111578,S,CLV,3,32,0,8,0,,,93.8,,,0,0,,66.0,0,,,0,0,0.0,0,15,46.9,16,0,0,0,0,0,0,0.0,,0,0,3.0,100.0,62.5,5.0,5.0,0,0,0.0,38.3,0,34,50.0,1,0,118.8,2,10,31.3,16,0,1,2,0,40,34,4.0,20.0
Natrone Brooks,121449,CB,ATL,5,27,0,2,0,,,75.0,,,0,0,,62.9,0,,,0,0,0.0,0,3,11.1,4,0,0,0,0,0,0,0.0,,0,1,1.3,75.0,90.0,5.7,4.3,0,1,25.0,68.3,0,11,50.0,1,1,88.5,3,18,66.7,20,0,0,4,0,23,14,1.4,7.7
Tyrice Knight,122025,LB,SEA,12,275,0,29,3,1.5,75.0,78.7,21.7,16.3,0,0,0.0,57.5,0,11,0.0,0,0,85.4,3,70,25.5,89,0,1,4,0,20,19,0.3,6.7,0,6,1.6,78.1,89.9,6.1,4.8,0,2,6.3,60.4,0,35,7.7,2,1,96.2,25,161,58.5,179,6,18,32,0,227,210,1.5,9.1
Bryan Bresee,122142,DI,NO,17,4,0,20,0,,,0.0,,,0,0,,61.7,0,,50.0,1,0,0.0,0,0,0.0,150,4,1,0,0,0,0,,,0,0,,,1.4,,,0,0,,60.0,0,,25.0,1,0,0.0,0,4,100.0,282,5,3,0,0,0,0,0.0,
Myles Murphy,122154,ED,CIN,13,22,0,7,0,,,4.6,,,0,0,,62.1,0,,,0,0,0.0,0,3,13.6,65,0,0,0,0,0,0,0.0,,0,1,-3.5,100.0,12.1,3.3,3.3,0,0,0.0,61.2,0,29,40.0,2,0,103.1,4,15,68.2,124,1,2,4,0,35,49,2.7,8.8
Trenton Simpson,122157,LB,BLT,16,354,0,3,1,1.7,100.0,80.5,26.3,26.3,0,0,0.0,60.8,0,34,0.0,0,0,158.3,3,91,25.7,113,2,0,3,1,52,47,0.7,17.3,0,4,3.2,90.0,88.8,10.4,9.4,0,2,10.0,61.4,0,26,15.8,3,2,100.8,18,198,55.9,223,3,12,20,0,164,111,0.9,9.1
T.J. Tampa,122537,CB,BLT,3,7,0,3,0,4.0,100.0,100.0,1.0,1.0,0,0,0.0,73.5,0,4,0.0,0,0,83.3,1,1,14.3,1,1,1,1,0,4,0,4.0,4.0,0,0,,,100.0,,,0,0,,38.4,0,,,0,0,0.0,0,5,71.4,5,0,0,0,0,0,0,0.0,
Felix Anudike-Uzomah,122582,ED,KC,20,11,0,16,0,,,1.5,,,0,0,,60.3,0,,0.0,0,0,0.0,0,1,9.1,65,0,1,0,0,0,0,0.0,,0,0,,,9.1,,,0,0,,53.5,0,,33.3,2,0,0.0,0,9,81.8,99,3,4,0,0,0,0,0.0,
Yaya Diaby,122705,ED,TB,18,99,0,30,0,1.5,100.0,8.6,4.5,4.5,0,0,0.0,52.7,0,18,50.0,1,0,118.8,2,9,9.1,105,0,1,2,0,32,29,3.6,16.0,0,1,6.1,100.0,19.7,10.1,10.1,0,0,0.0,54.2,0,18,33.3,4,0,104.7,8,84,84.8,427,8,7,8,0,73,24,0.9,9.1
Cedric Gray,122835,LB,TEN,3,9,0,31,0,0.0,100.0,100.0,4.0,4.0,0,0,0.0,32.6,0,31,,0,0,118.8,1,4,44.4,4,0,0,1,0,31,31,7.8,31.0,0,1,4.0,0.0,100.0,,4.0,0,0,0.0,65.0,0,,0.0,0,0,39.6,0,4,44.4,4,0,0,1,0,0,0,0.0,
Caelen Carson,123377,CB,DAL,5,137,0,9,0,10.2,66.7,100.0,4.1,2.8,0,2,16.7,40.2,0,27,0.0,0,2,120.5,8,35,25.5,35,1,4,12,1,101,29,3.1,12.6,0,1,10.5,87.5,100.0,5.6,4.9,0,1,6.3,37.0,0,56,25.0,4,1,118.8,14,86,62.8,86,3,11,16,0,232,107,2.9,16.6
Art Green,123666,CB,NYG,2,26,0,21,0,8.0,100.0,100.0,11.0,11.0,0,0,0.0,67.8,0,8,0.0,0,0,100.0,1,11,42.3,11,1,1,1,0,8,0,0.7,8.0,0,0,12.5,100.0,100.0,7.5,7.5,0,0,0.0,38.9,0,26,0.0,0,0,118.8,2,15,57.7,15,0,2,2,0,32,7,2.1,16.0
Will Anderson Jr.,123903,ED,HST,16,10,0,13,0,,,0.0,,,0,0,,,0,,,0,0,0.0,0,0,0.0,136,3,0,0,0,0,0,,,0,0,,,3.3,,,0,0,,78.1,0,,25.0,1,0,0.0,0,8,80.0,240,9,3,0,0,0,0,0.0,
Brian Branch,123907,S,DET,17,622,0,11,3,9.0,59.5,95.6,10.9,6.5,0,9,21.4,69.1,3,31,14.3,5,7,73.7,25,301,48.4,315,8,27,42,3,282,92,1.0,11.3,0,3,7.1,79.3,92.0,10.9,8.7,2,3,10.3,73.3,0,26,17.5,7,3,94.1,23,265,42.6,288,9,30,29,0,191,86,0.8,8.3
Chris Braswell,123908,ED,TB,18,34,0,30,0,,,3.0,,,0,0,,60.0,0,,,0,0,0.0,0,1,2.9,33,1,0,0,0,0,0,,,0,0,3.2,100.0,18.2,6.0,6.0,0,0,0.0,49.2,0,19,20.0,1,0,100.8,5,31,91.2,170,2,4,5,0,41,25,1.4,8.2
Drew Sanders,123933,LB,DEN,4,12,0,10,0,,,80.0,,,0,0,,42.8,0,,100.0,1,0,0.0,0,4,33.3,5,0,0,0,0,0,0,0.0,,0,1,5.0,100.0,77.8,3.0,3.0,0,0,0.0,48.6,0,8,0.0,0,0,100.0,2,7,58.3,9,1,0,2,0,16,6,2.7,8.0
Jalen Carter,124019,DI,PHI,20,4,0,24,1,,,0.6,,,0,0,,60.2,0,,0.0,0,0,0.0,0,1,25.0,179,2,1,0,0,0,0,0.0,,0,0,,,0.5,,,0,0,,50.2,0,,0.0,0,0,0.0,0,2,50.0,377,1,3,0,0,0,0,0.0,
Kelee Ringo,124035,CB,PHI,14,80,0,24,0,,,94.7,,,0,0,,65.2,0,,100.0,1,0,0.0,0,18,22.5,19,0,0,0,0,0,0,0.0,,0,0,18.7,66.7,100.0,15.5,10.3,0,0,0.0,59.6,0,29,0.0,0,0,109.7,2,31,38.8,31,0,2,3,0,45,20,1.5,22.5
Andru Phillips,124075,CB,NYG,14,335,0,21,0,8.3,66.7,98.4,9.6,6.4,0,0,0.0,54.8,0,43,23.1,3,0,120.4,12,126,37.6,128,3,10,18,1,191,108,1.7,15.9,0,4,-0.2,92.9,91.8,6.3,5.8,0,0,0.0,84.3,1,32,12.9,4,0,77.1,26,169,50.4,184,14,23,28,0,170,181,1.0,6.5
Ali Gaye,124095,ED,TEN,14,4,0,31,0,,,4.3,,,0,0,,60.0,0,,,0,0,0.0,0,1,25.0,23,0,0,0,0,0,0,0.0,,0,0,,,7.3,,,0,0,,62.8,0,,0.0,0,0,0.0,0,3,75.0,41,1,1,0,0,0,0,0.0,
Dwight McGlothern,124103,CB,MIN,2,12,0,18,0,3.0,0.0,100.0,,3.0,0,0,0.0,76.3,0,,,0,0,39.6,0,3,25.0,3,0,0,1,0,0,0,0.0,,0,0,22.0,0.0,100.0,,8.0,0,0,0.0,75.6,0,,,0,0,39.6,0,8,66.7,8,0,0,1,0,0,0,0.0,
Eli Ricks,124109,CB,PHI,2,9,0,24,0,,,,,,0,0,,,0,,,0,0,0.0,0,0,0.0,0,0,0,0,0,0,0,,,0,0,,,100.0,,,0,0,,65.7,0,,0.0,0,0,0.0,0,5,55.6,5,0,1,0,0,0,0,0.0,
Cedric Johnson,124136,ED,CIN,7,2,0,7,0,,,5.3,,,0,0,,61.6,0,,0.0,0,0,0.0,0,1,50.0,19,0,1,0,0,0,0,0.0,,0,0,,,4.0,,,0,0,,60.9,0,,0.0,0,0,0.0,0,1,50.0,25,2,1,0,0,0,0,0.0,
Deane Leonard,124140,CB,LAC,7,62,0,27,0,11.3,33.3,100.0,12.0,4.0,0,2,66.7,64.7,0,12,0.0,0,1,46.5,1,13,21.0,13,1,1,3,0,12,5,1.0,12.0,0,1,9.3,66.7,100.0,8.5,5.7,0,1,16.7,77.2,1,11,20.0,1,1,41.0,4,37,59.7,37,1,3,6,0,33,22,1.0,8.3
Tavius Robinson,124147,ED,BLT,19,18,0,3,1,,,1.2,,,0,0,,67.6,0,,0.0,0,0,0.0,0,1,5.6,85,2,1,0,0,0,0,0.0,,0,0,-1.3,66.7,9.1,8.0,5.3,0,1,33.3,83.8,0,21,0.0,0,1,86.8,2,16,88.9,175,3,5,3,0,21,29,1.3,10.5
Emmanuel Forbes,124166,CB,LA,7,83,0,26,0,17.5,50.0,100.0,6.0,3.0,0,0,0.0,35.6,0,14,0.0,0,0,69.8,2,14,16.9,14,0,1,4,0,25,6,2.1,12.5,0,2,11.3,85.7,100.0,9.3,8.0,0,0,0.0,44.7,0,29,25.0,2,0,113.7,6,57,68.7,57,0,4,7,0,79,29,1.4,13.2
Decamerion Richardson,124183,CB,LV,11,357,0,23,0,18.5,52.6,100.0,9.4,4.9,0,2,10.5,28.5,0,39,0.0,0,1,106.3,10,105,29.4,105,0,8,19,1,195,43,2.1,19.5,0,4,10.7,78.3,100.0,11.3,8.9,0,1,4.3,54.9,0,24,11.5,3,1,105.1,18,217,60.8,217,6,19,23,0,212,65,1.0,11.8
Tyrus Wheat,124191,ED,DAL,7,1,0,9,0,,,0.0,,,0,0,,,0,,,0,0,0.0,0,0,0.0,25,0,0,0,0,0,0,,,0,0,,,2.2,,,0,0,,64.1,0,,0.0,0,0,0.0,0,1,100.0,46,1,2,0,0,0,0,0.0,
Kris Abrams-Draine,124194,CB,DEN,5,91,0,10,0,22.0,25.0,100.0,20.0,5.0,0,1,25.0,71.7,0,14,,0,1,41.7,1,20,22.0,20,0,0,4,0,14,0,0.7,14.0,0,1,11.7,36.4,100.0,12.8,4.6,0,1,9.1,77.2,1,24,0.0,0,1,17.2,4,53,58.2,53,1,6,11,0,60,20,1.2,15.0
Jaylon Carlies,124196,LB,IND,10,86,0,14,0,,,90.0,,,0,0,,76.5,0,,,0,0,0.0,0,9,10.5,10,1,0,0,0,0,0,0.0,,0,2,2.8,92.3,88.5,5.4,5.0,0,1,7.7,81.5,0,15,7.7,1,1,89.7,12,69,80.2,78,5,10,13,0,72,32,1.1,6.0
Ennis Rakestraw Jr.,124215,CB,DET,6,23,0,11,0,19.0,50.0,100.0,10.0,5.0,0,0,0.0,64.4,0,28,0.0,0,0,95.8,1,10,43.5,10,0,1,2,0,28,4,2.8,28.0,0,0,39.0,0.0,100.0,,7.0,0,0,0.0,29.1,0,,0.0,0,0,39.6,0,7,30.4,7,0,1,1,0,0,0,0.0,
Edgerrin Cooper,124311,LB,GB,15,274,0,12,0,3.5,50.0,49.3,32.0,16.0,0,0,0.0,65.8,0,12,100.0,2,0,68.8,1,36,13.1,73,1,0,2,0,12,17,0.4,12.0,0,6,3.9,75.0,92.5,7.0,5.2,1,2,5.6,87.7,1,28,12.5,4,2,79.4,27,196,71.5,212,13,22,36,0,228,165,1.2,8.4
Antonio Johnson,124326,S,JAX,17,444,0,15,0,7.1,73.3,93.6,13.5,9.9,0,1,6.7,44.9,0,28,17.6,3,0,97.9,11,161,36.3,172,1,14,15,0,125,67,0.8,11.4,0,4,10.8,70.0,99.6,15.1,10.6,0,1,5.0,32.2,0,63,7.1,2,1,105.6,14,229,51.6,230,6,22,20,0,217,90,1.0,15.5
Jaylon Jones,124328,CB,IND,17,641,0,14,0,8.0,30.0,100.0,28.3,8.5,0,2,20.0,72.7,0,8,0.0,0,2,39.6,3,90,14.0,90,1,5,10,0,17,2,0.2,5.7,0,8,11.6,71.2,100.0,9.3,6.7,2,8,12.1,63.0,1,39,12.9,8,7,98.2,47,461,71.9,461,11,46,66,1,602,172,1.4,12.8
Gervon Dexter Sr.,124374,DI,CHI,15,5,0,6,0,,,0.0,,,0,0,,61.4,0,,,0,0,0.0,0,0,0.0,65,1,0,0,0,0,0,,,0,0,,,1.1,,,0,0,,67.1,0,,33.3,2,0,0.0,0,3,60.0,262,6,4,0,0,0,0,0.0,
Junior Colson,124827,LB,LAC,11,127,0,27,0,-1.5,100.0,65.2,7.0,7.0,0,0,0.0,61.2,0,11,33.3,1,0,135.4,2,15,11.8,23,1,2,2,1,14,17,1.0,7.0,0,3,6.3,66.7,91.8,9.4,6.3,0,1,8.3,31.7,0,26,0.0,0,1,93.4,8,78,61.4,85,2,8,12,0,103,58,1.4,12.9
Mekhi Wingo,128050,DI,DET,11,1,0,11,0,,,0.0,,,0,0,,60.0,0,,0.0,0,0,0.0,0,0,0.0,39,0,1,0,0,0,0,,,0,0,,,1.8,,,0,0,,60.4,0,,0.0,0,0,0.0,0,1,100.0,55,1,2,0,0,0,0,0.0,
Segun Olubi,128312,LB,IND,1,4,0,14,1,14.0,100.0,100.0,2.0,2.0,0,0,0.0,34.2,0,25,0.0,0,0,118.8,1,2,50.0,2,0,0,1,0,25,11,12.5,25.0,0,0,,,100.0,,,0,0,,60.0,0,,,0,0,0.0,0,1,25.0,1,0,0,0,0,0,0,0.0,
Lukas Van Ness,129482,ED,GB,18,11,0,12,0,,,1.8,,,0,0,,60.0,0,,,0,0,0.0,0,1,9.1,56,0,0,0,0,0,0,0.0,,0,0,-2.0,100.0,5.7,5.0,5.0,0,1,50.0,67.4,0,8,0.0,0,0,95.8,2,10,90.9,175,3,3,2,0,14,18,1.4,7.0
Jakorian Bennett,129496,CB,LV,10,294,0,23,0,15.7,43.5,100.0,9.0,3.9,0,7,30.4,51.6,0,24,33.3,3,6,62.8,10,94,32.0,94,0,6,23,0,135,35,1.5,13.5,0,3,7.0,60.0,100.0,24.7,14.8,1,0,0.0,60.3,0,9,25.0,3,0,65.4,6,162,55.1,162,1,6,10,0,32,30,0.2,5.3
Beau Brade,129499,S,BLT,2,4,0,3,0,,,100.0,,,0,0,,60.0,0,,,0,0,0.0,0,1,25.0,1,0,0,0,0,0,0,0.0,,0,0,,,100.0,,,0,0,,54.2,0,,100.0,1,0,0.0,0,3,75.0,3,0,0,0,0,0,0,0.0,
Tarheeb Still,129537,CB,LAC,15,536,0,27,0,8.3,61.1,98.2,8.9,5.4,0,1,5.6,67.2,0,23,0.0,0,1,113.9,11,108,20.1,110,3,9,18,2,103,47,1.1,9.4,0,4,9.6,67.4,98.8,10.3,6.9,0,3,6.5,76.5,3,60,19.0,8,2,62.6,31,340,63.4,344,10,30,46,0,348,127,1.1,11.2
Jaylen Harrell,129579,ED,TEN,17,12,0,31,0,,,7.4,,,0,0,,61.1,0,,100.0,1,0,0.0,0,2,16.7,27,0,0,0,0,0,0,0.0,,0,1,,,6.5,,,0,0,,65.1,0,,0.0,0,0,0.0,0,6,50.0,92,0,1,0,0,0,0,0.0,
Kris Jenkins,129584,DI,CIN,15,1,0,7,0,,,1.7,,,0,0,,60.0,0,,100.0,1,0,0.0,0,1,100.0,60,0,0,0,0,0,0,0.0,,0,1,,,0.0,,,0,0,,54.5,0,,50.0,1,0,0.0,0,0,0.0,158,3,0,0,0,0,0,,
Ji'Ayir Brown,129767,S,SF,17,482,0,28,0,4.0,70.0,97.5,16.1,11.3,0,2,20.0,63.4,1,22,10.0,1,1,44.2,7,119,24.7,122,4,9,10,0,56,33,0.5,8.0,0,2,7.2,57.9,96.8,26.6,15.4,1,3,15.8,67.5,0,20,4.0,1,3,88.3,11,304,63.1,314,4,22,19,1,93,29,0.3,8.5
Curtis Jacobs,129785,LB,NE,3,6,0,19,0,,,25.0,,,0,0,,60.0,0,,,0,0,0.0,0,1,16.7,4,0,0,0,0,0,0,0.0,,0,1,9.0,100.0,66.7,4.0,4.0,0,0,0.0,47.6,0,9,0.0,0,0,104.2,1,4,66.7,6,0,0,1,0,9,0,2.3,9.0
Sanoussi Kane,129820,S,BLT,3,8,0,3,0,,,100.0,,,0,0,,62.5,0,,,0,0,0.0,0,3,37.5,3,0,0,0,0,0,0,0.0,,0,0,,,100.0,,,0,0,,62.9,0,,,0,0,0.0,0,5,62.5,5,0,0,0,0,0,0,0.0,
Max Melton,129889,CB,ARZ,17,352,0,1,0,14.3,50.0,100.0,11.1,5.6,0,0,0.0,66.3,0,30,11.1,1,0,73.5,7,80,22.7,80,2,8,14,0,100,11,1.3,14.3,0,2,10.0,77.8,100.0,10.8,8.4,0,1,3.7,48.8,0,31,9.7,3,1,107.1,21,239,67.9,239,5,26,27,0,262,92,1.2,12.5
Nick Herbig,129920,ED,PIT,14,40,0,25,0,,,5.6,,,0,0,,55.5,0,,100.0,1,0,0.0,0,5,12.5,90,2,0,0,0,0,0,0.0,,0,2,7.5,100.0,21.3,7.8,7.8,0,0,0.0,48.2,0,25,40.0,2,0,118.8,4,33,82.5,155,4,1,4,0,52,22,1.7,13.0
Quinyon Mitchell,130628,CB,PHI,20,764,0,24,1,12.0,55.0,100.0,14.4,7.9,0,4,20.0,79.6,1,32,11.1,1,3,86.5,11,180,23.6,180,1,7,20,2,125,20,0.8,11.4,0,1,14.8,43.5,100.0,19.7,8.5,2,11,23.9,77.8,1,33,16.7,4,7,58.8,20,410,53.7,410,4,19,46,1,246,43,0.6,12.3
Byron Murphy II,131252,DI,SEA,14,2,0,29,1,,,3.4,,,0,0,,47.9,0,,0.0,0,0,0.0,0,2,100.0,59,1,0,0,0,0,0,0.0,,0,0,,,0.0,,,0,0,,62.7,0,,66.7,2,0,0.0,0,0,0.0,148,1,1,0,0,0,0,,
Christian Gonzalez,131679,CB,NE,16,563,0,19,1,11.8,52.2,100.0,9.2,4.8,1,7,15.2,66.3,0,25,0.0,0,3,74.5,24,247,43.9,247,5,19,46,1,240,74,1.1,10.0,0,0,13.1,58.1,99.6,14.7,8.5,0,2,6.5,79.7,2,58,4.2,1,2,51.7,18,277,49.2,278,3,23,31,0,209,66,0.8,11.6
Mitchell Agude,131787,ED,DET,3,1,0,11,0,,,0.0,,,0,0,,61.5,0,,0.0,0,0,0.0,0,0,0.0,11,0,1,0,0,0,0,,,0,0,,,8.3,,,0,0,,60.0,0,,,0,0,0.0,0,1,100.0,12,0,0,0,0,0,0,0.0,
Tuli Tuipulotu,131840,ED,LAC,18,74,0,27,0,,,17.5,,,0,0,,66.0,0,,0.0,0,0,0.0,0,17,23.0,97,2,1,0,0,0,0,0.0,,0,1,7.5,100.0,12.2,18.5,18.5,0,1,50.0,63.9,0,25,60.0,3,1,118.8,2,38,51.4,311,7,1,2,0,36,21,1.0,18.0
Clark Phillips III,131871,CB,ATL,16,255,0,2,0,12.6,20.0,100.0,43.0,8.6,0,1,20.0,85.2,0,9,50.0,1,1,79.2,1,45,17.6,45,1,1,5,1,9,4,0.2,9.0,0,0,13.1,81.3,99.3,10.5,8.6,0,1,6.3,60.5,0,67,21.1,4,0,113.0,13,142,55.7,143,5,15,16,0,178,50,1.3,13.7
Chau Smith-Wade,131956,CB,CAR,10,183,0,5,1,10.3,66.7,98.5,7.8,5.2,0,0,0.0,40.0,0,23,0.0,0,0,82.6,8,66,36.1,67,1,6,12,0,72,18,1.2,9.0,0,1,7.3,61.5,89.6,10.1,6.2,0,0,0.0,61.5,1,15,9.1,1,0,65.2,8,86,47.0,96,3,9,13,1,57,48,0.7,7.1
Jaylen Watson,131960,CB,KC,9,309,0,16,0,20.0,18.2,100.0,44.0,8.0,1,4,36.4,90.4,0,21,0.0,0,3,39.6,2,96,31.1,96,1,2,11,0,21,12,0.2,10.5,0,1,12.0,86.7,97.5,11.1,9.6,1,1,6.7,59.2,0,47,5.0,1,0,141.0,13,155,50.2,159,3,18,15,1,208,54,1.4,16.0
Sam Webb,134606,CB,LV,1,4,0,23,0,,,100.0,,,0,0,,61.9,0,,,0,0,0.0,0,2,50.0,2,0,0,0,0,0,0,0.0,,0,0,,,100.0,,,0,0,,60.0,0,,,0,0,0.0,0,1,25.0,1,0,0,0,0,0,0,0.0,
Myles Harden,141857,CB,CLV,4,34,0,8,0,13.0,66.7,100.0,9.5,6.3,0,0,0.0,30.8,0,15,0.0,0,0,99.3,2,19,55.9,19,0,2,3,0,30,0,1.6,15.0,0,0,1.6,80.0,100.0,3.5,2.8,0,0,0.0,45.6,0,8,50.0,1,0,90.0,4,14,41.2,14,0,1,5,0,28,26,2.0,7.0
Malik Mustapha,142358,S,SF,15,409,0,28,1,6.1,57.1,98.0,22.3,12.7,1,1,14.3,44.1,1,19,40.0,2,1,69.9,4,96,23.5,98,0,2,7,2,34,25,0.4,8.5,0,4,7.4,25.0,97.9,132.5,33.1,0,2,25.0,72.9,0,7,18.8,3,2,39.6,2,274,67.0,280,1,9,8,0,8,13,0.0,4.0
Kamren Kinchens,143946,S,LA,18,429,0,26,1,5.1,72.7,100.0,12.9,9.4,0,0,0.0,68.7,1,31,23.5,4,0,101.5,8,112,26.1,112,2,12,11,2,98,58,1.0,12.3,0,3,7.1,88.2,99.6,15.9,14.1,0,2,11.8,69.6,2,51,8.0,2,2,88.1,15,253,59.0,254,5,20,17,1,169,96,0.7,11.3
James Williams,143955,LB,TEN,4,43,0,31,0,3.0,0.0,80.0,,11.0,0,0,0.0,44.6,0,,,0,0,39.6,0,12,27.9,15,0,0,1,0,0,0,0.0,,0,2,3.0,100.0,96.3,8.3,8.3,0,0,0.0,70.3,0,10,0.0,0,0,100.0,3,26,60.5,27,2,4,3,0,24,15,1.0,8.0
Jeremiah Trotter Jr.,144142,LB,PHI,7,56,0,24,0,,,100.0,,,0,0,,84.8,0,,,0,0,0.0,0,3,5.4,3,0,0,0,0,0,0,0.0,,0,1,3.0,66.7,85.3,14.0,9.3,0,0,0.0,77.1,0,5,0.0,0,0,70.1,2,29,51.8,34,3,4,3,0,8,2,0.3,4.0
Nate Wiggins,144143,CB,BLT,17,554,0,3,1,12.0,52.5,100.0,8.8,4.6,0,4,10.0,55.0,0,39,6.3,1,3,75.3,21,205,37.0,205,5,14,40,0,283,68,1.5,13.5,0,0,10.5,53.8,99.7,19.5,10.5,1,4,15.4,76.4,1,44,22.2,4,3,58.3,14,287,51.8,288,4,14,26,0,171,59,0.6,12.2
Cooper DeJean,144867,CB,PHI,18,606,0,24,0,8.7,54.2,99.4,10.5,5.7,1,3,12.5,79.6,0,24,7.7,1,3,63.5,13,153,25.2,154,4,12,24,0,94,44,0.7,7.2,0,5,4.2,73.3,96.1,6.9,5.1,1,4,6.7,77.5,1,50,15.4,6,4,82.3,44,319,52.6,332,13,28,60,0,375,285,1.2,8.5
Chop Robinson,144901,ED,MIA,17,51,0,17,0,,,7.0,,,0,0,,63.4,0,,0.0,0,0,0.0,0,7,13.7,100,1,1,0,0,0,0,0.0,,0,0,2.3,100.0,15.9,8.5,8.5,0,0,0.0,49.6,0,16,40.0,4,0,112.5,4,39,76.5,245,6,6,4,0,44,35,1.3,11.0
Austin Booker,144990,ED,CHI,17,9,0,6,0,,,5.3,,,0,0,,60.0,0,,,0,0,0.0,0,1,11.1,19,0,0,0,0,0,0,0.0,,0,1,,,6.1,,,0,0,,70.6,0,,14.3,1,0,0.0,0,8,88.9,131,4,5,0,0,0,0,0.0,
Michael Hall Jr.,145076,DI,CLV,8,5,0,8,0,,,1.6,,,0,0,,60.0,0,,,0,0,0.0,0,1,20.0,62,0,0,0,0,0,0,0.0,,0,0,15.0,100.0,4.8,4.0,4.0,0,0,0.0,60.9,0,20,0.0,0,0,118.8,1,4,80.0,83,3,2,1,0,20,5,5.0,20.0
Tre Hawkins III,145387,CB,NYG,2,41,0,21,0,,,100.0,,,0,0,,65.9,0,,,0,0,0.0,0,8,19.5,8,0,0,0,0,0,0,0.0,,0,1,17.0,57.1,100.0,7.8,4.4,0,1,14.3,79.8,1,30,0.0,0,1,45.8,4,33,80.5,33,1,3,7,0,60,8,1.9,15.0
Thomas Incoom,145694,ED,CAR,5,4,0,5,0,,,0.0,,,0,0,,,0,,,0,0,0.0,0,0,0.0,3,0,0,0,0,0,0,,,0,0,7.0,100.0,22.2,2.0,2.0,0,0,0.0,48.7,0,12,50.0,1,0,100.0,2,4,100.0,18,1,1,2,0,16,2,4.0,8.0
Bo Richter,145962,ED,MIN,3,4,0,18,0,,,0.0,,,0,0,,,0,,,0,0,0.0,0,0,0.0,11,0,0,0,0,0,0,,,0,0,,,33.3,,,0,0,,64.9,0,,0.0,0,0,0.0,0,4,100.0,12,0,1,0,0,0,0,0.0,
Morice Norris Jr.,146033,S,DET,1,8,0,11,0,4.5,100.0,100.0,3.0,3.0,0,0,0.0,52.1,0,10,0.0,0,0,87.5,2,6,75.0,6,0,1,2,0,10,1,1.7,5.0,0,0,16.0,100.0,100.0,2.0,2.0,0,0,0.0,42.3,0,20,0.0,0,0,118.8,1,2,25.0,2,0,1,1,0,20,4,10.0,20.0
Calen Bullock,146424,S,HST,19,683,0,13,2,11.4,60.0,100.0,58.3,35.0,0,0,0.0,43.4,2,15,13.3,2,0,38.3,3,190,27.8,190,1,11,5,0,31,14,0.2,10.3,0,5,22.3,45.0,99.7,42.4,19.1,1,3,15.0,53.3,3,30,24.0,6,3,40.4,9,396,58.0,397,0,14,20,1,114,36,0.3,12.7
Cole Bishop,146454,S,BUF,13,275,0,4,3,5.1,57.1,95.1,16.3,9.3,0,0,0.0,53.4,0,20,21.4,3,0,116.1,4,78,28.4,82,1,8,7,1,45,21,0.7,11.3,0,1,7.1,85.7,97.3,23.2,19.9,0,0,0.0,47.4,0,16,22.2,2,0,103.6,6,142,51.6,146,1,6,7,0,62,41,0.4,10.3
Jonah Elliss,146458,ED,DEN,18,51,0,10,0,4.0,100.0,7.6,3.5,3.5,0,0,0.0,60.4,0,6,0.0,0,0,120.8,2,7,13.7,92,3,2,2,1,7,2,1.0,3.5,0,1,7.2,83.3,24.2,7.2,6.0,0,0,0.0,29.3,0,21,14.3,1,0,103.5,5,40,78.4,165,4,5,6,0,53,14,1.5,10.6
Jaden Hicks,146512,S,KC,18,288,0,16,1,2.2,100.0,94.9,14.0,14.0,0,0,0.0,70.6,1,20,0.0,0,0,64.6,5,75,26.0,79,2,5,5,0,45,34,0.6,9.0,0,0,11.5,80.0,93.9,19.6,15.7,0,1,10.0,68.2,1,38,0.0,0,1,100.4,8,169,58.7,180,6,12,10,1,96,34,0.6,12.0
Kool-Aid McKinstry,146602,CB,NO,14,430,0,20,0,16.3,33.3,98.5,24.8,8.3,0,3,20.0,72.3,0,24,20.0,1,2,64.9,5,131,30.5,133,1,4,15,1,46,-1,0.4,9.2,0,4,12.0,68.4,98.9,9.5,6.5,2,3,7.9,57.3,0,46,11.5,3,3,106.3,26,260,60.5,263,5,19,38,1,350,126,1.4,13.5
Terrion Arnold,146603,CB,DET,17,699,0,11,3,13.9,50.0,100.0,9.8,4.9,0,7,11.7,45.9,0,40,7.7,2,6,78.2,30,325,46.5,325,4,21,60,1,416,102,1.4,13.9,0,3,10.3,81.1,99.7,9.7,7.9,0,2,5.4,54.2,0,45,10.3,3,2,136.0,30,311,44.5,312,8,23,37,3,376,142,1.3,12.5
Dallas Turner,146604,ED,MIN,17,55,0,18,0,,,2.4,,,0,0,,61.6,0,,0.0,0,0,0.0,0,1,1.8,41,1,1,0,0,0,0,0.0,,0,2,6.3,80.0,33.8,5.6,4.5,0,0,0.0,77.7,1,17,14.3,1,0,51.3,8,47,85.5,139,2,4,10,0,58,22,1.3,7.3
Javon Bullard,146726,S,GB,16,490,0,12,1,7.8,81.3,97.8,6.1,4.9,0,1,6.3,28.4,0,31,18.2,2,1,109.6,13,87,17.8,89,0,8,16,0,165,90,2.1,12.7,0,3,6.5,90.6,95.5,10.6,9.6,0,0,0.0,58.7,0,31,9.8,4,0,136.7,29,319,65.1,334,14,34,32,3,298,122,1.0,10.3
Kamari Lassiter,146727,CB,HST,16,552,0,13,1,13.4,31.0,100.0,17.6,5.4,0,4,13.8,60.8,1,49,12.5,1,4,60.3,9,170,30.8,170,2,6,29,2,165,91,1.0,18.3,0,3,13.0,57.5,98.8,13.4,7.7,0,2,5.0,79.1,2,28,10.3,3,1,71.2,23,324,58.7,328,11,23,40,2,244,62,0.8,10.6
Trevin Wallace,146747,LB,CAR,11,261,0,5,0,-6.0,100.0,81.9,26.5,26.5,0,0,0.0,76.4,0,5,33.3,1,0,79.2,2,59,22.6,72,1,2,2,0,5,17,0.1,2.5,0,5,4.0,82.4,87.2,9.1,7.5,0,0,0.0,58.4,0,42,11.8,2,0,157.4,14,143,54.8,164,4,10,17,2,210,158,1.6,15.0
Marcellas Dial,146902,CB,NE,3,31,0,19,0,13.0,100.0,100.0,5.7,5.7,0,0,0.0,44.7,0,20,0.0,0,0,118.8,3,17,54.8,17,0,3,3,0,42,3,2.5,14.0,0,0,0.0,0.0,100.0,,12.0,0,0,0.0,68.1,0,,,0,0,39.6,0,12,38.7,12,0,0,1,0,0,0,0.0,
Byron Young,146932,ED,LA,19,154,0,26,0,,,4.9,,,0,0,,65.3,0,,50.0,1,0,0.0,0,7,4.5,143,4,1,0,0,0,0,0.0,,0,4,2.1,68.4,37.0,9.4,6.4,0,0,0.0,62.1,0,18,22.2,4,0,77.1,13,125,81.2,338,12,10,19,0,82,64,0.7,6.3
Daijahn Anthony,147537,S,CIN,6,12,0,7,0,,,100.0,,,0,0,,29.9,0,,,0,0,0.0,0,7,58.3,7,0,0,0,0,0,0,0.0,,0,0,,,100.0,,,0,0,,30.4,0,,,0,0,0.0,0,4,33.3,4,0,0,0,0,0,0,0.0,
Julius Wood,151039,S,TEN,1,2,0,31,0,,,100.0,,,0,0,,60.0,0,,,0,0,0.0,0,1,50.0,1,0,0,0,0,0,0,0.0,,0,0,,,100.0,,,0,0,,60.0,0,,,0,0,0.0,0,1,50.0,1,0,0,0,0,0,0,0.0,
Kader Kohou,156070,CB,MIA,15,473,0,17,1,7.4,70.6,98.2,8.7,6.1,0,1,5.9,46.8,0,22,20.0,2,1,106.5,12,112,23.7,114,0,7,17,1,106,51,1.0,8.8,0,2,6.1,57.9,95.1,12.6,7.3,0,2,5.3,81.4,2,23,13.3,4,2,45.2,22,290,61.3,305,9,24,38,0,153,95,0.6,7.0
Joshua Williams,156083,CB,KC,12,282,0,16,0,14.7,55.6,100.0,15.2,8.4,0,1,11.1,54.3,0,30,33.3,2,0,83.1,5,77,27.3,77,0,4,9,0,75,25,1.0,15.0,0,1,9.8,66.7,98.1,11.9,7.9,0,4,22.2,71.8,0,17,16.7,2,3,80.6,12,152,53.9,155,2,9,18,0,99,62,0.7,8.3
Dallis Flowers,156091,CB,TB,4,58,0,30,0,,,100.0,,,0,0,,63.6,0,,,0,0,0.0,0,5,8.6,5,0,0,0,0,0,0,0.0,,0,0,11.7,100.0,100.0,11.0,11.0,0,0,0.0,55.4,0,85,16.7,1,0,158.3,3,35,60.3,35,2,5,3,1,101,66,3.1,33.7
Dondrea Tillman,156124,ED,DEN,13,12,0,10,1,,,5.9,,,0,0,,65.7,0,,66.7,2,0,0.0,0,3,25.0,51,1,0,0,0,0,0,0.0,,0,0,-1.3,66.7,7.3,4.0,2.7,0,0,0.0,58.4,0,26,100.0,2,0,97.9,2,8,66.7,109,4,0,3,0,29,36,3.6,14.5
Qwan'tez Stiggers,169764,CB,NYJ,4,30,0,22,0,4.3,100.0,100.0,4.7,4.7,0,0,0.0,59.9,0,29,33.3,1,0,118.8,3,15,50.0,15,2,2,3,0,42,29,3.0,14.0,0,0,11.0,0.0,100.0,,9.0,0,0,0.0,49.6,0,,0.0,0,0,39.6,0,12,40.0,12,0,1,1,0,0,0,0.0,
Trevor Nowaske,169859,ED,DET,14,73,0,11,1,3.0,100.0,25.3,10.5,10.5,0,0,0.0,40.5,0,7,50.0,1,0,85.4,2,24,32.9,95,0,0,2,0,9,3,0.4,4.5,0,0,5.3,66.7,36.6,10.0,6.7,0,0,0.0,50.8,1,14,0.0,0,0,39.6,4,41,56.2,112,2,6,6,0,31,20,0.8,7.8
