player,player_id,position,team_name,player_game_count,base_targets,declined_penalties,franchise_id,penalties,screen_avg_depth_of_target,screen_avoided_tackles,screen_caught_percent,screen_contested_catch_rate,screen_contested_receptions,screen_contested_targets,screen_drop_rate,screen_drops,screen_epa,screen_first_downs,screen_fumbles,screen_grades_hands_drop,screen_grades_pass_route,screen_interceptions,screen_longest,screen_pass_block_rate,screen_pass_blocks,screen_pass_plays,screen_positive_epa_percent,screen_receptions,screen_route_rate,screen_routes,screen_targeted_qb_rating,screen_targets,screen_targets_percent,screen_touchdowns,screen_yards,screen_yards_after_catch,screen_yards_after_catch_per_reception,screen_yards_per_reception,screen_yprr,slot_avg_depth_of_target,slot_avoided_tackles,slot_caught_percent,slot_contested_catch_rate,slot_contested_receptions,slot_contested_targets,slot_drop_rate,slot_drops,slot_epa,slot_first_downs,slot_fumbles,slot_grades_hands_drop,slot_grades_pass_route,slot_interceptions,slot_longest,slot_pass_block_rate,slot_pass_blocks,slot_pass_plays,slot_positive_epa_percent,slot_receptions,slot_route_rate,slot_routes,slot_targeted_qb_rating,slot_targets,slot_targets_percent,slot_touchdowns,slot_yards,slot_yards_after_catch,slot_yards_after_catch_per_reception,slot_yards_per_reception,slot_yprr
Ja'Marr Chase,84270,WR,CIN,17,171,0,7,0,-2.7,7,89.5,,0,0,5.6,1,-0.44,6,0,44.9,93.0,1,70,0.0,0,42,40.5,17,88.1,37,97.8,19,51.4,1,162,206,12.1,9.5,4.38,6.3,7,75.0,42.9,3,7,11.8,6,0.08,22,0,41.7,83.7,3,70,0.0,0,255,50.6,45,95.3,243,93.8,60,24.7,3,480,283,6.3,10.7,1.98
Malik Nabers,146759,WR,NYG,15,165,0,21,0,-3.3,4,78.9,,0,0,11.8,2,-0.33,4,0,40.3,57.2,0,31,0.0,0,67,46.9,15,95.5,64,103.7,19,29.7,1,89,136,9.1,5.9,1.39,6.5,2,73.9,25.0,1,4,0.0,0,-0.21,9,0,77.7,89.4,1,31,0.0,0,163,41.1,34,89.6,146,91.9,46,31.5,2,252,144,4.2,7.4,1.73
Justin Jefferson,61398,WR,MIN,18,158,0,18,0,-2.1,4,100.0,,0,0,0.0,0,0.15,3,0,92.5,69.9,0,21,0.0,0,76,47.9,15,94.7,72,95.8,15,20.8,0,105,136,9.1,7.0,1.46,11.0,3,66.7,50.0,4,8,6.3,2,0.13,14,0,82.0,87.9,1,97,0.0,0,190,49.7,30,92.1,175,117.1,45,25.7,4,422,194,6.5,14.1,2.41
Garrett Wilson,97405,WR,NYJ,17,152,0,22,0,-1.6,6,100.0,,0,0,0.0,0,-0.23,3,2,92.9,48.4,0,16,0.0,0,88,43.4,18,94.3,83,85.0,18,21.7,0,79,107,5.9,4.4,0.95,8.4,10,72.9,66.7,6,9,5.4,2,-0.07,23,0,88.8,83.0,4,35,0.0,0,210,44.3,35,95.7,201,89.1,48,23.9,3,463,210,6.0,13.2,2.3
Drake London,86519,WR,ATL,17,149,0,2,0,0.0,0,0.0,,0,0,100.0,1,-0.08,0,0,21.6,30.1,0,0,9.3,5,54,42.0,0,85.2,46,39.6,1,2.2,0,0,0,,,0.0,11.0,7,64.4,53.8,7,13,6.0,3,-0.21,30,0,88.3,91.4,5,39,0.4,1,232,45.0,47,94.4,219,77.6,73,33.3,4,563,173,3.7,12.0,2.57
Travis Kelce,7844,TE,KC,19,149,0,16,0,-2.2,1,91.7,,0,0,8.3,1,-0.04,3,0,60.6,46.4,0,19,4.7,4,85,44.6,11,92.9,79,85.4,12,15.2,0,54,77,7.0,4.9,0.68,7.9,2,67.2,57.1,4,7,6.8,3,0.07,22,0,83.2,70.8,2,49,1.6,5,317,49.8,41,91.5,290,77.5,61,21.0,1,404,178,4.3,9.9,1.39
Amon-Ra St. Brown,84470,WR,DET,18,148,0,11,0,-2.6,1,100.0,,0,0,0.0,0,0.41,6,0,92.1,76.4,0,20,0.0,0,73,58.0,11,94.5,69,138.8,11,15.9,2,86,115,10.5,7.8,1.25,7.6,7,75.8,46.2,6,13,3.8,2,0.15,33,0,91.9,91.2,1,66,0.3,1,325,50.9,50,96.9,315,134.3,66,21.0,7,634,274,5.5,12.7,2.01
Brock Bowers,146715,TE,LV,17,148,0,23,0,-3.0,0,100.0,100.0,1,1,0.0,0,-0.31,1,0,91.8,59.5,0,8,2.1,1,47,29.3,9,87.2,41,79.2,9,22.0,0,20,47,5.2,2.2,0.49,7.1,4,79.5,52.9,9,17,1.6,1,0.03,33,0,91.0,87.6,2,32,3.3,12,363,47.7,62,92.0,334,97.4,78,23.4,2,615,283,4.6,9.9,1.84
CeeDee Lamb,61570,WR,DAL,15,146,0,9,0,-2.8,8,100.0,,0,0,0.0,0,0.11,5,0,93.1,80.1,0,43,0.0,0,58,46.4,20,96.6,56,96.0,20,35.7,0,141,196,9.8,7.1,2.52,7.7,8,63.4,37.5,6,16,13.5,7,-0.14,23,0,43.4,81.5,2,43,0.0,0,289,38.6,45,92.4,267,80.1,71,26.6,2,470,203,4.5,10.4,1.76
Jerry Jeudy,61103,WR,CLV,17,142,0,8,0,-2.9,2,85.7,,0,0,14.3,1,-0.28,2,0,32.0,51.8,0,30,0.0,0,66,35.9,6,97.0,64,98.8,7,10.9,0,54,69,11.5,9.0,0.84,8.7,3,70.7,60.0,3,5,3.3,1,-0.33,19,0,59.8,75.4,1,35,0.0,0,266,35.0,29,92.5,246,85.1,41,16.7,0,337,127,4.4,11.6,1.37
Courtland Sutton,48164,WR,DEN,18,141,0,10,0,-3.0,0,100.0,,0,0,0.0,0,0.01,2,0,88.7,43.9,0,5,0.0,0,96,43.0,3,96.9,93,79.2,3,3.2,0,9,18,6.0,3.0,0.1,13.9,0,54.5,33.3,1,3,0.0,0,-0.2,8,0,59.2,79.3,3,33,0.0,0,114,43.6,12,96.5,110,65.5,22,20.0,2,144,26,2.2,12.0,1.31
Trey McBride,75916,TE,ARZ,16,139,0,1,0,-1.8,3,88.9,,0,0,5.9,1,0.32,3,0,92.8,81.9,0,13,2.0,1,49,57.4,16,93.9,46,105.6,18,39.1,1,88,113,7.1,5.5,1.91,6.2,5,85.5,40.0,4,10,0.0,0,0.03,24,0,92.1,87.2,1,29,0.3,1,303,49.6,53,92.7,281,99.7,62,22.1,1,511,206,3.9,9.6,1.82
DJ Moore,48267,WR,CHI,17,137,0,6,0,-2.6,10,97.4,,0,0,0.0,0,-0.08,8,0,93.3,90.8,0,37,0.0,0,113,38.0,38,95.6,108,108.8,39,36.1,2,234,331,8.7,6.2,2.17,4.9,3,78.0,66.7,4,6,0.0,0,0.05,11,0,87.3,76.4,1,31,0.0,0,201,47.9,32,93.0,187,98.8,41,21.9,2,256,186,5.8,8.0,1.37
Terry McLaurin,48229,WR,WAS,20,136,0,32,0,-3.1,4,92.9,,0,0,7.1,1,-0.17,4,0,71.9,65.2,0,58,0.0,0,90,40.7,13,95.6,86,119.3,14,16.3,1,97,137,10.5,7.5,1.13,16.1,1,59.3,50.0,2,4,11.1,2,0.01,10,0,91.6,88.5,1,86,1.8,2,110,47.6,16,93.6,103,98.5,27,26.2,2,245,124,7.8,15.3,2.38
Davante Adams,8688,WR,NYJ,14,135,0,22,0,-1.3,5,83.3,,0,0,0.0,0,-0.2,4,0,92.5,71.2,1,30,0.0,0,70,45.5,15,94.3,66,66.0,18,27.3,0,97,117,7.8,6.5,1.47,6.6,7,65.2,16.7,1,6,6.5,3,-0.24,19,0,38.2,77.9,2,43,0.0,0,259,38.7,43,93.8,243,87.2,66,27.2,3,448,285,6.6,10.4,1.84
Jaxon Smith-Njigba,129758,WR,SEA,17,133,0,29,0,-1.6,4,100.0,100.0,1,1,0.0,0,-0.04,4,0,93.4,82.1,0,46,0.0,0,79,45.3,22,94.9,75,95.3,22,29.3,0,151,187,8.5,6.9,2.01,9.4,11,74.1,41.2,7,17,2.4,2,0.04,48,1,91.7,90.0,4,46,0.0,0,561,49.0,83,92.7,520,100.8,112,21.5,5,993,423,5.1,12.0,1.91
Wan'Dale Robinson,101735,WR,NYG,17,132,0,21,0,-3.1,4,93.8,100.0,1,1,0.0,0,0.06,1,0,92.5,65.5,1,9,0.0,0,59,52.6,15,96.6,57,54.4,16,28.1,0,53,98,6.5,3.5,0.93,5.4,17,73.6,65.0,13,20,8.2,6,-0.12,29,0,68.5,65.5,0,35,0.2,1,486,42.1,67,93.2,453,94.3,91,20.1,2,515,284,4.2,7.7,1.14
Brian Thomas Jr.,146760,WR,JAX,17,129,0,15,0,-2.0,4,100.0,,0,0,0.0,0,-0.01,8,0,92.9,93.0,0,18,0.0,0,50,47.9,17,96.0,48,102.5,17,35.4,0,146,180,10.6,8.6,3.04,9.7,5,77.8,100.0,1,1,2.8,1,0.17,19,0,77.2,85.6,2,85,0.0,0,157,48.3,35,93.6,147,130.2,45,30.6,7,459,284,8.1,13.1,3.12
Jakobi Meyers,47468,WR,LV,15,126,0,23,0,-2.0,0,100.0,,0,0,0.0,0,-0.27,1,0,91.6,59.9,0,10,0.0,0,45,28.2,7,86.7,39,81.5,7,17.9,0,25,39,5.6,3.6,0.64,10.8,3,69.2,90.0,9,10,0.0,0,-0.07,15,0,91.5,80.2,2,29,0.9,2,214,46.8,27,93.0,199,86.9,39,19.6,2,294,92,3.4,10.9,1.48
Puka Nacua,100632,WR,LA,13,124,0,26,0,-2.2,8,95.5,,0,0,0.0,0,0.08,8,0,93.2,98.6,0,21,2.9,1,34,41.2,21,97.1,33,133.9,22,66.7,2,195,241,11.5,9.3,5.91,8.5,6,71.4,25.0,1,4,7.4,2,0.18,13,0,76.9,92.8,0,51,0.9,1,112,49.5,25,92.9,104,102.7,35,33.7,0,345,177,7.1,13.8,3.32
Ladd McConkey,124030,WR,LAC,17,124,0,27,0,-3.5,1,100.0,,0,0,0.0,0,-0.03,0,0,88.7,44.7,0,4,0.0,0,38,48.6,2,92.1,35,79.2,2,5.7,0,0,7,3.5,0.0,0.0,10.7,10,70.1,66.7,10,15,8.5,5,0.01,34,0,65.7,80.9,1,86,0.0,0,384,40.8,54,94.5,363,127.4,77,21.2,6,856,311,5.8,15.9,2.36
Tyreek Hill,10799,WR,MIA,17,121,0,17,0,-3.1,1,90.9,,0,0,9.1,1,0.23,1,0,56.2,39.6,0,10,0.0,0,96,46.7,10,93.8,90,89.8,11,12.2,0,61,90,9.0,6.1,0.68,8.7,4,75.0,57.1,4,7,3.2,1,0.09,18,0,85.4,73.2,2,27,0.0,0,202,50.0,30,91.1,184,87.0,40,21.7,2,255,106,3.5,8.5,1.39
A.J. Brown,48327,WR,PHI,17,118,0,24,0,,0,,,0,0,,0,0.05,0,0,,38.3,0,0,0.0,0,45,37.8,0,100.0,45,0.0,0,0.0,0,0,0,,,0.0,14.9,0,50.0,50.0,1,2,0.0,0,0.04,5,0,90.4,91.8,1,23,0.0,0,87,47.6,5,94.3,82,77.9,10,12.2,3,82,11,2.2,16.4,1.0
Keenan Allen,7857,WR,CHI,15,117,0,6,0,-3.3,1,77.8,,0,0,0.0,0,-0.09,2,1,91.1,43.9,0,7,1.1,1,90,38.8,7,94.4,85,79.2,9,10.6,0,25,48,6.9,3.6,0.29,7.9,2,63.2,57.1,4,7,10.0,4,-0.17,17,1,44.6,68.8,0,40,0.3,1,323,35.5,36,90.4,292,90.8,57,19.5,2,333,111,3.1,9.3,1.14
Nico Collins,61441,WR,HST,14,115,0,13,0,-2.9,6,100.0,100.0,1,1,0.0,0,-0.19,6,0,93.1,94.7,0,25,2.4,1,41,38.5,19,92.7,38,93.9,19,50.0,0,124,179,9.4,6.5,3.26,6.7,4,76.9,50.0,2,4,4.8,1,-0.16,10,0,88.6,91.8,2,41,1.0,1,105,41.8,20,92.4,97,84.5,26,26.8,1,234,144,7.2,11.7,2.41
Khalil Shakir,84140,WR,BUF,18,115,0,4,0,-3.1,9,93.5,,0,0,0.0,0,-0.03,8,0,94.0,92.8,0,20,0.0,0,67,47.0,29,98.5,66,113.6,31,47.0,2,189,281,9.7,6.5,2.86,4.4,19,87.0,50.0,4,8,1.5,1,0.17,28,0,91.0,83.6,0,52,0.3,1,359,49.4,67,90.5,325,112.3,77,23.7,2,684,514,7.7,10.2,2.1
Mike Evans,8642,WR,TB,15,114,0,30,0,,0,,,0,0,,0,0.3,0,0,,35.1,0,0,0.0,0,63,55.7,0,96.8,61,0.0,0,0.0,0,0,0,,,0.0,11.5,2,70.6,33.3,2,6,0.0,0,0.33,16,0,78.6,90.2,2,57,0.0,0,159,58.5,24,92.5,147,116.8,34,23.1,4,336,113,4.7,14.0,2.29
Xavier Worthy,144718,WR,KC,20,114,0,16,0,-3.6,2,90.0,,0,0,5.3,1,0.0,5,0,84.0,90.3,0,12,0.0,0,73,49.3,18,97.3,71,90.6,20,28.2,0,115,180,10.0,6.4,1.62,7.0,3,69.8,50.0,2,4,11.8,4,0.18,18,0,78.7,73.9,1,50,0.0,0,238,49.3,30,93.7,223,121.9,43,19.3,5,336,233,7.8,11.2,1.51
Marvin Harrison Jr.,145056,WR,ARZ,17,114,0,1,0,,0,,,0,0,,0,0.25,0,0,,36.9,0,0,0.0,0,54,55.8,0,96.3,52,0.0,0,0.0,0,0,0,,,0.0,12.6,1,67.9,50.0,4,8,0.0,0,0.13,13,0,82.6,77.3,0,23,0.0,0,150,51.0,19,96.7,145,115.0,28,19.3,2,219,47,2.5,11.5,1.51
Calvin Ridley,48262,WR,TEN,17,113,0,31,0,-2.6,1,100.0,,0,0,0.0,0,-0.36,1,0,91.4,49.7,0,13,0.0,0,62,35.5,8,100.0,62,87.0,8,12.9,0,39,60,7.5,4.9,0.63,12.2,2,68.0,50.0,3,6,10.5,2,-0.09,8,0,57.0,75.6,0,63,0.0,0,126,45.3,17,92.9,117,116.3,25,21.4,1,265,85,5.0,15.6,2.26
Zay Flowers,97268,WR,BLT,17,112,0,3,0,-3.3,4,90.0,,0,0,0.0,0,0.07,5,0,93.2,92.8,0,44,0.0,0,61,53.6,18,91.8,56,98.3,20,35.7,0,152,213,11.8,8.4,2.71,7.8,7,61.9,57.1,4,7,3.7,1,0.05,13,0,56.1,81.7,0,49,0.0,0,190,42.9,26,93.2,177,98.7,42,23.7,1,374,229,8.8,14.4,2.11
Zach Ertz,7816,TE,WAS,20,111,0,32,0,-0.5,0,100.0,,0,0,0.0,0,-0.14,0,1,84.5,28.5,0,6,4.1,3,73,48.6,2,91.8,67,87.5,2,3.0,0,10,11,5.5,5.0,0.15,8.8,3,80.0,80.0,8,10,2.2,1,0.26,31,0,87.9,72.4,1,37,1.3,5,379,54.6,44,93.1,353,111.7,55,15.6,3,454,110,2.5,10.3,1.29
Jauan Jennings,48027,WR,SF,15,111,0,28,0,,0,,,0,0,,0,0.21,0,0,,39.3,0,0,0.0,0,42,42.1,0,90.5,38,0.0,0,0.0,0,0,0,,,0.0,9.3,8,73.1,63.6,7,11,7.3,3,0.1,20,0,66.9,76.7,1,45,0.5,1,191,51.1,38,94.8,181,122.2,52,28.7,5,439,126,3.3,11.6,2.43
Jonnu Smith,11855,TE,MIA,17,109,0,17,0,-2.5,4,81.8,0.0,0,1,10.0,2,0.23,7,0,47.9,90.1,0,20,0.0,0,83,48.8,18,96.4,80,109.3,22,27.5,1,145,192,10.7,8.1,1.81,5.7,8,80.4,57.1,4,7,2.6,1,0.03,21,0,75.3,83.2,0,57,4.3,10,232,49.3,37,90.1,209,122.3,46,22.0,3,374,198,5.4,10.1,1.79
D.K. Metcalf,47864,WR,SEA,15,108,0,29,0,0.0,1,100.0,,0,0,0.0,0,-0.14,0,0,91.1,47.3,0,15,0.0,0,67,42.2,5,95.5,64,96.7,5,7.8,0,36,36,7.2,7.2,0.56,14.6,0,90.0,,0,0,0.0,0,0.05,5,0,91.3,82.6,0,56,0.0,0,78,50.7,9,93.6,73,152.1,10,13.7,1,146,45,5.0,16.2,2.0
Michael Pittman Jr.,29049,WR,IND,16,106,0,14,0,-1.4,0,100.0,,0,0,0.0,0,-0.16,2,0,92.1,64.5,0,13,4.8,2,42,41.5,11,92.9,39,89.8,11,28.2,0,61,76,6.9,5.5,1.56,12.2,2,52.0,60.0,3,5,7.1,1,-0.29,8,0,78.4,69.6,2,33,1.6,2,127,34.7,13,96.1,122,41.6,25,20.5,0,177,55,4.2,13.6,1.45
Cooper Kupp,11824,WR,LA,14,105,0,26,0,-2.4,1,100.0,,0,0,0.0,0,0.06,1,0,90.6,55.2,0,13,0.0,0,33,42.4,5,100.0,33,87.5,5,15.2,0,25,37,7.4,5.0,0.76,8.4,6,68.5,42.9,6,14,2.0,1,0.11,23,1,90.0,78.0,0,69,0.7,2,297,47.5,50,93.6,278,118.6,73,26.3,6,561,212,4.2,11.2,2.02
George Pickens,99229,WR,PIT,15,105,0,25,0,-1.9,1,100.0,,0,0,0.0,0,0.06,2,0,91.1,70.2,0,17,0.0,0,34,42.4,7,97.1,33,121.1,7,21.2,1,25,38,5.4,3.6,0.76,10.1,4,82.1,16.7,1,6,4.2,1,0.13,17,0,53.3,82.8,0,43,0.0,0,110,42.7,23,93.6,103,125.0,28,27.2,1,312,96,4.2,13.6,3.03
Tee Higgins,61211,WR,CIN,12,104,0,7,0,,0,,,0,0,,0,0.27,0,0,,40.8,0,0,0.0,0,22,50.0,0,90.9,20,0.0,0,0.0,0,0,0,,,0.0,11.6,5,83.3,100.0,2,2,0.0,0,0.55,11,0,91.3,91.9,0,42,0.0,0,95,63.3,15,94.7,90,158.3,18,20.0,3,231,76,5.1,15.4,2.57
Josh Downs,122832,WR,IND,14,102,0,14,0,-3.3,3,100.0,,0,0,0.0,0,-0.32,2,0,91.8,84.2,0,27,3.2,1,31,40.0,10,93.5,29,135.4,10,34.5,1,85,118,11.8,8.5,2.93,8.0,5,68.4,53.8,7,13,6.9,4,-0.03,31,0,72.5,87.4,3,69,0.3,1,326,41.8,54,93.6,305,93.5,79,25.9,4,634,269,5.0,11.7,2.08
DeVonta Smith,61100,WR,PHI,17,101,0,24,0,-2.9,0,100.0,,0,0,0.0,0,0.06,1,0,91.4,58.6,0,9,0.0,0,48,43.5,8,95.8,46,80.2,8,17.4,0,26,49,6.1,3.3,0.57,7.0,5,82.6,33.3,2,6,2.6,1,0.16,23,0,90.1,85.1,2,45,0.0,0,298,48.8,38,95.0,283,123.3,46,16.3,5,425,225,5.9,11.2,1.5
Darnell Mooney,48236,WR,ATL,16,100,0,2,0,-3.7,0,100.0,,0,0,0.0,0,-0.14,1,0,91.1,51.2,0,7,0.0,0,50,34.8,6,92.0,46,79.2,6,13.0,0,3,25,4.2,0.5,0.07,9.4,2,70.3,50.0,3,6,0.0,0,0.05,15,0,68.9,69.9,2,41,0.0,0,228,52.1,26,92.1,210,100.7,37,17.6,3,316,117,4.5,12.2,1.5
Jordan Addison,123000,WR,MIN,16,100,0,18,0,-4.2,2,100.0,,0,0,0.0,0,0.09,0,0,91.8,52.6,0,8,1.6,1,62,44.1,9,93.5,58,79.2,9,15.5,0,14,52,5.8,1.6,0.24,9.1,5,76.7,60.0,3,5,4.2,1,-0.02,11,0,72.0,68.4,1,69,0.6,1,181,46.2,23,92.8,168,112.9,30,17.9,2,278,124,5.4,12.1,1.65
Elijah Moore,84302,WR,CLV,17,97,0,8,0,-2.0,1,66.7,,0,0,0.0,0,-0.23,0,0,84.5,41.9,0,3,2.1,1,47,31.1,2,93.6,44,70.1,3,6.8,0,0,5,2.5,0.0,0.0,9.1,3,60.7,33.3,3,9,9.8,4,-0.32,14,0,56.1,54.3,8,22,0.3,1,354,41.4,37,93.8,332,32.8,61,18.4,0,289,82,2.2,7.8,0.87
Rome Odunze,73774,WR,CHI,17,96,0,6,0,-3.4,1,100.0,,0,0,0.0,0,-0.06,2,1,91.1,46.0,0,19,2.8,3,108,37.5,7,93.5,101,101.8,7,6.9,0,59,83,11.9,8.4,0.58,14.9,1,57.1,70.0,7,10,7.7,2,0.01,17,2,60.7,64.2,1,47,0.0,0,240,42.0,24,94.2,226,90.4,42,18.6,2,350,129,5.4,14.6,1.55
Quentin Johnston,123085,WR,LAC,16,93,0,27,0,-2.4,1,100.0,,0,0,0.0,0,0.01,2,0,91.6,70.2,0,13,0.0,0,40,51.3,9,97.5,39,92.1,9,23.1,0,55,77,8.6,6.1,1.41,12.9,1,55.6,,0,0,0.0,0,-0.14,2,0,46.2,69.2,0,21,0.0,0,55,39.6,5,96.4,53,66.9,9,17.0,0,40,29,5.8,8.0,0.75
Dalton Schultz,47304,TE,HST,19,92,0,13,0,0.0,0,100.0,,0,0,0.0,0,-0.16,0,0,78.7,31.1,0,2,9.8,6,61,35.6,1,86.9,53,79.2,1,1.9,0,2,2,2.0,2.0,0.04,11.3,0,46.7,66.7,4,6,0.0,0,-0.1,7,0,78.6,62.5,0,32,1.2,2,173,38.3,14,92.5,160,63.3,30,18.8,0,161,37,2.6,11.5,1.01
Jameson Williams,101701,WR,DET,16,92,0,11,0,-4.1,1,88.9,,0,0,0.0,0,0.4,2,0,91.8,54.2,0,15,0.0,0,60,55.4,8,93.3,56,79.6,9,16.1,0,28,60,7.5,3.5,0.5,14.0,0,66.7,50.0,2,4,5.9,1,0.44,10,0,90.1,72.6,2,64,0.0,0,188,58.2,16,97.9,184,114.6,24,13.0,3,311,154,9.6,19.4,1.69
George Kittle,11901,TE,SF,15,92,0,28,0,-1.5,0,87.5,,0,0,12.5,1,0.19,4,0,39.4,60.3,0,33,2.0,1,49,44.7,7,93.9,46,158.3,8,17.4,1,106,117,16.7,15.1,2.3,13.2,1,78.6,71.4,5,7,0.0,0,-0.01,15,0,86.0,91.7,0,41,3.2,5,154,43.9,22,92.9,143,151.0,28,19.6,4,301,71,3.2,13.7,2.1
David Njoku,11784,TE,CLV,11,90,0,8,0,-2.4,1,100.0,,0,0,0.0,0,-0.69,2,0,90.6,89.1,0,29,4.8,1,21,30.0,5,90.5,19,114.2,5,26.3,0,57,69,13.8,11.4,3.0,5.9,2,65.4,40.0,4,10,5.6,1,-0.28,7,0,58.5,63.2,1,29,4.0,5,125,44.1,17,90.4,113,63.9,26,23.0,0,146,83,4.9,8.6,1.29
Amari Cooper,9437,WR,BUF,17,90,0,4,0,-2.7,0,100.0,,0,0,0.0,0,0.04,0,0,88.7,42.4,0,5,0.0,0,49,42.6,3,95.9,47,80.6,3,6.4,0,10,18,6.0,3.3,0.21,9.2,0,54.5,,0,0,25.0,2,-0.19,5,0,28.8,67.5,0,12,0.0,0,89,41.7,6,94.4,84,95.6,11,13.1,1,47,19,3.2,7.8,0.56
Hunter Henry,10669,TE,NE,16,89,0,19,0,-3.0,1,80.0,,0,0,0.0,0,-0.24,2,0,90.2,48.9,0,35,4.8,3,62,43.6,4,85.5,53,110.0,5,9.4,0,52,65,16.3,13.0,0.98,10.3,0,69.1,62.5,10,16,2.6,1,-0.1,26,0,90.8,76.8,0,32,2.1,6,288,43.8,38,92.7,267,96.8,55,20.6,1,410,94,2.5,10.8,1.54
Alvin Kamara,11822,HB,NO,14,87,0,20,0,-3.8,5,84.6,,0,0,4.3,1,0.26,5,0,90.7,94.4,0,57,2.4,1,41,40.0,22,95.1,39,113.8,26,66.7,1,214,297,13.5,9.7,5.49,5.0,4,66.7,100.0,1,1,20.0,3,0.74,4,0,58.4,66.7,0,29,0.0,0,60,59.6,12,86.7,52,86.6,18,34.6,0,125,64,5.3,10.4,2.4
Cade Otton,61071,TE,TB,15,86,0,30,0,-2.1,3,83.3,,0,0,9.1,1,0.33,2,0,56.2,51.5,0,15,12.3,10,81,55.8,10,85.2,69,86.8,12,17.4,0,58,78,7.8,5.8,0.84,7.0,3,76.0,71.4,5,7,9.5,2,0.17,9,0,52.4,57.7,1,29,6.8,13,191,51.7,19,86.9,166,105.8,25,15.1,2,182,100,5.3,9.6,1.1
DeAndre Hopkins,7808,WR,KC,19,86,0,16,0,,0,,,0,0,,0,-0.29,0,0,,41.8,0,0,0.0,0,24,39.1,0,95.8,23,0.0,0,0.0,0,0,0,,,0.0,14.7,0,66.7,50.0,1,2,0.0,0,-0.07,7,0,70.1,77.3,0,35,0.0,0,111,49.0,10,90.1,100,125.1,15,15.0,1,163,36,3.6,16.3,1.63
De'Von Achane,124305,HB,MIA,17,85,0,17,0,-3.7,10,95.0,,0,0,2.6,1,0.24,15,0,93.7,99.1,0,39,1.1,1,89,50.0,38,91.0,81,136.6,40,49.4,6,291,428,11.3,7.7,3.59,-1.1,6,92.6,100.0,1,1,3.8,1,0.03,9,0,91.3,76.5,0,39,0.0,0,120,45.6,25,95.0,114,119.6,27,23.7,2,183,215,8.6,7.3,1.61
Sam LaPorta,101690,TE,DET,17,85,0,11,0,-4.0,3,83.3,,0,0,0.0,0,0.3,3,0,90.6,61.1,0,30,11.9,8,67,57.8,5,85.1,57,114.6,6,10.5,0,69,93,18.6,13.8,1.21,6.5,1,72.2,100.0,1,1,0.0,0,0.14,8,0,90.7,71.6,1,19,2.7,4,150,47.2,13,92.0,138,84.0,18,13.0,1,114,65,5.0,8.8,0.83
Demario Douglas,104155,WR,NE,17,84,0,19,0,-3.3,3,100.0,,0,0,0.0,0,-0.22,3,1,93.5,74.8,0,17,1.7,1,59,36.5,20,86.4,51,86.3,20,39.2,0,94,160,8.0,4.7,1.84,6.8,4,78.5,50.0,2,4,1.9,1,-0.06,26,0,91.7,71.8,2,36,0.3,1,379,45.5,51,92.6,351,101.9,65,18.5,3,509,287,5.6,10.0,1.45
Jaylen Waddle,84088,WR,MIA,15,83,0,17,0,-3.6,1,100.0,,0,0,0.0,0,0.14,0,0,91.8,50.4,0,10,0.0,0,84,45.6,10,94.0,79,79.2,10,12.7,0,26,62,6.2,2.6,0.33,7.7,0,82.6,50.0,1,2,0.0,0,-0.13,9,0,68.5,72.5,2,29,0.0,0,143,45.9,19,93.0,133,64.9,23,17.3,0,190,57,3.0,10.0,1.43
Mike Gesicki,47153,TE,CIN,17,82,0,7,0,-2.0,0,100.0,,0,0,0.0,0,-0.56,0,0,78.7,48.3,0,5,7.1,1,14,23.1,1,85.7,12,87.5,1,8.3,0,5,7,7.0,5.0,0.42,7.4,2,84.2,54.5,6,11,2.0,1,0.21,29,1,90.3,75.6,0,47,1.6,5,307,54.6,48,94.5,290,113.6,57,19.7,2,482,179,3.7,10.0,1.66
Dalton Kincaid,91791,TE,BUF,16,81,0,4,0,-3.2,2,100.0,,0,0,0.0,0,-0.05,1,0,92.3,78.0,0,11,2.2,1,46,50.0,13,97.8,45,87.2,13,28.9,0,64,105,8.1,4.9,1.42,10.2,4,53.5,0.0,0,2,14.8,4,0.24,11,1,48.2,69.5,0,29,0.5,1,208,49.2,23,91.3,190,78.9,43,22.6,1,253,158,6.9,11.0,1.33
Xavier Legette,99197,WR,CAR,16,81,0,5,0,-2.0,3,60.0,,0,0,0.0,0,-0.67,1,0,88.7,50.4,0,10,0.0,0,40,25.6,3,97.5,39,64.6,5,12.8,0,12,16,5.3,4.0,0.31,9.8,2,72.0,60.0,3,5,5.3,1,-0.04,7,0,43.1,59.1,0,35,0.7,1,136,41.7,18,92.6,126,105.3,25,19.8,1,179,49,2.7,9.9,1.42
Tank Dell,78874,WR,HST,14,81,0,13,0,-4.0,0,100.0,,0,0,0.0,0,-0.18,1,0,90.9,52.6,0,9,0.0,0,44,36.4,6,100.0,44,82.6,6,13.6,0,23,47,7.8,3.8,0.52,13.7,1,65.2,40.0,2,5,6.3,1,-0.12,9,0,49.4,69.8,0,39,0.0,0,128,39.8,15,92.2,118,88.9,23,19.5,0,179,52,3.5,11.9,1.52
Jake Ferguson,61081,TE,DAL,14,81,0,9,0,-4.3,3,100.0,100.0,1,1,0.0,0,0.11,1,0,90.9,52.2,0,10,0.0,0,41,43.9,6,100.0,41,79.9,6,14.6,0,19,45,7.5,3.2,0.46,7.0,6,65.6,50.0,4,8,0.0,0,-0.11,9,2,90.2,55.3,0,26,5.4,14,258,40.8,21,87.2,225,84.0,32,14.2,0,209,109,5.2,10.0,0.93
Ray-Ray McCloud III,47895,WR,ATL,17,81,0,2,0,-3.4,2,93.8,,0,0,6.3,1,-0.1,3,0,78.3,56.4,0,16,1.8,1,55,40.0,15,89.1,49,88.5,16,32.7,0,84,133,8.9,5.6,1.71,8.3,2,68.6,50.0,5,10,4.0,1,0.07,10,2,68.1,60.3,2,42,2.2,6,269,47.0,24,91.8,247,62.2,35,14.2,0,225,94,3.9,9.4,0.91
Deebo Samuel,48274,WR,SF,15,80,0,28,0,-2.1,5,95.2,,0,0,4.8,1,0.06,6,0,90.5,84.0,0,27,0.0,0,45,35.7,20,93.3,42,111.5,21,50.0,1,146,189,9.5,7.3,3.48,6.4,8,63.3,0.0,0,4,5.0,1,0.09,11,0,54.7,71.7,1,76,0.0,0,138,47.4,19,97.8,135,105.6,30,22.2,2,305,242,12.7,16.1,2.26
Dontayvion Wicks,99711,WR,GB,18,80,0,12,0,-1.5,0,100.0,,0,0,0.0,0,0.13,2,0,90.2,53.6,0,9,0.0,0,56,44.2,4,92.9,52,80.2,4,7.7,0,13,19,4.8,3.3,0.25,11.1,2,46.7,50.0,3,6,30.0,6,-0.06,13,0,27.9,64.7,1,29,0.0,0,124,43.0,14,91.9,114,80.8,30,26.3,3,147,58,4.1,10.5,1.29
Mark Andrews,47436,TE,BLT,19,79,0,3,0,-2.0,0,100.0,,0,0,0.0,0,0.24,0,0,78.7,38.9,0,2,11.6,5,43,59.0,1,81.4,35,79.2,1,2.9,0,2,4,4.0,2.0,0.06,10.2,3,81.4,80.0,4,5,7.9,3,0.44,26,0,77.7,84.8,1,38,2.9,8,277,54.7,35,92.8,257,136.6,43,16.7,5,422,106,3.0,12.1,1.64
Jayden Reed,78171,WR,GB,18,79,0,12,0,-4.2,3,76.9,0.0,0,1,16.7,4,0.02,4,0,26.6,61.0,0,12,0.0,0,70,40.9,20,94.3,66,99.5,26,39.4,1,128,207,10.4,6.4,1.94,9.8,7,69.5,72.7,8,11,18.0,9,0.16,25,0,28.6,69.1,0,70,0.3,1,338,48.2,41,92.3,312,136.8,59,18.9,5,688,281,6.9,16.8,2.21
Tre Tucker,101106,WR,LV,17,78,0,23,0,-2.5,1,90.9,,0,0,9.1,1,-0.21,1,0,56.2,46.7,0,11,0.0,0,54,36.2,10,87.0,47,84.8,11,23.4,0,48,73,7.3,4.8,1.02,8.3,1,68.4,50.0,2,4,13.3,2,-0.08,7,0,85.5,57.6,0,58,0.6,1,169,40.4,13,91.7,155,112.2,19,12.3,1,162,59,4.5,12.5,1.05
Pat Freiermuth,84085,TE,PIT,18,78,0,25,0,-2.5,0,100.0,,0,0,0.0,0,-0.02,1,1,84.5,51.8,0,7,12.9,4,31,41.9,2,87.1,27,129.2,2,7.4,1,11,16,8.0,5.5,0.41,7.7,2,86.4,100.0,5,5,9.5,4,0.12,20,2,59.4,69.5,1,29,0.7,2,278,46.8,38,93.9,261,132.6,44,16.9,5,396,120,3.2,10.4,1.52
Breece Hall,97636,HB,NYJ,16,75,0,22,0,-3.8,3,94.4,0.0,0,1,0.0,0,-0.31,4,1,93.1,71.3,0,21,1.9,1,54,39.2,17,92.6,50,89.4,18,36.0,0,98,164,9.6,5.8,1.96,0.3,0,66.7,,0,0,33.3,1,-0.29,0,0,29.7,39.6,0,2,0.0,0,19,29.4,2,89.5,17,70.1,3,17.6,0,4,6,3.0,2.0,0.24
Rashod Bateman,84296,WR,BLT,19,74,0,3,0,,0,,,0,0,,0,-0.03,0,0,,37.3,0,0,0.0,0,61,50.0,0,91.8,56,0.0,0,0.0,0,0,0,,,0.0,23.0,2,57.1,0.0,0,1,0.0,0,0.46,4,0,76.4,73.9,0,59,0.0,0,49,52.2,4,93.9,46,141.4,7,15.2,3,128,37,9.3,32.0,2.78
Jalen Tolbert,61637,WR,DAL,17,74,0,9,0,-1.0,0,100.0,,0,0,0.0,0,0.07,0,0,78.7,37.1,0,4,0.0,0,62,46.6,1,93.5,58,83.3,1,1.7,0,4,5,5.0,4.0,0.07,10.0,0,74.1,62.5,5,8,9.1,2,-0.22,11,0,71.3,62.7,1,39,0.0,0,179,41.6,20,92.7,166,122.9,27,16.3,3,243,67,3.4,12.2,1.46
Jahmyr Gibbs,122474,HB,DET,18,73,0,11,0,-5.2,4,95.5,,0,0,0.0,0,0.47,8,1,93.2,91.1,0,33,3.8,2,53,57.7,21,94.3,50,99.8,22,44.0,0,175,285,13.6,8.3,3.5,2.0,0,57.1,,0,0,0.0,0,0.02,1,0,90.9,79.0,1,12,0.0,0,41,46.3,4,100.0,41,28.6,7,17.1,0,31,28,7.0,7.8,0.76
Olamide Zaccheaus,44920,WR,WAS,20,72,0,32,0,-3.0,0,91.7,,0,0,8.3,1,-0.15,2,0,68.4,68.1,0,14,0.0,0,58,39.6,11,91.4,53,91.3,12,22.6,0,71,103,9.4,6.5,1.34,5.5,2,76.5,66.7,2,3,0.0,0,0.08,16,0,52.8,68.7,0,42,0.0,0,220,47.8,26,94.1,207,105.0,34,16.4,1,240,134,5.2,9.2,1.16
Romeo Doubs,84329,WR,GB,14,72,0,12,0,,0,,,0,0,,0,0.07,0,0,,38.2,0,0,0.0,0,66,43.5,0,93.9,62,0.0,0,0.0,0,0,0,,,0.0,13.2,2,58.3,66.7,2,3,12.5,1,-0.05,6,0,65.7,73.0,1,22,0.0,0,54,51.9,7,96.3,52,87.8,12,23.1,2,93,35,5.0,13.3,1.79
Dallas Goedert,47272,TE,PHI,14,71,0,24,0,-1.4,1,100.0,,0,0,0.0,0,0.35,2,0,91.8,91.1,0,24,0.0,0,31,57.1,9,90.3,28,132.9,9,32.1,1,63,76,8.4,7.0,2.25,10.4,1,69.6,50.0,2,4,5.9,1,0.12,9,0,75.5,71.1,0,43,0.0,0,157,48.0,16,94.3,148,132.5,23,15.5,2,240,79,4.9,15.0,1.62
Bijan Robinson,123126,HB,ATL,17,70,0,2,0,-4.0,9,95.5,,0,0,0.0,0,-0.1,5,0,93.5,93.3,0,17,1.8,1,56,39.2,21,89.3,50,86.4,22,44.0,0,104,191,9.1,5.0,2.08,0.3,1,90.0,100.0,1,1,0.0,0,-0.12,4,0,90.9,91.0,0,15,0.0,0,33,51.6,9,93.9,31,94.6,10,32.3,0,67,63,7.0,7.4,2.16
Kyle Pitts,83964,TE,ATL,17,70,0,2,0,,0,,,0,0,,0,-0.06,0,0,,37.2,0,0,13.3,6,45,43.9,0,80.0,36,0.0,0,0.0,0,0,0,,,0.0,9.2,3,73.1,40.0,2,5,9.5,2,0.06,8,0,62.4,61.4,2,49,0.0,0,211,48.5,19,92.9,196,106.4,26,13.3,4,224,85,4.5,11.8,1.14
Darius Slayton,25578,WR,NYG,16,70,0,21,0,,0,,,0,0,,0,-0.25,0,0,,36.5,0,0,0.0,0,68,50.8,0,95.6,65,0.0,0,0.0,0,0,0,,,0.0,6.3,1,33.3,0.0,0,1,33.3,1,-0.25,1,0,36.8,59.7,1,9,0.8,1,119,42.9,2,93.3,111,2.8,6,5.4,0,14,5,2.5,7.0,0.13
Michael Wilson,84423,WR,ARZ,16,70,0,1,0,-2.0,1,100.0,,0,0,0.0,0,0.13,0,0,84.5,48.0,0,5,0.0,0,46,59.1,2,95.7,44,79.2,2,4.5,0,5,9,4.5,2.5,0.11,9.1,1,63.6,50.0,2,4,6.7,1,0.16,6,0,77.5,59.4,1,41,0.5,1,190,48.6,14,91.6,174,100.4,22,12.6,3,130,26,1.9,9.3,0.75
Tucker Kraft,104034,TE,GB,18,70,0,12,0,-1.9,5,85.7,0.0,0,1,0.0,0,0.15,4,0,92.4,89.9,0,18,2.5,2,79,44.6,12,91.1,72,130.1,14,19.4,3,80,100,8.3,6.7,1.11,7.0,2,80.0,100.0,2,2,5.9,1,-0.08,7,1,83.5,65.2,1,35,1.1,2,175,39.9,16,89.1,156,107.3,20,12.8,1,215,106,6.6,13.4,1.38
Tyler Lockett,9502,WR,SEA,17,70,0,29,0,-2.3,0,100.0,,0,0,0.0,0,-0.13,1,0,90.9,46.6,0,6,0.0,0,69,43.1,6,94.2,65,79.2,6,9.2,0,11,25,4.2,1.8,0.17,9.8,1,72.0,50.0,2,4,0.0,0,0.01,13,0,72.9,67.5,2,37,0.0,0,172,49.1,18,93.6,161,60.1,25,15.5,0,188,53,2.9,10.4,1.17
Demarcus Robinson,10760,WR,LA,19,69,0,26,0,,0,,,0,0,,0,-0.16,0,0,,36.6,0,0,0.0,0,50,38.8,0,98.0,49,0.0,0,0.0,0,0,0,,,0.0,17.2,0,52.6,100.0,1,1,0.0,0,-0.06,9,0,71.4,65.3,0,42,0.0,0,235,47.6,10,95.7,225,101.2,19,8.4,1,172,21,2.1,17.2,0.76
Javonte Williams,77803,HB,DEN,18,68,0,10,0,-5.8,4,94.7,100.0,1,1,5.3,1,0.14,4,0,89.2,95.8,0,26,9.3,4,43,46.2,18,81.4,35,87.1,19,54.3,0,93,199,11.1,5.2,2.66,,0,,,0,0,,0,-2.1,0,0,69.5,66.8,0,0,0.0,0,3,0.0,0,66.7,2,0.0,0,0.0,0,0,0,,,0.0
Kayshon Boutte,124087,WR,NE,15,67,0,19,0,-3.0,1,100.0,,0,0,0.0,0,-0.32,1,0,84.5,44.4,0,3,0.0,0,63,40.7,1,85.7,54,79.2,1,1.9,0,3,6,6.0,3.0,0.06,19.4,0,25.0,50.0,1,2,33.3,1,0.0,2,0,33.1,61.5,1,11,0.0,0,69,45.2,2,89.9,62,0.0,8,12.9,0,17,4,2.0,8.5,0.27
Diontae Johnson,33441,WR,HST,13,67,0,13,0,-2.0,0,80.0,,0,0,0.0,0,-0.34,0,0,90.2,49.9,0,5,0.0,0,21,33.3,4,100.0,21,79.2,5,23.8,0,12,19,4.8,3.0,0.57,8.9,2,65.0,66.7,2,3,0.0,0,0.02,6,0,74.8,68.6,1,35,0.0,0,65,38.7,13,95.4,62,95.0,20,32.3,2,126,54,4.2,9.7,2.03
Chigoziem Okonkwo,84000,TE,TEN,17,67,0,31,0,-1.6,0,87.5,,0,0,0.0,0,-0.44,0,0,91.1,44.8,0,7,7.0,3,43,39.0,7,88.4,38,80.7,8,21.1,0,27,39,5.6,3.9,0.71,4.9,6,86.7,33.3,1,3,0.0,0,-0.2,7,0,90.1,62.3,1,70,1.1,2,181,39.4,26,90.1,163,99.6,30,18.4,1,257,162,6.2,9.9,1.58
Tyler Conklin,47124,TE,NYJ,16,67,0,22,0,-2.7,0,100.0,,0,0,0.0,0,-0.33,1,0,91.6,46.0,0,5,3.0,2,67,45.3,7,92.5,62,79.2,7,11.3,0,14,33,4.7,2.0,0.23,7.2,0,82.8,50.0,2,4,0.0,0,-0.12,12,0,91.2,59.0,0,25,3.0,8,268,41.3,24,91.0,244,135.6,29,11.9,3,240,103,4.3,10.0,0.98
Alec Pierce,78038,WR,IND,16,66,0,14,0,-3.0,0,100.0,,0,0,0.0,0,-0.11,0,0,78.7,41.0,0,5,0.0,0,39,47.4,1,97.4,38,87.5,1,2.6,0,5,8,8.0,5.0,0.13,27.8,0,40.0,33.3,1,3,0.0,0,-0.15,2,0,51.0,70.9,1,16,0.0,0,83,38.5,2,94.0,78,51.3,5,6.4,1,19,3,1.5,9.5,0.24
Isaiah Likely,83955,TE,BLT,18,65,0,3,0,-3.3,3,87.5,,0,0,0.0,0,-0.07,2,1,91.1,50.3,0,14,4.4,2,45,50.0,7,93.3,42,90.1,8,19.0,0,45,73,10.4,6.4,1.07,12.9,4,62.9,25.0,1,4,4.3,1,0.36,16,0,86.7,73.9,0,49,3.4,7,207,53.5,22,92.3,191,110.5,35,18.3,2,311,121,5.5,14.1,1.63
Will Dissly,30762,TE,LAC,16,65,0,27,0,-3.4,3,100.0,,0,0,0.0,0,-0.05,4,0,91.8,92.0,0,22,5.9,2,34,46.9,10,88.2,30,106.3,10,33.3,0,95,129,12.9,9.5,3.17,7.2,0,63.2,50.0,2,4,20.0,3,-0.09,6,0,49.4,61.4,1,24,3.4,4,117,38.5,12,89.7,105,58.4,19,18.1,0,117,45,3.8,9.8,1.11
Aaron Jones,11937,HB,MIN,18,64,0,18,0,-4.4,6,90.6,,0,0,3.3,1,0.13,10,1,92.1,95.9,0,22,1.8,1,55,48.1,29,92.7,51,94.4,32,62.7,0,213,336,11.6,7.3,4.18,-4.5,1,100.0,,0,0,0.0,0,0.18,0,0,73.6,72.6,0,0,0.0,0,6,33.3,2,100.0,6,79.2,2,33.3,0,-5,4,2.0,-2.5,-0.83
Juwan Johnson,28305,TE,NO,17,64,0,20,0,-4.0,0,100.0,,0,0,0.0,0,-0.33,1,1,90.6,46.3,0,12,8.6,3,35,27.3,5,88.6,31,87.5,5,16.1,0,25,45,9.0,5.0,0.81,8.1,1,77.8,66.7,6,9,4.5,1,-0.27,9,2,75.2,70.2,1,22,0.5,1,198,37.0,21,90.9,180,94.3,27,15.0,1,199,77,3.7,9.5,1.11
Keon Coleman,144949,WR,BUF,16,64,0,4,0,-3.5,1,100.0,,0,0,0.0,0,0.08,0,0,84.5,53.0,0,15,0.0,0,49,46.9,2,100.0,49,108.3,2,4.1,0,20,27,13.5,10.0,0.41,20.9,0,42.9,50.0,2,4,25.0,1,-0.08,2,0,63.2,70.1,0,21,0.0,0,48,44.2,3,89.6,43,67.0,7,16.3,0,49,7,2.3,16.3,1.14
T.J. Hockenson,40912,TE,MIN,11,64,0,18,0,,0,,,0,0,,0,0.22,0,0,,36.6,0,0,5.9,2,34,44.1,0,94.1,32,0.0,0,0.0,0,0,0,,,0.0,11.1,0,55.0,40.0,2,5,8.3,1,-0.16,9,0,76.2,76.3,0,34,1.8,2,110,39.8,11,91.8,101,76.5,20,19.8,0,137,35,3.2,12.5,1.36
Joshua Palmer,62979,WR,LAC,15,63,0,27,0,2.0,0,100.0,,0,0,0.0,0,-0.14,0,0,78.7,44.3,0,4,0.0,0,27,43.5,1,85.2,23,83.3,1,4.3,0,4,2,2.0,4.0,0.17,14.6,0,57.9,0.0,0,1,21.4,3,0.06,9,0,58.3,68.9,0,38,0.0,0,141,41.9,11,87.9,124,86.5,19,15.3,0,165,36,3.3,15.0,1.33
Chase Brown,77787,HB,CIN,16,63,0,7,0,-3.7,6,90.9,,0,0,0.0,0,-0.35,4,0,92.0,93.3,0,19,2.9,1,34,40.0,10,85.3,29,118.2,11,37.9,1,56,93,9.3,5.6,1.93,0.0,0,60.0,0.0,0,1,0.0,0,-0.67,2,0,70.6,72.0,0,9,0.0,0,24,23.8,3,87.5,21,64.6,5,23.8,0,13,11,3.7,4.3,0.62
Noah Fant,42388,TE,SEA,14,62,0,29,0,-1.8,0,100.0,,0,0,0.0,0,-0.09,2,0,90.6,67.2,0,15,0.0,0,42,46.3,5,97.6,41,103.3,5,12.2,0,44,53,10.6,8.8,1.07,5.3,3,82.1,50.0,1,2,0.0,0,0.0,8,0,80.8,68.2,2,32,3.0,7,231,50.0,23,89.6,207,67.0,28,13.5,0,202,102,4.4,8.8,0.98
Jalen McMillan,131905,WR,TB,14,62,0,30,0,-0.9,0,87.5,,0,0,0.0,0,0.43,4,0,91.1,60.4,1,29,1.8,1,57,62.5,7,96.5,55,92.7,8,14.5,1,50,56,8.0,7.1,0.91,14.5,0,63.6,20.0,1,5,6.7,1,0.27,9,0,45.8,64.9,2,33,0.0,0,115,60.9,14,95.7,110,98.5,22,20.0,3,220,76,5.4,15.7,2.0
Stefon Diggs,9579,WR,HST,8,62,0,13,0,-5.2,1,100.0,,0,0,0.0,0,0.04,1,0,90.6,59.6,0,13,0.0,0,26,46.2,5,96.2,25,83.3,5,20.0,0,20,46,9.2,4.0,0.8,7.1,2,77.8,66.7,2,3,4.5,1,0.0,14,0,90.9,80.9,0,20,0.0,0,152,41.1,21,95.4,145,108.8,27,18.6,1,193,87,4.1,9.2,1.33
Evan Engram,11778,TE,JAX,9,62,0,15,0,-2.8,2,100.0,,0,0,0.0,0,-0.16,0,0,91.4,51.9,0,6,8.0,2,25,32.0,8,92.0,23,79.2,8,34.8,0,18,40,5.0,2.3,0.78,4.7,2,76.9,50.0,1,2,0.0,0,0.02,8,0,88.9,69.1,0,24,1.0,1,104,44.9,20,93.3,97,103.4,26,26.8,1,152,81,4.1,7.6,1.57
Tutu Atwell,77965,WR,LA,18,62,0,26,0,-2.0,0,100.0,,0,0,0.0,0,0.29,1,0,88.7,58.3,0,13,0.0,0,22,47.6,3,95.5,21,93.1,3,14.3,0,19,25,8.3,6.3,0.9,13.6,0,80.0,50.0,1,2,5.9,1,0.05,10,0,70.2,75.3,1,50,0.0,0,100,49.5,16,95.0,95,96.0,20,21.1,0,241,41,2.6,15.1,2.54
Adam Thielen,8288,WR,CAR,10,61,0,5,0,-1.0,0,66.7,,0,0,0.0,0,-0.18,0,0,84.5,46.4,0,16,0.0,0,17,25.0,2,94.1,16,81.3,3,18.8,0,17,19,9.5,8.5,1.06,11.4,1,78.0,85.7,6,7,2.5,1,-0.08,23,0,84.1,82.8,4,40,0.0,0,238,41.1,39,94.1,224,102.1,50,22.3,4,505,139,3.6,12.9,2.25
Allen Lazard,48135,WR,NYJ,12,60,0,22,0,-0.7,0,66.7,,0,0,33.3,1,-0.34,0,0,25.7,33.1,0,7,0.0,0,57,46.4,2,98.2,56,70.1,3,5.4,0,7,8,4.0,3.5,0.13,14.0,0,58.6,50.0,4,8,22.7,5,-0.06,13,0,28.3,63.9,1,52,1.7,3,174,42.9,17,92.0,160,119.3,29,18.1,4,300,70,4.1,17.6,1.88
Chris Godwin,11839,WR,TB,7,60,0,30,0,-1.9,0,100.0,,0,0,0.0,0,0.38,3,0,91.8,91.8,0,24,11.4,4,35,58.8,10,85.7,30,105.0,10,33.3,0,92,111,11.1,9.2,3.07,6.6,9,82.9,50.0,3,6,0.0,0,0.07,24,1,91.3,88.6,1,55,0.0,0,164,49.0,34,95.7,157,134.8,41,26.1,4,450,262,7.7,13.2,2.87
Austin Hooper,10715,TE,NE,17,59,0,19,0,-2.3,1,100.0,100.0,1,1,0.0,0,-0.41,3,0,90.9,89.0,0,19,11.8,4,34,30.0,4,76.5,26,118.8,4,15.4,0,52,61,15.3,13.0,2.0,7.2,0,69.2,75.0,3,4,0.0,0,-0.28,3,1,90.5,64.8,0,26,0.0,0,81,39.2,9,91.4,74,91.5,13,17.6,0,99,24,2.7,11.0,1.34
Andrei Iosivas,109811,WR,CIN,17,59,0,7,0,-2.0,0,100.0,,0,0,0.0,0,-0.58,0,0,78.7,40.1,0,1,2.7,1,37,40.6,1,86.5,32,79.2,1,3.1,0,1,3,3.0,1.0,0.03,9.9,0,69.0,75.0,3,4,9.1,2,0.08,13,0,63.9,52.9,0,29,0.3,1,325,52.7,20,92.3,300,130.2,29,9.7,3,252,57,2.9,12.6,0.84
Calvin Austin III,61418,WR,PIT,18,58,0,25,0,-0.6,1,71.4,0.0,0,1,0.0,0,0.14,1,0,90.6,65.8,0,13,0.0,0,18,41.2,5,94.4,17,74.7,7,41.2,0,22,27,5.4,4.4,1.29,14.5,2,61.8,71.4,5,7,8.7,2,0.0,10,0,71.6,65.6,0,46,0.0,0,265,41.8,21,94.7,251,120.2,34,13.5,3,304,61,2.9,14.5,1.21
Rachaad White,131633,HB,TB,17,57,0,30,0,-5.0,10,96.6,,0,0,0.0,0,0.4,11,0,94.0,97.8,0,32,9.7,6,62,61.0,28,85.5,53,138.7,29,54.7,4,226,369,13.2,8.1,4.26,-2.1,3,81.8,,0,0,0.0,0,-0.12,1,0,91.5,67.9,0,13,0.0,0,38,50.0,9,94.7,36,84.8,11,30.6,0,48,74,8.2,5.3,1.33
Mack Hollins,11873,WR,BUF,20,56,0,4,0,,0,,,0,0,,0,0.1,0,0,,35.2,0,0,0.0,0,79,50.6,0,97.5,77,0.0,0,0.0,0,0,0,,,0.0,18.1,0,62.5,50.0,3,6,0.0,0,0.27,9,0,85.2,67.3,0,34,0.0,0,155,45.9,10,94.2,146,138.5,16,11.0,4,172,30,3.0,17.2,1.18
Nick Westbrook-Ikhine,47861,WR,TEN,17,56,0,31,0,,0,,,0,0,,0,-0.32,0,0,,39.1,0,0,2.2,1,45,41.9,0,93.3,42,0.0,0,0.0,0,0,0,,,0.0,14.9,0,53.8,66.7,2,3,12.5,1,-0.08,5,0,66.3,66.1,0,38,2.1,2,96,40.0,7,91.7,88,121.8,13,14.8,3,110,10,1.4,15.7,1.25
Dyami Brown,77986,WR,WAS,19,56,0,32,0,-3.4,8,95.7,0.0,0,1,0.0,0,-0.29,7,3,93.4,72.4,0,24,0.0,0,59,41.4,22,98.3,58,88.4,23,39.7,0,120,194,8.8,5.5,2.07,6.3,7,78.9,33.3,1,3,0.0,0,-0.1,5,2,80.8,65.1,0,38,1.2,1,86,43.2,15,93.0,80,100.2,19,23.8,0,153,131,8.7,10.2,1.91
Tyler Boyd,10689,WR,TEN,16,56,0,31,0,-3.0,0,100.0,,0,0,0.0,0,-0.46,2,0,91.6,66.5,0,8,2.1,1,48,27.7,9,95.8,46,83.3,9,19.6,0,36,63,7.0,4.0,0.78,8.4,3,65.9,55.6,5,9,3.6,1,-0.22,15,0,90.2,61.4,4,40,0.5,2,389,39.5,27,93.3,363,46.8,41,11.3,0,290,127,4.7,10.7,0.8
Devaughn Vele,100637,WR,DEN,14,56,0,10,0,-2.0,1,66.7,,0,0,0.0,0,0.04,0,0,88.7,54.0,0,9,0.0,0,51,46.9,2,96.1,49,74.3,3,6.1,0,12,14,7.0,6.0,0.24,8.2,2,77.8,57.1,4,7,9.7,3,-0.06,17,0,60.4,72.7,0,37,0.0,0,247,44.4,28,93.9,232,114.0,36,15.5,1,329,96,3.4,11.8,1.42
Cole Kmet,60995,TE,CHI,17,55,0,6,0,-1.3,0,100.0,,0,0,0.0,0,-0.06,1,0,91.1,43.5,0,26,11.0,11,100,37.5,6,85.0,85,87.5,6,7.1,0,30,38,6.3,5.0,0.35,7.6,2,84.4,80.0,4,5,3.6,1,-0.04,13,0,76.3,53.3,1,25,5.7,20,351,41.9,27,88.0,309,103.9,32,10.4,2,226,59,2.2,8.4,0.73
David Moore,11981,WR,CAR,17,55,0,5,0,-4.0,1,100.0,,0,0,0.0,0,-0.76,0,0,78.7,42.8,0,3,0.0,0,29,32.1,1,96.6,28,79.2,1,3.6,0,3,7,7.0,3.0,0.11,8.3,2,81.3,50.0,1,2,0.0,0,-0.07,4,0,64.6,68.4,0,21,1.1,1,87,42.2,13,94.3,82,100.0,16,19.5,0,128,38,2.9,9.8,1.56
Tony Pollard,27126,HB,TEN,16,55,0,31,0,-4.6,1,77.8,,0,0,12.5,2,-0.3,4,0,36.9,85.7,0,16,2.2,1,46,40.9,14,93.5,43,84.5,18,41.9,0,77,142,10.1,5.5,1.79,4.9,1,87.5,100.0,1,1,0.0,0,0.3,3,0,38.1,65.5,0,30,0.0,0,30,50.0,7,100.0,30,105.7,8,26.7,0,75,39,5.6,10.7,2.5
Noah Brown,11993,WR,WAS,11,54,0,32,0,-2.3,1,100.0,,0,0,0.0,0,-0.16,1,0,88.7,51.0,0,11,0.0,0,39,51.4,3,89.7,35,94.4,3,8.6,0,20,27,9.0,6.7,0.57,5.9,0,72.7,100.0,1,1,0.0,0,-0.05,3,0,75.7,70.2,1,14,0.0,0,56,50.9,8,94.6,53,43.8,11,20.8,0,50,24,3.0,6.3,0.94
Austin Ekeler,12164,HB,WAS,15,54,0,32,0,-4.2,6,100.0,100.0,1,1,0.0,0,0.09,4,0,92.8,97.9,0,33,4.3,2,46,47.7,17,91.3,42,100.5,17,40.5,0,138,210,12.4,8.1,3.29,-1.5,5,100.0,,0,0,0.0,0,0.23,4,0,74.4,65.8,0,33,1.9,2,103,46.9,11,92.2,95,115.2,11,11.6,0,128,144,13.1,11.6,1.35
Brenton Strange,101694,TE,JAX,17,54,0,15,0,-0.5,0,100.0,,0,0,0.0,0,0.03,0,0,84.5,40.3,0,7,14.7,5,34,48.5,2,82.4,28,95.8,2,7.1,0,14,15,7.5,7.0,0.5,8.4,1,63.3,37.5,3,8,9.5,2,-0.07,7,1,73.6,64.3,0,30,4.9,7,143,46.0,19,92.3,132,91.5,30,22.7,1,184,68,3.6,9.7,1.39
Marvin Mims Jr.,122937,WR,DEN,18,54,0,10,0,-4.0,5,96.4,,0,0,3.6,1,0.23,8,1,91.7,92.4,0,53,0.0,0,52,51.0,27,98.1,51,135.7,28,54.9,3,224,331,12.3,8.3,4.39,9.1,3,78.6,50.0,1,2,0.0,0,0.46,10,1,75.1,72.3,0,93,0.0,0,83,51.9,22,95.2,79,157.0,28,35.4,5,341,298,13.5,15.5,4.32
Jordan Akins,47050,TE,CLV,17,54,0,8,0,-3.0,0,100.0,,0,0,0.0,0,-0.01,1,0,90.9,72.0,0,10,3.3,1,30,42.9,6,90.0,27,94.4,6,22.2,0,40,58,9.7,6.7,1.48,6.8,0,68.4,57.1,4,7,0.0,0,0.11,6,0,90.7,72.9,0,16,1.7,2,121,47.4,13,94.2,114,117.2,19,16.7,2,105,39,3.0,8.1,0.92
Saquon Barkley,45791,HB,PHI,20,54,0,24,0,-4.6,2,86.7,,0,0,0.0,0,0.07,4,0,92.3,95.4,0,31,2.1,1,48,41.3,13,93.8,45,91.4,15,33.3,0,89,153,11.8,6.8,1.98,-4.4,0,88.9,,0,0,0.0,0,0.29,2,0,89.8,71.6,0,11,0.0,0,31,54.8,8,100.0,31,81.5,9,29.0,0,32,70,8.8,4.0,1.03
James Conner,11860,HB,ARZ,16,53,0,1,0,-3.6,11,80.0,,0,0,5.9,1,0.08,9,2,81.2,93.6,1,44,5.0,2,40,52.6,16,92.5,37,108.5,20,54.1,1,221,277,17.3,13.8,5.97,-6.0,0,0.0,,0,0,,0,-0.31,0,0,65.4,57.5,1,0,0.0,0,17,31.3,0,94.1,16,0.0,1,6.3,0,0,0,,,0.0
Joe Mixon,11803,HB,HST,16,53,0,13,0,-4.7,4,94.1,,0,0,0.0,0,-0.14,5,0,92.7,95.9,0,37,2.3,1,43,39.0,16,93.0,40,98.3,17,42.5,0,129,205,12.8,8.1,3.23,0.7,0,83.3,,0,0,0.0,0,-0.72,2,1,41.3,51.3,0,8,0.0,0,23,33.3,5,87.0,20,86.8,6,30.0,0,29,27,5.4,5.8,1.45
Chuba Hubbard,57373,HB,CAR,15,52,0,5,0,-5.8,3,83.3,,0,0,0.0,0,-0.43,2,0,92.0,91.4,0,13,0.0,0,32,32.3,10,96.9,31,106.9,12,38.7,1,35,97,9.7,3.5,1.13,-0.8,0,80.0,,0,0,0.0,0,0.31,1,0,65.5,28.9,0,5,4.0,1,25,47.8,4,88.0,22,79.2,5,22.7,0,7,14,3.5,1.8,0.32
Troy Franklin,146567,WR,DEN,17,52,0,10,0,-3.2,2,91.7,,0,0,8.3,1,0.06,3,0,60.6,66.0,0,23,0.0,0,35,46.9,11,91.4,32,117.0,12,37.5,1,65,101,9.2,5.9,2.03,11.6,2,66.7,0.0,0,1,20.0,3,0.03,6,0,49.7,55.2,0,29,0.0,0,98,50.0,12,93.9,92,106.0,18,19.6,1,129,85,7.1,10.8,1.4
Justice Hill,45865,HB,BLT,17,52,0,3,0,-4.0,7,100.0,,0,0,0.0,0,0.16,7,0,93.2,98.9,0,18,2.9,1,35,54.5,20,91.4,32,116.7,20,62.5,1,160,240,12.0,8.0,5.0,-4.0,3,100.0,,0,0,0.0,0,0.24,1,0,91.3,90.3,0,18,0.0,0,26,59.1,6,84.6,22,95.8,6,27.3,0,42,66,11.0,7.0,1.91
Noah Gray,60878,TE,KC,20,52,0,16,0,-2.3,1,100.0,,0,0,0.0,0,0.0,3,0,90.6,61.5,0,14,6.0,3,50,43.8,4,90.0,45,107.3,4,8.9,0,39,48,12.0,9.8,0.87,9.6,2,82.4,100.0,3,3,0.0,0,0.05,10,0,90.6,70.3,1,26,3.6,4,111,52.9,14,90.1,100,118.6,17,17.0,2,152,49,3.5,10.9,1.52
Kenneth Walker III,97199,HB,SEA,11,52,0,29,0,-3.6,4,87.5,,0,0,6.7,1,-0.25,3,0,71.9,74.4,1,17,3.0,1,33,40.6,14,93.9,31,55.7,16,51.6,0,58,110,7.9,4.1,1.87,-3.5,0,100.0,,0,0,0.0,0,0.62,0,0,89.8,69.5,0,1,0.0,0,18,66.7,2,83.3,15,79.2,2,13.3,0,-1,6,3.0,-0.5,-0.07
Bucky Irving,144970,HB,TB,18,52,0,30,0,-4.7,9,91.7,0.0,0,1,4.3,1,0.22,8,0,90.7,99.6,0,42,4.1,2,49,56.3,22,93.9,46,102.4,24,52.2,0,206,310,14.1,9.4,4.48,-5.1,3,100.0,,0,0,0.0,0,0.43,1,0,80.6,87.0,0,14,0.0,0,27,60.0,8,92.6,25,86.5,8,32.0,0,38,79,9.9,4.8,1.52
Christian Watson,66581,WR,GB,15,51,0,12,0,,0,,,0,0,,0,0.39,0,0,,38.5,0,0,0.0,0,40,53.8,0,97.5,39,0.0,0,0.0,0,0,0,,,0.0,23.9,0,50.0,50.0,3,6,0.0,0,0.26,6,0,62.4,74.7,0,48,1.0,1,96,49.5,7,93.8,90,133.9,14,15.6,2,170,14,2.0,24.3,1.89
Colby Parkinson,52266,TE,LA,19,51,0,26,0,-5.5,0,50.0,,0,0,50.0,1,0.12,1,0,25.7,37.4,0,9,28.6,10,35,44.1,1,68.6,24,62.5,2,8.3,0,9,14,14.0,9.0,0.38,5.8,0,68.8,0.0,0,1,0.0,0,0.27,5,0,79.6,65.6,0,14,1.5,1,68,52.3,11,94.1,64,81.0,16,25.0,0,83,31,2.8,7.5,1.3
Parker Washington,129799,WR,JAX,17,51,0,15,0,-3.0,2,66.7,,0,0,33.3,1,0.09,0,0,25.7,33.9,0,6,0.0,0,42,45.0,2,95.2,40,70.1,3,7.5,0,9,14,7.0,4.5,0.23,13.9,2,52.6,60.0,3,5,0.0,0,-0.11,7,1,53.9,61.2,1,24,0.0,0,158,40.3,10,94.3,149,81.0,19,12.8,2,100,28,2.8,10.0,0.67
Curtis Samuel,11795,WR,BUF,17,51,0,4,0,-2.6,1,92.9,,0,0,0.0,0,-0.36,1,0,92.3,60.5,0,14,0.0,0,37,38.9,13,97.3,36,84.5,14,38.9,0,60,96,7.4,4.6,1.67,2.8,3,70.8,0.0,0,3,5.6,1,0.04,3,0,83.0,66.4,0,55,0.0,0,130,42.1,17,96.9,126,100.0,24,19.0,1,144,139,8.2,8.5,1.14
Adonai Mitchell,146712,WR,IND,17,51,0,14,0,-3.0,0,100.0,,0,0,0.0,0,-0.63,1,1,88.7,61.0,0,9,0.0,0,21,38.1,3,90.5,19,81.9,3,15.8,0,11,20,6.7,3.7,0.58,18.7,0,42.9,0.0,0,1,0.0,0,-0.26,3,0,50.6,59.8,0,30,0.0,0,52,32.7,3,94.2,49,69.3,7,14.3,0,53,17,5.7,17.7,1.08
Brandin Cooks,8655,WR,DAL,10,50,0,9,0,-3.0,0,100.0,,0,0,0.0,0,0.33,0,0,78.7,42.7,0,3,0.0,0,28,44.0,1,89.3,25,79.2,1,4.0,0,3,6,6.0,3.0,0.12,8.4,0,63.6,66.7,2,3,0.0,0,-0.5,5,0,90.3,64.1,1,21,0.0,0,73,37.7,7,94.5,69,68.0,11,15.9,1,54,11,1.6,7.7,0.78
Tyrone Tracy,84226,HB,NYG,17,50,0,21,0,-5.0,5,88.9,,0,0,11.1,1,0.02,5,0,45.7,93.9,0,19,0.0,0,44,51.2,8,97.7,43,109.7,9,20.9,0,93,133,16.6,11.6,2.16,-4.3,2,75.0,,0,0,0.0,0,0.48,2,0,46.2,40.6,0,16,0.0,0,32,58.6,3,90.6,29,95.8,4,13.8,0,30,43,14.3,10.0,1.03
D'Andre Swift,57212,HB,CHI,17,50,0,6,0,-3.9,5,86.4,,0,0,0.0,0,-0.06,6,1,93.1,91.3,0,42,1.2,1,84,38.0,19,92.9,78,111.2,22,28.2,0,235,312,16.4,12.4,3.01,4.0,0,100.0,,0,0,0.0,0,-0.61,0,0,90.2,53.5,0,4,0.0,0,19,18.8,1,84.2,16,83.3,1,6.3,0,4,0,0.0,4.0,0.25
Travis Etienne Jr.,57185,HB,JAX,15,50,0,15,0,-5.1,0,90.0,,0,0,0.0,0,-0.08,2,0,91.8,97.1,0,10,3.2,1,31,40.0,9,93.5,29,79.2,10,34.5,0,27,74,8.2,3.0,0.93,,0,,,0,0,,0,0.21,0,0,68.2,65.4,0,0,0.0,0,4,50.0,0,100.0,4,0.0,0,0.0,0,0,0,,,0.0
Rico Dowdle,40693,HB,DAL,16,49,0,9,0,-4.3,3,84.6,,0,0,8.3,1,0.11,5,0,64.7,90.8,0,18,2.3,1,44,50.0,11,93.2,41,115.4,13,31.7,1,72,118,10.7,6.5,1.76,7.7,0,100.0,,0,0,0.0,0,0.11,1,0,68.5,62.9,0,22,5.0,1,20,36.8,3,90.0,18,156.3,3,16.7,1,36,16,5.3,12.0,2.0
Najee Harris,57121,HB,PIT,18,49,0,25,0,-5.8,5,83.3,,0,0,9.1,1,0.11,5,0,56.2,95.5,0,32,12.0,3,25,44.0,10,88.0,22,110.4,12,54.5,0,126,183,18.3,12.6,5.73,,0,,,0,0,,0,1.08,0,0,57.7,59.8,0,0,0.0,0,4,100.0,0,75.0,3,0.0,0,0.0,0,0,0,,,0.0
Tim Patrick,12087,WR,DET,17,49,0,11,0,-2.0,0,100.0,,0,0,0.0,0,0.49,0,0,78.7,38.8,0,2,0.0,0,43,60.5,1,100.0,43,79.2,1,2.3,0,2,4,4.0,2.0,0.05,10.0,1,62.5,,0,0,0.0,0,0.45,2,0,77.8,64.7,1,27,2.4,2,84,57.8,5,96.4,81,42.7,8,9.9,0,54,29,5.8,10.8,0.67
Sterling Shepard,10674,WR,TB,15,49,0,30,0,-1.1,3,85.7,0.0,0,1,0.0,0,0.12,3,0,90.9,64.1,0,21,0.0,0,46,38.6,6,95.7,44,96.4,7,15.9,0,50,57,9.5,8.3,1.14,11.2,0,60.9,80.0,4,5,12.5,2,0.22,9,0,53.2,54.4,0,22,0.0,0,190,52.3,14,92.6,176,83.1,23,13.1,0,167,23,1.6,11.9,0.95
KaVontae Turpin,47658,WR,DAL,17,48,0,9,0,-2.4,3,85.7,,0,0,7.7,1,0.36,6,0,64.7,92.2,0,30,0.0,0,23,52.2,12,100.0,23,101.2,14,60.9,0,116,144,12.0,9.7,5.04,9.8,4,69.4,20.0,1,5,10.7,3,0.15,14,0,44.2,77.2,1,64,0.0,0,168,47.8,25,94.6,159,107.4,36,22.6,2,350,234,9.4,14.0,2.2
Jaylen Warren,98692,HB,PIT,16,47,0,25,0,-4.9,2,100.0,,0,0,0.0,0,0.19,2,0,40.5,97.9,0,29,13.6,3,22,52.4,7,81.8,18,98.2,7,38.9,0,53,87,12.4,7.6,2.94,-5.0,0,100.0,,0,0,0.0,0,-0.67,0,0,77.3,71.2,0,11,0.0,0,4,50.0,1,100.0,4,112.5,1,25.0,0,11,16,16.0,11.0,2.75
Christian Kirk,47546,WR,JAX,8,47,0,15,0,-2.3,0,100.0,,0,0,0.0,0,0.06,2,0,90.2,59.7,0,15,0.0,0,22,54.5,4,100.0,22,94.8,4,18.2,0,27,36,9.0,6.8,1.23,13.5,2,52.5,30.0,3,10,12.5,3,-0.18,15,0,47.6,67.4,2,33,0.0,0,188,40.8,21,95.2,179,60.0,40,22.3,1,256,83,4.0,12.2,1.43
Jalen Nailor,84292,WR,MIN,18,47,0,18,0,,0,,,0,0,,0,0.1,0,0,,39.9,0,0,0.0,0,41,45.0,0,97.6,40,0.0,0,0.0,0,0,0,,,0.0,13.1,0,75.0,50.0,2,4,4.0,1,0.08,18,0,56.0,61.2,0,33,0.0,0,228,49.8,24,91.7,209,148.8,32,15.3,5,343,82,3.4,14.3,1.64
Zach Charbonnet,97630,HB,SEA,17,47,0,29,0,-4.7,5,92.9,,0,0,0.0,0,0.07,3,0,92.3,93.6,0,24,4.3,2,46,46.5,13,91.3,42,101.5,14,33.3,0,117,175,13.5,9.0,2.79,-3.0,2,80.0,,0,0,0.0,0,-0.26,0,0,91.2,64.4,1,8,4.5,1,22,33.3,4,90.9,20,39.6,5,25.0,0,14,29,7.3,3.5,0.7
Greg Dortch,42237,WR,ARZ,17,46,0,1,0,-3.2,7,100.0,,0,0,0.0,0,0.32,4,0,92.0,94.5,0,39,0.0,0,37,61.1,11,97.3,36,145.8,11,30.6,1,129,164,14.9,11.7,3.58,5.3,8,80.0,60.0,3,5,3.4,1,-0.01,13,1,73.0,66.7,0,39,0.0,0,206,52.4,28,92.7,191,128.9,35,18.3,3,283,232,8.3,10.1,1.48
John Metchie III,97400,WR,HST,15,46,0,13,0,-2.7,0,100.0,100.0,1,1,0.0,0,-0.25,1,0,88.7,55.8,0,7,0.0,0,29,32.1,3,96.6,28,81.9,3,10.7,0,11,19,6.3,3.7,0.39,9.9,1,56.0,57.1,4,7,6.7,1,-0.11,8,1,64.3,62.0,0,28,0.5,1,186,39.4,14,96.2,179,78.9,25,14.0,0,181,46,3.3,12.9,1.01
Alexander Mattison,45817,HB,LV,14,45,0,23,0,-3.5,3,66.7,0.0,0,1,20.0,1,-0.24,3,0,28.1,55.5,0,31,3.6,1,28,29.2,4,82.1,23,100.0,6,26.1,0,61,73,18.3,15.3,2.65,-1.0,0,100.0,,0,0,0.0,0,-0.47,0,0,65.8,58.7,0,6,0.0,0,11,30.0,1,90.9,10,91.7,1,10.0,0,6,7,7.0,6.0,0.6
Jalen Coker,143068,WR,CAR,11,45,0,5,0,-3.0,1,100.0,,0,0,0.0,0,-0.91,1,0,84.5,58.1,0,18,0.0,0,24,20.8,2,100.0,24,104.2,2,8.3,0,18,24,12.0,9.0,0.75,11.0,3,73.1,50.0,2,4,5.0,1,-0.14,14,0,78.7,75.5,1,83,0.0,0,182,40.0,19,93.4,170,110.1,26,15.3,1,314,141,7.4,16.5,1.85
Cedric Tillman,84434,WR,CLV,11,45,0,8,0,-2.0,0,100.0,,0,0,0.0,0,-0.45,0,0,84.5,45.9,0,3,4.0,1,25,29.2,2,92.0,23,79.2,2,8.7,0,3,7,3.5,1.5,0.13,13.8,3,66.7,,0,0,0.0,0,-0.31,4,0,70.9,67.3,0,38,1.2,1,82,31.6,8,91.5,75,121.5,12,16.0,1,104,25,3.1,13.0,1.39
Brandon Aiyuk,84109,WR,SF,7,45,0,28,0,-4.0,0,100.0,,0,0,0.0,0,-0.28,0,0,78.7,47.8,0,2,0.0,0,12,16.7,1,100.0,12,79.2,1,8.3,0,2,6,6.0,2.0,0.17,12.5,1,53.3,66.7,2,3,11.1,1,0.13,6,0,45.4,73.2,0,16,0.0,0,44,42.9,8,95.5,42,72.6,15,35.7,0,94,22,2.8,11.8,2.24
Ameer Abdullah,9487,HB,LV,14,45,0,23,0,-6.3,0,100.0,,0,0,0.0,0,-0.34,2,0,90.2,80.5,0,12,5.3,1,19,31.6,4,94.7,18,88.5,4,22.2,0,21,46,11.5,5.3,1.17,4.0,0,100.0,,0,0,0.0,0,-1.13,0,0,90.9,81.9,0,9,0.0,0,14,38.5,1,92.9,13,104.2,1,7.7,0,9,5,5.0,9.0,0.69
James Cook,83666,HB,BUF,19,44,0,4,0,-5.7,1,77.8,,0,0,12.5,1,0.13,2,0,40.5,38.4,0,17,0.0,0,50,55.1,7,98.0,49,84.7,9,18.4,0,39,80,11.4,5.6,0.8,12.0,0,0.0,0.0,0,1,,0,0.4,0,0,63.2,58.0,0,0,0.0,0,14,58.3,0,85.7,12,39.6,1,8.3,0,0,0,,,0.0
Josh Jacobs,45953,HB,GB,18,44,0,12,0,-4.8,9,100.0,100.0,1,1,0.0,0,0.35,8,0,92.8,99.6,0,21,5.8,3,52,55.1,16,88.5,46,124.0,16,34.8,1,140,217,13.6,8.8,3.04,-4.3,3,75.0,,0,0,0.0,0,0.66,2,0,90.8,90.3,0,15,0.0,0,13,66.7,3,92.3,12,95.8,4,33.3,0,30,46,15.3,10.0,2.5
Ricky Pearsall,100660,WR,SF,11,44,0,28,0,-4.0,0,100.0,,0,0,0.0,0,0.39,0,0,88.7,44.3,0,4,0.0,0,34,55.2,2,85.3,29,81.3,2,6.9,0,7,15,7.5,3.5,0.24,11.4,0,61.5,50.0,1,2,11.1,1,-0.23,5,0,71.8,62.1,1,40,0.8,1,129,38.3,8,92.2,119,80.3,13,10.9,1,104,18,2.3,13.0,0.87
Theo Johnson,129787,TE,NYG,12,43,0,21,0,-4.3,0,66.7,0.0,0,1,0.0,0,-0.61,1,0,88.7,63.1,0,13,15.8,6,38,44.4,2,78.9,30,84.0,3,10.0,0,19,28,14.0,9.5,0.63,7.6,2,77.8,66.7,2,3,6.7,1,-0.22,7,0,63.0,53.3,0,35,3.7,8,216,38.9,14,90.3,195,124.3,18,9.2,1,169,61,4.4,12.1,0.87
Ja'Tavion Sanders,144717,TE,CAR,16,43,0,5,0,-2.0,0,100.0,,0,0,0.0,0,-0.8,0,0,84.5,42.1,0,4,7.4,2,27,29.6,2,92.6,25,83.3,2,8.0,0,8,12,6.0,4.0,0.32,7.7,2,76.2,66.7,2,3,11.1,2,-0.02,6,1,46.5,51.5,0,21,3.3,6,184,43.1,16,91.3,168,109.6,21,12.5,1,142,55,3.4,8.9,0.85
Chris Olave,84355,WR,NO,8,43,0,20,0,-3.0,0,66.7,,0,0,0.0,0,-0.22,0,0,84.5,59.0,1,3,4.8,1,21,38.1,2,95.2,20,30.6,3,15.0,0,-3,3,1.5,-1.5,-0.15,8.2,0,76.9,50.0,1,2,0.0,0,-0.63,7,1,84.7,87.2,1,28,1.8,1,57,31.5,10,93.0,53,97.6,13,24.5,1,118,50,5.0,11.8,2.23
Lil'Jordan Humphrey,42247,WR,DEN,18,43,0,10,0,-2.6,5,100.0,,0,0,0.0,0,-0.16,2,0,91.6,63.3,0,27,3.8,2,53,37.3,9,92.5,49,97.2,9,18.4,0,66,89,9.9,7.3,1.35,4.9,5,79.2,50.0,1,2,5.0,1,-0.15,7,2,75.3,51.5,1,27,1.6,3,182,40.2,19,94.0,171,79.3,24,14.0,0,173,119,6.3,9.1,1.01
Van Jefferson,47447,WR,PIT,18,42,0,25,0,-5.0,0,100.0,,0,0,0.0,0,0.22,0,0,78.7,42.3,0,1,0.0,0,34,48.5,1,97.1,33,79.2,1,3.0,0,1,6,6.0,1.0,0.03,9.2,1,54.5,,0,0,0.0,0,-0.15,2,0,74.8,58.0,0,12,3.8,4,105,39.8,6,89.5,94,91.1,11,11.7,1,35,13,2.2,5.8,0.37
Foster Moreau,47043,TE,NO,17,42,0,20,0,-3.0,0,100.0,,0,0,0.0,0,0.23,1,0,88.7,58.0,0,12,15.6,7,45,43.2,2,82.2,37,110.4,2,5.4,0,21,27,13.5,10.5,0.57,10.9,1,61.5,50.0,1,2,0.0,0,-0.1,5,0,90.0,64.7,0,21,7.8,8,103,42.3,8,87.4,90,114.9,13,14.4,1,112,28,3.5,14.0,1.24
Kyren Williams,97118,HB,LA,18,42,0,26,0,-6.3,0,77.8,,0,0,12.5,1,-0.06,0,0,39.4,29.8,0,5,22.4,11,49,37.5,7,75.5,37,79.2,9,24.3,0,-3,37,5.3,-0.4,-0.08,-3.0,0,100.0,,0,0,0.0,0,-1.27,0,0,86.5,47.5,0,5,0.0,0,22,11.1,1,81.8,18,87.5,1,5.6,0,5,8,8.0,5.0,0.28
Gabe Davis,55410,WR,JAX,10,42,0,15,0,,0,,,0,0,,0,-0.24,0,0,,39.6,0,0,0.0,0,27,37.0,0,100.0,27,0.0,0,0.0,0,0,0,,,0.0,9.5,0,50.0,0.0,0,2,0.0,0,-0.04,2,0,55.9,51.6,0,20,0.0,0,51,39.2,3,100.0,51,72.9,6,11.8,0,42,10,3.3,14.0,0.82
Jerome Ford,83601,HB,CLV,14,42,0,8,0,-3.6,8,94.1,,0,0,5.9,1,-0.06,5,0,78.3,95.3,0,26,0.0,0,28,40.7,16,96.4,27,91.7,17,63.0,0,102,161,10.1,6.4,3.78,-2.7,1,100.0,,0,0,0.0,0,0.0,1,0,80.0,54.3,0,11,0.0,0,20,52.6,3,95.0,19,95.8,3,15.8,0,21,29,9.7,7.0,1.11
Jonathan Mingo,97774,WR,DAL,17,42,0,9,0,-2.0,0,100.0,,0,0,0.0,0,-0.27,1,0,84.5,50.8,0,15,0.0,0,34,39.4,2,97.1,33,91.7,2,6.1,0,12,16,8.0,6.0,0.36,7.4,2,64.3,0.0,0,2,10.0,1,-0.2,3,0,61.2,51.6,1,29,0.0,0,114,38.9,9,94.7,108,49.7,14,13.0,0,80,49,5.4,8.9,0.74
Marquez Valdes-Scantling,47809,WR,NO,14,41,0,20,0,-2.0,1,100.0,,0,0,0.0,0,-0.16,0,0,78.7,41.6,0,-1,0.0,0,33,33.3,1,90.9,30,79.2,1,3.3,0,-1,1,1.0,-1.0,-0.03,17.1,1,70.0,0.0,0,2,0.0,0,0.02,4,0,72.8,58.5,1,40,0.0,0,68,38.1,7,92.6,63,112.5,10,15.9,2,125,18,2.6,17.9,1.98
Rashid Shaheed,63707,WR,NO,6,40,0,20,0,-2.5,0,100.0,,0,0,0.0,0,-0.29,1,0,84.5,78.6,0,13,0.0,0,15,33.3,2,100.0,15,93.8,2,13.3,0,13,18,9.0,6.5,0.87,17.4,0,50.0,0.0,0,2,0.0,0,-0.08,4,0,84.1,63.1,2,43,0.0,0,46,39.5,8,93.5,43,47.9,16,37.2,1,88,20,2.5,11.0,2.05
Tyler Johnson,48054,WR,LA,15,39,0,26,0,-3.0,1,100.0,,0,0,0.0,0,0.09,0,0,78.7,47.6,0,2,0.0,0,12,41.7,1,100.0,12,79.2,1,8.3,0,2,5,5.0,2.0,0.17,5.4,2,55.6,0.0,0,1,0.0,0,-0.07,1,0,89.3,64.9,0,20,5.6,4,71,47.8,5,88.7,63,68.3,9,14.3,0,43,37,7.4,8.6,0.68
Rhamondre Stevenson,98689,HB,NE,15,39,0,19,0,-3.3,2,85.7,,0,0,7.7,1,-0.2,2,0,71.9,94.2,0,16,2.1,1,47,39.0,12,85.1,40,85.1,14,35.0,0,62,102,8.5,5.2,1.55,-6.0,2,100.0,,0,0,0.0,0,-0.31,0,0,80.8,60.8,0,4,0.0,0,17,31.3,1,94.1,16,91.7,1,6.3,0,6,12,12.0,6.0,0.38
David Montgomery,45719,HB,DET,15,37,0,11,0,-4.9,6,100.0,,0,0,0.0,0,0.34,5,0,92.0,98.4,0,24,10.0,2,20,72.2,10,75.0,15,111.7,10,66.7,0,108,157,15.7,10.8,7.2,3.0,0,100.0,,0,0,0.0,0,-0.8,1,0,90.0,90.5,0,3,0.0,0,5,20.0,1,100.0,5,79.2,1,20.0,0,3,0,0.0,3.0,0.6
Kendrick Bourne,12270,WR,NE,12,37,0,19,0,-2.7,0,100.0,,0,0,0.0,0,-0.12,0,0,88.7,43.4,0,6,0.0,0,42,50.0,3,83.3,35,79.2,3,8.6,0,6,14,4.7,2.0,0.17,11.7,1,33.3,0.0,0,1,0.0,0,-0.09,1,0,77.8,64.6,0,18,0.0,0,64,49.2,1,92.2,59,54.9,3,5.1,0,18,11,11.0,18.0,0.31
AJ Barner,129433,TE,SEA,17,37,0,29,0,-2.0,1,100.0,,0,0,0.0,0,-0.07,1,0,84.5,64.0,0,10,3.6,1,28,36.0,2,85.7,24,100.0,2,8.3,0,16,20,10.0,8.0,0.67,7.2,1,55.6,100.0,1,1,37.5,3,-0.04,2,0,37.4,50.9,0,20,3.9,4,103,45.4,5,91.3,94,69.7,9,9.6,0,46,21,4.2,9.2,0.49
Dawson Knox,35883,TE,BUF,19,37,0,4,0,-3.3,0,100.0,,0,0,0.0,0,-0.14,0,0,90.6,47.9,0,7,4.7,2,43,43.9,4,90.7,39,83.3,4,10.3,0,16,29,7.3,4.0,0.41,9.2,0,50.0,25.0,1,4,14.3,1,0.3,3,0,61.5,52.8,1,19,2.7,4,149,48.1,6,86.6,129,57.3,12,9.3,1,59,20,3.3,9.8,0.46
Josh Whyle,54037,TE,TEN,17,36,0,31,0,-2.5,0,50.0,,0,0,0.0,0,-0.4,0,0,78.7,42.6,0,8,16.7,3,18,27.8,1,83.3,15,60.4,2,13.3,0,8,9,9.0,8.0,0.53,12.1,0,75.0,,0,0,0.0,0,-0.14,3,0,89.7,61.7,0,13,6.3,5,79,41.1,6,86.1,68,126.6,8,11.8,1,43,6,1.0,7.2,0.63
Malik Washington,97108,WR,MIA,14,36,0,17,0,-2.6,0,88.9,0.0,0,1,0.0,0,0.22,2,0,91.4,66.2,0,14,0.0,0,60,47.4,8,95.0,57,85.2,9,15.8,0,40,62,7.8,5.0,0.7,2.1,1,72.2,40.0,2,5,7.1,1,-0.11,4,0,70.9,58.9,0,12,0.7,1,141,49.3,13,94.3,133,81.3,18,13.5,0,82,64,4.9,6.3,0.62
Mike Williams,11762,WR,PIT,19,36,0,25,0,,0,,,0,0,,0,-0.07,0,0,,38.9,0,0,0.0,0,39,42.1,0,97.4,38,0.0,0,0.0,0,0,0,,,0.0,11.3,0,75.0,100.0,3,3,14.3,1,0.18,5,0,59.1,59.1,0,37,0.0,0,82,46.3,6,97.6,80,116.7,8,10.0,0,105,24,4.0,17.5,1.31
J.K. Dobbins,57366,HB,LAC,14,36,0,27,0,-5.4,2,88.9,100.0,1,1,0.0,0,0.04,2,0,91.4,84.6,0,14,13.3,4,30,53.6,8,80.0,24,79.6,9,37.5,0,28,69,8.6,3.5,1.17,2.0,0,100.0,,0,0,0.0,0,0.5,0,0,63.6,46.3,0,10,5.3,1,19,57.9,2,94.7,18,89.6,2,11.1,0,11,7,3.5,5.5,0.61
Jahan Dotson,84375,WR,PHI,21,35,0,24,0,-3.5,1,100.0,,0,0,0.0,0,0.07,1,0,90.6,59.8,0,8,0.0,0,41,41.0,4,95.1,39,86.5,4,10.3,0,19,33,8.3,4.8,0.49,5.3,1,75.0,0.0,0,1,0.0,0,0.24,4,0,90.0,50.9,0,15,0.0,0,168,46.5,6,92.3,155,127.1,8,5.2,1,44,42,7.0,7.3,0.28
Samaje Perine,11869,HB,KC,20,35,0,16,0,-3.4,0,66.7,100.0,1,1,14.3,1,-0.3,2,0,32.0,55.1,0,23,0.0,0,17,29.4,6,100.0,17,74.3,9,52.9,0,36,59,9.8,6.0,2.12,0.0,0,100.0,,0,0,0.0,0,0.61,1,0,63.3,66.8,0,11,0.0,0,13,72.7,1,84.6,11,112.5,1,9.1,0,11,11,11.0,11.0,1.0
Robert Woods,7822,WR,HST,17,34,0,13,0,-2.8,0,100.0,,0,0,0.0,0,-0.06,0,1,90.2,30.1,0,13,3.3,1,30,34.5,4,93.3,28,79.2,4,14.3,0,12,23,5.8,3.0,0.43,4.1,0,78.6,,0,0,0.0,0,-0.18,5,2,76.1,56.1,0,17,1.2,1,86,38.6,11,95.3,82,93.5,14,17.1,0,90,53,4.8,8.2,1.1
Luke Schoonmaker,84005,TE,DAL,17,34,0,9,0,,0,,,0,0,,0,0.29,0,0,,35.9,0,0,0.0,0,19,52.9,0,89.5,17,0.0,0,0.0,0,0,0,,,0.0,8.8,0,76.9,100.0,1,1,0.0,0,0.2,3,0,90.1,65.9,0,24,1.2,1,85,46.8,10,89.4,76,121.0,13,17.1,1,91,25,2.5,9.1,1.2
Tyjae Spears,97195,HB,TEN,12,33,0,31,0,-4.8,3,87.5,,0,0,12.5,1,-0.47,2,0,39.4,50.3,0,29,9.5,2,21,28.6,7,90.5,19,83.9,8,42.1,0,33,64,9.1,4.7,1.74,1.0,0,100.0,,0,0,0.0,0,-0.21,0,0,87.2,69.7,0,2,0.0,0,9,33.3,1,100.0,9,79.2,1,11.1,0,2,1,1.0,2.0,0.22
Justin Watson,66915,WR,KC,20,31,0,16,0,,0,,,0,0,,0,-0.01,0,0,,34.7,0,0,0.0,0,66,44.6,0,98.5,65,0.0,0,0.0,0,0,0,,,0.0,18.9,0,77.8,100.0,2,2,0.0,0,0.05,6,0,68.8,51.3,0,19,0.7,1,152,48.2,7,92.1,140,149.8,9,6.4,2,94,15,2.1,13.4,0.67
JuJu Smith-Schuster,11817,WR,KC,17,31,0,16,0,-4.5,1,100.0,,0,0,0.0,0,0.1,1,0,90.2,54.5,0,13,0.0,0,50,50.0,4,100.0,50,100.0,4,8.0,0,32,50,12.5,8.0,0.64,4.8,1,63.6,0.0,0,2,0.0,0,0.19,5,0,89.3,57.2,0,50,1.4,2,146,50.4,7,93.8,137,125.2,11,8.0,1,105,97,13.9,15.0,0.77
Taysom Hill,12112,TE,NO,8,31,0,20,0,-2.4,3,100.0,,0,0,0.0,0,0.3,1,0,90.6,72.0,0,15,0.0,0,17,47.1,5,94.1,16,98.3,5,31.3,0,38,50,10.0,7.6,2.38,6.2,0,50.0,40.0,2,5,33.3,3,0.07,3,0,45.4,61.9,0,9,1.9,1,52,42.0,6,94.2,49,56.3,12,24.5,0,29,7,1.2,4.8,0.59
Michael Mayer,122906,TE,LV,11,31,0,23,0,,0,,,0,0,,0,-0.03,0,0,78.7,59.8,0,0,5.9,1,17,42.9,0,76.5,13,0.0,0,0.0,0,0,0,,,0.0,9.5,0,61.5,33.3,1,3,0.0,0,-0.08,4,0,55.3,50.6,0,29,3.3,3,92,48.9,8,92.4,85,76.4,13,15.3,0,72,17,2.1,9.0,0.85
Ja'Lynn Polk,123153,WR,NE,15,31,0,19,0,-2.0,1,100.0,,0,0,0.0,0,-0.57,0,0,78.7,42.8,0,7,0.0,0,30,29.6,1,90.0,27,95.8,1,3.7,0,7,9,9.0,7.0,0.26,10.3,0,33.3,0.0,0,2,0.0,0,-0.41,1,0,35.8,39.7,0,5,1.9,1,54,43.1,2,92.6,50,81.9,6,12.0,1,5,0,0.0,2.5,0.1
Xavier Hutchinson,122518,WR,HST,18,31,0,13,0,-4.5,1,100.0,100.0,1,1,0.0,0,-0.29,0,0,84.5,51.4,0,12,0.0,0,35,35.3,2,97.1,34,83.3,2,5.9,0,8,17,8.5,4.0,0.24,14.6,1,70.0,50.0,1,2,0.0,0,-0.08,4,0,47.1,56.4,1,19,0.0,0,109,44.0,7,91.7,100,56.3,10,10.0,0,85,25,3.6,12.1,0.85
Jonathan Taylor,57488,HB,IND,14,30,0,14,0,-4.7,6,66.7,,0,0,14.3,1,0.06,3,1,32.0,29.9,1,25,3.3,1,30,44.8,6,93.3,28,44.9,9,32.1,0,58,86,14.3,9.7,2.07,2.5,0,50.0,,0,0,0.0,0,1.09,1,0,40.0,45.7,0,7,0.0,0,12,80.0,1,83.3,10,97.9,2,20.0,1,7,3,3.0,7.0,0.7
Kareem Hunt,11841,HB,KC,16,30,0,16,0,-3.5,1,100.0,,0,0,0.0,0,0.1,3,0,91.6,89.6,0,13,4.2,2,48,53.2,8,93.8,45,85.4,8,17.8,0,36,64,8.0,4.5,0.8,,0,,,0,0,,0,-0.26,0,0,88.3,54.4,0,0,0.0,0,7,42.9,0,100.0,7,0.0,0,0.0,0,0,0,,,0.0
Grant Calcaterra,60997,TE,PHI,21,30,0,24,0,,0,,,0,0,,0,-0.24,0,0,,34.3,0,0,6.7,2,30,28.6,0,86.7,26,0.0,0,0.0,0,0,0,,,0.0,9.5,0,90.9,100.0,1,1,0.0,0,0.11,7,0,83.2,56.6,0,34,0.0,0,155,44.7,10,96.8,150,148.9,11,7.3,1,137,41,4.1,13.7,0.91
Kylen Granson,40630,TE,IND,17,30,0,14,0,-5.0,0,100.0,,0,0,0.0,0,0.17,1,0,84.5,57.9,0,18,0.0,0,20,57.9,2,95.0,19,106.3,2,10.5,0,19,29,14.5,9.5,1.0,13.1,0,46.2,25.0,1,4,14.3,1,0.03,3,0,50.4,49.3,2,22,0.0,0,124,42.2,6,93.5,116,23.1,13,11.2,0,69,21,3.5,11.5,0.59
Jalen Brooks,111284,WR,DAL,14,30,0,9,0,-2.0,0,100.0,,0,0,0.0,0,-0.36,0,0,78.7,42.0,0,0,0.0,0,29,37.0,1,93.1,27,79.2,1,3.7,0,0,2,2.0,0.0,0.0,15.3,0,0.0,0.0,0,1,,0,-0.55,0,0,83.6,56.2,0,0,0.0,0,43,30.0,0,93.0,40,39.6,4,10.0,0,0,0,,,0.0
Nelson Agholor,9453,WR,BLT,16,30,0,3,0,-4.0,0,100.0,,0,0,0.0,0,0.24,0,0,78.7,44.5,0,-2,3.7,1,27,64.0,1,88.9,24,79.2,1,4.2,0,-2,2,2.0,-2.0,-0.08,17.3,0,50.0,20.0,1,5,12.5,1,0.42,6,0,65.8,61.0,0,29,0.0,0,129,50.4,7,95.3,123,84.5,14,11.4,0,137,31,4.4,19.6,1.11
Jordan Whittington,97623,WR,LA,10,29,0,26,0,-4.5,0,100.0,,0,0,0.0,0,-0.12,3,0,90.2,90.1,0,24,15.8,3,19,38.9,4,78.9,15,111.5,4,26.7,0,43,61,15.3,10.8,2.87,1.3,2,83.3,0.0,0,1,0.0,0,-0.34,2,0,85.3,69.6,0,22,8.7,4,46,47.6,5,84.8,39,100.0,6,15.4,0,48,43,8.6,9.6,1.23
Kyle Juszczyk,7912,FB,SF,17,29,0,28,0,-2.6,1,40.0,,0,0,0.0,0,0.17,1,0,84.5,54.6,0,20,0.0,0,26,38.5,2,100.0,26,49.6,5,19.2,0,17,22,11.0,8.5,0.65,6.7,0,57.1,,0,0,0.0,0,0.22,3,0,82.7,55.6,0,36,3.4,2,59,48.2,4,91.5,54,133.9,7,13.0,1,75,37,9.3,18.8,1.39
Rashee Rice,97605,WR,KC,4,29,0,16,0,-2.8,4,100.0,,0,0,0.0,0,-0.17,3,0,91.4,85.1,0,14,0.0,0,18,44.4,8,100.0,18,91.1,8,44.4,0,47,69,8.6,5.9,2.61,4.6,4,80.0,,0,0,7.7,1,0.07,7,0,76.3,87.6,1,33,0.0,0,50,53.3,12,90.0,45,99.7,15,33.3,1,139,91,7.6,11.6,3.09
Antonio Gibson,78050,HB,NE,17,29,0,19,0,-3.5,2,80.0,,0,0,0.0,0,-0.46,2,0,91.4,68.3,1,12,3.3,1,30,44.4,8,90.0,27,45.4,10,37.0,0,44,72,9.0,5.5,1.63,,0,,,0,0,,0,-0.16,0,0,80.4,69.0,0,0,0.0,0,10,40.0,0,100.0,10,0.0,0,0.0,0,0,0,,,0.0
Tommy Tremble,84025,TE,CAR,12,29,0,5,0,0.5,0,100.0,,0,0,0.0,0,-0.34,0,1,84.5,25.6,0,7,14.8,4,27,34.6,2,85.2,23,91.7,2,8.7,0,12,11,5.5,6.0,0.52,6.3,2,90.0,75.0,3,4,0.0,0,-0.13,4,0,89.7,50.0,0,19,5.8,7,120,38.1,9,88.3,106,127.1,10,9.4,1,65,22,2.4,7.2,0.61
Brian Robinson,57120,HB,WAS,17,29,0,32,0,-5.5,2,90.0,,0,0,10.0,1,-0.29,1,0,51.2,79.4,1,11,9.4,5,53,48.0,9,84.9,45,45.8,10,22.2,0,45,95,10.6,5.0,1.0,-0.3,4,100.0,100.0,1,1,0.0,0,0.14,3,0,73.7,80.6,0,32,2.3,1,43,56.4,8,88.4,38,111.5,8,21.1,0,86,88,11.0,10.8,2.26
Ty Johnson,45769,HB,BUF,20,29,0,4,0,-6.0,0,100.0,,0,0,0.0,0,-0.35,3,0,90.9,87.4,0,41,12.1,4,33,31.3,5,84.8,28,157.9,5,17.9,1,62,92,18.4,12.4,2.21,16.8,0,50.0,,0,0,0.0,0,0.52,3,0,90.0,68.1,0,33,0.0,0,60,46.4,3,93.3,56,94.4,6,10.7,0,73,21,7.0,24.3,1.3
Johnny Mundt,12206,TE,MIN,18,28,0,18,0,-1.0,0,100.0,,0,0,0.0,0,-0.09,1,0,78.7,53.5,0,13,3.8,1,26,48.0,1,92.3,24,118.8,1,4.2,0,13,14,14.0,13.0,0.54,5.2,0,88.9,100.0,1,1,0.0,0,-0.4,6,0,58.7,55.8,0,22,0.0,0,80,45.1,8,88.8,71,144.4,9,12.7,1,88,57,7.1,11.0,1.24
DJ Turner,47663,WR,LV,12,28,0,23,0,-2.5,0,100.0,,0,0,0.0,0,-0.25,0,0,84.5,45.3,0,9,0.0,0,21,31.6,2,90.5,19,91.7,2,10.5,0,12,17,8.5,6.0,0.63,8.3,1,57.9,75.0,3,4,0.0,0,-0.13,6,0,87.3,54.1,1,25,0.0,0,185,43.7,11,94.1,174,66.8,19,10.9,1,95,57,5.2,8.6,0.55
Cedrick Wilson Jr.,48170,WR,NO,15,28,0,20,0,,0,,,0,0,,0,-0.5,0,0,,41.8,0,0,0.0,0,26,26.9,0,100.0,26,0.0,0,0.0,0,0,0,,,0.0,9.4,2,78.6,0.0,0,1,8.3,1,-0.43,4,0,70.8,67.6,1,19,0.9,1,106,33.7,11,93.4,99,95.5,14,14.1,1,117,36,3.3,10.6,1.18
Marquise Brown,61568,WR,KC,5,28,0,16,0,-4.0,0,100.0,,0,0,0.0,0,-0.28,0,0,84.5,53.3,0,4,0.0,0,10,22.2,2,90.0,9,81.3,2,22.2,0,7,15,7.5,3.5,0.78,11.5,0,27.3,0.0,0,1,0.0,0,0.0,1,0,76.1,66.3,1,20,0.0,0,54,49.0,3,94.4,51,1.7,11,21.6,0,32,16,5.3,10.7,0.63
Miles Sanders,40555,HB,CAR,11,28,0,5,0,-4.5,4,92.3,100.0,1,1,0.0,0,-0.83,1,0,92.1,80.9,1,12,8.0,2,25,32.0,12,92.0,23,50.6,13,56.5,0,50,99,8.3,4.2,2.17,-6.3,1,100.0,,0,0,0.0,0,-0.28,0,0,90.1,54.5,0,5,0.0,0,19,42.1,3,100.0,19,79.2,3,15.8,0,-1,18,6.0,-0.3,-0.05
Jeremy Ruckert,84029,TE,NYJ,17,27,0,22,0,-1.0,0,100.0,,0,0,0.0,0,0.0,0,0,78.7,36.2,0,-1,13.3,4,30,39.3,1,83.3,25,79.2,1,4.0,0,-1,0,0.0,-1.0,-0.04,7.0,0,62.5,33.3,1,3,0.0,0,0.23,1,0,43.5,44.1,0,6,1.7,1,58,44.6,5,94.8,55,66.7,8,14.5,0,20,7,1.4,4.0,0.36
Luke McCaffrey,101634,WR,WAS,20,27,0,32,0,-3.8,0,100.0,,0,0,0.0,0,-0.27,1,0,90.2,57.2,0,13,3.2,1,31,45.2,4,96.8,30,95.8,4,13.3,0,28,43,10.8,7.0,0.93,10.0,1,66.7,50.0,2,4,6.7,1,0.29,7,0,74.3,55.0,2,30,0.5,1,206,52.0,14,94.7,195,44.6,21,10.8,0,134,67,4.8,9.6,0.69
Zack Moss,40341,HB,CIN,8,27,0,7,0,-4.0,1,100.0,,0,0,0.0,0,-0.38,2,0,90.2,95.9,0,14,33.3,3,9,50.0,4,55.6,5,101.0,4,80.0,0,33,49,12.3,8.3,6.6,-1.0,0,100.0,,0,0,0.0,0,1.0,1,0,73.9,71.5,0,19,0.0,0,6,100.0,1,66.7,4,118.8,1,25.0,0,19,20,20.0,19.0,4.75
Josh Oliver,47083,TE,MIN,16,27,0,18,0,-4.0,0,100.0,,0,0,0.0,0,0.08,0,0,24.2,27.2,0,8,31.3,10,32,53.3,1,65.6,21,100.0,1,4.8,0,8,12,12.0,8.0,0.38,8.0,0,100.0,,0,0,0.0,0,0.7,1,0,67.0,54.3,0,14,0.0,0,18,64.7,1,94.4,17,118.8,1,5.9,0,14,6,6.0,14.0,0.82
Braelon Allen,145159,HB,NYJ,17,26,0,22,0,-4.4,2,75.0,,0,0,25.0,2,0.11,3,0,25.8,37.1,0,12,0.0,0,30,46.4,6,93.3,28,130.2,8,28.6,1,50,79,13.2,8.3,1.79,,0,,,0,0,,0,-0.27,0,0,29.8,52.6,0,0,0.0,0,8,28.6,0,87.5,7,0.0,0,0.0,0,0,0,,,0.0
Dare Ogunbowale,12329,HB,HST,19,26,0,13,0,-3.5,1,100.0,,0,0,0.0,0,-0.16,1,0,90.6,92.9,0,13,0.0,0,18,35.3,4,94.4,17,103.1,4,23.5,0,35,49,12.3,8.8,2.06,1.7,2,100.0,,0,0,0.0,0,-0.09,2,0,79.4,63.3,0,16,0.0,0,22,40.9,3,100.0,22,115.3,3,13.6,0,35,30,10.0,11.7,1.59
Jaleel McLaughlin,138346,HB,DEN,17,26,0,10,0,-6.5,4,91.7,,0,0,0.0,0,-0.24,1,0,92.0,81.2,0,6,0.0,0,37,35.1,11,100.0,37,106.9,12,32.4,1,33,103,9.4,3.0,0.89,-7.0,0,100.0,,0,0,0.0,0,-0.77,0,0,89.3,47.0,0,-2,0.0,0,10,33.3,1,90.0,9,79.2,1,11.1,0,-2,5,5.0,-2.0,-0.22
Tyler Higbee,10744,TE,LA,5,25,0,26,0,-3.8,1,75.0,,0,0,25.0,1,-0.44,2,0,27.0,92.5,0,20,11.1,1,9,22.2,3,88.9,8,108.3,4,50.0,0,42,52,17.3,14.0,5.25,4.0,0,100.0,,0,0,0.0,0,-0.34,1,0,38.5,68.3,0,7,0.0,0,9,44.4,1,100.0,9,95.8,1,11.1,0,7,3,3.0,7.0,0.78
Cade Stover,101486,TE,HST,16,25,0,13,0,-3.0,0,100.0,,0,0,0.0,0,0.02,0,0,84.5,39.4,0,11,15.0,3,20,42.1,2,85.0,17,91.7,2,11.8,0,12,18,9.0,6.0,0.71,2.0,0,100.0,,0,0,0.0,0,-0.23,1,0,45.7,51.2,0,12,16.1,5,31,37.9,2,77.4,24,95.8,2,8.3,0,14,10,5.0,7.0,0.58
Kenneth Gainwell,77737,HB,PHI,21,25,0,24,0,-5.0,0,66.7,,0,0,0.0,0,-0.37,0,0,84.5,91.7,0,8,0.0,0,12,27.3,2,91.7,11,75.7,3,27.3,0,13,22,11.0,6.5,1.18,-4.0,0,66.7,0.0,0,1,0.0,0,0.34,0,0,90.0,69.9,0,8,0.0,0,8,42.9,2,87.5,7,75.7,3,42.9,0,13,22,11.0,6.5,1.86
Darnell Washington,124044,TE,PIT,18,25,0,25,0,-4.0,0,0.0,,0,0,,0,0.19,0,0,,32.3,0,0,67.9,19,28,50.0,0,32.1,9,39.6,1,11.1,0,0,0,,,0.0,11.0,0,50.0,,0,0,0.0,0,-0.01,1,0,82.7,66.2,1,17,0.0,0,19,64.7,1,89.5,17,39.6,2,11.8,0,17,5,5.0,17.0,1.0
Dante Pettis,48113,WR,NO,8,24,0,20,0,-3.0,0,66.7,0.0,0,1,0.0,0,-0.71,0,0,84.5,54.0,0,8,0.0,0,10,30.0,2,100.0,10,71.5,3,30.0,0,10,17,8.5,5.0,1.0,7.1,1,57.1,0.0,0,1,0.0,0,-0.39,4,0,84.1,71.3,0,12,0.0,0,42,37.5,4,95.2,40,75.9,7,17.5,0,44,14,3.5,11.0,1.1
Devin Singletary,40485,HB,NYG,15,24,0,21,0,-5.5,3,90.9,,0,0,0.0,0,-0.84,3,0,91.8,90.6,1,23,6.7,2,30,39.3,10,86.7,26,53.0,11,42.3,0,64,116,11.6,6.4,2.46,-4.3,1,100.0,,0,0,0.0,0,-0.06,0,0,66.6,45.7,0,5,0.0,0,14,57.1,3,100.0,14,79.2,3,21.4,0,8,21,7.0,2.7,0.57
Kalif Raymond,11028,WR,DET,13,24,0,11,0,-4.0,1,100.0,,0,0,0.0,0,0.24,2,0,90.9,82.2,0,15,0.0,0,14,64.3,6,100.0,14,103.5,6,42.9,0,53,77,12.8,8.8,3.79,6.8,0,78.6,100.0,1,1,0.0,0,0.17,6,0,89.3,70.8,0,21,0.0,0,68,51.6,11,94.1,64,128.3,14,21.9,1,127,94,8.5,11.5,1.98
Josh Reynolds,11872,WR,JAX,9,24,0,15,0,-4.0,0,100.0,,0,0,0.0,0,-0.04,0,0,78.7,43.4,0,3,0.0,0,23,45.5,1,95.7,22,79.2,1,4.5,0,3,7,7.0,3.0,0.14,11.2,0,66.7,33.3,1,3,0.0,0,0.41,2,0,84.1,60.0,0,49,0.0,0,49,46.8,4,95.9,47,109.7,6,12.8,0,83,33,8.3,20.8,1.77
Elijah Higgins,98027,TE,ARZ,17,24,0,1,0,,0,,,0,0,,0,0.32,0,0,,40.7,0,0,0.0,0,13,61.5,0,100.0,13,0.0,0,0.0,0,0,0,,,0.0,1.8,3,66.7,0.0,0,1,20.0,1,0.05,2,0,57.4,56.9,0,15,1.8,1,56,56.4,4,96.4,54,84.0,6,11.1,0,38,37,9.3,9.5,0.7
Mason Tipton,109617,WR,NO,11,24,0,20,0,,0,,,0,0,,0,0.31,0,0,,42.1,0,0,0.0,0,23,47.8,0,100.0,23,0.0,0,0.0,0,0,0,,,0.0,13.2,0,66.7,100.0,1,1,0.0,0,-0.08,0,0,61.8,47.0,0,9,0.0,0,69,38.5,4,94.2,65,76.4,6,9.2,0,27,13,3.3,6.8,0.42
Tanner Hudson,66924,TE,CIN,11,23,0,7,0,,0,,,0,0,,0,-0.49,0,0,,44.0,0,0,14.3,1,7,28.6,0,85.7,6,0.0,0,0.0,0,0,0,,,0.0,7.0,0,75.0,,0,0,14.3,1,0.21,3,0,54.9,61.7,0,19,2.6,1,39,48.6,6,92.3,36,94.3,8,22.2,0,57,28,4.7,9.5,1.58
Derrick Henry,10679,HB,BLT,19,23,0,3,0,-6.0,2,100.0,,0,0,0.0,0,-0.07,3,0,90.9,93.1,0,27,14.3,5,35,51.6,5,74.3,26,118.8,5,19.2,0,74,104,20.8,14.8,2.85,,0,,,0,0,,0,0.65,0,0,63.2,65.9,0,0,0.0,0,5,50.0,0,80.0,4,0.0,0,0.0,0,0,0,,,0.0
Lucas Krull,83962,TE,DEN,14,23,0,10,0,-4.0,1,100.0,,0,0,0.0,0,0.04,0,0,78.7,37.0,0,3,0.0,0,36,41.2,1,94.4,34,79.2,1,2.9,0,3,7,7.0,3.0,0.09,7.7,1,83.3,0.0,0,1,0.0,0,0.15,3,0,85.7,48.2,0,23,1.1,1,95,48.9,5,95.8,91,103.5,6,6.6,0,53,11,2.2,10.6,0.58
Drew Sample,47259,TE,CIN,17,22,0,7,0,-1.0,0,100.0,,0,0,0.0,0,-0.29,0,0,78.7,35.1,0,0,16.1,5,31,44.4,1,80.6,25,79.2,1,4.0,0,0,1,1.0,0.0,0.0,1.0,0,100.0,,0,0,0.0,0,-0.04,1,0,85.3,47.8,0,3,10.0,3,30,44.4,1,80.0,24,79.2,1,4.2,0,3,2,2.0,3.0,0.13
Trey Palmer,99248,WR,TB,15,21,0,30,0,-4.5,0,100.0,,0,0,0.0,0,0.29,0,0,84.5,54.7,0,8,0.0,0,25,52.2,2,92.0,23,91.7,2,8.7,0,12,21,10.5,6.0,0.52,9.6,0,71.4,0.0,0,1,0.0,0,-0.1,2,0,84.1,63.6,0,27,0.0,0,48,51.1,5,97.9,47,97.9,7,14.9,0,61,21,4.2,12.2,1.3
Mo Alie-Cox,12078,TE,IND,17,21,0,14,0,-2.0,0,100.0,,0,0,0.0,0,-0.39,0,0,78.7,62.8,0,6,33.3,7,21,33.3,1,66.7,14,91.7,1,7.1,0,6,8,8.0,6.0,0.43,18.3,0,50.0,100.0,2,2,0.0,0,-0.38,2,0,63.2,62.8,0,22,12.8,5,39,33.3,2,79.5,31,125.0,4,12.9,1,40,5,2.5,20.0,1.29
Erick All,52595,TE,CIN,9,21,0,7,0,-1.0,0,100.0,100.0,1,1,0.0,0,0.4,0,0,78.7,45.0,0,-1,9.1,1,11,63.6,1,90.9,10,79.2,1,10.0,0,-1,0,0.0,-1.0,-0.1,0.6,1,100.0,,0,0,0.0,0,0.11,2,0,68.7,55.4,0,11,3.7,1,27,44.4,5,96.3,26,91.7,5,19.2,0,30,27,5.4,6.0,1.15
Pierre Strong Jr.,66619,HB,CLV,12,21,0,8,0,-3.6,2,87.5,,0,0,0.0,0,-0.19,3,0,91.1,91.0,0,21,4.5,1,22,28.6,7,90.9,20,104.2,8,40.0,0,72,98,14.0,10.3,3.6,-1.5,0,50.0,,0,0,0.0,0,-0.41,0,0,47.8,43.3,0,3,0.0,0,13,25.0,1,92.3,12,56.3,2,16.7,0,3,8,8.0,3.0,0.25
Raheem Mostert,9783,HB,MIA,13,21,0,17,0,-1.6,1,100.0,,0,0,0.0,0,0.42,3,0,91.1,87.4,0,17,2.9,1,35,55.9,7,94.3,33,104.2,7,21.2,0,63,74,10.6,9.0,1.91,0.8,1,80.0,,0,0,20.0,1,0.02,2,0,63.4,59.6,0,9,5.9,2,34,41.9,4,85.3,29,79.2,5,17.2,0,15,17,4.3,3.8,0.52
Kevin Austin Jr.,84345,WR,NO,8,21,0,20,0,,0,,,0,0,,0,-0.24,0,0,,43.2,0,0,0.0,0,22,40.0,0,90.9,20,0.0,0,0.0,0,0,0,,,0.0,14.4,0,60.0,0.0,0,1,0.0,0,0.23,3,1,60.2,52.2,0,18,6.8,3,44,48.8,3,90.9,40,90.4,5,12.5,0,46,7,2.3,15.3,1.15
Adam Trautman,109795,TE,DEN,18,21,0,10,0,,0,,,0,0,,0,0.31,0,0,,31.6,0,0,12.9,4,31,58.6,0,83.9,26,0.0,0,0.0,0,0,0,,,0.0,5.0,0,0.0,,0,0,,0,0.21,0,0,78.7,49.9,0,0,14.3,7,49,48.9,0,81.6,40,39.6,1,2.5,0,0,0,,,0.0
Isiah Pacheco,83747,HB,KC,10,20,0,16,0,-4.6,4,100.0,,0,0,0.0,0,0.05,2,0,90.9,90.9,0,13,6.3,1,16,53.3,5,87.5,14,86.7,5,35.7,0,24,47,9.4,4.8,1.71,-5.0,0,100.0,,0,0,0.0,0,1.05,0,0,85.3,54.1,0,5,0.0,0,10,87.5,1,80.0,8,87.5,1,12.5,0,5,10,10.0,5.0,0.63
Ryan Miller,78734,WR,TB,11,20,0,30,0,-2.0,0,100.0,,0,0,0.0,0,0.46,0,0,78.7,42.7,0,1,4.3,1,23,60.9,1,95.7,22,79.2,1,4.5,0,1,3,3.0,1.0,0.05,7.7,0,55.6,100.0,1,1,16.7,1,-0.07,3,0,56.9,58.1,0,39,0.0,0,76,45.8,5,94.7,72,86.8,9,12.5,0,83,47,9.4,16.6,1.15
Stone Smartt,60492,TE,LAC,15,20,0,27,0,-3.0,0,100.0,,0,0,0.0,0,-0.05,0,0,78.7,62.4,0,6,6.3,1,16,50.0,1,81.3,13,91.7,1,7.7,0,6,9,9.0,6.0,0.46,15.3,0,66.7,50.0,1,2,0.0,0,0.15,2,0,65.6,55.7,0,21,0.0,0,58,46.0,2,86.2,50,109.7,3,6.0,0,40,10,5.0,20.0,0.8
Jalin Hyatt,124282,WR,NYG,16,19,0,21,0,,0,,,0,0,,0,0.31,0,0,,42.8,0,0,0.0,0,19,57.9,0,100.0,19,0.0,0,0.0,0,0,0,,,0.0,-1.0,0,100.0,,0,0,0.0,0,0.32,0,0,52.8,49.1,0,1,0.0,0,24,45.8,1,100.0,24,79.2,1,4.2,0,1,2,2.0,1.0,0.04
Bo Melton,61610,WR,GB,15,19,0,12,0,0.0,0,100.0,,0,0,0.0,0,0.46,0,0,78.7,47.2,0,1,0.0,0,17,47.1,1,100.0,17,79.2,1,5.9,0,1,1,1.0,1.0,0.06,18.2,1,50.0,80.0,4,5,0.0,0,0.1,4,0,55.6,63.8,2,19,0.0,0,55,48.0,7,90.9,50,25.3,14,28.0,0,71,8,1.1,10.1,1.42
Nick Vannett,10728,TE,TEN,17,19,0,31,0,-4.3,0,100.0,,0,0,0.0,0,0.03,1,0,88.7,81.4,0,17,50.0,9,18,52.9,3,50.0,9,106.9,3,33.3,0,29,42,14.0,9.7,3.22,,0,,,0,0,,0,-2.93,0,0,74.6,53.8,0,0,0.0,0,4,33.3,0,75.0,3,0.0,0,0.0,0,0,0,,,0.0
Emari Demercado,77763,HB,ARZ,13,19,0,1,0,-4.0,0,100.0,,0,0,0.0,0,-1.77,0,0,78.7,41.5,0,6,0.0,0,5,20.0,1,100.0,5,91.7,1,20.0,0,6,10,10.0,6.0,1.2,0.0,0,100.0,,0,0,0.0,0,-0.63,0,0,88.7,71.5,0,3,0.0,0,3,0.0,1,100.0,3,79.2,1,33.3,0,3,3,3.0,3.0,1.0
Christian McCaffrey,11763,HB,SF,4,19,0,28,0,-4.3,1,100.0,,0,0,0.0,0,-0.29,1,1,88.7,49.3,0,23,10.0,1,10,37.5,3,70.0,7,118.1,3,42.9,0,37,50,16.7,12.3,5.29,1.3,1,75.0,0.0,0,1,0.0,0,0.09,1,0,85.3,69.2,0,9,0.0,0,9,55.6,3,100.0,9,81.3,4,44.4,0,16,15,5.0,5.3,1.78
Michael Woods II,84117,WR,CLV,5,18,0,8,0,-3.0,0,100.0,,0,0,0.0,0,-0.47,0,0,78.7,44.7,0,4,0.0,0,21,33.3,1,100.0,21,83.3,1,4.8,0,4,7,7.0,4.0,0.19,2.2,0,60.0,0.0,0,1,25.0,1,-0.04,0,0,42.3,47.1,0,4,3.9,2,51,43.1,3,96.1,49,64.6,5,10.2,0,10,8,2.7,3.3,0.2
Ray Davis,101072,HB,BUF,20,18,0,4,0,-6.5,0,100.0,,0,0,0.0,0,0.24,0,0,84.5,51.3,0,6,0.0,0,16,40.0,2,93.8,15,81.3,2,13.3,0,7,20,10.0,3.5,0.47,,0,,,0,0,,0,0.57,0,0,81.7,50.6,0,0,0.0,0,9,71.4,0,77.8,7,0.0,0,0.0,0,0,0,,,0.0
Odell Beckham Jr.,8647,WR,MIA,9,18,0,17,0,,0,,,0,0,,0,0.29,0,0,,44.0,0,0,0.0,0,7,33.3,0,85.7,6,0.0,0,0.0,0,0,0,,,0.0,6.6,0,57.1,0.0,0,3,0.0,0,0.32,0,0,46.4,48.0,0,8,0.0,0,57,44.6,4,98.2,56,62.2,7,12.5,0,18,8,2.0,4.5,0.32
Julian Hill,88685,TE,MIA,16,18,0,17,0,-3.0,0,100.0,,0,0,0.0,0,-0.01,0,1,78.7,26.0,0,4,8.9,4,45,47.6,1,84.4,38,83.3,1,2.6,0,4,7,7.0,4.0,0.11,15.3,0,33.3,0.0,0,1,0.0,0,0.27,0,0,67.7,45.1,0,6,15.7,8,51,45.7,1,76.5,39,42.4,3,7.7,0,6,1,1.0,6.0,0.15
Jamison Crowder,9538,WR,WAS,9,18,0,32,0,-2.0,0,100.0,,0,0,0.0,0,-0.25,0,0,78.7,44.2,0,5,0.0,0,16,31.3,1,100.0,16,87.5,1,6.3,0,5,7,7.0,5.0,0.31,8.5,1,66.7,100.0,1,1,16.7,2,0.17,5,0,54.9,58.8,1,13,0.0,0,113,50.5,10,94.7,107,92.2,15,14.0,2,82,22,2.2,8.2,0.77
Trey Sermon,57372,HB,IND,17,18,0,14,0,-7.0,1,100.0,,0,0,0.0,0,-1.28,0,0,78.7,55.7,0,0,25.0,2,8,62.5,1,75.0,6,79.2,1,16.7,0,0,7,7.0,0.0,0.0,,0,,,0,0,,0,-2.28,0,0,51.6,40.1,0,0,20.0,1,5,20.0,0,80.0,4,0.0,0,0.0,0,0,0,,,0.0
Durham Smythe,47257,TE,MIA,17,17,0,17,0,,0,,,0,0,,0,0.2,0,0,,33.8,0,0,4.5,2,44,47.6,0,93.2,41,0.0,0,0.0,0,0,0,,,0.0,5.8,0,75.0,33.3,1,3,0.0,0,0.01,1,0,53.1,42.8,0,8,12.1,7,58,40.0,6,84.5,49,84.9,8,16.3,0,39,11,1.8,6.5,0.8
Roschon Johnson,99467,HB,CHI,13,17,0,6,0,-5.3,2,100.0,,0,0,0.0,0,-0.34,1,0,90.2,74.1,0,17,5.6,1,18,27.8,4,94.4,17,88.5,4,23.5,0,21,42,10.5,5.3,1.24,,0,,,0,0,,0,0.14,0,0,88.0,64.4,0,0,0.0,0,5,50.0,0,80.0,4,0.0,0,0.0,0,0,0,,,0.0
Jake Bobo,77997,WR,SEA,17,17,0,29,0,,0,,,0,0,,0,-0.36,0,0,,42.5,0,0,0.0,0,24,43.5,0,95.8,23,0.0,0,0.0,0,0,0,,,0.0,5.8,0,100.0,100.0,1,1,0.0,0,0.34,3,0,85.3,58.7,0,15,4.3,2,47,56.8,6,89.4,42,100.7,6,14.3,0,49,14,2.3,8.2,1.17
D'Ernest Johnson,45734,HB,JAX,13,17,0,15,0,-5.0,0,100.0,,0,0,0.0,0,0.37,1,0,90.2,76.2,0,14,0.0,0,13,61.5,4,100.0,13,92.7,4,30.8,0,25,45,11.3,6.3,1.92,14.0,0,0.0,,0,0,,0,-1.83,0,0,84.1,60.8,1,0,0.0,0,5,33.3,0,60.0,3,0.0,1,33.3,0,0,0,,,0.0
Luke Farrell,42353,TE,JAX,17,17,0,15,0,-3.0,1,100.0,,0,0,0.0,0,0.24,0,0,78.7,66.4,0,5,33.3,6,18,64.7,1,66.7,12,87.5,1,8.3,0,5,8,8.0,5.0,0.42,5.0,0,0.0,,0,0,,0,-0.12,0,0,49.2,42.8,0,0,0.0,0,9,11.1,0,100.0,9,39.6,1,11.1,0,0,0,,,0.0
K.J. Osborn,23503,WR,WAS,8,17,0,32,0,-5.0,0,100.0,,0,0,0.0,0,-0.14,0,0,78.7,46.2,0,4,0.0,0,16,28.6,1,87.5,14,83.3,1,7.1,0,4,9,9.0,4.0,0.29,6.5,0,75.0,,0,0,0.0,0,-0.05,1,0,79.4,50.8,0,22,0.0,0,47,42.9,3,89.4,42,138.5,4,9.5,1,33,11,3.7,11.0,0.79
Isaac Guerendo,83806,HB,SF,14,16,0,28,0,-5.0,2,100.0,,0,0,0.0,0,0.29,1,0,90.6,92.7,0,10,5.3,1,19,38.9,5,89.5,17,79.2,5,29.4,0,13,38,7.6,2.6,0.76,2.0,0,100.0,,0,0,0.0,0,0.79,0,0,56.1,58.9,0,2,0.0,0,9,66.7,1,100.0,9,79.2,1,11.1,0,2,0,0.0,2.0,0.22
Derius Davis,78196,WR,LAC,14,16,0,27,0,-5.2,1,100.0,,0,0,0.0,0,-0.04,2,1,91.8,91.4,0,17,0.0,0,21,50.0,9,95.2,20,90.7,9,45.0,0,52,99,11.0,5.8,2.6,2.8,4,91.7,,0,0,0.0,0,0.21,5,1,86.1,85.3,0,23,0.0,0,55,58.0,11,90.9,50,144.8,12,24.0,2,111,112,10.2,10.1,2.22
Cam Akers,57206,HB,MIN,15,16,0,18,0,-4.4,1,75.0,,0,0,0.0,0,0.05,1,0,90.9,81.8,0,9,4.2,1,24,45.8,6,95.8,23,118.8,8,34.8,1,28,58,9.7,4.7,1.22,,0,,,0,0,,0,1.46,0,0,81.1,59.3,0,0,0.0,0,3,66.7,0,100.0,3,0.0,0,0.0,0,0,0,,,0.0
John Bates,42275,TE,WAS,20,16,0,32,0,-5.0,0,0.0,,0,0,,0,-0.11,0,0,,29.5,0,0,6.8,3,44,37.5,0,86.4,38,39.6,1,2.6,0,0,0,,,0.0,-2.0,0,0.0,,0,0,,0,-0.19,0,0,78.0,48.6,0,0,25.0,8,32,57.1,0,65.6,21,39.6,1,4.8,0,0,0,,,0.0
Brock Wright,60994,TE,DET,18,16,0,11,0,-4.0,0,100.0,,0,0,0.0,0,0.34,1,0,78.7,50.4,0,16,24.2,8,33,55.2,1,66.7,22,118.8,1,4.5,0,16,20,20.0,16.0,0.73,2.0,0,100.0,,0,0,0.0,0,0.22,1,0,77.3,48.2,0,8,0.0,0,29,50.0,2,89.7,26,129.2,2,7.7,1,11,7,3.5,5.5,0.42
Devin Duvernay,40006,WR,JAX,12,16,0,15,0,-2.4,0,100.0,,0,0,0.0,0,0.19,2,0,90.6,79.3,0,28,0.0,0,17,50.0,5,94.1,16,105.8,5,31.3,0,47,59,11.8,9.4,2.94,5.9,0,81.8,100.0,2,2,0.0,0,-0.16,6,0,84.9,61.1,0,28,0.0,0,92,45.2,9,91.3,84,93.6,11,13.1,0,71,65,7.2,7.9,0.85
Johnny Wilson,76366,WR,PHI,20,16,0,24,0,,0,,,0,0,,0,-0.06,0,0,,41.7,0,0,5.6,1,18,37.5,0,83.3,15,0.0,0,0.0,0,0,0,,,0.0,4.0,1,33.3,,0,0,0.0,0,0.09,1,0,29.5,43.3,0,9,3.4,2,58,51.9,1,86.2,50,42.4,3,6.0,0,9,6,6.0,9.0,0.18
Jordan Mims,57209,HB,NO,7,16,0,20,0,-2.3,0,50.0,,0,0,0.0,0,0.16,1,0,84.5,58.4,0,25,11.1,1,9,50.0,2,77.8,7,69.8,4,57.1,0,25,27,13.5,12.5,3.57,2.3,1,100.0,,0,0,0.0,0,0.36,1,0,30.2,41.3,0,25,0.0,0,8,25.0,3,100.0,8,113.9,3,37.5,0,34,27,9.0,11.3,4.25
Simi Fehoko,84424,WR,LAC,9,16,0,27,0,,0,,,0,0,,0,-0.3,0,0,,44.1,0,0,0.0,0,14,33.3,0,85.7,12,0.0,0,0.0,0,0,0,,,0.0,10.0,0,100.0,,0,0,0.0,0,0.08,2,0,63.2,60.7,0,14,0.0,0,27,37.5,2,88.9,24,114.6,2,8.3,0,23,3,1.5,11.5,0.96
Bub Means,98847,WR,NO,5,15,0,20,0,-4.0,2,100.0,,0,0,0.0,0,-0.52,0,0,78.7,72.8,0,14,0.0,0,9,11.1,1,100.0,9,118.8,1,11.1,0,14,18,18.0,14.0,1.56,11.7,2,66.7,50.0,1,2,0.0,0,-0.31,3,0,80.0,66.3,0,36,0.0,0,31,39.3,4,90.3,28,109.0,6,21.4,0,74,20,5.0,18.5,2.64
Davis Allen,99697,TE,LA,16,15,0,26,0,-5.0,0,0.0,0.0,0,1,,0,-0.01,0,0,,45.2,0,0,36.4,4,11,45.5,0,63.6,7,39.6,1,14.3,0,0,0,,,0.0,1.0,0,0.0,,0,0,100.0,1,-0.49,0,0,27.1,35.3,0,0,4.0,1,25,34.8,0,92.0,23,39.6,1,4.3,0,0,0,,,0.0
Nate Adkins,87625,TE,DEN,18,15,0,10,0,,0,,,0,0,,0,0.31,0,0,,52.0,0,0,25.0,8,32,56.7,0,71.9,23,0.0,0,0.0,0,0,0,,,0.0,1.0,0,100.0,,0,0,0.0,0,0.26,0,0,63.2,59.6,0,6,20.0,6,30,56.7,1,80.0,24,91.7,1,4.2,0,6,5,5.0,6.0,0.25
Tylan Wallace,61577,WR,BLT,17,15,0,3,0,-2.5,0,100.0,,0,0,0.0,0,0.11,0,0,84.5,49.0,0,2,0.0,0,13,46.2,2,100.0,13,79.2,2,15.4,0,4,9,4.5,2.0,0.31,8.0,0,100.0,,0,0,0.0,0,0.3,3,0,85.3,69.2,0,20,0.0,0,38,61.1,4,94.7,36,114.6,4,11.1,0,46,14,3.5,11.5,1.28
Hunter Luepke,91319,FB,DAL,16,15,0,9,0,-4.0,0,100.0,100.0,1,1,0.0,0,0.31,1,0,84.5,63.1,0,18,0.0,0,15,57.1,2,93.3,14,97.9,2,14.3,0,15,23,11.5,7.5,1.07,2.5,0,50.0,,0,0,0.0,0,-0.2,0,0,82.2,50.0,0,3,0.0,0,22,25.0,1,90.9,20,56.3,2,10.0,0,3,2,2.0,3.0,0.15
Emanuel Wilson,154173,HB,GB,18,15,0,12,0,-5.6,4,88.9,0.0,0,1,0.0,0,0.05,3,0,91.8,95.6,0,30,0.0,0,25,34.8,8,92.0,23,131.0,9,39.1,1,59,106,13.3,7.4,2.57,-5.0,1,100.0,,0,0,0.0,0,-0.25,0,0,73.5,65.1,0,0,0.0,0,7,28.6,1,100.0,7,79.2,1,14.3,0,0,5,5.0,0.0,0.0
Ezekiel Elliott,10638,HB,DAL,15,15,0,9,0,-3.8,2,100.0,,0,0,0.0,0,-0.05,1,0,90.6,97.0,0,9,6.7,1,15,28.6,5,86.7,13,86.7,5,38.5,0,24,43,8.6,4.8,1.85,-0.5,0,100.0,,0,0,0.0,0,-0.11,0,0,84.1,60.5,0,5,0.0,0,15,46.7,2,100.0,15,79.2,2,13.3,0,5,6,3.0,2.5,0.33
Malik Heath,124173,WR,GB,11,15,0,12,0,,0,,,0,0,,0,0.29,0,0,,46.2,0,0,0.0,0,10,33.3,0,90.0,9,0.0,0,0.0,0,0,0,,,0.0,4.0,0,100.0,,0,0,0.0,0,0.38,1,0,81.1,62.1,0,9,0.0,0,8,62.5,1,100.0,8,104.2,1,12.5,0,9,5,5.0,9.0,1.13
Chris Brooks,83644,HB,GB,13,15,0,12,0,-3.2,0,100.0,,0,0,0.0,0,0.02,0,0,90.9,74.2,0,10,0.0,0,16,50.0,6,100.0,16,84.7,6,37.5,0,26,45,7.5,4.3,1.63,-6.0,0,100.0,,0,0,0.0,0,-0.09,0,0,60.7,45.9,0,5,0.0,0,8,50.0,1,75.0,6,87.5,1,16.7,0,5,11,11.0,5.0,0.83
Jermaine Burton,124017,WR,CIN,13,14,0,7,0,,0,,,0,0,,0,-0.45,0,0,,49.3,0,0,0.0,0,4,33.3,0,75.0,3,0.0,0,0.0,0,0,0,,,0.0,17.0,0,0.0,0.0,0,1,,0,-0.13,0,0,75.6,63.2,0,0,0.0,0,10,44.4,0,90.0,9,39.6,1,11.1,0,0,0,,,0.0
Tyler Goodson,101659,HB,IND,11,14,0,14,0,-5.5,1,75.0,,0,0,0.0,0,-0.65,1,0,88.7,75.9,0,24,0.0,0,9,11.1,3,100.0,9,90.6,4,44.4,0,25,43,14.3,8.3,2.78,-6.0,1,100.0,,0,0,0.0,0,0.39,0,0,39.8,41.7,0,7,0.0,0,10,50.0,1,100.0,10,95.8,1,10.0,0,7,13,13.0,7.0,0.7
Brevyn Spann-Ford,84006,TE,DAL,16,14,0,9,0,,0,,,0,0,,0,-0.28,0,0,,40.5,0,0,5.9,1,17,31.3,0,88.2,15,0.0,0,0.0,0,0,0,,,0.0,2.6,1,80.0,,0,0,0.0,0,-0.33,4,0,80.0,58.7,0,17,4.6,3,65,41.4,4,84.6,55,106.7,5,9.1,0,48,36,9.0,12.0,0.87
DeAndre Carter,9859,WR,CHI,8,14,0,6,0,-1.5,1,100.0,,0,0,0.0,0,-0.36,1,0,84.5,66.2,0,7,7.7,1,13,30.8,2,92.3,12,93.8,2,16.7,0,13,16,8.0,6.5,1.08,10.3,2,63.6,,0,0,0.0,0,-0.36,2,0,81.7,51.9,1,12,0.0,0,65,42.4,7,90.8,59,36.6,11,18.6,0,51,31,4.4,7.3,0.86
Andrew Ogletree,138351,TE,IND,17,14,0,14,0,-3.0,0,100.0,,0,0,0.0,0,0.16,1,0,78.7,75.1,0,8,35.7,5,14,64.3,1,64.3,9,100.0,1,11.1,0,8,11,11.0,8.0,0.89,16.0,0,50.0,,0,0,0.0,0,0.54,1,0,56.7,54.4,0,22,13.2,5,38,60.0,2,81.6,31,79.2,4,12.9,0,34,17,8.5,17.0,1.1
Cordarrelle Patterson,7810,HB,PIT,12,14,0,25,0,-3.7,0,100.0,,0,0,0.0,0,-0.44,1,0,88.7,86.4,0,5,0.0,0,4,25.0,3,100.0,4,79.2,3,75.0,0,3,14,4.7,1.0,0.75,3.5,0,50.0,0.0,0,1,0.0,0,0.58,1,0,82.7,71.9,0,5,0.0,0,10,60.0,1,100.0,10,56.3,2,20.0,0,5,9,9.0,5.0,0.5
Eric Saubert,11929,TE,SF,17,14,0,28,0,-2.0,0,100.0,,0,0,0.0,0,0.19,0,0,78.7,46.1,0,-1,0.0,0,12,44.4,1,75.0,9,79.2,1,11.1,0,-1,1,1.0,-1.0,-0.11,5.2,1,83.3,,0,0,0.0,0,-0.03,3,0,82.7,51.7,0,14,3.3,2,61,53.7,5,86.9,53,95.8,6,11.3,0,42,15,3.0,8.4,0.79
Daniel Bellinger,84041,TE,NYG,15,14,0,21,0,,0,,,0,0,,0,0.19,0,0,,35.6,0,0,4.3,1,23,56.5,0,95.7,22,0.0,0,0.0,0,0,0,,,0.0,6.7,0,100.0,,0,0,0.0,0,-0.33,1,0,82.7,51.1,0,13,2.2,2,90,40.0,3,92.2,83,102.8,3,3.6,0,26,6,2.0,8.7,0.31
Mecole Hardman Jr.,42683,WR,KC,10,14,0,16,0,-2.8,2,100.0,,0,0,0.0,0,0.15,3,0,91.4,90.4,0,15,5.6,1,18,55.6,8,94.4,17,90.6,8,47.1,0,46,68,8.5,5.8,2.71,-2.8,1,100.0,,0,0,0.0,0,0.57,2,0,80.0,63.6,0,15,0.0,0,29,58.6,6,100.0,29,88.2,6,20.7,0,31,48,8.0,5.2,1.07
Ryan Flournoy,159617,WR,DAL,11,14,0,9,0,-2.0,1,100.0,,0,0,0.0,0,0.42,1,0,78.7,62.8,0,13,0.0,0,15,53.3,1,100.0,15,118.8,1,6.7,0,13,15,15.0,13.0,0.87,3.0,1,100.0,,0,0,0.0,0,0.02,3,0,82.2,60.8,0,14,0.0,0,20,43.8,4,80.0,16,106.3,4,25.0,0,38,26,6.5,9.5,2.38
Jordan Mason,62946,HB,SF,11,14,0,28,0,,0,,,0,0,,0,0.19,0,0,,43.6,0,0,10.0,1,10,55.6,0,80.0,8,0.0,0,0.0,0,0,0,,,0.0,,0,,,0,0,,0,0.18,0,0,81.7,51.8,0,0,0.0,0,18,47.1,0,94.4,17,0.0,0,0.0,0,0,0,,,0.0
Tyler Allgeier,83639,HB,ATL,17,13,0,2,0,-6.5,2,100.0,,0,0,0.0,0,-0.1,0,0,84.5,79.5,0,9,0.0,0,7,42.9,2,100.0,7,83.3,2,28.6,0,8,21,10.5,4.0,1.14,-5.0,1,100.0,,0,0,0.0,0,0.05,0,0,85.3,68.4,0,-1,0.0,0,4,50.0,1,100.0,4,79.2,1,25.0,0,-1,4,4.0,-1.0,-0.25
DJ Chark Jr.,47702,WR,LAC,7,13,0,27,0,,0,,,0,0,,0,-0.57,0,0,,52.8,0,0,0.0,0,3,50.0,0,66.7,2,0.0,0,0.0,0,0,0,,,0.0,9.0,0,0.0,0.0,0,1,,0,-0.37,0,0,79.4,56.6,0,0,0.0,0,14,35.7,0,100.0,14,39.6,1,7.1,0,0,0,,,0.0
Payne Durham,84037,TE,TB,17,13,0,30,0,,0,,,0,0,,0,0.3,0,0,,36.6,0,0,27.0,10,37,57.1,0,73.0,27,0.0,0,0.0,0,0,0,,,0.0,7.4,1,80.0,,0,0,0.0,0,0.46,2,0,82.2,54.1,0,8,3.8,2,52,67.3,4,96.2,50,128.8,5,10.0,1,27,10,2.5,6.8,0.54
Hayden Hurst,47294,TE,LAC,8,13,0,27,0,0.0,0,50.0,,0,0,0.0,0,0.14,0,0,78.7,45.0,0,7,0.0,0,13,58.3,1,92.3,12,58.3,2,16.7,0,7,4,4.0,7.0,0.58,7.8,0,75.0,,0,0,0.0,0,-0.15,1,0,39.8,45.6,0,27,0.0,0,54,37.3,6,94.4,51,94.3,8,15.7,0,57,17,2.8,9.5,1.12
Pharaoh Brown,12247,TE,SEA,15,12,0,29,0,-1.0,0,100.0,,0,0,0.0,0,-0.34,0,1,84.5,25.1,0,4,0.0,0,18,38.9,2,100.0,18,81.3,2,11.1,0,7,9,4.5,3.5,0.39,4.3,0,66.7,0.0,0,1,0.0,0,0.38,0,0,78.0,50.7,0,9,0.0,0,19,47.1,2,89.5,17,79.9,3,17.6,0,16,7,3.5,8.0,0.94
Gerald Everett,11799,TE,CHI,16,12,0,6,0,-4.0,0,100.0,,0,0,0.0,0,-0.36,0,0,88.7,48.7,0,5,11.1,2,18,35.3,3,88.9,16,79.2,3,18.8,0,3,15,5.0,1.0,0.19,6.3,0,33.3,,0,0,0.0,0,-0.47,0,0,56.7,42.4,0,-1,10.9,6,55,28.0,1,81.8,45,42.4,3,6.7,0,-1,3,3.0,-1.0,-0.02
Isaiah Davis,138299,HB,NYJ,7,12,0,22,0,-3.7,0,100.0,,0,0,0.0,0,-0.49,1,0,88.7,91.8,0,8,0.0,0,12,45.5,3,91.7,11,122.9,3,27.3,1,12,23,7.7,4.0,1.09,,0,,,0,0,,0,1.91,0,0,81.7,75.7,0,0,0.0,0,5,75.0,0,80.0,4,0.0,0,0.0,0,0,0,,,0.0
Chris Conley,9509,WR,SF,15,12,0,28,0,,0,,,0,0,,0,0.2,0,0,,42.3,0,0,0.0,0,15,50.0,0,93.3,14,0.0,0,0.0,0,0,0,,,0.0,,0,,,0,0,,0,0.09,0,0,78.0,60.8,0,0,4.0,1,25,41.7,0,92.0,23,0.0,0,0.0,0,0,0,,,0.0
Trent Sherfield,48021,WR,MIN,18,12,0,18,0,,0,,,0,0,,0,-0.01,0,0,,43.6,0,0,0.0,0,14,38.5,0,92.9,13,0.0,0,0.0,0,0,0,,,0.0,7.8,0,75.0,,0,0,0.0,0,-0.44,1,0,79.4,69.2,1,17,5.1,2,39,46.2,3,94.9,37,61.5,4,10.8,0,35,20,6.7,11.7,0.95
Rakim Jarrett,129519,WR,TB,11,11,0,30,0,,0,,,0,0,,0,0.23,0,0,,40.2,0,0,0.0,0,24,59.1,0,91.7,22,0.0,0,0.0,0,0,0,,,0.0,15.0,0,100.0,100.0,1,1,0.0,0,-0.1,1,0,80.0,64.7,0,30,0.0,0,35,42.4,2,94.3,33,118.8,2,6.1,0,36,6,3.0,18.0,1.09
JaMycal Hasty,25582,HB,NE,12,11,0,19,0,-5.0,1,100.0,,0,0,0.0,0,-0.9,0,0,84.5,88.7,0,9,0.0,0,9,25.0,2,88.9,8,79.2,2,25.0,0,6,16,8.0,3.0,0.75,,0,,,0,0,,0,0.41,0,0,81.7,64.7,0,0,0.0,0,2,50.0,0,100.0,2,0.0,0,0.0,0,0,0,,,0.0
Patrick Taylor,40448,HB,SF,7,11,0,28,0,-6.0,0,0.0,,0,0,,0,0.22,0,0,,42.7,0,0,8.3,1,12,36.4,0,83.3,10,39.6,1,10.0,0,0,0,,,0.0,,0,,,0,0,,0,0.44,0,0,27.3,30.1,0,0,0.0,0,5,60.0,0,100.0,5,0.0,0,0.0,0,0,0,,,0.0
KhaDarel Hodge,26104,WR,ATL,14,11,0,2,0,-2.0,2,100.0,,0,0,0.0,0,-0.21,2,0,88.7,90.6,0,18,0.0,0,16,35.7,3,87.5,14,116.7,3,21.4,0,36,42,14.0,12.0,2.57,23.5,0,50.0,0.0,0,1,0.0,0,-0.04,1,0,41.1,60.8,0,22,0.0,0,48,46.5,1,89.6,43,89.6,2,4.7,0,22,4,4.0,22.0,0.51
Sean Tucker,123056,HB,TB,10,11,0,30,0,-7.0,1,100.0,,0,0,0.0,0,-0.43,0,0,78.7,90.5,0,6,16.7,1,6,16.7,1,83.3,5,91.7,1,20.0,0,6,13,13.0,6.0,1.2,,0,,,0,0,,0,0.48,0,0,78.7,83.9,0,0,0.0,0,1,100.0,0,100.0,1,0.0,0,0.0,0,0,0,,,0.0
Harrison Bryant,26394,TE,LV,12,11,0,23,0,,0,,,0,0,,0,-0.14,0,0,,40.0,0,0,11.1,1,9,44.4,0,88.9,8,0.0,0,0.0,0,0,0,,,0.0,7.8,0,50.0,,0,0,0.0,0,-0.7,1,0,78.7,62.3,1,18,10.0,3,30,39.3,2,83.3,25,27.1,4,16.0,0,22,18,9.0,11.0,0.88
Jalen Reagor,61697,WR,LAC,8,11,0,27,0,-4.0,0,100.0,,0,0,0.0,0,-0.31,0,0,84.5,49.8,0,0,0.0,0,12,27.3,1,91.7,11,79.2,1,9.1,0,0,4,4.0,0.0,0.0,11.0,0,60.0,0.0,0,1,0.0,0,-0.21,1,1,79.4,54.8,0,41,0.0,0,34,30.3,3,97.1,33,95.4,5,15.2,0,52,25,8.3,17.3,1.58
Michael Carter,57337,HB,ARZ,3,11,0,1,0,,0,,,0,0,,0,0.48,0,0,,42.0,0,0,0.0,0,10,80.0,0,100.0,10,0.0,0,0.0,0,0,0,,,0.0,,0,,,0,0,,0,0.89,0,0,80.6,56.2,0,0,0.0,0,3,100.0,0,66.7,2,0.0,0,0.0,0,0,0,,,0.0
Eric Gray,99143,HB,NYG,13,11,0,21,0,-6.3,2,100.0,,0,0,0.0,0,0.87,2,0,90.2,98.1,0,19,11.1,1,9,88.9,4,88.9,8,118.8,4,50.0,0,53,78,19.5,13.3,6.63,-3.0,1,100.0,,0,0,0.0,0,-0.86,0,0,68.7,60.9,0,3,0.0,0,3,33.3,1,100.0,3,79.2,1,33.3,0,3,6,6.0,3.0,1.0
Zay Jones,11792,WR,ARZ,11,11,0,1,0,-2.0,0,100.0,,0,0,0.0,0,0.46,1,0,78.7,57.7,0,3,0.0,0,21,55.0,1,95.2,20,79.2,1,5.0,0,3,5,5.0,3.0,0.15,1.7,0,100.0,,0,0,0.0,0,-0.07,2,0,47.7,52.3,0,13,0.0,0,35,51.5,3,94.3,33,95.8,3,9.1,0,21,16,5.3,7.0,0.64
Charlie Kolar,60917,TE,BLT,14,11,0,3,0,,0,,,0,0,,0,0.14,0,0,,44.6,0,0,14.3,1,7,66.7,0,71.4,5,0.0,0,0.0,0,0,0,,,0.0,,0,,,0,0,,0,0.04,0,0,76.5,75.8,0,0,14.3,1,7,33.3,0,71.4,5,0.0,0,0.0,0,0,0,,,0.0
Khalil Herbert,41668,HB,CIN,11,11,0,7,0,,0,,,0,0,,0,-0.05,0,0,,48.3,0,0,0.0,0,4,75.0,0,100.0,4,0.0,0,0.0,0,0,0,,,0.0,,0,,,0,0,,0,-0.1,0,0,51.8,37.3,0,0,0.0,0,5,25.0,0,80.0,4,0.0,0,0.0,0,0,0,,,0.0
Tank Bigsby,123974,HB,JAX,15,11,0,15,0,-4.3,3,66.7,,0,0,33.3,1,0.03,1,0,25.7,27.7,0,28,14.3,3,21,55.0,2,81.0,17,99.3,3,17.6,0,30,41,20.5,15.0,1.76,,0,,,0,0,,0,0.39,0,0,52.1,39.3,0,0,0.0,0,1,100.0,0,100.0,1,0.0,0,0.0,0,0,0,,,0.0
Charlie Woerner,42257,TE,ATL,16,11,0,2,0,,0,,,0,0,,0,-0.19,0,0,,39.6,0,0,25.0,4,16,33.3,0,68.8,11,0.0,0,0.0,0,0,0,,,0.0,6.3,0,75.0,,0,0,0.0,0,-0.36,2,0,60.2,49.0,1,13,3.2,1,31,45.2,3,96.8,30,52.1,4,13.3,0,26,11,3.7,8.7,0.87
Alec Ingold,34934,FB,MIA,15,11,0,17,0,-5.0,0,100.0,,0,0,0.0,0,0.11,0,0,78.7,46.0,0,12,4.8,1,21,40.0,1,90.5,19,116.7,1,5.3,0,12,17,17.0,12.0,0.63,3.5,0,100.0,,0,0,0.0,0,0.24,1,0,75.6,50.3,0,16,14.0,7,50,52.1,2,84.0,42,108.3,2,4.8,0,20,13,6.5,10.0,0.48
Hunter Long,60859,TE,LA,19,11,0,26,0,,0,,,0,0,,0,-0.06,0,0,,51.7,0,0,80.0,8,10,50.0,0,20.0,2,0.0,0,0.0,0,0,0,,,0.0,4.5,1,100.0,,0,0,0.0,0,-0.05,0,0,77.3,62.3,0,9,14.3,2,14,38.5,2,85.7,12,95.8,2,16.7,0,14,5,2.5,7.0,1.17
MyCole Pruitt,9576,TE,PIT,13,10,0,25,0,,0,,,0,0,,0,0.04,0,0,,30.9,0,0,53.8,7,13,33.3,0,38.5,5,0.0,0,0.0,0,0,0,,,0.0,,0,,,0,0,,0,-0.44,0,0,73.4,46.0,0,0,6.7,1,15,33.3,0,93.3,14,0.0,0,0.0,0,0,0,,,0.0
Brandon Powell,48036,WR,MIN,17,10,0,18,0,,0,,,0,0,,0,-0.15,0,0,,43.8,0,0,5.6,1,18,41.2,0,88.9,16,0.0,0,0.0,0,0,0,,,0.0,10.6,0,71.4,0.0,0,1,0.0,0,0.12,3,0,78.0,59.1,0,13,0.0,0,69,51.6,5,89.9,62,90.8,7,11.3,0,49,8,1.6,9.8,0.79
Greg Dulcich,84068,TE,NYG,8,10,0,21,0,-4.0,1,100.0,,0,0,0.0,0,-0.82,0,0,78.7,42.8,0,0,0.0,0,19,18.8,1,84.2,16,79.2,1,6.3,0,0,4,4.0,0.0,0.0,7.3,0,33.3,100.0,1,1,50.0,1,-0.58,0,0,28.4,39.8,0,7,9.1,5,55,29.6,1,89.1,49,42.4,3,6.1,0,7,0,0.0,7.0,0.14
Carson Steele,145632,HB,KC,15,10,0,16,0,-4.5,0,100.0,,0,0,0.0,0,-0.07,0,0,84.5,51.8,0,2,15.0,3,20,36.8,2,80.0,16,79.2,2,12.5,0,3,12,6.0,1.5,0.19,,0,,,0,0,,0,-1.12,0,0,77.3,47.3,0,0,0.0,0,4,50.0,0,100.0,4,0.0,0,0.0,0,0,0,,,0.0
Jeremy McNichols,11917,HB,WAS,18,10,0,32,0,-5.5,0,100.0,,0,0,0.0,0,-0.05,0,0,84.5,51.5,0,-1,10.0,2,20,42.1,2,85.0,17,79.2,2,11.8,0,-2,9,4.5,-1.0,-0.12,1.0,0,100.0,,0,0,0.0,0,0.29,1,0,83.6,50.9,0,6,2.3,1,43,53.7,3,93.0,40,80.6,3,7.5,0,10,7,2.3,3.3,0.25
Michael Burton,9601,FB,DEN,18,10,0,10,0,,0,,,0,0,,0,0.65,0,0,,39.2,0,0,7.7,1,13,61.5,0,92.3,12,0.0,0,0.0,0,0,0,,,0.0,,0,,,0,0,,0,-0.65,0,0,78.0,55.8,0,0,0.0,0,3,33.3,0,100.0,3,0.0,0,0.0,0,0,0,,,0.0
Xavier Gipson,104136,WR,NYJ,16,10,0,22,0,-2.7,1,100.0,,0,0,0.0,0,-0.64,0,0,88.7,48.8,0,6,0.0,0,21,31.6,3,90.5,19,80.6,3,15.8,0,10,18,6.0,3.3,0.53,3.1,1,85.7,100.0,1,1,14.3,1,0.06,3,0,63.2,50.0,0,17,0.0,0,63,47.5,6,93.7,59,129.5,7,11.9,1,39,22,3.7,6.5,0.66
Luke Musgrave,98499,TE,GB,8,9,0,12,0,,0,,,0,0,,0,0.43,0,0,,42.5,0,0,0.0,0,11,60.0,0,90.9,10,0.0,0,0.0,0,0,0,,,0.0,11.0,0,100.0,,0,0,0.0,0,0.33,2,0,75.6,48.6,0,19,5.6,1,18,58.8,2,88.9,16,114.6,2,12.5,0,23,1,0.5,11.5,1.44
Tucker Fisk,52286,TE,LAC,10,9,0,27,0,,0,,,0,0,,0,-0.12,0,0,,37.3,0,0,30.0,3,10,37.5,0,60.0,6,0.0,0,0.0,0,0,0,,,0.0,,0,,,0,0,,0,-0.31,0,0,76.5,61.5,0,0,28.6,2,7,28.6,0,71.4,5,0.0,0,0.0,0,0,0,,,0.0
Nick Chubb,45783,HB,CLV,8,9,0,8,0,-3.7,1,66.7,,0,0,0.0,0,-1.37,1,0,84.5,90.2,1,19,0.0,0,8,25.0,2,100.0,8,38.9,3,37.5,0,15,23,11.5,7.5,1.88,3.0,0,100.0,,0,0,0.0,0,-0.18,1,0,54.9,45.9,0,5,0.0,0,4,66.7,1,75.0,3,127.1,1,33.3,1,5,2,2.0,5.0,1.67
Blake Whiteheart,77881,TE,CLV,11,9,0,8,0,,0,,,0,0,,0,0.12,0,0,,42.1,0,0,18.2,2,11,40.0,0,72.7,8,0.0,0,0.0,0,0,0,,,0.0,18.0,0,0.0,,0,0,,0,-0.15,0,0,76.5,58.6,1,0,14.3,3,21,45.0,0,81.0,17,0.0,1,5.9,0,0,0,,,0.0
Ainias Smith,99207,WR,PHI,6,9,0,24,0,-3.0,0,100.0,,0,0,0.0,0,-0.41,0,0,88.7,63.2,0,7,0.0,0,4,25.0,3,100.0,4,79.2,3,75.0,0,8,17,5.7,2.7,2.0,6.4,0,60.0,0.0,0,1,25.0,1,-0.03,1,0,31.0,48.6,0,15,0.0,0,34,48.5,3,97.1,33,109.2,5,15.2,1,21,9,3.0,7.0,0.64
Trenton Irwin,48080,WR,CIN,7,9,0,7,0,,0,,,0,0,,0,-1.42,0,0,,44.2,0,0,0.0,0,12,36.4,0,91.7,11,0.0,0,0.0,0,0,0,,,0.0,9.4,0,20.0,0.0,0,1,0.0,0,-0.45,1,0,68.3,45.0,0,6,4.7,2,43,39.5,1,86.0,37,39.6,5,13.5,0,6,4,4.0,6.0,0.16
Scott Miller,47481,WR,PIT,11,9,0,25,0,,0,,,0,0,,0,0.37,0,0,,47.7,0,0,0.0,0,9,55.6,0,100.0,9,0.0,0,0.0,0,0,0,,,0.0,2.0,1,100.0,,0,0,0.0,0,0.05,1,0,74.6,56.4,0,20,0.0,0,24,41.7,1,100.0,24,118.8,1,4.2,0,20,18,18.0,20.0,0.83
Jamaal Williams,11889,HB,NO,14,9,0,20,0,-6.0,0,100.0,,0,0,0.0,0,-1.67,0,0,78.7,51.3,0,0,9.1,1,11,18.2,1,90.9,10,79.2,1,10.0,0,0,6,6.0,0.0,0.0,-6.0,0,100.0,,0,0,0.0,0,-1.47,0,0,64.7,50.4,0,0,0.0,0,12,10.0,1,83.3,10,79.2,1,10.0,0,0,6,6.0,0.0,0.0
Treylon Burks,99218,WR,TEN,5,8,0,31,0,,0,,,0,0,,0,-0.25,0,0,,42.8,0,0,0.0,0,19,36.8,0,100.0,19,0.0,0,0.0,0,0,0,,,0.0,3.5,1,100.0,,0,0,0.0,0,-0.2,1,0,49.2,49.7,0,9,0.0,0,17,23.5,2,100.0,17,89.6,2,11.8,0,11,4,2.0,5.5,0.65
D'Onta Foreman,11844,HB,CLV,10,8,0,8,0,-4.0,1,50.0,,0,0,50.0,1,-0.11,1,0,24.1,25.5,0,16,8.3,1,12,36.4,1,83.3,10,77.1,2,20.0,0,16,18,18.0,16.0,1.6,2.0,0,100.0,,0,0,0.0,0,0.59,0,0,56.7,47.8,0,8,0.0,0,4,25.0,1,100.0,4,100.0,1,25.0,0,8,6,6.0,8.0,2.0
Blake Corum,129574,HB,LA,11,8,0,26,0,-6.0,1,100.0,,0,0,0.0,0,0.58,0,0,78.7,92.9,0,8,0.0,0,3,66.7,1,100.0,3,100.0,1,33.3,0,8,14,14.0,8.0,2.67,-5.0,0,100.0,,0,0,0.0,0,0.96,1,0,76.5,67.0,0,3,0.0,0,2,50.0,1,100.0,2,79.2,1,50.0,0,3,8,8.0,3.0,1.5
Connor Heyward,57301,TE,PIT,17,8,0,25,0,,0,,,0,0,,0,0.64,0,0,,44.0,0,0,22.2,2,9,66.7,0,77.8,7,0.0,0,0.0,0,0,0,,,0.0,9.5,0,100.0,,0,0,0.0,0,-0.37,2,0,73.4,55.6,0,16,3.4,1,29,52.0,2,86.2,25,156.3,2,8.0,1,24,5,2.5,12.0,0.96
Will Mallory,77888,TE,IND,10,8,0,14,0,,0,,,0,0,,0,-2.01,0,0,,45.5,0,0,0.0,0,5,40.0,0,100.0,5,0.0,0,0.0,0,0,0,,,0.0,8.5,1,66.7,100.0,1,1,0.0,0,-0.09,1,0,77.3,50.8,1,10,0.0,0,55,36.5,4,94.5,52,38.2,6,11.5,0,29,4,1.0,7.3,0.56
Tyquan Thornton,78092,WR,NE,6,8,0,19,0,-2.0,0,100.0,,0,0,0.0,0,-0.39,0,0,78.7,51.4,0,6,0.0,0,9,11.1,1,100.0,9,91.7,1,11.1,0,6,8,8.0,6.0,0.67,-2.0,0,100.0,,0,0,0.0,0,-0.58,0,0,75.6,55.2,0,6,0.0,0,9,33.3,1,100.0,9,91.7,1,11.1,0,6,8,8.0,6.0,0.67
Kimani Vidal,123727,HB,LAC,10,8,0,27,0,,0,,,0,0,,0,-0.43,0,0,78.7,53.2,0,0,0.0,0,8,33.3,0,75.0,6,0.0,0,0.0,0,0,0,,,0.0,,0,,,0,0,,0,0.24,0,0,41.1,44.5,0,0,0.0,0,4,50.0,0,100.0,4,0.0,0,0.0,0,0,0,,,0.0
Zamir White,83665,HB,LV,7,8,0,23,0,,0,,,0,0,,0,-0.07,0,0,,46.0,0,0,14.3,1,7,50.0,0,85.7,6,0.0,0,0.0,0,0,0,,,0.0,,0,,,0,0,,0,1.49,0,0,75.6,58.1,0,0,0.0,0,1,100.0,0,100.0,1,0.0,0,0.0,0,0,0,,,0.0
Kendre Miller,123091,HB,NO,6,8,0,20,0,-5.5,0,100.0,,0,0,0.0,0,-0.84,1,0,84.5,76.7,0,16,10.0,1,10,33.3,2,80.0,8,89.6,2,25.0,0,11,22,11.0,5.5,1.38,3.5,1,50.0,,0,0,0.0,0,-0.38,0,0,29.8,52.9,0,8,0.0,0,7,66.7,1,85.7,6,60.4,2,33.3,0,8,3,3.0,8.0,1.33
River Cracraft,47417,WR,MIA,8,8,0,17,0,,0,,,0,0,,0,-0.02,0,0,,46.2,0,0,0.0,0,14,23.1,0,92.9,13,0.0,0,0.0,0,0,0,,,0.0,9.3,0,100.0,100.0,1,1,0.0,0,-0.18,3,0,81.7,60.4,0,16,0.0,0,28,42.9,3,100.0,28,109.7,3,10.7,0,31,3,1.0,10.3,1.11
Ashton Dulin,91479,WR,IND,14,8,0,14,0,,0,,,0,0,,0,-0.3,0,0,,48.6,0,0,20.0,1,5,40.0,0,80.0,4,0.0,0,0.0,0,0,0,,,0.0,14.0,1,50.0,,0,0,0.0,0,-0.07,2,0,68.3,51.7,0,54,3.1,1,32,40.0,2,90.6,29,135.4,4,13.8,1,67,43,21.5,33.5,2.31
Britain Covey,32933,WR,PHI,5,8,0,24,0,-3.7,0,100.0,,0,0,0.0,0,0.37,1,0,90.2,92.7,0,11,0.0,0,6,60.0,3,83.3,5,88.9,3,60.0,0,16,27,9.0,5.3,3.2,1.9,0,85.7,100.0,1,1,14.3,1,0.01,1,0,56.9,67.8,0,9,0.0,0,29,53.8,6,89.7,26,80.4,7,26.9,0,23,14,2.3,3.8,0.88
Kenny Yeboah,42196,TE,NYJ,8,8,0,22,0,,0,,,0,0,,0,0.25,0,0,,40.1,0,0,0.0,0,4,50.0,0,100.0,4,0.0,0,0.0,0,0,0,,,0.0,7.5,0,50.0,,0,0,0.0,0,0.98,1,0,68.3,55.1,0,13,0.0,0,6,50.0,1,100.0,6,70.8,2,33.3,0,13,1,1.0,13.0,2.17
Quintin Morris,61182,TE,BUF,14,8,0,4,0,-3.0,0,100.0,,0,0,0.0,0,0.22,1,0,78.7,58.2,0,5,0.0,0,19,47.4,1,100.0,19,87.5,1,5.3,0,5,8,8.0,5.0,0.26,5.5,0,50.0,100.0,1,1,50.0,1,-0.26,0,0,27.5,42.2,0,7,6.7,2,30,36.7,1,93.3,28,58.3,2,7.1,0,7,1,1.0,7.0,0.25
C.J. Ham,11347,FB,MIN,18,7,0,18,0,,0,,,0,0,,0,0.38,0,0,,41.9,0,0,33.3,3,9,66.7,0,66.7,6,0.0,0,0.0,0,0,0,,,0.0,,0,,,0,0,,0,-0.29,0,0,72.1,28.3,0,0,11.1,1,9,28.6,0,66.7,6,0.0,0,0.0,0,0,0,,,0.0
Bryce Oliver,84248,WR,TEN,9,7,0,31,0,,0,,,0,0,,0,0.64,0,0,,47.2,0,0,0.0,0,4,100.0,0,100.0,4,0.0,0,0.0,0,0,0,,,0.0,9.0,0,100.0,,0,0,0.0,0,1.48,1,0,78.0,72.5,0,16,0.0,0,3,66.7,1,100.0,3,118.8,1,33.3,0,16,7,7.0,16.0,5.33
Allen Robinson II,8696,WR,DET,11,7,0,11,0,,0,,,0,0,,0,0.18,0,0,,46.2,0,0,0.0,0,4,25.0,0,100.0,4,0.0,0,0.0,0,0,0,,,0.0,2.5,0,50.0,0.0,0,1,0.0,0,-0.25,1,0,49.2,71.3,0,2,0.0,0,22,33.3,1,95.5,21,56.3,2,9.5,0,2,0,0.0,2.0,0.1
Tip Reiman,129423,TE,ARZ,17,7,0,1,0,,0,,,0,0,,0,0.31,0,0,,35.1,0,0,64.0,16,25,60.0,0,36.0,9,0.0,0,0.0,0,0,0,,,0.0,-0.3,1,100.0,,0,0,0.0,0,0.12,0,0,73.4,44.8,0,5,28.6,6,21,45.0,3,66.7,14,79.2,3,21.4,0,9,10,3.3,3.0,0.64
Nikko Remigio,84150,WR,KC,2,6,0,16,0,,0,,,0,0,,0,-0.47,0,0,,43.5,0,0,0.0,0,1,0.0,0,100.0,1,0.0,0,0.0,0,0,0,,,0.0,10.3,0,33.3,0.0,0,1,0.0,0,-0.59,2,0,72.1,80.4,0,25,0.0,0,22,19.0,2,95.5,21,63.2,6,28.6,0,48,16,8.0,24.0,2.29
Sincere McCormick,97119,HB,LV,4,6,0,23,0,-4.0,0,100.0,,0,0,0.0,0,0.79,0,0,84.5,94.8,0,8,33.3,1,3,100.0,1,33.3,1,100.0,1,100.0,0,8,12,12.0,8.0,8.0,,0,,,0,0,,0,0.0,0,0,74.6,81.2,0,0,,0,0,,0,,0,0.0,0,,0,0,0,,,
Ty Chandler,62942,HB,MIN,12,6,0,18,0,-4.7,0,100.0,,0,0,0.0,0,0.01,0,0,88.7,92.0,0,8,0.0,0,6,50.0,3,100.0,6,86.1,3,50.0,0,14,28,9.3,4.7,2.33,,0,,,0,0,,0,1.9,0,0,76.5,55.6,0,0,0.0,0,1,100.0,0,100.0,1,0.0,0,0.0,0,0,0,,,0.0
Jaylen Wright,146934,HB,MIA,15,6,0,17,0,-4.5,0,50.0,,0,0,50.0,1,-0.21,0,0,25.7,25.6,0,0,11.1,2,18,31.3,1,77.8,14,56.3,2,14.3,0,0,4,4.0,0.0,0.0,,0,,,0,0,,0,-0.27,0,0,52.5,40.3,0,0,6.7,1,15,53.3,0,93.3,14,0.0,0,0.0,0,0,0,,,0.0
Parris Campbell,47940,WR,PHI,6,6,0,24,0,,0,,,0,0,,0,-0.97,0,0,,51.2,0,0,0.0,0,3,0.0,0,100.0,3,0.0,0,0.0,0,0,0,,,0.0,3.8,0,100.0,,0,0,0.0,0,-0.05,0,0,80.6,50.3,0,7,0.0,0,56,41.5,4,94.6,53,89.6,4,7.5,0,22,7,1.8,5.5,0.42
Malachi Corley,66272,WR,NYJ,5,6,0,22,0,0.0,0,100.0,,0,0,0.0,0,-0.62,0,0,78.7,51.5,0,4,0.0,0,6,0.0,1,83.3,5,83.3,1,20.0,0,4,4,4.0,4.0,0.8,5.8,0,75.0,100.0,2,2,0.0,0,-0.35,1,0,74.6,56.7,0,10,5.6,1,18,33.3,3,94.4,17,81.3,4,23.5,0,16,4,1.3,5.3,0.94
Ronnie Rivers,57208,HB,LA,6,6,0,26,0,-8.0,0,100.0,,0,0,0.0,0,0.15,0,0,78.7,58.3,0,6,14.3,1,7,57.1,1,85.7,6,91.7,1,16.7,0,6,14,14.0,6.0,1.0,,0,,,0,0,,0,-0.43,0,0,74.6,64.0,0,0,0.0,0,1,0.0,0,100.0,1,0.0,0,0.0,0,0,0,,,0.0
Devin Culp,84080,TE,TB,3,6,0,30,0,,0,,,0,0,,0,-0.98,0,0,,46.2,0,0,0.0,0,2,0.0,0,100.0,2,0.0,0,0.0,0,0,0,,,0.0,12.3,0,75.0,,0,0,0.0,0,0.88,3,0,77.3,76.7,0,20,0.0,0,13,58.3,3,92.3,12,116.7,4,33.3,0,53,17,5.7,17.7,4.42
Ben Sinnott,122616,TE,WAS,20,6,0,32,0,-2.0,0,100.0,,0,0,0.0,0,-0.02,0,0,78.7,43.2,0,3,0.0,0,18,47.1,1,94.4,17,79.2,1,5.9,0,3,5,5.0,3.0,0.18,4.0,0,100.0,,0,0,0.0,0,0.06,0,0,75.6,46.3,0,7,0.0,0,37,51.5,1,89.2,33,95.8,1,3.0,0,7,3,3.0,7.0,0.21
Trey Benson,131705,HB,ARZ,12,6,0,1,0,-4.0,1,100.0,,0,0,0.0,0,0.37,1,0,84.5,85.9,0,19,0.0,0,7,71.4,2,100.0,7,116.7,2,28.6,0,24,32,16.0,12.0,3.43,,0,,,0,0,,0,0.0,0,0,78.0,78.5,0,0,,0,0,,0,,0,0.0,0,,0,0,0,,,
Jamari Thrash,97399,WR,CLV,9,6,0,8,0,-2.0,0,0.0,,0,0,100.0,1,-0.23,0,0,21.6,28.6,0,0,0.0,0,12,33.3,0,100.0,12,39.6,1,8.3,0,0,0,,,0.0,1.0,0,50.0,,0,0,50.0,1,-0.17,1,0,27.5,42.8,0,8,1.6,1,63,46.6,1,90.5,57,60.4,2,3.5,0,8,4,4.0,8.0,0.14
Terrace Marshall Jr.,84271,WR,LV,7,5,0,23,0,,0,,,0,0,,0,-0.42,0,0,,46.1,0,0,0.0,0,7,25.0,0,57.1,4,0.0,0,0.0,0,0,0,,,0.0,,0,,,0,0,,0,0.0,0,0,74.6,52.1,0,0,0.0,0,22,38.9,0,81.8,18,0.0,0,0.0,0,0,0,,,0.0
Audric Estime,147476,HB,DEN,12,5,0,10,0,,0,,,0,0,,0,0.6,0,0,,40.7,0,0,0.0,0,12,72.7,0,91.7,11,0.0,0,0.0,0,0,0,,,0.0,,0,,,0,0,,0,2.49,0,0,70.5,54.5,0,0,0.0,0,1,100.0,0,100.0,1,0.0,0,0.0,0,0,0,,,0.0
Tim Jones,61669,WR,JAX,15,5,0,15,0,,0,,,0,0,,0,0.25,0,0,,42.3,0,0,7.1,1,14,53.8,0,85.7,12,0.0,0,0.0,0,0,0,,,0.0,11.0,0,100.0,,0,0,0.0,0,0.47,1,0,68.3,49.5,0,11,8.3,2,24,57.1,1,83.3,20,112.5,1,5.0,0,11,0,0.0,11.0,0.55
Ben Skowronek,27948,WR,PIT,10,5,0,25,0,,0,,,0,0,,0,0.62,0,0,,44.4,0,0,33.3,2,6,66.7,0,66.7,4,0.0,0,0.0,0,0,0,,,0.0,11.0,0,100.0,,0,0,0.0,0,0.37,2,0,72.1,64.2,0,23,8.3,3,36,52.8,2,91.7,33,118.8,2,6.1,0,31,9,4.5,15.5,0.94
Craig Reynolds,94383,HB,DET,8,5,0,11,0,-4.0,0,100.0,,0,0,0.0,0,-0.25,0,0,78.7,59.2,0,5,33.3,2,6,20.0,1,66.7,4,87.5,1,25.0,0,5,9,9.0,5.0,1.25,,0,,,0,0,,0,-2.76,0,0,70.5,55.3,0,0,0.0,0,4,25.0,0,100.0,4,0.0,0,0.0,0,0,0,,,0.0
Cam Grandy,134552,TE,CIN,7,5,0,7,0,,0,,,0,0,,0,-0.42,0,0,,46.3,0,0,0.0,0,3,33.3,0,100.0,3,0.0,0,0.0,0,0,0,,,0.0,0.5,0,100.0,,0,0,0.0,0,0.03,0,0,70.5,59.1,0,9,11.1,1,9,55.6,2,88.9,8,85.4,2,25.0,0,9,8,4.0,4.5,1.13
Anthony Miller,48160,WR,BLT,3,5,0,3,0,,0,,,0,0,,0,-1.17,0,0,,54.9,0,0,0.0,0,1,0.0,0,100.0,1,0.0,0,0.0,0,0,0,,,0.0,2.0,0,100.0,,0,0,0.0,0,-0.87,0,0,77.3,71.7,0,3,0.0,0,2,0.0,1,100.0,2,79.2,1,50.0,0,3,1,1.0,3.0,1.5
Scott Matlock,82482,FB,LAC,18,5,0,27,0,,0,,,0,0,,0,-0.15,0,0,,40.1,0,0,33.3,2,6,33.3,0,66.7,4,0.0,0,0.0,0,0,0,,,0.0,1.0,0,100.0,,0,0,0.0,0,0.76,1,0,70.5,66.7,0,10,55.6,20,36,71.9,2,38.9,14,106.3,2,14.3,0,19,17,8.5,9.5,1.36
Jacob Cowing,100894,WR,SF,10,5,0,28,0,-3.0,0,100.0,,0,0,0.0,0,0.72,0,0,84.5,77.4,0,9,0.0,0,7,66.7,1,85.7,6,104.2,1,16.7,0,9,12,12.0,9.0,1.5,4.5,0,100.0,,0,0,0.0,0,-0.13,1,0,75.6,59.5,0,14,0.0,0,34,51.5,2,97.1,33,114.6,2,6.1,0,23,14,7.0,11.5,0.7
Peyton Hendershot,60915,TE,KC,8,5,0,16,0,,0,,,0,0,,0,-0.15,0,0,,42.3,0,0,0.0,0,6,33.3,0,100.0,6,0.0,0,0.0,0,0,0,,,0.0,,0,,,0,0,,0,-0.41,0,0,73.4,60.5,0,0,7.1,1,14,23.1,0,85.7,12,0.0,0,0.0,0,0,0,,,0.0
Ian Thomas,42130,TE,CAR,5,5,0,5,0,,0,,,0,0,,0,-0.68,0,0,,47.4,0,0,75.0,3,4,25.0,0,25.0,1,0.0,0,0.0,0,0,0,,,0.0,,0,,,0,0,,0,-0.72,0,0,41.6,47.0,0,0,20.0,1,5,20.0,0,80.0,4,0.0,0,0.0,0,0,0,,,0.0
Clyde Edwards-Helaire,57279,HB,NO,2,5,0,20,0,-5.0,1,100.0,,0,0,0.0,0,-0.63,0,0,84.5,86.6,0,8,0.0,0,2,0.0,2,100.0,2,87.5,2,100.0,0,10,20,10.0,5.0,5.0,,0,,,0,0,,0,0.61,0,0,73.4,59.4,0,0,0.0,0,4,50.0,0,100.0,4,0.0,0,0.0,0,0,0,,,0.0
Laviska Shenault Jr.,61220,WR,LAC,10,5,0,27,0,-3.0,1,100.0,,0,0,0.0,0,-0.8,1,0,88.7,80.4,0,18,0.0,0,7,42.9,3,100.0,7,100.0,3,42.9,0,24,33,11.0,8.0,3.43,-1.8,1,100.0,,0,0,0.0,0,-0.12,2,0,60.2,68.0,0,18,0.0,0,19,50.0,4,94.7,18,104.2,4,22.2,0,36,43,10.8,9.0,2.0
Ronnie Bell,84288,WR,SF,8,5,0,28,0,,0,,,0,0,,0,-0.51,0,0,,51.2,0,0,0.0,0,2,0.0,0,50.0,1,0.0,0,0.0,0,0,0,,,0.0,7.0,0,33.3,,0,0,50.0,1,0.22,1,0,25.9,45.2,1,10,0.0,0,22,52.6,1,86.4,19,4.2,3,15.8,0,10,5,5.0,10.0,0.53
Patrick Ricard,48862,FB,BLT,19,4,0,3,0,,0,,,0,0,,0,-0.03,0,0,,31.0,0,0,26.7,4,15,50.0,0,73.3,11,0.0,0,0.0,0,0,0,,,0.0,,0,,,0,0,,0,0.03,0,0,28.8,36.3,0,0,27.3,3,11,50.0,0,72.7,8,0.0,0,0.0,0,0,0,,,0.0
Chris Manhertz,10211,TE,NYG,17,4,0,21,0,,0,,,0,0,,0,-0.49,0,0,,29.8,0,0,48.4,15,31,45.2,0,51.6,16,0.0,0,0.0,0,0,0,,,0.0,,0,,,0,0,,0,0.46,0,0,68.3,47.9,0,0,20.0,2,10,70.0,0,80.0,8,0.0,0,0.0,0,0,0,,,0.0
Deven Thompkins,84480,WR,CAR,7,4,0,5,0,-4.3,1,100.0,,0,0,0.0,0,-0.24,1,0,88.7,88.8,0,12,0.0,0,5,40.0,3,100.0,5,84.7,3,60.0,0,13,26,8.7,4.3,2.6,-4.3,1,100.0,,0,0,0.0,0,-0.07,1,0,74.6,62.6,0,12,0.0,0,24,45.8,3,100.0,24,84.7,3,12.5,0,13,26,8.7,4.3,0.54
Will Shipley,144138,HB,PHI,6,4,0,24,0,,0,,,0,0,,0,-0.31,0,0,,54.0,0,0,0.0,0,1,0.0,0,100.0,1,0.0,0,0.0,0,0,0,,,0.0,,0,,,0,0,,0,1.51,0,0,74.6,62.6,0,0,0.0,0,1,100.0,0,100.0,1,0.0,0,0.0,0,0,0,,,0.0
Robbie Chosen,11254,WR,MIA,2,4,0,17,0,,0,,,0,0,,0,0.25,0,0,,48.5,0,0,0.0,0,5,40.0,0,100.0,5,0.0,0,0.0,0,0,0,,,0.0,4.0,0,100.0,,0,0,0.0,0,-1.04,0,0,70.5,51.3,0,5,0.0,0,8,37.5,1,100.0,8,87.5,1,12.5,0,5,1,1.0,5.0,0.63
Grant DuBose,111276,WR,MIA,3,4,0,17,0,,0,,,0,0,,0,0.43,0,0,,46.7,0,0,0.0,0,8,50.0,0,100.0,8,0.0,0,0.0,0,0,0,,,0.0,6.0,0,50.0,,0,0,0.0,0,-0.52,0,0,68.3,45.1,0,-2,0.0,0,13,27.3,1,84.6,11,56.3,2,18.2,0,-2,3,3.0,-2.0,-0.18
Tanner Conner,22777,TE,MIA,5,4,0,17,0,,0,,,0,0,,0,0.08,0,0,,48.8,0,0,0.0,0,2,50.0,0,100.0,2,0.0,0,0.0,0,0,0,,,0.0,5.0,0,100.0,,0,0,0.0,0,-0.41,1,0,73.4,52.7,0,11,0.0,0,9,33.3,2,100.0,9,97.9,2,22.2,0,15,5,2.5,7.5,1.67
Adam Prentice,35639,FB,NO,17,4,0,20,0,,0,,,0,0,,0,0.3,0,0,,46.4,0,0,28.6,2,7,57.1,0,71.4,5,0.0,0,0.0,0,0,0,,,0.0,,0,,,0,0,,0,0.25,0,0,28.0,42.7,0,0,30.8,4,13,41.7,0,61.5,8,0.0,0,0.0,0,0,0,,,0.0
Ben Sims,77918,TE,GB,15,4,0,12,0,,0,,,0,0,,0,-0.03,0,0,,38.0,0,0,0.0,0,8,25.0,0,100.0,8,0.0,0,0.0,0,0,0,,,0.0,,0,,,0,0,,0,-0.42,0,0,64.7,53.4,0,0,0.0,0,7,14.3,0,100.0,7,0.0,0,0.0,0,0,0,,,0.0
Braxton Berrios,47961,WR,MIA,6,4,0,17,0,,0,,,0,0,,0,0.39,0,0,,44.2,0,0,0.0,0,16,33.3,0,93.8,15,0.0,0,0.0,0,0,0,,,0.0,9.0,0,0.0,0.0,0,1,,0,-0.43,0,0,70.5,43.9,0,0,0.0,0,47,31.8,0,93.6,44,39.6,1,2.3,0,0,0,,,0.0
Hassan Haskins,83701,HB,LAC,13,4,0,27,0,,0,,,0,0,,0,0.08,0,0,,40.8,0,0,15.4,2,13,53.8,0,84.6,11,0.0,0,0.0,0,0,0,,,0.0,,0,,,0,0,,0,-0.74,0,0,72.1,50.6,0,0,0.0,0,2,50.0,0,100.0,2,0.0,0,0.0,0,0,0,,,0.0
Dameon Pierce,83659,HB,HST,12,4,0,13,0,-5.0,0,0.0,,0,0,,0,-0.67,0,0,,46.6,0,0,0.0,0,5,20.0,0,100.0,5,39.6,1,20.0,0,0,0,,,0.0,3.0,0,0.0,,0,0,,0,-0.66,0,0,64.7,46.1,0,0,0.0,0,8,37.5,0,100.0,8,39.6,1,12.5,0,0,0,,,0.0
Deuce Vaughn,122624,HB,DAL,5,4,0,9,0,,0,,,0,0,,0,-0.05,0,0,78.7,91.5,0,0,20.0,1,5,50.0,0,60.0,3,0.0,0,0.0,0,0,0,,,0.0,,0,,,0,0,,0,0.0,0,0,76.5,66.9,0,0,,0,0,,0,,0,0.0,0,,0,0,0,,,
Eric Tomlinson,9786,TE,LAC,8,4,0,27,0,,0,,,0,0,,0,0.0,0,0,,,0,0,,0,0,,0,,0,0.0,0,,0,0,0,,,,,0,,,0,0,,0,0.46,0,0,30.0,37.0,0,0,100.0,2,2,50.0,0,0.0,0,0.0,0,,0,0,0,,,
Dan Chisena,34061,WR,CAR,6,4,0,5,0,,0,,,0,0,,0,0.0,0,0,,,0,0,,0,0,,0,,0,0.0,0,,0,0,0,,,,7.0,0,66.7,100.0,1,1,0.0,0,0.88,1,0,74.6,83.9,0,23,0.0,0,5,80.0,2,100.0,5,97.9,3,60.0,0,29,10,5.0,14.5,5.8
Gus Edwards,46027,HB,LAC,12,4,0,27,0,-5.0,0,0.0,,0,0,,0,-0.29,0,0,,49.3,0,0,25.0,1,4,33.3,0,50.0,2,39.6,1,50.0,0,0,0,,,0.0,-4.0,0,100.0,,0,0,0.0,0,-0.08,0,0,74.6,50.8,0,3,0.0,0,4,25.0,1,100.0,4,79.2,1,25.0,0,3,7,7.0,3.0,0.75
Javon Baker,123904,WR,NE,7,4,0,19,0,,0,,,0,0,,0,-0.36,0,0,,44.9,0,0,0.0,0,8,50.0,0,75.0,6,0.0,0,0.0,0,0,0,,,0.0,,0,,,0,0,,0,-0.58,0,0,64.7,51.4,0,0,0.0,0,6,40.0,0,83.3,5,0.0,0,0.0,0,0,0,,,0.0
Dallin Holker,83946,TE,NO,12,4,0,20,0,,0,,,0,0,,0,0.5,0,0,,47.9,0,0,0.0,0,3,66.7,0,100.0,3,0.0,0,0.0,0,0,0,,,0.0,30.0,0,0.0,,0,0,,0,-0.1,0,0,70.5,54.8,0,0,9.1,1,11,40.0,0,81.8,9,39.6,1,11.1,0,0,0,,,0.0
David Bell,97989,WR,CLV,1,3,0,8,0,,0,,,0,0,,0,0.0,0,0,,,0,0,,0,0,,0,,0,0.0,0,,0,0,0,,,,5.5,1,100.0,100.0,1,1,0.0,0,1.09,0,0,74.6,62.1,0,12,0.0,0,3,66.7,2,100.0,3,104.2,2,66.7,0,18,7,3.5,9.0,6.0
J.J. Taylor,25512,HB,HST,4,3,0,13,0,-5.0,0,0.0,,0,0,100.0,1,0.14,0,0,21.6,17.7,0,0,0.0,0,3,33.3,0,100.0,3,39.6,1,33.3,0,0,0,,,0.0,,0,,,0,0,,0,-1.05,0,0,28.0,29.2,0,0,0.0,0,1,0.0,0,100.0,1,0.0,0,0.0,0,0,0,,,0.0
Kristian Wilkerson,28729,WR,LV,2,3,0,23,0,,0,,,0,0,,0,-0.52,0,0,,48.7,0,0,0.0,0,3,33.3,0,100.0,3,0.0,0,0.0,0,0,0,,,0.0,8.0,0,0.0,,0,0,,0,-0.13,0,0,68.3,58.1,0,0,0.0,0,3,33.3,0,100.0,3,39.6,1,33.3,0,0,0,,,0.0
Jeff Wilson Jr.,29413,HB,MIA,8,3,0,17,0,-3.0,0,100.0,,0,0,0.0,0,-0.41,0,0,78.7,56.2,0,6,0.0,0,7,33.3,1,85.7,6,91.7,1,16.7,0,6,9,9.0,6.0,1.0,-0.5,0,100.0,,0,0,0.0,0,-0.61,0,0,75.6,50.1,0,6,0.0,0,10,50.0,2,100.0,10,91.7,2,20.0,0,12,13,6.5,6.0,1.2
D'Wayne Eskridge,29573,WR,MIA,6,3,0,17,0,-3.0,0,100.0,,0,0,0.0,0,-0.09,0,0,78.7,53.0,0,8,0.0,0,7,40.0,1,71.4,5,100.0,1,20.0,0,8,11,11.0,8.0,1.6,5.0,0,100.0,,0,0,0.0,0,0.34,1,0,74.6,74.3,0,6,0.0,0,2,50.0,1,100.0,2,91.7,1,50.0,0,6,1,1.0,6.0,3.0
Mike Boone,31615,HB,CAR,5,3,0,5,0,-6.0,0,0.0,,0,0,100.0,1,-1.09,0,0,21.7,20.8,0,0,0.0,0,1,0.0,0,100.0,1,39.6,1,100.0,0,0,0,,,0.0,-6.0,0,0.0,,0,0,100.0,1,1.12,0,0,27.3,38.3,0,0,0.0,0,3,66.7,0,100.0,3,39.6,1,33.3,0,0,0,,,0.0
Feleipe Franks,40217,TE,CAR,7,3,0,5,0,,0,,,0,0,,0,-0.51,0,0,,36.1,0,0,0.0,0,3,33.3,0,100.0,3,0.0,0,0.0,0,0,0,,,0.0,20.0,0,0.0,,0,0,,0,-0.77,0,0,64.7,62.9,0,0,0.0,0,3,0.0,0,100.0,3,39.6,1,33.3,0,0,0,,,0.0
Jack Stoll,42058,TE,MIA,7,3,0,17,0,,0,,,0,0,,0,-0.85,0,0,,42.9,0,0,25.0,2,8,0.0,0,75.0,6,0.0,0,0.0,0,0,0,,,0.0,4.0,0,0.0,0.0,0,1,,0,-0.1,0,0,70.5,46.1,0,0,5.0,1,20,42.1,0,90.0,18,39.6,1,5.6,0,0,0,,,0.0
Travis Homer,45859,HB,CHI,6,3,0,6,0,,0,,,0,0,,0,0.03,0,0,,45.6,0,0,0.0,0,7,28.6,0,100.0,7,0.0,0,0.0,0,0,0,,,0.0,,0,,,0,0,,0,-1.44,0,0,73.4,48.0,0,0,0.0,0,2,0.0,0,100.0,2,0.0,0,0.0,0,0,0,,,0.0
Josiah Deguara,47034,TE,JAX,6,3,0,15,0,,0,,,0,0,,0,0.16,0,0,,47.1,0,0,25.0,1,4,50.0,0,75.0,3,0.0,0,0.0,0,0,0,,,0.0,2.5,0,100.0,,0,0,0.0,0,-0.25,0,0,72.1,50.8,0,8,0.0,0,16,28.6,2,87.5,14,91.7,2,14.3,0,12,7,3.5,6.0,0.86
Alex Bachman,47996,WR,LV,4,3,0,23,0,2.0,0,100.0,,0,0,0.0,0,-0.02,0,0,78.7,48.4,0,2,0.0,0,10,44.4,1,90.0,9,79.2,1,11.1,0,2,0,0.0,2.0,0.22,2.0,0,100.0,,0,0,0.0,0,-0.44,0,0,74.6,56.7,0,2,0.0,0,25,34.8,1,92.0,23,79.2,1,4.3,0,2,0,0.0,2.0,0.09
James Proche II,48037,WR,CLV,6,3,0,8,0,,0,,,0,0,,0,1.44,0,0,,49.3,0,0,0.0,0,2,50.0,0,100.0,2,0.0,0,0.0,0,0,0,,,0.0,2.0,1,100.0,100.0,1,1,0.0,0,-1.21,0,0,73.4,70.9,0,4,0.0,0,5,40.0,2,100.0,5,81.3,2,40.0,0,7,3,1.5,3.5,1.4
Austin Trammell,52195,WR,JAX,1,3,0,15,0,,0,,,0,0,,0,-0.34,0,0,,53.2,0,0,0.0,0,1,0.0,0,100.0,1,0.0,0,0.0,0,0,0,,,0.0,15.5,0,100.0,,0,0,0.0,0,-0.35,2,0,70.5,64.8,0,22,0.0,0,15,35.7,2,93.3,14,118.8,2,14.3,0,40,9,4.5,20.0,2.86
DeeJay Dallas,55632,HB,ARZ,4,3,0,1,0,-4.5,0,100.0,,0,0,0.0,0,0.98,0,0,84.5,61.0,0,5,0.0,0,5,40.0,2,100.0,5,87.5,2,40.0,0,10,19,9.5,5.0,2.0,,0,,,0,0,,0,-0.33,0,0,68.3,51.7,0,0,0.0,0,1,0.0,0,100.0,1,0.0,0,0.0,0,0,0,,,0.0
Jacob Kibodi,57427,HB,CLV,1,3,0,8,0,,0,,,0,0,,0,1.4,0,0,,52.5,0,0,0.0,0,1,100.0,0,100.0,1,0.0,0,0.0,0,0,0,,,0.0,,0,,,0,0,,0,-1.71,0,0,70.5,84.9,0,0,0.0,0,1,0.0,0,100.0,1,0.0,0,0.0,0,0,0,,,0.0
Cody White,61448,WR,SEA,4,3,0,29,0,,0,,,0,0,,0,1.1,0,0,,49.7,0,0,0.0,0,4,75.0,0,100.0,4,0.0,0,0.0,0,0,0,,,0.0,,0,,,0,0,,0,0.13,0,0,72.1,69.0,0,0,0.0,0,4,50.0,0,100.0,4,0.0,0,0.0,0,0,0,,,0.0
Brevin Jordan,77887,TE,HST,2,3,0,13,0,-5.0,0,0.0,,0,0,,0,-0.28,0,0,,47.8,0,0,0.0,0,2,50.0,0,100.0,2,39.6,1,50.0,0,0,0,,,0.0,3.0,0,100.0,,0,0,0.0,0,-0.45,0,0,72.1,62.2,0,4,0.0,0,2,0.0,1,100.0,2,83.3,1,50.0,0,4,1,1.0,4.0,2.0
Tyler Badie,83714,HB,DEN,4,3,0,10,0,-6.0,0,100.0,,0,0,0.0,0,-2.65,0,1,78.7,10.0,0,-3,0.0,0,2,0.0,1,100.0,2,79.2,1,50.0,0,-3,3,3.0,-3.0,-1.5,,0,,,0,0,,0,0.0,0,0,73.4,24.3,0,0,,0,0,,0,,0,0.0,0,,0,0,0,,,
Isaiah Williams,97156,WR,CIN,5,3,0,7,0,-4.0,2,100.0,,0,0,0.0,0,-0.52,0,0,78.7,60.1,0,2,0.0,0,2,0.0,1,50.0,1,79.2,1,100.0,0,2,6,6.0,2.0,2.0,5.5,0,50.0,,0,0,0.0,0,-0.39,0,0,70.5,56.2,0,4,0.0,0,7,16.7,1,85.7,6,56.3,2,33.3,0,4,1,1.0,4.0,0.67
Kenny McIntosh,99158,HB,SEA,7,3,0,29,0,,0,,,0,0,,0,-1.12,0,0,,42.6,0,0,20.0,1,5,20.0,0,80.0,4,0.0,0,0.0,0,0,0,,,0.0,,0,,,0,0,,0,5.26,0,0,74.6,58.5,0,0,0.0,0,1,100.0,0,100.0,1,0.0,0,0.0,0,0,0,,,0.0
Ramel Keyton,99204,WR,LV,4,3,0,23,0,,0,,,0,0,,0,-0.87,0,0,,49.1,0,0,0.0,0,2,0.0,0,100.0,2,0.0,0,0.0,0,0,0,,,0.0,,0,,,0,0,,0,0.0,0,0,68.3,56.7,0,0,,0,0,,0,,0,0.0,0,,0,0,0,,,
Jha'Quan Jackson,101135,WR,TEN,6,3,0,31,0,,0,,,0,0,,0,-0.53,0,0,78.7,96.5,0,0,0.0,0,5,33.3,0,60.0,3,0.0,0,0.0,0,0,0,,,0.0,25.0,0,33.3,,0,0,0.0,0,-0.14,1,0,70.5,53.6,0,8,0.0,0,12,36.4,1,91.7,11,42.4,3,27.3,0,8,3,3.0,8.0,0.73
Julius Chestnut,109239,HB,TEN,9,3,0,31,0,,0,,,0,0,,0,-0.02,0,0,,46.4,0,0,0.0,0,6,50.0,0,100.0,6,0.0,0,0.0,0,0,0,,,0.0,,0,,,0,0,,0,1.32,0,0,70.5,49.3,0,0,0.0,0,6,83.3,0,100.0,6,0.0,0,0.0,0,0,0,,,0.0
Jaheim Bell,124225,TE,NE,11,3,0,19,0,-2.0,0,100.0,,0,0,0.0,0,-0.44,0,0,78.7,49.6,0,1,12.5,1,8,37.5,1,87.5,7,79.2,1,14.3,0,1,3,3.0,1.0,0.14,,0,,,0,0,,0,0.23,0,0,70.5,51.2,0,0,0.0,0,21,44.4,0,85.7,18,0.0,0,0.0,0,0,0,,,0.0
Jonathon Brooks,144721,HB,CAR,3,3,0,5,0,,0,,,0,0,,0,-1.2,0,0,,,0,0,100.0,1,1,0.0,0,0.0,0,0.0,0,,0,0,0,,,,,0,,,0,0,,0,0.73,0,0,68.3,74.7,0,0,0.0,0,1,100.0,0,100.0,1,0.0,0,0.0,0,0,0,,,0.0
Sione Vaki,158505,HB,DET,6,3,0,11,0,,0,,,0,0,,0,-0.25,0,0,,53.5,0,0,0.0,0,1,0.0,0,100.0,1,0.0,0,0.0,0,0,0,,,0.0,,0,,,0,0,,0,-0.77,0,0,68.3,60.5,0,0,0.0,0,1,0.0,0,100.0,1,0.0,0,0.0,0,0,0,,,0.0
Isaiah Hodgins,52130,WR,NYG,3,2,0,21,0,,0,,,0,0,,0,-0.48,0,0,,52.5,0,0,0.0,0,1,0.0,0,100.0,1,0.0,0,0.0,0,0,0,,,0.0,6.0,0,100.0,,0,0,0.0,0,-0.72,0,0,68.3,49.9,0,7,0.0,0,10,40.0,1,100.0,10,95.8,1,10.0,0,7,1,1.0,7.0,0.7
E.J. Jenkins,109834,TE,PHI,7,2,0,24,0,,0,,,0,0,,0,-0.47,0,0,,49.2,0,0,0.0,0,3,33.3,0,100.0,3,0.0,0,0.0,0,0,0,,,0.0,4.0,0,100.0,,0,0,0.0,0,-0.06,1,0,64.7,54.4,0,7,6.3,1,16,56.3,1,93.8,15,135.4,1,6.7,1,7,3,3.0,7.0,0.47
Jared Wayne,99691,WR,HST,4,2,0,13,0,,0,,,0,0,,0,-1.02,0,0,,52.5,0,0,0.0,0,1,0.0,0,100.0,1,0.0,0,0.0,0,0,0,,,0.0,17.0,0,0.0,,0,0,,0,-0.92,0,0,,49.5,0,0,0.0,0,8,0.0,0,100.0,8,39.6,1,12.5,0,0,0,,,0.0
Collin Johnson,47808,WR,CHI,7,2,0,6,0,,0,,,0,0,,0,0.23,0,0,,49.6,0,0,0.0,0,4,50.0,0,100.0,4,0.0,0,0.0,0,0,0,,,0.0,12.0,0,0.0,0.0,0,1,,0,-0.38,0,0,64.7,50.9,0,0,0.0,0,6,16.7,0,100.0,6,39.6,1,16.7,0,0,0,,,0.0
Erik Ezukanma,78148,WR,MIA,2,2,0,17,0,,0,,,0,0,,0,0.04,0,0,,49.2,0,0,0.0,0,4,66.7,0,75.0,3,0.0,0,0.0,0,0,0,,,0.0,47.0,0,0.0,,0,0,,0,-0.36,0,0,,51.6,0,0,0.0,0,4,66.7,0,75.0,3,39.6,1,33.3,0,0,0,,,0.0
Blake Watson,84363,HB,DEN,2,2,0,10,0,-5.0,1,100.0,,0,0,0.0,0,1.73,0,0,78.7,93.2,0,13,0.0,0,3,100.0,1,100.0,3,118.8,1,33.3,0,13,18,18.0,13.0,4.33,,0,,,0,0,,0,0.0,0,0,64.7,70.1,0,0,,0,0,,0,,0,0.0,0,,0,0,0,,,
Devontez Walker,145773,WR,BLT,7,2,0,3,0,,0,,,0,0,,0,-0.25,0,0,,48.4,0,0,0.0,0,6,50.0,0,100.0,6,0.0,0,0.0,0,0,0,,,0.0,,0,,,0,0,,0,-1.39,0,0,64.7,59.8,0,0,0.0,0,2,0.0,0,100.0,2,0.0,0,0.0,0,0,0,,,0.0
Brayden Willis,77917,TE,SF,3,2,0,28,0,,0,,,0,0,,0,1.02,0,0,,45.8,0,0,0.0,0,2,50.0,0,100.0,2,0.0,0,0.0,0,0,0,,,0.0,5.5,0,0.0,0.0,0,2,100.0,1,-1.27,0,0,25.5,32.8,0,0,0.0,0,6,0.0,0,100.0,6,39.6,2,33.3,0,0,0,,,0.0
Chris Collier,142677,HB,LV,1,2,0,23,0,,0,,,0,0,,0,-0.57,0,0,,51.9,0,0,0.0,0,1,0.0,0,100.0,1,0.0,0,0.0,0,0,0,,,0.0,,0,,,0,0,,0,0.0,0,0,,54.1,0,0,,0,0,,0,,0,0.0,0,,0,0,0,,,
Chris Blair,84096,WR,ATL,2,2,0,2,0,,0,,,0,0,,0,1.11,0,0,,49.5,0,0,0.0,0,2,100.0,0,100.0,2,0.0,0,0.0,0,0,0,,,0.0,,0,,,0,0,,0,0.15,0,0,64.7,62.3,0,0,0.0,0,3,33.3,0,100.0,3,0.0,0,0.0,0,0,0,,,0.0
Mason Kinsey,115664,WR,TEN,4,2,0,31,0,,0,,,0,0,,0,0.08,0,0,,49.3,0,0,0.0,0,3,66.7,0,100.0,3,0.0,0,0.0,0,0,0,,,0.0,8.5,0,100.0,,0,0,0.0,0,0.31,1,0,72.1,49.7,0,11,0.0,0,40,51.4,2,92.5,37,102.1,2,5.4,0,17,0,0.0,8.5,0.46
Skyy Moore,97116,WR,KC,5,2,0,16,0,,0,,,0,0,,0,0.4,0,0,,42.3,0,0,0.0,0,11,60.0,0,90.9,10,0.0,0,0.0,0,0,0,,,0.0,2.0,0,0.0,,0,0,100.0,1,0.18,0,0,23.2,30.2,0,0,0.0,0,12,45.5,0,91.7,11,39.6,1,9.1,0,0,0,,,0.0
John Ross,11764,WR,PHI,1,2,0,24,0,,0,,,0,0,,0,0.0,0,0,,,0,0,,0,0,,0,,0,0.0,0,,0,0,0,,,,,0,,,0,0,,0,-1.13,0,0,68.3,55.7,0,0,0.0,0,2,0.0,0,100.0,2,0.0,0,0.0,0,0,0,,,0.0
Tay Martin,61811,WR,TEN,1,2,0,31,0,,0,,,0,0,,0,0.0,0,0,,,0,0,,0,0,,0,,0,0.0,0,,0,0,0,,,,,0,,,0,0,,0,0.0,0,0,68.3,92.0,0,0,,0,0,,0,,0,0.0,0,,0,0,0,,,
Rasheen Ali,121717,HB,BLT,4,2,0,3,0,-7.0,0,0.0,,0,0,,0,-0.98,0,0,,51.9,0,0,0.0,0,1,0.0,0,100.0,1,39.6,1,100.0,0,0,0,,,0.0,,0,,,0,0,,0,1.2,0,0,25.6,25.9,0,0,0.0,0,1,100.0,0,100.0,1,0.0,0,0.0,0,0,0,,,0.0
Jody Fortson,94384,TE,KC,3,2,0,16,0,,0,,,0,0,,0,-0.14,0,0,,50.3,0,0,0.0,0,2,0.0,0,50.0,1,0.0,0,0.0,0,0,0,,,0.0,,0,,,0,0,,0,0.6,0,0,,49.2,0,0,0.0,0,8,62.5,0,100.0,8,0.0,0,0.0,0,0,0,,,0.0
Xavier Smith,102585,WR,LA,5,2,0,26,0,-5.0,0,100.0,,0,0,0.0,0,-1.17,0,0,78.7,63.6,0,-5,0.0,0,1,0.0,1,100.0,1,79.2,1,100.0,0,-5,0,0.0,-5.0,-5.0,0.5,0,100.0,,0,0,0.0,0,-0.02,1,0,70.5,75.2,0,11,0.0,0,6,50.0,2,100.0,6,79.2,2,33.3,0,6,5,2.5,3.0,1.0
Terrell Jennings,102408,HB,NE,2,2,0,19,0,-6.0,0,0.0,,0,0,,0,-0.33,0,0,,47.1,0,0,0.0,0,5,25.0,0,80.0,4,39.6,1,25.0,0,0,0,,,0.0,,0,,,0,0,,0,0.0,0,0,,51.7,0,0,,0,0,,0,,0,0.0,0,,0,0,0,,,
Casey Washington,101710,WR,ATL,2,2,0,2,0,,0,,,0,0,,0,0.0,0,0,,,0,0,,0,0,,0,,0,0.0,0,,0,0,0,,,,,0,,,0,0,,0,1.55,0,0,68.3,79.2,0,0,0.0,0,1,100.0,0,100.0,1,0.0,0,0.0,0,0,0,,,0.0
Xavier Weaver,101130,WR,ARZ,2,2,0,1,0,,0,,,0,0,,0,-0.47,0,0,,49.1,0,0,0.0,0,4,50.0,0,100.0,4,0.0,0,0.0,0,0,0,,,0.0,21.0,0,0.0,,0,0,,0,0.18,0,0,,46.9,0,0,0.0,0,10,66.7,0,90.0,9,39.6,1,11.1,0,0,0,,,0.0
George Holani,72154,HB,SEA,1,1,0,29,0,,0,,,0,0,,0,0.0,0,0,,,0,0,,0,0,,0,,0,0.0,0,,0,0,0,,,,,0,,,0,0,,0,0.0,0,0,68.3,67.1,0,0,,0,0,,0,,0,0.0,0,,0,0,0,,,
Kameron Johnson,165866,WR,TB,4,1,0,30,0,,0,,,0,0,,0,0.57,0,0,,53.2,0,0,0.0,0,1,100.0,0,100.0,1,0.0,0,0.0,0,0,0,,,0.0,,0,,,0,0,,0,0.88,0,0,25.5,39.5,0,0,0.0,0,6,83.3,0,100.0,6,0.0,0,0.0,0,0,0,,,0.0
MarShawn Lloyd,124247,HB,GB,1,1,0,12,0,-5.0,0,100.0,,0,0,0.0,0,-0.3,0,0,78.7,59.1,0,3,0.0,0,3,33.3,1,100.0,3,79.2,1,33.3,0,3,8,8.0,3.0,1.0,-5.0,0,100.0,,0,0,0.0,0,0.12,0,0,70.5,59.9,0,3,0.0,0,2,50.0,1,100.0,2,79.2,1,50.0,0,3,8,8.0,3.0,1.5
Jaelon Darden,61522,WR,SEA,2,1,0,29,0,-2.0,0,100.0,,0,0,0.0,0,0.72,1,0,78.7,55.2,0,6,0.0,0,3,100.0,1,100.0,3,91.7,1,33.3,0,6,8,8.0,6.0,2.0,,0,,,0,0,,0,2.29,0,0,68.3,53.9,0,0,0.0,0,2,100.0,0,100.0,2,0.0,0,0.0,0,0,0,,,0.0
Kadarius Toney,61245,WR,CLV,3,1,0,8,0,,0,,,0,0,,0,0.0,0,0,,,0,0,,0,0,,0,,0,0.0,0,,0,0,0,,,,,0,,,0,0,,0,-0.73,0,0,,53.2,0,0,0.0,0,4,0.0,0,75.0,3,0.0,0,0.0,0,0,0,,,0.0
Anthony Richardson,124393,QB,IND,11,1,0,14,0,,0,,,0,0,,0,0.05,0,0,,51.1,0,0,0.0,0,27,55.6,0,3.7,1,0.0,0,0.0,0,0,0,,,0.0,,0,,,0,0,,0,0.0,0,0,,54.7,0,0,,0,0,,0,,0,0.0,0,,0,0,0,,,
Tyrell Shavers,61107,WR,BUF,3,1,0,4,0,-3.0,1,100.0,,0,0,0.0,0,1.57,1,0,78.7,99.9,0,69,0.0,0,3,33.3,1,100.0,3,158.3,1,33.3,1,69,72,72.0,69.0,23.0,-3.0,1,100.0,,0,0,0.0,0,0.82,1,0,68.3,85.4,0,69,0.0,0,8,37.5,1,100.0,8,158.3,1,12.5,1,69,72,72.0,69.0,8.63
John Samuel Shenker,60854,TE,LV,5,1,0,23,0,,0,,,0,0,,0,-1.78,0,0,,52.8,0,0,0.0,0,1,0.0,0,100.0,1,0.0,0,0.0,0,0,0,,,0.0,4.0,0,100.0,,0,0,0.0,0,-0.6,0,0,70.5,52.1,0,7,0.0,0,10,44.4,1,90.0,9,95.8,1,11.1,0,7,3,3.0,7.0,0.78
James Pierre,60649,CB,PIT,1,1,0,25,0,,0,,,0,0,,0,0.0,0,0,,,0,0,,0,0,,0,,0,0.0,0,,0,0,0,,,,,0,,,0,0,,0,0.0,0,0,,,0,0,,0,0,,0,,0,0.0,0,,0,0,0,,,
Vederian Lowe,59741,T,NE,14,1,0,19,0,,0,,,0,0,,0,-0.16,0,0,,,0,0,100.0,61,61,48.1,0,0.0,0,0.0,0,,0,0,0,,,,,0,,,0,0,,0,0.0,0,0,,,0,0,,0,0,,0,,0,0.0,0,,0,0,0,,,
Marcus Jones,55717,CB,NE,3,1,0,19,0,-7.0,0,100.0,,0,0,0.0,0,1.03,1,0,78.7,94.8,0,18,0.0,0,3,100.0,1,100.0,3,118.8,1,33.3,0,18,25,25.0,18.0,6.0,-7.0,0,100.0,,0,0,0.0,0,1.29,1,0,68.3,86.7,0,18,0.0,0,2,100.0,1,100.0,2,118.8,1,50.0,0,18,25,25.0,18.0,9.0
C.J. Stroud,129759,QB,HST,19,1,0,13,0,,0,,,0,0,,0,-0.16,0,0,,60.0,0,0,0.0,0,72,37.7,0,1.4,1,0.0,0,0.0,0,0,0,,,0.0,,0,,,0,0,,0,0.0,0,0,,48.3,0,0,,0,0,,0,,0,0.0,0,,0,0,0,,,
Charlie Jones,55038,WR,CIN,6,1,0,7,0,,0,,,0,0,,0,-0.07,0,0,,47.2,0,0,0.0,0,3,66.7,0,100.0,3,0.0,0,0.0,0,0,0,,,0.0,5.0,0,100.0,,0,0,0.0,0,0.3,0,0,68.3,52.1,0,5,0.0,0,11,54.5,1,100.0,11,87.5,1,9.1,0,5,0,0.0,5.0,0.45
Brenden Bates,53746,TE,CLV,5,1,0,8,0,,0,,,0,0,,0,0.57,0,0,,47.0,0,0,33.3,1,3,66.7,0,66.7,2,0.0,0,0.0,0,0,0,,,0.0,,0,,,0,0,,0,0.73,0,0,,51.2,0,0,0.0,0,2,100.0,0,100.0,2,0.0,0,0.0,0,0,0,,,0.0
Sam Hubbard,48457,ED,CIN,2,1,0,7,0,,0,,,0,0,,0,0.0,0,0,,,0,0,,0,0,,0,,0,0.0,0,,0,0,0,,,,,0,,,0,0,,0,0.0,0,0,,,0,0,,0,0,,0,,0,0.0,0,,0,0,0,,,
Steven Sims,48341,WR,BLT,6,1,0,3,0,-4.0,0,100.0,,0,0,0.0,0,-0.41,0,0,78.7,58.7,0,4,0.0,0,3,0.0,1,66.7,2,83.3,1,50.0,0,4,8,8.0,4.0,2.0,-4.0,0,100.0,,0,0,0.0,0,-0.98,0,0,64.7,53.9,0,4,0.0,0,6,20.0,1,83.3,5,83.3,1,20.0,0,4,8,8.0,4.0,0.8
Andrew Beck,47121,FB,HST,4,1,0,13,0,,0,,,0,0,,0,-0.11,0,0,,47.6,0,0,0.0,0,3,50.0,0,66.7,2,0.0,0,0.0,0,0,0,,,0.0,,0,,,0,0,,0,0.39,0,0,,51.1,0,0,0.0,0,3,66.7,0,100.0,3,0.0,0,0.0,0,0,0,,,0.0
Myles Gaskin,45914,HB,MIN,1,1,0,18,0,,0,,,0,0,,0,0.0,0,0,,,0,0,,0,0,,0,,0,0.0,0,,0,0,0,,,,-2.0,0,100.0,,0,0,0.0,0,0.97,0,0,64.7,82.7,0,11,0.0,0,1,100.0,1,100.0,1,112.5,1,100.0,0,11,13,13.0,11.0,11.0
Sam Franklin Jr.,43580,S,CAR,1,1,0,5,0,,0,,,0,0,,0,0.0,0,0,,,0,0,,0,0,,0,,0,0.0,0,,0,0,0,,,,,0,,,0,0,,0,0.0,0,0,,,0,0,,0,0,,0,,0,0.0,0,,0,0,0,,,
Divine Deablo,42208,LB,LV,1,1,0,23,0,,0,,,0,0,,0,0.0,0,0,,,0,0,,0,0,,0,,0,0.0,0,,0,0,0,,,,,0,,,0,0,,0,0.0,0,0,,,0,0,,0,0,,0,,0,0.0,0,,0,0,0,,,
Zach Davidson,143780,TE,BUF,3,1,0,4,0,,0,,,0,0,,0,1.97,0,0,,50.7,0,0,0.0,0,2,100.0,0,100.0,2,0.0,0,0.0,0,0,0,,,0.0,4.0,0,100.0,,0,0,0.0,0,0.25,0,0,68.3,52.0,0,5,0.0,0,11,45.5,1,100.0,11,87.5,1,9.1,0,5,1,1.0,5.0,0.45
Shane Zylstra,143786,TE,DET,11,1,0,11,0,,0,,,0,0,,0,1.26,0,0,,42.8,0,0,0.0,0,6,66.7,0,100.0,6,0.0,0,0.0,0,0,0,,,0.0,,0,,,0,0,,0,0.52,0,0,64.7,49.9,0,0,6.7,1,15,60.0,0,93.3,14,0.0,0,0.0,0,0,0,,,0.0
Irv Smith Jr.,42060,TE,HST,7,1,0,13,0,,0,,,0,0,,0,-0.1,0,0,78.7,46.4,0,0,0.0,0,6,40.0,0,83.3,5,0.0,0,0.0,0,0,0,,,0.0,,0,,,0,0,,0,0.38,0,0,,45.7,0,0,44.4,4,9,55.6,0,55.6,5,0.0,0,0.0,0,0,0,,,0.0
Mike Caliendo,41446,G,KC,9,1,0,16,0,,0,,,0,0,,0,0.04,0,0,,,0,0,100.0,29,29,50.0,0,0.0,0,0.0,0,,0,0,0,,,,,0,,,0,0,,0,0.0,0,0,,,0,0,,0,0,,0,,0,0.0,0,,0,0,0,,,
Brandon Johnson,40666,WR,PIT,3,1,0,25,0,,0,,,0,0,,0,-1.0,0,0,,54.0,0,0,0.0,0,1,0.0,0,100.0,1,0.0,0,0.0,0,0,0,,,0.0,,0,,,0,0,,0,2.86,0,0,64.7,62.2,0,0,0.0,0,1,100.0,0,100.0,1,0.0,0,0.0,0,0,0,,,0.0
C.J. Goodwin,9243,CB,DAL,2,1,0,9,0,,0,,,0,0,,0,0.0,0,0,,,0,0,,0,0,,0,,0,0.0,0,,0,0,0,,,,,0,,,0,0,,0,0.0,0,0,,,0,0,,0,0,,0,,0,0.0,0,,0,0,0,,,
Velus Jones Jr.,40573,HB,CAR,2,1,0,5,0,-5.0,0,100.0,,0,0,0.0,0,0.68,0,0,78.7,63.6,0,8,0.0,0,1,100.0,1,100.0,1,100.0,1,100.0,0,8,13,13.0,8.0,8.0,-5.0,0,100.0,,0,0,0.0,0,1.59,0,0,68.3,58.7,0,8,0.0,0,2,100.0,1,100.0,2,100.0,1,50.0,0,8,13,13.0,8.0,4.0
Stephen Sullivan,40411,TE,CAR,1,1,0,5,0,,0,,,0,0,,0,0.0,0,0,,,0,0,,0,0,,0,,0,0.0,0,,0,0,0,,,,,0,,,0,0,,0,0.0,0,0,,54.6,0,0,,0,0,,0,,0,0.0,0,,0,0,0,,,
Kendric Pryor,40408,WR,CIN,1,1,0,7,0,,0,,,0,0,,0,0.7,0,0,,52.5,0,0,0.0,0,1,100.0,0,100.0,1,0.0,0,0.0,0,0,0,,,0.0,,0,,,0,0,,0,-2.1,0,0,64.7,59.8,0,0,0.0,0,1,0.0,0,100.0,1,0.0,0,0.0,0,0,0,,,0.0
Trent Scott,24481,T,WAS,11,1,0,32,0,,0,,,0,0,,0,-0.37,0,0,,,0,0,100.0,17,17,43.8,0,0.0,0,0.0,0,,0,0,0,,,,,0,,,0,0,,0,0.0,0,0,,,0,0,,0,0,,0,,0,0.0,0,,0,0,0,,,
Ross Dwelley,20994,TE,ATL,4,1,0,2,0,,0,,,0,0,,0,-0.92,0,0,,47.3,0,0,33.3,1,3,0.0,0,66.7,2,0.0,0,0.0,0,0,0,,,0.0,1.0,0,100.0,,0,0,0.0,0,0.6,0,0,68.3,51.1,0,5,0.0,0,10,50.0,1,100.0,10,87.5,1,10.0,0,5,4,4.0,5.0,0.5
Dan Skipper,12307,T,DET,15,1,0,11,0,,0,,,0,0,,0,0.75,0,0,,,0,0,100.0,21,21,78.9,0,0.0,0,0.0,0,,0,0,0,,,,,0,,,0,0,,0,0.0,0,0,,56.6,0,0,,0,0,,0,,0,0.0,0,,0,0,0,,,
JC Latham,146596,T,TEN,17,1,0,31,0,,0,,,0,0,,0,-0.34,0,0,,50.7,0,0,98.6,70,71,37.7,0,1.4,1,0.0,0,0.0,0,0,0,,,0.0,,0,,,0,0,,0,2.2,0,0,72.8,64.3,0,0,0.0,0,1,100.0,0,100.0,1,0.0,0,0.0,0,0,0,,,0.0
Trent Taylor,11932,WR,SF,2,1,0,28,0,,0,,,0,0,,0,-0.52,0,0,,51.7,0,0,0.0,0,2,0.0,0,100.0,2,0.0,0,0.0,0,0,0,,,0.0,,0,,,0,0,,0,-1.19,0,0,68.3,53.8,0,0,0.0,0,5,0.0,0,100.0,5,0.0,0,0.0,0,0,0,,,0.0
Dalvin Cook,11796,HB,DAL,2,1,0,9,0,,0,,,0,0,,0,0.02,0,0,,52.8,0,0,0.0,0,1,100.0,0,100.0,1,0.0,0,0.0,0,0,0,,,0.0,,0,,,0,0,,0,-0.58,0,0,68.3,66.3,0,0,0.0,0,2,0.0,0,100.0,2,0.0,0,0.0,0,0,0,,,0.0
Patrick Mahomes,11765,QB,KC,19,1,0,16,0,,0,,,0,0,,0,0.0,0,0,,,0,0,0.0,0,102,46.5,0,0.0,0,0.0,0,,0,0,0,,,,,0,,,0,0,,0,0.0,0,0,,,0,0,,0,0,,0,,0,0.0,0,,0,0,0,,,
Taylor Decker,10650,T,DET,15,1,0,11,0,,0,,,0,0,,0,0.28,0,0,,,0,0,100.0,56,56,51.9,0,0.0,0,0.0,0,,0,0,0,,,,,0,,,0,0,,0,0.0,0,0,,,0,0,,0,0,,0,,0,0.0,0,,0,0,0,,,
Jared Goff,10635,QB,DET,18,1,0,11,0,,0,,,0,0,,0,0.4,0,0,,46.9,0,0,0.0,0,76,58.3,0,1.3,1,0.0,0,0.0,0,0,0,,,0.0,,0,,,0,0,,0,0.0,0,0,64.7,84.9,0,0,,0,0,,0,,0,0.0,0,,0,0,0,,,
Geoff Swaim,9679,TE,CLV,8,1,0,8,0,,0,,,0,0,,0,-0.45,0,0,,41.5,0,0,27.3,3,11,30.0,0,72.7,8,0.0,0,0.0,0,0,0,,,0.0,,0,,,0,0,,0,-0.95,0,0,,42.4,0,0,14.3,1,7,57.1,0,85.7,6,0.0,0,0.0,0,0,0,,,0.0
Cody Schrader,157177,HB,LA,1,1,0,26,0,,0,,,0,0,,0,0.0,0,0,,,0,0,,0,0,,0,,0,0.0,0,,0,0,0,,,,,0,,,0,0,,0,0.0,0,0,64.7,65.4,0,0,,0,0,,0,,0,0.0,0,,0,0,0,,,
Jared Wiley,98508,TE,KC,6,1,0,16,0,,0,,,0,0,,0,-0.12,0,0,,38.4,0,0,0.0,0,8,28.6,0,87.5,7,0.0,0,0.0,0,0,0,,,0.0,,0,,,0,0,,0,-0.26,0,0,70.5,51.0,0,0,0.0,0,10,40.0,0,100.0,10,0.0,0,0.0,0,0,0,,,0.0
Baylor Cupp,98500,TE,KC,1,1,0,16,0,,0,,,0,0,,0,0.0,0,0,,,0,0,,0,0,,0,,0,0.0,0,,0,0,0,,,,,0,,,0,0,,0,0.0,0,0,27.9,28.7,0,0,,0,0,,0,,0,0.0,0,,0,0,0,,,
Tyler Smith,98385,G,DAL,16,1,0,9,0,,0,,,0,0,,0,0.12,0,0,,,0,0,100.0,70,70,47.0,0,0.0,0,0.0,0,,0,0,0,,,,,0,,,0,0,,0,0.0,0,0,72.8,73.4,0,0,,0,0,,0,,0,0.0,0,,0,0,0,,,
Dareke Young,111900,WR,SEA,3,1,0,29,0,,0,,,0,0,,0,-0.66,0,0,,54.0,0,0,0.0,0,1,0.0,0,100.0,1,0.0,0,0.0,0,0,0,,,0.0,,0,,,0,0,,0,0.0,0,0,,56.3,0,0,,0,0,,0,,0,0.0,0,,0,0,0,,,
Wanya Morris,98247,T,KC,14,1,0,16,0,,0,,,0,0,,0,-0.1,0,0,,,0,0,100.0,58,58,41.1,0,0.0,0,0.0,0,,0,0,0,,,,,0,,,0,0,,0,0.0,0,0,,,0,0,,0,0,,0,,0,0.0,0,,0,0,0,,,
Marcedes Lewis,2973,TE,CHI,17,1,0,6,0,,0,,,0,0,,0,0.68,0,0,,30.6,0,0,27.3,3,11,60.0,0,72.7,8,0.0,0,0.0,0,0,0,,,0.0,,0,,,0,0,,0,-0.64,0,0,64.7,48.7,0,0,16.7,1,6,20.0,0,66.7,4,0.0,0,0.0,0,0,0,,,0.0
Bo Nix,97790,QB,DEN,18,1,0,10,0,,0,,,0,0,,0,0.06,0,1,,,0,0,0.0,0,106,45.5,0,0.0,0,0.0,0,,0,0,0,,,,,0,,,0,0,,0,0.0,0,0,64.7,90.3,0,0,,0,0,,0,,0,0.0,0,,0,0,0,,,
Anthony Gould,97078,WR,IND,3,1,0,14,0,,0,,,0,0,,0,0.0,0,0,,,0,0,,0,0,,0,,0,0.0,0,,0,0,0,,,,,0,,,0,0,,0,0.5,0,0,68.3,73.1,0,0,0.0,0,3,66.7,0,100.0,3,0.0,0,0.0,0,0,0,,,0.0
Tom Kennedy,94379,WR,DET,2,1,0,11,0,,0,,,0,0,,0,1.07,0,0,,54.0,0,0,0.0,0,1,100.0,0,100.0,1,0.0,0,0.0,0,0,0,,,0.0,,0,,,0,0,,0,-0.02,0,0,,53.4,0,0,0.0,0,2,50.0,0,100.0,2,0.0,0,0.0,0,0,0,,,0.0
Brycen Tremayne,84425,WR,WAS,2,1,0,32,0,-4.0,0,100.0,,0,0,0.0,0,-2.11,0,0,78.7,58.6,0,-2,0.0,0,2,0.0,1,50.0,1,79.2,1,100.0,0,-2,2,2.0,-2.0,-2.0,,0,,,0,0,,0,0.0,0,0,68.3,53.1,0,0,,0,0,,0,,0,0.0,0,,0,0,0,,,
John FitzPatrick,83974,TE,GB,8,1,0,12,0,,0,,,0,0,,0,0.0,0,0,,,0,0,,0,0,,0,,0,0.0,0,,0,0,0,,,,,0,,,0,0,,0,3.25,0,0,64.7,48.2,0,0,0.0,0,4,100.0,0,100.0,4,0.0,0,0.0,0,0,0,,,0.0
Jermar Jefferson,83740,HB,DET,2,1,0,11,0,,0,,,0,0,,0,0.0,0,0,,,0,0,,0,0,,0,,0,0.0,0,,0,0,0,,,,,0,,,0,0,,0,0.0,0,0,,57.0,0,0,,0,0,,0,,0,0.0,0,,0,0,0,,,
Chris Rodriguez Jr.,83689,HB,WAS,6,1,0,32,0,,0,,,0,0,,0,0.15,0,0,,53.5,0,0,50.0,1,2,100.0,0,50.0,1,0.0,0,0.0,0,0,0,,,0.0,,0,,,0,0,,0,2.87,0,0,68.3,61.3,0,0,0.0,0,2,100.0,0,100.0,2,0.0,0,0.0,0,0,0,,,0.0
Tyler Scott,123578,WR,CHI,4,1,0,6,0,-2.0,0,100.0,,0,0,0.0,0,-0.33,0,0,78.7,61.3,0,5,0.0,0,2,0.0,1,100.0,2,87.5,1,50.0,0,5,7,7.0,5.0,2.5,-2.0,0,100.0,,0,0,0.0,0,0.36,0,0,64.7,54.5,0,5,0.0,0,4,50.0,1,100.0,4,87.5,1,25.0,0,5,7,7.0,5.0,1.25
Ben VanSumeren,82523,LB,PHI,1,1,0,24,0,,0,,,0,0,,0,0.0,0,0,,,0,0,,0,0,,0,,0,0.0,0,,0,0,0,,,,,0,,,0,0,,0,0.0,0,0,64.7,65.4,0,0,,0,0,,0,,0,0.0,0,,0,0,0,,,
Keaton Mitchell,123826,HB,BLT,4,1,0,3,0,-6.0,0,100.0,,0,0,0.0,0,2.35,1,0,78.7,96.8,0,28,0.0,0,1,100.0,1,100.0,1,118.8,1,100.0,0,28,34,34.0,28.0,28.0,,0,,,0,0,,0,-0.85,0,0,64.7,55.7,0,0,0.0,0,3,33.3,0,100.0,3,0.0,0,0.0,0,0,0,,,0.0
Justyn Ross,78021,WR,KC,2,1,0,16,0,,0,,,0,0,,0,0.0,0,0,,,0,0,,0,0,,0,,0,0.0,0,,0,0,0,,,,,0,,,0,0,,0,1.14,0,0,,49.5,0,0,0.0,0,4,75.0,0,100.0,4,0.0,0,0.0,0,0,0,,,0.0
David Martin-Robinson,77892,TE,TEN,5,1,0,31,0,,0,,,0,0,,0,-0.14,0,0,,49.5,0,0,40.0,2,5,60.0,0,60.0,3,0.0,0,0.0,0,0,0,,,0.0,,0,,,0,0,,0,0.21,0,0,64.7,53.9,0,0,0.0,0,4,66.7,0,75.0,3,0.0,0,0.0,0,0,0,,,0.0
Juanyeh Thomas,76655,S,DAL,2,1,0,9,0,,0,,,0,0,,0,0.0,0,0,,,0,0,,0,0,,0,,0,0.0,0,,0,0,0,,,,,0,,,0,0,,0,0.0,0,0,,,0,0,,0,0,,0,,0,0.0,0,,0,0,0,,,
