player,player_id,position,team_name,player_game_count,base_snap_counts_coverage,declined_penalties,franchise_id,man_assists,man_avg_depth_of_target,man_catch_rate,man_coverage_percent,man_coverage_snaps_per_reception,man_coverage_snaps_per_target,man_dropped_ints,man_forced_incompletes,man_forced_incompletion_rate,man_grades_coverage_defense,man_interceptions,man_longest,man_missed_tackle_rate,man_missed_tackles,man_pass_break_ups,man_qb_rating_against,man_receptions,man_snap_counts_coverage,man_snap_counts_coverage_percent,man_snap_counts_pass_play,man_stops,man_tackles,man_targets,man_touchdowns,man_yards,man_yards_after_catch,man_yards_per_coverage_snap,man_yards_per_reception,penalties,zone_assists,zone_avg_depth_of_target,zone_catch_rate,zone_coverage_percent,zone_coverage_snaps_per_reception,zone_coverage_snaps_per_target,zone_dropped_ints,zone_forced_incompletes,zone_forced_incompletion_rate,zone_grades_coverage_defense,zone_interceptions,zone_longest,zone_missed_tackle_rate,zone_missed_tackles,zone_pass_break_ups,zone_qb_rating_against,zone_receptions,zone_snap_counts_coverage,zone_snap_counts_coverage_percent,zone_snap_counts_pass_play,zone_stops,zone_tackles,zone_targets,zone_touchdowns,zone_yards,zone_yards_after_catch,zone_yards_per_coverage_snap,zone_yards_per_reception
Terrell Suggs,1326,ED,KC,18,37,0,16,0,,,2.6,,,0,0,,64.1,0,,,0,0,0.0,0,5,13.5,196,4,0,0,0,0,0,0.0,,0,4,4.4,100.0,10.2,3.8,3.8,0,0,0.0,28.4,0,37,28.6,2,0,118.8,8,30,81.1,295,2,1,8,0,136,101,4.5,17.0
Mike Adams,1972,S,HST,6,96,0,13,0,8.5,50.0,100.0,44.0,22.0,0,0,0.0,64.5,0,8,0.0,0,0,100.0,1,48,50.0,48,0,3,2,1,8,4,0.2,8.0,0,1,-2.0,100.0,100.0,41.0,41.0,0,0,0.0,70.6,0,3,0.0,0,0,79.2,1,42,43.8,42,1,1,1,0,3,5,0.1,3.0
Thomas Davis Sr.,2231,LB,LAC,16,402,0,27,0,8.0,100.0,83.3,13.5,13.5,0,0,0.0,29.6,0,27,0.0,0,0,118.8,2,30,7.5,36,1,1,2,0,47,31,1.7,23.5,0,7,3.9,73.4,96.4,7.0,5.1,0,3,4.7,59.1,0,24,21.2,11,2,91.1,47,345,85.8,358,14,34,64,1,347,261,1.1,7.4
Lorenzo Alexander,2476,ED,BUF,17,92,0,4,0,10.5,50.0,18.7,17.0,8.5,1,1,50.0,71.6,0,8,50.0,1,1,100.0,1,20,21.7,107,3,1,2,1,8,1,0.5,8.0,0,4,2.7,93.3,35.1,4.4,4.1,0,1,6.7,61.5,0,15,0.0,0,1,94.7,14,67,72.8,191,5,10,15,0,101,66,1.6,7.2
Johnathan Joseph,2969,CB,HST,14,412,0,13,0,14.1,54.3,100.0,8.6,4.7,2,9,25.7,64.0,1,60,13.3,2,8,90.3,19,174,42.2,174,2,13,35,2,301,78,1.8,15.8,0,4,10.4,70.0,99.1,7.3,5.1,0,3,7.5,62.0,0,48,15.8,6,2,93.4,28,218,52.9,220,9,28,40,0,317,132,1.5,11.3
Domata Peko Sr.,3068,DI,BLT,8,2,0,3,0,,,3.1,,,0,0,,60.0,0,,,0,0,0.0,0,1,50.0,32,0,0,0,0,0,0,0.0,,0,0,,,3.2,,,0,0,,61.2,0,,100.0,1,0,0.0,0,1,50.0,31,0,0,0,0,0,0,0.0,
Antoine Bethea,3152,S,NYG,16,650,0,21,0,11.3,66.7,97.8,103.5,69.0,0,1,33.3,59.3,0,7,17.6,3,1,75.7,2,223,34.3,228,1,14,3,0,13,8,0.1,6.5,0,2,12.2,71.4,99.5,24.9,17.8,0,4,19.0,64.9,1,45,14.0,6,4,133.4,15,393,60.5,395,6,35,21,4,321,129,0.9,21.4
Tramon Williams,3558,CB,GB,18,539,0,12,0,9.7,47.1,97.8,20.9,9.8,2,5,29.4,68.1,0,61,0.0,0,4,73.2,8,179,33.2,183,1,6,17,0,130,75,0.8,16.3,0,5,8.3,72.7,98.1,9.5,6.9,0,3,6.8,73.2,1,43,7.4,2,1,105.0,32,314,58.3,320,8,20,44,2,387,164,1.3,12.1
Eric Weddle,3653,S,LA,16,614,0,26,4,5.3,100.0,98.4,25.4,25.4,0,0,0.0,58.3,0,16,5.6,1,0,149.1,7,190,30.9,193,0,13,7,2,72,44,0.4,10.3,0,6,8.3,73.7,99.5,25.0,18.4,1,3,15.8,69.2,0,18,4.8,2,2,106.0,14,373,60.7,375,8,34,19,1,114,94,0.3,8.1
Dominique Rodgers-Cromartie,4330,CB,WAS,2,33,0,32,1,7.2,80.0,100.0,2.8,2.2,0,0,0.0,31.1,0,16,0.0,0,0,106.7,4,11,33.3,11,0,1,5,0,48,16,4.4,12.0,0,0,7.0,100.0,100.0,9.0,9.0,0,0,0.0,53.2,0,10,33.3,1,0,104.2,2,18,54.5,18,0,2,2,0,18,4,1.0,9.0
Aqib Talib,4334,CB,LA,5,205,0,26,0,10.4,80.0,100.0,8.0,6.4,0,0,0.0,54.7,0,19,33.3,1,0,109.2,4,36,17.6,36,0,2,5,0,51,10,1.6,12.8,0,1,13.5,40.0,100.0,23.5,9.4,0,3,20.0,62.5,0,30,10.0,1,2,58.8,6,152,74.1,152,2,8,15,0,84,16,0.6,14.0
Calais Campbell,4364,DI,JAX,16,2,0,15,1,,,0.5,,,0,0,,60.7,0,,33.3,1,0,0.0,0,1,50.0,188,3,1,0,0,0,0,0.0,,0,0,,,0.3,,,0,0,,71.2,0,,33.3,1,0,0.0,0,1,50.0,304,4,2,0,0,0,0,0.0,
Brandon Carr,4454,CB,BLT,17,501,0,3,1,10.6,57.6,93.5,10.9,6.3,1,4,12.1,66.5,0,16,5.6,1,3,77.8,19,231,46.1,247,5,16,33,1,140,63,0.7,7.4,0,1,8.4,70.0,92.5,15.6,10.9,0,1,5.0,68.0,0,33,19.0,4,1,94.8,14,233,46.5,252,6,16,20,0,165,71,0.8,11.8
Orlando Scandrick,4457,CB,PHI,3,56,0,24,0,11.0,100.0,100.0,17.0,17.0,0,0,0.0,53.6,0,15,0.0,0,0,118.8,1,19,33.9,19,0,1,1,0,15,4,0.9,15.0,0,0,6.3,33.3,89.5,32.0,10.7,0,0,0.0,69.5,0,2,0.0,0,0,42.4,1,34,60.7,38,4,2,3,0,2,0,0.1,2.0
Matthew Slater,4467,WR,NE,3,3,0,19,0,,,100.0,,,0,0,,60.0,0,,,0,0,0.0,0,1,33.3,1,0,0,0,0,0,0,0.0,,0,0,,,,,,0,0,,,0,,,0,0,0.0,0,0,0.0,0,0,0,0,0,0,0,,
Wesley Woodyard,4583,LB,TEN,17,242,0,31,0,10.8,50.0,84.2,38.5,19.3,0,1,25.0,57.2,0,41,33.3,2,1,135.4,2,85,35.1,101,2,4,4,1,50,15,0.6,25.0,0,3,4.3,95.7,90.7,6.0,5.8,0,0,0.0,46.4,0,46,15.4,4,0,112.9,22,136,56.2,150,4,19,23,0,255,167,1.9,11.6
Cameron Wake,4907,ED,TEN,9,2,0,31,0,,,1.3,,,0,0,,60.0,0,,100.0,1,0,0.0,0,1,50.0,77,0,0,0,0,0,0,0.0,,0,0,,,1.0,,,0,0,,60.0,0,,,0,0,0.0,0,1,50.0,97,2,0,0,0,0,0,0.0,
Malcolm Jenkins,4937,S,PHI,17,633,0,24,1,6.2,57.1,83.0,27.3,15.6,0,4,28.6,70.8,0,21,6.7,1,2,75.9,8,234,37.0,282,8,13,14,0,88,63,0.4,11.0,0,3,8.6,62.9,92.6,15.7,9.9,0,4,11.4,61.0,0,53,9.4,3,3,96.6,22,362,57.2,391,9,26,35,1,274,106,0.8,12.5
Clay Matthews,4949,ED,LA,13,69,0,26,0,11.0,0.0,3.7,,3.0,0,0,0.0,43.8,0,,0.0,0,0,39.6,0,4,5.8,107,2,1,1,0,0,0,0.0,,0,1,6.3,100.0,26.2,8.0,8.0,0,0,0.0,31.8,0,19,37.5,3,0,111.3,7,61,88.4,233,5,4,7,0,75,31,1.3,10.7
Patrick Chung,4957,S,NE,14,384,0,19,2,9.4,72.7,84.9,12.4,9.0,0,1,4.5,64.7,0,33,6.7,1,1,95.8,16,214,55.7,252,4,12,22,0,175,78,0.9,10.9,0,3,6.2,76.5,98.5,9.4,7.2,0,2,11.8,49.9,0,19,11.1,2,2,99.1,13,134,34.9,136,3,13,17,0,136,75,1.1,10.5
Jason McCourty,5127,CB,NE,12,330,0,19,0,13.0,55.9,99.5,10.2,5.7,0,3,8.8,63.7,0,45,0.0,0,2,74.1,19,207,62.7,208,8,19,34,0,208,60,1.1,10.9,0,1,8.3,61.5,98.1,11.5,7.1,0,1,7.7,86.5,1,14,0.0,0,1,35.1,8,102,30.9,104,6,9,13,0,43,24,0.5,5.4
Clinton McDonald,5173,DI,ARZ,9,2,0,1,0,,,0.0,,,0,0,,,0,,,0,0,0.0,0,0,0.0,29,0,0,0,0,0,0,,,0,0,,,2.2,,,0,0,,59.7,0,,,0,0,0.0,0,1,50.0,46,0,0,0,0,0,0,0.0,
Steve McLendon,5232,DI,NYJ,16,1,0,22,0,,,0.0,,,0,0,,60.0,0,,0.0,0,0,0.0,0,0,0.0,85,0,1,0,0,0,0,,,0,0,,,0.8,,,0,1,,64.6,0,,0.0,0,0,0.0,0,1,100.0,124,3,2,0,0,0,0,0.0,
Michael Bennett,5273,ED,DAL,15,6,0,9,0,,,3.2,,,0,0,,60.3,0,,,0,0,0.0,0,5,83.3,154,1,0,0,0,0,0,0.0,,0,0,,,0.5,,,0,0,,69.9,0,,66.7,2,0,0.0,0,1,16.7,215,6,1,0,0,0,0,0.0,
Ndamukong Suh,5527,DI,TB,16,2,0,30,0,,,0.0,,,0,0,,66.7,0,,33.3,1,0,0.0,0,0,0.0,220,0,2,0,0,0,0,,,0,1,,,0.6,,,1,1,,67.5,0,,20.0,1,1,0.0,0,2,100.0,353,6,3,0,0,0,0,0.0,
Joe Haden,5532,CB,PIT,16,612,0,25,1,10.2,55.2,100.0,11.5,6.3,2,5,17.2,53.1,1,22,0.0,0,5,95.3,16,197,32.2,197,0,12,29,3,189,81,1.0,11.8,0,1,13.2,48.8,99.7,16.3,8.0,2,7,16.3,77.2,3,20,11.8,4,5,51.9,21,362,59.2,363,9,29,43,2,234,48,0.7,11.1
Brandon Graham,5538,ED,PHI,17,13,0,24,0,,,0.9,,,0,0,,70.9,0,,0.0,0,0,0.0,0,2,15.4,224,3,2,0,0,0,0,0.0,,0,1,,,3.8,,,0,0,,70.6,0,,14.3,1,0,0.0,0,11,84.6,288,11,5,0,0,0,0,0.0,
Earl Thomas III,5539,S,BLT,16,561,0,3,1,12.5,33.3,86.3,114.0,38.0,0,0,0.0,79.6,1,30,0.0,0,0,13.9,2,251,44.7,291,4,8,6,0,34,1,0.1,17.0,0,3,21.3,42.9,93.7,84.0,36.0,0,0,0.0,73.9,1,34,6.3,1,0,28.0,3,267,47.6,285,3,12,7,0,50,14,0.2,16.7
Jason Pierre-Paul,5540,ED,TB,10,11,0,30,0,,,2.3,,,0,0,,61.2,0,,0.0,0,0,0.0,0,3,27.3,130,2,1,0,0,0,0,0.0,,0,0,4.7,100.0,2.8,2.3,2.3,0,0,0.0,37.5,0,11,25.0,1,0,98.6,3,7,63.6,252,7,3,3,0,23,9,3.3,7.7
Kareem Jackson,5545,S,DEN,13,514,0,10,0,7.0,64.7,100.0,14.5,9.4,0,5,29.4,57.7,1,54,16.7,2,5,111.4,11,175,34.0,175,3,10,17,2,166,67,1.0,15.1,0,2,9.4,71.4,99.0,18.3,13.0,0,4,19.0,73.2,0,43,16.0,4,4,115.0,15,289,56.2,292,3,19,21,1,189,102,0.7,12.6
Devin McCourty,5552,S,NE,17,624,0,19,1,6.6,59.1,95.3,25.7,15.2,0,1,4.5,84.4,4,15,4.5,1,1,25.9,13,362,58.0,380,7,20,22,0,75,47,0.2,5.8,0,1,8.1,62.5,100.0,40.0,25.0,0,0,0.0,71.9,1,26,8.3,1,0,40.6,5,219,35.1,219,0,10,8,0,50,44,0.3,10.0
Jerry Hughes,5556,ED,BUF,17,15,0,4,0,,,1.9,,,0,0,,64.4,0,,50.0,1,0,0.0,0,3,20.0,157,4,1,0,0,0,0,0.0,,0,1,0.5,0.0,4.2,,6.0,0,0,0.0,68.9,0,,0.0,0,0,39.6,0,12,80.0,287,5,4,2,0,0,0,0.0,
Patrick Robinson,5557,S,NO,9,114,0,20,0,12.3,66.7,92.7,5.8,3.8,0,1,8.3,55.1,0,43,0.0,0,1,123.6,8,51,44.7,55,2,7,12,1,110,42,2.4,13.8,0,2,9.4,62.5,75.4,9.8,6.1,0,1,12.5,68.1,0,22,0.0,0,1,79.2,5,49,43.0,65,0,4,8,0,48,11,1.0,9.6
Linval Joseph,5571,DI,MIN,15,3,0,18,0,,,0.0,,,0,0,,,0,,,0,0,0.0,0,0,0.0,83,0,0,0,0,0,0,,,0,1,,,0.8,,,0,0,,83.4,0,,0.0,0,0,0.0,0,2,66.7,243,4,2,0,0,0,0,0.0,
Carlos Dunlap,5579,ED,CIN,14,39,0,7,0,7.0,100.0,5.0,7.0,7.0,0,0,0.0,60.9,0,11,0.0,0,0,112.5,1,7,17.9,141,3,1,1,0,11,4,1.6,11.0,0,3,1.7,100.0,10.7,7.0,7.0,0,0,0.0,63.1,0,22,10.0,1,0,116.7,3,27,69.2,252,8,6,3,0,36,31,1.7,12.0
Sean Lee,5580,LB,DAL,16,323,0,9,0,4.8,62.5,76.7,8.2,5.1,0,1,12.5,76.9,0,8,0.0,0,1,66.7,5,46,14.2,60,1,4,8,0,21,41,0.5,4.2,0,6,5.0,86.7,94.1,6.3,5.4,1,2,4.4,60.0,1,30,5.9,2,2,91.1,39,257,79.6,273,9,26,45,0,364,232,1.5,9.3
Morgan Burnett,5596,S,CLV,8,200,0,8,1,12.9,57.1,90.1,15.5,8.9,0,1,14.3,67.3,1,21,0.0,0,1,38.1,4,73,36.5,81,1,5,7,0,47,20,0.8,11.8,0,1,8.5,72.7,95.8,13.1,9.5,0,0,0.0,50.6,0,26,9.1,1,0,97.9,8,113,56.5,118,2,9,11,0,93,34,0.9,11.6
Corey Peters,5607,DI,ARZ,16,6,0,1,0,,,0.0,,,0,0,,,0,,100.0,1,0,0.0,0,0,0.0,177,2,0,0,0,0,0,,,0,2,,,1.4,,,0,0,,52.2,0,,25.0,1,0,0.0,0,4,66.7,280,2,1,0,0,0,0,0.0,
Everson Griffen,5624,ED,MIN,17,22,0,18,1,,,3.0,,,0,0,,63.2,0,,0.0,0,0,0.0,0,5,22.7,168,1,1,0,0,0,0,0.0,,0,0,5.0,100.0,4.3,17.0,17.0,0,0,0.0,64.9,0,6,33.3,2,0,91.7,1,17,77.3,392,8,4,1,0,6,1,0.4,6.0
Geno Atkins,5643,DI,CIN,16,3,0,7,0,,,0.6,,,0,0,,59.5,0,,,0,0,0.0,0,1,33.3,160,3,0,0,0,0,0,0.0,,0,2,,,0.4,,,0,0,,59.9,0,,20.0,1,0,0.0,0,1,33.3,283,4,2,0,0,0,0,0.0,
Sherrick McManis,5667,CB,CHI,8,22,0,6,0,0.0,100.0,66.7,2.0,2.0,0,0,0.0,45.9,0,4,0.0,0,0,83.3,1,2,9.1,3,0,1,1,0,4,4,2.0,4.0,0,0,-0.5,100.0,100.0,7.0,7.0,1,1,50.0,95.8,0,3,0.0,0,1,79.2,2,14,63.6,14,0,1,2,0,5,6,0.4,2.5
Reshad Jones,5686,S,MIA,4,75,0,17,1,4.2,66.7,85.1,9.3,6.2,0,1,16.7,66.3,0,16,0.0,0,1,85.4,4,40,53.3,47,1,5,6,0,40,19,1.1,10.0,0,1,1.0,100.0,97.0,32.0,32.0,0,0,0.0,68.3,0,18,20.0,1,0,158.3,1,32,42.7,33,1,3,1,1,18,17,0.6,18.0
Kurt Coleman,5767,LB,BUF,4,35,0,4,0,1.0,0.0,76.9,,9.0,0,0,0.0,64.1,0,,,0,0,39.6,0,10,28.6,13,0,0,1,0,0,0,0.0,,0,0,,,100.0,,,0,0,,58.2,0,,0.0,0,0,0.0,0,21,60.0,21,0,1,0,0,0,0,0.0,
Darian Stewart,5820,S,TB,6,103,0,30,0,,,90.9,,,1,0,,60.1,0,,0.0,0,0,0.0,0,20,19.4,22,0,2,0,0,0,0,0.0,,0,0,7.6,60.0,93.5,23.0,13.8,0,1,20.0,58.8,0,19,66.7,2,1,82.9,3,72,69.9,77,0,1,5,0,37,20,0.5,12.3
Tramaine Brock Sr.,5903,CB,TEN,17,618,0,31,0,8.6,58.1,97.4,8.4,4.9,0,5,11.6,70.7,0,52,8.0,2,3,83.7,25,224,36.2,230,9,23,43,1,262,106,1.2,10.5,0,2,10.8,71.9,96.6,14.2,10.2,1,4,12.5,76.0,0,47,15.4,4,4,120.8,23,343,55.5,355,4,20,32,2,292,125,0.9,12.7
Anthony Levine,6013,S,BLT,14,122,0,3,0,5.3,100.0,70.6,14.3,14.3,0,0,0.0,67.0,0,14,0.0,0,0,93.1,3,48,39.3,68,1,4,3,0,19,3,0.4,6.3,0,0,5.5,87.5,82.4,8.0,7.0,0,0,0.0,39.6,0,26,20.0,1,0,114.6,7,61,50.0,74,3,4,8,0,92,51,1.6,13.1
Albert McClellan,6022,LB,NYJ,1,11,0,22,0,5.0,100.0,60.0,3.0,3.0,0,0,0.0,34.3,0,23,,0,0,118.8,1,3,27.3,5,0,0,1,0,23,18,7.7,23.0,0,0,16.0,0.0,85.7,,6.0,0,0,0.0,47.6,0,,,0,0,39.6,0,6,54.5,7,0,0,1,0,0,0,0.0,
Andrew Sendejo,6118,S,MIN,15,310,0,18,2,6.3,100.0,92.0,19.0,19.0,0,0,0.0,53.5,0,14,16.7,1,0,143.8,4,80,25.8,87,1,3,4,1,36,11,0.5,9.0,0,3,10.5,64.7,97.6,17.6,11.4,1,2,11.8,82.2,3,48,4.8,1,2,72.1,11,203,65.5,208,4,17,17,1,147,74,0.8,13.4
Von Miller,6154,ED,DEN,15,46,0,10,0,,,3.0,,,0,0,,63.8,0,,,0,0,0.0,0,5,10.9,165,4,0,0,0,0,0,0.0,,0,0,3.7,100.0,13.5,12.7,12.7,0,0,0.0,54.9,0,19,50.0,2,0,116.7,3,40,87.0,296,5,2,3,0,36,25,0.9,12.0
Patrick Peterson,6157,CB,ARZ,10,446,0,1,0,10.5,69.6,100.0,8.8,6.1,0,2,8.7,46.4,0,37,7.7,1,2,121.8,16,150,33.6,150,1,12,23,1,261,110,1.9,16.3,0,3,10.2,64.5,99.2,12.6,8.1,1,2,6.5,74.8,2,27,10.7,3,1,60.7,20,261,58.5,263,7,22,31,0,236,99,0.9,11.8
J.J. Watt,6163,ED,HST,10,1,0,13,0,,,0.0,,,0,0,,63.3,0,,60.0,3,0,0.0,0,0,0.0,215,4,2,0,0,0,0,,,0,0,,,0.6,,,0,0,,60.6,0,,50.0,1,0,0.0,0,1,100.0,160,3,1,0,0,0,0,0.0,
Robert Quinn,6166,ED,DAL,14,2,0,9,0,-2.0,0.0,0.8,,0.5,0,0,0.0,55.1,0,,,0,0,39.6,0,1,50.0,131,3,0,2,0,0,0,0.0,,0,0,,,0.4,,,0,0,,61.5,0,,25.0,1,0,0.0,0,1,50.0,256,9,3,0,0,0,0,0.0,
Ryan Kerrigan,6168,ED,WAS,12,46,0,32,0,4.0,100.0,6.3,8.0,8.0,0,0,0.0,63.1,0,6,0.0,0,0,91.7,1,9,19.6,143,3,1,1,0,6,2,0.8,6.0,0,0,6.0,100.0,18.3,6.6,6.6,0,0,0.0,31.5,0,15,100.0,2,0,158.3,5,33,71.7,180,2,0,5,1,64,37,1.9,12.8
Corey Liuget,6170,DI,BUF,11,2,0,4,0,,,0.0,,,0,0,,,0,,,0,0,0.0,0,0,0.0,36,0,0,0,0,0,0,,,0,0,,,3.0,,,0,0,,58.7,0,,,0,0,0.0,0,2,100.0,67,1,0,0,0,0,0,0.0,
Prince Amukamara,6171,CB,CHI,15,566,0,6,0,10.2,65.0,100.0,12.8,8.3,1,3,15.0,72.3,0,75,0.0,0,2,131.7,13,179,31.6,179,2,12,20,2,202,80,1.2,15.5,0,0,14.3,64.5,99.7,16.4,10.5,0,2,6.5,62.0,0,47,3.7,1,2,95.4,20,354,62.5,355,6,26,31,0,294,94,0.9,14.7
Adrian Clayborn,6172,ED,ATL,15,9,0,2,0,,,2.2,,,0,0,,63.2,0,,0.0,0,0,0.0,0,3,33.3,138,4,3,0,0,0,0,0.0,,0,1,4.0,100.0,3.4,5.0,5.0,0,0,0.0,43.9,0,16,0.0,0,0,118.8,1,6,66.7,178,2,1,1,0,16,12,3.2,16.0
Cameron Jordan,6176,ED,NO,17,13,0,20,0,10.0,100.0,2.1,3.0,3.0,0,0,0.0,49.8,0,28,100.0,1,0,118.8,1,4,30.8,193,3,0,1,0,28,18,9.3,28.0,0,1,7.7,33.3,2.3,8.0,2.7,0,1,33.3,63.6,0,35,55.6,5,0,118.1,1,9,69.2,391,13,3,3,1,35,13,4.4,35.0
Jimmy Smith,6179,CB,BLT,10,287,0,3,0,12.9,34.4,100.0,12.7,4.4,1,7,21.9,62.2,0,18,9.1,1,3,44.9,11,152,53.0,152,3,10,32,0,109,39,0.8,9.9,0,0,11.8,75.0,99.1,12.6,9.4,0,0,0.0,65.1,1,22,0.0,0,0,61.8,9,115,40.1,116,4,11,12,0,92,24,0.8,10.2
Jabaal Sheard,6189,ED,IND,13,10,0,14,0,2.0,100.0,0.7,1.0,1.0,0,0,0.0,57.6,0,9,0.0,0,0,104.2,1,1,10.0,135,3,1,1,0,9,7,9.0,9.0,0,0,14.0,0.0,2.7,,6.0,0,1,100.0,69.4,0,,0.0,0,1,39.6,0,6,60.0,219,4,3,1,0,0,0,0.0,
Brooks Reed,6194,ED,ARZ,8,8,0,1,0,,,0.0,,,0,0,,,0,,,0,0,0.0,0,0,0.0,12,0,0,0,0,0,0,,,0,0,13.5,50.0,22.6,7.0,3.5,0,0,0.0,50.4,0,7,0.0,0,0,58.3,1,7,87.5,31,2,2,2,0,7,2,1.0,7.0
Marcus Gilchrist,6202,S,JAX,3,48,0,15,0,0.0,100.0,96.0,21.0,21.0,0,0,0.0,55.2,0,8,0.0,0,0,100.0,1,24,50.0,25,0,1,1,0,8,8,0.4,8.0,0,0,47.0,0.0,100.0,,21.0,0,0,0.0,63.3,0,,,0,0,39.6,0,22,45.8,22,0,0,1,0,0,0,0.0,
Justin Houston,6222,ED,IND,16,20,0,14,0,,,3.4,,,0,0,,66.0,0,,0.0,0,0,0.0,0,5,25.0,146,5,1,0,0,0,0,0.0,,0,0,13.0,100.0,3.8,10.0,10.0,0,0,0.0,66.7,0,13,50.0,2,0,118.8,1,11,55.0,286,8,2,1,0,13,0,1.3,13.0
Jurrell Casey,6229,DI,TEN,17,4,0,31,0,,,0.0,,,0,0,,,0,,,0,0,0.0,0,0,0.0,200,5,0,0,0,0,0,,,0,1,,,0.9,,,0,0,,54.5,0,,50.0,2,0,0.0,0,3,75.0,343,3,1,0,0,0,0,0.0,
Allen Bailey,6238,DI,ATL,15,3,0,2,0,,,0.0,,,0,0,,,0,,,0,0,0.0,0,0,0.0,101,1,0,0,0,0,0,,,0,0,,,2.1,,,0,1,,63.8,0,,100.0,2,0,0.0,0,3,100.0,144,0,0,0,0,0,0,0.0,
K.J. Wright,6251,LB,SEA,18,636,0,29,1,5.5,35.7,85.0,21.4,7.6,0,2,14.3,60.2,0,28,0.0,0,1,47.3,5,119,18.7,140,0,4,14,0,52,27,0.5,10.4,0,10,5.2,76.5,93.7,7.0,5.4,1,7,8.2,57.6,3,36,4.6,3,7,86.5,65,474,74.5,506,19,52,85,1,643,385,1.4,9.9
Buster Skrine,6289,CB,CHI,16,492,0,6,0,10.5,54.5,97.8,9.0,4.9,0,3,9.1,58.7,0,50,11.8,2,2,96.8,18,175,35.6,179,4,15,33,2,230,67,1.4,12.8,0,3,5.1,73.9,93.2,7.9,5.8,0,2,4.3,66.8,0,23,16.7,5,1,89.9,34,286,58.1,307,5,22,46,0,289,135,1.1,8.5
Richard Sherman,6306,CB,SF,18,681,0,28,0,9.4,72.2,100.0,10.3,7.4,0,2,11.1,62.8,1,65,10.0,1,2,75.2,13,150,22.0,150,1,9,18,0,156,56,1.2,12.0,0,7,12.6,46.2,100.0,26.2,12.1,0,7,17.9,91.3,3,38,2.7,1,4,29.5,18,491,72.1,491,8,29,39,0,197,58,0.4,10.9
Pernell McPhee,6317,ED,BLT,7,9,0,3,0,,,1.3,,,0,0,,60.0,0,,,0,0,0.0,0,1,11.1,79,0,0,0,0,0,0,0.0,,0,0,-1.5,100.0,8.8,3.5,3.5,0,0,0.0,45.2,0,6,0.0,0,0,79.2,2,8,88.9,91,3,3,2,0,5,8,0.7,2.5
Colin Jones,6342,S,CAR,4,6,0,5,0,,,100.0,,,0,0,,65.3,0,,,0,0,0.0,0,3,50.0,3,0,0,0,0,0,0,0.0,,0,0,,,100.0,,,0,0,,61.1,0,,,0,0,0.0,0,2,33.3,2,0,0,0,0,0,0,0.0,
Malcolm Smith,6394,LB,DAL,2,41,0,9,0,0.0,100.0,84.6,11.0,11.0,0,0,0.0,92.8,0,0,0.0,0,0,79.2,1,11,26.8,13,1,1,1,0,0,0,0.0,0.0,0,0,4.2,80.0,90.6,6.8,5.4,0,0,0.0,54.4,0,38,0.0,0,0,115.8,4,29,70.7,32,1,2,5,0,59,36,2.2,14.8
Chris Harris Jr.,6457,CB,DEN,16,638,0,10,0,13.0,60.7,99.5,11.4,6.9,0,2,7.1,45.0,1,57,15.4,2,2,103.0,17,209,32.8,210,1,11,28,2,278,100,1.4,16.4,0,1,12.2,79.4,100.0,12.7,10.1,0,4,11.8,75.3,0,39,3.3,1,3,121.4,27,364,57.1,364,7,28,34,1,367,101,1.1,13.6
Josh Bynes,6503,LB,BLT,13,176,0,3,0,-2.5,75.0,72.0,21.0,15.8,0,0,0.0,74.8,0,10,40.0,2,0,77.1,3,72,40.9,100,3,3,4,0,1,9,0.0,0.3,0,0,4.1,64.3,92.2,10.0,6.4,2,2,14.3,66.8,2,24,33.3,2,2,51.8,9,94,53.4,102,1,4,14,0,120,90,1.3,13.3
Mario Addison,6558,ED,CAR,15,23,0,5,0,10.0,0.0,6.9,,5.0,0,0,0.0,32.0,0,,,0,0,39.6,0,5,21.7,72,0,0,1,0,0,0,0.0,,0,0,,,4.8,,,0,0,,66.7,0,,33.3,1,0,0.0,0,17,73.9,352,8,2,0,0,0,0,0.0,
Craig Robertson,7003,LB,NO,6,114,0,20,1,3.7,100.0,61.1,10.3,10.3,0,0,0.0,59.2,0,17,20.0,1,0,113.9,3,33,28.9,54,0,3,3,0,34,23,1.1,11.3,0,1,4.9,86.7,80.5,5.0,4.3,0,0,0.0,71.6,1,20,9.1,1,0,71.7,13,66,57.9,82,5,9,15,0,118,51,1.8,9.1
Morris Claiborne,7012,CB,KC,8,120,0,16,0,8.5,50.0,100.0,40.0,20.0,0,0,0.0,53.2,0,19,0.0,0,0,83.3,1,46,38.3,46,0,1,2,0,19,5,0.5,19.0,0,1,17.3,50.0,100.0,26.0,13.0,0,1,25.0,75.6,0,9,0.0,0,1,57.3,2,59,49.2,59,1,4,4,0,13,9,0.3,6.5
Mark Barron,7013,LB,PIT,15,420,0,25,0,4.1,63.2,76.5,8.8,5.5,0,2,10.5,61.7,0,20,0.0,0,1,77.5,12,114,27.1,149,4,11,19,0,104,55,1.0,8.7,0,0,3.2,86.5,95.3,5.6,4.8,0,1,1.9,47.5,0,30,20.0,6,1,109.9,45,264,62.9,277,10,24,52,1,459,313,1.8,10.2
Luke Kuechly,7015,LB,CAR,16,635,0,5,0,3.3,66.7,88.5,22.5,15.0,0,2,33.3,85.0,1,11,40.0,2,0,30.6,4,100,15.7,113,1,3,6,0,16,26,0.2,4.0,0,7,6.4,78.3,97.6,9.7,7.6,1,8,13.3,75.3,1,48,2.0,1,8,94.0,47,486,76.5,498,14,41,60,0,494,265,1.1,10.5
Stephon Gilmore,7016,CB,NE,17,648,0,19,2,13.3,43.9,100.0,12.1,5.3,1,11,16.7,84.1,5,53,4.2,1,9,39.2,29,380,58.6,380,2,21,66,1,428,128,1.2,14.8,0,0,10.9,59.3,100.0,12.8,7.6,1,3,11.1,74.6,1,18,10.5,2,3,60.3,16,225,34.7,225,4,17,27,0,157,68,0.8,9.8
Fletcher Cox,7018,DI,PHI,17,9,0,24,0,,,0.0,,,0,0,,60.0,0,,75.0,3,0,0.0,0,0,0.0,233,2,1,0,0,0,0,,,0,0,5.0,0.0,3.0,,9.0,0,1,100.0,58.1,0,,0.0,0,1,39.6,0,9,100.0,305,2,2,1,0,0,0,0.0,
Bruce Irvin,7021,ED,CAR,13,34,0,5,0,,,13.7,,,0,0,,74.3,0,,0.0,0,0,0.0,0,10,29.4,73,5,2,0,0,0,0,0.0,,0,0,-0.5,100.0,8.0,10.0,10.0,0,0,0.0,64.3,0,30,40.0,2,0,118.8,2,23,67.6,286,6,3,2,0,33,34,1.7,16.5
Dre Kirkpatrick,7023,CB,CIN,6,171,0,7,1,5.3,73.3,100.0,4.5,3.3,0,1,6.7,69.6,0,39,15.4,2,1,98.8,11,50,29.2,50,6,10,15,0,128,89,2.6,11.6,0,1,18.0,50.0,99.1,17.5,8.8,0,1,8.3,60.4,0,43,0.0,0,1,108.3,6,109,63.7,110,2,5,12,1,106,38,1.0,17.7
Melvin Ingram III,7024,ED,LAC,13,41,0,27,0,,,12.9,,,0,0,,64.4,0,,0.0,0,0,0.0,0,4,9.8,31,2,2,0,0,0,0,0.0,,0,0,,,8.7,,,0,0,,81.3,1,,11.1,1,0,0.0,0,30,73.2,345,8,8,0,0,0,0,0.0,
Chandler Jones,7027,ED,ARZ,16,63,0,1,0,5.0,100.0,1.7,4.0,4.0,0,0,0.0,30.8,0,25,100.0,1,0,158.3,1,4,6.3,229,7,0,1,1,25,20,6.3,25.0,0,0,0.3,100.0,13.7,8.7,8.7,0,0,0.0,62.6,0,10,30.0,3,0,96.5,6,54,85.7,393,13,7,6,0,43,41,0.8,7.2
Dont'a Hightower,7030,LB,NE,16,203,0,19,2,0.9,64.3,25.9,7.1,4.6,1,4,28.6,75.6,0,19,14.3,2,3,109.8,9,72,35.5,278,8,10,14,1,102,96,1.6,11.3,0,5,2.6,85.7,65.9,8.9,7.6,0,0,0.0,68.8,0,25,14.3,3,0,91.7,12,114,56.2,173,6,13,14,0,84,60,0.8,7.0
Whitney Mercilus,7031,ED,HST,18,47,0,13,0,6.0,66.7,7.5,11.5,7.7,0,0,0.0,70.0,2,16,0.0,0,0,85.4,2,27,57.4,360,4,1,3,1,20,10,0.9,10.0,0,1,2.0,50.0,4.5,13.0,6.5,0,0,0.0,48.0,0,25,0.0,0,0,95.8,1,14,29.8,314,6,1,2,0,25,20,1.9,25.0
Derek Wolfe,7040,DI,DEN,12,1,0,10,0,,,1.0,,,0,0,,60.7,0,,0.0,0,0,0.0,0,1,100.0,97,2,1,0,0,0,0,0.0,,0,0,4.0,100.0,0.0,0.0,0.0,0,1,100.0,60.0,0,20,,0,0,118.8,1,0,0.0,170,5,0,1,0,20,16,,20.0
Janoris Jenkins,7043,CB,NO,16,617,0,20,0,11.2,63.3,98.6,10.2,6.4,1,4,13.3,52.5,1,44,7.1,1,4,116.2,19,209,33.9,212,2,13,30,4,257,54,1.3,13.5,0,4,13.1,54.0,98.9,13.1,7.1,1,7,14.0,72.4,3,55,12.1,4,5,52.3,27,371,60.1,375,5,25,50,0,362,109,1.0,13.4
Mychal Kendricks,7049,LB,SEA,14,284,0,29,0,5.0,50.0,36.8,17.0,8.5,0,2,100.0,55.1,0,6,,0,1,56.3,1,21,7.4,57,1,0,2,0,6,10,0.4,6.0,0,2,3.2,84.4,83.9,6.2,5.2,0,0,0.0,56.7,1,49,29.7,11,0,110.5,38,245,86.3,292,14,24,45,2,413,307,1.8,10.9
Bobby Wagner,7050,LB,SEA,18,666,0,29,3,-3.2,83.3,68.8,20.2,16.8,0,0,0.0,69.3,0,35,0.0,0,0,97.2,5,117,17.6,170,3,4,6,0,44,57,0.4,8.8,0,17,5.0,83.3,93.0,8.8,7.3,1,4,6.1,58.1,1,35,7.4,5,4,110.3,55,506,76.0,544,9,46,66,2,631,386,1.3,11.5
Tavon Wilson,7051,S,DET,16,478,0,11,1,3.3,70.8,92.8,15.0,10.6,1,2,8.3,67.0,0,25,9.5,2,2,83.0,17,271,56.7,292,9,18,24,0,126,88,0.5,7.4,0,2,6.8,93.3,97.7,11.6,10.9,0,1,6.7,66.6,0,51,8.7,2,1,107.8,14,170,35.6,174,3,19,15,0,148,71,0.9,10.6
Zach Brown,7055,LB,PHI,6,137,0,24,0,-6.0,100.0,62.2,22.0,22.0,0,0,0.0,69.4,0,13,0.0,0,0,118.8,1,23,16.8,37,0,1,1,0,13,19,0.6,13.0,0,5,3.6,91.7,98.1,9.1,8.3,0,1,8.3,48.9,0,22,8.3,1,1,107.3,11,105,76.6,107,1,6,12,0,117,76,1.2,10.6
Lavonte David,7060,LB,TB,16,682,0,30,1,4.9,56.3,72.8,20.9,11.8,0,0,0.0,78.1,1,39,18.2,2,0,40.1,9,201,29.5,276,6,8,16,0,66,26,0.4,7.3,0,9,3.4,80.0,95.1,7.9,6.3,1,3,4.6,89.7,0,75,6.3,3,3,107.6,52,431,63.2,453,24,36,65,1,559,367,1.4,10.8
Vinny Curry,7061,ED,PHI,17,5,0,24,0,,,0.0,,,0,0,,,0,,,0,0,0.0,0,0,0.0,108,0,0,0,0,0,0,,,0,3,5.5,100.0,3.2,2.5,2.5,0,0,0.0,62.3,0,7,0.0,0,0,93.8,2,5,100.0,157,6,5,2,0,13,2,2.6,6.5
Casey Hayward Jr.,7064,CB,LAC,16,544,0,27,0,15.4,37.5,100.0,16.3,6.1,0,4,50.0,81.3,0,38,50.0,1,2,114.6,3,53,9.7,53,1,1,8,1,80,33,1.6,26.7,0,1,16.2,60.0,100.0,19.8,11.9,1,3,8.6,79.5,2,34,12.5,3,2,97.9,21,440,80.9,440,5,20,35,4,265,31,0.6,12.6
Trumaine Johnson,7067,CB,NYJ,7,195,0,22,0,11.5,75.0,100.0,6.3,4.8,0,1,6.3,36.4,0,28,0.0,0,1,133.1,12,86,44.1,86,1,10,16,1,183,61,2.4,15.3,0,0,13.0,75.0,97.8,13.5,10.1,0,0,0.0,57.5,1,29,0.0,0,0,60.9,6,89,45.6,91,3,7,8,0,69,11,0.9,11.5
Olivier Vernon,7074,ED,CLV,10,17,0,8,1,,,7.0,,,0,0,,63.3,0,,0.0,0,0,0.0,0,6,35.3,86,0,0,0,0,0,0,0.0,,0,0,-1.0,100.0,5.8,8.0,8.0,0,0,0.0,73.3,0,-1,75.0,3,0,79.2,1,10,58.8,173,3,1,1,0,-1,0,-0.1,-1.0
Demario Davis,7079,LB,NO,17,529,0,20,0,5.4,47.1,54.5,12.8,6.0,0,6,35.3,89.7,0,12,14.3,1,5,53.8,8,116,21.9,213,6,6,17,0,46,39,0.5,5.8,0,3,3.4,81.5,83.2,7.7,6.3,1,4,7.4,81.9,1,23,6.3,3,4,80.6,44,367,69.4,441,18,42,54,0,281,188,0.8,6.4
Tyrone Crawford,7083,DI,DAL,4,1,0,9,0,,,0.0,,,0,0,,61.2,0,,0.0,0,0,0.0,0,0,0.0,20,2,1,0,0,0,0,,,0,0,,,2.4,,,0,0,,60.0,0,,,0,0,0.0,0,1,100.0,42,0,0,0,0,0,0,0.0,
Akiem Hicks,7090,DI,CHI,5,2,0,6,0,,,0.0,,,0,0,,,0,,,0,0,0.0,0,0,0.0,45,0,0,0,0,0,0,,,0,0,,,2.4,,,0,0,,55.5,0,,,0,0,0.0,0,2,100.0,84,1,0,0,0,0,0,0.0,
Nigel Bradham,7105,LB,PHI,13,471,0,24,0,1.3,66.7,76.8,66.5,44.3,1,1,33.3,83.6,0,7,0.0,0,1,70.1,2,146,31.0,190,1,7,3,0,9,2,0.1,4.5,0,8,8.3,80.0,94.3,10.1,8.1,0,3,8.6,61.4,1,25,23.3,7,2,87.1,28,297,63.1,315,5,15,35,0,272,98,1.0,9.7
Kyle Wilber,7113,LB,OAK,6,17,0,23,0,,,35.7,,,0,1,,78.0,0,,,0,1,0.0,0,5,29.4,14,0,0,0,0,0,0,0.0,,0,0,,,36.4,,,0,0,,76.9,0,,,0,0,0.0,0,4,23.5,11,0,0,0,0,0,0,0.0,
Coty Sensabaugh,7115,CB,WAS,5,92,0,32,0,5.5,75.0,96.7,9.0,6.8,0,0,0.0,49.8,0,10,0.0,0,0,125.0,3,29,31.5,30,1,4,4,1,20,8,0.7,6.7,0,1,13.7,66.7,91.9,13.5,9.0,0,0,0.0,57.9,0,31,0.0,0,0,109.7,4,57,62.0,62,1,3,6,0,88,23,1.6,22.0
Tahir Whitehead,7135,LB,OAK,16,517,0,23,0,8.7,71.4,86.7,14.6,10.4,0,0,0.0,53.7,0,42,0.0,0,0,149.7,10,163,31.5,188,2,7,14,3,163,120,1.1,16.3,0,3,8.2,82.1,97.2,9.1,7.5,0,0,0.0,37.8,0,47,5.1,2,0,122.1,32,314,60.7,323,7,34,39,1,439,174,1.5,13.7
Najee Goode,7137,LB,JAX,7,155,0,15,0,-3.0,100.0,86.7,16.5,16.5,0,0,0.0,56.7,0,15,100.0,1,0,116.7,2,39,25.2,45,1,0,2,0,24,30,0.7,12.0,0,2,2.2,70.0,97.3,7.4,5.2,0,2,10.0,58.1,0,21,14.3,2,2,89.6,14,108,69.7,111,2,10,20,0,140,113,1.4,10.0
Jack Crawford,7151,DI,ATL,16,9,0,2,0,,,0.0,,,0,0,,,0,,100.0,1,0,0.0,0,0,0.0,103,0,0,0,0,0,0,,,0,1,6.0,50.0,5.8,9.0,4.5,0,2,100.0,67.1,0,7,0.0,0,2,58.3,1,9,100.0,154,1,3,2,0,7,1,0.8,7.0
Danny Trevathan,7177,LB,CHI,9,307,0,6,0,0.7,85.7,73.6,14.2,12.1,0,0,0.0,64.6,0,33,33.3,1,0,118.8,6,89,29.0,121,1,2,7,0,94,84,1.1,15.7,0,2,3.2,90.3,95.2,6.6,6.0,0,0,0.0,47.4,0,21,0.0,0,0,99.9,28,198,64.5,208,9,20,31,0,247,173,1.3,8.8
Nate Stupar,7214,LB,NYG,2,17,0,21,0,,,80.0,,,0,0,,63.5,0,,,0,0,0.0,0,4,23.5,5,0,0,0,0,0,0,0.0,,0,0,4.4,100.0,100.0,2.4,2.4,0,0,0.0,27.2,0,23,33.3,1,0,116.7,5,12,70.6,12,1,2,5,0,60,38,5.0,12.0
Rodney McLeod,7271,S,PHI,17,677,0,24,2,8.1,55.6,91.8,48.4,26.9,0,0,0.0,70.0,1,19,0.0,0,0,28.7,5,259,38.3,282,4,13,9,0,43,15,0.2,8.6,0,3,13.0,58.8,97.4,36.5,21.5,0,2,11.8,64.1,1,31,17.9,5,2,72.9,10,380,56.1,390,5,20,17,1,109,32,0.3,10.9
Michael Thomas,7279,S,NYG,16,192,0,21,1,6.1,90.0,84.1,7.2,6.5,0,1,10.0,68.0,0,20,0.0,0,1,128.8,9,69,35.9,82,2,9,10,1,69,24,1.1,7.7,0,3,5.8,70.0,94.0,15.3,10.7,1,2,20.0,67.9,0,28,12.5,2,2,95.8,7,109,56.8,116,4,11,10,0,85,50,0.8,12.1
Vontaze Burfict,7280,LB,OAK,4,94,0,23,0,3.0,75.0,77.3,10.3,7.8,0,0,0.0,45.4,0,12,40.0,2,0,89.6,3,34,36.2,44,1,3,4,0,24,31,0.8,8.0,0,0,4.9,66.7,90.2,8.2,5.4,0,1,11.1,74.1,0,24,14.3,1,1,75.2,6,55,58.5,61,4,6,9,0,38,24,0.8,6.3
Tashaun Gipson Sr.,7288,S,HST,14,543,0,13,0,9.2,80.0,96.2,29.5,23.6,0,1,10.0,57.9,1,31,15.4,2,1,79.2,8,256,47.1,266,1,11,10,0,126,39,0.5,15.8,0,0,8.7,68.8,97.0,22.1,15.2,1,3,18.8,70.1,2,44,7.1,1,3,57.0,11,260,47.9,268,3,13,16,0,143,79,0.6,13.0
L.J. Fort,7292,LB,BLT,12,118,0,3,1,-1.6,80.0,50.0,7.0,5.6,0,1,20.0,91.5,0,16,0.0,0,1,80.8,4,31,26.3,62,5,5,5,0,17,32,0.6,4.3,0,0,5.8,76.9,85.2,7.4,5.7,1,1,7.7,42.7,0,23,20.0,1,1,104.3,10,75,63.6,88,2,4,13,0,119,84,1.6,11.9
Julian Stanford,7372,LB,BUF,1,28,0,4,0,,,63.6,,,0,0,,65.0,0,,,0,0,0.0,0,7,25.0,11,0,0,0,0,0,0,0.0,,0,1,4.0,100.0,90.0,17.0,17.0,0,0,0.0,76.6,0,5,0.0,0,0,87.5,1,18,64.3,20,1,1,1,0,5,1,0.3,5.0
Johnson Bademosi,7374,CB,NO,3,21,0,20,0,3.5,100.0,100.0,7.5,7.5,0,0,0.0,66.9,0,15,0.0,0,0,104.2,2,15,71.4,15,1,2,2,0,18,11,1.2,9.0,0,0,,,100.0,,,0,0,,64.6,0,,,0,0,0.0,0,5,23.8,5,0,0,0,0,0,0,0.0,
Harrison Smith,7641,S,MIN,17,643,0,18,5,5.7,81.8,93.3,17.1,14.0,0,1,9.1,82.1,1,10,0.0,0,1,49.6,9,168,26.1,180,4,18,11,0,55,28,0.4,6.1,0,4,12.9,70.0,94.6,28.5,20.0,1,7,35.0,87.0,2,24,5.1,2,5,53.8,14,420,65.3,444,5,33,20,0,158,54,0.4,11.3
Josh Norman,7649,CB,WAS,11,339,0,32,1,14.4,65.2,100.0,7.8,5.1,0,1,4.3,29.8,1,39,11.1,1,1,113.6,15,135,39.8,135,0,7,23,5,197,35,1.7,13.1,0,1,15.4,76.2,100.0,10.8,8.2,0,2,9.5,56.3,0,51,4.8,1,2,155.6,16,175,51.6,175,4,19,21,3,254,63,1.5,15.9
Justin Bethel,7654,CB,NE,5,19,0,19,0,29.0,100.0,100.0,6.0,6.0,0,0,0.0,44.2,0,29,0.0,0,0,118.8,1,7,36.8,7,0,1,1,0,29,0,4.8,29.0,0,0,10.0,0.0,100.0,,6.0,0,0,0.0,60.2,0,,100.0,1,0,39.6,0,7,36.8,7,0,0,1,0,0,0,0.0,
Neiko Thorpe,7716,CB,SEA,4,16,0,29,0,4.0,100.0,100.0,1.0,1.0,0,0,0.0,74.0,0,6,0.0,0,0,91.7,1,1,6.3,1,1,1,1,0,6,2,6.0,6.0,0,0,11.0,100.0,100.0,4.5,4.5,0,0,0.0,31.6,0,13,0.0,0,0,118.8,2,10,62.5,10,0,1,2,0,25,3,2.8,12.5
Dion Jordan,7785,ED,OAK,7,2,0,23,0,,,0.0,,,0,0,,,0,,,0,0,0.0,0,0,0.0,56,2,0,0,0,0,0,,,0,0,,,2.9,,,0,1,,66.3,0,,100.0,1,0,0.0,0,2,100.0,69,0,0,0,0,0,0,0.0,
Barkevious Mingo,7787,ED,HST,9,13,0,13,0,3.0,0.0,28.6,,4.0,0,0,0.0,62.4,0,,,0,0,39.6,0,4,30.8,14,0,0,1,0,0,0,0.0,,0,0,,,26.9,,,0,0,,61.9,0,,,0,0,0.0,0,7,53.8,26,0,0,0,0,0,0,0.0,
D.J. Hayden,7793,CB,JAX,15,400,0,15,0,12.0,37.5,91.7,23.3,8.8,0,5,31.3,65.5,0,31,0.0,0,3,56.3,6,155,38.8,169,2,5,16,0,88,12,0.6,14.7,0,4,3.3,73.9,90.8,12.5,9.3,0,1,4.3,77.5,0,16,10.0,2,1,86.1,17,226,56.5,249,6,14,23,0,124,95,0.6,7.3
Sheldon Richardson,7794,DI,CLV,16,12,0,8,0,,,0.7,,,0,0,,60.7,0,,0.0,0,0,0.0,0,1,8.3,136,1,2,0,0,0,0,0.0,,0,1,,,2.5,,,0,0,,57.3,0,,0.0,0,0,0.0,0,7,58.3,283,3,5,0,0,0,0,0.0,
Kenny Vaccaro,7796,S,TEN,19,770,0,31,3,8.1,58.8,91.5,25.8,15.2,0,1,5.9,66.7,0,23,7.7,1,1,90.6,10,279,36.2,305,3,9,17,1,81,52,0.3,8.1,0,9,11.4,65.9,90.9,15.7,10.4,0,3,7.3,47.9,2,43,6.7,3,2,70.7,27,442,57.4,486,8,33,41,0,335,103,0.8,12.4
Eric Reid,7799,S,CAR,16,621,0,5,0,9.8,53.8,83.0,11.9,6.4,0,2,15.4,53.7,0,37,11.1,1,2,125.3,7,93,15.0,112,2,8,13,2,121,47,1.5,17.3,0,4,9.0,86.8,94.9,13.6,11.8,0,2,5.3,36.1,0,30,11.1,5,2,130.9,33,480,77.3,506,10,36,38,2,426,189,0.9,12.9
Desmond Trufant,7803,CB,ATL,9,302,0,2,0,11.6,73.3,100.0,10.8,7.9,0,1,6.7,60.5,2,44,14.3,1,1,114.0,11,129,42.7,129,1,6,15,2,183,69,1.5,16.6,0,1,15.8,62.5,100.0,15.2,9.5,0,1,6.3,74.5,2,55,22.2,2,1,102.1,10,157,52.0,157,1,6,16,2,184,64,1.2,18.4
Xavier Rhodes,7806,CB,MIN,17,558,0,18,2,10.1,96.3,100.0,5.6,5.4,0,0,0.0,29.7,0,35,5.3,1,0,148.2,26,156,28.0,156,1,16,27,4,272,47,1.9,10.5,0,2,10.9,78.7,100.0,9.0,7.1,0,5,10.6,51.7,0,60,8.5,4,4,120.5,37,353,63.3,353,8,41,47,1,527,167,1.6,14.2
Alec Ogletree,7811,LB,NYG,13,418,0,21,1,3.5,87.5,59.4,13.6,11.9,0,0,0.0,60.6,0,16,27.3,3,0,89.1,7,101,24.2,170,3,7,8,0,43,42,0.5,6.1,0,7,4.9,85.4,96.1,8.1,6.9,1,3,7.3,54.2,1,42,7.7,3,3,122.8,35,296,70.8,308,8,29,41,4,332,181,1.2,9.5
Johnathan Cyprien,7814,S,ATL,5,26,0,2,0,,,100.0,,,0,0,,37.4,0,,,0,0,0.0,0,4,15.4,4,0,0,0,0,0,0,0.0,,0,0,14.0,0.0,95.0,,17.0,0,0,0.0,42.9,0,,0.0,0,0,39.6,0,19,73.1,20,0,2,1,0,0,0,0.0,
Darius Slay,7817,CB,DET,14,523,0,11,1,15.8,54.1,100.0,8.4,4.5,1,11,18.0,50.0,2,44,4.2,1,8,83.3,33,297,56.8,297,2,22,61,3,489,65,1.8,14.8,0,1,10.0,76.2,100.0,11.9,9.0,0,0,0.0,65.7,0,40,12.5,2,0,105.3,16,199,38.0,199,4,13,21,0,200,65,1.1,12.5
Manti Te'o,7819,LB,NO,2,14,0,20,0,,,63.6,,,0,0,,64.6,0,,,0,0,0.0,0,7,50.0,11,0,0,0,0,0,0,0.0,,0,0,,,100.0,,,0,0,,64.3,0,,,0,0,0.0,0,7,50.0,7,0,0,0,0,0,0,0.0,
Tank Carradine,7821,DI,MIA,1,1,0,17,0,,,0.0,,,0,0,,,0,,,0,0,0.0,0,0,0.0,9,0,0,0,0,0,0,,,0,0,,,50.0,,,0,0,,60.1,0,,,0,0,0.0,0,1,100.0,2,1,0,0,0,0,0,0.0,
Kevin Minter,7826,LB,TB,7,146,0,30,0,0.3,66.7,46.1,19.0,12.7,0,0,0.0,55.0,0,15,50.0,1,0,86.8,2,41,28.1,89,1,1,3,0,21,21,0.6,10.5,0,1,6.9,87.5,92.3,6.6,5.8,0,1,6.3,59.8,0,41,15.4,2,1,109.9,14,96,65.8,104,4,10,16,0,166,65,1.8,11.9
Kiko Alonso,7827,LB,NO,13,156,0,20,1,-0.5,100.0,48.4,14.0,14.0,0,0,0.0,55.5,0,11,0.0,0,0,97.9,2,31,19.9,64,0,1,2,0,15,16,0.5,7.5,0,1,9.8,62.5,88.5,10.4,6.5,1,1,6.3,70.6,0,14,17.6,3,1,71.1,10,108,69.2,122,6,13,16,0,65,15,0.6,6.5
Jon Bostic,7831,LB,WAS,16,535,0,32,1,4.4,75.0,78.3,16.7,12.5,0,2,16.7,80.7,0,20,7.7,1,1,86.8,9,166,31.0,212,8,11,12,0,64,44,0.4,7.1,0,7,5.3,80.9,96.7,8.3,6.7,0,2,4.3,51.5,1,40,8.3,3,0,101.8,38,325,60.7,336,10,26,47,1,416,223,1.3,10.9
Jamie Collins Sr.,7833,LB,NE,17,354,0,19,1,-1.9,72.7,54.4,20.3,14.7,0,0,0.0,78.2,2,23,20.0,3,0,40.9,8,174,49.2,320,11,11,11,0,47,67,0.3,5.9,0,0,4.3,83.3,78.8,9.1,7.6,1,1,5.6,59.5,1,25,35.7,5,1,76.2,15,152,42.9,193,5,9,18,0,141,78,1.0,9.4
Margus Hunt,7834,DI,IND,16,8,0,14,0,,,0.0,,,0,0,,,0,,,0,0,0.0,0,0,0.0,59,0,0,0,0,0,0,,,0,0,3.5,100.0,4.3,3.5,3.5,0,0,0.0,56.1,0,11,0.0,0,0,108.3,2,7,87.5,161,2,2,2,0,20,13,2.9,10.0
Jamar Taylor,7835,CB,ATL,11,178,0,2,0,14.4,40.0,94.7,10.7,4.3,0,3,20.0,47.8,0,17,20.0,1,2,78.5,6,71,39.9,75,0,4,15,1,75,17,1.2,12.5,0,0,6.7,80.8,85.2,4.1,3.3,0,2,7.7,46.4,0,26,12.5,2,1,105.3,21,92,51.7,108,3,14,26,0,241,128,2.8,11.5
D.J. Swearinger Sr.,7838,S,NO,9,261,0,20,1,11.4,37.5,88.6,29.7,11.1,0,1,12.5,63.5,0,20,14.3,1,1,54.2,3,93,35.6,105,0,5,8,0,40,15,0.4,13.3,0,2,10.9,78.6,95.4,12.8,10.1,0,1,7.1,36.6,0,69,17.6,3,1,142.6,11,146,55.9,153,1,12,14,1,241,128,1.7,21.9
Tyrann Mathieu,7850,S,KC,19,761,0,16,2,7.3,62.1,91.8,12.5,7.8,0,4,13.8,76.2,1,14,4.2,1,3,55.4,18,246,32.3,268,5,21,29,0,111,68,0.5,6.2,0,2,7.2,68.3,93.1,9.2,6.3,3,6,9.5,74.6,3,26,10.4,5,6,69.6,43,418,54.9,449,13,41,63,1,381,226,1.0,8.9
Blidi Wreh-Wilson,7851,CB,ATL,11,237,0,2,0,17.9,50.0,100.0,15.4,7.7,1,1,10.0,48.7,0,24,0.0,0,1,78.3,5,88,37.1,88,0,4,10,0,83,15,1.1,16.6,0,1,9.2,57.1,100.0,10.2,5.8,0,4,19.0,67.1,0,42,18.8,3,3,99.5,12,130,54.9,130,2,12,21,1,171,73,1.4,14.3
John Jenkins,7863,DI,MIA,16,2,0,17,0,,,0.0,,,0,0,,,0,,,0,0,0.0,0,0,0.0,97,0,0,0,0,0,0,,,0,0,,,2.2,,,0,0,,58.7,0,,,0,0,0.0,0,2,100.0,93,0,0,0,0,0,0,0.0,
Logan Ryan,7864,CB,TEN,19,813,0,31,3,13.0,61.5,97.4,8.7,5.4,0,8,15.4,42.7,1,63,3.3,1,6,122.5,32,303,37.3,311,4,26,52,6,483,153,1.7,15.1,0,13,7.1,73.8,90.9,7.5,5.5,2,6,7.5,74.9,4,41,12.9,9,6,74.6,59,458,56.3,504,19,48,80,0,613,319,1.4,10.4
Shawn Williams,7865,S,CIN,16,509,0,7,1,4.8,72.2,88.1,12.2,8.8,0,2,11.1,65.3,0,32,5.0,1,0,89.1,13,163,32.0,185,6,18,18,0,116,65,0.7,8.9,0,2,12.0,73.1,92.6,15.8,11.6,1,2,7.7,42.7,0,49,24.4,10,2,112.0,19,313,61.5,338,7,29,26,0,306,104,1.0,16.1
Kayvon Webster,7871,CB,WAS,2,61,0,32,0,10.3,83.3,100.0,3.4,2.8,0,1,16.7,29.2,0,45,0.0,0,1,158.3,5,17,27.9,17,0,3,6,1,102,53,6.0,20.4,0,0,3.0,66.7,100.0,18.5,12.3,0,1,33.3,86.4,0,51,0.0,0,1,109.7,2,40,65.6,40,1,2,3,0,48,53,1.3,24.0
Duron Harmon,7872,S,NE,17,458,0,19,0,3.8,80.0,91.6,65.0,52.0,0,0,0.0,70.6,1,10,18.2,2,0,47.9,4,283,61.8,309,1,9,5,0,25,9,0.1,6.3,0,0,17.3,33.3,100.0,137.0,45.7,0,1,33.3,67.5,2,29,0.0,0,1,30.6,1,145,31.7,145,0,5,3,0,29,0,0.2,29.0
Brandon Williams,7875,DI,BLT,15,4,0,3,0,,,0.0,,,0,0,,,0,,,0,0,0.0,0,0,0.0,167,0,0,0,0,0,0,,,0,1,,,2.9,,,0,0,,61.2,0,,0.0,0,0,0.0,0,4,100.0,137,2,1,0,0,0,0,0.0,
Akeem Spence,7882,DI,JAX,15,4,0,15,0,,,0.0,,,0,0,,,0,,,0,0,0.0,0,0,0.0,45,0,0,0,0,0,0,,,0,0,14.0,100.0,2.3,3.0,3.0,0,0,0.0,56.6,0,26,0.0,0,0,118.8,1,3,75.0,129,1,1,1,0,26,12,8.7,26.0
Alex Okafor,7885,ED,KC,10,28,0,16,0,,,8.2,,,0,0,,65.7,0,,0.0,0,0,0.0,0,8,28.6,98,1,1,0,0,0,0,0.0,,0,1,4.5,75.0,13.5,6.0,4.5,1,0,0.0,64.9,0,7,33.3,1,0,83.3,3,19,67.9,141,3,1,4,0,18,1,1.0,6.0
B.W. Webb,7896,CB,CIN,15,498,0,7,1,13.2,57.1,100.0,10.6,6.1,2,3,10.7,43.2,0,65,7.1,1,1,103.0,16,176,35.3,176,0,12,28,1,278,132,1.6,17.4,0,1,15.1,61.8,98.3,13.2,8.2,0,2,5.9,65.7,1,79,5.0,1,1,112.0,21,292,58.6,297,4,18,34,2,417,150,1.5,19.9
John Simon,7911,ED,NE,17,34,0,19,1,,,10.9,,,1,1,,92.0,1,,0.0,0,1,0.0,0,15,44.1,137,5,3,0,0,0,0,0.0,,0,1,9.0,0.0,12.3,,15.0,0,0,0.0,75.9,0,,18.2,2,0,39.6,0,15,44.1,122,2,8,1,0,0,0,0.0,
A.J. Klein,7930,LB,NO,16,426,0,20,1,3.2,55.6,58.3,17.0,9.4,0,0,0.0,53.4,0,21,16.7,1,0,112.7,5,95,22.3,163,3,4,9,1,59,41,0.7,11.8,0,3,5.7,90.0,94.6,7.7,7.0,0,0,0.0,51.4,1,35,20.8,5,0,104.1,36,300,70.4,317,7,16,40,1,379,178,1.4,10.5
Micah Hyde,7941,S,BUF,17,643,0,4,3,7.3,50.0,98.2,51.3,25.6,0,0,0.0,77.3,1,34,8.3,1,0,38.0,4,222,34.5,226,0,8,8,0,65,41,0.3,16.3,0,4,7.1,72.7,97.2,23.1,16.8,0,1,4.5,71.1,0,34,7.1,2,1,95.3,16,384,59.7,395,4,22,22,0,172,70,0.5,10.8
Vince Williams,7988,LB,PIT,14,138,0,25,1,1.0,66.7,57.4,16.0,10.7,0,1,33.3,79.5,0,4,0.0,0,1,70.1,2,35,25.4,61,2,2,3,0,3,4,0.1,1.5,0,5,5.3,100.0,77.5,8.8,8.8,0,0,0.0,64.6,0,21,15.4,2,0,99.6,10,93,67.4,120,5,6,10,0,79,26,0.9,7.9
Jordan Poyer,8000,S,BUF,17,623,0,4,1,7.8,100.0,86.3,22.8,22.8,0,0,0.0,60.8,0,61,0.0,0,0,158.3,8,196,31.5,227,2,11,8,2,120,63,0.7,15.0,0,4,15.4,61.5,98.5,47.1,29.0,0,0,0.0,75.0,2,23,12.5,4,0,49.0,8,390,62.6,396,9,24,13,0,110,17,0.3,13.8
Nick Williams,8006,DI,CHI,16,3,0,6,0,,,0.0,,,0,0,,,0,,,0,0,0.0,0,0,0.0,100,2,0,0,0,0,0,,,0,1,,,1.8,,,0,0,,64.2,0,,0.0,0,0,0.0,0,3,100.0,171,4,2,0,0,0,0,0.0,
Kemal Ishmael,8026,S,ATL,10,131,0,2,1,11.4,71.4,91.7,10.4,7.4,0,0,0.0,44.3,0,22,16.7,1,0,133.3,5,55,42.0,60,0,4,7,1,54,12,1.0,10.8,0,2,5.8,90.0,100.0,6.8,6.1,0,0,0.0,46.2,0,30,8.3,1,0,105.4,9,63,48.1,63,3,9,10,0,93,38,1.5,10.3
Damion Square,8042,DI,LAC,16,2,0,27,0,,,0.0,,,0,0,,,0,,,0,0,0.0,0,0,0.0,18,0,0,0,0,0,0,,,0,2,-6.0,0.0,1.2,,2.0,0,1,100.0,86.0,0,,0.0,0,1,39.6,0,2,100.0,163,0,1,1,0,0,0,0.0,
Daren Bates,8077,LB,TEN,3,6,0,31,0,,,100.0,,,0,0,,64.3,0,,,0,0,0.0,0,5,83.3,5,0,0,0,0,0,0,0.0,,0,0,1.0,100.0,50.0,1.0,1.0,0,0,0.0,60.0,0,15,,0,0,118.8,1,1,16.7,2,0,0,1,0,15,14,15.0,15.0
Ezekiel Ansah,8094,ED,SEA,12,22,0,29,0,,,0.0,,,0,0,,53.1,0,,0.0,0,0,0.0,0,0,0.0,72,0,1,0,0,0,0,,,0,2,6.7,0.0,11.6,,7.3,1,1,33.3,84.2,0,,25.0,2,1,39.6,0,22,100.0,190,3,4,3,0,0,0,0.0,
Rontez Miles,8102,S,NYJ,5,15,0,22,0,,,90.0,,,0,0,,64.3,0,,0.0,0,0,0.0,0,9,60.0,10,0,2,0,0,0,0,0.0,,0,0,,,100.0,,,0,0,,71.6,0,,,0,0,0.0,0,6,40.0,6,0,0,0,0,0,0,0.0,
A.J. Bouye,8110,CB,JAX,14,562,0,15,1,9.9,59.5,100.0,8.1,4.8,0,6,16.2,51.3,0,27,10.5,2,4,99.3,22,196,34.9,196,2,16,37,2,263,101,1.5,12.0,0,1,14.1,69.0,100.0,11.1,7.6,0,4,9.5,60.5,1,65,8.8,3,3,107.9,29,339,60.3,339,2,30,42,1,507,197,1.6,17.5
Jahleel Addae,8117,LB,HST,17,351,0,13,0,5.9,75.0,89.9,24.7,18.5,0,0,0.0,66.2,2,52,28.6,2,0,76.6,6,160,45.6,178,2,5,8,0,99,74,0.7,16.5,0,2,10.4,75.0,94.5,10.8,8.1,0,2,10.0,59.2,0,47,0.0,0,1,97.1,15,171,48.7,181,7,18,20,0,156,57,1.0,10.4
Lerentee McCray,8159,ED,JAX,8,1,0,15,0,,,6.7,,,0,0,,60.0,0,,,0,0,0.0,0,1,100.0,15,0,0,0,0,0,0,0.0,,0,0,-5.0,0.0,0.0,,0.0,0,1,100.0,61.6,0,,0.0,0,0,39.6,0,0,0.0,27,1,1,1,0,0,0,,
Benson Mayowa,8196,ED,OAK,15,11,0,23,1,,,0.0,,,0,0,,60.0,0,,0.0,0,0,0.0,0,0,0.0,102,1,0,0,0,0,0,,,0,1,7.3,100.0,7.4,3.0,3.0,0,0,0.0,50.6,0,21,0.0,0,0,118.8,3,11,100.0,148,5,2,3,0,47,25,5.2,15.7
Bradley McDougald,8220,S,SEA,17,667,0,29,0,6.7,53.3,95.4,16.3,8.7,0,2,13.3,73.6,2,29,20.0,3,2,50.8,8,146,21.9,153,5,12,15,1,78,50,0.6,9.8,0,3,11.6,74.4,97.0,15.9,11.8,0,2,5.1,57.7,0,58,7.3,3,2,115.0,29,482,72.3,497,11,35,39,1,397,202,0.9,13.7
Will Compton,8308,LB,OAK,9,126,0,23,1,5.8,75.0,89.8,13.0,9.8,0,0,0.0,57.8,0,24,16.7,1,0,116.7,3,44,34.9,49,1,4,4,0,55,33,1.4,18.3,0,4,3.2,100.0,97.4,6.9,6.9,0,0,0.0,43.7,0,17,9.1,1,0,108.3,10,74,58.7,76,0,6,10,0,100,68,1.4,10.0
Rashaan Melvin,8334,CB,DET,13,558,0,11,1,12.3,64.8,98.8,8.9,5.8,0,6,11.1,43.5,0,47,3.1,1,5,113.5,35,336,60.2,340,2,30,54,3,504,122,1.6,14.4,0,0,15.2,59.1,97.9,13.7,8.1,0,1,4.5,58.1,0,46,6.3,1,1,104.2,13,187,33.5,191,5,15,22,1,199,39,1.1,15.3
Tony Jefferson,8361,S,BLT,5,178,0,3,0,4.4,60.0,88.5,20.7,12.4,0,1,20.0,62.4,0,9,0.0,0,1,110.8,3,69,38.8,78,0,2,5,1,23,10,0.4,7.7,0,1,17.9,57.1,92.9,21.8,12.4,0,2,28.6,38.2,0,59,40.0,4,1,101.8,4,92,51.7,99,0,5,7,0,146,95,1.7,36.5
Brandon Copeland,8378,LB,NYJ,12,121,0,22,0,0.3,100.0,28.3,5.0,5.0,0,0,0.0,30.1,0,22,100.0,2,0,154.9,3,17,14.0,60,1,0,3,1,35,34,2.3,11.7,0,1,3.5,75.0,88.5,13.5,10.1,0,0,0.0,49.3,0,61,30.0,3,0,155.7,6,85,70.2,96,2,6,8,1,99,76,1.2,16.5
Jeff Heath,8396,S,DAL,13,452,0,9,0,8.5,69.2,88.6,11.7,8.1,0,1,7.7,59.8,0,24,0.0,0,1,120.0,9,117,25.9,132,2,11,13,1,108,41,1.0,12.0,0,5,6.0,77.8,97.8,14.0,10.9,0,5,18.5,67.4,0,25,0.0,0,3,99.7,21,309,68.4,316,5,19,27,0,214,124,0.7,10.2
Chris Banjo,8419,S,ARZ,5,23,0,1,0,,,100.0,,,0,0,,64.4,0,,,0,0,0.0,0,5,21.7,5,0,0,0,0,0,0,0.0,,0,1,7.3,100.0,87.5,4.7,4.7,0,0,0.0,52.6,0,16,25.0,1,0,109.7,3,14,60.9,16,1,2,3,0,31,9,2.2,10.3
Cody Davis,8458,S,JAX,8,60,0,15,2,10.0,0.0,100.0,,28.0,0,0,0.0,58.0,0,,0.0,0,0,39.6,0,30,50.0,30,0,1,1,0,0,0,0.0,,0,0,25.0,0.0,100.0,,24.0,0,1,100.0,73.9,0,,0.0,0,1,39.6,0,25,41.7,25,1,1,1,0,0,0,0.0,
Brynden Trawick,8471,ED,BLT,2,6,0,3,0,,,100.0,,,0,0,,60.0,0,,,0,0,0.0,0,1,16.7,1,0,0,0,0,0,0,0.0,,0,0,,,80.0,,,0,0,,63.0,0,,0.0,0,0,0.0,0,4,66.7,5,0,1,0,0,0,0,0.0,
Nickell Robey-Coleman,8483,CB,LA,16,521,0,26,1,10.3,56.5,100.0,12.3,7.0,0,2,8.7,58.6,0,22,0.0,0,1,77.1,13,169,32.4,169,2,13,23,0,154,45,1.0,11.8,0,0,6.4,70.6,98.7,12.3,8.6,0,2,5.9,75.1,0,27,23.8,5,2,86.0,24,310,59.5,314,6,16,34,0,205,124,0.7,8.5
LaRoy Reynolds,8500,LB,CIN,6,17,0,7,0,,,30.8,,,0,0,,62.7,0,,,0,0,0.0,0,4,23.5,13,0,0,0,0,0,0,0.0,,0,0,0.5,100.0,85.7,5.5,5.5,0,0,0.0,50.3,0,9,33.3,1,0,102.1,2,12,70.6,14,0,2,2,0,17,16,1.5,8.5
Mike Purcell,8530,DI,DEN,13,1,0,10,0,,,1.5,,,0,0,,60.0,0,,,0,0,0.0,0,1,100.0,66,0,0,0,0,0,0,0.0,,0,1,,,0.0,,,0,0,,60.0,0,,66.7,2,0,0.0,0,0,0.0,126,0,0,0,0,0,0,,
Jadeveon Clowney,8636,ED,SEA,15,23,0,29,0,2.0,0.0,2.9,,3.0,0,0,0.0,44.1,0,,100.0,1,0,39.6,0,4,17.4,140,0,0,1,0,0,0,0.0,,0,0,-0.5,100.0,5.3,8.0,8.0,0,0,0.0,87.2,1,4,25.0,2,0,39.6,2,18,78.3,340,7,6,2,0,6,7,0.4,3.0
Khalil Mack,8640,ED,CHI,16,56,0,6,0,,,7.3,,,0,0,,56.7,0,,66.7,2,0,0.0,0,14,25.0,191,2,1,0,0,0,0,0.0,,0,0,0.7,100.0,11.2,5.5,5.5,0,1,16.7,58.3,0,14,57.1,4,1,103.5,6,40,71.4,357,9,3,6,0,53,49,1.6,8.8
Anthony Barr,8644,LB,MIN,16,540,0,18,0,4.7,57.1,51.4,20.8,11.9,0,0,0.0,65.7,0,16,14.3,1,0,75.3,4,91,16.9,177,4,6,7,0,43,17,0.5,10.8,0,5,3.2,83.3,92.7,6.8,5.7,1,2,3.0,48.2,1,45,5.3,2,2,96.9,55,393,72.8,424,7,31,66,1,499,351,1.3,9.1
Kyle Fuller,8649,CB,CHI,16,668,0,6,1,9.3,62.2,100.0,8.4,5.2,1,2,5.4,56.7,2,39,5.6,1,2,74.9,23,208,31.1,208,5,16,37,1,307,102,1.6,13.3,0,3,11.0,71.7,100.0,9.1,6.5,1,6,10.0,62.3,1,49,4.7,2,6,100.2,43,419,62.7,419,13,38,60,1,573,174,1.5,13.3
C.J. Mosley,8652,LB,NYJ,2,59,0,22,0,1.5,50.0,58.3,20.0,10.0,0,0,0.0,68.6,0,2,,0,0,56.3,1,21,35.6,36,0,0,2,0,2,4,0.1,2.0,0,1,5.2,66.7,91.2,7.3,4.8,0,1,16.7,77.2,1,22,0.0,0,1,38.2,4,31,52.5,34,0,3,6,0,29,27,1.0,7.3
Ha Ha Clinton-Dix,8656,S,CHI,16,644,0,6,0,5.1,57.1,96.6,23.6,13.5,0,1,7.1,84.0,2,13,6.7,1,1,29.2,8,200,31.1,207,1,14,14,0,64,41,0.3,8.0,0,1,8.9,66.7,97.1,31.4,20.9,0,1,5.6,61.8,0,27,7.1,2,1,88.2,12,405,62.9,417,4,25,18,0,132,45,0.4,11.0
Dee Ford,8658,ED,SF,14,7,0,28,1,,,0.0,,,0,0,,61.6,0,,0.0,0,0,0.0,0,0,0.0,60,4,0,0,0,0,0,,,0,0,,,3.7,,,0,0,,73.2,0,,66.7,2,0,0.0,0,7,100.0,187,4,1,0,0,0,0,0.0,
Darqueze Dennard,8659,CB,CIN,9,290,0,7,0,8.3,33.3,97.0,18.8,6.3,0,3,20.0,83.2,0,9,0.0,0,2,42.4,5,98,33.8,101,2,4,15,0,35,15,0.4,7.0,0,3,8.3,81.3,92.9,12.5,10.1,0,1,6.3,60.2,0,27,6.3,1,1,123.7,13,170,58.6,183,3,12,16,1,139,71,0.9,10.7
Jason Verrett,8660,CB,SF,1,2,0,28,0,,,,,,0,0,,,0,,,0,0,0.0,0,0,0.0,0,0,0,0,0,0,0,,,0,0,37.0,100.0,100.0,1.0,1.0,0,0,0.0,24.1,0,39,,0,0,158.3,1,2,100.0,2,0,0,1,1,39,2,39.0,39.0
Deone Bucannon,8662,LB,NYG,11,149,0,21,0,0.1,71.4,71.4,10.0,7.1,0,0,0.0,52.5,0,39,0.0,0,0,146.4,5,55,36.9,77,1,2,7,1,76,72,1.5,15.2,0,2,2.0,71.4,96.5,15.4,11.0,0,0,0.0,53.2,0,24,12.5,1,0,94.9,5,83,55.7,86,1,5,7,0,56,33,0.7,11.2
Jimmie Ward,8665,S,SF,16,623,0,28,1,12.1,50.0,100.0,30.3,15.1,0,3,37.5,71.6,0,29,10.0,1,3,118.2,4,135,21.7,135,2,8,8,1,67,21,0.6,16.8,0,5,10.2,64.3,98.9,47.8,30.7,0,4,28.6,79.9,0,26,0.0,0,4,107.7,9,447,71.7,452,6,26,14,1,95,17,0.2,10.6
Bradley Roby,8666,CB,HST,12,542,0,13,0,12.6,50.0,98.6,11.1,5.6,4,11,23.9,72.1,2,30,28.6,6,6,52.9,23,278,51.3,282,4,15,46,0,301,72,1.2,13.1,0,1,8.3,84.0,98.7,10.5,8.8,0,1,4.0,56.1,0,28,19.2,5,1,112.3,21,233,43.0,236,4,20,25,0,274,120,1.2,13.0
DeMarcus Lawrence,8669,ED,DAL,16,5,0,9,0,,,0.0,,,0,0,,67.1,0,,33.3,1,0,0.0,0,0,0.0,134,3,2,0,0,0,0,,,0,0,6.0,100.0,1.8,5.0,5.0,0,0,0.0,64.6,0,7,0.0,0,0,95.8,1,5,100.0,281,4,4,1,0,7,1,1.4,7.0
Kyle Van Noy,8675,ED,NE,16,92,0,19,1,14.5,50.0,13.2,20.0,10.0,0,0,0.0,77.9,0,19,0.0,0,0,117.7,2,43,46.7,325,6,3,4,1,33,13,0.8,16.5,0,1,5.3,85.7,22.1,6.2,5.3,0,0,0.0,67.7,0,21,25.0,2,0,103.6,6,43,46.7,195,5,5,7,0,62,30,1.7,10.3
Lamarcus Joyner,8676,CB,OAK,14,461,0,23,0,9.0,72.0,97.7,8.1,5.8,0,2,8.0,55.0,0,32,5.9,1,0,117.4,18,167,36.2,171,5,16,25,2,172,43,1.2,9.6,0,1,4.2,77.5,94.3,7.8,6.0,1,3,7.5,46.1,0,26,18.5,5,3,99.7,31,264,57.3,280,8,21,40,0,317,228,1.3,10.2
Trent Murphy,8682,ED,BUF,17,19,0,4,0,,,1.8,,,0,0,,63.0,0,,33.3,1,0,0.0,0,3,15.8,167,3,2,0,0,0,0,0.0,,0,2,4.3,100.0,6.1,5.3,5.3,0,0,0.0,67.3,1,11,33.3,3,0,60.4,3,16,84.2,262,5,4,3,0,24,11,1.5,8.0
Timmy Jernigan,8683,DI,PHI,11,4,0,24,0,,,0.0,,,0,0,,62.2,0,,0.0,0,0,0.0,0,0,0.0,83,2,1,0,0,0,0,,,0,0,,,4.4,,,0,0,,57.6,0,,,0,0,0.0,0,4,100.0,90,1,0,0,0,0,0,0.0,
Jeremiah Attaochu,8685,ED,DEN,11,19,0,10,0,,,0.0,,,0,0,,60.0,0,,0.0,0,0,0.0,0,0,0.0,62,2,1,0,0,0,0,,,0,0,1.0,100.0,18.1,4.8,4.8,0,0,0.0,49.0,0,33,0.0,0,0,118.8,4,19,100.0,105,3,1,4,0,63,59,3.3,15.8
Christian Kirksey,8706,LB,CLV,2,52,0,8,0,-2.0,100.0,76.5,12.0,12.0,0,0,0.0,78.0,0,-2,0.0,0,0,79.2,1,13,25.0,17,1,1,1,0,-2,0,-0.2,-2.0,0,2,-0.1,87.5,86.4,4.7,4.1,0,0,0.0,39.1,0,75,40.0,2,0,158.3,7,38,73.1,44,1,1,8,1,135,132,4.1,19.3
Preston Brown,8708,LB,JAX,10,169,0,15,0,12.3,100.0,80.4,13.3,13.3,0,0,0.0,43.2,0,17,33.3,1,0,158.3,3,41,24.3,51,0,2,3,1,44,10,1.1,14.7,0,1,0.9,94.4,97.5,6.6,6.3,0,0,0.0,57.9,0,39,6.7,1,0,124.3,17,118,69.8,121,5,13,18,1,169,149,1.5,9.9
Terrence Brooks,8714,S,NE,16,195,0,19,0,7.1,62.5,90.4,10.4,6.5,0,3,18.8,47.3,0,24,0.0,0,1,102.1,10,113,57.9,125,0,7,16,1,104,10,1.0,10.4,0,0,6.9,70.0,97.2,9.1,6.4,0,1,10.0,63.4,0,23,0.0,0,1,84.6,7,69,35.4,71,3,6,10,0,58,28,0.9,8.3
Kareem Martin,8719,ED,NYG,5,1,0,21,0,,,0.0,,,0,0,,,0,,,0,0,0.0,0,0,0.0,7,0,0,0,0,0,0,,,0,0,,,5.3,,,0,0,,60.3,0,,0.0,0,0,0.0,0,1,100.0,19,0,1,0,0,0,0,0.0,
Phillip Gaines,8722,CB,HST,4,92,0,13,0,13.2,46.2,98.6,10.2,4.7,0,1,7.7,35.3,0,23,0.0,0,0,62.3,6,71,77.2,72,0,5,13,0,68,25,1.1,11.3,0,1,11.2,83.3,100.0,3.4,2.8,0,0,0.0,40.2,0,46,0.0,0,0,155.6,5,18,19.6,18,3,4,6,1,71,17,4.2,14.2
Jaylen Watkins,8736,S,LAC,13,230,0,27,0,2.0,100.0,96.4,9.0,9.0,0,0,0.0,66.5,0,14,0.0,0,0,97.2,3,27,11.7,28,1,2,3,0,22,16,0.8,7.3,0,2,3.6,100.0,99.4,7.7,7.7,0,0,0.0,42.0,0,31,25.0,5,0,122.0,21,175,76.1,176,4,13,21,1,199,125,1.2,9.5
Bashaud Breeland,8737,CB,KC,19,700,0,16,1,15.8,40.0,99.6,14.8,5.9,2,5,14.3,54.1,2,35,0.0,0,4,48.4,14,223,31.9,224,1,11,35,1,229,72,1.1,16.4,0,2,15.6,51.3,99.2,18.7,9.6,2,2,5.1,51.8,1,41,10.5,4,1,85.1,20,393,56.1,396,7,32,39,2,317,132,0.8,15.9
Cassius Marsh,8743,ED,ARZ,16,41,0,1,1,,,9.6,,,0,0,,78.3,0,,0.0,0,0,0.0,0,7,17.1,73,1,1,0,0,0,0,0.0,,0,1,4.0,100.0,18.7,5.0,5.0,0,0,0.0,45.3,0,23,10.0,1,0,118.8,6,31,75.6,166,7,8,6,0,87,63,2.9,14.5
Ross Cockrell,8744,CB,CAR,13,479,0,5,0,11.9,44.4,98.7,18.0,8.0,0,2,22.2,61.8,1,37,0.0,0,1,75.0,4,78,16.3,79,1,6,9,1,83,17,1.2,20.8,0,3,12.3,55.4,98.4,11.0,6.1,1,6,10.7,59.3,1,32,11.1,4,3,67.0,31,367,76.6,373,7,29,56,0,352,148,1.0,11.4
Maurice Alexander,8745,LB,BUF,2,27,0,4,0,16.0,100.0,90.0,8.0,8.0,0,0,0.0,52.5,0,17,0.0,0,0,118.8,1,9,33.3,10,0,1,1,0,17,1,2.1,17.0,0,0,4.5,66.7,94.1,3.8,2.5,0,0,0.0,70.9,0,26,0.0,0,0,84.0,4,16,59.3,17,2,2,6,0,38,27,2.5,9.5
DaQuan Jones,8747,DI,TEN,19,17,0,31,1,,,1.2,,,0,0,,74.0,0,,0.0,0,0,0.0,0,2,11.8,168,1,3,0,0,0,0,0.0,,0,2,7.3,75.0,5.4,4.3,3.3,0,0,0.0,44.1,0,11,0.0,0,0,92.7,3,14,82.4,259,0,0,4,0,27,5,2.1,9.0
Aaron Colvin,8749,CB,WAS,5,140,0,32,0,10.1,100.0,100.0,4.3,4.3,0,0,0.0,40.3,0,41,12.5,1,0,157.3,12,52,37.1,52,3,7,12,2,147,34,2.8,12.3,0,1,10.8,75.0,98.8,8.8,6.6,0,1,8.3,45.1,0,48,0.0,0,1,116.7,9,82,58.6,83,1,5,12,0,152,41,1.9,16.9
Anthony Hitchens,8754,LB,KC,18,395,0,16,2,3.6,85.7,71.9,15.7,13.4,0,1,14.3,81.9,0,18,0.0,0,1,81.0,6,100,25.3,139,3,5,7,0,24,28,0.3,4.0,0,4,4.3,89.5,95.5,7.0,6.3,0,0,0.0,49.4,0,67,14.7,5,0,112.4,34,254,64.3,266,4,25,38,1,337,208,1.4,9.9
Walt Aikens,8760,S,MIA,6,45,0,17,0,5.3,100.0,80.8,3.2,3.2,0,0,0.0,29.6,0,23,20.0,1,0,158.3,6,21,46.7,26,0,4,6,1,80,48,4.2,13.3,0,1,7.0,100.0,95.2,6.7,6.7,0,0,0.0,43.1,0,11,33.3,1,0,108.3,3,20,44.4,21,0,1,3,0,30,9,1.5,10.0
Pierre Desir,8762,CB,IND,12,450,0,14,1,12.3,74.1,100.0,5.8,4.3,1,2,7.4,39.0,0,31,18.8,3,2,120.9,20,126,28.0,126,2,12,27,1,290,66,2.5,14.5,0,0,12.4,57.9,100.0,12.5,7.2,1,5,13.2,68.9,3,61,14.8,4,5,71.3,22,287,63.8,287,4,23,38,2,331,129,1.2,15.0
Tre Boston,8763,S,CAR,16,669,0,5,1,6.0,100.0,98.3,102.0,102.0,0,0,0.0,63.0,0,10,25.0,1,0,108.3,1,113,16.9,115,0,2,1,0,10,4,0.1,10.0,0,4,22.3,41.7,99.8,95.2,39.7,1,6,50.0,91.1,3,34,5.7,2,6,33.0,5,508,75.9,509,2,29,12,0,103,15,0.2,20.6
Dontae Johnson,8764,CB,SF,2,13,0,28,0,,,100.0,,,0,0,,61.8,0,,,0,0,0.0,0,2,15.4,2,0,0,0,0,0,0,0.0,,0,0,4.0,100.0,100.0,10.0,10.0,0,0,0.0,57.4,0,5,0.0,0,0,87.5,1,11,84.6,11,0,2,1,0,5,1,0.5,5.0
Kevin Pierre-Louis,8767,LB,CHI,6,118,0,6,0,7.5,100.0,83.3,15.0,15.0,0,0,0.0,70.3,0,18,0.0,0,0,106.3,2,30,25.4,36,1,3,2,0,19,4,0.6,9.5,0,1,0.9,53.3,81.6,9.6,5.1,0,2,13.3,90.6,1,13,11.1,1,2,31.3,8,80,67.8,98,5,7,15,0,37,27,0.5,4.6
Nevin Lawson,8768,CB,OAK,10,215,0,23,0,17.4,45.5,98.9,16.2,7.4,1,5,45.5,50.5,0,55,25.0,1,3,105.9,5,88,40.9,89,1,3,11,1,94,28,1.2,18.8,0,0,7.6,75.0,96.7,12.1,9.1,0,1,8.3,71.0,0,30,0.0,0,0,99.3,9,118,54.9,122,6,12,12,0,100,38,0.9,11.1
Ricardo Allen,8782,S,ATL,16,577,0,2,1,6.8,68.8,97.1,19.8,13.6,0,1,6.3,67.3,1,40,13.0,3,1,98.2,11,238,41.2,245,3,19,16,2,97,82,0.4,8.8,0,6,7.6,60.7,100.0,17.4,10.6,0,5,17.9,53.5,1,58,13.8,4,5,62.2,17,310,53.7,310,7,19,28,0,164,86,0.6,9.6
Aaron Lynch,8785,ED,CHI,16,20,0,6,0,,,10.6,,,1,0,,63.2,0,,,0,0,0.0,0,5,25.0,47,1,0,0,0,0,0,0.0,,0,1,1.5,50.0,13.2,14.0,7.0,0,0,0.0,46.4,0,11,0.0,0,0,66.7,1,15,75.0,114,1,0,2,0,11,3,0.8,11.0
Caraun Reid,8793,DI,ARZ,3,1,0,1,0,,,0.0,,,0,0,,60.0,0,,,0,0,0.0,0,0,0.0,29,0,0,0,0,0,0,,,0,0,,,2.1,,,0,0,,59.2,0,,100.0,1,0,0.0,0,1,100.0,47,0,0,0,0,0,0,0.0,
Chris Smith,8794,ED,CLV,9,3,0,8,0,,,0.0,,,0,0,,,0,,,0,0,0.0,0,0,0.0,29,0,0,0,0,0,0,,,0,1,,,4.6,,,0,0,,62.3,0,,0.0,0,0,0.0,0,3,100.0,65,0,0,0,0,0,0,0.0,
Devon Kennard,8809,ED,DET,16,147,0,11,0,5.0,50.0,18.2,57.0,28.5,0,0,0.0,72.1,0,8,33.3,1,0,60.4,1,62,42.2,341,4,2,2,0,8,12,0.1,8.0,0,0,-1.4,100.0,38.2,7.6,7.6,0,0,0.0,69.1,0,7,22.2,2,0,81.0,9,73,49.7,191,8,7,9,0,31,44,0.5,3.4
Antone Exum Jr.,8817,S,SF,1,13,0,28,0,,,100.0,,,0,0,,62.6,0,,,0,0,0.0,0,5,38.5,5,0,0,0,0,0,0,0.0,,0,0,,,100.0,,,0,0,,63.2,0,,,0,0,0.0,0,8,61.5,8,0,0,0,0,0,0,0.0,
Bennett Jackson,8822,S,NYJ,3,14,0,22,0,,,100.0,,,0,0,,63.3,0,,0.0,0,0,0.0,0,9,64.3,9,0,1,0,0,0,0,0.0,,0,0,,,100.0,,,0,0,,60.7,0,,,0,0,0.0,0,4,28.6,4,0,0,0,0,0,0,0.0,
T.J. Carrie,8853,CB,CLV,15,406,0,8,0,9.4,52.0,91.6,8.1,4.2,0,3,12.0,39.6,0,30,20.0,2,2,91.9,13,120,29.6,131,0,8,25,1,199,54,1.9,15.3,0,3,7.4,88.9,90.1,7.7,6.9,0,0,0.0,55.5,1,50,13.8,4,0,124.3,32,255,62.8,283,8,22,36,3,358,180,1.4,11.2
Beau Allen,8858,DI,TB,13,1,0,30,0,,,0.0,,,0,0,,,0,,,0,0,0.0,0,0,0.0,40,1,0,0,0,0,0,,,0,0,,,2.0,,,0,0,,59.8,0,,,0,0,0.0,0,1,100.0,49,0,0,0,0,0,0,0.0,
Shelby Harris,8869,DI,DEN,16,1,0,10,0,,,1.0,,,0,0,,60.0,0,,,0,0,0.0,0,1,100.0,98,0,0,0,0,0,0,0.0,,0,0,,,0.0,,,0,0,,68.0,0,,20.0,1,0,0.0,0,0,0.0,216,7,4,0,0,0,0,,
Corey Nelson,8876,LB,DEN,4,40,0,10,0,,,71.4,,,0,0,,65.0,0,,,0,0,0.0,0,5,12.5,7,0,0,0,0,0,0,0.0,,0,2,1.0,100.0,87.9,14.5,14.5,0,0,0.0,54.0,0,28,33.3,1,0,118.8,2,29,72.5,33,0,0,2,0,35,33,1.2,17.5
Terrance Mitchell,8888,CB,CLV,8,190,0,8,0,8.8,66.7,100.0,6.3,4.2,0,0,0.0,54.2,0,51,16.7,1,0,107.2,6,42,22.1,42,1,5,9,0,107,66,2.8,17.8,0,0,9.5,63.2,100.0,11.1,7.0,0,2,10.5,62.5,1,18,0.0,0,2,55.8,12,136,71.6,136,2,10,19,0,105,15,0.8,8.8
Kerry Wynn,8938,ED,CIN,2,1,0,7,0,,,0.0,,,0,0,,,0,,,0,0,0.0,0,0,0.0,1,0,0,0,0,0,0,,,0,0,10.0,100.0,33.3,1.0,1.0,0,0,0.0,60.0,0,12,,0,0,116.7,1,1,100.0,3,0,0,1,0,12,2,12.0,12.0
Denico Autry,8982,DI,IND,14,4,0,14,0,,,0.7,,,0,0,,60.0,0,,100.0,1,0,0.0,0,1,25.0,135,2,0,0,0,0,0,,,0,1,,,0.4,,,0,0,,67.4,0,,0.0,0,0,0.0,0,1,25.0,254,3,2,0,0,0,0,0.0,
Shaquil Barrett,9000,ED,TB,16,56,0,30,0,2.0,0.0,6.6,,14.0,0,0,0.0,91.2,1,,50.0,2,0,0.0,0,16,28.6,241,8,2,1,0,0,0,0.0,,0,1,1.6,71.4,10.9,7.6,5.4,0,0,0.0,57.3,0,15,0.0,0,0,86.0,5,39,69.6,358,15,10,7,0,41,33,1.1,8.2
Josh Mauro,9003,ED,OAK,13,3,0,23,0,,,4.0,,,0,0,,60.6,0,,,0,0,0.0,0,2,66.7,50,0,0,0,0,0,0,0.0,,0,0,4.0,0.0,1.4,,1.0,0,0,0.0,53.7,0,,0.0,0,0,39.6,0,1,33.3,72,1,2,1,0,0,0,0.0,
Todd Davis,9007,LB,DEN,14,525,0,10,1,2.2,76.9,89.6,7.7,5.9,0,0,0.0,52.7,0,30,0.0,0,0,104.8,20,163,31.0,182,3,14,26,1,161,135,1.1,8.1,0,5,2.9,82.1,95.9,8.9,7.3,0,0,0.0,59.6,0,22,13.3,6,0,93.9,32,303,57.7,316,15,34,39,0,255,168,0.9,8.0
Christian Jones,9020,LB,DET,13,226,0,11,0,10.6,64.3,55.8,10.7,6.9,0,1,7.1,29.9,0,38,0.0,0,0,122.6,9,106,46.9,190,3,6,14,1,145,84,1.5,16.1,0,1,3.6,71.4,74.3,9.7,6.9,0,1,7.1,64.1,0,15,0.0,0,1,79.2,10,104,46.0,140,5,8,14,0,59,33,0.6,5.9
Malcolm Butler,9040,CB,TEN,9,375,0,31,1,15.5,50.0,100.0,12.2,6.1,2,7,35.0,61.7,0,22,0.0,0,3,109.0,10,132,35.2,132,1,4,20,3,123,44,1.0,12.3,0,4,14.6,76.0,97.8,11.3,8.6,1,2,8.0,62.1,2,37,13.6,3,1,79.6,19,224,59.7,229,4,15,25,0,285,72,1.3,15.0
Adarius Taylor,9074,LB,CLV,4,16,0,8,0,,,75.0,,,0,0,,42.9,0,,,0,0,0.0,0,3,18.8,4,0,0,0,0,0,0,0.0,,0,0,5.0,100.0,76.5,6.5,6.5,0,0,0.0,41.3,0,75,100.0,1,0,158.3,2,13,81.3,17,0,0,2,1,77,67,5.9,38.5
Kenny Ladler,9103,S,WAS,1,36,0,32,0,,,100.0,,,0,0,,49.6,0,,,0,0,0.0,0,12,33.3,12,0,0,0,0,0,0,0.0,,0,0,6.0,0.0,100.0,,21.0,0,0,0.0,45.3,0,,50.0,1,0,39.6,0,23,63.9,23,0,1,1,0,0,0,0.0,
Adrian Phillips,9177,S,LAC,7,180,0,27,0,,,100.0,,,0,0,,63.1,0,,,0,0,0.0,0,11,6.1,11,0,0,0,0,0,0,0.0,,0,1,2.3,84.6,97.4,13.0,11.0,0,0,0.0,86.5,0,11,14.3,3,0,87.8,11,149,82.8,153,5,17,13,0,66,39,0.5,6.0
Zach Kerr,9195,DI,ARZ,12,4,0,1,0,,,0.0,,,0,0,,,0,,,0,0,0.0,0,0,0.0,58,0,0,0,0,0,0,,,0,1,,,4.0,,,0,0,,57.4,0,,0.0,0,0,0.0,0,4,100.0,100,0,0,0,0,0,0,0.0,
C.J. Goodwin,9243,CB,DAL,4,17,0,9,0,6.0,100.0,100.0,7.0,7.0,0,0,0.0,52.3,0,7,,0,0,95.8,1,7,41.2,7,0,0,1,0,7,1,1.0,7.0,0,0,,,100.0,,,0,0,,67.2,0,,,0,0,0.0,0,9,52.9,9,0,0,0,0,0,0,0.0,
Daniel Sorensen,9253,S,KC,19,498,0,16,2,9.2,61.1,84.7,13.3,8.1,0,1,5.6,63.9,0,34,7.1,1,1,100.9,11,160,32.1,189,4,11,18,1,127,42,0.9,11.5,0,1,2.6,68.6,92.8,10.9,7.5,1,1,2.9,61.1,1,30,24.3,9,1,71.3,24,271,54.4,292,10,27,35,0,201,165,0.8,8.4
Brandon Dunn,9262,DI,HST,18,7,0,13,0,,,0.0,,,0,0,,60.0,0,,50.0,1,0,0.0,0,0,0.0,114,2,1,0,0,0,0,,,0,1,,,4.3,,,0,0,,59.9,0,,0.0,0,0,0.0,0,5,71.4,117,0,1,0,0,0,0,0.0,
Joe Thomas,9272,LB,DAL,13,133,0,9,0,1.3,100.0,86.8,8.3,8.3,0,0,0.0,70.8,0,15,0.0,0,0,109.7,3,33,24.8,38,1,3,3,0,31,27,1.2,10.3,0,1,4.0,75.0,93.9,9.8,7.3,0,1,8.3,62.2,0,29,7.1,1,0,94.1,9,93,69.9,99,4,12,12,0,85,77,1.0,9.4
Mike Pennel,9316,DI,KC,11,3,0,16,1,,,0.0,,,0,0,,60.0,0,,0.0,0,0,0.0,0,0,0.0,40,0,0,0,0,0,0,,,0,0,,,4.3,,,0,0,,65.6,0,,0.0,0,0,0.0,0,3,100.0,69,2,1,0,0,0,0,0.0,
K'Waun Williams,9332,CB,SF,18,470,0,28,1,6.8,64.7,98.4,10.1,6.5,0,0,0.0,56.5,0,34,10.0,1,0,83.5,11,126,26.8,128,2,8,17,0,112,55,1.0,10.2,0,0,2.8,77.4,90.7,7.3,5.7,0,2,3.8,82.7,1,49,17.1,6,0,82.4,41,312,66.4,344,15,29,53,0,301,226,1.0,7.3
Jayrone Elliott,9336,ED,PIT,4,1,0,25,0,,,25.0,,,0,0,,60.0,0,,,0,0,0.0,0,1,100.0,4,0,0,0,0,0,0,0.0,,0,0,,,0.0,,,0,0,,,0,,,0,0,0.0,0,0,0.0,6,0,0,0,0,0,0,,
Dante Fowler Jr.,9436,ED,LA,16,58,0,26,0,,,4.0,,,0,0,,67.1,0,,66.7,2,0,0.0,0,7,12.1,174,5,1,0,0,0,0,0.0,,0,0,5.8,60.0,13.0,15.0,9.0,0,1,20.0,50.6,0,11,57.1,4,1,72.1,3,45,77.6,345,7,3,5,0,24,23,0.5,8.0
Leonard Williams,9439,DI,NYG,15,3,0,21,0,,,0.0,,,0,0,,61.2,0,,0.0,0,0,0.0,0,0,0.0,189,1,1,0,0,0,0,,,0,3,6.0,100.0,0.8,2.0,2.0,0,0,0.0,53.9,0,6,14.3,1,0,91.7,1,2,66.7,237,2,3,1,0,6,0,3.0,6.0
Vic Beasley Jr.,9441,ED,ATL,16,81,0,2,0,9.5,50.0,14.8,29.0,14.5,0,1,50.0,63.0,0,13,50.0,1,1,110.4,1,31,38.3,210,1,1,2,1,13,0,0.4,13.0,0,1,1.0,100.0,16.7,9.8,9.8,0,1,25.0,47.9,0,9,25.0,2,0,95.8,4,40,49.4,239,9,5,4,0,28,24,0.7,7.0
Trae Waynes,9444,CB,MIN,16,544,0,18,1,9.9,52.4,100.0,12.3,6.4,0,4,19.0,66.9,0,14,22.2,2,1,59.8,11,145,26.7,145,3,6,21,0,71,27,0.5,6.5,0,2,11.4,77.4,100.0,7.2,5.6,0,5,8.1,62.1,0,41,6.7,3,3,114.9,48,361,66.4,361,15,40,62,2,558,131,1.6,11.6
Danny Shelton,9445,DI,NE,17,1,0,19,0,,,0.9,,,0,0,,59.9,0,,,0,0,0.0,0,1,100.0,114,1,0,0,0,0,0,0.0,,0,1,,,0.0,,,0,0,,59.6,0,,33.3,1,0,0.0,0,0,0.0,121,2,1,0,0,0,0,,
Kevin Johnson,9449,CB,BUF,16,277,0,4,0,12.6,50.0,99.1,14.0,7.0,0,2,14.3,71.8,0,20,0.0,0,2,62.8,7,107,38.6,108,1,6,14,0,64,5,0.7,9.1,0,3,8.9,72.7,95.7,9.6,7.0,0,3,13.6,67.8,0,35,20.8,5,2,104.4,16,155,56.0,162,7,16,22,0,220,86,1.4,13.8
Arik Armstead,9450,ED,SF,19,4,0,28,0,,,0.0,,,0,1,,67.0,0,,0.0,0,1,0.0,0,0,0.0,154,4,1,0,0,0,0,,,0,1,-1.0,0.0,0.8,,3.0,0,0,0.0,69.0,0,,22.2,2,0,39.6,0,3,75.0,396,14,6,1,0,0,0,0.0,
Marcus Peters,9451,CB,BLT,17,641,0,3,0,11.0,58.7,99.6,8.2,4.8,0,9,19.6,79.5,3,67,10.5,2,8,76.5,27,245,38.2,246,2,17,46,3,342,160,1.5,12.7,0,1,11.5,63.3,99.4,17.3,11.0,0,0,0.0,79.4,2,33,7.1,2,0,76.0,19,347,54.1,349,5,25,30,2,192,52,0.6,10.1
Bud Dupree,9455,ED,PIT,16,48,0,25,0,-5.0,100.0,4.9,9.0,9.0,0,0,0.0,29.7,0,32,100.0,3,0,118.8,1,9,18.8,183,5,0,1,0,32,37,3.6,32.0,0,4,3.3,75.0,10.5,11.3,8.5,0,0,0.0,67.4,0,17,37.5,3,0,90.6,3,37,77.1,354,6,1,4,0,25,17,0.7,8.3
Shaq Thompson,9458,LB,CAR,14,535,0,5,0,1.2,66.7,67.0,15.5,10.3,0,0,0.0,64.3,0,23,28.6,2,0,130.6,4,65,12.1,97,4,5,6,1,48,53,0.8,12.0,0,4,3.0,76.1,92.8,5.9,4.5,1,3,3.4,59.2,0,25,8.9,5,3,94.7,67,426,79.6,459,15,47,88,1,537,366,1.3,8.0
Byron Jones,9460,CB,DAL,15,579,0,9,0,11.5,57.1,99.4,11.4,6.5,0,3,14.3,59.1,0,33,0.0,0,1,115.6,12,156,26.9,157,1,9,21,2,172,57,1.3,14.3,0,3,12.1,55.2,99.7,23.2,12.8,0,5,17.2,80.5,0,27,4.8,1,3,80.7,16,389,67.2,390,6,17,29,1,147,48,0.4,9.2
Damarious Randall,9463,S,CLV,11,394,0,8,0,7.2,83.3,92.3,18.6,15.5,1,2,33.3,52.5,0,16,12.5,1,2,140.3,5,108,27.4,117,2,7,6,1,49,15,0.5,9.8,0,3,10.1,53.8,95.8,34.6,18.6,1,4,30.8,74.0,0,22,0.0,0,3,98.6,7,249,63.2,260,5,15,13,1,81,26,0.3,11.6
Stephone Anthony,9464,LB,NO,2,8,0,20,0,,,0.0,,,0,0,,,0,,,0,0,0.0,0,0,0.0,3,0,0,0,0,0,0,,,0,0,,,77.8,,,0,0,,64.4,0,,,0,0,0.0,0,7,87.5,9,0,0,0,0,0,0,0.0,
Malcom Brown,9465,DI,NO,17,8,0,20,1,,,0.0,,,0,0,,60.0,0,,0.0,0,0,0.0,0,0,0.0,87,1,0,0,0,0,0,,,0,1,5.0,100.0,3.1,6.0,6.0,0,0,0.0,53.6,0,8,0.0,0,0,100.0,1,6,75.0,196,1,0,1,0,8,3,1.3,8.0
Landon Collins,9466,S,WAS,15,573,0,32,1,5.0,76.5,88.2,6.8,5.2,0,1,2.9,40.2,0,28,20.7,6,1,117.3,26,195,34.0,221,6,22,34,2,260,175,1.5,10.0,0,2,8.7,59.1,97.4,24.9,14.7,1,3,13.6,71.5,0,23,12.0,3,2,87.9,13,332,57.9,341,8,20,22,1,113,31,0.3,8.7
Preston Smith,9471,ED,GB,18,148,0,12,0,8.3,66.7,10.3,8.0,5.3,0,0,0.0,41.0,0,9,50.0,2,0,78.5,2,19,12.8,185,4,2,3,0,15,15,0.9,7.5,0,1,2.7,71.4,29.5,10.5,7.5,0,0,0.0,52.1,1,31,30.8,4,0,62.2,10,108,73.0,366,11,8,14,0,102,80,1.0,10.2
Eddie Goldman,9472,DI,CHI,15,1,0,6,0,,,0.0,,,0,0,,60.0,0,,0.0,0,0,0.0,0,0,0.0,93,0,1,0,0,0,0,,,0,0,,,0.6,,,0,0,,57.9,0,,0.0,0,0,0.0,0,1,100.0,168,0,1,0,0,0,0,0.0,
Benardrick McKinney,9476,LB,HST,16,493,0,13,0,1.1,76.5,67.6,14.9,11.4,0,0,0.0,64.5,0,38,8.3,1,0,139.8,13,211,42.8,312,5,11,17,2,142,129,0.7,10.9,0,3,3.8,88.0,86.6,10.9,9.6,0,0,0.0,64.1,0,28,0.0,0,0,105.8,22,252,51.1,291,7,21,25,0,235,155,1.0,10.7
Eric Kendricks,9478,LB,MIN,17,588,0,18,0,7.0,35.7,72.4,24.8,8.9,0,2,14.3,58.8,0,32,20.0,1,2,101.2,5,131,22.3,181,1,4,14,2,100,78,0.8,20.0,0,3,7.3,57.7,93.7,12.8,7.4,0,12,23.1,90.5,1,23,12.9,4,10,65.3,30,404,68.7,431,5,24,52,0,289,133,0.8,9.6
Jaquiski Tartt,9479,S,SF,15,522,0,28,0,8.3,57.1,96.5,24.8,14.1,0,0,0.0,82.4,0,15,0.0,0,0,110.1,4,110,21.1,114,1,7,7,1,35,2,0.4,8.8,0,4,15.4,59.1,96.2,28.3,16.7,1,1,4.5,52.9,0,42,9.5,2,1,80.5,13,384,73.6,399,6,15,22,0,154,83,0.4,11.8
Eric Rowe,9480,CB,MIA,16,590,0,17,0,10.9,50.0,96.4,15.9,8.0,1,7,19.4,60.6,0,47,11.1,2,7,89.1,18,320,54.2,332,5,16,36,2,232,80,0.8,12.9,0,1,11.0,75.0,99.6,12.3,9.3,0,0,0.0,65.6,1,29,5.9,1,0,77.8,18,228,38.6,229,4,15,24,0,176,76,0.8,9.8
Denzel Perryman,9481,LB,LAC,12,159,0,27,0,,,93.8,,,0,0,,67.9,0,,,0,0,0.0,0,15,9.4,16,0,0,0,0,0,0,0.0,,0,0,4.8,71.4,96.5,6.6,4.7,0,0,0.0,50.3,1,31,26.9,7,0,71.7,20,136,85.5,141,6,19,28,0,168,77,1.3,8.4
Ronald Darby,9483,CB,PHI,11,343,0,24,0,14.4,57.1,100.0,7.9,4.5,1,6,17.1,47.0,2,43,14.3,2,5,92.3,20,166,48.4,166,2,12,35,3,318,108,2.0,15.9,0,1,18.0,69.2,98.8,8.8,6.1,1,2,7.7,38.5,0,55,18.8,3,2,150.3,18,162,47.2,164,2,12,26,3,338,61,2.1,18.8
Nate Orchard,9484,ED,WAS,5,9,0,32,0,,,5.6,,,0,0,,60.0,0,,,0,0,0.0,0,1,11.1,18,0,0,0,0,0,0,0.0,,0,0,,,14.5,,,0,0,,64.4,0,,0.0,0,0,0.0,0,8,88.9,55,2,2,0,0,0,0,0.0,
Jordan Phillips,9485,DI,BUF,17,3,0,4,0,,,0.0,,,0,0,,60.0,0,,50.0,1,0,0.0,0,0,0.0,136,1,1,0,0,0,0,,,0,0,5.0,100.0,1.0,2.0,2.0,0,0,0.0,50.0,0,9,66.7,2,0,104.2,1,2,66.7,204,10,1,1,0,9,4,4.5,9.0
Markus Golden,9491,ED,NYG,16,50,0,21,1,,,5.8,,,0,0,,46.2,0,,75.0,3,0,0.0,0,12,24.0,208,7,0,0,0,0,0,0.0,,0,2,6.5,100.0,11.6,8.8,8.8,0,0,0.0,54.4,0,24,36.4,4,0,118.8,4,37,74.0,319,3,5,4,0,54,28,1.5,13.5
Frank Clark,9496,ED,KC,17,23,0,16,0,8.0,100.0,5.5,5.5,5.5,1,0,0.0,34.4,0,11,100.0,3,0,131.3,2,11,47.8,200,2,0,2,1,12,1,1.1,6.0,0,0,0.3,66.7,3.9,6.0,4.0,0,0,0.0,79.3,1,9,25.0,1,0,37.5,2,12,52.2,306,7,3,3,0,14,15,1.2,7.0
P.J. Williams,9511,CB,NO,15,539,0,20,2,12.5,60.0,94.4,9.0,5.4,0,1,3.3,38.1,0,51,7.7,1,1,117.9,18,184,34.1,195,3,10,30,4,189,43,1.2,10.5,0,1,7.2,84.4,91.1,10.6,9.0,0,1,3.1,51.4,0,52,28.0,7,1,146.4,27,308,57.1,338,7,17,32,3,372,181,1.3,13.8
Jordan Hicks,9517,LB,ARZ,16,615,0,1,0,4.8,81.3,74.8,12.7,10.3,0,0,0.0,53.8,0,26,15.4,2,0,131.8,13,178,28.9,238,6,11,16,1,170,109,1.0,13.1,0,17,4.8,88.1,92.3,7.0,6.2,0,2,3.4,58.5,2,49,12.3,8,2,102.3,52,384,62.4,416,8,40,59,1,624,403,1.7,12.0
Danielle Hunter,9521,ED,MIN,18,11,0,18,0,,,0.6,,,0,0,,60.0,0,,,0,0,0.0,0,1,9.1,170,4,0,0,0,0,0,0.0,,0,1,,,2.3,,,0,0,,62.3,0,,50.0,1,0,0.0,0,9,81.8,398,12,0,0,0,0,0,0.0,
Carl Davis Jr.,9523,DI,JAX,3,2,0,15,0,,,0.0,,,0,0,,,0,,,0,0,0.0,0,0,0.0,6,0,0,0,0,0,0,,,0,0,,,16.7,,,0,0,,58.3,0,,,0,0,0.0,0,2,100.0,12,0,0,0,0,0,0,0.0,
Henry Anderson,9526,DI,NYJ,13,9,0,22,0,,,0.0,,,0,0,,,0,,100.0,1,0,0.0,0,0,0.0,91,0,0,0,0,0,0,,,0,0,5.0,100.0,4.1,3.5,3.5,0,0,0.0,48.5,0,8,0.0,0,0,95.8,2,7,77.8,171,1,2,2,0,14,4,2.0,7.0
Steven Nelson,9531,CB,PIT,15,584,0,25,1,14.3,42.9,100.0,14.9,6.4,0,4,14.3,73.4,0,40,0.0,0,2,63.2,12,192,32.9,192,0,12,28,0,171,20,1.0,14.3,0,1,13.2,62.5,99.7,16.0,10.0,0,3,9.4,72.6,1,42,11.5,3,0,88.5,20,339,58.0,340,5,22,32,1,284,86,0.9,14.2
Trey Flowers,9534,ED,DET,15,22,0,11,1,,,3.1,,,0,0,,62.7,0,,50.0,3,0,0.0,0,9,40.9,293,4,2,0,0,0,0,0.0,,0,0,4.0,100.0,7.6,11.0,11.0,0,0,0.0,54.7,0,5,,0,0,87.5,1,11,50.0,144,3,0,1,0,5,1,0.5,5.0
Clayton Geathers,9542,S,IND,14,311,0,14,0,4.8,60.0,98.2,16.0,9.6,0,0,0.0,38.6,0,7,66.7,2,0,104.2,3,56,18.0,57,0,1,5,1,14,2,0.3,4.7,0,2,2.1,100.0,98.7,31.1,31.1,0,0,0.0,72.5,1,21,0.0,0,0,60.4,7,229,73.6,232,3,15,7,0,56,41,0.3,8.0
Ibraheim Campbell,9548,S,GB,9,122,0,12,1,-2.8,50.0,91.5,20.0,10.0,0,0,0.0,71.8,0,3,0.0,0,0,56.3,2,43,35.2,47,0,1,4,0,0,14,0.0,0.0,0,0,5.7,80.0,91.9,8.3,6.6,0,0,0.0,45.0,0,19,33.3,2,0,102.9,8,68,55.7,74,0,4,10,0,87,55,1.3,10.9
Rodney Gunter,9549,DI,ARZ,13,1,0,1,0,,,0.0,,,0,0,,60.0,0,,50.0,1,0,0.0,0,0,0.0,120,1,1,0,0,0,0,,,0,0,,,0.5,,,0,0,,55.9,0,,0.0,0,0,0.0,0,1,100.0,207,4,1,0,0,0,0,0.0,
Za'Darius Smith,9555,ED,GB,18,12,0,12,0,,,3.7,,,0,0,,74.8,0,,33.3,1,0,0.0,0,7,58.3,189,5,2,0,0,0,0,0.0,,0,0,,,0.3,,,0,0,,67.6,0,,66.7,2,0,0.0,0,1,8.3,364,11,1,0,0,0,0,0.0,
Kwon Alexander,9557,LB,SF,11,245,0,28,1,-4.0,66.7,77.4,17.5,11.7,0,1,33.3,70.4,0,21,50.0,2,1,92.4,2,41,16.7,53,0,1,3,0,25,33,0.7,12.5,0,2,2.9,81.3,94.1,7.1,5.8,2,2,6.3,65.3,1,21,26.3,5,2,77.9,26,193,78.8,205,8,12,32,0,186,167,1.0,7.2
Damien Wilson,9560,LB,KC,19,362,0,16,2,6.2,70.0,60.2,10.1,7.1,0,0,0.0,76.3,0,28,12.5,1,0,90.4,7,77,21.3,128,5,5,10,0,72,53,1.0,10.3,0,9,3.4,88.4,90.9,5.8,5.2,0,0,0.0,46.7,0,37,5.7,2,0,123.1,38,241,66.6,265,5,24,43,2,422,297,1.9,11.1
Grady Jarrett,9570,DI,ATL,16,2,0,2,0,,,0.0,,,0,0,,65.3,0,,0.0,0,0,0.0,0,0,0.0,214,2,1,0,0,0,0,,,0,0,,,0.8,,,0,0,,59.3,0,,100.0,1,0,0.0,0,2,100.0,242,6,0,0,0,0,0,0.0,
Adrian Amos,9575,S,GB,18,668,0,12,1,6.6,78.6,95.6,18.1,14.2,0,0,0.0,67.2,0,20,0.0,0,0,107.1,11,216,32.3,226,4,19,14,0,136,68,0.7,12.4,0,1,10.4,70.6,95.4,16.0,11.3,0,7,20.6,68.3,2,28,10.7,3,5,68.9,24,395,59.1,414,8,24,34,0,265,106,0.7,11.0
Bobby McCain,9578,S,MIA,9,286,0,17,1,2.9,100.0,91.9,20.3,20.3,0,0,0.0,64.9,1,23,15.4,2,0,100.0,7,159,55.6,173,2,10,7,2,56,36,0.4,8.0,0,0,13.8,60.0,99.1,36.0,21.6,0,0,0.0,65.6,1,33,33.3,2,0,104.2,3,111,38.8,112,0,4,5,1,71,8,0.7,23.7
Tyeler Davison,9587,DI,ATL,16,4,0,2,0,,,0.0,,,0,0,,,0,,,0,0,0.0,0,0,0.0,97,1,0,0,0,0,0,,,0,0,,,2.7,,,0,0,,58.3,0,,,0,0,0.0,0,4,100.0,146,0,0,0,0,0,0,0.0,
David Mayo,9602,LB,NYG,13,287,0,21,0,-2.8,66.7,68.8,18.0,12.0,0,0,0.0,61.0,0,17,100.0,2,0,85.4,4,75,26.1,109,1,0,6,0,40,58,0.6,10.0,0,1,4.0,80.6,97.0,7.3,5.9,0,0,0.0,42.2,0,22,20.8,5,0,98.3,25,191,66.6,197,4,18,31,0,235,157,1.3,9.4
Tye Smith,9603,CB,TEN,7,143,0,31,1,11.7,76.9,100.0,5.8,4.5,0,0,0.0,57.0,0,26,0.0,0,0,133.5,10,60,42.0,60,0,8,13,1,130,41,2.2,13.0,0,2,9.5,75.0,100.0,12.3,9.3,0,0,0.0,89.2,0,21,0.0,0,0,90.1,6,74,51.7,74,2,8,8,0,49,28,0.7,8.2
D.J. Alexander,9605,LB,JAX,2,19,0,15,0,-3.0,100.0,100.0,9.0,9.0,0,0,0.0,67.3,0,3,0.0,0,0,79.2,1,10,52.6,10,0,1,1,0,3,6,0.3,3.0,0,0,1.0,100.0,100.0,4.0,4.0,0,0,0.0,67.3,0,6,50.0,1,0,79.2,2,9,47.4,9,0,1,2,0,5,3,0.6,2.5
Quandre Diggs,9633,S,SEA,12,462,0,29,2,10.2,40.0,98.8,77.0,30.8,1,1,20.0,70.2,3,15,30.0,3,0,15.0,2,171,37.0,173,3,5,5,0,23,20,0.1,11.5,0,2,-0.5,100.0,100.0,129.0,129.0,0,0,0.0,75.8,0,17,12.5,2,0,118.8,2,267,57.8,267,1,12,2,0,31,32,0.1,15.5
Anthony Chickillo,9645,ED,PIT,11,8,0,25,0,,,0.0,,,0,0,,,0,,,0,0,0.0,0,0,0.0,24,0,0,0,0,0,0,,,0,0,3.0,0.0,14.6,,5.0,1,0,0.0,58.6,0,,,0,0,39.6,0,6,75.0,41,1,0,1,0,0,0,0.0,
Christian Covington,9649,DI,DAL,16,6,0,9,0,,,0.0,,,0,0,,60.0,0,,0.0,0,0,0.0,0,0,0.0,58,1,1,0,0,0,0,,,0,0,,,2.5,,,0,0,,59.1,0,,50.0,1,0,0.0,0,5,83.3,201,1,1,0,0,0,0,0.0,
Rakeem Nunez-Roches,9650,DI,TB,16,2,0,30,0,,,0.0,,,0,0,,,0,,,0,0,0.0,0,0,0.0,63,0,0,0,0,0,0,,,0,0,,,1.8,,,0,0,,59.6,0,,0.0,0,0,0.0,0,2,100.0,111,1,1,0,0,0,0,0.0,
Bryce Hager,9657,LB,LA,4,32,0,26,0,,,75.0,,,0,0,,61.3,0,,,0,0,0.0,0,3,9.4,4,0,0,0,0,0,0,0.0,,0,0,10.4,80.0,96.6,6.0,4.8,0,0,0.0,40.0,0,19,0.0,0,0,111.7,4,28,87.5,29,1,1,5,0,54,18,2.3,13.5
Mark Nzeocha,9669,LB,SF,3,10,0,28,0,,,100.0,,,0,0,,60.4,0,,,0,0,0.0,0,2,20.0,2,0,0,0,0,0,0,0.0,,0,0,3.0,0.0,100.0,,7.0,0,0,0.0,59.5,1,,,0,0,0.0,0,7,70.0,7,0,0,1,0,0,0,0.0,
Darryl Roberts,9680,CB,NYJ,11,436,0,22,0,9.5,61.5,100.0,7.0,4.3,0,4,10.3,44.7,0,38,7.7,2,3,108.8,24,185,42.4,185,2,24,39,3,279,109,1.7,11.6,0,2,9.7,75.0,97.5,12.0,9.0,0,1,5.0,65.2,1,28,7.4,2,1,78.3,15,198,45.4,203,4,23,20,0,166,34,0.9,11.1
Akeem King,9682,S,SEA,10,175,0,29,0,13.8,40.0,96.7,13.0,5.2,0,0,0.0,38.7,0,30,0.0,0,0,78.8,2,29,16.6,30,0,1,5,0,52,27,2.0,26.0,0,0,14.1,60.0,96.4,14.6,8.7,1,1,6.7,66.5,0,19,0.0,0,0,86.5,9,132,75.4,137,0,11,15,0,124,35,0.9,13.8
Jermaine Whitehead,9698,S,CLV,8,256,0,8,1,8.3,66.7,85.7,32.0,21.3,0,1,33.3,56.7,0,17,0.0,0,0,127.8,2,72,28.1,84,1,3,3,2,22,1,0.3,11.0,0,3,7.8,71.4,91.1,10.5,7.5,0,1,4.8,49.4,1,20,22.2,6,1,84.4,15,164,64.1,180,2,18,21,1,135,57,0.9,9.0
Xavier Williams,9809,DI,KC,7,1,0,16,0,,,4.5,,,0,0,,60.0,0,,,0,0,0.0,0,1,100.0,22,0,0,0,0,0,0,0.0,,0,0,,,0.0,,,0,0,,60.0,0,,0.0,0,0,0.0,0,0,0.0,50,1,1,0,0,0,0,,
Neville Hewitt,9836,LB,NYJ,12,405,0,22,0,9.8,54.5,69.6,15.8,8.6,0,0,0.0,49.3,1,27,20.0,1,0,51.3,6,103,25.4,148,2,4,11,0,110,41,1.2,18.3,0,2,8.2,57.6,88.8,12.1,7.0,1,2,6.1,42.1,1,89,26.3,5,2,91.4,19,246,60.7,277,4,12,33,2,267,148,1.2,14.1
Troy Hill,9881,CB,LA,13,327,0,26,1,12.9,40.0,100.0,9.0,3.6,0,7,20.0,80.3,2,30,8.3,1,4,41.3,14,130,39.8,130,1,10,35,1,169,65,1.3,12.1,0,2,18.2,53.8,100.0,23.1,12.5,1,2,15.4,60.1,0,39,7.1,1,1,88.0,7,173,52.9,173,2,11,13,0,128,9,0.8,18.3
Justin Coleman,9892,CB,DET,16,611,0,11,3,11.9,58.0,97.9,8.6,5.0,1,9,13.0,65.7,1,49,3.1,1,9,100.5,40,369,60.4,377,4,28,69,5,529,169,1.5,13.2,0,0,7.0,76.7,95.7,8.2,6.3,0,1,3.3,56.2,0,26,15.8,3,1,95.6,23,198,32.4,207,5,16,30,0,213,97,1.1,9.3
Anthony Harris,9895,S,MIN,16,640,0,18,0,3.4,85.7,95.3,25.3,21.7,0,2,28.6,67.1,0,13,0.0,0,2,89.3,6,164,25.6,172,1,10,7,0,38,25,0.3,6.3,0,4,11.9,70.0,98.8,57.6,40.3,0,2,20.0,91.7,6,47,0.0,0,2,71.7,7,422,65.9,427,0,15,10,0,122,35,0.3,17.4
James Vaughters,9934,ED,CHI,3,3,0,6,0,,,0.0,,,0,0,,,0,,,0,0,0.0,0,0,0.0,2,0,0,0,0,0,0,,,0,0,1.0,100.0,27.3,3.0,3.0,0,0,0.0,65.8,0,6,0.0,0,0,91.7,1,3,100.0,11,0,2,1,0,6,5,2.0,6.0
Deshazor Everett,9940,S,WAS,5,15,0,32,0,10.0,100.0,100.0,3.5,3.5,0,0,0.0,33.0,0,21,0.0,0,0,118.8,2,8,53.3,8,0,1,2,0,28,8,4.0,14.0,0,0,,,100.0,,,0,0,,63.9,0,,0.0,0,0,0.0,0,6,40.0,6,0,1,0,0,0,0,0.0,
Dean Marlowe,9966,S,BUF,8,58,0,4,0,6.9,57.1,82.6,4.5,2.6,1,1,14.3,70.1,0,7,0.0,0,1,101.8,4,19,32.8,23,2,5,7,1,16,6,0.9,4.0,0,0,4.0,100.0,90.0,10.7,10.7,0,0,0.0,65.4,0,11,0.0,0,0,98.6,3,36,62.1,40,0,2,3,0,23,11,0.7,7.7
De'Vante Bausby,10057,CB,DEN,3,68,0,10,0,10.5,50.0,100.0,6.3,3.1,0,3,37.5,85.0,0,10,25.0,1,3,56.3,4,26,38.2,26,1,3,8,0,21,6,0.8,5.3,0,0,8.2,100.0,100.0,6.8,6.8,0,0,0.0,57.0,0,24,25.0,1,0,116.7,5,37,54.4,37,2,3,5,0,60,19,1.8,12.0
Justin March-Lillard,10065,LB,DAL,3,30,0,9,0,,,100.0,,,0,0,,75.0,0,,,0,0,0.0,0,3,10.0,3,0,0,0,0,0,0,0.0,,0,3,3.8,76.9,96.0,2.3,1.8,0,1,7.7,58.8,0,28,20.0,2,1,98.6,10,24,80.0,25,0,5,13,0,101,64,4.4,10.1
Quinton Dunbar,10073,CB,WAS,11,367,0,32,0,13.0,52.4,100.0,10.3,5.4,2,3,14.3,76.1,2,34,0.0,0,3,54.4,11,127,34.6,127,4,9,21,1,163,73,1.4,14.8,0,0,10.7,57.1,99.5,12.9,7.4,0,2,7.1,90.1,2,26,6.3,1,1,43.9,16,211,57.5,212,8,15,28,0,161,66,0.8,10.1
Curtis Riley,10109,S,OAK,10,177,0,23,0,15.8,40.0,96.1,34.0,13.6,0,0,0.0,49.3,0,35,0.0,0,0,120.8,2,73,41.2,76,0,3,5,1,55,19,0.8,27.5,0,0,16.0,100.0,96.0,29.3,29.3,0,0,0.0,78.6,0,42,0.0,0,0,158.3,3,97,54.8,101,2,12,3,1,57,9,0.6,19.0
Tyrell Adams,10140,LB,HST,2,45,0,13,0,8.3,66.7,81.8,9.0,6.0,0,0,0.0,43.1,0,23,0.0,0,0,109.7,2,18,40.0,22,0,1,3,0,41,18,2.3,20.5,0,0,5.0,66.7,96.4,12.5,8.3,0,0,0.0,52.4,0,13,50.0,1,0,79.9,2,27,60.0,28,0,1,3,0,16,0,0.6,8.0
Erik Harris,10346,S,OAK,15,547,0,23,0,7.8,50.0,95.9,40.8,20.4,1,1,12.5,72.3,1,18,14.3,2,1,18.8,4,186,34.0,194,0,12,8,0,28,16,0.2,7.0,0,1,16.7,68.8,99.4,27.0,18.6,0,3,18.8,55.8,2,59,8.7,2,3,109.6,11,321,58.7,323,3,20,16,2,193,72,0.6,17.5
Jalen Ramsey,10639,CB,LA,12,484,0,26,1,9.8,71.4,100.0,8.6,6.1,1,3,10.7,68.8,0,39,4.5,1,3,89.3,20,181,37.4,181,3,20,28,0,186,39,1.1,9.3,0,2,12.3,69.7,100.0,11.1,7.8,0,2,6.1,61.7,1,52,13.0,3,1,110.9,23,268,55.4,268,4,18,33,2,342,97,1.3,14.9
Leonard Floyd,10643,ED,CHI,16,126,0,6,0,1.0,100.0,10.2,17.0,17.0,0,0,0.0,60.0,0,1,25.0,1,0,79.2,1,19,15.1,187,3,3,1,0,1,0,0.1,1.0,0,1,2.9,83.3,29.3,9.5,7.9,1,0,0.0,60.5,0,22,27.3,3,0,92.0,10,101,80.2,345,6,7,12,0,73,58,0.8,7.3
Eli Apple,10644,CB,NO,15,646,0,20,0,10.3,68.4,99.5,12.5,8.5,1,1,5.3,55.8,0,54,13.3,2,1,103.0,13,183,28.3,184,2,13,19,0,200,87,1.2,15.4,0,1,12.5,63.6,100.0,13.9,8.8,0,2,4.5,55.5,0,54,0.0,0,1,108.4,28,414,64.1,414,8,31,44,2,403,86,1.0,14.4
Vernon Hargreaves III,10645,CB,HST,17,654,0,13,1,10.2,67.2,100.0,6.9,4.6,0,4,6.3,42.5,0,51,2.8,1,2,103.7,43,319,48.8,319,6,34,64,2,541,206,1.8,12.6,0,1,12.5,76.5,97.7,11.0,8.4,1,2,5.9,61.7,1,44,20.0,5,2,104.9,26,302,46.2,309,5,19,34,1,339,133,1.2,13.0
Sheldon Rankins,10646,DI,NO,10,6,0,20,0,,,0.0,,,0,0,,60.0,0,,0.0,0,0,0.0,0,0,0.0,67,1,1,0,0,0,0,,,0,1,,,3.4,,,0,0,,61.3,0,,0.0,0,0,0.0,0,5,83.3,147,1,0,0,0,0,0,0.0,
Karl Joseph,10648,S,OAK,9,343,0,23,2,18.3,83.3,95.7,19.4,16.2,0,0,0.0,58.4,1,59,12.5,1,0,118.8,5,112,32.7,117,2,5,6,1,129,28,1.3,25.8,0,2,11.3,85.7,96.6,30.8,26.4,0,1,14.3,62.1,0,53,12.5,2,1,118.8,6,199,58.0,206,1,12,7,0,106,30,0.6,17.7
Keanu Neal,10651,S,ATL,3,91,0,2,0,7.3,50.0,97.4,17.0,8.5,0,0,0.0,51.1,0,13,0.0,0,0,64.6,2,38,41.8,39,0,2,4,0,20,9,0.6,10.0,0,1,13.5,83.3,96.0,9.2,7.7,0,0,0.0,39.3,0,43,0.0,0,0,113.2,5,48,52.7,50,0,7,6,0,67,9,1.5,13.4
Shaq Lawson,10653,ED,BUF,16,12,0,4,0,,,0.9,,,0,0,,63.5,0,,66.7,2,0,0.0,0,1,8.3,110,3,1,0,0,0,0,0.0,,0,1,10.0,100.0,6.1,5.5,5.5,0,0,0.0,60.6,0,16,0.0,0,0,112.5,2,11,91.7,181,5,1,2,0,22,2,2.0,11.0
Darron Lee,10654,LB,KC,9,68,0,16,0,1.0,100.0,70.0,4.3,4.3,0,0,0.0,47.3,0,15,0.0,0,0,105.6,3,14,20.6,20,0,3,3,0,28,25,2.2,9.3,0,0,4.3,100.0,89.5,3.1,3.1,0,0,0.0,29.2,0,33,27.3,3,0,118.1,15,51,75.0,57,3,8,15,0,185,121,4.0,12.3
William Jackson III,10658,CB,CIN,14,454,0,7,1,13.2,51.9,100.0,10.2,5.3,0,0,0.0,36.1,0,51,0.0,0,0,93.6,14,148,32.6,148,1,8,27,1,233,62,1.6,16.6,0,1,10.6,70.6,99.6,11.0,7.8,1,2,5.9,67.7,1,42,5.3,1,2,109.1,24,278,61.2,279,5,17,34,2,333,124,1.3,13.9
Artie Burns,10659,CB,PIT,5,54,0,25,0,12.0,100.0,100.0,11.0,11.0,0,0,0.0,56.0,0,12,0.0,0,0,116.7,1,11,20.4,11,0,1,1,0,12,0,1.1,12.0,0,2,9.7,100.0,100.0,12.3,12.3,0,0,0.0,71.0,0,19,0.0,0,0,118.8,3,40,74.1,40,1,3,3,0,38,9,1.0,12.7
Kenny Clark,10661,DI,GB,18,10,0,12,1,,,0.0,,,0,0,,61.8,0,,0.0,0,0,0.0,0,0,0.0,192,5,1,0,0,0,0,,,0,0,,,2.0,,,0,0,,46.1,0,,33.3,1,0,0.0,0,7,70.0,346,4,2,0,0,0,0,0.0,
Emmanuel Ogbah,10666,ED,KC,10,9,0,16,0,,,4.7,,,0,0,,61.5,0,,0.0,0,0,0.0,0,4,44.4,86,2,1,0,0,0,0,0.0,,0,0,,,3.4,,,0,0,,69.5,0,,50.0,1,0,0.0,0,5,55.6,146,3,1,0,0,0,0,0.0,
Jaylon Smith,10668,LB,DAL,16,557,0,9,1,3.8,60.0,72.2,19.7,11.8,0,2,20.0,76.7,0,12,0.0,0,2,64.6,6,127,22.8,176,3,6,10,0,18,30,0.2,3.0,0,8,4.1,84.2,94.5,7.9,6.6,0,2,3.5,52.4,1,26,5.2,3,2,100.8,48,395,70.9,418,15,47,57,2,407,236,1.1,8.5
Myles Jack,10670,LB,JAX,11,332,0,15,0,5.6,58.3,76.4,14.1,8.3,0,2,16.7,46.2,0,41,33.3,2,2,123.6,7,107,32.2,140,1,4,12,2,96,67,1.0,13.7,0,4,3.8,79.2,95.9,10.6,8.4,0,0,0.0,55.1,1,48,8.7,2,0,107.8,19,213,64.2,222,5,17,24,1,257,189,1.3,13.5
Chris Jones,10671,DI,KC,15,7,0,16,0,,,0.0,,,0,0,,60.0,0,,66.7,2,0,0.0,0,0,0.0,163,4,1,0,0,0,0,,,0,0,,,2.3,,,0,0,,56.1,0,,75.0,3,0,0.0,0,6,85.7,263,4,1,0,0,0,0,0.0,
Xavien Howard,10672,CB,MIA,5,161,0,17,0,10.6,57.9,100.0,7.7,4.5,1,3,15.8,65.0,1,45,16.7,1,3,96.8,11,100,62.1,100,0,5,19,2,152,80,1.8,13.8,0,1,11.2,100.0,98.2,10.8,10.8,0,0,0.0,45.2,0,20,0.0,0,0,158.3,5,54,33.5,55,0,6,5,1,67,11,1.2,13.4
Noah Spence,10673,ED,NO,7,2,0,20,1,,,6.7,,,0,0,,60.9,0,,50.0,1,0,0.0,0,1,50.0,15,0,0,0,0,0,0,0.0,,0,0,,,4.2,,,0,0,,60.0,0,,,0,0,0.0,0,1,50.0,24,0,0,0,0,0,0,0.0,
Reggie Ragland,10675,LB,KC,17,95,0,16,2,3.3,100.0,33.9,5.0,5.0,0,0,0.0,41.5,0,32,0.0,0,0,118.8,4,21,22.1,62,1,2,4,0,63,50,3.2,15.8,0,1,1.2,78.6,60.0,5.8,4.6,0,0,0.0,64.9,0,15,7.7,1,0,86.9,11,66,69.5,110,7,11,14,0,68,51,1.1,6.2
Kamalei Correa,10676,ED,TEN,19,88,0,31,0,,,12.5,,,0,1,,91.0,0,,0.0,0,1,0.0,0,15,17.0,120,4,4,0,0,0,0,0.0,,0,2,0.8,50.0,34.8,34.0,17.0,0,0,0.0,75.9,0,11,0.0,0,0,56.3,2,71,80.7,204,8,6,4,0,11,6,0.2,5.5
Austin Johnson,10677,DI,TEN,19,2,0,31,0,,,0.0,,,0,0,,,0,,,0,0,0.0,0,0,0.0,75,0,0,0,0,0,0,,,0,0,,,2.0,,,0,0,,59.6,0,,0.0,0,0,0.0,0,2,100.0,102,0,1,0,0,0,0,0.0,
Jihad Ward,10678,DI,BLT,15,14,0,3,0,,,2.6,,,0,0,,62.8,0,,0.0,0,0,0.0,0,4,28.6,156,1,1,0,0,0,0,0.0,,0,0,9.0,100.0,7.5,3.3,3.3,0,0,0.0,42.1,0,38,100.0,1,0,118.8,3,10,71.4,134,0,0,3,0,69,42,6.9,23.0
Jarran Reed,10683,DI,SEA,12,6,0,29,0,,,0.0,,,0,0,,60.0,0,,100.0,2,0,0.0,0,0,0.0,91,0,0,0,0,0,0,,,0,4,,,2.3,,,0,0,,66.8,0,,0.0,0,0,0.0,0,6,100.0,259,2,2,0,0,0,0,0.0,
Deion Jones,10686,LB,ATL,16,539,0,2,2,2.8,42.1,87.4,25.0,10.5,0,4,21.1,86.8,0,14,0.0,0,2,84.8,8,215,39.9,246,4,9,19,2,39,56,0.2,4.9,0,8,6.3,79.5,96.0,8.9,7.1,0,1,2.6,70.9,1,71,16.7,7,1,112.8,31,285,52.9,297,11,27,39,2,372,212,1.3,12.0
Mackensie Alexander,10688,CB,MIN,13,386,0,18,1,12.5,68.4,98.0,7.1,4.8,0,0,0.0,46.3,0,24,0.0,0,0,113.3,13,97,25.1,99,1,7,19,1,167,35,1.8,12.8,0,0,6.4,72.1,98.4,7.8,5.6,0,5,11.6,66.1,1,27,0.0,0,3,84.2,31,253,65.5,257,7,18,43,1,247,103,1.0,8.0
T.J. Green,10691,CB,CAR,1,8,0,5,0,20.7,33.3,100.0,5.0,1.7,0,0,0.0,29.6,0,9,0.0,0,0,42.4,1,6,75.0,6,0,1,3,0,9,2,1.8,9.0,0,0,17.0,100.0,100.0,2.0,2.0,0,0,0.0,45.9,0,17,0.0,0,0,118.8,1,2,25.0,2,0,1,1,0,17,0,8.5,17.0
Sean Davis,10692,S,PIT,1,35,0,25,0,,,100.0,,,0,0,,62.9,0,,,0,0,0.0,0,18,51.4,18,0,0,0,0,0,0,0.0,,0,0,10.5,100.0,100.0,7.5,7.5,0,0,0.0,51.6,0,17,20.0,1,0,118.8,2,16,45.7,16,1,4,2,0,30,9,2.0,15.0
Cyrus Jones,10694,CB,DEN,2,7,0,10,0,10.0,100.0,100.0,5.0,5.0,0,0,0.0,52.7,0,13,0.0,0,0,118.8,1,5,71.4,5,0,2,1,0,13,3,2.6,13.0,0,0,,,100.0,,,0,0,,61.5,0,,,0,0,0.0,0,2,28.6,2,0,0,0,0,0,0,0.0,
Vonn Bell,10695,S,NO,14,600,0,20,0,8.1,66.7,89.0,22.5,15.0,0,2,22.2,79.7,0,13,0.0,0,2,73.8,6,153,25.5,172,4,10,9,0,35,9,0.3,5.8,0,3,12.7,70.6,96.1,15.5,10.9,0,1,2.9,45.7,1,75,11.9,5,0,108.9,24,397,66.2,413,7,34,34,2,332,127,0.9,13.8
James Bradberry,10696,CB,CAR,15,615,0,5,0,12.8,64.0,100.0,6.0,3.8,0,2,8.0,50.6,0,35,0.0,0,2,94.1,16,106,17.2,106,2,16,25,1,152,46,1.6,9.5,0,4,15.2,59.6,99.6,14.2,8.5,0,8,15.4,66.7,2,45,6.3,2,7,82.5,31,467,75.9,469,3,26,52,1,503,136,1.1,16.2
Kevin Byard,10698,S,TEN,19,849,0,31,5,7.2,63.2,97.7,23.3,14.7,0,3,15.8,80.1,3,20,0.0,0,3,76.2,12,304,35.8,311,4,16,19,3,98,39,0.4,8.2,0,4,7.7,78.3,97.8,26.4,20.7,1,1,4.3,60.5,3,46,8.6,3,1,64.2,18,493,58.1,504,3,28,23,0,205,60,0.4,11.4
Carl Nassib,10699,ED,TB,14,48,0,30,1,,,4.5,,,0,0,,75.8,0,,0.0,0,0,0.0,0,7,14.6,154,1,0,0,0,0,0,0.0,,0,2,4.0,50.0,15.7,38.0,19.0,0,0,0.0,59.7,0,0,16.7,1,0,56.3,1,40,83.3,255,5,3,2,0,0,3,0.0,0.0
Will Redmond,10702,S,GB,11,176,0,12,1,4.8,80.0,95.5,14.8,11.8,0,0,0.0,32.8,0,19,37.5,3,0,117.5,4,63,35.8,66,0,4,5,0,61,39,1.0,15.3,0,1,19.8,75.0,97.1,31.7,23.8,0,1,25.0,63.0,0,48,25.0,2,1,116.7,3,99,56.3,102,0,5,4,0,74,32,0.8,24.7
Yannick Ngakoue,10703,ED,JAX,15,15,0,15,0,,,6.1,,,0,0,,80.3,1,,50.0,1,0,0.0,0,11,73.3,181,2,1,0,0,0,0,0.0,,0,0,,,1.3,,,0,0,,83.2,0,,16.7,1,0,0.0,0,4,26.7,297,10,5,0,0,0,0,0.0,
Bronson Kaufusi,10704,ED,NYJ,3,1,0,22,0,,,5.0,,,0,0,,60.0,0,,,0,0,0.0,0,1,100.0,20,0,0,0,0,0,0,0.0,,0,0,,,0.0,,,0,0,,,0,,,0,0,0.0,0,0,0.0,19,0,0,0,0,0,0,,
Darian Thompson,10705,S,DAL,11,251,0,9,0,12.0,50.0,100.0,58.0,29.0,0,1,50.0,67.4,0,9,0.0,0,1,62.5,1,65,25.9,65,0,2,2,0,9,7,0.2,9.0,0,3,12.3,62.5,97.1,16.2,10.1,0,2,12.5,61.0,0,39,23.1,3,2,114.8,10,168,66.9,173,5,7,16,1,153,51,0.9,15.3
Shilique Calhoun,10709,ED,NE,16,7,0,19,0,,,2.2,,,0,0,,88.0,0,,0.0,0,0,0.0,0,3,42.9,139,1,2,0,0,0,0,0.0,,0,1,3.0,0.0,4.9,,3.0,0,0,0.0,62.9,0,,0.0,0,0,39.6,0,3,42.9,61,0,1,1,0,0,0,0.0,
Daryl Worley,10711,CB,OAK,15,577,0,23,0,8.7,61.8,99.0,8.6,5.3,0,6,17.6,54.6,0,34,5.6,1,3,83.5,21,203,35.2,205,2,17,34,0,244,99,1.3,11.6,0,4,17.5,54.1,99.7,15.5,8.4,0,4,10.8,65.9,1,91,10.3,3,3,109.9,20,338,58.6,339,5,22,37,3,417,116,1.3,20.9
Jordan Jenkins,10717,ED,NYJ,14,51,0,22,0,,,8.1,,,0,0,,65.0,0,,,0,0,0.0,0,10,19.6,123,2,0,0,0,0,0,0.0,,0,1,7.0,100.0,15.6,15.0,15.0,0,0,0.0,55.8,0,25,25.0,2,0,118.8,2,32,62.7,205,9,5,2,0,37,23,1.2,18.5
Kendall Fuller,10718,CB,KC,14,439,0,16,1,8.6,62.5,88.8,11.9,7.4,0,2,12.5,51.9,0,25,16.7,2,1,96.4,10,135,30.8,152,3,9,16,1,82,35,0.7,8.2,0,2,7.0,88.2,96.9,15.9,14.0,0,0,0.0,69.9,1,35,4.3,1,0,88.2,15,247,56.3,255,7,20,17,0,188,91,0.8,12.5
Nick Vigil,10721,LB,CIN,16,458,0,7,1,6.2,69.2,73.1,13.1,9.1,2,2,15.4,53.5,1,24,33.3,3,2,57.2,9,122,26.6,167,1,5,13,0,92,65,0.8,10.2,0,7,3.3,76.3,94.2,10.1,7.7,0,1,2.6,60.6,0,21,10.3,4,1,95.7,29,307,67.0,326,13,28,38,1,194,141,0.7,6.7
Kyler Fackrell,10722,ED,GB,18,89,0,12,0,2.0,100.0,7.9,6.0,6.0,0,0,0.0,54.7,0,20,33.3,1,0,158.3,1,7,7.9,89,2,2,1,1,20,18,3.3,20.0,0,1,4.3,75.0,33.8,11.0,8.3,0,0,0.0,65.5,0,14,14.3,1,0,81.8,6,68,76.4,201,4,5,8,0,33,17,0.5,5.5
Justin Simmons,10732,S,DEN,16,639,0,10,0,5.2,55.0,98.6,17.5,9.6,0,5,25.0,90.9,2,12,0.0,0,5,20.8,11,207,32.4,210,8,19,20,0,60,28,0.3,5.5,0,1,13.6,58.3,100.0,24.6,14.3,0,4,16.7,67.4,1,30,10.7,3,4,64.4,14,364,57.0,364,5,24,24,0,179,57,0.5,12.8
Joe Schobert,10733,LB,CLV,16,553,0,8,1,5.0,100.0,75.3,29.3,29.3,0,0,0.0,78.6,1,26,25.0,2,0,54.2,4,137,24.8,182,2,5,4,0,26,6,0.2,6.5,0,3,9.4,77.6,95.6,9.3,7.2,0,4,8.2,60.8,3,39,11.9,5,4,97.7,38,368,66.5,385,15,34,49,3,425,154,1.2,11.2
Eric Murray,10740,CB,CLV,8,197,0,8,0,12.7,50.0,90.3,17.0,8.5,0,0,0.0,51.2,0,23,0.0,0,0,80.6,3,56,28.4,62,1,2,6,0,53,14,1.0,17.7,0,0,5.8,81.8,89.3,13.2,10.8,0,1,9.1,63.9,0,22,33.3,3,1,96.6,9,125,63.5,140,2,6,11,0,79,37,0.7,8.8
Ryan Smith,10742,CB,TB,3,42,0,30,0,9.5,50.0,100.0,5.0,2.5,0,0,0.0,29.9,0,13,33.3,1,0,68.8,2,11,26.2,11,0,2,4,0,24,9,2.4,12.0,0,1,8.2,100.0,100.0,4.2,4.2,0,1,16.7,48.8,0,69,25.0,1,1,158.3,6,26,61.9,26,1,2,6,1,122,73,4.9,20.3
B.J. Goodson,10743,LB,GB,15,108,0,12,0,1.0,0.0,84.6,,18.0,0,0,0.0,67.4,0,,100.0,1,0,39.6,0,22,20.4,26,0,0,1,0,0,0,0.0,,0,1,2.5,100.0,93.8,9.1,9.1,0,0,0.0,63.7,0,30,0.0,0,0,109.4,8,76,70.4,81,3,7,8,0,82,62,1.1,10.3
Miles Killebrew,10745,LB,DET,4,56,0,11,0,7.8,50.0,85.7,14.5,7.3,0,0,0.0,58.3,0,31,0.0,0,0,81.3,2,30,53.6,35,0,1,4,0,36,32,1.2,18.0,0,0,8.5,25.0,95.0,19.0,4.8,0,1,25.0,60.6,0,8,0.0,0,0,39.6,1,19,33.9,20,1,3,4,0,8,5,0.4,8.0
Nick Kwiatkoski,10747,LB,CHI,10,282,0,6,0,3.4,40.0,78.6,31.0,12.4,0,0,0.0,77.9,1,14,66.7,2,0,57.9,2,66,23.4,84,1,1,5,1,27,20,0.4,13.5,0,1,6.3,79.3,90.4,8.0,6.3,2,3,10.3,60.8,0,23,3.7,1,3,92.0,23,197,69.9,218,11,25,29,0,176,96,1.0,7.7
De'Vondre Campbell,10749,LB,ATL,16,442,0,2,1,8.4,62.5,68.8,14.7,9.2,0,2,12.5,60.8,1,21,0.0,0,1,79.7,10,159,36.0,231,3,8,16,1,118,67,0.8,11.8,0,6,5.1,91.5,91.4,5.7,5.2,0,1,2.1,39.0,1,31,4.3,2,0,112.9,43,254,57.5,278,13,39,47,2,461,258,1.9,10.7
Hassan Ridgeway,10750,DI,PHI,7,6,0,24,0,,,0.0,,,0,0,,,0,,,0,0,0.0,0,0,0.0,41,1,0,0,0,0,0,,,0,1,,,5.5,,,0,0,,58.1,0,,0.0,0,0,0.0,0,5,83.3,91,1,0,0,0,0,0,0.0,
Juston Burris,10752,S,CLV,12,198,0,8,0,7.2,50.0,84.6,16.7,8.3,0,1,16.7,54.6,0,59,33.3,1,0,86.8,3,55,27.8,65,0,2,6,0,62,59,1.2,20.7,0,0,13.5,87.5,86.6,18.1,15.9,1,2,25.0,63.4,2,28,11.1,1,2,118.8,7,129,65.2,149,4,8,8,1,118,20,0.9,16.9
David Onyemata,10754,DI,NO,16,7,0,20,0,,,0.0,,,0,0,,60.0,0,,0.0,0,0,0.0,0,0,0.0,138,2,1,0,0,0,0,,,0,1,6.0,100.0,3.0,6.0,6.0,0,0,0.0,52.3,0,10,71.4,5,0,108.3,1,7,100.0,237,1,1,1,0,10,4,1.7,10.0
Andrew Billings,10756,DI,CIN,16,7,0,7,0,,,1.2,,,0,0,,59.5,0,,,0,0,0.0,0,1,14.3,84,0,0,0,0,0,0,0.0,,0,0,,,3.0,,,1,0,,49.3,0,,33.3,1,0,0.0,0,6,85.7,197,2,2,0,0,0,0,0.0,
Deon Bush,10758,S,CHI,14,50,0,6,0,20.5,50.0,100.0,9.0,4.5,0,0,0.0,77.1,0,8,0.0,0,0,60.4,1,9,18.0,9,1,1,2,0,8,3,0.9,8.0,0,0,4.3,66.7,93.8,14.5,9.7,0,1,33.3,79.7,0,11,0.0,0,1,84.0,2,30,60.0,32,2,3,3,0,19,11,0.7,9.5
Blake Martinez,10765,LB,GB,18,654,0,12,2,0.3,91.7,87.1,16.3,14.9,0,0,0.0,60.9,0,22,14.3,2,0,89.9,11,196,30.0,225,4,10,12,0,67,58,0.4,6.1,0,8,4.9,83.1,98.5,7.9,6.6,0,2,3.4,57.8,1,38,7.4,4,1,94.2,49,401,61.3,407,15,42,59,0,490,304,1.3,10.0
Dean Lowry,10771,DI,GB,18,3,0,12,0,,,0.0,,,0,0,,,0,,,0,0,0.0,0,0,0.0,139,0,0,0,0,0,0,,,0,1,,,1.5,,,0,0,,57.8,1,,0.0,0,0,0.0,0,3,100.0,196,0,0,0,0,0,0,0.0,
Ronald Blair III,10776,ED,SF,9,2,0,28,0,,,0.0,,,0,0,,60.0,0,,0.0,0,0,0.0,0,0,0.0,19,2,1,0,0,0,0,,,0,1,3.0,0.0,2.2,,2.0,0,0,0.0,62.2,0,,0.0,0,0,39.6,0,2,100.0,90,2,0,1,0,0,0,0.0,
Matthew Judon,10780,ED,BLT,17,113,0,3,0,-2.5,50.0,13.3,32.0,16.0,0,0,0.0,51.4,0,8,28.6,2,0,60.4,1,35,31.0,263,8,5,2,0,8,12,0.3,8.0,0,1,2.5,70.0,28.2,9.6,6.7,0,0,0.0,53.1,0,41,27.3,3,0,97.5,7,73,64.6,259,8,7,10,0,89,76,1.3,12.7
Quinton Jefferson,10781,DI,SEA,16,3,0,29,0,,,0.0,,,0,0,,60.0,0,,100.0,1,0,0.0,0,0,0.0,96,4,0,0,0,0,0,,,0,0,,,0.6,,,0,0,,58.8,0,,100.0,1,0,0.0,0,2,66.7,324,2,0,0,0,0,0,0.0,
LeShaun Sims,10791,CB,TEN,9,231,0,31,0,12.0,72.7,100.0,11.9,8.6,0,2,18.2,55.6,0,29,16.7,1,1,135.2,8,104,45.0,104,1,5,11,2,87,28,0.9,10.9,0,4,12.9,75.0,99.1,9.2,6.9,0,1,6.3,50.9,0,35,23.5,4,0,104.9,12,114,49.4,115,2,9,16,0,155,70,1.4,12.9
Kentrell Brothers,10794,LB,MIN,5,62,0,18,0,,,87.5,,,0,0,,64.0,0,,,0,0,0.0,0,7,11.3,8,0,0,0,0,0,0,0.0,,0,1,7.1,85.7,100.0,4.3,3.7,0,0,0.0,50.4,0,18,0.0,0,0,99.7,12,52,83.9,52,1,7,14,0,111,44,2.1,9.3
DJ Reader,10800,DI,HST,17,3,0,13,0,,,0.0,,,0,0,,61.7,0,,0.0,0,0,0.0,0,0,0.0,208,2,1,0,0,0,0,,,0,1,4.0,100.0,1.1,2.0,2.0,0,0,0.0,58.2,0,7,0.0,0,0,95.8,1,2,66.7,182,3,2,1,0,7,3,3.5,7.0
Marqui Christian,10801,S,LA,14,279,0,26,2,11.2,50.0,97.3,34.3,17.2,0,1,16.7,69.6,0,19,0.0,0,1,106.3,3,107,38.4,110,2,4,6,3,33,10,0.3,11.0,0,1,7.1,76.5,98.0,10.8,8.2,0,1,5.9,64.4,0,38,6.7,1,1,100.1,13,145,52.0,148,4,13,17,0,140,55,1.0,10.8
Jatavis Brown,10809,LB,LAC,7,68,0,27,0,2.0,100.0,80.0,4.0,4.0,0,0,0.0,43.3,0,26,100.0,1,0,158.3,1,4,5.9,5,0,0,1,1,26,24,6.5,26.0,0,1,3.3,100.0,98.3,12.0,12.0,0,0,0.0,47.3,0,11,50.0,3,0,102.1,4,57,83.8,58,0,2,4,0,34,21,0.7,8.5
Devante Bond,10817,ED,CHI,4,5,0,6,0,,,16.7,,,0,0,,61.2,0,,,0,0,0.0,0,2,40.0,12,0,0,0,0,0,0,0.0,,0,0,14.0,100.0,27.3,3.0,3.0,0,0,0.0,44.3,0,19,0.0,0,0,118.8,1,3,60.0,11,0,1,1,0,19,5,6.3,19.0
DeAndre Houston-Carson,10819,S,CHI,2,2,0,6,0,,,,,,0,0,,,0,,,0,0,0.0,0,0,0.0,0,0,0,0,0,0,0,,,0,0,,,100.0,,,0,0,,60.0,0,,,0,0,0.0,0,1,50.0,1,0,0,0,0,0,0,0.0,
Anthony Brown,10823,CB,DAL,9,196,0,9,0,13.6,61.5,100.0,8.3,5.1,0,2,15.4,46.6,0,24,20.0,1,2,88.6,8,72,36.7,72,0,4,13,0,110,37,1.7,13.8,0,0,7.2,55.6,94.0,21.4,11.9,1,3,33.3,71.2,0,17,28.6,2,2,70.1,5,110,56.1,117,1,5,9,0,47,24,0.4,9.4
Anthony Zettel,10836,ED,SF,8,2,0,28,0,,,6.3,,,0,0,,60.2,0,,0.0,0,0,0.0,0,1,50.0,16,0,1,0,0,0,0,0.0,,0,0,,,1.5,,,0,0,,59.7,0,,0.0,0,0,0.0,0,1,50.0,65,2,2,0,0,0,0,0.0,
Jordan Lucas,10838,S,KC,12,31,0,16,0,,,100.0,,,0,0,,29.8,0,,100.0,1,0,0.0,0,12,38.7,12,0,0,0,0,0,0,0.0,,0,0,8.5,0.0,92.9,,6.5,1,0,0.0,40.0,0,,,0,0,39.6,0,13,41.9,14,0,0,2,0,0,0,0.0,
Kamu Grugier-Hill,10842,LB,PHI,10,141,0,24,1,-0.3,85.7,81.2,9.2,7.9,0,1,14.3,74.5,0,12,40.0,2,0,86.9,6,56,39.7,69,0,2,7,0,34,43,0.6,5.7,0,2,2.3,91.7,96.3,6.9,6.3,0,0,0.0,42.8,0,29,33.3,3,0,105.6,11,79,56.0,82,3,4,12,0,112,92,1.5,10.2
Maurice Canady,10843,CB,NYJ,12,263,0,22,0,12.9,50.0,100.0,8.5,4.3,0,4,20.0,72.3,0,21,0.0,0,3,65.4,10,93,35.4,93,1,11,20,0,104,4,1.2,10.4,0,1,9.9,75.0,99.3,8.8,6.6,0,2,10.0,69.0,1,83,5.3,1,1,103.5,15,141,53.6,142,5,17,20,1,207,74,1.6,13.8
Kavon Frazier,10846,S,DAL,2,12,0,9,0,,,100.0,,,0,0,,62.6,0,,,0,0,0.0,0,3,25.0,3,0,0,0,0,0,0,0.0,,0,0,4.0,100.0,100.0,8.0,8.0,0,0,0.0,64.9,0,4,0.0,0,0,83.3,1,8,66.7,8,0,1,1,0,4,0,0.5,4.0
Elandon Roberts,10848,LB,NE,15,70,0,19,0,0.0,100.0,61.1,20.0,20.0,0,0,0.0,59.6,0,18,50.0,1,0,118.8,1,22,31.4,36,2,1,1,0,18,18,0.9,18.0,0,1,5.3,75.0,87.0,6.0,4.5,0,1,12.5,64.6,0,24,0.0,0,1,97.9,6,40,57.1,46,2,7,8,0,64,30,1.8,10.7
Will Parks,10853,S,DEN,14,367,0,10,0,20.3,44.4,93.8,28.3,12.6,0,0,0.0,55.5,0,25,0.0,0,0,110.0,4,120,32.7,128,1,3,9,1,73,28,0.6,18.3,0,0,6.9,85.0,98.0,10.7,9.1,0,0,0.0,53.0,0,36,9.1,1,0,124.0,17,196,53.4,200,4,10,20,1,195,89,1.1,11.5
Stephen Weatherly,10861,ED,MIN,18,6,0,18,0,,,2.2,,,0,0,,58.2,0,,100.0,1,0,0.0,0,2,33.3,91,0,0,0,0,0,0,0.0,,0,1,,,1.9,,,0,0,,48.6,0,,33.3,2,0,0.0,0,4,66.7,208,3,3,0,0,0,0,0.0,
Jalen Mills,10867,CB,PHI,10,366,0,24,0,16.1,50.0,99.5,9.2,4.6,0,2,5.3,31.7,0,75,6.3,1,2,106.4,19,188,51.4,189,3,15,38,3,331,120,1.9,17.4,0,0,13.2,77.3,98.8,9.4,7.3,1,1,4.5,77.3,1,34,6.7,1,1,100.0,17,165,45.1,167,2,14,22,1,197,34,1.2,11.6
Jayron Kearse,10878,CB,MIN,13,168,0,18,0,11.0,50.0,100.0,12.3,6.2,0,1,16.7,71.8,0,21,0.0,0,1,63.9,3,41,24.4,41,2,4,6,0,29,13,0.8,9.7,0,2,5.3,76.9,94.1,10.7,8.2,0,2,15.4,77.3,0,10,10.0,1,2,85.4,10,111,66.1,118,2,7,13,0,60,51,0.6,6.0
Clayton Fejedelem,10879,S,CIN,9,74,0,7,0,3.0,100.0,92.6,25.0,25.0,0,0,0.0,66.8,0,7,0.0,0,0,95.8,1,25,33.8,27,0,2,1,0,7,4,0.3,7.0,0,2,,,95.7,,,0,0,,68.6,0,,0.0,0,0,0.0,0,44,59.5,46,0,5,0,0,0,0,0.0,
Tyler Matakevich,10880,LB,PIT,5,12,0,25,0,6.0,0.0,100.0,,2.0,0,0,0.0,61.3,0,,,0,0,39.6,0,2,16.7,2,0,0,1,0,0,0,0.0,,0,0,4.0,100.0,100.0,4.5,4.5,0,0,0.0,75.1,0,8,0.0,0,0,89.6,2,9,75.0,9,1,1,2,0,11,3,1.2,5.5
Joe Walker,10885,LB,ARZ,12,259,0,1,0,11.8,60.0,86.5,12.2,7.3,0,1,10.0,57.9,0,36,0.0,0,0,89.6,6,77,29.7,89,3,5,10,0,90,31,1.2,15.0,0,2,2.8,87.0,90.6,7.5,6.5,0,0,0.0,39.2,0,39,33.3,8,0,104.0,20,154,59.5,170,3,14,23,0,206,155,1.4,10.3
Mike Hilton,10898,CB,PIT,16,377,0,25,1,12.4,55.6,83.0,11.0,6.1,0,4,22.2,60.8,0,41,8.3,1,3,83.1,10,117,31.0,141,2,10,18,0,150,39,1.4,15.0,0,2,7.6,68.6,85.9,8.7,5.9,2,3,8.6,78.4,1,30,19.4,6,3,97.6,24,220,58.4,256,15,23,35,2,262,108,1.3,10.9
Jarrod Wilson,10902,S,JAX,16,601,0,15,1,8.2,81.8,91.4,20.7,16.9,0,1,9.1,71.3,1,25,15.4,2,1,94.7,9,203,33.8,222,3,10,11,1,94,33,0.5,10.4,0,5,7.5,65.4,98.2,20.8,13.6,0,4,15.4,78.1,1,23,0.0,0,2,67.6,17,372,61.9,379,5,25,26,0,169,89,0.5,9.9
Briean Boddy-Calhoun,10903,CB,IND,3,53,0,14,0,,,100.0,,,0,0,,52.6,0,,,0,0,0.0,0,7,13.2,7,0,0,0,0,0,0,0.0,,0,2,2.4,88.9,89.6,5.4,4.8,0,0,0.0,54.9,0,11,11.1,1,0,87.5,8,43,81.1,48,2,6,9,0,45,28,1.0,5.6
Cassanova McKinzy,10938,ED,WAS,3,3,0,32,0,,,0.0,,,0,0,,,0,,,0,0,0.0,0,0,0.0,8,0,0,0,0,0,0,,,0,0,,,12.5,,,0,0,,61.1,0,,,0,0,0.0,0,2,66.7,16,1,0,0,0,0,0,0.0,
Matthias Farley,10953,S,NYJ,1,2,0,22,0,,,100.0,,,0,0,,60.0,0,,,0,0,0.0,0,1,50.0,1,0,0,0,0,0,0,0.0,,0,0,,,,,,0,0,,,0,,,0,0,0.0,0,0,0.0,0,0,0,0,0,0,0,,
Sharrod Neasman,11050,S,ATL,6,7,0,2,0,,,100.0,,,0,0,,60.8,0,,,0,0,0.0,0,3,42.9,3,0,0,0,0,0,0,0.0,,0,0,,,100.0,,,0,0,,60.3,0,,,0,0,0.0,0,2,28.6,2,0,0,0,0,0,0,0.0,
Brian Poole,11052,CB,NYJ,14,499,0,22,1,13.3,45.8,96.0,13.7,6.3,0,1,4.2,54.8,0,29,0.0,0,0,76.9,11,170,34.1,177,2,12,24,1,131,64,0.9,11.9,0,1,7.4,73.1,93.3,13.2,9.7,0,4,15.4,81.1,1,14,14.8,4,3,63.8,19,263,52.7,282,11,22,26,0,105,65,0.4,5.5
Trevon Coley,11093,DI,IND,6,4,0,14,0,,,0.0,,,0,0,,,0,,,0,0,0.0,0,0,0.0,5,0,0,0,0,0,0,,,0,0,1.0,100.0,11.5,3.0,3.0,0,0,0.0,55.4,0,3,75.0,3,0,79.2,1,3,75.0,26,1,1,1,0,3,2,1.0,3.0
Patrick Onwuasor,11100,LB,BLT,15,217,0,3,1,2.8,70.0,61.6,9.7,6.8,0,1,10.0,79.6,0,9,12.5,1,1,72.9,7,77,35.5,125,4,6,10,0,28,32,0.4,4.0,0,3,3.7,96.3,80.5,4.3,4.2,0,0,0.0,37.9,0,65,22.2,6,0,118.8,26,120,55.3,149,8,18,27,0,362,265,3.2,13.9
Michael Pierce,11101,DI,BLT,14,5,0,3,0,,,0.7,,,0,0,,62.4,0,,0.0,0,0,0.0,0,1,20.0,147,1,1,0,0,0,0,0.0,,0,2,,,2.1,,,0,0,,56.0,0,,33.3,1,0,0.0,0,3,60.0,142,0,0,0,0,0,0,0.0,
Reggie Gilbert,11147,ED,TEN,12,12,0,31,0,11.0,100.0,4.3,3.0,3.0,0,0,0.0,44.7,0,8,,0,0,139.6,1,3,25.0,70,1,0,1,1,8,0,2.7,8.0,0,0,2.7,100.0,7.6,2.7,2.7,0,0,0.0,76.6,0,8,0.0,0,0,93.1,3,9,75.0,119,2,3,3,0,19,11,2.4,6.3
Brennan Scarlett,11169,ED,HST,17,72,0,13,0,9.0,50.0,10.9,12.0,6.0,0,0,0.0,51.8,0,19,0.0,0,0,83.3,1,13,18.1,119,2,3,2,0,19,17,1.6,19.0,0,1,3.1,100.0,33.1,6.1,6.1,0,0,0.0,62.5,0,13,10.0,1,0,97.4,8,52,72.2,157,6,8,8,0,59,34,1.2,7.4
Cory Littleton,11190,LB,LA,16,562,0,26,1,3.5,50.0,75.8,46.0,23.0,1,1,16.7,79.5,1,14,0.0,0,1,19.4,3,147,26.2,194,3,4,6,0,22,20,0.2,7.3,0,8,4.6,83.1,95.6,6.5,5.4,1,5,7.7,75.0,1,38,1.9,1,4,99.9,54,371,66.0,388,17,43,65,1,539,303,1.5,10.0
James Burgess,11202,LB,NYJ,10,374,0,22,1,4.1,62.5,71.4,15.6,9.8,1,1,12.5,68.0,0,34,16.7,1,1,93.8,5,85,22.7,119,2,4,8,0,76,39,1.0,15.2,0,4,3.6,81.0,93.4,6.4,5.1,0,1,2.4,47.3,1,70,9.4,3,1,110.8,34,227,60.7,243,9,25,42,2,385,282,1.8,11.3
Jonathan Jones,11217,CB,NE,16,478,0,19,1,13.1,58.8,100.0,8.9,5.2,0,9,17.6,63.3,0,64,4.3,1,9,113.5,30,290,60.7,290,6,21,51,4,444,183,1.7,14.8,0,3,8.0,71.4,98.7,9.1,6.5,0,1,4.8,76.0,0,24,11.8,2,0,91.0,15,151,31.6,153,5,12,21,0,148,87,1.1,9.9
Cre'Von LeBlanc,11218,CB,PHI,5,92,0,24,0,11.6,42.9,95.3,13.0,5.6,0,3,42.9,56.7,0,38,33.3,1,3,89.6,3,41,44.6,43,0,2,7,0,87,56,2.2,29.0,0,0,2.6,72.7,92.5,5.9,4.3,0,1,9.1,57.7,0,9,16.7,1,1,84.7,8,49,53.3,53,3,5,11,0,58,43,1.2,7.3
Ken Crawley,11224,CB,MIA,4,81,0,17,0,12.9,62.5,100.0,8.4,5.3,0,1,12.5,62.5,0,17,0.0,0,0,80.7,5,47,58.0,47,0,4,8,0,51,23,1.2,10.2,0,0,0.0,100.0,100.0,22.0,22.0,0,0,0.0,43.6,0,9,100.0,2,0,104.2,1,24,29.6,24,0,0,1,0,9,9,0.4,9.0
Andrew Adams,11240,S,TB,12,414,0,30,1,2.0,66.7,93.0,55.0,36.7,0,0,0.0,68.0,1,7,0.0,0,0,33.3,2,120,29.0,129,0,6,3,0,11,4,0.1,5.5,0,1,7.4,60.0,98.1,84.0,50.4,0,1,20.0,67.9,0,11,5.6,1,1,67.9,3,263,63.5,268,2,16,5,0,19,5,0.1,6.3
Dont'e Deayon,11242,CB,LA,2,31,0,26,0,,,100.0,,,0,0,,61.4,0,,,0,0,0.0,0,2,6.5,2,0,0,0,0,0,0,0.0,,0,0,,,100.0,,,0,0,,71.7,0,,0.0,0,0,0.0,0,26,83.9,26,1,1,0,0,0,0,0.0,
Romeo Okwara,11250,ED,DET,14,22,0,11,0,2.5,50.0,2.5,6.0,3.0,0,1,50.0,50.4,0,20,100.0,1,0,85.4,1,6,27.3,242,0,0,2,0,20,20,3.3,20.0,0,0,0.3,100.0,12.5,5.0,5.0,0,0,0.0,48.1,0,9,0.0,0,0,94.4,3,16,72.7,128,3,3,3,0,20,19,1.3,6.7
Doug Middleton,11262,S,JAX,1,15,0,15,0,,,100.0,,,0,0,,61.8,0,,,0,0,0.0,0,12,80.0,12,0,0,0,0,0,0,0.0,,0,0,,,100.0,,,0,0,,61.7,0,,,0,0,0.0,0,2,13.3,2,0,0,0,0,0,0,0.0,
Steve Longa,11285,LB,DET,2,18,0,11,0,,,69.2,,,0,0,,50.2,0,,,0,0,0.0,0,9,50.0,13,0,0,0,0,0,0,0.0,,0,0,3.5,100.0,100.0,3.5,3.5,0,0,0.0,48.1,0,9,0.0,0,0,87.5,2,8,44.4,8,1,1,2,0,10,3,1.4,5.0
Kevin Peterson,11302,CB,ARZ,8,183,0,1,1,11.2,60.0,98.6,10.3,6.2,0,3,30.0,64.3,0,57,20.0,1,1,104.2,6,71,38.8,72,0,3,10,0,146,86,2.4,24.3,0,1,6.8,83.3,97.2,10.0,8.3,0,0,0.0,57.6,0,17,7.7,1,0,102.4,10,105,57.4,108,3,11,12,0,103,43,1.0,10.3
Rolan Milligan,11303,CB,IND,6,91,0,14,0,26.0,33.3,87.5,19.0,6.3,0,0,0.0,47.7,0,40,,0,0,121.5,1,21,23.1,24,0,0,3,1,40,0,2.1,40.0,0,1,6.8,80.0,86.1,7.6,6.1,0,0,0.0,55.1,0,27,22.2,2,0,98.8,8,62,68.1,72,1,6,10,0,77,27,1.3,9.6
Pete Robertson,11317,ED,ARZ,2,2,0,1,0,,,0.0,,,0,0,,,0,,,0,0,0.0,0,0,0.0,1,0,0,0,0,0,0,,,0,0,,,50.0,,,0,0,,60.8,0,,,0,0,0.0,0,2,100.0,4,0,0,0,0,0,0,0.0,
Antwaun Woods,11332,DI,DAL,10,3,0,9,0,,,0.0,,,0,0,,,0,,,0,0,0.0,0,0,0.0,21,0,0,0,0,0,0,,,0,1,,,2.3,,,0,0,,59.1,0,,33.3,1,0,0.0,0,3,100.0,129,0,1,0,0,0,0,0.0,
Roy Robertson-Harris,11341,DI,CHI,15,8,0,6,0,,,0.0,,,0,0,,60.0,0,,0.0,0,0,0.0,0,0,0.0,98,1,1,0,0,0,0,,,0,0,,,3.0,,,0,1,,64.7,0,,25.0,1,1,0.0,0,7,87.5,230,3,3,0,0,0,0,0.0,
Antonio Hamilton Sr.,11353,CB,NYG,6,77,0,21,0,8.5,63.6,100.0,4.6,2.9,0,2,18.2,52.7,0,18,33.3,2,2,80.9,7,35,45.5,35,2,4,11,0,68,33,2.1,9.7,0,0,15.8,66.7,95.3,9.5,6.3,0,2,33.3,65.8,0,41,0.0,0,2,109.0,4,41,53.2,43,1,4,6,0,74,20,1.9,18.5
Tony McRae,11358,CB,CIN,8,120,0,7,0,7.4,88.9,97.9,5.8,5.1,0,0,0.0,41.0,0,40,16.7,1,0,150.0,8,46,38.3,47,0,5,9,1,100,46,2.2,12.5,0,0,14.4,60.0,92.9,10.2,6.1,0,1,10.0,56.7,0,33,12.5,1,1,95.8,6,65,54.2,70,1,7,10,0,105,40,1.7,17.5
Branden Jackson,11394,ED,SEA,17,6,0,29,0,,,1.7,,,0,0,,67.2,0,,0.0,0,0,0.0,0,1,16.7,58,2,1,0,0,0,0,0.0,,0,0,0.0,66.7,2.7,2.5,1.7,0,1,33.3,56.6,0,12,25.0,1,1,84.0,2,5,83.3,188,2,3,3,0,19,19,3.8,9.5
Javien Elliott,11418,CB,CAR,11,313,0,5,0,10.6,40.0,92.3,16.5,6.6,0,0,0.0,51.9,0,10,0.0,0,0,47.9,2,36,11.5,39,0,2,5,0,14,6,0.4,7.0,0,3,5.6,88.5,94.2,9.7,8.6,0,1,3.8,67.8,1,23,9.1,2,1,86.2,23,242,77.3,257,7,17,26,0,222,117,1.0,9.7
Myles Garrett,11756,ED,CLV,10,9,0,8,0,,,1.9,,,0,0,,60.6,0,,,0,0,0.0,0,2,22.2,103,2,0,0,0,0,0,0.0,,0,0,,,3.4,,,0,0,,32.4,0,,,0,0,0.0,0,7,77.8,208,7,0,0,0,0,0,0.0,
Solomon Thomas,11758,ED,SF,19,6,0,28,0,,,3.0,,,0,0,,64.1,0,,0.0,0,0,0.0,0,2,33.3,67,1,1,0,0,0,0,0.0,,0,1,-0.5,100.0,1.3,1.5,1.5,0,0,0.0,65.6,0,8,0.0,0,0,87.5,2,3,50.0,224,4,2,2,0,10,11,3.3,5.0
Jamal Adams,11761,S,NYJ,14,517,0,22,1,4.9,60.0,80.7,24.8,14.9,0,2,20.0,80.5,0,20,6.3,1,2,71.7,6,167,32.3,207,7,14,10,0,47,23,0.3,7.8,0,1,6.9,58.8,83.3,26.8,15.8,1,2,11.8,89.7,1,21,10.0,2,2,43.5,10,279,54.0,335,12,17,17,0,69,32,0.3,6.9
Marshon Lattimore,11766,CB,NO,15,595,0,20,1,14.5,45.2,99.4,10.9,4.9,1,9,29.0,68.4,1,66,0.0,0,7,71.2,14,172,28.9,173,1,11,31,1,254,84,1.7,18.1,0,2,12.1,60.0,100.0,13.1,7.9,1,3,6.7,61.9,0,57,10.8,4,3,87.5,27,376,63.2,376,7,31,45,0,383,94,1.1,14.2
Haason Reddick,11768,LB,ARZ,16,347,0,1,1,7.1,72.2,61.4,7.1,5.1,0,3,16.7,45.7,0,26,10.0,1,3,129.2,13,102,29.4,166,6,8,18,2,129,73,1.4,9.9,0,5,4.9,82.9,78.3,6.0,5.0,0,1,2.4,30.2,0,22,11.5,3,1,100.1,34,216,62.2,276,10,18,41,0,329,210,1.6,9.7
Derek Barnett,11769,ED,PHI,15,14,0,24,0,,,0.5,,,0,0,,60.0,0,,100.0,1,0,0.0,0,1,7.1,213,1,0,0,0,0,0,0.0,,0,0,6.5,50.0,5.0,13.0,6.5,0,0,0.0,55.5,0,14,50.0,3,0,72.9,1,13,92.9,262,7,3,2,0,14,4,1.1,14.0
Malik Hooker,11770,S,IND,13,502,0,14,2,6.0,71.4,100.0,21.6,15.4,0,1,14.3,52.5,0,21,12.5,1,1,141.1,5,121,24.1,121,1,5,7,1,67,31,0.6,13.4,0,4,13.0,69.2,100.0,36.0,24.9,0,0,0.0,56.1,1,35,13.6,3,0,113.8,9,338,67.3,338,1,15,13,4,145,42,0.4,16.1
Marlon Humphrey,11771,CB,BLT,17,610,0,3,0,10.3,47.8,98.7,12.5,6.0,0,11,23.9,74.4,1,35,14.3,3,9,61.7,22,303,49.7,307,5,18,46,1,238,106,0.9,10.8,0,5,10.2,74.3,87.8,9.5,7.1,0,1,2.9,69.1,2,54,12.9,4,1,88.3,26,260,42.6,296,9,22,35,1,324,133,1.3,12.5
Jonathan Allen,11772,DI,WAS,15,3,0,32,0,,,0.0,,,0,0,,,0,,,0,0,0.0,0,0,0.0,143,4,0,0,0,0,0,,,0,0,0.0,0.0,1.3,,3.0,0,0,0.0,67.0,0,,0.0,0,0,39.6,0,3,100.0,230,6,4,1,0,0,0,0.0,
Adoree' Jackson,11773,CB,TEN,14,548,0,31,0,11.5,58.1,100.0,9.3,5.4,0,7,22.6,71.2,0,39,5.6,1,5,82.5,18,187,34.1,187,4,17,31,0,238,69,1.4,13.2,0,3,11.1,64.3,98.8,17.7,11.4,2,5,17.9,82.5,0,21,8.0,2,4,79.0,18,332,60.6,336,9,20,28,0,157,87,0.5,8.7
Jarrad Davis,11776,LB,DET,11,335,0,11,2,7.3,60.0,78.9,29.2,17.5,0,0,0.0,58.9,0,30,16.7,2,0,87.9,6,191,57.0,242,5,8,10,0,86,62,0.5,14.3,0,3,10.3,82.6,91.1,5.8,4.8,0,1,4.3,27.4,0,34,27.3,3,1,118.8,19,113,33.7,124,2,5,23,0,308,116,2.8,16.2
Charles Harris,11777,ED,MIA,14,9,0,17,0,,,1.3,,,0,0,,62.9,0,,50.0,1,0,0.0,0,2,22.2,151,1,1,0,0,0,0,0.0,,0,1,,,7.9,,,0,0,,76.9,0,,0.0,0,0,0.0,0,6,66.7,76,1,1,0,0,0,0,0.0,
Gareon Conley,11779,CB,HST,16,583,0,13,0,14.4,43.9,100.0,13.1,5.7,1,12,29.3,59.8,0,74,26.7,4,11,103.2,18,255,43.7,255,1,11,41,4,315,138,1.3,17.5,0,4,16.0,60.0,100.0,11.5,6.9,1,5,12.5,65.5,1,39,5.7,2,3,87.2,24,295,50.6,295,8,29,40,2,277,57,1.0,11.5
Jabrill Peppers,11780,S,NYG,11,372,0,21,1,6.4,35.7,87.8,18.8,6.7,0,1,7.1,66.4,1,18,0.0,0,1,14.9,5,101,27.2,115,2,6,14,0,43,22,0.5,8.6,0,3,5.8,95.0,95.1,12.7,12.1,0,1,5.0,61.8,0,29,12.5,3,1,112.7,19,255,68.5,268,6,18,20,0,221,114,0.9,11.6
Takk McKinley,11781,ED,ATL,14,28,0,2,0,5.0,100.0,13.8,16.0,16.0,0,0,0.0,54.5,0,16,100.0,1,0,118.8,1,18,64.3,130,2,0,1,0,16,11,1.0,16.0,0,0,3.0,100.0,3.5,4.0,4.0,0,0,0.0,49.9,0,12,33.3,1,0,116.7,1,6,21.4,171,2,2,1,0,12,9,3.0,12.0
Tre'Davious White,11782,CB,BUF,16,640,0,4,0,11.7,44.4,98.6,12.7,5.6,1,7,19.4,74.5,1,57,6.7,1,5,55.3,16,219,34.2,222,2,14,36,0,240,101,1.2,15.0,0,3,10.2,71.1,99.2,11.6,8.2,1,3,6.7,62.1,3,45,20.0,7,2,68.2,32,384,60.0,387,8,25,45,0,374,115,1.0,11.7
Taco Charlton,11783,ED,MIA,10,17,0,17,0,-4.0,100.0,4.8,6.0,6.0,0,1,100.0,49.7,0,11,0.0,0,0,112.5,1,7,41.2,145,4,1,1,0,11,15,1.8,11.0,0,0,0.0,100.0,12.0,10.0,10.0,0,0,0.0,65.5,0,7,0.0,0,0,95.8,1,10,58.8,83,1,1,1,0,7,7,0.7,7.0
T.J. Watt,11785,ED,PIT,16,52,0,25,0,,,3.8,,,0,0,,53.8,0,,,0,0,0.0,0,7,13.5,186,9,0,0,0,0,0,0.0,,0,1,3.0,80.0,12.6,9.8,7.8,0,0,0.0,83.0,2,6,16.7,1,0,39.6,4,41,78.8,326,7,4,5,0,10,7,0.3,2.5
Kevin King,11788,CB,GB,17,570,0,12,0,13.3,55.0,100.0,8.0,4.4,2,9,22.5,57.3,2,58,11.1,2,9,79.4,22,192,33.7,192,2,16,40,1,422,138,2.4,19.2,0,1,12.7,70.7,100.0,11.0,7.8,1,3,7.3,59.8,2,66,12.8,5,2,113.0,29,328,57.5,328,9,33,41,3,471,174,1.5,16.2
Budda Baker,11791,S,ARZ,16,640,0,1,3,9.9,66.7,87.6,24.0,16.0,0,2,16.7,61.3,0,42,9.1,2,2,145.8,8,204,31.9,233,2,17,12,2,140,62,0.7,17.5,0,5,5.5,81.3,93.0,14.2,11.5,0,5,15.6,62.4,0,33,1.9,1,4,99.5,26,386,60.3,415,12,47,32,0,252,143,0.7,9.7
Marcus Maye,11794,S,NYJ,16,691,0,22,1,9.0,50.0,98.7,104.0,52.0,0,0,0.0,75.2,1,36,18.8,3,0,47.9,2,231,33.4,234,2,12,4,0,42,20,0.2,21.0,0,3,19.5,45.5,99.2,70.6,32.1,1,4,36.4,65.5,0,33,12.5,2,4,109.7,5,373,54.0,376,1,11,11,1,104,38,0.3,20.8
Marcus Williams,11797,S,NO,16,684,0,20,3,7.0,57.1,97.0,42.8,24.4,1,2,28.6,77.9,1,23,12.5,2,2,44.0,4,192,28.1,198,2,11,7,0,57,61,0.3,14.3,0,3,9.3,53.8,100.0,58.6,31.5,2,4,30.8,73.4,1,22,21.7,5,4,63.9,7,439,64.2,439,2,15,13,1,73,43,0.2,10.4
Sidney Jones IV,11798,CB,PHI,10,205,0,24,0,14.6,35.0,97.4,10.6,3.7,0,5,25.0,46.8,1,58,33.3,1,4,70.8,7,75,36.6,77,1,2,20,2,130,72,1.8,18.6,0,1,5.8,76.9,100.0,10.9,8.4,0,1,7.7,79.3,1,18,0.0,0,1,58.5,10,116,56.6,116,8,13,13,0,76,32,0.7,7.6
Quincy Wilson,11801,CB,IND,8,97,0,14,0,12.4,60.0,94.6,5.0,3.0,0,2,20.0,28.8,0,24,0.0,0,0,124.6,6,35,36.1,37,0,5,10,1,94,20,3.1,15.7,0,1,7.4,85.7,88.1,7.7,6.6,0,0,0.0,53.5,0,19,0.0,0,0,147.9,6,52,53.6,59,1,3,7,1,70,33,1.5,11.7
Tyus Bowser,11802,ED,BLT,17,86,0,3,0,17.0,0.0,20.2,,31.0,0,1,100.0,74.3,0,,0.0,0,1,39.6,0,33,38.4,163,2,1,1,0,0,0,0.0,,0,1,1.5,50.0,38.9,25.5,12.8,0,0,0.0,52.5,0,11,0.0,0,0,63.5,2,51,59.3,131,6,4,4,0,19,17,0.4,9.5
Ryan Anderson,11804,ED,WAS,16,77,0,32,0,17.8,75.0,12.2,4.7,3.5,0,0,0.0,31.1,0,32,0.0,0,0,156.3,3,14,18.2,115,1,1,4,3,74,36,5.3,24.7,0,3,6.6,77.8,32.8,7.9,6.1,0,1,11.1,76.2,0,15,0.0,0,1,131.5,7,58,75.3,177,5,7,9,1,60,17,1.1,8.6
Raekwon McMillan,11809,LB,MIA,13,179,0,17,1,-0.3,100.0,70.2,20.7,20.7,0,0,0.0,52.5,0,27,42.9,3,0,118.8,3,73,40.8,104,1,3,3,0,56,57,0.9,18.7,0,1,7.5,83.3,88.3,9.5,7.9,1,0,0.0,46.4,0,24,14.3,1,0,113.2,10,98,54.7,111,1,5,12,0,134,68,1.4,13.4
Zach Cunningham,11812,LB,HST,18,635,0,13,0,4.2,64.0,85.0,17.1,10.9,0,3,12.0,56.3,0,51,26.1,6,3,131.3,16,295,46.5,347,7,17,25,3,218,208,0.8,13.6,0,5,4.3,87.2,96.1,8.3,7.2,0,2,5.1,55.8,0,34,16.2,6,1,96.3,34,297,46.8,309,10,26,39,0,277,219,1.0,8.1
Tanoh Kpassagnon,11814,ED,KC,19,23,0,16,0,3.0,100.0,6.4,12.0,12.0,0,0,0.0,52.5,0,37,0.0,0,0,118.8,1,12,52.2,187,1,1,1,0,37,34,3.1,37.0,0,1,7.0,66.7,3.0,5.0,3.3,1,1,33.3,67.5,0,11,16.7,1,1,85.4,2,10,43.5,329,3,4,3,0,20,13,2.0,10.0
Chidobe Awuzie,11815,CB,DAL,16,655,0,9,0,12.8,50.0,100.0,10.1,5.0,0,10,31.3,64.8,0,40,6.7,1,6,82.8,16,181,27.6,181,2,14,32,1,220,67,1.4,13.8,0,3,12.0,69.6,99.8,10.7,7.4,0,7,12.5,70.9,1,92,8.9,4,5,96.3,39,438,66.9,439,10,38,56,1,506,169,1.2,13.0
Josh Jones,11816,S,DAL,3,9,0,9,0,,,100.0,,,0,0,,67.0,0,,0.0,0,0,0.0,0,8,88.9,8,0,1,0,0,0,0,0.0,,0,0,,,,,,0,0,,,0,,,0,0,0.0,0,0,0.0,0,0,0,0,0,0,0,,
Larry Ogunjobi,11820,DI,CLV,15,2,0,8,0,,,0.8,,,0,0,,60.0,0,,,0,0,0.0,0,1,50.0,130,0,0,0,0,0,0,,,0,0,,,0.4,,,0,0,,65.7,0,,40.0,2,0,0.0,0,1,50.0,275,7,3,0,0,0,0,0.0,
Ahkello Witherspoon,11821,CB,SF,11,368,0,28,0,10.9,68.4,100.0,6.4,4.4,0,4,21.1,63.7,0,76,14.3,1,2,146.5,13,93,25.3,93,2,6,19,3,218,112,2.6,16.8,0,0,14.8,45.5,99.6,15.5,7.1,2,4,12.1,58.5,1,47,26.7,4,3,93.7,15,243,66.0,244,1,11,33,4,212,69,0.9,14.1
Dawuane Smoot,11823,ED,JAX,16,1,0,15,0,,,0.8,,,0,0,,59.9,0,,100.0,1,0,0.0,0,1,100.0,131,2,0,0,0,0,0,0.0,,0,0,,,0.0,,,0,0,,64.1,0,,0.0,0,0,0.0,0,0,0.0,150,6,3,0,0,0,0,,
Jordan Willis,11828,ED,NYJ,9,18,0,22,0,9.0,100.0,10.4,4.0,4.0,0,0,0.0,48.6,0,15,0.0,0,0,118.8,1,5,27.8,48,0,1,1,0,15,6,3.8,15.0,0,1,11.0,100.0,18.0,11.0,11.0,0,0,0.0,51.7,0,12,0.0,0,0,116.7,1,11,61.1,61,1,0,1,0,12,1,1.1,12.0
Duke Riley,11830,LB,PHI,6,9,0,24,0,,,0.0,,,0,0,,,0,,,0,0,0.0,0,0,0.0,1,0,0,0,0,0,0,,,0,0,10.3,33.3,100.0,6.0,2.0,0,0,0.0,49.5,0,20,,0,0,57.6,1,6,66.7,6,0,0,3,0,20,2,3.3,20.0
Alex Anzalone,11831,LB,NO,2,35,0,20,0,,,60.0,,,0,0,,64.6,0,,0.0,0,0,0.0,0,3,8.6,5,0,1,0,0,0,0,0.0,,0,0,9.2,80.0,93.1,6.3,5.0,0,0,0.0,36.4,0,21,0.0,0,0,112.5,4,27,77.1,29,2,4,5,0,55,13,2.2,13.8
Daeshon Hall,11832,ED,PHI,7,1,0,24,0,,,0.0,,,0,0,,,0,,,0,0,0.0,0,0,0.0,8,1,0,0,0,0,0,,,0,0,5.0,100.0,4.0,1.0,1.0,0,0,0.0,60.0,0,9,,0,0,104.2,1,1,100.0,25,0,0,1,0,9,4,9.0,9.0
Tim Williams,11833,ED,GB,4,4,0,12,0,,,0.0,,,0,0,,,0,,,0,0,0.0,0,0,0.0,22,0,0,0,0,0,0,,,0,0,,,12.1,,,0,0,,61.5,0,,,0,0,0.0,0,4,100.0,33,0,0,0,0,0,0,0.0,
Tarell Basham,11835,ED,NYJ,16,75,0,22,0,3.7,100.0,13.5,5.3,5.3,0,0,0.0,46.8,0,41,33.3,2,0,118.8,3,17,22.7,126,2,4,3,0,57,46,3.6,19.0,0,0,6.8,60.0,21.9,8.0,4.8,0,1,10.0,80.2,1,16,25.0,1,1,31.7,6,49,65.3,224,3,3,10,0,46,19,1.0,7.7
Fabian Moreau,11836,CB,WAS,12,411,0,32,1,9.4,83.3,100.0,9.1,7.6,0,1,5.6,40.6,0,34,0.0,0,1,136.6,15,154,37.5,154,2,10,18,1,222,91,1.6,14.8,0,2,9.1,78.6,100.0,10.0,7.8,0,1,3.6,62.4,2,45,17.4,4,1,75.4,22,225,54.7,225,8,17,28,0,259,154,1.2,11.8
Shaquill Griffin,11845,CB,SEA,16,679,0,29,0,9.9,80.0,99.4,7.3,5.8,0,3,12.0,51.7,0,29,18.8,3,2,110.3,20,163,24.0,164,0,13,25,0,262,72,1.8,13.1,0,5,12.6,50.0,99.2,20.8,10.4,1,11,25.0,81.5,0,50,18.9,7,11,86.3,22,480,70.7,484,3,25,44,2,289,81,0.6,13.1
Jourdan Lewis,11846,CB,DAL,15,396,0,9,1,12.1,47.4,96.4,13.6,6.4,1,7,36.8,46.4,1,65,0.0,0,3,66.3,9,132,33.3,137,2,6,19,0,213,90,1.7,23.7,0,3,4.5,81.8,92.0,8.6,7.0,0,0,0.0,71.1,1,65,0.0,0,0,113.3,27,243,61.4,264,11,24,33,2,309,205,1.3,11.4
John Johnson III,11847,S,LA,6,237,0,26,2,10.5,50.0,100.0,21.0,10.5,0,0,0.0,53.3,0,13,20.0,1,0,68.8,2,45,19.0,45,0,2,4,0,24,17,0.6,12.0,0,2,9.7,83.3,99.4,15.7,13.1,0,0,0.0,50.5,1,40,5.3,1,0,111.8,10,170,71.7,171,2,16,12,1,157,50,1.0,15.7
Montravius Adams,11848,DI,GB,14,1,0,12,0,,,0.0,,,0,0,,,0,,,0,0,0.0,0,0,0.0,41,0,0,0,0,0,0,,,0,1,,,1.3,,,0,0,,59.4,0,,0.0,0,0,0.0,0,1,100.0,77,1,1,0,0,0,0,0.0,
Delano Hill,11849,S,SEA,10,193,0,29,1,2.0,100.0,95.3,19.5,19.5,0,0,0.0,55.5,0,9,16.7,1,0,102.1,2,41,21.2,43,0,4,2,0,17,13,0.4,8.5,0,2,22.8,50.0,99.3,67.5,33.8,0,0,0.0,59.2,0,45,7.7,1,0,95.8,2,141,73.1,142,1,10,4,0,58,13,0.4,29.0
Cameron Sutton,11850,CB,PIT,16,227,0,25,0,9.0,54.5,98.5,9.8,5.4,0,2,18.2,77.4,0,14,14.3,1,2,63.8,6,66,29.1,67,3,6,11,0,43,17,0.7,7.2,0,0,9.6,50.0,97.7,20.3,10.2,0,1,8.3,64.5,1,17,0.0,0,1,31.9,6,129,56.8,132,0,4,12,0,66,27,0.5,11.0
Rasul Douglas,11854,CB,PHI,16,393,0,24,0,13.3,51.7,100.0,7.8,4.0,1,7,24.1,43.0,0,69,0.0,0,6,92.5,15,126,32.1,126,0,9,29,1,249,44,2.1,16.6,0,0,18.1,50.0,99.2,15.6,7.8,0,6,20.0,59.1,0,62,13.3,2,3,98.6,15,245,62.3,247,5,13,30,2,235,56,1.0,15.7
Trey Hendrickson,11858,ED,NO,14,9,0,20,0,-4.0,100.0,4.9,4.0,4.0,0,0,0.0,44.2,0,8,0.0,0,0,100.0,1,5,55.6,102,1,1,1,0,8,12,2.0,8.0,0,1,,,1.6,,,0,0,,62.0,0,,0.0,0,0,0.0,0,3,33.3,183,7,1,0,0,0,0,0.0,
Vince Biegel,11863,ED,MIA,15,71,0,17,0,,,9.4,,,0,0,,58.1,0,,33.3,1,0,0.0,0,21,29.6,223,5,2,0,0,0,0,0.0,,0,2,4.0,75.0,33.1,15.0,11.3,0,0,0.0,84.3,1,21,12.5,1,0,50.0,3,47,66.2,142,3,5,4,0,24,13,0.5,8.0
Jaleel Johnson,11864,DI,MIN,18,1,0,18,1,,,0.0,,,0,0,,60.0,0,,0.0,0,0,0.0,0,0,0.0,56,0,0,0,0,0,0,,,0,1,,,0.5,,,0,1,,67.1,0,,0.0,0,0,0.0,0,1,100.0,189,6,4,0,0,0,0,0.0,
Tedric Thompson,11866,S,SEA,6,266,0,29,1,,,100.0,,,0,0,,71.7,1,,0.0,0,0,0.0,0,57,21.4,57,0,1,0,0,0,0,0.0,,0,1,13.9,66.7,100.0,22.3,14.8,0,0,0.0,38.3,1,41,8.3,1,0,66.7,8,187,70.3,187,1,10,12,0,126,16,0.7,15.8
Eddie Jackson,11867,S,CHI,16,650,0,6,1,6.6,62.5,97.1,18.9,11.8,0,0,0.0,70.1,1,15,6.7,1,0,66.7,10,202,31.1,208,3,13,16,1,68,27,0.4,6.8,0,4,12.9,50.0,99.0,31.7,15.8,0,5,20.8,58.6,0,29,30.0,9,3,84.2,12,408,62.8,412,4,17,24,1,153,65,0.4,12.8
Rayshawn Jenkins,11868,S,LAC,16,549,0,27,0,,,98.1,,,0,0,,55.5,0,,33.3,1,0,0.0,0,52,9.5,53,0,2,0,0,0,0,0.0,,0,5,25.6,60.0,98.7,69.7,41.8,0,0,0.0,64.3,3,46,5.0,1,0,64.6,6,444,80.9,450,0,14,10,0,161,21,0.4,26.8
Carl Lawson,11871,ED,CIN,12,28,0,7,0,,,5.2,,,0,0,,62.3,0,,,0,0,0.0,0,6,21.4,116,3,0,0,0,0,0,0.0,,0,0,4.8,88.9,10.6,2.0,1.8,1,0,0.0,29.3,0,28,25.0,1,0,118.8,8,17,60.7,160,1,3,9,0,124,82,7.8,15.5
Ben Gedeon,11875,LB,MIN,7,39,0,18,0,,,60.0,,,0,0,,61.7,0,,,0,0,0.0,0,3,7.7,5,0,0,0,0,0,0,0.0,,0,0,6.3,75.0,100.0,11.3,8.5,0,0,0.0,37.2,0,15,0.0,0,0,101.0,3,34,87.2,34,0,1,4,0,35,23,1.0,11.7
Montae Nicholson,11878,S,WAS,13,529,0,32,4,11.0,0.0,97.4,,172.0,1,1,100.0,71.1,2,,9.1,1,1,0.0,0,190,35.9,195,0,6,1,0,0,0,0.0,,0,1,10.1,61.5,99.3,36.8,22.6,0,1,7.7,43.9,0,21,14.8,4,1,77.1,8,302,57.1,304,3,22,13,0,74,29,0.3,9.3
Jalen Reeves-Maybin,11879,LB,DET,9,156,0,11,2,7.8,62.5,75.7,15.6,9.8,0,0,0.0,53.6,0,26,16.7,1,0,124.0,5,84,53.8,111,0,3,8,1,58,56,0.7,11.6,0,0,19.3,83.3,100.0,12.6,10.5,0,0,0.0,43.8,0,27,0.0,0,0,158.3,5,65,41.7,65,0,3,6,1,82,12,1.3,16.4
Samson Ebukam,11880,ED,LA,16,55,0,26,0,,,3.5,,,0,0,,62.3,0,,,0,0,0.0,0,3,5.5,86,3,0,0,0,0,0,0.0,,0,2,3.9,87.5,22.7,6.1,5.4,0,2,25.0,43.7,0,17,28.6,2,1,103.1,7,46,83.6,203,5,3,8,0,70,46,1.6,10.0
Deatrich Wise Jr.,11886,ED,NE,15,2,0,19,0,,,3.2,,,0,0,,61.9,0,,0.0,0,0,0.0,0,2,100.0,62,2,3,0,0,0,0,0.0,,0,0,,,0.0,,,0,0,,62.9,0,,33.3,1,0,0.0,0,0,0.0,63,2,2,0,0,0,0,,
Carlos Watkins,11897,DI,HST,11,1,0,13,0,,,0.0,,,0,0,,60.0,0,,50.0,1,0,0.0,0,0,0.0,82,0,1,0,0,0,0,,,0,0,,,1.2,,,0,0,,63.7,0,,0.0,0,0,0.0,0,1,100.0,84,2,2,0,0,0,0,0.0,
Grover Stewart,11899,DI,IND,16,9,0,14,0,,,0.0,,,0,0,,,0,,,0,0,0.0,0,0,0.0,86,1,0,0,0,0,0,,,0,0,,,3.3,,,0,0,,54.8,0,,,0,0,0.0,0,8,88.9,244,2,0,0,0,0,0,0.0,
Damontae Kazee,11904,CB,ATL,16,523,0,2,3,8.5,63.6,96.7,26.7,17.0,0,1,9.1,63.7,2,17,10.5,2,0,43.6,7,205,39.2,212,1,14,11,0,74,23,0.4,10.6,0,5,10.1,94.1,98.3,17.4,16.4,0,0,0.0,57.0,1,51,19.2,5,0,113.8,16,287,54.9,292,2,16,17,1,233,107,0.8,14.6
Desmond King II,11906,CB,LAC,15,392,0,27,0,5.2,80.0,91.7,10.3,8.2,0,0,0.0,56.6,0,34,0.0,0,0,118.8,4,44,11.2,48,2,3,5,0,63,41,1.5,15.8,0,3,4.0,91.9,95.0,8.4,7.7,0,1,2.7,73.2,0,56,5.9,2,1,124.4,34,304,77.6,320,13,29,37,2,353,228,1.2,10.4
Jayon Brown,11910,LB,TEN,16,522,0,31,0,1.8,66.7,86.7,13.7,9.1,0,3,16.7,77.0,0,21,16.7,2,3,80.1,12,176,33.7,203,2,10,18,0,97,90,0.6,8.1,0,7,5.6,75.9,88.3,7.4,5.6,1,2,3.7,58.0,0,24,12.0,6,2,96.0,41,317,60.7,359,16,37,54,0,397,221,1.3,9.7
Nate Hairston,11913,CB,NYJ,8,249,0,22,1,7.7,93.8,98.2,6.6,6.2,0,0,0.0,32.0,0,39,20.0,2,0,158.3,15,108,43.4,110,0,7,16,2,223,110,2.3,14.9,0,0,12.7,68.4,97.3,7.5,5.2,0,2,10.5,64.3,1,33,16.7,2,2,97.3,13,108,43.4,111,2,10,19,1,194,49,2.0,14.9
Anthony Walker Jr.,11916,LB,IND,16,450,0,14,1,-1.7,100.0,89.8,34.0,34.0,0,0,0.0,67.0,0,24,0.0,0,0,118.8,3,115,25.6,128,5,5,3,0,45,50,0.4,15.0,0,7,4.8,84.9,95.4,6.3,5.4,0,2,3.8,72.1,1,55,7.7,4,1,105.1,45,293,65.1,307,21,41,53,2,429,243,1.5,9.5
Matt Milano,11918,LB,BUF,16,519,0,4,3,0.0,75.0,78.5,10.3,7.8,0,2,10.0,74.5,0,26,13.3,2,2,89.6,15,168,32.4,214,8,10,20,0,120,129,0.8,8.0,0,4,2.2,76.7,89.0,9.5,7.3,1,2,4.7,77.8,0,25,12.5,5,2,86.2,33,323,62.2,363,12,31,43,0,208,166,0.7,6.3
Jamal Agnew,11920,CB,DET,1,15,0,11,0,11.8,75.0,100.0,3.7,2.8,0,0,0.0,38.3,0,19,33.3,1,0,102.1,3,11,73.3,11,0,2,4,0,36,9,3.3,12.0,0,0,-1.0,100.0,100.0,1.0,1.0,0,0,0.0,69.5,0,0,0.0,0,0,79.2,1,1,6.7,1,1,1,1,0,0,1,0.0,0.0
Avery Moss,11922,ED,MIA,10,4,0,17,0,,,0.0,,,0,0,,54.0,0,,0.0,0,0,0.0,0,0,0.0,74,1,1,0,0,0,0,,,0,0,13.0,100.0,5.1,4.0,4.0,0,0,0.0,57.4,0,18,100.0,1,0,118.8,1,4,100.0,78,0,0,1,0,18,5,4.5,18.0
Marquel Lee,11923,LB,OAK,5,16,0,23,0,13.0,100.0,27.3,3.0,3.0,0,0,0.0,43.5,0,30,,0,0,118.8,1,3,18.8,11,0,0,1,0,30,17,10.0,30.0,0,0,5.0,100.0,100.0,5.5,5.5,0,0,0.0,63.1,0,12,0.0,0,0,95.8,2,12,75.0,12,1,1,2,0,14,4,1.3,7.0
Isaiah McKenzie,11927,WR,BUF,1,1,0,4,0,,,100.0,,,0,0,,60.0,0,,,0,0,0.0,0,1,100.0,1,0,0,0,0,0,0,0.0,,0,0,,,,,,0,0,,,0,,,0,0,0.0,0,0,0.0,0,0,0,0,0,0,0,,
Davon Godchaux,11934,DI,MIA,16,5,0,17,0,,,0.0,,,0,0,,,0,,,0,0,0.0,0,0,0.0,178,1,0,0,0,0,0,,,0,0,,,2.6,,,0,0,,52.5,0,,50.0,1,0,0.0,0,4,80.0,152,0,1,0,0,0,0,0.0,
Nathan Gerry,11940,LB,PHI,17,325,0,24,2,-0.1,58.3,76.9,16.7,9.8,0,1,8.3,86.4,1,19,12.5,1,1,28.5,7,123,37.8,160,5,5,12,0,21,40,0.2,3.0,0,4,1.9,84.2,95.0,5.7,4.8,0,2,5.3,49.6,1,30,23.5,8,1,95.5,32,190,58.5,200,7,22,38,1,283,225,1.5,8.8
Chuck Clark,11941,S,BLT,16,388,0,3,2,9.6,64.3,73.5,18.0,11.6,0,1,7.1,82.0,1,37,8.3,1,1,55.1,9,180,46.4,245,4,9,14,0,98,37,0.6,10.9,0,2,2.8,78.3,82.0,9.7,7.6,0,2,8.7,66.5,0,15,10.0,2,2,89.9,18,182,46.9,222,6,16,23,0,128,74,0.7,7.1
Xavier Woods,11946,S,DAL,15,621,0,9,3,2.3,66.7,100.0,76.5,51.0,1,0,0.0,64.3,0,9,22.2,2,0,70.1,2,171,27.5,171,0,4,3,0,9,7,0.1,4.5,0,1,4.2,80.0,100.0,24.6,19.7,0,1,5.0,74.9,2,33,12.1,4,1,57.5,16,416,67.0,416,5,28,20,0,146,117,0.4,9.1
Jordan Evans,11947,LB,CIN,11,35,0,7,0,26.0,0.0,90.9,,10.0,0,1,100.0,76.2,0,,,0,0,39.6,0,10,28.6,11,0,0,1,0,0,0,0.0,,0,1,2.0,100.0,95.7,21.0,21.0,0,0,0.0,77.1,0,3,0.0,0,0,79.2,1,22,62.9,23,1,1,1,0,3,1,0.1,3.0
Tanner Vallejo,11950,LB,ARZ,2,8,0,1,0,,,,,,0,0,,,0,,,0,0,0.0,0,0,0.0,0,0,0,0,0,0,0,,,0,0,-4.5,100.0,100.0,2.0,2.0,0,0,0.0,60.1,0,17,50.0,1,0,93.8,2,6,75.0,6,2,1,2,0,13,22,3.3,6.5
Al-Quadin Muhammad,11951,ED,IND,16,1,0,14,0,,,0.0,,,0,0,,61.6,0,,0.0,0,0,0.0,0,0,0.0,61,2,1,0,0,0,0,,,0,0,,,0.5,,,0,0,,65.9,0,,33.3,2,0,0.0,0,1,100.0,189,4,4,0,0,0,0,0.0,
Brandon Wilson,11962,S,CIN,11,122,0,7,0,8.8,75.0,96.1,16.3,12.3,0,0,0.0,60.9,0,20,0.0,0,0,101.0,3,49,40.2,51,1,1,4,0,35,20,0.7,11.7,0,0,11.7,57.1,95.5,15.5,8.9,0,0,0.0,45.3,0,31,0.0,0,0,97.3,4,63,51.6,66,0,5,7,0,80,34,1.3,20.0
Rudy Ford,11963,S,PHI,2,13,0,24,0,,,100.0,,,0,0,,61.6,0,,,0,0,0.0,0,5,38.5,5,0,0,0,0,0,0,0.0,,0,0,,,100.0,,,0,0,,62.0,0,,,0,0,0.0,0,7,53.8,7,0,0,0,0,0,0,0.0,
Ifeadi Odenigbo,11975,ED,MIN,18,3,0,18,0,,,0.0,,,0,0,,60.0,0,,50.0,1,0,0.0,0,0,0.0,87,4,1,0,0,0,0,,,0,0,,,1.6,,,0,0,,59.2,0,,50.0,2,0,0.0,0,3,100.0,184,4,2,0,0,0,0,0.0,
Shalom Luani,11976,S,LAC,1,1,0,27,0,,,,,,0,0,,,0,,,0,0,0.0,0,0,0.0,0,0,0,0,0,0,0,,,0,0,,,100.0,,,0,0,,60.0,0,,,0,0,0.0,0,1,100.0,1,0,0,0,0,0,0,0.0,
Adrian Colbert,11983,S,MIA,6,226,0,17,0,1.0,100.0,99.1,101.0,101.0,1,2,200.0,72.0,0,1,25.0,2,2,79.2,1,115,50.9,116,1,6,1,0,1,0,0.0,1.0,0,2,27.5,50.0,100.0,95.0,47.5,0,0,0.0,52.7,0,10,28.6,2,0,104.2,1,97,42.9,97,0,3,2,1,10,2,0.1,10.0
Joey Ivie,11984,DI,TEN,8,4,0,31,0,,,0.0,,,0,0,,,0,,,0,0,0.0,0,0,0.0,25,0,0,0,0,0,0,,,0,1,3.0,100.0,8.7,3.0,3.0,0,0,0.0,48.0,0,18,0.0,0,0,118.8,1,4,100.0,46,0,0,1,0,18,15,6.0,18.0
Elijah Lee,11987,LB,SF,4,19,0,28,0,,,100.0,,,0,0,,61.3,0,,,0,0,0.0,0,2,10.5,2,0,0,0,0,0,0,0.0,,0,0,-2.0,100.0,100.0,5.0,5.0,0,0,0.0,76.5,0,6,0.0,0,0,79.2,3,15,78.9,15,1,1,3,0,6,12,0.4,2.0
Ryan Lewis,12017,CB,MIA,8,172,0,17,0,18.1,40.0,100.0,10.3,4.1,0,3,15.0,29.0,1,34,11.1,1,2,58.3,8,88,51.2,88,0,8,20,1,130,24,1.6,16.3,0,1,13.6,78.6,100.0,6.5,5.1,1,2,14.3,49.9,0,37,0.0,0,2,114.9,11,75,43.6,75,0,10,14,0,162,25,2.3,14.7
Chris Odom,12031,ED,WAS,4,8,0,32,0,,,0.0,,,0,0,,,0,,,0,0,0.0,0,0,0.0,5,0,0,0,0,0,0,,,0,0,9.7,100.0,28.6,2.7,2.7,0,0,0.0,36.9,0,13,0.0,0,0,109.7,3,8,100.0,28,3,2,3,0,31,2,3.9,10.3
Michael Davis,12040,CB,LAC,12,373,0,27,0,8.0,70.0,97.3,4.7,3.3,0,3,30.0,59.9,0,14,0.0,0,3,88.3,7,36,9.7,37,1,6,10,0,67,6,2.0,9.6,0,2,13.4,63.2,99.7,11.6,7.3,2,3,7.9,56.2,2,43,15.4,4,3,76.3,24,298,79.9,299,5,20,38,1,317,69,1.1,13.2
Greg Mabin,12068,CB,CIN,4,20,0,7,0,9.5,50.0,100.0,17.0,8.5,0,1,50.0,44.2,0,34,0.0,0,1,95.8,1,19,95.0,19,0,1,2,0,34,35,2.0,34.0,0,0,,,,,,0,0,,,0,,,0,0,0.0,0,0,0.0,0,0,0,0,0,0,0,,
Jermaine Grace,12081,ED,ATL,5,5,0,2,0,,,100.0,,,0,0,,61.5,0,,,0,0,0.0,0,2,40.0,2,0,0,0,0,0,0,0.0,,0,0,5.0,0.0,66.7,,2.0,0,0,0.0,61.6,0,,,0,0,39.6,0,2,40.0,3,0,0,1,0,0,0,0.0,
Bryan Cox Jr.,12092,ED,CLV,7,10,0,8,0,,,6.5,,,0,0,,56.4,0,,33.3,1,0,0.0,0,2,20.0,31,3,2,0,0,0,0,0.0,,0,0,-6.0,100.0,8.5,7.0,7.0,0,0,0.0,73.9,0,-7,0.0,0,0,79.2,1,7,70.0,82,1,3,1,0,-7,-1,-1.0,-7.0
Josh Tupou,12093,DI,CIN,16,3,0,7,0,,,1.7,,,0,0,,60.0,0,,,0,0,0.0,0,1,33.3,58,0,0,0,0,0,0,0.0,,0,0,,,1.8,,,0,0,,56.0,0,,,0,0,0.0,0,2,66.7,112,0,0,0,0,0,0,0.0,
Isaiah Irving,12171,ED,CHI,12,27,0,6,0,,,13.3,,,0,0,,61.8,0,,,0,0,0.0,0,2,7.4,15,0,0,0,0,0,0,0.0,,0,0,3.3,66.7,42.1,11.0,7.3,0,0,0.0,51.3,0,10,0.0,0,0,79.9,2,24,88.9,57,0,1,3,0,16,10,0.7,8.0
Adam Butler,12214,DI,NE,17,6,0,19,0,,,2.0,,,0,0,,55.5,0,,100.0,2,0,0.0,0,5,83.3,252,5,0,0,0,0,0,0.0,,0,0,,,0.9,,,0,0,,57.0,0,,100.0,1,0,0.0,0,1,16.7,106,0,0,0,0,0,0,,
Devaroe Lawrence,12222,DI,CLV,11,3,0,8,0,,,0.0,,,0,0,,,0,,,0,0,0.0,0,0,0.0,37,0,0,0,0,0,0,,,0,0,,,3.4,,,0,1,,61.6,1,,,0,1,0.0,0,3,100.0,89,0,0,0,0,0,0,0.0,
Arthur Maulet,12224,CB,NYJ,9,239,0,22,0,9.7,72.7,97.7,4.4,3.2,0,2,18.2,41.8,0,23,55.6,5,1,102.8,8,42,17.6,43,2,4,11,0,106,47,3.0,13.3,0,1,9.9,75.0,100.0,7.8,5.9,0,1,3.6,70.6,1,41,5.0,1,0,76.2,21,168,70.3,168,10,18,28,0,178,52,1.1,8.5
Calvin Munson,12236,LB,MIA,2,26,0,17,0,,,75.0,,,0,0,,64.7,0,,,0,0,0.0,0,9,34.6,12,0,0,0,0,0,0,0.0,,0,0,3.0,100.0,100.0,7.0,7.0,0,0,0.0,57.1,0,10,0.0,0,0,100.0,2,14,53.8,14,0,2,2,0,16,10,1.1,8.0
Jamal Perry,12259,CB,MIA,14,373,0,17,3,10.2,50.0,97.8,10.4,5.2,0,5,13.2,42.5,1,33,7.7,1,4,92.2,19,221,59.2,226,3,9,38,4,222,52,1.1,11.7,0,0,4.4,86.4,92.0,6.5,5.6,0,0,0.0,51.5,0,33,26.9,7,0,98.1,19,127,34.0,138,4,19,22,0,166,131,1.3,8.7
Sione Takitaki,12666,LB,CLV,7,31,0,8,0,15.0,0.0,33.3,,4.0,0,0,0.0,64.7,0,,0.0,0,0,39.6,0,4,12.9,12,1,1,1,0,0,0,0.0,,0,0,0.5,100.0,85.7,11.5,11.5,0,0,0.0,55.6,0,7,33.3,1,0,95.8,2,24,77.4,28,0,2,2,0,14,13,0.6,7.0
Ken Webster,12955,CB,MIA,8,138,0,17,0,14.8,50.0,100.0,8.4,4.2,0,2,11.1,40.9,0,39,0.0,0,1,73.4,9,83,60.1,83,0,7,18,0,128,34,1.7,14.2,0,0,15.1,71.4,100.0,9.0,6.4,1,0,0.0,53.7,0,25,0.0,0,0,141.1,5,46,33.3,46,1,4,7,1,67,21,1.5,13.4
Sam Beal,13822,CB,NYG,6,187,0,21,0,16.1,60.0,100.0,12.5,7.5,0,0,0.0,45.2,0,22,16.7,1,0,81.7,6,78,41.7,78,1,5,10,0,71,9,0.9,11.8,0,0,13.4,77.8,100.0,13.0,10.1,0,0,0.0,64.9,0,17,0.0,0,0,130.6,7,96,51.3,96,1,11,9,1,58,10,0.6,8.3
Alexander Johnson,15267,LB,DEN,12,377,0,10,2,-2.0,80.0,60.3,20.8,16.6,0,0,0.0,66.0,0,12,0.0,0,0,95.0,4,88,23.3,146,4,3,5,0,34,37,0.4,8.5,0,6,1.5,96.3,86.2,8.6,8.3,1,0,0.0,76.5,0,30,16.1,5,0,92.3,26,238,63.1,276,4,20,27,0,166,143,0.7,6.4
Sam Eguavoen,15301,LB,MIA,16,154,0,17,0,3.0,100.0,34.5,11.0,11.0,0,0,0.0,60.2,0,23,0.0,0,0,104.2,6,79,51.3,229,3,3,6,0,54,36,0.8,9.0,0,0,4.7,63.6,49.6,8.9,5.6,0,1,9.1,58.4,0,21,40.0,2,1,76.3,7,63,40.9,127,3,3,11,0,56,32,0.9,8.0
Justin Hardee,18348,CB,NO,2,30,0,20,0,17.0,66.7,93.8,3.8,2.5,0,0,0.0,30.2,0,40,25.0,1,0,109.7,4,15,50.0,16,0,3,6,0,81,6,5.4,20.3,0,0,4.0,100.0,100.0,6.0,6.0,0,0,0.0,71.3,0,10,0.0,0,0,91.7,2,12,40.0,12,0,3,2,0,12,4,1.0,6.0
Corey Thompson,18551,LB,BUF,1,31,0,4,0,,,81.8,,,0,0,,66.3,0,,,0,0,0.0,0,9,29.0,11,0,0,0,0,0,0,0.0,,0,1,3.5,100.0,95.0,3.0,3.0,0,0,0.0,37.5,0,21,33.3,1,0,109.7,6,19,61.3,20,1,1,6,0,62,41,3.4,10.3
Kemoko Turay,21702,ED,IND,4,3,0,14,0,,,3.1,,,0,0,,60.0,0,,,0,0,0.0,0,1,33.3,32,0,0,0,0,0,0,0.0,,0,0,,,5.6,,,0,0,,60.1,0,,,0,0,0.0,0,2,66.7,36,1,0,0,0,0,0,0.0,
Dylan Cole,24304,LB,HST,11,91,0,13,0,5.0,0.0,81.1,,12.3,0,0,0.0,54.7,0,,0.0,0,0,39.6,0,43,47.3,53,0,1,3,0,0,0,0.0,,0,1,6.6,80.0,91.8,5.4,4.3,0,1,10.0,51.3,0,33,16.7,1,1,117.1,8,45,49.5,49,1,4,10,0,121,59,2.8,15.1
Nathan Shepherd,24614,DI,NYJ,9,5,0,22,0,,,0.0,,,0,0,,,0,,,0,0,0.0,0,0,0.0,42,0,0,0,0,0,0,,,0,0,,,5.6,,,0,0,,61.6,0,,100.0,1,0,0.0,0,5,100.0,89,1,0,0,0,0,0,0.0,
Raven Greene,24750,S,GB,2,50,0,12,0,3.0,66.7,93.3,6.5,4.3,0,1,33.3,45.8,0,5,0.0,0,1,70.1,2,14,28.0,15,0,2,3,0,7,12,0.5,3.5,0,0,6.7,66.7,85.0,15.5,10.3,0,0,0.0,68.7,0,5,0.0,0,0,70.1,2,34,68.0,40,3,4,3,0,7,3,0.2,3.5
Foyesade Oluokun,24904,LB,ATL,16,153,0,2,2,3.6,80.0,73.2,9.8,7.8,0,0,0.0,81.7,0,16,0.0,0,0,80.0,4,41,26.8,56,3,5,5,0,16,25,0.4,4.0,0,3,5.9,82.4,97.2,6.9,5.6,0,0,0.0,49.0,0,29,10.5,2,0,110.3,14,104,68.0,107,7,14,17,0,178,84,1.9,12.7
Deionte Thompson,25444,S,ARZ,8,175,0,1,0,11.0,100.0,96.8,27.0,27.0,0,0,0.0,46.5,0,19,33.3,2,0,118.8,2,61,34.9,63,1,4,2,0,27,5,0.5,13.5,0,1,7.5,100.0,98.1,50.0,50.0,0,0,0.0,60.1,0,12,0.0,0,0,108.3,2,105,60.0,107,1,6,2,0,20,5,0.2,10.0
Levi Wallace,25445,CB,BUF,16,505,0,4,1,8.9,64.1,98.8,6.3,4.1,0,4,10.3,58.4,1,35,13.6,3,3,90.7,25,170,33.7,172,4,18,39,2,269,121,1.7,10.8,0,2,11.1,65.2,99.7,9.8,6.4,0,5,10.9,70.7,1,38,19.0,8,3,88.8,30,308,61.0,309,8,32,46,2,297,89,1.0,9.9
Dane Cruikshank,25546,S,TEN,7,42,0,31,0,5.0,100.0,100.0,10.0,10.0,0,0,0.0,62.4,0,4,,0,0,83.3,1,10,23.8,10,0,0,1,0,4,-1,0.4,4.0,0,0,21.0,100.0,94.4,17.0,17.0,0,0,0.0,50.1,0,30,,0,0,118.8,1,17,40.5,18,0,0,1,0,30,9,1.8,30.0
Sean Murphy-Bunting,25891,CB,TB,14,469,0,30,0,8.8,76.0,95.9,8.1,6.2,0,0,0.0,60.6,2,46,15.4,2,0,108.0,19,164,35.0,171,1,11,25,3,218,72,1.4,11.5,0,1,11.3,67.5,95.4,9.5,6.4,0,3,7.5,67.1,1,33,4.8,1,3,84.4,27,270,57.6,283,6,19,40,1,270,97,1.1,10.0
Clelin Ferrell,25955,ED,OAK,15,11,0,23,0,,,2.5,,,0,0,,61.1,0,,,0,0,0.0,0,3,27.3,120,2,0,0,0,0,0,0.0,,0,1,9.0,0.0,3.7,,4.0,0,1,50.0,63.2,0,,0.0,0,0,39.6,0,8,72.7,216,4,1,2,0,0,0,0.0,
Dexter Lawrence,25991,DI,NYG,16,1,0,21,0,,,0.0,,,0,0,,,0,,,0,0,0.0,0,0,0.0,137,2,0,0,0,0,0,,,0,1,,,0.4,,,0,0,,59.5,0,,50.0,1,0,0.0,0,1,100.0,252,1,0,0,0,0,0,0.0,
Tae Davis,26296,LB,CLV,2,30,0,8,0,,,83.3,,,0,0,,64.5,0,,,0,0,0.0,0,5,16.7,6,0,0,0,0,0,0,0.0,,0,0,2.7,66.7,92.6,5.8,3.8,0,0,0.0,28.8,0,12,0.0,0,0,77.1,4,25,83.3,27,1,1,6,0,28,19,1.2,7.0
Maxx Crosby,26316,ED,OAK,16,10,0,23,0,,,1.1,,,0,0,,64.1,0,,0.0,0,0,0.0,0,2,20.0,177,6,1,0,0,0,0,0.0,,0,0,,,2.9,,,0,0,,62.3,0,,0.0,0,0,0.0,0,8,80.0,280,5,2,0,0,0,0,0.0,
Craig James,26360,CB,PHI,3,41,0,24,0,18.0,33.3,100.0,13.0,4.3,0,0,0.0,35.1,0,5,0.0,0,0,42.4,1,14,34.1,14,0,1,3,0,5,1,0.4,5.0,0,0,2.8,75.0,100.0,8.3,6.3,0,1,25.0,57.8,0,14,33.3,1,1,99.0,3,25,61.0,25,0,2,4,0,33,24,1.3,11.0
Ben Banogu,26554,ED,IND,15,5,0,14,0,,,1.8,,,0,0,,60.0,0,,,0,0,0.0,0,1,20.0,55,0,0,0,0,0,0,0.0,,0,0,-5.0,100.0,3.4,4.0,4.0,0,0,0.0,55.7,0,10,100.0,1,0,108.3,1,4,80.0,118,3,0,1,0,10,15,2.5,10.0
C.J. Moore,26617,S,DET,8,60,0,11,0,,,97.1,,,0,0,,63.9,0,,,0,0,0.0,0,33,55.0,34,0,0,0,0,0,0,0.0,,0,0,,,100.0,,,0,0,,62.8,0,,,0,0,0.0,0,21,35.0,21,0,0,0,0,0,0,0.0,
D.J. Reed,26940,CB,SF,11,90,0,28,0,10.3,66.7,95.5,8.0,5.3,0,1,33.3,43.5,0,66,50.0,1,1,149.3,2,21,23.3,22,0,1,3,1,71,50,4.4,35.5,0,0,8.4,66.7,96.6,9.0,6.0,0,1,11.1,84.8,0,8,0.0,0,1,74.3,6,57,63.3,59,3,6,9,0,36,18,0.7,6.0
Siran Neal,27130,CB,BUF,7,123,0,4,0,13.0,50.0,92.5,11.7,5.8,0,0,0.0,49.6,0,16,33.3,2,0,61.8,3,37,30.1,40,1,4,6,0,26,12,0.7,8.7,0,1,1.8,83.3,90.0,7.0,5.8,1,1,8.3,70.4,0,9,0.0,0,1,79.9,10,72,58.5,80,5,10,12,0,38,31,0.5,3.8
Montez Sweat,27271,ED,WAS,16,66,0,32,0,2.0,0.0,7.5,,10.0,0,0,0.0,67.6,0,,33.3,1,0,39.6,0,11,16.7,146,3,2,1,0,0,0,0.0,,0,1,2.5,90.9,21.5,4.8,4.4,0,0,0.0,39.8,0,29,25.0,2,0,96.2,10,50,75.8,233,9,5,11,0,78,52,1.6,7.8
Devin Bush,27375,LB,PIT,16,442,0,25,1,2.2,68.8,82.1,10.9,7.5,0,2,12.5,89.3,0,32,0.0,0,1,106.5,11,124,28.1,151,7,8,16,1,101,66,0.8,9.2,0,4,5.6,74.5,96.3,7.8,5.8,1,1,2.1,52.0,2,27,15.6,5,0,87.4,35,289,65.4,300,8,23,47,1,382,217,1.4,10.9
David Long Jr.,27377,CB,LA,5,85,0,26,0,11.4,60.0,100.0,8.7,5.2,0,0,0.0,70.9,0,6,0.0,0,0,104.2,3,30,35.3,30,1,2,5,1,15,4,0.6,5.0,0,0,16.2,60.0,98.0,15.7,9.4,0,1,20.0,60.8,0,33,0.0,0,1,99.6,3,50,58.8,51,1,5,5,0,57,13,1.2,19.0
Mazzi Wilkins,27582,CB,TB,2,10,0,30,0,12.0,100.0,100.0,1.0,1.0,0,0,0.0,50.2,0,12,0.0,0,0,116.7,1,1,10.0,1,0,1,1,0,12,0,12.0,12.0,0,0,4.5,100.0,100.0,3.5,3.5,0,0,0.0,68.1,0,7,0.0,0,0,93.8,2,8,80.0,8,1,2,2,0,13,4,1.9,6.5
Dre'Mont Jones,28075,DI,DEN,14,3,0,10,0,,,2.4,,,0,0,,59.9,1,,,0,0,0.0,0,2,66.7,84,1,0,0,0,0,0,0.0,,0,0,,,0.9,,,0,0,,59.4,0,,33.3,1,0,0.0,0,1,33.3,113,3,2,0,0,0,0,0.0,
Jerome Baker,28091,LB,MIA,16,479,0,17,1,5.7,71.4,66.8,13.3,9.5,0,2,9.5,79.5,1,32,5.3,1,2,74.9,15,225,47.0,337,7,17,21,0,167,118,0.8,11.1,0,4,7.8,78.9,94.4,7.2,5.7,0,1,2.6,47.9,0,24,2.9,1,0,100.8,30,221,46.1,234,7,30,38,0,311,121,1.4,10.4
Bilal Nichols,28451,DI,CHI,13,3,0,6,0,,,0.0,,,0,0,,62.2,0,,0.0,0,0,0.0,0,0,0.0,62,1,1,0,0,0,0,,,0,1,,,2.0,,,0,0,,58.1,0,,0.0,0,0,0.0,0,3,100.0,151,1,1,0,0,0,0,0.0,
Rob McCray,28474,ED,CLV,1,2,0,8,0,,,0.0,,,0,0,,,0,,,0,0,0.0,0,0,0.0,2,0,0,0,0,0,0,,,0,0,,,22.2,,,0,0,,60.8,0,,,0,0,0.0,0,2,100.0,9,0,0,0,0,0,0,0.0,
Alex Brown,28605,CB,KC,1,8,0,16,0,,,,,,0,0,,,0,,,0,0,0.0,0,0,0.0,0,0,0,0,0,0,0,,,0,0,,,88.9,,,0,0,,66.8,0,,,0,0,0.0,0,8,100.0,9,0,0,0,0,0,0,0.0,
Jimmy Moreland,28704,CB,WAS,14,294,0,32,0,6.5,73.3,98.2,9.1,6.7,0,3,20.0,55.8,0,17,0.0,0,1,94.0,11,109,37.1,111,1,11,15,0,111,37,1.1,10.1,0,3,6.1,88.0,95.9,7.4,6.5,1,2,8.0,66.6,0,53,24.0,6,2,118.2,22,165,56.1,172,7,16,25,1,229,140,1.4,10.4
Jermaine Carter,28838,LB,CAR,8,117,0,5,0,10.0,100.0,65.4,7.5,7.5,0,0,0.0,30.9,0,21,,0,0,118.8,2,17,14.5,26,0,0,2,0,31,11,2.1,15.5,0,0,2.8,76.9,96.0,9.4,7.2,0,0,0.0,53.8,0,18,14.3,1,0,93.4,10,96,82.1,100,2,6,13,0,85,56,0.9,8.5
DeShon Elliott,28854,S,BLT,4,26,0,3,0,,,100.0,,,0,1,,76.0,0,,0.0,0,1,0.0,0,11,42.3,11,0,1,0,0,0,0,0.0,,0,0,6.0,100.0,86.7,10.0,10.0,0,0,0.0,49.5,0,22,0.0,0,0,118.8,1,13,50.0,15,0,2,1,0,22,16,2.2,22.0
Robert Jackson,28990,CB,CLV,1,1,0,8,0,,,,,,0,0,,,0,,,0,0,0.0,0,0,0.0,0,0,0,0,0,0,0,,,0,0,,,100.0,,,0,0,,60.0,0,,,0,0,0.0,0,1,100.0,1,0,0,0,0,0,0,0.0,
Joejuan Williams,29113,CB,NE,7,55,0,19,0,15.8,50.0,100.0,14.0,7.0,0,1,16.7,68.1,0,20,0.0,0,1,66.0,3,43,78.2,43,1,2,6,0,32,4,0.8,10.7,0,0,,,100.0,,,0,0,,67.1,0,,,0,0,0.0,0,10,18.2,10,0,0,0,0,0,0,0.0,
David Long Jr.,29367,LB,TEN,8,81,0,31,1,1.7,85.7,87.0,6.3,5.4,0,1,14.3,49.6,0,27,25.0,1,1,111.3,6,40,49.4,46,2,2,7,0,75,76,2.0,12.5,0,0,3.3,75.0,90.5,6.0,4.5,0,0,0.0,47.5,0,12,14.3,1,0,85.9,6,38,46.9,42,2,6,8,0,41,29,1.1,6.8
Germaine Pratt,29407,LB,CIN,15,181,0,7,1,-0.5,100.0,66.7,19.5,19.5,0,0,0.0,71.6,0,2,0.0,0,0,79.2,2,42,23.2,63,1,3,2,0,3,4,0.1,1.5,0,4,6.4,75.0,92.6,9.8,7.3,0,1,6.3,42.9,0,39,0.0,0,0,137.5,12,126,69.6,136,2,11,16,1,204,134,1.7,17.0
Chris Board,29456,LB,BLT,6,24,0,3,0,-1.0,100.0,62.5,5.0,5.0,0,0,0.0,48.2,0,6,0.0,0,0,91.7,1,5,20.8,8,0,1,1,0,6,7,1.2,6.0,0,0,9.0,100.0,66.7,6.5,6.5,0,0,0.0,40.8,0,26,,0,0,118.8,2,14,58.3,21,0,0,2,0,38,20,2.9,19.0
Ahmad Gooden,29951,ED,DEN,3,1,0,10,0,,,25.0,,,0,0,,61.3,0,,0.0,0,0,0.0,0,1,100.0,4,0,1,0,0,0,0,0.0,,0,0,,,0.0,,,0,0,,,0,,,0,0,0.0,0,0,0.0,5,0,0,0,0,0,0,,
Andrew Van Ginkel,30267,ED,MIA,6,20,0,17,0,3.0,100.0,9.1,6.0,6.0,0,0,0.0,90.1,0,4,0.0,0,0,83.3,1,6,30.0,66,1,2,1,0,4,1,0.7,4.0,0,0,-6.0,100.0,22.4,13.0,13.0,0,0,0.0,59.8,0,6,66.7,2,0,91.7,1,13,65.0,58,1,1,1,0,6,12,0.5,6.0
Derick Roberson,30462,ED,TEN,5,7,0,31,0,,,7.4,,,0,0,,66.9,0,,0.0,0,0,0.0,0,2,28.6,27,3,1,0,0,0,0,0.0,,0,1,4.0,100.0,3.6,2.0,2.0,0,0,0.0,56.0,0,20,33.3,1,0,118.8,1,2,28.6,56,2,1,1,0,20,16,10.0,20.0
T.J. Edwards,30737,LB,PHI,10,33,0,24,0,6.5,50.0,100.0,10.0,5.0,0,0,0.0,51.7,0,9,0.0,0,0,62.5,1,11,33.3,11,1,2,2,0,9,9,0.9,9.0,0,0,4.8,50.0,100.0,10.0,5.0,0,0,0.0,50.6,0,9,0.0,0,0,59.4,2,20,60.6,20,1,3,4,0,15,1,0.8,7.5
P.J. Hall,31211,DI,OAK,16,2,0,23,0,,,2.0,,,0,0,,63.1,0,,,0,0,0.0,0,2,100.0,99,0,0,0,0,0,0,0.0,,0,0,,,0.0,,,0,0,,,0,,,0,0,0.0,0,0,0.0,177,0,0,0,0,0,0,,
George Odum,31342,S,IND,14,240,0,14,1,4.3,66.7,100.0,24.3,16.2,0,0,0.0,72.1,0,13,11.8,2,0,85.4,4,106,44.2,106,4,14,6,0,40,42,0.4,10.0,0,3,13.4,100.0,95.6,15.3,15.3,0,0,0.0,51.4,0,28,0.0,0,0,158.3,7,109,45.4,114,1,7,7,1,127,33,1.2,18.1
Khalen Saunders,31534,DI,KC,15,6,0,16,0,,,1.9,,,0,0,,60.0,0,,,0,0,0.0,0,1,16.7,52,0,0,0,0,0,0,0.0,,0,1,,,2.7,,,0,0,,66.6,0,,0.0,0,0,0.0,0,3,50.0,110,1,1,0,0,0,0,0.0,
DeAndre Baker,33356,CB,NYG,16,585,0,21,0,9.3,64.3,100.0,10.5,6.8,0,4,14.3,53.1,0,36,12.5,2,3,124.1,18,204,34.9,204,3,14,28,3,220,58,1.2,12.2,0,1,15.8,62.5,100.0,11.2,7.0,0,7,14.6,43.3,0,62,3.8,1,4,139.3,30,352,60.2,352,7,24,48,5,581,205,1.7,19.4
Shakial Taylor,33464,CB,DEN,5,51,0,10,0,10.5,50.0,100.0,21.0,10.5,0,1,50.0,49.5,0,15,,0,1,75.0,1,23,45.1,23,0,0,2,0,15,11,0.7,15.0,0,0,0.5,100.0,90.9,9.5,9.5,0,0,0.0,71.3,0,8,0.0,0,0,91.7,2,20,39.2,22,0,4,2,0,12,11,0.6,6.0
Nasir Adderley,33880,S,LAC,2,8,0,27,0,,,100.0,,,0,0,,60.6,0,,,0,0,0.0,0,3,37.5,3,0,0,0,0,0,0,0.0,,0,0,3.0,0.0,100.0,,5.0,0,0,0.0,44.0,0,,,0,0,39.6,0,5,62.5,5,0,0,1,0,0,0,0.0,
Mike Hughes,34057,CB,MIN,14,344,0,18,0,13.6,65.2,100.0,6.1,4.0,1,4,17.4,53.1,0,39,8.3,1,4,105.9,15,98,28.5,98,1,11,23,1,193,34,2.1,12.9,0,1,10.1,62.2,99.5,8.8,5.5,1,5,13.5,62.7,1,29,14.8,4,3,79.6,23,213,61.9,214,2,22,37,1,248,81,1.2,10.8
Kendall Sheffield,34105,CB,ATL,14,444,0,2,0,11.4,69.2,97.8,9.3,6.4,0,1,3.8,29.1,0,31,14.3,2,1,117.6,18,180,40.5,184,0,12,26,1,281,116,1.7,15.6,0,4,1.8,75.0,97.9,12.6,9.5,1,3,12.5,69.3,0,16,11.1,3,2,86.8,18,237,53.4,242,4,20,24,0,128,110,0.6,7.1
Kris Boyd,34222,CB,MIN,8,66,0,18,0,11.0,60.0,100.0,3.3,2.0,0,1,20.0,38.0,0,32,0.0,0,1,95.4,3,13,19.7,13,0,3,5,0,52,20,5.2,17.3,0,0,5.9,77.8,100.0,7.0,5.4,0,0,0.0,57.7,0,12,0.0,0,0,91.2,7,51,77.3,51,2,9,9,0,53,25,1.1,7.6
Darnell Savage,34247,S,GB,16,564,0,12,1,13.0,72.7,97.3,20.4,14.8,0,0,0.0,55.1,0,29,7.1,1,0,149.2,8,180,31.9,185,1,12,11,3,124,22,0.8,15.5,0,1,11.8,56.3,95.5,36.4,20.5,1,2,12.5,77.6,2,30,11.5,3,2,28.4,9,338,59.9,354,6,22,16,0,73,38,0.2,8.1
Johnathan Abram,34646,S,OAK,1,26,0,23,0,,,100.0,,,0,0,,30.3,0,,,0,0,0.0,0,8,30.8,8,0,0,0,0,0,0,0.0,,0,0,,,84.2,,,0,1,,61.3,0,,50.0,2,0,0.0,0,16,61.5,19,0,2,0,0,0,0,0.0,
Jamel Dean,34918,CB,TB,10,285,0,30,0,10.2,50.0,100.0,7.1,3.5,0,7,31.8,53.9,1,53,20.0,2,6,89.2,11,86,30.2,86,0,8,22,2,180,73,2.3,16.4,0,1,12.4,52.2,100.0,13.4,7.0,2,5,21.7,83.7,1,21,0.0,0,3,61.7,12,171,60.0,171,5,9,23,1,109,28,0.7,9.1
Tae Hayes,35173,CB,MIA,2,81,0,17,0,20.0,22.2,100.0,16.0,3.6,0,1,11.1,29.6,0,34,0.0,0,1,44.7,2,39,48.1,39,0,1,9,0,38,5,1.2,19.0,0,0,17.6,20.0,94.4,33.0,6.6,0,1,20.0,61.3,0,17,33.3,1,1,41.3,1,34,42.0,36,2,2,5,0,17,12,0.5,17.0
Blake Cashman,35413,LB,NYJ,7,180,0,22,0,8.8,60.0,58.4,17.7,10.6,0,0,0.0,52.0,0,10,25.0,1,0,71.3,3,59,32.8,101,1,3,5,0,23,11,0.4,7.7,0,4,3.9,82.4,76.0,6.3,5.2,0,0,0.0,61.9,0,25,16.7,3,0,112.7,14,95,52.8,125,2,11,17,1,108,57,1.2,7.7
Noah Dawkins,35771,LB,TB,2,2,0,30,0,,,0.0,,,0,0,,,0,,,0,0,0.0,0,0,0.0,1,0,0,0,0,0,0,,,0,0,,,66.7,,,0,0,,61.5,0,,,0,0,0.0,0,2,100.0,3,0,0,0,0,0,0,0.0,
Kameron Kelly,35978,S,PIT,6,86,0,25,0,29.0,100.0,97.2,16.5,16.5,0,0,0.0,49.0,0,44,0.0,0,0,158.3,2,35,40.7,36,0,1,2,1,55,2,1.7,27.5,0,0,11.1,87.5,100.0,5.7,5.0,0,0,0.0,30.3,1,58,37.5,3,0,118.8,7,45,52.3,45,2,5,8,1,109,37,2.7,15.6
Austin Bryant,36248,ED,DET,4,25,0,11,0,,,15.4,,,0,0,,64.4,0,,,0,0,0.0,0,8,32.0,52,0,0,0,0,0,0,0.0,,0,1,6.0,100.0,48.5,8.0,8.0,0,0,0.0,44.8,0,14,0.0,0,0,118.8,2,16,64.0,33,0,1,2,0,26,14,1.6,13.0
Kyle Phillips,36340,ED,NYJ,15,24,0,22,0,13.0,100.0,5.3,5.0,5.0,0,0,0.0,36.2,0,36,,0,0,118.8,1,6,25.0,113,1,0,1,0,36,23,7.2,36.0,0,3,,,9.8,,,0,0,,76.8,0,,0.0,0,0,0.0,0,16,66.7,164,3,4,0,0,0,0,0.0,
Shy Tuttle,37279,DI,NO,17,3,0,20,0,,,0.0,,,0,0,,,0,,,0,0,0.0,0,0,0.0,60,1,0,0,0,0,0,,,0,0,5.0,100.0,2.3,3.0,3.0,0,0,0.0,54.9,1,9,66.7,2,0,64.6,1,3,100.0,133,2,1,1,0,9,4,3.0,9.0
Darryl Johnson,37479,ED,BUF,15,7,0,4,0,,,0.0,,,0,0,,,0,,,0,0,0.0,0,0,0.0,36,0,0,0,0,0,0,,,0,1,16.0,0.0,8.6,,7.0,0,0,0.0,60.5,0,,25.0,1,0,39.6,0,7,100.0,81,2,2,1,0,0,0,0.0,
Davontae Harris,37492,CB,DEN,9,260,0,10,0,9.5,56.3,98.9,8.9,5.0,1,1,6.3,44.5,0,18,28.6,2,1,114.6,9,91,35.0,92,0,5,16,2,100,31,1.3,11.1,0,1,10.8,76.9,100.0,6.9,5.3,1,1,3.8,59.0,0,44,4.3,1,1,95.5,20,143,55.0,143,5,21,26,0,183,25,1.3,9.2
Troy Reeder,38268,LB,LA,12,124,0,26,0,4.8,100.0,92.3,5.0,5.0,0,0,0.0,52.9,0,25,0.0,0,0,118.8,4,24,19.4,26,2,5,4,0,66,47,3.3,16.5,0,5,7.9,82.4,98.9,6.1,5.0,0,0,0.0,30.9,0,45,17.6,3,0,118.8,14,89,71.8,90,1,9,17,0,234,111,2.8,16.7
Jamal Davis II,38297,ED,MIA,2,3,0,17,0,,,50.0,,,0,0,,60.6,0,,,0,0,0.0,0,2,66.7,4,0,0,0,0,0,0,0.0,,0,0,,,50.0,,,0,0,,60.0,0,,,0,0,0.0,0,1,33.3,2,0,0,0,0,0,0,0.0,
Linden Stephens,38426,CB,MIA,2,19,0,17,0,13.5,100.0,100.0,3.5,3.5,0,0,0.0,38.6,0,15,,0,0,118.8,2,8,42.1,8,0,0,2,0,30,3,4.3,15.0,0,0,12.0,100.0,100.0,11.0,11.0,0,0,0.0,58.5,0,12,0.0,0,0,116.7,1,11,57.9,11,0,2,1,0,12,0,1.1,12.0
Matthew Adams,38526,LB,IND,8,42,0,14,0,-3.0,100.0,40.0,1.0,1.0,0,0,0.0,33.2,0,9,,0,0,104.2,1,2,4.8,5,0,0,1,0,9,12,9.0,9.0,0,1,1.6,100.0,97.4,7.2,7.2,0,0,0.0,45.0,0,14,33.3,3,0,108.3,5,37,88.1,38,0,5,5,0,50,42,1.4,10.0
Jordan Kunaszyk,38548,LB,CAR,1,1,0,5,0,,,,,,0,0,,,0,,,0,0,0.0,0,0,0.0,0,0,0,0,0,0,0,,,0,0,,,100.0,,,0,0,,60.0,0,,,0,0,0.0,0,1,100.0,1,0,0,0,0,0,0,0.0,
Folorunso Fatukasi,38558,DI,NYJ,14,1,0,22,0,,,0.0,,,0,0,,,0,,,0,0,0.0,0,0,0.0,70,1,0,0,0,0,0,,,0,0,6.0,100.0,1.1,1.0,1.0,0,0,0.0,59.5,0,7,0.0,0,0,95.8,1,1,100.0,93,0,1,1,0,7,1,7.0,7.0
Maurice Hurst,38563,DI,OAK,16,1,0,23,0,,,0.8,,,0,0,,62.3,1,,,0,0,0.0,0,1,100.0,131,1,0,0,0,0,0,0.0,,0,0,,,0.0,,,0,0,,60.0,0,,50.0,1,0,0.0,0,0,0.0,192,3,1,0,0,0,0,,
Eric Wilson,38587,LB,MIN,18,213,0,18,0,3.3,33.3,75.6,33.0,11.0,0,0,0.0,75.5,0,11,0.0,0,0,45.1,1,34,16.0,45,2,1,3,0,11,13,0.3,11.0,0,4,4.4,78.3,98.8,8.7,6.8,0,1,4.3,61.5,0,29,10.0,2,0,109.6,18,162,76.1,164,8,14,23,1,157,89,1.0,8.7
Breon Borders,39398,CB,WAS,6,56,0,32,0,5.0,100.0,100.0,11.5,11.5,0,0,0.0,63.6,0,8,0.0,0,0,100.0,2,25,44.6,25,0,1,2,0,16,6,0.7,8.0,0,1,-0.8,100.0,87.9,6.8,6.8,0,0,0.0,53.3,0,12,25.0,1,0,100.0,4,29,51.8,33,0,2,4,0,32,35,1.2,8.0
Trayvon Mullen,41968,CB,OAK,16,421,0,23,1,10.5,58.6,99.4,8.4,4.9,1,4,13.8,42.2,0,24,18.8,3,4,104.7,17,157,37.3,158,2,12,29,2,214,74,1.5,12.6,0,0,9.8,57.5,100.0,9.5,5.5,2,5,12.5,70.0,1,46,13.6,3,4,68.2,23,237,56.3,237,6,19,40,0,275,147,1.3,12.0
Ed Oliver,42200,DI,BUF,17,4,0,4,1,,,0.0,,,0,0,,63.1,0,,33.3,1,0,0.0,0,0,0.0,119,1,1,0,0,0,0,,,0,2,3.0,100.0,1.6,4.0,4.0,0,0,0.0,59.3,0,8,20.0,1,0,100.0,1,4,100.0,243,5,2,1,0,8,5,2.0,8.0
Nick Bosa,42741,ED,SF,19,11,0,28,0,12.0,100.0,2.1,3.0,3.0,0,0,0.0,52.6,0,24,50.0,2,0,118.8,1,3,27.3,146,2,2,1,0,24,12,8.0,24.0,0,0,1.7,66.7,1.2,2.0,1.3,0,3,100.0,72.5,1,7,36.4,4,2,33.3,2,5,45.5,414,15,7,3,0,11,4,2.8,5.5
J.C. Jackson,42781,CB,NE,17,491,0,19,1,14.3,38.3,100.0,15.1,5.8,0,6,12.8,73.2,5,28,6.3,1,5,12.1,18,293,59.7,293,5,14,47,0,200,70,0.7,11.1,0,0,8.8,71.4,98.8,15.5,11.1,0,1,7.1,65.0,0,22,0.0,0,1,95.2,10,166,33.8,168,4,11,14,0,113,71,0.7,11.3
Rashan Gary,42905,ED,GB,17,5,0,12,0,16.0,66.7,6.3,2.0,1.3,0,1,33.3,33.7,0,27,,0,0,149.3,2,4,80.0,64,1,0,3,1,46,10,11.5,23.0,0,1,,,1.1,,,0,0,,65.3,0,,0.0,0,0,0.0,0,1,20.0,88,3,2,0,0,0,0,0.0,
Charvarius Ward,43034,CB,KC,19,808,0,16,2,12.5,51.1,100.0,10.1,5.1,0,9,19.1,37.9,0,54,8.3,2,4,95.4,24,262,32.4,262,1,20,47,2,413,135,1.7,17.2,0,3,14.7,56.1,99.1,18.5,10.4,0,2,4.9,69.0,1,69,10.0,3,0,74.9,23,448,55.4,452,8,24,41,0,357,101,0.8,15.5
Devin White,43089,LB,TB,13,461,0,30,1,2.3,100.0,60.6,30.7,30.7,0,0,0.0,71.3,0,31,0.0,0,0,118.8,3,100,21.7,165,4,5,3,0,44,37,0.5,14.7,0,3,3.6,82.5,94.1,9.2,7.6,0,0,0.0,46.3,1,53,20.5,8,0,98.3,33,321,69.6,341,13,28,40,1,324,245,1.1,9.8
Mack Wilson Sr.,43190,LB,CLV,15,452,0,8,0,9.5,61.5,72.4,12.9,7.9,0,2,15.4,56.3,0,26,0.0,0,2,87.7,8,118,26.1,163,2,7,13,0,107,57,1.0,13.4,0,6,4.1,83.7,84.7,6.8,5.7,1,1,2.0,42.0,1,29,8.3,3,1,94.0,41,288,63.7,340,12,27,49,0,422,276,1.5,10.3
Greedy Williams,43254,CB,CLV,12,417,0,8,0,15.7,40.0,98.6,15.1,6.1,0,2,10.0,46.6,0,33,0.0,0,1,65.2,8,138,33.1,140,0,4,20,0,143,52,1.2,17.9,0,2,10.4,71.4,100.0,11.6,8.3,1,1,3.6,59.9,0,51,3.8,1,1,96.4,20,242,58.0,242,5,23,28,0,234,90,1.0,11.7
Byron Murphy Jr.,44027,CB,ARZ,16,691,0,1,1,10.6,51.2,98.7,10.4,5.3,0,8,19.5,61.8,1,27,6.3,1,6,94.2,21,235,34.0,238,3,14,41,5,197,40,0.9,9.4,0,5,10.2,79.6,97.8,9.0,7.2,0,2,3.7,48.3,0,24,12.7,7,1,98.7,43,405,58.6,414,11,43,54,0,415,101,1.1,9.7
Quinnen Williams,44216,DI,NYJ,13,1,0,22,0,,,0.0,,,0,0,,,0,,,0,0,0.0,0,0,0.0,100,3,0,0,0,0,0,,,0,0,,,0.5,,,0,0,,60.0,0,,,0,0,0.0,0,1,100.0,198,0,0,0,0,0,0,0.0,
Kyzir White,44485,LB,LAC,16,124,0,27,0,5.0,100.0,90.0,9.0,9.0,0,0,0.0,67.8,0,6,0.0,0,0,91.7,1,9,7.3,10,0,1,1,0,6,1,0.7,6.0,0,1,3.1,76.5,93.0,7.8,6.0,0,1,5.9,64.6,1,53,10.0,1,1,116.3,13,107,86.3,115,5,8,17,2,146,113,1.4,11.2
Trysten Hill,44519,DI,DAL,7,1,0,9,0,,,0.0,,,0,0,,,0,,,0,0,0.0,0,0,0.0,12,0,0,0,0,0,0,,,0,0,,,1.9,,,0,0,,62.8,0,,0.0,0,0,0.0,0,1,100.0,52,1,1,0,0,0,0,0.0,
Brian Burns,44522,ED,CAR,16,19,0,5,0,,,11.6,,,0,0,,44.3,0,,100.0,1,0,0.0,0,5,26.3,43,0,0,0,0,0,0,0.0,,0,1,,,5.9,,,0,0,,82.7,0,,16.7,1,0,0.0,0,14,73.7,237,11,4,0,0,0,0,0.0,
Tuzar Skipper,44583,ED,PIT,5,2,0,25,0,,,0.0,,,0,0,,,0,,,0,0,0.0,0,0,0.0,4,0,0,0,0,0,0,,,0,0,,,9.1,,,0,0,,61.5,0,,,0,0,0.0,0,2,100.0,22,1,0,0,0,0,0,0.0,
Joe Jackson,44615,ED,DAL,5,1,0,9,0,,,0.0,,,0,0,,,0,,,0,0,0.0,0,0,0.0,7,0,0,0,0,0,0,,,0,1,,,2.6,,,0,0,,60.2,0,,0.0,0,0,0.0,0,1,100.0,38,0,0,0,0,0,0,0.0,
Leon Jacobs,44980,LB,JAX,14,98,0,15,1,0.0,100.0,38.2,13.0,13.0,0,0,0.0,65.8,0,13,0.0,0,0,118.8,1,13,13.3,34,1,3,1,0,13,13,1.0,13.0,0,0,1.3,90.9,83.8,8.2,7.5,0,1,9.1,62.8,0,17,25.0,2,1,124.6,10,83,84.7,99,2,6,11,1,73,62,0.9,7.3
Emeke Egbule,45378,ED,LAC,5,2,0,27,0,,,33.3,,,0,0,,61.2,0,,0.0,0,0,0.0,0,1,50.0,3,0,1,0,0,0,0,0.0,,0,0,,,12.5,,,0,0,,60.0,0,,,0,0,0.0,0,1,50.0,8,0,0,0,0,0,0,0.0,
Isaiah Johnson,48233,CB,OAK,3,10,0,23,0,3.0,0.0,100.0,,7.0,0,1,100.0,83.1,0,,,0,1,39.6,0,7,70.0,7,0,0,1,0,0,0,0.0,,0,0,20.0,100.0,100.0,3.0,3.0,0,0,0.0,43.5,0,20,,0,0,118.8,1,3,30.0,3,0,0,1,0,20,0,6.7,20.0
Carroll Phillips,48353,ED,WAS,1,1,0,32,0,,,0.0,,,0,0,,,0,,,0,0,0.0,0,0,0.0,1,0,0,0,0,0,0,,,0,0,,,12.5,,,0,0,,61.3,0,,0.0,0,0,0.0,0,1,100.0,8,1,1,0,0,0,0,0.0,
Jaylon Ferguson,48362,ED,BLT,15,18,0,3,0,-5.0,100.0,4.5,7.0,7.0,0,0,0.0,73.9,0,-4,33.3,1,0,79.2,1,7,38.9,155,2,2,1,0,-4,1,-0.6,-4.0,0,0,-1.5,50.0,7.0,10.0,5.0,0,0,0.0,76.9,0,0,50.0,1,0,56.3,1,10,55.6,143,2,1,2,0,0,4,0.0,0.0
Anthony Nelson,48405,ED,TB,9,10,0,30,0,,,2.3,,,0,0,,60.0,0,,,0,0,0.0,0,1,10.0,44,0,0,0,0,0,0,0.0,,0,0,9.5,100.0,19.6,4.0,4.0,0,0,0.0,36.2,0,16,33.3,1,0,112.5,2,9,90.0,46,1,2,2,0,22,3,2.8,11.0
Demone Harris,48452,ED,KC,6,6,0,16,0,,,5.6,,,0,0,,60.5,0,,,0,0,0.0,0,2,33.3,36,0,0,0,0,0,0,0.0,,0,1,4.0,100.0,5.3,4.0,4.0,0,0,0.0,49.9,0,12,50.0,1,0,116.7,1,4,66.7,75,0,0,1,0,12,8,3.0,12.0
Sam Hubbard,48457,ED,CIN,15,65,0,7,0,4.5,100.0,6.8,5.5,5.5,0,0,0.0,46.1,0,9,20.0,1,0,104.2,2,11,16.9,161,3,4,2,0,18,9,1.6,9.0,0,3,3.2,83.3,17.1,9.6,8.0,0,0,0.0,50.7,0,14,11.1,1,0,98.6,5,48,73.8,280,5,5,6,0,46,32,1.0,9.2
Tyquan Lewis,48475,ED,IND,9,7,0,14,0,,,0.0,,,0,0,,,0,,100.0,1,0,0.0,0,0,0.0,32,0,0,0,0,0,0,,,0,0,-6.0,100.0,6.1,6.0,6.0,0,0,0.0,59.4,0,7,50.0,1,0,95.8,1,7,100.0,115,1,1,1,0,7,13,1.2,7.0
Justin Hollins,48498,ED,DEN,14,47,0,10,0,-3.0,0.0,19.4,,13.0,0,0,0.0,67.7,0,,0.0,0,0,39.6,0,14,29.8,72,1,1,1,0,0,0,0.0,,0,0,5.0,100.0,30.3,4.7,4.7,0,0,0.0,57.3,0,18,14.3,1,0,139.6,6,30,63.8,99,4,6,6,1,48,18,1.7,8.0
Carl Granderson,48500,ED,NO,7,3,0,20,1,,,3.3,,,0,0,,60.4,0,,0.0,0,0,0.0,0,1,33.3,30,1,0,0,0,0,0,0.0,,0,0,21.0,100.0,3.8,2.0,2.0,0,0,0.0,38.7,0,28,0.0,0,0,118.8,1,2,66.7,53,1,2,1,0,28,7,14.0,28.0
Chase Winovich,48523,ED,NE,17,6,0,19,1,5.0,100.0,2.4,4.0,4.0,0,0,0.0,67.9,0,9,33.3,1,0,104.2,1,4,66.7,169,3,1,1,0,9,4,2.3,9.0,0,0,-9.0,100.0,1.9,1.0,1.0,0,0,0.0,62.0,0,8,0.0,0,0,100.0,1,1,16.7,52,3,1,1,0,8,17,8.0,8.0
Bradley Chubb,48526,ED,DEN,4,16,0,10,0,,,5.6,,,0,0,,77.5,0,,0.0,0,0,0.0,0,2,12.5,36,1,1,0,0,0,0,0.0,,0,0,-1.0,100.0,17.8,13.0,13.0,0,0,0.0,54.6,0,6,0.0,0,0,91.7,1,13,81.3,73,1,1,1,0,6,7,0.5,6.0
Oshane Ximines,48538,ED,NYG,16,32,0,21,0,,,7.7,,,0,0,,63.9,0,,,0,0,0.0,0,8,25.0,104,2,0,0,0,0,0,0.0,,0,1,4.0,66.7,12.4,11.0,7.3,0,0,0.0,50.8,0,11,40.0,2,0,86.8,2,22,68.8,177,3,2,3,0,21,12,1.0,10.5
Kylie Fitts,48553,ED,ARZ,3,5,0,1,0,,,0.0,,,0,0,,,0,,,0,0,0.0,0,0,0.0,5,0,0,0,0,0,0,,,0,0,,,29.4,,,0,0,,64.1,0,,,0,0,0.0,0,5,100.0,17,0,0,0,0,0,0,0.0,
Dorance Armstrong,48557,ED,DAL,15,4,0,9,0,,,0.0,,,0,0,,60.0,0,,0.0,0,0,0.0,0,0,0.0,33,0,2,0,0,0,0,,,0,0,,,2.3,,,0,0,,60.5,0,,100.0,2,0,0.0,0,3,75.0,128,2,0,0,0,0,0,0.0,
Chad Thomas,48565,ED,CLV,16,34,0,8,0,,,2.2,,,1,0,,60.2,0,,50.0,1,0,0.0,0,2,5.9,90,2,1,0,0,0,0,0.0,,0,1,1.5,100.0,17.3,15.5,15.5,0,0,0.0,86.2,0,7,0.0,0,0,89.6,2,32,94.1,185,5,5,2,0,11,8,0.4,5.5
Malik Reed,48567,ED,DEN,15,45,0,10,1,,,7.6,,,0,0,,79.6,0,,33.3,1,0,0.0,0,7,15.6,92,2,1,0,0,0,0,0.0,,0,1,1.3,50.0,22.0,11.0,5.5,0,1,16.7,67.2,0,12,28.6,2,1,59.0,3,37,82.2,168,2,4,6,0,22,30,0.7,7.3
Trent Harris,48575,ED,MIA,11,30,0,17,0,7.0,100.0,14.7,9.0,9.0,0,0,0.0,41.6,0,38,,0,0,158.3,1,10,33.3,68,1,0,1,1,38,31,4.2,38.0,0,0,6.3,100.0,29.1,5.3,5.3,0,0,0.0,35.7,0,17,0.0,0,0,113.9,3,16,53.3,55,1,2,3,0,34,15,2.1,11.3
Harold Landry III,48600,ED,TEN,19,100,0,31,0,,,10.3,,,0,0,,52.7,0,,50.0,2,0,0.0,0,29,29.0,282,4,2,0,0,0,0,0.0,,0,5,6.3,66.7,15.1,8.6,5.8,0,0,0.0,58.3,1,29,11.1,2,0,63.2,8,69,69.0,458,10,11,12,0,116,76,1.7,14.5
Harrison Phillips,48690,DI,BUF,3,2,0,4,0,,,0.0,,,0,0,,,0,,,0,0,0.0,0,0,0.0,16,0,0,0,0,0,0,,,0,0,,,6.9,,,0,0,,60.3,0,,,0,0,0.0,0,2,100.0,29,0,0,0,0,0,0,0.0,
Daron Payne,48698,DI,WAS,15,12,0,32,0,,,5.6,,,0,0,,41.6,0,,25.0,1,0,0.0,0,9,75.0,162,1,3,0,0,0,0,0.0,,0,1,-3.0,100.0,1.3,3.0,3.0,0,0,0.0,56.7,0,8,25.0,1,0,100.0,1,3,25.0,225,1,2,1,0,8,11,2.7,8.0
Kingsley Keke,48718,DI,GB,12,1,0,12,0,,,0.0,,,0,0,,,0,,,0,0,0.0,0,0,0.0,17,0,0,0,0,0,0,,,0,1,,,2.6,,,0,0,,60.0,0,,0.0,0,0,0.0,0,1,100.0,39,0,0,0,0,0,0,0.0,
Rasheem Green,48731,ED,SEA,18,12,0,29,0,,,1.1,,,0,0,,67.4,0,,0.0,0,0,0.0,0,1,8.3,92,1,1,0,0,0,0,0.0,,0,0,,,3.7,,,0,0,,54.8,0,,0.0,0,0,0.0,0,10,83.3,268,6,2,0,0,0,0,0.0,
Patrick Ricard,48862,DI,BLT,12,2,0,3,0,,,2.0,,,0,0,,60.0,0,,,0,0,0.0,0,1,50.0,49,1,0,0,0,0,0,,,0,0,,,1.7,,,0,0,,59.1,0,,33.3,1,0,0.0,0,1,50.0,58,2,2,0,0,0,0,0.0,
Daniel Ekuale,48874,DI,CLV,7,1,0,8,0,,,0.0,,,0,0,,,0,,,0,0,0.0,0,0,0.0,11,0,0,0,0,0,0,,,0,0,,,2.4,,,0,0,,59.8,0,,,0,0,0.0,0,1,100.0,41,0,0,0,0,0,0,0.0,
Poona Ford,48875,DI,SEA,17,2,0,29,0,,,0.0,,,0,0,,,0,,,0,0,0.0,0,0,0.0,45,0,0,0,0,0,0,,,0,0,,,0.8,,,0,0,,61.7,0,,0.0,0,0,0.0,0,2,100.0,264,2,3,0,0,0,0,0.0,
Hercules Mata'afa,48931,DI,MIN,6,1,0,18,0,,,3.6,,,0,1,,60.0,0,,,0,1,0.0,0,1,100.0,28,0,0,0,0,0,0,0.0,,0,0,,,0.0,,,0,0,,62.2,0,,0.0,0,0,0.0,0,0,0.0,58,1,1,0,0,0,0,,
Vita Vea,48956,DI,TB,16,8,0,30,0,,,0.0,,,0,0,,,0,,100.0,2,0,0.0,0,0,0.0,178,0,0,0,0,0,0,,,0,1,6.0,0.0,2.6,,8.0,0,0,0.0,58.9,0,,50.0,3,0,39.6,0,8,100.0,303,3,2,1,0,0,0,0.0,
Tim Settle,48966,DI,WAS,15,2,0,32,0,,,0.0,,,0,0,,,0,,,0,0,0.0,0,0,0.0,70,1,0,0,0,0,0,,,0,1,,,2.2,,,0,0,,65.4,0,,0.0,0,0,0.0,0,2,100.0,91,2,1,0,0,0,0,0.0,
Nick Scott,49012,S,LA,1,10,0,26,0,,,,,,0,0,,,0,,,0,0,0.0,0,0,0.0,0,0,0,0,0,0,0,,,0,1,-1.0,100.0,100.0,10.0,10.0,0,0,0.0,65.0,0,6,0.0,0,0,91.7,1,10,100.0,10,0,1,1,0,6,7,0.6,6.0
Saquan Hampton,49037,S,NO,2,28,0,20,0,-3.0,100.0,100.0,7.0,7.0,0,0,0.0,54.6,0,-1,0.0,0,0,79.2,1,8,28.6,8,1,1,1,0,-1,2,-0.1,-1.0,0,0,4.0,66.7,87.0,9.5,6.3,0,0,0.0,29.9,0,17,,0,0,95.1,2,20,71.4,23,0,0,3,0,27,20,1.4,13.5
Justin Reid,49048,S,HST,17,692,0,13,1,7.6,58.8,97.3,32.6,19.2,0,4,23.5,81.4,2,28,17.9,5,3,67.2,10,355,51.3,365,1,22,17,1,147,93,0.5,14.7,0,2,9.8,75.0,97.4,19.1,14.4,2,2,10.0,62.7,0,48,7.7,2,1,118.5,15,302,43.6,310,8,22,20,1,179,83,0.6,11.9
Tre Flowers,49059,CB,SEA,17,700,0,29,1,8.3,71.4,99.4,7.1,5.0,0,1,3.6,27.4,1,40,6.7,1,1,108.5,20,158,22.6,159,0,13,28,2,255,119,1.8,12.8,0,6,11.0,66.1,99.2,11.9,7.9,1,2,3.2,65.4,2,55,7.5,4,2,86.2,41,508,72.6,512,11,43,62,1,552,162,1.1,13.5
Jake Gervase,49103,S,LA,1,8,0,26,0,,,,,,0,0,,,0,,,0,0,0.0,0,0,0.0,0,0,0,0,0,0,0,,,0,0,,,100.0,,,0,0,,61.3,0,,,0,0,0.0,0,8,100.0,8,0,0,0,0,0,0,0.0,
Jalen Thompson,49116,S,ARZ,12,372,0,1,3,3.9,81.8,95.8,11.8,9.6,0,1,9.1,66.7,0,25,4.8,1,1,97.3,9,114,30.6,119,4,17,11,0,81,46,0.8,9.0,0,2,7.5,92.3,99.1,18.2,16.8,1,1,7.7,66.6,1,21,13.6,3,1,93.9,12,228,61.3,230,5,17,13,1,105,22,0.5,8.8
Dallin Leavitt,49120,S,OAK,2,21,0,23,0,,,83.3,,,0,0,,61.9,0,,,0,0,0.0,0,5,23.8,6,0,0,0,0,0,0,0.0,,0,0,,,100.0,,,0,0,,64.4,0,,0.0,0,0,0.0,0,15,71.4,15,0,1,0,0,0,0,0.0,
Trey Marshall,49154,S,DEN,12,114,0,10,0,7.0,100.0,100.0,15.5,15.5,0,0,0.0,43.1,0,10,0.0,0,0,97.9,2,34,29.8,34,0,3,2,0,15,1,0.5,7.5,0,2,23.0,100.0,100.0,18.0,18.0,0,0,0.0,67.6,0,35,0.0,0,0,118.8,3,57,50.0,57,0,5,3,0,85,16,1.6,28.3
Jessie Bates III,49162,S,CIN,16,580,0,7,3,5.0,66.7,98.5,93.0,62.0,0,2,66.7,68.4,0,36,12.5,2,2,109.7,2,192,33.1,195,2,11,3,0,38,23,0.2,19.0,0,3,11.2,75.0,98.6,15.7,11.8,0,4,14.3,52.0,2,44,20.0,7,4,110.1,21,347,59.8,352,3,25,28,2,346,171,1.0,16.5
Ezekiel Turner,49167,LB,ARZ,2,4,0,1,0,5.0,100.0,100.0,3.0,3.0,0,0,0.0,34.1,0,4,,0,0,122.9,1,3,75.0,3,0,0,1,1,4,0,1.3,4.0,0,0,,,,,,0,0,,,0,,,0,0,0.0,0,0,0.0,0,0,0,0,0,0,0,,
Tarvarius Moore,49178,S,SF,10,160,0,28,0,-0.3,50.0,95.9,19.5,9.8,0,1,25.0,35.9,1,15,25.0,1,1,26.0,2,47,29.4,49,0,3,4,0,21,30,0.5,10.5,0,1,12.3,33.3,100.0,96.0,32.0,0,0,0.0,62.3,0,8,33.3,2,0,42.4,1,100,62.5,100,1,3,3,0,8,10,0.1,8.0
Jordan Whitehead,49196,S,TB,14,582,0,30,1,8.7,53.6,83.5,12.6,6.8,2,3,10.7,41.2,1,33,7.1,1,3,83.0,15,203,34.9,243,2,12,28,2,184,88,1.0,12.3,0,3,14.8,76.9,94.2,32.4,24.9,0,0,0.0,42.9,0,50,16.0,4,0,157.9,10,341,58.6,362,2,18,13,2,167,31,0.5,16.7
Ronnie Harrison,49206,S,JAX,14,485,0,15,3,8.9,77.8,87.6,20.4,15.9,1,2,22.2,69.8,1,36,0.0,0,2,112.3,7,156,32.2,178,4,10,9,1,104,47,0.7,14.9,0,3,9.5,62.5,96.9,29.6,18.5,0,4,25.0,63.7,1,68,0.0,0,3,93.0,10,310,63.9,320,6,16,16,1,169,118,0.6,16.9
Marvell Tell III,49217,CB,IND,10,190,0,14,0,12.1,71.4,100.0,6.1,4.4,1,2,14.3,54.5,0,34,0.0,0,2,135.1,10,70,36.8,70,0,8,14,1,167,77,2.7,16.7,0,1,10.1,73.3,100.0,9.2,6.7,1,2,13.3,83.6,0,44,0.0,0,2,116.2,11,104,54.7,104,4,9,15,1,111,27,1.1,10.1
Tony Brown,49255,CB,GB,4,29,0,12,0,,,90.9,,,0,0,,67.5,0,,,0,0,0.0,0,10,34.5,11,0,0,0,0,0,0,0.0,,0,0,14.4,80.0,100.0,4.3,3.4,0,0,0.0,47.8,0,27,0.0,0,0,117.5,4,19,65.5,19,0,4,5,0,61,2,3.6,15.3
Troy Apke,49260,S,WAS,9,96,0,32,0,,,97.4,,,0,0,,89.6,1,,0.0,0,0,0.0,0,37,38.5,38,0,4,0,0,0,0,0.0,,0,0,4.0,100.0,95.7,14.7,14.7,0,1,33.3,49.0,0,9,33.3,2,0,86.1,3,44,45.8,46,2,4,3,0,14,2,0.3,4.7
Andrew Wingard,49268,S,JAX,9,70,0,15,0,,,83.3,,,0,0,,53.6,0,,66.7,2,0,0.0,0,20,28.6,24,0,1,0,0,0,0,0.0,,0,2,15.0,100.0,89.8,20.0,20.0,0,0,0.0,53.7,0,36,20.0,1,0,118.8,2,44,62.9,49,2,2,2,0,46,16,1.2,23.0
Jamal Carter,49282,S,ATL,8,71,0,2,0,19.0,33.3,91.7,22.0,7.3,0,1,33.3,51.3,0,33,0.0,0,1,75.7,1,22,31.0,24,0,1,3,0,33,9,1.5,33.0,0,0,0.3,75.0,100.0,11.7,8.8,0,0,0.0,67.6,0,9,0.0,0,0,89.6,3,38,53.5,38,0,3,4,0,24,27,0.7,8.0
Rashad Fenton,49329,CB,KC,11,198,0,16,0,13.1,42.9,90.0,16.0,6.9,0,0,0.0,62.0,0,23,0.0,0,0,101.2,3,54,27.3,60,1,2,7,1,40,9,0.8,13.3,0,1,10.6,64.3,93.5,10.9,7.0,0,3,21.4,80.7,1,39,0.0,0,2,77.7,9,101,51.0,108,5,9,14,1,94,57,1.0,10.4
Carlton Davis III,49335,CB,TB,14,656,0,30,0,14.0,53.8,100.0,9.3,5.0,0,7,17.9,56.4,0,46,11.8,2,6,121.2,21,216,32.9,216,5,15,39,5,324,72,1.7,15.4,0,3,11.2,53.4,99.7,12.0,6.4,1,13,22.4,77.6,1,30,10.3,4,10,65.9,31,390,59.5,391,10,32,58,1,289,49,0.8,9.3
Chris Payton-Jones,49339,CB,ARZ,9,197,0,1,0,20.3,57.1,100.0,13.3,7.6,0,2,28.6,67.7,0,24,0.0,0,2,89.0,4,56,28.4,56,0,5,7,0,66,3,1.2,16.5,0,2,18.3,52.9,96.9,13.8,7.3,0,2,11.8,72.9,0,32,15.4,2,2,80.5,9,127,64.5,131,1,9,17,0,140,61,1.1,15.6
Kevin Toliver II,49348,CB,CHI,6,100,0,6,0,14.6,62.5,100.0,5.4,3.4,0,1,12.5,35.2,0,21,0.0,0,1,131.8,5,28,28.0,28,0,3,8,1,73,3,2.7,14.6,0,0,9.3,57.1,100.0,15.5,8.9,0,1,14.3,58.4,0,35,28.6,2,1,87.8,4,64,64.0,64,0,5,7,0,64,13,1.0,16.0
Chandon Sullivan,49349,CB,GB,14,263,0,12,0,5.0,53.8,97.5,10.4,5.6,0,2,15.4,64.4,0,14,10.0,1,0,64.9,7,79,30.0,81,2,9,13,0,56,53,0.8,8.0,0,0,11.0,40.0,94.7,19.6,7.9,1,3,15.0,76.3,1,25,0.0,0,2,35.0,8,162,61.6,171,3,10,20,0,98,52,0.6,12.3
Jaire Alexander,49350,CB,GB,18,694,0,12,0,11.1,55.8,99.6,8.6,4.8,1,7,16.3,51.8,1,56,21.1,4,5,100.5,24,224,32.3,225,2,15,43,3,396,165,1.9,16.5,0,4,13.1,58.5,99.8,12.9,7.5,2,13,24.5,82.5,0,46,10.9,5,8,90.4,31,413,59.5,414,9,37,53,1,423,108,1.1,13.6
Ugo Amadi,49352,CB,SEA,7,88,0,29,0,17.0,66.7,96.7,13.5,9.0,0,1,33.3,66.2,0,32,0.0,0,0,109.7,2,29,33.0,30,0,2,3,0,46,12,1.7,23.0,0,1,0.2,92.3,91.1,4.2,3.8,0,0,0.0,60.1,0,14,22.2,2,0,94.2,12,51,58.0,56,4,6,13,0,86,85,1.7,7.2
Isaac Yiadom,49355,CB,DEN,12,322,0,10,2,15.5,69.2,99.0,10.3,7.2,0,1,7.7,44.3,0,43,11.1,1,0,107.9,9,99,30.7,100,1,6,13,0,150,32,1.6,16.7,0,1,11.7,73.7,99.5,6.3,4.6,0,3,7.9,54.8,0,75,15.4,4,2,107.5,28,187,58.1,188,5,21,38,0,401,170,2.3,14.3
Torry McTyer,49357,CB,CIN,2,5,0,7,0,9.0,100.0,100.0,4.0,4.0,0,0,0.0,48.8,0,9,0.0,0,0,104.2,1,4,80.0,4,0,1,1,0,9,0,2.3,9.0,0,0,,,100.0,,,0,0,,60.0,0,,,0,0,0.0,0,1,20.0,1,0,0,0,0,0,0,0.0,
Chris Lammons,49368,CB,MIA,11,93,0,17,1,19.1,62.5,100.0,9.6,6.0,0,0,0.0,44.5,0,33,20.0,1,0,145.8,5,52,55.9,52,1,3,8,1,114,22,2.4,22.8,0,2,11.1,85.7,87.5,4.7,4.0,0,0,0.0,53.7,0,21,14.3,1,0,103.0,6,28,30.1,32,3,4,7,0,61,22,2.2,10.2
C.J. Gardner-Johnson,49371,S,NO,17,407,0,20,1,14.4,41.7,93.0,26.2,10.9,0,5,41.7,66.0,1,48,25.0,2,2,36.8,5,147,36.1,158,2,5,12,0,100,59,0.8,20.0,0,0,5.3,71.0,87.7,9.9,7.0,0,3,9.7,59.6,0,30,16.7,4,3,98.5,22,229,56.3,261,6,20,31,1,197,127,0.9,9.0
Donte Jackson,49377,CB,CAR,12,428,0,5,0,14.7,76.9,100.0,6.4,4.9,0,1,7.7,39.2,0,93,37.5,3,1,143.9,10,73,17.1,73,1,5,13,1,210,103,3.3,21.0,0,1,17.5,59.1,100.0,11.8,7.0,0,5,11.4,67.0,3,58,9.5,2,3,85.6,26,325,75.9,325,7,18,44,3,422,77,1.4,16.2
Danny Johnson,49379,CB,WAS,2,47,0,32,0,6.0,66.7,100.0,7.0,4.7,0,1,33.3,34.6,0,13,50.0,1,1,89.6,2,14,29.8,14,0,1,3,0,23,7,1.6,11.5,0,0,9.2,60.0,100.0,9.7,5.8,0,0,0.0,62.3,0,9,0.0,0,0,69.6,3,30,63.8,30,1,7,5,0,21,6,0.7,7.0
Montre Hartage,49390,S,MIA,4,93,0,17,0,2.7,66.7,94.3,21.5,14.3,1,0,0.0,68.5,0,15,0.0,0,0,123.6,2,50,53.8,53,1,2,3,1,19,12,0.4,9.5,0,2,7.3,66.7,100.0,17.0,11.3,0,0,0.0,63.4,0,11,0.0,0,0,78.5,2,35,37.6,35,1,2,3,0,15,8,0.4,7.5
Mark Fields,49394,CB,MIN,1,6,0,18,0,,,100.0,,,0,0,,60.0,0,,,0,0,0.0,0,1,16.7,1,0,0,0,0,0,0,,,0,0,,,100.0,,,0,0,,46.3,0,,100.0,1,0,0.0,0,4,66.7,4,0,0,0,0,0,0,0.0,
M.J. Stewart,49397,CB,TB,7,243,0,30,0,6.7,64.7,93.9,7.5,4.9,0,0,0.0,51.8,0,29,12.5,1,0,99.6,11,93,38.3,99,2,7,17,1,98,50,1.2,8.9,0,1,6.8,78.6,93.7,5.9,4.6,0,2,7.1,66.5,0,39,4.2,1,2,112.5,22,134,55.1,143,4,22,28,1,228,97,1.8,10.4
Donovan Wilson,49408,S,DAL,2,11,0,9,0,,,100.0,,,0,0,,60.0,0,,,0,0,0.0,0,1,9.1,1,0,0,0,0,0,0,,,0,0,,,100.0,,,0,0,,52.5,0,,100.0,1,0,0.0,0,9,81.8,9,0,0,0,0,0,0,0.0,
Ka'dar Hollman,49446,CB,GB,1,3,0,12,0,,,,,,0,0,,,0,,,0,0,0.0,0,0,0.0,0,0,0,0,0,0,0,,,0,0,24.0,0.0,100.0,,3.0,0,1,100.0,76.6,0,,,0,0,39.6,0,3,100.0,3,0,0,1,0,0,0,0.0,
Keion Crossen,49454,CB,HST,10,80,0,13,1,13.0,60.0,97.7,13.3,8.0,0,0,0.0,30.5,0,25,25.0,1,0,85.4,3,42,52.5,43,0,2,5,0,40,27,1.0,13.3,0,0,8.0,100.0,100.0,15.5,15.5,0,0,0.0,61.9,0,16,20.0,1,0,108.3,2,33,41.3,33,1,4,2,0,20,4,0.6,10.0
Kyron Brown,49466,CB,NYJ,1,36,0,22,0,5.0,100.0,100.0,9.0,9.0,0,0,0.0,55.8,0,13,0.0,0,0,118.8,1,9,25.0,9,0,1,1,0,13,8,1.4,13.0,0,0,10.0,33.3,100.0,13.0,4.3,0,0,0.0,50.8,0,6,0.0,0,0,42.4,1,16,44.4,16,0,2,3,0,6,1,0.5,6.0
Iman Lewis-Marshall,49485,CB,BLT,1,1,0,3,0,,,,,,0,0,,,0,,,0,0,0.0,0,0,0.0,0,0,0,0,0,0,0,,,0,0,,,100.0,,,0,0,,60.0,0,,,0,0,0.0,0,1,100.0,1,0,0,0,0,0,0,0.0,
Darius Phillips,49507,CB,CIN,6,75,0,7,0,21.0,16.7,96.4,26.0,4.3,0,1,16.7,93.7,3,36,33.3,1,1,12.5,1,27,36.0,28,1,2,6,0,36,6,1.4,36.0,0,0,19.4,50.0,95.6,10.3,5.1,0,2,25.0,58.5,1,46,0.0,0,2,93.2,4,43,57.3,45,0,1,8,1,95,3,2.3,23.8
Taron Johnson,49511,CB,BUF,13,343,0,4,1,12.6,47.1,95.8,13.3,6.2,0,4,23.5,69.7,0,32,12.5,1,4,66.5,8,113,32.9,118,2,6,17,0,103,32,1.0,12.9,0,2,3.6,86.8,91.7,6.2,5.3,1,2,5.3,54.5,0,24,13.3,4,2,105.6,33,210,61.2,229,13,24,38,1,275,193,1.4,8.3
Jordan Miller,49515,S,ATL,5,23,0,2,0,,,100.0,,,0,0,,61.8,0,,,0,0,0.0,0,2,8.7,2,0,0,0,0,0,0,0.0,,0,1,12.7,66.7,100.0,8.0,5.3,0,0,0.0,49.4,0,13,0.0,0,0,93.8,2,17,73.9,17,0,2,3,0,26,15,1.6,13.0
Denzel Ward,49558,CB,CLV,12,443,0,8,0,12.2,48.1,98.6,9.7,4.7,0,7,25.9,51.9,0,47,9.1,1,3,91.7,13,143,32.3,145,2,10,27,1,241,78,1.9,18.5,0,1,13.0,45.0,99.6,14.1,6.3,1,4,10.0,75.3,2,36,21.7,5,4,38.0,18,264,59.6,265,8,17,40,0,185,80,0.7,10.3
Rock Ya-Sin,49564,CB,IND,15,550,0,14,1,10.4,57.1,99.4,12.6,7.2,0,2,9.5,45.2,0,33,0.0,0,2,77.3,12,169,30.7,170,3,13,21,0,139,35,0.9,11.6,0,3,16.7,71.0,99.4,14.5,10.3,0,1,3.2,65.3,1,45,3.1,1,0,121.4,22,329,59.8,331,9,28,31,2,406,99,1.3,18.5
Duke Shelley,49569,CB,CHI,3,5,0,6,0,,,100.0,,,0,0,,60.0,0,,,0,0,0.0,0,1,20.0,1,0,0,0,0,0,0,0.0,,0,0,4.0,0.0,100.0,,3.0,0,0,0.0,63.0,0,,,0,0,39.6,0,4,80.0,4,0,0,1,0,0,0,0.0,
Nate Brooks,49572,CB,MIA,3,69,0,17,0,14.1,42.9,100.0,8.7,3.7,0,3,42.9,55.7,0,50,0.0,0,2,78.3,3,32,46.4,32,1,4,7,0,68,14,2.6,22.7,0,0,13.8,80.0,100.0,7.5,6.0,0,0,0.0,62.1,0,26,0.0,0,0,111.7,4,32,46.4,32,0,5,5,0,54,4,1.8,13.5
Matt Dickerson,49601,DI,TEN,8,1,0,31,0,,,0.0,,,0,0,,,0,,100.0,1,0,0.0,0,0,0.0,10,0,0,0,0,0,0,,,0,0,,,5.0,,,0,0,,59.8,0,,,0,0,0.0,0,1,100.0,20,0,0,0,0,0,0,0.0,
Andrew Brown,49636,ED,CIN,13,8,0,7,0,,,0.0,,,0,0,,,0,,,0,0,0.0,0,0,0.0,49,0,0,0,0,0,0,,,0,0,,,6.8,,,0,0,,62.6,0,,0.0,0,0,0.0,0,6,75.0,88,1,2,0,0,0,0,0.0,
Justin Phillips,49677,LB,OAK,1,5,0,23,0,,,100.0,,,0,0,,61.3,0,,,0,0,0.0,0,2,40.0,2,0,0,0,0,0,0,0.0,,0,1,2.0,100.0,75.0,1.5,1.5,0,0,0.0,37.1,0,22,0.0,0,0,118.8,2,3,60.0,4,0,1,2,0,26,22,8.7,13.0
Shaquille Leonard,49684,LB,IND,13,461,0,14,0,-0.4,80.0,71.0,23.3,18.6,0,0,0.0,73.6,0,8,14.3,1,0,82.5,4,103,22.3,145,5,6,5,0,19,21,0.2,4.8,0,13,5.6,81.4,93.7,6.3,5.1,0,0,0.0,65.9,4,27,6.8,3,0,73.2,48,311,67.5,332,12,28,59,0,493,263,1.6,10.3
Genard Avery,49699,ED,PHI,8,2,0,24,0,11.0,0.0,7.7,,1.0,0,0,0.0,60.0,0,,,0,0,39.6,0,1,50.0,13,0,0,1,0,0,0,0.0,,0,0,,,5.3,,,0,0,,61.5,0,,0.0,0,0,0.0,0,1,50.0,19,0,1,0,0,0,0,0.0,
Shaun Dion Hamilton,49706,LB,WAS,15,187,0,32,0,5.3,75.0,68.8,16.3,12.3,0,0,0.0,68.1,0,11,0.0,0,0,131.3,3,55,29.4,80,1,2,4,1,26,8,0.5,8.7,0,0,2.3,57.9,97.6,11.1,6.4,1,2,10.5,90.4,1,16,6.3,1,1,58.4,11,124,66.3,127,7,15,19,1,48,41,0.4,4.4
Josiah Tauaefa,49714,LB,NYG,1,8,0,21,0,-1.0,100.0,100.0,4.0,4.0,0,0,0.0,78.9,0,-1,0.0,0,0,79.2,1,4,50.0,4,1,1,1,0,-1,0,-0.3,-1.0,0,0,-8.0,100.0,100.0,3.0,3.0,0,0,0.0,43.1,0,0,,0,0,79.2,1,4,50.0,4,0,0,1,0,0,8,0.0,0.0
Cole Holcomb,49753,LB,WAS,16,353,0,32,1,2.6,83.3,76.2,9.3,7.8,0,0,0.0,64.3,0,22,15.4,2,0,115.6,10,99,28.0,130,3,10,12,1,61,44,0.7,6.1,0,1,2.9,84.8,95.7,7.8,6.6,0,0,0.0,39.8,0,49,19.2,5,0,108.2,28,224,63.5,234,4,20,33,0,329,272,1.5,11.8
Quincy Williams,49779,LB,JAX,9,283,0,15,1,0.7,80.0,77.2,10.3,8.2,0,0,0.0,44.4,0,30,27.3,3,0,105.0,8,88,31.1,114,0,7,10,0,92,79,1.1,11.5,0,1,6.0,91.7,98.4,7.9,7.2,0,0,0.0,31.7,0,45,33.3,5,0,112.0,22,182,64.3,185,5,9,24,0,261,148,1.5,11.9
Azeez Al-Shaair,49792,LB,SF,10,83,0,28,0,-4.0,100.0,58.3,7.0,7.0,0,0,0.0,67.2,0,-1,100.0,1,0,79.2,1,7,8.4,12,0,0,1,0,-1,3,-0.1,-1.0,0,2,1.8,90.0,90.2,7.8,7.0,0,0,0.0,46.2,0,24,33.3,3,0,105.0,9,74,89.2,82,2,4,10,0,92,75,1.3,10.2
Chris Covington,49825,S,DAL,1,23,0,9,0,,,100.0,,,0,0,,60.0,0,,,0,0,0.0,0,1,4.3,1,0,0,0,0,0,0,,,0,0,,,100.0,,,0,0,,66.3,0,,0.0,0,0,0.0,0,19,82.6,19,0,2,0,0,0,0,0.0,
James Crawford,49836,ED,MIA,2,1,0,17,0,,,0.0,,,0,0,,,0,,,0,0,0.0,0,0,0.0,3,0,0,0,0,0,0,,,0,1,,,50.0,,,0,0,,61.1,0,,0.0,0,0,0.0,0,1,100.0,2,0,0,0,0,0,0,0.0,
Ryan Connelly,49840,LB,NYG,4,85,0,21,0,-2.0,100.0,79.5,28.0,28.0,0,0,0.0,59.0,0,41,,0,0,118.8,1,31,36.5,39,0,0,1,0,41,43,1.5,41.0,0,1,3.2,80.0,87.7,11.8,9.4,0,0,0.0,80.4,2,8,0.0,0,0,47.1,4,50,58.8,57,2,3,5,0,24,12,0.5,6.0
Jerry Tillery,49949,DI,LAC,15,2,0,27,0,,,0.0,,,0,0,,,0,,,0,0,0.0,0,0,0.0,21,0,0,0,0,0,0,,,0,2,,,0.7,,,0,0,,63.9,0,,25.0,1,0,0.0,0,1,50.0,150,2,1,0,0,0,0,0.0,
Derrick Nnadi,49970,DI,KC,19,14,0,16,0,,,1.7,,,0,0,,62.4,1,,,0,0,0.0,0,2,14.3,119,0,0,0,0,0,0,0.0,,0,0,,,4.9,,,0,0,,55.1,0,,0.0,0,0,0.0,0,10,71.4,206,2,2,0,0,0,0,0.0,
Christian Miller,50078,ED,CAR,7,4,0,5,0,,,6.7,,,0,0,,60.0,0,,,0,0,0.0,0,1,25.0,15,0,0,0,0,0,0,0.0,,0,1,,,7.9,,,0,0,,63.2,0,,0.0,0,0,0.0,0,3,75.0,38,2,0,0,0,0,0,0.0,
Uchenna Nwosu,50084,ED,LAC,16,25,0,27,0,5.0,100.0,9.4,3.0,3.0,0,0,0.0,64.5,0,5,0.0,0,0,87.5,1,3,12.0,32,0,1,1,0,5,0,1.7,5.0,0,0,6.4,60.0,12.1,6.0,3.6,0,0,0.0,74.3,0,7,40.0,2,0,66.3,3,19,76.0,157,3,3,5,0,17,12,0.9,5.7
Peter Kalambayi,50089,LB,HST,4,27,0,13,0,,,25.0,,,0,0,,78.8,0,,0.0,0,0,0.0,0,6,22.2,24,1,1,0,0,0,0,0.0,,0,0,6.0,100.0,70.4,6.0,6.0,0,0,0.0,38.6,0,12,0.0,0,0,112.5,3,19,70.4,27,0,4,3,0,33,15,1.8,11.0
Harvey Langi,50118,ED,NYJ,9,31,0,22,0,,,38.5,,,0,0,,64.2,0,,,0,0,0.0,0,5,16.1,13,0,0,0,0,0,0,0.0,,0,1,4.8,80.0,62.1,4.3,3.4,0,0,0.0,45.8,0,11,50.0,1,0,95.0,4,18,58.1,29,0,0,5,0,34,20,2.0,8.5
Josh Sweat,50120,ED,PHI,17,6,0,24,0,,,0.0,,,0,0,,,0,,,0,0,0.0,0,0,0.0,115,4,0,0,0,0,0,,,0,0,-2.0,100.0,2.6,4.0,4.0,0,0,0.0,51.4,0,14,0.0,0,0,118.8,1,4,66.7,153,2,2,1,0,14,16,3.5,14.0
Lorenzo Carter,50126,ED,NYG,15,43,0,21,1,,,4.2,,,0,0,,80.8,0,,50.0,2,0,0.0,0,6,14.0,143,2,1,0,0,0,0,0.0,,0,0,16.3,50.0,11.9,16.0,8.0,0,1,25.0,80.7,0,14,11.1,1,1,61.5,2,32,74.4,270,8,8,4,0,17,5,0.5,8.5
Ogbo Okoronkwo,50130,ED,LA,9,6,0,26,0,3.0,100.0,3.0,1.0,1.0,0,0,0.0,48.6,0,12,0.0,0,0,116.7,1,1,16.7,33,1,1,1,0,12,9,12.0,12.0,0,1,1.5,100.0,10.6,2.5,2.5,0,0,0.0,43.4,0,4,50.0,1,0,83.3,2,5,83.3,47,1,0,2,0,8,5,1.6,4.0
Jacob Tuioti-Mariner,50141,ED,ATL,8,3,0,2,0,,,2.6,,,0,0,,67.9,0,,0.0,0,0,0.0,0,1,33.3,38,1,1,0,0,0,0,0.0,,0,0,2.0,100.0,1.4,1.0,1.0,0,0,0.0,60.0,0,3,,0,0,79.2,1,1,33.3,70,0,0,1,0,3,1,3.0,3.0
Jacob Martin,50152,ED,HST,16,20,0,13,0,6.0,100.0,10.7,13.0,13.0,0,0,0.0,35.0,0,17,75.0,3,0,158.3,1,13,65.0,122,2,1,1,1,17,11,1.3,17.0,0,1,6.0,100.0,6.7,6.0,6.0,0,0,0.0,61.8,0,16,0.0,0,0,118.8,1,6,30.0,90,3,1,1,0,16,10,2.7,16.0
Olasunkanmi Adeniyi,50154,ED,PIT,12,2,0,25,0,,,0.0,,,0,0,,,0,,,0,0,0.0,0,0,0.0,6,0,0,0,0,0,0,,,0,0,,,7.4,,,0,0,,61.2,0,,,0,0,0.0,0,2,100.0,27,0,0,0,0,0,0,0.0,
Arden Key,50201,ED,OAK,7,8,0,23,0,,,0.0,,,0,0,,,0,,100.0,1,0,0.0,0,0,0.0,52,0,0,0,0,0,0,,,0,0,5.0,100.0,8.7,6.0,6.0,0,0,0.0,64.0,0,6,100.0,1,0,91.7,1,8,100.0,92,1,0,1,0,6,1,1.0,6.0
Oren Burks,50203,LB,GB,10,43,0,12,0,,,100.0,,,0,0,,68.0,0,,,0,0,0.0,0,20,46.5,20,0,0,0,0,0,0,0.0,,0,1,7.6,60.0,95.7,7.0,4.2,0,0,0.0,28.0,0,32,0.0,0,0,104.2,3,22,51.2,23,0,0,5,0,66,42,3.1,22.0
Rashaan Evans,50213,LB,TEN,19,526,0,31,2,2.6,85.7,64.1,23.8,20.4,0,0,0.0,66.3,0,19,18.2,2,0,100.0,6,157,29.8,245,3,7,7,0,56,71,0.4,9.3,0,8,8.0,80.4,82.3,8.1,6.5,1,1,2.0,34.8,0,61,14.0,7,1,125.1,41,344,65.4,418,12,35,51,2,555,241,1.7,13.5
Sharif Finch,50221,ED,TEN,8,3,0,31,0,,,2.9,,,0,0,,60.0,0,,,0,0,0.0,0,1,33.3,35,0,0,0,0,0,0,0.0,,0,0,,,2.9,,,0,0,,73.1,0,,0.0,0,0,0.0,0,2,66.7,68,3,2,0,0,0,0,0.0,
Josh Hines-Allen,50235,ED,JAX,16,23,0,15,1,7.0,66.7,7.7,6.5,4.3,0,0,0.0,48.8,0,6,0.0,0,0,72.9,2,13,56.5,168,4,1,3,0,11,7,0.8,5.5,0,0,-3.0,100.0,4.4,10.0,10.0,0,0,0.0,57.1,0,9,33.3,2,0,104.2,1,10,43.5,229,10,4,1,0,9,12,0.9,9.0
Marquis Haynes Sr.,50244,ED,CAR,11,6,0,5,0,,,5.9,,,0,0,,60.0,0,,,0,0,0.0,0,1,16.7,17,0,0,0,0,0,0,0.0,,0,3,,,4.6,,,0,0,,73.9,0,,25.0,1,0,0.0,0,5,83.3,108,1,0,0,0,0,0,0.0,
Porter Gustin,50290,ED,CLV,6,2,0,8,0,,,0.0,,,0,0,,,0,,,0,0,0.0,0,0,0.0,36,0,0,0,0,0,0,,,0,0,,,2.8,,,0,0,,61.1,0,,,0,0,0.0,0,2,100.0,71,0,0,0,0,0,0,0.0,
Marcus Davenport,50291,ED,NO,13,29,0,20,1,,,11.1,,,0,0,,81.2,0,,0.0,0,0,0.0,0,12,41.4,108,2,1,0,0,0,0,0.0,,0,0,6.0,0.0,7.0,,16.0,0,0,0.0,66.1,0,,25.0,1,0,39.6,0,17,58.6,244,7,3,1,0,0,0,0.0,
Christian Wilkins,50293,DI,MIA,16,8,0,17,0,,,1.6,,,0,0,,58.9,0,,,0,0,0.0,0,3,37.5,193,1,0,0,0,0,0,0.0,,0,1,3.0,100.0,3.4,5.0,5.0,0,1,100.0,63.1,0,10,0.0,0,1,108.3,1,5,62.5,145,1,1,1,0,10,7,2.0,10.0
Xavier Crawford,50326,CB,MIA,2,6,0,17,0,,,100.0,,,0,0,,61.2,0,,,0,0,0.0,0,2,33.3,2,0,0,0,0,0,0,0.0,,0,0,,,100.0,,,0,0,,45.5,0,,,0,0,0.0,0,4,66.7,4,0,0,0,0,0,0,0.0,
Cornell Armstrong,50351,CB,HST,4,41,0,13,0,21.0,50.0,100.0,9.0,4.5,0,0,0.0,30.0,0,31,0.0,0,0,95.8,2,18,43.9,18,0,2,4,0,54,7,3.0,27.0,0,0,9.0,100.0,100.0,7.0,7.0,0,0,0.0,47.8,0,31,50.0,1,0,118.8,3,22,53.7,22,1,1,3,0,61,34,2.9,20.3
Nate Meadors,50353,CB,MIN,2,9,0,18,0,,,,,,0,0,,,0,,,0,0,0.0,0,0,0.0,0,0,0,0,0,0,0,,,0,0,2.0,100.0,85.7,6.0,6.0,0,0,0.0,68.5,0,8,0.0,0,0,100.0,1,6,66.7,7,0,2,1,0,8,6,1.3,8.0
Nik Needham,50356,CB,MIA,12,439,0,17,2,11.7,50.0,99.2,9.5,4.8,0,8,17.4,56.8,1,34,11.8,2,6,85.4,23,244,55.6,246,3,13,46,3,320,109,1.5,13.9,0,2,14.3,78.3,92.6,8.9,7.0,0,0,0.0,64.8,1,51,9.5,2,0,140.2,18,163,37.1,176,7,17,23,4,313,86,2.0,17.4
Cole Luke,50361,CB,CAR,2,7,0,5,0,,,100.0,,,0,0,,60.0,0,,,0,0,0.0,0,1,14.3,1,0,0,0,0,0,0,0.0,,0,0,5.0,100.0,100.0,1.5,1.5,0,0,0.0,50.1,0,10,0.0,0,0,100.0,2,3,42.9,3,0,2,2,0,16,6,5.3,8.0
Anthony Averett,50365,CB,BLT,9,164,0,3,0,11.4,42.9,100.0,10.0,4.3,0,3,21.4,58.2,0,24,50.0,3,1,57.7,6,63,38.4,63,0,3,14,0,67,36,1.1,11.2,0,2,16.6,61.1,97.8,7.8,4.8,1,1,5.6,41.5,0,49,0.0,0,0,90.3,11,89,54.3,91,0,9,18,0,161,7,1.9,14.6
Tre Herndon,50380,CB,JAX,15,531,0,15,1,15.1,37.8,100.0,13.1,4.9,0,4,10.8,52.7,2,40,14.3,2,4,56.1,14,197,37.1,197,0,11,37,1,320,125,1.7,22.9,0,1,14.7,63.9,99.7,13.1,8.4,1,5,13.9,54.5,1,44,14.3,4,5,108.9,23,315,59.3,316,2,23,36,3,323,79,1.1,14.0
Isaiah Oliver,50393,CB,ATL,16,584,0,2,1,12.8,59.3,100.0,6.8,4.1,0,10,18.5,45.6,0,39,4.2,1,8,108.9,32,240,41.1,240,2,22,54,3,504,199,2.3,15.8,0,2,6.9,77.4,99.7,12.2,9.5,1,2,6.5,61.8,0,31,17.9,5,2,103.6,24,306,52.4,307,5,21,31,0,275,152,0.9,11.5
Jeremy Reaves,50406,S,WAS,5,52,0,32,0,,,89.5,,,0,0,,59.8,0,,33.3,1,0,0.0,0,17,32.7,19,0,2,0,0,0,0,0.0,,0,0,18.7,33.3,100.0,29.0,9.7,0,1,33.3,56.1,0,20,0.0,0,1,57.6,1,31,59.6,31,0,1,3,0,20,7,0.7,20.0
Holton Hill,50414,CB,MIN,8,108,0,18,0,9.3,75.0,100.0,7.3,5.5,0,1,25.0,53.3,0,18,0.0,0,1,101.0,3,22,20.4,22,0,2,4,0,35,4,1.6,11.7,0,0,15.8,66.7,100.0,19.3,12.8,0,0,0.0,64.0,0,20,14.3,1,0,135.4,4,77,71.3,77,2,6,6,1,55,11,0.7,13.8
Josh Jackson,50417,S,GB,8,85,0,12,0,6.0,100.0,100.0,25.0,25.0,0,0,0.0,75.0,0,6,0.0,0,0,91.7,1,26,30.6,26,1,1,1,0,6,0,0.2,6.0,0,1,6.6,85.7,94.8,9.0,7.7,0,0,0.0,50.6,0,19,25.0,1,0,145.5,6,55,64.7,58,0,2,7,1,66,22,1.2,11.0
Juan Thornhill,50426,S,KC,16,617,0,16,1,10.2,50.0,93.7,32.5,16.3,0,1,8.3,67.9,2,19,25.0,3,0,52.8,6,209,33.9,223,1,8,12,1,60,35,0.3,10.0,0,3,14.5,66.7,99.7,78.8,52.5,0,0,0.0,67.2,0,21,16.7,3,0,91.7,4,338,54.8,339,1,12,6,0,49,17,0.2,12.3
Emmanuel Moseley,50430,CB,SF,18,491,0,28,1,11.2,58.8,99.0,8.6,5.1,0,1,5.9,50.6,0,88,22.2,2,1,120.5,10,99,20.2,100,2,6,17,1,203,106,2.4,20.3,0,0,11.0,60.4,99.7,10.9,6.6,0,6,11.3,72.0,2,44,10.0,4,5,67.3,32,359,73.1,360,7,36,53,1,309,101,0.9,9.7
Blessuan Austin,50434,CB,NYJ,7,247,0,22,0,12.3,63.6,98.3,7.7,4.9,0,1,9.1,55.8,0,21,14.3,1,0,92.6,7,57,23.1,58,1,6,11,0,99,30,1.8,14.1,0,1,6.5,70.0,100.0,10.8,7.6,1,2,10.0,68.9,0,29,23.1,3,2,105.8,14,158,64.0,158,5,9,20,1,138,70,0.9,9.9
Natrell Jamerson,50440,CB,CAR,1,2,0,5,0,,,,,,0,0,,,0,,,0,0,0.0,0,0,0.0,0,0,0,0,0,0,0,,,0,0,,,100.0,,,0,0,,63.6,0,,0.0,0,0,0.0,0,2,100.0,2,1,1,0,0,0,0,0.0,
Sheldrick Redwine,50458,S,CLV,8,191,0,8,0,1.0,50.0,96.2,46.0,23.0,1,1,50.0,73.7,0,9,0.0,0,1,62.5,1,50,26.2,52,0,5,2,0,9,8,0.2,9.0,0,3,4.7,85.7,93.8,19.8,17.0,0,1,14.3,64.0,0,24,18.8,3,1,113.7,6,121,63.4,129,1,10,7,0,79,60,0.7,13.2
Grant Haley,50473,CB,NYG,10,247,0,21,0,17.2,71.4,100.0,6.6,4.7,0,1,7.1,39.6,0,23,0.0,0,0,119.0,10,73,29.6,73,1,9,14,1,113,16,1.7,11.3,0,0,3.0,92.9,92.7,6.0,5.6,0,0,0.0,58.2,0,39,14.3,3,0,110.4,26,164,66.4,177,10,18,28,0,294,209,1.9,11.3
Parry Nickerson,50511,CB,JAX,1,23,0,15,0,,,100.0,,,0,0,,46.8,0,,,0,0,0.0,0,4,17.4,4,0,0,0,0,0,0,0.0,,0,0,27.0,50.0,100.0,19.0,9.5,0,0,0.0,59.5,0,10,0.0,0,0,64.6,1,19,82.6,19,1,3,2,0,10,4,0.5,10.0
Kareem Orr,50513,CB,TEN,1,33,0,31,0,12.0,33.3,100.0,12.0,4.0,0,0,0.0,37.3,0,6,0.0,0,0,42.4,1,13,39.4,13,0,1,3,0,6,0,0.5,6.0,0,1,,,100.0,,,0,0,,72.9,0,,0.0,0,0,0.0,0,18,54.5,18,0,4,0,0,0,0,0.0,
Amani Oruwariye,50533,CB,DET,7,146,0,11,0,13.8,76.9,98.8,7.8,6.0,0,0,0.0,73.6,2,22,0.0,0,0,107.2,10,83,56.8,84,1,10,13,2,128,37,1.6,12.8,0,1,8.3,88.9,100.0,6.5,5.8,0,1,11.1,69.4,0,25,0.0,0,0,142.6,8,53,36.3,53,4,6,9,1,84,29,1.6,10.5
Mike Ford,50535,CB,DET,9,124,0,11,0,17.5,38.5,100.0,15.4,5.9,0,1,7.7,48.7,0,41,0.0,0,1,90.9,5,84,67.7,84,1,5,13,1,97,11,1.3,19.4,0,0,0.0,100.0,100.0,9.3,9.3,0,0,0.0,69.3,0,6,33.3,1,0,86.1,3,28,22.6,28,2,2,3,0,14,14,0.5,4.7
Avonte Maddox,50543,CB,PHI,13,435,0,24,0,8.9,55.9,98.9,9.0,5.0,1,6,17.6,58.0,0,54,7.7,1,5,99.4,19,184,42.3,186,3,12,34,2,254,142,1.5,13.4,0,2,9.5,74.3,97.4,8.2,6.1,0,4,11.4,51.1,0,53,13.3,4,3,111.3,26,226,52.0,232,10,24,35,1,317,147,1.5,12.2
Brandon Facyson,50564,CB,LAC,11,195,0,27,0,6.2,66.7,100.0,5.0,3.3,0,0,0.0,58.4,0,27,0.0,0,0,87.5,4,21,10.8,21,1,4,6,0,43,7,2.2,10.8,0,1,13.4,64.7,100.0,14.0,9.1,1,1,5.9,56.2,0,25,11.8,2,1,106.0,11,161,82.6,161,2,14,17,1,124,12,0.8,11.3
Charles Omenihu,50612,DI,HST,16,7,0,13,0,,,0.0,,,0,0,,61.6,0,,50.0,1,0,0.0,0,0,0.0,167,4,1,0,0,0,0,,,0,0,4.0,100.0,3.0,4.0,4.0,0,0,0.0,78.8,0,4,0.0,0,0,83.3,1,5,71.4,169,1,2,1,0,4,0,1.0,4.0
Austin Calitro,50640,LB,JAX,6,108,0,15,1,-1.7,66.7,74.2,11.5,7.7,0,0,0.0,54.0,0,6,25.0,1,0,70.1,2,23,21.3,31,2,2,3,0,2,3,0.1,1.0,0,2,4.2,80.0,100.0,4.9,3.9,0,1,5.0,39.1,0,25,6.7,1,1,114.0,16,81,75.0,81,3,12,20,1,147,81,1.9,9.2
Shaquem Griffin,50657,ED,SEA,8,7,0,29,0,,,4.2,,,0,0,,47.9,0,,,0,0,0.0,0,1,14.3,24,0,0,0,0,0,0,0.0,,0,0,2.0,100.0,7.1,5.0,5.0,0,0,0.0,65.7,0,9,0.0,0,0,104.2,1,5,71.4,70,1,1,1,0,9,7,1.8,9.0
Hardy Nickerson,50712,LB,CIN,6,23,0,7,0,4.0,100.0,77.8,7.0,7.0,0,0,0.0,65.1,0,4,0.0,0,0,83.3,1,7,30.4,9,1,1,1,0,4,0,0.6,4.0,0,0,8.0,100.0,100.0,16.0,16.0,0,0,0.0,53.4,0,35,,0,0,118.8,1,16,69.6,16,0,0,1,0,35,27,2.2,35.0
Josey Jewell,50720,LB,DEN,10,106,0,10,0,11.4,60.0,78.8,7.7,4.6,0,0,0.0,41.0,0,27,0.0,0,0,95.4,3,26,24.5,33,1,2,5,0,52,32,2.3,17.3,0,2,0.9,88.9,94.5,8.5,7.6,0,0,0.0,44.3,0,19,20.0,2,0,90.3,8,69,65.1,73,3,6,9,0,51,42,0.8,6.4
Cody Barton,50727,LB,SEA,10,110,0,29,0,7.0,0.0,60.0,,10.0,0,1,100.0,82.1,0,,,0,1,39.6,0,12,10.9,20,1,0,1,0,0,0,0.0,,0,4,5.0,66.7,88.0,8.5,5.7,0,0,0.0,42.3,0,21,9.1,1,0,92.4,10,88,80.0,100,1,6,15,0,125,88,1.5,12.5
Cameron Smith,50739,LB,MIN,2,3,0,18,0,,,0.0,,,0,0,,,0,,,0,0,0.0,0,0,0.0,1,0,0,0,0,0,0,,,0,0,,,100.0,,,0,0,,61.8,0,,,0,0,0.0,0,3,100.0,3,0,0,0,0,0,0,0.0,
Roquan Smith,50892,LB,CHI,12,391,0,6,3,3.7,83.3,83.2,7.2,6.0,0,1,5.6,58.7,0,27,5.9,1,1,94.0,15,114,29.2,137,4,13,18,0,118,82,1.1,7.9,0,2,3.3,71.1,91.7,8.5,6.1,0,0,0.0,52.9,1,28,11.1,3,0,78.9,27,253,64.7,276,7,22,38,0,261,195,1.1,9.7
Andre Smith,50897,LB,CAR,1,10,0,5,0,,,100.0,,,0,0,,60.0,0,,,0,0,0.0,0,1,10.0,1,0,0,0,0,0,0,0.0,,0,0,,,90.0,,,0,0,,67.7,0,,0.0,0,0,0.0,0,9,90.0,10,0,1,0,0,0,0,0.0,
Tremaine Edmunds,50905,LB,BUF,17,590,0,4,1,3.4,81.8,78.5,18.4,15.1,0,2,18.2,62.1,1,33,9.1,1,2,105.3,9,179,30.3,228,4,9,11,1,122,103,0.7,13.6,0,7,6.0,79.1,94.4,10.6,8.4,1,2,4.7,48.8,0,50,15.6,7,2,102.5,34,374,63.4,396,15,31,43,0,370,191,1.0,10.9
Leighton Vander Esch,50950,LB,DAL,9,293,0,9,2,0.2,83.3,80.7,12.2,10.2,0,0,0.0,64.7,0,16,0.0,0,0,97.2,5,67,22.9,83,2,4,6,0,44,50,0.7,8.8,0,4,6.3,77.1,96.2,7.1,5.5,2,3,8.6,64.4,0,30,10.0,3,3,108.0,27,204,69.6,212,7,23,35,1,270,161,1.4,10.0
Bobby Okereke,50954,LB,IND,16,219,0,14,0,-1.6,100.0,93.2,10.4,10.4,0,0,0.0,90.9,0,7,0.0,0,0,79.2,5,55,25.1,59,2,2,5,0,6,14,0.1,1.2,0,2,7.0,80.8,91.9,6.6,5.3,2,1,3.8,68.4,0,24,9.5,2,1,96.6,21,148,67.6,161,8,17,26,0,187,94,1.3,8.9
Travin Howard,50959,LB,LA,5,72,0,26,0,12.3,50.0,93.8,6.5,3.3,0,1,25.0,66.2,0,37,0.0,0,1,86.5,2,15,20.8,16,1,2,4,0,41,12,3.2,20.5,0,1,8.3,61.5,100.0,6.8,4.2,0,2,15.4,52.9,0,23,20.0,2,1,77.1,8,55,76.4,55,3,7,13,0,74,33,1.4,9.3
Ja'Whaun Bentley,50966,LB,NE,17,127,0,19,1,1.9,85.7,63.0,8.7,7.4,0,0,0.0,69.1,0,23,0.0,0,0,88.1,6,58,45.7,92,4,5,7,0,36,33,0.7,6.0,0,3,5.2,81.8,94.1,6.0,4.9,0,0,0.0,57.7,0,18,0.0,0,0,92.8,9,64,50.4,68,0,5,11,0,69,25,1.3,7.7
Ben Burr-Kirven,50967,LB,SEA,2,1,0,29,0,,,,,,0,0,,,0,,,0,0,0.0,0,0,0.0,0,0,0,0,0,0,0,,,0,0,,,50.0,,,0,0,,60.0,0,,,0,0,0.0,0,1,100.0,2,0,0,0,0,0,0,0.0,
Frankie Luvu,51028,ED,NYJ,8,27,0,22,0,,,61.1,,,0,0,,66.6,0,,,0,0,0.0,0,11,40.7,18,1,0,0,0,0,0,0.0,,0,0,4.7,100.0,53.8,4.0,4.0,0,0,0.0,52.2,0,12,0.0,0,0,94.4,3,14,51.9,26,1,3,3,0,20,6,1.7,6.7
Kenny Young,51029,LB,LA,4,41,0,26,0,-3.7,100.0,68.0,5.3,5.3,0,0,0.0,57.8,0,14,0.0,0,0,141.0,3,17,41.5,25,0,1,3,1,25,36,1.6,8.3,0,0,7.5,100.0,73.3,11.0,11.0,0,0,0.0,35.1,0,26,0.0,0,0,118.8,2,22,53.7,30,1,5,2,0,45,30,2.0,22.5
Jahlani Tavai,51055,LB,DET,15,245,0,11,0,4.8,50.0,65.5,34.0,17.0,0,0,0.0,75.8,1,13,40.0,2,0,22.9,3,110,44.9,168,2,3,6,0,27,21,0.3,9.0,0,2,4.9,82.4,82.1,8.3,6.8,0,1,5.9,45.9,0,25,8.3,1,1,97.8,14,124,50.6,151,2,9,17,0,127,77,1.1,9.1
Julian Love,51081,S,NYG,8,252,0,21,0,6.8,66.7,90.4,9.6,6.4,0,2,13.3,66.6,0,29,9.1,1,2,85.1,10,103,40.9,114,4,10,15,0,99,60,1.0,9.9,0,1,4.7,70.0,98.5,18.0,12.6,0,0,0.0,63.0,1,23,20.0,1,0,51.2,7,132,52.4,134,0,3,10,0,73,32,0.6,10.4
Ben Niemann,51099,LB,KC,18,319,0,16,0,0.8,66.7,67.4,9.5,6.3,0,1,8.3,79.0,0,20,0.0,0,0,77.1,8,87,27.3,129,3,9,12,0,56,58,0.7,7.0,0,6,2.9,90.3,92.5,6.4,5.7,0,0,0.0,50.9,0,20,8.0,2,0,101.9,28,186,58.3,201,5,17,31,0,262,190,1.5,9.4
A.J. Moore,51146,S,HST,7,7,0,13,0,,,28.6,,,0,0,,60.0,0,,,0,0,0.0,0,2,28.6,7,0,0,0,0,0,0,0.0,,0,0,,,0.0,,,0,0,,,0,,,0,0,0.0,0,0,0.0,3,0,0,0,0,0,0,,
Taylor Rapp,51172,S,LA,15,508,0,26,1,6.1,57.9,89.5,13.2,7.6,1,2,10.5,63.8,0,27,0.0,0,2,81.5,11,153,30.1,171,3,7,19,0,142,92,1.0,12.9,0,11,7.2,75.0,99.1,9.0,6.7,1,3,6.8,61.2,2,46,10.3,4,3,82.4,33,313,61.6,316,11,24,44,0,388,177,1.3,11.8
Maurice Smith,51190,S,WAS,1,3,0,32,0,,,100.0,,,0,0,,60.2,0,,,0,0,0.0,0,2,66.7,2,0,0,0,0,0,0,0.0,,0,0,,,50.0,,,0,0,,60.7,0,,,0,0,0.0,0,1,33.3,2,0,0,0,0,0,0,0.0,
Joshua Kalu,51203,CB,TEN,3,32,0,31,0,19.5,50.0,100.0,11.0,5.5,0,1,50.0,72.8,0,14,0.0,0,1,72.9,1,13,40.6,13,0,2,2,0,14,1,1.3,14.0,0,0,15.0,100.0,100.0,17.0,17.0,0,0,0.0,59.5,0,16,0.0,0,0,118.8,1,17,53.1,17,0,1,1,0,16,1,0.9,16.0
Minkah Fitzpatrick,51206,S,PIT,16,601,0,25,2,6.8,100.0,100.0,44.5,44.5,0,0,0.0,61.7,0,20,0.0,0,0,107.3,4,196,32.6,196,2,6,4,0,39,12,0.2,9.8,0,5,18.7,56.3,98.0,37.0,20.8,1,4,25.0,75.0,5,83,15.6,5,3,75.3,9,351,58.4,358,5,22,16,1,173,60,0.5,19.2
Steven Parker,51220,S,MIA,12,202,0,17,0,8.8,75.0,97.7,38.0,28.5,0,0,0.0,63.6,1,23,28.6,2,0,97.9,3,125,61.9,128,0,5,4,2,32,11,0.3,10.7,0,0,10.3,75.0,100.0,17.7,13.3,0,0,0.0,54.7,1,37,0.0,0,0,77.1,3,54,26.7,54,0,3,4,0,63,40,1.2,21.0
Joel Iyiegbuniwe,51221,LB,CHI,1,1,0,6,0,,,100.0,,,0,0,,60.0,0,,,0,0,0.0,0,1,100.0,1,0,0,0,0,0,0,0.0,,0,0,,,,,,0,0,,,0,,,0,0,0.0,0,0,0.0,0,0,0,0,0,0,0,,
Fred Warner,51222,LB,SF,19,689,0,28,0,1.7,55.6,77.4,23.0,12.8,0,1,11.1,91.1,1,7,0.0,0,1,58.3,5,127,18.4,164,3,6,9,1,23,29,0.2,4.6,0,7,4.6,77.2,96.8,8.0,6.2,1,5,6.3,62.8,1,38,18.2,12,5,105.9,61,512,74.3,529,20,47,79,3,608,380,1.2,10.0
Rashaan Gaulden,51241,S,NYG,2,7,0,21,0,,,,,,0,0,,,0,,,0,0,0.0,0,0,0.0,0,0,0,0,0,0,0,,,0,0,-3.5,100.0,100.0,2.5,2.5,0,0,0.0,66.6,0,6,0.0,0,0,87.5,2,6,85.7,6,0,1,2,0,10,17,2.0,5.0
Armani Watts,51264,S,KC,8,61,0,16,0,13.0,100.0,83.3,12.0,12.0,0,0,0.0,55.7,0,13,0.0,0,0,118.8,1,15,24.6,18,0,1,1,0,13,0,1.1,13.0,0,2,18.0,0.0,100.0,,39.0,0,0,0.0,60.4,0,,0.0,0,0,39.6,0,39,63.9,39,0,2,1,0,0,0,0.0,
Tracy Walker III,51266,S,DET,13,523,0,11,1,13.1,64.3,99.4,16.1,10.4,0,5,17.9,57.2,0,45,10.3,3,3,138.1,18,311,59.5,313,0,25,28,3,314,80,1.1,17.4,0,1,8.1,66.7,98.9,14.5,9.7,1,4,22.2,89.4,1,38,8.7,2,4,68.3,12,182,34.8,184,9,20,18,0,146,102,0.8,12.2
Drue Tranquill,51276,LB,LAC,12,229,0,27,0,-3.5,100.0,81.8,8.5,8.5,0,0,0.0,67.9,0,6,,0,0,79.2,2,18,7.9,22,0,0,2,0,3,10,0.2,1.5,0,2,5.3,80.0,96.2,5.9,4.7,0,1,2.9,59.2,0,47,6.5,2,1,101.7,28,177,77.3,184,12,27,35,0,294,166,1.8,10.5
Mike Edwards,51282,S,TB,14,421,0,30,0,2.7,50.0,96.9,28.4,14.2,2,3,30.0,56.9,0,10,8.3,1,2,90.0,5,156,37.1,161,0,11,10,1,31,28,0.2,6.2,0,2,7.3,76.0,94.4,11.8,9.0,1,2,8.0,50.9,0,37,23.8,5,2,114.1,19,234,55.6,248,12,14,25,1,212,94,0.9,11.2
Khari Willis,51304,S,IND,14,383,0,14,0,3.0,83.3,95.8,12.5,10.4,0,1,8.3,56.4,0,21,12.5,1,0,121.2,10,136,35.5,142,2,7,12,1,77,62,0.6,7.7,0,2,5.2,88.2,93.7,13.3,11.7,1,1,5.9,72.4,0,19,13.8,4,1,90.7,15,207,54.0,221,8,23,17,0,98,67,0.5,6.5
Sean Chandler,51315,S,NYG,8,15,0,21,0,12.0,100.0,80.0,4.0,4.0,0,0,0.0,28.2,0,16,0.0,0,0,118.8,1,4,26.7,5,0,1,1,0,16,4,4.0,16.0,0,2,4.0,100.0,66.7,10.0,10.0,0,0,0.0,51.6,0,10,33.3,1,0,108.3,1,10,66.7,15,0,0,1,0,10,6,1.0,10.0
Terrell Edmunds,51334,S,PIT,16,602,0,25,0,11.7,94.1,94.9,10.8,10.1,0,1,5.9,71.4,0,47,5.0,1,1,137.5,16,185,30.7,195,7,19,17,1,209,44,1.2,13.1,0,4,9.8,57.9,97.8,31.0,17.9,0,3,15.8,47.0,0,24,9.7,3,1,99.7,11,363,60.3,371,5,24,19,1,145,85,0.4,13.2
Will Harris,51336,S,DET,16,462,0,11,2,4.5,90.9,98.6,26.6,24.2,0,0,0.0,60.5,0,23,7.7,1,0,146.8,10,288,62.3,292,3,10,11,2,107,77,0.4,10.7,0,1,32.3,50.0,100.0,69.0,34.5,0,1,25.0,56.0,0,33,37.5,3,0,135.4,2,141,30.5,141,1,4,4,1,59,1,0.4,29.5
Derwin James Jr.,51368,S,LAC,5,158,0,27,0,,,60.0,,,0,0,,61.6,0,,,0,0,0.0,0,3,1.9,5,0,0,0,0,0,0,0.0,,0,1,1.3,92.9,90.7,10.0,9.3,0,0,0.0,85.8,0,30,11.8,2,0,84.2,13,137,86.7,151,9,14,14,0,59,46,0.5,4.5
Amani Hooker,51378,S,TEN,19,359,0,31,0,5.3,66.7,99.3,64.0,42.7,0,0,0.0,61.9,0,12,20.0,1,0,82.6,2,139,38.7,140,0,4,3,0,18,6,0.1,9.0,0,3,9.4,54.5,99.5,32.5,17.7,0,1,9.1,63.7,0,18,10.0,1,0,74.1,6,199,55.4,200,2,6,11,0,70,28,0.4,11.7
Marcus Epps,51391,S,PHI,9,110,0,24,1,36.0,100.0,97.5,35.0,35.0,0,0,0.0,56.4,0,36,0.0,0,0,118.8,1,39,35.5,40,0,1,1,0,36,0,1.0,36.0,0,0,15.0,100.0,100.0,64.0,64.0,0,0,0.0,63.0,0,13,0.0,0,0,118.8,1,65,59.1,65,0,7,1,0,13,-2,0.2,13.0
Trayvon Henderson,51394,S,CIN,2,3,0,7,0,,,100.0,,,0,0,,60.5,0,,,0,0,0.0,0,3,100.0,3,0,0,0,0,0,0,0.0,,0,0,,,,,,0,0,,,0,,,0,0,0.0,0,0,0.0,0,0,0,0,0,0,0,,
Roderic Teamer,51405,S,LAC,7,203,0,27,1,13.0,50.0,97.1,31.0,15.5,0,1,50.0,63.7,0,70,25.0,1,1,135.4,1,34,16.7,35,0,2,2,1,70,46,2.3,70.0,0,2,4.8,95.0,99.3,7.3,7.0,0,0,0.0,45.8,1,38,10.5,2,0,126.9,19,149,73.4,150,3,15,20,2,229,141,1.6,12.1
Marcell Harris,51408,S,SF,9,211,0,28,0,-3.0,100.0,94.2,43.0,43.0,0,1,100.0,53.5,0,13,75.0,3,1,118.8,1,49,23.2,52,0,1,1,0,13,16,0.3,13.0,0,4,11.6,88.9,97.2,16.9,15.0,1,1,11.1,55.9,0,20,18.8,3,1,112.0,8,140,66.4,144,3,9,9,0,98,15,0.7,12.3
Jaquan Johnson,51433,S,BUF,1,30,0,4,0,,,88.9,,,0,0,,62.5,0,,,0,0,0.0,0,8,26.7,9,0,0,0,0,0,0,0.0,,0,0,-5.0,100.0,100.0,18.0,18.0,0,0,0.0,70.1,0,9,0.0,0,0,104.2,1,19,63.3,19,1,2,1,0,9,14,0.5,9.0
Dorian O'Daniel,51487,LB,KC,4,12,0,16,0,,,50.0,,,0,0,,60.0,0,,,0,0,0.0,0,1,8.3,2,0,0,0,0,0,0,0.0,,0,0,-5.0,0.0,69.2,,9.0,0,0,0.0,77.6,0,,0.0,0,0,39.6,0,9,75.0,13,2,1,1,0,0,0,0.0,
J.T. Gray,51495,S,NO,3,18,0,20,0,6.0,100.0,100.0,14.0,14.0,0,0,0.0,48.9,0,32,,0,0,118.8,1,15,83.3,15,0,0,1,0,32,26,2.3,32.0,0,0,,,75.0,,,0,0,,62.6,0,,0.0,0,0,0.0,0,3,16.7,4,0,1,0,0,0,0,0.0,
Dre Greenlaw,51503,LB,SF,19,509,0,28,1,0.6,50.0,76.6,19.8,9.9,0,1,12.5,62.6,0,25,25.0,1,1,66.1,4,85,16.7,111,1,2,8,0,43,48,0.5,10.8,0,3,2.2,82.3,95.3,7.3,6.0,0,1,1.6,72.2,1,22,7.5,3,0,82.7,51,387,76.0,406,20,34,62,0,339,289,0.9,6.6
Duke Dawson,51576,CB,DEN,10,226,0,10,0,8.8,60.0,95.3,23.7,14.2,0,0,0.0,47.2,0,32,42.9,3,0,100.4,3,81,35.8,85,0,4,5,0,58,26,0.8,19.3,0,0,3.0,80.0,95.9,13.9,11.1,1,1,10.0,60.6,0,32,0.0,0,1,134.2,8,118,52.2,123,3,8,10,1,82,48,0.7,10.3
Simeon Thomas,51583,CB,WAS,6,44,0,32,1,11.0,33.3,100.0,28.0,9.3,0,0,0.0,59.0,0,17,0.0,0,0,53.5,1,28,63.6,28,0,1,3,0,17,2,0.6,17.0,0,0,8.7,66.7,100.0,7.0,4.7,0,1,33.3,54.7,0,15,0.0,0,1,95.1,2,14,31.8,14,0,1,3,0,27,13,1.9,13.5
Donald Payne,51589,LB,JAX,5,175,0,15,0,3.4,90.9,79.4,5.1,4.6,0,0,0.0,29.6,0,84,12.5,1,0,149.1,10,54,30.9,68,1,7,11,1,197,154,3.9,19.7,0,5,6.5,90.0,98.2,5.9,5.4,0,0,0.0,26.9,0,31,5.0,1,0,129.2,18,111,63.4,113,2,14,20,1,220,130,2.1,12.2
Kenny Moore II,51596,CB,IND,11,372,0,14,0,9.9,75.0,93.3,8.3,6.3,0,0,0.0,43.8,0,20,9.1,1,0,99.5,12,112,30.1,120,4,10,16,0,134,27,1.3,11.2,0,4,5.8,77.1,91.7,8.0,6.2,0,2,5.7,81.4,1,51,20.0,6,1,89.3,27,231,62.1,252,10,20,35,1,213,110,1.0,7.9
Nicholas Morrow,51674,LB,OAK,16,430,0,23,0,3.6,64.3,83.9,12.4,8.0,0,0,0.0,54.0,0,25,27.3,3,0,100.6,9,130,30.2,155,5,8,14,1,71,73,0.6,7.9,0,4,4.0,75.6,93.6,7.8,5.9,0,2,4.9,49.4,1,39,16.0,4,2,97.4,31,265,61.6,283,7,17,41,1,338,229,1.4,10.9
Donovan Olumba,52165,CB,DAL,1,26,0,9,0,,,100.0,,,0,0,,67.1,0,,,0,0,0.0,0,13,50.0,13,0,0,0,0,0,0,0.0,,0,0,10.0,100.0,100.0,11.0,11.0,0,0,0.0,42.0,0,6,,0,0,131.3,1,11,42.3,11,0,0,1,1,6,0,0.5,6.0
Lonnie Johnson Jr.,55615,CB,HST,14,392,0,13,0,9.9,69.2,100.0,7.2,5.0,0,5,12.8,27.8,0,65,27.3,6,2,138.4,27,218,55.6,218,3,16,39,7,365,217,1.9,13.5,0,0,11.0,68.4,99.4,11.2,7.7,0,0,0.0,51.1,0,21,7.1,1,0,104.3,13,156,39.8,157,4,13,19,1,126,57,0.9,9.7
Darious Williams,55724,CB,LA,6,126,0,26,0,16.3,75.0,100.0,11.0,8.3,0,1,25.0,80.6,0,59,0.0,0,1,156.3,3,38,30.2,38,0,1,4,1,86,38,2.6,28.7,0,1,12.9,63.6,98.7,10.6,6.7,1,1,9.1,73.3,2,27,0.0,0,1,41.3,7,78,61.9,79,2,7,11,0,68,24,0.9,9.7
Keisean Nixon,56167,CB,OAK,3,33,0,23,0,17.6,80.0,100.0,4.3,3.4,0,1,20.0,28.4,0,43,0.0,0,1,118.8,4,18,54.5,18,0,3,5,0,97,22,5.7,24.3,0,0,-3.0,100.0,93.8,14.0,14.0,0,0,0.0,53.2,0,8,,0,0,100.0,1,15,45.5,16,0,0,1,0,8,11,0.6,8.0
Marquise Blair,56263,S,SEA,10,163,0,29,0,3.5,50.0,97.9,41.0,20.5,0,1,50.0,83.9,0,2,0.0,0,1,56.3,1,46,28.2,47,2,6,2,0,2,1,0.0,2.0,0,0,4.0,80.0,100.0,13.1,10.5,1,0,0.0,71.0,0,19,15.4,2,0,100.8,8,109,66.9,109,3,11,10,0,82,54,0.8,10.3
Anthony Rush,56895,DI,PHI,10,3,0,24,0,,,0.0,,,0,0,,,0,,,0,0,0.0,0,0,0.0,39,0,0,0,0,0,0,,,0,1,,,4.3,,,0,0,,59.0,0,,0.0,0,0,0.0,0,2,66.7,46,0,0,0,0,0,0,0.0,
Zach Sieler,66917,DI,MIA,7,1,0,17,0,,,0.0,,,0,0,,,0,,,0,0,0.0,0,0,0.0,27,1,0,0,0,0,0,,,0,0,,,3.4,,,0,0,,59.9,0,,50.0,1,0,0.0,0,1,100.0,29,0,1,0,0,0,0,0.0,
Tavierre Thomas,66931,CB,CLV,1,1,0,8,0,,,,,,0,0,,,0,,,0,0,0.0,0,0,0.0,0,0,0,0,0,0,0,,,0,0,,,100.0,,,0,0,,60.0,0,,,0,0,0.0,0,1,100.0,1,0,0,0,0,0,0,0.0,
Corey Ballentine,83833,CB,NYG,8,194,0,21,0,13.9,61.1,98.8,6.9,4.2,0,1,5.6,36.4,0,32,12.5,1,1,106.3,11,81,41.8,82,1,7,18,1,150,66,2.0,13.6,0,0,8.6,81.8,92.8,5.3,4.4,0,1,4.5,40.5,0,49,6.3,1,1,140.3,18,103,53.1,111,4,15,22,2,229,83,2.4,12.7
John Cominsky,88313,ED,ATL,8,2,0,2,0,,,3.6,,,0,0,,60.8,0,,0.0,0,0,0.0,0,1,50.0,28,2,2,0,0,0,0,0.0,,0,0,,,4.5,,,0,0,,60.0,0,,,0,0,0.0,0,1,50.0,22,0,0,0,0,0,0,0.0,
E.J. Speed,94351,LB,IND,3,9,0,14,0,,,100.0,,,0,0,,60.8,0,,,0,0,0.0,0,2,22.2,2,0,0,0,0,0,0,0.0,,0,0,-3.0,100.0,66.7,6.0,6.0,0,0,0.0,78.7,0,-1,0.0,0,0,79.2,1,6,66.7,9,1,2,1,0,-1,2,-0.2,-1.0
Anthony Pittman,94372,ED,DET,1,2,0,11,0,,,18.2,,,0,0,,60.7,0,,,0,0,0.0,0,2,100.0,11,0,0,0,0,0,0,0.0,,0,0,,,0.0,,,0,0,,,0,,,0,0,0.0,0,0,0.0,1,0,0,0,0,0,0,,
