player,player_id,position,team_name,player_game_count,base_targets,declined_penalties,franchise_id,man_avg_depth_of_target,man_avoided_tackles,man_caught_percent,man_contested_catch_rate,man_contested_receptions,man_contested_targets,man_drop_rate,man_drops,man_epa,man_first_downs,man_fumbles,man_grades_hands_drop,man_grades_pass_route,man_interceptions,man_longest,man_pass_block_rate,man_pass_blocks,man_pass_plays,man_positive_epa_percent,man_receptions,man_route_rate,man_routes,man_targeted_qb_rating,man_targets,man_targets_percent,man_touchdowns,man_yards,man_yards_after_catch,man_yards_after_catch_per_reception,man_yards_per_reception,man_yprr,penalties,zone_avg_depth_of_target,zone_avoided_tackles,zone_caught_percent,zone_contested_catch_rate,zone_contested_receptions,zone_contested_targets,zone_drop_rate,zone_drops,zone_epa,zone_first_downs,zone_fumbles,zone_grades_hands_drop,zone_grades_pass_route,zone_interceptions,zone_longest,zone_pass_block_rate,zone_pass_blocks,zone_pass_plays,zone_positive_epa_percent,zone_receptions,zone_route_rate,zone_routes,zone_targeted_qb_rating,zone_targets,zone_targets_percent,zone_touchdowns,zone_yards,zone_yards_after_catch,zone_yards_after_catch_per_reception,zone_yards_per_reception,zone_yprr
Cooper Kupp,11824,WR,LA,21,230,0,26,11.3,9,74.6,80.0,8,10,4.3,2,0.45,39,0,76.3,94.3,1,59,1.0,2,193,56.1,44,91.7,177,148.8,59,33.3,8,747,259,5.9,17.0,4.22,0,8.2,17,78.0,50.0,6,12,6.1,6,0.17,46,1,73.2,87.2,4,70,1.1,5,466,52.5,92,94.8,442,103.0,118,26.7,3,1190,577,6.3,12.9,2.69
Tyreek Hill,10799,WR,KC,20,182,0,16,11.6,0,68.5,22.2,2,9,9.8,4,0.06,26,1,57.8,81.7,3,64,0.0,0,206,45.7,37,91.3,188,97.6,54,28.7,4,478,155,4.2,12.9,2.54,0,10.7,13,75.0,28.6,2,7,5.1,4,0.28,46,0,77.2,80.7,0,75,0.0,0,410,56.1,75,94.4,387,102.5,100,25.8,1,830,312,4.2,11.1,2.14
Davante Adams,8688,WR,GB,17,177,0,12,10.3,5,70.7,57.1,4,7,2.4,1,0.19,31,0,83.0,91.3,1,50,0.0,0,186,47.7,41,92.5,172,126.1,58,33.7,6,526,152,3.7,12.8,3.06,0,10.5,5,73.3,40.0,6,15,2.9,2,0.21,42,0,85.6,91.2,2,59,0.0,0,318,50.5,66,95.3,303,101.2,90,29.7,2,860,362,5.5,13.0,2.84
Diontae Johnson,33441,WR,PIT,17,176,0,25,8.4,3,67.2,44.4,4,9,2.4,1,-0.12,24,2,75.0,75.8,0,50,0.0,0,214,39.3,41,93.9,201,114.0,61,30.3,4,498,297,7.2,12.1,2.48,0,9.6,13,62.7,33.3,3,9,7.1,4,-0.15,29,0,61.2,70.4,2,45,0.0,0,334,40.3,52,92.8,310,76.8,83,26.8,2,489,172,3.3,9.4,1.58
Stefon Diggs,9579,WR,BUF,19,168,0,4,11.1,5,55.6,28.6,4,14,7.9,3,0.1,22,0,63.6,76.2,1,37,0.4,1,257,47.5,35,91.4,235,83.3,63,26.8,3,388,91,2.6,11.1,1.65,0,12.5,12,70.5,53.8,7,13,3.1,2,0.15,36,0,84.4,78.4,5,61,0.0,0,415,53.0,62,95.9,398,78.6,88,22.1,1,796,224,3.6,12.8,2.0
Justin Jefferson,61398,WR,MIN,17,163,0,18,13.7,0,71.4,57.1,4,7,5.4,2,0.23,32,0,79.9,92.5,0,37,0.0,0,177,47.5,35,91.0,161,140.9,49,30.4,5,532,121,3.5,15.2,3.3,0,13.2,9,67.8,47.4,9,19,7.6,5,0.04,35,1,64.5,82.3,1,56,0.0,0,372,46.4,61,95.4,355,106.1,90,25.4,2,966,344,5.6,15.8,2.72
Ja'Marr Chase,84270,WR,CIN,21,158,0,7,13.1,6,67.5,33.3,3,9,3.6,1,0.2,21,0,76.1,88.2,4,82,0.0,0,177,49.1,27,92.1,163,104.2,40,24.5,4,568,264,9.8,21.0,3.48,0,12.8,14,68.0,45.5,10,22,10.8,8,0.14,42,2,50.3,83.2,1,72,0.0,0,433,49.5,66,95.2,412,121.2,97,23.5,6,1073,497,7.5,16.3,2.6
Travis Kelce,7844,TE,KC,19,158,0,16,8.8,3,56.3,62.5,5,8,10.0,3,0.11,19,0,56.1,76.6,3,69,1.4,3,218,48.5,27,89.4,195,72.6,48,24.6,3,332,155,5.7,12.3,1.7,0,7.1,17,75.9,60.0,3,5,4.8,3,0.25,41,1,71.1,82.9,2,48,2.5,11,432,54.7,60,91.7,396,111.2,79,19.9,3,829,461,7.7,13.8,2.09
DJ Moore,48267,WR,CAR,17,156,0,5,9.8,0,57.4,38.5,5,13,3.6,1,-0.22,18,0,75.5,73.8,3,64,0.0,0,179,39.6,27,94.4,169,59.1,47,27.8,1,323,149,5.5,12.0,1.91,0,11.5,5,61.5,33.3,4,12,11.1,7,-0.2,35,1,44.4,72.4,2,29,0.3,1,396,41.6,56,95.7,379,80.5,91,24.0,1,712,252,4.5,12.7,1.88
Keenan Allen,7857,WR,LAC,16,150,0,27,8.6,0,64.3,30.8,4,13,12.2,5,0.08,24,0,39.2,74.8,2,42,0.0,0,210,45.2,36,88.6,186,72.2,56,30.1,0,422,133,3.7,11.7,2.27,0,9.5,3,72.5,58.3,7,12,6.5,4,0.15,33,1,70.2,72.9,2,41,0.0,0,392,49.3,58,95.4,374,92.2,80,21.4,2,610,196,3.4,10.5,1.63
Mark Andrews,47436,TE,BLT,17,149,0,3,8.4,3,73.3,63.6,7,11,5.7,2,0.02,25,0,71.4,91.6,1,43,0.6,1,172,45.0,33,92.4,159,127.7,45,28.3,5,397,173,5.2,12.0,2.5,0,12.2,6,71.0,55.6,10,18,1.5,1,0.01,45,1,85.7,89.0,7,41,1.5,6,398,45.4,66,93.7,373,70.5,93,24.9,0,906,261,4.0,13.7,2.43
Marquise Brown,61568,WR,BLT,16,139,0,3,8.8,1,53.8,50.0,2,4,6.7,1,-0.23,4,1,66.7,52.0,1,42,0.0,0,156,40.0,14,92.9,145,64.9,26,17.9,1,132,70,5.0,9.4,0.91,0,13.0,5,66.3,40.0,4,10,6.0,4,0.07,28,0,71.8,73.2,1,49,0.0,0,409,49.2,63,96.3,394,95.7,95,24.1,3,735,278,4.4,11.7,1.87
Jaylen Waddle,84088,WR,MIA,16,138,0,17,6.8,5,76.0,87.5,7,8,7.3,3,0.1,28,0,64.3,79.2,1,36,0.0,0,211,45.9,38,92.9,196,114.5,50,25.5,4,369,152,4.0,9.7,1.88,0,6.8,6,73.4,50.0,3,6,9.4,6,-0.02,27,1,57.8,73.2,5,57,0.0,0,346,48.8,58,94.2,326,66.9,79,24.2,0,568,280,4.8,9.8,1.74
Tee Higgins,61211,WR,CIN,18,136,0,7,12.7,3,60.0,50.0,8,16,8.7,2,0.09,16,0,60.3,78.6,1,39,0.0,0,154,47.9,21,92.2,142,114.6,35,24.6,4,305,84,4.0,14.5,2.15,0,11.3,4,75.8,38.5,5,13,7.4,4,0.16,36,1,65.1,78.7,0,75,0.3,1,365,49.7,50,95.3,348,124.5,66,19.0,2,779,244,4.9,15.6,2.24
Hunter Renfrow,47509,WR,LV,18,135,0,23,9.6,3,63.2,16.7,1,6,4.0,1,0.09,15,1,74.2,69.6,0,31,0.0,0,202,44.3,24,91.6,185,108.9,38,20.5,3,254,115,4.8,10.6,1.37,0,5.3,6,92.3,50.0,2,4,2.7,2,0.03,29,0,87.1,81.2,1,54,0.0,0,327,50.6,72,96.6,316,106.7,78,24.7,2,689,301,4.2,9.6,2.18
Darnell Mooney,48236,WR,CHI,17,134,0,6,13.8,3,50.0,16.7,1,6,0.0,0,-0.09,12,0,81.7,72.0,1,52,0.0,0,131,37.3,16,90.1,118,61.7,32,27.1,0,238,64,4.0,14.9,2.02,0,10.9,7,64.6,16.7,2,12,5.4,3,-0.15,29,0,73.9,75.6,4,64,0.0,0,403,45.4,53,96.3,388,79.7,82,21.1,2,708,300,5.7,13.4,1.82
Mike Evans,8642,WR,TB,18,134,0,30,11.9,4,72.4,81.8,9,11,4.5,2,0.2,33,0,75.5,84.4,0,46,0.0,0,256,48.8,42,93.8,240,142.7,58,24.2,8,566,106,2.5,13.5,2.36,0,13.3,3,66.1,75.0,3,4,7.1,3,0.12,24,0,65.0,65.6,3,40,0.0,0,357,53.6,39,97.8,349,103.1,59,16.9,5,550,187,4.8,14.1,1.58
Jakobi Meyers,47468,WR,NE,18,130,0,19,10.6,2,60.7,53.3,8,15,5.1,2,-0.03,25,0,73.9,79.6,2,28,0.4,1,240,44.3,37,90.8,218,77.3,61,28.0,2,401,127,3.4,10.8,1.84,0,9.1,1,78.3,85.7,12,14,2.1,1,0.17,19,0,77.3,69.8,1,39,2.3,7,303,52.0,47,95.0,288,91.7,60,20.8,0,461,86,1.8,9.8,1.6
Brandin Cooks,8655,WR,HST,16,130,0,13,10.6,2,58.5,60.0,6,10,7.7,2,-0.19,14,0,63.2,68.1,1,43,0.0,0,167,42.6,24,92.8,155,84.4,41,26.5,2,270,104,4.3,11.3,1.74,0,11.5,3,72.4,44.4,4,9,3.5,2,-0.19,23,0,81.2,76.5,0,52,0.0,0,325,39.9,55,92.6,301,110.8,76,25.2,3,643,216,3.9,11.7,2.14
Deebo Samuel,48274,WR,SF,19,128,0,28,10.2,4,42.9,30.0,3,10,25.0,3,-0.08,7,0,27.8,61.2,1,79,2.3,3,133,35.3,9,87.2,116,75.9,21,18.1,1,212,137,15.2,23.6,1.83,0,7.2,19,75.6,58.3,7,12,6.8,5,0.28,44,3,69.1,91.7,3,83,0.9,3,344,51.7,68,95.3,328,121.8,90,27.4,5,1171,725,10.7,17.2,3.57
Terry McLaurin,48229,WR,WAS,17,126,0,32,16.6,0,51.4,54.5,12,22,0.0,0,-0.12,14,0,83.6,79.8,1,46,0.0,0,174,46.2,19,90.8,158,106.6,37,23.4,4,328,45,2.4,17.3,2.08,0,13.6,6,64.9,52.2,12,23,2.0,1,0.0,30,0,86.2,76.5,3,39,0.0,0,367,44.8,50,94.8,348,79.5,77,22.1,1,651,238,4.8,13.0,1.87
D.K. Metcalf,47864,WR,SEA,17,124,0,29,12.5,3,62.2,25.0,2,8,0.0,0,-0.06,17,0,85.3,90.9,0,41,0.0,0,107,41.7,23,89.7,96,129.2,37,38.5,7,317,94,4.1,13.8,3.3,0,12.8,5,68.1,46.2,6,13,6.0,3,0.07,28,1,70.5,77.0,1,84,0.3,1,322,45.6,47,95.0,306,107.4,69,22.5,4,584,206,4.4,12.4,1.91
Michael Pittman Jr.,29049,WR,IND,17,124,0,14,8.7,1,66.7,56.3,9,16,0.0,0,-0.08,19,0,87.3,79.3,0,42,0.6,1,175,42.9,28,87.4,153,101.7,42,27.5,2,284,140,5.0,10.1,1.86,0,10.3,8,75.8,85.7,6,7,7.8,4,0.08,25,1,64.5,74.5,2,57,0.0,0,326,46.4,47,93.9,306,97.0,62,20.3,1,593,157,3.3,12.6,1.94
Chris Godwin,11839,WR,TB,14,124,0,30,8.4,3,68.1,50.0,2,4,3.0,1,0.17,24,1,79.4,81.4,2,44,0.0,0,200,47.6,32,92.5,185,98.8,47,25.4,3,411,216,6.8,12.8,2.22,0,6.8,12,89.3,75.0,3,4,7.4,4,0.09,23,1,64.5,70.3,0,36,0.4,1,282,54.3,50,97.5,275,104.6,56,20.4,0,510,270,5.4,10.2,1.85
Mike Williams,11762,WR,LAC,16,122,0,27,11.0,1,55.0,47.1,8,17,12.0,3,0.2,18,0,51.6,77.8,0,49,0.0,0,194,48.8,22,88.7,172,101.9,40,23.3,2,358,124,5.6,16.3,2.08,0,12.7,5,66.7,55.6,10,18,8.3,4,0.18,24,0,61.5,70.9,0,72,0.0,0,337,49.5,44,96.4,325,119.7,66,20.3,4,663,268,6.1,15.1,2.04
CeeDee Lamb,61570,WR,DAL,17,120,0,9,13.6,6,59.4,83.3,5,6,0.0,0,0.05,15,0,83.2,79.5,2,49,0.6,1,175,40.4,19,91.4,160,101.6,32,20.0,6,280,104,5.5,14.7,1.75,0,9.9,12,70.0,66.7,6,9,10.9,6,0.17,34,0,46.1,84.8,4,44,0.5,2,370,53.8,49,90.8,336,77.6,70,20.8,0,689,270,5.5,14.1,2.05
Amon-Ra St. Brown,84470,WR,DET,17,115,0,11,7.3,1,65.5,33.3,2,6,5.0,1,-0.02,12,0,83.2,76.6,0,31,0.9,1,110,46.6,19,92.7,102,82.4,29,28.4,0,179,105,5.5,9.4,1.75,0,6.9,5,85.5,75.0,6,8,0.0,0,-0.06,27,0,90.6,77.0,1,37,0.6,2,323,45.5,53,95.7,309,107.7,62,20.1,2,550,252,4.8,10.4,1.78
Cole Beasley,7330,WR,BUF,18,115,0,4,6.4,1,70.0,25.0,1,4,4.5,1,0.07,13,1,73.0,62.2,2,20,0.0,0,200,46.7,21,91.0,182,58.1,30,16.5,0,183,66,3.1,8.7,1.01,0,5.6,1,81.6,50.0,1,2,6.1,4,0.1,22,0,71.4,72.8,1,29,0.0,0,311,51.7,62,95.5,297,96.0,76,25.6,1,555,256,4.1,9.0,1.87
Marvin Jones Jr.,7158,WR,JAX,17,114,0,15,13.8,1,60.0,43.8,7,16,0.0,0,-0.2,16,0,85.7,81.5,1,28,0.0,0,190,39.5,24,90.5,172,97.4,40,23.3,3,295,27,1.1,12.3,1.72,0,13.1,2,66.1,63.6,7,11,7.1,3,-0.08,21,0,65.7,62.8,1,33,0.5,2,395,47.6,39,95.7,378,82.5,59,15.6,0,458,77,2.0,11.7,1.21
Christian Kirk,47546,WR,ARZ,18,112,0,1,14.6,0,63.6,50.0,3,6,6.7,1,-0.08,10,0,64.4,68.7,0,43,0.0,0,130,36.8,14,90.0,117,137.9,22,18.8,3,228,51,3.6,16.3,1.95,0,10.4,1,77.6,80.0,8,10,6.3,4,0.18,28,0,70.4,71.9,1,50,0.0,0,368,53.1,59,95.4,351,94.8,76,21.7,0,614,180,3.1,10.4,1.75
Zach Ertz,7816,TE,ARZ,18,112,0,1,7.9,1,55.9,36.4,4,11,0.0,0,-0.14,11,0,83.2,63.7,1,27,2.7,4,146,38.9,19,87.7,128,86.9,34,26.6,3,172,72,3.8,9.1,1.34,0,6.8,2,75.9,44.4,4,9,6.4,3,0.08,20,0,68.6,67.6,2,47,2.6,9,351,50.3,44,93.7,329,90.9,58,17.6,1,476,260,5.9,10.8,1.45
A.J. Brown,48327,WR,TEN,14,110,0,31,13.2,4,61.0,45.5,5,11,3.8,1,0.03,20,0,75.1,91.2,0,57,0.0,0,118,43.8,25,94.9,112,117.8,41,36.6,3,399,133,5.3,16.0,3.56,0,12.9,4,61.0,53.8,7,13,18.2,8,0.17,24,0,29.2,77.3,1,46,0.0,0,222,51.6,36,95.5,212,87.4,59,27.8,1,508,86,2.4,14.1,2.4
Chase Claypool,42312,WR,PIT,16,110,0,25,12.2,3,43.9,36.8,7,19,10.0,2,-0.16,11,0,55.6,68.5,3,59,0.0,0,163,39.6,18,94.5,154,38.8,41,26.6,0,301,135,7.5,16.7,1.95,0,11.3,3,61.5,33.3,5,15,13.5,5,-0.2,18,0,43.2,63.9,0,52,0.0,0,285,39.6,32,93.0,265,87.1,52,19.6,0,421,155,4.8,13.2,1.59
DeVonta Smith,61100,WR,PHI,18,110,0,24,15.7,3,54.8,25.0,2,8,0.0,0,0.1,15,1,83.6,77.5,1,36,0.0,0,181,44.4,17,93.4,169,113.2,31,18.3,4,292,98,5.8,17.2,1.73,0,14.9,8,64.4,41.2,7,17,6.0,3,0.09,28,0,71.0,75.5,2,46,0.0,0,359,45.8,47,95.5,343,81.3,73,21.3,0,647,157,3.3,13.8,1.89
Amari Cooper,9437,WR,DAL,16,109,0,9,12.6,2,57.1,60.0,6,10,9.1,2,0.12,14,1,58.1,68.5,0,33,0.0,0,160,42.9,20,91.9,147,120.2,35,23.8,5,260,63,3.2,13.0,1.77,0,12.2,8,71.9,58.3,7,12,2.4,1,0.13,26,0,83.5,72.9,0,41,0.0,0,365,54.9,41,92.9,339,114.4,57,16.8,2,556,145,3.5,13.6,1.64
Dalton Schultz,47304,TE,DAL,18,108,0,9,7.1,2,60.9,40.0,2,5,6.7,1,0.02,9,0,67.7,64.3,0,30,8.1,15,186,40.6,14,85.5,159,117.2,23,14.5,4,137,64,4.6,9.8,0.86,0,6.4,11,88.6,81.8,9,11,1.6,1,0.16,33,0,90.0,83.7,1,38,9.5,39,409,54.6,62,84.6,346,111.2,70,20.2,2,689,293,4.7,11.1,1.99
Kyle Pitts,83964,TE,ATL,17,107,0,2,14.1,2,50.0,45.5,5,11,6.7,1,-0.2,10,0,64.4,75.6,2,61,3.0,4,135,40.7,14,88.1,119,55.7,28,23.5,0,280,96,6.9,20.0,2.35,0,10.6,3,66.2,42.9,9,21,4.3,2,-0.08,28,0,77.3,81.6,3,49,2.3,8,347,47.9,45,94.8,329,79.6,68,20.7,0,665,197,4.4,14.8,2.02
Mike Gesicki,47153,TE,MIA,17,106,0,17,9.5,1,53.3,47.6,10,21,0.0,0,0.11,15,0,85.7,71.7,0,40,1.4,3,213,45.9,24,90.1,192,78.9,45,23.4,1,270,81,3.4,11.3,1.41,0,7.7,3,82.7,55.6,5,9,4.4,2,-0.03,19,0,75.8,67.5,1,32,2.0,6,307,50.5,43,92.5,284,92.8,52,18.3,0,426,133,3.1,9.9,1.5
Tyler Boyd,10689,WR,CIN,20,105,0,7,7.3,3,64.3,66.7,4,6,0.0,0,0.24,12,0,82.7,67.0,1,32,0.0,0,175,49.7,18,92.0,161,71.1,28,17.4,0,204,105,5.8,11.3,1.27,0,7.2,3,83.6,70.0,7,10,2.1,1,0.18,23,1,77.8,68.8,2,68,0.3,1,382,50.7,46,94.5,361,110.4,55,15.2,3,537,273,5.9,11.7,1.49
Robbie Chosen,11254,WR,CAR,17,105,0,5,11.3,1,46.7,50.0,3,6,6.7,1,-0.19,10,0,64.4,61.5,1,23,0.0,0,176,41.6,14,94.3,166,78.1,30,18.1,3,127,17,1.2,9.1,0.77,0,11.6,2,50.8,15.4,2,13,8.8,3,-0.24,14,0,60.5,59.6,5,57,0.0,0,398,41.1,31,96.0,382,38.5,61,16.0,1,333,119,3.8,10.7,0.87
Odell Beckham Jr.,8647,WR,LA,18,104,0,26,14.6,0,63.3,66.7,6,9,5.0,1,0.31,16,0,71.3,85.8,1,40,0.0,0,125,55.6,19,93.6,117,116.7,30,25.6,4,260,70,3.7,13.7,2.22,0,12.6,2,64.4,57.1,4,7,7.3,3,0.15,21,0,72.7,70.3,2,54,0.0,0,303,50.7,38,96.7,293,82.7,59,20.1,1,502,167,4.4,13.2,1.71
George Kittle,11901,TE,SF,17,104,0,28,7.6,5,77.8,50.0,3,6,6.7,1,0.08,9,1,64.7,73.3,0,35,12.8,16,125,40.9,14,80.8,101,143.8,18,17.8,2,173,94,6.7,12.4,1.71,0,8.9,12,74.3,55.6,5,9,5.5,3,0.25,35,1,72.5,91.7,6,48,13.7,47,342,52.4,52,83.9,287,90.2,70,24.4,4,720,353,6.8,13.8,2.51
Van Jefferson,47447,WR,LA,21,103,0,26,11.8,0,55.0,57.1,4,7,8.3,1,0.3,7,0,60.2,53.2,0,41,0.6,1,167,54.5,11,92.8,155,90.6,20,12.9,1,125,33,3.0,11.4,0.81,0,15.5,2,62.1,33.3,3,9,14.3,6,0.19,23,0,38.6,62.3,1,79,0.0,0,414,52.1,36,95.9,397,106.7,58,14.6,3,596,181,5.0,16.6,1.5
Tyler Lockett,9502,WR,SEA,16,103,0,29,16.6,1,72.2,75.0,3,4,0.0,0,-0.04,9,0,80.0,80.2,0,63,0.0,0,101,42.2,13,89.1,90,153.9,18,20.0,5,252,88,6.8,19.4,2.8,0,14.3,1,71.4,41.7,5,12,2.2,1,0.06,23,0,84.8,76.2,2,55,0.6,2,331,45.9,45,95.5,316,100.3,63,19.9,2,625,103,2.3,13.9,1.98
Darren Waller,9637,TE,LV,12,102,0,23,12.4,2,48.5,25.0,2,8,5.9,1,0.32,15,0,68.7,79.5,1,33,7.5,12,161,45.9,16,85.7,138,76.1,33,23.9,1,286,111,6.9,17.9,2.07,0,9.1,2,69.6,50.0,3,6,9.3,4,-0.05,19,0,56.9,72.7,0,31,4.5,11,243,48.5,39,92.2,224,91.4,56,25.0,0,421,155,4.0,10.8,1.88
Rob Gronkowski,5567,TE,TB,14,102,0,30,10.6,1,52.8,45.5,5,11,9.5,2,0.05,11,0,56.9,70.6,0,27,7.5,14,187,46.0,19,87.2,163,110.4,36,22.1,5,214,97,5.1,11.3,1.31,0,8.8,15,71.7,40.0,2,5,5.0,2,0.18,21,0,72.6,87.7,0,42,6.1,15,245,53.3,38,92.2,226,112.1,53,23.5,1,560,281,7.4,14.7,2.48
Brandon Aiyuk,84109,WR,SF,20,97,0,28,10.1,1,55.6,44.4,4,9,6.3,1,0.02,13,0,66.7,73.6,0,26,0.7,1,146,40.9,15,90.4,132,102.4,27,20.5,2,190,71,4.7,12.7,1.44,0,11.0,13,69.5,62.5,10,16,4.7,2,0.24,25,1,75.3,76.0,0,43,0.0,0,353,51.3,41,96.3,340,107.9,59,17.4,0,678,287,7.0,16.5,1.99
Najee Harris,57121,HB,PIT,18,96,0,25,0.6,4,81.3,,0,0,0.0,0,-0.13,5,0,81.1,63.2,0,18,23.7,45,190,38.3,13,71.1,135,90.6,16,11.9,0,92,101,7.8,7.1,0.68,0,-0.7,23,74.5,,0,0,10.9,5,-0.16,9,1,52.2,57.4,0,25,21.6,67,310,40.5,41,74.2,230,88.2,55,23.9,1,237,266,6.5,5.8,1.03
Laviska Shenault Jr.,61220,WR,JAX,16,95,0,15,6.5,6,56.0,33.3,1,3,17.6,3,-0.29,11,0,35.8,62.3,1,16,1.4,2,138,36.7,14,91.3,126,52.8,25,19.8,0,124,90,6.4,8.9,0.98,0,5.1,13,78.6,25.0,1,4,10.2,5,-0.09,16,1,54.0,64.9,0,58,2.1,6,287,43.6,44,93.7,269,99.8,56,20.8,0,445,286,6.5,10.1,1.65
Courtland Sutton,48164,WR,DEN,17,95,0,10,17.5,0,63.0,66.7,4,6,5.6,1,0.12,11,0,69.6,72.7,0,39,0.0,0,154,49.3,17,92.2,142,110.7,27,19.0,1,284,41,2.4,16.7,2.0,0,14.5,1,60.8,25.0,3,12,0.0,0,0.0,17,0,88.0,66.9,1,33,0.0,0,322,44.6,31,96.6,311,70.7,51,16.4,0,320,72,2.3,10.3,1.03
Russell Gage,44771,WR,ATL,14,93,0,2,12.1,3,64.3,50.0,4,8,5.3,1,-0.15,14,1,68.7,83.2,1,21,0.0,0,87,43.2,18,93.1,81,110.7,28,34.6,3,230,76,4.2,12.8,2.84,0,8.8,4,75.4,70.0,7,10,6.5,3,-0.17,21,1,67.4,72.1,4,49,0.0,0,272,44.3,43,97.1,264,78.1,57,21.6,1,500,159,3.7,11.6,1.89
A.J. Green,6156,WR,ARZ,17,93,0,1,10.9,1,30.0,37.5,3,8,25.0,2,-0.12,4,0,32.2,52.7,1,19,0.0,0,127,37.7,6,89.8,114,36.9,20,17.5,1,67,17,2.8,11.2,0.59,0,14.8,6,72.4,75.0,9,12,0.0,0,0.17,31,0,83.5,80.4,1,42,0.0,0,352,52.8,42,95.2,335,118.8,58,17.3,2,741,168,4.0,17.6,2.21
Tyler Higbee,10744,TE,LA,18,93,0,26,6.9,0,76.5,57.1,4,7,7.1,1,0.39,12,0,63.5,67.1,0,26,6.2,9,145,54.3,13,90.3,131,137.7,17,13.0,3,132,57,4.4,10.2,1.01,0,6.1,2,74.1,75.0,6,8,6.5,3,0.13,19,1,68.0,65.8,2,37,10.6,38,360,50.3,43,86.7,312,78.8,58,18.6,0,408,187,4.3,9.5,1.31
Leonard Fournette,11759,HB,TB,15,92,0,30,1.0,5,78.3,25.0,1,4,10.0,2,0.25,9,0,56.9,68.1,0,23,13.5,21,155,47.6,18,79.4,123,101.1,23,18.7,1,110,126,7.0,6.1,0.89,0,0.5,2,86.3,0.0,0,1,8.3,4,0.08,16,1,61.1,54.9,2,16,7.2,16,221,55.3,44,91.0,201,72.9,51,25.4,0,276,258,5.9,6.3,1.37
Mecole Hardman Jr.,42683,WR,KC,20,89,0,16,5.2,7,81.8,66.7,2,3,5.3,1,0.31,14,0,55.6,72.5,0,53,0.0,0,132,53.2,18,93.9,124,133.9,22,17.7,1,307,227,12.6,17.1,2.48,0,7.9,8,74.5,0.0,0,4,5.0,2,0.14,17,1,74.8,68.0,0,44,0.0,0,297,51.1,38,94.3,280,98.2,51,18.2,0,417,302,7.9,11.0,1.49
Cole Kmet,60995,TE,CHI,17,89,0,6,7.7,1,60.0,50.0,2,4,0.0,0,0.01,4,0,78.0,57.1,0,12,16.9,20,118,41.5,9,75.4,89,71.0,15,16.9,0,68,27,3.0,7.6,0.76,0,7.3,5,75.4,75.0,6,8,8.0,4,-0.16,23,0,61.7,68.0,1,25,10.6,40,379,44.9,46,86.0,326,90.1,61,18.7,0,468,209,4.5,10.2,1.44
Austin Ekeler,12164,HB,LAC,16,88,0,27,3.5,4,70.6,,0,0,7.7,1,0.07,8,0,61.8,59.2,1,40,17.0,26,153,44.4,12,73.9,113,113.6,17,15.0,2,155,160,13.3,12.9,1.37,0,1.1,8,80.4,100.0,1,1,6.3,3,0.12,16,3,69.8,62.1,0,20,7.6,21,277,49.4,45,89.2,247,111.2,56,22.7,3,358,348,7.7,8.0,1.45
Noah Fant,42388,TE,DEN,16,88,0,10,7.4,1,73.9,50.0,2,4,0.0,0,0.01,12,0,82.2,79.4,0,32,5.7,7,123,44.3,17,87.8,108,136.6,23,21.3,3,184,74,4.4,10.8,1.7,0,5.9,4,78.2,42.9,3,7,2.3,1,0.02,13,0,75.5,63.2,0,28,7.5,21,279,44.6,43,90.0,251,95.6,55,21.9,0,382,178,4.1,8.9,1.52
Adam Thielen,8288,WR,MIN,13,86,0,18,11.1,1,73.1,66.7,6,9,5.0,1,0.46,15,0,69.9,79.0,0,35,0.0,0,123,55.3,19,92.7,114,145.8,26,22.8,6,270,94,4.9,14.2,2.37,0,8.6,6,78.3,60.0,6,10,0.0,0,0.03,14,1,90.0,65.7,2,29,0.0,0,282,45.5,36,95.0,268,93.3,46,17.2,2,334,137,3.8,9.3,1.25
Dallas Goedert,47272,TE,PHI,16,84,0,24,7.9,6,62.5,33.3,1,3,6.3,1,-0.04,13,0,67.7,86.9,1,28,7.4,9,122,39.3,15,84.4,103,103.5,24,23.3,2,224,115,7.7,14.9,2.17,0,9.3,11,79.2,70.0,7,10,8.7,4,0.2,32,0,60.4,90.8,0,45,7.9,23,292,48.2,42,88.0,257,123.1,53,20.6,1,638,276,6.6,15.2,2.48
Tyler Conklin,47124,TE,MIN,17,83,0,18,6.1,0,56.3,60.0,3,5,10.0,1,0.19,5,0,58.5,57.3,0,31,15.2,25,165,47.4,9,78.2,129,68.5,16,12.4,0,75,30,3.3,8.3,0.58,0,5.1,2,79.6,44.4,4,9,0.0,0,0.01,16,1,90.0,75.0,0,40,18.2,59,324,45.7,39,79.3,257,110.2,49,19.1,1,432,259,6.6,11.1,1.68
Tim Patrick,12087,WR,DEN,16,83,0,10,14.0,0,67.7,33.3,2,6,4.5,1,0.12,19,0,71.5,81.9,1,44,0.7,1,139,47.3,21,92.1,128,120.0,31,24.2,3,317,66,3.1,15.1,2.48,0,11.4,5,64.3,37.5,3,8,12.9,4,0.04,17,0,45.4,65.7,1,31,1.0,3,303,45.4,27,95.7,290,96.2,42,14.5,2,349,112,4.1,12.9,1.2
Pat Freiermuth,84085,TE,PIT,17,82,0,25,4.6,2,84.2,100.0,2,2,0.0,0,-0.22,11,0,81.7,71.0,0,14,7.9,10,127,35.3,16,86.6,110,109.9,19,17.3,1,117,60,3.8,7.3,1.06,0,5.1,9,80.5,50.0,2,4,8.3,3,-0.16,11,1,61.3,65.2,0,24,7.2,17,236,41.4,33,88.1,208,101.8,41,19.7,1,266,145,4.4,8.1,1.28
T.J. Hockenson,40912,TE,DET,12,81,0,11,7.4,2,76.5,50.0,2,4,0.0,0,-0.14,9,0,80.6,72.8,0,22,4.3,4,94,42.5,13,89.4,84,121.4,17,20.2,1,147,59,4.5,11.3,1.75,0,7.9,4,75.0,87.5,7,8,2.7,1,-0.19,15,0,81.3,70.5,2,33,5.8,15,257,41.5,36,88.3,227,82.2,48,21.1,1,323,104,2.9,9.0,1.42
Marquez Callaway,42295,WR,NO,17,81,0,20,16.0,3,48.5,63.6,7,11,5.9,1,0.1,12,0,52.8,69.6,1,49,0.0,0,165,43.2,16,93.9,155,103.8,33,21.3,4,272,62,3.9,17.0,1.75,0,11.1,2,66.7,33.3,2,6,3.7,1,-0.04,17,0,76.3,68.7,0,58,0.0,0,263,46.9,26,96.6,254,104.3,39,15.4,1,357,65,2.5,13.7,1.41
Dawson Knox,35883,TE,BUF,17,80,0,4,10.5,2,60.6,54.5,6,11,9.1,2,0.11,14,0,59.2,74.3,1,53,8.6,20,232,46.0,20,83.6,194,113.4,33,17.0,7,268,97,4.9,13.4,1.38,0,6.3,6,82.4,66.7,2,3,0.0,0,0.22,17,0,87.3,65.0,0,41,6.7,23,343,54.4,28,89.5,307,128.9,34,11.1,2,348,170,6.1,12.4,1.13
C.J. Uzomah,9590,TE,CIN,20,80,0,7,8.5,3,75.0,75.0,3,4,0.0,0,0.5,9,0,79.4,71.8,0,55,7.7,12,155,54.2,12,87.1,135,156.3,16,11.9,5,218,119,9.9,18.2,1.61,0,3.4,8,81.6,0.0,0,3,9.1,4,0.15,16,0,57.8,59.5,1,23,7.9,27,340,50.3,40,88.5,301,83.2,49,16.3,0,294,191,4.8,7.4,0.98
Jarvis Landry,8698,WR,CLV,12,79,0,8,8.1,5,66.7,62.5,5,8,5.3,1,-0.15,10,0,69.0,67.1,1,24,0.0,0,130,40.3,18,95.4,124,83.3,27,21.8,1,186,61,3.4,10.3,1.5,0,9.1,2,63.6,66.7,2,3,0.0,0,-0.16,16,2,86.9,70.4,4,38,0.6,1,171,47.6,28,93.6,160,54.8,44,27.5,1,317,150,5.4,11.3,1.98
Jared Cook,5012,TE,LAC,16,79,0,27,8.8,0,47.8,37.5,3,8,21.4,3,0.22,8,0,33.5,56.8,1,21,2.7,4,146,45.8,11,87.0,127,46.6,23,18.1,0,126,50,4.5,11.5,0.99,0,8.9,2,70.5,33.3,4,12,11.4,4,0.15,21,0,50.6,66.4,2,42,4.7,15,317,50.5,31,90.9,288,96.4,44,15.3,2,416,186,6.0,13.4,1.44
Hunter Henry,10669,TE,NE,17,78,0,19,11.8,0,51.6,66.7,4,6,0.0,0,0.0,14,0,82.7,70.1,1,25,9.7,20,206,44.7,16,84.5,174,85.8,31,17.8,3,163,26,1.6,10.2,0.94,0,10.9,0,77.1,33.3,2,6,0.0,0,0.2,14,0,86.5,68.5,1,35,12.6,31,247,52.5,27,85.0,210,129.2,35,16.7,3,388,112,4.1,14.4,1.85
Zay Jones,11792,WR,LV,18,77,0,23,12.8,2,72.0,62.5,5,8,0.0,0,0.02,15,0,82.7,76.3,1,31,0.0,0,138,45.2,18,91.3,126,93.6,25,19.8,1,209,57,3.2,11.6,1.66,0,14.8,3,72.7,16.7,1,6,0.0,0,0.05,18,1,88.7,69.3,4,43,0.0,0,272,50.9,32,97.4,265,69.1,44,16.6,1,388,115,3.6,12.1,1.46
D'Andre Swift,57212,HB,DET,13,76,0,11,-0.6,4,78.6,,0,0,8.3,1,0.1,6,0,60.2,68.5,0,63,16.0,12,75,46.4,11,77.3,58,148.2,14,24.1,2,141,160,14.5,12.8,2.43,0,0.1,11,77.8,0.0,0,2,10.3,4,-0.28,8,1,53.6,53.4,2,21,11.4,27,236,41.6,35,82.2,194,66.7,45,23.2,0,200,230,6.6,5.7,1.03
Kenny Golladay,11851,WR,NYG,14,75,0,21,12.4,2,45.8,42.9,6,14,0.0,0,-0.28,10,0,78.7,66.3,2,28,0.0,0,140,33.9,11,90.7,127,32.5,24,18.9,0,155,54,4.9,14.1,1.22,0,14.0,3,53.3,53.3,8,15,4.0,1,-0.13,15,0,74.2,68.8,1,36,0.0,0,254,39.7,24,97.2,247,68.0,45,18.2,0,332,61,2.5,13.8,1.34
Kendrick Bourne,12270,WR,NE,18,75,0,19,10.2,6,79.3,75.0,6,8,4.2,1,0.03,16,1,73.5,75.2,1,75,0.0,0,185,45.2,23,89.7,166,141.0,29,17.5,6,342,126,5.5,14.9,2.06,0,7.9,5,86.1,75.0,3,4,0.0,0,0.26,14,0,88.3,76.0,0,46,0.0,0,212,54.3,31,97.6,207,125.3,36,17.4,1,427,227,7.3,13.8,2.06
Gabe Davis,55410,WR,BUF,18,74,0,4,14.4,2,66.7,100.0,7,7,4.3,1,0.25,18,0,72.1,86.9,1,37,1.4,2,147,48.1,22,90.5,133,125.5,33,24.8,8,324,61,2.8,14.7,2.44,0,15.6,2,57.6,60.0,3,5,9.5,2,0.13,17,0,58.3,69.0,0,49,0.4,1,224,48.6,19,96.0,215,103.9,33,15.3,1,346,87,4.6,18.2,1.61
Byron Pringle,42345,WR,KC,20,74,0,16,13.2,3,47.4,50.0,3,6,18.2,2,0.05,8,0,38.7,59.6,0,25,0.0,0,141,45.0,9,92.9,131,104.5,19,14.5,2,127,41,4.6,14.1,0.97,0,9.4,4,85.4,66.7,2,3,5.4,2,0.23,23,0,70.9,67.5,0,37,0.4,1,282,53.6,35,92.9,262,122.5,41,15.6,2,389,125,3.6,11.1,1.48
Elijah Moore,84302,WR,NYJ,11,74,0,22,12.2,4,43.3,20.0,1,5,0.0,0,-0.4,7,0,80.6,72.7,2,62,0.9,1,111,32.3,13,89.2,99,58.1,30,30.3,2,183,82,6.3,14.1,1.85,0,14.5,1,61.1,60.0,3,5,8.3,2,-0.06,14,0,61.5,71.3,2,29,0.0,0,172,48.8,22,96.5,166,82.9,36,21.7,2,298,85,3.9,13.5,1.8
Aaron Jones,11937,HB,GB,16,74,0,12,4.2,2,61.1,0.0,0,2,8.3,1,0.22,5,0,62.1,60.7,0,12,24.4,32,131,46.7,11,69.5,91,108.6,18,19.8,5,69,67,6.1,6.3,0.76,0,-0.1,7,90.2,0.0,0,1,7.5,3,0.16,13,0,63.4,73.0,0,75,9.5,19,199,47.9,37,87.9,175,99.8,41,23.4,0,326,336,9.1,8.8,1.86
K.J. Osborn,23503,WR,MIN,17,74,0,18,9.8,1,61.9,50.0,2,4,0.0,0,0.2,9,0,81.1,65.4,1,62,0.0,0,162,46.9,13,90.7,147,105.1,21,14.3,2,199,72,5.5,15.3,1.35,0,12.5,0,65.8,50.0,3,6,3.8,1,0.0,11,0,74.4,62.4,0,64,0.7,2,281,43.1,25,95.0,267,119.7,38,14.2,3,333,82,3.3,13.3,1.25
DeVante Parker,9447,WR,MIA,10,73,0,17,11.2,0,47.1,42.1,8,19,11.1,2,0.03,13,0,53.1,69.6,0,30,0.0,0,131,41.9,16,94.7,124,64.2,34,27.4,0,187,43,2.7,11.7,1.51,0,13.6,2,67.6,60.0,6,10,8.0,2,-0.11,15,0,62.3,75.5,1,42,0.0,0,197,42.2,23,93.9,185,95.8,34,18.4,1,325,65,2.8,14.1,1.76
Emmanuel Sanders,5606,WR,BUF,16,72,0,4,15.6,0,56.3,66.7,2,3,10.0,1,0.1,8,0,60.2,63.7,0,41,0.0,0,179,49.7,9,92.2,165,95.6,16,9.7,0,179,15,1.7,19.9,1.08,0,15.9,0,65.2,40.0,2,5,0.0,0,0.19,20,0,88.0,68.7,1,34,0.0,0,326,53.5,30,95.1,310,100.4,46,14.8,2,425,75,2.5,14.2,1.37
Jamison Crowder,9538,WR,NYJ,12,71,0,22,7.9,0,47.6,33.3,1,3,16.7,2,-0.4,9,0,43.5,65.8,1,29,1.4,2,143,30.7,10,87.4,125,75.3,21,16.8,2,109,21,2.1,10.9,0.87,0,6.0,7,80.5,33.3,1,3,0.0,0,0.07,9,1,88.7,65.1,1,26,0.0,0,211,47.5,33,96.7,204,84.5,41,20.1,0,275,119,3.6,8.3,1.35
Cedrick Wilson Jr.,48170,WR,DAL,16,71,0,9,10.9,1,62.5,0.0,0,4,6.3,1,0.16,11,0,68.0,72.9,0,23,0.0,0,128,43.9,15,89.1,114,123.8,24,21.1,3,173,58,3.9,11.5,1.52,0,9.2,3,78.4,100.0,4,4,6.5,2,0.14,13,2,56.8,69.3,1,73,0.9,2,227,50.7,29,91.2,207,122.2,37,17.9,2,433,205,7.1,14.9,2.09
Kalif Raymond,11028,WR,DET,16,70,0,11,7.1,1,66.7,0.0,0,1,0.0,0,0.03,6,0,78.0,61.3,1,22,2.0,2,100,48.9,10,90.0,90,62.6,15,16.7,0,118,66,6.6,11.8,1.31,0,11.9,1,66.7,28.6,2,7,8.6,3,-0.04,18,0,59.7,60.3,0,75,0.0,0,300,45.3,32,95.7,287,106.7,48,16.7,2,405,172,5.4,12.7,1.41
Rondale Moore,62890,WR,ARZ,15,70,0,1,4.3,0,50.0,,0,0,25.0,1,0.01,2,0,36.2,55.0,1,10,0.0,0,38,44.4,3,94.7,36,16.7,6,16.7,0,18,26,8.7,6.0,0.5,0,1.0,10,87.0,50.0,2,4,0.0,0,0.25,15,0,90.3,72.9,2,77,0.0,0,199,56.8,47,96.5,192,85.1,54,28.1,1,359,361,7.7,7.6,1.87
Josh Jacobs,45953,HB,LV,16,69,0,23,1.4,0,60.0,,0,0,25.0,1,-0.08,1,1,36.2,29.7,0,17,28.0,28,100,43.0,3,68.0,68,64.6,5,7.4,0,15,17,5.7,5.0,0.22,0,-0.6,9,87.0,50.0,1,2,7.8,4,0.13,14,0,64.4,74.4,1,29,10.6,25,236,51.7,47,86.9,205,84.2,54,26.3,0,327,374,8.0,7.0,1.6
Quez Watkins,61664,WR,PHI,18,68,0,24,14.8,2,70.8,66.7,4,6,5.6,1,0.26,12,0,68.7,74.4,2,91,0.6,1,155,48.3,17,94.2,146,78.5,24,16.4,0,326,123,7.2,19.2,2.23,0,13.3,5,63.2,37.5,3,8,0.0,0,0.0,13,0,86.1,69.6,1,53,0.0,0,280,41.0,24,95.7,268,89.4,38,14.2,1,336,131,5.5,14.0,1.25
Joe Mixon,11803,HB,CIN,20,68,0,7,3.9,1,72.7,100.0,2,2,11.1,1,0.53,4,0,56.7,68.8,0,52,22.1,21,95,48.9,8,73.7,70,139.6,11,15.7,1,123,82,10.3,15.4,1.76,0,-1.3,5,92.9,0.0,0,1,2.5,1,0.17,10,1,82.2,60.1,0,46,15.5,41,265,52.4,39,81.5,216,93.5,42,19.4,0,270,328,8.4,6.9,1.25
Evan Engram,11778,TE,NYG,15,67,0,21,4.7,0,76.5,75.0,3,4,7.1,1,-0.32,6,0,63.5,53.7,0,18,5.4,9,167,37.1,13,85.6,143,108.0,17,11.9,1,92,42,3.2,7.1,0.64,0,4.9,2,72.1,60.0,3,5,8.8,3,-0.19,13,1,58.7,57.9,2,30,3.1,9,286,39.5,31,93.4,267,79.7,43,16.1,1,301,142,4.6,9.7,1.13
Ezekiel Elliott,10638,HB,DAL,18,67,0,9,0.8,0,76.9,33.3,1,3,0.0,0,0.12,4,0,78.0,58.5,0,19,21.3,32,150,40.4,10,72.0,108,90.9,13,12.0,0,77,73,7.3,7.7,0.71,0,0.0,6,69.8,66.7,2,3,6.3,2,0.11,6,0,71.4,53.9,1,15,11.0,36,327,51.5,30,82.6,270,63.7,43,15.9,0,136,169,5.6,4.5,0.5
Zach Pascal,12303,WR,IND,16,67,0,14,10.4,0,55.0,33.3,1,3,15.4,2,-0.13,7,0,43.8,60.2,0,41,0.0,0,151,40.3,11,88.7,134,97.7,20,14.9,1,159,59,5.4,14.5,1.19,0,8.4,0,60.0,16.7,1,6,0.0,0,0.02,3,1,82.7,48.3,1,27,0.0,0,287,46.5,18,94.4,271,58.6,30,11.1,0,147,52,2.9,8.2,0.54
Robert Woods,7822,WR,LA,9,66,0,26,9.1,1,81.8,50.0,1,2,0.0,0,0.36,9,0,78.0,71.2,0,22,1.1,1,88,53.6,9,94.3,83,158.3,11,13.3,2,138,64,7.1,15.3,1.66,0,7.9,2,64.3,0.0,0,4,12.9,4,0.24,19,0,45.4,68.5,1,28,3.2,6,186,57.1,27,92.5,172,86.0,42,24.4,1,326,130,4.8,12.1,1.9
Allen Robinson II,8696,WR,CHI,12,66,0,6,16.9,2,64.3,0.0,0,2,0.0,0,-0.03,7,0,78.7,75.4,1,39,0.0,0,79,42.9,9,88.6,70,61.0,14,20.0,0,118,43,4.8,13.1,1.69,0,10.7,1,53.3,35.7,5,14,7.7,2,-0.24,13,0,62.3,61.5,3,27,0.4,1,246,40.8,24,96.7,238,47.2,45,18.9,1,227,39,1.6,9.5,0.95
Ray-Ray McCloud III,47895,WR,PIT,16,65,0,25,8.2,0,50.0,25.0,1,4,8.3,1,-0.01,4,0,60.2,54.5,0,24,0.0,0,114,41.9,11,92.1,105,56.3,22,21.0,0,65,31,2.8,5.9,0.62,0,6.1,5,75.8,66.7,2,3,7.4,2,-0.3,11,1,64.1,61.9,2,20,1.1,2,184,39.9,25,92.9,171,65.2,33,19.3,0,200,88,3.5,8.0,1.17
Alvin Kamara,11822,HB,NO,13,65,0,20,0.7,3,58.8,,0,0,23.1,3,0.02,8,0,29.5,48.5,0,29,12.9,15,116,41.8,10,81.9,95,117.8,17,17.9,2,112,137,13.7,11.2,1.18,0,1.2,4,75.6,33.3,1,3,11.4,4,-0.14,10,0,51.9,71.3,0,23,8.7,15,172,45.2,31,88.4,152,108.2,41,27.0,2,264,242,7.8,8.5,1.74
Rashod Bateman,84296,WR,BLT,12,65,0,3,9.8,1,61.9,71.4,5,7,0.0,0,0.0,9,0,80.0,73.2,2,30,0.0,0,116,45.7,13,90.5,105,64.5,21,20.0,1,174,69,5.3,13.4,1.66,0,9.5,1,77.4,71.4,5,7,11.1,3,-0.13,14,0,51.8,57.1,1,36,0.0,0,251,43.6,24,96.0,241,86.0,31,12.9,0,244,72,3.0,10.2,1.01
Cordarrelle Patterson,7810,HB,ATL,16,63,0,2,6.9,4,62.5,25.0,1,4,0.0,0,0.21,8,0,78.0,79.6,0,34,14.5,11,76,49.3,10,78.9,60,113.3,16,26.7,1,147,100,10.0,14.7,2.45,0,3.9,8,89.7,60.0,3,5,0.0,0,0.18,16,0,89.7,90.7,0,64,12.6,23,183,54.2,35,85.2,156,130.2,39,25.0,3,355,230,6.6,10.1,2.28
Myles Gaskin,45914,HB,MIA,17,62,0,17,2.1,3,76.5,,0,0,0.0,0,0.1,6,0,80.0,75.6,0,22,20.2,26,129,48.7,13,73.6,95,102.3,17,17.9,1,69,74,5.7,5.3,0.73,0,-0.5,5,82.4,0.0,0,1,3.4,1,0.01,4,0,76.7,62.4,0,24,20.3,42,207,52.3,28,74.4,154,92.2,34,22.1,1,128,147,5.3,4.6,0.83
Tyler Johnson,48054,WR,TB,19,62,0,30,6.6,1,62.5,66.7,2,3,16.7,2,-0.07,6,0,41.1,52.3,0,31,0.0,0,164,46.5,10,94.5,155,79.9,16,10.3,0,99,39,3.9,9.9,0.64,0,7.7,2,67.7,33.3,1,3,12.5,3,0.15,6,0,48.0,55.2,0,27,0.0,0,216,51.4,21,97.2,210,85.4,31,14.8,0,200,80,3.8,9.5,0.95
Bryan Edwards,28486,WR,LV,17,62,0,23,14.7,2,54.3,61.5,8,13,5.0,1,0.25,17,0,69.6,79.7,0,51,0.0,0,173,46.3,19,92.5,160,109.2,35,21.9,2,360,126,6.6,18.9,2.25,0,13.8,4,80.0,33.3,1,3,0.0,0,0.06,9,1,82.2,53.6,0,37,0.3,1,319,51.0,16,96.2,307,129.6,20,6.5,1,222,65,4.1,13.9,0.72
Adam Humphries,10075,WR,WAS,17,61,0,32,6.7,0,71.4,50.0,2,4,0.0,0,-0.16,13,0,81.7,65.4,0,23,0.0,0,143,45.0,15,91.6,131,92.6,21,16.0,0,156,62,4.1,10.4,1.19,0,6.3,3,69.7,50.0,1,2,8.0,2,-0.13,9,0,61.3,56.5,0,27,0.0,0,269,41.4,23,95.2,256,85.5,33,12.9,0,201,85,3.7,8.7,0.79
Antonio Brown,5718,WR,TB,7,61,0,30,14.7,0,55.6,100.0,2,2,11.8,2,0.36,11,0,53.1,84.4,0,62,0.0,0,87,48.8,15,94.3,82,115.7,27,32.9,2,276,99,6.6,18.4,3.37,0,9.6,5,77.8,33.3,1,3,0.0,0,0.04,12,0,84.1,77.2,1,28,0.0,0,88,51.7,21,98.9,87,80.1,27,31.0,0,187,67,3.2,8.9,2.15
Nelson Agholor,9453,WR,NE,16,61,0,19,14.8,0,46.2,33.3,2,6,7.7,1,0.01,6,0,61.8,54.8,2,27,0.0,0,182,46.4,12,92.3,168,38.6,26,15.5,1,108,25,2.1,9.0,0.64,0,14.5,3,76.7,71.4,5,7,0.0,0,0.12,16,0,85.3,71.3,1,44,0.0,0,240,50.4,23,96.7,232,111.1,30,12.9,1,345,81,3.5,15.0,1.49
Braxton Berrios,47961,WR,NYJ,16,60,0,22,6.5,1,72.7,80.0,4,5,0.0,0,-0.19,7,0,81.7,72.4,0,46,0.0,0,90,43.4,16,90.0,81,105.7,22,27.2,1,147,78,4.9,9.2,1.81,0,4.0,1,80.6,100.0,1,1,0.0,0,0.2,15,0,86.1,78.2,0,27,0.0,0,149,50.3,25,96.0,143,111.7,31,21.7,1,255,146,5.8,10.2,1.78
Allen Lazard,48135,WR,GB,16,60,0,12,12.2,1,76.2,83.3,5,6,5.9,1,0.19,13,0,52.8,70.3,0,42,2.0,3,152,47.9,16,91.4,139,144.4,21,15.1,5,198,55,3.4,12.4,1.42,0,10.8,2,69.2,33.3,2,6,5.3,1,0.27,10,0,68.7,58.6,0,34,0.8,2,242,51.7,18,95.9,232,112.5,26,11.2,1,249,109,6.1,13.8,1.07
Gerald Everett,11799,TE,SEA,15,59,0,29,3.5,1,75.0,100.0,1,1,0.0,0,-0.3,1,0,70.5,49.6,0,12,10.3,8,78,36.1,3,84.6,66,90.6,4,6.1,0,25,22,7.3,8.3,0.38,0,5.9,9,79.5,100.0,3,3,6.1,2,0.06,16,1,59.5,68.0,0,41,8.8,22,251,48.3,31,86.1,216,110.5,39,18.1,1,330,166,5.4,10.6,1.53
DeAndre Hopkins,7808,WR,ARZ,10,59,0,1,11.9,0,53.8,50.0,3,6,22.2,2,-0.16,5,0,35.3,72.7,0,23,0.0,0,59,43.6,7,93.2,55,95.0,13,23.6,1,70,8,1.1,10.0,1.27,0,12.5,3,84.4,66.7,2,3,0.0,0,0.33,19,0,86.9,75.7,0,38,0.0,0,214,57.6,27,94.9,203,144.4,32,15.8,3,357,106,3.9,13.2,1.76
Corey Davis,11760,WR,NYJ,9,59,0,22,12.7,1,42.1,40.0,2,5,0.0,0,-0.33,6,1,76.5,57.8,2,30,0.0,0,112,36.6,8,90.2,101,19.7,19,18.8,0,101,29,3.6,12.6,1.0,0,13.3,6,64.5,50.0,2,4,20.0,5,0.04,12,1,29.4,67.1,2,53,0.7,1,151,50.3,20,95.4,144,83.8,31,21.5,1,328,84,4.2,16.4,2.28
Nico Collins,61441,WR,HST,14,59,0,13,7.5,0,63.6,50.0,2,4,0.0,0,-0.16,6,0,75.6,60.1,0,24,0.0,0,111,44.6,7,91.0,101,116.1,11,10.9,1,81,18,2.6,11.6,0.8,0,12.9,1,60.5,60.0,3,5,8.0,2,-0.09,14,0,62.5,67.3,1,32,0.0,0,220,43.8,23,94.5,208,78.1,38,18.3,0,333,104,4.5,14.5,1.6
Donovan Peoples-Jones,61439,WR,CLV,14,58,0,8,14.1,0,62.5,81.8,9,11,6.3,1,-0.22,14,0,65.6,75.2,2,39,0.0,0,148,39.3,15,94.6,140,73.8,24,17.1,1,233,73,4.9,15.5,1.66,0,15.9,2,56.0,50.0,5,10,12.5,2,-0.15,8,1,49.6,58.4,1,60,1.4,3,212,46.3,14,95.3,202,84.1,25,12.4,1,232,40,2.9,16.6,1.15
Michael Gallup,26075,WR,DAL,9,58,0,9,13.9,1,52.4,42.9,3,7,0.0,0,-0.07,9,0,78.7,77.7,0,41,0.0,0,83,40.5,11,95.2,79,93.8,21,26.6,1,162,49,4.5,14.7,2.05,0,11.2,0,64.9,53.8,7,13,11.1,3,0.13,14,0,54.9,71.1,0,40,0.0,0,237,51.1,24,93.2,221,97.0,37,16.7,1,283,77,3.2,11.8,1.28
Austin Hooper,10715,TE,CLV,16,58,0,8,2.8,3,63.6,33.3,1,3,0.0,0,-0.15,6,0,75.6,63.2,1,34,15.1,18,119,42.5,7,79.8,95,56.2,11,11.6,0,103,97,13.9,14.7,1.08,0,6.2,0,60.0,50.0,3,6,22.2,6,0.17,7,0,28.8,50.6,0,20,18.5,36,195,50.5,21,77.9,152,71.0,35,23.0,0,159,60,2.9,7.6,1.05
Deonte Harty,91470,WR,NO,13,57,0,20,9.6,4,81.3,100.0,2,2,7.1,1,0.45,11,0,64.4,90.3,0,70,0.0,0,69,50.8,13,91.3,63,139.6,16,25.4,1,228,109,8.4,17.5,3.62,0,11.2,2,56.4,50.0,1,2,8.3,2,-0.31,11,0,60.3,79.0,6,72,0.0,0,132,37.7,22,98.5,130,60.9,39,30.0,2,321,136,6.2,14.6,2.47
Saquon Barkley,45791,HB,NYG,13,57,0,21,1.8,2,45.5,,0,0,28.6,2,-0.17,3,0,29.3,42.7,0,18,16.0,16,100,34.5,5,72.0,72,52.5,11,15.3,0,31,48,9.6,6.2,0.43,0,0.0,5,83.3,0.0,0,2,7.9,3,-0.05,10,1,62.7,60.3,0,54,11.6,22,189,40.7,35,84.7,160,105.5,42,26.3,2,231,245,7.0,6.6,1.44
Jalen Reagor,61697,WR,PHI,18,57,0,24,13.0,3,45.0,0.0,0,5,10.0,1,0.07,3,0,56.7,51.2,1,24,0.0,0,160,41.6,9,93.1,149,31.3,20,13.4,0,56,22,2.4,6.2,0.38,0,8.1,2,68.8,33.3,2,6,8.3,2,0.05,9,0,61.3,58.9,1,34,0.0,0,308,44.7,22,95.8,295,96.6,32,10.8,2,226,125,5.7,10.3,0.77
Devin Singletary,40485,HB,BUF,19,56,0,4,-2.8,1,87.5,100.0,1,1,0.0,0,0.16,2,0,75.6,52.7,0,13,26.9,53,197,46.7,7,68.0,134,119.8,8,6.0,1,26,44,6.3,3.7,0.19,0,-0.1,9,82.9,100.0,1,1,10.5,4,0.22,11,2,52.8,46.1,1,19,13.1,41,314,53.5,34,83.4,262,77.7,41,15.6,0,209,230,6.8,6.1,0.8
Cameron Brate,9207,TE,TB,19,56,0,30,10.1,0,26.7,0.0,0,3,33.3,2,0.0,2,0,28.6,41.7,0,16,4.9,6,122,45.7,4,90.2,110,39.6,15,13.6,0,44,27,6.8,11.0,0.4,0,6.4,1,88.0,75.0,3,4,0.0,0,0.03,9,0,84.5,64.9,0,18,1.1,2,185,54.1,22,96.8,179,111.0,25,14.0,1,186,58,2.6,8.5,1.04
Darius Slayton,25578,WR,NYG,13,55,0,21,15.8,0,41.2,,0,0,12.5,1,-0.29,6,0,52.1,62.4,0,42,0.0,0,111,31.7,7,91.0,101,110.7,17,16.8,2,143,37,5.3,20.4,1.42,0,11.1,1,51.6,16.7,1,6,15.8,3,-0.16,6,1,42.1,52.6,3,21,0.0,0,216,39.1,16,95.8,207,26.3,31,15.0,0,155,24,1.5,9.7,0.75
Darrel Williams,13014,HB,KC,19,55,0,16,1.8,1,75.0,,0,0,0.0,0,0.02,4,0,75.6,62.2,0,23,9.7,10,103,42.3,6,84.5,87,137.5,8,9.2,1,64,71,11.8,10.7,0.74,0,1.4,7,83.8,50.0,1,2,3.1,1,0.28,13,0,77.8,66.5,0,38,6.3,14,223,58.0,31,87.0,194,111.1,37,19.1,1,315,303,9.8,10.2,1.62
Mike Davis,9559,HB,ATL,17,55,0,2,1.3,1,50.0,,0,0,33.3,1,-0.38,1,0,29.9,42.7,0,20,37.2,35,94,34.5,2,57.4,54,65.6,4,7.4,0,21,24,12.0,10.5,0.39,0,-1.3,13,85.0,100.0,1,1,5.6,2,-0.12,6,2,71.6,44.5,0,18,18.4,51,277,46.8,34,78.0,216,84.6,40,18.5,0,172,217,6.4,5.1,0.8
Brandon Bolden,7469,HB,NE,17,54,0,19,0.2,5,85.7,100.0,1,1,7.7,1,0.05,8,0,61.8,65.0,1,28,24.8,32,129,46.1,12,67.4,87,115.2,14,16.1,2,130,128,10.7,10.8,1.49,0,1.3,5,80.6,50.0,1,2,7.4,2,0.27,12,0,64.1,87.1,0,28,16.4,21,128,51.2,25,81.3,104,102.3,31,29.8,0,265,271,10.8,10.6,2.55
Nick Westbrook-Ikhine,47861,WR,TEN,17,54,0,31,10.6,1,55.6,66.7,4,6,0.0,0,-0.14,5,0,78.0,61.0,0,24,0.0,0,116,39.4,10,94.0,109,105.3,18,16.5,2,86,18,1.8,8.6,0.79,0,10.7,2,76.9,42.9,3,7,4.8,1,-0.06,14,1,70.7,65.7,1,36,0.5,1,205,45.1,20,94.6,194,109.0,26,13.4,1,287,85,4.3,14.4,1.48
Jerry Jeudy,61103,WR,DEN,10,54,0,10,12.3,1,60.0,50.0,1,2,0.0,0,0.0,5,0,78.0,66.3,1,21,0.0,0,83,44.7,9,91.6,76,52.6,15,19.7,0,102,46,5.1,11.3,1.34,0,8.7,5,80.0,33.3,1,3,7.7,2,0.1,15,1,62.3,71.6,0,40,0.0,0,149,44.1,24,96.0,143,107.5,30,21.0,0,294,101,4.2,12.3,2.06
Sterling Shepard,10674,WR,NYG,7,53,0,21,6.1,0,62.5,75.0,3,4,16.7,2,0.14,5,0,43.8,61.6,1,20,0.0,0,45,35.9,10,86.7,39,50.8,16,41.0,0,87,24,2.4,8.7,2.23,0,9.2,4,76.9,50.0,2,4,4.8,1,-0.15,10,0,70.5,71.3,1,37,0.0,0,136,40.9,20,97.1,132,99.0,26,19.7,1,225,75,3.8,11.3,1.7
Julio Jones,6158,WR,TEN,11,53,0,31,8.9,1,50.0,20.0,1,5,11.1,1,-0.18,4,0,57.0,65.8,1,19,0.0,0,64,41.0,8,95.3,61,40.1,16,26.2,0,86,29,3.6,10.8,1.41,0,13.5,5,81.3,85.7,6,7,3.7,1,0.13,16,0,74.9,81.4,2,51,0.0,0,169,51.8,26,97.0,164,91.0,32,19.5,0,387,106,4.1,14.9,2.36
Antonio Gibson,78050,HB,WAS,16,53,0,32,-3.2,0,88.9,100.0,1,1,0.0,0,-0.37,0,0,77.3,55.1,0,6,12.9,11,85,36.5,8,76.5,65,79.2,9,13.8,0,14,40,5.0,1.8,0.22,0,0.4,8,70.6,33.3,1,3,14.3,4,-0.02,9,1,42.9,54.4,0,73,14.0,26,186,47.2,24,81.7,152,99.6,34,22.4,1,236,255,10.6,9.8,1.55
Kadarius Toney,61245,WR,NYG,10,53,0,21,8.6,4,82.4,75.0,3,4,6.7,1,-0.14,9,0,64.7,79.4,0,38,0.0,0,78,40.3,14,84.6,66,112.0,17,25.8,0,185,89,6.4,13.2,2.8,0,6.0,7,68.8,50.0,2,4,8.3,2,-0.06,12,0,49.1,70.1,1,35,0.0,0,127,42.3,22,93.7,119,74.9,32,26.9,0,219,132,6.0,10.0,1.84
David Njoku,11784,TE,CLV,16,53,0,8,10.4,0,60.0,40.0,2,5,0.0,0,-0.22,6,0,77.3,71.9,0,31,16.8,18,107,38.8,9,80.4,86,129.2,15,17.4,3,135,67,7.4,15.0,1.57,0,10.1,4,75.0,60.0,3,5,4.5,1,-0.09,11,0,72.8,72.9,1,71,15.4,32,208,45.5,21,81.7,170,106.8,28,16.5,1,304,168,8.0,14.5,1.79
Nyheim Miller-Hines,48103,HB,IND,17,53,0,14,9.9,0,44.4,0.0,0,1,20.0,1,-0.31,1,1,28.7,37.5,0,9,16.9,10,59,34.7,4,66.1,39,51.6,9,23.1,0,20,15,3.8,5.0,0.51,0,0.8,8,78.8,50.0,1,2,3.7,1,-0.03,11,0,75.5,83.8,0,36,9.9,14,141,44.9,26,81.6,115,93.8,33,28.7,0,215,200,7.7,8.3,1.87
Ty Johnson,45769,HB,NYJ,15,53,0,22,5.1,2,57.1,0.0,0,1,27.3,3,-0.35,8,0,35.7,60.4,0,22,23.9,27,113,35.9,8,69.9,79,108.9,14,17.7,1,119,101,12.6,14.9,1.51,0,1.4,5,71.9,,0,0,14.8,4,0.04,11,0,41.7,54.9,1,23,17.5,29,166,46.3,23,79.5,132,87.9,32,24.2,1,219,190,8.3,9.5,1.66
Chase Edmonds,45851,HB,ARZ,12,52,0,1,-0.2,1,88.9,100.0,1,1,0.0,0,-0.27,2,0,76.5,55.5,0,22,25.7,18,70,34.9,8,68.6,48,84.7,9,18.8,0,39,44,5.5,4.9,0.81,0,0.2,6,86.7,0.0,0,1,0.0,0,0.3,7,1,86.1,65.1,0,17,15.3,32,209,54.0,26,82.3,172,92.1,30,17.4,0,183,206,7.9,7.0,1.06
J.D. McKissic,11047,HB,WAS,11,51,0,32,1.8,3,73.3,33.3,1,3,8.3,1,0.13,8,0,60.6,73.9,0,56,12.8,11,86,51.3,11,81.4,70,137.5,15,21.4,1,189,177,16.1,17.2,2.7,0,-0.1,1,88.9,50.0,1,2,4.0,1,0.04,6,0,73.7,71.8,1,15,12.5,18,144,44.2,24,84.0,121,76.7,27,22.3,0,165,174,7.3,6.9,1.36
Calvin Ridley,48262,WR,ATL,5,51,0,2,6.1,0,58.3,0.0,0,2,0.0,0,0.13,3,0,75.6,60.4,1,20,0.0,0,42,43.6,7,92.9,39,63.9,12,30.8,1,58,37,5.3,8.3,1.49,0,12.6,3,58.1,22.2,2,9,14.3,3,-0.07,11,0,45.4,66.5,0,22,0.0,0,130,46.3,18,94.6,123,77.1,31,25.2,0,198,51,2.8,11.0,1.61
Javonte Williams,77803,HB,DEN,17,51,0,10,1.8,1,77.8,,0,0,12.5,1,-0.07,2,0,52.5,53.6,0,10,25.3,21,83,41.3,7,66.3,55,121.8,9,16.4,1,39,36,5.1,5.6,0.71,0,-0.9,6,82.9,100.0,1,1,9.4,3,0.06,6,0,58.0,66.0,0,17,11.1,21,189,45.3,29,85.2,161,97.9,35,21.7,1,182,218,7.5,6.3,1.13
Laquon Treadwell,10657,WR,JAX,12,51,0,15,16.4,0,55.0,50.0,4,8,0.0,0,-0.11,9,0,79.4,70.1,0,40,2.1,2,96,42.4,11,86.5,83,90.6,20,24.1,1,125,20,1.8,11.4,1.51,0,9.9,2,69.2,50.0,2,4,5.3,1,-0.04,10,0,68.7,65.3,1,41,2.2,4,184,42.7,18,94.6,174,83.8,26,14.9,0,250,78,4.3,13.9,1.44
Olamide Zaccheaus,44920,WR,ATL,17,51,0,2,15.1,0,44.4,16.7,1,6,0.0,0,-0.08,4,0,72.1,58.8,0,30,0.0,0,102,44.0,4,89.2,91,111.8,9,9.9,1,77,7,1.8,19.3,0.85,0,9.3,0,62.9,54.5,6,11,12.0,3,-0.1,14,0,49.1,62.4,2,49,1.7,4,242,48.3,22,94.2,228,66.0,35,15.4,0,297,77,3.5,13.5,1.3
Kenneth Gainwell,77737,HB,PHI,17,50,0,24,2.4,1,69.2,0.0,0,1,18.2,2,0.09,6,0,41.4,78.1,0,15,7.8,6,77,48.6,9,87.0,67,80.6,13,19.4,0,65,59,6.6,7.2,0.97,0,0.5,0,81.3,0.0,0,1,10.3,3,0.17,9,0,53.8,65.7,0,20,12.1,15,124,48.3,26,84.7,105,115.8,32,30.5,2,217,214,8.2,8.3,2.07
Michael Carter,57337,HB,NYJ,14,50,0,22,3.9,2,50.0,,0,0,0.0,0,-0.05,2,0,73.4,53.6,0,17,32.9,28,85,43.2,4,62.4,53,62.0,8,15.1,0,35,30,7.5,8.8,0.66,0,-0.5,12,75.7,,0,0,12.5,4,-0.07,12,1,47.5,64.0,1,23,10.5,16,153,44.3,28,88.2,135,80.5,37,27.4,0,236,263,9.4,8.4,1.75
Tre'Quan Smith,48228,WR,NO,11,50,0,20,10.6,2,68.2,40.0,2,5,0.0,0,0.19,12,1,81.7,74.6,0,21,0.0,0,109,44.4,15,90.8,99,136.4,22,22.2,3,200,54,3.6,13.3,2.02,0,10.3,2,66.7,25.0,1,4,5.9,1,-0.19,6,0,66.7,56.4,1,34,0.0,0,177,40.9,16,96.6,171,70.7,24,14.0,0,175,58,3.6,10.9,1.02
David Montgomery,45719,HB,CHI,13,49,0,6,2.8,0,50.0,,0,0,0.0,0,0.12,0,0,68.3,49.4,0,6,33.8,27,80,37.7,2,57.5,46,56.3,4,8.7,0,6,6,3.0,3.0,0.13,0,0.8,8,89.2,71.4,5,7,5.7,2,-0.16,16,0,62.7,73.4,0,16,14.9,35,235,42.0,33,81.3,191,95.2,37,19.4,0,253,241,7.3,7.7,1.32
Marquez Valdes-Scantling,47809,WR,GB,11,49,0,12,15.8,0,48.1,25.0,1,4,0.0,0,0.15,9,0,80.0,73.0,0,75,0.9,1,107,46.9,13,88.8,95,100.5,27,28.4,2,218,91,7.0,16.8,2.29,0,18.5,0,65.0,50.0,1,2,0.0,0,0.32,9,0,80.0,62.9,0,47,0.0,0,161,53.9,13,94.4,152,117.1,20,13.2,1,212,58,4.5,16.3,1.39
Keelan Cole Sr.,51593,WR,NYJ,15,49,0,22,11.2,0,44.4,50.0,2,4,0.0,0,-0.4,4,0,76.5,60.9,2,40,0.8,1,130,31.4,8,89.2,116,47.9,18,15.5,1,129,46,5.8,16.1,1.11,0,15.6,0,60.9,33.3,1,3,6.7,1,0.03,10,0,64.4,62.5,1,54,0.0,0,178,45.3,14,95.5,170,77.3,23,13.5,0,235,31,2.2,16.8,1.38
Ameer Abdullah,9487,HB,CAR,15,48,0,5,1.7,3,60.0,,0,0,14.3,1,0.09,4,0,49.2,66.5,1,23,23.8,15,63,45.9,6,74.6,47,75.8,10,21.3,1,72,78,13.0,12.0,1.53,0,1.1,5,81.8,0.0,0,1,3.6,1,-0.37,9,0,76.1,72.3,0,17,11.3,16,142,39.4,27,85.2,121,90.2,33,27.3,0,186,192,7.1,6.9,1.54
Jonathan Taylor,57488,HB,IND,17,48,0,14,-0.4,1,80.0,,0,0,20.0,1,0.08,1,0,41.6,46.2,0,11,27.8,35,126,48.2,4,62.7,79,80.0,5,6.3,0,16,18,4.5,4.0,0.2,0,-0.6,7,86.5,50.0,1,2,3.0,1,0.09,11,1,78.4,75.6,0,76,13.9,29,209,48.8,32,82.8,173,121.5,37,21.4,2,327,352,11.0,10.2,1.89
Dan Arnold,51842,TE,JAX,11,48,0,15,9.3,0,58.3,0.0,0,1,0.0,0,-0.07,4,0,76.5,65.3,0,28,2.4,2,84,42.9,7,89.3,75,80.2,12,16.0,0,85,37,5.3,12.1,1.13,0,6.9,1,75.9,0.0,0,2,4.3,1,-0.03,13,1,72.1,65.7,0,24,6.3,10,158,51.0,22,91.1,144,103.1,29,20.1,0,263,117,5.3,12.0,1.83
Tony Pollard,27126,HB,DAL,16,46,0,9,1.0,0,83.3,,0,0,0.0,0,0.01,1,0,74.6,57.5,0,14,22.8,13,57,47.1,5,68.4,39,83.3,6,15.4,0,24,20,4.0,4.8,0.62,0,0.3,6,91.2,,0,0,6.1,2,0.23,11,2,68.1,64.1,0,31,13.0,19,146,59.9,31,82.2,120,97.8,34,28.3,0,254,255,8.2,8.2,2.12
Darrell Henderson Jr.,41193,HB,LA,13,46,0,26,7.3,0,55.6,0.0,0,3,0.0,0,0.52,2,0,73.4,62.7,0,25,26.3,20,76,55.4,5,72.4,55,107.6,9,16.4,1,48,17,3.4,9.6,0.87,0,-0.2,3,80.8,,0,0,8.7,2,0.11,6,0,59.2,49.3,0,25,11.6,23,198,50.0,21,84.3,167,102.1,26,15.6,1,141,159,7.6,6.7,0.84
Josh Reynolds,11872,WR,DET,12,46,0,11,13.4,0,44.4,33.3,1,3,0.0,0,-0.17,4,0,72.1,60.0,0,13,0.0,0,63,40.7,4,93.7,59,59.5,9,15.3,0,44,10,2.5,11.0,0.75,0,13.6,5,69.0,16.7,1,6,9.1,2,0.14,15,0,58.1,69.9,1,39,0.0,0,172,50.3,20,95.9,165,110.8,29,17.6,2,297,99,5.0,14.9,1.8
Ricky Seals-Jones,12020,TE,WAS,13,46,0,32,6.5,0,61.5,20.0,1,5,27.3,3,-0.16,5,0,29.5,59.2,0,16,7.8,9,116,44.9,8,84.5,98,72.9,13,13.3,0,61,11,1.4,7.6,0.62,0,5.9,4,72.4,66.7,2,3,4.5,1,-0.02,8,0,72.1,69.0,0,39,9.9,17,171,43.0,21,87.1,149,114.6,29,19.5,2,203,136,6.5,9.7,1.36
Foster Moreau,47043,TE,LV,18,46,0,23,10.9,0,64.7,50.0,3,6,0.0,0,0.02,8,1,78.7,67.1,1,44,18.9,27,143,46.2,11,73.4,105,116.9,17,16.2,3,187,80,7.3,17.0,1.78,0,5.8,5,64.3,28.6,2,7,14.3,3,0.04,8,0,43.8,57.2,1,34,23.0,54,235,50.9,18,75.3,177,67.0,28,15.8,0,176,102,5.7,9.8,0.99
Jalen Guyton,34164,WR,LAC,16,46,0,27,7.9,0,50.0,50.0,1,2,20.0,1,-0.02,3,0,41.6,48.6,0,22,0.0,0,147,43.3,4,91.2,134,66.7,8,6.0,0,44,16,4.0,11.0,0.33,0,11.8,6,69.7,50.0,3,6,8.0,2,0.21,15,0,61.3,67.8,0,59,0.0,0,251,48.5,23,95.2,239,127.3,33,13.8,2,372,136,5.9,16.2,1.56
Devontae Booker,10770,HB,NYG,16,45,0,21,1.4,0,77.8,,0,0,12.5,1,-0.53,3,0,52.5,56.5,0,14,26.5,27,102,34.0,7,68.6,70,89.8,9,12.9,0,50,49,7.0,7.1,0.71,0,-1.1,6,96.6,100.0,1,1,3.4,1,-0.26,7,0,77.3,75.0,0,41,20.3,37,182,37.9,28,75.3,137,97.0,29,21.2,0,211,240,8.6,7.5,1.54
James Washington,47792,WR,PIT,16,45,0,25,15.3,1,50.0,20.0,1,5,16.7,1,-0.15,2,0,46.3,47.7,0,22,0.0,0,106,35.6,5,95.3,101,65.0,10,9.9,0,51,23,4.6,10.2,0.5,0,11.0,0,65.0,40.0,2,5,7.1,1,-0.03,3,0,64.4,52.1,0,42,0.0,0,179,42.9,13,93.9,168,103.3,20,11.9,1,146,39,3.0,11.2,0.87
Sammy Watkins,8639,WR,BLT,13,45,0,3,15.1,1,60.0,66.7,2,3,10.0,1,-0.21,5,1,56.7,58.0,0,29,0.0,0,79,43.2,9,93.7,74,80.7,15,20.3,0,103,30,3.3,11.4,1.39,0,12.0,2,55.6,25.0,1,4,16.7,3,0.07,11,0,37.9,67.3,1,49,0.0,0,175,45.5,15,95.4,167,74.9,27,16.2,0,272,83,5.5,18.1,1.63
Jauan Jennings,48027,WR,SF,19,45,0,28,9.1,3,66.7,66.7,2,3,9.1,1,0.17,10,0,58.9,74.1,0,34,0.0,0,77,50.7,10,92.2,71,117.9,15,21.1,1,137,57,5.7,13.7,1.93,0,10.4,1,60.0,75.0,3,4,29.4,5,0.2,7,0,27.8,54.6,0,24,0.0,0,140,45.5,12,95.7,134,115.0,20,14.9,2,142,39,3.3,11.8,1.06
Joshua Palmer,62979,WR,LAC,17,45,0,27,9.4,0,71.4,100.0,1,1,9.1,1,0.0,7,0,58.5,63.2,0,36,2.3,2,86,42.9,10,88.4,76,99.7,14,18.4,0,128,37,3.7,12.8,1.68,0,11.9,1,70.8,37.5,3,8,0.0,0,0.17,7,0,82.2,61.7,2,24,0.6,1,179,54.3,17,97.2,174,86.3,24,13.8,2,185,43,2.5,10.9,1.06
Anthony Firkser,51837,TE,TEN,16,44,0,31,7.8,0,80.0,0.0,0,1,11.1,1,-0.03,4,0,54.5,51.4,0,15,3.1,3,98,45.7,8,91.8,90,121.7,10,11.1,1,52,17,2.1,6.5,0.58,0,5.9,0,82.1,83.3,5,6,4.2,1,-0.06,9,1,72.8,64.3,1,24,0.7,1,150,44.8,23,96.0,144,96.0,28,19.4,1,217,81,3.5,9.4,1.51
James Robinson,22425,HB,JAX,14,44,0,15,-1.8,0,80.0,,0,0,0.0,0,-0.17,0,0,73.4,49.5,0,7,18.6,16,86,40.0,4,68.6,59,79.2,5,8.5,0,8,14,3.5,2.0,0.14,0,0.9,5,65.7,20.0,1,5,14.8,4,0.07,9,2,42.7,41.0,0,26,11.1,23,207,53.8,23,84.1,174,82.2,35,20.1,0,213,207,9.0,9.3,1.22
Demarcus Robinson,10760,WR,KC,20,44,0,16,14.2,0,66.7,100.0,1,1,0.0,0,0.23,2,0,72.1,51.5,0,27,1.7,3,173,51.3,4,89.6,155,140.3,6,3.9,1,62,11,2.8,15.5,0.4,0,9.9,1,64.5,33.3,1,3,4.8,1,0.27,10,0,70.5,55.3,1,33,0.6,2,338,54.6,20,92.0,311,93.3,31,10.0,2,219,50,2.5,11.0,0.7
Jack Doyle,8520,TE,IND,16,43,0,14,5.8,0,50.0,100.0,1,1,28.6,2,0.01,4,0,49.2,60.3,0,24,13.3,12,90,41.6,5,74.4,67,92.5,10,14.9,1,37,10,2.0,7.4,0.55,0,6.6,0,80.8,50.0,2,4,8.7,2,0.18,13,0,59.5,72.4,0,34,10.9,19,174,55.1,21,85.1,148,118.9,26,17.6,1,246,108,5.1,11.7,1.66
Dalvin Cook,11796,HB,MIN,13,43,0,18,-4.3,4,100.0,,0,0,0.0,0,0.11,2,0,74.6,61.2,0,19,23.2,22,95,43.7,6,68.4,65,102.8,6,9.2,0,52,78,13.0,8.7,0.8,0,-1.9,3,75.8,50.0,1,2,13.8,4,-0.07,6,0,42.9,53.8,0,24,11.3,21,186,41.3,25,85.5,159,84.5,33,20.8,0,153,200,8.0,6.1,0.96
Rashard Higgins,10806,WR,CLV,15,43,0,8,15.4,0,44.4,0.0,0,4,11.1,1,-0.16,4,0,54.5,57.1,0,16,0.0,0,108,40.8,8,95.4,103,57.4,18,17.5,0,79,2,0.3,9.9,0.77,0,10.0,0,57.9,33.3,2,6,21.4,3,-0.15,8,0,29.8,56.9,0,21,0.7,1,153,45.2,11,94.8,145,79.7,19,13.1,0,134,25,2.3,12.2,0.92
Chester Rogers,10918,WR,TEN,17,43,0,31,8.3,0,71.4,0.0,0,1,0.0,0,-0.29,4,0,78.0,57.0,1,39,0.0,0,100,40.0,10,95.0,95,60.1,14,14.7,0,95,38,3.8,9.5,1.0,0,5.7,2,80.0,100.0,2,2,11.1,2,-0.09,6,0,55.6,56.8,1,26,0.0,0,188,46.1,16,94.7,178,79.2,20,11.2,0,160,65,4.1,10.0,0.9
Jonnu Smith,11855,TE,NE,17,43,0,19,4.3,1,66.7,0.0,0,1,25.0,2,-0.15,4,1,31.8,53.1,1,24,13.4,9,67,41.0,6,80.6,54,50.9,9,16.7,0,71,59,9.8,11.8,1.31,0,6.1,0,60.0,16.7,1,6,5.3,1,0.06,8,0,70.5,68.9,1,28,24.0,31,129,50.8,18,73.6,95,63.9,30,31.6,0,185,150,8.3,10.3,1.95
Devin Duvernay,40006,WR,BLT,16,42,0,3,8.6,0,70.0,33.3,1,3,12.5,1,-0.26,2,0,52.5,51.2,0,11,0.9,1,107,41.2,7,89.7,96,77.9,10,10.4,0,42,20,2.9,6.0,0.44,0,6.1,2,84.0,66.7,2,3,4.5,1,0.0,10,0,71.5,56.6,0,19,0.0,0,240,49.3,21,95.4,229,112.8,25,10.9,1,197,108,5.1,9.4,0.86
Mo Alie-Cox,12078,TE,IND,17,42,0,14,9.8,2,41.7,25.0,1,4,28.6,2,0.21,4,0,29.2,47.6,1,18,12.6,11,87,50.6,5,78.2,68,56.6,12,17.6,2,43,38,7.6,8.6,0.63,0,10.6,1,61.5,0.0,0,2,0.0,0,0.0,7,1,82.7,62.3,1,37,13.5,23,170,42.8,16,80.0,136,85.4,26,19.1,1,220,107,6.7,13.8,1.62
Adam Trautman,109795,TE,NO,13,41,0,20,7.4,0,37.5,40.0,2,5,25.0,1,0.19,2,0,36.2,46.2,0,18,20.3,26,128,45.0,3,75.0,96,85.4,8,8.3,1,22,5,1.7,7.3,0.23,0,7.0,0,66.7,50.0,4,8,5.3,1,-0.01,8,1,68.7,65.3,1,32,22.9,39,170,50.3,18,73.5,125,82.9,27,21.6,1,184,63,3.5,10.2,1.47
Ryan Griffin,7982,TE,NYJ,14,41,0,22,4.1,0,77.8,66.7,2,3,12.5,1,-0.41,5,0,52.5,56.1,0,29,30.3,36,119,32.4,7,62.2,74,110.6,9,12.2,0,95,62,8.9,13.6,1.28,0,6.0,0,62.5,,0,0,11.8,2,-0.08,5,1,54.5,47.5,1,23,17.6,33,187,46.1,15,79.7,149,72.4,24,16.1,1,125,67,4.5,8.3,0.84
James Conner,11860,HB,ARZ,16,41,0,1,0.0,1,75.0,,0,0,0.0,0,0.04,3,0,70.5,86.6,0,45,45.2,28,62,42.6,3,50.0,31,156.3,4,12.9,2,80,83,27.7,26.7,2.58,0,0.0,11,93.5,0.0,0,1,0.0,0,0.15,14,0,87.3,82.6,1,23,20.1,43,214,55.0,29,76.2,163,99.1,31,19.0,1,261,272,9.4,9.0,1.6
Kyle Juszczyk,7912,FB,SF,20,41,0,28,6.9,0,57.1,50.0,1,2,0.0,0,-0.12,3,0,72.1,64.1,0,11,19.8,16,81,35.5,4,76.5,62,67.0,7,11.3,0,29,11,2.8,7.3,0.47,0,8.0,1,85.2,75.0,3,4,0.0,0,0.39,11,0,84.9,66.6,0,26,12.7,29,228,54.8,23,85.1,194,102.5,27,13.9,0,232,124,5.4,10.1,1.2
DeAndre Carter,9859,WR,WAS,17,41,0,32,12.1,0,53.8,50.0,1,2,22.2,2,-0.12,6,0,31.8,63.8,1,20,0.0,0,93,46.9,7,87.1,81,82.4,13,16.0,3,87,39,5.6,12.4,1.07,0,12.0,1,56.0,25.0,1,4,6.7,1,0.28,9,0,65.9,63.9,1,26,0.0,0,156,53.0,14,95.5,149,60.9,25,16.8,0,173,33,2.4,12.4,1.16
Christian McCaffrey,11763,HB,CAR,7,40,0,5,2.0,0,85.7,100.0,1,1,0.0,0,-0.36,4,0,75.6,83.5,0,14,23.9,11,46,38.6,6,73.9,34,90.5,7,20.6,0,40,27,4.5,6.7,1.18,0,1.8,5,92.9,,0,0,0.0,0,0.32,16,0,86.9,92.6,0,27,12.2,10,82,58.4,26,81.7,67,116.7,28,41.8,1,256,209,8.0,9.8,3.82
Albert Okwuegbunam,41933,TE,DEN,14,40,0,10,5.4,1,92.9,100.0,2,2,0.0,0,0.54,7,0,80.0,91.3,0,24,14.5,8,55,63.5,13,80.0,44,127.1,14,31.8,1,123,81,6.2,9.5,2.8,0,6.4,3,73.9,50.0,1,2,10.5,2,0.15,7,0,37.3,63.2,0,64,16.1,20,124,43.2,17,79.8,99,98.3,23,23.2,0,191,147,8.6,11.2,1.93
Freddie Swain,26448,WR,SEA,17,39,0,29,7.4,0,20.0,33.3,1,3,0.0,0,-0.21,1,0,64.7,48.7,0,10,0.0,0,86,39.7,1,90.7,78,39.6,5,6.4,0,10,3,3.0,10.0,0.13,0,5.4,3,81.5,50.0,2,4,0.0,0,0.05,9,0,84.5,58.0,0,32,1.7,4,236,43.5,22,92.8,219,135.6,27,12.3,3,207,136,6.2,9.4,0.95
Randall Cobb,6216,WR,GB,13,39,0,12,13.6,0,57.1,60.0,6,10,0.0,0,0.33,5,0,76.5,67.2,0,25,0.0,0,87,46.8,8,90.8,79,114.9,14,17.7,3,86,10,1.3,10.8,1.09,0,6.4,2,88.9,0.0,0,1,0.0,0,0.29,11,0,81.7,70.2,0,54,0.0,0,156,48.3,16,95.5,149,116.4,18,12.1,0,215,123,7.7,13.4,1.44
Durham Smythe,47257,TE,MIA,17,39,0,17,4.7,0,88.9,0.0,0,1,11.1,1,0.05,3,0,57.0,55.0,0,25,24.1,32,133,44.3,8,69.9,93,106.5,9,9.7,0,86,48,6.0,10.8,0.92,0,8.7,0,87.0,33.3,1,3,0.0,0,0.1,11,0,83.6,68.0,1,21,22.8,50,219,52.4,20,73.5,161,92.9,23,14.3,0,245,98,4.9,12.3,1.52
David Johnson,9519,HB,HST,13,39,0,13,2.9,0,75.0,100.0,2,2,10.0,1,-0.13,5,0,56.7,63.6,0,16,23.8,20,84,50.0,9,70.2,59,119.1,12,20.3,1,77,60,6.7,8.6,1.31,0,2.8,5,81.8,100.0,1,1,0.0,0,-0.2,5,0,68.7,72.9,1,14,20.7,24,116,38.5,18,74.1,86,68.2,22,25.6,0,108,98,5.4,6.0,1.26
Geoff Swaim,9679,TE,TEN,17,38,0,31,7.6,0,71.4,50.0,1,2,0.0,0,0.14,1,0,73.4,48.4,0,5,39.5,32,81,43.2,5,55.6,45,74.1,7,15.6,0,21,2,0.4,4.2,0.47,0,2.3,2,87.0,33.3,1,3,4.8,1,0.11,7,0,58.3,57.0,0,26,30.1,55,183,53.4,20,67.8,124,95.8,23,18.5,0,161,130,6.5,8.1,1.3
Marquise Goodwin,7859,WR,CHI,14,38,0,6,13.1,0,30.0,0.0,0,3,0.0,0,0.04,2,1,70.5,56.0,1,49,0.0,0,63,34.5,3,92.1,58,53.3,10,17.2,1,78,33,11.0,26.0,1.34,0,11.5,0,60.0,40.0,2,5,0.0,0,-0.15,6,0,79.4,60.9,0,22,0.0,0,152,43.8,12,96.1,146,79.8,20,13.7,0,133,40,3.3,11.1,0.91
Kyle Rudolph,6195,TE,NYG,16,38,0,21,6.0,0,40.0,50.0,1,2,0.0,0,-0.27,0,0,70.5,46.5,0,4,19.2,15,78,37.3,2,69.2,54,47.9,5,9.3,0,2,3,1.5,1.0,0.04,0,6.5,0,76.2,40.0,2,5,0.0,0,-0.06,8,0,81.7,62.1,0,28,25.4,44,173,43.6,16,72.3,125,94.9,21,16.8,0,148,66,4.1,9.3,1.18
Alexander Mattison,45817,HB,MIN,16,38,0,18,2.3,0,75.0,100.0,1,1,0.0,0,0.06,0,0,70.5,52.3,0,6,20.8,10,48,43.2,3,72.9,35,77.1,4,11.4,0,12,4,1.3,4.0,0.34,0,-0.5,10,92.9,100.0,1,1,7.1,2,0.08,10,0,64.1,69.0,0,24,9.4,13,138,50.4,26,88.4,122,109.7,28,23.0,1,209,228,8.8,8.0,1.71
Tavon Austin,7789,WR,JAX,13,38,0,15,17.0,0,28.6,,0,0,0.0,0,-0.37,1,0,68.3,52.9,2,17,0.0,0,53,38.8,2,92.5,49,0.0,7,14.3,0,20,2,1.0,10.0,0.41,0,8.0,3,69.0,33.3,1,3,9.1,2,0.04,8,0,58.1,61.7,1,25,0.0,0,134,54.9,20,99.3,133,70.0,29,21.8,0,173,65,3.3,8.7,1.3
Devonta Freeman,8738,HB,BLT,16,38,0,3,-0.9,1,75.0,,0,0,0.0,0,0.04,2,0,74.6,59.4,0,9,24.1,19,79,47.9,6,67.1,53,77.1,8,15.1,0,18,30,5.0,3.0,0.34,0,1.4,2,95.5,100.0,1,1,0.0,0,-0.03,5,0,71.3,52.4,0,15,9.5,20,210,46.0,21,85.7,180,90.9,22,12.2,0,128,103,4.9,6.1,0.71
Damiere Byrd,9964,WR,CHI,17,37,0,6,10.8,0,62.5,50.0,1,2,16.7,1,-0.1,3,0,45.8,52.5,0,54,0.0,0,77,38.6,5,90.9,70,141.7,8,11.4,1,92,50,10.0,18.4,1.31,0,9.2,0,63.6,50.0,1,2,6.7,1,-0.14,10,0,49.6,53.0,2,23,0.0,0,254,44.5,14,97.2,247,47.7,22,8.9,0,161,38,2.7,11.5,0.65
Giovani Bernard,7818,HB,TB,14,37,0,30,3.0,1,70.0,100.0,2,2,0.0,0,-0.19,2,0,75.6,68.1,0,10,18.2,12,66,40.6,7,78.8,52,108.8,10,19.2,1,36,30,4.3,5.1,0.69,0,-0.3,1,87.5,100.0,1,1,0.0,0,0.06,5,1,80.6,60.8,0,22,11.4,8,70,49.3,14,84.3,59,89.3,16,27.1,0,87,95,6.8,6.2,1.47
Samaje Perine,11869,HB,CIN,19,37,0,7,0.5,0,83.3,,0,0,16.7,1,-0.03,3,0,45.8,48.7,0,23,25.3,19,75,51.5,5,68.0,51,101.4,6,11.8,0,50,49,9.8,10.0,0.98,0,-0.3,3,87.0,50.0,1,2,4.8,1,0.1,6,0,70.5,70.8,1,41,15.9,21,132,46.4,20,79.5,105,94.2,23,21.9,1,172,185,9.3,8.6,1.64
T.Y. Hilton,7092,WR,IND,10,37,0,14,14.7,2,50.0,66.7,2,3,0.0,0,0.13,5,0,73.4,65.6,0,19,0.0,0,59,48.1,5,91.5,54,104.2,10,18.5,2,50,26,5.2,10.0,0.93,0,13.0,0,75.0,50.0,2,4,0.0,0,0.2,10,0,82.7,72.0,0,52,0.0,0,154,49.7,18,94.2,145,127.3,24,16.6,1,281,40,2.2,15.6,1.94
Danny Amendola,4717,WR,HST,8,37,0,13,9.1,0,64.3,100.0,1,1,0.0,0,-0.16,6,0,78.0,83.7,1,39,0.0,0,55,45.1,9,92.7,51,103.6,14,27.5,2,128,56,6.2,14.2,2.51,0,8.4,0,68.8,0.0,0,1,0.0,0,-0.04,1,1,78.7,53.4,0,37,0.0,0,85,41.5,11,95.3,81,84.1,16,19.8,0,95,46,4.2,8.6,1.17
Albert Wilson,8943,WR,MIA,14,37,0,17,5.6,3,57.1,0.0,0,1,0.0,0,-0.26,4,0,76.5,62.5,1,16,0.0,0,82,39.2,8,90.2,74,37.2,14,18.9,0,58,40,5.0,7.3,0.78,0,4.4,3,78.9,66.7,2,3,6.3,1,0.06,6,0,66.7,58.0,0,64,0.0,0,127,50.0,15,92.9,118,98.5,19,16.1,0,145,95,6.3,9.7,1.23
AJ Dillon,57165,HB,GB,18,37,0,12,-0.7,0,100.0,,0,0,0.0,0,0.01,2,0,70.5,53.8,0,15,37.3,31,83,45.6,3,57.8,48,146.5,3,6.3,1,29,31,10.3,9.7,0.6,0,0.1,8,88.9,,0,0,4.0,1,0.31,10,0,73.5,73.6,0,50,12.4,19,153,56.8,24,84.3,129,102.9,27,20.9,0,235,241,10.0,9.8,1.82
Tajae Sharpe,10774,WR,ATL,15,36,0,2,9.2,0,66.7,40.0,2,5,0.0,0,-0.05,4,0,75.6,61.1,0,14,0.0,0,91,43.4,6,91.2,83,81.7,9,10.8,0,52,16,2.7,8.7,0.63,0,10.0,1,72.7,33.3,1,3,5.9,1,-0.07,9,0,67.0,54.8,0,17,0.0,0,217,48.6,16,96.8,210,91.7,22,10.5,0,153,40,2.5,9.6,0.73
Kenyan Drake,10707,HB,LV,12,36,0,23,5.3,2,66.7,,0,0,0.0,0,0.33,0,0,70.5,56.8,0,12,22.2,14,63,43.1,2,73.0,46,84.0,3,6.5,0,19,26,13.0,9.5,0.41,0,-0.7,7,84.6,0.0,0,1,0.0,0,0.07,9,0,84.5,90.8,0,22,8.2,9,110,57.0,22,89.1,98,97.9,26,26.5,0,195,205,9.3,8.9,1.99
Henry Ruggs III,61102,WR,LV,7,35,0,23,18.4,2,66.7,100.0,2,2,7.7,1,0.49,11,0,62.1,86.7,0,61,0.0,0,78,49.3,12,93.6,73,146.8,18,24.7,2,300,77,6.4,25.0,4.11,0,15.0,1,76.9,66.7,2,3,0.0,0,0.18,4,0,78.0,62.2,0,51,0.0,0,114,51.4,10,95.6,109,107.9,13,11.9,0,130,16,1.6,13.0,1.19
Miles Sanders,40555,HB,PHI,13,35,0,24,-2.1,4,71.4,,0,0,0.0,0,-0.16,2,0,73.4,63.5,0,25,14.5,11,76,35.8,5,76.3,58,88.4,7,12.1,0,45,71,14.2,9.0,0.78,0,0.0,7,84.6,100.0,1,1,4.3,1,0.04,4,0,72.1,65.4,0,19,10.9,18,165,43.2,22,83.6,138,85.7,26,18.8,0,119,161,7.3,5.4,0.86
Jamal Agnew,11920,WR,JAX,10,35,0,15,9.3,0,56.3,20.0,1,5,10.0,1,-0.11,7,0,38.4,66.9,0,27,0.0,0,61,37.5,9,91.8,56,73.2,16,28.6,0,93,47,5.2,10.3,1.66,0,5.8,2,76.5,50.0,1,2,13.3,2,-0.05,5,0,48.0,58.1,0,29,0.0,0,105,50.0,13,97.1,102,95.2,17,16.7,0,120,71,5.5,9.2,1.18
Sony Michel,27589,HB,LA,21,35,0,26,-0.5,0,75.0,,0,0,0.0,0,0.42,1,0,70.5,46.8,0,3,24.7,22,89,54.2,3,70.8,63,116.7,4,6.3,1,2,8,2.7,0.7,0.03,0,-0.6,6,66.7,0.0,0,1,11.1,2,0.25,3,0,54.3,45.6,1,24,13.9,29,208,54.7,16,83.2,173,55.6,24,13.9,0,88,102,6.4,5.5,0.51
Melvin Gordon III,9448,HB,DEN,16,34,0,10,0.8,0,60.0,100.0,1,1,25.0,1,0.34,0,0,36.2,39.3,0,8,26.5,22,83,54.4,3,69.9,58,64.6,5,8.6,0,11,7,2.3,3.7,0.19,0,-0.6,3,80.0,100.0,1,1,11.1,2,0.01,6,0,52.8,52.5,0,21,9.6,16,166,43.5,16,88.0,146,107.9,20,13.7,1,118,129,8.1,7.4,0.81
Chuba Hubbard,57373,HB,CAR,16,34,0,5,-0.3,0,75.0,,0,0,0.0,0,0.1,2,0,70.5,58.4,0,6,27.7,18,65,49.2,3,66.2,43,117.7,4,9.3,1,13,16,5.3,4.3,0.3,0,0.0,5,73.1,0.0,0,1,17.4,4,-0.32,5,0,33.5,49.3,1,33,22.9,35,153,36.7,19,74.5,114,67.9,26,22.8,0,131,138,7.3,6.9,1.15
DeSean Jackson,4363,WR,LV,16,34,0,23,21.7,1,66.7,0.0,0,2,0.0,0,0.16,8,0,78.0,90.4,1,75,0.0,0,74,44.8,10,90.5,67,121.5,15,22.4,2,335,150,15.0,33.5,5.0,0,16.1,0,56.3,25.0,1,4,10.0,1,-0.01,4,0,58.5,56.1,1,19,0.0,0,127,51.6,9,99.2,126,47.4,16,12.7,0,94,16,1.8,10.4,0.75
Chris Conley,9509,WR,HST,16,34,0,13,11.9,2,53.8,50.0,1,2,22.2,2,-0.08,6,0,31.8,61.2,0,40,0.0,0,108,44.0,7,92.6,100,117.1,13,13.0,1,139,47,6.7,19.9,1.39,0,8.2,2,72.2,33.3,1,3,0.0,0,-0.09,8,0,80.0,60.8,0,41,1.4,3,207,42.9,13,91.3,189,116.2,18,9.5,1,153,82,6.3,11.8,0.81
Jeremy McNichols,11917,HB,TEN,14,34,0,31,1.8,0,50.0,0.0,0,1,20.0,1,-0.45,2,0,41.6,56.6,0,25,40.0,28,70,32.8,4,54.3,38,67.2,8,21.1,0,45,38,9.5,11.3,1.18,0,-2.1,4,89.5,50.0,1,2,0.0,0,-0.24,6,0,82.2,72.6,0,27,21.9,25,114,41.9,17,73.7,84,95.8,19,22.6,0,133,167,9.8,7.8,1.58
James O'Shaughnessy,9606,TE,JAX,7,33,0,15,,0,,,0,0,,0,-0.41,0,0,64.7,52.0,0,0,2.0,1,51,29.5,0,86.3,44,0.0,0,0.0,0,0,0,,,0.0,0,6.5,2,72.7,20.0,1,5,4.0,1,0.02,10,0,73.5,71.1,0,30,3.3,4,123,44.4,24,92.7,114,93.5,33,28.9,0,244,116,4.8,10.2,2.14
JuJu Smith-Schuster,11817,WR,PIT,6,33,0,25,5.2,2,50.0,0.0,0,1,16.7,1,-0.23,3,0,45.8,61.3,0,24,0.0,0,54,39.6,5,98.1,53,68.3,10,18.9,0,59,31,6.2,11.8,1.11,0,6.2,0,64.7,33.3,1,3,0.0,0,-0.13,4,0,78.7,57.9,1,16,0.0,0,95,41.8,11,95.8,91,48.4,17,18.7,0,69,33,3.0,6.3,0.76
Jerick McKinnon,8731,HB,KC,15,33,0,16,2.0,1,80.0,,0,0,0.0,0,0.02,4,0,72.1,61.6,0,23,11.3,9,80,45.9,4,81.3,65,110.8,5,7.7,0,53,61,15.3,13.3,0.82,0,-1.2,6,81.0,,0,0,0.0,0,0.17,11,0,82.2,79.0,0,20,5.3,7,132,49.6,17,92.4,122,117.9,21,17.2,1,178,212,12.5,10.5,1.46
Josiah Deguara,47034,TE,GB,17,33,0,12,4.6,1,37.5,0.0,0,2,0.0,0,-0.05,1,0,70.5,43.4,0,12,8.0,7,88,40.0,3,88.6,78,45.8,8,10.3,0,21,27,9.0,7.0,0.27,0,4.1,1,89.5,0.0,0,1,5.6,1,0.15,7,0,67.7,64.8,1,62,6.2,8,129,47.2,17,90.7,117,122.1,19,16.2,2,193,159,9.4,11.4,1.65
Tommy Tremble,84025,TE,CAR,16,32,0,5,5.4,0,60.0,0.0,0,1,0.0,0,-0.31,0,0,70.5,44.5,0,4,7.1,6,84,32.1,3,90.5,76,64.6,5,6.6,0,8,7,2.3,2.7,0.11,0,10.5,2,61.9,0.0,0,1,13.3,2,-0.28,8,0,34.1,53.0,1,30,6.4,12,188,41.8,13,90.4,170,63.8,21,12.4,0,151,55,4.2,11.6,0.89
Pharaoh Brown,12247,TE,HST,15,32,0,13,8.4,0,42.9,0.0,0,1,40.0,2,0.28,2,0,28.0,43.8,1,29,22.7,15,66,51.7,3,69.7,46,23.8,7,15.2,0,43,26,8.7,14.3,0.93,0,3.8,2,81.8,33.3,1,3,0.0,0,-0.1,4,1,82.7,48.8,0,25,27.3,51,187,43.3,18,68.4,128,89.0,22,17.2,0,118,74,4.1,6.6,0.92
Hayden Hurst,47294,TE,ATL,13,32,0,2,8.2,1,80.0,0.0,0,1,0.0,0,-0.24,2,2,72.1,44.3,0,33,10.8,7,65,38.3,4,81.5,53,140.4,5,9.4,1,41,10,2.5,10.3,0.77,0,6.6,2,84.0,50.0,1,2,0.0,0,0.22,9,1,84.1,67.4,1,17,17.1,30,175,55.1,21,80.0,140,105.8,25,17.9,2,175,83,4.0,8.3,1.25
Rex Burkhead,7971,HB,HST,16,31,0,13,2.6,0,62.5,0.0,0,1,0.0,0,-0.05,4,0,74.6,88.0,0,20,29.7,22,74,42.4,5,63.5,47,84.9,8,17.0,0,59,47,9.4,11.8,1.26,0,1.5,1,89.5,100.0,1,1,0.0,0,-0.02,5,0,82.7,65.5,1,14,15.6,22,141,46.3,17,80.9,114,69.3,19,16.7,0,112,83,4.9,6.6,0.98
Mark Ingram II,6180,HB,NO,14,31,0,20,-5.7,1,66.7,0.0,0,1,33.3,1,0.23,1,0,29.9,42.3,0,18,35.8,19,53,44.7,2,54.7,29,79.9,3,10.3,0,16,28,14.0,8.0,0.55,0,1.3,6,91.3,,0,0,0.0,0,-0.26,7,0,84.1,85.0,0,34,17.8,24,135,36.2,21,79.3,107,89.7,23,21.5,0,127,122,5.8,6.0,1.19
Zack Moss,40341,HB,BUF,14,31,0,4,-0.2,4,90.0,,0,0,0.0,0,0.13,4,1,77.3,59.4,0,17,29.3,24,82,52.1,9,63.4,52,97.1,10,19.2,0,73,77,8.6,8.1,1.4,0,0.8,1,70.6,0.0,0,1,7.7,1,0.14,6,1,63.2,52.8,1,24,15.4,18,117,49.6,12,82.1,96,63.4,17,17.7,0,110,115,9.6,9.2,1.15
Jordan Akins,47050,TE,HST,13,31,0,13,6.3,1,70.0,100.0,1,1,12.5,1,0.1,3,1,52.1,54.3,0,17,10.4,8,77,50.0,7,83.1,64,86.7,10,15.6,0,63,28,4.0,9.0,0.98,0,6.1,1,76.5,0.0,0,1,7.1,1,-0.03,7,0,63.5,61.5,1,31,6.8,9,132,39.8,13,84.1,111,71.0,17,15.3,0,121,55,4.2,9.3,1.09
Antoine Wesley,39967,WR,ARZ,15,31,0,1,12.4,1,71.4,60.0,3,5,0.0,0,-0.14,4,0,74.6,68.2,0,20,0.0,0,62,32.1,5,90.3,56,136.9,7,12.5,1,60,19,3.8,12.0,1.07,0,11.8,1,62.5,50.0,2,4,9.1,1,0.01,4,0,58.5,55.4,1,33,0.0,0,169,48.8,10,95.9,162,81.5,16,9.9,1,125,34,3.4,12.5,0.77
Isaiah McKenzie,11927,WR,BUF,17,30,0,4,11.5,0,72.7,50.0,1,2,0.0,0,0.24,8,0,76.5,81.4,0,19,0.0,0,59,49.1,8,93.2,55,128.2,11,20.0,1,93,14,1.8,11.6,1.69,0,3.4,4,83.3,100.0,1,1,6.3,1,0.18,7,0,65.6,69.5,0,28,0.0,0,100,52.5,15,99.0,99,96.1,18,18.2,0,127,93,6.2,8.5,1.28
JaMycal Hasty,25582,HB,SF,14,29,0,28,3.8,0,60.0,,0,0,0.0,0,-0.15,1,1,75.6,51.6,1,12,9.1,4,44,33.3,6,81.8,36,25.8,10,27.8,0,32,21,3.5,5.3,0.89,0,0.8,4,100.0,100.0,1,1,0.0,0,0.22,5,0,81.7,76.5,0,15,6.3,4,63,44.4,16,93.7,59,93.2,16,27.1,0,102,90,5.6,6.4,1.73
Terrace Marshall Jr.,84271,WR,CAR,13,29,0,5,8.7,1,61.5,0.0,0,1,20.0,2,-0.33,5,0,38.4,63.2,0,23,0.0,0,85,43.6,8,91.8,78,79.3,13,16.7,0,81,21,2.6,10.1,1.04,0,5.2,0,50.0,,0,0,0.0,0,-0.27,2,0,74.6,49.4,2,11,0.0,0,169,41.7,6,96.4,163,17.0,12,7.4,0,37,32,5.3,6.2,0.23
Marcedes Lewis,2973,TE,GB,18,29,0,12,4.4,2,81.8,,0,0,0.0,0,0.0,4,1,77.3,58.1,0,20,25.8,17,66,50.8,9,71.2,47,94.3,11,23.4,0,73,47,5.2,8.1,1.55,0,4.3,7,93.3,,0,0,0.0,0,0.35,6,1,80.6,71.4,0,23,24.1,28,116,56.8,14,72.4,84,105.3,15,17.9,0,139,102,7.3,9.9,1.65
Jamaal Williams,11889,HB,DET,13,28,0,11,2.0,0,100.0,,0,0,0.0,0,-0.1,0,0,64.7,51.2,0,6,28.1,9,32,45.2,1,68.8,22,91.7,1,4.5,0,6,4,4.0,6.0,0.27,0,0.1,3,88.9,,0,0,11.1,2,-0.06,3,0,53.1,65.4,0,11,17.8,16,90,41.9,16,77.8,70,89.4,18,25.7,0,98,103,6.4,6.1,1.4
Dontrell Hilliard,45691,HB,TEN,8,28,0,31,-3.5,0,100.0,,0,0,0.0,0,-0.05,3,0,74.6,76.9,0,28,21.6,8,37,44.4,6,78.4,29,86.1,6,20.7,0,28,49,8.2,4.7,0.97,0,0.0,1,71.4,100.0,2,2,16.7,3,-0.07,5,1,38.1,35.3,1,10,7.5,6,80,41.0,15,90.0,72,55.3,21,29.2,0,68,65,4.3,4.5,0.94
Mack Hollins,11873,WR,MIA,16,28,0,17,20.7,0,33.3,100.0,1,1,40.0,2,0.21,3,0,28.7,53.6,0,40,0.0,0,79,48.6,3,91.1,72,97.0,9,12.5,1,65,5,1.7,21.7,0.9,0,15.5,0,60.0,50.0,1,2,10.0,1,-0.04,7,0,56.7,60.6,1,65,0.0,0,122,49.6,9,95.9,117,105.6,15,12.8,2,150,37,4.1,16.7,1.28
Zach Gentry,36049,TE,PIT,18,28,0,25,2.1,0,71.4,100.0,1,1,0.0,0,-0.11,4,0,73.4,53.6,0,13,23.2,19,82,39.5,5,69.5,57,84.8,7,12.3,0,39,28,5.6,7.8,0.68,0,1.9,4,93.3,0.0,0,1,0.0,0,-0.1,6,0,80.6,63.9,0,25,24.3,33,136,42.3,14,69.9,95,101.9,15,15.8,0,127,99,7.1,9.1,1.34
Harrison Bryant,26394,TE,CLV,16,28,0,8,6.5,0,83.3,,0,0,0.0,0,0.24,4,0,73.4,67.5,1,8,13.5,5,37,50.0,5,83.8,31,84.7,6,19.4,2,26,7,1.4,5.2,0.84,0,11.4,0,72.2,66.7,2,3,7.1,1,0.08,8,0,63.5,71.3,1,41,4.5,5,110,44.8,13,90.9,100,83.1,18,18.0,0,190,62,4.8,14.6,1.9
Brevin Jordan,77887,TE,HST,9,28,0,13,8.3,2,54.5,25.0,1,4,0.0,0,-0.33,5,0,74.6,73.4,0,27,7.5,4,53,39.2,6,88.7,47,105.9,11,23.4,1,74,42,7.0,12.3,1.57,0,6.5,2,76.9,100.0,2,2,0.0,0,-0.05,4,0,78.7,66.8,0,23,6.1,5,82,45.6,10,90.2,74,118.4,13,17.6,1,83,38,3.8,8.3,1.12
Elijah Mitchell,57272,HB,SF,14,27,0,28,-1.5,1,100.0,,0,0,0.0,0,-0.02,1,0,68.3,58.4,0,8,15.8,6,38,44.1,2,76.3,29,137.5,2,6.9,1,15,18,9.0,7.5,0.52,0,-0.4,4,95.8,100.0,2,2,0.0,0,0.13,8,0,84.9,68.3,0,21,11.8,19,161,49.4,23,85.1,137,95.3,24,17.5,0,165,177,7.7,7.2,1.2
Ian Thomas,42130,TE,CAR,17,27,0,5,2.3,0,75.0,100.0,1,1,25.0,1,-0.11,2,0,36.8,50.1,0,21,23.6,25,106,47.0,3,72.6,77,113.5,4,5.2,0,47,34,11.3,15.7,0.61,0,7.1,0,65.2,50.0,2,4,0.0,0,-0.22,4,0,65.6,49.8,3,41,20.1,52,259,39.3,15,75.7,196,42.4,23,11.7,0,141,54,3.6,9.4,0.72
Donald Parham Jr.,91014,TE,LAC,14,26,0,27,1.9,1,75.0,33.3,1,3,0.0,0,-0.25,3,0,75.6,66.1,0,19,21.3,13,61,43.8,6,62.3,38,124.0,8,21.1,1,38,31,5.2,6.3,1.0,0,6.9,1,84.6,50.0,1,2,8.3,1,0.13,7,0,61.8,74.0,0,22,25.2,30,119,53.0,11,72.3,86,134.3,13,15.1,1,131,94,8.5,11.9,1.52
Will Dissly,30762,TE,SEA,15,26,0,29,1.7,0,100.0,,0,0,0.0,0,0.21,2,0,70.5,62.2,0,25,28.8,15,52,46.7,3,63.5,33,134.0,3,9.1,1,20,15,5.0,6.7,0.61,0,4.1,3,76.2,33.3,1,3,15.8,3,0.07,8,1,40.1,55.8,0,39,21.6,38,176,44.4,16,77.3,136,101.7,21,15.4,0,182,114,7.1,11.4,1.34
Clyde Edwards-Helaire,57279,HB,KC,12,26,0,16,-2.4,0,100.0,,0,0,0.0,0,0.43,4,0,76.5,77.9,0,29,10.9,7,64,63.2,7,79.7,51,150.3,7,13.7,1,74,91,13.0,10.6,1.45,0,-2.2,5,78.6,,0,0,0.0,0,0.3,4,0,78.7,59.3,1,12,10.6,14,132,54.8,11,84.8,112,78.0,14,12.5,1,58,76,6.9,5.3,0.52
Robert Tonyan,12193,TE,GB,8,26,0,12,10.4,0,87.5,100.0,3,3,0.0,0,0.38,4,0,75.6,66.6,0,22,5.9,4,68,47.6,7,86.8,59,145.3,8,13.6,2,75,19,2.7,10.7,1.27,0,8.4,0,66.7,0.0,0,1,9.1,1,-0.03,6,0,58.9,55.4,0,33,1.9,2,108,46.6,10,93.5,101,91.8,15,14.9,0,123,81,8.1,12.3,1.22
Nick Chubb,45783,HB,CLV,14,25,0,8,-0.8,2,75.0,,0,0,0.0,0,0.13,1,0,72.1,59.4,0,8,11.1,6,54,52.0,3,81.5,44,83.3,4,9.1,0,18,27,9.0,6.0,0.41,0,0.6,4,77.8,50.0,1,2,0.0,0,0.1,7,0,81.1,66.3,0,40,18.6,26,140,51.9,14,79.3,111,99.8,18,16.2,0,143,151,10.8,10.2,1.29
Kareem Hunt,11841,HB,CLV,8,25,0,8,4.2,0,80.0,,0,0,20.0,1,-0.74,2,0,42.1,50.3,0,8,16.3,7,43,26.2,4,81.4,35,85.8,5,14.3,0,23,13,3.3,5.8,0.66,0,-1.0,4,81.8,50.0,1,2,0.0,0,-0.01,2,0,77.3,63.6,0,19,24.3,18,74,44.4,9,73.0,54,89.0,11,20.4,0,59,72,8.0,6.6,1.09
KhaDarel Hodge,26104,WR,DET,13,25,0,11,17.8,0,25.0,0.0,0,1,0.0,0,-0.52,1,0,68.3,66.2,0,13,0.0,0,30,27.6,1,96.7,29,40.6,4,13.8,0,13,1,1.0,13.0,0.45,0,10.6,1,56.3,57.1,4,7,10.0,1,-0.07,4,0,56.7,62.6,2,42,0.0,0,106,46.0,9,94.3,100,37.5,16,16.0,0,108,19,2.1,12.0,1.08
Ben Skowronek,27948,WR,LA,14,25,0,26,8.2,1,33.3,,0,0,0.0,0,-0.06,2,0,68.3,59.1,1,15,0.0,0,30,42.9,2,93.3,28,4.2,6,21.4,0,20,13,6.5,10.0,0.71,0,13.6,0,62.5,50.0,1,2,23.1,3,0.01,4,0,29.5,51.3,1,35,0.0,0,82,46.8,10,96.3,79,58.6,16,20.3,0,117,44,4.4,11.7,1.48
Tyler Kroft,9518,TE,NYJ,9,25,0,22,9.7,0,66.7,66.7,2,3,0.0,0,-0.47,2,0,68.3,55.6,0,26,23.5,20,85,34.6,2,71.8,61,104.9,3,4.9,0,34,5,2.5,17.0,0.56,0,5.8,5,63.2,0.0,0,1,25.0,4,-0.03,7,0,28.6,58.7,0,24,16.5,19,115,44.6,12,81.7,94,100.8,19,20.2,1,130,71,5.9,10.8,1.38
Logan Thomas,8755,TE,WAS,6,25,0,32,6.0,2,100.0,100.0,3,3,0.0,0,-0.21,2,1,72.1,64.0,0,15,5.4,2,37,40.6,4,83.8,31,134.4,4,12.9,1,27,10,2.5,6.8,0.87,0,11.1,0,64.7,100.0,2,2,8.3,1,0.13,5,0,60.6,60.5,1,35,8.5,10,117,50.5,11,84.6,99,65.6,17,17.2,0,139,56,5.1,12.6,1.4
Justin Jackson,29539,HB,LAC,13,24,0,27,-2.0,0,100.0,,0,0,0.0,0,0.19,0,0,64.7,50.5,0,2,19.0,8,42,48.6,1,73.8,31,79.2,1,3.2,0,2,4,4.0,2.0,0.06,0,1.0,5,88.9,,0,0,11.1,2,0.23,5,0,54.3,64.0,0,25,13.3,12,90,56.5,16,82.2,74,99.3,18,24.3,0,141,130,8.1,8.8,1.91
Noah Brown,11993,WR,DAL,14,24,0,9,14.7,0,0.0,0.0,0,2,100.0,2,-0.06,0,0,26.4,45.4,0,0,0.0,0,46,37.5,0,87.0,40,39.6,3,7.5,0,0,0,,,0.0,0,8.9,3,72.2,100.0,2,2,7.1,1,0.05,5,0,65.9,63.9,0,27,2.9,3,104,48.5,13,90.4,94,96.8,18,19.1,0,149,66,5.1,11.5,1.59
D'Ernest Johnson,45734,HB,CLV,12,24,0,8,-2.0,3,87.5,,0,0,12.5,1,-0.16,4,1,52.1,48.1,0,18,33.8,27,80,39.5,7,63.8,51,92.7,8,15.7,0,50,61,8.7,7.1,0.98,0,1.1,2,69.2,100.0,1,1,25.0,3,-0.35,2,0,29.1,40.5,0,10,17.4,16,92,37.9,9,78.3,72,78.0,13,18.1,0,57,51,5.7,6.3,0.79
Cam Sims,47908,WR,WAS,14,24,0,32,11.0,0,100.0,100.0,2,2,0.0,0,-0.14,3,0,70.5,60.2,0,13,0.0,0,50,47.7,3,88.0,44,150.7,3,6.8,1,32,2,0.7,10.7,0.73,0,12.8,0,60.0,50.0,2,4,10.0,1,-0.11,6,0,56.7,63.1,0,43,0.0,0,109,39.0,9,96.3,105,111.8,15,14.3,1,135,25,2.8,15.0,1.29
Brandon Zylstra,66438,WR,CAR,13,24,0,5,10.7,1,60.0,62.5,5,8,0.0,0,0.24,5,0,74.6,73.1,0,19,0.0,0,50,54.2,6,96.0,48,81.3,10,20.8,0,70,17,2.8,11.7,1.46,0,5.9,0,100.0,100.0,1,1,0.0,0,-0.26,5,0,79.4,63.8,0,55,0.0,0,112,41.0,12,92.9,104,146.5,12,11.5,1,180,109,9.1,15.0,1.73
Dyami Brown,77986,WR,WAS,15,24,0,32,14.8,0,61.5,60.0,3,5,0.0,0,0.06,4,0,76.5,69.7,0,48,0.0,0,64,49.2,8,92.2,59,91.8,13,22.0,0,120,25,3.1,15.0,2.03,0,15.5,1,40.0,0.0,0,3,20.0,1,-0.17,2,0,45.8,51.2,0,22,0.0,0,131,41.1,4,94.7,124,54.2,10,8.1,0,45,12,3.0,11.3,0.36
Mohamed Sanu,7084,WR,SF,8,23,0,28,8.2,0,66.7,0.0,0,2,0.0,0,-0.03,4,0,72.1,67.7,0,21,0.0,0,50,30.2,4,86.0,43,92.4,6,14.0,0,50,17,4.3,12.5,1.16,0,10.3,0,75.0,50.0,1,2,10.0,1,0.16,6,0,57.0,65.1,0,19,0.0,0,94,49.5,9,96.8,91,99.0,12,13.2,0,99,25,2.8,11.0,1.09
John Bates,42275,TE,WAS,16,23,0,32,2.8,0,75.0,,0,0,0.0,0,-0.05,2,1,70.5,48.2,1,19,16.7,13,78,46.4,3,74.4,58,99.0,4,6.9,1,33,39,13.0,11.0,0.57,0,6.3,2,87.5,66.7,2,3,6.7,1,-0.03,8,0,67.0,67.0,0,32,15.3,25,163,45.5,14,80.4,131,111.7,16,12.2,0,173,78,5.6,12.4,1.32
Ty Montgomery,9527,WR,NO,14,23,0,20,6.4,0,66.7,100.0,2,2,0.0,0,0.4,2,0,74.6,61.6,0,21,3.2,2,62,45.0,6,95.2,59,81.3,9,15.3,0,51,19,3.2,8.5,0.86,0,1.5,0,66.7,0.0,0,2,27.3,3,-0.23,2,0,27.5,36.2,0,13,4.5,5,112,41.3,8,92.9,104,71.2,12,11.5,0,39,52,6.5,4.9,0.38
DeeJay Dallas,55632,HB,SEA,13,23,0,29,7.0,0,50.0,50.0,1,2,0.0,0,-1.05,0,0,64.7,51.5,0,-5,10.5,2,19,29.4,1,78.9,15,56.3,2,13.3,0,-5,0,0.0,-5.0,-0.33,0,1.3,1,94.4,,0,0,0.0,0,0.15,3,1,82.2,57.3,0,29,9.6,8,83,44.9,17,86.7,72,94.2,18,25.0,0,119,91,5.4,7.0,1.65
Quintez Cephus,29614,WR,DET,5,22,0,11,13.4,1,60.0,50.0,1,2,0.0,0,-0.06,3,0,72.1,72.1,0,33,0.0,0,46,46.3,3,89.1,41,128.3,5,12.2,1,44,26,8.7,14.7,1.07,0,14.6,1,55.6,33.3,1,3,0.0,0,-0.15,2,0,73.4,60.5,0,46,0.0,0,55,44.0,5,90.9,50,85.9,9,18.0,0,81,35,7.0,16.2,1.62
Chris Moore,10741,WR,HST,10,22,0,13,8.4,1,88.9,75.0,3,4,0.0,0,0.4,4,0,76.5,77.0,0,67,0.0,0,52,60.4,8,92.3,48,155.8,9,18.8,1,149,86,10.8,18.6,3.1,0,1.7,1,100.0,,0,0,0.0,0,0.02,2,0,78.0,63.7,0,28,2.9,2,70,45.7,10,97.1,68,130.4,10,14.7,1,73,56,5.6,7.3,1.07
O.J. Howard,11774,TE,TB,19,22,0,30,11.6,0,20.0,,0,0,0.0,0,0.34,1,0,64.7,46.2,0,9,15.9,10,63,51.7,1,81.0,51,39.6,5,9.8,0,9,4,4.0,9.0,0.18,0,2.7,2,100.0,,0,0,0.0,0,-0.05,8,0,78.7,72.9,0,21,15.7,16,102,47.9,10,78.4,80,138.8,10,12.5,1,93,72,7.2,9.3,1.16
Trinity Benson,94356,WR,DET,8,22,0,11,4.0,0,33.3,0.0,0,1,50.0,1,-0.23,1,0,28.8,50.8,0,24,0.0,0,33,31.3,1,97.0,32,63.2,3,9.4,0,24,21,21.0,24.0,0.75,0,8.9,0,50.0,0.0,0,2,18.2,2,-0.37,3,0,38.4,50.7,0,23,0.0,0,115,40.0,9,91.3,105,62.0,18,17.1,0,79,38,4.2,8.8,0.75
Ashton Dulin,91479,WR,IND,17,22,0,14,10.7,0,66.7,100.0,2,2,0.0,0,-0.01,3,0,72.1,65.4,0,17,0.0,0,37,51.5,4,89.2,33,120.1,6,18.2,1,33,13,3.3,8.3,1.0,0,16.3,1,58.3,,0,0,22.2,2,0.3,5,0,32.6,59.6,0,62,0.0,0,69,41.9,7,89.9,62,118.8,12,19.4,1,116,35,5.0,16.6,1.87
Damien Williams,9205,HB,CHI,12,22,0,6,,0,,,0,0,,0,-1.03,0,0,,55.1,0,0,52.9,9,17,37.5,0,41.2,7,0.0,0,0.0,0,0,0,,,0.0,0,0.4,7,73.7,,0,0,6.7,1,-0.14,2,0,64.7,66.5,0,18,10.3,8,78,42.3,14,89.7,70,79.7,19,27.1,0,74,89,6.4,5.3,1.06
Jimmy Graham,5619,TE,CHI,15,22,0,6,12.8,0,60.0,50.0,1,2,25.0,1,0.01,3,0,41.6,78.4,0,28,6.9,2,29,42.3,3,82.8,24,135.0,5,20.8,1,52,17,5.7,17.3,2.17,0,8.9,1,72.7,100.0,2,2,0.0,0,0.16,5,0,76.5,65.7,0,17,6.8,5,74,52.9,8,87.8,65,135.6,11,16.9,2,88,30,3.8,11.0,1.35
Anthony Schwartz,84135,WR,CLV,14,22,0,8,19.6,0,28.6,,0,0,33.3,1,-0.19,2,0,29.9,52.2,0,16,0.0,0,66,35.4,2,98.5,65,45.5,7,10.8,0,31,2,1.0,15.5,0.48,0,11.6,0,60.0,0.0,0,2,0.0,0,-0.32,2,0,74.6,60.0,1,44,0.0,0,72,44.3,6,97.2,70,47.1,10,14.3,0,83,8,1.3,13.8,1.19
Kendall Hinton,34045,WR,DEN,15,22,0,10,11.4,0,40.0,0.0,0,1,0.0,0,0.13,2,0,70.5,65.3,0,40,0.0,0,45,46.3,2,88.9,40,81.3,5,12.5,0,55,32,16.0,27.5,1.38,0,6.3,2,81.8,50.0,1,2,0.0,0,-0.34,5,0,77.3,64.1,1,23,1.1,1,88,42.2,9,94.3,83,60.2,11,13.3,0,83,23,2.6,9.2,1.0
Demetric Felton Jr.,40568,WR,CLV,15,21,0,8,8.0,1,66.7,,0,0,0.0,0,0.03,2,0,68.3,69.0,0,22,3.4,1,29,53.6,2,93.1,27,141.7,3,11.1,1,32,28,14.0,16.0,1.19,0,-0.9,4,87.5,,0,0,12.5,2,0.07,7,0,49.6,79.7,0,33,0.0,0,49,57.8,14,91.8,45,120.8,16,35.6,1,128,150,10.7,9.1,2.84
Kenny Stills,7926,WR,NO,13,21,0,20,14.2,0,40.0,33.3,1,3,0.0,0,-0.05,3,0,72.1,62.8,0,22,0.0,0,66,39.3,4,92.4,61,87.5,10,16.4,1,45,10,2.5,11.3,0.74,0,25.4,0,20.0,0.0,0,4,50.0,2,-0.08,1,0,28.1,51.1,1,17,0.0,0,87,45.8,2,95.4,83,0.0,10,12.0,0,23,3,1.5,11.5,0.28
Juwan Johnson,28305,TE,NO,14,21,0,20,10.5,0,50.0,25.0,1,4,16.7,1,0.34,4,0,45.8,64.4,0,15,0.0,0,52,44.0,5,96.2,50,101.7,10,20.0,2,44,23,4.6,8.8,0.88,0,13.4,0,66.7,50.0,1,2,0.0,0,-0.07,6,0,74.6,65.8,1,27,1.0,1,96,46.9,6,99.0,95,68.5,9,9.5,0,109,23,3.8,18.2,1.15
Damien Harris,35134,HB,NE,15,21,0,19,2.5,2,75.0,0.0,0,1,0.0,0,-0.22,1,0,70.5,62.5,0,21,37.3,19,51,40.8,3,60.8,31,97.9,4,12.9,0,32,26,8.7,10.7,1.03,0,-0.1,2,92.9,100.0,1,1,0.0,0,0.25,3,0,80.0,71.3,0,13,25.7,27,105,57.4,13,71.4,75,94.6,14,18.7,0,94,96,7.4,7.2,1.25
N'Keal Harry,48297,WR,NE,12,21,0,19,14.7,0,50.0,50.0,2,4,25.0,1,0.17,2,0,36.2,61.7,0,28,0.0,0,62,40.0,3,88.7,55,84.7,6,10.9,0,59,4,1.3,19.7,1.07,0,15.4,0,57.1,75.0,3,4,0.0,0,0.2,5,0,76.5,69.1,1,43,0.0,0,69,54.4,8,98.6,68,54.5,14,20.6,0,116,18,2.3,14.5,1.71
Collin Johnson,47808,WR,NYG,12,21,0,21,11.7,0,16.7,0.0,0,1,0.0,0,-0.4,1,0,68.3,54.6,1,13,0.0,0,45,37.8,1,82.2,37,0.0,6,16.2,0,13,0,0.0,13.0,0.35,0,7.4,2,66.7,66.7,2,3,0.0,0,-0.25,3,0,77.3,64.0,0,16,0.0,0,74,37.1,8,94.6,70,82.3,12,17.1,0,71,14,1.8,8.9,1.01
Rhamondre Stevenson,98689,HB,NE,13,21,0,19,-2.0,2,71.4,,0,0,16.7,1,0.17,1,0,45.8,50.4,0,41,19.6,9,46,51.2,5,71.7,33,95.5,7,21.2,0,57,74,14.8,11.4,1.73,0,-0.6,5,100.0,100.0,1,1,0.0,0,-0.09,3,1,79.4,60.8,0,22,13.3,8,60,42.4,12,86.7,52,95.8,12,23.1,0,84,91,7.6,7.0,1.62
Breshad Perriman,9459,WR,TB,7,20,0,30,11.1,3,60.0,0.0,0,2,25.0,2,0.43,3,0,29.8,61.0,0,58,0.0,0,59,53.6,6,94.9,56,133.8,10,17.9,1,116,78,13.0,19.3,2.07,0,2.6,0,71.4,,0,0,16.7,1,0.13,1,0,45.8,50.8,0,14,0.0,0,72,52.8,5,100.0,72,80.7,7,9.7,0,32,24,4.8,6.4,0.44
Trent Sherfield,48021,WR,SF,19,20,0,28,9.3,0,66.7,50.0,1,2,0.0,0,0.25,4,0,72.1,72.5,0,13,0.0,0,29,44.8,4,100.0,29,84.7,6,20.7,0,39,13,3.3,9.8,1.34,0,10.8,0,33.3,50.0,2,4,20.0,1,0.16,2,0,42.1,53.6,2,18,1.2,1,82,53.1,4,97.6,80,5.2,12,15.0,0,43,8,2.0,10.8,0.54
James Proche II,48037,WR,BLT,14,20,0,3,8.1,0,57.1,50.0,1,2,20.0,1,-0.01,3,0,41.6,64.0,1,32,0.0,0,39,40.5,4,94.9,37,43.5,7,18.9,0,56,27,6.8,14.0,1.51,0,12.5,0,90.0,100.0,2,2,0.0,0,0.39,6,0,77.3,65.2,0,29,0.0,0,114,59.5,9,97.4,111,115.0,10,9.0,0,116,15,1.7,12.9,1.05
Travis Homer,45859,HB,SEA,14,20,0,29,1.5,0,100.0,,0,0,0.0,0,-0.39,1,0,68.3,58.9,0,23,44.7,17,38,28.6,2,50.0,19,116.7,2,10.5,0,24,21,10.5,12.0,1.26,0,2.1,4,72.7,,0,0,0.0,0,-0.07,4,0,76.5,66.8,1,27,29.7,22,74,43.5,8,66.2,49,54.4,11,22.4,0,78,67,8.4,9.8,1.59
Derrick Henry,10679,HB,TEN,9,20,0,31,-3.7,1,66.7,,0,0,0.0,0,0.52,1,0,68.3,68.8,0,11,40.8,20,49,52.2,2,55.1,27,77.1,3,11.1,0,14,18,9.0,7.0,0.52,0,-0.3,2,93.8,100.0,2,2,0.0,0,0.23,6,0,83.2,74.2,0,16,12.0,13,108,64.1,15,83.3,90,101.0,16,17.8,0,132,136,9.1,8.8,1.47
Chris Evans,27303,HB,CIN,15,19,0,7,6.0,1,100.0,,0,0,0.0,0,0.0,2,0,72.1,83.2,0,24,14.3,3,21,45.0,4,81.0,17,152.1,4,23.5,1,44,20,5.0,11.0,2.59,0,3.2,2,80.0,100.0,1,1,0.0,0,0.02,3,0,76.5,63.4,0,14,8.0,4,50,40.8,8,90.0,45,129.6,10,22.2,1,71,57,7.1,8.9,1.58
D'Wayne Eskridge,29573,WR,SEA,10,19,0,29,19.8,0,0.0,0.0,0,2,,0,-0.26,0,0,,43.7,0,0,0.0,0,23,26.1,0,100.0,23,39.6,4,17.4,0,0,0,,,0.0,0,13.1,0,66.7,0.0,0,1,0.0,0,0.11,2,0,75.6,57.0,0,17,0.0,0,69,53.8,6,94.2,65,78.0,9,13.8,0,44,23,3.8,7.3,0.68
John Ross,11764,WR,NYG,10,19,0,21,13.1,1,55.6,,0,0,0.0,0,-0.11,4,0,73.4,66.7,0,19,0.0,0,54,41.2,5,94.4,51,77.5,9,17.6,0,63,25,5.0,12.6,1.24,0,23.0,1,85.7,100.0,2,2,0.0,0,0.37,4,0,74.6,69.7,0,52,0.0,0,81,51.4,6,91.4,74,158.3,7,9.5,1,161,17,2.8,26.8,2.18
DJ Chark Jr.,47702,WR,JAX,4,19,0,15,16.0,0,0.0,0.0,0,1,,0,0.0,0,0,,52.8,0,0,0.0,0,16,33.3,0,93.8,15,39.6,1,6.7,0,0,0,,,0.0,0,16.5,0,33.3,50.0,1,2,33.3,2,0.07,4,0,28.6,63.0,1,41,0.0,0,78,53.4,4,93.6,73,59.4,12,16.4,1,105,22,5.5,26.3,1.44
Dare Ogunbowale,12329,HB,JAX,12,19,0,15,-1.7,1,100.0,,0,0,0.0,0,-0.1,1,0,70.5,57.4,0,28,33.3,16,48,47.7,3,62.5,30,156.3,3,10.0,1,36,41,13.7,12.0,1.2,0,1.8,0,83.3,,0,0,9.1,1,0.13,2,0,58.9,56.3,0,19,15.7,11,70,49.3,10,82.9,58,93.8,12,20.7,0,78,59,5.9,7.8,1.34
Stephen Anderson,11160,TE,LAC,17,19,0,27,3.0,0,100.0,,0,0,0.0,0,0.21,3,0,73.4,55.5,0,13,14.9,7,47,53.7,5,72.3,34,135.4,5,14.7,1,35,20,4.0,7.0,1.03,0,2.9,0,76.9,,0,0,0.0,0,0.25,5,0,78.7,76.6,1,34,20.8,16,77,52.7,10,75.3,58,72.0,13,22.4,0,118,96,9.6,11.8,2.03
Denzel Mims,47800,WR,NYJ,11,19,0,22,17.6,0,20.0,50.0,1,2,0.0,0,-0.19,1,0,64.7,52.6,0,13,1.7,1,59,37.5,1,93.2,55,39.6,5,9.1,0,13,2,2.0,13.0,0.24,0,10.5,1,50.0,0.0,0,2,0.0,0,0.04,2,0,73.4,52.9,0,40,0.0,0,107,44.2,5,97.2,104,74.2,10,9.6,0,73,27,5.4,14.6,0.7
Salvon Ahmed,57472,HB,MIA,12,18,0,17,9.0,0,25.0,0.0,0,1,50.0,1,-0.06,1,0,28.8,39.6,0,15,23.3,7,30,43.3,1,76.7,23,42.7,4,17.4,0,15,16,16.0,15.0,0.65,0,-0.5,3,76.9,0.0,0,1,9.1,1,-0.04,3,0,58.5,72.4,0,18,15.7,11,70,54.5,10,81.4,57,96.0,13,22.8,0,93,106,10.6,9.3,1.63
Parris Campbell,47940,WR,IND,6,18,0,14,12.9,0,42.9,25.0,1,4,40.0,2,-0.22,2,0,28.0,52.2,0,16,0.0,0,46,31.7,3,89.1,41,56.8,7,17.1,0,32,4,1.3,10.7,0.78,0,15.5,0,100.0,100.0,1,1,0.0,0,0.11,4,0,74.6,70.3,0,51,0.0,0,57,37.7,6,93.0,53,158.3,6,11.3,1,107,14,2.3,17.8,2.02
C.J. Ham,11347,FB,MIN,17,18,0,18,26.0,0,100.0,,0,0,0.0,0,0.74,1,0,68.3,88.3,0,27,37.5,9,24,59.1,1,58.3,14,118.8,1,7.1,0,27,1,1.0,27.0,1.93,0,1.5,2,93.3,50.0,1,2,0.0,0,0.02,4,0,81.1,71.5,0,16,28.1,27,96,51.6,14,69.8,67,86.7,15,22.4,0,72,53,3.8,5.1,1.07
Lil'Jordan Humphrey,42247,WR,NO,10,18,0,20,11.5,0,50.0,100.0,1,1,0.0,0,-0.13,3,0,70.5,70.3,1,56,0.0,0,43,34.1,3,95.3,41,95.8,6,14.6,1,105,53,17.7,35.0,2.56,0,10.0,0,87.5,,0,0,0.0,0,-0.26,3,0,75.6,60.6,0,26,0.0,0,81,43.6,7,96.3,78,116.1,8,10.3,0,95,32,4.6,13.6,1.22
MyCole Pruitt,9576,TE,TEN,16,18,0,31,10.5,0,50.0,0.0,0,1,0.0,0,0.19,1,0,68.3,52.7,0,14,20.4,11,54,42.3,1,75.9,41,112.5,2,4.9,1,14,5,5.0,14.0,0.34,0,6.7,1,80.0,100.0,1,1,0.0,0,0.28,5,0,77.3,72.3,1,22,33.6,38,113,58.1,8,62.8,71,62.1,10,14.1,0,84,42,5.3,10.5,1.18
Brock Wright,60994,TE,DET,10,17,0,11,4.8,0,100.0,,0,0,0.0,0,-0.04,2,0,72.1,76.0,0,36,21.7,5,23,36.4,4,73.9,17,158.3,4,23.5,1,50,31,7.8,12.5,2.94,0,3.8,0,66.7,33.3,1,3,11.1,1,0.14,4,0,54.5,61.6,1,23,22.9,19,83,48.1,8,73.5,61,74.0,12,19.7,1,67,37,4.6,8.4,1.1
Jakeem Grant Sr.,10820,WR,CHI,13,17,0,6,5.4,0,20.0,,0,0,50.0,1,0.33,0,0,28.8,39.3,1,-7,0.0,0,17,47.1,1,100.0,17,0.0,5,29.4,0,-7,-3,-3.0,-7.0,-0.41,0,4.0,3,83.3,,0,0,16.7,1,-0.37,4,0,52.1,70.0,0,46,0.0,0,62,41.1,5,90.3,56,158.3,6,10.7,1,104,82,16.4,20.8,1.86
Marcus Johnson,11074,WR,TEN,7,17,0,31,6.1,1,50.0,0.0,0,2,20.0,1,0.22,4,0,41.6,70.6,0,50,0.0,0,37,44.1,4,91.9,34,93.8,8,23.5,0,96,77,19.3,24.0,2.82,0,14.5,0,62.5,,0,0,0.0,0,0.09,3,0,73.4,61.3,1,22,0.0,0,53,56.0,5,94.3,50,47.9,8,16.0,0,64,22,4.4,12.8,1.28
Maxx Williams,9488,TE,ARZ,5,17,0,1,,0,,,0,0,,0,-0.22,0,0,,48.0,0,0,10.0,2,20,33.3,0,85.0,17,0.0,0,0.0,0,0,0,,,0.0,0,4.9,5,92.9,,0,0,0.0,0,0.4,8,0,80.0,81.5,0,34,18.5,15,81,60.3,13,79.0,64,114.9,14,21.9,0,162,117,9.0,12.5,2.53
Blake Jarwin,12320,TE,DAL,9,17,0,9,9.3,0,66.7,100.0,1,1,0.0,0,0.44,1,0,68.3,54.3,0,18,2.7,1,37,53.1,2,83.8,31,136.1,3,9.7,1,28,10,5.0,14.0,0.9,0,7.6,1,70.0,100.0,1,1,0.0,0,-0.19,3,0,75.6,58.3,1,20,8.7,8,92,53.7,7,82.6,76,45.8,10,13.2,0,60,26,3.7,8.6,0.79
Carlos Hyde,8692,HB,JAX,12,17,0,15,13.0,0,50.0,,0,0,50.0,1,-0.38,0,0,28.8,36.5,0,6,32.8,20,61,33.3,1,62.3,38,56.3,2,5.3,0,6,1,1.0,6.0,0.16,0,-0.5,1,84.6,,0,0,8.3,1,-0.25,1,0,60.2,52.0,0,9,10.6,12,113,40.2,11,88.5,100,85.6,13,13.0,0,59,74,6.7,5.4,0.59
Eric Ebron,8645,TE,PIT,8,17,0,25,8.0,0,50.0,,0,0,0.0,0,0.05,1,0,64.7,50.2,0,5,0.0,0,43,40.5,1,97.7,42,56.3,2,4.8,0,5,0,0.0,5.0,0.12,0,5.8,0,77.8,100.0,2,2,12.5,1,-0.02,3,0,52.1,49.5,0,19,6.7,6,90,45.9,7,90.0,81,88.4,9,11.1,0,47,15,2.1,6.7,0.58
Boston Scott,39462,HB,PHI,11,16,0,24,-3.8,0,100.0,,0,0,0.0,0,0.34,1,0,72.1,76.2,0,16,20.0,5,25,52.0,4,80.0,20,89.6,4,20.0,0,22,37,9.3,5.5,1.1,0,-0.5,0,90.9,,0,0,9.1,1,-0.02,2,0,58.9,54.2,0,19,8.8,6,68,40.3,10,89.7,61,90.2,11,18.0,0,62,68,6.8,6.2,1.02
Preston Williams,38855,WR,MIA,8,16,0,17,13.6,0,20.0,0.0,0,2,0.0,0,-0.1,1,0,64.7,52.4,0,4,0.0,0,33,41.9,1,93.9,31,39.6,5,16.1,0,4,7,7.0,4.0,0.13,0,8.6,1,50.0,33.3,1,3,16.7,1,-0.05,2,0,45.8,60.0,0,34,0.0,0,67,56.9,5,97.0,65,71.7,10,15.4,0,67,32,6.4,13.4,1.03
Drew Sample,47259,TE,CIN,21,16,0,7,,0,,,0,0,,0,-0.18,0,0,,43.3,0,0,30.8,12,39,38.9,0,61.5,24,0.0,0,0.0,0,0,0,,,0.0,0,2.9,1,76.9,40.0,2,5,0.0,0,-0.05,3,0,78.0,51.9,0,19,23.8,35,147,47.9,10,72.8,107,91.2,13,12.1,0,78,71,7.1,7.8,0.73
Khalil Herbert,41668,HB,CHI,16,16,0,6,-4.5,1,50.0,,0,0,50.0,1,0.2,1,0,29.9,58.5,0,20,34.1,14,41,48.7,1,63.4,26,85.4,2,7.7,0,20,24,24.0,20.0,0.77,0,0.3,0,90.9,,0,0,9.1,1,-0.16,4,0,58.5,51.9,0,16,18.6,21,113,51.4,10,79.6,90,89.0,11,12.2,0,59,61,6.1,5.9,0.66
Equanimeous St. Brown,47967,WR,GB,13,16,0,12,10.9,3,50.0,0.0,0,2,0.0,0,-0.18,4,0,73.4,63.5,1,26,2.9,2,70,41.5,5,90.0,63,30.0,10,15.9,0,62,43,8.6,12.4,0.98,0,1.0,0,75.0,100.0,1,1,0.0,0,0.0,1,0,72.1,48.5,0,14,0.0,0,74,46.6,3,98.6,73,83.3,4,5.5,0,18,11,3.7,6.0,0.25
Jeff Smith,48055,WR,NYJ,11,16,0,22,8.8,0,50.0,0.0,0,1,33.3,1,0.1,1,0,36.2,60.3,0,35,5.0,2,40,38.9,2,85.0,34,82.3,4,11.8,0,37,5,2.5,18.5,1.09,0,12.7,0,44.4,0.0,0,1,20.0,1,0.0,4,0,41.6,57.6,0,13,0.0,0,81,43.0,4,97.5,79,61.3,9,11.4,0,48,0,0.0,12.0,0.61
Malik Turner,48078,WR,DAL,12,16,0,9,7.0,0,100.0,,0,0,0.0,0,0.69,2,0,70.5,70.7,0,12,0.0,0,14,63.6,3,78.6,11,111.1,3,27.3,0,32,11,3.7,10.7,2.91,0,12.4,3,66.7,,0,0,0.0,0,0.09,3,0,74.6,72.6,1,61,2.3,1,44,53.7,6,90.9,40,64.8,9,22.5,0,101,61,10.2,16.8,2.53
Dede Westbrook,11865,WR,MIN,15,16,0,18,7.0,0,50.0,0.0,0,3,0.0,0,0.2,1,0,70.5,54.6,0,7,0.0,0,54,51.0,3,94.4,51,56.9,6,11.8,0,19,10,3.3,6.3,0.37,0,8.0,1,75.0,100.0,1,1,0.0,0,-0.11,1,0,75.6,53.0,0,17,0.0,0,88,36.9,6,95.5,84,86.5,8,9.5,0,42,7,1.2,7.0,0.5
Adam Shaheen,11800,TE,MIA,12,16,0,17,10.0,0,33.3,,0,0,50.0,1,0.05,1,0,28.8,45.0,0,19,28.8,17,59,44.4,1,66.1,39,56.3,3,7.7,0,19,13,13.0,19.0,0.49,0,3.7,1,90.0,100.0,3,3,10.0,1,0.03,3,0,60.2,54.7,0,11,18.4,23,125,49.2,9,76.8,96,92.5,10,10.4,0,62,28,3.1,6.9,0.65
Scott Miller,47481,WR,TB,10,15,0,30,13.2,0,60.0,100.0,1,1,0.0,0,-0.44,2,0,70.5,56.1,1,19,0.0,0,55,35.8,3,96.4,53,48.3,5,9.4,0,43,4,1.3,14.3,0.81,0,7.6,0,75.0,0.0,0,1,0.0,0,-0.23,2,0,74.6,55.4,0,13,0.0,0,77,40.8,6,98.7,76,83.3,8,10.5,0,36,9,1.5,6.0,0.47
Jalen Richard,11395,HB,LV,11,15,0,23,-2.0,0,75.0,0.0,0,1,0.0,0,0.23,2,0,70.5,57.6,0,8,15.6,10,64,45.5,3,70.3,45,77.1,4,8.9,0,6,12,4.0,2.0,0.13,0,0.1,3,100.0,,0,0,0.0,0,0.05,2,0,77.3,72.3,0,19,8.2,4,49,43.5,8,85.7,42,95.8,8,19.0,0,56,55,6.9,7.0,1.33
Dante Pettis,48113,WR,NYG,3,15,0,21,4.8,0,100.0,100.0,1,1,0.0,0,0.11,3,0,73.4,81.8,0,27,0.0,0,19,44.4,5,89.5,17,114.2,5,29.4,0,57,33,6.6,11.4,3.35,0,7.5,0,50.0,100.0,1,1,0.0,0,-0.58,1,0,70.5,53.2,1,14,0.0,0,31,30.0,3,96.8,30,20.1,6,20.0,0,23,2,0.7,7.7,0.77
Isaiah Ford,11991,WR,MIA,12,15,0,17,8.8,0,83.3,66.7,2,3,0.0,0,0.05,3,0,73.4,66.4,0,27,0.0,0,37,35.3,5,91.9,34,141.0,6,17.6,1,50,15,3.0,10.0,1.47,0,11.0,1,80.0,0.0,0,1,0.0,0,0.24,3,0,72.1,66.3,0,52,0.0,0,45,54.8,4,93.3,42,118.8,5,11.9,0,85,35,8.8,21.3,2.02
Kylen Granson,40630,TE,IND,16,15,0,14,3.0,2,87.5,0.0,0,1,0.0,0,-0.21,3,0,75.6,69.8,0,27,4.3,2,46,42.9,7,87.0,40,107.3,8,20.0,0,78,56,8.0,11.1,1.95,0,5.0,1,75.0,0.0,0,1,0.0,0,-0.19,1,0,70.5,52.9,0,15,3.9,2,51,40.4,3,88.2,45,93.8,4,8.9,0,28,16,5.3,9.3,0.62
Josh Oliver,47083,TE,BLT,13,15,0,3,9.6,0,60.0,0.0,0,2,0.0,0,-0.65,2,0,70.5,63.8,0,19,14.3,3,21,21.1,3,81.0,17,80.4,5,29.4,0,34,6,2.0,11.3,2.0,0,8.6,0,55.6,0.0,0,1,0.0,0,-0.02,1,1,73.4,49.0,0,10,1.5,1,67,47.7,5,95.5,64,60.9,9,14.1,0,26,18,3.6,5.2,0.41
Kendall Blanton,47311,TE,LA,13,15,0,26,9.5,0,50.0,,0,0,50.0,1,0.64,1,0,28.8,44.0,0,7,16.1,5,31,65.5,1,77.4,24,97.9,2,8.3,1,7,6,6.0,7.0,0.29,0,4.2,1,80.0,100.0,1,1,0.0,0,0.27,5,0,76.5,77.7,0,23,12.0,10,83,53.8,8,84.3,70,107.1,10,14.3,0,97,53,6.6,12.1,1.39
James White,8765,HB,NE,3,14,0,19,7.2,1,66.7,,0,0,0.0,0,-0.31,2,0,73.4,76.1,0,26,29.2,7,24,27.3,4,66.7,16,90.3,6,37.5,0,47,29,7.3,11.8,2.94,0,0.0,0,100.0,100.0,1,1,0.0,0,0.23,3,0,73.4,80.7,0,28,26.1,6,23,63.6,5,73.9,17,100.8,5,29.4,0,41,41,8.2,8.2,2.41
Nick Vannett,10728,TE,NO,7,14,0,20,13.5,0,0.0,0.0,0,1,100.0,2,-0.08,0,0,25.5,32.4,0,0,34.5,10,29,33.3,0,65.5,19,39.6,2,10.5,0,0,0,,,0.0,0,5.0,1,75.0,50.0,1,2,18.2,2,-0.15,7,0,38.4,69.5,0,30,17.1,14,82,40.7,9,81.7,67,138.5,12,17.9,1,133,91,10.1,14.8,1.99
Noah Gray,60878,TE,KC,18,14,0,16,0.5,0,100.0,,0,0,0.0,0,0.31,0,0,68.3,47.1,0,6,8.3,4,48,59.6,2,89.6,43,89.6,2,4.7,0,11,10,5.0,5.5,0.26,0,5.3,0,57.1,,0,0,33.3,2,0.38,1,0,28.7,41.7,0,8,11.8,12,102,55.6,4,85.3,87,65.8,7,8.0,0,27,13,3.3,6.8,0.31
Phillip Dorsett,9462,WR,HST,6,14,0,13,17.3,0,66.7,,0,0,0.0,0,-0.52,1,0,68.3,82.0,0,33,0.0,0,11,44.4,2,81.8,9,109.7,3,33.3,0,42,16,8.0,21.0,4.67,0,13.9,0,45.5,33.3,1,3,0.0,0,-0.16,2,0,73.4,57.1,0,36,0.0,0,54,40.4,5,96.3,52,65.7,11,21.2,0,68,16,3.2,13.6,1.31
Tevin Coleman,9506,HB,NYJ,11,14,0,22,3.8,0,50.0,0.0,0,1,33.3,1,-0.71,0,0,29.9,39.8,0,4,40.0,12,30,20.7,2,60.0,18,56.3,4,22.2,0,1,7,3.5,0.5,0.06,0,-3.4,0,87.5,,0,0,0.0,0,0.11,1,0,75.6,70.0,0,9,18.9,7,37,61.1,7,81.1,30,81.8,8,26.7,0,29,60,8.6,4.1,0.97
Royce Freeman,45747,HB,HST,12,14,0,13,,0,,,0,0,,0,-0.21,0,0,,51.1,0,0,30.3,10,33,40.0,0,63.6,21,0.0,0,0.0,0,0,0,,,0.0,0,-0.8,1,63.6,,0,0,12.5,1,-0.29,2,0,52.1,48.3,0,11,17.5,18,103,37.9,7,75.7,78,72.5,11,14.1,0,46,50,7.1,6.6,0.59
Josh Gordon,7618,WR,KC,12,14,0,16,9.7,0,33.3,0.0,0,1,50.0,1,0.18,1,0,28.8,46.5,0,1,0.0,0,39,48.6,1,94.9,37,81.9,3,8.1,1,1,2,2.0,1.0,0.03,0,12.8,0,44.4,50.0,2,4,20.0,1,0.14,2,0,42.1,49.3,1,11,0.0,0,78,53.8,4,100.0,78,13.9,9,11.5,0,31,3,0.8,7.8,0.4
Jacob Hollister,12051,TE,JAX,7,13,0,15,4.5,1,100.0,100.0,1,1,0.0,0,-0.2,1,0,72.1,60.9,0,7,7.1,2,28,50.0,4,85.7,24,121.9,4,16.7,1,15,6,1.5,3.8,0.63,0,7.0,0,50.0,0.0,0,1,20.0,1,-0.08,1,0,41.6,50.4,2,11,10.8,7,65,54.1,4,84.6,55,21.9,8,14.5,0,34,23,5.8,8.5,0.62
Latavius Murray,7962,HB,BLT,14,13,0,3,-1.0,0,100.0,,0,0,0.0,0,-0.21,0,0,64.7,48.2,0,3,33.3,18,54,41.2,1,64.8,35,79.2,1,2.9,0,3,4,4.0,3.0,0.09,0,0.0,0,90.0,,0,0,10.0,1,0.28,2,0,56.7,55.1,0,18,17.6,22,125,55.8,9,79.2,99,96.7,10,10.1,0,72,65,7.2,8.0,0.73
Peyton Barber,10927,HB,LV,7,13,0,23,-1.5,0,100.0,,0,0,0.0,0,0.4,1,0,68.3,60.2,0,23,14.3,3,21,57.1,2,85.7,18,118.8,2,11.1,0,26,29,14.5,13.0,1.44,0,1.2,2,66.7,,0,0,14.3,1,-1.01,2,0,49.2,65.9,0,12,11.5,3,26,30.8,6,88.5,23,72.5,9,39.1,0,32,43,7.2,5.3,1.39
Cyril Grayson,12077,WR,TB,5,13,0,30,21.6,0,80.0,,0,0,0.0,0,0.54,3,0,72.1,70.4,0,62,0.0,0,30,56.7,4,100.0,30,158.3,5,16.7,1,131,56,14.0,32.8,4.37,0,12.8,0,75.0,0.0,0,1,0.0,0,0.38,5,0,74.6,73.4,0,33,0.0,0,36,52.9,6,94.4,34,146.4,8,23.5,1,81,11,1.8,13.5,2.38
Juwann Winfree,38275,WR,GB,7,13,0,12,3.0,0,75.0,0.0,0,1,0.0,0,0.05,1,2,70.5,38.8,0,4,0.0,0,31,48.3,3,93.5,29,77.1,4,13.8,0,8,4,1.3,2.7,0.28,0,7.3,1,71.4,,0,0,0.0,0,0.28,4,0,73.4,68.1,0,12,0.0,0,39,60.5,5,97.4,38,91.4,7,18.4,0,50,29,5.8,10.0,1.32
Cam Akers,57206,HB,LA,5,13,0,26,27.0,0,0.0,,0,0,100.0,1,0.02,0,0,28.0,35.4,0,0,21.7,5,23,61.1,0,65.2,15,39.6,1,6.7,0,0,0,,,0.0,0,1.6,2,90.9,0.0,0,1,0.0,0,0.05,4,0,78.7,78.8,0,40,10.3,6,58,47.4,10,87.9,51,97.0,11,21.6,0,80,64,6.4,8.0,1.57
Dax Milne,84147,WR,WAS,13,13,0,32,9.5,0,50.0,0.0,0,3,0.0,0,-0.7,2,0,70.5,61.3,0,22,0.0,0,36,37.5,3,88.9,32,72.2,6,18.8,0,41,25,8.3,13.7,1.28,0,6.5,0,83.3,100.0,1,1,0.0,0,-0.06,1,1,73.4,50.3,0,15,0.0,0,49,40.4,5,95.9,47,86.8,6,12.8,0,29,6,1.2,5.8,0.62
Tommy Sweeney,47216,TE,BUF,13,12,0,4,8.8,0,75.0,0.0,0,1,0.0,0,0.31,2,0,70.5,57.1,0,13,14.6,6,41,54.1,3,75.6,31,95.8,4,12.9,0,30,11,3.7,10.0,0.97,0,5.3,0,71.4,,0,0,16.7,1,-0.01,0,1,45.8,33.6,1,7,15.2,14,92,40.4,5,81.5,75,34.5,7,9.3,0,13,5,1.0,2.6,0.17
Mike Thomas,10840,WR,CIN,14,12,0,7,8.3,0,75.0,50.0,1,2,0.0,0,-0.35,2,0,70.5,66.9,0,16,0.0,0,20,27.8,3,90.0,18,93.8,4,22.2,0,28,2,0.7,9.3,1.56,0,13.4,0,20.0,0.0,0,1,0.0,0,-0.26,1,0,64.7,54.6,0,19,0.0,0,44,26.2,1,95.5,42,42.9,5,11.9,0,19,8,8.0,19.0,0.45
Ronald Jones,34001,HB,TB,16,12,0,30,-2.0,1,100.0,,0,0,0.0,0,-0.07,1,0,68.3,55.1,0,15,17.9,7,39,44.4,2,76.9,30,104.2,2,6.7,0,18,22,11.0,9.0,0.6,0,-1.0,1,88.9,100.0,2,2,0.0,0,0.07,1,0,77.3,68.6,0,13,7.3,4,55,54.9,8,87.3,48,88.0,9,18.8,0,46,54,6.8,5.8,0.96
Alec Ingold,34934,FB,LV,9,12,0,23,9.5,0,0.0,0.0,0,1,100.0,1,0.34,0,0,27.9,32.2,0,0,21.1,4,19,46.7,0,57.9,11,39.6,2,18.2,0,0,0,,,0.0,0,4.6,1,100.0,,0,0,0.0,0,0.56,2,0,76.5,73.3,0,29,3.3,1,30,63.3,8,96.7,29,106.8,8,27.6,0,77,40,5.0,9.6,2.66
Jaelon Darden,61522,WR,TB,10,12,0,30,25.3,0,0.0,,0,0,,0,-1.38,0,0,,50.9,0,0,0.0,0,20,21.1,0,95.0,19,39.6,3,15.8,0,0,0,,,0.0,0,9.5,0,62.5,0.0,0,1,0.0,0,-0.08,1,0,73.4,53.3,1,29,0.0,0,36,41.7,5,100.0,36,37.0,8,22.2,0,43,22,4.4,8.6,1.19
Ty'Son Williams,38287,HB,BLT,8,12,0,3,,0,,,0,0,,0,-0.36,0,0,,53.2,0,0,20.0,3,15,35.7,0,73.3,11,0.0,0,0.0,0,0,0,,,0.0,0,2.4,0,72.7,0.0,0,1,0.0,0,-0.22,4,0,77.3,65.4,0,21,12.2,9,74,36.6,8,85.1,63,91.1,11,17.5,0,75,64,8.0,9.4,1.19
Anthony Miller,48160,WR,PIT,3,12,0,25,12.0,0,50.0,0.0,0,1,0.0,0,-1.22,1,0,64.7,61.1,0,5,0.0,0,16,31.3,1,100.0,16,56.3,2,12.5,0,5,0,0.0,5.0,0.31,0,5.9,1,44.4,0.0,0,1,0.0,0,-0.23,1,0,73.4,59.6,2,10,0.0,0,45,43.6,4,86.7,39,12.0,9,23.1,0,19,11,2.8,4.8,0.49
Blake Bell,9550,TE,KC,19,12,0,16,0.0,0,100.0,,0,0,0.0,0,-0.27,1,0,68.3,62.3,0,6,21.2,7,33,50.0,1,75.8,25,91.7,1,4.0,0,6,6,6.0,6.0,0.24,0,5.0,1,100.0,100.0,1,1,0.0,0,0.25,2,0,73.4,55.2,0,24,31.6,25,79,51.3,5,65.8,52,108.3,5,9.6,0,50,25,5.0,10.0,0.96
Penny Hart,13534,WR,SEA,16,12,0,29,4.7,0,66.7,0.0,0,1,0.0,0,-0.47,0,0,68.3,54.0,0,6,0.0,0,16,25.0,2,100.0,16,72.9,3,18.8,0,11,3,1.5,5.5,0.69,0,11.0,0,55.6,0.0,0,1,0.0,0,-0.11,3,0,74.6,67.5,0,16,0.0,0,47,45.5,5,93.6,44,70.6,9,20.5,0,48,37,7.4,9.6,1.09
Pharoh Cooper,10751,WR,NYG,8,11,0,21,7.7,0,14.3,20.0,1,5,0.0,0,-0.88,1,0,64.7,55.4,1,15,0.0,0,28,32.1,1,100.0,28,0.0,7,25.0,0,15,2,2.0,15.0,0.54,0,5.0,0,75.0,100.0,2,2,0.0,0,-0.2,0,0,70.5,53.1,0,6,0.0,0,57,39.3,3,98.2,56,83.3,4,7.1,0,18,4,1.3,6.0,0.32
Elijhaa Penny,11300,FB,NYG,16,11,0,21,-3.5,0,50.0,,0,0,0.0,0,-0.15,0,0,64.7,58.8,0,-7,36.4,4,11,40.0,1,54.5,6,56.3,2,33.3,0,-7,1,1.0,-7.0,-1.17,0,-0.8,3,87.5,,0,0,0.0,0,0.04,3,0,75.6,73.0,0,16,28.6,12,42,45.0,7,71.4,30,84.4,8,26.7,0,34,42,6.0,4.9,1.13
Patrick Ricard,48862,FB,BLT,13,11,0,3,,0,,,0,0,,0,-0.31,0,0,,49.8,0,0,54.1,20,37,37.1,0,45.9,17,0.0,0,0.0,0,0,0,,,0.0,0,1.8,1,70.0,,0,0,0.0,0,0.16,2,0,75.6,50.5,1,22,37.6,65,173,51.8,7,60.1,104,46.7,10,9.6,0,62,46,6.6,8.9,0.6
Jaret Patterson,77745,HB,WAS,14,11,0,32,-1.0,0,50.0,,0,0,0.0,0,0.51,1,0,68.3,64.2,0,9,40.0,8,20,63.2,1,55.0,11,62.5,2,18.2,0,9,10,10.0,9.0,0.82,0,-0.3,0,100.0,,0,0,0.0,0,0.09,4,0,76.5,77.9,0,12,18.2,8,44,48.8,8,75.0,33,101.0,8,24.2,0,66,68,8.5,8.3,2.0
Eric Saubert,11929,TE,DEN,16,11,0,10,,0,,,0,0,,0,-0.16,0,0,,45.0,0,0,20.0,4,20,35.3,0,65.0,13,0.0,0,0.0,0,0,0,,,0.0,0,4.0,0,66.7,,0,0,14.3,1,0.02,1,0,54.5,49.1,1,11,32.9,26,79,46.1,6,64.6,51,36.1,9,17.6,0,39,19,3.2,6.5,0.76
Keith Smith,9302,FB,ATL,16,10,0,2,,0,,,0,0,,0,-0.08,0,0,,53.7,0,0,53.3,8,15,42.9,0,46.7,7,0.0,0,0.0,0,0,0,,,0.0,0,2.6,1,85.7,,0,0,14.3,1,-0.25,3,0,49.2,62.5,0,11,34.8,23,66,44.4,6,62.1,41,93.5,7,17.1,0,45,30,5.0,7.5,1.1
Lee Smith,6311,TE,ATL,16,10,0,2,,0,,,0,0,,0,0.94,0,0,,46.3,0,0,55.6,10,18,66.7,0,44.4,8,0.0,0,0.0,0,0,0,,,0.0,0,4.8,0,100.0,,0,0,0.0,0,-0.19,2,0,74.6,79.3,0,22,70.2,59,84,41.6,6,27.4,23,106.9,6,26.1,0,58,29,4.8,9.7,2.52
Tom Kennedy,94379,WR,DET,11,10,0,11,4.5,2,100.0,,0,0,0.0,0,0.01,1,0,68.3,59.2,0,15,0.0,0,20,55.0,2,100.0,20,108.3,2,10.0,0,20,11,5.5,10.0,1.0,0,11.0,1,75.0,,0,0,0.0,0,0.02,1,0,72.1,56.4,0,8,0.0,0,61,48.3,3,93.4,57,88.5,4,7.0,0,23,6,2.0,7.7,0.4
D'Onta Foreman,11844,HB,TEN,10,10,0,31,-4.0,0,100.0,,0,0,0.0,0,0.03,2,0,70.5,73.0,0,39,33.3,9,27,44.4,3,66.7,18,118.8,3,16.7,0,57,69,23.0,19.0,3.17,0,-0.3,2,83.3,,0,0,16.7,1,0.19,3,0,45.8,64.1,0,15,18.9,10,53,47.2,5,81.1,43,100.0,6,14.0,0,48,47,9.4,9.6,1.12
Luke Farrell,42353,TE,JAX,14,10,0,15,,0,,,0,0,,0,-0.25,0,0,27.9,39.3,0,0,10.3,4,39,40.0,0,79.5,31,0.0,0,0.0,0,0,0,,,0.0,0,7.3,0,66.7,,0,0,14.3,1,-0.01,3,1,49.2,45.7,1,21,14.9,10,67,55.4,6,82.1,55,40.7,9,16.4,0,49,22,3.7,8.2,0.89
Godwin Igwebuike,49166,HB,DET,10,10,0,11,,0,,,0,0,,0,0.01,0,0,,53.7,0,0,27.3,3,11,45.5,0,72.7,8,0.0,0,0.0,0,0,0,,,0.0,0,0.4,4,87.5,,0,0,0.0,0,0.13,4,0,75.6,64.3,0,18,6.4,3,47,48.9,7,89.4,42,97.9,8,19.0,0,60,61,8.7,8.6,1.43
Greg Ward,12258,WR,PHI,17,10,0,24,7.3,0,66.7,100.0,1,1,0.0,0,-0.62,1,0,68.3,52.6,0,15,0.0,0,49,22.7,2,85.7,42,120.8,3,7.1,1,17,0,0.0,8.5,0.4,0,13.6,1,100.0,100.0,1,1,0.0,0,0.15,3,0,73.4,63.2,0,27,1.1,1,89,54.1,5,94.4,84,158.3,5,6.0,2,78,14,2.8,15.6,0.93
KJ Hamler,61590,WR,DEN,3,10,0,10,11.0,0,100.0,,0,0,0.0,0,0.37,2,0,68.3,72.9,0,28,0.0,0,18,55.6,2,100.0,18,118.8,2,11.1,0,37,15,7.5,18.5,2.06,0,17.2,0,50.0,0.0,0,1,0.0,0,0.19,2,0,70.5,67.2,0,22,0.0,0,31,43.3,3,96.8,30,69.4,6,20.0,0,37,1,0.3,12.3,1.23
Alex Collins,10805,HB,SEA,11,9,0,29,-6.5,2,100.0,,0,0,0.0,0,0.23,0,0,68.3,62.0,0,8,33.3,10,30,48.1,2,56.7,17,79.2,2,11.8,0,5,18,9.0,2.5,0.29,0,0.1,1,100.0,,0,0,0.0,0,0.16,3,1,75.6,49.6,0,28,13.8,12,87,51.8,7,82.8,72,115.5,7,9.7,0,82,81,11.6,11.7,1.14
Chris Manhertz,10211,TE,JAX,17,9,0,15,5.7,0,33.3,0.0,0,1,0.0,0,-0.42,0,0,64.7,55.0,0,9,46.8,22,47,34.2,1,42.6,20,42.4,3,15.0,0,9,7,7.0,9.0,0.45,0,8.2,0,80.0,,0,0,0.0,0,-0.03,3,0,72.1,49.0,0,22,34.8,40,115,52.3,4,61.7,71,148.8,5,7.0,1,51,18,4.5,12.8,0.72
Eno Benjamin,57136,HB,ARZ,8,9,0,1,,0,,,0,0,,0,-0.83,0,0,,55.3,0,0,42.9,3,7,0.0,0,57.1,4,0.0,0,0.0,0,0,0,,,0.0,0,-0.2,4,83.3,50.0,1,2,0.0,0,0.29,5,0,73.4,84.0,0,13,11.4,4,35,61.8,5,88.6,31,101.4,6,19.4,0,50,54,10.8,10.0,1.61
Ke'Shawn Vaughn,45866,HB,TB,7,9,0,30,-1.5,0,50.0,,0,0,50.0,1,0.06,0,0,28.8,34.3,0,5,25.0,10,40,52.6,1,72.5,29,56.3,2,6.9,0,5,5,5.0,5.0,0.17,0,1.4,0,60.0,,0,0,25.0,1,-0.01,1,0,36.2,40.4,0,8,16.2,6,37,45.9,3,83.8,31,68.8,5,16.1,0,20,19,6.3,6.7,0.65
Shi Smith,61643,WR,CAR,6,9,0,5,,0,,,0,0,,0,-0.77,0,0,,53.5,0,0,0.0,0,14,21.4,0,100.0,14,0.0,0,0.0,0,0,0,,,0.0,0,11.6,1,57.1,0.0,0,1,0.0,0,-0.53,3,0,72.1,64.4,0,63,0.0,0,44,38.6,4,100.0,44,101.8,7,15.9,0,102,59,14.8,25.5,2.32
Christian Blake,47900,WR,ATL,10,9,0,2,7.0,0,50.0,0.0,0,1,0.0,0,-0.61,1,0,64.7,63.4,0,6,0.0,0,14,36.4,1,78.6,11,56.3,2,18.2,0,6,1,1.0,6.0,0.55,0,12.0,0,25.0,0.0,0,2,0.0,0,-0.53,0,0,64.7,51.2,0,6,0.0,0,37,41.2,1,91.9,34,39.6,4,11.8,0,6,0,0.0,6.0,0.18
Derrick Gore,32342,HB,KC,9,9,0,16,-3.0,0,100.0,,0,0,0.0,0,0.45,2,0,68.3,71.5,0,16,11.1,1,9,62.5,2,77.8,7,114.6,2,28.6,0,23,29,14.5,11.5,3.29,0,2.5,3,83.3,,0,0,0.0,0,0.08,1,0,73.4,76.3,0,50,3.1,1,32,48.3,5,90.6,29,118.8,6,20.7,0,79,59,11.8,15.8,2.72
Amari Rodgers,61212,WR,GB,11,8,0,12,2.5,0,0.0,0.0,0,1,,0,-0.79,0,0,,50.5,0,0,0.0,0,15,21.4,0,93.3,14,39.6,2,14.3,0,0,0,,,0.0,0,5.0,1,66.7,,0,0,20.0,1,0.52,2,0,41.6,65.1,1,19,4.2,1,24,63.6,4,87.5,21,49.3,6,28.6,0,45,25,6.3,11.3,2.14
Will Fuller V,10655,WR,MIA,2,8,0,17,,0,,,0,0,,0,0.79,0,0,28.8,53.0,0,0,0.0,0,15,58.3,0,80.0,12,0.0,0,0.0,0,0,0,,,0.0,0,17.6,1,42.9,50.0,1,2,25.0,1,-0.22,2,0,42.1,62.9,0,10,0.0,0,30,37.9,3,96.7,29,50.3,7,24.1,0,18,11,3.7,6.0,0.62
Dez Fitzpatrick,42349,WR,TEN,4,8,0,31,12.8,0,66.7,50.0,1,2,0.0,0,0.11,3,0,72.1,77.6,2,18,0.0,0,20,55.0,4,100.0,20,83.3,6,30.0,1,37,3,0.8,9.3,1.85,0,21.0,0,50.0,,0,0,0.0,0,-0.02,1,0,64.7,55.7,0,12,0.0,0,31,45.2,1,100.0,31,68.8,2,6.5,0,12,2,2.0,12.0,0.39
Reggie Gilliam,40951,FB,BUF,16,8,0,4,3.0,0,0.0,,0,0,,0,0.42,0,0,,49.5,0,0,31.8,7,22,57.9,0,59.1,13,39.6,1,7.7,0,0,0,,,0.0,0,3.6,0,80.0,0.0,0,1,0.0,0,0.4,0,0,72.1,65.4,0,8,15.2,5,33,59.4,4,81.8,27,89.2,5,18.5,0,27,26,6.5,6.8,1.0
Craig Reynolds,94383,HB,DET,5,8,0,11,8.0,0,0.0,0.0,0,1,,0,-0.88,0,0,,54.8,0,0,20.0,2,10,22.2,0,80.0,8,39.6,1,12.5,0,0,0,,,0.0,0,-2.0,2,100.0,,0,0,0.0,0,0.14,2,0,73.4,66.5,0,14,13.9,5,36,52.8,5,86.1,31,96.7,5,16.1,0,36,46,9.2,7.2,1.16
Kristian Wilkerson,28729,WR,NE,2,8,0,19,24.3,0,33.3,,0,0,0.0,0,0.63,1,0,64.7,60.9,0,20,0.0,0,13,75.0,1,92.3,12,97.2,3,25.0,1,20,0,0.0,20.0,1.67,0,14.8,1,50.0,0.0,0,2,33.3,1,0.48,0,0,29.9,53.0,0,9,0.0,0,18,70.6,2,94.4,17,60.4,4,23.5,0,16,5,2.5,8.0,0.94
Jeff Wilson Jr.,29413,HB,SF,10,8,0,28,3.0,0,0.0,,0,0,,0,0.48,0,0,64.7,52.9,0,0,27.3,6,22,42.1,0,59.1,13,39.6,1,7.7,0,0,0,,,0.0,0,-2.2,0,100.0,,0,0,0.0,0,0.34,1,0,75.6,58.0,0,11,15.2,10,66,61.9,6,81.8,54,86.1,6,11.1,0,28,41,6.8,4.7,0.52
Curtis Samuel,11795,WR,WAS,5,8,0,32,5.0,1,50.0,,0,0,0.0,0,-0.23,1,0,64.7,66.1,0,10,0.0,0,9,44.4,1,100.0,9,64.6,2,22.2,0,10,9,9.0,10.0,1.11,0,-0.3,0,83.3,0.0,0,1,0.0,0,0.01,3,0,73.4,65.6,1,9,0.0,0,28,50.0,5,92.9,26,39.6,6,23.1,0,17,34,6.8,3.4,0.65
Jesse James,9593,TE,CHI,13,8,0,6,12.5,0,100.0,,0,0,0.0,0,0.39,2,0,68.3,74.3,0,19,37.8,14,37,54.5,2,56.8,21,158.3,2,9.5,1,27,5,2.5,13.5,1.29,0,3.8,1,100.0,,0,0,0.0,0,-0.07,1,0,73.4,53.1,0,11,22.9,19,83,41.3,5,77.1,64,95.8,5,7.8,0,35,16,3.2,7.0,0.55
Corey Clement,12253,HB,DAL,7,7,0,9,,0,,,0,0,,0,0.31,0,0,,56.7,0,0,0.0,0,3,33.3,0,100.0,3,0.0,0,0.0,0,0,0,,,0.0,0,1.5,0,75.0,0.0,0,1,25.0,1,-0.06,0,0,36.2,42.8,0,7,14.3,3,21,47.1,3,66.7,14,79.2,4,28.6,0,14,9,3.0,4.7,1.0
Chris Herndon,47164,TE,MIN,16,7,0,18,,0,,,0,0,,0,-0.52,0,0,,50.9,0,0,8.3,1,12,33.3,0,75.0,9,0.0,0,0.0,0,0,0,,,0.0,0,4.6,0,60.0,,0,0,25.0,1,0.16,3,0,36.2,51.4,0,17,5.5,4,73,52.1,3,91.8,67,83.8,5,7.5,0,38,29,9.7,12.7,0.57
Charlie Woerner,42257,TE,SF,19,7,0,28,5.0,0,0.0,0.0,0,2,,0,-0.51,0,0,,51.1,0,0,18.8,3,16,23.1,0,62.5,10,39.6,2,20.0,0,0,0,,,0.0,0,11.0,0,100.0,,0,0,0.0,0,0.29,2,0,70.5,59.8,0,27,22.2,16,72,55.7,3,76.4,55,118.8,3,5.5,0,41,8,2.7,13.7,0.75
Willie Snead IV,8999,WR,CAR,9,7,0,5,11.5,0,0.0,,0,0,100.0,1,-0.91,0,0,27.9,43.2,0,0,0.0,0,8,14.3,0,87.5,7,39.6,2,28.6,0,0,0,,,0.0,0,7.5,0,100.0,,0,0,0.0,0,0.09,1,0,68.3,60.6,0,15,0.0,0,21,47.6,2,100.0,21,110.4,2,9.5,0,21,6,3.0,10.5,1.0
Matt Breida,12271,HB,BUF,7,7,0,4,4.0,0,100.0,,0,0,0.0,0,0.08,0,0,64.7,57.3,0,6,12.5,1,8,50.0,1,87.5,7,91.7,1,14.3,0,6,2,2.0,6.0,0.86,0,4.0,0,100.0,,0,0,0.0,0,-0.03,3,0,72.1,81.2,0,23,10.3,3,29,51.9,4,82.8,24,155.2,4,16.7,2,47,34,8.5,11.8,1.96
Colby Parkinson,52266,TE,SEA,11,7,0,29,,0,,,0,0,,0,-0.05,0,0,,47.8,0,0,23.5,4,17,37.5,0,76.5,13,0.0,0,0.0,0,0,0,,,0.0,0,2.6,1,100.0,100.0,1,1,0.0,0,-0.05,2,0,73.4,63.0,0,12,31.4,16,51,44.9,5,66.7,34,94.2,5,14.7,0,33,20,4.0,6.6,0.97
Rashaad Penny,27414,HB,SEA,10,7,0,29,-2.0,0,100.0,,0,0,0.0,0,0.45,1,0,64.7,59.9,0,4,28.0,7,25,50.0,1,72.0,18,83.3,1,5.6,0,4,6,6.0,4.0,0.22,0,-2.5,4,83.3,,0,0,16.7,1,-0.13,2,0,46.3,50.1,0,27,17.1,13,76,44.0,5,81.6,62,97.2,6,9.7,0,44,57,11.4,8.8,0.71
Tony Jones Jr.,40498,HB,NO,9,7,0,20,0.5,0,50.0,0.0,0,1,0.0,0,0.27,1,0,64.7,61.3,0,19,32.0,8,25,52.0,1,68.0,17,83.3,2,11.8,0,19,23,23.0,19.0,1.12,0,1.3,0,75.0,,0,0,0.0,0,0.06,0,0,70.5,56.4,0,6,18.9,7,37,54.3,3,75.7,28,77.1,4,14.3,0,7,3,1.0,2.3,0.25
Cody Hollister,12052,WR,TEN,3,7,0,31,2.7,1,66.7,0.0,0,1,0.0,0,-0.02,2,0,68.3,63.0,0,8,0.0,0,25,41.7,2,96.0,24,75.7,3,12.5,0,13,11,5.5,6.5,0.54,0,18.0,0,50.0,0.0,0,1,0.0,0,-0.47,2,0,68.3,56.8,1,14,0.0,0,36,34.3,2,97.2,35,25.0,4,11.4,0,20,8,4.0,10.0,0.57
Kalen Ballage,45741,HB,PIT,10,7,0,25,0.5,0,0.0,0.0,0,1,100.0,1,-0.7,0,0,27.9,29.7,0,0,36.8,7,19,23.5,0,57.9,11,39.6,2,18.2,0,0,0,,,0.0,0,0.0,0,25.0,,0,0,50.0,1,-0.43,0,0,28.8,37.0,1,6,15.4,6,39,39.5,1,82.1,32,0.0,4,12.5,0,6,4,4.0,6.0,0.19
Tre' McKitty,60896,TE,LAC,10,7,0,27,3.0,0,100.0,,0,0,0.0,0,0.31,1,0,64.7,55.0,0,12,23.1,6,26,71.4,1,69.2,18,116.7,1,5.6,0,12,9,9.0,12.0,0.67,0,2.7,1,100.0,,0,0,0.0,0,0.34,1,0,70.5,53.5,0,8,31.8,14,44,60.5,3,68.2,30,97.2,3,10.0,0,22,14,4.7,7.3,0.73
Jason Cabinda,50714,FB,DET,13,7,0,11,1.0,0,0.0,,0,0,100.0,1,-0.8,0,0,27.9,30.9,0,0,25.0,2,8,37.5,0,75.0,6,39.6,1,16.7,0,0,0,,,0.0,0,0.2,0,60.0,,0,0,0.0,0,-0.38,1,0,70.5,48.9,0,4,17.5,7,40,35.1,3,75.0,30,64.6,5,16.7,0,10,5,1.7,3.3,0.33
Keith Kirkwood,48017,WR,CAR,3,7,0,5,4.0,0,0.0,0.0,0,1,,0,0.95,0,0,,57.6,0,0,0.0,0,3,33.3,0,100.0,3,39.6,1,33.3,0,0,0,,,0.0,0,9.4,1,60.0,0.0,0,1,0.0,0,0.16,1,0,70.5,56.5,0,7,0.0,0,34,43.8,3,94.1,32,66.3,5,15.6,0,17,16,5.3,5.7,0.53
Le'Veon Bell,7829,HB,TB,8,7,0,30,-0.3,0,66.7,,0,0,0.0,0,0.18,2,0,68.3,69.9,0,15,44.4,20,45,50.0,2,55.6,25,95.1,3,12.0,0,27,24,12.0,13.5,1.08,0,1.3,0,66.7,,0,0,33.3,1,0.26,0,0,29.9,40.3,0,3,21.7,13,60,54.2,2,76.7,46,70.1,3,6.5,0,2,0,0.0,1.0,0.04
Darrell Daniels,12122,TE,ARZ,16,6,0,1,,0,,,0,0,,0,-0.45,0,0,,48.4,0,0,35.0,7,20,11.1,0,55.0,11,0.0,0,0.0,0,0,0,,,0.0,0,4.5,0,50.0,0.0,0,1,33.3,1,0.12,0,0,36.2,36.0,0,2,29.9,23,77,57.5,2,66.2,51,56.3,4,7.8,0,2,8,4.0,1.0,0.04
C.J. Board,12088,WR,NYG,6,6,0,21,36.0,0,100.0,100.0,1,1,0.0,0,-0.21,1,0,68.3,59.3,0,38,0.0,0,15,33.3,1,80.0,12,118.8,1,8.3,0,38,2,2.0,38.0,3.17,0,15.3,1,50.0,0.0,0,1,0.0,0,-0.48,1,0,68.3,56.7,1,5,0.0,0,34,25.8,2,91.2,31,16.7,4,12.9,0,7,10,5.0,3.5,0.23
Parker Hesse,48369,TE,ATL,8,6,0,2,,0,,,0,0,,0,-0.75,0,0,,54.8,0,0,33.3,3,9,42.9,0,55.6,5,0.0,0,0.0,0,0,0,,,0.0,0,3.6,0,80.0,0.0,0,1,0.0,0,-0.79,2,0,72.1,60.9,0,17,15.9,7,44,35.7,4,79.5,35,99.2,5,14.3,0,39,21,5.3,9.8,1.11
Chris Carson,12004,HB,SEA,4,6,0,29,-9.0,0,100.0,,0,0,0.0,0,0.2,0,0,64.7,56.3,0,-3,11.1,1,9,44.4,1,88.9,8,79.2,1,12.5,0,-3,6,6.0,-3.0,-0.38,0,1.7,2,100.0,,0,0,0.0,0,0.33,1,0,72.1,56.0,0,16,10.9,5,46,43.2,3,84.8,39,101.4,3,7.7,0,25,20,6.7,8.3,0.64
Chris Hogan,6468,WR,NO,5,6,0,20,8.0,0,50.0,,0,0,0.0,0,-0.44,0,0,64.7,64.2,0,9,0.0,0,12,33.3,1,100.0,12,62.5,2,16.7,0,9,4,4.0,9.0,0.75,0,8.7,0,66.7,,0,0,0.0,0,-0.39,1,0,68.3,63.3,0,16,0.0,0,15,42.9,2,93.3,14,88.2,3,21.4,0,22,9,4.5,11.0,1.57
Travis Benjamin,7100,WR,SF,10,6,0,28,,0,,,0,0,,0,-0.44,0,0,,57.8,0,0,0.0,0,2,0.0,0,50.0,1,0.0,0,0.0,0,0,0,,,0.0,0,19.4,0,20.0,0.0,0,1,50.0,1,0.01,1,0,28.8,53.1,1,17,0.0,0,21,33.3,1,100.0,21,1.7,5,23.8,0,17,5,5.0,17.0,0.81
Sean McKeon,42266,TE,DAL,9,6,0,9,8.0,0,50.0,0.0,0,1,0.0,0,0.12,1,0,64.7,64.4,0,12,33.3,2,6,33.3,1,66.7,4,68.8,2,50.0,0,12,2,2.0,12.0,3.0,0,3.5,1,100.0,,0,0,0.0,0,0.54,1,0,68.3,58.7,0,10,31.3,10,32,53.3,2,62.5,20,133.3,2,10.0,1,13,6,3.0,6.5,0.65
Dominique Dafney,62825,TE,GB,11,6,0,12,,0,,,0,0,,0,0.07,0,0,,49.4,0,0,40.0,8,20,57.9,0,55.0,11,0.0,0,0.0,0,0,0,,,0.0,0,1.0,0,50.0,,0,0,0.0,0,0.28,2,0,68.3,60.0,0,26,2.6,1,39,57.9,2,94.9,37,79.2,4,10.8,0,34,31,15.5,17.0,0.92
Benny Snell Jr.,45954,HB,PIT,14,6,0,25,-2.0,0,100.0,,0,0,0.0,0,0.35,1,0,64.7,54.1,0,5,25.0,5,20,57.9,1,75.0,15,87.5,1,6.7,0,5,7,7.0,5.0,0.33,0,-2.0,0,50.0,,0,0,0.0,0,0.29,0,0,68.3,57.0,0,6,9.8,4,41,52.6,1,82.9,34,56.3,2,5.9,0,6,10,10.0,6.0,0.18
Cody White,61448,WR,PIT,7,6,0,25,20.0,0,0.0,,0,0,100.0,1,0.59,0,0,27.9,40.5,0,0,0.0,0,5,40.0,0,100.0,5,39.6,1,20.0,0,0,0,,,0.0,0,3.5,0,100.0,,0,0,0.0,0,0.62,3,0,72.1,64.0,0,11,0.0,0,27,69.2,4,96.3,26,94.8,4,15.4,0,27,13,3.3,6.8,1.04
Tyree Jackson,46481,TE,PHI,8,6,0,24,5.5,0,50.0,0.0,0,1,50.0,1,0.09,1,0,28.9,49.2,0,3,4.5,1,22,47.6,1,90.9,20,95.8,2,10.0,1,3,4,4.0,3.0,0.15,0,12.0,0,50.0,0.0,0,2,0.0,0,0.09,1,0,68.3,49.7,0,13,13.0,6,46,52.3,2,82.6,38,63.5,4,10.5,0,19,2,1.0,9.5,0.5
David Sills V,34579,WR,NYG,4,6,0,21,8.5,0,0.0,,0,0,100.0,1,-1.79,0,0,27.9,44.9,1,0,4.8,1,21,21.1,0,85.7,18,0.0,2,11.1,0,0,0,,,0.0,0,8.3,0,50.0,,0,0,0.0,0,-0.01,1,0,68.3,61.0,0,12,0.0,0,21,45.0,2,95.2,20,61.5,4,20.0,0,17,1,0.5,8.5,0.85
Ihmir Smith-Marsette,61324,WR,MIN,6,6,0,18,26.3,0,66.7,0.0,0,1,0.0,0,-0.2,2,0,68.3,71.4,0,40,0.0,0,21,27.8,2,85.7,18,109.7,3,16.7,0,59,5,2.5,29.5,3.28,0,4.0,0,100.0,,0,0,0.0,0,-0.25,0,0,64.7,51.2,0,6,0.0,0,31,35.5,1,100.0,31,91.7,1,3.2,0,6,2,2.0,6.0,0.19
Jakob Johnson,32565,FB,NE,17,6,0,19,2.0,1,100.0,,0,0,0.0,0,-0.14,1,0,64.7,58.9,0,29,20.7,6,29,40.7,1,75.9,22,118.8,1,4.5,0,29,27,27.0,29.0,1.32,0,1.7,0,66.7,,0,0,0.0,0,0.03,1,0,68.3,53.3,0,9,22.0,11,50,54.2,2,74.0,37,74.3,3,8.1,0,12,6,3.0,6.0,0.32
Chris Myarick,47358,TE,NYG,8,6,0,21,,0,,,0,0,,0,-1.19,0,0,,52.9,0,0,60.0,3,5,25.0,0,20.0,1,0.0,0,0.0,0,0,0,,,0.0,0,3.2,0,40.0,,0,0,50.0,2,-0.18,1,0,27.3,41.6,1,10,32.3,10,31,41.9,2,67.7,21,9.2,5,23.8,0,16,7,3.5,8.0,0.76
D.J. Montgomery,55003,WR,NYJ,3,6,0,22,7.5,0,50.0,50.0,1,2,0.0,0,-1.09,0,0,64.7,55.7,0,8,0.0,0,11,20.0,1,90.9,10,60.4,2,20.0,0,8,0,0.0,8.0,0.8,0,6.0,0,66.7,0.0,0,1,0.0,0,0.1,2,0,68.3,57.8,0,14,0.0,0,26,36.0,2,96.2,25,96.5,3,12.0,0,28,15,7.5,14.0,1.12
Joshua Kelley,13750,HB,LAC,10,6,0,27,,0,,,0,0,,0,0.5,0,0,,52.2,0,0,27.3,6,22,47.4,0,59.1,13,0.0,0,0.0,0,0,0,,,0.0,0,4.0,1,75.0,,0,0,0.0,0,0.29,1,0,70.5,56.8,0,14,18.6,11,59,49.2,3,81.4,48,88.5,4,8.3,0,23,12,4.0,7.7,0.48
Taysom Hill,12112,QB,NO,12,6,0,20,0.0,1,100.0,,0,0,0.0,0,0.41,2,0,68.3,67.8,0,11,0.0,0,66,50.8,2,31.8,21,112.5,2,9.5,0,22,22,11.0,11.0,1.05,0,7.3,0,50.0,0.0,0,1,0.0,0,-0.18,2,1,68.3,59.5,1,15,1.5,2,137,46.3,2,20.4,28,35.4,4,14.3,0,30,23,11.5,15.0,1.07
Jody Fortson,94384,TE,KC,6,5,0,16,24.0,0,100.0,100.0,1,1,0.0,0,0.03,1,0,64.7,77.7,0,27,0.0,0,8,42.9,1,87.5,7,118.8,1,14.3,0,27,3,3.0,27.0,3.86,0,5.5,0,100.0,,0,0,0.0,0,0.19,0,0,68.3,52.1,0,11,8.0,2,25,58.3,2,88.0,22,100.0,2,9.1,0,16,5,2.5,8.0,0.73
Trenton Irwin,48080,WR,CIN,7,5,0,7,19.5,0,50.0,0.0,0,1,0.0,0,0.35,1,0,64.7,66.5,0,25,0.0,0,17,50.0,1,94.1,16,95.8,2,12.5,0,25,0,0.0,25.0,1.56,0,14.7,0,33.3,0.0,0,1,0.0,0,0.42,0,0,64.7,51.6,0,9,0.0,0,32,46.7,1,93.8,30,42.4,3,10.0,0,9,3,3.0,9.0,0.3
Mitchell Wilcox,47234,TE,CIN,12,5,0,7,8.0,0,0.0,0.0,0,1,,0,0.11,0,0,,47.0,0,0,7.1,1,14,30.8,0,85.7,12,39.6,1,8.3,0,0,0,,,0.0,0,2.3,1,66.7,,0,0,0.0,0,-0.26,0,0,68.3,51.9,0,8,0.0,0,23,30.4,2,100.0,23,75.7,3,13.0,0,13,7,3.5,6.5,0.57
Cameron Batson,47669,WR,TEN,3,5,0,31,,0,,,0,0,,0,0.34,0,0,,53.9,0,0,0.0,0,10,55.6,0,90.0,9,0.0,0,0.0,0,0,0,,,0.0,0,23.3,0,25.0,0.0,0,1,0.0,0,-0.15,1,0,64.7,60.1,0,13,0.0,0,19,52.9,1,89.5,17,40.6,4,23.5,0,13,0,0.0,13.0,0.76
Racey McMath,61401,WR,TEN,10,5,0,31,-4.0,0,100.0,,0,0,0.0,0,-0.58,0,0,64.7,61.4,0,9,0.0,0,17,29.4,1,100.0,17,104.2,1,5.9,0,9,13,13.0,9.0,0.53,0,14.8,0,25.0,,0,0,0.0,0,-0.37,0,1,64.7,41.6,0,-1,0.0,0,28,34.6,1,92.9,26,39.6,4,15.4,0,-1,-4,-4.0,-1.0,-0.04
Jack Stoll,42058,TE,PHI,17,5,0,24,-2.0,0,100.0,,0,0,0.0,0,0.34,0,0,68.3,52.6,0,9,44.4,12,27,55.6,2,55.6,15,93.8,2,13.3,0,13,17,8.5,6.5,0.87,0,8.0,0,50.0,,0,0,0.0,0,0.27,0,0,64.7,40.9,0,7,29.7,22,74,52.1,1,67.6,50,58.3,2,4.0,0,7,3,3.0,7.0,0.14
Tyler Davis,47743,TE,GB,11,5,0,12,16.0,0,0.0,,0,0,100.0,1,-0.04,0,0,28.0,30.2,0,0,36.4,4,11,60.0,0,63.6,7,39.6,1,14.3,0,0,0,,,0.0,0,5.3,0,100.0,,0,0,0.0,0,0.24,1,0,72.1,56.3,0,22,14.0,7,50,52.1,4,82.0,41,103.1,4,9.8,0,35,14,3.5,8.8,0.85
Rodney Smith,26306,HB,CAR,2,5,0,5,2.0,0,100.0,,0,0,0.0,0,-0.7,1,0,64.7,65.9,0,17,31.3,5,16,33.3,1,62.5,10,118.8,1,10.0,0,17,15,15.0,17.0,1.7,0,2.8,1,100.0,,0,0,0.0,0,-0.28,1,0,72.1,74.4,0,15,5.3,1,19,36.8,4,94.7,18,99.0,4,22.2,0,31,20,5.0,7.8,1.72
J.J. Arcega-Whiteside,35014,WR,PHI,12,5,0,24,2.0,0,100.0,,0,0,0.0,0,-0.03,1,0,64.7,59.3,0,13,10.0,2,20,38.9,1,80.0,16,118.8,1,6.3,0,13,11,11.0,13.0,0.81,0,10.3,0,25.0,0.0,0,1,66.7,2,0.09,1,0,26.5,42.8,1,23,15.2,7,46,46.7,1,82.6,38,11.5,4,10.5,0,23,17,17.0,23.0,0.61
Jake Kumerow,9883,WR,BUF,16,5,0,4,28.0,0,0.0,,0,0,100.0,1,0.26,0,0,28.0,44.2,0,0,0.0,0,19,47.4,0,100.0,19,39.6,1,5.3,0,0,0,,,0.0,0,17.5,0,50.0,0.0,0,1,0.0,0,0.24,2,0,68.3,64.0,0,15,3.4,1,29,46.4,2,93.1,27,72.9,4,14.8,0,28,8,4.0,14.0,1.04
Antony Auclair,24606,TE,HST,16,5,0,13,12.0,0,100.0,,0,0,0.0,0,-0.16,1,0,64.7,56.9,0,11,35.5,11,31,37.9,1,58.1,18,152.1,1,5.6,1,11,0,0.0,11.0,0.61,0,2.5,2,100.0,,0,0,0.0,0,-0.02,1,0,72.1,63.9,0,15,56.4,44,78,46.6,4,43.6,34,104.2,4,11.8,0,36,26,6.5,9.0,1.06
Ross Dwelley,20994,TE,SF,12,5,0,28,12.0,0,0.0,,0,0,,0,-0.45,0,0,,47.8,0,0,11.5,3,26,30.4,0,80.8,21,39.6,1,4.8,0,0,0,,,0.0,0,12.0,0,100.0,100.0,1,1,0.0,0,0.04,2,0,72.1,58.2,0,21,15.1,8,53,40.8,4,79.2,42,158.3,4,9.5,1,51,4,1.0,12.8,1.21
Tylan Wallace,61577,WR,BLT,10,5,0,3,4.5,2,50.0,,0,0,0.0,0,0.67,1,0,64.7,63.6,0,18,0.0,0,11,63.6,1,100.0,11,81.3,2,18.2,0,18,13,13.0,18.0,1.64,0,19.0,0,0.0,,0,0,,0,0.12,0,0,,49.7,0,0,2.6,1,39,59.5,0,92.3,36,39.6,1,2.8,0,0,0,,,0.0
Marcus Kemp,12137,WR,KC,17,5,0,16,,0,,,0,0,,0,1.11,0,0,,51.6,0,0,0.0,0,12,81.8,0,91.7,11,0.0,0,0.0,0,0,0,,,0.0,0,12.0,0,50.0,,0,0,0.0,0,0.11,0,0,64.7,52.7,0,8,0.0,0,19,55.6,1,94.7,18,60.4,2,11.1,0,8,2,2.0,8.0,0.44
Qadree Ollison,45934,HB,ATL,6,5,0,2,,0,,,0,0,,0,-0.03,0,0,,55.4,0,0,60.0,6,10,44.4,0,30.0,3,0.0,0,0.0,0,0,0,,,0.0,0,-0.5,1,75.0,,0,0,25.0,1,-0.4,1,0,36.8,44.2,0,8,46.9,15,32,46.9,3,53.1,17,77.1,4,23.5,0,8,7,2.3,2.7,0.47
Duke Johnson Jr.,9510,HB,MIA,5,5,0,17,0.0,0,100.0,,0,0,0.0,0,-0.45,0,0,64.7,53.7,0,6,5.3,1,19,31.6,1,94.7,18,91.7,1,5.6,0,6,6,6.0,6.0,0.33,0,-1.3,2,75.0,,0,0,25.0,1,0.24,3,0,36.2,56.5,0,20,23.8,10,42,47.5,3,73.8,31,101.0,4,12.9,0,35,43,14.3,11.7,1.13
Phillip Lindsay,12660,HB,MIA,14,5,0,17,-4.0,0,50.0,,0,0,50.0,1,0.06,1,0,28.9,41.1,0,22,26.3,5,19,38.9,1,68.4,13,129.2,2,15.4,1,22,26,26.0,22.0,1.69,0,-1.3,1,100.0,,0,0,0.0,0,0.06,0,0,72.1,65.8,0,9,16.7,6,36,56.3,3,72.2,26,98.6,3,11.5,0,23,27,9.0,7.7,0.88
Kevin White,9440,WR,NO,5,5,0,20,29.7,0,33.3,,0,0,50.0,1,0.68,1,0,28.9,61.9,0,38,0.0,0,11,60.0,1,90.9,10,81.9,3,30.0,0,38,8,8.0,38.0,3.8,0,33.0,0,0.0,,0,0,,0,-0.61,0,0,,52.3,0,0,0.0,0,17,29.4,0,100.0,17,39.6,1,5.9,0,0,0,,,0.0
Jermar Jefferson,83740,HB,DET,5,5,0,11,,0,,,0,0,,0,-0.52,0,0,,58.9,0,0,0.0,0,2,50.0,0,100.0,2,0.0,0,0.0,0,0,0,,,0.0,0,-0.5,0,75.0,,0,0,0.0,0,-0.21,1,0,70.5,70.0,0,7,10.0,1,10,50.0,3,90.0,9,77.1,4,44.4,0,12,14,4.7,4.0,1.33
Darren Fells,8549,TE,TB,9,5,0,30,7.3,1,66.7,,0,0,0.0,0,-0.35,2,0,68.3,69.9,0,24,21.1,4,19,44.4,2,73.7,14,106.3,3,21.4,0,35,22,11.0,17.5,2.5,0,1.0,0,100.0,,0,0,0.0,0,-0.04,0,0,64.7,46.2,0,2,20.0,9,45,43.6,1,68.9,31,79.2,1,3.2,0,2,1,1.0,2.0,0.06
Shane Zylstra,143786,TE,DET,3,5,0,11,5.0,0,0.0,0.0,0,1,,0,-0.47,0,0,,53.2,0,0,14.3,1,7,28.6,0,85.7,6,39.6,1,16.7,0,0,0,,,0.0,0,14.0,0,66.7,,0,0,0.0,0,0.13,2,0,68.3,64.0,0,16,3.8,1,26,52.0,2,92.3,24,99.3,3,12.5,0,30,6,3.0,15.0,1.25
Kene Nwangwu,40547,HB,MIN,4,5,0,18,,0,,,0,0,,0,3.11,0,0,,59.5,0,0,0.0,0,1,100.0,0,100.0,1,0.0,0,0.0,0,0,0,,,0.0,0,-0.8,0,75.0,,0,0,0.0,0,0.23,0,0,70.5,64.9,0,6,11.1,1,9,55.6,3,88.9,8,77.1,4,50.0,0,10,17,5.7,3.3,1.25
Tommy Hudson,47412,TE,TEN,4,5,0,31,,0,,,0,0,,0,-0.87,0,0,,57.2,0,0,25.0,1,4,0.0,0,75.0,3,0.0,0,0.0,0,0,0,,,0.0,0,5.8,0,50.0,100.0,1,1,0.0,0,-0.58,1,0,68.3,77.4,1,14,41.2,7,17,50.0,2,58.8,10,21.9,4,40.0,0,17,10,5.0,8.5,1.7
Brycen Hopkins,47338,TE,LA,5,5,0,26,3.0,0,100.0,,0,0,0.0,0,0.64,1,0,64.7,56.8,0,9,9.5,2,21,55.6,1,76.2,16,104.2,1,6.3,0,9,6,6.0,9.0,0.56,0,4.0,1,100.0,,0,0,0.0,0,0.1,2,0,70.5,74.0,0,16,12.5,3,24,57.1,3,75.0,18,109.7,3,16.7,0,31,19,6.3,10.3,1.72
Jonathan Williams,10790,HB,WAS,5,5,0,32,0.0,0,66.7,,0,0,0.0,0,-1.92,1,0,68.3,69.6,1,19,22.2,2,9,28.6,2,66.7,6,38.9,3,50.0,0,15,19,9.5,7.5,2.5,0,-3.0,0,100.0,,0,0,0.0,0,-0.42,1,0,68.3,60.4,0,11,4.5,1,22,22.7,2,95.5,21,93.8,2,9.5,0,13,19,9.5,6.5,0.62
Demetrius Harris,8524,TE,ARZ,14,4,0,1,9.0,1,50.0,,0,0,0.0,0,-0.73,0,0,64.7,49.2,1,0,15.8,3,19,27.8,1,84.2,16,16.7,2,12.5,0,0,4,4.0,0.0,0.0,0,0.5,0,100.0,,0,0,0.0,0,0.12,0,0,68.3,43.8,0,7,24.6,17,69,57.6,2,71.0,49,87.5,2,4.1,0,10,9,4.5,5.0,0.2
Trevon Wesco,42018,TE,NYJ,12,4,0,22,2.0,0,50.0,,0,0,0.0,0,-0.04,1,0,64.7,60.6,0,19,13.6,3,22,47.6,1,81.8,18,83.3,2,11.1,0,19,16,16.0,19.0,1.06,0,,0,,,0,0,,0,-0.29,0,0,,44.8,0,0,30.8,12,39,42.1,0,66.7,26,0.0,0,0.0,0,0,0,,,0.0
Frank Darby,40988,WR,ATL,3,4,0,2,12.0,0,0.0,,0,0,,0,-2.06,0,0,,58.8,0,0,0.0,0,1,0.0,0,100.0,1,39.6,1,100.0,0,0,0,,,0.0,0,26.3,2,33.3,0.0,0,1,0.0,0,-2.0,1,0,64.7,71.6,0,14,0.0,0,11,18.2,1,100.0,11,49.3,3,27.3,0,14,12,12.0,14.0,1.27
Ryquell Armstead,45810,HB,JAX,2,4,0,15,,0,,,0,0,,0,-0.97,0,0,,59.9,0,0,0.0,0,1,0.0,0,100.0,1,0.0,0,0.0,0,0,0,,,0.0,0,-1.0,0,75.0,,0,0,25.0,1,-0.46,1,0,36.2,44.8,1,9,0.0,0,12,54.5,3,91.7,11,41.7,4,36.4,0,16,21,7.0,5.3,1.45
Tyron Johnson,34427,WR,LV,8,4,0,23,44.0,0,0.0,0.0,0,1,,0,-0.14,0,0,,53.0,1,0,0.0,0,12,33.3,0,100.0,12,0.0,1,8.3,0,0,0,,,0.0,0,-4.0,0,100.0,,0,0,0.0,0,0.14,0,0,64.7,53.3,0,6,0.0,0,16,53.3,1,93.8,15,91.7,1,6.7,0,6,10,10.0,6.0,0.4
Jaylen Samuels,47297,HB,HST,2,4,0,13,,0,,,0,0,,0,-1.0,0,0,,59.7,0,0,0.0,0,1,0.0,0,100.0,1,0.0,0,0.0,0,0,0,,,0.0,0,-1.3,1,66.7,,0,0,33.3,1,-0.01,1,0,30.0,30.5,0,6,0.0,0,7,40.0,2,71.4,5,72.9,3,60.0,0,11,14,7.0,5.5,2.2
Ja'Marcus Bradley,27003,WR,CLV,2,4,0,8,4.0,0,100.0,,0,0,0.0,0,-0.78,1,0,64.7,64.3,0,10,7.1,1,14,16.7,1,78.6,11,108.3,1,9.1,0,10,6,6.0,10.0,0.91,0,14.7,0,100.0,100.0,1,1,0.0,0,-0.71,1,0,70.5,62.5,0,37,0.0,0,30,23.1,3,86.7,26,118.8,3,11.5,0,54,10,3.3,18.0,2.08
J.J. Taylor,25512,HB,NE,5,4,0,19,,0,,,0,0,,0,1.6,0,0,,54.9,0,0,0.0,0,7,71.4,0,100.0,7,0.0,0,0.0,0,0,0,,,0.0,0,-0.8,1,100.0,,0,0,0.0,0,-0.43,0,1,72.1,36.4,0,5,6.3,1,16,43.8,4,93.8,15,79.2,4,26.7,0,8,11,2.8,2.0,0.53
Stanley Morgan,48110,WR,CIN,11,4,0,7,20.0,0,0.0,,0,0,,0,-0.65,0,0,,53.0,0,0,0.0,0,10,22.2,0,90.0,9,39.6,2,22.2,0,0,0,,,0.0,0,-1.0,0,100.0,,0,0,0.0,0,0.07,0,0,64.7,51.9,0,8,6.3,2,32,40.6,1,93.8,30,100.0,1,3.3,0,8,9,9.0,8.0,0.27
Auden Tate,48192,WR,CIN,7,4,0,7,9.0,2,100.0,100.0,1,1,0.0,0,1.7,2,0,68.3,76.4,0,18,0.0,0,15,78.6,2,93.3,14,118.8,2,14.3,0,32,14,7.0,16.0,2.29,0,28.0,0,0.0,,0,0,,0,-0.62,0,0,64.7,61.7,1,0,5.9,1,17,31.3,0,88.2,15,0.0,1,6.7,0,0,0,,,0.0
Marlon Mack,11898,HB,IND,5,4,0,14,13.0,0,0.0,0.0,0,1,,0,0.6,0,0,,55.7,0,0,25.0,2,8,50.0,0,75.0,6,39.6,1,16.7,0,0,0,,,0.0,0,1.3,0,66.7,,0,0,0.0,0,0.33,0,0,68.3,60.5,0,7,18.8,3,16,50.0,2,81.3,13,70.1,3,23.1,0,8,4,2.0,4.0,0.62
Dezmon Patmon,48329,WR,IND,7,4,0,14,8.0,0,50.0,0.0,0,1,0.0,0,0.05,0,0,64.7,54.5,0,7,0.0,0,14,50.0,1,100.0,14,58.3,2,14.3,0,7,3,3.0,7.0,0.5,0,15.5,0,50.0,0.0,0,1,0.0,0,0.65,0,0,64.7,71.3,0,14,0.0,0,13,53.8,1,100.0,13,112.5,2,15.4,1,14,0,0.0,14.0,1.08
Garrett Griffin,11439,TE,NO,13,4,0,20,1.0,0,100.0,,0,0,0.0,0,-0.02,0,0,64.7,52.7,0,4,40.9,9,22,33.3,1,59.1,13,83.3,1,7.7,0,4,3,3.0,4.0,0.31,0,3.7,1,100.0,,0,0,0.0,0,0.06,2,1,70.5,47.7,0,14,48.3,28,58,50.9,3,51.7,30,115.3,3,10.0,0,35,24,8.0,11.7,1.17
Alex Erickson,11107,WR,CAR,12,4,0,5,9.0,0,100.0,,0,0,0.0,0,0.57,2,0,68.3,74.3,0,25,0.0,0,9,62.5,2,88.9,8,118.8,2,25.0,0,42,24,12.0,21.0,5.25,0,7.0,0,50.0,,0,0,0.0,0,-0.43,0,0,64.7,52.6,0,13,0.0,0,22,35.0,1,90.9,20,70.8,2,10.0,0,13,6,6.0,13.0,0.65
Trey Sermon,57372,HB,SF,4,4,0,28,8.0,0,100.0,,0,0,0.0,0,-0.19,1,0,64.7,70.9,0,23,0.0,0,6,33.3,1,100.0,6,118.8,1,16.7,0,23,15,15.0,23.0,3.83,0,0.0,0,66.7,,0,0,33.3,1,0.15,0,0,29.9,39.3,0,3,19.5,8,41,57.5,2,78.0,32,70.1,3,9.4,0,3,4,2.0,1.5,0.09
Derek Watt,10832,FB,PIT,11,4,0,25,,0,,,0,0,,0,0.58,0,0,,55.8,0,0,0.0,0,3,100.0,0,100.0,3,0.0,0,0.0,0,0,0,,,0.0,0,0.5,0,75.0,100.0,1,1,0.0,0,-0.19,0,0,70.5,70.8,0,9,15.4,2,13,45.5,3,69.2,9,80.2,4,44.4,0,15,17,5.7,5.0,1.67
Andy Janovich,10810,FB,CLV,13,4,0,8,,0,,,0,0,,0,-1.37,0,0,,57.6,0,0,71.4,5,7,50.0,0,28.6,2,0.0,0,0.0,0,0,0,,,0.0,0,1.7,0,100.0,,0,0,0.0,0,0.21,1,0,70.5,65.6,0,3,22.2,4,18,64.7,3,72.2,13,79.2,3,23.1,0,9,4,1.3,3.0,0.69
Wendell Smallwood,10787,HB,WAS,2,4,0,32,,0,,,0,0,,0,-2.92,0,0,,58.0,0,0,0.0,0,3,0.0,0,100.0,3,0.0,0,0.0,0,0,0,,,0.0,0,2.0,0,100.0,100.0,1,1,0.0,0,-0.13,0,0,72.1,66.1,0,7,16.7,2,12,27.3,4,83.3,10,89.6,4,40.0,0,22,14,3.5,5.5,2.2
Jordan Howard,10784,HB,PHI,8,4,0,24,,0,,,0,0,,0,0.7,0,0,,51.4,0,0,15.8,3,19,47.4,0,84.2,16,0.0,0,0.0,0,0,0,,,0.0,0,-2.0,0,50.0,,0,0,50.0,1,0.22,0,0,28.9,35.4,0,7,12.2,5,41,53.7,1,87.8,36,58.3,2,5.6,0,7,11,11.0,7.0,0.19
Malcolm Brown,9902,HB,MIA,7,4,0,17,-2.0,0,100.0,,0,0,0.0,0,0.61,0,0,64.7,56.7,0,-1,48.1,13,27,60.9,1,37.0,10,79.2,1,10.0,0,-1,1,1.0,-1.0,-0.1,0,2.0,0,50.0,,0,0,0.0,0,-0.46,0,0,68.3,54.2,0,7,52.9,27,51,29.2,1,43.1,22,58.3,2,9.1,0,7,4,4.0,7.0,0.32
Dazz Newsome,61510,WR,CHI,3,4,0,6,,0,,,0,0,,0,-0.03,0,0,,53.7,0,0,0.0,0,9,62.5,0,88.9,8,0.0,0,0.0,0,0,0,,,0.0,0,8.8,1,50.0,,0,0,0.0,0,-0.06,1,0,68.3,55.1,1,13,0.0,0,43,52.4,2,97.7,42,28.1,4,9.5,0,23,16,8.0,11.5,0.55
Diontae Spencer,91248,WR,DEN,13,4,0,10,,0,,,0,0,,0,0.74,0,0,,54.9,0,0,0.0,0,5,60.0,0,100.0,5,0.0,0,0.0,0,0,0,,,0.0,0,2.3,0,33.3,0.0,0,1,50.0,1,0.21,0,0,28.8,46.5,0,-3,0.0,0,19,38.9,1,94.7,18,42.4,3,16.7,0,-3,-1,-1.0,-3.0,-0.17
Jason Moore,91472,WR,LAC,1,4,0,27,,0,,,0,0,,0,-1.32,0,0,,57.2,0,0,0.0,0,2,0.0,0,50.0,1,0.0,0,0.0,0,0,0,,,0.0,0,15.0,0,75.0,0.0,0,1,0.0,0,0.07,3,0,70.5,66.3,0,24,0.0,0,29,74.1,3,93.1,27,116.7,4,14.8,0,56,25,8.3,18.7,2.07
Adrian Peterson,3623,HB,SEA,4,4,0,29,-7.0,0,100.0,,0,0,0.0,0,-0.19,0,0,64.7,58.9,0,-1,14.3,1,7,40.0,1,71.4,5,79.2,1,20.0,0,-1,6,6.0,-1.0,-0.2,0,-1.7,0,100.0,,0,0,0.0,0,-0.42,0,0,70.5,63.1,0,5,25.0,4,16,43.8,3,75.0,12,79.2,3,25.0,0,9,14,4.7,3.0,0.75
Kirk Merritt,35096,WR,MIA,1,3,0,17,18.0,0,33.3,,0,0,50.0,1,-0.54,1,0,28.8,57.0,0,13,0.0,0,5,20.0,1,100.0,5,47.9,3,60.0,0,13,7,7.0,13.0,2.6,0,,0,,,0,0,,0,-0.44,0,0,,58.6,0,0,0.0,0,3,33.3,0,100.0,3,0.0,0,0.0,0,0,0,,,0.0
Michael Burton,9601,FB,KC,16,3,0,16,,0,,,0,0,,0,-0.18,0,0,,55.9,0,0,20.0,1,5,66.7,0,40.0,2,0.0,0,0.0,0,0,0,,,0.0,0,-2.5,0,100.0,,0,0,0.0,0,0.6,2,0,70.5,79.3,0,20,33.3,6,18,62.5,2,55.6,10,118.8,2,20.0,0,31,36,18.0,15.5,3.1
Jaydon Mickens,11371,WR,JAX,4,3,0,15,,0,,,0,0,,0,0.97,0,0,,55.1,0,0,0.0,0,3,66.7,0,100.0,3,0.0,0,0.0,0,0,0,,,0.0,0,50.0,0,0.0,,0,0,,0,0.51,0,0,,55.8,1,0,0.0,0,6,25.0,0,66.7,4,0.0,1,25.0,0,0,0,,,0.0
Malik Taylor,94375,WR,GB,4,3,0,12,-1.0,0,100.0,,0,0,0.0,0,0.09,0,0,64.7,58.5,0,7,0.0,0,4,50.0,1,100.0,4,95.8,1,25.0,0,7,8,8.0,7.0,1.75,0,24.0,0,0.0,0.0,0,1,,0,0.27,0,0,,53.9,0,0,0.0,0,7,42.9,0,100.0,7,39.6,1,14.3,0,0,0,,,0.0
Gabe Nabers,40117,FB,LAC,6,3,0,27,,0,,,0,0,,0,-0.05,0,0,,54.8,0,0,0.0,0,4,33.3,0,75.0,3,0.0,0,0.0,0,0,0,,,0.0,0,2.5,0,100.0,,0,0,0.0,0,0.64,0,0,68.3,58.3,0,6,0.0,0,7,57.1,2,100.0,7,85.4,2,28.6,0,9,4,2.0,4.5,1.29
Patrick Laird,28219,HB,MIA,6,3,0,17,,0,,,0,0,,0,-0.34,0,0,,53.5,0,0,61.5,16,26,30.4,0,30.8,8,0.0,0,0.0,0,0,0,,,0.0,0,-1.0,0,100.0,,0,0,0.0,0,0.12,1,0,64.7,64.9,0,10,26.3,5,19,57.9,1,73.7,14,108.3,1,7.1,0,10,11,11.0,10.0,0.71
Jonathan Ward,25859,HB,ARZ,5,3,0,1,,0,,,0,0,,0,-0.43,0,0,,55.6,0,0,42.9,3,7,28.6,0,57.1,4,0.0,0,0.0,0,0,0,,,0.0,0,-6.5,0,100.0,,0,0,0.0,0,0.14,0,0,68.3,55.6,0,9,0.0,0,14,64.3,2,100.0,14,89.6,2,14.3,0,11,24,12.0,5.5,0.79
Kaden Smith,40973,TE,NYG,9,3,0,21,,0,,,0,0,,0,-0.15,0,0,,50.2,0,0,15.4,2,13,36.4,0,69.2,9,0.0,0,0.0,0,0,0,,,0.0,0,6.7,0,100.0,,0,0,0.0,0,0.18,1,0,70.5,61.2,0,21,42.1,24,57,47.2,3,52.6,30,112.5,3,10.0,0,33,13,4.3,11.0,1.1
K.J. Hill,28025,WR,LAC,3,3,0,27,,0,,,0,0,,0,0.49,0,0,,55.1,0,0,0.0,0,3,50.0,0,66.7,2,0.0,0,0.0,0,0,0,,,0.0,0,3.0,0,100.0,,0,0,0.0,0,-0.34,0,0,68.3,59.1,0,7,0.0,0,6,33.3,2,100.0,6,89.6,2,33.3,0,11,5,2.5,5.5,1.83
Scottie Phillips,83711,HB,HST,2,3,0,13,,0,,,0,0,,0,-0.24,0,0,,,0,0,100.0,1,1,0.0,0,0.0,0,0.0,0,,0,0,0,,,,0,0.0,1,66.7,,0,0,0.0,0,0.22,0,0,68.3,63.0,0,8,22.2,2,9,44.4,2,77.8,7,70.1,3,42.9,0,9,8,4.0,4.5,1.29
Mike Strachan,143358,WR,IND,5,3,0,14,,0,,,0,0,,0,0.12,0,0,,56.7,0,0,0.0,0,7,66.7,0,85.7,6,0.0,0,0.0,0,0,0,,,0.0,0,18.7,0,66.7,100.0,1,1,0.0,0,0.49,2,0,68.3,67.8,0,16,0.0,0,18,58.8,2,94.4,17,93.8,3,17.6,0,26,0,0.0,13.0,1.53
Greg Dortch,42237,WR,ARZ,2,3,0,1,,0,,,0,0,,0,-1.28,0,0,,55.9,0,0,0.0,0,7,0.0,0,71.4,5,0.0,0,0.0,0,0,0,,,0.0,0,-5.3,1,100.0,,0,0,0.0,0,0.46,0,0,70.5,64.4,0,10,0.0,0,14,64.3,3,100.0,14,87.5,3,21.4,0,15,31,10.3,5.0,1.07
Kevin Rader,30887,TE,PIT,4,3,0,25,1.0,0,50.0,0.0,0,1,0.0,0,-0.87,0,0,64.7,58.9,0,1,0.0,0,2,0.0,1,100.0,2,56.3,2,100.0,0,1,3,3.0,1.0,0.5,0,6.0,0,100.0,,0,0,0.0,0,0.33,0,0,64.7,49.2,0,7,7.7,1,13,69.2,1,92.3,12,95.8,1,8.3,0,7,1,1.0,7.0,0.58
Tyrell Williams,10154,WR,DET,1,3,0,11,4.0,0,100.0,,0,0,0.0,0,0.76,1,0,64.7,67.7,0,7,0.0,0,6,66.7,1,100.0,6,95.8,1,16.7,0,7,3,3.0,7.0,1.17,0,5.0,0,50.0,,0,0,0.0,0,-0.82,0,0,64.7,54.2,0,7,0.0,0,17,26.7,1,88.2,15,58.3,2,13.3,0,7,4,4.0,7.0,0.47
Austin Walter,45038,HB,NYJ,4,3,0,22,-5.0,0,0.0,,0,0,,0,-0.66,0,0,,54.2,0,0,40.0,6,15,13.3,0,60.0,9,39.6,1,11.1,0,0,0,,,0.0,0,-2.0,1,100.0,,0,0,0.0,0,0.62,1,0,68.3,68.3,0,11,0.0,0,11,70.0,2,90.9,10,85.4,2,20.0,0,9,13,6.5,4.5,0.9
Davion Davis,33158,WR,HST,2,3,0,13,5.0,0,0.0,0.0,0,1,,0,-2.18,0,0,,54.6,0,0,0.0,0,6,0.0,0,100.0,6,39.6,1,16.7,0,0,0,,,0.0,0,4.5,0,50.0,0.0,0,1,0.0,0,-0.57,1,0,64.7,65.8,1,17,0.0,0,10,22.2,1,90.0,9,39.6,2,22.2,0,17,13,13.0,17.0,1.89
Khari Blasingame,44889,FB,TEN,11,3,0,31,,0,,,0,0,,0,-0.34,0,0,,51.6,0,0,26.7,4,15,38.5,0,60.0,9,0.0,0,0.0,0,0,0,,,0.0,0,0.7,0,66.7,,0,0,33.3,1,0.22,0,0,29.9,32.8,0,5,25.0,4,16,43.8,2,75.0,12,70.1,3,25.0,0,4,4,2.0,2.0,0.33
Kenny Yeboah,42196,TE,NYJ,3,3,0,22,,0,,,0,0,,0,-0.4,0,0,,49.8,0,0,28.6,4,14,30.8,0,64.3,9,0.0,0,0.0,0,0,0,,,0.0,0,16.7,0,66.7,,0,0,33.3,1,-0.5,2,0,30.0,71.0,0,24,9.5,2,21,23.8,2,90.5,19,107.6,3,15.8,0,36,3,1.5,18.0,1.89
Gunner Olszewski,95015,WR,NE,10,3,0,19,10.3,1,66.7,0.0,0,1,0.0,0,0.26,2,0,68.3,75.1,0,22,0.0,0,17,50.0,2,94.1,16,100.7,3,18.8,0,31,12,6.0,15.5,1.94,0,,0,,,0,0,,0,0.24,0,0,,53.3,0,0,0.0,0,13,33.3,0,92.3,12,0.0,0,0.0,0,0,0,,,0.0
Trent Taylor,11932,WR,CIN,4,3,0,7,15.0,0,100.0,,0,0,0.0,0,0.01,1,0,64.7,73.7,0,15,0.0,0,4,25.0,1,100.0,4,118.8,1,25.0,0,15,0,0.0,15.0,3.75,0,12.0,0,50.0,,0,0,0.0,0,0.08,1,0,68.3,66.8,0,26,4.8,1,21,30.0,1,90.5,19,95.8,2,10.5,0,26,6,6.0,26.0,1.37
Jeremy Sprinkle,11909,TE,DAL,13,3,0,9,,0,,,0,0,,0,0.35,0,0,,51.2,0,0,20.0,1,5,40.0,0,80.0,4,0.0,0,0.0,0,0,0,,,0.0,0,2.5,0,100.0,,0,0,0.0,0,0.38,2,0,68.3,71.3,0,11,48.4,15,31,62.1,2,45.2,14,110.4,2,14.3,0,21,16,8.0,10.5,1.5
Jesper Horsted,91465,TE,CHI,4,3,0,6,,0,,,0,0,,0,-0.63,0,0,,59.9,0,0,0.0,0,1,0.0,0,100.0,1,0.0,0,0.0,0,0,0,,,0.0,0,,0,,,0,0,,0,1.32,0,0,,59.3,0,0,0.0,0,1,100.0,0,100.0,1,0.0,0,0.0,0,0,0,,,0.0
Adam Prentice,35639,FB,NO,7,3,0,20,,0,,,0,0,,0,0.83,0,0,,51.4,0,0,30.0,6,20,52.6,0,70.0,14,0.0,0,0.0,0,0,0,,,0.0,0,0.3,0,100.0,,0,0,0.0,0,0.19,1,0,70.5,63.3,0,10,34.5,10,29,48.3,3,65.5,19,88.9,3,15.8,0,16,15,5.0,5.3,0.84
Tarik Black,61442,WR,NYJ,1,2,0,22,8.5,0,50.0,,0,0,50.0,1,-0.5,1,0,28.8,57.7,0,10,0.0,0,6,16.7,1,100.0,6,64.6,2,33.3,0,10,0,0.0,10.0,1.67,0,,0,,,0,0,,0,-1.06,0,0,,56.5,0,0,0.0,0,7,0.0,0,100.0,7,0.0,0,0.0,0,0,0,,,0.0
Johnny Stanton,46441,FB,CLV,2,2,0,8,,0,,,0,0,,0,-1.2,0,0,,60.0,0,0,50.0,1,2,0.0,0,50.0,1,0.0,0,0.0,0,0,0,,,0.0,0,3.0,0,100.0,,0,0,0.0,0,0.54,0,0,64.7,63.4,0,6,50.0,2,4,50.0,1,50.0,2,91.7,1,50.0,0,6,3,3.0,6.0,3.0
Taylor Decker,10650,T,DET,9,2,0,11,,0,,,0,0,,0,-0.26,0,0,,,0,0,100.0,44,44,41.9,0,0.0,0,0.0,0,,0,0,0,,,,0,-3.0,0,100.0,,0,0,0.0,0,0.0,0,0,67.6,66.9,0,-2,100.0,195,195,46.5,1,0.0,0,79.2,1,,0,-2,1,1.0,-2.0,
Mike Boone,31615,HB,DEN,3,2,0,10,,0,,,0,0,,0,-4.22,0,0,,58.9,0,0,0.0,0,2,0.0,0,100.0,2,0.0,0,0.0,0,0,0,,,0.0,0,-0.5,0,100.0,,0,0,0.0,0,-0.67,1,0,68.3,65.0,0,19,30.8,4,13,18.2,2,61.5,8,112.5,2,25.0,0,22,23,11.5,11.0,2.75
Ethan Wolf,47173,TE,NO,1,2,0,20,,0,,,0,0,,0,-1.98,0,0,,59.8,0,0,66.7,2,3,0.0,0,33.3,1,0.0,0,0.0,0,0,0,,,0.0,0,1.0,0,100.0,,0,0,0.0,0,-0.14,0,0,68.3,58.3,0,4,0.0,0,4,25.0,2,100.0,4,83.3,2,50.0,0,8,6,3.0,4.0,2.0
David Moore,11981,WR,GB,2,2,0,12,,0,,,0,0,,0,0.73,0,0,,54.3,0,0,0.0,0,6,66.7,0,100.0,6,0.0,0,0.0,0,0,0,,,0.0,0,15.0,0,0.0,0.0,0,1,,0,-0.73,0,0,,53.9,0,0,0.0,0,9,11.1,0,100.0,9,39.6,2,22.2,0,0,0,,,0.0
Larry Rountree III,57308,HB,LAC,8,2,0,27,,0,,,0,0,,0,0.48,0,0,,51.3,0,0,23.8,5,21,63.2,0,71.4,15,0.0,0,0.0,0,0,0,,,0.0,0,-1.0,0,50.0,,0,0,50.0,1,0.19,0,0,28.8,33.4,0,-1,22.6,7,31,51.7,1,77.4,24,56.3,2,8.3,0,-1,1,1.0,-1.0,-0.04
Nick Boyle,9604,TE,BLT,5,2,0,3,1.0,0,0.0,,0,0,100.0,1,1.19,0,0,27.9,32.8,0,0,18.2,2,11,70.0,0,81.8,9,39.6,1,11.1,0,0,0,,,0.0,0,2.0,0,100.0,100.0,1,1,0.0,0,0.04,0,0,64.7,50.5,0,2,16.7,3,18,35.3,1,83.3,15,79.2,1,6.7,0,2,0,0.0,2.0,0.13
Derek Carrier,7406,TE,LV,6,2,0,23,2.0,0,100.0,,0,0,0.0,0,0.02,0,0,64.7,54.5,0,4,0.0,0,7,28.6,1,100.0,7,83.3,1,14.3,0,4,2,2.0,4.0,0.57,0,,0,,,0,0,,0,-0.28,0,0,,47.1,0,0,14.3,2,14,42.9,0,85.7,12,0.0,0,0.0,0,0,0,,,0.0
Dwayne Washington,10870,HB,NO,5,2,0,20,,0,,,0,0,,0,2.17,0,0,,57.1,0,0,0.0,0,3,100.0,0,100.0,3,0.0,0,0.0,0,0,0,,,0.0,0,3.0,0,100.0,,0,0,0.0,0,0.64,0,0,68.3,59.7,0,6,0.0,0,7,83.3,2,85.7,6,91.7,2,33.3,0,12,6,3.0,6.0,2.0
Trey Ragas,42174,HB,LV,1,2,0,23,-2.0,0,100.0,,0,0,0.0,0,0.44,0,0,64.7,60.3,0,2,33.3,1,3,66.7,1,66.7,2,79.2,1,50.0,0,2,4,4.0,2.0,1.0,0,-5.0,0,100.0,,0,0,0.0,0,0.11,0,0,64.7,59.9,0,4,20.0,1,5,40.0,1,80.0,4,83.3,1,25.0,0,4,9,9.0,4.0,1.0
Geronimo Allison,11141,WR,DET,3,2,0,11,,0,,,0,0,,0,1.3,0,0,,55.3,0,0,0.0,0,5,60.0,0,100.0,5,0.0,0,0.0,0,0,0,,,0.0,0,2.0,0,0.0,0.0,0,1,,0,0.02,0,0,,52.8,0,0,0.0,0,16,56.3,0,100.0,16,39.6,1,6.3,0,0,0,,,0.0
Giovanni Ricci,13756,FB,CAR,16,2,0,5,,0,,,0,0,,0,0.26,0,0,,50.0,0,0,18.8,3,16,60.0,0,81.3,13,0.0,0,0.0,0,0,0,,,0.0,0,17.0,0,0.0,,0,0,,0,0.38,0,0,,48.2,0,0,19.4,7,36,62.9,0,77.8,28,39.6,1,3.6,0,0,0,,,0.0
C.J. Saunders,42541,WR,CAR,2,2,0,5,,0,,,0,0,,0,0.04,0,0,,59.3,0,0,0.0,0,1,100.0,0,100.0,1,0.0,0,0.0,0,0,0,,,0.0,0,5.5,0,100.0,100.0,1,1,0.0,0,0.03,1,0,68.3,63.0,0,8,0.0,0,14,53.8,2,92.9,13,89.6,2,15.4,0,11,0,0.0,5.5,0.85
Reggie Bonnafon,47542,HB,CAR,1,2,0,5,,0,,,0,0,,0,0.0,0,0,,,0,0,,0,0,,0,,0,0.0,0,,0,0,0,,,,0,2.0,0,100.0,,0,0,0.0,0,0.45,0,0,64.7,61.1,0,6,37.5,3,8,75.0,1,62.5,5,91.7,1,20.0,0,6,4,4.0,6.0,1.2
Hunter Long,60859,TE,MIA,6,2,0,17,,0,,,0,0,,0,0.28,0,0,,47.2,0,0,9.1,1,11,63.6,0,90.9,10,0.0,0,0.0,0,0,0,,,0.0,0,4.0,0,100.0,,0,0,0.0,0,0.31,0,0,64.7,50.7,0,8,23.1,3,13,61.5,1,76.9,10,100.0,1,10.0,0,8,4,4.0,8.0,0.8
Trayveon Williams,45775,HB,CIN,2,2,0,7,,0,,,0,0,,0,-1.16,0,0,,54.0,0,0,0.0,0,5,0.0,0,60.0,3,0.0,0,0.0,0,0,0,,,0.0,0,-5.5,1,50.0,,0,0,0.0,0,-0.45,0,0,64.7,59.7,0,4,0.0,0,8,12.5,1,100.0,8,56.3,2,25.0,0,4,11,11.0,4.0,0.5
Kylin Hill,57306,HB,GB,3,2,0,12,,0,,,0,0,,0,-0.1,0,0,,57.9,0,0,33.3,1,3,33.3,0,66.7,2,0.0,0,0.0,0,0,0,,,0.0,0,-2.5,0,50.0,,0,0,0.0,0,-0.05,0,0,64.7,57.9,0,5,14.3,1,7,42.9,1,85.7,6,56.3,2,33.3,0,5,7,7.0,5.0,0.83
Darrynton Evans,40692,HB,TEN,1,2,0,31,-4.0,0,100.0,,0,0,0.0,0,0.03,0,0,64.7,65.2,0,6,0.0,0,1,100.0,1,100.0,1,91.7,1,100.0,0,6,10,10.0,6.0,6.0,0,-1.0,0,100.0,,0,0,0.0,0,1.07,1,0,64.7,71.8,0,5,33.3,1,3,100.0,1,66.7,2,87.5,1,50.0,0,5,6,6.0,5.0,2.5
Daniel Brown,10144,TE,NYJ,6,2,0,22,4.0,0,100.0,,0,0,0.0,0,-0.63,1,0,64.7,77.0,0,24,0.0,0,6,16.7,1,100.0,6,118.8,1,16.7,0,24,20,20.0,24.0,4.0,0,5.0,0,100.0,,0,0,0.0,0,1.23,0,0,64.7,51.5,0,5,7.7,1,13,92.3,1,92.3,12,87.5,1,8.3,0,5,0,0.0,5.0,0.42
Daniel Helm,47307,TE,LV,8,2,0,23,7.0,0,0.0,,0,0,,0,0.46,0,0,,54.9,0,0,33.3,1,3,66.7,0,66.7,2,39.6,1,50.0,0,0,0,,,0.0,0,-2.0,0,100.0,,0,0,0.0,0,-0.32,0,0,64.7,55.0,0,-1,54.5,6,11,54.5,1,45.5,5,79.2,1,20.0,0,-1,1,1.0,-1.0,-0.2
Cethan Carter,47149,TE,MIA,8,2,0,17,,0,,,0,0,,0,0.6,0,0,,56.6,0,0,25.0,1,4,75.0,0,75.0,3,0.0,0,0.0,0,0,0,,,0.0,0,4.5,0,100.0,100.0,1,1,0.0,0,-0.33,0,0,68.3,74.4,0,8,20.0,3,15,33.3,2,66.7,10,100.0,2,20.0,0,16,7,3.5,8.0,1.6
Andre Roberts,5612,WR,LAC,4,2,0,27,,0,,,0,0,,0,0.94,0,0,,54.8,0,0,0.0,0,7,60.0,0,71.4,5,0.0,0,0.0,0,0,0,,,0.0,0,15.5,0,50.0,0.0,0,1,0.0,0,-0.01,1,0,64.7,62.3,1,35,0.0,0,16,31.3,1,100.0,16,56.3,2,12.5,0,35,15,15.0,35.0,2.19
Luke Stocker,6256,TE,MIN,12,2,0,18,,0,,,0,0,,0,0.75,0,0,,51.7,0,0,33.3,2,6,50.0,0,66.7,4,0.0,0,0.0,0,0,0,,,0.0,0,3.5,0,100.0,100.0,1,1,0.0,0,0.33,0,0,68.3,47.6,0,7,47.2,17,36,52.8,2,52.8,19,91.7,2,10.5,0,12,5,2.5,6.0,0.63
Tommylee Lewis,11231,WR,MIA,1,2,0,17,-4.0,0,100.0,,0,0,0.0,0,1.11,1,0,64.7,78.6,0,7,0.0,0,1,100.0,1,100.0,1,95.8,1,100.0,0,7,11,11.0,7.0,7.0,0,11.0,0,0.0,,0,0,,0,-0.37,0,0,,59.8,0,0,0.0,0,1,0.0,0,100.0,1,39.6,1,100.0,0,0,0,,,0.0
Richard Rodgers,8733,TE,PHI,4,2,0,24,-2.0,0,100.0,,0,0,0.0,0,-0.48,0,0,64.7,57.6,0,2,0.0,0,3,0.0,1,66.7,2,79.2,1,50.0,0,2,4,4.0,2.0,1.0,0,1.0,0,100.0,,0,0,0.0,0,-0.07,0,0,64.7,61.7,0,9,15.0,3,20,52.6,1,80.0,16,104.2,1,6.3,0,9,8,8.0,9.0,0.56
John Brown,8726,WR,TB,5,2,0,30,30.0,0,0.0,,0,0,,0,-0.42,0,0,,54.4,0,0,0.0,0,5,20.0,0,100.0,5,39.6,1,20.0,0,0,0,,,0.0,0,,0,,,0,0,,0,-0.04,0,0,,53.7,0,0,0.0,0,11,36.4,0,100.0,11,0.0,0,0.0,0,0,0,,,0.0
Patrick Taylor,40448,HB,GB,5,2,0,12,-1.0,0,100.0,,0,0,0.0,0,-0.19,1,0,68.3,70.6,0,3,46.2,6,13,50.0,2,53.8,7,79.2,2,28.6,0,3,5,2.5,1.5,0.43,0,,0,,,0,0,,0,0.08,0,0,64.7,54.5,0,0,27.8,5,18,47.1,0,66.7,12,0.0,0,0.0,0,0,0,,,0.0
Johnny Mundt,12206,TE,LA,5,1,0,26,,0,,,0,0,,0,0.4,0,0,,52.7,0,0,14.3,1,7,50.0,0,71.4,5,0.0,0,0.0,0,0,0,,,0.0,0,7.0,0,100.0,,0,0,0.0,0,0.29,1,0,64.7,57.6,0,9,18.2,4,22,66.7,1,77.3,17,104.2,1,5.9,0,9,2,2.0,9.0,0.53
Keion Crossen,49454,CB,NYG,1,1,0,21,,0,,,0,0,,0,0.0,0,0,,,0,0,,0,0,,0,,0,0.0,0,,0,0,0,,,,0,,0,,,0,0,,0,0.0,0,0,,,0,0,,0,0,,0,,0,0.0,0,,0,0,0,,,
Colin Thompson,12239,TE,CAR,9,1,0,5,,0,,,0,0,,0,-0.04,0,0,,55.8,0,0,62.5,5,8,50.0,0,25.0,2,0.0,0,0.0,0,0,0,,,0.0,0,5.0,0,0.0,,0,0,,0,0.17,0,0,,47.4,0,0,66.7,12,18,50.0,0,33.3,6,39.6,1,16.7,0,0,0,,,0.0
Christian Wilkins,50293,DI,MIA,2,1,0,17,2.0,0,100.0,,0,0,0.0,0,0.51,1,0,64.7,81.5,0,1,0.0,0,1,100.0,1,100.0,1,118.8,1,100.0,1,1,0,0.0,1.0,1.0,0,,0,,,0,0,,0,0.0,0,0,,,0,0,,0,0,,0,,0,0.0,0,,0,0,0,,,
Amani Hooker,51378,S,TEN,1,1,0,31,,0,,,0,0,,0,0.0,0,0,,,0,0,,0,0,,0,,0,0.0,0,,0,0,0,,,,0,4.0,1,100.0,,0,0,0.0,0,3.77,1,0,64.7,90.3,0,6,0.0,0,1,100.0,1,100.0,1,91.7,1,100.0,0,6,2,2.0,6.0,6.0
Dion Dawkins,11818,T,BUF,18,1,0,4,,0,,,0,0,,0,0.12,0,0,,,0,0,100.0,270,270,48.0,0,0.0,0,0.0,0,,0,0,0,,,,0,,0,,,0,0,,0,0.16,0,0,,,0,0,100.0,438,438,51.1,0,0.0,0,0.0,0,,0,0,0,,,
Keke Coutee,47698,WR,IND,2,1,0,14,5.0,0,100.0,100.0,1,1,0.0,0,-0.35,0,0,64.7,54.8,0,5,0.0,0,8,42.9,1,87.5,7,87.5,1,14.3,0,5,0,0.0,5.0,0.71,0,,0,,,0,0,,0,0.07,0,0,,53.7,0,0,0.0,0,13,44.4,0,69.2,9,0.0,0,0.0,0,0,0,,,0.0
Nick Bawden,27413,FB,NYJ,7,1,0,22,10.0,0,100.0,,0,0,0.0,0,-0.1,1,0,64.7,70.1,0,20,18.2,2,11,45.5,1,81.8,9,118.8,1,11.1,0,20,10,10.0,20.0,2.22,0,,0,,,0,0,,0,0.23,0,0,,51.9,0,0,25.0,3,12,54.5,0,66.7,8,0.0,0,0.0,0,0,0,,,0.0
Isaiah Coulter,55307,WR,CHI,1,1,0,6,,0,,,0,0,,0,0.03,0,0,,57.4,0,0,0.0,0,3,66.7,0,100.0,3,0.0,0,0.0,0,0,0,,,0.0,0,17.0,0,0.0,,0,0,,0,0.07,0,0,,54.7,0,0,0.0,0,7,42.9,0,100.0,7,39.6,1,14.3,0,0,0,,,0.0
Marvin Hall,11440,WR,ATL,2,1,0,2,,0,,,0,0,,0,0.0,0,0,,,0,0,,0,0,,0,,0,0.0,0,,0,0,0,,,,0,5.0,0,100.0,,0,0,0.0,0,0.66,1,0,64.7,70.1,0,10,0.0,0,6,66.7,1,100.0,6,108.3,1,16.7,0,10,5,5.0,10.0,1.67
Gary Brightwell,57133,HB,NYG,3,1,0,21,,0,,,0,0,,0,0.0,0,0,,,0,0,,0,0,,0,,0,0.0,0,,0,0,0,,,,0,,0,,,0,0,,0,0.75,0,0,,58.0,0,0,0.0,0,2,100.0,0,100.0,2,0.0,0,0.0,0,0,0,,,0.0
Ben Ellefson,27766,TE,MIN,5,1,0,18,,0,,,0,0,,0,0.57,0,0,,49.3,0,0,16.7,1,6,50.0,0,83.3,5,0.0,0,0.0,0,0,0,,,0.0,0,,0,,,0,0,,0,-0.17,0,0,,46.0,0,0,43.8,7,16,37.5,0,56.3,9,0.0,0,0.0,0,0,0,,,0.0
Anthony McFarland Jr.,57289,HB,PIT,2,1,0,25,,0,,,0,0,,0,0.0,0,0,,,0,0,,0,0,,0,,0,0.0,0,,0,0,0,,,,0,0.0,0,100.0,,0,0,0.0,0,0.4,1,0,64.7,55.9,0,11,0.0,0,12,60.0,1,83.3,10,112.5,1,10.0,0,11,11,11.0,11.0,1.1
Trent Williams,5529,T,SF,18,1,0,28,,0,,,0,0,,0,-0.05,0,0,,,0,0,100.0,142,142,36.7,0,0.0,0,0.0,0,,0,0,0,,,,0,,0,,,0,0,,0,0.24,0,0,,,0,0,100.0,362,362,51.7,0,0.0,0,0.0,0,,0,0,0,,,
Andy Isabella,47448,WR,ARZ,5,1,0,1,6.0,0,100.0,,0,0,0.0,0,0.54,1,0,64.7,71.4,0,13,0.0,0,4,50.0,1,100.0,4,118.8,1,25.0,0,13,7,7.0,13.0,3.25,0,,0,,,0,0,,0,0.32,0,0,,52.4,0,0,0.0,0,16,60.0,0,93.8,15,0.0,0,0.0,0,0,0,,,0.0
Andrew Thomas,59701,T,NYG,13,1,0,21,6.0,0,100.0,,0,0,0.0,0,-0.34,1,0,64.7,90.4,0,2,99.3,143,144,33.3,1,0.7,1,118.8,1,100.0,1,2,0,0.0,2.0,2.0,0,,0,,,0,0,,0,-0.12,0,0,,,0,0,100.0,305,305,39.7,0,0.0,0,0.0,0,,0,0,0,,,
Danny Pinter,47339,C,IND,7,1,0,14,,0,,,0,0,,0,0.03,0,0,,,0,0,100.0,30,30,55.6,0,0.0,0,0.0,0,,0,0,0,,,,0,,0,,,0,0,,0,0.26,0,0,,,0,0,100.0,39,39,51.4,0,0.0,0,0.0,0,,0,0,0,,,
Tyrie Cleveland,42134,WR,DEN,5,1,0,10,6.0,0,0.0,0.0,0,1,,0,0.67,0,0,,55.7,0,0,0.0,0,5,40.0,0,100.0,5,39.6,1,20.0,0,0,0,,,0.0,0,,0,,,0,0,,0,-0.43,0,0,,53.5,0,0,0.0,0,11,18.2,0,100.0,11,0.0,0,0.0,0,0,0,,,0.0
Deon Yelder,29556,TE,TB,1,1,0,30,,0,,,0,0,,0,-0.24,0,0,,54.2,0,0,0.0,0,4,25.0,0,100.0,4,0.0,0,0.0,0,0,0,,,0.0,0,-4.0,0,100.0,,0,0,0.0,0,-0.74,0,0,64.7,63.1,0,0,0.0,0,1,0.0,1,100.0,1,79.2,1,100.0,0,0,4,4.0,0.0,0.0
Taylor Heinicke,9896,QB,WAS,16,1,0,32,,0,,,0,0,,0,-0.16,0,4,,,0,0,0.0,0,187,44.7,0,0.0,0,0.0,0,,0,0,0,,,,0,-3.0,0,100.0,,0,0,0.0,0,-0.01,0,0,,,0,-2,0.0,0,356,45.2,1,0.0,0,79.2,1,,0,-2,1,1.0,-2.0,
Darius Bradwell,46445,HB,LAC,1,1,0,27,,0,,,0,0,,0,0.82,0,0,,59.9,0,0,50.0,1,2,100.0,0,0.0,0,0.0,0,,0,0,0,,,,0,0.0,0,0.0,,0,0,100.0,1,-0.29,0,0,27.9,25.7,0,0,33.3,1,3,50.0,0,66.7,2,39.6,1,50.0,0,0,0,,,0.0
Matthew Stafford,4924,QB,LA,21,1,0,26,4.0,0,0.0,,0,0,,0,0.44,0,0,,60.0,0,0,0.0,0,194,55.8,0,0.5,1,39.6,1,100.0,0,0,0,,,0.0,0,,0,,,0,0,,0,0.18,0,2,,55.2,0,0,0.0,0,470,52.2,0,0.4,2,0.0,0,0.0,0,0,0,,,0.0
Garrett Bradbury,46013,C,MIN,13,1,0,18,,0,,,0,0,,0,0.22,0,0,,,0,0,100.0,152,152,46.8,0,0.0,0,0.0,0,,0,0,0,,,,0,-3.0,0,100.0,,0,0,0.0,0,-0.04,1,0,67.6,70.8,0,21,100.0,299,299,43.4,1,0.0,0,118.8,1,,0,21,24,24.0,21.0,
Eric Tomlinson,9786,TE,BLT,16,1,0,3,,0,,,0,0,,0,-0.56,0,0,,49.7,0,0,41.2,7,17,43.8,0,58.8,10,0.0,0,0.0,0,0,0,,,0.0,0,3.0,0,100.0,,0,0,0.0,0,-0.27,0,0,64.7,40.6,0,7,29.5,18,61,34.5,1,70.5,43,95.8,1,2.3,0,7,4,4.0,7.0,0.16
Devine Ozigbo,45903,HB,NE,2,1,0,19,,0,,,0,0,,0,-0.22,0,0,,56.2,0,0,0.0,0,4,25.0,0,100.0,4,0.0,0,0.0,0,0,0,,,0.0,0,2.0,0,100.0,,0,0,0.0,0,0.02,1,0,64.7,75.3,0,7,20.0,1,5,80.0,1,80.0,4,95.8,1,25.0,0,7,5,5.0,7.0,1.75
Easop Winston Jr.,61812,WR,NO,3,1,0,20,,0,,,0,0,,0,1.48,0,0,,59.9,0,0,0.0,0,1,100.0,0,100.0,1,0.0,0,0.0,0,0,0,,,0.0,0,-4.0,0,100.0,,0,0,0.0,0,0.12,0,0,64.7,57.5,0,5,0.0,0,6,40.0,1,83.3,5,87.5,1,20.0,0,5,9,9.0,5.0,1.0
Nick Allegretti,39268,G,KC,4,1,0,16,,0,,,0,0,,0,-0.26,0,0,,,0,0,100.0,8,8,14.3,0,0.0,0,0.0,0,,0,0,0,,,,0,,0,,,0,0,,0,0.54,0,0,,,0,0,100.0,21,21,60.0,0,0.0,0,0.0,0,,0,0,0,,,
Daniel Jones,39395,QB,NYG,11,1,0,21,15.0,0,100.0,100.0,1,1,0.0,0,-0.01,1,2,64.7,93.6,0,16,0.0,0,125,40.4,1,1.6,2,118.8,1,50.0,0,16,1,1.0,16.0,8.0,0,,0,,,0,0,,0,0.0,0,4,,56.6,0,0,0.8,2,244,44.8,0,0.8,2,0.0,0,0.0,0,0,0,,,0.0
Terence Steele,39461,T,DAL,15,1,0,9,,0,,,0,0,,0,0.17,0,0,,,0,0,100.0,157,157,44.4,0,0.0,0,0.0,0,,0,0,0,,,,0,,0,,,0,0,,0,0.17,0,0,,51.4,0,0,98.6,285,289,55.9,0,1.4,4,0.0,0,0.0,0,0,0,,,0.0
Drew Lock,39517,QB,DEN,6,1,0,10,-5.0,0,100.0,,0,0,0.0,0,-0.2,0,0,64.7,62.0,0,1,0.0,0,37,36.4,1,2.7,1,79.2,1,100.0,0,1,6,6.0,1.0,1.0,0,,0,,,0,0,,0,-0.1,0,0,,59.9,0,0,0.0,0,70,40.3,0,1.4,1,0.0,0,0.0,0,0,0,,,0.0
Vyncint Smith,66957,WR,NYJ,2,1,0,22,,0,,,0,0,,0,-1.36,0,0,,55.7,0,0,0.0,0,6,0.0,0,83.3,5,0.0,0,0.0,0,0,0,,,0.0,0,24.0,0,0.0,0.0,0,1,,0,0.56,0,0,,53.0,0,0,0.0,0,12,66.7,0,100.0,12,39.6,1,8.3,0,0,0,,,0.0
Devin Smith,9470,WR,JAX,1,1,0,15,,0,,,0,0,,0,-2.5,0,0,,60.0,0,0,0.0,0,1,0.0,0,100.0,1,0.0,0,0.0,0,0,0,,,0.0,0,16.0,0,0.0,,0,0,,0,-0.55,0,0,,56.0,1,0,0.0,0,7,40.0,0,71.4,5,0.0,1,20.0,0,0,0,,,0.0
Ryan Nall,45753,HB,CHI,4,1,0,6,,0,,,0,0,,0,-0.35,0,0,,57.8,0,0,0.0,0,3,33.3,0,100.0,3,0.0,0,0.0,0,0,0,,,0.0,0,4.0,0,100.0,,0,0,0.0,0,-0.57,0,0,64.7,57.5,0,4,25.0,2,8,25.0,1,75.0,6,83.3,1,16.7,0,4,0,0.0,4.0,0.67
C.J. Goodwin,9243,S,DAL,1,1,0,9,,0,,,0,0,,0,0.0,0,0,,,0,0,,0,0,,0,,0,0.0,0,,0,0,0,,,,0,,0,,,0,0,,0,0.0,0,0,,,0,0,,0,0,,0,,0,0.0,0,,0,0,0,,,
Jalen Hurts,40291,QB,PHI,16,1,0,24,12.0,0,0.0,,0,0,,0,0.03,0,3,,60.0,0,0,0.0,0,178,43.4,0,0.6,1,39.6,1,100.0,0,0,0,,,0.0,0,,0,,,0,0,,0,0.07,0,4,,,0,0,0.0,0,356,45.2,0,0.0,0,0.0,0,,0,0,0,,,
Zach Wilson,82096,QB,NYJ,13,1,0,22,9.0,0,0.0,,0,0,,0,-0.44,0,5,,56.9,0,0,1.2,2,168,32.0,0,1.2,2,39.6,1,50.0,0,0,0,,,0.0,0,,0,,,0,0,,0,0.0,0,0,,,0,0,0.0,0,254,42.6,0,0.0,0,0.0,0,,0,0,0,,,
Mekhi Sargent,83684,HB,JAX,1,1,0,15,,0,,,0,0,,0,0.0,0,0,,,0,0,,0,0,,0,,0,0.0,0,,0,0,0,,,,0,,0,,,0,0,,0,0.0,0,0,,,0,0,,0,0,,0,,0,0.0,0,,0,0,0,,,
Stephen Sullivan,40411,TE,CAR,3,1,0,5,,0,,,0,0,,0,-0.06,0,0,,53.0,0,0,0.0,0,7,42.9,0,100.0,7,0.0,0,0.0,0,0,0,,,0.0,0,-1.0,0,0.0,,0,0,100.0,1,-0.22,0,0,27.9,43.8,0,0,0.0,0,16,37.5,0,100.0,16,39.6,1,6.3,0,0,0,,,0.0
Jason Huntley,45693,HB,PHI,1,1,0,24,,0,,,0,0,,0,-0.32,0,0,,55.8,0,0,0.0,0,5,20.0,0,100.0,5,0.0,0,0.0,0,0,0,,,0.0,0,1.0,0,0.0,,0,0,,0,-0.57,0,0,,54.6,0,0,11.1,1,9,55.6,0,88.9,8,39.6,1,12.5,0,0,0,,,0.0
Lane Johnson,7786,T,PHI,14,1,0,24,,0,,,0,0,,0,0.23,0,0,,,0,0,100.0,124,124,47.9,0,0.0,0,0.0,0,,0,0,0,,,,0,,0,,,0,0,,0,0.06,0,0,,,0,0,100.0,285,285,45.3,0,0.0,0,0.0,0,,0,0,0,,,
Seth Williams,84137,WR,DEN,2,1,0,10,,0,,,0,0,,0,-0.62,0,0,28.0,43.5,0,0,0.0,0,10,33.3,0,90.0,9,0.0,0,0.0,0,0,0,,,0.0,0,31.0,0,100.0,100.0,1,1,0.0,0,0.05,1,0,64.7,77.0,0,34,0.0,0,7,42.9,1,100.0,7,118.8,1,14.3,0,34,3,3.0,34.0,4.86
Tommy Doyle,40459,T,BUF,7,1,0,4,,0,,,0,0,,0,-0.3,0,0,,,0,0,100.0,3,3,66.7,0,0.0,0,0.0,0,,0,0,0,,,,0,,0,,,0,0,,0,1.3,0,0,,58.8,0,0,88.9,8,9,85.7,0,11.1,1,0.0,0,0.0,0,0,0,,,0.0
Mike Remmers,7431,T,KC,4,1,0,16,,0,,,0,0,,0,0.03,0,0,,,0,0,100.0,31,31,44.8,0,0.0,0,0.0,0,,0,0,0,,,,0,-2.0,0,100.0,100.0,1,1,0.0,0,0.14,0,0,64.7,60.8,0,-2,98.8,84,85,54.3,1,1.2,1,79.2,1,100.0,0,-2,0,0.0,-2.0,-2.0
Nick Bellore,6515,FB,SEA,6,1,0,29,1.0,0,100.0,,0,0,0.0,0,-0.4,0,0,64.7,64.3,0,4,33.3,1,3,0.0,1,66.7,2,83.3,1,50.0,0,4,3,3.0,4.0,2.0,0,,0,,,0,0,,0,0.43,0,0,,60.0,0,0,66.7,2,3,66.7,0,33.3,1,0.0,0,0.0,0,0,0,,,0.0
Bobby Price,91112,CB,DET,3,1,0,11,,0,,,0,0,,0,0.0,0,0,,,0,0,,0,0,,0,,0,0.0,0,,0,0,0,,,,0,,0,,,0,0,,0,0.0,0,0,,,0,0,,0,0,,0,,0,0.0,0,,0,0,0,,,
Tevaughn Campbell,91247,CB,LAC,1,1,0,27,,0,,,0,0,,0,0.0,0,0,,,0,0,,0,0,,0,,0,0.0,0,,0,0,0,,,,0,,0,,,0,0,,0,0.0,0,0,,,0,0,,0,0,,0,,0,0.0,0,,0,0,0,,,
Miles Boykin,48209,WR,BLT,6,1,0,3,,0,,,0,0,,0,-1.07,0,0,,57.7,0,0,0.0,0,3,0.0,0,100.0,3,0.0,0,0.0,0,0,0,,,0.0,0,6.0,0,100.0,,0,0,0.0,0,-0.74,0,0,64.7,56.6,0,6,0.0,0,9,22.2,1,100.0,9,91.7,1,11.1,0,6,0,0.0,6.0,0.67
Conor McDermott,11966,T,NYJ,5,1,0,22,8.0,0,100.0,100.0,1,1,0.0,0,-0.42,1,0,64.7,88.6,0,1,92.1,35,38,27.8,1,7.9,3,118.8,1,33.3,1,1,0,0.0,1.0,0.33,0,,0,,,0,0,,0,-0.04,0,0,,60.0,0,0,97.5,39,40,43.6,0,2.5,1,0.0,0,0.0,0,0,0,,,0.0
Alex Armah,11948,FB,WAS,7,1,0,32,,0,,,0,0,,0,1.67,0,0,,59.9,0,0,0.0,0,1,100.0,0,100.0,1,0.0,0,0.0,0,0,0,,,0.0,0,,0,,,0,0,,0,-0.48,0,0,,51.8,0,0,10.5,2,19,56.3,0,73.7,14,0.0,0,0.0,0,0,0,,,0.0
Rodney Adams,11925,WR,CHI,1,1,0,6,,0,,,0,0,,0,-0.49,0,0,,57.6,0,0,0.0,0,2,0.0,0,50.0,1,0.0,0,0.0,0,0,0,,,0.0,0,,0,,,0,0,,0,0.98,0,0,,57.8,0,0,0.0,0,2,100.0,0,100.0,2,0.0,0,0.0,0,0,0,,,0.0
Wayne Gallman,11895,HB,MIN,6,1,0,18,,0,,,0,0,,0,0.02,0,0,,55.9,0,0,0.0,0,4,50.0,0,100.0,4,0.0,0,0.0,0,0,0,,,0.0,0,1.0,0,100.0,,0,0,0.0,0,-0.06,1,0,64.7,66.8,0,21,25.0,3,12,58.3,1,75.0,9,118.8,1,11.1,0,21,20,20.0,21.0,2.33
Aaron Rodgers,2241,QB,GB,17,1,0,12,,0,,,0,0,,0,0.23,0,0,,,0,0,0.0,0,201,49.2,0,0.0,0,0.0,0,,0,0,0,,,,0,-4.0,0,100.0,,0,0,0.0,0,0.23,0,1,,,0,-4,0.0,0,332,52.1,1,0.0,0,79.2,1,,0,-4,0,0.0,-4.0,
Matt Nelson,48584,T,DET,13,1,0,11,,0,,,0,0,,0,0.04,0,0,,,0,0,100.0,100,100,46.2,0,0.0,0,0.0,0,,0,0,0,,,,0,,0,,,0,0,,0,-0.13,0,0,,58.8,0,0,99.6,233,234,44.1,0,0.4,1,0.0,0,0.0,0,0,0,,,0.0
