label,year,week,player,pos,base,var,actual,shift,abs_error
ablate v2_pff_alignment_matchup,2023,9,Tank Dell,WR,9.0,9.0,59.2,0.0,50.2
ablate v2_scheme_matchup,2023,9,Tank Dell,WR,9.0,9.0,59.2,0.0,50.2
ablate v2_pff_alignment_matchup,2023,11,Tank Dell,WR,12.75,12.75,57.8,0.0,45.05
ablate v2_scheme_matchup,2023,11,Tank Dell,WR,12.75,12.75,57.8,0.0,45.05
ablate v2_pff_alignment_matchup,2022,17,Mike Evans,WR,10.83,10.54,48.7,-0.29,38.16
ablate v2_scheme_matchup,2022,17,Mike Evans,WR,10.83,10.92,48.7,0.09,37.78
ablate v2_pff_alignment_matchup,2023,5,Ja'Marr Chase,WR,16.98,15.54,52.2,-1.44,36.66
ablate v2_pff_alignment_matchup,2024,10,Ja'Marr Chase,WR,19.57,18.9,55.4,-0.67,36.5
ablate v2_scheme_matchup,2023,16,Amari Cooper,WR,15.15,15.15,51.5,0.0,36.35
ablate v2_pff_alignment_matchup,2023,16,Amari Cooper,WR,15.15,15.15,51.5,0.0,36.35
ablate v2_pff_alignment_matchup,2023,5,DJ Moore,WR,13.52,13.13,49.0,-0.39,35.87
ablate v2_scheme_matchup,2024,10,Ja'Marr Chase,WR,19.57,19.57,55.4,0.0,35.83
ablate v2_scheme_matchup,2023,5,DJ Moore,WR,13.52,13.52,49.0,0.0,35.48
ablate v2_scheme_matchup,2023,5,Ja'Marr Chase,WR,16.98,17.17,52.2,0.19,35.03
ablate v2_scheme_matchup,2022,14,Evan Engram,TE,6.15,6.24,39.2,0.09,32.96
ablate v2_scheme_matchup,2025,9,Brock Bowers,TE,10.04,10.9,43.3,0.86,32.4
ablate v2_pff_alignment_matchup,2025,9,Brock Bowers,TE,10.04,10.9,43.3,0.86,32.4
ablate v2_pff_alignment_matchup,2023,14,Odell Beckham Jr.,WR,7.56,7.56,39.4,0.0,31.84
ablate v2_scheme_matchup,2023,14,Odell Beckham Jr.,WR,7.56,7.56,39.4,0.0,31.84
ablate v2_scheme_matchup,2025,16,Puka Nacua,WR,14.96,14.86,46.5,-0.1,31.64
ablate v2_scheme_matchup,2025,3,Tre Tucker,WR,9.48,9.77,40.9,0.29,31.13
ablate v2_pff_alignment_matchup,2025,16,Puka Nacua,WR,14.96,15.73,46.5,0.77,30.77
ablate v2_pff_alignment_matchup,2025,3,Tre Tucker,WR,9.48,10.35,40.9,0.87,30.55
ablate v2_scheme_matchup,2024,14,Puka Nacua,WR,11.69,11.69,41.8,0.0,30.11
ablate v2_pff_alignment_matchup,2024,14,Puka Nacua,WR,11.69,12.08,41.8,0.39,29.72
ablate v2_pff_alignment_matchup,2023,10,Tank Dell,WR,8.23,8.23,37.8,0.0,29.57
ablate v2_scheme_matchup,2023,10,Tank Dell,WR,8.23,8.23,37.8,0.0,29.57
ablate v2_pff_alignment_matchup,2024,15,Davante Adams,WR,13.52,13.23,42.8,-0.29,29.57
ablate v2_scheme_matchup,2023,10,Keenan Allen,WR,11.31,11.31,40.5,0.0,29.19
ablate v2_scheme_matchup,2024,15,Davante Adams,WR,13.52,13.62,42.8,0.1,29.18
ablate v2_pff_alignment_matchup,2024,13,Jerry Jeudy,WR,11.69,11.69,40.5,0.0,28.81
ablate v2_scheme_matchup,2024,13,Jerry Jeudy,WR,11.69,11.69,40.5,0.0,28.81
ablate v2_pff_alignment_matchup,2023,10,Keenan Allen,WR,11.31,11.89,40.5,0.58,28.61
ablate v2_scheme_matchup,2025,14,Michael Wilson,WR,9.48,9.48,37.2,0.0,27.72
ablate v2_pff_alignment_matchup,2025,14,Michael Wilson,WR,9.48,9.48,37.2,0.0,27.72
ablate v2_scheme_matchup,2023,13,DK Metcalf,WR,9.87,9.87,37.4,0.0,27.53
ablate v2_pff_alignment_matchup,2022,10,CeeDee Lamb,WR,11.5,10.64,38.0,-0.86,27.36
ablate v2_pff_alignment_matchup,2023,13,DK Metcalf,WR,9.87,10.06,37.4,0.19,27.34
ablate v2_pff_alignment_matchup,2024,8,CeeDee Lamb,WR,12.27,12.27,39.6,0.0,27.33
ablate v2_scheme_matchup,2024,8,CeeDee Lamb,WR,12.27,12.27,39.6,0.0,27.33
ablate v2_scheme_matchup,2025,15,Trey McBride,TE,10.23,10.23,37.4,0.0,27.17
ablate v2_pff_alignment_matchup,2025,15,Trey McBride,TE,10.23,10.23,37.4,0.0,27.17
ablate v2_scheme_matchup,2025,15,Amon-Ra St. Brown,WR,14.19,14.29,41.4,0.1,27.11
ablate v2_pff_alignment_matchup,2025,15,Amon-Ra St. Brown,WR,14.19,14.38,41.4,0.19,27.02
ablate v2_scheme_matchup,2023,16,George Pickens,WR,8.71,8.52,35.5,-0.19,26.98
ablate v2_pff_alignment_matchup,2024,18,Drake London,WR,14.0,13.81,40.7,-0.19,26.89
ablate v2_pff_alignment_matchup,2023,16,George Pickens,WR,8.71,8.62,35.5,-0.09,26.88
ablate v2_scheme_matchup,2024,18,Drake London,WR,14.0,13.9,40.7,-0.1,26.8
ablate v2_pff_alignment_matchup,2023,8,CeeDee Lamb,WR,15.06,14.48,41.0,-0.58,26.52
ablate v2_pff_alignment_matchup,2024,17,Malik Nabers,WR,10.35,9.58,36.1,-0.77,26.52
ablate v2_scheme_matchup,2025,16,Chris Olave,WR,10.25,10.44,36.8,0.19,26.36
ablate v2_scheme_matchup,2023,3,Keenan Allen,WR,19.48,19.28,45.46,-0.2,26.18
ablate v2_scheme_matchup,2022,10,CeeDee Lamb,WR,11.5,11.89,38.0,0.39,26.11
ablate v2_scheme_matchup,2024,17,Malik Nabers,WR,10.35,10.16,36.1,-0.19,25.94
ablate v2_scheme_matchup,2023,8,CeeDee Lamb,WR,15.06,15.06,41.0,0.0,25.94
ablate v2_pff_alignment_matchup,2025,16,Chris Olave,WR,10.25,10.92,36.8,0.67,25.88
ablate v2_scheme_matchup,2023,14,Evan Engram,TE,7.29,6.62,32.5,-0.67,25.88
ablate v2_scheme_matchup,2024,9,Jaxon Smith-Njigba,WR,11.21,11.21,37.0,0.0,25.79
ablate v2_pff_alignment_matchup,2023,3,Davante Adams,WR,17.27,16.59,42.2,-0.68,25.61
ablate v2_pff_alignment_matchup,2023,14,Evan Engram,TE,7.29,6.91,32.5,-0.38,25.59
ablate v2_scheme_matchup,2022,15,Zay Jones,WR,9.58,9.48,34.9,-0.1,25.42
ablate v2_scheme_matchup,2023,13,Deebo Samuel Sr.,WR,10.35,10.44,35.8,0.09,25.36
ablate v2_pff_alignment_matchup,2023,17,Davante Adams,WR,12.75,12.27,37.6,-0.48,25.33
ablate v2_pff_alignment_matchup,2022,8,A.J. Brown,WR,14.38,14.38,39.6,0.0,25.22
ablate v2_scheme_matchup,2022,8,A.J. Brown,WR,14.38,14.48,39.6,0.1,25.12
ablate v2_pff_alignment_matchup,2022,15,Zay Jones,WR,9.58,9.96,34.9,0.38,24.94
ablate v2_pff_alignment_matchup,2022,16,T.J. Hockenson,TE,11.56,10.99,35.9,-0.57,24.91
ablate v2_pff_alignment_matchup,2024,5,Ja'Marr Chase,WR,16.79,16.4,41.3,-0.39,24.9
ablate v2_scheme_matchup,2024,5,Ja'Marr Chase,WR,16.79,16.4,41.3,-0.39,24.9
ablate v2_scheme_matchup,2023,17,Davante Adams,WR,12.75,12.75,37.6,0.0,24.85
ablate v2_scheme_matchup,2023,3,Davante Adams,WR,17.27,17.36,42.2,0.09,24.84
ablate v2_pff_alignment_matchup,2023,13,Deebo Samuel Sr.,WR,10.35,11.02,35.8,0.67,24.78
ablate v2_scheme_matchup,2024,15,Mike Evans,WR,12.17,12.17,36.9,0.0,24.73
ablate v2_pff_alignment_matchup,2024,15,Mike Evans,WR,12.17,12.17,36.9,0.0,24.73
ablate v2_scheme_matchup,2022,16,T.J. Hockenson,TE,11.56,11.37,35.9,-0.19,24.53
ablate v2_pff_alignment_matchup,2023,3,Keenan Allen,WR,19.48,21.01,45.46,1.53,24.45
ablate v2_pff_alignment_matchup,2024,14,Jordan Addison,WR,15.83,14.96,39.3,-0.87,24.34
ablate v2_pff_alignment_matchup,2023,4,A.J. Brown,WR,14.58,14.19,38.5,-0.39,24.31
ablate v2_scheme_matchup,2023,4,Nico Collins,WR,11.5,11.5,35.8,0.0,24.3
ablate v2_pff_alignment_matchup,2023,4,Nico Collins,WR,11.5,11.5,35.8,0.0,24.3
ablate v2_pff_alignment_matchup,2022,14,Jerry Jeudy,WR,9.39,9.19,33.3,-0.2,24.11
ablate v2_scheme_matchup,2024,17,Tee Higgins,WR,15.83,16.02,40.1,0.19,24.08
ablate v2_scheme_matchup,2025,9,Drake London,WR,14.77,14.77,38.8,0.0,24.03
ablate v2_scheme_matchup,2022,14,Jerry Jeudy,WR,9.39,9.29,33.3,-0.1,24.01
ablate v2_scheme_matchup,2023,4,A.J. Brown,WR,14.58,14.58,38.5,0.0,23.92
ablate v2_pff_alignment_matchup,2024,9,Jaxon Smith-Njigba,WR,11.21,13.13,37.0,1.92,23.87
ablate v2_pff_alignment_matchup,2025,11,Tetairoa McMillan,WR,8.91,9.19,33.0,0.28,23.81
ablate v2_pff_alignment_matchup,2024,11,Brock Bowers,TE,7.67,7.57,31.3,-0.1,23.73
ablate v2_scheme_matchup,2025,11,Tetairoa McMillan,WR,8.91,9.29,33.0,0.38,23.71
ablate v2_pff_alignment_matchup,2024,17,Tee Higgins,WR,15.83,16.4,40.1,0.57,23.7
ablate v2_pff_alignment_matchup,2025,9,Drake London,WR,14.77,15.15,38.8,0.38,23.65
ablate v2_scheme_matchup,2024,11,Brock Bowers,TE,7.67,7.67,31.3,0.0,23.63
ablate v2_scheme_matchup,2024,14,Jordan Addison,WR,15.83,15.73,39.3,-0.1,23.57
ablate v2_scheme_matchup,2025,8,Tucker Kraft,TE,9.47,9.85,33.3,0.38,23.45
ablate v2_scheme_matchup,2023,18,Nico Collins,WR,11.21,11.21,34.5,0.0,23.29
ablate v2_pff_alignment_matchup,2023,18,Nico Collins,WR,11.21,11.21,34.5,0.0,23.29
ablate v2_scheme_matchup,2025,7,DeVonta Smith,WR,9.96,10.06,33.3,0.1,23.24
ablate v2_pff_alignment_matchup,2023,13,Ja'Marr Chase,WR,8.52,8.43,31.62,-0.09,23.19
ablate v2_scheme_matchup,2023,13,Ja'Marr Chase,WR,8.52,8.52,31.62,0.0,23.1
ablate v2_scheme_matchup,2025,12,Wan'Dale Robinson,WR,7.66,7.66,30.6,0.0,22.94
ablate v2_pff_alignment_matchup,2025,12,Wan'Dale Robinson,WR,7.66,7.75,30.6,0.09,22.85
ablate v2_pff_alignment_matchup,2025,7,DeVonta Smith,WR,9.96,10.64,33.3,0.68,22.66
ablate v2_scheme_matchup,2023,12,Tank Dell,WR,11.79,11.79,34.4,0.0,22.61
ablate v2_pff_alignment_matchup,2023,12,Tank Dell,WR,11.79,11.79,34.4,0.0,22.61
ablate v2_scheme_matchup,2022,8,DeAndre Hopkins,WR,11.4,11.4,33.9,0.0,22.5
ablate v2_pff_alignment_matchup,2022,8,DeAndre Hopkins,WR,11.4,11.4,33.9,0.0,22.5
ablate v2_scheme_matchup,2025,13,A.J. Brown,WR,12.65,12.75,35.2,0.1,22.45
ablate v2_scheme_matchup,2025,9,Tee Higgins,WR,10.73,10.73,33.1,0.0,22.37
ablate v2_scheme_matchup,2023,16,Puka Nacua,WR,10.35,10.64,33.0,0.29,22.36
ablate v2_pff_alignment_matchup,2025,13,A.J. Brown,WR,12.65,12.94,35.2,0.29,22.26
ablate v2_pff_alignment_matchup,2023,13,Nico Collins,WR,11.89,11.89,34.1,0.0,22.21
ablate v2_scheme_matchup,2023,4,Chris Olave,WR,22.84,23.61,1.4,0.77,22.21
ablate v2_scheme_matchup,2023,13,Nico Collins,WR,11.89,11.89,34.1,0.0,22.21
ablate v2_pff_alignment_matchup,2024,14,Ja'Marr Chase,WR,23.32,22.94,45.1,-0.38,22.16
ablate v2_scheme_matchup,2022,17,Davante Adams,WR,12.37,12.27,34.3,-0.1,22.03
ablate v2_pff_alignment_matchup,2022,13,Davante Adams,WR,16.11,15.73,37.7,-0.38,21.97
ablate v2_scheme_matchup,2023,17,DJ Moore,WR,9.67,9.0,30.9,-0.67,21.9
ablate v2_pff_alignment_matchup,2025,9,Tee Higgins,WR,10.73,11.21,33.1,0.48,21.89
ablate v2_scheme_matchup,2022,5,Gabe Davis,WR,10.16,10.25,32.1,0.09,21.85
ablate v2_pff_alignment_matchup,2023,3,Adam Thielen,WR,11.21,9.67,31.5,-1.54,21.83
ablate v2_pff_alignment_matchup,2022,17,Davante Adams,WR,12.37,12.56,34.3,0.19,21.74
ablate v2_scheme_matchup,2022,16,DeVonta Smith,WR,9.77,9.58,31.3,-0.19,21.72
ablate v2_pff_alignment_matchup,2023,16,Puka Nacua,WR,10.35,11.31,33.0,0.96,21.69
ablate v2_scheme_matchup,2024,6,Chris Godwin Jr.,WR,13.71,13.81,35.5,0.1,21.69
ablate v2_pff_alignment_matchup,2024,15,Amon-Ra St. Brown,WR,16.5,15.63,37.3,-0.87,21.67
ablate v2_scheme_matchup,2024,12,Jordan Addison,WR,8.43,8.62,30.2,0.19,21.58
ablate v2_pff_alignment_matchup,2024,11,Jonnu Smith,TE,6.91,6.53,28.1,-0.38,21.57
ablate v2_pff_alignment_matchup,2022,5,Gabe Davis,WR,10.16,10.64,32.1,0.48,21.46
ablate v2_pff_alignment_matchup,2023,10,CeeDee Lamb,WR,18.71,18.13,39.5,-0.58,21.37
ablate v2_scheme_matchup,2022,13,Davante Adams,WR,16.11,16.4,37.7,0.29,21.3
ablate v2_pff_alignment_matchup,2024,12,Jordan Addison,WR,8.43,8.91,30.2,0.48,21.29
ablate v2_pff_alignment_matchup,2025,12,Jaxon Smith-Njigba,WR,17.27,15.83,37.1,-1.44,21.27
ablate v2_pff_alignment_matchup,2025,8,Tucker Kraft,TE,9.47,12.04,33.3,2.57,21.26
ablate v2_pff_alignment_matchup,2022,16,DeVonta Smith,WR,9.77,10.06,31.3,0.29,21.24
ablate v2_scheme_matchup,2023,13,Sam LaPorta,TE,8.05,7.76,29.0,-0.29,21.24
ablate v2_scheme_matchup,2024,14,Ja'Marr Chase,WR,23.32,23.9,45.1,0.58,21.2
ablate v2_scheme_matchup,2025,18,Alec Pierce,WR,8.04,8.04,29.2,0.0,21.16
ablate v2_scheme_matchup,2022,9,Davante Adams,WR,15.83,15.44,36.6,-0.39,21.16
ablate v2_pff_alignment_matchup,2024,6,Chris Godwin Jr.,WR,13.71,14.38,35.5,0.67,21.12
ablate v2_scheme_matchup,2024,16,Justin Jefferson,WR,15.63,15.34,36.4,-0.29,21.06
ablate v2_scheme_matchup,2024,8,Cade Otton,TE,7.95,8.05,29.1,0.1,21.05
ablate v2_scheme_matchup,2022,11,Davante Adams,WR,12.17,12.08,33.1,-0.09,21.02
ablate v2_pff_alignment_matchup,2023,4,Chris Olave,WR,22.84,22.36,1.4,-0.48,20.96
ablate v2_scheme_matchup,2025,3,Hunter Henry,TE,8.33,8.05,29.0,-0.28,20.95
ablate v2_scheme_matchup,2025,4,George Pickens,WR,12.08,12.46,33.4,0.38,20.94
ablate v2_scheme_matchup,2024,11,Jonnu Smith,TE,6.91,7.19,28.1,0.28,20.91
ablate v2_scheme_matchup,2024,15,Amon-Ra St. Brown,WR,16.5,16.4,37.3,-0.1,20.9
ablate v2_pff_alignment_matchup,2023,5,Justin Jefferson,WR,25.05,26.68,5.8,1.63,20.88
ablate v2_pff_alignment_matchup,2025,18,Alec Pierce,WR,8.04,8.33,29.2,0.29,20.87
ablate v2_pff_alignment_matchup,2024,16,Justin Jefferson,WR,15.63,15.54,36.4,-0.09,20.86
ablate v2_pff_alignment_matchup,2023,17,DJ Moore,WR,9.67,10.06,30.9,0.39,20.84
ablate v2_pff_alignment_matchup,2025,4,George Pickens,WR,12.08,12.56,33.4,0.48,20.84
ablate v2_pff_alignment_matchup,2023,13,Sam LaPorta,TE,8.05,8.24,29.0,0.19,20.76
ablate v2_pff_alignment_matchup,2025,3,Hunter Henry,TE,8.33,8.24,29.0,-0.09,20.76
ablate v2_pff_alignment_matchup,2022,3,DeVonta Smith,WR,10.73,10.16,30.9,-0.57,20.74
ablate v2_scheme_matchup,2023,10,CeeDee Lamb,WR,18.71,18.8,39.5,0.09,20.7
ablate v2_scheme_matchup,2025,5,Emeka Egbuka,WR,10.64,10.64,31.3,0.0,20.66
ablate v2_scheme_matchup,2023,14,Tyreek Hill,WR,30.34,30.72,10.1,0.38,20.62
ablate v2_pff_alignment_matchup,2022,9,Davante Adams,WR,15.83,16.02,36.6,0.19,20.58
ablate v2_pff_alignment_matchup,2025,4,Puka Nacua,WR,15.83,15.44,36.0,-0.39,20.56
ablate v2_scheme_matchup,2025,4,Puka Nacua,WR,15.83,15.44,36.0,-0.39,20.56
ablate v2_pff_alignment_matchup,2023,11,Calvin Ridley,WR,11.79,10.54,31.1,-1.25,20.56
ablate v2_pff_alignment_matchup,2022,7,Mecole Hardman,WR,6.6,7.46,28.0,0.86,20.54
ablate v2_scheme_matchup,2025,6,George Pickens,WR,11.6,11.31,31.8,-0.29,20.49
ablate v2_scheme_matchup,2024,11,Amon-Ra St. Brown,WR,18.32,18.32,38.7,0.0,20.38
ablate v2_scheme_matchup,2024,5,Darnell Mooney,WR,11.12,11.12,31.5,0.0,20.38
ablate v2_pff_alignment_matchup,2025,6,Puka Nacua,WR,24.67,25.15,4.8,0.48,20.35
ablate v2_scheme_matchup,2022,17,Justin Jefferson,WR,22.46,22.84,2.5,0.38,20.34
ablate v2_pff_alignment_matchup,2025,6,Drake London,WR,11.4,11.5,31.8,0.1,20.3
ablate v2_pff_alignment_matchup,2022,10,Christian Kirk,WR,11.69,11.21,31.5,-0.48,20.29
ablate v2_scheme_matchup,2024,5,Garrett Wilson,WR,9.1,8.81,29.1,-0.29,20.29
ablate v2_pff_alignment_matchup,2024,11,Amon-Ra St. Brown,WR,18.32,18.42,38.7,0.1,20.28
ablate v2_pff_alignment_matchup,2023,11,A.J. Brown,WR,19.57,22.07,1.8,2.5,20.27
ablate v2_pff_alignment_matchup,2024,13,Brock Bowers,TE,10.33,9.95,30.2,-0.38,20.25
ablate v2_pff_alignment_matchup,2024,8,Cade Otton,TE,7.95,8.9,29.1,0.95,20.2
ablate v2_scheme_matchup,2023,3,Adam Thielen,WR,11.21,11.31,31.5,0.1,20.19
ablate v2_pff_alignment_matchup,2025,5,Emeka Egbuka,WR,10.64,11.12,31.3,0.48,20.18
ablate v2_scheme_matchup,2022,16,George Kittle,TE,10.71,9.85,30.0,-0.86,20.15
ablate v2_scheme_matchup,2022,18,Keenan Allen,WR,10.16,10.06,30.2,-0.1,20.14
ablate v2_pff_alignment_matchup,2023,5,George Kittle,TE,8.05,7.57,27.7,-0.48,20.13
ablate v2_scheme_matchup,2022,10,Christian Kirk,WR,11.69,11.4,31.5,-0.29,20.1
ablate v2_scheme_matchup,2022,3,DeVonta Smith,WR,10.73,10.83,30.9,0.1,20.07
ablate v2_scheme_matchup,2022,11,Josh Palmer,WR,10.54,10.54,30.6,0.0,20.06
ablate v2_scheme_matchup,2025,6,Puka Nacua,WR,24.67,24.86,4.8,0.19,20.06
ablate v2_pff_alignment_matchup,2022,11,Josh Palmer,WR,10.54,10.54,30.6,0.0,20.06
ablate v2_scheme_matchup,2025,12,Jaxon Smith-Njigba,WR,17.27,17.07,37.1,-0.2,20.03
ablate v2_scheme_matchup,2025,6,Drake London,WR,11.4,11.79,31.8,0.39,20.01
ablate v2_pff_alignment_matchup,2025,6,George Pickens,WR,11.6,11.79,31.8,0.19,20.01
ablate v2_scheme_matchup,2023,18,Justin Jefferson,WR,15.83,16.02,36.0,0.19,19.98
ablate v2_pff_alignment_matchup,2024,12,Jaylen Waddle,WR,8.62,8.43,28.4,-0.19,19.97
ablate v2_pff_alignment_matchup,2024,5,Garrett Wilson,WR,9.1,9.19,29.1,0.09,19.91
ablate v2_scheme_matchup,2022,16,CeeDee Lamb,WR,14.0,14.1,34.0,0.1,19.9
ablate v2_scheme_matchup,2024,3,Dallas Goedert,TE,7.0,7.1,27.0,0.1,19.9
ablate v2_pff_alignment_matchup,2022,11,Davante Adams,WR,12.17,13.23,33.1,1.06,19.87
ablate v2_pff_alignment_matchup,2022,18,Keenan Allen,WR,10.16,10.35,30.2,0.19,19.85
ablate v2_scheme_matchup,2025,17,Luther Burden III,WR,8.04,7.95,27.8,-0.09,19.85
ablate v2_scheme_matchup,2023,5,George Kittle,TE,8.05,7.86,27.7,-0.19,19.84
ablate v2_pff_alignment_matchup,2022,16,CeeDee Lamb,WR,14.0,14.19,34.0,0.19,19.81
ablate v2_pff_alignment_matchup,2023,18,Justin Jefferson,WR,15.83,16.21,36.0,0.38,19.79
ablate v2_scheme_matchup,2025,14,Puka Nacua,WR,15.83,15.92,35.7,0.09,19.78
ablate v2_pff_alignment_matchup,2022,13,A.J. Brown,WR,12.56,12.17,31.9,-0.39,19.73
ablate v2_pff_alignment_matchup,2025,17,Luther Burden III,WR,8.04,8.14,27.8,0.1,19.66
ablate v2_scheme_matchup,2024,12,Jaylen Waddle,WR,8.62,8.81,28.4,0.19,19.59
ablate v2_scheme_matchup,2022,13,A.J. Brown,WR,12.56,12.37,31.9,-0.19,19.53
ablate v2_scheme_matchup,2023,7,Jordan Addison,WR,11.79,11.79,31.3,0.0,19.51
ablate v2_pff_alignment_matchup,2023,7,Travis Kelce,TE,15.27,16.41,35.9,1.14,19.49
ablate v2_scheme_matchup,2023,14,Deebo Samuel Sr.,WR,15.34,14.58,34.0,-0.76,19.42
ablate v2_pff_alignment_matchup,2025,13,Amon-Ra St. Brown,WR,18.8,19.38,0.0,0.58,19.38
ablate v2_pff_alignment_matchup,2024,3,Dallas Goedert,TE,7.0,7.67,27.0,0.67,19.33
ablate v2_scheme_matchup,2023,10,T.J. Hockenson,TE,11.47,11.09,30.4,-0.38,19.31
ablate v2_scheme_matchup,2025,7,Ja'Marr Chase,WR,19.19,18.8,38.1,-0.39,19.3
ablate v2_scheme_matchup,2025,18,Zay Flowers,WR,10.54,10.54,29.8,0.0,19.26
ablate v2_pff_alignment_matchup,2025,18,Zay Flowers,WR,10.54,10.54,29.8,0.0,19.26
ablate v2_scheme_matchup,2023,5,Justin Jefferson,WR,25.05,25.05,5.8,0.0,19.25
ablate v2_scheme_matchup,2023,7,Cooper Kupp,WR,26.49,26.11,6.9,-0.38,19.21
ablate v2_pff_alignment_matchup,2024,9,Demarcus Robinson,WR,8.33,8.23,27.4,-0.1,19.17
ablate v2_scheme_matchup,2023,11,Calvin Ridley,WR,11.79,11.98,31.1,0.19,19.12
ablate v2_pff_alignment_matchup,2025,14,Puka Nacua,WR,15.83,16.59,35.7,0.76,19.11
ablate v2_scheme_matchup,2025,7,A.J. Brown,WR,8.91,9.0,28.1,0.09,19.1
ablate v2_scheme_matchup,2024,9,Demarcus Robinson,WR,8.33,8.33,27.4,0.0,19.07
ablate v2_pff_alignment_matchup,2024,5,Darnell Mooney,WR,11.12,12.46,31.5,1.34,19.04
ablate v2_pff_alignment_matchup,2022,16,George Kittle,TE,10.71,10.99,30.0,0.28,19.01
ablate v2_scheme_matchup,2024,15,DeVonta Smith,WR,9.0,9.0,28.0,0.0,19.0
ablate v2_scheme_matchup,2022,12,Zay Jones,WR,8.62,8.52,27.5,-0.1,18.98
ablate v2_pff_alignment_matchup,2022,10,Cooper Kupp,WR,21.59,21.88,2.9,0.29,18.98
ablate v2_pff_alignment_matchup,2025,7,Keenan Allen,WR,10.06,9.96,28.9,-0.1,18.94
ablate v2_pff_alignment_matchup,2023,4,Stefon Diggs,WR,17.46,17.07,36.0,-0.39,18.93
ablate v2_pff_alignment_matchup,2024,15,DeVonta Smith,WR,9.0,9.1,28.0,0.1,18.9
ablate v2_pff_alignment_matchup,2023,9,Dalton Schultz,TE,8.14,8.14,27.0,0.0,18.86
ablate v2_scheme_matchup,2023,9,Dalton Schultz,TE,8.14,8.14,27.0,0.0,18.86
ablate v2_scheme_matchup,2025,13,Amon-Ra St. Brown,WR,18.8,18.8,0.0,0.0,18.8
ablate v2_pff_alignment_matchup,2022,12,Zay Jones,WR,8.62,8.71,27.5,0.09,18.79
ablate v2_scheme_matchup,2024,12,Courtland Sutton,WR,10.83,10.92,29.7,0.09,18.78
ablate v2_scheme_matchup,2025,7,Keenan Allen,WR,10.06,10.16,28.9,0.1,18.74
ablate v2_pff_alignment_matchup,2023,7,Cooper Kupp,WR,26.49,25.63,6.9,-0.86,18.73
ablate v2_scheme_matchup,2024,13,Brock Bowers,TE,10.33,11.47,30.2,1.14,18.73
ablate v2_pff_alignment_matchup,2024,14,Jauan Jennings,WR,9.29,9.29,28.0,0.0,18.71
ablate v2_scheme_matchup,2024,4,Jayden Reed,WR,8.62,8.43,27.1,-0.19,18.67
ablate v2_pff_alignment_matchup,2023,14,Deebo Samuel Sr.,WR,15.34,15.34,34.0,0.0,18.66
ablate v2_scheme_matchup,2022,11,Amari Cooper,WR,12.65,12.65,31.3,0.0,18.65
ablate v2_pff_alignment_matchup,2022,11,Amari Cooper,WR,12.65,12.65,31.3,0.0,18.65
ablate v2_scheme_matchup,2024,5,Drake London,WR,14.77,14.77,33.4,0.0,18.63
ablate v2_scheme_matchup,2024,16,Brian Thomas Jr.,WR,9.48,9.58,28.2,0.1,18.62
ablate v2_scheme_matchup,2024,14,Jauan Jennings,WR,9.29,9.39,28.0,0.1,18.61
ablate v2_pff_alignment_matchup,2023,10,T.J. Hockenson,TE,11.47,11.85,30.4,0.38,18.55
ablate v2_scheme_matchup,2023,7,Travis Kelce,TE,15.27,17.36,35.9,2.09,18.54
ablate v2_scheme_matchup,2023,4,Stefon Diggs,WR,17.46,17.46,36.0,0.0,18.54
ablate v2_pff_alignment_matchup,2023,17,Jayden Reed,WR,8.71,8.43,26.9,-0.28,18.47
ablate v2_scheme_matchup,2023,15,Jordan Addison,WR,10.73,10.64,29.1,-0.09,18.46
ablate v2_pff_alignment_matchup,2022,17,Justin Jefferson,WR,22.46,20.92,2.5,-1.54,18.42
ablate v2_pff_alignment_matchup,2023,14,Tyreek Hill,WR,30.34,28.51,10.1,-1.83,18.41
ablate v2_scheme_matchup,2023,13,Christian Watson,WR,9.0,9.19,27.6,0.19,18.41
ablate v2_pff_alignment_matchup,2024,4,Jayden Reed,WR,8.62,8.71,27.1,0.09,18.39
ablate v2_pff_alignment_matchup,2025,7,A.J. Brown,WR,8.91,9.77,28.1,0.86,18.33
ablate v2_scheme_matchup,2022,10,Justin Jefferson,WR,17.07,16.98,35.3,-0.09,18.32
ablate v2_scheme_matchup,2024,9,Garrett Wilson,WR,11.6,11.69,30.0,0.09,18.31
ablate v2_pff_alignment_matchup,2023,7,Jordan Addison,WR,11.79,13.04,31.3,1.25,18.26
ablate v2_scheme_matchup,2023,11,A.J. Brown,WR,19.57,20.05,1.8,0.48,18.25
ablate v2_pff_alignment_matchup,2024,16,Brian Thomas Jr.,WR,9.48,9.96,28.2,0.48,18.24
ablate v2_scheme_matchup,2023,17,Jayden Reed,WR,8.71,8.71,26.9,0.0,18.19
ablate v2_scheme_matchup,2023,6,Puka Nacua,WR,24.47,24.76,6.6,0.29,18.16
ablate v2_pff_alignment_matchup,2022,10,Justin Jefferson,WR,17.07,17.17,35.3,0.1,18.13
ablate v2_pff_alignment_matchup,2024,9,Garrett Wilson,WR,11.6,11.89,30.0,0.29,18.11
ablate v2_pff_alignment_matchup,2023,15,Jordan Addison,WR,10.73,11.02,29.1,0.29,18.08
ablate v2_pff_alignment_matchup,2023,13,Christian Watson,WR,9.0,9.58,27.6,0.58,18.02
ablate v2_pff_alignment_matchup,2022,6,Ja'Marr Chase,WR,14.19,14.19,32.2,0.0,18.01
ablate v2_scheme_matchup,2022,6,Ja'Marr Chase,WR,14.19,14.19,32.2,0.0,18.01
ablate v2_scheme_matchup,2022,13,Amon-Ra St. Brown,WR,16.59,16.59,34.6,0.0,18.01
ablate v2_scheme_matchup,2022,7,Tyler Boyd,WR,11.69,11.5,29.5,-0.19,18.0
ablate v2_scheme_matchup,2024,17,Ladd McConkey,WR,11.21,11.4,29.4,0.19,18.0
ablate v2_scheme_matchup,2022,8,Davante Adams,WR,18.8,19.19,1.2,0.39,17.99
ablate v2_pff_alignment_matchup,2023,17,CeeDee Lamb,WR,22.17,22.26,40.2,0.09,17.94
ablate v2_pff_alignment_matchup,2024,14,Tyreek Hill,WR,10.16,10.16,28.1,0.0,17.94
ablate v2_pff_alignment_matchup,2025,7,Trey McBride,TE,11.47,11.47,29.4,0.0,17.93
ablate v2_scheme_matchup,2025,7,Trey McBride,TE,11.47,11.47,29.4,0.0,17.93
ablate v2_pff_alignment_matchup,2022,13,Amon-Ra St. Brown,WR,16.59,16.69,34.6,0.1,17.91
ablate v2_pff_alignment_matchup,2025,4,Romeo Doubs,WR,13.23,11.89,29.8,-1.34,17.91
ablate v2_pff_alignment_matchup,2024,12,Courtland Sutton,WR,10.83,11.79,29.7,0.96,17.91
ablate v2_pff_alignment_matchup,2025,8,Troy Franklin,WR,9.19,9.0,26.9,-0.19,17.9
ablate v2_pff_alignment_matchup,2024,17,Ladd McConkey,WR,11.21,11.5,29.4,0.29,17.9
ablate v2_pff_alignment_matchup,2022,12,Chris Godwin Jr.,WR,11.5,11.12,29.0,-0.38,17.88
ablate v2_scheme_matchup,2022,3,Justin Jefferson,WR,22.26,22.26,4.4,0.0,17.86
ablate v2_scheme_matchup,2024,14,Tyreek Hill,WR,10.16,10.25,28.1,0.09,17.85
ablate v2_pff_alignment_matchup,2022,4,Mike Evans,WR,12.75,12.46,30.3,-0.29,17.84
ablate v2_scheme_matchup,2022,10,Cooper Kupp,WR,21.59,20.73,2.9,-0.86,17.83
ablate v2_pff_alignment_matchup,2023,14,David Njoku,TE,9.28,9.28,27.1,0.0,17.82
ablate v2_scheme_matchup,2023,14,David Njoku,TE,9.28,9.28,27.1,0.0,17.82
ablate v2_pff_alignment_matchup,2022,7,Tyler Boyd,WR,11.69,11.69,29.5,0.0,17.81
ablate v2_scheme_matchup,2025,8,Troy Franklin,WR,9.19,9.1,26.9,-0.09,17.8
ablate v2_pff_alignment_matchup,2022,12,Garrett Wilson,WR,8.91,8.62,26.4,-0.29,17.78
ablate v2_scheme_matchup,2022,6,Brandon Aiyuk,WR,10.64,10.54,28.3,-0.1,17.76
ablate v2_scheme_matchup,2023,17,CeeDee Lamb,WR,22.17,22.46,40.2,0.29,17.74
ablate v2_scheme_matchup,2024,17,Zach Ertz,TE,7.57,7.48,25.2,-0.09,17.72
ablate v2_pff_alignment_matchup,2023,9,Cade Otton,TE,7.57,7.29,25.0,-0.28,17.71
ablate v2_pff_alignment_matchup,2025,6,Kayshon Boutte,WR,9.0,8.62,26.3,-0.38,17.68
ablate v2_scheme_matchup,2022,11,Travis Kelce,TE,18.31,17.83,35.5,-0.48,17.67
ablate v2_scheme_matchup,2022,4,Mike Evans,WR,12.75,12.65,30.3,-0.1,17.65
ablate v2_pff_alignment_matchup,2023,4,Cole Kmet,TE,10.42,9.95,27.6,-0.47,17.65
ablate v2_pff_alignment_matchup,2024,4,Rashee Rice,WR,17.84,17.65,0.0,-0.19,17.65
ablate v2_scheme_matchup,2025,14,Harold Fannin Jr.,TE,7.76,7.76,25.4,0.0,17.64
ablate v2_pff_alignment_matchup,2025,14,Harold Fannin Jr.,TE,7.76,7.76,25.4,0.0,17.64
ablate v2_pff_alignment_matchup,2024,17,DeVonta Smith,WR,12.85,12.37,30.0,-0.48,17.63
ablate v2_pff_alignment_matchup,2022,3,Justin Jefferson,WR,22.26,21.98,4.4,-0.28,17.58
ablate v2_scheme_matchup,2023,18,DK Metcalf,WR,19.0,19.57,2.0,0.57,17.57
ablate v2_pff_alignment_matchup,2025,12,Jameson Williams,WR,16.4,17.56,0.0,1.16,17.56
ablate v2_pff_alignment_matchup,2022,3,DJ Moore,WR,17.84,20.05,2.5,2.21,17.55
ablate v2_scheme_matchup,2023,8,Travis Kelce,TE,28.0,29.33,11.8,1.33,17.53
ablate v2_scheme_matchup,2024,8,Travis Kelce,TE,7.38,7.48,25.0,0.1,17.52
ablate v2_scheme_matchup,2022,12,Chris Godwin Jr.,WR,11.5,11.5,29.0,0.0,17.5
ablate v2_scheme_matchup,2022,12,Garrett Wilson,WR,8.91,8.91,26.4,0.0,17.49
ablate v2_pff_alignment_matchup,2025,7,Ja'Marr Chase,WR,19.19,20.63,38.1,1.44,17.47
ablate v2_pff_alignment_matchup,2022,15,Russell Gage,WR,8.71,8.43,25.9,-0.28,17.47
ablate v2_pff_alignment_matchup,2024,17,Michael Pittman,WR,8.71,8.43,25.9,-0.28,17.47
ablate v2_scheme_matchup,2023,4,Cole Kmet,TE,10.42,10.14,27.6,-0.28,17.46
ablate v2_pff_alignment_matchup,2025,5,Ja'Marr Chase,WR,11.79,11.69,29.0,-0.1,17.31
ablate v2_pff_alignment_matchup,2023,14,Drake London,WR,11.79,11.89,29.2,0.1,17.31
ablate v2_scheme_matchup,2025,5,Ja'Marr Chase,WR,11.79,11.69,29.0,-0.1,17.31
ablate v2_scheme_matchup,2025,6,Kayshon Boutte,WR,9.0,9.0,26.3,0.0,17.3
ablate v2_scheme_matchup,2022,4,Justin Jefferson,WR,13.81,13.71,31.0,-0.1,17.29
ablate v2_scheme_matchup,2022,15,Russell Gage,WR,8.71,8.62,25.9,-0.09,17.28
ablate v2_pff_alignment_matchup,2024,3,Malik Nabers,WR,11.02,10.92,28.2,-0.1,17.28
ablate v2_scheme_matchup,2024,4,Rashee Rice,WR,17.84,17.27,0.0,-0.57,17.27
ablate v2_scheme_matchup,2025,5,Jaxon Smith-Njigba,WR,10.06,9.96,27.2,-0.1,17.24
ablate v2_pff_alignment_matchup,2025,15,Dallas Goedert,TE,7.0,7.76,25.0,0.76,17.24
ablate v2_pff_alignment_matchup,2025,3,Zay Flowers,WR,20.53,20.53,3.3,0.0,17.23
ablate v2_scheme_matchup,2025,3,Zay Flowers,WR,20.53,20.53,3.3,0.0,17.23
ablate v2_pff_alignment_matchup,2024,5,Tee Higgins,WR,12.46,12.08,29.3,-0.38,17.22
ablate v2_scheme_matchup,2024,5,Tee Higgins,WR,12.46,12.08,29.3,-0.38,17.22
ablate v2_scheme_matchup,2023,14,Drake London,WR,11.79,11.98,29.2,0.19,17.22
ablate v2_pff_alignment_matchup,2024,5,Drake London,WR,14.77,16.21,33.4,1.44,17.19
ablate v2_pff_alignment_matchup,2022,6,Brandon Aiyuk,WR,10.64,11.12,28.3,0.48,17.18
ablate v2_scheme_matchup,2024,3,Malik Nabers,WR,11.02,11.02,28.2,0.0,17.18
ablate v2_scheme_matchup,2025,4,Romeo Doubs,WR,13.23,12.65,29.8,-0.58,17.15
ablate v2_pff_alignment_matchup,2024,8,Travis Kelce,TE,7.38,7.86,25.0,0.48,17.14
ablate v2_pff_alignment_matchup,2024,8,Ladd McConkey,WR,11.98,11.98,29.1,0.0,17.12
ablate v2_scheme_matchup,2024,8,Ladd McConkey,WR,11.98,11.98,29.1,0.0,17.12
ablate v2_scheme_matchup,2024,17,DeVonta Smith,WR,12.85,12.94,30.0,0.09,17.06
ablate v2_scheme_matchup,2024,11,Jauan Jennings,WR,8.14,8.04,25.1,-0.1,17.06
ablate v2_pff_alignment_matchup,2024,18,Jordan Addison,WR,18.04,18.04,1.0,0.0,17.04
ablate v2_scheme_matchup,2024,18,Jordan Addison,WR,18.04,18.04,1.0,0.0,17.04
ablate v2_pff_alignment_matchup,2025,15,Colby Parkinson,TE,7.86,7.48,24.5,-0.38,17.02
ablate v2_scheme_matchup,2025,6,Dallas Goedert,TE,9.28,9.0,26.0,-0.28,17.0
ablate v2_pff_alignment_matchup,2024,11,Jauan Jennings,WR,8.14,8.14,25.1,0.0,16.96
ablate v2_scheme_matchup,2022,10,A.J. Brown,WR,18.61,18.61,1.7,0.0,16.91
ablate v2_scheme_matchup,2024,17,Michael Pittman,WR,8.71,9.0,25.9,0.29,16.9
ablate v2_pff_alignment_matchup,2024,4,Nico Collins,WR,16.21,16.21,33.1,0.0,16.89
ablate v2_scheme_matchup,2024,4,Nico Collins,WR,16.21,16.21,33.1,0.0,16.89
ablate v2_pff_alignment_matchup,2023,5,Tyreek Hill,WR,15.34,15.25,32.1,-0.09,16.85
ablate v2_pff_alignment_matchup,2024,9,Zay Flowers,WR,12.85,12.85,29.7,0.0,16.85
ablate v2_scheme_matchup,2024,9,Zay Flowers,WR,12.85,12.85,29.7,0.0,16.85
ablate v2_pff_alignment_matchup,2022,8,Davante Adams,WR,18.8,18.04,1.2,-0.76,16.84
ablate v2_scheme_matchup,2025,15,Colby Parkinson,TE,7.86,7.67,24.5,-0.19,16.83
ablate v2_pff_alignment_matchup,2023,10,Noah Brown,WR,7.37,7.37,24.2,0.0,16.83
ablate v2_scheme_matchup,2024,13,David Njoku,TE,9.38,9.38,26.2,0.0,16.82
ablate v2_pff_alignment_matchup,2024,13,David Njoku,TE,9.38,9.38,26.2,0.0,16.82
ablate v2_pff_alignment_matchup,2022,4,Justin Jefferson,WR,13.81,14.19,31.0,0.38,16.81
ablate v2_pff_alignment_matchup,2023,5,Adam Thielen,WR,11.21,10.92,27.7,-0.29,16.78
ablate v2_pff_alignment_matchup,2024,17,Zach Ertz,TE,7.57,8.43,25.2,0.86,16.77
ablate v2_scheme_matchup,2023,4,T.J. Hockenson,TE,19.73,21.16,4.4,1.43,16.76
ablate v2_scheme_matchup,2023,9,Cade Otton,TE,7.57,8.24,25.0,0.67,16.76
ablate v2_scheme_matchup,2023,10,Stefon Diggs,WR,23.32,23.13,6.4,-0.19,16.73
ablate v2_pff_alignment_matchup,2023,7,Josh Downs,WR,6.22,6.79,23.5,0.57,16.71
ablate v2_pff_alignment_matchup,2024,14,Davante Adams,WR,9.29,9.19,25.9,-0.1,16.71
ablate v2_scheme_matchup,2024,7,David Njoku,TE,6.91,6.91,23.6,0.0,16.69
ablate v2_pff_alignment_matchup,2023,15,Chris Godwin Jr.,WR,9.0,8.81,25.5,-0.19,16.69
ablate v2_pff_alignment_matchup,2024,7,David Njoku,TE,6.91,6.91,23.6,0.0,16.69
ablate v2_scheme_matchup,2023,5,Adam Thielen,WR,11.21,11.02,27.7,-0.19,16.68
ablate v2_scheme_matchup,2023,5,Tyreek Hill,WR,15.34,15.44,32.1,0.1,16.66
ablate v2_pff_alignment_matchup,2022,3,David Njoku,TE,7.29,7.29,23.9,0.0,16.61
ablate v2_scheme_matchup,2022,3,David Njoku,TE,7.29,7.29,23.9,0.0,16.61
ablate v2_scheme_matchup,2024,14,Davante Adams,WR,9.29,9.29,25.9,0.0,16.61
ablate v2_scheme_matchup,2025,12,Jameson Williams,WR,16.4,16.59,0.0,0.19,16.59
ablate v2_scheme_matchup,2024,13,Terry McLaurin,WR,10.92,10.73,27.3,-0.19,16.57
ablate v2_pff_alignment_matchup,2024,18,Jakobi Meyers,WR,11.02,10.73,27.3,-0.29,16.57
ablate v2_scheme_matchup,2023,15,David Njoku,TE,9.85,9.85,26.4,0.0,16.55
ablate v2_pff_alignment_matchup,2023,15,David Njoku,TE,9.85,9.85,26.4,0.0,16.55
ablate v2_pff_alignment_matchup,2025,5,Jaxon Smith-Njigba,WR,10.06,10.73,27.2,0.67,16.47
ablate v2_pff_alignment_matchup,2025,11,George Pickens,WR,13.9,12.94,29.4,-0.96,16.46
ablate v2_pff_alignment_matchup,2024,16,Keenan Allen,WR,12.46,12.65,29.1,0.19,16.45
ablate v2_scheme_matchup,2024,16,Keenan Allen,WR,12.46,12.65,29.1,0.19,16.45
ablate v2_scheme_matchup,2024,17,Terry McLaurin,WR,17.94,17.94,1.5,0.0,16.44
ablate v2_pff_alignment_matchup,2022,11,Travis Kelce,TE,18.31,19.07,35.5,0.76,16.43
ablate v2_scheme_matchup,2023,15,Terry McLaurin,WR,9.77,9.67,26.1,-0.1,16.43
ablate v2_pff_alignment_matchup,2024,5,Brock Bowers,TE,7.29,7.29,23.7,0.0,16.41
ablate v2_pff_alignment_matchup,2022,13,Tyler Lockett,WR,11.31,11.4,27.8,0.09,16.4
ablate v2_pff_alignment_matchup,2022,15,George Kittle,TE,9.38,8.9,25.3,-0.48,16.4
ablate v2_pff_alignment_matchup,2023,10,Amon-Ra St. Brown,WR,14.96,14.1,30.5,-0.86,16.4
ablate v2_scheme_matchup,2023,15,Chris Godwin Jr.,WR,9.0,9.1,25.5,0.1,16.4
ablate v2_pff_alignment_matchup,2025,6,Dallas Goedert,TE,9.28,9.66,26.0,0.38,16.34
ablate v2_scheme_matchup,2024,11,Cooper Kupp,WR,12.08,12.27,28.6,0.19,16.33
ablate v2_pff_alignment_matchup,2023,5,Dallas Goedert,TE,9.09,9.38,25.7,0.29,16.32
ablate v2_scheme_matchup,2024,5,Brock Bowers,TE,7.29,7.38,23.7,0.09,16.32
ablate v2_scheme_matchup,2025,10,Emeka Egbuka,WR,7.08,7.18,23.5,0.1,16.32
ablate v2_scheme_matchup,2023,9,Cole Kmet,TE,7.57,7.19,23.5,-0.38,16.31
ablate v2_scheme_matchup,2023,6,Amon-Ra St. Brown,WR,14.1,14.1,30.4,0.0,16.3
ablate v2_scheme_matchup,2022,10,Cole Kmet,TE,7.0,7.1,23.4,0.1,16.3
ablate v2_pff_alignment_matchup,2022,10,Cole Kmet,TE,7.0,7.1,23.4,0.1,16.3
ablate v2_scheme_matchup,2025,10,George Kittle,TE,7.19,7.1,23.4,-0.09,16.3
ablate v2_scheme_matchup,2022,13,Tyler Lockett,WR,11.31,11.5,27.8,0.19,16.3
ablate v2_scheme_matchup,2024,18,Jakobi Meyers,WR,11.02,11.02,27.3,0.0,16.28
ablate v2_pff_alignment_matchup,2024,11,Cooper Kupp,WR,12.08,12.37,28.6,0.29,16.23
ablate v2_scheme_matchup,2023,9,Travis Kelce,TE,17.93,20.59,4.4,2.66,16.19
ablate v2_pff_alignment_matchup,2022,17,Dalton Schultz,TE,8.52,8.43,24.6,-0.09,16.17
ablate v2_pff_alignment_matchup,2024,11,Jerry Jeudy,WR,10.06,10.06,26.2,0.0,16.14
ablate v2_scheme_matchup,2024,11,Jerry Jeudy,WR,10.06,10.06,26.2,0.0,16.14
ablate v2_scheme_matchup,2023,5,Dallas Goedert,TE,9.09,9.57,25.7,0.48,16.13
ablate v2_scheme_matchup,2024,16,Jameson Williams,WR,9.87,9.87,26.0,0.0,16.13
ablate v2_pff_alignment_matchup,2024,5,Tucker Kraft,TE,9.38,8.71,24.8,-0.67,16.09
ablate v2_scheme_matchup,2023,13,Mike Evans,WR,12.94,13.13,29.2,0.19,16.07
ablate v2_pff_alignment_matchup,2023,18,DK Metcalf,WR,19.0,18.04,2.0,-0.96,16.04
ablate v2_scheme_matchup,2022,13,Travis Kelce,TE,22.39,23.63,7.6,1.24,16.03
ablate v2_scheme_matchup,2022,5,Justin Jefferson,WR,14.29,14.29,30.32,0.0,16.03
ablate v2_pff_alignment_matchup,2023,6,Amon-Ra St. Brown,WR,14.1,14.38,30.4,0.28,16.02
ablate v2_pff_alignment_matchup,2023,3,Puka Nacua,WR,27.17,28.22,12.2,1.05,16.02
ablate v2_scheme_matchup,2024,17,Adam Thielen,WR,12.08,11.98,28.0,-0.1,16.02
ablate v2_pff_alignment_matchup,2024,5,DJ Moore,WR,11.69,11.5,27.5,-0.19,16.0
ablate v2_pff_alignment_matchup,2023,13,Mike Evans,WR,12.94,13.23,29.2,0.29,15.97
ablate v2_pff_alignment_matchup,2023,9,Cole Kmet,TE,7.57,7.57,23.5,0.0,15.93
ablate v2_pff_alignment_matchup,2023,4,Jordan Addison,WR,15.83,15.92,0.0,0.09,15.92
ablate v2_pff_alignment_matchup,2024,13,Terry McLaurin,WR,10.92,11.4,27.3,0.48,15.9
ablate v2_pff_alignment_matchup,2023,6,Adam Thielen,WR,14.0,12.65,28.5,-1.35,15.85
ablate v2_scheme_matchup,2023,10,Amon-Ra St. Brown,WR,14.96,14.67,30.5,-0.29,15.83
ablate v2_scheme_matchup,2022,3,Marquise Brown,WR,12.17,12.17,28.0,0.0,15.83
ablate v2_pff_alignment_matchup,2022,3,Marquise Brown,WR,12.17,12.17,28.0,0.0,15.83
ablate v2_pff_alignment_matchup,2025,3,Mark Andrews,TE,11.28,11.28,27.1,0.0,15.82
ablate v2_scheme_matchup,2025,3,Mark Andrews,TE,11.28,11.28,27.1,0.0,15.82
ablate v2_scheme_matchup,2024,5,DJ Moore,WR,11.69,11.69,27.5,0.0,15.81
ablate v2_scheme_matchup,2022,5,Tyler Lockett,WR,11.79,11.6,27.4,-0.19,15.8
ablate v2_scheme_matchup,2022,15,Juwan Johnson,TE,6.43,6.91,22.7,0.48,15.79
ablate v2_pff_alignment_matchup,2022,15,Juwan Johnson,TE,6.43,6.91,22.7,0.48,15.79
ablate v2_scheme_matchup,2023,5,George Pickens,WR,10.83,10.83,26.6,0.0,15.77
ablate v2_pff_alignment_matchup,2025,17,Chris Godwin Jr.,WR,8.14,8.04,23.8,-0.1,15.76
ablate v2_scheme_matchup,2025,17,Chris Godwin Jr.,WR,8.14,8.04,23.8,-0.1,15.76
ablate v2_pff_alignment_matchup,2022,13,Travis Kelce,TE,22.39,23.34,7.6,0.95,15.74
ablate v2_pff_alignment_matchup,2022,5,Justin Jefferson,WR,14.29,14.58,30.32,0.29,15.74
ablate v2_pff_alignment_matchup,2024,17,Adam Thielen,WR,12.08,12.27,28.0,0.19,15.73
ablate v2_pff_alignment_matchup,2022,5,Tyler Lockett,WR,11.79,11.69,27.4,-0.1,15.71
ablate v2_scheme_matchup,2024,11,Tee Higgins,WR,14.48,14.1,29.8,-0.38,15.7
ablate v2_pff_alignment_matchup,2024,17,Terry McLaurin,WR,17.94,17.17,1.5,-0.77,15.67
ablate v2_pff_alignment_matchup,2022,10,A.J. Brown,WR,18.61,17.36,1.7,-1.25,15.66
ablate v2_pff_alignment_matchup,2025,10,George Kittle,TE,7.19,7.76,23.4,0.57,15.64
ablate v2_scheme_matchup,2023,4,Jordan Addison,WR,15.83,15.63,0.0,-0.2,15.63
ablate v2_pff_alignment_matchup,2024,12,Noah Gray,TE,6.91,7.0,22.6,0.09,15.6
ablate v2_pff_alignment_matchup,2023,15,Terry McLaurin,WR,9.77,10.54,26.1,0.77,15.56
ablate v2_pff_alignment_matchup,2024,16,Jameson Williams,WR,9.87,10.44,26.0,0.57,15.56
ablate v2_pff_alignment_matchup,2023,15,Jaylen Waddle,WR,12.75,12.65,28.2,-0.1,15.55
ablate v2_pff_alignment_matchup,2024,11,Tee Higgins,WR,14.48,14.29,29.8,-0.19,15.51
ablate v2_scheme_matchup,2025,11,Travis Kelce,TE,9.47,8.62,24.1,-0.85,15.48
ablate v2_scheme_matchup,2024,6,Cole Kmet,TE,8.14,8.52,24.0,0.38,15.48
ablate v2_scheme_matchup,2023,15,Jaylen Waddle,WR,12.75,12.75,28.2,0.0,15.45
ablate v2_pff_alignment_matchup,2025,12,DJ Moore,WR,8.14,7.95,23.4,-0.19,15.45
ablate v2_scheme_matchup,2022,7,JuJu Smith-Schuster,WR,9.58,9.96,25.4,0.38,15.44
ablate v2_pff_alignment_matchup,2022,7,Parris Campbell,WR,7.56,7.56,23.0,0.0,15.44
ablate v2_pff_alignment_matchup,2025,17,Alec Pierce,WR,15.63,15.44,0.0,-0.19,15.44
ablate v2_pff_alignment_matchup,2024,3,Rashid Shaheed,WR,14.77,15.44,0.0,0.67,15.44
ablate v2_scheme_matchup,2022,7,Parris Campbell,WR,7.56,7.56,23.0,0.0,15.44
ablate v2_scheme_matchup,2023,17,Juwan Johnson,TE,7.86,7.57,23.0,-0.29,15.43
ablate v2_pff_alignment_matchup,2023,3,Deebo Samuel Sr.,WR,9.77,9.67,25.1,-0.1,15.43
ablate v2_scheme_matchup,2024,17,Trey McBride,TE,14.89,14.89,30.3,0.0,15.41
ablate v2_pff_alignment_matchup,2024,17,Trey McBride,TE,14.89,14.89,30.3,0.0,15.41
ablate v2_scheme_matchup,2024,12,DJ Moore,WR,11.6,11.5,26.9,-0.1,15.4
ablate v2_scheme_matchup,2025,11,George Pickens,WR,13.9,14.0,29.4,0.1,15.4
ablate v2_pff_alignment_matchup,2022,18,Jerry Jeudy,WR,9.48,8.91,24.3,-0.57,15.39
ablate v2_scheme_matchup,2023,3,DeVonta Smith,WR,22.17,22.17,6.8,0.0,15.37
ablate v2_scheme_matchup,2025,12,DJ Moore,WR,8.14,8.04,23.4,-0.1,15.36
ablate v2_pff_alignment_matchup,2024,18,Justin Jefferson,WR,23.03,23.71,8.4,0.68,15.31
ablate v2_pff_alignment_matchup,2025,11,Travis Kelce,TE,9.47,8.81,24.1,-0.66,15.29
ablate v2_scheme_matchup,2025,10,Michael Pittman,WR,18.52,19.19,3.9,0.67,15.29
ablate v2_pff_alignment_matchup,2023,6,Puka Nacua,WR,24.47,21.88,6.6,-2.59,15.28
ablate v2_pff_alignment_matchup,2022,6,Chase Claypool,WR,8.23,8.14,23.4,-0.09,15.26
ablate v2_pff_alignment_matchup,2022,17,Amari Cooper,WR,10.25,10.25,25.5,0.0,15.25
ablate v2_scheme_matchup,2022,17,Amari Cooper,WR,10.25,10.25,25.5,0.0,15.25
ablate v2_pff_alignment_matchup,2023,4,Deebo Samuel Sr.,WR,15.06,15.83,0.6,0.77,15.23
ablate v2_scheme_matchup,2023,3,Deebo Samuel Sr.,WR,9.77,9.87,25.1,0.1,15.23
ablate v2_pff_alignment_matchup,2023,15,Sam LaPorta,TE,14.13,13.37,28.6,-0.76,15.23
ablate v2_scheme_matchup,2024,12,Noah Gray,TE,6.91,7.38,22.6,0.47,15.22
ablate v2_scheme_matchup,2022,17,Dalton Schultz,TE,8.52,9.38,24.6,0.86,15.22
ablate v2_scheme_matchup,2023,18,Evan Engram,TE,8.9,8.71,23.9,-0.19,15.19
ablate v2_scheme_matchup,2023,9,Jake Ferguson,TE,6.72,6.91,22.1,0.19,15.19
ablate v2_scheme_matchup,2022,4,Amari Cooper,WR,17.07,17.07,1.9,0.0,15.17
ablate v2_pff_alignment_matchup,2022,4,Amari Cooper,WR,17.07,17.07,1.9,0.0,15.17
ablate v2_scheme_matchup,2022,6,Chase Claypool,WR,8.23,8.23,23.4,0.0,15.17
ablate v2_scheme_matchup,2022,15,George Kittle,TE,9.38,10.14,25.3,0.76,15.16
ablate v2_pff_alignment_matchup,2023,17,Juwan Johnson,TE,7.86,7.86,23.0,0.0,15.14
ablate v2_scheme_matchup,2022,8,DJ Moore,WR,12.46,12.37,27.5,-0.09,15.13
ablate v2_pff_alignment_matchup,2025,14,Tee Higgins,WR,12.37,12.08,27.2,-0.29,15.12
ablate v2_pff_alignment_matchup,2023,10,Stefon Diggs,WR,23.32,21.5,6.4,-1.82,15.1
ablate v2_scheme_matchup,2022,18,Tee Higgins,WR,16.69,16.79,1.7,0.1,15.09
ablate v2_scheme_matchup,2022,7,Mark Andrews,TE,15.46,15.46,0.4,0.0,15.06
ablate v2_pff_alignment_matchup,2022,7,Mark Andrews,TE,15.46,15.46,0.4,0.0,15.06
ablate v2_scheme_matchup,2022,3,DJ Moore,WR,17.84,17.56,2.5,-0.28,15.06
ablate v2_scheme_matchup,2025,17,Alec Pierce,WR,15.63,15.06,0.0,-0.57,15.06
ablate v2_pff_alignment_matchup,2024,10,Calvin Ridley,WR,10.35,10.35,25.4,0.0,15.05
ablate v2_pff_alignment_matchup,2024,12,DJ Moore,WR,11.6,11.89,26.9,0.29,15.01
ablate v2_pff_alignment_matchup,2024,6,Cole Kmet,TE,8.14,9.0,24.0,0.86,15.0
ablate v2_pff_alignment_matchup,2023,5,George Pickens,WR,10.83,11.6,26.6,0.77,15.0
ablate v2_pff_alignment_matchup,2023,5,DeVonta Smith,WR,15.06,16.59,1.6,1.53,14.99
ablate v2_scheme_matchup,2024,14,Tee Higgins,WR,18.8,19.28,4.3,0.48,14.98
ablate v2_scheme_matchup,2023,6,Adam Thielen,WR,14.0,13.52,28.5,-0.48,14.98
ablate v2_pff_alignment_matchup,2022,8,Jaylen Waddle,WR,16.4,15.63,30.6,-0.77,14.97
ablate v2_scheme_matchup,2023,3,Puka Nacua,WR,27.17,27.17,12.2,0.0,14.97
ablate v2_scheme_matchup,2024,10,Calvin Ridley,WR,10.35,10.44,25.4,0.09,14.96
ablate v2_pff_alignment_matchup,2023,16,Courtland Sutton,WR,14.48,14.96,0.0,0.48,14.96
ablate v2_pff_alignment_matchup,2023,9,Travis Kelce,TE,17.93,19.35,4.4,1.42,14.95
ablate v2_pff_alignment_matchup,2024,3,Amari Cooper,WR,12.46,12.65,27.6,0.19,14.95
ablate v2_pff_alignment_matchup,2025,14,Christian Watson,WR,9.96,9.96,24.9,0.0,14.94
ablate v2_scheme_matchup,2024,6,Garrett Wilson,WR,9.87,9.77,24.7,-0.1,14.93
ablate v2_scheme_matchup,2025,16,Alec Pierce,WR,9.67,9.67,24.6,0.0,14.93
ablate v2_pff_alignment_matchup,2025,5,Stefon Diggs,WR,9.48,9.67,24.6,0.19,14.93
ablate v2_pff_alignment_matchup,2024,15,Malik Nabers,WR,9.87,9.29,24.2,-0.58,14.91
ablate v2_pff_alignment_matchup,2025,6,Jaxon Smith-Njigba,WR,15.54,15.34,30.2,-0.2,14.86
ablate v2_pff_alignment_matchup,2022,7,JuJu Smith-Schuster,WR,9.58,10.54,25.4,0.96,14.86
ablate v2_pff_alignment_matchup,2022,8,DJ Moore,WR,12.46,12.65,27.5,0.19,14.85
ablate v2_scheme_matchup,2023,3,CeeDee Lamb,WR,24.28,25.05,10.2,0.77,14.85
ablate v2_scheme_matchup,2025,14,Christian Watson,WR,9.96,10.06,24.9,0.1,14.84
ablate v2_scheme_matchup,2024,18,Pat Freiermuth,TE,7.76,7.67,22.5,-0.09,14.83
ablate v2_scheme_matchup,2025,7,Chris Olave,WR,11.98,11.98,26.8,0.0,14.82
ablate v2_scheme_matchup,2024,3,Rashid Shaheed,WR,14.77,14.77,0.0,0.0,14.77
ablate v2_scheme_matchup,2025,6,Jaxon Smith-Njigba,WR,15.54,15.44,30.2,-0.1,14.76
ablate v2_pff_alignment_matchup,2025,12,Hunter Henry,TE,9.28,9.76,24.5,0.48,14.74
ablate v2_pff_alignment_matchup,2025,16,Alec Pierce,WR,9.67,9.87,24.6,0.2,14.73
ablate v2_scheme_matchup,2022,18,Jerry Jeudy,WR,9.48,9.58,24.3,0.1,14.72
ablate v2_pff_alignment_matchup,2025,5,Jake Ferguson,TE,10.33,9.19,23.9,-1.14,14.71
ablate v2_pff_alignment_matchup,2025,10,Trey McBride,TE,12.99,12.99,27.7,0.0,14.71
ablate v2_scheme_matchup,2025,10,Trey McBride,TE,12.99,12.99,27.7,0.0,14.71
ablate v2_scheme_matchup,2023,16,Courtland Sutton,WR,14.48,14.67,0.0,0.19,14.67
ablate v2_scheme_matchup,2024,3,Amari Cooper,WR,12.46,12.94,27.6,0.48,14.66
ablate v2_scheme_matchup,2023,4,Deebo Samuel Sr.,WR,15.06,15.25,0.6,0.19,14.65
ablate v2_scheme_matchup,2025,5,Stefon Diggs,WR,9.48,9.96,24.6,0.48,14.64
ablate v2_pff_alignment_matchup,2022,17,Brandon Aiyuk,WR,11.98,12.08,26.7,0.1,14.62
ablate v2_pff_alignment_matchup,2022,5,Travis Kelce,TE,19.35,18.88,33.5,-0.47,14.62
ablate v2_pff_alignment_matchup,2024,12,Jonnu Smith,TE,9.47,9.09,23.7,-0.38,14.61
ablate v2_pff_alignment_matchup,2022,18,Tee Higgins,WR,16.69,16.31,1.7,-0.38,14.61
ablate v2_scheme_matchup,2024,12,Jonnu Smith,TE,9.47,9.09,23.7,-0.38,14.61
ablate v2_scheme_matchup,2022,4,Diontae Johnson,WR,17.94,18.8,4.2,0.86,14.6
ablate v2_scheme_matchup,2023,14,Cooper Kupp,WR,10.83,10.92,25.5,0.09,14.58
ablate v2_pff_alignment_matchup,2025,15,DJ Moore,WR,8.43,8.33,22.9,-0.1,14.57
ablate v2_scheme_matchup,2024,8,George Kittle,TE,10.8,10.23,24.8,-0.57,14.57
ablate v2_pff_alignment_matchup,2024,18,Pat Freiermuth,TE,7.76,7.95,22.5,0.19,14.55
ablate v2_scheme_matchup,2025,12,Hunter Henry,TE,9.28,9.95,24.5,0.67,14.55
ablate v2_scheme_matchup,2024,18,Justin Jefferson,WR,23.03,22.94,8.4,-0.09,14.54
ablate v2_scheme_matchup,2022,17,Brandon Aiyuk,WR,11.98,12.17,26.7,0.19,14.53
ablate v2_pff_alignment_matchup,2025,15,Jameson Williams,WR,11.89,11.89,26.4,0.0,14.51
ablate v2_scheme_matchup,2024,17,Brian Thomas Jr.,WR,9.58,9.39,23.9,-0.19,14.51
ablate v2_pff_alignment_matchup,2025,18,Colston Loveland,TE,11.47,10.61,25.1,-0.86,14.49
ablate v2_pff_alignment_matchup,2023,14,DeAndre Hopkins,WR,11.79,10.92,25.4,-0.87,14.48
ablate v2_scheme_matchup,2024,5,Jerry Jeudy,WR,17.07,17.07,2.6,0.0,14.47
ablate v2_pff_alignment_matchup,2024,5,Jerry Jeudy,WR,17.07,17.07,2.6,0.0,14.47
ablate v2_scheme_matchup,2025,15,DJ Moore,WR,8.43,8.43,22.9,0.0,14.47
ablate v2_pff_alignment_matchup,2024,6,Garrett Wilson,WR,9.87,10.25,24.7,0.38,14.45
ablate v2_pff_alignment_matchup,2023,18,Evan Engram,TE,8.9,9.47,23.9,0.57,14.43
ablate v2_pff_alignment_matchup,2025,7,Chris Olave,WR,11.98,12.37,26.8,0.39,14.43
ablate v2_scheme_matchup,2022,16,Tee Higgins,WR,12.37,12.37,26.8,0.0,14.43
ablate v2_scheme_matchup,2025,12,Chimere Dike,WR,6.98,6.98,21.4,0.0,14.42
ablate v2_pff_alignment_matchup,2025,12,Chimere Dike,WR,6.98,6.98,21.4,0.0,14.42
ablate v2_scheme_matchup,2025,15,Jameson Williams,WR,11.89,11.98,26.4,0.09,14.42
ablate v2_pff_alignment_matchup,2024,13,Adam Thielen,WR,9.58,9.48,23.9,-0.1,14.42
ablate v2_pff_alignment_matchup,2023,3,DeVonta Smith,WR,22.17,21.21,6.8,-0.96,14.41
ablate v2_pff_alignment_matchup,2023,16,Gabe Davis,WR,9.0,8.62,23.0,-0.38,14.38
ablate v2_scheme_matchup,2024,5,Tucker Kraft,TE,9.38,10.42,24.8,1.04,14.38
ablate v2_scheme_matchup,2022,12,Amon-Ra St. Brown,WR,13.62,13.52,27.9,-0.1,14.38
ablate v2_scheme_matchup,2023,16,Gabe Davis,WR,9.0,8.62,23.0,-0.38,14.38
ablate v2_scheme_matchup,2024,17,Mike Evans,WR,15.63,15.34,29.7,-0.29,14.36
ablate v2_scheme_matchup,2025,14,Tee Higgins,WR,12.37,12.85,27.2,0.48,14.35
ablate v2_scheme_matchup,2025,9,Dalton Kincaid,TE,8.14,7.76,22.1,-0.38,14.34
ablate v2_pff_alignment_matchup,2023,9,Jake Ferguson,TE,6.72,7.76,22.1,1.04,14.34
ablate v2_scheme_matchup,2025,18,CeeDee Lamb,WR,15.34,15.73,1.4,0.39,14.33
ablate v2_pff_alignment_matchup,2022,13,DK Metcalf,WR,12.65,12.37,26.7,-0.28,14.33
ablate v2_scheme_matchup,2024,15,Malik Nabers,WR,9.87,9.87,24.2,0.0,14.33
ablate v2_scheme_matchup,2024,13,Adam Thielen,WR,9.58,9.58,23.9,0.0,14.32
ablate v2_pff_alignment_matchup,2023,12,Nico Collins,WR,9.1,9.1,23.4,0.0,14.3
ablate v2_scheme_matchup,2023,12,Nico Collins,WR,9.1,9.1,23.4,0.0,14.3
ablate v2_scheme_matchup,2022,3,Mark Andrews,TE,14.6,14.6,28.9,0.0,14.3
ablate v2_scheme_matchup,2024,13,Mike Evans,WR,11.69,11.5,25.8,-0.19,14.3
ablate v2_pff_alignment_matchup,2024,13,Mike Evans,WR,11.69,11.5,25.8,-0.19,14.3
ablate v2_scheme_matchup,2024,8,Kyle Pitts,TE,10.23,10.8,25.1,0.57,14.3
ablate v2_pff_alignment_matchup,2022,3,Mark Andrews,TE,14.6,14.6,28.9,0.0,14.3
ablate v2_pff_alignment_matchup,2023,4,T.J. Hockenson,TE,19.73,18.69,4.4,-1.04,14.29
ablate v2_pff_alignment_matchup,2023,16,Tee Higgins,WR,10.92,10.73,25.0,-0.19,14.27
ablate v2_scheme_matchup,2022,14,JuJu Smith-Schuster,WR,8.33,8.14,22.4,-0.19,14.26
ablate v2_pff_alignment_matchup,2025,13,Jameson Williams,WR,13.13,12.65,26.9,-0.48,14.25
ablate v2_pff_alignment_matchup,2025,18,CeeDee Lamb,WR,15.34,15.63,1.4,0.29,14.23
ablate v2_pff_alignment_matchup,2022,4,Diontae Johnson,WR,17.94,18.42,4.2,0.48,14.22
ablate v2_scheme_matchup,2022,8,Jaylen Waddle,WR,16.4,16.4,30.6,0.0,14.2
ablate v2_scheme_matchup,2022,7,Ja'Marr Chase,WR,19.09,18.8,33.0,-0.29,14.2
ablate v2_pff_alignment_matchup,2023,16,Mike Evans,WR,13.42,13.42,27.6,0.0,14.18
ablate v2_pff_alignment_matchup,2024,8,Calvin Ridley,WR,8.23,8.43,22.6,0.2,14.17
ablate v2_pff_alignment_matchup,2024,17,Mike Evans,WR,15.63,15.54,29.7,-0.09,14.16
ablate v2_scheme_matchup,2023,12,Rashee Rice,WR,10.16,10.54,24.7,0.38,14.16
ablate v2_pff_alignment_matchup,2025,4,DK Metcalf,WR,8.81,9.48,23.6,0.67,14.12
ablate v2_scheme_matchup,2025,11,DeVonta Smith,WR,15.54,15.92,1.8,0.38,14.12
ablate v2_pff_alignment_matchup,2022,4,Deebo Samuel Sr.,WR,9.48,9.58,23.7,0.1,14.12
ablate v2_pff_alignment_matchup,2024,14,Tee Higgins,WR,18.8,18.42,4.3,-0.38,14.12
ablate v2_scheme_matchup,2025,18,Colston Loveland,TE,11.47,10.99,25.1,-0.48,14.11
ablate v2_pff_alignment_matchup,2022,12,Amon-Ra St. Brown,WR,13.62,13.81,27.9,0.19,14.09
ablate v2_scheme_matchup,2023,16,Mike Evans,WR,13.42,13.52,27.6,0.1,14.08
ablate v2_pff_alignment_matchup,2022,9,Dallas Goedert,TE,10.04,9.95,24.0,-0.09,14.05
ablate v2_scheme_matchup,2022,5,Travis Kelce,TE,19.35,19.45,33.5,0.1,14.05
ablate v2_scheme_matchup,2023,12,Adam Thielen,WR,14.96,15.25,1.2,0.29,14.05
ablate v2_pff_alignment_matchup,2023,8,George Kittle,TE,10.23,9.85,23.9,-0.38,14.05
ablate v2_scheme_matchup,2022,9,Dallas Goedert,TE,10.04,9.95,24.0,-0.09,14.05
ablate v2_pff_alignment_matchup,2024,17,Brian Thomas Jr.,WR,9.58,9.87,23.9,0.29,14.03
ablate v2_pff_alignment_matchup,2025,11,DeVonta Smith,WR,15.54,15.83,1.8,0.29,14.03
ablate v2_pff_alignment_matchup,2025,18,George Pickens,WR,15.34,15.92,1.9,0.58,14.02
ablate v2_pff_alignment_matchup,2024,12,Trey McBride,TE,11.28,11.28,25.3,0.0,14.02
ablate v2_scheme_matchup,2024,12,Trey McBride,TE,11.28,11.28,25.3,0.0,14.02
ablate v2_scheme_matchup,2023,12,Zay Flowers,WR,9.19,9.19,23.2,0.0,14.01
ablate v2_pff_alignment_matchup,2023,8,Travis Kelce,TE,28.0,25.81,11.8,-2.19,14.01
ablate v2_pff_alignment_matchup,2023,12,Zay Flowers,WR,9.19,9.19,23.2,0.0,14.01
ablate v2_pff_alignment_matchup,2024,8,George Kittle,TE,10.8,10.8,24.8,0.0,14.0
ablate v2_scheme_matchup,2023,16,Tee Higgins,WR,10.92,11.02,25.0,0.1,13.98
ablate v2_pff_alignment_matchup,2024,14,Justin Jefferson,WR,19.28,18.23,32.2,-1.05,13.97
ablate v2_pff_alignment_matchup,2022,14,JuJu Smith-Schuster,WR,8.33,8.43,22.4,0.1,13.97
ablate v2_pff_alignment_matchup,2022,4,Jaylen Waddle,WR,19.48,19.86,5.9,0.38,13.96
ablate v2_scheme_matchup,2024,15,CeeDee Lamb,WR,12.85,12.65,26.6,-0.2,13.95
ablate v2_pff_alignment_matchup,2022,16,Tee Higgins,WR,12.37,12.85,26.8,0.48,13.95
ablate v2_scheme_matchup,2022,4,Deebo Samuel Sr.,WR,9.48,9.77,23.7,0.29,13.93
ablate v2_pff_alignment_matchup,2024,8,Kyle Pitts,TE,10.23,11.18,25.1,0.95,13.92
ablate v2_scheme_matchup,2023,16,DJ Moore,WR,18.71,18.71,4.8,0.0,13.91
ablate v2_scheme_matchup,2023,12,Cooper Kupp,WR,18.71,18.71,4.8,0.0,13.91
ablate v2_scheme_matchup,2023,16,Calvin Ridley,WR,11.89,11.89,25.8,0.0,13.91
ablate v2_pff_alignment_matchup,2023,18,CeeDee Lamb,WR,21.59,21.59,35.5,0.0,13.91
ablate v2_scheme_matchup,2023,18,CeeDee Lamb,WR,21.59,21.59,35.5,0.0,13.91
ablate v2_scheme_matchup,2022,4,Tee Higgins,WR,11.69,11.5,25.4,-0.19,13.9
ablate v2_pff_alignment_matchup,2025,3,A.J. Brown,WR,10.16,9.0,22.9,-1.16,13.9
ablate v2_pff_alignment_matchup,2023,9,Jonnu Smith,TE,6.72,7.1,21.0,0.38,13.9
ablate v2_pff_alignment_matchup,2023,14,Cooper Kupp,WR,10.83,11.6,25.5,0.77,13.9
ablate v2_pff_alignment_matchup,2024,15,CeeDee Lamb,WR,12.85,12.75,26.6,-0.1,13.85
ablate v2_scheme_matchup,2025,7,Jaxon Smith-Njigba,WR,12.17,12.46,26.3,0.29,13.84
ablate v2_pff_alignment_matchup,2025,7,Jaxon Smith-Njigba,WR,12.17,12.46,26.3,0.29,13.84
ablate v2_scheme_matchup,2023,15,Brandon Aiyuk,WR,20.53,20.53,6.7,0.0,13.83
ablate v2_scheme_matchup,2023,4,Amari Cooper,WR,16.4,16.4,2.6,0.0,13.8
ablate v2_scheme_matchup,2023,14,DeAndre Hopkins,WR,11.79,11.6,25.4,-0.19,13.8
ablate v2_pff_alignment_matchup,2023,4,Amari Cooper,WR,16.4,16.4,2.6,0.0,13.8
ablate v2_scheme_matchup,2025,13,Brock Bowers,TE,9.19,8.52,22.3,-0.67,13.78
ablate v2_scheme_matchup,2025,13,Jameson Williams,WR,13.13,13.13,26.9,0.0,13.77
ablate v2_scheme_matchup,2022,13,DK Metcalf,WR,12.65,12.94,26.7,0.29,13.76
ablate v2_pff_alignment_matchup,2022,7,Amon-Ra St. Brown,WR,14.96,15.15,1.4,0.19,13.75
ablate v2_scheme_matchup,2025,18,George Pickens,WR,15.34,15.63,1.9,0.29,13.73
ablate v2_scheme_matchup,2025,8,Marquise Brown,WR,13.23,13.71,0.0,0.48,13.71
ablate v2_pff_alignment_matchup,2025,11,Quentin Johnston,WR,13.62,13.71,0.0,0.09,13.71
ablate v2_scheme_matchup,2023,6,Davante Adams,WR,18.23,18.61,4.9,0.38,13.71
ablate v2_pff_alignment_matchup,2023,5,Michael Wilson,WR,16.5,16.5,2.8,0.0,13.7
ablate v2_scheme_matchup,2023,5,Michael Wilson,WR,16.5,16.5,2.8,0.0,13.7
ablate v2_scheme_matchup,2024,15,A.J. Brown,WR,11.31,11.31,25.0,0.0,13.69
ablate v2_pff_alignment_matchup,2023,12,Rashee Rice,WR,10.16,11.02,24.7,0.86,13.68
ablate v2_scheme_matchup,2025,5,Jake Ferguson,TE,10.33,10.23,23.9,-0.1,13.67
ablate v2_scheme_matchup,2023,8,George Kittle,TE,10.23,10.23,23.9,0.0,13.67
ablate v2_pff_alignment_matchup,2022,11,Chris Olave,WR,8.04,7.56,21.2,-0.48,13.64
ablate v2_pff_alignment_matchup,2022,3,Chris Olave,WR,8.91,10.06,23.7,1.15,13.64
ablate v2_scheme_matchup,2025,4,Ladd McConkey,WR,15.54,15.73,2.1,0.19,13.63
ablate v2_pff_alignment_matchup,2023,16,Calvin Ridley,WR,11.89,12.17,25.8,0.28,13.63
ablate v2_pff_alignment_matchup,2023,8,A.J. Brown,WR,21.11,19.38,33.0,-1.73,13.62
ablate v2_scheme_matchup,2024,15,Rashod Bateman,WR,9.39,9.39,23.0,0.0,13.61
ablate v2_pff_alignment_matchup,2024,15,Rashod Bateman,WR,9.39,9.39,23.0,0.0,13.61
ablate v2_pff_alignment_matchup,2024,15,A.J. Brown,WR,11.31,11.4,25.0,0.09,13.6
ablate v2_pff_alignment_matchup,2023,18,Calvin Ridley,WR,9.87,9.0,22.6,-0.87,13.6
ablate v2_scheme_matchup,2022,4,Jaylen Waddle,WR,19.48,19.48,5.9,0.0,13.58
ablate v2_scheme_matchup,2022,7,Amon-Ra St. Brown,WR,14.96,14.96,1.4,0.0,13.56
ablate v2_scheme_matchup,2022,15,Dawson Knox,TE,8.14,8.24,21.8,0.1,13.56
ablate v2_pff_alignment_matchup,2022,15,Dawson Knox,TE,8.14,8.24,21.8,0.1,13.56
ablate v2_scheme_matchup,2024,9,Quentin Johnston,WR,8.52,8.52,22.0,0.0,13.48
ablate v2_pff_alignment_matchup,2025,9,Dalton Kincaid,TE,8.14,8.62,22.1,0.48,13.48
ablate v2_pff_alignment_matchup,2022,13,Terry McLaurin,WR,10.83,11.02,24.5,0.19,13.48
ablate v2_scheme_matchup,2022,13,Terry McLaurin,WR,10.83,11.02,24.5,0.19,13.48
ablate v2_scheme_matchup,2025,14,George Pickens,WR,21.59,22.17,8.7,0.58,13.47
ablate v2_pff_alignment_matchup,2025,10,Michael Pittman,WR,18.52,17.36,3.9,-1.16,13.46
ablate v2_scheme_matchup,2025,3,Courtland Sutton,WR,10.25,10.35,23.8,0.1,13.45
ablate v2_scheme_matchup,2025,17,Colston Loveland,TE,8.05,7.95,21.4,-0.1,13.45
ablate v2_pff_alignment_matchup,2025,4,Ladd McConkey,WR,15.54,15.54,2.1,0.0,13.44
ablate v2_pff_alignment_matchup,2022,10,Davante Adams,WR,14.19,14.19,27.6,0.0,13.41
ablate v2_scheme_matchup,2022,6,Tyreek Hill,WR,16.4,16.31,29.7,-0.09,13.39
ablate v2_scheme_matchup,2022,5,Amon-Ra St. Brown,WR,19.28,19.19,5.8,-0.09,13.39
ablate v2_pff_alignment_matchup,2024,9,Quentin Johnston,WR,8.52,8.62,22.0,0.1,13.38
ablate v2_scheme_matchup,2025,5,Rashid Shaheed,WR,8.04,8.04,21.4,0.0,13.36
ablate v2_scheme_matchup,2023,13,Puka Nacua,WR,10.54,10.54,23.9,0.0,13.36
ablate v2_scheme_matchup,2022,16,Stefon Diggs,WR,17.65,17.94,4.6,0.29,13.34
ablate v2_scheme_matchup,2023,15,Sam LaPorta,TE,14.13,15.27,28.6,1.14,13.33
ablate v2_pff_alignment_matchup,2022,7,Ja'Marr Chase,WR,19.09,19.67,33.0,0.58,13.33
ablate v2_pff_alignment_matchup,2023,6,Davante Adams,WR,18.23,18.23,4.9,0.0,13.33
ablate v2_scheme_matchup,2024,7,Tank Dell,WR,13.33,13.33,0.0,0.0,13.33
ablate v2_pff_alignment_matchup,2024,7,Tank Dell,WR,13.33,13.33,0.0,0.0,13.33
ablate v2_pff_alignment_matchup,2025,13,Brock Bowers,TE,9.19,9.0,22.3,-0.19,13.3
ablate v2_pff_alignment_matchup,2022,6,JuJu Smith-Schuster,WR,9.1,9.0,22.3,-0.1,13.3
ablate v2_scheme_matchup,2024,18,Marvin Mims Jr.,WR,8.81,8.81,22.1,0.0,13.29
ablate v2_pff_alignment_matchup,2024,18,Marvin Mims Jr.,WR,8.81,8.81,22.1,0.0,13.29
ablate v2_scheme_matchup,2023,15,Tee Higgins,WR,8.81,8.81,22.1,0.0,13.29
ablate v2_pff_alignment_matchup,2023,12,Adam Thielen,WR,14.96,14.48,1.2,-0.48,13.28
ablate v2_scheme_matchup,2025,14,DK Metcalf,WR,8.62,8.52,21.8,-0.1,13.28
ablate v2_pff_alignment_matchup,2023,13,Evan Engram,TE,9.76,9.95,23.2,0.19,13.25
ablate v2_pff_alignment_matchup,2025,8,Marquise Brown,WR,13.23,13.23,0.0,0.0,13.23
ablate v2_scheme_matchup,2024,12,Quentin Johnston,WR,13.33,13.23,0.0,-0.1,13.23
ablate v2_scheme_matchup,2025,7,Mike Evans,WR,13.23,13.23,0.0,0.0,13.23
ablate v2_pff_alignment_matchup,2022,11,George Kittle,TE,11.94,11.18,24.4,-0.76,13.22
ablate v2_pff_alignment_matchup,2022,5,Davante Adams,WR,14.58,14.19,27.4,-0.39,13.21
ablate v2_scheme_matchup,2022,6,JuJu Smith-Schuster,WR,9.1,9.1,22.3,0.0,13.2
ablate v2_pff_alignment_matchup,2022,6,Tyreek Hill,WR,16.4,16.5,29.7,0.1,13.2
ablate v2_pff_alignment_matchup,2024,7,Brian Thomas Jr.,WR,8.62,8.91,22.1,0.29,13.19
ablate v2_scheme_matchup,2024,7,Brian Thomas Jr.,WR,8.62,8.91,22.1,0.29,13.19
ablate v2_pff_alignment_matchup,2023,15,Tee Higgins,WR,8.81,8.91,22.1,0.1,13.19
ablate v2_scheme_matchup,2024,16,Tank Dell,WR,8.62,8.62,21.8,0.0,13.18
ablate v2_pff_alignment_matchup,2022,17,DK Metcalf,WR,13.33,14.48,1.3,1.15,13.18
ablate v2_pff_alignment_matchup,2024,16,Tank Dell,WR,8.62,8.62,21.8,0.0,13.18
ablate v2_pff_alignment_matchup,2025,5,Rashid Shaheed,WR,8.04,8.23,21.4,0.19,13.17
ablate v2_pff_alignment_matchup,2022,13,Jaylen Waddle,WR,14.67,15.06,1.9,0.39,13.16
ablate v2_pff_alignment_matchup,2024,6,Chris Olave,WR,11.89,12.65,-0.5,0.76,13.15
ablate v2_pff_alignment_matchup,2025,7,Mike Evans,WR,13.23,13.13,0.0,-0.1,13.13
ablate v2_scheme_matchup,2025,11,Quentin Johnston,WR,13.62,13.13,0.0,-0.49,13.13
ablate v2_scheme_matchup,2022,5,Davante Adams,WR,14.58,14.29,27.4,-0.29,13.11
ablate v2_pff_alignment_matchup,2023,4,DJ Moore,WR,16.11,14.0,27.1,-2.11,13.1
ablate v2_scheme_matchup,2023,12,Tyler Higbee,TE,6.91,6.81,19.9,-0.1,13.09
ablate v2_pff_alignment_matchup,2025,17,Colston Loveland,TE,8.05,8.33,21.4,0.28,13.07
ablate v2_pff_alignment_matchup,2024,3,Calvin Ridley,WR,13.9,14.96,1.9,1.06,13.06
ablate v2_scheme_matchup,2022,11,Chris Olave,WR,8.04,8.14,21.2,0.1,13.06
ablate v2_scheme_matchup,2023,6,Marquise Brown,WR,20.44,20.44,7.4,0.0,13.04
ablate v2_pff_alignment_matchup,2023,6,Marquise Brown,WR,20.44,20.44,7.4,0.0,13.04
ablate v2_scheme_matchup,2023,5,Logan Thomas,TE,7.48,7.67,20.7,0.19,13.03
ablate v2_scheme_matchup,2023,12,George Kittle,TE,16.5,17.93,4.9,1.43,13.03
ablate v2_pff_alignment_matchup,2023,12,George Kittle,TE,16.5,17.93,4.9,1.43,13.03
ablate v2_pff_alignment_matchup,2023,13,Michael Pittman,WR,14.67,14.48,27.5,-0.19,13.02
ablate v2_scheme_matchup,2024,14,Justin Jefferson,WR,19.28,19.19,32.2,-0.09,13.01
ablate v2_pff_alignment_matchup,2024,5,Alec Pierce,WR,10.44,9.39,22.4,-1.05,13.01
ablate v2_pff_alignment_matchup,2022,4,Mark Andrews,TE,16.5,16.5,3.5,0.0,13.0
ablate v2_scheme_matchup,2022,4,Mark Andrews,TE,16.5,16.5,3.5,0.0,13.0
ablate v2_pff_alignment_matchup,2025,15,Courtland Sutton,WR,11.6,11.31,24.3,-0.29,12.99
ablate v2_scheme_matchup,2023,14,DJ Moore,WR,13.62,13.81,26.8,0.19,12.99
ablate v2_scheme_matchup,2023,4,George Kittle,TE,14.03,14.89,1.9,0.86,12.99
ablate v2_pff_alignment_matchup,2025,14,DK Metcalf,WR,8.62,8.81,21.8,0.19,12.99
ablate v2_scheme_matchup,2023,5,DeVonta Smith,WR,15.06,14.58,1.6,-0.48,12.98
ablate v2_scheme_matchup,2024,6,DeMario Douglas,WR,8.04,8.23,21.2,0.19,12.97
ablate v2_scheme_matchup,2022,13,Jaylen Waddle,WR,14.67,14.86,1.9,0.19,12.96
ablate v2_scheme_matchup,2023,9,George Pickens,WR,14.77,14.86,1.9,0.09,12.96
ablate v2_scheme_matchup,2025,3,A.J. Brown,WR,10.16,9.96,22.9,-0.2,12.94
ablate v2_pff_alignment_matchup,2022,3,Tyreek Hill,WR,17.36,18.23,5.3,0.87,12.93
ablate v2_pff_alignment_matchup,2024,17,Travis Kelce,TE,10.14,9.47,22.4,-0.67,12.93
ablate v2_pff_alignment_matchup,2023,7,Mark Andrews,TE,9.38,9.38,22.3,0.0,12.92
ablate v2_scheme_matchup,2025,4,Drake London,WR,12.17,12.08,25.0,-0.09,12.92
ablate v2_pff_alignment_matchup,2025,4,Drake London,WR,12.17,12.08,25.0,-0.09,12.92
ablate v2_scheme_matchup,2023,7,Mark Andrews,TE,9.38,9.38,22.3,0.0,12.92
ablate v2_pff_alignment_matchup,2022,5,Amon-Ra St. Brown,WR,19.28,18.71,5.8,-0.57,12.91
ablate v2_scheme_matchup,2024,17,Jameson Williams,WR,11.6,11.6,24.5,0.0,12.9
ablate v2_pff_alignment_matchup,2024,4,Brian Thomas Jr.,WR,9.48,9.0,21.9,-0.48,12.9
ablate v2_pff_alignment_matchup,2023,18,Courtland Sutton,WR,14.1,14.1,1.2,0.0,12.9
ablate v2_scheme_matchup,2023,18,Courtland Sutton,WR,14.1,14.1,1.2,0.0,12.9
ablate v2_scheme_matchup,2025,10,Josh Downs,WR,13.62,14.19,1.3,0.57,12.89
ablate v2_pff_alignment_matchup,2023,4,George Kittle,TE,14.03,14.79,1.9,0.76,12.89
ablate v2_pff_alignment_matchup,2024,8,Trey McBride,TE,8.52,8.52,21.4,0.0,12.88
ablate v2_pff_alignment_matchup,2023,6,Drake London,WR,9.48,8.62,21.5,-0.86,12.88
ablate v2_scheme_matchup,2025,10,Chris Olave,WR,8.52,8.52,21.4,0.0,12.88
ablate v2_scheme_matchup,2024,8,Trey McBride,TE,8.52,8.52,21.4,0.0,12.88
ablate v2_pff_alignment_matchup,2023,16,Amon-Ra St. Brown,WR,15.92,15.73,28.6,-0.19,12.87
ablate v2_pff_alignment_matchup,2022,16,Stefon Diggs,WR,17.65,17.46,4.6,-0.19,12.86
ablate v2_scheme_matchup,2022,10,Parris Campbell,WR,7.66,7.75,20.6,0.09,12.85
ablate v2_scheme_matchup,2022,10,Davante Adams,WR,14.19,14.77,27.6,0.58,12.83
ablate v2_pff_alignment_matchup,2024,11,Jameson Williams,WR,10.25,9.77,22.6,-0.48,12.83
ablate v2_pff_alignment_matchup,2023,3,Amari Cooper,WR,11.79,11.79,24.6,0.0,12.81
ablate v2_scheme_matchup,2023,3,Amari Cooper,WR,11.79,11.79,24.6,0.0,12.81
ablate v2_pff_alignment_matchup,2025,11,Amon-Ra St. Brown,WR,18.71,19.0,6.2,0.29,12.8
ablate v2_pff_alignment_matchup,2023,12,Tyler Higbee,TE,6.91,7.1,19.9,0.19,12.8
ablate v2_scheme_matchup,2022,17,DJ Moore,WR,10.83,10.92,23.7,0.09,12.78
ablate v2_pff_alignment_matchup,2025,17,Chris Olave,WR,13.23,13.13,25.9,-0.1,12.77
ablate v2_scheme_matchup,2022,12,Christian Watson,WR,8.23,8.23,21.0,0.0,12.77
ablate v2_pff_alignment_matchup,2023,12,Cooper Kupp,WR,18.71,17.56,4.8,-1.15,12.76
ablate v2_scheme_matchup,2022,10,Terry McLaurin,WR,8.14,8.04,20.8,-0.1,12.76
ablate v2_pff_alignment_matchup,2022,8,George Pickens,WR,11.6,12.75,0.0,1.15,12.75
ablate v2_scheme_matchup,2024,3,Tre Tucker,WR,9.87,9.87,22.6,0.0,12.73
ablate v2_pff_alignment_matchup,2022,3,Amon-Ra St. Brown,WR,25.34,26.01,13.3,0.67,12.71
ablate v2_scheme_matchup,2025,3,Garrett Wilson,WR,11.79,11.69,24.4,-0.1,12.71
ablate v2_scheme_matchup,2025,15,Dalton Schultz,TE,8.9,8.9,21.6,0.0,12.7
ablate v2_scheme_matchup,2025,15,Courtland Sutton,WR,11.6,11.6,24.3,0.0,12.7
ablate v2_pff_alignment_matchup,2025,15,Dalton Schultz,TE,8.9,8.9,21.6,0.0,12.7
ablate v2_scheme_matchup,2024,3,Jameson Williams,WR,13.71,13.9,1.2,0.19,12.7
ablate v2_pff_alignment_matchup,2023,14,DJ Moore,WR,13.62,14.1,26.8,0.48,12.7
ablate v2_pff_alignment_matchup,2025,10,Chris Olave,WR,8.52,8.71,21.4,0.19,12.69
ablate v2_scheme_matchup,2024,14,Khalil Shakir,WR,8.91,8.91,21.6,0.0,12.69
ablate v2_scheme_matchup,2023,16,Amon-Ra St. Brown,WR,15.92,15.92,28.6,0.0,12.68
ablate v2_pff_alignment_matchup,2022,18,Tyreek Hill,WR,16.02,16.98,4.3,0.96,12.68
ablate v2_pff_alignment_matchup,2023,8,Davante Adams,WR,14.19,14.77,2.1,0.58,12.67
ablate v2_pff_alignment_matchup,2024,14,Jaylen Waddle,WR,8.23,8.23,20.9,0.0,12.67
ablate v2_pff_alignment_matchup,2023,16,DJ Moore,WR,18.71,17.46,4.8,-1.25,12.66
ablate v2_scheme_matchup,2023,14,Jayden Reed,WR,7.95,7.85,20.5,-0.1,12.65
ablate v2_scheme_matchup,2024,17,Jalen McMillan,WR,10.44,10.35,23.0,-0.09,12.65
ablate v2_scheme_matchup,2022,7,Romeo Doubs,WR,12.37,12.65,0.0,0.28,12.65
ablate v2_scheme_matchup,2023,17,Darius Slayton,WR,8.04,7.95,20.6,-0.09,12.65
ablate v2_pff_alignment_matchup,2022,16,Jaylen Waddle,WR,13.52,12.65,25.3,-0.87,12.65
ablate v2_pff_alignment_matchup,2024,17,Jalen McMillan,WR,10.44,10.35,23.0,-0.09,12.65
ablate v2_pff_alignment_matchup,2022,4,Tee Higgins,WR,11.69,12.75,25.4,1.06,12.65
ablate v2_pff_alignment_matchup,2022,14,Chig Okonkwo,TE,5.86,5.86,18.5,0.0,12.64
ablate v2_scheme_matchup,2023,13,Michael Pittman,WR,14.67,14.86,27.5,0.19,12.64
ablate v2_scheme_matchup,2023,12,Gabe Davis,WR,9.96,9.87,22.5,-0.09,12.63
ablate v2_scheme_matchup,2025,9,DJ Moore,WR,10.73,10.35,22.98,-0.38,12.63
ablate v2_scheme_matchup,2023,8,Rashid Shaheed,WR,12.17,11.69,24.3,-0.48,12.61
ablate v2_pff_alignment_matchup,2024,13,Keenan Allen,WR,11.69,11.69,24.3,0.0,12.61
ablate v2_scheme_matchup,2025,11,Amon-Ra St. Brown,WR,18.71,18.8,6.2,0.09,12.6
ablate v2_scheme_matchup,2024,6,Chris Olave,WR,11.89,12.08,-0.5,0.19,12.58
ablate v2_pff_alignment_matchup,2022,14,Ja'Marr Chase,WR,16.88,15.92,28.5,-0.96,12.58
ablate v2_pff_alignment_matchup,2023,13,Trey McBride,TE,10.33,10.33,22.9,0.0,12.57
ablate v2_scheme_matchup,2023,13,Trey McBride,TE,10.33,10.33,22.9,0.0,12.57
ablate v2_scheme_matchup,2025,15,Troy Franklin,WR,8.23,8.23,20.8,0.0,12.57
ablate v2_scheme_matchup,2024,14,Jaylen Waddle,WR,8.23,8.33,20.9,0.1,12.57
ablate v2_pff_alignment_matchup,2023,18,A.J. Brown,WR,12.27,12.46,-0.1,0.19,12.56
ablate v2_pff_alignment_matchup,2023,12,Gabe Davis,WR,9.96,9.96,22.5,0.0,12.54
ablate v2_pff_alignment_matchup,2025,9,DJ Moore,WR,10.73,10.44,22.98,-0.29,12.54
ablate v2_pff_alignment_matchup,2023,16,Zay Flowers,WR,9.67,9.67,22.2,0.0,12.53
ablate v2_scheme_matchup,2023,16,Zay Flowers,WR,9.67,9.67,22.2,0.0,12.53
ablate v2_pff_alignment_matchup,2025,17,Christian Watson,WR,9.87,9.77,22.3,-0.1,12.53
ablate v2_pff_alignment_matchup,2023,13,Puka Nacua,WR,10.54,11.4,23.9,0.86,12.5
ablate v2_scheme_matchup,2024,13,DJ Moore,WR,10.92,11.21,23.7,0.29,12.49
ablate v2_scheme_matchup,2023,12,Puka Nacua,WR,19.19,19.19,6.7,0.0,12.49
ablate v2_pff_alignment_matchup,2025,16,George Pickens,WR,13.23,13.52,26.0,0.29,12.48
ablate v2_scheme_matchup,2025,17,Chris Olave,WR,13.23,13.42,25.9,0.19,12.48
ablate v2_pff_alignment_matchup,2024,6,Terry McLaurin,WR,12.17,10.83,23.3,-1.34,12.47
ablate v2_scheme_matchup,2025,8,Khalil Shakir,WR,8.33,8.33,20.8,0.0,12.47
ablate v2_pff_alignment_matchup,2025,9,Rome Odunze,WR,12.85,12.46,0.0,-0.39,12.46
ablate v2_pff_alignment_matchup,2023,3,Darnell Mooney,WR,12.08,12.46,0.0,0.38,12.46
ablate v2_pff_alignment_matchup,2025,6,Ladd McConkey,WR,11.02,10.54,23.0,-0.48,12.46
ablate v2_pff_alignment_matchup,2025,6,Wan'Dale Robinson,WR,7.37,7.95,20.4,0.58,12.45
ablate v2_scheme_matchup,2022,3,Tyreek Hill,WR,17.36,17.75,5.3,0.39,12.45
ablate v2_scheme_matchup,2023,18,Calvin Ridley,WR,9.87,10.16,22.6,0.29,12.44
ablate v2_scheme_matchup,2023,12,Deebo Samuel Sr.,WR,10.35,9.96,22.4,-0.39,12.44
ablate v2_scheme_matchup,2025,17,Christian Watson,WR,9.87,9.87,22.3,0.0,12.43
ablate v2_scheme_matchup,2023,11,Garrett Wilson,WR,13.23,13.33,0.9,0.1,12.43
ablate v2_pff_alignment_matchup,2025,3,Garrett Wilson,WR,11.79,11.98,24.4,0.19,12.42
ablate v2_pff_alignment_matchup,2024,9,Cade Otton,TE,9.95,9.28,21.7,-0.67,12.42
ablate v2_pff_alignment_matchup,2025,10,Josh Downs,WR,13.62,13.71,1.3,0.09,12.41
ablate v2_pff_alignment_matchup,2022,17,DJ Moore,WR,10.83,11.31,23.7,0.48,12.39
ablate v2_scheme_matchup,2025,11,George Kittle,TE,12.51,12.32,24.7,-0.19,12.38
ablate v2_pff_alignment_matchup,2025,11,George Kittle,TE,12.51,12.32,24.7,-0.19,12.38
ablate v2_scheme_matchup,2022,18,DJ Moore,WR,14.38,14.38,2.0,0.0,12.38
ablate v2_pff_alignment_matchup,2024,15,Cooper Kupp,WR,12.17,12.37,0.0,0.2,12.37
ablate v2_scheme_matchup,2024,14,Jayden Reed,WR,12.17,12.37,0.0,0.2,12.37
ablate v2_scheme_matchup,2023,18,A.J. Brown,WR,12.27,12.27,-0.1,0.0,12.37
ablate v2_pff_alignment_matchup,2024,6,Deebo Samuel Sr.,WR,8.52,8.33,20.7,-0.19,12.37
ablate v2_scheme_matchup,2023,7,Amon-Ra St. Brown,WR,10.73,10.83,23.2,0.1,12.37
ablate v2_scheme_matchup,2025,16,Stefon Diggs,WR,10.35,10.44,22.8,0.09,12.36
ablate v2_scheme_matchup,2024,17,Travis Kelce,TE,10.14,10.04,22.4,-0.1,12.36
ablate v2_scheme_matchup,2024,11,Jameson Williams,WR,10.25,10.25,22.6,0.0,12.35
ablate v2_pff_alignment_matchup,2025,11,Ja'Marr Chase,WR,17.84,18.32,6.0,0.48,12.32
ablate v2_scheme_matchup,2024,13,Keenan Allen,WR,11.69,11.98,24.3,0.29,12.32
ablate v2_pff_alignment_matchup,2025,14,George Pickens,WR,21.59,21.01,8.7,-0.58,12.31
ablate v2_pff_alignment_matchup,2023,3,Tee Higgins,WR,15.44,16.4,4.1,0.96,12.3
ablate v2_scheme_matchup,2025,16,George Pickens,WR,13.23,13.71,26.0,0.48,12.29
ablate v2_pff_alignment_matchup,2022,6,Stefon Diggs,WR,19.38,18.52,30.8,-0.86,12.28
ablate v2_pff_alignment_matchup,2025,15,Troy Franklin,WR,8.23,8.52,20.8,0.29,12.28
ablate v2_scheme_matchup,2024,6,Deebo Samuel Sr.,WR,8.52,8.43,20.7,-0.09,12.27
ablate v2_scheme_matchup,2025,9,Rome Odunze,WR,12.85,12.27,0.0,-0.58,12.27
ablate v2_scheme_matchup,2024,15,Cooper Kupp,WR,12.17,12.27,0.0,0.1,12.27
ablate v2_pff_alignment_matchup,2022,12,DJ Moore,WR,7.56,8.04,20.3,0.48,12.26
ablate v2_scheme_matchup,2024,9,Davante Adams,WR,9.77,9.87,22.1,0.1,12.23
ablate v2_scheme_matchup,2024,4,Brian Thomas Jr.,WR,9.48,9.67,21.9,0.19,12.23
ablate v2_pff_alignment_matchup,2022,13,Garrett Wilson,WR,12.56,11.98,24.2,-0.58,12.22
ablate v2_scheme_matchup,2025,10,Romeo Doubs,WR,13.71,13.71,1.5,0.0,12.21
ablate v2_pff_alignment_matchup,2022,14,Justin Jefferson,WR,21.78,21.11,33.3,-0.67,12.19
ablate v2_pff_alignment_matchup,2022,12,Christian Watson,WR,8.23,8.81,21.0,0.58,12.19
ablate v2_scheme_matchup,2023,8,Davante Adams,WR,14.19,14.29,2.1,0.1,12.19
ablate v2_scheme_matchup,2022,17,Christian Watson,WR,14.48,14.29,2.1,-0.19,12.19
ablate v2_pff_alignment_matchup,2025,8,Khalil Shakir,WR,8.33,8.62,20.8,0.29,12.18
ablate v2_scheme_matchup,2025,6,Ladd McConkey,WR,11.02,10.83,23.0,-0.19,12.17
ablate v2_pff_alignment_matchup,2024,12,Quentin Johnston,WR,13.33,12.17,0.0,-1.16,12.17
ablate v2_scheme_matchup,2024,17,Mike Gesicki,TE,7.0,6.43,18.6,-0.57,12.17
ablate v2_pff_alignment_matchup,2023,17,Darius Slayton,WR,8.04,8.43,20.6,0.39,12.17
ablate v2_pff_alignment_matchup,2024,3,Tre Tucker,WR,9.87,10.44,22.6,0.57,12.16
ablate v2_pff_alignment_matchup,2023,12,Deebo Samuel Sr.,WR,10.35,10.25,22.4,-0.1,12.15
ablate v2_pff_alignment_matchup,2023,8,Tyler Lockett,WR,9.58,9.96,22.1,0.38,12.14
ablate v2_pff_alignment_matchup,2024,9,Davante Adams,WR,9.77,9.96,22.1,0.19,12.14
ablate v2_pff_alignment_matchup,2025,9,Sam LaPorta,TE,9.85,9.57,21.7,-0.28,12.13
ablate v2_pff_alignment_matchup,2025,13,Jakobi Meyers,WR,9.96,9.19,21.3,-0.77,12.11
ablate v2_scheme_matchup,2023,13,Evan Engram,TE,9.76,11.09,23.2,1.33,12.11
ablate v2_scheme_matchup,2024,3,Calvin Ridley,WR,13.9,14.0,1.9,0.1,12.1
ablate v2_pff_alignment_matchup,2023,15,Brandon Aiyuk,WR,20.53,18.8,6.7,-1.73,12.1
ablate v2_scheme_matchup,2024,12,Keenan Allen,WR,11.5,11.5,23.6,0.0,12.1
ablate v2_pff_alignment_matchup,2024,13,DJ Moore,WR,10.92,11.6,23.7,0.68,12.1
ablate v2_pff_alignment_matchup,2022,17,Christian Watson,WR,14.48,14.19,2.1,-0.29,12.09
ablate v2_pff_alignment_matchup,2022,3,Jahan Dotson,WR,13.13,15.06,3.0,1.93,12.06
ablate v2_scheme_matchup,2023,8,Jaylen Waddle,WR,12.94,13.04,25.1,0.1,12.06
ablate v2_scheme_matchup,2023,8,Tyler Lockett,WR,9.58,10.06,22.1,0.48,12.04
ablate v2_scheme_matchup,2022,3,Amon-Ra St. Brown,WR,25.34,25.34,13.3,0.0,12.04
ablate v2_pff_alignment_matchup,2024,17,Jameson Williams,WR,11.6,12.46,24.5,0.86,12.04
ablate v2_pff_alignment_matchup,2025,12,George Pickens,WR,18.61,17.56,29.6,-1.05,12.04
ablate v2_pff_alignment_matchup,2023,11,Garrett Wilson,WR,13.23,12.94,0.9,-0.29,12.04
ablate v2_scheme_matchup,2022,13,Garrett Wilson,WR,12.56,12.17,24.2,-0.39,12.03
ablate v2_scheme_matchup,2022,17,DK Metcalf,WR,13.33,13.33,1.3,0.0,12.03
ablate v2_pff_alignment_matchup,2024,15,Terry McLaurin,WR,14.38,14.29,26.3,-0.09,12.01
ablate v2_pff_alignment_matchup,2024,6,DeMario Douglas,WR,8.04,9.19,21.2,1.15,12.01
ablate v2_scheme_matchup,2023,17,Travis Kelce,TE,14.98,16.6,4.6,1.62,12.0
ablate v2_pff_alignment_matchup,2022,18,DJ Moore,WR,14.38,14.0,2.0,-0.38,12.0
ablate v2_pff_alignment_matchup,2023,15,Curtis Samuel,WR,9.48,9.1,21.1,-0.38,12.0
ablate v2_scheme_matchup,2022,8,George Pickens,WR,11.6,11.98,0.0,0.38,11.98
ablate v2_pff_alignment_matchup,2022,11,Mike Williams,WR,14.58,14.48,2.5,-0.1,11.98
ablate v2_pff_alignment_matchup,2022,15,Justin Jefferson,WR,18.42,18.32,30.3,-0.1,11.98
ablate v2_scheme_matchup,2023,5,Calvin Ridley,WR,8.62,8.62,20.6,0.0,11.98
ablate v2_scheme_matchup,2022,11,Mike Williams,WR,14.58,14.48,2.5,-0.1,11.98
ablate v2_pff_alignment_matchup,2023,8,DeVonta Smith,WR,11.69,10.92,22.9,-0.77,11.98
ablate v2_pff_alignment_matchup,2022,10,JuJu Smith-Schuster,WR,17.07,17.27,5.3,0.2,11.97
ablate v2_scheme_matchup,2023,6,DJ Moore,WR,21.98,22.07,10.1,0.09,11.97
ablate v2_scheme_matchup,2024,5,Alec Pierce,WR,10.44,10.44,22.4,0.0,11.96
ablate v2_pff_alignment_matchup,2022,17,Diontae Johnson,WR,17.46,17.46,5.5,0.0,11.96
ablate v2_pff_alignment_matchup,2022,7,DJ Moore,WR,7.08,7.66,19.6,0.58,11.94
ablate v2_scheme_matchup,2025,9,Sam LaPorta,TE,9.85,9.76,21.7,-0.09,11.94
ablate v2_scheme_matchup,2022,13,Zay Jones,WR,15.63,15.54,3.6,-0.09,11.94
ablate v2_pff_alignment_matchup,2024,3,Jameson Williams,WR,13.71,13.13,1.2,-0.58,11.93
ablate v2_scheme_matchup,2023,6,Drake London,WR,9.48,9.58,21.5,0.1,11.92
ablate v2_pff_alignment_matchup,2025,3,Courtland Sutton,WR,10.25,11.89,23.8,1.64,11.91
ablate v2_scheme_matchup,2023,13,Terry McLaurin,WR,12.56,11.89,0.0,-0.67,11.89
ablate v2_pff_alignment_matchup,2025,16,Stefon Diggs,WR,10.35,10.92,22.8,0.57,11.88
ablate v2_pff_alignment_matchup,2022,5,Jaylen Waddle,WR,17.07,17.17,5.3,0.1,11.87
ablate v2_scheme_matchup,2022,17,Diontae Johnson,WR,17.46,17.36,5.5,-0.1,11.86
ablate v2_pff_alignment_matchup,2022,12,Tee Higgins,WR,13.13,12.56,24.4,-0.57,11.84
ablate v2_scheme_matchup,2025,11,Nico Collins,WR,12.37,12.37,24.2,0.0,11.83
ablate v2_pff_alignment_matchup,2022,14,Zay Jones,WR,10.06,9.87,21.7,-0.19,11.83
ablate v2_scheme_matchup,2022,13,George Kittle,TE,15.36,16.03,4.2,0.67,11.83
ablate v2_pff_alignment_matchup,2024,7,Josh Downs,WR,12.56,13.13,1.3,0.57,11.83
ablate v2_pff_alignment_matchup,2025,11,Nico Collins,WR,12.37,12.37,24.2,0.0,11.83
ablate v2_pff_alignment_matchup,2022,17,Mark Andrews,TE,7.19,7.19,19.0,0.0,11.81
ablate v2_scheme_matchup,2022,17,Mark Andrews,TE,7.19,7.19,19.0,0.0,11.81
ablate v2_scheme_matchup,2023,15,Curtis Samuel,WR,9.48,9.29,21.1,-0.19,11.81
ablate v2_scheme_matchup,2025,5,Quentin Johnston,WR,18.8,18.71,6.9,-0.09,11.81
ablate v2_pff_alignment_matchup,2022,13,DeVonta Smith,WR,9.58,9.39,21.2,-0.19,11.81
ablate v2_pff_alignment_matchup,2024,16,Brock Bowers,TE,9.76,9.09,20.9,-0.67,11.81
ablate v2_scheme_matchup,2023,11,Cooper Kupp,WR,14.19,13.9,2.1,-0.29,11.8
ablate v2_pff_alignment_matchup,2025,7,Dalton Schultz,TE,7.0,7.0,18.8,0.0,11.8
ablate v2_scheme_matchup,2024,13,Cooper Kupp,WR,16.5,16.5,4.7,0.0,11.8
ablate v2_pff_alignment_matchup,2023,7,Amon-Ra St. Brown,WR,10.73,11.4,23.2,0.67,11.8
ablate v2_pff_alignment_matchup,2022,10,Terry McLaurin,WR,8.14,9.0,20.8,0.86,11.8
ablate v2_scheme_matchup,2025,7,Dalton Schultz,TE,7.0,7.0,18.8,0.0,11.8
ablate v2_scheme_matchup,2024,12,Puka Nacua,WR,8.91,8.91,20.7,0.0,11.79
ablate v2_pff_alignment_matchup,2022,7,Romeo Doubs,WR,12.37,11.79,0.0,-0.58,11.79
ablate v2_scheme_matchup,2023,8,A.J. Brown,WR,21.11,21.21,33.0,0.1,11.79
ablate v2_pff_alignment_matchup,2023,13,Terry McLaurin,WR,12.56,11.79,0.0,-0.77,11.79
ablate v2_scheme_matchup,2022,16,Jaylen Waddle,WR,13.52,13.52,25.3,0.0,11.78
ablate v2_scheme_matchup,2022,15,Justin Jefferson,WR,18.42,18.52,30.3,0.1,11.78
ablate v2_pff_alignment_matchup,2024,12,T.J. Hockenson,TE,7.48,6.62,18.4,-0.86,11.78
ablate v2_pff_alignment_matchup,2024,5,Brandon Aiyuk,WR,11.02,10.92,22.7,-0.1,11.78
ablate v2_pff_alignment_matchup,2023,4,K.J. Osborn,WR,13.9,14.38,2.6,0.48,11.78
ablate v2_pff_alignment_matchup,2023,8,Jakobi Meyers,WR,14.19,14.67,2.9,0.48,11.77
ablate v2_scheme_matchup,2022,10,JuJu Smith-Schuster,WR,17.07,17.07,5.3,0.0,11.77
ablate v2_scheme_matchup,2022,5,Jaylen Waddle,WR,17.07,17.07,5.3,0.0,11.77
ablate v2_pff_alignment_matchup,2023,9,Amari Cooper,WR,13.13,13.13,24.9,0.0,11.77
ablate v2_scheme_matchup,2023,9,Amari Cooper,WR,13.13,13.13,24.9,0.0,11.77
ablate v2_pff_alignment_matchup,2025,3,Malik Nabers,WR,14.86,15.06,3.3,0.2,11.76
ablate v2_scheme_matchup,2025,10,A.J. Brown,WR,14.96,15.06,3.3,0.1,11.76
ablate v2_scheme_matchup,2023,10,Jayden Reed,WR,7.66,7.66,19.4,0.0,11.74
ablate v2_scheme_matchup,2023,11,Brandon Aiyuk,WR,14.96,14.86,26.6,-0.1,11.74
ablate v2_scheme_matchup,2022,16,Adam Thielen,WR,13.04,13.33,1.6,0.29,11.73
ablate v2_scheme_matchup,2023,13,Alec Pierce,WR,7.18,7.27,19.0,0.09,11.73
ablate v2_pff_alignment_matchup,2024,14,Khalil Shakir,WR,8.91,9.87,21.6,0.96,11.73
ablate v2_pff_alignment_matchup,2025,6,Michael Pittman,WR,14.67,15.73,4.0,1.06,11.73
ablate v2_pff_alignment_matchup,2023,8,Gabe Davis,WR,11.6,11.98,23.7,0.38,11.72
ablate v2_scheme_matchup,2023,8,Gabe Davis,WR,11.6,11.98,23.7,0.38,11.72
ablate v2_scheme_matchup,2022,13,DeVonta Smith,WR,9.58,9.48,21.2,-0.1,11.72
ablate v2_pff_alignment_matchup,2024,12,Keenan Allen,WR,11.5,11.89,23.6,0.39,11.71
ablate v2_scheme_matchup,2025,16,George Kittle,TE,12.61,12.8,24.5,0.19,11.7
ablate v2_pff_alignment_matchup,2024,16,Trey McBride,TE,16.69,16.69,5.0,0.0,11.69
ablate v2_scheme_matchup,2023,3,Darnell Mooney,WR,12.08,11.69,0.0,-0.39,11.69
ablate v2_pff_alignment_matchup,2024,14,Jayden Reed,WR,12.17,11.69,0.0,-0.48,11.69
ablate v2_scheme_matchup,2024,16,Trey McBride,TE,16.69,16.69,5.0,0.0,11.69
ablate v2_pff_alignment_matchup,2023,5,Calvin Ridley,WR,8.62,8.91,20.6,0.29,11.69
ablate v2_pff_alignment_matchup,2023,8,Jaylen Waddle,WR,12.94,13.42,25.1,0.48,11.68
ablate v2_pff_alignment_matchup,2022,3,CeeDee Lamb,WR,11.6,11.02,22.7,-0.58,11.68
ablate v2_pff_alignment_matchup,2024,18,Jaxon Smith-Njigba,WR,14.96,16.98,5.3,2.02,11.68
ablate v2_pff_alignment_matchup,2022,11,Deebo Samuel Sr.,WR,11.5,10.73,22.4,-0.77,11.67
ablate v2_scheme_matchup,2023,10,DeAndre Hopkins,WR,17.46,17.36,5.7,-0.1,11.66
ablate v2_scheme_matchup,2024,11,Nick Westbrook-Ikhine,WR,8.04,8.04,19.7,0.0,11.66
ablate v2_scheme_matchup,2022,7,George Kittle,TE,9.95,10.14,21.8,0.19,11.66
ablate v2_pff_alignment_matchup,2023,8,Rashid Shaheed,WR,12.17,12.65,24.3,0.48,11.65
ablate v2_pff_alignment_matchup,2022,3,Mike Williams,WR,19.67,20.15,8.5,0.48,11.65
ablate v2_pff_alignment_matchup,2022,13,Zay Jones,WR,15.63,15.25,3.6,-0.38,11.65
ablate v2_scheme_matchup,2025,16,Harold Fannin Jr.,TE,7.86,7.86,19.5,0.0,11.64
ablate v2_pff_alignment_matchup,2022,13,George Kittle,TE,15.36,15.84,4.2,0.48,11.64
ablate v2_scheme_matchup,2022,14,Zay Jones,WR,10.06,10.06,21.7,0.0,11.64
ablate v2_scheme_matchup,2022,6,DJ Moore,WR,15.06,15.34,3.7,0.28,11.64
ablate v2_pff_alignment_matchup,2025,16,Harold Fannin Jr.,TE,7.86,7.86,19.5,0.0,11.64
ablate v2_pff_alignment_matchup,2023,11,Brandon Aiyuk,WR,14.96,14.96,26.6,0.0,11.64
ablate v2_scheme_matchup,2022,18,Tyreek Hill,WR,16.02,15.92,4.3,-0.1,11.62
ablate v2_scheme_matchup,2024,16,Brock Bowers,TE,9.76,9.28,20.9,-0.48,11.62
ablate v2_pff_alignment_matchup,2024,13,Cooper Kupp,WR,16.5,16.31,4.7,-0.19,11.61
ablate v2_pff_alignment_matchup,2025,10,DJ Moore,WR,11.4,11.6,0.0,0.2,11.6
ablate v2_pff_alignment_matchup,2024,5,Brian Thomas Jr.,WR,12.37,11.6,23.2,-0.77,11.6
ablate v2_pff_alignment_matchup,2022,10,Jerry Jeudy,WR,12.08,11.6,0.0,-0.48,11.6
ablate v2_scheme_matchup,2024,5,Brandon Aiyuk,WR,11.02,11.12,22.7,0.1,11.58
ablate v2_pff_alignment_matchup,2023,11,Keenan Allen,WR,16.11,16.02,27.6,-0.09,11.58
ablate v2_scheme_matchup,2025,6,Ja'Marr Chase,WR,13.33,13.52,25.1,0.19,11.58
ablate v2_scheme_matchup,2025,11,Trey McBride,TE,15.93,15.93,27.5,0.0,11.57
ablate v2_pff_alignment_matchup,2023,10,DeAndre Hopkins,WR,17.46,17.27,5.7,-0.19,11.57
ablate v2_scheme_matchup,2025,14,Tyler Warren,TE,14.22,15.27,3.7,1.05,11.57
ablate v2_pff_alignment_matchup,2025,11,Trey McBride,TE,15.93,15.93,27.5,0.0,11.57
ablate v2_scheme_matchup,2024,8,Josh Downs,WR,10.64,10.64,22.2,0.0,11.56
ablate v2_scheme_matchup,2025,3,Malik Nabers,WR,14.86,14.86,3.3,0.0,11.56
ablate v2_pff_alignment_matchup,2022,18,Pat Freiermuth,TE,10.99,11.56,0.0,0.57,11.56
ablate v2_pff_alignment_matchup,2023,16,Davante Adams,WR,11.79,12.94,1.4,1.15,11.54
ablate v2_pff_alignment_matchup,2023,15,Davante Adams,WR,13.23,12.56,24.1,-0.67,11.54
ablate v2_scheme_matchup,2023,4,Michael Wilson,WR,15.06,15.06,26.6,0.0,11.54
ablate v2_pff_alignment_matchup,2022,5,Jakobi Meyers,WR,13.04,12.56,24.1,-0.48,11.54
ablate v2_scheme_matchup,2024,7,Zay Flowers,WR,15.54,15.54,4.0,0.0,11.54
ablate v2_pff_alignment_matchup,2023,4,Michael Wilson,WR,15.06,15.06,26.6,0.0,11.54
ablate v2_pff_alignment_matchup,2024,18,Amon-Ra St. Brown,WR,24.67,25.24,13.7,0.57,11.54
ablate v2_pff_alignment_matchup,2024,7,Zay Flowers,WR,15.54,15.54,4.0,0.0,11.54
ablate v2_pff_alignment_matchup,2025,10,Jameson Williams,WR,12.65,12.37,23.9,-0.28,11.53
ablate v2_pff_alignment_matchup,2023,14,Mike Evans,WR,12.75,13.33,1.8,0.58,11.53
ablate v2_scheme_matchup,2024,15,Terry McLaurin,WR,14.38,14.77,26.3,0.39,11.53
ablate v2_scheme_matchup,2022,14,Justin Jefferson,WR,21.78,21.78,33.3,0.0,11.52
ablate v2_scheme_matchup,2022,6,Stefon Diggs,WR,19.38,19.28,30.8,-0.1,11.52
ablate v2_pff_alignment_matchup,2024,13,Nick Westbrook-Ikhine,WR,9.77,9.58,21.1,-0.19,11.52
ablate v2_scheme_matchup,2022,14,Ja'Marr Chase,WR,16.88,16.98,28.5,0.1,11.52
ablate v2_pff_alignment_matchup,2023,14,Justin Jefferson,WR,15.44,16.21,4.7,0.77,11.51
ablate v2_scheme_matchup,2025,11,Deebo Samuel Sr.,WR,9.19,9.19,20.7,0.0,11.51
ablate v2_scheme_matchup,2024,5,Jauan Jennings,WR,13.62,13.81,2.3,0.19,11.51
ablate v2_scheme_matchup,2023,10,Jahan Dotson,WR,11.69,11.5,0.0,-0.19,11.5
ablate v2_scheme_matchup,2025,6,Juwan Johnson,TE,12.13,12.99,1.5,0.86,11.49
ablate v2_scheme_matchup,2023,11,Keenan Allen,WR,16.11,16.11,27.6,0.0,11.49
ablate v2_pff_alignment_matchup,2024,7,Jameson Williams,WR,11.5,12.08,0.6,0.58,11.48
ablate v2_pff_alignment_matchup,2022,15,A.J. Brown,WR,16.02,15.63,27.1,-0.39,11.47
ablate v2_pff_alignment_matchup,2022,7,George Kittle,TE,9.95,10.33,21.8,0.38,11.47
ablate v2_scheme_matchup,2025,11,Ja'Marr Chase,WR,17.84,17.46,6.0,-0.38,11.46
ablate v2_scheme_matchup,2024,12,Jakobi Meyers,WR,10.35,10.64,22.1,0.29,11.46
ablate v2_pff_alignment_matchup,2023,11,Cooper Kupp,WR,14.19,13.52,2.1,-0.67,11.42
ablate v2_pff_alignment_matchup,2025,5,Quentin Johnston,WR,18.8,18.32,6.9,-0.48,11.42
ablate v2_pff_alignment_matchup,2024,12,Puka Nacua,WR,8.91,9.29,20.7,0.38,11.41
ablate v2_pff_alignment_matchup,2024,17,Mike Gesicki,TE,7.0,7.19,18.6,0.19,11.41
ablate v2_pff_alignment_matchup,2023,6,DJ Moore,WR,21.98,21.5,10.1,-0.48,11.4
ablate v2_scheme_matchup,2025,7,Jameson Williams,WR,11.4,11.4,0.0,0.0,11.4
ablate v2_scheme_matchup,2025,3,Tee Higgins,WR,13.42,13.9,2.5,0.48,11.4
ablate v2_scheme_matchup,2022,10,Jerry Jeudy,WR,12.08,11.4,0.0,-0.68,11.4
ablate v2_scheme_matchup,2023,8,Jakobi Meyers,WR,14.19,14.29,2.9,0.1,11.39
ablate v2_scheme_matchup,2024,11,Will Dissly,TE,6.53,6.62,18.0,0.09,11.38
ablate v2_scheme_matchup,2024,18,DJ Moore,WR,10.92,10.73,22.1,-0.19,11.37
ablate v2_pff_alignment_matchup,2024,7,Rashod Bateman,WR,10.73,10.73,22.1,0.0,11.37
ablate v2_pff_alignment_matchup,2024,4,Mark Andrews,TE,11.37,11.37,0.0,0.0,11.37
ablate v2_pff_alignment_matchup,2023,5,Sam LaPorta,TE,9.0,8.33,19.7,-0.67,11.37
ablate v2_scheme_matchup,2024,4,Mark Andrews,TE,11.37,11.37,0.0,0.0,11.37
ablate v2_scheme_matchup,2024,7,Rashod Bateman,WR,10.73,10.73,22.1,0.0,11.37
ablate v2_pff_alignment_matchup,2022,6,Mike Williams,WR,14.77,15.06,3.7,0.29,11.36
ablate v2_scheme_matchup,2024,7,Josh Downs,WR,12.56,12.65,1.3,0.09,11.35
ablate v2_scheme_matchup,2024,3,Rashee Rice,WR,18.42,17.75,29.1,-0.67,11.35
ablate v2_pff_alignment_matchup,2025,10,Romeo Doubs,WR,13.71,12.85,1.5,-0.86,11.35
ablate v2_scheme_matchup,2025,7,Davante Adams,WR,15.25,15.15,26.5,-0.1,11.35
ablate v2_pff_alignment_matchup,2022,16,Adam Thielen,WR,13.04,12.94,1.6,-0.1,11.34
ablate v2_scheme_matchup,2023,3,Tee Higgins,WR,15.44,15.44,4.1,0.0,11.34
ablate v2_pff_alignment_matchup,2023,9,George Pickens,WR,14.77,13.23,1.9,-1.54,11.33
ablate v2_scheme_matchup,2024,6,Terry McLaurin,WR,12.17,11.98,23.3,-0.19,11.32
ablate v2_scheme_matchup,2022,11,George Kittle,TE,11.94,13.08,24.4,1.14,11.32
ablate v2_pff_alignment_matchup,2025,7,Jameson Williams,WR,11.4,11.31,0.0,-0.09,11.31
ablate v2_scheme_matchup,2022,9,Robert Woods,WR,11.4,11.31,0.0,-0.09,11.31
ablate v2_pff_alignment_matchup,2023,14,Gabe Davis,WR,10.06,11.31,0.0,1.25,11.31
ablate v2_scheme_matchup,2025,12,Jordan Addison,WR,11.5,11.31,0.0,-0.19,11.31
ablate v2_scheme_matchup,2024,5,Brian Thomas Jr.,WR,12.37,11.89,23.2,-0.48,11.31
ablate v2_scheme_matchup,2025,10,DJ Moore,WR,11.4,11.31,0.0,-0.09,11.31
ablate v2_pff_alignment_matchup,2024,8,Drake London,WR,17.75,18.71,7.4,0.96,11.31
ablate v2_pff_alignment_matchup,2025,12,Jordan Addison,WR,11.5,11.31,0.0,-0.19,11.31
ablate v2_pff_alignment_matchup,2022,16,Jakobi Meyers,WR,9.0,9.0,20.3,0.0,11.3
ablate v2_scheme_matchup,2022,16,Jakobi Meyers,WR,9.0,9.0,20.3,0.0,11.3
ablate v2_scheme_matchup,2022,12,Justin Jefferson,WR,18.04,18.04,29.34,0.0,11.3
ablate v2_pff_alignment_matchup,2022,14,DJ Moore,WR,11.5,11.89,0.6,0.39,11.29
ablate v2_scheme_matchup,2023,7,Tyler Lockett,WR,18.8,19.09,7.8,0.29,11.29
ablate v2_pff_alignment_matchup,2025,6,Ja'Marr Chase,WR,13.33,13.81,25.1,0.48,11.29
ablate v2_pff_alignment_matchup,2024,6,Evan Engram,TE,7.67,6.91,18.2,-0.76,11.29
ablate v2_pff_alignment_matchup,2025,16,Drake London,WR,16.31,16.98,5.7,0.67,11.28
ablate v2_pff_alignment_matchup,2022,9,Mecole Hardman,WR,9.0,8.62,19.9,-0.38,11.28
ablate v2_scheme_matchup,2022,12,Tee Higgins,WR,13.13,13.13,24.4,0.0,11.27
ablate v2_pff_alignment_matchup,2023,17,Brandon Aiyuk,WR,14.1,13.13,24.4,-0.97,11.27
ablate v2_pff_alignment_matchup,2024,11,Nick Westbrook-Ikhine,WR,8.04,8.43,19.7,0.39,11.27
ablate v2_pff_alignment_matchup,2022,13,Christian Watson,WR,13.52,13.13,24.4,-0.39,11.27
ablate v2_scheme_matchup,2025,10,Jameson Williams,WR,12.65,12.65,23.9,0.0,11.25
ablate v2_scheme_matchup,2025,13,Jakobi Meyers,WR,9.96,10.06,21.3,0.1,11.24
ablate v2_scheme_matchup,2023,3,Ja'Marr Chase,WR,14.86,14.86,26.1,0.0,11.24
ablate v2_pff_alignment_matchup,2024,6,George Kittle,TE,11.94,11.56,22.8,-0.38,11.24
ablate v2_pff_alignment_matchup,2025,13,Jaxon Smith-Njigba,WR,15.54,15.54,4.3,0.0,11.24
ablate v2_scheme_matchup,2023,5,Courtland Sutton,WR,13.52,13.52,2.3,0.0,11.22
ablate v2_pff_alignment_matchup,2023,10,Tyler Lockett,WR,12.56,11.98,23.2,-0.58,11.22
ablate v2_scheme_matchup,2024,10,Justin Jefferson,WR,21.11,21.01,9.8,-0.1,11.21
ablate v2_scheme_matchup,2025,9,Kayshon Boutte,WR,10.64,11.21,0.0,0.57,11.21
ablate v2_pff_alignment_matchup,2023,4,Rondale Moore,WR,11.21,11.21,0.0,0.0,11.21
ablate v2_scheme_matchup,2023,4,Rondale Moore,WR,11.21,11.21,0.0,0.0,11.21
ablate v2_scheme_matchup,2024,5,DK Metcalf,WR,18.61,18.71,7.5,0.1,11.21
ablate v2_scheme_matchup,2023,8,DeVonta Smith,WR,11.69,11.69,22.9,0.0,11.21
ablate v2_pff_alignment_matchup,2025,3,Tee Higgins,WR,13.42,13.71,2.5,0.29,11.21
ablate v2_scheme_matchup,2024,3,Ja'Marr Chase,WR,18.13,18.61,29.8,0.48,11.19
ablate v2_scheme_matchup,2025,13,Zay Flowers,WR,11.79,11.79,0.6,0.0,11.19
ablate v2_pff_alignment_matchup,2024,11,Will Dissly,TE,6.53,6.81,18.0,0.28,11.19
ablate v2_pff_alignment_matchup,2025,13,Zay Flowers,WR,11.79,11.79,0.6,0.0,11.19
ablate v2_scheme_matchup,2024,9,Cade Otton,TE,9.95,10.52,21.7,0.57,11.18
ablate v2_scheme_matchup,2023,12,Calvin Ridley,WR,11.12,10.73,21.9,-0.39,11.17
ablate v2_pff_alignment_matchup,2023,16,Jordan Addison,WR,12.08,12.37,1.2,0.29,11.17
ablate v2_scheme_matchup,2023,15,Davante Adams,WR,13.23,12.94,24.1,-0.29,11.16
ablate v2_pff_alignment_matchup,2024,3,Rashee Rice,WR,18.42,17.94,29.1,-0.48,11.16
ablate v2_scheme_matchup,2023,11,Jayden Reed,WR,8.33,8.04,19.2,-0.29,11.16
ablate v2_pff_alignment_matchup,2025,7,Davante Adams,WR,15.25,15.34,26.5,0.09,11.16
ablate v2_pff_alignment_matchup,2025,4,Jauan Jennings,WR,16.59,17.56,6.4,0.97,11.16
ablate v2_pff_alignment_matchup,2022,3,Cooper Kupp,WR,26.59,27.55,16.4,0.96,11.15
ablate v2_pff_alignment_matchup,2023,12,DeVonta Smith,WR,13.23,12.46,23.6,-0.77,11.14
ablate v2_scheme_matchup,2025,13,Jaxon Smith-Njigba,WR,15.54,15.44,4.3,-0.1,11.14
ablate v2_scheme_matchup,2024,13,Nick Westbrook-Ikhine,WR,9.77,9.96,21.1,0.19,11.14
ablate v2_pff_alignment_matchup,2025,4,Tre Tucker,WR,15.34,15.34,4.2,0.0,11.14
ablate v2_pff_alignment_matchup,2023,11,Davante Adams,WR,10.64,10.06,21.2,-0.58,11.14
ablate v2_pff_alignment_matchup,2022,5,Christian Kirk,WR,11.79,13.23,2.1,1.44,11.13
ablate v2_pff_alignment_matchup,2023,3,Tyreek Hill,WR,20.53,19.57,30.7,-0.96,11.13
ablate v2_scheme_matchup,2023,14,Justin Jefferson,WR,15.44,15.83,4.7,0.39,11.13
ablate v2_pff_alignment_matchup,2025,16,George Kittle,TE,12.61,13.37,24.5,0.76,11.13
ablate v2_scheme_matchup,2025,12,Parker Washington,WR,7.08,6.98,18.1,-0.1,11.12
ablate v2_pff_alignment_matchup,2022,9,Robert Woods,WR,11.4,11.12,0.0,-0.28,11.12
ablate v2_scheme_matchup,2025,12,Davante Adams,WR,11.89,12.08,23.2,0.19,11.12
ablate v2_pff_alignment_matchup,2022,4,Marvin Jones,WR,10.35,11.12,0.0,0.77,11.12
ablate v2_scheme_matchup,2025,11,Christian Watson,WR,9.39,9.48,20.6,0.09,11.12
ablate v2_scheme_matchup,2023,4,K.J. Osborn,WR,13.9,13.71,2.6,-0.19,11.11
ablate v2_pff_alignment_matchup,2025,14,Tyler Warren,TE,14.22,14.79,3.7,0.57,11.09
ablate v2_pff_alignment_matchup,2024,12,Jakobi Meyers,WR,10.35,11.02,22.1,0.67,11.08
ablate v2_pff_alignment_matchup,2025,11,Ricky Pearsall,WR,11.31,12.08,1.0,0.77,11.08
ablate v2_scheme_matchup,2024,13,Jayden Reed,WR,8.62,8.62,19.7,0.0,11.08
ablate v2_pff_alignment_matchup,2025,5,Mason Taylor,TE,7.0,6.62,17.7,-0.38,11.08
ablate v2_scheme_matchup,2023,4,DJ Moore,WR,16.11,16.02,27.1,-0.09,11.08
ablate v2_pff_alignment_matchup,2023,5,Davante Adams,WR,18.9,19.57,8.5,0.67,11.07
ablate v2_scheme_matchup,2022,6,Mike Williams,WR,14.77,14.77,3.7,0.0,11.07
ablate v2_scheme_matchup,2025,3,Ja'Marr Chase,WR,19.28,19.96,8.9,0.68,11.06
ablate v2_pff_alignment_matchup,2025,16,Zay Flowers,WR,10.16,10.16,21.2,0.0,11.04
ablate v2_scheme_matchup,2025,16,Zay Flowers,WR,10.16,10.16,21.2,0.0,11.04
ablate v2_pff_alignment_matchup,2025,14,Jaxon Smith-Njigba,WR,17.07,17.07,28.1,0.0,11.03
ablate v2_pff_alignment_matchup,2025,11,Deebo Samuel Sr.,WR,9.19,9.67,20.7,0.48,11.03
ablate v2_pff_alignment_matchup,2024,5,Jauan Jennings,WR,13.62,13.33,2.3,-0.29,11.03
ablate v2_scheme_matchup,2024,6,Marvin Harrison Jr.,WR,11.02,11.02,0.0,0.0,11.02
ablate v2_pff_alignment_matchup,2024,6,Marvin Harrison Jr.,WR,11.02,11.02,0.0,0.0,11.02
ablate v2_scheme_matchup,2025,5,Jaylen Waddle,WR,11.98,11.98,23.0,0.0,11.02
ablate v2_pff_alignment_matchup,2023,10,Jahan Dotson,WR,11.69,11.02,0.0,-0.67,11.02
ablate v2_pff_alignment_matchup,2024,9,Courtland Sutton,WR,12.94,12.27,23.28,-0.67,11.01
ablate v2_pff_alignment_matchup,2023,18,Brandon Aiyuk,WR,15.83,16.5,5.5,0.67,11.0
ablate v2_pff_alignment_matchup,2024,7,Cade Otton,TE,7.1,7.0,18.0,-0.1,11.0
ablate v2_scheme_matchup,2023,3,Mike Williams,WR,14.29,14.1,25.1,-0.19,11.0
ablate v2_scheme_matchup,2022,18,Pat Freiermuth,TE,10.99,10.99,0.0,0.0,10.99
ablate v2_scheme_matchup,2024,6,Calvin Ridley,WR,12.17,11.89,0.9,-0.28,10.99
ablate v2_scheme_matchup,2025,12,George Pickens,WR,18.61,18.61,29.6,0.0,10.99
ablate v2_scheme_matchup,2024,15,Jonnu Smith,TE,9.0,8.81,19.8,-0.19,10.99
ablate v2_scheme_matchup,2023,17,DeVonta Smith,WR,16.79,16.98,6.0,0.19,10.98
ablate v2_pff_alignment_matchup,2023,8,David Njoku,TE,6.72,6.72,17.7,0.0,10.98
ablate v2_scheme_matchup,2022,3,Mike Williams,WR,19.67,19.48,8.5,-0.19,10.98
ablate v2_pff_alignment_matchup,2023,5,DeAndre Hopkins,WR,11.31,11.02,22.0,-0.29,10.98
ablate v2_pff_alignment_matchup,2025,6,Trey McBride,TE,10.23,10.23,21.2,0.0,10.97
ablate v2_scheme_matchup,2025,6,Trey McBride,TE,10.23,10.23,21.2,0.0,10.97
ablate v2_scheme_matchup,2023,16,Jordan Addison,WR,12.08,12.17,1.2,0.09,10.97
ablate v2_pff_alignment_matchup,2023,18,Jakobi Meyers,WR,11.69,10.64,21.6,-1.05,10.96
ablate v2_scheme_matchup,2025,13,Nico Collins,WR,10.54,10.54,21.5,0.0,10.96
ablate v2_pff_alignment_matchup,2025,13,Nico Collins,WR,10.54,10.54,21.5,0.0,10.96
ablate v2_scheme_matchup,2024,9,Cooper Kupp,WR,10.54,10.44,21.4,-0.1,10.96
ablate v2_scheme_matchup,2022,3,Brandin Cooks,WR,15.15,15.15,4.2,0.0,10.95
ablate v2_scheme_matchup,2022,11,Tee Higgins,WR,12.94,12.85,23.8,-0.09,10.95
ablate v2_pff_alignment_matchup,2023,18,Diontae Johnson,WR,7.46,7.95,18.9,0.49,10.95
ablate v2_pff_alignment_matchup,2022,3,Brandin Cooks,WR,15.15,15.15,4.2,0.0,10.95
ablate v2_pff_alignment_matchup,2023,16,Rashid Shaheed,WR,7.27,7.46,18.4,0.19,10.94
ablate v2_scheme_matchup,2025,13,Michael Pittman,WR,13.23,13.23,2.3,0.0,10.93
ablate v2_pff_alignment_matchup,2025,11,Christian Watson,WR,9.39,9.67,20.6,0.28,10.93
ablate v2_scheme_matchup,2023,7,Josh Palmer,WR,7.37,7.37,18.3,0.0,10.93
ablate v2_scheme_matchup,2022,4,Gabe Davis,WR,13.42,13.23,2.3,-0.19,10.93
ablate v2_pff_alignment_matchup,2025,9,Kayshon Boutte,WR,10.64,10.92,0.0,0.28,10.92
ablate v2_scheme_matchup,2025,15,Chris Olave,WR,9.77,9.58,20.5,-0.19,10.92
ablate v2_scheme_matchup,2023,13,Noah Brown,WR,10.92,10.92,0.0,0.0,10.92
ablate v2_pff_alignment_matchup,2023,13,Noah Brown,WR,10.92,10.92,0.0,0.0,10.92
ablate v2_pff_alignment_matchup,2025,10,Parker Washington,WR,6.79,6.98,17.9,0.19,10.92
ablate v2_scheme_matchup,2022,3,CeeDee Lamb,WR,11.6,11.79,22.7,0.19,10.91
ablate v2_pff_alignment_matchup,2023,3,CeeDee Lamb,WR,24.28,21.11,10.2,-3.17,10.91
ablate v2_scheme_matchup,2023,12,DJ Moore,WR,11.5,11.5,22.4,0.0,10.9
ablate v2_pff_alignment_matchup,2023,13,Tyreek Hill,WR,21.98,21.4,32.3,-0.58,10.9
ablate v2_scheme_matchup,2022,14,DJ Moore,WR,11.5,11.5,0.6,0.0,10.9
ablate v2_scheme_matchup,2024,18,Zay Flowers,WR,14.0,14.0,3.1,0.0,10.9
ablate v2_pff_alignment_matchup,2023,12,DJ Moore,WR,11.5,11.5,22.4,0.0,10.9
ablate v2_scheme_matchup,2022,11,Deebo Samuel Sr.,WR,11.5,11.5,22.4,0.0,10.9
ablate v2_pff_alignment_matchup,2024,18,Zay Flowers,WR,14.0,14.0,3.1,0.0,10.9
ablate v2_scheme_matchup,2022,9,Mecole Hardman,WR,9.0,9.0,19.9,0.0,10.9
ablate v2_scheme_matchup,2024,7,DeMario Douglas,WR,14.1,14.29,3.4,0.19,10.89
ablate v2_scheme_matchup,2022,15,A.J. Brown,WR,16.02,16.21,27.1,0.19,10.89
ablate v2_pff_alignment_matchup,2023,8,Sam LaPorta,TE,9.95,8.81,19.7,-1.14,10.89
ablate v2_scheme_matchup,2022,4,Terry McLaurin,WR,14.38,14.38,3.5,0.0,10.88
ablate v2_scheme_matchup,2025,12,Michael Wilson,WR,10.92,10.92,21.8,0.0,10.88
ablate v2_pff_alignment_matchup,2025,12,Michael Wilson,WR,10.92,10.92,21.8,0.0,10.88
ablate v2_pff_alignment_matchup,2023,11,Jayden Reed,WR,8.33,8.33,19.2,0.0,10.87
ablate v2_scheme_matchup,2023,7,Gabe Davis,WR,12.17,12.46,1.6,0.29,10.86
ablate v2_pff_alignment_matchup,2023,7,Gabe Davis,WR,12.17,12.46,1.6,0.29,10.86
ablate v2_scheme_matchup,2025,11,Tyrell Shavers,WR,8.04,8.14,19.0,0.1,10.86
ablate v2_pff_alignment_matchup,2025,11,Ladd McConkey,WR,12.94,15.15,4.3,2.21,10.85
ablate v2_pff_alignment_matchup,2023,13,Marquise Brown,WR,10.83,10.83,0.0,0.0,10.83
ablate v2_pff_alignment_matchup,2022,5,Amari Cooper,WR,9.77,9.77,20.6,0.0,10.83
ablate v2_scheme_matchup,2024,12,T.J. Hockenson,TE,7.48,7.57,18.4,0.09,10.83
ablate v2_scheme_matchup,2025,6,Brian Thomas Jr.,WR,12.37,12.17,23.0,-0.2,10.83
ablate v2_scheme_matchup,2022,5,Amari Cooper,WR,9.77,9.77,20.6,0.0,10.83
ablate v2_scheme_matchup,2023,13,Marquise Brown,WR,10.83,10.83,0.0,0.0,10.83
ablate v2_scheme_matchup,2023,12,Jakobi Meyers,WR,9.19,9.29,20.1,0.1,10.81
ablate v2_pff_alignment_matchup,2025,10,A.J. Brown,WR,14.96,14.1,3.3,-0.86,10.8
ablate v2_scheme_matchup,2024,7,Jameson Williams,WR,11.5,11.4,0.6,-0.1,10.8
ablate v2_pff_alignment_matchup,2024,6,Stefon Diggs,WR,8.91,8.91,19.7,0.0,10.79
ablate v2_pff_alignment_matchup,2023,5,Gabe Davis,WR,11.69,11.21,22.0,-0.48,10.79
ablate v2_scheme_matchup,2024,6,Stefon Diggs,WR,8.91,8.91,19.7,0.0,10.79
ablate v2_pff_alignment_matchup,2024,13,Jayden Reed,WR,8.62,8.91,19.7,0.29,10.79
ablate v2_pff_alignment_matchup,2022,14,Donovan Peoples-Jones,WR,8.62,8.62,19.4,0.0,10.78
ablate v2_scheme_matchup,2022,14,Donovan Peoples-Jones,WR,8.62,8.62,19.4,0.0,10.78
ablate v2_pff_alignment_matchup,2023,9,Tee Higgins,WR,8.52,8.23,19.0,-0.29,10.77
ablate v2_scheme_matchup,2024,4,Christian Kirk,WR,8.14,8.33,19.1,0.19,10.77
ablate v2_scheme_matchup,2022,5,Jakobi Meyers,WR,13.04,13.33,24.1,0.29,10.77
ablate v2_scheme_matchup,2024,18,Amon-Ra St. Brown,WR,24.67,24.47,13.7,-0.2,10.77
ablate v2_pff_alignment_matchup,2023,12,Puka Nacua,WR,19.19,17.46,6.7,-1.73,10.76
ablate v2_scheme_matchup,2025,4,Tre Tucker,WR,15.34,14.96,4.2,-0.38,10.76
ablate v2_scheme_matchup,2023,11,Davante Adams,WR,10.64,10.44,21.2,-0.2,10.76
ablate v2_scheme_matchup,2023,5,Curtis Samuel,WR,7.85,7.75,18.5,-0.1,10.75
ablate v2_pff_alignment_matchup,2022,16,Zay Jones,WR,11.79,12.85,2.1,1.06,10.75
ablate v2_pff_alignment_matchup,2025,12,Davante Adams,WR,11.89,12.46,23.2,0.57,10.74
ablate v2_scheme_matchup,2023,10,Tyler Lockett,WR,12.56,12.46,23.2,-0.1,10.74
ablate v2_pff_alignment_matchup,2023,5,Courtland Sutton,WR,13.52,13.04,2.3,-0.48,10.74
ablate v2_pff_alignment_matchup,2025,12,Parker Washington,WR,7.08,7.37,18.1,0.29,10.73
ablate v2_scheme_matchup,2024,6,Evan Engram,TE,7.67,7.48,18.2,-0.19,10.72
ablate v2_scheme_matchup,2025,18,Amon-Ra St. Brown,WR,14.0,14.19,24.9,0.19,10.71
ablate v2_pff_alignment_matchup,2024,7,Jayden Reed,WR,13.13,13.71,3.0,0.58,10.71
ablate v2_scheme_matchup,2024,5,Deebo Samuel Sr.,WR,13.52,13.71,3.0,0.19,10.71
ablate v2_pff_alignment_matchup,2024,18,DJ Moore,WR,10.92,11.4,22.1,0.48,10.7
ablate v2_pff_alignment_matchup,2022,4,Christian Kirk,WR,17.75,19.0,8.3,1.25,10.7
ablate v2_pff_alignment_matchup,2023,15,Travis Kelce,TE,20.02,18.5,7.8,-1.52,10.7
ablate v2_pff_alignment_matchup,2022,17,Tyler Lockett,WR,13.9,14.19,3.5,0.29,10.69
ablate v2_pff_alignment_matchup,2023,12,Calvin Ridley,WR,11.12,11.21,21.9,0.09,10.69
ablate v2_scheme_matchup,2023,5,DeAndre Hopkins,WR,11.31,11.31,22.0,0.0,10.69
ablate v2_pff_alignment_matchup,2022,4,Terry McLaurin,WR,14.38,14.19,3.5,-0.19,10.69
ablate v2_scheme_matchup,2022,13,Christian Watson,WR,13.52,13.71,24.4,0.19,10.69
ablate v2_pff_alignment_matchup,2025,11,Tyrell Shavers,WR,8.04,8.33,19.0,0.29,10.67
ablate v2_scheme_matchup,2025,6,Michael Pittman,WR,14.67,14.67,4.0,0.0,10.67
ablate v2_pff_alignment_matchup,2024,16,A.J. Brown,WR,13.42,13.04,23.7,-0.38,10.66
ablate v2_scheme_matchup,2025,8,Oronde Gadsden II,TE,8.33,8.05,18.7,-0.28,10.65
ablate v2_pff_alignment_matchup,2025,8,Oronde Gadsden II,TE,8.33,8.05,18.7,-0.28,10.65
ablate v2_scheme_matchup,2022,11,Treylon Burks,WR,7.46,7.46,18.1,0.0,10.64
ablate v2_scheme_matchup,2025,14,Jaxon Smith-Njigba,WR,17.07,17.46,28.1,0.39,10.64
ablate v2_pff_alignment_matchup,2022,12,Justin Jefferson,WR,18.04,18.71,29.34,0.67,10.63
ablate v2_pff_alignment_matchup,2025,6,Brian Thomas Jr.,WR,12.37,12.37,23.0,0.0,10.63
ablate v2_pff_alignment_matchup,2025,15,Chris Olave,WR,9.77,9.87,20.5,0.1,10.63
ablate v2_pff_alignment_matchup,2024,10,George Pickens,WR,10.25,9.87,20.5,-0.38,10.63
ablate v2_scheme_matchup,2024,7,Cade Otton,TE,7.1,7.38,18.0,0.28,10.62
ablate v2_scheme_matchup,2023,5,Sam LaPorta,TE,9.0,9.09,19.7,0.09,10.61
ablate v2_pff_alignment_matchup,2024,3,Ja'Marr Chase,WR,18.13,19.19,29.8,1.06,10.61
ablate v2_pff_alignment_matchup,2024,8,Josh Downs,WR,10.64,11.6,22.2,0.96,10.6
ablate v2_pff_alignment_matchup,2025,16,DJ Moore,WR,12.08,11.31,21.9,-0.77,10.59
ablate v2_pff_alignment_matchup,2022,11,Justin Jefferson,WR,16.21,16.88,6.3,0.67,10.58
ablate v2_scheme_matchup,2025,6,Kendrick Bourne,WR,8.71,8.62,19.2,-0.09,10.58
ablate v2_pff_alignment_matchup,2025,3,Ja'Marr Chase,WR,19.28,19.48,8.9,0.2,10.58
ablate v2_pff_alignment_matchup,2022,11,Tee Higgins,WR,12.94,13.23,23.8,0.29,10.57
ablate v2_scheme_matchup,2024,4,Diontae Johnson,WR,10.73,10.73,21.3,0.0,10.57
ablate v2_pff_alignment_matchup,2022,14,Stefon Diggs,WR,16.02,17.27,6.7,1.25,10.57
ablate v2_pff_alignment_matchup,2024,4,Diontae Johnson,WR,10.73,10.73,21.3,0.0,10.57
ablate v2_scheme_matchup,2023,14,Mike Evans,WR,12.75,12.37,1.8,-0.38,10.57
ablate v2_pff_alignment_matchup,2022,4,Josh Reynolds,WR,10.83,10.54,21.1,-0.29,10.56
ablate v2_scheme_matchup,2022,12,Nelson Agholor,WR,8.14,7.95,18.5,-0.19,10.55
ablate v2_pff_alignment_matchup,2025,14,Ladd McConkey,WR,12.08,12.75,2.2,0.67,10.55
ablate v2_pff_alignment_matchup,2022,4,Gabe Davis,WR,13.42,12.85,2.3,-0.57,10.55
ablate v2_scheme_matchup,2023,16,Chig Okonkwo,TE,7.76,7.76,18.3,0.0,10.54
ablate v2_pff_alignment_matchup,2024,15,Jaylen Waddle,WR,10.35,10.54,0.0,0.19,10.54
ablate v2_pff_alignment_matchup,2025,5,Jaylen Waddle,WR,11.98,12.46,23.0,0.48,10.54
ablate v2_pff_alignment_matchup,2023,15,George Kittle,TE,17.36,17.93,7.4,0.57,10.53
ablate v2_pff_alignment_matchup,2025,18,Amon-Ra St. Brown,WR,14.0,14.38,24.9,0.38,10.52
ablate v2_pff_alignment_matchup,2023,9,Adam Thielen,WR,17.07,18.42,7.9,1.35,10.52
ablate v2_scheme_matchup,2025,5,Mason Taylor,TE,7.0,7.19,17.7,0.19,10.51
ablate v2_pff_alignment_matchup,2023,5,Tyler Higbee,TE,12.32,14.51,4.0,2.19,10.51
ablate v2_scheme_matchup,2022,5,Tyreek Hill,WR,23.51,23.51,13.0,0.0,10.51
ablate v2_scheme_matchup,2022,6,Mike Evans,WR,18.32,18.71,8.2,0.39,10.51
ablate v2_pff_alignment_matchup,2022,6,Mike Evans,WR,18.32,18.71,8.2,0.39,10.51
ablate v2_scheme_matchup,2022,18,Christian Kirk,WR,11.79,11.4,21.9,-0.39,10.5
ablate v2_scheme_matchup,2023,13,DeVonta Smith,WR,14.1,14.1,24.6,0.0,10.5
ablate v2_scheme_matchup,2023,16,Davante Adams,WR,11.79,11.89,1.4,0.1,10.49
ablate v2_pff_alignment_matchup,2024,9,Cooper Kupp,WR,10.54,10.92,21.4,0.38,10.48
ablate v2_pff_alignment_matchup,2023,17,Travis Kelce,TE,14.98,15.08,4.6,0.1,10.48
ablate v2_scheme_matchup,2023,9,Tee Higgins,WR,8.52,8.52,19.0,0.0,10.48
ablate v2_pff_alignment_matchup,2022,6,Michael Pittman,WR,16.79,15.92,26.4,-0.87,10.48
ablate v2_scheme_matchup,2022,6,Robert Tonyan,TE,8.43,8.52,19.0,0.09,10.48
ablate v2_scheme_matchup,2025,5,Deebo Samuel Sr.,WR,13.13,13.13,23.6,0.0,10.47
ablate v2_scheme_matchup,2025,16,Jaxon Smith-Njigba,WR,12.94,13.13,23.6,0.19,10.47
ablate v2_scheme_matchup,2024,3,Brock Bowers,TE,17.55,17.55,7.1,0.0,10.45
ablate v2_pff_alignment_matchup,2025,13,Justin Jefferson,WR,12.27,12.85,2.4,0.58,10.45
ablate v2_pff_alignment_matchup,2023,7,Josh Palmer,WR,7.37,7.85,18.3,0.48,10.45
ablate v2_pff_alignment_matchup,2023,15,Michael Wilson,WR,10.44,10.44,0.0,0.0,10.44
ablate v2_scheme_matchup,2023,15,Michael Wilson,WR,10.44,10.44,0.0,0.0,10.44
ablate v2_scheme_matchup,2023,14,Gabe Davis,WR,10.06,10.44,0.0,0.38,10.44
ablate v2_pff_alignment_matchup,2024,15,Darnell Mooney,WR,9.96,10.44,0.0,0.48,10.44
ablate v2_scheme_matchup,2023,16,Romeo Doubs,WR,7.27,7.46,17.9,0.19,10.44
ablate v2_scheme_matchup,2024,8,Drake London,WR,17.75,17.84,7.4,0.09,10.44
ablate v2_scheme_matchup,2025,9,Marvin Harrison Jr.,WR,12.17,12.17,22.6,0.0,10.43
ablate v2_scheme_matchup,2022,18,Justin Jefferson,WR,18.13,18.23,7.8,0.1,10.43
ablate v2_pff_alignment_matchup,2025,10,Nico Collins,WR,12.17,12.17,22.6,0.0,10.43
ablate v2_pff_alignment_matchup,2025,9,Marvin Harrison Jr.,WR,12.17,12.17,22.6,0.0,10.43
ablate v2_pff_alignment_matchup,2022,6,Tyler Higbee,TE,12.04,12.13,1.7,0.09,10.43
ablate v2_scheme_matchup,2025,10,Nico Collins,WR,12.17,12.17,22.6,0.0,10.43
ablate v2_pff_alignment_matchup,2025,14,Justin Jefferson,WR,13.33,13.52,3.1,0.19,10.42
ablate v2_pff_alignment_matchup,2024,5,Deebo Samuel Sr.,WR,13.52,13.42,3.0,-0.1,10.42
ablate v2_scheme_matchup,2025,16,Drake London,WR,16.31,16.11,5.7,-0.2,10.41
ablate v2_scheme_matchup,2023,15,Travis Kelce,TE,20.02,18.21,7.8,-1.81,10.41
ablate v2_pff_alignment_matchup,2022,13,Tyreek Hill,WR,19.38,19.19,29.6,-0.19,10.41
ablate v2_scheme_matchup,2023,5,Davante Adams,WR,18.9,18.9,8.5,0.0,10.4
ablate v2_pff_alignment_matchup,2022,16,Davante Adams,WR,13.33,13.9,3.5,0.57,10.4
ablate v2_scheme_matchup,2023,17,Brandon Aiyuk,WR,14.1,14.0,24.4,-0.1,10.4
ablate v2_scheme_matchup,2025,13,Davante Adams,WR,11.69,11.4,21.8,-0.29,10.4
ablate v2_scheme_matchup,2024,14,Adam Thielen,WR,8.91,8.81,19.2,-0.1,10.39
ablate v2_scheme_matchup,2022,18,Hunter Renfrow,WR,9.29,8.91,19.3,-0.38,10.39
ablate v2_pff_alignment_matchup,2024,14,George Kittle,TE,11.75,10.71,21.1,-1.04,10.39
ablate v2_scheme_matchup,2024,14,CeeDee Lamb,WR,11.02,11.02,21.4,0.0,10.38
ablate v2_pff_alignment_matchup,2024,14,CeeDee Lamb,WR,11.02,11.02,21.4,0.0,10.38
ablate v2_pff_alignment_matchup,2024,18,Tyreek Hill,WR,14.29,14.38,4.0,0.09,10.38
ablate v2_scheme_matchup,2022,12,Adam Thielen,WR,10.73,10.73,21.1,0.0,10.37
ablate v2_pff_alignment_matchup,2025,16,Jaxon Smith-Njigba,WR,12.94,13.23,23.6,0.29,10.37
ablate v2_scheme_matchup,2023,12,DeVonta Smith,WR,13.23,13.23,23.6,0.0,10.37
ablate v2_pff_alignment_matchup,2024,6,Keenan Allen,WR,11.69,10.73,21.1,-0.96,10.37
ablate v2_scheme_matchup,2023,17,Tyler Lockett,WR,12.27,12.37,2.0,0.1,10.37
ablate v2_scheme_matchup,2023,3,Tyreek Hill,WR,20.53,20.34,30.7,-0.19,10.36
ablate v2_scheme_matchup,2024,10,Travis Kelce,TE,10.42,10.04,20.4,-0.38,10.36
ablate v2_pff_alignment_matchup,2022,7,Terry McLaurin,WR,8.62,7.95,18.3,-0.67,10.35
ablate v2_scheme_matchup,2022,4,Marvin Jones,WR,10.35,10.35,0.0,0.0,10.35
ablate v2_pff_alignment_matchup,2025,6,Juwan Johnson,TE,12.13,11.85,1.5,-0.28,10.35
ablate v2_scheme_matchup,2025,6,Rome Odunze,WR,15.54,15.54,5.2,0.0,10.34
ablate v2_scheme_matchup,2024,8,Michael Pittman,WR,12.85,12.94,2.6,0.09,10.34
ablate v2_scheme_matchup,2024,6,Tucker Kraft,TE,12.99,13.84,3.5,0.85,10.34
ablate v2_pff_alignment_matchup,2025,3,Hunter Renfrow,WR,12.17,12.94,2.6,0.77,10.34
ablate v2_scheme_matchup,2025,6,Courtland Sutton,WR,13.04,13.04,2.7,0.0,10.34
ablate v2_pff_alignment_matchup,2025,6,Courtland Sutton,WR,13.04,13.04,2.7,0.0,10.34
ablate v2_scheme_matchup,2024,9,Courtland Sutton,WR,12.94,12.94,23.28,0.0,10.34
ablate v2_pff_alignment_matchup,2025,7,Rome Odunze,WR,14.96,15.44,5.1,0.48,10.34
ablate v2_scheme_matchup,2022,4,Stefon Diggs,WR,20.82,20.53,10.2,-0.29,10.33
ablate v2_pff_alignment_matchup,2025,12,A.J. Brown,WR,15.73,14.67,25.0,-1.06,10.33
ablate v2_scheme_matchup,2024,7,Jayden Reed,WR,13.13,13.33,3.0,0.2,10.33
ablate v2_scheme_matchup,2023,8,Sam LaPorta,TE,9.95,9.38,19.7,-0.57,10.32
ablate v2_scheme_matchup,2023,5,Gabe Davis,WR,11.69,11.69,22.0,0.0,10.31
ablate v2_pff_alignment_matchup,2023,9,Diontae Johnson,WR,13.13,11.69,22.0,-1.44,10.31
ablate v2_scheme_matchup,2022,17,Tyler Lockett,WR,13.9,13.81,3.5,-0.09,10.31
ablate v2_pff_alignment_matchup,2022,18,Christian Kirk,WR,11.79,11.6,21.9,-0.19,10.3
ablate v2_pff_alignment_matchup,2022,8,Tyreek Hill,WR,21.88,21.21,31.5,-0.67,10.29
ablate v2_pff_alignment_matchup,2025,6,Kendrick Bourne,WR,8.71,8.91,19.2,0.2,10.29
ablate v2_pff_alignment_matchup,2025,4,Malik Nabers,WR,13.04,14.29,4.0,1.25,10.29
ablate v2_pff_alignment_matchup,2024,14,Adam Thielen,WR,8.91,8.91,19.2,0.0,10.29
ablate v2_scheme_matchup,2024,18,Tyreek Hill,WR,14.29,14.29,4.0,0.0,10.29
ablate v2_scheme_matchup,2024,16,A.J. Brown,WR,13.42,13.42,23.7,0.0,10.28
ablate v2_scheme_matchup,2023,16,Justin Jefferson,WR,15.73,15.83,26.1,0.1,10.27
ablate v2_pff_alignment_matchup,2025,5,Deebo Samuel Sr.,WR,13.13,13.33,23.6,0.2,10.27
ablate v2_scheme_matchup,2022,8,Jakobi Meyers,WR,10.83,10.73,21.0,-0.1,10.27
ablate v2_pff_alignment_matchup,2023,17,Tyler Lockett,WR,12.27,12.27,2.0,0.0,10.27
ablate v2_scheme_matchup,2022,4,Josh Reynolds,WR,10.83,10.83,21.1,0.0,10.27
ablate v2_pff_alignment_matchup,2023,16,Justin Jefferson,WR,15.73,15.83,26.1,0.1,10.27
ablate v2_scheme_matchup,2024,15,Jaylen Waddle,WR,10.35,10.25,0.0,-0.1,10.25
ablate v2_scheme_matchup,2022,15,Alec Pierce,WR,10.54,10.25,0.0,-0.29,10.25
ablate v2_scheme_matchup,2022,6,Marquez Valdes-Scantling,WR,10.25,10.25,0.0,0.0,10.25
ablate v2_scheme_matchup,2025,16,Marvin Harrison Jr.,WR,12.65,12.65,2.4,0.0,10.25
ablate v2_pff_alignment_matchup,2025,16,Marvin Harrison Jr.,WR,12.65,12.65,2.4,0.0,10.25
ablate v2_pff_alignment_matchup,2023,13,CeeDee Lamb,WR,24.67,22.36,32.6,-2.31,10.24
ablate v2_scheme_matchup,2025,4,Dallas Goedert,TE,9.19,9.47,19.7,0.28,10.23
ablate v2_pff_alignment_matchup,2023,12,Jakobi Meyers,WR,9.19,9.87,20.1,0.68,10.23
ablate v2_scheme_matchup,2025,14,Justin Jefferson,WR,13.33,13.33,3.1,0.0,10.23
ablate v2_scheme_matchup,2022,3,Jahan Dotson,WR,13.13,13.23,3.0,0.1,10.23
ablate v2_scheme_matchup,2023,12,Keenan Allen,WR,12.37,12.37,22.6,0.0,10.23
ablate v2_scheme_matchup,2023,10,Tyler Boyd,WR,9.58,9.48,19.7,-0.1,10.22
ablate v2_scheme_matchup,2025,11,Ricky Pearsall,WR,11.31,11.21,1.0,-0.1,10.21
ablate v2_scheme_matchup,2023,18,Jakobi Meyers,WR,11.69,11.4,21.6,-0.29,10.2
ablate v2_pff_alignment_matchup,2022,18,Hunter Renfrow,WR,9.29,9.1,19.3,-0.19,10.2
ablate v2_scheme_matchup,2022,14,DJ Chark,WR,11.5,11.21,21.4,-0.29,10.19
ablate v2_scheme_matchup,2022,3,Cooper Kupp,WR,26.59,26.59,16.4,0.0,10.19
ablate v2_scheme_matchup,2025,4,Jauan Jennings,WR,16.59,16.59,6.4,0.0,10.19
ablate v2_pff_alignment_matchup,2023,3,Ja'Marr Chase,WR,14.86,15.92,26.1,1.06,10.18
ablate v2_scheme_matchup,2023,10,George Kittle,TE,10.9,10.42,20.6,-0.48,10.18
ablate v2_scheme_matchup,2022,6,Randall Cobb,WR,11.6,11.98,1.8,0.38,10.18
ablate v2_pff_alignment_matchup,2025,6,Emeka Egbuka,WR,14.19,14.58,4.4,0.39,10.18
ablate v2_scheme_matchup,2023,16,Chris Olave,WR,13.33,13.13,23.3,-0.2,10.17
ablate v2_scheme_matchup,2023,8,DJ Moore,WR,19.67,19.67,9.5,0.0,10.17
ablate v2_pff_alignment_matchup,2022,6,Marquez Valdes-Scantling,WR,10.25,10.16,0.0,-0.09,10.16
ablate v2_pff_alignment_matchup,2025,13,Trey McBride,TE,12.04,12.04,22.2,0.0,10.16
ablate v2_scheme_matchup,2025,13,Trey McBride,TE,12.04,12.04,22.2,0.0,10.16
ablate v2_scheme_matchup,2022,18,Drake London,WR,7.95,7.85,18.0,-0.1,10.15
ablate v2_pff_alignment_matchup,2024,8,Michael Pittman,WR,12.85,12.75,2.6,-0.1,10.15
ablate v2_pff_alignment_matchup,2024,11,Kendrick Bourne,WR,8.33,7.85,18.0,-0.48,10.15
ablate v2_scheme_matchup,2024,10,George Pickens,WR,10.25,10.35,20.5,0.1,10.15
ablate v2_pff_alignment_matchup,2022,3,Ja'Marr Chase,WR,21.59,22.84,12.7,1.25,10.14
ablate v2_scheme_matchup,2023,13,Tyreek Hill,WR,21.98,22.17,32.3,0.19,10.13
ablate v2_pff_alignment_matchup,2023,13,DeVonta Smith,WR,14.1,14.48,24.6,0.38,10.12
ablate v2_pff_alignment_matchup,2024,6,Calvin Ridley,WR,12.17,11.02,0.9,-1.15,10.12
ablate v2_pff_alignment_matchup,2025,16,Tetairoa McMillan,WR,9.1,9.19,19.3,0.09,10.11
ablate v2_scheme_matchup,2025,16,Tetairoa McMillan,WR,9.1,9.19,19.3,0.09,10.11
ablate v2_scheme_matchup,2025,17,Drake London,WR,11.4,11.5,1.4,0.1,10.1
ablate v2_pff_alignment_matchup,2022,12,Dalton Schultz,TE,9.09,9.0,19.1,-0.09,10.1
ablate v2_scheme_matchup,2024,5,Rashid Shaheed,WR,9.0,8.52,18.6,-0.48,10.08
ablate v2_scheme_matchup,2024,4,Rome Odunze,WR,12.08,12.08,2.0,0.0,10.08
ablate v2_scheme_matchup,2024,4,Zay Flowers,WR,12.08,12.08,2.0,0.0,10.08
ablate v2_pff_alignment_matchup,2024,4,Zay Flowers,WR,12.08,12.08,2.0,0.0,10.08
ablate v2_pff_alignment_matchup,2023,5,Curtis Samuel,WR,7.85,8.43,18.5,0.58,10.07
ablate v2_pff_alignment_matchup,2025,13,Michael Pittman,WR,13.23,12.37,2.3,-0.86,10.07
ablate v2_scheme_matchup,2023,3,Isaiah Hodgins,WR,10.16,10.06,0.0,-0.1,10.06
ablate v2_pff_alignment_matchup,2023,16,Chig Okonkwo,TE,7.76,8.24,18.3,0.48,10.06
ablate v2_pff_alignment_matchup,2023,17,Isaiah Likely,TE,8.14,8.14,18.2,0.0,10.06
ablate v2_scheme_matchup,2023,17,Isaiah Likely,TE,8.14,8.14,18.2,0.0,10.06
ablate v2_pff_alignment_matchup,2023,3,Isaiah Hodgins,WR,10.16,10.06,0.0,-0.1,10.06
ablate v2_scheme_matchup,2022,13,Randall Cobb,WR,9.96,10.06,0.0,0.1,10.06
ablate v2_scheme_matchup,2022,6,Tyler Higbee,TE,12.04,11.75,1.7,-0.29,10.05
ablate v2_pff_alignment_matchup,2023,14,Zay Flowers,WR,9.96,9.96,20.0,0.0,10.04
ablate v2_scheme_matchup,2023,7,Mike Evans,WR,10.35,10.16,20.2,-0.19,10.04
ablate v2_scheme_matchup,2025,12,Amon-Ra St. Brown,WR,19.57,19.86,29.9,0.29,10.04
ablate v2_scheme_matchup,2023,14,Zay Flowers,WR,9.96,9.96,20.0,0.0,10.04
ablate v2_pff_alignment_matchup,2022,8,Brandon Aiyuk,WR,10.54,10.06,20.1,-0.48,10.04
ablate v2_pff_alignment_matchup,2024,15,Jonnu Smith,TE,9.0,9.76,19.8,0.76,10.04
ablate v2_pff_alignment_matchup,2024,9,Isaiah Likely,TE,10.04,10.04,0.0,0.0,10.04
ablate v2_scheme_matchup,2024,9,Isaiah Likely,TE,10.04,10.04,0.0,0.0,10.04
ablate v2_pff_alignment_matchup,2025,11,Khalil Shakir,WR,10.25,10.73,0.7,0.48,10.03
ablate v2_scheme_matchup,2022,13,Tyreek Hill,WR,19.38,19.57,29.6,0.19,10.03
ablate v2_pff_alignment_matchup,2023,10,Tyler Boyd,WR,9.58,9.67,19.7,0.09,10.03
ablate v2_scheme_matchup,2024,9,Cedric Tillman,WR,9.48,9.48,19.5,0.0,10.02
ablate v2_scheme_matchup,2024,6,DJ Moore,WR,16.21,16.02,6.0,-0.19,10.02
ablate v2_pff_alignment_matchup,2024,9,Cedric Tillman,WR,9.48,9.48,19.5,0.0,10.02
ablate v2_scheme_matchup,2022,6,Courtland Sutton,WR,13.42,13.42,3.4,0.0,10.02
ablate v2_scheme_matchup,2022,11,Justin Jefferson,WR,16.21,16.31,6.3,0.1,10.01
ablate v2_scheme_matchup,2024,11,Josh Downs,WR,9.39,9.39,19.4,0.0,10.01
ablate v2_pff_alignment_matchup,2022,18,T.J. Hockenson,TE,12.89,12.61,2.6,-0.28,10.01
ablate v2_pff_alignment_matchup,2022,6,Robert Tonyan,TE,8.43,9.0,19.0,0.57,10.0
ablate v2_pff_alignment_matchup,2024,4,Christian Kirk,WR,8.14,9.1,19.1,0.96,10.0
ablate v2_pff_alignment_matchup,2025,17,Drake London,WR,11.4,11.4,1.4,0.0,10.0
ablate v2_pff_alignment_matchup,2025,12,Rashee Rice,WR,14.19,14.1,24.1,-0.09,10.0
ablate v2_pff_alignment_matchup,2022,17,K.J. Osborn,WR,9.19,8.91,18.9,-0.28,9.99
ablate v2_pff_alignment_matchup,2022,7,Josh Reynolds,WR,11.31,11.79,1.8,0.48,9.99
ablate v2_pff_alignment_matchup,2025,18,Michael Wilson,WR,10.92,10.92,20.9,0.0,9.98
ablate v2_scheme_matchup,2025,5,Jameson Williams,WR,12.27,11.98,2.0,-0.29,9.98
ablate v2_scheme_matchup,2025,18,Michael Wilson,WR,10.92,10.92,20.9,0.0,9.98
ablate v2_pff_alignment_matchup,2022,8,Jakobi Meyers,WR,10.83,11.02,21.0,0.19,9.98
ablate v2_scheme_matchup,2023,11,Tyreek Hill,WR,20.44,20.63,30.6,0.19,9.97
ablate v2_pff_alignment_matchup,2024,4,Malik Nabers,WR,13.42,13.13,23.1,-0.29,9.97
ablate v2_pff_alignment_matchup,2023,9,CeeDee Lamb,WR,18.42,18.13,28.1,-0.29,9.97
ablate v2_scheme_matchup,2024,9,Chris Olave,WR,12.37,12.27,2.3,-0.1,9.97
ablate v2_scheme_matchup,2025,14,Zay Flowers,WR,10.64,10.64,20.6,0.0,9.96
ablate v2_pff_alignment_matchup,2025,6,Marquise Brown,WR,10.64,10.54,20.5,-0.1,9.96
ablate v2_pff_alignment_matchup,2025,14,Zay Flowers,WR,10.64,10.64,20.6,0.0,9.96
ablate v2_scheme_matchup,2025,14,Jaylen Waddle,WR,8.04,8.14,18.1,0.1,9.96
ablate v2_pff_alignment_matchup,2022,3,Hayden Hurst,TE,11.09,11.66,1.7,0.57,9.96
ablate v2_pff_alignment_matchup,2023,9,Gabe Davis,WR,9.87,9.96,0.0,0.09,9.96
ablate v2_pff_alignment_matchup,2025,8,Jake Ferguson,TE,10.8,9.95,0.0,-0.85,9.95
ablate v2_pff_alignment_matchup,2023,3,Mike Williams,WR,14.29,15.15,25.1,0.86,9.95
ablate v2_scheme_matchup,2022,5,Tyler Conklin,TE,8.9,9.95,0.0,1.05,9.95
ablate v2_pff_alignment_matchup,2023,18,George Pickens,WR,9.48,10.25,0.3,0.77,9.95
ablate v2_pff_alignment_matchup,2022,9,Darnell Mooney,WR,7.46,7.56,17.5,0.1,9.94
ablate v2_pff_alignment_matchup,2025,4,Dallas Goedert,TE,9.19,9.76,19.7,0.57,9.94
ablate v2_pff_alignment_matchup,2023,6,Michael Pittman,WR,10.16,9.96,19.9,-0.2,9.94
ablate v2_scheme_matchup,2023,17,Chris Olave,WR,15.73,15.54,5.6,-0.19,9.94
ablate v2_scheme_matchup,2025,18,George Kittle,TE,17.55,17.83,7.9,0.28,9.93
ablate v2_scheme_matchup,2023,17,Amon-Ra St. Brown,WR,12.17,12.17,22.1,0.0,9.93
ablate v2_scheme_matchup,2022,5,Hayden Hurst,TE,7.29,7.38,17.3,0.09,9.92
ablate v2_pff_alignment_matchup,2024,11,Josh Downs,WR,9.39,9.48,19.4,0.09,9.92
ablate v2_pff_alignment_matchup,2022,4,Michael Pittman,WR,16.02,16.02,6.1,0.0,9.92
ablate v2_scheme_matchup,2022,16,Davante Adams,WR,13.33,13.42,3.5,0.09,9.92
ablate v2_scheme_matchup,2022,4,Michael Pittman,WR,16.02,16.02,6.1,0.0,9.92
ablate v2_pff_alignment_matchup,2023,17,DeVonta Smith,WR,16.79,15.92,6.0,-0.87,9.92
ablate v2_scheme_matchup,2025,16,DJ Moore,WR,12.08,11.98,21.9,-0.1,9.92
ablate v2_pff_alignment_matchup,2022,6,DJ Moore,WR,15.06,13.62,3.7,-1.44,9.92
ablate v2_scheme_matchup,2025,7,Tee Higgins,WR,11.89,11.69,21.6,-0.2,9.91
ablate v2_scheme_matchup,2023,12,DK Metcalf,WR,15.92,16.11,6.2,0.19,9.91
ablate v2_scheme_matchup,2025,12,Rashee Rice,WR,14.19,14.19,24.1,0.0,9.91
ablate v2_pff_alignment_matchup,2024,17,Jayden Reed,WR,11.02,11.5,1.6,0.48,9.9
ablate v2_scheme_matchup,2025,18,Courtland Sutton,WR,11.12,11.4,1.5,0.28,9.9
ablate v2_pff_alignment_matchup,2022,12,Adam Thielen,WR,10.73,11.21,21.1,0.48,9.89
ablate v2_pff_alignment_matchup,2025,5,Jameson Williams,WR,12.27,11.89,2.0,-0.38,9.89
ablate v2_scheme_matchup,2025,14,Ladd McConkey,WR,12.08,12.08,2.2,0.0,9.88
ablate v2_scheme_matchup,2024,15,Darnell Mooney,WR,9.96,9.87,0.0,-0.09,9.87
ablate v2_scheme_matchup,2025,7,Rome Odunze,WR,14.96,14.96,5.1,0.0,9.86
ablate v2_pff_alignment_matchup,2024,5,DK Metcalf,WR,18.61,17.36,7.5,-1.25,9.86
ablate v2_pff_alignment_matchup,2023,10,Diontae Johnson,WR,12.17,12.56,2.7,0.39,9.86
ablate v2_scheme_matchup,2023,7,Cole Kmet,TE,9.95,9.85,0.0,-0.1,9.85
ablate v2_pff_alignment_matchup,2023,7,Tyler Lockett,WR,18.8,17.65,7.8,-1.15,9.85
ablate v2_scheme_matchup,2024,7,Jaxon Smith-Njigba,WR,15.44,15.15,5.3,-0.29,9.85
ablate v2_scheme_matchup,2024,11,Tucker Kraft,TE,9.47,9.85,0.0,0.38,9.85
ablate v2_scheme_matchup,2025,8,Jake Ferguson,TE,10.8,9.85,0.0,-0.95,9.85
ablate v2_scheme_matchup,2023,18,Brandon Aiyuk,WR,15.83,15.34,5.5,-0.49,9.84
ablate v2_pff_alignment_matchup,2025,18,George Kittle,TE,17.55,17.74,7.9,0.19,9.84
ablate v2_scheme_matchup,2022,10,DeAndre Hopkins,WR,9.96,9.96,19.8,0.0,9.84
ablate v2_pff_alignment_matchup,2023,18,Amon-Ra St. Brown,WR,17.94,17.56,27.4,-0.38,9.84
ablate v2_pff_alignment_matchup,2022,10,DeAndre Hopkins,WR,9.96,9.96,19.8,0.0,9.84
ablate v2_scheme_matchup,2023,14,Ja'Marr Chase,WR,15.83,15.73,5.9,-0.1,9.83
ablate v2_pff_alignment_matchup,2024,13,Jonnu Smith,TE,11.85,11.47,21.3,-0.38,9.83
ablate v2_pff_alignment_matchup,2025,10,Jaylen Waddle,WR,9.67,9.58,19.4,-0.09,9.82
ablate v2_pff_alignment_matchup,2022,6,Tyler Lockett,WR,13.62,13.52,3.7,-0.1,9.82
ablate v2_scheme_matchup,2022,12,Dalton Schultz,TE,9.09,9.28,19.1,0.19,9.82
ablate v2_pff_alignment_matchup,2022,9,Christian Kirk,WR,13.42,11.79,21.6,-1.63,9.81
ablate v2_scheme_matchup,2024,18,Tee Higgins,WR,19.09,19.09,9.3,0.0,9.79
ablate v2_pff_alignment_matchup,2025,16,Amon-Ra St. Brown,WR,19.48,19.19,9.4,-0.29,9.79
ablate v2_pff_alignment_matchup,2022,4,Travis Kelce,TE,14.22,14.41,24.2,0.19,9.79
ablate v2_scheme_matchup,2025,6,Emeka Egbuka,WR,14.19,14.19,4.4,0.0,9.79
ablate v2_scheme_matchup,2022,5,Christian Kirk,WR,11.79,11.89,2.1,0.1,9.79
ablate v2_scheme_matchup,2025,16,Amon-Ra St. Brown,WR,19.48,19.19,9.4,-0.29,9.79
ablate v2_pff_alignment_matchup,2024,3,Brock Bowers,TE,17.55,16.88,7.1,-0.67,9.78
ablate v2_scheme_matchup,2022,7,DK Metcalf,WR,11.98,11.98,2.2,0.0,9.78
ablate v2_pff_alignment_matchup,2024,9,Chris Olave,WR,12.37,12.08,2.3,-0.29,9.78
ablate v2_scheme_matchup,2023,9,CeeDee Lamb,WR,18.42,18.32,28.1,-0.1,9.78
ablate v2_pff_alignment_matchup,2024,5,Mike Evans,WR,14.0,13.42,23.2,-0.58,9.78
ablate v2_pff_alignment_matchup,2025,7,Jake Ferguson,TE,13.27,12.13,21.9,-1.14,9.77
ablate v2_pff_alignment_matchup,2022,15,Alec Pierce,WR,10.54,9.77,0.0,-0.77,9.77
ablate v2_scheme_matchup,2023,18,Gabe Davis,WR,10.16,9.77,0.0,-0.39,9.77
ablate v2_scheme_matchup,2023,9,Gabe Davis,WR,9.87,9.77,0.0,-0.1,9.77
ablate v2_scheme_matchup,2022,5,Nelson Agholor,WR,9.67,9.77,0.0,0.1,9.77
ablate v2_pff_alignment_matchup,2024,3,Trey McBride,TE,15.27,15.27,5.5,0.0,9.77
ablate v2_scheme_matchup,2024,3,Trey McBride,TE,15.27,15.27,5.5,0.0,9.77
ablate v2_scheme_matchup,2024,11,Kendrick Bourne,WR,8.33,8.23,18.0,-0.1,9.77
ablate v2_pff_alignment_matchup,2025,9,Olamide Zaccheaus,WR,8.43,8.04,17.8,-0.39,9.76
ablate v2_pff_alignment_matchup,2025,3,Jerry Jeudy,WR,12.46,12.46,2.7,0.0,9.76
ablate v2_pff_alignment_matchup,2024,3,Romeo Doubs,WR,11.4,12.56,2.8,1.16,9.76
ablate v2_scheme_matchup,2025,3,Jerry Jeudy,WR,12.46,12.46,2.7,0.0,9.76
ablate v2_pff_alignment_matchup,2022,4,Stefon Diggs,WR,20.82,19.96,10.2,-0.86,9.76
ablate v2_scheme_matchup,2023,7,Marquise Brown,WR,17.65,17.65,7.9,0.0,9.75
ablate v2_scheme_matchup,2025,9,Tucker Kraft,TE,12.89,13.75,4.0,0.86,9.75
ablate v2_scheme_matchup,2024,6,Mike Evans,WR,14.96,15.15,5.4,0.19,9.75
ablate v2_scheme_matchup,2024,6,Zay Flowers,WR,12.65,12.65,22.4,0.0,9.75
ablate v2_pff_alignment_matchup,2023,7,Marquise Brown,WR,17.65,17.65,7.9,0.0,9.75
ablate v2_pff_alignment_matchup,2024,6,Zay Flowers,WR,12.65,12.65,22.4,0.0,9.75
ablate v2_scheme_matchup,2023,11,DJ Moore,WR,12.85,12.85,22.6,0.0,9.75
ablate v2_scheme_matchup,2023,9,Ja'Marr Chase,WR,17.75,17.84,8.1,0.09,9.74
ablate v2_pff_alignment_matchup,2025,17,Jaylen Waddle,WR,10.06,10.44,0.7,0.38,9.74
ablate v2_scheme_matchup,2025,17,Stefon Diggs,WR,12.17,12.37,22.1,0.2,9.73
ablate v2_scheme_matchup,2025,6,DK Metcalf,WR,9.67,9.77,19.5,0.1,9.73
ablate v2_pff_alignment_matchup,2025,4,Ricky Pearsall,WR,18.04,18.32,8.6,0.28,9.72
ablate v2_scheme_matchup,2022,10,Amari Cooper,WR,15.92,15.92,6.2,0.0,9.72
ablate v2_pff_alignment_matchup,2022,13,George Pickens,WR,10.92,10.92,1.2,0.0,9.72
ablate v2_scheme_matchup,2022,8,Tyreek Hill,WR,21.88,21.78,31.5,-0.1,9.72
ablate v2_pff_alignment_matchup,2022,10,Amari Cooper,WR,15.92,15.92,6.2,0.0,9.72
ablate v2_pff_alignment_matchup,2025,13,Davante Adams,WR,11.69,12.08,21.8,0.39,9.72
ablate v2_scheme_matchup,2023,8,Stefon Diggs,WR,24.86,25.72,16.0,0.86,9.72
ablate v2_scheme_matchup,2022,6,Tyler Lockett,WR,13.62,13.42,3.7,-0.2,9.72
ablate v2_pff_alignment_matchup,2025,18,Courtland Sutton,WR,11.12,11.21,1.5,0.09,9.71
ablate v2_pff_alignment_matchup,2023,10,Mike Evans,WR,18.42,16.59,26.3,-1.83,9.71
ablate v2_pff_alignment_matchup,2022,14,DJ Chark,WR,11.5,11.69,21.4,0.19,9.71
ablate v2_scheme_matchup,2023,9,Cooper Kupp,WR,16.5,16.5,6.8,0.0,9.7
ablate v2_pff_alignment_matchup,2024,18,Tee Higgins,WR,19.09,19.0,9.3,-0.09,9.7
ablate v2_pff_alignment_matchup,2024,10,Travis Kelce,TE,10.42,10.71,20.4,0.29,9.69
ablate v2_pff_alignment_matchup,2024,14,Garrett Wilson,WR,8.91,8.71,18.4,-0.2,9.69
ablate v2_scheme_matchup,2023,6,Tyreek Hill,WR,18.23,18.61,28.3,0.38,9.69
ablate v2_scheme_matchup,2025,10,Rome Odunze,WR,11.02,10.92,20.6,-0.1,9.68
ablate v2_scheme_matchup,2025,13,Justin Jefferson,WR,12.27,12.08,2.4,-0.19,9.68
ablate v2_scheme_matchup,2024,4,Malik Nabers,WR,13.42,13.42,23.1,0.0,9.68
ablate v2_pff_alignment_matchup,2023,11,Tyreek Hill,WR,20.44,20.92,30.6,0.48,9.68
ablate v2_scheme_matchup,2023,10,Diontae Johnson,WR,12.17,12.37,2.7,0.2,9.67
ablate v2_pff_alignment_matchup,2024,7,Deebo Samuel Sr.,WR,9.77,9.67,0.0,-0.1,9.67
ablate v2_pff_alignment_matchup,2024,13,George Kittle,TE,11.09,11.37,1.7,0.28,9.67
ablate v2_pff_alignment_matchup,2025,4,A.J. Brown,WR,11.69,12.37,2.7,0.68,9.67
ablate v2_scheme_matchup,2025,9,Olamide Zaccheaus,WR,8.43,8.14,17.8,-0.29,9.66
ablate v2_scheme_matchup,2023,18,Deebo Samuel Sr.,WR,15.25,14.86,5.2,-0.39,9.66
ablate v2_pff_alignment_matchup,2023,18,Deebo Samuel Sr.,WR,15.25,14.86,5.2,-0.39,9.66
ablate v2_pff_alignment_matchup,2022,18,Justin Jefferson,WR,18.13,17.46,7.8,-0.67,9.66
ablate v2_scheme_matchup,2024,18,Jaxon Smith-Njigba,WR,14.96,14.96,5.3,0.0,9.66
ablate v2_scheme_matchup,2023,6,Michael Pittman,WR,10.16,10.25,19.9,0.09,9.65
ablate v2_scheme_matchup,2025,11,Khalil Shakir,WR,10.25,10.35,0.7,0.1,9.65
ablate v2_scheme_matchup,2024,7,DeVonta Smith,WR,10.44,10.44,0.8,0.0,9.64
ablate v2_pff_alignment_matchup,2024,7,DeMario Douglas,WR,14.1,13.04,3.4,-1.06,9.64
ablate v2_scheme_matchup,2025,12,Alec Pierce,WR,13.04,13.23,3.6,0.19,9.63
ablate v2_pff_alignment_matchup,2024,11,Jaxon Smith-Njigba,WR,12.75,12.17,21.8,-0.58,9.63
ablate v2_pff_alignment_matchup,2023,12,DK Metcalf,WR,15.92,15.83,6.2,-0.09,9.63
ablate v2_pff_alignment_matchup,2024,18,Noah Fant,TE,7.57,7.67,17.3,0.1,9.63
ablate v2_scheme_matchup,2022,13,George Pickens,WR,10.92,10.83,1.2,-0.09,9.63
ablate v2_scheme_matchup,2024,18,Noah Fant,TE,7.57,7.67,17.3,0.1,9.63
ablate v2_pff_alignment_matchup,2025,4,Cedric Tillman,WR,11.21,11.21,1.6,0.0,9.61
ablate v2_scheme_matchup,2025,4,Cedric Tillman,WR,11.21,11.21,1.6,0.0,9.61
ablate v2_scheme_matchup,2024,4,Pat Freiermuth,TE,7.0,7.1,16.7,0.1,9.6
ablate v2_pff_alignment_matchup,2022,3,K.J. Osborn,WR,8.81,8.71,18.3,-0.1,9.59
ablate v2_scheme_matchup,2022,16,Zay Jones,WR,11.79,11.69,2.1,-0.1,9.59
ablate v2_pff_alignment_matchup,2024,12,Justin Jefferson,WR,13.52,14.29,4.7,0.77,9.59
ablate v2_scheme_matchup,2024,4,Mike Evans,WR,13.71,13.81,23.4,0.1,9.59
ablate v2_scheme_matchup,2025,5,Sam LaPorta,TE,10.14,10.61,20.2,0.47,9.59
ablate v2_scheme_matchup,2025,6,Marquise Brown,WR,10.64,10.92,20.5,0.28,9.58
ablate v2_scheme_matchup,2025,10,Ladd McConkey,WR,11.21,11.12,20.7,-0.09,9.58
ablate v2_pff_alignment_matchup,2025,14,Jaylen Waddle,WR,8.04,8.52,18.1,0.48,9.58
ablate v2_scheme_matchup,2024,14,Ray-Ray McCloud,WR,8.71,8.52,18.1,-0.19,9.58
ablate v2_pff_alignment_matchup,2022,17,Darren Waller,TE,6.81,6.62,16.2,-0.19,9.58
ablate v2_scheme_matchup,2025,3,Hunter Renfrow,WR,12.17,12.17,2.6,0.0,9.57
ablate v2_pff_alignment_matchup,2024,6,Mike Evans,WR,14.96,14.96,5.4,0.0,9.56
ablate v2_pff_alignment_matchup,2023,17,Chris Olave,WR,15.73,15.15,5.6,-0.58,9.55
ablate v2_scheme_matchup,2025,3,Dalton Kincaid,TE,8.24,8.05,17.6,-0.19,9.55
ablate v2_scheme_matchup,2023,8,Dalton Kincaid,TE,8.33,7.95,17.5,-0.38,9.55
ablate v2_pff_alignment_matchup,2024,4,Xavier Legette,WR,10.54,10.06,19.6,-0.48,9.54
ablate v2_scheme_matchup,2024,17,George Kittle,TE,10.71,9.66,19.2,-1.05,9.54
ablate v2_pff_alignment_matchup,2025,6,DK Metcalf,WR,9.67,9.96,19.5,0.29,9.54
ablate v2_scheme_matchup,2023,17,Zay Flowers,WR,10.06,10.06,19.6,0.0,9.54
ablate v2_pff_alignment_matchup,2023,17,Zay Flowers,WR,10.06,10.06,19.6,0.0,9.54
ablate v2_pff_alignment_matchup,2023,12,Tyler Lockett,WR,15.06,15.54,6.0,0.48,9.54
ablate v2_pff_alignment_matchup,2023,14,Ja'Marr Chase,WR,15.83,15.44,5.9,-0.39,9.54
ablate v2_pff_alignment_matchup,2025,5,DeVonta Smith,WR,10.06,9.87,19.4,-0.19,9.53
ablate v2_scheme_matchup,2024,6,George Kittle,TE,11.94,13.27,22.8,1.33,9.53
ablate v2_scheme_matchup,2022,18,T.J. Hockenson,TE,12.89,12.13,2.6,-0.76,9.53
ablate v2_scheme_matchup,2025,18,Brenton Strange,TE,7.67,7.67,17.2,0.0,9.53
ablate v2_scheme_matchup,2024,10,Courtland Sutton,WR,9.58,9.48,19.0,-0.1,9.52
ablate v2_scheme_matchup,2022,6,Michael Pittman,WR,16.79,16.88,26.4,0.09,9.52
ablate v2_scheme_matchup,2024,5,Zay Flowers,WR,9.48,9.48,19.0,0.0,9.52
ablate v2_pff_alignment_matchup,2024,5,Zay Flowers,WR,9.48,9.48,19.0,0.0,9.52
ablate v2_pff_alignment_matchup,2022,10,Gabe Davis,WR,12.85,11.79,21.3,-1.06,9.51
ablate v2_scheme_matchup,2022,17,K.J. Osborn,WR,9.19,9.39,18.9,0.2,9.51
ablate v2_pff_alignment_matchup,2023,9,Cooper Kupp,WR,16.5,16.31,6.8,-0.19,9.51
ablate v2_scheme_matchup,2022,7,Josh Reynolds,WR,11.31,11.31,1.8,0.0,9.51
ablate v2_scheme_matchup,2022,10,DeAndre Carter,WR,6.79,6.89,16.4,0.1,9.51
ablate v2_scheme_matchup,2024,6,Keenan Allen,WR,11.69,11.6,21.1,-0.09,9.5
ablate v2_scheme_matchup,2025,8,Jaylen Waddle,WR,10.83,11.4,20.9,0.57,9.5
ablate v2_pff_alignment_matchup,2024,5,Rashid Shaheed,WR,9.0,9.1,18.6,0.1,9.5
ablate v2_pff_alignment_matchup,2023,8,DJ Moore,WR,19.67,19.0,9.5,-0.67,9.5
ablate v2_pff_alignment_matchup,2023,16,Chris Olave,WR,13.33,13.81,23.3,0.48,9.49
ablate v2_scheme_matchup,2024,14,Garrett Wilson,WR,8.91,8.91,18.4,0.0,9.49
ablate v2_scheme_matchup,2022,3,K.J. Osborn,WR,8.81,8.81,18.3,0.0,9.49
ablate v2_scheme_matchup,2022,7,Terry McLaurin,WR,8.62,8.81,18.3,0.19,9.49
ablate v2_scheme_matchup,2022,3,Kenny Golladay,WR,9.19,9.48,0.0,0.29,9.48
ablate v2_pff_alignment_matchup,2022,4,Dalton Schultz,TE,9.47,9.47,0.0,0.0,9.47
ablate v2_scheme_matchup,2025,17,Jaylen Waddle,WR,10.06,10.16,0.7,0.1,9.46
ablate v2_pff_alignment_matchup,2022,5,Tyreek Hill,WR,23.51,22.46,13.0,-1.05,9.46
ablate v2_scheme_matchup,2023,18,Amon-Ra St. Brown,WR,17.94,17.94,27.4,0.0,9.46
ablate v2_pff_alignment_matchup,2025,12,Amon-Ra St. Brown,WR,19.57,20.44,29.9,0.87,9.46
ablate v2_scheme_matchup,2022,4,Christian Kirk,WR,17.75,17.75,8.3,0.0,9.45
ablate v2_pff_alignment_matchup,2025,6,Stefon Diggs,WR,14.58,15.25,5.8,0.67,9.45
ablate v2_pff_alignment_matchup,2024,7,DeVonta Smith,WR,10.44,10.25,0.8,-0.19,9.45
ablate v2_pff_alignment_matchup,2024,4,Tyreek Hill,WR,16.88,17.65,8.2,0.77,9.45
ablate v2_pff_alignment_matchup,2025,17,Stefon Diggs,WR,12.17,12.65,22.1,0.48,9.45
ablate v2_pff_alignment_matchup,2025,17,Michael Pittman,WR,13.13,13.04,3.6,-0.09,9.44
ablate v2_pff_alignment_matchup,2025,12,Alec Pierce,WR,13.04,13.04,3.6,0.0,9.44
ablate v2_pff_alignment_matchup,2022,9,Curtis Samuel,WR,7.46,7.66,17.1,0.2,9.44
ablate v2_scheme_matchup,2025,15,Brian Thomas Jr.,WR,7.46,7.66,17.1,0.2,9.44
ablate v2_scheme_matchup,2025,4,Ricky Pearsall,WR,18.04,18.04,8.6,0.0,9.44
ablate v2_scheme_matchup,2023,9,Marquise Brown,WR,15.83,15.83,6.4,0.0,9.43
ablate v2_pff_alignment_matchup,2023,9,Marquise Brown,WR,15.83,15.83,6.4,0.0,9.43
ablate v2_scheme_matchup,2025,15,George Kittle,TE,13.37,13.37,22.8,0.0,9.43
ablate v2_pff_alignment_matchup,2025,17,Tetairoa McMillan,WR,10.54,10.92,1.5,0.38,9.42
ablate v2_pff_alignment_matchup,2024,8,Sam LaPorta,TE,7.57,7.38,16.8,-0.19,9.42
ablate v2_scheme_matchup,2024,8,Sam LaPorta,TE,7.57,7.38,16.8,-0.19,9.42
ablate v2_pff_alignment_matchup,2025,17,DJ Moore,WR,10.64,11.12,1.7,0.48,9.42
ablate v2_pff_alignment_matchup,2023,10,Jonnu Smith,TE,10.04,10.52,1.1,0.48,9.42
ablate v2_pff_alignment_matchup,2022,15,Davante Adams,WR,15.83,16.21,6.8,0.38,9.41
ablate v2_pff_alignment_matchup,2024,4,Pat Freiermuth,TE,7.0,7.29,16.7,0.29,9.41
ablate v2_pff_alignment_matchup,2024,16,George Kittle,TE,9.47,9.19,18.6,-0.28,9.41
ablate v2_pff_alignment_matchup,2024,6,A.J. Brown,WR,14.29,14.19,23.6,-0.1,9.41
ablate v2_pff_alignment_matchup,2025,10,Dalton Schultz,TE,8.9,8.9,18.3,0.0,9.4
ablate v2_scheme_matchup,2025,10,Dalton Schultz,TE,8.9,8.9,18.3,0.0,9.4
ablate v2_pff_alignment_matchup,2023,6,Tyreek Hill,WR,18.23,18.9,28.3,0.67,9.4
ablate v2_pff_alignment_matchup,2023,4,Romeo Doubs,WR,8.23,9.1,18.5,0.87,9.4
ablate v2_pff_alignment_matchup,2025,8,Jaylen Waddle,WR,10.83,11.5,20.9,0.67,9.4
ablate v2_scheme_matchup,2022,17,Darren Waller,TE,6.81,6.81,16.2,0.0,9.39
ablate v2_pff_alignment_matchup,2024,6,Alec Pierce,WR,8.23,9.39,0.0,1.16,9.39
ablate v2_pff_alignment_matchup,2023,4,Tutu Atwell,WR,16.5,16.79,7.4,0.29,9.39
ablate v2_pff_alignment_matchup,2025,11,Jaxon Smith-Njigba,WR,11.21,11.21,20.6,0.0,9.39
ablate v2_scheme_matchup,2022,6,Breshad Perriman,WR,9.29,9.39,0.0,0.1,9.39
ablate v2_scheme_matchup,2024,5,Mike Evans,WR,14.0,13.81,23.2,-0.19,9.39
ablate v2_pff_alignment_matchup,2025,6,Rome Odunze,WR,15.54,14.58,5.2,-0.96,9.38
ablate v2_pff_alignment_matchup,2024,13,Will Dissly,TE,8.24,9.38,0.0,1.14,9.38
ablate v2_scheme_matchup,2022,9,Romeo Doubs,WR,11.98,12.17,2.8,0.19,9.37
ablate v2_pff_alignment_matchup,2025,10,Justin Jefferson,WR,16.69,17.07,7.7,0.38,9.37
ablate v2_scheme_matchup,2025,12,A.J. Brown,WR,15.73,15.63,25.0,-0.1,9.37
ablate v2_pff_alignment_matchup,2023,12,Keenan Allen,WR,12.37,13.23,22.6,0.86,9.37
ablate v2_pff_alignment_matchup,2025,3,Dalton Kincaid,TE,8.24,8.24,17.6,0.0,9.36
ablate v2_scheme_matchup,2025,10,Jaylen Waddle,WR,9.67,10.06,19.4,0.39,9.34
ablate v2_scheme_matchup,2023,15,Rashee Rice,WR,14.48,14.77,24.1,0.29,9.33
ablate v2_pff_alignment_matchup,2025,7,Tee Higgins,WR,11.89,12.27,21.6,0.38,9.33
ablate v2_pff_alignment_matchup,2023,5,Romeo Doubs,WR,10.54,10.73,1.4,0.19,9.33
ablate v2_pff_alignment_matchup,2025,14,Jerry Jeudy,WR,7.27,7.27,16.6,0.0,9.33
ablate v2_scheme_matchup,2025,14,Jerry Jeudy,WR,7.27,7.27,16.6,0.0,9.33
ablate v2_pff_alignment_matchup,2023,15,DeAndre Hopkins,WR,13.42,13.42,4.1,0.0,9.32
ablate v2_scheme_matchup,2024,17,Jayden Reed,WR,11.02,10.92,1.6,-0.1,9.32
ablate v2_scheme_matchup,2022,11,Rondale Moore,WR,8.71,8.71,-0.6,0.0,9.31
ablate v2_scheme_matchup,2024,6,A.J. Brown,WR,14.29,14.29,23.6,0.0,9.31
ablate v2_scheme_matchup,2024,6,Dontayvion Wicks,WR,11.21,11.21,1.9,0.0,9.31
ablate v2_pff_alignment_matchup,2022,11,Rondale Moore,WR,8.71,8.71,-0.6,0.0,9.31
ablate v2_pff_alignment_matchup,2024,6,Tucker Kraft,TE,12.99,12.8,3.5,-0.19,9.3
ablate v2_pff_alignment_matchup,2025,11,Davante Adams,WR,15.25,16.4,7.1,1.15,9.3
ablate v2_scheme_matchup,2023,15,George Kittle,TE,17.36,16.69,7.4,-0.67,9.29
ablate v2_scheme_matchup,2025,14,Travis Kelce,TE,11.09,11.09,1.8,0.0,9.29
ablate v2_pff_alignment_matchup,2025,5,Juwan Johnson,TE,12.61,12.99,3.7,0.38,9.29
ablate v2_scheme_matchup,2024,7,Deebo Samuel Sr.,WR,9.77,9.29,0.0,-0.48,9.29
ablate v2_pff_alignment_matchup,2022,18,Drake London,WR,7.95,8.71,18.0,0.76,9.29
ablate v2_scheme_matchup,2022,3,Ja'Marr Chase,WR,21.59,21.98,12.7,0.39,9.28
ablate v2_pff_alignment_matchup,2024,7,Jaxon Smith-Njigba,WR,15.44,14.58,5.3,-0.86,9.28
ablate v2_scheme_matchup,2022,4,Dalton Schultz,TE,9.47,9.28,0.0,-0.19,9.28
ablate v2_scheme_matchup,2023,16,George Kittle,TE,10.52,10.33,19.6,-0.19,9.27
ablate v2_scheme_matchup,2022,18,Cole Kmet,TE,5.86,6.43,15.7,0.57,9.27
ablate v2_pff_alignment_matchup,2023,11,DJ Moore,WR,12.85,13.33,22.6,0.48,9.27
ablate v2_pff_alignment_matchup,2023,4,George Pickens,WR,15.25,14.77,5.5,-0.48,9.27
ablate v2_scheme_matchup,2024,9,A.J. Brown,WR,14.77,14.86,5.6,0.09,9.26
ablate v2_scheme_matchup,2024,12,Josh Downs,WR,14.77,14.96,5.7,0.19,9.26
ablate v2_pff_alignment_matchup,2023,11,Marquise Brown,WR,12.46,12.46,3.2,0.0,9.26
ablate v2_scheme_matchup,2023,11,Marquise Brown,WR,12.46,12.46,3.2,0.0,9.26
ablate v2_pff_alignment_matchup,2025,3,Keenan Allen,WR,10.54,10.25,19.5,-0.29,9.25
ablate v2_pff_alignment_matchup,2023,9,Chris Godwin Jr.,WR,12.37,12.85,3.6,0.48,9.25
ablate v2_scheme_matchup,2024,14,George Kittle,TE,11.75,11.85,21.1,0.1,9.25
ablate v2_scheme_matchup,2023,12,Tyler Lockett,WR,15.06,15.25,6.0,0.19,9.25
ablate v2_pff_alignment_matchup,2025,13,CeeDee Lamb,WR,15.54,14.96,24.2,-0.58,9.24
ablate v2_pff_alignment_matchup,2024,3,Khalil Shakir,WR,10.73,9.96,19.2,-0.77,9.24
ablate v2_scheme_matchup,2025,5,DeVonta Smith,WR,10.06,10.16,19.4,0.1,9.24
ablate v2_scheme_matchup,2023,15,Amon-Ra St. Brown,WR,15.34,14.96,24.2,-0.38,9.24
ablate v2_pff_alignment_matchup,2023,14,Stefon Diggs,WR,14.67,15.63,6.4,0.96,9.23
ablate v2_scheme_matchup,2024,11,Tyreek Hill,WR,9.87,9.87,19.1,0.0,9.23
ablate v2_pff_alignment_matchup,2022,9,DJ Moore,WR,13.52,13.62,4.4,0.1,9.22
ablate v2_scheme_matchup,2022,14,Stefon Diggs,WR,16.02,15.92,6.7,-0.1,9.22
ablate v2_pff_alignment_matchup,2024,6,Dontayvion Wicks,WR,11.21,11.12,1.9,-0.09,9.22
ablate v2_scheme_matchup,2023,15,Amari Cooper,WR,11.69,11.69,20.9,0.0,9.21
ablate v2_pff_alignment_matchup,2023,9,Josh Downs,WR,9.96,11.21,2.0,1.25,9.21
ablate v2_pff_alignment_matchup,2023,15,Amari Cooper,WR,11.69,11.69,20.9,0.0,9.21
ablate v2_scheme_matchup,2025,4,Tyler Warren,TE,9.19,9.09,18.3,-0.1,9.21
ablate v2_pff_alignment_matchup,2024,10,Justin Jefferson,WR,21.11,19.0,9.8,-2.11,9.2
ablate v2_scheme_matchup,2024,12,Justin Jefferson,WR,13.52,13.9,4.7,0.38,9.2
ablate v2_scheme_matchup,2022,3,Corey Davis,WR,13.81,13.9,4.7,0.09,9.2
ablate v2_scheme_matchup,2025,11,Jaxon Smith-Njigba,WR,11.21,11.4,20.6,0.19,9.2
ablate v2_scheme_matchup,2022,11,George Pickens,WR,9.1,9.1,18.3,0.0,9.2
ablate v2_scheme_matchup,2022,10,Nico Collins,WR,6.7,6.7,15.9,0.0,9.2
ablate v2_scheme_matchup,2024,13,George Kittle,TE,11.09,10.9,1.7,-0.19,9.2
ablate v2_scheme_matchup,2024,7,Will Dissly,TE,6.05,6.91,16.1,0.86,9.19
ablate v2_pff_alignment_matchup,2022,8,DeVante Parker,WR,7.95,9.19,0.0,1.24,9.19
ablate v2_scheme_matchup,2024,3,Mark Andrews,TE,9.19,9.19,0.0,0.0,9.19
ablate v2_pff_alignment_matchup,2024,3,Mark Andrews,TE,9.19,9.19,0.0,0.0,9.19
ablate v2_pff_alignment_matchup,2022,6,Breshad Perriman,WR,9.29,9.19,0.0,-0.1,9.19
ablate v2_scheme_matchup,2024,7,Andrei Iosivas,WR,8.91,9.19,0.0,0.28,9.19
ablate v2_pff_alignment_matchup,2023,8,Cole Kmet,TE,8.71,8.71,17.9,0.0,9.19
ablate v2_scheme_matchup,2022,8,Brandon Aiyuk,WR,10.54,10.92,20.1,0.38,9.18
ablate v2_pff_alignment_matchup,2023,7,Mike Evans,WR,10.35,11.02,20.2,0.67,9.18
ablate v2_scheme_matchup,2023,18,George Pickens,WR,9.48,9.48,0.3,0.0,9.18
ablate v2_pff_alignment_matchup,2024,6,Romeo Doubs,WR,10.73,10.73,19.9,0.0,9.17
ablate v2_scheme_matchup,2024,6,Romeo Doubs,WR,10.73,10.73,19.9,0.0,9.17
ablate v2_scheme_matchup,2025,12,Rashid Shaheed,WR,9.77,9.67,0.5,-0.1,9.17
ablate v2_scheme_matchup,2023,4,George Pickens,WR,15.25,14.67,5.5,-0.58,9.17
ablate v2_scheme_matchup,2022,10,Dalton Schultz,TE,8.81,8.24,17.4,-0.57,9.16
ablate v2_pff_alignment_matchup,2023,17,Amon-Ra St. Brown,WR,12.17,12.94,22.1,0.77,9.16
ablate v2_scheme_matchup,2024,4,Xavier Legette,WR,10.54,10.44,19.6,-0.1,9.16
ablate v2_scheme_matchup,2025,17,Michael Pittman,WR,13.13,12.75,3.6,-0.38,9.15
ablate v2_scheme_matchup,2025,6,Amon-Ra St. Brown,WR,22.84,22.84,13.7,0.0,9.14
ablate v2_pff_alignment_matchup,2024,9,Xavier Worthy,WR,7.85,8.14,-1.0,0.29,9.14
ablate v2_pff_alignment_matchup,2025,14,Rashid Shaheed,WR,7.46,7.56,16.7,0.1,9.14
ablate v2_scheme_matchup,2024,16,George Kittle,TE,9.47,9.47,18.6,0.0,9.13
ablate v2_scheme_matchup,2023,15,DeAndre Hopkins,WR,13.42,13.23,4.1,-0.19,9.13
ablate v2_pff_alignment_matchup,2023,10,George Kittle,TE,10.9,11.47,20.6,0.57,9.13
ablate v2_scheme_matchup,2023,17,A.J. Brown,WR,18.23,18.42,9.3,0.19,9.12
ablate v2_scheme_matchup,2025,15,Nico Collins,WR,14.38,14.38,23.5,0.0,9.12
ablate v2_pff_alignment_matchup,2024,5,Xavier Legette,WR,10.44,10.92,1.8,0.48,9.12
ablate v2_pff_alignment_matchup,2025,15,Nico Collins,WR,14.38,14.38,23.5,0.0,9.12
ablate v2_scheme_matchup,2024,6,Jerry Jeudy,WR,13.62,13.62,4.5,0.0,9.12
ablate v2_pff_alignment_matchup,2024,6,Jerry Jeudy,WR,13.62,13.62,4.5,0.0,9.12
ablate v2_scheme_matchup,2022,15,Davante Adams,WR,15.83,15.92,6.8,0.09,9.12
ablate v2_scheme_matchup,2022,9,DJ Moore,WR,13.52,13.52,4.4,0.0,9.12
ablate v2_scheme_matchup,2022,4,Travis Kelce,TE,14.22,15.08,24.2,0.86,9.12
ablate v2_scheme_matchup,2022,9,Josh Palmer,WR,9.77,9.48,18.6,-0.29,9.12
ablate v2_scheme_matchup,2025,18,DJ Moore,WR,11.02,11.21,2.1,0.19,9.11
ablate v2_scheme_matchup,2025,8,Ladd McConkey,WR,11.79,11.69,20.8,-0.1,9.11
ablate v2_pff_alignment_matchup,2022,3,Corey Davis,WR,13.81,13.81,4.7,0.0,9.11
ablate v2_pff_alignment_matchup,2022,4,DeVonta Smith,WR,13.81,13.81,4.7,0.0,9.11
ablate v2_pff_alignment_matchup,2024,4,Mike Evans,WR,13.71,14.29,23.4,0.58,9.11
ablate v2_pff_alignment_matchup,2025,15,Puka Nacua,WR,18.8,18.8,27.9,0.0,9.1
ablate v2_pff_alignment_matchup,2025,8,Travis Kelce,TE,12.8,12.8,21.9,0.0,9.1
ablate v2_scheme_matchup,2024,15,Sam LaPorta,TE,9.38,9.0,18.1,-0.38,9.1
ablate v2_pff_alignment_matchup,2025,10,Garrett Wilson,WR,9.19,9.1,0.0,-0.09,9.1
ablate v2_scheme_matchup,2023,4,Tutu Atwell,WR,16.5,16.5,7.4,0.0,9.1
ablate v2_scheme_matchup,2025,10,Garrett Wilson,WR,9.19,9.1,0.0,-0.09,9.1
ablate v2_pff_alignment_matchup,2025,4,Kyle Pitts,TE,9.85,8.9,18.0,-0.95,9.1
ablate v2_pff_alignment_matchup,2025,10,Rome Odunze,WR,11.02,11.5,20.6,0.48,9.1
ablate v2_pff_alignment_matchup,2022,5,Nelson Agholor,WR,9.67,9.1,0.0,-0.57,9.1
ablate v2_scheme_matchup,2023,11,DK Metcalf,WR,11.5,11.31,20.4,-0.19,9.09
ablate v2_pff_alignment_matchup,2022,15,Jaylen Waddle,WR,11.69,11.31,20.4,-0.38,9.09
ablate v2_scheme_matchup,2024,4,Kyle Pitts,TE,8.62,9.09,0.0,0.47,9.09
ablate v2_scheme_matchup,2024,12,Nico Collins,WR,11.12,11.12,20.2,0.0,9.08
ablate v2_scheme_matchup,2022,8,Gabe Davis,WR,14.48,14.58,5.5,0.1,9.08
ablate v2_scheme_matchup,2022,7,Chris Olave,WR,8.62,8.52,17.6,-0.1,9.08
ablate v2_scheme_matchup,2023,9,Adam Thielen,WR,17.07,16.98,7.9,-0.09,9.08
ablate v2_pff_alignment_matchup,2025,6,Davante Adams,WR,15.83,16.98,7.9,1.15,9.08
ablate v2_pff_alignment_matchup,2023,12,Mike Evans,WR,16.21,15.92,25.0,-0.29,9.08
ablate v2_pff_alignment_matchup,2024,12,Nico Collins,WR,11.12,11.12,20.2,0.0,9.08
ablate v2_pff_alignment_matchup,2022,10,Dalton Schultz,TE,8.81,8.33,17.4,-0.48,9.07
ablate v2_scheme_matchup,2025,14,DJ Moore,WR,9.77,9.67,0.6,-0.1,9.07
ablate v2_scheme_matchup,2025,3,Keenan Allen,WR,10.54,10.44,19.5,-0.1,9.06
ablate v2_scheme_matchup,2025,17,Puka Nacua,WR,24.09,24.76,15.7,0.67,9.06
ablate v2_pff_alignment_matchup,2022,5,Brandin Cooks,WR,15.06,15.06,6.0,0.0,9.06
ablate v2_scheme_matchup,2022,5,Brandin Cooks,WR,15.06,15.06,6.0,0.0,9.06
ablate v2_pff_alignment_matchup,2025,18,Brenton Strange,TE,7.67,8.14,17.2,0.47,9.06
ablate v2_scheme_matchup,2025,11,Stefon Diggs,WR,10.16,10.44,19.5,0.28,9.06
ablate v2_pff_alignment_matchup,2025,15,Brian Thomas Jr.,WR,7.46,8.04,17.1,0.58,9.06
ablate v2_pff_alignment_matchup,2025,11,Stefon Diggs,WR,10.16,10.44,19.5,0.28,9.06
ablate v2_scheme_matchup,2024,11,Jaxon Smith-Njigba,WR,12.75,12.75,21.8,0.0,9.05
ablate v2_scheme_matchup,2025,4,Malik Nabers,WR,13.04,13.04,4.0,0.0,9.04
ablate v2_scheme_matchup,2025,14,Rashid Shaheed,WR,7.46,7.66,16.7,0.2,9.04
ablate v2_pff_alignment_matchup,2022,3,Gabe Davis,WR,15.73,15.73,6.7,0.0,9.03
ablate v2_pff_alignment_matchup,2022,5,Mike Williams,WR,16.11,14.38,23.4,-1.73,9.02
ablate v2_pff_alignment_matchup,2024,4,Rome Odunze,WR,12.08,11.02,2.0,-1.06,9.02
ablate v2_pff_alignment_matchup,2024,9,Jakobi Meyers,WR,9.48,9.48,18.5,0.0,9.02
ablate v2_pff_alignment_matchup,2025,5,Sam LaPorta,TE,10.14,11.18,20.2,1.04,9.02
ablate v2_pff_alignment_matchup,2025,8,Ladd McConkey,WR,11.79,11.79,20.8,0.0,9.01
ablate v2_pff_alignment_matchup,2022,11,George Pickens,WR,9.1,9.29,18.3,0.19,9.01
ablate v2_scheme_matchup,2022,4,DeVonta Smith,WR,13.81,13.71,4.7,-0.1,9.01
ablate v2_scheme_matchup,2025,6,Zach Ertz,TE,7.48,7.29,16.3,-0.19,9.01
ablate v2_scheme_matchup,2025,17,CeeDee Lamb,WR,18.61,18.61,9.6,0.0,9.01
ablate v2_scheme_matchup,2022,5,T.J. Hockenson,TE,10.61,10.61,1.6,0.0,9.01
ablate v2_pff_alignment_matchup,2022,13,Randall Cobb,WR,9.96,9.0,0.0,-0.96,9.0
ablate v2_pff_alignment_matchup,2022,5,Tyler Conklin,TE,8.9,9.0,0.0,0.1,9.0
ablate v2_pff_alignment_matchup,2023,18,Gabe Davis,WR,10.16,9.0,0.0,-1.16,9.0
ablate v2_pff_alignment_matchup,2024,3,Dontayvion Wicks,WR,8.52,9.0,0.0,0.48,9.0
ablate v2_scheme_matchup,2025,10,Justin Jefferson,WR,16.69,16.69,7.7,0.0,8.99
ablate v2_scheme_matchup,2023,12,Mike Evans,WR,16.21,16.02,25.0,-0.19,8.98
ablate v2_scheme_matchup,2025,17,Michael Wilson,WR,10.92,10.92,19.9,0.0,8.98
ablate v2_scheme_matchup,2023,14,Garrett Wilson,WR,11.6,11.12,20.1,-0.48,8.98
ablate v2_pff_alignment_matchup,2022,7,Chris Olave,WR,8.62,8.62,17.6,0.0,8.98
ablate v2_pff_alignment_matchup,2025,17,Michael Wilson,WR,10.92,10.92,19.9,0.0,8.98
ablate v2_pff_alignment_matchup,2023,7,A.J. Brown,WR,22.46,20.73,29.7,-1.73,8.97
ablate v2_pff_alignment_matchup,2023,7,Dalton Kincaid,TE,6.91,6.53,15.5,-0.38,8.97
ablate v2_pff_alignment_matchup,2024,10,Rashod Bateman,WR,8.43,8.43,17.4,0.0,8.97
ablate v2_pff_alignment_matchup,2022,10,Amon-Ra St. Brown,WR,13.71,13.13,22.1,-0.58,8.97
ablate v2_scheme_matchup,2024,10,Rashod Bateman,WR,8.43,8.43,17.4,0.0,8.97
ablate v2_pff_alignment_matchup,2024,6,DJ Moore,WR,16.21,14.96,6.0,-1.25,8.96
ablate v2_pff_alignment_matchup,2024,18,Keenan Allen,WR,12.27,12.46,3.5,0.19,8.96
ablate v2_scheme_matchup,2024,18,Will Dissly,TE,6.05,6.24,15.2,0.19,8.96
ablate v2_scheme_matchup,2024,10,Mark Andrews,TE,9.85,9.85,18.8,0.0,8.95
ablate v2_scheme_matchup,2023,5,Romeo Doubs,WR,10.54,10.35,1.4,-0.19,8.95
ablate v2_pff_alignment_matchup,2024,10,Mark Andrews,TE,9.85,9.85,18.8,0.0,8.95
ablate v2_scheme_matchup,2023,9,Puka Nacua,WR,15.15,15.15,6.2,0.0,8.95
ablate v2_scheme_matchup,2025,5,David Njoku,TE,9.76,9.76,18.7,0.0,8.94
ablate v2_pff_alignment_matchup,2025,12,Stefon Diggs,WR,13.23,12.94,4.0,-0.29,8.94
ablate v2_pff_alignment_matchup,2024,11,Tyreek Hill,WR,9.87,10.16,19.1,0.29,8.94
ablate v2_pff_alignment_matchup,2025,5,David Njoku,TE,9.76,9.76,18.7,0.0,8.94
ablate v2_pff_alignment_matchup,2022,12,DeAndre Hopkins,WR,9.77,9.77,18.7,0.0,8.93
ablate v2_scheme_matchup,2022,12,DeAndre Hopkins,WR,9.77,9.77,18.7,0.0,8.93
ablate v2_scheme_matchup,2024,6,Tank Dell,WR,9.77,9.77,18.7,0.0,8.93
ablate v2_pff_alignment_matchup,2024,8,Tyler Lockett,WR,10.16,10.83,1.9,0.67,8.93
ablate v2_pff_alignment_matchup,2024,6,Tank Dell,WR,9.77,9.77,18.7,0.0,8.93
ablate v2_scheme_matchup,2024,9,Jakobi Meyers,WR,9.48,9.58,18.5,0.1,8.92
ablate v2_scheme_matchup,2023,15,Gabe Davis,WR,8.43,8.91,0.0,0.48,8.91
ablate v2_scheme_matchup,2025,7,Jake Ferguson,TE,13.27,12.99,21.9,-0.28,8.91
ablate v2_pff_alignment_matchup,2023,14,Nico Collins,WR,11.21,11.21,2.3,0.0,8.91
ablate v2_scheme_matchup,2023,14,Nico Collins,WR,11.21,11.21,2.3,0.0,8.91
ablate v2_pff_alignment_matchup,2025,14,Travis Kelce,TE,11.09,10.71,1.8,-0.38,8.91
ablate v2_pff_alignment_matchup,2024,6,Dallas Goedert,TE,9.47,8.9,0.0,-0.57,8.9
ablate v2_pff_alignment_matchup,2022,17,DeVonta Smith,WR,11.6,11.6,20.5,0.0,8.9
ablate v2_scheme_matchup,2022,18,Travis Kelce,TE,18.97,18.69,9.8,-0.28,8.89
ablate v2_pff_alignment_matchup,2023,9,Ja'Marr Chase,WR,17.75,16.98,8.1,-0.77,8.88
ablate v2_pff_alignment_matchup,2025,10,Jauan Jennings,WR,8.14,8.23,17.1,0.09,8.87
ablate v2_pff_alignment_matchup,2023,12,Brandin Cooks,WR,8.43,8.33,17.2,-0.1,8.87
ablate v2_scheme_matchup,2024,4,Tyreek Hill,WR,16.88,17.07,8.2,0.19,8.87
ablate v2_scheme_matchup,2024,7,Hunter Henry,TE,8.62,8.33,17.2,-0.29,8.87
ablate v2_pff_alignment_matchup,2025,15,George Kittle,TE,13.37,13.94,22.8,0.57,8.86
ablate v2_scheme_matchup,2024,9,Mark Andrews,TE,13.46,13.46,4.6,0.0,8.86
ablate v2_pff_alignment_matchup,2024,9,Mark Andrews,TE,13.46,13.46,4.6,0.0,8.86
ablate v2_scheme_matchup,2024,3,Elijah Moore,WR,12.56,12.56,3.7,0.0,8.86
ablate v2_pff_alignment_matchup,2024,3,Elijah Moore,WR,12.56,12.56,3.7,0.0,8.86
ablate v2_pff_alignment_matchup,2023,9,Puka Nacua,WR,15.15,15.06,6.2,-0.09,8.86
ablate v2_scheme_matchup,2023,14,Stefon Diggs,WR,14.67,15.25,6.4,0.58,8.85
ablate v2_pff_alignment_matchup,2022,16,George Pickens,WR,7.75,7.85,16.7,0.1,8.85
ablate v2_scheme_matchup,2022,16,George Pickens,WR,7.75,7.85,16.7,0.1,8.85
ablate v2_pff_alignment_matchup,2023,15,Rashee Rice,WR,14.48,15.25,24.1,0.77,8.85
ablate v2_pff_alignment_matchup,2022,16,Justin Jefferson,WR,22.84,22.46,31.3,-0.38,8.84
ablate v2_scheme_matchup,2025,15,Justin Jefferson,WR,12.94,13.04,4.2,0.1,8.84
ablate v2_scheme_matchup,2024,5,Xavier Legette,WR,10.44,10.64,1.8,0.2,8.84
ablate v2_pff_alignment_matchup,2023,7,Christian Kirk,WR,10.73,10.16,19.0,-0.57,8.84
ablate v2_pff_alignment_matchup,2022,6,Randall Cobb,WR,11.6,10.64,1.8,-0.96,8.84
ablate v2_pff_alignment_matchup,2022,10,George Kittle,TE,11.18,11.94,3.1,0.76,8.84
ablate v2_scheme_matchup,2025,17,DJ Moore,WR,10.64,10.54,1.7,-0.1,8.84
ablate v2_pff_alignment_matchup,2024,8,Jordan Addison,WR,12.94,13.04,4.2,0.1,8.84
ablate v2_pff_alignment_matchup,2022,7,DK Metcalf,WR,11.98,11.02,2.2,-0.96,8.82
ablate v2_scheme_matchup,2023,5,Jordan Addison,WR,9.58,9.58,18.4,0.0,8.82
ablate v2_pff_alignment_matchup,2024,15,Sam LaPorta,TE,9.38,9.28,18.1,-0.1,8.82
ablate v2_pff_alignment_matchup,2022,15,Dalton Schultz,TE,12.04,12.32,3.5,0.28,8.82
ablate v2_pff_alignment_matchup,2024,14,Ray-Ray McCloud,WR,8.71,9.29,18.1,0.58,8.81
ablate v2_pff_alignment_matchup,2022,18,Romeo Doubs,WR,8.04,8.81,0.0,0.77,8.81
ablate v2_pff_alignment_matchup,2023,14,Amon-Ra St. Brown,WR,13.23,13.9,5.1,0.67,8.8
ablate v2_pff_alignment_matchup,2025,16,Quentin Johnston,WR,12.27,11.6,20.4,-0.67,8.8
ablate v2_pff_alignment_matchup,2024,14,Darnell Mooney,WR,11.6,11.4,20.2,-0.2,8.8
ablate v2_scheme_matchup,2024,14,Darnell Mooney,WR,11.6,11.4,20.2,-0.2,8.8
ablate v2_pff_alignment_matchup,2025,14,DJ Moore,WR,9.77,9.39,0.6,-0.38,8.79
ablate v2_scheme_matchup,2024,13,Jonnu Smith,TE,11.85,12.51,21.3,0.66,8.79
ablate v2_scheme_matchup,2025,11,Mark Andrews,TE,6.91,6.91,15.7,0.0,8.79
ablate v2_pff_alignment_matchup,2022,5,Dallas Goedert,TE,9.66,8.71,17.5,-0.95,8.79
ablate v2_pff_alignment_matchup,2023,8,Dalton Kincaid,TE,8.33,8.71,17.5,0.38,8.79
ablate v2_pff_alignment_matchup,2024,7,Brock Bowers,TE,10.52,10.52,19.3,0.0,8.78
ablate v2_scheme_matchup,2023,7,A.J. Brown,WR,22.46,20.92,29.7,-1.54,8.78
ablate v2_pff_alignment_matchup,2022,5,Hayden Hurst,TE,7.29,8.52,17.3,1.23,8.78
ablate v2_scheme_matchup,2025,6,Stefon Diggs,WR,14.58,14.58,5.8,0.0,8.78
ablate v2_scheme_matchup,2023,9,Diontae Johnson,WR,13.13,13.23,22.0,0.1,8.77
ablate v2_scheme_matchup,2023,3,Amon-Ra St. Brown,WR,10.83,10.83,19.6,0.0,8.77
ablate v2_scheme_matchup,2022,4,CeeDee Lamb,WR,12.75,12.94,21.7,0.19,8.76
ablate v2_pff_alignment_matchup,2024,13,Mark Andrews,TE,10.14,10.14,18.9,0.0,8.76
ablate v2_pff_alignment_matchup,2023,15,Amon-Ra St. Brown,WR,15.34,15.44,24.2,0.1,8.76
ablate v2_scheme_matchup,2024,13,Mark Andrews,TE,10.14,10.14,18.9,0.0,8.76
ablate v2_pff_alignment_matchup,2025,10,Olamide Zaccheaus,WR,10.06,10.25,1.5,0.19,8.75
ablate v2_pff_alignment_matchup,2023,16,DeAndre Hopkins,WR,12.65,12.75,4.0,0.1,8.75
ablate v2_scheme_matchup,2025,17,Tetairoa McMillan,WR,10.54,10.25,1.5,-0.29,8.75
ablate v2_pff_alignment_matchup,2025,17,Parker Washington,WR,10.44,10.25,19.0,-0.19,8.75
ablate v2_scheme_matchup,2022,14,David Njoku,TE,9.95,9.95,18.7,0.0,8.75
ablate v2_pff_alignment_matchup,2022,14,David Njoku,TE,9.95,9.95,18.7,0.0,8.75
ablate v2_scheme_matchup,2025,12,Stefon Diggs,WR,13.23,12.75,4.0,-0.48,8.75
ablate v2_scheme_matchup,2025,7,Nico Collins,WR,15.44,15.44,6.7,0.0,8.74
ablate v2_pff_alignment_matchup,2025,7,Nico Collins,WR,15.44,15.44,6.7,0.0,8.74
ablate v2_pff_alignment_matchup,2023,4,Elijah Moore,WR,10.73,10.73,2.0,0.0,8.73
ablate v2_pff_alignment_matchup,2023,8,Logan Thomas,TE,6.72,7.67,16.4,0.95,8.73
ablate v2_pff_alignment_matchup,2023,17,Stefon Diggs,WR,15.44,15.83,7.1,0.39,8.73
ablate v2_pff_alignment_matchup,2024,5,Isaiah Likely,TE,7.57,7.57,16.3,0.0,8.73
ablate v2_scheme_matchup,2024,5,Isaiah Likely,TE,7.57,7.57,16.3,0.0,8.73
ablate v2_scheme_matchup,2023,4,Elijah Moore,WR,10.73,10.73,2.0,0.0,8.73
ablate v2_scheme_matchup,2022,15,Dalton Schultz,TE,12.04,12.23,3.5,0.19,8.73
ablate v2_pff_alignment_matchup,2022,5,T.J. Hockenson,TE,10.61,10.33,1.6,-0.28,8.73
ablate v2_pff_alignment_matchup,2025,6,Zach Ertz,TE,7.48,7.57,16.3,0.09,8.73
ablate v2_pff_alignment_matchup,2025,18,DJ Moore,WR,11.02,10.83,2.1,-0.19,8.73
ablate v2_scheme_matchup,2025,8,Travis Kelce,TE,12.8,13.18,21.9,0.38,8.72
ablate v2_scheme_matchup,2022,17,Adam Thielen,WR,11.12,11.31,2.6,0.19,8.71
ablate v2_scheme_matchup,2025,3,Justin Jefferson,WR,21.21,21.21,12.5,0.0,8.71
ablate v2_scheme_matchup,2024,16,Tim Patrick,WR,8.71,8.71,0.0,0.0,8.71
ablate v2_scheme_matchup,2022,6,Mark Andrews,TE,14.89,14.89,23.6,0.0,8.71
ablate v2_scheme_matchup,2022,15,Jaylen Waddle,WR,11.69,11.69,20.4,0.0,8.71
ablate v2_pff_alignment_matchup,2024,11,Tucker Kraft,TE,9.47,8.71,0.0,-0.76,8.71
ablate v2_pff_alignment_matchup,2022,6,Mark Andrews,TE,14.89,14.89,23.6,0.0,8.71
ablate v2_pff_alignment_matchup,2022,14,Tyler Boyd,WR,7.75,8.71,0.0,0.96,8.71
ablate v2_scheme_matchup,2023,15,Cooper Kupp,WR,16.21,16.4,25.1,0.19,8.7
ablate v2_pff_alignment_matchup,2024,14,Amon-Ra St. Brown,WR,18.13,19.0,10.3,0.87,8.7
ablate v2_pff_alignment_matchup,2024,9,Kyle Pitts,TE,11.47,10.8,2.1,-0.67,8.7
ablate v2_scheme_matchup,2024,3,Romeo Doubs,WR,11.4,11.5,2.8,0.1,8.7
ablate v2_pff_alignment_matchup,2022,18,Travis Kelce,TE,18.97,18.5,9.8,-0.47,8.7
ablate v2_scheme_matchup,2024,7,Brock Bowers,TE,10.52,10.61,19.3,0.09,8.69
ablate v2_scheme_matchup,2023,7,Dalton Kincaid,TE,6.91,6.81,15.5,-0.1,8.69
ablate v2_scheme_matchup,2024,10,Sam LaPorta,TE,7.67,6.91,15.6,-0.76,8.69
ablate v2_scheme_matchup,2023,12,Brandin Cooks,WR,8.43,8.52,17.2,0.09,8.68
ablate v2_scheme_matchup,2024,6,Josh Downs,WR,10.73,10.83,19.5,0.1,8.67
ablate v2_pff_alignment_matchup,2024,6,Josh Downs,WR,10.73,10.83,19.5,0.1,8.67
ablate v2_pff_alignment_matchup,2023,8,Cooper Kupp,WR,14.58,14.77,6.1,0.19,8.67
ablate v2_scheme_matchup,2025,10,Jauan Jennings,WR,8.14,8.43,17.1,0.29,8.67
ablate v2_scheme_matchup,2023,6,George Kittle,TE,10.14,9.76,1.1,-0.38,8.66
ablate v2_pff_alignment_matchup,2025,16,Trey McBride,TE,15.36,15.36,6.7,0.0,8.66
ablate v2_scheme_matchup,2025,13,CeeDee Lamb,WR,15.54,15.54,24.2,0.0,8.66
ablate v2_scheme_matchup,2025,16,Trey McBride,TE,15.36,15.36,6.7,0.0,8.66
ablate v2_pff_alignment_matchup,2025,9,Mark Andrews,TE,7.95,7.95,16.6,0.0,8.65
ablate v2_scheme_matchup,2023,16,DeAndre Hopkins,WR,12.65,12.65,4.0,0.0,8.65
ablate v2_scheme_matchup,2025,9,Mark Andrews,TE,7.95,7.95,16.6,0.0,8.65
ablate v2_pff_alignment_matchup,2023,15,Zay Flowers,WR,10.35,10.35,1.7,0.0,8.65
ablate v2_scheme_matchup,2023,15,Zay Flowers,WR,10.35,10.35,1.7,0.0,8.65
ablate v2_scheme_matchup,2023,7,Amari Cooper,WR,12.85,12.85,4.2,0.0,8.65
ablate v2_pff_alignment_matchup,2023,7,Amari Cooper,WR,12.85,12.85,4.2,0.0,8.65
ablate v2_scheme_matchup,2022,10,Gabe Davis,WR,12.85,12.65,21.3,-0.2,8.65
ablate v2_scheme_matchup,2022,3,Gabe Davis,WR,15.73,15.34,6.7,-0.39,8.64
ablate v2_pff_alignment_matchup,2022,5,DeVonta Smith,WR,10.06,10.06,18.7,0.0,8.64
ablate v2_scheme_matchup,2022,5,DeVonta Smith,WR,10.06,10.06,18.7,0.0,8.64
ablate v2_pff_alignment_matchup,2024,7,Mark Andrews,TE,11.47,11.47,20.1,0.0,8.63
ablate v2_scheme_matchup,2023,17,Stefon Diggs,WR,15.44,15.73,7.1,0.29,8.63
ablate v2_scheme_matchup,2024,7,Mark Andrews,TE,11.47,11.47,20.1,0.0,8.63
ablate v2_scheme_matchup,2025,5,Calvin Ridley,WR,9.48,9.48,18.1,0.0,8.62
ablate v2_scheme_matchup,2024,11,Mike Gesicki,TE,8.14,8.62,0.0,0.48,8.62
ablate v2_scheme_matchup,2023,14,Jauan Jennings,WR,9.0,8.62,0.0,-0.38,8.62
ablate v2_pff_alignment_matchup,2024,7,Andrei Iosivas,WR,8.91,8.62,0.0,-0.29,8.62
ablate v2_pff_alignment_matchup,2023,15,Gabe Davis,WR,8.43,8.62,0.0,0.19,8.62
ablate v2_scheme_matchup,2025,15,Puka Nacua,WR,18.8,19.28,27.9,0.48,8.62
ablate v2_scheme_matchup,2024,6,Dallas Goedert,TE,9.47,8.62,0.0,-0.85,8.62
ablate v2_scheme_matchup,2025,4,A.J. Brown,WR,11.69,11.31,2.7,-0.38,8.61
ablate v2_scheme_matchup,2022,17,Evan Engram,TE,12.7,12.51,3.9,-0.19,8.61
ablate v2_scheme_matchup,2025,12,Dallas Goedert,TE,12.51,12.61,4.0,0.1,8.61
ablate v2_scheme_matchup,2022,17,DeVonta Smith,WR,11.6,11.89,20.5,0.29,8.61
ablate v2_scheme_matchup,2023,13,Jake Ferguson,TE,10.33,11.09,19.7,0.76,8.61
ablate v2_scheme_matchup,2023,5,Tyler Higbee,TE,12.32,12.61,4.0,0.29,8.61
ablate v2_scheme_matchup,2024,13,Tyreek Hill,WR,11.89,11.69,20.3,-0.2,8.61
ablate v2_scheme_matchup,2023,7,T.J. Hockenson,TE,11.75,10.99,19.6,-0.76,8.61
ablate v2_scheme_matchup,2024,9,Kyle Pitts,TE,11.47,10.71,2.1,-0.76,8.61
ablate v2_pff_alignment_matchup,2025,12,Rashid Shaheed,WR,9.77,9.1,0.5,-0.67,8.6
ablate v2_pff_alignment_matchup,2022,9,Romeo Doubs,WR,11.98,11.4,2.8,-0.58,8.6
ablate v2_pff_alignment_matchup,2023,6,Gabe Davis,WR,11.6,11.69,3.1,0.09,8.59
ablate v2_pff_alignment_matchup,2022,3,Logan Thomas,TE,9.66,11.09,2.5,1.43,8.59
ablate v2_pff_alignment_matchup,2022,6,Courtland Sutton,WR,13.42,11.98,3.4,-1.44,8.58
ablate v2_scheme_matchup,2024,18,Keenan Allen,WR,12.27,12.08,3.5,-0.19,8.58
ablate v2_pff_alignment_matchup,2023,11,George Kittle,TE,14.22,14.32,22.9,0.1,8.58
ablate v2_scheme_matchup,2024,18,George Pickens,WR,9.67,9.58,1.0,-0.09,8.58
ablate v2_pff_alignment_matchup,2024,3,Mike Evans,WR,12.17,12.27,3.7,0.1,8.57
ablate v2_pff_alignment_matchup,2023,8,Stefon Diggs,WR,24.86,24.57,16.0,-0.29,8.57
ablate v2_scheme_matchup,2023,18,Jerry Jeudy,WR,8.33,8.33,16.9,0.0,8.57
ablate v2_scheme_matchup,2023,8,Cooper Kupp,WR,14.58,14.67,6.1,0.09,8.57
ablate v2_scheme_matchup,2024,8,Rashod Bateman,WR,12.37,12.37,3.8,0.0,8.57
ablate v2_pff_alignment_matchup,2024,8,Rashod Bateman,WR,12.37,12.37,3.8,0.0,8.57
ablate v2_scheme_matchup,2025,17,Parker Washington,WR,10.44,10.44,19.0,0.0,8.56
ablate v2_scheme_matchup,2024,8,Jordan Addison,WR,12.94,12.75,4.2,-0.19,8.55
ablate v2_scheme_matchup,2023,9,Zay Flowers,WR,10.64,10.64,2.1,0.0,8.54
ablate v2_pff_alignment_matchup,2023,15,Trey McBride,TE,11.66,11.66,20.2,0.0,8.54
ablate v2_pff_alignment_matchup,2023,9,Zay Flowers,WR,10.64,10.64,2.1,0.0,8.54
ablate v2_scheme_matchup,2024,9,Travis Kelce,TE,12.8,13.46,22.0,0.66,8.54
ablate v2_scheme_matchup,2023,15,Trey McBride,TE,11.66,11.66,20.2,0.0,8.54
ablate v2_scheme_matchup,2024,3,Drake London,WR,10.16,10.16,18.7,0.0,8.54
ablate v2_scheme_matchup,2022,18,Stefon Diggs,WR,14.77,14.86,23.4,0.09,8.54
ablate v2_pff_alignment_matchup,2024,3,Drake London,WR,10.16,10.16,18.7,0.0,8.54
ablate v2_scheme_matchup,2024,11,Ladd McConkey,WR,9.96,9.77,18.3,-0.19,8.53
ablate v2_scheme_matchup,2025,5,Juwan Johnson,TE,12.61,12.23,3.7,-0.38,8.53
ablate v2_scheme_matchup,2022,3,Hayden Hurst,TE,11.09,10.23,1.7,-0.86,8.53
ablate v2_pff_alignment_matchup,2022,3,Tyler Boyd,WR,13.13,11.98,20.5,-1.15,8.52
ablate v2_pff_alignment_matchup,2023,7,Cole Kmet,TE,9.95,8.52,0.0,-1.43,8.52
ablate v2_pff_alignment_matchup,2024,16,Tim Patrick,WR,8.71,8.52,0.0,-0.19,8.52
ablate v2_scheme_matchup,2022,17,Josh Palmer,WR,8.52,8.52,0.0,0.0,8.52
ablate v2_pff_alignment_matchup,2022,9,Justin Jefferson,WR,17.56,16.98,25.5,-0.58,8.52
ablate v2_scheme_matchup,2023,8,Cole Kmet,TE,8.71,9.38,17.9,0.67,8.52
ablate v2_scheme_matchup,2023,13,CeeDee Lamb,WR,24.67,24.09,32.6,-0.58,8.51
ablate v2_pff_alignment_matchup,2023,16,George Kittle,TE,10.52,11.09,19.6,0.57,8.51
ablate v2_scheme_matchup,2022,16,Terry McLaurin,WR,9.1,9.19,17.7,0.09,8.51
ablate v2_pff_alignment_matchup,2023,15,Cooper Kupp,WR,16.21,16.59,25.1,0.38,8.51
ablate v2_scheme_matchup,2024,17,Garrett Wilson,WR,9.19,9.1,17.6,-0.09,8.5
ablate v2_scheme_matchup,2023,6,Gabe Davis,WR,11.6,11.6,3.1,0.0,8.5
ablate v2_pff_alignment_matchup,2023,14,Garrett Wilson,WR,11.6,11.6,20.1,0.0,8.5
ablate v2_scheme_matchup,2023,11,George Kittle,TE,14.22,14.41,22.9,0.19,8.49
ablate v2_scheme_matchup,2023,9,Chris Godwin Jr.,WR,12.37,12.08,3.6,-0.29,8.48
ablate v2_scheme_matchup,2024,18,Josh Downs,WR,10.92,10.92,19.4,0.0,8.48
ablate v2_pff_alignment_matchup,2024,18,George Pickens,WR,9.67,9.48,1.0,-0.19,8.48
ablate v2_scheme_matchup,2023,6,Deebo Samuel Sr.,WR,9.58,9.58,1.1,0.0,8.48
ablate v2_scheme_matchup,2023,13,Christian Kirk,WR,12.37,12.08,3.6,-0.29,8.48
ablate v2_pff_alignment_matchup,2025,12,Khalil Shakir,WR,8.81,8.52,17.0,-0.29,8.48
ablate v2_pff_alignment_matchup,2022,4,CeeDee Lamb,WR,12.75,13.23,21.7,0.48,8.47
ablate v2_pff_alignment_matchup,2024,3,Jerry Jeudy,WR,17.17,17.17,8.7,0.0,8.47
ablate v2_scheme_matchup,2023,6,Tyler Boyd,WR,8.33,8.33,16.8,0.0,8.47
ablate v2_scheme_matchup,2024,3,Jerry Jeudy,WR,17.17,17.17,8.7,0.0,8.47
ablate v2_scheme_matchup,2025,10,Olamide Zaccheaus,WR,10.06,9.96,1.5,-0.1,8.46
ablate v2_pff_alignment_matchup,2024,16,Jerry Jeudy,WR,12.46,12.46,4.0,0.0,8.46
ablate v2_scheme_matchup,2024,16,Jerry Jeudy,WR,12.46,12.46,4.0,0.0,8.46
ablate v2_pff_alignment_matchup,2024,12,George Kittle,TE,12.04,11.75,20.2,-0.29,8.45
ablate v2_scheme_matchup,2023,8,Juwan Johnson,TE,10.14,9.95,1.5,-0.19,8.45
ablate v2_pff_alignment_matchup,2023,6,Allen Lazard,WR,10.06,10.25,1.8,0.19,8.45
ablate v2_pff_alignment_matchup,2022,17,Josh Palmer,WR,8.52,8.43,0.0,-0.09,8.43
ablate v2_pff_alignment_matchup,2024,17,Hunter Henry,TE,8.33,8.43,0.0,0.1,8.43
ablate v2_pff_alignment_matchup,2023,5,Calvin Austin III,WR,8.04,8.43,0.0,0.39,8.43
ablate v2_scheme_matchup,2023,6,Rashid Shaheed,WR,9.87,9.87,18.3,0.0,8.43
ablate v2_scheme_matchup,2024,13,Will Dissly,TE,8.24,8.43,0.0,0.19,8.43
ablate v2_pff_alignment_matchup,2024,6,Tre Tucker,WR,8.23,8.43,0.0,0.2,8.43
ablate v2_pff_alignment_matchup,2025,10,Ladd McConkey,WR,11.21,12.27,20.7,1.06,8.43
ablate v2_pff_alignment_matchup,2025,9,Davante Adams,WR,14.77,14.58,23.0,-0.19,8.42
ablate v2_scheme_matchup,2025,9,Michael Pittman,WR,12.27,12.08,20.5,-0.19,8.42
ablate v2_pff_alignment_matchup,2023,8,K.J. Osborn,WR,9.39,9.48,17.9,0.09,8.42
ablate v2_scheme_matchup,2023,8,K.J. Osborn,WR,9.39,9.48,17.9,0.09,8.42
ablate v2_pff_alignment_matchup,2024,14,Cooper Kupp,WR,12.94,11.79,20.2,-1.15,8.41
ablate v2_pff_alignment_matchup,2024,12,Christian Watson,WR,8.62,8.81,0.4,0.19,8.41
ablate v2_scheme_matchup,2025,6,Deebo Samuel Sr.,WR,13.81,13.81,5.4,0.0,8.41
ablate v2_pff_alignment_matchup,2025,6,Deebo Samuel Sr.,WR,13.81,13.81,5.4,0.0,8.41
ablate v2_scheme_matchup,2025,3,Tetairoa McMillan,WR,16.21,16.21,7.8,0.0,8.41
ablate v2_scheme_matchup,2025,14,Amon-Ra St. Brown,WR,23.51,23.61,15.2,0.1,8.41
ablate v2_scheme_matchup,2024,13,Davante Adams,WR,9.19,9.19,17.6,0.0,8.41
ablate v2_scheme_matchup,2025,3,Jake Ferguson,TE,12.51,12.8,21.2,0.29,8.4
ablate v2_scheme_matchup,2022,10,Amon-Ra St. Brown,WR,13.71,13.71,22.1,0.0,8.39
ablate v2_pff_alignment_matchup,2024,7,Hunter Henry,TE,8.62,8.81,17.2,0.19,8.39
ablate v2_scheme_matchup,2024,17,Jaxon Smith-Njigba,WR,14.58,14.58,6.2,0.0,8.38
ablate v2_pff_alignment_matchup,2024,3,Hunter Henry,TE,10.42,11.28,2.9,0.86,8.38
ablate v2_pff_alignment_matchup,2024,18,T.J. Hockenson,TE,9.57,11.28,2.9,1.71,8.38
ablate v2_scheme_matchup,2023,5,Tank Dell,WR,8.23,8.23,16.6,0.0,8.37
ablate v2_scheme_matchup,2023,6,Logan Thomas,TE,9.38,9.57,1.2,0.19,8.37
ablate v2_pff_alignment_matchup,2023,5,Tank Dell,WR,8.23,8.23,16.6,0.0,8.37
ablate v2_scheme_matchup,2023,10,Jonnu Smith,TE,10.04,9.47,1.1,-0.57,8.37
ablate v2_pff_alignment_matchup,2025,5,Dalton Kincaid,TE,8.81,8.43,16.8,-0.38,8.37
ablate v2_scheme_matchup,2023,6,Allen Lazard,WR,10.06,10.16,1.8,0.1,8.36
ablate v2_scheme_matchup,2023,8,Jordan Addison,WR,12.94,13.04,21.4,0.1,8.36
ablate v2_pff_alignment_matchup,2022,8,Hunter Renfrow,WR,9.48,9.96,1.6,0.48,8.36
ablate v2_scheme_matchup,2023,5,Darren Waller,TE,7.76,8.24,16.6,0.48,8.36
ablate v2_pff_alignment_matchup,2025,6,Jauan Jennings,WR,9.87,10.06,1.7,0.19,8.36
ablate v2_pff_alignment_matchup,2024,10,Courtland Sutton,WR,9.58,10.64,19.0,1.06,8.36
ablate v2_pff_alignment_matchup,2025,18,Jake Ferguson,TE,9.19,9.85,1.5,0.66,8.35
ablate v2_scheme_matchup,2024,11,Terry McLaurin,WR,10.25,10.35,2.0,0.1,8.35
ablate v2_pff_alignment_matchup,2024,11,Terry McLaurin,WR,10.25,10.35,2.0,0.1,8.35
ablate v2_pff_alignment_matchup,2024,9,Travis Kelce,TE,12.8,13.65,22.0,0.85,8.35
ablate v2_pff_alignment_matchup,2022,5,Elijah Moore,WR,10.44,10.44,2.1,0.0,8.34
ablate v2_pff_alignment_matchup,2024,11,Diontae Johnson,WR,8.33,8.33,0.0,0.0,8.33
ablate v2_pff_alignment_matchup,2022,17,Evan Engram,TE,12.7,12.23,3.9,-0.47,8.33
ablate v2_pff_alignment_matchup,2023,3,George Kittle,TE,7.95,7.67,16.0,-0.28,8.33
ablate v2_scheme_matchup,2022,17,George Pickens,WR,13.23,13.23,4.9,0.0,8.33
ablate v2_scheme_matchup,2025,9,Davante Adams,WR,14.77,14.67,23.0,-0.1,8.33
ablate v2_pff_alignment_matchup,2022,8,Elijah Moore,WR,8.23,8.33,0.0,0.1,8.33
ablate v2_scheme_matchup,2024,11,Diontae Johnson,WR,8.33,8.33,0.0,0.0,8.33
ablate v2_scheme_matchup,2024,6,Alec Pierce,WR,8.23,8.33,0.0,0.1,8.33
ablate v2_pff_alignment_matchup,2025,3,Puka Nacua,WR,15.54,14.48,22.8,-1.06,8.32
ablate v2_pff_alignment_matchup,2025,15,Alec Pierce,WR,10.35,10.92,2.6,0.57,8.32
ablate v2_pff_alignment_matchup,2025,18,Colby Parkinson,TE,11.37,11.28,19.6,-0.09,8.32
ablate v2_pff_alignment_matchup,2025,9,Tucker Kraft,TE,12.89,12.32,4.0,-0.57,8.32
ablate v2_scheme_matchup,2025,18,Colby Parkinson,TE,11.37,11.28,19.6,-0.09,8.32
ablate v2_pff_alignment_matchup,2022,16,Terry McLaurin,WR,9.1,9.39,17.7,0.29,8.31
ablate v2_pff_alignment_matchup,2024,3,Jake Ferguson,TE,7.38,7.19,15.5,-0.19,8.31
ablate v2_pff_alignment_matchup,2024,17,Garrett Wilson,WR,9.19,9.29,17.6,0.1,8.31
ablate v2_pff_alignment_matchup,2025,13,Stefon Diggs,WR,13.42,13.9,5.6,0.48,8.3
ablate v2_scheme_matchup,2025,12,Khalil Shakir,WR,8.81,8.71,17.0,-0.1,8.29
ablate v2_pff_alignment_matchup,2024,8,Jakobi Meyers,WR,8.43,8.91,17.2,0.48,8.29
ablate v2_pff_alignment_matchup,2024,18,Josh Downs,WR,10.92,11.12,19.4,0.2,8.28
ablate v2_pff_alignment_matchup,2025,15,George Pickens,WR,14.38,14.58,6.3,0.2,8.28
ablate v2_pff_alignment_matchup,2023,6,George Kittle,TE,10.14,9.38,1.1,-0.76,8.28
ablate v2_pff_alignment_matchup,2025,8,Tetairoa McMillan,WR,8.91,8.62,16.9,-0.29,8.28
ablate v2_pff_alignment_matchup,2022,15,Michael Gallup,WR,9.19,9.48,1.2,0.29,8.28
ablate v2_pff_alignment_matchup,2023,8,Jordan Addison,WR,12.94,13.13,21.4,0.19,8.27
ablate v2_scheme_matchup,2023,6,Tutu Atwell,WR,12.17,12.27,4.0,0.1,8.27
ablate v2_pff_alignment_matchup,2023,5,Darren Waller,TE,7.76,8.33,16.6,0.57,8.27
ablate v2_scheme_matchup,2023,9,Jonathan Mingo,WR,9.87,9.77,1.5,-0.1,8.27
ablate v2_scheme_matchup,2023,4,Tee Higgins,WR,12.17,12.17,3.9,0.0,8.27
ablate v2_pff_alignment_matchup,2023,8,Juwan Johnson,TE,10.14,9.76,1.5,-0.38,8.26
ablate v2_pff_alignment_matchup,2024,10,Marvin Harrison Jr.,WR,8.14,8.14,16.4,0.0,8.26
ablate v2_scheme_matchup,2024,4,CeeDee Lamb,WR,15.25,15.34,23.6,0.09,8.26
ablate v2_scheme_matchup,2024,10,Marvin Harrison Jr.,WR,8.14,8.14,16.4,0.0,8.26
ablate v2_pff_alignment_matchup,2025,4,Tyler Warren,TE,9.19,10.04,18.3,0.85,8.26
ablate v2_pff_alignment_matchup,2024,9,DeVonta Smith,WR,11.12,10.44,18.7,-0.68,8.26
ablate v2_pff_alignment_matchup,2022,3,Stefon Diggs,WR,22.17,22.65,14.4,0.48,8.25
ablate v2_scheme_matchup,2025,4,Amon-Ra St. Brown,WR,17.75,17.75,26.0,0.0,8.25
ablate v2_scheme_matchup,2023,9,Josh Downs,WR,9.96,10.25,2.0,0.29,8.25
ablate v2_pff_alignment_matchup,2024,4,Kyle Pitts,TE,8.62,8.24,0.0,-0.38,8.24
ablate v2_pff_alignment_matchup,2022,9,Tyler Higbee,TE,8.62,8.24,0.0,-0.38,8.24
ablate v2_pff_alignment_matchup,2025,5,Calvin Ridley,WR,9.48,9.87,18.1,0.39,8.23
ablate v2_pff_alignment_matchup,2024,9,Dontayvion Wicks,WR,8.04,8.23,0.0,0.19,8.23
ablate v2_pff_alignment_matchup,2023,11,DK Metcalf,WR,11.5,12.17,20.4,0.67,8.23
ablate v2_scheme_matchup,2025,14,Dallas Goedert,TE,7.76,7.57,15.8,-0.19,8.23
ablate v2_pff_alignment_matchup,2023,17,Tee Higgins,WR,10.54,11.12,2.9,0.58,8.22
ablate v2_pff_alignment_matchup,2023,8,Josh Reynolds,WR,8.04,8.52,0.3,0.48,8.22
ablate v2_scheme_matchup,2024,12,Christian Watson,WR,8.62,8.62,0.4,0.0,8.22
ablate v2_pff_alignment_matchup,2024,12,Cooper Kupp,WR,11.89,11.79,20.0,-0.1,8.21
ablate v2_scheme_matchup,2022,4,Tyler Higbee,TE,9.76,9.09,17.3,-0.67,8.21
ablate v2_pff_alignment_matchup,2022,8,Amari Cooper,WR,13.9,13.9,22.1,0.0,8.2
ablate v2_scheme_matchup,2022,8,Amari Cooper,WR,13.9,13.9,22.1,0.0,8.2
ablate v2_scheme_matchup,2025,5,Travis Kelce,TE,10.14,10.9,19.1,0.76,8.2
ablate v2_pff_alignment_matchup,2023,3,Amon-Ra St. Brown,WR,10.83,11.4,19.6,0.57,8.2
ablate v2_pff_alignment_matchup,2025,7,Kendrick Bourne,WR,10.92,11.6,3.4,0.68,8.2
ablate v2_pff_alignment_matchup,2023,6,Cole Kmet,TE,10.9,11.09,2.9,0.19,8.19
ablate v2_pff_alignment_matchup,2023,13,Christian Kirk,WR,12.37,11.79,3.6,-0.58,8.19
ablate v2_scheme_matchup,2022,9,Christian Kirk,WR,13.42,13.42,21.6,0.0,8.18
ablate v2_scheme_matchup,2024,18,Jonnu Smith,TE,10.8,10.42,18.6,-0.38,8.18
ablate v2_pff_alignment_matchup,2023,10,Juwan Johnson,TE,8.9,9.38,1.2,0.48,8.18
ablate v2_scheme_matchup,2023,7,Christian Kirk,WR,10.73,10.83,19.0,0.1,8.17
ablate v2_pff_alignment_matchup,2025,15,Justin Jefferson,WR,12.94,12.37,4.2,-0.57,8.17
ablate v2_scheme_matchup,2023,10,Jakobi Meyers,WR,12.27,12.27,4.1,0.0,8.17
ablate v2_scheme_matchup,2022,6,Cooper Kupp,WR,24.86,24.86,16.7,0.0,8.16
ablate v2_scheme_matchup,2025,11,Ladd McConkey,WR,12.94,12.46,4.3,-0.48,8.16
ablate v2_scheme_matchup,2024,8,Tyler Lockett,WR,10.16,10.06,1.9,-0.1,8.16
ablate v2_scheme_matchup,2025,4,Kyle Pitts,TE,9.85,9.85,18.0,0.0,8.15
ablate v2_pff_alignment_matchup,2023,5,Jordan Addison,WR,9.58,10.25,18.4,0.67,8.15
ablate v2_pff_alignment_matchup,2022,3,Amari Cooper,WR,14.96,14.96,23.1,0.0,8.14
ablate v2_scheme_matchup,2022,9,Tyler Higbee,TE,8.62,8.14,0.0,-0.48,8.14
ablate v2_pff_alignment_matchup,2024,9,Michael Pittman,WR,9.87,10.54,2.4,0.67,8.14
ablate v2_scheme_matchup,2023,5,Calvin Austin III,WR,8.04,8.14,0.0,0.1,8.14
ablate v2_scheme_matchup,2022,3,Amari Cooper,WR,14.96,14.96,23.1,0.0,8.14
ablate v2_pff_alignment_matchup,2025,5,Zach Ertz,TE,7.76,8.14,0.0,0.38,8.14
ablate v2_scheme_matchup,2022,8,Jerry Jeudy,WR,10.16,10.16,18.3,0.0,8.14
ablate v2_pff_alignment_matchup,2023,15,Dalton Kincaid,TE,9.28,8.14,0.0,-1.14,8.14
ablate v2_pff_alignment_matchup,2023,6,Rashid Shaheed,WR,9.87,10.16,18.3,0.29,8.14
ablate v2_scheme_matchup,2022,18,Romeo Doubs,WR,8.04,8.14,0.0,0.1,8.14
ablate v2_pff_alignment_matchup,2024,15,Jauan Jennings,WR,12.94,13.23,5.1,0.29,8.13
ablate v2_scheme_matchup,2023,14,Amon-Ra St. Brown,WR,13.23,13.23,5.1,0.0,8.13
ablate v2_scheme_matchup,2025,16,Quentin Johnston,WR,12.27,12.27,20.4,0.0,8.13
ablate v2_scheme_matchup,2025,13,Alec Pierce,WR,9.67,9.67,17.8,0.0,8.13
ablate v2_scheme_matchup,2025,6,Davante Adams,WR,15.83,16.02,7.9,0.19,8.12
ablate v2_pff_alignment_matchup,2024,13,Davante Adams,WR,9.19,9.48,17.6,0.29,8.12
ablate v2_pff_alignment_matchup,2023,18,DeAndre Hopkins,WR,9.96,9.48,17.6,-0.48,8.12
ablate v2_pff_alignment_matchup,2025,14,Amon-Ra St. Brown,WR,23.51,23.32,15.2,-0.19,8.12
ablate v2_scheme_matchup,2025,14,Quentin Johnston,WR,10.92,10.92,2.8,0.0,8.12
ablate v2_pff_alignment_matchup,2024,9,A.J. Brown,WR,14.77,13.71,5.6,-1.06,8.11
ablate v2_scheme_matchup,2024,12,Cooper Kupp,WR,11.89,11.89,20.0,0.0,8.11
ablate v2_pff_alignment_matchup,2024,12,Josh Downs,WR,14.77,13.81,5.7,-0.96,8.11
ablate v2_scheme_matchup,2025,13,Stefon Diggs,WR,13.42,13.71,5.6,0.29,8.11
ablate v2_pff_alignment_matchup,2022,8,Josh Reynolds,WR,11.4,11.5,3.4,0.1,8.1
ablate v2_scheme_matchup,2025,9,Keenan Allen,WR,14.29,14.19,6.1,-0.1,8.09
ablate v2_pff_alignment_matchup,2024,17,Jaxon Smith-Njigba,WR,14.58,14.29,6.2,-0.29,8.09
ablate v2_pff_alignment_matchup,2022,16,DeAndre Hopkins,WR,9.48,9.48,1.4,0.0,8.08
ablate v2_pff_alignment_matchup,2024,7,Amari Cooper,WR,8.91,8.52,16.6,-0.39,8.08
ablate v2_scheme_matchup,2024,3,Khalil Shakir,WR,10.73,11.12,19.2,0.39,8.08
ablate v2_scheme_matchup,2022,16,DeAndre Hopkins,WR,9.48,9.48,1.4,0.0,8.08
ablate v2_scheme_matchup,2025,15,George Pickens,WR,14.38,14.38,6.3,0.0,8.08
ablate v2_pff_alignment_matchup,2022,5,Gerald Everett,TE,8.81,9.28,1.2,0.47,8.08
ablate v2_scheme_matchup,2022,8,Hunter Renfrow,WR,9.48,9.67,1.6,0.19,8.07
ablate v2_pff_alignment_matchup,2023,7,Kendrick Bourne,WR,8.71,8.23,16.3,-0.48,8.07
ablate v2_pff_alignment_matchup,2024,12,Terry McLaurin,WR,13.52,13.13,21.2,-0.39,8.07
ablate v2_scheme_matchup,2022,9,Noah Fant,TE,6.15,6.53,14.6,0.38,8.07
ablate v2_pff_alignment_matchup,2023,13,Drake London,WR,9.67,9.87,1.8,0.2,8.07
ablate v2_pff_alignment_matchup,2023,7,Jaxon Smith-Njigba,WR,8.52,8.23,16.3,-0.29,8.07
ablate v2_scheme_matchup,2022,5,Elijah Moore,WR,10.44,10.16,2.1,-0.28,8.06
ablate v2_scheme_matchup,2022,4,Brandin Cooks,WR,10.64,10.64,18.7,0.0,8.06
ablate v2_scheme_matchup,2023,3,Calvin Ridley,WR,15.06,15.06,7.0,0.0,8.06
ablate v2_pff_alignment_matchup,2022,4,Brandin Cooks,WR,10.64,10.64,18.7,0.0,8.06
ablate v2_scheme_matchup,2022,14,Mike Williams,WR,15.44,15.54,23.6,0.1,8.06
ablate v2_scheme_matchup,2025,11,Davante Adams,WR,15.25,15.15,7.1,-0.1,8.05
ablate v2_scheme_matchup,2025,3,Tyler Higbee,TE,8.24,8.05,0.0,-0.19,8.05
ablate v2_scheme_matchup,2022,12,Mike Gesicki,TE,7.76,8.05,0.0,0.29,8.05
ablate v2_pff_alignment_matchup,2023,8,Chris Olave,WR,17.27,17.65,9.6,0.38,8.05
ablate v2_pff_alignment_matchup,2024,11,Ladd McConkey,WR,9.96,10.25,18.3,0.29,8.05
ablate v2_scheme_matchup,2025,5,Zach Ertz,TE,7.76,8.05,0.0,0.29,8.05
ablate v2_scheme_matchup,2025,15,Ja'Marr Chase,WR,15.25,15.15,23.2,-0.1,8.05
ablate v2_scheme_matchup,2024,17,Hunter Henry,TE,8.33,8.05,0.0,-0.28,8.05
ablate v2_scheme_matchup,2024,7,Tyreek Hill,WR,10.83,10.35,2.3,-0.48,8.05
ablate v2_pff_alignment_matchup,2024,14,Amari Cooper,WR,7.85,7.46,15.5,-0.39,8.04
ablate v2_scheme_matchup,2023,5,Darnell Mooney,WR,8.04,8.04,0.0,0.0,8.04
ablate v2_pff_alignment_matchup,2025,14,Dallas Goedert,TE,7.76,7.76,15.8,0.0,8.04
ablate v2_pff_alignment_matchup,2023,12,Sam LaPorta,TE,10.71,9.66,17.7,-1.05,8.04
ablate v2_scheme_matchup,2024,5,Kyle Pitts,TE,7.95,7.76,15.8,-0.19,8.04
ablate v2_scheme_matchup,2022,8,Elijah Moore,WR,8.23,8.04,0.0,-0.19,8.04
ablate v2_pff_alignment_matchup,2025,18,Troy Franklin,WR,7.75,8.04,0.0,0.29,8.04
ablate v2_pff_alignment_matchup,2025,8,Jalen Nailor,WR,7.85,8.04,0.0,0.19,8.04
ablate v2_scheme_matchup,2024,7,Amon-Ra St. Brown,WR,17.36,17.17,25.2,-0.19,8.03
ablate v2_scheme_matchup,2024,6,Jameson Williams,WR,9.58,9.67,17.7,0.09,8.03
ablate v2_pff_alignment_matchup,2023,8,Chris Godwin Jr.,WR,10.64,9.77,17.8,-0.87,8.03
ablate v2_scheme_matchup,2024,14,Amon-Ra St. Brown,WR,18.13,18.32,10.3,0.19,8.02
ablate v2_pff_alignment_matchup,2023,6,DeAndre Hopkins,WR,10.35,11.02,3.0,0.67,8.02
ablate v2_scheme_matchup,2024,9,Brock Bowers,TE,7.95,7.48,15.5,-0.47,8.02
ablate v2_scheme_matchup,2022,4,Gerald Everett,TE,8.62,9.09,17.1,0.47,8.01
ablate v2_scheme_matchup,2024,15,Tee Higgins,WR,11.98,11.79,19.8,-0.19,8.01
ablate v2_scheme_matchup,2023,12,Amari Cooper,WR,11.6,11.6,3.6,0.0,8.0
ablate v2_scheme_matchup,2023,6,Cole Kmet,TE,10.9,10.9,2.9,0.0,8.0
ablate v2_scheme_matchup,2022,8,Josh Reynolds,WR,11.4,11.4,3.4,0.0,8.0
ablate v2_pff_alignment_matchup,2023,12,Amari Cooper,WR,11.6,11.6,3.6,0.0,8.0
ablate v2_scheme_matchup,2024,10,DeVonta Smith,WR,11.02,11.4,3.4,0.38,8.0
ablate v2_pff_alignment_matchup,2024,8,Amon-Ra St. Brown,WR,16.59,16.69,8.7,0.1,7.99
ablate v2_scheme_matchup,2022,4,Drake London,WR,11.4,11.69,3.7,0.29,7.99
ablate v2_scheme_matchup,2022,15,Michael Gallup,WR,9.19,9.19,1.2,0.0,7.99
ablate v2_scheme_matchup,2024,18,Jalen McMillan,WR,11.02,11.02,19.0,0.0,7.98
ablate v2_pff_alignment_matchup,2023,10,Jakobi Meyers,WR,12.27,12.08,4.1,-0.19,7.98
ablate v2_scheme_matchup,2022,16,Justin Jefferson,WR,22.84,23.32,31.3,0.48,7.98
ablate v2_scheme_matchup,2025,9,Jameson Williams,WR,8.62,8.62,16.6,0.0,7.98
ablate v2_pff_alignment_matchup,2024,18,Jalen McMillan,WR,11.02,11.02,19.0,0.0,7.98
ablate v2_scheme_matchup,2025,6,Jauan Jennings,WR,9.87,9.67,1.7,-0.2,7.97
ablate v2_pff_alignment_matchup,2024,16,Khalil Shakir,WR,11.6,12.17,4.2,0.57,7.97
ablate v2_pff_alignment_matchup,2025,16,Travis Kelce,TE,9.38,9.57,1.6,0.19,7.97
ablate v2_pff_alignment_matchup,2025,6,Jameson Williams,WR,11.21,10.64,18.6,-0.57,7.96
ablate v2_scheme_matchup,2024,5,Wan'Dale Robinson,WR,8.04,8.04,16.0,0.0,7.96
ablate v2_scheme_matchup,2024,18,Jameson Williams,WR,17.46,17.36,9.4,-0.1,7.96
ablate v2_pff_alignment_matchup,2023,15,Jahan Dotson,WR,10.06,10.16,2.2,0.1,7.96
ablate v2_pff_alignment_matchup,2022,18,Stefon Diggs,WR,14.77,15.44,23.4,0.67,7.96
ablate v2_pff_alignment_matchup,2025,14,Davante Adams,WR,14.0,14.86,6.9,0.86,7.96
ablate v2_scheme_matchup,2025,15,Tetairoa McMillan,WR,12.27,12.46,4.5,0.19,7.96
ablate v2_scheme_matchup,2025,18,Troy Franklin,WR,7.75,7.95,0.0,0.2,7.95
ablate v2_scheme_matchup,2022,8,DeVante Parker,WR,7.95,7.95,0.0,0.0,7.95
ablate v2_pff_alignment_matchup,2022,13,Adam Thielen,WR,11.6,12.65,4.7,1.05,7.95
ablate v2_pff_alignment_matchup,2024,18,Christian Watson,WR,7.46,7.95,0.0,0.49,7.95
ablate v2_scheme_matchup,2023,15,Dalton Kincaid,TE,9.28,7.95,0.0,-1.33,7.95
ablate v2_pff_alignment_matchup,2024,14,Demarcus Robinson,WR,8.04,7.95,0.0,-0.09,7.95
ablate v2_scheme_matchup,2024,14,Demarcus Robinson,WR,8.04,7.95,0.0,-0.09,7.95
ablate v2_scheme_matchup,2023,3,George Kittle,TE,7.95,8.05,16.0,0.1,7.95
ablate v2_pff_alignment_matchup,2024,11,Mike Gesicki,TE,8.14,7.95,0.0,-0.19,7.95
ablate v2_pff_alignment_matchup,2025,13,Christian Watson,WR,10.44,10.35,18.3,-0.09,7.95
ablate v2_scheme_matchup,2024,6,Tre Tucker,WR,8.23,7.95,0.0,-0.28,7.95
ablate v2_pff_alignment_matchup,2024,7,Tyreek Hill,WR,10.83,10.25,2.3,-0.58,7.95
ablate v2_pff_alignment_matchup,2022,8,Jerry Jeudy,WR,10.16,10.35,18.3,0.19,7.95
ablate v2_pff_alignment_matchup,2023,14,Jauan Jennings,WR,9.0,7.95,0.0,-1.05,7.95
ablate v2_scheme_matchup,2023,18,Michael Wilson,WR,7.56,7.56,15.5,0.0,7.94
ablate v2_scheme_matchup,2023,8,Michael Pittman,WR,9.96,10.06,18.0,0.1,7.94
ablate v2_scheme_matchup,2022,9,Justin Jefferson,WR,17.56,17.56,25.5,0.0,7.94
ablate v2_pff_alignment_matchup,2024,4,Calvin Ridley,WR,9.58,10.44,2.5,0.86,7.94
ablate v2_pff_alignment_matchup,2025,12,Dallas Goedert,TE,12.51,11.94,4.0,-0.57,7.94
ablate v2_scheme_matchup,2024,3,Jake Ferguson,TE,7.38,7.57,15.5,0.19,7.93
ablate v2_pff_alignment_matchup,2025,13,Alec Pierce,WR,9.67,9.87,17.8,0.2,7.93
ablate v2_scheme_matchup,2024,4,Rashid Shaheed,WR,9.77,9.77,17.7,0.0,7.93
ablate v2_scheme_matchup,2024,14,Nick Westbrook-Ikhine,WR,10.83,10.83,2.9,0.0,7.93
ablate v2_pff_alignment_matchup,2025,7,Sam LaPorta,TE,12.51,12.42,4.5,-0.09,7.92
ablate v2_pff_alignment_matchup,2025,9,Alec Pierce,WR,10.92,9.58,17.5,-1.34,7.92
ablate v2_scheme_matchup,2022,14,DeAndre Carter,WR,8.81,8.91,1.0,0.1,7.91
ablate v2_pff_alignment_matchup,2024,10,T.J. Hockenson,TE,7.48,7.29,15.2,-0.19,7.91
ablate v2_pff_alignment_matchup,2022,14,DeAndre Carter,WR,8.81,8.91,1.0,0.1,7.91
ablate v2_scheme_matchup,2022,12,Parris Campbell,WR,11.21,11.31,3.4,0.1,7.91
ablate v2_scheme_matchup,2025,7,Kendrick Bourne,WR,10.92,11.31,3.4,0.39,7.91
ablate v2_pff_alignment_matchup,2023,7,Rashee Rice,WR,9.96,9.1,17.0,-0.86,7.9
ablate v2_pff_alignment_matchup,2023,18,Jerry Jeudy,WR,8.33,9.0,16.9,0.67,7.9
ablate v2_scheme_matchup,2023,8,Evan Engram,TE,9.19,8.9,16.8,-0.29,7.9
ablate v2_pff_alignment_matchup,2024,15,Jerry Jeudy,WR,13.9,13.9,21.8,0.0,7.9
ablate v2_scheme_matchup,2025,6,Cole Kmet,TE,8.33,8.9,1.0,0.57,7.9
ablate v2_scheme_matchup,2024,15,Jerry Jeudy,WR,13.9,13.9,21.8,0.0,7.9
ablate v2_pff_alignment_matchup,2022,10,Chris Godwin Jr.,WR,11.98,11.21,19.1,-0.77,7.89
ablate v2_pff_alignment_matchup,2023,9,Jonathan Mingo,WR,9.87,9.39,1.5,-0.48,7.89
ablate v2_pff_alignment_matchup,2025,3,Marvin Mims Jr.,WR,8.04,9.29,1.4,1.25,7.89
ablate v2_scheme_matchup,2022,10,George Kittle,TE,11.18,10.99,3.1,-0.19,7.89
ablate v2_pff_alignment_matchup,2024,16,Calvin Ridley,WR,9.58,8.91,16.8,-0.67,7.89
ablate v2_scheme_matchup,2024,17,Cooper Kupp,WR,11.98,11.79,3.9,-0.19,7.89
ablate v2_pff_alignment_matchup,2025,9,Jameson Williams,WR,8.62,8.71,16.6,0.09,7.89
ablate v2_scheme_matchup,2024,3,Isaiah Likely,TE,9.28,9.28,1.4,0.0,7.88
ablate v2_scheme_matchup,2023,6,Keenan Allen,WR,13.52,13.62,21.5,0.1,7.88
ablate v2_scheme_matchup,2025,4,Quentin Johnston,WR,15.83,15.92,23.8,0.09,7.88
ablate v2_pff_alignment_matchup,2024,3,Isaiah Likely,TE,9.28,9.28,1.4,0.0,7.88
ablate v2_scheme_matchup,2023,12,Chris Olave,WR,10.73,10.54,18.4,-0.19,7.86
ablate v2_scheme_matchup,2022,13,Dawson Knox,TE,7.76,7.86,0.0,0.1,7.86
ablate v2_pff_alignment_matchup,2023,9,Dalton Kincaid,TE,8.33,8.24,16.1,-0.09,7.86
ablate v2_scheme_matchup,2024,18,Courtland Sutton,WR,12.94,12.94,20.8,0.0,7.86
ablate v2_scheme_matchup,2025,8,Jalen Nailor,WR,7.85,7.85,0.0,0.0,7.85
ablate v2_scheme_matchup,2022,12,Alec Pierce,WR,7.75,7.85,0.0,0.1,7.85
ablate v2_pff_alignment_matchup,2025,14,Romeo Doubs,WR,7.75,7.85,0.0,0.1,7.85
ablate v2_pff_alignment_matchup,2023,13,Jake Ferguson,TE,10.33,11.85,19.7,1.52,7.85
ablate v2_scheme_matchup,2025,14,Romeo Doubs,WR,7.75,7.85,0.0,0.1,7.85
ablate v2_pff_alignment_matchup,2024,6,Ja'Marr Chase,WR,18.8,20.05,12.2,1.25,7.85
ablate v2_pff_alignment_matchup,2024,13,Tyreek Hill,WR,11.89,12.46,20.3,0.57,7.84
ablate v2_pff_alignment_matchup,2022,13,CeeDee Lamb,WR,12.56,12.56,20.4,0.0,7.84
ablate v2_pff_alignment_matchup,2024,12,A.J. Brown,WR,16.5,15.06,22.9,-1.44,7.84
ablate v2_pff_alignment_matchup,2022,17,Adam Thielen,WR,11.12,10.44,2.6,-0.68,7.84
ablate v2_scheme_matchup,2025,11,Dallas Goedert,TE,12.42,12.23,4.4,-0.19,7.83
ablate v2_pff_alignment_matchup,2023,9,DJ Moore,WR,12.27,13.23,5.4,0.96,7.83
ablate v2_scheme_matchup,2024,6,DK Metcalf,WR,15.54,15.63,7.8,0.09,7.83
ablate v2_scheme_matchup,2022,3,Gerald Everett,TE,12.32,12.32,4.5,0.0,7.82
ablate v2_pff_alignment_matchup,2022,4,Gerald Everett,TE,8.62,9.28,17.1,0.66,7.82
ablate v2_pff_alignment_matchup,2025,10,Troy Franklin,WR,7.37,7.18,15.0,-0.19,7.82
ablate v2_scheme_matchup,2025,7,Sam LaPorta,TE,12.51,12.32,4.5,-0.19,7.82
ablate v2_scheme_matchup,2022,15,Chris Godwin Jr.,WR,14.48,14.48,22.3,0.0,7.82
ablate v2_pff_alignment_matchup,2022,10,Tyler Higbee,TE,7.86,7.48,15.3,-0.38,7.82
ablate v2_pff_alignment_matchup,2023,6,Deebo Samuel Sr.,WR,9.58,8.91,1.1,-0.67,7.81
ablate v2_pff_alignment_matchup,2024,11,Travis Kelce,TE,10.14,10.61,2.8,0.47,7.81
ablate v2_scheme_matchup,2024,7,Davante Adams,WR,14.29,13.81,6.0,-0.48,7.81
ablate v2_pff_alignment_matchup,2023,3,Rashid Shaheed,WR,12.65,13.81,6.0,1.16,7.81
ablate v2_scheme_matchup,2024,3,Mike Evans,WR,12.17,11.5,3.7,-0.67,7.8
ablate v2_scheme_matchup,2022,5,Gerald Everett,TE,8.81,9.0,1.2,0.19,7.8
ablate v2_pff_alignment_matchup,2024,17,Cooper Kupp,WR,11.98,11.69,3.9,-0.29,7.79
ablate v2_pff_alignment_matchup,2025,13,Khalil Shakir,WR,9.39,9.29,1.5,-0.1,7.79
ablate v2_scheme_matchup,2023,3,Juwan Johnson,TE,10.61,10.99,3.2,0.38,7.79
ablate v2_scheme_matchup,2024,6,Darnell Mooney,WR,14.38,14.58,6.8,0.2,7.78
ablate v2_scheme_matchup,2023,11,K.J. Osborn,WR,9.77,9.48,1.7,-0.29,7.78
ablate v2_scheme_matchup,2023,13,Drake London,WR,9.67,9.58,1.8,-0.09,7.78
ablate v2_pff_alignment_matchup,2022,14,Mike Williams,WR,15.44,15.83,23.6,0.39,7.77
ablate v2_pff_alignment_matchup,2022,14,Mark Andrews,TE,11.47,11.47,3.7,0.0,7.77
ablate v2_pff_alignment_matchup,2023,18,Jaxon Smith-Njigba,WR,11.69,12.17,4.4,0.48,7.77
ablate v2_scheme_matchup,2022,14,Mark Andrews,TE,11.47,11.47,3.7,0.0,7.77
ablate v2_pff_alignment_matchup,2025,17,CeeDee Lamb,WR,18.61,17.36,9.6,-1.25,7.76
ablate v2_pff_alignment_matchup,2022,5,Mike Evans,WR,19.09,19.86,12.1,0.77,7.76
ablate v2_pff_alignment_matchup,2022,13,Dawson Knox,TE,7.76,7.76,0.0,0.0,7.76
ablate v2_pff_alignment_matchup,2025,18,Justin Jefferson,WR,11.12,10.64,18.4,-0.48,7.76
ablate v2_pff_alignment_matchup,2025,16,Jauan Jennings,WR,10.35,10.35,18.1,0.0,7.75
ablate v2_pff_alignment_matchup,2023,8,Michael Pittman,WR,9.96,10.25,18.0,0.29,7.75
ablate v2_scheme_matchup,2022,14,Tyler Boyd,WR,7.75,7.75,0.0,0.0,7.75
ablate v2_pff_alignment_matchup,2022,9,K.J. Osborn,WR,7.66,7.75,0.0,0.09,7.75
ablate v2_scheme_matchup,2024,4,Keenan Allen,WR,12.75,12.65,4.9,-0.1,7.75
ablate v2_scheme_matchup,2022,13,CeeDee Lamb,WR,12.56,12.65,20.4,0.09,7.75
ablate v2_pff_alignment_matchup,2023,5,Darnell Mooney,WR,8.04,7.75,0.0,-0.29,7.75
ablate v2_scheme_matchup,2024,15,Jauan Jennings,WR,12.94,12.85,5.1,-0.09,7.75
ablate v2_pff_alignment_matchup,2024,14,Tyler Lockett,WR,7.56,7.75,0.0,0.19,7.75
ablate v2_scheme_matchup,2024,11,Jordan Whittington,WR,7.66,7.75,0.0,0.09,7.75
ablate v2_scheme_matchup,2023,18,Jason Brownlee,WR,7.66,7.75,0.0,0.09,7.75
ablate v2_scheme_matchup,2025,13,Rome Odunze,WR,10.44,10.54,2.8,0.1,7.74
ablate v2_scheme_matchup,2023,5,Puka Nacua,WR,27.84,27.84,20.1,0.0,7.74
ablate v2_pff_alignment_matchup,2025,13,Rome Odunze,WR,10.44,10.54,2.8,0.1,7.74
ablate v2_pff_alignment_matchup,2024,17,George Kittle,TE,10.71,11.47,19.2,0.76,7.73
ablate v2_pff_alignment_matchup,2022,3,Gerald Everett,TE,12.32,12.23,4.5,-0.09,7.73
ablate v2_scheme_matchup,2025,12,Josh Downs,WR,10.54,10.73,3.0,0.19,7.73
ablate v2_pff_alignment_matchup,2024,5,Chris Olave,WR,10.54,10.73,3.0,0.19,7.73
ablate v2_scheme_matchup,2022,16,Isaiah McKenzie,WR,8.14,8.33,0.6,0.19,7.73
ablate v2_scheme_matchup,2024,10,T.J. Hockenson,TE,7.48,7.48,15.2,0.0,7.72
ablate v2_pff_alignment_matchup,2023,15,Jayden Reed,WR,10.16,9.48,17.2,-0.68,7.72
ablate v2_pff_alignment_matchup,2024,7,Davante Adams,WR,14.29,13.71,6.0,-0.58,7.71
ablate v2_scheme_matchup,2025,5,Dalton Kincaid,TE,8.81,9.09,16.8,0.28,7.71
ablate v2_pff_alignment_matchup,2022,4,DK Metcalf,WR,14.48,14.19,21.9,-0.29,7.71
ablate v2_scheme_matchup,2023,17,Chris Godwin Jr.,WR,9.19,9.39,17.1,0.2,7.71
ablate v2_pff_alignment_matchup,2023,17,Chris Godwin Jr.,WR,9.19,9.39,17.1,0.2,7.71
ablate v2_pff_alignment_matchup,2025,6,Amon-Ra St. Brown,WR,22.84,21.4,13.7,-1.44,7.7
ablate v2_pff_alignment_matchup,2023,4,Jake Ferguson,TE,6.72,7.0,14.7,0.28,7.7
ablate v2_scheme_matchup,2022,6,Russell Gage,WR,11.5,11.69,4.0,0.19,7.69
ablate v2_scheme_matchup,2025,13,Khalil Shakir,WR,9.39,9.19,1.5,-0.2,7.69
ablate v2_scheme_matchup,2024,12,George Kittle,TE,12.04,12.51,20.2,0.47,7.69
ablate v2_pff_alignment_matchup,2023,17,Gabe Davis,WR,11.31,11.79,4.1,0.48,7.69
ablate v2_scheme_matchup,2023,11,Stefon Diggs,WR,14.38,14.38,6.7,0.0,7.68
ablate v2_pff_alignment_matchup,2023,17,A.J. Brown,WR,18.23,16.98,9.3,-1.25,7.68
ablate v2_pff_alignment_matchup,2023,11,Stefon Diggs,WR,14.38,14.38,6.7,0.0,7.68
ablate v2_pff_alignment_matchup,2024,18,Jameson Williams,WR,17.46,17.07,9.4,-0.39,7.67
ablate v2_scheme_matchup,2023,15,Jahan Dotson,WR,10.06,9.87,2.2,-0.19,7.67
ablate v2_scheme_matchup,2023,7,Tyreek Hill,WR,18.13,18.13,25.8,0.0,7.67
ablate v2_pff_alignment_matchup,2024,17,Rashod Bateman,WR,9.87,9.87,2.2,0.0,7.67
ablate v2_scheme_matchup,2024,17,Rashod Bateman,WR,9.87,9.87,2.2,0.0,7.67
ablate v2_pff_alignment_matchup,2024,4,Mike Gesicki,TE,6.91,7.76,0.1,0.85,7.66
ablate v2_scheme_matchup,2025,16,Jauan Jennings,WR,10.35,10.44,18.1,0.09,7.66
ablate v2_pff_alignment_matchup,2025,10,Xavier Legette,WR,7.66,7.66,0.0,0.0,7.66
ablate v2_scheme_matchup,2022,9,K.J. Osborn,WR,7.66,7.66,0.0,0.0,7.66
ablate v2_scheme_matchup,2024,14,Tyler Lockett,WR,7.56,7.66,0.0,0.1,7.66
ablate v2_scheme_matchup,2024,4,Calvin Ridley,WR,9.58,10.16,2.5,0.58,7.66
ablate v2_scheme_matchup,2025,10,Xavier Legette,WR,7.66,7.66,0.0,0.0,7.66
ablate v2_pff_alignment_matchup,2024,10,Sam LaPorta,TE,7.67,7.95,15.6,0.28,7.65
ablate v2_scheme_matchup,2024,14,Amari Cooper,WR,7.85,7.85,15.5,0.0,7.65
ablate v2_pff_alignment_matchup,2024,14,Nick Westbrook-Ikhine,WR,10.83,10.54,2.9,-0.29,7.64
ablate v2_pff_alignment_matchup,2022,15,DJ Chark,WR,10.44,10.44,2.8,0.0,7.64
ablate v2_scheme_matchup,2023,11,Christian Kirk,WR,15.15,15.44,7.8,0.29,7.64
ablate v2_pff_alignment_matchup,2025,12,Josh Downs,WR,10.54,10.64,3.0,0.1,7.64
ablate v2_pff_alignment_matchup,2024,6,Jameson Williams,WR,9.58,10.06,17.7,0.48,7.64
ablate v2_scheme_matchup,2023,4,Tyreek Hill,WR,17.84,17.84,10.2,0.0,7.64
ablate v2_scheme_matchup,2023,18,DeAndre Hopkins,WR,9.96,9.96,17.6,0.0,7.64
ablate v2_pff_alignment_matchup,2025,14,Quentin Johnston,WR,10.92,10.44,2.8,-0.48,7.64
ablate v2_scheme_matchup,2024,7,Xavier Legette,WR,10.44,10.54,2.9,0.1,7.64
ablate v2_pff_alignment_matchup,2022,4,Tyler Higbee,TE,9.76,9.66,17.3,-0.1,7.64
ablate v2_scheme_matchup,2022,15,DJ Chark,WR,10.44,10.44,2.8,0.0,7.64
ablate v2_scheme_matchup,2024,8,DJ Moore,WR,13.04,13.04,5.4,0.0,7.64
ablate v2_pff_alignment_matchup,2022,15,Chris Godwin Jr.,WR,14.48,14.67,22.3,0.19,7.63
ablate v2_scheme_matchup,2022,18,JuJu Smith-Schuster,WR,12.85,13.13,5.5,0.28,7.63
ablate v2_scheme_matchup,2023,13,Adam Thielen,WR,13.23,13.13,5.5,-0.1,7.63
ablate v2_scheme_matchup,2023,7,Courtland Sutton,WR,11.98,11.98,19.6,0.0,7.62
ablate v2_scheme_matchup,2024,13,Tank Dell,WR,10.92,10.92,3.3,0.0,7.62
ablate v2_pff_alignment_matchup,2024,10,DeVonta Smith,WR,11.02,11.02,3.4,0.0,7.62
ablate v2_scheme_matchup,2023,8,T.J. Hockenson,TE,13.56,13.18,20.8,-0.38,7.62
ablate v2_pff_alignment_matchup,2024,13,Tank Dell,WR,10.92,10.92,3.3,0.0,7.62
ablate v2_scheme_matchup,2022,4,DK Metcalf,WR,14.48,14.29,21.9,-0.19,7.61
ablate v2_scheme_matchup,2022,16,Josh Palmer,WR,11.12,11.21,3.6,0.09,7.61
ablate v2_scheme_matchup,2025,8,Tetairoa McMillan,WR,8.91,9.29,16.9,0.38,7.61
ablate v2_scheme_matchup,2023,7,Rashee Rice,WR,9.96,9.39,17.0,-0.57,7.61
ablate v2_pff_alignment_matchup,2023,12,Jaylen Waddle,WR,12.08,11.79,19.4,-0.29,7.61
ablate v2_pff_alignment_matchup,2024,8,Amari Cooper,WR,8.91,8.91,1.3,0.0,7.61
ablate v2_scheme_matchup,2023,10,Juwan Johnson,TE,8.9,8.81,1.2,-0.09,7.61
ablate v2_scheme_matchup,2024,5,Dontayvion Wicks,WR,12.08,11.6,4.0,-0.48,7.6
ablate v2_scheme_matchup,2024,7,Amari Cooper,WR,8.91,9.0,16.6,0.09,7.6
ablate v2_scheme_matchup,2022,10,Chris Godwin Jr.,WR,11.98,11.5,19.1,-0.48,7.6
ablate v2_scheme_matchup,2024,17,Sam LaPorta,TE,11.28,10.8,18.4,-0.48,7.6
ablate v2_scheme_matchup,2023,10,Mike Evans,WR,18.42,18.71,26.3,0.29,7.59
ablate v2_scheme_matchup,2023,10,Drake London,WR,14.0,14.19,6.6,0.19,7.59
ablate v2_scheme_matchup,2022,10,Chase Claypool,WR,9.29,9.39,1.8,0.1,7.59
ablate v2_scheme_matchup,2022,16,Keenan Allen,WR,13.71,13.81,21.4,0.1,7.59
ablate v2_scheme_matchup,2023,7,Jaxon Smith-Njigba,WR,8.52,8.71,16.3,0.19,7.59
ablate v2_scheme_matchup,2023,7,Kendrick Bourne,WR,8.71,8.71,16.3,0.0,7.59
ablate v2_scheme_matchup,2024,16,Khalil Shakir,WR,11.6,11.79,4.2,0.19,7.59
ablate v2_scheme_matchup,2023,4,Pat Freiermuth,TE,10.42,11.28,3.7,0.86,7.58
ablate v2_pff_alignment_matchup,2024,8,Chris Olave,WR,11.4,11.12,18.7,-0.28,7.58
ablate v2_scheme_matchup,2023,18,Jaxon Smith-Njigba,WR,11.69,11.98,4.4,0.29,7.58
ablate v2_scheme_matchup,2022,18,David Njoku,TE,6.62,6.62,14.2,0.0,7.58
ablate v2_scheme_matchup,2023,16,Dalton Kincaid,TE,8.52,9.28,1.7,0.76,7.58
ablate v2_pff_alignment_matchup,2022,18,David Njoku,TE,6.62,6.62,14.2,0.0,7.58
ablate v2_scheme_matchup,2024,4,Jameson Williams,WR,8.43,8.43,16.0,0.0,7.57
ablate v2_scheme_matchup,2025,13,Christian Watson,WR,10.44,10.73,18.3,0.29,7.57
ablate v2_pff_alignment_matchup,2024,7,Michael Wilson,WR,10.06,10.06,2.5,0.0,7.56
ablate v2_scheme_matchup,2025,3,Brock Bowers,TE,16.79,17.36,9.8,0.57,7.56
ablate v2_scheme_matchup,2025,15,Alec Pierce,WR,10.35,10.16,2.6,-0.19,7.56
ablate v2_scheme_matchup,2024,7,Michael Wilson,WR,10.06,10.06,2.5,0.0,7.56
ablate v2_scheme_matchup,2025,14,Rashee Rice,WR,14.77,14.96,7.4,0.19,7.56
ablate v2_scheme_matchup,2022,14,Corey Davis,WR,10.25,10.06,2.5,-0.19,7.56
ablate v2_scheme_matchup,2025,16,Hunter Henry,TE,7.86,7.95,15.5,0.09,7.55
ablate v2_scheme_matchup,2022,12,Mike Evans,WR,12.56,12.65,5.1,0.09,7.55
ablate v2_pff_alignment_matchup,2025,3,Jake Ferguson,TE,12.51,13.65,21.2,1.14,7.55
ablate v2_pff_alignment_matchup,2023,18,Mike Evans,WR,12.17,12.75,5.2,0.58,7.55
ablate v2_pff_alignment_matchup,2025,4,Kayshon Boutte,WR,9.67,10.35,2.8,0.68,7.55
ablate v2_scheme_matchup,2025,10,Troy Franklin,WR,7.37,7.46,15.0,0.09,7.54
ablate v2_pff_alignment_matchup,2022,6,DK Metcalf,WR,12.94,12.94,5.4,0.0,7.54
ablate v2_pff_alignment_matchup,2022,8,Gabe Davis,WR,14.48,13.04,5.5,-1.44,7.54
ablate v2_pff_alignment_matchup,2024,6,DK Metcalf,WR,15.54,15.34,7.8,-0.2,7.54
ablate v2_scheme_matchup,2024,11,David Njoku,TE,11.56,11.56,19.1,0.0,7.54
ablate v2_pff_alignment_matchup,2024,11,David Njoku,TE,11.56,11.56,19.1,0.0,7.54
ablate v2_scheme_matchup,2023,17,Tee Higgins,WR,10.54,10.44,2.9,-0.1,7.54
ablate v2_pff_alignment_matchup,2023,18,Jayden Reed,WR,7.18,7.66,15.2,0.48,7.54
ablate v2_scheme_matchup,2023,5,Cole Kmet,TE,8.05,7.67,15.2,-0.38,7.53
ablate v2_scheme_matchup,2024,11,Garrett Wilson,WR,13.71,13.33,5.8,-0.38,7.53
ablate v2_scheme_matchup,2025,3,Rashod Bateman,WR,9.77,9.77,17.3,0.0,7.53
ablate v2_pff_alignment_matchup,2024,15,Tyreek Hill,WR,13.13,13.13,5.6,0.0,7.53
ablate v2_pff_alignment_matchup,2022,17,Pat Freiermuth,TE,14.03,14.13,6.6,0.1,7.53
ablate v2_pff_alignment_matchup,2025,3,Rashod Bateman,WR,9.77,9.77,17.3,0.0,7.53
ablate v2_pff_alignment_matchup,2024,10,Brian Thomas Jr.,WR,10.54,10.73,3.2,0.19,7.53
ablate v2_pff_alignment_matchup,2025,13,Courtland Sutton,WR,9.67,9.67,17.2,0.0,7.53
ablate v2_pff_alignment_matchup,2023,8,T.J. Hockenson,TE,13.56,13.27,20.8,-0.29,7.53
ablate v2_pff_alignment_matchup,2024,9,Darnell Mooney,WR,12.85,12.27,19.8,-0.58,7.53
ablate v2_pff_alignment_matchup,2022,12,Parris Campbell,WR,11.21,10.92,3.4,-0.29,7.52
ablate v2_scheme_matchup,2024,8,Tucker Kraft,TE,9.28,9.28,16.8,0.0,7.52
ablate v2_pff_alignment_matchup,2022,13,Nick Westbrook-Ikhine,WR,8.33,8.91,1.4,0.58,7.51
ablate v2_scheme_matchup,2022,5,A.J. Brown,WR,13.81,13.71,6.2,-0.1,7.51
ablate v2_pff_alignment_matchup,2023,6,Logan Thomas,TE,9.38,8.71,1.2,-0.67,7.51
ablate v2_scheme_matchup,2023,17,Gabe Davis,WR,11.31,11.6,4.1,0.29,7.5
ablate v2_pff_alignment_matchup,2024,9,Zach Ertz,TE,9.09,9.0,1.5,-0.09,7.5
ablate v2_pff_alignment_matchup,2023,6,Keenan Allen,WR,13.52,14.0,21.5,0.48,7.5
ablate v2_scheme_matchup,2022,18,DJ Chark,WR,11.89,11.89,4.4,0.0,7.49
ablate v2_pff_alignment_matchup,2024,6,Darnell Mooney,WR,14.38,14.29,6.8,-0.09,7.49
ablate v2_scheme_matchup,2023,11,Romeo Doubs,WR,9.1,8.81,16.3,-0.29,7.49
ablate v2_scheme_matchup,2024,9,DeVonta Smith,WR,11.12,11.21,18.7,0.09,7.49
ablate v2_pff_alignment_matchup,2024,4,CeeDee Lamb,WR,15.25,16.11,23.6,0.86,7.49
ablate v2_pff_alignment_matchup,2023,11,Romeo Doubs,WR,9.1,8.81,16.3,-0.29,7.49
ablate v2_pff_alignment_matchup,2023,6,Jerry Jeudy,WR,11.6,11.89,4.4,0.29,7.49
ablate v2_pff_alignment_matchup,2024,5,Wan'Dale Robinson,WR,8.04,8.52,16.0,0.48,7.48
ablate v2_scheme_matchup,2025,11,Jonnu Smith,TE,7.19,7.48,0.0,0.29,7.48
ablate v2_pff_alignment_matchup,2025,4,Marvin Harrison Jr.,WR,11.12,11.12,18.6,0.0,7.48
ablate v2_pff_alignment_matchup,2023,4,Michael Pittman,WR,11.79,11.98,4.5,0.19,7.48
ablate v2_scheme_matchup,2025,4,Marvin Harrison Jr.,WR,11.12,11.12,18.6,0.0,7.48
ablate v2_scheme_matchup,2024,3,Chris Olave,WR,13.13,13.13,20.6,0.0,7.47
ablate v2_pff_alignment_matchup,2022,17,George Pickens,WR,13.23,12.37,4.9,-0.86,7.47
ablate v2_scheme_matchup,2022,3,Robbie Chosen,WR,9.87,9.87,2.4,0.0,7.47
ablate v2_pff_alignment_matchup,2022,3,Robbie Chosen,WR,9.87,9.87,2.4,0.0,7.47
ablate v2_pff_alignment_matchup,2022,8,Courtland Sutton,WR,9.58,9.77,2.3,0.19,7.47
ablate v2_scheme_matchup,2022,9,Marquez Valdes-Scantling,WR,9.67,9.67,2.2,0.0,7.47
ablate v2_pff_alignment_matchup,2022,4,Jarvis Landry,WR,11.89,12.17,4.7,0.28,7.47
ablate v2_scheme_matchup,2022,13,DeAndre Carter,WR,9.77,9.87,2.4,0.1,7.47
ablate v2_pff_alignment_matchup,2025,12,Jalen Nailor,WR,6.98,7.46,0.0,0.48,7.46
ablate v2_scheme_matchup,2022,7,Michael Gallup,WR,7.37,7.46,0.0,0.09,7.46
ablate v2_scheme_matchup,2023,5,Jakobi Meyers,WR,12.94,13.04,20.5,0.1,7.46
ablate v2_pff_alignment_matchup,2025,7,Jaylen Waddle,WR,10.06,9.96,2.5,-0.1,7.46
ablate v2_scheme_matchup,2022,5,Dallas Goedert,TE,9.66,10.04,17.5,0.38,7.46
ablate v2_scheme_matchup,2025,3,Puka Nacua,WR,15.54,15.34,22.8,-0.2,7.46
ablate v2_pff_alignment_matchup,2025,4,Garrett Wilson,WR,13.13,12.75,20.2,-0.38,7.45
ablate v2_pff_alignment_matchup,2024,8,DJ Moore,WR,13.04,12.85,5.4,-0.19,7.45
ablate v2_pff_alignment_matchup,2024,4,Rashid Shaheed,WR,9.77,10.25,17.7,0.48,7.45
ablate v2_scheme_matchup,2024,15,Tyreek Hill,WR,13.13,13.04,5.6,-0.09,7.44
ablate v2_scheme_matchup,2024,14,David Njoku,TE,9.76,9.76,17.2,0.0,7.44
ablate v2_scheme_matchup,2023,7,Michael Wilson,WR,13.04,13.04,5.6,0.0,7.44
ablate v2_pff_alignment_matchup,2024,14,David Njoku,TE,9.76,9.76,17.2,0.0,7.44
ablate v2_pff_alignment_matchup,2023,7,Michael Wilson,WR,13.04,13.04,5.6,0.0,7.44
ablate v2_scheme_matchup,2024,13,Quentin Johnston,WR,10.92,10.64,3.2,-0.28,7.44
ablate v2_pff_alignment_matchup,2023,14,Brandin Cooks,WR,12.85,13.13,5.7,0.28,7.43
ablate v2_pff_alignment_matchup,2024,15,Tee Higgins,WR,11.98,12.37,19.8,0.39,7.43
ablate v2_scheme_matchup,2023,18,Darius Slayton,WR,9.77,9.77,17.2,0.0,7.43
ablate v2_scheme_matchup,2025,13,Courtland Sutton,WR,9.67,9.77,17.2,0.1,7.43
ablate v2_pff_alignment_matchup,2025,9,Keenan Allen,WR,14.29,13.52,6.1,-0.77,7.42
ablate v2_pff_alignment_matchup,2022,4,Josh Palmer,WR,10.06,10.92,3.5,0.86,7.42
ablate v2_pff_alignment_matchup,2022,11,Diontae Johnson,WR,12.37,13.62,6.2,1.25,7.42
ablate v2_pff_alignment_matchup,2022,5,A.J. Brown,WR,13.81,13.62,6.2,-0.19,7.42
ablate v2_pff_alignment_matchup,2024,18,Jonnu Smith,TE,10.8,11.18,18.6,0.38,7.42
ablate v2_pff_alignment_matchup,2023,3,Juwan Johnson,TE,10.61,10.61,3.2,0.0,7.41
ablate v2_pff_alignment_matchup,2023,4,Tee Higgins,WR,12.17,11.31,3.9,-0.86,7.41
ablate v2_scheme_matchup,2023,4,Rashid Shaheed,WR,13.33,13.71,6.3,0.38,7.41
ablate v2_scheme_matchup,2025,3,Jameson Williams,WR,13.71,13.71,6.3,0.0,7.41
ablate v2_pff_alignment_matchup,2023,8,Darren Waller,TE,8.14,8.81,1.4,0.67,7.41
ablate v2_scheme_matchup,2023,4,Marquez Valdes-Scantling,WR,9.19,9.0,1.6,-0.19,7.4
ablate v2_pff_alignment_matchup,2023,9,Brandin Cooks,WR,8.91,9.1,1.7,0.19,7.4
ablate v2_scheme_matchup,2023,10,Calvin Ridley,WR,11.31,11.4,4.0,0.09,7.4
ablate v2_scheme_matchup,2025,16,Travis Kelce,TE,9.38,9.0,1.6,-0.38,7.4
ablate v2_pff_alignment_matchup,2025,10,Jordan Addison,WR,13.52,13.9,6.5,0.38,7.4
ablate v2_pff_alignment_matchup,2023,14,CeeDee Lamb,WR,26.3,26.49,19.1,0.19,7.39
ablate v2_scheme_matchup,2025,6,Jameson Williams,WR,11.21,11.21,18.6,0.0,7.39
ablate v2_pff_alignment_matchup,2025,8,Michael Pittman,WR,16.59,16.11,23.5,-0.48,7.39
ablate v2_scheme_matchup,2025,16,Oronde Gadsden II,TE,9.09,9.09,1.7,0.0,7.39
ablate v2_pff_alignment_matchup,2023,7,Tyler Higbee,TE,7.57,9.09,1.7,1.52,7.39
ablate v2_pff_alignment_matchup,2023,7,Tyreek Hill,WR,18.13,18.42,25.8,0.29,7.38
ablate v2_pff_alignment_matchup,2025,11,Jonnu Smith,TE,7.19,7.38,0.0,0.19,7.38
ablate v2_scheme_matchup,2023,11,T.J. Hockenson,TE,15.93,16.88,9.5,0.95,7.38
ablate v2_pff_alignment_matchup,2022,12,Mike Gesicki,TE,7.76,7.38,0.0,-0.38,7.38
ablate v2_scheme_matchup,2022,4,Corey Davis,WR,10.92,11.02,18.4,0.1,7.38
ablate v2_scheme_matchup,2022,3,Stefon Diggs,WR,22.17,21.78,14.4,-0.39,7.38
ablate v2_pff_alignment_matchup,2024,3,Tyreek Hill,WR,13.13,14.38,7.0,1.25,7.38
ablate v2_scheme_matchup,2022,9,T.J. Hockenson,TE,8.62,8.62,16.0,0.0,7.38
ablate v2_pff_alignment_matchup,2023,3,Calvin Ridley,WR,15.06,14.38,7.0,-0.68,7.38
ablate v2_scheme_matchup,2023,8,Blake Bell,TE,6.91,7.38,0.0,0.47,7.38
ablate v2_scheme_matchup,2025,12,Mark Andrews,TE,9.47,9.47,2.1,0.0,7.37
ablate v2_scheme_matchup,2024,9,Michael Pittman,WR,9.87,9.77,2.4,-0.1,7.37
ablate v2_scheme_matchup,2023,12,Sam LaPorta,TE,10.71,10.33,17.7,-0.38,7.37
ablate v2_pff_alignment_matchup,2024,4,Keenan Allen,WR,12.75,12.27,4.9,-0.48,7.37
ablate v2_pff_alignment_matchup,2025,12,Mark Andrews,TE,9.47,9.47,2.1,0.0,7.37
ablate v2_pff_alignment_matchup,2025,9,DK Metcalf,WR,9.87,9.96,2.6,0.09,7.36
ablate v2_pff_alignment_matchup,2024,13,Sam LaPorta,TE,8.9,8.24,15.6,-0.66,7.36
ablate v2_scheme_matchup,2023,18,Dalton Kincaid,TE,7.57,8.05,15.4,0.48,7.35
ablate v2_scheme_matchup,2023,6,DeAndre Hopkins,WR,10.35,10.35,3.0,0.0,7.35
ablate v2_scheme_matchup,2022,6,DK Metcalf,WR,12.94,12.75,5.4,-0.19,7.35
ablate v2_scheme_matchup,2024,14,Cooper Kupp,WR,12.94,12.85,20.2,-0.09,7.35
ablate v2_scheme_matchup,2024,18,Malik Nabers,WR,10.16,10.06,17.4,-0.1,7.34
ablate v2_scheme_matchup,2022,10,Jaylen Waddle,WR,17.75,17.94,10.6,0.19,7.34
ablate v2_scheme_matchup,2024,11,Travis Kelce,TE,10.14,10.14,2.8,0.0,7.34
ablate v2_scheme_matchup,2022,17,Robert Woods,WR,7.66,7.56,14.9,-0.1,7.34
ablate v2_scheme_matchup,2024,10,Brian Thomas Jr.,WR,10.54,10.54,3.2,0.0,7.34
ablate v2_scheme_matchup,2023,18,Adam Thielen,WR,10.73,10.54,3.2,-0.19,7.34
ablate v2_pff_alignment_matchup,2022,9,Tyreek Hill,WR,20.15,19.96,27.3,-0.19,7.34
ablate v2_pff_alignment_matchup,2024,8,Tucker Kraft,TE,9.28,9.47,16.8,0.19,7.33
ablate v2_scheme_matchup,2025,10,Drake London,WR,17.27,17.07,24.4,-0.2,7.33
ablate v2_pff_alignment_matchup,2025,13,Rashee Rice,WR,23.03,22.07,29.4,-0.96,7.33
ablate v2_pff_alignment_matchup,2025,5,Jerry Jeudy,WR,10.83,10.83,3.5,0.0,7.33
ablate v2_scheme_matchup,2025,5,Jerry Jeudy,WR,10.83,10.83,3.5,0.0,7.33
ablate v2_pff_alignment_matchup,2023,13,Keenan Allen,WR,17.27,18.13,10.8,0.86,7.33
ablate v2_scheme_matchup,2025,15,Davante Adams,WR,17.94,18.42,11.1,0.48,7.32
ablate v2_pff_alignment_matchup,2025,4,David Njoku,TE,10.42,10.42,3.1,0.0,7.32
ablate v2_scheme_matchup,2025,4,David Njoku,TE,10.42,10.42,3.1,0.0,7.32
ablate v2_scheme_matchup,2024,8,Amari Cooper,WR,8.91,8.62,1.3,-0.29,7.32
ablate v2_scheme_matchup,2023,12,Jaylen Waddle,WR,12.08,12.08,19.4,0.0,7.32
ablate v2_scheme_matchup,2024,16,Calvin Ridley,WR,9.58,9.48,16.8,-0.1,7.32
ablate v2_pff_alignment_matchup,2025,8,Kayshon Boutte,WR,9.58,9.19,16.5,-0.39,7.31
ablate v2_pff_alignment_matchup,2024,16,Jalen McMillan,WR,9.48,9.39,16.7,-0.09,7.31
ablate v2_pff_alignment_matchup,2023,6,Tutu Atwell,WR,12.17,11.31,4.0,-0.86,7.31
ablate v2_pff_alignment_matchup,2022,8,Terry McLaurin,WR,9.39,9.29,16.6,-0.1,7.31
ablate v2_pff_alignment_matchup,2023,18,Dallas Goedert,TE,8.14,8.71,1.4,0.57,7.31
ablate v2_scheme_matchup,2024,8,Chris Olave,WR,11.4,11.4,18.7,0.0,7.3
ablate v2_scheme_matchup,2025,3,Juwan Johnson,TE,18.78,18.4,11.1,-0.38,7.3
ablate v2_pff_alignment_matchup,2022,17,Christian Kirk,WR,10.06,11.4,4.1,1.34,7.3
ablate v2_pff_alignment_matchup,2023,11,K.J. Osborn,WR,9.77,9.0,1.7,-0.77,7.3
ablate v2_scheme_matchup,2025,18,Chris Godwin Jr.,WR,9.1,9.1,1.8,0.0,7.3
ablate v2_pff_alignment_matchup,2025,13,Chimere Dike,WR,8.14,9.19,1.9,1.05,7.29
ablate v2_scheme_matchup,2024,13,Kyle Pitts,TE,7.29,7.29,0.0,0.0,7.29
ablate v2_pff_alignment_matchup,2022,7,Diontae Johnson,WR,16.31,16.79,9.5,0.48,7.29
ablate v2_pff_alignment_matchup,2025,17,Trey McBride,TE,16.31,16.31,23.6,0.0,7.29
ablate v2_pff_alignment_matchup,2022,9,T.J. Hockenson,TE,8.62,8.71,16.0,0.09,7.29
ablate v2_scheme_matchup,2023,6,Jerry Jeudy,WR,11.6,11.69,4.4,0.09,7.29
ablate v2_scheme_matchup,2025,17,Trey McBride,TE,16.31,16.31,23.6,0.0,7.29
ablate v2_pff_alignment_matchup,2025,14,Mark Andrews,TE,9.19,9.19,1.9,0.0,7.29
ablate v2_scheme_matchup,2025,14,Mark Andrews,TE,9.19,9.19,1.9,0.0,7.29
ablate v2_scheme_matchup,2025,3,DeAndre Hopkins,WR,9.58,9.58,2.3,0.0,7.28
ablate v2_pff_alignment_matchup,2025,3,DeAndre Hopkins,WR,9.58,9.58,2.3,0.0,7.28
ablate v2_scheme_matchup,2022,8,Courtland Sutton,WR,9.58,9.58,2.3,0.0,7.28
ablate v2_scheme_matchup,2025,18,Justin Jefferson,WR,11.12,11.12,18.4,0.0,7.28
ablate v2_pff_alignment_matchup,2025,14,Rashee Rice,WR,14.77,14.67,7.4,-0.1,7.27
ablate v2_pff_alignment_matchup,2022,14,Corey Davis,WR,10.25,9.77,2.5,-0.48,7.27
ablate v2_scheme_matchup,2025,9,DK Metcalf,WR,9.87,9.87,2.6,0.0,7.27
ablate v2_pff_alignment_matchup,2024,12,Darius Slayton,WR,6.98,7.27,0.0,0.29,7.27
ablate v2_scheme_matchup,2025,7,Jaylen Waddle,WR,10.06,9.77,2.5,-0.29,7.27
ablate v2_pff_alignment_matchup,2023,18,Dalton Kincaid,TE,7.57,8.14,15.4,0.57,7.26
ablate v2_pff_alignment_matchup,2023,5,Puka Nacua,WR,27.84,27.36,20.1,-0.48,7.26
ablate v2_pff_alignment_matchup,2024,7,Diontae Johnson,WR,9.96,9.96,2.7,0.0,7.26
ablate v2_scheme_matchup,2024,7,Diontae Johnson,WR,9.96,9.96,2.7,0.0,7.26
ablate v2_scheme_matchup,2023,16,Stefon Diggs,WR,15.83,15.15,7.9,-0.68,7.25
ablate v2_pff_alignment_matchup,2022,10,Foster Moreau,TE,6.43,6.05,13.3,-0.38,7.25
ablate v2_scheme_matchup,2023,5,Josh Reynolds,WR,10.16,10.35,17.6,0.19,7.25
ablate v2_pff_alignment_matchup,2022,15,Parris Campbell,WR,10.06,10.54,3.3,0.48,7.24
ablate v2_pff_alignment_matchup,2023,16,Sam LaPorta,TE,11.56,12.04,4.8,0.48,7.24
ablate v2_scheme_matchup,2022,17,Pat Freiermuth,TE,14.03,13.84,6.6,-0.19,7.24
ablate v2_pff_alignment_matchup,2024,15,DK Metcalf,WR,12.17,13.04,5.8,0.87,7.24
ablate v2_pff_alignment_matchup,2023,18,Darius Slayton,WR,9.77,9.96,17.2,0.19,7.24
ablate v2_pff_alignment_matchup,2025,10,Drake London,WR,17.27,17.17,24.4,-0.1,7.23
ablate v2_pff_alignment_matchup,2025,7,Jordan Addison,WR,14.86,14.58,21.8,-0.28,7.22
ablate v2_scheme_matchup,2023,9,Brandin Cooks,WR,8.91,8.91,1.7,0.0,7.21
ablate v2_pff_alignment_matchup,2022,16,Keenan Allen,WR,13.71,14.19,21.4,0.48,7.21
ablate v2_pff_alignment_matchup,2022,6,Russell Gage,WR,11.5,11.21,4.0,-0.29,7.21
ablate v2_pff_alignment_matchup,2023,10,Calvin Ridley,WR,11.31,11.21,4.0,-0.1,7.21
ablate v2_scheme_matchup,2022,12,Corey Davis,WR,9.1,9.1,1.9,0.0,7.2
ablate v2_pff_alignment_matchup,2023,4,Allen Robinson,WR,9.0,9.0,1.8,0.0,7.2
ablate v2_pff_alignment_matchup,2022,8,Romeo Doubs,WR,9.29,9.0,16.2,-0.29,7.2
ablate v2_pff_alignment_matchup,2022,10,Chase Claypool,WR,9.29,9.0,1.8,-0.29,7.2
ablate v2_pff_alignment_matchup,2024,3,Demarcus Robinson,WR,10.83,11.4,4.2,0.57,7.2
ablate v2_pff_alignment_matchup,2022,12,Corey Davis,WR,9.1,9.1,1.9,0.0,7.2
ablate v2_pff_alignment_matchup,2022,9,Marquez Valdes-Scantling,WR,9.67,9.39,2.2,-0.28,7.19
ablate v2_pff_alignment_matchup,2023,16,Dalton Schultz,TE,6.91,6.91,14.1,0.0,7.19
ablate v2_scheme_matchup,2023,4,Michael Pittman,WR,11.79,11.69,4.5,-0.1,7.19
ablate v2_scheme_matchup,2025,9,Romeo Doubs,WR,9.1,8.91,16.1,-0.19,7.19
ablate v2_pff_alignment_matchup,2025,15,Tetairoa McMillan,WR,12.27,11.69,4.5,-0.58,7.19
ablate v2_scheme_matchup,2023,13,Cade Otton,TE,7.19,7.19,0.0,0.0,7.19
ablate v2_pff_alignment_matchup,2024,15,Ja'Tavion Sanders,TE,7.0,7.19,0.0,0.19,7.19
ablate v2_pff_alignment_matchup,2023,6,Tyler Higbee,TE,10.33,10.99,3.8,0.66,7.19
ablate v2_pff_alignment_matchup,2022,18,Elijah Moore,WR,9.1,9.29,2.1,0.19,7.19
ablate v2_pff_alignment_matchup,2024,11,Darnell Mooney,WR,11.31,11.89,4.7,0.58,7.19
ablate v2_pff_alignment_matchup,2022,17,Chris Godwin Jr.,WR,14.0,13.81,21.0,-0.19,7.19
ablate v2_scheme_matchup,2023,16,Dalton Schultz,TE,6.91,6.91,14.1,0.0,7.19
ablate v2_scheme_matchup,2024,18,Davante Adams,WR,13.62,13.62,20.8,0.0,7.18
ablate v2_pff_alignment_matchup,2023,7,T.J. Hockenson,TE,11.75,12.42,19.6,0.67,7.18
ablate v2_scheme_matchup,2024,6,Trey McBride,TE,10.42,10.42,17.6,0.0,7.18
ablate v2_pff_alignment_matchup,2023,13,Michael Gallup,WR,7.27,7.18,0.0,-0.09,7.18
ablate v2_pff_alignment_matchup,2024,6,Trey McBride,TE,10.42,10.42,17.6,0.0,7.18
ablate v2_scheme_matchup,2024,16,Hunter Henry,TE,7.0,6.72,13.9,-0.28,7.18
ablate v2_pff_alignment_matchup,2023,15,Tyler Lockett,WR,12.17,12.27,5.1,0.1,7.17
ablate v2_pff_alignment_matchup,2024,9,Brock Bowers,TE,7.95,8.33,15.5,0.38,7.17
ablate v2_scheme_matchup,2023,18,Mike Evans,WR,12.17,12.37,5.2,0.2,7.17
ablate v2_scheme_matchup,2022,3,Tyler Boyd,WR,13.13,13.33,20.5,0.2,7.17
ablate v2_scheme_matchup,2022,3,Logan Thomas,TE,9.66,9.66,2.5,0.0,7.16
ablate v2_scheme_matchup,2022,9,Tyreek Hill,WR,20.15,20.15,27.3,0.0,7.15
ablate v2_scheme_matchup,2023,14,Brandin Cooks,WR,12.85,12.85,5.7,0.0,7.15
ablate v2_pff_alignment_matchup,2024,13,Quentin Johnston,WR,10.92,10.35,3.2,-0.57,7.15
ablate v2_scheme_matchup,2024,12,Sam LaPorta,TE,11.18,12.04,4.9,0.86,7.14
ablate v2_scheme_matchup,2023,15,Jayden Reed,WR,10.16,10.06,17.2,-0.1,7.14
ablate v2_pff_alignment_matchup,2025,7,Drake London,WR,15.06,15.34,8.2,0.28,7.14
ablate v2_scheme_matchup,2024,10,Demarcus Robinson,WR,10.35,10.44,3.3,0.09,7.14
ablate v2_pff_alignment_matchup,2023,7,Courtland Sutton,WR,11.98,12.46,19.6,0.48,7.14
ablate v2_pff_alignment_matchup,2025,8,Kyle Pitts,TE,8.9,7.76,14.9,-1.14,7.14
ablate v2_pff_alignment_matchup,2025,17,Puka Nacua,WR,24.09,22.84,15.7,-1.25,7.14
ablate v2_scheme_matchup,2024,8,Amon-Ra St. Brown,WR,16.59,15.83,8.7,-0.76,7.13
ablate v2_scheme_matchup,2023,3,Brandin Cooks,WR,10.54,10.83,3.7,0.29,7.13
ablate v2_scheme_matchup,2024,9,Zach Ertz,TE,9.09,8.62,1.5,-0.47,7.12
ablate v2_pff_alignment_matchup,2025,3,Jameson Williams,WR,13.71,13.42,6.3,-0.29,7.12
ablate v2_scheme_matchup,2025,17,Chig Okonkwo,TE,7.38,7.38,14.5,0.0,7.12
ablate v2_scheme_matchup,2024,16,Jalen McMillan,WR,9.48,9.58,16.7,0.1,7.12
ablate v2_scheme_matchup,2024,16,Jaxon Smith-Njigba,WR,17.17,16.88,24.0,-0.29,7.12
ablate v2_pff_alignment_matchup,2023,7,Michael Pittman,WR,9.58,9.19,16.3,-0.39,7.11
ablate v2_scheme_matchup,2024,10,Tutu Atwell,WR,8.62,8.71,1.6,0.09,7.11
ablate v2_scheme_matchup,2022,18,Darren Waller,TE,10.9,12.61,5.5,1.71,7.11
ablate v2_scheme_matchup,2022,18,Terry McLaurin,WR,9.67,9.29,16.4,-0.38,7.11
ablate v2_scheme_matchup,2025,14,Davante Adams,WR,14.0,14.0,6.9,0.0,7.1
ablate v2_scheme_matchup,2023,9,Tyler Higbee,TE,7.48,7.1,0.0,-0.38,7.1
ablate v2_scheme_matchup,2022,14,Josh Reynolds,WR,9.19,9.0,16.1,-0.19,7.1
ablate v2_pff_alignment_matchup,2025,11,Jake Tonges,TE,7.29,7.1,0.0,-0.19,7.1
ablate v2_scheme_matchup,2022,14,Keenan Allen,WR,13.9,14.1,21.2,0.2,7.1
ablate v2_scheme_matchup,2024,12,Terry McLaurin,WR,13.52,14.1,21.2,0.58,7.1
ablate v2_pff_alignment_matchup,2023,5,Nick Westbrook-Ikhine,WR,8.71,9.0,1.9,0.29,7.1
ablate v2_pff_alignment_matchup,2022,14,Keenan Allen,WR,13.9,14.1,21.2,0.2,7.1
ablate v2_scheme_matchup,2022,15,DJ Moore,WR,11.31,11.21,18.3,-0.1,7.09
ablate v2_scheme_matchup,2022,5,Mike Williams,WR,16.11,16.31,23.4,0.2,7.09
ablate v2_pff_alignment_matchup,2023,12,Chris Olave,WR,10.73,11.31,18.4,0.58,7.09
ablate v2_pff_alignment_matchup,2022,15,DJ Moore,WR,11.31,11.21,18.3,-0.1,7.09
ablate v2_scheme_matchup,2025,3,T.J. Hockenson,TE,8.24,8.81,15.9,0.57,7.09
ablate v2_pff_alignment_matchup,2024,18,Davante Adams,WR,13.62,13.71,20.8,0.09,7.09
ablate v2_pff_alignment_matchup,2025,15,Ja'Marr Chase,WR,15.25,16.11,23.2,0.86,7.09
ablate v2_scheme_matchup,2023,13,Michael Gallup,WR,7.27,7.08,0.0,-0.19,7.08
ablate v2_scheme_matchup,2025,16,Courtland Sutton,WR,13.9,13.52,20.6,-0.38,7.08
ablate v2_pff_alignment_matchup,2024,11,Mark Andrews,TE,11.28,11.28,4.2,0.0,7.08
ablate v2_scheme_matchup,2025,8,Andrei Iosivas,WR,6.98,7.08,0.0,0.1,7.08
ablate v2_scheme_matchup,2023,12,Michael Pittman,WR,13.71,13.62,20.7,-0.09,7.08
ablate v2_pff_alignment_matchup,2023,5,Jakobi Meyers,WR,12.94,13.42,20.5,0.48,7.08
ablate v2_scheme_matchup,2024,11,Mark Andrews,TE,11.28,11.28,4.2,0.0,7.08
ablate v2_scheme_matchup,2023,11,Mark Andrews,TE,11.37,11.37,4.3,0.0,7.07
ablate v2_pff_alignment_matchup,2023,4,Tyreek Hill,WR,17.84,17.27,10.2,-0.57,7.07
ablate v2_pff_alignment_matchup,2025,16,Hunter Henry,TE,7.86,8.43,15.5,0.57,7.07
ablate v2_scheme_matchup,2023,8,Chris Godwin Jr.,WR,10.64,10.73,17.8,0.09,7.07
ablate v2_scheme_matchup,2024,15,Keenan Allen,WR,13.52,13.13,20.2,-0.39,7.07
ablate v2_scheme_matchup,2025,4,Garrett Wilson,WR,13.13,13.13,20.2,0.0,7.07
ablate v2_pff_alignment_matchup,2022,12,Mike Evans,WR,12.56,12.17,5.1,-0.39,7.07
ablate v2_scheme_matchup,2024,15,Quentin Johnston,WR,8.52,8.43,15.5,-0.09,7.07
ablate v2_pff_alignment_matchup,2023,11,Mark Andrews,TE,11.37,11.37,4.3,0.0,7.07
ablate v2_scheme_matchup,2024,17,Puka Nacua,WR,16.11,15.83,22.9,-0.28,7.07
ablate v2_scheme_matchup,2022,10,Tyreek Hill,WR,22.17,22.46,15.4,0.29,7.06
ablate v2_pff_alignment_matchup,2022,18,JuJu Smith-Schuster,WR,12.85,12.56,5.5,-0.29,7.06
ablate v2_pff_alignment_matchup,2024,11,Jordan Addison,WR,7.75,8.04,15.1,0.29,7.06
ablate v2_pff_alignment_matchup,2024,7,Xavier Legette,WR,10.44,9.96,2.9,-0.48,7.06
ablate v2_pff_alignment_matchup,2023,16,Stefon Diggs,WR,15.83,14.96,7.9,-0.87,7.06
ablate v2_scheme_matchup,2024,5,Chris Olave,WR,10.54,10.06,3.0,-0.48,7.06
ablate v2_scheme_matchup,2023,17,Jordan Addison,WR,12.75,12.85,5.8,0.1,7.05
ablate v2_pff_alignment_matchup,2024,18,Marvin Harrison Jr.,WR,10.25,10.25,17.3,0.0,7.05
ablate v2_scheme_matchup,2024,18,Marvin Harrison Jr.,WR,10.25,10.25,17.3,0.0,7.05
ablate v2_scheme_matchup,2025,7,Dallas Goedert,TE,12.23,11.85,4.8,-0.38,7.05
ablate v2_scheme_matchup,2024,13,CeeDee Lamb,WR,12.46,12.94,5.9,0.48,7.04
ablate v2_pff_alignment_matchup,2023,7,Dallas Goedert,TE,10.61,11.66,18.7,1.05,7.04
ablate v2_pff_alignment_matchup,2022,16,Josh Palmer,WR,11.12,10.64,3.6,-0.48,7.04
ablate v2_scheme_matchup,2023,17,Brandin Cooks,WR,9.87,9.96,17.0,0.09,7.04
ablate v2_scheme_matchup,2022,9,Mike Gesicki,TE,8.05,8.33,1.3,0.28,7.03
ablate v2_pff_alignment_matchup,2024,17,Sam LaPorta,TE,11.28,11.37,18.4,0.09,7.03
ablate v2_scheme_matchup,2024,3,CeeDee Lamb,WR,15.73,15.73,8.7,0.0,7.03
ablate v2_pff_alignment_matchup,2025,4,Keenan Allen,WR,15.25,15.73,8.7,0.48,7.03
ablate v2_pff_alignment_matchup,2022,18,K.J. Osborn,WR,10.16,9.67,16.7,-0.49,7.03
ablate v2_scheme_matchup,2022,8,Terry McLaurin,WR,9.39,9.58,16.6,0.19,7.02
ablate v2_scheme_matchup,2025,10,Jordan Addison,WR,13.52,13.52,6.5,0.0,7.02
ablate v2_scheme_matchup,2023,3,Donald Parham,TE,7.48,7.38,14.4,-0.1,7.02
ablate v2_pff_alignment_matchup,2022,16,Noah Brown,WR,8.23,8.52,1.5,0.29,7.02
ablate v2_pff_alignment_matchup,2025,4,Courtland Sutton,WR,12.56,12.08,19.1,-0.48,7.02
ablate v2_pff_alignment_matchup,2024,5,Dontayvion Wicks,WR,12.08,11.02,4.0,-1.06,7.02
ablate v2_pff_alignment_matchup,2024,4,George Pickens,WR,9.96,9.29,16.3,-0.67,7.01
ablate v2_pff_alignment_matchup,2023,4,Justin Jefferson,WR,32.45,33.51,26.5,1.06,7.01
ablate v2_scheme_matchup,2025,15,Jauan Jennings,WR,11.98,11.69,18.7,-0.29,7.01
ablate v2_scheme_matchup,2023,14,CeeDee Lamb,WR,26.3,26.11,19.1,-0.19,7.01
ablate v2_scheme_matchup,2025,15,Jake Ferguson,TE,10.8,10.61,3.6,-0.19,7.01
ablate v2_scheme_matchup,2022,8,Romeo Doubs,WR,9.29,9.19,16.2,-0.1,7.01
ablate v2_scheme_matchup,2024,3,Demarcus Robinson,WR,10.83,11.21,4.2,0.38,7.01
ablate v2_scheme_matchup,2023,9,Dalton Kincaid,TE,8.33,9.09,16.1,0.76,7.01
ablate v2_scheme_matchup,2025,8,Michael Pittman,WR,16.59,16.5,23.5,-0.09,7.0
ablate v2_pff_alignment_matchup,2025,4,Jakobi Meyers,WR,14.0,14.0,7.0,0.0,7.0
ablate v2_pff_alignment_matchup,2022,4,Russell Gage,WR,11.31,11.4,4.4,0.09,7.0
ablate v2_pff_alignment_matchup,2023,9,Tyler Higbee,TE,7.48,7.0,0.0,-0.48,7.0
ablate v2_pff_alignment_matchup,2022,14,Josh Reynolds,WR,9.19,9.1,16.1,-0.09,7.0
ablate v2_scheme_matchup,2022,7,Diontae Johnson,WR,16.31,16.5,9.5,0.19,7.0
ablate v2_scheme_matchup,2024,16,Amari Cooper,WR,8.91,9.0,2.0,0.09,7.0
ablate v2_scheme_matchup,2025,11,Jake Tonges,TE,7.29,7.0,0.0,-0.29,7.0
ablate v2_scheme_matchup,2022,4,Jarvis Landry,WR,11.89,11.69,4.7,-0.2,6.99
ablate v2_scheme_matchup,2022,5,Mike Evans,WR,19.09,19.09,12.1,0.0,6.99
ablate v2_scheme_matchup,2024,12,Darius Slayton,WR,6.98,6.98,0.0,0.0,6.98
ablate v2_scheme_matchup,2024,3,Stefon Diggs,WR,12.94,12.94,19.92,0.0,6.98
ablate v2_pff_alignment_matchup,2024,3,Stefon Diggs,WR,12.94,12.94,19.92,0.0,6.98
ablate v2_scheme_matchup,2023,15,Tyler Lockett,WR,12.17,12.08,5.1,-0.09,6.98
ablate v2_pff_alignment_matchup,2022,9,Gabe Davis,WR,10.54,12.27,5.3,1.73,6.97
ablate v2_pff_alignment_matchup,2023,11,Christian Kirk,WR,15.15,14.77,7.8,-0.38,6.97
ablate v2_pff_alignment_matchup,2024,8,Tutu Atwell,WR,9.67,9.77,2.8,0.1,6.97
ablate v2_pff_alignment_matchup,2025,3,Troy Franklin,WR,9.29,9.77,2.8,0.48,6.97
ablate v2_scheme_matchup,2025,9,Josh Downs,WR,10.83,10.73,17.7,-0.1,6.97
ablate v2_scheme_matchup,2022,14,Davante Adams,WR,17.27,17.07,10.1,-0.2,6.97
ablate v2_pff_alignment_matchup,2024,7,Amon-Ra St. Brown,WR,17.36,18.23,25.2,0.87,6.97
ablate v2_pff_alignment_matchup,2024,18,Malik Nabers,WR,10.16,10.44,17.4,0.28,6.96
ablate v2_scheme_matchup,2022,16,Christian Kirk,WR,12.65,12.56,5.6,-0.09,6.96
ablate v2_scheme_matchup,2023,8,Garrett Wilson,WR,10.64,10.64,17.6,0.0,6.96
ablate v2_scheme_matchup,2022,10,Foster Moreau,TE,6.43,6.34,13.3,-0.09,6.96
ablate v2_pff_alignment_matchup,2024,7,Romeo Doubs,WR,10.35,10.44,17.4,0.09,6.96
ablate v2_scheme_matchup,2024,9,Darnell Mooney,WR,12.85,12.85,19.8,0.0,6.95
ablate v2_pff_alignment_matchup,2022,17,Robert Woods,WR,7.66,7.95,14.9,0.29,6.95
ablate v2_pff_alignment_matchup,2024,11,Garrett Wilson,WR,13.71,12.75,5.8,-0.96,6.95
ablate v2_pff_alignment_matchup,2023,17,Brandin Cooks,WR,9.87,10.06,17.0,0.19,6.94
ablate v2_pff_alignment_matchup,2024,13,Isaiah Likely,TE,7.86,7.86,14.8,0.0,6.94
ablate v2_scheme_matchup,2025,7,Jordan Addison,WR,14.86,14.86,21.8,0.0,6.94
ablate v2_pff_alignment_matchup,2025,12,Kayshon Boutte,WR,10.35,10.44,3.5,0.09,6.94
ablate v2_scheme_matchup,2023,12,Dalton Schultz,TE,8.14,8.14,1.2,0.0,6.94
ablate v2_pff_alignment_matchup,2023,8,Jake Ferguson,TE,7.29,7.76,14.7,0.47,6.94
ablate v2_scheme_matchup,2024,13,Isaiah Likely,TE,7.86,7.86,14.8,0.0,6.94
ablate v2_scheme_matchup,2023,17,Justin Jefferson,WR,17.75,17.84,10.9,0.09,6.94
ablate v2_pff_alignment_matchup,2023,12,Dalton Schultz,TE,8.14,8.14,1.2,0.0,6.94
ablate v2_pff_alignment_matchup,2024,6,Elijah Moore,WR,8.23,8.23,1.3,0.0,6.93
ablate v2_scheme_matchup,2025,18,Jake Ferguson,TE,9.19,8.43,1.5,-0.76,6.93
ablate v2_scheme_matchup,2022,17,Josh Reynolds,WR,8.43,8.43,1.5,0.0,6.93
ablate v2_scheme_matchup,2022,13,Nick Westbrook-Ikhine,WR,8.33,8.33,1.4,0.0,6.93
ablate v2_pff_alignment_matchup,2022,17,Josh Reynolds,WR,8.43,8.43,1.5,0.0,6.93
ablate v2_scheme_matchup,2024,6,Elijah Moore,WR,8.23,8.23,1.3,0.0,6.93
ablate v2_scheme_matchup,2024,10,Diontae Johnson,WR,8.52,8.52,1.6,0.0,6.92
ablate v2_scheme_matchup,2025,15,Ladd McConkey,WR,10.73,10.92,4.0,0.19,6.92
ablate v2_pff_alignment_matchup,2023,7,Blake Bell,TE,6.34,6.62,-0.3,0.28,6.92
ablate v2_scheme_matchup,2025,8,Kayshon Boutte,WR,9.58,9.58,16.5,0.0,6.92
ablate v2_pff_alignment_matchup,2024,10,Diontae Johnson,WR,8.52,8.52,1.6,0.0,6.92
ablate v2_scheme_matchup,2024,5,Tommy Tremble,TE,6.62,6.62,-0.3,0.0,6.92
ablate v2_pff_alignment_matchup,2022,15,Allen Lazard,WR,8.52,8.62,1.7,0.1,6.92
ablate v2_pff_alignment_matchup,2024,10,Tutu Atwell,WR,8.62,8.52,1.6,-0.1,6.92
ablate v2_scheme_matchup,2022,15,Allen Lazard,WR,8.52,8.62,1.7,0.1,6.92
ablate v2_pff_alignment_matchup,2022,7,Drake London,WR,8.04,8.81,1.9,0.77,6.91
ablate v2_pff_alignment_matchup,2025,18,Chris Godwin Jr.,WR,9.1,8.71,1.8,-0.39,6.91
ablate v2_scheme_matchup,2025,10,Amon-Ra St. Brown,WR,23.71,23.71,16.8,0.0,6.91
ablate v2_pff_alignment_matchup,2023,13,Juwan Johnson,TE,6.53,6.91,0.0,0.38,6.91
ablate v2_pff_alignment_matchup,2023,13,Cade Otton,TE,7.19,6.91,0.0,-0.28,6.91
ablate v2_pff_alignment_matchup,2025,18,Ja'Marr Chase,WR,16.5,16.69,23.6,0.19,6.91
ablate v2_scheme_matchup,2022,15,Tyler Conklin,TE,8.43,8.81,1.9,0.38,6.91
ablate v2_scheme_matchup,2025,10,Tyler Warren,TE,12.13,10.99,17.9,-1.14,6.91
ablate v2_scheme_matchup,2023,4,Allen Robinson,WR,9.0,8.71,1.8,-0.29,6.91
ablate v2_pff_alignment_matchup,2024,7,Isaiah Likely,TE,10.61,10.61,3.7,0.0,6.91
ablate v2_scheme_matchup,2024,7,Isaiah Likely,TE,10.61,10.61,3.7,0.0,6.91
ablate v2_pff_alignment_matchup,2022,4,Corey Davis,WR,10.92,11.5,18.4,0.58,6.9
ablate v2_scheme_matchup,2022,18,Elijah Moore,WR,9.1,9.0,2.1,-0.1,6.9
ablate v2_scheme_matchup,2022,17,Chris Godwin Jr.,WR,14.0,14.1,21.0,0.1,6.9
ablate v2_scheme_matchup,2025,4,Jakobi Meyers,WR,14.0,13.9,7.0,-0.1,6.9
ablate v2_scheme_matchup,2023,13,Logan Thomas,TE,7.86,8.9,2.0,1.04,6.9
ablate v2_scheme_matchup,2022,13,Adam Thielen,WR,11.6,11.6,4.7,0.0,6.9
ablate v2_scheme_matchup,2023,8,Chris Olave,WR,17.27,16.5,9.6,-0.77,6.9
ablate v2_scheme_matchup,2024,8,Alec Pierce,WR,8.91,9.0,2.1,0.09,6.9
ablate v2_pff_alignment_matchup,2022,16,Garrett Wilson,WR,11.79,11.89,5.0,0.1,6.89
ablate v2_scheme_matchup,2025,12,Jalen Nailor,WR,6.98,6.89,0.0,-0.09,6.89
ablate v2_scheme_matchup,2023,8,Jonnu Smith,TE,8.9,9.19,2.3,0.29,6.89
ablate v2_scheme_matchup,2024,16,Christian Watson,WR,9.1,9.19,2.3,0.09,6.89
ablate v2_pff_alignment_matchup,2022,10,Alec Pierce,WR,6.6,6.89,0.0,0.29,6.89
ablate v2_pff_alignment_matchup,2022,3,Kyle Pitts,TE,6.91,6.81,13.7,-0.1,6.89
ablate v2_pff_alignment_matchup,2024,4,Terry McLaurin,WR,11.21,11.31,18.2,0.1,6.89
ablate v2_scheme_matchup,2024,10,Jordan Addison,WR,11.89,11.79,4.9,-0.1,6.89
ablate v2_pff_alignment_matchup,2023,4,Travis Kelce,TE,18.69,18.88,12.0,0.19,6.88
ablate v2_pff_alignment_matchup,2024,17,Puka Nacua,WR,16.11,16.02,22.9,-0.09,6.88
ablate v2_pff_alignment_matchup,2022,14,Davante Adams,WR,17.27,16.98,10.1,-0.29,6.88
ablate v2_pff_alignment_matchup,2025,4,Kendrick Bourne,WR,9.39,9.58,2.7,0.19,6.88
ablate v2_scheme_matchup,2023,10,Curtis Samuel,WR,9.67,9.48,2.6,-0.19,6.88
ablate v2_pff_alignment_matchup,2023,9,Tyreek Hill,WR,18.32,19.38,12.5,1.06,6.88
ablate v2_scheme_matchup,2022,6,Curtis Samuel,WR,9.48,9.48,2.6,0.0,6.88
ablate v2_pff_alignment_matchup,2024,7,Marvin Harrison Jr.,WR,11.98,11.98,5.1,0.0,6.88
ablate v2_scheme_matchup,2024,7,Marvin Harrison Jr.,WR,11.98,11.98,5.1,0.0,6.88
ablate v2_scheme_matchup,2025,4,Kayshon Boutte,WR,9.67,9.67,2.8,0.0,6.87
ablate v2_scheme_matchup,2024,3,Zay Flowers,WR,12.17,12.17,5.3,0.0,6.87
ablate v2_pff_alignment_matchup,2023,5,Josh Reynolds,WR,10.16,10.73,17.6,0.57,6.87
ablate v2_scheme_matchup,2025,14,Ja'Marr Chase,WR,16.31,17.07,10.2,0.76,6.87
ablate v2_pff_alignment_matchup,2023,5,Cole Kmet,TE,8.05,8.33,15.2,0.28,6.87
ablate v2_scheme_matchup,2023,9,DJ Moore,WR,12.27,12.27,5.4,0.0,6.87
ablate v2_scheme_matchup,2024,8,Tutu Atwell,WR,9.67,9.67,2.8,0.0,6.87
ablate v2_pff_alignment_matchup,2024,3,Zay Flowers,WR,12.17,12.17,5.3,0.0,6.87
ablate v2_scheme_matchup,2025,17,Ja'Marr Chase,WR,18.52,18.13,25.0,-0.39,6.87
ablate v2_pff_alignment_matchup,2023,13,Adam Thielen,WR,13.23,12.37,5.5,-0.86,6.87
ablate v2_pff_alignment_matchup,2022,18,Chig Okonkwo,TE,6.43,6.34,13.2,-0.09,6.86
ablate v2_scheme_matchup,2023,16,Sam LaPorta,TE,11.56,11.66,4.8,0.1,6.86
ablate v2_pff_alignment_matchup,2025,10,T.J. Hockenson,TE,8.9,9.66,2.8,0.76,6.86
ablate v2_scheme_matchup,2024,7,Romeo Doubs,WR,10.35,10.54,17.4,0.19,6.86
ablate v2_pff_alignment_matchup,2023,12,Garrett Wilson,WR,11.21,10.54,17.4,-0.67,6.86
ablate v2_pff_alignment_matchup,2023,10,Cade Otton,TE,9.28,9.85,3.0,0.57,6.85
ablate v2_scheme_matchup,2023,5,Garrett Wilson,WR,15.92,15.25,8.4,-0.67,6.85
ablate v2_pff_alignment_matchup,2022,4,Zach Ertz,TE,9.85,9.85,16.7,0.0,6.85
ablate v2_pff_alignment_matchup,2022,11,Donovan Peoples-Jones,WR,10.25,10.25,17.1,0.0,6.85
ablate v2_scheme_matchup,2022,11,Donovan Peoples-Jones,WR,10.25,10.25,17.1,0.0,6.85
ablate v2_pff_alignment_matchup,2022,5,Russell Gage,WR,12.65,12.85,6.0,0.2,6.85
ablate v2_scheme_matchup,2022,4,Zach Ertz,TE,9.85,9.85,16.7,0.0,6.85
ablate v2_scheme_matchup,2025,4,Chig Okonkwo,TE,8.24,8.24,1.4,0.0,6.84
ablate v2_scheme_matchup,2025,8,Dalton Kincaid,TE,9.0,10.14,3.3,1.14,6.84
ablate v2_pff_alignment_matchup,2022,8,Nelson Agholor,WR,7.37,8.04,1.2,0.67,6.84
ablate v2_scheme_matchup,2023,8,Darren Waller,TE,8.14,8.24,1.4,0.1,6.84
ablate v2_scheme_matchup,2022,17,Isaiah Hodgins,WR,7.27,7.37,14.2,0.1,6.83
ablate v2_scheme_matchup,2025,18,Jordan Addison,WR,8.62,8.62,1.8,0.0,6.82
ablate v2_pff_alignment_matchup,2023,12,A.T. Perry,WR,8.14,8.52,1.7,0.38,6.82
ablate v2_pff_alignment_matchup,2025,16,Oronde Gadsden II,TE,9.09,8.52,1.7,-0.57,6.82
ablate v2_pff_alignment_matchup,2022,17,JuJu Smith-Schuster,WR,10.73,10.92,4.1,0.19,6.82
ablate v2_pff_alignment_matchup,2025,4,Quentin Johnston,WR,15.83,16.98,23.8,1.15,6.82
ablate v2_pff_alignment_matchup,2025,10,Brock Bowers,TE,10.8,10.52,3.7,-0.28,6.82
ablate v2_scheme_matchup,2022,4,Russell Gage,WR,11.31,11.21,4.4,-0.1,6.81
ablate v2_scheme_matchup,2023,5,Alec Pierce,WR,8.71,8.81,2.0,0.1,6.81
ablate v2_scheme_matchup,2025,18,Ja'Marr Chase,WR,16.5,16.79,23.6,0.29,6.81
ablate v2_scheme_matchup,2024,4,Mike Gesicki,TE,6.91,6.91,0.1,0.0,6.81
ablate v2_scheme_matchup,2025,6,Tyler Higbee,TE,7.29,7.19,14.0,-0.1,6.81
ablate v2_pff_alignment_matchup,2024,4,Jameson Williams,WR,8.43,9.19,16.0,0.76,6.81
ablate v2_scheme_matchup,2023,9,Luke Musgrave,TE,5.96,7.29,14.1,1.33,6.81
ablate v2_pff_alignment_matchup,2022,14,Dawson Knox,TE,7.29,7.29,14.1,0.0,6.81
ablate v2_pff_alignment_matchup,2022,8,Mo Alie-Cox,TE,6.43,6.81,0.0,0.38,6.81
ablate v2_pff_alignment_matchup,2022,4,Richie James,WR,9.1,8.71,1.9,-0.39,6.81
ablate v2_pff_alignment_matchup,2025,9,Romeo Doubs,WR,9.1,9.29,16.1,0.19,6.81
ablate v2_pff_alignment_matchup,2022,15,Darren Waller,TE,7.1,7.0,13.8,-0.1,6.8
ablate v2_scheme_matchup,2024,12,Zach Ertz,TE,9.66,9.0,15.8,-0.66,6.8
ablate v2_scheme_matchup,2022,15,Darren Waller,TE,7.1,7.0,13.8,-0.1,6.8
ablate v2_pff_alignment_matchup,2023,9,Juwan Johnson,TE,7.29,7.1,13.9,-0.19,6.8
ablate v2_scheme_matchup,2025,9,Ladd McConkey,WR,16.5,16.4,9.6,-0.1,6.8
ablate v2_scheme_matchup,2022,14,Jaylen Waddle,WR,11.89,11.89,5.1,0.0,6.79
ablate v2_pff_alignment_matchup,2024,3,Chris Olave,WR,13.13,13.81,20.6,0.68,6.79
ablate v2_scheme_matchup,2023,7,Olamide Zaccheaus,WR,7.18,6.79,0.0,-0.39,6.79
ablate v2_scheme_matchup,2024,6,Mark Andrews,TE,8.81,8.81,15.6,0.0,6.79
ablate v2_scheme_matchup,2024,10,Hunter Henry,TE,8.62,9.19,2.4,0.57,6.79
ablate v2_pff_alignment_matchup,2024,15,Quentin Johnston,WR,8.52,8.71,15.5,0.19,6.79
ablate v2_pff_alignment_matchup,2024,6,Mark Andrews,TE,8.81,8.81,15.6,0.0,6.79
ablate v2_pff_alignment_matchup,2023,7,Olamide Zaccheaus,WR,7.18,6.79,0.0,-0.39,6.79
ablate v2_scheme_matchup,2023,5,Josh Downs,WR,8.91,8.91,15.7,0.0,6.79
ablate v2_scheme_matchup,2024,13,Darnell Mooney,WR,11.79,11.79,5.0,0.0,6.79
ablate v2_pff_alignment_matchup,2024,11,Romeo Doubs,WR,9.19,9.48,2.7,0.29,6.78
ablate v2_pff_alignment_matchup,2022,18,Corey Davis,WR,9.48,9.48,2.7,0.0,6.78
ablate v2_scheme_matchup,2024,8,David Njoku,TE,10.33,10.33,17.1,0.0,6.77
ablate v2_pff_alignment_matchup,2024,8,David Njoku,TE,10.33,10.33,17.1,0.0,6.77
ablate v2_scheme_matchup,2022,18,Chig Okonkwo,TE,6.43,6.43,13.2,0.0,6.77
ablate v2_scheme_matchup,2023,7,Terry McLaurin,WR,8.33,8.23,15.0,-0.1,6.77
ablate v2_scheme_matchup,2025,12,Jakobi Meyers,WR,8.33,8.23,15.0,-0.1,6.77
ablate v2_scheme_matchup,2025,9,Alec Pierce,WR,10.92,10.73,17.5,-0.19,6.77
ablate v2_scheme_matchup,2024,8,Dontayvion Wicks,WR,9.87,9.87,3.1,0.0,6.77
ablate v2_scheme_matchup,2022,10,Zay Jones,WR,8.14,8.04,14.8,-0.1,6.76
ablate v2_pff_alignment_matchup,2023,17,Jordan Addison,WR,12.75,12.56,5.8,-0.19,6.76
ablate v2_pff_alignment_matchup,2022,10,Zay Jones,WR,8.14,8.04,14.8,-0.1,6.76
ablate v2_pff_alignment_matchup,2022,17,A.J. Brown,WR,13.13,12.94,19.7,-0.19,6.76
ablate v2_scheme_matchup,2023,13,Keenan Allen,WR,17.27,17.56,10.8,0.29,6.76
ablate v2_scheme_matchup,2025,3,Wan'Dale Robinson,WR,10.35,10.35,3.6,0.0,6.75
ablate v2_scheme_matchup,2022,16,Donovan Peoples-Jones,WR,7.95,7.95,1.2,0.0,6.75
ablate v2_pff_alignment_matchup,2022,16,Donovan Peoples-Jones,WR,7.95,7.95,1.2,0.0,6.75
ablate v2_pff_alignment_matchup,2025,9,Jordan Addison,WR,14.38,15.15,8.4,0.77,6.75
ablate v2_pff_alignment_matchup,2024,17,Jakobi Meyers,WR,10.44,10.35,17.1,-0.09,6.75
ablate v2_scheme_matchup,2023,18,Dallas Goedert,TE,8.14,8.14,1.4,0.0,6.74
ablate v2_pff_alignment_matchup,2025,16,Dalton Schultz,TE,7.76,7.76,14.5,0.0,6.74
ablate v2_scheme_matchup,2023,9,Jahan Dotson,WR,10.25,10.16,16.9,-0.09,6.74
ablate v2_pff_alignment_matchup,2023,4,Rashid Shaheed,WR,13.33,13.04,6.3,-0.29,6.74
ablate v2_scheme_matchup,2025,16,Dalton Schultz,TE,7.76,7.76,14.5,0.0,6.74
ablate v2_pff_alignment_matchup,2024,3,CeeDee Lamb,WR,15.73,15.44,8.7,-0.29,6.74
ablate v2_scheme_matchup,2022,7,Jerry Jeudy,WR,9.77,9.87,16.6,0.1,6.73
ablate v2_scheme_matchup,2023,5,Tutu Atwell,WR,15.63,15.63,8.9,0.0,6.73
ablate v2_pff_alignment_matchup,2022,18,Terry McLaurin,WR,9.67,9.67,16.4,0.0,6.73
ablate v2_pff_alignment_matchup,2024,7,Christian Watson,WR,8.14,8.23,1.5,0.09,6.73
ablate v2_scheme_matchup,2022,16,Noah Brown,WR,8.23,8.23,1.5,0.0,6.73
ablate v2_pff_alignment_matchup,2025,13,Elic Ayomanor,WR,8.14,8.23,1.5,0.09,6.73
ablate v2_scheme_matchup,2025,4,Courtland Sutton,WR,12.56,12.37,19.1,-0.19,6.73
ablate v2_scheme_matchup,2024,10,Jauan Jennings,WR,9.58,9.58,16.3,0.0,6.72
ablate v2_scheme_matchup,2022,14,Dawson Knox,TE,7.29,7.38,14.1,0.09,6.72
ablate v2_scheme_matchup,2022,18,Deebo Samuel Sr.,WR,11.21,11.12,4.4,-0.09,6.72
ablate v2_pff_alignment_matchup,2025,4,Amon-Ra St. Brown,WR,17.75,19.28,26.0,1.53,6.72
ablate v2_scheme_matchup,2022,9,Evan Engram,TE,8.9,8.52,1.8,-0.38,6.72
ablate v2_pff_alignment_matchup,2025,15,Mark Andrews,TE,10.52,10.52,3.8,0.0,6.72
ablate v2_pff_alignment_matchup,2023,11,Puka Nacua,WR,12.75,11.98,18.7,-0.77,6.72
ablate v2_scheme_matchup,2023,5,Nick Westbrook-Ikhine,WR,8.71,8.62,1.9,-0.09,6.72
ablate v2_pff_alignment_matchup,2022,9,Evan Engram,TE,8.9,8.52,1.8,-0.38,6.72
ablate v2_scheme_matchup,2023,16,Travis Kelce,TE,15.55,16.12,9.4,0.57,6.72
ablate v2_pff_alignment_matchup,2024,11,Kyle Pitts,TE,8.62,8.62,1.9,0.0,6.72
ablate v2_scheme_matchup,2025,6,Hunter Henry,TE,12.32,12.42,5.7,0.1,6.72
ablate v2_pff_alignment_matchup,2022,15,Tyler Conklin,TE,8.43,8.62,1.9,0.19,6.72
ablate v2_pff_alignment_matchup,2024,14,Cole Kmet,TE,6.72,6.72,0.0,0.0,6.72
ablate v2_scheme_matchup,2025,15,Mark Andrews,TE,10.52,10.52,3.8,0.0,6.72
ablate v2_pff_alignment_matchup,2025,15,Jauan Jennings,WR,11.98,11.98,18.7,0.0,6.72
ablate v2_pff_alignment_matchup,2024,16,Hunter Henry,TE,7.0,7.19,13.9,0.19,6.71
ablate v2_pff_alignment_matchup,2024,8,Alec Pierce,WR,8.91,8.81,2.1,-0.1,6.71
ablate v2_pff_alignment_matchup,2024,5,Kyle Pitts,TE,7.95,9.09,15.8,1.14,6.71
ablate v2_scheme_matchup,2022,10,Greg Dulcich,TE,8.14,8.81,2.1,0.67,6.71
ablate v2_pff_alignment_matchup,2022,9,Josh Palmer,WR,9.77,11.89,18.6,2.12,6.71
ablate v2_pff_alignment_matchup,2023,7,Keenan Allen,WR,15.15,16.21,9.5,1.06,6.71
ablate v2_pff_alignment_matchup,2022,11,CeeDee Lamb,WR,16.4,16.21,9.5,-0.19,6.71
ablate v2_scheme_matchup,2024,11,Darnell Mooney,WR,11.31,11.4,4.7,0.09,6.7
ablate v2_pff_alignment_matchup,2023,14,Rashee Rice,WR,11.79,11.5,18.2,-0.29,6.7
ablate v2_scheme_matchup,2024,4,Terry McLaurin,WR,11.21,11.5,18.2,0.29,6.7
ablate v2_pff_alignment_matchup,2025,16,Courtland Sutton,WR,13.9,13.9,20.6,0.0,6.7
ablate v2_pff_alignment_matchup,2025,3,Jaxon Smith-Njigba,WR,14.29,13.9,20.6,-0.39,6.7
ablate v2_pff_alignment_matchup,2023,4,Keenan Allen,WR,17.46,18.9,12.2,1.44,6.7
ablate v2_scheme_matchup,2025,4,DeVonta Smith,WR,11.98,11.6,4.9,-0.38,6.7
ablate v2_pff_alignment_matchup,2024,16,Christian Watson,WR,9.1,9.0,2.3,-0.1,6.7
ablate v2_pff_alignment_matchup,2024,13,Darnell Mooney,WR,11.79,11.69,5.0,-0.1,6.69
ablate v2_scheme_matchup,2022,18,Corey Davis,WR,9.48,9.39,2.7,-0.09,6.69
ablate v2_scheme_matchup,2022,16,Garrett Wilson,WR,11.79,11.69,5.0,-0.1,6.69
ablate v2_scheme_matchup,2024,13,Devaughn Vele,WR,9.39,9.29,2.6,-0.1,6.69
ablate v2_scheme_matchup,2025,4,Kendrick Bourne,WR,9.39,9.39,2.7,0.0,6.69
ablate v2_pff_alignment_matchup,2023,17,Sam LaPorta,TE,9.57,8.71,15.4,-0.86,6.69
ablate v2_scheme_matchup,2022,10,Tyler Higbee,TE,7.86,8.62,15.3,0.76,6.68
ablate v2_pff_alignment_matchup,2025,5,Travis Kelce,TE,10.14,12.42,19.1,2.28,6.68
ablate v2_scheme_matchup,2025,10,Jaxon Smith-Njigba,WR,13.81,13.62,20.3,-0.19,6.68
ablate v2_scheme_matchup,2023,17,George Pickens,WR,14.1,13.42,20.1,-0.68,6.68
ablate v2_pff_alignment_matchup,2023,8,Garrett Wilson,WR,10.64,10.92,17.6,0.28,6.68
ablate v2_pff_alignment_matchup,2025,17,Darren Waller,TE,7.38,7.67,1.0,0.29,6.67
ablate v2_pff_alignment_matchup,2023,18,Adam Thielen,WR,10.73,9.87,3.2,-0.86,6.67
ablate v2_scheme_matchup,2022,12,DK Metcalf,WR,13.23,13.33,20.0,0.1,6.67
ablate v2_pff_alignment_matchup,2022,10,Tyreek Hill,WR,22.17,22.07,15.4,-0.1,6.67
ablate v2_scheme_matchup,2024,3,Hunter Henry,TE,10.42,9.57,2.9,-0.85,6.67
ablate v2_scheme_matchup,2025,18,Parker Washington,WR,13.04,13.04,19.7,0.0,6.66
ablate v2_pff_alignment_matchup,2025,18,Parker Washington,WR,13.04,13.04,19.7,0.0,6.66
ablate v2_pff_alignment_matchup,2023,3,Tyler Lockett,WR,14.86,15.06,8.4,0.2,6.66
ablate v2_scheme_matchup,2024,9,Marvin Harrison Jr.,WR,10.06,10.06,3.4,0.0,6.66
ablate v2_pff_alignment_matchup,2024,9,Marvin Harrison Jr.,WR,10.06,10.06,3.4,0.0,6.66
ablate v2_scheme_matchup,2022,13,Michael Pittman,WR,10.44,10.25,3.6,-0.19,6.65
ablate v2_scheme_matchup,2022,17,Jakobi Meyers,WR,10.25,10.25,16.9,0.0,6.65
ablate v2_pff_alignment_matchup,2022,13,Michael Pittman,WR,10.44,10.25,3.6,-0.19,6.65
ablate v2_pff_alignment_matchup,2025,16,Christian Watson,WR,9.39,10.35,3.7,0.96,6.65
ablate v2_scheme_matchup,2022,5,Russell Gage,WR,12.65,12.65,6.0,0.0,6.65
ablate v2_scheme_matchup,2022,5,Marquise Brown,WR,15.15,15.15,21.8,0.0,6.65
ablate v2_pff_alignment_matchup,2022,5,Marquise Brown,WR,15.15,15.15,21.8,0.0,6.65
ablate v2_scheme_matchup,2023,3,Rashid Shaheed,WR,12.65,12.65,6.0,0.0,6.65
ablate v2_scheme_matchup,2022,9,Cooper Kupp,WR,19.77,20.15,26.8,0.38,6.65
ablate v2_pff_alignment_matchup,2022,17,Jakobi Meyers,WR,10.25,10.25,16.9,0.0,6.65
ablate v2_pff_alignment_matchup,2022,16,Evan Engram,TE,11.66,11.66,18.3,0.0,6.64
ablate v2_pff_alignment_matchup,2025,15,Jayden Higgins,WR,8.04,8.04,1.4,0.0,6.64
ablate v2_scheme_matchup,2023,11,Amon-Ra St. Brown,WR,15.15,15.06,21.7,-0.09,6.64
ablate v2_pff_alignment_matchup,2025,15,Mike Evans,WR,12.46,12.56,19.2,0.1,6.64
ablate v2_pff_alignment_matchup,2023,7,Calvin Ridley,WR,7.27,8.14,1.5,0.87,6.64
ablate v2_scheme_matchup,2025,15,Jayden Higgins,WR,8.04,8.04,1.4,0.0,6.64
ablate v2_scheme_matchup,2024,14,Brian Thomas Jr.,WR,10.44,9.96,16.6,-0.48,6.64
ablate v2_pff_alignment_matchup,2025,5,Elic Ayomanor,WR,10.06,10.44,3.8,0.38,6.64
ablate v2_scheme_matchup,2022,16,Evan Engram,TE,11.66,11.66,18.3,0.0,6.64
ablate v2_scheme_matchup,2025,4,Keenan Allen,WR,15.25,15.34,8.7,0.09,6.64
ablate v2_scheme_matchup,2025,15,Mike Evans,WR,12.46,12.56,19.2,0.1,6.64
ablate v2_pff_alignment_matchup,2022,7,Jerry Jeudy,WR,9.77,9.96,16.6,0.19,6.64
ablate v2_pff_alignment_matchup,2023,5,Jayden Reed,WR,7.46,8.33,1.7,0.87,6.63
ablate v2_pff_alignment_matchup,2025,8,Tyler Warren,TE,16.12,15.93,9.3,-0.19,6.63
ablate v2_pff_alignment_matchup,2025,14,Oronde Gadsden II,TE,8.14,8.33,1.7,0.19,6.63
ablate v2_pff_alignment_matchup,2023,4,Pat Freiermuth,TE,10.42,10.33,3.7,-0.09,6.63
ablate v2_pff_alignment_matchup,2022,12,Dawson Knox,TE,9.76,10.33,3.7,0.57,6.63
ablate v2_scheme_matchup,2025,10,Brock Bowers,TE,10.8,10.33,3.7,-0.47,6.63
ablate v2_pff_alignment_matchup,2022,12,Cade Otton,TE,6.62,6.62,0.0,0.0,6.62
ablate v2_scheme_matchup,2023,13,Juwan Johnson,TE,6.53,6.62,0.0,0.09,6.62
ablate v2_pff_alignment_matchup,2023,13,Logan Thomas,TE,7.86,8.62,2.0,0.76,6.62
ablate v2_pff_alignment_matchup,2022,4,George Pickens,WR,9.39,9.58,16.2,0.19,6.62
ablate v2_pff_alignment_matchup,2023,15,Drake London,WR,10.83,11.02,4.4,0.19,6.62
ablate v2_pff_alignment_matchup,2024,4,Quentin Johnston,WR,8.52,8.91,2.3,0.39,6.61
ablate v2_pff_alignment_matchup,2025,18,Stefon Diggs,WR,13.13,13.9,7.3,0.77,6.6
ablate v2_scheme_matchup,2024,6,Ja'Marr Chase,WR,18.8,18.8,12.2,0.0,6.6
ablate v2_pff_alignment_matchup,2023,8,Jonnu Smith,TE,8.9,8.9,2.3,0.0,6.6
ablate v2_scheme_matchup,2025,3,Troy Franklin,WR,9.29,9.39,2.8,0.1,6.59
ablate v2_pff_alignment_matchup,2022,9,Michael Pittman,WR,11.5,11.79,5.2,0.29,6.59
ablate v2_scheme_matchup,2025,7,KaVontae Turpin,WR,9.29,9.29,2.7,0.0,6.59
ablate v2_scheme_matchup,2022,6,A.J. Brown,WR,11.12,11.12,17.7,0.0,6.58
ablate v2_pff_alignment_matchup,2025,4,Emeka Egbuka,WR,14.19,13.52,20.1,-0.67,6.58
ablate v2_pff_alignment_matchup,2025,9,Josh Downs,WR,10.83,11.12,17.7,0.29,6.58
ablate v2_pff_alignment_matchup,2025,3,Tetairoa McMillan,WR,16.21,14.38,7.8,-1.83,6.58
ablate v2_pff_alignment_matchup,2024,16,Josh Downs,WR,8.23,8.52,15.1,0.29,6.58
ablate v2_pff_alignment_matchup,2024,10,Demarcus Robinson,WR,10.35,9.87,3.3,-0.48,6.57
ablate v2_pff_alignment_matchup,2025,6,Cole Kmet,TE,8.33,7.57,1.0,-0.76,6.57
ablate v2_scheme_matchup,2023,12,Jayden Reed,WR,8.43,8.43,15.0,0.0,6.57
ablate v2_scheme_matchup,2024,18,Nico Collins,WR,8.23,8.23,14.8,0.0,6.57
ablate v2_pff_alignment_matchup,2024,18,Nico Collins,WR,8.23,8.23,14.8,0.0,6.57
ablate v2_pff_alignment_matchup,2025,11,Jameson Williams,WR,13.62,13.13,19.7,-0.49,6.57
ablate v2_pff_alignment_matchup,2023,15,A.J. Brown,WR,17.17,17.17,10.6,0.0,6.57
ablate v2_scheme_matchup,2025,7,Drake London,WR,15.06,14.77,8.2,-0.29,6.57
ablate v2_scheme_matchup,2025,16,Ja'Marr Chase,WR,13.42,13.33,19.9,-0.09,6.57
ablate v2_pff_alignment_matchup,2025,4,Jameson Williams,WR,11.6,12.27,5.7,0.67,6.57
ablate v2_pff_alignment_matchup,2022,13,Gerald Everett,TE,6.62,6.43,13.0,-0.19,6.57
ablate v2_pff_alignment_matchup,2022,16,Christian Kirk,WR,12.65,12.17,5.6,-0.48,6.57
ablate v2_pff_alignment_matchup,2022,14,DeVonta Smith,WR,11.5,10.83,17.4,-0.67,6.57
ablate v2_pff_alignment_matchup,2023,9,Jaylen Waddle,WR,13.62,14.96,8.4,1.34,6.56
ablate v2_scheme_matchup,2025,12,Kayshon Boutte,WR,10.35,10.06,3.5,-0.29,6.56
ablate v2_pff_alignment_matchup,2025,3,Wan'Dale Robinson,WR,10.35,10.16,3.6,-0.19,6.56
ablate v2_scheme_matchup,2023,14,Kyle Pitts,TE,8.62,8.14,14.7,-0.48,6.56
ablate v2_scheme_matchup,2023,17,Rashid Shaheed,WR,10.06,9.96,3.4,-0.1,6.56
ablate v2_scheme_matchup,2022,4,Josh Palmer,WR,10.06,10.06,3.5,0.0,6.56
ablate v2_scheme_matchup,2025,13,Rashee Rice,WR,23.03,22.84,29.4,-0.19,6.56
ablate v2_pff_alignment_matchup,2022,6,Romeo Doubs,WR,11.79,12.65,6.1,0.86,6.55
ablate v2_pff_alignment_matchup,2023,16,Jaylen Waddle,WR,12.46,12.75,6.2,0.29,6.55
ablate v2_pff_alignment_matchup,2025,4,Chig Okonkwo,TE,8.24,7.95,1.4,-0.29,6.55
ablate v2_scheme_matchup,2023,17,Kyle Pitts,TE,7.48,8.05,1.5,0.57,6.55
ablate v2_scheme_matchup,2025,11,Tyler Higbee,TE,9.57,9.85,3.3,0.28,6.55
ablate v2_pff_alignment_matchup,2023,5,Tutu Atwell,WR,15.63,15.44,8.9,-0.19,6.54
ablate v2_pff_alignment_matchup,2025,15,Ladd McConkey,WR,10.73,10.54,4.0,-0.19,6.54
ablate v2_pff_alignment_matchup,2023,16,Dalton Kincaid,TE,8.52,8.24,1.7,-0.28,6.54
ablate v2_scheme_matchup,2025,13,Elic Ayomanor,WR,8.14,8.04,1.5,-0.1,6.54
ablate v2_scheme_matchup,2022,18,K.J. Osborn,WR,10.16,10.16,16.7,0.0,6.54
ablate v2_pff_alignment_matchup,2025,12,Olamide Zaccheaus,WR,7.85,8.14,1.6,0.29,6.54
ablate v2_scheme_matchup,2023,3,DeVante Parker,WR,10.35,10.44,3.9,0.09,6.54
ablate v2_pff_alignment_matchup,2023,4,Puka Nacua,WR,24.95,24.76,31.3,-0.19,6.54
ablate v2_pff_alignment_matchup,2022,14,Noah Fant,TE,6.53,6.53,0.0,0.0,6.53
ablate v2_scheme_matchup,2023,7,Michael Pittman,WR,9.58,9.77,16.3,0.19,6.53
ablate v2_pff_alignment_matchup,2022,12,Juwan Johnson,TE,6.72,6.53,0.0,-0.19,6.53
ablate v2_scheme_matchup,2023,13,Jahan Dotson,WR,11.4,10.83,4.3,-0.57,6.53
ablate v2_scheme_matchup,2022,14,Noah Fant,TE,6.53,6.53,0.0,0.0,6.53
ablate v2_scheme_matchup,2023,16,Dallas Goedert,TE,7.48,7.57,14.1,0.09,6.53
ablate v2_scheme_matchup,2023,6,Calvin Ridley,WR,13.33,13.13,6.6,-0.2,6.53
ablate v2_pff_alignment_matchup,2024,9,Jordan Addison,WR,9.96,9.58,16.1,-0.38,6.52
ablate v2_scheme_matchup,2024,4,Elijah Moore,WR,8.62,8.62,2.1,0.0,6.52
ablate v2_pff_alignment_matchup,2022,17,Michael Pittman,WR,9.87,9.58,16.1,-0.29,6.52
ablate v2_pff_alignment_matchup,2022,4,Will Dissly,TE,7.0,7.38,13.9,0.38,6.52
ablate v2_scheme_matchup,2023,10,Tyler Conklin,TE,7.67,7.48,14.0,-0.19,6.52
ablate v2_pff_alignment_matchup,2022,12,David Njoku,TE,7.38,7.38,13.9,0.0,6.52
ablate v2_pff_alignment_matchup,2024,16,Amari Cooper,WR,8.91,8.52,2.0,-0.39,6.52
ablate v2_scheme_matchup,2022,12,David Njoku,TE,7.38,7.38,13.9,0.0,6.52
ablate v2_pff_alignment_matchup,2024,4,Elijah Moore,WR,8.62,8.62,2.1,0.0,6.52
ablate v2_scheme_matchup,2023,13,Josh Downs,WR,10.73,10.92,4.4,0.19,6.52
ablate v2_scheme_matchup,2025,11,Oronde Gadsden II,TE,11.47,12.61,6.1,1.14,6.51
ablate v2_pff_alignment_matchup,2023,5,Josh Downs,WR,8.91,9.19,15.7,0.28,6.51
ablate v2_scheme_matchup,2025,3,Jaxon Smith-Njigba,WR,14.29,14.1,20.6,-0.19,6.5
ablate v2_pff_alignment_matchup,2025,4,DeVonta Smith,WR,11.98,11.4,4.9,-0.58,6.5
ablate v2_pff_alignment_matchup,2022,14,Jaylen Waddle,WR,11.89,11.6,5.1,-0.29,6.5
ablate v2_pff_alignment_matchup,2023,11,Amari Cooper,WR,13.9,13.9,7.4,0.0,6.5
ablate v2_scheme_matchup,2024,12,A.J. Brown,WR,16.5,16.4,22.9,-0.1,6.5
ablate v2_scheme_matchup,2023,11,Amari Cooper,WR,13.9,13.9,7.4,0.0,6.5
ablate v2_scheme_matchup,2024,3,DK Metcalf,WR,13.9,13.9,20.4,0.0,6.5
ablate v2_pff_alignment_matchup,2022,6,Curtis Samuel,WR,9.48,9.1,2.6,-0.38,6.5
ablate v2_scheme_matchup,2022,6,Isaiah McKenzie,WR,9.48,9.39,2.9,-0.09,6.49
ablate v2_scheme_matchup,2025,6,Calvin Ridley,WR,9.29,9.29,2.8,0.0,6.49
ablate v2_pff_alignment_matchup,2025,3,Josh Downs,WR,11.21,11.89,5.4,0.68,6.49
ablate v2_scheme_matchup,2024,11,Romeo Doubs,WR,9.19,9.19,2.7,0.0,6.49
ablate v2_pff_alignment_matchup,2025,7,Olamide Zaccheaus,WR,8.91,9.39,2.9,0.48,6.49
ablate v2_scheme_matchup,2023,13,Travis Kelce,TE,18.59,18.59,12.1,0.0,6.49
ablate v2_scheme_matchup,2025,3,Cedric Tillman,WR,12.08,12.08,5.6,0.0,6.48
ablate v2_pff_alignment_matchup,2024,7,A.J. Brown,WR,14.29,13.42,19.9,-0.87,6.48
ablate v2_pff_alignment_matchup,2025,7,Dallas Goedert,TE,12.23,11.28,4.8,-0.95,6.48
ablate v2_pff_alignment_matchup,2025,3,Cedric Tillman,WR,12.08,12.08,5.6,0.0,6.48
ablate v2_pff_alignment_matchup,2023,12,Jayden Reed,WR,8.43,8.52,15.0,0.09,6.48
ablate v2_pff_alignment_matchup,2024,17,Drake London,WR,11.21,11.12,17.6,-0.09,6.48
ablate v2_pff_alignment_matchup,2022,12,DK Metcalf,WR,13.23,13.52,20.0,0.29,6.48
ablate v2_pff_alignment_matchup,2023,17,George Pickens,WR,14.1,13.62,20.1,-0.48,6.48
ablate v2_scheme_matchup,2023,12,Garrett Wilson,WR,11.21,10.92,17.4,-0.29,6.48
ablate v2_scheme_matchup,2024,18,T.J. Hockenson,TE,9.57,9.38,2.9,-0.19,6.48
ablate v2_scheme_matchup,2024,14,Tucker Kraft,TE,7.29,6.62,13.1,-0.67,6.48
ablate v2_pff_alignment_matchup,2025,3,Tyler Warren,TE,13.84,13.27,6.8,-0.57,6.47
ablate v2_pff_alignment_matchup,2024,18,Mike Gesicki,TE,9.09,8.33,14.8,-0.76,6.47
ablate v2_pff_alignment_matchup,2022,14,Adam Thielen,WR,13.13,13.04,19.5,-0.09,6.46
ablate v2_pff_alignment_matchup,2022,15,Tyler Boyd,WR,7.85,8.04,14.5,0.19,6.46
ablate v2_pff_alignment_matchup,2025,11,Tyler Higbee,TE,9.57,9.76,3.3,0.19,6.46
ablate v2_pff_alignment_matchup,2023,16,Diontae Johnson,WR,10.06,9.96,3.5,-0.1,6.46
ablate v2_scheme_matchup,2023,3,Tyler Lockett,WR,14.86,14.86,8.4,0.0,6.46
ablate v2_scheme_matchup,2024,17,Jakobi Meyers,WR,10.44,10.64,17.1,0.2,6.46
ablate v2_scheme_matchup,2022,13,Nelson Agholor,WR,10.16,10.16,3.7,0.0,6.46
ablate v2_pff_alignment_matchup,2022,9,Mike Gesicki,TE,8.05,7.76,1.3,-0.29,6.46
ablate v2_pff_alignment_matchup,2025,15,Davante Adams,WR,17.94,17.56,11.1,-0.38,6.46
ablate v2_pff_alignment_matchup,2023,17,Justin Jefferson,WR,17.75,17.36,10.9,-0.39,6.46
ablate v2_pff_alignment_matchup,2022,16,Julio Jones,WR,7.75,7.95,1.5,0.2,6.45
ablate v2_pff_alignment_matchup,2022,15,Brandon Aiyuk,WR,10.06,10.35,3.9,0.29,6.45
ablate v2_scheme_matchup,2023,16,Jaylen Waddle,WR,12.46,12.65,6.2,0.19,6.45
ablate v2_scheme_matchup,2023,7,Van Jefferson,WR,7.66,7.95,1.5,0.29,6.45
ablate v2_pff_alignment_matchup,2022,11,David Njoku,TE,10.14,10.14,3.7,0.0,6.44
ablate v2_scheme_matchup,2025,8,Deebo Samuel Sr.,WR,10.35,10.64,4.2,0.29,6.44
ablate v2_pff_alignment_matchup,2024,16,Romeo Doubs,WR,10.25,10.44,4.0,0.19,6.44
ablate v2_pff_alignment_matchup,2025,16,Brock Bowers,TE,8.24,7.86,14.3,-0.38,6.44
ablate v2_pff_alignment_matchup,2023,13,DeAndre Hopkins,WR,12.75,12.46,18.9,-0.29,6.44
ablate v2_pff_alignment_matchup,2025,15,Jake Ferguson,TE,10.8,10.04,3.6,-0.76,6.44
ablate v2_scheme_matchup,2022,11,David Njoku,TE,10.14,10.14,3.7,0.0,6.44
ablate v2_pff_alignment_matchup,2024,5,Brenton Strange,TE,5.67,5.96,12.4,0.29,6.44
ablate v2_pff_alignment_matchup,2025,3,T.J. Hockenson,TE,8.24,9.47,15.9,1.23,6.43
ablate v2_scheme_matchup,2023,15,Drake London,WR,10.83,10.83,4.4,0.0,6.43
ablate v2_scheme_matchup,2022,12,Cade Otton,TE,6.62,6.43,0.0,-0.19,6.43
ablate v2_scheme_matchup,2022,11,Dawson Knox,TE,8.14,7.57,14.0,-0.57,6.43
ablate v2_scheme_matchup,2022,12,Juwan Johnson,TE,6.72,6.43,0.0,-0.29,6.43
ablate v2_pff_alignment_matchup,2025,6,Tyler Higbee,TE,7.29,7.57,14.0,0.28,6.43
ablate v2_scheme_matchup,2023,10,Nick Westbrook-Ikhine,WR,8.43,8.33,1.9,-0.1,6.43
ablate v2_pff_alignment_matchup,2025,6,Hunter Henry,TE,12.32,12.13,5.7,-0.19,6.43
ablate v2_scheme_matchup,2023,4,Skyy Moore,WR,8.52,8.33,1.9,-0.19,6.43
ablate v2_scheme_matchup,2024,14,Michael Wilson,WR,7.27,7.27,13.7,0.0,6.43
ablate v2_pff_alignment_matchup,2025,18,Jordan Addison,WR,8.62,8.23,1.8,-0.39,6.43
ablate v2_pff_alignment_matchup,2022,13,Brandon Aiyuk,WR,15.54,16.02,9.6,0.48,6.42
ablate v2_pff_alignment_matchup,2023,4,Brandon Aiyuk,WR,15.92,14.38,20.8,-1.54,6.42
ablate v2_scheme_matchup,2022,4,Will Dissly,TE,7.0,7.48,13.9,0.48,6.42
ablate v2_pff_alignment_matchup,2024,18,Courtland Sutton,WR,12.94,14.38,20.8,1.44,6.42
ablate v2_scheme_matchup,2022,3,Kyle Pitts,TE,6.91,7.29,13.7,0.38,6.41
ablate v2_scheme_matchup,2023,14,Rashee Rice,WR,11.79,11.79,18.2,0.0,6.41
ablate v2_pff_alignment_matchup,2022,13,DeAndre Carter,WR,9.77,8.81,2.4,-0.96,6.41
ablate v2_pff_alignment_matchup,2024,13,Ladd McConkey,WR,14.77,14.29,20.7,-0.48,6.41
ablate v2_pff_alignment_matchup,2025,17,Tee Higgins,WR,15.63,16.31,9.9,0.68,6.41
ablate v2_pff_alignment_matchup,2023,12,Michael Pittman,WR,13.71,14.29,20.7,0.58,6.41
ablate v2_scheme_matchup,2025,16,Kayshon Boutte,WR,9.0,9.0,2.6,0.0,6.4
ablate v2_pff_alignment_matchup,2025,11,Dallas Goedert,TE,12.42,10.8,4.4,-1.62,6.4
ablate v2_scheme_matchup,2023,4,Travis Kelce,TE,18.69,18.4,12.0,-0.29,6.4
ablate v2_scheme_matchup,2024,8,Jayden Reed,WR,13.9,13.9,7.5,0.0,6.4
ablate v2_scheme_matchup,2024,17,Drake London,WR,11.21,11.21,17.6,0.0,6.39
ablate v2_pff_alignment_matchup,2022,7,Courtland Sutton,WR,10.35,11.69,5.3,1.34,6.39
ablate v2_scheme_matchup,2023,4,Allen Lazard,WR,8.62,8.71,15.1,0.09,6.39
ablate v2_pff_alignment_matchup,2025,14,Ja'Marr Chase,WR,16.31,16.59,10.2,0.28,6.39
ablate v2_pff_alignment_matchup,2024,15,Keenan Allen,WR,13.52,13.81,20.2,0.29,6.39
ablate v2_pff_alignment_matchup,2022,16,DJ Moore,WR,14.19,13.71,20.1,-0.48,6.39
ablate v2_scheme_matchup,2025,10,T.J. Hockenson,TE,8.9,9.19,2.8,0.29,6.39
ablate v2_scheme_matchup,2025,16,Tyrell Shavers,WR,9.19,9.48,3.1,0.29,6.38
ablate v2_pff_alignment_matchup,2024,13,Nico Collins,WR,13.52,13.52,19.9,0.0,6.38
ablate v2_scheme_matchup,2023,10,Cade Otton,TE,9.28,9.38,3.0,0.1,6.38
ablate v2_scheme_matchup,2022,9,Zach Ertz,TE,8.62,8.62,15.0,0.0,6.38
ablate v2_scheme_matchup,2022,3,DK Metcalf,WR,11.31,11.02,17.4,-0.29,6.38
ablate v2_pff_alignment_matchup,2022,9,Zach Ertz,TE,8.62,8.62,15.0,0.0,6.38
ablate v2_scheme_matchup,2023,15,A.J. Brown,WR,17.17,16.98,10.6,-0.19,6.38
ablate v2_scheme_matchup,2024,9,Sam LaPorta,TE,10.71,11.18,4.8,0.47,6.38
ablate v2_scheme_matchup,2023,4,Luke Musgrave,TE,7.1,7.48,1.1,0.38,6.38
ablate v2_scheme_matchup,2024,13,Nico Collins,WR,13.52,13.52,19.9,0.0,6.38
ablate v2_pff_alignment_matchup,2024,12,Sam LaPorta,TE,11.18,11.28,4.9,0.1,6.38
ablate v2_scheme_matchup,2022,15,Parris Campbell,WR,10.06,9.67,3.3,-0.39,6.37
ablate v2_scheme_matchup,2022,6,Josh Palmer,WR,8.33,8.33,14.7,0.0,6.37
ablate v2_scheme_matchup,2023,16,Diontae Johnson,WR,10.06,9.87,3.5,-0.19,6.37
ablate v2_pff_alignment_matchup,2022,6,Josh Palmer,WR,8.33,8.33,14.7,0.0,6.37
ablate v2_scheme_matchup,2022,14,Adam Thielen,WR,13.13,13.13,19.5,0.0,6.37
ablate v2_scheme_matchup,2023,14,Michael Pittman,WR,13.23,13.13,19.5,-0.1,6.37
ablate v2_pff_alignment_matchup,2022,14,Amari Cooper,WR,12.56,12.56,6.2,0.0,6.36
ablate v2_pff_alignment_matchup,2024,8,Jalen Nailor,WR,9.67,9.96,3.6,0.29,6.36
ablate v2_pff_alignment_matchup,2025,5,Justin Jefferson,WR,12.65,12.94,19.3,0.29,6.36
ablate v2_scheme_matchup,2022,14,Amari Cooper,WR,12.56,12.56,6.2,0.0,6.36
ablate v2_pff_alignment_matchup,2022,9,Cooper Kupp,WR,19.77,20.44,26.8,0.67,6.36
ablate v2_scheme_matchup,2025,5,Justin Jefferson,WR,12.65,12.94,19.3,0.29,6.36
ablate v2_pff_alignment_matchup,2024,4,Isaiah Likely,TE,9.95,9.95,3.6,0.0,6.35
ablate v2_scheme_matchup,2024,4,Isaiah Likely,TE,9.95,9.95,3.6,0.0,6.35
ablate v2_scheme_matchup,2022,18,Christian Watson,WR,10.16,10.25,16.6,0.09,6.35
ablate v2_scheme_matchup,2023,4,Puka Nacua,WR,24.95,24.95,31.3,0.0,6.35
ablate v2_scheme_matchup,2022,7,Marquez Valdes-Scantling,WR,7.46,7.75,14.1,0.29,6.35
ablate v2_scheme_matchup,2023,3,Courtland Sutton,WR,13.13,12.75,19.1,-0.38,6.35
ablate v2_pff_alignment_matchup,2022,18,Christian Watson,WR,10.16,10.25,16.6,0.09,6.35
ablate v2_scheme_matchup,2024,4,George Pickens,WR,9.96,9.96,16.3,0.0,6.34
ablate v2_scheme_matchup,2022,17,JuJu Smith-Schuster,WR,10.73,10.44,4.1,-0.29,6.34
ablate v2_pff_alignment_matchup,2025,6,Garrett Wilson,WR,10.73,10.64,4.3,-0.09,6.34
ablate v2_scheme_matchup,2024,14,Cole Kmet,TE,6.72,6.34,0.0,-0.38,6.34
ablate v2_pff_alignment_matchup,2022,3,Jarvis Landry,WR,10.54,10.54,4.2,0.0,6.34
ablate v2_pff_alignment_matchup,2024,13,George Pickens,WR,10.44,10.06,16.4,-0.38,6.34
ablate v2_pff_alignment_matchup,2025,10,Hunter Henry,TE,7.86,8.24,1.9,0.38,6.34
ablate v2_scheme_matchup,2022,11,CeeDee Lamb,WR,16.4,15.83,9.5,-0.57,6.33
ablate v2_pff_alignment_matchup,2024,12,Zach Ertz,TE,9.66,9.47,15.8,-0.19,6.33
ablate v2_pff_alignment_matchup,2024,4,Travis Kelce,TE,9.95,9.57,15.9,-0.38,6.33
ablate v2_pff_alignment_matchup,2023,13,Josh Downs,WR,10.73,10.73,4.4,0.0,6.33
ablate v2_pff_alignment_matchup,2022,11,Dawson Knox,TE,8.14,7.67,14.0,-0.47,6.33
ablate v2_pff_alignment_matchup,2025,16,Lil'Jordan Humphrey,WR,7.95,8.23,1.9,0.28,6.33
ablate v2_scheme_matchup,2022,4,George Pickens,WR,9.39,9.87,16.2,0.48,6.33
ablate v2_scheme_matchup,2022,16,Tyreek Hill,WR,20.63,20.63,14.3,0.0,6.33
ablate v2_pff_alignment_matchup,2022,18,Deebo Samuel Sr.,WR,11.21,10.73,4.4,-0.48,6.33
ablate v2_pff_alignment_matchup,2023,8,Puka Nacua,WR,13.23,13.62,7.3,0.39,6.32
ablate v2_pff_alignment_matchup,2025,7,Michael Pittman,WR,15.25,14.48,20.8,-0.77,6.32
ablate v2_pff_alignment_matchup,2025,3,Deebo Samuel Sr.,WR,10.73,11.21,4.9,0.48,6.31
ablate v2_scheme_matchup,2025,4,Jonnu Smith,TE,8.9,8.9,2.6,0.0,6.3
ablate v2_scheme_matchup,2022,8,Zach Ertz,TE,7.1,7.1,13.4,0.0,6.3
ablate v2_scheme_matchup,2022,16,Jerry Jeudy,WR,11.31,11.4,17.7,0.09,6.3
ablate v2_scheme_matchup,2023,8,Ja'Marr Chase,WR,18.9,18.9,25.2,0.0,6.3
ablate v2_pff_alignment_matchup,2022,4,Jerry Jeudy,WR,9.87,9.0,15.3,-0.87,6.3
ablate v2_pff_alignment_matchup,2025,3,Cooper Kupp,WR,11.31,11.4,5.1,0.09,6.3
ablate v2_scheme_matchup,2023,15,Cole Kmet,TE,7.67,7.0,13.3,-0.67,6.3
ablate v2_pff_alignment_matchup,2022,8,Zach Ertz,TE,7.1,7.1,13.4,0.0,6.3
ablate v2_pff_alignment_matchup,2025,12,Jakobi Meyers,WR,8.33,8.71,15.0,0.38,6.29
ablate v2_pff_alignment_matchup,2023,18,Garrett Wilson,WR,11.5,11.69,5.4,0.19,6.29
ablate v2_pff_alignment_matchup,2025,15,Hunter Henry,TE,9.0,9.09,2.8,0.09,6.29
ablate v2_scheme_matchup,2023,15,Brandin Cooks,WR,9.29,9.29,3.0,0.0,6.29
ablate v2_pff_alignment_matchup,2024,8,Dontayvion Wicks,WR,9.87,9.39,3.1,-0.48,6.29
ablate v2_scheme_matchup,2024,15,Xavier Legette,WR,9.0,9.19,2.9,0.19,6.29
ablate v2_scheme_matchup,2022,13,Gerald Everett,TE,6.62,6.72,13.0,0.1,6.28
ablate v2_pff_alignment_matchup,2023,10,Courtland Sutton,WR,11.5,11.02,17.3,-0.48,6.28
ablate v2_pff_alignment_matchup,2023,4,Luke Musgrave,TE,7.1,7.38,1.1,0.28,6.28
ablate v2_scheme_matchup,2022,17,A.J. Brown,WR,13.13,13.42,19.7,0.29,6.28
ablate v2_scheme_matchup,2025,9,Jordan Addison,WR,14.38,14.67,8.4,0.29,6.27
ablate v2_pff_alignment_matchup,2023,14,Michael Pittman,WR,13.23,13.23,19.5,0.0,6.27
ablate v2_scheme_matchup,2022,5,Romeo Doubs,WR,12.17,12.17,5.9,0.0,6.27
ablate v2_pff_alignment_matchup,2024,13,CeeDee Lamb,WR,12.46,12.17,5.9,-0.29,6.27
ablate v2_pff_alignment_matchup,2022,15,Tyler Higbee,TE,6.24,6.43,12.7,0.19,6.27
ablate v2_scheme_matchup,2024,12,DeAndre Hopkins,WR,8.43,8.23,14.5,-0.2,6.27
ablate v2_pff_alignment_matchup,2024,17,DeMario Douglas,WR,8.81,8.33,14.6,-0.48,6.27
ablate v2_pff_alignment_matchup,2024,5,Tommy Tremble,TE,6.62,5.96,-0.3,-0.66,6.26
ablate v2_pff_alignment_matchup,2025,5,JuJu Smith-Schuster,WR,9.58,9.96,3.7,0.38,6.26
ablate v2_scheme_matchup,2025,5,Elic Ayomanor,WR,10.06,10.06,3.8,0.0,6.26
ablate v2_pff_alignment_matchup,2022,7,Marquez Valdes-Scantling,WR,7.46,7.85,14.1,0.39,6.25
ablate v2_scheme_matchup,2025,8,Tyler Warren,TE,16.12,15.55,9.3,-0.57,6.25
ablate v2_scheme_matchup,2024,16,Romeo Doubs,WR,10.25,10.25,4.0,0.0,6.25
ablate v2_pff_alignment_matchup,2022,18,George Pickens,WR,10.35,9.96,16.2,-0.39,6.24
ablate v2_scheme_matchup,2023,11,Puka Nacua,WR,12.75,12.46,18.7,-0.29,6.24
ablate v2_scheme_matchup,2023,6,Tyler Higbee,TE,10.33,10.04,3.8,-0.29,6.24
ablate v2_pff_alignment_matchup,2025,10,Tyler Warren,TE,12.13,11.66,17.9,-0.47,6.24
ablate v2_scheme_matchup,2023,18,Brandin Cooks,WR,9.96,9.96,16.2,0.0,6.24
ablate v2_pff_alignment_matchup,2022,18,DJ Chark,WR,11.89,10.64,4.4,-1.25,6.24
ablate v2_scheme_matchup,2022,7,Drake London,WR,8.04,8.14,1.9,0.1,6.24
ablate v2_scheme_matchup,2024,4,DeMario Douglas,WR,10.54,10.54,4.3,0.0,6.24
ablate v2_pff_alignment_matchup,2024,10,Jauan Jennings,WR,9.58,10.06,16.3,0.48,6.24
ablate v2_scheme_matchup,2022,3,Jarvis Landry,WR,10.54,10.44,4.2,-0.1,6.24
ablate v2_scheme_matchup,2024,11,Kyle Pitts,TE,8.62,8.14,1.9,-0.48,6.24
ablate v2_scheme_matchup,2023,14,Khalil Shakir,WR,8.14,8.43,2.2,0.29,6.23
ablate v2_pff_alignment_matchup,2025,9,Ladd McConkey,WR,16.5,15.83,9.6,-0.67,6.23
ablate v2_pff_alignment_matchup,2023,10,Ja'Marr Chase,WR,17.56,17.17,23.4,-0.39,6.23
ablate v2_scheme_matchup,2025,8,Rome Odunze,WR,12.17,12.17,18.4,0.0,6.23
ablate v2_scheme_matchup,2024,13,Ladd McConkey,WR,14.77,14.48,20.7,-0.29,6.22
ablate v2_pff_alignment_matchup,2025,11,Oronde Gadsden II,TE,11.47,12.32,6.1,0.85,6.22
ablate v2_pff_alignment_matchup,2023,13,Jaxon Smith-Njigba,WR,6.5,6.98,13.2,0.48,6.22
ablate v2_scheme_matchup,2024,12,Amon-Ra St. Brown,WR,18.71,18.42,12.2,-0.29,6.22
ablate v2_scheme_matchup,2025,4,Khalil Shakir,WR,11.69,11.69,17.9,0.0,6.21
ablate v2_scheme_matchup,2023,17,Sam LaPorta,TE,9.57,9.19,15.4,-0.38,6.21
ablate v2_pff_alignment_matchup,2024,13,Devaughn Vele,WR,9.39,8.81,2.6,-0.58,6.21
ablate v2_scheme_matchup,2022,13,Marvin Jones,WR,8.91,8.91,2.7,0.0,6.21
ablate v2_scheme_matchup,2025,11,Jalen Nailor,WR,8.81,8.81,2.6,0.0,6.21
ablate v2_scheme_matchup,2024,12,Michael Pittman,WR,9.29,9.39,15.6,0.1,6.21
ablate v2_pff_alignment_matchup,2025,17,Juwan Johnson,TE,7.0,7.29,13.5,0.29,6.21
ablate v2_pff_alignment_matchup,2022,13,Marvin Jones,WR,8.91,8.91,2.7,0.0,6.21
ablate v2_scheme_matchup,2022,9,Michael Pittman,WR,11.5,11.4,5.2,-0.1,6.2
ablate v2_scheme_matchup,2023,16,CeeDee Lamb,WR,20.34,19.0,25.2,-1.34,6.2
ablate v2_scheme_matchup,2025,3,Josh Downs,WR,11.21,11.6,5.4,0.39,6.2
ablate v2_scheme_matchup,2022,16,DJ Moore,WR,14.19,13.9,20.1,-0.29,6.2
ablate v2_scheme_matchup,2022,17,Amon-Ra St. Brown,WR,16.31,16.4,10.2,0.09,6.2
ablate v2_scheme_matchup,2023,4,Jakobi Meyers,WR,11.6,11.5,5.3,-0.1,6.2
ablate v2_scheme_matchup,2022,5,DK Metcalf,WR,11.79,11.6,17.8,-0.19,6.2
ablate v2_pff_alignment_matchup,2022,6,Isaiah McKenzie,WR,9.48,9.1,2.9,-0.38,6.2
ablate v2_pff_alignment_matchup,2024,16,Jalen Coker,WR,9.0,9.0,2.8,0.0,6.2
ablate v2_scheme_matchup,2023,18,Garrett Wilson,WR,11.5,11.6,5.4,0.1,6.2
ablate v2_pff_alignment_matchup,2025,17,Josh Downs,WR,10.64,11.6,5.4,0.96,6.2
ablate v2_pff_alignment_matchup,2025,15,Michael Pittman,WR,11.89,11.79,5.6,-0.1,6.19
ablate v2_pff_alignment_matchup,2022,16,JuJu Smith-Schuster,WR,11.89,11.89,5.7,0.0,6.19
ablate v2_pff_alignment_matchup,2023,8,Evan Engram,TE,9.19,10.61,16.8,1.42,6.19
ablate v2_scheme_matchup,2023,7,Dallas Goedert,TE,10.61,12.51,18.7,1.9,6.19
ablate v2_pff_alignment_matchup,2022,3,DK Metcalf,WR,11.31,11.21,17.4,-0.1,6.19
ablate v2_scheme_matchup,2025,17,Jameson Williams,WR,11.79,11.89,5.7,0.1,6.19
ablate v2_pff_alignment_matchup,2024,6,Hunter Henry,TE,6.34,6.91,13.1,0.57,6.19
ablate v2_pff_alignment_matchup,2022,18,Chris Olave,WR,8.91,8.81,15.0,-0.1,6.19
ablate v2_pff_alignment_matchup,2022,7,Christian Kirk,WR,11.21,10.92,17.1,-0.29,6.18
ablate v2_pff_alignment_matchup,2024,5,George Kittle,TE,14.32,14.22,20.4,-0.1,6.18
ablate v2_scheme_matchup,2025,3,Ricky Pearsall,WR,13.42,13.52,19.7,0.1,6.18
ablate v2_pff_alignment_matchup,2023,17,Rashid Shaheed,WR,10.06,9.58,3.4,-0.48,6.18
ablate v2_scheme_matchup,2025,14,Emeka Egbuka,WR,9.58,9.67,3.5,0.09,6.17
ablate v2_pff_alignment_matchup,2022,13,Nelson Agholor,WR,10.16,9.87,3.7,-0.29,6.17
ablate v2_scheme_matchup,2022,8,Greg Dulcich,TE,6.62,6.53,12.7,-0.09,6.17
ablate v2_scheme_matchup,2022,13,DeVante Parker,WR,9.77,9.77,3.6,0.0,6.17
ablate v2_scheme_matchup,2025,6,Austin Hooper,TE,7.0,7.67,1.5,0.67,6.17
ablate v2_pff_alignment_matchup,2025,14,Emeka Egbuka,WR,9.58,9.67,3.5,0.09,6.17
ablate v2_scheme_matchup,2022,11,Diontae Johnson,WR,12.37,12.37,6.2,0.0,6.17
ablate v2_pff_alignment_matchup,2024,12,DeAndre Hopkins,WR,8.43,8.33,14.5,-0.1,6.17
ablate v2_pff_alignment_matchup,2022,17,Nick Westbrook-Ikhine,WR,7.27,7.56,1.4,0.29,6.16
ablate v2_pff_alignment_matchup,2023,4,Terry McLaurin,WR,10.35,10.44,16.6,0.09,6.16
ablate v2_pff_alignment_matchup,2023,3,Courtland Sutton,WR,13.13,12.94,19.1,-0.19,6.16
ablate v2_scheme_matchup,2023,4,Terry McLaurin,WR,10.35,10.44,16.6,0.09,6.16
ablate v2_scheme_matchup,2025,5,Marvin Mims Jr.,WR,10.06,10.06,3.9,0.0,6.16
ablate v2_pff_alignment_matchup,2025,12,Brenton Strange,TE,8.05,8.14,14.3,0.09,6.16
ablate v2_pff_alignment_matchup,2025,10,Keenan Allen,WR,9.58,10.06,3.9,0.48,6.16
ablate v2_pff_alignment_matchup,2022,7,Brevin Jordan,TE,6.15,6.15,0.0,0.0,6.15
ablate v2_scheme_matchup,2024,13,George Pickens,WR,10.44,10.25,16.4,-0.19,6.15
ablate v2_scheme_matchup,2023,13,DeAndre Hopkins,WR,12.75,12.75,18.9,0.0,6.15
ablate v2_pff_alignment_matchup,2025,15,Wan'Dale Robinson,WR,11.5,10.25,16.4,-1.25,6.15
ablate v2_scheme_matchup,2022,5,Zay Jones,WR,10.25,10.35,4.2,0.1,6.15
ablate v2_scheme_matchup,2025,12,Olamide Zaccheaus,WR,7.85,7.75,1.6,-0.1,6.15
ablate v2_pff_alignment_matchup,2024,3,Sam LaPorta,TE,11.85,11.75,5.6,-0.1,6.15
ablate v2_scheme_matchup,2022,9,Logan Thomas,TE,5.48,6.15,0.0,0.67,6.15
ablate v2_pff_alignment_matchup,2024,6,Brock Bowers,TE,10.61,9.95,16.1,-0.66,6.15
ablate v2_scheme_matchup,2022,7,Brevin Jordan,TE,6.15,6.15,0.0,0.0,6.15
ablate v2_scheme_matchup,2024,3,Sam LaPorta,TE,11.85,11.75,5.6,-0.1,6.15
ablate v2_pff_alignment_matchup,2024,10,Garrett Wilson,WR,15.34,15.25,9.1,-0.09,6.15
ablate v2_pff_alignment_matchup,2023,3,Hunter Henry,TE,8.24,9.85,3.7,1.61,6.15
ablate v2_pff_alignment_matchup,2022,9,JuJu Smith-Schuster,WR,13.04,12.65,18.8,-0.39,6.15
ablate v2_scheme_matchup,2025,6,Garrett Wilson,WR,10.73,10.44,4.3,-0.29,6.14
ablate v2_scheme_matchup,2025,8,Dallas Goedert,TE,12.23,11.66,17.8,-0.57,6.14
ablate v2_scheme_matchup,2024,9,Jordan Addison,WR,9.96,9.96,16.1,0.0,6.14
ablate v2_pff_alignment_matchup,2023,17,Terry McLaurin,WR,10.25,9.96,16.1,-0.29,6.14
ablate v2_pff_alignment_matchup,2023,6,CeeDee Lamb,WR,13.42,12.56,18.7,-0.86,6.14
ablate v2_scheme_matchup,2022,17,Michael Pittman,WR,9.87,9.96,16.1,0.09,6.14
ablate v2_scheme_matchup,2025,13,Chimere Dike,WR,8.14,8.04,1.9,-0.1,6.14
ablate v2_scheme_matchup,2023,9,Juwan Johnson,TE,7.29,7.76,13.9,0.47,6.14
ablate v2_pff_alignment_matchup,2025,18,Chig Okonkwo,TE,8.24,8.33,2.2,0.09,6.13
ablate v2_scheme_matchup,2024,14,Pat Freiermuth,TE,8.43,7.67,13.8,-0.76,6.13
ablate v2_scheme_matchup,2024,7,Jaylen Waddle,WR,8.52,8.23,2.1,-0.29,6.13
ablate v2_scheme_matchup,2023,10,Deebo Samuel Sr.,WR,9.87,9.77,15.9,-0.1,6.13
ablate v2_scheme_matchup,2023,10,Ja'Marr Chase,WR,17.56,17.27,23.4,-0.29,6.13
ablate v2_pff_alignment_matchup,2025,10,Oronde Gadsden II,TE,9.19,10.42,4.3,1.23,6.12
ablate v2_pff_alignment_matchup,2024,12,Amon-Ra St. Brown,WR,18.71,18.32,12.2,-0.39,6.12
ablate v2_pff_alignment_matchup,2025,18,Jauan Jennings,WR,13.42,13.62,7.5,0.2,6.12
ablate v2_pff_alignment_matchup,2025,11,Jalen Nailor,WR,8.81,8.71,2.6,-0.1,6.11
ablate v2_scheme_matchup,2024,16,Jalen Coker,WR,9.0,8.91,2.8,-0.09,6.11
ablate v2_pff_alignment_matchup,2023,16,CeeDee Lamb,WR,20.34,19.09,25.2,-1.25,6.11
ablate v2_scheme_matchup,2025,17,AJ Barner,TE,6.81,7.19,13.3,0.38,6.11
ablate v2_scheme_matchup,2024,16,Keon Coleman,WR,8.71,8.81,2.7,0.1,6.11
ablate v2_pff_alignment_matchup,2025,6,Calvin Ridley,WR,9.29,8.91,2.8,-0.38,6.11
ablate v2_scheme_matchup,2023,9,Stefon Diggs,WR,16.59,16.5,22.6,-0.09,6.1
ablate v2_pff_alignment_matchup,2023,4,Jakobi Meyers,WR,11.6,11.4,5.3,-0.2,6.1
ablate v2_pff_alignment_matchup,2022,9,Tyler Lockett,WR,11.89,11.6,17.7,-0.29,6.1
ablate v2_pff_alignment_matchup,2025,14,Kyle Pitts,TE,8.9,8.9,15.0,0.0,6.1
ablate v2_scheme_matchup,2025,17,Darren Waller,TE,7.38,7.1,1.0,-0.28,6.1
ablate v2_scheme_matchup,2022,9,Tyler Lockett,WR,11.89,11.6,17.7,-0.29,6.1
ablate v2_scheme_matchup,2025,14,Jakobi Meyers,WR,8.81,8.71,14.8,-0.1,6.09
ablate v2_scheme_matchup,2025,12,Colston Loveland,TE,8.24,8.81,14.9,0.57,6.09
ablate v2_pff_alignment_matchup,2022,14,Amon-Ra St. Brown,WR,19.28,19.48,13.4,0.2,6.08
ablate v2_pff_alignment_matchup,2024,8,Zach Ertz,TE,9.47,8.62,14.7,-0.85,6.08
ablate v2_scheme_matchup,2024,14,A.J. Brown,WR,14.58,14.38,8.3,-0.2,6.08
ablate v2_pff_alignment_matchup,2022,5,Pat Freiermuth,TE,9.57,9.28,3.2,-0.29,6.08
ablate v2_scheme_matchup,2022,7,Christian Kirk,WR,11.21,11.02,17.1,-0.19,6.08
ablate v2_pff_alignment_matchup,2022,5,Romeo Doubs,WR,12.17,11.98,5.9,-0.19,6.08
ablate v2_pff_alignment_matchup,2022,4,Drake London,WR,11.4,9.77,3.7,-1.63,6.07
ablate v2_pff_alignment_matchup,2023,3,Brandin Cooks,WR,10.54,9.77,3.7,-0.77,6.07
ablate v2_scheme_matchup,2024,9,Josh Palmer,WR,8.33,8.23,14.3,-0.1,6.07
ablate v2_pff_alignment_matchup,2023,7,Noah Fant,TE,9.47,9.57,3.5,0.1,6.07
ablate v2_scheme_matchup,2025,11,Kyle Pitts,TE,8.24,9.47,3.4,1.23,6.07
ablate v2_scheme_matchup,2023,8,Christian Kirk,WR,14.86,14.67,8.6,-0.19,6.07
ablate v2_pff_alignment_matchup,2022,4,Garrett Wilson,WR,11.98,12.17,6.1,0.19,6.07
ablate v2_scheme_matchup,2022,6,Romeo Doubs,WR,11.79,12.17,6.1,0.38,6.07
ablate v2_pff_alignment_matchup,2023,9,Jahan Dotson,WR,10.25,10.83,16.9,0.58,6.07
ablate v2_scheme_matchup,2022,13,Elijah Moore,WR,10.06,9.77,3.7,-0.29,6.07
ablate v2_scheme_matchup,2025,13,Parker Washington,WR,9.67,9.67,3.6,0.0,6.07
ablate v2_pff_alignment_matchup,2023,10,Irv Smith,TE,7.48,7.67,1.6,0.19,6.07
ablate v2_pff_alignment_matchup,2025,17,Kyle Pitts,TE,9.28,9.66,3.6,0.38,6.06
ablate v2_scheme_matchup,2022,12,Dawson Knox,TE,9.76,9.76,3.7,0.0,6.06
ablate v2_scheme_matchup,2024,14,Calvin Austin III,WR,7.46,7.46,1.4,0.0,6.06
ablate v2_scheme_matchup,2022,12,Michael Pittman,WR,12.85,13.04,19.1,0.19,6.06
ablate v2_scheme_matchup,2025,12,Brenton Strange,TE,8.05,8.24,14.3,0.19,6.06
ablate v2_scheme_matchup,2024,10,Garrett Wilson,WR,15.34,15.15,9.1,-0.19,6.05
ablate v2_pff_alignment_matchup,2025,15,Jalen Coker,WR,7.46,7.95,14.0,0.49,6.05
ablate v2_pff_alignment_matchup,2022,9,Juwan Johnson,TE,5.96,6.15,12.2,0.19,6.05
ablate v2_pff_alignment_matchup,2025,15,Michael Wilson,WR,10.35,10.35,16.4,0.0,6.05
ablate v2_scheme_matchup,2025,15,Michael Wilson,WR,10.35,10.35,16.4,0.0,6.05
ablate v2_scheme_matchup,2022,18,Michael Gallup,WR,8.04,8.04,2.0,0.0,6.04
ablate v2_scheme_matchup,2024,3,Tyreek Hill,WR,13.13,13.04,7.0,-0.09,6.04
ablate v2_pff_alignment_matchup,2023,18,Brandin Cooks,WR,9.96,10.16,16.2,0.2,6.04
ablate v2_scheme_matchup,2024,8,Zay Flowers,WR,12.46,12.46,18.5,0.0,6.04
ablate v2_pff_alignment_matchup,2024,8,Zay Flowers,WR,12.46,12.46,18.5,0.0,6.04
ablate v2_pff_alignment_matchup,2024,11,Jake Ferguson,TE,7.86,8.14,2.1,0.28,6.04
ablate v2_scheme_matchup,2025,10,Alec Pierce,WR,11.98,12.37,18.4,0.39,6.03
ablate v2_scheme_matchup,2023,8,Puka Nacua,WR,13.23,13.33,7.3,0.1,6.03
ablate v2_scheme_matchup,2022,5,Mark Andrews,TE,16.88,16.88,22.9,0.0,6.02
ablate v2_scheme_matchup,2024,4,Brandin Cooks,WR,8.52,8.62,2.6,0.1,6.02
ablate v2_pff_alignment_matchup,2024,4,Jaylen Waddle,WR,12.75,13.62,7.6,0.87,6.02
ablate v2_pff_alignment_matchup,2024,17,Zay Flowers,WR,11.12,11.12,5.1,0.0,6.02
ablate v2_pff_alignment_matchup,2022,5,Mark Andrews,TE,16.88,16.88,22.9,0.0,6.02
ablate v2_pff_alignment_matchup,2025,16,Kayshon Boutte,WR,9.0,8.62,2.6,-0.38,6.02
ablate v2_scheme_matchup,2023,8,Dalton Schultz,TE,8.52,8.52,2.5,0.0,6.02
ablate v2_scheme_matchup,2023,9,Tyreek Hill,WR,18.32,18.52,12.5,0.2,6.02
ablate v2_scheme_matchup,2024,17,Zay Flowers,WR,11.12,11.12,5.1,0.0,6.02
ablate v2_scheme_matchup,2025,3,Cooper Kupp,WR,11.31,11.12,5.1,-0.19,6.02
ablate v2_pff_alignment_matchup,2024,10,Jordan Addison,WR,11.89,10.92,4.9,-0.97,6.02
ablate v2_pff_alignment_matchup,2023,12,Tyreek Hill,WR,20.15,19.38,25.4,-0.77,6.02
ablate v2_pff_alignment_matchup,2023,8,Dalton Schultz,TE,8.52,8.52,2.5,0.0,6.02
ablate v2_pff_alignment_matchup,2024,9,Tutu Atwell,WR,8.62,8.62,2.6,0.0,6.02
ablate v2_pff_alignment_matchup,2022,11,Marquez Valdes-Scantling,WR,8.81,8.81,2.8,0.0,6.01
ablate v2_scheme_matchup,2022,11,Marquez Valdes-Scantling,WR,8.81,8.81,2.8,0.0,6.01
ablate v2_scheme_matchup,2025,7,Olamide Zaccheaus,WR,8.91,8.91,2.9,0.0,6.01
ablate v2_scheme_matchup,2024,15,Marvin Harrison Jr.,WR,11.21,11.21,5.2,0.0,6.01
ablate v2_pff_alignment_matchup,2024,15,Marvin Harrison Jr.,WR,11.21,11.21,5.2,0.0,6.01
ablate v2_pff_alignment_matchup,2022,13,Jakobi Meyers,WR,10.92,11.21,5.2,0.29,6.01
ablate v2_scheme_matchup,2025,3,Tyler Warren,TE,13.84,12.8,6.8,-1.04,6.0
ablate v2_pff_alignment_matchup,2023,7,Terry McLaurin,WR,8.33,9.0,15.0,0.67,6.0
ablate v2_scheme_matchup,2025,15,Michael Pittman,WR,11.89,11.6,5.6,-0.29,6.0
ablate v2_scheme_matchup,2022,18,Chris Olave,WR,8.91,9.0,15.0,0.09,6.0
ablate v2_pff_alignment_matchup,2023,15,Brandin Cooks,WR,9.29,9.0,3.0,-0.29,6.0
ablate v2_scheme_matchup,2025,11,Jameson Williams,WR,13.62,13.71,19.7,0.09,5.99
ablate v2_pff_alignment_matchup,2025,14,Jakobi Meyers,WR,8.81,8.81,14.8,0.0,5.99
ablate v2_scheme_matchup,2024,15,DK Metcalf,WR,12.17,11.79,5.8,-0.38,5.99
ablate v2_pff_alignment_matchup,2025,16,T.J. Hockenson,TE,7.19,7.19,1.2,0.0,5.99
ablate v2_pff_alignment_matchup,2025,3,Ricky Pearsall,WR,13.42,13.71,19.7,0.29,5.99
ablate v2_pff_alignment_matchup,2025,5,Brenton Strange,TE,9.09,9.19,3.2,0.1,5.99
ablate v2_pff_alignment_matchup,2024,17,Tyreek Hill,WR,13.71,13.52,19.5,-0.19,5.98
ablate v2_scheme_matchup,2022,3,Tyler Conklin,TE,10.33,10.42,16.4,0.09,5.98
ablate v2_scheme_matchup,2022,4,Garrett Wilson,WR,11.98,12.08,6.1,0.1,5.98
ablate v2_scheme_matchup,2024,4,George Kittle,TE,9.47,8.52,14.5,-0.95,5.98
ablate v2_scheme_matchup,2025,15,DK Metcalf,WR,8.62,8.52,14.5,-0.1,5.98
ablate v2_pff_alignment_matchup,2024,14,Jaxon Smith-Njigba,WR,14.1,13.62,19.6,-0.48,5.98
ablate v2_scheme_matchup,2024,8,Jalen Nailor,WR,9.67,9.58,3.6,-0.09,5.98
ablate v2_scheme_matchup,2023,6,Curtis Samuel,WR,8.52,8.23,14.2,-0.29,5.97
ablate v2_pff_alignment_matchup,2025,5,Marvin Mims Jr.,WR,10.06,9.87,3.9,-0.19,5.97
ablate v2_pff_alignment_matchup,2022,13,Elijah Moore,WR,10.06,9.67,3.7,-0.39,5.97
ablate v2_pff_alignment_matchup,2023,3,DeVante Parker,WR,10.35,9.87,3.9,-0.48,5.97
ablate v2_pff_alignment_matchup,2024,9,Josh Palmer,WR,8.33,8.33,14.3,0.0,5.97
ablate v2_pff_alignment_matchup,2024,7,Sam LaPorta,TE,9.19,9.47,3.5,0.28,5.97
ablate v2_scheme_matchup,2023,7,Tyler Higbee,TE,7.57,7.67,1.7,0.1,5.97
ablate v2_scheme_matchup,2022,3,Elijah Moore,WR,14.77,14.86,8.9,0.09,5.96
ablate v2_pff_alignment_matchup,2024,5,Travis Kelce,TE,9.76,10.04,16.0,0.28,5.96
ablate v2_pff_alignment_matchup,2023,4,Christian Kirk,WR,10.44,10.44,16.4,0.0,5.96
ablate v2_pff_alignment_matchup,2022,13,JuJu Smith-Schuster,WR,12.46,12.46,6.5,0.0,5.96
ablate v2_pff_alignment_matchup,2022,5,Zay Jones,WR,10.25,10.16,4.2,-0.09,5.96
ablate v2_scheme_matchup,2023,4,Christian Kirk,WR,10.44,10.44,16.4,0.0,5.96
ablate v2_pff_alignment_matchup,2023,7,Van Jefferson,WR,7.66,7.46,1.5,-0.2,5.96
ablate v2_scheme_matchup,2023,6,Terry McLaurin,WR,8.52,8.14,14.1,-0.38,5.96
ablate v2_scheme_matchup,2022,17,Christian Kirk,WR,10.06,10.06,4.1,0.0,5.96
ablate v2_pff_alignment_matchup,2024,16,Jaxon Smith-Njigba,WR,17.17,18.04,24.0,0.87,5.96
ablate v2_pff_alignment_matchup,2025,12,Marquise Brown,WR,7.95,7.95,2.0,0.0,5.95
ablate v2_scheme_matchup,2025,12,Marquise Brown,WR,7.95,7.95,2.0,0.0,5.95
ablate v2_scheme_matchup,2024,13,Trey McBride,TE,15.65,15.65,21.6,0.0,5.95
ablate v2_pff_alignment_matchup,2024,7,Zach Ertz,TE,8.33,8.05,14.0,-0.28,5.95
ablate v2_scheme_matchup,2024,4,Travis Kelce,TE,9.95,9.95,15.9,0.0,5.95
ablate v2_scheme_matchup,2025,14,Zach Ertz,TE,8.24,8.05,2.1,-0.19,5.95
ablate v2_pff_alignment_matchup,2023,13,Jahan Dotson,WR,11.4,10.25,4.3,-1.15,5.95
ablate v2_scheme_matchup,2024,7,Zach Ertz,TE,8.33,8.05,14.0,-0.28,5.95
ablate v2_scheme_matchup,2023,8,Zay Flowers,WR,12.85,12.85,6.9,0.0,5.95
ablate v2_pff_alignment_matchup,2023,8,Zay Flowers,WR,12.85,12.85,6.9,0.0,5.95
ablate v2_scheme_matchup,2022,18,George Pickens,WR,10.35,10.25,16.2,-0.1,5.95
ablate v2_pff_alignment_matchup,2024,13,Trey McBride,TE,15.65,15.65,21.6,0.0,5.95
ablate v2_scheme_matchup,2025,18,Chig Okonkwo,TE,8.24,8.14,2.2,-0.1,5.94
ablate v2_pff_alignment_matchup,2023,8,Nico Collins,WR,12.94,12.94,7.0,0.0,5.94
ablate v2_scheme_matchup,2024,13,Cade Otton,TE,10.99,11.94,6.0,0.95,5.94
ablate v2_scheme_matchup,2023,8,Nico Collins,WR,12.94,12.94,7.0,0.0,5.94
ablate v2_scheme_matchup,2022,13,Brandon Aiyuk,WR,15.54,15.54,9.6,0.0,5.94
ablate v2_scheme_matchup,2025,3,Deebo Samuel Sr.,WR,10.73,10.83,4.9,0.1,5.93
ablate v2_pff_alignment_matchup,2024,17,Rome Odunze,WR,8.33,8.43,2.5,0.1,5.93
ablate v2_scheme_matchup,2022,11,Stefon Diggs,WR,20.34,20.73,14.8,0.39,5.93
ablate v2_scheme_matchup,2022,7,George Pickens,WR,12.08,12.17,18.1,0.09,5.93
ablate v2_pff_alignment_matchup,2024,5,David Njoku,TE,8.33,8.33,2.4,0.0,5.93
ablate v2_scheme_matchup,2024,5,David Njoku,TE,8.33,8.33,2.4,0.0,5.93
ablate v2_pff_alignment_matchup,2023,8,Ja'Marr Chase,WR,18.9,19.28,25.2,0.38,5.92
ablate v2_pff_alignment_matchup,2025,9,Michael Pittman,WR,12.27,14.58,20.5,2.31,5.92
ablate v2_scheme_matchup,2023,8,Tyreek Hill,WR,19.09,19.28,25.2,0.19,5.92
ablate v2_pff_alignment_matchup,2022,4,Evan Engram,TE,7.29,8.52,2.6,1.23,5.92
ablate v2_scheme_matchup,2024,9,Tutu Atwell,WR,8.62,8.52,2.6,-0.1,5.92
ablate v2_pff_alignment_matchup,2025,6,Tetairoa McMillan,WR,12.94,11.98,17.9,-0.96,5.92
ablate v2_scheme_matchup,2023,5,Travis Kelce,TE,17.17,16.79,22.7,-0.38,5.91
ablate v2_pff_alignment_matchup,2022,6,A.J. Brown,WR,11.12,11.79,17.7,0.67,5.91
ablate v2_scheme_matchup,2022,17,Zay Jones,WR,11.31,11.31,5.4,0.0,5.91
ablate v2_pff_alignment_matchup,2024,7,Jerry Jeudy,WR,8.71,8.71,2.8,0.0,5.91
ablate v2_scheme_matchup,2024,7,Jerry Jeudy,WR,8.71,8.71,2.8,0.0,5.91
ablate v2_scheme_matchup,2025,4,Emeka Egbuka,WR,14.19,14.19,20.1,0.0,5.91
ablate v2_pff_alignment_matchup,2022,17,Zay Jones,WR,11.31,11.31,5.4,0.0,5.91
ablate v2_scheme_matchup,2024,3,Dalton Kincaid,TE,7.38,7.19,13.1,-0.19,5.91
ablate v2_scheme_matchup,2023,14,Sam LaPorta,TE,10.52,10.61,4.7,0.09,5.91
ablate v2_scheme_matchup,2025,4,Jameson Williams,WR,11.6,11.6,5.7,0.0,5.9
ablate v2_scheme_matchup,2024,18,Mike Gesicki,TE,9.09,8.9,14.8,-0.19,5.9
ablate v2_scheme_matchup,2023,11,Cole Kmet,TE,10.8,10.9,5.0,0.1,5.9
ablate v2_pff_alignment_matchup,2025,16,Ja'Marr Chase,WR,13.42,14.0,19.9,0.58,5.9
ablate v2_scheme_matchup,2025,8,Kyle Pitts,TE,8.9,9.0,14.9,0.1,5.9
ablate v2_pff_alignment_matchup,2025,17,Jameson Williams,WR,11.79,11.6,5.7,-0.19,5.9
ablate v2_pff_alignment_matchup,2025,12,Colston Loveland,TE,8.24,9.0,14.9,0.76,5.9
ablate v2_scheme_matchup,2022,17,Terry McLaurin,WR,11.69,11.6,5.7,-0.09,5.9
ablate v2_pff_alignment_matchup,2024,3,Travis Kelce,TE,11.66,12.89,7.0,1.23,5.89
ablate v2_pff_alignment_matchup,2022,18,Tyler Conklin,TE,8.43,9.19,3.3,0.76,5.89
ablate v2_scheme_matchup,2025,10,Davante Adams,WR,13.81,13.81,19.7,0.0,5.89
ablate v2_scheme_matchup,2024,17,DeMario Douglas,WR,8.81,8.71,14.6,-0.1,5.89
ablate v2_pff_alignment_matchup,2022,16,Drake London,WR,8.91,8.71,14.6,-0.2,5.89
ablate v2_scheme_matchup,2023,8,Jake Ferguson,TE,7.29,8.81,14.7,1.52,5.89
ablate v2_pff_alignment_matchup,2022,8,Greg Dulcich,TE,6.62,6.81,12.7,0.19,5.89
ablate v2_scheme_matchup,2022,16,Drake London,WR,8.91,8.71,14.6,-0.2,5.89
ablate v2_pff_alignment_matchup,2022,12,Tyler Boyd,WR,9.39,9.48,3.6,0.09,5.88
ablate v2_pff_alignment_matchup,2023,17,Kyle Pitts,TE,7.48,7.38,1.5,-0.1,5.88
ablate v2_scheme_matchup,2022,5,Stefon Diggs,WR,18.13,18.32,24.2,0.19,5.88
ablate v2_pff_alignment_matchup,2022,8,Diontae Johnson,WR,13.04,14.38,8.5,1.34,5.88
ablate v2_scheme_matchup,2025,18,Austin Hooper,TE,6.72,7.38,1.5,0.66,5.88
ablate v2_scheme_matchup,2025,16,Brock Bowers,TE,8.24,8.43,14.3,0.19,5.87
ablate v2_pff_alignment_matchup,2025,5,Marquise Brown,WR,14.38,14.67,8.8,0.29,5.87
ablate v2_scheme_matchup,2022,13,JuJu Smith-Schuster,WR,12.46,12.37,6.5,-0.09,5.87
ablate v2_pff_alignment_matchup,2024,3,Gabe Davis,WR,9.19,9.67,3.8,0.48,5.87
ablate v2_scheme_matchup,2023,15,Logan Thomas,TE,7.0,7.57,1.7,0.57,5.87
ablate v2_pff_alignment_matchup,2023,16,Dallas Goedert,TE,7.48,8.24,14.1,0.76,5.86
ablate v2_pff_alignment_matchup,2025,16,Mack Hollins,WR,8.33,8.04,13.9,-0.29,5.86
ablate v2_scheme_matchup,2024,10,Terry McLaurin,WR,10.64,10.44,16.3,-0.2,5.86
ablate v2_scheme_matchup,2025,10,Hunter Henry,TE,7.86,7.76,1.9,-0.1,5.86
ablate v2_scheme_matchup,2022,13,Evan Engram,TE,8.24,8.14,14.0,-0.1,5.86
ablate v2_scheme_matchup,2025,4,Stefon Diggs,WR,10.25,10.25,16.1,0.0,5.85
ablate v2_pff_alignment_matchup,2022,6,Darnell Mooney,WR,8.14,7.95,13.8,-0.19,5.85
ablate v2_pff_alignment_matchup,2022,9,Stefon Diggs,WR,18.8,20.15,14.3,1.35,5.85
ablate v2_scheme_matchup,2024,8,Darnell Mooney,WR,12.65,12.75,18.6,0.1,5.85
ablate v2_pff_alignment_matchup,2023,10,Nick Westbrook-Ikhine,WR,8.43,7.75,1.9,-0.68,5.85
ablate v2_pff_alignment_matchup,2025,10,Alec Pierce,WR,11.98,12.56,18.4,0.58,5.84
ablate v2_scheme_matchup,2022,6,Dallas Goedert,TE,9.47,10.04,4.2,0.57,5.84
ablate v2_scheme_matchup,2025,13,Brian Thomas Jr.,WR,10.64,10.64,4.8,0.0,5.84
ablate v2_scheme_matchup,2023,7,Keenan Allen,WR,15.15,15.34,9.5,0.19,5.84
ablate v2_pff_alignment_matchup,2022,4,Ja'Marr Chase,WR,16.59,17.94,12.1,1.35,5.84
ablate v2_scheme_matchup,2024,13,Sam LaPorta,TE,8.9,9.76,15.6,0.86,5.84
ablate v2_scheme_matchup,2022,16,K.J. Osborn,WR,10.35,10.54,4.7,0.19,5.84
ablate v2_scheme_matchup,2025,18,Stefon Diggs,WR,13.13,13.13,7.3,0.0,5.83
ablate v2_pff_alignment_matchup,2023,10,Curtis Samuel,WR,9.67,8.43,2.6,-1.24,5.83
ablate v2_scheme_matchup,2024,10,Dalton Kincaid,TE,9.09,10.23,4.4,1.14,5.83
ablate v2_pff_alignment_matchup,2023,6,Jaylen Waddle,WR,12.27,12.27,18.1,0.0,5.83
ablate v2_scheme_matchup,2023,7,George Pickens,WR,10.25,9.87,15.7,-0.38,5.83
ablate v2_scheme_matchup,2024,8,Cole Kmet,TE,9.85,10.23,4.4,0.38,5.83
ablate v2_scheme_matchup,2025,7,Cade Otton,TE,7.19,7.67,13.5,0.48,5.83
ablate v2_pff_alignment_matchup,2022,18,George Kittle,TE,13.94,13.08,18.9,-0.86,5.82
ablate v2_pff_alignment_matchup,2025,10,Jaxon Smith-Njigba,WR,13.81,14.48,20.3,0.67,5.82
ablate v2_scheme_matchup,2024,4,Amon-Ra St. Brown,WR,14.96,14.96,20.78,0.0,5.82
ablate v2_pff_alignment_matchup,2022,5,DK Metcalf,WR,11.79,11.98,17.8,0.19,5.82
ablate v2_scheme_matchup,2024,18,Brock Bowers,TE,9.76,9.19,15.0,-0.57,5.81
ablate v2_pff_alignment_matchup,2025,16,Tyrell Shavers,WR,9.19,8.91,3.1,-0.28,5.81
ablate v2_scheme_matchup,2025,7,Justin Jefferson,WR,18.61,18.71,12.9,0.1,5.81
ablate v2_scheme_matchup,2025,7,Tucker Kraft,TE,11.09,10.99,16.8,-0.1,5.81
ablate v2_scheme_matchup,2022,8,DK Metcalf,WR,11.98,11.69,17.5,-0.29,5.81
ablate v2_pff_alignment_matchup,2022,7,Keenan Allen,WR,9.19,8.91,3.1,-0.28,5.81
ablate v2_scheme_matchup,2025,14,Kyle Pitts,TE,8.9,9.19,15.0,0.29,5.81
ablate v2_pff_alignment_matchup,2023,4,Allen Lazard,WR,8.62,9.29,15.1,0.67,5.81
ablate v2_scheme_matchup,2025,5,Brenton Strange,TE,9.09,9.0,3.2,-0.09,5.8
ablate v2_scheme_matchup,2023,10,Courtland Sutton,WR,11.5,11.5,17.3,0.0,5.8
ablate v2_pff_alignment_matchup,2025,5,Chris Godwin Jr.,WR,10.83,11.4,5.6,0.57,5.8
ablate v2_scheme_matchup,2023,16,Brandon Aiyuk,WR,11.4,11.5,17.3,0.1,5.8
ablate v2_pff_alignment_matchup,2022,15,Stefon Diggs,WR,16.11,16.5,10.7,0.39,5.8
ablate v2_scheme_matchup,2022,5,David Njoku,TE,9.0,9.0,14.8,0.0,5.8
ablate v2_scheme_matchup,2025,17,Quentin Johnston,WR,9.0,9.0,14.8,0.0,5.8
ablate v2_scheme_matchup,2023,7,Christian Watson,WR,11.89,11.5,5.7,-0.39,5.8
ablate v2_pff_alignment_matchup,2022,5,David Njoku,TE,9.0,9.0,14.8,0.0,5.8
ablate v2_pff_alignment_matchup,2025,6,Tyler Warren,TE,12.61,12.51,18.3,-0.1,5.79
ablate v2_scheme_matchup,2022,18,Tyler Conklin,TE,8.43,9.09,3.3,0.66,5.79
ablate v2_scheme_matchup,2022,12,Tyler Boyd,WR,9.39,9.39,3.6,0.0,5.79
ablate v2_pff_alignment_matchup,2022,3,Tyler Conklin,TE,10.33,10.61,16.4,0.28,5.79
ablate v2_scheme_matchup,2025,7,Courtland Sutton,WR,11.02,10.92,16.7,-0.1,5.78
ablate v2_scheme_matchup,2025,5,JuJu Smith-Schuster,WR,9.58,9.48,3.7,-0.1,5.78
ablate v2_pff_alignment_matchup,2023,11,Amon-Ra St. Brown,WR,15.15,15.92,21.7,0.77,5.78
ablate v2_scheme_matchup,2023,10,Irv Smith,TE,7.48,7.38,1.6,-0.1,5.78
ablate v2_scheme_matchup,2023,12,Drake London,WR,8.14,8.33,14.1,0.19,5.77
ablate v2_scheme_matchup,2023,3,Jahan Dotson,WR,9.87,9.87,4.1,0.0,5.77
ablate v2_pff_alignment_matchup,2023,6,Calvin Ridley,WR,13.33,12.37,6.6,-0.96,5.77
ablate v2_pff_alignment_matchup,2022,12,Michael Pittman,WR,12.85,13.33,19.1,0.48,5.77
ablate v2_scheme_matchup,2022,7,Mike Williams,WR,16.4,15.83,21.6,-0.57,5.77
ablate v2_pff_alignment_matchup,2024,6,Tyler Lockett,WR,11.31,10.73,16.5,-0.58,5.77
ablate v2_scheme_matchup,2024,6,Brock Bowers,TE,10.61,10.33,16.1,-0.28,5.77
ablate v2_pff_alignment_matchup,2023,10,Drake London,WR,14.0,12.37,6.6,-1.63,5.77
ablate v2_scheme_matchup,2023,7,Calvin Ridley,WR,7.27,7.27,1.5,0.0,5.77
ablate v2_scheme_matchup,2023,3,Noah Gray,TE,7.29,7.67,1.9,0.38,5.77
ablate v2_scheme_matchup,2025,15,Tutu Atwell,WR,7.46,7.66,1.9,0.2,5.76
ablate v2_scheme_matchup,2022,9,JuJu Smith-Schuster,WR,13.04,13.04,18.8,0.0,5.76
ablate v2_scheme_matchup,2025,16,Lil'Jordan Humphrey,WR,7.95,7.66,1.9,-0.29,5.76
ablate v2_pff_alignment_matchup,2022,17,Noah Brown,WR,7.56,7.46,1.7,-0.1,5.76
ablate v2_pff_alignment_matchup,2024,14,Pat Freiermuth,TE,8.43,8.05,13.8,-0.38,5.75
ablate v2_pff_alignment_matchup,2022,7,Mike Evans,WR,13.04,12.85,18.6,-0.19,5.75
ablate v2_pff_alignment_matchup,2024,18,Rashod Bateman,WR,12.85,12.85,18.6,0.0,5.75
ablate v2_scheme_matchup,2024,18,Rashod Bateman,WR,12.85,12.85,18.6,0.0,5.75
ablate v2_pff_alignment_matchup,2024,16,Zach Ertz,TE,8.14,7.95,2.2,-0.19,5.75
ablate v2_scheme_matchup,2023,17,Terry McLaurin,WR,10.25,10.35,16.1,0.1,5.75
ablate v2_scheme_matchup,2022,11,Darius Slayton,WR,7.95,7.85,13.6,-0.1,5.75
ablate v2_scheme_matchup,2024,16,Zach Ertz,TE,8.14,7.95,2.2,-0.19,5.75
ablate v2_scheme_matchup,2025,10,Oronde Gadsden II,TE,9.19,10.04,4.3,0.85,5.74
ablate v2_pff_alignment_matchup,2023,10,Deebo Samuel Sr.,WR,9.87,10.16,15.9,0.29,5.74
ablate v2_pff_alignment_matchup,2022,18,Davante Adams,WR,18.71,18.04,12.3,-0.67,5.74
ablate v2_pff_alignment_matchup,2022,16,K.J. Osborn,WR,10.35,10.44,4.7,0.09,5.74
ablate v2_scheme_matchup,2025,13,DJ Moore,WR,10.25,10.44,4.7,0.19,5.74
ablate v2_pff_alignment_matchup,2024,12,Michael Pittman,WR,9.29,9.87,15.6,0.58,5.73
ablate v2_pff_alignment_matchup,2025,4,Jonnu Smith,TE,8.9,8.33,2.6,-0.57,5.73
ablate v2_pff_alignment_matchup,2023,5,Travis Kelce,TE,17.17,16.98,22.7,-0.19,5.72
ablate v2_pff_alignment_matchup,2023,9,Stefon Diggs,WR,16.59,16.88,22.6,0.29,5.72
ablate v2_pff_alignment_matchup,2022,16,Jerry Jeudy,WR,11.31,11.98,17.7,0.67,5.72
ablate v2_scheme_matchup,2024,15,Michael Wilson,WR,8.62,8.62,2.9,0.0,5.72
ablate v2_scheme_matchup,2024,18,George Kittle,TE,10.14,10.42,4.7,0.28,5.72
ablate v2_pff_alignment_matchup,2023,18,K.J. Osborn,WR,8.33,8.62,2.9,0.29,5.72
ablate v2_scheme_matchup,2025,18,Drake London,WR,12.08,12.08,17.8,0.0,5.72
ablate v2_pff_alignment_matchup,2024,15,Michael Wilson,WR,8.62,8.62,2.9,0.0,5.72
ablate v2_pff_alignment_matchup,2024,15,Xavier Legette,WR,9.0,8.62,2.9,-0.38,5.72
ablate v2_pff_alignment_matchup,2024,9,Sam LaPorta,TE,10.71,10.52,4.8,-0.19,5.72
ablate v2_scheme_matchup,2022,7,Keenan Allen,WR,9.19,8.81,3.1,-0.38,5.71
ablate v2_pff_alignment_matchup,2022,15,DeVonta Smith,WR,11.98,11.89,17.6,-0.09,5.71
ablate v2_pff_alignment_matchup,2022,3,Treylon Burks,WR,8.33,8.81,3.1,0.48,5.71
ablate v2_scheme_matchup,2022,15,Cade Otton,TE,8.33,8.71,3.0,0.38,5.71
ablate v2_pff_alignment_matchup,2022,10,Jaylen Waddle,WR,17.75,16.31,10.6,-1.44,5.71
ablate v2_scheme_matchup,2025,16,T.J. Hockenson,TE,7.19,6.91,1.2,-0.28,5.71
ablate v2_scheme_matchup,2025,17,Courtland Sutton,WR,13.62,13.71,8.0,0.09,5.71
ablate v2_scheme_matchup,2025,15,Tyler Warren,TE,9.76,10.61,4.9,0.85,5.71
ablate v2_pff_alignment_matchup,2025,7,DK Metcalf,WR,14.29,13.71,8.0,-0.58,5.71
ablate v2_scheme_matchup,2023,8,Terry McLaurin,WR,11.5,11.6,17.3,0.1,5.7
ablate v2_scheme_matchup,2023,15,Jaxon Smith-Njigba,WR,9.19,9.1,14.8,-0.09,5.7
ablate v2_pff_alignment_matchup,2024,4,Rashod Bateman,WR,9.0,9.0,3.3,0.0,5.7
ablate v2_scheme_matchup,2022,5,Pat Freiermuth,TE,9.57,8.9,3.2,-0.67,5.7
ablate v2_pff_alignment_matchup,2025,17,Quentin Johnston,WR,9.0,9.1,14.8,0.1,5.7
ablate v2_scheme_matchup,2024,8,Keenan Allen,WR,11.6,11.6,5.9,0.0,5.7
ablate v2_pff_alignment_matchup,2022,16,DJ Chark,WR,9.1,9.1,14.8,0.0,5.7
ablate v2_pff_alignment_matchup,2022,17,Jaylen Waddle,WR,13.71,13.9,8.2,0.19,5.7
ablate v2_scheme_matchup,2022,16,DJ Chark,WR,9.1,9.1,14.8,0.0,5.7
ablate v2_scheme_matchup,2024,4,Rashod Bateman,WR,9.0,9.0,3.3,0.0,5.7
ablate v2_pff_alignment_matchup,2024,14,A.J. Brown,WR,14.58,14.0,8.3,-0.58,5.7
ablate v2_pff_alignment_matchup,2025,8,Terry McLaurin,WR,8.62,8.71,14.4,0.09,5.69
ablate v2_scheme_matchup,2022,18,Zay Jones,WR,12.17,11.79,6.1,-0.38,5.69
ablate v2_scheme_matchup,2025,9,Jaxon Smith-Njigba,WR,16.59,16.31,22.0,-0.28,5.69
ablate v2_scheme_matchup,2022,11,Tyler Boyd,WR,11.89,11.89,6.2,0.0,5.69
ablate v2_scheme_matchup,2025,16,Christian Watson,WR,9.39,9.39,3.7,0.0,5.69
ablate v2_pff_alignment_matchup,2025,16,Mike Gesicki,TE,7.0,6.81,12.5,-0.19,5.69
ablate v2_pff_alignment_matchup,2022,13,DeVante Parker,WR,9.77,9.29,3.6,-0.48,5.69
ablate v2_scheme_matchup,2024,17,Tyreek Hill,WR,13.71,13.81,19.5,0.1,5.69
ablate v2_scheme_matchup,2023,7,Noah Fant,TE,9.47,9.19,3.5,-0.28,5.69
ablate v2_pff_alignment_matchup,2023,10,Josh Downs,WR,11.12,11.69,6.0,0.57,5.69
ablate v2_scheme_matchup,2024,18,Tim Patrick,WR,9.19,9.19,3.5,0.0,5.69
ablate v2_scheme_matchup,2022,13,T.J. Hockenson,TE,12.99,12.99,7.3,0.0,5.69
ablate v2_pff_alignment_matchup,2022,18,Darren Waller,TE,10.9,11.18,5.5,0.28,5.68
ablate v2_pff_alignment_matchup,2022,12,George Kittle,TE,11.47,11.28,5.6,-0.19,5.68
ablate v2_pff_alignment_matchup,2023,6,Curtis Samuel,WR,8.52,8.52,14.2,0.0,5.68
ablate v2_pff_alignment_matchup,2024,14,Brian Thomas Jr.,WR,10.44,10.92,16.6,0.48,5.68
ablate v2_scheme_matchup,2022,10,Robert Tonyan,TE,7.57,7.48,1.8,-0.09,5.68
ablate v2_scheme_matchup,2025,14,Oronde Gadsden II,TE,8.14,7.38,1.7,-0.76,5.68
ablate v2_pff_alignment_matchup,2024,4,Andrei Iosivas,WR,8.91,9.58,3.9,0.67,5.68
ablate v2_scheme_matchup,2022,15,Brandon Aiyuk,WR,10.06,9.58,3.9,-0.48,5.68
ablate v2_scheme_matchup,2022,17,Noah Brown,WR,7.56,7.37,1.7,-0.19,5.67
ablate v2_scheme_matchup,2022,9,DeVonta Smith,WR,9.77,9.87,4.2,0.1,5.67
ablate v2_pff_alignment_matchup,2022,13,Evan Engram,TE,8.24,8.33,14.0,0.09,5.67
ablate v2_scheme_matchup,2023,6,Noah Fant,TE,7.29,7.57,1.9,0.28,5.67
ablate v2_scheme_matchup,2024,5,Travis Kelce,TE,9.76,10.33,16.0,0.57,5.67
ablate v2_scheme_matchup,2023,14,Jaylen Waddle,WR,19.38,19.57,13.9,0.19,5.67
ablate v2_pff_alignment_matchup,2022,6,Cooper Kupp,WR,24.86,22.36,16.7,-2.5,5.66
ablate v2_pff_alignment_matchup,2022,6,Justin Jefferson,WR,21.98,22.36,16.7,0.38,5.66
ablate v2_scheme_matchup,2022,6,Darnell Mooney,WR,8.14,8.14,13.8,0.0,5.66
ablate v2_scheme_matchup,2025,4,Wan'Dale Robinson,WR,10.06,10.06,4.4,0.0,5.66
ablate v2_pff_alignment_matchup,2025,4,Wan'Dale Robinson,WR,10.06,10.06,4.4,0.0,5.66
ablate v2_scheme_matchup,2023,16,Evan Engram,TE,12.61,11.85,17.5,-0.76,5.65
ablate v2_pff_alignment_matchup,2023,14,Khalil Shakir,WR,8.14,7.85,2.2,-0.29,5.65
ablate v2_scheme_matchup,2025,17,Ricky Pearsall,WR,7.75,7.85,13.5,0.1,5.65
ablate v2_pff_alignment_matchup,2022,11,Darius Slayton,WR,7.95,7.95,13.6,0.0,5.65
ablate v2_scheme_matchup,2023,14,Jordan Addison,WR,10.16,10.35,4.7,0.19,5.65
ablate v2_scheme_matchup,2025,10,Stefon Diggs,WR,9.96,9.96,15.6,0.0,5.64
ablate v2_scheme_matchup,2025,13,Brenton Strange,TE,8.33,7.86,13.5,-0.47,5.64
ablate v2_scheme_matchup,2022,11,DeAndre Hopkins,WR,12.46,12.46,18.1,0.0,5.64
ablate v2_pff_alignment_matchup,2022,6,Devin Duvernay,WR,8.04,8.04,2.4,0.0,5.64
ablate v2_pff_alignment_matchup,2024,15,Zach Ertz,TE,10.04,10.14,4.5,0.1,5.64
ablate v2_pff_alignment_matchup,2023,16,Garrett Wilson,WR,10.83,10.16,15.8,-0.67,5.64
ablate v2_scheme_matchup,2023,6,Jaylen Waddle,WR,12.27,12.46,18.1,0.19,5.64
ablate v2_pff_alignment_matchup,2022,11,DeAndre Hopkins,WR,12.46,12.46,18.1,0.0,5.64
ablate v2_pff_alignment_matchup,2022,7,George Pickens,WR,12.08,12.46,18.1,0.38,5.64
ablate v2_scheme_matchup,2024,15,Zach Ertz,TE,10.04,10.14,4.5,0.1,5.64
ablate v2_pff_alignment_matchup,2025,18,Drake London,WR,12.08,12.17,17.8,0.09,5.63
ablate v2_scheme_matchup,2024,15,Justin Jefferson,WR,14.19,14.67,20.3,0.48,5.63
ablate v2_pff_alignment_matchup,2023,17,DJ Chark,WR,8.23,8.43,2.8,0.2,5.63
ablate v2_scheme_matchup,2022,13,Jakobi Meyers,WR,10.92,10.83,5.2,-0.09,5.63
ablate v2_pff_alignment_matchup,2023,15,Cole Kmet,TE,7.67,7.67,13.3,0.0,5.63
ablate v2_pff_alignment_matchup,2023,9,Rashid Shaheed,WR,10.16,10.83,5.2,0.67,5.63
ablate v2_scheme_matchup,2022,4,Jerry Jeudy,WR,9.87,9.67,15.3,-0.2,5.63
ablate v2_scheme_matchup,2022,13,Amari Cooper,WR,13.62,13.62,8.0,0.0,5.62
ablate v2_scheme_matchup,2024,15,Nico Collins,WR,12.08,12.08,17.7,0.0,5.62
ablate v2_pff_alignment_matchup,2024,15,Nico Collins,WR,12.08,12.08,17.7,0.0,5.62
ablate v2_pff_alignment_matchup,2025,7,Tyler Higbee,TE,9.28,10.52,4.9,1.24,5.62
ablate v2_pff_alignment_matchup,2022,13,Amari Cooper,WR,13.62,13.62,8.0,0.0,5.62
ablate v2_pff_alignment_matchup,2025,4,Deebo Samuel Sr.,WR,14.48,14.48,20.1,0.0,5.62
ablate v2_scheme_matchup,2025,8,Courtland Sutton,WR,16.59,16.31,10.7,-0.28,5.61
ablate v2_scheme_matchup,2024,7,A.J. Brown,WR,14.29,14.29,19.9,0.0,5.61
ablate v2_scheme_matchup,2022,14,DeVonta Smith,WR,11.5,11.79,17.4,0.29,5.61
ablate v2_pff_alignment_matchup,2025,10,Rashid Shaheed,WR,8.43,8.91,3.3,0.48,5.61
ablate v2_pff_alignment_matchup,2023,15,Jaxon Smith-Njigba,WR,9.19,9.19,14.8,0.0,5.61
ablate v2_pff_alignment_matchup,2023,14,Kyle Pitts,TE,8.62,9.09,14.7,0.47,5.61
ablate v2_pff_alignment_matchup,2024,12,Jaxon Smith-Njigba,WR,14.38,14.1,19.7,-0.28,5.6
ablate v2_scheme_matchup,2022,4,Davante Adams,WR,14.0,13.9,19.5,-0.1,5.6
ablate v2_pff_alignment_matchup,2025,9,Jaxon Smith-Njigba,WR,16.59,16.4,22.0,-0.19,5.6
ablate v2_pff_alignment_matchup,2025,8,Dalton Kincaid,TE,9.0,8.9,3.3,-0.1,5.6
ablate v2_scheme_matchup,2023,18,Chris Olave,WR,9.29,9.0,14.6,-0.29,5.6
ablate v2_pff_alignment_matchup,2025,10,Jonnu Smith,TE,7.0,7.0,1.4,0.0,5.6
ablate v2_pff_alignment_matchup,2022,4,Davante Adams,WR,14.0,13.9,19.5,-0.1,5.6
ablate v2_pff_alignment_matchup,2024,8,Keenan Allen,WR,11.6,11.5,5.9,-0.1,5.6
ablate v2_pff_alignment_matchup,2024,18,Tim Patrick,WR,9.19,9.1,3.5,-0.09,5.6
ablate v2_pff_alignment_matchup,2024,7,Tyler Lockett,WR,14.29,14.1,8.5,-0.19,5.6
ablate v2_pff_alignment_matchup,2023,10,Evan Engram,TE,10.71,10.8,5.2,0.09,5.6
ablate v2_scheme_matchup,2025,13,Chris Olave,WR,9.19,9.1,14.7,-0.09,5.6
ablate v2_scheme_matchup,2024,16,Terry McLaurin,WR,11.6,11.4,17.0,-0.2,5.6
ablate v2_scheme_matchup,2022,15,JuJu Smith-Schuster,WR,11.12,11.21,16.8,0.09,5.59
ablate v2_pff_alignment_matchup,2023,10,DK Metcalf,WR,11.98,11.21,16.8,-0.77,5.59
ablate v2_scheme_matchup,2024,3,Michael Mayer,TE,7.29,7.29,1.7,0.0,5.59
ablate v2_pff_alignment_matchup,2022,5,Stefon Diggs,WR,18.13,18.61,24.2,0.48,5.59
ablate v2_scheme_matchup,2022,3,Jerry Jeudy,WR,8.91,9.29,3.7,0.38,5.59
ablate v2_pff_alignment_matchup,2023,15,Logan Thomas,TE,7.0,7.29,1.7,0.29,5.59
ablate v2_pff_alignment_matchup,2023,8,Christian Kirk,WR,14.86,14.19,8.6,-0.67,5.59
ablate v2_scheme_matchup,2025,8,Terry McLaurin,WR,8.62,8.81,14.4,0.19,5.59
ablate v2_pff_alignment_matchup,2025,3,Juwan Johnson,TE,18.78,16.69,11.1,-2.09,5.59
ablate v2_scheme_matchup,2025,10,Keenan Allen,WR,9.58,9.48,3.9,-0.1,5.58
ablate v2_scheme_matchup,2022,15,Michael Pittman,WR,13.9,13.42,19.0,-0.48,5.58
ablate v2_scheme_matchup,2023,13,Rondale Moore,WR,7.18,7.18,1.6,0.0,5.58
ablate v2_pff_alignment_matchup,2023,13,Rondale Moore,WR,7.18,7.18,1.6,0.0,5.58
ablate v2_scheme_matchup,2024,15,Isaiah Likely,TE,9.28,9.28,3.7,0.0,5.58
ablate v2_pff_alignment_matchup,2022,3,Elijah Moore,WR,14.77,14.48,8.9,-0.29,5.58
ablate v2_pff_alignment_matchup,2023,16,Travis Kelce,TE,15.55,14.98,9.4,-0.57,5.58
ablate v2_scheme_matchup,2022,12,Foster Moreau,TE,6.34,6.72,12.3,0.38,5.58
ablate v2_pff_alignment_matchup,2024,15,Isaiah Likely,TE,9.28,9.28,3.7,0.0,5.58
ablate v2_pff_alignment_matchup,2022,9,Logan Thomas,TE,5.48,5.58,0.0,0.1,5.58
ablate v2_pff_alignment_matchup,2025,8,Deebo Samuel Sr.,WR,10.35,9.77,4.2,-0.58,5.57
ablate v2_scheme_matchup,2023,6,CeeDee Lamb,WR,13.42,13.13,18.7,-0.29,5.57
ablate v2_scheme_matchup,2023,3,Dawson Knox,TE,7.67,7.67,2.1,0.0,5.57
ablate v2_scheme_matchup,2023,4,Justin Jefferson,WR,32.45,32.07,26.5,-0.38,5.57
ablate v2_pff_alignment_matchup,2025,18,Tee Higgins,WR,13.33,13.13,18.7,-0.2,5.57
ablate v2_scheme_matchup,2022,7,Tyreek Hill,WR,19.67,19.77,14.2,0.1,5.57
ablate v2_scheme_matchup,2024,8,Johnny Mundt,TE,7.29,7.57,2.0,0.28,5.57
ablate v2_pff_alignment_matchup,2023,7,Puka Nacua,WR,18.8,17.84,23.4,-0.96,5.56
ablate v2_pff_alignment_matchup,2023,15,Diontae Johnson,WR,10.73,10.64,16.2,-0.09,5.56
ablate v2_pff_alignment_matchup,2025,17,George Pickens,WR,17.36,17.36,11.8,0.0,5.56
ablate v2_pff_alignment_matchup,2025,4,Stefon Diggs,WR,10.25,10.54,16.1,0.29,5.56
ablate v2_pff_alignment_matchup,2024,13,Tucker Kraft,TE,8.62,8.24,13.8,-0.38,5.56
ablate v2_pff_alignment_matchup,2024,6,Jake Ferguson,TE,9.0,9.66,4.1,0.66,5.56
ablate v2_pff_alignment_matchup,2025,8,Rome Odunze,WR,12.17,12.85,18.4,0.68,5.55
ablate v2_pff_alignment_matchup,2024,10,Hunter Henry,TE,8.62,7.95,2.4,-0.67,5.55
ablate v2_pff_alignment_matchup,2022,12,Courtland Sutton,WR,8.04,7.95,13.5,-0.09,5.55
ablate v2_scheme_matchup,2022,15,George Pickens,WR,12.65,12.85,7.3,0.2,5.55
ablate v2_pff_alignment_matchup,2023,5,T.J. Hockenson,TE,15.36,15.65,10.1,0.29,5.55
ablate v2_pff_alignment_matchup,2024,8,Jayden Reed,WR,13.9,13.04,7.5,-0.86,5.54
ablate v2_pff_alignment_matchup,2025,3,Justin Jefferson,WR,21.21,18.04,12.5,-3.17,5.54
ablate v2_pff_alignment_matchup,2025,3,Dont'e Thornton Jr.,WR,9.58,10.44,4.9,0.86,5.54
ablate v2_scheme_matchup,2022,18,Davante Adams,WR,18.71,17.84,12.3,-0.87,5.54
ablate v2_pff_alignment_matchup,2024,18,George Kittle,TE,10.14,10.23,4.7,0.09,5.53
ablate v2_scheme_matchup,2024,18,Jalen Coker,WR,8.52,8.43,13.96,-0.09,5.53
ablate v2_scheme_matchup,2025,4,Jake Ferguson,TE,11.85,11.47,17.0,-0.38,5.53
ablate v2_scheme_matchup,2024,3,Nico Collins,WR,18.13,18.13,12.6,0.0,5.53
ablate v2_scheme_matchup,2023,18,K.J. Osborn,WR,8.33,8.43,2.9,0.1,5.53
ablate v2_pff_alignment_matchup,2025,12,Ricky Pearsall,WR,7.66,8.33,2.8,0.67,5.53
ablate v2_pff_alignment_matchup,2024,3,Nico Collins,WR,18.13,18.13,12.6,0.0,5.53
ablate v2_pff_alignment_matchup,2022,18,Garrett Wilson,WR,12.75,12.37,17.9,-0.38,5.53
ablate v2_scheme_matchup,2022,6,DeVonta Smith,WR,9.96,9.87,15.4,-0.09,5.53
ablate v2_pff_alignment_matchup,2024,16,Keon Coleman,WR,8.71,8.23,2.7,-0.48,5.53
ablate v2_pff_alignment_matchup,2022,8,DK Metcalf,WR,11.98,11.98,17.5,0.0,5.52
ablate v2_pff_alignment_matchup,2025,16,Kyle Pitts,TE,13.27,13.18,18.7,-0.09,5.52
ablate v2_scheme_matchup,2023,16,Curtis Samuel,WR,8.52,8.52,3.0,0.0,5.52
ablate v2_pff_alignment_matchup,2022,12,Pat Freiermuth,TE,12.61,12.42,6.9,-0.19,5.52
ablate v2_scheme_matchup,2025,7,DK Metcalf,WR,14.29,13.52,8.0,-0.77,5.52
ablate v2_pff_alignment_matchup,2023,11,Cole Kmet,TE,10.8,10.52,5.0,-0.28,5.52
ablate v2_pff_alignment_matchup,2025,7,Justin Jefferson,WR,18.61,18.42,12.9,-0.19,5.52
ablate v2_pff_alignment_matchup,2024,4,DK Metcalf,WR,19.57,20.92,15.4,1.35,5.52
ablate v2_scheme_matchup,2022,5,Marquez Valdes-Scantling,WR,9.39,9.48,15.0,0.09,5.52
ablate v2_pff_alignment_matchup,2025,17,Ja'Marr Chase,WR,18.52,19.48,25.0,0.96,5.52
ablate v2_scheme_matchup,2022,16,JuJu Smith-Schuster,WR,11.89,11.21,5.7,-0.68,5.51
ablate v2_scheme_matchup,2022,15,Stefon Diggs,WR,16.11,16.21,10.7,0.1,5.51
ablate v2_scheme_matchup,2022,17,Jaylen Waddle,WR,13.71,13.71,8.2,0.0,5.51
ablate v2_scheme_matchup,2022,14,Amon-Ra St. Brown,WR,19.28,18.9,13.4,-0.38,5.5
ablate v2_pff_alignment_matchup,2022,13,T.J. Hockenson,TE,12.99,12.8,7.3,-0.19,5.5
ablate v2_pff_alignment_matchup,2024,13,Hunter Henry,TE,8.62,9.0,14.5,0.38,5.5
ablate v2_scheme_matchup,2024,7,Tyler Lockett,WR,14.29,14.0,8.5,-0.29,5.5
ablate v2_scheme_matchup,2025,16,Mike Gesicki,TE,7.0,7.0,12.5,0.0,5.5
ablate v2_pff_alignment_matchup,2025,13,Parker Washington,WR,9.67,9.1,3.6,-0.57,5.5
ablate v2_pff_alignment_matchup,2022,18,Zay Jones,WR,12.17,11.6,6.1,-0.57,5.5
ablate v2_pff_alignment_matchup,2023,5,Garrett Wilson,WR,15.92,13.9,8.4,-2.02,5.5
ablate v2_pff_alignment_matchup,2024,11,Ja'Marr Chase,WR,21.78,21.01,26.5,-0.77,5.49
ablate v2_scheme_matchup,2025,10,Christian Kirk,WR,6.79,6.79,1.3,0.0,5.49
ablate v2_scheme_matchup,2025,8,Jonnu Smith,TE,9.0,9.19,3.7,0.19,5.49
ablate v2_scheme_matchup,2025,17,Kyle Pitts,TE,9.28,9.09,3.6,-0.19,5.49
ablate v2_pff_alignment_matchup,2025,10,Christian Kirk,WR,6.79,6.79,1.3,0.0,5.49
ablate v2_pff_alignment_matchup,2025,8,Dallas Goedert,TE,12.23,12.32,17.8,0.09,5.48
ablate v2_pff_alignment_matchup,2023,13,Brandin Cooks,WR,11.4,11.02,16.5,-0.38,5.48
ablate v2_pff_alignment_matchup,2023,12,T.J. Hockenson,TE,10.99,10.52,16.0,-0.47,5.48
ablate v2_scheme_matchup,2025,13,Troy Franklin,WR,9.58,9.58,4.1,0.0,5.48
ablate v2_pff_alignment_matchup,2022,8,CeeDee Lamb,WR,13.52,13.33,18.8,-0.19,5.47
ablate v2_pff_alignment_matchup,2022,9,Robert Tonyan,TE,11.47,11.37,5.9,-0.1,5.47
ablate v2_scheme_matchup,2023,15,Diontae Johnson,WR,10.73,10.73,16.2,0.0,5.47
ablate v2_pff_alignment_matchup,2024,10,Terry McLaurin,WR,10.64,10.83,16.3,0.19,5.47
ablate v2_pff_alignment_matchup,2022,12,Allen Lazard,WR,9.19,9.87,4.4,0.68,5.47
ablate v2_pff_alignment_matchup,2024,7,Brandon Aiyuk,WR,8.91,9.77,4.3,0.86,5.47
ablate v2_scheme_matchup,2025,16,Mack Hollins,WR,8.33,8.43,13.9,0.1,5.47
ablate v2_pff_alignment_matchup,2023,3,Dawson Knox,TE,7.67,7.57,2.1,-0.1,5.47
ablate v2_scheme_matchup,2025,8,Marvin Mims Jr.,WR,7.46,7.27,1.8,-0.19,5.47
ablate v2_pff_alignment_matchup,2022,10,Greg Dulcich,TE,8.14,7.57,2.1,-0.57,5.47
ablate v2_scheme_matchup,2025,17,George Pickens,WR,17.36,17.27,11.8,-0.09,5.47
ablate v2_pff_alignment_matchup,2025,11,Dontayvion Wicks,WR,6.98,7.37,1.9,0.39,5.47
ablate v2_pff_alignment_matchup,2025,13,DJ Moore,WR,10.25,10.16,4.7,-0.09,5.46
ablate v2_pff_alignment_matchup,2023,14,Jordan Addison,WR,10.16,10.16,4.7,0.0,5.46
ablate v2_pff_alignment_matchup,2022,6,Dallas Goedert,TE,9.47,9.66,4.2,0.19,5.46
ablate v2_scheme_matchup,2022,12,Deebo Samuel Sr.,WR,12.65,12.75,7.3,0.1,5.45
ablate v2_scheme_matchup,2024,13,Jakobi Meyers,WR,10.44,10.25,15.7,-0.19,5.45
ablate v2_scheme_matchup,2023,5,Quez Watkins,WR,8.04,7.85,2.4,-0.19,5.45
ablate v2_scheme_matchup,2023,15,DeVonta Smith,WR,15.63,15.44,10.0,-0.19,5.44
ablate v2_pff_alignment_matchup,2025,7,KaVontae Turpin,WR,9.29,8.14,2.7,-1.15,5.44
ablate v2_pff_alignment_matchup,2023,14,Sam LaPorta,TE,10.52,10.14,4.7,-0.38,5.44
ablate v2_scheme_matchup,2025,18,Jauan Jennings,WR,13.42,12.94,7.5,-0.48,5.44
ablate v2_pff_alignment_matchup,2023,16,DeVonta Smith,WR,12.65,12.46,17.9,-0.19,5.44
ablate v2_pff_alignment_matchup,2025,18,Luther Burden III,WR,12.56,12.94,7.5,0.38,5.44
ablate v2_scheme_matchup,2024,16,Ja'Marr Chase,WR,27.45,27.84,22.4,0.39,5.44
ablate v2_scheme_matchup,2022,18,Evan Engram,TE,11.18,12.13,6.7,0.95,5.43
ablate v2_pff_alignment_matchup,2023,16,Curtis Samuel,WR,8.52,8.43,3.0,-0.09,5.43
ablate v2_scheme_matchup,2022,15,DeVonta Smith,WR,11.98,12.17,17.6,0.19,5.43
ablate v2_pff_alignment_matchup,2024,15,Josh Palmer,WR,7.85,8.43,3.0,0.58,5.43
ablate v2_scheme_matchup,2024,15,Nick Westbrook-Ikhine,WR,8.43,8.33,2.9,-0.1,5.43
ablate v2_scheme_matchup,2025,16,DK Metcalf,WR,13.23,13.62,8.2,0.39,5.42
ablate v2_scheme_matchup,2024,5,George Kittle,TE,14.32,14.98,20.4,0.66,5.42
ablate v2_pff_alignment_matchup,2022,5,Marquez Valdes-Scantling,WR,9.39,9.58,15.0,0.19,5.42
ablate v2_pff_alignment_matchup,2022,17,Terry McLaurin,WR,11.69,11.12,5.7,-0.57,5.42
ablate v2_scheme_matchup,2024,3,Foster Moreau,TE,6.62,6.62,1.2,0.0,5.42
ablate v2_scheme_matchup,2023,15,Garrett Wilson,WR,11.69,11.31,5.9,-0.38,5.41
ablate v2_scheme_matchup,2024,10,Cole Kmet,TE,8.71,8.71,3.3,0.0,5.41
ablate v2_pff_alignment_matchup,2023,8,Terry McLaurin,WR,11.5,11.89,17.3,0.39,5.41
ablate v2_pff_alignment_matchup,2025,11,Kyle Pitts,TE,8.24,8.81,3.4,0.57,5.41
ablate v2_scheme_matchup,2023,9,Jaylen Waddle,WR,13.62,13.81,8.4,0.19,5.41
ablate v2_scheme_matchup,2024,7,Alec Pierce,WR,8.81,8.91,3.5,0.1,5.41
ablate v2_scheme_matchup,2024,14,Jaxon Smith-Njigba,WR,14.1,14.19,19.6,0.09,5.41
ablate v2_pff_alignment_matchup,2024,6,Rashid Shaheed,WR,12.65,13.71,8.3,1.06,5.41
ablate v2_scheme_matchup,2025,9,Nico Collins,WR,9.1,9.1,14.5,0.0,5.4
ablate v2_pff_alignment_matchup,2024,16,Terry McLaurin,WR,11.6,11.6,17.0,0.0,5.4
ablate v2_pff_alignment_matchup,2025,9,Nico Collins,WR,9.1,9.1,14.5,0.0,5.4
ablate v2_scheme_matchup,2022,10,Noah Brown,WR,6.5,6.7,1.3,0.2,5.4
ablate v2_scheme_matchup,2023,6,Hunter Henry,TE,7.0,7.1,1.7,0.1,5.4
ablate v2_pff_alignment_matchup,2022,11,Tyler Boyd,WR,11.89,11.6,6.2,-0.29,5.4
ablate v2_pff_alignment_matchup,2025,15,DK Metcalf,WR,8.62,9.1,14.5,0.48,5.4
ablate v2_pff_alignment_matchup,2022,9,Mack Hollins,WR,8.91,9.1,3.7,0.19,5.4
ablate v2_pff_alignment_matchup,2023,16,Elijah Moore,WR,9.29,9.29,3.9,0.0,5.39
ablate v2_pff_alignment_matchup,2023,3,Travis Kelce,TE,15.36,14.51,19.9,-0.85,5.39
ablate v2_scheme_matchup,2025,8,Alec Pierce,WR,14.38,14.29,8.9,-0.09,5.39
ablate v2_pff_alignment_matchup,2022,10,Robert Tonyan,TE,7.57,7.19,1.8,-0.38,5.39
ablate v2_scheme_matchup,2024,3,Tank Dell,WR,16.59,16.59,11.2,0.0,5.39
ablate v2_scheme_matchup,2023,16,Elijah Moore,WR,9.29,9.29,3.9,0.0,5.39
ablate v2_pff_alignment_matchup,2024,3,Tank Dell,WR,16.59,16.59,11.2,0.0,5.39
ablate v2_scheme_matchup,2025,5,Marquise Brown,WR,14.38,14.19,8.8,-0.19,5.39
ablate v2_scheme_matchup,2025,12,CeeDee Lamb,WR,16.88,16.88,11.5,0.0,5.38
ablate v2_scheme_matchup,2024,5,Elijah Moore,WR,9.48,9.48,4.1,0.0,5.38
ablate v2_scheme_matchup,2024,12,Dallas Goedert,TE,10.71,11.28,5.9,0.57,5.38
ablate v2_pff_alignment_matchup,2022,12,Amari Cooper,WR,11.02,11.02,16.4,0.0,5.38
ablate v2_scheme_matchup,2022,12,Amari Cooper,WR,11.02,11.02,16.4,0.0,5.38
ablate v2_pff_alignment_matchup,2023,3,Hayden Hurst,TE,7.1,7.48,2.1,0.38,5.38
ablate v2_pff_alignment_matchup,2024,5,Elijah Moore,WR,9.48,9.48,4.1,0.0,5.38
ablate v2_pff_alignment_matchup,2022,17,Mike Williams,WR,12.56,11.02,16.4,-1.54,5.38
ablate v2_pff_alignment_matchup,2024,9,Xavier Legette,WR,8.62,8.52,13.9,-0.1,5.38
ablate v2_pff_alignment_matchup,2022,3,Diontae Johnson,WR,12.94,11.02,16.4,-1.92,5.38
ablate v2_scheme_matchup,2023,13,Brandin Cooks,WR,11.4,11.12,16.5,-0.28,5.38
ablate v2_pff_alignment_matchup,2025,8,Marvin Mims Jr.,WR,7.46,7.18,1.8,-0.28,5.38
ablate v2_pff_alignment_matchup,2022,9,DeVonta Smith,WR,9.77,9.58,4.2,-0.19,5.38
ablate v2_pff_alignment_matchup,2025,9,Wan'Dale Robinson,WR,9.19,8.23,13.6,-0.96,5.37
ablate v2_pff_alignment_matchup,2024,9,Romeo Doubs,WR,11.31,12.17,6.8,0.86,5.37
ablate v2_scheme_matchup,2024,15,Cole Kmet,TE,7.29,7.76,2.4,0.47,5.36
ablate v2_pff_alignment_matchup,2024,8,Cole Kmet,TE,9.85,9.76,4.4,-0.09,5.36
ablate v2_pff_alignment_matchup,2024,4,Michael Wilson,WR,10.16,10.16,4.8,0.0,5.36
ablate v2_scheme_matchup,2025,7,Michael Pittman,WR,15.25,15.44,20.8,0.19,5.36
ablate v2_scheme_matchup,2024,4,Michael Wilson,WR,10.16,10.16,4.8,0.0,5.36
ablate v2_scheme_matchup,2022,16,Pat Freiermuth,TE,8.52,8.24,13.6,-0.28,5.36
ablate v2_pff_alignment_matchup,2022,16,Pat Freiermuth,TE,8.52,8.24,13.6,-0.28,5.36
ablate v2_scheme_matchup,2025,4,Calvin Ridley,WR,10.44,10.35,5.0,-0.09,5.35
ablate v2_scheme_matchup,2025,17,Tee Higgins,WR,15.63,15.25,9.9,-0.38,5.35
ablate v2_scheme_matchup,2022,17,Romeo Doubs,WR,10.54,10.35,5.0,-0.19,5.35
ablate v2_pff_alignment_matchup,2025,4,Calvin Ridley,WR,10.44,10.35,5.0,-0.09,5.35
ablate v2_scheme_matchup,2024,4,Jaylen Waddle,WR,12.75,12.94,7.6,0.19,5.34
ablate v2_scheme_matchup,2023,17,DJ Chark,WR,8.23,8.14,2.8,-0.09,5.34
ablate v2_pff_alignment_matchup,2024,18,Jalen Coker,WR,8.52,8.62,13.96,0.1,5.34
ablate v2_pff_alignment_matchup,2024,15,Justin Jefferson,WR,14.19,14.96,20.3,0.77,5.34
ablate v2_pff_alignment_matchup,2024,3,DK Metcalf,WR,13.9,15.06,20.4,1.16,5.34
ablate v2_pff_alignment_matchup,2023,8,Tyreek Hill,WR,19.09,19.86,25.2,0.77,5.34
ablate v2_scheme_matchup,2025,13,Cade Otton,TE,7.57,8.24,2.9,0.67,5.34
ablate v2_pff_alignment_matchup,2024,3,Dalton Kincaid,TE,7.38,7.76,13.1,0.38,5.34
ablate v2_pff_alignment_matchup,2022,11,Darnell Mooney,WR,8.04,7.56,12.9,-0.48,5.34
ablate v2_pff_alignment_matchup,2024,18,Brock Bowers,TE,9.76,9.66,15.0,-0.1,5.34
ablate v2_pff_alignment_matchup,2023,3,Drake London,WR,9.96,10.44,5.1,0.48,5.34
ablate v2_scheme_matchup,2022,17,Juwan Johnson,TE,6.05,5.86,11.2,-0.19,5.34
ablate v2_scheme_matchup,2022,12,Pat Freiermuth,TE,12.61,12.23,6.9,-0.38,5.33
ablate v2_pff_alignment_matchup,2023,4,Gabe Davis,WR,9.96,9.77,15.1,-0.19,5.33
ablate v2_scheme_matchup,2024,8,Courtland Sutton,WR,11.79,11.79,17.12,0.0,5.33
ablate v2_pff_alignment_matchup,2023,15,Jakobi Meyers,WR,10.73,10.35,15.68,-0.38,5.33
ablate v2_scheme_matchup,2025,3,Nico Collins,WR,17.07,17.07,22.4,0.0,5.33
ablate v2_pff_alignment_matchup,2025,3,Nico Collins,WR,17.07,17.07,22.4,0.0,5.33
ablate v2_pff_alignment_matchup,2025,17,Courtland Sutton,WR,13.62,13.33,8.0,-0.29,5.33
ablate v2_scheme_matchup,2023,13,Elijah Moore,WR,6.98,6.98,12.3,0.0,5.32
ablate v2_pff_alignment_matchup,2025,10,Davante Adams,WR,13.81,14.38,19.7,0.57,5.32
ablate v2_scheme_matchup,2024,4,Brock Bowers,TE,9.57,10.42,5.1,0.85,5.32
ablate v2_pff_alignment_matchup,2023,13,Elijah Moore,WR,6.98,6.98,12.3,0.0,5.32
ablate v2_pff_alignment_matchup,2024,9,Hunter Henry,TE,8.24,7.29,12.6,-0.95,5.31
ablate v2_scheme_matchup,2024,3,Brandin Cooks,WR,8.91,8.91,3.6,0.0,5.31
ablate v2_scheme_matchup,2023,10,Josh Downs,WR,11.12,11.31,6.0,0.19,5.31
ablate v2_pff_alignment_matchup,2022,16,Mike Evans,WR,10.92,11.21,5.9,0.29,5.31
ablate v2_scheme_matchup,2024,7,Sam LaPorta,TE,9.19,8.81,3.5,-0.38,5.31
ablate v2_scheme_matchup,2024,3,Gabe Davis,WR,9.19,9.1,3.8,-0.09,5.3
ablate v2_pff_alignment_matchup,2022,15,JuJu Smith-Schuster,WR,11.12,11.5,16.8,0.38,5.3
ablate v2_pff_alignment_matchup,2024,12,Calvin Ridley,WR,8.91,9.0,14.3,0.09,5.3
ablate v2_pff_alignment_matchup,2025,8,Jonnu Smith,TE,9.0,9.0,3.7,0.0,5.3
ablate v2_scheme_matchup,2024,12,Calvin Ridley,WR,8.91,9.0,14.3,0.09,5.3
ablate v2_scheme_matchup,2024,12,David Njoku,TE,9.19,9.19,3.9,0.0,5.29
ablate v2_scheme_matchup,2025,15,Kayshon Boutte,WR,9.29,9.29,4.0,0.0,5.29
ablate v2_pff_alignment_matchup,2024,12,David Njoku,TE,9.19,9.19,3.9,0.0,5.29
ablate v2_pff_alignment_matchup,2025,15,Kayshon Boutte,WR,9.29,9.29,4.0,0.0,5.29
ablate v2_scheme_matchup,2025,9,Cole Kmet,TE,6.81,7.29,2.0,0.48,5.29
ablate v2_scheme_matchup,2024,11,Ja'Marr Chase,WR,21.78,21.21,26.5,-0.57,5.29
ablate v2_pff_alignment_matchup,2022,7,Rondale Moore,WR,9.39,9.39,4.1,0.0,5.29
ablate v2_scheme_matchup,2022,3,Nelson Agholor,WR,9.39,9.39,4.1,0.0,5.29
ablate v2_pff_alignment_matchup,2023,12,Drake London,WR,8.14,8.81,14.1,0.67,5.29
ablate v2_pff_alignment_matchup,2025,12,CeeDee Lamb,WR,16.88,16.79,11.5,-0.09,5.29
ablate v2_scheme_matchup,2022,7,Rondale Moore,WR,9.39,9.39,4.1,0.0,5.29
ablate v2_pff_alignment_matchup,2025,9,Cole Kmet,TE,6.81,7.29,2.0,0.48,5.29
ablate v2_scheme_matchup,2022,12,JuJu Smith-Schuster,WR,11.98,12.08,6.8,0.1,5.28
ablate v2_scheme_matchup,2024,13,Tucker Kraft,TE,8.62,8.52,13.8,-0.1,5.28
ablate v2_scheme_matchup,2023,17,Dallas Goedert,TE,10.99,10.42,15.7,-0.57,5.28
ablate v2_scheme_matchup,2022,6,Justin Jefferson,WR,21.98,21.98,16.7,0.0,5.28
ablate v2_pff_alignment_matchup,2025,8,Jordan Addison,WR,16.4,16.88,11.6,0.48,5.28
ablate v2_scheme_matchup,2025,3,Tucker Kraft,TE,11.37,11.18,5.9,-0.19,5.28
ablate v2_scheme_matchup,2022,5,Allen Robinson,WR,9.19,9.48,4.2,0.29,5.28
ablate v2_scheme_matchup,2023,3,Hayden Hurst,TE,7.1,7.38,2.1,0.28,5.28
ablate v2_scheme_matchup,2022,9,Robert Tonyan,TE,11.47,11.18,5.9,-0.29,5.28
ablate v2_scheme_matchup,2023,4,Dawson Knox,TE,7.0,7.48,2.2,0.48,5.28
ablate v2_pff_alignment_matchup,2024,8,Garrett Wilson,WR,11.02,11.02,16.3,0.0,5.28
ablate v2_pff_alignment_matchup,2022,11,Adam Thielen,WR,9.39,9.77,4.5,0.38,5.27
ablate v2_scheme_matchup,2022,12,Courtland Sutton,WR,8.04,8.23,13.5,0.19,5.27
ablate v2_scheme_matchup,2025,18,David Sills,WR,7.37,7.37,2.1,0.0,5.27
ablate v2_scheme_matchup,2022,17,CeeDee Lamb,WR,16.02,15.73,21.0,-0.29,5.27
ablate v2_pff_alignment_matchup,2024,12,Cole Kmet,TE,8.14,8.14,13.4,0.0,5.26
ablate v2_scheme_matchup,2023,5,Rashee Rice,WR,8.04,8.04,13.3,0.0,5.26
ablate v2_pff_alignment_matchup,2023,3,Cade Otton,TE,7.48,7.86,2.6,0.38,5.26
ablate v2_scheme_matchup,2024,5,Tyler Conklin,TE,5.86,6.24,11.5,0.38,5.26
ablate v2_pff_alignment_matchup,2025,13,Brenton Strange,TE,8.33,8.24,13.5,-0.09,5.26
ablate v2_scheme_matchup,2022,8,DeVonta Smith,WR,12.46,12.56,7.3,0.1,5.26
ablate v2_pff_alignment_matchup,2025,8,T.J. Hockenson,TE,9.47,9.85,4.6,0.38,5.25
ablate v2_pff_alignment_matchup,2023,15,DeVonta Smith,WR,15.63,15.25,10.0,-0.38,5.25
ablate v2_scheme_matchup,2022,18,Garrett Wilson,WR,12.75,12.65,17.9,-0.1,5.25
ablate v2_scheme_matchup,2023,12,Tyreek Hill,WR,20.15,20.15,25.4,0.0,5.25
ablate v2_scheme_matchup,2023,10,Allen Lazard,WR,7.56,7.95,2.7,0.39,5.25
ablate v2_scheme_matchup,2025,18,Luther Burden III,WR,12.56,12.75,7.5,0.19,5.25
ablate v2_scheme_matchup,2025,6,Matthew Golden,WR,8.23,7.95,13.2,-0.28,5.25
ablate v2_pff_alignment_matchup,2024,3,DJ Moore,WR,11.21,9.96,15.2,-1.25,5.24
ablate v2_pff_alignment_matchup,2023,4,Tank Dell,WR,13.04,13.04,7.8,0.0,5.24
ablate v2_scheme_matchup,2022,9,Gabe Davis,WR,10.54,10.54,5.3,0.0,5.24
ablate v2_scheme_matchup,2023,4,Tank Dell,WR,13.04,13.04,7.8,0.0,5.24
ablate v2_pff_alignment_matchup,2022,11,Robert Woods,WR,8.04,7.66,12.9,-0.38,5.24
ablate v2_pff_alignment_matchup,2024,4,Tre Tucker,WR,10.54,10.16,15.4,-0.38,5.24
ablate v2_scheme_matchup,2023,15,Jakobi Meyers,WR,10.73,10.44,15.68,-0.29,5.24
ablate v2_scheme_matchup,2024,8,Dalton Kincaid,TE,7.29,7.86,13.1,0.57,5.24
ablate v2_scheme_matchup,2023,9,DeAndre Hopkins,WR,15.63,15.73,10.5,0.1,5.23
ablate v2_pff_alignment_matchup,2024,12,Jayden Reed,WR,10.73,10.83,5.6,0.1,5.23
ablate v2_pff_alignment_matchup,2024,8,Courtland Sutton,WR,11.79,11.89,17.12,0.1,5.23
ablate v2_pff_alignment_matchup,2024,12,Deebo Samuel Sr.,WR,8.14,8.33,3.1,0.19,5.23
ablate v2_pff_alignment_matchup,2022,17,David Njoku,TE,8.33,8.33,3.1,0.0,5.23
ablate v2_scheme_matchup,2022,17,David Njoku,TE,8.33,8.33,3.1,0.0,5.23
ablate v2_pff_alignment_matchup,2022,11,Chase Claypool,WR,8.04,8.33,3.1,0.29,5.23
ablate v2_scheme_matchup,2025,5,Chris Godwin Jr.,WR,10.83,10.83,5.6,0.0,5.23
ablate v2_scheme_matchup,2025,6,Xavier Legette,WR,8.33,8.33,3.1,0.0,5.23
ablate v2_pff_alignment_matchup,2024,18,Brian Thomas Jr.,WR,12.65,12.08,17.3,-0.57,5.22
ablate v2_scheme_matchup,2025,6,Sam LaPorta,TE,11.66,11.28,16.5,-0.38,5.22
ablate v2_pff_alignment_matchup,2022,6,Dawson Knox,TE,7.48,7.48,12.7,0.0,5.22
ablate v2_pff_alignment_matchup,2023,9,Elijah Moore,WR,8.62,8.62,3.4,0.0,5.22
ablate v2_scheme_matchup,2023,9,Elijah Moore,WR,8.62,8.62,3.4,0.0,5.22
ablate v2_pff_alignment_matchup,2022,16,Corey Davis,WR,8.33,8.62,3.4,0.29,5.22
ablate v2_pff_alignment_matchup,2025,5,Trey McBride,TE,14.32,14.32,9.1,0.0,5.22
ablate v2_scheme_matchup,2025,5,Trey McBride,TE,14.32,14.32,9.1,0.0,5.22
ablate v2_scheme_matchup,2022,11,Dalton Schultz,TE,9.38,10.42,5.2,1.04,5.22
ablate v2_scheme_matchup,2024,12,Jaxon Smith-Njigba,WR,14.38,14.48,19.7,0.1,5.22
ablate v2_pff_alignment_matchup,2024,7,Chris Godwin Jr.,WR,17.56,18.71,13.5,1.15,5.21
ablate v2_pff_alignment_matchup,2023,18,Chris Olave,WR,9.29,9.39,14.6,0.1,5.21
ablate v2_scheme_matchup,2022,17,Austin Hooper,TE,6.53,6.81,1.6,0.28,5.21
ablate v2_scheme_matchup,2022,3,Allen Lazard,WR,9.39,9.29,14.5,-0.1,5.21
ablate v2_pff_alignment_matchup,2022,15,Evan Engram,TE,9.66,9.0,14.2,-0.66,5.2
ablate v2_scheme_matchup,2022,3,Christian Kirk,WR,14.0,14.0,19.2,0.0,5.2
ablate v2_scheme_matchup,2024,11,Demarcus Robinson,WR,9.0,9.1,3.9,0.1,5.2
ablate v2_pff_alignment_matchup,2022,17,Travis Kelce,TE,16.03,16.5,11.3,0.47,5.2
ablate v2_scheme_matchup,2025,7,AJ Barner,TE,7.57,7.1,1.9,-0.47,5.2
ablate v2_pff_alignment_matchup,2022,11,DeVante Parker,WR,7.85,9.1,3.9,1.25,5.2
ablate v2_pff_alignment_matchup,2023,11,T.J. Hockenson,TE,15.93,14.7,9.5,-1.23,5.2
ablate v2_pff_alignment_matchup,2025,7,AJ Barner,TE,7.57,7.1,1.9,-0.47,5.2
ablate v2_pff_alignment_matchup,2025,7,Courtland Sutton,WR,11.02,11.5,16.7,0.48,5.2
ablate v2_pff_alignment_matchup,2022,3,Christian Kirk,WR,14.0,14.0,19.2,0.0,5.2
ablate v2_pff_alignment_matchup,2023,6,Noah Fant,TE,7.29,7.1,1.9,-0.19,5.2
ablate v2_pff_alignment_matchup,2025,3,Tucker Kraft,TE,11.37,11.09,5.9,-0.28,5.19
ablate v2_pff_alignment_matchup,2022,15,Michael Pittman,WR,13.9,13.81,19.0,-0.09,5.19
ablate v2_pff_alignment_matchup,2023,10,Chris Olave,WR,16.59,16.21,21.4,-0.38,5.19
ablate v2_scheme_matchup,2023,17,Dalton Schultz,TE,9.09,9.09,3.9,0.0,5.19
ablate v2_pff_alignment_matchup,2023,17,Dalton Schultz,TE,9.09,9.09,3.9,0.0,5.19
ablate v2_scheme_matchup,2024,9,Xavier Legette,WR,8.62,8.71,13.9,0.09,5.19
ablate v2_scheme_matchup,2022,7,Mike Evans,WR,13.04,13.42,18.6,0.38,5.18
ablate v2_pff_alignment_matchup,2025,5,Mark Andrews,TE,9.38,9.38,4.2,0.0,5.18
ablate v2_pff_alignment_matchup,2023,8,DJ Chark,WR,9.1,9.48,4.3,0.38,5.18
ablate v2_scheme_matchup,2022,8,CeeDee Lamb,WR,13.52,13.62,18.8,0.1,5.18
ablate v2_pff_alignment_matchup,2025,3,Brock Bowers,TE,16.79,14.98,9.8,-1.81,5.18
ablate v2_pff_alignment_matchup,2022,7,Tyreek Hill,WR,19.67,19.38,14.2,-0.29,5.18
ablate v2_scheme_matchup,2024,3,Jaxon Smith-Njigba,WR,12.08,12.08,6.9,0.0,5.18
ablate v2_scheme_matchup,2025,5,Mark Andrews,TE,9.38,9.38,4.2,0.0,5.18
ablate v2_pff_alignment_matchup,2024,8,Darnell Mooney,WR,12.65,13.42,18.6,0.77,5.18
ablate v2_scheme_matchup,2023,18,Wan'Dale Robinson,WR,8.43,8.33,13.5,-0.1,5.17
ablate v2_scheme_matchup,2025,15,Terry McLaurin,WR,10.54,10.73,15.9,0.19,5.17
ablate v2_pff_alignment_matchup,2025,17,Ricky Pearsall,WR,7.75,8.33,13.5,0.58,5.17
ablate v2_scheme_matchup,2023,13,Cooper Kupp,WR,10.73,10.73,15.9,0.0,5.17
ablate v2_pff_alignment_matchup,2025,10,Stefon Diggs,WR,9.96,10.44,15.6,0.48,5.16
ablate v2_scheme_matchup,2022,7,Michael Pittman,WR,14.96,14.96,9.8,0.0,5.16
ablate v2_scheme_matchup,2025,9,Darnell Mooney,WR,7.66,7.66,2.5,0.0,5.16
ablate v2_pff_alignment_matchup,2022,8,DeVonta Smith,WR,12.46,12.46,7.3,0.0,5.16
ablate v2_pff_alignment_matchup,2022,6,K.J. Osborn,WR,9.67,9.96,4.8,0.29,5.16
ablate v2_pff_alignment_matchup,2025,6,Matthew Golden,WR,8.23,8.04,13.2,-0.19,5.16
ablate v2_pff_alignment_matchup,2024,14,Tucker Kraft,TE,7.29,7.95,13.1,0.66,5.15
ablate v2_scheme_matchup,2022,7,Curtis Samuel,WR,7.56,7.75,12.9,0.19,5.15
ablate v2_scheme_matchup,2025,15,Hunter Henry,TE,9.0,7.95,2.8,-1.05,5.15
ablate v2_scheme_matchup,2023,4,Gerald Everett,TE,7.67,8.05,2.9,0.38,5.15
ablate v2_scheme_matchup,2023,16,DeVonta Smith,WR,12.65,12.75,17.9,0.1,5.15
ablate v2_pff_alignment_matchup,2023,10,Allen Lazard,WR,7.56,7.85,2.7,0.29,5.15
ablate v2_scheme_matchup,2024,4,Tre Tucker,WR,10.54,10.25,15.4,-0.29,5.15
ablate v2_scheme_matchup,2023,11,Adam Thielen,WR,10.06,10.25,15.4,0.19,5.15
ablate v2_pff_alignment_matchup,2025,4,Jake Ferguson,TE,11.85,11.85,17.0,0.0,5.15
ablate v2_pff_alignment_matchup,2025,4,Khalil Shakir,WR,11.69,12.75,17.9,1.06,5.15
ablate v2_pff_alignment_matchup,2022,3,DJ Chark,WR,11.6,12.75,7.6,1.15,5.15
ablate v2_pff_alignment_matchup,2022,17,Amon-Ra St. Brown,WR,16.31,15.34,10.2,-0.97,5.14
ablate v2_scheme_matchup,2024,9,Rashod Bateman,WR,10.64,10.64,5.5,0.0,5.14
ablate v2_scheme_matchup,2023,4,Gabe Davis,WR,9.96,9.96,15.1,0.0,5.14
ablate v2_scheme_matchup,2023,18,Jake Ferguson,TE,7.95,7.76,12.9,-0.19,5.14
ablate v2_pff_alignment_matchup,2025,15,Tyler Warren,TE,9.76,10.04,4.9,0.28,5.14
ablate v2_pff_alignment_matchup,2024,9,Rashod Bateman,WR,10.64,10.64,5.5,0.0,5.14
ablate v2_scheme_matchup,2024,12,Nick Westbrook-Ikhine,WR,7.56,7.66,12.8,0.1,5.14
ablate v2_scheme_matchup,2024,18,Brian Thomas Jr.,WR,12.65,12.17,17.3,-0.48,5.13
ablate v2_pff_alignment_matchup,2022,13,DJ Chark,WR,9.67,9.67,14.8,0.0,5.13
ablate v2_scheme_matchup,2022,13,DJ Chark,WR,9.67,9.67,14.8,0.0,5.13
ablate v2_pff_alignment_matchup,2023,16,Brandon Aiyuk,WR,11.4,12.17,17.3,0.77,5.13
ablate v2_scheme_matchup,2024,12,Jayden Reed,WR,10.73,10.73,5.6,0.0,5.13
ablate v2_pff_alignment_matchup,2024,10,Cole Kmet,TE,8.71,8.43,3.3,-0.28,5.13
ablate v2_pff_alignment_matchup,2024,11,Khalil Shakir,WR,10.25,9.87,15.0,-0.38,5.13
ablate v2_pff_alignment_matchup,2022,8,Tyler Higbee,TE,8.62,8.62,3.5,0.0,5.12
ablate v2_scheme_matchup,2023,18,Greg Dortch,WR,8.52,8.52,3.4,0.0,5.12
ablate v2_pff_alignment_matchup,2024,7,Alec Pierce,WR,8.81,8.62,3.5,-0.19,5.12
ablate v2_scheme_matchup,2022,6,George Kittle,TE,11.66,11.18,16.3,-0.48,5.12
ablate v2_pff_alignment_matchup,2022,11,Allen Robinson,WR,10.35,9.58,14.7,-0.77,5.12
ablate v2_pff_alignment_matchup,2023,18,Greg Dortch,WR,8.52,8.52,3.4,0.0,5.12
ablate v2_scheme_matchup,2025,6,Tyler Warren,TE,12.61,13.18,18.3,0.57,5.12
ablate v2_pff_alignment_matchup,2023,18,Ja'Marr Chase,WR,10.44,11.02,5.9,0.58,5.12
ablate v2_pff_alignment_matchup,2022,6,Diontae Johnson,WR,11.89,13.71,8.6,1.82,5.11
ablate v2_scheme_matchup,2025,3,Michael Pittman,WR,13.71,14.19,19.3,0.48,5.11
ablate v2_scheme_matchup,2025,16,Justin Jefferson,WR,9.19,9.39,14.5,0.2,5.11
ablate v2_scheme_matchup,2022,17,Travis Kelce,TE,16.03,16.41,11.3,0.38,5.11
ablate v2_pff_alignment_matchup,2023,8,Josh Downs,WR,9.87,9.1,14.2,-0.77,5.1
ablate v2_pff_alignment_matchup,2025,12,Justin Jefferson,WR,13.81,13.9,8.8,0.09,5.1
ablate v2_scheme_matchup,2024,6,Tyler Lockett,WR,11.31,11.4,16.5,0.09,5.1
ablate v2_scheme_matchup,2025,4,Brock Bowers,TE,14.51,14.7,9.6,0.19,5.1
ablate v2_pff_alignment_matchup,2024,11,Tyler Lockett,WR,8.91,9.0,3.9,0.09,5.1
ablate v2_scheme_matchup,2023,5,Allen Lazard,WR,11.89,11.4,6.3,-0.49,5.1
ablate v2_scheme_matchup,2025,15,Mike Gesicki,TE,6.53,7.19,2.1,0.66,5.09
ablate v2_pff_alignment_matchup,2022,3,Allen Robinson,WR,8.91,9.39,4.3,0.48,5.09
ablate v2_pff_alignment_matchup,2023,16,Kyle Pitts,TE,9.09,8.81,13.9,-0.28,5.09
ablate v2_scheme_matchup,2023,4,Marquise Brown,WR,21.69,21.69,16.6,0.0,5.09
ablate v2_pff_alignment_matchup,2022,3,Nelson Agholor,WR,9.39,9.19,4.1,-0.2,5.09
ablate v2_scheme_matchup,2025,17,Ladd McConkey,WR,9.19,9.19,4.1,0.0,5.09
ablate v2_pff_alignment_matchup,2023,4,Dawson Knox,TE,7.0,7.29,2.2,0.29,5.09
ablate v2_pff_alignment_matchup,2023,4,Marquise Brown,WR,21.69,21.69,16.6,0.0,5.09
ablate v2_scheme_matchup,2025,4,T.J. Hockenson,TE,12.42,12.99,7.9,0.57,5.09
ablate v2_pff_alignment_matchup,2024,13,Cade Otton,TE,10.99,11.09,6.0,0.1,5.09
ablate v2_scheme_matchup,2025,13,Jaylen Waddle,WR,11.79,12.08,7.0,0.29,5.08
ablate v2_scheme_matchup,2022,18,DK Metcalf,WR,11.89,12.08,7.0,0.19,5.08
ablate v2_pff_alignment_matchup,2023,3,Cole Kmet,TE,9.09,9.28,4.2,0.19,5.08
ablate v2_pff_alignment_matchup,2025,6,Josh Downs,WR,11.69,11.12,16.2,-0.57,5.08
ablate v2_pff_alignment_matchup,2022,17,CeeDee Lamb,WR,16.02,15.92,21.0,-0.1,5.08
ablate v2_scheme_matchup,2023,17,Puka Nacua,WR,13.81,13.62,18.7,-0.19,5.08
ablate v2_scheme_matchup,2025,18,Tee Higgins,WR,13.33,13.62,18.7,0.29,5.08
ablate v2_scheme_matchup,2024,14,Kyle Pitts,TE,6.91,7.48,2.4,0.57,5.08
ablate v2_pff_alignment_matchup,2024,3,Jaxon Smith-Njigba,WR,12.08,11.98,6.9,-0.1,5.08
ablate v2_pff_alignment_matchup,2023,10,Terry McLaurin,WR,12.46,12.37,7.3,-0.09,5.07
ablate v2_pff_alignment_matchup,2025,16,Jordan Addison,WR,9.29,9.67,4.6,0.38,5.07
ablate v2_pff_alignment_matchup,2025,13,Brian Thomas Jr.,WR,10.64,9.87,4.8,-0.77,5.07
ablate v2_pff_alignment_matchup,2023,5,Rashee Rice,WR,8.04,8.23,13.3,0.19,5.07
ablate v2_pff_alignment_matchup,2023,13,Calvin Ridley,WR,12.17,12.37,7.3,0.2,5.07
ablate v2_scheme_matchup,2025,10,Sam LaPorta,TE,15.84,15.36,10.3,-0.48,5.06
ablate v2_pff_alignment_matchup,2024,17,Keenan Allen,WR,12.65,12.56,7.5,-0.09,5.06
ablate v2_pff_alignment_matchup,2024,4,Amari Cooper,WR,12.46,12.56,7.5,0.1,5.06
ablate v2_scheme_matchup,2023,3,Drake London,WR,9.96,10.16,5.1,0.2,5.06
ablate v2_scheme_matchup,2025,3,Dont'e Thornton Jr.,WR,9.58,9.96,4.9,0.38,5.06
ablate v2_pff_alignment_matchup,2023,16,Darnell Mooney,WR,7.27,7.56,2.5,0.29,5.06
ablate v2_pff_alignment_matchup,2024,18,Terry McLaurin,WR,15.25,15.15,20.2,-0.1,5.05
ablate v2_scheme_matchup,2025,6,Tetairoa McMillan,WR,12.94,12.85,17.9,-0.09,5.05
ablate v2_scheme_matchup,2025,7,Tyler Warren,TE,12.8,11.85,16.9,-0.95,5.05
ablate v2_pff_alignment_matchup,2024,12,Nick Westbrook-Ikhine,WR,7.56,7.75,12.8,0.19,5.05
ablate v2_scheme_matchup,2022,11,Darnell Mooney,WR,8.04,7.85,12.9,-0.19,5.05
ablate v2_pff_alignment_matchup,2025,7,Tucker Kraft,TE,11.09,11.75,16.8,0.66,5.05
ablate v2_scheme_matchup,2022,18,Diontae Johnson,WR,12.94,12.85,7.8,-0.09,5.05
ablate v2_scheme_matchup,2022,7,Courtland Sutton,WR,10.35,10.35,5.3,0.0,5.05
ablate v2_pff_alignment_matchup,2022,14,Dalton Schultz,TE,10.33,9.66,14.7,-0.67,5.04
ablate v2_pff_alignment_matchup,2025,6,Xavier Legette,WR,8.33,8.14,3.1,-0.19,5.04
ablate v2_scheme_matchup,2022,17,Treylon Burks,WR,7.66,7.56,12.6,-0.1,5.04
ablate v2_scheme_matchup,2024,12,Deebo Samuel Sr.,WR,8.14,8.14,3.1,0.0,5.04
ablate v2_scheme_matchup,2022,6,Dawson Knox,TE,7.48,7.67,12.7,0.19,5.03
ablate v2_scheme_matchup,2025,10,Rashid Shaheed,WR,8.43,8.33,3.3,-0.1,5.03
ablate v2_pff_alignment_matchup,2023,10,Darnell Mooney,WR,7.85,8.43,3.4,0.58,5.03
ablate v2_pff_alignment_matchup,2025,8,Courtland Sutton,WR,16.59,15.73,10.7,-0.86,5.03
ablate v2_pff_alignment_matchup,2022,14,CeeDee Lamb,WR,11.98,13.33,8.3,1.35,5.03
ablate v2_scheme_matchup,2024,9,Drake London,WR,15.73,15.73,10.7,0.0,5.03
ablate v2_pff_alignment_matchup,2025,18,AJ Barner,TE,8.43,8.43,3.4,0.0,5.03
ablate v2_pff_alignment_matchup,2025,3,Marquise Brown,WR,12.65,13.23,8.2,0.58,5.03
ablate v2_pff_alignment_matchup,2022,3,Rashod Bateman,WR,10.92,10.92,5.9,0.0,5.02
ablate v2_scheme_matchup,2022,16,Mike Evans,WR,10.92,10.92,5.9,0.0,5.02
ablate v2_pff_alignment_matchup,2024,3,Brandin Cooks,WR,8.91,8.62,3.6,-0.29,5.02
ablate v2_pff_alignment_matchup,2023,15,Garrett Wilson,WR,11.69,10.92,5.9,-0.77,5.02
ablate v2_scheme_matchup,2022,3,Rashod Bateman,WR,10.92,10.92,5.9,0.0,5.02
ablate v2_scheme_matchup,2023,11,Zay Jones,WR,10.73,11.02,6.0,0.29,5.02
ablate v2_pff_alignment_matchup,2022,6,George Kittle,TE,11.66,11.28,16.3,-0.38,5.02
ablate v2_scheme_matchup,2022,9,Mack Hollins,WR,8.91,8.71,3.7,-0.2,5.01
ablate v2_scheme_matchup,2025,8,Xavier Legette,WR,8.33,8.71,3.7,0.38,5.01
ablate v2_scheme_matchup,2025,6,Khalil Shakir,WR,10.83,11.31,6.3,0.48,5.01
ablate v2_scheme_matchup,2025,14,Colby Parkinson,TE,7.57,7.19,12.2,-0.38,5.01
ablate v2_scheme_matchup,2024,4,Chris Olave,WR,11.69,11.69,16.7,0.0,5.01
ablate v2_scheme_matchup,2023,5,Marquise Brown,WR,21.11,21.11,16.1,0.0,5.01
ablate v2_scheme_matchup,2024,11,Tyler Lockett,WR,8.91,8.91,3.9,0.0,5.01
ablate v2_pff_alignment_matchup,2023,5,Marquise Brown,WR,21.11,21.11,16.1,0.0,5.01
ablate v2_scheme_matchup,2025,9,Tyler Warren,TE,11.66,12.61,7.6,0.95,5.01
ablate v2_scheme_matchup,2025,8,DK Metcalf,WR,11.69,11.5,16.5,-0.19,5.0
ablate v2_pff_alignment_matchup,2024,13,Josh Palmer,WR,8.91,9.1,4.1,0.19,5.0
ablate v2_pff_alignment_matchup,2024,12,Tyler Lockett,WR,8.71,9.0,4.0,0.29,5.0
ablate v2_pff_alignment_matchup,2025,6,Keon Coleman,WR,8.62,9.1,4.1,0.48,5.0
ablate v2_scheme_matchup,2024,13,Calvin Ridley,WR,11.31,11.5,6.5,0.19,5.0
ablate v2_pff_alignment_matchup,2022,5,Adam Thielen,WR,11.5,11.69,6.7,0.19,4.99
ablate v2_pff_alignment_matchup,2022,12,JuJu Smith-Schuster,WR,11.98,11.79,6.8,-0.19,4.99
ablate v2_pff_alignment_matchup,2022,5,Allen Robinson,WR,9.19,9.19,4.2,0.0,4.99
ablate v2_scheme_matchup,2025,13,Jauan Jennings,WR,8.91,8.91,13.9,0.0,4.99
ablate v2_pff_alignment_matchup,2023,18,Wan'Dale Robinson,WR,8.43,8.52,13.5,0.09,4.98
ablate v2_scheme_matchup,2023,6,Jake Ferguson,TE,7.1,7.48,2.5,0.38,4.98
ablate v2_scheme_matchup,2023,8,Brandon Aiyuk,WR,10.83,10.92,15.9,0.09,4.98
ablate v2_pff_alignment_matchup,2022,10,DeVonta Smith,WR,11.5,10.92,15.9,-0.58,4.98
ablate v2_scheme_matchup,2023,10,Chris Godwin Jr.,WR,14.1,14.38,9.4,0.28,4.98
ablate v2_pff_alignment_matchup,2025,8,Darnell Mooney,WR,7.08,7.08,2.1,0.0,4.98
ablate v2_pff_alignment_matchup,2025,15,Terry McLaurin,WR,10.54,10.92,15.9,0.38,4.98
ablate v2_scheme_matchup,2022,11,Adam Thielen,WR,9.39,9.48,4.5,0.09,4.98
ablate v2_pff_alignment_matchup,2022,4,Marquise Brown,WR,15.83,15.83,20.8,0.0,4.97
ablate v2_scheme_matchup,2025,12,Kyle Pitts,TE,9.57,9.47,4.5,-0.1,4.97
ablate v2_scheme_matchup,2023,10,Terry McLaurin,WR,12.46,12.27,7.3,-0.19,4.97
ablate v2_pff_alignment_matchup,2022,10,Jahan Dotson,WR,6.79,7.37,2.4,0.58,4.97
ablate v2_scheme_matchup,2022,11,Nick Westbrook-Ikhine,WR,9.58,9.77,4.8,0.19,4.97
ablate v2_pff_alignment_matchup,2023,12,Jake Ferguson,TE,9.19,9.47,4.5,0.28,4.97
ablate v2_scheme_matchup,2022,4,Marquise Brown,WR,15.83,15.83,20.8,0.0,4.97
ablate v2_scheme_matchup,2025,5,Jakobi Meyers,WR,12.08,12.17,7.2,0.09,4.97
ablate v2_scheme_matchup,2025,5,Tetairoa McMillan,WR,8.33,8.33,13.3,0.0,4.97
ablate v2_scheme_matchup,2023,9,Rashid Shaheed,WR,10.16,10.16,5.2,0.0,4.96
ablate v2_pff_alignment_matchup,2023,6,Josh Downs,WR,7.46,8.14,13.1,0.68,4.96
ablate v2_pff_alignment_matchup,2023,16,Adam Thielen,WR,10.35,10.44,15.4,0.09,4.96
ablate v2_scheme_matchup,2025,3,Brian Thomas Jr.,WR,12.27,12.46,7.5,0.19,4.96
ablate v2_scheme_matchup,2023,16,Adam Thielen,WR,10.35,10.44,15.4,0.09,4.96
ablate v2_pff_alignment_matchup,2022,6,DeVonta Smith,WR,9.96,10.44,15.4,0.48,4.96
ablate v2_scheme_matchup,2022,8,George Kittle,TE,8.9,7.95,12.9,-0.95,4.95
ablate v2_pff_alignment_matchup,2024,16,Adam Thielen,WR,10.54,10.35,15.3,-0.19,4.95
ablate v2_scheme_matchup,2025,4,Deebo Samuel Sr.,WR,14.48,15.15,20.1,0.67,4.95
ablate v2_pff_alignment_matchup,2024,13,Malik Nabers,WR,10.54,10.35,15.3,-0.19,4.95
ablate v2_pff_alignment_matchup,2024,6,Courtland Sutton,WR,11.02,10.35,15.3,-0.67,4.95
ablate v2_pff_alignment_matchup,2022,15,Cade Otton,TE,8.33,7.95,3.0,-0.38,4.95
ablate v2_scheme_matchup,2024,16,Cooper Kupp,WR,10.35,10.35,5.4,0.0,4.95
ablate v2_scheme_matchup,2024,16,Adam Thielen,WR,10.54,10.35,15.3,-0.19,4.95
ablate v2_scheme_matchup,2023,17,Dalton Kincaid,TE,8.81,7.76,12.7,-1.05,4.94
ablate v2_scheme_matchup,2024,5,Marvin Harrison Jr.,WR,10.54,10.54,5.6,0.0,4.94
ablate v2_scheme_matchup,2023,12,Jerry Jeudy,WR,8.04,8.04,3.1,0.0,4.94
ablate v2_pff_alignment_matchup,2023,7,Christian Watson,WR,11.89,10.64,5.7,-1.25,4.94
ablate v2_scheme_matchup,2023,8,Drake London,WR,15.44,15.44,10.5,0.0,4.94
ablate v2_scheme_matchup,2024,8,Zach Ertz,TE,9.47,9.76,14.7,0.29,4.94
ablate v2_scheme_matchup,2024,11,Khalil Shakir,WR,10.25,10.06,15.0,-0.19,4.94
ablate v2_pff_alignment_matchup,2024,5,Marvin Harrison Jr.,WR,10.54,10.54,5.6,0.0,4.94
ablate v2_scheme_matchup,2025,11,DJ Moore,WR,8.04,8.04,3.1,0.0,4.94
ablate v2_pff_alignment_matchup,2022,11,Dalton Schultz,TE,9.38,10.14,5.2,0.76,4.94
ablate v2_scheme_matchup,2022,16,Corey Davis,WR,8.33,8.33,3.4,0.0,4.93
ablate v2_pff_alignment_matchup,2025,13,Chris Olave,WR,9.19,9.77,14.7,0.58,4.93
ablate v2_scheme_matchup,2025,5,Keenan Allen,WR,15.83,15.73,10.8,-0.1,4.93
ablate v2_pff_alignment_matchup,2023,4,Calvin Austin III,WR,11.12,10.83,5.9,-0.29,4.93
ablate v2_pff_alignment_matchup,2022,5,Geoff Swaim,TE,5.96,6.43,1.5,0.47,4.93
ablate v2_pff_alignment_matchup,2024,4,George Kittle,TE,9.47,9.57,14.5,0.1,4.93
ablate v2_scheme_matchup,2025,18,AJ Barner,TE,8.43,8.33,3.4,-0.1,4.93
ablate v2_pff_alignment_matchup,2023,6,Zay Flowers,WR,12.17,12.17,17.1,0.0,4.93
ablate v2_scheme_matchup,2023,6,Zay Flowers,WR,12.17,12.17,17.1,0.0,4.93
ablate v2_scheme_matchup,2023,7,Brandon Aiyuk,WR,15.54,15.63,10.7,0.09,4.93
ablate v2_scheme_matchup,2022,8,Tyler Higbee,TE,8.62,8.43,3.5,-0.19,4.93
ablate v2_scheme_matchup,2024,7,Christian Kirk,WR,8.04,8.33,3.4,0.29,4.93
ablate v2_scheme_matchup,2022,8,Diontae Johnson,WR,13.04,13.42,8.5,0.38,4.92
ablate v2_pff_alignment_matchup,2022,3,Jerry Jeudy,WR,8.91,8.62,3.7,-0.29,4.92
ablate v2_scheme_matchup,2022,12,George Kittle,TE,11.47,10.52,5.6,-0.95,4.92
ablate v2_pff_alignment_matchup,2025,14,Chris Olave,WR,10.73,10.92,6.0,0.19,4.92
ablate v2_pff_alignment_matchup,2022,3,Allen Lazard,WR,9.39,9.58,14.5,0.19,4.92
ablate v2_pff_alignment_matchup,2023,14,Jerry Jeudy,WR,8.52,8.52,3.6,0.0,4.92
ablate v2_pff_alignment_matchup,2025,16,Justin Jefferson,WR,9.19,9.58,14.5,0.39,4.92
ablate v2_scheme_matchup,2024,16,Jakobi Meyers,WR,10.92,11.02,6.1,0.1,4.92
ablate v2_pff_alignment_matchup,2024,10,Tyler Conklin,TE,6.34,6.72,1.8,0.38,4.92
ablate v2_scheme_matchup,2025,12,AJ Barner,TE,8.52,8.71,3.8,0.19,4.91
ablate v2_pff_alignment_matchup,2024,11,Demarcus Robinson,WR,9.0,8.81,3.9,-0.19,4.91
ablate v2_scheme_matchup,2023,10,DK Metcalf,WR,11.98,11.89,16.8,-0.09,4.91
ablate v2_pff_alignment_matchup,2025,4,Brock Bowers,TE,14.51,14.51,9.6,0.0,4.91
ablate v2_pff_alignment_matchup,2025,6,Khalil Shakir,WR,10.83,11.21,6.3,0.38,4.91
ablate v2_pff_alignment_matchup,2023,5,Drake London,WR,9.67,9.77,14.68,0.1,4.91
ablate v2_pff_alignment_matchup,2025,4,Juwan Johnson,TE,10.71,10.71,5.8,0.0,4.91
ablate v2_pff_alignment_matchup,2023,17,George Kittle,TE,10.71,10.8,5.9,0.09,4.9
ablate v2_scheme_matchup,2022,7,Allen Lazard,WR,15.92,16.4,11.5,0.48,4.9
ablate v2_pff_alignment_matchup,2025,13,Jauan Jennings,WR,8.91,9.0,13.9,0.09,4.9
ablate v2_scheme_matchup,2024,8,Garrett Wilson,WR,11.02,11.4,16.3,0.38,4.9
ablate v2_scheme_matchup,2025,6,Keon Coleman,WR,8.62,9.0,4.1,0.38,4.9
ablate v2_pff_alignment_matchup,2023,3,Jahan Dotson,WR,9.87,9.0,4.1,-0.87,4.9
ablate v2_scheme_matchup,2025,8,Jordan Addison,WR,16.4,16.5,11.6,0.1,4.9
ablate v2_scheme_matchup,2022,15,Tee Higgins,WR,11.4,11.4,16.3,0.0,4.9
ablate v2_pff_alignment_matchup,2022,4,Mike Williams,WR,14.38,14.1,19.0,-0.28,4.9
ablate v2_pff_alignment_matchup,2023,16,Evan Engram,TE,12.61,12.61,17.5,0.0,4.89
ablate v2_scheme_matchup,2025,17,Justin Jefferson,WR,11.69,11.89,7.0,0.2,4.89
ablate v2_pff_alignment_matchup,2025,13,Jaylen Waddle,WR,11.79,11.89,7.0,0.1,4.89
ablate v2_pff_alignment_matchup,2025,3,Romeo Doubs,WR,8.71,9.39,4.5,0.68,4.89
ablate v2_scheme_matchup,2025,3,Jakobi Meyers,WR,13.9,14.19,9.3,0.29,4.89
ablate v2_pff_alignment_matchup,2023,17,Puka Nacua,WR,13.81,13.81,18.7,0.0,4.89
ablate v2_scheme_matchup,2023,10,Christian Watson,WR,9.29,9.19,4.3,-0.1,4.89
ablate v2_pff_alignment_matchup,2022,16,Tyreek Hill,WR,20.63,19.19,14.3,-1.44,4.89
ablate v2_scheme_matchup,2024,14,Christian Watson,WR,8.43,8.52,13.4,0.09,4.88
ablate v2_pff_alignment_matchup,2023,6,Jake Ferguson,TE,7.1,7.38,2.5,0.28,4.88
ablate v2_pff_alignment_matchup,2023,11,Jaylen Waddle,WR,14.19,14.38,9.5,0.19,4.88
ablate v2_scheme_matchup,2024,12,Cole Kmet,TE,8.14,8.52,13.4,0.38,4.88
ablate v2_scheme_matchup,2023,16,Garrett Wilson,WR,10.83,10.92,15.8,0.09,4.88
ablate v2_scheme_matchup,2025,16,Jordan Addison,WR,9.29,9.48,4.6,0.19,4.88
ablate v2_pff_alignment_matchup,2025,11,Calvin Ridley,WR,7.18,7.18,2.3,0.0,4.88
ablate v2_pff_alignment_matchup,2023,8,Brandon Aiyuk,WR,10.83,11.02,15.9,0.19,4.88
ablate v2_scheme_matchup,2022,4,Rashod Bateman,WR,9.58,9.58,4.7,0.0,4.88
ablate v2_scheme_matchup,2025,8,Darnell Mooney,WR,7.08,6.98,2.1,-0.1,4.88
ablate v2_pff_alignment_matchup,2024,14,Christian Watson,WR,8.43,8.52,13.4,0.09,4.88
ablate v2_scheme_matchup,2024,7,Mike Evans,WR,14.48,14.38,9.5,-0.1,4.88
ablate v2_scheme_matchup,2022,8,Mack Hollins,WR,8.43,8.52,13.4,0.09,4.88
ablate v2_pff_alignment_matchup,2022,4,Rashod Bateman,WR,9.58,9.58,4.7,0.0,4.88
ablate v2_scheme_matchup,2025,11,Calvin Ridley,WR,7.18,7.18,2.3,0.0,4.88
ablate v2_scheme_matchup,2024,18,Zach Ertz,TE,10.61,10.52,15.4,-0.09,4.88
ablate v2_scheme_matchup,2023,17,Deebo Samuel Sr.,WR,13.33,13.33,18.2,0.0,4.87
ablate v2_scheme_matchup,2025,4,Keon Coleman,WR,12.37,12.37,7.5,0.0,4.87
ablate v2_pff_alignment_matchup,2022,15,George Pickens,WR,12.65,12.17,7.3,-0.48,4.87
ablate v2_scheme_matchup,2024,3,Brandon Aiyuk,WR,15.15,14.67,9.8,-0.48,4.87
ablate v2_pff_alignment_matchup,2024,13,Jakobi Meyers,WR,10.44,10.83,15.7,0.39,4.87
ablate v2_scheme_matchup,2024,17,Keenan Allen,WR,12.65,12.37,7.5,-0.28,4.87
ablate v2_pff_alignment_matchup,2022,11,Stefon Diggs,WR,20.34,19.67,14.8,-0.67,4.87
ablate v2_scheme_matchup,2022,3,Josh Reynolds,WR,10.73,10.73,15.6,0.0,4.87
ablate v2_pff_alignment_matchup,2022,17,Romeo Doubs,WR,10.54,9.87,5.0,-0.67,4.87
ablate v2_scheme_matchup,2022,6,K.J. Osborn,WR,9.67,9.67,4.8,0.0,4.87
ablate v2_pff_alignment_matchup,2025,3,Brian Thomas Jr.,WR,12.27,12.37,7.5,0.1,4.87
ablate v2_scheme_matchup,2025,12,Ricky Pearsall,WR,7.66,7.66,2.8,0.0,4.86
ablate v2_scheme_matchup,2023,12,Tyler Boyd,WR,10.16,10.16,5.3,0.0,4.86
ablate v2_pff_alignment_matchup,2022,17,Juwan Johnson,TE,6.05,6.34,11.2,0.29,4.86
ablate v2_scheme_matchup,2024,14,Allen Lazard,WR,7.66,7.66,2.8,0.0,4.86
ablate v2_pff_alignment_matchup,2025,6,Marvin Harrison Jr.,WR,10.06,10.06,5.2,0.0,4.86
ablate v2_pff_alignment_matchup,2023,11,Adam Thielen,WR,10.06,10.54,15.4,0.48,4.86
ablate v2_pff_alignment_matchup,2024,5,Pat Freiermuth,TE,6.15,6.34,11.2,0.19,4.86
ablate v2_scheme_matchup,2025,6,Marvin Harrison Jr.,WR,10.06,10.06,5.2,0.0,4.86
ablate v2_scheme_matchup,2022,12,Gabe Davis,WR,12.46,12.65,7.8,0.19,4.85
ablate v2_pff_alignment_matchup,2022,17,Treylon Burks,WR,7.66,7.75,12.6,0.09,4.85
ablate v2_scheme_matchup,2025,12,Jauan Jennings,WR,10.25,10.25,15.1,0.0,4.85
ablate v2_scheme_matchup,2025,18,Michael Pittman,WR,8.04,7.95,3.1,-0.09,4.85
ablate v2_pff_alignment_matchup,2024,16,Cooper Kupp,WR,10.35,10.25,5.4,-0.1,4.85
ablate v2_scheme_matchup,2022,11,Chase Claypool,WR,8.04,7.95,3.1,-0.09,4.85
ablate v2_pff_alignment_matchup,2025,14,Colston Loveland,TE,8.24,8.05,12.9,-0.19,4.85
ablate v2_scheme_matchup,2025,17,Josh Downs,WR,10.64,10.25,5.4,-0.39,4.85
ablate v2_pff_alignment_matchup,2024,4,Chris Godwin Jr.,WR,16.98,17.75,12.9,0.77,4.85
ablate v2_scheme_matchup,2024,10,DJ Moore,WR,10.35,10.54,5.7,0.19,4.84
ablate v2_scheme_matchup,2022,13,Stefon Diggs,WR,17.36,17.36,22.2,0.0,4.84
ablate v2_pff_alignment_matchup,2022,5,Corey Davis,WR,10.64,10.64,5.8,0.0,4.84
ablate v2_scheme_matchup,2022,18,Cade Otton,TE,5.96,6.34,1.5,0.38,4.84
ablate v2_scheme_matchup,2022,12,Christian Kirk,WR,12.94,12.94,8.1,0.0,4.84
ablate v2_scheme_matchup,2022,14,Van Jefferson,WR,7.46,7.56,12.4,0.1,4.84
ablate v2_pff_alignment_matchup,2024,12,Jerry Jeudy,WR,9.67,9.67,14.5,0.0,4.83
ablate v2_pff_alignment_matchup,2025,5,Dyami Brown,WR,8.14,8.33,3.5,0.19,4.83
ablate v2_pff_alignment_matchup,2024,14,Keenan Allen,WR,10.73,10.83,6.0,0.1,4.83
ablate v2_scheme_matchup,2024,14,Keenan Allen,WR,10.73,10.83,6.0,0.1,4.83
ablate v2_pff_alignment_matchup,2024,14,Josh Oliver,TE,7.95,8.43,3.6,0.48,4.83
ablate v2_scheme_matchup,2025,14,Chris Olave,WR,10.73,10.83,6.0,0.1,4.83
ablate v2_scheme_matchup,2023,4,Calvin Austin III,WR,11.12,10.73,5.9,-0.39,4.83
ablate v2_scheme_matchup,2024,12,Jerry Jeudy,WR,9.67,9.67,14.5,0.0,4.83
ablate v2_scheme_matchup,2023,18,Ja'Marr Chase,WR,10.44,10.73,5.9,0.29,4.83
ablate v2_scheme_matchup,2022,15,Evan Engram,TE,9.66,9.38,14.2,-0.28,4.82
ablate v2_pff_alignment_matchup,2022,3,Drake London,WR,10.16,9.58,14.4,-0.58,4.82
ablate v2_scheme_matchup,2025,12,Justin Jefferson,WR,13.81,13.62,8.8,-0.19,4.82
ablate v2_scheme_matchup,2025,12,Noah Fant,TE,6.34,6.72,1.9,0.38,4.82
ablate v2_scheme_matchup,2024,7,Tucker Kraft,TE,8.05,7.48,12.3,-0.57,4.82
ablate v2_scheme_matchup,2023,10,Chris Olave,WR,16.59,16.59,21.4,0.0,4.81
ablate v2_pff_alignment_matchup,2025,4,Elic Ayomanor,WR,11.02,11.21,6.4,0.19,4.81
ablate v2_scheme_matchup,2024,16,Michael Pittman,WR,8.81,8.71,3.9,-0.1,4.81
ablate v2_pff_alignment_matchup,2024,17,Courtland Sutton,WR,11.98,11.69,16.5,-0.29,4.81
ablate v2_scheme_matchup,2023,5,Drake London,WR,9.67,9.87,14.68,0.2,4.81
ablate v2_scheme_matchup,2024,12,Tyler Lockett,WR,8.71,8.81,4.0,0.1,4.81
ablate v2_pff_alignment_matchup,2025,8,Emeka Egbuka,WR,11.21,11.31,6.5,0.1,4.81
ablate v2_scheme_matchup,2025,15,Travis Kelce,TE,9.47,9.19,14.0,-0.28,4.81
ablate v2_scheme_matchup,2024,3,Elijah Higgins,TE,6.91,6.91,2.1,0.0,4.81
ablate v2_pff_alignment_matchup,2024,3,Elijah Higgins,TE,6.91,6.91,2.1,0.0,4.81
ablate v2_pff_alignment_matchup,2025,17,Ladd McConkey,WR,9.19,8.91,4.1,-0.28,4.81
ablate v2_pff_alignment_matchup,2023,5,CeeDee Lamb,WR,13.13,13.71,8.9,0.58,4.81
ablate v2_scheme_matchup,2024,4,Andrei Iosivas,WR,8.91,8.71,3.9,-0.2,4.81
ablate v2_scheme_matchup,2025,8,Emeka Egbuka,WR,11.21,11.31,6.5,0.1,4.81
ablate v2_scheme_matchup,2025,9,Jauan Jennings,WR,9.29,9.29,14.1,0.0,4.81
ablate v2_pff_alignment_matchup,2024,12,Mark Andrews,TE,10.8,10.8,15.6,0.0,4.8
ablate v2_scheme_matchup,2022,5,Adam Thielen,WR,11.5,11.5,6.7,0.0,4.8
ablate v2_scheme_matchup,2025,4,Cooper Kupp,WR,11.12,11.4,6.6,0.28,4.8
ablate v2_pff_alignment_matchup,2023,6,Michael Wilson,WR,14.0,14.0,9.2,0.0,4.8
ablate v2_scheme_matchup,2023,6,Michael Wilson,WR,14.0,14.0,9.2,0.0,4.8
ablate v2_pff_alignment_matchup,2024,4,DeMario Douglas,WR,10.54,9.1,4.3,-1.44,4.8
ablate v2_scheme_matchup,2025,15,Wan'Dale Robinson,WR,11.5,11.6,16.4,0.1,4.8
ablate v2_pff_alignment_matchup,2024,18,Trey McBride,TE,14.7,14.7,19.5,0.0,4.8
ablate v2_scheme_matchup,2024,18,Trey McBride,TE,14.7,14.7,19.5,0.0,4.8
ablate v2_pff_alignment_matchup,2023,18,Tyreek Hill,WR,16.79,16.4,21.2,-0.39,4.8
ablate v2_scheme_matchup,2023,4,Courtland Sutton,WR,16.59,16.5,11.7,-0.09,4.8
ablate v2_scheme_matchup,2024,12,Mark Andrews,TE,10.8,10.8,15.6,0.0,4.8
ablate v2_pff_alignment_matchup,2024,10,Dalton Kincaid,TE,9.09,9.19,4.4,0.1,4.79
ablate v2_pff_alignment_matchup,2024,15,Cole Kmet,TE,7.29,7.19,2.4,-0.1,4.79
ablate v2_pff_alignment_matchup,2022,18,Gabe Davis,WR,11.5,11.69,6.9,0.19,4.79
ablate v2_scheme_matchup,2022,12,Allen Lazard,WR,9.19,9.19,4.4,0.0,4.79
ablate v2_scheme_matchup,2023,7,Puka Nacua,WR,18.8,18.61,23.4,-0.19,4.79
ablate v2_pff_alignment_matchup,2023,3,Josh Downs,WR,9.58,8.91,13.7,-0.67,4.79
ablate v2_pff_alignment_matchup,2023,17,Ja'Marr Chase,WR,11.12,11.89,7.1,0.77,4.79
ablate v2_scheme_matchup,2023,11,Jaylen Waddle,WR,14.19,14.29,9.5,0.1,4.79
ablate v2_scheme_matchup,2025,7,Cole Kmet,TE,7.19,7.38,2.6,0.19,4.78
ablate v2_scheme_matchup,2023,4,Keenan Allen,WR,17.46,16.98,12.2,-0.48,4.78
ablate v2_scheme_matchup,2022,8,Dalton Schultz,TE,9.09,8.62,13.4,-0.47,4.78
ablate v2_pff_alignment_matchup,2025,5,Tetairoa McMillan,WR,8.33,8.52,13.3,0.19,4.78
ablate v2_pff_alignment_matchup,2022,8,Dalton Schultz,TE,9.09,8.62,13.4,-0.47,4.78
ablate v2_scheme_matchup,2025,3,Kayshon Boutte,WR,10.16,9.58,4.8,-0.58,4.78
ablate v2_pff_alignment_matchup,2022,12,Deebo Samuel Sr.,WR,12.65,12.08,7.3,-0.57,4.78
ablate v2_pff_alignment_matchup,2025,7,Cole Kmet,TE,7.19,7.38,2.6,0.19,4.78
ablate v2_scheme_matchup,2025,13,Dallas Goedert,TE,9.19,9.47,4.7,0.28,4.77
ablate v2_pff_alignment_matchup,2023,10,Wan'Dale Robinson,WR,6.89,7.37,2.6,0.48,4.77
ablate v2_pff_alignment_matchup,2025,9,Darnell Mooney,WR,7.66,7.27,2.5,-0.39,4.77
ablate v2_scheme_matchup,2024,5,Courtland Sutton,WR,9.96,9.96,5.2,0.0,4.76
ablate v2_scheme_matchup,2023,3,Nico Collins,WR,10.16,10.16,5.4,0.0,4.76
ablate v2_pff_alignment_matchup,2024,12,Cedric Tillman,WR,7.56,7.56,2.8,0.0,4.76
ablate v2_pff_alignment_matchup,2025,13,Mack Hollins,WR,9.67,10.06,5.3,0.39,4.76
ablate v2_scheme_matchup,2022,15,Christian Kirk,WR,10.54,10.44,15.2,-0.1,4.76
ablate v2_scheme_matchup,2022,11,Robert Woods,WR,8.04,8.14,12.9,0.1,4.76
ablate v2_pff_alignment_matchup,2023,3,Nico Collins,WR,10.16,10.16,5.4,0.0,4.76
ablate v2_scheme_matchup,2023,13,Jaylen Waddle,WR,14.86,14.96,10.2,0.1,4.76
ablate v2_scheme_matchup,2025,10,Kendrick Bourne,WR,7.37,7.66,2.9,0.29,4.76
ablate v2_scheme_matchup,2024,12,Cedric Tillman,WR,7.56,7.56,2.8,0.0,4.76
ablate v2_pff_alignment_matchup,2022,3,Courtland Sutton,WR,13.81,12.94,17.7,-0.87,4.76
ablate v2_scheme_matchup,2022,16,Cade Otton,TE,7.38,7.95,3.2,0.57,4.75
ablate v2_pff_alignment_matchup,2022,11,Garrett Wilson,WR,7.85,7.95,3.2,0.1,4.75
ablate v2_scheme_matchup,2022,14,Dalton Schultz,TE,10.33,9.95,14.7,-0.38,4.75
ablate v2_pff_alignment_matchup,2023,9,DeAndre Hopkins,WR,15.63,15.25,10.5,-0.38,4.75
ablate v2_scheme_matchup,2023,11,Noah Fant,TE,5.2,6.15,1.4,0.95,4.75
ablate v2_scheme_matchup,2025,15,Stefon Diggs,WR,10.35,10.35,5.6,0.0,4.75
ablate v2_scheme_matchup,2024,3,Travis Kelce,TE,11.66,11.75,7.0,0.09,4.75
ablate v2_pff_alignment_matchup,2023,7,Stefon Diggs,WR,21.4,22.55,17.8,1.15,4.75
ablate v2_scheme_matchup,2024,11,Rome Odunze,WR,7.95,7.75,12.5,-0.2,4.75
ablate v2_pff_alignment_matchup,2023,6,Dallas Goedert,TE,13.84,13.94,9.2,0.1,4.74
ablate v2_pff_alignment_matchup,2022,5,DJ Moore,WR,14.0,15.44,10.7,1.44,4.74
ablate v2_scheme_matchup,2024,9,Hunter Henry,TE,8.24,7.86,12.6,-0.38,4.74
ablate v2_pff_alignment_matchup,2023,4,Jerry Jeudy,WR,12.46,12.94,8.2,0.48,4.74
ablate v2_scheme_matchup,2023,10,Darnell Mooney,WR,7.85,8.14,3.4,0.29,4.74
ablate v2_pff_alignment_matchup,2024,6,Brandon Aiyuk,WR,10.35,10.44,5.7,0.09,4.74
ablate v2_pff_alignment_matchup,2022,6,George Pickens,WR,9.1,10.54,5.8,1.44,4.74
ablate v2_pff_alignment_matchup,2025,11,Tre Tucker,WR,10.64,9.96,14.7,-0.68,4.74
ablate v2_scheme_matchup,2022,10,Cameron Brate,TE,6.05,6.53,1.8,0.48,4.73
ablate v2_scheme_matchup,2022,5,Mo Alie-Cox,TE,6.05,6.43,1.7,0.38,4.73
ablate v2_scheme_matchup,2023,10,DJ Moore,WR,14.86,15.63,10.9,0.77,4.73
ablate v2_scheme_matchup,2022,9,Chase Claypool,WR,8.43,8.43,3.7,0.0,4.73
ablate v2_pff_alignment_matchup,2022,7,Noah Fant,TE,5.86,6.43,1.7,0.57,4.73
ablate v2_pff_alignment_matchup,2024,16,Jakobi Meyers,WR,10.92,10.83,6.1,-0.09,4.73
ablate v2_scheme_matchup,2022,16,Elijah Moore,WR,8.23,8.23,3.5,0.0,4.73
ablate v2_scheme_matchup,2025,5,Dyami Brown,WR,8.14,8.23,3.5,0.09,4.73
ablate v2_pff_alignment_matchup,2022,16,Elijah Moore,WR,8.23,8.23,3.5,0.0,4.73
ablate v2_pff_alignment_matchup,2023,12,Jaxon Smith-Njigba,WR,10.06,10.83,6.1,0.77,4.73
ablate v2_pff_alignment_matchup,2022,7,Mike Williams,WR,16.4,16.88,21.6,0.48,4.72
ablate v2_pff_alignment_matchup,2025,14,Brian Thomas Jr.,WR,6.89,6.98,11.7,0.09,4.72
ablate v2_scheme_matchup,2023,12,T.J. Hockenson,TE,10.99,11.28,16.0,0.29,4.72
ablate v2_scheme_matchup,2022,7,Zach Gentry,TE,6.81,6.72,2.0,-0.09,4.72
ablate v2_pff_alignment_matchup,2025,6,Travis Kelce,TE,10.14,9.09,13.8,-1.05,4.71
ablate v2_scheme_matchup,2022,15,Greg Dulcich,TE,6.24,6.81,2.1,0.57,4.71
ablate v2_pff_alignment_matchup,2024,11,Drake London,WR,13.23,13.81,9.1,0.58,4.71
ablate v2_scheme_matchup,2023,6,Tee Higgins,WR,8.71,8.71,4.0,0.0,4.71
ablate v2_scheme_matchup,2024,13,Josh Palmer,WR,8.91,8.81,4.1,-0.1,4.71
ablate v2_pff_alignment_matchup,2023,16,Deebo Samuel Sr.,WR,14.0,14.1,9.4,0.1,4.7
ablate v2_pff_alignment_matchup,2023,14,George Pickens,WR,11.12,11.6,6.9,0.48,4.7
ablate v2_scheme_matchup,2023,16,Deebo Samuel Sr.,WR,14.0,14.1,9.4,0.1,4.7
ablate v2_pff_alignment_matchup,2025,6,Rashid Shaheed,WR,10.44,11.5,6.8,1.06,4.7
ablate v2_scheme_matchup,2024,9,Romeo Doubs,WR,11.31,11.5,6.8,0.19,4.7
ablate v2_pff_alignment_matchup,2023,10,Christian Watson,WR,9.29,9.0,4.3,-0.29,4.7
ablate v2_pff_alignment_matchup,2024,14,Kyle Pitts,TE,6.91,7.1,2.4,0.19,4.7
ablate v2_scheme_matchup,2022,18,Gabe Davis,WR,11.5,11.6,6.9,0.1,4.7
ablate v2_scheme_matchup,2025,15,Jaylen Waddle,WR,9.39,9.29,4.6,-0.1,4.69
ablate v2_pff_alignment_matchup,2024,4,Stefon Diggs,WR,13.81,13.81,18.5,0.0,4.69
ablate v2_scheme_matchup,2023,3,Cade Otton,TE,7.48,7.29,2.6,-0.19,4.69
ablate v2_pff_alignment_matchup,2025,15,Jaylen Waddle,WR,9.39,9.29,4.6,-0.1,4.69
ablate v2_scheme_matchup,2025,17,DeVonta Smith,WR,8.81,9.19,4.5,0.38,4.69
ablate v2_scheme_matchup,2024,4,Stefon Diggs,WR,13.81,13.81,18.5,0.0,4.69
ablate v2_scheme_matchup,2024,9,Evan Engram,TE,7.0,6.81,11.5,-0.19,4.69
ablate v2_pff_alignment_matchup,2023,13,Travis Kelce,TE,18.59,16.79,12.1,-1.8,4.69
ablate v2_pff_alignment_matchup,2024,7,Kyle Pitts,TE,9.38,8.81,13.5,-0.57,4.69
ablate v2_scheme_matchup,2023,4,Brandon Aiyuk,WR,15.92,16.11,20.8,0.19,4.69
ablate v2_pff_alignment_matchup,2022,13,Corey Davis,WR,9.39,8.81,13.5,-0.58,4.69
ablate v2_scheme_matchup,2025,15,Jaxon Smith-Njigba,WR,13.71,13.62,18.3,-0.09,4.68
ablate v2_scheme_matchup,2023,11,Jordan Addison,WR,12.56,12.08,7.4,-0.48,4.68
ablate v2_pff_alignment_matchup,2025,7,Kyle Pitts,TE,8.52,8.52,13.2,0.0,4.68
ablate v2_scheme_matchup,2024,6,Isaiah Likely,TE,9.38,9.38,4.7,0.0,4.68
ablate v2_scheme_matchup,2023,13,Calvin Ridley,WR,12.17,11.98,7.3,-0.19,4.68
ablate v2_pff_alignment_matchup,2025,4,Ja'Marr Chase,WR,11.5,11.98,7.3,0.48,4.68
ablate v2_pff_alignment_matchup,2024,6,Isaiah Likely,TE,9.38,9.38,4.7,0.0,4.68
ablate v2_pff_alignment_matchup,2025,3,Zach Ertz,TE,10.14,11.47,6.8,1.33,4.67
ablate v2_pff_alignment_matchup,2025,14,Keenan Allen,WR,9.87,9.87,5.2,0.0,4.67
ablate v2_scheme_matchup,2024,4,Amari Cooper,WR,12.46,12.17,7.5,-0.29,4.67
ablate v2_scheme_matchup,2024,15,Tim Patrick,WR,8.43,8.33,13.0,-0.1,4.67
ablate v2_scheme_matchup,2025,14,Keenan Allen,WR,9.87,9.87,5.2,0.0,4.67
ablate v2_scheme_matchup,2025,17,Mike Gesicki,TE,10.33,11.37,6.7,1.04,4.67
ablate v2_pff_alignment_matchup,2022,18,Evan Engram,TE,11.18,11.37,6.7,0.19,4.67
ablate v2_scheme_matchup,2022,13,Tyler Conklin,TE,6.81,7.57,2.9,0.76,4.67
ablate v2_scheme_matchup,2022,5,Robert Woods,WR,12.17,12.37,7.7,0.2,4.67
ablate v2_scheme_matchup,2024,13,Malik Nabers,WR,10.54,10.64,15.3,0.1,4.66
ablate v2_scheme_matchup,2024,3,Alec Pierce,WR,10.06,10.06,5.4,0.0,4.66
ablate v2_scheme_matchup,2023,15,Puka Nacua,WR,14.77,14.96,10.3,0.19,4.66
ablate v2_pff_alignment_matchup,2024,14,Allen Lazard,WR,7.66,7.46,2.8,-0.2,4.66
ablate v2_pff_alignment_matchup,2023,12,Tyler Boyd,WR,10.16,9.96,5.3,-0.2,4.66
ablate v2_scheme_matchup,2024,18,Terry McLaurin,WR,15.25,15.54,20.2,0.29,4.66
ablate v2_scheme_matchup,2022,4,Allen Lazard,WR,13.33,12.94,17.6,-0.39,4.66
ablate v2_scheme_matchup,2025,9,Mack Hollins,WR,7.27,7.56,2.9,0.29,4.66
ablate v2_pff_alignment_matchup,2025,9,Mack Hollins,WR,7.27,7.56,2.9,0.29,4.66
ablate v2_scheme_matchup,2025,14,Colston Loveland,TE,8.24,8.24,12.9,0.0,4.66
ablate v2_pff_alignment_matchup,2025,9,Kendrick Bourne,WR,9.77,10.06,5.4,0.29,4.66
ablate v2_pff_alignment_matchup,2022,4,Curtis Samuel,WR,11.4,12.46,7.8,1.06,4.66
ablate v2_pff_alignment_matchup,2024,3,Alec Pierce,WR,10.06,10.06,5.4,0.0,4.66
ablate v2_pff_alignment_matchup,2024,14,Malik Nabers,WR,10.35,10.25,14.9,-0.1,4.65
ablate v2_scheme_matchup,2022,13,Dalton Schultz,TE,10.33,9.95,5.3,-0.38,4.65
ablate v2_scheme_matchup,2022,11,Garrett Wilson,WR,7.85,7.85,3.2,0.0,4.65
ablate v2_pff_alignment_matchup,2024,6,Zach Ertz,TE,6.24,6.15,10.8,-0.09,4.65
ablate v2_scheme_matchup,2023,10,Evan Engram,TE,10.71,9.85,5.2,-0.86,4.65
ablate v2_pff_alignment_matchup,2025,16,DK Metcalf,WR,13.23,12.85,8.2,-0.38,4.65
ablate v2_scheme_matchup,2023,6,Noah Gray,TE,7.76,8.14,3.5,0.38,4.64
ablate v2_scheme_matchup,2023,13,Adam Trautman,TE,5.96,6.24,1.6,0.28,4.64
ablate v2_pff_alignment_matchup,2024,17,Noah Gray,TE,6.62,6.24,1.6,-0.38,4.64
ablate v2_scheme_matchup,2025,12,DK Metcalf,WR,9.67,9.77,14.4,0.1,4.63
ablate v2_pff_alignment_matchup,2025,12,AJ Barner,TE,8.52,8.43,3.8,-0.09,4.63
ablate v2_pff_alignment_matchup,2025,17,Jalen Coker,WR,8.23,8.23,3.6,0.0,4.63
ablate v2_scheme_matchup,2023,15,Elijah Moore,WR,8.33,8.33,3.7,0.0,4.63
ablate v2_pff_alignment_matchup,2025,12,DK Metcalf,WR,9.67,9.77,14.4,0.1,4.63
ablate v2_pff_alignment_matchup,2023,15,Elijah Moore,WR,8.33,8.33,3.7,0.0,4.63
ablate v2_scheme_matchup,2022,6,Jaylen Waddle,WR,12.37,12.27,16.9,-0.1,4.63
ablate v2_pff_alignment_matchup,2022,3,Hunter Henry,TE,5.48,6.43,1.8,0.95,4.63
ablate v2_scheme_matchup,2023,14,Jerry Jeudy,WR,8.52,8.23,3.6,-0.29,4.63
ablate v2_scheme_matchup,2024,4,DJ Moore,WR,15.92,15.83,11.2,-0.09,4.63
ablate v2_pff_alignment_matchup,2024,13,Calvin Ridley,WR,11.31,11.12,6.5,-0.19,4.62
ablate v2_pff_alignment_matchup,2023,13,Pat Freiermuth,TE,9.95,10.52,5.9,0.57,4.62
ablate v2_scheme_matchup,2025,8,Zay Flowers,WR,9.48,9.48,14.1,0.0,4.62
ablate v2_scheme_matchup,2022,4,Mike Williams,WR,14.38,14.38,19.0,0.0,4.62
ablate v2_pff_alignment_matchup,2023,6,Terry McLaurin,WR,8.52,9.48,14.1,0.96,4.62
ablate v2_pff_alignment_matchup,2024,12,Dallas Goedert,TE,10.71,10.52,5.9,-0.19,4.62
ablate v2_pff_alignment_matchup,2022,7,Zach Gentry,TE,6.81,6.62,2.0,-0.19,4.62
ablate v2_pff_alignment_matchup,2025,10,Kyle Pitts,TE,9.76,10.42,5.8,0.66,4.62
ablate v2_pff_alignment_matchup,2025,8,Zay Flowers,WR,9.48,9.48,14.1,0.0,4.62
ablate v2_pff_alignment_matchup,2023,6,Tee Higgins,WR,8.71,8.62,4.0,-0.09,4.62
ablate v2_scheme_matchup,2024,11,Jake Ferguson,TE,7.86,6.72,2.1,-1.14,4.62
ablate v2_scheme_matchup,2022,3,Allen Robinson,WR,8.91,8.91,4.3,0.0,4.61
ablate v2_scheme_matchup,2023,3,Cole Kmet,TE,9.09,8.81,4.2,-0.28,4.61
ablate v2_pff_alignment_matchup,2022,11,DeVonta Smith,WR,9.48,9.19,13.8,-0.29,4.61
ablate v2_pff_alignment_matchup,2025,8,DK Metcalf,WR,11.69,11.89,16.5,0.2,4.61
ablate v2_scheme_matchup,2024,7,Dontayvion Wicks,WR,9.1,9.19,13.8,0.09,4.61
ablate v2_scheme_matchup,2022,14,Austin Hooper,TE,7.19,7.19,11.8,0.0,4.61
ablate v2_scheme_matchup,2023,7,Allen Robinson,WR,6.6,6.31,1.7,-0.29,4.61
ablate v2_scheme_matchup,2025,6,Keenan Allen,WR,11.6,11.31,6.7,-0.29,4.61
ablate v2_scheme_matchup,2023,8,DJ Chark,WR,9.1,8.91,4.3,-0.19,4.61
ablate v2_pff_alignment_matchup,2025,13,Troy Franklin,WR,9.58,8.71,4.1,-0.87,4.61
ablate v2_scheme_matchup,2024,17,Courtland Sutton,WR,11.98,11.89,16.5,-0.09,4.61
ablate v2_scheme_matchup,2023,3,Rondale Moore,WR,11.6,11.6,16.2,0.0,4.6
ablate v2_scheme_matchup,2024,3,Andrei Iosivas,WR,11.31,11.6,16.2,0.29,4.6
ablate v2_scheme_matchup,2023,5,T.J. Hockenson,TE,15.36,14.7,10.1,-0.66,4.6
ablate v2_scheme_matchup,2024,11,Nico Collins,WR,14.0,14.0,9.4,0.0,4.6
ablate v2_scheme_matchup,2024,14,Brock Bowers,TE,11.56,12.8,8.2,1.24,4.6
ablate v2_pff_alignment_matchup,2024,11,Nico Collins,WR,14.0,14.0,9.4,0.0,4.6
ablate v2_pff_alignment_matchup,2025,17,Justin Jefferson,WR,11.69,11.6,7.0,-0.09,4.6
ablate v2_pff_alignment_matchup,2025,10,Amon-Ra St. Brown,WR,23.71,21.4,16.8,-2.31,4.6
ablate v2_pff_alignment_matchup,2025,3,Jakobi Meyers,WR,13.9,13.9,9.3,0.0,4.6
ablate v2_pff_alignment_matchup,2023,3,Rondale Moore,WR,11.6,11.6,16.2,0.0,4.6
ablate v2_pff_alignment_matchup,2025,12,Kyle Pitts,TE,9.57,9.09,4.5,-0.48,4.59
ablate v2_pff_alignment_matchup,2023,3,Zach Ertz,TE,7.1,7.19,2.6,0.09,4.59
ablate v2_scheme_matchup,2022,12,T.J. Hockenson,TE,10.71,10.71,15.3,0.0,4.59
ablate v2_pff_alignment_matchup,2024,9,Evan Engram,TE,7.0,6.91,11.5,-0.09,4.59
ablate v2_pff_alignment_matchup,2022,13,Josh Reynolds,WR,9.29,9.48,4.9,0.19,4.58
ablate v2_pff_alignment_matchup,2024,12,Noah Brown,WR,8.81,8.52,13.1,-0.29,4.58
ablate v2_pff_alignment_matchup,2022,13,Tyler Conklin,TE,6.81,7.48,2.9,0.67,4.58
ablate v2_scheme_matchup,2025,7,Tyler Higbee,TE,9.28,9.47,4.9,0.19,4.57
ablate v2_pff_alignment_matchup,2024,14,Tre Tucker,WR,6.98,7.27,2.7,0.29,4.57
ablate v2_pff_alignment_matchup,2024,5,Courtland Sutton,WR,9.96,9.77,5.2,-0.19,4.57
ablate v2_pff_alignment_matchup,2025,15,Stefon Diggs,WR,10.35,10.16,5.6,-0.19,4.56
ablate v2_pff_alignment_matchup,2022,3,DeAndre Carter,WR,9.58,10.16,5.6,0.58,4.56
ablate v2_scheme_matchup,2023,12,DeAndre Hopkins,WR,12.46,12.46,7.9,0.0,4.56
ablate v2_pff_alignment_matchup,2025,11,DJ Moore,WR,8.04,7.66,3.1,-0.38,4.56
ablate v2_pff_alignment_matchup,2022,10,Diontae Johnson,WR,14.67,14.86,10.3,0.19,4.56
ablate v2_scheme_matchup,2023,18,DJ Moore,WR,14.86,14.96,10.4,0.1,4.56
ablate v2_pff_alignment_matchup,2025,10,Kendrick Bourne,WR,7.37,7.46,2.9,0.09,4.56
ablate v2_scheme_matchup,2025,10,Courtland Sutton,WR,9.77,9.96,5.4,0.19,4.56
ablate v2_scheme_matchup,2024,6,Brandon Aiyuk,WR,10.35,10.25,5.7,-0.1,4.55
ablate v2_pff_alignment_matchup,2022,9,Alec Pierce,WR,7.75,7.85,3.3,0.1,4.55
ablate v2_pff_alignment_matchup,2024,16,Mike Gesicki,TE,8.33,7.95,3.4,-0.38,4.55
ablate v2_pff_alignment_matchup,2025,7,DJ Moore,WR,12.37,12.75,8.2,0.38,4.55
ablate v2_pff_alignment_matchup,2022,10,Stefon Diggs,WR,21.01,20.25,24.8,-0.76,4.55
ablate v2_pff_alignment_matchup,2024,11,Pat Freiermuth,TE,7.57,7.95,3.4,0.38,4.55
ablate v2_pff_alignment_matchup,2024,14,Jerry Jeudy,WR,12.85,12.85,17.4,0.0,4.55
ablate v2_scheme_matchup,2023,6,Dallas Goedert,TE,13.84,13.75,9.2,-0.09,4.55
ablate v2_scheme_matchup,2024,14,Jerry Jeudy,WR,12.85,12.85,17.4,0.0,4.55
ablate v2_pff_alignment_matchup,2024,17,Romeo Doubs,WR,10.44,10.25,14.8,-0.19,4.55
ablate v2_scheme_matchup,2022,5,Corey Davis,WR,10.64,10.35,5.8,-0.29,4.55
ablate v2_scheme_matchup,2025,9,Travis Kelce,TE,9.0,8.05,12.6,-0.95,4.55
ablate v2_scheme_matchup,2024,6,Rashid Shaheed,WR,12.65,12.85,8.3,0.2,4.55
ablate v2_pff_alignment_matchup,2022,12,Christian Kirk,WR,12.94,12.65,8.1,-0.29,4.55
ablate v2_scheme_matchup,2023,3,Hunter Henry,TE,8.24,8.24,3.7,0.0,4.54
ablate v2_pff_alignment_matchup,2025,10,Wan'Dale Robinson,WR,8.33,7.66,12.2,-0.67,4.54
ablate v2_scheme_matchup,2024,10,CeeDee Lamb,WR,12.94,12.94,8.4,0.0,4.54
ablate v2_scheme_matchup,2025,17,Jalen Coker,WR,8.23,8.14,3.6,-0.09,4.54
ablate v2_pff_alignment_matchup,2022,12,Donovan Peoples-Jones,WR,8.14,8.14,3.6,0.0,4.54
ablate v2_scheme_matchup,2022,12,Donovan Peoples-Jones,WR,8.14,8.14,3.6,0.0,4.54
ablate v2_scheme_matchup,2022,9,Tyler Conklin,TE,6.05,6.24,1.7,0.19,4.54
ablate v2_pff_alignment_matchup,2022,6,Jaylen Waddle,WR,12.37,12.37,16.9,0.0,4.53
ablate v2_scheme_matchup,2025,10,Kyle Pitts,TE,9.76,10.33,5.8,0.57,4.53
ablate v2_pff_alignment_matchup,2022,9,Chase Claypool,WR,8.43,8.23,3.7,-0.2,4.53
ablate v2_pff_alignment_matchup,2022,11,Pat Freiermuth,TE,11.47,11.37,15.9,-0.1,4.53
ablate v2_pff_alignment_matchup,2024,16,Michael Pittman,WR,8.81,8.43,3.9,-0.38,4.53
ablate v2_scheme_matchup,2022,3,Drake London,WR,10.16,9.87,14.4,-0.29,4.53
ablate v2_pff_alignment_matchup,2025,8,Xavier Legette,WR,8.33,8.23,3.7,-0.1,4.53
ablate v2_pff_alignment_matchup,2025,3,Michael Pittman,WR,13.71,14.77,19.3,1.06,4.53
ablate v2_scheme_matchup,2023,17,George Kittle,TE,10.71,10.42,5.9,-0.29,4.52
ablate v2_scheme_matchup,2025,4,Elic Ayomanor,WR,11.02,10.92,6.4,-0.1,4.52
ablate v2_pff_alignment_matchup,2025,16,Colby Parkinson,TE,8.52,8.62,4.1,0.1,4.52
ablate v2_pff_alignment_matchup,2022,8,Amon-Ra St. Brown,WR,17.94,18.42,13.9,0.48,4.52
ablate v2_pff_alignment_matchup,2023,11,CeeDee Lamb,WR,19.86,21.01,16.5,1.15,4.51
ablate v2_pff_alignment_matchup,2024,8,Evan Engram,TE,9.47,9.09,13.6,-0.38,4.51
ablate v2_scheme_matchup,2025,3,Jalen Nailor,WR,11.21,11.21,6.7,0.0,4.51
ablate v2_pff_alignment_matchup,2024,7,Dontayvion Wicks,WR,9.1,9.29,13.8,0.19,4.51
ablate v2_scheme_matchup,2024,13,A.J. Brown,WR,16.11,16.11,11.6,0.0,4.51
ablate v2_pff_alignment_matchup,2025,15,Jerry Jeudy,WR,8.71,8.71,4.2,0.0,4.51
ablate v2_scheme_matchup,2022,3,Davante Adams,WR,19.77,18.71,14.2,-1.06,4.51
ablate v2_scheme_matchup,2023,6,Chris Godwin Jr.,WR,9.29,9.19,13.7,-0.1,4.51
ablate v2_scheme_matchup,2025,15,Jerry Jeudy,WR,8.71,8.71,4.2,0.0,4.51
ablate v2_scheme_matchup,2025,6,Josh Downs,WR,11.69,11.69,16.2,0.0,4.51
ablate v2_scheme_matchup,2022,3,Terry McLaurin,WR,11.69,11.69,16.2,0.0,4.51
ablate v2_scheme_matchup,2023,16,Chris Godwin Jr.,WR,9.29,9.39,13.9,0.1,4.51
ablate v2_pff_alignment_matchup,2022,14,Austin Hooper,TE,7.19,7.29,11.8,0.1,4.51
ablate v2_pff_alignment_matchup,2024,18,Adam Thielen,WR,13.42,13.9,9.4,0.48,4.5
ablate v2_pff_alignment_matchup,2023,5,Nico Collins,WR,11.4,11.4,6.9,0.0,4.5
ablate v2_pff_alignment_matchup,2025,11,Puka Nacua,WR,18.04,18.8,14.3,0.76,4.5
ablate v2_scheme_matchup,2025,18,Puka Nacua,WR,21.69,21.5,26.0,-0.19,4.5
ablate v2_pff_alignment_matchup,2024,14,Brock Bowers,TE,11.56,12.7,8.2,1.14,4.5
ablate v2_scheme_matchup,2022,9,Stefon Diggs,WR,18.8,18.8,14.3,0.0,4.5
ablate v2_scheme_matchup,2023,5,Nico Collins,WR,11.4,11.4,6.9,0.0,4.5
ablate v2_pff_alignment_matchup,2022,8,Mark Andrews,TE,10.8,10.8,6.3,0.0,4.5
ablate v2_scheme_matchup,2022,8,Mark Andrews,TE,10.8,10.8,6.3,0.0,4.5
ablate v2_pff_alignment_matchup,2022,18,Chris Godwin Jr.,WR,12.17,14.0,9.5,1.83,4.5
ablate v2_pff_alignment_matchup,2024,18,Zach Ertz,TE,10.61,10.9,15.4,0.29,4.5
ablate v2_pff_alignment_matchup,2025,12,Travis Kelce,TE,11.37,12.89,8.4,1.52,4.49
ablate v2_scheme_matchup,2023,15,Josh Downs,WR,9.29,9.39,4.9,0.1,4.49
ablate v2_pff_alignment_matchup,2022,7,Michael Pittman,WR,14.96,14.29,9.8,-0.67,4.49
ablate v2_scheme_matchup,2024,5,Tank Dell,WR,11.79,11.79,7.3,0.0,4.49
ablate v2_pff_alignment_matchup,2023,9,Christian Watson,WR,8.91,9.19,4.7,0.28,4.49
ablate v2_pff_alignment_matchup,2025,10,Sam LaPorta,TE,15.84,14.79,10.3,-1.05,4.49
ablate v2_scheme_matchup,2024,16,T.J. Hockenson,TE,8.81,9.19,4.7,0.38,4.49
ablate v2_pff_alignment_matchup,2023,7,George Pickens,WR,10.25,11.21,15.7,0.96,4.49
ablate v2_pff_alignment_matchup,2023,3,Mike Gesicki,TE,6.15,7.29,2.8,1.14,4.49
ablate v2_pff_alignment_matchup,2025,5,Jakobi Meyers,WR,12.08,11.69,7.2,-0.39,4.49
ablate v2_pff_alignment_matchup,2024,5,Tank Dell,WR,11.79,11.79,7.3,0.0,4.49
ablate v2_scheme_matchup,2025,8,JuJu Smith-Schuster,WR,9.1,9.39,4.9,0.29,4.49
ablate v2_pff_alignment_matchup,2025,7,Tyler Warren,TE,12.8,12.42,16.9,-0.38,4.48
ablate v2_pff_alignment_matchup,2025,13,Cade Otton,TE,7.57,7.38,2.9,-0.19,4.48
ablate v2_pff_alignment_matchup,2024,15,Tim Patrick,WR,8.43,8.52,13.0,0.09,4.48
ablate v2_pff_alignment_matchup,2024,16,Courtland Sutton,WR,14.19,14.48,10.0,0.29,4.48
ablate v2_scheme_matchup,2025,16,Kyle Pitts,TE,13.27,14.22,18.7,0.95,4.48
ablate v2_scheme_matchup,2024,5,Jake Ferguson,TE,9.38,8.52,13.0,-0.86,4.48
ablate v2_pff_alignment_matchup,2022,4,Allen Lazard,WR,13.33,13.13,17.6,-0.2,4.47
ablate v2_scheme_matchup,2025,3,Rome Odunze,WR,19.67,19.67,15.2,0.0,4.47
ablate v2_pff_alignment_matchup,2022,16,Dawson Knox,TE,8.81,8.33,12.8,-0.48,4.47
ablate v2_pff_alignment_matchup,2023,18,Jake Ferguson,TE,7.95,8.43,12.9,0.48,4.47
ablate v2_scheme_matchup,2025,13,Mack Hollins,WR,9.67,9.77,5.3,0.1,4.47
ablate v2_pff_alignment_matchup,2022,13,Dalton Schultz,TE,10.33,9.76,5.3,-0.57,4.46
ablate v2_scheme_matchup,2024,5,Ray-Ray McCloud,WR,8.14,8.14,12.6,0.0,4.46
ablate v2_pff_alignment_matchup,2023,17,Dalton Kincaid,TE,8.81,8.24,12.7,-0.57,4.46
ablate v2_scheme_matchup,2024,13,Hunter Henry,TE,8.62,10.04,14.5,1.42,4.46
ablate v2_scheme_matchup,2024,14,Malik Nabers,WR,10.35,10.44,14.9,0.09,4.46
ablate v2_pff_alignment_matchup,2024,10,DJ Moore,WR,10.35,10.16,5.7,-0.19,4.46
ablate v2_pff_alignment_matchup,2023,13,Garrett Wilson,WR,11.69,12.46,8.0,0.77,4.46
ablate v2_scheme_matchup,2024,6,Zach Ertz,TE,6.24,6.34,10.8,0.1,4.46
ablate v2_scheme_matchup,2022,10,Marquez Valdes-Scantling,WR,10.54,10.54,15.0,0.0,4.46
ablate v2_scheme_matchup,2025,3,Ladd McConkey,WR,12.75,12.56,8.1,-0.19,4.46
ablate v2_pff_alignment_matchup,2024,9,Drake London,WR,15.73,15.15,10.7,-0.58,4.45
ablate v2_pff_alignment_matchup,2022,17,Austin Hooper,TE,6.53,6.05,1.6,-0.48,4.45
ablate v2_scheme_matchup,2024,17,Romeo Doubs,WR,10.44,10.35,14.8,-0.09,4.45
ablate v2_scheme_matchup,2025,3,Marquise Brown,WR,12.65,12.65,8.2,0.0,4.45
ablate v2_pff_alignment_matchup,2024,10,CeeDee Lamb,WR,12.94,12.85,8.4,-0.09,4.45
ablate v2_scheme_matchup,2025,5,Tyler Warren,TE,10.61,9.95,14.4,-0.66,4.45
ablate v2_scheme_matchup,2022,9,Alec Pierce,WR,7.75,7.75,3.3,0.0,4.45
ablate v2_scheme_matchup,2024,9,Jake Ferguson,TE,8.52,9.66,14.1,1.14,4.44
ablate v2_pff_alignment_matchup,2022,12,Robert Woods,WR,7.75,8.04,3.6,0.29,4.44
ablate v2_pff_alignment_matchup,2022,14,Gabe Davis,WR,9.29,10.54,6.1,1.25,4.44
ablate v2_scheme_matchup,2025,16,CeeDee Lamb,WR,15.06,15.54,11.1,0.48,4.44
ablate v2_scheme_matchup,2025,7,Brian Thomas Jr.,WR,10.35,10.54,6.1,0.19,4.44
ablate v2_pff_alignment_matchup,2023,9,K.J. Osborn,WR,7.95,8.14,3.7,0.19,4.44
ablate v2_scheme_matchup,2025,9,Keon Coleman,WR,7.95,8.14,3.7,0.19,4.44
ablate v2_scheme_matchup,2025,4,Juwan Johnson,TE,10.71,10.23,5.8,-0.48,4.43
ablate v2_pff_alignment_matchup,2024,4,Chris Olave,WR,11.69,12.27,16.7,0.58,4.43
ablate v2_scheme_matchup,2022,12,Jarvis Landry,WR,8.33,8.43,4.0,0.1,4.43
ablate v2_pff_alignment_matchup,2024,9,Ja'Marr Chase,WR,15.63,15.73,11.3,0.1,4.43
ablate v2_scheme_matchup,2023,16,Kyle Pitts,TE,9.09,9.47,13.9,0.38,4.43
ablate v2_scheme_matchup,2022,13,Robert Tonyan,TE,6.53,6.43,2.0,-0.1,4.43
ablate v2_pff_alignment_matchup,2025,16,Brian Thomas Jr.,WR,7.85,8.23,3.8,0.38,4.43
ablate v2_pff_alignment_matchup,2025,9,Jauan Jennings,WR,9.29,9.67,14.1,0.38,4.43
ablate v2_pff_alignment_matchup,2025,6,Keenan Allen,WR,11.6,11.12,6.7,-0.48,4.42
ablate v2_scheme_matchup,2025,16,Colby Parkinson,TE,8.52,8.52,4.1,0.0,4.42
ablate v2_scheme_matchup,2024,6,Jake Ferguson,TE,9.0,8.52,4.1,-0.48,4.42
ablate v2_pff_alignment_matchup,2022,4,Cooper Kupp,WR,21.88,21.78,26.2,-0.1,4.42
ablate v2_pff_alignment_matchup,2023,11,Ja'Marr Chase,WR,12.46,13.62,9.2,1.16,4.42
ablate v2_pff_alignment_matchup,2025,4,Cooper Kupp,WR,11.12,11.02,6.6,-0.1,4.42
ablate v2_scheme_matchup,2024,16,Mike Evans,WR,16.11,16.31,11.9,0.2,4.41
ablate v2_scheme_matchup,2025,9,Wan'Dale Robinson,WR,9.19,9.19,13.6,0.0,4.41
ablate v2_scheme_matchup,2023,12,Josh Downs,WR,13.81,13.71,9.3,-0.1,4.41
ablate v2_scheme_matchup,2023,16,Drake London,WR,11.21,11.31,6.9,0.1,4.41
ablate v2_scheme_matchup,2023,18,Tyreek Hill,WR,16.79,16.79,21.2,0.0,4.41
ablate v2_pff_alignment_matchup,2022,9,Allen Lazard,WR,14.77,14.29,18.7,-0.48,4.41
ablate v2_pff_alignment_matchup,2022,4,George Kittle,TE,8.24,8.81,4.4,0.57,4.41
ablate v2_scheme_matchup,2022,13,Donovan Peoples-Jones,WR,9.0,9.0,13.4,0.0,4.4
ablate v2_scheme_matchup,2024,5,Terry McLaurin,WR,9.0,9.0,13.4,0.0,4.4
ablate v2_pff_alignment_matchup,2025,15,Jaxon Smith-Njigba,WR,13.71,13.9,18.3,0.19,4.4
ablate v2_pff_alignment_matchup,2023,4,Mike Evans,WR,10.54,11.4,7.0,0.86,4.4
ablate v2_scheme_matchup,2022,9,Amon-Ra St. Brown,WR,13.9,13.9,9.5,0.0,4.4
ablate v2_pff_alignment_matchup,2023,13,Cooper Kupp,WR,10.73,11.5,15.9,0.77,4.4
ablate v2_pff_alignment_matchup,2022,12,T.J. Hockenson,TE,10.71,10.9,15.3,0.19,4.4
ablate v2_pff_alignment_matchup,2022,13,Donovan Peoples-Jones,WR,9.0,9.0,13.4,0.0,4.4
ablate v2_scheme_matchup,2022,10,DeVonta Smith,WR,11.5,11.5,15.9,0.0,4.4
ablate v2_scheme_matchup,2022,13,Corey Davis,WR,9.39,9.1,13.5,-0.29,4.4
ablate v2_pff_alignment_matchup,2023,10,Garrett Wilson,WR,13.42,13.9,18.3,0.48,4.4
ablate v2_pff_alignment_matchup,2024,5,Terry McLaurin,WR,9.0,9.0,13.4,0.0,4.4
ablate v2_pff_alignment_matchup,2022,4,Tyreek Hill,WR,21.88,21.5,25.9,-0.38,4.4
ablate v2_pff_alignment_matchup,2024,7,Mike Evans,WR,14.48,13.9,9.5,-0.58,4.4
ablate v2_pff_alignment_matchup,2024,11,Rashod Bateman,WR,9.39,9.39,5.0,0.0,4.39
ablate v2_pff_alignment_matchup,2024,7,Stefon Diggs,WR,11.69,11.69,7.3,0.0,4.39
ablate v2_pff_alignment_matchup,2023,8,Luke Musgrave,TE,7.19,7.29,2.9,0.1,4.39
ablate v2_scheme_matchup,2024,11,Rashod Bateman,WR,9.39,9.39,5.0,0.0,4.39
ablate v2_scheme_matchup,2024,7,Stefon Diggs,WR,11.69,11.69,7.3,0.0,4.39
ablate v2_scheme_matchup,2022,13,Josh Reynolds,WR,9.29,9.29,4.9,0.0,4.39
ablate v2_pff_alignment_matchup,2025,13,Dallas Goedert,TE,9.19,9.09,4.7,-0.1,4.39
ablate v2_pff_alignment_matchup,2024,16,Ja'Marr Chase,WR,27.45,26.78,22.4,-0.67,4.38
ablate v2_scheme_matchup,2022,5,Chris Olave,WR,11.5,11.02,15.4,-0.48,4.38
ablate v2_pff_alignment_matchup,2022,9,Travis Kelce,TE,18.4,16.22,20.6,-2.18,4.38
ablate v2_scheme_matchup,2023,6,Tyler Lockett,WR,11.02,11.02,15.4,0.0,4.38
ablate v2_scheme_matchup,2025,14,Brock Bowers,TE,10.42,10.23,14.6,-0.19,4.37
ablate v2_pff_alignment_matchup,2022,12,Gabe Davis,WR,12.46,12.17,7.8,-0.29,4.37
ablate v2_scheme_matchup,2025,9,Kendrick Bourne,WR,9.77,9.77,5.4,0.0,4.37
ablate v2_scheme_matchup,2022,16,Dawson Knox,TE,8.81,8.43,12.8,-0.38,4.37
ablate v2_scheme_matchup,2024,16,David Njoku,TE,10.23,10.23,14.6,0.0,4.37
ablate v2_scheme_matchup,2024,4,DK Metcalf,WR,19.57,19.77,15.4,0.2,4.37
ablate v2_pff_alignment_matchup,2024,16,David Njoku,TE,10.23,10.23,14.6,0.0,4.37
ablate v2_scheme_matchup,2025,4,Jaylen Waddle,WR,12.27,12.17,7.8,-0.1,4.37
ablate v2_pff_alignment_matchup,2025,18,Michael Pittman,WR,8.04,7.46,3.1,-0.58,4.36
ablate v2_scheme_matchup,2024,18,Kyle Pitts,TE,7.38,7.86,3.5,0.48,4.36
ablate v2_scheme_matchup,2024,5,Tutu Atwell,WR,8.23,8.14,12.5,-0.09,4.36
ablate v2_scheme_matchup,2025,11,Jaylen Waddle,WR,12.65,12.56,8.2,-0.09,4.36
ablate v2_scheme_matchup,2024,10,Pat Freiermuth,TE,6.15,6.34,10.7,0.19,4.36
ablate v2_pff_alignment_matchup,2025,12,Tee Higgins,WR,12.46,12.46,8.1,0.0,4.36
ablate v2_pff_alignment_matchup,2024,15,Rome Odunze,WR,10.54,10.25,5.9,-0.29,4.35
ablate v2_pff_alignment_matchup,2022,17,Gerald Everett,TE,5.86,6.15,10.5,0.29,4.35
ablate v2_pff_alignment_matchup,2023,15,Romeo Doubs,WR,9.96,10.35,6.0,0.39,4.35
ablate v2_scheme_matchup,2022,11,Allen Robinson,WR,10.35,10.35,14.7,0.0,4.35
ablate v2_pff_alignment_matchup,2024,3,Jayden Reed,WR,14.38,15.25,10.9,0.87,4.35
ablate v2_pff_alignment_matchup,2022,10,Cameron Brate,TE,6.05,6.15,1.8,0.1,4.35
ablate v2_scheme_matchup,2024,15,Rome Odunze,WR,10.54,10.25,5.9,-0.29,4.35
ablate v2_scheme_matchup,2025,11,Rome Odunze,WR,10.44,10.44,6.1,0.0,4.34
ablate v2_pff_alignment_matchup,2025,16,CeeDee Lamb,WR,15.06,15.44,11.1,0.38,4.34
ablate v2_pff_alignment_matchup,2022,13,Robert Tonyan,TE,6.53,6.34,2.0,-0.19,4.34
ablate v2_pff_alignment_matchup,2023,8,Calvin Ridley,WR,10.83,9.96,14.3,-0.87,4.34
ablate v2_scheme_matchup,2022,5,Tyler Boyd,WR,10.54,10.54,6.2,0.0,4.34
ablate v2_scheme_matchup,2022,14,Kalif Raymond,WR,8.33,8.23,3.9,-0.1,4.33
ablate v2_scheme_matchup,2025,18,Deebo Samuel Sr.,WR,8.43,8.43,4.1,0.0,4.33
ablate v2_scheme_matchup,2022,6,Will Dissly,TE,6.05,6.53,2.2,0.48,4.33
ablate v2_pff_alignment_matchup,2024,12,Brock Bowers,TE,12.13,12.13,7.8,0.0,4.33
ablate v2_scheme_matchup,2022,7,Hunter Henry,TE,6.72,6.53,2.2,-0.19,4.33
ablate v2_pff_alignment_matchup,2025,13,T.J. Hockenson,TE,7.76,7.57,11.9,-0.19,4.33
ablate v2_pff_alignment_matchup,2022,15,Tee Higgins,WR,11.4,11.98,16.3,0.58,4.32
ablate v2_pff_alignment_matchup,2022,16,Robert Tonyan,TE,6.05,6.62,2.3,0.57,4.32
ablate v2_pff_alignment_matchup,2025,4,Zach Ertz,TE,10.04,10.42,6.1,0.38,4.32
ablate v2_scheme_matchup,2022,4,Cooper Kupp,WR,21.88,21.88,26.2,0.0,4.32
ablate v2_scheme_matchup,2022,11,DeVonta Smith,WR,9.48,9.48,13.8,0.0,4.32
ablate v2_scheme_matchup,2025,6,Alec Pierce,WR,11.12,11.12,6.8,0.0,4.32
ablate v2_scheme_matchup,2023,14,George Pickens,WR,11.12,11.21,6.9,0.09,4.31
ablate v2_pff_alignment_matchup,2023,10,Chris Godwin Jr.,WR,14.1,13.71,9.4,-0.39,4.31
ablate v2_pff_alignment_matchup,2023,16,Drake London,WR,11.21,11.21,6.9,0.0,4.31
ablate v2_pff_alignment_matchup,2025,17,DeVonta Smith,WR,8.81,8.81,4.5,0.0,4.31
ablate v2_scheme_matchup,2024,14,Jonnu Smith,TE,9.38,9.09,13.4,-0.29,4.31
ablate v2_pff_alignment_matchup,2025,15,Zay Flowers,WR,11.5,11.5,15.8,0.0,4.3
ablate v2_pff_alignment_matchup,2024,17,DK Metcalf,WR,10.44,11.5,7.2,1.06,4.3
ablate v2_pff_alignment_matchup,2022,11,Nick Westbrook-Ikhine,WR,9.58,9.1,4.8,-0.48,4.3
ablate v2_pff_alignment_matchup,2024,8,Justin Jefferson,WR,23.32,23.8,19.5,0.48,4.3
ablate v2_pff_alignment_matchup,2024,15,Khalil Shakir,WR,12.17,11.6,15.9,-0.57,4.3
ablate v2_scheme_matchup,2025,15,Zay Flowers,WR,11.5,11.5,15.8,0.0,4.3
ablate v2_scheme_matchup,2022,4,Ja'Marr Chase,WR,16.59,16.4,12.1,-0.19,4.3
ablate v2_scheme_matchup,2025,3,Travis Kelce,TE,11.18,10.9,6.6,-0.28,4.3
ablate v2_pff_alignment_matchup,2022,16,Amari Cooper,WR,8.91,8.91,13.2,0.0,4.29
ablate v2_pff_alignment_matchup,2025,3,Keon Coleman,WR,9.0,9.29,5.0,0.29,4.29
ablate v2_scheme_matchup,2025,3,Zach Ertz,TE,10.14,11.09,6.8,0.95,4.29
ablate v2_scheme_matchup,2024,13,Amon-Ra St. Brown,WR,15.73,16.59,12.3,0.86,4.29
ablate v2_scheme_matchup,2022,16,Amari Cooper,WR,8.91,8.91,13.2,0.0,4.29
ablate v2_scheme_matchup,2025,4,Tucker Kraft,TE,15.27,14.89,10.6,-0.38,4.29
ablate v2_scheme_matchup,2025,11,Pat Freiermuth,TE,7.0,7.19,2.9,0.19,4.29
ablate v2_scheme_matchup,2023,17,Demarcus Robinson,WR,9.0,8.91,13.2,-0.09,4.29
ablate v2_pff_alignment_matchup,2022,5,Chris Olave,WR,11.5,11.12,15.4,-0.38,4.28
ablate v2_pff_alignment_matchup,2022,13,Hayden Hurst,TE,7.48,7.48,3.2,0.0,4.28
ablate v2_scheme_matchup,2024,6,Courtland Sutton,WR,11.02,11.02,15.3,0.0,4.28
ablate v2_scheme_matchup,2024,3,Dalton Schultz,TE,7.38,7.38,3.1,0.0,4.28
ablate v2_pff_alignment_matchup,2023,15,Puka Nacua,WR,14.77,14.58,10.3,-0.19,4.28
ablate v2_pff_alignment_matchup,2023,6,Tyler Lockett,WR,11.02,11.12,15.4,0.1,4.28
ablate v2_pff_alignment_matchup,2025,7,Juwan Johnson,TE,8.9,8.62,12.9,-0.28,4.28
ablate v2_pff_alignment_matchup,2024,3,Dalton Schultz,TE,7.38,7.38,3.1,0.0,4.28
ablate v2_pff_alignment_matchup,2025,12,Chris Godwin Jr.,WR,6.79,7.18,2.9,0.39,4.28
ablate v2_pff_alignment_matchup,2024,5,Tutu Atwell,WR,8.23,8.23,12.5,0.0,4.27
ablate v2_pff_alignment_matchup,2023,18,DJ Moore,WR,14.86,14.67,10.4,-0.19,4.27
ablate v2_pff_alignment_matchup,2022,7,Evan Engram,TE,6.62,6.43,10.7,-0.19,4.27
ablate v2_scheme_matchup,2024,8,Terry McLaurin,WR,13.04,13.23,17.5,0.19,4.27
ablate v2_pff_alignment_matchup,2023,12,DeAndre Hopkins,WR,12.46,12.17,7.9,-0.29,4.27
ablate v2_pff_alignment_matchup,2025,14,Brock Bowers,TE,10.42,10.33,14.6,-0.09,4.27
ablate v2_pff_alignment_matchup,2025,6,Sam LaPorta,TE,11.66,12.23,16.5,0.57,4.27
ablate v2_scheme_matchup,2022,11,Amon-Ra St. Brown,WR,10.73,10.73,15.0,0.0,4.27
ablate v2_pff_alignment_matchup,2022,10,Marquez Valdes-Scantling,WR,10.54,10.73,15.0,0.19,4.27
ablate v2_scheme_matchup,2024,11,Pat Freiermuth,TE,7.57,7.67,3.4,0.1,4.27
ablate v2_pff_alignment_matchup,2022,11,Amon-Ra St. Brown,WR,10.73,10.73,15.0,0.0,4.27
ablate v2_scheme_matchup,2025,12,Tee Higgins,WR,12.46,12.37,8.1,-0.09,4.27
ablate v2_scheme_matchup,2022,11,Olamide Zaccheaus,WR,7.27,7.46,3.2,0.19,4.26
ablate v2_pff_alignment_matchup,2025,11,Matthew Golden,WR,7.37,7.66,3.4,0.29,4.26
ablate v2_pff_alignment_matchup,2023,16,Cedric Tillman,WR,7.56,7.56,3.3,0.0,4.26
ablate v2_pff_alignment_matchup,2025,8,Matthew Golden,WR,7.18,7.66,3.4,0.48,4.26
ablate v2_scheme_matchup,2023,16,Cedric Tillman,WR,7.56,7.56,3.3,0.0,4.26
ablate v2_scheme_matchup,2025,11,Tre Tucker,WR,10.64,10.44,14.7,-0.2,4.26
ablate v2_pff_alignment_matchup,2025,11,Jaylen Waddle,WR,12.65,12.46,8.2,-0.19,4.26
ablate v2_pff_alignment_matchup,2025,11,Troy Franklin,WR,8.14,8.14,12.4,0.0,4.26
ablate v2_scheme_matchup,2025,16,Jaylen Waddle,WR,8.33,7.95,12.2,-0.38,4.25
ablate v2_scheme_matchup,2022,9,Parris Campbell,WR,7.95,7.85,3.6,-0.1,4.25
ablate v2_scheme_matchup,2024,6,Sam LaPorta,TE,8.33,7.95,12.2,-0.38,4.25
ablate v2_pff_alignment_matchup,2022,9,Parris Campbell,WR,7.95,7.85,3.6,-0.1,4.25
ablate v2_pff_alignment_matchup,2022,4,Elijah Moore,WR,12.27,12.75,8.5,0.48,4.25
ablate v2_scheme_matchup,2025,15,Kendrick Bourne,WR,8.14,7.95,3.7,-0.19,4.25
ablate v2_pff_alignment_matchup,2025,7,Brian Thomas Jr.,WR,10.35,10.35,6.1,0.0,4.25
ablate v2_scheme_matchup,2024,5,Stefon Diggs,WR,9.96,9.96,14.2,0.0,4.24
ablate v2_pff_alignment_matchup,2024,5,Stefon Diggs,WR,9.96,9.96,14.2,0.0,4.24
ablate v2_pff_alignment_matchup,2023,9,Allen Lazard,WR,8.23,8.04,3.8,-0.19,4.24
ablate v2_pff_alignment_matchup,2022,14,Kalif Raymond,WR,8.33,8.14,3.9,-0.19,4.24
ablate v2_scheme_matchup,2022,7,Kyle Pitts,TE,8.05,8.14,3.9,0.09,4.24
ablate v2_scheme_matchup,2023,9,Allen Lazard,WR,8.23,8.04,3.8,-0.19,4.24
ablate v2_pff_alignment_matchup,2024,18,Rome Odunze,WR,7.75,8.04,3.8,0.29,4.24
ablate v2_pff_alignment_matchup,2024,3,Michael Wilson,WR,10.16,10.16,14.4,0.0,4.24
ablate v2_scheme_matchup,2024,3,Michael Wilson,WR,10.16,10.16,14.4,0.0,4.24
ablate v2_scheme_matchup,2024,9,Ja'Marr Chase,WR,15.63,15.54,11.3,-0.09,4.24
ablate v2_scheme_matchup,2022,3,Diontae Johnson,WR,12.94,12.17,16.4,-0.77,4.23
ablate v2_pff_alignment_matchup,2023,16,Chris Godwin Jr.,WR,9.29,9.67,13.9,0.38,4.23
ablate v2_scheme_matchup,2023,11,CeeDee Lamb,WR,19.86,20.73,16.5,0.87,4.23
ablate v2_scheme_matchup,2022,16,Robert Tonyan,TE,6.05,6.53,2.3,0.48,4.23
ablate v2_pff_alignment_matchup,2024,3,Jaylen Waddle,WR,10.06,10.83,6.6,0.77,4.23
ablate v2_scheme_matchup,2024,11,Drake London,WR,13.23,13.33,9.1,0.1,4.23
ablate v2_pff_alignment_matchup,2022,7,Hunter Henry,TE,6.72,6.43,2.2,-0.29,4.23
ablate v2_scheme_matchup,2024,9,Wan'Dale Robinson,WR,8.23,8.23,4.0,0.0,4.23
ablate v2_pff_alignment_matchup,2025,11,Jakobi Meyers,WR,6.79,7.18,11.4,0.39,4.22
ablate v2_scheme_matchup,2024,11,DJ Moore,WR,9.67,9.48,13.7,-0.19,4.22
ablate v2_pff_alignment_matchup,2025,6,Alec Pierce,WR,11.12,11.02,6.8,-0.1,4.22
ablate v2_scheme_matchup,2024,7,Brandon Aiyuk,WR,8.91,8.52,4.3,-0.39,4.22
ablate v2_pff_alignment_matchup,2024,3,Andrei Iosivas,WR,11.31,11.98,16.2,0.67,4.22
ablate v2_scheme_matchup,2023,11,Jake Ferguson,TE,10.8,10.42,6.2,-0.38,4.22
ablate v2_pff_alignment_matchup,2024,12,DeMario Douglas,WR,6.89,7.08,11.3,0.19,4.22
ablate v2_pff_alignment_matchup,2022,14,Josh Palmer,WR,13.33,13.52,9.3,0.19,4.22
ablate v2_scheme_matchup,2024,13,Rome Odunze,WR,8.43,8.71,4.5,0.28,4.21
ablate v2_scheme_matchup,2023,12,Jake Ferguson,TE,9.19,8.71,4.5,-0.48,4.21
ablate v2_scheme_matchup,2022,10,Deebo Samuel Sr.,WR,11.31,11.31,7.1,0.0,4.21
ablate v2_scheme_matchup,2023,9,Jakobi Meyers,WR,9.39,9.29,13.5,-0.1,4.21
ablate v2_scheme_matchup,2025,8,T.J. Hockenson,TE,9.47,8.81,4.6,-0.66,4.21
ablate v2_scheme_matchup,2023,7,Jayden Reed,WR,7.18,6.89,11.1,-0.29,4.21
ablate v2_scheme_matchup,2025,4,Nico Collins,WR,16.11,16.11,11.9,0.0,4.21
ablate v2_pff_alignment_matchup,2025,4,Nico Collins,WR,16.11,16.11,11.9,0.0,4.21
ablate v2_pff_alignment_matchup,2023,15,Josh Downs,WR,9.29,9.1,4.9,-0.19,4.2
ablate v2_pff_alignment_matchup,2024,16,T.J. Hockenson,TE,8.81,8.9,4.7,0.09,4.2
ablate v2_pff_alignment_matchup,2025,11,Pat Freiermuth,TE,7.0,7.1,2.9,0.1,4.2
ablate v2_scheme_matchup,2022,13,Cole Kmet,TE,9.47,9.0,13.2,-0.47,4.2
ablate v2_pff_alignment_matchup,2023,17,Deebo Samuel Sr.,WR,13.33,14.0,18.2,0.67,4.2
ablate v2_pff_alignment_matchup,2025,16,Michael Pittman,WR,10.25,11.4,7.2,1.15,4.2
ablate v2_scheme_matchup,2023,8,Luke Musgrave,TE,7.19,7.1,2.9,-0.09,4.2
ablate v2_pff_alignment_matchup,2024,4,Amon-Ra St. Brown,WR,14.96,16.59,20.78,1.63,4.19
ablate v2_pff_alignment_matchup,2023,3,Justin Jefferson,WR,25.92,23.71,27.9,-2.21,4.19
ablate v2_pff_alignment_matchup,2023,7,Jakobi Meyers,WR,13.81,13.81,18.0,0.0,4.19
ablate v2_pff_alignment_matchup,2022,15,DeAndre Hopkins,WR,8.81,8.81,13.0,0.0,4.19
ablate v2_scheme_matchup,2024,16,Courtland Sutton,WR,14.19,14.19,10.0,0.0,4.19
ablate v2_scheme_matchup,2022,15,DeAndre Hopkins,WR,8.81,8.81,13.0,0.0,4.19
ablate v2_pff_alignment_matchup,2022,5,Robert Woods,WR,12.17,11.89,7.7,-0.28,4.19
ablate v2_scheme_matchup,2024,17,Josh Downs,WR,9.1,9.39,5.2,0.29,4.19
ablate v2_scheme_matchup,2025,10,Darnell Mooney,WR,6.89,6.89,2.7,0.0,4.19
ablate v2_scheme_matchup,2023,9,Logan Thomas,TE,10.9,11.28,7.1,0.38,4.18
ablate v2_pff_alignment_matchup,2025,18,Mike Evans,WR,9.39,9.58,5.4,0.19,4.18
ablate v2_scheme_matchup,2022,10,Diontae Johnson,WR,14.67,14.48,10.3,-0.19,4.18
ablate v2_scheme_matchup,2022,13,Hayden Hurst,TE,7.48,7.38,3.2,-0.1,4.18
ablate v2_scheme_matchup,2023,4,Adam Thielen,WR,11.12,11.02,15.2,-0.1,4.18
ablate v2_pff_alignment_matchup,2025,12,Jauan Jennings,WR,10.25,10.92,15.1,0.67,4.18
ablate v2_pff_alignment_matchup,2024,11,Rome Odunze,WR,7.95,8.33,12.5,0.38,4.17
ablate v2_pff_alignment_matchup,2024,18,Kyle Pitts,TE,7.38,7.67,3.5,0.29,4.17
ablate v2_pff_alignment_matchup,2024,6,Brian Thomas Jr.,WR,9.29,9.87,5.7,0.58,4.17
ablate v2_scheme_matchup,2022,10,Donovan Peoples-Jones,WR,10.73,10.73,14.9,0.0,4.17
ablate v2_scheme_matchup,2023,4,Jerry Jeudy,WR,12.46,12.37,8.2,-0.09,4.17
ablate v2_pff_alignment_matchup,2024,13,Zach Ertz,TE,8.9,8.33,12.5,-0.57,4.17
ablate v2_pff_alignment_matchup,2022,4,Tyler Boyd,WR,11.4,11.79,7.62,0.39,4.17
ablate v2_scheme_matchup,2025,7,DJ Moore,WR,12.37,12.37,8.2,0.0,4.17
ablate v2_pff_alignment_matchup,2022,10,Donovan Peoples-Jones,WR,10.73,10.73,14.9,0.0,4.17
ablate v2_scheme_matchup,2024,7,Malik Nabers,WR,12.37,12.27,8.1,-0.1,4.17
ablate v2_scheme_matchup,2024,4,Chris Godwin Jr.,WR,16.98,17.07,12.9,0.09,4.17
ablate v2_pff_alignment_matchup,2025,13,Oronde Gadsden II,TE,7.38,7.86,3.7,0.48,4.16
ablate v2_pff_alignment_matchup,2022,9,Tyler Conklin,TE,6.05,5.86,1.7,-0.19,4.16
ablate v2_pff_alignment_matchup,2022,13,Stefon Diggs,WR,17.36,18.04,22.2,0.68,4.16
ablate v2_pff_alignment_matchup,2023,7,Brandon Aiyuk,WR,15.54,14.86,10.7,-0.68,4.16
ablate v2_pff_alignment_matchup,2023,5,Michael Gallup,WR,7.46,7.66,3.5,0.2,4.16
ablate v2_scheme_matchup,2023,6,Courtland Sutton,WR,10.44,10.44,14.6,0.0,4.16
ablate v2_pff_alignment_matchup,2025,14,Dalton Kincaid,TE,9.28,9.95,14.1,0.67,4.15
ablate v2_scheme_matchup,2024,13,T.J. Hockenson,TE,10.23,9.95,5.8,-0.28,4.15
ablate v2_pff_alignment_matchup,2023,9,Tyler Lockett,WR,9.77,10.35,6.2,0.58,4.15
ablate v2_pff_alignment_matchup,2025,15,Travis Kelce,TE,9.47,9.85,14.0,0.38,4.15
ablate v2_pff_alignment_matchup,2022,11,Nelson Agholor,WR,7.37,7.95,3.8,0.58,4.15
ablate v2_scheme_matchup,2025,14,Dalton Kincaid,TE,9.28,9.95,14.1,0.67,4.15
ablate v2_pff_alignment_matchup,2024,9,Jake Ferguson,TE,8.52,9.95,14.1,1.43,4.15
ablate v2_scheme_matchup,2022,14,Deebo Samuel Sr.,WR,10.25,10.25,14.4,0.0,4.15
ablate v2_pff_alignment_matchup,2024,13,T.J. Hockenson,TE,10.23,9.95,5.8,-0.28,4.15
ablate v2_pff_alignment_matchup,2025,4,T.J. Hockenson,TE,12.42,12.04,7.9,-0.38,4.14
ablate v2_scheme_matchup,2023,5,CeeDee Lamb,WR,13.13,13.04,8.9,-0.09,4.14
ablate v2_pff_alignment_matchup,2025,14,Josh Downs,WR,9.1,10.44,6.3,1.34,4.14
ablate v2_pff_alignment_matchup,2024,17,Calvin Ridley,WR,10.54,9.96,14.1,-0.58,4.14
ablate v2_pff_alignment_matchup,2022,18,Allen Lazard,WR,10.44,9.96,14.1,-0.48,4.14
ablate v2_scheme_matchup,2025,9,Kyle Pitts,TE,10.99,11.94,7.8,0.95,4.14
ablate v2_scheme_matchup,2022,17,Russell Gage,WR,10.35,10.44,6.3,0.09,4.14
ablate v2_scheme_matchup,2023,8,Josh Downs,WR,9.87,10.06,14.2,0.19,4.14
ablate v2_scheme_matchup,2024,17,Jordan Addison,WR,14.67,14.77,18.9,0.1,4.13
ablate v2_pff_alignment_matchup,2024,17,Ja'Marr Chase,WR,22.74,23.32,19.2,0.58,4.12
ablate v2_scheme_matchup,2023,3,Josh Downs,WR,9.58,9.58,13.7,0.0,4.12
ablate v2_scheme_matchup,2024,7,Michael Pittman,WR,13.33,13.42,9.3,0.09,4.12
ablate v2_scheme_matchup,2023,8,Tyler Boyd,WR,9.48,9.48,13.6,0.0,4.12
ablate v2_pff_alignment_matchup,2022,18,DK Metcalf,WR,11.89,11.12,7.0,-0.77,4.12
ablate v2_pff_alignment_matchup,2025,14,Nico Collins,WR,11.98,11.98,16.1,0.0,4.12
ablate v2_scheme_matchup,2025,12,Cooper Kupp,WR,8.62,8.52,4.4,-0.1,4.12
ablate v2_scheme_matchup,2022,14,Josh Palmer,WR,13.33,13.42,9.3,0.09,4.12
ablate v2_scheme_matchup,2025,14,Nico Collins,WR,11.98,11.98,16.1,0.0,4.12
ablate v2_scheme_matchup,2023,7,Rashid Shaheed,WR,11.12,11.31,7.2,0.19,4.11
ablate v2_pff_alignment_matchup,2023,7,Rondale Moore,WR,8.71,8.71,4.6,0.0,4.11
ablate v2_scheme_matchup,2023,10,Garrett Wilson,WR,13.42,14.19,18.3,0.77,4.11
ablate v2_scheme_matchup,2024,8,Tank Dell,WR,9.39,9.39,13.5,0.0,4.11
ablate v2_pff_alignment_matchup,2024,15,Brock Bowers,TE,9.95,10.61,6.5,0.66,4.11
ablate v2_pff_alignment_matchup,2024,8,Tank Dell,WR,9.39,9.39,13.5,0.0,4.11
ablate v2_scheme_matchup,2023,12,Cole Kmet,TE,7.19,7.19,11.3,0.0,4.11
ablate v2_scheme_matchup,2022,18,George Kittle,TE,13.94,14.79,18.9,0.85,4.11
ablate v2_scheme_matchup,2023,7,Rondale Moore,WR,8.71,8.71,4.6,0.0,4.11
ablate v2_pff_alignment_matchup,2023,14,Jakobi Meyers,WR,11.5,11.6,7.5,0.1,4.1
ablate v2_pff_alignment_matchup,2024,12,Alec Pierce,WR,8.52,9.0,4.9,0.48,4.1
ablate v2_pff_alignment_matchup,2023,12,Chris Godwin Jr.,WR,11.21,11.6,7.5,0.39,4.1
ablate v2_scheme_matchup,2023,7,Jakobi Meyers,WR,13.81,13.9,18.0,0.09,4.1
ablate v2_scheme_matchup,2024,14,DeAndre Hopkins,WR,9.19,9.1,13.2,-0.09,4.1
ablate v2_scheme_matchup,2025,4,Davante Adams,WR,11.69,11.5,15.6,-0.19,4.1
ablate v2_pff_alignment_matchup,2023,17,Demarcus Robinson,WR,9.0,9.1,13.2,0.1,4.1
ablate v2_scheme_matchup,2023,18,Jordan Addison,WR,11.4,11.6,15.7,0.2,4.1
ablate v2_pff_alignment_matchup,2024,9,Will Dissly,TE,7.1,7.0,2.9,-0.1,4.1
ablate v2_pff_alignment_matchup,2024,9,DJ Moore,WR,11.4,11.4,7.3,0.0,4.1
ablate v2_pff_alignment_matchup,2024,5,Jake Ferguson,TE,9.38,8.9,13.0,-0.48,4.1
ablate v2_pff_alignment_matchup,2024,12,DK Metcalf,WR,13.13,14.0,9.9,0.87,4.1
ablate v2_pff_alignment_matchup,2025,7,Ladd McConkey,WR,11.89,11.6,15.7,-0.29,4.1
ablate v2_scheme_matchup,2022,9,Marcedes Lewis,TE,6.34,7.0,2.9,0.66,4.1
ablate v2_pff_alignment_matchup,2024,15,Pat Freiermuth,TE,7.29,7.1,11.2,-0.19,4.1
ablate v2_scheme_matchup,2024,15,Pat Freiermuth,TE,7.29,7.1,11.2,-0.19,4.1
ablate v2_pff_alignment_matchup,2025,10,Deebo Samuel Sr.,WR,9.39,8.81,12.9,-0.58,4.09
ablate v2_scheme_matchup,2025,10,Khalil Shakir,WR,8.81,8.71,12.8,-0.1,4.09
ablate v2_pff_alignment_matchup,2023,11,Evan Engram,TE,10.04,10.99,6.9,0.95,4.09
ablate v2_pff_alignment_matchup,2023,13,Jaylen Waddle,WR,14.86,14.29,10.2,-0.57,4.09
ablate v2_pff_alignment_matchup,2023,4,Darren Waller,TE,7.95,9.19,5.1,1.24,4.09
ablate v2_scheme_matchup,2025,3,Stefon Diggs,WR,9.87,9.39,5.3,-0.48,4.09
ablate v2_pff_alignment_matchup,2023,3,Darren Waller,TE,8.52,9.09,5.0,0.57,4.09
ablate v2_pff_alignment_matchup,2024,4,Brock Bowers,TE,9.57,9.19,5.1,-0.38,4.09
ablate v2_pff_alignment_matchup,2024,17,Josh Downs,WR,9.1,9.29,5.2,0.19,4.09
ablate v2_pff_alignment_matchup,2022,14,Tyler Higbee,TE,7.38,7.19,3.1,-0.19,4.09
ablate v2_pff_alignment_matchup,2024,8,Terry McLaurin,WR,13.04,13.42,17.5,0.38,4.08
ablate v2_pff_alignment_matchup,2024,16,Marvin Harrison Jr.,WR,11.98,11.98,7.9,0.0,4.08
ablate v2_pff_alignment_matchup,2023,8,Kendrick Bourne,WR,8.91,8.52,12.6,-0.39,4.08
ablate v2_scheme_matchup,2022,17,Cole Kmet,TE,6.72,6.62,10.7,-0.1,4.08
ablate v2_scheme_matchup,2024,8,Stefon Diggs,WR,8.62,8.62,12.7,0.0,4.08
ablate v2_scheme_matchup,2023,7,Stefon Diggs,WR,21.4,21.88,17.8,0.48,4.08
ablate v2_scheme_matchup,2023,8,Kendrick Bourne,WR,8.91,8.52,12.6,-0.39,4.08
ablate v2_pff_alignment_matchup,2024,5,Ray-Ray McCloud,WR,8.14,8.52,12.6,0.38,4.08
ablate v2_pff_alignment_matchup,2024,8,Stefon Diggs,WR,8.62,8.62,12.7,0.0,4.08
ablate v2_pff_alignment_matchup,2022,15,Diontae Johnson,WR,16.11,15.92,20.0,-0.19,4.08
ablate v2_scheme_matchup,2024,11,T.J. Hockenson,TE,7.1,7.38,3.3,0.28,4.08
ablate v2_scheme_matchup,2024,16,Marvin Harrison Jr.,WR,11.98,11.98,7.9,0.0,4.08
ablate v2_scheme_matchup,2022,10,Stefon Diggs,WR,21.01,20.73,24.8,-0.28,4.07
ablate v2_pff_alignment_matchup,2023,14,Adam Thielen,WR,8.62,8.33,12.4,-0.29,4.07
ablate v2_scheme_matchup,2022,6,Noah Fant,TE,5.96,6.43,10.5,0.47,4.07
ablate v2_pff_alignment_matchup,2024,13,Dallas Goedert,TE,8.52,8.43,12.5,-0.09,4.07
ablate v2_scheme_matchup,2025,11,Troy Franklin,WR,8.14,8.33,12.4,0.19,4.07
ablate v2_scheme_matchup,2025,17,Troy Franklin,WR,9.77,9.77,5.7,0.0,4.07
ablate v2_pff_alignment_matchup,2022,5,Garrett Wilson,WR,9.48,9.77,5.7,0.29,4.07
ablate v2_scheme_matchup,2023,12,Jaxon Smith-Njigba,WR,10.06,10.16,6.1,0.1,4.06
ablate v2_scheme_matchup,2023,5,Jaylen Waddle,WR,10.35,10.44,14.5,0.09,4.06
ablate v2_scheme_matchup,2022,18,Amon-Ra St. Brown,WR,14.96,14.96,10.9,0.0,4.06
ablate v2_pff_alignment_matchup,2025,12,Tyler Warren,TE,12.61,13.56,9.5,0.95,4.06
ablate v2_scheme_matchup,2023,3,Travis Kelce,TE,15.36,15.84,19.9,0.48,4.06
ablate v2_scheme_matchup,2023,3,Mark Andrews,TE,11.56,11.56,7.5,0.0,4.06
ablate v2_scheme_matchup,2025,11,Matthew Golden,WR,7.37,7.46,3.4,0.09,4.06
ablate v2_pff_alignment_matchup,2023,3,Mark Andrews,TE,11.56,11.56,7.5,0.0,4.06
ablate v2_pff_alignment_matchup,2023,11,Zay Jones,WR,10.73,10.06,6.0,-0.67,4.06
ablate v2_pff_alignment_matchup,2025,9,Keon Coleman,WR,7.95,7.75,3.7,-0.2,4.05
ablate v2_scheme_matchup,2022,15,David Njoku,TE,9.85,9.85,5.8,0.0,4.05
ablate v2_pff_alignment_matchup,2024,9,Jerry Jeudy,WR,10.25,10.25,14.3,0.0,4.05
ablate v2_scheme_matchup,2022,11,Pat Freiermuth,TE,11.47,11.85,15.9,0.38,4.05
ablate v2_scheme_matchup,2023,10,Marquise Brown,WR,7.85,7.85,3.8,0.0,4.05
ablate v2_scheme_matchup,2023,9,K.J. Osborn,WR,7.95,7.75,3.7,-0.2,4.05
ablate v2_pff_alignment_matchup,2022,15,David Njoku,TE,9.85,9.85,5.8,0.0,4.05
ablate v2_scheme_matchup,2025,16,Brian Thomas Jr.,WR,7.85,7.85,3.8,0.0,4.05
ablate v2_pff_alignment_matchup,2024,12,Cade Otton,TE,8.52,8.05,4.0,-0.47,4.05
ablate v2_scheme_matchup,2024,9,Jerry Jeudy,WR,10.25,10.25,14.3,0.0,4.05
ablate v2_pff_alignment_matchup,2023,10,Marquise Brown,WR,7.85,7.85,3.8,0.0,4.05
ablate v2_pff_alignment_matchup,2022,3,Tyler Lockett,WR,13.33,12.56,16.6,-0.77,4.04
ablate v2_scheme_matchup,2025,4,Chris Olave,WR,12.65,13.04,9.0,0.39,4.04
ablate v2_scheme_matchup,2025,6,Travis Kelce,TE,10.14,9.76,13.8,-0.38,4.04
ablate v2_pff_alignment_matchup,2022,12,Jarvis Landry,WR,8.33,8.04,4.0,-0.29,4.04
ablate v2_scheme_matchup,2022,5,Juwan Johnson,TE,6.05,6.34,2.3,0.29,4.04
ablate v2_pff_alignment_matchup,2025,8,Alec Pierce,WR,14.38,12.94,8.9,-1.44,4.04
ablate v2_pff_alignment_matchup,2025,4,Chris Olave,WR,12.65,13.04,9.0,0.39,4.04
ablate v2_scheme_matchup,2022,8,Amon-Ra St. Brown,WR,17.94,17.94,13.9,0.0,4.04
ablate v2_pff_alignment_matchup,2025,15,Chris Godwin Jr.,WR,10.35,9.96,14.0,-0.39,4.04
ablate v2_pff_alignment_matchup,2025,18,Deebo Samuel Sr.,WR,8.43,8.14,4.1,-0.29,4.04
ablate v2_pff_alignment_matchup,2023,14,Tyler Boyd,WR,7.08,8.33,4.3,1.25,4.03
ablate v2_pff_alignment_matchup,2024,18,Alec Pierce,WR,10.16,9.67,13.7,-0.49,4.03
ablate v2_pff_alignment_matchup,2025,16,DeVonta Smith,WR,13.42,12.17,16.2,-1.25,4.03
ablate v2_scheme_matchup,2024,14,DeVonta Smith,WR,9.77,9.67,13.7,-0.1,4.03
ablate v2_pff_alignment_matchup,2023,6,Chris Godwin Jr.,WR,9.29,9.67,13.7,0.38,4.03
ablate v2_pff_alignment_matchup,2024,13,Rome Odunze,WR,8.43,8.52,4.5,0.09,4.02
ablate v2_pff_alignment_matchup,2023,16,Tyler Lockett,WR,12.94,12.08,16.1,-0.86,4.02
ablate v2_scheme_matchup,2022,4,Tyreek Hill,WR,21.88,21.88,25.9,0.0,4.02
ablate v2_scheme_matchup,2024,9,Will Dissly,TE,7.1,6.91,2.9,-0.19,4.01
ablate v2_pff_alignment_matchup,2023,18,Jordan Addison,WR,11.4,11.69,15.7,0.29,4.01
ablate v2_scheme_matchup,2024,9,DJ Moore,WR,11.4,11.31,7.3,-0.09,4.01
ablate v2_pff_alignment_matchup,2024,14,DeAndre Hopkins,WR,9.19,9.19,13.2,0.0,4.01
ablate v2_pff_alignment_matchup,2024,7,Juwan Johnson,TE,8.9,8.81,4.8,-0.09,4.01
ablate v2_scheme_matchup,2025,6,Olamide Zaccheaus,WR,8.81,8.81,4.8,0.0,4.01
ablate v2_scheme_matchup,2024,7,Juwan Johnson,TE,8.9,8.81,4.8,-0.09,4.01
ablate v2_scheme_matchup,2022,11,Courtland Sutton,WR,9.0,9.0,13.0,0.0,4.0
ablate v2_pff_alignment_matchup,2022,3,Josh Reynolds,WR,10.73,11.6,15.6,0.87,4.0
ablate v2_scheme_matchup,2022,3,DJ Chark,WR,11.6,11.6,7.6,0.0,4.0
ablate v2_pff_alignment_matchup,2022,17,DJ Chark,WR,11.6,11.6,7.6,0.0,4.0
ablate v2_scheme_matchup,2025,7,Juwan Johnson,TE,8.9,8.9,12.9,0.0,4.0
ablate v2_pff_alignment_matchup,2022,10,Travis Kelce,TE,23.06,24.1,20.1,1.04,4.0
ablate v2_pff_alignment_matchup,2022,7,Greg Dulcich,TE,7.1,7.1,11.1,0.0,4.0
ablate v2_scheme_matchup,2024,10,Zay Flowers,WR,11.4,11.4,7.4,0.0,4.0
ablate v2_scheme_matchup,2025,3,Marvin Harrison Jr.,WR,11.4,11.4,7.4,0.0,4.0
ablate v2_pff_alignment_matchup,2025,3,Marvin Harrison Jr.,WR,11.4,11.4,7.4,0.0,4.0
ablate v2_pff_alignment_matchup,2022,11,Hunter Henry,TE,6.72,7.0,3.0,0.28,4.0
ablate v2_scheme_matchup,2023,14,Jakobi Meyers,WR,11.5,11.5,7.5,0.0,4.0
ablate v2_pff_alignment_matchup,2024,10,Zay Flowers,WR,11.4,11.4,7.4,0.0,4.0
ablate v2_scheme_matchup,2024,12,Noah Brown,WR,8.81,9.1,13.1,0.29,4.0
ablate v2_scheme_matchup,2022,17,DJ Chark,WR,11.6,11.6,7.6,0.0,4.0
ablate v2_scheme_matchup,2022,3,Geoff Swaim,TE,7.19,6.91,10.9,-0.28,3.99
ablate v2_pff_alignment_matchup,2024,5,Tyreek Hill,WR,9.29,8.91,12.9,-0.38,3.99
ablate v2_pff_alignment_matchup,2025,3,Rome Odunze,WR,19.67,19.19,15.2,-0.48,3.99
ablate v2_scheme_matchup,2022,3,Darren Waller,TE,10.9,9.19,5.2,-1.71,3.99
ablate v2_scheme_matchup,2024,13,Demarcus Robinson,WR,8.91,8.91,12.9,0.0,3.99
ablate v2_pff_alignment_matchup,2025,10,Courtland Sutton,WR,9.77,9.39,5.4,-0.38,3.99
ablate v2_pff_alignment_matchup,2025,4,Jaylen Waddle,WR,12.27,11.79,7.8,-0.48,3.99
ablate v2_scheme_matchup,2022,11,DJ Moore,WR,9.29,9.39,5.4,0.1,3.99
ablate v2_pff_alignment_matchup,2022,7,Brandon Aiyuk,WR,11.5,11.21,15.2,-0.29,3.99
ablate v2_scheme_matchup,2022,4,Adam Thielen,WR,11.31,11.21,15.2,-0.1,3.99
ablate v2_pff_alignment_matchup,2024,13,Demarcus Robinson,WR,8.91,8.91,12.9,0.0,3.99
ablate v2_pff_alignment_matchup,2022,15,Christian Kirk,WR,10.54,11.21,15.2,0.67,3.99
ablate v2_scheme_matchup,2025,18,Mike Evans,WR,9.39,9.39,5.4,0.0,3.99
ablate v2_scheme_matchup,2024,12,Tucker Kraft,TE,7.1,6.62,10.6,-0.48,3.98
ablate v2_pff_alignment_matchup,2024,7,Malik Nabers,WR,12.37,12.08,8.1,-0.29,3.98
ablate v2_scheme_matchup,2023,12,Brandon Aiyuk,WR,17.46,16.98,13.0,-0.48,3.98
ablate v2_scheme_matchup,2025,3,Jonnu Smith,TE,9.28,9.28,5.3,0.0,3.98
ablate v2_scheme_matchup,2025,3,Quentin Johnston,WR,11.12,10.92,14.9,-0.2,3.98
ablate v2_scheme_matchup,2022,15,Mike Williams,WR,14.96,14.67,10.7,-0.29,3.97
ablate v2_pff_alignment_matchup,2023,12,Marquise Brown,WR,10.83,10.83,14.8,0.0,3.97
ablate v2_pff_alignment_matchup,2025,17,Troy Franklin,WR,9.77,9.67,5.7,-0.1,3.97
ablate v2_scheme_matchup,2024,6,Brian Thomas Jr.,WR,9.29,9.67,5.7,0.38,3.97
ablate v2_scheme_matchup,2024,3,Chris Godwin Jr.,WR,14.19,13.33,17.3,-0.86,3.97
ablate v2_scheme_matchup,2023,11,Darnell Mooney,WR,7.37,7.37,3.4,0.0,3.97
ablate v2_pff_alignment_matchup,2023,3,Chris Godwin Jr.,WR,11.98,12.17,8.2,0.19,3.97
ablate v2_scheme_matchup,2024,16,Dalton Kincaid,TE,9.57,9.47,5.5,-0.1,3.97
ablate v2_scheme_matchup,2023,12,Marquise Brown,WR,10.83,10.83,14.8,0.0,3.97
ablate v2_pff_alignment_matchup,2024,3,Chris Godwin Jr.,WR,14.19,13.33,17.3,-0.86,3.97
ablate v2_pff_alignment_matchup,2023,11,Darnell Mooney,WR,7.37,7.37,3.4,0.0,3.97
ablate v2_scheme_matchup,2022,13,Chase Claypool,WR,9.77,9.77,5.8,0.0,3.97
ablate v2_pff_alignment_matchup,2025,5,Keenan Allen,WR,15.83,14.77,10.8,-1.06,3.97
ablate v2_scheme_matchup,2024,7,Chris Godwin Jr.,WR,17.56,17.46,13.5,-0.1,3.96
ablate v2_pff_alignment_matchup,2025,7,CeeDee Lamb,WR,18.8,18.04,22.0,-0.76,3.96
ablate v2_pff_alignment_matchup,2025,15,Kendrick Bourne,WR,8.14,7.66,3.7,-0.48,3.96
ablate v2_pff_alignment_matchup,2025,11,Rome Odunze,WR,10.44,10.06,6.1,-0.38,3.96
ablate v2_pff_alignment_matchup,2023,11,Diontae Johnson,WR,7.18,7.56,3.6,0.38,3.96
ablate v2_pff_alignment_matchup,2025,4,Rome Odunze,WR,13.62,12.94,16.9,-0.68,3.96
ablate v2_pff_alignment_matchup,2022,5,Tyler Higbee,TE,15.55,15.55,11.6,0.0,3.95
ablate v2_scheme_matchup,2022,11,DeVante Parker,WR,7.85,7.85,3.9,0.0,3.95
ablate v2_scheme_matchup,2023,15,Stefon Diggs,WR,11.98,12.75,8.8,0.77,3.95
ablate v2_scheme_matchup,2025,13,T.J. Hockenson,TE,7.76,7.95,11.9,0.19,3.95
ablate v2_pff_alignment_matchup,2023,17,Dallas Goedert,TE,10.99,11.75,15.7,0.76,3.95
ablate v2_pff_alignment_matchup,2024,9,David Njoku,TE,11.85,11.85,7.9,0.0,3.95
ablate v2_scheme_matchup,2023,7,DeVonta Smith,WR,13.81,12.85,8.9,-0.96,3.95
ablate v2_scheme_matchup,2024,12,Cade Otton,TE,8.52,7.95,4.0,-0.57,3.95
ablate v2_scheme_matchup,2024,9,David Njoku,TE,11.85,11.85,7.9,0.0,3.95
ablate v2_pff_alignment_matchup,2023,5,Allen Lazard,WR,11.89,10.25,6.3,-1.64,3.95
ablate v2_pff_alignment_matchup,2022,7,Daniel Bellinger,TE,6.05,6.24,2.3,0.19,3.94
ablate v2_scheme_matchup,2022,15,Ja'Marr Chase,WR,14.96,15.06,19.0,0.1,3.94
ablate v2_scheme_matchup,2024,11,Jalen Tolbert,WR,8.04,8.04,4.1,0.0,3.94
ablate v2_pff_alignment_matchup,2022,7,Allen Lazard,WR,15.92,15.44,11.5,-0.48,3.94
ablate v2_scheme_matchup,2023,10,Trey Palmer,WR,7.85,8.04,4.1,0.19,3.94
ablate v2_scheme_matchup,2023,10,Jerry Jeudy,WR,10.44,10.44,6.5,0.0,3.94
ablate v2_scheme_matchup,2024,4,Cole Kmet,TE,9.57,10.33,6.4,0.76,3.93
ablate v2_scheme_matchup,2024,18,Adam Thielen,WR,13.42,13.33,9.4,-0.09,3.93
ablate v2_pff_alignment_matchup,2024,9,Jayden Reed,WR,12.65,12.37,16.3,-0.28,3.93
ablate v2_pff_alignment_matchup,2024,16,Mike Evans,WR,16.11,15.83,11.9,-0.28,3.93
ablate v2_scheme_matchup,2024,8,Tyler Boyd,WR,8.33,8.33,4.4,0.0,3.93
ablate v2_pff_alignment_matchup,2024,6,Ray-Ray McCloud,WR,7.75,8.23,4.3,0.48,3.93
ablate v2_pff_alignment_matchup,2022,3,Davante Adams,WR,19.77,18.13,14.2,-1.64,3.93
ablate v2_scheme_matchup,2023,9,Christian Watson,WR,8.91,8.62,4.7,-0.29,3.92
ablate v2_scheme_matchup,2024,7,Drake London,WR,15.06,14.38,18.3,-0.68,3.92
ablate v2_pff_alignment_matchup,2022,8,Mike Evans,WR,14.96,14.38,18.3,-0.58,3.92
ablate v2_pff_alignment_matchup,2023,11,DeAndre Hopkins,WR,12.17,11.98,15.9,-0.19,3.92
ablate v2_pff_alignment_matchup,2024,5,Josh Downs,WR,13.52,11.98,15.9,-1.54,3.92
ablate v2_scheme_matchup,2023,15,Pat Freiermuth,TE,8.33,8.52,4.6,0.19,3.92
ablate v2_pff_alignment_matchup,2022,3,Josh Palmer,WR,12.56,11.98,15.9,-0.58,3.92
ablate v2_pff_alignment_matchup,2022,10,Deebo Samuel Sr.,WR,11.31,11.02,7.1,-0.29,3.92
ablate v2_pff_alignment_matchup,2025,3,Travis Kelce,TE,11.18,10.52,6.6,-0.66,3.92
ablate v2_pff_alignment_matchup,2023,11,Tyler Higbee,TE,5.86,6.62,2.7,0.76,3.92
ablate v2_scheme_matchup,2023,17,Ja'Marr Chase,WR,11.12,11.02,7.1,-0.1,3.92
ablate v2_pff_alignment_matchup,2024,5,Tre Tucker,WR,7.75,8.52,4.6,0.77,3.92
ablate v2_pff_alignment_matchup,2023,7,Rashid Shaheed,WR,11.12,11.12,7.2,0.0,3.92
ablate v2_pff_alignment_matchup,2023,9,Jakobi Meyers,WR,9.39,9.58,13.5,0.19,3.92
ablate v2_pff_alignment_matchup,2025,7,George Pickens,WR,15.83,16.11,12.2,0.28,3.91
ablate v2_scheme_matchup,2022,11,Hunter Henry,TE,6.72,6.91,3.0,0.19,3.91
ablate v2_scheme_matchup,2025,4,Ja'Marr Chase,WR,11.5,11.21,7.3,-0.29,3.91
ablate v2_scheme_matchup,2022,7,Greg Dulcich,TE,7.1,7.19,11.1,0.09,3.91
ablate v2_scheme_matchup,2022,3,Sterling Shepard,WR,13.33,13.81,9.9,0.48,3.91
ablate v2_pff_alignment_matchup,2024,16,Darnell Mooney,WR,9.1,9.29,13.2,0.19,3.91
ablate v2_pff_alignment_matchup,2023,15,Odell Beckham Jr.,WR,8.71,8.71,4.8,0.0,3.91
ablate v2_pff_alignment_matchup,2025,8,JuJu Smith-Schuster,WR,9.1,8.81,4.9,-0.29,3.91
ablate v2_pff_alignment_matchup,2022,14,George Kittle,TE,10.04,10.71,6.8,0.67,3.91
ablate v2_scheme_matchup,2023,15,Odell Beckham Jr.,WR,8.71,8.71,4.8,0.0,3.91
ablate v2_scheme_matchup,2022,14,Tyler Higbee,TE,7.38,7.0,3.1,-0.38,3.9
ablate v2_scheme_matchup,2022,3,Deebo Samuel Sr.,WR,9.0,9.0,12.9,0.0,3.9
ablate v2_scheme_matchup,2024,17,Mark Andrews,TE,10.9,10.9,14.8,0.0,3.9
ablate v2_pff_alignment_matchup,2022,8,Hunter Henry,TE,6.81,7.1,3.2,0.29,3.9
ablate v2_scheme_matchup,2024,3,Adam Thielen,WR,9.1,9.1,13.0,0.0,3.9
ablate v2_pff_alignment_matchup,2024,6,DeVonta Smith,WR,11.5,11.5,15.4,0.0,3.9
ablate v2_pff_alignment_matchup,2022,8,George Kittle,TE,8.9,9.0,12.9,0.1,3.9
ablate v2_scheme_matchup,2024,12,Marvin Harrison Jr.,WR,11.6,11.6,7.7,0.0,3.9
ablate v2_pff_alignment_matchup,2022,10,Allen Lazard,WR,10.92,11.4,7.5,0.48,3.9
ablate v2_pff_alignment_matchup,2024,12,Marvin Harrison Jr.,WR,11.6,11.6,7.7,0.0,3.9
ablate v2_scheme_matchup,2024,6,DeVonta Smith,WR,11.5,11.5,15.4,0.0,3.9
ablate v2_scheme_matchup,2024,17,A.J. Brown,WR,16.21,16.5,12.6,0.29,3.9
ablate v2_pff_alignment_matchup,2024,17,Mark Andrews,TE,10.9,10.9,14.8,0.0,3.9
ablate v2_pff_alignment_matchup,2024,16,Zay Flowers,WR,11.4,11.4,15.3,0.0,3.9
ablate v2_scheme_matchup,2024,16,Zay Flowers,WR,11.4,11.4,15.3,0.0,3.9
ablate v2_pff_alignment_matchup,2024,4,Hunter Henry,TE,7.48,7.1,3.2,-0.38,3.9
ablate v2_pff_alignment_matchup,2022,3,Deebo Samuel Sr.,WR,9.0,9.0,12.9,0.0,3.9
ablate v2_pff_alignment_matchup,2023,4,Adam Thielen,WR,11.12,11.31,15.2,0.19,3.89
ablate v2_pff_alignment_matchup,2023,16,Darren Waller,TE,8.43,9.09,5.2,0.66,3.89
ablate v2_scheme_matchup,2024,3,DJ Moore,WR,11.21,11.31,15.2,0.1,3.89
ablate v2_scheme_matchup,2022,6,Tyler Boyd,WR,8.81,8.71,12.6,-0.1,3.89
ablate v2_scheme_matchup,2022,7,Brandon Aiyuk,WR,11.5,11.31,15.2,-0.19,3.89
ablate v2_scheme_matchup,2025,7,Alec Pierce,WR,10.73,10.92,14.8,0.19,3.88
ablate v2_pff_alignment_matchup,2025,7,Alec Pierce,WR,10.73,10.92,14.8,0.19,3.88
ablate v2_scheme_matchup,2023,3,Chris Godwin Jr.,WR,11.98,12.08,8.2,0.1,3.88
ablate v2_scheme_matchup,2023,12,Logan Thomas,TE,8.33,7.38,3.5,-0.95,3.88
ablate v2_scheme_matchup,2024,13,Dallas Goedert,TE,8.52,8.62,12.5,0.1,3.88
ablate v2_scheme_matchup,2022,3,DeAndre Carter,WR,9.58,9.48,5.6,-0.1,3.88
ablate v2_pff_alignment_matchup,2022,18,Amon-Ra St. Brown,WR,14.96,14.77,10.9,-0.19,3.87
ablate v2_scheme_matchup,2025,8,Matthew Golden,WR,7.18,7.27,3.4,0.09,3.87
ablate v2_pff_alignment_matchup,2023,18,Tyler Lockett,WR,13.52,13.23,17.1,-0.29,3.87
ablate v2_pff_alignment_matchup,2023,13,David Njoku,TE,7.57,7.57,3.7,0.0,3.87
ablate v2_scheme_matchup,2022,14,CeeDee Lamb,WR,11.98,12.17,8.3,0.19,3.87
ablate v2_scheme_matchup,2023,13,David Njoku,TE,7.57,7.57,3.7,0.0,3.87
ablate v2_pff_alignment_matchup,2025,16,Jaylen Waddle,WR,8.33,8.33,12.2,0.0,3.87
ablate v2_scheme_matchup,2023,10,Josh Reynolds,WR,7.56,7.37,3.5,-0.19,3.87
ablate v2_scheme_matchup,2023,15,Romeo Doubs,WR,9.96,9.87,6.0,-0.09,3.87
ablate v2_scheme_matchup,2024,18,Jauan Jennings,WR,8.43,8.33,12.2,-0.1,3.87
ablate v2_pff_alignment_matchup,2024,18,Jauan Jennings,WR,8.43,8.33,12.2,-0.1,3.87
ablate v2_pff_alignment_matchup,2022,7,Kyle Pitts,TE,8.05,7.76,3.9,-0.29,3.86
ablate v2_scheme_matchup,2025,11,Justin Jefferson,WR,14.96,14.96,11.1,0.0,3.86
ablate v2_scheme_matchup,2025,5,Cooper Kupp,WR,8.04,8.04,11.9,0.0,3.86
ablate v2_pff_alignment_matchup,2024,5,DeMario Douglas,WR,7.46,8.04,11.9,0.58,3.86
ablate v2_pff_alignment_matchup,2025,11,Justin Jefferson,WR,14.96,14.96,11.1,0.0,3.86
ablate v2_scheme_matchup,2023,11,Elijah Moore,WR,8.14,8.14,12.0,0.0,3.86
ablate v2_scheme_matchup,2025,15,Jordan Addison,WR,12.37,12.46,8.6,0.09,3.86
ablate v2_pff_alignment_matchup,2023,11,Elijah Moore,WR,8.14,8.14,12.0,0.0,3.86
ablate v2_pff_alignment_matchup,2022,11,Elijah Moore,WR,7.37,7.56,3.7,0.19,3.86
ablate v2_scheme_matchup,2025,14,Andrei Iosivas,WR,7.27,7.56,3.7,0.29,3.86
ablate v2_pff_alignment_matchup,2023,5,Jaylen Waddle,WR,10.35,10.64,14.5,0.29,3.86
ablate v2_pff_alignment_matchup,2023,15,Stefon Diggs,WR,11.98,12.65,8.8,0.67,3.85
ablate v2_pff_alignment_matchup,2023,7,DeVonta Smith,WR,13.81,12.75,8.9,-1.06,3.85
ablate v2_scheme_matchup,2024,18,Ladd McConkey,WR,12.56,12.65,16.5,0.09,3.85
ablate v2_pff_alignment_matchup,2025,18,Ryan Flournoy,WR,7.85,7.95,11.8,0.1,3.85
ablate v2_pff_alignment_matchup,2025,10,Rashod Bateman,WR,7.85,7.85,4.0,0.0,3.85
ablate v2_scheme_matchup,2025,10,Rashod Bateman,WR,7.85,7.85,4.0,0.0,3.85
ablate v2_scheme_matchup,2022,15,Keenan Allen,WR,12.94,12.75,16.6,-0.19,3.85
ablate v2_scheme_matchup,2025,18,Jerry Jeudy,WR,8.04,8.04,4.2,0.0,3.84
ablate v2_pff_alignment_matchup,2025,18,Jerry Jeudy,WR,8.04,8.04,4.2,0.0,3.84
ablate v2_pff_alignment_matchup,2025,8,Dalton Schultz,TE,8.24,8.24,4.4,0.0,3.84
ablate v2_scheme_matchup,2025,8,Dalton Schultz,TE,8.24,8.24,4.4,0.0,3.84
ablate v2_pff_alignment_matchup,2025,12,Romeo Doubs,WR,7.85,8.14,4.3,0.29,3.84
ablate v2_pff_alignment_matchup,2022,6,Marquise Brown,WR,15.63,15.63,11.8,0.0,3.83
ablate v2_pff_alignment_matchup,2025,12,Cooper Kupp,WR,8.62,8.23,4.4,-0.39,3.83
ablate v2_scheme_matchup,2024,15,Brock Bowers,TE,9.95,10.33,6.5,0.38,3.83
ablate v2_scheme_matchup,2024,17,Ja'Marr Chase,WR,22.74,23.03,19.2,0.29,3.83
ablate v2_pff_alignment_matchup,2023,7,Jayden Reed,WR,7.18,7.27,11.1,0.09,3.83
ablate v2_scheme_matchup,2022,10,DJ Moore,WR,10.73,10.73,6.9,0.0,3.83
ablate v2_pff_alignment_matchup,2024,14,DeVonta Smith,WR,9.77,9.87,13.7,0.1,3.83
ablate v2_scheme_matchup,2023,4,Mike Evans,WR,10.54,10.83,7.0,0.29,3.83
ablate v2_scheme_matchup,2022,6,Marquise Brown,WR,15.63,15.63,11.8,0.0,3.83
ablate v2_pff_alignment_matchup,2024,13,Jordan Addison,WR,12.56,13.23,9.4,0.67,3.83
ablate v2_pff_alignment_matchup,2025,10,Dallas Goedert,TE,12.13,12.13,8.3,0.0,3.83
ablate v2_scheme_matchup,2024,4,Dallas Goedert,TE,9.85,9.38,13.2,-0.47,3.82
ablate v2_scheme_matchup,2025,7,Kyle Pitts,TE,8.52,9.38,13.2,0.86,3.82
ablate v2_pff_alignment_matchup,2024,10,Ladd McConkey,WR,11.31,11.02,7.2,-0.29,3.82
ablate v2_scheme_matchup,2022,15,Hunter Henry,TE,6.81,6.72,2.9,-0.09,3.82
ablate v2_scheme_matchup,2024,16,Darnell Mooney,WR,9.1,9.39,13.2,0.29,3.81
ablate v2_scheme_matchup,2024,9,Keon Coleman,WR,9.0,8.91,5.1,-0.09,3.81
ablate v2_scheme_matchup,2023,3,Darren Waller,TE,8.52,8.81,5.0,0.29,3.81
ablate v2_pff_alignment_matchup,2024,8,Jerry Jeudy,WR,9.1,9.1,12.9,0.0,3.8
ablate v2_scheme_matchup,2022,8,Hunter Henry,TE,6.81,7.0,3.2,0.19,3.8
ablate v2_scheme_matchup,2025,4,Jerry Jeudy,WR,11.6,11.6,7.8,0.0,3.8
ablate v2_scheme_matchup,2023,5,Michael Pittman,WR,13.81,14.0,10.2,0.19,3.8
ablate v2_scheme_matchup,2024,15,Puka Nacua,WR,13.81,14.0,17.8,0.19,3.8
ablate v2_scheme_matchup,2024,4,Hunter Henry,TE,7.48,7.0,3.2,-0.48,3.8
ablate v2_pff_alignment_matchup,2022,18,Ja'Marr Chase,WR,18.9,18.8,22.6,-0.1,3.8
ablate v2_pff_alignment_matchup,2025,3,George Pickens,WR,14.29,14.0,17.8,-0.29,3.8
ablate v2_scheme_matchup,2024,8,Jerry Jeudy,WR,9.1,9.1,12.9,0.0,3.8
ablate v2_scheme_matchup,2023,18,Cole Kmet,TE,11.18,10.9,7.1,-0.28,3.8
ablate v2_scheme_matchup,2022,8,Tyler Lockett,WR,11.79,11.5,15.3,-0.29,3.8
ablate v2_pff_alignment_matchup,2025,4,Justin Jefferson,WR,19.67,18.8,22.6,-0.87,3.8
ablate v2_pff_alignment_matchup,2022,4,Adam Thielen,WR,11.31,11.4,15.2,0.09,3.8
ablate v2_pff_alignment_matchup,2025,4,Jerry Jeudy,WR,11.6,11.6,7.8,0.0,3.8
ablate v2_pff_alignment_matchup,2024,11,T.J. Hockenson,TE,7.1,7.1,3.3,0.0,3.8
ablate v2_scheme_matchup,2024,13,Zach Ertz,TE,8.9,8.71,12.5,-0.19,3.79
ablate v2_scheme_matchup,2024,3,Josh Reynolds,WR,9.39,9.39,5.6,0.0,3.79
ablate v2_pff_alignment_matchup,2022,17,Cole Kmet,TE,6.72,6.91,10.7,0.19,3.79
ablate v2_scheme_matchup,2025,10,Cedric Tillman,WR,6.89,6.89,3.1,0.0,3.79
ablate v2_pff_alignment_matchup,2025,10,Cedric Tillman,WR,6.89,6.89,3.1,0.0,3.79
ablate v2_pff_alignment_matchup,2023,6,Noah Gray,TE,7.76,7.29,3.5,-0.47,3.79
ablate v2_pff_alignment_matchup,2025,9,Travis Kelce,TE,9.0,8.81,12.6,-0.19,3.79
ablate v2_pff_alignment_matchup,2023,15,Justin Jefferson,WR,19.38,19.19,15.4,-0.19,3.79
ablate v2_pff_alignment_matchup,2025,3,Ladd McConkey,WR,12.75,11.89,8.1,-0.86,3.79
ablate v2_pff_alignment_matchup,2025,6,Jakobi Meyers,WR,11.4,11.69,7.9,0.29,3.79
ablate v2_scheme_matchup,2023,4,Robert Woods,WR,9.39,9.39,5.6,0.0,3.79
ablate v2_scheme_matchup,2022,5,Josh Palmer,WR,9.1,9.19,5.4,0.09,3.79
ablate v2_pff_alignment_matchup,2023,12,Logan Thomas,TE,8.33,7.29,3.5,-1.04,3.79
ablate v2_pff_alignment_matchup,2023,4,Robert Woods,WR,9.39,9.39,5.6,0.0,3.79
ablate v2_pff_alignment_matchup,2023,8,Josh Palmer,WR,9.0,9.19,5.4,0.19,3.79
ablate v2_pff_alignment_matchup,2022,11,DJ Moore,WR,9.29,9.19,5.4,-0.1,3.79
ablate v2_pff_alignment_matchup,2024,3,Davante Adams,WR,11.6,11.79,8.0,0.19,3.79
ablate v2_pff_alignment_matchup,2024,7,Tyler Conklin,TE,7.38,6.91,10.7,-0.47,3.79
ablate v2_pff_alignment_matchup,2022,6,Cameron Brate,TE,6.53,7.19,3.4,0.66,3.79
ablate v2_scheme_matchup,2024,10,Tank Dell,WR,12.08,12.08,8.3,0.0,3.78
ablate v2_scheme_matchup,2025,3,Jaylen Waddle,WR,11.12,11.12,14.9,0.0,3.78
ablate v2_scheme_matchup,2025,3,Harold Fannin Jr.,TE,9.28,9.28,5.5,0.0,3.78
ablate v2_pff_alignment_matchup,2022,13,Chase Claypool,WR,9.77,9.58,5.8,-0.19,3.78
ablate v2_pff_alignment_matchup,2024,10,Tank Dell,WR,12.08,12.08,8.3,0.0,3.78
ablate v2_scheme_matchup,2025,18,DeVonta Smith,WR,11.98,11.98,8.2,0.0,3.78
ablate v2_pff_alignment_matchup,2025,3,Harold Fannin Jr.,TE,9.28,9.28,5.5,0.0,3.78
ablate v2_pff_alignment_matchup,2022,15,CeeDee Lamb,WR,16.11,15.92,19.7,-0.19,3.78
ablate v2_pff_alignment_matchup,2022,7,David Njoku,TE,10.33,10.33,14.1,0.0,3.77
ablate v2_pff_alignment_matchup,2022,10,George Pickens,WR,11.31,10.73,14.5,-0.58,3.77
ablate v2_pff_alignment_matchup,2022,14,Elijah Moore,WR,8.52,8.23,12.0,-0.29,3.77
ablate v2_pff_alignment_matchup,2022,15,Jerry Jeudy,WR,11.12,10.83,14.6,-0.29,3.77
ablate v2_scheme_matchup,2024,7,Travis Kelce,TE,9.0,9.47,5.7,0.47,3.77
ablate v2_scheme_matchup,2025,10,Dalton Kincaid,TE,9.57,9.47,5.7,-0.1,3.77
ablate v2_pff_alignment_matchup,2023,10,DJ Moore,WR,14.86,14.67,10.9,-0.19,3.77
ablate v2_scheme_matchup,2023,11,Diontae Johnson,WR,7.18,7.37,3.6,0.19,3.77
ablate v2_scheme_matchup,2025,10,Wan'Dale Robinson,WR,8.33,8.43,12.2,0.1,3.77
ablate v2_scheme_matchup,2022,7,David Njoku,TE,10.33,10.33,14.1,0.0,3.77
ablate v2_scheme_matchup,2022,4,Elijah Moore,WR,12.27,12.27,8.5,0.0,3.77
ablate v2_pff_alignment_matchup,2025,9,Tyler Warren,TE,11.66,11.37,7.6,-0.29,3.77
ablate v2_scheme_matchup,2025,18,Ryan Flournoy,WR,7.85,8.04,11.8,0.19,3.76
ablate v2_pff_alignment_matchup,2023,5,Stefon Diggs,WR,21.11,20.34,24.1,-0.77,3.76
ablate v2_scheme_matchup,2025,16,Colston Loveland,TE,9.76,9.76,6.0,0.0,3.76
ablate v2_scheme_matchup,2022,5,JuJu Smith-Schuster,WR,9.96,10.06,6.3,0.1,3.76
ablate v2_scheme_matchup,2023,17,DeAndre Hopkins,WR,10.54,10.44,14.2,-0.1,3.76
ablate v2_pff_alignment_matchup,2024,5,Keenan Allen,WR,9.77,10.06,6.3,0.29,3.76
ablate v2_scheme_matchup,2022,17,Mike Williams,WR,12.56,12.65,16.4,0.09,3.75
ablate v2_pff_alignment_matchup,2025,15,Khalil Shakir,WR,7.37,7.75,11.5,0.38,3.75
ablate v2_scheme_matchup,2025,11,Drake London,WR,15.34,15.15,18.9,-0.19,3.75
ablate v2_pff_alignment_matchup,2024,10,Davante Adams,WR,12.94,12.85,9.1,-0.09,3.75
ablate v2_pff_alignment_matchup,2022,10,DJ Moore,WR,10.73,10.64,6.9,-0.09,3.74
ablate v2_scheme_matchup,2025,10,Dallas Goedert,TE,12.13,12.04,8.3,-0.09,3.74
ablate v2_scheme_matchup,2023,11,DeAndre Hopkins,WR,12.17,12.17,15.9,0.0,3.73
ablate v2_pff_alignment_matchup,2023,12,Cole Kmet,TE,7.19,7.57,11.3,0.38,3.73
ablate v2_scheme_matchup,2023,11,Sam LaPorta,TE,10.14,10.52,6.8,0.38,3.72
ablate v2_pff_alignment_matchup,2025,11,Rashee Rice,WR,12.85,13.52,9.8,0.67,3.72
ablate v2_scheme_matchup,2024,18,Ja'Marr Chase,WR,21.88,21.88,25.6,0.0,3.72
ablate v2_scheme_matchup,2024,12,Tyreek Hill,WR,13.23,13.52,9.8,0.29,3.72
ablate v2_pff_alignment_matchup,2024,5,Andrei Iosivas,WR,8.52,8.62,4.9,0.1,3.72
ablate v2_scheme_matchup,2024,5,Jakobi Meyers,WR,9.48,9.48,13.2,0.0,3.72
ablate v2_pff_alignment_matchup,2023,11,Jordan Addison,WR,12.56,11.12,7.4,-1.44,3.72
ablate v2_scheme_matchup,2024,12,Alec Pierce,WR,8.52,8.62,4.9,0.1,3.72
ablate v2_pff_alignment_matchup,2023,5,Rashid Shaheed,WR,8.52,8.52,4.8,0.0,3.72
ablate v2_scheme_matchup,2025,7,Ladd McConkey,WR,11.89,11.98,15.7,0.09,3.72
ablate v2_scheme_matchup,2023,5,Rashid Shaheed,WR,8.52,8.52,4.8,0.0,3.72
ablate v2_scheme_matchup,2024,15,Jaxon Smith-Njigba,WR,15.06,14.58,18.3,-0.48,3.72
ablate v2_scheme_matchup,2023,10,Rashid Shaheed,WR,11.12,11.12,7.4,0.0,3.72
ablate v2_pff_alignment_matchup,2025,16,Jake Ferguson,TE,8.33,8.62,4.9,0.29,3.72
ablate v2_pff_alignment_matchup,2022,11,Courtland Sutton,WR,9.0,9.29,13.0,0.29,3.71
ablate v2_scheme_matchup,2024,4,Justin Jefferson,WR,16.79,16.79,20.5,0.0,3.71
ablate v2_pff_alignment_matchup,2025,4,Keon Coleman,WR,12.37,11.21,7.5,-1.16,3.71
ablate v2_pff_alignment_matchup,2022,16,Tyler Boyd,WR,8.33,8.81,5.1,0.48,3.71
ablate v2_scheme_matchup,2024,7,Ja'Marr Chase,WR,20.44,21.3,17.6,0.86,3.7
ablate v2_pff_alignment_matchup,2023,10,Adam Thielen,WR,12.65,13.9,10.2,1.25,3.7
ablate v2_scheme_matchup,2022,4,Curtis Samuel,WR,11.4,11.5,7.8,0.1,3.7
ablate v2_pff_alignment_matchup,2022,8,Tyler Lockett,WR,11.79,11.6,15.3,-0.19,3.7
ablate v2_pff_alignment_matchup,2023,3,DeAndre Hopkins,WR,11.12,11.5,7.8,0.38,3.7
ablate v2_pff_alignment_matchup,2022,5,Josh Palmer,WR,9.1,9.1,5.4,0.0,3.7
ablate v2_pff_alignment_matchup,2025,7,Zach Ertz,TE,9.38,9.0,12.7,-0.38,3.7
ablate v2_scheme_matchup,2024,14,Josh Oliver,TE,7.95,7.29,3.6,-0.66,3.69
ablate v2_scheme_matchup,2024,3,Davante Adams,WR,11.6,11.69,8.0,0.09,3.69
ablate v2_scheme_matchup,2023,14,Adam Thielen,WR,8.62,8.71,12.4,0.09,3.69
ablate v2_pff_alignment_matchup,2024,3,Josh Reynolds,WR,9.39,9.29,5.6,-0.1,3.69
ablate v2_scheme_matchup,2023,15,Justin Jefferson,WR,19.38,19.09,15.4,-0.29,3.69
ablate v2_pff_alignment_matchup,2024,9,Malik Nabers,WR,11.31,11.21,14.9,-0.1,3.69
ablate v2_scheme_matchup,2022,15,Jerry Jeudy,WR,11.12,10.92,14.6,-0.2,3.68
ablate v2_scheme_matchup,2023,14,Diontae Johnson,WR,10.83,11.02,14.7,0.19,3.68
ablate v2_scheme_matchup,2023,12,Travis Kelce,TE,18.88,18.78,15.1,-0.1,3.68
ablate v2_pff_alignment_matchup,2024,15,Josh Downs,WR,9.29,9.87,6.2,0.58,3.67
ablate v2_scheme_matchup,2024,6,Rome Odunze,WR,9.77,9.67,6.0,-0.1,3.67
ablate v2_pff_alignment_matchup,2022,8,Pat Freiermuth,TE,12.51,13.37,9.7,0.86,3.67
ablate v2_scheme_matchup,2023,13,Pat Freiermuth,TE,9.95,9.57,5.9,-0.38,3.67
ablate v2_pff_alignment_matchup,2025,17,Hunter Henry,TE,11.09,10.23,13.9,-0.86,3.67
ablate v2_scheme_matchup,2024,17,Calvin Ridley,WR,10.54,10.44,14.1,-0.1,3.66
ablate v2_scheme_matchup,2024,16,Isaiah Likely,TE,8.24,8.24,11.9,0.0,3.66
ablate v2_pff_alignment_matchup,2022,12,Stefon Diggs,WR,18.61,18.04,21.7,-0.57,3.66
ablate v2_scheme_matchup,2023,8,Calvin Ridley,WR,10.83,10.64,14.3,-0.19,3.66
ablate v2_pff_alignment_matchup,2022,10,Zach Ertz,TE,5.86,5.86,2.2,0.0,3.66
ablate v2_pff_alignment_matchup,2025,16,Colston Loveland,TE,9.76,9.66,6.0,-0.1,3.66
ablate v2_scheme_matchup,2022,10,Zach Ertz,TE,5.86,5.86,2.2,0.0,3.66
ablate v2_scheme_matchup,2022,3,Tyler Lockett,WR,13.33,12.94,16.6,-0.39,3.66
ablate v2_pff_alignment_matchup,2024,16,Isaiah Likely,TE,8.24,8.24,11.9,0.0,3.66
ablate v2_pff_alignment_matchup,2022,15,Keenan Allen,WR,12.94,12.94,16.6,0.0,3.66
ablate v2_scheme_matchup,2024,5,CeeDee Lamb,WR,15.25,15.06,11.4,-0.19,3.66
ablate v2_scheme_matchup,2022,4,George Kittle,TE,8.24,8.05,4.4,-0.19,3.65
ablate v2_scheme_matchup,2025,15,Chris Godwin Jr.,WR,10.35,10.35,14.0,0.0,3.65
ablate v2_pff_alignment_matchup,2025,8,Pat Freiermuth,TE,7.86,7.95,4.3,0.09,3.65
ablate v2_scheme_matchup,2024,10,Davante Adams,WR,12.94,12.75,9.1,-0.19,3.65
ablate v2_scheme_matchup,2023,16,Tyreek Hill,WR,15.06,15.25,18.9,0.19,3.65
ablate v2_pff_alignment_matchup,2024,14,Jonnu Smith,TE,9.38,9.76,13.4,0.38,3.64
ablate v2_pff_alignment_matchup,2023,15,Pat Freiermuth,TE,8.33,8.24,4.6,-0.09,3.64
ablate v2_scheme_matchup,2025,6,Rashid Shaheed,WR,10.44,10.44,6.8,0.0,3.64
ablate v2_scheme_matchup,2025,12,Travis Kelce,TE,11.37,12.04,8.4,0.67,3.64
ablate v2_scheme_matchup,2025,11,Puka Nacua,WR,18.04,17.94,14.3,-0.1,3.64
ablate v2_pff_alignment_matchup,2023,15,Michael Pittman,WR,14.86,15.44,11.8,0.58,3.64
ablate v2_scheme_matchup,2023,11,Tyler Higbee,TE,5.86,6.34,2.7,0.48,3.64
ablate v2_pff_alignment_matchup,2024,14,Drake London,WR,15.83,15.63,12.0,-0.2,3.63
ablate v2_scheme_matchup,2025,7,George Pickens,WR,15.83,15.83,12.2,0.0,3.63
ablate v2_pff_alignment_matchup,2023,18,DJ Chark,WR,8.14,8.23,4.6,0.09,3.63
ablate v2_pff_alignment_matchup,2022,15,Hunter Henry,TE,6.81,6.53,2.9,-0.28,3.63
ablate v2_scheme_matchup,2023,15,T.J. Hockenson,TE,14.03,15.93,12.3,1.9,3.63
ablate v2_scheme_matchup,2025,5,Dalton Schultz,TE,7.38,7.38,11.0,0.0,3.62
ablate v2_pff_alignment_matchup,2025,5,Dalton Schultz,TE,7.38,7.38,11.0,0.0,3.62
ablate v2_pff_alignment_matchup,2022,3,Adam Thielen,WR,14.58,14.48,18.1,-0.1,3.62
ablate v2_pff_alignment_matchup,2024,13,Amon-Ra St. Brown,WR,15.73,15.92,12.3,0.19,3.62
ablate v2_scheme_matchup,2024,15,Deebo Samuel Sr.,WR,8.52,8.52,4.9,0.0,3.62
ablate v2_pff_alignment_matchup,2023,15,Dallas Goedert,TE,9.85,10.71,7.1,0.86,3.61
ablate v2_pff_alignment_matchup,2022,3,Darren Waller,TE,10.9,8.81,5.2,-2.09,3.61
ablate v2_pff_alignment_matchup,2023,11,Tyler Boyd,WR,8.23,8.81,5.2,0.58,3.61
ablate v2_scheme_matchup,2024,5,Tyreek Hill,WR,9.29,9.29,12.9,0.0,3.61
ablate v2_pff_alignment_matchup,2024,15,Puka Nacua,WR,13.81,14.19,17.8,0.38,3.61
ablate v2_pff_alignment_matchup,2023,18,Cole Kmet,TE,11.18,10.71,7.1,-0.47,3.61
ablate v2_scheme_matchup,2022,18,Ja'Marr Chase,WR,18.9,19.0,22.6,0.1,3.6
ablate v2_pff_alignment_matchup,2022,18,Diontae Johnson,WR,12.94,11.4,7.8,-1.54,3.6
ablate v2_scheme_matchup,2022,6,Cameron Brate,TE,6.53,7.0,3.4,0.47,3.6
ablate v2_pff_alignment_matchup,2022,8,Cade Otton,TE,6.91,7.1,3.5,0.19,3.6
ablate v2_scheme_matchup,2022,10,Courtland Sutton,WR,9.48,9.0,12.6,-0.48,3.6
ablate v2_scheme_matchup,2022,7,Evan Engram,TE,6.62,7.1,10.7,0.48,3.6
ablate v2_scheme_matchup,2023,8,Josh Palmer,WR,9.0,9.0,5.4,0.0,3.6
ablate v2_pff_alignment_matchup,2024,17,George Pickens,WR,10.44,11.6,8.0,1.16,3.6
ablate v2_pff_alignment_matchup,2025,11,CeeDee Lamb,WR,14.86,14.0,17.6,-0.86,3.6
ablate v2_scheme_matchup,2024,16,Mike Gesicki,TE,8.33,7.0,3.4,-1.33,3.6
ablate v2_scheme_matchup,2022,15,Diontae Johnson,WR,16.11,16.4,20.0,0.29,3.6
ablate v2_scheme_matchup,2025,4,Justin Jefferson,WR,19.67,19.0,22.6,-0.67,3.6
ablate v2_pff_alignment_matchup,2023,17,Jake Ferguson,TE,10.8,10.9,7.3,0.1,3.6
ablate v2_pff_alignment_matchup,2024,12,Tucker Kraft,TE,7.1,7.0,10.6,-0.1,3.6
ablate v2_scheme_matchup,2023,17,Jake Ferguson,TE,10.8,10.9,7.3,0.1,3.6
ablate v2_pff_alignment_matchup,2024,16,Dalton Kincaid,TE,9.57,9.09,5.5,-0.48,3.59
ablate v2_scheme_matchup,2024,9,Malik Nabers,WR,11.31,11.31,14.9,0.0,3.59
ablate v2_scheme_matchup,2022,5,Garrett Wilson,WR,9.48,9.29,5.7,-0.19,3.59
ablate v2_scheme_matchup,2022,4,Tyler Boyd,WR,11.4,11.21,7.62,-0.19,3.59
ablate v2_pff_alignment_matchup,2023,9,Gerald Everett,TE,7.1,7.38,3.8,0.28,3.58
ablate v2_scheme_matchup,2024,3,Jayden Reed,WR,14.38,14.48,10.9,0.1,3.58
ablate v2_pff_alignment_matchup,2023,9,DK Metcalf,WR,9.0,9.58,6.0,0.58,3.58
ablate v2_pff_alignment_matchup,2023,6,Garrett Wilson,WR,13.33,13.42,17.0,0.09,3.58
ablate v2_pff_alignment_matchup,2022,14,Hunter Henry,TE,7.0,6.43,10.0,-0.57,3.57
ablate v2_scheme_matchup,2024,12,CeeDee Lamb,WR,13.33,13.23,16.8,-0.1,3.57
ablate v2_scheme_matchup,2023,9,Tyler Lockett,WR,9.77,9.77,6.2,0.0,3.57
ablate v2_scheme_matchup,2023,8,Christian Watson,WR,9.87,9.87,6.3,0.0,3.57
ablate v2_scheme_matchup,2022,14,Elijah Moore,WR,8.52,8.43,12.0,-0.09,3.57
ablate v2_pff_alignment_matchup,2022,17,Russell Gage,WR,10.35,9.87,6.3,-0.48,3.57
ablate v2_pff_alignment_matchup,2022,5,Tyler Boyd,WR,10.54,9.77,6.2,-0.77,3.57
ablate v2_scheme_matchup,2023,7,Dawson Knox,TE,7.67,7.57,4.0,-0.1,3.57
ablate v2_pff_alignment_matchup,2023,9,T.J. Hockenson,TE,11.28,10.33,13.9,-0.95,3.57
ablate v2_pff_alignment_matchup,2022,5,JuJu Smith-Schuster,WR,9.96,9.87,6.3,-0.09,3.57
ablate v2_scheme_matchup,2024,12,Brock Bowers,TE,12.13,11.37,7.8,-0.76,3.57
ablate v2_scheme_matchup,2025,14,Michael Pittman,WR,13.71,13.33,16.9,-0.38,3.57
ablate v2_scheme_matchup,2025,13,Michael Wilson,WR,10.16,10.16,6.6,0.0,3.56
ablate v2_scheme_matchup,2025,8,Pat Freiermuth,TE,7.86,7.86,4.3,0.0,3.56
ablate v2_scheme_matchup,2025,16,Mike Evans,WR,10.64,10.54,14.1,-0.1,3.56
ablate v2_pff_alignment_matchup,2023,5,A.J. Brown,WR,19.86,22.26,18.7,2.4,3.56
ablate v2_pff_alignment_matchup,2022,3,Pat Freiermuth,TE,10.23,9.66,6.1,-0.57,3.56
ablate v2_scheme_matchup,2022,18,Allen Lazard,WR,10.44,10.54,14.1,0.1,3.56
ablate v2_scheme_matchup,2022,11,A.J. Brown,WR,12.56,12.56,9.0,0.0,3.56
ablate v2_scheme_matchup,2025,4,Zach Ertz,TE,10.04,9.66,6.1,-0.38,3.56
ablate v2_scheme_matchup,2025,6,A.J. Brown,WR,10.44,10.44,14.0,0.0,3.56
ablate v2_pff_alignment_matchup,2025,13,Michael Wilson,WR,10.16,10.16,6.6,0.0,3.56
ablate v2_pff_alignment_matchup,2024,17,Jordan Addison,WR,14.67,15.34,18.9,0.67,3.56
ablate v2_pff_alignment_matchup,2024,17,Nico Collins,WR,12.46,12.46,8.9,0.0,3.56
ablate v2_pff_alignment_matchup,2023,17,DeAndre Hopkins,WR,10.54,10.64,14.2,0.1,3.56
ablate v2_scheme_matchup,2024,17,Nico Collins,WR,12.46,12.46,8.9,0.0,3.56
ablate v2_scheme_matchup,2025,4,Josh Downs,WR,9.39,9.96,6.4,0.57,3.56
ablate v2_pff_alignment_matchup,2024,18,Ladd McConkey,WR,12.56,12.94,16.5,0.38,3.56
ablate v2_scheme_matchup,2025,10,Christian Watson,WR,10.16,10.06,6.5,-0.1,3.56
ablate v2_scheme_matchup,2022,4,Mike Gesicki,TE,7.67,7.86,4.3,0.19,3.56
ablate v2_pff_alignment_matchup,2023,14,Jaylen Waddle,WR,19.38,17.46,13.9,-1.92,3.56
ablate v2_pff_alignment_matchup,2022,7,Robert Tonyan,TE,8.62,9.76,6.2,1.14,3.56
ablate v2_pff_alignment_matchup,2025,14,Cooper Kupp,WR,7.95,7.95,11.5,0.0,3.55
ablate v2_scheme_matchup,2025,12,Romeo Doubs,WR,7.85,7.85,4.3,0.0,3.55
ablate v2_scheme_matchup,2023,5,Zay Jones,WR,7.75,7.75,11.3,0.0,3.55
ablate v2_scheme_matchup,2022,6,Travis Kelce,TE,16.69,15.65,19.2,-1.04,3.55
ablate v2_scheme_matchup,2022,9,Allen Lazard,WR,14.77,15.15,18.7,0.38,3.55
ablate v2_pff_alignment_matchup,2023,5,Zay Jones,WR,7.75,7.75,11.3,0.0,3.55
ablate v2_scheme_matchup,2022,6,Alec Pierce,WR,10.35,10.35,13.9,0.0,3.55
ablate v2_pff_alignment_matchup,2025,18,Kayshon Boutte,WR,7.85,7.95,4.4,0.1,3.55
ablate v2_scheme_matchup,2024,15,Noah Fant,TE,7.29,8.05,4.5,0.76,3.55
ablate v2_scheme_matchup,2024,3,Jakobi Meyers,WR,17.65,17.65,21.2,0.0,3.55
ablate v2_pff_alignment_matchup,2022,9,Amon-Ra St. Brown,WR,13.9,13.04,9.5,-0.86,3.54
ablate v2_pff_alignment_matchup,2024,10,Josh Palmer,WR,8.71,8.14,4.6,-0.57,3.54
ablate v2_pff_alignment_matchup,2023,8,Tyler Boyd,WR,9.48,10.06,13.6,0.58,3.54
ablate v2_pff_alignment_matchup,2025,5,Harold Fannin Jr.,TE,7.76,7.76,11.3,0.0,3.54
ablate v2_scheme_matchup,2025,5,Harold Fannin Jr.,TE,7.76,7.76,11.3,0.0,3.54
ablate v2_scheme_matchup,2024,9,Amon-Ra St. Brown,WR,14.96,15.06,18.6,0.1,3.54
ablate v2_pff_alignment_matchup,2022,8,Christian Kirk,WR,9.77,10.54,7.0,0.77,3.54
ablate v2_scheme_matchup,2024,10,Josh Palmer,WR,8.71,8.14,4.6,-0.57,3.54
ablate v2_scheme_matchup,2022,8,Mike Evans,WR,14.96,14.77,18.3,-0.19,3.53
ablate v2_scheme_matchup,2024,8,Justin Jefferson,WR,23.32,23.03,19.5,-0.29,3.53
ablate v2_pff_alignment_matchup,2023,17,Nico Collins,WR,12.17,12.17,15.7,0.0,3.53
ablate v2_pff_alignment_matchup,2025,17,Mike Gesicki,TE,10.33,10.23,6.7,-0.1,3.53
ablate v2_scheme_matchup,2024,5,Erick All,TE,5.96,6.53,3.0,0.57,3.53
ablate v2_pff_alignment_matchup,2024,15,Deebo Samuel Sr.,WR,8.52,8.43,4.9,-0.09,3.53
ablate v2_scheme_matchup,2023,17,Nico Collins,WR,12.17,12.17,15.7,0.0,3.53
ablate v2_scheme_matchup,2022,17,Hunter Renfrow,WR,8.43,8.43,4.9,0.0,3.53
ablate v2_scheme_matchup,2022,10,DK Metcalf,WR,9.48,9.58,13.1,0.1,3.52
ablate v2_pff_alignment_matchup,2023,10,Rashid Shaheed,WR,11.12,10.92,7.4,-0.2,3.52
ablate v2_scheme_matchup,2024,8,Brenton Strange,TE,7.0,7.38,10.9,0.38,3.52
ablate v2_pff_alignment_matchup,2024,4,Jakobi Meyers,WR,13.71,13.42,9.9,-0.29,3.52
ablate v2_scheme_matchup,2022,3,Adam Thielen,WR,14.58,14.58,18.1,0.0,3.52
ablate v2_scheme_matchup,2023,12,Chris Godwin Jr.,WR,11.21,11.02,7.5,-0.19,3.52
ablate v2_pff_alignment_matchup,2025,12,Mack Hollins,WR,8.81,8.52,5.0,-0.29,3.52
ablate v2_scheme_matchup,2025,12,Mack Hollins,WR,8.81,8.52,5.0,-0.29,3.52
ablate v2_pff_alignment_matchup,2023,4,Evan Engram,TE,9.38,9.38,12.9,0.0,3.52
ablate v2_pff_alignment_matchup,2024,9,Tyler Lockett,WR,12.37,11.79,15.3,-0.58,3.51
ablate v2_pff_alignment_matchup,2025,3,Jonnu Smith,TE,9.28,8.81,5.3,-0.47,3.51
ablate v2_scheme_matchup,2024,17,Khalil Shakir,WR,8.91,9.0,5.5,0.09,3.5
ablate v2_scheme_matchup,2023,13,Garrett Wilson,WR,11.69,11.5,8.0,-0.19,3.5
ablate v2_pff_alignment_matchup,2023,12,Brandon Aiyuk,WR,17.46,16.5,13.0,-0.96,3.5
ablate v2_pff_alignment_matchup,2022,10,Courtland Sutton,WR,9.48,9.1,12.6,-0.38,3.5
ablate v2_scheme_matchup,2024,17,Amon-Ra St. Brown,WR,16.5,16.5,20.0,0.0,3.5
ablate v2_scheme_matchup,2025,18,Tetairoa McMillan,WR,8.91,9.0,12.5,0.09,3.5
ablate v2_scheme_matchup,2023,13,Jayden Reed,WR,9.0,9.1,5.6,0.1,3.5
ablate v2_pff_alignment_matchup,2024,7,Tucker Kraft,TE,8.05,8.81,12.3,0.76,3.49
ablate v2_scheme_matchup,2022,15,CeeDee Lamb,WR,16.11,16.21,19.7,0.1,3.49
ablate v2_scheme_matchup,2025,6,DJ Moore,WR,11.69,11.69,8.2,0.0,3.49
ablate v2_pff_alignment_matchup,2024,6,Jauan Jennings,WR,8.43,9.19,5.7,0.76,3.49
ablate v2_scheme_matchup,2024,13,Drake London,WR,13.9,13.81,17.3,-0.09,3.49
ablate v2_scheme_matchup,2023,11,Tyler Conklin,TE,7.76,7.29,3.8,-0.47,3.49
ablate v2_pff_alignment_matchup,2025,15,Christian Watson,WR,8.91,9.39,5.9,0.48,3.49
ablate v2_pff_alignment_matchup,2025,14,Keon Coleman,WR,6.98,7.08,3.6,0.1,3.48
ablate v2_scheme_matchup,2023,6,Garrett Wilson,WR,13.33,13.52,17.0,0.19,3.48
ablate v2_pff_alignment_matchup,2024,11,George Pickens,WR,14.29,13.42,16.9,-0.87,3.48
ablate v2_scheme_matchup,2023,16,Cooper Kupp,WR,14.0,14.38,10.9,0.38,3.48
ablate v2_pff_alignment_matchup,2023,16,Cooper Kupp,WR,14.0,14.38,10.9,0.38,3.48
ablate v2_pff_alignment_matchup,2023,7,Dawson Knox,TE,7.67,7.48,4.0,-0.19,3.48
ablate v2_pff_alignment_matchup,2022,14,Deebo Samuel Sr.,WR,10.25,10.92,14.4,0.67,3.48
ablate v2_scheme_matchup,2024,5,Keenan Allen,WR,9.77,9.77,6.3,0.0,3.47
ablate v2_pff_alignment_matchup,2024,12,CeeDee Lamb,WR,13.33,13.33,16.8,0.0,3.47
ablate v2_scheme_matchup,2024,12,George Pickens,WR,12.27,12.27,8.8,0.0,3.47
ablate v2_scheme_matchup,2024,6,Darius Slayton,WR,8.33,8.23,11.7,-0.1,3.47
ablate v2_pff_alignment_matchup,2024,9,Brian Thomas Jr.,WR,9.48,9.67,6.2,0.19,3.47
ablate v2_pff_alignment_matchup,2025,5,Cooper Kupp,WR,8.04,8.43,11.9,0.39,3.47
ablate v2_scheme_matchup,2022,11,Parris Campbell,WR,8.23,8.23,11.7,0.0,3.47
ablate v2_scheme_matchup,2022,9,Mike Evans,WR,12.27,12.46,9.0,0.19,3.46
ablate v2_scheme_matchup,2024,7,Kyle Pitts,TE,9.38,10.04,13.5,0.66,3.46
ablate v2_pff_alignment_matchup,2023,14,Jaxon Smith-Njigba,WR,9.19,9.96,6.5,0.77,3.46
ablate v2_scheme_matchup,2022,15,Jakobi Meyers,WR,10.06,10.16,6.7,0.1,3.46
ablate v2_scheme_matchup,2024,8,Evan Engram,TE,9.47,10.14,13.6,0.67,3.46
ablate v2_pff_alignment_matchup,2023,16,Tyreek Hill,WR,15.06,15.44,18.9,0.38,3.46
ablate v2_pff_alignment_matchup,2025,4,Mark Andrews,TE,13.46,13.46,10.0,0.0,3.46
ablate v2_scheme_matchup,2025,4,Mark Andrews,TE,13.46,13.46,10.0,0.0,3.46
ablate v2_scheme_matchup,2024,9,Jayden Reed,WR,12.65,12.85,16.3,0.2,3.45
ablate v2_scheme_matchup,2025,18,Kayshon Boutte,WR,7.85,7.85,4.4,0.0,3.45
ablate v2_pff_alignment_matchup,2022,15,Cole Kmet,TE,9.09,9.95,6.5,0.86,3.45
ablate v2_scheme_matchup,2025,4,Harold Fannin Jr.,TE,7.95,7.95,4.5,0.0,3.45
ablate v2_pff_alignment_matchup,2023,4,Courtland Sutton,WR,16.59,15.15,11.7,-1.44,3.45
ablate v2_pff_alignment_matchup,2023,5,Chris Olave,WR,12.46,12.65,9.2,0.19,3.45
ablate v2_scheme_matchup,2024,18,Alec Pierce,WR,10.16,10.25,13.7,0.09,3.45
ablate v2_scheme_matchup,2024,14,Drake London,WR,15.83,15.44,12.0,-0.39,3.44
ablate v2_scheme_matchup,2022,11,Michael Pittman,WR,10.06,10.06,13.5,0.0,3.44
ablate v2_pff_alignment_matchup,2022,9,Marcedes Lewis,TE,6.34,6.34,2.9,0.0,3.44
ablate v2_pff_alignment_matchup,2022,14,Christian Kirk,WR,12.56,12.94,9.5,0.38,3.44
ablate v2_scheme_matchup,2024,5,Andrei Iosivas,WR,8.52,8.33,4.9,-0.19,3.43
ablate v2_pff_alignment_matchup,2024,3,Brandon Aiyuk,WR,15.15,13.23,9.8,-1.92,3.43
ablate v2_scheme_matchup,2022,8,Michael Pittman,WR,15.73,15.73,12.3,0.0,3.43
ablate v2_pff_alignment_matchup,2024,17,Pat Freiermuth,TE,7.95,7.57,11.0,-0.38,3.43
ablate v2_scheme_matchup,2024,17,Marvin Harrison Jr.,WR,12.17,12.17,15.6,0.0,3.43
ablate v2_scheme_matchup,2024,4,Jakobi Meyers,WR,13.71,13.33,9.9,-0.38,3.43
ablate v2_pff_alignment_matchup,2023,13,Jonnu Smith,TE,6.24,6.43,3.0,0.19,3.43
ablate v2_scheme_matchup,2022,10,Travis Kelce,TE,23.06,23.53,20.1,0.47,3.43
ablate v2_scheme_matchup,2022,10,Tyler Lockett,WR,9.67,9.77,13.2,0.1,3.43
ablate v2_pff_alignment_matchup,2024,17,Marvin Harrison Jr.,WR,12.17,12.17,15.6,0.0,3.43
ablate v2_scheme_matchup,2025,11,Rashee Rice,WR,12.85,13.23,9.8,0.38,3.43
ablate v2_pff_alignment_matchup,2024,18,Ja'Marr Chase,WR,21.88,22.17,25.6,0.29,3.43
ablate v2_pff_alignment_matchup,2022,17,Garrett Wilson,WR,8.04,8.23,4.8,0.19,3.43
ablate v2_pff_alignment_matchup,2025,4,Davante Adams,WR,11.69,12.17,15.6,0.48,3.43
ablate v2_scheme_matchup,2024,5,Zach Ertz,TE,6.53,6.43,3.0,-0.1,3.43
ablate v2_pff_alignment_matchup,2024,8,Mark Andrews,TE,11.18,11.18,14.6,0.0,3.42
ablate v2_scheme_matchup,2022,15,Van Jefferson,WR,8.62,8.62,5.2,0.0,3.42
ablate v2_scheme_matchup,2024,8,Mark Andrews,TE,11.18,11.18,14.6,0.0,3.42
ablate v2_pff_alignment_matchup,2023,9,Logan Thomas,TE,10.9,10.52,7.1,-0.38,3.42
ablate v2_scheme_matchup,2025,14,DeVonta Smith,WR,10.35,11.12,7.7,0.77,3.42
ablate v2_scheme_matchup,2023,9,Foster Moreau,TE,6.81,6.72,3.3,-0.09,3.42
ablate v2_pff_alignment_matchup,2022,12,Tyreek Hill,WR,18.13,18.42,15.0,0.29,3.42
ablate v2_pff_alignment_matchup,2022,16,Cade Otton,TE,7.38,6.62,3.2,-0.76,3.42
ablate v2_pff_alignment_matchup,2024,9,Keon Coleman,WR,9.0,8.52,5.1,-0.48,3.42
ablate v2_scheme_matchup,2023,5,Jonnu Smith,TE,7.48,7.29,10.7,-0.19,3.41
ablate v2_scheme_matchup,2024,4,Jalen Tolbert,WR,8.71,8.81,5.4,0.1,3.41
ablate v2_scheme_matchup,2024,17,Jalen Coker,WR,8.91,8.91,5.5,0.0,3.41
ablate v2_scheme_matchup,2024,6,Jaxon Smith-Njigba,WR,13.62,13.71,10.3,0.09,3.41
ablate v2_scheme_matchup,2025,6,Jakobi Meyers,WR,11.4,11.31,7.9,-0.09,3.41
ablate v2_pff_alignment_matchup,2023,4,Jahan Dotson,WR,9.48,9.29,12.7,-0.19,3.41
ablate v2_pff_alignment_matchup,2024,17,Jalen Coker,WR,8.91,8.91,5.5,0.0,3.41
ablate v2_pff_alignment_matchup,2024,8,Deebo Samuel Sr.,WR,9.29,9.19,12.6,-0.1,3.41
ablate v2_pff_alignment_matchup,2024,14,Mike Gesicki,TE,8.33,8.81,5.4,0.48,3.41
ablate v2_pff_alignment_matchup,2025,10,Khalil Shakir,WR,8.81,9.39,12.8,0.58,3.41
ablate v2_scheme_matchup,2023,3,DeAndre Hopkins,WR,11.12,11.21,7.8,0.09,3.41
ablate v2_scheme_matchup,2022,5,DJ Moore,WR,14.0,14.1,10.7,0.1,3.4
ablate v2_pff_alignment_matchup,2023,10,Dalton Kincaid,TE,13.65,12.7,16.1,-0.95,3.4
ablate v2_scheme_matchup,2024,8,Brian Thomas Jr.,WR,11.89,11.6,15.0,-0.29,3.4
ablate v2_pff_alignment_matchup,2025,18,Tetairoa McMillan,WR,8.91,9.1,12.5,0.19,3.4
ablate v2_pff_alignment_matchup,2024,13,Drake London,WR,13.9,13.9,17.3,0.0,3.4
ablate v2_scheme_matchup,2024,5,George Pickens,WR,9.0,9.0,5.6,0.0,3.4
ablate v2_scheme_matchup,2023,9,Gerald Everett,TE,7.1,7.19,3.8,0.09,3.39
ablate v2_pff_alignment_matchup,2022,9,Jaylen Waddle,WR,16.11,16.11,19.5,0.0,3.39
ablate v2_pff_alignment_matchup,2024,7,Travis Kelce,TE,9.0,9.09,5.7,0.09,3.39
ablate v2_scheme_matchup,2023,14,DK Metcalf,WR,16.31,16.59,13.2,0.28,3.39
ablate v2_scheme_matchup,2023,3,DK Metcalf,WR,13.81,13.81,17.2,0.0,3.39
ablate v2_pff_alignment_matchup,2024,6,Sam LaPorta,TE,8.33,8.81,12.2,0.48,3.39
ablate v2_scheme_matchup,2022,9,Jaylen Waddle,WR,16.11,16.11,19.5,0.0,3.39
ablate v2_pff_alignment_matchup,2025,15,Jordan Addison,WR,12.37,11.98,8.6,-0.39,3.38
ablate v2_scheme_matchup,2022,10,George Pickens,WR,11.31,11.12,14.5,-0.19,3.38
ablate v2_scheme_matchup,2022,5,Tyler Higbee,TE,15.55,14.98,11.6,-0.57,3.38
ablate v2_pff_alignment_matchup,2023,10,Kyle Pitts,TE,9.09,9.38,6.0,0.29,3.38
ablate v2_scheme_matchup,2025,9,Chris Olave,WR,11.98,12.08,8.7,0.1,3.38
ablate v2_scheme_matchup,2024,13,Marvin Harrison Jr.,WR,13.62,13.62,17.0,0.0,3.38
ablate v2_pff_alignment_matchup,2024,13,Marvin Harrison Jr.,WR,13.62,13.62,17.0,0.0,3.38
ablate v2_pff_alignment_matchup,2024,8,Malik Nabers,WR,10.73,10.73,14.1,0.0,3.37
ablate v2_scheme_matchup,2022,16,Darren Waller,TE,6.34,6.43,9.8,0.09,3.37
ablate v2_pff_alignment_matchup,2023,10,Jerry Jeudy,WR,10.44,9.87,6.5,-0.57,3.37
ablate v2_pff_alignment_matchup,2022,11,A.J. Brown,WR,12.56,12.37,9.0,-0.19,3.37
ablate v2_scheme_matchup,2024,8,Malik Nabers,WR,10.73,10.73,14.1,0.0,3.37
ablate v2_pff_alignment_matchup,2024,14,DK Metcalf,WR,11.69,12.27,8.9,0.58,3.37
ablate v2_scheme_matchup,2022,3,Pat Freiermuth,TE,10.23,9.47,6.1,-0.76,3.37
ablate v2_pff_alignment_matchup,2023,8,Christian Watson,WR,9.87,9.67,6.3,-0.2,3.37
ablate v2_scheme_matchup,2025,9,Tre Tucker,WR,10.92,10.16,6.8,-0.76,3.36
ablate v2_pff_alignment_matchup,2025,9,AJ Barner,TE,8.52,8.14,11.5,-0.38,3.36
ablate v2_scheme_matchup,2025,14,Cooper Kupp,WR,7.95,8.14,11.5,0.19,3.36
ablate v2_scheme_matchup,2024,10,Tyreek Hill,WR,15.15,15.06,11.7,-0.09,3.36
ablate v2_scheme_matchup,2022,16,A.J. Brown,WR,13.23,12.94,16.3,-0.29,3.36
ablate v2_pff_alignment_matchup,2023,10,Trey Palmer,WR,7.85,7.46,4.1,-0.39,3.36
ablate v2_scheme_matchup,2024,3,Jaylen Waddle,WR,10.06,9.96,6.6,-0.1,3.36
ablate v2_scheme_matchup,2025,13,Ladd McConkey,WR,10.25,10.54,13.9,0.29,3.36
ablate v2_scheme_matchup,2023,11,Ja'Marr Chase,WR,12.46,12.56,9.2,0.1,3.36
ablate v2_scheme_matchup,2023,18,DJ Chark,WR,8.14,7.95,4.6,-0.19,3.35
ablate v2_scheme_matchup,2022,7,Donovan Peoples-Jones,WR,7.75,7.75,11.1,0.0,3.35
ablate v2_pff_alignment_matchup,2022,7,Donovan Peoples-Jones,WR,7.75,7.75,11.1,0.0,3.35
ablate v2_pff_alignment_matchup,2024,11,DJ Moore,WR,9.67,10.35,13.7,0.68,3.35
ablate v2_pff_alignment_matchup,2022,14,DeVante Parker,WR,7.66,7.75,4.4,0.09,3.35
ablate v2_scheme_matchup,2024,17,Jauan Jennings,WR,10.25,10.35,13.7,0.1,3.35
ablate v2_pff_alignment_matchup,2022,13,Cole Kmet,TE,9.47,9.85,13.2,0.38,3.35
ablate v2_pff_alignment_matchup,2023,18,Isaiah Likely,TE,7.76,7.76,11.1,0.0,3.34
ablate v2_pff_alignment_matchup,2023,12,Ja'Marr Chase,WR,15.34,15.44,12.1,0.1,3.34
ablate v2_scheme_matchup,2024,15,Khalil Shakir,WR,12.17,12.56,15.9,0.39,3.34
ablate v2_scheme_matchup,2023,12,Ja'Marr Chase,WR,15.34,15.44,12.1,0.1,3.34
ablate v2_pff_alignment_matchup,2023,16,Tyler Boyd,WR,7.75,7.56,10.9,-0.19,3.34
ablate v2_scheme_matchup,2023,18,Isaiah Likely,TE,7.76,7.76,11.1,0.0,3.34
ablate v2_scheme_matchup,2022,3,Josh Palmer,WR,12.56,12.56,15.9,0.0,3.34
ablate v2_scheme_matchup,2024,10,Ladd McConkey,WR,11.31,10.54,7.2,-0.77,3.34
ablate v2_scheme_matchup,2025,16,Jake Ferguson,TE,8.33,8.24,4.9,-0.09,3.34
ablate v2_pff_alignment_matchup,2024,6,Tyler Boyd,WR,8.33,8.23,4.9,-0.1,3.33
ablate v2_scheme_matchup,2025,13,DeVonta Smith,WR,12.94,13.13,9.8,0.19,3.33
ablate v2_pff_alignment_matchup,2023,6,Cooper Kupp,WR,25.92,24.47,27.8,-1.45,3.33
ablate v2_scheme_matchup,2024,12,DK Metcalf,WR,13.13,13.23,9.9,0.1,3.33
ablate v2_pff_alignment_matchup,2022,8,Michael Pittman,WR,15.73,15.63,12.3,-0.1,3.33
ablate v2_scheme_matchup,2023,11,Evan Engram,TE,10.04,10.23,6.9,0.19,3.33
ablate v2_scheme_matchup,2024,10,Rome Odunze,WR,8.43,8.62,5.3,0.19,3.32
ablate v2_scheme_matchup,2025,7,Marvin Harrison Jr.,WR,11.12,11.12,7.8,0.0,3.32
ablate v2_pff_alignment_matchup,2023,11,Tyler Lockett,WR,13.33,13.42,10.1,0.09,3.32
ablate v2_scheme_matchup,2024,13,Tee Higgins,WR,14.67,14.58,17.9,-0.09,3.32
ablate v2_pff_alignment_matchup,2023,17,Rashee Rice,WR,14.67,14.38,17.7,-0.29,3.32
ablate v2_scheme_matchup,2024,9,Keenan Allen,WR,11.02,10.92,7.6,-0.1,3.32
ablate v2_scheme_matchup,2023,16,Darren Waller,TE,8.43,8.52,5.2,0.09,3.32
ablate v2_pff_alignment_matchup,2025,7,Marvin Harrison Jr.,WR,11.12,11.12,7.8,0.0,3.32
ablate v2_pff_alignment_matchup,2024,9,Keenan Allen,WR,11.02,10.92,7.6,-0.1,3.32
ablate v2_scheme_matchup,2025,7,Zach Ertz,TE,9.38,9.38,12.7,0.0,3.32
ablate v2_scheme_matchup,2025,10,Deebo Samuel Sr.,WR,9.39,9.58,12.9,0.19,3.32
ablate v2_scheme_matchup,2025,12,Xavier Legette,WR,8.62,8.52,5.2,-0.1,3.32
ablate v2_pff_alignment_matchup,2024,17,A.J. Brown,WR,16.21,15.92,12.6,-0.29,3.32
ablate v2_scheme_matchup,2023,8,Darnell Mooney,WR,8.71,8.71,5.4,0.0,3.31
ablate v2_scheme_matchup,2022,4,Robbie Chosen,WR,8.91,8.91,5.6,0.0,3.31
ablate v2_scheme_matchup,2022,8,Cade Otton,TE,6.91,6.81,3.5,-0.1,3.31
ablate v2_pff_alignment_matchup,2022,4,Robbie Chosen,WR,8.91,8.91,5.6,0.0,3.31
ablate v2_pff_alignment_matchup,2022,6,Tyler Boyd,WR,8.81,9.29,12.6,0.48,3.31
ablate v2_pff_alignment_matchup,2025,5,Tyler Warren,TE,10.61,11.09,14.4,0.48,3.31
ablate v2_pff_alignment_matchup,2024,10,Cooper Kupp,WR,12.08,11.69,15.0,-0.39,3.31
ablate v2_scheme_matchup,2025,8,George Pickens,WR,11.21,11.5,14.8,0.29,3.3
ablate v2_pff_alignment_matchup,2023,4,Noah Gray,TE,6.91,7.1,10.4,0.19,3.3
ablate v2_pff_alignment_matchup,2025,10,Isaiah Likely,TE,7.0,7.0,3.7,0.0,3.3
ablate v2_scheme_matchup,2025,5,Amon-Ra St. Brown,WR,21.98,21.3,18.0,-0.68,3.3
ablate v2_pff_alignment_matchup,2025,3,Jaylen Waddle,WR,11.12,11.6,14.9,0.48,3.3
ablate v2_pff_alignment_matchup,2023,14,Diontae Johnson,WR,10.83,11.4,14.7,0.57,3.3
ablate v2_pff_alignment_matchup,2024,17,Darnell Mooney,WR,8.91,9.0,5.7,0.09,3.3
ablate v2_scheme_matchup,2025,17,Jake Ferguson,TE,10.9,10.9,7.6,0.0,3.3
ablate v2_scheme_matchup,2023,11,Rashee Rice,WR,11.69,11.5,8.2,-0.19,3.3
ablate v2_scheme_matchup,2024,16,Ray-Ray McCloud,WR,8.62,9.0,5.7,0.38,3.3
ablate v2_scheme_matchup,2022,6,George Pickens,WR,9.1,9.1,5.8,0.0,3.3
ablate v2_pff_alignment_matchup,2022,15,Mike Williams,WR,14.96,14.0,10.7,-0.96,3.3
ablate v2_pff_alignment_matchup,2025,5,Amon-Ra St. Brown,WR,21.98,21.3,18.0,-0.68,3.3
ablate v2_scheme_matchup,2025,10,Isaiah Likely,TE,7.0,7.0,3.7,0.0,3.3
ablate v2_pff_alignment_matchup,2023,18,Colby Parkinson,TE,6.81,7.1,3.8,0.29,3.3
ablate v2_pff_alignment_matchup,2024,15,Trey McBride,TE,14.41,14.41,17.7,0.0,3.29
ablate v2_pff_alignment_matchup,2022,3,Evan Engram,TE,6.53,7.19,3.9,0.66,3.29
ablate v2_scheme_matchup,2022,6,Diontae Johnson,WR,11.89,11.89,8.6,0.0,3.29
ablate v2_pff_alignment_matchup,2025,3,Emeka Egbuka,WR,11.89,11.21,14.5,-0.68,3.29
ablate v2_pff_alignment_matchup,2025,13,Romeo Doubs,WR,9.0,8.71,12.0,-0.29,3.29
ablate v2_scheme_matchup,2024,15,Trey McBride,TE,14.41,14.41,17.7,0.0,3.29
ablate v2_scheme_matchup,2024,9,Brian Thomas Jr.,WR,9.48,9.48,6.2,0.0,3.28
ablate v2_scheme_matchup,2022,17,Noah Fant,TE,9.0,9.28,6.0,0.28,3.28
ablate v2_scheme_matchup,2025,4,Rome Odunze,WR,13.62,13.62,16.9,0.0,3.28
ablate v2_pff_alignment_matchup,2025,14,Andrei Iosivas,WR,7.27,6.98,3.7,-0.29,3.28
ablate v2_scheme_matchup,2025,3,Kyle Pitts,TE,10.71,11.18,7.9,0.47,3.28
ablate v2_pff_alignment_matchup,2025,11,Drake London,WR,15.34,15.63,18.9,0.29,3.27
ablate v2_scheme_matchup,2024,15,Jake Ferguson,TE,7.19,7.57,4.3,0.38,3.27
ablate v2_pff_alignment_matchup,2022,11,Parris Campbell,WR,8.23,8.43,11.7,0.2,3.27
ablate v2_scheme_matchup,2025,4,Hunter Henry,TE,14.89,15.17,11.9,0.28,3.27
ablate v2_pff_alignment_matchup,2022,15,Ja'Marr Chase,WR,14.96,15.73,19.0,0.77,3.27
ablate v2_pff_alignment_matchup,2025,16,Mike Evans,WR,10.64,10.83,14.1,0.19,3.27
ablate v2_pff_alignment_matchup,2023,11,Jake Ferguson,TE,10.8,9.47,6.2,-1.33,3.27
ablate v2_pff_alignment_matchup,2025,10,Christian Watson,WR,10.16,9.77,6.5,-0.39,3.27
ablate v2_scheme_matchup,2022,16,Romeo Doubs,WR,9.87,9.87,6.6,0.0,3.27
ablate v2_pff_alignment_matchup,2022,16,Romeo Doubs,WR,9.87,9.87,6.6,0.0,3.27
ablate v2_pff_alignment_matchup,2025,3,Jalen Nailor,WR,11.21,9.96,6.7,-1.25,3.26
ablate v2_scheme_matchup,2023,15,Michael Pittman,WR,14.86,15.06,11.8,0.2,3.26
ablate v2_pff_alignment_matchup,2022,3,Dawson Knox,TE,9.57,9.76,6.5,0.19,3.26
ablate v2_scheme_matchup,2025,3,Trey McBride,TE,12.04,12.04,15.3,0.0,3.26
ablate v2_scheme_matchup,2023,8,George Pickens,WR,12.27,12.46,9.2,0.19,3.26
ablate v2_pff_alignment_matchup,2023,14,Chig Okonkwo,TE,7.1,6.34,9.6,-0.76,3.26
ablate v2_scheme_matchup,2023,14,Cade Otton,TE,6.05,6.34,9.6,0.29,3.26
ablate v2_pff_alignment_matchup,2024,17,Jauan Jennings,WR,10.25,10.44,13.7,0.19,3.26
ablate v2_scheme_matchup,2023,5,Chris Olave,WR,12.46,12.46,9.2,0.0,3.26
ablate v2_pff_alignment_matchup,2025,9,Tre Tucker,WR,10.92,10.06,6.8,-0.86,3.26
ablate v2_pff_alignment_matchup,2025,3,Trey McBride,TE,12.04,12.04,15.3,0.0,3.26
ablate v2_scheme_matchup,2024,11,Brian Thomas Jr.,WR,10.06,10.35,13.6,0.29,3.25
ablate v2_scheme_matchup,2025,17,Colby Parkinson,TE,8.71,8.05,11.3,-0.66,3.25
ablate v2_scheme_matchup,2023,11,DeVonta Smith,WR,12.37,12.65,15.9,0.28,3.25
ablate v2_pff_alignment_matchup,2023,6,DeVonta Smith,WR,12.65,12.65,9.4,0.0,3.25
ablate v2_scheme_matchup,2022,5,Ja'Marr Chase,WR,15.25,15.25,12.0,0.0,3.25
ablate v2_pff_alignment_matchup,2022,14,DK Metcalf,WR,15.15,14.86,18.1,-0.29,3.24
ablate v2_scheme_matchup,2022,10,Josh Palmer,WR,10.54,10.64,7.4,0.1,3.24
ablate v2_scheme_matchup,2024,6,Tyler Boyd,WR,8.33,8.14,4.9,-0.19,3.24
ablate v2_scheme_matchup,2024,17,DK Metcalf,WR,10.44,10.44,7.2,0.0,3.24
ablate v2_scheme_matchup,2024,17,Davante Adams,WR,13.04,12.94,9.7,-0.1,3.24
ablate v2_pff_alignment_matchup,2022,10,Josh Palmer,WR,10.54,10.64,7.4,0.1,3.24
ablate v2_pff_alignment_matchup,2024,12,Tyreek Hill,WR,13.23,13.04,9.8,-0.19,3.24
ablate v2_scheme_matchup,2022,14,George Kittle,TE,10.04,10.04,6.8,0.0,3.24
ablate v2_pff_alignment_matchup,2025,14,Trey McBride,TE,14.03,14.03,10.8,0.0,3.23
ablate v2_scheme_matchup,2025,14,Trey McBride,TE,14.03,14.03,10.8,0.0,3.23
ablate v2_pff_alignment_matchup,2025,12,Xavier Legette,WR,8.62,8.43,5.2,-0.19,3.23
ablate v2_pff_alignment_matchup,2022,9,Chris Olave,WR,10.06,9.87,13.1,-0.19,3.23
ablate v2_scheme_matchup,2022,10,Allen Lazard,WR,10.92,10.73,7.5,-0.19,3.23
ablate v2_scheme_matchup,2022,16,Tyler Boyd,WR,8.33,8.33,5.1,0.0,3.23
ablate v2_scheme_matchup,2025,9,Noah Fant,TE,7.19,7.57,10.8,0.38,3.23
ablate v2_scheme_matchup,2023,8,Van Jefferson,WR,8.62,8.62,5.4,0.0,3.22
ablate v2_pff_alignment_matchup,2024,3,Chig Okonkwo,TE,6.24,6.72,3.5,0.48,3.22
ablate v2_pff_alignment_matchup,2022,6,Irv Smith,TE,7.86,7.48,10.7,-0.38,3.22
ablate v2_scheme_matchup,2023,10,Jake Ferguson,TE,9.38,9.38,12.6,0.0,3.22
ablate v2_pff_alignment_matchup,2023,15,Ja'Marr Chase,WR,13.33,13.62,10.4,0.29,3.22
ablate v2_pff_alignment_matchup,2022,18,Dalton Schultz,TE,10.23,10.52,7.3,0.29,3.22
ablate v2_scheme_matchup,2023,17,Rashee Rice,WR,14.67,14.48,17.7,-0.19,3.22
ablate v2_scheme_matchup,2022,3,Courtland Sutton,WR,13.81,14.48,17.7,0.67,3.22
ablate v2_scheme_matchup,2023,4,Jahan Dotson,WR,9.48,9.48,12.7,0.0,3.22
ablate v2_scheme_matchup,2022,8,Juwan Johnson,TE,6.81,6.62,3.4,-0.19,3.22
ablate v2_pff_alignment_matchup,2022,8,Juwan Johnson,TE,6.81,6.62,3.4,-0.19,3.22
ablate v2_pff_alignment_matchup,2023,10,Jake Ferguson,TE,9.38,9.38,12.6,0.0,3.22
ablate v2_pff_alignment_matchup,2023,5,Jonnu Smith,TE,7.48,7.48,10.7,0.0,3.22
ablate v2_pff_alignment_matchup,2025,3,Quentin Johnston,WR,11.12,11.69,14.9,0.57,3.21
ablate v2_pff_alignment_matchup,2025,6,Romeo Doubs,WR,12.75,13.71,10.5,0.96,3.21
ablate v2_scheme_matchup,2022,7,Robert Woods,WR,8.81,8.81,5.6,0.0,3.21
ablate v2_pff_alignment_matchup,2022,9,Hunter Renfrow,WR,9.0,8.81,5.6,-0.19,3.21
ablate v2_pff_alignment_matchup,2025,5,Chris Olave,WR,14.38,16.11,12.9,1.73,3.21
ablate v2_scheme_matchup,2024,17,Darnell Mooney,WR,8.91,8.91,5.7,0.0,3.21
ablate v2_scheme_matchup,2024,5,Diontae Johnson,WR,9.1,9.1,5.9,0.0,3.2
ablate v2_scheme_matchup,2023,18,Tyler Lockett,WR,13.52,13.9,17.1,0.38,3.2
ablate v2_scheme_matchup,2025,8,Keenan Allen,WR,11.6,11.6,8.4,0.0,3.2
ablate v2_pff_alignment_matchup,2023,5,Zay Flowers,WR,9.1,9.1,12.3,0.0,3.2
ablate v2_scheme_matchup,2023,5,Dalton Kincaid,TE,6.43,7.1,3.9,0.67,3.2
ablate v2_pff_alignment_matchup,2025,8,Keenan Allen,WR,11.6,11.6,8.4,0.0,3.2
ablate v2_pff_alignment_matchup,2025,14,Courtland Sutton,WR,9.19,9.0,12.2,-0.19,3.2
ablate v2_scheme_matchup,2024,14,Will Dissly,TE,6.53,7.1,3.9,0.57,3.2
ablate v2_pff_alignment_matchup,2024,5,Diontae Johnson,WR,9.1,9.1,5.9,0.0,3.2
ablate v2_scheme_matchup,2023,5,Zay Flowers,WR,9.1,9.1,12.3,0.0,3.2
ablate v2_pff_alignment_matchup,2022,5,Cooper Kupp,WR,26.11,29.09,25.9,2.98,3.19
ablate v2_pff_alignment_matchup,2025,14,Michael Pittman,WR,13.71,13.71,16.9,0.0,3.19
ablate v2_pff_alignment_matchup,2023,5,Jahan Dotson,WR,9.0,9.19,6.0,0.19,3.19
ablate v2_pff_alignment_matchup,2022,15,Tyreek Hill,WR,19.19,18.71,21.9,-0.48,3.19
ablate v2_scheme_matchup,2024,15,Josh Downs,WR,9.29,9.39,6.2,0.1,3.19
ablate v2_scheme_matchup,2022,14,Gabe Davis,WR,9.29,9.29,6.1,0.0,3.19
ablate v2_pff_alignment_matchup,2025,9,Chris Olave,WR,11.98,11.89,8.7,-0.09,3.19
ablate v2_scheme_matchup,2023,4,Calvin Ridley,WR,8.62,8.62,11.8,0.0,3.18
ablate v2_pff_alignment_matchup,2023,13,A.T. Perry,WR,6.98,7.18,4.0,0.2,3.18
ablate v2_scheme_matchup,2024,5,Demarcus Robinson,WR,8.71,8.62,11.8,-0.09,3.18
ablate v2_pff_alignment_matchup,2024,15,Jake Ferguson,TE,7.19,7.48,4.3,0.29,3.18
ablate v2_pff_alignment_matchup,2025,6,DeVonta Smith,WR,11.98,12.08,8.9,0.1,3.18
ablate v2_pff_alignment_matchup,2024,12,George Pickens,WR,12.27,11.98,8.8,-0.29,3.18
ablate v2_scheme_matchup,2025,9,Jake Ferguson,TE,10.61,11.18,8.0,0.57,3.18
ablate v2_pff_alignment_matchup,2022,6,Donovan Peoples-Jones,WR,8.43,8.43,11.6,0.0,3.17
ablate v2_pff_alignment_matchup,2025,13,Ladd McConkey,WR,10.25,10.73,13.9,0.48,3.17
ablate v2_scheme_matchup,2023,4,Dallas Goedert,TE,7.48,7.67,4.5,0.19,3.17
ablate v2_pff_alignment_matchup,2022,12,Brandon Aiyuk,WR,14.38,14.67,11.5,0.29,3.17
ablate v2_pff_alignment_matchup,2022,6,Alec Pierce,WR,10.35,10.73,13.9,0.38,3.17
ablate v2_scheme_matchup,2022,6,Donovan Peoples-Jones,WR,8.43,8.43,11.6,0.0,3.17
ablate v2_pff_alignment_matchup,2022,5,Hunter Renfrow,WR,9.67,9.67,6.5,0.0,3.17
ablate v2_scheme_matchup,2023,6,DeVonta Smith,WR,12.65,12.56,9.4,-0.09,3.16
ablate v2_pff_alignment_matchup,2023,16,Rashee Rice,WR,14.19,14.86,11.7,0.67,3.16
ablate v2_scheme_matchup,2022,14,DeVante Parker,WR,7.66,7.56,4.4,-0.1,3.16
ablate v2_pff_alignment_matchup,2024,11,Brian Thomas Jr.,WR,10.06,10.44,13.6,0.38,3.16
ablate v2_pff_alignment_matchup,2023,11,Jahan Dotson,WR,8.43,8.14,11.3,-0.29,3.16
ablate v2_scheme_matchup,2024,8,Cooper Kupp,WR,13.04,12.94,16.1,-0.1,3.16
ablate v2_scheme_matchup,2024,11,DeVonta Smith,WR,10.06,10.06,6.9,0.0,3.16
ablate v2_scheme_matchup,2022,5,Hunter Henry,TE,6.53,6.24,9.4,-0.29,3.16
ablate v2_pff_alignment_matchup,2024,5,Zach Ertz,TE,6.53,6.15,3.0,-0.38,3.15
ablate v2_pff_alignment_matchup,2022,11,Michael Pittman,WR,10.06,10.35,13.5,0.29,3.15
ablate v2_scheme_matchup,2024,5,Gabe Davis,WR,8.23,7.95,4.8,-0.28,3.15
ablate v2_scheme_matchup,2023,13,Jonnu Smith,TE,6.24,6.15,3.0,-0.09,3.15
ablate v2_scheme_matchup,2023,16,Tyler Boyd,WR,7.75,7.75,10.9,0.0,3.15
ablate v2_pff_alignment_matchup,2022,9,Hunter Henry,TE,5.86,5.86,9.0,0.0,3.14
ablate v2_scheme_matchup,2023,4,Evan Engram,TE,9.38,9.76,12.9,0.38,3.14
ablate v2_scheme_matchup,2022,9,Chris Olave,WR,10.06,9.96,13.1,-0.1,3.14
ablate v2_scheme_matchup,2024,10,Amon-Ra St. Brown,WR,14.67,14.86,18.0,0.19,3.14
ablate v2_scheme_matchup,2022,8,Mike Gesicki,TE,10.04,9.66,12.8,-0.38,3.14
ablate v2_pff_alignment_matchup,2022,10,DK Metcalf,WR,9.48,9.96,13.1,0.48,3.14
ablate v2_pff_alignment_matchup,2022,17,Hunter Renfrow,WR,8.43,8.04,4.9,-0.39,3.14
ablate v2_pff_alignment_matchup,2024,15,Adam Thielen,WR,13.04,13.23,10.1,0.19,3.13
ablate v2_pff_alignment_matchup,2023,5,Michael Pittman,WR,13.81,13.33,10.2,-0.48,3.13
ablate v2_scheme_matchup,2025,3,George Pickens,WR,14.29,14.67,17.8,0.38,3.13
ablate v2_scheme_matchup,2023,15,Dallas Goedert,TE,9.85,10.23,7.1,0.38,3.13
ablate v2_scheme_matchup,2023,8,Jerry Jeudy,WR,9.87,9.87,13.0,0.0,3.13
ablate v2_scheme_matchup,2023,11,David Njoku,TE,9.47,9.47,12.6,0.0,3.13
ablate v2_scheme_matchup,2024,15,Adam Thielen,WR,13.04,13.23,10.1,0.19,3.13
ablate v2_pff_alignment_matchup,2025,14,DeVonta Smith,WR,10.35,10.83,7.7,0.48,3.13
ablate v2_scheme_matchup,2022,16,Josh Reynolds,WR,8.23,8.23,5.1,0.0,3.13
ablate v2_pff_alignment_matchup,2024,13,Tee Higgins,WR,14.67,14.77,17.9,0.1,3.13
ablate v2_scheme_matchup,2025,11,Tee Higgins,WR,12.46,12.17,15.3,-0.29,3.13
ablate v2_pff_alignment_matchup,2024,8,Ja'Marr Chase,WR,16.88,17.27,20.4,0.39,3.13
ablate v2_pff_alignment_matchup,2023,11,David Njoku,TE,9.47,9.47,12.6,0.0,3.13
ablate v2_pff_alignment_matchup,2022,8,Stefon Diggs,WR,21.01,19.67,22.8,-1.34,3.13
ablate v2_scheme_matchup,2025,4,DJ Moore,WR,10.92,10.92,7.8,0.0,3.12
ablate v2_pff_alignment_matchup,2022,12,CeeDee Lamb,WR,14.58,14.58,17.7,0.0,3.12
ablate v2_pff_alignment_matchup,2024,17,Khalil Shakir,WR,8.91,8.62,5.5,-0.29,3.12
ablate v2_pff_alignment_matchup,2022,9,Allen Robinson,WR,7.66,8.52,5.4,0.86,3.12
ablate v2_pff_alignment_matchup,2024,10,Drake London,WR,14.77,14.58,17.7,-0.19,3.12
ablate v2_scheme_matchup,2023,14,Courtland Sutton,WR,12.46,12.08,15.2,-0.38,3.12
ablate v2_scheme_matchup,2024,8,Deebo Samuel Sr.,WR,9.29,9.48,12.6,0.19,3.12
ablate v2_pff_alignment_matchup,2023,8,Drake London,WR,15.44,13.62,10.5,-1.82,3.12
ablate v2_scheme_matchup,2023,4,Josh Downs,WR,8.62,8.52,5.4,-0.1,3.12
ablate v2_pff_alignment_matchup,2023,14,Courtland Sutton,WR,12.46,12.08,15.2,-0.38,3.12
ablate v2_scheme_matchup,2025,12,Tyler Warren,TE,12.61,12.61,9.5,0.0,3.11
ablate v2_pff_alignment_matchup,2023,17,Romeo Doubs,WR,8.71,8.91,5.8,0.2,3.11
ablate v2_pff_alignment_matchup,2024,13,Puka Nacua,WR,14.29,14.19,17.3,-0.1,3.11
ablate v2_pff_alignment_matchup,2023,14,DK Metcalf,WR,16.31,16.31,13.2,0.0,3.11
ablate v2_scheme_matchup,2023,4,Noah Gray,TE,6.91,7.29,10.4,0.38,3.11
ablate v2_scheme_matchup,2022,9,Hunter Renfrow,WR,9.0,8.71,5.6,-0.29,3.11
ablate v2_pff_alignment_matchup,2025,10,Dalton Kincaid,TE,9.57,8.81,5.7,-0.76,3.11
ablate v2_scheme_matchup,2023,18,Colby Parkinson,TE,6.81,6.91,3.8,0.1,3.11
ablate v2_pff_alignment_matchup,2023,3,DK Metcalf,WR,13.81,14.1,17.2,0.29,3.1
ablate v2_pff_alignment_matchup,2022,9,DK Metcalf,WR,11.89,11.6,14.7,-0.29,3.1
ablate v2_scheme_matchup,2025,7,CeeDee Lamb,WR,18.8,18.9,22.0,0.1,3.1
ablate v2_pff_alignment_matchup,2025,6,Cade Otton,TE,6.91,7.0,10.1,0.09,3.1
ablate v2_pff_alignment_matchup,2023,8,Curtis Samuel,WR,9.1,9.29,6.2,0.19,3.09
ablate v2_scheme_matchup,2022,7,Zach Ertz,TE,9.19,9.19,6.1,0.0,3.09
ablate v2_pff_alignment_matchup,2022,7,Zach Ertz,TE,9.19,9.19,6.1,0.0,3.09
ablate v2_pff_alignment_matchup,2024,15,Ladd McConkey,WR,13.9,13.71,16.8,-0.19,3.09
ablate v2_pff_alignment_matchup,2023,6,Mike Evans,WR,11.98,11.98,8.9,0.0,3.08
ablate v2_scheme_matchup,2022,5,Hunter Renfrow,WR,9.67,9.58,6.5,-0.09,3.08
ablate v2_scheme_matchup,2025,6,DeVonta Smith,WR,11.98,11.98,8.9,0.0,3.08
ablate v2_scheme_matchup,2023,13,A.T. Perry,WR,6.98,7.08,4.0,0.1,3.08
ablate v2_scheme_matchup,2025,14,Troy Franklin,WR,6.89,7.18,4.1,0.29,3.08
ablate v2_scheme_matchup,2023,12,DJ Chark,WR,9.29,9.48,6.4,0.19,3.08
ablate v2_scheme_matchup,2025,10,DK Metcalf,WR,9.29,9.58,6.5,0.29,3.08
ablate v2_scheme_matchup,2023,7,Evan Engram,TE,6.91,6.43,9.5,-0.48,3.07
ablate v2_pff_alignment_matchup,2023,12,Josh Downs,WR,13.81,12.37,9.3,-1.44,3.07
ablate v2_pff_alignment_matchup,2023,4,Dallas Goedert,TE,7.48,7.57,4.5,0.09,3.07
ablate v2_scheme_matchup,2023,10,Michael Pittman,WR,13.13,13.33,16.4,0.2,3.07
ablate v2_scheme_matchup,2023,6,Ja'Marr Chase,WR,17.07,17.07,14.0,0.0,3.07
ablate v2_scheme_matchup,2022,17,Jahan Dotson,WR,9.87,9.77,6.7,-0.1,3.07
ablate v2_scheme_matchup,2024,13,Jordan Addison,WR,12.56,12.46,9.4,-0.1,3.06
ablate v2_pff_alignment_matchup,2025,18,Puka Nacua,WR,21.69,22.94,26.0,1.25,3.06
ablate v2_pff_alignment_matchup,2022,10,Chris Olave,WR,9.87,10.06,7.0,0.19,3.06
ablate v2_scheme_matchup,2024,18,Olamide Zaccheaus,WR,9.96,10.16,7.1,0.2,3.06
ablate v2_pff_alignment_matchup,2023,18,Michael Pittman,WR,11.79,12.46,9.4,0.67,3.06
ablate v2_scheme_matchup,2023,9,Keenan Allen,WR,12.75,12.65,15.7,-0.1,3.05
ablate v2_pff_alignment_matchup,2023,9,Keenan Allen,WR,12.75,12.65,15.7,-0.1,3.05
ablate v2_pff_alignment_matchup,2024,17,Davante Adams,WR,13.04,12.75,9.7,-0.29,3.05
ablate v2_scheme_matchup,2023,13,Courtland Sutton,WR,13.13,12.65,15.7,-0.48,3.05
ablate v2_pff_alignment_matchup,2025,11,Dalton Schultz,TE,8.05,8.05,11.1,0.0,3.05
ablate v2_pff_alignment_matchup,2023,15,Evan Engram,TE,9.0,9.85,6.8,0.85,3.05
ablate v2_scheme_matchup,2025,11,Dalton Schultz,TE,8.05,8.05,11.1,0.0,3.05
ablate v2_scheme_matchup,2025,15,Chimere Dike,WR,8.04,8.04,5.0,0.0,3.04
ablate v2_pff_alignment_matchup,2022,15,Donovan Peoples-Jones,WR,10.06,10.06,13.1,0.0,3.04
ablate v2_pff_alignment_matchup,2023,9,Trey McBride,TE,8.24,8.24,5.2,0.0,3.04
ablate v2_scheme_matchup,2025,3,David Njoku,TE,12.04,12.04,9.0,0.0,3.04
ablate v2_scheme_matchup,2022,15,Donovan Peoples-Jones,WR,10.06,10.06,13.1,0.0,3.04
ablate v2_pff_alignment_matchup,2022,10,Tyler Lockett,WR,9.67,10.16,13.2,0.49,3.04
ablate v2_pff_alignment_matchup,2025,3,David Njoku,TE,12.04,12.04,9.0,0.0,3.04
ablate v2_scheme_matchup,2023,9,Trey McBride,TE,8.24,8.24,5.2,0.0,3.04
ablate v2_scheme_matchup,2023,11,Tyler Boyd,WR,8.23,8.23,5.2,0.0,3.03
ablate v2_scheme_matchup,2025,11,Mack Hollins,WR,7.18,7.37,10.4,0.19,3.03
ablate v2_pff_alignment_matchup,2024,11,Quentin Johnston,WR,10.35,9.77,12.8,-0.58,3.03
ablate v2_scheme_matchup,2023,3,Michael Wilson,WR,13.62,13.62,10.6,0.0,3.02
ablate v2_pff_alignment_matchup,2023,3,Michael Wilson,WR,13.62,13.62,10.6,0.0,3.02
ablate v2_pff_alignment_matchup,2023,13,Jayden Reed,WR,9.0,8.62,5.6,-0.38,3.02
ablate v2_pff_alignment_matchup,2023,7,Chris Godwin Jr.,WR,10.44,9.58,12.6,-0.86,3.02
ablate v2_pff_alignment_matchup,2023,12,Travis Kelce,TE,18.88,18.12,15.1,-0.76,3.02
ablate v2_scheme_matchup,2025,5,Jordan Addison,WR,11.89,12.08,15.1,0.19,3.02
ablate v2_pff_alignment_matchup,2022,7,Robert Woods,WR,8.81,8.62,5.6,-0.19,3.02
ablate v2_pff_alignment_matchup,2024,16,Sam LaPorta,TE,12.13,11.28,14.3,-0.85,3.02
ablate v2_scheme_matchup,2024,13,Puka Nacua,WR,14.29,14.29,17.3,0.0,3.01
ablate v2_scheme_matchup,2023,4,Tyler Higbee,TE,13.94,14.41,11.4,0.47,3.01
ablate v2_scheme_matchup,2022,9,DK Metcalf,WR,11.89,11.69,14.7,-0.2,3.01
ablate v2_scheme_matchup,2025,15,Christian Watson,WR,8.91,8.91,5.9,0.0,3.01
ablate v2_pff_alignment_matchup,2023,11,Rashee Rice,WR,11.69,11.21,8.2,-0.48,3.01
ablate v2_pff_alignment_matchup,2025,18,Chimere Dike,WR,8.14,8.71,5.7,0.57,3.01
ablate v2_scheme_matchup,2024,16,Ladd McConkey,WR,11.6,11.69,14.7,0.09,3.01
ablate v2_pff_alignment_matchup,2023,3,A.J. Brown,WR,19.96,19.09,22.1,-0.87,3.01
ablate v2_pff_alignment_matchup,2022,17,Noah Fant,TE,9.0,9.0,6.0,0.0,3.0
ablate v2_scheme_matchup,2023,13,A.J. Brown,WR,16.31,16.4,19.4,0.09,3.0
ablate v2_scheme_matchup,2023,9,DK Metcalf,WR,9.0,9.0,6.0,0.0,3.0
ablate v2_scheme_matchup,2023,13,Chris Olave,WR,13.71,13.9,16.9,0.19,3.0
ablate v2_pff_alignment_matchup,2023,15,Deebo Samuel Sr.,WR,19.57,18.9,21.9,-0.67,3.0
ablate v2_scheme_matchup,2025,17,Hunter Henry,TE,11.09,10.9,13.9,-0.19,3.0
ablate v2_pff_alignment_matchup,2022,4,Mike Gesicki,TE,7.67,7.29,4.3,-0.38,2.99
ablate v2_scheme_matchup,2023,5,Stefon Diggs,WR,21.11,21.11,24.1,0.0,2.99
ablate v2_scheme_matchup,2023,8,Curtis Samuel,WR,9.1,9.19,6.2,0.09,2.99
ablate v2_scheme_matchup,2023,6,Mike Evans,WR,11.98,11.89,8.9,-0.09,2.99
ablate v2_scheme_matchup,2023,7,Jahan Dotson,WR,6.31,6.31,9.3,0.0,2.99
ablate v2_pff_alignment_matchup,2025,5,Davante Adams,WR,16.31,16.79,13.8,0.48,2.99
ablate v2_scheme_matchup,2024,15,Ladd McConkey,WR,13.9,13.81,16.8,-0.09,2.99
ablate v2_scheme_matchup,2024,15,Drake London,WR,11.4,11.31,14.3,-0.09,2.99
ablate v2_pff_alignment_matchup,2024,5,Demarcus Robinson,WR,8.71,8.81,11.8,0.1,2.99
ablate v2_scheme_matchup,2022,12,Brandon Aiyuk,WR,14.38,14.48,11.5,0.1,2.98
ablate v2_scheme_matchup,2023,10,Mark Andrews,TE,9.38,9.38,6.4,0.0,2.98
ablate v2_scheme_matchup,2024,3,Greg Dortch,WR,9.48,9.48,6.5,0.0,2.98
ablate v2_pff_alignment_matchup,2023,10,Mark Andrews,TE,9.38,9.38,6.4,0.0,2.98
ablate v2_pff_alignment_matchup,2024,13,A.J. Brown,WR,16.11,14.58,11.6,-1.53,2.98
ablate v2_pff_alignment_matchup,2024,5,CeeDee Lamb,WR,15.25,14.38,11.4,-0.87,2.98
ablate v2_pff_alignment_matchup,2024,3,Greg Dortch,WR,9.48,9.48,6.5,0.0,2.98
ablate v2_scheme_matchup,2024,11,CeeDee Lamb,WR,15.63,15.63,18.6,0.0,2.97
ablate v2_pff_alignment_matchup,2022,5,Hunter Henry,TE,6.53,6.43,9.4,-0.1,2.97
ablate v2_scheme_matchup,2023,8,Kyle Pitts,TE,9.0,9.47,6.5,0.47,2.97
ablate v2_pff_alignment_matchup,2025,7,Travis Kelce,TE,10.23,11.37,8.4,1.14,2.97
ablate v2_scheme_matchup,2022,7,Alec Pierce,WR,9.67,9.67,6.7,0.0,2.97
ablate v2_pff_alignment_matchup,2023,9,Mark Andrews,TE,14.03,14.03,17.0,0.0,2.97
ablate v2_pff_alignment_matchup,2022,10,Marvin Jones,WR,7.37,7.27,4.3,-0.1,2.97
ablate v2_scheme_matchup,2023,9,Mark Andrews,TE,14.03,14.03,17.0,0.0,2.97
ablate v2_pff_alignment_matchup,2024,3,Jakobi Meyers,WR,17.65,18.23,21.2,0.58,2.97
ablate v2_scheme_matchup,2022,3,Dawson Knox,TE,9.57,9.47,6.5,-0.1,2.97
ablate v2_scheme_matchup,2022,10,Marvin Jones,WR,7.37,7.27,4.3,-0.1,2.97
ablate v2_pff_alignment_matchup,2024,10,Tyreek Hill,WR,15.15,14.67,11.7,-0.48,2.97
ablate v2_pff_alignment_matchup,2022,16,Courtland Sutton,WR,9.39,8.43,11.4,-0.96,2.97
ablate v2_scheme_matchup,2022,10,Chris Olave,WR,9.87,9.96,7.0,0.09,2.96
ablate v2_pff_alignment_matchup,2022,4,DJ Moore,WR,14.58,15.06,12.1,0.48,2.96
ablate v2_pff_alignment_matchup,2025,15,DeVonta Smith,WR,9.48,9.96,7.0,0.48,2.96
ablate v2_pff_alignment_matchup,2024,7,Drake London,WR,15.06,15.34,18.3,0.28,2.96
ablate v2_scheme_matchup,2022,14,Christian Kirk,WR,12.56,12.46,9.5,-0.1,2.96
ablate v2_pff_alignment_matchup,2025,8,Justin Jefferson,WR,16.79,17.36,14.4,0.57,2.96
ablate v2_scheme_matchup,2025,16,Michael Pittman,WR,10.25,10.16,7.2,-0.09,2.96
ablate v2_pff_alignment_matchup,2022,18,Brandon Aiyuk,WR,12.56,12.85,9.9,0.29,2.95
ablate v2_scheme_matchup,2022,17,Garrett Wilson,WR,8.04,7.75,4.8,-0.29,2.95
ablate v2_pff_alignment_matchup,2022,3,Sterling Shepard,WR,13.33,12.85,9.9,-0.48,2.95
ablate v2_scheme_matchup,2023,11,Tyler Lockett,WR,13.33,13.04,10.1,-0.29,2.94
ablate v2_pff_alignment_matchup,2022,15,Van Jefferson,WR,8.62,8.14,5.2,-0.48,2.94
ablate v2_scheme_matchup,2024,7,Tyler Conklin,TE,7.38,7.76,10.7,0.38,2.94
ablate v2_scheme_matchup,2022,6,Irv Smith,TE,7.86,7.76,10.7,-0.1,2.94
ablate v2_pff_alignment_matchup,2022,16,Josh Reynolds,WR,8.23,8.04,5.1,-0.19,2.94
ablate v2_pff_alignment_matchup,2024,17,Brock Bowers,TE,11.56,11.66,14.6,0.1,2.94
ablate v2_pff_alignment_matchup,2022,13,Jauan Jennings,WR,8.23,8.33,5.4,0.1,2.93
ablate v2_scheme_matchup,2024,9,Tyler Lockett,WR,12.37,12.37,15.3,0.0,2.93
ablate v2_pff_alignment_matchup,2024,10,Rome Odunze,WR,8.43,8.23,5.3,-0.2,2.93
ablate v2_pff_alignment_matchup,2025,5,Jordan Addison,WR,11.89,12.17,15.1,0.28,2.93
ablate v2_scheme_matchup,2022,8,Dallas Goedert,TE,9.28,9.47,12.4,0.19,2.93
ablate v2_scheme_matchup,2022,16,Michael Pittman,WR,10.83,10.83,7.9,0.0,2.93
ablate v2_scheme_matchup,2023,15,Ja'Marr Chase,WR,13.33,13.33,10.4,0.0,2.93
ablate v2_pff_alignment_matchup,2022,14,Travis Kelce,TE,13.37,14.03,11.1,0.66,2.93
ablate v2_pff_alignment_matchup,2024,5,Dalton Kincaid,TE,7.48,8.33,5.4,0.85,2.93
ablate v2_pff_alignment_matchup,2025,17,Jake Ferguson,TE,10.9,10.52,7.6,-0.38,2.92
ablate v2_scheme_matchup,2024,9,Jalen Coker,WR,8.43,8.52,5.6,0.09,2.92
ablate v2_scheme_matchup,2024,12,Malik Nabers,WR,9.48,9.48,12.4,0.0,2.92
ablate v2_pff_alignment_matchup,2023,11,Tyler Conklin,TE,7.76,6.72,3.8,-1.04,2.92
ablate v2_pff_alignment_matchup,2024,11,Keenan Allen,WR,10.44,11.02,8.1,0.58,2.92
ablate v2_pff_alignment_matchup,2024,5,George Pickens,WR,9.0,8.52,5.6,-0.48,2.92
ablate v2_pff_alignment_matchup,2025,3,Rashid Shaheed,WR,9.96,11.12,8.2,1.16,2.92
ablate v2_scheme_matchup,2024,7,DK Metcalf,WR,17.36,16.98,19.9,-0.38,2.92
ablate v2_pff_alignment_matchup,2023,6,Courtland Sutton,WR,10.44,11.69,14.6,1.25,2.91
ablate v2_pff_alignment_matchup,2024,6,Rome Odunze,WR,9.77,8.91,6.0,-0.86,2.91
ablate v2_scheme_matchup,2023,18,Sam LaPorta,TE,10.99,10.99,13.9,0.0,2.91
ablate v2_scheme_matchup,2025,6,Cade Otton,TE,6.91,7.19,10.1,0.28,2.91
ablate v2_scheme_matchup,2023,5,Jahan Dotson,WR,9.0,8.91,6.0,-0.09,2.91
ablate v2_scheme_matchup,2023,17,Romeo Doubs,WR,8.71,8.71,5.8,0.0,2.91
ablate v2_scheme_matchup,2024,16,Rashod Bateman,WR,11.31,11.31,8.4,0.0,2.91
ablate v2_pff_alignment_matchup,2025,15,Oronde Gadsden II,TE,7.0,7.19,10.1,0.19,2.91
ablate v2_scheme_matchup,2022,5,Curtis Samuel,WR,9.67,9.29,12.2,-0.38,2.91
ablate v2_pff_alignment_matchup,2024,15,Garrett Wilson,WR,12.17,11.69,14.6,-0.48,2.91
ablate v2_scheme_matchup,2025,15,Jakobi Meyers,WR,9.0,9.19,12.1,0.19,2.91
ablate v2_pff_alignment_matchup,2023,10,Romeo Doubs,WR,9.39,9.19,12.1,-0.2,2.91
ablate v2_pff_alignment_matchup,2024,16,Rashod Bateman,WR,11.31,11.31,8.4,0.0,2.91
ablate v2_pff_alignment_matchup,2024,15,Tank Dell,WR,9.0,9.0,6.1,0.0,2.9
ablate v2_scheme_matchup,2023,10,Kyle Pitts,TE,9.09,8.9,6.0,-0.19,2.9
ablate v2_pff_alignment_matchup,2023,5,Christian Kirk,WR,11.98,11.5,14.4,-0.48,2.9
ablate v2_scheme_matchup,2024,15,Tank Dell,WR,9.0,9.0,6.1,0.0,2.9
ablate v2_pff_alignment_matchup,2022,16,Darren Waller,TE,6.34,6.91,9.8,0.57,2.89
ablate v2_pff_alignment_matchup,2023,14,Tyler Conklin,TE,7.0,6.81,9.7,-0.19,2.89
ablate v2_scheme_matchup,2024,14,DK Metcalf,WR,11.69,11.79,8.9,0.1,2.89
ablate v2_scheme_matchup,2022,10,Evan Engram,TE,6.91,7.29,4.4,0.38,2.89
ablate v2_pff_alignment_matchup,2025,10,DK Metcalf,WR,9.29,9.39,6.5,0.1,2.89
ablate v2_scheme_matchup,2022,4,Pat Freiermuth,TE,12.61,12.61,15.5,0.0,2.89
ablate v2_scheme_matchup,2023,5,Terry McLaurin,WR,11.98,11.79,8.9,-0.19,2.89
ablate v2_scheme_matchup,2023,11,Courtland Sutton,WR,13.71,13.71,16.6,0.0,2.89
ablate v2_scheme_matchup,2022,14,Diontae Johnson,WR,11.21,11.31,14.2,0.1,2.89
ablate v2_pff_alignment_matchup,2022,9,Mike Evans,WR,12.27,11.89,9.0,-0.38,2.89
ablate v2_pff_alignment_matchup,2023,8,George Pickens,WR,12.27,12.08,9.2,-0.19,2.88
ablate v2_scheme_matchup,2023,14,Puka Nacua,WR,11.02,11.12,14.0,0.1,2.88
ablate v2_scheme_matchup,2024,3,Courtland Sutton,WR,10.92,10.92,13.8,0.0,2.88
ablate v2_pff_alignment_matchup,2023,7,Colby Parkinson,TE,7.48,7.48,4.6,0.0,2.88
ablate v2_pff_alignment_matchup,2024,5,Trey McBride,TE,8.43,8.43,11.3,0.0,2.87
ablate v2_pff_alignment_matchup,2025,13,Jake Ferguson,TE,11.37,11.47,8.6,0.1,2.87
ablate v2_pff_alignment_matchup,2025,6,Kyle Pitts,TE,7.67,7.67,4.8,0.0,2.87
ablate v2_scheme_matchup,2023,16,Tyler Lockett,WR,12.94,13.23,16.1,0.29,2.87
ablate v2_pff_alignment_matchup,2024,7,Michael Pittman,WR,13.33,12.17,9.3,-1.16,2.87
ablate v2_pff_alignment_matchup,2024,11,DeVonta Smith,WR,10.06,9.77,6.9,-0.29,2.87
ablate v2_scheme_matchup,2022,11,Gabe Davis,WR,14.48,14.67,11.8,0.19,2.87
ablate v2_scheme_matchup,2024,5,Trey McBride,TE,8.43,8.43,11.3,0.0,2.87
ablate v2_pff_alignment_matchup,2024,15,Travis Kelce,TE,9.76,9.57,6.7,-0.19,2.87
ablate v2_pff_alignment_matchup,2024,9,Amon-Ra St. Brown,WR,14.96,15.73,18.6,0.77,2.87
ablate v2_scheme_matchup,2023,11,Jahan Dotson,WR,8.43,8.43,11.3,0.0,2.87
ablate v2_pff_alignment_matchup,2025,14,Terry McLaurin,WR,9.96,9.96,7.1,0.0,2.86
ablate v2_scheme_matchup,2023,15,Evan Engram,TE,9.0,9.66,6.8,0.66,2.86
ablate v2_pff_alignment_matchup,2022,5,Ja'Marr Chase,WR,15.25,14.86,12.0,-0.39,2.86
ablate v2_scheme_matchup,2025,14,Terry McLaurin,WR,9.96,9.96,7.1,0.0,2.86
ablate v2_pff_alignment_matchup,2025,7,Kayshon Boutte,WR,11.4,10.64,13.5,-0.76,2.86
ablate v2_scheme_matchup,2022,15,Travis Kelce,TE,18.21,17.64,20.5,-0.57,2.86
ablate v2_pff_alignment_matchup,2024,7,Tee Higgins,WR,15.54,15.34,18.2,-0.2,2.86
ablate v2_pff_alignment_matchup,2025,4,Tucker Kraft,TE,15.27,13.46,10.6,-1.81,2.86
ablate v2_scheme_matchup,2023,7,Logan Thomas,TE,6.15,6.24,9.1,0.09,2.86
ablate v2_scheme_matchup,2023,15,Mike Evans,WR,12.75,12.85,15.7,0.1,2.85
ablate v2_pff_alignment_matchup,2024,6,Jayden Reed,WR,17.65,17.65,14.8,0.0,2.85
ablate v2_scheme_matchup,2023,7,Luke Musgrave,TE,9.0,9.85,7.0,0.85,2.85
ablate v2_pff_alignment_matchup,2023,10,George Pickens,WR,10.16,10.35,7.5,0.19,2.85
ablate v2_pff_alignment_matchup,2025,15,Chimere Dike,WR,8.04,7.85,5.0,-0.19,2.85
ablate v2_pff_alignment_matchup,2024,10,Amon-Ra St. Brown,WR,14.67,15.15,18.0,0.48,2.85
ablate v2_scheme_matchup,2024,6,Jayden Reed,WR,17.65,17.65,14.8,0.0,2.85
ablate v2_pff_alignment_matchup,2023,18,Stefon Diggs,WR,13.9,12.85,15.7,-1.05,2.85
ablate v2_pff_alignment_matchup,2024,17,Justin Jefferson,WR,18.9,20.05,17.2,1.15,2.85
ablate v2_pff_alignment_matchup,2023,16,Jerry Jeudy,WR,9.48,10.25,7.4,0.77,2.85
ablate v2_pff_alignment_matchup,2022,18,Tyler Lockett,WR,12.37,12.56,15.4,0.19,2.84
ablate v2_scheme_matchup,2022,12,CeeDee Lamb,WR,14.58,14.86,17.7,0.28,2.84
ablate v2_pff_alignment_matchup,2022,16,Dalton Schultz,TE,9.57,10.14,7.3,0.57,2.84
ablate v2_pff_alignment_matchup,2022,16,David Njoku,TE,6.24,6.24,3.4,0.0,2.84
ablate v2_scheme_matchup,2025,9,Puka Nacua,WR,20.05,19.96,22.8,-0.09,2.84
ablate v2_pff_alignment_matchup,2023,8,Jerry Jeudy,WR,9.87,10.16,13.0,0.29,2.84
ablate v2_scheme_matchup,2023,14,Chris Godwin Jr.,WR,7.75,7.46,10.3,-0.29,2.84
ablate v2_scheme_matchup,2022,18,Tyler Lockett,WR,12.37,12.56,15.4,0.19,2.84
ablate v2_scheme_matchup,2022,16,David Njoku,TE,6.24,6.24,3.4,0.0,2.84
ablate v2_scheme_matchup,2022,12,Tyreek Hill,WR,18.13,17.84,15.0,-0.29,2.84
ablate v2_pff_alignment_matchup,2023,4,Josh Downs,WR,8.62,8.23,5.4,-0.39,2.83
ablate v2_scheme_matchup,2022,13,Jauan Jennings,WR,8.23,8.23,5.4,0.0,2.83
ablate v2_scheme_matchup,2022,3,Robert Woods,WR,10.06,9.67,12.5,-0.39,2.83
ablate v2_scheme_matchup,2024,6,Pat Freiermuth,TE,6.43,6.43,3.6,0.0,2.83
ablate v2_pff_alignment_matchup,2025,17,Jordan Addison,WR,9.77,9.67,12.5,-0.1,2.83
ablate v2_pff_alignment_matchup,2022,18,Jaylen Waddle,WR,11.98,13.13,10.3,1.15,2.83
ablate v2_pff_alignment_matchup,2024,11,Hunter Henry,TE,9.66,9.47,12.3,-0.19,2.83
ablate v2_pff_alignment_matchup,2025,6,DJ Moore,WR,11.69,11.02,8.2,-0.67,2.82
ablate v2_scheme_matchup,2022,11,Robert Tonyan,TE,6.43,6.72,3.9,0.29,2.82
ablate v2_scheme_matchup,2025,12,Xavier Worthy,WR,7.08,7.08,9.9,0.0,2.82
ablate v2_scheme_matchup,2025,7,Tre Tucker,WR,10.64,11.12,8.3,0.48,2.82
ablate v2_pff_alignment_matchup,2025,7,Jalen Nailor,WR,8.23,8.52,5.7,0.29,2.82
ablate v2_scheme_matchup,2024,16,Jonnu Smith,TE,9.76,9.38,12.2,-0.38,2.82
ablate v2_pff_alignment_matchup,2023,7,DJ Moore,WR,16.11,16.21,13.4,0.1,2.81
ablate v2_scheme_matchup,2025,13,Romeo Doubs,WR,9.0,9.19,12.0,0.19,2.81
ablate v2_pff_alignment_matchup,2022,12,DeVante Parker,WR,10.25,9.19,12.0,-1.06,2.81
ablate v2_scheme_matchup,2023,10,Romeo Doubs,WR,9.39,9.29,12.1,-0.1,2.81
ablate v2_scheme_matchup,2025,16,Tyler Warren,TE,8.81,8.81,6.0,0.0,2.81
ablate v2_scheme_matchup,2024,18,Xavier Legette,WR,8.91,8.81,6.0,-0.1,2.81
ablate v2_scheme_matchup,2022,17,Tyler Higbee,TE,6.43,6.91,4.1,0.48,2.81
ablate v2_pff_alignment_matchup,2025,16,Josh Downs,WR,9.48,9.0,11.8,-0.48,2.8
ablate v2_scheme_matchup,2022,12,Stefon Diggs,WR,18.61,18.9,21.7,0.29,2.8
ablate v2_pff_alignment_matchup,2023,13,Rashee Rice,WR,11.69,11.6,14.4,-0.09,2.8
ablate v2_pff_alignment_matchup,2025,9,Jake Ferguson,TE,10.61,10.8,8.0,0.19,2.8
ablate v2_scheme_matchup,2023,13,Amari Cooper,WR,9.19,9.19,6.4,0.0,2.79
ablate v2_pff_alignment_matchup,2023,11,Courtland Sutton,WR,13.71,13.81,16.6,0.1,2.79
ablate v2_scheme_matchup,2023,14,Jaxon Smith-Njigba,WR,9.19,9.29,6.5,0.1,2.79
ablate v2_pff_alignment_matchup,2022,6,Travis Kelce,TE,16.69,16.41,19.2,-0.28,2.79
ablate v2_scheme_matchup,2023,9,Chris Olave,WR,13.81,13.81,16.6,0.0,2.79
ablate v2_pff_alignment_matchup,2024,4,Cole Kmet,TE,9.57,9.19,6.4,-0.38,2.79
ablate v2_pff_alignment_matchup,2023,4,Amon-Ra St. Brown,WR,14.38,13.81,16.6,-0.57,2.79
ablate v2_pff_alignment_matchup,2025,10,Tyler Higbee,TE,9.38,9.09,6.3,-0.29,2.79
ablate v2_pff_alignment_matchup,2023,13,Amari Cooper,WR,9.19,9.19,6.4,0.0,2.79
ablate v2_scheme_matchup,2023,14,A.J. Brown,WR,13.04,13.62,16.4,0.58,2.78
ablate v2_scheme_matchup,2023,16,Rashee Rice,WR,14.19,14.48,11.7,0.29,2.78
ablate v2_pff_alignment_matchup,2023,10,Michael Pittman,WR,13.13,13.62,16.4,0.49,2.78
ablate v2_pff_alignment_matchup,2024,15,Hunter Henry,TE,9.19,9.28,6.5,0.09,2.78
ablate v2_pff_alignment_matchup,2024,5,Chris Godwin Jr.,WR,13.52,14.38,11.6,0.86,2.78
ablate v2_pff_alignment_matchup,2023,14,A.J. Brown,WR,13.04,13.62,16.4,0.58,2.78
ablate v2_pff_alignment_matchup,2023,15,DJ Moore,WR,11.31,11.98,9.2,0.67,2.78
ablate v2_scheme_matchup,2023,13,Romeo Doubs,WR,8.33,8.43,11.2,0.1,2.77
ablate v2_scheme_matchup,2025,15,DeVonta Smith,WR,9.48,9.77,7.0,0.29,2.77
ablate v2_scheme_matchup,2023,17,Michael Pittman,WR,12.27,12.37,9.6,0.1,2.77
ablate v2_pff_alignment_matchup,2022,11,Brandon Aiyuk,WR,13.42,13.23,16.0,-0.19,2.77
ablate v2_pff_alignment_matchup,2023,11,Sam LaPorta,TE,10.14,9.57,6.8,-0.57,2.77
ablate v2_scheme_matchup,2022,8,Christian Kirk,WR,9.77,9.77,7.0,0.0,2.77
ablate v2_pff_alignment_matchup,2023,6,Darren Waller,TE,7.19,6.53,9.3,-0.66,2.77
ablate v2_pff_alignment_matchup,2025,18,Cooper Kupp,WR,7.56,7.66,4.9,0.1,2.76
ablate v2_pff_alignment_matchup,2023,10,Amari Cooper,WR,13.04,13.04,15.8,0.0,2.76
ablate v2_scheme_matchup,2022,4,Randall Cobb,WR,10.25,9.96,7.2,-0.29,2.76
ablate v2_scheme_matchup,2022,14,DK Metcalf,WR,15.15,15.34,18.1,0.19,2.76
ablate v2_pff_alignment_matchup,2024,15,Jaxon Smith-Njigba,WR,15.06,15.54,18.3,0.48,2.76
ablate v2_scheme_matchup,2023,10,Amari Cooper,WR,13.04,13.04,15.8,0.0,2.76
ablate v2_pff_alignment_matchup,2023,15,Mike Evans,WR,12.75,12.94,15.7,0.19,2.76
ablate v2_scheme_matchup,2022,9,Kalif Raymond,WR,7.46,7.46,4.7,0.0,2.76
ablate v2_pff_alignment_matchup,2023,3,Marquise Brown,WR,19.86,19.86,17.1,0.0,2.76
ablate v2_scheme_matchup,2023,3,Marquise Brown,WR,19.86,19.86,17.1,0.0,2.76
ablate v2_pff_alignment_matchup,2025,13,DeVonta Smith,WR,12.94,12.56,9.8,-0.38,2.76
ablate v2_scheme_matchup,2025,9,Trey McBride,TE,13.75,13.75,16.5,0.0,2.75
ablate v2_pff_alignment_matchup,2025,9,Trey McBride,TE,13.75,13.75,16.5,0.0,2.75
ablate v2_scheme_matchup,2024,5,Hunter Henry,TE,7.67,7.95,5.2,0.28,2.75
ablate v2_scheme_matchup,2025,16,Wan'Dale Robinson,WR,7.85,7.95,5.2,0.1,2.75
ablate v2_scheme_matchup,2023,12,CeeDee Lamb,WR,19.77,20.05,17.3,0.28,2.75
ablate v2_scheme_matchup,2025,11,Jordan Addison,WR,12.65,12.75,10.0,0.1,2.75
ablate v2_pff_alignment_matchup,2025,11,Jordan Addison,WR,12.65,12.75,10.0,0.1,2.75
ablate v2_scheme_matchup,2023,10,George Pickens,WR,10.16,10.25,7.5,0.09,2.75
ablate v2_pff_alignment_matchup,2025,11,Mack Hollins,WR,7.18,7.66,10.4,0.48,2.74
ablate v2_pff_alignment_matchup,2023,9,Tutu Atwell,WR,8.04,8.04,5.3,0.0,2.74
ablate v2_scheme_matchup,2022,6,CeeDee Lamb,WR,9.77,9.96,12.7,0.19,2.74
ablate v2_scheme_matchup,2024,15,Tucker Kraft,TE,7.86,8.14,5.4,0.28,2.74
ablate v2_scheme_matchup,2022,14,Demarcus Robinson,WR,7.46,7.46,10.2,0.0,2.74
ablate v2_scheme_matchup,2024,10,Drake London,WR,14.77,14.96,17.7,0.19,2.74
ablate v2_scheme_matchup,2022,14,Travis Kelce,TE,13.37,13.84,11.1,0.47,2.74
ablate v2_pff_alignment_matchup,2023,14,Chris Godwin Jr.,WR,7.75,7.56,10.3,-0.19,2.74
ablate v2_scheme_matchup,2023,9,Tutu Atwell,WR,8.04,8.04,5.3,0.0,2.74
ablate v2_pff_alignment_matchup,2025,13,Wan'Dale Robinson,WR,7.27,7.66,10.4,0.39,2.74
ablate v2_pff_alignment_matchup,2024,16,Jonnu Smith,TE,9.76,9.47,12.2,-0.29,2.73
ablate v2_scheme_matchup,2024,10,Cooper Kupp,WR,12.08,12.27,15.0,0.19,2.73
ablate v2_pff_alignment_matchup,2023,18,Sam LaPorta,TE,10.99,11.18,13.9,0.19,2.72
ablate v2_pff_alignment_matchup,2023,6,Zach Ertz,TE,6.81,6.91,4.2,0.1,2.71
ablate v2_pff_alignment_matchup,2025,16,Tyler Warren,TE,8.81,8.71,6.0,-0.1,2.71
ablate v2_pff_alignment_matchup,2022,14,Tyler Lockett,WR,14.38,14.29,17.0,-0.09,2.71
ablate v2_scheme_matchup,2024,11,George Pickens,WR,14.29,14.19,16.9,-0.1,2.71
ablate v2_pff_alignment_matchup,2024,11,Deebo Samuel Sr.,WR,8.71,8.81,6.1,0.1,2.71
ablate v2_scheme_matchup,2023,4,Rashee Rice,WR,9.1,8.91,6.2,-0.19,2.71
ablate v2_pff_alignment_matchup,2023,5,Noah Gray,TE,6.81,6.81,4.1,0.0,2.71
ablate v2_scheme_matchup,2023,13,Rashee Rice,WR,11.69,11.69,14.4,0.0,2.71
ablate v2_pff_alignment_matchup,2022,10,Isaiah McKenzie,WR,6.6,6.79,9.5,0.19,2.71
ablate v2_pff_alignment_matchup,2023,9,Nico Collins,WR,11.69,11.69,14.4,0.0,2.71
ablate v2_pff_alignment_matchup,2023,17,Tyreek Hill,WR,15.34,16.31,13.6,0.97,2.71
ablate v2_scheme_matchup,2023,7,DJ Moore,WR,16.11,16.11,13.4,0.0,2.71
ablate v2_pff_alignment_matchup,2023,13,A.J. Brown,WR,16.31,16.69,19.4,0.38,2.71
ablate v2_pff_alignment_matchup,2023,12,Stefon Diggs,WR,16.88,16.69,19.4,-0.19,2.71
ablate v2_scheme_matchup,2023,9,Nico Collins,WR,11.69,11.69,14.4,0.0,2.71
ablate v2_pff_alignment_matchup,2022,4,Isaiah McKenzie,WR,9.58,9.39,12.1,-0.19,2.71
ablate v2_pff_alignment_matchup,2024,16,Michael Wilson,WR,9.1,9.1,6.4,0.0,2.7
ablate v2_scheme_matchup,2025,11,Jake Ferguson,TE,9.09,8.9,11.6,-0.19,2.7
ablate v2_pff_alignment_matchup,2023,4,Tyler Conklin,TE,6.43,7.1,9.8,0.67,2.7
ablate v2_scheme_matchup,2024,16,Michael Wilson,WR,9.1,9.1,6.4,0.0,2.7
ablate v2_pff_alignment_matchup,2023,14,Cole Kmet,TE,8.9,8.9,11.6,0.0,2.7
ablate v2_scheme_matchup,2024,17,Jonnu Smith,TE,9.47,8.9,11.6,-0.57,2.7
ablate v2_pff_alignment_matchup,2022,15,Garrett Wilson,WR,16.5,16.5,13.8,0.0,2.7
ablate v2_pff_alignment_matchup,2024,3,Tyler Boyd,WR,8.62,9.0,6.3,0.38,2.7
ablate v2_pff_alignment_matchup,2023,12,DJ Chark,WR,9.29,9.1,6.4,-0.19,2.7
ablate v2_scheme_matchup,2023,14,Cole Kmet,TE,8.9,8.9,11.6,0.0,2.7
ablate v2_scheme_matchup,2023,9,Kyle Pitts,TE,7.19,6.91,9.6,-0.28,2.69
ablate v2_pff_alignment_matchup,2023,12,Romeo Doubs,WR,9.0,9.39,6.7,0.39,2.69
ablate v2_pff_alignment_matchup,2024,18,Tyler Conklin,TE,7.19,6.91,9.6,-0.28,2.69
ablate v2_pff_alignment_matchup,2024,16,Pat Freiermuth,TE,7.0,7.29,4.6,0.29,2.69
ablate v2_pff_alignment_matchup,2022,17,Jahan Dotson,WR,9.87,9.39,6.7,-0.48,2.69
ablate v2_pff_alignment_matchup,2025,6,A.J. Brown,WR,10.44,11.31,14.0,0.87,2.69
ablate v2_pff_alignment_matchup,2024,9,Justin Jefferson,WR,19.77,18.9,21.58,-0.87,2.68
ablate v2_scheme_matchup,2025,16,DeVonta Smith,WR,13.42,13.52,16.2,0.1,2.68
ablate v2_pff_alignment_matchup,2024,11,CeeDee Lamb,WR,15.63,15.92,18.6,0.29,2.68
ablate v2_pff_alignment_matchup,2022,16,A.J. Brown,WR,13.23,13.62,16.3,0.39,2.68
ablate v2_scheme_matchup,2023,13,Chig Okonkwo,TE,6.72,6.72,9.4,0.0,2.68
ablate v2_pff_alignment_matchup,2025,5,Hunter Henry,TE,9.38,9.28,6.6,-0.1,2.68
ablate v2_pff_alignment_matchup,2022,11,Hayden Hurst,TE,7.1,7.48,4.8,0.38,2.68
ablate v2_scheme_matchup,2025,18,Jameson Williams,WR,10.54,10.73,13.4,0.19,2.67
ablate v2_pff_alignment_matchup,2022,4,A.J. Brown,WR,17.07,17.17,14.5,0.1,2.67
ablate v2_scheme_matchup,2025,11,T.J. Hockenson,TE,9.19,9.57,6.9,0.38,2.67
ablate v2_scheme_matchup,2022,18,Chris Godwin Jr.,WR,12.17,12.17,9.5,0.0,2.67
ablate v2_scheme_matchup,2023,10,Gabe Davis,WR,12.37,12.27,9.6,-0.1,2.67
ablate v2_pff_alignment_matchup,2024,10,George Kittle,TE,16.12,17.36,14.7,1.24,2.66
ablate v2_pff_alignment_matchup,2023,12,CeeDee Lamb,WR,19.77,19.96,17.3,0.19,2.66
ablate v2_pff_alignment_matchup,2022,6,Hayden Hurst,TE,7.67,7.76,5.1,0.09,2.66
ablate v2_scheme_matchup,2023,5,Brandon Aiyuk,WR,11.69,12.46,9.8,0.77,2.66
ablate v2_pff_alignment_matchup,2024,13,Ja'Marr Chase,WR,18.32,17.94,20.6,-0.38,2.66
ablate v2_scheme_matchup,2022,18,Brandon Aiyuk,WR,12.56,12.56,9.9,0.0,2.66
ablate v2_pff_alignment_matchup,2022,8,Mike Gesicki,TE,10.04,10.14,12.8,0.1,2.66
ablate v2_pff_alignment_matchup,2024,5,Jakobi Meyers,WR,9.48,10.54,13.2,1.06,2.66
ablate v2_pff_alignment_matchup,2025,3,Sam LaPorta,TE,9.19,9.95,7.3,0.76,2.65
ablate v2_pff_alignment_matchup,2025,7,Hunter Henry,TE,10.04,9.95,7.3,-0.09,2.65
ablate v2_scheme_matchup,2022,18,Dalton Schultz,TE,10.23,9.95,7.3,-0.28,2.65
ablate v2_scheme_matchup,2024,8,Ja'Marr Chase,WR,16.88,17.75,20.4,0.87,2.65
ablate v2_scheme_matchup,2024,11,Quentin Johnston,WR,10.35,10.16,12.8,-0.19,2.64
ablate v2_pff_alignment_matchup,2022,12,Will Dissly,TE,6.53,6.34,3.7,-0.19,2.64
ablate v2_pff_alignment_matchup,2022,10,Mike Evans,WR,12.85,13.04,10.4,0.19,2.64
ablate v2_pff_alignment_matchup,2024,6,Pat Freiermuth,TE,6.43,6.24,3.6,-0.19,2.64
ablate v2_scheme_matchup,2025,11,CeeDee Lamb,WR,14.86,14.96,17.6,0.1,2.64
ablate v2_pff_alignment_matchup,2022,6,Allen Lazard,WR,14.67,14.96,17.6,0.29,2.64
ablate v2_pff_alignment_matchup,2022,10,Dallas Goedert,TE,11.47,11.94,9.3,0.47,2.64
ablate v2_scheme_matchup,2022,18,Marquez Valdes-Scantling,WR,8.14,8.33,5.7,0.19,2.63
ablate v2_pff_alignment_matchup,2023,8,Dallas Goedert,TE,10.42,10.23,7.6,-0.19,2.63
ablate v2_scheme_matchup,2022,6,Tee Higgins,WR,13.33,13.33,10.7,0.0,2.63
ablate v2_pff_alignment_matchup,2024,16,Ray-Ray McCloud,WR,8.62,8.33,5.7,-0.29,2.63
ablate v2_pff_alignment_matchup,2024,7,Dalton Schultz,TE,6.43,6.43,3.8,0.0,2.63
ablate v2_pff_alignment_matchup,2024,9,Jalen Coker,WR,8.43,8.23,5.6,-0.2,2.63
ablate v2_scheme_matchup,2023,8,Dallas Goedert,TE,10.42,10.23,7.6,-0.19,2.63
ablate v2_pff_alignment_matchup,2025,18,DeVonta Smith,WR,11.98,10.83,8.2,-1.15,2.63
ablate v2_pff_alignment_matchup,2024,14,Will Dissly,TE,6.53,6.53,3.9,0.0,2.63
ablate v2_scheme_matchup,2024,6,Jauan Jennings,WR,8.43,8.33,5.7,-0.1,2.63
ablate v2_pff_alignment_matchup,2023,6,Nelson Agholor,WR,8.62,8.62,6.0,0.0,2.62
ablate v2_pff_alignment_matchup,2024,8,Jonnu Smith,TE,8.9,8.62,6.0,-0.28,2.62
ablate v2_pff_alignment_matchup,2024,16,Mark Andrews,TE,11.18,11.18,13.8,0.0,2.62
ablate v2_scheme_matchup,2022,4,Isaiah McKenzie,WR,9.58,9.48,12.1,-0.1,2.62
ablate v2_scheme_matchup,2025,10,David Njoku,TE,7.48,7.48,10.1,0.0,2.62
ablate v2_scheme_matchup,2023,6,Nelson Agholor,WR,8.62,8.62,6.0,0.0,2.62
ablate v2_pff_alignment_matchup,2024,4,Jake Ferguson,TE,10.04,9.28,11.9,-0.76,2.62
ablate v2_scheme_matchup,2025,14,Courtland Sutton,WR,9.19,9.58,12.2,0.39,2.62
ablate v2_scheme_matchup,2022,15,Tyreek Hill,WR,19.19,19.28,21.9,0.09,2.62
ablate v2_scheme_matchup,2024,16,Mark Andrews,TE,11.18,11.18,13.8,0.0,2.62
ablate v2_pff_alignment_matchup,2025,10,David Njoku,TE,7.48,7.48,10.1,0.0,2.62
ablate v2_pff_alignment_matchup,2023,3,Darius Slayton,WR,8.71,8.81,6.2,0.1,2.61
ablate v2_scheme_matchup,2025,9,Jakobi Meyers,WR,8.71,8.91,6.3,0.2,2.61
ablate v2_pff_alignment_matchup,2023,4,Calvin Ridley,WR,8.62,9.19,11.8,0.57,2.61
ablate v2_pff_alignment_matchup,2023,13,Chris Olave,WR,13.71,14.29,16.9,0.58,2.61
ablate v2_scheme_matchup,2023,8,Tee Higgins,WR,9.29,9.29,11.9,0.0,2.61
ablate v2_scheme_matchup,2023,10,David Njoku,TE,9.19,9.19,11.8,0.0,2.61
ablate v2_scheme_matchup,2023,6,Zach Ertz,TE,6.81,6.81,4.2,0.0,2.61
ablate v2_scheme_matchup,2023,12,Stefon Diggs,WR,16.88,16.79,19.4,-0.09,2.61
ablate v2_scheme_matchup,2025,3,Emeka Egbuka,WR,11.89,11.89,14.5,0.0,2.61
ablate v2_pff_alignment_matchup,2023,10,David Njoku,TE,9.19,9.19,11.8,0.0,2.61
ablate v2_scheme_matchup,2023,9,DeVonta Smith,WR,10.83,11.5,14.1,0.67,2.6
ablate v2_scheme_matchup,2025,10,Tyler Higbee,TE,9.38,8.9,6.3,-0.48,2.6
ablate v2_pff_alignment_matchup,2022,10,Evan Engram,TE,6.91,7.0,4.4,0.09,2.6
ablate v2_scheme_matchup,2022,8,Tee Higgins,WR,16.4,16.5,13.9,0.1,2.6
ablate v2_scheme_matchup,2025,13,Josh Downs,WR,9.0,9.0,6.4,0.0,2.6
ablate v2_scheme_matchup,2024,15,George Kittle,TE,12.04,12.7,10.1,0.66,2.6
ablate v2_scheme_matchup,2022,15,Garrett Wilson,WR,16.5,16.4,13.8,-0.1,2.6
ablate v2_scheme_matchup,2023,14,Chig Okonkwo,TE,7.1,7.0,9.6,-0.1,2.6
ablate v2_scheme_matchup,2024,14,Sam LaPorta,TE,12.32,12.99,10.4,0.67,2.59
ablate v2_pff_alignment_matchup,2022,6,Gabe Davis,WR,14.48,13.81,16.4,-0.67,2.59
ablate v2_scheme_matchup,2023,15,DJ Moore,WR,11.31,11.79,9.2,0.48,2.59
ablate v2_pff_alignment_matchup,2022,15,Jakobi Meyers,WR,10.06,9.29,6.7,-0.77,2.59
ablate v2_pff_alignment_matchup,2023,7,Evan Engram,TE,6.91,6.91,9.5,0.0,2.59
ablate v2_pff_alignment_matchup,2023,9,Romeo Doubs,WR,8.91,9.19,6.6,0.28,2.59
ablate v2_pff_alignment_matchup,2023,13,Chig Okonkwo,TE,6.72,6.81,9.4,0.09,2.59
ablate v2_scheme_matchup,2024,18,Isaiah Likely,TE,9.38,9.38,6.8,0.0,2.58
ablate v2_pff_alignment_matchup,2024,8,Cooper Kupp,WR,13.04,13.52,16.1,0.48,2.58
ablate v2_pff_alignment_matchup,2022,3,Terry McLaurin,WR,11.69,13.62,16.2,1.93,2.58
ablate v2_scheme_matchup,2022,6,Deebo Samuel Sr.,WR,13.52,13.42,16.0,-0.1,2.58
ablate v2_scheme_matchup,2025,5,Tee Higgins,WR,8.71,8.62,11.2,-0.09,2.58
ablate v2_scheme_matchup,2025,13,Jake Ferguson,TE,11.37,11.18,8.6,-0.19,2.58
ablate v2_pff_alignment_matchup,2024,13,Khalil Shakir,WR,9.19,9.58,7.0,0.39,2.58
ablate v2_scheme_matchup,2022,11,Brandon Aiyuk,WR,13.42,13.42,16.0,0.0,2.58
ablate v2_scheme_matchup,2025,8,Justin Jefferson,WR,16.79,16.98,14.4,0.19,2.58
ablate v2_pff_alignment_matchup,2024,18,Isaiah Likely,TE,9.38,9.38,6.8,0.0,2.58
ablate v2_scheme_matchup,2025,16,A.J. Brown,WR,15.83,15.92,18.5,0.09,2.58
ablate v2_scheme_matchup,2025,14,Cade Otton,TE,7.95,7.48,4.9,-0.47,2.58
ablate v2_pff_alignment_matchup,2025,16,A.J. Brown,WR,15.83,15.92,18.5,0.09,2.58
ablate v2_scheme_matchup,2023,12,A.J. Brown,WR,17.27,17.27,14.7,0.0,2.57
ablate v2_pff_alignment_matchup,2024,18,Olamide Zaccheaus,WR,9.96,9.67,7.1,-0.29,2.57
ablate v2_scheme_matchup,2022,9,Adam Thielen,WR,12.27,12.27,9.7,0.0,2.57
ablate v2_pff_alignment_matchup,2022,15,Travis Kelce,TE,18.21,17.93,20.5,-0.28,2.57
ablate v2_pff_alignment_matchup,2023,14,Elijah Moore,WR,9.77,9.77,7.2,0.0,2.57
ablate v2_pff_alignment_matchup,2025,7,Emeka Egbuka,WR,12.37,12.37,9.8,0.0,2.57
ablate v2_pff_alignment_matchup,2023,17,Michael Pittman,WR,12.27,12.17,9.6,-0.1,2.57
ablate v2_scheme_matchup,2025,7,Emeka Egbuka,WR,12.37,12.37,9.8,0.0,2.57
ablate v2_pff_alignment_matchup,2022,17,Jerry Jeudy,WR,8.81,8.23,10.8,-0.58,2.57
ablate v2_scheme_matchup,2023,14,Elijah Moore,WR,9.77,9.77,7.2,0.0,2.57
ablate v2_scheme_matchup,2025,18,Cooper Kupp,WR,7.56,7.46,4.9,-0.1,2.56
ablate v2_pff_alignment_matchup,2024,4,Justin Jefferson,WR,16.79,17.94,20.5,1.15,2.56
ablate v2_pff_alignment_matchup,2023,17,Mike Evans,WR,11.69,12.56,10.0,0.87,2.56
ablate v2_pff_alignment_matchup,2023,14,Dalton Kincaid,TE,9.85,9.66,7.1,-0.19,2.56
ablate v2_scheme_matchup,2024,17,Brock Bowers,TE,11.56,12.04,14.6,0.48,2.56
ablate v2_pff_alignment_matchup,2022,9,Jakobi Meyers,WR,9.87,9.96,7.4,0.09,2.56
ablate v2_scheme_matchup,2022,9,DeAndre Carter,WR,7.95,7.75,10.3,-0.2,2.55
ablate v2_pff_alignment_matchup,2022,9,Dawson Knox,TE,7.86,8.05,5.5,0.19,2.55
ablate v2_pff_alignment_matchup,2024,11,Cedric Tillman,WR,10.25,10.25,7.7,0.0,2.55
ablate v2_scheme_matchup,2025,13,Marvin Harrison Jr.,WR,10.35,10.35,12.9,0.0,2.55
ablate v2_scheme_matchup,2024,14,Mike Gesicki,TE,8.33,7.95,5.4,-0.38,2.55
ablate v2_pff_alignment_matchup,2025,9,Puka Nacua,WR,20.05,20.25,22.8,0.2,2.55
ablate v2_pff_alignment_matchup,2024,17,Tucker Kraft,TE,9.57,9.85,7.3,0.28,2.55
ablate v2_pff_alignment_matchup,2025,13,Marvin Harrison Jr.,WR,10.35,10.35,12.9,0.0,2.55
ablate v2_pff_alignment_matchup,2023,11,Trey McBride,TE,11.85,11.85,9.3,0.0,2.55
ablate v2_pff_alignment_matchup,2025,4,DJ Moore,WR,10.92,10.35,7.8,-0.57,2.55
ablate v2_scheme_matchup,2024,7,Noah Fant,TE,7.48,7.95,10.5,0.47,2.55
ablate v2_pff_alignment_matchup,2022,11,Tyler Conklin,TE,5.77,6.05,3.5,0.28,2.55
ablate v2_scheme_matchup,2024,11,Cedric Tillman,WR,10.25,10.25,7.7,0.0,2.55
ablate v2_scheme_matchup,2023,11,Trey McBride,TE,11.85,11.85,9.3,0.0,2.55
ablate v2_pff_alignment_matchup,2022,10,Pat Freiermuth,TE,10.23,10.14,7.6,-0.09,2.54
ablate v2_pff_alignment_matchup,2023,7,Jonnu Smith,TE,8.24,8.24,5.7,0.0,2.54
ablate v2_pff_alignment_matchup,2024,7,DK Metcalf,WR,17.36,17.36,19.9,0.0,2.54
ablate v2_pff_alignment_matchup,2022,16,Michael Pittman,WR,10.83,10.44,7.9,-0.39,2.54
ablate v2_scheme_matchup,2023,6,DJ Chark,WR,8.43,8.14,5.6,-0.29,2.54
ablate v2_scheme_matchup,2025,17,Jordan Addison,WR,9.77,9.96,12.5,0.19,2.54
ablate v2_pff_alignment_matchup,2024,16,Ladd McConkey,WR,11.6,12.17,14.7,0.57,2.53
ablate v2_pff_alignment_matchup,2025,3,DK Metcalf,WR,10.83,9.67,12.2,-1.16,2.53
ablate v2_scheme_matchup,2025,7,Jalen Nailor,WR,8.23,8.23,5.7,0.0,2.53
ablate v2_scheme_matchup,2023,9,T.J. Hockenson,TE,11.28,11.37,13.9,0.09,2.53
ablate v2_pff_alignment_matchup,2022,18,Marquez Valdes-Scantling,WR,8.14,8.23,5.7,0.09,2.53
ablate v2_pff_alignment_matchup,2022,5,Mike Gesicki,TE,6.15,6.53,4.0,0.38,2.53
ablate v2_pff_alignment_matchup,2024,18,Jerry Jeudy,WR,9.77,9.77,12.3,0.0,2.53
ablate v2_pff_alignment_matchup,2025,9,Kyle Pitts,TE,10.99,10.33,7.8,-0.66,2.53
ablate v2_scheme_matchup,2024,18,Jerry Jeudy,WR,9.77,9.77,12.3,0.0,2.53
ablate v2_pff_alignment_matchup,2022,18,Jakobi Meyers,WR,9.77,9.67,12.2,-0.1,2.53
ablate v2_pff_alignment_matchup,2022,17,Tyreek Hill,WR,17.65,18.23,15.7,0.58,2.53
ablate v2_scheme_matchup,2024,12,Demarcus Robinson,WR,6.98,6.98,9.5,0.0,2.52
ablate v2_pff_alignment_matchup,2024,17,Dalton Schultz,TE,6.62,6.62,4.1,0.0,2.52
ablate v2_scheme_matchup,2024,17,Dalton Schultz,TE,6.62,6.62,4.1,0.0,2.52
ablate v2_pff_alignment_matchup,2025,15,Jakobi Meyers,WR,9.0,9.58,12.1,0.58,2.52
ablate v2_pff_alignment_matchup,2024,12,Wan'Dale Robinson,WR,6.89,7.18,9.7,0.29,2.52
ablate v2_scheme_matchup,2022,14,Hunter Henry,TE,7.0,7.48,10.0,0.48,2.52
ablate v2_pff_alignment_matchup,2024,18,Xavier Legette,WR,8.91,8.52,6.0,-0.39,2.52
ablate v2_scheme_matchup,2024,13,Justin Jefferson,WR,14.38,14.38,16.9,0.0,2.52
ablate v2_scheme_matchup,2024,11,Deebo Samuel Sr.,WR,8.71,8.62,6.1,-0.09,2.52
ablate v2_pff_alignment_matchup,2022,14,Diontae Johnson,WR,11.21,11.69,14.2,0.48,2.51
ablate v2_pff_alignment_matchup,2025,17,Nico Collins,WR,11.21,11.21,8.7,0.0,2.51
ablate v2_scheme_matchup,2022,18,Irv Smith,TE,6.91,6.91,4.4,0.0,2.51
ablate v2_scheme_matchup,2025,14,Josh Downs,WR,9.1,8.81,6.3,-0.29,2.51
ablate v2_scheme_matchup,2025,17,Nico Collins,WR,11.21,11.21,8.7,0.0,2.51
ablate v2_scheme_matchup,2025,17,Dallas Goedert,TE,7.86,7.29,9.8,-0.57,2.51
ablate v2_pff_alignment_matchup,2025,9,Jakobi Meyers,WR,8.71,8.81,6.3,0.1,2.51
ablate v2_pff_alignment_matchup,2024,3,Tucker Kraft,TE,7.38,6.91,4.4,-0.47,2.51
ablate v2_pff_alignment_matchup,2024,15,Drake London,WR,11.4,11.79,14.3,0.39,2.51
ablate v2_pff_alignment_matchup,2022,18,Irv Smith,TE,6.91,6.91,4.4,0.0,2.51
ablate v2_scheme_matchup,2023,3,Darius Slayton,WR,8.71,8.71,6.2,0.0,2.51
ablate v2_scheme_matchup,2023,7,Colby Parkinson,TE,7.48,7.1,4.6,-0.38,2.5
ablate v2_pff_alignment_matchup,2023,8,Kyle Pitts,TE,9.0,9.0,6.5,0.0,2.5
ablate v2_scheme_matchup,2025,9,AJ Barner,TE,8.52,9.0,11.5,0.48,2.5
ablate v2_scheme_matchup,2024,11,A.J. Brown,WR,14.0,14.0,11.5,0.0,2.5
ablate v2_scheme_matchup,2023,8,Noah Gray,TE,6.53,7.0,4.5,0.47,2.5
ablate v2_scheme_matchup,2024,15,Hunter Henry,TE,9.19,9.0,6.5,-0.19,2.5
ablate v2_pff_alignment_matchup,2023,6,Ja'Marr Chase,WR,17.07,16.5,14.0,-0.57,2.5
ablate v2_scheme_matchup,2024,6,Christian Kirk,WR,9.1,9.39,6.9,0.29,2.49
ablate v2_scheme_matchup,2024,15,Travis Kelce,TE,9.76,9.19,6.7,-0.57,2.49
ablate v2_pff_alignment_matchup,2024,14,T.J. Hockenson,TE,10.23,10.99,8.5,0.76,2.49
ablate v2_pff_alignment_matchup,2025,10,Quentin Johnston,WR,11.4,11.69,9.2,0.29,2.49
ablate v2_scheme_matchup,2023,5,Dawson Knox,TE,6.81,7.19,4.7,0.38,2.49
ablate v2_scheme_matchup,2022,11,Hayden Hurst,TE,7.1,7.29,4.8,0.19,2.49
ablate v2_pff_alignment_matchup,2025,13,Quentin Johnston,WR,9.19,8.81,11.3,-0.38,2.49
ablate v2_scheme_matchup,2023,12,Trey McBride,TE,10.52,10.52,13.0,0.0,2.48
ablate v2_pff_alignment_matchup,2024,10,A.J. Brown,WR,14.0,13.42,15.9,-0.58,2.48
ablate v2_scheme_matchup,2022,18,Amari Cooper,WR,9.58,9.58,7.1,0.0,2.48
ablate v2_pff_alignment_matchup,2023,12,Trey McBride,TE,10.52,10.52,13.0,0.0,2.48
ablate v2_pff_alignment_matchup,2024,11,Dallas Goedert,TE,8.52,8.62,11.1,0.1,2.48
ablate v2_scheme_matchup,2023,5,Evan Engram,TE,9.47,9.28,6.8,-0.19,2.48
ablate v2_pff_alignment_matchup,2025,14,Cade Otton,TE,7.95,7.38,4.9,-0.57,2.48
ablate v2_pff_alignment_matchup,2025,14,Marquise Brown,WR,6.98,6.98,4.5,0.0,2.48
ablate v2_pff_alignment_matchup,2023,10,Dalton Schultz,TE,8.62,8.62,11.1,0.0,2.48
ablate v2_scheme_matchup,2023,10,Dalton Schultz,TE,8.62,8.62,11.1,0.0,2.48
ablate v2_scheme_matchup,2024,11,Dallas Goedert,TE,8.52,8.62,11.1,0.1,2.48
ablate v2_scheme_matchup,2025,14,Marquise Brown,WR,6.98,6.98,4.5,0.0,2.48
ablate v2_pff_alignment_matchup,2022,18,Amari Cooper,WR,9.58,9.58,7.1,0.0,2.48
ablate v2_scheme_matchup,2025,13,Kayshon Boutte,WR,10.83,11.02,13.5,0.19,2.48
ablate v2_pff_alignment_matchup,2023,11,Cade Otton,TE,6.43,6.43,8.9,0.0,2.47
ablate v2_scheme_matchup,2022,9,Jakobi Meyers,WR,9.87,9.87,7.4,0.0,2.47
ablate v2_scheme_matchup,2023,16,Cole Kmet,TE,12.99,12.23,14.7,-0.76,2.47
ablate v2_pff_alignment_matchup,2024,7,Terry McLaurin,WR,13.23,13.33,15.8,0.1,2.47
ablate v2_scheme_matchup,2025,14,Dalton Schultz,TE,7.67,7.67,5.2,0.0,2.47
ablate v2_pff_alignment_matchup,2025,14,Dalton Schultz,TE,7.67,7.67,5.2,0.0,2.47
ablate v2_pff_alignment_matchup,2022,18,Mike Williams,WR,9.48,9.67,7.2,0.19,2.47
ablate v2_pff_alignment_matchup,2023,16,Jakobi Meyers,WR,8.91,9.67,7.2,0.76,2.47
ablate v2_pff_alignment_matchup,2024,18,Mike Evans,WR,15.73,15.44,17.9,-0.29,2.46
ablate v2_scheme_matchup,2025,13,Ja'Marr Chase,WR,15.54,15.54,18.0,0.0,2.46
ablate v2_pff_alignment_matchup,2024,8,Jaxon Smith-Njigba,WR,11.31,10.44,12.9,-0.87,2.46
ablate v2_scheme_matchup,2022,14,DeAndre Hopkins,WR,10.44,10.44,12.9,0.0,2.46
ablate v2_pff_alignment_matchup,2022,14,DeAndre Hopkins,WR,10.44,10.44,12.9,0.0,2.46
ablate v2_pff_alignment_matchup,2023,6,Tyler Conklin,TE,6.81,7.86,5.4,1.05,2.46
ablate v2_scheme_matchup,2022,14,Pat Freiermuth,TE,10.33,9.85,12.3,-0.48,2.45
ablate v2_pff_alignment_matchup,2024,15,Jameson Williams,WR,10.35,10.25,12.7,-0.1,2.45
ablate v2_scheme_matchup,2022,6,Allen Lazard,WR,14.67,15.15,17.6,0.48,2.45
ablate v2_scheme_matchup,2024,8,Romeo Doubs,WR,12.65,12.65,10.2,0.0,2.45
ablate v2_scheme_matchup,2022,8,Allen Robinson,WR,7.66,7.95,10.4,0.29,2.45
ablate v2_scheme_matchup,2025,4,Tyreek Hill,WR,15.15,15.15,12.7,0.0,2.45
ablate v2_scheme_matchup,2025,3,DJ Moore,WR,15.25,15.25,12.8,0.0,2.45
ablate v2_pff_alignment_matchup,2024,17,Amon-Ra St. Brown,WR,16.5,17.56,20.0,1.06,2.44
ablate v2_pff_alignment_matchup,2024,12,Malik Nabers,WR,9.48,9.96,12.4,0.48,2.44
ablate v2_scheme_matchup,2022,17,Hunter Henry,TE,7.38,7.76,10.2,0.38,2.44
ablate v2_scheme_matchup,2024,18,Sam LaPorta,TE,15.55,15.74,13.3,0.19,2.44
ablate v2_scheme_matchup,2024,17,George Pickens,WR,10.44,10.44,8.0,0.0,2.44
ablate v2_pff_alignment_matchup,2023,6,DJ Chark,WR,8.43,8.04,5.6,-0.39,2.44
ablate v2_scheme_matchup,2023,14,Tyler Lockett,WR,12.27,12.46,14.9,0.19,2.44
ablate v2_pff_alignment_matchup,2024,13,Travis Kelce,TE,11.75,11.37,13.8,-0.38,2.43
ablate v2_pff_alignment_matchup,2024,16,DK Metcalf,WR,13.04,12.27,14.7,-0.77,2.43
ablate v2_scheme_matchup,2022,10,Michael Pittman,WR,9.87,9.87,12.3,0.0,2.43
ablate v2_pff_alignment_matchup,2022,17,Tyler Higbee,TE,6.43,6.53,4.1,0.1,2.43
ablate v2_scheme_matchup,2022,18,Jakobi Meyers,WR,9.77,9.77,12.2,0.0,2.43
ablate v2_scheme_matchup,2023,14,Josh Downs,WR,8.71,8.62,6.2,-0.09,2.42
ablate v2_scheme_matchup,2023,12,Kyle Pitts,TE,6.72,6.62,4.2,-0.1,2.42
ablate v2_scheme_matchup,2025,5,Tyquan Thornton,WR,9.67,9.58,12.0,-0.09,2.42
ablate v2_pff_alignment_matchup,2023,12,Kyle Pitts,TE,6.72,6.62,4.2,-0.1,2.42
ablate v2_pff_alignment_matchup,2022,13,Foster Moreau,TE,6.53,6.62,4.2,0.09,2.42
ablate v2_scheme_matchup,2025,10,DeVonta Smith,WR,14.38,14.48,16.9,0.1,2.42
ablate v2_scheme_matchup,2023,5,Christian Kirk,WR,11.98,11.98,14.4,0.0,2.42
ablate v2_pff_alignment_matchup,2024,6,Amon-Ra St. Brown,WR,15.15,16.11,13.7,0.96,2.41
ablate v2_pff_alignment_matchup,2023,3,Michael Pittman,WR,14.38,14.29,16.7,-0.09,2.41
ablate v2_pff_alignment_matchup,2024,9,CeeDee Lamb,WR,19.38,18.61,16.2,-0.77,2.41
ablate v2_pff_alignment_matchup,2022,10,T.J. Hockenson,TE,9.76,9.09,11.5,-0.67,2.41
ablate v2_pff_alignment_matchup,2024,16,Amon-Ra St. Brown,WR,17.07,16.59,19.0,-0.48,2.41
ablate v2_pff_alignment_matchup,2023,5,Terry McLaurin,WR,11.98,11.31,8.9,-0.67,2.41
ablate v2_pff_alignment_matchup,2023,17,Curtis Samuel,WR,8.04,8.71,6.3,0.67,2.41
ablate v2_scheme_matchup,2023,4,Amon-Ra St. Brown,WR,14.38,14.19,16.6,-0.19,2.41
ablate v2_pff_alignment_matchup,2023,16,Nico Collins,WR,11.4,11.4,13.8,0.0,2.4
ablate v2_pff_alignment_matchup,2023,5,Luke Musgrave,TE,8.14,7.0,9.4,-1.14,2.4
ablate v2_scheme_matchup,2025,5,Hunter Henry,TE,9.38,9.0,6.6,-0.38,2.4
ablate v2_scheme_matchup,2022,15,Jelani Woods,TE,6.34,7.0,4.6,0.66,2.4
ablate v2_scheme_matchup,2023,7,Zay Flowers,WR,9.1,9.1,11.5,0.0,2.4
ablate v2_pff_alignment_matchup,2023,18,Kyle Pitts,TE,7.38,7.1,4.7,-0.28,2.4
ablate v2_pff_alignment_matchup,2023,6,Rondale Moore,WR,9.0,9.0,6.6,0.0,2.4
ablate v2_pff_alignment_matchup,2023,7,Zay Flowers,WR,9.1,9.1,11.5,0.0,2.4
ablate v2_scheme_matchup,2023,12,Romeo Doubs,WR,9.0,9.1,6.7,0.1,2.4
ablate v2_scheme_matchup,2023,16,Nico Collins,WR,11.4,11.4,13.8,0.0,2.4
ablate v2_scheme_matchup,2023,6,Rondale Moore,WR,9.0,9.0,6.6,0.0,2.4
ablate v2_scheme_matchup,2024,18,Jaylen Waddle,WR,11.4,11.4,9.0,0.0,2.4
ablate v2_scheme_matchup,2025,7,Travis Kelce,TE,10.23,10.8,8.4,0.57,2.4
ablate v2_scheme_matchup,2023,11,Jaxon Smith-Njigba,WR,9.58,9.39,7.0,-0.19,2.39
ablate v2_pff_alignment_matchup,2024,12,Josh Palmer,WR,8.71,9.19,6.8,0.48,2.39
ablate v2_scheme_matchup,2022,4,DJ Moore,WR,14.58,14.48,12.1,-0.1,2.38
ablate v2_scheme_matchup,2024,7,Terry McLaurin,WR,13.23,13.42,15.8,0.19,2.38
ablate v2_scheme_matchup,2022,4,A.J. Brown,WR,17.07,16.88,14.5,-0.19,2.38
ablate v2_pff_alignment_matchup,2024,5,Nico Collins,WR,13.42,13.42,15.8,0.0,2.38
ablate v2_scheme_matchup,2022,6,Evan Engram,TE,6.53,6.62,9.0,0.09,2.38
ablate v2_scheme_matchup,2024,5,Nico Collins,WR,13.42,13.42,15.8,0.0,2.38
ablate v2_scheme_matchup,2024,5,Josh Downs,WR,13.52,13.52,15.9,0.0,2.38
ablate v2_pff_alignment_matchup,2022,6,Evan Engram,TE,6.53,6.62,9.0,0.09,2.38
ablate v2_scheme_matchup,2025,7,Jauan Jennings,WR,9.1,9.48,7.1,0.38,2.38
ablate v2_pff_alignment_matchup,2025,9,George Kittle,TE,9.19,9.28,6.9,0.09,2.38
ablate v2_pff_alignment_matchup,2022,9,Adam Thielen,WR,12.27,12.08,9.7,-0.19,2.38
ablate v2_scheme_matchup,2024,17,Pat Freiermuth,TE,7.95,8.62,11.0,0.67,2.38
ablate v2_pff_alignment_matchup,2025,7,Jauan Jennings,WR,9.1,9.48,7.1,0.38,2.38
ablate v2_scheme_matchup,2023,18,Stefon Diggs,WR,13.9,13.33,15.7,-0.57,2.37
ablate v2_scheme_matchup,2023,8,Michael Wilson,WR,12.17,12.17,9.8,0.0,2.37
ablate v2_pff_alignment_matchup,2022,14,George Pickens,WR,8.43,8.43,10.8,0.0,2.37
ablate v2_scheme_matchup,2024,10,George Kittle,TE,16.12,17.07,14.7,0.95,2.37
ablate v2_pff_alignment_matchup,2023,8,Michael Wilson,WR,12.17,12.17,9.8,0.0,2.37
ablate v2_pff_alignment_matchup,2023,12,Tutu Atwell,WR,8.91,8.23,10.6,-0.68,2.37
ablate v2_scheme_matchup,2024,5,Amari Cooper,WR,12.27,12.37,10.0,0.1,2.37
ablate v2_pff_alignment_matchup,2023,5,Brandon Aiyuk,WR,11.69,12.17,9.8,0.48,2.37
ablate v2_pff_alignment_matchup,2024,5,Amari Cooper,WR,12.27,12.37,10.0,0.1,2.37
ablate v2_scheme_matchup,2025,11,Rashid Shaheed,WR,7.18,7.27,4.9,0.09,2.37
ablate v2_pff_alignment_matchup,2025,11,Tee Higgins,WR,12.46,12.94,15.3,0.48,2.36
ablate v2_pff_alignment_matchup,2024,7,Ja'Marr Chase,WR,20.44,19.96,17.6,-0.48,2.36
ablate v2_scheme_matchup,2023,15,George Pickens,WR,10.06,10.06,7.7,0.0,2.36
ablate v2_scheme_matchup,2023,7,Davante Adams,WR,15.06,15.06,12.7,0.0,2.36
ablate v2_scheme_matchup,2023,10,Adam Thielen,WR,12.65,12.56,10.2,-0.09,2.36
ablate v2_pff_alignment_matchup,2022,8,Dallas Goedert,TE,9.28,10.04,12.4,0.76,2.36
ablate v2_pff_alignment_matchup,2025,12,Trey McBride,TE,19.26,19.26,16.9,0.0,2.36
ablate v2_scheme_matchup,2024,17,Tucker Kraft,TE,9.57,9.66,7.3,0.09,2.36
ablate v2_scheme_matchup,2025,12,Trey McBride,TE,19.26,19.26,16.9,0.0,2.36
ablate v2_scheme_matchup,2025,7,Hunter Henry,TE,10.04,9.66,7.3,-0.38,2.36
ablate v2_pff_alignment_matchup,2025,16,Wan'Dale Robinson,WR,7.85,7.56,5.2,-0.29,2.36
ablate v2_pff_alignment_matchup,2024,8,Brian Thomas Jr.,WR,11.89,12.65,15.0,0.76,2.35
ablate v2_scheme_matchup,2022,5,Josh Reynolds,WR,12.94,12.85,15.2,-0.09,2.35
ablate v2_scheme_matchup,2022,14,Chris Godwin Jr.,WR,12.56,12.75,10.4,0.19,2.35
ablate v2_scheme_matchup,2023,7,David Njoku,TE,8.05,8.05,10.4,0.0,2.35
ablate v2_pff_alignment_matchup,2023,14,DeVonta Smith,WR,12.08,12.65,10.3,0.57,2.35
ablate v2_scheme_matchup,2024,11,Hunter Henry,TE,9.66,9.95,12.3,0.29,2.35
ablate v2_scheme_matchup,2025,15,Xavier Worthy,WR,7.66,7.85,5.5,0.19,2.35
ablate v2_scheme_matchup,2024,15,Jameson Williams,WR,10.35,10.35,12.7,0.0,2.35
ablate v2_pff_alignment_matchup,2024,18,Sam LaPorta,TE,15.55,15.65,13.3,0.1,2.35
ablate v2_scheme_matchup,2022,9,Allen Robinson,WR,7.66,7.75,5.4,0.09,2.35
ablate v2_pff_alignment_matchup,2023,7,David Njoku,TE,8.05,8.05,10.4,0.0,2.35
ablate v2_pff_alignment_matchup,2022,9,DeAndre Carter,WR,7.95,7.95,10.3,0.0,2.35
ablate v2_pff_alignment_matchup,2025,5,Keon Coleman,WR,8.62,7.95,10.3,-0.67,2.35
ablate v2_scheme_matchup,2025,17,Chimere Dike,WR,7.85,7.85,10.2,0.0,2.35
ablate v2_scheme_matchup,2023,4,Garrett Wilson,WR,12.56,12.65,15.0,0.09,2.35
ablate v2_scheme_matchup,2023,7,Chris Godwin Jr.,WR,10.44,10.25,12.6,-0.19,2.35
ablate v2_scheme_matchup,2025,6,Elic Ayomanor,WR,8.04,8.04,5.7,0.0,2.34
ablate v2_scheme_matchup,2025,14,CeeDee Lamb,WR,19.86,20.44,18.1,0.58,2.34
ablate v2_pff_alignment_matchup,2025,8,George Pickens,WR,11.21,12.46,14.8,1.25,2.34
ablate v2_pff_alignment_matchup,2022,10,Michael Pittman,WR,9.87,9.96,12.3,0.09,2.34
ablate v2_pff_alignment_matchup,2022,4,Robert Tonyan,TE,8.43,7.86,10.2,-0.57,2.34
ablate v2_scheme_matchup,2023,17,Evan Engram,TE,10.04,9.66,12.0,-0.38,2.34
ablate v2_scheme_matchup,2025,18,Chimere Dike,WR,8.14,8.04,5.7,-0.1,2.34
ablate v2_pff_alignment_matchup,2024,16,Tee Higgins,WR,17.56,17.46,19.8,-0.1,2.34
ablate v2_scheme_matchup,2022,9,Marvin Jones,WR,7.46,7.46,9.8,0.0,2.34
ablate v2_pff_alignment_matchup,2022,5,Curtis Samuel,WR,9.67,9.87,12.2,0.2,2.33
ablate v2_pff_alignment_matchup,2024,8,Jaylen Waddle,WR,10.73,10.83,8.5,0.1,2.33
ablate v2_pff_alignment_matchup,2022,3,A.J. Brown,WR,18.13,17.17,19.5,-0.96,2.33
ablate v2_scheme_matchup,2024,10,Nick Westbrook-Ikhine,WR,8.33,8.43,6.1,0.1,2.33
ablate v2_pff_alignment_matchup,2023,16,T.J. Hockenson,TE,12.32,12.13,9.8,-0.19,2.33
ablate v2_scheme_matchup,2023,15,Deebo Samuel Sr.,WR,19.57,19.57,21.9,0.0,2.33
ablate v2_scheme_matchup,2022,14,Tyler Lockett,WR,14.38,14.67,17.0,0.29,2.33
ablate v2_scheme_matchup,2023,16,T.J. Hockenson,TE,12.32,12.13,9.8,-0.19,2.33
ablate v2_scheme_matchup,2024,15,Garrett Wilson,WR,12.17,12.27,14.6,0.1,2.33
ablate v2_pff_alignment_matchup,2024,14,Xavier Worthy,WR,7.18,7.27,9.6,0.09,2.33
ablate v2_scheme_matchup,2025,16,Josh Downs,WR,9.48,9.48,11.8,0.0,2.32
ablate v2_scheme_matchup,2025,18,Trey McBride,TE,11.18,11.18,13.5,0.0,2.32
ablate v2_pff_alignment_matchup,2022,6,Cade Otton,TE,5.96,6.62,4.3,0.66,2.32
ablate v2_pff_alignment_matchup,2024,17,Jonnu Smith,TE,9.47,9.28,11.6,-0.19,2.32
ablate v2_scheme_matchup,2023,3,Michael Pittman,WR,14.38,14.38,16.7,0.0,2.32
ablate v2_scheme_matchup,2022,4,Chris Olave,WR,14.67,14.38,16.7,-0.29,2.32
ablate v2_scheme_matchup,2025,10,Marvin Harrison Jr.,WR,11.98,11.98,14.3,0.0,2.32
ablate v2_pff_alignment_matchup,2025,18,Trey McBride,TE,11.18,11.18,13.5,0.0,2.32
ablate v2_scheme_matchup,2024,3,Tucker Kraft,TE,7.38,6.72,4.4,-0.66,2.32
ablate v2_pff_alignment_matchup,2025,10,Marvin Harrison Jr.,WR,11.98,11.98,14.3,0.0,2.32
ablate v2_pff_alignment_matchup,2024,10,Jake Ferguson,TE,6.91,6.72,4.4,-0.19,2.32
ablate v2_scheme_matchup,2024,9,CeeDee Lamb,WR,19.38,18.52,16.2,-0.86,2.32
ablate v2_pff_alignment_matchup,2023,18,Terry McLaurin,WR,9.19,9.29,11.6,0.1,2.31
ablate v2_scheme_matchup,2024,18,Tyler Conklin,TE,7.19,7.29,9.6,0.1,2.31
ablate v2_scheme_matchup,2023,16,Dawson Knox,TE,6.72,6.91,4.6,0.19,2.31
ablate v2_scheme_matchup,2024,16,Pat Freiermuth,TE,7.0,6.91,4.6,-0.09,2.31
ablate v2_scheme_matchup,2023,3,Tyler Boyd,WR,11.21,11.21,8.9,0.0,2.31
ablate v2_pff_alignment_matchup,2024,6,Cade Otton,TE,7.48,7.19,9.5,-0.29,2.31
ablate v2_pff_alignment_matchup,2025,13,Josh Downs,WR,9.0,8.71,6.4,-0.29,2.31
ablate v2_pff_alignment_matchup,2023,14,Puka Nacua,WR,11.02,11.69,14.0,0.67,2.31
ablate v2_scheme_matchup,2023,6,Elijah Moore,WR,9.0,9.0,6.7,0.0,2.3
ablate v2_pff_alignment_matchup,2025,5,Josh Downs,WR,9.19,9.1,11.4,-0.09,2.3
ablate v2_scheme_matchup,2024,14,Jakobi Meyers,WR,11.6,11.4,13.7,-0.2,2.3
ablate v2_scheme_matchup,2023,18,Kyle Pitts,TE,7.38,7.0,4.7,-0.38,2.3
ablate v2_pff_alignment_matchup,2023,6,Elijah Moore,WR,9.0,9.0,6.7,0.0,2.3
ablate v2_scheme_matchup,2023,6,Darren Waller,TE,7.19,7.0,9.3,-0.19,2.3
ablate v2_pff_alignment_matchup,2025,17,Dalton Schultz,TE,7.19,7.19,4.9,0.0,2.29
ablate v2_scheme_matchup,2025,18,Hunter Henry,TE,12.04,12.89,10.6,0.85,2.29
ablate v2_scheme_matchup,2024,17,Michael Wilson,WR,9.19,9.19,6.9,0.0,2.29
ablate v2_scheme_matchup,2022,7,Deebo Samuel Sr.,WR,11.89,11.69,9.4,-0.2,2.29
ablate v2_scheme_matchup,2025,17,Dalton Schultz,TE,7.19,7.19,4.9,0.0,2.29
ablate v2_pff_alignment_matchup,2025,12,Chris Olave,WR,13.42,13.71,16.0,0.29,2.29
ablate v2_scheme_matchup,2025,16,Jameson Williams,WR,14.48,14.29,12.0,-0.19,2.29
ablate v2_pff_alignment_matchup,2025,16,Jameson Williams,WR,14.48,14.29,12.0,-0.19,2.29
ablate v2_pff_alignment_matchup,2025,5,Tee Higgins,WR,8.71,8.91,11.2,0.2,2.29
ablate v2_pff_alignment_matchup,2024,17,Michael Wilson,WR,9.19,9.19,6.9,0.0,2.29
ablate v2_scheme_matchup,2024,13,Khalil Shakir,WR,9.19,9.29,7.0,0.1,2.29
ablate v2_pff_alignment_matchup,2022,12,Tyler Lockett,WR,14.1,13.52,15.8,-0.58,2.28
ablate v2_pff_alignment_matchup,2023,11,DeVonta Smith,WR,12.37,13.62,15.9,1.25,2.28
ablate v2_scheme_matchup,2024,13,Ja'Marr Chase,WR,18.32,18.32,20.6,0.0,2.28
ablate v2_pff_alignment_matchup,2024,11,Davante Adams,WR,11.6,10.92,13.2,-0.68,2.28
ablate v2_pff_alignment_matchup,2025,11,Rashid Shaheed,WR,7.18,7.18,4.9,0.0,2.28
ablate v2_pff_alignment_matchup,2025,5,Courtland Sutton,WR,15.92,15.63,17.9,-0.29,2.27
ablate v2_scheme_matchup,2022,15,Romeo Doubs,WR,8.14,8.23,10.5,0.09,2.27
ablate v2_scheme_matchup,2025,12,Juwan Johnson,TE,8.62,8.33,10.6,-0.29,2.27
ablate v2_pff_alignment_matchup,2023,13,Curtis Samuel,WR,9.0,8.23,10.5,-0.77,2.27
ablate v2_pff_alignment_matchup,2025,12,Juwan Johnson,TE,8.62,8.33,10.6,-0.29,2.27
ablate v2_scheme_matchup,2024,11,Cole Kmet,TE,8.9,9.47,7.2,0.57,2.27
ablate v2_pff_alignment_matchup,2025,16,Nico Collins,WR,12.17,12.17,9.9,0.0,2.27
ablate v2_scheme_matchup,2025,16,Nico Collins,WR,12.17,12.17,9.9,0.0,2.27
ablate v2_pff_alignment_matchup,2023,9,Davante Adams,WR,9.39,9.67,7.4,0.28,2.27
ablate v2_scheme_matchup,2022,13,Tee Higgins,WR,14.77,14.77,12.5,0.0,2.27
ablate v2_pff_alignment_matchup,2022,13,Jerry Jeudy,WR,8.43,8.23,10.5,-0.2,2.27
ablate v2_pff_alignment_matchup,2024,15,Tucker Kraft,TE,7.86,7.67,5.4,-0.19,2.27
ablate v2_scheme_matchup,2022,9,Dawson Knox,TE,7.86,7.76,5.5,-0.1,2.26
ablate v2_scheme_matchup,2025,15,Josh Downs,WR,8.23,8.04,10.3,-0.19,2.26
ablate v2_scheme_matchup,2022,12,Nico Collins,WR,8.14,8.14,10.4,0.0,2.26
ablate v2_pff_alignment_matchup,2024,14,Calvin Ridley,WR,11.31,10.64,12.9,-0.67,2.26
ablate v2_scheme_matchup,2024,6,Chig Okonkwo,TE,6.05,5.86,3.6,-0.19,2.26
ablate v2_scheme_matchup,2023,14,DeVonta Smith,WR,12.08,12.56,10.3,0.48,2.26
ablate v2_pff_alignment_matchup,2022,12,Nico Collins,WR,8.14,8.14,10.4,0.0,2.26
ablate v2_pff_alignment_matchup,2022,6,CeeDee Lamb,WR,9.77,10.44,12.7,0.67,2.26
ablate v2_scheme_matchup,2025,8,Olamide Zaccheaus,WR,8.04,8.04,10.3,0.0,2.26
ablate v2_scheme_matchup,2022,7,CeeDee Lamb,WR,12.65,12.85,10.6,0.2,2.25
ablate v2_pff_alignment_matchup,2022,3,Robert Woods,WR,10.06,10.25,12.5,0.19,2.25
ablate v2_scheme_matchup,2024,10,Deebo Samuel Sr.,WR,10.44,10.35,12.6,-0.09,2.25
ablate v2_scheme_matchup,2023,10,Cole Kmet,TE,12.23,11.85,9.6,-0.38,2.25
ablate v2_scheme_matchup,2023,13,Amon-Ra St. Brown,WR,15.06,15.15,12.9,0.09,2.25
ablate v2_pff_alignment_matchup,2023,13,Gerald Everett,TE,6.53,6.15,8.4,-0.38,2.25
ablate v2_pff_alignment_matchup,2025,13,Colston Loveland,TE,8.05,8.05,5.8,0.0,2.25
ablate v2_scheme_matchup,2023,13,Gerald Everett,TE,6.53,6.15,8.4,-0.38,2.25
ablate v2_pff_alignment_matchup,2025,15,Xavier Worthy,WR,7.66,7.75,5.5,0.09,2.25
ablate v2_scheme_matchup,2023,11,Christian Watson,WR,8.23,7.95,10.2,-0.28,2.25
ablate v2_pff_alignment_matchup,2022,17,Hunter Henry,TE,7.38,7.95,10.2,0.57,2.25
ablate v2_pff_alignment_matchup,2023,17,Evan Engram,TE,10.04,9.76,12.0,-0.28,2.24
ablate v2_pff_alignment_matchup,2023,17,Darren Waller,TE,7.67,7.86,10.1,0.19,2.24
ablate v2_pff_alignment_matchup,2025,12,Rome Odunze,WR,10.35,10.54,8.3,0.19,2.24
ablate v2_scheme_matchup,2023,3,David Njoku,TE,8.24,8.24,6.0,0.0,2.24
ablate v2_pff_alignment_matchup,2023,3,David Njoku,TE,8.24,8.24,6.0,0.0,2.24
ablate v2_pff_alignment_matchup,2022,6,Tee Higgins,WR,13.33,12.94,10.7,-0.39,2.24
ablate v2_scheme_matchup,2023,16,DK Metcalf,WR,17.56,17.84,15.6,0.28,2.24
ablate v2_pff_alignment_matchup,2022,8,Donovan Peoples-Jones,WR,9.87,9.87,12.1,0.0,2.23
ablate v2_scheme_matchup,2024,10,Jaylen Waddle,WR,10.92,10.83,8.6,-0.09,2.23
ablate v2_scheme_matchup,2022,14,Michael Gallup,WR,8.14,8.23,6.0,0.09,2.23
ablate v2_scheme_matchup,2022,13,Foster Moreau,TE,6.53,6.43,4.2,-0.1,2.23
ablate v2_scheme_matchup,2023,4,Jaylen Waddle,WR,10.83,10.83,8.6,0.0,2.23
ablate v2_pff_alignment_matchup,2024,13,Noah Gray,TE,7.67,7.57,9.8,-0.1,2.23
ablate v2_scheme_matchup,2025,12,Nico Collins,WR,10.73,10.73,8.5,0.0,2.23
ablate v2_scheme_matchup,2024,8,Jaylen Waddle,WR,10.73,10.73,8.5,0.0,2.23
ablate v2_pff_alignment_matchup,2025,12,Nico Collins,WR,10.73,10.73,8.5,0.0,2.23
ablate v2_scheme_matchup,2022,8,Donovan Peoples-Jones,WR,9.87,9.87,12.1,0.0,2.23
ablate v2_pff_alignment_matchup,2025,5,Tyquan Thornton,WR,9.67,9.77,12.0,0.1,2.23
ablate v2_scheme_matchup,2025,5,Davante Adams,WR,16.31,16.02,13.8,-0.29,2.22
ablate v2_pff_alignment_matchup,2024,5,Jayden Reed,WR,15.73,15.92,13.7,0.19,2.22
ablate v2_pff_alignment_matchup,2025,7,Tetairoa McMillan,WR,8.33,8.52,6.3,0.19,2.22
ablate v2_scheme_matchup,2024,7,Trey McBride,TE,12.32,12.32,10.1,0.0,2.22
ablate v2_pff_alignment_matchup,2024,7,Trey McBride,TE,12.32,12.32,10.1,0.0,2.22
ablate v2_pff_alignment_matchup,2024,17,Dalton Kincaid,TE,6.43,6.62,4.4,0.19,2.22
ablate v2_pff_alignment_matchup,2023,8,Romeo Doubs,WR,9.58,9.58,11.8,0.0,2.22
ablate v2_scheme_matchup,2023,14,Tyler Conklin,TE,7.0,7.48,9.7,0.48,2.22
ablate v2_scheme_matchup,2025,10,Zach Ertz,TE,7.29,7.19,9.4,-0.1,2.21
ablate v2_pff_alignment_matchup,2025,12,Tetairoa McMillan,WR,13.04,13.71,11.5,0.67,2.21
ablate v2_pff_alignment_matchup,2023,9,DeVonta Smith,WR,10.83,11.89,14.1,1.06,2.21
ablate v2_scheme_matchup,2022,15,Cole Kmet,TE,9.09,8.71,6.5,-0.38,2.21
ablate v2_scheme_matchup,2023,7,Curtis Samuel,WR,8.81,8.71,6.5,-0.1,2.21
ablate v2_scheme_matchup,2022,12,DeVonta Smith,WR,11.12,11.21,9.0,0.09,2.21
ablate v2_scheme_matchup,2024,18,Garrett Wilson,WR,11.21,11.31,9.1,0.1,2.21
ablate v2_scheme_matchup,2024,7,Justin Jefferson,WR,18.9,19.19,21.4,0.29,2.21
ablate v2_scheme_matchup,2024,16,DJ Moore,WR,11.6,11.79,14.0,0.19,2.21
ablate v2_scheme_matchup,2022,9,Travis Kelce,TE,18.4,18.4,20.6,0.0,2.2
ablate v2_pff_alignment_matchup,2025,17,Deebo Samuel Sr.,WR,9.0,9.1,11.3,0.1,2.2
ablate v2_scheme_matchup,2025,17,Deebo Samuel Sr.,WR,9.0,9.1,11.3,0.1,2.2
ablate v2_scheme_matchup,2023,18,Michael Pittman,WR,11.79,11.6,9.4,-0.19,2.2
ablate v2_pff_alignment_matchup,2024,6,Christian Kirk,WR,9.1,9.1,6.9,0.0,2.2
ablate v2_pff_alignment_matchup,2025,8,Romeo Doubs,WR,10.64,11.6,9.4,0.96,2.2
ablate v2_scheme_matchup,2025,5,George Pickens,WR,11.89,11.5,13.7,-0.39,2.2
ablate v2_pff_alignment_matchup,2025,6,Tee Higgins,WR,9.19,9.0,11.2,-0.19,2.2
ablate v2_scheme_matchup,2022,4,Courtland Sutton,WR,14.29,14.0,16.2,-0.29,2.2
ablate v2_scheme_matchup,2024,15,Dalton Kincaid,TE,7.76,7.1,9.3,-0.66,2.2
ablate v2_scheme_matchup,2024,9,Khalil Shakir,WR,8.81,8.81,11.0,0.0,2.19
ablate v2_pff_alignment_matchup,2024,9,Khalil Shakir,WR,8.81,8.81,11.0,0.0,2.19
ablate v2_scheme_matchup,2024,16,Jayden Reed,WR,8.91,8.91,11.1,0.0,2.19
ablate v2_scheme_matchup,2022,18,Mike Williams,WR,9.48,9.39,7.2,-0.09,2.19
ablate v2_scheme_matchup,2022,6,Hayden Hurst,TE,7.67,7.29,5.1,-0.38,2.19
ablate v2_scheme_matchup,2022,7,Zay Jones,WR,8.71,8.62,10.8,-0.09,2.18
ablate v2_scheme_matchup,2025,13,Chris Godwin Jr.,WR,8.81,8.62,10.8,-0.19,2.18
ablate v2_pff_alignment_matchup,2022,7,Zay Jones,WR,8.71,8.62,10.8,-0.09,2.18
ablate v2_scheme_matchup,2022,14,George Pickens,WR,8.43,8.62,10.8,0.19,2.18
ablate v2_scheme_matchup,2023,16,Jerry Jeudy,WR,9.48,9.58,7.4,0.1,2.18
ablate v2_scheme_matchup,2022,17,Jerry Jeudy,WR,8.81,8.62,10.8,-0.19,2.18
ablate v2_pff_alignment_matchup,2023,13,Diontae Johnson,WR,11.98,11.12,13.3,-0.86,2.18
ablate v2_scheme_matchup,2023,4,David Njoku,TE,8.43,8.43,10.6,0.0,2.17
ablate v2_scheme_matchup,2024,3,Michael Pittman,WR,9.77,9.77,7.6,0.0,2.17
ablate v2_pff_alignment_matchup,2024,3,Michael Pittman,WR,9.77,9.77,7.6,0.0,2.17
ablate v2_pff_alignment_matchup,2022,8,Allen Robinson,WR,7.66,8.23,10.4,0.57,2.17
ablate v2_pff_alignment_matchup,2023,4,David Njoku,TE,8.43,8.43,10.6,0.0,2.17
ablate v2_pff_alignment_matchup,2025,15,T.J. Hockenson,TE,8.71,8.43,10.6,-0.28,2.17
ablate v2_scheme_matchup,2022,13,Jerry Jeudy,WR,8.43,8.33,10.5,-0.1,2.17
ablate v2_scheme_matchup,2025,4,Michael Pittman,WR,12.17,12.94,15.1,0.77,2.16
ablate v2_pff_alignment_matchup,2023,11,Christian Watson,WR,8.23,8.04,10.2,-0.19,2.16
ablate v2_scheme_matchup,2024,4,Ja'Marr Chase,WR,15.73,15.34,17.5,-0.39,2.16
ablate v2_pff_alignment_matchup,2023,15,DK Metcalf,WR,14.58,14.96,12.8,0.38,2.16
ablate v2_pff_alignment_matchup,2025,15,Josh Downs,WR,8.23,8.14,10.3,-0.09,2.16
ablate v2_scheme_matchup,2023,7,Chris Olave,WR,14.67,14.86,12.7,0.19,2.16
ablate v2_scheme_matchup,2022,10,Pat Freiermuth,TE,10.23,9.76,7.6,-0.47,2.16
ablate v2_pff_alignment_matchup,2024,7,Evan Engram,TE,6.53,6.34,8.5,-0.19,2.16
ablate v2_pff_alignment_matchup,2025,8,Olamide Zaccheaus,WR,8.04,8.14,10.3,0.1,2.16
ablate v2_scheme_matchup,2024,14,Deebo Samuel Sr.,WR,7.56,7.66,5.5,0.1,2.16
ablate v2_scheme_matchup,2022,4,Dallas Goedert,TE,10.23,10.04,12.2,-0.19,2.16
ablate v2_scheme_matchup,2024,16,CeeDee Lamb,WR,15.44,15.34,17.5,-0.1,2.16
ablate v2_pff_alignment_matchup,2023,13,Amon-Ra St. Brown,WR,15.06,15.06,12.9,0.0,2.16
ablate v2_scheme_matchup,2022,16,Travis Kelce,TE,18.12,19.45,17.3,1.33,2.15
ablate v2_scheme_matchup,2024,11,Keenan Allen,WR,10.44,10.25,8.1,-0.19,2.15
ablate v2_pff_alignment_matchup,2023,14,Tyler Lockett,WR,12.27,12.75,14.9,0.48,2.15
ablate v2_scheme_matchup,2025,17,Tre Tucker,WR,7.37,7.75,9.9,0.38,2.15
ablate v2_pff_alignment_matchup,2025,17,Tre Tucker,WR,7.37,7.75,9.9,0.38,2.15
ablate v2_scheme_matchup,2023,3,A.J. Brown,WR,19.96,19.96,22.1,0.0,2.14
ablate v2_pff_alignment_matchup,2023,6,Jakobi Meyers,WR,14.67,14.96,17.1,0.29,2.14
ablate v2_scheme_matchup,2024,8,Jonnu Smith,TE,8.9,8.14,6.0,-0.76,2.14
ablate v2_scheme_matchup,2023,6,Jakobi Meyers,WR,14.67,14.96,17.1,0.29,2.14
ablate v2_pff_alignment_matchup,2023,10,Davante Adams,WR,12.75,12.46,14.6,-0.29,2.14
ablate v2_pff_alignment_matchup,2024,16,Jake Ferguson,TE,7.29,7.86,10.0,0.57,2.14
ablate v2_scheme_matchup,2024,10,Khalil Shakir,WR,9.96,9.67,11.8,-0.29,2.13
ablate v2_pff_alignment_matchup,2023,8,Tee Higgins,WR,9.29,9.77,11.9,0.48,2.13
ablate v2_pff_alignment_matchup,2024,10,Khalil Shakir,WR,9.96,9.67,11.8,-0.29,2.13
ablate v2_scheme_matchup,2023,8,Romeo Doubs,WR,9.58,9.67,11.8,0.09,2.13
ablate v2_pff_alignment_matchup,2024,10,Nick Westbrook-Ikhine,WR,8.33,8.23,6.1,-0.1,2.13
ablate v2_scheme_matchup,2024,18,Mark Andrews,TE,13.27,13.27,15.4,0.0,2.13
ablate v2_scheme_matchup,2024,10,Jake Ferguson,TE,6.91,6.53,4.4,-0.38,2.13
ablate v2_scheme_matchup,2022,11,DeAndre Carter,WR,8.52,8.43,6.3,-0.09,2.13
ablate v2_pff_alignment_matchup,2024,4,DJ Moore,WR,15.92,13.33,11.2,-2.59,2.13
ablate v2_scheme_matchup,2022,18,A.J. Brown,WR,15.25,15.63,13.5,0.38,2.13
ablate v2_pff_alignment_matchup,2022,10,Dawson Knox,TE,7.38,7.57,9.7,0.19,2.13
ablate v2_scheme_matchup,2022,10,Gerald Everett,TE,6.53,6.43,4.3,-0.1,2.13
ablate v2_pff_alignment_matchup,2022,18,Michael Pittman,WR,9.96,9.87,12.0,-0.09,2.13
ablate v2_pff_alignment_matchup,2024,18,Mark Andrews,TE,13.27,13.27,15.4,0.0,2.13
ablate v2_pff_alignment_matchup,2025,4,Hunter Henry,TE,14.89,14.03,11.9,-0.86,2.13
ablate v2_pff_alignment_matchup,2022,10,Gerald Everett,TE,6.53,6.43,4.3,-0.1,2.13
ablate v2_pff_alignment_matchup,2022,18,A.J. Brown,WR,15.25,15.63,13.5,0.38,2.13
ablate v2_scheme_matchup,2025,12,George Kittle,TE,14.03,15.93,13.8,1.9,2.13
ablate v2_scheme_matchup,2023,6,Travis Kelce,TE,22.77,23.53,21.4,0.76,2.13
ablate v2_scheme_matchup,2024,5,Mark Andrews,TE,7.38,7.38,9.5,0.0,2.12
ablate v2_pff_alignment_matchup,2024,5,Mark Andrews,TE,7.38,7.38,9.5,0.0,2.12
ablate v2_scheme_matchup,2022,10,Cade Otton,TE,7.95,8.62,6.5,0.67,2.12
ablate v2_scheme_matchup,2024,6,Cade Otton,TE,7.48,7.38,9.5,-0.1,2.12
ablate v2_pff_alignment_matchup,2024,4,Noah Fant,TE,5.96,6.72,4.6,0.76,2.12
ablate v2_pff_alignment_matchup,2022,15,Jelani Woods,TE,6.34,6.72,4.6,0.38,2.12
ablate v2_pff_alignment_matchup,2022,15,T.J. Hockenson,TE,10.23,10.42,8.3,0.19,2.12
ablate v2_pff_alignment_matchup,2023,9,Chris Olave,WR,13.81,14.48,16.6,0.67,2.12
ablate v2_scheme_matchup,2022,14,Nick Westbrook-Ikhine,WR,9.19,9.19,11.3,0.0,2.11
ablate v2_pff_alignment_matchup,2022,11,Jakobi Meyers,WR,11.4,11.31,9.2,-0.09,2.11
ablate v2_pff_alignment_matchup,2022,7,Alec Pierce,WR,9.67,8.81,6.7,-0.86,2.11
ablate v2_pff_alignment_matchup,2023,15,T.J. Hockenson,TE,14.03,14.41,12.3,0.38,2.11
ablate v2_scheme_matchup,2024,11,DK Metcalf,WR,11.89,11.89,14.0,0.0,2.11
ablate v2_scheme_matchup,2022,16,Mike Williams,WR,13.62,13.71,11.6,0.09,2.11
ablate v2_scheme_matchup,2022,11,Jakobi Meyers,WR,11.4,11.31,9.2,-0.09,2.11
ablate v2_pff_alignment_matchup,2023,5,Dawson Knox,TE,6.81,6.81,4.7,0.0,2.11
ablate v2_scheme_matchup,2025,10,Quentin Johnston,WR,11.4,11.31,9.2,-0.09,2.11
ablate v2_pff_alignment_matchup,2024,18,Garrett Wilson,WR,11.21,11.21,9.1,0.0,2.11
ablate v2_scheme_matchup,2025,13,Tetairoa McMillan,WR,9.19,9.19,11.3,0.0,2.11
ablate v2_pff_alignment_matchup,2022,7,Deebo Samuel Sr.,WR,11.89,11.5,9.4,-0.39,2.1
ablate v2_scheme_matchup,2023,13,Kyle Pitts,TE,7.19,7.0,9.1,-0.19,2.1
ablate v2_pff_alignment_matchup,2022,12,Brandin Cooks,WR,9.0,9.0,11.1,0.0,2.1
ablate v2_pff_alignment_matchup,2025,4,Sam LaPorta,TE,8.81,9.0,6.9,0.19,2.1
ablate v2_pff_alignment_matchup,2023,11,Jaxon Smith-Njigba,WR,9.58,9.1,7.0,-0.48,2.1
ablate v2_scheme_matchup,2025,7,Kayshon Boutte,WR,11.4,11.4,13.5,0.0,2.1
ablate v2_scheme_matchup,2024,10,Xavier Legette,WR,8.62,9.1,7.0,0.48,2.1
ablate v2_scheme_matchup,2025,12,Chris Olave,WR,13.42,13.9,16.0,0.48,2.1
ablate v2_pff_alignment_matchup,2022,7,Tee Higgins,WR,15.83,16.4,14.3,0.57,2.1
ablate v2_scheme_matchup,2022,12,Brandin Cooks,WR,9.0,9.0,11.1,0.0,2.1
ablate v2_pff_alignment_matchup,2024,16,Jayden Reed,WR,8.91,9.0,11.1,0.09,2.1
ablate v2_pff_alignment_matchup,2025,11,T.J. Hockenson,TE,9.19,9.0,6.9,-0.19,2.1
ablate v2_scheme_matchup,2023,6,Rashee Rice,WR,9.39,9.1,11.2,-0.29,2.1
ablate v2_pff_alignment_matchup,2023,6,Rashee Rice,WR,9.39,9.1,11.2,-0.29,2.1
ablate v2_pff_alignment_matchup,2023,6,Mark Andrews,TE,12.99,12.99,10.9,0.0,2.09
ablate v2_scheme_matchup,2024,15,Courtland Sutton,WR,14.58,14.29,12.2,-0.29,2.09
ablate v2_scheme_matchup,2025,3,Amon-Ra St. Brown,WR,18.61,18.61,20.7,0.0,2.09
ablate v2_scheme_matchup,2025,15,Rashee Rice,WR,13.71,14.19,12.1,0.48,2.09
ablate v2_scheme_matchup,2023,6,Mark Andrews,TE,12.99,12.99,10.9,0.0,2.09
ablate v2_scheme_matchup,2023,4,Darren Waller,TE,7.95,7.19,5.1,-0.76,2.09
ablate v2_scheme_matchup,2023,3,Dallas Goedert,TE,11.28,11.18,9.1,-0.1,2.08
ablate v2_pff_alignment_matchup,2023,5,Tyler Conklin,TE,8.9,8.62,10.7,-0.28,2.08
ablate v2_scheme_matchup,2023,6,T.J. Hockenson,TE,12.32,13.08,11.0,0.76,2.08
ablate v2_scheme_matchup,2023,6,David Njoku,TE,7.48,7.48,5.4,0.0,2.08
ablate v2_pff_alignment_matchup,2023,6,David Njoku,TE,7.48,7.48,5.4,0.0,2.08
ablate v2_scheme_matchup,2025,3,Sam LaPorta,TE,9.19,9.38,7.3,0.19,2.08
ablate v2_pff_alignment_matchup,2023,5,Mark Andrews,TE,10.42,10.42,12.5,0.0,2.08
ablate v2_scheme_matchup,2022,4,Darren Waller,TE,7.57,7.48,5.4,-0.09,2.08
ablate v2_scheme_matchup,2024,4,Zach Ertz,TE,9.47,9.28,7.2,-0.19,2.08
ablate v2_scheme_matchup,2025,5,Chig Okonkwo,TE,6.72,6.72,8.8,0.0,2.08
ablate v2_scheme_matchup,2022,12,Diontae Johnson,WR,11.89,11.98,9.9,0.09,2.08
ablate v2_scheme_matchup,2023,5,Mark Andrews,TE,10.42,10.42,12.5,0.0,2.08
ablate v2_scheme_matchup,2025,7,Romeo Doubs,WR,11.31,11.12,13.2,-0.19,2.08
ablate v2_pff_alignment_matchup,2023,15,George Pickens,WR,10.06,9.77,7.7,-0.29,2.07
ablate v2_pff_alignment_matchup,2022,14,Pat Freiermuth,TE,10.33,10.23,12.3,-0.1,2.07
ablate v2_pff_alignment_matchup,2023,4,Jayden Reed,WR,7.95,8.43,10.5,0.48,2.07
ablate v2_pff_alignment_matchup,2023,17,Pat Freiermuth,TE,8.81,9.47,7.4,0.66,2.07
ablate v2_scheme_matchup,2023,17,Cooper Kupp,WR,14.96,14.77,12.7,-0.19,2.07
ablate v2_scheme_matchup,2024,18,Mike Evans,WR,15.73,15.83,17.9,0.1,2.07
ablate v2_pff_alignment_matchup,2022,5,Josh Reynolds,WR,12.94,13.13,15.2,0.19,2.07
ablate v2_scheme_matchup,2024,7,Evan Engram,TE,6.53,6.43,8.5,-0.1,2.07
ablate v2_scheme_matchup,2025,5,Courtland Sutton,WR,15.92,15.83,17.9,-0.09,2.07
ablate v2_pff_alignment_matchup,2025,17,Chimere Dike,WR,7.85,8.14,10.2,0.29,2.06
ablate v2_scheme_matchup,2023,13,Chris Godwin Jr.,WR,9.77,9.96,7.9,0.19,2.06
ablate v2_pff_alignment_matchup,2022,3,Richie James,WR,9.67,10.06,8.0,0.39,2.06
ablate v2_pff_alignment_matchup,2025,4,Michael Pittman,WR,12.17,13.04,15.1,0.87,2.06
ablate v2_scheme_matchup,2022,3,Richie James,WR,9.67,10.06,8.0,0.39,2.06
ablate v2_pff_alignment_matchup,2022,7,CeeDee Lamb,WR,12.65,12.65,10.6,0.0,2.05
ablate v2_pff_alignment_matchup,2022,18,Treylon Burks,WR,7.66,7.95,5.9,0.29,2.05
ablate v2_pff_alignment_matchup,2023,7,Elijah Moore,WR,7.85,7.85,9.9,0.0,2.05
ablate v2_pff_alignment_matchup,2024,16,Davante Adams,WR,17.94,17.75,19.8,-0.19,2.05
ablate v2_scheme_matchup,2024,16,Jake Ferguson,TE,7.29,7.95,10.0,0.66,2.05
ablate v2_scheme_matchup,2023,17,Darren Waller,TE,7.67,8.05,10.1,0.38,2.05
ablate v2_scheme_matchup,2024,6,Wan'Dale Robinson,WR,8.04,7.95,10.0,-0.09,2.05
ablate v2_pff_alignment_matchup,2024,4,Jaxon Smith-Njigba,WR,14.86,15.15,13.1,0.29,2.05
ablate v2_scheme_matchup,2024,16,Tee Higgins,WR,17.56,17.75,19.8,0.19,2.05
ablate v2_scheme_matchup,2023,7,Elijah Moore,WR,7.85,7.85,9.9,0.0,2.05
ablate v2_pff_alignment_matchup,2022,9,Marvin Jones,WR,7.46,7.75,9.8,0.29,2.05
ablate v2_scheme_matchup,2022,12,DeVante Parker,WR,10.25,9.96,12.0,-0.29,2.04
ablate v2_pff_alignment_matchup,2024,15,Ja'Marr Chase,WR,20.34,20.44,18.4,0.1,2.04
ablate v2_scheme_matchup,2022,7,Brandin Cooks,WR,10.64,10.64,8.6,0.0,2.04
ablate v2_pff_alignment_matchup,2023,4,Jaylen Waddle,WR,10.83,10.64,8.6,-0.19,2.04
ablate v2_scheme_matchup,2024,13,Noah Gray,TE,7.67,7.76,9.8,0.09,2.04
ablate v2_pff_alignment_matchup,2023,15,Dalton Schultz,TE,7.76,7.76,9.8,0.0,2.04
ablate v2_scheme_matchup,2022,18,Michael Pittman,WR,9.96,9.96,12.0,0.0,2.04
ablate v2_pff_alignment_matchup,2022,7,Brandin Cooks,WR,10.64,10.64,8.6,0.0,2.04
ablate v2_scheme_matchup,2025,17,Mike Evans,WR,10.06,10.06,12.1,0.0,2.04
ablate v2_scheme_matchup,2023,15,Dalton Schultz,TE,7.76,7.76,9.8,0.0,2.04
ablate v2_pff_alignment_matchup,2023,14,Josh Downs,WR,8.71,8.23,6.2,-0.48,2.03
ablate v2_pff_alignment_matchup,2024,12,Mike Evans,WR,9.96,9.77,11.8,-0.19,2.03
ablate v2_pff_alignment_matchup,2024,4,Dalton Kincaid,TE,8.05,7.67,9.7,-0.38,2.03
ablate v2_pff_alignment_matchup,2024,3,Christian Watson,WR,10.16,10.73,8.7,0.57,2.03
ablate v2_scheme_matchup,2025,16,Tee Higgins,WR,12.46,12.27,14.3,-0.19,2.03
ablate v2_pff_alignment_matchup,2022,11,DeAndre Carter,WR,8.52,8.33,6.3,-0.19,2.03
ablate v2_scheme_matchup,2022,3,Tyler Higbee,TE,11.47,12.13,10.1,0.66,2.03
ablate v2_pff_alignment_matchup,2022,4,Chris Olave,WR,14.67,14.67,16.7,0.0,2.03
ablate v2_scheme_matchup,2023,6,Chris Olave,WR,14.58,14.58,16.6,0.0,2.02
ablate v2_pff_alignment_matchup,2024,11,A.J. Brown,WR,14.0,13.52,11.5,-0.48,2.02
ablate v2_pff_alignment_matchup,2024,11,DK Metcalf,WR,11.89,11.98,14.0,0.09,2.02
ablate v2_scheme_matchup,2022,6,Gabe Davis,WR,14.48,14.38,16.4,-0.1,2.02
ablate v2_scheme_matchup,2023,9,Romeo Doubs,WR,8.91,8.62,6.6,-0.29,2.02
ablate v2_scheme_matchup,2023,14,T.J. Hockenson,TE,12.23,12.32,10.3,0.09,2.02
ablate v2_pff_alignment_matchup,2025,17,Colby Parkinson,TE,8.71,9.28,11.3,0.57,2.02
ablate v2_scheme_matchup,2023,18,Terry McLaurin,WR,9.19,9.58,11.6,0.39,2.02
ablate v2_scheme_matchup,2024,14,Marvin Harrison Jr.,WR,10.92,10.92,8.9,0.0,2.02
ablate v2_pff_alignment_matchup,2024,14,Sam LaPorta,TE,12.32,12.42,10.4,0.1,2.02
ablate v2_pff_alignment_matchup,2024,14,Marvin Harrison Jr.,WR,10.92,10.92,8.9,0.0,2.02
ablate v2_pff_alignment_matchup,2023,13,Romeo Doubs,WR,8.33,9.19,11.2,0.86,2.01
ablate v2_pff_alignment_matchup,2025,13,Tetairoa McMillan,WR,9.19,9.29,11.3,0.1,2.01
ablate v2_pff_alignment_matchup,2024,14,Jakobi Meyers,WR,11.6,11.69,13.7,0.09,2.01
ablate v2_scheme_matchup,2023,6,Christian Kirk,WR,12.17,11.89,13.9,-0.28,2.01
ablate v2_pff_alignment_matchup,2022,14,Nick Westbrook-Ikhine,WR,9.19,9.29,11.3,0.1,2.01
ablate v2_scheme_matchup,2022,16,Courtland Sutton,WR,9.39,9.39,11.4,0.0,2.01
ablate v2_pff_alignment_matchup,2024,16,Malik Nabers,WR,12.56,11.79,13.8,-0.77,2.01
ablate v2_pff_alignment_matchup,2022,10,Mike Gesicki,TE,7.29,7.1,5.1,-0.19,2.0
ablate v2_scheme_matchup,2025,16,Keenan Allen,WR,11.4,11.4,9.4,0.0,2.0
ablate v2_pff_alignment_matchup,2025,11,Jauan Jennings,WR,10.92,11.4,9.4,0.48,2.0
ablate v2_scheme_matchup,2022,12,Treylon Burks,WR,9.0,9.0,11.0,0.0,2.0
ablate v2_scheme_matchup,2023,8,Rashee Rice,WR,11.79,11.6,9.6,-0.19,2.0
ablate v2_pff_alignment_matchup,2025,13,Kayshon Boutte,WR,10.83,11.5,13.5,0.67,2.0
ablate v2_scheme_matchup,2025,3,Tyreek Hill,WR,13.9,13.9,15.9,0.0,2.0
ablate v2_scheme_matchup,2022,3,Garrett Wilson,WR,13.9,14.0,12.0,0.1,2.0
ablate v2_pff_alignment_matchup,2022,4,Randall Cobb,WR,10.25,9.19,7.2,-1.06,1.99
ablate v2_scheme_matchup,2025,7,Amon-Ra St. Brown,WR,18.61,18.61,20.6,0.0,1.99
ablate v2_pff_alignment_matchup,2022,13,Austin Hooper,TE,6.53,7.19,5.2,0.66,1.99
ablate v2_scheme_matchup,2024,7,Tee Higgins,WR,15.54,16.21,18.2,0.67,1.99
ablate v2_scheme_matchup,2023,13,Curtis Samuel,WR,9.0,8.52,10.5,-0.48,1.98
ablate v2_pff_alignment_matchup,2022,15,Adam Thielen,WR,11.31,11.12,13.1,-0.19,1.98
ablate v2_scheme_matchup,2025,10,Puka Nacua,WR,19.38,19.38,17.4,0.0,1.98
ablate v2_pff_alignment_matchup,2023,14,Keenan Allen,WR,14.77,14.77,12.8,0.0,1.97
ablate v2_scheme_matchup,2024,5,Christian Kirk,WR,11.21,10.83,12.8,-0.38,1.97
ablate v2_scheme_matchup,2025,7,T.J. Hockenson,TE,9.76,8.33,10.3,-1.43,1.97
ablate v2_scheme_matchup,2022,4,Brandon Aiyuk,WR,9.39,9.67,7.7,0.28,1.97
ablate v2_pff_alignment_matchup,2025,14,Brenton Strange,TE,7.0,7.67,5.7,0.67,1.97
ablate v2_pff_alignment_matchup,2023,4,Tyler Higbee,TE,13.94,13.37,11.4,-0.57,1.97
ablate v2_pff_alignment_matchup,2022,10,Terrace Marshall Jr.,WR,6.79,7.27,5.3,0.48,1.97
ablate v2_pff_alignment_matchup,2023,7,Davante Adams,WR,15.06,14.67,12.7,-0.39,1.97
ablate v2_scheme_matchup,2023,10,Dalton Kincaid,TE,13.65,14.13,16.1,0.48,1.97
ablate v2_pff_alignment_matchup,2023,7,Chris Olave,WR,14.67,14.67,12.7,0.0,1.97
ablate v2_pff_alignment_matchup,2023,8,Jonathan Mingo,WR,8.23,8.23,10.2,0.0,1.97
ablate v2_scheme_matchup,2023,3,Gabe Davis,WR,12.85,12.27,10.3,-0.58,1.97
ablate v2_pff_alignment_matchup,2023,16,Brandin Cooks,WR,9.48,8.33,10.3,-1.15,1.97
ablate v2_scheme_matchup,2022,7,Davante Adams,WR,16.11,15.54,17.5,-0.57,1.96
ablate v2_scheme_matchup,2023,10,Sam LaPorta,TE,9.57,9.95,8.0,0.38,1.95
ablate v2_scheme_matchup,2022,17,Tyreek Hill,WR,17.65,17.65,15.7,0.0,1.95
ablate v2_pff_alignment_matchup,2022,14,Isaiah McKenzie,WR,7.66,7.75,5.8,0.09,1.95
ablate v2_scheme_matchup,2022,15,Mark Andrews,TE,8.05,8.05,6.1,0.0,1.95
ablate v2_scheme_matchup,2025,12,Rome Odunze,WR,10.35,10.25,8.3,-0.1,1.95
ablate v2_pff_alignment_matchup,2022,15,Chris Olave,WR,9.77,10.25,8.3,0.48,1.95
ablate v2_pff_alignment_matchup,2025,4,Dalton Kincaid,TE,11.85,11.75,9.8,-0.1,1.95
ablate v2_pff_alignment_matchup,2025,14,CeeDee Lamb,WR,19.86,20.05,18.1,0.19,1.95
ablate v2_pff_alignment_matchup,2022,15,Mark Andrews,TE,8.05,8.05,6.1,0.0,1.95
ablate v2_pff_alignment_matchup,2023,4,DeVonta Smith,WR,13.13,12.85,14.8,-0.28,1.95
ablate v2_scheme_matchup,2025,7,Jonnu Smith,TE,9.57,9.85,11.8,0.28,1.95
ablate v2_pff_alignment_matchup,2023,6,Nico Collins,WR,10.06,10.06,12.0,0.0,1.94
ablate v2_scheme_matchup,2025,8,Noah Gray,TE,6.05,6.24,4.3,0.19,1.94
ablate v2_pff_alignment_matchup,2023,16,Jaxon Smith-Njigba,WR,10.16,10.16,12.1,0.0,1.94
ablate v2_scheme_matchup,2022,7,Olamide Zaccheaus,WR,7.85,8.04,6.1,0.19,1.94
ablate v2_scheme_matchup,2022,7,Robert Tonyan,TE,8.62,8.14,6.2,-0.48,1.94
ablate v2_pff_alignment_matchup,2024,6,Drake London,WR,17.75,17.46,19.4,-0.29,1.94
ablate v2_scheme_matchup,2023,6,Nico Collins,WR,10.06,10.06,12.0,0.0,1.94
ablate v2_scheme_matchup,2024,16,Garrett Wilson,WR,13.33,13.33,11.4,0.0,1.93
ablate v2_pff_alignment_matchup,2023,9,Kyle Pitts,TE,7.19,7.67,9.6,0.48,1.93
ablate v2_scheme_matchup,2023,13,Tyler Conklin,TE,7.76,8.43,6.5,0.67,1.93
ablate v2_pff_alignment_matchup,2024,7,George Kittle,TE,13.56,13.27,15.2,-0.29,1.93
ablate v2_scheme_matchup,2025,7,Tetairoa McMillan,WR,8.33,8.23,6.3,-0.1,1.93
ablate v2_scheme_matchup,2024,16,Amon-Ra St. Brown,WR,17.07,17.07,19.0,0.0,1.93
ablate v2_scheme_matchup,2022,10,T.J. Hockenson,TE,9.76,9.57,11.5,-0.19,1.93
ablate v2_scheme_matchup,2025,12,Brock Bowers,TE,9.95,9.57,11.5,-0.38,1.93
ablate v2_pff_alignment_matchup,2023,7,Drake London,WR,12.65,13.33,11.4,0.68,1.93
ablate v2_pff_alignment_matchup,2024,12,Zay Flowers,WR,13.13,13.13,11.2,0.0,1.93
ablate v2_scheme_matchup,2024,12,Zay Flowers,WR,13.13,13.13,11.2,0.0,1.93
ablate v2_scheme_matchup,2025,5,Josh Downs,WR,9.19,9.48,11.4,0.29,1.92
ablate v2_pff_alignment_matchup,2024,16,DJ Moore,WR,11.6,12.08,14.0,0.48,1.92
ablate v2_pff_alignment_matchup,2023,14,Pat Freiermuth,TE,9.28,8.71,6.8,-0.57,1.91
ablate v2_scheme_matchup,2025,13,Mark Andrews,TE,10.61,10.61,8.7,0.0,1.91
ablate v2_pff_alignment_matchup,2025,13,Mark Andrews,TE,10.61,10.61,8.7,0.0,1.91
ablate v2_scheme_matchup,2025,13,George Pickens,WR,18.71,18.71,16.8,0.0,1.91
ablate v2_scheme_matchup,2025,6,Tee Higgins,WR,9.19,9.29,11.2,0.1,1.91
ablate v2_pff_alignment_matchup,2022,6,David Njoku,TE,10.71,10.71,8.8,0.0,1.91
ablate v2_scheme_matchup,2025,9,Amon-Ra St. Brown,WR,16.79,16.79,18.7,0.0,1.91
ablate v2_scheme_matchup,2024,12,Josh Palmer,WR,8.71,8.71,6.8,0.0,1.91
ablate v2_scheme_matchup,2024,4,Brandon Aiyuk,WR,8.71,8.71,6.8,0.0,1.91
ablate v2_scheme_matchup,2023,7,George Kittle,TE,11.56,11.09,13.0,-0.47,1.91
ablate v2_scheme_matchup,2022,6,David Njoku,TE,10.71,10.71,8.8,0.0,1.91
ablate v2_pff_alignment_matchup,2024,5,Hunter Henry,TE,7.67,7.1,5.2,-0.57,1.9
ablate v2_pff_alignment_matchup,2025,14,A.J. Brown,WR,13.81,14.1,16.0,0.29,1.9
ablate v2_scheme_matchup,2023,11,Nico Collins,WR,11.6,11.6,13.5,0.0,1.9
ablate v2_pff_alignment_matchup,2024,10,Mike Gesicki,TE,8.9,8.9,7.0,0.0,1.9
ablate v2_scheme_matchup,2025,15,A.J. Brown,WR,13.52,14.0,12.1,0.48,1.9
ablate v2_pff_alignment_matchup,2024,9,Jalen Tolbert,WR,9.48,9.0,10.9,-0.48,1.9
ablate v2_pff_alignment_matchup,2023,11,Nico Collins,WR,11.6,11.6,13.5,0.0,1.9
ablate v2_scheme_matchup,2022,11,Drake London,WR,8.81,9.1,7.2,0.29,1.9
ablate v2_pff_alignment_matchup,2023,13,Courtland Sutton,WR,13.13,13.81,15.7,0.68,1.89
ablate v2_pff_alignment_matchup,2024,15,Keon Coleman,WR,8.52,9.29,7.4,0.77,1.89
ablate v2_scheme_matchup,2023,17,Mike Evans,WR,11.69,11.89,10.0,0.2,1.89
ablate v2_pff_alignment_matchup,2022,14,Marquise Brown,WR,9.29,9.29,7.4,0.0,1.89
ablate v2_scheme_matchup,2024,5,Jaxon Smith-Njigba,WR,11.21,11.21,13.1,0.0,1.89
ablate v2_pff_alignment_matchup,2025,15,Deebo Samuel Sr.,WR,8.91,9.19,7.3,0.28,1.89
ablate v2_scheme_matchup,2023,9,Davante Adams,WR,9.39,9.29,7.4,-0.1,1.89
ablate v2_pff_alignment_matchup,2024,3,Zach Ertz,TE,5.96,6.91,8.8,0.95,1.89
ablate v2_pff_alignment_matchup,2022,15,Amari Cooper,WR,11.69,11.69,9.8,0.0,1.89
ablate v2_scheme_matchup,2022,16,Dalton Schultz,TE,9.57,9.19,7.3,-0.38,1.89
ablate v2_scheme_matchup,2022,15,Amari Cooper,WR,11.69,11.69,9.8,0.0,1.89
ablate v2_scheme_matchup,2024,11,Davante Adams,WR,11.6,11.31,13.2,-0.29,1.89
ablate v2_scheme_matchup,2022,14,Marquise Brown,WR,9.29,9.29,7.4,0.0,1.89
ablate v2_scheme_matchup,2024,17,Justin Jefferson,WR,18.9,19.09,17.2,0.19,1.89
ablate v2_pff_alignment_matchup,2023,7,Nelson Agholor,WR,6.31,6.31,8.2,0.0,1.89
ablate v2_scheme_matchup,2024,14,Jameson Williams,WR,11.02,11.12,13.0,0.1,1.88
ablate v2_pff_alignment_matchup,2025,6,Jake Ferguson,TE,11.09,10.42,12.3,-0.67,1.88
ablate v2_scheme_matchup,2022,9,Tee Higgins,WR,11.02,11.12,13.0,0.1,1.88
ablate v2_scheme_matchup,2025,9,Jonnu Smith,TE,6.91,7.38,5.5,0.47,1.88
ablate v2_pff_alignment_matchup,2024,13,Cole Kmet,TE,6.91,7.48,5.6,0.57,1.88
ablate v2_pff_alignment_matchup,2022,9,Tee Higgins,WR,11.02,11.12,13.0,0.1,1.88
ablate v2_pff_alignment_matchup,2022,13,Tee Higgins,WR,14.77,14.38,12.5,-0.39,1.88
ablate v2_pff_alignment_matchup,2025,9,Jonnu Smith,TE,6.91,7.38,5.5,0.47,1.88
ablate v2_pff_alignment_matchup,2022,7,Amari Cooper,WR,12.27,12.27,10.4,0.0,1.87
ablate v2_scheme_matchup,2022,6,Zach Ertz,TE,12.13,12.13,14.0,0.0,1.87
ablate v2_pff_alignment_matchup,2022,6,Zach Ertz,TE,12.13,12.13,14.0,0.0,1.87
ablate v2_scheme_matchup,2023,14,Keenan Allen,WR,14.77,14.67,12.8,-0.1,1.87
ablate v2_pff_alignment_matchup,2023,8,Adam Thielen,WR,16.5,17.07,15.2,0.57,1.87
ablate v2_scheme_matchup,2022,7,Amari Cooper,WR,12.27,12.27,10.4,0.0,1.87
ablate v2_pff_alignment_matchup,2022,14,Chris Godwin Jr.,WR,12.56,12.27,10.4,-0.29,1.87
ablate v2_pff_alignment_matchup,2022,5,Terry McLaurin,WR,12.46,10.73,12.6,-1.73,1.87
ablate v2_scheme_matchup,2022,10,Mike Evans,WR,12.85,12.27,10.4,-0.58,1.87
ablate v2_scheme_matchup,2023,17,Calvin Ridley,WR,9.58,9.77,7.9,0.19,1.87
ablate v2_scheme_matchup,2022,14,Isaiah McKenzie,WR,7.66,7.66,5.8,0.0,1.86
ablate v2_scheme_matchup,2022,8,Pat Freiermuth,TE,12.51,11.56,9.7,-0.95,1.86
ablate v2_scheme_matchup,2024,16,Davante Adams,WR,17.94,17.94,19.8,0.0,1.86
ablate v2_scheme_matchup,2025,4,Brian Thomas Jr.,WR,12.56,12.46,10.6,-0.1,1.86
ablate v2_pff_alignment_matchup,2024,14,Cade Otton,TE,8.43,8.14,10.0,-0.29,1.86
ablate v2_scheme_matchup,2024,4,Jaxon Smith-Njigba,WR,14.86,14.96,13.1,0.1,1.86
ablate v2_pff_alignment_matchup,2025,15,Colston Loveland,TE,9.28,8.24,10.1,-1.04,1.86
ablate v2_pff_alignment_matchup,2025,17,Mike Evans,WR,10.06,10.25,12.1,0.19,1.85
ablate v2_scheme_matchup,2022,7,DeVante Parker,WR,7.85,7.95,9.8,0.1,1.85
ablate v2_pff_alignment_matchup,2022,14,Michael Gallup,WR,8.14,7.85,6.0,-0.29,1.85
ablate v2_pff_alignment_matchup,2023,9,Dallas Goedert,TE,10.71,9.85,8.0,-0.86,1.85
ablate v2_pff_alignment_matchup,2025,15,CeeDee Lamb,WR,15.34,15.25,17.1,-0.09,1.85
ablate v2_scheme_matchup,2023,10,Davante Adams,WR,12.75,12.75,14.6,0.0,1.85
ablate v2_scheme_matchup,2022,12,Nick Westbrook-Ikhine,WR,7.95,7.95,9.8,0.0,1.85
ablate v2_pff_alignment_matchup,2022,12,Travis Kelce,TE,16.6,17.55,15.7,0.95,1.85
ablate v2_scheme_matchup,2024,16,Drake London,WR,12.27,12.75,10.9,0.48,1.85
ablate v2_scheme_matchup,2024,15,Jakobi Meyers,WR,13.04,12.75,10.9,-0.29,1.85
ablate v2_scheme_matchup,2024,16,DK Metcalf,WR,13.04,12.85,14.7,-0.19,1.85
ablate v2_scheme_matchup,2025,9,Xavier Worthy,WR,7.56,7.85,6.0,0.29,1.85
ablate v2_pff_alignment_matchup,2025,11,Jake Ferguson,TE,9.09,9.76,11.6,0.67,1.84
ablate v2_pff_alignment_matchup,2025,12,Puka Nacua,WR,14.77,14.86,16.7,0.09,1.84
ablate v2_scheme_matchup,2025,6,Cooper Kupp,WR,10.16,10.16,12.0,0.0,1.84
ablate v2_scheme_matchup,2024,9,Tyreek Hill,WR,10.16,10.16,12.0,0.0,1.84
ablate v2_scheme_matchup,2025,13,DK Metcalf,WR,7.66,8.04,6.2,0.38,1.84
ablate v2_pff_alignment_matchup,2024,18,Jaylen Waddle,WR,11.4,10.83,9.0,-0.57,1.83
ablate v2_pff_alignment_matchup,2022,9,Kyle Pitts,TE,6.05,6.53,4.7,0.48,1.83
ablate v2_pff_alignment_matchup,2023,6,Dawson Knox,TE,6.62,6.53,4.7,-0.09,1.83
ablate v2_pff_alignment_matchup,2022,17,George Kittle,TE,14.22,14.13,12.3,-0.09,1.83
ablate v2_pff_alignment_matchup,2023,4,Tyler Boyd,WR,7.85,8.43,6.6,0.58,1.83
ablate v2_scheme_matchup,2022,13,Christian Kirk,WR,18.32,18.23,16.4,-0.09,1.83
ablate v2_pff_alignment_matchup,2023,3,Tyler Boyd,WR,11.21,10.73,8.9,-0.48,1.83
ablate v2_pff_alignment_matchup,2022,16,Noah Fant,TE,7.29,7.38,9.2,0.09,1.82
ablate v2_scheme_matchup,2025,12,Jake Ferguson,TE,10.14,9.28,11.1,-0.86,1.82
ablate v2_scheme_matchup,2025,13,Quentin Johnston,WR,9.19,9.48,11.3,0.29,1.82
ablate v2_scheme_matchup,2023,14,Pat Freiermuth,TE,9.28,8.62,6.8,-0.66,1.82
ablate v2_scheme_matchup,2025,14,Deebo Samuel Sr.,WR,8.52,8.52,6.7,0.0,1.82
ablate v2_scheme_matchup,2022,8,Parris Campbell,WR,10.83,10.92,9.1,0.09,1.82
ablate v2_scheme_matchup,2023,12,Courtland Sutton,WR,10.92,10.92,9.1,0.0,1.82
ablate v2_pff_alignment_matchup,2023,12,Courtland Sutton,WR,10.92,10.92,9.1,0.0,1.82
ablate v2_scheme_matchup,2022,8,Alec Pierce,WR,11.21,11.31,9.5,0.1,1.81
ablate v2_pff_alignment_matchup,2025,8,DeVonta Smith,WR,15.73,16.21,14.4,0.48,1.81
ablate v2_pff_alignment_matchup,2025,9,Rashee Rice,WR,17.17,16.79,18.6,-0.38,1.81
ablate v2_scheme_matchup,2025,11,Colston Loveland,TE,8.81,8.81,7.0,0.0,1.81
ablate v2_pff_alignment_matchup,2023,4,Tyler Lockett,WR,11.21,11.21,9.4,0.0,1.81
ablate v2_scheme_matchup,2024,9,Justin Jefferson,WR,19.77,19.77,21.58,0.0,1.81
ablate v2_scheme_matchup,2025,9,George Kittle,TE,9.19,8.71,6.9,-0.48,1.81
ablate v2_pff_alignment_matchup,2025,18,Jaxon Smith-Njigba,WR,15.83,16.21,14.4,0.38,1.81
ablate v2_pff_alignment_matchup,2022,6,Deebo Samuel Sr.,WR,13.52,14.19,16.0,0.67,1.81
ablate v2_scheme_matchup,2025,5,Dallas Goedert,TE,9.66,9.09,10.9,-0.57,1.81
ablate v2_scheme_matchup,2024,7,Ladd McConkey,WR,11.4,11.4,9.6,0.0,1.8
ablate v2_pff_alignment_matchup,2025,13,Chris Godwin Jr.,WR,8.81,9.0,10.8,0.19,1.8
ablate v2_scheme_matchup,2023,16,Jakobi Meyers,WR,8.91,9.0,7.2,0.09,1.8
ablate v2_scheme_matchup,2024,9,Jalen Tolbert,WR,9.48,9.1,10.9,-0.38,1.8
ablate v2_scheme_matchup,2023,11,Logan Thomas,TE,7.19,7.0,8.8,-0.19,1.8
ablate v2_pff_alignment_matchup,2025,15,Rashee Rice,WR,13.71,13.9,12.1,0.19,1.8
ablate v2_pff_alignment_matchup,2024,7,Ladd McConkey,WR,11.4,11.4,9.6,0.0,1.8
ablate v2_pff_alignment_matchup,2023,8,Rashee Rice,WR,11.79,11.4,9.6,-0.39,1.8
ablate v2_pff_alignment_matchup,2024,14,Evan Engram,TE,9.47,9.09,7.3,-0.38,1.79
ablate v2_scheme_matchup,2024,10,Dallas Goedert,TE,9.19,8.71,10.5,-0.48,1.79
ablate v2_pff_alignment_matchup,2022,3,Zach Ertz,TE,8.71,8.71,10.5,0.0,1.79
ablate v2_scheme_matchup,2024,16,Sam LaPorta,TE,12.13,12.51,14.3,0.38,1.79
ablate v2_scheme_matchup,2022,15,Adam Thielen,WR,11.31,11.31,13.1,0.0,1.79
ablate v2_scheme_matchup,2023,3,Justin Jefferson,WR,25.92,26.11,27.9,0.19,1.79
ablate v2_scheme_matchup,2025,15,T.J. Hockenson,TE,8.71,8.81,10.6,0.1,1.79
ablate v2_scheme_matchup,2022,3,Zach Ertz,TE,8.71,8.71,10.5,0.0,1.79
ablate v2_pff_alignment_matchup,2025,3,DJ Moore,WR,15.25,14.58,12.8,-0.67,1.78
ablate v2_pff_alignment_matchup,2025,14,AJ Barner,TE,7.29,7.48,5.7,0.19,1.78
ablate v2_scheme_matchup,2022,9,Hayden Hurst,TE,6.81,6.72,8.5,-0.09,1.78
ablate v2_pff_alignment_matchup,2023,4,DeAndre Hopkins,WR,11.69,12.08,10.3,0.39,1.78
ablate v2_pff_alignment_matchup,2024,7,Josh Palmer,WR,8.52,8.52,10.3,0.0,1.78
ablate v2_scheme_matchup,2023,7,Jonnu Smith,TE,8.24,7.48,5.7,-0.76,1.78
ablate v2_scheme_matchup,2024,7,Josh Palmer,WR,8.52,8.52,10.3,0.0,1.78
ablate v2_pff_alignment_matchup,2024,3,DeVonta Smith,WR,14.1,13.13,14.9,-0.97,1.77
ablate v2_pff_alignment_matchup,2022,4,David Njoku,TE,11.47,11.47,9.7,0.0,1.77
ablate v2_pff_alignment_matchup,2025,4,Brian Thomas Jr.,WR,12.56,12.37,10.6,-0.19,1.77
ablate v2_scheme_matchup,2022,18,Jahan Dotson,WR,8.71,8.43,10.2,-0.28,1.77
ablate v2_scheme_matchup,2025,18,Brian Thomas Jr.,WR,9.67,9.67,7.9,0.0,1.77
ablate v2_pff_alignment_matchup,2023,6,Josh Reynolds,WR,9.67,9.77,8.0,0.1,1.77
ablate v2_pff_alignment_matchup,2022,18,Robert Tonyan,TE,7.19,7.67,5.9,0.48,1.77
ablate v2_scheme_matchup,2022,4,Robert Tonyan,TE,8.43,8.43,10.2,0.0,1.77
ablate v2_pff_alignment_matchup,2024,14,Deebo Samuel Sr.,WR,7.56,7.27,5.5,-0.29,1.77
ablate v2_scheme_matchup,2022,4,David Njoku,TE,11.47,11.47,9.7,0.0,1.77
ablate v2_pff_alignment_matchup,2025,5,Ladd McConkey,WR,14.58,13.13,14.9,-1.45,1.77
ablate v2_pff_alignment_matchup,2025,7,Tre Tucker,WR,10.64,10.06,8.3,-0.58,1.76
ablate v2_pff_alignment_matchup,2025,5,Zay Flowers,WR,10.44,10.44,12.2,0.0,1.76
ablate v2_scheme_matchup,2025,15,CeeDee Lamb,WR,15.34,15.34,17.1,0.0,1.76
ablate v2_scheme_matchup,2025,5,Zay Flowers,WR,10.44,10.44,12.2,0.0,1.76
ablate v2_pff_alignment_matchup,2025,3,Chris Olave,WR,16.5,17.46,15.7,0.96,1.76
ablate v2_pff_alignment_matchup,2023,12,David Njoku,TE,10.14,10.14,11.9,0.0,1.76
ablate v2_scheme_matchup,2023,17,Jaxon Smith-Njigba,WR,9.87,9.96,8.2,0.09,1.76
ablate v2_scheme_matchup,2022,14,Robert Woods,WR,8.14,8.14,9.9,0.0,1.76
ablate v2_scheme_matchup,2023,12,David Njoku,TE,10.14,10.14,11.9,0.0,1.76
ablate v2_pff_alignment_matchup,2022,6,Terry McLaurin,WR,9.48,9.96,8.2,0.48,1.76
ablate v2_scheme_matchup,2023,9,Dallas Goedert,TE,10.71,9.76,8.0,-0.95,1.76
ablate v2_pff_alignment_matchup,2022,14,A.J. Brown,WR,15.73,15.25,17.0,-0.48,1.75
ablate v2_pff_alignment_matchup,2022,4,Hayden Hurst,TE,9.66,9.95,11.7,0.29,1.75
ablate v2_pff_alignment_matchup,2024,15,George Kittle,TE,12.04,11.85,10.1,-0.19,1.75
ablate v2_pff_alignment_matchup,2024,10,Darnell Mooney,WR,12.75,12.85,14.6,0.1,1.75
ablate v2_pff_alignment_matchup,2024,13,Justin Jefferson,WR,14.38,15.15,16.9,0.77,1.75
ablate v2_scheme_matchup,2022,12,DJ Chark,WR,7.95,7.85,9.6,-0.1,1.75
ablate v2_scheme_matchup,2023,16,Jaxon Smith-Njigba,WR,10.16,10.35,12.1,0.19,1.75
ablate v2_scheme_matchup,2025,9,Brian Thomas Jr.,WR,9.96,10.25,8.5,0.29,1.75
ablate v2_pff_alignment_matchup,2023,10,Jordan Addison,WR,11.5,12.65,10.9,1.15,1.75
ablate v2_pff_alignment_matchup,2024,10,Jaylen Waddle,WR,10.92,10.35,8.6,-0.57,1.75
ablate v2_scheme_matchup,2022,15,T.J. Hockenson,TE,10.23,10.04,8.3,-0.19,1.74
ablate v2_scheme_matchup,2023,17,Tyreek Hill,WR,15.34,15.34,13.6,0.0,1.74
ablate v2_pff_alignment_matchup,2025,12,Brock Bowers,TE,9.95,9.76,11.5,-0.19,1.74
ablate v2_scheme_matchup,2023,17,Curtis Samuel,WR,8.04,8.04,6.3,0.0,1.74
ablate v2_scheme_matchup,2025,8,Mark Andrews,TE,8.14,8.14,6.4,0.0,1.74
ablate v2_pff_alignment_matchup,2025,8,Mark Andrews,TE,8.14,8.14,6.4,0.0,1.74
ablate v2_pff_alignment_matchup,2022,16,Mike Williams,WR,13.62,13.33,11.6,-0.29,1.73
ablate v2_pff_alignment_matchup,2022,16,Ja'Marr Chase,WR,15.54,15.63,13.9,0.09,1.73
ablate v2_pff_alignment_matchup,2023,18,Chris Godwin Jr.,WR,10.25,9.77,11.5,-0.48,1.73
ablate v2_pff_alignment_matchup,2025,8,Chris Olave,WR,14.58,15.73,14.0,1.15,1.73
ablate v2_scheme_matchup,2024,5,Chris Godwin Jr.,WR,13.52,13.33,11.6,-0.19,1.73
ablate v2_pff_alignment_matchup,2024,4,Brandon Aiyuk,WR,8.71,8.52,6.8,-0.19,1.72
ablate v2_scheme_matchup,2022,16,Noah Fant,TE,7.29,7.48,9.2,0.19,1.72
ablate v2_scheme_matchup,2025,17,Jaxon Smith-Njigba,WR,14.58,14.48,16.2,-0.1,1.72
ablate v2_pff_alignment_matchup,2023,13,Kyle Pitts,TE,7.19,7.38,9.1,0.19,1.72
ablate v2_pff_alignment_matchup,2023,12,Dalton Kincaid,TE,9.57,10.52,8.8,0.95,1.72
ablate v2_scheme_matchup,2022,13,Chris Godwin Jr.,WR,15.92,16.02,14.3,0.1,1.72
ablate v2_scheme_matchup,2022,13,Ja'Marr Chase,WR,18.32,18.42,16.7,0.1,1.72
ablate v2_scheme_matchup,2023,14,Dalton Kincaid,TE,9.85,8.81,7.1,-1.04,1.71
ablate v2_scheme_matchup,2022,10,Mike Gesicki,TE,7.29,6.81,5.1,-0.48,1.71
ablate v2_pff_alignment_matchup,2024,8,Noah Fant,TE,6.62,6.91,5.2,0.29,1.71
ablate v2_pff_alignment_matchup,2022,11,Drake London,WR,8.81,8.91,7.2,0.1,1.71
ablate v2_pff_alignment_matchup,2025,3,Tyreek Hill,WR,13.9,14.19,15.9,0.29,1.71
ablate v2_pff_alignment_matchup,2025,18,Jameson Williams,WR,10.54,11.69,13.4,1.15,1.71
ablate v2_pff_alignment_matchup,2025,7,Amon-Ra St. Brown,WR,18.61,18.9,20.6,0.29,1.7
ablate v2_scheme_matchup,2023,5,Tyler Conklin,TE,8.9,9.0,10.7,0.1,1.7
ablate v2_pff_alignment_matchup,2023,11,Logan Thomas,TE,7.19,7.1,8.8,-0.09,1.7
ablate v2_scheme_matchup,2024,11,Calvin Ridley,WR,11.5,11.5,9.8,0.0,1.7
ablate v2_pff_alignment_matchup,2022,4,Darren Waller,TE,7.57,7.1,5.4,-0.47,1.7
ablate v2_scheme_matchup,2024,14,Evan Engram,TE,9.47,9.0,7.3,-0.47,1.7
ablate v2_scheme_matchup,2023,3,DJ Moore,WR,11.79,11.4,13.1,-0.39,1.7
ablate v2_scheme_matchup,2023,6,Tyler Conklin,TE,6.81,7.1,5.4,0.29,1.7
ablate v2_scheme_matchup,2025,15,Deebo Samuel Sr.,WR,8.91,9.0,7.3,0.09,1.7
ablate v2_scheme_matchup,2024,8,Jaxon Smith-Njigba,WR,11.31,11.21,12.9,-0.1,1.69
ablate v2_pff_alignment_matchup,2023,3,Zay Flowers,WR,11.31,11.31,13.0,0.0,1.69
ablate v2_scheme_matchup,2023,12,Tutu Atwell,WR,8.91,8.91,10.6,0.0,1.69
ablate v2_scheme_matchup,2025,17,Tyler Warren,TE,10.23,10.99,9.3,0.76,1.69
ablate v2_scheme_matchup,2023,17,Pat Freiermuth,TE,8.81,9.09,7.4,0.28,1.69
ablate v2_scheme_matchup,2025,4,Brenton Strange,TE,9.0,8.81,10.5,-0.19,1.69
ablate v2_scheme_matchup,2024,14,Calvin Ridley,WR,11.31,11.21,12.9,-0.1,1.69
ablate v2_scheme_matchup,2023,3,Zay Flowers,WR,11.31,11.31,13.0,0.0,1.69
ablate v2_scheme_matchup,2022,8,Cooper Kupp,WR,20.44,21.21,22.9,0.77,1.69
ablate v2_scheme_matchup,2023,15,Jerry Jeudy,WR,8.62,8.71,10.4,0.09,1.69
ablate v2_pff_alignment_matchup,2024,10,Dallas Goedert,TE,9.19,8.81,10.5,-0.38,1.69
ablate v2_scheme_matchup,2025,9,Stefon Diggs,WR,10.64,11.12,12.8,0.48,1.68
ablate v2_pff_alignment_matchup,2024,10,Deebo Samuel Sr.,WR,10.44,10.92,12.6,0.48,1.68
ablate v2_pff_alignment_matchup,2025,10,Harold Fannin Jr.,TE,6.72,6.72,8.4,0.0,1.68
ablate v2_pff_alignment_matchup,2023,17,Calvin Ridley,WR,9.58,9.58,7.9,0.0,1.68
ablate v2_pff_alignment_matchup,2024,6,Jaxon Smith-Njigba,WR,13.62,11.98,10.3,-1.64,1.68
ablate v2_scheme_matchup,2025,5,Keon Coleman,WR,8.62,8.62,10.3,0.0,1.68
ablate v2_pff_alignment_matchup,2024,8,Christian Kirk,WR,8.81,9.58,7.9,0.77,1.68
ablate v2_scheme_matchup,2023,15,DK Metcalf,WR,14.58,14.48,12.8,-0.1,1.68
ablate v2_pff_alignment_matchup,2025,3,Kyle Pitts,TE,10.71,9.57,7.9,-1.14,1.67
ablate v2_pff_alignment_matchup,2025,3,Drake London,WR,11.5,12.17,10.5,0.67,1.67
ablate v2_pff_alignment_matchup,2025,5,Wan'Dale Robinson,WR,9.1,9.87,8.2,0.77,1.67
ablate v2_pff_alignment_matchup,2025,4,Travis Kelce,TE,11.09,11.47,9.8,0.38,1.67
ablate v2_pff_alignment_matchup,2022,14,Robert Woods,WR,8.14,8.23,9.9,0.09,1.67
ablate v2_scheme_matchup,2023,4,DeVonta Smith,WR,13.13,13.13,14.8,0.0,1.67
ablate v2_scheme_matchup,2023,6,Josh Reynolds,WR,9.67,9.67,8.0,0.0,1.67
ablate v2_scheme_matchup,2025,6,Romeo Doubs,WR,12.75,12.17,10.5,-0.58,1.67
ablate v2_scheme_matchup,2025,3,Rashid Shaheed,WR,9.96,9.87,8.2,-0.09,1.67
ablate v2_scheme_matchup,2022,12,Josh Palmer,WR,12.46,12.27,10.6,-0.19,1.67
ablate v2_scheme_matchup,2024,11,DeMario Douglas,WR,8.33,8.23,9.9,-0.1,1.67
ablate v2_scheme_matchup,2025,7,Darnell Mooney,WR,8.23,8.14,9.8,-0.09,1.66
ablate v2_pff_alignment_matchup,2022,12,Nick Westbrook-Ikhine,WR,7.95,8.14,9.8,0.19,1.66
ablate v2_pff_alignment_matchup,2023,8,Tank Dell,WR,10.54,10.54,12.2,0.0,1.66
ablate v2_scheme_matchup,2023,8,Tank Dell,WR,10.54,10.54,12.2,0.0,1.66
ablate v2_scheme_matchup,2024,10,Darnell Mooney,WR,12.75,12.94,14.6,0.19,1.66
ablate v2_scheme_matchup,2023,8,Mark Andrews,TE,15.65,15.65,14.0,0.0,1.65
ablate v2_pff_alignment_matchup,2023,8,Mark Andrews,TE,15.65,15.65,14.0,0.0,1.65
ablate v2_scheme_matchup,2023,11,Michael Gallup,WR,7.46,7.75,6.1,0.29,1.65
ablate v2_scheme_matchup,2022,10,Dawson Knox,TE,7.38,8.05,9.7,0.67,1.65
ablate v2_pff_alignment_matchup,2025,16,Tee Higgins,WR,12.46,12.65,14.3,0.19,1.65
ablate v2_pff_alignment_matchup,2023,10,Brandon Aiyuk,WR,13.23,12.85,14.5,-0.38,1.65
ablate v2_scheme_matchup,2024,12,Xavier Legette,WR,7.95,7.95,9.6,0.0,1.65
ablate v2_pff_alignment_matchup,2025,12,Emeka Egbuka,WR,7.75,7.85,6.2,0.1,1.65
ablate v2_pff_alignment_matchup,2024,9,Tyreek Hill,WR,10.16,10.35,12.0,0.19,1.65
ablate v2_scheme_matchup,2024,18,DeMario Douglas,WR,8.33,8.04,6.4,-0.29,1.64
ablate v2_scheme_matchup,2023,7,Drake London,WR,12.65,13.04,11.4,0.39,1.64
ablate v2_scheme_matchup,2022,16,Ja'Marr Chase,WR,15.54,15.54,13.9,0.0,1.64
ablate v2_pff_alignment_matchup,2024,15,Mark Andrews,TE,12.04,12.04,10.4,0.0,1.64
ablate v2_scheme_matchup,2025,12,Puka Nacua,WR,14.77,15.06,16.7,0.29,1.64
ablate v2_pff_alignment_matchup,2024,4,Jauan Jennings,WR,11.12,10.16,11.8,-0.96,1.64
ablate v2_pff_alignment_matchup,2023,17,Jakobi Meyers,WR,10.06,9.96,11.6,-0.1,1.64
ablate v2_scheme_matchup,2024,15,Mark Andrews,TE,12.04,12.04,10.4,0.0,1.64
ablate v2_pff_alignment_matchup,2022,8,Zay Jones,WR,7.75,8.14,6.5,0.39,1.64
ablate v2_scheme_matchup,2022,9,Kyle Pitts,TE,6.05,6.34,4.7,0.29,1.64
ablate v2_scheme_matchup,2024,10,Josh Oliver,TE,7.76,7.57,9.2,-0.19,1.63
ablate v2_scheme_matchup,2024,13,Jaylen Waddle,WR,9.77,9.67,11.3,-0.1,1.63
ablate v2_scheme_matchup,2023,16,Odell Beckham Jr.,WR,8.23,8.23,6.6,0.0,1.63
ablate v2_pff_alignment_matchup,2023,16,Odell Beckham Jr.,WR,8.23,8.23,6.6,0.0,1.63
ablate v2_pff_alignment_matchup,2023,5,Deebo Samuel Sr.,WR,10.06,9.87,11.5,-0.19,1.63
ablate v2_pff_alignment_matchup,2024,7,Justin Jefferson,WR,18.9,19.77,21.4,0.87,1.63
ablate v2_pff_alignment_matchup,2022,8,Parris Campbell,WR,10.83,10.73,9.1,-0.1,1.63
ablate v2_scheme_matchup,2023,4,Tyler Lockett,WR,11.21,11.02,9.4,-0.19,1.62
ablate v2_pff_alignment_matchup,2022,8,T.J. Hockenson,TE,9.66,9.38,11.0,-0.28,1.62
ablate v2_pff_alignment_matchup,2025,5,George Pickens,WR,11.89,12.08,13.7,0.19,1.62
ablate v2_scheme_matchup,2024,5,Mike Gesicki,TE,6.24,6.72,5.1,0.48,1.62
ablate v2_scheme_matchup,2025,7,Marquise Brown,WR,11.31,11.02,9.4,-0.29,1.62
ablate v2_pff_alignment_matchup,2022,4,Dawson Knox,TE,6.91,8.62,7.0,1.71,1.62
ablate v2_scheme_matchup,2025,13,Keenan Allen,WR,8.43,8.62,7.0,0.19,1.62
ablate v2_scheme_matchup,2022,13,Gabe Davis,WR,11.12,11.12,9.5,0.0,1.62
ablate v2_scheme_matchup,2022,12,Tyler Lockett,WR,14.1,14.19,15.8,0.09,1.61
ablate v2_pff_alignment_matchup,2023,12,A.J. Brown,WR,17.27,16.31,14.7,-0.96,1.61
ablate v2_pff_alignment_matchup,2024,7,Darnell Mooney,WR,10.92,11.21,9.6,0.29,1.61
ablate v2_pff_alignment_matchup,2025,18,Terry McLaurin,WR,11.31,11.31,9.7,0.0,1.61
ablate v2_pff_alignment_matchup,2024,8,Brock Bowers,TE,9.57,9.19,10.8,-0.38,1.61
ablate v2_pff_alignment_matchup,2023,15,Courtland Sutton,WR,13.23,13.71,12.1,0.48,1.61
ablate v2_scheme_matchup,2023,16,David Njoku,TE,14.79,14.79,16.4,0.0,1.61
ablate v2_scheme_matchup,2022,6,Corey Davis,WR,8.71,8.81,7.2,0.1,1.61
ablate v2_pff_alignment_matchup,2023,16,David Njoku,TE,14.79,14.79,16.4,0.0,1.61
ablate v2_pff_alignment_matchup,2023,14,Gerald Everett,TE,7.67,7.29,8.9,-0.38,1.61
ablate v2_pff_alignment_matchup,2022,12,Treylon Burks,WR,9.0,9.39,11.0,0.39,1.61
ablate v2_pff_alignment_matchup,2025,3,Amon-Ra St. Brown,WR,18.61,19.09,20.7,0.48,1.61
ablate v2_pff_alignment_matchup,2022,12,Diontae Johnson,WR,11.89,11.5,9.9,-0.39,1.6
ablate v2_pff_alignment_matchup,2025,16,Khalil Shakir,WR,8.14,9.0,7.4,0.86,1.6
ablate v2_pff_alignment_matchup,2024,7,Noah Fant,TE,7.48,8.9,10.5,1.42,1.6
ablate v2_scheme_matchup,2024,11,Tank Dell,WR,11.4,11.4,9.8,0.0,1.6
ablate v2_pff_alignment_matchup,2022,18,Hayden Hurst,TE,6.72,7.0,5.4,0.28,1.6
ablate v2_pff_alignment_matchup,2022,8,Cooper Kupp,WR,20.44,21.3,22.9,0.86,1.6
ablate v2_pff_alignment_matchup,2024,11,Calvin Ridley,WR,11.5,11.4,9.8,-0.1,1.6
ablate v2_pff_alignment_matchup,2024,11,Tank Dell,WR,11.4,11.4,9.8,0.0,1.6
ablate v2_scheme_matchup,2024,13,Michael Wilson,WR,8.91,8.91,10.5,0.0,1.59
ablate v2_pff_alignment_matchup,2023,17,Cooper Kupp,WR,14.96,14.29,12.7,-0.67,1.59
ablate v2_scheme_matchup,2022,8,Stefon Diggs,WR,21.01,21.21,22.8,0.2,1.59
ablate v2_pff_alignment_matchup,2022,4,Dallas Goedert,TE,10.23,10.61,12.2,0.38,1.59
ablate v2_scheme_matchup,2024,10,Quentin Johnston,WR,9.39,8.81,10.4,-0.58,1.59
ablate v2_scheme_matchup,2025,8,Evan Engram,TE,8.71,9.19,7.6,0.48,1.59
ablate v2_pff_alignment_matchup,2024,13,Michael Wilson,WR,8.91,8.91,10.5,0.0,1.59
ablate v2_scheme_matchup,2022,7,Mike Gesicki,TE,6.91,7.29,5.7,0.38,1.59
ablate v2_pff_alignment_matchup,2022,7,Mike Gesicki,TE,6.91,7.29,5.7,0.38,1.59
ablate v2_pff_alignment_matchup,2024,8,Romeo Doubs,WR,12.65,11.79,10.2,-0.86,1.59
ablate v2_scheme_matchup,2022,12,A.J. Brown,WR,14.1,14.19,12.6,0.09,1.59
ablate v2_scheme_matchup,2022,18,Jaylen Waddle,WR,11.98,11.89,10.3,-0.09,1.59
ablate v2_scheme_matchup,2023,16,Terry McLaurin,WR,9.48,9.58,8.0,0.1,1.58
ablate v2_scheme_matchup,2025,17,Jakobi Meyers,WR,9.58,9.48,7.9,-0.1,1.58
ablate v2_pff_alignment_matchup,2025,15,Harold Fannin Jr.,TE,10.42,10.42,12.0,0.0,1.58
ablate v2_pff_alignment_matchup,2024,16,CeeDee Lamb,WR,15.44,15.92,17.5,0.48,1.58
ablate v2_pff_alignment_matchup,2023,11,Travis Kelce,TE,15.65,16.98,15.4,1.33,1.58
ablate v2_scheme_matchup,2025,15,Harold Fannin Jr.,TE,10.42,10.42,12.0,0.0,1.58
ablate v2_scheme_matchup,2024,6,Jalen Tolbert,WR,9.67,9.87,8.3,0.2,1.57
ablate v2_scheme_matchup,2024,13,Travis Kelce,TE,11.75,12.23,13.8,0.48,1.57
ablate v2_scheme_matchup,2025,12,Tre Tucker,WR,7.37,7.37,5.8,0.0,1.57
ablate v2_pff_alignment_matchup,2022,7,DeVante Parker,WR,7.85,8.23,9.8,0.38,1.57
ablate v2_scheme_matchup,2023,14,Cedrick Wilson Jr.,WR,8.43,8.43,10.0,0.0,1.57
ablate v2_scheme_matchup,2023,8,Keenan Allen,WR,13.33,13.33,14.9,0.0,1.57
ablate v2_pff_alignment_matchup,2025,7,Darnell Mooney,WR,8.23,8.23,9.8,0.0,1.57
ablate v2_pff_alignment_matchup,2022,3,Daniel Bellinger,TE,6.72,6.43,8.0,-0.29,1.57
ablate v2_scheme_matchup,2022,7,Dalton Schultz,TE,8.33,8.33,9.9,0.0,1.57
ablate v2_scheme_matchup,2024,3,Kyle Pitts,TE,8.81,9.47,7.9,0.66,1.57
ablate v2_pff_alignment_matchup,2023,14,Cedrick Wilson Jr.,WR,8.43,8.43,10.0,0.0,1.57
ablate v2_pff_alignment_matchup,2023,18,Drake London,WR,9.0,9.67,8.1,0.67,1.57
ablate v2_pff_alignment_matchup,2024,6,Jalen Tolbert,WR,9.67,9.87,8.3,0.2,1.57
ablate v2_scheme_matchup,2025,16,Terry McLaurin,WR,9.96,9.87,8.3,-0.09,1.57
ablate v2_scheme_matchup,2023,18,Davante Adams,WR,17.56,17.17,15.6,-0.39,1.57
ablate v2_pff_alignment_matchup,2025,10,DeVonta Smith,WR,14.38,15.34,16.9,0.96,1.56
ablate v2_pff_alignment_matchup,2022,4,Tyler Conklin,TE,9.57,9.76,8.2,0.19,1.56
ablate v2_scheme_matchup,2022,15,Christian Watson,WR,10.16,10.16,8.6,0.0,1.56
ablate v2_pff_alignment_matchup,2024,17,DJ Moore,WR,10.83,10.64,12.2,-0.19,1.56
ablate v2_pff_alignment_matchup,2022,4,Pat Freiermuth,TE,12.61,13.94,15.5,1.33,1.56
ablate v2_pff_alignment_matchup,2025,13,Jordan Addison,WR,9.87,10.16,8.6,0.29,1.56
ablate v2_pff_alignment_matchup,2022,7,Olamide Zaccheaus,WR,7.85,7.66,6.1,-0.19,1.56
ablate v2_scheme_matchup,2025,10,Cooper Kupp,WR,7.95,7.85,9.4,-0.1,1.55
ablate v2_pff_alignment_matchup,2022,7,Nico Collins,WR,7.85,7.85,6.3,0.0,1.55
ablate v2_scheme_matchup,2022,3,Tee Higgins,WR,12.56,12.75,14.3,0.19,1.55
ablate v2_pff_alignment_matchup,2023,6,Jordan Addison,WR,10.25,10.25,11.8,0.0,1.55
ablate v2_pff_alignment_matchup,2025,9,Jaylen Waddle,WR,12.75,12.65,14.2,-0.1,1.55
ablate v2_scheme_matchup,2022,7,Nico Collins,WR,7.85,7.85,6.3,0.0,1.55
ablate v2_scheme_matchup,2025,12,Emeka Egbuka,WR,7.75,7.75,6.2,0.0,1.55
ablate v2_scheme_matchup,2025,16,Dallas Goedert,TE,13.75,13.75,12.2,0.0,1.55
ablate v2_scheme_matchup,2024,6,Amon-Ra St. Brown,WR,15.15,15.25,13.7,0.1,1.55
ablate v2_scheme_matchup,2024,12,Mike Evans,WR,9.96,10.25,11.8,0.29,1.55
ablate v2_pff_alignment_matchup,2025,13,DK Metcalf,WR,7.66,7.75,6.2,0.09,1.55
ablate v2_pff_alignment_matchup,2023,7,Curtis Samuel,WR,8.81,8.04,6.5,-0.77,1.54
ablate v2_scheme_matchup,2024,14,T.J. Hockenson,TE,10.23,10.04,8.5,-0.19,1.54
ablate v2_pff_alignment_matchup,2025,6,Tucker Kraft,TE,12.42,13.84,12.3,1.42,1.54
ablate v2_scheme_matchup,2022,17,George Kittle,TE,14.22,13.84,12.3,-0.38,1.54
ablate v2_scheme_matchup,2023,17,Jakobi Meyers,WR,10.06,10.06,11.6,0.0,1.54
ablate v2_scheme_matchup,2023,5,Luke Musgrave,TE,8.14,7.86,9.4,-0.28,1.54
ablate v2_scheme_matchup,2023,16,Jake Ferguson,TE,9.47,10.04,8.5,0.57,1.54
ablate v2_pff_alignment_matchup,2023,5,Evan Engram,TE,9.47,8.33,6.8,-1.14,1.53
ablate v2_pff_alignment_matchup,2022,12,Jakobi Meyers,WR,10.16,10.73,9.2,0.57,1.53
ablate v2_pff_alignment_matchup,2025,4,Jalen Nailor,WR,10.92,10.73,9.2,-0.19,1.53
ablate v2_pff_alignment_matchup,2023,11,Deebo Samuel Sr.,WR,10.54,10.73,9.2,0.19,1.53
ablate v2_pff_alignment_matchup,2022,9,A.J. Brown,WR,14.38,14.38,15.9,0.0,1.52
ablate v2_scheme_matchup,2022,9,Tyler Boyd,WR,10.73,10.92,9.4,0.19,1.52
ablate v2_pff_alignment_matchup,2022,13,Gabe Davis,WR,11.12,11.02,9.5,-0.1,1.52
ablate v2_pff_alignment_matchup,2023,5,Zach Ertz,TE,8.05,7.48,9.0,-0.57,1.52
ablate v2_pff_alignment_matchup,2024,9,Noah Brown,WR,9.77,9.48,11.0,-0.29,1.52
ablate v2_scheme_matchup,2022,16,Allen Lazard,WR,9.58,9.58,11.1,0.0,1.52
ablate v2_pff_alignment_matchup,2023,7,Luke Musgrave,TE,9.0,8.52,7.0,-0.48,1.52
ablate v2_pff_alignment_matchup,2025,16,Keenan Allen,WR,11.4,10.92,9.4,-0.48,1.52
ablate v2_pff_alignment_matchup,2022,6,Rondale Moore,WR,9.39,9.39,10.9,0.0,1.51
ablate v2_scheme_matchup,2024,5,Dalton Kincaid,TE,7.48,6.91,5.4,-0.57,1.51
ablate v2_scheme_matchup,2024,5,Noah Fant,TE,6.62,6.91,5.4,0.29,1.51
ablate v2_scheme_matchup,2025,18,Terry McLaurin,WR,11.31,11.21,9.7,-0.1,1.51
ablate v2_pff_alignment_matchup,2023,14,Davante Adams,WR,13.81,13.81,12.3,0.0,1.51
ablate v2_scheme_matchup,2022,6,Rondale Moore,WR,9.39,9.39,10.9,0.0,1.51
ablate v2_pff_alignment_matchup,2025,17,Tyler Warren,TE,10.23,10.8,9.3,0.57,1.5
ablate v2_scheme_matchup,2022,13,Mike Evans,WR,11.21,11.4,9.9,0.19,1.5
ablate v2_pff_alignment_matchup,2022,16,Brandon Aiyuk,WR,11.89,11.6,13.1,-0.29,1.5
ablate v2_pff_alignment_matchup,2025,13,Ja'Marr Chase,WR,15.54,16.5,18.0,0.96,1.5
ablate v2_scheme_matchup,2022,18,Russell Gage,WR,9.1,9.0,10.5,-0.1,1.5
ablate v2_pff_alignment_matchup,2022,10,Adam Thielen,WR,11.4,11.4,9.9,0.0,1.5
ablate v2_pff_alignment_matchup,2023,11,Chris Godwin Jr.,WR,11.12,11.4,9.9,0.28,1.5
ablate v2_scheme_matchup,2024,16,Nico Collins,WR,11.5,11.5,13.0,0.0,1.5
ablate v2_pff_alignment_matchup,2023,5,Rondale Moore,WR,9.1,9.1,10.6,0.0,1.5
ablate v2_scheme_matchup,2023,6,Cooper Kupp,WR,25.92,26.3,27.8,0.38,1.5
ablate v2_pff_alignment_matchup,2024,16,Nico Collins,WR,11.5,11.5,13.0,0.0,1.5
ablate v2_pff_alignment_matchup,2024,11,Amari Cooper,WR,8.33,9.0,7.5,0.67,1.5
ablate v2_scheme_matchup,2023,5,Rondale Moore,WR,9.1,9.1,10.6,0.0,1.5
ablate v2_pff_alignment_matchup,2022,8,Adam Thielen,WR,11.31,11.21,12.7,-0.1,1.49
ablate v2_scheme_matchup,2025,13,Colston Loveland,TE,8.05,7.29,5.8,-0.76,1.49
ablate v2_pff_alignment_matchup,2025,4,Tyreek Hill,WR,15.15,14.19,12.7,-0.96,1.49
ablate v2_pff_alignment_matchup,2024,12,Tank Dell,WR,8.71,8.71,10.2,0.0,1.49
ablate v2_pff_alignment_matchup,2025,17,Jakobi Meyers,WR,9.58,9.39,7.9,-0.19,1.49
ablate v2_scheme_matchup,2022,8,Adam Thielen,WR,11.31,11.21,12.7,-0.1,1.49
ablate v2_scheme_matchup,2024,12,Tank Dell,WR,8.71,8.71,10.2,0.0,1.49
ablate v2_scheme_matchup,2024,17,Noah Fant,TE,6.53,6.81,8.3,0.28,1.49
ablate v2_pff_alignment_matchup,2023,15,Jerry Jeudy,WR,8.62,8.91,10.4,0.29,1.49
ablate v2_scheme_matchup,2025,14,Alec Pierce,WR,14.96,14.48,13.0,-0.48,1.48
ablate v2_scheme_matchup,2024,14,Cade Otton,TE,8.43,8.52,10.0,0.09,1.48
ablate v2_scheme_matchup,2025,5,Chris Olave,WR,14.38,14.38,12.9,0.0,1.48
ablate v2_pff_alignment_matchup,2023,16,Terry McLaurin,WR,9.48,9.48,8.0,0.0,1.48
ablate v2_scheme_matchup,2025,9,Courtland Sutton,WR,8.52,8.52,10.0,0.0,1.48
ablate v2_pff_alignment_matchup,2025,12,T.J. Hockenson,TE,7.1,7.38,5.9,0.28,1.48
ablate v2_pff_alignment_matchup,2025,12,Tre Tucker,WR,7.37,7.27,5.8,-0.1,1.47
ablate v2_scheme_matchup,2024,17,DJ Moore,WR,10.83,10.73,12.2,-0.1,1.47
ablate v2_scheme_matchup,2024,5,Michael Pittman,WR,13.23,13.23,14.7,0.0,1.47
ablate v2_pff_alignment_matchup,2022,7,Pat Freiermuth,TE,14.6,14.03,15.5,-0.57,1.47
ablate v2_pff_alignment_matchup,2024,14,Mike Evans,WR,11.89,12.37,10.9,0.48,1.47
ablate v2_scheme_matchup,2025,3,DK Metcalf,WR,10.83,10.73,12.2,-0.1,1.47
ablate v2_pff_alignment_matchup,2024,5,Michael Pittman,WR,13.23,13.23,14.7,0.0,1.47
ablate v2_pff_alignment_matchup,2024,13,Jaxon Smith-Njigba,WR,10.64,10.44,11.9,-0.2,1.46
ablate v2_scheme_matchup,2024,3,Christian Watson,WR,10.16,10.16,8.7,0.0,1.46
ablate v2_scheme_matchup,2022,14,Tyler Conklin,TE,6.53,6.34,7.8,-0.19,1.46
ablate v2_pff_alignment_matchup,2024,4,Tyler Lockett,WR,11.98,12.56,11.1,0.58,1.46
ablate v2_scheme_matchup,2023,8,Amon-Ra St. Brown,WR,14.96,15.34,16.8,0.38,1.46
ablate v2_pff_alignment_matchup,2025,9,Xavier Worthy,WR,7.56,7.46,6.0,-0.1,1.46
ablate v2_scheme_matchup,2023,9,Tyler Boyd,WR,10.06,10.06,8.6,0.0,1.46
ablate v2_scheme_matchup,2024,15,Ja'Marr Chase,WR,20.34,19.86,18.4,-0.48,1.46
ablate v2_scheme_matchup,2024,6,Juwan Johnson,TE,6.53,6.34,7.8,-0.19,1.46
ablate v2_scheme_matchup,2022,3,Dallas Goedert,TE,10.61,10.14,11.6,-0.47,1.46
ablate v2_pff_alignment_matchup,2022,14,Tyler Conklin,TE,6.53,6.34,7.8,-0.19,1.46
ablate v2_pff_alignment_matchup,2022,10,Cade Otton,TE,7.95,7.95,6.5,0.0,1.45
ablate v2_pff_alignment_matchup,2025,16,Ladd McConkey,WR,12.94,12.85,14.3,-0.09,1.45
ablate v2_scheme_matchup,2024,5,Jayden Reed,WR,15.73,15.15,13.7,-0.58,1.45
ablate v2_scheme_matchup,2025,9,Jaylen Waddle,WR,12.75,12.75,14.2,0.0,1.45
ablate v2_scheme_matchup,2024,12,Travis Kelce,TE,12.7,13.65,12.2,0.95,1.45
ablate v2_pff_alignment_matchup,2024,16,Garrett Wilson,WR,13.33,12.85,11.4,-0.48,1.45
ablate v2_pff_alignment_matchup,2025,4,Trey McBride,TE,13.65,13.65,12.2,0.0,1.45
ablate v2_scheme_matchup,2025,4,Trey McBride,TE,13.65,13.65,12.2,0.0,1.45
ablate v2_pff_alignment_matchup,2024,14,Elijah Moore,WR,7.85,7.85,6.4,0.0,1.45
ablate v2_scheme_matchup,2024,11,Justin Jefferson,WR,13.23,12.65,14.1,-0.58,1.45
ablate v2_pff_alignment_matchup,2025,9,Rashid Shaheed,WR,10.73,10.35,11.8,-0.38,1.45
ablate v2_scheme_matchup,2024,14,Elijah Moore,WR,7.85,7.85,6.4,0.0,1.45
ablate v2_pff_alignment_matchup,2022,13,Justin Jefferson,WR,18.13,20.05,18.6,1.92,1.45
ablate v2_pff_alignment_matchup,2025,10,Cooper Kupp,WR,7.95,7.95,9.4,0.0,1.45
ablate v2_scheme_matchup,2025,12,Tetairoa McMillan,WR,13.04,12.94,11.5,-0.1,1.44
ablate v2_scheme_matchup,2023,18,Trey McBride,TE,13.84,13.84,12.4,0.0,1.44
ablate v2_pff_alignment_matchup,2023,18,Trey McBride,TE,13.84,13.84,12.4,0.0,1.44
ablate v2_pff_alignment_matchup,2024,10,Trey McBride,TE,9.66,9.66,11.1,0.0,1.44
ablate v2_scheme_matchup,2025,4,Jalen Nailor,WR,10.92,10.64,9.2,-0.28,1.44
ablate v2_scheme_matchup,2025,8,Chris Olave,WR,14.58,15.44,14.0,0.86,1.44
ablate v2_scheme_matchup,2024,17,Nick Westbrook-Ikhine,WR,8.14,8.14,6.7,0.0,1.44
ablate v2_scheme_matchup,2024,10,Trey McBride,TE,9.66,9.66,11.1,0.0,1.44
ablate v2_scheme_matchup,2022,8,T.J. Hockenson,TE,9.66,9.57,11.0,-0.09,1.43
ablate v2_pff_alignment_matchup,2022,16,Allen Lazard,WR,9.58,9.67,11.1,0.09,1.43
ablate v2_scheme_matchup,2022,3,T.J. Hockenson,TE,12.23,12.23,10.8,0.0,1.43
ablate v2_scheme_matchup,2023,4,Ja'Marr Chase,WR,15.63,15.73,14.3,0.1,1.43
ablate v2_pff_alignment_matchup,2025,11,Zay Flowers,WR,9.87,9.87,11.3,0.0,1.43
ablate v2_pff_alignment_matchup,2025,13,Keenan Allen,WR,8.43,8.43,7.0,0.0,1.43
ablate v2_scheme_matchup,2025,11,Zay Flowers,WR,9.87,9.87,11.3,0.0,1.43
ablate v2_scheme_matchup,2022,14,Brandon Aiyuk,WR,12.27,12.27,13.7,0.0,1.43
ablate v2_scheme_matchup,2025,10,Zay Flowers,WR,13.52,13.52,12.1,0.0,1.42
ablate v2_scheme_matchup,2024,10,A.J. Brown,WR,14.0,14.48,15.9,0.48,1.42
ablate v2_pff_alignment_matchup,2024,9,Trey McBride,TE,11.28,11.28,12.7,0.0,1.42
ablate v2_pff_alignment_matchup,2025,10,Zay Flowers,WR,13.52,13.52,12.1,0.0,1.42
ablate v2_pff_alignment_matchup,2024,11,Cole Kmet,TE,8.9,8.62,7.2,-0.28,1.42
ablate v2_pff_alignment_matchup,2025,15,A.J. Brown,WR,13.52,13.52,12.1,0.0,1.42
ablate v2_pff_alignment_matchup,2024,4,Zach Ertz,TE,9.47,8.62,7.2,-0.85,1.42
ablate v2_scheme_matchup,2024,9,Trey McBride,TE,11.28,11.28,12.7,0.0,1.42
ablate v2_pff_alignment_matchup,2024,4,Garrett Wilson,WR,7.95,8.52,7.1,0.57,1.42
ablate v2_pff_alignment_matchup,2023,3,Dallas Goedert,TE,11.28,10.52,9.1,-0.76,1.42
ablate v2_scheme_matchup,2024,18,Michael Pittman,WR,11.69,11.79,13.2,0.1,1.41
ablate v2_pff_alignment_matchup,2024,3,Amon-Ra St. Brown,WR,19.67,19.09,20.5,-0.58,1.41
ablate v2_pff_alignment_matchup,2025,4,Brenton Strange,TE,9.0,9.09,10.5,0.09,1.41
ablate v2_scheme_matchup,2024,15,Keon Coleman,WR,8.52,8.81,7.4,0.29,1.41
ablate v2_scheme_matchup,2023,14,Davante Adams,WR,13.81,13.71,12.3,-0.1,1.41
ablate v2_scheme_matchup,2022,10,Adam Thielen,WR,11.4,11.31,9.9,-0.09,1.41
ablate v2_scheme_matchup,2025,14,Jameson Williams,WR,18.61,18.71,17.3,0.1,1.41
ablate v2_scheme_matchup,2023,11,Chris Godwin Jr.,WR,11.12,11.31,9.9,0.19,1.41
ablate v2_pff_alignment_matchup,2025,15,Emeka Egbuka,WR,8.91,9.0,10.4,0.09,1.4
ablate v2_scheme_matchup,2025,15,Emeka Egbuka,WR,8.91,9.0,10.4,0.09,1.4
ablate v2_pff_alignment_matchup,2025,7,Matthew Golden,WR,8.71,9.1,7.7,0.39,1.4
ablate v2_scheme_matchup,2022,8,Tyler Boyd,WR,11.31,11.4,12.8,0.09,1.4
ablate v2_pff_alignment_matchup,2025,9,Stefon Diggs,WR,10.64,11.4,12.8,0.76,1.4
ablate v2_pff_alignment_matchup,2022,18,Russell Gage,WR,9.1,9.1,10.5,0.0,1.4
ablate v2_pff_alignment_matchup,2022,9,Hayden Hurst,TE,6.81,7.1,8.5,0.29,1.4
ablate v2_scheme_matchup,2023,6,Sam LaPorta,TE,9.57,9.0,7.6,-0.57,1.4
ablate v2_pff_alignment_matchup,2025,10,Puka Nacua,WR,19.38,18.8,17.4,-0.58,1.4
ablate v2_pff_alignment_matchup,2023,9,Mike Evans,WR,14.19,14.1,12.7,-0.09,1.4
ablate v2_pff_alignment_matchup,2023,10,Chig Okonkwo,TE,7.0,7.1,5.7,0.1,1.4
ablate v2_scheme_matchup,2023,4,DeAndre Hopkins,WR,11.69,11.69,10.3,0.0,1.39
ablate v2_pff_alignment_matchup,2022,18,Jahan Dotson,WR,8.71,8.81,10.2,0.1,1.39
ablate v2_scheme_matchup,2025,12,T.J. Hockenson,TE,7.1,7.29,5.9,0.19,1.39
ablate v2_scheme_matchup,2022,14,Gerald Everett,TE,8.9,9.19,7.8,0.29,1.39
ablate v2_pff_alignment_matchup,2025,8,Xavier Worthy,WR,9.1,8.91,10.3,-0.19,1.39
ablate v2_pff_alignment_matchup,2024,15,T.J. Hockenson,TE,9.28,8.81,10.2,-0.47,1.39
ablate v2_scheme_matchup,2022,7,Jaylen Waddle,WR,14.1,14.19,12.8,0.09,1.39
ablate v2_scheme_matchup,2023,16,Brandin Cooks,WR,9.48,8.91,10.3,-0.57,1.39
ablate v2_scheme_matchup,2024,4,Jake Ferguson,TE,10.04,10.52,11.9,0.48,1.38
ablate v2_pff_alignment_matchup,2024,6,Wan'Dale Robinson,WR,8.04,8.62,10.0,0.58,1.38
ablate v2_scheme_matchup,2024,3,Marvin Harrison Jr.,WR,16.02,16.02,17.4,0.0,1.38
ablate v2_pff_alignment_matchup,2025,14,Alec Pierce,WR,14.96,14.38,13.0,-0.58,1.38
ablate v2_scheme_matchup,2025,3,Alec Pierce,WR,11.69,12.08,10.7,0.39,1.38
ablate v2_pff_alignment_matchup,2023,4,Garrett Wilson,WR,12.56,13.62,15.0,1.06,1.38
ablate v2_pff_alignment_matchup,2023,17,Jaxon Smith-Njigba,WR,9.87,9.58,8.2,-0.29,1.38
ablate v2_pff_alignment_matchup,2023,10,Sam LaPorta,TE,9.57,9.38,8.0,-0.19,1.38
ablate v2_scheme_matchup,2025,4,Jaxon Smith-Njigba,WR,14.0,14.38,13.0,0.38,1.38
ablate v2_scheme_matchup,2024,10,Evan Engram,TE,8.33,8.62,10.0,0.29,1.38
ablate v2_scheme_matchup,2022,6,Terry McLaurin,WR,9.48,9.58,8.2,0.1,1.38
ablate v2_scheme_matchup,2025,13,Travis Kelce,TE,15.93,16.88,15.5,0.95,1.38
ablate v2_scheme_matchup,2022,12,Austin Hooper,TE,7.1,7.38,6.0,0.28,1.38
ablate v2_pff_alignment_matchup,2022,12,Austin Hooper,TE,7.1,7.38,6.0,0.28,1.38
ablate v2_pff_alignment_matchup,2024,3,Marvin Harrison Jr.,WR,16.02,16.02,17.4,0.0,1.38
ablate v2_pff_alignment_matchup,2024,10,Evan Engram,TE,8.33,8.62,10.0,0.29,1.38
ablate v2_pff_alignment_matchup,2022,7,Dalton Schultz,TE,8.33,8.52,9.9,0.19,1.38
ablate v2_pff_alignment_matchup,2025,17,Dallas Goedert,TE,7.86,8.43,9.8,0.57,1.37
ablate v2_pff_alignment_matchup,2023,3,Chris Olave,WR,18.52,19.77,18.4,1.25,1.37
ablate v2_pff_alignment_matchup,2025,3,Davante Adams,WR,14.67,13.23,14.6,-1.44,1.37
ablate v2_scheme_matchup,2023,17,Drake London,WR,8.23,8.23,9.6,0.0,1.37
ablate v2_pff_alignment_matchup,2024,16,Drake London,WR,12.27,12.27,10.9,0.0,1.37
ablate v2_pff_alignment_matchup,2025,12,George Kittle,TE,14.03,15.17,13.8,1.14,1.37
ablate v2_scheme_matchup,2022,15,Chris Olave,WR,9.77,9.67,8.3,-0.1,1.37
ablate v2_pff_alignment_matchup,2022,13,Diontae Johnson,WR,12.08,12.37,11.0,0.29,1.37
ablate v2_scheme_matchup,2024,6,Drake London,WR,17.75,18.04,19.4,0.29,1.36
ablate v2_pff_alignment_matchup,2025,4,Zay Flowers,WR,13.04,13.04,14.4,0.0,1.36
ablate v2_pff_alignment_matchup,2022,15,Christian Watson,WR,10.16,9.96,8.6,-0.2,1.36
ablate v2_pff_alignment_matchup,2024,11,Zay Flowers,WR,10.54,10.54,11.9,0.0,1.36
ablate v2_scheme_matchup,2023,6,Jordan Addison,WR,10.25,10.44,11.8,0.19,1.36
ablate v2_scheme_matchup,2024,11,Isaiah Likely,TE,8.14,8.14,9.5,0.0,1.36
ablate v2_pff_alignment_matchup,2024,11,Isaiah Likely,TE,8.14,8.14,9.5,0.0,1.36
ablate v2_scheme_matchup,2024,11,Zay Flowers,WR,10.54,10.54,11.9,0.0,1.36
ablate v2_scheme_matchup,2025,16,Ladd McConkey,WR,12.94,12.94,14.3,0.0,1.36
ablate v2_pff_alignment_matchup,2024,18,DK Metcalf,WR,13.81,12.94,14.3,-0.87,1.36
ablate v2_scheme_matchup,2025,4,Zay Flowers,WR,13.04,13.04,14.4,0.0,1.36
ablate v2_pff_alignment_matchup,2023,16,Jake Ferguson,TE,9.47,9.85,8.5,0.38,1.35
ablate v2_pff_alignment_matchup,2022,13,Mark Andrews,TE,8.05,8.05,9.4,0.0,1.35
ablate v2_pff_alignment_matchup,2023,6,Chris Olave,WR,14.58,15.25,16.6,0.67,1.35
ablate v2_pff_alignment_matchup,2022,12,DeVonta Smith,WR,11.12,10.35,9.0,-0.77,1.35
ablate v2_scheme_matchup,2022,13,Mark Andrews,TE,8.05,8.05,9.4,0.0,1.35
ablate v2_pff_alignment_matchup,2024,15,Dalton Kincaid,TE,7.76,7.95,9.3,0.19,1.35
ablate v2_scheme_matchup,2022,9,Gerald Everett,TE,9.09,9.95,8.6,0.86,1.35
ablate v2_pff_alignment_matchup,2025,17,Jaxon Smith-Njigba,WR,14.58,14.86,16.2,0.28,1.34
ablate v2_pff_alignment_matchup,2025,18,Hunter Henry,TE,12.04,11.94,10.6,-0.1,1.34
ablate v2_scheme_matchup,2025,9,Hunter Henry,TE,8.33,7.76,9.1,-0.57,1.34
ablate v2_pff_alignment_matchup,2024,6,Xavier Legette,WR,10.25,9.96,11.3,-0.29,1.34
ablate v2_pff_alignment_matchup,2024,10,Josh Oliver,TE,7.76,7.86,9.2,0.1,1.34
ablate v2_pff_alignment_matchup,2025,9,Amon-Ra St. Brown,WR,16.79,17.36,18.7,0.57,1.34
ablate v2_scheme_matchup,2025,13,Juwan Johnson,TE,7.48,7.57,8.9,0.09,1.33
ablate v2_pff_alignment_matchup,2022,3,Garrett Wilson,WR,13.9,13.33,12.0,-0.57,1.33
ablate v2_scheme_matchup,2025,18,Jaxon Smith-Njigba,WR,15.83,15.73,14.4,-0.1,1.33
ablate v2_scheme_matchup,2023,9,Jayden Reed,WR,8.62,8.33,7.0,-0.29,1.33
ablate v2_scheme_matchup,2025,18,Jakobi Meyers,WR,10.64,10.73,9.4,0.09,1.33
ablate v2_pff_alignment_matchup,2025,13,Juwan Johnson,TE,7.48,7.57,8.9,0.09,1.33
ablate v2_pff_alignment_matchup,2025,5,Dallas Goedert,TE,9.66,9.57,10.9,-0.09,1.33
ablate v2_scheme_matchup,2025,8,Romeo Doubs,WR,10.64,10.73,9.4,0.09,1.33
ablate v2_scheme_matchup,2022,7,Tee Higgins,WR,15.83,15.63,14.3,-0.2,1.33
ablate v2_scheme_matchup,2022,4,Romeo Doubs,WR,12.65,12.37,13.7,-0.28,1.33
ablate v2_scheme_matchup,2025,11,Jauan Jennings,WR,10.92,10.73,9.4,-0.19,1.33
ablate v2_scheme_matchup,2022,16,Chris Godwin Jr.,WR,15.73,15.63,14.3,-0.1,1.33
ablate v2_pff_alignment_matchup,2024,10,Xavier Legette,WR,8.62,8.33,7.0,-0.29,1.33
ablate v2_scheme_matchup,2022,18,Hayden Hurst,TE,6.72,6.72,5.4,0.0,1.32
ablate v2_scheme_matchup,2022,9,A.J. Brown,WR,14.38,14.58,15.9,0.2,1.32
ablate v2_pff_alignment_matchup,2023,10,Gabe Davis,WR,12.37,10.92,9.6,-1.45,1.32
ablate v2_scheme_matchup,2022,15,Mike Evans,WR,11.98,11.98,13.3,0.0,1.32
ablate v2_pff_alignment_matchup,2022,5,Nico Collins,WR,9.19,9.19,10.5,0.0,1.31
ablate v2_scheme_matchup,2022,5,Nico Collins,WR,9.19,9.19,10.5,0.0,1.31
ablate v2_pff_alignment_matchup,2024,14,Jameson Williams,WR,11.02,11.69,13.0,0.67,1.31
ablate v2_pff_alignment_matchup,2024,9,Tucker Kraft,TE,7.86,8.9,7.6,1.04,1.3
ablate v2_scheme_matchup,2023,14,Chris Olave,WR,11.12,11.5,12.8,0.38,1.3
ablate v2_pff_alignment_matchup,2025,14,Jordan Addison,WR,11.4,11.5,10.2,0.1,1.3
ablate v2_scheme_matchup,2023,3,Christian Kirk,WR,14.1,14.1,15.4,0.0,1.3
ablate v2_pff_alignment_matchup,2024,3,Justin Jefferson,WR,19.67,18.8,20.1,-0.87,1.3
ablate v2_scheme_matchup,2024,18,Calvin Ridley,WR,9.0,9.0,10.3,0.0,1.3
ablate v2_pff_alignment_matchup,2023,5,Jake Ferguson,TE,6.24,7.1,5.8,0.86,1.3
ablate v2_pff_alignment_matchup,2023,6,Sam LaPorta,TE,9.57,8.9,7.6,-0.67,1.3
ablate v2_pff_alignment_matchup,2023,3,Gabe Davis,WR,12.85,11.6,10.3,-1.25,1.3
ablate v2_pff_alignment_matchup,2025,9,Courtland Sutton,WR,8.52,8.71,10.0,0.19,1.29
ablate v2_scheme_matchup,2025,16,Pat Freiermuth,TE,7.38,7.29,6.0,-0.09,1.29
ablate v2_scheme_matchup,2025,15,Colston Loveland,TE,9.28,8.81,10.1,-0.47,1.29
ablate v2_pff_alignment_matchup,2025,18,Brian Thomas Jr.,WR,9.67,9.19,7.9,-0.48,1.29
ablate v2_pff_alignment_matchup,2023,13,George Pickens,WR,12.27,11.31,12.6,-0.96,1.29
ablate v2_pff_alignment_matchup,2023,13,Chris Godwin Jr.,WR,9.77,9.19,7.9,-0.58,1.29
ablate v2_pff_alignment_matchup,2022,15,Gerald Everett,TE,6.72,6.91,8.2,0.19,1.29
ablate v2_scheme_matchup,2023,4,CeeDee Lamb,WR,13.52,13.52,14.8,0.0,1.28
ablate v2_scheme_matchup,2024,15,Michael Pittman,WR,8.43,8.52,9.8,0.09,1.28
ablate v2_scheme_matchup,2023,3,Jake Ferguson,TE,8.9,8.52,9.8,-0.38,1.28
ablate v2_scheme_matchup,2024,9,Juwan Johnson,TE,6.91,7.38,6.1,0.47,1.28
ablate v2_scheme_matchup,2023,3,Evan Engram,TE,11.94,12.42,13.7,0.48,1.28
ablate v2_pff_alignment_matchup,2025,5,Michael Pittman,WR,13.42,13.62,14.9,0.2,1.28
ablate v2_pff_alignment_matchup,2025,16,Terry McLaurin,WR,9.96,9.58,8.3,-0.38,1.28
ablate v2_pff_alignment_matchup,2023,9,Michael Pittman,WR,14.19,13.13,14.4,-1.06,1.27
ablate v2_scheme_matchup,2022,12,Noah Fant,TE,7.76,7.67,6.4,-0.09,1.27
ablate v2_pff_alignment_matchup,2025,7,Quentin Johnston,WR,12.08,12.27,11.0,0.19,1.27
ablate v2_pff_alignment_matchup,2023,4,Sam LaPorta,TE,8.52,8.33,9.6,-0.19,1.27
ablate v2_scheme_matchup,2023,3,Kendrick Bourne,WR,9.67,9.87,8.6,0.2,1.27
ablate v2_scheme_matchup,2025,11,Zach Ertz,TE,9.19,9.47,8.2,0.28,1.27
ablate v2_scheme_matchup,2024,16,Rome Odunze,WR,8.33,8.43,9.7,0.1,1.27
ablate v2_scheme_matchup,2024,13,Jauan Jennings,WR,9.96,9.87,8.6,-0.09,1.27
ablate v2_scheme_matchup,2025,7,Quentin Johnston,WR,12.08,12.27,11.0,0.19,1.27
ablate v2_scheme_matchup,2025,5,Brian Thomas Jr.,WR,10.64,10.73,12.0,0.09,1.27
ablate v2_scheme_matchup,2023,10,Brandon Aiyuk,WR,13.23,13.23,14.5,0.0,1.27
ablate v2_pff_alignment_matchup,2024,12,Xavier Legette,WR,7.95,8.33,9.6,0.38,1.27
ablate v2_pff_alignment_matchup,2024,4,Dallas Goedert,TE,9.85,11.94,13.2,2.09,1.26
ablate v2_pff_alignment_matchup,2022,14,Darius Slayton,WR,6.7,7.46,6.2,0.76,1.26
ablate v2_pff_alignment_matchup,2023,14,T.J. Hockenson,TE,12.23,11.56,10.3,-0.67,1.26
ablate v2_scheme_matchup,2024,9,Ladd McConkey,WR,12.75,12.65,11.4,-0.1,1.25
ablate v2_pff_alignment_matchup,2024,12,Jauan Jennings,WR,9.77,10.25,9.0,0.48,1.25
ablate v2_scheme_matchup,2025,8,Tee Higgins,WR,12.46,12.65,11.4,0.19,1.25
ablate v2_pff_alignment_matchup,2025,14,Deebo Samuel Sr.,WR,8.52,7.95,6.7,-0.57,1.25
ablate v2_scheme_matchup,2022,8,Zay Jones,WR,7.75,7.75,6.5,0.0,1.25
ablate v2_scheme_matchup,2023,18,Dalton Schultz,TE,7.95,7.95,9.2,0.0,1.25
ablate v2_scheme_matchup,2022,13,Pat Freiermuth,TE,11.09,11.85,10.6,0.76,1.25
ablate v2_pff_alignment_matchup,2025,17,Romeo Doubs,WR,8.23,7.95,9.2,-0.28,1.25
ablate v2_pff_alignment_matchup,2025,9,George Pickens,WR,14.1,15.15,13.9,1.05,1.25
ablate v2_pff_alignment_matchup,2023,18,Dalton Schultz,TE,7.95,7.95,9.2,0.0,1.25
ablate v2_pff_alignment_matchup,2022,3,T.J. Hockenson,TE,12.23,12.04,10.8,-0.19,1.24
ablate v2_scheme_matchup,2022,17,Michael Gallup,WR,8.33,8.14,6.9,-0.19,1.24
ablate v2_pff_alignment_matchup,2022,17,Michael Gallup,WR,8.33,8.14,6.9,-0.19,1.24
ablate v2_scheme_matchup,2023,11,Deebo Samuel Sr.,WR,10.54,10.44,9.2,-0.1,1.24
ablate v2_pff_alignment_matchup,2025,11,Keenan Allen,WR,9.87,10.54,9.3,0.67,1.24
ablate v2_pff_alignment_matchup,2025,11,Romeo Doubs,WR,9.96,10.54,9.3,0.58,1.24
ablate v2_scheme_matchup,2024,16,Malik Nabers,WR,12.56,12.56,13.8,0.0,1.24
ablate v2_pff_alignment_matchup,2025,9,T.J. Hockenson,TE,8.9,7.86,9.1,-1.04,1.24
ablate v2_scheme_matchup,2025,4,Sam LaPorta,TE,8.81,8.14,6.9,-0.67,1.24
ablate v2_pff_alignment_matchup,2025,7,Marquise Brown,WR,11.31,10.64,9.4,-0.67,1.24
ablate v2_scheme_matchup,2024,10,Mike Gesicki,TE,8.9,8.24,7.0,-0.66,1.24
ablate v2_pff_alignment_matchup,2022,17,Keenan Allen,WR,12.46,13.04,11.8,0.58,1.24
ablate v2_scheme_matchup,2022,3,Irv Smith,TE,6.43,6.43,5.2,0.0,1.23
ablate v2_pff_alignment_matchup,2022,8,Chris Godwin Jr.,WR,12.46,12.27,13.5,-0.19,1.23
ablate v2_scheme_matchup,2022,13,Austin Hooper,TE,6.53,6.43,5.2,-0.1,1.23
ablate v2_pff_alignment_matchup,2025,13,George Kittle,TE,9.76,9.47,10.7,-0.29,1.23
ablate v2_scheme_matchup,2022,12,Mark Andrews,TE,12.23,12.23,11.0,0.0,1.23
ablate v2_pff_alignment_matchup,2022,3,Irv Smith,TE,6.43,6.43,5.2,0.0,1.23
ablate v2_pff_alignment_matchup,2024,7,Jordan Addison,WR,10.35,10.83,9.6,0.48,1.23
ablate v2_pff_alignment_matchup,2025,9,Tetairoa McMillan,WR,7.66,7.37,8.6,-0.29,1.23
ablate v2_scheme_matchup,2023,13,George Kittle,TE,9.95,9.57,10.8,-0.38,1.23
ablate v2_scheme_matchup,2022,8,Chris Godwin Jr.,WR,12.46,12.27,13.5,-0.19,1.23
ablate v2_pff_alignment_matchup,2022,12,Mark Andrews,TE,12.23,12.23,11.0,0.0,1.23
ablate v2_scheme_matchup,2023,15,Courtland Sutton,WR,13.23,13.33,12.1,0.1,1.23
ablate v2_pff_alignment_matchup,2023,7,K.J. Osborn,WR,10.25,10.92,9.7,0.67,1.22
ablate v2_scheme_matchup,2023,13,Diontae Johnson,WR,11.98,12.08,13.3,0.1,1.22
ablate v2_pff_alignment_matchup,2024,18,Michael Pittman,WR,11.69,11.98,13.2,0.29,1.22
ablate v2_scheme_matchup,2022,5,Courtland Sutton,WR,13.42,13.62,12.4,0.2,1.22
ablate v2_scheme_matchup,2022,10,Dallas Goedert,TE,11.47,10.52,9.3,-0.95,1.22
ablate v2_scheme_matchup,2024,4,Marvin Harrison Jr.,WR,14.29,14.29,15.5,0.0,1.21
ablate v2_scheme_matchup,2024,13,DK Metcalf,WR,9.29,9.39,10.6,0.1,1.21
ablate v2_pff_alignment_matchup,2023,8,Mike Evans,WR,11.98,11.69,12.9,-0.29,1.21
ablate v2_scheme_matchup,2023,12,Khalil Shakir,WR,9.0,8.91,7.7,-0.09,1.21
ablate v2_scheme_matchup,2022,16,Mark Andrews,TE,8.71,8.71,7.5,0.0,1.21
ablate v2_pff_alignment_matchup,2025,8,Zach Ertz,TE,6.53,6.81,5.6,0.28,1.21
ablate v2_pff_alignment_matchup,2022,16,Mark Andrews,TE,8.71,8.71,7.5,0.0,1.21
ablate v2_scheme_matchup,2022,16,Brandon Aiyuk,WR,11.89,11.89,13.1,0.0,1.21
ablate v2_pff_alignment_matchup,2023,15,Jake Ferguson,TE,9.95,9.19,10.4,-0.76,1.21
ablate v2_pff_alignment_matchup,2024,4,Marvin Harrison Jr.,WR,14.29,14.29,15.5,0.0,1.21
ablate v2_scheme_matchup,2025,13,Marquise Brown,WR,11.31,11.21,10.0,-0.1,1.21
ablate v2_pff_alignment_matchup,2025,9,Tyler Higbee,TE,9.0,9.09,10.3,0.09,1.21
ablate v2_pff_alignment_matchup,2025,8,Wan'Dale Robinson,WR,8.14,9.0,7.8,0.86,1.2
ablate v2_scheme_matchup,2025,14,Jordan Addison,WR,11.4,11.4,10.2,0.0,1.2
ablate v2_pff_alignment_matchup,2023,4,Noah Fant,TE,7.57,7.1,8.3,-0.47,1.2
ablate v2_scheme_matchup,2023,4,Chig Okonkwo,TE,7.1,7.1,5.9,0.0,1.2
ablate v2_pff_alignment_matchup,2025,4,Marquise Brown,WR,13.04,14.0,12.8,0.96,1.2
ablate v2_scheme_matchup,2022,18,Robert Tonyan,TE,7.19,7.1,5.9,-0.09,1.2
ablate v2_scheme_matchup,2023,11,Travis Kelce,TE,15.65,16.6,15.4,0.95,1.2
ablate v2_pff_alignment_matchup,2024,18,Calvin Ridley,WR,9.0,9.1,10.3,0.1,1.2
ablate v2_scheme_matchup,2023,16,Jason Brownlee,WR,8.91,9.0,7.8,0.09,1.2
ablate v2_pff_alignment_matchup,2022,7,Jaylen Waddle,WR,14.1,14.0,12.8,-0.1,1.2
ablate v2_pff_alignment_matchup,2025,7,Jonnu Smith,TE,9.57,10.61,11.8,1.04,1.19
ablate v2_pff_alignment_matchup,2022,7,Davante Adams,WR,16.11,16.31,17.5,0.2,1.19
ablate v2_pff_alignment_matchup,2023,13,Jerry Jeudy,WR,9.77,9.29,8.1,-0.48,1.19
ablate v2_scheme_matchup,2025,11,DK Metcalf,WR,9.29,8.71,9.9,-0.58,1.19
ablate v2_pff_alignment_matchup,2025,13,Emeka Egbuka,WR,9.0,9.39,8.2,0.39,1.19
ablate v2_pff_alignment_matchup,2024,6,David Njoku,TE,6.91,6.91,8.1,0.0,1.19
ablate v2_pff_alignment_matchup,2024,6,Michael Pittman,WR,11.79,11.31,12.5,-0.48,1.19
ablate v2_scheme_matchup,2025,4,Dalton Kincaid,TE,11.85,10.99,9.8,-0.86,1.19
ablate v2_pff_alignment_matchup,2025,9,CeeDee Lamb,WR,16.11,16.69,15.5,0.58,1.19
ablate v2_scheme_matchup,2024,6,David Njoku,TE,6.91,6.91,8.1,0.0,1.19
ablate v2_scheme_matchup,2023,13,Jerry Jeudy,WR,9.77,9.29,8.1,-0.48,1.19
ablate v2_pff_alignment_matchup,2024,17,T.J. Hockenson,TE,10.9,10.61,11.8,-0.29,1.19
ablate v2_scheme_matchup,2024,15,DJ Moore,WR,14.19,13.81,15.0,-0.38,1.19
ablate v2_scheme_matchup,2024,6,Tee Higgins,WR,13.52,13.52,14.7,0.0,1.18
ablate v2_pff_alignment_matchup,2022,16,Christian Watson,WR,11.89,12.08,10.9,0.19,1.18
ablate v2_pff_alignment_matchup,2024,12,Rashod Bateman,WR,11.12,11.12,12.3,0.0,1.18
ablate v2_scheme_matchup,2025,14,Jalen Nailor,WR,7.18,7.18,6.0,0.0,1.18
ablate v2_scheme_matchup,2022,4,Tyler Conklin,TE,9.57,9.38,8.2,-0.19,1.18
ablate v2_pff_alignment_matchup,2022,8,Hayden Hurst,TE,8.81,9.38,8.2,0.57,1.18
ablate v2_pff_alignment_matchup,2022,10,Curtis Samuel,WR,6.7,7.18,6.0,0.48,1.18
ablate v2_scheme_matchup,2024,12,Rashod Bateman,WR,11.12,11.12,12.3,0.0,1.18
ablate v2_pff_alignment_matchup,2024,15,Michael Pittman,WR,8.43,8.62,9.8,0.19,1.18
ablate v2_pff_alignment_matchup,2024,16,Rome Odunze,WR,8.33,8.52,9.7,0.19,1.18
ablate v2_scheme_matchup,2022,3,A.J. Brown,WR,18.13,18.32,19.5,0.19,1.18
ablate v2_pff_alignment_matchup,2025,6,Cooper Kupp,WR,10.16,10.83,12.0,0.67,1.17
ablate v2_pff_alignment_matchup,2025,9,Brian Thomas Jr.,WR,9.96,9.67,8.5,-0.29,1.17
ablate v2_scheme_matchup,2025,13,Jordan Addison,WR,9.87,9.77,8.6,-0.1,1.17
ablate v2_scheme_matchup,2023,18,Darren Waller,TE,8.24,8.33,9.5,0.09,1.17
ablate v2_scheme_matchup,2024,13,Jaxon Smith-Njigba,WR,10.64,10.73,11.9,0.09,1.17
ablate v2_pff_alignment_matchup,2023,11,Michael Gallup,WR,7.46,7.27,6.1,-0.19,1.17
ablate v2_scheme_matchup,2024,16,Tucker Kraft,TE,8.24,8.33,9.5,0.09,1.17
ablate v2_scheme_matchup,2025,12,Jalen Coker,WR,7.37,7.37,6.2,0.0,1.17
ablate v2_scheme_matchup,2022,11,T.J. Hockenson,TE,9.95,9.57,8.4,-0.38,1.17
ablate v2_pff_alignment_matchup,2024,12,Hunter Henry,TE,8.62,8.24,9.4,-0.38,1.16
ablate v2_pff_alignment_matchup,2025,8,Tee Higgins,WR,12.46,12.56,11.4,0.1,1.16
ablate v2_scheme_matchup,2025,9,Rashid Shaheed,WR,10.73,10.64,11.8,-0.09,1.16
ablate v2_pff_alignment_matchup,2024,12,Jameson Williams,WR,11.21,10.64,11.8,-0.57,1.16
ablate v2_scheme_matchup,2023,12,Cade Otton,TE,9.47,9.66,8.5,0.19,1.16
ablate v2_scheme_matchup,2025,16,Deebo Samuel Sr.,WR,7.66,7.66,6.5,0.0,1.16
ablate v2_scheme_matchup,2023,18,Chris Godwin Jr.,WR,10.25,10.35,11.5,0.1,1.15
ablate v2_scheme_matchup,2022,10,Jarvis Landry,WR,7.85,7.85,6.7,0.0,1.15
ablate v2_pff_alignment_matchup,2025,9,Hunter Henry,TE,8.33,7.95,9.1,-0.38,1.15
ablate v2_scheme_matchup,2023,6,Darnell Mooney,WR,7.95,7.95,6.8,0.0,1.15
ablate v2_pff_alignment_matchup,2023,7,George Kittle,TE,11.56,11.85,13.0,0.29,1.15
ablate v2_pff_alignment_matchup,2023,6,Darnell Mooney,WR,7.95,7.95,6.8,0.0,1.15
ablate v2_pff_alignment_matchup,2022,11,Gabe Davis,WR,14.48,12.94,11.8,-1.54,1.14
ablate v2_pff_alignment_matchup,2025,18,Jakobi Meyers,WR,10.64,10.54,9.4,-0.1,1.14
ablate v2_pff_alignment_matchup,2022,14,Brandon Aiyuk,WR,12.27,12.56,13.7,0.29,1.14
ablate v2_pff_alignment_matchup,2025,13,George Pickens,WR,18.71,17.94,16.8,-0.77,1.14
ablate v2_scheme_matchup,2025,16,Darren Waller,TE,7.67,8.14,7.0,0.47,1.14
ablate v2_pff_alignment_matchup,2023,11,Terry McLaurin,WR,9.87,10.44,9.3,0.57,1.14
ablate v2_scheme_matchup,2023,18,Juwan Johnson,TE,8.14,8.14,7.0,0.0,1.14
ablate v2_pff_alignment_matchup,2024,9,Terry McLaurin,WR,15.15,14.77,15.9,-0.38,1.13
ablate v2_pff_alignment_matchup,2024,15,Courtland Sutton,WR,14.58,13.33,12.2,-1.25,1.13
ablate v2_pff_alignment_matchup,2022,18,Dallas Goedert,TE,9.57,9.47,10.6,-0.1,1.13
ablate v2_scheme_matchup,2022,5,Allen Lazard,WR,12.37,12.37,13.5,0.0,1.13
ablate v2_scheme_matchup,2025,13,George Kittle,TE,9.76,9.57,10.7,-0.19,1.13
ablate v2_scheme_matchup,2022,12,Marquise Brown,WR,9.48,9.48,10.6,0.0,1.12
ablate v2_pff_alignment_matchup,2024,13,DK Metcalf,WR,9.29,9.48,10.6,0.19,1.12
ablate v2_scheme_matchup,2022,7,Gerald Everett,TE,11.66,12.42,11.3,0.76,1.12
ablate v2_pff_alignment_matchup,2022,12,Marquise Brown,WR,9.48,9.48,10.6,0.0,1.12
ablate v2_pff_alignment_matchup,2023,12,Davante Adams,WR,11.98,13.42,12.3,1.44,1.12
ablate v2_pff_alignment_matchup,2022,15,DK Metcalf,WR,13.13,13.62,12.5,0.49,1.12
ablate v2_scheme_matchup,2023,12,Christian Kirk,WR,12.27,11.79,12.9,-0.48,1.11
ablate v2_pff_alignment_matchup,2023,10,Cole Kmet,TE,12.23,10.71,9.6,-1.52,1.11
ablate v2_scheme_matchup,2023,9,Mike Evans,WR,14.19,13.81,12.7,-0.38,1.11
ablate v2_pff_alignment_matchup,2023,3,Christian Kirk,WR,14.1,14.29,15.4,0.19,1.11
ablate v2_scheme_matchup,2023,14,Jake Ferguson,TE,11.28,11.09,12.2,-0.19,1.11
ablate v2_pff_alignment_matchup,2025,3,Dallas Goedert,TE,9.09,9.19,10.3,0.1,1.11
ablate v2_scheme_matchup,2022,3,Michael Pittman,WR,16.31,16.31,15.2,0.0,1.11
ablate v2_pff_alignment_matchup,2022,13,Josh Palmer,WR,11.89,11.89,13.0,0.0,1.11
ablate v2_pff_alignment_matchup,2022,3,Michael Pittman,WR,16.31,16.31,15.2,0.0,1.11
ablate v2_scheme_matchup,2022,13,Josh Palmer,WR,11.89,11.89,13.0,0.0,1.11
ablate v2_pff_alignment_matchup,2022,14,Gerald Everett,TE,8.9,8.9,7.8,0.0,1.1
ablate v2_pff_alignment_matchup,2022,17,Brandin Cooks,WR,9.0,9.0,7.9,0.0,1.1
ablate v2_scheme_matchup,2022,17,Brandin Cooks,WR,9.0,9.0,7.9,0.0,1.1
ablate v2_scheme_matchup,2024,4,Khalil Shakir,WR,9.29,9.1,10.2,-0.19,1.1
ablate v2_scheme_matchup,2025,12,Christian Watson,WR,8.91,8.81,9.9,-0.1,1.09
ablate v2_pff_alignment_matchup,2022,11,Nico Collins,WR,8.71,8.71,9.8,0.0,1.09
ablate v2_scheme_matchup,2022,11,Nico Collins,WR,8.71,8.71,9.8,0.0,1.09
ablate v2_pff_alignment_matchup,2024,9,Juwan Johnson,TE,6.91,7.19,6.1,0.28,1.09
ablate v2_scheme_matchup,2025,18,Kyle Pitts,TE,12.89,12.89,11.8,0.0,1.09
ablate v2_scheme_matchup,2022,12,Travis Kelce,TE,16.6,16.79,15.7,0.19,1.09
ablate v2_pff_alignment_matchup,2022,6,Gerald Everett,TE,6.81,6.81,7.9,0.0,1.09
ablate v2_scheme_matchup,2024,8,Tyreek Hill,WR,14.29,14.29,13.2,0.0,1.09
ablate v2_scheme_matchup,2023,5,Tyler Boyd,WR,8.71,8.81,9.9,0.1,1.09
ablate v2_pff_alignment_matchup,2025,3,Alec Pierce,WR,11.69,11.79,10.7,0.1,1.09
ablate v2_scheme_matchup,2023,4,Sam LaPorta,TE,8.52,8.52,9.6,0.0,1.08
ablate v2_scheme_matchup,2023,10,Jordan Addison,WR,11.5,11.98,10.9,0.48,1.08
ablate v2_pff_alignment_matchup,2025,14,Khalil Shakir,WR,9.58,8.52,9.6,-1.06,1.08
ablate v2_scheme_matchup,2022,5,Diontae Johnson,WR,11.98,12.08,11.0,0.1,1.08
ablate v2_pff_alignment_matchup,2023,8,Courtland Sutton,WR,11.02,11.98,10.9,0.96,1.08
ablate v2_pff_alignment_matchup,2025,5,Brian Thomas Jr.,WR,10.64,10.92,12.0,0.28,1.08
ablate v2_scheme_matchup,2024,14,Mike Evans,WR,11.89,11.98,10.9,0.09,1.08
ablate v2_pff_alignment_matchup,2022,12,Noah Fant,TE,7.76,7.48,6.4,-0.28,1.08
ablate v2_pff_alignment_matchup,2022,11,T.J. Hockenson,TE,9.95,9.47,8.4,-0.48,1.07
ablate v2_scheme_matchup,2024,4,Darnell Mooney,WR,9.67,9.67,8.6,0.0,1.07
ablate v2_scheme_matchup,2025,3,KaVontae Turpin,WR,9.67,9.87,8.8,0.2,1.07
ablate v2_pff_alignment_matchup,2024,10,Josh Downs,WR,14.67,13.13,14.2,-1.54,1.07
ablate v2_scheme_matchup,2022,5,Cooper Kupp,WR,26.11,26.97,25.9,0.86,1.07
ablate v2_scheme_matchup,2023,6,Brandon Aiyuk,WR,10.54,10.54,11.6,0.0,1.06
ablate v2_pff_alignment_matchup,2023,3,George Pickens,WR,11.89,12.56,11.5,0.67,1.06
ablate v2_scheme_matchup,2022,7,Chase Claypool,WR,8.04,8.04,9.1,0.0,1.06
ablate v2_pff_alignment_matchup,2025,16,Deebo Samuel Sr.,WR,7.66,7.56,6.5,-0.1,1.06
ablate v2_scheme_matchup,2023,12,Dalton Kincaid,TE,9.57,9.85,8.8,0.28,1.05
ablate v2_scheme_matchup,2024,6,Xavier Legette,WR,10.25,10.25,11.3,0.0,1.05
ablate v2_pff_alignment_matchup,2023,3,Gerald Everett,TE,8.14,7.95,9.0,-0.19,1.05
ablate v2_pff_alignment_matchup,2025,16,Darren Waller,TE,7.67,8.05,7.0,0.38,1.05
ablate v2_pff_alignment_matchup,2023,14,Dallas Goedert,TE,9.0,8.05,7.0,-0.95,1.05
ablate v2_scheme_matchup,2022,5,Zach Ertz,TE,11.85,11.85,10.8,0.0,1.05
ablate v2_pff_alignment_matchup,2025,15,Brock Bowers,TE,10.23,9.85,8.8,-0.38,1.05
ablate v2_pff_alignment_matchup,2022,5,Zach Ertz,TE,11.85,11.85,10.8,0.0,1.05
ablate v2_pff_alignment_matchup,2023,9,Jayden Reed,WR,8.62,8.04,7.0,-0.58,1.04
ablate v2_scheme_matchup,2024,6,Rashod Bateman,WR,10.06,10.06,11.1,0.0,1.04
ablate v2_scheme_matchup,2025,5,Khalil Shakir,WR,10.06,9.96,11.0,-0.1,1.04
ablate v2_scheme_matchup,2025,14,A.J. Brown,WR,13.81,14.96,16.0,1.15,1.04
ablate v2_pff_alignment_matchup,2024,4,Tee Higgins,WR,12.27,13.04,12.0,0.77,1.04
ablate v2_scheme_matchup,2022,18,Rashid Shaheed,WR,8.04,8.14,7.1,0.1,1.04
ablate v2_pff_alignment_matchup,2025,14,Xavier Worthy,WR,7.46,7.46,8.5,0.0,1.04
ablate v2_pff_alignment_matchup,2025,5,Chig Okonkwo,TE,6.72,7.76,8.8,1.04,1.04
ablate v2_pff_alignment_matchup,2025,14,Devaughn Vele,WR,7.85,8.04,7.0,0.19,1.04
ablate v2_scheme_matchup,2022,11,Michael Gallup,WR,8.33,8.14,7.1,-0.19,1.04
ablate v2_pff_alignment_matchup,2024,6,Rashod Bateman,WR,10.06,10.06,11.1,0.0,1.04
ablate v2_pff_alignment_matchup,2025,5,Khalil Shakir,WR,10.06,9.96,11.0,-0.1,1.04
ablate v2_pff_alignment_matchup,2024,9,Josh Downs,WR,12.56,13.04,12.0,0.48,1.04
ablate v2_scheme_matchup,2022,15,Elijah Moore,WR,10.54,10.44,9.4,-0.1,1.04
ablate v2_pff_alignment_matchup,2025,6,Chris Olave,WR,15.25,14.77,15.8,-0.48,1.03
ablate v2_pff_alignment_matchup,2022,4,Jahan Dotson,WR,12.37,12.27,13.3,-0.1,1.03
ablate v2_pff_alignment_matchup,2023,14,Romeo Doubs,WR,7.85,8.23,7.2,0.38,1.03
ablate v2_scheme_matchup,2022,9,Chris Godwin Jr.,WR,9.58,9.67,10.7,0.09,1.03
ablate v2_scheme_matchup,2025,16,Khalil Shakir,WR,8.14,8.43,7.4,0.29,1.03
ablate v2_scheme_matchup,2022,18,Dallas Goedert,TE,9.57,9.57,10.6,0.0,1.03
ablate v2_scheme_matchup,2024,8,A.J. Brown,WR,12.56,12.37,13.4,-0.19,1.03
ablate v2_pff_alignment_matchup,2024,8,A.J. Brown,WR,12.56,12.37,13.4,-0.19,1.03
ablate v2_scheme_matchup,2023,11,Brandin Cooks,WR,7.95,8.23,7.2,0.28,1.03
ablate v2_pff_alignment_matchup,2023,3,Jerry Jeudy,WR,13.13,12.08,13.1,-1.05,1.02
ablate v2_scheme_matchup,2022,6,Adam Thielen,WR,14.58,14.58,15.6,0.0,1.02
ablate v2_scheme_matchup,2025,3,Dallas Goedert,TE,9.09,9.28,10.3,0.19,1.02
ablate v2_scheme_matchup,2024,4,Tyler Conklin,TE,6.81,6.72,5.7,-0.09,1.02
ablate v2_pff_alignment_matchup,2024,10,Jonnu Smith,TE,8.62,8.52,7.5,-0.1,1.02
ablate v2_pff_alignment_matchup,2022,13,Mike Evans,WR,11.21,10.92,9.9,-0.29,1.02
ablate v2_pff_alignment_matchup,2022,15,Terry McLaurin,WR,12.37,11.98,13.0,-0.39,1.02
ablate v2_pff_alignment_matchup,2024,11,Evan Engram,TE,8.14,8.81,7.8,0.67,1.01
ablate v2_scheme_matchup,2023,8,Adam Thielen,WR,16.5,16.21,15.2,-0.29,1.01
ablate v2_pff_alignment_matchup,2025,13,Gunnar Helm,TE,6.72,7.29,8.3,0.57,1.01
ablate v2_scheme_matchup,2025,13,Gunnar Helm,TE,6.72,7.29,8.3,0.57,1.01
ablate v2_pff_alignment_matchup,2024,4,Khalil Shakir,WR,9.29,9.19,10.2,-0.1,1.01
ablate v2_pff_alignment_matchup,2025,8,Cade Otton,TE,8.81,9.0,8.0,0.19,1.0
ablate v2_scheme_matchup,2025,5,Michael Pittman,WR,13.42,13.9,14.9,0.48,1.0
ablate v2_pff_alignment_matchup,2023,3,Evan Engram,TE,11.94,12.7,13.7,0.76,1.0
ablate v2_scheme_matchup,2025,3,Drake London,WR,11.5,11.5,10.5,0.0,1.0
ablate v2_pff_alignment_matchup,2022,14,T.J. Hockenson,TE,12.7,12.7,13.7,0.0,1.0
ablate v2_pff_alignment_matchup,2024,4,Ja'Marr Chase,WR,15.73,16.5,17.5,0.77,1.0
ablate v2_pff_alignment_matchup,2022,16,Dallas Goedert,TE,9.47,8.71,9.7,-0.76,0.99
ablate v2_scheme_matchup,2022,16,Christian Watson,WR,11.89,11.89,10.9,0.0,0.99
ablate v2_scheme_matchup,2025,16,Michael Wilson,WR,14.19,14.19,13.2,0.0,0.99
ablate v2_pff_alignment_matchup,2024,8,Tyreek Hill,WR,14.29,14.19,13.2,-0.1,0.99
ablate v2_pff_alignment_matchup,2025,13,Puka Nacua,WR,13.81,14.19,13.2,0.38,0.99
ablate v2_pff_alignment_matchup,2024,15,Jakobi Meyers,WR,13.04,11.89,10.9,-1.15,0.99
ablate v2_pff_alignment_matchup,2023,5,Tyler Boyd,WR,8.71,8.91,9.9,0.2,0.99
ablate v2_scheme_matchup,2022,6,Gerald Everett,TE,6.81,6.91,7.9,0.1,0.99
ablate v2_pff_alignment_matchup,2023,16,DK Metcalf,WR,17.56,16.59,15.6,-0.97,0.99
ablate v2_pff_alignment_matchup,2023,18,Davante Adams,WR,17.56,16.59,15.6,-0.97,0.99
ablate v2_scheme_matchup,2022,7,Pat Freiermuth,TE,14.6,14.51,15.5,-0.09,0.99
ablate v2_pff_alignment_matchup,2025,16,Michael Wilson,WR,14.19,14.19,13.2,0.0,0.99
ablate v2_scheme_matchup,2022,7,Marvin Jones,WR,8.81,8.71,9.7,-0.1,0.99
ablate v2_scheme_matchup,2025,5,Wan'Dale Robinson,WR,9.1,9.19,8.2,0.09,0.99
ablate v2_scheme_matchup,2022,4,Hayden Hurst,TE,9.66,10.71,11.7,1.05,0.99
ablate v2_pff_alignment_matchup,2024,14,Jake Ferguson,TE,6.81,7.19,6.2,0.38,0.99
ablate v2_pff_alignment_matchup,2022,7,Marvin Jones,WR,8.81,8.71,9.7,-0.1,0.99
ablate v2_scheme_matchup,2024,4,Tyler Lockett,WR,11.98,12.08,11.1,0.1,0.98
ablate v2_scheme_matchup,2022,13,Diontae Johnson,WR,12.08,11.98,11.0,-0.1,0.98
ablate v2_pff_alignment_matchup,2024,8,Hunter Henry,TE,7.48,8.52,9.5,1.04,0.98
ablate v2_scheme_matchup,2023,5,Jerry Jeudy,WR,11.98,11.98,11.0,0.0,0.98
ablate v2_scheme_matchup,2024,12,Kendrick Bourne,WR,6.98,6.98,6.0,0.0,0.98
ablate v2_scheme_matchup,2023,10,Christian Kirk,WR,13.42,13.42,14.4,0.0,0.98
ablate v2_scheme_matchup,2025,12,Michael Pittman,WR,14.38,14.67,13.7,0.29,0.97
ablate v2_pff_alignment_matchup,2024,9,Ladd McConkey,WR,12.75,12.37,11.4,-0.38,0.97
ablate v2_pff_alignment_matchup,2023,15,Chig Okonkwo,TE,7.0,7.57,6.6,0.57,0.97
ablate v2_pff_alignment_matchup,2023,9,DJ Chark,WR,9.58,9.87,8.9,0.29,0.97
ablate v2_scheme_matchup,2023,15,CeeDee Lamb,WR,19.57,19.57,18.6,0.0,0.97
ablate v2_pff_alignment_matchup,2023,8,Amon-Ra St. Brown,WR,14.96,15.83,16.8,0.87,0.97
ablate v2_scheme_matchup,2025,6,Darren Waller,TE,8.52,8.24,9.2,-0.28,0.96
ablate v2_scheme_matchup,2023,14,Brandon Aiyuk,WR,18.42,17.56,16.6,-0.86,0.96
ablate v2_pff_alignment_matchup,2022,7,Jakobi Meyers,WR,10.73,10.44,11.4,-0.29,0.96
ablate v2_scheme_matchup,2024,12,Will Dissly,TE,9.19,9.66,8.7,0.47,0.96
ablate v2_scheme_matchup,2022,7,DeAndre Carter,WR,7.95,7.66,6.7,-0.29,0.96
ablate v2_pff_alignment_matchup,2025,7,Stefon Diggs,WR,13.52,12.94,13.9,-0.58,0.96
ablate v2_scheme_matchup,2024,5,Rome Odunze,WR,7.95,8.04,9.0,0.09,0.96
ablate v2_pff_alignment_matchup,2022,13,Christian Kirk,WR,18.32,17.36,16.4,-0.96,0.96
ablate v2_pff_alignment_matchup,2025,9,Zay Flowers,WR,10.44,10.44,11.4,0.0,0.96
ablate v2_pff_alignment_matchup,2022,7,Chase Claypool,WR,8.04,8.14,9.1,0.1,0.96
ablate v2_pff_alignment_matchup,2025,4,Rashid Shaheed,WR,9.1,10.16,9.2,1.06,0.96
ablate v2_scheme_matchup,2025,9,Zay Flowers,WR,10.44,10.44,11.4,0.0,0.96
ablate v2_scheme_matchup,2023,14,Dallas Goedert,TE,9.0,7.95,7.0,-1.05,0.95
ablate v2_pff_alignment_matchup,2023,18,Juwan Johnson,TE,8.14,7.95,7.0,-0.19,0.95
ablate v2_pff_alignment_matchup,2022,13,Ja'Marr Chase,WR,18.32,17.65,16.7,-0.67,0.95
ablate v2_scheme_matchup,2023,3,Stefon Diggs,WR,20.92,20.05,19.1,-0.87,0.95
ablate v2_pff_alignment_matchup,2025,8,Calvin Austin III,WR,7.37,7.75,6.8,0.38,0.95
ablate v2_pff_alignment_matchup,2025,5,A.J. Brown,WR,9.77,10.25,9.3,0.48,0.95
ablate v2_scheme_matchup,2025,14,Devaughn Vele,WR,7.85,7.95,7.0,0.1,0.95
ablate v2_pff_alignment_matchup,2022,18,DeVonta Smith,WR,13.13,12.75,13.7,-0.38,0.95
ablate v2_scheme_matchup,2023,15,Calvin Ridley,WR,8.04,7.95,8.9,-0.09,0.95
ablate v2_pff_alignment_matchup,2022,18,CeeDee Lamb,WR,15.83,15.25,16.2,-0.58,0.95
ablate v2_pff_alignment_matchup,2022,8,Dawson Knox,TE,8.33,8.05,9.0,-0.28,0.95
ablate v2_scheme_matchup,2023,3,Gerald Everett,TE,8.14,8.05,9.0,-0.09,0.95
ablate v2_pff_alignment_matchup,2024,5,Mike Gesicki,TE,6.24,6.05,5.1,-0.19,0.95
ablate v2_scheme_matchup,2023,11,Dalton Kincaid,TE,10.04,9.66,10.6,-0.38,0.94
ablate v2_scheme_matchup,2024,9,Dalton Kincaid,TE,8.14,8.14,7.2,0.0,0.94
ablate v2_scheme_matchup,2025,10,Jakobi Meyers,WR,7.95,8.04,7.1,0.09,0.94
ablate v2_pff_alignment_matchup,2023,6,T.J. Hockenson,TE,12.32,11.94,11.0,-0.38,0.94
ablate v2_scheme_matchup,2025,9,Tetairoa McMillan,WR,7.66,7.66,8.6,0.0,0.94
ablate v2_scheme_matchup,2023,13,DJ Chark,WR,7.75,7.66,8.6,-0.09,0.94
ablate v2_scheme_matchup,2025,14,Xavier Worthy,WR,7.46,7.56,8.5,0.1,0.94
ablate v2_pff_alignment_matchup,2023,9,David Njoku,TE,11.66,11.66,12.6,0.0,0.94
ablate v2_scheme_matchup,2025,8,DeVonta Smith,WR,15.73,15.34,14.4,-0.39,0.94
ablate v2_pff_alignment_matchup,2024,13,Jameson Williams,WR,9.48,10.54,9.6,1.06,0.94
ablate v2_pff_alignment_matchup,2023,7,Romeo Doubs,WR,11.31,10.06,11.0,-1.25,0.94
ablate v2_scheme_matchup,2023,9,David Njoku,TE,11.66,11.66,12.6,0.0,0.94
ablate v2_pff_alignment_matchup,2024,7,Allen Lazard,WR,10.83,10.73,9.8,-0.1,0.93
ablate v2_pff_alignment_matchup,2024,4,Jerry Jeudy,WR,12.27,12.27,13.2,0.0,0.93
ablate v2_scheme_matchup,2024,4,Jerry Jeudy,WR,12.27,12.27,13.2,0.0,0.93
ablate v2_pff_alignment_matchup,2025,12,DeVonta Smith,WR,15.83,15.83,14.9,0.0,0.93
ablate v2_scheme_matchup,2022,18,Dawson Knox,TE,10.14,10.23,9.3,0.09,0.93
ablate v2_scheme_matchup,2022,11,Mark Andrews,TE,11.37,11.37,12.3,0.0,0.93
ablate v2_scheme_matchup,2022,3,Curtis Samuel,WR,12.17,12.17,13.1,0.0,0.93
ablate v2_pff_alignment_matchup,2022,11,Mark Andrews,TE,11.37,11.37,12.3,0.0,0.93
ablate v2_pff_alignment_matchup,2023,3,Garrett Wilson,WR,10.64,10.73,9.8,0.09,0.93
ablate v2_scheme_matchup,2024,4,Sam LaPorta,TE,9.38,10.23,9.3,0.85,0.93
ablate v2_pff_alignment_matchup,2023,17,DK Metcalf,WR,14.67,14.67,15.6,0.0,0.93
ablate v2_scheme_matchup,2024,10,Jonnu Smith,TE,8.62,8.43,7.5,-0.19,0.93
ablate v2_pff_alignment_matchup,2025,17,Brenton Strange,TE,6.81,7.48,8.4,0.67,0.92
ablate v2_pff_alignment_matchup,2022,12,Cole Kmet,TE,6.53,6.62,5.7,0.09,0.92
ablate v2_pff_alignment_matchup,2023,9,Jordan Addison,WR,10.83,11.12,10.2,0.29,0.92
ablate v2_pff_alignment_matchup,2024,8,Jake Ferguson,TE,7.19,7.38,8.3,0.19,0.92
ablate v2_scheme_matchup,2025,7,Matthew Golden,WR,8.71,8.62,7.7,-0.09,0.92
ablate v2_pff_alignment_matchup,2022,16,Travis Kelce,TE,18.12,18.21,17.3,0.09,0.91
ablate v2_scheme_matchup,2025,3,Terry McLaurin,WR,11.21,11.31,10.4,0.1,0.91
ablate v2_scheme_matchup,2022,7,Russell Gage,WR,8.62,8.81,7.9,0.19,0.91
ablate v2_scheme_matchup,2023,11,Zay Flowers,WR,8.91,8.91,8.0,0.0,0.91
ablate v2_scheme_matchup,2025,4,Travis Kelce,TE,11.09,10.71,9.8,-0.38,0.91
ablate v2_scheme_matchup,2025,8,Xavier Worthy,WR,9.1,9.39,10.3,0.29,0.91
ablate v2_pff_alignment_matchup,2024,17,Xavier Legette,WR,8.71,8.71,7.8,0.0,0.91
ablate v2_pff_alignment_matchup,2024,3,Kyle Pitts,TE,8.81,8.81,7.9,0.0,0.91
ablate v2_pff_alignment_matchup,2023,11,Zay Flowers,WR,8.91,8.91,8.0,0.0,0.91
ablate v2_pff_alignment_matchup,2023,6,Amari Cooper,WR,13.9,13.9,14.8,0.0,0.9
ablate v2_scheme_matchup,2023,6,Amari Cooper,WR,13.9,13.9,14.8,0.0,0.9
ablate v2_pff_alignment_matchup,2025,18,Kyle Pitts,TE,12.89,12.7,11.8,-0.19,0.9
ablate v2_pff_alignment_matchup,2023,17,David Njoku,TE,16.5,16.5,17.4,0.0,0.9
ablate v2_pff_alignment_matchup,2024,7,Garrett Wilson,WR,13.71,14.0,13.1,0.29,0.9
ablate v2_scheme_matchup,2022,6,Jakobi Meyers,WR,9.0,9.1,10.0,0.1,0.9
ablate v2_scheme_matchup,2023,4,DK Metcalf,WR,11.6,11.5,12.4,-0.1,0.9
ablate v2_scheme_matchup,2023,17,David Njoku,TE,16.5,16.5,17.4,0.0,0.9
ablate v2_scheme_matchup,2023,7,Darnell Mooney,WR,6.5,6.5,7.4,0.0,0.9
ablate v2_scheme_matchup,2023,18,Drake London,WR,9.0,9.0,8.1,0.0,0.9
ablate v2_pff_alignment_matchup,2022,13,Tyler Boyd,WR,9.19,9.1,10.0,-0.09,0.9
ablate v2_scheme_matchup,2023,17,Adam Thielen,WR,9.0,8.91,9.8,-0.09,0.89
ablate v2_pff_alignment_matchup,2022,5,Diontae Johnson,WR,11.98,11.89,11.0,-0.09,0.89
ablate v2_pff_alignment_matchup,2025,11,Zach Ertz,TE,9.19,9.09,8.2,-0.1,0.89
ablate v2_pff_alignment_matchup,2022,7,Travis Kelce,TE,15.46,16.69,15.8,1.23,0.89
ablate v2_scheme_matchup,2022,17,Allen Lazard,WR,11.98,11.79,10.9,-0.19,0.89
ablate v2_scheme_matchup,2024,12,Hunter Henry,TE,8.62,8.52,9.4,-0.1,0.88
ablate v2_pff_alignment_matchup,2023,13,Tyler Conklin,TE,7.76,7.38,6.5,-0.38,0.88
ablate v2_scheme_matchup,2025,17,Khalil Shakir,WR,8.71,8.62,9.5,-0.09,0.88
ablate v2_scheme_matchup,2023,3,Jordan Addison,WR,11.98,12.08,11.2,0.1,0.88
ablate v2_pff_alignment_matchup,2024,13,Jauan Jennings,WR,9.96,9.48,8.6,-0.48,0.88
ablate v2_pff_alignment_matchup,2025,16,Dallas Goedert,TE,13.75,13.08,12.2,-0.67,0.88
ablate v2_pff_alignment_matchup,2025,12,Jake Ferguson,TE,10.14,10.23,11.1,0.09,0.87
ablate v2_scheme_matchup,2025,17,Romeo Doubs,WR,8.23,8.33,9.2,0.1,0.87
ablate v2_pff_alignment_matchup,2023,8,DK Metcalf,WR,10.44,10.83,11.7,0.39,0.87
ablate v2_scheme_matchup,2023,14,Travis Kelce,TE,15.84,15.17,14.3,-0.67,0.87
ablate v2_pff_alignment_matchup,2025,9,Justin Jefferson,WR,15.73,15.83,16.7,0.1,0.87
ablate v2_pff_alignment_matchup,2022,18,Tyler Higbee,TE,6.34,6.43,7.3,0.09,0.87
ablate v2_pff_alignment_matchup,2022,13,Allen Lazard,WR,11.21,10.83,11.7,-0.38,0.87
ablate v2_scheme_matchup,2025,17,Terry McLaurin,WR,12.08,12.17,11.3,0.09,0.87
ablate v2_pff_alignment_matchup,2025,11,Emeka Egbuka,WR,8.33,8.14,9.0,-0.19,0.86
ablate v2_scheme_matchup,2023,17,Trey McBride,TE,11.66,11.66,10.8,0.0,0.86
ablate v2_pff_alignment_matchup,2022,10,Jarvis Landry,WR,7.85,7.56,6.7,-0.29,0.86
ablate v2_pff_alignment_matchup,2025,11,Colston Loveland,TE,8.81,7.86,7.0,-0.95,0.86
ablate v2_scheme_matchup,2023,5,Zach Ertz,TE,8.05,8.14,9.0,0.09,0.86
ablate v2_pff_alignment_matchup,2023,16,Cole Kmet,TE,12.99,13.84,14.7,0.85,0.86
ablate v2_pff_alignment_matchup,2023,17,Trey McBride,TE,11.66,11.66,10.8,0.0,0.86
ablate v2_pff_alignment_matchup,2024,3,Courtland Sutton,WR,10.92,12.94,13.8,2.02,0.86
ablate v2_pff_alignment_matchup,2022,7,DeAndre Carter,WR,7.95,7.56,6.7,-0.39,0.86
ablate v2_scheme_matchup,2022,17,Jauan Jennings,WR,7.37,7.46,6.6,0.09,0.86
ablate v2_pff_alignment_matchup,2023,14,George Kittle,TE,16.5,17.45,16.6,0.95,0.85
ablate v2_pff_alignment_matchup,2025,18,Juwan Johnson,TE,7.67,7.95,7.1,0.28,0.85
ablate v2_scheme_matchup,2024,10,Keenan Allen,WR,10.16,10.25,9.4,0.09,0.85
ablate v2_pff_alignment_matchup,2022,9,Tyler Boyd,WR,10.73,10.25,9.4,-0.48,0.85
ablate v2_pff_alignment_matchup,2022,18,Rashid Shaheed,WR,8.04,7.95,7.1,-0.09,0.85
ablate v2_pff_alignment_matchup,2022,15,Austin Hooper,TE,6.24,6.15,5.3,-0.09,0.85
ablate v2_scheme_matchup,2025,11,A.J. Brown,WR,12.56,12.75,11.9,0.19,0.85
ablate v2_pff_alignment_matchup,2022,5,Allen Lazard,WR,12.37,12.65,13.5,0.28,0.85
ablate v2_pff_alignment_matchup,2022,13,Chris Godwin Jr.,WR,15.92,15.15,14.3,-0.77,0.85
ablate v2_pff_alignment_matchup,2025,8,Jauan Jennings,WR,7.56,7.66,8.5,0.1,0.84
ablate v2_scheme_matchup,2025,8,Jauan Jennings,WR,7.56,7.66,8.5,0.1,0.84
ablate v2_scheme_matchup,2024,3,Mike Gesicki,TE,7.67,7.86,8.7,0.19,0.84
ablate v2_scheme_matchup,2022,9,Will Dissly,TE,5.86,6.24,5.4,0.38,0.84
ablate v2_scheme_matchup,2022,4,Jahan Dotson,WR,12.37,12.46,13.3,0.09,0.84
ablate v2_pff_alignment_matchup,2023,11,Brandin Cooks,WR,7.95,8.04,7.2,0.09,0.84
ablate v2_scheme_matchup,2023,3,Garrett Wilson,WR,10.64,10.64,9.8,0.0,0.84
ablate v2_scheme_matchup,2024,7,Jordan Addison,WR,10.35,10.44,9.6,0.09,0.84
ablate v2_scheme_matchup,2024,9,Noah Brown,WR,9.77,10.16,11.0,0.39,0.84
ablate v2_scheme_matchup,2024,7,Darnell Mooney,WR,10.92,10.44,9.6,-0.48,0.84
ablate v2_pff_alignment_matchup,2022,9,Chris Godwin Jr.,WR,9.58,9.87,10.7,0.29,0.83
ablate v2_scheme_matchup,2022,8,Robert Tonyan,TE,8.05,7.67,8.5,-0.38,0.83
ablate v2_scheme_matchup,2025,9,Tyler Higbee,TE,9.0,9.47,10.3,0.47,0.83
ablate v2_pff_alignment_matchup,2022,13,Deebo Samuel Sr.,WR,13.13,13.13,12.3,0.0,0.83
ablate v2_scheme_matchup,2022,12,Cole Kmet,TE,6.53,6.53,5.7,0.0,0.83
ablate v2_scheme_matchup,2022,13,Deebo Samuel Sr.,WR,13.13,13.13,12.3,0.0,0.83
ablate v2_scheme_matchup,2023,17,DK Metcalf,WR,14.67,14.77,15.6,0.1,0.83
ablate v2_scheme_matchup,2025,11,Hunter Henry,TE,8.05,7.67,8.5,-0.38,0.83
ablate v2_pff_alignment_matchup,2022,6,Adam Thielen,WR,14.58,14.77,15.6,0.19,0.83
ablate v2_pff_alignment_matchup,2025,8,Kendrick Bourne,WR,7.95,8.23,7.4,0.28,0.83
ablate v2_scheme_matchup,2022,15,DK Metcalf,WR,13.13,13.33,12.5,0.2,0.83
ablate v2_scheme_matchup,2025,12,DeVonta Smith,WR,15.83,15.73,14.9,-0.1,0.83
ablate v2_pff_alignment_matchup,2023,14,Chris Olave,WR,11.12,11.98,12.8,0.86,0.82
ablate v2_pff_alignment_matchup,2023,12,Khalil Shakir,WR,9.0,8.52,7.7,-0.48,0.82
ablate v2_scheme_matchup,2024,17,Xavier Legette,WR,8.71,8.62,7.8,-0.09,0.82
ablate v2_scheme_matchup,2023,7,Trey McBride,TE,6.72,6.72,5.9,0.0,0.82
ablate v2_pff_alignment_matchup,2024,5,Christian Kirk,WR,11.21,11.98,12.8,0.77,0.82
ablate v2_scheme_matchup,2025,6,AJ Barner,TE,9.0,9.28,10.1,0.28,0.82
ablate v2_scheme_matchup,2022,15,Amon-Ra St. Brown,WR,14.38,14.38,15.2,0.0,0.82
ablate v2_pff_alignment_matchup,2023,7,Trey McBride,TE,6.72,6.72,5.9,0.0,0.82
ablate v2_pff_alignment_matchup,2024,7,Foster Moreau,TE,6.91,6.62,5.8,-0.29,0.82
ablate v2_scheme_matchup,2022,7,Travis Kelce,TE,15.46,14.98,15.8,-0.48,0.82
ablate v2_scheme_matchup,2024,7,Foster Moreau,TE,6.91,6.62,5.8,-0.29,0.82
ablate v2_scheme_matchup,2022,15,Gerald Everett,TE,6.72,7.38,8.2,0.66,0.82
ablate v2_scheme_matchup,2023,8,Mike Evans,WR,11.98,12.08,12.9,0.1,0.82
ablate v2_pff_alignment_matchup,2024,6,Michael Wilson,WR,9.29,9.29,10.1,0.0,0.81
ablate v2_scheme_matchup,2023,12,Evan Engram,TE,10.04,10.71,9.9,0.67,0.81
ablate v2_scheme_matchup,2025,3,Cole Kmet,TE,8.81,8.81,8.0,0.0,0.81
ablate v2_scheme_matchup,2022,3,Daniel Bellinger,TE,6.72,7.19,8.0,0.47,0.81
ablate v2_scheme_matchup,2023,3,Terry McLaurin,WR,9.29,9.29,10.1,0.0,0.81
ablate v2_scheme_matchup,2024,6,Michael Wilson,WR,9.29,9.29,10.1,0.0,0.81
ablate v2_pff_alignment_matchup,2022,12,Gerald Everett,TE,7.48,7.0,7.8,-0.48,0.8
ablate v2_scheme_matchup,2023,3,K.J. Osborn,WR,11.31,11.4,10.6,0.09,0.8
ablate v2_pff_alignment_matchup,2025,12,Christian Watson,WR,8.91,9.1,9.9,0.19,0.8
ablate v2_pff_alignment_matchup,2024,12,Ja'Tavion Sanders,TE,7.19,7.1,7.9,-0.09,0.8
ablate v2_pff_alignment_matchup,2023,7,Darnell Mooney,WR,6.5,6.6,7.4,0.1,0.8
ablate v2_pff_alignment_matchup,2024,6,Ladd McConkey,WR,8.04,9.1,8.3,1.06,0.8
ablate v2_scheme_matchup,2022,12,Jaylen Waddle,WR,14.58,14.29,13.5,-0.29,0.79
ablate v2_scheme_matchup,2022,14,A.J. Brown,WR,15.73,16.21,17.0,0.48,0.79
ablate v2_pff_alignment_matchup,2023,17,Drake London,WR,8.23,8.81,9.6,0.58,0.79
ablate v2_pff_alignment_matchup,2024,4,Darnell Mooney,WR,9.67,9.39,8.6,-0.28,0.79
ablate v2_pff_alignment_matchup,2025,5,Troy Franklin,WR,9.0,9.29,8.5,0.29,0.79
ablate v2_scheme_matchup,2022,14,Mike Evans,WR,9.0,9.19,8.4,0.19,0.79
ablate v2_scheme_matchup,2025,15,Dalton Kincaid,TE,7.1,7.19,6.4,0.09,0.79
ablate v2_pff_alignment_matchup,2024,12,Travis Kelce,TE,12.7,12.99,12.2,0.29,0.79
ablate v2_scheme_matchup,2024,7,George Kittle,TE,13.56,14.41,15.2,0.85,0.79
ablate v2_pff_alignment_matchup,2023,17,Chig Okonkwo,TE,6.91,7.19,6.4,0.28,0.79
ablate v2_pff_alignment_matchup,2024,16,Tucker Kraft,TE,8.24,8.71,9.5,0.47,0.79
ablate v2_scheme_matchup,2025,5,Puka Nacua,WR,24.09,23.71,24.5,-0.38,0.79
ablate v2_pff_alignment_matchup,2022,17,Allen Lazard,WR,11.98,11.69,10.9,-0.29,0.79
ablate v2_scheme_matchup,2023,4,Dalton Kincaid,TE,6.72,7.48,6.7,0.76,0.78
ablate v2_scheme_matchup,2025,6,Tucker Kraft,TE,12.42,13.08,12.3,0.66,0.78
ablate v2_scheme_matchup,2024,12,Jameson Williams,WR,11.21,11.02,11.8,-0.19,0.78
ablate v2_pff_alignment_matchup,2025,6,Mark Andrews,TE,7.38,7.38,6.6,0.0,0.78
ablate v2_scheme_matchup,2025,9,Deebo Samuel Sr.,WR,8.71,8.62,9.4,-0.09,0.78
ablate v2_scheme_matchup,2025,6,Mark Andrews,TE,7.38,7.38,6.6,0.0,0.78
ablate v2_pff_alignment_matchup,2025,5,Garrett Wilson,WR,19.28,18.32,19.1,-0.96,0.78
ablate v2_scheme_matchup,2023,8,DK Metcalf,WR,10.44,10.92,11.7,0.48,0.78
ablate v2_scheme_matchup,2024,12,Jauan Jennings,WR,9.77,9.77,9.0,0.0,0.77
ablate v2_scheme_matchup,2023,5,Deebo Samuel Sr.,WR,10.06,10.73,11.5,0.67,0.77
ablate v2_scheme_matchup,2023,4,Darnell Mooney,WR,9.87,9.87,9.1,0.0,0.77
ablate v2_pff_alignment_matchup,2024,13,Garrett Wilson,WR,9.77,9.87,9.1,0.1,0.77
ablate v2_pff_alignment_matchup,2022,6,Zay Jones,WR,8.33,8.43,9.2,0.1,0.77
ablate v2_pff_alignment_matchup,2022,16,Russell Gage,WR,11.21,10.73,11.5,-0.48,0.77
ablate v2_scheme_matchup,2022,6,Zay Jones,WR,8.33,8.43,9.2,0.1,0.77
ablate v2_pff_alignment_matchup,2022,7,Chris Godwin Jr.,WR,10.73,10.73,11.5,0.0,0.77
ablate v2_pff_alignment_matchup,2022,4,Logan Thomas,TE,7.95,7.67,6.9,-0.28,0.77
ablate v2_scheme_matchup,2024,8,Davante Adams,WR,9.87,10.16,9.4,0.29,0.76
ablate v2_pff_alignment_matchup,2024,8,George Pickens,WR,11.02,10.64,11.4,-0.38,0.76
ablate v2_scheme_matchup,2025,18,Juwan Johnson,TE,7.67,7.86,7.1,0.19,0.76
ablate v2_scheme_matchup,2022,8,Brandin Cooks,WR,10.54,10.54,11.3,0.0,0.76
ablate v2_pff_alignment_matchup,2022,12,Terry McLaurin,WR,10.25,10.06,9.3,-0.19,0.76
ablate v2_scheme_matchup,2023,14,George Kittle,TE,16.5,17.36,16.6,0.86,0.76
ablate v2_scheme_matchup,2025,11,Romeo Doubs,WR,9.96,10.06,9.3,0.1,0.76
ablate v2_scheme_matchup,2022,17,Keenan Allen,WR,12.46,12.56,11.8,0.1,0.76
ablate v2_pff_alignment_matchup,2023,18,Puka Nacua,WR,14.29,14.86,14.1,0.57,0.76
ablate v2_scheme_matchup,2025,15,Juwan Johnson,TE,6.91,7.76,7.0,0.85,0.76
ablate v2_pff_alignment_matchup,2024,10,Keenan Allen,WR,10.16,10.16,9.4,0.0,0.76
ablate v2_scheme_matchup,2025,9,Rashee Rice,WR,17.17,17.84,18.6,0.67,0.76
ablate v2_pff_alignment_matchup,2022,8,Brandin Cooks,WR,10.54,10.54,11.3,0.0,0.76
ablate v2_scheme_matchup,2022,17,Chig Okonkwo,TE,6.24,6.15,5.4,-0.09,0.75
ablate v2_pff_alignment_matchup,2022,12,Davante Adams,WR,15.25,15.15,14.4,-0.1,0.75
ablate v2_pff_alignment_matchup,2022,8,Alec Pierce,WR,11.21,10.25,9.5,-0.96,0.75
ablate v2_pff_alignment_matchup,2023,16,Trey McBride,TE,9.85,9.85,9.1,0.0,0.75
ablate v2_pff_alignment_matchup,2025,11,A.J. Brown,WR,12.56,12.65,11.9,0.09,0.75
ablate v2_pff_alignment_matchup,2022,15,Gabe Davis,WR,10.25,10.35,9.6,0.1,0.75
ablate v2_scheme_matchup,2023,16,Trey McBride,TE,9.85,9.85,9.1,0.0,0.75
ablate v2_scheme_matchup,2025,6,Chris Olave,WR,15.25,15.06,15.8,-0.19,0.74
ablate v2_pff_alignment_matchup,2023,13,Tyler Higbee,TE,6.53,6.24,5.5,-0.29,0.74
ablate v2_pff_alignment_matchup,2023,13,Brandon Aiyuk,WR,15.25,14.86,15.6,-0.39,0.74
ablate v2_pff_alignment_matchup,2025,11,Hunter Henry,TE,8.05,7.76,8.5,-0.29,0.74
ablate v2_scheme_matchup,2024,7,Allen Lazard,WR,10.83,10.54,9.8,-0.29,0.74
ablate v2_scheme_matchup,2025,9,Ja'Marr Chase,WR,17.94,17.84,17.1,-0.1,0.74
ablate v2_scheme_matchup,2025,8,Kendrick Bourne,WR,7.95,8.14,7.4,0.19,0.74
ablate v2_pff_alignment_matchup,2022,5,George Kittle,TE,8.05,8.43,7.7,0.38,0.73
ablate v2_pff_alignment_matchup,2023,9,Chig Okonkwo,TE,6.24,6.53,5.8,0.29,0.73
ablate v2_pff_alignment_matchup,2025,13,Marquise Brown,WR,11.31,10.73,10.0,-0.58,0.73
ablate v2_pff_alignment_matchup,2025,8,Evan Engram,TE,8.71,8.33,7.6,-0.38,0.73
ablate v2_scheme_matchup,2025,16,Troy Franklin,WR,10.25,9.87,10.6,-0.38,0.73
ablate v2_pff_alignment_matchup,2025,7,T.J. Hockenson,TE,9.76,9.57,10.3,-0.19,0.73
ablate v2_pff_alignment_matchup,2024,6,Kyle Pitts,TE,9.76,9.28,10.0,-0.48,0.72
ablate v2_pff_alignment_matchup,2025,9,Quentin Johnston,WR,16.02,14.58,15.3,-1.44,0.72
ablate v2_scheme_matchup,2023,6,A.J. Brown,WR,19.48,19.38,20.1,-0.1,0.72
ablate v2_scheme_matchup,2024,8,Christian Kirk,WR,8.81,8.62,7.9,-0.19,0.72
ablate v2_pff_alignment_matchup,2022,8,Chris Olave,WR,10.73,10.92,10.2,0.19,0.72
ablate v2_scheme_matchup,2022,13,Tyler Boyd,WR,9.19,9.29,10.0,0.1,0.71
ablate v2_scheme_matchup,2023,12,Jordan Addison,WR,9.1,9.19,9.9,0.09,0.71
ablate v2_scheme_matchup,2022,14,T.J. Hockenson,TE,12.7,12.99,13.7,0.29,0.71
ablate v2_scheme_matchup,2024,3,DeVonta Smith,WR,14.1,14.19,14.9,0.09,0.71
ablate v2_pff_alignment_matchup,2022,12,Josh Palmer,WR,12.46,11.31,10.6,-1.15,0.71
ablate v2_scheme_matchup,2025,8,CeeDee Lamb,WR,13.52,13.9,14.6,0.38,0.7
ablate v2_scheme_matchup,2024,3,Brian Thomas Jr.,WR,9.1,9.1,9.8,0.0,0.7
ablate v2_pff_alignment_matchup,2022,14,Mike Evans,WR,9.0,9.1,8.4,0.1,0.7
ablate v2_pff_alignment_matchup,2022,5,Jerry Jeudy,WR,8.62,9.0,8.3,0.38,0.7
ablate v2_pff_alignment_matchup,2024,6,Tee Higgins,WR,13.52,14.0,14.7,0.48,0.7
ablate v2_scheme_matchup,2022,12,George Pickens,WR,11.31,11.4,10.7,0.09,0.7
ablate v2_pff_alignment_matchup,2022,5,Robert Tonyan,TE,7.0,7.0,6.3,0.0,0.7
ablate v2_scheme_matchup,2024,4,Dalton Kincaid,TE,8.05,9.0,9.7,0.95,0.7
ablate v2_scheme_matchup,2025,17,Jauan Jennings,WR,11.4,11.5,12.2,0.1,0.7
ablate v2_scheme_matchup,2024,16,DeVonta Smith,WR,11.69,11.79,11.1,0.1,0.69
ablate v2_scheme_matchup,2024,3,Tyler Lockett,WR,8.91,8.91,9.6,0.0,0.69
ablate v2_scheme_matchup,2025,13,Hunter Henry,TE,10.99,10.61,11.3,-0.38,0.69
ablate v2_scheme_matchup,2024,16,Jordan Addison,WR,14.1,13.81,14.5,-0.29,0.69
ablate v2_pff_alignment_matchup,2024,18,Tucker Kraft,TE,7.48,6.91,7.6,-0.57,0.69
ablate v2_scheme_matchup,2022,13,Treylon Burks,WR,8.81,8.81,9.5,0.0,0.69
ablate v2_pff_alignment_matchup,2022,3,Tee Higgins,WR,12.56,13.62,14.3,1.06,0.68
ablate v2_pff_alignment_matchup,2025,6,Darren Waller,TE,8.52,8.52,9.2,0.0,0.68
ablate v2_scheme_matchup,2025,9,Justin Jefferson,WR,15.73,16.02,16.7,0.29,0.68
ablate v2_scheme_matchup,2024,4,Jauan Jennings,WR,11.12,11.12,11.8,0.0,0.68
ablate v2_scheme_matchup,2023,14,Calvin Ridley,WR,8.33,8.62,9.3,0.29,0.68
ablate v2_pff_alignment_matchup,2025,6,Jaylen Waddle,WR,14.58,15.15,15.82,0.57,0.67
ablate v2_scheme_matchup,2022,4,Logan Thomas,TE,7.95,7.57,6.9,-0.38,0.67
ablate v2_scheme_matchup,2024,17,Deebo Samuel Sr.,WR,8.33,8.43,9.1,0.1,0.67
ablate v2_pff_alignment_matchup,2022,15,Tyler Lockett,WR,13.04,13.13,13.8,0.09,0.67
ablate v2_scheme_matchup,2022,8,Dawson Knox,TE,8.33,8.33,9.0,0.0,0.67
ablate v2_scheme_matchup,2022,12,Jakobi Meyers,WR,10.16,9.87,9.2,-0.29,0.67
ablate v2_pff_alignment_matchup,2022,17,T.J. Hockenson,TE,13.56,13.56,12.9,0.0,0.66
ablate v2_pff_alignment_matchup,2022,15,Elijah Moore,WR,10.54,10.06,9.4,-0.48,0.66
ablate v2_scheme_matchup,2022,12,Chris Olave,WR,10.44,10.54,11.2,0.1,0.66
ablate v2_pff_alignment_matchup,2022,4,Courtland Sutton,WR,14.29,15.54,16.2,1.25,0.66
ablate v2_pff_alignment_matchup,2022,12,Chris Olave,WR,10.44,10.54,11.2,0.1,0.66
ablate v2_scheme_matchup,2023,14,Gerald Everett,TE,7.67,8.24,8.9,0.57,0.66
ablate v2_pff_alignment_matchup,2025,9,Ja'Marr Chase,WR,17.94,17.75,17.1,-0.19,0.65
ablate v2_pff_alignment_matchup,2022,6,Corey Davis,WR,8.71,7.85,7.2,-0.86,0.65
ablate v2_pff_alignment_matchup,2022,18,Dawson Knox,TE,10.14,9.95,9.3,-0.19,0.65
ablate v2_scheme_matchup,2023,7,K.J. Osborn,WR,10.25,10.35,9.7,0.1,0.65
ablate v2_pff_alignment_matchup,2025,10,Jakobi Meyers,WR,7.95,7.75,7.1,-0.2,0.65
ablate v2_scheme_matchup,2023,14,Romeo Doubs,WR,7.85,7.85,7.2,0.0,0.65
ablate v2_scheme_matchup,2022,15,Gabe Davis,WR,10.25,10.25,9.6,0.0,0.65
ablate v2_scheme_matchup,2022,17,Chris Olave,WR,7.56,7.56,8.2,0.0,0.64
ablate v2_pff_alignment_matchup,2025,7,Romeo Doubs,WR,11.31,12.56,13.2,1.25,0.64
ablate v2_scheme_matchup,2025,8,Juwan Johnson,TE,9.09,9.66,10.3,0.57,0.64
ablate v2_scheme_matchup,2024,3,Amon-Ra St. Brown,WR,19.67,19.86,20.5,0.19,0.64
ablate v2_pff_alignment_matchup,2023,9,Terry McLaurin,WR,12.46,12.94,12.3,0.48,0.64
ablate v2_scheme_matchup,2025,15,Parker Washington,WR,7.46,7.66,8.3,0.2,0.64
ablate v2_scheme_matchup,2024,11,Amari Cooper,WR,8.33,8.14,7.5,-0.19,0.64
ablate v2_pff_alignment_matchup,2022,12,A.J. Brown,WR,14.1,13.23,12.6,-0.87,0.63
ablate v2_scheme_matchup,2025,4,Tetairoa McMillan,WR,9.58,9.58,10.2,0.0,0.62
ablate v2_pff_alignment_matchup,2023,11,Mike Evans,WR,15.73,15.92,15.3,0.19,0.62
ablate v2_pff_alignment_matchup,2023,3,Terry McLaurin,WR,9.29,9.48,10.1,0.19,0.62
ablate v2_scheme_matchup,2025,8,Cade Otton,TE,8.81,8.62,8.0,-0.19,0.62
ablate v2_pff_alignment_matchup,2024,15,DJ Moore,WR,14.19,14.38,15.0,0.19,0.62
ablate v2_pff_alignment_matchup,2025,9,Oronde Gadsden II,TE,12.8,12.42,11.8,-0.38,0.62
ablate v2_scheme_matchup,2022,5,Terry McLaurin,WR,12.46,11.98,12.6,-0.48,0.62
ablate v2_scheme_matchup,2023,11,Mike Evans,WR,15.73,15.92,15.3,0.19,0.62
ablate v2_scheme_matchup,2025,9,Quentin Johnston,WR,16.02,15.92,15.3,-0.1,0.62
ablate v2_scheme_matchup,2022,14,Tyreek Hill,WR,18.71,18.71,18.1,0.0,0.61
ablate v2_pff_alignment_matchup,2022,11,Brandin Cooks,WR,9.39,9.39,10.0,0.0,0.61
ablate v2_pff_alignment_matchup,2023,8,Keenan Allen,WR,13.33,14.29,14.9,0.96,0.61
ablate v2_scheme_matchup,2024,6,Michael Pittman,WR,11.79,11.89,12.5,0.1,0.61
ablate v2_scheme_matchup,2025,3,Chris Olave,WR,16.5,16.31,15.7,-0.19,0.61
ablate v2_scheme_matchup,2022,11,Brandin Cooks,WR,9.39,9.39,10.0,0.0,0.61
ablate v2_scheme_matchup,2025,13,Emeka Egbuka,WR,9.0,8.81,8.2,-0.19,0.61
ablate v2_scheme_matchup,2023,3,Jakobi Meyers,WR,16.02,16.11,15.5,0.09,0.61
ablate v2_pff_alignment_matchup,2025,11,Courtland Sutton,WR,9.29,9.29,9.9,0.0,0.61
ablate v2_pff_alignment_matchup,2024,6,Juwan Johnson,TE,6.53,7.19,7.8,0.66,0.61
ablate v2_pff_alignment_matchup,2024,4,Drake London,WR,12.56,11.79,12.4,-0.77,0.61
ablate v2_pff_alignment_matchup,2022,12,Jaylen Waddle,WR,14.58,14.1,13.5,-0.48,0.6
ablate v2_pff_alignment_matchup,2023,3,Mike Evans,WR,16.88,16.4,17.0,-0.48,0.6
ablate v2_pff_alignment_matchup,2023,18,Darren Waller,TE,8.24,8.9,9.5,0.66,0.6
ablate v2_pff_alignment_matchup,2022,16,Amon-Ra St. Brown,WR,14.38,14.0,14.6,-0.38,0.6
ablate v2_pff_alignment_matchup,2023,15,Tyler Higbee,TE,6.91,7.0,7.6,0.09,0.6
ablate v2_scheme_matchup,2023,3,Tyler Higbee,TE,12.7,12.7,12.1,0.0,0.6
ablate v2_pff_alignment_matchup,2022,7,Hunter Renfrow,WR,7.37,9.1,8.5,1.73,0.6
ablate v2_pff_alignment_matchup,2023,12,Cade Otton,TE,9.47,9.09,8.5,-0.38,0.59
ablate v2_pff_alignment_matchup,2023,7,Josh Reynolds,WR,6.6,6.89,6.3,0.29,0.59
ablate v2_pff_alignment_matchup,2023,4,Dalton Kincaid,TE,6.72,7.29,6.7,0.57,0.59
ablate v2_pff_alignment_matchup,2023,14,Calvin Ridley,WR,8.33,8.71,9.3,0.38,0.59
ablate v2_scheme_matchup,2024,11,Jakobi Meyers,WR,9.39,9.39,8.8,0.0,0.59
ablate v2_pff_alignment_matchup,2023,6,Evan Engram,TE,10.99,10.52,11.1,-0.47,0.58
ablate v2_pff_alignment_matchup,2024,12,Will Dissly,TE,9.19,9.28,8.7,0.09,0.58
ablate v2_scheme_matchup,2024,8,Will Dissly,TE,8.33,8.52,9.1,0.19,0.58
ablate v2_pff_alignment_matchup,2024,5,Tyler Lockett,WR,11.31,10.92,11.5,-0.39,0.58
ablate v2_scheme_matchup,2024,16,Jauan Jennings,WR,8.52,8.52,9.1,0.0,0.58
ablate v2_scheme_matchup,2023,5,A.J. Brown,WR,19.86,19.28,18.7,-0.58,0.58
ablate v2_scheme_matchup,2023,9,DJ Chark,WR,9.58,9.48,8.9,-0.1,0.58
ablate v2_scheme_matchup,2025,14,Jayden Higgins,WR,6.98,6.98,6.4,0.0,0.58
ablate v2_pff_alignment_matchup,2022,13,Pat Freiermuth,TE,11.09,11.18,10.6,0.09,0.58
ablate v2_pff_alignment_matchup,2022,14,Garrett Wilson,WR,14.1,14.38,13.8,0.28,0.58
ablate v2_pff_alignment_matchup,2025,14,Jayden Higgins,WR,6.98,6.98,6.4,0.0,0.58
ablate v2_scheme_matchup,2024,13,Garrett Wilson,WR,9.77,9.67,9.1,-0.1,0.57
ablate v2_scheme_matchup,2025,6,Jaylen Waddle,WR,14.58,15.25,15.82,0.67,0.57
ablate v2_scheme_matchup,2025,5,A.J. Brown,WR,9.77,9.87,9.3,0.1,0.57
ablate v2_pff_alignment_matchup,2023,4,Darnell Mooney,WR,9.87,9.67,9.1,-0.2,0.57
ablate v2_pff_alignment_matchup,2025,14,Jake Ferguson,TE,11.56,10.23,10.8,-1.33,0.57
ablate v2_pff_alignment_matchup,2022,7,Hayden Hurst,TE,10.04,10.23,10.8,0.19,0.57
ablate v2_pff_alignment_matchup,2022,4,Romeo Doubs,WR,12.65,13.13,13.7,0.48,0.57
ablate v2_scheme_matchup,2022,15,Tyler Lockett,WR,13.04,13.23,13.8,0.19,0.57
ablate v2_scheme_matchup,2022,7,Jakobi Meyers,WR,10.73,10.83,11.4,0.1,0.57
ablate v2_scheme_matchup,2023,11,Terry McLaurin,WR,9.87,9.87,9.3,0.0,0.57
ablate v2_pff_alignment_matchup,2023,14,Brandon Aiyuk,WR,18.42,17.17,16.6,-1.25,0.57
ablate v2_pff_alignment_matchup,2023,3,Stefon Diggs,WR,20.92,19.67,19.1,-1.25,0.57
ablate v2_pff_alignment_matchup,2024,13,Jaylen Waddle,WR,9.77,10.73,11.3,0.96,0.57
ablate v2_scheme_matchup,2022,12,Terry McLaurin,WR,10.25,9.87,9.3,-0.38,0.57
ablate v2_scheme_matchup,2022,13,Justin Jefferson,WR,18.13,18.04,18.6,-0.09,0.56
ablate v2_pff_alignment_matchup,2022,13,Treylon Burks,WR,8.81,10.06,9.5,1.25,0.56
ablate v2_pff_alignment_matchup,2022,11,Michael Gallup,WR,8.33,7.66,7.1,-0.67,0.56
ablate v2_pff_alignment_matchup,2025,14,T.J. Hockenson,TE,9.66,9.76,9.2,0.1,0.56
ablate v2_scheme_matchup,2022,17,T.J. Hockenson,TE,13.56,13.46,12.9,-0.1,0.56
ablate v2_pff_alignment_matchup,2025,10,Tetairoa McMillan,WR,10.64,10.44,11.0,-0.2,0.56
ablate v2_pff_alignment_matchup,2024,3,Mike Gesicki,TE,7.67,8.14,8.7,0.47,0.56
ablate v2_scheme_matchup,2024,3,Keon Coleman,WR,9.58,9.96,9.4,0.38,0.56
ablate v2_pff_alignment_matchup,2023,16,Isaiah Likely,TE,8.05,8.05,8.6,0.0,0.55
ablate v2_pff_alignment_matchup,2022,8,Robert Tonyan,TE,8.05,7.95,8.5,-0.1,0.55
ablate v2_pff_alignment_matchup,2024,11,Jayden Reed,WR,10.35,10.35,9.8,0.0,0.55
ablate v2_scheme_matchup,2023,15,Jake Ferguson,TE,9.95,9.85,10.4,-0.1,0.55
ablate v2_pff_alignment_matchup,2023,11,Dalton Schultz,TE,11.75,11.75,11.2,0.0,0.55
ablate v2_scheme_matchup,2024,11,Jayden Reed,WR,10.35,10.35,9.8,0.0,0.55
ablate v2_scheme_matchup,2023,11,Dalton Schultz,TE,11.75,11.75,11.2,0.0,0.55
ablate v2_scheme_matchup,2023,16,Isaiah Likely,TE,8.05,8.05,8.6,0.0,0.55
ablate v2_pff_alignment_matchup,2023,3,Jakobi Meyers,WR,16.02,14.96,15.5,-1.06,0.54
ablate v2_pff_alignment_matchup,2023,7,Kyle Pitts,TE,8.24,8.24,7.7,0.0,0.54
ablate v2_pff_alignment_matchup,2025,8,Juwan Johnson,TE,9.09,9.76,10.3,0.67,0.54
ablate v2_scheme_matchup,2022,8,Chris Olave,WR,10.73,10.73,10.2,0.0,0.53
ablate v2_pff_alignment_matchup,2023,12,Christian Kirk,WR,12.27,12.37,12.9,0.1,0.53
ablate v2_scheme_matchup,2022,4,Tyler Lockett,WR,15.83,15.63,15.1,-0.2,0.53
ablate v2_pff_alignment_matchup,2022,4,Tyler Lockett,WR,15.83,15.63,15.1,-0.2,0.53
ablate v2_scheme_matchup,2024,16,DeMario Douglas,WR,8.62,8.43,7.9,-0.19,0.53
ablate v2_pff_alignment_matchup,2023,16,Jason Brownlee,WR,8.91,8.33,7.8,-0.58,0.53
ablate v2_pff_alignment_matchup,2024,16,Travis Kelce,TE,7.67,8.52,8.0,0.85,0.52
ablate v2_pff_alignment_matchup,2025,4,Jaxon Smith-Njigba,WR,14.0,13.52,13.0,-0.48,0.52
ablate v2_scheme_matchup,2023,15,Darren Waller,TE,7.67,7.48,8.0,-0.19,0.52
ablate v2_scheme_matchup,2024,14,Jake Ferguson,TE,6.81,6.72,6.2,-0.09,0.52
ablate v2_scheme_matchup,2024,16,Travis Kelce,TE,7.67,7.48,8.0,-0.19,0.52
ablate v2_pff_alignment_matchup,2023,3,Tyler Higbee,TE,12.7,12.61,12.1,-0.09,0.51
ablate v2_pff_alignment_matchup,2023,4,CeeDee Lamb,WR,13.52,14.29,14.8,0.77,0.51
ablate v2_pff_alignment_matchup,2023,17,Adam Thielen,WR,9.0,9.29,9.8,0.29,0.51
ablate v2_pff_alignment_matchup,2024,15,Jordan Addison,WR,12.94,13.81,13.3,0.87,0.51
ablate v2_scheme_matchup,2023,17,Garrett Wilson,WR,9.19,9.39,9.9,0.2,0.51
ablate v2_pff_alignment_matchup,2023,12,Jordan Addison,WR,9.1,9.39,9.9,0.29,0.51
ablate v2_scheme_matchup,2024,10,Jameson Williams,WR,8.62,8.81,8.3,0.19,0.51
ablate v2_pff_alignment_matchup,2024,11,DeMario Douglas,WR,8.33,9.39,9.9,1.06,0.51
ablate v2_scheme_matchup,2025,14,Khalil Shakir,WR,9.58,9.1,9.6,-0.48,0.5
ablate v2_pff_alignment_matchup,2025,6,Zay Flowers,WR,9.1,9.1,8.6,0.0,0.5
ablate v2_pff_alignment_matchup,2024,10,Cade Otton,TE,8.9,9.0,8.5,0.1,0.5
ablate v2_pff_alignment_matchup,2023,3,Kendrick Bourne,WR,9.67,9.1,8.6,-0.57,0.5
ablate v2_pff_alignment_matchup,2025,12,Zay Flowers,WR,11.4,11.4,11.9,0.0,0.5
ablate v2_pff_alignment_matchup,2023,6,DK Metcalf,WR,11.21,11.4,10.9,0.19,0.5
ablate v2_scheme_matchup,2025,6,Zay Flowers,WR,9.1,9.1,8.6,0.0,0.5
ablate v2_scheme_matchup,2024,15,DeAndre Hopkins,WR,9.1,9.1,8.6,0.0,0.5
ablate v2_scheme_matchup,2025,12,Zay Flowers,WR,11.4,11.4,11.9,0.0,0.5
ablate v2_scheme_matchup,2025,5,Troy Franklin,WR,9.0,9.0,8.5,0.0,0.5
ablate v2_scheme_matchup,2022,18,Tyler Higbee,TE,6.34,6.81,7.3,0.47,0.49
ablate v2_scheme_matchup,2024,6,CeeDee Lamb,WR,16.31,16.59,16.1,0.28,0.49
ablate v2_scheme_matchup,2023,10,Jaxon Smith-Njigba,WR,8.81,8.81,9.3,0.0,0.49
ablate v2_scheme_matchup,2024,8,Josh Palmer,WR,8.71,8.71,9.2,0.0,0.49
ablate v2_pff_alignment_matchup,2025,17,A.J. Brown,WR,10.83,11.31,11.8,0.48,0.49
ablate v2_scheme_matchup,2025,17,A.J. Brown,WR,10.83,11.31,11.8,0.48,0.49
ablate v2_pff_alignment_matchup,2024,11,Jakobi Meyers,WR,9.39,9.29,8.8,-0.1,0.49
ablate v2_scheme_matchup,2024,18,DK Metcalf,WR,13.81,13.81,14.3,0.0,0.49
ablate v2_scheme_matchup,2024,12,Rome Odunze,WR,9.39,9.39,8.9,0.0,0.49
ablate v2_pff_alignment_matchup,2024,16,Jauan Jennings,WR,8.52,8.62,9.1,0.1,0.48
ablate v2_scheme_matchup,2025,11,Emeka Egbuka,WR,8.33,8.52,9.0,0.19,0.48
ablate v2_pff_alignment_matchup,2024,8,Will Dissly,TE,8.33,8.62,9.1,0.29,0.48
ablate v2_scheme_matchup,2025,15,Brock Bowers,TE,10.23,9.28,8.8,-0.95,0.48
ablate v2_scheme_matchup,2023,17,Diontae Johnson,WR,11.69,11.12,11.6,-0.57,0.48
ablate v2_pff_alignment_matchup,2025,13,Chig Okonkwo,TE,7.19,7.38,6.9,0.19,0.48
ablate v2_scheme_matchup,2022,7,Chris Godwin Jr.,WR,10.73,11.02,11.5,0.29,0.48
ablate v2_scheme_matchup,2022,7,Tyler Lockett,WR,11.98,11.98,11.5,0.0,0.48
ablate v2_pff_alignment_matchup,2023,15,Calvin Ridley,WR,8.04,8.43,8.9,0.39,0.47
ablate v2_pff_alignment_matchup,2024,9,Dalton Kincaid,TE,8.14,7.67,7.2,-0.47,0.47
ablate v2_pff_alignment_matchup,2024,8,Davante Adams,WR,9.87,9.87,9.4,0.0,0.47
ablate v2_scheme_matchup,2025,8,Calvin Austin III,WR,7.37,7.27,6.8,-0.1,0.47
ablate v2_scheme_matchup,2024,16,Puka Nacua,WR,13.23,13.13,13.6,-0.1,0.47
ablate v2_pff_alignment_matchup,2023,13,DJ Chark,WR,7.75,8.14,8.6,0.39,0.46
ablate v2_scheme_matchup,2024,9,Josh Downs,WR,12.56,12.46,12.0,-0.1,0.46
ablate v2_scheme_matchup,2025,6,Tre Tucker,WR,12.08,12.46,12.0,0.38,0.46
ablate v2_scheme_matchup,2025,17,Amon-Ra St. Brown,WR,15.15,15.25,14.8,0.1,0.45
ablate v2_scheme_matchup,2022,6,Christian Kirk,WR,10.25,10.35,10.8,0.1,0.45
ablate v2_pff_alignment_matchup,2024,10,Malik Nabers,WR,10.64,10.35,10.8,-0.29,0.45
ablate v2_scheme_matchup,2022,14,Nelson Agholor,WR,7.85,7.75,8.2,-0.1,0.45
ablate v2_pff_alignment_matchup,2023,5,K.J. Osborn,WR,9.87,10.35,9.9,0.48,0.45
ablate v2_pff_alignment_matchup,2022,15,Mike Evans,WR,11.98,12.85,13.3,0.87,0.45
ablate v2_pff_alignment_matchup,2024,13,Zay Flowers,WR,10.54,10.54,10.1,0.0,0.44
ablate v2_scheme_matchup,2024,13,Zay Flowers,WR,10.54,10.54,10.1,0.0,0.44
ablate v2_pff_alignment_matchup,2025,17,Zay Flowers,WR,12.56,12.56,13.0,0.0,0.44
ablate v2_pff_alignment_matchup,2024,4,Deebo Samuel Sr.,WR,10.25,10.64,10.2,0.39,0.44
ablate v2_scheme_matchup,2025,17,Zay Flowers,WR,12.56,12.56,13.0,0.0,0.44
ablate v2_pff_alignment_matchup,2025,11,Wan'Dale Robinson,WR,7.08,8.04,7.6,0.96,0.44
ablate v2_scheme_matchup,2022,18,Tyler Boyd,WR,10.44,10.54,10.1,0.1,0.44
ablate v2_scheme_matchup,2024,3,Justin Jefferson,WR,19.67,19.67,20.1,0.0,0.43
ablate v2_scheme_matchup,2024,17,T.J. Hockenson,TE,10.9,11.37,11.8,0.47,0.43
ablate v2_scheme_matchup,2024,8,Wan'Dale Robinson,WR,8.43,8.43,8.0,0.0,0.43
ablate v2_scheme_matchup,2025,16,Chris Godwin Jr.,WR,8.43,8.43,8.0,0.0,0.43
ablate v2_pff_alignment_matchup,2025,13,Travis Kelce,TE,15.93,15.93,15.5,0.0,0.43
ablate v2_scheme_matchup,2025,4,Marquise Brown,WR,13.04,13.23,12.8,0.19,0.43
ablate v2_scheme_matchup,2025,8,Stefon Diggs,WR,10.83,10.83,10.4,0.0,0.43
ablate v2_scheme_matchup,2025,8,Josh Downs,WR,13.42,13.33,12.9,-0.09,0.43
ablate v2_pff_alignment_matchup,2023,6,A.J. Brown,WR,19.48,19.67,20.1,0.19,0.43
ablate v2_pff_alignment_matchup,2022,3,Dallas Goedert,TE,10.61,11.18,11.6,0.57,0.42
ablate v2_pff_alignment_matchup,2025,11,DK Metcalf,WR,9.29,9.48,9.9,0.19,0.42
ablate v2_pff_alignment_matchup,2022,10,Brandon Aiyuk,WR,12.27,11.98,12.4,-0.29,0.42
ablate v2_pff_alignment_matchup,2022,6,Jakobi Meyers,WR,9.0,9.58,10.0,0.58,0.42
ablate v2_scheme_matchup,2025,5,Ladd McConkey,WR,14.58,14.48,14.9,-0.1,0.42
ablate v2_scheme_matchup,2025,11,Courtland Sutton,WR,9.29,9.48,9.9,0.19,0.42
ablate v2_pff_alignment_matchup,2022,3,Tyler Higbee,TE,11.47,10.52,10.1,-0.95,0.42
ablate v2_scheme_matchup,2024,9,Tucker Kraft,TE,7.86,7.19,7.6,-0.67,0.41
ablate v2_pff_alignment_matchup,2022,8,Justin Jefferson,WR,16.11,16.21,15.8,0.1,0.41
ablate v2_scheme_matchup,2025,10,Colston Loveland,TE,9.38,9.09,9.5,-0.29,0.41
ablate v2_scheme_matchup,2022,6,Jerry Jeudy,WR,8.81,8.81,8.4,0.0,0.41
ablate v2_scheme_matchup,2023,7,Kyle Pitts,TE,8.24,7.29,7.7,-0.95,0.41
ablate v2_pff_alignment_matchup,2022,10,Darnell Mooney,WR,9.48,9.29,9.7,-0.19,0.41
ablate v2_pff_alignment_matchup,2025,5,Puka Nacua,WR,24.09,24.09,24.5,0.0,0.41
ablate v2_pff_alignment_matchup,2024,12,Ladd McConkey,WR,14.29,13.9,14.3,-0.39,0.4
ablate v2_pff_alignment_matchup,2023,9,Tyler Boyd,WR,10.06,9.0,8.6,-1.06,0.4
ablate v2_pff_alignment_matchup,2025,5,Nico Collins,WR,16.4,16.4,16.0,0.0,0.4
ablate v2_pff_alignment_matchup,2022,9,Gerald Everett,TE,9.09,9.0,8.6,-0.09,0.4
ablate v2_scheme_matchup,2023,7,Josh Reynolds,WR,6.6,6.7,6.3,0.1,0.4
ablate v2_pff_alignment_matchup,2025,13,Tyler Warren,TE,11.09,10.8,11.2,-0.29,0.4
ablate v2_scheme_matchup,2023,15,Kyle Pitts,TE,7.57,7.1,6.7,-0.47,0.4
ablate v2_pff_alignment_matchup,2025,17,Khalil Shakir,WR,8.71,9.1,9.5,0.39,0.4
ablate v2_scheme_matchup,2025,5,Nico Collins,WR,16.4,16.4,16.0,0.0,0.4
ablate v2_scheme_matchup,2025,15,Keenan Allen,WR,8.81,9.0,8.6,0.19,0.4
ablate v2_pff_alignment_matchup,2024,17,Deebo Samuel Sr.,WR,8.33,8.71,9.1,0.38,0.39
ablate v2_pff_alignment_matchup,2023,14,Tee Higgins,WR,9.29,8.81,9.2,-0.48,0.39
ablate v2_pff_alignment_matchup,2023,6,Brandon Aiyuk,WR,10.54,11.21,11.6,0.67,0.39
ablate v2_pff_alignment_matchup,2023,17,Diontae Johnson,WR,11.69,11.21,11.6,-0.48,0.39
ablate v2_pff_alignment_matchup,2022,8,Tee Higgins,WR,16.4,14.29,13.9,-2.11,0.39
ablate v2_pff_alignment_matchup,2025,17,Terry McLaurin,WR,12.08,11.69,11.3,-0.39,0.39
ablate v2_scheme_matchup,2025,13,Xavier Worthy,WR,11.89,11.79,11.4,-0.1,0.39
ablate v2_scheme_matchup,2025,8,DJ Moore,WR,11.21,11.21,11.6,0.0,0.39
ablate v2_scheme_matchup,2022,13,Allen Lazard,WR,11.21,11.31,11.7,0.1,0.39
ablate v2_pff_alignment_matchup,2023,12,Diontae Johnson,WR,8.62,8.62,9.0,0.0,0.38
ablate v2_scheme_matchup,2023,18,Puka Nacua,WR,14.29,14.48,14.1,0.19,0.38
ablate v2_scheme_matchup,2022,11,Greg Dulcich,TE,7.38,7.38,7.0,0.0,0.38
ablate v2_pff_alignment_matchup,2023,10,Logan Thomas,TE,7.95,9.38,9.0,1.43,0.38
ablate v2_pff_alignment_matchup,2023,13,George Kittle,TE,9.95,10.42,10.8,0.47,0.38
ablate v2_scheme_matchup,2025,14,Jake Ferguson,TE,11.56,11.18,10.8,-0.38,0.38
ablate v2_scheme_matchup,2025,7,Stefon Diggs,WR,13.52,13.52,13.9,0.0,0.38
ablate v2_scheme_matchup,2025,8,Noah Fant,TE,8.05,7.48,7.1,-0.57,0.38
ablate v2_scheme_matchup,2022,18,Adam Thielen,WR,9.48,9.58,9.2,0.1,0.38
ablate v2_scheme_matchup,2022,16,Russell Gage,WR,11.21,11.12,11.5,-0.09,0.38
ablate v2_scheme_matchup,2023,10,Logan Thomas,TE,7.95,8.62,9.0,0.67,0.38
ablate v2_scheme_matchup,2024,8,Brock Bowers,TE,9.57,10.42,10.8,0.85,0.38
ablate v2_pff_alignment_matchup,2022,16,Diontae Johnson,WR,10.92,11.02,11.4,0.1,0.38
ablate v2_scheme_matchup,2023,12,Amon-Ra St. Brown,WR,18.13,18.13,18.5,0.0,0.37
ablate v2_scheme_matchup,2022,18,CeeDee Lamb,WR,15.83,15.83,16.2,0.0,0.37
ablate v2_pff_alignment_matchup,2025,5,Tre Tucker,WR,11.12,10.73,11.1,-0.39,0.37
ablate v2_scheme_matchup,2025,14,T.J. Hockenson,TE,9.66,9.57,9.2,-0.09,0.37
ablate v2_pff_alignment_matchup,2023,11,Dalton Kincaid,TE,10.04,10.23,10.6,0.19,0.37
ablate v2_pff_alignment_matchup,2022,11,Tyler Higbee,TE,8.62,8.14,8.5,-0.48,0.36
ablate v2_scheme_matchup,2024,14,DJ Moore,WR,10.35,10.54,10.9,0.19,0.36
ablate v2_scheme_matchup,2024,13,Jameson Williams,WR,9.48,9.96,9.6,0.48,0.36
ablate v2_scheme_matchup,2024,10,Malik Nabers,WR,10.64,10.44,10.8,-0.2,0.36
ablate v2_scheme_matchup,2023,3,Tutu Atwell,WR,17.56,17.56,17.2,0.0,0.36
ablate v2_scheme_matchup,2025,6,Jake Ferguson,TE,11.09,11.94,12.3,0.85,0.36
ablate v2_pff_alignment_matchup,2023,3,Tutu Atwell,WR,17.56,17.56,17.2,0.0,0.36
ablate v2_scheme_matchup,2023,4,Noah Fant,TE,7.57,7.95,8.3,0.38,0.35
ablate v2_pff_alignment_matchup,2025,14,Jameson Williams,WR,18.61,17.65,17.3,-0.96,0.35
ablate v2_scheme_matchup,2025,17,Jayden Reed,WR,7.66,7.75,8.1,0.09,0.35
ablate v2_pff_alignment_matchup,2024,14,Travis Kelce,TE,10.14,9.85,9.5,-0.29,0.35
ablate v2_pff_alignment_matchup,2022,5,Courtland Sutton,WR,13.42,12.75,12.4,-0.67,0.35
ablate v2_pff_alignment_matchup,2022,15,Josh Palmer,WR,10.35,10.25,9.9,-0.1,0.35
ablate v2_scheme_matchup,2023,3,Jerry Jeudy,WR,13.13,12.75,13.1,-0.38,0.35
ablate v2_scheme_matchup,2022,15,Terry McLaurin,WR,12.37,12.65,13.0,0.28,0.35
ablate v2_pff_alignment_matchup,2023,7,Jaylen Waddle,WR,12.46,12.65,12.3,0.19,0.35
ablate v2_scheme_matchup,2023,13,Brandon Aiyuk,WR,15.25,15.25,15.6,0.0,0.35
ablate v2_pff_alignment_matchup,2022,14,Nelson Agholor,WR,7.85,7.85,8.2,0.0,0.35
ablate v2_pff_alignment_matchup,2022,3,Jaylen Waddle,WR,14.96,15.44,15.1,0.48,0.34
ablate v2_scheme_matchup,2022,12,Gerald Everett,TE,7.48,8.14,7.8,0.66,0.34
ablate v2_scheme_matchup,2023,3,T.J. Hockenson,TE,13.37,13.46,13.8,0.09,0.34
ablate v2_pff_alignment_matchup,2022,8,Isaiah McKenzie,WR,8.23,7.66,8.0,-0.57,0.34
ablate v2_scheme_matchup,2023,9,Jordan Addison,WR,10.83,10.54,10.2,-0.29,0.34
ablate v2_scheme_matchup,2024,6,Kyle Pitts,TE,9.76,9.66,10.0,-0.1,0.34
ablate v2_pff_alignment_matchup,2025,14,Chris Godwin Jr.,WR,10.73,10.16,10.5,-0.57,0.34
ablate v2_scheme_matchup,2022,16,DK Metcalf,WR,15.63,15.44,15.1,-0.19,0.34
ablate v2_scheme_matchup,2025,9,Christian Watson,WR,7.56,7.46,7.8,-0.1,0.34
ablate v2_pff_alignment_matchup,2023,6,Stefon Diggs,WR,20.25,19.67,20.0,-0.58,0.33
ablate v2_scheme_matchup,2022,8,Isaiah McKenzie,WR,8.23,8.33,8.0,0.1,0.33
ablate v2_pff_alignment_matchup,2025,8,Stefon Diggs,WR,10.83,10.73,10.4,-0.1,0.33
ablate v2_scheme_matchup,2025,14,Chris Godwin Jr.,WR,10.73,10.83,10.5,0.1,0.33
ablate v2_pff_alignment_matchup,2022,18,Tyler Boyd,WR,10.44,9.77,10.1,-0.67,0.33
ablate v2_scheme_matchup,2025,13,Puka Nacua,WR,13.81,13.52,13.2,-0.29,0.32
ablate v2_pff_alignment_matchup,2025,6,AJ Barner,TE,9.0,10.42,10.1,1.42,0.32
ablate v2_scheme_matchup,2023,9,A.J. Brown,WR,18.13,19.28,19.6,1.15,0.32
ablate v2_pff_alignment_matchup,2023,17,Garrett Wilson,WR,9.19,9.58,9.9,0.39,0.32
ablate v2_pff_alignment_matchup,2024,10,Jameson Williams,WR,8.62,8.62,8.3,0.0,0.32
ablate v2_pff_alignment_matchup,2024,15,DeAndre Hopkins,WR,9.1,8.91,8.6,-0.19,0.31
ablate v2_scheme_matchup,2023,6,DK Metcalf,WR,11.21,11.21,10.9,0.0,0.31
ablate v2_scheme_matchup,2023,15,Chig Okonkwo,TE,7.0,6.91,6.6,-0.09,0.31
ablate v2_pff_alignment_matchup,2022,11,Cole Kmet,TE,6.24,6.81,6.5,0.57,0.31
ablate v2_pff_alignment_matchup,2022,5,Michael Pittman,WR,11.5,11.21,10.9,-0.29,0.31
ablate v2_scheme_matchup,2022,17,Dallas Goedert,TE,8.05,7.19,7.5,-0.86,0.31
ablate v2_scheme_matchup,2022,5,Michael Pittman,WR,11.5,11.21,10.9,-0.29,0.31
ablate v2_pff_alignment_matchup,2025,16,Jakobi Meyers,WR,8.62,8.91,8.6,0.29,0.31
ablate v2_pff_alignment_matchup,2025,9,Deebo Samuel Sr.,WR,8.71,9.1,9.4,0.39,0.3
ablate v2_pff_alignment_matchup,2023,6,K.J. Osborn,WR,8.81,9.1,8.8,0.29,0.3
ablate v2_scheme_matchup,2023,11,Luke Musgrave,TE,6.62,7.1,6.8,0.48,0.3
ablate v2_pff_alignment_matchup,2024,6,CeeDee Lamb,WR,16.31,16.4,16.1,0.09,0.3
ablate v2_pff_alignment_matchup,2024,16,DeVonta Smith,WR,11.69,11.4,11.1,-0.29,0.3
ablate v2_pff_alignment_matchup,2024,5,Cade Otton,TE,5.96,7.1,7.4,1.14,0.3
ablate v2_pff_alignment_matchup,2023,14,Travis Kelce,TE,15.84,14.6,14.3,-1.24,0.3
ablate v2_pff_alignment_matchup,2025,8,Ja'Marr Chase,WR,20.92,21.4,21.1,0.48,0.3
ablate v2_pff_alignment_matchup,2023,10,Jaxon Smith-Njigba,WR,8.81,9.0,9.3,0.19,0.3
ablate v2_pff_alignment_matchup,2024,13,Michael Pittman,WR,8.91,8.91,9.2,0.0,0.29
ablate v2_pff_alignment_matchup,2024,10,Zach Ertz,TE,7.0,6.81,7.1,-0.19,0.29
ablate v2_scheme_matchup,2024,8,George Pickens,WR,11.02,11.69,11.4,0.67,0.29
ablate v2_scheme_matchup,2022,4,Dawson Knox,TE,6.91,7.29,7.0,0.38,0.29
ablate v2_scheme_matchup,2023,12,Diontae Johnson,WR,8.62,8.71,9.0,0.09,0.29
ablate v2_pff_alignment_matchup,2023,16,Jonnu Smith,TE,7.0,6.91,7.2,-0.09,0.29
ablate v2_pff_alignment_matchup,2025,9,Khalil Shakir,WR,11.02,11.02,11.3,0.0,0.28
ablate v2_scheme_matchup,2025,11,Keenan Allen,WR,9.87,9.58,9.3,-0.29,0.28
ablate v2_scheme_matchup,2022,16,Diontae Johnson,WR,10.92,11.12,11.4,0.2,0.28
ablate v2_scheme_matchup,2025,5,Garrett Wilson,WR,19.28,19.38,19.1,0.1,0.28
ablate v2_pff_alignment_matchup,2024,13,Xavier Legette,WR,9.39,9.58,9.3,0.19,0.28
ablate v2_scheme_matchup,2025,9,George Pickens,WR,14.1,13.62,13.9,-0.48,0.28
ablate v2_pff_alignment_matchup,2023,6,Christian Kirk,WR,12.17,13.62,13.9,1.45,0.28
ablate v2_pff_alignment_matchup,2023,4,Ja'Marr Chase,WR,15.63,14.58,14.3,-1.05,0.28
ablate v2_pff_alignment_matchup,2023,11,Jakobi Meyers,WR,9.0,8.62,8.9,-0.38,0.28
ablate v2_pff_alignment_matchup,2022,5,Deebo Samuel Sr.,WR,10.92,10.92,11.2,0.0,0.28
ablate v2_scheme_matchup,2024,10,Josh Downs,WR,14.67,14.48,14.2,-0.19,0.28
ablate v2_pff_alignment_matchup,2022,6,Amari Cooper,WR,14.67,14.67,14.4,0.0,0.27
ablate v2_scheme_matchup,2025,10,Tetairoa McMillan,WR,10.64,10.73,11.0,0.09,0.27
ablate v2_scheme_matchup,2023,14,Jonnu Smith,TE,6.62,6.43,6.7,-0.19,0.27
ablate v2_scheme_matchup,2022,9,DeAndre Hopkins,WR,13.33,13.33,13.6,0.0,0.27
ablate v2_pff_alignment_matchup,2022,9,DeAndre Hopkins,WR,13.33,13.33,13.6,0.0,0.27
ablate v2_scheme_matchup,2022,6,Amari Cooper,WR,14.67,14.67,14.4,0.0,0.27
ablate v2_pff_alignment_matchup,2023,11,Luke Musgrave,TE,6.62,6.53,6.8,-0.09,0.27
ablate v2_pff_alignment_matchup,2022,17,Donovan Peoples-Jones,WR,8.04,8.04,8.3,0.0,0.26
ablate v2_pff_alignment_matchup,2024,14,DJ Moore,WR,10.35,10.64,10.9,0.29,0.26
ablate v2_scheme_matchup,2022,11,Allen Lazard,WR,10.64,10.44,10.7,-0.2,0.26
ablate v2_pff_alignment_matchup,2023,9,A.J. Brown,WR,18.13,19.86,19.6,1.73,0.26
ablate v2_scheme_matchup,2024,6,Ladd McConkey,WR,8.04,8.04,8.3,0.0,0.26
ablate v2_scheme_matchup,2024,12,Romeo Doubs,WR,8.14,8.14,8.4,0.0,0.26
ablate v2_scheme_matchup,2024,14,Travis Kelce,TE,10.14,9.76,9.5,-0.38,0.26
ablate v2_pff_alignment_matchup,2022,11,Chris Moore,WR,7.56,7.56,7.3,0.0,0.26
ablate v2_scheme_matchup,2022,11,Tyler Higbee,TE,8.62,8.24,8.5,-0.38,0.26
ablate v2_scheme_matchup,2022,15,Josh Palmer,WR,10.35,10.16,9.9,-0.19,0.26
ablate v2_pff_alignment_matchup,2022,11,Allen Lazard,WR,10.64,10.44,10.7,-0.2,0.26
ablate v2_scheme_matchup,2022,17,Donovan Peoples-Jones,WR,8.04,8.04,8.3,0.0,0.26
ablate v2_scheme_matchup,2022,11,Chris Moore,WR,7.56,7.56,7.3,0.0,0.26
ablate v2_scheme_matchup,2025,8,Hunter Henry,TE,8.05,7.95,7.7,-0.1,0.25
ablate v2_scheme_matchup,2024,15,T.J. Hockenson,TE,9.28,9.95,10.2,0.67,0.25
ablate v2_scheme_matchup,2023,6,Stefon Diggs,WR,20.25,20.25,20.0,0.0,0.25
ablate v2_scheme_matchup,2025,18,Elic Ayomanor,WR,7.85,7.75,8.0,-0.1,0.25
ablate v2_pff_alignment_matchup,2024,14,Andrei Iosivas,WR,7.85,7.85,8.1,0.0,0.25
ablate v2_scheme_matchup,2022,5,George Kittle,TE,8.05,7.95,7.7,-0.1,0.25
ablate v2_pff_alignment_matchup,2024,10,Quentin Johnston,WR,9.39,10.16,10.4,0.77,0.24
ablate v2_pff_alignment_matchup,2022,8,Tyler Boyd,WR,11.31,13.04,12.8,1.73,0.24
ablate v2_pff_alignment_matchup,2024,5,Justin Jefferson,WR,15.34,14.96,15.2,-0.38,0.24
ablate v2_scheme_matchup,2025,17,Brian Thomas Jr.,WR,8.14,8.14,7.9,0.0,0.24
ablate v2_pff_alignment_matchup,2022,7,Russell Gage,WR,8.62,8.14,7.9,-0.48,0.24
ablate v2_pff_alignment_matchup,2025,3,Cole Kmet,TE,8.81,8.24,8.0,-0.57,0.24
ablate v2_scheme_matchup,2025,8,Wan'Dale Robinson,WR,8.14,8.04,7.8,-0.1,0.24
ablate v2_pff_alignment_matchup,2022,16,DK Metcalf,WR,15.63,14.86,15.1,-0.77,0.24
ablate v2_pff_alignment_matchup,2022,15,Amon-Ra St. Brown,WR,14.38,14.96,15.2,0.58,0.24
ablate v2_scheme_matchup,2025,9,Oronde Gadsden II,TE,12.8,12.04,11.8,-0.76,0.24
ablate v2_scheme_matchup,2025,7,Rashid Shaheed,WR,8.14,8.23,8.0,0.09,0.23
ablate v2_scheme_matchup,2025,9,Elic Ayomanor,WR,7.27,7.37,7.6,0.1,0.23
ablate v2_scheme_matchup,2023,9,Garrett Wilson,WR,13.52,13.23,13.0,-0.29,0.23
ablate v2_pff_alignment_matchup,2023,3,T.J. Hockenson,TE,13.37,14.03,13.8,0.66,0.23
ablate v2_scheme_matchup,2024,7,Garrett Wilson,WR,13.71,13.33,13.1,-0.38,0.23
ablate v2_pff_alignment_matchup,2023,4,DK Metcalf,WR,11.6,12.17,12.4,0.57,0.23
ablate v2_pff_alignment_matchup,2025,9,Chimere Dike,WR,6.79,7.27,7.5,0.48,0.23
ablate v2_scheme_matchup,2022,16,Dallas Goedert,TE,9.47,9.47,9.7,0.0,0.23
ablate v2_scheme_matchup,2023,13,George Pickens,WR,12.27,12.37,12.6,0.1,0.23
ablate v2_pff_alignment_matchup,2025,16,Troy Franklin,WR,10.25,10.83,10.6,0.58,0.23
ablate v2_pff_alignment_matchup,2024,14,Trey McBride,TE,14.22,14.22,14.0,0.0,0.22
ablate v2_pff_alignment_matchup,2025,10,Colston Loveland,TE,9.38,9.28,9.5,-0.1,0.22
ablate v2_scheme_matchup,2024,12,Michael Wilson,WR,7.18,7.18,7.4,0.0,0.22
ablate v2_pff_alignment_matchup,2022,17,Drake London,WR,9.87,9.48,9.7,-0.39,0.22
ablate v2_scheme_matchup,2022,8,Justin Jefferson,WR,16.11,16.02,15.8,-0.09,0.22
ablate v2_scheme_matchup,2022,11,Cole Kmet,TE,6.24,6.72,6.5,0.48,0.22
ablate v2_pff_alignment_matchup,2022,9,Foster Moreau,TE,6.62,6.62,6.4,0.0,0.22
ablate v2_scheme_matchup,2024,14,Trey McBride,TE,14.22,14.22,14.0,0.0,0.22
ablate v2_pff_alignment_matchup,2024,12,Michael Wilson,WR,7.18,7.18,7.4,0.0,0.22
ablate v2_scheme_matchup,2022,9,Foster Moreau,TE,6.62,6.62,6.4,0.0,0.22
ablate v2_pff_alignment_matchup,2023,17,Jerry Jeudy,WR,8.52,8.62,8.4,0.1,0.22
ablate v2_pff_alignment_matchup,2024,3,Brian Thomas Jr.,WR,9.1,9.58,9.8,0.48,0.22
ablate v2_pff_alignment_matchup,2022,6,Christian Kirk,WR,10.25,11.02,10.8,0.77,0.22
ablate v2_scheme_matchup,2022,11,Terry McLaurin,WR,9.67,9.39,9.6,-0.28,0.21
ablate v2_pff_alignment_matchup,2024,16,Jordan Addison,WR,14.1,14.29,14.5,0.19,0.21
ablate v2_pff_alignment_matchup,2024,4,Sam LaPorta,TE,9.38,9.09,9.3,-0.29,0.21
ablate v2_scheme_matchup,2024,16,Tyreek Hill,WR,11.5,11.69,11.9,0.19,0.21
ablate v2_scheme_matchup,2025,11,Brock Bowers,TE,14.6,14.41,14.2,-0.19,0.21
ablate v2_pff_alignment_matchup,2024,3,Tyler Lockett,WR,8.91,9.39,9.6,0.48,0.21
ablate v2_scheme_matchup,2025,9,T.J. Hockenson,TE,8.9,8.9,9.1,0.0,0.2
ablate v2_pff_alignment_matchup,2025,8,DJ Moore,WR,11.21,11.4,11.6,0.19,0.2
ablate v2_pff_alignment_matchup,2024,12,Rome Odunze,WR,9.39,9.1,8.9,-0.29,0.2
ablate v2_scheme_matchup,2022,5,Brandon Aiyuk,WR,8.81,9.0,8.8,0.19,0.2
ablate v2_scheme_matchup,2025,8,Ja'Marr Chase,WR,20.92,21.3,21.1,0.38,0.2
ablate v2_pff_alignment_matchup,2022,16,Chris Godwin Jr.,WR,15.73,14.1,14.3,-1.63,0.2
ablate v2_scheme_matchup,2024,13,Michael Pittman,WR,8.91,9.0,9.2,0.09,0.2
ablate v2_scheme_matchup,2022,9,Zay Jones,WR,9.19,9.19,9.0,0.0,0.19
ablate v2_scheme_matchup,2025,4,Rashid Shaheed,WR,9.1,9.39,9.2,0.29,0.19
ablate v2_scheme_matchup,2024,15,Calvin Ridley,WR,9.29,9.19,9.0,-0.1,0.19
ablate v2_pff_alignment_matchup,2022,7,Tyler Lockett,WR,11.98,11.31,11.5,-0.67,0.19
ablate v2_pff_alignment_matchup,2025,8,Noah Fant,TE,8.05,7.29,7.1,-0.76,0.19
ablate v2_scheme_matchup,2024,5,Tyler Lockett,WR,11.31,11.31,11.5,0.0,0.19
ablate v2_scheme_matchup,2022,7,Hayden Hurst,TE,10.04,10.61,10.8,0.57,0.19
ablate v2_pff_alignment_matchup,2025,5,Marvin Harrison Jr.,WR,13.62,13.62,13.8,0.0,0.18
ablate v2_scheme_matchup,2022,11,Kyle Pitts,TE,8.05,7.48,7.3,-0.57,0.18
ablate v2_scheme_matchup,2024,15,Zay Flowers,WR,11.12,11.12,11.3,0.0,0.18
ablate v2_pff_alignment_matchup,2022,11,Kyle Pitts,TE,8.05,7.48,7.3,-0.57,0.18
ablate v2_scheme_matchup,2022,12,Davante Adams,WR,15.25,14.58,14.4,-0.67,0.18
ablate v2_scheme_matchup,2022,18,DeVonta Smith,WR,13.13,13.52,13.7,0.39,0.18
ablate v2_pff_alignment_matchup,2024,15,Zay Flowers,WR,11.12,11.12,11.3,0.0,0.18
ablate v2_scheme_matchup,2025,5,Marvin Harrison Jr.,WR,13.62,13.62,13.8,0.0,0.18
ablate v2_pff_alignment_matchup,2022,17,Dallas Goedert,TE,8.05,7.67,7.5,-0.38,0.17
ablate v2_pff_alignment_matchup,2023,9,Rashee Rice,WR,10.44,9.87,9.7,-0.57,0.17
ablate v2_pff_alignment_matchup,2025,10,Mark Andrews,TE,10.23,10.23,10.4,0.0,0.17
ablate v2_scheme_matchup,2023,9,Rashee Rice,WR,10.44,9.87,9.7,-0.57,0.17
ablate v2_scheme_matchup,2024,9,Terry McLaurin,WR,15.15,15.73,15.9,0.58,0.17
ablate v2_pff_alignment_matchup,2025,3,Mike Evans,WR,13.42,13.13,13.3,-0.29,0.17
ablate v2_scheme_matchup,2025,10,Mark Andrews,TE,10.23,10.23,10.4,0.0,0.17
ablate v2_pff_alignment_matchup,2025,11,Brock Bowers,TE,14.6,14.03,14.2,-0.57,0.17
ablate v2_scheme_matchup,2023,7,Jaylen Waddle,WR,12.46,12.46,12.3,0.0,0.16
ablate v2_scheme_matchup,2024,4,Drake London,WR,12.56,12.56,12.4,0.0,0.16
ablate v2_scheme_matchup,2024,11,Courtland Sutton,WR,15.25,14.96,14.8,-0.29,0.16
ablate v2_pff_alignment_matchup,2022,9,Terry McLaurin,WR,11.12,10.44,10.6,-0.68,0.16
ablate v2_scheme_matchup,2025,13,AJ Barner,TE,7.86,7.86,7.7,0.0,0.16
ablate v2_scheme_matchup,2024,10,Kyle Pitts,TE,9.47,9.66,9.5,0.19,0.16
ablate v2_pff_alignment_matchup,2023,3,DJ Moore,WR,11.79,12.94,13.1,1.15,0.16
ablate v2_scheme_matchup,2024,18,Tucker Kraft,TE,7.48,7.76,7.6,0.28,0.16
ablate v2_scheme_matchup,2023,9,Terry McLaurin,WR,12.46,12.46,12.3,0.0,0.16
ablate v2_pff_alignment_matchup,2024,5,Jaxon Smith-Njigba,WR,11.21,12.94,13.1,1.73,0.16
ablate v2_pff_alignment_matchup,2025,9,Christian Watson,WR,7.56,7.95,7.8,0.39,0.15
ablate v2_scheme_matchup,2024,17,Isaiah Likely,TE,8.05,8.05,7.9,0.0,0.15
ablate v2_pff_alignment_matchup,2025,18,Elic Ayomanor,WR,7.85,7.85,8.0,0.0,0.15
ablate v2_scheme_matchup,2022,18,Robert Woods,WR,7.85,7.85,8.0,0.0,0.15
ablate v2_pff_alignment_matchup,2024,17,Isaiah Likely,TE,8.05,8.05,7.9,0.0,0.15
ablate v2_scheme_matchup,2023,14,Amari Cooper,WR,12.85,12.85,12.7,0.0,0.15
ablate v2_scheme_matchup,2023,7,Tutu Atwell,WR,10.35,10.25,10.1,-0.1,0.15
ablate v2_pff_alignment_matchup,2023,14,Amari Cooper,WR,12.85,12.85,12.7,0.0,0.15
ablate v2_scheme_matchup,2022,3,Jaylen Waddle,WR,14.96,15.25,15.1,0.29,0.15
ablate v2_pff_alignment_matchup,2022,10,Kalif Raymond,WR,7.56,7.56,7.7,0.0,0.14
ablate v2_scheme_matchup,2023,18,Josh Downs,WR,7.75,7.66,7.8,-0.09,0.14
ablate v2_pff_alignment_matchup,2023,15,Darren Waller,TE,7.67,7.86,8.0,0.19,0.14
ablate v2_pff_alignment_matchup,2025,17,Brian Thomas Jr.,WR,8.14,8.04,7.9,-0.1,0.14
ablate v2_pff_alignment_matchup,2022,5,CeeDee Lamb,WR,10.35,10.16,10.3,-0.19,0.14
ablate v2_scheme_matchup,2022,10,Kalif Raymond,WR,7.56,7.56,7.7,0.0,0.14
ablate v2_scheme_matchup,2024,5,Justin Jefferson,WR,15.34,15.34,15.2,0.0,0.14
ablate v2_pff_alignment_matchup,2025,8,Josh Downs,WR,13.42,13.04,12.9,-0.38,0.14
ablate v2_pff_alignment_matchup,2025,3,Terry McLaurin,WR,11.21,10.54,10.4,-0.67,0.14
ablate v2_pff_alignment_matchup,2022,3,Curtis Samuel,WR,12.17,13.23,13.1,1.06,0.13
ablate v2_pff_alignment_matchup,2022,17,Chris Olave,WR,7.56,8.33,8.2,0.77,0.13
ablate v2_scheme_matchup,2023,4,Josh Reynolds,WR,9.87,9.77,9.9,-0.1,0.13
ablate v2_pff_alignment_matchup,2023,4,Josh Reynolds,WR,9.87,9.77,9.9,-0.1,0.13
ablate v2_pff_alignment_matchup,2025,8,Hunter Henry,TE,8.05,7.57,7.7,-0.48,0.13
ablate v2_pff_alignment_matchup,2023,4,Davante Adams,WR,15.73,15.63,15.5,-0.1,0.13
ablate v2_scheme_matchup,2024,4,Dalton Schultz,TE,6.53,6.53,6.4,0.0,0.13
ablate v2_scheme_matchup,2023,4,Davante Adams,WR,15.73,15.63,15.5,-0.1,0.13
ablate v2_scheme_matchup,2022,8,Hayden Hurst,TE,8.81,8.33,8.2,-0.48,0.13
ablate v2_scheme_matchup,2022,9,Terry McLaurin,WR,11.12,10.73,10.6,-0.39,0.13
ablate v2_scheme_matchup,2022,10,Brandon Aiyuk,WR,12.27,12.27,12.4,0.0,0.13
ablate v2_pff_alignment_matchup,2022,12,George Pickens,WR,11.31,10.83,10.7,-0.48,0.13
ablate v2_pff_alignment_matchup,2023,3,K.J. Osborn,WR,11.31,10.73,10.6,-0.58,0.13
ablate v2_scheme_matchup,2023,12,Davante Adams,WR,11.98,12.17,12.3,0.19,0.13
ablate v2_scheme_matchup,2024,15,Jordan Addison,WR,12.94,13.42,13.3,0.48,0.12
ablate v2_scheme_matchup,2025,3,Mike Evans,WR,13.42,13.42,13.3,0.0,0.12
ablate v2_pff_alignment_matchup,2022,7,Gerald Everett,TE,11.66,11.18,11.3,-0.48,0.12
ablate v2_pff_alignment_matchup,2024,10,Kyle Pitts,TE,9.47,9.38,9.5,-0.09,0.12
ablate v2_scheme_matchup,2022,10,Darnell Mooney,WR,9.48,9.58,9.7,0.1,0.12
ablate v2_scheme_matchup,2024,10,Cade Otton,TE,8.9,8.62,8.5,-0.28,0.12
ablate v2_scheme_matchup,2023,3,Chris Olave,WR,18.52,18.52,18.4,0.0,0.12
ablate v2_scheme_matchup,2022,16,Amon-Ra St. Brown,WR,14.38,14.48,14.6,0.1,0.12
ablate v2_scheme_matchup,2023,8,Courtland Sutton,WR,11.02,11.02,10.9,0.0,0.12
ablate v2_scheme_matchup,2023,13,Tyler Lockett,WR,9.58,9.58,9.7,0.0,0.12
ablate v2_pff_alignment_matchup,2025,8,CeeDee Lamb,WR,13.52,14.48,14.6,0.96,0.12
ablate v2_scheme_matchup,2024,4,Tee Higgins,WR,12.27,11.89,12.0,-0.38,0.11
ablate v2_scheme_matchup,2023,12,George Pickens,WR,8.81,8.91,8.8,0.1,0.11
ablate v2_scheme_matchup,2024,12,Ladd McConkey,WR,14.29,14.19,14.3,-0.1,0.11
ablate v2_pff_alignment_matchup,2023,3,Jordan Addison,WR,11.98,11.31,11.2,-0.67,0.11
ablate v2_scheme_matchup,2025,13,Tyler Warren,TE,11.09,11.09,11.2,0.0,0.11
ablate v2_scheme_matchup,2023,6,K.J. Osborn,WR,8.81,8.91,8.8,0.1,0.11
ablate v2_pff_alignment_matchup,2023,14,Jonnu Smith,TE,6.62,6.81,6.7,0.19,0.11
ablate v2_pff_alignment_matchup,2025,13,Xavier Worthy,WR,11.89,11.5,11.4,-0.39,0.1
ablate v2_scheme_matchup,2025,17,Harold Fannin Jr.,TE,10.9,10.9,11.0,0.0,0.1
ablate v2_pff_alignment_matchup,2023,16,A.J. Brown,WR,14.0,13.9,14.0,-0.1,0.1
ablate v2_pff_alignment_matchup,2024,11,Justin Jefferson,WR,13.23,14.0,14.1,0.77,0.1
ablate v2_pff_alignment_matchup,2022,4,Noah Brown,WR,8.62,9.0,9.1,0.38,0.1
ablate v2_pff_alignment_matchup,2025,17,Harold Fannin Jr.,TE,10.9,10.9,11.0,0.0,0.1
ablate v2_scheme_matchup,2022,14,Garrett Wilson,WR,14.1,13.9,13.8,-0.2,0.1
ablate v2_pff_alignment_matchup,2022,9,Zay Jones,WR,9.19,9.1,9.0,-0.09,0.1
ablate v2_scheme_matchup,2022,4,Noah Fant,TE,6.62,7.1,7.2,0.48,0.1
ablate v2_scheme_matchup,2022,13,Marquez Valdes-Scantling,WR,9.29,9.19,9.1,-0.1,0.09
ablate v2_scheme_matchup,2023,14,Tee Higgins,WR,9.29,9.29,9.2,0.0,0.09
ablate v2_scheme_matchup,2024,10,Zach Ertz,TE,7.0,7.19,7.1,0.19,0.09
ablate v2_scheme_matchup,2024,13,Xavier Legette,WR,9.39,9.39,9.3,0.0,0.09
ablate v2_scheme_matchup,2023,11,Jakobi Meyers,WR,9.0,8.81,8.9,-0.19,0.09
ablate v2_scheme_matchup,2024,13,Courtland Sutton,WR,16.21,16.11,16.2,-0.1,0.09
ablate v2_pff_alignment_matchup,2023,7,Jerry Jeudy,WR,11.31,11.31,11.4,0.0,0.09
ablate v2_pff_alignment_matchup,2023,12,Terry McLaurin,WR,8.71,8.91,9.0,0.2,0.09
ablate v2_pff_alignment_matchup,2022,13,Marquez Valdes-Scantling,WR,9.29,9.19,9.1,-0.1,0.09
ablate v2_scheme_matchup,2025,16,Jakobi Meyers,WR,8.62,8.52,8.6,-0.1,0.08
ablate v2_scheme_matchup,2022,5,Deebo Samuel Sr.,WR,10.92,11.12,11.2,0.2,0.08
ablate v2_pff_alignment_matchup,2023,5,Jerry Jeudy,WR,11.98,10.92,11.0,-1.06,0.08
ablate v2_pff_alignment_matchup,2023,15,CeeDee Lamb,WR,19.57,18.52,18.6,-1.05,0.08
ablate v2_pff_alignment_matchup,2024,5,Cole Kmet,TE,8.43,8.62,8.7,0.19,0.08
ablate v2_scheme_matchup,2023,6,Evan Engram,TE,10.99,11.18,11.1,0.19,0.08
ablate v2_pff_alignment_matchup,2023,10,Christian Kirk,WR,13.42,14.48,14.4,1.06,0.08
ablate v2_pff_alignment_matchup,2025,6,Tre Tucker,WR,12.08,12.08,12.0,0.0,0.08
ablate v2_scheme_matchup,2023,9,Michael Pittman,WR,14.19,14.48,14.4,0.29,0.08
ablate v2_pff_alignment_matchup,2025,17,Jauan Jennings,WR,11.4,12.27,12.2,0.87,0.07
ablate v2_pff_alignment_matchup,2024,12,Romeo Doubs,WR,8.14,8.33,8.4,0.19,0.07
ablate v2_scheme_matchup,2023,3,Mike Evans,WR,16.88,17.07,17.0,0.19,0.07
ablate v2_scheme_matchup,2022,10,Allen Robinson,WR,8.62,8.33,8.4,-0.29,0.07
ablate v2_pff_alignment_matchup,2023,13,Tyler Lockett,WR,9.58,9.77,9.7,0.19,0.07
ablate v2_pff_alignment_matchup,2022,10,Allen Robinson,WR,8.62,8.33,8.4,-0.29,0.07
ablate v2_scheme_matchup,2022,17,Drake London,WR,9.87,9.77,9.7,-0.1,0.07
ablate v2_pff_alignment_matchup,2023,11,Jerry Jeudy,WR,10.83,10.73,10.8,-0.1,0.07
ablate v2_scheme_matchup,2022,3,Travis Kelce,TE,17.55,17.83,17.9,0.28,0.07
ablate v2_scheme_matchup,2023,17,Jerry Jeudy,WR,8.52,8.33,8.4,-0.19,0.07
ablate v2_scheme_matchup,2022,10,Brandin Cooks,WR,8.14,8.14,8.2,0.0,0.06
ablate v2_scheme_matchup,2024,14,Andrei Iosivas,WR,7.85,8.04,8.1,0.19,0.06
ablate v2_pff_alignment_matchup,2022,10,Brandin Cooks,WR,8.14,8.14,8.2,0.0,0.06
ablate v2_pff_alignment_matchup,2025,17,Amon-Ra St. Brown,WR,15.15,14.86,14.8,-0.29,0.06
ablate v2_pff_alignment_matchup,2023,6,Travis Kelce,TE,22.77,21.35,21.4,-1.42,0.05
ablate v2_scheme_matchup,2024,12,Ja'Tavion Sanders,TE,7.19,7.95,7.9,0.76,0.05
ablate v2_pff_alignment_matchup,2025,16,Chris Godwin Jr.,WR,8.43,7.95,8.0,-0.48,0.05
ablate v2_pff_alignment_matchup,2023,12,Evan Engram,TE,10.04,9.85,9.9,-0.19,0.05
ablate v2_scheme_matchup,2022,5,CeeDee Lamb,WR,10.35,10.35,10.3,0.0,0.05
ablate v2_scheme_matchup,2024,4,Deebo Samuel Sr.,WR,10.25,10.25,10.2,0.0,0.05
ablate v2_scheme_matchup,2025,9,CeeDee Lamb,WR,16.11,15.54,15.5,-0.57,0.04
ablate v2_pff_alignment_matchup,2023,3,Jake Ferguson,TE,8.9,9.76,9.8,0.86,0.04
ablate v2_pff_alignment_matchup,2025,17,Jayden Reed,WR,7.66,8.14,8.1,0.48,0.04
ablate v2_pff_alignment_matchup,2023,7,Tutu Atwell,WR,10.35,10.06,10.1,-0.29,0.04
ablate v2_scheme_matchup,2023,8,Marquise Brown,WR,15.34,15.34,15.3,0.0,0.04
ablate v2_scheme_matchup,2024,11,Evan Engram,TE,8.14,7.76,7.8,-0.38,0.04
ablate v2_pff_alignment_matchup,2023,9,Garrett Wilson,WR,13.52,13.04,13.0,-0.48,0.04
ablate v2_pff_alignment_matchup,2022,18,Robert Woods,WR,7.85,8.04,8.0,0.19,0.04
ablate v2_scheme_matchup,2025,16,Jalen Coker,WR,7.66,7.66,7.7,0.0,0.04
ablate v2_pff_alignment_matchup,2025,16,Jalen Coker,WR,7.66,7.66,7.7,0.0,0.04
ablate v2_pff_alignment_matchup,2023,8,Marquise Brown,WR,15.34,15.34,15.3,0.0,0.04
ablate v2_pff_alignment_matchup,2025,9,Elic Ayomanor,WR,7.27,7.56,7.6,0.29,0.04
ablate v2_pff_alignment_matchup,2024,11,Courtland Sutton,WR,15.25,14.77,14.8,-0.48,0.03
ablate v2_pff_alignment_matchup,2022,3,Travis Kelce,TE,17.55,17.93,17.9,0.38,0.03
ablate v2_scheme_matchup,2023,5,K.J. Osborn,WR,9.87,9.87,9.9,0.0,0.03
ablate v2_pff_alignment_matchup,2022,14,Tyreek Hill,WR,18.71,18.13,18.1,-0.58,0.03
ablate v2_pff_alignment_matchup,2022,6,Jerry Jeudy,WR,8.81,8.43,8.4,-0.38,0.03
ablate v2_scheme_matchup,2024,8,Rome Odunze,WR,8.33,8.43,8.4,0.1,0.03
ablate v2_pff_alignment_matchup,2023,14,Jake Ferguson,TE,11.28,12.23,12.2,0.95,0.03
ablate v2_scheme_matchup,2023,11,Jerry Jeudy,WR,10.83,10.83,10.8,0.0,0.03
ablate v2_scheme_matchup,2022,12,Marquise Goodwin,WR,8.43,8.52,8.5,0.09,0.02
ablate v2_scheme_matchup,2023,7,Romeo Doubs,WR,11.31,11.02,11.0,-0.29,0.02
ablate v2_pff_alignment_matchup,2024,16,Puka Nacua,WR,13.23,13.62,13.6,0.39,0.02
ablate v2_pff_alignment_matchup,2025,15,Keenan Allen,WR,8.81,8.62,8.6,-0.19,0.02
ablate v2_scheme_matchup,2025,5,Tre Tucker,WR,11.12,11.12,11.1,0.0,0.02
ablate v2_pff_alignment_matchup,2025,13,Hunter Henry,TE,10.99,11.28,11.3,0.29,0.02
ablate v2_scheme_matchup,2025,3,Davante Adams,WR,14.67,14.58,14.6,-0.09,0.02
ablate v2_pff_alignment_matchup,2022,11,Terry McLaurin,WR,9.67,9.58,9.6,-0.09,0.02
ablate v2_pff_alignment_matchup,2023,12,Amon-Ra St. Brown,WR,18.13,18.52,18.5,0.39,0.02
ablate v2_scheme_matchup,2024,8,Isaiah Likely,TE,8.71,8.71,8.7,0.0,0.01
ablate v2_pff_alignment_matchup,2022,4,Noah Fant,TE,6.62,7.19,7.2,0.57,0.01
ablate v2_pff_alignment_matchup,2022,18,Adam Thielen,WR,9.48,9.19,9.2,-0.29,0.01
ablate v2_scheme_matchup,2023,16,Jonnu Smith,TE,7.0,7.19,7.2,0.19,0.01
ablate v2_pff_alignment_matchup,2024,8,Isaiah Likely,TE,8.71,8.71,8.7,0.0,0.01
ablate v2_scheme_matchup,2024,12,Adam Thielen,WR,8.71,8.71,8.7,0.0,0.01
ablate v2_pff_alignment_matchup,2025,12,Michael Pittman,WR,14.38,13.71,13.7,-0.67,0.01
ablate v2_scheme_matchup,2024,5,Cole Kmet,TE,8.43,8.71,8.7,0.28,0.01
ablate v2_pff_alignment_matchup,2024,8,Josh Palmer,WR,8.71,9.19,9.2,0.48,0.01
ablate v2_pff_alignment_matchup,2024,13,Courtland Sutton,WR,16.21,16.21,16.2,0.0,0.01
ablate v2_pff_alignment_matchup,2023,12,George Pickens,WR,8.81,8.81,8.8,0.0,0.01
ablate v2_scheme_matchup,2025,9,Khalil Shakir,WR,11.02,11.31,11.3,0.29,0.01
ablate v2_pff_alignment_matchup,2024,12,Adam Thielen,WR,8.71,8.71,8.7,0.0,0.01
ablate v2_pff_alignment_matchup,2024,16,Tyreek Hill,WR,11.5,11.89,11.9,0.39,0.01
ablate v2_scheme_matchup,2023,16,A.J. Brown,WR,14.0,14.0,14.0,0.0,0.0
ablate v2_pff_alignment_matchup,2022,16,Gabe Davis,WR,11.31,11.5,11.5,0.19,0.0
ablate v2_scheme_matchup,2022,16,Gabe Davis,WR,11.31,11.5,11.5,0.19,0.0
ablate v2_scheme_matchup,2023,7,Jerry Jeudy,WR,11.31,11.4,11.4,0.09,0.0
ablate v2_pff_alignment_matchup,2024,15,Calvin Ridley,WR,9.29,9.0,9.0,-0.29,0.0
ablate v2_pff_alignment_matchup,2022,11,Greg Dulcich,TE,7.38,7.0,7.0,-0.38,0.0
ablate v2_scheme_matchup,2023,3,George Pickens,WR,11.89,11.5,11.5,-0.39,0.0
ablate v2_scheme_matchup,2023,12,Terry McLaurin,WR,8.71,9.0,9.0,0.29,0.0
