player,pos,raw,actual,year,week
Julio Jones,WR,28.2,7.2,2019,5
Patrick Mahomes,QB,27.1,18.54,2019,5
Christian McCaffrey,RB,25.9,47.7,2019,5
Carson Wentz,QB,25.2,12.06,2019,5
Matt Ryan,QB,24.5,31.9,2019,5
Austin Hooper,TE,23.6,13.6,2019,5
Lamar Jackson,QB,23.3,11.44,2019,5
Austin Ekeler,RB,23.2,22.3,2019,5
Alvin Kamara,RB,22.7,16.92,2019,5
Travis Kelce,TE,22.2,11.0,2019,5
Deshaun Watson,QB,21.8,41.74,2019,5
Chris Godwin Jr.,WR,21.6,31.5,2019,5
Mike Evans,WR,21.0,0.0,2019,5
Jameis Winston,QB,21.0,17.46,2019,5
Tom Brady,QB,20.8,23.92,2019,5
Kyle Allen,QB,20.5,11.64,2019,5
Nick Chubb,RB,20.4,10.9,2019,5
Dak Prescott,QB,19.7,23.22,2019,5
Calvin Ridley,WR,19.6,19.8,2019,5
Russell Wilson,QB,19.6,29.92,2019,5
Kyler Murray,QB,19.3,25.42,2019,5
Philip Rivers,QB,19.0,4.14,2019,5
Ezekiel Elliott,RB,18.9,17.1,2019,5
Leonard Fournette,RB,18.0,23.7,2019,5
Keenan Allen,WR,17.9,5.8,2019,5
Aaron Rodgers,QB,17.4,9.42,2019,5
Cooper Kupp,WR,16.9,26.7,2019,5
James White,RB,16.9,13.2,2019,5
DeAndre Hopkins,WR,16.8,15.8,2019,5
Daniel Jones,QB,16.6,10.48,2019,5
Dalvin Cook,RB,16.4,25.8,2019,5
Mark Ingram,RB,16.3,12.9,2019,5
Jared Goff,QB,16.3,17.9,2019,5
Courtland Sutton,WR,16.2,19.2,2019,5
Jacoby Brissett,QB,16.2,10.94,2019,5
David Johnson,RB,15.7,18.6,2019,5
Marlon Mack,RB,15.6,17.8,2019,5
Todd Gurley,RB,15.6,18.7,2019,5
Le'Veon Bell,RB,15.5,15.8,2019,5
Larry Fitzgerald,WR,15.2,11.8,2019,5
Adam Thielen,WR,15.1,32.0,2019,5
Josh Allen,QB,15.1,17.46,2019,5
Andy Dalton,QB,15.1,18.98,2019,5
Derrick Henry,RB,15.0,13.8,2019,5
Stefon Diggs,WR,14.9,7.4,2019,5
Baker Mayfield,QB,14.6,-2.0,2019,5
Chris Carson,RB,14.3,19.3,2019,5
Gardner Minshew,QB,13.7,21.16,2019,5
Aaron Jones,RB,13.4,49.2,2019,5
Allen Robinson,WR,13.3,28.7,2019,5
Julian Edelman,WR,12.8,25.0,2019,5
Michael Thomas,WR,12.7,41.2,2019,5
Alshon Jeffery,WR,12.7,11.2,2019,5
Jimmy Garoppolo,QB,12.6,14.94,2019,5
Joe Mixon,RB,12.6,11.9,2019,5
Phillip Lindsay,RB,12.6,24.7,2019,5
Amari Cooper,WR,12.5,39.6,2019,5
Kirk Cousins,QB,12.5,20.54,2019,5
Zach Ertz,TE,12.5,16.7,2019,5
Mark Andrews,TE,12.5,9.5,2019,5
Marcus Mariota,QB,12.4,8.62,2019,5
Robert Woods,WR,12.2,9.8,2019,5
Tyler Boyd,WR,12.2,28.3,2019,5
Joe Flacco,QB,12.1,7.98,2019,5
Darren Waller,TE,12.0,7.9,2019,5
Jordan Howard,RB,12.0,12.2,2019,5
Devonta Freeman,RB,11.9,18.0,2019,5
Terry McLaurin,WR,11.8,8.1,2019,5
Will Fuller,WR,11.7,53.7,2019,5
Mason Rudolph,QB,11.7,9.24,2019,5
Mohamed Sanu,WR,11.7,15.3,2019,5
Odell Beckham Jr.,WR,11.7,7.0,2019,5
Emmanuel Sanders,WR,11.6,1.9,2019,5
Brandin Cooks,WR,11.6,6.6,2019,5
Demarcus Robinson,WR,11.6,6.1,2019,5
Nelson Agholor,WR,11.6,3.0,2019,5
Luke Falk,QB,11.3,-1.2,2019,5
Tyler Lockett,WR,11.2,14.3,2019,5
Josh Jacobs,RB,11.2,29.3,2019,5
Sony Michel,RB,11.0,21.3,2019,5
John Brown,WR,10.8,12.5,2019,5
Jarvis Landry,WR,10.8,11.5,2019,5
T.Y. Hilton,WR,10.8,7.7,2019,5
Teddy Bridgewater,QB,10.8,27.26,2019,5
Marquise Brown,WR,10.7,11.2,2019,5
Troymaine Pope,RB,10.6,0.0,2019,5
George Kittle,TE,10.5,20.8,2019,5
Greg Olsen,TE,10.2,0.0,2019,5
Miles Sanders,RB,10.1,10.4,2019,5
Will Dissly,TE,10.0,12.8,2019,5
DJ Moore,WR,10.0,15.1,2019,5
Evan Engram,TE,9.9,10.7,2019,5
David Montgomery,RB,9.8,10.6,2019,5
O.J. Howard,TE,9.8,2.0,2019,5
Carlos Hyde,RB,9.4,12.0,2019,5
Royce Freeman,RB,9.3,8.7,2019,5
Curtis Samuel,WR,9.2,7.4,2019,5
James Conner,RB,9.2,11.5,2019,5
Cole Beasley,WR,9.2,5.1,2019,5
Vance McDonald,TE,9.1,6.4,2019,5
LeSean McCoy,RB,9.1,2.3,2019,5
Sterling Shepard,WR,9.1,9.7,2019,5
Mecole Hardman,WR,9.0,11.3,2019,5
Damien Williams,RB,9.0,6.8,2019,5
Tarik Cohen,RB,8.9,10.9,2019,5
JuJu Smith-Schuster,WR,8.8,18.5,2019,5
Matt Breida,RB,8.8,27.9,2019,5
Jamison Crowder,WR,8.7,3.0,2019,5
Michael Gallup,WR,8.7,24.3,2019,5
Marquez Valdes-Scantling,WR,8.6,2.8,2019,5
Wayne Gallman,RB,8.5,1.4,2019,5
Noah Fant,TE,8.5,1.6,2019,5
Tony Pollard,RB,8.4,1.9,2019,5
Robbie Chosen,WR,8.4,2.6,2019,5
Mike Williams,WR,8.2,13.4,2019,5
Frank Gore,RB,8.0,8.9,2019,5
Willie Snead,WR,8.0,9.1,2019,5
Paul Richardson,WR,8.0,3.4,2019,5
Raheem Mostert,RB,7.9,3.4,2019,5
Josh Gordon,WR,7.8,10.9,2019,5
Geronimo Allison,WR,7.8,4.8,2019,5
Peyton Barber,RB,7.5,10.1,2019,5
Giovani Bernard,RB,7.5,5.6,2019,5
Duke Johnson,RB,7.5,7.7,2019,5
DJ Chark,WR,7.4,36.4,2019,5
Ronald Jones,RB,7.3,7.6,2019,5
Jason Witten,TE,7.2,5.9,2019,5
Deebo Samuel Sr.,WR,7.1,1.3,2019,5
Jimmy Graham,TE,6.9,7.1,2019,5
Trey Quinn,WR,6.9,2.8,2019,5
Dede Westbrook,WR,6.7,15.2,2019,5
KeeSean Johnson,WR,6.7,5.5,2019,5
Adrian Peterson,RB,6.7,1.8,2019,5
Ted Ginn,WR,6.7,11.6,2019,5
Randall Cobb,WR,6.7,8.3,2019,5
Hunter Renfrow,WR,6.6,2.2,2019,5
Corey Davis,WR,6.5,4.8,2019,5
DK Metcalf,WR,6.5,12.4,2019,5
Rashaad Penny,RB,6.5,6.9,2019,5
Eric Ebron,TE,6.4,1.8,2019,5
Ito Smith,RB,6.4,12.4,2019,5
Keke Coutee,WR,6.3,10.2,2019,5
Damion Willis,WR,6.3,7.8,2019,5
Seth Roberts,WR,6.2,0.0,2019,5
Gus Edwards,RB,6.2,3.3,2019,5
Kyle Rudolph,TE,6.1,1.4,2019,5
Marquise Goodwin,WR,6.1,8.6,2019,5
Jon Hilliman,RB,6.0,3.4,2019,5
Gerald Everett,TE,6.0,20.6,2019,5
Diontae Johnson,WR,5.9,7.7,2019,5
Jordan Akins,TE,5.9,3.1,2019,5
A.J. Brown,WR,5.8,4.7,2019,5
T.J. Yeldon,RB,5.7,6.8,2019,5
Darren Sproles,RB,5.7,0.4,2019,5
Tyler Eifert,TE,5.6,3.4,2019,5
Jarius Wright,WR,5.6,1.6,2019,5
Cody Latimer,WR,5.6,0.0,2019,5
Jack Doyle,TE,5.5,4.9,2019,5
Delanie Walker,TE,5.4,2.0,2019,5
Chris Conley,WR,5.3,3.6,2019,5
Jaylen Samuels,RB,5.3,2.46,2019,5
Trey Burton,TE,5.3,4.6,2019,5
Foster Moreau,TE,5.2,8.6,2019,5
Jalen Richard,RB,5.1,5.2,2019,5
Jaron Brown,WR,5.1,3.6,2019,5
Jeff Heuerman,TE,5.0,3.6,2019,5
Auden Tate,WR,5.0,11.6,2019,5
Darren Fells,TE,5.0,16.0,2019,5
Tevin Coleman,RB,5.0,15.7,2019,5
Hayden Hurst,TE,5.0,7.2,2019,5
Brandon Bolden,RB,5.0,11.2,2019,5
Dion Lewis,RB,4.9,5.0,2019,5
Adam Humphries,WR,4.9,7.0,2019,5
Dawson Knox,TE,4.8,3.2,2019,5
Malcolm Brown,RB,4.7,0.3,2019,5
Jakobi Meyers,WR,4.7,1.6,2019,5
Latavius Murray,RB,4.7,5.4,2019,5
Cameron Brate,TE,4.7,2.1,2019,5
Matt LaCosse,TE,4.6,3.2,2019,5
Jared Cook,TE,4.6,14.1,2019,5
Dontrell Hilliard,RB,4.5,0.0,2019,5
Nyheim Hines,RB,4.3,8.5,2019,5
Dallas Goedert,TE,4.3,2.1,2019,5
Ryquell Armstead,RB,4.2,1.6,2019,5
Anthony Miller,WR,4.2,9.2,2019,5
Justin Hardy,WR,4.1,1.5,2019,5
Andre Patton,WR,4.1,0.0,2019,5
Chester Rogers,WR,4.1,0.0,2019,5
Nick Boyle,TE,4.1,0.0,2019,5
James O'Shaughnessy,TE,4.1,8.7,2019,5
Tyler Higbee,TE,4.1,7.7,2019,5
Alexander Mattison,RB,4.1,5.2,2019,5
Damion Ratley,WR,4.0,0.0,2019,5
D'Ernest Johnson,RB,3.9,1.6,2019,5
Chase Edmonds,RB,3.7,17.6,2019,5
Travis Benjamin,WR,3.4,2.3,2019,5
Ryan Izzo,TE,3.4,11.9,2019,5
Justice Hill,RB,3.3,0.7,2019,5
Tajae Sharpe,WR,3.2,2.2,2019,5
DeAndre Washington,RB,3.2,12.6,2019,5
Cordarrelle Patterson,RB,3.1,0.5,2019,5
Richie James,WR,3.1,0.0,2019,5
Jordan Wilkins,RB,3.1,2.8,2019,5
Robert Tonyan,TE,3.0,3.3,2019,5
Isaiah McKenzie,WR,3.0,7.2,2019,5
Maxx Williams,TE,3.0,1.7,2019,5
Luke Stocker,TE,3.0,0.0,2019,5
Alex Armah,RB,2.8,1.4,2019,5
Nick Vannett,TE,2.8,0.0,2019,5
C.J. Uzomah,TE,2.8,3.6,2019,5
Dare Ogunbowale,RB,2.8,4.3,2019,5
Kelvin Harmon,WR,2.6,1.4,2019,5
Wendell Smallwood,RB,2.6,2.7,2019,5
Geoff Swaim,TE,2.5,1.4,2019,5
Javon Wims,WR,2.4,0.0,2019,5
Marcedes Lewis,TE,2.4,3.7,2019,5
Zach Pascal,WR,2.4,3.0,2019,5
James Washington,WR,2.4,8.2,2019,5
Deon Cain,WR,2.3,1.7,2019,5
Marqise Lee,WR,2.3,1.5,2019,5
Ryan Griffin,TE,2.2,1.2,2019,5
Demetrius Harris,TE,2.2,1.0,2019,5
Ricky Seals-Jones,TE,2.2,0.0,2019,5
Virgil Green,TE,2.2,1.5,2019,5
Darius Slayton,WR,2.1,16.2,2019,5
Jonnu Smith,TE,2.1,6.7,2019,5
Josh Hill,TE,2.0,6.9,2019,5
Rhett Ellison,TE,2.0,1.3,2019,5
MyCole Pruitt,TE,2.0,0.0,2019,5
Tommy Sweeney,TE,2.0,0.0,2019,5
Russell Gage,WR,1.9,2.2,2019,5
Dante Pettis,WR,1.9,2.1,2019,5
Lee Smith,TE,1.8,7.8,2019,5
Mo Alie-Cox,TE,1.8,2.0,2019,5
Charles Clay,TE,1.8,3.7,2019,5
Jeremy Sprinkle,TE,1.8,3.7,2019,5
Bisi Johnson,WR,1.7,8.3,2019,5
Derek Carrier,TE,1.6,4.2,2019,5
Luke Willson,TE,1.6,2.0,2019,5
Lance Kendricks,TE,1.4,0.0,2019,5
Josh Reynolds,WR,1.4,2.2,2019,5
Josh Bellamy,WR,1.3,0.0,2019,5
Scott Miller,WR,1.3,1.8,2019,5
Alex Erickson,WR,1.2,1.7,2019,5
Ameer Abdullah,RB,1.2,2.4,2019,5
Keelan Doss,WR,1.2,3.1,2019,5
Pharaoh Brown,TE,1.2,0.0,2019,5
David Moore,WR,1.0,8.0,2019,5
Byron Pringle,WR,1.0,22.3,2019,5
Taysom Hill,TE,0.9,2.12,2019,5
Danny Vitale,RB,0.9,1.9,2019,5
Ty Montgomery,WR,0.9,0.1,2019,5
Ryan Switzer,WR,0.9,0.0,2019,5
Tavon Austin,WR,0.9,3.7,2019,5
Geremy Davis,WR,0.8,0.0,2019,5
Ross Dwelley,TE,0.8,1.7,2019,5
Dalton Schultz,TE,0.8,0.0,2019,5
Kendrick Bourne,WR,0.8,4.4,2019,5
Steven Sims,WR,0.8,14.6,2019,5
Trent Sherfield,WR,0.8,3.3,2019,5
Braxton Berrios,WR,0.7,0.0,2019,5
Daniel Brown,TE,0.7,0.0,2019,5
Antony Auclair,TE,0.6,0.0,2019,5
Reggie Bonnafon,RB,0.6,14.0,2019,5
Fred Brown,WR,0.6,0.0,2019,5
Ian Thomas,TE,0.5,0.0,2019,5
Bobo Wilson,WR,0.5,2.1,2019,5
Jake Kumerow,WR,0.5,1.9,2019,5
Darius Jennings,WR,0.5,0.0,2019,5
Andre Roberts,WR,0.4,0.7,2019,5
Darrius Shepherd,WR,0.4,0.0,2019,5
J.P. Holtz,TE,0.4,2.6,2019,5
Jaeden Graham,TE,0.4,0.0,2019,5
Diontae Spencer,WR,0.4,0.9,2019,5
De'Anthony Thomas,WR,0.3,0.0,2019,5
DeAndre Carter,WR,0.3,0.0,2019,5
Demaryius Thomas,WR,0.2,8.7,2019,5
Deonte Harty,WR,0.2,0.0,2019,5
T.J. Logan,RB,0.2,0.0,2019,5
Andy Isabella,WR,0.1,1.1,2019,5
Gunner Olszewski,WR,0.1,0.0,2019,5
Taiwan Jones,RB,0.1,0.0,2019,5
Ashton Dulin,WR,0.1,0.0,2019,5
Cullen Gillaspia,RB,0.0,0.0,2019,5
Chase Daniel,QB,0.0,13.44,2019,5
Ray-Ray McCloud,WR,0.0,0.0,2019,5
Johnny Holton,WR,0.0,0.4,2019,5
JoJo Natson,WR,0.0,0.0,2019,5
Cethan Carter,TE,0.0,0.0,2019,5
Derek Carr,QB,0.0,7.96,2019,5
Jarrett Stidham,QB,0.0,0.0,2019,5
Corey Clement,RB,0.0,0.0,2019,5
Trenton Cannon,RB,0.0,0.0,2019,5
Josh McCown,QB,0.0,-0.2,2019,5
Patrick Mahomes,QB,28.8,18.82,2019,6
Christian McCaffrey,RB,28.5,21.7,2019,6
Lamar Jackson,QB,26.2,30.64,2019,6
Dak Prescott,QB,23.8,18.22,2019,6
Alvin Kamara,RB,23.3,13.6,2019,6
Ezekiel Elliott,RB,21.9,26.3,2019,6
Russell Wilson,QB,21.7,28.9,2019,6
Kyler Murray,QB,21.7,28.8,2019,6
Deshaun Watson,QB,21.6,29.4,2019,6
Julio Jones,WR,21.2,18.8,2019,6
Matt Ryan,QB,21.2,30.94,2019,6
Kyle Allen,QB,20.6,17.38,2019,6
Matthew Stafford,QB,20.5,11.5,2019,6
Cooper Kupp,WR,20.0,5.7,2019,6
Tom Brady,QB,20.0,21.96,2019,6
Adam Thielen,WR,20.0,17.7,2019,6
Mark Ingram,RB,19.8,15.4,2019,6
Leonard Fournette,RB,19.4,17.8,2019,6
Chris Godwin Jr.,WR,19.3,25.1,2019,6
Courtland Sutton,WR,19.2,11.6,2019,6
Travis Kelce,TE,18.8,9.8,2019,6
Amari Cooper,WR,18.7,1.3,2019,6
Jared Goff,QB,18.4,1.12,2019,6
Aaron Jones,RB,18.0,8.0,2019,6
Derrick Henry,RB,17.9,4.3,2019,6
Calvin Ridley,WR,17.8,14.8,2019,6
Dalvin Cook,RB,17.7,13.4,2019,6
Austin Hooper,TE,17.6,25.7,2019,6
Nick Chubb,RB,17.5,28.9,2019,6
Kerryon Johnson,RB,17.4,14.1,2019,6
Chris Carson,RB,17.3,25.9,2019,6
Jameis Winston,QB,17.0,12.1,2019,6
Aaron Rodgers,QB,16.9,18.32,2019,6
Kirk Cousins,QB,16.5,27.32,2019,6
Gardner Minshew,QB,16.5,4.62,2019,6
Michael Thomas,WR,16.1,16.9,2019,6
Marcus Mariota,QB,15.7,-1.08,2019,6
Carson Wentz,QB,15.5,20.54,2019,6
Stefon Diggs,WR,15.2,43.5,2019,6
Phillip Lindsay,RB,15.1,15.5,2019,6
Keenan Allen,WR,14.8,5.3,2019,6
Kenny Golladay,WR,14.7,17.1,2019,6
Larry Fitzgerald,WR,14.7,12.9,2019,6
David Johnson,RB,14.6,28.2,2019,6
Austin Ekeler,RB,14.6,5.8,2019,6
Mike Evans,WR,14.4,20.6,2019,6
Will Fuller,WR,14.4,9.4,2019,6
Philip Rivers,QB,14.3,14.8,2019,6
Mark Andrews,TE,13.8,13.9,2019,6
James White,RB,13.7,13.5,2019,6
Teddy Bridgewater,QB,13.5,13.6,2019,6
Julian Edelman,WR,13.4,20.3,2019,6
Joe Flacco,QB,13.3,4.98,2019,6
Jimmy Garoppolo,QB,13.1,12.12,2019,6
Sony Michel,RB,13.0,13.3,2019,6
Le'Veon Bell,RB,12.9,12.3,2019,6
Robert Woods,WR,12.7,7.6,2019,6
Michael Gallup,WR,12.7,8.8,2019,6
Marvin Jones,WR,12.7,3.7,2019,6
DeAndre Hopkins,WR,12.6,16.5,2019,6
Terry McLaurin,WR,12.3,26.0,2019,6
Demarcus Robinson,WR,11.9,0.0,2019,6
Devonta Freeman,RB,11.9,26.8,2019,6
Andy Dalton,QB,11.9,13.6,2019,6
DJ Chark,WR,11.6,7.3,2019,6
Tyler Lockett,WR,11.1,12.8,2019,6
Mohamed Sanu,WR,11.1,5.9,2019,6
DJ Moore,WR,11.1,15.6,2019,6
George Kittle,TE,11.1,18.3,2019,6
Tyler Boyd,WR,10.9,4.0,2019,6
Brandin Cooks,WR,10.9,6.2,2019,6
Matt Breida,RB,10.6,10.3,2019,6
James Conner,RB,10.6,30.9,2019,6
Mecole Hardman,WR,10.5,8.5,2019,6
Royce Freeman,RB,10.3,12.6,2019,6
Baker Mayfield,QB,10.2,19.46,2019,6
Will Dissly,TE,10.2,0.0,2019,6
Zach Ertz,TE,10.1,7.4,2019,6
Daniel Jones,QB,9.9,5.24,2019,6
Emmanuel Sanders,WR,9.7,1.0,2019,6
Carlos Hyde,RB,9.7,18.0,2019,6
Jordan Howard,RB,9.7,4.9,2019,6
JuJu Smith-Schuster,WR,9.6,1.7,2019,6
Melvin Gordon,RB,9.5,7.8,2019,6
Joe Mixon,RB,9.5,5.9,2019,6
Kenyan Drake,RB,9.2,13.0,2019,6
Curtis Samuel,WR,9.0,23.8,2019,6
Willie Snead,WR,8.9,4.8,2019,6
DaeSean Hamilton,WR,8.8,4.5,2019,6
Jarvis Landry,WR,8.8,6.6,2019,6
Dede Westbrook,WR,8.7,8.3,2019,6
Mike Williams,WR,8.7,12.2,2019,6
Damien Williams,RB,8.7,9.0,2019,6
Darrel Williams,RB,8.6,6.2,2019,6
Odell Beckham Jr.,WR,8.5,16.1,2019,6
O.J. Howard,TE,8.5,5.5,2019,6
Alshon Jeffery,WR,8.3,23.6,2019,6
Gerald Everett,TE,8.2,2.9,2019,6
LeSean McCoy,RB,8.2,6.4,2019,6
Miles Sanders,RB,8.2,18.2,2019,6
Paul Richardson,WR,8.2,0.0,2019,6
Josh Gordon,WR,8.1,1.7,2019,6
Greg Olsen,TE,8.1,9.2,2019,6
Corey Davis,WR,8.1,6.6,2019,6
Adrian Peterson,RB,8.0,15.6,2019,6
Josh Rosen,QB,7.9,-0.6,2019,6
Geronimo Allison,WR,7.6,7.0,2019,6
Duke Johnson,RB,7.6,13.4,2019,6
Marquez Valdes-Scantling,WR,7.6,7.7,2019,6
A.J. Brown,WR,7.5,4.3,2019,6
Ted Ginn,WR,7.4,6.8,2019,6
Peyton Barber,RB,7.4,2.8,2019,6
Trey Quinn,WR,7.4,2.8,2019,6
Ito Smith,RB,7.2,0.6,2019,6
T.J. Hockenson,TE,7.1,6.1,2019,6
Tevin Coleman,RB,7.0,14.1,2019,6
Adam Humphries,WR,7.0,10.7,2019,6
Delanie Walker,TE,7.0,7.3,2019,6
Noah Fant,TE,7.0,3.6,2019,6
Jimmy Graham,TE,6.9,3.7,2019,6
Tony Pollard,RB,6.9,1.3,2019,6
Ronald Jones,RB,6.8,7.0,2019,6
Nelson Agholor,WR,6.8,8.2,2019,6
Danny Amendola,WR,6.8,1.6,2019,6
Hunter Henry,TE,6.7,30.0,2019,6
DK Metcalf,WR,6.6,11.3,2019,6
Raheem Mostert,RB,6.6,1.3,2019,6
KeeSean Johnson,WR,6.6,3.4,2019,6
Vance McDonald,TE,6.6,1.5,2019,6
Jason Witten,TE,6.5,10.7,2019,6
Darren Fells,TE,6.4,12.9,2019,6
Gus Edwards,RB,6.4,3.4,2019,6
Byron Pringle,WR,6.3,4.4,2019,6
Dion Lewis,RB,6.2,4.9,2019,6
Diontae Johnson,WR,6.1,3.4,2019,6
Preston Williams,WR,6.1,5.1,2019,6
Marquise Goodwin,WR,6.1,3.5,2019,6
Hayden Hurst,TE,6.0,1.4,2019,6
Chase Edmonds,RB,5.9,14.7,2019,6
Brandon Bolden,RB,5.8,12.5,2019,6
Jared Cook,TE,5.7,12.7,2019,6
DeVante Parker,WR,5.7,11.8,2019,6
Deebo Samuel Sr.,WR,5.7,4.9,2019,6
Seth Roberts,WR,5.6,4.3,2019,6
Jamison Crowder,WR,5.6,15.8,2019,6
Latavius Murray,RB,5.6,10.9,2019,6
Kyle Rudolph,TE,5.6,6.6,2019,6
Chris Conley,WR,5.5,0.0,2019,6
Robbie Chosen,WR,5.5,23.5,2019,6
Mack Hollins,WR,5.4,0.0,2019,6
Keke Coutee,WR,5.4,7.9,2019,6
Jaron Brown,WR,5.2,17.9,2019,6
Jarius Wright,WR,5.2,1.6,2019,6
Giovani Bernard,RB,5.2,4.4,2019,6
Jordan Akins,TE,5.1,6.9,2019,6
Kalen Ballage,RB,5.1,6.7,2019,6
Miles Boykin,WR,5.0,4.8,2019,6
Jamaal Williams,RB,4.9,23.6,2019,6
Damiere Byrd,WR,4.8,8.0,2019,6
Jon Hilliman,RB,4.8,3.5,2019,6
C.J. Prosise,RB,4.8,1.3,2019,6
Blake Jarwin,TE,4.8,2.6,2019,6
Irv Smith,TE,4.7,4.9,2019,6
Tyler Higbee,TE,4.7,5.5,2019,6
Damion Willis,WR,4.6,0.0,2019,6
Malcolm Brown,RB,4.5,4.0,2019,6
Auden Tate,WR,4.4,14.1,2019,6
J.D. McKissic,RB,4.3,3.1,2019,6
Golden Tate,WR,4.2,22.2,2019,6
Alexander Mattison,RB,4.2,4.3,2019,6
Marvin Hall,WR,4.2,6.8,2019,6
Dante Pettis,WR,4.1,7.5,2019,6
Nick Boyle,TE,3.9,3.8,2019,6
Jonnu Smith,TE,3.9,1.8,2019,6
Cameron Brate,TE,3.9,12.7,2019,6
Donte Moncrief,WR,3.9,2.1,2019,6
Tyler Eifert,TE,3.8,3.3,2019,6
Jakobi Meyers,WR,3.8,9.4,2019,6
Tajae Sharpe,WR,3.7,0.0,2019,6
Mark Walton,RB,3.7,12.5,2019,6
Demaryius Thomas,WR,3.6,10.2,2019,6
Dontrell Hilliard,RB,3.6,3.7,2019,6
Reggie Bonnafon,RB,3.5,0.0,2019,6
Wendell Smallwood,RB,3.5,0.4,2019,6
Jesse James,TE,3.5,1.8,2019,6
Bisi Johnson,WR,3.4,2.6,2019,6
Ryquell Armstead,RB,3.3,0.1,2019,6
Ty Johnson,RB,3.2,0.0,2019,6
Dallas Goedert,TE,3.2,9.8,2019,6
Travis Benjamin,WR,3.0,1.0,2019,6
Justin Hardy,WR,3.0,0.0,2019,6
Troymaine Pope,RB,3.0,0.0,2019,6
Justice Hill,RB,2.9,3.1,2019,6
Ryan Izzo,TE,2.9,5.1,2019,6
Maxx Williams,TE,2.7,12.4,2019,6
Josh Hill,TE,2.7,1.8,2019,6
Tyler Conklin,TE,2.6,0.0,2019,6
Jeremy Sprinkle,TE,2.5,4.4,2019,6
C.J. Uzomah,TE,2.4,4.6,2019,6
Cody Latimer,WR,2.4,0.0,2019,6
Alex Armah,RB,2.4,0.4,2019,6
Marcedes Lewis,TE,2.4,7.0,2019,6
Geoff Swaim,TE,2.4,1.5,2019,6
Logan Thomas,TE,2.3,0.0,2019,6
Darius Slayton,WR,2.3,6.2,2019,6
Kelvin Harmon,WR,2.3,1.8,2019,6
Dare Ogunbowale,RB,2.3,11.5,2019,6
Marqise Lee,WR,2.2,0.1,2019,6
Nick Vannett,TE,2.1,1.5,2019,6
Charles Clay,TE,2.1,2.8,2019,6
Luke Stocker,TE,2.0,1.0,2019,6
Virgil Green,TE,2.0,2.5,2019,6
Ryan Griffin,TE,2.0,11.8,2019,6
Mike Gesicki,TE,1.9,8.1,2019,6
Luke Willson,TE,1.9,3.6,2019,6
Tyreek Hill,WR,1.9,25.0,2019,6
Demetrius Harris,TE,1.8,2.0,2019,6
Josh Reynolds,WR,1.8,0.0,2019,6
Scott Miller,WR,1.8,6.9,2019,6
Nick O'Leary,TE,1.8,1.3,2019,6
Russell Gage,WR,1.8,1.6,2019,6
Tra Carson,RB,1.6,0.0,2019,6
Malik Turner,WR,1.6,0.0,2019,6
Blake Bell,TE,1.5,0.0,2019,6
Ricky Seals-Jones,TE,1.5,13.7,2019,6
David Moore,WR,1.5,6.6,2019,6
Pharoh Cooper,WR,1.4,4.8,2019,6
Richie James,WR,1.4,0.0,2019,6
Trent Sherfield,WR,1.3,4.8,2019,6
Drew Sample,TE,1.3,0.9,2019,6
Kendrick Bourne,WR,1.3,2.1,2019,6
Mike Boone,RB,1.2,0.0,2019,6
Levine Toilolo,TE,1.2,1.8,2019,6
Tavon Austin,WR,1.2,11.4,2019,6
Allen Lazard,WR,1.1,16.5,2019,6
Fred Brown,WR,1.1,1.5,2019,6
Pharaoh Brown,TE,1.0,1.9,2019,6
Steven Sims,WR,1.0,0.1,2019,6
Rhett Ellison,TE,1.0,6.0,2019,6
Chris Manhertz,TE,1.0,0.0,2019,6
Jake Kumerow,WR,1.0,3.7,2019,6
Alex Erickson,WR,0.9,10.4,2019,6
Benny Snell,RB,0.9,9.9,2019,6
Taysom Hill,TE,0.8,1.7,2019,6
Danny Vitale,RB,0.8,0.0,2019,6
Patrick Ricard,RB,0.8,1.6,2019,6
Allen Hurns,WR,0.7,3.6,2019,6
Bobo Wilson,WR,0.7,2.0,2019,6
Nick Bawden,RB,0.6,0.0,2019,6
Geremy Davis,WR,0.6,2.3,2019,6
Albert Wilson,WR,0.5,6.5,2019,6
Ryan Switzer,WR,0.5,0.8,2019,6
Darius Jennings,WR,0.5,0.0,2019,6
Darrell Henderson,RB,0.5,5.8,2019,6
Diontae Spencer,WR,0.5,0.0,2019,6
Bilal Powell,RB,0.5,0.5,2019,6
Isaiah Ford,WR,0.4,0.0,2019,6
Braxton Berrios,WR,0.4,0.0,2019,6
Ty Montgomery,WR,0.4,4.7,2019,6
Dalton Schultz,TE,0.4,1.6,2019,6
Chris Moore,WR,0.3,3.8,2019,6
Kenjon Barner,RB,0.3,0.0,2019,6
De'Anthony Thomas,WR,0.3,0.4,2019,6
Jaeden Graham,TE,0.3,3.1,2019,6
Johnny Holton,WR,0.3,0.0,2019,6
Deonte Harty,WR,0.2,0.0,2019,6
DeAndre Carter,WR,0.1,0.0,2019,6
Andy Isabella,WR,0.1,0.0,2019,6
Cedrick Wilson Jr.,WR,0.1,9.6,2019,6
Cullen Gillaspia,RB,0.0,0.0,2019,6
D.J. Foster,RB,0.0,0.0,2019,6
JoJo Natson,WR,0.0,0.0,2019,6
Case Keenum,QB,0.0,15.64,2019,6
Jordan Scarlett,RB,0.0,0.0,2019,6
Darrius Shepherd,WR,0.0,1.1,2019,6
Gunner Olszewski,WR,0.0,5.4,2019,6
Jamal Agnew,WR,0.0,0.9,2019,6
Buddy Howell,RB,0.0,0.0,2019,6
Vyncint Smith,WR,0.0,1.5,2019,6
Sam Darnold,QB,0.0,19.62,2019,6
Ryan Fitzpatrick,QB,0.0,9.78,2019,6
Leonard Fournette,RB,28.9,16.5,2019,7
Patrick Mahomes,QB,26.5,7.24,2019,7
Ezekiel Elliott,RB,25.9,26.7,2019,7
Matt Ryan,QB,24.9,2.56,2019,7
Dak Prescott,QB,24.9,20.56,2019,7
Tom Brady,QB,23.8,11.96,2019,7
Josh Allen,QB,23.0,21.28,2019,7
Austin Hooper,TE,22.7,14.6,2019,7
Julio Jones,WR,22.7,15.3,2019,7
Deshaun Watson,QB,21.9,15.52,2019,7
Kyler Murray,QB,21.5,6.96,2019,7
Todd Gurley,RB,21.3,12.4,2019,7
Cooper Kupp,WR,21.2,11.0,2019,7
Amari Cooper,WR,20.6,15.6,2019,7
Saquon Barkley,RB,20.0,17.0,2019,7
Gardner Minshew,QB,19.6,21.0,2019,7
Jared Goff,QB,19.4,25.02,2019,7
Russell Wilson,QB,19.2,14.34,2019,7
Aaron Rodgers,QB,19.0,43.76,2019,7
Lamar Jackson,QB,19.0,23.32,2019,7
Calvin Ridley,WR,18.9,7.0,2019,7
Aaron Jones,RB,17.6,18.3,2019,7
Josh Jacobs,RB,17.2,16.4,2019,7
Carson Wentz,QB,17.2,6.84,2019,7
Andy Dalton,QB,17.0,18.34,2019,7
Kirk Cousins,QB,16.7,29.22,2019,7
Jacoby Brissett,QB,16.3,27.64,2019,7
Travis Kelce,TE,16.2,10.4,2019,7
Courtland Sutton,WR,16.2,14.7,2019,7
Michael Thomas,WR,16.1,22.1,2019,7
Dalvin Cook,RB,16.1,27.9,2019,7
Adam Thielen,WR,16.0,9.5,2019,7
Stefon Diggs,WR,15.9,21.3,2019,7
Phillip Lindsay,RB,15.4,4.2,2019,7
Terry McLaurin,WR,15.2,2.1,2019,7
Julian Edelman,WR,15.1,13.7,2019,7
Chris Carson,RB,15.0,10.4,2019,7
David Johnson,RB,15.0,0.2,2019,7
Marlon Mack,RB,14.8,8.6,2019,7
Philip Rivers,QB,14.5,21.16,2019,7
Le'Veon Bell,RB,14.5,8.6,2019,7
Devonta Freeman,RB,14.0,4.5,2019,7
Allen Robinson,WR,13.9,24.7,2019,7
Derrick Henry,RB,13.5,17.8,2019,7
Sony Michel,RB,13.4,22.4,2019,7
James White,RB,13.4,12.9,2019,7
Tyler Boyd,WR,13.4,8.5,2019,7
Will Fuller,WR,13.3,1.6,2019,7
Keenan Allen,WR,13.3,10.1,2019,7
Matthew Stafford,QB,13.3,28.56,2019,7
Joe Mixon,RB,13.2,7.4,2019,7
DeAndre Hopkins,WR,13.2,25.6,2019,7
Robert Woods,WR,13.1,13.6,2019,7
Larry Fitzgerald,WR,13.1,2.2,2019,7
Austin Ekeler,RB,13.1,25.5,2019,7
John Brown,WR,13.1,19.3,2019,7
Daniel Jones,QB,13.0,10.42,2019,7
Jimmy Garoppolo,QB,12.9,6.04,2019,7
Brandin Cooks,WR,12.7,9.9,2019,7
Darren Waller,TE,12.6,31.6,2019,7
Kerryon Johnson,RB,12.6,2.3,2019,7
DJ Chark,WR,12.5,10.3,2019,7
Frank Gore,RB,12.5,7.6,2019,7
Michael Gallup,WR,12.4,6.4,2019,7
Mark Ingram,RB,12.3,6.3,2019,7
Joe Flacco,QB,12.0,6.52,2019,7
Teddy Bridgewater,QB,11.7,19.94,2019,7
Devin Singletary,RB,11.7,2.6,2019,7
T.Y. Hilton,WR,11.6,19.4,2019,7
Kenny Golladay,WR,11.4,3.1,2019,7
Royce Freeman,RB,10.8,16.7,2019,7
Mohamed Sanu,WR,10.5,1.3,2019,7
George Kittle,TE,10.4,6.8,2019,7
Carlos Hyde,RB,10.4,3.5,2019,7
Melvin Gordon,RB,10.2,8.9,2019,7
Zach Ertz,TE,10.2,5.8,2019,7
Jordan Howard,RB,10.1,7.6,2019,7
Emmanuel Sanders,WR,10.1,11.0,2019,7
LeSean McCoy,RB,10.0,9.6,2019,7
Alshon Jeffery,WR,10.0,5.8,2019,7
Phillip Dorsett,WR,9.9,13.6,2019,7
Matt Breida,RB,9.8,4.6,2019,7
Taylor Gabriel,WR,9.8,1.6,2019,7
Duke Williams,WR,9.7,3.3,2019,7
Robbie Chosen,WR,9.6,2.0,2019,7
Cole Beasley,WR,9.6,10.6,2019,7
Demarcus Robinson,WR,9.5,6.1,2019,7
Dede Westbrook,WR,9.5,17.7,2019,7
Tyler Lockett,WR,9.5,16.8,2019,7
Damien Williams,RB,9.5,2.6,2019,7
Mike Williams,WR,9.5,8.7,2019,7
Mark Andrews,TE,9.3,5.9,2019,7
Mecole Hardman,WR,9.3,10.8,2019,7
Kenyan Drake,RB,9.2,8.8,2019,7
Miles Sanders,RB,9.0,6.2,2019,7
Gerald Everett,TE,9.0,15.0,2019,7
Geronimo Allison,WR,8.8,7.3,2019,7
Darrel Williams,RB,8.8,2.6,2019,7
Randall Cobb,WR,8.7,4.9,2019,7
Jamison Crowder,WR,8.7,6.6,2019,7
Adrian Peterson,RB,8.6,6.1,2019,7
Tarik Cohen,RB,8.5,11.9,2019,7
David Montgomery,RB,8.5,1.9,2019,7
Marvin Jones,WR,8.4,43.3,2019,7
Tevin Coleman,RB,8.4,8.1,2019,7
Marquez Valdes-Scantling,WR,8.4,21.3,2019,7
Jason Witten,TE,8.1,7.3,2019,7
Darren Fells,TE,7.9,4.7,2019,7
Jamaal Williams,RB,7.9,13.1,2019,7
Giovani Bernard,RB,7.8,2.4,2019,7
DaeSean Hamilton,WR,7.6,2.4,2019,7
Paul Richardson,WR,7.5,0.0,2019,7
Golden Tate,WR,7.3,14.0,2019,7
Auden Tate,WR,7.3,9.5,2019,7
Duke Johnson,RB,7.3,7.6,2019,7
Trey Quinn,WR,7.2,5.0,2019,7
Noah Fant,TE,7.2,1.7,2019,7
Ted Ginn,WR,7.1,6.8,2019,7
Jimmy Graham,TE,7.1,16.5,2019,7
Evan Engram,TE,7.0,1.6,2019,7
Brandon Bolden,RB,6.7,8.1,2019,7
Demaryius Thomas,WR,6.6,7.2,2019,7
Hunter Henry,TE,6.5,15.7,2019,7
Dawson Knox,TE,6.5,4.2,2019,7
Foster Moreau,TE,6.4,10.4,2019,7
Corey Davis,WR,6.4,20.0,2019,7
Nelson Agholor,WR,6.4,4.4,2019,7
Tyreek Hill,WR,6.2,16.4,2019,7
Hunter Renfrow,WR,6.2,3.4,2019,7
Mark Walton,RB,6.1,6.8,2019,7
Adam Humphries,WR,6.1,8.0,2019,7
Latavius Murray,RB,6.1,32.0,2019,7
Chase Edmonds,RB,6.1,35.0,2019,7
Byron Pringle,WR,6.1,0.0,2019,7
KeeSean Johnson,WR,6.1,1.6,2019,7
Eric Ebron,TE,6.0,17.0,2019,7
DK Metcalf,WR,6.0,7.3,2019,7
Preston Williams,WR,5.9,12.2,2019,7
Tyler Higbee,TE,5.9,1.8,2019,7
DeVante Parker,WR,5.9,16.5,2019,7
Jack Doyle,TE,5.9,5.1,2019,7
Jordan Akins,TE,5.9,3.7,2019,7
A.J. Brown,WR,5.8,12.2,2019,7
Willie Snead,WR,5.8,0.2,2019,7
Raheem Mostert,RB,5.8,0.0,2019,7
Ito Smith,RB,5.8,0.7,2019,7
Keke Coutee,WR,5.8,11.9,2019,7
Jalen Richard,RB,5.7,1.7,2019,7
Tony Pollard,RB,5.6,2.8,2019,7
Dante Pettis,WR,5.6,0.0,2019,7
DeAndre Washington,RB,5.6,5.1,2019,7
Chris Conley,WR,5.5,13.3,2019,7
Jaron Brown,WR,5.5,9.0,2019,7
Nyheim Hines,RB,5.5,2.6,2019,7
Kyle Rudolph,TE,5.4,16.8,2019,7
Dion Lewis,RB,5.4,0.2,2019,7
Marquise Goodwin,WR,5.4,0.0,2019,7
Anthony Miller,WR,5.3,9.3,2019,7
T.J. Hockenson,TE,5.3,6.2,2019,7
Kenny Stills,WR,5.2,14.5,2019,7
Jakobi Meyers,WR,5.2,9.7,2019,7
Tyler Eifert,TE,5.2,3.0,2019,7
Jeff Wilson,RB,5.1,2.0,2019,7
Blake Jarwin,TE,5.0,7.1,2019,7
Alexander Mattison,RB,4.9,1.8,2019,7
Seth DeValve,TE,4.8,0.0,2019,7
Darius Slayton,WR,4.6,4.8,2019,7
Damiere Byrd,WR,4.6,1.4,2019,7
Dallas Goedert,TE,4.5,14.9,2019,7
Irv Smith,TE,4.5,11.0,2019,7
Darrell Henderson,RB,4.4,4.9,2019,7
Danny Amendola,WR,4.3,18.5,2019,7
Gus Edwards,RB,4.3,3.5,2019,7
Mack Hollins,WR,4.2,0.0,2019,7
Kalen Ballage,RB,4.2,6.7,2019,7
Trey Burton,TE,4.1,3.1,2019,7
Maxx Williams,TE,4.1,1.5,2019,7
C.J. Prosise,RB,4.0,1.7,2019,7
Ryquell Armstead,RB,3.8,0.3,2019,7
Zach Pascal,WR,3.8,28.6,2019,7
Seth Roberts,WR,3.7,1.9,2019,7
Miles Boykin,WR,3.7,7.5,2019,7
Lee Smith,TE,3.7,1.9,2019,7
Marvin Hall,WR,3.6,5.7,2019,7
Ryan Griffin,TE,3.4,1.1,2019,7
Hayden Hurst,TE,3.4,2.0,2019,7
J.D. McKissic,RB,3.4,8.0,2019,7
Isaiah McKenzie,WR,3.1,3.1,2019,7
Tavon Austin,WR,3.0,8.0,2019,7
Jordan Wilkins,RB,3.0,2.5,2019,7
Jonnu Smith,TE,2.9,9.4,2019,7
Jeremy Sprinkle,TE,2.8,3.3,2019,7
Jesse James,TE,2.7,1.7,2019,7
Nick Boyle,TE,2.7,3.0,2019,7
Adam Shaheen,TE,2.7,6.4,2019,7
Mike Gesicki,TE,2.6,8.1,2019,7
Bennie Fowler,WR,2.6,7.5,2019,7
Josh Hill,TE,2.5,13.3,2019,7
Bisi Johnson,WR,2.5,14.0,2019,7
Tajae Sharpe,WR,2.5,9.9,2019,7
Justin Hardy,WR,2.4,3.9,2019,7
Wendell Smallwood,RB,2.4,5.1,2019,7
Alex Erickson,WR,2.4,21.5,2019,7
Kelvin Harmon,WR,2.4,0.0,2019,7
Charles Clay,TE,2.3,2.2,2019,7
Luke Willson,TE,2.2,0.0,2019,7
Chester Rogers,WR,2.2,4.4,2019,7
Derek Carrier,TE,2.2,4.2,2019,7
Josh Reynolds,WR,2.1,0.0,2019,7
Cordarrelle Patterson,RB,2.1,10.3,2019,7
Troymaine Pope,RB,2.0,0.0,2019,7
Justice Hill,RB,2.0,0.0,2019,7
Ty Johnson,RB,1.9,9.7,2019,7
Russell Gage,WR,1.9,2.3,2019,7
Trent Sherfield,WR,1.9,1.4,2019,7
Rhett Ellison,TE,1.8,11.3,2019,7
Virgil Green,TE,1.8,1.9,2019,7
David Moore,WR,1.8,2.4,2019,7
Jake Kumerow,WR,1.7,13.4,2019,7
Javon Wims,WR,1.7,7.6,2019,7
Ameer Abdullah,RB,1.7,0.0,2019,7
Keelan Doss,WR,1.6,8.4,2019,7
Levine Toilolo,TE,1.6,1.2,2019,7
Drew Sample,TE,1.6,1.3,2019,7
Logan Thomas,TE,1.5,0.0,2019,7
Kendrick Bourne,WR,1.5,9.9,2019,7
Ben Braunecker,TE,1.4,0.0,2019,7
Albert Wilson,WR,1.4,3.2,2019,7
Trevor Davis,WR,1.4,4.6,2019,7
Allen Lazard,WR,1.3,7.2,2019,7
Pharoh Cooper,WR,1.3,6.9,2019,7
Bilal Powell,RB,1.3,0.3,2019,7
Jaeden Graham,TE,1.3,0.0,2019,7
Jason Moore,WR,1.1,0.0,2019,7
Blake Bell,TE,1.1,0.0,2019,7
Richie James,WR,1.0,5.0,2019,7
Ty Montgomery,WR,1.0,0.9,2019,7
Allen Hurns,WR,1.0,8.3,2019,7
Ross Dwelley,TE,1.0,1.2,2019,7
Steven Sims,WR,1.0,3.5,2019,7
Malik Turner,WR,0.9,3.4,2019,7
Keelan Cole,WR,0.9,7.2,2019,7
Cody Latimer,WR,0.9,7.3,2019,7
Daniel Brown,TE,0.9,0.0,2019,7
Geremy Davis,WR,0.8,0.0,2019,7
Durham Smythe,TE,0.8,0.0,2019,7
Chris Moore,WR,0.8,1.3,2019,7
Anthony Firkser,TE,0.7,3.7,2019,7
Danny Vitale,RB,0.7,6.3,2019,7
Boston Scott,RB,0.6,4.7,2019,7
Patrick DiMarco,RB,0.6,4.1,2019,7
Dalton Schultz,TE,0.6,0.0,2019,7
Taysom Hill,TE,0.6,9.5,2019,7
Diontae Spencer,WR,0.5,1.5,2019,7
Darius Jennings,WR,0.4,0.0,2019,7
Braxton Berrios,WR,0.4,1.1,2019,7
Isaiah Ford,WR,0.3,0.0,2019,7
Andre Roberts,WR,0.3,0.0,2019,7
Vyncint Smith,WR,0.3,0.0,2019,7
Kenjon Barner,RB,0.2,0.0,2019,7
De'Anthony Thomas,WR,0.2,0.0,2019,7
Deonte Harty,WR,0.2,0.0,2019,7
Cullen Gillaspia,RB,0.1,0.0,2019,7
Ashton Dulin,WR,0.1,0.0,2019,7
DeAndre Carter,WR,0.1,0.0,2019,7
Taiwan Jones,RB,0.1,0.0,2019,7
Mitchell Trubisky,QB,0.0,20.04,2019,7
Buddy Howell,RB,0.0,0.0,2019,7
Mike Thomas,WR,0.0,0.0,2019,7
Gunner Olszewski,WR,0.0,0.0,2019,7
Matthew Slater,WR,0.0,0.0,2019,7
Matt Moore,QB,0.0,8.58,2019,7
Derek Carr,QB,0.0,15.72,2019,7
Jarrett Stidham,QB,0.0,-0.2,2019,7
Jamal Agnew,WR,0.0,0.0,2019,7
Darrius Shepherd,WR,0.0,0.0,2019,7
JoJo Natson,WR,0.0,0.0,2019,7
Dwayne Washington,RB,0.0,1.6,2019,7
Andy Isabella,WR,0.0,2.8,2019,7
Sam Darnold,QB,0.0,-6.66,2019,7
Ryan Fitzpatrick,QB,0.0,20.58,2019,7
Eric Tomlinson,TE,0.0,1.1,2019,7
Cethan Carter,TE,0.0,0.0,2019,7
Johnny Mundt,TE,0.0,0.0,2019,7
Case Keenum,QB,0.0,3.08,2019,7
Russell Wilson,QB,30.8,15.68,2019,8
Leonard Fournette,RB,26.9,20.6,2019,8
Deshaun Watson,QB,25.1,27.76,2019,8
Todd Gurley,RB,23.2,10.4,2019,8
Jared Goff,QB,22.1,22.88,2019,8
Chris Godwin Jr.,WR,22.0,10.3,2019,8
Chris Carson,RB,21.7,15.0,2019,8
Aaron Rodgers,QB,21.2,27.1,2019,8
Matthew Stafford,QB,21.0,23.38,2019,8
Kirk Cousins,QB,20.4,11.6,2019,8
Saquon Barkley,RB,19.8,28.3,2019,8
Josh Allen,QB,19.7,17.26,2019,8
Gardner Minshew,QB,19.6,23.96,2019,8
Tom Brady,QB,19.6,18.36,2019,8
Cooper Kupp,WR,19.3,35.0,2019,8
Dalvin Cook,RB,19.3,28.1,2019,8
Jacoby Brissett,QB,19.2,9.48,2019,8
Christian McCaffrey,RB,19.1,27.5,2019,8
Marlon Mack,RB,18.5,16.0,2019,8
Jameis Winston,QB,18.1,19.34,2019,8
Stefon Diggs,WR,18.0,19.3,2019,8
Ryan Tannehill,QB,17.6,19.42,2019,8
Marvin Jones,WR,17.3,6.2,2019,8
DeAndre Hopkins,WR,17.1,21.9,2019,8
Julio Jones,WR,16.8,25.2,2019,8
Mike Evans,WR,16.7,42.8,2019,8
Kyler Murray,QB,16.6,10.1,2019,8
Nick Chubb,RB,16.5,10.8,2019,8
Allen Robinson,WR,16.3,11.2,2019,8
Le'Veon Bell,RB,16.1,6.5,2019,8
James Conner,RB,16.1,24.0,2019,8
Aaron Jones,RB,16.1,41.6,2019,8
Ryan Fitzpatrick,QB,16.0,11.3,2019,8
Austin Ekeler,RB,15.9,10.2,2019,8
Philip Rivers,QB,15.7,10.04,2019,8
Sony Michel,RB,15.5,7.4,2019,8
Derrick Henry,RB,15.3,7.3,2019,8
Austin Hooper,TE,15.1,18.5,2019,8
Daniel Jones,QB,15.1,28.18,2019,8
Michael Thomas,WR,14.9,27.3,2019,8
Tyler Lockett,WR,14.7,16.0,2019,8
Mitchell Trubisky,QB,14.6,7.12,2019,8
Sammy Watkins,WR,14.4,9.5,2019,8
Courtland Sutton,WR,14.4,10.2,2019,8
Darren Waller,TE,14.3,9.1,2019,8
Andy Dalton,QB,13.9,18.16,2019,8
Robert Woods,WR,13.6,6.2,2019,8
Tyrell Williams,WR,13.5,18.1,2019,8
John Brown,WR,13.5,10.4,2019,8
T.Y. Hilton,WR,13.4,7.4,2019,8
Kenny Golladay,WR,13.3,28.3,2019,8
Josh Jacobs,RB,13.3,10.1,2019,8
Teddy Bridgewater,QB,13.2,-0.2,2019,8
Keenan Allen,WR,13.0,12.3,2019,8
James White,RB,12.9,11.9,2019,8
Calvin Ridley,WR,12.9,13.0,2019,8
Kyle Allen,QB,12.7,0.32,2019,8
Travis Kelce,TE,12.7,16.3,2019,8
JuJu Smith-Schuster,WR,12.3,21.3,2019,8
Brandin Cooks,WR,12.1,0.0,2019,8
DJ Chark,WR,11.9,19.9,2019,8
Tyreek Hill,WR,11.8,14.1,2019,8
Julian Edelman,WR,11.7,27.5,2019,8
Carlos Hyde,RB,11.6,8.3,2019,8
Gerald Everett,TE,11.6,3.5,2019,8
Latavius Murray,RB,11.4,36.7,2019,8
Rex Burkhead,RB,11.3,2.3,2019,8
Carson Wentz,QB,11.2,14.38,2019,8
Melvin Gordon,RB,11.1,11.4,2019,8
Dede Westbrook,WR,10.9,0.0,2019,8
Jimmy Garoppolo,QB,10.8,13.0,2019,8
Phillip Lindsay,RB,10.7,12.6,2019,8
Tyler Boyd,WR,10.0,12.8,2019,8
Joe Mixon,RB,10.0,17.7,2019,8
Duke Johnson,RB,9.8,13.4,2019,8
Mike Williams,WR,9.8,9.9,2019,8
Tarik Cohen,RB,9.8,7.6,2019,8
Joe Flacco,QB,9.7,7.86,2019,8
Sam Darnold,QB,9.7,12.62,2019,8
Christian Kirk,WR,9.7,17.8,2019,8
Case Keenum,QB,9.6,3.2,2019,8
Terry McLaurin,WR,9.6,7.9,2019,8
Frank Gore,RB,9.5,3.4,2019,8
David Montgomery,RB,9.4,24.7,2019,8
Hunter Henry,TE,9.4,8.7,2019,8
Devonta Freeman,RB,9.3,16.2,2019,8
Royce Freeman,RB,9.2,11.5,2019,8
Baker Mayfield,QB,9.1,11.56,2019,8
Corey Davis,WR,9.0,2.9,2019,8
Cole Beasley,WR,8.9,13.1,2019,8
George Kittle,TE,8.9,14.6,2019,8
DK Metcalf,WR,8.9,16.3,2019,8
Larry Fitzgerald,WR,8.9,2.8,2019,8
LeSean McCoy,RB,8.8,8.3,2019,8
Vance McDonald,TE,8.8,4.9,2019,8
Jordan Howard,RB,8.7,18.1,2019,8
Golden Tate,WR,8.6,16.5,2019,8
Tevin Coleman,RB,8.5,37.8,2019,8
Danny Amendola,WR,8.5,17.5,2019,8
Emmanuel Sanders,WR,8.5,12.5,2019,8
Matt Breida,RB,8.4,6.0,2019,8
Diontae Johnson,WR,8.4,19.4,2019,8
Rashaad Penny,RB,8.3,5.5,2019,8
Kenny Stills,WR,8.3,5.2,2019,8
Phillip Dorsett,WR,8.0,7.3,2019,8
Devin Singletary,RB,7.9,14.9,2019,8
Mecole Hardman,WR,7.9,13.5,2019,8
Robbie Chosen,WR,7.8,8.3,2019,8
Eric Ebron,TE,7.7,5.6,2019,8
Damien Williams,RB,7.7,9.0,2019,8
Chase Edmonds,RB,7.7,3.3,2019,8
Jimmy Graham,TE,7.7,5.0,2019,8
Odell Beckham Jr.,WR,7.7,10.2,2019,8
A.J. Brown,WR,7.6,9.1,2019,8
Taylor Gabriel,WR,7.6,9.3,2019,8
Demarcus Robinson,WR,7.5,2.6,2019,8
Jamison Crowder,WR,7.5,5.4,2019,8
Adrian Peterson,RB,7.4,12.3,2019,8
Geronimo Allison,WR,7.4,1.7,2019,8
DJ Moore,WR,7.4,8.8,2019,8
Wayne Gallman,RB,7.4,3.0,2019,8
Darren Fells,TE,7.3,23.8,2019,8
Jamaal Williams,RB,7.2,18.6,2019,8
Marquez Valdes-Scantling,WR,7.2,1.4,2019,8
Evan Engram,TE,7.2,14.0,2019,8
Kyle Rudolph,TE,7.1,4.7,2019,8
Mohamed Sanu,WR,7.1,4.3,2019,8
Zach Pascal,WR,7.1,1.6,2019,8
Duke Williams,WR,7.0,1.6,2019,8
Anthony Miller,WR,7.0,9.7,2019,8
Alshon Jeffery,WR,7.0,10.4,2019,8
Miles Sanders,RB,7.0,22.8,2019,8
T.J. Hockenson,TE,7.0,3.1,2019,8
Jarvis Landry,WR,6.9,11.5,2019,8
Preston Williams,WR,6.9,8.2,2019,8
Adam Humphries,WR,6.9,5.4,2019,8
Darrel Williams,RB,6.8,1.0,2019,8
Ronald Jones,RB,6.8,6.2,2019,8
DeVante Parker,WR,6.7,11.9,2019,8
Chris Conley,WR,6.6,20.3,2019,8
Curtis Samuel,WR,6.5,8.6,2019,8
Darrell Henderson,RB,6.5,8.9,2019,8
Brandon Bolden,RB,6.4,0.0,2019,8
Peyton Barber,RB,6.3,3.8,2019,8
Demaryius Thomas,WR,6.3,11.3,2019,8
Jack Doyle,TE,6.2,10.1,2019,8
Foster Moreau,TE,6.2,2.0,2019,8
Tyler Higbee,TE,6.2,1.8,2019,8
Ted Ginn,WR,6.0,6.2,2019,8
Irv Smith,TE,5.9,5.1,2019,8
Auden Tate,WR,5.8,11.5,2019,8
Giovani Bernard,RB,5.8,6.5,2019,8
Mark Walton,RB,5.8,6.4,2019,8
Noah Fant,TE,5.7,7.6,2019,8
DaeSean Hamilton,WR,5.6,0.0,2019,8
Zach Ertz,TE,5.5,4.0,2019,8
Jordan Akins,TE,5.5,3.1,2019,8
Cameron Brate,TE,5.4,6.2,2019,8
Benjamin Watson,TE,5.4,3.6,2019,8
Trey Burton,TE,5.3,2.6,2019,8
Marvin Hall,WR,5.2,11.9,2019,8
Nyheim Hines,RB,5.2,7.6,2019,8
Darius Slayton,WR,5.1,19.0,2019,8
Jakobi Meyers,WR,5.1,1.5,2019,8
Trey Quinn,WR,5.1,2.5,2019,8
Hunter Renfrow,WR,5.0,18.8,2019,8
Alexander Mattison,RB,4.9,8.4,2019,8
Jeff Heuerman,TE,4.9,2.1,2019,8
Zay Jones,WR,4.9,4.7,2019,8
Paul Richardson,WR,4.7,6.4,2019,8
Deebo Samuel Sr.,WR,4.6,13.8,2019,8
Nelson Agholor,WR,4.6,5.4,2019,8
Greg Olsen,TE,4.6,3.3,2019,8
J.D. McKissic,RB,4.5,3.1,2019,8
Jalen Richard,RB,4.5,4.7,2019,8
DeAndre Washington,RB,4.4,3.7,2019,8
Dion Lewis,RB,4.4,1.2,2019,8
Dante Pettis,WR,4.4,1.5,2019,8
James Washington,WR,4.4,3.1,2019,8
Dawson Knox,TE,4.4,0.0,2019,8
Chester Rogers,WR,4.3,1.7,2019,8
Benny Snell,RB,4.2,1.3,2019,8
Bisi Johnson,WR,4.2,4.7,2019,8
Jonnu Smith,TE,4.1,19.8,2019,8
Jordan Wilkins,RB,4.0,0.5,2019,8
Alex Erickson,WR,4.0,15.7,2019,8
Breshad Perriman,WR,3.9,0.0,2019,8
Brian Hill,RB,3.9,8.9,2019,8
Raheem Mostert,RB,3.9,12.0,2019,8
Antonio Callaway,WR,3.8,3.1,2019,8
Scott Miller,WR,3.8,0.0,2019,8
Tyler Eifert,TE,3.8,13.4,2019,8
Kalen Ballage,RB,3.7,2.9,2019,8
Dare Ogunbowale,RB,3.7,1.1,2019,8
Jeff Wilson,RB,3.6,0.6,2019,8
Tajae Sharpe,WR,3.5,10.8,2019,8
Jacob Hollister,TE,3.5,3.8,2019,8
Adam Shaheen,TE,3.5,0.0,2019,8
Jakeem Grant,WR,3.5,5.2,2019,8
Dallas Goedert,TE,3.4,11.2,2019,8
Mike Gesicki,TE,3.3,3.0,2019,8
Nick Vannett,TE,3.3,2.5,2019,8
Mike Davis,RB,3.3,1.8,2019,8
Wendell Smallwood,RB,3.3,3.0,2019,8
Marcedes Lewis,TE,3.2,2.1,2019,8
Josh Hill,TE,3.2,6.9,2019,8
Seth DeValve,TE,3.1,2.1,2019,8
Ryquell Armstead,RB,3.1,0.7,2019,8
Zach Zenner,RB,3.0,2.3,2019,8
Bennie Fowler,WR,3.0,4.1,2019,8
Trent Sherfield,WR,3.0,0.0,2019,8
Rhett Ellison,TE,2.9,0.9,2019,8
Jake Kumerow,WR,2.9,6.8,2019,8
Jarius Wright,WR,2.9,3.2,2019,8
Dan Arnold,TE,2.8,4.5,2019,8
Maxx Williams,TE,2.8,1.9,2019,8
Ty Johnson,RB,2.8,4.8,2019,8
Dontrell Hilliard,RB,2.8,7.4,2019,8
Ryan Griffin,TE,2.8,24.6,2019,8
Damiere Byrd,WR,2.7,3.8,2019,8
Cordarrelle Patterson,RB,2.7,2.6,2019,8
David Moore,WR,2.6,3.5,2019,8
Robert Foster,WR,2.5,0.0,2019,8
Lee Smith,TE,2.5,1.6,2019,8
C.J. Uzomah,TE,2.5,1.4,2019,8
Parris Campbell,WR,2.5,0.0,2019,8
Austin Carr,WR,2.5,1.9,2019,8
Marqise Lee,WR,2.4,1.8,2019,8
Jeremy Sprinkle,TE,2.3,3.2,2019,8
Kendrick Bourne,WR,2.3,2.2,2019,8
Luke Willson,TE,2.2,1.7,2019,8
Allen Lazard,WR,2.2,9.2,2019,8
Justin Hardy,WR,2.2,4.3,2019,8
Reggie Bonnafon,RB,2.1,1.7,2019,8
MyCole Pruitt,TE,2.1,0.0,2019,8
Donte Moncrief,WR,2.1,0.0,2019,8
Virgil Green,TE,2.0,2.0,2019,8
Keelan Cole,WR,1.9,9.2,2019,8
Allen Hurns,WR,1.8,8.2,2019,8
Troymaine Pope,RB,1.7,0.0,2019,8
Ameer Abdullah,RB,1.7,0.0,2019,8
Logan Thomas,TE,1.7,2.7,2019,8
Charles Clay,TE,1.7,11.8,2019,8
Josh Reynolds,WR,1.7,16.2,2019,8
Russell Gage,WR,1.6,12.8,2019,8
Kelvin Harmon,WR,1.6,2.2,2019,8
Luke Stocker,TE,1.6,2.8,2019,8
Malik Turner,WR,1.6,3.1,2019,8
Trevor Davis,WR,1.6,2.4,2019,8
Alex Armah,RB,1.4,0.0,2019,8
Cody Latimer,WR,1.4,4.8,2019,8
Demetrius Harris,TE,1.4,11.3,2019,8
Albert Wilson,WR,1.4,7.5,2019,8
Tyler Kroft,TE,1.4,5.2,2019,8
Bilal Powell,RB,1.3,1.1,2019,8
J.P. Holtz,TE,1.3,0.0,2019,8
Richie James,WR,1.3,0.0,2019,8
Tra Carson,RB,1.3,3.4,2019,8
Laquon Treadwell,WR,1.3,1.1,2019,8
Anthony Firkser,TE,1.2,7.3,2019,8
Taysom Hill,TE,1.2,15.3,2019,8
Rashard Higgins,WR,1.1,1.2,2019,8
Fred Brown,WR,1.1,2.6,2019,8
Patrick DiMarco,RB,1.1,0.0,2019,8
Boston Scott,RB,1.1,6.6,2019,8
Steven Sims,WR,1.0,0.0,2019,8
Danny Vitale,RB,1.0,0.0,2019,8
Pharoh Cooper,WR,1.0,0.0,2019,8
Nick O'Leary,TE,0.9,0.0,2019,8
Pharaoh Brown,TE,0.9,0.0,2019,8
Ty Montgomery,WR,0.8,0.0,2019,8
Darwin Thompson,RB,0.8,0.9,2019,8
Blake Bell,TE,0.8,0.0,2019,8
Ryan Switzer,WR,0.7,0.0,2019,8
Jaeden Graham,TE,0.7,2.1,2019,8
Geremy Davis,WR,0.7,0.0,2019,8
Diontae Spencer,WR,0.6,4.3,2019,8
Antony Auclair,TE,0.5,0.0,2019,8
Braxton Berrios,WR,0.5,0.0,2019,8
Josh Bellamy,WR,0.5,0.0,2019,8
Ian Thomas,TE,0.4,0.0,2019,8
Dwayne Washington,RB,0.4,3.8,2019,8
Dwayne Harris,WR,0.4,0.0,2019,8
Stanley Morgan,WR,0.3,1.3,2019,8
T.J. Logan,RB,0.3,0.0,2019,8
Andre Roberts,WR,0.2,0.0,2019,8
Kenjon Barner,RB,0.2,0.1,2019,8
Vyncint Smith,WR,0.2,4.3,2019,8
Deonte Harty,WR,0.1,3.7,2019,8
Evan Baylis,TE,0.1,0.0,2019,8
DeAndre Carter,WR,0.1,5.6,2019,8
Brandon Zylstra,WR,0.1,0.0,2019,8
Jordan Scarlett,RB,0.0,0.9,2019,8
Mike Thomas,WR,0.0,0.0,2019,8
Drew Brees,QB,0.0,24.92,2019,8
Tyler Ervin,RB,0.0,0.0,2019,8
Cullen Gillaspia,RB,0.0,0.0,2019,8
Darrell Daniels,TE,0.0,0.0,2019,8
KhaDarel Hodge,WR,0.0,0.0,2019,8
Derek Carr,QB,0.0,23.4,2019,8
Matthew Slater,WR,0.0,0.0,2019,8
Darrius Shepherd,WR,0.0,0.0,2019,8
Ashton Dulin,WR,0.0,0.0,2019,8
Jamal Agnew,WR,0.0,0.0,2019,8
Gunner Olszewski,WR,0.0,0.0,2019,8
JoJo Natson,WR,0.0,0.0,2019,8
Mason Rudolph,QB,0.0,16.04,2019,8
Matt Schaub,QB,0.0,20.4,2019,8
Matt Moore,QB,0.0,18.98,2019,8
Deshaun Watson,QB,27.0,19.74,2019,9
Ezekiel Elliott,RB,25.8,13.9,2019,9
Russell Wilson,QB,24.6,39.22,2019,9
Christian McCaffrey,RB,24.5,37.6,2019,9
Nick Chubb,RB,23.6,13.1,2019,9
Aaron Rodgers,QB,23.4,12.94,2019,9
Leonard Fournette,RB,21.7,12.2,2019,9
Dak Prescott,QB,21.0,21.48,2019,9
Matthew Stafford,QB,20.5,24.84,2019,9
Dalvin Cook,RB,20.5,15.6,2019,9
Ryan Fitzpatrick,QB,20.2,23.72,2019,9
Aaron Jones,RB,18.5,3.9,2019,9
Mike Evans,WR,18.4,36.0,2019,9
Gardner Minshew,QB,18.3,7.76,2019,9
Jameis Winston,QB,18.0,20.2,2019,9
Josh Allen,QB,18.0,17.6,2019,9
Chris Carson,RB,17.8,13.3,2019,9
Philip Rivers,QB,17.7,11.76,2019,9
Chris Godwin Jr.,WR,17.5,13.9,2019,9
Courtland Sutton,WR,17.4,17.3,2019,9
Kirk Cousins,QB,17.4,21.3,2019,9
Allen Robinson,WR,17.2,1.6,2019,9
DeAndre Hopkins,WR,17.2,19.4,2019,9
Davante Adams,WR,17.1,11.1,2019,9
Amari Cooper,WR,16.7,18.0,2019,9
Lamar Jackson,QB,16.5,28.62,2019,9
Carson Wentz,QB,16.2,15.06,2019,9
Stefon Diggs,WR,15.8,2.6,2019,9
Austin Ekeler,RB,15.6,13.3,2019,9
Josh Jacobs,RB,15.6,24.0,2019,9
Saquon Barkley,RB,15.5,15.5,2019,9
Tom Brady,QB,15.3,13.4,2019,9
Phillip Lindsay,RB,15.3,15.2,2019,9
Mitchell Trubisky,QB,15.1,6.5,2019,9
Le'Veon Bell,RB,15.0,20.1,2019,9
Derrick Henry,RB,14.9,24.9,2019,9
Kenny Golladay,WR,14.5,23.2,2019,9
Kyle Allen,QB,14.5,14.88,2019,9
Tyrell Williams,WR,14.4,7.8,2019,9
Marvin Jones,WR,14.3,26.6,2019,9
Ryan Tannehill,QB,14.1,23.04,2019,9
Adam Thielen,WR,14.0,0.0,2019,9
Darren Waller,TE,13.9,7.2,2019,9
Jacoby Brissett,QB,13.8,2.76,2019,9
Tevin Coleman,RB,13.7,5.6,2019,9
DeSean Jackson,WR,13.4,1.5,2019,9
Keenan Allen,WR,13.0,7.0,2019,9
Baker Mayfield,QB,13.0,17.12,2019,9
Daniel Jones,QB,12.9,11.8,2019,9
Melvin Gordon,RB,12.8,25.9,2019,9
Royce Freeman,RB,12.8,2.4,2019,9
Marlon Mack,RB,12.7,8.9,2019,9
Mason Rudolph,QB,12.2,10.14,2019,9
Jimmy Garoppolo,QB,12.2,28.88,2019,9
Sam Darnold,QB,12.2,12.5,2019,9
Carlos Hyde,RB,11.7,14.0,2019,9
Kyler Murray,QB,11.7,23.04,2019,9
David Montgomery,RB,11.6,22.6,2019,9
John Brown,WR,11.4,11.6,2019,9
Matt Moore,QB,11.4,15.0,2019,9
Jordan Howard,RB,11.3,15.3,2019,9
Mark Ingram,RB,11.1,14.4,2019,9
Tyler Lockett,WR,11.1,40.2,2019,9
JuJu Smith-Schuster,WR,10.6,4.6,2019,9
Odell Beckham Jr.,WR,10.6,13.2,2019,9
Miles Sanders,RB,10.6,10.3,2019,9
Julian Edelman,WR,10.5,16.9,2019,9
Sony Michel,RB,10.5,4.0,2019,9
James White,RB,10.4,16.4,2019,9
DJ Chark,WR,10.3,7.2,2019,9
George Kittle,TE,10.3,19.9,2019,9
DJ Moore,WR,10.2,17.1,2019,9
Mike Williams,WR,10.0,14.3,2019,9
Michael Gallup,WR,9.8,11.3,2019,9
Tarik Cohen,RB,9.7,3.6,2019,9
Jarvis Landry,WR,9.7,17.1,2019,9
DeVante Parker,WR,9.7,15.7,2019,9
Darren Fells,TE,9.7,7.1,2019,9
Alshon Jeffery,WR,9.6,7.6,2019,9
Danny Amendola,WR,9.4,5.9,2019,9
Curtis Samuel,WR,9.3,16.4,2019,9
Hunter Henry,TE,9.2,15.4,2019,9
Preston Williams,WR,9.1,24.2,2019,9
Taylor Gabriel,WR,9.0,9.9,2019,9
Emmanuel Sanders,WR,8.9,24.2,2019,9
Duke Johnson,RB,8.9,19.1,2019,9
Cole Beasley,WR,8.9,9.3,2019,9
Matt Breida,RB,8.8,11.2,2019,9
Anthony Miller,WR,8.7,0.0,2019,9
Devin Singletary,RB,8.6,23.0,2019,9
Robbie Chosen,WR,8.5,5.3,2019,9
Zach Ertz,TE,8.3,25.3,2019,9
Sammy Watkins,WR,8.3,13.3,2019,9
Tyreek Hill,WR,8.1,26.5,2019,9
Adrian Peterson,RB,8.1,14.0,2019,9
Kenny Stills,WR,8.0,9.2,2019,9
Frank Gore,RB,8.0,1.5,2019,9
Jamaal Williams,RB,7.9,16.9,2019,9
Demaryius Thomas,WR,7.9,3.9,2019,9
Travis Kelce,TE,7.6,13.2,2019,9
Justin Jackson,RB,7.5,2.4,2019,9
Diontae Johnson,WR,7.5,1.5,2019,9
Zach Zenner,RB,7.5,-0.3,2019,9
Randall Cobb,WR,7.5,7.5,2019,9
Mark Andrews,TE,7.5,4.1,2019,9
DK Metcalf,WR,7.4,27.0,2019,9
Geronimo Allison,WR,7.4,4.1,2019,9
Mark Walton,RB,7.4,7.1,2019,9
Christian Kirk,WR,7.2,3.6,2019,9
Terry McLaurin,WR,7.2,7.9,2019,9
Hunter Renfrow,WR,7.1,17.4,2019,9
Jimmy Graham,TE,7.1,5.7,2019,9
Golden Tate,WR,7.1,11.8,2019,9
Vance McDonald,TE,7.0,14.0,2019,9
Rex Burkhead,RB,7.0,4.4,2019,9
Jason Witten,TE,7.0,13.8,2019,9
Jamison Crowder,WR,7.0,22.3,2019,9
Rashaad Penny,RB,6.8,1.2,2019,9
Marquez Valdes-Scantling,WR,6.8,0.0,2019,9
LeSean McCoy,RB,6.8,1.9,2019,9
Marquise Brown,WR,6.8,7.8,2019,9
Chris Conley,WR,6.8,5.2,2019,9
Noah Fant,TE,6.7,20.5,2019,9
Corey Davis,WR,6.5,8.8,2019,9
Greg Olsen,TE,6.4,7.0,2019,9
Phillip Dorsett,WR,6.4,3.3,2019,9
Kyle Rudolph,TE,6.4,11.3,2019,9
Ronald Jones,RB,6.4,16.2,2019,9
Dallas Goedert,TE,6.2,7.9,2019,9
A.J. Brown,WR,6.0,12.1,2019,9
Foster Moreau,TE,6.0,7.3,2019,9
Evan Engram,TE,5.9,11.0,2019,9
T.J. Hockenson,TE,5.9,8.6,2019,9
Damien Williams,RB,5.9,20.8,2019,9
Nelson Agholor,WR,5.9,5.1,2019,9
Alexander Mattison,RB,5.7,0.6,2019,9
Kenyan Drake,RB,5.6,28.2,2019,9
Peyton Barber,RB,5.6,1.5,2019,9
Larry Fitzgerald,WR,5.5,7.8,2019,9
Adam Humphries,WR,5.5,10.5,2019,9
Irv Smith,TE,5.5,7.3,2019,9
Marvin Hall,WR,5.4,0.7,2019,9
Ryan Griffin,TE,5.3,11.0,2019,9
Raheem Mostert,RB,5.3,-0.2,2019,9
Mohamed Sanu,WR,5.3,24.1,2019,9
Tony Pollard,RB,5.2,4.0,2019,9
Eric Ebron,TE,5.2,3.6,2019,9
Jordan Akins,TE,5.1,5.4,2019,9
Zay Jones,WR,5.0,5.4,2019,9
Jaylen Samuels,RB,5.0,19.3,2019,9
DeAndre Washington,RB,5.0,3.8,2019,9
Antonio Callaway,WR,4.9,9.6,2019,9
Mecole Hardman,WR,4.9,0.7,2019,9
Jonnu Smith,TE,4.9,4.8,2019,9
Trey Burton,TE,4.8,0.0,2019,9
Deebo Samuel Sr.,WR,4.8,8.0,2019,9
Darius Slayton,WR,4.8,1.6,2019,9
Dontrell Hilliard,RB,4.8,3.4,2019,9
Jack Doyle,TE,4.8,11.2,2019,9
Wayne Gallman,RB,4.7,0.0,2019,9
Jalen Richard,RB,4.7,9.8,2019,9
Dante Pettis,WR,4.7,9.1,2019,9
Blake Jarwin,TE,4.7,11.2,2019,9
Mack Hollins,WR,4.6,0.0,2019,9
Dion Lewis,RB,4.6,8.3,2019,9
Zach Pascal,WR,4.5,18.6,2019,9
Willie Snead,WR,4.5,3.5,2019,9
Brandon Bolden,RB,4.5,0.0,2019,9
Gus Edwards,RB,4.5,8.7,2019,9
Darrel Williams,RB,4.3,0.1,2019,9
Demarcus Robinson,WR,4.3,1.5,2019,9
Nyheim Hines,RB,4.2,3.8,2019,9
Kalen Ballage,RB,4.1,1.9,2019,9
Jarius Wright,WR,4.1,-0.7,2019,9
Benjamin Watson,TE,4.1,6.8,2019,9
J.D. McKissic,RB,3.9,16.2,2019,9
Darren Sproles,RB,3.9,2.0,2019,9
Jake Kumerow,WR,3.8,0.0,2019,9
Trey Quinn,WR,3.8,1.9,2019,9
Paul Richardson,WR,3.8,8.2,2019,9
Dawson Knox,TE,3.7,3.4,2019,9
Allen Lazard,WR,3.7,7.4,2019,9
Mike Gesicki,TE,3.7,15.5,2019,9
Miles Boykin,WR,3.6,0.0,2019,9
Isaiah McKenzie,WR,3.6,4.2,2019,9
Bisi Johnson,WR,3.5,7.4,2019,9
Demetrius Harris,TE,3.4,5.5,2019,9
KeeSean Johnson,WR,3.4,10.2,2019,9
Dare Ogunbowale,RB,3.4,8.3,2019,9
Tajae Sharpe,WR,3.3,5.1,2019,9
Jeff Wilson,RB,3.3,1.2,2019,9
Ricky Seals-Jones,TE,3.3,3.2,2019,9
Ty Johnson,RB,3.3,6.6,2019,9
Allen Hurns,WR,3.1,3.6,2019,9
Jesse James,TE,3.1,1.3,2019,9
Chester Rogers,WR,3.1,11.2,2019,9
Jacob Hollister,TE,3.1,19.7,2019,9
James Washington,WR,3.0,10.9,2019,9
Breshad Perriman,WR,3.0,14.2,2019,9
Hayden Hurst,TE,2.9,3.5,2019,9
Cordarrelle Patterson,RB,2.9,1.5,2019,9
Wendell Smallwood,RB,2.9,2.3,2019,9
Seth Roberts,WR,2.9,0.0,2019,9
Adam Shaheen,TE,2.8,0.0,2019,9
Nick Vannett,TE,2.7,0.0,2019,9
Reggie Bonnafon,RB,2.7,2.3,2019,9
Deon Cain,WR,2.7,0.0,2019,9
Seth DeValve,TE,2.6,8.1,2019,9
Jakeem Grant,WR,2.5,6.3,2019,9
Albert Wilson,WR,2.5,1.3,2019,9
Ryquell Armstead,RB,2.4,11.5,2019,9
Scott Miller,WR,2.4,0.0,2019,9
Nick Boyle,TE,2.3,13.7,2019,9
Trevor Davis,WR,2.3,0.0,2019,9
Kendrick Bourne,WR,2.3,7.7,2019,9
Jordan Wilkins,RB,2.2,2.2,2019,9
Tyler Kroft,TE,2.2,0.0,2019,9
Maxx Williams,TE,2.1,2.2,2019,9
Charles Clay,TE,2.1,1.6,2019,9
Virgil Green,TE,2.1,0.0,2019,9
Tavon Austin,WR,2.1,0.0,2019,9
Derek Carrier,TE,2.1,2.7,2019,9
David Moore,WR,2.1,3.8,2019,9
Luke Willson,TE,2.0,4.0,2019,9
Byron Pringle,WR,2.0,0.0,2019,9
Troy Fumagalli,TE,2.0,1.9,2019,9
Rhett Ellison,TE,2.0,3.7,2019,9
Jeremy Sprinkle,TE,1.8,2.6,2019,9
Justice Hill,RB,1.8,0.7,2019,9
MyCole Pruitt,TE,1.7,0.0,2019,9
Anthony Firkser,TE,1.7,0.0,2019,9
Logan Thomas,TE,1.7,2.3,2019,9
Bennie Fowler,WR,1.6,5.2,2019,9
Bilal Powell,RB,1.6,1.6,2019,9
Keelan Cole,WR,1.6,13.0,2019,9
Mo Alie-Cox,TE,1.5,2.1,2019,9
Laquon Treadwell,WR,1.4,8.8,2019,9
Paul Perkins,RB,1.4,1.6,2019,9
Ameer Abdullah,RB,1.4,8.8,2019,9
Diontae Spencer,WR,1.4,-1.0,2019,9
Cody Latimer,WR,1.3,8.8,2019,9
Parris Campbell,WR,1.3,13.0,2019,9
Richie James,WR,1.3,0.0,2019,9
Ross Dwelley,TE,1.1,6.9,2019,9
Marcell Ateman,WR,1.1,4.4,2019,9
Steven Sims,WR,1.0,2.2,2019,9
Rashard Higgins,WR,1.0,0.0,2019,9
DeAndre Carter,WR,0.9,1.8,2019,9
Danny Vitale,RB,0.9,0.0,2019,9
Durham Smythe,TE,0.9,0.0,2019,9
Vyncint Smith,WR,0.8,3.0,2019,9
Trent Sherfield,WR,0.8,0.0,2019,9
Kelvin Harmon,WR,0.8,1.6,2019,9
Daniel Brown,TE,0.7,0.0,2019,9
Chris Moore,WR,0.7,0.0,2019,9
Mike Boone,RB,0.7,0.0,2019,9
Patrick Ricard,RB,0.7,1.8,2019,9
Patrick DiMarco,RB,0.7,0.0,2019,9
Ryan Switzer,WR,0.5,0.0,2019,9
Nick Bawden,RB,0.5,0.0,2019,9
Blake Bell,TE,0.4,1.2,2019,9
Pharoh Cooper,WR,0.4,3.5,2019,9
Robert Foster,WR,0.4,0.0,2019,9
Braxton Berrios,WR,0.4,0.0,2019,9
Antony Auclair,TE,0.4,2.1,2019,9
Andy Isabella,WR,0.3,15.8,2019,9
Trey Edmunds,RB,0.3,7.3,2019,9
Josh Oliver,TE,0.3,1.4,2019,9
Johnny Holton,WR,0.3,0.0,2019,9
T.J. Logan,RB,0.2,1.2,2019,9
Andre Roberts,WR,0.1,0.0,2019,9
Juwann Winfree,WR,0.1,0.0,2019,9
Taiwan Jones,RB,0.1,0.0,2019,9
Kalif Raymond,WR,0.1,3.9,2019,9
Ventell Bryant,WR,0.0,0.0,2019,9
Jamize Olawale,RB,0.0,0.0,2019,9
Devontae Booker,RB,0.0,2.4,2019,9
Jamal Agnew,WR,0.0,0.0,2019,9
KhaDarel Hodge,WR,0.0,2.0,2019,9
Darrell Daniels,TE,0.0,0.0,2019,9
Tanner Hudson,TE,0.0,2.2,2019,9
Derek Carr,QB,0.0,19.56,2019,9
Christian McCaffrey,RB,33.0,26.1,2019,10
Lamar Jackson,QB,28.9,33.42,2019,10
Aaron Rodgers,QB,21.8,10.02,2019,10
Alvin Kamara,RB,21.4,15.4,2019,10
Ezekiel Elliott,RB,20.7,8.3,2019,10
Mike Evans,WR,20.5,12.2,2019,10
Julio Jones,WR,20.1,10.9,2019,10
Jameis Winston,QB,19.5,18.32,2019,10
Josh Allen,QB,18.8,25.44,2019,10
Dak Prescott,QB,18.2,25.88,2019,10
Russell Wilson,QB,18.2,16.58,2019,10
Marlon Mack,RB,18.1,9.2,2019,10
Saquon Barkley,RB,17.8,8.1,2019,10
Nick Chubb,RB,17.6,14.1,2019,10
Derrick Henry,RB,17.5,33.1,2019,10
Ryan Tannehill,QB,17.4,18.94,2019,10
Kyler Murray,QB,17.4,26.76,2019,10
Daniel Jones,QB,17.2,30.32,2019,10
Mark Ingram,RB,17.2,9.4,2019,10
Michael Thomas,WR,16.9,28.2,2019,10
Latavius Murray,RB,16.7,3.9,2019,10
Austin Hooper,TE,16.4,11.7,2019,10
Chris Godwin Jr.,WR,16.3,13.4,2019,10
Aaron Jones,RB,16.1,27.3,2019,10
Kyle Allen,QB,16.0,13.48,2019,10
Josh Jacobs,RB,15.7,19.1,2019,10
Cooper Kupp,WR,15.6,0.0,2019,10
Jimmy Garoppolo,QB,15.6,10.02,2019,10
Davante Adams,WR,15.4,18.8,2019,10
Philip Rivers,QB,15.4,10.28,2019,10
Ryan Fitzpatrick,QB,15.2,13.06,2019,10
Le'Veon Bell,RB,15.1,16.8,2019,10
Dalvin Cook,RB,15.0,31.3,2019,10
Jared Goff,QB,15.0,3.72,2019,10
Kirk Cousins,QB,15.0,19.3,2019,10
Chris Carson,RB,14.4,19.1,2019,10
Melvin Gordon,RB,14.2,20.3,2019,10
Calvin Ridley,WR,14.2,7.7,2019,10
Austin Ekeler,RB,14.1,12.8,2019,10
Tyreek Hill,WR,13.6,33.0,2019,10
Amari Cooper,WR,13.6,31.7,2019,10
Allen Robinson,WR,13.2,14.6,2019,10
Mitchell Trubisky,QB,13.0,19.72,2019,10
Todd Gurley,RB,13.0,7.3,2019,10
Marvin Jones,WR,12.9,12.7,2019,10
Stefon Diggs,WR,12.7,7.9,2019,10
David Montgomery,RB,12.5,6.0,2019,10
Kenny Golladay,WR,12.5,14.7,2019,10
Tevin Coleman,RB,12.0,11.2,2019,10
David Johnson,RB,11.8,0.0,2019,10
Tyrell Williams,WR,11.7,5.5,2019,10
Emmanuel Sanders,WR,11.5,4.4,2019,10
Keenan Allen,WR,11.3,16.6,2019,10
DJ Moore,WR,11.0,21.0,2019,10
Sam Darnold,QB,10.9,21.7,2019,10
Mason Rudolph,QB,10.9,13.58,2019,10
Joe Mixon,RB,10.6,17.1,2019,10
John Brown,WR,10.6,12.7,2019,10
Devin Singletary,RB,10.5,8.0,2019,10
Sammy Watkins,WR,10.5,10.1,2019,10
Baker Mayfield,QB,10.4,17.62,2019,10
Mark Andrews,TE,10.3,23.3,2019,10
Darren Waller,TE,10.2,7.0,2019,10
Devonta Freeman,RB,9.9,7.8,2019,10
Mike Williams,WR,9.9,7.5,2019,10
Tyler Boyd,WR,9.8,12.2,2019,10
JuJu Smith-Schuster,WR,9.8,7.4,2019,10
Travis Kelce,TE,9.8,20.5,2019,10
Curtis Samuel,WR,9.8,13.5,2019,10
Tyler Lockett,WR,9.7,5.9,2019,10
Kenyan Drake,RB,9.5,10.1,2019,10
Marquise Brown,WR,9.5,18.0,2019,10
Jamison Crowder,WR,9.3,19.1,2019,10
Hunter Henry,TE,9.2,13.0,2019,10
Golden Tate,WR,9.0,25.5,2019,10
Damien Williams,RB,9.0,13.9,2019,10
Jamaal Williams,RB,8.9,6.3,2019,10
Matt Breida,RB,8.7,4.5,2019,10
Robert Woods,WR,8.5,16.5,2019,10
Taylor Gabriel,WR,8.5,13.8,2019,10
O.J. Howard,TE,8.3,14.7,2019,10
Ronald Jones,RB,8.3,22.6,2019,10
Robbie Chosen,WR,8.3,2.1,2019,10
Cole Beasley,WR,8.1,11.4,2019,10
Odell Beckham Jr.,WR,8.1,10.7,2019,10
Christian Kirk,WR,8.0,37.8,2019,10
Hunter Renfrow,WR,7.8,8.2,2019,10
Anthony Miller,WR,7.8,1.7,2019,10
Michael Gallup,WR,7.8,17.6,2019,10
Tarik Cohen,RB,7.7,13.7,2019,10
Jarvis Landry,WR,7.7,24.7,2019,10
Zach Pascal,WR,7.7,4.6,2019,10
Gus Edwards,RB,7.6,1.7,2019,10
DeVante Parker,WR,7.6,11.9,2019,10
Demaryius Thomas,WR,7.5,14.4,2019,10
Tre'Quan Smith,WR,7.4,2.3,2019,10
Danny Amendola,WR,7.4,6.9,2019,10
Larry Fitzgerald,WR,7.3,15.1,2019,10
Ted Ginn,WR,7.3,0.5,2019,10
Jason Witten,TE,7.2,3.7,2019,10
Greg Olsen,TE,7.2,17.8,2019,10
Frank Gore,RB,7.2,2.6,2019,10
A.J. Brown,WR,6.9,2.7,2019,10
Jimmy Graham,TE,6.8,7.9,2019,10
Vance McDonald,TE,6.8,4.3,2019,10
Jack Doyle,TE,6.8,13.4,2019,10
Randall Cobb,WR,6.6,22.6,2019,10
Jake Kumerow,WR,6.6,4.3,2019,10
Gerald Everett,TE,6.6,14.8,2019,10
Jared Cook,TE,6.6,13.4,2019,10
Kyle Rudolph,TE,6.5,19.4,2019,10
Diontae Johnson,WR,6.3,10.4,2019,10
Giovani Bernard,RB,6.3,-0.2,2019,10
Eric Ebron,TE,6.3,10.6,2019,10
Adam Humphries,WR,6.3,9.3,2019,10
Willie Snead,WR,6.3,3.2,2019,10
DK Metcalf,WR,6.0,11.0,2019,10
Ryan Griffin,TE,5.9,0.8,2019,10
Nyheim Hines,RB,5.8,8.4,2019,10
Darius Slayton,WR,5.8,34.1,2019,10
Auden Tate,WR,5.7,6.6,2019,10
Jonnu Smith,TE,5.7,7.0,2019,10
Josh Gordon,WR,5.7,4.7,2019,10
Jalen Richard,RB,5.6,8.3,2019,10
Demarcus Robinson,WR,5.6,9.6,2019,10
Alex Erickson,WR,5.5,1.3,2019,10
Irv Smith,TE,5.5,8.4,2019,10
Mike Gesicki,TE,5.5,3.8,2019,10
Peyton Barber,RB,5.4,11.7,2019,10
Jaylen Samuels,RB,5.4,7.0,2019,10
Deebo Samuel Sr.,WR,5.4,19.2,2019,10
Marquez Valdes-Scantling,WR,5.3,0.0,2019,10
Nick Boyle,TE,5.2,11.8,2019,10
Breshad Perriman,WR,5.1,3.7,2019,10
Zay Jones,WR,5.0,2.0,2019,10
Dante Pettis,WR,5.0,0.0,2019,10
Chester Rogers,WR,4.9,5.1,2019,10
Wayne Gallman,RB,4.9,1.5,2019,10
T.J. Hockenson,TE,4.8,7.7,2019,10
Darrell Henderson,RB,4.7,0.4,2019,10
Tyler Eifert,TE,4.7,10.0,2019,10
Blake Jarwin,TE,4.6,6.5,2019,10
DeAndre Washington,RB,4.5,3.9,2019,10
Hayden Hurst,TE,4.5,4.0,2019,10
Rashaad Penny,RB,4.5,-1.8,2019,10
KeeSean Johnson,WR,4.4,0.0,2019,10
Allen Lazard,WR,4.4,5.7,2019,10
J.D. McKissic,RB,4.4,11.5,2019,10
Marquise Goodwin,WR,4.4,0.0,2019,10
Mecole Hardman,WR,4.3,13.3,2019,10
Trey Burton,TE,4.3,0.0,2019,10
Tony Pollard,RB,4.2,-0.4,2019,10
James Washington,WR,4.1,19.0,2019,10
Dawson Knox,TE,4.1,9.5,2019,10
Darrel Williams,RB,4.0,2.5,2019,10
Russell Gage,WR,3.9,6.3,2019,10
Geronimo Allison,WR,3.8,3.6,2019,10
Malcolm Brown,RB,3.7,1.0,2019,10
Dare Ogunbowale,RB,3.7,5.4,2019,10
Tajae Sharpe,WR,3.7,3.0,2019,10
Alexander Mattison,RB,3.5,6.4,2019,10
Dontrell Hilliard,RB,3.5,0.0,2019,10
Ty Johnson,RB,3.5,2.9,2019,10
Brian Hill,RB,3.5,14.1,2019,10
Raheem Mostert,RB,3.5,4.5,2019,10
Isaiah McKenzie,WR,3.5,3.9,2019,10
Tyler Higbee,TE,3.5,5.2,2019,10
Jordan Wilkins,RB,3.4,2.0,2019,10
Josh Reynolds,WR,3.3,7.9,2019,10
Jarius Wright,WR,3.3,3.1,2019,10
Bisi Johnson,WR,3.3,4.5,2019,10
Maxx Williams,TE,3.1,2.5,2019,10
Byron Pringle,WR,3.0,0.0,2019,10
Kendrick Bourne,WR,3.0,16.2,2019,10
Kalen Ballage,RB,3.0,8.5,2019,10
Lee Smith,TE,2.9,0.0,2019,10
Charles Clay,TE,2.8,1.5,2019,10
D'Ernest Johnson,RB,2.8,0.0,2019,10
Jacob Hollister,TE,2.8,20.2,2019,10
Cordarrelle Patterson,RB,2.6,0.0,2019,10
Taysom Hill,TE,2.6,3.08,2019,10
Demetrius Harris,TE,2.5,4.8,2019,10
Trey Edmunds,RB,2.4,3.5,2019,10
Andre Patton,WR,2.4,0.0,2019,10
Bennie Fowler,WR,2.3,5.6,2019,10
Mo Alie-Cox,TE,2.2,0.0,2019,10
Allen Hurns,WR,2.2,5.2,2019,10
Jakeem Grant,WR,2.2,3.5,2019,10
Cody Latimer,WR,2.2,0.0,2019,10
Rhett Ellison,TE,2.2,7.2,2019,10
C.J. Uzomah,TE,2.1,0.0,2019,10
Ross Dwelley,TE,2.1,5.4,2019,10
Jesse James,TE,2.1,0.0,2019,10
Nick Vannett,TE,2.1,1.8,2019,10
Scott Miller,WR,2.0,5.3,2019,10
Justice Hill,RB,1.9,1.1,2019,10
Trevor Davis,WR,1.8,0.0,2019,10
Bilal Powell,RB,1.8,1.5,2019,10
Tyler Conklin,TE,1.6,0.0,2019,10
Albert Wilson,WR,1.6,1.0,2019,10
Anthony Firkser,TE,1.6,12.6,2019,10
David Moore,WR,1.5,0.0,2019,10
Ameer Abdullah,RB,1.4,0.0,2019,10
Tavon Austin,WR,1.4,0.7,2019,10
Paul Perkins,RB,1.4,2.8,2019,10
Logan Thomas,TE,1.4,3.9,2019,10
Deon Yelder,TE,1.3,1.7,2019,10
Laquon Treadwell,WR,1.2,2.0,2019,10
Richie James,WR,1.2,0.0,2019,10
Vyncint Smith,WR,1.1,0.0,2019,10
Drew Sample,TE,1.1,1.3,2019,10
Jaeden Graham,TE,1.0,0.0,2019,10
Pharoh Cooper,WR,1.0,4.9,2019,10
Lance Kendricks,TE,1.0,0.0,2019,10
Kalif Raymond,WR,0.9,6.2,2019,10
Patrick Ricard,RB,0.9,0.0,2019,10
Malik Turner,WR,0.9,5.5,2019,10
Jason Moore,WR,0.9,0.0,2019,10
Durham Smythe,TE,0.8,0.0,2019,10
Trent Sherfield,WR,0.8,0.0,2019,10
Ty Montgomery,WR,0.7,0.0,2019,10
Darwin Thompson,RB,0.7,1.7,2019,10
Danny Vitale,RB,0.7,0.0,2019,10
Troymaine Pope,RB,0.6,0.0,2019,10
Rashard Higgins,WR,0.6,7.7,2019,10
Blake Bell,TE,0.6,0.0,2019,10
Patrick DiMarco,RB,0.5,1.4,2019,10
Johnny Mundt,TE,0.5,1.9,2019,10
Ben Braunecker,TE,0.5,8.8,2019,10
Deonte Harty,WR,0.5,0.0,2019,10
Tony Brooks-James,RB,0.5,1.1,2019,10
Cody Core,WR,0.5,0.0,2019,10
T.J. Logan,RB,0.4,0.6,2019,10
Ryan Switzer,WR,0.4,0.0,2019,10
Olamide Zaccheaus,WR,0.4,0.0,2019,10
Justin Watson,WR,0.4,0.0,2019,10
Braxton Berrios,WR,0.4,0.0,2019,10
DeAndrew White,WR,0.4,0.0,2019,10
Stanley Morgan,WR,0.4,1.9,2019,10
Kenjon Barner,RB,0.3,1.2,2019,10
Johnny Holton,WR,0.3,0.0,2019,10
Nick Bawden,RB,0.3,1.3,2019,10
Robert Foster,WR,0.3,3.0,2019,10
Andy Isabella,WR,0.3,10.8,2019,10
Mike Boone,RB,0.3,0.0,2019,10
De'Anthony Thomas,WR,0.2,0.0,2019,10
Senorise Perry,RB,0.1,0.0,2019,10
Andre Roberts,WR,0.1,1.7,2019,10
Mike Thomas,WR,0.1,0.0,2019,10
Ashton Dulin,WR,0.0,0.0,2019,10
Jamal Agnew,WR,0.0,0.0,2019,10
JoJo Natson,WR,0.0,0.0,2019,10
Drew Brees,QB,0.0,11.48,2019,10
Trevon Wesco,TE,0.0,2.7,2019,10
Derek Carr,QB,0.0,13.12,2019,10
Darrell Daniels,TE,0.0,0.0,2019,10
Patrick Mahomes,QB,0.0,29.84,2019,10
Matt Ryan,QB,0.0,14.58,2019,10
Christian McCaffrey,RB,32.1,30.1,2019,11
Dak Prescott,QB,24.8,31.56,2019,11
Ezekiel Elliott,RB,23.2,19.3,2019,11
Dalvin Cook,RB,21.6,16.7,2019,11
Josh Allen,QB,20.9,33.84,2019,11
Lamar Jackson,QB,20.9,32.78,2019,11
Josh Jacobs,RB,20.7,13.4,2019,11
Drew Brees,QB,20.7,21.12,2019,11
Michael Thomas,WR,20.3,25.4,2019,11
Tom Brady,QB,20.1,8.54,2019,11
Kirk Cousins,QB,19.6,22.86,2019,11
Courtland Sutton,WR,19.2,18.82,2019,11
Deshaun Watson,QB,19.1,3.96,2019,11
Jameis Winston,QB,18.5,14.82,2019,11
Kyle Allen,QB,18.3,5.7,2019,11
Mike Evans,WR,18.2,10.9,2019,11
Alvin Kamara,RB,18.2,22.2,2019,11
Amari Cooper,WR,18.0,6.8,2019,11
Matt Ryan,QB,18.0,16.44,2019,11
Melvin Gordon,RB,17.4,12.0,2019,11
Brian Hoyer,QB,17.2,-0.2,2019,11
Tyreek Hill,WR,16.9,0.0,2019,11
Julio Jones,WR,16.8,14.7,2019,11
Chris Godwin Jr.,WR,16.4,13.7,2019,11
Leonard Fournette,RB,16.0,12.7,2019,11
Austin Ekeler,RB,15.8,21.2,2019,11
James White,RB,15.7,9.6,2019,11
Marlon Mack,RB,15.7,16.9,2019,11
Stefon Diggs,WR,15.6,23.1,2019,11
James Conner,RB,15.5,2.6,2019,11
Philip Rivers,QB,15.5,12.12,2019,11
Le'Veon Bell,RB,15.4,17.2,2019,11
Jimmy Garoppolo,QB,15.3,29.66,2019,11
Todd Gurley,RB,15.0,20.3,2019,11
Nick Chubb,RB,14.8,9.2,2019,11
Julian Edelman,WR,14.7,14.9,2019,11
Jared Goff,QB,14.6,5.22,2019,11
Latavius Murray,RB,14.6,5.2,2019,11
Mason Rudolph,QB,14.1,6.34,2019,11
DJ Moore,WR,14.0,17.5,2019,11
Cooper Kupp,WR,13.9,8.3,2019,11
DeAndre Hopkins,WR,13.7,15.0,2019,11
Baker Mayfield,QB,13.4,21.82,2019,11
Kenny Golladay,WR,13.2,4.4,2019,11
Kyler Murray,QB,13.2,26.7,2019,11
Marvin Jones,WR,13.1,19.9,2019,11
Darren Waller,TE,13.0,12.6,2019,11
Phillip Lindsay,RB,13.0,9.5,2019,11
Sony Michel,RB,12.9,6.4,2019,11
Dwayne Haskins,QB,12.9,17.06,2019,11
Carson Wentz,QB,12.8,12.26,2019,11
Tyrell Williams,WR,12.6,12.2,2019,11
Tevin Coleman,RB,12.4,9.2,2019,11
Ryan Fitzpatrick,QB,12.4,12.92,2019,11
Ryan Finley,QB,12.1,5.3,2019,11
Joe Mixon,RB,12.0,17.3,2019,11
Travis Kelce,TE,12.0,22.2,2019,11
John Brown,WR,11.9,34.7,2019,11
Curtis Samuel,WR,11.7,6.5,2019,11
Sam Darnold,QB,11.7,25.42,2019,11
Devin Singletary,RB,11.7,8.9,2019,11
Calvin Ridley,WR,11.6,28.3,2019,11
JuJu Smith-Schuster,WR,11.5,4.1,2019,11
Kareem Hunt,RB,11.5,11.8,2019,11
Emmanuel Sanders,WR,11.4,6.3,2019,11
Mitchell Trubisky,QB,11.4,10.0,2019,11
Mark Ingram,RB,10.8,23.5,2019,11
Adrian Peterson,RB,10.8,5.0,2019,11
Damien Williams,RB,10.7,2.3,2019,11
Keenan Allen,WR,10.6,21.1,2019,11
Sammy Watkins,WR,10.6,4.6,2019,11
Terry McLaurin,WR,10.5,9.9,2019,11
Allen Robinson,WR,10.5,5.5,2019,11
Michael Gallup,WR,10.4,23.8,2019,11
Jarvis Landry,WR,10.2,14.3,2019,11
Carlos Hyde,RB,10.1,12.5,2019,11
Hunter Renfrow,WR,10.1,11.6,2019,11
Royce Freeman,RB,10.0,5.5,2019,11
Randall Cobb,WR,10.0,21.5,2019,11
Jared Cook,TE,9.6,11.3,2019,11
David Montgomery,RB,9.5,6.0,2019,11
Odell Beckham Jr.,WR,9.5,10.0,2019,11
Rex Burkhead,RB,9.5,6.8,2019,11
Mark Andrews,TE,9.4,17.5,2019,11
Hunter Henry,TE,9.4,14.9,2019,11
Duke Johnson,RB,9.3,6.4,2019,11
Mohamed Sanu,WR,9.2,3.2,2019,11
Noah Fant,TE,9.1,9.3,2019,11
Jamison Crowder,WR,9.0,18.6,2019,11
Diontae Johnson,WR,8.9,3.7,2019,11
Vance McDonald,TE,8.9,6.3,2019,11
O.J. Howard,TE,8.8,0.0,2019,11
Marquise Brown,WR,8.8,4.3,2019,11
Cole Beasley,WR,8.8,7.8,2019,11
Gerald Everett,TE,8.8,3.0,2019,11
Mike Williams,WR,8.7,9.6,2019,11
Miles Sanders,RB,8.7,6.7,2019,11
Kyle Rudolph,TE,8.7,17.7,2019,11
Greg Olsen,TE,8.6,10.7,2019,11
Ronald Jones,RB,8.5,3.4,2019,11
Christian Kirk,WR,8.5,10.2,2019,11
Kenyan Drake,RB,8.2,14.0,2019,11
Zach Ertz,TE,8.0,18.4,2019,11
Jalen Richard,RB,7.9,1.7,2019,11
Jack Doyle,TE,7.9,0.0,2019,11
Phillip Dorsett,WR,7.6,12.3,2019,11
Danny Amendola,WR,7.6,8.7,2019,11
Tyler Boyd,WR,7.5,2.0,2019,11
LeSean McCoy,RB,7.5,15.7,2019,11
Eric Ebron,TE,7.5,6.7,2019,11
Jason Witten,TE,7.4,8.3,2019,11
Deebo Samuel Sr.,WR,7.4,21.4,2019,11
James Washington,WR,7.4,7.9,2019,11
Taylor Gabriel,WR,7.4,12.7,2019,11
Irv Smith,TE,7.4,11.0,2019,11
Nyheim Hines,RB,7.2,12.5,2019,11
Ted Ginn,WR,7.2,9.4,2019,11
Demaryius Thomas,WR,7.2,8.4,2019,11
Zach Pascal,WR,7.1,3.7,2019,11
Jaylen Samuels,RB,6.9,15.5,2019,11
Frank Gore,RB,6.9,5.5,2019,11
Tre'Quan Smith,WR,6.9,0.0,2019,11
Foster Moreau,TE,6.8,8.8,2019,11
DeVante Parker,WR,6.8,20.5,2019,11
DJ Chark,WR,6.6,30.4,2019,11
Derrius Guice,RB,6.5,13.9,2019,11
Robbie Chosen,WR,6.5,7.6,2019,11
Demarcus Robinson,WR,6.5,0.0,2019,11
Tarik Cohen,RB,6.5,18.4,2019,11
Darren Fells,TE,6.4,2.8,2019,11
Dede Westbrook,WR,6.3,7.2,2019,11
DaeSean Hamilton,WR,6.3,0.0,2019,11
Kenny Stills,WR,6.2,6.7,2019,11
T.J. Hockenson,TE,6.1,1.6,2019,11
Blake Jarwin,TE,6.0,5.8,2019,11
J.D. McKissic,RB,5.9,8.3,2019,11
Larry Fitzgerald,WR,5.8,12.7,2019,11
Mecole Hardman,WR,5.8,3.3,2019,11
Kendrick Bourne,WR,5.6,13.1,2019,11
Zay Jones,WR,5.6,5.5,2019,11
Brandon Bolden,RB,5.5,0.0,2019,11
Keke Coutee,WR,5.5,5.5,2019,11
DeAndre Washington,RB,5.4,3.3,2019,11
Dallas Goedert,TE,5.3,12.6,2019,11
Anthony Miller,WR,5.3,11.4,2019,11
Cameron Brate,TE,5.2,17.3,2019,11
Josh Hill,TE,5.2,2.8,2019,11
Giovani Bernard,RB,5.1,5.6,2019,11
Nick Boyle,TE,5.1,4.0,2019,11
Alexander Mattison,RB,5.1,0.5,2019,11
Brian Hill,RB,5.0,4.8,2019,11
Chester Rogers,WR,5.0,3.9,2019,11
Trey Quinn,WR,4.9,4.9,2019,11
Marcus Johnson,WR,4.9,13.8,2019,11
Nelson Agholor,WR,4.9,8.0,2019,11
Benjamin Watson,TE,4.8,8.2,2019,11
Dawson Knox,TE,4.8,11.2,2019,11
Breshad Perriman,WR,4.7,3.0,2019,11
Willie Snead,WR,4.7,3.3,2019,11
Peyton Barber,RB,4.7,9.1,2019,11
Jakobi Meyers,WR,4.5,1.7,2019,11
Josh Reynolds,WR,4.5,8.0,2019,11
Auden Tate,WR,4.4,9.6,2019,11
Chris Conley,WR,4.4,11.8,2019,11
Gus Edwards,RB,4.4,17.2,2019,11
Darrel Williams,RB,4.3,12.3,2019,11
Bisi Johnson,WR,4.3,9.5,2019,11
Raheem Mostert,RB,4.2,4.7,2019,11
Ryan Griffin,TE,4.2,21.9,2019,11
Tony Pollard,RB,4.1,17.6,2019,11
Isaiah McKenzie,WR,4.0,6.1,2019,11
Kalen Ballage,RB,4.0,12.7,2019,11
Miles Boykin,WR,4.0,0.0,2019,11
Matt LaCosse,TE,3.9,2.3,2019,11
Russell Gage,WR,3.9,5.2,2019,11
Jordan Akins,TE,3.9,2.5,2019,11
Malcolm Brown,RB,3.8,7.5,2019,11
Tyler Eifert,TE,3.8,5.1,2019,11
Ty Johnson,RB,3.7,1.6,2019,11
Hayden Hurst,TE,3.7,3.6,2019,11
Jarius Wright,WR,3.7,2.9,2019,11
Wendell Smallwood,RB,3.6,2.1,2019,11
Marvin Hall,WR,3.6,4.9,2019,11
Alex Erickson,WR,3.5,1.0,2019,11
Mike Gesicki,TE,3.4,5.8,2019,11
Trey Edmunds,RB,3.4,6.8,2019,11
Keelan Cole,WR,3.3,8.1,2019,11
Reggie Bonnafon,RB,3.2,2.8,2019,11
Dare Ogunbowale,RB,3.2,4.0,2019,11
Ryquell Armstead,RB,3.1,3.9,2019,11
Seth Roberts,WR,2.9,8.5,2019,11
Taysom Hill,TE,2.9,1.4,2019,11
Nick Vannett,TE,2.8,1.7,2019,11
Christian Blake,WR,2.8,1.3,2019,11
Jeff Wilson,RB,2.8,9.5,2019,11
KeeSean Johnson,WR,2.7,1.4,2019,11
Ross Dwelley,TE,2.7,17.4,2019,11
Andre Patton,WR,2.6,0.0,2019,11
J.J. Arcega-Whiteside,WR,2.6,3.9,2019,11
Tyler Conklin,TE,2.6,4.8,2019,11
Jeremy Sprinkle,TE,2.5,9.6,2019,11
Hale Hentges,TE,2.5,1.0,2019,11
Dontrell Hilliard,RB,2.3,0.0,2019,11
Scott Miller,WR,2.3,11.1,2019,11
Mack Hollins,WR,2.3,0.0,2019,11
Justin Hardy,WR,2.2,3.4,2019,11
Allen Hurns,WR,2.2,7.3,2019,11
Cordarrelle Patterson,RB,2.1,0.0,2019,11
Patrick Laird,RB,2.1,11.8,2019,11
Logan Thomas,TE,2.0,0.0,2019,11
Diontae Spencer,WR,2.0,0.0,2019,11
Troy Fumagalli,TE,2.0,7.3,2019,11
Marquise Goodwin,WR,1.9,1.5,2019,11
Byron Pringle,WR,1.9,1.9,2019,11
Tyler Kroft,TE,1.9,1.6,2019,11
Charles Clay,TE,1.8,0.0,2019,11
Jakeem Grant,WR,1.8,18.9,2019,11
Justice Hill,RB,1.7,3.7,2019,11
Laquon Treadwell,WR,1.7,0.0,2019,11
Ameer Abdullah,RB,1.7,3.6,2019,11
Alex Armah,RB,1.7,0.0,2019,11
Bilal Powell,RB,1.7,5.7,2019,11
Derek Carrier,TE,1.6,0.0,2019,11
Virgil Green,TE,1.6,1.8,2019,11
Kelvin Harmon,WR,1.6,10.3,2019,11
D'Ernest Johnson,RB,1.5,0.0,2019,11
Tony Brooks-James,RB,1.4,-0.4,2019,11
Ben Braunecker,TE,1.4,1.8,2019,11
Boston Scott,RB,1.4,2.6,2019,11
Javon Wims,WR,1.4,2.1,2019,11
C.J. Uzomah,TE,1.4,2.5,2019,11
Albert Wilson,WR,1.3,5.6,2019,11
Myles Gaskin,RB,1.3,0.0,2019,11
Andy Isabella,WR,1.2,1.6,2019,11
Damion Willis,WR,1.2,0.0,2019,11
Trevon Wesco,TE,1.2,0.0,2019,11
Tavon Austin,WR,1.2,0.0,2019,11
J.P. Holtz,TE,1.1,0.0,2019,11
Steven Sims,WR,1.1,2.6,2019,11
Trevor Davis,WR,1.1,0.0,2019,11
Deon Yelder,TE,1.1,0.0,2019,11
Pharoh Cooper,WR,1.0,12.5,2019,11
Richie James,WR,0.9,6.7,2019,11
Vyncint Smith,WR,0.8,0.0,2019,11
Ian Thomas,TE,0.8,0.0,2019,11
DeAndre Carter,WR,0.8,0.0,2019,11
Jaeden Graham,TE,0.8,4.3,2019,11
Devontae Booker,RB,0.8,0.4,2019,11
Patrick Ricard,RB,0.7,5.7,2019,11
Clive Walford,TE,0.6,0.0,2019,11
Kenjon Barner,RB,0.6,7.62,2019,11
Jason Moore,WR,0.6,0.0,2019,11
Troymaine Pope,RB,0.6,0.0,2019,11
Tim Patrick,WR,0.6,11.7,2019,11
Ty Montgomery,WR,0.5,1.1,2019,11
Durham Smythe,TE,0.5,0.0,2019,11
T.J. Logan,RB,0.5,2.1,2019,11
Josh Oliver,TE,0.4,1.5,2019,11
Jonathan Williams,RB,0.4,15.7,2019,11
Andre Roberts,WR,0.3,0.0,2019,11
KhaDarel Hodge,WR,0.3,5.1,2019,11
DeAndrew White,WR,0.3,0.0,2019,11
Braxton Berrios,WR,0.3,0.0,2019,11
Johnny Holton,WR,0.3,2.8,2019,11
Justin Watson,WR,0.2,0.0,2019,11
De'Anthony Thomas,WR,0.2,0.0,2019,11
Garrett Celek,TE,0.1,0.0,2019,11
Taiwan Jones,RB,0.1,0.0,2019,11
Mike Thomas,WR,0.1,1.9,2019,11
Senorise Perry,RB,0.1,0.0,2019,11
Darrell Daniels,TE,0.0,1.4,2019,11
Nick Foles,QB,0.0,17.84,2019,11
Patrick Mahomes,QB,0.0,15.18,2019,11
Matt Schaub,QB,0.0,-0.1,2019,11
Jamal Agnew,WR,0.0,0.0,2019,11
Derek Carr,QB,0.0,19.78,2019,11
Chase Daniel,QB,0.0,0.36,2019,11
JoJo Natson,WR,0.0,0.0,2019,11
Buddy Howell,RB,0.0,0.5,2019,11
Jamize Olawale,RB,0.0,0.0,2019,11
Garrett Gilbert,QB,0.0,-0.1,2019,11
Daniel Brown,TE,0.0,9.0,2019,11
Stephen Carlson,TE,0.0,7.8,2019,11
Ben Koyack,TE,0.0,1.9,2019,11
Michael Walker,WR,0.0,0.0,2019,11
Jacoby Brissett,QB,0.0,15.12,2019,11
Jeff Driskel,QB,0.0,27.46,2019,11
Brandon Allen,QB,0.0,13.4,2019,11
Russell Wilson,QB,24.1,9.5,2019,12
Jameis Winston,QB,23.6,24.32,2019,12
Matt Ryan,QB,23.4,7.64,2019,12
Lamar Jackson,QB,23.0,36.26,2019,12
Mike Evans,WR,22.9,9.0,2019,12
Derrick Henry,RB,22.1,28.5,2019,12
Christian McCaffrey,RB,21.8,34.3,2019,12
Chris Carson,RB,21.2,9.7,2019,12
Jimmy Garoppolo,QB,21.0,18.22,2019,12
Baker Mayfield,QB,20.3,23.58,2019,12
Nick Chubb,RB,20.3,25.4,2019,12
Josh Allen,QB,20.2,19.0,2019,12
Leonard Fournette,RB,19.8,36.9,2019,12
Michael Thomas,WR,19.8,26.1,2019,12
Chris Godwin Jr.,WR,19.6,37.4,2019,12
Ryan Tannehill,QB,19.4,32.36,2019,12
Alvin Kamara,RB,19.1,19.2,2019,12
Julio Jones,WR,19.0,11.8,2019,12
Deshaun Watson,QB,18.4,18.92,2019,12
Drew Brees,QB,17.9,22.44,2019,12
Ezekiel Elliott,RB,17.1,16.6,2019,12
Calvin Ridley,WR,17.0,22.0,2019,12
Dak Prescott,QB,16.4,6.88,2019,12
Kareem Hunt,RB,16.3,12.6,2019,12
Aaron Rodgers,QB,15.8,9.46,2019,12
Ryan Fitzpatrick,QB,15.7,23.06,2019,12
Jeff Driskel,QB,15.3,12.58,2019,12
Saquon Barkley,RB,15.2,8.0,2019,12
Latavius Murray,RB,15.2,12.4,2019,12
Nick Foles,QB,14.9,14.88,2019,12
Josh Jacobs,RB,14.8,4.6,2019,12
Todd Gurley,RB,14.7,4.9,2019,12
Carson Wentz,QB,14.3,8.94,2019,12
Daniel Jones,QB,14.3,14.7,2019,12
Le'Veon Bell,RB,14.3,15.8,2019,12
Sam Darnold,QB,14.0,28.2,2019,12
Tom Brady,QB,13.9,11.3,2019,12
John Brown,WR,13.8,11.9,2019,12
Mason Rudolph,QB,13.7,1.8,2019,12
Mitchell Trubisky,QB,13.6,18.92,2019,12
Tevin Coleman,RB,13.5,12.9,2019,12
George Kittle,TE,13.3,24.9,2019,12
Aaron Jones,RB,13.3,3.8,2019,12
Dwayne Haskins,QB,12.9,5.04,2019,12
DeAndre Hopkins,WR,12.8,27.4,2019,12
Jarvis Landry,WR,12.7,36.8,2019,12
T.Y. Hilton,WR,12.6,4.8,2019,12
Marvin Jones,WR,12.4,9.6,2019,12
Davante Adams,WR,12.4,19.3,2019,12
Emmanuel Sanders,WR,12.3,2.5,2019,12
Kyle Allen,QB,12.1,23.14,2019,12
Jared Goff,QB,12.1,4.38,2019,12
Mark Ingram,RB,12.1,24.8,2019,12
Will Fuller,WR,12.0,21.0,2019,12
Tyrell Williams,WR,12.0,3.8,2019,12
David Montgomery,RB,11.9,5.1,2019,12
James White,RB,11.8,0.9,2019,12
Adrian Peterson,RB,11.7,5.9,2019,12
Tyler Lockett,WR,11.7,4.8,2019,12
DJ Moore,WR,11.5,31.4,2019,12
Phillip Lindsay,RB,11.5,7.8,2019,12
Allen Robinson,WR,11.4,25.1,2019,12
O.J. Howard,TE,11.3,2.0,2019,12
Odell Beckham Jr.,WR,11.1,20.4,2019,12
DJ Chark,WR,10.9,10.8,2019,12
Cooper Kupp,WR,10.8,9.5,2019,12
Joe Mixon,RB,10.8,7.9,2019,12
Kenny Golladay,WR,10.6,10.1,2019,12
Devin Singletary,RB,10.5,12.4,2019,12
Ryan Finley,QB,10.3,10.48,2019,12
Julian Edelman,WR,10.3,17.3,2019,12
Ronald Jones,RB,10.2,15.7,2019,12
Mark Andrews,TE,10.2,6.5,2019,12
Tarik Cohen,RB,10.1,12.4,2019,12
Amari Cooper,WR,10.1,0.0,2019,12
Cameron Brate,TE,10.1,0.0,2019,12
Brandon Allen,QB,10.0,2.08,2019,12
Miles Sanders,RB,9.8,11.6,2019,12
Deebo Samuel Sr.,WR,9.6,13.0,2019,12
Darren Waller,TE,9.6,7.1,2019,12
Courtland Sutton,WR,9.6,3.7,2019,12
Carlos Hyde,RB,9.3,6.7,2019,12
DK Metcalf,WR,9.3,6.5,2019,12
Jamison Crowder,WR,9.3,3.8,2019,12
Taylor Gabriel,WR,9.3,2.9,2019,12
DeVante Parker,WR,9.2,15.1,2019,12
Hunter Renfrow,WR,9.2,6.1,2019,12
Zach Ertz,TE,9.2,27.1,2019,12
Sony Michel,RB,9.1,8.5,2019,12
Vance McDonald,TE,9.0,1.1,2019,12
Terry McLaurin,WR,9.0,12.2,2019,12
Jared Cook,TE,8.8,21.9,2019,12
Robert Woods,WR,8.7,15.7,2019,12
Diontae Johnson,WR,8.6,5.9,2019,12
Bo Scarbrough,RB,8.6,7.8,2019,12
Nyheim Hines,RB,8.4,8.1,2019,12
Duke Johnson,RB,8.3,4.0,2019,12
Cole Beasley,WR,8.2,19.6,2019,12
Golden Tate,WR,8.1,12.3,2019,12
Josh Gordon,WR,8.1,2.0,2019,12
James Washington,WR,8.0,18.8,2019,12
Royce Freeman,RB,7.9,4.9,2019,12
Michael Gallup,WR,7.9,9.5,2019,12
Curtis Samuel,WR,7.9,5.9,2019,12
Marquise Brown,WR,7.8,21.2,2019,12
Randall Cobb,WR,7.6,12.6,2019,12
Corey Davis,WR,7.5,4.9,2019,12
Anthony Miller,WR,7.4,13.7,2019,12
Brandin Cooks,WR,7.3,5.3,2019,12
Jaylen Samuels,RB,7.3,6.2,2019,12
Dede Westbrook,WR,7.3,14.9,2019,12
Eric Ebron,TE,7.1,8.4,2019,12
Greg Olsen,TE,7.0,9.4,2019,12
Gerald Everett,TE,7.0,4.3,2019,12
Demaryius Thomas,WR,7.0,4.2,2019,12
Gus Edwards,RB,6.9,5.5,2019,12
Ted Ginn,WR,6.9,5.8,2019,12
Marcus Johnson,WR,6.9,0.0,2019,12
Derrius Guice,RB,6.9,4.8,2019,12
A.J. Brown,WR,6.9,23.5,2019,12
Adam Humphries,WR,6.8,5.0,2019,12
Kendrick Bourne,WR,6.8,4.7,2019,12
Jamaal Williams,RB,6.8,15.0,2019,12
Kenny Stills,WR,6.6,1.6,2019,12
Sterling Shepard,WR,6.6,8.7,2019,12
Zach Pascal,WR,6.6,0.0,2019,12
Danny Amendola,WR,6.5,5.1,2019,12
Chris Conley,WR,6.4,8.9,2019,12
Darren Fells,TE,6.4,3.4,2019,12
Darius Slayton,WR,6.4,10.7,2019,12
Tyler Boyd,WR,6.4,19.1,2019,12
Dion Lewis,RB,6.4,5.5,2019,12
Peyton Barber,RB,6.4,3.2,2019,12
Rex Burkhead,RB,6.4,3.7,2019,12
Jordan Matthews,TE,6.2,5.7,2019,12
Breshad Perriman,WR,6.2,5.4,2019,12
Jack Doyle,TE,6.1,5.8,2019,12
Robbie Chosen,WR,6.1,18.6,2019,12
Raheem Mostert,RB,6.0,13.7,2019,12
Ryan Griffin,TE,6.0,10.3,2019,12
Dallas Goedert,TE,5.9,8.2,2019,12
Jacob Hollister,TE,5.7,4.2,2019,12
Jonnu Smith,TE,5.5,0.4,2019,12
Frank Gore,RB,5.5,6.5,2019,12
Foster Moreau,TE,5.5,1.3,2019,12
Paul Richardson,WR,5.4,1.6,2019,12
Zay Jones,WR,5.4,2.5,2019,12
Kalen Ballage,RB,5.2,3.6,2019,12
Nick Boyle,TE,5.1,1.7,2019,12
Jimmy Graham,TE,5.1,1.7,2019,12
Brian Hill,RB,5.0,5.7,2019,12
Jason Witten,TE,5.0,1.5,2019,12
Mike Gesicki,TE,5.0,11.8,2019,12
Tre'Quan Smith,WR,5.0,8.3,2019,12
Tony Pollard,RB,5.0,5.8,2019,12
Geronimo Allison,WR,5.0,3.9,2019,12
Jalen Richard,RB,4.9,11.1,2019,12
Dawson Knox,TE,4.9,3.1,2019,12
Patrick Laird,RB,4.8,2.0,2019,12
Giovani Bernard,RB,4.6,6.0,2019,12
Wendell Smallwood,RB,4.6,1.3,2019,12
Tim Patrick,WR,4.6,1.3,2019,12
J.D. McKissic,RB,4.6,4.0,2019,12
Auden Tate,WR,4.6,2.0,2019,12
Rashaad Penny,RB,4.5,18.9,2019,12
Russell Gage,WR,4.4,15.6,2019,12
Willie Snead,WR,4.4,15.4,2019,12
Keelan Cole,WR,4.4,3.8,2019,12
Josh Reynolds,WR,4.4,2.8,2019,12
Trey Quinn,WR,4.4,0.0,2019,12
Noah Fant,TE,4.4,4.4,2019,12
Isaiah McKenzie,WR,4.3,2.8,2019,12
Allen Hurns,WR,4.3,14.2,2019,12
Benjamin Watson,TE,4.3,0.0,2019,12
Scott Miller,WR,4.3,1.6,2019,12
Ryquell Armstead,RB,4.2,0.0,2019,12
Josh Hill,TE,4.2,2.2,2019,12
Malcolm Brown,RB,4.1,0.0,2019,12
T.J. Hockenson,TE,4.1,0.0,2019,12
Jordan Akins,TE,4.0,5.6,2019,12
Demetrius Harris,TE,4.0,4.0,2019,12
Dare Ogunbowale,RB,4.0,1.2,2019,12
Tyler Eifert,TE,3.9,1.7,2019,12
Hayden Hurst,TE,3.8,0.0,2019,12
Brandon Bolden,RB,3.7,1.1,2019,12
Blake Jarwin,TE,3.6,4.7,2019,12
DeAndre Washington,RB,3.6,2.9,2019,12
Ty Johnson,RB,3.6,4.1,2019,12
Jeff Wilson,RB,3.5,2.7,2019,12
Seth Roberts,WR,3.5,6.9,2019,12
Marvin Hall,WR,3.5,3.1,2019,12
Trey Edmunds,RB,3.4,0.7,2019,12
Wayne Gallman,RB,3.4,0.1,2019,12
Kelvin Harmon,WR,3.4,7.3,2019,12
Matt LaCosse,TE,3.4,1.5,2019,12
Ricky Seals-Jones,TE,3.4,0.0,2019,12
Jeremy Sprinkle,TE,3.4,1.4,2019,12
Allen Lazard,WR,3.3,3.8,2019,12
Benny Snell,RB,3.2,11.3,2019,12
Miles Boykin,WR,3.2,7.4,2019,12
Jonathan Williams,RB,3.2,21.1,2019,12
Tyler Higbee,TE,3.2,7.0,2019,12
Qadree Ollison,RB,3.1,9.7,2019,12
Chester Rogers,WR,3.1,2.2,2019,12
J.J. Arcega-Whiteside,WR,2.9,6.3,2019,12
Jake Kumerow,WR,2.9,0.0,2019,12
Jakobi Meyers,WR,2.9,11.4,2019,12
Alex Erickson,WR,2.9,6.3,2019,12
Deon Cain,WR,2.9,4.5,2019,12
Jarius Wright,WR,2.9,1.4,2019,12
Dontrell Hilliard,RB,2.8,0.0,2019,12
DaeSean Hamilton,WR,2.6,0.0,2019,12
Jakeem Grant,WR,2.5,0.0,2019,12
Christian Blake,WR,2.5,3.6,2019,12
Jordan Wilkins,RB,2.5,0.0,2019,12
Bilal Powell,RB,2.5,3.0,2019,12
Nick Vannett,TE,2.4,0.0,2019,12
Taysom Hill,TE,2.3,1.0,2019,12
Luke Stocker,TE,2.2,0.0,2019,12
Robert Tonyan,TE,2.2,2.8,2019,12
Albert Wilson,WR,2.2,9.7,2019,12
Cordarrelle Patterson,RB,2.2,0.0,2019,12
Kaden Smith,TE,2.1,12.7,2019,12
Marquez Valdes-Scantling,WR,2.1,1.7,2019,12
Jaeden Graham,TE,2.0,6.3,2019,12
Josh Adams,RB,1.8,0.6,2019,12
Justice Hill,RB,1.8,2.7,2019,12
Ben Braunecker,TE,1.8,2.9,2019,12
David Moore,WR,1.8,4.5,2019,12
Rashard Higgins,WR,1.8,0.0,2019,12
Kalif Raymond,WR,1.7,1.9,2019,12
Tyler Kroft,TE,1.7,2.4,2019,12
Richie James,WR,1.7,0.0,2019,12
Javon Wims,WR,1.7,0.0,2019,12
Marcell Ateman,WR,1.7,0.0,2019,12
Jesse James,TE,1.6,1.7,2019,12
MyCole Pruitt,TE,1.5,3.0,2019,12
C.J. Uzomah,TE,1.5,0.0,2019,12
Boston Scott,RB,1.5,0.0,2019,12
Cody Latimer,WR,1.4,1.7,2019,12
Fred Brown,WR,1.4,0.0,2019,12
Logan Thomas,TE,1.3,10.4,2019,12
Malik Turner,WR,1.3,10.3,2019,12
Myles Gaskin,RB,1.3,2.7,2019,12
Steven Sims,WR,1.2,6.0,2019,12
Daniel Brown,TE,1.1,0.0,2019,12
KhaDarel Hodge,WR,1.1,0.0,2019,12
Kenjon Barner,RB,0.9,2.8,2019,12
D'Ernest Johnson,RB,0.9,0.0,2019,12
Derek Carrier,TE,0.9,0.0,2019,12
Trevor Davis,WR,0.9,0.0,2019,12
T.J. Logan,RB,0.9,0.2,2019,12
Stephen Carlson,TE,0.9,1.8,2019,12
Johnny Holton,WR,0.8,0.0,2019,12
Tavon Austin,WR,0.7,0.0,2019,12
DeAndre Carter,WR,0.7,0.0,2019,12
Alex Armah,RB,0.7,0.0,2019,12
Robert Foster,WR,0.7,5.6,2019,12
Diontae Spencer,WR,0.6,1.0,2019,12
Vyncint Smith,WR,0.6,3.2,2019,12
Durham Smythe,TE,0.5,0.0,2019,12
Danny Vitale,RB,0.5,1.3,2019,12
Devontae Booker,RB,0.5,0.0,2019,12
Ian Thomas,TE,0.5,1.4,2019,12
Nick O'Leary,TE,0.5,7.6,2019,12
Dalton Schultz,TE,0.4,0.0,2019,12
Devine Ozigbo,RB,0.4,0.0,2019,12
Ty Montgomery,WR,0.4,3.3,2019,12
Andre Roberts,WR,0.3,0.0,2019,12
Ben Koyack,TE,0.3,0.0,2019,12
Cody Core,WR,0.2,0.0,2019,12
Braxton Berrios,WR,0.2,7.9,2019,12
DeAndrew White,WR,0.2,0.0,2019,12
De'Anthony Thomas,WR,0.1,0.0,2019,12
Senorise Perry,RB,0.1,0.0,2019,12
Robert Griffin III,QB,0.0,1.26,2019,12
Travis Homer,RB,0.0,0.0,2019,12
Jacoby Brissett,QB,0.0,13.16,2019,12
Case Keenum,QB,0.0,-0.1,2019,12
Matt Schaub,QB,0.0,6.2,2019,12
JoJo Natson,WR,0.0,0.0,2019,12
Michael Walker,WR,0.0,0.0,2019,12
Derek Carr,QB,0.0,4.18,2019,12
Matthew Slater,WR,0.0,0.0,2019,12
Taiwan Jones,RB,0.0,0.0,2019,12
Ventell Bryant,WR,0.0,0.0,2019,12
Garrett Gilbert,QB,0.0,-0.1,2019,12
Devlin Hodges,QB,0.0,8.82,2019,12
Mike Glennon,QB,0.0,-1.2,2019,12
Christian McCaffrey,RB,28.7,17.2,2019,13
Michael Thomas,WR,26.5,10.8,2019,13
Drew Brees,QB,24.8,11.26,2019,13
Patrick Mahomes,QB,24.6,19.5,2019,13
Leonard Fournette,RB,24.4,18.1,2019,13
Alvin Kamara,RB,22.9,12.4,2019,13
Jameis Winston,QB,21.7,10.72,2019,13
Chris Godwin Jr.,WR,20.6,9.0,2019,13
Lamar Jackson,QB,20.4,22.3,2019,13
Carson Wentz,QB,20.1,24.4,2019,13
Tyreek Hill,WR,19.9,10.1,2019,13
Russell Wilson,QB,19.8,16.9,2019,13
Kyler Murray,QB,19.6,13.32,2019,13
Ezekiel Elliott,RB,19.4,20.7,2019,13
Josh Allen,QB,19.2,23.54,2019,13
Aaron Rodgers,QB,18.9,28.12,2019,13
Daniel Jones,QB,18.3,8.2,2019,13
Mike Evans,WR,18.1,9.3,2019,13
Ryan Fitzpatrick,QB,18.1,26.8,2019,13
Ryan Tannehill,QB,17.7,13.78,2019,13
Kirk Cousins,QB,17.3,17.04,2019,13
Nick Foles,QB,17.0,-1.98,2019,13
Sam Darnold,QB,17.0,10.46,2019,13
Dak Prescott,QB,16.7,22.7,2019,13
Davante Adams,WR,16.6,24.4,2019,13
Matt Ryan,QB,16.4,16.58,2019,13
Latavius Murray,RB,16.3,0.2,2019,13
Chris Carson,RB,16.2,17.9,2019,13
Tom Brady,QB,16.2,24.34,2019,13
Baker Mayfield,QB,16.1,8.04,2019,13
Saquon Barkley,RB,16.1,14.5,2019,13
Derrick Henry,RB,16.1,23.6,2019,13
Dalvin Cook,RB,16.1,13.4,2019,13
Aaron Jones,RB,16.0,7.1,2019,13
Le'Veon Bell,RB,15.9,10.7,2019,13
Jacoby Brissett,QB,15.7,12.66,2019,13
Melvin Gordon,RB,15.7,13.0,2019,13
Deshaun Watson,QB,15.5,28.86,2019,13
Austin Ekeler,RB,15.3,16.7,2019,13
Mitchell Trubisky,QB,15.3,23.92,2019,13
Travis Kelce,TE,15.2,14.0,2019,13
Josh Jacobs,RB,15.1,10.4,2019,13
Philip Rivers,QB,15.0,16.6,2019,13
Nick Chubb,RB,15.0,8.9,2019,13
Kyle Allen,QB,14.8,23.32,2019,13
DJ Moore,WR,14.8,19.2,2019,13
Todd Gurley,RB,14.7,18.5,2019,13
Zach Ertz,TE,13.8,5.4,2019,13
Stefon Diggs,WR,13.6,9.2,2019,13
Miles Sanders,RB,13.2,21.5,2019,13
Jimmy Garoppolo,QB,13.1,9.1,2019,13
Keenan Allen,WR,13.1,18.8,2019,13
Jared Cook,TE,13.0,11.5,2019,13
Jared Goff,QB,12.7,24.96,2019,13
Allen Robinson,WR,12.7,22.6,2019,13
Jarvis Landry,WR,12.6,13.6,2019,13
Calvin Ridley,WR,12.5,17.1,2019,13
DeAndre Hopkins,WR,12.1,15.64,2019,13
Ronald Jones,RB,12.0,0.8,2019,13
Phillip Lindsay,RB,12.0,9.2,2019,13
DJ Chark,WR,11.5,6.7,2019,13
Cooper Kupp,WR,11.5,18.5,2019,13
Mark Ingram,RB,11.5,8.2,2019,13
James White,RB,11.4,37.7,2019,13
Kareem Hunt,RB,11.2,17.5,2019,13
Tarik Cohen,RB,11.2,7.5,2019,13
Joe Mixon,RB,11.0,17.0,2019,13
Christian Kirk,WR,10.9,5.3,2019,13
DeVante Parker,WR,10.8,34.9,2019,13
Julian Edelman,WR,10.8,21.9,2019,13
Sammy Watkins,WR,10.8,0.0,2019,13
David Montgomery,RB,10.7,16.7,2019,13
Will Fuller,WR,10.7,1.8,2019,13
Hunter Henry,TE,10.6,3.0,2019,13
Marvin Jones,WR,10.6,13.0,2019,13
Alshon Jeffery,WR,10.6,28.7,2019,13
John Brown,WR,10.6,10.72,2019,13
Adrian Peterson,RB,10.5,15.9,2019,13
Mike Williams,WR,10.3,16.7,2019,13
Kenyan Drake,RB,10.2,7.1,2019,13
Dwayne Haskins,QB,10.1,6.48,2019,13
Darren Waller,TE,10.1,17.0,2019,13
Amari Cooper,WR,10.0,16.5,2019,13
David Johnson,RB,9.9,4.4,2019,13
Devin Singletary,RB,9.8,19.1,2019,13
Robert Woods,WR,9.7,30.2,2019,13
George Kittle,TE,9.6,3.4,2019,13
Kenny Golladay,WR,9.5,25.8,2019,13
Odell Beckham Jr.,WR,9.5,5.9,2019,13
Dede Westbrook,WR,9.4,19.0,2019,13
Tyrell Williams,WR,9.3,1.9,2019,13
Tyler Lockett,WR,9.3,0.0,2019,13
Sony Michel,RB,9.3,4.5,2019,13
Courtland Sutton,WR,9.3,23.4,2019,13
James Washington,WR,9.0,21.1,2019,13
Cameron Brate,TE,9.0,1.5,2019,13
Tevin Coleman,RB,9.0,2.5,2019,13
Michael Gallup,WR,8.9,9.3,2019,13
Jamison Crowder,WR,8.9,2.8,2019,13
Carlos Hyde,RB,8.9,3.2,2019,13
O.J. Howard,TE,8.8,11.1,2019,13
Randall Cobb,WR,8.8,8.3,2019,13
Jamaal Williams,RB,8.8,10.7,2019,13
LeSean McCoy,RB,8.6,12.0,2019,13
Greg Olsen,TE,8.5,5.2,2019,13
Larry Fitzgerald,WR,8.4,11.6,2019,13
Devonta Freeman,RB,8.4,10.4,2019,13
Bo Scarbrough,RB,8.4,8.3,2019,13
Ted Ginn,WR,8.4,0.0,2019,13
Royce Freeman,RB,8.3,6.4,2019,13
Terry McLaurin,WR,8.2,2.8,2019,13
Curtis Samuel,WR,8.2,16.5,2019,13
Marquise Brown,WR,8.1,1.1,2019,13
Kyle Rudolph,TE,8.1,15.0,2019,13
Diontae Johnson,WR,8.1,4.1,2019,13
DK Metcalf,WR,8.0,11.5,2019,13
Dallas Goedert,TE,8.0,12.6,2019,13
Duke Johnson,RB,7.9,20.0,2019,13
Tyler Boyd,WR,7.9,16.9,2019,13
Cole Beasley,WR,7.8,23.0,2019,13
Robbie Chosen,WR,7.7,17.1,2019,13
Vance McDonald,TE,7.7,5.1,2019,13
Anthony Miller,WR,7.6,23.0,2019,13
Deebo Samuel Sr.,WR,7.6,14.1,2019,13
Tre'Quan Smith,WR,7.6,3.4,2019,13
Nyheim Hines,RB,7.3,12.0,2019,13
A.J. Brown,WR,7.3,7.5,2019,13
Mark Andrews,TE,7.2,14.0,2019,13
Darius Slayton,WR,7.2,10.4,2019,13
Emmanuel Sanders,WR,7.2,8.1,2019,13
Chris Conley,WR,7.2,9.7,2019,13
Rashaad Penny,RB,7.2,26.7,2019,13
Demaryius Thomas,WR,7.0,5.3,2019,13
Rex Burkhead,RB,6.9,1.5,2019,13
Brandin Cooks,WR,6.9,4.4,2019,13
Nelson Agholor,WR,6.8,9.1,2019,13
Mecole Hardman,WR,6.7,0.9,2019,13
Jalen Richard,RB,6.7,1.8,2019,13
Derrius Guice,RB,6.6,27.7,2019,13
Peyton Barber,RB,6.6,18.4,2019,13
Irv Smith,TE,6.5,1.6,2019,13
Ryan Griffin,TE,6.5,8.0,2019,13
Jonathan Williams,RB,6.5,3.5,2019,13
Geronimo Allison,WR,6.4,4.0,2019,13
Jaylen Samuels,RB,6.4,7.4,2019,13
Greg Ward,WR,6.4,1.5,2019,13
Gus Edwards,RB,6.2,3.2,2019,13
Jimmy Graham,TE,6.1,2.6,2019,13
Mohamed Sanu,WR,6.0,4.4,2019,13
Sterling Shepard,WR,5.9,13.0,2019,13
Jaron Brown,WR,5.9,1.6,2019,13
Phillip Dorsett,WR,5.8,3.5,2019,13
Allen Hurns,WR,5.8,6.3,2019,13
Kalen Ballage,RB,5.7,0.0,2019,13
Danny Amendola,WR,5.6,6.2,2019,13
Patrick Laird,RB,5.6,16.8,2019,13
Noah Fant,TE,5.6,1.5,2019,13
Tony Pollard,RB,5.6,0.7,2019,13
Benny Snell,RB,5.5,13.7,2019,13
Breshad Perriman,WR,5.5,13.7,2019,13
Josh Gordon,WR,5.4,2.0,2019,13
Jacob Hollister,TE,5.3,10.4,2019,13
Albert Wilson,WR,5.3,11.3,2019,13
Foster Moreau,TE,5.2,2.5,2019,13
Darrell Henderson,RB,5.2,1.7,2019,13
Corey Davis,WR,5.2,3.3,2019,13
J.J. Arcega-Whiteside,WR,5.1,8.5,2019,13
Mike Gesicki,TE,5.0,18.9,2019,13
Jason Witten,TE,5.0,18.2,2019,13
N'Keal Harry,TE,5.0,0.0,2019,13
Raheem Mostert,RB,5.0,23.4,2019,13
Zay Jones,WR,4.9,3.4,2019,13
Giovani Bernard,RB,4.9,2.2,2019,13
Frank Gore,RB,4.9,3.5,2019,13
Keelan Cole,WR,4.9,2.1,2019,13
Willie Snead,WR,4.9,2.2,2019,13
Dion Lewis,RB,4.8,1.9,2019,13
Adam Humphries,WR,4.7,8.3,2019,13
Kenny Stills,WR,4.7,15.1,2019,13
Darrel Williams,RB,4.7,8.6,2019,13
Russell Gage,WR,4.7,16.2,2019,13
Kaden Smith,TE,4.6,13.0,2019,13
Kendrick Bourne,WR,4.6,7.2,2019,13
Darren Fells,TE,4.6,10.3,2019,13
Josh Reynolds,WR,4.5,7.9,2019,13
Zach Pascal,WR,4.4,17.9,2019,13
Tim Patrick,WR,4.4,0.0,2019,13
Dawson Knox,TE,4.3,4.7,2019,13
Auden Tate,WR,4.3,10.6,2019,13
Jack Doyle,TE,4.3,19.3,2019,13
Josh Hill,TE,4.3,1.2,2019,13
Blake Jarwin,TE,4.0,2.9,2019,13
Marcus Johnson,WR,4.0,9.5,2019,13
Jakobi Meyers,WR,4.0,7.6,2019,13
Jonnu Smith,TE,4.0,2.0,2019,13
Allen Lazard,WR,3.9,19.3,2019,13
Mike Davis,RB,3.9,0.0,2019,13
DeAndre Washington,RB,3.9,7.9,2019,13
Bisi Johnson,WR,3.9,1.1,2019,13
Ryquell Armstead,RB,3.9,0.0,2019,13
Kelvin Harmon,WR,3.8,8.1,2019,13
Brian Hill,RB,3.8,6.7,2019,13
Benjamin Watson,TE,3.8,3.3,2019,13
Tyler Higbee,TE,3.8,23.7,2019,13
J.D. McKissic,RB,3.8,5.4,2019,13
Brandon Bolden,RB,3.7,0.0,2019,13
Malcolm Brown,RB,3.6,3.0,2019,13
Dare Ogunbowale,RB,3.6,3.2,2019,13
Seth Roberts,WR,3.6,1.5,2019,13
Deon Cain,WR,3.5,1.5,2019,13
Isaiah McKenzie,WR,3.5,6.4,2019,13
T.J. Hockenson,TE,3.5,7.8,2019,13
Nick Boyle,TE,3.4,1.4,2019,13
Robert Tonyan,TE,3.3,0.0,2019,13
Alex Erickson,WR,3.2,4.1,2019,13
Demetrius Harris,TE,3.2,3.3,2019,13
Tyler Eifert,TE,3.2,2.2,2019,13
Ty Johnson,RB,3.2,5.9,2019,13
Trey Quinn,WR,3.1,0.0,2019,13
Marcedes Lewis,TE,3.1,7.1,2019,13
Andre Patton,WR,3.1,1.8,2019,13
Jarius Wright,WR,3.1,6.4,2019,13
Bilal Powell,RB,3.0,3.8,2019,13
Alexander Mattison,RB,3.0,11.3,2019,13
Jordan Akins,TE,3.0,2.9,2019,13
Christian Blake,WR,2.9,11.7,2019,13
Jay Ajayi,RB,2.9,0.9,2019,13
Keelan Doss,WR,2.8,2.1,2019,13
Reggie Bonnafon,RB,2.7,0.0,2019,13
Jeff Heuerman,TE,2.6,4.5,2019,13
Marquez Valdes-Scantling,WR,2.6,0.0,2019,13
Jaeden Graham,TE,2.6,14.1,2019,13
Matt LaCosse,TE,2.6,3.4,2019,13
Pharoh Cooper,WR,2.5,6.6,2019,13
Hayden Hurst,TE,2.5,5.1,2019,13
Damiere Byrd,WR,2.5,0.0,2019,13
DaeSean Hamilton,WR,2.4,3.2,2019,13
Jeremy Sprinkle,TE,2.4,5.6,2019,13
Taysom Hill,TE,2.3,18.5,2019,13
Anthony Firkser,TE,2.2,5.2,2019,13
Kerrith Whyte,RB,2.2,1.0,2019,13
Tyler Conklin,TE,2.2,2.8,2019,13
Charles Clay,TE,2.1,4.9,2019,13
Nick Vannett,TE,2.1,1.7,2019,13
Jeff Wilson,RB,2.1,1.7,2019,13
Justice Hill,RB,2.0,0.3,2019,13
Logan Thomas,TE,2.0,0.0,2019,13
Malik Turner,WR,2.0,0.0,2019,13
Byron Pringle,WR,2.0,0.0,2019,13
Cordarrelle Patterson,RB,2.0,0.0,2019,13
Jordan Wilkins,RB,1.9,7.6,2019,13
Justin Hardy,WR,1.9,5.8,2019,13
Dontrell Hilliard,RB,1.9,0.0,2019,13
Nick O'Leary,TE,1.8,1.6,2019,13
David Moore,WR,1.7,14.5,2019,13
Hale Hentges,TE,1.7,0.0,2019,13
Ameer Abdullah,RB,1.6,0.0,2019,13
Andy Isabella,WR,1.6,0.0,2019,13
Virgil Green,TE,1.6,0.0,2019,13
Myles Gaskin,RB,1.6,3.6,2019,13
Cody Latimer,WR,1.4,5.3,2019,13
Mo Alie-Cox,TE,1.3,0.0,2019,13
Kalif Raymond,WR,1.3,11.0,2019,13
C.J. Uzomah,TE,1.2,10.1,2019,13
Rashard Higgins,WR,1.1,0.0,2019,13
Laquon Treadwell,WR,1.1,12.8,2019,13
Mack Hollins,WR,1.1,0.0,2019,13
Darwin Thompson,RB,1.1,10.4,2019,13
Steven Sims,WR,1.1,5.9,2019,13
Richie James,WR,1.0,0.0,2019,13
T.J. Logan,RB,1.0,0.2,2019,13
Alex Armah,RB,1.0,0.2,2019,13
Braxton Berrios,WR,1.0,1.5,2019,13
Damion Willis,WR,0.9,0.0,2019,13
Javon Wims,WR,0.9,10.6,2019,13
Stephen Carlson,TE,0.9,4.8,2019,13
Daniel Brown,TE,0.9,1.9,2019,13
Vyncint Smith,WR,0.9,4.3,2019,13
Kenjon Barner,RB,0.9,2.6,2019,13
Derek Carrier,TE,0.8,9.0,2019,13
Trevor Davis,WR,0.8,0.0,2019,13
Patrick Ricard,RB,0.8,1.2,2019,13
Robert Foster,WR,0.8,3.7,2019,13
Blake Bell,TE,0.8,0.0,2019,13
Tevin Jones,WR,0.7,3.8,2019,13
Ian Thomas,TE,0.7,6.4,2019,13
Clive Walford,TE,0.7,0.0,2019,13
Tavon Austin,WR,0.7,4.2,2019,13
Ty Montgomery,WR,0.7,1.8,2019,13
KhaDarel Hodge,WR,0.7,0.0,2019,13
Diontae Spencer,WR,0.7,0.0,2019,13
Johnny Holton,WR,0.7,0.0,2019,13
Danny Vitale,RB,0.6,0.0,2019,13
Johnny Mundt,TE,0.6,0.0,2019,13
Devontae Booker,RB,0.6,0.0,2019,13
Durham Smythe,TE,0.5,3.3,2019,13
Stanley Morgan,WR,0.5,0.0,2019,13
Deonte Harty,WR,0.5,0.0,2019,13
Mike Thomas,WR,0.5,0.0,2019,13
DeAndre Carter,WR,0.5,0.0,2019,13
Troymaine Pope,RB,0.4,0.0,2019,13
Isaiah Ford,WR,0.3,0.0,2019,13
Jesper Horsted,TE,0.3,8.8,2019,13
Andre Roberts,WR,0.3,0.0,2019,13
Justin Watson,WR,0.2,0.0,2019,13
DeAndrew White,WR,0.2,0.0,2019,13
Buddy Howell,RB,0.1,0.0,2019,13
Gehrig Dieter,WR,0.1,0.0,2019,13
Olamide Zaccheaus,WR,0.1,0.0,2019,13
Tim Boyle,QB,0.0,-0.4,2019,13
Garrett Gilbert,QB,0.0,0.0,2019,13
Derek Carr,QB,0.0,9.58,2019,13
De'Anthony Thomas,WR,0.0,0.0,2019,13
Travis Homer,RB,0.0,2.9,2019,13
JoJo Natson,WR,0.0,0.0,2019,13
Ventell Bryant,WR,0.0,8.5,2019,13
Michael Walker,WR,0.0,1.6,2019,13
Ashton Dulin,WR,0.0,2.3,2019,13
Devlin Hodges,QB,0.0,10.68,2019,13
Matt Moore,QB,0.0,-0.1,2019,13
Gardner Minshew,QB,0.0,10.68,2019,13
Andy Dalton,QB,0.0,13.32,2019,13
Christian McCaffrey,RB,28.8,24.5,2019,14
Kirk Cousins,QB,23.4,13.58,2019,14
Deshaun Watson,QB,23.1,28.08,2019,14
Aaron Rodgers,QB,22.0,11.4,2019,14
Derrick Henry,RB,21.2,23.9,2019,14
Ezekiel Elliott,RB,21.1,23.3,2019,14
Dalvin Cook,RB,20.5,15.5,2019,14
Kyle Allen,QB,20.1,18.12,2019,14
Ryan Tannehill,QB,19.9,27.54,2019,14
Leonard Fournette,RB,19.2,9.3,2019,14
Russell Wilson,QB,19.2,10.6,2019,14
Dak Prescott,QB,19.1,17.46,2019,14
Lamar Jackson,QB,19.0,19.8,2019,14
Davante Adams,WR,18.9,8.1,2019,14
Ryan Fitzpatrick,QB,18.7,14.3,2019,14
Sam Darnold,QB,18.6,17.1,2019,14
Carson Wentz,QB,18.5,19.9,2019,14
DJ Moore,WR,18.1,12.1,2019,14
Matt Ryan,QB,18.0,21.32,2019,14
Patrick Mahomes,QB,17.9,13.92,2019,14
Melvin Gordon,RB,17.7,19.4,2019,14
Nick Chubb,RB,17.4,12.7,2019,14
DeAndre Hopkins,WR,17.3,26.2,2019,14
Jacoby Brissett,QB,17.3,22.64,2019,14
Jameis Winston,QB,16.9,34.74,2019,14
Kyler Murray,QB,16.9,9.96,2019,14
Tom Brady,QB,16.7,10.76,2019,14
Baker Mayfield,QB,16.2,10.98,2019,14
Courtland Sutton,WR,16.1,8.4,2019,14
Austin Ekeler,RB,15.9,31.3,2019,14
James White,RB,15.9,12.4,2019,14
Josh Allen,QB,15.7,10.74,2019,14
Jimmy Garoppolo,QB,15.7,28.06,2019,14
Chris Carson,RB,15.7,12.1,2019,14
Philip Rivers,QB,15.6,24.56,2019,14
Saquon Barkley,RB,15.6,9.7,2019,14
Alvin Kamara,RB,15.5,6.3,2019,14
Todd Gurley,RB,15.4,21.3,2019,14
Stefon Diggs,WR,15.3,15.2,2019,14
Joe Mixon,RB,15.1,27.6,2019,14
Kenny Golladay,WR,15.0,17.8,2019,14
Michael Thomas,WR,14.8,30.4,2019,14
Marvin Jones,WR,14.7,6.8,2019,14
Keenan Allen,WR,14.3,13.3,2019,14
Jared Goff,QB,14.3,16.12,2019,14
Chris Godwin Jr.,WR,14.3,16.1,2019,14
Devlin Hodges,QB,14.3,13.48,2019,14
Kareem Hunt,RB,14.2,14.8,2019,14
Drew Brees,QB,14.0,40.06,2019,14
Calvin Ridley,WR,14.0,18.6,2019,14
Julio Jones,WR,13.9,11.6,2019,14
Mitchell Trubisky,QB,13.8,32.06,2019,14
Aaron Jones,RB,13.7,31.2,2019,14
Mike Evans,WR,13.5,13.1,2019,14
Alshon Jeffery,WR,13.5,0.0,2019,14
Marlon Mack,RB,13.1,9.8,2019,14
Miles Sanders,RB,13.0,10.9,2019,14
Tyreek Hill,WR,12.8,13.0,2019,14
Austin Hooper,TE,12.6,5.2,2019,14
Mark Ingram,RB,12.4,10.9,2019,14
Travis Kelce,TE,12.4,18.0,2019,14
Duke Johnson,RB,12.1,10.5,2019,14
Amari Cooper,WR,12.1,20.3,2019,14
Jarvis Landry,WR,11.9,11.6,2019,14
Adrian Peterson,RB,11.9,13.6,2019,14
Phillip Lindsay,RB,11.8,13.5,2019,14
DeVante Parker,WR,11.7,4.8,2019,14
Darren Waller,TE,11.5,11.2,2019,14
Julian Edelman,WR,11.3,24.3,2019,14
Robert Woods,WR,11.3,25.7,2019,14
Kyle Rudolph,TE,11.3,3.1,2019,14
Zach Ertz,TE,11.2,30.1,2019,14
Mike Williams,WR,11.2,14.3,2019,14
Curtis Samuel,WR,10.9,6.2,2019,14
Cooper Kupp,WR,10.8,14.5,2019,14
Carlos Hyde,RB,10.6,9.8,2019,14
Derrius Guice,RB,10.6,4.2,2019,14
Devonta Freeman,RB,10.6,19.4,2019,14
Dwayne Haskins,QB,10.5,8.7,2019,14
Allen Robinson,WR,10.5,21.8,2019,14
Rashaad Penny,RB,10.1,2.6,2019,14
Tyler Boyd,WR,10.0,13.2,2019,14
Michael Gallup,WR,9.9,16.9,2019,14
David Montgomery,RB,9.8,6.6,2019,14
Devin Singletary,RB,9.7,17.8,2019,14
Kenyan Drake,RB,9.7,9.7,2019,14
Robbie Chosen,WR,9.7,25.1,2019,14
Sony Michel,RB,9.6,1.9,2019,14
Bo Scarbrough,RB,9.4,8.0,2019,14
Randall Cobb,WR,9.3,6.3,2019,14
Tarik Cohen,RB,9.3,9.1,2019,14
Odell Beckham Jr.,WR,9.2,5.9,2019,14
Christian Kirk,WR,9.0,16.9,2019,14
Tyrell Williams,WR,9.0,6.5,2019,14
George Kittle,TE,9.0,18.7,2019,14
Jamaal Williams,RB,8.9,2.4,2019,14
Cole Beasley,WR,8.8,14.9,2019,14
James Washington,WR,8.8,7.3,2019,14
Golden Tate,WR,8.7,2.1,2019,14
John Ross,WR,8.7,4.8,2019,14
Jamison Crowder,WR,8.6,5.9,2019,14
Royce Freeman,RB,8.6,11.2,2019,14
John Brown,WR,8.6,5.6,2019,14
Hunter Henry,TE,8.5,11.9,2019,14
DK Metcalf,WR,8.4,13.8,2019,14
O.J. Howard,TE,8.4,11.3,2019,14
Latavius Murray,RB,8.4,11.4,2019,14
Deebo Samuel Sr.,WR,8.4,15.9,2019,14
Tyler Lockett,WR,8.3,8.3,2019,14
Anthony Miller,WR,8.3,13.2,2019,14
Emmanuel Sanders,WR,8.1,34.1,2019,14
Kenny Stills,WR,8.1,2.8,2019,14
Jared Cook,TE,8.1,20.4,2019,14
Larry Fitzgerald,WR,8.0,5.0,2019,14
A.J. Brown,WR,7.9,33.6,2019,14
Cameron Brate,TE,7.9,13.0,2019,14
DJ Chark,WR,7.9,16.5,2019,14
Nyheim Hines,RB,7.8,4.5,2019,14
Dede Westbrook,WR,7.7,8.5,2019,14
Dallas Goedert,TE,7.6,7.1,2019,14
Mark Andrews,TE,7.5,2.4,2019,14
Terry McLaurin,WR,7.5,15.7,2019,14
Ronald Jones,RB,7.5,9.9,2019,14
David Johnson,RB,7.5,13.3,2019,14
Noah Fant,TE,7.5,21.3,2019,14
Chase Edmonds,RB,7.4,0.9,2019,14
Jason Witten,TE,7.4,8.7,2019,14
Tevin Coleman,RB,7.4,0.6,2019,14
Darius Slayton,WR,7.3,32.4,2019,14
Danny Amendola,WR,7.3,8.4,2019,14
Demaryius Thomas,WR,7.2,10.8,2019,14
Darren Fells,TE,7.2,2.2,2019,14
Ryan Griffin,TE,7.2,2.52,2019,14
Keke Coutee,WR,7.0,9.8,2019,14
Irv Smith,TE,6.9,5.1,2019,14
Marquise Brown,WR,6.9,2.8,2019,14
Benny Snell,RB,6.9,2.1,2019,14
Sammy Watkins,WR,6.8,9.0,2019,14
Matt Breida,RB,6.7,6.8,2019,14
Raheem Mostert,RB,6.7,24.9,2019,14
LeSean McCoy,RB,6.6,5.3,2019,14
Geronimo Allison,WR,6.5,2.1,2019,14
Greg Ward,WR,6.5,7.4,2019,14
Gus Edwards,RB,6.4,2.0,2019,14
Allen Lazard,WR,6.3,3.9,2019,14
Brandin Cooks,WR,6.3,0.0,2019,14
Justin Jackson,RB,6.3,2.5,2019,14
Jimmy Graham,TE,6.3,7.9,2019,14
Tyler Higbee,TE,6.2,18.6,2019,14
Vance McDonald,TE,6.2,1.3,2019,14
Russell Gage,WR,6.1,3.7,2019,14
Diontae Johnson,WR,6.1,25.6,2019,14
Sterling Shepard,WR,6.1,7.6,2019,14
Jack Doyle,TE,6.0,4.7,2019,14
Rex Burkhead,RB,5.8,1.5,2019,14
Giovani Bernard,RB,5.8,6.6,2019,14
Zach Pascal,WR,5.7,20.4,2019,14
Peyton Barber,RB,5.7,7.3,2019,14
Chris Conley,WR,5.6,1.7,2019,14
Breshad Perriman,WR,5.6,16.0,2019,14
Jalen Richard,RB,5.5,6.6,2019,14
Qadree Ollison,RB,5.5,0.6,2019,14
Jacob Hollister,TE,5.4,7.4,2019,14
Mike Gesicki,TE,5.4,1.6,2019,14
Corey Davis,WR,5.3,5.4,2019,14
Brian Hill,RB,5.3,12.2,2019,14
Jaylen Samuels,RB,5.3,5.4,2019,14
J.J. Arcega-Whiteside,WR,5.3,4.9,2019,14
Auden Tate,WR,5.2,2.6,2019,14
Mohamed Sanu,WR,5.2,2.3,2019,14
Tim Patrick,WR,5.1,7.0,2019,14
Albert Wilson,WR,5.1,1.5,2019,14
Allen Hurns,WR,5.1,11.8,2019,14
Zay Jones,WR,5.1,1.5,2019,14
Kendrick Bourne,WR,5.1,16.8,2019,14
Christian Blake,WR,5.0,0.0,2019,14
Phillip Dorsett,WR,4.9,0.0,2019,14
Marcus Johnson,WR,4.8,19.5,2019,14
Patrick Laird,RB,4.8,12.6,2019,14
Foster Moreau,TE,4.7,10.4,2019,14
Dion Lewis,RB,4.6,4.1,2019,14
J.D. McKissic,RB,4.6,5.8,2019,14
Demarcus Robinson,WR,4.6,2.2,2019,14
Tre'Quan Smith,WR,4.5,10.9,2019,14
Kelvin Harmon,WR,4.5,4.0,2019,14
Josh Reynolds,WR,4.5,2.9,2019,14
Mecole Hardman,WR,4.5,11.8,2019,14
Blake Jarwin,TE,4.5,11.0,2019,14
Kaden Smith,TE,4.5,2.9,2019,14
Ted Ginn,WR,4.4,9.0,2019,14
Jordan Akins,TE,4.4,8.9,2019,14
DeAndre Washington,RB,4.4,21.6,2019,14
Jeff Heuerman,TE,4.4,7.8,2019,14
Darrell Henderson,RB,4.4,0.0,2019,14
Frank Gore,RB,4.3,0.6,2019,14
Josh Gordon,WR,4.3,5.4,2019,14
Jarius Wright,WR,4.3,7.0,2019,14
Marcedes Lewis,TE,4.3,1.5,2019,14
Willie Snead,WR,4.3,10.3,2019,14
Bisi Johnson,WR,4.2,7.9,2019,14
David Njoku,TE,4.2,1.4,2019,14
Jakobi Meyers,WR,4.2,4.5,2019,14
Benjamin Watson,TE,4.1,1.7,2019,14
Alexander Mattison,RB,4.1,8.4,2019,14
Tyler Eifert,TE,4.1,8.9,2019,14
Jaron Brown,WR,4.1,0.0,2019,14
C.J. Prosise,RB,3.9,0.2,2019,14
Alex Erickson,WR,3.9,10.54,2019,14
DaeSean Hamilton,WR,3.9,5.6,2019,14
Damion Ratley,WR,3.8,0.0,2019,14
Ty Johnson,RB,3.7,2.0,2019,14
Jonnu Smith,TE,3.7,11.9,2019,14
Laquon Treadwell,WR,3.6,6.2,2019,14
Dawson Knox,TE,3.5,4.7,2019,14
Wendell Smallwood,RB,3.5,0.4,2019,14
Bilal Powell,RB,3.5,10.8,2019,14
Isaiah McKenzie,WR,3.5,5.5,2019,14
N'Keal Harry,TE,3.4,2.2,2019,14
Tajae Sharpe,WR,3.4,6.5,2019,14
Keelan Cole,WR,3.4,2.2,2019,14
Jeremy Sprinkle,TE,3.3,0.0,2019,14
Seth Roberts,WR,3.3,1.8,2019,14
Troy Fumagalli,TE,3.3,1.3,2019,14
Jordan Wilkins,RB,3.3,0.1,2019,14
Brandon Bolden,RB,3.2,7.0,2019,14
Nick Boyle,TE,3.1,9.0,2019,14
Matt LaCosse,TE,3.0,3.4,2019,14
David Moore,WR,2.9,2.5,2019,14
Robert Tonyan,TE,2.9,8.2,2019,14
Tyler Conklin,TE,2.9,4.3,2019,14
Malcolm Brown,RB,2.8,8.1,2019,14
C.J. Uzomah,TE,2.8,1.4,2019,14
Darwin Thompson,RB,2.7,8.3,2019,14
Hayden Hurst,TE,2.7,16.3,2019,14
Maxx Williams,TE,2.7,0.0,2019,14
Dare Ogunbowale,RB,2.7,7.8,2019,14
Keelan Doss,WR,2.6,5.6,2019,14
Parris Campbell,WR,2.6,4.2,2019,14
Trey Edmunds,RB,2.6,1.7,2019,14
Josh Hill,TE,2.5,8.4,2019,14
Jay Ajayi,RB,2.4,0.5,2019,14
Anthony Firkser,TE,2.4,4.9,2019,14
Kalif Raymond,WR,2.4,2.1,2019,14
Justin Hardy,WR,2.4,2.9,2019,14
Ryquell Armstead,RB,2.4,0.7,2019,14
Javon Wims,WR,2.3,0.0,2019,14
Charles Clay,TE,2.3,7.5,2019,14
Damiere Byrd,WR,2.3,2.0,2019,14
Taysom Hill,TE,2.2,3.5,2019,14
Reggie Bonnafon,RB,2.2,0.6,2019,14
Pharoh Cooper,WR,2.2,1.5,2019,14
Kerrith Whyte,RB,2.2,6.0,2019,14
Logan Thomas,TE,2.2,4.1,2019,14
Ian Thomas,TE,2.1,16.7,2019,14
Justice Hill,RB,1.9,0.8,2019,14
Ricky Seals-Jones,TE,1.9,3.2,2019,14
Jesse James,TE,1.9,3.3,2019,14
Cordarrelle Patterson,RB,1.8,3.8,2019,14
Ameer Abdullah,RB,1.8,1.2,2019,14
MyCole Pruitt,TE,1.8,5.2,2019,14
Malik Turner,WR,1.7,2.0,2019,14
Steven Sims,WR,1.6,8.0,2019,14
Dontrell Hilliard,RB,1.5,0.0,2019,14
Chris Manhertz,TE,1.5,2.1,2019,14
Boston Scott,RB,1.5,24.8,2019,14
Deon Cain,WR,1.4,3.2,2019,14
Nick O'Leary,TE,1.4,13.0,2019,14
Vyncint Smith,WR,1.4,4.7,2019,14
Myles Gaskin,RB,1.4,2.1,2019,14
Stephen Carlson,TE,1.3,0.0,2019,14
Tavon Austin,WR,1.3,0.0,2019,14
Luke Stocker,TE,1.3,0.0,2019,14
Daniel Brown,TE,1.2,1.7,2019,14
Braxton Berrios,WR,1.2,0.0,2019,14
Kenjon Barner,RB,1.2,0.0,2019,14
Byron Pringle,WR,1.2,2.4,2019,14
Tyler Kroft,TE,1.2,0.0,2019,14
Jesper Horsted,TE,1.1,7.6,2019,14
Andy Isabella,WR,1.1,1.5,2019,14
Robert Foster,WR,1.1,0.0,2019,14
Virgil Green,TE,1.0,8.4,2019,14
Ross Travis,TE,1.0,1.1,2019,14
Ventell Bryant,WR,1.0,0.0,2019,14
Mo Alie-Cox,TE,1.0,1.8,2019,14
Richie James,WR,0.9,-0.1,2019,14
Diontae Spencer,WR,0.9,0.0,2019,14
Patrick Ricard,RB,0.8,0.0,2019,14
Ty Montgomery,WR,0.8,9.1,2019,14
Durham Smythe,TE,0.7,1.2,2019,14
Mack Hollins,WR,0.7,0.0,2019,14
Cody Hollister,WR,0.6,0.0,2019,14
KhaDarel Hodge,WR,0.6,0.0,2019,14
Blake Bell,TE,0.6,0.0,2019,14
Stanley Morgan,WR,0.6,0.0,2019,14
Travis Homer,RB,0.6,0.0,2019,14
Devontae Booker,RB,0.6,4.4,2019,14
Jason Moore,WR,0.5,0.0,2019,14
Danny Vitale,RB,0.5,0.0,2019,14
DeAndre Carter,WR,0.5,0.0,2019,14
Clive Walford,TE,0.5,0.4,2019,14
Da'Mari Scott,WR,0.3,0.0,2019,14
Scott Simonson,TE,0.3,0.0,2019,14
J.P. Holtz,TE,0.3,8.6,2019,14
Mike Boone,RB,0.3,1.3,2019,14
Cody Core,WR,0.2,0.0,2019,14
Deonte Harty,WR,0.2,3.1,2019,14
DeAndrew White,WR,0.2,0.0,2019,14
Darrell Daniels,TE,0.2,0.0,2019,14
Michael Walker,WR,0.2,1.9,2019,14
Isaiah Ford,WR,0.1,15.2,2019,14
Andre Roberts,WR,0.1,0.0,2019,14
Justin Watson,WR,0.1,16.9,2019,14
Olamide Zaccheaus,WR,0.1,16.3,2019,14
Jace Sternberger,TE,0.1,0.0,2019,14
Brandon Zylstra,WR,0.1,1.7,2019,14
Cedrick Wilson Jr.,WR,0.1,0.0,2019,14
Buddy Howell,RB,0.1,0.0,2019,14
Ryan Nall,RB,0.0,0.0,2019,14
Senorise Perry,RB,0.0,0.0,2019,14
Garrett Celek,TE,0.0,0.0,2019,14
Jamize Olawale,RB,0.0,0.0,2019,14
Matthew Slater,WR,0.0,0.0,2019,14
Greg Dortch,WR,0.0,0.0,2019,14
De'Anthony Thomas,WR,0.0,0.0,2019,14
Tyrod Taylor,QB,0.0,6.04,2019,14
Garrett Gilbert,QB,0.0,-0.1,2019,14
Cethan Carter,TE,0.0,0.0,2019,14
Tyler Ervin,RB,0.0,0.0,2019,14
Matt Schaub,QB,0.0,-0.1,2019,14
Gardner Minshew,QB,0.0,13.58,2019,14
Eli Manning,QB,0.0,16.02,2019,14
Derek Carr,QB,0.0,20.18,2019,14
David Blough,QB,0.0,8.2,2019,14
Drew Lock,QB,0.0,23.86,2019,14
Andy Dalton,QB,0.0,9.58,2019,14
Lamar Jackson,QB,24.9,37.08,2019,15
Jameis Winston,QB,24.7,32.72,2019,15
Patrick Mahomes,QB,23.8,22.7,2019,15
Christian McCaffrey,RB,23.7,37.5,2019,15
Jimmy Garoppolo,QB,23.6,12.6,2019,15
Drew Brees,QB,22.3,28.28,2019,15
Ryan Tannehill,QB,21.3,24.16,2019,15
Deshaun Watson,QB,20.3,16.92,2019,15
Tyreek Hill,WR,20.1,23.8,2019,15
Michael Thomas,WR,19.9,30.8,2019,15
Ezekiel Elliott,RB,19.8,31.0,2019,15
Russell Wilson,QB,19.7,19.34,2019,15
Dak Prescott,QB,19.6,17.68,2019,15
Chris Carson,RB,19.3,26.7,2019,15
Derrick Henry,RB,18.9,8.6,2019,15
Leonard Fournette,RB,18.8,12.3,2019,15
Ryan Fitzpatrick,QB,18.8,20.46,2019,15
Josh Jacobs,RB,18.3,12.9,2019,15
Todd Gurley,RB,18.0,20.8,2019,15
Carson Wentz,QB,17.9,21.54,2019,15
Saquon Barkley,RB,17.6,30.3,2019,15
Alvin Kamara,RB,17.4,13.9,2019,15
Chris Godwin Jr.,WR,17.4,17.1,2019,15
David Blough,QB,17.2,8.3,2019,15
Aaron Rodgers,QB,17.0,14.42,2019,15
Travis Kelce,TE,17.0,25.2,2019,15
Mitchell Trubisky,QB,16.7,16.26,2019,15
Tom Brady,QB,16.4,12.92,2019,15
Kyler Murray,QB,16.4,16.36,2019,15
Austin Ekeler,RB,16.3,13.1,2019,15
Dalvin Cook,RB,16.3,7.3,2019,15
Nick Chubb,RB,16.3,23.8,2019,15
James White,RB,16.2,15.2,2019,15
Josh Allen,QB,16.1,16.36,2019,15
DeAndre Hopkins,WR,16.0,17.9,2019,15
Jared Goff,QB,15.8,17.56,2019,15
Baker Mayfield,QB,15.7,16.98,2019,15
Kenny Golladay,WR,15.6,7.4,2019,15
Kyle Allen,QB,15.5,11.58,2019,15
Gardner Minshew,QB,15.5,18.74,2019,15
Jacoby Brissett,QB,15.3,7.3,2019,15
Kareem Hunt,RB,15.3,15.6,2019,15
Aaron Jones,RB,14.9,17.1,2019,15
Matt Ryan,QB,14.8,19.1,2019,15
Melvin Gordon,RB,14.7,7.4,2019,15
Kirk Cousins,QB,14.6,11.68,2019,15
Drew Lock,QB,14.6,6.62,2019,15
Davante Adams,WR,14.4,23.3,2019,15
George Kittle,TE,13.2,26.4,2019,15
Emmanuel Sanders,WR,13.1,2.9,2019,15
Julian Edelman,WR,13.1,2.9,2019,15
Philip Rivers,QB,12.8,8.28,2019,15
Joe Mixon,RB,12.8,18.6,2019,15
Robert Woods,WR,12.8,5.7,2019,15
Jared Cook,TE,12.7,9.4,2019,15
Amari Cooper,WR,12.7,2.9,2019,15
Darren Waller,TE,12.6,20.2,2019,15
Mark Ingram,RB,12.6,23.6,2019,15
Miles Sanders,RB,12.3,35.2,2019,15
Keenan Allen,WR,12.3,18.9,2019,15
Zach Ertz,TE,12.2,17.1,2019,15
Jarvis Landry,WR,12.1,7.3,2019,15
Adrian Peterson,RB,12.1,18.1,2019,15
Phillip Lindsay,RB,12.1,3.2,2019,15
James Conner,RB,12.1,15.1,2019,15
DeVante Parker,WR,11.9,23.2,2019,15
Raheem Mostert,RB,11.7,12.9,2019,15
Allen Robinson,WR,11.7,19.5,2019,15
DJ Moore,WR,11.7,20.3,2019,15
Le'Veon Bell,RB,11.7,10.8,2019,15
Cooper Kupp,WR,11.6,16.1,2019,15
Will Fuller,WR,11.6,11.1,2019,15
Adam Thielen,WR,11.5,6.0,2019,15
David Montgomery,RB,11.1,5.9,2019,15
Devlin Hodges,QB,11.0,4.48,2019,15
Sam Darnold,QB,11.0,15.82,2019,15
Stefon Diggs,WR,10.7,12.0,2019,15
Deebo Samuel Sr.,WR,10.7,4.7,2019,15
Michael Gallup,WR,10.5,1.6,2019,15
Sammy Watkins,WR,10.3,9.9,2019,15
Devin Singletary,RB,10.3,8.9,2019,15
Courtland Sutton,WR,10.3,11.9,2019,15
Dwayne Haskins,QB,10.3,19.04,2019,15
Mike Williams,WR,10.3,17.1,2019,15
Kenyan Drake,RB,10.3,39.6,2019,15
Julio Jones,WR,10.1,38.4,2019,15
O.J. Howard,TE,10.1,8.6,2019,15
Latavius Murray,RB,10.0,6.9,2019,15
Marlon Mack,RB,9.9,1.9,2019,15
Andy Dalton,QB,9.9,2.14,2019,15
Darius Slayton,WR,9.7,11.1,2019,15
Cameron Brate,TE,9.7,6.3,2019,15
DK Metcalf,WR,9.6,11.6,2019,15
Tarik Cohen,RB,9.5,15.5,2019,15
A.J. Brown,WR,9.4,25.4,2019,15
Matt Breida,RB,9.3,1.7,2019,15
Christian Kirk,WR,9.3,10.1,2019,15
Tyrell Williams,WR,9.3,12.5,2019,15
DeAndre Washington,RB,9.2,4.2,2019,15
Cole Beasley,WR,9.0,1.6,2019,15
Tyler Lockett,WR,8.9,26.0,2019,15
Tevin Coleman,RB,8.8,4.0,2019,15
Patrick Laird,RB,8.8,7.4,2019,15
Devonta Freeman,RB,8.7,7.5,2019,15
T.Y. Hilton,WR,8.7,6.5,2019,15
Randall Cobb,WR,8.7,0.7,2019,15
Ronald Jones,RB,8.7,5.9,2019,15
John Brown,WR,8.6,16.9,2019,15
Sony Michel,RB,8.6,11.3,2019,15
Carlos Hyde,RB,8.6,16.4,2019,15
Anthony Miller,WR,8.5,26.8,2019,15
Terry McLaurin,WR,8.5,24.0,2019,15
Duke Johnson,RB,8.4,4.3,2019,15
Royce Freeman,RB,8.3,6.6,2019,15
Tyler Boyd,WR,8.2,5.6,2019,15
Mark Andrews,TE,8.2,15.2,2019,15
Tyler Higbee,TE,8.2,23.1,2019,15
David Johnson,RB,8.2,0.6,2019,15
Marquise Brown,WR,8.1,14.5,2019,15
Odell Beckham Jr.,WR,8.1,14.6,2019,15
Golden Tate,WR,8.0,12.1,2019,15
Breshad Perriman,WR,8.0,34.6,2019,15
Austin Hooper,TE,7.9,5.0,2019,15
Jalen Richard,RB,7.7,5.6,2019,15
Mecole Hardman,WR,7.6,2.0,2019,15
Nyheim Hines,RB,7.6,3.2,2019,15
Danny Amendola,WR,7.5,18.2,2019,15
LeSean McCoy,RB,7.4,1.6,2019,15
Dede Westbrook,WR,7.4,4.1,2019,15
Noah Fant,TE,7.4,7.6,2019,15
Hunter Henry,TE,7.3,2.9,2019,15
Robbie Chosen,WR,7.3,12.6,2019,15
Kendrick Bourne,WR,7.2,2.1,2019,15
Larry Fitzgerald,WR,7.2,7.2,2019,15
Curtis Samuel,WR,7.2,16.4,2019,15
Peyton Barber,RB,7.1,6.0,2019,15
Dallas Goedert,TE,7.0,10.5,2019,15
Jamaal Williams,RB,6.9,4.3,2019,15
James Washington,WR,6.9,13.3,2019,15
John Ross,WR,6.8,4.4,2019,15
Demarcus Robinson,WR,6.8,4.1,2019,15
Kyle Rudolph,TE,6.8,7.8,2019,15
Jason Witten,TE,6.8,13.6,2019,15
Greg Ward,WR,6.5,19.1,2019,15
Kenny Stills,WR,6.5,18.5,2019,15
Willie Snead,WR,6.4,2.5,2019,15
Tre'Quan Smith,WR,6.4,9.1,2019,15
Ted Ginn,WR,6.3,2.3,2019,15
Spencer Ware,RB,6.3,5.5,2019,15
Chase Edmonds,RB,6.3,0.0,2019,15
Brandin Cooks,WR,6.1,8.6,2019,15
Jacob Hollister,TE,6.1,5.3,2019,15
Sterling Shepard,WR,6.1,20.1,2019,15
Keelan Doss,WR,6.1,2.7,2019,15
Allen Hurns,WR,5.9,1.9,2019,15
Jimmy Graham,TE,5.9,1.0,2019,15
Jamison Crowder,WR,5.8,27.0,2019,15
Diontae Johnson,WR,5.7,11.2,2019,15
Gus Edwards,RB,5.6,3.5,2019,15
Zach Pascal,WR,5.5,8.4,2019,15
Benny Snell,RB,5.5,0.1,2019,15
Allen Lazard,WR,5.4,3.4,2019,15
Mike Gesicki,TE,5.3,8.7,2019,15
Rex Burkhead,RB,5.3,13.9,2019,15
Darren Fells,TE,5.2,1.2,2019,15
Giovani Bernard,RB,5.2,5.7,2019,15
Mohamed Sanu,WR,5.1,3.3,2019,15
Geronimo Allison,WR,5.1,3.9,2019,15
Irv Smith,TE,5.1,8.8,2019,15
J.J. Arcega-Whiteside,WR,5.0,0.0,2019,15
Zay Jones,WR,5.0,1.5,2019,15
Chris Conley,WR,5.0,20.9,2019,15
Hayden Hurst,TE,4.9,2.9,2019,15
Jonathan Williams,RB,4.9,0.0,2019,15
Kelvin Harmon,WR,4.9,4.2,2019,15
Boston Scott,RB,4.9,13.5,2019,15
Marcus Johnson,WR,4.8,5.7,2019,15
Blake Jarwin,TE,4.8,6.0,2019,15
Josh Gordon,WR,4.8,4.8,2019,15
Corey Davis,WR,4.8,8.7,2019,15
Jonnu Smith,TE,4.7,16.7,2019,15
Tony Pollard,RB,4.7,22.3,2019,15
Ross Dwelley,TE,4.7,0.0,2019,15
Jack Doyle,TE,4.6,4.1,2019,15
Albert Wilson,WR,4.6,10.9,2019,15
J.D. McKissic,RB,4.6,2.9,2019,15
Dion Lewis,RB,4.5,9.1,2019,15
Miles Boykin,WR,4.4,7.5,2019,15
Ryan Griffin,TE,4.4,-0.1,2019,15
Josh Hill,TE,4.4,7.5,2019,15
Russell Gage,WR,4.4,8.3,2019,15
Kaden Smith,TE,4.3,6.8,2019,15
Brian Hill,RB,4.3,1.6,2019,15
Tim Patrick,WR,4.3,5.6,2019,15
Justin Jackson,RB,4.3,3.7,2019,15
Ian Thomas,TE,4.2,4.3,2019,15
Brandon Bolden,RB,4.2,0.0,2019,15
Darwin Thompson,RB,4.1,4.9,2019,15
Jordan Akins,TE,4.1,2.7,2019,15
Jaylen Samuels,RB,4.0,1.4,2019,15
Dawson Knox,TE,4.0,2.1,2019,15
Seth Roberts,WR,3.9,15.6,2019,15
Dan Arnold,TE,3.9,7.6,2019,15
Jeff Heuerman,TE,3.8,0.0,2019,15
Josh Reynolds,WR,3.8,5.6,2019,15
Damion Ratley,WR,3.8,5.3,2019,15
Malcolm Brown,RB,3.8,0.0,2019,15
Alex Erickson,WR,3.7,1.6,2019,15
Scott Miller,WR,3.7,13.9,2019,15
Tajae Sharpe,WR,3.6,4.8,2019,15
Ty Johnson,RB,3.6,4.0,2019,15
Tyler Eifert,TE,3.6,7.4,2019,15
Dare Ogunbowale,RB,3.6,2.6,2019,15
Jarius Wright,WR,3.5,1.9,2019,15
Frank Gore,RB,3.4,1.5,2019,15
Tanner Hudson,TE,3.4,2.4,2019,15
Christian Blake,WR,3.3,0.0,2019,15
Demetrius Harris,TE,3.3,2.3,2019,15
Jaron Brown,WR,3.3,1.9,2019,15
Bisi Johnson,WR,3.2,3.5,2019,15
Robert Tonyan,TE,3.2,1.5,2019,15
DaeSean Hamilton,WR,3.2,3.3,2019,15
Darrell Henderson,RB,3.2,0.0,2019,15
David Moore,WR,3.1,0.0,2019,15
Marcedes Lewis,TE,3.1,1.6,2019,15
Taysom Hill,TE,3.0,12.3,2019,15
Matt LaCosse,TE,3.0,5.2,2019,15
Keelan Cole,WR,3.0,10.6,2019,15
Andre Patton,WR,2.9,1.8,2019,15
Laquon Treadwell,WR,2.9,0.0,2019,15
Charles Clay,TE,2.8,2.8,2019,15
Seth DeValve,TE,2.7,4.3,2019,15
C.J. Prosise,RB,2.7,3.5,2019,15
Qadree Ollison,RB,2.7,6.1,2019,15
Jake Kumerow,WR,2.7,5.9,2019,15
Anthony Firkser,TE,2.6,1.7,2019,15
Ryquell Armstead,RB,2.5,0.1,2019,15
Isaiah Ford,WR,2.5,5.1,2019,15
Jordan Wilkins,RB,2.5,8.7,2019,15
Logan Thomas,TE,2.4,0.0,2019,15
Tyler Conklin,TE,2.4,0.0,2019,15
Troy Fumagalli,TE,2.4,1.7,2019,15
N'Keal Harry,TE,2.3,11.7,2019,15
Kerrith Whyte,RB,2.3,0.5,2019,15
Maxx Williams,TE,2.3,1.4,2019,15
Damiere Byrd,WR,2.3,14.6,2019,15
Steven Sims,WR,2.3,15.5,2019,15
Derek Carrier,TE,2.2,1.5,2019,15
Jesse James,TE,2.2,6.1,2019,15
Jeremy Sprinkle,TE,2.2,3.3,2019,15
C.J. Uzomah,TE,2.2,1.8,2019,15
Pharoh Cooper,WR,2.2,2.7,2019,15
Marquez Valdes-Scantling,WR,2.0,0.0,2019,15
Myles Gaskin,RB,2.0,9.2,2019,15
Olamide Zaccheaus,WR,2.0,0.0,2019,15
Dontrelle Inman,WR,2.0,4.5,2019,15
Kalif Raymond,WR,1.9,1.2,2019,15
Jesper Horsted,TE,1.9,1.9,2019,15
Cordarrelle Patterson,RB,1.9,1.6,2019,15
Byron Pringle,WR,1.9,0.0,2019,15
Ricky Seals-Jones,TE,1.8,15.9,2019,15
Malik Turner,WR,1.8,5.6,2019,15
Cody Latimer,WR,1.8,3.1,2019,15
J.P. Holtz,TE,1.8,0.9,2019,15
Justice Hill,RB,1.6,1.5,2019,15
Deon Cain,WR,1.3,0.0,2019,15
Dontrell Hilliard,RB,1.3,0.0,2019,15
Nick Vannett,TE,1.2,9.0,2019,15
Ameer Abdullah,RB,1.2,2.5,2019,15
Dwayne Washington,RB,1.2,2.0,2019,15
Tevin Jones,WR,1.2,0.0,2019,15
Vyncint Smith,WR,1.2,7.0,2019,15
Devontae Booker,RB,1.1,0.5,2019,15
Richie James,WR,1.1,0.0,2019,15
Tavon Austin,WR,1.0,13.2,2019,15
Javorius Allen,RB,1.0,8.8,2019,15
Andy Isabella,WR,1.0,1.3,2019,15
Ty Montgomery,WR,1.0,2.0,2019,15
Ventell Bryant,WR,0.9,0.0,2019,15
Luke Stocker,TE,0.9,1.9,2019,15
D'Ernest Johnson,RB,0.9,0.0,2019,15
Blake Bell,TE,0.8,6.1,2019,15
Johnny Mundt,TE,0.8,3.5,2019,15
Chris Moore,WR,0.8,0.0,2019,15
Kenjon Barner,RB,0.8,1.4,2019,15
Clive Walford,TE,0.8,5.4,2019,15
Daniel Brown,TE,0.8,1.4,2019,15
Braxton Berrios,WR,0.7,0.0,2019,15
Patrick Ricard,RB,0.7,0.0,2019,15
Deonte Harty,WR,0.7,1.1,2019,15
Riley Ridley,WR,0.7,3.0,2019,15
Trevor Davis,WR,0.6,0.0,2019,15
Johnny Holton,WR,0.6,1.9,2019,15
Tyler Kroft,TE,0.6,8.4,2019,15
Chris Hogan,WR,0.6,2.3,2019,15
KhaDarel Hodge,WR,0.6,0.0,2019,15
Travis Homer,RB,0.6,0.7,2019,15
C.J. Board,WR,0.5,1.8,2019,15
Diontae Spencer,WR,0.5,0.0,2019,15
Patrick DiMarco,RB,0.4,0.0,2019,15
Michael Walker,WR,0.4,0.0,2019,15
Stanley Morgan,WR,0.4,0.0,2019,15
Mike Thomas,WR,0.4,1.5,2019,15
DeAndre Carter,WR,0.4,0.0,2019,15
Mike Boone,RB,0.4,17.6,2019,15
Ashton Dulin,WR,0.3,1.4,2019,15
Troymaine Pope,RB,0.3,0.0,2019,15
Isaac Nauta,TE,0.3,2.0,2019,15
Trevon Wesco,TE,0.2,0.0,2019,15
Da'Mari Scott,WR,0.2,0.0,2019,15
Scott Simonson,TE,0.2,1.1,2019,15
Cullen Gillaspia,RB,0.2,0.0,2019,15
Andre Roberts,WR,0.1,1.7,2019,15
Justin Watson,WR,0.1,3.7,2019,15
Cethan Carter,TE,0.0,9.3,2019,15
De'Lance Turner,RB,0.0,0.0,2019,15
Teddy Bridgewater,QB,0.0,-0.3,2019,15
Eli Manning,QB,0.0,13.32,2019,15
Chris Lacy,WR,0.0,5.8,2019,15
Senorise Perry,RB,0.0,0.0,2019,15
Tyler Ervin,RB,0.0,0.0,2019,15
Robert Griffin III,QB,0.0,0.6,2019,15
De'Anthony Thomas,WR,0.0,0.0,2019,15
Zach Gentry,TE,0.0,1.4,2019,15
Nsimba Webster,WR,0.0,0.0,2019,15
Jamal Agnew,WR,0.0,0.0,2019,15
Matthew Slater,WR,0.0,0.0,2019,15
Derek Carr,QB,0.0,15.88,2019,15
Lamar Jackson,QB,26.4,29.82,2019,16
Ezekiel Elliott,RB,23.7,15.4,2019,16
Deshaun Watson,QB,23.0,9.06,2019,16
Matt Ryan,QB,22.6,15.96,2019,16
Dak Prescott,QB,22.4,11.3,2019,16
Christian McCaffrey,RB,22.0,32.3,2019,16
Jameis Winston,QB,21.8,11.0,2019,16
Drew Brees,QB,21.5,22.86,2019,16
Michael Thomas,WR,21.4,31.6,2019,16
Patrick Mahomes,QB,20.5,25.44,2019,16
Joe Mixon,RB,20.2,9.3,2019,16
Russell Wilson,QB,19.8,10.96,2019,16
Ryan Tannehill,QB,19.6,23.68,2019,16
Leonard Fournette,RB,19.4,13.5,2019,16
Kirk Cousins,QB,19.3,6.88,2019,16
Julio Jones,WR,19.1,26.6,2019,16
Drew Lock,QB,18.6,12.68,2019,16
Ryan Fitzpatrick,QB,18.5,31.66,2019,16
Carson Wentz,QB,18.3,18.96,2019,16
Saquon Barkley,RB,18.2,43.9,2019,16
Chris Carson,RB,18.0,7.0,2019,16
DeAndre Hopkins,WR,17.9,7.3,2019,16
Tyreek Hill,WR,17.9,12.2,2019,16
Gardner Minshew,QB,17.6,14.84,2019,16
Alvin Kamara,RB,17.3,29.0,2019,16
Aaron Rodgers,QB,16.4,8.34,2019,16
Jimmy Garoppolo,QB,16.4,10.42,2019,16
Travis Kelce,TE,16.3,21.4,2019,16
Davante Adams,WR,15.8,22.6,2019,16
Austin Ekeler,RB,15.7,11.9,2019,16
Kyler Murray,QB,15.7,12.72,2019,16
Courtland Sutton,WR,15.7,9.1,2019,16
Jacoby Brissett,QB,15.6,15.66,2019,16
Mitchell Trubisky,QB,15.5,8.28,2019,16
Stefon Diggs,WR,15.4,14.7,2019,16
Mark Ingram,RB,15.3,17.1,2019,16
Philip Rivers,QB,14.8,11.16,2019,16
Nick Chubb,RB,14.8,4.5,2019,16
Todd Gurley,RB,14.8,16.8,2019,16
Keenan Allen,WR,14.3,11.6,2019,16
Aaron Jones,RB,14.2,28.0,2019,16
Melvin Gordon,RB,14.1,22.7,2019,16
Dwayne Haskins,QB,14.0,13.32,2019,16
Devonta Freeman,RB,13.8,33.7,2019,16
Kenyan Drake,RB,13.8,33.4,2019,16
Adrian Peterson,RB,13.8,13.5,2019,16
Amari Cooper,WR,13.6,6.4,2019,16
David Blough,QB,13.5,8.68,2019,16
Miles Sanders,RB,13.3,26.6,2019,16
Andy Dalton,QB,13.2,33.84,2019,16
Josh Allen,QB,12.9,20.62,2019,16
Sam Darnold,QB,12.9,9.62,2019,16
James White,RB,12.8,6.9,2019,16
Adam Thielen,WR,12.6,0.2,2019,16
Devlin Hodges,QB,12.6,-0.64,2019,16
Kenny Golladay,WR,12.5,18.6,2019,16
Baker Mayfield,QB,12.4,14.08,2019,16
Kareem Hunt,RB,12.4,8.1,2019,16
Marlon Mack,RB,12.4,18.1,2019,16
Jared Goff,QB,12.3,20.12,2019,16
DJ Moore,WR,12.3,1.1,2019,16
Kerryon Johnson,RB,12.2,5.3,2019,16
Zach Ertz,TE,12.1,6.8,2019,16
Will Fuller,WR,12.1,3.1,2019,16
Phillip Lindsay,RB,12.1,19.8,2019,16
Tom Brady,QB,12.1,17.24,2019,16
Mike Williams,WR,11.8,8.1,2019,16
Le'Veon Bell,RB,11.7,13.3,2019,16
Austin Hooper,TE,11.6,15.2,2019,16
George Kittle,TE,11.4,18.9,2019,16
Tyler Boyd,WR,10.8,33.8,2019,16
Carlos Hyde,RB,10.7,10.7,2019,16
Michael Gallup,WR,10.7,14.8,2019,16
DeVante Parker,WR,10.6,22.1,2019,16
John Ross,WR,10.5,15.0,2019,16
Raheem Mostert,RB,10.5,11.3,2019,16
Mark Andrews,TE,10.5,27.3,2019,16
Jarvis Landry,WR,10.4,14.4,2019,16
James Conner,RB,10.3,3.2,2019,16
Tarik Cohen,RB,10.3,6.3,2019,16
Allen Robinson,WR,10.3,11.3,2019,16
Tyler Lockett,WR,10.2,2.2,2019,16
Kyle Rudolph,TE,10.1,1.7,2019,16
Latavius Murray,RB,10.1,4.5,2019,16
A.J. Brown,WR,10.1,15.3,2019,16
Darren Waller,TE,10.0,7.7,2019,16
Damien Williams,RB,10.0,18.2,2019,16
Terry McLaurin,WR,10.0,15.6,2019,16
Jared Cook,TE,9.9,23.4,2019,16
Randall Cobb,WR,9.7,12.3,2019,16
David Montgomery,RB,9.6,6.9,2019,16
Royce Freeman,RB,9.3,11.7,2019,16
Breshad Perriman,WR,9.3,17.2,2019,16
Cooper Kupp,WR,9.3,13.1,2019,16
Patrick Laird,RB,9.3,2.8,2019,16
Anthony Miller,WR,9.2,1.2,2019,16
JuJu Smith-Schuster,WR,9.2,4.2,2019,16
DK Metcalf,WR,9.1,0.0,2019,16
Devin Singletary,RB,9.1,5.8,2019,16
Julian Edelman,WR,9.1,14.2,2019,16
Bo Scarbrough,RB,9.0,3.4,2019,16
O.J. Howard,TE,8.9,7.6,2019,16
Noah Fant,TE,8.9,3.0,2019,16
Sammy Watkins,WR,8.8,4.8,2019,16
Robert Woods,WR,8.7,20.3,2019,16
Kenny Stills,WR,8.6,10.7,2019,16
DJ Chark,WR,8.6,3.8,2019,16
James Washington,WR,8.6,9.1,2019,16
Christian Kirk,WR,8.5,0.9,2019,16
Emmanuel Sanders,WR,8.4,9.1,2019,16
Duke Johnson,RB,8.3,0.6,2019,16
Danny Amendola,WR,7.9,4.1,2019,16
Tony Pollard,RB,7.9,-2.0,2019,16
Marquise Brown,WR,7.9,1.6,2019,16
Irv Smith,TE,7.8,2.4,2019,16
Hunter Henry,TE,7.8,9.5,2019,16
Cameron Brate,TE,7.8,3.7,2019,16
Odell Beckham Jr.,WR,7.8,14.4,2019,16
Robbie Chosen,WR,7.8,11.2,2019,16
Jason Witten,TE,7.7,3.4,2019,16
Nyheim Hines,RB,7.6,13.6,2019,16
T.Y. Hilton,WR,7.5,5.6,2019,16
Tyrell Williams,WR,7.4,12.2,2019,16
Darius Slayton,WR,7.4,0.0,2019,16
Greg Ward,WR,7.4,11.6,2019,16
Diontae Johnson,WR,7.3,22.1,2019,16
Dallas Goedert,TE,7.3,24.1,2019,16
Sony Michel,RB,7.3,11.1,2019,16
Deebo Samuel Sr.,WR,7.2,15.9,2019,16
Curtis Samuel,WR,7.2,4.1,2019,16
Hunter Renfrow,WR,7.2,23.7,2019,16
Jamison Crowder,WR,7.2,10.0,2019,16
Golden Tate,WR,7.0,15.6,2019,16
John Brown,WR,7.0,12.6,2019,16
Giovani Bernard,RB,6.9,3.5,2019,16
Greg Olsen,TE,6.9,5.3,2019,16
Tevin Coleman,RB,6.8,3.3,2019,16
Dede Westbrook,WR,6.8,2.5,2019,16
Larry Fitzgerald,WR,6.8,14.8,2019,16
Tre'Quan Smith,WR,6.7,2.3,2019,16
Sterling Shepard,WR,6.6,19.6,2019,16
Gus Edwards,RB,6.6,8.3,2019,16
Ronald Jones,RB,6.6,19.9,2019,16
Jamaal Williams,RB,6.5,7.2,2019,16
Russell Gage,WR,6.5,10.6,2019,16
Brian Hill,RB,6.5,6.6,2019,16
Tim Patrick,WR,6.5,9.8,2019,16
Zach Pascal,WR,6.4,1.6,2019,16
David Johnson,RB,6.4,1.7,2019,16
Chris Conley,WR,6.2,13.6,2019,16
Jacob Hollister,TE,6.1,11.4,2019,16
Cole Beasley,WR,6.1,17.8,2019,16
Dion Lewis,RB,6.0,9.7,2019,16
Tyler Higbee,TE,5.9,19.4,2019,16
DeAndre Washington,RB,5.9,18.6,2019,16
Mecole Hardman,WR,5.9,0.0,2019,16
Spencer Ware,RB,5.8,5.6,2019,16
Peyton Barber,RB,5.6,-0.7,2019,16
Jaeden Graham,TE,5.6,0.0,2019,16
Demarcus Robinson,WR,5.6,2.3,2019,16
Ted Ginn,WR,5.5,0.0,2019,16
Jalen Richard,RB,5.5,6.9,2019,16
Marcus Johnson,WR,5.5,1.2,2019,16
Hayden Hurst,TE,5.4,1.9,2019,16
Blake Jarwin,TE,5.4,2.4,2019,16
Mike Gesicki,TE,5.2,26.2,2019,16
Rex Burkhead,RB,5.2,17.7,2019,16
Willie Snead,WR,5.1,0.0,2019,16
Brandin Cooks,WR,5.1,13.9,2019,16
Boston Scott,RB,5.1,7.9,2019,16
Darren Fells,TE,5.0,5.7,2019,16
Corey Davis,WR,5.0,7.0,2019,16
Nick Boyle,TE,5.0,5.4,2019,16
Damiere Byrd,WR,4.9,2.1,2019,16
Geronimo Allison,WR,4.9,2.0,2019,16
Jordan Wilkins,RB,4.9,14.4,2019,16
Allen Lazard,WR,4.9,9.5,2019,16
Tyler Eifert,TE,4.9,17.7,2019,16
Kaden Smith,TE,4.9,21.5,2019,16
Kendrick Bourne,WR,4.9,4.9,2019,16
Allen Hurns,WR,4.9,6.1,2019,16
Jack Doyle,TE,4.9,3.7,2019,16
Steven Sims,WR,4.8,25.3,2019,16
Chase Edmonds,RB,4.8,0.0,2019,16
Darwin Thompson,RB,4.7,1.4,2019,16
Qadree Ollison,RB,4.7,6.3,2019,16
Seth Roberts,WR,4.7,4.3,2019,16
Gerald Everett,TE,4.6,0.0,2019,16
Kelvin Harmon,WR,4.6,11.24,2019,16
Albert Wilson,WR,4.6,15.8,2019,16
DaeSean Hamilton,WR,4.6,18.5,2019,16
Jimmy Graham,TE,4.6,2.6,2019,16
Alex Erickson,WR,4.5,11.5,2019,16
Mike Boone,RB,4.4,4.3,2019,16
Myles Gaskin,RB,4.4,12.8,2019,16
Benny Snell,RB,4.4,1.4,2019,16
Ian Thomas,TE,4.4,4.6,2019,16
Bisi Johnson,WR,4.1,1.6,2019,16
Miles Boykin,WR,4.1,1.8,2019,16
Vance McDonald,TE,4.1,3.9,2019,16
Jonnu Smith,TE,4.0,15.3,2019,16
Josh Hill,TE,4.0,0.0,2019,16
Jaylen Samuels,RB,4.0,7.9,2019,16
Keelan Cole,WR,3.9,3.9,2019,16
Jeff Heuerman,TE,3.8,3.3,2019,16
Damion Ratley,WR,3.7,0.0,2019,16
Jordan Akins,TE,3.7,0.0,2019,16
Bilal Powell,RB,3.7,1.8,2019,16
Mohamed Sanu,WR,3.7,5.4,2019,16
Andre Patton,WR,3.7,3.8,2019,16
Dan Arnold,TE,3.6,3.0,2019,16
J.J. Arcega-Whiteside,WR,3.6,5.9,2019,16
Ty Johnson,RB,3.6,2.0,2019,16
Jakobi Meyers,WR,3.6,5.5,2019,16
Taysom Hill,TE,3.4,6.0,2019,16
Zay Jones,WR,3.4,4.4,2019,16
Ross Dwelley,TE,3.4,3.5,2019,16
Tajae Sharpe,WR,3.3,23.9,2019,16
Josh Reynolds,WR,3.3,5.2,2019,16
Javorius Allen,RB,3.2,0.0,2019,16
Laquon Treadwell,WR,3.2,0.0,2019,16
C.J. Prosise,RB,3.1,1.4,2019,16
Jake Kumerow,WR,3.1,0.0,2019,16
Seth DeValve,TE,3.0,7.5,2019,16
Dawson Knox,TE,3.0,4.3,2019,16
Jarius Wright,WR,3.0,2.9,2019,16
Tyler Conklin,TE,3.0,0.0,2019,16
Jesse James,TE,2.9,2.2,2019,16
Isaiah McKenzie,WR,2.9,3.1,2019,16
Dare Ogunbowale,RB,2.9,6.4,2019,16
Jeremy Sprinkle,TE,2.9,3.4,2019,16
Josh Perkins,TE,2.7,0.0,2019,16
Ricky Seals-Jones,TE,2.7,3.3,2019,16
Benjamin Watson,TE,2.7,4.5,2019,16
Justin Hardy,WR,2.7,0.0,2019,16
C.J. Uzomah,TE,2.6,13.7,2019,16
N'Keal Harry,TE,2.6,5.9,2019,16
Marcedes Lewis,TE,2.6,1.2,2019,16
Cordarrelle Patterson,RB,2.5,3.1,2019,16
Malcolm Brown,RB,2.5,-0.1,2019,16
Charles Clay,TE,2.5,2.6,2019,16
Brandon Bolden,RB,2.4,0.0,2019,16
Demetrius Harris,TE,2.4,7.1,2019,16
David Moore,WR,2.3,3.0,2019,16
J.P. Holtz,TE,2.3,2.3,2019,16
Trey Edmunds,RB,2.2,0.0,2019,16
Nick Vannett,TE,2.2,2.8,2019,16
Hale Hentges,TE,2.2,10.8,2019,16
Luke Willson,TE,2.2,0.0,2019,16
Matt LaCosse,TE,2.2,7.8,2019,16
Maxx Williams,TE,2.1,5.6,2019,16
Malik Turner,WR,2.1,3.3,2019,16
Isaiah Ford,WR,2.1,11.8,2019,16
Ryquell Armstead,RB,2.1,0.2,2019,16
Logan Thomas,TE,2.1,3.7,2019,16
Dontrelle Inman,WR,2.0,2.8,2019,16
MyCole Pruitt,TE,2.0,3.5,2019,16
Virgil Green,TE,2.0,1.4,2019,16
Justice Hill,RB,2.0,14.1,2019,16
Pharoh Cooper,WR,2.0,3.4,2019,16
Kalif Raymond,WR,1.9,3.2,2019,16
Stephen Carlson,TE,1.9,1.7,2019,16
Kerrith Whyte,RB,1.8,2.2,2019,16
Ameer Abdullah,RB,1.8,11.8,2019,16
Luke Stocker,TE,1.7,0.0,2019,16
Anthony Firkser,TE,1.7,0.0,2019,16
Vyncint Smith,WR,1.7,6.2,2019,16
Rico Gafford,WR,1.6,0.0,2019,16
Jesper Horsted,TE,1.6,3.0,2019,16
Dwayne Washington,RB,1.6,0.0,2019,16
Cody Latimer,WR,1.5,15.4,2019,16
Javon Wims,WR,1.5,5.6,2019,16
Blake Bell,TE,1.5,3.5,2019,16
Marquez Valdes-Scantling,WR,1.5,1.6,2019,16
Clive Walford,TE,1.4,2.5,2019,16
Tyler Kroft,TE,1.4,0.0,2019,16
Derek Carrier,TE,1.4,3.2,2019,16
Darrell Henderson,RB,1.3,0.7,2019,16
Reggie Bonnafon,RB,1.2,1.2,2019,16
Cethan Carter,TE,1.2,0.0,2019,16
Deon Cain,WR,1.2,3.0,2019,16
Devontae Booker,RB,1.2,1.2,2019,16
Kenjon Barner,RB,1.1,0.0,2019,16
Tavon Austin,WR,1.1,1.5,2019,16
Trevon Wesco,TE,1.1,4.2,2019,16
Dontrell Hilliard,RB,1.0,1.4,2019,16
Daniel Brown,TE,1.0,0.0,2019,16
Dalyn Dawkins,RB,1.0,2.4,2019,16
Mo Alie-Cox,TE,0.9,3.1,2019,16
Ty Montgomery,WR,0.9,1.8,2019,16
Chris Hogan,WR,0.9,3.6,2019,16
Chris Lacy,WR,0.8,0.0,2019,16
Robert Foster,WR,0.8,0.0,2019,16
Ventell Bryant,WR,0.8,0.0,2019,16
Travis Homer,RB,0.8,10.2,2019,16
Durham Smythe,TE,0.8,3.8,2019,16
Rashard Higgins,WR,0.8,0.0,2019,16
Ross Travis,TE,0.7,2.9,2019,16
Robert Davis,WR,0.7,1.6,2019,16
Justin Watson,WR,0.7,15.3,2019,16
Deonte Harty,WR,0.7,1.0,2019,16
Diontae Spencer,WR,0.7,0.0,2019,16
Trent Sherfield,WR,0.6,0.0,2019,16
Richie James,WR,0.6,0.0,2019,16
Braxton Berrios,WR,0.6,0.0,2019,16
Stanley Morgan,WR,0.5,0.0,2019,16
Mack Hollins,WR,0.4,0.0,2019,16
Trevor Davis,WR,0.4,0.0,2019,16
Cody Hollister,WR,0.4,0.0,2019,16
Danny Vitale,RB,0.4,0.0,2019,16
KhaDarel Hodge,WR,0.4,1.6,2019,16
Dalton Schultz,TE,0.4,0.0,2019,16
Brandon Zylstra,WR,0.4,1.3,2019,16
Chris Moore,WR,0.4,0.0,2019,16
Michael Walker,WR,0.3,0.0,2019,16
D'Ernest Johnson,RB,0.3,0.0,2019,16
DeAndre Carter,WR,0.3,6.4,2019,16
Troymaine Pope,RB,0.3,0.0,2019,16
Ishmael Hyman,WR,0.3,4.1,2019,16
Andre Roberts,WR,0.2,0.0,2019,16
Da'Mari Scott,WR,0.1,2.6,2019,16
Darrell Daniels,TE,0.1,0.0,2019,16
Buddy Howell,RB,0.1,0.0,2019,16
DeAndrew White,WR,0.1,2.2,2019,16
Cam Sims,WR,0.1,2.5,2019,16
Tyrod Taylor,QB,0.0,-0.2,2019,16
Mason Rudolph,QB,0.0,9.16,2019,16
Matt Moore,QB,0.0,-0.1,2019,16
Derek Carr,QB,0.0,21.94,2019,16
De'Lance Turner,RB,0.0,0.6,2019,16
Ryan Nall,RB,0.0,0.0,2019,16
Rod Smith,RB,0.0,0.0,2019,16
Senorise Perry,RB,0.0,0.0,2019,16
Tyler Ervin,RB,0.0,1.6,2019,16
Taiwan Jones,RB,0.0,0.0,2019,16
Brian Hoyer,QB,0.0,-0.2,2019,16
Case Keenum,QB,0.0,16.42,2019,16
Daniel Jones,QB,0.0,35.28,2019,16
Brett Hundley,QB,0.0,5.46,2019,16
De'Anthony Thomas,WR,0.0,0.0,2019,16
Nsimba Webster,WR,0.0,0.0,2019,16
Jamal Agnew,WR,0.0,6.0,2019,16
Ezekiel Elliott,RB,28.0,27.4,2019,17
Dak Prescott,QB,24.5,29.62,2019,17
Drew Brees,QB,22.9,22.02,2019,17
Jameis Winston,QB,22.9,14.54,2019,17
Ryan Tannehill,QB,22.2,17.92,2019,17
Michael Thomas,WR,21.8,7.7,2019,17
Carson Wentz,QB,21.7,17.06,2019,17
Davante Adams,WR,21.5,22.3,2019,17
Christian McCaffrey,RB,21.4,22.8,2019,17
Tom Brady,QB,21.1,14.84,2019,17
Alvin Kamara,RB,20.6,19.7,2019,17
Aaron Rodgers,QB,20.6,19.02,2019,17
Patrick Mahomes,QB,20.4,11.06,2019,17
Aaron Jones,RB,20.0,16.3,2019,17
Todd Gurley,RB,20.0,10.9,2019,17
Saquon Barkley,RB,19.5,20.7,2019,17
Matt Ryan,QB,18.9,14.52,2019,17
Joe Mixon,RB,18.7,30.6,2019,17
Julio Jones,WR,18.1,14.8,2019,17
Jacoby Brissett,QB,18.0,4.18,2019,17
Nick Chubb,RB,17.9,5.2,2019,17
Derrick Henry,RB,17.4,39.1,2019,17
Josh Allen,QB,17.3,0.2,2019,17
Baker Mayfield,QB,17.1,20.06,2019,17
Kareem Hunt,RB,17.0,6.6,2019,17
James White,RB,16.8,12.7,2019,17
Jared Goff,QB,16.8,25.16,2019,17
Kenyan Drake,RB,16.6,17.3,2019,17
Jimmy Garoppolo,QB,16.5,11.8,2019,17
Russell Wilson,QB,16.2,20.22,2019,17
Tyreek Hill,WR,16.0,10.1,2019,17
Miles Sanders,RB,15.6,8.1,2019,17
Travis Kelce,TE,15.4,5.4,2019,17
Drew Lock,QB,15.3,11.98,2019,17
Marlon Mack,RB,15.1,19.7,2019,17
Kyler Murray,QB,14.9,13.0,2019,17
Mitchell Trubisky,QB,14.5,6.38,2019,17
Darren Waller,TE,14.5,16.7,2019,17
Ryan Fitzpatrick,QB,14.4,24.3,2019,17
Andy Dalton,QB,14.3,16.6,2019,17
Gardner Minshew,QB,14.0,24.5,2019,17
Robert Woods,WR,13.5,20.6,2019,17
Julian Edelman,WR,13.2,5.6,2019,17
Phillip Lindsay,RB,13.1,5.3,2019,17
Courtland Sutton,WR,12.9,9.2,2019,17
Le'Veon Bell,RB,12.8,12.7,2019,17
Austin Ekeler,RB,12.8,17.9,2019,17
Melvin Gordon,RB,12.7,24.2,2019,17
Kerryon Johnson,RB,12.4,11.3,2019,17
Amari Cooper,WR,12.3,13.8,2019,17
Cooper Kupp,WR,12.3,22.9,2019,17
David Blough,QB,12.3,12.88,2019,17
George Kittle,TE,12.0,16.3,2019,17
Jared Cook,TE,12.0,12.4,2019,17
Devonta Freeman,RB,11.8,9.3,2019,17
Adrian Peterson,RB,11.7,6.8,2019,17
Allen Robinson,WR,11.7,16.3,2019,17
Tarik Cohen,RB,11.5,15.4,2019,17
Tyler Higbee,TE,11.2,22.4,2019,17
Kenny Golladay,WR,11.2,10.2,2019,17
Hunter Renfrow,WR,11.2,22.2,2019,17
Randall Cobb,WR,11.1,13.1,2019,17
Sam Darnold,QB,11.1,9.76,2019,17
Breshad Perriman,WR,11.1,24.4,2019,17
Sony Michel,RB,11.0,13.4,2019,17
Michael Gallup,WR,11.0,32.8,2019,17
Jarvis Landry,WR,11.0,16.2,2019,17
Keenan Allen,WR,10.9,23.2,2019,17
Philip Rivers,QB,10.9,15.74,2019,17
Devlin Hodges,QB,10.9,1.7,2019,17
Tyler Boyd,WR,10.7,10.9,2019,17
Raheem Mostert,RB,10.5,20.3,2019,17
David Montgomery,RB,10.5,17.3,2019,17
Rex Burkhead,RB,9.9,6.4,2019,17
Latavius Murray,RB,9.7,8.5,2019,17
Greg Ward,WR,9.5,10.3,2019,17
Carlos Hyde,RB,9.5,1.3,2019,17
Royce Freeman,RB,9.5,1.4,2019,17
A.J. Brown,WR,9.5,22.4,2019,17
Damien Williams,RB,9.5,31.4,2019,17
Ronald Jones,RB,9.4,11.6,2019,17
Dallas Goedert,TE,9.4,10.5,2019,17
Odell Beckham Jr.,WR,9.3,17.1,2019,17
Jason Witten,TE,9.2,6.4,2019,17
Austin Hooper,TE,9.0,11.5,2019,17
Darius Slayton,WR,8.9,9.0,2019,17
O.J. Howard,TE,8.9,0.0,2019,17
Anthony Miller,WR,8.8,1.5,2019,17
John Ross,WR,8.8,6.0,2019,17
Nyheim Hines,RB,8.5,8.6,2019,17
Mike Williams,WR,8.5,5.8,2019,17
Tony Pollard,RB,8.5,7.5,2019,17
Diontae Johnson,WR,8.4,9.4,2019,17
Tyler Lockett,WR,8.2,17.1,2019,17
Sammy Watkins,WR,8.2,1.8,2019,17
DeAndre Washington,RB,8.1,21.2,2019,17
Emmanuel Sanders,WR,8.0,5.5,2019,17
DeVante Parker,WR,7.9,21.7,2019,17
Bo Scarbrough,RB,7.6,4.2,2019,17
Sterling Shepard,WR,7.6,8.9,2019,17
James Washington,WR,7.6,0.0,2019,17
Golden Tate,WR,7.5,17.8,2019,17
Noah Fant,TE,7.4,1.4,2019,17
JuJu Smith-Schuster,WR,7.3,2.6,2019,17
Brandin Cooks,WR,7.3,7.0,2019,17
Cameron Brate,TE,7.2,7.2,2019,17
T.Y. Hilton,WR,7.2,10.2,2019,17
DK Metcalf,WR,7.1,20.1,2019,17
Larry Fitzgerald,WR,7.1,8.5,2019,17
Giovani Bernard,RB,6.9,0.4,2019,17
Christian Kirk,WR,6.9,13.6,2019,17
Robbie Chosen,WR,6.9,4.8,2019,17
Curtis Samuel,WR,6.9,3.3,2019,17
Deebo Samuel Sr.,WR,6.8,24.5,2019,17
Matt Breida,RB,6.8,1.6,2019,17
Keke Coutee,WR,6.7,1.7,2019,17
Allen Lazard,WR,6.7,16.9,2019,17
Hunter Henry,TE,6.6,15.2,2019,17
Dion Lewis,RB,6.6,0.7,2019,17
Tyler Eifert,TE,6.5,5.4,2019,17
Jamison Crowder,WR,6.5,20.6,2019,17
DJ Chark,WR,6.5,7.4,2019,17
Russell Gage,WR,6.5,13.8,2019,17
Tim Patrick,WR,6.5,2.4,2019,17
Patrick Laird,RB,6.4,10.9,2019,17
Marquise Brown,WR,6.3,3.5,2019,17
Duke Johnson,RB,6.3,16.7,2019,17
Tevin Coleman,RB,6.3,2.8,2019,17
DaeSean Hamilton,WR,6.2,11.5,2019,17
Danny Amendola,WR,6.2,8.36,2019,17
Jonnu Smith,TE,6.2,0.7,2019,17
Blake Jarwin,TE,6.1,0.0,2019,17
Jalen Richard,RB,6.1,7.9,2019,17
Boston Scott,RB,5.8,35.8,2019,17
Peyton Barber,RB,5.8,5.5,2019,17
Jack Doyle,TE,5.7,1.6,2019,17
Tre'Quan Smith,WR,5.6,16.6,2019,17
Zach Pascal,WR,5.6,2.4,2019,17
Steven Sims,WR,5.6,18.5,2019,17
Mohamed Sanu,WR,5.6,6.5,2019,17
Irv Smith,TE,5.5,2.1,2019,17
Chris Conley,WR,5.5,6.8,2019,17
T.J. Yeldon,RB,5.5,7.2,2019,17
Phillip Dorsett,WR,5.5,6.0,2019,17
Jimmy Graham,TE,5.4,8.9,2019,17
Jacob Hollister,TE,5.3,6.5,2019,17
Tajae Sharpe,WR,5.3,2.3,2019,17
Geronimo Allison,WR,5.2,4.7,2019,17
Marcus Johnson,WR,5.1,5.1,2019,17
Corey Davis,WR,5.1,8.4,2019,17
Dede Westbrook,WR,5.0,22.2,2019,17
Kaden Smith,TE,5.0,17.8,2019,17
Greg Olsen,TE,4.9,3.2,2019,17
Duke Williams,WR,4.8,16.8,2019,17
Demarcus Robinson,WR,4.8,9.4,2019,17
Jaylen Samuels,RB,4.8,2.6,2019,17
Ted Ginn,WR,4.8,2.0,2019,17
Kendrick Bourne,WR,4.7,0.0,2019,17
Mike Gesicki,TE,4.7,13.4,2019,17
Gus Edwards,RB,4.7,12.2,2019,17
Mecole Hardman,WR,4.6,10.0,2019,17
Christian Blake,WR,4.5,0.0,2019,17
Brian Hill,RB,4.5,2.1,2019,17
Zay Jones,WR,4.5,4.1,2019,17
Alex Erickson,WR,4.5,3.1,2019,17
Albert Wilson,WR,4.3,11.7,2019,17
Benjamin Watson,TE,4.2,1.4,2019,17
Kelvin Harmon,WR,4.2,6.3,2019,17
Josh Reynolds,WR,4.1,0.0,2019,17
Vance McDonald,TE,4.1,3.9,2019,17
Seth Roberts,WR,4.0,0.0,2019,17
C.J. Uzomah,TE,3.8,13.5,2019,17
Nick Boyle,TE,3.8,1.6,2019,17
Willie Snead,WR,3.8,5.2,2019,17
Justin Jackson,RB,3.8,1.1,2019,17
Darwin Thompson,RB,3.8,2.3,2019,17
Bilal Powell,RB,3.7,2.7,2019,17
Demetrius Harris,TE,3.7,0.0,2019,17
Hayden Hurst,TE,3.6,5.5,2019,17
Benny Snell,RB,3.6,15.1,2019,17
Chase Edmonds,RB,3.6,-0.1,2019,17
Damiere Byrd,WR,3.6,18.4,2019,17
Ian Thomas,TE,3.6,2.2,2019,17
Qadree Ollison,RB,3.5,0.9,2019,17
Dare Ogunbowale,RB,3.5,0.4,2019,17
J.D. McKissic,RB,3.5,1.4,2019,17
Taysom Hill,TE,3.5,11.9,2019,17
Ty Johnson,RB,3.4,6.5,2019,17
Wendell Smallwood,RB,3.4,0.5,2019,17
Josh Hill,TE,3.4,6.5,2019,17
Robert Tonyan,TE,3.4,2.9,2019,17
Miles Boykin,WR,3.3,0.0,2019,17
Isaiah McKenzie,WR,3.3,5.7,2019,17
Dan Arnold,TE,3.3,17.6,2019,17
Mike Boone,RB,3.3,24.0,2019,17
N'Keal Harry,TE,3.3,6.8,2019,17
Jarius Wright,WR,3.3,3.0,2019,17
Seth DeValve,TE,3.3,1.4,2019,17
Frank Gore,RB,3.2,7.2,2019,17
Keelan Cole,WR,3.2,15.7,2019,17
Justin Watson,WR,3.2,4.7,2019,17
Jake Kumerow,WR,3.1,1.7,2019,17
Bisi Johnson,WR,3.1,6.4,2019,17
Andre Patton,WR,3.0,0.0,2019,17
Hale Hentges,TE,3.0,10.2,2019,17
Malcolm Brown,RB,3.0,10.2,2019,17
Cordarrelle Patterson,RB,2.9,1.4,2019,17
Damion Ratley,WR,2.8,14.4,2019,17
Marcedes Lewis,TE,2.8,2.2,2019,17
Troy Fumagalli,TE,2.8,1.9,2019,17
Brandon Bolden,RB,2.8,0.0,2019,17
Jordan Akins,TE,2.6,10.4,2019,17
Isaiah Ford,WR,2.6,13.5,2019,17
Jeremy Sprinkle,TE,2.6,4.8,2019,17
MyCole Pruitt,TE,2.5,9.3,2019,17
Jesse James,TE,2.4,2.5,2019,17
Ameer Abdullah,RB,2.3,6.6,2019,17
Maxx Williams,TE,2.3,3.3,2019,17
Javon Wims,WR,2.3,5.3,2019,17
Derek Carrier,TE,2.2,1.4,2019,17
Justice Hill,RB,2.2,11.9,2019,17
Laquon Treadwell,WR,2.2,0.0,2019,17
Tyler Conklin,TE,2.2,1.9,2019,17
David Moore,WR,2.1,5.0,2019,17
Javorius Allen,RB,2.1,2.3,2019,17
Josh Perkins,TE,2.1,15.0,2019,17
Kerrith Whyte,RB,2.0,0.1,2019,17
Justin Hardy,WR,2.0,7.0,2019,17
Pharoh Cooper,WR,2.0,3.4,2019,17
Vyncint Smith,WR,1.9,8.6,2019,17
Logan Thomas,TE,1.9,2.5,2019,17
Anthony Firkser,TE,1.9,1.5,2019,17
Olamide Zaccheaus,WR,1.9,4.2,2019,17
Dontrelle Inman,WR,1.9,1.6,2019,17
Cody Latimer,WR,1.8,3.2,2019,17
Marquez Valdes-Scantling,WR,1.8,3.9,2019,17
Fred Brown,WR,1.8,0.0,2019,17
Dexter Williams,RB,1.7,0.9,2019,17
Jaron Brown,WR,1.7,0.0,2019,17
Mo Alie-Cox,TE,1.6,2.5,2019,17
Trevon Wesco,TE,1.6,0.0,2019,17
Rico Gafford,WR,1.6,2.7,2019,17
Ryquell Armstead,RB,1.6,19.5,2019,17
Blake Bell,TE,1.5,1.1,2019,17
Virgil Green,TE,1.5,0.0,2019,17
Mike Davis,RB,1.3,0.2,2019,17
Tommy Sweeney,TE,1.3,12.6,2019,17
Johnny Mundt,TE,1.3,1.2,2019,17
Dwayne Washington,RB,1.3,0.2,2019,17
Reggie Bonnafon,RB,1.2,6.2,2019,17
Tavon Austin,WR,1.2,1.1,2019,17
Marcell Ateman,WR,1.1,5.6,2019,17
Devontae Booker,RB,1.1,3.7,2019,17
Luke Stocker,TE,1.1,2.0,2019,17
Cethan Carter,TE,1.1,0.0,2019,17
Riley Ridley,WR,1.0,8.4,2019,17
Robert Davis,WR,0.9,0.0,2019,17
Tanner Hudson,TE,0.9,0.0,2019,17
Chris Hogan,WR,0.9,3.4,2019,17
Tyler Kroft,TE,0.8,1.5,2019,17
Robert Foster,WR,0.8,0.0,2019,17
Ty Montgomery,WR,0.8,0.0,2019,17
Deonte Harty,WR,0.8,1.3,2019,17
Daniel Brown,TE,0.8,6.2,2019,17
Durham Smythe,TE,0.8,1.8,2019,17
Kenjon Barner,RB,0.6,0.0,2019,17
KhaDarel Hodge,WR,0.6,2.9,2019,17
Chris Lacy,WR,0.6,3.2,2019,17
Travis Homer,RB,0.6,14.2,2019,17
Richie James,WR,0.5,0.0,2019,17
Ashton Dulin,WR,0.5,0.0,2019,17
Diontae Spencer,WR,0.5,-0.8,2019,17
Alexander Hollins,WR,0.5,6.6,2019,17
Braxton Berrios,WR,0.4,2.1,2019,17
Steven Mitchell,WR,0.4,5.7,2019,17
Cam Sims,WR,0.4,2.2,2019,17
Brandon Zylstra,WR,0.4,15.6,2019,17
D'Ernest Johnson,RB,0.4,0.0,2019,17
Da'Mari Scott,WR,0.3,0.0,2019,17
Eric Saubert,TE,0.3,2.0,2019,17
Tyler Ervin,RB,0.3,2.5,2019,17
Travis Fulgham,WR,0.3,0.0,2019,17
Jason Moore,WR,0.3,0.0,2019,17
DeAndre Carter,WR,0.3,12.5,2019,17
Trevor Davis,WR,0.3,0.0,2019,17
Chris Moore,WR,0.3,0.0,2019,17
Mack Hollins,WR,0.2,0.0,2019,17
Darius Jennings,WR,0.2,0.0,2019,17
Devine Ozigbo,RB,0.2,8.0,2019,17
Troymaine Pope,RB,0.2,0.0,2019,17
DeAndrew White,WR,0.1,5.1,2019,17
Jace Sternberger,TE,0.1,0.0,2019,17
Robert Griffin III,QB,0.0,6.84,2019,17
Teddy Bridgewater,QB,0.0,0.26,2019,17
Will Grier,QB,0.0,-3.34,2019,17
Rod Smith,RB,0.0,0.0,2019,17
Ryan Nall,RB,0.0,0.8,2019,17
Samaje Perine,RB,0.0,1.6,2019,17
Senorise Perry,RB,0.0,1.4,2019,17
Taiwan Jones,RB,0.0,5.9,2019,17
De'Anthony Thomas,WR,0.0,0.1,2019,17
Charles Jones,TE,0.0,1.5,2019,17
Derek Carr,QB,0.0,19.64,2019,17
Daniel Jones,QB,0.0,14.64,2019,17
Case Keenum,QB,0.0,10.24,2019,17
Buddy Howell,RB,0.0,0.5,2019,17
Jamal Agnew,WR,0.0,0.8,2019,17
Nsimba Webster,WR,0.0,0.0,2019,17
Marcus Mariota,QB,0.0,0.96,2019,17
Kyle Allen,QB,0.0,10.3,2019,17
Brett Hundley,QB,0.0,0.6,2019,17
AJ McCarron,QB,0.0,16.9,2019,17
Patrick Mahomes,QB,31.1,29.7,2020,5
Dak Prescott,QB,30.4,13.44,2020,5
Josh Allen,QB,29.8,16.32,2020,5
Russell Wilson,QB,29.2,24.48,2020,5
James Robinson,RB,26.4,10.0,2020,5
Lamar Jackson,QB,26.1,13.5,2020,5
Kyler Murray,QB,25.1,26.3,2020,5
Alvin Kamara,RB,24.3,19.9,2020,5
Dalvin Cook,RB,22.9,19.9,2020,5
Ezekiel Elliott,RB,22.8,23.5,2020,5
Amari Cooper,WR,22.5,4.1,2020,5
Gardner Minshew,QB,21.9,19.84,2020,5
Tyler Lockett,WR,21.2,8.4,2020,5
Matt Ryan,QB,21.1,6.94,2020,5
Justin Herbert,QB,21.1,27.36,2020,5
Jared Goff,QB,21.1,24.36,2020,5
Cooper Kupp,WR,20.2,11.6,2020,5
DK Metcalf,WR,19.7,27.3,2020,5
Teddy Bridgewater,QB,19.4,20.82,2020,5
Tyreek Hill,WR,19.1,18.3,2020,5
Mark Andrews,TE,18.9,17.6,2020,5
Deshaun Watson,QB,18.8,24.86,2020,5
Chris Carson,RB,18.6,19.9,2020,5
Stefon Diggs,WR,18.6,20.6,2020,5
DeAndre Hopkins,WR,18.3,25.1,2020,5
Josh Jacobs,RB,18.0,22.5,2020,5
Calvin Ridley,WR,17.9,21.6,2020,5
James Conner,RB,17.6,15.3,2020,5
Drew Brees,QB,17.5,21.1,2020,5
Derek Carr,QB,17.4,23.98,2020,5
Ben Roethlisberger,QB,17.3,21.36,2020,5
Todd Gurley,RB,17.3,25.0,2020,5
Derrick Henry,RB,17.1,19.3,2020,5
DJ Chark,WR,17.0,4.6,2020,5
Travis Kelce,TE,16.3,24.8,2020,5
George Kittle,TE,16.3,8.4,2020,5
Keenan Allen,WR,16.0,10.9,2020,5
Daniel Jones,QB,15.9,8.18,2020,5
CeeDee Lamb,WR,15.6,20.4,2020,5
Clyde Edwards-Helaire,RB,15.2,11.0,2020,5
Robbie Chosen,WR,15.1,19.5,2020,5
Ryan Tannehill,QB,15.0,30.0,2020,5
Tom Brady,QB,15.0,14.12,2020,5
Allen Robinson,WR,15.0,19.0,2020,5
Philip Rivers,QB,14.9,5.62,2020,5
Michael Gallup,WR,14.8,11.3,2020,5
Robert Woods,WR,14.7,17.1,2020,5
Ryan Fitzpatrick,QB,14.6,27.6,2020,5
Nick Foles,QB,14.6,11.62,2020,5
Marquise Brown,WR,14.2,19.8,2020,5
Tyler Higbee,TE,14.2,3.2,2020,5
Adam Thielen,WR,13.9,29.3,2020,5
DJ Moore,WR,13.8,19.3,2020,5
Kirk Cousins,QB,13.6,14.16,2020,5
Joe Burrow,QB,13.3,4.32,2020,5
Joe Mixon,RB,13.3,15.4,2020,5
Raheem Mostert,RB,13.2,14.9,2020,5
Diontae Johnson,WR,13.2,0.8,2020,5
Jonathan Taylor,RB,13.0,15.4,2020,5
Kenyan Drake,RB,12.9,13.2,2020,5
Tyler Boyd,WR,12.6,8.2,2020,5
Will Fuller,WR,12.6,15.8,2020,5
Devin Singletary,RB,12.5,4.3,2020,5
Mike Evans,WR,12.5,15.1,2020,5
Darius Slayton,WR,12.2,20.9,2020,5
Darren Waller,TE,12.1,15.8,2020,5
Mark Ingram,RB,12.0,5.7,2020,5
David Montgomery,RB,11.9,18.9,2020,5
Russell Gage,WR,11.9,3.6,2020,5
JuJu Smith-Schuster,WR,11.9,6.8,2020,5
Carson Wentz,QB,11.7,17.42,2020,5
David Johnson,RB,11.5,12.3,2020,5
Evan Engram,TE,11.2,9.5,2020,5
Keelan Cole,WR,11.2,10.7,2020,5
Jerick McKinnon,RB,11.2,2.5,2020,5
Jamison Crowder,WR,11.1,25.6,2020,5
Cole Beasley,WR,11.1,11.3,2020,5
Baker Mayfield,QB,11.0,15.58,2020,5
Miles Sanders,RB,10.8,23.9,2020,5
Sammy Watkins,WR,10.8,10.4,2020,5
Justin Jefferson,WR,10.8,5.3,2020,5
DeVante Parker,WR,10.6,13.0,2020,5
Eric Ebron,TE,10.5,7.3,2020,5
Kareem Hunt,RB,10.3,18.3,2020,5
Emmanuel Sanders,WR,10.3,24.2,2020,5
Tre'Quan Smith,WR,10.2,2.8,2020,5
Chase Edmonds,RB,10.2,20.2,2020,5
Ronald Jones,RB,10.0,15.5,2020,5
Mike Davis,RB,9.9,29.9,2020,5
David Moore,WR,9.8,0.0,2020,5
Terry McLaurin,WR,9.7,5.6,2020,5
Jared Cook,TE,9.7,13.2,2020,5
Randall Cobb,WR,9.6,10.7,2020,5
Laviska Shenault Jr.,WR,9.6,29.8,2020,5
Latavius Murray,RB,9.5,7.7,2020,5
Antonio Gibson,RB,9.5,10.1,2020,5
Hunter Henry,TE,9.4,12.3,2020,5
J.K. Dobbins,RB,9.2,8.5,2020,5
A.J. Brown,WR,9.2,21.2,2020,5
Mecole Hardman,WR,9.1,7.0,2020,5
Golden Tate,WR,9.1,8.2,2020,5
T.Y. Hilton,WR,9.1,12.9,2020,5
Hunter Renfrow,WR,9.0,5.2,2020,5
Malcolm Brown,RB,9.0,3.4,2020,5
Odell Beckham Jr.,WR,8.8,22.84,2020,5
Darrell Henderson,RB,8.6,21.8,2020,5
Nyheim Hines,RB,8.5,5.0,2020,5
Tee Higgins,WR,8.4,10.2,2020,5
Le'Veon Bell,RB,8.4,7.7,2020,5
Dalton Schultz,TE,8.4,1.6,2020,5
Curtis Samuel,WR,8.3,11.4,2020,5
Hayden Hurst,TE,8.2,2.8,2020,5
Brian Hill,RB,8.2,7.4,2020,5
Joshua Kelley,RB,8.1,4.8,2020,5
Willie Snead,WR,8.1,0.0,2020,5
Greg Olsen,TE,8.1,3.0,2020,5
Jonnu Smith,TE,7.9,21.0,2020,5
Jimmy Graham,TE,7.8,12.3,2020,5
Myles Gaskin,RB,7.8,20.1,2020,5
Gabe Davis,WR,7.7,10.8,2020,5
Olamide Zaccheaus,WR,7.5,2.3,2020,5
Zach Pascal,WR,7.3,3.5,2020,5
Darnell Mooney,WR,7.3,3.5,2020,5
Christian Kirk,WR,7.3,12.8,2020,5
Larry Fitzgerald,WR,7.3,7.5,2020,5
Mo Alie-Cox,TE,7.2,0.0,2020,5
Miles Boykin,WR,7.1,0.0,2020,5
Tyler Eifert,TE,7.1,4.6,2020,5
Brandin Cooks,WR,6.9,30.1,2020,5
Anthony Miller,WR,6.8,6.8,2020,5
Kendrick Bourne,WR,6.8,11.0,2020,5
Jeff Wilson,RB,6.8,5.4,2020,5
Chase Claypool,WR,6.7,42.6,2020,5
Josh Reynolds,WR,6.7,6.6,2020,5
James Washington,WR,6.6,5.5,2020,5
Frank Gore,RB,6.6,3.0,2020,5
Devonta Freeman,RB,6.5,16.7,2020,5
Jarvis Landry,WR,6.5,12.8,2020,5
Mike Williams,WR,6.5,27.9,2020,5
Austin Hooper,TE,6.4,10.7,2020,5
Chris Conley,WR,6.3,7.8,2020,5
Will Dissly,TE,6.3,8.9,2020,5
Brandon Aiyuk,WR,6.3,7.4,2020,5
Ian Thomas,TE,6.3,0.0,2020,5
Gus Edwards,RB,6.1,2.5,2020,5
Jack Doyle,TE,6.0,0.0,2020,5
Mike Gesicki,TE,6.0,14.1,2020,5
Alexander Mattison,RB,5.9,16.6,2020,5
Zach Ertz,TE,5.9,1.6,2020,5
Gerald Everett,TE,5.7,13.0,2020,5
J.D. McKissic,RB,5.7,10.9,2020,5
Henry Ruggs III,WR,5.6,39.6,2020,5
Isaiah Wright,WR,5.6,1.3,2020,5
Tyler Kroft,TE,5.6,0.0,2020,5
Isaiah Ford,WR,5.6,4.3,2020,5
Freddie Swain,WR,5.5,3.4,2020,5
Nelson Agholor,WR,5.5,14.7,2020,5
Jordan Wilkins,RB,5.4,0.1,2020,5
Preston Williams,WR,5.4,20.6,2020,5
Jalen Richard,RB,5.0,7.0,2020,5
Cedrick Wilson Jr.,WR,5.0,21.28,2020,5
James O'Shaughnessy,TE,5.0,5.0,2020,5
Benny Snell,RB,5.0,1.9,2020,5
Jeff Smith,WR,4.9,5.3,2020,5
Dontrelle Inman,WR,4.8,0.8,2020,5
Tony Pollard,RB,4.8,5.2,2020,5
Darren Fells,TE,4.7,13.7,2020,5
Rob Gronkowski,TE,4.6,8.2,2020,5
Demarcus Robinson,WR,4.6,2.2,2020,5
Dawson Knox,TE,4.6,2.5,2020,5
Travis Homer,RB,4.5,1.4,2020,5
DeeJay Dallas,RB,4.4,0.0,2020,5
KeeSean Johnson,WR,4.4,1.5,2020,5
Kyle Rudolph,TE,4.4,2.0,2020,5
Nick Boyle,TE,4.4,1.2,2020,5
Ito Smith,RB,4.3,0.6,2020,5
Boston Scott,RB,4.3,0.3,2020,5
Dion Lewis,RB,4.3,2.1,2020,5
Bisi Johnson,WR,4.2,4.6,2020,5
Duke Johnson,RB,4.2,2.9,2020,5
Cam Akers,RB,4.1,6.1,2020,5
Wayne Gallman,RB,4.1,4.4,2020,5
La'Mical Perine,RB,4.0,0.0,2020,5
Devontae Booker,RB,4.0,7.7,2020,5
Matt Breida,RB,4.0,6.9,2020,5
Andy Isabella,WR,3.9,5.0,2020,5
Giovani Bernard,RB,3.9,1.4,2020,5
Deebo Samuel Sr.,WR,3.9,4.2,2020,5
Braxton Berrios,WR,3.9,1.3,2020,5
Darrel Williams,RB,3.8,4.9,2020,5
Ke'Shawn Vaughn,RB,3.8,0.5,2020,5
Vance McDonald,TE,3.7,1.4,2020,5
Anthony Firkser,TE,3.7,4.9,2020,5
Kaden Smith,TE,3.6,1.7,2020,5
Anthony McFarland,RB,3.6,0.6,2020,5
Jalen Guyton,WR,3.6,5.5,2020,5
John Hightower,WR,3.5,5.8,2020,5
Chris Herndon,TE,3.5,8.8,2020,5
Chris Hogan,WR,3.5,5.0,2020,5
Chad Beebe,WR,3.4,2.1,2020,5
Kenny Stills,WR,3.4,2.4,2020,5
Ross Dwelley,TE,3.4,0.0,2020,5
Jason Witten,TE,3.4,2.6,2020,5
Trey Burton,TE,3.4,8.3,2020,5
Damion Ratley,WR,3.3,0.0,2020,5
Drew Sample,TE,3.3,4.2,2020,5
Greg Ward,WR,3.3,12.6,2020,5
Harrison Bryant,TE,3.1,0.0,2020,5
Logan Thomas,TE,3.1,1.4,2020,5
David Njoku,TE,3.0,1.6,2020,5
Donovan Peoples-Jones,WR,2.9,0.0,2020,5
Auden Tate,WR,2.9,2.2,2020,5
Devin Duvernay,WR,2.8,7.9,2020,5
Trent Taylor,WR,2.8,0.0,2020,5
Jakeem Grant,WR,2.8,0.4,2020,5
Justin Jackson,RB,2.8,14.4,2020,5
Cordarrelle Patterson,RB,2.8,7.5,2020,5
Zay Jones,WR,2.8,1.2,2020,5
Marquez Callaway,WR,2.7,7.4,2020,5
Josh Hill,TE,2.6,1.1,2020,5
Michael Thomas,WR,2.6,0.0,2020,5
D'Ernest Johnson,RB,2.5,4.6,2020,5
Irv Smith,TE,2.4,10.4,2020,5
K.J. Hill,WR,2.3,1.8,2020,5
Blake Bell,TE,2.2,2.3,2020,5
Cameron Brate,TE,2.2,9.4,2020,5
Mike Thomas,WR,2.2,-0.3,2020,5
Javon Wims,WR,2.1,0.0,2020,5
Tyron Johnson,WR,2.1,0.7,2020,5
Richard Rodgers,TE,2.1,2.8,2020,5
Isaiah McKenzie,WR,2.1,10.7,2020,5
Dare Ogunbowale,RB,2.0,0.0,2020,5
Jeremy McNichols,RB,1.9,4.1,2020,5
Kalif Raymond,WR,1.9,4.6,2020,5
Demetrius Harris,TE,1.9,1.9,2020,5
Darrynton Evans,RB,1.7,1.2,2020,5
Travis Fulgham,WR,1.6,31.2,2020,5
Nick Keizer,TE,1.6,0.0,2020,5
Patrick Ricard,RB,1.6,1.7,2020,5
Pharoh Cooper,WR,1.4,2.2,2020,5
Ted Ginn,WR,1.4,0.0,2020,5
Cole Kmet,TE,1.4,0.0,2020,5
T.J. Yeldon,RB,1.3,14.4,2020,5
Donald Parham,TE,1.2,0.0,2020,5
Luke Stocker,TE,1.2,1.2,2020,5
Adam Shaheen,TE,0.9,7.3,2020,5
Cethan Carter,TE,0.9,0.0,2020,5
Virgil Green,TE,0.9,2.4,2020,5
Marcus Johnson,WR,0.9,8.3,2020,5
Darrell Daniels,TE,0.9,5.7,2020,5
Jaeden Graham,TE,0.9,1.7,2020,5
Taysom Hill,TE,0.8,7.3,2020,5
Collin Johnson,WR,0.5,12.0,2020,5
Rashard Higgins,WR,0.5,12.1,2020,5
Cam Sims,WR,0.4,0.0,2020,5
Lynn Bowden,WR,0.4,0.4,2020,5
Andre Roberts,WR,0.3,2.6,2020,5
Jeremy Sprinkle,TE,0.3,0.0,2020,5
Alex Armah,RB,0.3,0.2,2020,5
Alex Erickson,WR,0.3,0.0,2020,5
Ryan Nall,RB,0.3,0.0,2020,5
DeAndre Carter,WR,0.2,0.0,2020,5
Ashton Dulin,WR,0.2,4.7,2020,5
Taiwan Jones,RB,0.2,0.0,2020,5
James Proche,WR,0.2,0.0,2020,5
Pharaoh Brown,TE,0.2,1.4,2020,5
Christian Blake,WR,0.2,0.0,2020,5
Ray-Ray McCloud,WR,0.1,10.5,2020,5
Nick Westbrook-Ikhine,WR,0.1,1.7,2020,5
Bennie Fowler,WR,0.1,3.1,2020,5
Brandon Powell,WR,0.1,0.0,2020,5
Jonathan Ward,RB,0.0,0.0,2020,5
Jaydon Mickens,WR,0.0,4.2,2020,5
Ameer Abdullah,RB,0.0,0.0,2020,5
Andy Dalton,QB,0.0,2.44,2020,5
Stephen Carlson,TE,0.0,0.0,2020,5
Nsimba Webster,WR,0.0,0.0,2020,5
Rico Gafford,WR,0.0,0.0,2020,5
Xavier Jones,RB,0.0,0.0,2020,5
Trenton Cannon,RB,0.0,-0.1,2020,5
J.J. Arcega-Whiteside,WR,0.0,4.7,2020,5
Trent Sherfield,WR,0.0,1.6,2020,5
Joe Flacco,QB,0.0,13.8,2020,5
Mike Boone,RB,0.0,1.9,2020,5
Robert Griffin III,QB,0.0,-0.2,2020,5
Jimmy Garoppolo,QB,0.0,-0.92,2020,5
Josh Allen,QB,26.7,15.08,2020,6
Aaron Rodgers,QB,26.6,3.8,2020,6
Ryan Tannehill,QB,26.3,28.64,2020,6
James Robinson,RB,24.3,15.3,2020,6
Derrick Henry,RB,22.5,40.4,2020,6
Deshaun Watson,QB,22.2,32.0,2020,6
Gardner Minshew,QB,22.2,18.12,2020,6
James Conner,RB,22.1,17.2,2020,6
Ryan Fitzpatrick,QB,22.1,16.04,2020,6
Aaron Jones,RB,22.1,13.1,2020,6
Kyler Murray,QB,21.4,28.92,2020,6
Patrick Mahomes,QB,21.3,20.6,2020,6
Adam Thielen,WR,20.2,14.1,2020,6
Ben Roethlisberger,QB,19.6,10.98,2020,6
Kirk Cousins,QB,19.2,23.72,2020,6
Lamar Jackson,QB,18.8,28.24,2020,6
Calvin Ridley,WR,18.7,18.9,2020,6
Ezekiel Elliott,RB,18.6,12.0,2020,6
Julio Jones,WR,18.3,33.7,2020,6
Matt Ryan,QB,18.0,31.64,2020,6
Mark Andrews,TE,16.8,4.1,2020,6
Stefon Diggs,WR,16.6,16.6,2020,6
Matthew Stafford,QB,16.5,12.32,2020,6
DeVante Parker,WR,16.3,6.5,2020,6
Davante Adams,WR,16.1,12.1,2020,6
Todd Gurley,RB,16.1,9.7,2020,6
David Montgomery,RB,16.0,13.7,2020,6
Daniel Jones,QB,15.9,13.88,2020,6
Amari Cooper,WR,15.8,20.9,2020,6
Philip Rivers,QB,15.5,24.74,2020,6
Tom Brady,QB,15.5,14.64,2020,6
Cam Newton,QB,15.5,18.48,2020,6
DJ Chark,WR,15.4,11.5,2020,6
Darius Slayton,WR,15.3,11.8,2020,6
DeAndre Hopkins,WR,15.1,9.3,2020,6
Jared Goff,QB,14.8,14.92,2020,6
Will Fuller,WR,14.6,24.3,2020,6
Allen Robinson,WR,14.6,10.3,2020,6
Marquise Brown,WR,14.5,9.7,2020,6
Jonathan Taylor,RB,14.1,15.5,2020,6
Travis Kelce,TE,14.1,21.5,2020,6
Myles Gaskin,RB,13.8,16.6,2020,6
George Kittle,TE,13.7,23.9,2020,6
Tyreek Hill,WR,13.4,5.5,2020,6
Miles Sanders,RB,13.4,12.2,2020,6
Cooper Kupp,WR,13.4,4.1,2020,6
Jamison Crowder,WR,13.3,11.8,2020,6
CeeDee Lamb,WR,13.3,13.4,2020,6
Nick Foles,QB,13.2,16.32,2020,6
David Johnson,RB,13.2,13.9,2020,6
A.J. Brown,WR,13.0,22.8,2020,6
Teddy Bridgewater,QB,12.8,9.44,2020,6
Justin Jefferson,WR,12.7,39.6,2020,6
Brandin Cooks,WR,12.5,21.8,2020,6
Joe Burrow,QB,12.2,16.72,2020,6
Michael Gallup,WR,12.2,4.3,2020,6
John Brown,WR,12.1,0.0,2020,6
Carson Wentz,QB,12.1,29.42,2020,6
Joe Mixon,RB,11.8,14.9,2020,6
Keelan Cole,WR,11.7,20.3,2020,6
Terry McLaurin,WR,11.7,14.4,2020,6
Tyler Boyd,WR,11.6,12.9,2020,6
T.Y. Hilton,WR,11.3,2.1,2020,6
Robbie Chosen,WR,11.2,11.7,2020,6
Laviska Shenault Jr.,WR,11.2,8.2,2020,6
Raheem Mostert,RB,11.2,9.6,2020,6
Ronald Jones,RB,11.2,26.1,2020,6
Chris Godwin Jr.,WR,11.1,9.8,2020,6
Baker Mayfield,QB,11.0,5.26,2020,6
Devin Singletary,RB,11.0,5.5,2020,6
Eric Ebron,TE,11.0,2.9,2020,6
Clyde Edwards-Helaire,RB,10.9,20.9,2020,6
Jonnu Smith,TE,10.9,2.3,2020,6
Mike Evans,WR,10.9,2.0,2020,6
Robert Woods,WR,10.8,14.0,2020,6
Kareem Hunt,RB,10.7,7.7,2020,6
Randall Cobb,WR,10.7,10.7,2020,6
JuJu Smith-Schuster,WR,10.6,2.6,2020,6
Chase Claypool,WR,10.5,18.1,2020,6
Preston Williams,WR,10.4,9.8,2020,6
Antonio Gibson,RB,10.4,9.5,2020,6
DJ Moore,WR,10.4,14.3,2020,6
Kenyan Drake,RB,10.3,28.4,2020,6
Kenny Golladay,WR,10.3,14.5,2020,6
Golden Tate,WR,9.9,2.1,2020,6
Russell Gage,WR,9.9,10.5,2020,6
Jamaal Williams,RB,9.9,3.4,2020,6
Julian Edelman,WR,9.9,4.32,2020,6
Robert Tonyan,TE,9.8,5.5,2020,6
Cole Beasley,WR,9.8,14.5,2020,6
Evan Engram,TE,9.7,5.0,2020,6
Mike Gesicki,TE,9.7,0.0,2020,6
Adrian Peterson,RB,9.2,12.8,2020,6
Chase Edmonds,RB,9.2,3.9,2020,6
Mike Davis,RB,9.2,11.5,2020,6
Tee Higgins,WR,8.7,18.7,2020,6
Mark Ingram,RB,8.6,2.0,2020,6
Odell Beckham Jr.,WR,8.4,9.0,2020,6
Rex Burkhead,RB,8.3,1.4,2020,6
Devonta Freeman,RB,8.3,6.7,2020,6
James White,RB,8.1,15.3,2020,6
Adam Humphries,WR,8.1,18.4,2020,6
Jerick McKinnon,RB,8.1,4.8,2020,6
Gabe Davis,WR,8.0,1.7,2020,6
Nyheim Hines,RB,7.9,7.7,2020,6
D'Andre Swift,RB,7.9,27.3,2020,6
Jimmy Graham,TE,7.7,8.4,2020,6
Damiere Byrd,WR,7.7,6.8,2020,6
Tyler Higbee,TE,7.7,8.6,2020,6
Darren Fells,TE,7.6,20.5,2020,6
Zach Pascal,WR,7.6,15.4,2020,6
Marvin Jones,WR,7.6,2.8,2020,6
J.K. Dobbins,RB,7.5,4.9,2020,6
N'Keal Harry,TE,7.5,0.0,2020,6
Mecole Hardman,WR,7.5,0.0,2020,6
Zack Moss,RB,7.4,1.0,2020,6
Alexander Mattison,RB,7.3,4.0,2020,6
Marquez Valdes-Scantling,WR,7.3,6.2,2020,6
Hayden Hurst,TE,7.2,15.7,2020,6
Jarvis Landry,WR,7.1,7.0,2020,6
Malik Taylor,WR,7.1,0.0,2020,6
Chris Conley,WR,7.1,1.6,2020,6
Dalton Schultz,TE,7.0,7.5,2020,6
Brian Hill,RB,7.0,3.4,2020,6
Tyler Johnson,WR,6.9,7.7,2020,6
T.J. Hockenson,TE,6.6,9.7,2020,6
Tyler Eifert,TE,6.6,0.0,2020,6
Frank Gore,RB,6.6,11.0,2020,6
Christian Kirk,WR,6.6,22.6,2020,6
Matt Breida,RB,6.5,4.2,2020,6
Darrell Henderson,RB,6.5,9.2,2020,6
James Washington,WR,6.5,16.8,2020,6
Darnell Mooney,WR,6.5,6.6,2020,6
Olamide Zaccheaus,WR,6.5,0.0,2020,6
Dan Arnold,TE,6.3,0.0,2020,6
Kendrick Bourne,WR,6.3,6.4,2020,6
Anthony Miller,WR,6.3,3.8,2020,6
Austin Hooper,TE,6.2,10.2,2020,6
Breshad Perriman,WR,6.2,10.2,2020,6
J.D. McKissic,RB,6.1,14.4,2020,6
Isaiah Wright,WR,6.0,6.6,2020,6
Kyle Rudolph,TE,6.0,7.7,2020,6
Willie Snead,WR,6.0,4.2,2020,6
Larry Fitzgerald,WR,5.9,5.2,2020,6
Brandon Aiyuk,WR,5.9,9.2,2020,6
Phillip Lindsay,RB,5.7,10.1,2020,6
Dontrelle Inman,WR,5.7,9.5,2020,6
Malcolm Brown,RB,5.4,5.2,2020,6
Benny Snell,RB,5.4,9.1,2020,6
Miles Boykin,WR,5.2,2.1,2020,6
Danny Amendola,WR,5.2,5.1,2020,6
Jack Doyle,TE,5.1,9.9,2020,6
Deebo Samuel Sr.,WR,5.1,18.0,2020,6
Jerry Jeudy,WR,5.1,5.2,2020,6
Tim Patrick,WR,5.1,14.1,2020,6
Josh Reynolds,WR,5.0,12.5,2020,6
Irv Smith,TE,4.9,11.5,2020,6
James O'Shaughnessy,TE,4.9,0.0,2020,6
Gerald Everett,TE,4.8,5.7,2020,6
Kerryon Johnson,RB,4.8,3.0,2020,6
Jeff Smith,WR,4.8,1.8,2020,6
Zach Ertz,TE,4.7,7.3,2020,6
Trey Burton,TE,4.7,21.9,2020,6
Travis Fulgham,WR,4.6,19.5,2020,6
Scott Miller,WR,4.6,1.6,2020,6
Gus Edwards,RB,4.5,8.6,2020,6
Cameron Batson,WR,4.5,2.3,2020,6
Braxton Berrios,WR,4.4,2.8,2020,6
Dion Lewis,RB,4.4,2.0,2020,6
Duke Johnson,RB,4.4,2.1,2020,6
Cedrick Wilson Jr.,WR,4.3,6.0,2020,6
Tony Pollard,RB,4.3,6.0,2020,6
Rob Gronkowski,TE,4.3,18.8,2020,6
Jordan Wilkins,RB,4.2,-0.1,2020,6
Chad Beebe,WR,3.9,3.3,2020,6
Noah Brown,WR,3.9,3.5,2020,6
Cordarrelle Patterson,RB,3.8,1.9,2020,6
Jeremy McNichols,RB,3.8,8.2,2020,6
Dontrell Hilliard,RB,3.6,2.9,2020,6
Greg Ward,WR,3.6,5.9,2020,6
Rashard Higgins,WR,3.6,8.3,2020,6
Drew Sample,TE,3.6,0.0,2020,6
Ian Thomas,TE,3.6,1.9,2020,6
Tyler Kroft,TE,3.6,1.7,2020,6
Demarcus Robinson,WR,3.5,11.9,2020,6
Kaden Smith,TE,3.5,4.5,2020,6
Nick Boyle,TE,3.5,12.3,2020,6
Ke'Shawn Vaughn,RB,3.4,4.2,2020,6
Cameron Brate,TE,3.4,1.3,2020,6
Logan Thomas,TE,3.3,13.2,2020,6
Jakeem Grant,WR,3.3,8.8,2020,6
La'Mical Perine,RB,3.2,5.6,2020,6
Andy Isabella,WR,3.1,0.0,2020,6
C.J. Board,WR,3.1,1.8,2020,6
Jesse James,TE,3.1,1.3,2020,6
John Hightower,WR,3.0,6.0,2020,6
Damien Harris,RB,3.0,4.3,2020,6
Boston Scott,RB,3.0,2.9,2020,6
Anthony McFarland,RB,3.0,1.8,2020,6
Peyton Barber,RB,2.9,2.0,2020,6
Darrel Williams,RB,2.9,11.1,2020,6
Royce Freeman,RB,2.9,4.0,2020,6
Isaiah McKenzie,WR,2.9,1.4,2020,6
Ito Smith,RB,2.8,3.5,2020,6
Devin Duvernay,WR,2.8,6.1,2020,6
Marcedes Lewis,TE,2.8,0.0,2020,6
LeSean McCoy,RB,2.8,1.7,2020,6
D'Ernest Johnson,RB,2.7,0.1,2020,6
Giovani Bernard,RB,2.6,11.8,2020,6
Adam Shaheen,TE,2.5,14.1,2020,6
David Njoku,TE,2.5,1.7,2020,6
Kalif Raymond,WR,2.5,6.2,2020,6
Van Jefferson,WR,2.4,1.8,2020,6
Harrison Bryant,TE,2.4,2.1,2020,6
Marcus Johnson,WR,2.3,15.8,2020,6
Mike Thomas,WR,2.2,2.0,2020,6
Anthony Firkser,TE,2.2,25.3,2020,6
Durham Smythe,TE,2.1,7.4,2020,6
Blake Bell,TE,2.1,0.0,2020,6
Darwin Thompson,RB,2.0,1.7,2020,6
Corey Clement,RB,2.0,0.0,2020,6
DaeSean Hamilton,WR,1.9,0.0,2020,6
Demetrius Harris,TE,1.9,0.0,2020,6
Trent Taylor,WR,1.9,1.8,2020,6
Richard Rodgers,TE,1.8,6.1,2020,6
Geoff Swaim,TE,1.8,3.0,2020,6
Ryan Izzo,TE,1.8,4.8,2020,6
Darrell Daniels,TE,1.7,1.1,2020,6
Patrick Laird,RB,1.6,1.2,2020,6
Pharoh Cooper,WR,1.4,0.0,2020,6
JaMycal Hasty,RB,1.3,7.4,2020,6
Chris Manhertz,TE,1.3,1.6,2020,6
AJ Dillon,RB,1.3,3.1,2020,6
Cole Kmet,TE,1.2,10.0,2020,6
Patrick Ricard,RB,1.2,0.0,2020,6
Ty Johnson,RB,1.2,4.2,2020,6
Marvin Hall,WR,1.1,1.7,2020,6
Byron Pringle,WR,1.1,6.6,2020,6
Ashton Dulin,WR,1.1,0.0,2020,6
Ted Ginn,WR,1.0,0.0,2020,6
Cethan Carter,TE,1.0,0.0,2020,6
Nick Keizer,TE,1.0,1.2,2020,6
Darrius Shepherd,WR,0.8,2.6,2020,6
Antonio Gandy-Golden,WR,0.7,0.0,2020,6
Isaiah Zuber,WR,0.7,2.6,2020,6
Mike Boone,RB,0.7,1.5,2020,6
Pharaoh Brown,TE,0.7,4.8,2020,6
Nick Vannett,TE,0.7,1.7,2020,6
J.J. Arcega-Whiteside,WR,0.6,2.0,2020,6
Andre Roberts,WR,0.6,0.0,2020,6
Cam Sims,WR,0.4,9.2,2020,6
Jaydon Mickens,WR,0.4,0.0,2020,6
Nick Westbrook-Ikhine,WR,0.4,2.0,2020,6
Gunner Olszewski,WR,0.4,0.0,2020,6
Donovan Peoples-Jones,WR,0.3,0.0,2020,6
Jamal Agnew,WR,0.3,3.7,2020,6
Tyrie Cleveland,WR,0.2,0.0,2020,6
Trent Sherfield,WR,0.2,0.0,2020,6
Alex Armah,RB,0.2,0.0,2020,6
Alex Erickson,WR,0.2,0.0,2020,6
Christian Blake,WR,0.2,1.5,2020,6
DeAndre Carter,WR,0.2,0.0,2020,6
James Proche,WR,0.2,0.0,2020,6
Diontae Spencer,WR,0.1,0.9,2020,6
Ray-Ray McCloud,WR,0.1,0.0,2020,6
Brandon Powell,WR,0.1,0.0,2020,6
Cyril Grayson,WR,0.1,0.0,2020,6
Ameer Abdullah,RB,0.1,1.8,2020,6
Trenton Cannon,RB,0.1,4.7,2020,6
Taiwan Jones,RB,0.1,0.0,2020,6
Daniel Brown,TE,0.0,0.0,2020,6
Andy Dalton,QB,0.0,11.04,2020,6
Joe Flacco,QB,0.0,5.44,2020,6
Justice Hill,RB,0.0,0.0,2020,6
Samaje Perine,RB,0.0,0.0,2020,6
Drew Lock,QB,0.0,3.46,2020,6
Jalen Hurts,QB,0.0,3.6,2020,6
Nsimba Webster,WR,0.0,0.0,2020,6
Jimmy Garoppolo,QB,0.0,23.52,2020,6
Alvin Kamara,RB,31.0,22.8,2020,7
Josh Allen,QB,26.3,16.38,2020,7
Russell Wilson,QB,26.0,29.92,2020,7
Kyler Murray,QB,25.9,37.1,2020,7
Tom Brady,QB,24.9,36.86,2020,7
Matt Ryan,QB,24.8,17.52,2020,7
Julio Jones,WR,23.5,17.7,2020,7
Derek Carr,QB,22.8,19.26,2020,7
James Conner,RB,22.6,14.1,2020,7
Matthew Stafford,QB,22.3,18.4,2020,7
Carson Wentz,QB,22.1,27.76,2020,7
James Robinson,RB,22.0,31.7,2020,7
Drew Brees,QB,21.1,23.68,2020,7
Aaron Rodgers,QB,20.9,27.32,2020,7
Patrick Mahomes,QB,19.7,12.0,2020,7
Calvin Ridley,WR,19.4,19.9,2020,7
Ryan Tannehill,QB,18.8,17.3,2020,7
Justin Herbert,QB,18.7,38.48,2020,7
Deshaun Watson,QB,18.7,24.16,2020,7
Ezekiel Elliott,RB,18.6,6.1,2020,7
Gardner Minshew,QB,18.4,19.02,2020,7
Melvin Gordon,RB,18.3,12.0,2020,7
Ben Roethlisberger,QB,18.3,12.62,2020,7
Stefon Diggs,WR,18.1,10.8,2020,7
Josh Jacobs,RB,17.6,6.1,2020,7
Derrick Henry,RB,17.4,15.2,2020,7
Teddy Bridgewater,QB,17.3,19.16,2020,7
Joe Burrow,QB,17.1,33.64,2020,7
Todd Gurley,RB,17.1,22.2,2020,7
Ronald Jones,RB,17.0,10.6,2020,7
Baker Mayfield,QB,16.6,29.78,2020,7
Kareem Hunt,RB,16.6,19.2,2020,7
Chris Godwin Jr.,WR,16.3,23.8,2020,7
DeAndre Hopkins,WR,16.1,24.3,2020,7
Amari Cooper,WR,15.7,15.5,2020,7
DK Metcalf,WR,15.3,4.3,2020,7
Jared Goff,QB,15.1,16.9,2020,7
Cam Newton,QB,15.1,-0.18,2020,7
Chris Carson,RB,15.0,5.1,2020,7
Kenny Golladay,WR,15.0,17.4,2020,7
Andy Dalton,QB,14.4,2.6,2020,7
Kenyan Drake,RB,14.3,5.1,2020,7
Tyler Lockett,WR,14.1,53.0,2020,7
Daniel Jones,QB,14.1,20.68,2020,7
Darren Waller,TE,14.1,17.0,2020,7
Tyler Boyd,WR,14.0,27.74,2020,7
Jimmy Garoppolo,QB,13.8,7.48,2020,7
Mike Evans,WR,13.8,5.7,2020,7
Kyle Allen,QB,13.6,16.86,2020,7
Davante Adams,WR,13.4,44.6,2020,7
Cooper Kupp,WR,13.2,11.9,2020,7
Robbie Chosen,WR,13.1,13.4,2020,7
DJ Moore,WR,13.0,25.3,2020,7
Tee Higgins,WR,12.7,18.8,2020,7
Travis Kelce,TE,12.7,6.1,2020,7
Diontae Johnson,WR,12.6,29.0,2020,7
Darius Slayton,WR,12.6,4.3,2020,7
CeeDee Lamb,WR,12.5,0.1,2020,7
D'Andre Swift,RB,12.3,14.8,2020,7
Keenan Allen,WR,12.2,22.5,2020,7
DJ Chark,WR,12.2,3.6,2020,7
Will Fuller,WR,12.1,12.5,2020,7
Latavius Murray,RB,11.9,6.6,2020,7
Robert Woods,WR,11.9,5.5,2020,7
David Montgomery,RB,11.9,11.9,2020,7
George Kittle,TE,11.9,10.5,2020,7
Hunter Renfrow,WR,11.6,8.2,2020,7
Phillip Lindsay,RB,11.5,7.9,2020,7
Cole Beasley,WR,11.4,22.2,2020,7
David Johnson,RB,11.1,16.4,2020,7
Terry McLaurin,WR,11.1,22.0,2020,7
Clyde Edwards-Helaire,RB,11.0,13.3,2020,7
Nick Foles,QB,11.0,6.44,2020,7
Keelan Cole,WR,10.9,2.2,2020,7
Tyreek Hill,WR,10.9,17.5,2020,7
Mike Davis,RB,10.9,8.6,2020,7
Allen Robinson,WR,10.8,11.0,2020,7
Chase Claypool,WR,10.8,0.8,2020,7
A.J. Brown,WR,10.6,27.3,2020,7
Adrian Peterson,RB,10.6,4.0,2020,7
Russell Gage,WR,10.6,11.4,2020,7
Michael Gallup,WR,10.5,0.0,2020,7
Odell Beckham Jr.,WR,10.5,0.0,2020,7
Devin Singletary,RB,10.5,6.7,2020,7
Brandin Cooks,WR,10.4,13.0,2020,7
Henry Ruggs III,WR,10.3,13.0,2020,7
Chase Edmonds,RB,10.2,21.5,2020,7
Jared Cook,TE,10.2,12.2,2020,7
T.J. Hockenson,TE,10.0,16.9,2020,7
Jamaal Williams,RB,9.8,21.4,2020,7
Tre'Quan Smith,WR,9.7,9.4,2020,7
Eric Ebron,TE,9.7,11.0,2020,7
Marvin Jones,WR,9.5,13.0,2020,7
Drew Lock,QB,9.4,12.96,2020,7
Christian Kirk,WR,9.4,20.7,2020,7
Nelson Agholor,WR,9.3,21.7,2020,7
Jarvis Landry,WR,9.1,10.96,2020,7
Laviska Shenault Jr.,WR,8.8,14.8,2020,7
Antonio Gibson,RB,8.8,18.8,2020,7
Hayden Hurst,TE,8.7,12.8,2020,7
Julian Edelman,WR,8.7,2.3,2020,7
Rob Gronkowski,TE,8.6,17.2,2020,7
Devonta Freeman,RB,8.6,0.8,2020,7
JuJu Smith-Schuster,WR,8.4,17.5,2020,7
Darrell Henderson,RB,8.4,9.6,2020,7
Leonard Fournette,RB,8.2,15.7,2020,7
Gabe Davis,WR,8.1,2.1,2020,7
Travis Fulgham,WR,8.1,12.3,2020,7
James White,RB,8.0,1.3,2020,7
Jonnu Smith,TE,7.8,1.9,2020,7
Robert Tonyan,TE,7.8,5.2,2020,7
Brian Hill,RB,7.8,6.0,2020,7
Randall Cobb,WR,7.7,17.5,2020,7
James Washington,WR,7.6,0.0,2020,7
Greg Ward,WR,7.6,15.2,2020,7
Justin Jackson,RB,7.5,10.5,2020,7
Mike Williams,WR,7.4,1.4,2020,7
Jerick McKinnon,RB,7.3,-0.1,2020,7
Damiere Byrd,WR,7.3,2.6,2020,7
Hunter Henry,TE,7.2,5.3,2020,7
Curtis Samuel,WR,7.1,17.3,2020,7
Tyler Johnson,WR,7.1,8.4,2020,7
Larry Fitzgerald,WR,7.0,14.2,2020,7
Golden Tate,WR,7.0,10.9,2020,7
Evan Engram,TE,7.0,10.9,2020,7
Olamide Zaccheaus,WR,7.0,0.0,2020,7
Adam Humphries,WR,7.0,2.9,2020,7
Corey Davis,WR,7.0,15.5,2020,7
Greg Olsen,TE,6.9,3.8,2020,7
Joshua Kelley,RB,6.8,10.3,2020,7
Jimmy Graham,TE,6.8,8.1,2020,7
Danny Amendola,WR,6.7,9.2,2020,7
Deebo Samuel Sr.,WR,6.6,12.2,2020,7
Malcolm Brown,RB,6.6,11.7,2020,7
Le'Veon Bell,RB,6.5,3.9,2020,7
Josh Reynolds,WR,6.4,15.2,2020,7
J.D. McKissic,RB,6.4,7.1,2020,7
Sterling Shepard,WR,6.4,17.9,2020,7
Rex Burkhead,RB,6.4,7.7,2020,7
Will Dissly,TE,6.4,5.8,2020,7
Dalton Schultz,TE,6.3,4.2,2020,7
Gerald Everett,TE,6.3,12.8,2020,7
Marquez Valdes-Scantling,WR,6.2,0.9,2020,7
Tim Patrick,WR,6.1,7.4,2020,7
David Moore,WR,5.9,8.8,2020,7
Jalen Richard,RB,5.8,2.4,2020,7
Marquez Callaway,WR,5.7,15.5,2020,7
Kendrick Bourne,WR,5.7,0.0,2020,7
N'Keal Harry,TE,5.7,1.6,2020,7
Brandon Aiyuk,WR,5.6,17.5,2020,7
Noah Fant,TE,5.6,6.8,2020,7
Zack Moss,RB,5.6,10.2,2020,7
Tony Pollard,RB,5.6,3.2,2020,7
Scott Miller,WR,5.5,22.9,2020,7
Dan Arnold,TE,5.5,7.7,2020,7
Anthony Firkser,TE,5.4,2.7,2020,7
Rashard Higgins,WR,5.4,17.0,2020,7
Mecole Hardman,WR,5.3,9.0,2020,7
Frank Gore,RB,5.2,6.0,2020,7
Benny Snell,RB,5.2,6.2,2020,7
Jerry Jeudy,WR,5.2,4.0,2020,7
Darnell Mooney,WR,5.2,7.0,2020,7
Giovani Bernard,RB,5.0,20.6,2020,7
Logan Thomas,TE,4.9,16.0,2020,7
Chris Conley,WR,4.9,9.8,2020,7
Cameron Brate,TE,4.8,1.8,2020,7
John Hightower,WR,4.8,6.9,2020,7
KJ Hamler,WR,4.8,5.4,2020,7
Anthony Miller,WR,4.8,5.0,2020,7
Carlos Hyde,RB,4.7,16.6,2020,7
Devontae Booker,RB,4.6,3.4,2020,7
Jeff Wilson,RB,4.5,64.0,2020,7
Breshad Perriman,WR,4.5,4.7,2020,7
Demarcus Robinson,WR,4.4,1.4,2020,7
Malik Taylor,WR,4.3,8.6,2020,7
Boston Scott,RB,4.2,18.2,2020,7
Royce Freeman,RB,4.1,2.7,2020,7
DeSean Jackson,WR,4.1,7.6,2020,7
Jesse James,TE,4.1,0.0,2020,7
Freddie Swain,WR,4.0,0.0,2020,7
Jason Witten,TE,4.0,1.6,2020,7
James O'Shaughnessy,TE,3.9,6.2,2020,7
Drew Sample,TE,3.9,10.2,2020,7
Jeremy McNichols,RB,3.8,0.2,2020,7
Ian Thomas,TE,3.8,2.1,2020,7
Wayne Gallman,RB,3.7,16.4,2020,7
David Njoku,TE,3.6,10.0,2020,7
Vance McDonald,TE,3.5,3.4,2020,7
Harrison Bryant,TE,3.4,21.6,2020,7
Duke Johnson,RB,3.4,9.2,2020,7
Richard Rodgers,TE,3.4,14.5,2020,7
D'Ernest Johnson,RB,3.4,0.3,2020,7
Tyler Kroft,TE,3.4,10.4,2020,7
Ito Smith,RB,3.4,0.0,2020,7
Adam Trautman,TE,3.3,0.0,2020,7
La'Mical Perine,RB,3.2,13.6,2020,7
Travis Homer,RB,3.1,1.0,2020,7
Anthony McFarland,RB,3.1,0.6,2020,7
Kenny Stills,WR,3.0,5.4,2020,7
Jalen Guyton,WR,3.0,16.4,2020,7
Andy Isabella,WR,3.0,1.7,2020,7
Dion Lewis,RB,2.9,0.3,2020,7
Jaylen Samuels,RB,2.9,0.5,2020,7
Kaden Smith,TE,2.8,0.0,2020,7
Isaiah McKenzie,WR,2.8,2.3,2020,7
Damien Harris,RB,2.7,8.0,2020,7
Dontrell Hilliard,RB,2.7,0.0,2020,7
Cordarrelle Patterson,RB,2.7,4.2,2020,7
Jeff Smith,WR,2.6,0.0,2020,7
Jacob Hollister,TE,2.6,5.2,2020,7
Mike Thomas,WR,2.6,7.4,2020,7
JaMycal Hasty,RB,2.4,16.6,2020,7
Corey Clement,RB,2.4,3.1,2020,7
Noah Brown,WR,2.4,0.0,2020,7
Albert Okwuegbunam,TE,2.4,13.0,2020,7
Josh Hill,TE,2.4,1.0,2020,7
Braxton Berrios,WR,2.3,7.5,2020,7
Kalif Raymond,WR,2.2,0.0,2020,7
Ryan Izzo,TE,2.2,1.8,2020,7
AJ Dillon,RB,2.2,1.1,2020,7
Deonte Harty,WR,2.1,14.6,2020,7
Van Jefferson,WR,2.1,2.4,2020,7
Cole Kmet,TE,2.0,6.5,2020,7
Marcedes Lewis,TE,2.0,1.9,2020,7
Peyton Barber,RB,1.9,3.4,2020,7
Auden Tate,WR,1.8,0.0,2020,7
Collin Johnson,WR,1.7,2.3,2020,7
Darrell Daniels,TE,1.7,0.0,2020,7
Byron Pringle,WR,1.7,6.0,2020,7
DeeJay Dallas,RB,1.7,3.8,2020,7
DaeSean Hamilton,WR,1.6,4.6,2020,7
Trent Taylor,WR,1.5,0.0,2020,7
Marvin Hall,WR,1.5,0.0,2020,7
Michael Thomas,WR,1.4,0.0,2020,7
Geoff Swaim,TE,1.3,0.0,2020,7
Tyron Johnson,WR,1.3,1.0,2020,7
Demetrius Harris,TE,1.3,3.5,2020,7
Johnny Mundt,TE,1.3,7.8,2020,7
Javon Wims,WR,1.2,1.8,2020,7
Cam Sims,WR,1.2,3.2,2020,7
Ty Johnson,RB,1.2,0.0,2020,7
Luke Stocker,TE,1.2,0.0,2020,7
Trenton Cannon,RB,1.1,0.7,2020,7
Jakobi Meyers,WR,1.1,10.2,2020,7
Reggie Gilliam,RB,1.0,2.5,2020,7
Jace Sternberger,TE,1.0,7.3,2020,7
Jamal Agnew,WR,1.0,0.0,2020,7
Donald Parham,TE,1.0,9.2,2020,7
Jaeden Graham,TE,1.0,0.0,2020,7
Nick Vannett,TE,0.9,4.5,2020,7
Virgil Green,TE,0.9,9.6,2020,7
Darrius Shepherd,WR,0.9,0.0,2020,7
Nick Keizer,TE,0.9,3.6,2020,7
Dede Westbrook,WR,0.8,0.0,2020,7
Taysom Hill,TE,0.7,0.6,2020,7
Dare Ogunbowale,RB,0.7,0.0,2020,7
J.J. Arcega-Whiteside,WR,0.6,1.8,2020,7
Pharoh Cooper,WR,0.6,0.0,2020,7
Jaydon Mickens,WR,0.5,0.0,2020,7
Jakob Johnson,RB,0.5,1.1,2020,7
Andre Roberts,WR,0.5,0.0,2020,7
Tanner Hudson,TE,0.4,2.2,2020,7
Donovan Peoples-Jones,WR,0.4,14.6,2020,7
Jeremy Sprinkle,TE,0.4,1.6,2020,7
Temarrick Hemingway,TE,0.4,0.0,2020,7
Richie James,WR,0.3,0.0,2020,7
Gunner Olszewski,WR,0.3,0.0,2020,7
Alex Erickson,WR,0.3,0.0,2020,7
Ray-Ray McCloud,WR,0.2,3.2,2020,7
Rico Gafford,WR,0.2,0.0,2020,7
Alex Armah,RB,0.2,0.1,2020,7
Cullen Gillaspia,RB,0.2,0.0,2020,7
Samaje Perine,RB,0.2,1.6,2020,7
Jason Huntley,RB,0.2,1.3,2020,7
Tyrie Cleveland,WR,0.1,0.0,2020,7
Taiwan Jones,RB,0.1,0.0,2020,7
DeAndre Carter,WR,0.1,0.0,2020,7
Jalen Hurts,QB,0.0,0.2,2020,7
Derek Carrier,TE,0.0,0.0,2020,7
Sam Darnold,QB,0.0,0.8,2020,7
Nsimba Webster,WR,0.0,0.0,2020,7
Stephen Carlson,TE,0.0,0.0,2020,7
Vyncint Smith,WR,0.0,0.0,2020,7
J.P. Holtz,TE,0.0,0.0,2020,7
Marcus Kemp,WR,0.0,2.1,2020,7
Raymond Calais,RB,0.0,0.0,2020,7
Joe Reed,WR,0.0,7.4,2020,7
Brandon Powell,WR,0.0,1.4,2020,7
Stephen Anderson,TE,0.0,0.0,2020,7
Patrick Mahomes,QB,29.3,36.64,2020,8
Tom Brady,QB,25.5,19.06,2020,8
Ryan Tannehill,QB,23.6,17.32,2020,8
Russell Wilson,QB,23.1,28.74,2020,8
Derrick Henry,RB,23.0,17.2,2020,8
Alvin Kamara,RB,22.2,25.3,2020,8
Julio Jones,WR,20.8,20.7,2020,8
Matt Ryan,QB,20.6,17.94,2020,8
Melvin Gordon,RB,20.3,10.7,2020,8
Tyler Lockett,WR,20.0,7.3,2020,8
Aaron Rodgers,QB,20.0,22.54,2020,8
Josh Allen,QB,19.9,12.46,2020,8
Todd Gurley,RB,19.8,10.6,2020,8
Dalvin Cook,RB,19.2,48.6,2020,8
Philip Rivers,QB,18.6,22.28,2020,8
Justin Herbert,QB,18.5,21.22,2020,8
Davante Adams,WR,18.2,30.3,2020,8
Joe Burrow,QB,18.2,18.86,2020,8
Baker Mayfield,QB,18.2,7.78,2020,8
Derek Carr,QB,18.0,12.54,2020,8
Carson Wentz,QB,17.9,8.62,2020,8
Travis Kelce,TE,17.8,24.9,2020,8
Kareem Hunt,RB,17.7,9.3,2020,8
Teddy Bridgewater,QB,17.7,12.04,2020,8
Jimmy Garoppolo,QB,17.7,1.76,2020,8
Calvin Ridley,WR,17.6,7.2,2020,8
Tyreek Hill,WR,17.5,25.8,2020,8
Clyde Edwards-Helaire,RB,17.1,6.1,2020,8
Jared Goff,QB,16.6,10.2,2020,8
Josh Jacobs,RB,16.1,12.9,2020,8
Tyler Boyd,WR,16.1,19.6,2020,8
James Conner,RB,16.0,15.0,2020,8
George Kittle,TE,15.5,5.9,2020,8
Drew Brees,QB,15.3,19.6,2020,8
Matthew Stafford,QB,14.8,22.44,2020,8
Daniel Jones,QB,14.7,16.24,2020,8
Ronald Jones,RB,14.7,6.6,2020,8
David Montgomery,RB,14.4,12.5,2020,8
A.J. Brown,WR,14.4,12.4,2020,8
Jonathan Taylor,RB,14.2,5.1,2020,8
DJ Moore,WR,13.8,7.5,2020,8
Stefon Diggs,WR,13.4,15.2,2020,8
DK Metcalf,WR,13.2,40.1,2020,8
Allen Robinson,WR,13.2,20.7,2020,8
Tee Higgins,WR,13.1,14.4,2020,8
Mark Andrews,TE,12.6,6.2,2020,8
Robbie Chosen,WR,12.6,9.8,2020,8
Marquise Brown,WR,12.5,7.3,2020,8
Mike Evans,WR,12.4,16.5,2020,8
Ezekiel Elliott,RB,12.4,8.3,2020,8
Nick Foles,QB,12.3,16.88,2020,8
Keenan Allen,WR,12.2,21.7,2020,8
Jamaal Williams,RB,12.2,18.2,2020,8
Cam Newton,QB,12.1,18.36,2020,8
Amari Cooper,WR,11.9,1.5,2020,8
Cooper Kupp,WR,11.6,22.0,2020,8
Kenny Golladay,WR,11.6,0.0,2020,8
Ben Roethlisberger,QB,11.5,15.28,2020,8
Drew Lock,QB,11.1,19.82,2020,8
Darius Slayton,WR,11.0,10.6,2020,8
DeVante Parker,WR,10.9,7.3,2020,8
Adam Thielen,WR,10.9,5.7,2020,8
T.Y. Hilton,WR,10.8,2.9,2020,8
Kirk Cousins,QB,10.5,10.4,2020,8
Myles Gaskin,RB,10.5,13.3,2020,8
Cole Beasley,WR,10.4,4.4,2020,8
Phillip Lindsay,RB,10.3,15.6,2020,8
Russell Gage,WR,10.2,4.5,2020,8
Robert Woods,WR,9.8,28.4,2020,8
Scott Miller,WR,9.8,7.2,2020,8
Justin Jefferson,WR,9.8,5.6,2020,8
Darren Waller,TE,9.8,7.7,2020,8
Mike Davis,RB,9.7,8.7,2020,8
Leonard Fournette,RB,9.6,10.1,2020,8
Hayden Hurst,TE,9.6,10.4,2020,8
Zach Pascal,WR,9.5,7.4,2020,8
D'Andre Swift,RB,9.4,5.3,2020,8
Diontae Johnson,WR,9.2,1.6,2020,8
Rob Gronkowski,TE,9.2,14.1,2020,8
Corey Davis,WR,8.9,26.8,2020,8
Nelson Agholor,WR,8.7,0.0,2020,8
Sterling Shepard,WR,8.5,15.4,2020,8
Devin Singletary,RB,8.5,10.2,2020,8
Brandon Aiyuk,WR,8.5,23.1,2020,8
Hunter Renfrow,WR,8.4,12.6,2020,8
Darrell Henderson,RB,8.3,6.8,2020,8
Mecole Hardman,WR,8.2,22.6,2020,8
Nyheim Hines,RB,8.2,21.2,2020,8
Jarvis Landry,WR,8.1,9.2,2020,8
Latavius Murray,RB,8.1,6.1,2020,8
Le'Veon Bell,RB,8.1,6.8,2020,8
Michael Pittman,WR,8.0,1.6,2020,8
John Brown,WR,7.9,3.1,2020,8
CeeDee Lamb,WR,7.9,8.6,2020,8
Marvin Jones,WR,7.8,18.9,2020,8
Tyler Higbee,TE,7.7,3.4,2020,8
Jonnu Smith,TE,7.5,4.9,2020,8
Preston Williams,WR,7.4,3.5,2020,8
Brian Hill,RB,7.4,8.4,2020,8
Mike Gesicki,TE,7.3,1.8,2020,8
Jimmy Graham,TE,7.3,3.3,2020,8
Dallas Goedert,TE,7.2,2.5,2020,8
Frank Gore,RB,7.2,3.0,2020,8
Jerick McKinnon,RB,7.1,13.9,2020,8
JuJu Smith-Schuster,WR,7.1,13.7,2020,8
Curtis Samuel,WR,7.1,21.4,2020,8
Adrian Peterson,RB,7.1,2.2,2020,8
La'Mical Perine,RB,7.0,5.3,2020,8
T.J. Hockenson,TE,7.0,13.5,2020,8
Henry Ruggs III,WR,7.0,5.8,2020,8
Jared Cook,TE,7.0,16.1,2020,8
Adam Humphries,WR,7.0,0.0,2020,8
Michael Gallup,WR,6.9,13.1,2020,8
Evan Engram,TE,6.9,12.0,2020,8
Josh Reynolds,WR,6.9,8.4,2020,8
Malcolm Brown,RB,6.8,7.7,2020,8
Golden Tate,WR,6.7,11.82,2020,8
Hunter Henry,TE,6.7,7.3,2020,8
Darnell Mooney,WR,6.6,17.9,2020,8
Chase Claypool,WR,6.5,13.2,2020,8
Rashard Higgins,WR,6.5,2.4,2020,8
Giovani Bernard,RB,6.5,22.8,2020,8
James White,RB,6.4,5.5,2020,8
Rex Burkhead,RB,6.4,4.1,2020,8
Tre'Quan Smith,WR,6.4,9.3,2020,8
Zack Moss,RB,6.3,20.1,2020,8
Trey Burton,TE,6.3,10.1,2020,8
Boston Scott,RB,6.2,9.9,2020,8
Noah Fant,TE,6.1,11.7,2020,8
Demarcus Robinson,WR,6.1,16.3,2020,8
Joshua Kelley,RB,6.1,3.5,2020,8
Justin Jackson,RB,6.1,17.2,2020,8
Eric Ebron,TE,6.1,14.8,2020,8
Robert Tonyan,TE,6.0,12.9,2020,8
David Moore,WR,6.0,13.6,2020,8
Anthony Miller,WR,6.0,15.3,2020,8
Wayne Gallman,RB,6.0,13.2,2020,8
Kendrick Bourne,WR,6.0,16.1,2020,8
Marcus Johnson,WR,5.9,5.9,2020,8
Darrel Williams,RB,5.9,3.6,2020,8
Travis Fulgham,WR,5.9,19.8,2020,8
Mo Alie-Cox,TE,5.9,6.7,2020,8
Gerald Everett,TE,5.9,8.2,2020,8
Mike Williams,WR,5.9,21.0,2020,8
Isaiah Ford,WR,5.9,2.0,2020,8
Jack Doyle,TE,5.9,9.8,2020,8
Anthony Firkser,TE,5.8,5.6,2020,8
Denzel Mims,WR,5.7,6.2,2020,8
KJ Hamler,WR,5.7,10.3,2020,8
J.K. Dobbins,RB,5.7,13.1,2020,8
Greg Ward,WR,5.6,4.2,2020,8
Jerry Jeudy,WR,5.6,11.3,2020,8
James Washington,WR,5.5,0.0,2020,8
Will Dissly,TE,5.4,2.7,2020,8
Gabe Davis,WR,5.4,0.0,2020,8
Greg Olsen,TE,5.4,0.0,2020,8
Willie Snead,WR,5.4,15.6,2020,8
Damiere Byrd,WR,5.4,6.9,2020,8
Tevin Coleman,RB,5.3,2.0,2020,8
Marquez Valdes-Scantling,WR,5.2,3.3,2020,8
Justin Watson,WR,5.2,0.0,2020,8
Danny Amendola,WR,5.2,8.4,2020,8
Alexander Mattison,RB,5.1,0.8,2020,8
Matt Breida,RB,5.0,1.3,2020,8
Jalen Richard,RB,4.9,2.8,2020,8
Miles Boykin,WR,4.8,10.0,2020,8
Jalen Reagor,WR,4.6,13.2,2020,8
Jeremy McNichols,RB,4.5,4.9,2020,8
Jakobi Meyers,WR,4.5,13.8,2020,8
Tony Pollard,RB,4.5,8.4,2020,8
Drew Sample,TE,4.5,0.0,2020,8
JaMycal Hasty,RB,4.4,20.2,2020,8
Harrison Bryant,TE,4.2,3.5,2020,8
Cameron Brate,TE,4.1,5.5,2020,8
Albert Okwuegbunam,TE,4.1,7.9,2020,8
Gus Edwards,RB,4.1,14.7,2020,8
Jalen Guyton,WR,4.1,1.3,2020,8
Adam Shaheen,TE,4.0,0.0,2020,8
Devontae Booker,RB,4.0,5.6,2020,8
Dalton Schultz,TE,3.8,11.3,2020,8
Cam Akers,RB,3.8,6.4,2020,8
Nick Boyle,TE,3.8,0.0,2020,8
Ian Thomas,TE,3.7,5.8,2020,8
Malik Taylor,WR,3.7,3.6,2020,8
Tyler Johnson,WR,3.7,5.5,2020,8
Cordarrelle Patterson,RB,3.6,2.5,2020,8
Kerryon Johnson,RB,3.6,9.5,2020,8
David Njoku,TE,3.5,2.9,2020,8
Jakeem Grant,WR,3.5,8.5,2020,8
Devin Duvernay,WR,3.5,4.9,2020,8
John Hightower,WR,3.4,0.0,2020,8
Damien Harris,RB,3.3,16.2,2020,8
Tyler Kroft,TE,3.3,2.1,2020,8
Kyle Rudolph,TE,3.2,2.2,2020,8
Jeff Smith,WR,3.2,5.9,2020,8
Chris Herndon,TE,3.1,-1.4,2020,8
Cedrick Wilson Jr.,WR,3.0,-2.2,2020,8
Braxton Berrios,WR,3.0,11.4,2020,8
Deon Yelder,TE,3.0,1.5,2020,8
Irv Smith,TE,3.0,2.6,2020,8
Jordan Wilkins,RB,3.0,20.3,2020,8
Deonte Harty,WR,2.9,4.7,2020,8
Foster Moreau,TE,2.9,0.0,2020,8
Jacob Hollister,TE,2.8,1.6,2020,8
Ross Dwelley,TE,2.8,8.6,2020,8
D'Ernest Johnson,RB,2.7,2.1,2020,8
Cole Kmet,TE,2.6,1.2,2020,8
Travis Homer,RB,2.5,0.4,2020,8
Durham Smythe,TE,2.5,3.6,2020,8
AJ Dillon,RB,2.5,4.7,2020,8
Kaden Smith,TE,2.5,1.6,2020,8
Dion Lewis,RB,2.5,8.8,2020,8
Nick Keizer,TE,2.4,1.5,2020,8
Darwin Thompson,RB,2.4,0.3,2020,8
Chad Beebe,WR,2.4,2.6,2020,8
Jason Witten,TE,2.4,4.1,2020,8
Noah Brown,WR,2.3,0.0,2020,8
MyCole Pruitt,TE,2.3,0.0,2020,8
Kalif Raymond,WR,2.1,2.1,2020,8
DaeSean Hamilton,WR,2.1,18.2,2020,8
Byron Pringle,WR,2.1,5.2,2020,8
DeeJay Dallas,RB,2.1,22.8,2020,8
Jesse James,TE,2.0,3.3,2020,8
Corey Clement,RB,1.9,3.8,2020,8
Tyler Ervin,RB,1.9,1.7,2020,8
Jaylen Samuels,RB,1.9,0.0,2020,8
Anthony McFarland,RB,1.9,0.1,2020,8
Levine Toilolo,TE,1.7,1.9,2020,8
Demetrius Harris,TE,1.6,0.0,2020,8
Ryan Izzo,TE,1.6,4.4,2020,8
K.J. Hill,WR,1.6,0.0,2020,8
Marcedes Lewis,TE,1.6,0.0,2020,8
Javon Wims,WR,1.6,1.9,2020,8
Van Jefferson,WR,1.5,4.3,2020,8
Chris Manhertz,TE,1.5,1.6,2020,8
Josh Hill,TE,1.4,1.7,2020,8
Reggie Gilliam,RB,1.4,0.0,2020,8
Cethan Carter,TE,1.4,1.2,2020,8
Trent Taylor,WR,1.3,6.2,2020,8
Auden Tate,WR,1.3,13.5,2020,8
Jace Sternberger,TE,1.3,7.6,2020,8
Ameer Abdullah,RB,1.2,0.0,2020,8
Mike Boone,RB,1.1,0.0,2020,8
Ty Johnson,RB,1.1,3.1,2020,8
Jason Huntley,RB,1.0,0.0,2020,8
Marvin Hall,WR,1.0,15.3,2020,8
Isaiah Zuber,WR,0.9,2.3,2020,8
Samaje Perine,RB,0.9,10.4,2020,8
Ashton Dulin,WR,0.9,2.3,2020,8
Patrick Ricard,RB,0.8,0.0,2020,8
Troymaine Pope,RB,0.8,14.5,2020,8
Tanner Hudson,TE,0.7,0.0,2020,8
Darrius Shepherd,WR,0.7,1.6,2020,8
Jamal Agnew,WR,0.6,1.1,2020,8
Ray-Ray McCloud,WR,0.5,1.6,2020,8
Pharoh Cooper,WR,0.5,0.0,2020,8
Christian Blake,WR,0.5,3.4,2020,8
Taysom Hill,TE,0.4,14.5,2020,8
Jaydon Mickens,WR,0.4,8.6,2020,8
Donovan Peoples-Jones,WR,0.3,0.0,2020,8
Austin Carr,WR,0.3,2.0,2020,8
Andre Roberts,WR,0.3,0.0,2020,8
James Proche,WR,0.2,0.0,2020,8
Gunner Olszewski,WR,0.2,0.6,2020,8
Ryan Nall,RB,0.2,1.2,2020,8
Alex Erickson,WR,0.2,0.0,2020,8
Mack Hollins,WR,0.2,0.0,2020,8
Equanimeous St. Brown,WR,0.1,2.2,2020,8
Tyrie Cleveland,WR,0.1,0.0,2020,8
Penny Hart,WR,0.0,0.0,2020,8
Xavier Jones,RB,0.0,0.0,2020,8
Sam Darnold,QB,0.0,7.42,2020,8
Tua Tagovailoa,QB,0.0,5.72,2020,8
J.P. Holtz,TE,0.0,0.0,2020,8
Jalen Hurts,QB,0.0,0.36,2020,8
Stephen Carlson,TE,0.0,0.0,2020,8
Chad Henne,QB,0.0,0.68,2020,8
Lamar Jackson,QB,0.0,14.82,2020,8
Nick Mullens,QB,0.0,17.52,2020,8
Joe Reed,WR,0.0,0.0,2020,8
K.J. Osborn,WR,0.0,0.0,2020,8
Brandon Powell,WR,0.0,0.0,2020,8
Dante Pettis,WR,0.0,0.0,2020,8
Dwayne Washington,RB,0.0,0.0,2020,8
Vyncint Smith,WR,0.0,2.3,2020,8
Matthew Slater,WR,0.0,0.0,2020,8
Nsimba Webster,WR,0.0,0.0,2020,8
Mitchell Trubisky,QB,0.0,0.3,2020,8
Dalvin Cook,RB,32.2,39.2,2020,9
Justin Herbert,QB,29.9,23.44,2020,9
Patrick Mahomes,QB,26.5,31.48,2020,9
Tom Brady,QB,24.0,2.36,2020,9
Alvin Kamara,RB,23.8,15.9,2020,9
James Robinson,RB,23.2,15.9,2020,9
Kyler Murray,QB,23.0,37.92,2020,9
Josh Allen,QB,22.6,36.0,2020,9
Russell Wilson,QB,22.0,22.1,2020,9
Drew Brees,QB,21.6,22.68,2020,9
Cam Newton,QB,20.7,24.56,2020,9
Matthew Stafford,QB,20.5,8.44,2020,9
Christian McCaffrey,RB,20.5,37.1,2020,9
Derek Carr,QB,20.1,14.0,2020,9
Deshaun Watson,QB,20.1,24.24,2020,9
Derrick Henry,RB,19.8,6.8,2020,9
Keenan Allen,WR,19.5,25.3,2020,9
Kyle Allen,QB,18.6,2.48,2020,9
Chris Godwin Jr.,WR,18.1,7.1,2020,9
Ryan Tannehill,QB,18.1,14.62,2020,9
James Conner,RB,18.1,4.0,2020,9
Josh Jacobs,RB,17.4,13.8,2020,9
Aaron Rodgers,QB,17.3,28.9,2020,9
Kirk Cousins,QB,17.0,20.8,2020,9
Tyler Lockett,WR,16.4,8.0,2020,9
Julio Jones,WR,16.2,16.4,2020,9
DK Metcalf,WR,15.9,23.8,2020,9
Matt Ryan,QB,15.9,22.36,2020,9
Clyde Edwards-Helaire,RB,15.7,12.4,2020,9
David Montgomery,RB,15.6,5.2,2020,9
Melvin Gordon,RB,15.2,3.7,2020,9
Daniel Jones,QB,15.0,12.88,2020,9
DeAndre Hopkins,WR,14.8,6.0,2020,9
Davante Adams,WR,14.7,33.3,2020,9
Stefon Diggs,WR,14.7,20.8,2020,9
Tyreek Hill,WR,14.6,33.1,2020,9
Terry McLaurin,WR,14.6,24.5,2020,9
Aaron Jones,RB,14.6,12.9,2020,9
Travis Kelce,TE,14.2,25.9,2020,9
Adam Thielen,WR,14.1,5.8,2020,9
Ben Roethlisberger,QB,14.0,25.04,2020,9
Allen Robinson,WR,13.9,15.1,2020,9
Mike Evans,WR,13.9,10.4,2020,9
Teddy Bridgewater,QB,13.7,28.3,2020,9
Drew Lock,QB,13.5,29.22,2020,9
Philip Rivers,QB,13.4,7.08,2020,9
Nick Foles,QB,13.0,21.6,2020,9
Antonio Gibson,RB,12.6,12.5,2020,9
Justin Jefferson,WR,12.4,9.4,2020,9
Darren Waller,TE,12.2,13.2,2020,9
D'Andre Swift,RB,12.1,12.7,2020,9
Ronald Jones,RB,12.1,4.8,2020,9
Mark Andrews,TE,12.0,5.2,2020,9
Marvin Jones,WR,11.7,13.3,2020,9
A.J. Brown,WR,11.7,20.1,2020,9
Will Fuller,WR,11.6,21.0,2020,9
Todd Gurley,RB,11.6,13.5,2020,9
Marquise Brown,WR,11.6,6.8,2020,9
David Johnson,RB,11.6,1.6,2020,9
Tua Tagovailoa,QB,11.4,21.42,2020,9
Emmanuel Sanders,WR,11.2,13.8,2020,9
Mike Williams,WR,10.9,13.1,2020,9
Chase Edmonds,RB,10.8,11.8,2020,9
DJ Chark,WR,10.3,27.6,2020,9
Cole Beasley,WR,10.2,6.9,2020,9
Brandin Cooks,WR,10.2,17.3,2020,9
Ezekiel Elliott,RB,10.2,8.9,2020,9
T.J. Hockenson,TE,10.2,14.9,2020,9
DJ Moore,WR,10.1,3.8,2020,9
James White,RB,10.0,6.4,2020,9
Hunter Henry,TE,9.9,7.3,2020,9
Corey Davis,WR,9.9,0.0,2020,9
Leonard Fournette,RB,9.7,10.1,2020,9
Scott Miller,WR,9.5,2.0,2020,9
Mike Davis,RB,9.5,8.7,2020,9
Christian Kirk,WR,9.4,23.3,2020,9
Phillip Lindsay,RB,9.4,2.3,2020,9
Hunter Renfrow,WR,9.3,8.0,2020,9
Robbie Chosen,WR,9.2,15.3,2020,9
Eric Ebron,TE,9.2,11.2,2020,9
Quintez Cephus,WR,9.1,5.1,2020,9
Rex Burkhead,RB,9.1,15.7,2020,9
Darius Slayton,WR,9.1,1.8,2020,9
Keelan Cole,WR,8.9,1.6,2020,9
Jonathan Taylor,RB,8.9,9.4,2020,9
Mecole Hardman,WR,8.9,7.8,2020,9
Rob Gronkowski,TE,8.9,1.2,2020,9
Jamison Crowder,WR,8.8,10.6,2020,9
Jakobi Meyers,WR,8.8,28.9,2020,9
Chase Claypool,WR,8.6,15.3,2020,9
Randall Cobb,WR,8.6,5.1,2020,9
Amari Cooper,WR,8.6,12.5,2020,9
J.D. McKissic,RB,8.5,17.2,2020,9
Nelson Agholor,WR,8.4,13.5,2020,9
Zack Moss,RB,8.3,12.8,2020,9
Jared Cook,TE,8.3,3.0,2020,9
Laviska Shenault Jr.,WR,8.2,1.8,2020,9
JuJu Smith-Schuster,WR,8.2,21.3,2020,9
Damiere Byrd,WR,8.2,11.5,2020,9
Steven Sims,WR,8.2,1.4,2020,9
Hayden Hurst,TE,8.1,13.2,2020,9
Sterling Shepard,WR,8.1,11.7,2020,9
Devin Singletary,RB,8.0,6.4,2020,9
Tre'Quan Smith,WR,8.0,8.4,2020,9
Darnell Mooney,WR,7.9,9.3,2020,9
Latavius Murray,RB,7.9,6.2,2020,9
Adrian Peterson,RB,7.9,7.3,2020,9
Le'Veon Bell,RB,7.7,1.3,2020,9
John Brown,WR,7.5,17.9,2020,9
Danny Amendola,WR,7.5,14.9,2020,9
Henry Ruggs III,WR,7.5,2.0,2020,9
Noah Fant,TE,7.4,7.5,2020,9
DeVante Parker,WR,7.3,12.4,2020,9
La'Mical Perine,RB,7.3,5.8,2020,9
Jimmy Graham,TE,7.3,17.5,2020,9
Anthony Miller,WR,7.3,8.9,2020,9
Willie Snead,WR,7.2,7.7,2020,9
Joshua Kelley,RB,7.2,10.9,2020,9
Diontae Johnson,WR,7.2,14.1,2020,9
Tim Patrick,WR,7.1,12.9,2020,9
J.K. Dobbins,RB,7.1,5.5,2020,9
Evan Engram,TE,7.1,15.8,2020,9
Marquez Callaway,WR,7.0,3.1,2020,9
Larry Fitzgerald,WR,7.0,9.4,2020,9
Darren Fells,TE,6.9,4.6,2020,9
Wayne Gallman,RB,6.8,14.7,2020,9
Jonnu Smith,TE,6.8,11.2,2020,9
Zach Pascal,WR,6.7,10.5,2020,9
Isaiah Wright,WR,6.7,6.0,2020,9
Frank Gore,RB,6.7,7.9,2020,9
Russell Gage,WR,6.6,3.1,2020,9
Nyheim Hines,RB,6.5,5.8,2020,9
Logan Thomas,TE,6.4,5.8,2020,9
Jerry Jeudy,WR,6.3,25.5,2020,9
KJ Hamler,WR,6.3,15.0,2020,9
Damien Harris,RB,6.3,7.1,2020,9
Demarcus Robinson,WR,6.3,10.4,2020,9
James Washington,WR,6.3,8.7,2020,9
DeeJay Dallas,RB,6.2,11.9,2020,9
Jordan Akins,TE,6.1,3.9,2020,9
CeeDee Lamb,WR,6.1,15.1,2020,9
Curtis Samuel,WR,6.1,26.8,2020,9
Will Dissly,TE,5.9,3.6,2020,9
David Moore,WR,5.9,17.1,2020,9
Michael Gallup,WR,5.9,6.6,2020,9
Robert Tonyan,TE,5.7,1.5,2020,9
Darrel Williams,RB,5.7,1.3,2020,9
Brian Hill,RB,5.7,2.4,2020,9
Anthony Firkser,TE,5.7,4.9,2020,9
Jerick McKinnon,RB,5.7,15.8,2020,9
Alexander Mattison,RB,5.4,6.9,2020,9
Gus Edwards,RB,5.4,9.4,2020,9
Jalen Guyton,WR,5.3,1.9,2020,9
Gabe Davis,WR,5.2,17.0,2020,9
JaMycal Hasty,RB,5.2,6.6,2020,9
Denzel Mims,WR,5.1,10.2,2020,9
Kerryon Johnson,RB,5.1,9.5,2020,9
Jack Doyle,TE,5.1,0.0,2020,9
Austin Mack,WR,5.1,11.2,2020,9
Miles Boykin,WR,5.0,2.1,2020,9
Preston Williams,WR,5.0,16.0,2020,9
Marcus Johnson,WR,4.9,3.4,2020,9
Jalen Richard,RB,4.9,3.2,2020,9
Olamide Zaccheaus,WR,4.9,20.3,2020,9
Mike Gesicki,TE,4.9,7.2,2020,9
Devontae Booker,RB,4.9,12.8,2020,9
Jeremy McNichols,RB,4.8,1.0,2020,9
Michael Pittman,WR,4.7,9.6,2020,9
Dan Arnold,TE,4.7,2.6,2020,9
Jordan Wilkins,RB,4.6,5.8,2020,9
Greg Olsen,TE,4.6,3.3,2020,9
Kalen Ballage,RB,4.5,16.4,2020,9
Mo Alie-Cox,TE,4.5,7.3,2020,9
Trey Burton,TE,4.5,1.6,2020,9
Chris Conley,WR,4.5,12.2,2020,9
Tony Pollard,RB,4.3,6.8,2020,9
Albert Okwuegbunam,TE,4.3,1.7,2020,9
Kyle Rudolph,TE,4.2,7.0,2020,9
Benny Snell,RB,4.2,0.1,2020,9
Tyler Eifert,TE,4.2,8.8,2020,9
Tyler Johnson,WR,4.2,2.1,2020,9
DaeSean Hamilton,WR,4.2,3.2,2020,9
Irv Smith,TE,4.2,15.0,2020,9
James O'Shaughnessy,TE,4.1,1.9,2020,9
Devin Duvernay,WR,4.0,-0.1,2020,9
Duke Johnson,RB,4.0,15.3,2020,9
Marquez Valdes-Scantling,WR,3.8,19.3,2020,9
Jason Witten,TE,3.7,1.0,2020,9
Tyler Kroft,TE,3.7,7.1,2020,9
Deonte Harty,WR,3.6,5.0,2020,9
Nick Boyle,TE,3.5,8.6,2020,9
Cordarrelle Patterson,RB,3.4,8.0,2020,9
Alfred Morris,RB,3.3,8.1,2020,9
Jordan Reed,TE,3.3,1.3,2020,9
Braxton Berrios,WR,3.3,2.3,2020,9
Freddie Swain,WR,3.2,0.0,2020,9
Dalton Schultz,TE,3.0,8.8,2020,9
Cameron Batson,WR,3.0,1.6,2020,9
Chad Beebe,WR,3.0,0.0,2020,9
Ian Thomas,TE,2.9,1.8,2020,9
Vance McDonald,TE,2.8,1.2,2020,9
Jesse James,TE,2.8,1.0,2020,9
Donald Parham,TE,2.8,0.0,2020,9
Ross Dwelley,TE,2.7,8.2,2020,9
Malik Taylor,WR,2.7,0.9,2020,9
Dion Lewis,RB,2.7,4.1,2020,9
Jakeem Grant,WR,2.5,7.5,2020,9
Kaden Smith,TE,2.5,1.8,2020,9
Andy Isabella,WR,2.4,3.0,2020,9
Isaiah McKenzie,WR,2.4,9.6,2020,9
Adam Shaheen,TE,2.4,0.0,2020,9
D'Onta Foreman,RB,2.4,1.1,2020,9
Travis Homer,RB,2.2,11.0,2020,9
Breshad Perriman,WR,2.2,27.1,2020,9
Cedrick Wilson Jr.,WR,2.0,3.2,2020,9
Maxx Williams,TE,1.9,7.4,2020,9
Durham Smythe,TE,1.8,2.9,2020,9
Jace Sternberger,TE,1.8,1.1,2020,9
Collin Johnson,WR,1.8,1.9,2020,9
Kalif Raymond,WR,1.8,0.0,2020,9
Cam Sims,WR,1.8,14.0,2020,9
Malcolm Perry,RB,1.7,0.0,2020,9
Nick Keizer,TE,1.7,0.0,2020,9
Nick Vannett,TE,1.6,2.1,2020,9
Jacob Hollister,TE,1.6,11.0,2020,9
Anthony McFarland,RB,1.6,4.2,2020,9
Levine Toilolo,TE,1.5,1.0,2020,9
Josh Hill,TE,1.5,9.4,2020,9
Tyron Johnson,WR,1.5,6.0,2020,9
K.J. Hill,WR,1.5,0.0,2020,9
Taysom Hill,TE,1.4,10.42,2020,9
Trent Taylor,WR,1.3,1.9,2020,9
C.J. Board,WR,1.3,2.0,2020,9
Tyler Ervin,RB,1.3,11.2,2020,9
Michael Thomas,WR,1.2,10.1,2020,9
Ameer Abdullah,RB,1.2,9.2,2020,9
Darrell Daniels,TE,1.1,9.1,2020,9
Mike Boone,RB,1.1,0.0,2020,9
Marcedes Lewis,TE,1.1,7.1,2020,9
De'Michael Harris,WR,1.1,19.0,2020,9
Pharaoh Brown,TE,1.0,0.0,2020,9
Brandon Zylstra,WR,0.9,3.8,2020,9
Luke Stocker,TE,0.9,2.2,2020,9
Jakob Johnson,RB,0.8,2.6,2020,9
Patrick Laird,RB,0.8,2.6,2020,9
Jaeden Graham,TE,0.7,0.0,2020,9
Blake Bell,TE,0.7,0.6,2020,9
Darrius Shepherd,WR,0.6,1.3,2020,9
Adam Trautman,TE,0.6,12.9,2020,9
Ray-Ray McCloud,WR,0.5,3.6,2020,9
Rico Dowdle,RB,0.5,0.0,2020,9
Jaydon Mickens,WR,0.4,0.0,2020,9
Ryan Nall,RB,0.4,13.5,2020,9
Christian Blake,WR,0.3,6.1,2020,9
Andre Roberts,WR,0.3,0.0,2020,9
Richie James,WR,0.2,33.4,2020,9
Tyler Conklin,TE,0.2,0.0,2020,9
Gunner Olszewski,WR,0.2,2.5,2020,9
James Proche,WR,0.2,0.0,2020,9
Pharoh Cooper,WR,0.2,0.0,2020,9
Jonathan Ward,RB,0.2,0.0,2020,9
Cullen Gillaspia,RB,0.1,0.0,2020,9
DeAndre Carter,WR,0.1,0.0,2020,9
Tyrie Cleveland,WR,0.1,0.0,2020,9
Mack Hollins,WR,0.1,8.1,2020,9
Stephen Anderson,TE,0.1,0.0,2020,9
Derek Carrier,TE,0.0,0.0,2020,9
K.J. Osborn,WR,0.0,0.0,2020,9
Dwayne Harris,WR,0.0,0.0,2020,9
Tyrod Taylor,QB,0.0,0.0,2020,9
Lamar Jackson,QB,0.0,18.6,2020,9
Joe Flacco,QB,0.0,20.48,2020,9
Mason Rudolph,QB,0.0,0.12,2020,9
Nick Mullens,QB,0.0,11.64,2020,9
Justice Hill,RB,0.0,0.0,2020,9
Brandon Powell,WR,0.0,8.3,2020,9
Dan Chisena,WR,0.0,0.0,2020,9
Matthew Slater,WR,0.0,0.0,2020,9
Penny Hart,WR,0.0,0.0,2020,9
River Cracraft,WR,0.0,3.3,2020,9
J.P. Holtz,TE,0.0,0.0,2020,9
Joe Reed,WR,0.0,0.7,2020,9
Dwayne Washington,RB,0.0,0.9,2020,9
Blaine Gabbert,QB,0.0,-0.1,2020,9
Dalvin Cook,RB,27.5,15.2,2020,10
Kyler Murray,QB,23.7,29.9,2020,10
Russell Wilson,QB,22.6,9.92,2020,10
Josh Allen,QB,21.7,27.36,2020,10
Deshaun Watson,QB,21.6,14.12,2020,10
Carson Wentz,QB,20.8,8.72,2020,10
Justin Herbert,QB,20.5,20.48,2020,10
Jared Goff,QB,20.0,10.48,2020,10
Tom Brady,QB,19.4,31.84,2020,10
Drew Lock,QB,19.3,6.98,2020,10
Alvin Kamara,RB,18.8,34.8,2020,10
Aaron Rodgers,QB,18.5,25.4,2020,10
Drew Brees,QB,18.2,6.94,2020,10
Cooper Kupp,WR,18.2,10.0,2020,10
Melvin Gordon,RB,17.6,4.6,2020,10
Nick Mullens,QB,17.6,10.18,2020,10
Miles Sanders,RB,17.6,13.5,2020,10
Teddy Bridgewater,QB,17.5,19.04,2020,10
Matthew Stafford,QB,17.5,23.04,2020,10
Kareem Hunt,RB,17.0,16.2,2020,10
Alex Smith,QB,16.9,16.0,2020,10
Aaron Jones,RB,16.9,14.5,2020,10
Ryan Tannehill,QB,16.9,10.78,2020,10
DK Metcalf,WR,16.6,4.8,2020,10
Philip Rivers,QB,16.3,16.32,2020,10
Davante Adams,WR,16.2,18.6,2020,10
James Conner,RB,16.0,6.8,2020,10
James Robinson,RB,15.9,13.2,2020,10
Derek Carr,QB,15.4,7.16,2020,10
Robert Woods,WR,15.4,8.6,2020,10
Baker Mayfield,QB,15.4,5.38,2020,10
Ben Roethlisberger,QB,15.3,29.32,2020,10
Tyler Lockett,WR,14.3,11.6,2020,10
Allen Robinson,WR,14.2,10.3,2020,10
Nick Foles,QB,14.1,2.44,2020,10
Keenan Allen,WR,14.1,12.9,2020,10
Nick Chubb,RB,14.0,18.6,2020,10
Tua Tagovailoa,QB,13.9,14.66,2020,10
Antonio Brown,WR,13.9,13.6,2020,10
Cam Newton,QB,13.8,16.82,2020,10
Derrick Henry,RB,13.6,11.9,2020,10
Will Fuller,WR,13.4,8.8,2020,10
DeAndre Hopkins,WR,12.9,25.7,2020,10
Daniel Jones,QB,12.8,22.16,2020,10
Stefon Diggs,WR,12.8,25.3,2020,10
Terry McLaurin,WR,12.7,17.2,2020,10
Joe Burrow,QB,12.6,12.52,2020,10
Kirk Cousins,QB,12.5,17.58,2020,10
Ronald Jones,RB,12.3,24.8,2020,10
Josh Jacobs,RB,12.1,29.6,2020,10
Marquise Brown,WR,11.9,3.4,2020,10
Chris Godwin Jr.,WR,11.9,15.2,2020,10
Robbie Chosen,WR,11.8,6.1,2020,10
Jonathan Taylor,RB,11.8,5.7,2020,10
Brandin Cooks,WR,11.7,9.9,2020,10
Kenyan Drake,RB,11.6,9.9,2020,10
Tyler Boyd,WR,11.5,10.1,2020,10
A.J. Brown,WR,11.5,3.1,2020,10
Antonio Gibson,RB,11.4,22.5,2020,10
Mark Andrews,TE,11.1,13.1,2020,10
DJ Moore,WR,11.0,19.6,2020,10
Jake Luton,QB,11.0,8.76,2020,10
Chase Edmonds,RB,10.7,10.7,2020,10
Jamaal Williams,RB,10.7,8.5,2020,10
Leonard Fournette,RB,10.7,5.0,2020,10
D'Andre Swift,RB,10.6,25.9,2020,10
T.J. Hockenson,TE,10.3,3.3,2020,10
Phillip Lindsay,RB,10.3,0.2,2020,10
Curtis Samuel,WR,10.2,4.2,2020,10
T.Y. Hilton,WR,10.1,8.0,2020,10
Christian Kirk,WR,10.0,6.7,2020,10
Tyler Higbee,TE,10.0,9.0,2020,10
Marvin Jones,WR,9.8,23.6,2020,10
Adam Thielen,WR,9.8,20.3,2020,10
Brandon Aiyuk,WR,9.7,19.7,2020,10
Jerry Jeudy,WR,9.6,10.8,2020,10
Darren Waller,TE,9.5,6.7,2020,10
Mike Evans,WR,9.5,19.7,2020,10
Tee Higgins,WR,9.5,22.5,2020,10
Josh Reynolds,WR,9.4,17.4,2020,10
Boston Scott,RB,9.4,14.4,2020,10
JuJu Smith-Schuster,WR,9.2,22.7,2020,10
Justin Jefferson,WR,9.1,21.5,2020,10
Gus Edwards,RB,9.0,8.3,2020,10
Darrell Henderson,RB,9.0,10.3,2020,10
Mike Davis,RB,8.9,8.4,2020,10
Zach Pascal,WR,8.9,7.3,2020,10
Gerald Everett,TE,8.9,4.7,2020,10
J.K. Dobbins,RB,8.9,2.4,2020,10
Nyheim Hines,RB,8.9,28.5,2020,10
Chase Claypool,WR,8.7,21.3,2020,10
Travis Fulgham,WR,8.6,1.8,2020,10
DeVante Parker,WR,8.5,5.1,2020,10
Randall Cobb,WR,8.5,7.1,2020,10
Darnell Mooney,WR,8.5,2.3,2020,10
Mike Williams,WR,8.4,5.8,2020,10
Tim Patrick,WR,8.4,10.1,2020,10
KJ Hamler,WR,8.3,9.0,2020,10
Cole Beasley,WR,8.2,27.9,2020,10
Malcolm Brown,RB,8.2,19.1,2020,10
Anthony Miller,WR,8.1,4.8,2020,10
Diontae Johnson,WR,8.0,23.6,2020,10
Emmanuel Sanders,WR,8.0,1.5,2020,10
Jerick McKinnon,RB,8.0,5.6,2020,10
Jakobi Meyers,WR,7.8,15.86,2020,10
John Brown,WR,7.8,13.2,2020,10
Jimmy Graham,TE,7.8,0.0,2020,10
Noah Fant,TE,7.7,4.8,2020,10
Mark Ingram,RB,7.7,4.9,2020,10
Zack Moss,RB,7.6,2.7,2020,10
Sterling Shepard,WR,7.6,10.7,2020,10
Michael Pittman,WR,7.6,19.2,2020,10
J.D. McKissic,RB,7.6,17.9,2020,10
DJ Chark,WR,7.5,9.6,2020,10
Willie Snead,WR,7.5,23.4,2020,10
Darius Slayton,WR,7.5,14.3,2020,10
Eric Ebron,TE,7.5,5.8,2020,10
Larry Fitzgerald,WR,7.2,3.3,2020,10
Danny Amendola,WR,7.2,4.0,2020,10
David Moore,WR,7.2,3.8,2020,10
Corey Davis,WR,7.1,11.7,2020,10
Salvon Ahmed,RB,7.1,16.0,2020,10
Wayne Gallman,RB,7.0,19.0,2020,10
Adrian Peterson,RB,6.9,4.0,2020,10
Hunter Renfrow,WR,6.9,5.0,2020,10
Rex Burkhead,RB,6.9,22.6,2020,10
Greg Ward,WR,6.9,8.9,2020,10
Nelson Agholor,WR,6.9,1.8,2020,10
Jarvis Landry,WR,6.9,5.9,2020,10
Kendrick Bourne,WR,6.8,6.6,2020,10
Steven Sims,WR,6.6,9.6,2020,10
Mo Alie-Cox,TE,6.5,4.9,2020,10
Jordan Wilkins,RB,6.5,2.8,2020,10
Austin Hooper,TE,6.5,2.1,2020,10
Duke Johnson,RB,6.5,5.4,2020,10
Evan Engram,TE,6.5,3.5,2020,10
Devin Singletary,RB,6.5,2.0,2020,10
Michael Thomas,WR,6.4,4.7,2020,10
Hunter Henry,TE,6.4,13.0,2020,10
Darren Fells,TE,6.3,2.5,2020,10
Jalen Reagor,WR,6.3,8.7,2020,10
Latavius Murray,RB,6.3,5.7,2020,10
Jordan Akins,TE,6.2,1.5,2020,10
Rob Gronkowski,TE,6.2,13.1,2020,10
DeeJay Dallas,RB,6.2,5.1,2020,10
Quintez Cephus,WR,6.0,2.0,2020,10
Joshua Kelley,RB,6.0,2.1,2020,10
James White,RB,5.8,2.8,2020,10
James Washington,WR,5.8,5.0,2020,10
Dallas Goedert,TE,5.8,7.3,2020,10
Giovani Bernard,RB,5.7,8.7,2020,10
Kalen Ballage,RB,5.7,15.2,2020,10
Jared Cook,TE,5.7,0.0,2020,10
Golden Tate,WR,5.6,6.4,2020,10
Richie James,WR,5.6,5.6,2020,10
Tre'Quan Smith,WR,5.4,0.0,2020,10
Jonnu Smith,TE,5.4,9.5,2020,10
Isaiah Wright,WR,5.4,11.9,2020,10
Austin Mack,WR,5.4,1.9,2020,10
Will Dissly,TE,5.4,2.6,2020,10
Trey Burton,TE,5.4,5.4,2020,10
Mike Gesicki,TE,5.3,6.0,2020,10
JaMycal Hasty,RB,5.3,5.8,2020,10
Kerryon Johnson,RB,5.3,0.3,2020,10
Logan Thomas,TE,5.1,10.6,2020,10
Rashard Higgins,WR,5.1,7.8,2020,10
Gabe Davis,WR,5.1,0.0,2020,10
Royce Freeman,RB,5.1,4.6,2020,10
Scott Miller,WR,5.0,1.4,2020,10
Cam Akers,RB,5.0,3.8,2020,10
Alexander Mattison,RB,5.0,0.4,2020,10
Marquez Valdes-Scantling,WR,4.9,24.9,2020,10
Marquez Callaway,WR,4.9,0.0,2020,10
Robert Tonyan,TE,4.9,6.3,2020,10
Damien Harris,RB,4.8,12.1,2020,10
Jacob Hollister,TE,4.8,1.6,2020,10
Keelan Cole,WR,4.8,21.7,2020,10
Henry Ruggs III,WR,4.7,12.2,2020,10
Bryan Edwards,WR,4.5,2.6,2020,10
Dan Arnold,TE,4.5,7.4,2020,10
Richard Rodgers,TE,4.5,10.0,2020,10
Devontae Booker,RB,4.5,21.3,2020,10
Nick Boyle,TE,4.4,1.4,2020,10
DaeSean Hamilton,WR,4.4,11.3,2020,10
Anthony Firkser,TE,4.4,1.5,2020,10
Greg Olsen,TE,4.4,5.3,2020,10
Kyle Rudolph,TE,4.3,8.3,2020,10
Cordarrelle Patterson,RB,4.1,12.9,2020,10
Marcus Johnson,WR,4.0,0.0,2020,10
Justin Watson,WR,4.0,0.0,2020,10
Ross Dwelley,TE,3.9,3.2,2020,10
DeAndre Washington,RB,3.7,0.2,2020,10
Jalen Richard,RB,3.7,0.0,2020,10
Devin Duvernay,WR,3.6,7.5,2020,10
Jeremy McNichols,RB,3.4,4.4,2020,10
Cameron Brate,TE,3.4,12.1,2020,10
Jakeem Grant,WR,3.4,14.3,2020,10
Bisi Johnson,WR,3.4,0.0,2020,10
Peyton Barber,RB,3.4,2.4,2020,10
Alfred Morris,RB,3.3,3.4,2020,10
Jalen Guyton,WR,3.3,6.4,2020,10
Benny Snell,RB,3.1,1.2,2020,10
Ian Thomas,TE,3.1,1.7,2020,10
Malcolm Perry,RB,3.0,4.7,2020,10
Jordan Reed,TE,2.9,11.2,2020,10
Dawson Knox,TE,2.9,3.6,2020,10
Travis Homer,RB,2.9,4.9,2020,10
Van Jefferson,WR,2.7,2.5,2020,10
Tyler Eifert,TE,2.7,3.5,2020,10
Chris Conley,WR,2.7,8.3,2020,10
Alex Collins,RB,2.7,11.7,2020,10
Cole Kmet,TE,2.6,1.7,2020,10
Tyler Ervin,RB,2.6,1.3,2020,10
Isaiah McKenzie,WR,2.5,5.68,2020,10
Auden Tate,WR,2.5,4.4,2020,10
Tyler Johnson,WR,2.5,0.0,2020,10
Freddie Swain,WR,2.5,6.7,2020,10
Kenny Stills,WR,2.4,1.6,2020,10
Corey Clement,RB,2.4,6.5,2020,10
De'Michael Harris,WR,2.4,6.2,2020,10
Deonte Harty,WR,2.4,6.4,2020,10
Ryan Nall,RB,2.4,2.8,2020,10
Dion Lewis,RB,2.3,3.7,2020,10
Mike Thomas,WR,2.3,0.0,2020,10
Andy Isabella,WR,2.3,2.4,2020,10
Adam Shaheen,TE,2.2,2.9,2020,10
Drew Sample,TE,2.2,1.9,2020,10
Jesse James,TE,2.2,2.9,2020,10
Kaden Smith,TE,2.1,3.2,2020,10
Malik Taylor,WR,2.1,0.0,2020,10
James O'Shaughnessy,TE,2.1,0.0,2020,10
Zay Jones,WR,2.1,1.6,2020,10
D'Onta Foreman,RB,2.0,9.3,2020,10
Chad Beebe,WR,1.9,3.6,2020,10
Durham Smythe,TE,1.9,8.9,2020,10
Marvin Hall,WR,1.7,14.1,2020,10
Ryan Izzo,TE,1.6,3.0,2020,10
Donald Parham,TE,1.5,2.3,2020,10
Samaje Perine,RB,1.5,6.5,2020,10
Jaylen Samuels,RB,1.5,0.0,2020,10
Cam Sims,WR,1.5,9.4,2020,10
Demetrius Harris,TE,1.4,0.0,2020,10
KhaDarel Hodge,WR,1.4,0.0,2020,10
Trenton Cannon,RB,1.3,0.0,2020,10
Kalif Raymond,WR,1.3,0.0,2020,10
Trent Taylor,WR,1.2,0.0,2020,10
Colin Thompson,TE,1.2,7.7,2020,10
Taysom Hill,TE,1.1,2.5,2020,10
Patrick Laird,RB,1.0,1.9,2020,10
Ray-Ray McCloud,WR,0.9,2.3,2020,10
Cethan Carter,TE,0.8,0.0,2020,10
Pharaoh Brown,TE,0.8,10.1,2020,10
Cameron Batson,WR,0.8,2.8,2020,10
Jakob Johnson,RB,0.8,4.0,2020,10
K.J. Hill,WR,0.7,0.0,2020,10
Patrick Ricard,RB,0.7,1.2,2020,10
C.J. Prosise,RB,0.6,0.8,2020,10
Dare Ogunbowale,RB,0.5,1.5,2020,10
D.J. Foster,RB,0.4,0.0,2020,10
Trent Sherfield,WR,0.2,0.0,2020,10
Diontae Spencer,WR,0.2,0.0,2020,10
Alex Armah,RB,0.2,1.5,2020,10
Andre Roberts,WR,0.2,0.0,2020,10
Nick Westbrook-Ikhine,WR,0.2,0.0,2020,10
Justice Hill,RB,0.2,1.3,2020,10
Tyler Conklin,TE,0.2,3.1,2020,10
Gunner Olszewski,WR,0.2,0.0,2020,10
James Proche,WR,0.2,0.0,2020,10
Isaac Nauta,TE,0.2,0.0,2020,10
Alex Erickson,WR,0.1,0.0,2020,10
DeAndre Carter,WR,0.1,0.0,2020,10
Cullen Gillaspia,RB,0.1,0.0,2020,10
Mack Hollins,WR,0.1,1.1,2020,10
Jameis Winston,QB,0.0,2.32,2020,10
Lamar Jackson,QB,0.0,21.46,2020,10
Jalen Hurts,QB,0.0,-0.1,2020,10
Derek Carrier,TE,0.0,0.0,2020,10
Jacoby Brissett,QB,0.0,6.2,2020,10
PJ Walker,QB,0.0,0.96,2020,10
Dan Chisena,WR,0.0,0.0,2020,10
Artavis Pierce,RB,0.0,0.9,2020,10
Austin Walter,RB,0.0,4.0,2020,10
Dwayne Harris,WR,0.0,0.0,2020,10
Buddy Howell,RB,0.0,0.0,2020,10
Nsimba Webster,WR,0.0,0.0,2020,10
Joe Reed,WR,0.0,0.0,2020,10
Donovan Peoples-Jones,WR,0.0,3.6,2020,10
K.J. Osborn,WR,0.0,0.0,2020,10
Blaine Gabbert,QB,0.0,0.0,2020,10
Patrick Mahomes,QB,35.1,21.52,2020,11
Kyler Murray,QB,32.4,20.26,2020,11
Dalvin Cook,RB,26.8,25.0,2020,11
Justin Herbert,QB,26.0,27.74,2020,11
Russell Wilson,QB,24.5,20.08,2020,11
Alvin Kamara,RB,24.0,10.5,2020,11
Lamar Jackson,QB,23.7,16.54,2020,11
Cam Newton,QB,22.4,19.2,2020,11
Matt Ryan,QB,22.0,5.28,2020,11
Julio Jones,WR,20.6,5.9,2020,11
Matthew Stafford,QB,20.0,7.62,2020,11
Travis Kelce,TE,19.3,26.86,2020,11
Keenan Allen,WR,19.2,34.5,2020,11
Deshaun Watson,QB,19.2,31.36,2020,11
Aaron Rodgers,QB,19.0,21.74,2020,11
Josh Jacobs,RB,18.9,13.4,2020,11
Tyreek Hill,WR,18.8,27.0,2020,11
Jared Goff,QB,17.9,23.04,2020,11
Calvin Ridley,WR,17.8,14.0,2020,11
DeAndre Hopkins,WR,17.7,10.1,2020,11
Derek Carr,QB,17.3,21.6,2020,11
Tom Brady,QB,17.3,12.64,2020,11
James Conner,RB,17.0,12.9,2020,11
Alex Smith,QB,16.7,8.34,2020,11
Ben Roethlisberger,QB,16.6,16.68,2020,11
Davante Adams,WR,16.4,23.6,2020,11
Mark Andrews,TE,15.8,20.6,2020,11
Joe Burrow,QB,15.4,11.32,2020,11
Cooper Kupp,WR,15.3,25.5,2020,11
Ezekiel Elliott,RB,15.2,19.4,2020,11
Derrick Henry,RB,15.2,20.2,2020,11
Ryan Tannehill,QB,15.1,21.86,2020,11
DK Metcalf,WR,15.1,13.6,2020,11
Tyler Lockett,WR,15.1,21.7,2020,11
Kirk Cousins,QB,15.0,22.96,2020,11
Carson Wentz,QB,14.7,14.4,2020,11
Terry McLaurin,WR,14.5,13.4,2020,11
Clyde Edwards-Helaire,RB,14.4,20.7,2020,11
Todd Gurley,RB,14.2,3.9,2020,11
Will Fuller,WR,13.8,14.0,2020,11
Miles Sanders,RB,13.8,9.1,2020,11
James Robinson,RB,13.6,11.4,2020,11
Kareem Hunt,RB,13.5,9.1,2020,11
Marvin Jones,WR,13.5,9.1,2020,11
Robert Woods,WR,13.1,30.6,2020,11
Chase Edmonds,RB,13.0,14.9,2020,11
Kenyan Drake,RB,12.9,16.0,2020,11
Aaron Jones,RB,12.8,17.1,2020,11
Amari Cooper,WR,12.8,14.1,2020,11
Baker Mayfield,QB,12.6,7.06,2020,11
Tee Higgins,WR,12.5,5.6,2020,11
Nick Chubb,RB,12.4,11.4,2020,11
Willie Snead,WR,12.3,5.3,2020,11
Christian Kirk,WR,12.1,9.0,2020,11
Tyler Boyd,WR,12.1,17.5,2020,11
Philip Rivers,QB,12.1,21.42,2020,11
Tua Tagovailoa,QB,12.0,7.32,2020,11
Rex Burkhead,RB,11.9,3.2,2020,11
Melvin Gordon,RB,11.8,18.4,2020,11
Adam Thielen,WR,11.7,32.3,2020,11
Darren Waller,TE,11.6,21.8,2020,11
Drew Lock,QB,11.5,11.1,2020,11
Brandin Cooks,WR,11.5,12.5,2020,11
Antonio Brown,WR,11.4,13.8,2020,11
Marquise Brown,WR,11.4,0.0,2020,11
Mike Williams,WR,11.2,17.2,2020,11
Jake Luton,QB,11.0,-1.96,2020,11
Ronald Jones,RB,10.9,2.4,2020,11
DJ Moore,WR,10.7,21.8,2020,11
Antonio Gibson,RB,10.7,17.4,2020,11
Justin Jefferson,WR,10.7,17.6,2020,11
Josh Reynolds,WR,10.6,6.2,2020,11
Jakobi Meyers,WR,10.5,6.8,2020,11
Robbie Chosen,WR,10.2,11.6,2020,11
JuJu Smith-Schuster,WR,10.2,5.9,2020,11
T.J. Hockenson,TE,10.1,10.8,2020,11
Olamide Zaccheaus,WR,10.0,2.0,2020,11
Kalen Ballage,RB,9.9,14.1,2020,11
Mecole Hardman,WR,9.9,2.6,2020,11
Chris Godwin Jr.,WR,9.9,18.3,2020,11
CeeDee Lamb,WR,9.8,16.6,2020,11
Hunter Henry,TE,9.6,14.8,2020,11
Diontae Johnson,WR,9.5,23.1,2020,11
A.J. Brown,WR,9.5,16.2,2020,11
Tyler Higbee,TE,9.4,6.0,2020,11
Chase Claypool,WR,9.4,15.9,2020,11
Hayden Hurst,TE,9.4,0.0,2020,11
Allen Lazard,WR,9.4,3.8,2020,11
Jamaal Williams,RB,9.2,8.6,2020,11
Mike Davis,RB,9.1,15.9,2020,11
Malcolm Brown,RB,9.0,3.8,2020,11
J.K. Dobbins,RB,8.9,18.5,2020,11
Jamison Crowder,WR,8.9,2.6,2020,11
Gus Edwards,RB,8.8,0.6,2020,11
Salvon Ahmed,RB,8.8,12.4,2020,11
Nyheim Hines,RB,8.8,8.3,2020,11
Randall Cobb,WR,8.6,8.7,2020,11
Michael Gallup,WR,8.6,4.9,2020,11
Michael Thomas,WR,8.5,19.4,2020,11
Curtis Samuel,WR,8.5,21.4,2020,11
Damien Harris,RB,8.5,12.4,2020,11
Mike Evans,WR,8.4,15.9,2020,11
Devontae Booker,RB,8.3,2.9,2020,11
Jonathan Taylor,RB,8.2,15.4,2020,11
Demarcus Robinson,WR,8.1,10.4,2020,11
Hunter Renfrow,WR,8.1,5.7,2020,11
La'Mical Perine,RB,8.0,9.3,2020,11
Boston Scott,RB,8.0,8.0,2020,11
Darrell Henderson,RB,8.0,2.9,2020,11
Steven Sims,WR,7.9,10.3,2020,11
DJ Chark,WR,7.9,8.1,2020,11
David Moore,WR,7.8,2.5,2020,11
Larry Fitzgerald,WR,7.8,14.2,2020,11
Gerald Everett,TE,7.8,6.7,2020,11
T.Y. Hilton,WR,7.8,6.6,2020,11
Leonard Fournette,RB,7.6,9.6,2020,11
J.D. McKissic,RB,7.6,9.9,2020,11
Nelson Agholor,WR,7.4,20.8,2020,11
Russell Gage,WR,7.4,12.8,2020,11
Adrian Peterson,RB,7.4,1.8,2020,11
Eric Ebron,TE,7.3,13.6,2020,11
Tony Pollard,RB,7.2,12.0,2020,11
Mark Ingram,RB,7.2,0.2,2020,11
Emmanuel Sanders,WR,7.1,10.6,2020,11
Marquez Valdes-Scantling,WR,7.0,6.5,2020,11
Michael Pittman,WR,7.0,15.6,2020,11
Latavius Murray,RB,7.0,10.5,2020,11
Frank Gore,RB,7.0,15.1,2020,11
Corey Davis,WR,6.9,16.3,2020,11
James White,RB,6.9,14.3,2020,11
Damiere Byrd,WR,6.9,26.3,2020,11
DeVante Parker,WR,6.9,18.1,2020,11
Duke Johnson,RB,6.7,6.5,2020,11
Carlos Hyde,RB,6.7,17.5,2020,11
Joshua Kelley,RB,6.7,2.2,2020,11
Jerry Jeudy,WR,6.7,6.7,2020,11
Jared Cook,TE,6.4,1.6,2020,11
Giovani Bernard,RB,6.4,9.5,2020,11
Logan Thomas,TE,6.4,2.8,2020,11
Zach Pascal,WR,6.2,8.4,2020,11
Isaiah Wright,WR,6.2,1.7,2020,11
Brian Hill,RB,6.2,1.8,2020,11
Dalton Schultz,TE,6.2,12.5,2020,11
Le'Veon Bell,RB,6.2,10.6,2020,11
Keelan Cole,WR,6.1,4.6,2020,11
Denzel Mims,WR,6.1,10.1,2020,11
Quintez Cephus,WR,6.0,1.9,2020,11
Rob Gronkowski,TE,6.0,4.5,2020,11
DeeJay Dallas,RB,5.9,5.2,2020,11
Marquez Callaway,WR,5.9,0.0,2020,11
Henry Ruggs III,WR,5.9,5.4,2020,11
N'Keal Harry,TE,5.9,9.1,2020,11
Phillip Lindsay,RB,5.9,8.2,2020,11
Darren Fells,TE,5.8,4.9,2020,11
KJ Hamler,WR,5.8,7.5,2020,11
Kerryon Johnson,RB,5.8,5.8,2020,11
Jarvis Landry,WR,5.7,4.6,2020,11
Tim Patrick,WR,5.7,16.9,2020,11
Will Dissly,TE,5.5,2.0,2020,11
Devin Duvernay,WR,5.5,1.5,2020,11
Darrel Williams,RB,5.5,5.2,2020,11
Breshad Perriman,WR,5.5,13.4,2020,11
Austin Hooper,TE,5.5,6.3,2020,11
Dan Arnold,TE,5.4,7.4,2020,11
Jordan Wilkins,RB,5.1,4.6,2020,11
James Washington,WR,5.1,2.2,2020,11
Jalen Guyton,WR,5.0,1.4,2020,11
Robert Tonyan,TE,5.0,15.4,2020,11
Kyle Rudolph,TE,5.0,5.8,2020,11
Greg Ward,WR,4.9,3.9,2020,11
Travis Fulgham,WR,4.9,1.8,2020,11
Mike Gesicki,TE,4.8,8.3,2020,11
Jonnu Smith,TE,4.8,12.0,2020,11
Noah Fant,TE,4.8,9.5,2020,11
Dallas Goedert,TE,4.8,18.7,2020,11
Greg Olsen,TE,4.7,4.0,2020,11
Rashard Higgins,WR,4.6,9.5,2020,11
Jordan Akins,TE,4.6,13.3,2020,11
Jalen Reagor,WR,4.5,9.2,2020,11
Bryan Edwards,WR,4.5,1.1,2020,11
Mo Alie-Cox,TE,4.5,1.6,2020,11
Cam Akers,RB,4.2,8.9,2020,11
Alexander Mattison,RB,4.2,0.6,2020,11
Jakeem Grant,WR,4.0,3.5,2020,11
Richard Rodgers,TE,3.9,12.8,2020,11
Irv Smith,TE,3.9,4.3,2020,11
Braxton Berrios,WR,3.8,0.0,2020,11
Trey Burton,TE,3.8,10.5,2020,11
Cameron Brate,TE,3.7,5.3,2020,11
Chris Conley,WR,3.7,2.3,2020,11
Jack Doyle,TE,3.7,7.6,2020,11
Anthony Firkser,TE,3.7,7.3,2020,11
Matt Breida,RB,3.6,0.4,2020,11
Jeremy McNichols,RB,3.5,1.2,2020,11
Jason Witten,TE,3.5,7.1,2020,11
Troymaine Pope,RB,3.4,3.6,2020,11
David Njoku,TE,3.4,0.0,2020,11
Justin Watson,WR,3.3,0.0,2020,11
Johnny Mundt,TE,3.3,0.0,2020,11
Marcus Johnson,WR,3.3,2.4,2020,11
Rodney Smith,RB,3.2,2.9,2020,11
Jeff Smith,WR,3.2,1.5,2020,11
Maxx Williams,TE,3.2,4.9,2020,11
Cam Sims,WR,3.0,4.0,2020,11
Drew Sample,TE,3.0,4.9,2020,11
Malcolm Perry,RB,2.9,5.3,2020,11
Deonte Harty,WR,2.9,3.5,2020,11
Bisi Johnson,WR,2.9,3.8,2020,11
Tyler Eifert,TE,2.8,5.2,2020,11
D'Onta Foreman,RB,2.8,0.1,2020,11
Jacob Hollister,TE,2.8,3.4,2020,11
Benny Snell,RB,2.8,7.5,2020,11
Auden Tate,WR,2.7,1.5,2020,11
Tyron Johnson,WR,2.7,6.4,2020,11
Andy Isabella,WR,2.7,1.6,2020,11
Marvin Hall,WR,2.7,4.6,2020,11
Peyton Barber,RB,2.7,2.8,2020,11
Cedrick Wilson Jr.,WR,2.6,3.4,2020,11
Byron Pringle,WR,2.5,4.7,2020,11
Van Jefferson,WR,2.5,7.7,2020,11
Jesse James,TE,2.5,1.3,2020,11
Samaje Perine,RB,2.5,3.1,2020,11
Anthony McFarland,RB,2.5,0.3,2020,11
Noah Brown,WR,2.4,1.6,2020,11
Ryan Izzo,TE,2.4,7.9,2020,11
Chris Herndon,TE,2.4,22.4,2020,11
Ito Smith,RB,2.4,0.5,2020,11
Adam Trautman,TE,2.3,2.9,2020,11
Donald Parham,TE,2.3,0.0,2020,11
Durham Smythe,TE,2.1,0.0,2020,11
D'Ernest Johnson,RB,2.1,0.0,2020,11
Chad Beebe,WR,2.0,0.0,2020,11
Zay Jones,WR,2.0,2.8,2020,11
Pharaoh Brown,TE,2.0,4.2,2020,11
Christian Blake,WR,1.8,4.8,2020,11
Marcedes Lewis,TE,1.7,1.8,2020,11
Nick Keizer,TE,1.7,1.5,2020,11
De'Michael Harris,WR,1.7,6.0,2020,11
Jace Sternberger,TE,1.7,5.3,2020,11
Ty Johnson,RB,1.5,5.7,2020,11
Taysom Hill,TE,1.3,24.22,2020,11
Luke Stocker,TE,1.3,0.0,2020,11
Blake Bell,TE,1.2,2.3,2020,11
Chris Manhertz,TE,1.2,0.0,2020,11
Trenton Cannon,RB,1.1,0.0,2020,11
Patrick Laird,RB,1.1,1.8,2020,11
Kalif Raymond,WR,1.1,0.0,2020,11
Brandon Powell,WR,1.1,0.3,2020,11
Nick Vannett,TE,1.1,4.4,2020,11
Ray-Ray McCloud,WR,1.0,6.3,2020,11
Ben Ellefson,TE,1.0,2.0,2020,11
Cameron Batson,WR,0.9,4.5,2020,11
Keke Coutee,WR,0.9,9.0,2020,11
Dare Ogunbowale,RB,0.9,0.0,2020,11
KhaDarel Hodge,WR,0.8,20.6,2020,11
Patrick Ricard,RB,0.7,1.5,2020,11
Darrius Shepherd,WR,0.6,0.0,2020,11
Equanimeous St. Brown,WR,0.6,3.3,2020,11
Justice Hill,RB,0.6,0.0,2020,11
Jamal Agnew,WR,0.6,4.0,2020,11
Troy Fumagalli,TE,0.5,0.0,2020,11
C.J. Prosise,RB,0.5,3.2,2020,11
Donovan Peoples-Jones,WR,0.4,0.0,2020,11
Kenjon Barner,RB,0.4,0.0,2020,11
D.J. Foster,RB,0.4,0.0,2020,11
Alex Armah,RB,0.3,0.0,2020,11
Mack Hollins,WR,0.2,1.9,2020,11
Gunner Olszewski,WR,0.2,0.0,2020,11
Joe Reed,WR,0.2,0.0,2020,11
K.J. Hill,WR,0.2,0.0,2020,11
Pharoh Cooper,WR,0.2,0.0,2020,11
Jonathan Ward,RB,0.2,0.0,2020,11
Nick Westbrook-Ikhine,WR,0.1,1.7,2020,11
Alex Erickson,WR,0.1,2.0,2020,11
Alshon Jeffery,WR,0.1,0.0,2020,11
Diontae Spencer,WR,0.1,0.0,2020,11
James Proche,WR,0.1,2.4,2020,11
Xavier Jones,RB,0.0,0.0,2020,11
Nsimba Webster,WR,0.0,0.0,2020,11
Daniel Brown,TE,0.0,0.0,2020,11
Derek Carrier,TE,0.0,2.4,2020,11
Geoff Swaim,TE,0.0,1.9,2020,11
Jacoby Brissett,QB,0.0,0.9,2020,11
Ryan Fitzpatrick,QB,0.0,3.28,2020,11
PJ Walker,QB,0.0,20.24,2020,11
Jalen Hurts,QB,0.0,0.6,2020,11
Matthew Slater,WR,0.0,0.0,2020,11
K.J. Osborn,WR,0.0,0.0,2020,11
Devine Ozigbo,RB,0.0,3.5,2020,11
Mason Rudolph,QB,0.0,-0.4,2020,11
Joe Flacco,QB,0.0,14.4,2020,11
Andy Dalton,QB,0.0,19.32,2020,11
Dalvin Cook,RB,36.2,10.2,2020,12
Patrick Mahomes,QB,32.3,31.28,2020,12
Deshaun Watson,QB,28.8,33.12,2020,12
Kyler Murray,QB,25.0,7.9,2020,12
Russell Wilson,QB,24.1,14.4,2020,12
Josh Allen,QB,23.8,15.48,2020,12
Tom Brady,QB,22.0,21.7,2020,12
Alvin Kamara,RB,21.4,6.2,2020,12
Matt Ryan,QB,21.3,13.9,2020,12
Tyreek Hill,WR,20.3,57.9,2020,12
Kirk Cousins,QB,19.7,26.18,2020,12
Aaron Rodgers,QB,19.6,25.64,2020,12
Travis Kelce,TE,19.3,16.2,2020,12
Matthew Stafford,QB,19.3,16.1,2020,12
Derek Carr,QB,18.8,0.6,2020,12
Philip Rivers,QB,18.3,17.8,2020,12
Justin Herbert,QB,17.8,16.44,2020,12
Daniel Jones,QB,17.1,10.42,2020,12
Will Fuller,WR,17.0,35.1,2020,12
DK Metcalf,WR,16.6,27.7,2020,12
Cam Newton,QB,16.5,3.96,2020,12
Davante Adams,WR,16.5,18.1,2020,12
Ryan Tannehill,QB,16.3,19.14,2020,12
Carson Wentz,QB,16.2,18.8,2020,12
Stefon Diggs,WR,16.1,10.9,2020,12
Calvin Ridley,WR,16.0,17.0,2020,12
Josh Jacobs,RB,15.8,5.4,2020,12
Ben Roethlisberger,QB,15.8,12.54,2020,12
James Robinson,RB,15.7,26.9,2020,12
Tyler Lockett,WR,15.7,5.3,2020,12
Aaron Jones,RB,15.3,10.0,2020,12
Tyler Boyd,WR,14.9,4.5,2020,12
Antonio Brown,WR,14.8,3.1,2020,12
Keenan Allen,WR,14.8,16.0,2020,12
Brandin Cooks,WR,14.8,13.5,2020,12
Clyde Edwards-Helaire,RB,14.4,4.9,2020,12
Justin Jefferson,WR,14.3,26.0,2020,12
DeAndre Hopkins,WR,14.3,10.5,2020,12
Ezekiel Elliott,RB,14.1,2.9,2020,12
Andy Dalton,QB,14.0,12.3,2020,12
Jared Goff,QB,14.0,3.02,2020,12
Austin Ekeler,RB,13.7,23.9,2020,12
Derrick Henry,RB,13.6,38.5,2020,12
Alex Smith,QB,13.5,8.06,2020,12
Tee Higgins,WR,13.5,15.4,2020,12
Miles Sanders,RB,13.4,6.2,2020,12
Kareem Hunt,RB,13.4,6.2,2020,12
Nick Mullens,QB,13.3,8.08,2020,12
Terry McLaurin,WR,13.2,16.2,2020,12
Chris Godwin Jr.,WR,13.0,17.7,2020,12
Cooper Kupp,WR,12.9,6.1,2020,12
DJ Moore,WR,12.9,10.1,2020,12
Marvin Jones,WR,12.9,10.8,2020,12
Melvin Gordon,RB,12.7,3.1,2020,12
Kenyan Drake,RB,12.4,24.3,2020,12
Nick Chubb,RB,12.4,26.6,2020,12
Darren Waller,TE,12.3,6.3,2020,12
Ronald Jones,RB,12.1,17.3,2020,12
Robert Woods,WR,12.1,15.8,2020,12
Lamar Jackson,QB,11.9,0.0,2020,12
Michael Pittman,WR,11.9,4.8,2020,12
Cole Beasley,WR,11.7,9.3,2020,12
Chase Edmonds,RB,11.6,8.3,2020,12
Michael Thomas,WR,11.4,9.1,2020,12
DeVante Parker,WR,11.4,19.9,2020,12
Diontae Johnson,WR,11.3,12.6,2020,12
Raheem Mostert,RB,11.3,10.3,2020,12
Chris Carson,RB,11.3,13.9,2020,12
Baker Mayfield,QB,11.3,18.42,2020,12
Curtis Samuel,WR,11.1,12.7,2020,12
Mike Evans,WR,11.1,20.0,2020,12
Robbie Chosen,WR,11.1,19.4,2020,12
Nyheim Hines,RB,11.0,17.5,2020,12
Jamaal Williams,RB,10.8,13.3,2020,12
Antonio Gibson,RB,10.8,36.6,2020,12
Amari Cooper,WR,10.7,23.2,2020,12
Carlos Hyde,RB,10.6,4.9,2020,12
Sammy Watkins,WR,10.5,7.8,2020,12
Mike Davis,RB,10.4,10.9,2020,12
Jeff Wilson,RB,10.3,4.0,2020,12
Zack Moss,RB,10.3,8.8,2020,12
Leonard Fournette,RB,10.2,5.0,2020,12
David Montgomery,RB,10.0,25.3,2020,12
Sterling Shepard,WR,10.0,13.8,2020,12
T.J. Hockenson,TE,9.9,13.9,2020,12
Christian Kirk,WR,9.9,4.9,2020,12
Darius Slayton,WR,9.9,0.0,2020,12
T.Y. Hilton,WR,9.8,18.1,2020,12
Nelson Agholor,WR,9.7,10.4,2020,12
Wayne Gallman,RB,9.6,18.1,2020,12
JuJu Smith-Schuster,WR,9.6,17.7,2020,12
Mecole Hardman,WR,9.6,5.3,2020,12
Chase Claypool,WR,9.6,11.2,2020,12
A.J. Brown,WR,9.4,25.8,2020,12
Olamide Zaccheaus,WR,9.4,2.1,2020,12
Allen Robinson,WR,9.0,27.4,2020,12
Boston Scott,RB,8.8,9.7,2020,12
Zach Pascal,WR,8.7,3.3,2020,12
CeeDee Lamb,WR,8.7,7.1,2020,12
Duke Johnson,RB,8.7,17.0,2020,12
Russell Gage,WR,8.5,6.4,2020,12
Hayden Hurst,TE,8.5,8.8,2020,12
Latavius Murray,RB,8.4,25.6,2020,12
Demarcus Robinson,WR,8.3,8.6,2020,12
Jordan Akins,TE,8.0,0.4,2020,12
Hunter Henry,TE,7.8,13.7,2020,12
Mike Williams,WR,7.8,5.6,2020,12
Jerry Jeudy,WR,7.8,0.0,2020,12
Jakobi Meyers,WR,7.7,10.2,2020,12
Hunter Renfrow,WR,7.7,14.3,2020,12
Rob Gronkowski,TE,7.7,16.6,2020,12
Tim Patrick,WR,7.6,0.0,2020,12
Evan Engram,TE,7.6,16.9,2020,12
Josh Reynolds,WR,7.5,9.0,2020,12
Eric Ebron,TE,7.5,12.4,2020,12
Damiere Byrd,WR,7.2,6.3,2020,12
David Moore,WR,7.2,8.5,2020,12
Jerick McKinnon,RB,7.2,5.2,2020,12
Tony Pollard,RB,7.1,4.2,2020,12
Corey Davis,WR,7.1,10.0,2020,12
Devin Singletary,RB,7.1,11.2,2020,12
Michael Gallup,WR,7.0,10.1,2020,12
Giovani Bernard,RB,7.0,6.9,2020,12
Robert Tonyan,TE,6.9,17.7,2020,12
KJ Hamler,WR,6.9,-0.8,2020,12
Allen Lazard,WR,6.8,12.3,2020,12
J.D. McKissic,RB,6.8,4.7,2020,12
Golden Tate,WR,6.7,7.6,2020,12
Phillip Lindsay,RB,6.7,2.0,2020,12
Deebo Samuel Sr.,WR,6.6,24.3,2020,12
Emmanuel Sanders,WR,6.5,1.4,2020,12
Brian Hill,RB,6.5,5.5,2020,12
Dallas Goedert,TE,6.5,20.5,2020,12
Malcolm Brown,RB,6.4,1.9,2020,12
Devontae Booker,RB,6.4,1.5,2020,12
Damien Harris,RB,6.4,4.7,2020,12
Frank Gore,RB,6.3,11.6,2020,12
Dalton Schultz,TE,6.3,7.4,2020,12
Mike Gesicki,TE,6.3,11.5,2020,12
Mo Alie-Cox,TE,6.2,3.9,2020,12
Jalen Reagor,WR,6.2,4.1,2020,12
Trey Burton,TE,6.2,13.2,2020,12
Dontrelle Inman,WR,6.2,2.5,2020,12
Tyler Higbee,TE,6.1,1.6,2020,12
Breshad Perriman,WR,6.1,11.9,2020,12
Kyle Rudolph,TE,6.1,13.8,2020,12
Laviska Shenault Jr.,WR,6.1,13.4,2020,12
James White,RB,6.1,14.7,2020,12
Le'Veon Bell,RB,6.0,5.2,2020,12
Jack Doyle,TE,5.9,0.0,2020,12
Tre'Quan Smith,WR,5.9,2.6,2020,12
Adrian Peterson,RB,5.9,17.5,2020,12
Jordan Wilkins,RB,5.9,8.7,2020,12
Darrell Henderson,RB,5.9,1.9,2020,12
Gabe Davis,WR,5.8,16.9,2020,12
Kerryon Johnson,RB,5.8,11.8,2020,12
Jakeem Grant,WR,5.7,3.5,2020,12
Scott Miller,WR,5.7,0.0,2020,12
Keelan Cole,WR,5.7,7.4,2020,12
N'Keal Harry,TE,5.7,-0.2,2020,12
Logan Thomas,TE,5.7,13.42,2020,12
Henry Ruggs III,WR,5.5,16.8,2020,12
Greg Ward,WR,5.4,1.3,2020,12
Gerald Everett,TE,5.4,3.6,2020,12
Kendrick Bourne,WR,5.3,6.4,2020,12
Noah Fant,TE,5.2,2.3,2020,12
Marquise Brown,WR,5.2,18.5,2020,12
Cameron Brate,TE,5.1,7.4,2020,12
Darnell Mooney,WR,5.0,8.4,2020,12
Travis Fulgham,WR,5.0,3.6,2020,12
Anthony Miller,WR,5.0,5.8,2020,12
Denzel Mims,WR,4.9,10.7,2020,12
Quintez Cephus,WR,4.9,4.7,2020,12
Malcolm Perry,RB,4.8,1.8,2020,12
Richie James,WR,4.8,3.9,2020,12
Richard Rodgers,TE,4.7,14.3,2020,12
Austin Hooper,TE,4.7,9.3,2020,12
Dan Arnold,TE,4.7,2.7,2020,12
Jarvis Landry,WR,4.7,28.3,2020,12
Dez Bryant,WR,4.7,0.0,2020,12
Cam Akers,RB,4.5,14.4,2020,12
Rashard Higgins,WR,4.4,2.5,2020,12
DaeSean Hamilton,WR,4.4,0.0,2020,12
Jimmy Graham,TE,4.4,6.2,2020,12
Steven Sims,WR,4.4,1.8,2020,12
Royce Freeman,RB,4.3,5.0,2020,12
Joshua Kelley,RB,4.3,9.5,2020,12
Gus Edwards,RB,4.2,7.0,2020,12
James Washington,WR,4.2,3.9,2020,12
Alfred Morris,RB,4.1,0.8,2020,12
Anthony Firkser,TE,4.0,0.0,2020,12
Jordan Reed,TE,4.0,3.8,2020,12
Alexander Mattison,RB,4.0,0.6,2020,12
Marquez Callaway,WR,3.9,0.0,2020,12
Jamison Crowder,WR,3.7,6.1,2020,12
Harrison Bryant,TE,3.6,0.3,2020,12
Tyler Eifert,TE,3.6,10.6,2020,12
Bryan Edwards,WR,3.6,2.5,2020,12
Bisi Johnson,WR,3.5,32.8,2020,12
Maxx Williams,TE,3.4,3.0,2020,12
Rodney Smith,RB,3.4,1.8,2020,12
Dawson Knox,TE,3.4,7.2,2020,12
Matt Breida,RB,3.4,5.3,2020,12
Ameer Abdullah,RB,3.4,0.0,2020,12
Adam Trautman,TE,3.3,1.8,2020,12
Drew Sample,TE,3.3,6.0,2020,12
Jared Cook,TE,3.1,0.0,2020,12
Jeremy McNichols,RB,3.1,2.0,2020,12
James O'Shaughnessy,TE,3.1,3.7,2020,12
Cordarrelle Patterson,RB,3.1,0.8,2020,12
Ian Thomas,TE,3.1,1.4,2020,12
Benny Snell,RB,3.0,12.3,2020,12
Keke Coutee,WR,3.0,5.7,2020,12
Ross Dwelley,TE,3.0,1.3,2020,12
Dion Lewis,RB,2.9,2.7,2020,12
Peyton Barber,RB,2.9,5.7,2020,12
Pharaoh Brown,TE,2.9,0.0,2020,12
Jalen Guyton,WR,2.8,6.3,2020,12
Auden Tate,WR,2.8,0.0,2020,12
Braxton Berrios,WR,2.7,0.0,2020,12
Jacob Hollister,TE,2.7,3.1,2020,12
Miles Boykin,WR,2.7,0.0,2020,12
Samaje Perine,RB,2.6,1.2,2020,12
Adam Shaheen,TE,2.6,7.7,2020,12
Isaiah McKenzie,WR,2.5,-0.1,2020,12
Corey Clement,RB,2.5,0.6,2020,12
Marvin Hall,WR,2.5,3.6,2020,12
Deon Yelder,TE,2.5,1.2,2020,12
Josh Adams,RB,2.5,0.1,2020,12
Chris Herndon,TE,2.4,0.0,2020,12
Jeff Smith,WR,2.4,1.7,2020,12
Durham Smythe,TE,2.4,4.9,2020,12
Anthony McFarland,RB,2.3,3.6,2020,12
Chad Beebe,WR,2.3,19.3,2020,12
DeAndre Washington,RB,2.3,8.0,2020,12
D'Onta Foreman,RB,2.3,2.8,2020,12
Taysom Hill,TE,2.3,17.52,2020,12
Troymaine Pope,RB,2.3,1.1,2020,12
Jace Sternberger,TE,2.3,1.5,2020,12
Jesse James,TE,2.3,2.0,2020,12
De'Michael Harris,WR,2.2,2.6,2020,12
KeeSean Johnson,WR,2.2,1.7,2020,12
Tyron Johnson,WR,2.2,8.3,2020,12
Ito Smith,RB,2.1,17.5,2020,12
Noah Brown,WR,2.1,0.0,2020,12
Andy Isabella,WR,2.1,7.3,2020,12
Tyler Johnson,WR,2.1,0.0,2020,12
Tyler Conklin,TE,2.1,1.5,2020,12
Marcedes Lewis,TE,2.1,9.6,2020,12
KhaDarel Hodge,WR,2.1,12.2,2020,12
Cedrick Wilson Jr.,WR,2.0,-0.2,2020,12
Zay Jones,WR,2.0,1.3,2020,12
Cole Kmet,TE,1.9,1.8,2020,12
Ty Johnson,RB,1.9,1.4,2020,12
D'Ernest Johnson,RB,1.8,0.0,2020,12
Christian Blake,WR,1.7,2.7,2020,12
Trayveon Williams,RB,1.7,2.1,2020,12
C.J. Prosise,RB,1.7,6.4,2020,12
Devin Duvernay,WR,1.7,5.0,2020,12
Temarrick Hemingway,TE,1.6,0.0,2020,12
Ray-Ray McCloud,WR,1.6,1.8,2020,12
Eric Saubert,TE,1.6,0.0,2020,12
C.J. Board,WR,1.5,2.1,2020,12
Patrick Laird,RB,1.5,-1.1,2020,12
Nick Vannett,TE,1.5,0.0,2020,12
Ryan Nall,RB,1.5,2.0,2020,12
Donald Parham,TE,1.4,0.0,2020,12
Devine Ozigbo,RB,1.4,0.0,2020,12
John Hightower,WR,1.4,1.1,2020,12
Josh Hill,TE,1.3,0.0,2020,12
Geoff Swaim,TE,1.3,6.0,2020,12
Justin Watson,WR,1.3,0.0,2020,12
Collin Johnson,WR,1.3,19.6,2020,12
Jamal Agnew,WR,1.2,0.0,2020,12
Cethan Carter,TE,1.1,1.5,2020,12
Lee Smith,TE,1.1,1.3,2020,12
Ashton Dulin,WR,1.1,0.0,2020,12
Cameron Batson,WR,1.0,0.5,2020,12
Chris Manhertz,TE,1.0,2.1,2020,12
Equanimeous St. Brown,WR,1.0,6.6,2020,12
Trent Taylor,WR,0.9,0.0,2020,12
Malik Taylor,WR,0.9,0.0,2020,12
Kalif Raymond,WR,0.8,0.0,2020,12
Riley Ridley,WR,0.8,3.6,2020,12
Trenton Cannon,RB,0.8,2.8,2020,12
Jaeden Graham,TE,0.8,2.1,2020,12
Brandon Powell,WR,0.8,8.4,2020,12
Jeremy Sprinkle,TE,0.8,0.0,2020,12
Demetrius Harris,TE,0.7,0.0,2020,12
Dwayne Washington,RB,0.7,0.6,2020,12
Mack Hollins,WR,0.6,3.9,2020,12
Antonio Callaway,WR,0.5,1.7,2020,12
Darrius Shepherd,WR,0.5,0.0,2020,12
Mohamed Sanu,WR,0.5,15.2,2020,12
Austin Carr,WR,0.5,0.0,2020,12
Justice Hill,RB,0.5,6.0,2020,12
Ben Ellefson,TE,0.4,0.0,2020,12
Donte Moncrief,WR,0.4,0.0,2020,12
Alex Erickson,WR,0.4,-0.4,2020,12
Donovan Peoples-Jones,WR,0.3,0.0,2020,12
Troy Fumagalli,TE,0.3,0.0,2020,12
James Proche,WR,0.2,0.0,2020,12
D.J. Foster,RB,0.2,0.0,2020,12
Andre Roberts,WR,0.2,0.0,2020,12
Senorise Perry,RB,0.2,0.0,2020,12
Lynn Bowden,WR,0.1,0.0,2020,12
Gunner Olszewski,WR,0.1,0.1,2020,12
Pharoh Cooper,WR,0.1,0.0,2020,12
Joe Reed,WR,0.1,0.0,2020,12
Tajae Sharpe,WR,0.1,0.0,2020,12
Taiwan Jones,RB,0.1,0.0,2020,12
Alshon Jeffery,WR,0.1,3.5,2020,12
DeAndre Carter,WR,0.1,0.0,2020,12
Jacoby Brissett,QB,0.0,12.3,2020,12
J.P. Holtz,TE,0.0,0.0,2020,12
Robert Griffin III,QB,0.0,8.24,2020,12
Ryan Fitzpatrick,QB,0.0,19.28,2020,12
Stephen Anderson,TE,0.0,0.0,2020,12
Nsimba Webster,WR,0.0,0.0,2020,12
Logan Woodside,QB,0.0,-0.5,2020,12
Daniel Brown,TE,0.0,0.0,2020,12
Jalen Hurts,QB,0.0,0.24,2020,12
Stephen Carlson,TE,0.0,2.1,2020,12
Sam Darnold,QB,0.0,4.78,2020,12
Teddy Bridgewater,QB,0.0,13.88,2020,12
Mitchell Trubisky,QB,0.0,18.68,2020,12
Penny Hart,WR,0.0,0.0,2020,12
Nathan Cottrell,RB,0.0,0.0,2020,12
Matt Barkley,QB,0.0,0.0,2020,12
Dalvin Cook,RB,28.1,23.9,2020,13
Russell Wilson,QB,25.7,15.02,2020,13
Aaron Rodgers,QB,24.3,23.5,2020,13
Patrick Mahomes,QB,23.5,19.32,2020,13
Mitchell Trubisky,QB,21.9,13.28,2020,13
Derrick Henry,RB,21.7,5.9,2020,13
Kyler Murray,QB,21.6,16.42,2020,13
Deshaun Watson,QB,20.9,19.44,2020,13
James Robinson,RB,19.7,22.8,2020,13
Alvin Kamara,RB,19.3,17.7,2020,13
Ryan Tannehill,QB,19.0,27.56,2020,13
Julio Jones,WR,18.9,15.4,2020,13
Tyreek Hill,WR,18.6,14.8,2020,13
Kirk Cousins,QB,18.5,21.4,2020,13
DK Metcalf,WR,18.5,13.0,2020,13
Davante Adams,WR,18.2,34.1,2020,13
Justin Herbert,QB,17.8,4.36,2020,13
David Montgomery,RB,17.7,27.1,2020,13
Matt Ryan,QB,17.6,12.92,2020,13
Derek Carr,QB,17.3,31.74,2020,13
Josh Allen,QB,17.0,30.1,2020,13
Philip Rivers,QB,16.7,19.2,2020,13
Aaron Jones,RB,16.7,23.8,2020,13
Allen Robinson,WR,16.4,13.5,2020,13
Cam Newton,QB,16.4,23.56,2020,13
Melvin Gordon,RB,15.9,15.2,2020,13
Ben Roethlisberger,QB,15.8,18.2,2020,13
Keenan Allen,WR,15.5,9.8,2020,13
Calvin Ridley,WR,15.5,15.8,2020,13
Tyler Lockett,WR,15.5,12.3,2020,13
Nick Chubb,RB,15.1,17.6,2020,13
Jared Goff,QB,14.6,24.14,2020,13
Baker Mayfield,QB,14.6,29.46,2020,13
Matthew Stafford,QB,14.3,26.08,2020,13
DeAndre Hopkins,WR,14.3,19.2,2020,13
Travis Kelce,TE,14.3,27.6,2020,13
Michael Thomas,WR,13.7,19.5,2020,13
DeVante Parker,WR,13.6,7.5,2020,13
Drew Lock,QB,13.5,10.94,2020,13
Adam Thielen,WR,13.4,21.5,2020,13
Kenyan Drake,RB,13.4,13.8,2020,13
Austin Ekeler,RB,13.3,10.8,2020,13
Robert Woods,WR,13.1,18.5,2020,13
Jamaal Williams,RB,13.0,5.6,2020,13
Ezekiel Elliott,RB,12.9,13.5,2020,13
Justin Jefferson,WR,12.7,27.3,2020,13
Carson Wentz,QB,12.7,4.96,2020,13
Kareem Hunt,RB,12.7,8.7,2020,13
Cooper Kupp,WR,12.5,15.3,2020,13
Todd Gurley,RB,12.3,3.0,2020,13
Chris Carson,RB,12.2,20.0,2020,13
Amari Cooper,WR,12.2,16.3,2020,13
Andy Dalton,QB,11.8,17.6,2020,13
Nick Mullens,QB,11.4,20.64,2020,13
Sterling Shepard,WR,11.1,5.2,2020,13
Darren Waller,TE,11.1,45.0,2020,13
Terry McLaurin,WR,11.0,3.4,2020,13
Stefon Diggs,WR,11.0,19.2,2020,13
Myles Gaskin,RB,10.9,14.1,2020,13
Chase Edmonds,RB,10.6,6.3,2020,13
Wayne Gallman,RB,10.5,13.5,2020,13
Latavius Murray,RB,10.5,3.7,2020,13
Brandin Cooks,WR,10.5,11.5,2020,13
Raheem Mostert,RB,10.5,5.3,2020,13
Evan Engram,TE,10.4,7.2,2020,13
Antonio Gibson,RB,10.4,1.4,2020,13
A.J. Brown,WR,10.3,10.7,2020,13
T.Y. Hilton,WR,10.2,25.0,2020,13
Carlos Hyde,RB,10.2,4.1,2020,13
Diontae Johnson,WR,10.0,21.1,2020,13
DJ Chark,WR,10.0,6.1,2020,13
Nelson Agholor,WR,10.0,7.8,2020,13
Sony Michel,RB,10.0,6.8,2020,13
David Johnson,RB,9.8,10.4,2020,13
Hunter Renfrow,WR,9.8,8.7,2020,13
Miles Sanders,RB,9.7,3.1,2020,13
Nyheim Hines,RB,9.6,12.2,2020,13
Jonathan Taylor,RB,9.6,22.5,2020,13
Marvin Jones,WR,9.6,25.6,2020,13
JuJu Smith-Schuster,WR,9.3,9.8,2020,13
Michael Pittman,WR,9.2,9.6,2020,13
T.J. Hockenson,TE,9.1,15.4,2020,13
Marquise Brown,WR,9.1,14.9,2020,13
Breshad Perriman,WR,9.1,3.2,2020,13
Christian Kirk,WR,9.1,1.2,2020,13
Frank Gore,RB,9.1,0.2,2020,13
Chase Claypool,WR,9.1,5.8,2020,13
Brandon Allen,QB,9.1,8.42,2020,13
Alex Smith,QB,9.0,15.84,2020,13
Hunter Henry,TE,8.9,1.5,2020,13
Jeff Wilson,RB,8.9,15.8,2020,13
J.K. Dobbins,RB,8.7,13.1,2020,13
Deebo Samuel Sr.,WR,8.6,13.6,2020,13
Darius Slayton,WR,8.6,2.4,2020,13
Marquez Valdes-Scantling,WR,8.4,-0.4,2020,13
CeeDee Lamb,WR,8.3,10.6,2020,13
Darnell Mooney,WR,8.3,8.3,2020,13
Russell Gage,WR,8.3,15.1,2020,13
James White,RB,8.2,3.1,2020,13
Mike Williams,WR,8.1,8.3,2020,13
Tee Higgins,WR,8.0,10.6,2020,13
Eric Ebron,TE,8.0,13.8,2020,13
Jarvis Landry,WR,8.0,20.44,2020,13
Jakobi Meyers,WR,8.0,3.5,2020,13
Damiere Byrd,WR,7.9,3.6,2020,13
Damien Harris,RB,7.9,10.5,2020,13
Allen Lazard,WR,7.8,8.0,2020,13
Mike Gesicki,TE,7.8,23.8,2020,13
Phillip Lindsay,RB,7.8,2.6,2020,13
Anthony Miller,WR,7.7,10.9,2020,13
David Moore,WR,7.7,1.6,2020,13
Robert Tonyan,TE,7.7,13.9,2020,13
Cole Beasley,WR,7.7,28.0,2020,13
Brandon Aiyuk,WR,7.7,20.5,2020,13
Tyler Boyd,WR,7.6,14.2,2020,13
Kalen Ballage,RB,7.5,6.9,2020,13
Josh Reynolds,WR,7.5,3.1,2020,13
Corey Davis,WR,7.4,35.2,2020,13
Jamison Crowder,WR,7.4,21.7,2020,13
Denzel Mims,WR,7.3,8.0,2020,13
Boston Scott,RB,7.3,0.9,2020,13
Michael Gallup,WR,7.2,21.6,2020,13
Hayden Hurst,TE,7.2,1.9,2020,13
DeeJay Dallas,RB,7.1,3.1,2020,13
Mecole Hardman,WR,7.0,2.5,2020,13
Golden Tate,WR,7.0,7.0,2020,13
Laviska Shenault Jr.,WR,7.0,31.6,2020,13
Keelan Cole,WR,6.9,1.7,2020,13
Zach Pascal,WR,6.9,2.1,2020,13
Tyler Higbee,TE,6.7,12.4,2020,13
Jerry Jeudy,WR,6.6,1.5,2020,13
Noah Fant,TE,6.6,9.7,2020,13
Zack Moss,RB,6.6,2.4,2020,13
Tony Pollard,RB,6.6,3.8,2020,13
Tim Patrick,WR,6.6,20.4,2020,13
Jimmy Graham,TE,6.5,0.0,2020,13
Duke Johnson,RB,6.4,9.2,2020,13
Sammy Watkins,WR,6.4,7.5,2020,13
Malcolm Brown,RB,6.4,3.7,2020,13
Devontae Booker,RB,6.4,6.1,2020,13
Austin Hooper,TE,6.4,4.4,2020,13
Gus Edwards,RB,6.3,10.1,2020,13
Emmanuel Sanders,WR,6.2,8.9,2020,13
Cam Akers,RB,6.2,16.4,2020,13
Dallas Goedert,TE,6.1,11.6,2020,13
Brian Hill,RB,6.1,1.8,2020,13
Kerryon Johnson,RB,6.1,3.1,2020,13
Danny Amendola,WR,6.0,9.2,2020,13
Henry Ruggs III,WR,6.0,30.8,2020,13
Jakeem Grant,WR,6.0,6.2,2020,13
Trey Burton,TE,5.9,2.1,2020,13
Adrian Peterson,RB,5.9,17.7,2020,13
Tre'Quan Smith,WR,5.9,13.5,2020,13
Gerald Everett,TE,5.8,10.4,2020,13
Le'Veon Bell,RB,5.8,7.5,2020,13
KJ Hamler,WR,5.8,4.9,2020,13
Will Dissly,TE,5.7,6.8,2020,13
Demarcus Robinson,WR,5.7,5.9,2020,13
Dalton Schultz,TE,5.7,8.4,2020,13
Darrell Henderson,RB,5.7,15.4,2020,13
Kyle Rudolph,TE,5.7,0.0,2020,13
Gabe Davis,WR,5.5,15.8,2020,13
Jordan Wilkins,RB,5.5,3.8,2020,13
Benny Snell,RB,5.5,3.0,2020,13
Devin Singletary,RB,5.5,11.3,2020,13
J.D. McKissic,RB,5.0,17.8,2020,13
Joshua Kelley,RB,5.0,2.3,2020,13
Ito Smith,RB,4.9,4.4,2020,13
Darren Fells,TE,4.9,0.0,2020,13
Mo Alie-Cox,TE,4.9,5.3,2020,13
N'Keal Harry,TE,4.9,9.5,2020,13
Giovani Bernard,RB,4.8,4.9,2020,13
Tyler Eifert,TE,4.8,10.5,2020,13
Zach Ertz,TE,4.8,5.1,2020,13
Adam Humphries,WR,4.7,1.9,2020,13
Kendrick Bourne,WR,4.6,7.5,2020,13
Dan Arnold,TE,4.5,20.1,2020,13
Mark Ingram,RB,4.5,3.9,2020,13
Chris Conley,WR,4.5,1.2,2020,13
Collin Johnson,WR,4.4,12.6,2020,13
Cordarrelle Patterson,RB,4.3,13.3,2020,13
Darrel Williams,RB,4.2,5.3,2020,13
Jonathan Williams,RB,4.2,0.0,2020,13
Jordan Howard,RB,4.2,1.9,2020,13
Jordan Akins,TE,4.2,3.0,2020,13
Jalen Reagor,WR,4.2,11.5,2020,13
Logan Thomas,TE,4.1,24.8,2020,13
Jack Doyle,TE,3.9,2.2,2020,13
Anthony Firkser,TE,3.9,10.1,2020,13
Jalen Richard,RB,3.9,2.7,2020,13
Richie James,WR,3.9,0.0,2020,13
Freddie Swain,WR,3.9,0.0,2020,13
Isaiah Wright,WR,3.9,1.5,2020,13
Greg Ward,WR,3.8,14.7,2020,13
James Washington,WR,3.8,16.0,2020,13
Chad Beebe,WR,3.8,3.0,2020,13
Jason Witten,TE,3.7,0.0,2020,13
Devin Duvernay,WR,3.7,1.2,2020,13
David Njoku,TE,3.7,1.5,2020,13
Tevin Coleman,RB,3.6,-1.1,2020,13
Rashard Higgins,WR,3.6,21.5,2020,13
Travis Fulgham,WR,3.5,0.0,2020,13
Jeremy McNichols,RB,3.4,10.7,2020,13
Adam Shaheen,TE,3.4,0.0,2020,13
Quintez Cephus,WR,3.4,14.3,2020,13
Kaden Smith,TE,3.3,1.3,2020,13
Tyron Johnson,WR,3.3,1.1,2020,13
James O'Shaughnessy,TE,3.3,8.1,2020,13
Jalen Guyton,WR,3.3,5.8,2020,13
Bryan Edwards,WR,3.2,0.0,2020,13
Andy Isabella,WR,3.2,2.7,2020,13
Jordan Reed,TE,3.2,12.2,2020,13
Jacob Hollister,TE,3.0,5.0,2020,13
Cole Kmet,TE,2.9,14.7,2020,13
Braxton Berrios,WR,2.9,5.3,2020,13
Durham Smythe,TE,2.9,3.6,2020,13
Jared Cook,TE,2.9,11.8,2020,13
Mohamed Sanu,WR,2.8,5.6,2020,13
Tyler Ervin,RB,2.8,0.0,2020,13
Steven Sims,WR,2.8,5.7,2020,13
Alfred Morris,RB,2.8,17.5,2020,13
Ryan Izzo,TE,2.8,1.6,2020,13
Cam Sims,WR,2.8,14.2,2020,13
Ross Dwelley,TE,2.7,4.9,2020,13
Dion Lewis,RB,2.7,0.6,2020,13
Marcedes Lewis,TE,2.6,4.6,2020,13
Anthony McFarland,RB,2.5,1.5,2020,13
Ty Johnson,RB,2.5,19.7,2020,13
Ryan Nall,RB,2.5,0.0,2020,13
Dawson Knox,TE,2.5,12.7,2020,13
Van Jefferson,WR,2.4,6.7,2020,13
Taysom Hill,TE,2.3,23.58,2020,13
Justice Hill,RB,2.3,1.4,2020,13
Peyton Barber,RB,2.3,8.3,2020,13
Geoff Swaim,TE,2.2,0.0,2020,13
Keke Coutee,WR,2.2,22.1,2020,13
Ameer Abdullah,RB,2.2,3.9,2020,13
Equanimeous St. Brown,WR,2.1,1.7,2020,13
Luke Willson,TE,2.1,2.2,2020,13
Drew Sample,TE,2.1,11.9,2020,13
Jesse James,TE,2.1,7.9,2020,13
Theo Riddick,RB,2.1,1.9,2020,13
Zay Jones,WR,2.0,0.0,2020,13
Miles Boykin,WR,1.9,10.8,2020,13
Adam Trautman,TE,1.9,3.9,2020,13
Nick Vannett,TE,1.8,2.7,2020,13
Samaje Perine,RB,1.8,0.7,2020,13
Tyler Conklin,TE,1.7,2.0,2020,13
Levine Toilolo,TE,1.7,0.0,2020,13
C.J. Board,WR,1.7,0.8,2020,13
Brandon Powell,WR,1.7,1.9,2020,13
Josh Adams,RB,1.7,7.4,2020,13
De'Michael Harris,WR,1.6,-0.6,2020,13
Patrick Laird,RB,1.6,4.2,2020,13
Noah Brown,WR,1.6,7.0,2020,13
Javon Wims,WR,1.5,2.3,2020,13
Isaiah McKenzie,WR,1.5,11.1,2020,13
Nick Keizer,TE,1.4,2.5,2020,13
Mike Thomas,WR,1.4,0.0,2020,13
Ray-Ray McCloud,WR,1.4,2.4,2020,13
D'Ernest Johnson,RB,1.3,1.5,2020,13
Jakob Johnson,RB,1.3,1.1,2020,13
Donald Parham,TE,1.2,4.1,2020,13
Dare Ogunbowale,RB,1.2,0.7,2020,13
Eric Saubert,TE,1.1,0.0,2020,13
Blake Bell,TE,1.1,1.2,2020,13
KeeSean Johnson,WR,1.0,6.7,2020,13
Jaylen Samuels,RB,1.0,4.2,2020,13
Cameron Batson,WR,0.9,10.4,2020,13
Malik Taylor,WR,0.9,2.4,2020,13
Luke Stocker,TE,0.9,0.0,2020,13
John Hightower,WR,0.9,0.0,2020,13
Kalif Raymond,WR,0.8,0.0,2020,13
Dwayne Washington,RB,0.8,0.0,2020,13
Cethan Carter,TE,0.7,0.0,2020,13
MyCole Pruitt,TE,0.7,9.2,2020,13
Jaeden Graham,TE,0.7,0.0,2020,13
Jamal Agnew,WR,0.7,4.4,2020,13
Lee Smith,TE,0.7,0.0,2020,13
Patrick Ricard,RB,0.6,3.1,2020,13
Ashton Dulin,WR,0.6,0.0,2020,13
Mack Hollins,WR,0.6,1.7,2020,13
Antonio Callaway,WR,0.6,0.0,2020,13
Jeremy Sprinkle,TE,0.5,0.0,2020,13
Tommylee Lewis,WR,0.4,1.6,2020,13
Troy Fumagalli,TE,0.4,0.0,2020,13
Donovan Peoples-Jones,WR,0.3,17.2,2020,13
Alshon Jeffery,WR,0.3,0.0,2020,13
Donte Moncrief,WR,0.3,0.4,2020,13
James Proche,WR,0.3,0.0,2020,13
Alex Erickson,WR,0.2,3.7,2020,13
Trent Sherfield,WR,0.1,0.0,2020,13
Gunner Olszewski,WR,0.1,16.8,2020,13
Lynn Bowden,WR,0.1,9.2,2020,13
Andre Roberts,WR,0.1,0.0,2020,13
Kahale Warring,TE,0.1,0.0,2020,13
K.J. Hill,WR,0.1,1.7,2020,13
Tyrie Cleveland,WR,0.1,2.1,2020,13
DeAndre Carter,WR,0.1,0.0,2020,13
Lamar Jackson,QB,0.0,25.68,2020,13
Nsimba Webster,WR,0.0,0.0,2020,13
Sam Darnold,QB,0.0,20.04,2020,13
K.J. Osborn,WR,0.0,0.0,2020,13
Buddy Howell,RB,0.0,0.0,2020,13
Mike Glennon,QB,0.0,12.1,2020,13
Dan Chisena,WR,0.0,0.0,2020,13
Daniel Brown,TE,0.0,0.0,2020,13
Jacoby Brissett,QB,0.0,0.1,2020,13
Charlie Woerner,TE,0.0,5.3,2020,13
Stephen Anderson,TE,0.0,1.6,2020,13
Tua Tagovailoa,QB,0.0,16.14,2020,13
J.P. Holtz,TE,0.0,0.0,2020,13
Jalen Hurts,QB,0.0,9.26,2020,13
Nathan Cottrell,RB,0.0,0.0,2020,13
Aaron Rodgers,QB,32.8,30.9,2020,14
Dalvin Cook,RB,27.4,19.0,2020,14
Russell Wilson,QB,26.6,22.14,2020,14
Aaron Jones,RB,24.3,9.5,2020,14
Davante Adams,WR,24.1,24.5,2020,14
Patrick Mahomes,QB,24.0,18.62,2020,14
Kirk Cousins,QB,23.2,17.1,2020,14
Kyler Murray,QB,22.7,18.46,2020,14
Alvin Kamara,RB,22.3,22.4,2020,14
James Robinson,RB,21.8,12.3,2020,14
Tom Brady,QB,21.6,15.64,2020,14
Philip Rivers,QB,20.7,17.76,2020,14
Justin Herbert,QB,20.6,15.72,2020,14
Ryan Tannehill,QB,20.4,16.48,2020,14
Deshaun Watson,QB,20.4,16.56,2020,14
Derrick Henry,RB,20.0,36.2,2020,14
DK Metcalf,WR,19.9,18.1,2020,14
Adam Thielen,WR,18.6,6.9,2020,14
Justin Jefferson,WR,18.6,9.9,2020,14
Josh Allen,QB,17.9,18.32,2020,14
Matt Ryan,QB,17.7,7.26,2020,14
Mike Glennon,QB,17.3,1.4,2020,14
Melvin Gordon,RB,17.1,12.1,2020,14
Keenan Allen,WR,16.9,20.2,2020,14
Tyreek Hill,WR,16.8,26.1,2020,14
Tyler Lockett,WR,16.6,10.2,2020,14
Andy Dalton,QB,16.2,15.3,2020,14
David Montgomery,RB,16.1,24.5,2020,14
Mitchell Trubisky,QB,16.1,24.98,2020,14
Jamaal Williams,RB,15.7,3.8,2020,14
Derek Carr,QB,15.6,23.84,2020,14
Nick Mullens,QB,15.4,12.4,2020,14
Nick Chubb,RB,15.2,24.3,2020,14
Calvin Ridley,WR,15.0,26.4,2020,14
Chris Godwin Jr.,WR,14.8,4.5,2020,14
Matthew Stafford,QB,14.7,14.36,2020,14
Amari Cooper,WR,14.4,15.1,2020,14
Travis Kelce,TE,14.4,27.6,2020,14
Drew Lock,QB,14.4,25.6,2020,14
T.Y. Hilton,WR,14.2,25.6,2020,14
Ezekiel Elliott,RB,14.2,7.9,2020,14
DeAndre Hopkins,WR,14.1,22.6,2020,14
Antonio Brown,WR,14.0,9.9,2020,14
Jared Goff,QB,13.8,14.58,2020,14
Josh Jacobs,RB,13.8,10.4,2020,14
Kenyan Drake,RB,13.6,16.0,2020,14
Austin Ekeler,RB,13.5,23.6,2020,14
Robert Woods,WR,13.4,8.1,2020,14
Baker Mayfield,QB,13.3,30.02,2020,14
Michael Thomas,WR,13.3,16.4,2020,14
Ben Roethlisberger,QB,13.0,13.48,2020,14
Cam Newton,QB,12.9,4.36,2020,14
Todd Gurley,RB,12.7,5.1,2020,14
Mike Evans,WR,12.7,8.6,2020,14
James Conner,RB,12.7,1.8,2020,14
Jonathan Taylor,RB,12.5,30.5,2020,14
Allen Robinson,WR,12.4,27.3,2020,14
Cooper Kupp,WR,12.4,14.3,2020,14
Chris Carson,RB,12.4,18.8,2020,14
Nyheim Hines,RB,12.2,11.5,2020,14
Ronald Jones,RB,12.2,15.4,2020,14
Darren Waller,TE,12.0,14.5,2020,14
Michael Pittman,WR,11.6,6.5,2020,14
Latavius Murray,RB,11.5,1.7,2020,14
DeVante Parker,WR,11.5,0.0,2020,14
Robbie Chosen,WR,11.4,17.7,2020,14
A.J. Brown,WR,11.2,24.2,2020,14
Alex Smith,QB,11.1,0.28,2020,14
Mark Andrews,TE,11.1,12.8,2020,14
Stefon Diggs,WR,11.1,29.1,2020,14
Clyde Edwards-Helaire,RB,11.0,14.1,2020,14
Corey Davis,WR,11.0,4.4,2020,14
D'Andre Swift,RB,10.9,15.0,2020,14
Kareem Hunt,RB,10.9,29.0,2020,14
Chase Edmonds,RB,10.6,9.3,2020,14
Diontae Johnson,WR,10.5,8.0,2020,14
Sam Darnold,QB,10.5,5.58,2020,14
Michael Gallup,WR,10.4,4.3,2020,14
Colt McCoy,QB,10.2,-1.28,2020,14
Curtis Samuel,WR,10.1,16.0,2020,14
Wayne Gallman,RB,10.1,10.3,2020,14
Mike Gesicki,TE,10.1,23.5,2020,14
Terry McLaurin,WR,10.1,4.4,2020,14
DJ Chark,WR,10.0,3.6,2020,14
CeeDee Lamb,WR,9.9,8.1,2020,14
Robert Tonyan,TE,9.9,14.6,2020,14
Marvin Jones,WR,9.8,8.8,2020,14
Miles Sanders,RB,9.7,29.6,2020,14
Raheem Mostert,RB,9.7,9.0,2020,14
Brandon Allen,QB,9.6,13.88,2020,14
Brandon Aiyuk,WR,9.6,21.9,2020,14
J.K. Dobbins,RB,9.4,13.3,2020,14
Cole Beasley,WR,9.2,9.1,2020,14
Allen Lazard,WR,9.1,3.9,2020,14
Kalen Ballage,RB,8.9,3.0,2020,14
Carlos Hyde,RB,8.8,6.6,2020,14
Chad Hansen,WR,8.8,12.6,2020,14
Deebo Samuel Sr.,WR,8.8,0.9,2020,14
Mike Davis,RB,8.7,26.3,2020,14
JuJu Smith-Schuster,WR,8.7,17.5,2020,14
Cam Akers,RB,8.5,21.4,2020,14
Hunter Henry,TE,8.5,10.1,2020,14
Justin Jackson,RB,8.4,4.9,2020,14
Laviska Shenault Jr.,WR,8.3,22.2,2020,14
Marquez Valdes-Scantling,WR,8.3,20.5,2020,14
Marquise Brown,WR,8.3,13.0,2020,14
Rob Gronkowski,TE,8.3,7.2,2020,14
Jeff Wilson,RB,8.3,18.8,2020,14
Tee Higgins,WR,8.2,9.9,2020,14
Russell Gage,WR,8.1,18.76,2020,14
Josh Reynolds,WR,8.1,1.6,2020,14
Christian Kirk,WR,8.1,4.4,2020,14
Tim Patrick,WR,7.8,12.6,2020,14
David Moore,WR,7.7,11.9,2020,14
Boston Scott,RB,7.7,2.7,2020,14
Larry Fitzgerald,WR,7.7,3.0,2020,14
Eric Ebron,TE,7.7,7.0,2020,14
Phillip Lindsay,RB,7.6,5.1,2020,14
Adrian Peterson,RB,7.4,4.0,2020,14
Tyler Higbee,TE,7.4,5.4,2020,14
T.J. Hockenson,TE,7.4,16.3,2020,14
Tyler Boyd,WR,7.4,9.3,2020,14
Zach Pascal,WR,7.3,3.7,2020,14
Nelson Agholor,WR,7.3,21.0,2020,14
Willie Snead,WR,7.2,5.9,2020,14
Chase Claypool,WR,7.2,4.5,2020,14
Hunter Renfrow,WR,7.2,6.8,2020,14
Will Dissly,TE,7.2,10.3,2020,14
Dalton Schultz,TE,7.1,6.4,2020,14
Darrell Henderson,RB,7.1,0.5,2020,14
Dallas Goedert,TE,7.0,8.3,2020,14
Keelan Cole,WR,6.9,19.7,2020,14
Tony Pollard,RB,6.8,12.8,2020,14
Sterling Shepard,WR,6.7,6.5,2020,14
Jonnu Smith,TE,6.6,4.3,2020,14
Gus Edwards,RB,6.6,18.3,2020,14
Duke Johnson,RB,6.5,7.9,2020,14
Hayden Hurst,TE,6.5,1.7,2020,14
Tyler Eifert,TE,6.5,4.2,2020,14
Darnell Mooney,WR,6.5,10.7,2020,14
Gerald Everett,TE,6.5,1.9,2020,14
Frank Gore,RB,6.4,2.1,2020,14
Evan Engram,TE,6.4,3.8,2020,14
Tre'Quan Smith,WR,6.4,9.0,2020,14
J.D. McKissic,RB,6.3,10.6,2020,14
Sony Michel,RB,6.3,2.2,2020,14
Jarvis Landry,WR,6.3,11.68,2020,14
Jamison Crowder,WR,6.3,2.7,2020,14
Gabe Davis,WR,6.3,10.9,2020,14
Sammy Watkins,WR,6.3,7.2,2020,14
Malcolm Brown,RB,6.3,0.0,2020,14
Logan Thomas,TE,6.2,10.3,2020,14
Breshad Perriman,WR,6.2,5.6,2020,14
Henry Ruggs III,WR,6.2,9.6,2020,14
Anthony Miller,WR,6.2,3.6,2020,14
Devin Singletary,RB,6.2,4.4,2020,14
Brian Hill,RB,6.1,2.5,2020,14
Jerry Jeudy,WR,6.0,6.2,2020,14
Emmanuel Sanders,WR,6.0,13.8,2020,14
Jakobi Meyers,WR,5.9,8.7,2020,14
Dan Arnold,TE,5.9,10.7,2020,14
Damien Harris,RB,5.9,6.0,2020,14
Greg Ward,WR,5.8,4.0,2020,14
Mo Alie-Cox,TE,5.8,1.9,2020,14
KJ Hamler,WR,5.8,22.6,2020,14
Mecole Hardman,WR,5.7,11.0,2020,14
Danny Amendola,WR,5.7,12.6,2020,14
Le'Veon Bell,RB,5.6,5.5,2020,14
Jordan Wilkins,RB,5.5,1.7,2020,14
Zack Moss,RB,5.5,4.3,2020,14
Demarcus Robinson,WR,5.5,2.3,2020,14
James White,RB,5.4,2.8,2020,14
Ito Smith,RB,5.4,5.5,2020,14
Damiere Byrd,WR,5.4,9.8,2020,14
Jakeem Grant,WR,5.4,6.2,2020,14
DeeJay Dallas,RB,5.4,0.7,2020,14
Devontae Booker,RB,5.3,4.9,2020,14
Cameron Brate,TE,5.3,1.9,2020,14
Jalen Reagor,WR,5.3,8.5,2020,14
Zach Ertz,TE,5.3,2.8,2020,14
Darius Slayton,WR,5.2,6.1,2020,14
Rashard Higgins,WR,5.2,18.8,2020,14
Kerryon Johnson,RB,5.2,8.3,2020,14
Ty Johnson,RB,5.2,1.6,2020,14
Juwan Johnson,TE,5.2,2.1,2020,14
DeAndre Washington,RB,5.1,7.2,2020,14
Benny Snell,RB,5.0,1.4,2020,14
Kendrick Bourne,WR,4.9,9.2,2020,14
Jeremy McNichols,RB,4.9,1.9,2020,14
Giovani Bernard,RB,4.8,3.3,2020,14
Cordarrelle Patterson,RB,4.8,2.6,2020,14
Collin Johnson,WR,4.8,5.3,2020,14
Golden Tate,WR,4.8,4.9,2020,14
Malcolm Perry,RB,4.6,1.5,2020,14
Chad Beebe,WR,4.6,0.0,2020,14
Ke'Shawn Vaughn,RB,4.5,-0.3,2020,14
James O'Shaughnessy,TE,4.5,3.4,2020,14
Mohamed Sanu,WR,4.5,5.7,2020,14
Jalen Guyton,WR,4.5,1.8,2020,14
Cam Sims,WR,4.5,2.3,2020,14
Jimmy Graham,TE,4.5,12.3,2020,14
Keke Coutee,WR,4.4,11.4,2020,14
Richie James,WR,4.4,6.3,2020,14
Jack Doyle,TE,4.4,7.4,2020,14
Irv Smith,TE,4.3,16.3,2020,14
James Washington,WR,4.3,11.9,2020,14
Jordan Reed,TE,4.3,3.3,2020,14
Cole Kmet,TE,4.2,8.1,2020,14
Anthony Firkser,TE,4.2,1.5,2020,14
Alfred Morris,RB,4.1,0.7,2020,14
N'Keal Harry,TE,4.0,7.9,2020,14
Jacob Hollister,TE,3.9,3.0,2020,14
Darren Fells,TE,3.7,2.5,2020,14
Freddie Swain,WR,3.7,10.2,2020,14
Marcedes Lewis,TE,3.7,1.6,2020,14
Tyron Johnson,WR,3.7,17.5,2020,14
Scott Miller,WR,3.6,11.8,2020,14
Dawson Knox,TE,3.6,5.4,2020,14
Isaiah Wright,WR,3.6,1.9,2020,14
Peyton Barber,RB,3.5,5.8,2020,14
Devin Duvernay,WR,3.5,0.0,2020,14
Marcus Johnson,WR,3.5,0.0,2020,14
Jordan Akins,TE,3.5,5.0,2020,14
Jared Cook,TE,3.3,12.7,2020,14
LeSean McCoy,RB,3.3,4.5,2020,14
Jalen Richard,RB,3.2,8.1,2020,14
Maxx Williams,TE,3.2,3.7,2020,14
Steven Sims,WR,3.2,1.5,2020,14
Durham Smythe,TE,3.1,3.9,2020,14
Rodney Smith,RB,3.1,4.4,2020,14
Ian Thomas,TE,3.1,5.0,2020,14
DaeSean Hamilton,WR,3.0,2.3,2020,14
Josh Adams,RB,3.0,5.0,2020,14
Ross Dwelley,TE,3.0,4.0,2020,14
Quintez Cephus,WR,3.0,3.6,2020,14
Drew Sample,TE,3.0,5.1,2020,14
Adam Shaheen,TE,3.0,4.6,2020,14
Miles Boykin,WR,2.9,2.5,2020,14
Harrison Bryant,TE,2.9,4.8,2020,14
Equanimeous St. Brown,WR,2.6,2.5,2020,14
Van Jefferson,WR,2.5,0.0,2020,14
Lynn Bowden,WR,2.5,15.4,2020,14
Foster Moreau,TE,2.5,11.7,2020,14
Jaylen Samuels,RB,2.4,6.3,2020,14
Chris Herndon,TE,2.4,3.8,2020,14
Justice Hill,RB,2.4,0.4,2020,14
C.J. Prosise,RB,2.3,2.2,2020,14
David Njoku,TE,2.2,7.5,2020,14
Braxton Berrios,WR,2.2,7.9,2020,14
Isaiah McKenzie,WR,2.2,2.2,2020,14
KeeSean Johnson,WR,2.1,1.9,2020,14
Tyler Conklin,TE,2.1,9.0,2020,14
Ameer Abdullah,RB,2.1,4.1,2020,14
Patrick Laird,RB,2.0,3.3,2020,14
Kaden Smith,TE,2.0,1.6,2020,14
Vance McDonald,TE,1.9,0.0,2020,14
Josh Hill,TE,1.9,1.1,2020,14
Geoff Swaim,TE,1.9,12.4,2020,14
Adam Trautman,TE,1.9,2.2,2020,14
Dion Lewis,RB,1.8,7.4,2020,14
Samaje Perine,RB,1.8,6.1,2020,14
Taysom Hill,TE,1.8,18.94,2020,14
Jeff Smith,WR,1.7,2.4,2020,14
Brandon Powell,WR,1.7,1.9,2020,14
Nick Vannett,TE,1.6,12.0,2020,14
Donovan Peoples-Jones,WR,1.6,12.4,2020,14
Brandon Zylstra,WR,1.6,1.3,2020,14
Dare Ogunbowale,RB,1.6,2.2,2020,14
Nick Keizer,TE,1.4,0.0,2020,14
Trayveon Williams,RB,1.4,7.3,2020,14
Javon Wims,WR,1.4,0.2,2020,14
Ray-Ray McCloud,WR,1.3,0.0,2020,14
Blake Bell,TE,1.3,2.1,2020,14
Mike Thomas,WR,1.3,0.0,2020,14
Devine Ozigbo,RB,1.3,7.0,2020,14
Zay Jones,WR,1.2,1.16,2020,14
D'Ernest Johnson,RB,1.2,0.0,2020,14
Jamal Agnew,WR,1.1,2.5,2020,14
Trenton Cannon,RB,1.0,-0.2,2020,14
Mike Boone,RB,1.0,2.2,2020,14
Levine Toilolo,TE,1.0,0.0,2020,14
C.J. Board,WR,0.9,0.0,2020,14
Gunner Olszewski,WR,0.8,0.0,2020,14
Charlie Woerner,TE,0.7,0.0,2020,14
Cethan Carter,TE,0.7,0.0,2020,14
Kalif Raymond,WR,0.7,0.0,2020,14
Jaeden Graham,TE,0.7,1.7,2020,14
Mack Hollins,WR,0.6,11.6,2020,14
K.J. Hill,WR,0.6,1.4,2020,14
Alshon Jeffery,WR,0.5,8.5,2020,14
Marcus Kemp,WR,0.4,0.0,2020,14
Jeremy Sprinkle,TE,0.4,0.0,2020,14
Antonio Callaway,WR,0.4,0.0,2020,14
Nick Westbrook-Ikhine,WR,0.3,0.0,2020,14
Troy Fumagalli,TE,0.3,9.3,2020,14
Penny Hart,WR,0.3,3.2,2020,14
Alex Armah,RB,0.2,1.0,2020,14
Tommylee Lewis,WR,0.2,0.0,2020,14
Kenjon Barner,RB,0.2,0.0,2020,14
Alex Erickson,WR,0.2,-0.1,2020,14
Eric Saubert,TE,0.2,1.4,2020,14
Andre Roberts,WR,0.1,0.0,2020,14
Diontae Spencer,WR,0.1,6.0,2020,14
Pharoh Cooper,WR,0.1,8.2,2020,14
Jonathan Ward,RB,0.1,0.0,2020,14
Trent Sherfield,WR,0.1,0.0,2020,14
Lamar Jackson,QB,0.0,34.92,2020,14
Logan Woodside,QB,0.0,1.8,2020,14
Jacoby Brissett,QB,0.0,-0.2,2020,14
Jarrett Stidham,QB,0.0,1.38,2020,14
Jalen Hurts,QB,0.0,19.28,2020,14
Nathan Cottrell,RB,0.0,0.0,2020,14
J.P. Holtz,TE,0.0,0.0,2020,14
Daniel Jones,QB,0.0,3.08,2020,14
Gardner Minshew,QB,0.0,13.32,2020,14
Dwayne Haskins,QB,0.0,0.84,2020,14
Buddy Howell,RB,0.0,5.5,2020,14
Tajae Sharpe,WR,0.0,0.0,2020,14
Nsimba Webster,WR,0.0,0.0,2020,14
Teddy Bridgewater,QB,0.0,20.42,2020,14
Ryan Finley,QB,0.0,0.2,2020,14
Chase Daniel,QB,0.0,1.16,2020,14
Tua Tagovailoa,QB,0.0,27.04,2020,14
Trace McSorley,QB,0.0,0.62,2020,14
Aaron Rodgers,QB,31.3,18.32,2020,15
Derrick Henry,RB,28.8,25.2,2020,15
Patrick Mahomes,QB,28.2,25.86,2020,15
Ryan Tannehill,QB,27.0,37.02,2020,15
Davante Adams,WR,24.0,11.2,2020,15
Kyler Murray,QB,23.8,33.14,2020,15
Justin Herbert,QB,23.7,27.96,2020,15
Dalvin Cook,RB,22.5,26.9,2020,15
Alvin Kamara,RB,22.3,18.4,2020,15
Lamar Jackson,QB,22.0,29.22,2020,15
Aaron Jones,RB,21.8,24.8,2020,15
Tyreek Hill,WR,21.5,17.4,2020,15
Russell Wilson,QB,21.5,12.04,2020,15
Tom Brady,QB,21.0,23.4,2020,15
Derek Carr,QB,21.0,2.12,2020,15
Deshaun Watson,QB,20.1,23.42,2020,15
Jared Goff,QB,20.0,15.26,2020,15
Matthew Stafford,QB,19.3,15.28,2020,15
Austin Ekeler,RB,19.2,11.9,2020,15
Keenan Allen,WR,18.9,2.6,2020,15
Josh Allen,QB,18.8,37.66,2020,15
Travis Kelce,TE,18.7,22.8,2020,15
Philip Rivers,QB,18.7,17.02,2020,15
David Montgomery,RB,18.2,29.2,2020,15
Ben Roethlisberger,QB,18.2,6.7,2020,15
Baker Mayfield,QB,18.1,20.98,2020,15
Josh Jacobs,RB,17.7,20.4,2020,15
Mitchell Trubisky,QB,17.6,13.48,2020,15
Calvin Ridley,WR,17.5,32.3,2020,15
James Robinson,RB,17.5,14.3,2020,15
Matt Ryan,QB,17.4,27.84,2020,15
Cooper Kupp,WR,16.9,8.9,2020,15
Robert Woods,WR,16.7,21.6,2020,15
Nick Chubb,RB,16.7,14.6,2020,15
A.J. Brown,WR,16.3,15.4,2020,15
DeAndre Hopkins,WR,16.2,30.0,2020,15
Kirk Cousins,QB,16.1,19.34,2020,15
Darren Waller,TE,15.9,30.0,2020,15
Kenyan Drake,RB,15.3,6.0,2020,15
DK Metcalf,WR,15.1,9.3,2020,15
Jonathan Taylor,RB,15.1,19.5,2020,15
Nick Mullens,QB,15.0,11.46,2020,15
Allen Robinson,WR,14.6,12.3,2020,15
D'Andre Swift,RB,14.4,22.2,2020,15
T.Y. Hilton,WR,13.8,11.1,2020,15
Clyde Edwards-Helaire,RB,13.8,9.3,2020,15
Teddy Bridgewater,QB,13.6,16.92,2020,15
Kareem Hunt,RB,13.5,5.8,2020,15
Corey Davis,WR,13.5,21.0,2020,15
Cam Newton,QB,13.3,12.16,2020,15
Tua Tagovailoa,QB,13.1,18.7,2020,15
Antonio Brown,WR,12.9,20.3,2020,15
Cam Akers,RB,12.8,7.2,2020,15
Jamaal Williams,RB,12.8,4.0,2020,15
Stefon Diggs,WR,12.7,25.7,2020,15
Jalen Hurts,QB,12.4,37.82,2020,15
Tyler Lockett,WR,12.3,7.4,2020,15
Diontae Johnson,WR,11.8,19.9,2020,15
JuJu Smith-Schuster,WR,11.8,2.5,2020,15
Kalen Ballage,RB,11.7,7.1,2020,15
Chris Godwin Jr.,WR,11.6,13.6,2020,15
Marvin Jones,WR,11.6,27.2,2020,15
Chris Carson,RB,11.6,8.9,2020,15
Andy Dalton,QB,11.6,17.16,2020,15
Mike Evans,WR,11.5,17.0,2020,15
Justin Jefferson,WR,11.5,18.4,2020,15
Mark Andrews,TE,11.4,17.6,2020,15
Melvin Gordon,RB,11.4,24.1,2020,15
Amari Cooper,WR,11.2,2.3,2020,15
Adam Thielen,WR,11.2,9.1,2020,15
Nelson Agholor,WR,11.1,8.9,2020,15
Miles Sanders,RB,11.1,10.0,2020,15
Chase Edmonds,RB,10.8,15.6,2020,15
T.J. Hockenson,TE,10.7,1.8,2020,15
Terry McLaurin,WR,10.7,14.7,2020,15
Robert Tonyan,TE,10.6,10.8,2020,15
Wayne Gallman,RB,10.6,2.9,2020,15
J.K. Dobbins,RB,10.5,15.1,2020,15
Brandon Aiyuk,WR,10.4,22.3,2020,15
Drew Lock,QB,10.4,10.98,2020,15
Raheem Mostert,RB,10.4,6.8,2020,15
Mike Williams,WR,10.3,4.2,2020,15
Evan Engram,TE,10.1,8.6,2020,15
Nyheim Hines,RB,10.0,7.4,2020,15
David Johnson,RB,9.9,24.3,2020,15
Eric Ebron,TE,9.9,0.0,2020,15
Latavius Murray,RB,9.9,10.9,2020,15
Sterling Shepard,WR,9.8,8.8,2020,15
Russell Gage,WR,9.8,17.8,2020,15
Jeff Wilson,RB,9.7,24.0,2020,15
Hunter Henry,TE,9.6,17.5,2020,15
Tyler Higbee,TE,9.4,16.7,2020,15
Marquise Brown,WR,9.2,15.8,2020,15
Logan Thomas,TE,9.1,23.1,2020,15
Salvon Ahmed,RB,9.1,21.7,2020,15
Marquez Valdes-Scantling,WR,9.1,0.0,2020,15
Gus Edwards,RB,9.0,9.8,2020,15
Michael Pittman,WR,9.0,3.9,2020,15
Josh Reynolds,WR,8.9,2.9,2020,15
Mike Davis,RB,8.8,8.1,2020,15
Hunter Renfrow,WR,8.8,1.4,2020,15
Todd Gurley,RB,8.8,3.4,2020,15
Cole Beasley,WR,8.8,19.2,2020,15
Chase Claypool,WR,8.8,7.8,2020,15
Sammy Watkins,WR,8.7,10.0,2020,15
Leonard Fournette,RB,8.5,21.5,2020,15
Darius Slayton,WR,8.5,11.4,2020,15
Christian Kirk,WR,8.4,6.3,2020,15
Chad Hansen,WR,8.2,13.5,2020,15
Robbie Chosen,WR,8.2,4.0,2020,15
Danny Amendola,WR,8.0,5.0,2020,15
Brandin Cooks,WR,7.9,11.9,2020,15
Gerald Everett,TE,7.8,4.8,2020,15
Jarvis Landry,WR,7.8,19.1,2020,15
DJ Moore,WR,7.8,19.2,2020,15
J.D. McKissic,RB,7.8,25.7,2020,15
Michael Gallup,WR,7.7,11.6,2020,15
Adrian Peterson,RB,7.7,2.3,2020,15
DJ Chark,WR,7.6,9.3,2020,15
Curtis Samuel,WR,7.6,8.8,2020,15
Carlos Hyde,RB,7.6,14.3,2020,15
Sam Darnold,QB,7.4,14.08,2020,15
Willie Snead,WR,7.4,0.0,2020,15
Jerick McKinnon,RB,7.3,4.2,2020,15
Allen Lazard,WR,7.3,10.6,2020,15
Jonnu Smith,TE,7.3,10.2,2020,15
Larry Fitzgerald,WR,7.2,12.5,2020,15
Golden Tate,WR,7.2,3.3,2020,15
Darnell Mooney,WR,7.1,16.5,2020,15
CeeDee Lamb,WR,7.1,19.5,2020,15
Zack Moss,RB,7.1,8.1,2020,15
Laviska Shenault Jr.,WR,7.1,18.8,2020,15
Devin Singletary,RB,7.0,17.4,2020,15
Rob Gronkowski,TE,7.0,5.9,2020,15
Demarcus Robinson,WR,6.9,4.7,2020,15
Darrell Henderson,RB,6.8,1.3,2020,15
Keelan Cole,WR,6.8,4.2,2020,15
Devontae Booker,RB,6.7,1.2,2020,15
James Washington,WR,6.7,0.0,2020,15
Tyron Johnson,WR,6.4,15.1,2020,15
Tee Higgins,WR,6.4,6.1,2020,15
Rashard Higgins,WR,6.4,11.6,2020,15
Zach Pascal,WR,6.2,24.9,2020,15
Gabe Davis,WR,6.2,3.8,2020,15
Emmanuel Sanders,WR,6.2,11.6,2020,15
Malcolm Brown,RB,6.2,2.0,2020,15
Anthony Miller,WR,6.1,2.3,2020,15
Tyler Boyd,WR,6.1,0.0,2020,15
Le'Veon Bell,RB,6.1,14.6,2020,15
Mecole Hardman,WR,6.0,10.7,2020,15
David Moore,WR,6.0,3.5,2020,15
Tony Pollard,RB,6.0,31.2,2020,15
Tre'Quan Smith,WR,6.0,3.5,2020,15
Foster Moreau,TE,5.9,3.2,2020,15
Hayden Hurst,TE,5.9,12.1,2020,15
Mohamed Sanu,WR,5.8,7.8,2020,15
Jeremy McNichols,RB,5.6,1.5,2020,15
Darrel Williams,RB,5.6,0.5,2020,15
Benny Snell,RB,5.6,19.7,2020,15
Phillip Lindsay,RB,5.5,7.5,2020,15
Will Dissly,TE,5.5,0.0,2020,15
Dan Arnold,TE,5.4,8.4,2020,15
Trey Burton,TE,5.4,1.8,2020,15
Joshua Kelley,RB,5.4,0.8,2020,15
Tim Patrick,WR,5.4,4.4,2020,15
James White,RB,5.4,9.5,2020,15
Austin Hooper,TE,5.4,15.1,2020,15
Irv Smith,TE,5.4,6.7,2020,15
Jimmy Graham,TE,5.3,4.5,2020,15
Ito Smith,RB,5.3,5.3,2020,15
Jakobi Meyers,WR,5.2,16.1,2020,15
Sony Michel,RB,5.2,9.2,2020,15
Dez Bryant,WR,5.1,8.1,2020,15
Jamison Crowder,WR,5.1,12.6,2020,15
Boston Scott,RB,5.0,1.7,2020,15
Peyton Barber,RB,5.0,6.5,2020,15
Damiere Byrd,WR,5.0,5.4,2020,15
Jalen Richard,RB,5.0,1.7,2020,15
Breshad Perriman,WR,4.9,3.1,2020,15
Kendrick Bourne,WR,4.9,18.6,2020,15
Cordarrelle Patterson,RB,4.9,1.7,2020,15
Frank Gore,RB,4.9,13.5,2020,15
Cole Kmet,TE,4.8,3.2,2020,15
Denzel Mims,WR,4.8,4.8,2020,15
Jared Cook,TE,4.7,4.9,2020,15
Mo Alie-Cox,TE,4.7,3.4,2020,15
Jack Doyle,TE,4.7,3.4,2020,15
Dalton Schultz,TE,4.7,9.4,2020,15
Tyler Eifert,TE,4.6,8.1,2020,15
Brian Hill,RB,4.6,2.7,2020,15
Richie James,WR,4.6,9.6,2020,15
KJ Hamler,WR,4.6,1.4,2020,15
Cam Sims,WR,4.5,7.6,2020,15
Dallas Goedert,TE,4.4,7.9,2020,15
Cameron Brate,TE,4.4,9.4,2020,15
Keke Coutee,WR,4.4,14.3,2020,15
Royce Freeman,RB,4.3,0.4,2020,15
Byron Pringle,WR,4.3,0.0,2020,15
Chris Conley,WR,4.2,8.3,2020,15
Jalen Guyton,WR,4.1,13.5,2020,15
Dawson Knox,TE,4.1,11.6,2020,15
Jordan Reed,TE,4.1,9.8,2020,15
Scott Miller,WR,4.1,5.0,2020,15
LeSean McCoy,RB,4.0,6.2,2020,15
Giovani Bernard,RB,3.9,22.7,2020,15
Jerry Jeudy,WR,3.9,2.9,2020,15
Harrison Bryant,TE,3.8,3.9,2020,15
Lynn Bowden,WR,3.8,10.6,2020,15
Collin Johnson,WR,3.8,1.8,2020,15
Ty Johnson,RB,3.7,17.5,2020,15
Maxx Williams,TE,3.7,5.2,2020,15
Freddie Swain,WR,3.7,1.3,2020,15
Alfred Morris,RB,3.7,3.9,2020,15
N'Keal Harry,TE,3.6,2.2,2020,15
Noah Fant,TE,3.6,20.8,2020,15
Quintez Cephus,WR,3.6,4.6,2020,15
Marcus Johnson,WR,3.6,0.0,2020,15
AJ Dillon,RB,3.6,1.8,2020,15
Anthony Firkser,TE,3.6,3.0,2020,15
David Njoku,TE,3.5,3.2,2020,15
Matt Breida,RB,3.4,8.6,2020,15
Isaiah Ford,WR,3.3,4.8,2020,15
Isaiah Wright,WR,3.3,3.5,2020,15
Theo Riddick,RB,3.2,-0.5,2020,15
Dion Lewis,RB,3.2,3.8,2020,15
Juwan Johnson,TE,3.2,0.0,2020,15
Kaden Smith,TE,3.2,1.0,2020,15
Steven Mitchell,WR,3.2,0.0,2020,15
MyCole Pruitt,TE,3.1,2.0,2020,15
Steven Sims,WR,3.1,2.1,2020,15
Van Jefferson,WR,3.1,0.0,2020,15
James O'Shaughnessy,TE,3.1,1.6,2020,15
Jaylen Samuels,RB,3.0,2.6,2020,15
Ross Dwelley,TE,2.9,4.8,2020,15
Zach Ertz,TE,2.9,8.9,2020,15
Greg Ward,WR,2.9,17.5,2020,15
Jordan Akins,TE,2.9,10.0,2020,15
Malcolm Perry,RB,2.9,0.4,2020,15
Josh Adams,RB,2.9,0.0,2020,15
Anthony McFarland,RB,2.8,2.4,2020,15
Tyler Conklin,TE,2.8,14.7,2020,15
Jalen Reagor,WR,2.7,8.9,2020,15
Rodney Smith,RB,2.7,7.7,2020,15
Chad Beebe,WR,2.7,4.1,2020,15
Miles Boykin,WR,2.7,7.4,2020,15
Jesse James,TE,2.6,2.1,2020,15
Donovan Peoples-Jones,WR,2.6,8.5,2020,15
Alexander Mattison,RB,2.6,2.5,2020,15
Jacob Hollister,TE,2.6,9.7,2020,15
Ke'Shawn Vaughn,RB,2.5,0.4,2020,15
Travis Fulgham,WR,2.4,5.0,2020,15
Cameron Batson,WR,2.4,0.0,2020,15
Ameer Abdullah,RB,2.4,0.0,2020,15
Darrell Daniels,TE,2.3,1.2,2020,15
Devine Ozigbo,RB,2.3,1.4,2020,15
Darrynton Evans,RB,2.3,13.7,2020,15
Braxton Berrios,WR,2.2,2.9,2020,15
Donald Parham,TE,2.2,0.0,2020,15
Drew Sample,TE,2.2,1.4,2020,15
Justice Hill,RB,2.2,1.8,2020,15
Ian Thomas,TE,2.2,5.9,2020,15
Tevin Coleman,RB,2.2,1.1,2020,15
J.J. Taylor,RB,2.1,0.2,2020,15
KeeSean Johnson,WR,2.0,5.8,2020,15
Isaiah McKenzie,WR,2.0,1.8,2020,15
Deon Yelder,TE,1.9,1.6,2020,15
Dare Ogunbowale,RB,1.8,3.5,2020,15
Nick Vannett,TE,1.8,0.0,2020,15
Chris Herndon,TE,1.8,15.6,2020,15
Devin Asiasi,TE,1.8,0.0,2020,15
Taysom Hill,TE,1.8,6.3,2020,15
Vance McDonald,TE,1.8,0.0,2020,15
Tyler Johnson,WR,1.7,0.0,2020,15
Patrick Laird,RB,1.7,5.2,2020,15
Adam Shaheen,TE,1.7,2.5,2020,15
Durham Smythe,TE,1.7,9.0,2020,15
Corey Clement,RB,1.7,0.0,2020,15
Brandon Powell,WR,1.6,2.5,2020,15
Christian Blake,WR,1.6,0.9,2020,15
Samaje Perine,RB,1.5,1.4,2020,15
Noah Brown,WR,1.5,2.7,2020,15
Cedrick Wilson Jr.,WR,1.5,0.96,2020,15
Jamal Agnew,WR,1.3,3.0,2020,15
Ray-Ray McCloud,WR,1.3,0.8,2020,15
Levine Toilolo,TE,1.3,2.4,2020,15
Pharaoh Brown,TE,1.2,2.1,2020,15
Zay Jones,WR,1.2,1.9,2020,15
Javon Wims,WR,1.2,0.0,2020,15
Jaeden Graham,TE,1.1,0.0,2020,15
Laquon Treadwell,WR,1.1,2.4,2020,15
Patrick Ricard,RB,1.0,3.0,2020,15
Trayveon Williams,RB,1.0,0.8,2020,15
Blake Bell,TE,1.0,2.2,2020,15
Brandon Zylstra,WR,0.9,0.1,2020,15
Pharoh Cooper,WR,0.9,0.0,2020,15
Buddy Howell,RB,0.9,2.2,2020,15
D'Ernest Johnson,RB,0.9,2.4,2020,15
Luke Stocker,TE,0.9,4.1,2020,15
Jakob Johnson,RB,0.8,0.0,2020,15
River Cracraft,WR,0.7,3.1,2020,15
K.J. Hill,WR,0.7,6.9,2020,15
Gunner Olszewski,WR,0.7,0.0,2020,15
Alshon Jeffery,WR,0.7,8.3,2020,15
Trent Taylor,WR,0.6,0.0,2020,15
Lee Smith,TE,0.6,0.0,2020,15
Tavon Austin,WR,0.6,0.0,2020,15
Trenton Cannon,RB,0.6,0.0,2020,15
Mack Hollins,WR,0.5,3.8,2020,15
Nick Westbrook-Ikhine,WR,0.4,0.0,2020,15
Alex Erickson,WR,0.3,0.0,2020,15
Rico Dowdle,RB,0.3,1.1,2020,15
Trevon Wesco,TE,0.2,0.0,2020,15
Alex Armah,RB,0.2,1.9,2020,15
Senorise Perry,RB,0.2,0.0,2020,15
James Proche,WR,0.2,0.0,2020,15
Tommylee Lewis,WR,0.1,0.0,2020,15
Quez Watkins,WR,0.1,13.0,2020,15
Eric Tomlinson,TE,0.1,0.0,2020,15
Andre Roberts,WR,0.1,0.0,2020,15
Kenjon Barner,RB,0.1,0.0,2020,15
Logan Woodside,QB,0.0,-0.3,2020,15
Taiwan Jones,RB,0.0,0.0,2020,15
J.P. Holtz,TE,0.0,0.0,2020,15
Kahale Warring,TE,0.0,5.2,2020,15
Stanley Morgan,WR,0.0,0.0,2020,15
Drew Brees,QB,0.0,19.36,2020,15
Jacoby Brissett,QB,0.0,0.2,2020,15
Dwayne Haskins,QB,0.0,14.6,2020,15
Gardner Minshew,QB,0.0,15.94,2020,15
Nathan Cottrell,RB,0.0,0.0,2020,15
Diontae Spencer,WR,0.0,0.0,2020,15
Robert Foster,WR,0.0,1.9,2020,15
Nsimba Webster,WR,0.0,0.0,2020,15
Ryan Finley,QB,0.0,18.26,2020,15
Chase Daniel,QB,0.0,1.3,2020,15
C.J. Beathard,QB,0.0,8.0,2020,15
Colt McCoy,QB,0.0,9.14,2020,15
Mason Schreck,TE,0.0,0.0,2020,15
Tom Brady,QB,28.7,29.92,2020,16
Patrick Mahomes,QB,28.7,19.22,2020,16
Dalvin Cook,RB,26.6,16.5,2020,16
Deshaun Watson,QB,24.4,26.76,2020,16
Aaron Rodgers,QB,24.4,25.14,2020,16
Alvin Kamara,RB,22.6,56.2,2020,16
Tua Tagovailoa,QB,22.6,8.86,2020,16
Josh Allen,QB,22.5,32.3,2020,16
Tyreek Hill,WR,21.7,10.5,2020,16
Drew Brees,QB,21.3,8.14,2020,16
Aaron Jones,RB,21.0,12.8,2020,16
Kyler Murray,QB,20.9,15.38,2020,16
Matthew Stafford,QB,20.5,0.68,2020,16
Travis Kelce,TE,20.4,22.8,2020,16
Baker Mayfield,QB,20.3,8.0,2020,16
Kirk Cousins,QB,20.0,23.64,2020,16
Jalen Hurts,QB,19.2,18.58,2020,16
David Montgomery,RB,19.1,20.1,2020,16
Derrick Henry,RB,18.8,9.8,2020,16
Davante Adams,WR,18.4,43.2,2020,16
Melvin Gordon,RB,18.3,7.9,2020,16
Matt Ryan,QB,18.0,19.9,2020,16
Justin Herbert,QB,17.7,16.72,2020,16
Mitchell Trubisky,QB,17.3,23.6,2020,16
Russell Wilson,QB,17.2,19.9,2020,16
Calvin Ridley,WR,17.2,17.3,2020,16
Antonio Brown,WR,16.6,13.5,2020,16
Ryan Tannehill,QB,16.3,16.34,2020,16
Drew Lock,QB,16.2,14.06,2020,16
Jared Goff,QB,16.2,9.66,2020,16
Nick Chubb,RB,16.2,17.6,2020,16
Andy Dalton,QB,15.6,26.58,2020,16
Antonio Gibson,RB,15.1,9.9,2020,16
Teddy Bridgewater,QB,15.1,8.58,2020,16
Leonard Fournette,RB,15.0,15.6,2020,16
Mike Evans,WR,14.8,40.1,2020,16
Dwayne Haskins,QB,14.7,0.16,2020,16
Marvin Jones,WR,14.7,4.9,2020,16
D'Andre Swift,RB,14.6,9.0,2020,16
Justin Jefferson,WR,14.6,14.5,2020,16
DeAndre Hopkins,WR,14.6,12.8,2020,16
Robert Woods,WR,14.5,8.9,2020,16
Stefon Diggs,WR,14.3,41.5,2020,16
Chris Godwin Jr.,WR,14.3,19.4,2020,16
Salvon Ahmed,RB,14.3,1.3,2020,16
Darren Waller,TE,14.0,16.2,2020,16
Austin Ekeler,RB,14.0,15.8,2020,16
Josh Jacobs,RB,13.9,6.9,2020,16
Mark Andrews,TE,13.8,13.6,2020,16
Cooper Kupp,WR,13.7,14.6,2020,16
Myles Gaskin,RB,13.4,33.9,2020,16
Ben Roethlisberger,QB,13.2,25.54,2020,16
Amari Cooper,WR,13.1,16.1,2020,16
Adam Thielen,WR,13.0,23.7,2020,16
Kareem Hunt,RB,13.0,14.2,2020,16
James Conner,RB,12.7,17.6,2020,16
Miles Sanders,RB,12.6,18.4,2020,16
Tee Higgins,WR,12.4,21.9,2020,16
Allen Robinson,WR,12.4,20.3,2020,16
DK Metcalf,WR,12.3,11.9,2020,16
Cam Newton,QB,12.1,9.76,2020,16
David Johnson,RB,12.0,28.9,2020,16
Philip Rivers,QB,11.9,10.8,2020,16
Logan Thomas,TE,11.7,13.3,2020,16
Ezekiel Elliott,RB,11.5,17.9,2020,16
Kenyan Drake,RB,11.0,13.0,2020,16
Diontae Johnson,WR,11.0,21.6,2020,16
J.D. McKissic,RB,10.9,23.2,2020,16
Brandon Aiyuk,WR,10.9,4.1,2020,16
Sam Darnold,QB,10.6,17.0,2020,16
Tyler Lockett,WR,10.6,7.4,2020,16
Cole Beasley,WR,10.5,4.7,2020,16
Chase Edmonds,RB,10.5,2.8,2020,16
Jonathan Taylor,RB,10.5,19.4,2020,16
Chris Carson,RB,10.3,10.9,2020,16
Latavius Murray,RB,10.2,12.6,2020,16
CeeDee Lamb,WR,10.1,23.4,2020,16
Marquise Brown,WR,10.1,12.5,2020,16
Tyler Higbee,TE,10.0,6.4,2020,16
Michael Gallup,WR,9.9,30.1,2020,16
Mike Gesicki,TE,9.9,9.4,2020,16
J.K. Dobbins,RB,9.8,13.7,2020,16
Tony Pollard,RB,9.7,3.0,2020,16
Sterling Shepard,WR,9.7,22.7,2020,16
T.Y. Hilton,WR,9.7,9.0,2020,16
T.J. Hockenson,TE,9.6,6.3,2020,16
A.J. Brown,WR,9.6,8.3,2020,16
Russell Gage,WR,9.5,6.3,2020,16
Wayne Gallman,RB,9.5,7.3,2020,16
DJ Moore,WR,9.4,8.7,2020,16
Chad Hansen,WR,9.4,1.8,2020,16
JuJu Smith-Schuster,WR,9.4,24.6,2020,16
Jeff Wilson,RB,9.1,54.8,2020,16
Brandin Cooks,WR,9.0,27.1,2020,16
Sammy Watkins,WR,9.0,1.4,2020,16
Darius Slayton,WR,8.7,4.6,2020,16
George Kittle,TE,8.7,13.2,2020,16
Nelson Agholor,WR,8.7,26.5,2020,16
DeSean Jackson,WR,8.6,15.1,2020,16
Giovani Bernard,RB,8.6,20.1,2020,16
Evan Engram,TE,8.6,14.0,2020,16
Corey Davis,WR,8.5,0.0,2020,16
Robert Tonyan,TE,8.3,2.7,2020,16
Rob Gronkowski,TE,8.2,19.8,2020,16
Devin Singletary,RB,8.2,7.2,2020,16
Todd Gurley,RB,8.1,8.0,2020,16
Kalen Ballage,RB,8.1,4.6,2020,16
Mike Davis,RB,8.1,8.8,2020,16
Keke Coutee,WR,8.0,10.4,2020,16
Gus Edwards,RB,7.9,14.2,2020,16
Le'Veon Bell,RB,7.9,4.9,2020,16
Zack Moss,RB,7.8,12.7,2020,16
Eric Ebron,TE,7.8,15.7,2020,16
Lynn Bowden,WR,7.6,3.6,2020,16
Emmanuel Sanders,WR,7.6,13.5,2020,16
Chase Claypool,WR,7.6,9.4,2020,16
Robbie Chosen,WR,7.5,16.9,2020,16
Mike Williams,WR,7.3,9.4,2020,16
Carlos Hyde,RB,7.3,3.6,2020,16
Danny Amendola,WR,7.2,8.7,2020,16
Curtis Samuel,WR,7.2,20.8,2020,16
Noah Fant,TE,7.2,12.5,2020,16
Darnell Mooney,WR,7.1,8.1,2020,16
Nyheim Hines,RB,7.0,10.4,2020,16
Tim Patrick,WR,7.0,6.9,2020,16
Gerald Everett,TE,6.9,3.3,2020,16
Josh Reynolds,WR,6.9,13.0,2020,16
Christian Kirk,WR,6.8,14.6,2020,16
Justin Jackson,RB,6.7,0.4,2020,16
Austin Hooper,TE,6.7,14.1,2020,16
Austin Mack,WR,6.7,0.0,2020,16
Allen Lazard,WR,6.7,3.4,2020,16
Dalton Schultz,TE,6.7,5.1,2020,16
Kerryon Johnson,RB,6.6,3.7,2020,16
Hunter Renfrow,WR,6.6,8.4,2020,16
La'Mical Perine,RB,6.6,5.4,2020,16
Mecole Hardman,WR,6.6,7.4,2020,16
Gabe Davis,WR,6.5,6.3,2020,16
Frank Gore,RB,6.5,6.3,2020,16
Larry Fitzgerald,WR,6.4,8.8,2020,16
Demarcus Robinson,WR,6.4,10.9,2020,16
Jerick McKinnon,RB,6.4,6.2,2020,16
Adrian Peterson,RB,6.4,1.0,2020,16
Hayden Hurst,TE,6.4,15.7,2020,16
Ty Johnson,RB,6.3,1.3,2020,16
Benny Snell,RB,6.3,0.0,2020,16
Willie Snead,WR,6.3,4.4,2020,16
Henry Ruggs III,WR,6.1,1.4,2020,16
Peyton Barber,RB,6.1,1.0,2020,16
Ito Smith,RB,6.1,6.1,2020,16
Zach Pascal,WR,6.0,15.4,2020,16
Mohamed Sanu,WR,6.0,4.2,2020,16
Cameron Brate,TE,6.0,4.7,2020,16
Sony Michel,RB,6.0,6.9,2020,16
Cam Sims,WR,5.9,9.3,2020,16
DJ Chark,WR,5.9,16.2,2020,16
Darrell Henderson,RB,5.8,6.2,2020,16
KJ Hamler,WR,5.8,0.3,2020,16
Jamison Crowder,WR,5.8,29.32,2020,16
Kendrick Bourne,WR,5.8,2.6,2020,16
Michael Pittman,WR,5.8,6.8,2020,16
Jakobi Meyers,WR,5.5,8.5,2020,16
Laviska Shenault Jr.,WR,5.4,31.6,2020,16
LeSean McCoy,RB,5.4,1.5,2020,16
James White,RB,5.4,6.7,2020,16
Dawson Knox,TE,5.3,8.1,2020,16
Irv Smith,TE,5.3,23.3,2020,16
Jakeem Grant,WR,5.3,9.3,2020,16
Dallas Goedert,TE,5.3,6.8,2020,16
David Moore,WR,5.2,5.5,2020,16
Breshad Perriman,WR,5.2,0.6,2020,16
Darrel Williams,RB,5.2,11.3,2020,16
Steven Sims,WR,5.2,9.2,2020,16
Will Dissly,TE,5.1,4.7,2020,16
Malcolm Brown,RB,5.1,4.5,2020,16
Denzel Mims,WR,5.1,0.0,2020,16
Jerry Jeudy,WR,5.1,12.1,2020,16
James Washington,WR,5.1,4.0,2020,16
Jonnu Smith,TE,5.0,12.0,2020,16
Scott Miller,WR,4.9,1.7,2020,16
Bisi Johnson,WR,4.9,4.6,2020,16
Keelan Cole,WR,4.9,5.6,2020,16
Jimmy Graham,TE,4.8,22.9,2020,16
Anthony Miller,WR,4.8,3.0,2020,16
Jacob Hollister,TE,4.7,9.7,2020,16
Boston Scott,RB,4.7,1.7,2020,16
Tyler Eifert,TE,4.6,3.7,2020,16
Brian Hill,RB,4.6,9.1,2020,16
Miles Boykin,WR,4.5,2.3,2020,16
Richie James,WR,4.5,0.0,2020,16
Drew Sample,TE,4.5,7.8,2020,16
Devontae Booker,RB,4.5,3.9,2020,16
Tyron Johnson,WR,4.5,5.6,2020,16
Damiere Byrd,WR,4.4,1.7,2020,16
Jordan Akins,TE,4.4,7.9,2020,16
Cole Kmet,TE,4.3,3.5,2020,16
Dan Arnold,TE,4.3,3.5,2020,16
Marvin Hall,WR,4.2,2.2,2020,16
Darrynton Evans,RB,4.2,0.3,2020,16
Jared Cook,TE,4.2,11.2,2020,16
Jordan Howard,RB,4.1,0.8,2020,16
Greg Ward,WR,4.1,4.7,2020,16
Quintez Cephus,WR,4.0,1.9,2020,16
Zach Ertz,TE,4.0,6.3,2020,16
Harrison Bryant,TE,4.0,6.7,2020,16
Devin Duvernay,WR,3.9,1.7,2020,16
Jalen Reagor,WR,3.9,6.0,2020,16
Cordarrelle Patterson,RB,3.9,0.0,2020,16
Jordan Reed,TE,3.9,0.0,2020,16
Tyler Conklin,TE,3.9,7.1,2020,16
Alfred Morris,RB,3.9,2.3,2020,16
Jalen Guyton,WR,3.8,7.3,2020,16
Royce Freeman,RB,3.8,4.3,2020,16
Marquez Callaway,WR,3.8,5.6,2020,16
Foster Moreau,TE,3.8,0.0,2020,16
Malcolm Perry,RB,3.8,0.0,2020,16
Jalen Richard,RB,3.7,3.3,2020,16
Chris Conley,WR,3.6,5.7,2020,16
David Njoku,TE,3.6,6.6,2020,16
Darren Fells,TE,3.4,9.2,2020,16
Rodney Smith,RB,3.3,5.8,2020,16
Durham Smythe,TE,3.3,2.6,2020,16
Dion Lewis,RB,3.2,1.5,2020,16
Jeremy McNichols,RB,3.2,1.6,2020,16
Trey Burton,TE,3.1,4.8,2020,16
Jordan Wilkins,RB,3.1,0.0,2020,16
Travis Fulgham,WR,3.1,4.7,2020,16
Freddie Swain,WR,3.1,0.0,2020,16
N'Keal Harry,TE,3.1,1.3,2020,16
Isaiah Ford,WR,3.1,7.7,2020,16
Jack Doyle,TE,3.0,9.0,2020,16
Juwan Johnson,TE,3.0,2.9,2020,16
Greg Olsen,TE,2.9,2.5,2020,16
AJ Dillon,RB,2.9,25.9,2020,16
Mo Alie-Cox,TE,2.8,3.0,2020,16
Josh Adams,RB,2.7,0.0,2020,16
Jason Witten,TE,2.6,3.2,2020,16
Adam Shaheen,TE,2.6,1.3,2020,16
James O'Shaughnessy,TE,2.6,3.8,2020,16
Chris Herndon,TE,2.6,26.8,2020,16
Ke'Shawn Vaughn,RB,2.6,7.9,2020,16
Kaden Smith,TE,2.5,0.0,2020,16
Jesse James,TE,2.5,0.0,2020,16
Troy Fumagalli,TE,2.5,0.0,2020,16
Rashaad Penny,RB,2.4,0.9,2020,16
Anthony Firkser,TE,2.4,2.1,2020,16
DaeSean Hamilton,WR,2.4,12.7,2020,16
Johnny Mundt,TE,2.3,0.0,2020,16
Ameer Abdullah,RB,2.3,1.3,2020,16
Dez Bryant,WR,2.3,7.8,2020,16
Equanimeous St. Brown,WR,2.3,9.1,2020,16
Isaiah McKenzie,WR,2.2,7.1,2020,16
Braxton Berrios,WR,2.2,15.0,2020,16
Samaje Perine,RB,2.2,29.6,2020,16
Van Jefferson,WR,2.2,0.0,2020,16
Tevin Coleman,RB,2.1,1.3,2020,16
Deon Yelder,TE,2.1,2.2,2020,16
Isaiah Wright,WR,2.1,0.0,2020,16
KeeSean Johnson,WR,2.0,7.0,2020,16
Justice Hill,RB,1.9,0.0,2020,16
Adam Trautman,TE,1.8,6.5,2020,16
Hunter Bryant,TE,1.8,0.0,2020,16
Brandon Powell,WR,1.7,-0.8,2020,16
Taysom Hill,TE,1.7,11.02,2020,16
Dare Ogunbowale,RB,1.7,10.8,2020,16
Trayveon Williams,RB,1.7,0.6,2020,16
Dontrell Hilliard,RB,1.7,0.0,2020,16
Tyler Johnson,WR,1.6,4.5,2020,16
Devine Ozigbo,RB,1.6,1.4,2020,16
Alshon Jeffery,WR,1.5,3.2,2020,16
Ryan Nall,RB,1.5,0.0,2020,16
Cedrick Wilson Jr.,WR,1.5,0.0,2020,16
Darrell Daniels,TE,1.5,1.7,2020,16
Pharaoh Brown,TE,1.5,3.9,2020,16
Mike Thomas,WR,1.5,0.0,2020,16
Mike Boone,RB,1.5,6.4,2020,16
Blake Bell,TE,1.4,1.7,2020,16
Jamal Agnew,WR,1.4,6.0,2020,16
Cameron Batson,WR,1.4,2.2,2020,16
Luke Stocker,TE,1.4,1.9,2020,16
J.J. Taylor,RB,1.4,3.8,2020,16
Donald Parham,TE,1.4,6.7,2020,16
Vance McDonald,TE,1.4,1.5,2020,16
Seth DeValve,TE,1.3,0.0,2020,16
D'Ernest Johnson,RB,1.3,0.0,2020,16
Bryan Edwards,WR,1.3,2.1,2020,16
Artavis Pierce,RB,1.2,8.6,2020,16
Quez Watkins,WR,1.2,7.7,2020,16
Laquon Treadwell,WR,1.2,9.1,2020,16
Ray-Ray McCloud,WR,1.1,0.0,2020,16
Rico Dowdle,RB,1.1,0.0,2020,16
Mack Hollins,WR,1.1,6.2,2020,16
C.J. Board,WR,1.0,2.6,2020,16
River Cracraft,WR,1.0,0.0,2020,16
Malik Taylor,WR,0.9,0.0,2020,16
Steven Mitchell,WR,0.9,1.2,2020,16
Pharoh Cooper,WR,0.9,0.0,2020,16
Dwayne Washington,RB,0.9,0.0,2020,16
Cethan Carter,TE,0.9,0.0,2020,16
Kahale Warring,TE,0.7,1.3,2020,16
Lee Smith,TE,0.7,11.1,2020,16
Ty Montgomery,WR,0.7,0.0,2020,16
Trenton Cannon,RB,0.6,0.0,2020,16
K.J. Hill,WR,0.6,0.0,2020,16
Alex Erickson,WR,0.6,14.8,2020,16
Kalif Raymond,WR,0.5,0.0,2020,16
Brandon Zylstra,WR,0.5,0.0,2020,16
Tanner Hudson,TE,0.5,3.0,2020,16
Gunner Olszewski,WR,0.5,0.0,2020,16
Tavon Austin,WR,0.4,2.5,2020,16
Robert Foster,WR,0.4,3.8,2020,16
Donte Moncrief,WR,0.4,0.0,2020,16
Alex Armah,RB,0.3,0.3,2020,16
Austin Carr,WR,0.3,0.0,2020,16
Ashton Dulin,WR,0.3,0.8,2020,16
Stephen Anderson,TE,0.3,8.8,2020,16
Eric Saubert,TE,0.2,0.0,2020,16
Antonio Gandy-Golden,WR,0.2,0.0,2020,16
Nick Westbrook-Ikhine,WR,0.2,2.9,2020,16
Dante Pettis,WR,0.2,5.3,2020,16
D.J. Foster,RB,0.2,0.0,2020,16
Andre Roberts,WR,0.1,3.2,2020,16
Trent Sherfield,WR,0.1,0.0,2020,16
Jonathan Ward,RB,0.1,0.0,2020,16
Kenjon Barner,RB,0.1,0.0,2020,16
Lamar Jackson,QB,0.0,21.32,2020,16
Jacoby Brissett,QB,0.0,0.1,2020,16
Chase Daniel,QB,0.0,3.44,2020,16
Daniel Brown,TE,0.0,2.3,2020,16
Devin Asiasi,TE,0.0,0.0,2020,16
Brandon Allen,QB,0.0,23.14,2020,16
Blaine Gabbert,QB,0.0,15.22,2020,16
C.J. Beathard,QB,0.0,19.08,2020,16
Taiwan Jones,RB,0.0,0.0,2020,16
Mike Glennon,QB,0.0,12.44,2020,16
Dan Chisena,WR,0.0,0.0,2020,16
Matt Barkley,QB,0.0,0.14,2020,16
Logan Woodside,QB,0.0,0.0,2020,16
DeAndre Carter,WR,0.0,0.0,2020,16
Diontae Spencer,WR,0.0,2.9,2020,16
Xavier Jones,RB,0.0,0.0,2020,16
Ryan Fitzpatrick,QB,0.0,11.28,2020,16
Nick Foles,QB,0.0,-0.2,2020,16
Nathan Cottrell,RB,0.0,0.0,2020,16
Nsimba Webster,WR,0.0,0.0,2020,16
Matthew Slater,WR,0.0,0.0,2020,16
Levante Bellamy,RB,0.0,5.2,2020,16
Jarrett Stidham,QB,0.0,1.76,2020,16
Daniel Jones,QB,0.0,14.38,2020,16
Derek Carr,QB,0.0,23.24,2020,16
Kirk Cousins,QB,28.3,34.3,2020,17
Deshaun Watson,QB,25.2,25.8,2020,17
Justin Herbert,QB,22.9,32.98,2020,17
Ryan Tannehill,QB,22.8,28.44,2020,17
Tom Brady,QB,22.8,30.26,2020,17
Derrick Henry,RB,22.4,35.0,2020,17
Drew Brees,QB,20.7,20.04,2020,17
Josh Allen,QB,20.0,19.26,2020,17
Matt Ryan,QB,19.8,22.7,2020,17
Aaron Rodgers,QB,19.3,26.0,2020,17
Calvin Ridley,WR,19.3,10.6,2020,17
Drew Lock,QB,19.1,24.26,2020,17
Matthew Stafford,QB,18.5,22.62,2020,17
Austin Ekeler,RB,18.4,17.1,2020,17
Kyler Murray,QB,18.4,3.78,2020,17
Justin Jefferson,WR,18.3,22.3,2020,17
Adam Thielen,WR,18.1,9.7,2020,17
Melvin Gordon,RB,18.0,21.0,2020,17
D'Andre Swift,RB,18.0,16.0,2020,17
Teddy Bridgewater,QB,17.3,3.74,2020,17
Andy Dalton,QB,17.0,12.56,2020,17
Russell Wilson,QB,16.8,18.14,2020,17
Philip Rivers,QB,16.8,10.36,2020,17
Jonathan Taylor,RB,16.6,38.4,2020,17
Davante Adams,WR,16.2,16.6,2020,17
David Montgomery,RB,15.8,28.2,2020,17
Aaron Jones,RB,15.8,18.5,2020,17
Cam Newton,QB,15.5,38.48,2020,17
Jalen Hurts,QB,15.4,16.28,2020,17
David Johnson,RB,15.3,21.0,2020,17
Antonio Brown,WR,15.1,36.8,2020,17
Mike Evans,WR,14.9,7.6,2020,17
Nick Chubb,RB,14.8,16.8,2020,17
James Conner,RB,14.7,11.2,2020,17
Stefon Diggs,WR,14.5,14.6,2020,17
DeAndre Hopkins,WR,14.1,7.5,2020,17
Baker Mayfield,QB,14.1,16.24,2020,17
Mark Andrews,TE,14.1,6.7,2020,17
Mitchell Trubisky,QB,14.0,10.28,2020,17
Tua Tagovailoa,QB,14.0,15.24,2020,17
Josh Jacobs,RB,13.6,20.9,2020,17
Darren Waller,TE,13.6,26.7,2020,17
A.J. Brown,WR,12.9,31.1,2020,17
Marvin Jones,WR,12.9,38.0,2020,17
Chris Godwin Jr.,WR,12.8,30.3,2020,17
Robert Woods,WR,12.7,7.6,2020,17
Amari Cooper,WR,12.5,10.1,2020,17
DK Metcalf,WR,12.3,5.1,2020,17
Cam Akers,RB,12.1,10.6,2020,17
Leonard Fournette,RB,12.1,4.7,2020,17
Ezekiel Elliott,RB,12.0,15.1,2020,17
Terry McLaurin,WR,11.9,17.0,2020,17
Ronald Jones,RB,11.8,13.8,2020,17
T.Y. Hilton,WR,11.8,13.7,2020,17
Antonio Gibson,RB,11.7,9.1,2020,17
Tyler Boyd,WR,11.7,2.2,2020,17
Tee Higgins,WR,11.6,0.0,2020,17
Kenyan Drake,RB,11.5,8.1,2020,17
J.K. Dobbins,RB,11.5,28.0,2020,17
Michael Gallup,WR,11.3,8.9,2020,17
Jeff Wilson,RB,11.3,47.6,2020,17
Brandin Cooks,WR,11.3,39.6,2020,17
Kareem Hunt,RB,11.1,5.1,2020,17
Sterling Shepard,WR,11.0,33.6,2020,17
Logan Thomas,TE,10.7,12.7,2020,17
Chris Carson,RB,10.5,10.3,2020,17
Diontae Johnson,WR,10.5,12.6,2020,17
Myles Gaskin,RB,10.5,17.7,2020,17
Salvon Ahmed,RB,10.5,13.8,2020,17
DJ Moore,WR,10.3,15.1,2020,17
Corey Davis,WR,10.1,8.9,2020,17
Russell Gage,WR,10.0,25.2,2020,17
J.D. McKissic,RB,10.0,8.0,2020,17
Robbie Chosen,WR,10.0,7.0,2020,17
Allen Robinson,WR,10.0,5.7,2020,17
Irv Smith,TE,9.9,5.0,2020,17
Sam Darnold,QB,9.9,10.94,2020,17
CeeDee Lamb,WR,9.9,9.6,2020,17
Gus Edwards,RB,9.6,8.0,2020,17
JuJu Smith-Schuster,WR,9.6,18.5,2020,17
Evan Engram,TE,9.5,3.7,2020,17
Tyler Lockett,WR,9.5,33.0,2020,17
Marquise Brown,WR,9.5,21.1,2020,17
Curtis Samuel,WR,9.5,19.1,2020,17
Nelson Agholor,WR,9.4,6.7,2020,17
Wayne Gallman,RB,9.3,6.5,2020,17
T.J. Hockenson,TE,9.3,5.5,2020,17
Darius Slayton,WR,9.2,4.2,2020,17
Nyheim Hines,RB,9.1,12.7,2020,17
Laviska Shenault Jr.,WR,8.8,49.2,2020,17
Keke Coutee,WR,8.7,15.0,2020,17
Chase Edmonds,RB,8.7,4.5,2020,17
Giovani Bernard,RB,8.6,0.7,2020,17
Tony Pollard,RB,8.6,6.4,2020,17
Zach Pascal,WR,8.5,6.1,2020,17
Mike Williams,WR,8.4,22.8,2020,17
George Kittle,TE,8.3,13.8,2020,17
Kalen Ballage,RB,8.2,9.6,2020,17
Chad Hansen,WR,8.2,3.6,2020,17
Noah Fant,TE,7.9,8.8,2020,17
Todd Gurley,RB,7.9,4.5,2020,17
Tim Patrick,WR,7.8,6.6,2020,17
Michael Pittman,WR,7.7,5.0,2020,17
Tyler Higbee,TE,7.7,7.1,2020,17
Emmanuel Sanders,WR,7.5,21.3,2020,17
Adrian Peterson,RB,7.5,12.3,2020,17
Jakobi Meyers,WR,7.4,18.26,2020,17
Hayden Hurst,TE,7.4,12.8,2020,17
Danny Amendola,WR,7.3,1.6,2020,17
Rob Gronkowski,TE,7.2,4.9,2020,17
Jamison Crowder,WR,7.1,7.1,2020,17
DeVante Parker,WR,7.1,18.6,2020,17
Dalton Schultz,TE,6.9,14.0,2020,17
Jonnu Smith,TE,6.9,1.8,2020,17
Kerryon Johnson,RB,6.9,0.0,2020,17
Sony Michel,RB,6.9,22.6,2020,17
Josh Reynolds,WR,6.8,6.9,2020,17
John Brown,WR,6.8,17.2,2020,17
Jerry Jeudy,WR,6.7,27.0,2020,17
James White,RB,6.7,13.1,2020,17
Robert Tonyan,TE,6.6,9.8,2020,17
Keelan Cole,WR,6.6,5.3,2020,17
Devin Singletary,RB,6.5,2.3,2020,17
Chase Claypool,WR,6.4,21.1,2020,17
Jamaal Williams,RB,6.4,2.6,2020,17
Jared Cook,TE,6.3,14.3,2020,17
Justin Jackson,RB,6.3,13.4,2020,17
Hunter Renfrow,WR,6.3,5.4,2020,17
Zack Moss,RB,6.2,3.1,2020,17
Ito Smith,RB,6.2,2.6,2020,17
Mike Gesicki,TE,6.1,9.7,2020,17
Mohamed Sanu,WR,6.1,3.6,2020,17
Dan Arnold,TE,6.0,7.6,2020,17
Cam Sims,WR,5.9,9.3,2020,17
Steven Sims,WR,5.9,3.4,2020,17
Darrel Williams,RB,5.8,1.2,2020,17
Benny Snell,RB,5.8,1.0,2020,17
Ty Johnson,RB,5.7,8.8,2020,17
Jarvis Landry,WR,5.7,16.4,2020,17
Tyron Johnson,WR,5.7,5.5,2020,17
Gabe Davis,WR,5.6,18.7,2020,17
Gerald Everett,TE,5.5,4.5,2020,17
Jerick McKinnon,RB,5.5,1.6,2020,17
Demarcus Robinson,WR,5.5,11.8,2020,17
Bisi Johnson,WR,5.4,0.0,2020,17
Damiere Byrd,WR,5.3,2.1,2020,17
Jimmy Graham,TE,5.3,2.5,2020,17
Tyler Conklin,TE,5.3,7.0,2020,17
Darnell Mooney,WR,5.2,20.3,2020,17
Cameron Brate,TE,5.2,2.1,2020,17
Marquez Valdes-Scantling,WR,5.2,17.1,2020,17
Jack Doyle,TE,5.2,4.7,2020,17
Royce Freeman,RB,5.0,3.2,2020,17
Tyler Eifert,TE,5.0,2.0,2020,17
Chris Conley,WR,5.0,15.7,2020,17
Lynn Bowden,WR,4.9,12.98,2020,17
Mecole Hardman,WR,4.9,4.5,2020,17
Alex Collins,RB,4.9,8.9,2020,17
Austin Mack,WR,4.9,1.9,2020,17
David Moore,WR,4.9,1.5,2020,17
Brian Hill,RB,4.9,16.6,2020,17
Henry Ruggs III,WR,4.7,9.6,2020,17
Malcolm Brown,RB,4.7,2.8,2020,17
Trey Burton,TE,4.7,0.0,2020,17
Mark Ingram,RB,4.7,3.9,2020,17
Kendrick Bourne,WR,4.6,12.6,2020,17
Devontae Booker,RB,4.6,1.6,2020,17
Rodney Smith,RB,4.5,11.4,2020,17
Breshad Perriman,WR,4.5,11.4,2020,17
Samaje Perine,RB,4.5,5.1,2020,17
Jacob Hollister,TE,4.5,1.6,2020,17
Will Dissly,TE,4.4,3.0,2020,17
Austin Hooper,TE,4.4,13.7,2020,17
Allen Lazard,WR,4.4,3.7,2020,17
Jalen Guyton,WR,4.4,0.0,2020,17
DaeSean Hamilton,WR,4.4,3.8,2020,17
Denzel Mims,WR,4.3,2.5,2020,17
Rashard Higgins,WR,4.3,7.5,2020,17
Miles Boykin,WR,4.3,11.3,2020,17
Jordan Akins,TE,4.3,1.9,2020,17
Chad Beebe,WR,4.2,12.4,2020,17
Peyton Barber,RB,4.2,1.0,2020,17
Dawson Knox,TE,4.1,4.9,2020,17
James Washington,WR,4.1,0.0,2020,17
N'Keal Harry,TE,4.0,3.7,2020,17
Greg Ward,WR,4.0,2.2,2020,17
Drew Sample,TE,3.9,3.5,2020,17
Darrynton Evans,RB,3.9,0.0,2020,17
Devin Duvernay,WR,3.8,2.2,2020,17
Alfred Morris,RB,3.8,1.2,2020,17
Dare Ogunbowale,RB,3.8,11.2,2020,17
Alexander Mattison,RB,3.7,29.5,2020,17
Marquez Callaway,WR,3.7,8.1,2020,17
Scott Miller,WR,3.6,2.2,2020,17
Jalen Reagor,WR,3.5,2.5,2020,17
Boston Scott,RB,3.5,9.9,2020,17
Zach Ertz,TE,3.5,4.6,2020,17
Anthony Miller,WR,3.4,3.3,2020,17
Quintez Cephus,WR,3.4,13.1,2020,17
Cole Kmet,TE,3.4,9.1,2020,17
Chris Herndon,TE,3.4,38.6,2020,17
Alex Erickson,WR,3.3,2.0,2020,17
Ameer Abdullah,RB,3.3,9.7,2020,17
Richie James,WR,3.3,9.6,2020,17
Ian Thomas,TE,3.1,0.9,2020,17
James O'Shaughnessy,TE,3.1,2.0,2020,17
Donald Parham,TE,3.0,12.7,2020,17
Braxton Berrios,WR,3.0,6.6,2020,17
Foster Moreau,TE,3.0,1.7,2020,17
Mike Boone,RB,2.9,2.9,2020,17
Juwan Johnson,TE,2.9,1.4,2020,17
Dion Lewis,RB,2.9,0.7,2020,17
Cordarrelle Patterson,RB,2.8,1.8,2020,17
Anthony Firkser,TE,2.8,3.8,2020,17
Dominique Dafney,TE,2.7,8.3,2020,17
Ross Dwelley,TE,2.7,4.1,2020,17
Josh Adams,RB,2.7,13.9,2020,17
Marcedes Lewis,TE,2.6,1.9,2020,17
Byron Pringle,WR,2.6,15.2,2020,17
J.J. Taylor,RB,2.6,0.0,2020,17
Devin Asiasi,TE,2.6,11.9,2020,17
Travis Fulgham,WR,2.5,2.5,2020,17
Freddie Swain,WR,2.5,0.0,2020,17
Isaiah Ford,WR,2.5,6.7,2020,17
KeeSean Johnson,WR,2.5,3.3,2020,17
Anthony McFarland,RB,2.4,1.7,2020,17
AJ Dillon,RB,2.4,0.3,2020,17
David Njoku,TE,2.3,3.3,2020,17
Levante Bellamy,RB,2.3,0.0,2020,17
Kaden Smith,TE,2.3,2.6,2020,17
Theo Riddick,RB,2.2,8.0,2020,17
Jesse James,TE,2.2,1.2,2020,17
Adam Trautman,TE,2.2,1.5,2020,17
Equanimeous St. Brown,WR,2.2,0.0,2020,17
Dante Pettis,WR,2.2,12.3,2020,17
Artavis Pierce,RB,2.1,-0.1,2020,17
Donovan Peoples-Jones,WR,2.1,2.1,2020,17
Durham Smythe,TE,2.1,5.3,2020,17
Laquon Treadwell,WR,2.1,3.5,2020,17
Isaiah McKenzie,WR,2.1,30.5,2020,17
Stephen Anderson,TE,1.9,8.2,2020,17
Pharaoh Brown,TE,1.7,15.8,2020,17
Adam Shaheen,TE,1.7,3.2,2020,17
Tyler Johnson,WR,1.7,2.6,2020,17
Darwin Thompson,RB,1.7,30.0,2020,17
Rashaad Penny,RB,1.6,1.9,2020,17
Deon Yelder,TE,1.6,2.6,2020,17
Austin Walter,RB,1.6,0.0,2020,17
Taysom Hill,TE,1.6,11.6,2020,17
Mack Hollins,WR,1.6,-0.7,2020,17
Van Jefferson,WR,1.6,9.0,2020,17
Levine Toilolo,TE,1.5,2.0,2020,17
Jeff Smith,WR,1.5,0.0,2020,17
Luke Stocker,TE,1.5,2.3,2020,17
Corey Clement,RB,1.4,1.8,2020,17
Quez Watkins,WR,1.4,1.6,2020,17
Bryan Edwards,WR,1.3,13.1,2020,17
Zay Jones,WR,1.3,4.7,2020,17
Trayveon Williams,RB,1.3,8.7,2020,17
Justice Hill,RB,1.3,2.1,2020,17
KhaDarel Hodge,WR,1.3,9.0,2020,17
Malcolm Perry,RB,1.3,9.5,2020,17
Hunter Bryant,TE,1.3,0.0,2020,17
C.J. Board,WR,1.3,0.0,2020,17
Christian Blake,WR,1.2,0.0,2020,17
Vance McDonald,TE,1.2,8.3,2020,17
Cedrick Wilson Jr.,WR,1.2,2.6,2020,17
Johnny Mundt,TE,1.2,0.0,2020,17
Jamal Agnew,WR,1.1,0.0,2020,17
Troy Fumagalli,TE,1.1,9.5,2020,17
Dontrell Hilliard,RB,1.0,0.0,2020,17
Pharoh Cooper,WR,1.0,1.9,2020,17
Mike Thomas,WR,1.0,0.0,2020,17
Steven Mitchell,WR,0.9,3.0,2020,17
D'Ernest Johnson,RB,0.9,0.0,2020,17
Ray-Ray McCloud,WR,0.8,1.7,2020,17
Jason Huntley,RB,0.7,1.5,2020,17
Cethan Carter,TE,0.7,3.1,2020,17
River Cracraft,WR,0.7,3.7,2020,17
Rico Dowdle,RB,0.7,0.0,2020,17
John Hightower,WR,0.7,0.1,2020,17
Kalif Raymond,WR,0.6,0.0,2020,17
Trenton Cannon,RB,0.6,0.0,2020,17
Gunner Olszewski,WR,0.6,3.4,2020,17
Javon Wims,WR,0.6,0.0,2020,17
Jeremy Sprinkle,TE,0.6,0.0,2020,17
Nick Westbrook-Ikhine,WR,0.6,0.0,2020,17
Charlie Woerner,TE,0.5,1.3,2020,17
K.J. Hill,WR,0.5,0.0,2020,17
Tavon Austin,WR,0.5,1.7,2020,17
Malik Taylor,WR,0.5,0.0,2020,17
Demetrius Harris,TE,0.5,0.0,2020,17
J.J. Arcega-Whiteside,WR,0.4,6.0,2020,17
Tyrie Cleveland,WR,0.4,8.5,2020,17
Alex Armah,RB,0.4,0.0,2020,17
Diontae Spencer,WR,0.3,2.0,2020,17
Daniel Brown,TE,0.3,2.8,2020,17
Stephen Carlson,TE,0.3,0.0,2020,17
Dalton Keene,TE,0.3,1.6,2020,17
Vyncint Smith,WR,0.3,0.0,2020,17
Derek Carrier,TE,0.3,0.0,2020,17
Donte Moncrief,WR,0.3,0.0,2020,17
Jaydon Mickens,WR,0.3,0.0,2020,17
Ashton Dulin,WR,0.3,0.0,2020,17
Austin Carr,WR,0.2,8.1,2020,17
Ty Montgomery,WR,0.2,11.7,2020,17
Eric Saubert,TE,0.2,1.9,2020,17
Tommylee Lewis,WR,0.1,-0.2,2020,17
Terry Godwin,WR,0.1,6.5,2020,17
Trent Sherfield,WR,0.1,8.4,2020,17
D.J. Foster,RB,0.1,0.0,2020,17
Mike Glennon,QB,0.0,16.64,2020,17
DeAndre Carter,WR,0.0,0.0,2020,17
Joe Reed,WR,0.0,0.0,2020,17
Chris Moore,WR,0.0,0.0,2020,17
Chris Rowland,WR,0.0,0.0,2020,17
Dan Chisena,WR,0.0,0.0,2020,17
Tyler Huntley,QB,0.0,0.82,2020,17
Jonathan Ward,RB,0.0,8.1,2020,17
Raymond Calais,RB,0.0,0.0,2020,17
Mason Rudolph,QB,0.0,18.7,2020,17
Lamar Jackson,QB,0.0,24.22,2020,17
Matt Barkley,QB,0.0,8.26,2020,17
Brandon Allen,QB,0.0,-1.88,2020,17
Daniel Jones,QB,0.0,14.86,2020,17
Matthew Slater,WR,0.0,0.0,2020,17
Nsimba Webster,WR,0.0,0.0,2020,17
Derek Carr,QB,0.0,20.94,2020,17
Jacoby Brissett,QB,0.0,0.3,2020,17
Jameis Winston,QB,0.0,-0.1,2020,17
C.J. Beathard,QB,0.0,13.92,2020,17
Chad Henne,QB,0.0,16.72,2020,17
PJ Walker,QB,0.0,-4.4,2020,17
Nathan Cottrell,RB,0.0,0.0,2020,17
Alex Smith,QB,0.0,10.48,2020,17
Josh Allen,QB,29.1,36.5,2021,5
Tom Brady,QB,27.4,37.74,2021,5
Kirk Cousins,QB,26.8,13.4,2021,5
Justin Jefferson,WR,25.6,19.4,2021,5
Matthew Stafford,QB,24.9,16.5,2021,5
Patrick Mahomes,QB,23.4,18.98,2021,5
Russell Wilson,QB,23.4,9.08,2021,5
Kyler Murray,QB,22.6,13.66,2021,5
Adam Thielen,WR,22.2,6.0,2021,5
Dak Prescott,QB,22.2,20.68,2021,5
Derrick Henry,RB,21.7,31.0,2021,5
Taylor Heinicke,QB,21.0,9.92,2021,5
Alvin Kamara,RB,20.6,29.2,2021,5
Cooper Kupp,WR,20.4,16.2,2021,5
Aaron Jones,RB,20.3,14.9,2021,5
Aaron Rodgers,QB,20.0,19.76,2021,5
Lamar Jackson,QB,19.9,41.88,2021,5
Tyreek Hill,WR,19.2,14.8,2021,5
Justin Herbert,QB,18.7,42.82,2021,5
Antonio Gibson,RB,18.5,21.2,2021,5
Stefon Diggs,WR,18.4,8.9,2021,5
Jared Goff,QB,18.3,6.12,2021,5
Darrell Henderson,RB,17.9,16.9,2021,5
Sam Darnold,QB,17.8,6.08,2021,5
Jalen Hurts,QB,17.7,22.92,2021,5
Austin Ekeler,RB,17.7,32.9,2021,5
Teddy Bridgewater,QB,17.6,18.62,2021,5
Ryan Tannehill,QB,17.5,13.98,2021,5
Mike Evans,WR,17.4,29.3,2021,5
Jameis Winston,QB,17.3,25.76,2021,5
Ezekiel Elliott,RB,17.3,25.2,2021,5
Derek Carr,QB,17.2,7.24,2021,5
Daniel Jones,QB,17.1,4.82,2021,5
DK Metcalf,WR,17.0,26.8,2021,5
Chris Godwin Jr.,WR,16.9,14.0,2021,5
Tyler Lockett,WR,16.9,10.7,2021,5
Travis Kelce,TE,16.9,17.7,2021,5
Matt Ryan,QB,16.1,21.58,2021,5
D'Andre Swift,RB,15.9,22.4,2021,5
Odell Beckham Jr.,WR,15.8,4.0,2021,5
Emmanuel Sanders,WR,15.7,20.4,2021,5
Terry McLaurin,WR,15.6,8.6,2021,5
Davante Adams,WR,15.3,37.6,2021,5
James Robinson,RB,15.1,21.7,2021,5
Zach Wilson,QB,15.1,7.98,2021,5
DJ Moore,WR,15.0,8.8,2021,5
Carson Wentz,QB,15.0,22.58,2021,5
Leonard Fournette,RB,14.8,21.0,2021,5
Jacoby Brissett,QB,14.5,15.0,2021,5
Joe Burrow,QB,14.4,18.34,2021,5
Justin Fields,QB,14.3,8.84,2021,5
Jonathan Taylor,RB,14.3,31.9,2021,5
Clyde Edwards-Helaire,RB,13.9,3.4,2021,5
Joe Mixon,RB,13.9,10.5,2021,5
Corey Davis,WR,13.8,8.5,2021,5
Mac Jones,QB,13.8,11.54,2021,5
Dawson Knox,TE,13.8,20.7,2021,5
Antonio Brown,WR,13.7,31.4,2021,5
T.J. Hockenson,TE,13.7,4.2,2021,5
Darren Waller,TE,13.6,8.5,2021,5
Cole Beasley,WR,13.6,1.5,2021,5
Chase Edmonds,RB,13.5,4.4,2021,5
Trevor Lawrence,QB,13.3,21.72,2021,5
Nick Chubb,RB,13.2,24.0,2021,5
Baker Mayfield,QB,12.9,23.0,2021,5
Amari Cooper,WR,12.9,15.0,2021,5
Keenan Allen,WR,12.7,13.5,2021,5
Deebo Samuel Sr.,WR,12.6,16.1,2021,5
DeAndre Hopkins,WR,12.3,20.7,2021,5
Marquise Brown,WR,12.3,33.5,2021,5
Saquon Barkley,RB,12.2,0.9,2021,5
Melvin Gordon,RB,12.2,6.3,2021,5
Brandin Cooks,WR,12.0,5.3,2021,5
Najee Harris,RB,12.0,22.2,2021,5
Zack Moss,RB,11.8,12.2,2021,5
CeeDee Lamb,WR,11.7,18.8,2021,5
Jamison Crowder,WR,11.7,8.4,2021,5
Mike Williams,WR,11.5,36.5,2021,5
Mark Andrews,TE,11.5,41.7,2021,5
Robert Woods,WR,11.5,27.0,2021,5
Courtland Sutton,WR,11.4,25.0,2021,5
J.D. McKissic,RB,11.3,1.7,2021,5
Josh Jacobs,RB,11.3,16.7,2021,5
A.J. Brown,WR,11.3,6.8,2021,5
Devin Singletary,RB,11.1,3.3,2021,5
Kareem Hunt,RB,11.1,25.9,2021,5
Diontae Johnson,WR,10.9,15.2,2021,5
Tyler Conklin,TE,10.8,4.5,2021,5
DeVonta Smith,WR,10.8,14.7,2021,5
Quintez Cephus,WR,10.7,6.8,2021,5
Ben Roethlisberger,QB,10.5,16.02,2021,5
Alexander Mattison,RB,10.4,26.3,2021,5
Nyheim Hines,RB,10.3,1.8,2021,5
Elijah Mitchell,RB,10.3,8.2,2021,5
Laviska Shenault Jr.,WR,10.1,6.8,2021,5
Hunter Renfrow,WR,10.0,11.6,2021,5
Henry Ruggs III,WR,10.0,8.1,2021,5
Dalton Schultz,TE,9.9,13.9,2021,5
Jared Cook,TE,9.8,3.9,2021,5
Tim Patrick,WR,9.6,15.9,2021,5
Jamaal Williams,RB,9.6,8.5,2021,5
Kenny Golladay,WR,9.5,0.0,2021,5
Michael Pittman,WR,9.5,20.9,2021,5
Tyler Higbee,TE,9.3,9.4,2021,5
Kalif Raymond,WR,9.2,0.0,2021,5
Jakobi Meyers,WR,9.2,9.6,2021,5
Miles Sanders,RB,9.1,10.1,2021,5
Tony Pollard,RB,9.1,14.3,2021,5
Marvin Jones,WR,9.1,3.5,2021,5
Javonte Williams,RB,9.1,11.6,2021,5
Elijah Moore,WR,9.1,0.0,2021,5
Allen Robinson,WR,9.1,7.2,2021,5
Ja'Marr Chase,WR,9.1,27.9,2021,5
James Conner,RB,9.0,10.7,2021,5
Sammy Watkins,WR,9.0,5.5,2021,5
Ty'Son Williams,RB,8.9,4.1,2021,5
Van Jefferson,WR,8.9,2.6,2021,5
Amon-Ra St. Brown,WR,8.8,13.5,2021,5
Tee Higgins,WR,8.8,10.2,2021,5
Mike Davis,RB,8.7,12.1,2021,5
Darnell Mooney,WR,8.7,6.5,2021,5
A.J. Green,WR,8.6,2.3,2021,5
Christian Kirk,WR,8.6,10.0,2021,5
Jaylen Waddle,WR,8.6,5.3,2021,5
Chase Claypool,WR,8.5,24.0,2021,5
Damien Harris,RB,8.5,9.8,2021,5
Zach Pascal,WR,8.4,7.8,2021,5
Noah Fant,TE,8.3,5.0,2021,5
Tyler Boyd,WR,8.3,6.4,2021,5
Keelan Cole,WR,8.3,5.8,2021,5
Dallas Goedert,TE,8.3,4.8,2021,5
Davis Mills,QB,8.2,24.68,2021,5
Cordarrelle Patterson,RB,8.2,18.4,2021,5
Robbie Chosen,WR,8.1,5.0,2021,5
K.J. Osborn,WR,8.0,4.4,2021,5
Kyle Pitts,TE,8.0,26.9,2021,5
Mecole Hardman,WR,7.9,16.6,2021,5
Rashard Higgins,WR,7.9,11.9,2021,5
Alex Collins,RB,7.8,9.2,2021,5
Kenyan Drake,RB,7.7,1.1,2021,5
Nelson Agholor,WR,7.6,6.2,2021,5
Mike Gesicki,TE,7.6,8.3,2021,5
Cedrick Wilson Jr.,WR,7.5,5.98,2021,5
Sony Michel,RB,7.4,11.5,2021,5
Myles Gaskin,RB,7.4,31.9,2021,5
Latavius Murray,RB,7.4,5.0,2021,5
Giovani Bernard,RB,7.3,11.5,2021,5
Austin Hooper,TE,7.2,2.0,2021,5
Marquez Callaway,WR,7.2,24.5,2021,5
Deonte Harty,WR,7.1,14.2,2021,5
Quez Watkins,WR,7.1,7.8,2021,5
Ty Johnson,RB,7.0,11.4,2021,5
Will Dissly,TE,6.9,4.9,2021,5
Mark Ingram,RB,6.8,4.1,2021,5
Damien Williams,RB,6.8,16.4,2021,5
Rondale Moore,WR,6.7,14.7,2021,5
Cameron Brate,TE,6.7,2.2,2021,5
C.J. Uzomah,TE,6.7,3.6,2021,5
Kendrick Bourne,WR,6.6,6.8,2021,5
Freddie Swain,WR,6.5,1.9,2021,5
JuJu Smith-Schuster,WR,6.5,0.6,2021,5
Trey Sermon,RB,6.5,0.7,2021,5
DeSean Jackson,WR,6.5,7.8,2021,5
Adam Humphries,WR,6.5,10.3,2021,5
Hunter Henry,TE,6.4,19.5,2021,5
Chester Rogers,WR,6.4,4.5,2021,5
Olamide Zaccheaus,WR,6.4,4.0,2021,5
Josh Reynolds,WR,6.4,1.8,2021,5
David Njoku,TE,6.2,27.9,2021,5
Robert Tonyan,TE,6.2,1.8,2021,5
Maxx Williams,TE,6.0,2.4,2021,5
Jalen Reagor,WR,6.0,5.4,2021,5
Darrel Williams,RB,6.0,7.5,2021,5
Marlon Mack,RB,6.0,6.4,2021,5
Demarcus Robinson,WR,5.9,1.8,2021,5
David Johnson,RB,5.9,10.1,2021,5
Ronald Jones,RB,5.8,4.6,2021,5
Anthony Firkser,TE,5.8,6.3,2021,5
Brandon Bolden,RB,5.7,7.1,2021,5
Zach Ertz,TE,5.7,1.7,2021,5
Bryan Edwards,WR,5.6,4.2,2021,5
Terrace Marshall Jr.,WR,5.5,3.4,2021,5
Mo Alie-Cox,TE,5.4,8.0,2021,5
Foster Moreau,TE,5.4,0.0,2021,5
Parris Campbell,WR,5.3,9.6,2021,5
Carlos Hyde,RB,5.0,1.3,2021,5
Randall Cobb,WR,5.0,5.0,2021,5
Hayden Hurst,TE,4.9,12.0,2021,5
Allen Lazard,WR,4.9,2.6,2021,5
AJ Dillon,RB,4.8,17.9,2021,5
Blake Jarwin,TE,4.8,0.0,2021,5
Jonnu Smith,TE,4.7,5.2,2021,5
Gabe Davis,WR,4.7,2.6,2021,5
Donovan Peoples-Jones,WR,4.6,12.0,2021,5
Brandon Aiyuk,WR,4.6,5.2,2021,5
Donald Parham,TE,4.6,12.9,2021,5
John Ross,WR,4.6,2.3,2021,5
Kenny Gainwell,RB,4.6,3.4,2021,5
Jack Doyle,TE,4.4,1.4,2021,5
Lee Smith,TE,4.3,6.0,2021,5
Braxton Berrios,WR,4.3,1.6,2021,5
Chuba Hubbard,RB,4.3,18.4,2021,5
Wayne Gallman,RB,4.1,0.2,2021,5
MyCole Pruitt,TE,4.1,8.4,2021,5
Evan Engram,TE,4.1,9.5,2021,5
Jeremy McNichols,RB,4.0,5.5,2021,5
Chris Conley,WR,4.0,15.4,2021,5
Devin Duvernay,WR,3.9,8.5,2021,5
Brandon Zylstra,WR,3.8,0.0,2021,5
Tevin Coleman,RB,3.8,1.1,2021,5
Anthony Schwartz,WR,3.8,0.0,2021,5
Travis Homer,RB,3.7,2.8,2021,5
Byron Pringle,WR,3.7,9.1,2021,5
Kenny Stills,WR,3.7,3.8,2021,5
Greg Ward,WR,3.6,0.0,2021,5
Cole Kmet,TE,3.6,4.2,2021,5
Harrison Bryant,TE,3.5,0.0,2021,5
Adam Trautman,TE,3.4,6.3,2021,5
Salvon Ahmed,RB,3.3,4.1,2021,5
Devontae Booker,RB,3.2,20.8,2021,5
Marquise Goodwin,WR,3.2,1.8,2021,5
Mohamed Sanu,WR,3.2,3.9,2021,5
Juwan Johnson,TE,3.1,0.0,2021,5
Kylen Granson,TE,3.1,3.9,2021,5
Ricky Seals-Jones,TE,3.1,9.1,2021,5
Kyle Rudolph,TE,3.1,2.4,2021,5
James Proche,WR,3.0,3.5,2021,5
Pat Freiermuth,TE,3.0,2.7,2021,5
Jordan Akins,TE,3.0,3.7,2021,5
Jalen Guyton,WR,3.0,5.5,2021,5
Larry Rountree III,RB,2.9,0.0,2021,5
Auden Tate,WR,2.8,0.0,2021,5
Phillip Lindsay,RB,2.8,1.9,2021,5
Kadarius Toney,WR,2.8,29.6,2021,5
Pharaoh Brown,TE,2.8,4.2,2021,5
Chris Herndon,TE,2.8,0.0,2021,5
Samaje Perine,RB,2.7,18.3,2021,5
Geoff Swaim,TE,2.6,0.0,2021,5
Josh Palmer,WR,2.6,3.2,2021,5
Ian Thomas,TE,2.6,8.0,2021,5
Jacob Hollister,TE,2.6,7.1,2021,5
Stephen Anderson,TE,2.5,0.0,2021,5
Tommy Sweeney,TE,2.5,1.1,2021,5
Chris Evans,RB,2.2,3.5,2021,5
Tyler Johnson,WR,2.1,7.2,2021,5
Jerick McKinnon,RB,2.1,3.5,2021,5
Dede Westbrook,WR,2.1,4.8,2021,5
Ameer Abdullah,RB,2.0,0.2,2021,5
Eric Ebron,TE,2.0,3.0,2021,5
Tajae Sharpe,WR,2.0,9.3,2021,5
Marcedes Lewis,TE,2.0,5.4,2021,5
Demetric Felton,RB,2.0,0.0,2021,5
Garrett Griffin,TE,1.9,0.0,2021,5
Durham Smythe,TE,1.8,4.3,2021,5
Tommy Tremble,TE,1.8,9.2,2021,5
Adam Shaheen,TE,1.8,3.5,2021,5
Blake Bell,TE,1.8,1.4,2021,5
Royce Freeman,RB,1.8,1.8,2021,5
Zay Jones,WR,1.8,1.6,2021,5
Dan Arnold,TE,1.7,10.4,2021,5
Tavon Austin,WR,1.7,10.4,2021,5
Trinity Benson,WR,1.7,0.0,2021,5
N'Keal Harry,TE,1.7,1.9,2021,5
Ty Montgomery,WR,1.6,0.0,2021,5
Rhamondre Stevenson,RB,1.6,2.3,2021,5
Devonta Freeman,RB,1.6,6.5,2021,5
Chris Hogan,WR,1.5,0.0,2021,5
Kaden Smith,TE,1.5,0.0,2021,5
Taysom Hill,TE,1.4,2.1,2021,5
Drew Sample,TE,1.3,2.9,2021,5
Jaret Patterson,RB,1.3,1.3,2021,5
Ross Dwelley,TE,1.2,4.5,2021,5
Kylin Hill,RB,1.2,1.5,2021,5
Zach Gentry,TE,1.2,2.3,2021,5
Denzel Mims,WR,1.1,5.3,2021,5
Josh Oliver,TE,1.1,3.3,2021,5
Cameron Batson,WR,1.0,1.5,2021,5
O.J. Howard,TE,0.9,3.9,2021,5
Khalil Herbert,RB,0.9,7.5,2021,5
KhaDarel Hodge,WR,0.9,9.4,2021,5
Noah Brown,WR,0.8,6.6,2021,5
Malik Taylor,WR,0.8,0.0,2021,5
Isaiah McKenzie,WR,0.8,0.0,2021,5
Jonathan Ward,RB,0.8,0.0,2021,5
Kendall Hinton,WR,0.7,10.5,2021,5
Willie Snead,WR,0.7,1.3,2021,5
Ashton Dulin,WR,0.7,3.3,2021,5
DeAndre Carter,WR,0.6,11.3,2021,5
DeeJay Dallas,RB,0.6,5.9,2021,5
Penny Hart,WR,0.6,3.9,2021,5
Ben Ellefson,TE,0.6,0.0,2021,5
Benny Snell,RB,0.5,2.0,2021,5
Cody White,WR,0.5,0.0,2021,5
Andre Roberts,WR,0.5,0.0,2021,5
Gunner Olszewski,WR,0.5,0.0,2021,5
Preston Williams,WR,0.5,9.7,2021,5
K.J. Hill,WR,0.5,0.0,2021,5
Trevon Wesco,TE,0.4,0.0,2021,5
Jamal Agnew,WR,0.4,10.9,2021,5
Alex Erickson,WR,0.4,0.0,2021,5
Jakeem Grant,WR,0.4,0.0,2021,5
Luke Farrell,TE,0.4,2.3,2021,5
Ben Skowronek,WR,0.3,0.0,2021,5
Christian Blake,WR,0.3,3.2,2021,5
Ray-Ray McCloud,WR,0.2,1.1,2021,5
Amari Rodgers,WR,0.2,0.0,2021,5
Trenton Cannon,RB,0.2,0.0,2021,5
Marcus Kemp,WR,0.2,0.0,2021,5
C.J. Board,WR,0.2,2.7,2021,5
Dare Ogunbowale,RB,0.2,2.9,2021,5
Diontae Spencer,WR,0.1,0.0,2021,5
Equanimeous St. Brown,WR,0.1,0.0,2021,5
Collin Johnson,WR,0.1,0.0,2021,5
Tylan Wallace,WR,0.1,0.0,2021,5
Stanley Morgan,WR,0.0,0.0,2021,5
Tutu Atwell,WR,0.0,0.0,2021,5
Godwin Igwebuike,RB,0.0,0.0,2021,5
Matthew Slater,WR,0.0,0.0,2021,5
Andy Dalton,QB,0.0,0.32,2021,5
Jaydon Mickens,WR,0.0,0.0,2021,5
Chris Moore,WR,0.0,21.9,2021,5
Mack Hollins,WR,0.0,2.0,2021,5
Trey Lance,QB,0.0,14.58,2021,5
Patrick Mahomes,QB,30.7,22.98,2021,6
Josh Allen,QB,26.2,28.72,2021,6
Austin Ekeler,RB,24.6,9.5,2021,6
Tyreek Hill,WR,23.9,22.6,2021,6
Justin Herbert,QB,23.2,11.0,2021,6
Joe Burrow,QB,23.2,22.84,2021,6
Lamar Jackson,QB,22.3,11.78,2021,6
Tom Brady,QB,22.2,17.98,2021,6
Antonio Gibson,RB,21.5,4.4,2021,6
Taylor Heinicke,QB,21.5,9.28,2021,6
James Robinson,RB,21.3,19.1,2021,6
Joe Mixon,RB,21.0,26.3,2021,6
Matthew Stafford,QB,20.8,25.24,2021,6
Teddy Bridgewater,QB,20.5,18.26,2021,6
Jalen Hurts,QB,19.8,25.0,2021,6
Travis Kelce,TE,19.6,17.9,2021,6
Derrick Henry,RB,19.4,35.6,2021,6
Kyler Murray,QB,19.4,25.76,2021,6
Daniel Jones,QB,19.2,4.08,2021,6
Dak Prescott,QB,19.0,26.8,2021,6
Jonathan Taylor,RB,18.6,28.8,2021,6
Aaron Rodgers,QB,18.6,23.7,2021,6
Carson Wentz,QB,18.1,17.02,2021,6
DJ Moore,WR,17.8,10.9,2021,6
Davante Adams,WR,17.5,12.9,2021,6
Cooper Kupp,WR,17.5,34.0,2021,6
Aaron Jones,RB,17.5,21.0,2021,6
Trevor Lawrence,QB,17.5,15.86,2021,6
Sam Darnold,QB,17.3,15.08,2021,6
Darrell Henderson,RB,17.1,24.7,2021,6
Ja'Marr Chase,WR,17.0,13.7,2021,6
Ben Roethlisberger,QB,16.9,10.86,2021,6
Ezekiel Elliott,RB,16.8,18.9,2021,6
Justin Jefferson,WR,16.5,14.0,2021,6
DK Metcalf,WR,16.3,11.8,2021,6
Mike Williams,WR,16.1,4.7,2021,6
Diontae Johnson,WR,15.8,18.6,2021,6
Stefon Diggs,WR,15.8,23.9,2021,6
Jacoby Brissett,QB,15.8,1.0,2021,6
Najee Harris,RB,15.7,24.7,2021,6
Emmanuel Sanders,WR,15.3,14.1,2021,6
DeVonta Smith,WR,15.1,5.1,2021,6
Ryan Tannehill,QB,15.0,12.94,2021,6
Jared Goff,QB,14.9,8.18,2021,6
Kirk Cousins,QB,14.9,28.52,2021,6
Keenan Allen,WR,14.4,10.0,2021,6
Chase Claypool,WR,14.2,3.7,2021,6
Mac Jones,QB,14.0,14.76,2021,6
Melvin Gordon,RB,14.0,10.3,2021,6
Sterling Shepard,WR,14.0,17.6,2021,6
Mark Andrews,TE,14.0,17.8,2021,6
Courtland Sutton,WR,13.9,23.4,2021,6
Tyler Lockett,WR,13.8,5.5,2021,6
D'Andre Swift,RB,13.7,17.7,2021,6
Dalvin Cook,RB,13.5,22.3,2021,6
Mike Evans,WR,13.5,4.7,2021,6
Brandin Cooks,WR,13.1,17.9,2021,6
Robert Woods,WR,13.0,11.1,2021,6
Adam Thielen,WR,13.0,29.8,2021,6
Derek Carr,QB,13.0,21.54,2021,6
Marquise Brown,WR,13.0,7.5,2021,6
Tee Higgins,WR,12.9,7.4,2021,6
Dawson Knox,TE,12.8,7.5,2021,6
Tyler Boyd,WR,12.7,1.7,2021,6
Terry McLaurin,WR,12.7,6.8,2021,6
Odell Beckham Jr.,WR,12.7,12.9,2021,6
Davis Mills,QB,12.7,6.22,2021,6
Baker Mayfield,QB,12.3,12.16,2021,6
Mecole Hardman,WR,12.1,8.8,2021,6
Antonio Brown,WR,11.9,24.3,2021,6
Michael Pittman,WR,11.9,5.8,2021,6
Laviska Shenault Jr.,WR,11.6,11.4,2021,6
J.D. McKissic,RB,11.6,19.0,2021,6
Zack Moss,RB,11.4,5.9,2021,6
Kareem Hunt,RB,11.4,10.8,2021,6
Chris Godwin Jr.,WR,11.3,9.3,2021,6
Leonard Fournette,RB,11.3,30.7,2021,6
Josh Jacobs,RB,11.2,15.2,2021,6
Chase Edmonds,RB,11.2,8.0,2021,6
T.J. Hockenson,TE,11.1,15.4,2021,6
Javonte Williams,RB,11.0,9.8,2021,6
Tim Patrick,WR,11.0,13.2,2021,6
DeAndre Hopkins,WR,10.9,20.5,2021,6
Amari Cooper,WR,10.8,10.5,2021,6
CeeDee Lamb,WR,10.7,36.1,2021,6
Quez Watkins,WR,10.2,9.4,2021,6
Jakobi Meyers,WR,10.0,11.4,2021,6
Marvin Jones,WR,9.8,23.0,2021,6
Cole Beasley,WR,9.8,21.8,2021,6
Nyheim Hines,RB,9.8,3.2,2021,6
Darren Waller,TE,9.8,10.9,2021,6
Tony Pollard,RB,9.7,9.3,2021,6
Jared Cook,TE,9.6,12.5,2021,6
Myles Gaskin,RB,9.5,3.4,2021,6
Noah Fant,TE,9.5,24.7,2021,6
Zach Pascal,WR,9.4,0.0,2021,6
Miles Sanders,RB,9.4,8.6,2021,6
C.J. Uzomah,TE,9.4,10.5,2021,6
Robbie Chosen,WR,9.3,10.1,2021,6
Justin Fields,QB,9.3,13.26,2021,6
Alex Collins,RB,9.3,16.8,2021,6
Kadarius Toney,WR,9.0,6.6,2021,6
Amon-Ra St. Brown,WR,8.8,9.6,2021,6
Hunter Renfrow,WR,8.8,6.6,2021,6
Julio Jones,WR,8.7,8.9,2021,6
Chuba Hubbard,RB,8.7,13.5,2021,6
Damien Harris,RB,8.7,17.8,2021,6
James Conner,RB,8.6,8.1,2021,6
Henry Ruggs III,WR,8.6,18.7,2021,6
Sony Michel,RB,8.6,4.2,2021,6
Dalton Schultz,TE,8.3,12.9,2021,6
Alexander Mattison,RB,8.3,1.0,2021,6
A.J. Brown,WR,8.2,16.1,2021,6
Darrel Williams,RB,8.1,23.9,2021,6
Devin Singletary,RB,8.1,9.3,2021,6
Jalen Reagor,WR,8.1,0.0,2021,6
David Njoku,TE,8.0,1.6,2021,6
David Johnson,RB,7.9,1.1,2021,6
Nelson Agholor,WR,7.8,3.8,2021,6
Jamaal Williams,RB,7.8,1.9,2021,6
Rashard Higgins,WR,7.8,0.0,2021,6
Tyler Higbee,TE,7.7,8.6,2021,6
Latavius Murray,RB,7.7,13.6,2021,6
Hunter Henry,TE,7.6,10.5,2021,6
Mike Gesicki,TE,7.4,19.5,2021,6
Joshua Kelley,RB,7.3,0.7,2021,6
Tyler Conklin,TE,7.2,10.1,2021,6
Devontae Booker,RB,7.1,10.9,2021,6
Kendrick Bourne,WR,6.9,14.5,2021,6
Demarcus Robinson,WR,6.9,13.6,2021,6
Jaylen Waddle,WR,6.9,29.0,2021,6
Kalif Raymond,WR,6.8,9.7,2021,6
Chris Conley,WR,6.8,2.0,2021,6
Christian Kirk,WR,6.8,18.5,2021,6
A.J. Green,WR,6.8,18.9,2021,6
Van Jefferson,WR,6.7,4.9,2021,6
Terrace Marshall Jr.,WR,6.6,1.9,2021,6
Marlon Mack,RB,6.6,1.2,2021,6
Evan Engram,TE,6.4,5.4,2021,6
Parris Campbell,WR,6.4,12.1,2021,6
Adam Humphries,WR,6.3,0.6,2021,6
Cedrick Wilson Jr.,WR,6.3,8.2,2021,6
Mo Alie-Cox,TE,6.3,9.8,2021,6
Robert Tonyan,TE,6.0,3.0,2021,6
Brandon Bolden,RB,6.0,1.2,2021,6
Allen Robinson,WR,6.0,9.3,2021,6
Gerald Everett,TE,6.0,6.0,2021,6
AJ Dillon,RB,6.0,5.9,2021,6
DeSean Jackson,WR,5.9,1.6,2021,6
Rondale Moore,WR,5.7,5.6,2021,6
Byron Pringle,WR,5.7,8.5,2021,6
Donovan Peoples-Jones,WR,5.7,26.1,2021,6
Darnell Mooney,WR,5.6,15.5,2021,6
Dan Arnold,TE,5.5,4.7,2021,6
Donald Parham,TE,5.4,3.0,2021,6
Kenyan Drake,RB,5.3,21.3,2021,6
Giovani Bernard,RB,5.3,2.4,2021,6
Dyami Brown,WR,5.2,6.0,2021,6
Marcus Johnson,WR,5.0,0.0,2021,6
Anthony Firkser,TE,4.8,2.1,2021,6
K.J. Osborn,WR,4.8,19.8,2021,6
Austin Hooper,TE,4.7,1.4,2021,6
Malcolm Brown,RB,4.6,4.1,2021,6
Freddie Swain,WR,4.6,1.6,2021,6
Bryan Edwards,WR,4.6,8.7,2021,6
Jonnu Smith,TE,4.5,1.9,2021,6
Jack Doyle,TE,4.5,0.0,2021,6
Will Dissly,TE,4.4,8.8,2021,6
Allen Lazard,WR,4.4,11.7,2021,6
Cameron Brate,TE,4.4,5.6,2021,6
Ricky Seals-Jones,TE,4.4,15.8,2021,6
Ian Thomas,TE,4.3,5.1,2021,6
Kenny Gainwell,RB,4.3,1.1,2021,6
Zach Ertz,TE,4.2,12.9,2021,6
Ronald Jones,RB,4.2,3.9,2021,6
Pat Freiermuth,TE,4.1,12.8,2021,6
Chris Moore,WR,4.1,5.4,2021,6
Jerick McKinnon,RB,4.1,2.5,2021,6
Gabe Davis,WR,4.0,4.5,2021,6
Brandon Zylstra,WR,3.9,6.2,2021,6
Devin Duvernay,WR,3.9,4.6,2021,6
Justin Jackson,RB,3.8,1.7,2021,6
Pharaoh Brown,TE,3.7,2.8,2021,6
Jalen Guyton,WR,3.7,2.5,2021,6
Dax Milne,WR,3.7,0.0,2021,6
Kyle Rudolph,TE,3.7,3.8,2021,6
Jordan Akins,TE,3.6,8.1,2021,6
Salvon Ahmed,RB,3.5,4.7,2021,6
Rhamondre Stevenson,RB,3.5,15.2,2021,6
Chris Evans,RB,3.5,15.7,2021,6
Auden Tate,WR,3.4,7.7,2021,6
Foster Moreau,TE,3.4,2.1,2021,6
Nico Collins,WR,3.3,8.4,2021,6
O.J. Howard,TE,3.3,16.9,2021,6
Tavon Austin,WR,3.3,0.0,2021,6
Le'Veon Bell,RB,3.3,7.8,2021,6
Travis Homer,RB,3.2,6.4,2021,6
James Washington,WR,3.2,1.9,2021,6
Blake Jarwin,TE,3.1,7.1,2021,6
Eric Ebron,TE,3.1,9.1,2021,6
Albert Wilson,WR,3.1,3.4,2021,6
Chester Rogers,WR,3.0,1.7,2021,6
Tommy Tremble,TE,3.0,2.0,2021,6
John Ross,WR,2.9,0.0,2021,6
Josh Palmer,WR,2.8,1.8,2021,6
Phillip Lindsay,RB,2.8,7.4,2021,6
Damiere Byrd,WR,2.7,0.0,2021,6
Nick Westbrook-Ikhine,WR,2.6,5.7,2021,6
Marcedes Lewis,TE,2.6,3.7,2021,6
Khalil Herbert,RB,2.5,19.2,2021,6
James Proche,WR,2.5,0.0,2021,6
Cole Kmet,TE,2.5,8.9,2021,6
Kalen Ballage,RB,2.4,1.5,2021,6
Stephen Anderson,TE,2.4,0.9,2021,6
Ameer Abdullah,RB,2.3,0.0,2021,6
Devonta Freeman,RB,2.3,11.3,2021,6
Anthony Schwartz,WR,2.3,2.8,2021,6
Royce Freeman,RB,2.2,0.3,2021,6
Durham Smythe,TE,2.0,10.9,2021,6
Marquise Goodwin,WR,2.0,2.2,2021,6
Rex Burkhead,RB,2.0,0.0,2021,6
Drew Sample,TE,2.0,0.0,2021,6
Kendall Hinton,WR,2.0,8.7,2021,6
Joseph Fortson,TE,2.0,3.7,2021,6
Dede Westbrook,WR,1.9,3.3,2021,6
Geoff Swaim,TE,1.9,1.8,2021,6
DeeJay Dallas,RB,1.8,10.0,2021,6
DeAndre Carter,WR,1.7,0.0,2021,6
Jamal Agnew,WR,1.7,12.8,2021,6
Tommy Sweeney,TE,1.7,7.1,2021,6
Trenton Irwin,WR,1.7,0.0,2021,6
Demetric Felton,RB,1.6,3.4,2021,6
Noah Brown,WR,1.5,6.7,2021,6
Jaret Patterson,RB,1.5,1.3,2021,6
Jalen Richard,RB,1.4,1.3,2021,6
Chris Herndon,TE,1.3,7.2,2021,6
Benny Snell,RB,1.3,0.0,2021,6
Jake Funk,RB,1.3,0.0,2021,6
Josh Oliver,TE,1.3,1.2,2021,6
Jacob Hollister,TE,1.2,0.0,2021,6
Chris Manhertz,TE,1.2,2.1,2021,6
Penny Hart,WR,1.1,2.2,2021,6
Ashton Dulin,WR,1.1,1.7,2021,6
Eric Saubert,TE,1.0,5.3,2021,6
Dare Ogunbowale,RB,1.0,0.0,2021,6
Willie Snead,WR,0.9,0.0,2021,6
KhaDarel Hodge,WR,0.8,5.8,2021,6
Luke Farrell,TE,0.7,3.1,2021,6
Jesper Horsted,TE,0.6,0.0,2021,6
Darrell Daniels,TE,0.6,0.0,2021,6
Isaiah McKenzie,WR,0.6,1.8,2021,6
Jonathan Ward,RB,0.6,1.4,2021,6
Kylin Hill,RB,0.6,0.0,2021,6
C.J. Board,WR,0.5,0.0,2021,6
Cameron Batson,WR,0.5,0.0,2021,6
Andre Roberts,WR,0.5,0.0,2021,6
Gary Brightwell,RB,0.5,0.0,2021,6
Alex Erickson,WR,0.5,2.7,2021,6
K.J. Hill,WR,0.5,0.0,2021,6
D'Ernest Johnson,RB,0.4,1.9,2021,6
Jeremy Sprinkle,TE,0.4,0.0,2021,6
Jake Kumerow,WR,0.4,0.0,2021,6
Gunner Olszewski,WR,0.3,0.0,2021,6
Mack Hollins,WR,0.3,10.1,2021,6
Ray-Ray McCloud,WR,0.3,3.8,2021,6
Reggie Gilliam,RB,0.3,0.0,2021,6
Josiah Deguara,TE,0.2,1.4,2021,6
Cethan Carter,TE,0.2,1.8,2021,6
Laquon Treadwell,WR,0.2,0.0,2021,6
Jakeem Grant,WR,0.2,0.0,2021,6
Tylan Wallace,WR,0.2,0.0,2021,6
Isaiah Ford,WR,0.2,0.0,2021,6
Amari Rodgers,WR,0.2,2.4,2021,6
Phillip Dorsett,WR,0.1,1.3,2021,6
Ben Skowronek,WR,0.1,0.0,2021,6
Diontae Spencer,WR,0.1,0.0,2021,6
John Bates,TE,0.1,1.7,2021,6
Tyrie Cleveland,WR,0.1,0.0,2021,6
Equanimeous St. Brown,WR,0.1,0.0,2021,6
Collin Johnson,WR,0.1,4.1,2021,6
Jaydon Mickens,WR,0.0,0.0,2021,6
Godwin Igwebuike,RB,0.0,0.0,2021,6
Tutu Atwell,WR,0.0,0.0,2021,6
Marcus Kemp,WR,0.0,0.0,2021,6
Stanley Morgan,WR,0.0,0.0,2021,6
Demetrius Harris,TE,0.0,0.0,2021,6
Cullen Gillaspia,RB,0.0,0.0,2021,6
Tua Tagovailoa,QB,0.0,21.36,2021,6
Tyler Davis,TE,0.0,0.0,2021,6
Matthew Stafford,QB,30.7,27.16,2021,7
Patrick Mahomes,QB,29.0,7.74,2021,7
Derrick Henry,RB,28.7,16.4,2021,7
Kyler Murray,QB,27.9,21.44,2021,7
Aaron Rodgers,QB,27.0,24.66,2021,7
Aaron Jones,RB,26.8,8.9,2021,7
Lamar Jackson,QB,24.6,23.08,2021,7
Jalen Hurts,QB,24.5,23.54,2021,7
Tyreek Hill,WR,23.7,12.7,2021,7
Tom Brady,QB,23.4,24.44,2021,7
Darrell Henderson,RB,23.2,9.4,2021,7
Cooper Kupp,WR,23.0,37.6,2021,7
Alvin Kamara,RB,21.9,33.9,2021,7
Matt Ryan,QB,21.9,17.44,2021,7
Davante Adams,WR,21.9,19.6,2021,7
Ryan Tannehill,QB,21.3,19.4,2021,7
Calvin Ridley,WR,19.6,12.6,2021,7
Travis Kelce,TE,18.7,13.5,2021,7
Jameis Winston,QB,18.3,16.88,2021,7
Joe Burrow,QB,18.1,26.64,2021,7
Joe Mixon,RB,17.0,11.9,2021,7
Jonathan Taylor,RB,16.9,18.0,2021,7
Chase Edmonds,RB,16.3,10.0,2021,7
Derek Carr,QB,16.2,19.02,2021,7
DeAndre Hopkins,WR,15.7,18.3,2021,7
Odell Beckham Jr.,WR,15.2,4.3,2021,7
Leonard Fournette,RB,15.1,17.0,2021,7
DeVonta Smith,WR,15.1,11.1,2021,7
Mark Andrews,TE,15.0,7.8,2021,7
Robert Woods,WR,14.8,15.0,2021,7
D'Andre Swift,RB,14.6,28.4,2021,7
Sam Darnold,QB,14.6,2.48,2021,7
Antonio Gibson,RB,14.5,7.6,2021,7
Carson Wentz,QB,14.2,20.3,2021,7
A.J. Brown,WR,14.1,27.3,2021,7
Ja'Marr Chase,WR,13.9,34.1,2021,7
Daniel Jones,QB,13.9,17.52,2021,7
DJ Moore,WR,13.7,13.3,2021,7
Taylor Heinicke,QB,13.6,20.22,2021,7
DK Metcalf,WR,13.6,17.6,2021,7
Marquise Brown,WR,13.2,19.0,2021,7
James Conner,RB,13.2,12.4,2021,7
Teddy Bridgewater,QB,13.1,13.78,2021,7
Geno Smith,QB,13.1,11.88,2021,7
Jared Goff,QB,13.0,11.02,2021,7
T.J. Hockenson,TE,12.8,10.8,2021,7
Mac Jones,QB,12.6,22.18,2021,7
Mike Evans,WR,12.6,31.6,2021,7
Julio Jones,WR,12.6,5.8,2021,7
Miles Sanders,RB,12.6,3.7,2021,7
Dallas Goedert,TE,12.5,12.0,2021,7
Mike Davis,RB,12.5,1.0,2021,7
Cordarrelle Patterson,RB,12.2,14.1,2021,7
Josh Jacobs,RB,12.2,15.8,2021,7
Chris Godwin Jr.,WR,11.8,25.1,2021,7
Mecole Hardman,WR,11.8,4.8,2021,7
Quez Watkins,WR,11.4,5.7,2021,7
Tyler Lockett,WR,11.1,3.2,2021,7
Christian Kirk,WR,11.0,15.0,2021,7
Kyle Pitts,TE,11.0,23.3,2021,7
A.J. Green,WR,10.9,9.6,2021,7
Darrel Williams,RB,10.8,8.0,2021,7
Henry Ruggs III,WR,10.6,7.1,2021,7
Alex Collins,RB,10.6,5.4,2021,7
Brandin Cooks,WR,10.6,7.1,2021,7
Tee Higgins,WR,10.2,13.2,2021,7
Sony Michel,RB,10.1,0.4,2021,7
Courtland Sutton,WR,10.0,11.8,2021,7
Marquez Callaway,WR,10.0,6.2,2021,7
Tyler Higbee,TE,9.9,9.6,2021,7
J.D. McKissic,RB,9.8,9.6,2021,7
Jaylen Waddle,WR,9.8,15.3,2021,7
Tyler Boyd,WR,9.6,7.9,2021,7
Myles Gaskin,RB,9.3,17.7,2021,7
Mike Gesicki,TE,9.3,21.5,2021,7
C.J. Uzomah,TE,9.3,24.1,2021,7
Hunter Renfrow,WR,9.2,12.8,2021,7
JaMycal Hasty,RB,9.0,4.6,2021,7
Terry McLaurin,WR,8.8,25.2,2021,7
Davis Mills,QB,8.7,3.4,2021,7
Michael Pittman,WR,8.5,20.5,2021,7
Demarcus Robinson,WR,8.5,1.7,2021,7
Jamison Crowder,WR,8.5,7.4,2021,7
Corey Davis,WR,8.4,14.7,2021,7
Justin Fields,QB,8.4,1.16,2021,7
Deebo Samuel Sr.,WR,8.2,21.0,2021,7
Damien Harris,RB,8.2,25.3,2021,7
AJ Dillon,RB,8.2,-0.2,2021,7
Hunter Henry,TE,8.2,10.3,2021,7
Elijah Mitchell,RB,8.2,16.7,2021,7
Melvin Gordon,RB,8.1,11.2,2021,7
Jakobi Meyers,WR,8.1,9.4,2021,7
Russell Gage,WR,8.1,16.7,2021,7
Zach Wilson,QB,8.1,2.04,2021,7
Chuba Hubbard,RB,8.0,9.6,2021,7
Olamide Zaccheaus,WR,7.9,2.3,2021,7
Zach Ertz,TE,7.8,16.0,2021,7
Jalen Reagor,WR,7.8,10.5,2021,7
Robbie Chosen,WR,7.8,4.4,2021,7
Ty'Son Williams,RB,7.7,5.4,2021,7
Van Jefferson,WR,7.7,14.3,2021,7
Tim Patrick,WR,7.6,3.6,2021,7
Nyheim Hines,RB,7.4,2.2,2021,7
Kalif Raymond,WR,7.3,17.6,2021,7
Mark Ingram,RB,7.3,5.7,2021,7
Rondale Moore,WR,7.3,3.7,2021,7
Robert Tonyan,TE,7.0,16.3,2021,7
Allen Lazard,WR,6.8,17.0,2021,7
Jamaal Williams,RB,6.8,5.7,2021,7
Randall Cobb,WR,6.7,5.2,2021,7
Noah Fant,TE,6.7,8.9,2021,7
Hayden Hurst,TE,6.6,6.5,2021,7
Byron Pringle,WR,6.6,12.3,2021,7
Javonte Williams,RB,6.5,17.2,2021,7
Anthony Firkser,TE,6.5,1.9,2021,7
Rashod Bateman,WR,6.5,11.0,2021,7
O.J. Howard,TE,6.3,1.9,2021,7
Allen Robinson,WR,6.3,3.6,2021,7
Kendrick Bourne,WR,6.3,15.8,2021,7
Jarvis Landry,WR,6.2,8.7,2021,7
Darnell Mooney,WR,6.2,5.9,2021,7
Zach Pascal,WR,6.2,4.4,2021,7
Nelson Agholor,WR,6.0,13.1,2021,7
David Njoku,TE,6.0,3.8,2021,7
Kenyan Drake,RB,6.0,16.9,2021,7
Rashard Higgins,WR,5.9,0.8,2021,7
Devontae Booker,RB,5.9,14.6,2021,7
MyCole Pruitt,TE,5.8,10.7,2021,7
Bryan Edwards,WR,5.6,13.3,2021,7
DeSean Jackson,WR,5.6,0.0,2021,7
David Johnson,RB,5.6,10.2,2021,7
Elijah Moore,WR,5.4,10.2,2021,7
Jeremy McNichols,RB,5.4,2.0,2021,7
Keelan Cole,WR,5.4,1.6,2021,7
Ty Johnson,RB,5.4,13.1,2021,7
Lee Smith,TE,5.3,1.7,2021,7
Cameron Brate,TE,5.3,0.0,2021,7
Giovani Bernard,RB,5.2,2.5,2021,7
Marcus Johnson,WR,5.1,0.5,2021,7
Gerald Everett,TE,5.1,5.3,2021,7
Marlon Mack,RB,5.1,0.4,2021,7
Kenny Stills,WR,4.9,0.0,2021,7
Evan Engram,TE,4.8,10.4,2021,7
Brandon Bolden,RB,4.8,19.9,2021,7
Preston Williams,WR,4.8,1.5,2021,7
Jonnu Smith,TE,4.7,7.7,2021,7
Kenny Gainwell,RB,4.6,14.1,2021,7
Khalil Herbert,RB,4.5,18.3,2021,7
Damien Williams,RB,4.5,1.8,2021,7
Le'Veon Bell,RB,4.5,1.4,2021,7
KhaDarel Hodge,WR,4.5,2.6,2021,7
Devin Duvernay,WR,4.3,1.9,2021,7
Tajae Sharpe,WR,4.3,3.8,2021,7
Devonta Freeman,RB,4.2,12.9,2021,7
Adam Trautman,TE,4.2,4.6,2021,7
Adam Humphries,WR,4.2,6.6,2021,7
Mo Alie-Cox,TE,4.2,11.5,2021,7
Malcolm Brown,RB,4.2,1.9,2021,7
Foster Moreau,TE,4.2,18.0,2021,7
Darius Slayton,WR,4.1,11.3,2021,7
Ricky Seals-Jones,TE,4.0,11.1,2021,7
Jerick McKinnon,RB,3.9,3.7,2021,7
Austin Hooper,TE,3.9,6.2,2021,7
Ronald Jones,RB,3.9,4.3,2021,7
Salvon Ahmed,RB,3.8,7.2,2021,7
Tyler Johnson,WR,3.8,3.6,2021,7
Freddie Swain,WR,3.8,8.7,2021,7
Ian Thomas,TE,3.7,0.0,2021,7
Marcedes Lewis,TE,3.5,6.1,2021,7
Lil'Jordan Humphrey,WR,3.4,0.0,2021,7
Brandon Aiyuk,WR,3.3,1.9,2021,7
Durham Smythe,TE,3.3,6.7,2021,7
DeeJay Dallas,RB,3.3,0.0,2021,7
Phillip Lindsay,RB,3.1,0.8,2021,7
Samaje Perine,RB,3.1,14.5,2021,7
Geoff Swaim,TE,3.0,1.8,2021,7
Cole Kmet,TE,3.0,9.3,2021,7
Jordan Akins,TE,2.8,3.3,2021,7
Travis Homer,RB,2.8,1.4,2021,7
Josh Reynolds,WR,2.6,5.3,2021,7
Kyle Rudolph,TE,2.5,2.8,2021,7
Braxton Berrios,WR,2.5,0.0,2021,7
Juwan Johnson,TE,2.5,1.8,2021,7
Jack Doyle,TE,2.4,0.0,2021,7
Pharaoh Brown,TE,2.4,4.1,2021,7
Tommy Tremble,TE,2.3,3.2,2021,7
Kendall Hinton,WR,2.2,3.5,2021,7
Mohamed Sanu,WR,2.2,2.6,2021,7
Nico Collins,WR,2.2,4.8,2021,7
Adam Shaheen,TE,2.1,6.3,2021,7
Harrison Bryant,TE,2.1,2.5,2021,7
Ty Montgomery,WR,2.1,0.4,2021,7
James Proche,WR,2.0,0.0,2021,7
N'Keal Harry,TE,2.0,3.8,2021,7
Anthony Schwartz,WR,2.0,4.0,2021,7
Ross Dwelley,TE,2.0,1.5,2021,7
Ameer Abdullah,RB,1.9,0.0,2021,7
Danny Amendola,WR,1.9,4.7,2021,7
Marquise Goodwin,WR,1.8,3.6,2021,7
Mack Hollins,WR,1.8,9.3,2021,7
Royce Freeman,RB,1.7,2.9,2021,7
John Ross,WR,1.6,4.7,2021,7
Damiere Byrd,WR,1.6,2.0,2021,7
Dax Milne,WR,1.6,3.6,2021,7
Zay Jones,WR,1.6,5.3,2021,7
Demetric Felton,RB,1.5,6.4,2021,7
Jalen Richard,RB,1.5,5.5,2021,7
Kylen Granson,TE,1.5,0.0,2021,7
Noah Gray,TE,1.5,1.4,2021,7
Rashaad Penny,RB,1.5,0.9,2021,7
Josh Oliver,TE,1.4,4.9,2021,7
Penny Hart,WR,1.2,0.0,2021,7
Denzel Mims,WR,1.2,1.6,2021,7
Darren Fells,TE,1.2,1.6,2021,7
Rex Burkhead,RB,1.2,0.0,2021,7
J.J. Taylor,RB,1.2,15.6,2021,7
Boston Scott,RB,1.1,9.9,2021,7
DeAndre Carter,WR,1.1,4.1,2021,7
Josh Gordon,WR,1.1,0.0,2021,7
Trent Sherfield,WR,1.0,1.9,2021,7
Jonathan Ward,RB,1.0,0.7,2021,7
Charlie Woerner,TE,0.9,5.0,2021,7
Eric Saubert,TE,0.9,1.3,2021,7
D'Ernest Johnson,RB,0.9,24.8,2021,7
Ashton Dulin,WR,0.8,2.0,2021,7
Shi Smith,WR,0.8,-0.3,2021,7
Jauan Jennings,WR,0.7,0.0,2021,7
Collin Johnson,WR,0.7,1.7,2021,7
Alex Erickson,WR,0.7,0.0,2021,7
Trenton Irwin,WR,0.6,0.0,2021,7
Amari Rodgers,WR,0.6,0.0,2021,7
Jesper Horsted,TE,0.5,0.0,2021,7
Josiah Deguara,TE,0.5,0.0,2021,7
Kylin Hill,RB,0.5,0.2,2021,7
Cethan Carter,TE,0.4,0.0,2021,7
Ben Skowronek,WR,0.4,0.0,2021,7
Trevon Wesco,TE,0.3,0.0,2021,7
J.J. Arcega-Whiteside,WR,0.3,0.0,2021,7
Gunner Olszewski,WR,0.2,3.2,2021,7
Jaelon Darden,WR,0.2,1.1,2021,7
Isaiah Ford,WR,0.2,8.0,2021,7
Alex Armah,RB,0.2,0.2,2021,7
Johnny Stanton,RB,0.1,7.6,2021,7
Jakeem Grant,WR,0.1,0.0,2021,7
Tylan Wallace,WR,0.1,0.0,2021,7
Diontae Spencer,WR,0.1,0.0,2021,7
Colin Thompson,TE,0.1,0.0,2021,7
Equanimeous St. Brown,WR,0.1,1.3,2021,7
Tua Tagovailoa,QB,0.0,26.54,2021,7
Tyrie Cleveland,WR,0.0,0.0,2021,7
Tyler Davis,TE,0.0,0.0,2021,7
Case Keenum,QB,0.0,12.66,2021,7
Trenton Cannon,RB,0.0,0.0,2021,7
Eno Benjamin,RB,0.0,0.7,2021,7
Demetrius Harris,TE,0.0,0.0,2021,7
Buddy Howell,RB,0.0,0.0,2021,7
Cullen Gillaspia,RB,0.0,0.0,2021,7
Godwin Igwebuike,RB,0.0,0.0,2021,7
Marcus Kemp,WR,0.0,1.8,2021,7
Jesse James,TE,0.0,5.0,2021,7
Jimmy Garoppolo,QB,0.0,5.24,2021,7
Blaine Gabbert,QB,0.0,0.6,2021,7
Josh Allen,QB,32.9,29.46,2021,8
Matthew Stafford,QB,27.1,24.2,2021,8
Jalen Hurts,QB,26.4,11.22,2021,8
Tom Brady,QB,26.2,25.2,2021,8
Kyler Murray,QB,25.2,9.06,2021,8
Kirk Cousins,QB,23.6,13.16,2021,8
Patrick Mahomes,QB,23.5,14.0,2021,8
Cooper Kupp,WR,23.4,24.5,2021,8
Dalvin Cook,RB,22.5,7.8,2021,8
Jonathan Taylor,RB,22.2,21.2,2021,8
Stefon Diggs,WR,22.1,15.0,2021,8
Justin Jefferson,WR,21.5,4.1,2021,8
Ezekiel Elliott,RB,21.1,11.3,2021,8
Carson Wentz,QB,21.0,18.34,2021,8
Adam Thielen,WR,20.2,19.8,2021,8
Darrell Henderson,RB,20.2,22.3,2021,8
Emmanuel Sanders,WR,20.1,0.0,2021,8
Teddy Bridgewater,QB,19.6,12.62,2021,8
Alvin Kamara,RB,18.9,16.6,2021,8
Justin Herbert,QB,18.9,13.82,2021,8
Austin Ekeler,RB,18.9,24.4,2021,8
Joe Burrow,QB,18.8,20.26,2021,8
Aaron Rodgers,QB,18.3,15.66,2021,8
Derrick Henry,RB,18.1,6.8,2021,8
CeeDee Lamb,WR,17.8,17.2,2021,8
Jameis Winston,QB,17.6,10.24,2021,8
Nick Chubb,RB,17.6,7.9,2021,8
Leonard Fournette,RB,17.5,7.3,2021,8
Daniel Jones,QB,17.5,16.08,2021,8
James Robinson,RB,16.9,4.9,2021,8
Tyreek Hill,WR,16.9,27.4,2021,8
Sam Darnold,QB,16.8,11.76,2021,8
DeVonta Smith,WR,16.2,2.5,2021,8
Cole Beasley,WR,16.1,21.0,2021,8
Matt Ryan,QB,16.0,6.14,2021,8
Travis Kelce,TE,15.7,4.7,2021,8
Mike Evans,WR,15.4,12.8,2021,8
D'Andre Swift,RB,15.3,8.1,2021,8
Ja'Marr Chase,WR,15.3,13.1,2021,8
Courtland Sutton,WR,15.1,6.0,2021,8
Aaron Jones,RB,15.0,24.0,2021,8
Ryan Tannehill,QB,15.0,21.2,2021,8
Mike Williams,WR,14.9,3.9,2021,8
Joe Mixon,RB,14.6,25.1,2021,8
Trevor Lawrence,QB,14.5,12.62,2021,8
Chase Edmonds,RB,14.5,15.9,2021,8
Chris Godwin Jr.,WR,14.4,28.0,2021,8
DeAndre Hopkins,WR,14.3,8.6,2021,8
Taylor Heinicke,QB,14.1,11.8,2021,8
Amari Cooper,WR,14.1,26.2,2021,8
Mac Jones,QB,13.5,11.68,2021,8
DJ Moore,WR,13.5,9.9,2021,8
Robert Woods,WR,13.5,20.7,2021,8
Jared Goff,QB,13.5,8.88,2021,8
Geno Smith,QB,13.3,22.6,2021,8
Jimmy Garoppolo,QB,13.2,27.28,2021,8
Sterling Shepard,WR,13.1,6.5,2021,8
Odell Beckham Jr.,WR,13.0,1.6,2021,8
A.J. Brown,WR,12.9,31.5,2021,8
Zack Moss,RB,12.9,11.8,2021,8
Dallas Goedert,TE,12.7,13.2,2021,8
Elijah Mitchell,RB,12.5,19.7,2021,8
Alexander Mattison,RB,12.4,2.0,2021,8
Michael Pittman,WR,12.3,30.6,2021,8
Keenan Allen,WR,12.2,19.7,2021,8
Brandin Cooks,WR,12.1,20.3,2021,8
Antonio Gibson,RB,12.1,8.4,2021,8
DK Metcalf,WR,12.0,22.3,2021,8
Deebo Samuel Sr.,WR,12.0,23.1,2021,8
Najee Harris,RB,11.9,21.0,2021,8
Ben Roethlisberger,QB,11.8,14.64,2021,8
Dalton Schultz,TE,11.7,3.1,2021,8
Noah Fant,TE,11.5,2.8,2021,8
Tua Tagovailoa,QB,11.5,15.2,2021,8
Quez Watkins,WR,11.2,3.8,2021,8
Tony Pollard,RB,11.2,3.7,2021,8
Jamison Crowder,WR,11.2,16.4,2021,8
Melvin Gordon,RB,11.1,19.2,2021,8
James Conner,RB,11.1,14.2,2021,8
T.J. Hockenson,TE,11.0,18.9,2021,8
Damien Harris,RB,10.9,14.0,2021,8
Rob Gronkowski,TE,10.8,0.0,2021,8
Tim Patrick,WR,10.6,9.4,2021,8
C.J. Uzomah,TE,10.5,7.3,2021,8
Kyle Pitts,TE,10.4,3.3,2021,8
Diontae Johnson,WR,10.3,15.8,2021,8
Davis Mills,QB,10.3,20.4,2021,8
A.J. Green,WR,10.3,10.0,2021,8
Christian Kirk,WR,10.3,8.6,2021,8
Tyler Higbee,TE,10.2,5.5,2021,8
JaMycal Hasty,RB,10.1,5.3,2021,8
Javonte Williams,RB,10.0,6.8,2021,8
Justin Fields,QB,10.0,25.3,2021,8
Jarvis Landry,WR,9.8,10.0,2021,8
Alex Collins,RB,9.7,4.4,2021,8
Terry McLaurin,WR,9.5,6.5,2021,8
Tee Higgins,WR,9.4,13.7,2021,8
Laviska Shenault Jr.,WR,9.3,4.1,2021,8
Devin Singletary,RB,9.2,3.9,2021,8
Cordarrelle Patterson,RB,9.2,18.2,2021,8
Khalil Herbert,RB,8.9,8.8,2021,8
T.Y. Hilton,WR,8.9,3.6,2021,8
Jalen Reagor,WR,8.9,3.1,2021,8
Devontae Booker,RB,8.8,17.5,2021,8
Tyler Lockett,WR,8.8,26.2,2021,8
Chuba Hubbard,RB,8.8,14.1,2021,8
Mecole Hardman,WR,8.8,11.3,2021,8
David Johnson,RB,8.7,1.3,2021,8
Marvin Jones,WR,8.6,8.5,2021,8
Cedrick Wilson Jr.,WR,8.5,18.8,2021,8
Darrel Williams,RB,8.5,17.0,2021,8
K.J. Osborn,WR,8.5,3.0,2021,8
Tyler Conklin,TE,8.4,10.7,2021,8
Chase Claypool,WR,8.4,10.1,2021,8
J.D. McKissic,RB,8.3,17.3,2021,8
Jared Cook,TE,8.3,4.5,2021,8
Marquez Callaway,WR,8.3,6.0,2021,8
David Njoku,TE,8.1,6.9,2021,8
Van Jefferson,WR,8.1,11.8,2021,8
Tyler Boyd,WR,8.0,19.74,2021,8
Hunter Henry,TE,7.9,4.3,2021,8
Kalif Raymond,WR,7.9,0.0,2021,8
Jakobi Meyers,WR,7.9,9.6,2021,8
Zach Pascal,WR,7.8,9.3,2021,8
Nyheim Hines,RB,7.7,6.4,2021,8
Rashard Higgins,WR,7.7,4.7,2021,8
Darnell Mooney,WR,7.6,12.4,2021,8
Mike Davis,RB,7.6,11.6,2021,8
Myles Gaskin,RB,7.6,8.5,2021,8
Jerry Jeudy,WR,7.6,7.9,2021,8
Amon-Ra St. Brown,WR,7.5,7.6,2021,8
Ty Johnson,RB,7.5,19.6,2021,8
Allen Robinson,WR,7.5,5.1,2021,8
Zach Ertz,TE,7.4,8.2,2021,8
Robbie Chosen,WR,7.4,0.0,2021,8
Mo Alie-Cox,TE,7.1,0.0,2021,8
Albert Okwuegbunam,TE,7.0,6.4,2021,8
Jaylen Waddle,WR,6.7,6.9,2021,8
Mike Gesicki,TE,6.6,9.8,2021,8
Chris Conley,WR,6.6,3.4,2021,8
Kendrick Bourne,WR,6.5,5.8,2021,8
Evan Engram,TE,6.5,10.5,2021,8
Elijah Moore,WR,6.4,13.1,2021,8
Sony Michel,RB,6.4,7.6,2021,8
Rondale Moore,WR,6.4,5.5,2021,8
Austin Hooper,TE,6.2,6.6,2021,8
Kadarius Toney,WR,6.2,7.36,2021,8
Nelson Agholor,WR,6.2,9.0,2021,8
DeVante Parker,WR,6.0,16.5,2021,8
Byron Pringle,WR,5.9,2.2,2021,8
Mark Ingram,RB,5.9,7.2,2021,8
Demarcus Robinson,WR,5.8,2.8,2021,8
Darius Slayton,WR,5.8,0.0,2021,8
Brandon Bolden,RB,5.8,2.6,2021,8
O.J. Howard,TE,5.7,3.6,2021,8
Kenny Gainwell,RB,5.7,2.7,2021,8
Samaje Perine,RB,5.7,3.6,2021,8
Olamide Zaccheaus,WR,5.6,2.2,2021,8
Keelan Cole,WR,5.6,5.5,2021,8
D'Ernest Johnson,RB,5.4,9.9,2021,8
Hayden Hurst,TE,5.4,2.4,2021,8
Giovani Bernard,RB,5.3,10.7,2021,8
Robert Tonyan,TE,5.2,7.9,2021,8
Deonte Harty,WR,5.1,8.7,2021,8
Rhamondre Stevenson,RB,5.1,4.1,2021,8
Damien Williams,RB,5.0,-0.3,2021,8
Dante Pettis,WR,5.0,0.0,2021,8
Gabe Davis,WR,5.0,12.9,2021,8
Gerald Everett,TE,5.0,1.2,2021,8
Will Dissly,TE,4.9,0.0,2021,8
Dan Arnold,TE,4.9,14.8,2021,8
Randall Cobb,WR,4.8,16.5,2021,8
Ronald Jones,RB,4.8,2.9,2021,8
Tre'Quan Smith,WR,4.7,12.3,2021,8
Greg Ward,WR,4.7,0.0,2021,8
AJ Dillon,RB,4.6,7.8,2021,8
Nico Collins,WR,4.5,9.5,2021,8
Carlos Hyde,RB,4.5,13.2,2021,8
Jonnu Smith,TE,4.5,3.3,2021,8
Tyler Johnson,WR,4.5,11.5,2021,8
Donald Parham,TE,4.4,0.0,2021,8
Blake Jarwin,TE,4.4,0.0,2021,8
Cameron Brate,TE,4.4,3.5,2021,8
Adam Trautman,TE,4.4,2.4,2021,8
Ricky Seals-Jones,TE,4.3,3.2,2021,8
Brandon Aiyuk,WR,4.3,10.5,2021,8
Chris Moore,WR,4.2,3.6,2021,8
MyCole Pruitt,TE,4.2,4.2,2021,8
Jordan Akins,TE,4.1,10.3,2021,8
Lee Smith,TE,4.0,0.0,2021,8
Adam Humphries,WR,4.0,5.5,2021,8
Freddie Swain,WR,3.9,0.0,2021,8
Anthony Firkser,TE,3.8,1.8,2021,8
Cole Kmet,TE,3.8,5.4,2021,8
KhaDarel Hodge,WR,3.7,0.0,2021,8
Anthony Schwartz,WR,3.7,0.0,2021,8
Tyler Kroft,TE,3.6,10.0,2021,8
Salvon Ahmed,RB,3.5,3.8,2021,8
Nick Westbrook-Ikhine,WR,3.4,9.6,2021,8
Pat Freiermuth,TE,3.4,14.4,2021,8
Kendall Hinton,WR,3.3,0.0,2021,8
Harrison Bryant,TE,3.1,5.3,2021,8
Mohamed Sanu,WR,3.1,8.9,2021,8
Jalen Guyton,WR,3.1,2.8,2021,8
Chester Rogers,WR,3.1,0.0,2021,8
Jack Doyle,TE,3.1,9.2,2021,8
Marquise Goodwin,WR,3.0,5.2,2021,8
Justin Jackson,RB,3.0,7.9,2021,8
Marcus Johnson,WR,3.0,1.8,2021,8
Chris Herndon,TE,3.0,1.7,2021,8
Kyle Rudolph,TE,3.0,9.2,2021,8
Ian Thomas,TE,2.9,2.0,2021,8
Tajae Sharpe,WR,2.9,10.8,2021,8
Royce Freeman,RB,2.9,2.5,2021,8
Tommy Sweeney,TE,2.9,6.0,2021,8
Tommy Tremble,TE,2.8,4.8,2021,8
Jeremy McNichols,RB,2.8,6.3,2021,8
Danny Amendola,WR,2.8,2.3,2021,8
Noah Brown,WR,2.8,1.7,2021,8
Demetric Felton,RB,2.8,2.7,2021,8
DeeJay Dallas,RB,2.7,0.6,2021,8
Braxton Berrios,WR,2.7,9.3,2021,8
Josh Palmer,WR,2.6,9.4,2021,8
Marcedes Lewis,TE,2.6,0.0,2021,8
Jamal Agnew,WR,2.4,15.8,2021,8
Juwan Johnson,TE,2.4,0.0,2021,8
Keith Kirkwood,WR,2.3,0.0,2021,8
Phillip Lindsay,RB,2.3,0.8,2021,8
Rashaad Penny,RB,2.3,0.7,2021,8
Travis Homer,RB,2.3,8.2,2021,8
N'Keal Harry,TE,2.2,5.0,2021,8
Tavon Austin,WR,2.1,1.5,2021,8
John Ross,WR,2.1,9.2,2021,8
James Washington,WR,2.1,1.4,2021,8
Geoff Swaim,TE,2.0,12.3,2021,8
Mack Hollins,WR,2.0,0.0,2021,8
Larry Rountree III,RB,2.0,1.1,2021,8
Adam Shaheen,TE,1.9,1.8,2021,8
Stephen Anderson,TE,1.7,0.0,2021,8
Charlie Woerner,TE,1.7,1.7,2021,8
Kylen Granson,TE,1.6,1.0,2021,8
Garrett Griffin,TE,1.6,6.0,2021,8
Kalen Ballage,RB,1.6,-0.3,2021,8
Avery Williams,RB,1.6,0.0,2021,8
Blake Bell,TE,1.6,0.0,2021,8
Denzel Mims,WR,1.5,5.0,2021,8
Derrick Gore,RB,1.4,10.8,2021,8
Giovanni Ricci,TE,1.3,0.0,2021,8
Jesse James,TE,1.3,12.8,2021,8
Zach Gentry,TE,1.3,6.9,2021,8
Ashton Dulin,WR,1.3,0.0,2021,8
Rex Burkhead,RB,1.3,13.8,2021,8
DeAndre Carter,WR,1.1,14.1,2021,8
Jeff Smith,WR,1.1,1.9,2021,8
Jonathan Ward,RB,1.0,0.0,2021,8
Ameer Abdullah,RB,1.0,9.6,2021,8
Isaiah McKenzie,WR,1.0,0.0,2021,8
Shi Smith,WR,1.0,0.8,2021,8
Boston Scott,RB,1.0,18.0,2021,8
Jack Stoll,TE,1.0,1.9,2021,8
Ryan Nall,RB,0.9,0.4,2021,8
Jaret Patterson,RB,0.9,4.6,2021,8
Collin Johnson,WR,0.9,3.0,2021,8
Ty Montgomery,WR,0.9,1.4,2021,8
Luke Farrell,TE,0.8,1.3,2021,8
Jakob Johnson,RB,0.8,1.2,2021,8
Benny Snell,RB,0.8,1.7,2021,8
Jauan Jennings,WR,0.7,0.0,2021,8
Dax Milne,WR,0.7,3.2,2021,8
Darrell Daniels,TE,0.7,0.0,2021,8
Josh Gordon,WR,0.7,0.0,2021,8
Ray-Ray McCloud,WR,0.6,1.0,2021,8
John Bates,TE,0.6,1.4,2021,8
Dare Ogunbowale,RB,0.6,2.8,2021,8
Isaiah Ford,WR,0.5,0.0,2021,8
Alex Erickson,WR,0.5,0.0,2021,8
Tom Kennedy,WR,0.5,0.0,2021,8
Kylin Hill,RB,0.5,0.0,2021,8
Cam Sims,WR,0.4,3.0,2021,8
Gunner Olszewski,WR,0.4,0.0,2021,8
Malik Taylor,WR,0.3,0.0,2021,8
J.P. Holtz,TE,0.3,0.0,2021,8
Amari Rodgers,WR,0.3,2.8,2021,8
Ben Skowronek,WR,0.3,6.0,2021,8
Andre Roberts,WR,0.3,0.0,2021,8
Marcus Kemp,WR,0.3,0.0,2021,8
Cethan Carter,TE,0.2,0.0,2021,8
Josiah Deguara,TE,0.2,4.0,2021,8
Equanimeous St. Brown,WR,0.2,3.2,2021,8
Jaelon Darden,WR,0.2,4.1,2021,8
Ihmir Smith-Marsette,WR,0.2,1.6,2021,8
Alex Armah,RB,0.2,7.1,2021,8
Jakeem Grant,WR,0.1,0.0,2021,8
Taiwan Jones,RB,0.1,0.0,2021,8
Tutu Atwell,WR,0.1,0.0,2021,8
Tyrie Cleveland,WR,0.0,0.0,2021,8
Kevin White,WR,0.0,4.8,2021,8
Matthew Slater,WR,0.0,0.0,2021,8
John Wolford,QB,0.0,0.2,2021,8
Jacob Harris,WR,0.0,0.0,2021,8
Trenton Cannon,RB,0.0,0.0,2021,8
Buddy Howell,RB,0.0,1.1,2021,8
Demetrius Harris,TE,0.0,0.0,2021,8
Godwin Igwebuike,RB,0.0,8.8,2021,8
Baker Mayfield,QB,0.0,9.5,2021,8
Lamar Jackson,QB,27.9,30.64,2021,9
Matthew Stafford,QB,27.9,13.06,2021,9
Cooper Kupp,WR,25.8,20.5,2021,9
Josh Allen,QB,25.3,9.56,2021,9
Patrick Mahomes,QB,24.5,10.44,2021,9
Aaron Jones,RB,21.6,5.3,2021,9
Jonathan Taylor,RB,21.3,34.0,2021,9
Kirk Cousins,QB,19.7,21.58,2021,9
Tyreek Hill,WR,19.6,7.3,2021,9
Alvin Kamara,RB,19.5,20.4,2021,9
Christian McCaffrey,RB,19.4,14.6,2021,9
Justin Herbert,QB,19.3,31.64,2021,9
Ryan Tannehill,QB,19.2,14.02,2021,9
Darrell Henderson,RB,19.2,8.8,2021,9
Dalvin Cook,RB,19.2,15.2,2021,9
Jalen Hurts,QB,19.1,16.68,2021,9
Austin Ekeler,RB,18.7,11.2,2021,9
Carson Wentz,QB,18.7,24.18,2021,9
Daniel Jones,QB,18.5,8.1,2021,9
Joe Burrow,QB,18.5,7.38,2021,9
Adam Thielen,WR,18.2,8.6,2021,9
A.J. Brown,WR,17.6,9.2,2021,9
Justin Jefferson,WR,17.1,17.0,2021,9
Derek Carr,QB,17.1,10.34,2021,9
Teddy Bridgewater,QB,16.5,21.86,2021,9
Matt Ryan,QB,16.2,28.52,2021,9
Ezekiel Elliott,RB,15.9,12.6,2021,9
Davante Adams,WR,15.9,10.2,2021,9
Travis Kelce,TE,15.6,17.8,2021,9
Nick Chubb,RB,15.3,30.3,2021,9
Brandin Cooks,WR,15.1,11.6,2021,9
Najee Harris,RB,15.1,16.8,2021,9
Marquise Brown,WR,14.7,20.6,2021,9
Joe Mixon,RB,14.6,28.0,2021,9
Robert Woods,WR,14.6,17.4,2021,9
Stefon Diggs,WR,14.4,14.5,2021,9
Ben Roethlisberger,QB,14.3,16.2,2021,9
Chase Edmonds,RB,13.9,0.3,2021,9
Jimmy Garoppolo,QB,13.7,19.34,2021,9
Ja'Marr Chase,WR,13.6,8.9,2021,9
Keenan Allen,WR,13.6,22.4,2021,9
Mark Andrews,TE,13.6,9.4,2021,9
Mike White,QB,13.4,7.8,2021,9
Mike Williams,WR,13.0,7.8,2021,9
Michael Pittman,WR,12.8,17.4,2021,9
Josh Jacobs,RB,12.7,13.5,2021,9
Diontae Johnson,WR,12.4,11.7,2021,9
CeeDee Lamb,WR,12.4,4.3,2021,9
Cole Beasley,WR,12.2,11.3,2021,9
Courtland Sutton,WR,12.0,3.9,2021,9
Myles Gaskin,RB,11.9,15.7,2021,9
Jarvis Landry,WR,11.9,4.1,2021,9
Elijah Mitchell,RB,11.7,12.9,2021,9
Darren Waller,TE,11.6,16.2,2021,9
Amari Cooper,WR,11.4,5.7,2021,9
Donovan Peoples-Jones,WR,11.4,16.6,2021,9
David Montgomery,RB,11.4,10.0,2021,9
Mac Jones,QB,11.2,5.96,2021,9
Emmanuel Sanders,WR,11.1,10.5,2021,9
Melvin Gordon,RB,11.1,17.5,2021,9
Kenny Golladay,WR,11.0,4.8,2021,9
Darrel Williams,RB,10.9,10.7,2021,9
Sam Darnold,QB,10.9,1.78,2021,9
Alexander Mattison,RB,10.8,1.3,2021,9
James Conner,RB,10.8,40.3,2021,9
Devontae Booker,RB,10.8,15.2,2021,9
Dallas Goedert,TE,10.7,7.3,2021,9
Deebo Samuel Sr.,WR,10.7,11.3,2021,9
Hunter Renfrow,WR,10.5,17.9,2021,9
Tyler Conklin,TE,10.4,9.5,2021,9
Trevor Lawrence,QB,10.3,5.12,2021,9
Justin Fields,QB,10.3,18.14,2021,9
Cordarrelle Patterson,RB,10.3,19.6,2021,9
Mike Gesicki,TE,10.1,9.4,2021,9
Julio Jones,WR,10.1,7.5,2021,9
Christian Kirk,WR,10.0,16.42,2021,9
A.J. Green,WR,9.9,0.0,2021,9
Mecole Hardman,WR,9.8,5.0,2021,9
Zack Moss,RB,9.6,4.4,2021,9
Jamison Crowder,WR,9.5,8.8,2021,9
DeVonta Smith,WR,9.4,22.6,2021,9
Damien Harris,RB,9.4,10.3,2021,9
Chase Claypool,WR,9.3,7.3,2021,9
DJ Moore,WR,9.3,7.6,2021,9
Van Jefferson,WR,9.3,7.1,2021,9
Tim Patrick,WR,9.3,18.5,2021,9
Jaylen Waddle,WR,9.2,16.3,2021,9
C.J. Uzomah,TE,9.2,6.4,2021,9
Jared Cook,TE,9.2,10.8,2021,9
Tee Higgins,WR,9.1,13.8,2021,9
JaMycal Hasty,RB,9.0,4.3,2021,9
Russell Gage,WR,8.9,13.4,2021,9
Tyler Higbee,TE,8.9,10.1,2021,9
David Njoku,TE,8.8,8.8,2021,9
Khalil Herbert,RB,8.7,1.3,2021,9
Mike Davis,RB,8.5,2.8,2021,9
Kyle Pitts,TE,8.5,9.2,2021,9
Tyler Boyd,WR,8.4,2.1,2021,9
Rashod Bateman,WR,8.3,10.2,2021,9
Chuba Hubbard,RB,8.2,4.6,2021,9
Kadarius Toney,WR,8.1,1.7,2021,9
Javonte Williams,RB,8.1,11.1,2021,9
Tony Pollard,RB,8.0,5.3,2021,9
Jordan Howard,RB,7.9,13.1,2021,9
Chris Conley,WR,7.6,5.8,2021,9
Kenyan Drake,RB,7.5,16.0,2021,9
Dalton Schultz,TE,7.3,9.4,2021,9
Jerry Jeudy,WR,7.2,12.9,2021,9
George Kittle,TE,7.2,20.1,2021,9
Austin Hooper,TE,7.1,3.4,2021,9
Quez Watkins,WR,7.1,2.9,2021,9
Nyheim Hines,RB,7.1,20.8,2021,9
Zach Pascal,WR,7.0,9.8,2021,9
Marquez Callaway,WR,7.0,11.5,2021,9
Jakobi Meyers,WR,7.0,1.8,2021,9
Ty Johnson,RB,7.0,12.1,2021,9
Sony Michel,RB,6.9,10.6,2021,9
Cedrick Wilson Jr.,WR,6.8,4.8,2021,9
Darnell Mooney,WR,6.7,20.6,2021,9
Devonta Freeman,RB,6.7,16.3,2021,9
K.J. Osborn,WR,6.7,3.0,2021,9
Mark Ingram,RB,6.6,11.4,2021,9
Olamide Zaccheaus,WR,6.6,20.8,2021,9
Zach Ertz,TE,6.6,5.7,2021,9
Marvin Jones,WR,6.5,5.1,2021,9
Allen Lazard,WR,6.5,9.0,2021,9
Laviska Shenault Jr.,WR,6.5,6.0,2021,9
Demarcus Robinson,WR,6.5,1.2,2021,9
Bryan Edwards,WR,6.5,0.0,2021,9
Mo Alie-Cox,TE,6.5,3.8,2021,9
Evan Engram,TE,6.4,12.8,2021,9
AJ Dillon,RB,6.3,13.0,2021,9
Rondale Moore,WR,6.3,7.5,2021,9
Nico Collins,WR,6.3,5.5,2021,9
Jalen Reagor,WR,6.3,0.4,2021,9
Allen Robinson,WR,6.0,10.8,2021,9
David Johnson,RB,6.0,7.0,2021,9
Albert Okwuegbunam,TE,5.8,6.5,2021,9
Elijah Moore,WR,5.8,27.4,2021,9
Devin Singletary,RB,5.7,12.9,2021,9
Kendrick Bourne,WR,5.7,6.4,2021,9
D'Ernest Johnson,RB,5.7,1.6,2021,9
Salvon Ahmed,RB,5.6,0.6,2021,9
Hunter Henry,TE,5.5,9.9,2021,9
Foster Moreau,TE,5.5,0.0,2021,9
Tre'Quan Smith,WR,5.4,8.3,2021,9
Marquez Valdes-Scantling,WR,5.2,3.9,2021,9
Joshua Kelley,RB,5.2,2.0,2021,9
Pat Freiermuth,TE,5.1,21.3,2021,9
Darius Slayton,WR,5.1,0.0,2021,9
Jordan Akins,TE,4.9,0.7,2021,9
Boston Scott,RB,4.9,4.0,2021,9
Samaje Perine,RB,4.9,5.7,2021,9
Hayden Hurst,TE,4.8,3.6,2021,9
Robbie Chosen,WR,4.8,1.2,2021,9
Donald Parham,TE,4.8,12.9,2021,9
Brandon Bolden,RB,4.7,10.1,2021,9
Keelan Cole,WR,4.7,11.6,2021,9
Gabe Davis,WR,4.6,0.0,2021,9
Randall Cobb,WR,4.6,8.0,2021,9
Anthony Firkser,TE,4.4,1.7,2021,9
Geoff Swaim,TE,4.4,12.9,2021,9
Chris Moore,WR,4.3,1.4,2021,9
Dan Arnold,TE,4.3,10.0,2021,9
Jerick McKinnon,RB,4.3,5.6,2021,9
Deonte Harty,WR,4.3,11.2,2021,9
Chris Evans,RB,4.2,2.1,2021,9
Jack Doyle,TE,4.2,7.1,2021,9
Devin Duvernay,WR,4.2,8.8,2021,9
Nick Westbrook-Ikhine,WR,4.1,2.4,2021,9
Brandon Aiyuk,WR,4.1,18.7,2021,9
Harrison Bryant,TE,4.0,4.6,2021,9
Carlos Hyde,RB,4.0,6.3,2021,9
Jeremy McNichols,RB,4.0,6.5,2021,9
Rhamondre Stevenson,RB,4.0,12.6,2021,9
Tyler Kroft,TE,3.9,5.8,2021,9
Derrick Gore,RB,3.9,2.9,2021,9
Marcus Johnson,WR,3.8,-0.7,2021,9
Terrace Marshall Jr.,WR,3.8,0.0,2021,9
Rex Burkhead,RB,3.8,0.9,2021,9
Kenny Gainwell,RB,3.7,6.3,2021,9
Jonnu Smith,TE,3.6,1.8,2021,9
Dominique Dafney,TE,3.5,0.0,2021,9
Cole Kmet,TE,3.5,14.7,2021,9
Adam Trautman,TE,3.5,8.7,2021,9
Tajae Sharpe,WR,3.5,2.2,2021,9
Tommy Sweeney,TE,3.5,3.0,2021,9
Kenny Stills,WR,3.4,11.0,2021,9
Durham Smythe,TE,3.4,4.7,2021,9
Scottie Phillips,RB,3.4,0.2,2021,9
Phillip Lindsay,RB,3.3,2.8,2021,9
Josh Palmer,WR,3.3,4.2,2021,9
Kyle Rudolph,TE,3.2,6.0,2021,9
Greg Ward,WR,3.2,0.0,2021,9
Jalen Guyton,WR,3.2,2.9,2021,9
Danny Amendola,WR,3.1,7.9,2021,9
Jamal Agnew,WR,3.1,6.8,2021,9
Mohamed Sanu,WR,3.0,1.5,2021,9
Chester Rogers,WR,3.0,0.0,2021,9
Dede Westbrook,WR,3.0,0.0,2021,9
Anthony Schwartz,WR,2.9,2.5,2021,9
Adam Shaheen,TE,2.8,2.1,2021,9
Marcedes Lewis,TE,2.8,0.9,2021,9
Mack Hollins,WR,2.6,11.2,2021,9
Marquise Goodwin,WR,2.6,6.0,2021,9
Demetric Felton,RB,2.5,3.2,2021,9
James Washington,WR,2.4,6.5,2021,9
Braxton Berrios,WR,2.4,2.5,2021,9
Jalen Richard,RB,2.4,3.8,2021,9
Zay Jones,WR,2.3,3.0,2021,9
Kendall Hinton,WR,2.3,5.0,2021,9
Mike Boone,RB,2.0,0.0,2021,9
Tommy Tremble,TE,1.9,1.6,2021,9
Brevin Jordan,TE,1.9,2.9,2021,9
Avery Williams,RB,1.9,0.0,2021,9
Ameer Abdullah,RB,1.9,7.0,2021,9
Denzel Mims,WR,1.8,3.0,2021,9
Larry Rountree III,RB,1.8,0.1,2021,9
Noah Brown,WR,1.7,0.0,2021,9
Ian Thomas,TE,1.7,1.9,2021,9
Stephen Anderson,TE,1.7,13.9,2021,9
Albert Wilson,WR,1.5,2.1,2021,9
Drew Sample,TE,1.5,6.6,2021,9
Kylen Granson,TE,1.5,3.7,2021,9
Eric Saubert,TE,1.4,1.6,2021,9
Kalen Ballage,RB,1.4,1.2,2021,9
Blake Bell,TE,1.4,0.0,2021,9
Antony Auclair,TE,1.3,4.3,2021,9
Taysom Hill,TE,1.3,1.72,2021,9
Jimmy Graham,TE,1.1,3.8,2021,9
Benny Snell,RB,1.1,0.6,2021,9
Luke Stocker,TE,1.1,1.5,2021,9
Ashton Dulin,WR,1.0,4.3,2021,9
Ryan Nall,RB,0.9,0.0,2021,9
Mike Thomas,WR,0.9,2.6,2021,9
Jeff Smith,WR,0.9,7.0,2021,9
Chris Manhertz,TE,0.8,1.9,2021,9
Josiah Deguara,TE,0.8,3.6,2021,9
Christian Blake,WR,0.8,0.0,2021,9
Isaiah Ford,WR,0.7,0.0,2021,9
Kevin White,WR,0.7,0.0,2021,9
Josh Gordon,WR,0.7,0.0,2021,9
Dwayne Washington,RB,0.7,0.0,2021,9
Patrick Ricard,RB,0.6,12.5,2021,9
Cody White,WR,0.6,0.0,2021,9
Eno Benjamin,RB,0.6,9.9,2021,9
Isaiah McKenzie,WR,0.6,3.0,2021,9
Luke Farrell,TE,0.5,0.0,2021,9
Ray-Ray McCloud,WR,0.5,2.2,2021,9
Amari Rodgers,WR,0.5,0.0,2021,9
Darrell Daniels,TE,0.5,1.0,2021,9
Willie Snead,WR,0.5,1.6,2021,9
Dare Ogunbowale,RB,0.5,1.5,2021,9
Buddy Howell,RB,0.5,0.0,2021,9
Gunner Olszewski,WR,0.4,0.0,2021,9
Alex Erickson,WR,0.3,0.0,2021,9
Trevon Wesco,TE,0.3,3.6,2021,9
Cethan Carter,TE,0.2,0.0,2021,9
Eric Tomlinson,TE,0.2,1.7,2021,9
Malik Taylor,WR,0.2,0.0,2021,9
Andre Roberts,WR,0.2,0.9,2021,9
Corey Clement,RB,0.2,0.0,2021,9
Jakeem Grant,WR,0.1,0.0,2021,9
Laquon Treadwell,WR,0.1,0.0,2021,9
Diontae Spencer,WR,0.1,0.0,2021,9
Taiwan Jones,RB,0.1,0.0,2021,9
Colin Thompson,TE,0.1,0.0,2021,9
Malik Turner,WR,0.1,20.3,2021,9
Jacoby Brissett,QB,0.0,8.46,2021,9
Dak Prescott,QB,0.0,18.88,2021,9
Andy Isabella,WR,0.0,0.0,2021,9
Feleipe Franks,TE,0.0,0.3,2021,9
Trenton Cannon,RB,0.0,0.0,2021,9
Brian Hoyer,QB,0.0,-0.3,2021,9
Stanley Morgan,WR,0.0,0.0,2021,9
Brandon Allen,QB,0.0,0.24,2021,9
Matthew Slater,WR,0.0,0.0,2021,9
Tyrod Taylor,QB,0.0,5.9,2021,9
Baker Mayfield,QB,0.0,16.72,2021,9
Tom Brady,QB,30.1,13.0,2021,10
Lamar Jackson,QB,29.3,15.42,2021,10
Patrick Mahomes,QB,26.6,36.24,2021,10
Justin Herbert,QB,26.4,12.0,2021,10
Josh Allen,QB,26.1,20.94,2021,10
Matthew Stafford,QB,23.1,9.82,2021,10
Austin Ekeler,RB,23.1,14.9,2021,10
Matt Ryan,QB,21.5,0.68,2021,10
Cooper Kupp,WR,21.4,23.2,2021,10
Derek Carr,QB,21.4,18.24,2021,10
Jonathan Taylor,RB,21.4,24.6,2021,10
Najee Harris,RB,20.4,17.3,2021,10
Tyreek Hill,WR,20.4,27.5,2021,10
Keenan Allen,WR,20.3,17.8,2021,10
Travis Kelce,TE,19.8,19.9,2021,10
Ryan Tannehill,QB,18.5,18.62,2021,10
Dalvin Cook,RB,18.1,20.8,2021,10
Kirk Cousins,QB,18.0,17.46,2021,10
Carson Wentz,QB,17.8,7.1,2021,10
A.J. Brown,WR,17.6,3.3,2021,10
Darren Waller,TE,17.5,6.4,2021,10
Darrell Henderson,RB,17.5,8.1,2021,10
Jimmy Garoppolo,QB,17.0,15.38,2021,10
Leonard Fournette,RB,17.0,17.2,2021,10
Stefon Diggs,WR,16.8,30.2,2021,10
Aaron Jones,RB,16.8,12.6,2021,10
Trevor Siemian,QB,16.7,19.92,2021,10
Chris Godwin Jr.,WR,16.0,12.7,2021,10
Ezekiel Elliott,RB,15.9,20.76,2021,10
Mike Evans,WR,15.9,14.2,2021,10
Mike Williams,WR,15.9,7.3,2021,10
Marquise Brown,WR,15.3,9.7,2021,10
Jalen Hurts,QB,15.3,18.62,2021,10
Teddy Bridgewater,QB,15.1,9.04,2021,10
CeeDee Lamb,WR,14.7,28.6,2021,10
Adam Thielen,WR,14.7,11.5,2021,10
Taylor Heinicke,QB,14.7,15.74,2021,10
Justin Jefferson,WR,14.5,22.9,2021,10
Josh Jacobs,RB,14.4,8.6,2021,10
Cole Beasley,WR,14.4,3.5,2021,10
James Robinson,RB,14.3,18.4,2021,10
Christian McCaffrey,RB,14.2,26.1,2021,10
Elijah Mitchell,RB,14.1,9.1,2021,10
DK Metcalf,WR,14.0,5.6,2021,10
Diontae Johnson,WR,13.8,13.3,2021,10
Dawson Knox,TE,13.6,2.7,2021,10
James Conner,RB,13.5,15.4,2021,10
Hunter Renfrow,WR,13.5,17.6,2021,10
Amari Cooper,WR,13.2,9.1,2021,10
Davante Adams,WR,13.2,14.8,2021,10
Emmanuel Sanders,WR,12.9,7.1,2021,10
George Kittle,TE,12.8,16.0,2021,10
Deebo Samuel Sr.,WR,12.6,30.3,2021,10
Mark Andrews,TE,12.5,18.3,2021,10
Mike White,QB,12.4,2.04,2021,10
Trevor Lawrence,QB,12.2,9.78,2021,10
Darrel Williams,RB,12.1,29.4,2021,10
Mac Jones,QB,12.0,19.92,2021,10
Tyler Lockett,WR,12.0,4.3,2021,10
D'Andre Swift,RB,11.8,16.5,2021,10
Michael Pittman,WR,11.7,12.1,2021,10
Cordarrelle Patterson,RB,11.4,4.9,2021,10
Melvin Gordon,RB,11.2,9.3,2021,10
Baker Mayfield,QB,11.2,4.92,2021,10
Myles Gaskin,RB,11.1,5.5,2021,10
J.D. McKissic,RB,11.0,7.9,2021,10
Jared Goff,QB,11.0,4.56,2021,10
Russell Gage,WR,10.9,0.0,2021,10
Antonio Gibson,RB,10.8,21.8,2021,10
Mecole Hardman,WR,10.6,5.0,2021,10
Odell Beckham Jr.,WR,10.4,3.8,2021,10
Alex Collins,RB,10.3,5.9,2021,10
Kenyan Drake,RB,10.0,5.1,2021,10
Jared Cook,TE,9.9,2.0,2021,10
Olamide Zaccheaus,WR,9.9,4.2,2021,10
Dalton Schultz,TE,9.8,2.4,2021,10
Terry McLaurin,WR,9.7,11.9,2021,10
DeVonta Smith,WR,9.7,22.6,2021,10
Kyle Pitts,TE,9.5,10.0,2021,10
Christian Kirk,WR,9.4,12.8,2021,10
Sammy Watkins,WR,9.4,-0.3,2021,10
Zack Moss,RB,9.3,8.7,2021,10
T.J. Hockenson,TE,9.3,0.0,2021,10
Marquez Callaway,WR,9.1,11.7,2021,10
Courtland Sutton,WR,8.7,4.9,2021,10
Jordan Howard,RB,8.7,8.3,2021,10
Donovan Peoples-Jones,WR,8.6,2.6,2021,10
Mike Gesicki,TE,8.6,0.0,2021,10
Adrian Peterson,RB,8.5,3.0,2021,10
Mike Davis,RB,8.5,1.8,2021,10
DJ Moore,WR,8.5,6.4,2021,10
Corey Davis,WR,8.5,12.3,2021,10
Javonte Williams,RB,8.4,6.9,2021,10
Tyler Conklin,TE,8.4,16.1,2021,10
Rashod Bateman,WR,8.2,14.0,2021,10
Devonta Freeman,RB,8.2,8.8,2021,10
A.J. Green,WR,8.2,1.4,2021,10
Tony Pollard,RB,8.2,15.8,2021,10
Tyler Higbee,TE,8.1,11.0,2021,10
Jaylen Waddle,WR,8.1,10.1,2021,10
Nyheim Hines,RB,8.1,4.9,2021,10
Mark Ingram,RB,8.1,20.8,2021,10
Tim Patrick,WR,8.0,4.4,2021,10
Alexander Mattison,RB,7.8,5.0,2021,10
Jamison Crowder,WR,7.8,5.0,2021,10
Tre'Quan Smith,WR,7.7,14.4,2021,10
Van Jefferson,WR,7.7,8.4,2021,10
Demarcus Robinson,WR,7.7,5.3,2021,10
Sony Michel,RB,7.6,5.1,2021,10
Noah Fant,TE,7.6,10.9,2021,10
Laviska Shenault Jr.,WR,7.5,5.1,2021,10
Dallas Goedert,TE,7.5,4.8,2021,10
Antoine Wesley,WR,7.4,0.0,2021,10
Devin Singletary,RB,7.4,11.9,2021,10
Pat Freiermuth,TE,7.3,6.1,2021,10
Marvin Jones,WR,7.3,5.5,2021,10
Byron Pringle,WR,7.3,14.6,2021,10
Amon-Ra St. Brown,WR,7.2,10.1,2021,10
Brandon Aiyuk,WR,7.0,5.6,2021,10
Ty Johnson,RB,7.0,8.8,2021,10
Michael Gallup,WR,7.0,7.2,2021,10
Foster Moreau,TE,6.9,0.0,2021,10
Hunter Henry,TE,6.8,19.7,2021,10
Bryan Edwards,WR,6.7,17.8,2021,10
Jarvis Landry,WR,6.6,6.6,2021,10
Chuba Hubbard,RB,6.5,8.7,2021,10
Jerry Jeudy,WR,6.5,11.1,2021,10
Zach Pascal,WR,6.5,2.9,2021,10
Elijah Moore,WR,6.5,13.4,2021,10
Giovani Bernard,RB,6.5,1.8,2021,10
AJ Dillon,RB,6.4,26.8,2021,10
Nelson Agholor,WR,6.3,4.1,2021,10
Zach Ertz,TE,6.3,8.6,2021,10
Deonte Harty,WR,6.3,12.0,2021,10
Donald Parham,TE,6.2,2.7,2021,10
Kalif Raymond,WR,6.1,6.9,2021,10
T.Y. Hilton,WR,6.0,1.5,2021,10
Jakobi Meyers,WR,6.0,14.9,2021,10
Allen Lazard,WR,5.9,1.6,2021,10
Dan Arnold,TE,5.9,13.7,2021,10
Le'Veon Bell,RB,5.8,0.1,2021,10
O.J. Howard,TE,5.8,0.0,2021,10
Carlos Hyde,RB,5.7,1.4,2021,10
Trey Sermon,RB,5.7,0.0,2021,10
Albert Okwuegbunam,TE,5.7,10.7,2021,10
David Njoku,TE,5.6,2.1,2021,10
Tyler Johnson,WR,5.6,4.7,2021,10
Quez Watkins,WR,5.6,7.3,2021,10
Joshua Kelley,RB,5.6,0.6,2021,10
Kendrick Bourne,WR,5.6,24.1,2021,10
Jerick McKinnon,RB,5.5,4.2,2021,10
Rhamondre Stevenson,RB,5.4,27.4,2021,10
Brandon Bolden,RB,5.2,10.0,2021,10
K.J. Osborn,WR,5.1,0.0,2021,10
Mo Alie-Cox,TE,5.0,1.6,2021,10
Josh Palmer,WR,4.9,5.2,2021,10
Rashard Higgins,WR,4.8,0.0,2021,10
Gerald Everett,TE,4.7,14.3,2021,10
MyCole Pruitt,TE,4.7,7.2,2021,10
Cameron Brate,TE,4.7,7.6,2021,10
Adam Humphries,WR,4.6,1.5,2021,10
Ricky Seals-Jones,TE,4.6,6.0,2021,10
Robbie Chosen,WR,4.5,13.7,2021,10
Adam Trautman,TE,4.5,8.2,2021,10
Gabe Davis,WR,4.5,13.5,2021,10
Derrick Gore,RB,4.5,1.9,2021,10
Devin Duvernay,WR,4.5,8.7,2021,10
Keelan Cole,WR,4.4,2.8,2021,10
Geoff Swaim,TE,4.4,6.6,2021,10
Boston Scott,RB,4.4,12.5,2021,10
Will Dissly,TE,4.4,4.2,2021,10
Randall Cobb,WR,4.3,5.1,2021,10
Rondale Moore,WR,4.3,3.1,2021,10
Jalen Reagor,WR,4.3,1.4,2021,10
Austin Hooper,TE,4.3,12.5,2021,10
Marquez Valdes-Scantling,WR,4.1,5.1,2021,10
Salvon Ahmed,RB,4.1,2.5,2021,10
Zay Jones,WR,4.1,3.2,2021,10
D'Ernest Johnson,RB,4.1,22.7,2021,10
D'Onta Foreman,RB,4.1,9.8,2021,10
Jalen Guyton,WR,4.0,0.0,2021,10
Jack Doyle,TE,3.9,6.1,2021,10
Terrace Marshall Jr.,WR,3.8,2.0,2021,10
Stephen Anderson,TE,3.8,0.0,2021,10
Nick Westbrook-Ikhine,WR,3.8,2.0,2021,10
Jeremy McNichols,RB,3.8,1.8,2021,10
Jamal Agnew,WR,3.7,13.9,2021,10
DeSean Jackson,WR,3.6,2.8,2021,10
Freddie Swain,WR,3.6,0.0,2021,10
Anthony Firkser,TE,3.4,1.2,2021,10
Ross Dwelley,TE,3.4,0.0,2021,10
Durham Smythe,TE,3.3,3.3,2021,10
James Washington,WR,3.3,9.5,2021,10
Jermar Jefferson,RB,3.3,10.1,2021,10
Preston Williams,WR,3.2,0.0,2021,10
Malik Turner,WR,3.2,1.7,2021,10
Tajae Sharpe,WR,3.2,1.0,2021,10
KhaDarel Hodge,WR,3.1,0.0,2021,10
Kenny Gainwell,RB,3.0,2.4,2021,10
Mack Hollins,WR,2.9,0.0,2021,10
DeeJay Dallas,RB,2.8,0.0,2021,10
Eric Ebron,TE,2.8,3.3,2021,10
Harrison Bryant,TE,2.8,3.8,2021,10
J.J. Taylor,RB,2.7,1.1,2021,10
Marcus Johnson,WR,2.7,15.0,2021,10
Jalen Richard,RB,2.6,1.3,2021,10
Travis Homer,RB,2.6,5.5,2021,10
Chester Rogers,WR,2.6,1.9,2021,10
Eno Benjamin,RB,2.6,2.2,2021,10
N'Keal Harry,TE,2.5,3.6,2021,10
Adam Shaheen,TE,2.5,6.4,2021,10
Anthony Schwartz,WR,2.3,0.0,2021,10
Avery Williams,RB,2.3,0.0,2021,10
DeAndre Carter,WR,2.3,15.0,2021,10
Noah Gray,TE,2.2,7.1,2021,10
Dede Westbrook,WR,2.2,0.0,2021,10
Tevin Coleman,RB,2.1,5.3,2021,10
Marcedes Lewis,TE,2.1,3.0,2021,10
Ameer Abdullah,RB,2.1,9.1,2021,10
Tommy Tremble,TE,2.1,1.3,2021,10
Josh Oliver,TE,2.0,0.0,2021,10
Braxton Berrios,WR,2.0,4.9,2021,10
Jack Stoll,TE,2.0,2.6,2021,10
Larry Rountree III,RB,1.9,7.0,2021,10
Matt Breida,RB,1.9,18.0,2021,10
Patrick Laird,RB,1.8,1.2,2021,10
Juwan Johnson,TE,1.8,5.6,2021,10
Noah Brown,WR,1.8,2.8,2021,10
Jaret Patterson,RB,1.8,0.7,2021,10
Ty Montgomery,WR,1.7,0.2,2021,10
Kalen Ballage,RB,1.7,0.0,2021,10
Wayne Gallman,RB,1.5,8.6,2021,10
Blake Bell,TE,1.4,0.3,2021,10
Brandon Zylstra,WR,1.4,3.8,2021,10
Chris Herndon,TE,1.3,2.4,2021,10
Brock Wright,TE,1.3,1.2,2021,10
Eric Saubert,TE,1.3,0.0,2021,10
Ashton Dulin,WR,1.3,2.6,2021,10
Benny Snell,RB,1.2,0.4,2021,10
Kylen Granson,TE,1.2,2.5,2021,10
Chris Manhertz,TE,1.1,0.0,2021,10
Taysom Hill,TE,1.1,5.24,2021,10
Isaiah McKenzie,WR,1.1,9.9,2021,10
Ben Skowronek,WR,1.1,1.8,2021,10
Albert Wilson,WR,1.0,14.6,2021,10
Dax Milne,WR,1.0,2.2,2021,10
Godwin Igwebuike,RB,1.0,11.6,2021,10
Penny Hart,WR,1.0,0.0,2021,10
Trinity Benson,WR,1.0,3.7,2021,10
Luke Stocker,TE,1.0,0.0,2021,10
Josiah Deguara,TE,0.9,2.9,2021,10
John Bates,TE,0.9,5.5,2021,10
Jaelon Darden,WR,0.8,3.9,2021,10
Cam Sims,WR,0.8,3.0,2021,10
Ray-Ray McCloud,WR,0.8,15.3,2021,10
Giovanni Ricci,TE,0.8,0.0,2021,10
Kevin White,WR,0.7,0.0,2021,10
Jauan Jennings,WR,0.6,1.3,2021,10
Trevon Wesco,TE,0.6,0.0,2021,10
Darrell Daniels,TE,0.6,0.0,2021,10
Christian Blake,WR,0.6,0.0,2021,10
Johnny Stanton,RB,0.5,0.0,2021,10
Isaiah Ford,WR,0.5,12.4,2021,10
Dwayne Washington,RB,0.5,0.8,2021,10
Amari Rodgers,WR,0.4,0.0,2021,10
Corey Clement,RB,0.4,3.5,2021,10
Cody White,WR,0.3,0.0,2021,10
Marcus Kemp,WR,0.3,2.6,2021,10
Alex Erickson,WR,0.3,0.0,2021,10
Andre Roberts,WR,0.3,0.0,2021,10
Reggie Gilliam,RB,0.2,0.0,2021,10
Dee Eskridge,WR,0.2,0.6,2021,10
Kene Nwangwu,RB,0.2,0.0,2021,10
Malik Taylor,WR,0.1,0.0,2021,10
Diontae Spencer,WR,0.1,0.0,2021,10
Greg Dortch,WR,0.1,0.0,2021,10
Dillon Stoner,WR,0.1,0.0,2021,10
Taiwan Jones,RB,0.1,0.0,2021,10
Laquon Treadwell,WR,0.1,2.8,2021,10
Cooper Rush,QB,0.0,0.08,2021,10
Dak Prescott,QB,0.0,26.34,2021,10
J.J. Koski,WR,0.0,0.0,2021,10
Colt McCoy,QB,0.0,0.18,2021,10
Case Keenum,QB,0.0,3.24,2021,10
Josh Rosen,QB,0.0,-1.44,2021,10
Sean McKeon,TE,0.0,3.5,2021,10
Jacoby Brissett,QB,0.0,6.64,2021,10
Matthew Slater,WR,0.0,0.0,2021,10
Tyler Davis,TE,0.0,1.4,2021,10
Tua Tagovailoa,QB,0.0,12.32,2021,10
Trenton Cannon,RB,0.0,0.0,2021,10
Feleipe Franks,TE,0.0,0.0,2021,10
PJ Walker,QB,0.0,5.28,2021,10
Russell Wilson,QB,0.0,5.64,2021,10
Brian Hoyer,QB,0.0,7.2,2021,10
Aaron Rodgers,QB,0.0,10.48,2021,10
Dak Prescott,QB,27.9,2.64,2021,11
Patrick Mahomes,QB,25.3,7.5,2021,11
Josh Allen,QB,23.7,16.16,2021,11
Tom Brady,QB,22.6,19.28,2021,11
Jalen Hurts,QB,22.5,30.78,2021,11
Joe Burrow,QB,22.4,9.02,2021,11
Nick Chubb,RB,22.2,22.4,2021,11
Ryan Tannehill,QB,21.7,9.22,2021,11
Joe Mixon,RB,21.0,24.3,2021,11
Tyreek Hill,WR,20.5,20.0,2021,11
Christian McCaffrey,RB,20.1,24.9,2021,11
Dalvin Cook,RB,20.0,22.5,2021,11
Justin Herbert,QB,19.9,34.28,2021,11
Baker Mayfield,QB,19.7,7.94,2021,11
Kirk Cousins,QB,19.7,25.24,2021,11
Derek Carr,QB,19.1,8.6,2021,11
Austin Ekeler,RB,18.7,41.5,2021,11
James Robinson,RB,18.7,11.8,2021,11
Jonathan Taylor,RB,18.7,53.4,2021,11
Ja'Marr Chase,WR,18.0,13.0,2021,11
Justin Jefferson,WR,17.7,37.2,2021,11
Stefon Diggs,WR,17.2,18.3,2021,11
Najee Harris,RB,16.9,16.9,2021,11
Keenan Allen,WR,16.9,20.2,2021,11
Ezekiel Elliott,RB,16.8,12.8,2021,11
A.J. Brown,WR,16.1,9.8,2021,11
James Conner,RB,15.9,20.9,2021,11
Trevor Siemian,QB,15.9,24.16,2021,11
Adam Thielen,WR,15.6,22.2,2021,11
Travis Kelce,TE,15.5,18.8,2021,11
CeeDee Lamb,WR,15.4,4.4,2021,11
Russell Wilson,QB,15.2,8.48,2021,11
Corey Davis,WR,14.9,6.5,2021,11
Mac Jones,QB,14.8,10.38,2021,11
Leonard Fournette,RB,14.7,13.4,2021,11
DeVonta Smith,WR,14.6,10.1,2021,11
Justin Fields,QB,14.5,3.46,2021,11
Jeff Wilson,RB,14.3,6.8,2021,11
Jimmy Garoppolo,QB,14.3,15.64,2021,11
Daniel Jones,QB,13.9,7.68,2021,11
Colt McCoy,QB,13.9,22.92,2021,11
David Montgomery,RB,13.7,7.7,2021,11
Brandin Cooks,WR,13.7,3.8,2021,11
Matt Ryan,QB,13.6,2.12,2021,11
Davante Adams,WR,13.5,30.5,2021,11
Chris Godwin Jr.,WR,13.5,19.2,2021,11
Trevor Lawrence,QB,13.3,8.62,2021,11
Hunter Renfrow,WR,13.1,7.5,2021,11
Tee Higgins,WR,12.9,3.5,2021,11
Taylor Heinicke,QB,12.8,23.14,2021,11
Jamison Crowder,WR,12.6,16.4,2021,11
Darren Waller,TE,12.4,18.6,2021,11
Carson Wentz,QB,12.3,10.04,2021,11
DK Metcalf,WR,12.3,7.1,2021,11
Mike Evans,WR,12.3,20.3,2021,11
C.J. Uzomah,TE,12.2,2.9,2021,11
Diontae Johnson,WR,12.1,23.1,2021,11
Cole Beasley,WR,12.0,6.3,2021,11
Antonio Gibson,RB,11.9,7.5,2021,11
Clyde Edwards-Helaire,RB,11.7,15.6,2021,11
Emmanuel Sanders,WR,11.7,5.6,2021,11
Josh Jacobs,RB,11.7,11.1,2021,11
Mike Williams,WR,11.6,20.7,2021,11
Darrel Williams,RB,11.6,3.6,2021,11
DJ Moore,WR,11.4,16.0,2021,11
Myles Gaskin,RB,11.4,18.6,2021,11
Elijah Moore,WR,11.3,29.6,2021,11
Khalil Herbert,RB,11.2,0.0,2021,11
Saquon Barkley,RB,11.2,11.6,2021,11
Jarvis Landry,WR,11.1,14.2,2021,11
Deebo Samuel Sr.,WR,10.9,16.4,2021,11
Tyler Conklin,TE,10.7,6.5,2021,11
Mark Andrews,TE,10.6,15.3,2021,11
AJ Dillon,RB,10.5,15.7,2021,11
Dallas Goedert,TE,10.4,11.2,2021,11
Tyler Lockett,WR,10.4,15.5,2021,11
D'Andre Swift,RB,10.3,22.6,2021,11
Damien Harris,RB,10.3,7.5,2021,11
Tyler Boyd,WR,10.1,12.3,2021,11
Tony Pollard,RB,10.0,9.0,2021,11
Rob Gronkowski,TE,9.9,13.1,2021,11
Jordan Howard,RB,9.7,6.3,2021,11
Miles Sanders,RB,9.7,7.4,2021,11
Ty Johnson,RB,9.6,2.3,2021,11
Chase Claypool,WR,9.3,14.4,2021,11
Michael Pittman,WR,9.2,4.3,2021,11
Rhamondre Stevenson,RB,9.2,8.5,2021,11
Cedrick Wilson Jr.,WR,9.2,7.6,2021,11
Mecole Hardman,WR,9.0,4.5,2021,11
Jaylen Waddle,WR,9.0,20.6,2021,11
Dalton Schultz,TE,9.0,11.3,2021,11
Hunter Henry,TE,8.7,4.5,2021,11
Dawson Knox,TE,8.7,14.0,2021,11
J.D. McKissic,RB,8.6,6.0,2021,11
Darnell Mooney,WR,8.5,23.1,2021,11
George Kittle,TE,8.5,13.4,2021,11
Kenyan Drake,RB,8.4,3.9,2021,11
Christian Kirk,WR,8.4,4.5,2021,11
Mark Ingram,RB,8.4,15.3,2021,11
Latavius Murray,RB,8.1,5.3,2021,11
Mike Gesicki,TE,8.0,10.0,2021,11
Jakobi Meyers,WR,8.0,7.9,2021,11
David Njoku,TE,8.0,4.1,2021,11
Devontae Booker,RB,7.9,3.0,2021,11
Michael Gallup,WR,7.9,9.4,2021,11
D'Ernest Johnson,RB,7.8,2.6,2021,11
Byron Pringle,WR,7.8,4.7,2021,11
Kendrick Bourne,WR,7.8,8.9,2021,11
Quez Watkins,WR,7.7,0.0,2021,11
Austin Hooper,TE,7.7,9.3,2021,11
Alexander Mattison,RB,7.7,0.5,2021,11
Bryan Edwards,WR,7.7,0.0,2021,11
Peyton Barber,RB,7.7,0.3,2021,11
Laviska Shenault Jr.,WR,7.7,8.0,2021,11
Pat Freiermuth,TE,7.6,11.1,2021,11
Terry McLaurin,WR,7.6,21.3,2021,11
Kenny Golladay,WR,7.5,2.2,2021,11
Carlos Hyde,RB,7.5,0.0,2021,11
Chris Conley,WR,7.4,7.7,2021,11
A.J. Green,WR,7.4,11.8,2021,11
Marquez Callaway,WR,7.4,9.6,2021,11
Samaje Perine,RB,7.4,5.1,2021,11
Zack Moss,RB,7.4,0.5,2021,11
Marvin Jones,WR,7.3,9.2,2021,11
Jared Cook,TE,7.3,5.8,2021,11
Devin Singletary,RB,7.2,7.3,2021,11
Sammy Watkins,WR,7.2,7.8,2021,11
Alex Collins,RB,7.2,3.6,2021,11
Rashod Bateman,WR,7.1,5.9,2021,11
Robbie Chosen,WR,7.1,8.0,2021,11
Nelson Agholor,WR,7.1,15.0,2021,11
Tre'Quan Smith,WR,6.9,11.4,2021,11
Devonta Freeman,RB,6.8,20.0,2021,11
Kyle Pitts,TE,6.8,5.9,2021,11
Boston Scott,RB,6.8,3.8,2021,11
Keelan Cole,WR,6.6,0.0,2021,11
T.J. Hockenson,TE,6.4,11.1,2021,11
D'Onta Foreman,RB,6.3,5.0,2021,11
Jalen Reagor,WR,6.3,0.9,2021,11
Nyheim Hines,RB,6.2,3.1,2021,11
Randall Cobb,WR,6.1,2.5,2021,11
Rashard Higgins,WR,6.1,2.7,2021,11
James Washington,WR,6.1,3.2,2021,11
Brandon Bolden,RB,6.1,3.6,2021,11
Nico Collins,WR,6.1,1.9,2021,11
Dan Arnold,TE,6.0,0.0,2021,11
Adrian Peterson,RB,6.0,6.4,2021,11
Cole Kmet,TE,5.9,2.2,2021,11
Kadarius Toney,WR,5.8,11.0,2021,11
David Johnson,RB,5.7,6.4,2021,11
Gerald Everett,TE,5.7,6.7,2021,11
Olamide Zaccheaus,WR,5.6,5.3,2021,11
Russell Gage,WR,5.6,9.9,2021,11
Brandon Aiyuk,WR,5.6,21.5,2021,11
Gabe Davis,WR,5.6,4.7,2021,11
Zach Ertz,TE,5.6,28.8,2021,11
Evan Engram,TE,5.6,3.2,2021,11
Mike Davis,RB,5.5,5.1,2021,11
Amon-Ra St. Brown,WR,5.4,5.8,2021,11
Adam Trautman,TE,5.3,16.8,2021,11
Deonte Harty,WR,5.3,3.1,2021,11
Marcus Johnson,WR,5.0,0.0,2021,11
Antoine Wesley,WR,5.0,8.4,2021,11
Zach Pascal,WR,4.8,0.9,2021,11
Jamaal Williams,RB,4.7,1.1,2021,11
Chris Evans,RB,4.7,1.7,2021,11
K.J. Osborn,WR,4.7,2.9,2021,11
Kalif Raymond,WR,4.7,0.0,2021,11
Tyler Johnson,WR,4.6,1.8,2021,11
Foster Moreau,TE,4.6,8.9,2021,11
Donald Parham,TE,4.6,7.8,2021,11
Giovani Bernard,RB,4.5,1.3,2021,11
Matt Breida,RB,4.4,7.7,2021,11
T.Y. Hilton,WR,4.4,4.6,2021,11
Harrison Bryant,TE,4.4,0.0,2021,11
Jerick McKinnon,RB,4.3,0.0,2021,11
Ronald Jones,RB,4.3,9.3,2021,11
Wayne Gallman,RB,4.3,-0.3,2021,11
O.J. Howard,TE,4.2,2.0,2021,11
Tommy Sweeney,TE,4.2,0.0,2021,11
Jonnu Smith,TE,4.2,2.7,2021,11
Cameron Brate,TE,4.1,4.7,2021,11
Zay Jones,WR,4.0,3.0,2021,11
Josh Palmer,WR,4.0,3.3,2021,11
Terrace Marshall Jr.,WR,4.0,0.0,2021,11
Anthony Firkser,TE,3.9,7.6,2021,11
Will Dissly,TE,3.9,2.6,2021,11
Trey Sermon,RB,3.8,6.5,2021,11
Justin Jackson,RB,3.8,0.2,2021,11
Rex Burkhead,RB,3.7,4.0,2021,11
Danny Amendola,WR,3.7,0.0,2021,11
Jack Stoll,TE,3.7,0.0,2021,11
Braxton Berrios,WR,3.7,0.0,2021,11
Rondale Moore,WR,3.6,16.1,2021,11
Pharaoh Brown,TE,3.6,3.0,2021,11
Malik Turner,WR,3.6,2.1,2021,11
Devin Duvernay,WR,3.6,7.7,2021,11
Darius Slayton,WR,3.5,5.7,2021,11
Durham Smythe,TE,3.5,7.7,2021,11
Tevin Coleman,RB,3.5,2.8,2021,11
Mo Alie-Cox,TE,3.5,0.0,2021,11
Marquise Goodwin,WR,3.5,20.4,2021,11
Jamal Agnew,WR,3.4,5.0,2021,11
DeSean Jackson,WR,3.4,0.4,2021,11
Chris Moore,WR,3.4,2.0,2021,11
Drew Sample,TE,3.4,1.3,2021,11
Colby Parkinson,TE,3.3,1.6,2021,11
Ameer Abdullah,RB,3.2,0.6,2021,11
Nick Westbrook-Ikhine,WR,3.2,17.7,2021,11
Adam Humphries,WR,3.2,5.0,2021,11
Eno Benjamin,RB,3.1,3.0,2021,11
Travis Homer,RB,3.0,0.4,2021,11
Jack Doyle,TE,3.0,6.0,2021,11
Adam Shaheen,TE,3.0,2.9,2021,11
Tommy Tremble,TE,3.0,5.5,2021,11
Kyle Rudolph,TE,2.9,3.8,2021,11
Demetric Felton,RB,2.9,0.2,2021,11
Eric Ebron,TE,2.8,11.4,2021,11
N'Keal Harry,TE,2.8,3.4,2021,11
Garrett Griffin,TE,2.8,0.0,2021,11
Albert Wilson,WR,2.8,4.5,2021,11
Freddie Swain,WR,2.8,0.0,2021,11
DeAndre Carter,WR,2.7,9.9,2021,11
Lee Smith,TE,2.7,0.0,2021,11
Preston Williams,WR,2.7,0.0,2021,11
Phillip Lindsay,RB,2.7,-0.3,2021,11
John Ross,WR,2.6,1.6,2021,11
Ian Thomas,TE,2.6,1.7,2021,11
Jalen Guyton,WR,2.6,3.0,2021,11
Brandon Zylstra,WR,2.5,1.7,2021,11
Ray-Ray McCloud,WR,2.5,3.7,2021,11
Chester Rogers,WR,2.5,8.1,2021,11
Dede Westbrook,WR,2.4,1.7,2021,11
Marquez Valdes-Scantling,WR,2.4,22.3,2021,11
Jimmy Graham,TE,2.4,4.5,2021,11
Noah Gray,TE,2.4,1.8,2021,11
Dominique Dafney,TE,2.3,1.8,2021,11
Tony Jones,RB,2.2,0.2,2021,11
Godwin Igwebuike,RB,2.2,0.6,2021,11
Avery Williams,RB,2.1,0.0,2021,11
Ke'Shawn Vaughn,RB,2.1,0.4,2021,11
Brevin Jordan,TE,2.0,1.7,2021,11
Mack Hollins,WR,2.0,15.2,2021,11
Patrick Laird,RB,2.0,1.9,2021,11
Larry Rountree III,RB,1.9,0.5,2021,11
Damiere Byrd,WR,1.9,1.3,2021,11
Patrick Ricard,RB,1.9,0.2,2021,11
Josh Reynolds,WR,1.9,0.0,2021,11
Noah Brown,WR,1.9,0.0,2021,11
Rashaad Penny,RB,1.8,1.9,2021,11
Tajae Sharpe,WR,1.8,4.1,2021,11
DeeJay Dallas,RB,1.7,9.7,2021,11
Brock Wright,TE,1.7,2.2,2021,11
Jaret Patterson,RB,1.6,2.3,2021,11
Lil'Jordan Humphrey,WR,1.5,7.4,2021,11
Mike Thomas,WR,1.4,2.2,2021,11
Corey Clement,RB,1.4,0.0,2021,11
Tavon Austin,WR,1.4,2.8,2021,11
Trent Sherfield,WR,1.2,0.0,2021,11
Dax Milne,WR,1.1,1.5,2021,11
Kalen Ballage,RB,1.1,0.3,2021,11
Jaelon Darden,WR,1.1,1.3,2021,11
Collin Johnson,WR,1.0,0.0,2021,11
Ashton Dulin,WR,1.0,0.0,2021,11
Tommy Hudson,TE,1.0,0.0,2021,11
Patrick Taylor,RB,1.0,1.1,2021,11
Kylen Granson,TE,1.0,1.8,2021,11
Isaiah McKenzie,WR,1.0,0.0,2021,11
Ryan Nall,RB,0.9,0.0,2021,11
Josiah Deguara,TE,0.9,11.7,2021,11
Alex Armah,RB,0.9,0.0,2021,11
Cam Sims,WR,0.8,9.9,2021,11
John Bates,TE,0.8,5.3,2021,11
Josh Gordon,WR,0.8,1.7,2021,11
Blake Bell,TE,0.8,1.8,2021,11
Jakob Johnson,RB,0.7,0.0,2021,11
Benny Snell,RB,0.7,0.7,2021,11
Sean McKeon,TE,0.7,1.2,2021,11
Penny Hart,WR,0.7,0.0,2021,11
Jauan Jennings,WR,0.5,1.4,2021,11
Eric Tomlinson,TE,0.5,0.0,2021,11
Darrell Daniels,TE,0.5,0.0,2021,11
Dwayne Washington,RB,0.5,1.9,2021,11
Laquon Treadwell,WR,0.4,2.1,2021,11
Equanimeous St. Brown,WR,0.4,7.4,2021,11
Gunner Olszewski,WR,0.4,0.0,2021,11
Amari Rodgers,WR,0.3,0.0,2021,11
Dezmon Patmon,WR,0.3,0.0,2021,11
Alex Erickson,WR,0.3,0.0,2021,11
Dez Fitzpatrick,WR,0.3,12.5,2021,11
Cethan Carter,TE,0.2,0.0,2021,11
Andre Roberts,WR,0.2,0.4,2021,11
Jakeem Grant,WR,0.2,2.7,2021,11
J.J. Arcega-Whiteside,WR,0.2,3.3,2021,11
Kene Nwangwu,RB,0.2,0.0,2021,11
Gary Brightwell,RB,0.1,0.0,2021,11
Reggie Gilliam,RB,0.1,1.7,2021,11
John Brown,WR,0.1,0.0,2021,11
Stanley Morgan,WR,0.0,1.3,2021,11
Dontrell Hilliard,RB,0.0,16.2,2021,11
Matthew Slater,WR,0.0,0.0,2021,11
Trenton Cannon,RB,0.0,0.0,2021,11
Tua Tagovailoa,QB,0.0,17.52,2021,11
Feleipe Franks,TE,0.0,-2.0,2021,11
Tyler Huntley,QB,0.0,10.76,2021,11
Tyrod Taylor,QB,0.0,19.08,2021,11
Andy Dalton,QB,0.0,16.04,2021,11
Jeremy Sprinkle,TE,0.0,0.0,2021,11
Mitchell Trubisky,QB,0.0,-1.24,2021,11
Trey Lance,QB,0.0,0.4,2021,11
Pharoh Cooper,WR,0.0,0.0,2021,11
Parker Hesse,TE,0.0,1.5,2021,11
Joe Flacco,QB,0.0,17.94,2021,11
Jordan Love,QB,0.0,-0.1,2021,11
Josh Rosen,QB,0.0,-1.8,2021,11
Cam Newton,QB,0.0,26.16,2021,11
Blaine Gabbert,QB,0.0,0.24,2021,11
Aaron Rodgers,QB,0.0,33.5,2021,11
Ben Roethlisberger,QB,0.0,22.92,2021,11
Dak Prescott,QB,26.7,25.3,2021,12
Josh Allen,QB,26.4,26.7,2021,12
Jeff Wilson,RB,24.1,1.7,2021,12
Jonathan Taylor,RB,23.6,19.7,2021,12
Tom Brady,QB,23.5,11.24,2021,12
Justin Jefferson,WR,22.0,13.26,2021,12
Aaron Rodgers,QB,21.5,26.28,2021,12
Dalvin Cook,RB,20.7,14.3,2021,12
Kirk Cousins,QB,20.7,15.52,2021,12
Jimmy Garoppolo,QB,20.3,11.2,2021,12
Christian McCaffrey,RB,20.2,3.5,2021,12
Jalen Hurts,QB,20.2,6.86,2021,12
Austin Ekeler,RB,19.4,21.9,2021,12
Justin Herbert,QB,19.2,19.72,2021,12
Ezekiel Elliott,RB,18.9,16.9,2021,12
Stefon Diggs,WR,18.8,20.4,2021,12
Matthew Stafford,QB,18.6,21.98,2021,12
Cooper Kupp,WR,18.6,18.6,2021,12
Russell Wilson,QB,18.5,19.48,2021,12
Joe Mixon,RB,18.2,32.3,2021,12
Nick Chubb,RB,18.0,5.9,2021,12
Adam Thielen,WR,17.6,23.2,2021,12
Aaron Jones,RB,17.4,2.3,2021,12
Taylor Heinicke,QB,17.1,11.22,2021,12
Derek Carr,QB,16.9,21.02,2021,12
David Montgomery,RB,16.4,10.4,2021,12
Carson Wentz,QB,16.2,20.34,2021,12
Joe Burrow,QB,15.9,16.4,2021,12
Baker Mayfield,QB,15.9,12.28,2021,12
Tyrod Taylor,QB,15.8,15.32,2021,12
Najee Harris,RB,15.5,6.7,2021,12
Darrell Henderson,RB,15.4,17.3,2021,12
James Robinson,RB,15.4,12.5,2021,12
Cole Beasley,WR,15.3,9.6,2021,12
D'Andre Swift,RB,15.2,3.9,2021,12
Elijah Mitchell,RB,15.1,27.8,2021,12
DK Metcalf,WR,15.0,2.3,2021,12
Mac Jones,QB,14.7,21.5,2021,12
Tyler Lockett,WR,14.5,12.6,2021,12
Teddy Bridgewater,QB,14.5,16.16,2021,12
Antonio Gibson,RB,14.5,23.6,2021,12
Davante Adams,WR,14.4,18.4,2021,12
Khalil Herbert,RB,14.2,0.9,2021,12
Matt Ryan,QB,14.2,10.2,2021,12
Deebo Samuel Sr.,WR,14.0,20.8,2021,12
Keenan Allen,WR,13.9,15.5,2021,12
Diontae Johnson,WR,13.7,18.5,2021,12
Leonard Fournette,RB,13.5,44.1,2021,12
Ja'Marr Chase,WR,13.3,6.9,2021,12
Kareem Hunt,RB,13.3,2.0,2021,12
Darnell Mooney,WR,13.1,17.5,2021,12
Tua Tagovailoa,QB,13.0,13.2,2021,12
Trevor Siemian,QB,12.9,8.82,2021,12
Daniel Jones,QB,12.7,15.08,2021,12
Mike Evans,WR,12.6,4.6,2021,12
Darren Waller,TE,12.4,5.3,2021,12
Chris Godwin Jr.,WR,12.3,4.7,2021,12
Hunter Renfrow,WR,12.2,21.6,2021,12
DJ Moore,WR,12.1,14.3,2021,12
Elijah Moore,WR,12.1,9.3,2021,12
DeVonta Smith,WR,12.0,4.2,2021,12
Emmanuel Sanders,WR,11.8,5.8,2021,12
Trevor Lawrence,QB,11.7,17.02,2021,12
Melvin Gordon,RB,11.5,9.8,2021,12
Tony Pollard,RB,11.5,16.8,2021,12
Dallas Goedert,TE,11.4,1.0,2021,12
George Kittle,TE,11.3,2.3,2021,12
Josh Jacobs,RB,11.3,19.2,2021,12
Brandin Cooks,WR,11.1,13.5,2021,12
Ryan Tannehill,QB,10.9,8.12,2021,12
Mike Williams,WR,10.9,7.9,2021,12
Michael Pittman,WR,10.8,9.3,2021,12
Dalton Schultz,TE,10.7,15.6,2021,12
AJ Dillon,RB,10.5,20.0,2021,12
J.D. McKissic,RB,10.4,22.6,2021,12
Dawson Knox,TE,10.4,18.2,2021,12
Chase Claypool,WR,10.3,11.2,2021,12
Damien Harris,RB,10.3,12.2,2021,12
Brandon Aiyuk,WR,10.3,12.5,2021,12
Michael Gallup,WR,10.2,15.6,2021,12
Miles Sanders,RB,10.2,7.4,2021,12
Jamison Crowder,WR,10.0,1.5,2021,12
T.J. Hockenson,TE,9.9,12.5,2021,12
Saquon Barkley,RB,9.8,9.3,2021,12
Terry McLaurin,WR,9.7,9.1,2021,12
Rob Gronkowski,TE,9.5,19.3,2021,12
Rhamondre Stevenson,RB,9.3,4.6,2021,12
Tee Higgins,WR,9.2,23.4,2021,12
Myles Gaskin,RB,9.2,19.2,2021,12
Cedrick Wilson Jr.,WR,9.1,17.4,2021,12
Mark Andrews,TE,9.0,16.5,2021,12
Alex Collins,RB,9.0,1.7,2021,12
Tyler Boyd,WR,9.0,3.3,2021,12
Tyler Conklin,TE,8.7,4.5,2021,12
Amon-Ra St. Brown,WR,8.5,6.3,2021,12
Courtland Sutton,WR,8.5,3.7,2021,12
Devontae Booker,RB,8.4,3.7,2021,12
Javonte Williams,RB,8.4,20.1,2021,12
Nelson Agholor,WR,8.4,5.0,2021,12
Jakobi Meyers,WR,8.4,14.8,2021,12
Chuba Hubbard,RB,8.3,0.6,2021,12
Donovan Peoples-Jones,WR,8.2,3.0,2021,12
Kendrick Bourne,WR,8.1,23.1,2021,12
Marquise Brown,WR,8.0,13.1,2021,12
Cordarrelle Patterson,RB,8.0,27.5,2021,12
Gerald Everett,TE,8.0,14.7,2021,12
Devonta Freeman,RB,7.9,7.0,2021,12
Tim Patrick,WR,7.8,4.6,2021,12
Tyler Higbee,TE,7.8,1.3,2021,12
Logan Thomas,TE,7.8,6.1,2021,12
Devin Singletary,RB,7.8,5.8,2021,12
Noah Fant,TE,7.7,4.2,2021,12
Hunter Henry,TE,7.7,3.6,2021,12
Jarvis Landry,WR,7.7,15.1,2021,12
Odell Beckham Jr.,WR,7.6,19.1,2021,12
Kenyan Drake,RB,7.5,5.0,2021,12
Robbie Chosen,WR,7.5,2.5,2021,12
Marquise Goodwin,WR,7.3,0.0,2021,12
Kyle Pitts,TE,7.3,4.6,2021,12
Pat Freiermuth,TE,7.2,14.0,2021,12
Jerry Jeudy,WR,7.2,4.5,2021,12
C.J. Uzomah,TE,7.1,3.9,2021,12
Ty Johnson,RB,7.1,4.2,2021,12
Boston Scott,RB,7.1,13.2,2021,12
Laviska Shenault Jr.,WR,7.0,8.3,2021,12
Marvin Jones,WR,7.0,8.3,2021,12
Van Jefferson,WR,6.9,18.3,2021,12
Latavius Murray,RB,6.8,1.4,2021,12
Ja'Marcus Bradley,WR,6.8,3.8,2021,12
Russell Gage,WR,6.8,18.2,2021,12
Sony Michel,RB,6.7,3.5,2021,12
Nyheim Hines,RB,6.7,5.9,2021,12
Cole Kmet,TE,6.6,14.5,2021,12
Bryan Edwards,WR,6.6,2.2,2021,12
Austin Hooper,TE,6.5,0.0,2021,12
Jaylen Waddle,WR,6.4,28.7,2021,12
Tre'Quan Smith,WR,6.3,7.1,2021,12
Albert Okwuegbunam,TE,6.2,2.2,2021,12
Marquez Valdes-Scantling,WR,6.2,9.0,2021,12
Matt Breida,RB,6.2,13.5,2021,12
Carlos Hyde,RB,6.2,1.6,2021,12
Brandon Bolden,RB,6.1,9.4,2021,12
David Johnson,RB,6.0,7.5,2021,12
Jared Cook,TE,5.9,10.5,2021,12
Marquez Callaway,WR,5.9,4.4,2021,12
Gabe Davis,WR,5.9,6.7,2021,12
Kalif Raymond,WR,5.8,4.6,2021,12
James Washington,WR,5.8,1.3,2021,12
Samaje Perine,RB,5.8,2.5,2021,12
Quez Watkins,WR,5.7,4.6,2021,12
Olamide Zaccheaus,WR,5.6,1.5,2021,12
David Njoku,TE,5.6,12.5,2021,12
Evan Engram,TE,5.6,6.7,2021,12
Kenny Golladay,WR,5.5,8.0,2021,12
Zach Pascal,WR,5.5,1.2,2021,12
T.Y. Hilton,WR,5.5,12.8,2021,12
Nico Collins,WR,5.3,4.8,2021,12
Mike Gesicki,TE,5.3,4.7,2021,12
Alexander Mattison,RB,5.2,10.8,2021,12
Jamaal Williams,RB,5.2,13.3,2021,12
Mike Davis,RB,5.2,7.1,2021,12
Allen Lazard,WR,5.1,3.3,2021,12
Sammy Watkins,WR,5.0,1.8,2021,12
Deonte Harty,WR,5.0,1.9,2021,12
Ty'Son Williams,RB,5.0,0.1,2021,12
Rex Burkhead,RB,4.9,8.4,2021,12
Dan Arnold,TE,4.9,1.9,2021,12
Rashod Bateman,WR,4.9,7.1,2021,12
Will Dissly,TE,4.8,3.9,2021,12
Foster Moreau,TE,4.7,1.3,2021,12
Jack Doyle,TE,4.7,20.1,2021,12
Keelan Cole,WR,4.5,4.4,2021,12
K.J. Osborn,WR,4.5,1.5,2021,12
Jalen Reagor,WR,4.4,5.1,2021,12
Ronald Jones,RB,4.4,9.7,2021,12
Mo Alie-Cox,TE,4.3,1.8,2021,12
Donald Parham,TE,4.3,1.5,2021,12
Jesse James,TE,4.3,0.0,2021,12
Josh Reynolds,WR,4.2,16.0,2021,12
Cameron Brate,TE,4.1,5.3,2021,12
Adam Humphries,WR,4.0,3.4,2021,12
Dez Fitzpatrick,WR,4.0,2.4,2021,12
Zay Jones,WR,3.8,11.3,2021,12
Randall Cobb,WR,3.8,19.5,2021,12
Jonnu Smith,TE,3.8,8.8,2021,12
Tevin Coleman,RB,3.8,9.0,2021,12
Pharaoh Brown,TE,3.8,0.0,2021,12
Darius Slayton,WR,3.7,5.7,2021,12
Tyler Johnson,WR,3.7,1.9,2021,12
Nick Westbrook-Ikhine,WR,3.6,10.5,2021,12
DeAndre Carter,WR,3.5,8.6,2021,12
Kenny Gainwell,RB,3.5,6.2,2021,12
MyCole Pruitt,TE,3.5,2.0,2021,12
DeeJay Dallas,RB,3.4,8.1,2021,12
Chris Evans,RB,3.4,3.8,2021,12
Joshua Kelley,RB,3.3,4.0,2021,12
Wayne Gallman,RB,3.3,1.9,2021,12
Jimmy Graham,TE,3.3,11.4,2021,12
Tommy Tremble,TE,3.3,1.4,2021,12
Josh Palmer,WR,3.3,4.5,2021,12
Freddie Swain,WR,3.2,10.2,2021,12
D'Onta Foreman,RB,3.2,10.2,2021,12
Geoff Swaim,TE,3.2,1.8,2021,12
James O'Shaughnessy,TE,3.1,7.9,2021,12
Ameer Abdullah,RB,3.0,4.4,2021,12
Zach Gentry,TE,2.9,2.0,2021,12
Salvon Ahmed,RB,2.9,3.6,2021,12
Devin Duvernay,WR,2.9,2.5,2021,12
Lee Smith,TE,2.9,0.0,2021,12
Dominique Dafney,TE,2.8,0.0,2021,12
DeSean Jackson,WR,2.8,19.2,2021,12
Damiere Byrd,WR,2.7,8.2,2021,12
Durham Smythe,TE,2.7,8.5,2021,12
Chris Moore,WR,2.7,0.6,2021,12
Harrison Bryant,TE,2.7,8.0,2021,12
Ian Thomas,TE,2.6,0.0,2021,12
Anthony Firkser,TE,2.6,1.7,2021,12
Justin Jackson,RB,2.5,0.0,2021,12
Dede Westbrook,WR,2.4,0.0,2021,12
Danny Amendola,WR,2.4,5.3,2021,12
Godwin Igwebuike,RB,2.4,1.1,2021,12
Dontrell Hilliard,RB,2.4,18.3,2021,12
Marcedes Lewis,TE,2.4,2.4,2021,12
John Bates,TE,2.4,2.5,2021,12
Demetric Felton,RB,2.3,0.0,2021,12
Jauan Jennings,WR,2.3,10.4,2021,12
Brandon Zylstra,WR,2.3,3.4,2021,12
Tajae Sharpe,WR,2.3,4.2,2021,12
Braxton Berrios,WR,2.3,6.7,2021,12
Jaret Patterson,RB,2.2,0.0,2021,12
Greg Ward,WR,2.2,0.0,2021,12
Jalen Guyton,WR,2.2,4.3,2021,12
Josiah Deguara,TE,2.2,3.3,2021,12
Mack Hollins,WR,2.2,0.0,2021,12
Kendall Hinton,WR,2.1,0.0,2021,12
Anthony Miller,WR,2.1,1.2,2021,12
Chester Rogers,WR,2.1,1.2,2021,12
Charlie Woerner,TE,2.0,2.1,2021,12
Albert Wilson,WR,1.9,6.7,2021,12
Brevin Jordan,TE,1.9,11.3,2021,12
Kylen Granson,TE,1.8,4.2,2021,12
Phillip Lindsay,RB,1.7,4.2,2021,12
Tre' McKitty,TE,1.6,0.0,2021,12
John Ross,WR,1.6,4.8,2021,12
Noah Brown,WR,1.6,11.3,2021,12
Cam Sims,WR,1.6,0.0,2021,12
Preston Williams,WR,1.6,1.4,2021,12
Stephen Anderson,TE,1.5,3.8,2021,12
Tony Jones,RB,1.4,2.7,2021,12
Mike Thomas,WR,1.3,0.0,2021,12
Giovanni Ricci,TE,1.3,0.0,2021,12
Chris Myarick,TE,1.3,9.1,2021,12
Equanimeous St. Brown,WR,1.2,1.7,2021,12
Isaiah Ford,WR,1.2,2.1,2021,12
Patrick Ricard,RB,1.2,1.0,2021,12
Nick Vannett,TE,1.2,8.1,2021,12
Eric Saubert,TE,1.1,7.1,2021,12
Ashton Dulin,WR,1.1,13.2,2021,12
Lil'Jordan Humphrey,WR,1.1,7.7,2021,12
Avery Williams,RB,1.1,0.0,2021,12
Anthony McFarland,RB,1.1,2.3,2021,12
Tavon Austin,WR,1.1,10.1,2021,12
Jaelon Darden,WR,1.0,0.0,2021,12
J.J. Arcega-Whiteside,WR,1.0,2.3,2021,12
Scott Miller,WR,0.9,0.0,2021,12
Dare Ogunbowale,RB,0.9,0.0,2021,12
Benny Snell,RB,0.9,0.5,2021,12
Trent Sherfield,WR,0.9,1.5,2021,12
Chris Manhertz,TE,0.8,2.1,2021,12
Laquon Treadwell,WR,0.8,9.3,2021,12
Kalen Ballage,RB,0.8,3.7,2021,12
Sean McKeon,TE,0.8,8.0,2021,12
Dwayne Washington,RB,0.7,0.0,2021,12
Frank Darby,WR,0.7,0.0,2021,12
Trevon Wesco,TE,0.6,0.0,2021,12
KhaDarel Hodge,WR,0.6,0.0,2021,12
Ty Montgomery,WR,0.5,9.5,2021,12
Jakeem Grant,WR,0.5,4.5,2021,12
Parker Hesse,TE,0.4,1.7,2021,12
Dee Eskridge,WR,0.4,3.0,2021,12
Eric Tomlinson,TE,0.3,0.0,2021,12
Alex Erickson,WR,0.3,2.3,2021,12
Gunner Olszewski,WR,0.3,0.0,2021,12
Amari Rodgers,WR,0.3,0.0,2021,12
Buddy Howell,RB,0.3,0.0,2021,12
Stanley Morgan,WR,0.2,0.0,2021,12
Gary Brightwell,RB,0.1,0.0,2021,12
John Brown,WR,0.1,0.0,2021,12
Curtis Samuel,WR,0.1,2.3,2021,12
Daniel Helm,TE,0.1,0.0,2021,12
Taiwan Jones,RB,0.1,0.0,2021,12
Andre Roberts,WR,0.1,0.0,2021,12
Kene Nwangwu,RB,0.1,6.7,2021,12
PJ Walker,QB,0.0,1.48,2021,12
Jared Goff,QB,0.0,12.84,2021,12
Cam Newton,QB,0.0,6.18,2021,12
Brian Hoyer,QB,0.0,-0.1,2021,12
Brandon Allen,QB,0.0,-0.1,2021,12
Ben Roethlisberger,QB,0.0,8.52,2021,12
J.J. Koski,WR,0.0,0.0,2021,12
Jaydon Mickens,WR,0.0,0.0,2021,12
JoJo Natson,WR,0.0,0.0,2021,12
Pharoh Cooper,WR,0.0,1.9,2021,12
J.P. Holtz,TE,0.0,0.0,2021,12
Diontae Spencer,WR,0.0,0.0,2021,12
Tylan Wallace,WR,0.0,0.0,2021,12
Zach Wilson,QB,0.0,10.1,2021,12
Lamar Jackson,QB,0.0,9.4,2021,12
Andy Dalton,QB,0.0,15.78,2021,12
Jonathan Taylor,RB,33.7,24.3,2021,13
Dak Prescott,QB,26.4,11.22,2021,13
Kirk Cousins,QB,25.9,20.2,2021,13
Justin Jefferson,WR,23.6,35.6,2021,13
Joe Mixon,RB,22.2,9.4,2021,13
Adam Thielen,WR,22.0,1.0,2021,13
Justin Herbert,QB,21.9,25.28,2021,13
Tom Brady,QB,21.2,28.62,2021,13
Derek Carr,QB,21.2,12.36,2021,13
Austin Ekeler,RB,21.1,17.4,2021,13
Carson Wentz,QB,20.7,11.12,2021,13
Antonio Gibson,RB,19.6,22.1,2021,13
Matthew Stafford,QB,19.4,24.0,2021,13
Taylor Heinicke,QB,19.4,14.84,2021,13
Ben Roethlisberger,QB,17.5,19.34,2021,13
Cooper Kupp,WR,17.5,26.9,2021,13
Patrick Mahomes,QB,17.3,12.56,2021,13
Leonard Fournette,RB,17.1,22.2,2021,13
Joe Burrow,QB,16.7,16.6,2021,13
James Conner,RB,16.4,19.1,2021,13
Russell Wilson,QB,16.3,16.74,2021,13
Ezekiel Elliott,RB,16.1,6.7,2021,13
Jimmy Garoppolo,QB,16.1,15.96,2021,13
James Robinson,RB,15.8,2.5,2021,13
Keenan Allen,WR,15.8,22.4,2021,13
Tyreek Hill,WR,15.1,4.2,2021,13
Tua Tagovailoa,QB,14.7,17.86,2021,13
Elijah Mitchell,RB,14.7,17.4,2021,13
Josh Allen,QB,14.7,11.7,2021,13
Hunter Renfrow,WR,14.4,19.2,2021,13
Najee Harris,RB,14.2,15.7,2021,13
Matt Ryan,QB,14.0,12.08,2021,13
Josh Jacobs,RB,13.4,24.0,2021,13
Diontae Johnson,WR,13.2,30.5,2021,13
DeAndre Hopkins,WR,12.7,11.2,2021,13
Tyler Lockett,WR,12.6,19.8,2021,13
CeeDee Lamb,WR,12.4,19.2,2021,13
Mike Evans,WR,12.4,16.9,2021,13
Tyrod Taylor,QB,12.4,1.3,2021,13
Amari Cooper,WR,12.3,6.1,2021,13
Michael Pittman,WR,12.3,17.0,2021,13
Trevor Lawrence,QB,12.1,6.8,2021,13
DeVonta Smith,WR,12.1,3.5,2021,13
Myles Gaskin,RB,12.0,6.9,2021,13
Michael Gallup,WR,11.9,14.6,2021,13
Stefon Diggs,WR,11.8,9.1,2021,13
Mike Williams,WR,11.7,16.0,2021,13
Travis Kelce,TE,11.7,5.7,2021,13
Chris Godwin Jr.,WR,11.4,30.2,2021,13
Ja'Marr Chase,WR,11.3,10.2,2021,13
DK Metcalf,WR,11.2,11.0,2021,13
Elijah Moore,WR,11.2,20.6,2021,13
Mark Ingram,RB,10.9,3.6,2021,13
Corey Davis,WR,10.9,3.5,2021,13
Terry McLaurin,WR,10.9,5.2,2021,13
Tyler Conklin,TE,10.6,12.6,2021,13
Tony Pollard,RB,10.5,15.4,2021,13
David Montgomery,RB,10.5,28.1,2021,13
Chase Claypool,WR,10.3,7.4,2021,13
Andy Dalton,QB,10.2,11.76,2021,13
Tee Higgins,WR,10.2,28.8,2021,13
Cordarrelle Patterson,RB,10.0,12.6,2021,13
Saquon Barkley,RB,9.9,13.4,2021,13
Clyde Edwards-Helaire,RB,9.8,11.2,2021,13
Odell Beckham Jr.,WR,9.8,10.8,2021,13
Dallas Goedert,TE,9.8,28.5,2021,13
Miles Sanders,RB,9.8,17.2,2021,13
Rob Gronkowski,TE,9.8,21.8,2021,13
Javonte Williams,RB,9.7,29.8,2021,13
T.J. Hockenson,TE,9.6,14.9,2021,13
Jaylen Waddle,WR,9.5,18.0,2021,13
George Kittle,TE,9.4,39.6,2021,13
Dalton Schultz,TE,9.2,9.3,2021,13
Courtland Sutton,WR,9.0,3.5,2021,13
Zach Ertz,TE,8.9,2.0,2021,13
Mac Jones,QB,8.9,0.46,2021,13
Jamison Crowder,WR,8.8,10.2,2021,13
JaMycal Hasty,RB,8.8,0.0,2021,13
Devontae Booker,RB,8.8,9.4,2021,13
Devonta Freeman,RB,8.8,20.7,2021,13
Darrel Williams,RB,8.8,11.0,2021,13
Damien Harris,RB,8.7,17.1,2021,13
Christian Kirk,WR,8.7,1.4,2021,13
Marquise Brown,WR,8.6,10.5,2021,13
Boston Scott,RB,8.6,0.0,2021,13
Brandon Aiyuk,WR,8.6,8.5,2021,13
DeVante Parker,WR,8.5,11.2,2021,13
Mark Andrews,TE,8.4,9.0,2021,13
Tim Patrick,WR,8.3,1.9,2021,13
Darnell Mooney,WR,8.3,7.7,2021,13
Nyheim Hines,RB,8.3,8.6,2021,13
Jared Cook,TE,8.2,5.9,2021,13
Amon-Ra St. Brown,WR,8.2,24.8,2021,13
Brandin Cooks,WR,8.1,8.4,2021,13
Cole Beasley,WR,8.1,2.1,2021,13
Russell Gage,WR,8.1,22.0,2021,13
Van Jefferson,WR,8.0,16.1,2021,13
Jerry Jeudy,WR,7.7,11.7,2021,13
Tre'Quan Smith,WR,7.7,3.5,2021,13
Noah Fant,TE,7.7,7.3,2021,13
T.Y. Hilton,WR,7.6,4.2,2021,13
Alexander Mattison,RB,7.6,21.4,2021,13
Kenyan Drake,RB,7.5,1.8,2021,13
Logan Thomas,TE,7.5,13.8,2021,13
Laviska Shenault Jr.,WR,7.5,6.1,2021,13
Tyler Boyd,WR,7.4,13.5,2021,13
C.J. Uzomah,TE,7.4,5.0,2021,13
Jack Doyle,TE,7.3,2.3,2021,13
Josh Reynolds,WR,7.3,10.9,2021,13
Kyle Pitts,TE,7.2,8.8,2021,13
Pat Freiermuth,TE,7.1,7.6,2021,13
Rhamondre Stevenson,RB,7.1,7.8,2021,13
Khalil Herbert,RB,7.1,3.7,2021,13
Gerald Everett,TE,7.0,0.7,2021,13
Emmanuel Sanders,WR,6.9,5.2,2021,13
Latavius Murray,RB,6.9,5.5,2021,13
A.J. Green,WR,6.9,2.4,2021,13
Marvin Jones,WR,6.8,3.1,2021,13
Marquez Callaway,WR,6.7,2.3,2021,13
Adrian Peterson,RB,6.6,7.6,2021,13
Tyler Higbee,TE,6.5,9.8,2021,13
Carlos Hyde,RB,6.4,7.3,2021,13
Bryan Edwards,WR,6.3,6.0,2021,13
Mike Gesicki,TE,6.2,11.6,2021,13
Kenny Golladay,WR,6.2,6.7,2021,13
Dawson Knox,TE,6.1,3.4,2021,13
Devin Singletary,RB,6.1,3.6,2021,13
Rondale Moore,WR,6.1,2.0,2021,13
Quez Watkins,WR,6.1,9.0,2021,13
Albert Okwuegbunam,TE,6.1,5.1,2021,13
Byron Pringle,WR,6.0,2.4,2021,13
Zach Pascal,WR,6.0,2.8,2021,13
Sony Michel,RB,6.0,21.9,2021,13
Kendrick Bourne,WR,5.9,0.3,2021,13
Kalif Raymond,WR,5.9,5.3,2021,13
Jamaal Williams,RB,5.9,9.0,2021,13
Mecole Hardman,WR,5.8,2.2,2021,13
Deonte Harty,WR,5.5,19.9,2021,13
Ty Johnson,RB,5.5,3.5,2021,13
Zack Moss,RB,5.4,5.3,2021,13
DeSean Jackson,WR,5.3,2.4,2021,13
Matt Breida,RB,5.3,1.8,2021,13
Foster Moreau,TE,5.3,4.4,2021,13
Zay Jones,WR,5.2,5.1,2021,13
Mike Davis,RB,5.2,16.9,2021,13
Ronald Jones,RB,5.2,1.2,2021,13
Rashod Bateman,WR,5.1,0.0,2021,13
Donald Parham,TE,5.1,2.3,2021,13
Chris Conley,WR,5.0,0.0,2021,13
Dyami Brown,WR,5.0,1.6,2021,13
Nelson Agholor,WR,4.9,0.6,2021,13
Demarcus Robinson,WR,4.8,4.1,2021,13
Cole Kmet,TE,4.8,7.1,2021,13
Peyton Barber,RB,4.7,1.2,2021,13
K.J. Osborn,WR,4.7,14.7,2021,13
Mo Alie-Cox,TE,4.7,1.0,2021,13
Samaje Perine,RB,4.6,6.1,2021,13
DeAndre Carter,WR,4.6,1.6,2021,13
Olamide Zaccheaus,WR,4.6,7.6,2021,13
Rex Burkhead,RB,4.5,5.5,2021,13
Evan Engram,TE,4.5,10.1,2021,13
Jalen Reagor,WR,4.5,1.7,2021,13
Brandon Bolden,RB,4.4,6.5,2021,13
DeeJay Dallas,RB,4.2,0.0,2021,13
Kenny Stills,WR,4.2,0.0,2021,13
Darius Slayton,WR,4.2,3.3,2021,13
Jermar Jefferson,RB,4.2,1.8,2021,13
Sammy Watkins,WR,4.1,13.9,2021,13
James O'Shaughnessy,TE,4.1,3.3,2021,13
Adam Humphries,WR,4.0,7.8,2021,13
Josh Palmer,WR,4.0,0.0,2021,13
Cameron Brate,TE,3.9,7.3,2021,13
Tevin Coleman,RB,3.9,10.7,2021,13
Nico Collins,WR,3.8,0.0,2021,13
Gabe Davis,WR,3.8,11.0,2021,13
Freddie Swain,WR,3.7,4.8,2021,13
Kenny Gainwell,RB,3.7,19.7,2021,13
Albert Wilson,WR,3.6,6.6,2021,13
Durham Smythe,TE,3.6,0.0,2021,13
Giovani Bernard,RB,3.6,2.0,2021,13
Eno Benjamin,RB,3.6,2.3,2021,13
Noah Brown,WR,3.6,3.4,2021,13
Trayveon Williams,RB,3.5,0.0,2021,13
Salvon Ahmed,RB,3.5,2.3,2021,13
Tyler Johnson,WR,3.4,1.5,2021,13
Will Dissly,TE,3.4,2.7,2021,13
John Bates,TE,2.9,7.2,2021,13
Lee Smith,TE,2.9,0.0,2021,13
Malik Turner,WR,2.8,2.0,2021,13
Devin Duvernay,WR,2.8,4.1,2021,13
Braxton Berrios,WR,2.8,2.1,2021,13
Jalen Guyton,WR,2.8,18.9,2021,13
Ashton Dulin,WR,2.7,7.2,2021,13
Jimmy Graham,TE,2.7,9.1,2021,13
Jauan Jennings,WR,2.6,1.8,2021,13
James Washington,WR,2.6,0.0,2021,13
Ray-Ray McCloud,WR,2.5,1.7,2021,13
Godwin Igwebuike,RB,2.5,3.1,2021,13
Zach Gentry,TE,2.5,3.0,2021,13
Lil'Jordan Humphrey,WR,2.5,12.9,2021,13
Travis Homer,RB,2.5,19.0,2021,13
Tajae Sharpe,WR,2.5,4.0,2021,13
Jonnu Smith,TE,2.5,2.1,2021,13
Kyle Rudolph,TE,2.4,3.8,2021,13
Damiere Byrd,WR,2.4,6.6,2021,13
Deon Jackson,RB,2.4,7.9,2021,13
Kylen Granson,TE,2.4,1.6,2021,13
Pharaoh Brown,TE,2.3,4.3,2021,13
Austin Walter,RB,2.3,3.1,2021,13
Brock Wright,TE,2.2,10.8,2021,13
Jaret Patterson,RB,2.2,0.2,2021,13
Dede Westbrook,WR,2.2,0.8,2021,13
Mack Hollins,WR,2.2,7.5,2021,13
Denzel Mims,WR,2.1,1.4,2021,13
Stephen Anderson,TE,2.1,0.0,2021,13
Brevin Jordan,TE,2.1,2.7,2021,13
Charlie Woerner,TE,2.0,0.0,2021,13
John Ross,WR,2.0,0.0,2021,13
Royce Freeman,RB,2.0,3.1,2021,13
Nick Vannett,TE,1.9,7.8,2021,13
Tavon Austin,WR,1.9,1.9,2021,13
Kendall Hinton,WR,1.9,1.7,2021,13
Justin Jackson,RB,1.9,4.1,2021,13
Rashaad Penny,RB,1.9,7.2,2021,13
Jeff Smith,WR,1.9,0.0,2021,13
Juwan Johnson,TE,1.8,3.7,2021,13
Laquon Treadwell,WR,1.8,10.2,2021,13
N'Keal Harry,TE,1.8,0.0,2021,13
Ty Montgomery,WR,1.7,7.0,2021,13
Isaiah Ford,WR,1.5,7.2,2021,13
Qadree Ollison,RB,1.5,2.5,2021,13
Luke Stocker,TE,1.1,0.0,2021,13
Corey Clement,RB,1.1,0.0,2021,13
Patrick Ricard,RB,1.0,1.9,2021,13
Taysom Hill,TE,1.0,20.66,2021,13
Benny Snell,RB,1.0,1.3,2021,13
Ben Skowronek,WR,1.0,4.5,2021,13
Breshad Perriman,WR,0.9,1.5,2021,13
Mike Boone,RB,0.9,6.4,2021,13
Dee Eskridge,WR,0.8,12.5,2021,13
Dare Ogunbowale,RB,0.7,0.0,2021,13
Dwayne Washington,RB,0.7,0.0,2021,13
Trent Sherfield,WR,0.7,3.6,2021,13
Josh Oliver,TE,0.6,0.0,2021,13
Avery Williams,RB,0.6,0.0,2021,13
Penny Hart,WR,0.6,0.9,2021,13
Garrett Griffin,TE,0.6,1.9,2021,13
Jakeem Grant,WR,0.5,17.2,2021,13
KhaDarel Hodge,WR,0.5,3.8,2021,13
Marcus Kemp,WR,0.5,0.0,2021,13
Curtis Samuel,WR,0.4,0.8,2021,13
Kendall Blanton,TE,0.4,1.6,2021,13
Kene Nwangwu,RB,0.4,2.4,2021,13
Trenton Irwin,WR,0.4,0.0,2021,13
Mekhi Sargent,RB,0.3,0.5,2021,13
Eric Tomlinson,TE,0.2,0.0,2021,13
Pharoh Cooper,WR,0.2,4.1,2021,13
Cody White,WR,0.2,0.0,2021,13
Stanley Morgan,WR,0.2,0.0,2021,13
Gunner Olszewski,WR,0.1,0.0,2021,13
Andre Roberts,WR,0.1,0.0,2021,13
Travis Benjamin,WR,0.1,0.0,2021,13
Jaydon Mickens,WR,0.0,3.0,2021,13
Zach Wilson,QB,0.0,21.04,2021,13
Teddy Bridgewater,QB,0.0,11.98,2021,13
Demetrius Harris,TE,0.0,2.7,2021,13
Lamar Jackson,QB,0.0,17.62,2021,13
Kyler Murray,QB,0.0,30.82,2021,13
Dan Chisena,WR,0.0,0.0,2021,13
Tylan Wallace,WR,0.0,0.0,2021,13
Hunter Long,TE,0.0,1.8,2021,13
Diontae Spencer,WR,0.0,0.0,2021,13
Kenny Yeboah,TE,0.0,0.0,2021,13
Davis Mills,QB,0.0,3.06,2021,13
Jared Goff,QB,0.0,19.94,2021,13
Matthew Slater,WR,0.0,0.0,2021,13
C.J. Beathard,QB,0.0,0.2,2021,13
Kyler Murray,QB,27.0,17.42,2021,14
Patrick Mahomes,QB,24.1,20.32,2021,14
Justin Herbert,QB,23.9,24.9,2021,14
Aaron Rodgers,QB,23.6,29.64,2021,14
Austin Ekeler,RB,23.5,16.4,2021,14
Justin Jefferson,WR,23.3,20.5,2021,14
Dak Prescott,QB,23.2,9.94,2021,14
Josh Allen,QB,23.2,35.22,2021,14
Alvin Kamara,RB,23.2,24.5,2021,14
Joe Mixon,RB,21.7,8.8,2021,14
Kirk Cousins,QB,20.6,14.04,2021,14
Teddy Bridgewater,QB,19.7,15.16,2021,14
Russell Wilson,QB,19.7,21.2,2021,14
Dalvin Cook,RB,19.3,35.2,2021,14
Tyreek Hill,WR,18.7,11.6,2021,14
Ben Roethlisberger,QB,18.5,24.82,2021,14
James Conner,RB,18.1,33.5,2021,14
Antonio Gibson,RB,17.8,4.1,2021,14
Travis Kelce,TE,17.3,5.7,2021,14
Matthew Stafford,QB,17.2,23.48,2021,14
Joe Burrow,QB,17.2,22.22,2021,14
Stefon Diggs,WR,17.1,14.4,2021,14
Cam Newton,QB,16.9,13.82,2021,14
Jimmy Garoppolo,QB,16.9,20.14,2021,14
Tom Brady,QB,16.8,30.12,2021,14
Leonard Fournette,RB,16.7,23.2,2021,14
Baker Mayfield,QB,15.9,15.0,2021,14
Lamar Jackson,QB,15.6,1.18,2021,14
Tyler Lockett,WR,15.5,27.2,2021,14
Derek Carr,QB,15.5,10.52,2021,14
Nick Chubb,RB,15.3,9.5,2021,14
Diontae Johnson,WR,15.2,15.3,2021,14
Najee Harris,RB,15.2,25.4,2021,14
Ryan Tannehill,QB,15.0,16.54,2021,14
Jeff Wilson,RB,15.0,5.6,2021,14
Javonte Williams,RB,14.7,21.3,2021,14
Cooper Kupp,WR,14.6,31.3,2021,14
Davante Adams,WR,14.4,34.1,2021,14
Ezekiel Elliott,RB,14.3,9.0,2021,14
Taylor Heinicke,QB,14.3,7.68,2021,14
David Montgomery,RB,14.2,14.1,2021,14
Zach Wilson,QB,13.9,11.38,2021,14
Mike Williams,WR,13.8,12.1,2021,14
Tee Higgins,WR,13.8,16.4,2021,14
Melvin Gordon,RB,13.6,23.1,2021,14
Josh Jacobs,RB,13.6,10.0,2021,14
Clyde Edwards-Helaire,RB,13.2,19.2,2021,14
DK Metcalf,WR,13.1,8.3,2021,14
George Kittle,TE,13.0,34.1,2021,14
Aaron Jones,RB,12.8,21.5,2021,14
Darrel Williams,RB,12.3,12.9,2021,14
Hunter Renfrow,WR,12.3,28.7,2021,14
CeeDee Lamb,WR,12.3,14.6,2021,14
James Robinson,RB,12.0,0.4,2021,14
Ja'Marr Chase,WR,11.7,25.3,2021,14
AJ Dillon,RB,11.6,7.1,2021,14
Amari Cooper,WR,11.5,16.1,2021,14
Michael Gallup,WR,11.3,11.0,2021,14
DeAndre Hopkins,WR,11.2,10.4,2021,14
Sterling Shepard,WR,11.2,4.7,2021,14
Jerry Jeudy,WR,11.1,9.7,2021,14
Trevor Lawrence,QB,11.0,1.04,2021,14
Matt Ryan,QB,10.9,11.9,2021,14
Chris Godwin Jr.,WR,10.6,20.5,2021,14
Courtland Sutton,WR,10.5,1.9,2021,14
Cole Beasley,WR,10.4,15.4,2021,14
Kareem Hunt,RB,10.4,3.8,2021,14
Dawson Knox,TE,10.1,19.0,2021,14
Jarvis Landry,WR,10.0,15.1,2021,14
Deebo Samuel Sr.,WR,10.0,12.9,2021,14
Noah Fant,TE,10.0,9.1,2021,14
Cedrick Wilson Jr.,WR,9.8,3.8,2021,14
Emmanuel Sanders,WR,9.8,3.5,2021,14
Jamison Crowder,WR,9.8,4.9,2021,14
Alex Collins,RB,9.8,2.7,2021,14
Chase Claypool,WR,9.7,17.5,2021,14
Saquon Barkley,RB,9.7,18.5,2021,14
Darnell Mooney,WR,9.6,2.9,2021,14
Mike Evans,WR,9.4,21.1,2021,14
Cordarrelle Patterson,RB,9.4,13.9,2021,14
Mark Andrews,TE,9.4,28.5,2021,14
Jared Goff,QB,9.1,11.6,2021,14
Tyler Conklin,TE,9.1,4.0,2021,14
Alexander Mattison,RB,9.1,2.7,2021,14
Tim Patrick,WR,9.0,4.1,2021,14
Rob Gronkowski,TE,9.0,11.2,2021,14
Marquise Brown,WR,8.9,9.1,2021,14
Tyler Boyd,WR,8.9,10.3,2021,14
Gerald Everett,TE,8.8,10.8,2021,14
Brandon Aiyuk,WR,8.4,18.6,2021,14
Dalton Schultz,TE,8.4,1.4,2021,14
Devonta Freeman,RB,8.3,12.2,2021,14
Julio Jones,WR,8.3,7.3,2021,14
Devontae Booker,RB,8.3,12.4,2021,14
Odell Beckham Jr.,WR,8.2,19.7,2021,14
Terry McLaurin,WR,8.2,0.0,2021,14
Albert Okwuegbunam,TE,8.2,15.1,2021,14
Zach Ertz,TE,8.1,9.2,2021,14
Jared Cook,TE,8.1,8.8,2021,14
Russell Gage,WR,8.0,10.4,2021,14
Christian Kirk,WR,7.8,11.6,2021,14
Sony Michel,RB,7.8,7.9,2021,14
DJ Moore,WR,7.8,14.4,2021,14
Donovan Peoples-Jones,WR,7.5,14.0,2021,14
Allen Robinson,WR,7.4,3.4,2021,14
Brandin Cooks,WR,7.3,18.1,2021,14
Byron Pringle,WR,7.3,3.8,2021,14
Van Jefferson,WR,7.1,14.8,2021,14
Mecole Hardman,WR,7.1,7.9,2021,14
Carlos Hyde,RB,6.7,1.8,2021,14
Khalil Herbert,RB,6.5,0.3,2021,14
JaMycal Hasty,RB,6.5,4.0,2021,14
Laviska Shenault Jr.,WR,6.4,7.4,2021,14
Marquez Valdes-Scantling,WR,6.4,5.0,2021,14
Gabe Davis,WR,6.4,15.3,2021,14
C.J. Uzomah,TE,6.4,9.6,2021,14
Devin Singletary,RB,6.3,14.9,2021,14
Tre'Quan Smith,WR,6.3,6.3,2021,14
Amon-Ra St. Brown,WR,6.2,15.3,2021,14
D'Ernest Johnson,RB,6.1,3.9,2021,14
Pat Freiermuth,TE,6.1,11.2,2021,14
Mike Davis,RB,5.9,13.6,2021,14
Austin Hooper,TE,5.9,14.0,2021,14
A.J. Green,WR,5.8,17.2,2021,14
Marquez Callaway,WR,5.7,5.4,2021,14
Marvin Jones,WR,5.6,13.0,2021,14
Dontrell Hilliard,RB,5.6,1.3,2021,14
Samaje Perine,RB,5.6,7.3,2021,14
Kenny Golladay,WR,5.6,3.5,2021,14
K.J. Osborn,WR,5.5,17.3,2021,14
Matt Breida,RB,5.5,1.2,2021,14
Rondale Moore,WR,5.4,4.6,2021,14
Ty Johnson,RB,5.4,9.7,2021,14
Cole Kmet,TE,5.4,4.7,2021,14
Jalen Guyton,WR,5.2,17.7,2021,14
Chuba Hubbard,RB,5.2,9.3,2021,14
Sammy Watkins,WR,5.1,0.0,2021,14
Bryan Edwards,WR,5.1,4.4,2021,14
Kyle Pitts,TE,5.1,11.1,2021,14
Josh Reynolds,WR,5.0,8.2,2021,14
D'Onta Foreman,RB,5.0,14.2,2021,14
Nick Westbrook-Ikhine,WR,4.8,6.1,2021,14
Donald Parham,TE,4.8,3.3,2021,14
Ronald Jones,RB,4.8,0.8,2021,14
Evan Engram,TE,4.8,1.8,2021,14
Damien Williams,RB,4.7,2.7,2021,14
Rex Burkhead,RB,4.7,10.6,2021,14
Allen Lazard,WR,4.7,20.9,2021,14
Latavius Murray,RB,4.6,6.1,2021,14
Rashaad Penny,RB,4.4,26.8,2021,14
Freddie Swain,WR,4.4,0.3,2021,14
Rashod Bateman,WR,4.4,17.3,2021,14
Keelan Cole,WR,4.4,3.7,2021,14
DeeJay Dallas,RB,4.3,1.6,2021,14
Robbie Chosen,WR,4.3,21.4,2021,14
Will Dissly,TE,4.3,5.8,2021,14
Joshua Kelley,RB,4.2,4.8,2021,14
Zay Jones,WR,4.1,5.5,2021,14
MyCole Pruitt,TE,4.0,1.5,2021,14
Derrick Gore,RB,4.0,16.9,2021,14
Josh Palmer,WR,3.9,17.6,2021,14
Geoff Swaim,TE,3.9,7.5,2021,14
Adam Humphries,WR,3.8,7.4,2021,14
Darius Slayton,WR,3.8,0.0,2021,14
DeSean Jackson,WR,3.8,2.9,2021,14
Ricky Seals-Jones,TE,3.8,1.8,2021,14
Foster Moreau,TE,3.7,4.3,2021,14
Laquon Treadwell,WR,3.7,10.8,2021,14
Chris Conley,WR,3.6,4.0,2021,14
Damiere Byrd,WR,3.5,15.6,2021,14
Jordan Akins,TE,3.5,1.6,2021,14
Nick Vannett,TE,3.4,7.4,2021,14
Jimmy Graham,TE,3.4,2.9,2021,14
DeAndre Carter,WR,3.3,3.2,2021,14
Hayden Hurst,TE,3.3,7.3,2021,14
Anthony Firkser,TE,3.3,7.4,2021,14
Cameron Brate,TE,3.2,3.1,2021,14
Kalif Raymond,WR,3.2,13.1,2021,14
Braxton Berrios,WR,3.1,11.2,2021,14
Devin Duvernay,WR,3.0,3.7,2021,14
Peyton Barber,RB,3.0,4.0,2021,14
Nico Collins,WR,3.0,11.9,2021,14
Dyami Brown,WR,2.9,0.0,2021,14
Jauan Jennings,WR,2.9,7.6,2021,14
Dee Eskridge,WR,2.8,0.0,2021,14
Justin Jackson,RB,2.8,5.2,2021,14
James O'Shaughnessy,TE,2.8,6.1,2021,14
James Washington,WR,2.8,16.5,2021,14
Tyler Johnson,WR,2.8,4.7,2021,14
Josiah Deguara,TE,2.7,7.4,2021,14
Cody Hollister,WR,2.6,1.6,2021,14
Breshad Perriman,WR,2.5,12.8,2021,14
John Bates,TE,2.5,2.9,2021,14
Kyle Rudolph,TE,2.4,8.6,2021,14
Jakeem Grant,WR,2.4,18.1,2021,14
Jeremy McNichols,RB,2.4,1.6,2021,14
Chris Myarick,TE,2.3,0.0,2021,14
Ameer Abdullah,RB,2.3,5.3,2021,14
Marcedes Lewis,TE,2.3,9.1,2021,14
Juwan Johnson,TE,2.2,2.5,2021,14
Royce Freeman,RB,2.2,12.6,2021,14
Chester Rogers,WR,2.2,2.3,2021,14
Davion Davis,WR,2.2,2.7,2021,14
Brevin Jordan,TE,2.2,12.6,2021,14
Ray-Ray McCloud,WR,2.2,9.2,2021,14
Tajae Sharpe,WR,2.1,1.7,2021,14
Drew Sample,TE,2.0,2.4,2021,14
Brock Wright,TE,2.0,5.0,2021,14
Tommy Tremble,TE,2.0,4.3,2021,14
Dede Westbrook,WR,1.9,0.0,2021,14
Tony Jones,RB,1.9,3.9,2021,14
Stephen Anderson,TE,1.8,2.1,2021,14
Godwin Igwebuike,RB,1.8,0.5,2021,14
Demetric Felton,RB,1.7,0.0,2021,14
Denzel Mims,WR,1.7,0.0,2021,14
Tavon Austin,WR,1.6,4.7,2021,14
Lee Smith,TE,1.6,2.2,2021,14
Brandon Zylstra,WR,1.5,8.5,2021,14
Antony Auclair,TE,1.5,1.6,2021,14
John Ross,WR,1.5,1.7,2021,14
Charlie Woerner,TE,1.5,0.0,2021,14
Trayveon Williams,RB,1.5,0.0,2021,14
Jaret Patterson,RB,1.5,4.8,2021,14
Ian Thomas,TE,1.4,0.0,2021,14
Cam Sims,WR,1.4,15.9,2021,14
Qadree Ollison,RB,1.4,0.3,2021,14
Chris Herndon,TE,1.4,2.7,2021,14
Ben Skowronek,WR,1.3,0.0,2021,14
Benny Snell,RB,1.2,-0.2,2021,14
Trent Sherfield,WR,1.1,0.0,2021,14
Equanimeous St. Brown,WR,1.1,0.0,2021,14
Taysom Hill,TE,1.0,26.3,2021,14
Josh Gordon,WR,1.0,8.9,2021,14
Corey Clement,RB,0.9,5.6,2021,14
Isaiah McKenzie,WR,0.9,1.5,2021,14
La'Mical Perine,RB,0.8,2.8,2021,14
Penny Hart,WR,0.8,2.6,2021,14
Kendall Blanton,TE,0.7,4.9,2021,14
Pharoh Cooper,WR,0.7,1.6,2021,14
Jaelon Darden,WR,0.6,0.0,2021,14
Dwayne Washington,RB,0.6,0.0,2021,14
Avery Williams,RB,0.5,0.0,2021,14
Tyron Johnson,WR,0.5,0.0,2021,14
Josh Oliver,TE,0.5,1.6,2021,14
Marcus Kemp,WR,0.5,0.0,2021,14
Jaydon Mickens,WR,0.4,0.0,2021,14
KhaDarel Hodge,WR,0.4,0.0,2021,14
Curtis Samuel,WR,0.4,0.0,2021,14
Dare Ogunbowale,RB,0.4,2.5,2021,14
Alex Erickson,WR,0.3,0.0,2021,14
Jake Kumerow,WR,0.3,0.0,2021,14
Tom Kennedy,WR,0.2,1.7,2021,14
Phillip Dorsett,WR,0.2,1.9,2021,14
Amari Rodgers,WR,0.2,0.0,2021,14
Frank Darby,WR,0.2,0.0,2021,14
Stanley Morgan,WR,0.2,0.0,2021,14
Tyler Davis,TE,0.2,0.0,2021,14
Andre Roberts,WR,0.1,0.0,2021,14
Racey McMath,WR,0.1,1.9,2021,14
Marquez Stevenson,WR,0.1,0.0,2021,14
Malik Taylor,WR,0.1,0.0,2021,14
J.P. Holtz,TE,0.0,0.0,2021,14
Brandon Powell,WR,0.0,0.0,2021,14
Justin Fields,QB,0.0,18.36,2021,14
Tylan Wallace,WR,0.0,0.0,2021,14
Tyler Huntley,QB,0.0,15.3,2021,14
Mike Glennon,QB,0.0,18.34,2021,14
PJ Walker,QB,0.0,4.5,2021,14
JoJo Natson,WR,0.0,0.0,2021,14
Travis Benjamin,WR,0.0,0.0,2021,14
Diontae Spencer,WR,0.0,0.0,2021,14
Davis Mills,QB,0.0,18.04,2021,14
Daniel Brown,TE,0.0,0.0,2021,14
Kyler Murray,QB,30.2,12.58,2021,15
Aaron Rodgers,QB,29.6,23.82,2021,15
Tom Brady,QB,27.4,4.76,2021,15
Justin Herbert,QB,26.1,23.04,2021,15
James Conner,RB,25.1,9.0,2021,15
Matthew Stafford,QB,23.1,15.46,2021,15
Austin Ekeler,RB,22.3,18.2,2021,15
Josh Allen,QB,21.7,20.8,2021,15
Patrick Mahomes,QB,21.3,29.6,2021,15
Jonathan Taylor,RB,21.3,23.0,2021,15
Dalvin Cook,RB,20.9,11.1,2021,15
Kirk Cousins,QB,20.7,10.48,2021,15
Leonard Fournette,RB,20.3,13.7,2021,15
Dak Prescott,QB,20.2,10.58,2021,15
Justin Jefferson,WR,20.0,14.7,2021,15
Davante Adams,WR,19.3,16.4,2021,15
Cooper Kupp,WR,19.1,34.7,2021,15
Aaron Jones,RB,18.8,15.0,2021,15
Mike Glennon,QB,18.5,-2.04,2021,15
Alvin Kamara,RB,18.4,5.1,2021,15
Keenan Allen,WR,18.4,19.8,2021,15
Tua Tagovailoa,QB,18.1,13.74,2021,15
Jimmy Garoppolo,QB,18.0,13.8,2021,15
Russell Wilson,QB,17.6,4.24,2021,15
David Montgomery,RB,17.4,11.3,2021,15
Chris Godwin Jr.,WR,17.1,10.9,2021,15
Nick Chubb,RB,17.1,16.3,2021,15
Ben Roethlisberger,QB,15.8,11.92,2021,15
George Kittle,TE,15.3,15.3,2021,15
Darrell Henderson,RB,15.1,4.7,2021,15
James Robinson,RB,15.1,17.8,2021,15
Dallas Goedert,TE,14.8,20.5,2021,15
Teddy Bridgewater,QB,14.8,4.92,2021,15
Tyreek Hill,WR,14.7,32.8,2021,15
Ryan Tannehill,QB,14.6,9.92,2021,15
Joe Mixon,RB,14.4,7.0,2021,15
Jeff Wilson,RB,14.4,19.9,2021,15
Travis Kelce,TE,13.9,41.1,2021,15
Matt Ryan,QB,13.9,13.44,2021,15
Najee Harris,RB,13.8,4.6,2021,15
Stefon Diggs,WR,13.7,13.5,2021,15
Ezekiel Elliott,RB,13.7,16.2,2021,15
Mike Evans,WR,13.7,2.4,2021,15
Myles Gaskin,RB,13.6,5.4,2021,15
Derek Carr,QB,13.5,10.14,2021,15
DeVonta Smith,WR,13.4,7.0,2021,15
Joe Burrow,QB,13.1,12.78,2021,15
AJ Dillon,RB,13.0,10.5,2021,15
Javonte Williams,RB,12.6,12.1,2021,15
Zach Wilson,QB,12.6,12.0,2021,15
Mike Williams,WR,12.6,7.9,2021,15
Carson Wentz,QB,12.5,5.98,2021,15
Mac Jones,QB,12.4,17.16,2021,15
Melvin Gordon,RB,12.4,7.1,2021,15
Chase Edmonds,RB,12.3,5.3,2021,15
Diontae Johnson,WR,12.2,9.8,2021,15
Trevor Lawrence,QB,12.2,10.5,2021,15
Hunter Renfrow,WR,12.0,6.2,2021,15
Amari Cooper,WR,11.8,2.8,2021,15
CeeDee Lamb,WR,11.8,11.0,2021,15
Clyde Edwards-Helaire,RB,11.7,9.0,2021,15
Davis Mills,QB,11.7,14.56,2021,15
Rob Gronkowski,TE,11.6,4.9,2021,15
Josh Jacobs,RB,11.4,12.4,2021,15
Darnell Mooney,WR,11.3,11.6,2021,15
DK Metcalf,WR,11.3,11.2,2021,15
Tony Pollard,RB,11.2,11.7,2021,15
DJ Moore,WR,11.1,12.8,2021,15
Odell Beckham Jr.,WR,11.1,1.7,2021,15
Michael Gallup,WR,11.1,6.2,2021,15
Cordarrelle Patterson,RB,11.0,4.3,2021,15
Antonio Gibson,RB,10.8,18.5,2021,15
Miles Sanders,RB,10.8,16.6,2021,15
Jared Goff,QB,10.5,20.64,2021,15
Tee Higgins,WR,10.3,4.3,2021,15
Russell Gage,WR,10.3,23.1,2021,15
Jordan Howard,RB,10.2,6.9,2021,15
Saquon Barkley,RB,10.1,9.4,2021,15
Sony Michel,RB,10.0,13.5,2021,15
Darrel Williams,RB,9.8,1.2,2021,15
Ja'Marr Chase,WR,9.8,1.3,2021,15
Dawson Knox,TE,9.7,7.8,2021,15
Zach Ertz,TE,9.5,13.4,2021,15
Brandon Aiyuk,WR,9.4,4.6,2021,15
Brandin Cooks,WR,9.4,29.2,2021,15
Deebo Samuel Sr.,WR,9.1,18.9,2021,15
Mark Ingram,RB,9.1,3.8,2021,15
Christian Kirk,WR,9.1,24.4,2021,15
Cole Beasley,WR,9.1,7.5,2021,15
DeVante Parker,WR,9.1,16.8,2021,15
Devonta Freeman,RB,8.9,3.4,2021,15
Mark Andrews,TE,8.8,35.6,2021,15
Sterling Shepard,WR,8.7,3.5,2021,15
Chase Claypool,WR,8.6,1.9,2021,15
Van Jefferson,WR,8.6,5.3,2021,15
Tyler Conklin,TE,8.5,1.7,2021,15
Jared Cook,TE,8.3,6.2,2021,15
Rhamondre Stevenson,RB,8.2,5.0,2021,15
Devontae Booker,RB,8.2,10.2,2021,15
Gerald Everett,TE,8.2,10.0,2021,15
Jerry Jeudy,WR,8.1,0.0,2021,15
Quez Watkins,WR,8.1,3.4,2021,15
Michael Pittman,WR,8.0,1.7,2021,15
Noah Fant,TE,7.9,10.7,2021,15
Juwann Winfree,WR,7.9,0.0,2021,15
Mike Gesicki,TE,7.9,9.3,2021,15
Marquise Brown,WR,7.9,14.3,2021,15
Robbie Chosen,WR,7.8,9.2,2021,15
Allen Lazard,WR,7.7,4.8,2021,15
Antoine Wesley,WR,7.7,4.9,2021,15
Jamison Crowder,WR,7.6,9.0,2021,15
Mike Davis,RB,7.5,2.1,2021,15
Courtland Sutton,WR,7.4,3.2,2021,15
Julio Jones,WR,7.4,0.0,2021,15
Donovan Peoples-Jones,WR,7.4,8.8,2021,15
Dalton Schultz,TE,7.3,20.7,2021,15
Marquez Valdes-Scantling,WR,7.3,20.8,2021,15
Albert Okwuegbunam,TE,7.3,8.8,2021,15
Marvin Jones,WR,7.2,3.4,2021,15
Devin Singletary,RB,7.2,16.6,2021,15
Rashaad Penny,RB,7.2,6.4,2021,15
Damiere Byrd,WR,7.0,11.2,2021,15
Jakobi Meyers,WR,6.9,11.3,2021,15
Jalen Guyton,WR,6.9,9.0,2021,15
Tim Patrick,WR,6.9,13.2,2021,15
Laviska Shenault Jr.,WR,6.8,8.9,2021,15
Amon-Ra St. Brown,WR,6.8,23.5,2021,15
A.J. Green,WR,6.8,10.4,2021,15
Kyle Pitts,TE,6.7,11.7,2021,15
Khalil Herbert,RB,6.6,6.4,2021,15
K.J. Osborn,WR,6.4,5.1,2021,15
D'Onta Foreman,RB,6.3,15.5,2021,15
David Njoku,TE,6.3,5.9,2021,15
Gabe Davis,WR,6.3,25.5,2021,15
Tyler Boyd,WR,6.3,20.6,2021,15
Terry McLaurin,WR,6.3,7.1,2021,15
Kendrick Bourne,WR,6.2,9.3,2021,15
Josh Palmer,WR,6.2,2.5,2021,15
Hunter Henry,TE,6.2,25.7,2021,15
Chuba Hubbard,RB,6.1,5.1,2021,15
Rondale Moore,WR,6.0,4.0,2021,15
Nyheim Hines,RB,6.0,7.8,2021,15
Kenny Gainwell,RB,5.9,0.0,2021,15
Byron Pringle,WR,5.9,5.2,2021,15
Cole Kmet,TE,5.8,13.1,2021,15
D'Ernest Johnson,RB,5.8,5.5,2021,15
Mecole Hardman,WR,5.8,3.1,2021,15
Kenny Golladay,WR,5.6,8.3,2021,15
Tre'Quan Smith,WR,5.5,3.7,2021,15
Jalen Reagor,WR,5.5,8.7,2021,15
JaMycal Hasty,RB,5.4,2.6,2021,15
Nelson Agholor,WR,5.3,7.4,2021,15
Olamide Zaccheaus,WR,5.3,7.3,2021,15
Pat Freiermuth,TE,5.2,7.7,2021,15
Rashod Bateman,WR,5.2,1.5,2021,15
Demarcus Robinson,WR,5.2,0.0,2021,15
Brandon Bolden,RB,5.2,7.4,2021,15
Dontrell Hilliard,RB,5.1,9.9,2021,15
Laquon Treadwell,WR,5.1,11.7,2021,15
Josh Reynolds,WR,4.9,18.8,2021,15
Latavius Murray,RB,4.9,6.1,2021,15
Donald Parham,TE,4.9,0.0,2021,15
C.J. Uzomah,TE,4.8,4.8,2021,15
Marquez Callaway,WR,4.8,17.2,2021,15
Nico Collins,WR,4.8,3.4,2021,15
Tevin Coleman,RB,4.8,5.0,2021,15
Rex Burkhead,RB,4.8,5.7,2021,15
Adam Trautman,TE,4.7,1.4,2021,15
Nick Westbrook-Ikhine,WR,4.7,7.2,2021,15
T.Y. Hilton,WR,4.7,2.9,2021,15
Tyler Johnson,WR,4.6,8.1,2021,15
Jakeem Grant,WR,4.5,1.7,2021,15
Samaje Perine,RB,4.5,6.3,2021,15
Matt Breida,RB,4.5,0.1,2021,15
Joshua Kelley,RB,4.4,0.1,2021,15
Albert Wilson,WR,4.4,2.0,2021,15
Damien Williams,RB,4.4,0.0,2021,15
Will Dissly,TE,4.4,1.3,2021,15
Evan Engram,TE,4.3,7.3,2021,15
Ronald Jones,RB,4.3,9.1,2021,15
Jimmy Graham,TE,4.2,2.3,2021,15
Hayden Hurst,TE,4.2,2.6,2021,15
Rashard Higgins,WR,4.1,5.4,2021,15
Tommy Sweeney,TE,4.1,0.0,2021,15
David Johnson,RB,4.1,3.7,2021,15
Jonnu Smith,TE,4.0,1.5,2021,15
Jack Doyle,TE,4.0,1.0,2021,15
O.J. Howard,TE,4.0,0.0,2021,15
Keelan Cole,WR,4.0,1.9,2021,15
James O'Shaughnessy,TE,3.9,10.0,2021,15
Chris Conley,WR,3.9,3.2,2021,15
Geoff Swaim,TE,3.8,1.5,2021,15
Bryan Edwards,WR,3.8,9.8,2021,15
DeeJay Dallas,RB,3.8,14.2,2021,15
Kalif Raymond,WR,3.7,4.0,2021,15
Zach Pascal,WR,3.7,3.3,2021,15
Foster Moreau,TE,3.7,13.5,2021,15
Jauan Jennings,WR,3.7,11.8,2021,15
Josiah Deguara,TE,3.7,4.6,2021,15
Ricky Seals-Jones,TE,3.7,6.9,2021,15
Brandon Zylstra,WR,3.6,3.7,2021,15
Zay Jones,WR,3.6,12.7,2021,15
Durham Smythe,TE,3.6,1.4,2021,15
Marcedes Lewis,TE,3.6,7.0,2021,15
Freddie Swain,WR,3.5,3.5,2021,15
Justin Jackson,RB,3.5,10.9,2021,15
Braxton Berrios,WR,3.5,10.6,2021,15
Darius Slayton,WR,3.4,4.3,2021,15
Kendall Blanton,TE,3.4,0.0,2021,15
Anthony Firkser,TE,3.4,1.9,2021,15
James Washington,WR,3.4,6.6,2021,15
Nick Vannett,TE,3.3,0.0,2021,15
Tyler Kroft,TE,3.3,5.5,2021,15
Harrison Bryant,TE,3.3,9.1,2021,15
Royce Freeman,RB,3.1,0.8,2021,15
Ameer Abdullah,RB,3.1,15.5,2021,15
Shane Zylstra,TE,3.1,2.6,2021,15
Jack Stoll,TE,3.1,1.7,2021,15
MyCole Pruitt,TE,3.0,1.1,2021,15
Terrace Marshall Jr.,WR,3.0,0.0,2021,15
Adam Humphries,WR,3.0,5.3,2021,15
Jonathan Williams,RB,3.0,0.5,2021,15
Craig Reynolds,RB,2.9,12.7,2021,15
Jordan Akins,TE,2.9,4.4,2021,15
Cameron Brate,TE,2.9,4.2,2021,15
Tommy Tremble,TE,2.9,1.8,2021,15
Kyle Rudolph,TE,2.9,1.9,2021,15
Pharaoh Brown,TE,2.8,2.5,2021,15
DeSean Jackson,WR,2.8,2.1,2021,15
Malik Turner,WR,2.7,1.6,2021,15
Jeremy McNichols,RB,2.7,8.1,2021,15
John Bates,TE,2.7,3.9,2021,15
Mack Hollins,WR,2.7,0.0,2021,15
Ray-Ray McCloud,WR,2.6,1.0,2021,15
Tajae Sharpe,WR,2.6,0.0,2021,15
Jermar Jefferson,RB,2.6,0.9,2021,15
Devin Duvernay,WR,2.6,4.3,2021,15
Mo Alie-Cox,TE,2.5,0.0,2021,15
Brock Wright,TE,2.4,0.0,2021,15
DeAndre Carter,WR,2.4,4.4,2021,15
Tre' McKitty,TE,2.3,1.4,2021,15
N'Keal Harry,TE,2.3,7.2,2021,15
Godwin Igwebuike,RB,2.3,1.1,2021,15
Corey Clement,RB,2.3,0.0,2021,15
Cody Hollister,WR,2.2,1.5,2021,15
Lee Smith,TE,2.1,0.0,2021,15
Austin Walter,RB,2.1,1.2,2021,15
Zach Gentry,TE,2.1,2.7,2021,15
Ashton Dulin,WR,2.1,3.9,2021,15
Ke'Shawn Vaughn,RB,2.0,1.9,2021,15
Ty Montgomery,WR,1.9,0.0,2021,15
Chester Rogers,WR,1.9,7.0,2021,15
Stephen Anderson,TE,1.9,2.2,2021,15
Tavon Austin,WR,1.9,2.1,2021,15
Isaiah Ford,WR,1.9,8.1,2021,15
Chris Moore,WR,1.8,0.0,2021,15
Dee Eskridge,WR,1.8,0.0,2021,15
Juwan Johnson,TE,1.7,0.0,2021,15
Kendall Hinton,WR,1.7,0.0,2021,15
Dyami Brown,WR,1.7,0.0,2021,15
Peyton Barber,RB,1.6,5.6,2021,15
Ian Thomas,TE,1.6,1.5,2021,15
Qadree Ollison,RB,1.6,1.7,2021,15
Duke Johnson,RB,1.5,25.7,2021,15
Jaret Patterson,RB,1.5,8.0,2021,15
Jalen Richard,RB,1.4,0.0,2021,15
Demetric Felton,RB,1.4,4.6,2021,15
Drew Sample,TE,1.4,1.2,2021,15
Ben Skowronek,WR,1.3,8.2,2021,15
Greg Ward,WR,1.3,10.8,2021,15
Charlie Woerner,TE,1.2,0.0,2021,15
James Proche,WR,1.2,1.8,2021,15
Blake Bell,TE,1.2,0.3,2021,15
Denzel Mims,WR,1.1,0.0,2021,15
Jacob Hollister,TE,1.0,0.0,2021,15
Chris Manhertz,TE,1.0,2.1,2021,15
Cam Sims,WR,1.0,2.3,2021,15
Dare Ogunbowale,RB,1.0,1.6,2021,15
Kene Nwangwu,RB,1.0,3.3,2021,15
Trent Sherfield,WR,1.0,0.0,2021,15
Dax Milne,WR,0.9,0.8,2021,15
Taysom Hill,TE,0.9,9.46,2021,15
Giovanni Ricci,TE,0.9,0.0,2021,15
Pharoh Cooper,WR,0.8,0.0,2021,15
Collin Johnson,WR,0.8,2.6,2021,15
Isaiah McKenzie,WR,0.8,2.5,2021,15
Jonathan Ward,RB,0.8,2.5,2021,15
Demetrius Harris,TE,0.7,0.0,2021,15
Ihmir Smith-Marsette,WR,0.7,7.7,2021,15
Jesper Horsted,TE,0.7,8.9,2021,15
Jaelon Darden,WR,0.7,0.0,2021,15
Benny Snell,RB,0.7,0.0,2021,15
Phillip Dorsett,WR,0.6,6.3,2021,15
Willie Snead,WR,0.6,0.0,2021,15
Luke Stocker,TE,0.6,0.0,2021,15
Alex Armah,RB,0.5,0.0,2021,15
Racey McMath,WR,0.5,-1.1,2021,15
Jakob Johnson,RB,0.5,0.0,2021,15
Jaydon Mickens,WR,0.4,0.0,2021,15
Hunter Long,TE,0.4,0.0,2021,15
Christian Blake,WR,0.4,0.0,2021,15
Trevon Wesco,TE,0.4,2.9,2021,15
Alex Erickson,WR,0.4,0.0,2021,15
Scott Miller,WR,0.3,3.8,2021,15
Easop Winston,WR,0.3,0.0,2021,15
Amari Rodgers,WR,0.2,0.0,2021,15
Gunner Olszewski,WR,0.1,0.0,2021,15
Tyler Davis,TE,0.1,3.2,2021,15
Avery Williams,RB,0.1,0.0,2021,15
Malik Taylor,WR,0.1,0.0,2021,15
Marquez Stevenson,WR,0.1,0.0,2021,15
Andy Isabella,WR,0.1,2.3,2021,15
Andre Roberts,WR,0.1,0.6,2021,15
Brandon Powell,WR,0.0,0.0,2021,15
Mitchell Wilcox,TE,0.0,0.0,2021,15
Cam Newton,QB,0.0,23.34,2021,15
Daniel Helm,TE,0.0,0.9,2021,15
Tylan Wallace,WR,0.0,1.5,2021,15
Jalen Hurts,QB,0.0,27.64,2021,15
Jacoby Brissett,QB,0.0,0.2,2021,15
Diontae Spencer,WR,0.0,0.0,2021,15
Tyler Huntley,QB,0.0,35.9,2021,15
Jeremy Sprinkle,TE,0.0,4.1,2021,15
River Cracraft,WR,0.0,0.0,2021,15
Justin Fields,QB,0.0,16.9,2021,15
Colt McCoy,QB,0.0,2.54,2021,15
Nsimba Webster,WR,0.0,0.0,2021,15
Justin Herbert,QB,28.9,16.94,2021,16
Matthew Stafford,QB,25.8,6.68,2021,16
Dak Prescott,QB,23.2,31.3,2021,16
Cooper Kupp,WR,23.0,21.3,2021,16
Joe Burrow,QB,22.0,38.1,2021,16
Jalen Hurts,QB,21.9,16.66,2021,16
Patrick Mahomes,QB,21.4,22.32,2021,16
Aaron Rodgers,QB,21.2,19.98,2021,16
Jonathan Taylor,RB,20.3,10.8,2021,16
Kyler Murray,QB,19.9,21.9,2021,16
Tom Brady,QB,18.9,14.38,2021,16
Justin Jefferson,WR,18.8,19.6,2021,16
Matt Ryan,QB,18.7,13.1,2021,16
Keenan Allen,WR,18.3,7.5,2021,16
Tyreek Hill,WR,18.2,3.9,2021,16
Jeff Wilson,RB,18.0,14.7,2021,16
Kirk Cousins,QB,18.0,16.3,2021,16
Cam Newton,QB,17.6,4.64,2021,16
Joe Mixon,RB,17.2,31.5,2021,16
Josh Allen,QB,16.7,30.96,2021,16
Darrell Henderson,RB,16.6,1.7,2021,16
Alvin Kamara,RB,16.5,7.9,2021,16
Antonio Gibson,RB,16.4,13.8,2021,16
Tua Tagovailoa,QB,16.0,10.02,2021,16
Adam Thielen,WR,15.9,7.0,2021,16
Ryan Tannehill,QB,15.9,14.56,2021,16
Russell Wilson,QB,15.9,16.54,2021,16
Mike Glennon,QB,15.6,6.82,2021,16
Jimmy Garoppolo,QB,15.6,13.18,2021,16
Aaron Jones,RB,15.2,13.7,2021,16
Tee Higgins,WR,15.1,43.4,2021,16
Javonte Williams,RB,14.7,10.0,2021,16
James Robinson,RB,14.7,1.0,2021,16
Ezekiel Elliott,RB,14.1,17.2,2021,16
Ben Roethlisberger,QB,14.1,6.36,2021,16
Ja'Marr Chase,WR,14.0,19.5,2021,16
Mark Andrews,TE,14.0,26.5,2021,16
Nick Chubb,RB,14.0,27.4,2021,16
Dallas Goedert,TE,14.0,4.8,2021,16
Davante Adams,WR,13.9,33.4,2021,16
Melvin Gordon,RB,13.7,1.0,2021,16
Tyler Lockett,WR,13.6,6.0,2021,16
CeeDee Lamb,WR,13.5,10.4,2021,16
Davis Mills,QB,13.4,18.06,2021,16
Carson Wentz,QB,13.4,17.4,2021,16
David Montgomery,RB,13.4,23.6,2021,16
Najee Harris,RB,13.3,16.0,2021,16
Cordarrelle Patterson,RB,13.3,8.3,2021,16
Russell Gage,WR,13.0,5.9,2021,16
Miles Sanders,RB,12.9,5.8,2021,16
Zach Wilson,QB,12.9,23.18,2021,16
George Kittle,TE,12.7,4.1,2021,16
A.J. Brown,WR,12.7,31.5,2021,16
Tyler Boyd,WR,12.6,17.5,2021,16
Derek Carr,QB,12.4,8.54,2021,16
Sony Michel,RB,12.2,20.5,2021,16
Clyde Edwards-Helaire,RB,11.9,10.1,2021,16
Tony Pollard,RB,11.7,7.0,2021,16
Amari Cooper,WR,11.5,21.5,2021,16
Antonio Brown,WR,11.3,20.1,2021,16
Trevor Lawrence,QB,11.3,12.9,2021,16
Michael Gallup,WR,11.2,7.3,2021,16
Odell Beckham Jr.,WR,11.1,13.7,2021,16
Jordan Howard,RB,11.0,7.6,2021,16
Cedrick Wilson Jr.,WR,10.8,3.0,2021,16
Jaylen Waddle,WR,10.7,25.2,2021,16
Stefon Diggs,WR,10.7,21.5,2021,16
Diontae Johnson,WR,10.7,15.1,2021,16
Dalton Schultz,TE,10.6,22.2,2021,16
Hunter Renfrow,WR,10.5,13.0,2021,16
Josh Jacobs,RB,10.3,11.4,2021,16
DeVonta Smith,WR,10.3,19.0,2021,16
Damien Harris,RB,10.3,28.3,2021,16
AJ Dillon,RB,10.2,8.6,2021,16
Mac Jones,QB,10.1,5.1,2021,16
DK Metcalf,WR,10.1,12.1,2021,16
Myles Gaskin,RB,10.0,2.6,2021,16
Kyle Pitts,TE,9.5,16.2,2021,16
Noah Fant,TE,9.4,6.0,2021,16
Jared Cook,TE,9.4,9.4,2021,16
Marquise Brown,WR,9.3,9.4,2021,16
C.J. Uzomah,TE,9.3,8.6,2021,16
Mike Davis,RB,9.3,4.5,2021,16
Jarvis Landry,WR,9.1,9.5,2021,16
Van Jefferson,WR,9.0,1.6,2021,16
Darrel Williams,RB,8.9,11.5,2021,16
Mark Ingram,RB,8.9,1.7,2021,16
Albert Okwuegbunam,TE,8.8,0.0,2021,16
DJ Moore,WR,8.7,10.5,2021,16
Terry McLaurin,WR,8.6,7.0,2021,16
Devonta Freeman,RB,8.5,10.0,2021,16
Amon-Ra St. Brown,WR,8.5,26.0,2021,16
Tim Patrick,WR,8.4,3.8,2021,16
Deebo Samuel Sr.,WR,8.3,28.1,2021,16
Christian Kirk,WR,8.3,11.8,2021,16
Brandon Aiyuk,WR,8.1,14.0,2021,16
Alexander Mattison,RB,8.1,16.0,2021,16
Devin Singletary,RB,8.1,18.8,2021,16
Jerry Jeudy,WR,8.0,9.0,2021,16
Duke Johnson,RB,8.0,3.9,2021,16
Rob Gronkowski,TE,7.9,3.3,2021,16
Chase Edmonds,RB,7.8,26.7,2021,16
Courtland Sutton,WR,7.7,7.3,2021,16
Tyler Higbee,TE,7.7,9.1,2021,16
Gerald Everett,TE,7.7,16.8,2021,16
Zach Ertz,TE,7.6,13.4,2021,16
Saquon Barkley,RB,7.5,3.8,2021,16
Tyler Conklin,TE,7.4,8.4,2021,16
Boston Scott,RB,7.3,10.1,2021,16
Donovan Peoples-Jones,WR,7.3,1.5,2021,16
Michael Pittman,WR,7.1,16.5,2021,16
Josh Palmer,WR,6.8,15.3,2021,16
Samaje Perine,RB,6.7,2.6,2021,16
Derrick Gore,RB,6.7,13.4,2021,16
Rashaad Penny,RB,6.7,19.5,2021,16
D'Onta Foreman,RB,6.7,7.7,2021,16
Chase Claypool,WR,6.6,8.1,2021,16
Darnell Mooney,WR,6.6,10.9,2021,16
Devontae Booker,RB,6.5,8.6,2021,16
Quez Watkins,WR,6.5,7.3,2021,16
Dawson Knox,TE,6.4,9.1,2021,16
Emmanuel Sanders,WR,6.4,4.0,2021,16
Olamide Zaccheaus,WR,6.4,5.2,2021,16
Julio Jones,WR,6.4,1.7,2021,16
A.J. Green,WR,6.2,4.3,2021,16
Josh Reynolds,WR,6.2,5.6,2021,16
K.J. Osborn,WR,6.2,17.8,2021,16
Austin Hooper,TE,6.1,5.6,2021,16
Jakobi Meyers,WR,6.1,11.9,2021,16
Hunter Henry,TE,6.1,1.9,2021,16
Nyheim Hines,RB,6.1,2.8,2021,16
Robbie Chosen,WR,6.0,10.8,2021,16
Marvin Jones,WR,6.0,15.4,2021,16
David Njoku,TE,6.0,0.0,2021,16
Mike Gesicki,TE,6.0,5.2,2021,16
Byron Pringle,WR,6.0,25.5,2021,16
Marquez Callaway,WR,6.0,8.6,2021,16
Mecole Hardman,WR,5.9,12.1,2021,16
Rex Burkhead,RB,5.7,28.9,2021,16
Nick Westbrook-Ikhine,WR,5.7,5.8,2021,16
Chuba Hubbard,RB,5.4,0.9,2021,16
Kadarius Toney,WR,5.4,6.8,2021,16
Rashod Bateman,WR,5.4,12.6,2021,16
Cole Kmet,TE,5.3,8.9,2021,16
Kendrick Bourne,WR,5.3,5.3,2021,16
Allen Lazard,WR,5.2,13.8,2021,16
Zack Moss,RB,5.2,3.5,2021,16
Hayden Hurst,TE,5.2,10.1,2021,16
Latavius Murray,RB,5.2,3.4,2021,16
Kenny Golladay,WR,5.1,5.2,2021,16
Laquon Treadwell,WR,5.1,9.4,2021,16
Jalen Reagor,WR,5.0,3.5,2021,16
Brandon Bolden,RB,5.0,4.4,2021,16
Jamaal Williams,RB,4.9,7.7,2021,16
DeeJay Dallas,RB,4.9,7.8,2021,16
James O'Shaughnessy,TE,4.8,8.9,2021,16
Antoine Wesley,WR,4.8,10.9,2021,16
Evan Engram,TE,4.7,11.7,2021,16
Travis Homer,RB,4.7,0.0,2021,16
Kenny Gainwell,RB,4.7,1.6,2021,16
Damiere Byrd,WR,4.7,4.1,2021,16
Rashard Higgins,WR,4.6,10.8,2021,16
Adam Humphries,WR,4.6,2.4,2021,16
Brevin Jordan,TE,4.6,9.6,2021,16
Joshua Kelley,RB,4.6,3.1,2021,16
T.Y. Hilton,WR,4.5,15.1,2021,16
Tevin Coleman,RB,4.5,7.1,2021,16
Nico Collins,WR,4.5,12.3,2021,16
Khalil Herbert,RB,4.5,9.8,2021,16
Dontrell Hilliard,RB,4.5,3.4,2021,16
D'Ernest Johnson,RB,4.4,7.6,2021,16
Craig Reynolds,RB,4.4,8.1,2021,16
Zay Jones,WR,4.3,11.0,2021,16
Le'Veon Bell,RB,4.3,-0.1,2021,16
Chris Evans,RB,4.3,0.1,2021,16
Dazz Newsome,WR,4.2,2.0,2021,16
Demarcus Robinson,WR,4.2,3.5,2021,16
Justin Jackson,RB,4.1,34.2,2021,16
Ricky Seals-Jones,TE,4.1,0.6,2021,16
Jauan Jennings,WR,4.0,3.9,2021,16
JaMycal Hasty,RB,4.0,5.9,2021,16
Chris Conley,WR,3.9,15.0,2021,16
Kalif Raymond,WR,3.8,4.7,2021,16
Ronald Jones,RB,3.8,16.1,2021,16
Geoff Swaim,TE,3.8,4.0,2021,16
Harrison Bryant,TE,3.8,7.1,2021,16
Anthony Firkser,TE,3.7,2.3,2021,16
Tyler Johnson,WR,3.6,0.0,2021,16
Foster Moreau,TE,3.5,10.7,2021,16
Jack Stoll,TE,3.4,0.0,2021,16
Tyler Kroft,TE,3.4,5.9,2021,16
Keelan Cole,WR,3.4,4.5,2021,16
Ameer Abdullah,RB,3.4,3.9,2021,16
DeAndre Carter,WR,3.3,3.0,2021,16
Marcedes Lewis,TE,3.3,2.2,2021,16
Nick Vannett,TE,3.3,0.0,2021,16
Freddie Swain,WR,3.2,1.9,2021,16
James Washington,WR,3.1,0.0,2021,16
Stephen Anderson,TE,3.0,5.4,2021,16
Wayne Gallman,RB,3.0,0.0,2021,16
Darius Slayton,WR,3.0,1.7,2021,16
Chester Rogers,WR,3.0,1.3,2021,16
Lil'Jordan Humphrey,WR,3.0,10.0,2021,16
Josiah Deguara,TE,3.0,2.5,2021,16
John Bates,TE,3.0,12.5,2021,16
Pharaoh Brown,TE,2.9,3.0,2021,16
Jaret Patterson,RB,2.9,3.3,2021,16
Kenny Stills,WR,2.9,1.4,2021,16
Jimmy Graham,TE,2.9,11.0,2021,16
Royce Freeman,RB,2.8,3.4,2021,16
Jonathan Williams,RB,2.8,2.1,2021,16
Tre' McKitty,TE,2.8,2.2,2021,16
Kyle Rudolph,TE,2.8,0.0,2021,16
Jeremy McNichols,RB,2.8,3.1,2021,16
Braxton Berrios,WR,2.8,15.0,2021,16
Colby Parkinson,TE,2.7,0.0,2021,16
Durham Smythe,TE,2.7,6.1,2021,16
Shane Zylstra,TE,2.7,0.0,2021,16
Marquise Goodwin,WR,2.6,4.3,2021,16
Patrick Taylor,RB,2.5,0.0,2021,16
Phillip Lindsay,RB,2.5,3.6,2021,16
Jonnu Smith,TE,2.5,0.0,2021,16
Chris Myarick,TE,2.5,1.6,2021,16
DeSean Jackson,WR,2.5,8.4,2021,16
Josh Gordon,WR,2.4,0.0,2021,16
Brock Wright,TE,2.4,3.4,2021,16
Dede Westbrook,WR,2.4,0.0,2021,16
Malik Turner,WR,2.4,17.2,2021,16
Drew Sample,TE,2.4,2.9,2021,16
Ben Skowronek,WR,2.4,0.0,2021,16
Peyton Barber,RB,2.4,9.2,2021,16
Godwin Igwebuike,RB,2.3,0.0,2021,16
Noah Gray,TE,2.3,3.2,2021,16
Damien Williams,RB,2.3,2.4,2021,16
Tommy Tremble,TE,2.2,4.2,2021,16
Cameron Brate,TE,2.2,9.1,2021,16
Mo Alie-Cox,TE,2.2,6.2,2021,16
Jordan Akins,TE,2.2,0.0,2021,16
N'Keal Harry,TE,2.2,3.5,2021,16
Ray-Ray McCloud,WR,2.1,6.5,2021,16
Ashton Dulin,WR,2.1,3.3,2021,16
Tony Jones,RB,2.1,0.6,2021,16
Zach Gentry,TE,2.0,7.1,2021,16
Mack Hollins,WR,1.9,5.0,2021,16
Demetric Felton,RB,1.9,0.0,2021,16
Phillip Dorsett,WR,1.8,8.5,2021,16
Dyami Brown,WR,1.8,7.3,2021,16
Cam Sims,WR,1.7,0.0,2021,16
J.J. Arcega-Whiteside,WR,1.7,0.0,2021,16
Tyree Jackson,TE,1.7,0.0,2021,16
Corey Clement,RB,1.7,1.8,2021,16
Tavon Austin,WR,1.7,14.9,2021,16
Kylen Granson,TE,1.6,1.6,2021,16
D.J. Montgomery,WR,1.6,0.0,2021,16
Jeff Smith,WR,1.5,0.0,2021,16
Kene Nwangwu,RB,1.5,3.3,2021,16
Ke'Shawn Vaughn,RB,1.5,13.0,2021,16
Ty Montgomery,WR,1.5,0.0,2021,16
Cyril Grayson,WR,1.4,12.5,2021,16
Sean McKeon,TE,1.4,0.0,2021,16
Dee Eskridge,WR,1.4,3.7,2021,16
Ian Thomas,TE,1.3,1.4,2021,16
Chris Moore,WR,1.3,8.0,2021,16
Jalen Richard,RB,1.2,1.9,2021,16
Anthony Schwartz,WR,1.2,9.9,2021,16
Jonathan Ward,RB,1.2,0.3,2021,16
James Proche,WR,1.1,14.6,2021,16
Dare Ogunbowale,RB,1.1,15.2,2021,16
Jeremy Sprinkle,TE,1.0,0.0,2021,16
Dax Milne,WR,1.0,2.4,2021,16
Jake Funk,RB,1.0,-0.1,2021,16
Jaylen Samuels,RB,0.9,0.0,2021,16
Scott Miller,WR,0.9,0.0,2021,16
Equanimeous St. Brown,WR,0.8,-1.0,2021,16
Blake Bell,TE,0.8,2.1,2021,16
Penny Hart,WR,0.8,0.0,2021,16
Juwann Winfree,WR,0.7,0.0,2021,16
Isaiah McKenzie,WR,0.7,29.4,2021,16
Denzel Mims,WR,0.7,0.0,2021,16
Trevon Wesco,TE,0.7,0.0,2021,16
Trent Sherfield,WR,0.7,0.0,2021,16
Terrace Marshall Jr.,WR,0.7,1.6,2021,16
Racey McMath,WR,0.6,0.0,2021,16
Benny Snell,RB,0.6,3.6,2021,16
Giovanni Ricci,TE,0.6,0.0,2021,16
Tom Kennedy,WR,0.5,3.6,2021,16
Jacob Hollister,TE,0.5,4.0,2021,16
Pharoh Cooper,WR,0.5,0.0,2021,16
Shi Smith,WR,0.5,11.6,2021,16
Demetrius Harris,TE,0.4,1.3,2021,16
KhaDarel Hodge,WR,0.4,6.2,2021,16
Reggie Gilliam,RB,0.3,1.8,2021,16
Marcus Kemp,WR,0.3,0.0,2021,16
Jaydon Mickens,WR,0.3,0.0,2021,16
David Sills,WR,0.3,1.5,2021,16
Christian Blake,WR,0.3,1.5,2021,16
Alex Erickson,WR,0.3,0.0,2021,16
Eric Tomlinson,TE,0.2,0.0,2021,16
Jakob Johnson,RB,0.2,1.9,2021,16
Dezmon Patmon,WR,0.2,8.4,2021,16
Easop Winston,WR,0.2,0.0,2021,16
Tylan Wallace,WR,0.2,2.8,2021,16
Jake Kumerow,WR,0.2,2.3,2021,16
Stanley Morgan,WR,0.2,0.0,2021,16
Kevin Rader,TE,0.1,1.7,2021,16
Amari Rodgers,WR,0.1,0.0,2021,16
Cody White,WR,0.1,4.6,2021,16
Brandon Powell,WR,0.1,6.0,2021,16
Mitchell Wilcox,TE,0.1,0.0,2021,16
Gunner Olszewski,WR,0.1,0.9,2021,16
Avery Williams,RB,0.1,0.0,2021,16
Tommylee Lewis,WR,0.0,1.7,2021,16
Sam Darnold,QB,0.0,8.7,2021,16
Mason Rudolph,QB,0.0,3.1,2021,16
J.P. Holtz,TE,0.0,0.0,2021,16
Trent Taylor,WR,0.0,0.0,2021,16
Maurice Ffrench,WR,0.0,0.3,2021,16
Jacoby Brissett,QB,0.0,0.0,2021,16
Diontae Spencer,WR,0.0,0.0,2021,16
Greg Dortch,WR,0.0,0.0,2021,16
Sammis Reyes,TE,0.0,0.0,2021,16
Tim Boyle,QB,0.0,9.48,2021,16
Nsimba Webster,WR,0.0,0.0,2021,16
Marquez Stevenson,WR,0.0,0.0,2021,16
Taylor Heinicke,QB,0.0,4.74,2021,16
Cooper Rush,QB,0.0,6.8,2021,16
Blaine Gabbert,QB,0.0,0.0,2021,16
Baker Mayfield,QB,0.0,9.98,2021,16
Jonathan Taylor,RB,29.9,18.4,2021,17
Aaron Rodgers,QB,28.2,20.32,2021,17
Jeff Wilson,RB,27.2,0.0,2021,17
Josh Allen,QB,26.9,20.9,2021,17
Jalen Hurts,QB,26.7,12.96,2021,17
Patrick Mahomes,QB,26.1,20.86,2021,17
Tom Brady,QB,24.7,26.4,2021,17
Matthew Stafford,QB,24.4,14.26,2021,17
Cooper Kupp,WR,22.8,21.5,2021,17
Joe Burrow,QB,21.8,34.84,2021,17
Elijah Mitchell,RB,21.6,21.0,2021,17
Joe Mixon,RB,21.3,15.6,2021,17
Davante Adams,WR,21.0,30.6,2021,17
Tyreek Hill,WR,20.8,10.2,2021,17
Tyler Huntley,QB,20.7,11.28,2021,17
Kyler Murray,QB,20.5,22.92,2021,17
Russell Wilson,QB,20.1,27.84,2021,17
Dak Prescott,QB,19.7,23.04,2021,17
Aaron Jones,RB,19.5,15.6,2021,17
Carson Wentz,QB,19.3,10.92,2021,17
Travis Kelce,TE,18.8,13.4,2021,17
Justin Herbert,QB,18.8,17.68,2021,17
Cam Newton,QB,17.5,0.5,2021,17
Nick Chubb,RB,17.1,5.8,2021,17
Tee Higgins,WR,17.0,9.2,2021,17
David Montgomery,RB,16.2,20.1,2021,17
George Kittle,TE,16.1,4.5,2021,17
Austin Ekeler,RB,15.8,20.2,2021,17
Dalvin Cook,RB,15.8,4.3,2021,17
Stefon Diggs,WR,15.8,10.2,2021,17
Mark Andrews,TE,15.2,14.9,2021,17
Justin Jefferson,WR,14.8,11.8,2021,17
Alvin Kamara,RB,14.8,21.0,2021,17
Ryan Tannehill,QB,14.7,13.5,2021,17
Tyler Lockett,WR,14.7,12.1,2021,17
D'Andre Swift,RB,14.6,5.9,2021,17
Dallas Goedert,TE,14.6,13.1,2021,17
Antonio Brown,WR,14.3,5.6,2021,17
Davis Mills,QB,14.3,8.92,2021,17
Zach Wilson,QB,14.0,13.36,2021,17
A.J. Brown,WR,13.7,6.1,2021,17
DeVonta Smith,WR,13.3,8.4,2021,17
Ja'Marr Chase,WR,13.1,55.6,2021,17
Damien Harris,RB,13.0,17.7,2021,17
Derek Carr,QB,13.0,10.2,2021,17
AJ Dillon,RB,13.0,22.3,2021,17
Odell Beckham Jr.,WR,12.9,14.9,2021,17
Tua Tagovailoa,QB,12.6,4.3,2021,17
Mike Evans,WR,12.6,14.7,2021,17
Mac Jones,QB,12.4,22.28,2021,17
Sony Michel,RB,12.3,18.9,2021,17
Tyler Boyd,WR,12.3,13.6,2021,17
Ezekiel Elliott,RB,12.1,4.0,2021,17
DK Metcalf,WR,12.0,30.9,2021,17
Brandin Cooks,WR,12.0,19.6,2021,17
Drew Lock,QB,12.0,15.9,2021,17
Ben Roethlisberger,QB,11.7,6.82,2021,17
Deebo Samuel Sr.,WR,11.5,17.2,2021,17
Javonte Williams,RB,11.4,4.2,2021,17
Gerald Everett,TE,11.2,6.6,2021,17
Josh Jacobs,RB,11.1,18.0,2021,17
Najee Harris,RB,11.0,29.6,2021,17
Chase Edmonds,RB,11.0,13.2,2021,17
Keenan Allen,WR,10.8,14.4,2021,17
Rashaad Penny,RB,10.7,32.5,2021,17
Amon-Ra St. Brown,WR,10.6,35.4,2021,17
Amari Cooper,WR,10.6,10.8,2021,17
Michael Pittman,WR,10.5,10.7,2021,17
Cole Beasley,WR,9.9,6.2,2021,17
Gabe Davis,WR,9.8,7.0,2021,17
Jarvis Landry,WR,9.8,8.9,2021,17
Marquise Brown,WR,9.8,5.8,2021,17
Jordan Howard,RB,9.7,2.6,2021,17
CeeDee Lamb,WR,9.7,8.1,2021,17
Jaylen Waddle,WR,9.7,7.7,2021,17
Byron Pringle,WR,9.7,6.5,2021,17
Brandon Aiyuk,WR,9.7,13.4,2021,17
Marquez Valdes-Scantling,WR,9.6,1.3,2021,17
Dawson Knox,TE,9.6,0.0,2021,17
Darrel Williams,RB,9.5,25.7,2021,17
Rob Gronkowski,TE,9.5,18.5,2021,17
Devin Singletary,RB,9.5,23.0,2021,17
Melvin Gordon,RB,9.4,10.2,2021,17
Darnell Mooney,WR,9.4,19.9,2021,17
Tony Pollard,RB,9.3,8.8,2021,17
Matt Ryan,QB,9.3,6.58,2021,17
Hunter Renfrow,WR,9.2,20.6,2021,17
Devonta Freeman,RB,9.2,8.7,2021,17
Nyheim Hines,RB,9.1,5.8,2021,17
Christian Kirk,WR,8.9,13.9,2021,17
Dalton Schultz,TE,8.6,11.4,2021,17
Rhamondre Stevenson,RB,8.5,22.7,2021,17
Saquon Barkley,RB,8.5,10.2,2021,17
Tyler Higbee,TE,8.4,12.9,2021,17
Derrick Gore,RB,8.4,5.5,2021,17
Michael Gallup,WR,8.4,12.6,2021,17
Allen Lazard,WR,8.2,19.2,2021,17
Van Jefferson,WR,8.2,10.3,2021,17
Rex Burkhead,RB,8.1,13.9,2021,17
Diontae Johnson,WR,8.0,17.1,2021,17
Quez Watkins,WR,7.9,3.5,2021,17
DeVante Parker,WR,7.9,8.6,2021,17
DJ Moore,WR,7.9,5.9,2021,17
Ronald Jones,RB,7.8,3.7,2021,17
Mike Williams,WR,7.8,15.3,2021,17
C.J. Uzomah,TE,7.8,7.2,2021,17
Devontae Booker,RB,7.7,6.6,2021,17
Cordarrelle Patterson,RB,7.6,7.2,2021,17
Jakobi Meyers,WR,7.5,21.3,2021,17
Boston Scott,RB,7.4,24.6,2021,17
Trevor Lawrence,QB,7.4,7.32,2021,17
Justin Jackson,RB,7.3,9.1,2021,17
Myles Gaskin,RB,7.3,2.3,2021,17
Allen Robinson,WR,7.3,7.5,2021,17
Alexander Mattison,RB,7.2,5.3,2021,17
Hunter Henry,TE,7.2,6.7,2021,17
T.Y. Hilton,WR,7.1,11.5,2021,17
Mecole Hardman,WR,7.0,6.3,2021,17
Terry McLaurin,WR,6.9,13.1,2021,17
Zach Ertz,TE,6.9,11.1,2021,17
Cedrick Wilson Jr.,WR,6.8,18.74,2021,17
Russell Gage,WR,6.7,8.0,2021,17
Cole Kmet,TE,6.6,5.5,2021,17
DeeJay Dallas,RB,6.5,0.1,2021,17
D'Onta Foreman,RB,6.5,19.2,2021,17
Samaje Perine,RB,6.5,2.4,2021,17
Donovan Peoples-Jones,WR,6.4,10.6,2021,17
Rashod Bateman,WR,6.4,12.8,2021,17
Noah Fant,TE,6.3,21.2,2021,17
Jamaal Williams,RB,6.2,13.4,2021,17
Rashard Higgins,WR,6.0,1.8,2021,17
Kendrick Bourne,WR,6.0,14.3,2021,17
Antoine Wesley,WR,5.9,19.0,2021,17
Damiere Byrd,WR,5.9,3.3,2021,17
Isaiah McKenzie,WR,5.9,1.9,2021,17
Robbie Chosen,WR,5.9,3.0,2021,17
Courtland Sutton,WR,5.8,9.0,2021,17
Ke'Shawn Vaughn,RB,5.8,6.5,2021,17
Duke Johnson,RB,5.8,8.5,2021,17
A.J. Green,WR,5.7,10.4,2021,17
Khalil Herbert,RB,5.7,0.9,2021,17
Jalen Reagor,WR,5.7,-0.3,2021,17
Chris Conley,WR,5.6,1.1,2021,17
Kenny Golladay,WR,5.6,0.0,2021,17
K.J. Osborn,WR,5.6,14.0,2021,17
Austin Hooper,TE,5.6,4.8,2021,17
Nico Collins,WR,5.5,5.5,2021,17
Chuba Hubbard,RB,5.5,15.8,2021,17
Mike Davis,RB,5.4,12.7,2021,17
Evan Engram,TE,5.4,2.2,2021,17
Latavius Murray,RB,5.3,3.1,2021,17
Albert Okwuegbunam,TE,5.3,2.5,2021,17
D'Ernest Johnson,RB,5.3,2.4,2021,17
Zack Moss,RB,5.3,3.9,2021,17
Brandon Bolden,RB,5.2,4.5,2021,17
JaMycal Hasty,RB,5.1,1.6,2021,17
Marquez Callaway,WR,5.0,15.7,2021,17
Zach Pascal,WR,4.9,1.8,2021,17
Kyle Pitts,TE,4.9,8.9,2021,17
Josh Palmer,WR,4.9,4.6,2021,17
Foster Moreau,TE,4.9,1.9,2021,17
Craig Reynolds,RB,4.9,2.3,2021,17
Ty Johnson,RB,4.8,17.2,2021,17
Tyler Conklin,TE,4.7,9.7,2021,17
Nick Westbrook-Ikhine,WR,4.7,0.0,2021,17
Travis Homer,RB,4.7,2.7,2021,17
Zay Jones,WR,4.7,19.9,2021,17
Pat Freiermuth,TE,4.7,7.2,2021,17
Demarcus Robinson,WR,4.6,11.3,2021,17
Will Dissly,TE,4.6,1.8,2021,17
Jauan Jennings,WR,4.6,4.5,2021,17
Ja'Marcus Bradley,WR,4.6,0.0,2021,17
Laviska Shenault Jr.,WR,4.6,3.3,2021,17
David Njoku,TE,4.5,12.8,2021,17
John Bates,TE,4.3,6.5,2021,17
Mike Gesicki,TE,4.3,9.1,2021,17
Mo Alie-Cox,TE,4.2,5.8,2021,17
Marvin Jones,WR,4.2,6.6,2021,17
Kenny Gainwell,RB,4.1,0.4,2021,17
Bryan Edwards,WR,4.1,0.0,2021,17
Dontrell Hilliard,RB,4.1,16.8,2021,17
Brevin Jordan,TE,4.0,1.9,2021,17
Jalen Guyton,WR,3.9,3.1,2021,17
Deonte Harty,WR,3.9,4.3,2021,17
Chase Claypool,WR,3.9,4.7,2021,17
Geoff Swaim,TE,3.8,9.9,2021,17
Jimmy Graham,TE,3.8,0.0,2021,17
Noah Gray,TE,3.7,1.6,2021,17
Le'Veon Bell,RB,3.7,8.5,2021,17
Cameron Brate,TE,3.7,8.5,2021,17
Deon Jackson,RB,3.6,0.0,2021,17
Lil'Jordan Humphrey,WR,3.6,4.6,2021,17
Marquise Goodwin,WR,3.6,0.0,2021,17
Eno Benjamin,RB,3.6,0.3,2021,17
Keelan Cole,WR,3.6,5.5,2021,17
Adam Humphries,WR,3.6,3.2,2021,17
Freddie Swain,WR,3.6,8.5,2021,17
Harrison Bryant,TE,3.5,7.1,2021,17
Josiah Deguara,TE,3.5,3.1,2021,17
Anthony Firkser,TE,3.5,11.4,2021,17
Tyler Johnson,WR,3.4,9.0,2021,17
Olamide Zaccheaus,WR,3.4,2.8,2021,17
Laquon Treadwell,WR,3.4,14.7,2021,17
Braxton Berrios,WR,3.4,25.7,2021,17
Devin Duvernay,WR,3.4,4.3,2021,17
Ricky Seals-Jones,TE,3.3,1.8,2021,17
Cyril Grayson,WR,3.3,20.1,2021,17
Colby Parkinson,TE,3.2,2.2,2021,17
Peyton Barber,RB,3.0,3.2,2021,17
Jakeem Grant,WR,3.0,0.0,2021,17
Brandon Zylstra,WR,3.0,0.0,2021,17
Royce Freeman,RB,3.0,2.5,2021,17
Jeremy McNichols,RB,3.0,1.4,2021,17
Ameer Abdullah,RB,2.9,9.2,2021,17
DeSean Jackson,WR,2.9,1.5,2021,17
Jonnu Smith,TE,2.8,3.5,2021,17
Dare Ogunbowale,RB,2.7,14.8,2021,17
Ashton Dulin,WR,2.5,0.0,2021,17
Breshad Perriman,WR,2.5,6.1,2021,17
Anthony Schwartz,WR,2.5,0.0,2021,17
Damien Williams,RB,2.5,0.0,2021,17
Godwin Igwebuike,RB,2.5,0.0,2021,17
Phillip Lindsay,RB,2.4,1.9,2021,17
Zach Gentry,TE,2.4,1.0,2021,17
Shi Smith,WR,2.4,0.0,2021,17
Chester Rogers,WR,2.4,3.3,2021,17
Jesse James,TE,2.4,1.4,2021,17
Kyle Rudolph,TE,2.4,0.0,2021,17
DeAndre Carter,WR,2.4,0.6,2021,17
Pharaoh Brown,TE,2.3,1.9,2021,17
Jonathan Williams,RB,2.3,3.1,2021,17
Durham Smythe,TE,2.3,6.7,2021,17
Jaret Patterson,RB,2.3,20.8,2021,17
James Washington,WR,2.2,0.0,2021,17
Drew Sample,TE,2.1,0.0,2021,17
Stephen Anderson,TE,2.1,1.8,2021,17
Isaiah Ford,WR,2.0,1.0,2021,17
Ray-Ray McCloud,WR,2.0,7.5,2021,17
Josh Gordon,WR,2.0,1.5,2021,17
Ben Skowronek,WR,1.9,3.8,2021,17
Mack Hollins,WR,1.9,0.0,2021,17
Patrick Taylor,RB,1.9,1.8,2021,17
Eric Saubert,TE,1.8,0.0,2021,17
Dee Eskridge,WR,1.8,4.7,2021,17
Tavon Austin,WR,1.8,3.2,2021,17
Wendell Smallwood,RB,1.7,4.2,2021,17
Kene Nwangwu,RB,1.7,0.0,2021,17
Tony Jones,RB,1.7,-0.2,2021,17
Nick Boyle,TE,1.6,1.2,2021,17
Corey Clement,RB,1.6,0.0,2021,17
Austin Walter,RB,1.6,4.9,2021,17
Cam Sims,WR,1.5,8.8,2021,17
Tre' McKitty,TE,1.5,5.2,2021,17
Dezmon Patmon,WR,1.5,0.0,2021,17
Trinity Benson,WR,1.4,5.1,2021,17
Dede Westbrook,WR,1.4,1.4,2021,17
Blake Bell,TE,1.4,6.7,2021,17
Dyami Brown,WR,1.3,3.5,2021,17
Greg Ward,WR,1.3,5.5,2021,17
Qadree Ollison,RB,1.2,1.9,2021,17
Kendall Hinton,WR,1.2,4.34,2021,17
Ty Montgomery,WR,1.1,-0.4,2021,17
Juwan Johnson,TE,1.1,1.4,2021,17
Jalen Richard,RB,1.1,3.3,2021,17
Charlie Woerner,TE,1.1,0.0,2021,17
Jonathan Ward,RB,1.0,3.6,2021,17
Ian Thomas,TE,1.0,6.3,2021,17
Tom Kennedy,WR,1.0,0.0,2021,17
Equanimeous St. Brown,WR,0.9,2.4,2021,17
Jake Kumerow,WR,0.9,0.0,2021,17
Dax Milne,WR,0.9,0.1,2021,17
Ryan Nall,RB,0.8,0.0,2021,17
Jeff Smith,WR,0.8,2.3,2021,17
Terrace Marshall Jr.,WR,0.8,3.6,2021,17
Benny Snell,RB,0.8,0.2,2021,17
Penny Hart,WR,0.8,1.6,2021,17
Tyler Davis,TE,0.7,2.9,2021,17
Trent Sherfield,WR,0.7,2.2,2021,17
KhaDarel Hodge,WR,0.7,25.2,2021,17
Chris Manhertz,TE,0.6,0.0,2021,17
David Sills,WR,0.6,2.2,2021,17
Taysom Hill,TE,0.6,17.38,2021,17
Pharoh Cooper,WR,0.5,0.0,2021,17
Jakob Johnson,RB,0.5,0.0,2021,17
Kenny Yeboah,TE,0.5,5.6,2021,17
Dominique Dafney,TE,0.4,0.0,2021,17
Juwann Winfree,WR,0.4,2.2,2021,17
Darrell Daniels,TE,0.4,0.0,2021,17
Jaylen Samuels,RB,0.4,5.1,2021,17
Marcus Kemp,WR,0.3,0.0,2021,17
Parker Hesse,TE,0.3,6.1,2021,17
Kevin Rader,TE,0.3,0.0,2021,17
Luke Farrell,TE,0.3,1.7,2021,17
Tyron Johnson,WR,0.2,0.0,2021,17
Gunner Olszewski,WR,0.2,1.9,2021,17
Stanley Morgan,WR,0.2,0.0,2021,17
Alex Erickson,WR,0.2,0.0,2021,17
Taiwan Jones,RB,0.1,0.0,2021,17
Frank Darby,WR,0.1,0.0,2021,17
Marquez Stevenson,WR,0.1,0.0,2021,17
David Moore,WR,0.1,0.0,2021,17
Brandon Powell,WR,0.1,0.0,2021,17
Andre Roberts,WR,0.1,6.0,2021,17
Travis Benjamin,WR,0.1,0.0,2021,17
Giovanni Ricci,TE,0.0,0.0,2021,17
Mike Glennon,QB,0.0,-5.74,2021,17
Tim Boyle,QB,0.0,15.88,2021,17
Trey Lance,QB,0.0,19.06,2021,17
Taylor Heinicke,QB,0.0,9.28,2021,17
Avery Williams,RB,0.0,0.0,2021,17
Diontae Spencer,WR,0.0,0.0,2021,17
Kenjon Barner,RB,0.0,0.0,2021,17
Nathan Cottrell,RB,0.0,0.0,2021,17
Trent Taylor,WR,0.0,0.0,2021,17
Sam Darnold,QB,0.0,1.98,2021,17
Brian Hoyer,QB,0.0,2.62,2021,17
Greg Dortch,WR,0.0,4.4,2021,17
Daniel Brown,TE,0.0,4.9,2021,17
Brandon Allen,QB,0.0,0.0,2021,17
River Cracraft,WR,0.0,0.0,2021,17
Matthew Slater,WR,0.0,0.0,2021,17
Jordan Love,QB,0.0,1.66,2021,17
Baker Mayfield,QB,0.0,13.0,2021,17
Andy Dalton,QB,0.0,10.32,2021,17
Cooper Kupp,WR,29.1,25.9,2022,5
Tom Brady,QB,24.2,19.74,2022,5
Patrick Mahomes,QB,23.2,30.48,2022,5
Kyler Murray,QB,23.0,16.2,2022,5
Tyreek Hill,WR,22.2,13.0,2022,5
Leonard Fournette,RB,21.1,35.9,2022,5
Ryan Tannehill,QB,20.7,11.54,2022,5
Jalen Hurts,QB,20.5,27.66,2022,5
Mike Evans,WR,19.5,12.1,2022,5
Jared Goff,QB,19.3,5.86,2022,5
Derrick Henry,RB,18.9,27.2,2022,5
Travis Kelce,TE,18.9,33.5,2022,5
Joe Burrow,QB,18.9,17.28,2022,5
Rhamondre Stevenson,RB,18.4,19.5,2022,5
Amon-Ra St. Brown,WR,18.3,5.8,2022,5
Damien Harris,RB,18.2,2.2,2022,5
Stefon Diggs,WR,18.2,24.2,2022,5
James Conner,RB,17.5,7.3,2022,5
Justin Herbert,QB,17.5,14.42,2022,5
Nick Chubb,RB,17.3,25.4,2022,5
Mark Andrews,TE,16.8,22.9,2022,5
Jaylen Waddle,WR,16.7,5.3,2022,5
Matthew Stafford,QB,16.4,10.32,2022,5
Aaron Rodgers,QB,16.2,16.88,2022,5
Jeff Wilson,RB,15.9,20.2,2022,5
Josh Jacobs,RB,15.9,30.3,2022,5
Kirk Cousins,QB,15.4,22.24,2022,5
Aaron Jones,RB,15.4,10.0,2022,5
Tyler Higbee,TE,15.4,11.6,2022,5
Jamaal Williams,RB,15.3,5.6,2022,5
Russell Wilson,QB,15.2,9.16,2022,5
DJ Moore,WR,14.9,10.7,2022,5
Saquon Barkley,RB,14.8,19.6,2022,5
Joe Mixon,RB,14.6,11.8,2022,5
Marquise Brown,WR,14.6,21.8,2022,5
Marcus Mariota,QB,14.5,17.98,2022,5
Brandin Cooks,WR,14.5,6.0,2022,5
Austin Ekeler,RB,14.3,35.9,2022,5
Ja'Marr Chase,WR,14.3,12.0,2022,5
Derek Carr,QB,14.3,17.94,2022,5
Dameon Pierce,RB,14.3,20.3,2022,5
Jacoby Brissett,QB,14.3,14.4,2022,5
Clyde Edwards-Helaire,RB,14.2,6.5,2022,5
Dalvin Cook,RB,14.2,26.1,2022,5
Christian McCaffrey,RB,14.1,23.4,2022,5
Justin Jefferson,WR,14.0,30.32,2022,5
Mike Williams,WR,13.8,23.4,2022,5
James Robinson,RB,13.6,5.9,2022,5
Davante Adams,WR,13.6,27.4,2022,5
Carson Wentz,QB,13.6,21.86,2022,5
Davis Mills,QB,13.6,5.8,2022,5
Daniel Jones,QB,13.5,12.38,2022,5
Trevor Lawrence,QB,13.4,10.34,2022,5
Geno Smith,QB,13.1,24.02,2022,5
A.J. Brown,WR,13.0,6.2,2022,5
David Montgomery,RB,12.9,18.2,2022,5
Jimmy Garoppolo,QB,12.7,18.02,2022,5
Christian Kirk,WR,12.6,2.1,2022,5
Josh Reynolds,WR,12.5,15.2,2022,5
Breece Hall,RB,12.3,27.7,2022,5
Russell Gage,WR,12.2,6.0,2022,5
Courtland Sutton,WR,12.1,12.4,2022,5
Miles Sanders,RB,12.1,8.4,2022,5
Allen Lazard,WR,12.0,13.5,2022,5
Alvin Kamara,RB,11.9,23.4,2022,5
Jakobi Meyers,WR,11.9,24.1,2022,5
Cooper Rush,QB,11.8,3.98,2022,5
Kareem Hunt,RB,11.8,14.7,2022,5
Zach Ertz,TE,11.5,10.8,2022,5
Najee Harris,RB,11.5,6.6,2022,5
Cam Akers,RB,11.4,3.3,2022,5
Justin Fields,QB,11.3,17.02,2022,5
DK Metcalf,WR,11.3,17.8,2022,5
AJ Dillon,RB,11.3,3.4,2022,5
Romeo Doubs,WR,11.3,5.9,2022,5
Diontae Johnson,WR,11.2,11.0,2022,5
Robert Woods,WR,11.2,7.7,2022,5
Devin Singletary,RB,11.2,5.6,2022,5
Adam Thielen,WR,11.0,6.7,2022,5
Matt Ryan,QB,11.0,6.14,2022,5
Tyler Lockett,WR,11.0,27.4,2022,5
Rashaad Penny,RB,10.5,5.4,2022,5
Michael Pittman,WR,10.5,10.9,2022,5
Chris Olave,WR,10.4,15.4,2022,5
Deebo Samuel Sr.,WR,10.2,11.2,2022,5
Antonio Gibson,RB,10.1,6.9,2022,5
Terry McLaurin,WR,10.0,12.6,2022,5
Gabe Davis,WR,9.9,32.1,2022,5
T.J. Hockenson,TE,9.9,1.6,2022,5
Raheem Mostert,RB,9.9,19.2,2022,5
Corey Davis,WR,9.9,5.8,2022,5
J.K. Dobbins,RB,9.8,4.4,2022,5
Elijah Moore,WR,9.7,2.1,2022,5
CeeDee Lamb,WR,9.4,10.3,2022,5
Rex Burkhead,RB,9.4,4.8,2022,5
Zay Jones,WR,9.4,4.2,2022,5
DeVonta Smith,WR,9.3,18.7,2022,5
Darrell Henderson,RB,9.3,7.0,2022,5
JuJu Smith-Schuster,WR,9.1,6.3,2022,5
Curtis Samuel,WR,9.1,12.2,2022,5
Amari Cooper,WR,9.0,20.6,2022,5
Tyler Boyd,WR,9.0,6.2,2022,5
Garrett Wilson,WR,9.0,5.7,2022,5
Hunter Renfrow,WR,8.9,6.5,2022,5
Pat Freiermuth,TE,8.8,3.2,2022,5
Gerald Everett,TE,8.8,1.2,2022,5
Marquez Valdes-Scantling,WR,8.8,15.0,2022,5
D'Onta Foreman,RB,8.7,0.2,2022,5
J.D. McKissic,RB,8.7,8.7,2022,5
Ezekiel Elliott,RB,8.7,7.8,2022,5
Tyler Conklin,TE,8.5,0.0,2022,5
David Njoku,TE,8.5,14.8,2022,5
Nico Collins,WR,8.4,10.5,2022,5
Allen Robinson,WR,8.4,4.2,2022,5
Nelson Agholor,WR,8.3,0.0,2022,5
Josh Palmer,WR,8.3,5.4,2022,5
Jerry Jeudy,WR,8.2,8.3,2022,5
Dallas Goedert,TE,8.2,17.5,2022,5
Travis Etienne,RB,8.0,14.4,2022,5
Hayden Hurst,TE,8.0,17.3,2022,5
George Kittle,TE,7.9,7.7,2022,5
Melvin Gordon,RB,7.9,13.3,2022,5
Tony Pollard,RB,7.8,14.6,2022,5
George Pickens,WR,7.7,14.3,2022,5
Brandon Aiyuk,WR,7.6,8.8,2022,5
Rondale Moore,WR,7.6,13.1,2022,5
Drake London,WR,7.5,7.5,2022,5
Dontrell Hilliard,RB,7.5,12.3,2022,5
Alexander Mattison,RB,7.5,7.0,2022,5
Khalil Herbert,RB,7.5,1.1,2022,5
Darrel Williams,RB,7.5,0.9,2022,5
Robbie Chosen,WR,7.2,4.2,2022,5
Devin Duvernay,WR,7.0,12.8,2022,5
Greg Dortch,WR,7.0,0.0,2022,5
Darnell Mooney,WR,6.7,7.2,2022,5
Mack Hollins,WR,6.6,0.0,2022,5
DeAndre Carter,WR,6.6,2.9,2022,5
Kenyan Drake,RB,6.5,3.7,2022,5
Richie James,WR,6.4,3.6,2022,5
Robert Tonyan,TE,6.4,6.3,2022,5
Randall Cobb,WR,6.4,16.9,2022,5
Mecole Hardman,WR,6.4,12.0,2022,5
Marvin Jones,WR,6.4,17.4,2022,5
K.J. Osborn,WR,6.4,9.1,2022,5
Tyler Allgeier,RB,6.3,4.5,2022,5
Nick Westbrook-Ikhine,WR,6.3,9.2,2022,5
Ben Skowronek,WR,6.2,10.1,2022,5
Rachaad White,RB,6.2,7.2,2022,5
Chase Claypool,WR,6.1,10.0,2022,5
Chase Edmonds,RB,6.0,0.1,2022,5
Mike Gesicki,TE,5.9,4.0,2022,5
Kenny Gainwell,RB,5.9,2.0,2022,5
Mark Ingram,RB,5.8,3.6,2022,5
Geoff Swaim,TE,5.8,1.5,2022,5
Hunter Henry,TE,5.8,9.4,2022,5
Cedrick Wilson Jr.,WR,5.6,4.0,2022,5
Noah Brown,WR,5.6,1.5,2022,5
Alec Pierce,WR,5.4,16.1,2022,5
Mo Alie-Cox,TE,5.3,1.7,2022,5
Chris Godwin Jr.,WR,5.3,12.3,2022,5
Donovan Peoples-Jones,WR,5.2,9.0,2022,5
Cade Otton,TE,5.1,10.3,2022,5
Marquez Callaway,WR,5.1,2.5,2022,5
Albert Okwuegbunam,TE,5.1,1.5,2022,5
Juwan Johnson,TE,5.0,2.3,2022,5
Lil'Jordan Humphrey,WR,5.0,0.0,2022,5
Nyheim Hines,RB,4.9,1.8,2022,5
Jerick McKinnon,RB,4.9,9.2,2022,5
Evan Engram,TE,4.9,12.9,2022,5
Eno Benjamin,RB,4.9,14.3,2022,5
Craig Reynolds,RB,4.9,12.2,2022,5
Dante Pettis,WR,4.8,0.0,2022,5
Parris Campbell,WR,4.7,4.2,2022,5
Michael Gallup,WR,4.6,8.4,2022,5
Brandon Bolden,RB,4.6,6.4,2022,5
Daniel Bellinger,TE,4.6,10.4,2022,5
Adam Trautman,TE,4.6,11.2,2022,5
Olamide Zaccheaus,WR,4.6,11.9,2022,5
Christian Watson,WR,4.5,0.8,2022,5
Will Dissly,TE,4.5,4.1,2022,5
Jauan Jennings,WR,4.4,6.5,2022,5
Dalton Schultz,TE,4.4,0.0,2022,5
Ian Thomas,TE,4.4,2.8,2022,5
Scott Miller,WR,4.4,7.5,2022,5
Isiah Pacheco,RB,4.3,0.0,2022,5
Harrison Bryant,TE,4.2,0.0,2022,5
Jaylen Warren,RB,4.1,10.3,2022,5
Samaje Perine,RB,4.1,9.6,2022,5
Zack Moss,RB,4.1,0.7,2022,5
O.J. Howard,TE,4.0,0.0,2022,5
Trent Sherfield,WR,4.0,1.5,2022,5
Shi Smith,WR,3.9,10.9,2022,5
Irv Smith,TE,3.9,8.2,2022,5
Tommy Tremble,TE,3.7,0.0,2022,5
Ashton Dulin,WR,3.6,2.8,2022,5
Austin Hooper,TE,3.6,1.7,2022,5
Noah Fant,TE,3.6,7.9,2022,5
Isaiah Likely,TE,3.5,2.7,2022,5
Durham Smythe,TE,3.5,7.9,2022,5
Chig Okonkwo,TE,3.5,0.0,2022,5
KJ Hamler,WR,3.4,2.0,2022,5
Kylen Granson,TE,3.2,2.6,2022,5
Cole Kmet,TE,3.2,8.5,2022,5
Jamal Agnew,WR,3.1,0.3,2022,5
Noah Gray,TE,3.1,1.7,2022,5
Sony Michel,RB,3.1,0.0,2022,5
Caleb Huntley,RB,3.0,3.4,2022,5
Kendrick Bourne,WR,3.0,1.0,2022,5
Josh Oliver,TE,3.0,0.0,2022,5
Kenneth Walker III,RB,3.0,14.8,2022,5
KhaDarel Hodge,WR,2.9,8.3,2022,5
Quez Watkins,WR,2.9,4.9,2022,5
Eric Saubert,TE,2.9,8.6,2022,5
Mason Schreck,TE,2.9,1.6,2022,5
Hassan Haskins,RB,2.9,0.0,2022,5
Jordan Akins,TE,2.9,4.2,2022,5
James Cook,RB,2.8,9.1,2022,5
Jelani Woods,TE,2.8,0.0,2022,5
Braxton Berrios,WR,2.8,8.4,2022,5
David Bell,WR,2.8,1.6,2022,5
Keelan Cole,WR,2.7,0.0,2022,5
C.J. Uzomah,TE,2.7,3.2,2022,5
Equanimeous St. Brown,WR,2.6,4.4,2022,5
Quintin Morris,TE,2.6,4.9,2022,5
Mike Davis,RB,2.5,0.3,2022,5
Matt Breida,RB,2.5,4.7,2022,5
Zach Gentry,TE,2.4,9.3,2022,5
Kyle Philips,WR,2.3,1.7,2022,5
Bryan Edwards,WR,2.3,2.0,2022,5
Mike Thomas,WR,2.2,4.3,2022,5
Tre'Quan Smith,WR,2.2,2.0,2022,5
Dan Arnold,TE,2.2,3.0,2022,5
Chris Myarick,TE,2.2,1.4,2022,5
Josiah Deguara,TE,2.1,3.9,2022,5
Zander Horvath,RB,2.1,0.3,2022,5
Tre' McKitty,TE,2.0,0.0,2022,5
Justin Jackson,RB,2.0,1.4,2022,5
River Cracraft,WR,2.0,0.0,2022,5
Joshua Kelley,RB,2.0,16.2,2022,5
John Bates,TE,2.0,6.9,2022,5
Jesper Horsted,TE,2.0,4.9,2022,5
Ko Kieft,TE,1.9,0.0,2022,5
Mike Boone,RB,1.9,11.5,2022,5
David Sills,WR,1.9,3.2,2022,5
Dee Eskridge,WR,1.8,0.0,2022,5
Peyton Hendershot,TE,1.8,0.0,2022,5
Phillip Dorsett,WR,1.7,0.0,2022,5
Demarcus Robinson,WR,1.7,1.8,2022,5
Johnny Mundt,TE,1.6,2.6,2022,5
Brandon Powell,WR,1.6,0.1,2022,5
Kalif Raymond,WR,1.5,9.5,2022,5
Justin Watson,WR,1.5,2.0,2022,5
Anthony Schwartz,WR,1.5,0.0,2022,5
Parker Hesse,TE,1.5,1.9,2022,5
Ray-Ray McCloud,WR,1.5,0.0,2022,5
Tyler Davis,TE,1.4,0.7,2022,5
Jonathan Williams,RB,1.4,0.0,2022,5
JaMycal Hasty,RB,1.4,0.6,2022,5
A.J. Green,WR,1.3,5.0,2022,5
Skyy Moore,WR,1.3,3.5,2022,5
Ty Johnson,RB,1.3,0.0,2022,5
Zamir White,RB,1.2,-0.7,2022,5
Anthony Firkser,TE,1.1,2.1,2022,5
Ross Dwelley,TE,1.1,0.0,2022,5
Chris Manhertz,TE,1.1,3.5,2022,5
Chris Evans,RB,1.1,0.0,2022,5
Ameer Abdullah,RB,1.1,0.0,2022,5
DeeJay Dallas,RB,1.0,2.0,2022,5
Damiere Byrd,WR,1.0,0.0,2022,5
Dyami Brown,WR,1.0,24.5,2022,5
Deon Jackson,RB,1.0,13.1,2022,5
Khalil Shakir,WR,0.9,16.5,2022,5
Charlie Woerner,TE,0.9,0.0,2022,5
Deonte Harty,WR,0.9,0.0,2022,5
Giovanni Ricci,TE,0.9,5.7,2022,5
Armani Rogers,TE,0.9,0.0,2022,5
Avery Williams,RB,0.8,10.1,2022,5
Cody Hollister,WR,0.8,0.0,2022,5
Tyrie Cleveland,WR,0.8,0.0,2022,5
Dwayne Washington,RB,0.7,0.0,2022,5
Kyle Rudolph,TE,0.6,0.0,2022,5
Jeff Smith,WR,0.5,2.1,2022,5
Jaelon Darden,WR,0.5,0.0,2022,5
Montrell Washington,WR,0.5,0.9,2022,5
Danny Gray,WR,0.4,0.0,2022,5
Dax Milne,WR,0.4,0.0,2022,5
Jalen Reagor,WR,0.4,7.1,2022,5
Tylan Wallace,WR,0.3,1.8,2022,5
Jordan Mason,RB,0.3,0.0,2022,5
Taysom Hill,TE,0.3,34.08,2022,5
Cam Sims,WR,0.3,1.7,2022,5
Troy Hairston,RB,0.3,0.0,2022,5
Trent Taylor,WR,0.2,0.0,2022,5
Ihmir Smith-Marsette,WR,0.2,0.5,2022,5
Jakob Johnson,RB,0.2,1.5,2022,5
Miles Boykin,WR,0.2,2.1,2022,5
Eric Tomlinson,TE,0.2,0.0,2022,5
Gary Brightwell,RB,0.2,6.5,2022,5
James Proche,WR,0.1,1.7,2022,5
Dare Ogunbowale,RB,0.1,0.0,2022,5
Maurice Alexander,WR,0.1,0.0,2022,5
Zach Wilson,QB,0.0,14.6,2022,5
Tutu Atwell,WR,0.0,6.4,2022,5
Britain Covey,WR,0.0,0.0,2022,5
KaVontae Turpin,WR,0.0,0.0,2022,5
Malik Turner,WR,0.0,0.0,2022,5
Taiwan Jones,RB,0.0,0.0,2022,5
Amari Rodgers,WR,0.0,0.0,2022,5
Velus Jones Jr.,WR,0.0,7.9,2022,5
Stanley Morgan,WR,0.0,0.0,2022,5
Teddy Bridgewater,QB,0.0,0.0,2022,5
Baker Mayfield,QB,0.0,6.6,2022,5
Chester Rogers,WR,0.0,0.0,2022,5
Kene Nwangwu,RB,0.0,0.0,2022,5
Lamar Jackson,QB,0.0,14.76,2022,5
Andy Dalton,QB,0.0,9.88,2022,5
Leonard Fournette,RB,22.6,22.1,2022,6
Aaron Rodgers,QB,22.2,11.84,2022,6
Tom Brady,QB,22.1,13.72,2022,6
Cooper Kupp,WR,22.1,16.7,2022,6
Justin Jefferson,WR,22.1,16.7,2022,6
Kyler Murray,QB,21.9,14.88,2022,6
Patrick Mahomes,QB,21.9,19.62,2022,6
Nick Chubb,RB,21.5,8.0,2022,6
Kirk Cousins,QB,20.7,16.5,2022,6
Jalen Hurts,QB,20.4,16.9,2022,6
Dalvin Cook,RB,20.1,15.3,2022,6
Aaron Jones,RB,19.7,7.4,2022,6
Mike Evans,WR,18.3,8.2,2022,6
Jimmy Garoppolo,QB,18.1,16.94,2022,6
Stefon Diggs,WR,18.1,30.8,2022,6
Christian McCaffrey,RB,17.3,22.8,2022,6
Jacoby Brissett,QB,17.2,8.64,2022,6
Geno Smith,QB,16.9,12.68,2022,6
Saquon Barkley,RB,16.8,18.5,2022,6
Austin Ekeler,RB,16.8,24.3,2022,6
Justin Herbert,QB,16.4,8.42,2022,6
Travis Kelce,TE,16.3,19.2,2022,6
Joe Burrow,QB,16.2,32.5,2022,6
Alvin Kamara,RB,16.2,18.4,2022,6
Carson Wentz,QB,16.1,4.16,2022,6
Tyreek Hill,WR,16.0,29.7,2022,6
Daniel Jones,QB,15.7,13.52,2022,6
Kareem Hunt,RB,15.6,1.2,2022,6
Michael Pittman,WR,15.4,26.4,2022,6
Marquise Brown,WR,15.1,11.8,2022,6
Justin Fields,QB,15.0,18.4,2022,6
Matt Ryan,QB,14.9,27.16,2022,6
Mark Andrews,TE,14.7,23.6,2022,6
Mike Williams,WR,14.5,3.7,2022,6
Allen Lazard,WR,14.4,17.6,2022,6
Adam Thielen,WR,14.2,15.6,2022,6
Amari Cooper,WR,14.1,14.4,2022,6
Joe Mixon,RB,13.9,16.8,2022,6
Matthew Stafford,QB,13.8,11.82,2022,6
Cooper Rush,QB,13.7,5.24,2022,6
Deebo Samuel Sr.,WR,13.6,16.0,2022,6
Ja'Marr Chase,WR,13.6,32.2,2022,6
Russell Wilson,QB,13.4,13.82,2022,6
AJ Dillon,RB,13.4,9.2,2022,6
Marcus Mariota,QB,13.3,24.16,2022,6
David Montgomery,RB,13.3,9.0,2022,6
Clyde Edwards-Helaire,RB,13.2,3.3,2022,6
Gabe Davis,WR,13.2,16.4,2022,6
Andy Dalton,QB,13.1,10.48,2022,6
Diontae Johnson,WR,13.1,8.6,2022,6
DJ Moore,WR,13.0,3.7,2022,6
Tyler Lockett,WR,12.9,3.7,2022,6
Rhamondre Stevenson,RB,12.4,25.1,2022,6
DK Metcalf,WR,12.3,5.4,2022,6
Tee Higgins,WR,12.3,10.7,2022,6
Kenny Pickett,QB,12.2,8.28,2022,6
Romeo Doubs,WR,12.0,6.1,2022,6
Trevor Lawrence,QB,12.0,24.9,2022,6
Zach Ertz,TE,11.8,14.0,2022,6
Tyler Higbee,TE,11.8,1.7,2022,6
Ezekiel Elliott,RB,11.8,15.6,2022,6
Jaylen Waddle,WR,11.7,16.9,2022,6
Miles Sanders,RB,11.6,14.2,2022,6
Jeff Wilson,RB,11.3,0.5,2022,6
Courtland Sutton,WR,11.3,3.4,2022,6
Tony Pollard,RB,11.3,7.2,2022,6
A.J. Brown,WR,11.1,17.7,2022,6
Alexander Mattison,RB,11.0,0.3,2022,6
George Kittle,TE,10.9,16.3,2022,6
Skylar Thompson,QB,10.6,4.46,2022,6
Russell Gage,WR,10.5,4.0,2022,6
Bailey Zappe,QB,10.5,18.36,2022,6
Zach Wilson,QB,10.4,4.5,2022,6
Brandon Aiyuk,WR,10.4,28.3,2022,6
Breece Hall,RB,10.3,20.1,2022,6
Christian Kirk,WR,10.3,10.8,2022,6
David Njoku,TE,10.3,8.8,2022,6
Alec Pierce,WR,10.0,13.9,2022,6
Randall Cobb,WR,9.9,1.8,2022,6
George Pickens,WR,9.8,5.8,2022,6
CeeDee Lamb,WR,9.7,12.7,2022,6
Antonio Gibson,RB,9.7,8.3,2022,6
DeVonta Smith,WR,9.7,15.4,2022,6
Najee Harris,RB,9.6,12.9,2022,6
Marquez Valdes-Scantling,WR,9.4,0.0,2022,6
Dallas Goedert,TE,9.2,4.2,2022,6
K.J. Osborn,WR,9.2,4.8,2022,6
Terry McLaurin,WR,9.2,8.2,2022,6
Melvin Gordon,RB,9.1,0.8,2022,6
Devin Singletary,RB,9.0,14.7,2022,6
Jakobi Meyers,WR,8.8,10.0,2022,6
James Robinson,RB,8.6,6.5,2022,6
Rondale Moore,WR,8.6,10.9,2022,6
Tyler Boyd,WR,8.5,12.6,2022,6
Robert Tonyan,TE,8.5,19.0,2022,6
Breshad Perriman,WR,8.4,0.0,2022,6
J.D. McKissic,RB,8.4,2.0,2022,6
Isaiah McKenzie,WR,8.3,2.9,2022,6
Curtis Samuel,WR,8.3,2.6,2022,6
JuJu Smith-Schuster,WR,8.2,22.3,2022,6
Latavius Murray,RB,8.1,7.4,2022,6
Raheem Mostert,RB,7.7,5.8,2022,6
D'Onta Foreman,RB,7.6,1.9,2022,6
Jerry Jeudy,WR,7.6,8.4,2022,6
Donovan Peoples-Jones,WR,7.6,11.6,2022,6
Zay Jones,WR,7.6,9.2,2022,6
J.K. Dobbins,RB,7.6,1.5,2022,6
Josh Palmer,WR,7.5,14.7,2022,6
Chase Claypool,WR,7.3,23.4,2022,6
Devin Duvernay,WR,7.2,2.4,2022,6
Phillip Lindsay,RB,7.2,6.2,2022,6
Hayden Hurst,TE,7.2,5.1,2022,6
Darnell Mooney,WR,7.1,13.8,2022,6
Deon Jackson,RB,7.1,28.1,2022,6
Corey Davis,WR,7.0,7.2,2022,6
Darrell Henderson,RB,6.9,13.2,2022,6
Dawson Knox,TE,6.9,12.7,2022,6
Travis Etienne,RB,6.9,12.8,2022,6
Irv Smith,TE,6.9,10.7,2022,6
Greg Dortch,WR,6.9,0.0,2022,6
Parris Campbell,WR,6.8,18.7,2022,6
Cameron Brate,TE,6.6,3.4,2022,6
Eno Benjamin,RB,6.6,9.5,2022,6
Mecole Hardman,WR,6.6,13.2,2022,6
Drake London,WR,6.4,7.0,2022,6
Chuba Hubbard,RB,6.4,1.7,2022,6
Garrett Wilson,WR,6.2,1.8,2022,6
Gerald Everett,TE,6.2,7.9,2022,6
Rachaad White,RB,6.2,5.3,2022,6
Chris Godwin Jr.,WR,6.2,15.5,2022,6
DeVante Parker,WR,6.2,10.4,2022,6
Khalil Herbert,RB,6.1,7.4,2022,6
Cade Otton,TE,6.0,4.3,2022,6
Evan Engram,TE,6.0,9.0,2022,6
Jauan Jennings,WR,5.9,3.8,2022,6
Kenyan Drake,RB,5.9,19.7,2022,6
Allen Robinson,WR,5.9,17.3,2022,6
Tevin Coleman,RB,5.9,0.3,2022,6
Richie James,WR,5.7,3.8,2022,6
Mark Ingram,RB,5.7,6.7,2022,6
Shi Smith,WR,5.6,0.0,2022,6
DeAndre Carter,WR,5.5,4.7,2022,6
Marquez Callaway,WR,5.5,6.6,2022,6
Jerick McKinnon,RB,5.5,6.0,2022,6
Tyler Allgeier,RB,5.4,5.1,2022,6
Ben Skowronek,WR,5.4,16.7,2022,6
Daniel Bellinger,TE,5.2,14.8,2022,6
Adam Trautman,TE,5.2,1.8,2022,6
Noah Brown,WR,5.2,2.0,2022,6
Michael Gallup,WR,5.1,3.8,2022,6
Kenny Gainwell,RB,5.1,2.5,2022,6
Scott Miller,WR,5.0,0.0,2022,6
Kylen Granson,TE,4.9,7.8,2022,6
Zach Gentry,TE,4.9,1.4,2022,6
Tyler Conklin,TE,4.9,2.7,2022,6
Dante Pettis,WR,4.9,18.4,2022,6
Chase Edmonds,RB,4.8,5.1,2022,6
Will Dissly,TE,4.8,2.2,2022,6
Noah Fant,TE,4.8,10.5,2022,6
Olamide Zaccheaus,WR,4.7,9.8,2022,6
Samaje Perine,RB,4.6,3.6,2022,6
Jaylen Warren,RB,4.6,0.2,2022,6
Juwan Johnson,TE,4.6,8.1,2022,6
Marcus Johnson,WR,4.5,4.5,2022,6
Kyle Pitts,TE,4.4,10.9,2022,6
Cole Kmet,TE,4.3,2.5,2022,6
Brian Robinson,RB,4.3,12.0,2022,6
Harrison Bryant,TE,4.2,4.8,2022,6
Trey McBride,TE,4.2,0.0,2022,6
Terrace Marshall Jr.,WR,4.1,0.0,2022,6
Mike Gesicki,TE,4.1,24.9,2022,6
Pharaoh Brown,TE,4.0,4.1,2022,6
Kendall Hinton,WR,4.0,1.8,2022,6
Tre'Quan Smith,WR,3.9,13.3,2022,6
Hunter Henry,TE,3.6,16.1,2022,6
Jelani Woods,TE,3.6,10.7,2022,6
Quintin Morris,TE,3.5,0.0,2022,6
Khalil Shakir,WR,3.5,2.4,2022,6
Ian Thomas,TE,3.5,4.2,2022,6
David Bell,WR,3.4,2.3,2022,6
Matt Breida,RB,3.4,3.1,2022,6
Colby Parkinson,TE,3.3,3.1,2022,6
KJ Hamler,WR,3.3,6.4,2022,6
Kenneth Walker III,RB,3.2,19.0,2022,6
KhaDarel Hodge,WR,3.1,0.0,2022,6
Equanimeous St. Brown,WR,3.1,0.1,2022,6
Boston Scott,RB,3.1,1.6,2022,6
Isiah Pacheco,RB,3.1,3.8,2022,6
Quez Watkins,WR,3.1,0.7,2022,6
Dyami Brown,WR,3.0,0.0,2022,6
Jake Ferguson,TE,3.0,14.0,2022,6
Caleb Huntley,RB,3.0,5.9,2022,6
Mike Boone,RB,2.9,1.4,2022,6
James Cook,RB,2.8,0.8,2022,6
Trent Sherfield,WR,2.8,1.6,2022,6
Cole Turner,TE,2.6,4.3,2022,6
Isaiah Likely,TE,2.6,5.0,2022,6
Johnny Mundt,TE,2.5,2.1,2022,6
Jamal Agnew,WR,2.4,3.4,2022,6
Marquise Goodwin,WR,2.4,4.6,2022,6
Jonnu Smith,TE,2.4,8.1,2022,6
Noah Gray,TE,2.4,4.3,2022,6
Sony Michel,RB,2.3,7.2,2022,6
C.J. Uzomah,TE,2.3,3.7,2022,6
Peyton Hendershot,TE,2.3,4.2,2022,6
David Sills,WR,2.1,1.8,2022,6
Josh Oliver,TE,2.1,4.1,2022,6
A.J. Green,WR,1.9,2.7,2022,6
Zach Pascal,WR,1.8,0.0,2022,6
Ray-Ray McCloud,WR,1.8,0.0,2022,6
Avery Williams,RB,1.8,1.8,2022,6
Kendrick Bourne,WR,1.7,2.7,2022,6
Demarcus Robinson,WR,1.7,5.7,2022,6
Donald Parham,TE,1.7,8.3,2022,6
Tim Jones,WR,1.7,3.0,2022,6
Braxton Berrios,WR,1.7,9.6,2022,6
Dee Eskridge,WR,1.6,6.9,2022,6
Josiah Deguara,TE,1.6,1.9,2022,6
Zander Horvath,RB,1.5,1.0,2022,6
Mike Strachan,WR,1.5,0.0,2022,6
Skyy Moore,WR,1.5,3.4,2022,6
DeeJay Dallas,RB,1.5,0.1,2022,6
Tre' McKitty,TE,1.4,0.0,2022,6
Cam Sims,WR,1.4,1.6,2022,6
Justin Watson,WR,1.4,0.0,2022,6
Michael Bandy,WR,1.3,1.4,2022,6
River Cracraft,WR,1.3,0.0,2022,6
Ko Kieft,TE,1.3,0.0,2022,6
Jalen Reagor,WR,1.2,0.0,2022,6
Anthony Schwartz,WR,1.2,0.0,2022,6
Reggie Gilliam,RB,1.1,4.8,2022,6
Tutu Atwell,WR,1.1,0.9,2022,6
Gary Brightwell,RB,1.1,0.0,2022,6
Patrick Ricard,RB,1.1,0.0,2022,6
JaMycal Hasty,RB,1.0,11.7,2022,6
Brandon Powell,WR,1.0,8.0,2022,6
Velus Jones Jr.,WR,0.9,2.8,2022,6
Jack Stoll,TE,0.9,3.1,2022,6
Charlie Woerner,TE,0.9,0.0,2022,6
Juwann Winfree,WR,0.7,0.0,2022,6
Miles Boykin,WR,0.7,0.0,2022,6
Chris Evans,RB,0.6,0.0,2022,6
Jaelon Darden,WR,0.6,0.0,2022,6
Tanner Conner,TE,0.6,0.0,2022,6
Ihmir Smith-Marsette,WR,0.5,-0.1,2022,6
Tyrie Cleveland,WR,0.5,0.0,2022,6
Tylan Wallace,WR,0.5,1.4,2022,6
Pierre Strong,RB,0.5,0.5,2022,6
Montrell Washington,WR,0.4,1.0,2022,6
Steven Sims,WR,0.4,-0.5,2022,6
Wan'Dale Robinson,WR,0.3,12.7,2022,6
Dax Milne,WR,0.3,1.5,2022,6
Taysom Hill,TE,0.3,4.54,2022,6
Gunner Olszewski,WR,0.3,0.0,2022,6
Armani Rogers,TE,0.3,0.0,2022,6
Stephen Sullivan,TE,0.3,0.0,2022,6
Eric Tomlinson,TE,0.2,2.6,2022,6
D'Ernest Johnson,RB,0.2,2.9,2022,6
Trent Taylor,WR,0.1,0.0,2022,6
Kene Nwangwu,RB,0.0,0.0,2022,6
Britain Covey,WR,0.0,0.0,2022,6
Chester Rogers,WR,0.0,0.0,2022,6
Cullen Gillaspia,RB,0.0,0.0,2022,6
Keke Coutee,WR,0.0,0.0,2022,6
KaVontae Turpin,WR,0.0,0.0,2022,6
Raheem Blackshear,RB,0.0,0.0,2022,6
Jordan Love,QB,0.0,0.32,2022,6
Teddy Bridgewater,QB,0.0,18.16,2022,6
PJ Walker,QB,0.0,2.3,2022,6
Devin Asiasi,TE,0.0,0.0,2022,6
Lamar Jackson,QB,0.0,16.1,2022,6
Mitchell Trubisky,QB,0.0,10.26,2022,6
Joe Burrow,QB,25.4,39.24,2022,7
Lamar Jackson,QB,23.1,10.7,2022,7
Josh Jacobs,RB,21.4,36.5,2022,7
Austin Ekeler,RB,21.4,36.7,2022,7
Saquon Barkley,RB,21.3,17.5,2022,7
Aaron Rodgers,QB,20.9,15.76,2022,7
Justin Herbert,QB,20.1,18.12,2022,7
Marcus Mariota,QB,19.4,12.06,2022,7
Ja'Marr Chase,WR,19.3,33.0,2022,7
Tyreek Hill,WR,19.0,14.2,2022,7
Kyler Murray,QB,18.8,17.16,2022,7
Patrick Mahomes,QB,18.5,26.92,2022,7
Leonard Fournette,RB,18.4,4.6,2022,7
Joe Mixon,RB,17.9,18.1,2022,7
Daniel Jones,QB,17.9,28.78,2022,7
Rhamondre Stevenson,RB,17.4,23.8,2022,7
Travis Kelce,TE,16.6,15.8,2022,7
Ezekiel Elliott,RB,16.5,17.7,2022,7
Mike Williams,WR,16.4,21.6,2022,7
Diontae Johnson,WR,16.3,9.5,2022,7
Tom Brady,QB,16.2,11.7,2022,7
Derrick Henry,RB,16.2,16.8,2022,7
Derek Carr,QB,16.0,13.54,2022,7
Tee Higgins,WR,15.9,14.3,2022,7
Jacoby Brissett,QB,15.9,10.12,2022,7
Davante Adams,WR,15.8,17.5,2022,7
Kenny Pickett,QB,15.5,10.28,2022,7
Bailey Zappe,QB,15.4,5.3,2022,7
Mark Andrews,TE,15.3,0.4,2022,7
Geno Smith,QB,15.3,13.1,2022,7
Jared Goff,QB,15.2,1.52,2022,7
Aaron Jones,RB,15.1,28.6,2022,7
Nick Chubb,RB,15.0,18.7,2022,7
Allen Lazard,WR,14.9,11.5,2022,7
Tony Pollard,RB,14.7,12.9,2022,7
Amon-Ra St. Brown,WR,14.6,1.4,2022,7
Trevor Lawrence,QB,14.5,18.7,2022,7
Jimmy Garoppolo,QB,14.4,16.32,2022,7
Pat Freiermuth,TE,13.8,15.5,2022,7
Michael Pittman,WR,13.7,9.8,2022,7
Ryan Tannehill,QB,13.6,3.88,2022,7
Jeff Wilson,RB,13.5,5.4,2022,7
Jaylen Waddle,WR,13.4,12.8,2022,7
Matt Ryan,QB,13.3,9.92,2022,7
Christian McCaffrey,RB,13.2,8.2,2022,7
David Montgomery,RB,13.2,12.2,2022,7
Najee Harris,RB,13.1,11.0,2022,7
Jonathan Taylor,RB,13.0,15.5,2022,7
Dameon Pierce,RB,12.8,15.7,2022,7
Breece Hall,RB,12.7,13.2,2022,7
Mike Evans,WR,12.2,18.6,2022,7
Justin Fields,QB,12.1,23.36,2022,7
Alvin Kamara,RB,12.1,17.5,2022,7
CeeDee Lamb,WR,12.0,10.6,2022,7
George Pickens,WR,11.8,18.1,2022,7
Damien Harris,RB,11.7,2.0,2022,7
Amari Cooper,WR,11.6,10.4,2022,7
Jamaal Williams,RB,11.1,7.3,2022,7
Romeo Doubs,WR,11.1,0.0,2022,7
Josh Reynolds,WR,11.1,1.8,2022,7
Courtland Sutton,WR,11.0,5.3,2022,7
Tyler Boyd,WR,11.0,29.5,2022,7
Gerald Everett,TE,10.8,11.3,2022,7
Deebo Samuel Sr.,WR,10.8,9.4,2022,7
Tyler Lockett,WR,10.6,11.5,2022,7
Brandon Aiyuk,WR,10.5,15.2,2022,7
Davis Mills,QB,10.4,18.08,2022,7
DK Metcalf,WR,10.3,2.2,2022,7
Christian Kirk,WR,10.2,17.1,2022,7
AJ Dillon,RB,10.2,1.5,2022,7
Latavius Murray,RB,10.1,10.3,2022,7
Kareem Hunt,RB,10.1,7.8,2022,7
Chris Godwin Jr.,WR,10.0,11.5,2022,7
Raheem Mostert,RB,9.9,20.9,2022,7
Brandin Cooks,WR,9.9,8.6,2022,7
George Kittle,TE,9.9,21.8,2022,7
David Njoku,TE,9.9,14.1,2022,7
Hayden Hurst,TE,9.8,10.8,2022,7
JuJu Smith-Schuster,WR,9.8,25.4,2022,7
Andy Dalton,QB,9.7,26.54,2022,7
Jakobi Meyers,WR,9.7,11.4,2022,7
Robert Tonyan,TE,9.3,6.2,2022,7
Jerry Jeudy,WR,9.2,16.6,2022,7
Travis Etienne,RB,9.0,18.9,2022,7
Zach Ertz,TE,8.7,6.1,2022,7
Kenyan Drake,RB,8.6,0.5,2022,7
Rondale Moore,WR,8.6,4.1,2022,7
Clyde Edwards-Helaire,RB,8.6,9.2,2022,7
Zach Wilson,QB,8.4,7.24,2022,7
Hunter Renfrow,WR,8.3,8.5,2022,7
James Robinson,RB,8.3,0.0,2022,7
Tyler Allgeier,RB,8.2,11.0,2022,7
Keenan Allen,WR,8.1,3.1,2022,7
Alec Pierce,WR,8.0,6.7,2022,7
Deon Jackson,RB,8.0,0.3,2022,7
Drake London,WR,8.0,1.9,2022,7
Dalton Schultz,TE,8.0,9.9,2022,7
Marvin Jones,WR,7.9,9.7,2022,7
Chris Olave,WR,7.8,17.6,2022,7
PJ Walker,QB,7.8,15.08,2022,7
Robert Woods,WR,7.8,5.6,2022,7
Zay Jones,WR,7.8,10.8,2022,7
DeVante Parker,WR,7.4,9.8,2022,7
Russell Gage,WR,7.3,7.9,2022,7
Antonio Gibson,RB,7.3,16.7,2022,7
Chase Claypool,WR,7.3,9.1,2022,7
Kyle Pitts,TE,7.2,3.9,2022,7
Terry McLaurin,WR,7.1,18.3,2022,7
Marquez Valdes-Scantling,WR,7.0,14.1,2022,7
Nico Collins,WR,7.0,6.3,2022,7
Donovan Peoples-Jones,WR,6.9,11.1,2022,7
DJ Moore,WR,6.8,19.6,2022,7
Olamide Zaccheaus,WR,6.8,6.1,2022,7
Mike Gesicki,TE,6.7,5.7,2022,7
Parris Campbell,WR,6.7,23.0,2022,7
DeAndre Carter,WR,6.7,6.7,2022,7
Khalil Herbert,RB,6.6,15.7,2022,7
Mecole Hardman,WR,6.6,28.0,2022,7
Darnell Mooney,WR,6.5,8.3,2022,7
Greg Dulcich,TE,6.5,11.1,2022,7
Kenneth Walker III,RB,6.5,28.7,2022,7
Nelson Agholor,WR,6.4,0.0,2022,7
J.D. McKissic,RB,6.3,0.4,2022,7
Devin Duvernay,WR,6.3,6.2,2022,7
Dontrell Hilliard,RB,6.2,0.4,2022,7
Curtis Samuel,WR,6.2,12.9,2022,7
Sammy Watkins,WR,6.2,5.6,2022,7
Rex Burkhead,RB,6.2,6.9,2022,7
Michael Gallup,WR,6.1,0.0,2022,7
Corey Davis,WR,6.1,0.0,2022,7
Zach Gentry,TE,6.0,2.0,2022,7
Robbie Chosen,WR,5.9,0.0,2022,7
Mack Hollins,WR,5.9,12.4,2022,7
Hunter Henry,TE,5.8,2.2,2022,7
Noah Fant,TE,5.8,1.7,2022,7
Evan Engram,TE,5.8,10.7,2022,7
Samaje Perine,RB,5.7,2.8,2022,7
Noah Brown,WR,5.7,8.0,2022,7
Melvin Gordon,RB,5.7,7.0,2022,7
Jaylen Warren,RB,5.6,4.4,2022,7
Daniel Bellinger,TE,5.6,2.3,2022,7
Chuba Hubbard,RB,5.5,15.3,2022,7
Tyquan Thornton,WR,5.5,2.9,2022,7
Brevin Jordan,TE,5.5,0.0,2022,7
Chase Edmonds,RB,5.4,1.7,2022,7
Caleb Huntley,RB,5.4,2.2,2022,7
Craig Reynolds,RB,5.3,6.0,2022,7
Dante Pettis,WR,5.3,4.1,2022,7
Brian Robinson,RB,5.3,10.6,2022,7
Rashod Bateman,WR,5.2,8.2,2022,7
Justice Hill,RB,5.2,0.6,2022,7
Nick Westbrook-Ikhine,WR,5.1,0.0,2022,7
Rachaad White,RB,5.1,4.2,2022,7
Jake Ferguson,TE,5.1,1.7,2022,7
Will Dissly,TE,5.0,8.5,2022,7
Eno Benjamin,RB,4.9,23.3,2022,7
Brandon Bolden,RB,4.8,0.0,2022,7
Greg Dortch,WR,4.8,7.6,2022,7
Chris Moore,WR,4.7,10.0,2022,7
Foster Moreau,TE,4.7,5.8,2022,7
Garrett Wilson,WR,4.6,6.4,2022,7
Matt Breida,RB,4.6,4.3,2022,7
Marcus Johnson,WR,4.5,0.0,2022,7
Darius Slayton,WR,4.4,14.8,2022,7
Cedrick Wilson Jr.,WR,4.4,0.0,2022,7
Joseph Fortson,TE,4.4,1.8,2022,7
Cade Otton,TE,4.4,10.4,2022,7
Tyrion Davis-Price,RB,4.3,0.4,2022,7
Harrison Bryant,TE,4.2,3.5,2022,7
Mark Ingram,RB,4.2,5.2,2022,7
Geoff Swaim,TE,4.2,0.0,2022,7
Jauan Jennings,WR,4.1,4.4,2022,7
Jerick McKinnon,RB,4.1,6.8,2022,7
Tanner Hudson,TE,4.1,0.0,2022,7
KJ Hamler,WR,4.1,2.8,2022,7
Marquez Callaway,WR,4.0,4.0,2022,7
Tom Kennedy,WR,3.9,3.4,2022,7
Kylen Granson,TE,3.8,1.6,2022,7
Sony Michel,RB,3.7,2.3,2022,7
Kendall Hinton,WR,3.6,2.4,2022,7
D'Onta Foreman,RB,3.6,16.5,2022,7
Tyler Conklin,TE,3.5,6.2,2022,7
Jonnu Smith,TE,3.5,1.4,2022,7
Richie James,WR,3.4,1.2,2022,7
Eric Saubert,TE,3.3,0.0,2022,7
Jelani Woods,TE,3.3,1.4,2022,7
KhaDarel Hodge,WR,3.3,0.0,2022,7
Peyton Hendershot,TE,3.2,8.5,2022,7
Juwan Johnson,TE,3.2,20.2,2022,7
Mike Boone,RB,3.2,2.3,2022,7
Colby Parkinson,TE,3.2,3.8,2022,7
Cole Turner,TE,3.1,0.0,2022,7
Cole Kmet,TE,2.9,5.2,2022,7
David Bell,WR,2.9,1.7,2022,7
Trent Sherfield,WR,2.8,7.4,2022,7
Austin Hooper,TE,2.8,8.6,2022,7
JaMycal Hasty,RB,2.7,0.6,2022,7
Jordan Akins,TE,2.6,9.8,2022,7
Isaiah Likely,TE,2.6,2.6,2022,7
Marquise Goodwin,WR,2.6,22.7,2022,7
Shi Smith,WR,2.6,0.0,2022,7
Kalif Raymond,WR,2.6,14.5,2022,7
Keaontay Ingram,RB,2.5,11.7,2022,7
Noah Gray,TE,2.5,2.0,2022,7
Isiah Pacheco,RB,2.4,4.3,2022,7
Laviska Shenault Jr.,WR,2.4,1.8,2022,7
Ian Thomas,TE,2.3,1.3,2022,7
Avery Williams,RB,2.3,0.4,2022,7
Chig Okonkwo,TE,2.3,0.0,2022,7
Chris Myarick,TE,2.3,4.1,2022,7
Wan'Dale Robinson,WR,2.2,11.0,2022,7
Tim Jones,WR,2.2,1.7,2022,7
Justin Jackson,RB,2.1,0.2,2022,7
Dee Eskridge,WR,2.1,0.4,2022,7
Tre'Quan Smith,WR,2.1,10.9,2022,7
Dan Arnold,TE,2.1,3.4,2022,7
Equanimeous St. Brown,WR,2.1,8.8,2022,7
C.J. Uzomah,TE,2.1,1.5,2022,7
Trey McBride,TE,2.0,0.0,2022,7
Brock Wright,TE,2.0,9.7,2022,7
Josh Oliver,TE,2.0,0.0,2022,7
Terrace Marshall Jr.,WR,1.9,5.1,2022,7
Mitchell Wilcox,TE,1.9,3.4,2022,7
David Sills,WR,1.9,2.9,2022,7
DeeJay Dallas,RB,1.8,6.1,2022,7
Tre' McKitty,TE,1.8,0.0,2022,7
Trestan Ebner,RB,1.8,0.8,2022,7
Skyy Moore,WR,1.7,0.0,2022,7
Scott Miller,WR,1.7,2.6,2022,7
Hassan Haskins,RB,1.6,1.5,2022,7
Tommy Tremble,TE,1.6,9.9,2022,7
Braxton Berrios,WR,1.5,7.2,2022,7
Michael Bandy,WR,1.5,0.5,2022,7
Cam Sims,WR,1.5,2.2,2022,7
Chris Manhertz,TE,1.5,0.0,2022,7
Damiere Byrd,WR,1.3,14.5,2022,7
Ray-Ray McCloud,WR,1.3,16.5,2022,7
D'Ernest Johnson,RB,1.3,0.0,2022,7
Phillip Dorsett,WR,1.2,12.5,2022,7
Tyler Davis,TE,1.2,0.0,2022,7
Giovanni Ricci,TE,1.0,0.0,2022,7
Ko Kieft,TE,0.9,2.8,2022,7
Justin Watson,WR,0.9,7.4,2022,7
Zamir White,RB,0.9,0.2,2022,7
Patrick Ricard,RB,0.8,4.0,2022,7
Chris Evans,RB,0.7,0.0,2022,7
Ameer Abdullah,RB,0.7,2.7,2022,7
Ty Johnson,RB,0.7,1.9,2022,7
Eric Tomlinson,TE,0.5,4.1,2022,7
Montrell Washington,WR,0.5,0.2,2022,7
Stephen Anderson,TE,0.5,0.0,2022,7
Jeff Smith,WR,0.5,0.0,2022,7
Jaelon Darden,WR,0.5,1.1,2022,7
Dwayne Washington,RB,0.4,0.0,2022,7
Dax Milne,WR,0.4,1.4,2022,7
James Proche,WR,0.4,0.0,2022,7
Amari Rodgers,WR,0.4,3.4,2022,7
Jakob Johnson,RB,0.4,0.0,2022,7
Cody Hollister,WR,0.3,5.2,2022,7
Trent Taylor,WR,0.3,0.0,2022,7
Kyle Rudolph,TE,0.3,1.8,2022,7
Danny Gray,WR,0.3,0.0,2022,7
Gunner Olszewski,WR,0.3,0.0,2022,7
Armani Rogers,TE,0.2,5.8,2022,7
Troy Hairston,RB,0.1,0.0,2022,7
Taysom Hill,TE,0.1,10.12,2022,7
Rashid Shaheed,WR,0.0,12.3,2022,7
Benny Snell,RB,0.0,0.0,2022,7
Dare Ogunbowale,RB,0.0,11.2,2022,7
KaVontae Turpin,WR,0.0,0.3,2022,7
Kevin White,WR,0.0,7.4,2022,7
Tua Tagovailoa,QB,0.0,15.94,2022,7
Feleipe Franks,TE,0.0,0.0,2022,7
Raheem Blackshear,RB,0.0,-0.5,2022,7
Mac Jones,QB,0.0,0.92,2022,7
Kevin Rader,TE,0.0,0.0,2022,7
Joe Burrow,QB,25.0,13.48,2022,8
Jalen Hurts,QB,23.9,28.4,2022,8
Josh Jacobs,RB,23.2,7.4,2022,8
Tua Tagovailoa,QB,22.7,29.18,2022,8
Cooper Kupp,WR,21.0,22.9,2022,8
Rhamondre Stevenson,RB,20.9,21.3,2022,8
Tyreek Hill,WR,20.9,31.5,2022,8
Saquon Barkley,RB,19.6,15.2,2022,8
Nick Chubb,RB,19.4,25.4,2022,8
Stefon Diggs,WR,19.3,22.8,2022,8
Tom Brady,QB,18.6,17.1,2022,8
Joe Mixon,RB,18.6,12.9,2022,8
Derrick Henry,RB,18.3,35.8,2022,8
Jared Goff,QB,18.3,18.64,2022,8
Kyler Murray,QB,18.2,24.64,2022,8
Amon-Ra St. Brown,WR,18.0,13.9,2022,8
Lamar Jackson,QB,17.8,21.82,2022,8
Davante Adams,WR,17.6,1.2,2022,8
Daniel Jones,QB,17.5,9.04,2022,8
D'Andre Swift,RB,16.8,14.3,2022,8
Leonard Fournette,RB,16.7,14.8,2022,8
Aaron Jones,RB,16.5,19.7,2022,8
Jacoby Brissett,QB,16.4,20.32,2022,8
Kirk Cousins,QB,16.3,23.48,2022,8
Derek Carr,QB,16.2,1.94,2022,8
Miles Sanders,RB,16.1,13.8,2022,8
Geno Smith,QB,16.0,19.08,2022,8
Justin Jefferson,WR,15.7,15.8,2022,8
Tony Pollard,RB,15.2,33.7,2022,8
Aaron Rodgers,QB,15.1,15.22,2022,8
Jonathan Taylor,RB,15.1,5.6,2022,8
Michael Pittman,WR,15.1,12.3,2022,8
Jaylen Waddle,WR,15.1,30.6,2022,8
Dalvin Cook,RB,14.8,25.1,2022,8
Marcus Mariota,QB,14.6,22.42,2022,8
Alvin Kamara,RB,14.3,42.8,2022,8
Andy Dalton,QB,14.2,17.16,2022,8
Jamaal Williams,RB,14.1,22.6,2022,8
Diontae Johnson,WR,13.8,8.5,2022,8
A.J. Brown,WR,13.8,39.6,2022,8
Mike Evans,WR,13.8,18.3,2022,8
Raheem Mostert,RB,13.7,7.7,2022,8
Tee Higgins,WR,13.7,13.9,2022,8
Jeff Wilson,RB,13.5,5.5,2022,8
Amari Cooper,WR,13.3,22.1,2022,8
PJ Walker,QB,13.2,16.68,2022,8
Pat Freiermuth,TE,13.1,9.7,2022,8
Kenny Pickett,QB,13.0,7.34,2022,8
Trevor Lawrence,QB,12.7,6.82,2022,8
CeeDee Lamb,WR,12.7,18.8,2022,8
Tyler Boyd,WR,12.4,12.8,2022,8
Kareem Hunt,RB,12.4,11.2,2022,8
Gabe Davis,WR,12.4,5.5,2022,8
George Pickens,WR,12.1,0.0,2022,8
DJ Moore,WR,12.0,27.5,2022,8
DeVonta Smith,WR,11.8,7.3,2022,8
Najee Harris,RB,11.7,11.96,2022,8
Jimmy Garoppolo,QB,11.6,17.7,2022,8
Chris Godwin Jr.,WR,11.6,13.5,2022,8
Matthew Stafford,QB,11.3,17.38,2022,8
DK Metcalf,WR,11.3,17.5,2022,8
Christian McCaffrey,RB,11.1,40.26,2022,8
Tyler Lockett,WR,10.9,15.3,2022,8
Josh Reynolds,WR,10.8,3.4,2022,8
DeAndre Hopkins,WR,10.7,33.9,2022,8
Davis Mills,QB,10.6,8.88,2022,8
Damien Harris,RB,10.6,7.2,2022,8
Adam Thielen,WR,10.5,12.7,2022,8
Mark Andrews,TE,10.4,6.3,2022,8
Kenneth Walker III,RB,10.3,12.2,2022,8
Jakobi Meyers,WR,10.3,21.0,2022,8
Dameon Pierce,RB,10.3,14.1,2022,8
David Montgomery,RB,10.3,8.5,2022,8
Devin Singletary,RB,10.3,9.3,2022,8
Justin Fields,QB,10.2,26.04,2022,8
D'Onta Foreman,RB,10.2,31.8,2022,8
Chris Olave,WR,10.2,10.2,2022,8
Parris Campbell,WR,10.0,9.1,2022,8
Christian Kirk,WR,9.8,7.0,2022,8
Zach Wilson,QB,9.8,16.4,2022,8
Brandin Cooks,WR,9.8,11.3,2022,8
Mike Gesicki,TE,9.7,12.8,2022,8
Dallas Goedert,TE,9.6,12.4,2022,8
Jerry Jeudy,WR,9.6,18.3,2022,8
Alec Pierce,WR,9.5,9.5,2022,8
Latavius Murray,RB,9.4,12.9,2022,8
Brandon Aiyuk,WR,9.3,20.1,2022,8
Hunter Renfrow,WR,9.2,1.6,2022,8
Donovan Peoples-Jones,WR,9.1,12.1,2022,8
Travis Etienne,RB,9.1,25.2,2022,8
Courtland Sutton,WR,9.0,2.3,2022,8
T.J. Hockenson,TE,8.9,11.0,2022,8
Hayden Hurst,TE,8.9,8.2,2022,8
Antonio Gibson,RB,8.7,20.7,2022,8
Terry McLaurin,WR,8.5,16.6,2022,8
George Kittle,TE,8.5,12.9,2022,8
DeVante Parker,WR,8.4,0.0,2022,8
AJ Dillon,RB,8.4,7.3,2022,8
Romeo Doubs,WR,8.2,16.2,2022,8
Eno Benjamin,RB,8.1,8.5,2022,8
Tyler Higbee,TE,8.1,3.5,2022,8
Dalton Schultz,TE,8.1,13.4,2022,8
James Robinson,RB,8.0,1.7,2022,8
Deon Jackson,RB,7.7,-0.4,2022,8
Darrell Henderson,RB,7.5,5.0,2022,8
Dawson Knox,TE,7.5,9.0,2022,8
Elijah Moore,WR,7.5,0.0,2022,8
Allen Robinson,WR,7.4,10.4,2022,8
Robert Tonyan,TE,7.4,8.5,2022,8
Tyler Allgeier,RB,7.4,17.5,2022,8
Zay Jones,WR,7.3,6.5,2022,8
Nelson Agholor,WR,7.2,1.2,2022,8
Alexander Mattison,RB,7.2,10.0,2022,8
Craig Reynolds,RB,7.0,0.7,2022,8
Mack Hollins,WR,6.8,13.4,2022,8
Isaiah McKenzie,WR,6.8,8.0,2022,8
Kenny Gainwell,RB,6.7,2.1,2022,8
Marvin Jones,WR,6.7,0.0,2022,8
Curtis Samuel,WR,6.6,10.9,2022,8
Brian Robinson,RB,6.6,2.0,2022,8
Cade Otton,TE,6.5,3.5,2022,8
Hunter Henry,TE,6.5,3.2,2022,8
Robert Woods,WR,6.5,4.6,2022,8
Zach Ertz,TE,6.5,13.4,2022,8
Breshad Perriman,WR,6.5,2.1,2022,8
K.J. Osborn,WR,6.3,8.8,2022,8
Khalil Herbert,RB,6.2,15.9,2022,8
Gus Edwards,RB,6.2,6.5,2022,8
Greg Dulcich,TE,6.2,12.7,2022,8
Mo Alie-Cox,TE,6.2,0.0,2022,8
Tyquan Thornton,WR,6.1,2.3,2022,8
Juwan Johnson,TE,6.0,3.4,2022,8
Rachaad White,RB,6.0,7.3,2022,8
Ben Skowronek,WR,6.0,2.0,2022,8
Garrett Wilson,WR,5.9,17.5,2022,8
J.D. McKissic,RB,5.9,5.0,2022,8
Michael Gallup,WR,5.7,8.9,2022,8
Rondale Moore,WR,5.7,23.4,2022,8
Noah Fant,TE,5.5,3.9,2022,8
Drake London,WR,5.3,7.1,2022,8
Chase Claypool,WR,5.3,12.54,2022,8
Samaje Perine,RB,5.3,4.7,2022,8
Keaontay Ingram,RB,5.2,0.0,2022,8
Evan Engram,TE,5.2,15.5,2022,8
Dontrell Hilliard,RB,5.1,10.5,2022,8
Will Dissly,TE,5.1,3.2,2022,8
Irv Smith,TE,5.1,6.8,2022,8
Marquise Goodwin,WR,5.0,7.3,2022,8
Matt Breida,RB,5.0,2.5,2022,8
Brock Wright,TE,5.0,1.6,2022,8
Jaylen Warren,RB,5.0,10.5,2022,8
Kalif Raymond,WR,5.0,10.6,2022,8
Zach Gentry,TE,4.9,1.3,2022,8
Marquez Callaway,WR,4.9,2.0,2022,8
Olamide Zaccheaus,WR,4.9,1.4,2022,8
Darrel Williams,RB,4.8,3.4,2022,8
Mark Ingram,RB,4.8,1.2,2022,8
Rex Burkhead,RB,4.7,1.2,2022,8
Robbie Chosen,WR,4.7,0.0,2022,8
Kenyan Drake,RB,4.7,16.7,2022,8
Devin Duvernay,WR,4.7,16.4,2022,8
Chase Edmonds,RB,4.5,1.4,2022,8
Pharaoh Brown,TE,4.5,0.0,2022,8
Foster Moreau,TE,4.5,9.1,2022,8
Darnell Mooney,WR,4.5,12.0,2022,8
Darius Slayton,WR,4.4,11.6,2022,8
Caleb Huntley,RB,4.4,9.1,2022,8
Kyle Pitts,TE,4.3,19.0,2022,8
Tyler Conklin,TE,4.3,25.9,2022,8
Sammy Watkins,WR,4.2,1.3,2022,8
Jake Ferguson,TE,4.2,7.1,2022,8
Nyheim Hines,RB,4.1,12.9,2022,8
Rashod Bateman,WR,4.0,0.0,2022,8
Boston Scott,RB,4.0,2.1,2022,8
Trent Sherfield,WR,4.0,4.5,2022,8
Brandon Bolden,RB,4.0,0.0,2022,8
Kylen Granson,TE,3.9,4.1,2022,8
Nick Westbrook-Ikhine,WR,3.8,0.0,2022,8
Tommy Tremble,TE,3.7,3.7,2022,8
Terrace Marshall Jr.,WR,3.7,12.7,2022,8
Justice Hill,RB,3.7,2.8,2022,8
Dante Pettis,WR,3.5,5.8,2022,8
Jonnu Smith,TE,3.5,4.0,2022,8
David Bell,WR,3.5,4.7,2022,8
Brevin Jordan,TE,3.5,3.9,2022,8
KJ Hamler,WR,3.5,8.1,2022,8
Cedrick Wilson Jr.,WR,3.5,0.0,2022,8
Tre'Quan Smith,WR,3.5,0.0,2022,8
Demetric Felton,RB,3.4,0.0,2022,8
Greg Dortch,WR,3.4,3.2,2022,8
Quez Watkins,WR,3.4,0.0,2022,8
Colby Parkinson,TE,3.4,1.5,2022,8
Christian Watson,WR,3.4,2.2,2022,8
Peyton Hendershot,TE,3.3,3.5,2022,8
Shi Smith,WR,3.2,0.0,2022,8
Jordan Akins,TE,3.1,1.5,2022,8
Justin Jackson,RB,3.0,0.0,2022,8
Ian Thomas,TE,3.0,1.2,2022,8
Marcus Johnson,WR,2.9,1.3,2022,8
Wan'Dale Robinson,WR,2.9,3.5,2022,8
Austin Hooper,TE,2.9,1.5,2022,8
Travis Homer,RB,2.9,4.1,2022,8
Malcolm Brown,RB,2.8,1.0,2022,8
O.J. Howard,TE,2.8,4.4,2022,8
Laviska Shenault Jr.,WR,2.8,7.6,2022,8
Jesper Horsted,TE,2.8,0.0,2022,8
Khalil Shakir,WR,2.8,0.0,2022,8
Tanner Hudson,TE,2.7,8.8,2022,8
C.J. Uzomah,TE,2.7,3.7,2022,8
Chris Myarick,TE,2.7,2.0,2022,8
Cole Kmet,TE,2.6,9.1,2022,8
James Cook,RB,2.6,8.6,2022,8
John Bates,TE,2.6,1.6,2022,8
Demarcus Robinson,WR,2.5,12.4,2022,8
Ray-Ray McCloud,WR,2.4,2.1,2022,8
Jake Kumerow,WR,2.4,0.0,2022,8
Damiere Byrd,WR,2.4,15.7,2022,8
DeeJay Dallas,RB,2.4,0.0,2022,8
Eric Saubert,TE,2.4,0.0,2022,8
Keelan Cole,WR,2.3,5.0,2022,8
Tyler Kroft,TE,2.3,1.6,2022,8
Richie James,WR,2.1,0.0,2022,8
JaMycal Hasty,RB,2.1,4.0,2022,8
Julio Jones,WR,2.0,10.1,2022,8
Dee Eskridge,WR,2.0,1.3,2022,8
Kendrick Bourne,WR,2.0,0.0,2022,8
Equanimeous St. Brown,WR,2.0,1.6,2022,8
Braxton Berrios,WR,2.0,0.0,2022,8
Cam Sims,WR,1.9,3.1,2022,8
Mitchell Wilcox,TE,1.9,1.3,2022,8
Zach Pascal,WR,1.8,13.7,2022,8
Chig Okonkwo,TE,1.8,1.3,2022,8
Mike Thomas,WR,1.8,0.0,2022,8
Dan Arnold,TE,1.8,1.8,2022,8
Johnny Mundt,TE,1.8,7.1,2022,8
Isaiah Likely,TE,1.7,19.7,2022,8
Scott Miller,WR,1.6,3.3,2022,8
Brandon Powell,WR,1.6,0.0,2022,8
Trey McBride,TE,1.6,0.0,2022,8
Avery Williams,RB,1.6,2.7,2022,8
Ko Kieft,TE,1.5,1.9,2022,8
Parker Hesse,TE,1.4,1.9,2022,8
Dare Ogunbowale,RB,1.4,1.0,2022,8
Rashid Shaheed,WR,1.4,6.8,2022,8
Jack Stoll,TE,1.4,0.0,2022,8
N'Keal Harry,TE,1.4,10.4,2022,8
Josh Oliver,TE,1.4,1.4,2022,8
David Sills,WR,1.3,1.5,2022,8
Trestan Ebner,RB,1.3,-0.5,2022,8
A.J. Green,WR,1.2,0.0,2022,8
Ty Johnson,RB,1.2,0.6,2022,8
Phillip Dorsett,WR,1.2,1.6,2022,8
Giovanni Ricci,TE,1.2,0.0,2022,8
Kevin White,WR,1.1,0.0,2022,8
Josiah Deguara,TE,1.1,1.9,2022,8
Cody Hollister,WR,1.1,0.0,2022,8
Ameer Abdullah,RB,1.1,6.8,2022,8
D'Ernest Johnson,RB,1.1,1.7,2022,8
Taysom Hill,TE,1.0,8.28,2022,8
Ronnie Rivers,RB,1.0,7.6,2022,8
Pierre Strong,RB,1.0,0.0,2022,8
Chris Manhertz,TE,1.0,0.9,2022,8
Gary Brightwell,RB,0.9,0.0,2022,8
Eric Tomlinson,TE,0.9,0.0,2022,8
Jalen Reagor,WR,0.8,0.0,2022,8
Patrick Ricard,RB,0.7,0.0,2022,8
Lawrence Cager,TE,0.7,0.0,2022,8
Hassan Haskins,RB,0.7,0.0,2022,8
Amari Rodgers,WR,0.7,3.2,2022,8
Ross Dwelley,TE,0.7,6.6,2022,8
Samori Toure,WR,0.7,10.7,2022,8
Steven Sims,WR,0.7,4.0,2022,8
Raheem Blackshear,RB,0.7,0.1,2022,8
Velus Jones Jr.,WR,0.6,4.8,2022,8
Jeff Smith,WR,0.6,3.3,2022,8
Trevon Wesco,TE,0.6,0.0,2022,8
Kyle Rudolph,TE,0.6,0.0,2022,8
Jaelon Darden,WR,0.6,0.0,2022,8
Miles Boykin,WR,0.6,0.0,2022,8
Dax Milne,WR,0.5,1.4,2022,8
Mike Woods,WR,0.5,1.6,2022,8
Chris Evans,RB,0.5,3.6,2022,8
Montrell Washington,WR,0.4,1.1,2022,8
DJ Turner,WR,0.4,0.0,2022,8
Dwayne Washington,RB,0.4,1.3,2022,8
Nick Vannett,TE,0.3,1.8,2022,8
Armani Rogers,TE,0.2,2.3,2022,8
James Proche,WR,0.2,5.4,2022,8
Trent Taylor,WR,0.2,1.5,2022,8
Stephen Sullivan,TE,0.2,4.3,2022,8
Gunner Olszewski,WR,0.2,0.0,2022,8
Troy Hairston,RB,0.1,2.7,2022,8
Maurice Alexander,WR,0.1,1.7,2022,8
Feleipe Franks,TE,0.0,0.0,2022,8
Patrick Taylor,RB,0.0,0.0,2022,8
Russell Wilson,QB,0.0,13.78,2022,8
Taylor Heinicke,QB,0.0,22.06,2022,8
Cullen Gillaspia,RB,0.0,0.0,2022,8
Britain Covey,WR,0.0,0.0,2022,8
Kene Nwangwu,RB,0.0,0.0,2022,8
KaVontae Turpin,WR,0.0,1.1,2022,8
Keke Coutee,WR,0.0,0.0,2022,8
Dak Prescott,QB,0.0,25.4,2022,8
Mac Jones,QB,0.0,11.66,2022,8
Josh Jacobs,RB,24.7,11.7,2022,9
Patrick Mahomes,QB,23.2,34.14,2022,9
Aaron Rodgers,QB,22.1,13.64,2022,9
Tua Tagovailoa,QB,21.7,24.08,2022,9
Jalen Hurts,QB,21.4,20.02,2022,9
Aaron Jones,RB,21.3,6.5,2022,9
Austin Ekeler,RB,21.1,24.1,2022,9
Justin Herbert,QB,20.4,12.1,2022,9
Lamar Jackson,QB,20.1,17.52,2022,9
Cooper Kupp,WR,20.1,26.8,2022,9
Stefon Diggs,WR,19.8,14.3,2022,9
Tyreek Hill,WR,19.6,27.3,2022,9
Kyler Murray,QB,19.4,19.0,2022,9
Joe Burrow,QB,19.1,19.14,2022,9
Derek Carr,QB,18.0,18.36,2022,9
Kirk Cousins,QB,17.9,16.4,2022,9
Derrick Henry,RB,17.8,23.5,2022,9
Justin Fields,QB,17.0,42.72,2022,9
Dalvin Cook,RB,16.7,13.6,2022,9
Justin Jefferson,WR,16.5,25.5,2022,9
Geno Smith,QB,16.2,20.8,2022,9
Travis Kelce,TE,16.1,20.6,2022,9
Marcus Mariota,QB,16.1,7.56,2022,9
Taylor Heinicke,QB,15.6,13.66,2022,9
Jaylen Waddle,WR,15.6,19.5,2022,9
Davante Adams,WR,15.5,36.6,2022,9
Rhamondre Stevenson,RB,15.5,16.0,2022,9
Alvin Kamara,RB,15.3,9.2,2022,9
David Montgomery,RB,15.2,5.4,2022,9
D'Onta Foreman,RB,14.5,4.1,2022,9
Miles Sanders,RB,14.5,15.3,2022,9
Joe Mixon,RB,14.3,55.1,2022,9
Andy Dalton,QB,14.3,10.9,2022,9
Trevor Lawrence,QB,14.2,16.7,2022,9
Cordarrelle Patterson,RB,13.9,18.3,2022,9
A.J. Brown,WR,13.8,15.9,2022,9
Allen Lazard,WR,13.7,18.7,2022,9
Leonard Fournette,RB,13.3,11.0,2022,9
PJ Walker,QB,13.2,-3.04,2022,9
Tom Brady,QB,13.2,15.2,2022,9
DJ Moore,WR,13.0,4.4,2022,9
James Conner,RB,13.0,11.4,2022,9
Jared Goff,QB,13.0,11.38,2022,9
Devin Singletary,RB,12.9,8.8,2022,9
Dameon Pierce,RB,12.9,13.9,2022,9
DeAndre Hopkins,WR,12.7,13.6,2022,9
Matthew Stafford,QB,12.6,10.5,2022,9
Amon-Ra St. Brown,WR,12.4,9.5,2022,9
JuJu Smith-Schuster,WR,12.0,18.8,2022,9
Travis Etienne,RB,12.0,26.6,2022,9
D'Andre Swift,RB,11.9,8.0,2022,9
Jamaal Williams,RB,11.6,10.1,2022,9
Gabe Davis,WR,11.6,5.3,2022,9
Davis Mills,QB,11.4,11.96,2022,9
Adam Thielen,WR,11.4,9.7,2022,9
Mac Jones,QB,11.3,9.68,2022,9
Raheem Mostert,RB,11.3,8.6,2022,9
Mike Evans,WR,11.2,9.0,2022,9
Josh Palmer,WR,11.2,18.6,2022,9
Michael Pittman,WR,11.1,5.2,2022,9
Christian Kirk,WR,11.1,21.6,2022,9
Robert Tonyan,TE,11.0,5.9,2022,9
Tyler Lockett,WR,10.9,17.7,2022,9
DK Metcalf,WR,10.9,14.7,2022,9
Jeff Wilson,RB,10.9,16.2,2022,9
Romeo Doubs,WR,10.7,2.8,2022,9
Robert Woods,WR,10.4,0.0,2022,9
Tee Higgins,WR,10.4,13.0,2022,9
AJ Dillon,RB,9.9,6.4,2022,9
Terry McLaurin,WR,9.7,10.6,2022,9
Antonio Gibson,RB,9.6,6.7,2022,9
Khalil Herbert,RB,9.6,2.3,2022,9
Dallas Goedert,TE,9.5,24.0,2022,9
Tyler Boyd,WR,9.5,9.4,2022,9
Kenneth Walker III,RB,9.4,27.9,2022,9
Jakobi Meyers,WR,9.2,7.4,2022,9
Chris Godwin Jr.,WR,9.1,10.7,2022,9
Chris Olave,WR,9.1,13.1,2022,9
Zach Wilson,QB,9.1,10.56,2022,9
Clyde Edwards-Helaire,RB,9.0,2.9,2022,9
Tyler Allgeier,RB,8.8,13.3,2022,9
DeVonta Smith,WR,8.8,4.2,2022,9
Marquez Valdes-Scantling,WR,8.6,2.2,2022,9
Gerald Everett,TE,8.5,8.6,2022,9
Mack Hollins,WR,8.3,3.7,2022,9
Zay Jones,WR,8.3,9.0,2022,9
T.J. Hockenson,TE,8.2,16.0,2022,9
Zach Ertz,TE,8.1,15.0,2022,9
Evan Engram,TE,8.0,1.8,2022,9
Hunter Renfrow,WR,8.0,5.6,2022,9
Darrell Henderson,RB,7.9,5.6,2022,9
Mecole Hardman,WR,7.8,19.9,2022,9
Allen Robinson,WR,7.7,5.4,2022,9
Tyler Higbee,TE,7.7,0.0,2022,9
Dawson Knox,TE,7.5,5.5,2022,9
Chase Claypool,WR,7.4,3.7,2022,9
Kenyan Drake,RB,7.3,24.9,2022,9
Mike Gesicki,TE,7.2,1.3,2022,9
Eno Benjamin,RB,7.2,3.7,2022,9
DeAndre Carter,WR,7.1,10.3,2022,9
Parris Campbell,WR,7.0,3.6,2022,9
Alec Pierce,WR,7.0,3.3,2022,9
Dontrell Hilliard,RB,6.9,1.8,2022,9
Marvin Jones,WR,6.9,9.8,2022,9
K.J. Osborn,WR,6.9,0.0,2022,9
Curtis Samuel,WR,6.8,17.1,2022,9
Alexander Mattison,RB,6.8,1.1,2022,9
James Robinson,RB,6.7,13.3,2022,9
Darnell Mooney,WR,6.7,17.5,2022,9
Rondale Moore,WR,6.6,14.9,2022,9
Hayden Hurst,TE,6.5,8.5,2022,9
Garrett Wilson,WR,6.3,17.9,2022,9
Kalif Raymond,WR,6.1,4.7,2022,9
Devin Duvernay,WR,6.1,1.5,2022,9
Nyheim Hines,RB,6.1,0.0,2022,9
Isaiah McKenzie,WR,6.0,4.1,2022,9
Deon Jackson,RB,6.0,5.6,2022,9
Kenny Gainwell,RB,6.0,12.8,2022,9
Foster Moreau,TE,6.0,6.4,2022,9
Kyle Pitts,TE,5.9,4.7,2022,9
Cam Akers,RB,5.9,0.3,2022,9
Nick Westbrook-Ikhine,WR,5.9,0.0,2022,9
Brian Robinson,RB,5.8,5.8,2022,9
Marcedes Lewis,TE,5.7,2.9,2022,9
Phillip Lindsay,RB,5.6,0.2,2022,9
Juwan Johnson,TE,5.5,12.2,2022,9
Caleb Huntley,RB,5.3,3.4,2022,9
Terrace Marshall Jr.,WR,5.3,14.3,2022,9
Hunter Henry,TE,5.2,9.0,2022,9
Tyler Conklin,TE,5.2,1.7,2022,9
Chris Moore,WR,5.2,14.5,2022,9
Drake London,WR,5.1,3.3,2022,9
Sammy Watkins,WR,5.0,1.9,2022,9
Demarcus Robinson,WR,4.9,2.2,2022,9
Logan Thomas,TE,4.9,0.0,2022,9
Ben Skowronek,WR,4.9,0.0,2022,9
Rex Burkhead,RB,4.8,2.5,2022,9
Jerick McKinnon,RB,4.8,10.4,2022,9
Noah Fant,TE,4.8,14.6,2022,9
Brevin Jordan,TE,4.8,1.5,2022,9
Breshad Perriman,WR,4.8,1.1,2022,9
Marquez Callaway,WR,4.7,5.4,2022,9
Robbie Chosen,WR,4.7,0.6,2022,9
Will Dissly,TE,4.7,5.4,2022,9
Rachaad White,RB,4.6,6.4,2022,9
Samori Toure,WR,4.6,5.4,2022,9
Dante Pettis,WR,4.6,2.2,2022,9
Olamide Zaccheaus,WR,4.4,3.9,2022,9
Austin Hooper,TE,4.4,5.4,2022,9
Tyquan Thornton,WR,4.4,1.5,2022,9
Samaje Perine,RB,4.3,6.4,2022,9
James Cook,RB,4.2,5.3,2022,9
Justice Hill,RB,3.9,2.9,2022,9
O.J. Howard,TE,3.8,2.4,2022,9
Cole Kmet,TE,3.8,22.0,2022,9
Cade Otton,TE,3.8,17.8,2022,9
Mo Alie-Cox,TE,3.7,3.3,2022,9
Laviska Shenault Jr.,WR,3.7,0.6,2022,9
Boston Scott,RB,3.7,0.5,2022,9
Adam Trautman,TE,3.6,1.8,2022,9
Damiere Byrd,WR,3.6,0.0,2022,9
Trent Sherfield,WR,3.6,5.7,2022,9
Tommy Tremble,TE,3.5,9.1,2022,9
Keaontay Ingram,RB,3.5,0.2,2022,9
Tom Kennedy,WR,3.4,2.6,2022,9
Greg Dortch,WR,3.3,1.3,2022,9
Sony Michel,RB,3.2,1.2,2022,9
Brock Wright,TE,3.2,0.0,2022,9
Jordan Akins,TE,3.1,0.0,2022,9
N'Keal Harry,TE,3.0,1.6,2022,9
Isiah Pacheco,RB,3.0,1.9,2022,9
Jonnu Smith,TE,2.9,5.1,2022,9
JaMycal Hasty,RB,2.9,2.1,2022,9
Jelani Woods,TE,2.9,1.2,2022,9
Ameer Abdullah,RB,2.9,1.8,2022,9
Chig Okonkwo,TE,2.8,5.8,2022,9
Zach Pascal,WR,2.7,1.8,2022,9
Travis Homer,RB,2.7,6.2,2022,9
Kylen Granson,TE,2.7,0.0,2022,9
Malcolm Brown,RB,2.6,2.9,2022,9
Tre'Quan Smith,WR,2.6,5.9,2022,9
Durham Smythe,TE,2.6,0.0,2022,9
Noah Gray,TE,2.6,7.5,2022,9
Colby Parkinson,TE,2.6,2.6,2022,9
C.J. Uzomah,TE,2.5,4.6,2022,9
Jamal Agnew,WR,2.5,0.0,2022,9
Equanimeous St. Brown,WR,2.4,0.0,2022,9
Brandon Bolden,RB,2.4,0.5,2022,9
Quez Watkins,WR,2.4,4.5,2022,9
Shi Smith,WR,2.4,3.0,2022,9
Skyy Moore,WR,2.4,0.0,2022,9
Cam Sims,WR,2.2,2.2,2022,9
MyCole Pruitt,TE,2.2,1.6,2022,9
Julio Jones,WR,2.1,4.8,2022,9
Dyami Brown,WR,2.1,0.0,2022,9
Dan Arnold,TE,2.1,2.9,2022,9
Johnny Mundt,TE,2.1,1.1,2022,9
Justin Jackson,RB,2.1,2.7,2022,9
Cody Hollister,WR,2.0,0.0,2022,9
Phillip Dorsett,WR,2.0,9.9,2022,9
Isaiah Likely,TE,2.0,9.4,2022,9
DeeJay Dallas,RB,2.0,0.4,2022,9
Christian Watson,WR,1.9,4.4,2022,9
Justin Watson,WR,1.9,5.7,2022,9
KhaDarel Hodge,WR,1.9,2.9,2022,9
John Bates,TE,1.9,1.5,2022,9
Dee Eskridge,WR,1.8,0.0,2022,9
Braxton Berrios,WR,1.8,1.6,2022,9
Mike Thomas,WR,1.8,0.0,2022,9
Avery Williams,RB,1.7,1.2,2022,9
Trenton Irwin,WR,1.6,3.5,2022,9
Josiah Deguara,TE,1.6,9.1,2022,9
Dare Ogunbowale,RB,1.5,0.0,2022,9
Ty Johnson,RB,1.4,1.7,2022,9
Josh Oliver,TE,1.4,2.9,2022,9
Kendrick Bourne,WR,1.4,4.2,2022,9
Mike Davis,RB,1.4,1.7,2022,9
Scott Miller,WR,1.4,12.3,2022,9
Rashid Shaheed,WR,1.4,0.0,2022,9
Chris Manhertz,TE,1.2,1.7,2022,9
Michael Bandy,WR,1.2,7.6,2022,9
Brandon Powell,WR,1.2,1.4,2022,9
James Proche,WR,1.2,4.2,2022,9
Cedrick Wilson Jr.,WR,1.1,4.3,2022,9
Kevin White,WR,1.1,2.0,2022,9
Jake Kumerow,WR,1.0,0.0,2022,9
Raheem Blackshear,RB,1.0,15.3,2022,9
Amari Rodgers,WR,1.0,0.0,2022,9
Zamir White,RB,1.0,-0.1,2022,9
Taysom Hill,TE,1.0,1.12,2022,9
Jack Stoll,TE,1.0,2.3,2022,9
Ko Kieft,TE,0.9,1.6,2022,9
Kadarius Toney,WR,0.9,3.2,2022,9
James Mitchell,TE,0.8,8.8,2022,9
Giovanni Ricci,TE,0.8,1.8,2022,9
Chris Evans,RB,0.8,0.0,2022,9
Jalen Reagor,WR,0.7,0.0,2022,9
Hassan Haskins,RB,0.7,1.7,2022,9
Isaiah Spiller,RB,0.7,2.9,2022,9
Patrick Ricard,RB,0.7,1.6,2022,9
Dwayne Washington,RB,0.6,2.4,2022,9
Trevon Wesco,TE,0.6,2.0,2022,9
Jeff Smith,WR,0.6,1.6,2022,9
Dax Milne,WR,0.6,7.6,2022,9
Pierre Strong,RB,0.4,0.0,2022,9
Luke Farrell,TE,0.4,2.5,2022,9
Dareke Young,WR,0.4,0.0,2022,9
Armani Rogers,TE,0.4,2.4,2022,9
Troy Hairston,RB,0.4,0.0,2022,9
Jakob Johnson,RB,0.3,0.0,2022,9
DJ Turner,WR,0.3,0.0,2022,9
Trent Taylor,WR,0.3,5.2,2022,9
Richard Rodgers,TE,0.1,0.0,2022,9
Tyron Johnson,WR,0.1,1.8,2022,9
Chris Conley,WR,0.1,0.0,2022,9
Stanley Morgan,WR,0.0,0.0,2022,9
Matthew Slater,WR,0.0,0.0,2022,9
Malik Willis,QB,0.0,7.2,2022,9
Marcus Kemp,WR,0.0,0.0,2022,9
Keke Coutee,WR,0.0,0.0,2022,9
Kene Nwangwu,RB,0.0,0.0,2022,9
Britain Covey,WR,0.0,0.0,2022,9
Devin Asiasi,TE,0.0,0.0,2022,9
Dan Chisena,WR,0.0,0.0,2022,9
Sam Ehlinger,QB,0.0,6.02,2022,9
Cullen Gillaspia,RB,0.0,0.0,2022,9
Baker Mayfield,QB,0.0,14.2,2022,9
Patrick Mahomes,QB,33.7,31.14,2022,10
Jalen Hurts,QB,26.0,21.8,2022,10
Justin Fields,QB,24.7,39.38,2022,10
Travis Kelce,TE,24.4,20.1,2022,10
Tyreek Hill,WR,21.8,15.4,2022,10
Tua Tagovailoa,QB,21.8,23.4,2022,10
Cooper Kupp,WR,21.6,2.9,2022,10
Nick Chubb,RB,21.1,15.1,2022,10
Jacoby Brissett,QB,20.4,16.48,2022,10
Stefon Diggs,WR,19.9,24.8,2022,10
Dalvin Cook,RB,19.8,23.6,2022,10
Derrick Henry,RB,18.8,8.7,2022,10
Dak Prescott,QB,18.7,19.2,2022,10
Leonard Fournette,RB,17.7,10.8,2022,10
Saquon Barkley,RB,17.5,23.0,2022,10
Tom Brady,QB,17.1,16.02,2022,10
A.J. Brown,WR,16.9,1.7,2022,10
Christian McCaffrey,RB,16.9,17.7,2022,10
JuJu Smith-Schuster,WR,16.8,5.3,2022,10
Josh Jacobs,RB,16.7,22.6,2022,10
Justin Jefferson,WR,16.7,35.3,2022,10
Jared Goff,QB,16.4,14.84,2022,10
Derek Carr,QB,15.8,17.92,2022,10
Jaylen Waddle,WR,15.8,10.6,2022,10
Alvin Kamara,RB,15.7,7.5,2022,10
Jimmy Garoppolo,QB,15.5,15.9,2022,10
Amari Cooper,WR,15.4,6.2,2022,10
Kirk Cousins,QB,15.4,15.48,2022,10
Jamaal Williams,RB,15.2,11.9,2022,10
David Montgomery,RB,15.0,5.4,2022,10
Austin Ekeler,RB,14.6,13.3,2022,10
Jonathan Taylor,RB,14.4,24.3,2022,10
Taylor Heinicke,QB,14.3,5.44,2022,10
Diontae Johnson,WR,14.3,10.3,2022,10
Marcus Mariota,QB,14.1,17.74,2022,10
Tony Pollard,RB,13.9,21.8,2022,10
Kareem Hunt,RB,13.7,2.9,2022,10
Miles Sanders,RB,13.7,5.4,2022,10
Aaron Rodgers,QB,13.6,19.36,2022,10
Davante Adams,WR,13.6,27.6,2022,10
Cordarrelle Patterson,RB,13.5,3.0,2022,10
Daniel Jones,QB,13.5,18.28,2022,10
Trevor Lawrence,QB,13.5,20.96,2022,10
Geno Smith,QB,13.4,19.2,2022,10
Justin Herbert,QB,13.3,12.04,2022,10
Andy Dalton,QB,13.2,7.06,2022,10
Aaron Jones,RB,12.6,23.6,2022,10
D'Onta Foreman,RB,12.6,19.0,2022,10
Amon-Ra St. Brown,WR,12.5,22.1,2022,10
D'Andre Swift,RB,12.5,8.2,2022,10
Mike Evans,WR,12.4,10.4,2022,10
PJ Walker,QB,12.4,5.72,2022,10
Travis Etienne,RB,12.2,10.3,2022,10
Dameon Pierce,RB,11.9,12.2,2022,10
Dallas Goedert,TE,11.6,9.3,2022,10
George Kittle,TE,11.6,3.1,2022,10
Najee Harris,RB,11.5,9.9,2022,10
Kenny Pickett,QB,11.4,19.06,2022,10
Brandon Aiyuk,WR,11.3,12.4,2022,10
Gabe Davis,WR,11.1,21.3,2022,10
Jerry Jeudy,WR,10.9,0.0,2022,10
Melvin Gordon,RB,10.8,11.0,2022,10
Allen Lazard,WR,10.7,7.5,2022,10
Adam Thielen,WR,10.7,9.9,2022,10
Christian Kirk,WR,10.5,31.5,2022,10
Chris Godwin Jr.,WR,10.5,19.1,2022,10
Kenneth Walker III,RB,10.4,13.2,2022,10
Deebo Samuel Sr.,WR,10.3,7.1,2022,10
Devin Singletary,RB,10.2,15.7,2022,10
DeVonta Smith,WR,10.2,15.9,2022,10
Clyde Edwards-Helaire,RB,10.1,0.0,2022,10
Jeff Wilson,RB,10.1,22.3,2022,10
Donovan Peoples-Jones,WR,10.0,14.9,2022,10
Raheem Mostert,RB,10.0,18.7,2022,10
Davis Mills,QB,10.0,14.76,2022,10
Marquez Valdes-Scantling,WR,10.0,15.0,2022,10
George Pickens,WR,10.0,14.5,2022,10
Josh Palmer,WR,9.9,7.4,2022,10
DJ Moore,WR,9.9,6.9,2022,10
CeeDee Lamb,WR,9.9,38.0,2022,10
Khalil Herbert,RB,9.8,5.7,2022,10
Pat Freiermuth,TE,9.7,7.6,2022,10
Tyler Allgeier,RB,9.5,3.3,2022,10
Antonio Gibson,RB,9.4,14.8,2022,10
Tyler Lockett,WR,9.4,13.2,2022,10
Chris Olave,WR,9.3,7.0,2022,10
DeAndre Hopkins,WR,9.2,19.8,2022,10
Michael Pittman,WR,9.2,12.3,2022,10
DK Metcalf,WR,9.2,13.1,2022,10
James Conner,RB,8.9,23.6,2022,10
T.J. Hockenson,TE,8.6,11.5,2022,10
Darnell Mooney,WR,8.5,9.7,2022,10
Courtland Sutton,WR,8.3,12.6,2022,10
Terry McLaurin,WR,8.2,20.8,2022,10
Chase Claypool,WR,8.2,1.8,2022,10
Eno Benjamin,RB,8.0,0.0,2022,10
Dalton Schultz,TE,7.8,17.4,2022,10
Malik Willis,QB,7.7,-2.4,2022,10
Kenny Gainwell,RB,7.6,2.2,2022,10
Jerick McKinnon,RB,7.6,11.8,2022,10
Allen Robinson,WR,7.5,8.4,2022,10
Cade Otton,TE,7.4,6.5,2022,10
Brandin Cooks,WR,7.3,8.2,2022,10
Zay Jones,WR,7.2,14.8,2022,10
AJ Dillon,RB,7.1,6.5,2022,10
Dawson Knox,TE,7.0,9.7,2022,10
Greg Dulcich,TE,7.0,2.1,2022,10
Tyler Higbee,TE,6.9,15.3,2022,10
Jarvis Landry,WR,6.7,6.7,2022,10
Kalif Raymond,WR,6.7,7.7,2022,10
Robert Tonyan,TE,6.6,1.8,2022,10
Rachaad White,RB,6.6,10.5,2022,10
Mike Gesicki,TE,6.5,5.1,2022,10
Cole Kmet,TE,6.5,23.4,2022,10
Jahan Dotson,WR,6.5,2.4,2022,10
Marvin Jones,WR,6.4,4.3,2022,10
Latavius Murray,RB,6.4,7.7,2022,10
Evan Engram,TE,6.4,4.4,2022,10
Terrace Marshall Jr.,WR,6.4,5.3,2022,10
Darrell Henderson,RB,6.4,10.2,2022,10
Curtis Samuel,WR,6.3,6.0,2022,10
Alexander Mattison,RB,6.2,2.9,2022,10
Brian Robinson,RB,6.2,14.6,2022,10
Chuba Hubbard,RB,6.0,1.4,2022,10
Alec Pierce,WR,6.0,0.0,2022,10
Malik Davis,RB,6.0,3.8,2022,10
Isaiah McKenzie,WR,5.9,9.5,2022,10
Parris Campbell,WR,5.9,20.6,2022,10
Gerald Everett,TE,5.8,4.3,2022,10
Nico Collins,WR,5.8,15.9,2022,10
DeAndre Carter,WR,5.8,16.4,2022,10
Rondale Moore,WR,5.7,18.4,2022,10
Dontrell Hilliard,RB,5.7,1.8,2022,10
K.J. Osborn,WR,5.6,7.7,2022,10
Cameron Brate,TE,5.5,1.8,2022,10
Mack Hollins,WR,5.5,3.8,2022,10
Foster Moreau,TE,5.4,13.3,2022,10
Jaylen Warren,RB,5.4,10.7,2022,10
Cam Akers,RB,5.3,2.2,2022,10
Raheem Blackshear,RB,5.2,3.2,2022,10
Chris Moore,WR,5.2,10.0,2022,10
Zach Ertz,TE,5.2,2.2,2022,10
Noah Brown,WR,5.2,1.3,2022,10
Harrison Bryant,TE,5.0,10.5,2022,10
Dante Pettis,WR,5.0,2.7,2022,10
Kyle Pitts,TE,5.0,4.8,2022,10
Pharaoh Brown,TE,5.0,3.3,2022,10
Caleb Huntley,RB,5.0,3.2,2022,10
Darius Slayton,WR,4.9,18.5,2022,10
Joseph Fortson,TE,4.9,1.6,2022,10
Drake London,WR,4.8,14.8,2022,10
Noah Fant,TE,4.8,6.4,2022,10
Michael Gallup,WR,4.8,7.5,2022,10
Elijah Mitchell,RB,4.7,9.8,2022,10
Noah Gray,TE,4.6,10.0,2022,10
Matt Breida,RB,4.6,2.0,2022,10
Juwan Johnson,TE,4.6,15.4,2022,10
Robert Woods,WR,4.5,3.0,2022,10
Marquise Goodwin,WR,4.5,11.8,2022,10
Isiah Pacheco,RB,4.3,6.2,2022,10
Nyheim Hines,RB,4.1,1.9,2022,10
Rex Burkhead,RB,4.0,5.0,2022,10
Ben Skowronek,WR,4.0,3.4,2022,10
Olamide Zaccheaus,WR,4.0,5.4,2022,10
David Bell,WR,3.9,5.4,2022,10
Logan Thomas,TE,3.9,3.2,2022,10
Jauan Jennings,WR,3.9,8.0,2022,10
James Cook,RB,3.9,2.2,2022,10
Will Dissly,TE,3.9,4.8,2022,10
Trent Sherfield,WR,3.8,16.3,2022,10
Treylon Burks,WR,3.7,5.4,2022,10
Tommy Tremble,TE,3.5,0.0,2022,10
Zach Gentry,TE,3.4,0.0,2022,10
Quez Watkins,WR,3.3,10.0,2022,10
Justin Jackson,RB,3.2,4.8,2022,10
Damiere Byrd,WR,3.2,8.8,2022,10
Zach Pascal,WR,3.1,2.0,2022,10
Peyton Hendershot,TE,3.1,0.0,2022,10
Chase Edmonds,RB,3.1,1.9,2022,10
Marcedes Lewis,TE,3.1,0.9,2022,10
Justin Watson,WR,3.1,2.2,2022,10
Scott Miller,WR,3.0,4.5,2022,10
Brock Wright,TE,3.0,7.2,2022,10
Kendall Hinton,WR,3.0,10.2,2022,10
Tre'Quan Smith,WR,3.0,0.0,2022,10
Zack Moss,RB,3.0,0.4,2022,10
Van Jefferson,WR,2.9,11.7,2022,10
Skyy Moore,WR,2.8,1.6,2022,10
Jordan Wilkins,RB,2.8,1.8,2022,10
Ameer Abdullah,RB,2.8,7.3,2022,10
Julio Jones,WR,2.8,14.3,2022,10
Boston Scott,RB,2.7,0.5,2022,10
Ray-Ray McCloud,WR,2.7,4.3,2022,10
Nick Westbrook-Ikhine,WR,2.6,28.9,2022,10
Laviska Shenault Jr.,WR,2.6,14.9,2022,10
Phillip Dorsett,WR,2.6,4.2,2022,10
Wan'Dale Robinson,WR,2.5,3.5,2022,10
O.J. Howard,TE,2.5,0.0,2022,10
Khalil Shakir,WR,2.5,1.6,2022,10
JaMycal Hasty,RB,2.5,1.3,2022,10
Austin Hooper,TE,2.5,9.1,2022,10
Equanimeous St. Brown,WR,2.4,0.9,2022,10
Kylen Granson,TE,2.4,9.7,2022,10
Shi Smith,WR,2.4,2.7,2022,10
Travis Homer,RB,2.3,0.0,2022,10
Dan Arnold,TE,2.3,1.8,2022,10
Adam Trautman,TE,2.3,4.2,2022,10
Geoff Swaim,TE,2.2,0.0,2022,10
Jordan Akins,TE,2.2,10.2,2022,10
Colby Parkinson,TE,2.2,1.7,2022,10
Chris Myarick,TE,2.1,0.0,2022,10
Keelan Cole,WR,2.1,0.0,2022,10
Michael Bandy,WR,2.1,0.0,2022,10
Cam Sims,WR,2.0,0.0,2022,10
Kenny Golladay,WR,2.0,0.0,2022,10
James Mitchell,TE,2.0,1.4,2022,10
Durham Smythe,TE,2.0,0.0,2022,10
Chig Okonkwo,TE,1.9,5.1,2022,10
Tom Kennedy,WR,1.9,5.4,2022,10
Sony Michel,RB,1.9,0.2,2022,10
KhaDarel Hodge,WR,1.8,11.7,2022,10
Greg Dortch,WR,1.8,0.0,2022,10
Eric Saubert,TE,1.8,2.2,2022,10
Keaontay Ingram,RB,1.8,0.5,2022,10
Jamal Agnew,WR,1.7,3.4,2022,10
MyCole Pruitt,TE,1.7,1.6,2022,10
Avery Williams,RB,1.6,2.5,2022,10
Shane Zylstra,TE,1.6,0.0,2022,10
D'Ernest Johnson,RB,1.5,0.8,2022,10
Parker Hesse,TE,1.4,0.0,2022,10
Dyami Brown,WR,1.4,2.5,2022,10
DeeJay Dallas,RB,1.4,0.0,2022,10
Isaiah Spiller,RB,1.4,0.3,2022,10
Kadarius Toney,WR,1.4,19.0,2022,10
Dee Eskridge,WR,1.4,0.0,2022,10
Christian Watson,WR,1.3,32.7,2022,10
Brandon Powell,WR,1.3,0.7,2022,10
Cedrick Wilson Jr.,WR,1.2,1.7,2022,10
Jack Stoll,TE,1.2,2.1,2022,10
Steven Sims,WR,1.2,2.7,2022,10
Kevin White,WR,1.1,0.0,2022,10
Rashid Shaheed,WR,1.1,2.2,2022,10
Isaiah Hodgins,WR,1.1,6.1,2022,10
Dare Ogunbowale,RB,1.1,2.3,2022,10
Zander Horvath,RB,1.1,1.1,2022,10
Anthony Schwartz,WR,1.0,1.3,2022,10
Dax Milne,WR,1.0,0.0,2022,10
Brycen Hopkins,TE,1.0,2.1,2022,10
Trey McBride,TE,0.9,1.7,2022,10
Byron Pringle,WR,0.9,2.2,2022,10
A.J. Green,WR,0.9,9.0,2022,10
Tre' McKitty,TE,0.9,5.1,2022,10
Hassan Haskins,RB,0.9,0.0,2022,10
Giovanni Ricci,TE,0.8,1.2,2022,10
Gary Brightwell,RB,0.8,0.0,2022,10
Jake Kumerow,WR,0.8,0.0,2022,10
Ke'Shawn Vaughn,RB,0.8,2.3,2022,10
Amari Rodgers,WR,0.7,0.0,2022,10
Taysom Hill,TE,0.7,0.1,2022,10
Mike Woods,WR,0.7,0.0,2022,10
Eric Tomlinson,TE,0.7,0.0,2022,10
Trevon Wesco,TE,0.6,0.0,2022,10
Jalen Reagor,WR,0.6,0.0,2022,10
Penny Hart,WR,0.6,0.0,2022,10
Jalen Tolbert,WR,0.5,0.0,2022,10
Salvon Ahmed,RB,0.5,1.1,2022,10
Tyrie Cleveland,WR,0.5,0.0,2022,10
Zamir White,RB,0.5,-0.1,2022,10
Montrell Washington,WR,0.5,0.0,2022,10
Jalen Nailor,WR,0.4,0.0,2022,10
Sean McKeon,TE,0.4,1.1,2022,10
Jaelon Darden,WR,0.4,0.0,2022,10
Armani Rogers,TE,0.3,0.0,2022,10
Troy Hairston,RB,0.3,0.0,2022,10
Stephen Anderson,TE,0.2,0.0,2022,10
Jakob Johnson,RB,0.2,0.0,2022,10
Gunner Olszewski,WR,0.2,1.4,2022,10
Richard Rodgers,TE,0.1,1.4,2022,10
Lawrence Cager,TE,0.0,8.9,2022,10
Matt Ryan,QB,0.0,22.68,2022,10
Britain Covey,WR,0.0,0.0,2022,10
Kene Nwangwu,RB,0.0,0.0,2022,10
KaVontae Turpin,WR,0.0,1.9,2022,10
Jerome Ford,RB,0.0,0.0,2022,10
Russell Wilson,QB,0.0,14.24,2022,10
Skylar Thompson,QB,0.0,0.68,2022,10
Ryan Tannehill,QB,0.0,19.4,2022,10
Kevin Rader,TE,0.0,0.0,2022,10
Keke Coutee,WR,0.0,1.0,2022,10
Benny Snell,RB,0.0,0.0,2022,10
Patrick Mahomes,QB,24.7,27.46,2022,11
Joe Burrow,QB,23.7,26.7,2022,11
Justin Fields,QB,22.9,22.62,2022,11
Marcus Mariota,QB,22.5,17.74,2022,11
Jalen Hurts,QB,21.9,24.2,2022,11
Saquon Barkley,RB,21.4,5.5,2022,11
Nick Chubb,RB,21.2,9.7,2022,11
Joe Mixon,RB,20.9,9.2,2022,11
Derrick Henry,RB,20.6,25.36,2022,11
Dak Prescott,QB,20.4,20.64,2022,11
Stefon Diggs,WR,19.3,14.8,2022,11
Daniel Jones,QB,19.2,24.64,2022,11
Travis Kelce,TE,19.1,35.5,2022,11
Jonathan Taylor,RB,18.8,16.4,2022,11
Lamar Jackson,QB,18.3,15.46,2022,11
Jacoby Brissett,QB,18.1,25.86,2022,11
Rhamondre Stevenson,RB,17.9,14.2,2022,11
Dalvin Cook,RB,17.1,7.2,2022,11
Jimmy Garoppolo,QB,16.9,25.42,2022,11
Justin Jefferson,WR,16.4,6.3,2022,11
Tony Pollard,RB,16.4,36.9,2022,11
Justin Herbert,QB,16.4,19.7,2022,11
Austin Ekeler,RB,15.8,18.0,2022,11
CeeDee Lamb,WR,15.7,9.5,2022,11
Russell Wilson,QB,15.6,10.68,2022,11
Josh Jacobs,RB,15.4,19.0,2022,11
Aaron Rodgers,QB,14.9,19.08,2022,11
Kirk Cousins,QB,14.6,2.2,2022,11
Cordarrelle Patterson,RB,14.4,11.9,2022,11
Christian McCaffrey,RB,14.0,17.6,2022,11
Mike Williams,WR,13.9,2.5,2022,11
James Conner,RB,13.4,13.4,2022,11
Aaron Jones,RB,13.4,14.0,2022,11
Mac Jones,QB,13.3,10.14,2022,11
Davis Mills,QB,13.2,9.76,2022,11
Diontae Johnson,WR,13.0,6.2,2022,11
Ezekiel Elliott,RB,12.8,17.7,2022,11
Devin Singletary,RB,12.8,17.7,2022,11
Davante Adams,WR,12.6,33.1,2022,11
Brandon Aiyuk,WR,12.6,16.0,2022,11
Tee Higgins,WR,12.6,23.8,2022,11
Taylor Heinicke,QB,12.5,7.84,2022,11
Kenny Pickett,QB,12.5,16.0,2022,11
Dameon Pierce,RB,12.4,3.7,2022,11
Gabe Davis,WR,12.3,11.8,2022,11
Derek Carr,QB,12.2,20.28,2022,11
Jared Goff,QB,12.0,6.5,2022,11
Amari Cooper,WR,12.0,31.3,2022,11
D'Onta Foreman,RB,11.9,2.4,2022,11
DeAndre Hopkins,WR,11.8,18.1,2022,11
A.J. Brown,WR,11.7,9.0,2022,11
David Montgomery,RB,11.5,21.1,2022,11
Kareem Hunt,RB,11.4,7.4,2022,11
Tyler Allgeier,RB,11.4,7.4,2022,11
Zach Wilson,QB,11.3,5.68,2022,11
Miles Sanders,RB,11.2,5.8,2022,11
Pat Freiermuth,TE,11.0,15.9,2022,11
Najee Harris,RB,11.0,27.6,2022,11
Jamaal Williams,RB,11.0,24.4,2022,11
Mark Andrews,TE,11.0,12.3,2022,11
Tyler Boyd,WR,10.9,6.2,2022,11
George Kittle,TE,10.8,24.4,2022,11
Jakobi Meyers,WR,10.6,9.2,2022,11
Alvin Kamara,RB,10.2,12.9,2022,11
Kenyan Drake,RB,10.2,7.3,2022,11
Antonio Gibson,RB,10.1,13.3,2022,11
Amon-Ra St. Brown,WR,10.0,15.0,2022,11
Deebo Samuel Sr.,WR,10.0,22.4,2022,11
Josh Palmer,WR,9.8,30.6,2022,11
Damien Harris,RB,9.7,11.3,2022,11
Allen Lazard,WR,9.7,10.7,2022,11
David Njoku,TE,9.7,3.7,2022,11
Dalton Schultz,TE,9.7,5.2,2022,11
Michael Pittman,WR,9.6,13.5,2022,11
Donovan Peoples-Jones,WR,9.5,17.1,2022,11
Andy Dalton,QB,9.1,22.2,2022,11
T.J. Hockenson,TE,9.0,8.4,2022,11
Adam Thielen,WR,9.0,4.5,2022,11
D'Andre Swift,RB,8.9,12.2,2022,11
Allen Robinson,WR,8.8,14.7,2022,11
Terry McLaurin,WR,8.8,9.6,2022,11
Latavius Murray,RB,8.7,17.2,2022,11
Brandin Cooks,WR,8.6,10.0,2022,11
Courtland Sutton,WR,8.5,13.0,2022,11
George Pickens,WR,8.5,18.3,2022,11
Melvin Gordon,RB,8.5,12.0,2022,11
DJ Moore,WR,8.4,5.4,2022,11
DeVonta Smith,WR,8.4,13.8,2022,11
DeVante Parker,WR,8.3,3.9,2022,11
Nick Westbrook-Ikhine,WR,8.3,4.8,2022,11
Drake London,WR,8.1,7.2,2022,11
Marquez Valdes-Scantling,WR,8.0,2.8,2022,11
Nico Collins,WR,7.9,9.8,2022,11
Rondale Moore,WR,7.9,-0.6,2022,11
Tyler Higbee,TE,7.6,8.5,2022,11
Parris Campbell,WR,7.6,11.7,2022,11
Chase Claypool,WR,7.5,3.1,2022,11
Brian Robinson,RB,7.5,5.7,2022,11
DeAndre Carter,WR,7.5,6.3,2022,11
James Robinson,RB,7.2,1.0,2022,11
Nelson Agholor,WR,7.1,3.8,2022,11
Darius Slayton,WR,7.1,13.6,2022,11
Garrett Wilson,WR,7.1,3.2,2022,11
Dawson Knox,TE,7.1,14.0,2022,11
Hayden Hurst,TE,6.9,4.8,2022,11
Kyle Pitts,TE,6.9,7.3,2022,11
Robert Woods,WR,6.8,12.9,2022,11
Michael Gallup,WR,6.8,7.1,2022,11
Chris Olave,WR,6.7,21.2,2022,11
Chris Moore,WR,6.7,7.3,2022,11
Darnell Mooney,WR,6.7,12.9,2022,11
Elijah Moore,WR,6.7,3.7,2022,11
Dontrell Hilliard,RB,6.7,8.8,2022,11
Deon Jackson,RB,6.7,5.0,2022,11
AJ Dillon,RB,6.5,3.3,2022,11
Christian Watson,WR,6.4,21.1,2022,11
Hunter Henry,TE,6.4,3.0,2022,11
Kenny Gainwell,RB,6.4,0.0,2022,11
Greg Dulcich,TE,6.4,7.0,2022,11
Clyde Edwards-Helaire,RB,6.2,0.9,2022,11
Cole Kmet,TE,6.2,6.5,2022,11
Jahan Dotson,WR,6.2,2.6,2022,11
Treylon Burks,WR,6.1,18.1,2022,11
Olamide Zaccheaus,WR,6.0,3.2,2022,11
Caleb Huntley,RB,6.0,1.6,2022,11
DJ Chark,WR,5.9,0.0,2022,11
Randall Cobb,WR,5.9,13.3,2022,11
Jaylen Warren,RB,5.9,1.9,2022,11
Elijah Mitchell,RB,5.9,5.9,2022,11
Jerick McKinnon,RB,5.6,1.4,2022,11
Damiere Byrd,WR,5.6,4.9,2022,11
Jarvis Landry,WR,5.6,12.3,2022,11
Tyler Conklin,TE,5.4,3.5,2022,11
Isaiah McKenzie,WR,5.4,0.0,2022,11
Noah Brown,WR,5.4,6.2,2022,11
Curtis Samuel,WR,5.3,9.8,2022,11
Austin Hooper,TE,5.3,19.6,2022,11
Alec Pierce,WR,5.3,5.8,2022,11
Robert Tonyan,TE,5.3,3.9,2022,11
K.J. Osborn,WR,5.1,3.7,2022,11
Isiah Pacheco,RB,5.0,10.7,2022,11
Kalif Raymond,WR,5.0,7.0,2022,11
Samaje Perine,RB,5.0,30.2,2022,11
Kyren Williams,RB,5.0,5.4,2022,11
Van Jefferson,WR,4.9,7.1,2022,11
Juwan Johnson,TE,4.9,13.7,2022,11
Terrace Marshall Jr.,WR,4.9,10.6,2022,11
Matt Breida,RB,4.8,9.9,2022,11
Jauan Jennings,WR,4.8,0.0,2022,11
Cam Akers,RB,4.7,6.1,2022,11
Harrison Bryant,TE,4.7,8.1,2022,11
Kendall Hinton,WR,4.5,8.7,2022,11
Devin Duvernay,WR,4.5,1.7,2022,11
Raheem Blackshear,RB,4.5,3.4,2022,11
Malik Davis,RB,4.5,5.5,2022,11
Wan'Dale Robinson,WR,4.5,19.4,2022,11
Tyquan Thornton,WR,4.5,1.5,2022,11
Mack Hollins,WR,4.4,11.2,2022,11
Ben Skowronek,WR,4.4,1.4,2022,11
Noah Gray,TE,4.4,3.5,2022,11
Chuba Hubbard,RB,4.4,4.5,2022,11
Alexander Mattison,RB,4.3,1.8,2022,11
Mo Alie-Cox,TE,4.3,2.4,2022,11
Foster Moreau,TE,4.3,4.3,2022,11
Nyheim Hines,RB,4.3,-0.8,2022,11
James Cook,RB,4.2,8.6,2022,11
David Bell,WR,4.0,6.2,2022,11
Chase Edmonds,RB,3.9,0.6,2022,11
Jonnu Smith,TE,3.8,8.5,2022,11
Dante Pettis,WR,3.8,0.0,2022,11
Jake Ferguson,TE,3.8,3.5,2022,11
Sammy Watkins,WR,3.7,0.0,2022,11
Chig Okonkwo,TE,3.7,4.1,2022,11
Joseph Fortson,TE,3.7,7.1,2022,11
Quez Watkins,WR,3.7,11.1,2022,11
Kylen Granson,TE,3.7,2.6,2022,11
KhaDarel Hodge,WR,3.6,2.3,2022,11
Logan Thomas,TE,3.6,11.5,2022,11
Demarcus Robinson,WR,3.6,21.8,2022,11
Justice Hill,RB,3.6,6.8,2022,11
Marquez Callaway,WR,3.5,1.6,2022,11
Ashton Dulin,WR,3.2,0.0,2022,11
Phillip Dorsett,WR,3.2,0.0,2022,11
Ray-Ray McCloud,WR,3.2,0.0,2022,11
Cole Turner,TE,3.2,0.0,2022,11
Pharaoh Brown,TE,3.2,0.0,2022,11
Jordan Akins,TE,3.1,2.8,2022,11
Geoff Swaim,TE,3.1,1.3,2022,11
Zach Gentry,TE,3.0,2.8,2022,11
Ameer Abdullah,RB,3.0,3.5,2022,11
Justin Jackson,RB,3.0,8.7,2022,11
Isaiah Likely,TE,2.8,1.1,2022,11
Tommy Tremble,TE,2.7,0.0,2022,11
C.J. Uzomah,TE,2.7,0.0,2022,11
O.J. Howard,TE,2.6,1.9,2022,11
Denzel Mims,WR,2.6,5.5,2022,11
Peyton Hendershot,TE,2.5,0.8,2022,11
Zack Moss,RB,2.5,0.7,2022,11
Laviska Shenault Jr.,WR,2.5,4.7,2022,11
Grant Calcaterra,TE,2.4,0.0,2022,11
Brock Wright,TE,2.4,4.0,2022,11
MyCole Pruitt,TE,2.4,2.7,2022,11
Zach Pascal,WR,2.4,1.9,2022,11
Boston Scott,RB,2.3,3.2,2022,11
Avery Williams,RB,2.3,0.0,2022,11
Sony Michel,RB,2.2,0.1,2022,11
Keenan Allen,WR,2.2,12.4,2022,11
Adam Trautman,TE,2.1,4.2,2022,11
Kendrick Bourne,WR,2.1,1.8,2022,11
Justin Watson,WR,2.1,9.7,2022,11
Trenton Irwin,WR,2.0,13.2,2022,11
Isaiah Hodgins,WR,1.9,3.9,2022,11
D'Ernest Johnson,RB,1.9,0.0,2022,11
Skyy Moore,WR,1.9,11.3,2022,11
Ian Thomas,TE,1.9,5.4,2022,11
Shi Smith,WR,1.9,4.6,2022,11
Michael Bandy,WR,1.9,0.0,2022,11
John Bates,TE,1.8,0.0,2022,11
Johnny Mundt,TE,1.8,1.8,2022,11
A.J. Green,WR,1.8,10.0,2022,11
Richie James,WR,1.8,13.8,2022,11
Cam Sims,WR,1.8,2.7,2022,11
Steven Sims,WR,1.8,-0.3,2022,11
Tom Kennedy,WR,1.7,2.3,2022,11
Keaontay Ingram,RB,1.7,1.9,2022,11
Keelan Cole,WR,1.6,3.1,2022,11
Equanimeous St. Brown,WR,1.6,4.4,2022,11
Ty Johnson,RB,1.6,0.4,2022,11
Jesper Horsted,TE,1.6,0.0,2022,11
Isaiah Spiller,RB,1.6,4.2,2022,11
Greg Dortch,WR,1.5,19.3,2022,11
Dare Ogunbowale,RB,1.5,1.5,2022,11
Mike Thomas,WR,1.5,0.0,2022,11
Josh Oliver,TE,1.5,1.2,2022,11
Brandon Bolden,RB,1.5,1.4,2022,11
Mike Davis,RB,1.4,0.7,2022,11
Reggie Gilliam,RB,1.4,0.0,2022,11
Zander Horvath,RB,1.3,0.3,2022,11
Brandon Powell,WR,1.3,3.5,2022,11
Eric Saubert,TE,1.3,3.6,2022,11
Trestan Ebner,RB,1.3,0.8,2022,11
Trey McBride,TE,1.3,5.4,2022,11
Jack Stoll,TE,1.2,1.7,2022,11
James Proche,WR,1.2,0.0,2022,11
Tutu Atwell,WR,1.1,13.2,2022,11
Lawrence Cager,TE,1.1,4.0,2022,11
Anthony Schwartz,WR,1.0,0.0,2022,11
Kadarius Toney,WR,1.0,0.0,2022,11
Hassan Haskins,RB,1.0,0.0,2022,11
Braxton Berrios,WR,0.9,0.0,2022,11
Rashid Shaheed,WR,0.9,1.8,2022,11
Velus Jones Jr.,WR,0.8,0.0,2022,11
Byron Pringle,WR,0.8,0.0,2022,11
Dax Milne,WR,0.8,0.0,2022,11
Gary Brightwell,RB,0.8,0.0,2022,11
Patrick Ricard,RB,0.6,0.4,2022,11
Taysom Hill,TE,0.6,7.56,2022,11
Keke Coutee,WR,0.5,0.0,2022,11
Gunner Olszewski,WR,0.5,5.9,2022,11
Jalen Tolbert,WR,0.4,1.8,2022,11
Jalen Reagor,WR,0.4,2.4,2022,11
Montrell Washington,WR,0.4,0.0,2022,11
Kenny Golladay,WR,0.3,4.9,2022,11
Stephen Anderson,TE,0.3,0.0,2022,11
KaVontae Turpin,WR,0.3,0.0,2022,11
Troy Hairston,RB,0.3,0.0,2022,11
Trent Taylor,WR,0.3,1.1,2022,11
Pierre Strong,RB,0.3,0.0,2022,11
Jordan Mason,RB,0.3,1.4,2022,11
DJ Turner,WR,0.2,0.0,2022,11
Jalen Nailor,WR,0.2,2.5,2022,11
Jakob Johnson,RB,0.1,1.0,2022,11
Nick Mullens,QB,0.0,2.16,2022,11
C.J. Board,WR,0.0,0.0,2022,11
Ryan Tannehill,QB,0.0,19.02,2022,11
Trace McSorley,QB,0.0,0.96,2022,11
Jacob Harris,WR,0.0,0.0,2022,11
Britain Covey,WR,0.0,0.0,2022,11
Devin Asiasi,TE,0.0,0.0,2022,11
Matt Ryan,QB,0.0,8.62,2022,11
Matthew Stafford,QB,0.0,14.76,2022,11
Matthew Slater,WR,0.0,0.0,2022,11
Stanley Morgan,WR,0.0,0.0,2022,11
Bryce Perkins,QB,0.0,6.46,2022,11
Brock Purdy,QB,0.0,0.3,2022,11
Colt McCoy,QB,0.0,7.32,2022,11
Cooper Rush,QB,0.0,1.24,2022,11
Kene Nwangwu,RB,0.0,1.6,2022,11
Jerome Ford,RB,0.0,0.0,2022,11
Baker Mayfield,QB,0.0,5.04,2022,11
Jalen Hurts,QB,24.3,29.82,2022,12
Patrick Mahomes,QB,22.6,18.4,2022,12
Derrick Henry,RB,22.4,14.7,2022,12
Lamar Jackson,QB,22.2,23.06,2022,12
Dak Prescott,QB,21.3,14.84,2022,12
Tua Tagovailoa,QB,20.4,15.96,2022,12
Joe Burrow,QB,20.3,18.0,2022,12
Tony Pollard,RB,19.7,8.1,2022,12
Jonathan Taylor,RB,19.1,18.8,2022,12
Geno Smith,QB,18.9,19.32,2022,12
Dalvin Cook,RB,18.7,9.6,2022,12
Justin Jefferson,WR,18.3,29.34,2022,12
Tyreek Hill,WR,18.0,15.0,2022,12
Josh Jacobs,RB,17.9,48.3,2022,12
Kirk Cousins,QB,17.7,21.86,2022,12
Stefon Diggs,WR,17.6,21.7,2022,12
Jimmy Garoppolo,QB,17.5,13.28,2022,12
Travis Kelce,TE,17.5,15.7,2022,12
Justin Herbert,QB,17.5,28.76,2022,12
Marcus Mariota,QB,17.4,13.86,2022,12
Austin Ekeler,RB,17.1,25.0,2022,12
Ryan Tannehill,QB,16.0,12.54,2022,12
Aaron Rodgers,QB,15.8,9.5,2022,12
Rhamondre Stevenson,RB,15.8,20.2,2022,12
Aaron Jones,RB,15.8,18.9,2022,12
Tom Brady,QB,15.8,18.04,2022,12
Matt Ryan,QB,15.5,10.16,2022,12
James Conner,RB,15.5,21.0,2022,12
Jamaal Williams,RB,15.4,10.6,2022,12
Devin Singletary,RB,15.2,9.0,2022,12
Kenneth Walker III,RB,15.2,16.9,2022,12
Derek Carr,QB,15.1,20.8,2022,12
Davante Adams,WR,14.6,14.4,2022,12
Christian McCaffrey,RB,14.4,8.9,2022,12
Brandon Aiyuk,WR,14.1,11.5,2022,12
CeeDee Lamb,WR,14.0,17.7,2022,12
Jared Goff,QB,13.9,17.6,2022,12
Kenny Pickett,QB,13.8,12.16,2022,12
Jacoby Brissett,QB,13.8,13.1,2022,12
Jaylen Waddle,WR,13.5,13.5,2022,12
David Montgomery,RB,13.2,14.3,2022,12
Amon-Ra St. Brown,WR,13.2,27.9,2022,12
Dameon Pierce,RB,13.1,4.6,2022,12
Miles Sanders,RB,12.9,31.0,2022,12
DK Metcalf,WR,12.9,20.0,2022,12
Tyler Lockett,WR,12.9,15.8,2022,12
Ezekiel Elliott,RB,12.8,16.5,2022,12
Taylor Heinicke,QB,12.8,11.42,2022,12
Michael Pittman,WR,12.7,19.1,2022,12
Najee Harris,RB,12.7,10.9,2022,12
Daniel Jones,QB,12.7,14.52,2022,12
A.J. Brown,WR,12.6,12.6,2022,12
Nick Chubb,RB,12.4,20.2,2022,12
Trevor Lawrence,QB,12.3,24.94,2022,12
Mac Jones,QB,12.3,23.28,2022,12
Saquon Barkley,RB,12.3,15.2,2022,12
Pat Freiermuth,TE,12.1,6.9,2022,12
Christian Kirk,WR,12.0,8.1,2022,12
Tee Higgins,WR,11.9,24.4,2022,12
Mark Andrews,TE,11.9,11.0,2022,12
Jeff Wilson,RB,11.8,12.2,2022,12
Gabe Davis,WR,11.5,7.8,2022,12
Mike Evans,WR,11.5,5.1,2022,12
Travis Etienne,RB,11.5,0.3,2022,12
Russell Wilson,QB,11.4,8.48,2022,12
D'Onta Foreman,RB,11.4,11.3,2022,12
Deebo Samuel Sr.,WR,11.4,7.3,2022,12
D'Andre Swift,RB,11.3,10.3,2022,12
JuJu Smith-Schuster,WR,11.1,6.8,2022,12
Kenyan Drake,RB,11.0,0.2,2022,12
George Kittle,TE,10.9,5.6,2022,12
Diontae Johnson,WR,10.8,9.9,2022,12
Antonio Gibson,RB,10.6,8.4,2022,12
Josh Palmer,WR,10.6,10.6,2022,12
T.J. Hockenson,TE,10.5,15.3,2022,12
Adam Thielen,WR,10.5,21.1,2022,12
Chris Godwin Jr.,WR,10.4,29.0,2022,12
Amari Cooper,WR,10.3,16.4,2022,12
Parris Campbell,WR,10.2,3.4,2022,12
George Pickens,WR,10.1,10.7,2022,12
Jakobi Meyers,WR,10.0,9.2,2022,12
Alvin Kamara,RB,9.9,7.0,2022,12
Dawson Knox,TE,9.9,3.7,2022,12
Chris Olave,WR,9.8,11.2,2022,12
DeVonta Smith,WR,9.6,9.0,2022,12
Terry McLaurin,WR,9.3,9.3,2022,12
Cordarrelle Patterson,RB,9.1,10.1,2022,12
Allen Lazard,WR,9.1,4.4,2022,12
DeAndre Hopkins,WR,9.0,18.7,2022,12
Tyler Boyd,WR,8.7,3.6,2022,12
Marquise Brown,WR,8.7,10.6,2022,12
Damien Harris,RB,8.6,1.6,2022,12
Treylon Burks,WR,8.6,11.0,2022,12
Dalton Schultz,TE,8.5,19.1,2022,12
DeVante Parker,WR,8.4,12.0,2022,12
Corey Davis,WR,8.3,1.9,2022,12
Brandin Cooks,WR,8.2,11.1,2022,12
Rachaad White,RB,8.2,19.9,2022,12
Gus Edwards,RB,8.1,9.2,2022,12
Christian Watson,WR,8.0,21.0,2022,12
Tyler Allgeier,RB,7.9,5.4,2022,12
Zay Jones,WR,7.9,27.5,2022,12
Latavius Murray,RB,7.8,10.8,2022,12
AJ Dillon,RB,7.8,17.8,2022,12
Garrett Wilson,WR,7.8,26.4,2022,12
Brian Robinson,RB,7.7,20.5,2022,12
Kareem Hunt,RB,7.4,3.1,2022,12
Donovan Peoples-Jones,WR,7.3,3.6,2022,12
Nico Collins,WR,7.3,10.4,2022,12
Nick Westbrook-Ikhine,WR,7.3,9.8,2022,12
Jarvis Landry,WR,7.2,4.0,2022,12
Robert Woods,WR,7.2,3.6,2022,12
DJ Moore,WR,7.2,20.3,2022,12
Marquise Goodwin,WR,7.1,8.5,2022,12
Courtland Sutton,WR,7.1,13.5,2022,12
Alec Pierce,WR,7.1,0.0,2022,12
DJ Chark,WR,7.1,9.6,2022,12
Nelson Agholor,WR,7.0,18.5,2022,12
Demarcus Robinson,WR,6.9,2.7,2022,12
Noah Fant,TE,6.9,6.4,2022,12
Randall Cobb,WR,6.8,9.9,2022,12
Austin Hooper,TE,6.8,6.0,2022,12
Mike Gesicki,TE,6.8,0.0,2022,12
David Njoku,TE,6.8,13.9,2022,12
Elijah Moore,WR,6.7,14.0,2022,12
Drake London,WR,6.5,4.9,2022,12
Elijah Mitchell,RB,6.4,6.3,2022,12
Gerald Everett,TE,6.4,7.8,2022,12
Michael Gallup,WR,6.3,11.3,2022,12
Kenny Gainwell,RB,6.3,11.6,2022,12
Marquez Valdes-Scantling,WR,6.3,9.6,2022,12
Dontrell Hilliard,RB,6.2,4.9,2022,12
DeAndre Carter,WR,6.2,20.3,2022,12
Chris Moore,WR,6.1,2.7,2022,12
Kalif Raymond,WR,6.1,7.5,2022,12
Curtis Samuel,WR,6.0,1.3,2022,12
Cade Otton,TE,6.0,0.0,2022,12
Cole Kmet,TE,6.0,5.7,2022,12
K.J. Osborn,WR,6.0,2.3,2022,12
Chase Claypool,WR,5.9,7.1,2022,12
James Cook,RB,5.9,3.8,2022,12
Juwan Johnson,TE,5.9,0.0,2022,12
Will Dissly,TE,5.7,3.7,2022,12
Jahan Dotson,WR,5.6,0.0,2022,12
Foster Moreau,TE,5.5,12.3,2022,12
Marvin Jones,WR,5.4,11.2,2022,12
Alexander Mattison,RB,5.4,1.1,2022,12
Robert Tonyan,TE,5.3,5.0,2022,12
Darius Slayton,WR,5.3,9.3,2022,12
Tyler Conklin,TE,5.3,8.0,2022,12
Mack Hollins,WR,5.2,16.3,2022,12
Noah Brown,WR,5.2,0.0,2022,12
Isiah Pacheco,RB,5.1,15.6,2022,12
Hayden Hurst,TE,5.1,11.7,2022,12
Justin Jackson,RB,5.1,2.9,2022,12
Evan Engram,TE,5.1,1.4,2022,12
Rex Burkhead,RB,5.0,1.5,2022,12
Jerick McKinnon,RB,5.0,5.6,2022,12
Kyren Williams,RB,5.0,9.0,2022,12
Devin Duvernay,WR,4.9,6.9,2022,12
Terrace Marshall Jr.,WR,4.9,1.8,2022,12
Greg Dulcich,TE,4.8,3.1,2022,12
Isaiah McKenzie,WR,4.8,22.3,2022,12
Logan Thomas,TE,4.7,1.7,2022,12
Jauan Jennings,WR,4.7,16.9,2022,12
Trent Sherfield,WR,4.7,5.3,2022,12
Hunter Henry,TE,4.7,15.3,2022,12
Justice Hill,RB,4.7,0.3,2022,12
Raheem Blackshear,RB,4.6,2.1,2022,12
Quez Watkins,WR,4.6,12.5,2022,12
Keenan Allen,WR,4.5,15.9,2022,12
Olamide Zaccheaus,WR,4.4,14.1,2022,12
Julio Jones,WR,4.3,8.5,2022,12
Kendall Hinton,WR,4.1,9.8,2022,12
Mo Alie-Cox,TE,4.1,3.4,2022,12
Joseph Fortson,TE,4.0,4.6,2022,12
Justin Watson,WR,4.0,4.6,2022,12
Van Jefferson,WR,4.0,11.9,2022,12
Myles Gaskin,RB,4.0,3.1,2022,12
Chuba Hubbard,RB,4.0,6.5,2022,12
Breshad Perriman,WR,3.9,0.0,2022,12
Jake Ferguson,TE,3.9,8.7,2022,12
Harrison Bryant,TE,3.9,2.9,2022,12
Noah Gray,TE,3.8,3.6,2022,12
Samaje Perine,RB,3.8,19.3,2022,12
Teagan Quitoriano,TE,3.8,4.0,2022,12
Nyheim Hines,RB,3.8,0.3,2022,12
Cam Akers,RB,3.7,3.7,2022,12
Chig Okonkwo,TE,3.7,6.5,2022,12
Ameer Abdullah,RB,3.7,14.5,2022,12
Cameron Brate,TE,3.7,3.5,2022,12
Joshua Kelley,RB,3.7,4.0,2022,12
Matt Breida,RB,3.6,2.5,2022,12
Caleb Huntley,RB,3.5,2.3,2022,12
Dante Pettis,WR,3.4,2.2,2022,12
Jelani Woods,TE,3.4,17.8,2022,12
Boston Scott,RB,3.3,2.4,2022,12
Denzel Mims,WR,3.2,2.1,2022,12
David Bell,WR,3.2,6.3,2022,12
Phillip Dorsett,WR,3.2,1.5,2022,12
Trenton Irwin,WR,3.2,2.6,2022,12
Brock Wright,TE,3.2,2.6,2022,12
Quintin Morris,TE,3.0,1.3,2022,12
Jordan Akins,TE,3.0,15.1,2022,12
Robbie Chosen,WR,2.9,2.7,2022,12
Zach Gentry,TE,2.8,0.6,2022,12
Mark Ingram,RB,2.8,1.0,2022,12
Zach Pascal,WR,2.7,0.0,2022,12
C.J. Uzomah,TE,2.7,4.7,2022,12
Tanner Hudson,TE,2.7,2.0,2022,12
Cole Turner,TE,2.6,0.0,2022,12
Laviska Shenault Jr.,WR,2.6,4.1,2022,12
Adam Trautman,TE,2.5,2.7,2022,12
Skyy Moore,WR,2.5,8.6,2022,12
O.J. Howard,TE,2.5,0.0,2022,12
Ben Skowronek,WR,2.5,2.5,2022,12
Ray-Ray McCloud,WR,2.5,2.2,2022,12
Tre'Quan Smith,WR,2.5,1.8,2022,12
Isaiah Spiller,RB,2.4,1.5,2022,12
Geoff Swaim,TE,2.3,0.0,2022,12
Tutu Atwell,WR,2.3,4.3,2022,12
Peyton Hendershot,TE,2.2,6.2,2022,12
Travis Homer,RB,2.2,13.3,2022,12
Keaontay Ingram,RB,2.2,0.5,2022,12
JaMycal Hasty,RB,2.2,20.5,2022,12
Ty Johnson,RB,2.2,14.8,2022,12
Shi Smith,WR,2.1,0.0,2022,12
Steven Sims,WR,2.1,2.9,2022,12
Johnny Mundt,TE,2.1,4.0,2022,12
Zack Moss,RB,2.1,0.2,2022,12
Jesper Horsted,TE,2.1,0.0,2022,12
Kendrick Bourne,WR,2.0,5.9,2022,12
A.J. Green,WR,2.0,1.5,2022,12
Ashton Dulin,WR,2.0,0.0,2022,12
Trey McBride,TE,2.0,1.1,2022,12
Richie James,WR,1.9,15.1,2022,12
Tre' McKitty,TE,1.9,0.0,2022,12
Equanimeous St. Brown,WR,1.9,1.7,2022,12
Keelan Cole,WR,1.8,3.2,2022,12
Ian Thomas,TE,1.8,4.1,2022,12
Tim Jones,WR,1.8,0.0,2022,12
Jamal Agnew,WR,1.8,14.7,2022,12
Durham Smythe,TE,1.8,7.4,2022,12
Lawrence Cager,TE,1.8,3.0,2022,12
James Mitchell,TE,1.8,3.2,2022,12
Tommy Tremble,TE,1.7,1.2,2022,12
Grant Calcaterra,TE,1.7,0.8,2022,12
John Bates,TE,1.6,11.4,2022,12
MyCole Pruitt,TE,1.6,8.9,2022,12
Michael Bandy,WR,1.6,0.0,2022,12
Dare Ogunbowale,RB,1.6,9.0,2022,12
Isaiah Hodgins,WR,1.6,6.1,2022,12
Josh Oliver,TE,1.5,17.6,2022,12
Ke'Shawn Vaughn,RB,1.5,1.5,2022,12
Dyami Brown,WR,1.5,2.7,2022,12
Avery Williams,RB,1.4,0.0,2022,12
Cedrick Wilson Jr.,WR,1.4,4.6,2022,12
DeeJay Dallas,RB,1.4,3.5,2022,12
Gunner Olszewski,WR,1.4,0.9,2022,12
Chris Myarick,TE,1.3,3.3,2022,12
Cody Hollister,WR,1.3,0.0,2022,12
Ko Kieft,TE,1.3,7.5,2022,12
Jonathan Williams,RB,1.3,2.2,2022,12
Parker Hesse,TE,1.2,1.9,2022,12
Rashid Shaheed,WR,1.1,7.9,2022,12
Hassan Haskins,RB,1.1,0.0,2022,12
Brandon Powell,WR,1.0,2.6,2022,12
River Cracraft,WR,1.0,9.5,2022,12
Jalen Nailor,WR,1.0,0.0,2022,12
Trayveon Williams,RB,1.0,5.2,2022,12
Reggie Gilliam,RB,1.0,0.0,2022,12
Jalen Reagor,WR,0.9,3.5,2022,12
Kevin White,WR,0.9,0.0,2022,12
Jordan Mason,RB,0.9,2.5,2022,12
Braxton Berrios,WR,0.8,2.3,2022,12
Anthony Firkser,TE,0.7,2.6,2022,12
Brycen Hopkins,TE,0.7,2.2,2022,12
Taysom Hill,TE,0.7,3.0,2022,12
Andre Baccellia,WR,0.6,1.7,2022,12
Patrick Ricard,RB,0.6,3.4,2022,12
Velus Jones Jr.,WR,0.6,0.6,2022,12
Dwayne Washington,RB,0.6,0.0,2022,12
DeSean Jackson,WR,0.6,9.4,2022,12
Chris Evans,RB,0.6,0.0,2022,12
Charlie Woerner,TE,0.6,0.0,2022,12
Kene Nwangwu,RB,0.6,6.0,2022,12
Byron Pringle,WR,0.5,9.2,2022,12
Anthony Schwartz,WR,0.5,11.8,2022,12
Tyler Davis,TE,0.5,0.0,2022,12
Brandon Johnson,WR,0.5,9.0,2022,12
Trevon Wesco,TE,0.4,1.3,2022,12
Gary Brightwell,RB,0.4,6.9,2022,12
Trent Taylor,WR,0.4,1.8,2022,12
Devine Ozigbo,RB,0.4,1.3,2022,12
Zamir White,RB,0.4,2.8,2022,12
Jakob Johnson,RB,0.3,0.0,2022,12
Montrell Washington,WR,0.2,0.8,2022,12
KaVontae Turpin,WR,0.2,0.0,2022,12
Jaelon Darden,WR,0.2,0.0,2022,12
Pierre Strong,RB,0.2,0.0,2022,12
Benny Snell,RB,0.0,13.8,2022,12
Andy Dalton,QB,0.0,10.26,2022,12
Trevor Siemian,QB,0.0,9.96,2022,12
Corey Clement,RB,0.0,1.8,2022,12
Kyler Murray,QB,0.0,25.24,2022,12
Jordan Love,QB,0.0,8.52,2022,12
Skylar Thompson,QB,0.0,-1.26,2022,12
Stanley Morgan,WR,0.0,0.0,2022,12
Jacob Harris,WR,0.0,1.6,2022,12
Bryce Perkins,QB,0.0,8.4,2022,12
C.J. Board,WR,0.0,0.0,2022,12
Marlon Mack,RB,0.0,2.2,2022,12
Britain Covey,WR,0.0,0.0,2022,12
Jerome Ford,RB,0.0,0.0,2022,12
Patrick Mahomes,QB,29.1,19.82,2022,13
Josh Jacobs,RB,23.7,21.0,2022,13
Travis Kelce,TE,23.6,7.6,2022,13
Joe Burrow,QB,23.2,30.04,2022,13
Trevor Lawrence,QB,21.8,16.36,2022,13
Derrick Henry,RB,21.8,5.8,2022,13
Jalen Hurts,QB,21.0,34.4,2022,13
Kirk Cousins,QB,20.7,11.82,2022,13
Jimmy Garoppolo,QB,20.7,2.24,2022,13
Dalvin Cook,RB,20.4,16.3,2022,13
Aaron Rodgers,QB,20.3,13.68,2022,13
Nick Chubb,RB,20.2,8.0,2022,13
Justin Jefferson,WR,19.7,18.6,2022,13
Justin Herbert,QB,19.1,18.1,2022,13
Dak Prescott,QB,18.9,16.8,2022,13
Tyreek Hill,WR,18.8,29.6,2022,13
Aaron Jones,RB,18.5,10.0,2022,13
Austin Ekeler,RB,18.4,13.2,2022,13
Jared Goff,QB,17.6,21.6,2022,13
Stefon Diggs,WR,17.6,22.2,2022,13
Travis Etienne,RB,17.3,7.6,2022,13
Marcus Mariota,QB,17.3,10.38,2022,13
Ja'Marr Chase,WR,17.2,16.7,2022,13
Derek Carr,QB,17.0,16.0,2022,13
Daniel Jones,QB,17.0,17.1,2022,13
Christian Kirk,WR,16.9,16.4,2022,13
Rhamondre Stevenson,RB,16.7,13.8,2022,13
Tony Pollard,RB,16.5,24.6,2022,13
Tom Brady,QB,16.5,17.14,2022,13
Amon-Ra St. Brown,WR,16.2,34.6,2022,13
Ryan Tannehill,QB,16.1,13.04,2022,13
Jamaal Williams,RB,15.9,9.5,2022,13
Najee Harris,RB,15.7,10.2,2022,13
George Kittle,TE,15.7,4.2,2022,13
Brandon Aiyuk,WR,15.5,9.6,2022,13
Davante Adams,WR,15.2,37.7,2022,13
Christian McCaffrey,RB,15.1,28.6,2022,13
Lamar Jackson,QB,14.7,1.34,2022,13
Zay Jones,WR,14.7,3.6,2022,13
Geno Smith,QB,14.7,22.98,2022,13
Chris Godwin Jr.,WR,14.6,14.3,2022,13
Jaylen Waddle,WR,14.5,1.9,2022,13
Mac Jones,QB,14.4,12.5,2022,13
Jonathan Taylor,RB,14.1,13.3,2022,13
Kenny Pickett,QB,14.0,13.28,2022,13
Tee Higgins,WR,13.8,12.5,2022,13
Leonard Fournette,RB,13.7,14.1,2022,13
David Montgomery,RB,13.5,16.7,2022,13
Saquon Barkley,RB,13.5,19.1,2022,13
Amari Cooper,WR,13.0,8.0,2022,13
Taylor Heinicke,QB,12.8,17.6,2022,13
Deebo Samuel Sr.,WR,12.5,12.3,2022,13
T.J. Hockenson,TE,12.5,7.3,2022,13
Christian Watson,WR,12.5,24.4,2022,13
Cordarrelle Patterson,RB,12.2,6.0,2022,13
Adam Thielen,WR,12.0,4.7,2022,13
CeeDee Lamb,WR,11.9,20.4,2022,13
Devin Singletary,RB,11.8,11.1,2022,13
JuJu Smith-Schuster,WR,11.8,6.5,2022,13
Dameon Pierce,RB,11.8,12.5,2022,13
Diontae Johnson,WR,11.7,11.0,2022,13
DK Metcalf,WR,11.7,26.7,2022,13
Miles Sanders,RB,11.5,11.8,2022,13
A.J. Brown,WR,11.5,31.9,2022,13
Garrett Wilson,WR,11.3,24.2,2022,13
Ezekiel Elliott,RB,11.2,18.1,2022,13
Josh Palmer,WR,11.2,13.0,2022,13
Kenneth Walker III,RB,11.2,3.6,2022,13
Antonio Gibson,RB,10.9,7.9,2022,13
Russell Wilson,QB,10.9,9.66,2022,13
Pat Freiermuth,TE,10.8,10.6,2022,13
AJ Dillon,RB,10.8,20.9,2022,13
Tyler Lockett,WR,10.7,27.8,2022,13
Jakobi Meyers,WR,10.5,5.2,2022,13
Andy Dalton,QB,10.5,13.26,2022,13
Gabe Davis,WR,10.3,9.5,2022,13
Terry McLaurin,WR,10.3,24.5,2022,13
Mike Evans,WR,10.2,9.9,2022,13
Matt Ryan,QB,10.2,9.12,2022,13
George Pickens,WR,10.2,1.2,2022,13
Allen Lazard,WR,10.1,11.7,2022,13
Kareem Hunt,RB,10.1,9.4,2022,13
D'Andre Swift,RB,10.0,21.1,2022,13
Rachaad White,RB,9.8,16.9,2022,13
Bryce Perkins,QB,9.6,0.5,2022,13
Michael Pittman,WR,9.5,3.6,2022,13
Cole Kmet,TE,9.4,13.2,2022,13
Treylon Burks,WR,9.3,9.5,2022,13
Dalton Schultz,TE,9.3,5.3,2022,13
Brian Robinson,RB,9.3,13.1,2022,13
Tyler Allgeier,RB,9.2,5.2,2022,13
Nelson Agholor,WR,9.1,3.7,2022,13
Elijah Moore,WR,8.9,3.7,2022,13
DJ Chark,WR,8.9,14.8,2022,13
Chase Claypool,WR,8.8,5.8,2022,13
Josh Reynolds,WR,8.7,4.9,2022,13
DeVonta Smith,WR,8.6,21.2,2022,13
Jeff Wilson,RB,8.5,0.3,2022,13
DeVante Parker,WR,8.5,3.6,2022,13
Marquez Valdes-Scantling,WR,8.4,9.1,2022,13
Alvin Kamara,RB,8.4,5.7,2022,13
Tyler Boyd,WR,8.3,10.0,2022,13
Donovan Peoples-Jones,WR,8.2,13.4,2022,13
Isiah Pacheco,RB,8.2,16.2,2022,13
Randall Cobb,WR,8.2,0.0,2022,13
Marvin Jones,WR,8.1,2.7,2022,13
Nick Westbrook-Ikhine,WR,8.1,1.4,2022,13
DeAndre Carter,WR,8.0,2.4,2022,13
Corey Davis,WR,8.0,13.5,2022,13
Raheem Mostert,RB,7.8,3.0,2022,13
Evan Engram,TE,7.8,14.0,2022,13
Jauan Jennings,WR,7.5,5.4,2022,13
Mark Andrews,TE,7.5,9.4,2022,13
Russell Gage,WR,7.4,2.1,2022,13
Jerry Jeudy,WR,7.4,10.5,2022,13
Dawson Knox,TE,7.2,0.0,2022,13
Latavius Murray,RB,7.2,10.1,2022,13
Chris Olave,WR,7.0,10.5,2022,13
Samaje Perine,RB,7.0,21.5,2022,13
Hayden Hurst,TE,6.9,3.2,2022,13
Kalif Raymond,WR,6.9,2.6,2022,13
Tyler Conklin,TE,6.9,2.9,2022,13
Nico Collins,WR,6.9,12.5,2022,13
Dontrell Hilliard,RB,6.8,3.6,2022,13
Robert Woods,WR,6.8,1.6,2022,13
Courtland Sutton,WR,6.6,0.0,2022,13
Austin Hooper,TE,6.6,5.2,2022,13
James Robinson,RB,6.5,1.0,2022,13
Isaiah McKenzie,WR,6.5,9.4,2022,13
Parris Campbell,WR,6.5,8.5,2022,13
Mack Hollins,WR,6.4,8.5,2022,13
Darius Slayton,WR,6.3,15.0,2022,13
Kenyan Drake,RB,6.3,6.6,2022,13
Julio Jones,WR,6.3,5.8,2022,13
Gus Edwards,RB,6.2,1.2,2022,13
Kyren Williams,RB,6.1,0.9,2022,13
Foster Moreau,TE,6.0,4.2,2022,13
Kenny Gainwell,RB,6.0,8.3,2022,13
Michael Gallup,WR,5.9,18.3,2022,13
Drake London,WR,5.9,15.5,2022,13
Keenan Allen,WR,5.8,20.8,2022,13
Gerald Everett,TE,5.8,13.0,2022,13
Marquise Goodwin,WR,5.7,2.7,2022,13
Robert Tonyan,TE,5.7,2.0,2022,13
Harrison Bryant,TE,5.7,2.4,2022,13
Justin Watson,WR,5.6,2.5,2022,13
Jordan Akins,TE,5.6,5.1,2022,13
Dante Pettis,WR,5.5,2.4,2022,13
Trent Sherfield,WR,5.5,14.5,2022,13
Hunter Henry,TE,5.4,3.3,2022,13
K.J. Osborn,WR,5.4,3.7,2022,13
Joseph Fortson,TE,5.3,1.6,2022,13
Olamide Zaccheaus,WR,5.3,3.3,2022,13
Jaylen Warren,RB,5.3,3.9,2022,13
Jerick McKinnon,RB,5.3,14.0,2022,13
Noah Fant,TE,5.2,14.2,2022,13
Darrynton Evans,RB,5.1,2.1,2022,13
Curtis Samuel,WR,5.1,14.6,2022,13
Justin Jackson,RB,5.1,5.3,2022,13
Tyquan Thornton,WR,5.1,5.1,2022,13
Chris Moore,WR,5.1,7.6,2022,13
Alexander Mattison,RB,5.1,9.8,2022,13
Quez Watkins,WR,5.0,8.7,2022,13
Noah Gray,TE,4.9,2.5,2022,13
Jarvis Landry,WR,4.9,3.4,2022,13
Deon Jackson,RB,4.8,0.6,2022,13
Malik Davis,RB,4.8,8.9,2022,13
Jamal Agnew,WR,4.8,2.3,2022,13
Mike Gesicki,TE,4.7,0.0,2022,13
James Cook,RB,4.6,16.5,2022,13
Jahan Dotson,WR,4.6,16.4,2022,13
Tyler Higbee,TE,4.5,3.4,2022,13
Alec Pierce,WR,4.5,18.6,2022,13
Jelani Woods,TE,4.5,4.8,2022,13
Matt Breida,RB,4.4,1.4,2022,13
Cade Otton,TE,4.4,14.8,2022,13
Jake Ferguson,TE,4.4,1.9,2022,13
Noah Brown,WR,4.4,3.5,2022,13
Logan Thomas,TE,4.4,5.0,2022,13
Damiere Byrd,WR,4.4,2.2,2022,13
Ty Johnson,RB,4.2,10.1,2022,13
Ameer Abdullah,RB,4.2,0.4,2022,13
Skyy Moore,WR,4.1,1.2,2022,13
Greg Dulcich,TE,4.1,14.5,2022,13
Kendall Hinton,WR,4.1,2.1,2022,13
Daniel Bellinger,TE,4.0,7.4,2022,13
Denzel Mims,WR,4.0,0.0,2022,13
Brock Wright,TE,4.0,4.5,2022,13
Will Dissly,TE,4.0,4.2,2022,13
Chig Okonkwo,TE,3.9,10.8,2022,13
N'Keal Harry,TE,3.9,5.9,2022,13
Demarcus Robinson,WR,3.9,11.1,2022,13
Cam Akers,RB,3.8,19.0,2022,13
David Bell,WR,3.8,0.0,2022,13
Brevin Jordan,TE,3.8,8.6,2022,13
Caleb Huntley,RB,3.8,1.7,2022,13
Jonnu Smith,TE,3.6,2.6,2022,13
River Cracraft,WR,3.5,4.9,2022,13
Tyler Kroft,TE,3.5,2.4,2022,13
Van Jefferson,WR,3.5,5.9,2022,13
Cedrick Wilson Jr.,WR,3.4,0.0,2022,13
Teagan Quitoriano,TE,3.4,0.0,2022,13
Richie James,WR,3.4,5.0,2022,13
Joshua Kelley,RB,3.4,3.0,2022,13
C.J. Uzomah,TE,3.4,4.1,2022,13
Equanimeous St. Brown,WR,3.1,11.6,2022,13
Devin Duvernay,WR,3.1,10.3,2022,13
Trenton Irwin,WR,3.1,2.2,2022,13
Snoop Conner,RB,3.1,0.6,2022,13
Josiah Deguara,TE,3.0,0.0,2022,13
Kevin Harris,RB,3.0,-0.1,2022,13
Dan Arnold,TE,2.9,0.0,2022,13
Scott Miller,WR,2.9,1.7,2022,13
Ray-Ray McCloud,WR,2.9,0.0,2022,13
Johnny Mundt,TE,2.8,2.2,2022,13
Phillip Dorsett,WR,2.8,3.8,2022,13
Kylen Granson,TE,2.8,5.9,2022,13
Marquez Callaway,WR,2.8,0.0,2022,13
Steven Sims,WR,2.8,1.9,2022,13
Marcedes Lewis,TE,2.8,2.0,2022,13
MyCole Pruitt,TE,2.7,7.7,2022,13
Mo Alie-Cox,TE,2.7,-0.4,2022,13
KhaDarel Hodge,WR,2.7,0.0,2022,13
Kendrick Bourne,WR,2.7,2.5,2022,13
Justice Hill,RB,2.7,2.6,2022,13
Bam Knight,RB,2.6,16.8,2022,13
Dare Ogunbowale,RB,2.6,4.1,2022,13
Mark Ingram,RB,2.4,9.9,2022,13
Zach Gentry,TE,2.4,1.8,2022,13
Nyheim Hines,RB,2.4,2.8,2022,13
Durham Smythe,TE,2.3,4.1,2022,13
Isaiah Hodgins,WR,2.3,15.4,2022,13
Marcus Johnson,WR,2.3,0.0,2022,13
Keelan Cole,WR,2.3,0.0,2022,13
Isaiah Likely,TE,2.3,7.0,2022,13
Trayveon Williams,RB,2.3,0.3,2022,13
Cam Sims,WR,2.2,0.8,2022,13
Tony Jones,RB,2.2,5.2,2022,13
Adam Trautman,TE,2.2,4.8,2022,13
Pharaoh Brown,TE,2.2,2.1,2022,13
Colby Parkinson,TE,2.2,2.2,2022,13
Cole Turner,TE,2.2,0.0,2022,13
Stone Smartt,TE,2.1,2.3,2022,13
Tim Jones,WR,2.1,1.3,2022,13
Geoff Swaim,TE,2.1,1.4,2022,13
Samori Toure,WR,2.1,1.7,2022,13
Boston Scott,RB,2.1,3.1,2022,13
Khalil Shakir,WR,2.0,2.0,2022,13
Mike Boone,RB,2.0,3.6,2022,13
Zach Pascal,WR,1.9,3.6,2022,13
Jonathan Williams,RB,1.9,0.1,2022,13
Peyton Hendershot,TE,1.8,0.0,2022,13
Demetric Felton,RB,1.8,0.0,2022,13
Trestan Ebner,RB,1.8,0.0,2022,13
Michael Bandy,WR,1.8,2.5,2022,13
Chris Myarick,TE,1.7,0.0,2022,13
Ko Kieft,TE,1.7,2.2,2022,13
Jordan Mason,RB,1.7,5.1,2022,13
Chris Manhertz,TE,1.7,0.0,2022,13
Mitchell Wilcox,TE,1.6,2.3,2022,13
Ben Skowronek,WR,1.6,5.0,2022,13
Shane Zylstra,TE,1.5,1.4,2022,13
Rashid Shaheed,WR,1.5,11.5,2022,13
Tutu Atwell,WR,1.5,9.1,2022,13
Gary Brightwell,RB,1.4,0.0,2022,13
Parker Hesse,TE,1.4,2.6,2022,13
DeSean Jackson,WR,1.4,3.0,2022,13
Avery Williams,RB,1.4,0.0,2022,13
Tre' McKitty,TE,1.4,1.8,2022,13
Grant Calcaterra,TE,1.3,2.9,2022,13
Gunner Olszewski,WR,1.3,0.2,2022,13
Zack Moss,RB,1.2,1.8,2022,13
Braxton Berrios,WR,1.1,2.9,2022,13
Ashton Dulin,WR,1.1,8.4,2022,13
Eric Saubert,TE,1.1,0.0,2022,13
Jalen Reagor,WR,1.1,5.6,2022,13
Jack Stoll,TE,1.0,7.1,2022,13
Tommy Sweeney,TE,1.0,0.0,2022,13
Velus Jones Jr.,WR,1.0,0.1,2022,13
Anthony Firkser,TE,1.0,4.4,2022,13
Anthony Schwartz,WR,0.9,0.8,2022,13
DeeJay Dallas,RB,0.9,3.7,2022,13
Luke Farrell,TE,0.9,1.3,2022,13
Zamir White,RB,0.9,0.6,2022,13
Marlon Mack,RB,0.8,1.9,2022,13
Dareke Young,WR,0.8,0.0,2022,13
James Proche,WR,0.8,0.9,2022,13
Brandon Powell,WR,0.8,12.4,2022,13
Taysom Hill,TE,0.7,13.34,2022,13
Patrick Ricard,RB,0.6,1.0,2022,13
Chris Evans,RB,0.6,7.8,2022,13
Trent Taylor,WR,0.6,-0.3,2022,13
Sean McKeon,TE,0.5,0.0,2022,13
Montrell Washington,WR,0.2,-0.1,2022,13
Jaelon Darden,WR,0.2,0.0,2022,13
KaVontae Turpin,WR,0.2,0.0,2022,13
Troy Hairston,RB,0.2,0.0,2022,13
Jalen Virgil,WR,0.1,0.0,2022,13
Mike White,QB,0.0,17.46,2022,13
Benny Snell,RB,0.0,4.5,2022,13
Feleipe Franks,TE,0.0,0.0,2022,13
Tua Tagovailoa,QB,0.0,13.8,2022,13
John Wolford,QB,0.0,6.02,2022,13
Kevin Rader,TE,0.0,0.0,2022,13
Skylar Thompson,QB,0.0,-2.0,2022,13
Justin Fields,QB,0.0,19.26,2022,13
Patrick Taylor,RB,0.0,0.6,2022,13
Jerome Ford,RB,0.0,0.3,2022,13
Stanley Morgan,WR,0.0,0.0,2022,13
C.J. Board,WR,0.0,1.6,2022,13
Britain Covey,WR,0.0,0.0,2022,13
Matthew Slater,WR,0.0,0.0,2022,13
Alex Erickson,WR,0.0,0.0,2022,13
Brock Purdy,QB,0.0,14.3,2022,13
Gardner Minshew,QB,0.0,0.44,2022,13
Malik Willis,QB,0.0,1.44,2022,13
Nick Boyle,TE,0.0,0.0,2022,13
Kyle Allen,QB,0.0,6.14,2022,13
Jalen Hurts,QB,26.4,30.38,2022,14
Justin Herbert,QB,23.8,19.48,2022,14
Joe Burrow,QB,22.5,16.56,2022,14
Kirk Cousins,QB,21.7,25.0,2022,14
Austin Ekeler,RB,21.2,24.4,2022,14
Justin Jefferson,WR,20.8,33.3,2022,14
Dalvin Cook,RB,20.7,8.6,2022,14
Derrick Henry,RB,20.5,20.5,2022,14
Patrick Mahomes,QB,20.0,19.78,2022,14
Tua Tagovailoa,QB,19.8,12.6,2022,14
Joe Mixon,RB,19.3,12.6,2022,14
Amon-Ra St. Brown,WR,19.1,13.4,2022,14
Jared Goff,QB,18.8,26.1,2022,14
Ryan Tannehill,QB,18.5,17.76,2022,14
Josh Jacobs,RB,18.4,19.4,2022,14
Tony Pollard,RB,18.3,22.2,2022,14
Dak Prescott,QB,18.2,13.66,2022,14
Kyler Murray,QB,18.1,0.66,2022,14
Tyreek Hill,WR,17.7,18.1,2022,14
Geno Smith,QB,17.6,20.56,2022,14
Stefon Diggs,WR,16.8,6.7,2022,14
James Conner,RB,16.8,23.4,2022,14
Nick Chubb,RB,16.7,8.4,2022,14
Davante Adams,WR,16.5,10.1,2022,14
Daniel Jones,QB,16.4,19.36,2022,14
Saquon Barkley,RB,16.1,6.8,2022,14
Miles Sanders,RB,16.0,28.5,2022,14
Mike White,QB,15.8,10.72,2022,14
Ja'Marr Chase,WR,15.4,28.5,2022,14
Mike Williams,WR,15.3,23.6,2022,14
Derek Carr,QB,14.8,2.58,2022,14
A.J. Brown,WR,14.7,17.0,2022,14
D'Onta Foreman,RB,14.7,8.5,2022,14
DK Metcalf,WR,14.3,18.1,2022,14
Ezekiel Elliott,RB,14.2,17.1,2022,14
Trevor Lawrence,QB,14.0,33.42,2022,14
Sam Darnold,QB,13.9,11.8,2022,14
Jamaal Williams,RB,13.8,3.7,2022,14
Travis Kelce,TE,13.8,11.1,2022,14
Garrett Wilson,WR,13.8,13.8,2022,14
Tyler Lockett,WR,13.7,17.0,2022,14
Rhamondre Stevenson,RB,13.7,3.0,2022,14
Devin Singletary,RB,13.6,5.3,2022,14
Keenan Allen,WR,13.5,21.2,2022,14
Mac Jones,QB,13.5,7.3,2022,14
Josh Palmer,WR,12.9,9.3,2022,14
Tom Brady,QB,12.9,10.12,2022,14
CeeDee Lamb,WR,12.7,8.3,2022,14
Russell Wilson,QB,12.5,25.58,2022,14
T.J. Hockenson,TE,12.4,13.7,2022,14
Adam Thielen,WR,12.4,19.5,2022,14
Christian Kirk,WR,12.3,9.5,2022,14
D'Andre Swift,RB,12.3,6.9,2022,14
Brandon Aiyuk,WR,11.9,13.7,2022,14
Amari Cooper,WR,11.9,6.2,2022,14
Chris Godwin Jr.,WR,11.6,10.4,2022,14
Kenny Pickett,QB,11.6,1.6,2022,14
Najee Harris,RB,11.4,13.0,2022,14
DJ Moore,WR,11.2,0.6,2022,14
Mark Andrews,TE,11.1,3.7,2022,14
DJ Chark,WR,11.0,21.4,2022,14
Diontae Johnson,WR,11.0,14.2,2022,14
Jaylen Waddle,WR,10.9,5.1,2022,14
Jeff Wilson,RB,10.7,2.6,2022,14
George Kittle,TE,10.3,6.8,2022,14
Deebo Samuel Sr.,WR,10.2,14.4,2022,14
Christian McCaffrey,RB,10.1,29.3,2022,14
DeVonta Smith,WR,10.1,17.4,2022,14
Leonard Fournette,RB,10.0,10.6,2022,14
Raheem Mostert,RB,9.9,5.4,2022,14
Pat Freiermuth,TE,9.8,12.3,2022,14
Gabe Davis,WR,9.8,6.1,2022,14
DeAndre Hopkins,WR,9.7,12.9,2022,14
David Njoku,TE,9.5,18.7,2022,14
Samaje Perine,RB,9.3,9.4,2022,14
Travis Etienne,RB,9.3,3.2,2022,14
Dalton Schultz,TE,9.2,14.7,2022,14
Zay Jones,WR,9.1,21.7,2022,14
Corey Davis,WR,9.0,2.5,2022,14
Kareem Hunt,RB,8.9,3.2,2022,14
Latavius Murray,RB,8.7,6.1,2022,14
Marquise Brown,WR,8.5,7.4,2022,14
Nick Westbrook-Ikhine,WR,8.5,11.3,2022,14
Kenny Gainwell,RB,8.5,1.0,2022,14
Gerald Everett,TE,8.4,7.8,2022,14
Kenyan Drake,RB,8.4,2.2,2022,14
Jerry Jeudy,WR,8.4,33.3,2022,14
Mike Evans,WR,8.3,8.4,2022,14
Josh Reynolds,WR,8.3,16.1,2022,14
DeAndre Carter,WR,8.1,1.0,2022,14
Tyler Boyd,WR,7.9,0.0,2022,14
Donovan Peoples-Jones,WR,7.8,19.4,2022,14
Dameon Pierce,RB,7.7,11.8,2022,14
George Pickens,WR,7.6,10.8,2022,14
JuJu Smith-Schuster,WR,7.6,22.4,2022,14
Elijah Moore,WR,7.4,12.0,2022,14
Robert Woods,WR,7.4,9.9,2022,14
Rachaad White,RB,7.3,10.7,2022,14
Kalif Raymond,WR,7.3,3.9,2022,14
Dontrell Hilliard,RB,7.2,0.0,2022,14
Isiah Pacheco,RB,7.1,12.3,2022,14
Nelson Agholor,WR,7.0,8.2,2022,14
Michael Gallup,WR,7.0,6.0,2022,14
Cam Akers,RB,6.9,9.3,2022,14
DeVante Parker,WR,6.9,4.4,2022,14
Isaiah McKenzie,WR,6.9,5.8,2022,14
Chuba Hubbard,RB,6.8,18.9,2022,14
Austin Hooper,TE,6.7,11.8,2022,14
Dawson Knox,TE,6.7,14.1,2022,14
Darius Slayton,WR,6.6,6.2,2022,14
Tyler Higbee,TE,6.6,3.1,2022,14
Demarcus Robinson,WR,6.6,10.2,2022,14
Van Jefferson,WR,6.5,12.4,2022,14
James Cook,RB,6.5,2.5,2022,14
J.K. Dobbins,RB,6.4,18.0,2022,14
Russell Gage,WR,6.2,9.2,2022,14
Gus Edwards,RB,6.2,6.6,2022,14
Alexander Mattison,RB,6.1,-0.1,2022,14
Mack Hollins,WR,6.0,8.2,2022,14
Marquez Valdes-Scantling,WR,6.0,3.0,2022,14
K.J. Osborn,WR,5.9,14.8,2022,14
Noah Fant,TE,5.9,0.0,2022,14
Raheem Blackshear,RB,5.9,11.9,2022,14
Jauan Jennings,WR,5.8,1.5,2022,14
Trent Sherfield,WR,5.8,1.7,2022,14
Kyren Williams,RB,5.8,3.9,2022,14
Terrace Marshall Jr.,WR,5.8,2.8,2022,14
Hunter Henry,TE,5.8,10.0,2022,14
Tyler Conklin,TE,5.7,7.8,2022,14
Marvin Jones,WR,5.7,3.2,2022,14
Quez Watkins,WR,5.5,5.9,2022,14
Marquise Goodwin,WR,5.4,20.3,2022,14
Justin Jackson,RB,5.4,10.1,2022,14
Bam Knight,RB,5.3,15.7,2022,14
Devin Duvernay,WR,5.3,0.0,2022,14
Julio Jones,WR,5.2,8.8,2022,14
Chig Okonkwo,TE,5.2,18.5,2022,14
Greg Dulcich,TE,5.1,7.2,2022,14
Evan Engram,TE,5.0,39.2,2022,14
Foster Moreau,TE,4.9,0.0,2022,14
Jerick McKinnon,RB,4.6,32.4,2022,14
Daniel Bellinger,TE,4.5,4.9,2022,14
Mike Gesicki,TE,4.4,0.0,2022,14
Matt Breida,RB,4.4,3.5,2022,14
Noah Brown,WR,4.4,12.5,2022,14
JaMycal Hasty,RB,4.4,1.3,2022,14
Denzel Mims,WR,4.3,6.5,2022,14
Cade Otton,TE,4.3,6.8,2022,14
Harrison Bryant,TE,4.3,1.8,2022,14
Tyquan Thornton,WR,4.2,6.8,2022,14
Joshua Kelley,RB,4.1,4.5,2022,14
Brock Wright,TE,4.0,0.0,2022,14
Jaylen Warren,RB,4.0,4.7,2022,14
Will Dissly,TE,3.8,4.0,2022,14
Kendall Hinton,WR,3.8,8.8,2022,14
Chris Moore,WR,3.7,22.4,2022,14
Laviska Shenault Jr.,WR,3.7,7.8,2022,14
Justin Watson,WR,3.6,0.0,2022,14
Boston Scott,RB,3.6,10.7,2022,14
Tutu Atwell,WR,3.5,9.5,2022,14
C.J. Uzomah,TE,3.5,1.7,2022,14
Jonnu Smith,TE,3.5,0.0,2022,14
Justice Hill,RB,3.5,0.0,2022,14
Ameer Abdullah,RB,3.3,3.7,2022,14
Ben Skowronek,WR,3.3,15.9,2022,14
Richie James,WR,3.3,19.1,2022,14
Noah Gray,TE,3.2,7.5,2022,14
Jordan Akins,TE,3.2,1.5,2022,14
Ian Thomas,TE,3.2,3.1,2022,14
Isaiah Hodgins,WR,3.1,15.8,2022,14
David Bell,WR,3.1,5.7,2022,14
Malcolm Brown,RB,3.0,3.7,2022,14
Nyheim Hines,RB,2.9,1.7,2022,14
Travis Homer,RB,2.9,5.4,2022,14
Tommy Tremble,TE,2.9,0.0,2022,14
Greg Dortch,WR,2.9,0.0,2022,14
Robbie Chosen,WR,2.8,9.0,2022,14
Trenton Irwin,WR,2.8,13.8,2022,14
Cameron Brate,TE,2.8,3.2,2022,14
Jamal Agnew,WR,2.8,7.4,2022,14
Mike Boone,RB,2.7,4.9,2022,14
Rex Burkhead,RB,2.6,1.2,2022,14
Tony Jones,RB,2.6,1.2,2022,14
Shi Smith,WR,2.5,9.7,2022,14
Julius Chestnut,RB,2.4,2.8,2022,14
Tyler Kroft,TE,2.4,0.0,2022,14
Demetric Felton,RB,2.3,0.0,2022,14
Skyy Moore,WR,2.3,1.7,2022,14
Kendrick Bourne,WR,2.3,9.7,2022,14
Jack Stoll,TE,2.3,4.0,2022,14
Zach Gentry,TE,2.3,0.0,2022,14
Zach Pascal,WR,2.2,1.5,2022,14
Brandon Powell,WR,2.2,0.0,2022,14
Stone Smartt,TE,2.2,1.8,2022,14
Scott Miller,WR,2.1,0.0,2022,14
Colby Parkinson,TE,2.1,2.0,2022,14
Keelan Cole,WR,2.1,2.1,2022,14
Steven Sims,WR,2.0,7.1,2022,14
Geoff Swaim,TE,2.0,0.0,2022,14
DeSean Jackson,WR,2.0,5.4,2022,14
Phillip Dorsett,WR,2.0,3.8,2022,14
A.J. Green,WR,1.9,1.7,2022,14
Trayveon Williams,RB,1.9,1.8,2022,14
Dare Ogunbowale,RB,1.9,2.1,2022,14
Tre' McKitty,TE,1.9,1.5,2022,14
Grant Calcaterra,TE,1.9,4.4,2022,14
Mitchell Wilcox,TE,1.8,2.0,2022,14
Keaontay Ingram,RB,1.8,0.1,2022,14
Khalil Shakir,WR,1.7,0.0,2022,14
Jalen Reagor,WR,1.7,0.0,2022,14
Jordan Mason,RB,1.7,5.6,2022,14
Ray-Ray McCloud,WR,1.7,2.8,2022,14
Dan Arnold,TE,1.6,1.5,2022,14
Trey McBride,TE,1.6,5.8,2022,14
Cedrick Wilson Jr.,WR,1.5,3.9,2022,14
Brandon Johnson,WR,1.4,0.0,2022,14
Shane Zylstra,TE,1.4,3.8,2022,14
Brycen Hopkins,TE,1.4,1.8,2022,14
Nick Vannett,TE,1.3,1.9,2022,14
Ko Kieft,TE,1.3,2.1,2022,14
Brandon Bolden,RB,1.3,0.0,2022,14
Gary Brightwell,RB,1.3,6.1,2022,14
Benny Snell,RB,1.1,0.4,2022,14
Braxton Berrios,WR,1.1,3.5,2022,14
Stephen Sullivan,TE,1.1,0.0,2022,14
Marlon Mack,RB,1.1,15.7,2022,14
Salvon Ahmed,RB,1.0,0.1,2022,14
Eric Saubert,TE,0.9,1.2,2022,14
Patrick Ricard,RB,0.9,0.2,2022,14
Chris Manhertz,TE,0.9,3.1,2022,14
Gunner Olszewski,WR,0.9,1.7,2022,14
Kevin Harris,RB,0.9,8.6,2022,14
Jalen Nailor,WR,0.7,0.0,2022,14
Chris Myarick,TE,0.7,0.0,2022,14
Corey Clement,RB,0.6,3.1,2022,14
Zamir White,RB,0.6,0.9,2022,14
Charlie Woerner,TE,0.5,0.0,2022,14
Eric Tomlinson,TE,0.5,3.1,2022,14
Trent Taylor,WR,0.4,4.4,2022,14
Amari Rodgers,WR,0.4,16.0,2022,14
Austin Trammell,WR,0.4,1.5,2022,14
Lance McCutcheon,WR,0.4,0.0,2022,14
Danny Gray,WR,0.3,2.0,2022,14
Miles Boykin,WR,0.3,0.0,2022,14
Jerome Ford,RB,0.2,0.0,2022,14
Jakob Johnson,RB,0.2,1.1,2022,14
KaVontae Turpin,WR,0.2,0.0,2022,14
DJ Turner,WR,0.2,0.6,2022,14
Montrell Washington,WR,0.2,0.0,2022,14
Jameson Williams,WR,0.1,11.1,2022,14
Joe Flacco,QB,0.0,-1.96,2022,14
Raleigh Webb,WR,0.0,0.0,2022,14
Stanley Morgan,WR,0.0,0.0,2022,14
Matthew Slater,WR,0.0,0.0,2022,14
Mitchell Trubisky,QB,0.0,9.04,2022,14
Tyler Huntley,QB,0.0,6.62,2022,14
Brett Rypien,QB,0.0,2.64,2022,14
Colt McCoy,QB,0.0,10.24,2022,14
Tyrod Taylor,QB,0.0,9.88,2022,14
Pharoh Cooper,WR,0.0,0.0,2022,14
Kenny Yeboah,TE,0.0,0.0,2022,14
Jalen Virgil,WR,0.0,1.9,2022,14
Stephen Anderson,TE,0.0,2.7,2022,14
Chris Conley,WR,0.0,3.7,2022,14
Britain Covey,WR,0.0,0.0,2022,14
Taiwan Jones,RB,0.0,0.0,2022,14
Brock Purdy,QB,0.0,21.7,2022,14
Baker Mayfield,QB,0.0,14.2,2022,14
Pierre Strong,RB,0.0,17.0,2022,14
Gardner Minshew,QB,0.0,-0.1,2022,14
Deshaun Watson,QB,0.0,16.34,2022,14
Davis Mills,QB,0.0,5.2,2022,14
Jacoby Brissett,QB,0.0,0.0,2022,14
Kevin Rader,TE,0.0,0.0,2022,14
Jalen Hurts,QB,31.3,34.7,2022,15
Patrick Mahomes,QB,24.2,32.74,2022,15
Dak Prescott,QB,23.2,20.24,2022,15
Josh Jacobs,RB,22.9,13.0,2022,15
Joe Burrow,QB,20.6,24.8,2022,15
Tony Pollard,RB,20.1,14.6,2022,15
Miles Sanders,RB,19.0,1.9,2022,15
Jonathan Taylor,RB,18.7,2.3,2022,15
Derrick Henry,RB,18.6,26.3,2022,15
Kirk Cousins,QB,18.4,32.4,2022,15
Tyreek Hill,WR,18.3,21.9,2022,15
Tom Brady,QB,18.2,16.58,2022,15
Justin Herbert,QB,18.1,8.72,2022,15
Tua Tagovailoa,QB,18.0,18.06,2022,15
Travis Kelce,TE,17.9,20.5,2022,15
Justin Jefferson,WR,17.9,30.3,2022,15
Jared Goff,QB,16.7,14.08,2022,15
James Conner,RB,16.4,18.1,2022,15
Rhamondre Stevenson,RB,16.2,24.8,2022,15
Daniel Jones,QB,16.0,9.9,2022,15
Stefon Diggs,WR,16.0,10.7,2022,15
Garrett Wilson,WR,16.0,13.8,2022,15
Ezekiel Elliott,RB,15.9,15.1,2022,15
Matt Ryan,QB,15.7,11.28,2022,15
Davante Adams,WR,15.7,6.8,2022,15
Geno Smith,QB,15.6,15.32,2022,15
Dalvin Cook,RB,15.5,27.0,2022,15
Diontae Johnson,WR,15.4,20.0,2022,15
CeeDee Lamb,WR,15.4,19.7,2022,15
D'Onta Foreman,RB,15.4,0.9,2022,15
Tyler Huntley,QB,15.4,5.02,2022,15
Ja'Marr Chase,WR,15.2,19.0,2022,15
A.J. Brown,WR,15.1,27.1,2022,15
Sam Darnold,QB,14.9,13.2,2022,15
Austin Ekeler,RB,14.9,15.0,2022,15
Trevor Lawrence,QB,14.8,26.82,2022,15
Taylor Heinicke,QB,14.6,13.26,2022,15
Joe Mixon,RB,14.5,10.4,2022,15
Amon-Ra St. Brown,WR,14.4,15.2,2022,15
Andy Dalton,QB,14.4,14.14,2022,15
Derek Carr,QB,14.3,19.24,2022,15
Ryan Tannehill,QB,14.2,10.7,2022,15
Chris Godwin Jr.,WR,14.1,22.3,2022,15
Mac Jones,QB,13.6,7.48,2022,15
Saquon Barkley,RB,13.6,23.0,2022,15
Leonard Fournette,RB,13.4,11.4,2022,15
Mike Williams,WR,13.4,10.7,2022,15
Deshaun Watson,QB,13.2,12.64,2022,15
Michael Pittman,WR,13.2,19.0,2022,15
DK Metcalf,WR,13.0,12.5,2022,15
David Montgomery,RB,13.0,24.1,2022,15
Nick Chubb,RB,13.0,9.9,2022,15
Najee Harris,RB,12.9,14.6,2022,15
Brock Purdy,QB,12.8,16.48,2022,15
Aaron Rodgers,QB,12.6,10.86,2022,15
Tyler Lockett,WR,12.5,13.8,2022,15
Jamaal Williams,RB,12.5,3.3,2022,15
Aaron Jones,RB,12.4,20.6,2022,15
Christian McCaffrey,RB,12.3,25.8,2022,15
Keenan Allen,WR,12.3,16.6,2022,15
Mike Evans,WR,12.2,13.3,2022,15
Colt McCoy,QB,12.1,1.32,2022,15
Chuba Hubbard,RB,12.1,9.7,2022,15
Dalton Schultz,TE,12.0,3.5,2022,15
Devin Singletary,RB,11.9,10.0,2022,15
Rachaad White,RB,11.7,5.3,2022,15
George Pickens,WR,11.5,7.3,2022,15
Terry McLaurin,WR,11.3,13.0,2022,15
Antonio Gibson,RB,11.3,4.7,2022,15
Tee Higgins,WR,11.3,16.3,2022,15
D'Andre Swift,RB,11.2,12.5,2022,15
DeVonta Smith,WR,11.2,17.6,2022,15
Amari Cooper,WR,11.0,9.8,2022,15
Brian Robinson,RB,11.0,11.7,2022,15
Alvin Kamara,RB,10.9,12.4,2022,15
JuJu Smith-Schuster,WR,10.8,16.8,2022,15
Jaylen Waddle,WR,10.6,20.4,2022,15
DJ Moore,WR,10.5,18.3,2022,15
Christian Kirk,WR,10.5,15.2,2022,15
Adam Thielen,WR,10.4,13.1,2022,15
Jerry Jeudy,WR,10.1,14.6,2022,15
Travis Etienne,RB,10.1,12.7,2022,15
Kenneth Walker III,RB,10.0,11.9,2022,15
T.J. Hockenson,TE,10.0,8.3,2022,15
Isiah Pacheco,RB,9.9,8.7,2022,15
J.K. Dobbins,RB,9.9,13.8,2022,15
Parris Campbell,WR,9.8,3.3,2022,15
DJ Chark,WR,9.7,2.8,2022,15
Brandon Aiyuk,WR,9.6,3.9,2022,15
Gabe Davis,WR,9.6,9.6,2022,15
Cole Kmet,TE,9.5,6.5,2022,15
Chris Olave,WR,9.5,8.3,2022,15
Josh Palmer,WR,9.5,9.9,2022,15
David Njoku,TE,9.4,5.8,2022,15
Donovan Peoples-Jones,WR,9.3,13.1,2022,15
Elijah Moore,WR,9.3,9.4,2022,15
Cordarrelle Patterson,RB,9.3,12.2,2022,15
Zay Jones,WR,9.2,34.9,2022,15
Christian Watson,WR,9.2,8.6,2022,15
Alec Pierce,WR,9.0,0.0,2022,15
Raheem Mostert,RB,8.7,16.6,2022,15
Michael Gallup,WR,8.7,1.2,2022,15
Evan Engram,TE,8.5,14.2,2022,15
Jakobi Meyers,WR,8.5,6.7,2022,15
George Kittle,TE,8.4,25.3,2022,15
Tyler Conklin,TE,8.1,1.9,2022,15
DeAndre Hopkins,WR,8.0,13.0,2022,15
AJ Dillon,RB,8.0,22.1,2022,15
Jerick McKinnon,RB,7.9,34.2,2022,15
Allen Lazard,WR,7.8,1.7,2022,15
Dawson Knox,TE,7.7,21.8,2022,15
Russell Gage,WR,7.6,25.9,2022,15
Mark Andrews,TE,7.5,6.1,2022,15
Samaje Perine,RB,7.5,3.4,2022,15
Kenny Gainwell,RB,7.4,3.4,2022,15
Cade Otton,TE,7.4,3.0,2022,15
Latavius Murray,RB,7.4,21.2,2022,15
Van Jefferson,WR,7.3,5.2,2022,15
Tyler Allgeier,RB,7.3,22.6,2022,15
Bam Knight,RB,7.2,2.3,2022,15
Tyler Boyd,WR,7.2,14.5,2022,15
Cam Akers,RB,7.1,13.0,2022,15
Kareem Hunt,RB,7.0,3.7,2022,15
Nelson Agholor,WR,6.9,1.3,2022,15
Raheem Blackshear,RB,6.8,0.0,2022,15
Noah Brown,WR,6.8,22.9,2022,15
Romeo Doubs,WR,6.8,10.5,2022,15
Isaiah McKenzie,WR,6.7,4.4,2022,15
Chris Moore,WR,6.6,8.2,2022,15
Marquise Goodwin,WR,6.5,3.0,2022,15
DeAndre Carter,WR,6.5,1.5,2022,15
Gus Edwards,RB,6.5,5.5,2022,15
Marquez Valdes-Scantling,WR,6.5,11.6,2022,15
Jahan Dotson,WR,6.4,20.5,2022,15
Darren Waller,TE,6.4,13.8,2022,15
Juwan Johnson,TE,6.3,22.7,2022,15
Gerald Everett,TE,6.3,8.2,2022,15
Marquise Brown,WR,6.2,5.9,2022,15
James Cook,RB,6.2,11.9,2022,15
Justin Jackson,RB,6.1,4.1,2022,15
Jelani Woods,TE,6.1,4.6,2022,15
Curtis Samuel,WR,6.0,7.5,2022,15
Kyren Williams,RB,6.0,0.7,2022,15
Deon Jackson,RB,6.0,10.6,2022,15
Hunter Henry,TE,5.9,2.9,2022,15
Mack Hollins,WR,5.9,14.0,2022,15
Nick Westbrook-Ikhine,WR,5.9,0.0,2022,15
Drake London,WR,5.8,12.0,2022,15
Tyler Higbee,TE,5.8,12.7,2022,15
Hunter Renfrow,WR,5.8,2.4,2022,15
Kalif Raymond,WR,5.8,16.3,2022,15
Terrace Marshall Jr.,WR,5.7,8.1,2022,15
Quez Watkins,WR,5.7,5.0,2022,15
Jarvis Landry,WR,5.6,0.0,2022,15
Tyquan Thornton,WR,5.6,3.1,2022,15
Trent Sherfield,WR,5.5,0.0,2022,15
Austin Hooper,TE,5.5,5.3,2022,15
K.J. Osborn,WR,5.5,31.7,2022,15
Robert Woods,WR,5.4,3.2,2022,15
Darius Slayton,WR,5.3,7.3,2022,15
Greg Dulcich,TE,5.3,2.1,2022,15
Jaylen Warren,RB,5.3,11.9,2022,15
Demarcus Robinson,WR,5.2,6.9,2022,15
Chig Okonkwo,TE,5.1,10.0,2022,15
Dante Pettis,WR,5.1,2.3,2022,15
Laviska Shenault Jr.,WR,5.1,0.0,2022,15
Marvin Jones,WR,5.0,9.7,2022,15
Boston Scott,RB,5.0,0.0,2022,15
Isaiah Hodgins,WR,4.8,7.7,2022,15
Denzel Mims,WR,4.8,2.3,2022,15
Noah Gray,TE,4.7,6.1,2022,15
Randall Cobb,WR,4.7,6.2,2022,15
Darrynton Evans,RB,4.6,0.9,2022,15
Noah Fant,TE,4.6,14.2,2022,15
Alexander Mattison,RB,4.6,0.1,2022,15
Ben Skowronek,WR,4.6,1.3,2022,15
Joseph Fortson,TE,4.5,0.0,2022,15
Logan Thomas,TE,4.5,1.6,2022,15
JaMycal Hasty,RB,4.4,2.5,2022,15
C.J. Uzomah,TE,4.3,18.1,2022,15
Equanimeous St. Brown,WR,4.3,3.0,2022,15
Ameer Abdullah,RB,4.3,3.4,2022,15
Tutu Atwell,WR,4.2,1.6,2022,15
Steven Sims,WR,4.2,3.9,2022,15
Jauan Jennings,WR,4.2,6.1,2022,15
Justin Watson,WR,4.2,0.0,2022,15
Foster Moreau,TE,4.2,4.0,2022,15
Olamide Zaccheaus,WR,4.1,0.0,2022,15
Shi Smith,WR,4.1,3.4,2022,15
Kylen Granson,TE,4.0,5.4,2022,15
Brevin Jordan,TE,4.0,1.9,2022,15
Robert Tonyan,TE,4.0,1.4,2022,15
Richie James,WR,4.0,8.2,2022,15
Trenton Irwin,WR,4.0,1.5,2022,15
Cameron Brate,TE,4.0,4.5,2022,15
Matt Breida,RB,3.8,2.2,2022,15
Jordan Akins,TE,3.7,11.2,2022,15
Ronald Jones,RB,3.7,0.6,2022,15
Rex Burkhead,RB,3.6,3.7,2022,15
Adam Trautman,TE,3.6,0.0,2022,15
Mo Alie-Cox,TE,3.5,0.0,2022,15
Kendrick Bourne,WR,3.5,0.0,2022,15
Devin Duvernay,WR,3.4,4.9,2022,15
Will Dissly,TE,3.4,2.3,2022,15
Brock Wright,TE,3.4,12.1,2022,15
Harrison Bryant,TE,3.4,2.7,2022,15
Jordan Mason,RB,3.3,6.4,2022,15
Cedrick Wilson Jr.,WR,3.3,3.1,2022,15
Mike Gesicki,TE,3.2,1.5,2022,15
Joshua Kelley,RB,3.2,10.1,2022,15
Daniel Bellinger,TE,3.1,1.4,2022,15
Dare Ogunbowale,RB,3.1,1.4,2022,15
Damiere Byrd,WR,3.1,0.0,2022,15
Rashid Shaheed,WR,3.0,18.5,2022,15
Donald Parham,TE,2.9,6.5,2022,15
Travis Homer,RB,2.9,5.0,2022,15
Malcolm Brown,RB,2.9,0.0,2022,15
Jamal Agnew,WR,2.8,8.4,2022,15
Robbie Chosen,WR,2.8,0.0,2022,15
Nyheim Hines,RB,2.8,8.0,2022,15
Justice Hill,RB,2.8,2.8,2022,15
Jonnu Smith,TE,2.7,4.4,2022,15
MyCole Pruitt,TE,2.7,4.0,2022,15
Ashton Dulin,WR,2.7,5.0,2022,15
Caleb Huntley,RB,2.6,0.2,2022,15
Phillip Dorsett,WR,2.6,0.0,2022,15
Isaiah Likely,TE,2.6,3.8,2022,15
Josh Oliver,TE,2.6,3.3,2022,15
Skyy Moore,WR,2.5,1.2,2022,15
Marlon Mack,RB,2.5,16.3,2022,15
James Mitchell,TE,2.5,3.2,2022,15
Amari Rodgers,WR,2.5,4.6,2022,15
Durham Smythe,TE,2.5,0.8,2022,15
Quintin Morris,TE,2.4,8.4,2022,15
Teagan Quitoriano,TE,2.4,7.8,2022,15
Grant Calcaterra,TE,2.3,0.0,2022,15
Ko Kieft,TE,2.3,0.0,2022,15
Tommy Tremble,TE,2.3,4.0,2022,15
Zach Gentry,TE,2.3,1.4,2022,15
Julius Chestnut,RB,2.2,0.0,2022,15
Keelan Cole,WR,2.1,13.0,2022,15
Zach Pascal,WR,2.1,0.0,2022,15
Johnny Mundt,TE,2.1,1.7,2022,15
Jack Stoll,TE,2.1,1.6,2022,15
Dyami Brown,WR,2.0,1.5,2022,15
Trey McBride,TE,2.0,9.5,2022,15
Demetric Felton,RB,2.0,1.5,2022,15
Taysom Hill,TE,2.0,10.2,2022,15
KhaDarel Hodge,WR,1.9,0.0,2022,15
Marcedes Lewis,TE,1.9,2.4,2022,15
Marcus Johnson,WR,1.9,0.0,2022,15
David Johnson,RB,1.9,-0.8,2022,15
Greg Dortch,WR,1.8,0.0,2022,15
Peyton Hendershot,TE,1.8,9.0,2022,15
Brandon Powell,WR,1.8,1.7,2022,15
Ke'Shawn Vaughn,RB,1.8,0.0,2022,15
Shane Zylstra,TE,1.8,1.4,2022,15
Colby Parkinson,TE,1.7,0.0,2022,15
DeSean Jackson,WR,1.7,0.0,2022,15
Keaontay Ingram,RB,1.6,0.0,2022,15
Tyler Kroft,TE,1.6,3.8,2022,15
Snoop Conner,RB,1.5,0.3,2022,15
Kevin Harris,RB,1.5,1.9,2022,15
Mitchell Wilcox,TE,1.5,12.4,2022,15
Ray-Ray McCloud,WR,1.5,2.6,2022,15
Gunner Olszewski,WR,1.4,1.3,2022,15
A.J. Green,WR,1.4,0.0,2022,15
Trayveon Williams,RB,1.4,0.0,2022,15
Chris Evans,RB,1.3,0.0,2022,15
Zack Moss,RB,1.3,8.1,2022,15
Jalen Reagor,WR,1.3,-0.5,2022,15
Jameson Williams,WR,1.2,0.0,2022,15
Braxton Berrios,WR,1.2,2.4,2022,15
Eric Saubert,TE,1.2,1.5,2022,15
Brandon Bolden,RB,1.2,0.0,2022,15
Parker Hesse,TE,1.2,0.0,2022,15
Gary Brightwell,RB,1.1,0.0,2022,15
Trestan Ebner,RB,1.1,0.0,2022,15
Anthony Firkser,TE,1.1,0.0,2022,15
Maxx Williams,TE,1.0,3.1,2022,15
Cole Beasley,WR,1.0,1.9,2022,15
Nick Vannett,TE,1.0,2.5,2022,15
James Proche,WR,1.0,0.0,2022,15
Zamir White,RB,1.0,0.4,2022,15
Avery Williams,RB,1.0,3.0,2022,15
Brandon Johnson,WR,0.9,6.0,2022,15
Dax Milne,WR,0.9,0.0,2022,15
Trent Taylor,WR,0.9,0.0,2022,15
Jeff Smith,WR,0.9,11.7,2022,15
D'Ernest Johnson,RB,0.9,0.0,2022,15
Hassan Haskins,RB,0.9,3.5,2022,15
Salvon Ahmed,RB,0.9,10.3,2022,15
Chris Conley,WR,0.9,4.9,2022,15
Braylon Sanders,WR,0.8,0.0,2022,15
Byron Pringle,WR,0.8,11.9,2022,15
Velus Jones Jr.,WR,0.7,-0.7,2022,15
Eric Tomlinson,TE,0.7,11.8,2022,15
Kadarius Toney,WR,0.7,1.5,2022,15
Patrick Ricard,RB,0.6,0.0,2022,15
Stephen Sullivan,TE,0.6,0.0,2022,15
Devine Ozigbo,RB,0.6,0.2,2022,15
Kene Nwangwu,RB,0.5,0.0,2022,15
Jalen Nailor,WR,0.5,0.0,2022,15
Mike Woods,WR,0.4,0.9,2022,15
Patrick Taylor,RB,0.4,1.5,2022,15
Jakob Johnson,RB,0.4,0.0,2022,15
Tyler Davis,TE,0.3,0.0,2022,15
Miles Boykin,WR,0.3,1.0,2022,15
Danny Gray,WR,0.3,0.0,2022,15
Mason Kinsey,WR,0.2,0.0,2022,15
Penny Hart,WR,0.2,1.3,2022,15
Jalen Virgil,WR,0.2,0.0,2022,15
Troy Hairston,RB,0.2,0.0,2022,15
Jerome Ford,RB,0.2,0.0,2022,15
KaVontae Turpin,WR,0.2,0.0,2022,15
Montrell Washington,WR,0.2,0.0,2022,15
Tyree Jackson,TE,0.1,0.0,2022,15
Racey McMath,WR,0.1,1.1,2022,15
Davis Mills,QB,0.0,18.94,2022,15
Britain Covey,WR,0.0,0.0,2022,15
Deven Thompkins,WR,0.0,2.6,2022,15
Feleipe Franks,TE,0.0,0.0,2022,15
Godwin Igwebuike,RB,0.0,0.0,2022,15
Giovani Bernard,RB,0.0,0.0,2022,15
Jacoby Brissett,QB,0.0,0.3,2022,15
Pierre Strong,RB,0.0,6.7,2022,15
Taiwan Jones,RB,0.0,0.0,2022,15
Justin Fields,QB,0.0,23.58,2022,15
Mitchell Trubisky,QB,0.0,14.06,2022,15
Zach Wilson,QB,0.0,19.38,2022,15
Stanley Morgan,WR,0.0,0.0,2022,15
Raleigh Webb,WR,0.0,0.0,2022,15
Trace McSorley,QB,0.0,0.6,2022,15
Malik Willis,QB,0.0,1.6,2022,15
Kevin Rader,TE,0.0,0.0,2022,15
Brett Rypien,QB,0.0,7.68,2022,15
Baker Mayfield,QB,0.0,6.54,2022,15
Patrick Mahomes,QB,24.7,23.76,2022,16
Dalvin Cook,RB,24.5,10.7,2022,16
Kirk Cousins,QB,23.6,24.16,2022,16
Justin Jefferson,WR,22.2,31.3,2022,16
Justin Fields,QB,21.7,9.86,2022,16
Joe Burrow,QB,21.0,23.5,2022,16
Dak Prescott,QB,20.9,27.98,2022,16
Josh Jacobs,RB,20.5,6.0,2022,16
Tua Tagovailoa,QB,19.9,10.4,2022,16
Aaron Rodgers,QB,19.4,13.32,2022,16
Geno Smith,QB,19.3,12.2,2022,16
Aaron Jones,RB,19.2,5.4,2022,16
Trevor Lawrence,QB,19.1,18.26,2022,16
Saquon Barkley,RB,18.9,27.3,2022,16
Tyreek Hill,WR,18.8,14.3,2022,16
Derrick Henry,RB,18.5,18.6,2022,16
Travis Kelce,TE,18.2,17.3,2022,16
Tom Brady,QB,18.1,11.34,2022,16
Justin Herbert,QB,18.1,5.5,2022,16
Daniel Jones,QB,18.0,20.76,2022,16
Sam Darnold,QB,17.9,21.9,2022,16
Austin Ekeler,RB,17.6,23.9,2022,16
Tony Pollard,RB,17.5,14.0,2022,16
Stefon Diggs,WR,17.0,4.6,2022,16
Brock Purdy,QB,16.4,15.96,2022,16
Rhamondre Stevenson,RB,16.4,3.3,2022,16
Tyler Huntley,QB,16.3,13.2,2022,16
James Conner,RB,15.9,25.0,2022,16
Ja'Marr Chase,WR,15.1,13.9,2022,16
Jared Goff,QB,14.9,25.7,2022,16
Chuba Hubbard,RB,14.7,12.5,2022,16
Joe Mixon,RB,14.6,17.8,2022,16
Najee Harris,RB,14.5,15.5,2022,16
DK Metcalf,WR,14.3,15.1,2022,16
Leonard Fournette,RB,14.2,25.2,2022,16
Christian McCaffrey,RB,14.2,13.8,2022,16
Ezekiel Elliott,RB,14.1,13.1,2022,16
Nick Chubb,RB,13.9,11.2,2022,16
David Montgomery,RB,13.9,10.4,2022,16
Keenan Allen,WR,13.6,21.4,2022,16
CeeDee Lamb,WR,13.6,34.0,2022,16
Chris Godwin Jr.,WR,13.5,14.3,2022,16
Amon-Ra St. Brown,WR,13.4,14.6,2022,16
Travis Etienne,RB,13.3,14.2,2022,16
Derek Carr,QB,13.3,6.36,2022,16
Davante Adams,WR,13.3,3.5,2022,16
DJ Moore,WR,13.1,20.1,2022,16
AJ Dillon,RB,13.1,12.8,2022,16
A.J. Brown,WR,13.0,16.3,2022,16
Mike Williams,WR,12.7,11.6,2022,16
Mac Jones,QB,12.6,17.5,2022,16
D'Onta Foreman,RB,12.5,22.5,2022,16
Adam Thielen,WR,12.3,1.6,2022,16
Tee Higgins,WR,12.2,26.8,2022,16
Zay Jones,WR,12.2,2.1,2022,16
Miles Sanders,RB,12.1,6.1,2022,16
Jaylen Waddle,WR,12.0,25.3,2022,16
Devin Singletary,RB,11.8,20.5,2022,16
J.K. Dobbins,RB,11.8,5.9,2022,16
Christian Kirk,WR,11.5,5.6,2022,16
Rachaad White,RB,11.5,15.3,2022,16
Christian Watson,WR,11.4,10.9,2022,16
Evan Engram,TE,11.3,18.3,2022,16
Jerry Jeudy,WR,11.3,17.7,2022,16
JuJu Smith-Schuster,WR,11.2,5.7,2022,16
Garrett Wilson,WR,11.2,5.0,2022,16
Desmond Ridder,QB,11.2,9.52,2022,16
Kenneth Walker III,RB,11.1,12.5,2022,16
Raheem Mostert,RB,11.0,4.9,2022,16
Brandon Aiyuk,WR,10.9,13.1,2022,16
Deshaun Watson,QB,10.8,11.8,2022,16
Gabe Davis,WR,10.8,11.5,2022,16
Taylor Heinicke,QB,10.6,10.24,2022,16
George Kittle,TE,10.6,30.0,2022,16
T.J. Hockenson,TE,10.6,35.9,2022,16
Mike Evans,WR,10.5,5.9,2022,16
Diontae Johnson,WR,10.3,11.4,2022,16
Davis Mills,QB,10.2,9.92,2022,16
Alvin Kamara,RB,10.1,19.0,2022,16
Russell Gage,WR,10.0,11.5,2022,16
Josh Palmer,WR,9.9,3.6,2022,16
Isiah Pacheco,RB,9.8,10.0,2022,16
Dalton Schultz,TE,9.7,7.3,2022,16
Michael Pittman,WR,9.7,7.9,2022,16
K.J. Osborn,WR,9.7,4.7,2022,16
D'Andre Swift,RB,9.7,3.5,2022,16
Andy Dalton,QB,9.6,1.58,2022,16
DeVonta Smith,WR,9.3,31.3,2022,16
Jamaal Williams,RB,9.3,3.4,2022,16
Romeo Doubs,WR,9.1,6.6,2022,16
Samaje Perine,RB,9.1,5.2,2022,16
Jeff Wilson,RB,9.1,11.0,2022,16
Cordarrelle Patterson,RB,9.1,4.1,2022,16
Jerick McKinnon,RB,8.9,12.8,2022,16
Allen Lazard,WR,8.9,11.1,2022,16
DeAndre Hopkins,WR,8.7,1.4,2022,16
Latavius Murray,RB,8.7,7.0,2022,16
Terry McLaurin,WR,8.6,17.7,2022,16
DJ Chark,WR,8.3,14.8,2022,16
Dallas Goedert,TE,8.2,9.7,2022,16
Jakobi Meyers,WR,8.2,20.3,2022,16
Mark Andrews,TE,8.2,7.5,2022,16
Amari Cooper,WR,8.1,13.2,2022,16
Tyler Allgeier,RB,8.0,15.7,2022,16
Tyler Boyd,WR,8.0,5.1,2022,16
Drake London,WR,7.9,14.6,2022,16
Corey Davis,WR,7.8,3.4,2022,16
Dawson Knox,TE,7.8,12.8,2022,16
Baker Mayfield,QB,7.7,17.4,2022,16
Pat Freiermuth,TE,7.7,13.6,2022,16
Khalil Herbert,RB,7.7,2.3,2022,16
Noah Brown,WR,7.7,1.5,2022,16
Courtland Sutton,WR,7.6,11.4,2022,16
Elijah Moore,WR,7.4,3.5,2022,16
Josh Reynolds,WR,7.2,5.1,2022,16
Donovan Peoples-Jones,WR,7.1,1.2,2022,16
Julio Jones,WR,7.1,1.5,2022,16
George Pickens,WR,7.0,16.7,2022,16
Gus Edwards,RB,7.0,9.9,2022,16
James Cook,RB,7.0,17.8,2022,16
Kareem Hunt,RB,6.9,5.2,2022,16
Darius Slayton,WR,6.9,11.9,2022,16
Terrace Marshall Jr.,WR,6.9,7.5,2022,16
Noah Fant,TE,6.8,9.2,2022,16
Isaiah McKenzie,WR,6.7,0.6,2022,16
Antonio Gibson,RB,6.7,5.1,2022,16
Michael Gallup,WR,6.6,13.6,2022,16
Marquise Goodwin,WR,6.6,0.0,2022,16
Brian Robinson,RB,6.5,5.8,2022,16
Marquez Valdes-Scantling,WR,6.4,0.0,2022,16
Randall Cobb,WR,6.3,1.5,2022,16
Darren Waller,TE,6.3,9.8,2022,16
Marquise Brown,WR,6.2,8.8,2022,16
Jahan Dotson,WR,6.2,19.6,2022,16
Treylon Burks,WR,6.2,1.5,2022,16
Parris Campbell,WR,6.1,3.9,2022,16
Jaylen Warren,RB,6.1,4.0,2022,16
Cade Otton,TE,6.0,3.2,2022,16
Isaiah Hodgins,WR,6.0,22.9,2022,16
Robert Tonyan,TE,6.0,2.3,2022,16
Kalif Raymond,WR,6.0,7.4,2022,16
Raheem Blackshear,RB,5.9,8.5,2022,16
Cam Akers,RB,5.9,34.7,2022,16
Mack Hollins,WR,5.9,1.7,2022,16
Jauan Jennings,WR,5.9,4.1,2022,16
Kenny Gainwell,RB,5.6,9.8,2022,16
Demarcus Robinson,WR,5.6,7.6,2022,16
David Njoku,TE,5.6,3.4,2022,16
Hunter Renfrow,WR,5.5,14.2,2022,16
Brandin Cooks,WR,5.5,13.4,2022,16
Tyquan Thornton,WR,5.4,1.8,2022,16
JaMycal Hasty,RB,5.3,3.1,2022,16
Bam Knight,RB,5.3,2.3,2022,16
Marvin Jones,WR,5.3,4.5,2022,16
DeAndre Carter,WR,5.2,0.0,2022,16
Rashid Shaheed,WR,5.0,8.1,2022,16
Chig Okonkwo,TE,5.0,2.0,2022,16
Richie James,WR,5.0,17.0,2022,16
Ty Johnson,RB,4.9,0.7,2022,16
Tyler Conklin,TE,4.9,7.4,2022,16
Jelani Woods,TE,4.9,7.3,2022,16
Alec Pierce,WR,4.9,5.6,2022,16
Laviska Shenault Jr.,WR,4.9,8.3,2022,16
Deon Jackson,RB,4.8,3.9,2022,16
Justin Jackson,RB,4.8,-0.1,2022,16
Shi Smith,WR,4.8,2.7,2022,16
Chris Moore,WR,4.8,4.5,2022,16
Curtis Samuel,WR,4.8,16.4,2022,16
Joshua Kelley,RB,4.8,5.2,2022,16
Austin Hooper,TE,4.8,4.0,2022,16
Cole Kmet,TE,4.8,7.7,2022,16
Jake Ferguson,TE,4.6,3.4,2022,16
Juwan Johnson,TE,4.6,1.9,2022,16
Noah Gray,TE,4.6,1.8,2022,16
Nick Westbrook-Ikhine,WR,4.6,4.3,2022,16
Greg Dulcich,TE,4.6,13.9,2022,16
Alexander Mattison,RB,4.6,1.7,2022,16
Robert Woods,WR,4.5,7.0,2022,16
Matt Breida,RB,4.5,0.9,2022,16
Trenton Irwin,WR,4.5,19.5,2022,16
Trent Sherfield,WR,4.5,4.5,2022,16
Quez Watkins,WR,4.3,2.9,2022,16
Van Jefferson,WR,4.3,4.9,2022,16
Olamide Zaccheaus,WR,4.2,5.8,2022,16
Marlon Mack,RB,4.0,2.2,2022,16
Tyler Higbee,TE,3.9,30.4,2022,16
Sammy Watkins,WR,3.8,5.0,2022,16
C.J. Uzomah,TE,3.8,4.0,2022,16
Ian Thomas,TE,3.8,2.2,2022,16
Will Dissly,TE,3.8,2.9,2022,16
Mike Gesicki,TE,3.7,3.4,2022,16
Travis Homer,RB,3.7,0.0,2022,16
MyCole Pruitt,TE,3.6,0.0,2022,16
Kendrick Bourne,WR,3.6,24.9,2022,16
Donald Parham,TE,3.5,1.8,2022,16
Jordan Mason,RB,3.5,0.0,2022,16
Daniel Bellinger,TE,3.4,4.7,2022,16
Ameer Abdullah,RB,3.4,4.7,2022,16
Foster Moreau,TE,3.4,3.9,2022,16
Justin Watson,WR,3.4,0.0,2022,16
Dante Pettis,WR,3.2,9.1,2022,16
Kyren Williams,RB,3.2,3.1,2022,16
Josiah Deguara,TE,3.1,1.4,2022,16
Cedrick Wilson Jr.,WR,3.1,0.0,2022,16
Tommy Tremble,TE,3.1,3.8,2022,16
Jonnu Smith,TE,3.1,5.1,2022,16
David Bell,WR,3.1,2.8,2022,16
Mitchell Wilcox,TE,3.0,9.5,2022,16
Justice Hill,RB,3.0,1.4,2022,16
Boston Scott,RB,3.0,0.0,2022,16
Jordan Wilkins,RB,3.0,0.4,2022,16
Tyrion Davis-Price,RB,3.0,3.0,2022,16
Isaiah Likely,TE,2.9,1.4,2022,16
Quintin Morris,TE,2.9,0.0,2022,16
Brock Wright,TE,2.9,2.1,2022,16
Jamal Agnew,WR,2.9,1.8,2022,16
Jordan Akins,TE,2.9,6.9,2022,16
Damiere Byrd,WR,2.9,2.5,2022,16
Nyheim Hines,RB,2.9,2.1,2022,16
Durham Smythe,TE,2.8,1.8,2022,16
Josh Oliver,TE,2.8,1.6,2022,16
Keelan Cole,WR,2.8,0.0,2022,16
Royce Freeman,RB,2.8,4.8,2022,16
Marcedes Lewis,TE,2.8,11.2,2022,16
Trey McBride,TE,2.7,4.7,2022,16
Logan Thomas,TE,2.7,9.5,2022,16
Mo Alie-Cox,TE,2.6,1.2,2022,16
Steven Sims,WR,2.6,1.7,2022,16
Byron Pringle,WR,2.5,5.4,2022,16
Marcus Johnson,WR,2.5,0.0,2022,16
Brevin Jordan,TE,2.4,4.1,2022,16
Johnny Mundt,TE,2.3,2.6,2022,16
Ray-Ray McCloud,WR,2.2,13.1,2022,16
Tutu Atwell,WR,2.2,3.4,2022,16
Teagan Quitoriano,TE,2.2,0.0,2022,16
Chase Edmonds,RB,2.2,7.3,2022,16
Scott Miller,WR,2.1,0.0,2022,16
Laquon Treadwell,WR,2.1,5.6,2022,16
Ronald Jones,RB,2.1,0.4,2022,16
Ashton Dulin,WR,2.0,0.0,2022,16
David Johnson,RB,2.0,3.4,2022,16
Skyy Moore,WR,2.0,1.5,2022,16
Rex Burkhead,RB,2.0,2.7,2022,16
Dare Ogunbowale,RB,2.0,2.8,2022,16
Dan Arnold,TE,1.9,2.7,2022,16
Tyler Kroft,TE,1.9,0.0,2022,16
James Mitchell,TE,1.8,5.1,2022,16
Amari Rodgers,WR,1.8,4.7,2022,16
Ko Kieft,TE,1.8,0.0,2022,16
Colby Parkinson,TE,1.8,7.5,2022,16
DeSean Jackson,WR,1.7,2.0,2022,16
KhaDarel Hodge,WR,1.7,0.0,2022,16
Malcolm Brown,RB,1.7,3.1,2022,16
Pierre Strong,RB,1.7,3.0,2022,16
Phillip Dorsett,WR,1.6,7.5,2022,16
Zach Gentry,TE,1.6,1.1,2022,16
Kevin Harris,RB,1.6,0.3,2022,16
Cam Sims,WR,1.6,0.0,2022,16
Zach Pascal,WR,1.5,1.6,2022,16
Greg Dortch,WR,1.5,22.3,2022,16
Khalil Shakir,WR,1.5,3.5,2022,16
Tre' McKitty,TE,1.4,2.0,2022,16
Keaontay Ingram,RB,1.4,0.2,2022,16
Tim Jones,WR,1.4,0.0,2022,16
Julius Chestnut,RB,1.4,0.0,2022,16
Snoop Conner,RB,1.4,0.5,2022,16
Hassan Haskins,RB,1.4,3.7,2022,16
Cole Turner,TE,1.4,0.0,2022,16
Maxx Williams,TE,1.3,0.0,2022,16
Keith Kirkwood,WR,1.3,0.0,2022,16
Eric Saubert,TE,1.3,0.0,2022,16
Parker Hesse,TE,1.2,1.8,2022,16
Trayveon Williams,RB,1.2,0.0,2022,16
Benny Snell,RB,1.2,0.0,2022,16
Jalen Reagor,WR,1.2,0.0,2022,16
Geoff Swaim,TE,1.2,0.9,2022,16
Zack Moss,RB,1.2,8.0,2022,16
Ke'Shawn Vaughn,RB,1.2,0.6,2022,16
Shane Zylstra,TE,1.2,25.6,2022,16
Brandon Powell,WR,1.1,4.5,2022,16
Braxton Berrios,WR,1.1,0.0,2022,16
Jameson Williams,WR,1.1,0.0,2022,16
DeeJay Dallas,RB,1.1,10.2,2022,16
Patrick Taylor,RB,1.1,2.7,2022,16
Gary Brightwell,RB,1.1,-0.1,2022,16
Jonathan Williams,RB,1.0,6.1,2022,16
Cole Beasley,WR,1.0,1.9,2022,16
Anthony Firkser,TE,1.0,3.0,2022,16
Avery Williams,RB,1.0,5.0,2022,16
Taysom Hill,TE,0.9,11.6,2022,16
James Proche,WR,0.9,0.0,2022,16
D'Ernest Johnson,RB,0.9,0.0,2022,16
Brandon Bolden,RB,0.8,0.0,2022,16
Trent Taylor,WR,0.8,0.0,2022,16
Brycen Hopkins,TE,0.8,8.7,2022,16
Reggie Gilliam,RB,0.7,2.2,2022,16
Kadarius Toney,WR,0.7,7.8,2022,16
Andy Isabella,WR,0.6,0.0,2022,16
Velus Jones Jr.,WR,0.6,7.2,2022,16
Dax Milne,WR,0.5,0.0,2022,16
Stephen Anderson,TE,0.4,0.0,2022,16
Mike Woods,WR,0.4,1.5,2022,16
Penny Hart,WR,0.4,1.2,2022,16
Freddie Swain,WR,0.4,2.1,2022,16
Stephen Sullivan,TE,0.4,0.0,2022,16
Dareke Young,WR,0.3,0.0,2022,16
Deven Thompkins,WR,0.3,0.0,2022,16
Tyler Davis,TE,0.3,0.0,2022,16
Danny Gray,WR,0.3,0.0,2022,16
Jalen Virgil,WR,0.2,0.0,2022,16
Jerome Ford,RB,0.2,0.0,2022,16
Montrell Washington,WR,0.1,0.0,2022,16
Troy Hairston,RB,0.1,1.0,2022,16
KaVontae Turpin,WR,0.1,0.0,2022,16
Giovani Bernard,RB,0.0,0.0,2022,16
Trace McSorley,QB,0.0,4.08,2022,16
Russell Wilson,QB,0.0,8.26,2022,16
Jeff Driskel,QB,0.0,3.2,2022,16
Britain Covey,WR,0.0,0.0,2022,16
Kenny Yeboah,TE,0.0,0.0,2022,16
Lance McCutcheon,WR,0.0,0.0,2022,16
Carson Wentz,QB,0.0,8.92,2022,16
Kenny Pickett,QB,0.0,12.66,2022,16
Nathan Peterman,QB,0.0,-1.0,2022,16
Zach Wilson,QB,0.0,1.78,2022,16
Malik Willis,QB,0.0,10.26,2022,16
Pharoh Cooper,WR,0.0,0.0,2022,16
Matthew Slater,WR,0.0,0.0,2022,16
Jonathan Ward,RB,0.0,0.0,2022,16
Gardner Minshew,QB,0.0,22.7,2022,16
Godwin Igwebuike,RB,0.0,0.0,2022,16
Devin Asiasi,TE,0.0,2.5,2022,16
Taiwan Jones,RB,0.0,0.0,2022,16
C.J. Beathard,QB,0.0,-0.3,2022,16
Nick Boyle,TE,0.0,0.0,2022,16
Bryce Perkins,QB,0.0,-0.2,2022,16
Brett Rypien,QB,0.0,-0.2,2022,16
Patrick Mahomes,QB,24.0,25.52,2022,17
Justin Fields,QB,23.5,16.2,2022,17
Kirk Cousins,QB,21.7,7.9,2022,17
Dalvin Cook,RB,20.6,6.4,2022,17
Justin Jefferson,WR,20.6,2.5,2022,17
Jared Goff,QB,20.1,22.4,2022,17
Dak Prescott,QB,19.5,14.38,2022,17
James Conner,RB,19.1,14.0,2022,17
Geno Smith,QB,19.1,17.12,2022,17
Trevor Lawrence,QB,18.8,4.48,2022,17
Saquon Barkley,RB,18.2,7.3,2022,17
Aaron Rodgers,QB,18.0,16.56,2022,17
Aaron Jones,RB,17.9,13.3,2022,17
Christian McCaffrey,RB,17.9,31.3,2022,17
Tyreek Hill,WR,17.8,15.7,2022,17
Brock Purdy,QB,17.7,17.06,2022,17
Rhamondre Stevenson,RB,17.3,7.1,2022,17
Diontae Johnson,WR,17.0,5.5,2022,17
Travis Kelce,TE,16.4,11.3,2022,17
Tom Brady,QB,16.2,37.68,2022,17
Mac Jones,QB,16.0,16.26,2022,17
Davis Mills,QB,15.7,9.38,2022,17
Daniel Jones,QB,15.5,36.18,2022,17
CeeDee Lamb,WR,15.4,21.0,2022,17
Austin Ekeler,RB,15.0,32.1,2022,17
Amon-Ra St. Brown,WR,14.8,10.2,2022,17
Sam Darnold,QB,14.1,21.64,2022,17
AJ Dillon,RB,14.0,10.1,2022,17
David Montgomery,RB,13.9,5.6,2022,17
Pat Freiermuth,TE,13.9,6.6,2022,17
George Kittle,TE,13.9,12.3,2022,17
DK Metcalf,WR,13.9,1.3,2022,17
Christian Watson,WR,13.6,2.1,2022,17
Tyler Lockett,WR,13.6,3.5,2022,17
Josh Jacobs,RB,13.6,19.5,2022,17
Leonard Fournette,RB,13.6,8.7,2022,17
Kenneth Walker III,RB,13.4,15.2,2022,17
Justin Herbert,QB,13.3,16.68,2022,17
Jaylen Waddle,WR,13.3,8.2,2022,17
T.J. Hockenson,TE,13.3,12.9,2022,17
Chris Godwin Jr.,WR,13.2,21.0,2022,17
Deshaun Watson,QB,12.9,21.86,2022,17
Travis Etienne,RB,12.9,23.0,2022,17
Nick Chubb,RB,12.8,12.6,2022,17
Tyler Huntley,QB,12.7,9.6,2022,17
Miles Sanders,RB,12.6,6.1,2022,17
Desmond Ridder,QB,12.5,5.66,2022,17
Keenan Allen,WR,12.4,11.8,2022,17
A.J. Brown,WR,12.3,19.7,2022,17
Chuba Hubbard,RB,12.0,9.5,2022,17
Evan Engram,TE,11.9,3.9,2022,17
Davante Adams,WR,11.9,34.3,2022,17
Tyler Allgeier,RB,11.8,16.5,2022,17
Najee Harris,RB,11.8,20.3,2022,17
George Pickens,WR,11.7,4.9,2022,17
Andy Dalton,QB,11.7,6.0,2022,17
Brandon Aiyuk,WR,11.4,26.7,2022,17
D'Andre Swift,RB,11.3,27.7,2022,17
Allen Lazard,WR,11.0,10.9,2022,17
Cordarrelle Patterson,RB,11.0,20.4,2022,17
DeVonta Smith,WR,10.9,20.5,2022,17
DJ Chark,WR,10.9,7.6,2022,17
Ezekiel Elliott,RB,10.8,9.7,2022,17
Alvin Kamara,RB,10.8,9.0,2022,17
Christian Kirk,WR,10.7,4.1,2022,17
Jamaal Williams,RB,10.7,22.7,2022,17
DJ Moore,WR,10.6,23.7,2022,17
Zay Jones,WR,10.6,5.4,2022,17
Cam Akers,RB,10.5,14.3,2022,17
Terry McLaurin,WR,10.4,5.7,2022,17
Mike Williams,WR,10.3,16.4,2022,17
JuJu Smith-Schuster,WR,10.2,4.1,2022,17
D'Onta Foreman,RB,10.2,3.5,2022,17
Mike Evans,WR,9.8,48.7,2022,17
Baker Mayfield,QB,9.8,4.08,2022,17
Brian Robinson,RB,9.7,8.7,2022,17
Adam Thielen,WR,9.7,2.6,2022,17
Amari Cooper,WR,9.5,25.5,2022,17
Rachaad White,RB,9.5,9.8,2022,17
Jakobi Meyers,WR,9.5,16.9,2022,17
Isiah Pacheco,RB,9.2,12.9,2022,17
Romeo Doubs,WR,9.1,5.0,2022,17
Russell Gage,WR,9.1,6.3,2022,17
Jerick McKinnon,RB,8.9,22.6,2022,17
Michael Pittman,WR,8.8,16.1,2022,17
Drake London,WR,8.7,9.7,2022,17
Raheem Mostert,RB,8.6,23.1,2022,17
Jahan Dotson,WR,8.6,6.7,2022,17
Noah Fant,TE,8.5,6.0,2022,17
J.K. Dobbins,RB,8.5,9.3,2022,17
Damien Harris,RB,8.2,7.9,2022,17
Brandin Cooks,WR,8.2,7.9,2022,17
K.J. Osborn,WR,8.1,18.9,2022,17
Dalton Schultz,TE,7.9,24.6,2022,17
Latavius Murray,RB,7.9,11.2,2022,17
David Njoku,TE,7.8,3.1,2022,17
Jeff Wilson,RB,7.7,10.6,2022,17
Josh Palmer,WR,7.6,0.0,2022,17
Josh Reynolds,WR,7.6,1.5,2022,17
Chris Olave,WR,7.5,8.2,2022,17
Jerry Jeudy,WR,7.4,10.8,2022,17
Garrett Wilson,WR,7.4,4.8,2022,17
Hunter Henry,TE,7.4,10.2,2022,17
Michael Gallup,WR,7.3,6.9,2022,17
Donovan Peoples-Jones,WR,7.2,8.3,2022,17
Hunter Renfrow,WR,7.2,4.9,2022,17
Dallas Goedert,TE,7.1,7.5,2022,17
Robert Woods,WR,7.1,14.9,2022,17
Treylon Burks,WR,6.9,12.6,2022,17
Kareem Hunt,RB,6.8,0.9,2022,17
Kenny Gainwell,RB,6.8,3.7,2022,17
Nick Westbrook-Ikhine,WR,6.7,1.4,2022,17
Noah Brown,WR,6.6,1.7,2022,17
Mark Andrews,TE,6.6,19.0,2022,17
Khalil Herbert,RB,6.5,3.1,2022,17
Kendrick Bourne,WR,6.4,2.8,2022,17
Chris Moore,WR,6.4,5.1,2022,17
Isaiah Hodgins,WR,6.4,14.2,2022,17
Nelson Agholor,WR,6.3,0.0,2022,17
Cole Kmet,TE,6.3,10.7,2022,17
Jauan Jennings,WR,6.2,6.6,2022,17
Randall Cobb,WR,6.2,4.0,2022,17
Richie James,WR,6.1,20.6,2022,17
Chase Claypool,WR,6.1,0.0,2022,17
Marquise Brown,WR,6.1,12.1,2022,17
Darren Waller,TE,6.0,16.2,2022,17
Curtis Samuel,WR,6.0,1.6,2022,17
Gus Edwards,RB,6.0,0.2,2022,17
Tyler Higbee,TE,5.9,4.1,2022,17
Julio Jones,WR,5.9,3.3,2022,17
Juwan Johnson,TE,5.7,11.2,2022,17
Rashid Shaheed,WR,5.7,13.9,2022,17
Darius Slayton,WR,5.5,1.4,2022,17
Gerald Everett,TE,5.5,10.5,2022,17
Marvin Jones,WR,5.4,12.1,2022,17
Parris Campbell,WR,5.4,8.3,2022,17
Mack Hollins,WR,5.4,7.0,2022,17
Austin Hooper,TE,5.4,1.6,2022,17
Chig Okonkwo,TE,5.4,5.4,2022,17
Kalif Raymond,WR,5.3,7.4,2022,17
Terrace Marshall Jr.,WR,5.2,3.5,2022,17
Marquez Valdes-Scantling,WR,5.2,4.8,2022,17
Alec Pierce,WR,5.1,4.5,2022,17
Courtland Sutton,WR,5.1,8.4,2022,17
Jaylen Warren,RB,5.1,12.8,2022,17
Cade Otton,TE,5.1,3.7,2022,17
Elijah Moore,WR,5.0,3.8,2022,17
Demarcus Robinson,WR,5.0,1.9,2022,17
Eno Benjamin,RB,5.0,2.9,2022,17
JaMycal Hasty,RB,4.9,17.6,2022,17
Byron Pringle,WR,4.8,0.0,2022,17
Jordan Akins,TE,4.8,5.8,2022,17
Shane Zylstra,TE,4.7,1.7,2022,17
Raheem Blackshear,RB,4.7,0.9,2022,17
Noah Gray,TE,4.6,2.2,2022,17
Corey Davis,WR,4.6,7.5,2022,17
Tyquan Thornton,WR,4.6,15.0,2022,17
Royce Freeman,RB,4.6,6.9,2022,17
Deon Jackson,RB,4.6,1.0,2022,17
Jelani Woods,TE,4.5,4.9,2022,17
Tyler Conklin,TE,4.5,14.0,2022,17
Bam Knight,RB,4.4,6.4,2022,17
Laquon Treadwell,WR,4.4,3.5,2022,17
Robert Tonyan,TE,4.4,14.2,2022,17
Logan Thomas,TE,4.3,11.6,2022,17
Tyrion Davis-Price,RB,4.3,0.5,2022,17
Trent Sherfield,WR,4.2,5.0,2022,17
Laviska Shenault Jr.,WR,4.2,4.0,2022,17
Joshua Kelley,RB,4.2,5.6,2022,17
Steven Sims,WR,4.1,6.4,2022,17
Quez Watkins,WR,4.1,0.0,2022,17
Van Jefferson,WR,4.1,10.7,2022,17
Brock Wright,TE,4.0,16.3,2022,17
Dante Pettis,WR,3.9,0.0,2022,17
Malik Davis,RB,3.9,8.2,2022,17
Alexander Mattison,RB,3.9,5.5,2022,17
Brevin Jordan,TE,3.7,3.0,2022,17
Marlon Mack,RB,3.7,0.0,2022,17
Jordan Mason,RB,3.6,7.3,2022,17
C.J. Uzomah,TE,3.6,5.4,2022,17
MyCole Pruitt,TE,3.6,8.9,2022,17
Jake Ferguson,TE,3.5,1.7,2022,17
DeAndre Carter,WR,3.5,3.4,2022,17
Colby Parkinson,TE,3.4,14.6,2022,17
Matt Breida,RB,3.4,7.7,2022,17
Ty Johnson,RB,3.4,6.7,2022,17
Zack Moss,RB,3.3,7.4,2022,17
Harrison Bryant,TE,3.2,3.9,2022,17
Shi Smith,WR,3.2,17.0,2022,17
Dare Ogunbowale,RB,3.1,4.5,2022,17
Damiere Byrd,WR,3.1,2.2,2022,17
David Bell,WR,3.0,0.0,2022,17
Chase Edmonds,RB,3.0,10.3,2022,17
Foster Moreau,TE,3.0,8.5,2022,17
Kendall Hinton,WR,3.0,0.0,2022,17
Daniel Bellinger,TE,2.9,7.2,2022,17
Greg Dortch,WR,2.9,5.5,2022,17
Jonathan Williams,RB,2.9,6.3,2022,17
James Mitchell,TE,2.9,2.5,2022,17
Kyren Williams,RB,2.8,0.6,2022,17
Trey McBride,TE,2.8,20.8,2022,17
Rex Burkhead,RB,2.8,4.0,2022,17
Amari Rodgers,WR,2.8,3.6,2022,17
Phillip Dorsett,WR,2.8,4.4,2022,17
Boston Scott,RB,2.7,0.6,2022,17
DeeJay Dallas,RB,2.7,12.8,2022,17
N'Keal Harry,TE,2.7,2.6,2022,17
Justin Watson,WR,2.6,3.7,2022,17
Jamal Agnew,WR,2.6,0.8,2022,17
Mike Gesicki,TE,2.6,9.8,2022,17
Donald Parham,TE,2.6,7.3,2022,17
Salvon Ahmed,RB,2.5,1.8,2022,17
Adam Trautman,TE,2.5,2.6,2022,17
Josiah Deguara,TE,2.4,1.4,2022,17
Tommy Tremble,TE,2.4,12.3,2022,17
Ian Thomas,TE,2.4,1.9,2022,17
Avery Williams,RB,2.3,1.0,2022,17
Peyton Hendershot,TE,2.3,0.0,2022,17
Equanimeous St. Brown,WR,2.3,4.0,2022,17
Robbie Chosen,WR,2.2,2.3,2022,17
Tutu Atwell,WR,2.2,3.0,2022,17
Josh Oliver,TE,2.2,0.0,2022,17
Isaiah Likely,TE,2.1,10.2,2022,17
Hassan Haskins,RB,2.1,7.3,2022,17
Durham Smythe,TE,2.1,1.9,2022,17
Jordan Wilkins,RB,2.1,5.7,2022,17
Pierre Strong,RB,2.1,0.0,2022,17
Denzel Mims,WR,2.0,0.0,2022,17
Justice Hill,RB,2.0,0.0,2022,17
Ray-Ray McCloud,WR,2.0,5.2,2022,17
Malcolm Brown,RB,2.0,8.3,2022,17
Albert Okwuegbunam,TE,1.9,13.5,2022,17
Kadarius Toney,WR,1.9,11.1,2022,17
Mo Alie-Cox,TE,1.9,0.0,2022,17
Dan Arnold,TE,1.9,0.0,2022,17
Skyy Moore,WR,1.8,6.3,2022,17
KhaDarel Hodge,WR,1.8,1.5,2022,17
Patrick Taylor,RB,1.7,1.0,2022,17
Brycen Hopkins,TE,1.7,3.1,2022,17
Cedrick Wilson Jr.,WR,1.6,0.0,2022,17
Velus Jones Jr.,WR,1.6,1.3,2022,17
Zach Pascal,WR,1.5,0.0,2022,17
Ko Kieft,TE,1.5,0.0,2022,17
Ronald Jones,RB,1.4,0.3,2022,17
Gunner Olszewski,WR,1.4,0.6,2022,17
T.Y. Hilton,WR,1.3,9.0,2022,17
Miles Boykin,WR,1.3,0.0,2022,17
DeSean Jackson,WR,1.3,1.9,2022,17
Mike Strachan,WR,1.2,0.0,2022,17
Snoop Conner,RB,1.2,7.7,2022,17
Geoff Swaim,TE,1.2,1.4,2022,17
A.J. Green,WR,1.2,3.7,2022,17
Brandon Powell,WR,1.2,1.9,2022,17
Tre' McKitty,TE,1.1,0.0,2022,17
O.J. Howard,TE,1.1,3.6,2022,17
Taysom Hill,TE,1.1,13.56,2022,17
Julius Chestnut,RB,1.0,4.2,2022,17
Corey Clement,RB,0.9,3.2,2022,17
Jalen Reagor,WR,0.9,0.0,2022,17
Jameson Williams,WR,0.9,4.0,2022,17
Giovanni Ricci,TE,0.8,4.2,2022,17
Gary Brightwell,RB,0.8,0.9,2022,17
Cam Sims,WR,0.8,2.6,2022,17
Trestan Ebner,RB,0.8,0.0,2022,17
Eric Saubert,TE,0.8,6.0,2022,17
D'Ernest Johnson,RB,0.7,0.0,2022,17
Andre Baccellia,WR,0.6,1.7,2022,17
James Proche,WR,0.6,0.0,2022,17
Brandon Bolden,RB,0.6,3.2,2022,17
Kene Nwangwu,RB,0.5,0.0,2022,17
Braxton Berrios,WR,0.5,3.4,2022,17
Jalen Nailor,WR,0.5,17.9,2022,17
Mike Woods,WR,0.5,0.0,2022,17
Trevon Wesco,TE,0.4,0.0,2022,17
Dax Milne,WR,0.4,0.0,2022,17
Danny Gray,WR,0.3,0.9,2022,17
Deven Thompkins,WR,0.2,0.0,2022,17
Stephen Sullivan,TE,0.2,0.0,2022,17
Troy Hairston,RB,0.2,1.7,2022,17
Jerome Ford,RB,0.2,0.9,2022,17
Racey McMath,WR,0.2,4.9,2022,17
Tyler Davis,TE,0.2,0.0,2022,17
Andy Isabella,WR,0.1,0.1,2022,17
Jaelon Darden,WR,0.1,0.0,2022,17
KaVontae Turpin,WR,0.1,0.0,2022,17
Dareke Young,WR,0.0,0.0,2022,17
Jordan Love,QB,0.0,0.26,2022,17
Mike White,QB,0.0,3.6,2022,17
Skylar Thompson,QB,0.0,6.56,2022,17
Sam Ehlinger,QB,0.0,7.6,2022,17
Teddy Bridgewater,QB,0.0,9.04,2022,17
Jacoby Brissett,QB,0.0,0.2,2022,17
Britain Covey,WR,0.0,0.0,2022,17
Russell Wilson,QB,0.0,23.58,2022,17
Godwin Igwebuike,RB,0.0,1.7,2022,17
Jonathan Ward,RB,0.0,4.0,2022,17
Lamar Jackson,QB,0.0,0.0,2022,17
Jeff Driskel,QB,0.0,1.06,2022,17
Andre Roberts,WR,0.0,0.0,2022,17
C.J. Beathard,QB,0.0,-0.84,2022,17
Matthew Slater,WR,0.0,0.0,2022,17
Lance McCutcheon,WR,0.0,0.0,2022,17
Carson Wentz,QB,0.0,6.42,2022,17
Chase Daniel,QB,0.0,1.08,2022,17
Gardner Minshew,QB,0.0,12.96,2022,17
Pharoh Cooper,WR,0.0,0.8,2022,17
Qadree Ollison,RB,0.0,0.0,2022,17
Nick Mullens,QB,0.0,6.28,2022,17
Nick Foles,QB,0.0,2.04,2022,17
Kenny Pickett,QB,0.0,10.92,2022,17
Puka Nacua,WR,27.3,20.1,2023,5
Justin Jefferson,WR,26.6,5.8,2023,5
Jalen Hurts,QB,25.8,27.32,2023,5
Patrick Mahomes,QB,23.1,19.24,2023,5
Josh Allen,QB,22.6,27.76,2023,5
Joe Mixon,RB,22.0,13.4,2023,5
A.J. Brown,WR,22.0,18.7,2023,5
Lamar Jackson,QB,21.7,9.94,2023,5
Kirk Cousins,QB,21.6,19.86,2023,5
Marquise Brown,WR,20.8,16.1,2023,5
Jared Goff,QB,20.2,27.44,2023,5
Stefon Diggs,WR,20.0,24.1,2023,5
Davante Adams,WR,19.2,8.5,2023,5
David Montgomery,RB,18.7,20.9,2023,5
Russell Wilson,QB,18.1,18.74,2023,5
Derrick Henry,RB,17.8,9.2,2023,5
Christian McCaffrey,RB,17.5,13.8,2023,5
D'Andre Swift,RB,17.3,16.8,2023,5
Joe Burrow,QB,17.3,23.38,2023,5
Josh Jacobs,RB,17.2,19.9,2023,5
Bijan Robinson,RB,17.0,11.8,2023,5
Jordan Love,QB,16.9,4.98,2023,5
Travis Kelce,TE,16.9,22.7,2023,5
Tua Tagovailoa,QB,16.7,16.92,2023,5
Matthew Stafford,QB,16.6,16.88,2023,5
Sam Howell,QB,16.4,25.42,2023,5
DeVonta Smith,WR,16.1,1.6,2023,5
Brian Robinson,RB,16.0,8.3,2023,5
Michael Wilson,WR,16.0,2.8,2023,5
Breece Hall,RB,15.9,28.4,2023,5
Kyren Williams,RB,15.7,7.7,2023,5
T.J. Hockenson,TE,15.5,10.1,2023,5
Justin Fields,QB,15.3,32.98,2023,5
C.J. Stroud,QB,15.0,14.16,2023,5
Ja'Marr Chase,WR,15.0,52.2,2023,5
Tutu Atwell,WR,14.9,8.9,2023,5
Isiah Pacheco,RB,14.9,13.4,2023,5
Tyreek Hill,WR,14.7,32.1,2023,5
De'Von Achane,RB,14.6,43.0,2023,5
Tyler Higbee,TE,14.3,4.0,2023,5
Zack Moss,RB,14.3,33.5,2023,5
Ryan Tannehill,QB,14.1,9.76,2023,5
Daniel Jones,QB,13.9,7.16,2023,5
James Conner,RB,13.7,4.6,2023,5
Raheem Mostert,RB,13.6,15.8,2023,5
Brock Purdy,QB,13.4,26.08,2023,5
Trevor Lawrence,QB,13.3,15.7,2023,5
Garrett Wilson,WR,13.3,8.4,2023,5
CeeDee Lamb,WR,13.1,8.9,2023,5
Dak Prescott,QB,13.0,4.32,2023,5
Jakobi Meyers,WR,12.8,20.5,2023,5
Michael Pittman,WR,12.7,10.2,2023,5
DJ Moore,WR,12.5,49.0,2023,5
Courtland Sutton,WR,12.4,2.3,2023,5
Zach Wilson,QB,12.3,8.56,2023,5
Chris Olave,WR,12.0,9.2,2023,5
Alvin Kamara,RB,11.9,18.7,2023,5
Travis Etienne,RB,11.8,36.4,2023,5
Mac Jones,QB,11.6,-1.6,2023,5
Tony Pollard,RB,11.6,8.4,2023,5
Desmond Ridder,QB,11.5,26.16,2023,5
Brandon Aiyuk,WR,11.5,9.8,2023,5
James Cook,RB,11.3,5.1,2023,5
Antonio Gibson,RB,11.0,10.4,2023,5
George Pickens,WR,10.9,26.6,2023,5
Christian Kirk,WR,10.8,14.4,2023,5
Kenny Pickett,QB,10.7,12.36,2023,5
Nico Collins,WR,10.7,6.9,2023,5
Alexander Mattison,RB,10.7,12.6,2023,5
Terry McLaurin,WR,10.6,8.9,2023,5
Gabe Davis,WR,10.5,22.0,2023,5
Dameon Pierce,RB,10.5,9.2,2023,5
DeAndre Hopkins,WR,10.3,22.0,2023,5
Jerry Jeudy,WR,10.2,11.0,2023,5
Adam Thielen,WR,10.2,27.7,2023,5
Josh Reynolds,WR,10.0,17.6,2023,5
Rhamondre Stevenson,RB,10.0,2.4,2023,5
Mark Andrews,TE,10.0,12.5,2023,5
Romeo Doubs,WR,10.0,1.4,2023,5
Jaylen Waddle,WR,9.9,14.5,2023,5
K.J. Osborn,WR,9.6,9.9,2023,5
Tyjae Spears,RB,9.6,16.9,2023,5
Jordan Addison,WR,9.5,18.4,2023,5
Allen Lazard,WR,9.5,6.3,2023,5
Derek Carr,QB,9.3,15.72,2023,5
Deebo Samuel Sr.,WR,9.1,11.5,2023,5
Drake London,WR,9.0,14.68,2023,5
Dallas Goedert,TE,8.9,25.7,2023,5
Tyler Allgeier,RB,8.7,6.0,2023,5
Miles Sanders,RB,8.5,1.2,2023,5
Jahan Dotson,WR,8.4,6.0,2023,5
Josh Downs,WR,8.4,15.7,2023,5
Zay Flowers,WR,8.3,12.3,2023,5
Gus Edwards,RB,8.3,4.8,2023,5
Rondale Moore,WR,8.3,10.6,2023,5
Nick Westbrook-Ikhine,WR,8.2,1.9,2023,5
Calvin Ridley,WR,8.1,20.6,2023,5
Tyler Boyd,WR,8.1,9.9,2023,5
Najee Harris,RB,8.1,5.0,2023,5
Tyler Conklin,TE,8.1,10.7,2023,5
Evan Engram,TE,7.8,6.8,2023,5
Khalil Herbert,RB,7.8,7.6,2023,5
Cole Kmet,TE,7.8,15.2,2023,5
Darren Waller,TE,7.8,16.6,2023,5
Sam LaPorta,TE,7.8,19.7,2023,5
Bam Knight,RB,7.8,3.6,2023,5
Rashid Shaheed,WR,7.7,4.8,2023,5
AJ Dillon,RB,7.7,27.2,2023,5
Curtis Samuel,WR,7.6,18.5,2023,5
Samaje Perine,RB,7.6,11.5,2023,5
Calvin Austin III,WR,7.6,0.0,2023,5
Jaylen Warren,RB,7.5,10.9,2023,5
Jayden Reed,WR,7.5,1.7,2023,5
Rashee Rice,WR,7.4,13.3,2023,5
Tank Dell,WR,7.4,16.6,2023,5
Jerick McKinnon,RB,7.3,4.5,2023,5
George Kittle,TE,7.0,27.7,2023,5
Zay Jones,WR,6.9,11.3,2023,5
Jonnu Smith,TE,6.9,10.7,2023,5
Darnell Mooney,WR,6.9,0.0,2023,5
Zach Ertz,TE,6.9,9.0,2023,5
Michael Gallup,WR,6.8,3.5,2023,5
Cam Akers,RB,6.8,3.8,2023,5
Quez Watkins,WR,6.7,2.4,2023,5
Brandin Cooks,WR,6.7,2.3,2023,5
Jake Ferguson,TE,6.5,5.8,2023,5
Christian Watson,WR,6.5,11.6,2023,5
Luke Musgrave,TE,6.4,9.4,2023,5
Alec Pierce,WR,6.4,2.0,2023,5
Kendrick Bourne,WR,6.3,6.3,2023,5
Isaiah Hodgins,WR,6.3,3.9,2023,5
DJ Chark,WR,6.3,13.2,2023,5
Noah Gray,TE,6.2,4.1,2023,5
Dawson Knox,TE,6.2,4.7,2023,5
Marquez Valdes-Scantling,WR,6.2,2.2,2023,5
Kyle Pitts,TE,6.1,15.7,2023,5
Kenny Gainwell,RB,6.1,3.4,2023,5
Logan Thomas,TE,6.1,20.7,2023,5
Darius Slayton,WR,6.0,5.5,2023,5
Clyde Edwards-Helaire,RB,6.0,0.4,2023,5
Robert Woods,WR,5.9,6.0,2023,5
Latavius Murray,RB,5.9,1.7,2023,5
Ezekiel Elliott,RB,5.9,7.8,2023,5
Allen Robinson,WR,5.9,7.9,2023,5
DeVante Parker,WR,5.8,4.0,2023,5
Chig Okonkwo,TE,5.8,8.3,2023,5
Chuba Hubbard,RB,5.8,4.5,2023,5
Dalton Kincaid,TE,5.7,3.9,2023,5
Skyy Moore,WR,5.7,3.1,2023,5
Nelson Agholor,WR,5.6,10.4,2023,5
Kylen Granson,TE,5.6,3.5,2023,5
Odell Beckham Jr.,WR,5.6,6.6,2023,5
Devin Singletary,RB,5.5,0.0,2023,5
Hunter Renfrow,WR,5.5,1.7,2023,5
Brandon Johnson,WR,5.5,1.9,2023,5
Justin Watson,WR,5.5,7.6,2023,5
Dalton Schultz,TE,5.4,19.5,2023,5
Jonathan Mingo,WR,5.4,9.8,2023,5
Trenton Irwin,WR,5.4,14.0,2023,5
Jaleel McLaughlin,RB,5.3,17.9,2023,5
Hunter Henry,TE,5.3,0.0,2023,5
Rashod Bateman,WR,5.1,1.8,2023,5
Marvin Mims Jr.,WR,5.0,1.4,2023,5
Braxton Berrios,WR,4.9,3.3,2023,5
Roschon Johnson,RB,4.9,1.9,2023,5
Dalvin Cook,RB,4.8,2.3,2023,5
Mack Hollins,WR,4.7,4.9,2023,5
Trey McBride,TE,4.6,3.7,2023,5
Dontayvion Wicks,WR,4.6,2.0,2023,5
Parris Campbell,WR,4.5,4.3,2023,5
Matt Breida,RB,4.5,3.4,2023,5
JuJu Smith-Schuster,WR,4.3,3.6,2023,5
Andrew Ogletree,TE,4.1,3.6,2023,5
Randall Cobb,WR,4.1,0.0,2023,5
Justice Hill,RB,4.1,12.5,2023,5
Damien Harris,RB,4.0,1.3,2023,5
Josh Oliver,TE,4.0,0.5,2023,5
Austin Hooper,TE,3.9,3.1,2023,5
Hayden Hurst,TE,3.8,5.1,2023,5
Adam Trautman,TE,3.8,12.6,2023,5
C.J. Uzomah,TE,3.6,3.2,2023,5
Jauan Jennings,WR,3.6,2.9,2023,5
Trent Sherfield,WR,3.5,1.3,2023,5
Mike Gesicki,TE,3.5,3.7,2023,5
Foster Moreau,TE,3.4,7.6,2023,5
Dyami Brown,WR,3.3,2.1,2023,5
KhaDarel Hodge,WR,3.3,2.1,2023,5
Mo Alie-Cox,TE,3.3,2.7,2023,5
Emari Demercado,RB,3.3,12.7,2023,5
Equanimeous St. Brown,WR,3.2,0.0,2023,5
Ronnie Bell,WR,3.1,0.0,2023,5
Kalif Raymond,WR,3.0,7.5,2023,5
Josiah Deguara,TE,2.9,2.9,2023,5
John Bates,TE,2.8,3.9,2023,5
Josh Whyle,TE,2.8,1.7,2023,5
Ronnie Rivers,RB,2.8,0.1,2023,5
Marvin Jones,WR,2.8,4.2,2023,5
Zach Pascal,WR,2.7,0.0,2023,5
Kendre Miller,RB,2.6,13.0,2023,5
MyCole Pruitt,TE,2.6,3.2,2023,5
Darnell Washington,TE,2.6,0.0,2023,5
Brock Wright,TE,2.6,4.6,2023,5
Tank Bigsby,RB,2.5,0.8,2023,5
Ameer Abdullah,RB,2.4,2.5,2023,5
Kadarius Toney,WR,2.4,7.7,2023,5
Deuce Vaughn,RB,2.4,1.8,2023,5
Craig Reynolds,RB,2.3,11.2,2023,5
Patrick Taylor,RB,2.3,2.7,2023,5
Hunter Luepke,RB,2.2,0.0,2023,5
Jeremy Ruckert,TE,2.2,1.2,2023,5
Khalil Shakir,WR,2.1,2.1,2023,5
Trayveon Williams,RB,2.1,0.5,2023,5
DeMario Douglas,WR,2.0,3.4,2023,5
Jamal Agnew,WR,2.0,0.1,2023,5
Michael Mayer,TE,2.0,5.9,2023,5
Ben Skowronek,WR,2.0,0.0,2023,5
Deonte Harty,WR,1.9,8.2,2023,5
Luke Farrell,TE,1.9,2.6,2023,5
Tre Tucker,WR,1.9,1.6,2023,5
Daniel Bellinger,TE,1.9,1.7,2023,5
Ty Chandler,RB,1.8,1.5,2023,5
Luke Schoonmaker,TE,1.8,0.0,2023,5
Rico Dowdle,RB,1.8,1.5,2023,5
Cole Turner,TE,1.7,1.9,2023,5
Robert Tonyan,TE,1.7,3.0,2023,5
Brenton Strange,TE,1.6,0.0,2023,5
Wan'Dale Robinson,WR,1.5,6.9,2023,5
Taysom Hill,TE,1.4,3.0,2023,5
Jack Stoll,TE,1.4,1.4,2023,5
Geoff Swaim,TE,1.4,4.2,2023,5
Mike Boone,RB,1.3,0.0,2023,5
Teagan Quitoriano,TE,1.3,3.2,2023,5
Jordan Mason,RB,1.3,12.9,2023,5
John Metchie III,WR,1.2,8.0,2023,5
D'Ernest Johnson,RB,1.2,0.0,2023,5
Nate Adkins,TE,1.1,0.0,2023,5
Isaiah McKenzie,WR,1.0,0.4,2023,5
Nick Bawden,RB,1.0,0.0,2023,5
Tim Jones,WR,1.0,0.0,2023,5
Jimmy Graham,TE,1.0,0.0,2023,5
Laviska Shenault Jr.,WR,0.9,2.7,2023,5
Tommy Tremble,TE,0.8,7.1,2023,5
Byron Pringle,WR,0.8,2.0,2023,5
Ray-Ray McCloud,WR,0.8,1.1,2023,5
KaVontae Turpin,WR,0.8,19.2,2023,5
DeAndre Carter,WR,0.7,0.3,2023,5
Ian Thomas,TE,0.6,3.8,2023,5
Trevon Wesco,TE,0.6,3.1,2023,5
Devin Duvernay,WR,0.5,0.0,2023,5
Sterling Shepard,WR,0.5,2.3,2023,5
Cedrick Wilson Jr.,WR,0.5,18.4,2023,5
Chase Brown,RB,0.5,1.2,2023,5
Xavier Gipson,WR,0.5,0.0,2023,5
Miles Boykin,WR,0.5,0.0,2023,5
Ty Montgomery,WR,0.4,1.5,2023,5
Scott Miller,WR,0.4,3.0,2023,5
Andrei Iosivas,WR,0.4,1.9,2023,5
Keith Kirkwood,WR,0.4,1.1,2023,5
Patrick Ricard,RB,0.3,0.0,2023,5
Brandon Powell,WR,0.3,9.2,2023,5
Justyn Ross,WR,0.3,4.8,2023,5
Gunner Olszewski,WR,0.2,0.0,2023,5
Trent Taylor,WR,0.1,0.0,2023,5
Austin Trammell,WR,0.0,0.0,2023,5
Jamison Crowder,WR,0.0,4.1,2023,5
Ihmir Smith-Marsette,WR,0.0,0.0,2023,5
Greg Dortch,WR,0.0,0.0,2023,5
Montrell Washington,WR,0.0,0.0,2023,5
Matthew Slater,WR,0.0,0.0,2023,5
Tyrod Taylor,QB,0.0,4.84,2023,5
Jameis Winston,QB,0.0,-0.4,2023,5
Jimmy Garoppolo,QB,0.0,10.72,2023,5
Joshua Dobbs,QB,0.0,8.74,2023,5
Sean McKeon,TE,0.0,0.0,2023,5
Cooper Rush,QB,0.0,0.12,2023,5
Gardner Minshew,QB,0.0,6.3,2023,5
Andy Dalton,QB,0.0,0.1,2023,5
Anthony Richardson,QB,0.0,4.42,2023,5
Bryce Young,QB,0.0,18.28,2023,5
Eric Gray,RB,0.0,3.6,2023,5
Britain Covey,WR,0.0,0.0,2023,5
Laquon Treadwell,WR,0.0,0.0,2023,5
Jalen Hurts,QB,27.1,19.9,2023,6
Patrick Mahomes,QB,24.7,17.34,2023,6
Cooper Kupp,WR,24.3,27.8,2023,6
Lamar Jackson,QB,22.9,17.12,2023,6
Josh Allen,QB,22.2,13.86,2023,6
Justin Fields,QB,21.6,4.92,2023,6
Puka Nacua,WR,21.6,6.6,2023,6
Travis Kelce,TE,21.5,21.4,2023,6
DJ Moore,WR,21.2,10.1,2023,6
Russell Wilson,QB,20.7,6.9,2023,6
Jared Goff,QB,20.4,22.42,2023,6
Marquise Brown,WR,20.1,7.4,2023,6
Tua Tagovailoa,QB,19.8,22.48,2023,6
Trevor Lawrence,QB,19.4,14.74,2023,6
Joe Mixon,RB,19.3,9.2,2023,6
A.J. Brown,WR,19.3,20.1,2023,6
Stefon Diggs,WR,19.3,20.0,2023,6
Travis Etienne,RB,19.2,23.3,2023,6
Matthew Stafford,QB,19.1,13.24,2023,6
Tyreek Hill,WR,18.5,28.3,2023,6
Alvin Kamara,RB,18.2,17.4,2023,6
Christian McCaffrey,RB,18.2,14.2,2023,6
Isiah Pacheco,RB,18.0,15.8,2023,6
Davante Adams,WR,17.8,4.9,2023,6
Breece Hall,RB,17.5,20.3,2023,6
Kirk Cousins,QB,17.1,8.74,2023,6
Kyren Williams,RB,16.9,21.8,2023,6
Justin Herbert,QB,16.7,19.08,2023,6
David Montgomery,RB,16.7,4.3,2023,6
D'Andre Swift,RB,16.6,17.8,2023,6
Austin Ekeler,RB,16.1,10.2,2023,6
Ja'Marr Chase,WR,16.0,14.0,2023,6
Josh Jacobs,RB,15.7,11.3,2023,6
Joe Burrow,QB,15.6,13.8,2023,6
Raheem Mostert,RB,15.0,34.2,2023,6
Sam Howell,QB,14.7,18.34,2023,6
Chris Olave,WR,14.7,16.6,2023,6
Jakobi Meyers,WR,14.4,17.1,2023,6
Brock Purdy,QB,14.4,7.7,2023,6
Tony Pollard,RB,14.0,17.0,2023,6
Zack Moss,RB,13.9,17.9,2023,6
Amon-Ra St. Brown,WR,13.8,30.4,2023,6
Dallas Goedert,TE,13.7,9.2,2023,6
Derrick Henry,RB,13.4,19.3,2023,6
Keenan Allen,WR,13.4,21.5,2023,6
Michael Wilson,WR,13.4,9.2,2023,6
C.J. Stroud,QB,13.4,14.16,2023,6
Amari Cooper,WR,13.3,14.8,2023,6
Kenneth Walker III,RB,13.1,17.9,2023,6
Geno Smith,QB,13.1,11.04,2023,6
Christian Kirk,WR,13.0,13.9,2023,6
Dak Prescott,QB,12.9,24.88,2023,6
Garrett Wilson,WR,12.8,17.0,2023,6
Mark Andrews,TE,12.7,10.9,2023,6
Derek Carr,QB,12.7,16.32,2023,6
Baker Mayfield,QB,12.4,6.84,2023,6
Bryce Young,QB,12.2,12.68,2023,6
Adam Thielen,WR,12.0,28.5,2023,6
James Cook,RB,12.0,7.1,2023,6
DeVonta Smith,WR,12.0,9.4,2023,6
CeeDee Lamb,WR,11.9,18.7,2023,6
Zach Wilson,QB,11.9,10.94,2023,6
Desmond Ridder,QB,11.8,16.08,2023,6
Calvin Ridley,WR,11.7,6.6,2023,6
T.J. Hockenson,TE,11.6,11.0,2023,6
Jaylen Waddle,WR,11.6,18.1,2023,6
Zay Flowers,WR,11.5,17.1,2023,6
Mike Evans,WR,11.3,8.9,2023,6
Jerry Jeudy,WR,11.2,4.4,2023,6
Gabe Davis,WR,11.0,3.1,2023,6
Courtland Sutton,WR,11.0,14.6,2023,6
Bijan Robinson,RB,10.9,13.0,2023,6
Brian Robinson,RB,10.9,13.6,2023,6
DK Metcalf,WR,10.7,10.9,2023,6
Cole Kmet,TE,10.7,2.9,2023,6
Rachaad White,RB,10.6,6.8,2023,6
Tutu Atwell,WR,10.6,4.0,2023,6
Tyler Higbee,TE,10.6,3.8,2023,6
Ryan Tannehill,QB,10.6,1.04,2023,6
Brandon Aiyuk,WR,10.5,11.6,2023,6
Tyler Lockett,WR,10.4,15.4,2023,6
DeAndre Hopkins,WR,10.3,3.0,2023,6
Rhamondre Stevenson,RB,10.1,18.0,2023,6
Evan Engram,TE,10.1,11.1,2023,6
Dameon Pierce,RB,9.9,3.4,2023,6
Alexander Mattison,RB,9.8,11.2,2023,6
Saquon Barkley,RB,9.7,13.8,2023,6
Jordan Addison,WR,9.5,11.8,2023,6
Allen Lazard,WR,9.5,1.8,2023,6
Rashid Shaheed,WR,9.4,18.3,2023,6
Antonio Gibson,RB,9.3,8.6,2023,6
Nico Collins,WR,9.3,12.0,2023,6
Michael Pittman,WR,9.2,19.9,2023,6
Josh Reynolds,WR,9.0,8.0,2023,6
Chris Godwin Jr.,WR,8.9,13.7,2023,6
George Kittle,TE,8.9,1.1,2023,6
Tyjae Spears,RB,8.9,7.3,2023,6
Terry McLaurin,WR,8.7,14.1,2023,6
Jerick McKinnon,RB,8.6,5.0,2023,6
Sam LaPorta,TE,8.4,7.6,2023,6
Gus Edwards,RB,8.3,6.3,2023,6
Rashee Rice,WR,8.3,11.2,2023,6
K.J. Osborn,WR,8.3,8.8,2023,6
Elijah Moore,WR,8.2,6.7,2023,6
Logan Thomas,TE,8.2,1.2,2023,6
Rondale Moore,WR,8.2,6.6,2023,6
Deebo Samuel Sr.,WR,8.1,1.1,2023,6
Samaje Perine,RB,7.9,1.6,2023,6
Nelson Agholor,WR,7.8,6.0,2023,6
Drake London,WR,7.8,21.5,2023,6
Tee Higgins,WR,7.8,4.0,2023,6
Ezekiel Elliott,RB,7.7,11.9,2023,6
Curtis Samuel,WR,7.7,14.2,2023,6
Josh Downs,WR,7.3,13.1,2023,6
Tyler Conklin,TE,7.3,5.4,2023,6
Emari Demercado,RB,7.2,2.7,2023,6
DJ Chark,WR,7.2,5.6,2023,6
Jaleel McLaughlin,RB,7.1,6.2,2023,6
Javonte Williams,RB,7.1,7.2,2023,6
Darnell Mooney,WR,7.1,6.8,2023,6
Jahan Dotson,WR,6.9,0.0,2023,6
David Njoku,TE,6.9,5.4,2023,6
Trenton Irwin,WR,6.8,0.0,2023,6
Jake Ferguson,TE,6.8,2.5,2023,6
Noah Gray,TE,6.7,3.5,2023,6
D'Onta Foreman,RB,6.7,7.7,2023,6
Chuba Hubbard,RB,6.7,16.0,2023,6
Kendrick Bourne,WR,6.6,19.3,2023,6
Kendre Miller,RB,6.5,2.2,2023,6
Noah Fant,TE,6.5,1.9,2023,6
Tyler Boyd,WR,6.4,16.8,2023,6
Zach Ertz,TE,6.3,4.2,2023,6
Olamide Zaccheaus,WR,6.3,1.5,2023,6
Cam Akers,RB,6.2,2.5,2023,6
Jonathan Mingo,WR,6.2,4.1,2023,6
Michael Gallup,WR,6.2,5.4,2023,6
Clyde Edwards-Helaire,RB,6.1,2.6,2023,6
Justin Watson,WR,6.1,0.0,2023,6
Justice Hill,RB,6.0,6.5,2023,6
Dawson Knox,TE,5.9,4.7,2023,6
Latavius Murray,RB,5.9,4.5,2023,6
Darren Waller,TE,5.9,9.3,2023,6
Joshua Kelley,RB,5.8,1.4,2023,6
Elijah Mitchell,RB,5.8,-0.3,2023,6
DeVante Parker,WR,5.8,1.7,2023,6
Brandin Cooks,WR,5.7,15.0,2023,6
Jonnu Smith,TE,5.6,13.6,2023,6
Foster Moreau,TE,5.6,7.3,2023,6
Marquez Valdes-Scantling,WR,5.6,0.0,2023,6
Hunter Henry,TE,5.6,1.7,2023,6
Odell Beckham Jr.,WR,5.5,10.8,2023,6
Nick Westbrook-Ikhine,WR,5.4,5.5,2023,6
Robert Woods,WR,5.4,7.6,2023,6
Kyle Pitts,TE,5.4,14.3,2023,6
Rashod Bateman,WR,5.4,3.5,2023,6
Josh Palmer,WR,5.4,10.0,2023,6
Terrace Marshall Jr.,WR,5.3,0.0,2023,6
Jerome Ford,RB,5.2,11.1,2023,6
Skyy Moore,WR,5.2,4.2,2023,6
Kenny Gainwell,RB,5.2,2.7,2023,6
Brandon Johnson,WR,5.1,0.0,2023,6
Van Jefferson,WR,5.0,0.0,2023,6
Irv Smith,TE,4.9,1.5,2023,6
Cade Otton,TE,4.9,2.5,2023,6
Durham Smythe,TE,4.9,0.0,2023,6
Dalton Schultz,TE,4.9,16.1,2023,6
Chig Okonkwo,TE,4.9,3.8,2023,6
Tyler Allgeier,RB,4.9,5.1,2023,6
Hunter Renfrow,WR,4.8,0.0,2023,6
Adam Trautman,TE,4.7,1.4,2023,6
Trey McBride,TE,4.6,10.2,2023,6
Gerald Everett,TE,4.5,10.8,2023,6
Salvon Ahmed,RB,4.5,12.4,2023,6
Devin Singletary,RB,4.5,7.2,2023,6
Jaxon Smith-Njigba,WR,4.5,8.8,2023,6
Darius Slayton,WR,4.5,10.9,2023,6
Zach Charbonnet,RB,4.5,3.9,2023,6
Marvin Mims Jr.,WR,4.4,0.0,2023,6
Alec Pierce,WR,4.4,5.5,2023,6
Donovan Peoples-Jones,WR,4.4,0.0,2023,6
Damien Harris,RB,4.4,0.1,2023,6
Chris Brooks,RB,4.3,5.6,2023,6
Wan'Dale Robinson,WR,4.3,14.2,2023,6
Dalvin Cook,RB,4.2,2.4,2023,6
Mike Gesicki,TE,4.2,5.8,2023,6
Hayden Hurst,TE,4.1,2.6,2023,6
Noah Brown,WR,4.1,5.7,2023,6
Colby Parkinson,TE,4.0,4.9,2023,6
Trey Palmer,WR,4.0,6.7,2023,6
Austin Hooper,TE,3.9,3.9,2023,6
Braxton Berrios,WR,3.8,4.0,2023,6
Greg Dulcich,TE,3.8,1.3,2023,6
Mack Hollins,WR,3.8,7.1,2023,6
Randall Cobb,WR,3.7,2.0,2023,6
Will Dissly,TE,3.7,1.4,2023,6
Jordan Mason,RB,3.6,8.7,2023,6
Chris Moore,WR,3.6,1.6,2023,6
Kylen Granson,TE,3.6,9.7,2023,6
Craig Reynolds,RB,3.5,6.3,2023,6
Matt Breida,RB,3.4,1.3,2023,6
Ke'Shawn Vaughn,RB,3.4,0.9,2023,6
Andrew Ogletree,TE,3.4,0.0,2023,6
Kadarius Toney,WR,3.3,9.4,2023,6
Donald Parham,TE,3.3,3.9,2023,6
Jonathan Taylor,RB,3.3,11.5,2023,6
Michael Mayer,TE,3.3,12.5,2023,6
Ronnie Rivers,RB,3.2,2.3,2023,6
Jauan Jennings,WR,3.2,4.6,2023,6
Tank Bigsby,RB,3.2,1.8,2023,6
Jalen Tolbert,WR,3.1,0.0,2023,6
Parris Campbell,WR,3.1,0.0,2023,6
Marvin Jones,WR,3.1,1.5,2023,6
Brock Wright,TE,3.1,1.7,2023,6
C.J. Uzomah,TE,3.0,0.0,2023,6
Kalif Raymond,WR,3.0,5.6,2023,6
Kareem Hunt,RB,3.0,16.1,2023,6
Pharaoh Brown,TE,2.9,2.5,2023,6
Boston Scott,RB,2.9,2.6,2023,6
Jake Bobo,WR,2.8,6.3,2023,6
Deonte Harty,WR,2.7,7.3,2023,6
Dyami Brown,WR,2.7,0.0,2023,6
Trey Sermon,RB,2.7,0.0,2023,6
Trent Sherfield,WR,2.7,0.0,2023,6
KhaDarel Hodge,WR,2.5,0.0,2023,6
Robert Tonyan,TE,2.5,2.1,2023,6
Ameer Abdullah,RB,2.5,0.0,2023,6
Ronnie Bell,WR,2.4,0.0,2023,6
Zach Pascal,WR,2.4,0.0,2023,6
MyCole Pruitt,TE,2.3,1.9,2023,6
Jordan Akins,TE,2.2,0.0,2023,6
Tyler Scott,WR,2.2,3.2,2023,6
Keaontay Ingram,RB,2.1,7.1,2023,6
Rico Dowdle,RB,2.1,1.2,2023,6
Khalil Shakir,WR,2.1,2.3,2023,6
Josh Whyle,TE,2.1,2.1,2023,6
Jamal Agnew,WR,2.0,0.0,2023,6
Quentin Johnston,WR,2.0,0.0,2023,6
Taysom Hill,TE,2.0,12.26,2023,6
Brenton Strange,TE,1.9,10.7,2023,6
Pierre Strong,RB,1.8,0.0,2023,6
David Bell,WR,1.8,1.6,2023,6
Brandon Powell,WR,1.6,4.9,2023,6
Isaiah Spiller,RB,1.6,0.2,2023,6
Jalin Hyatt,WR,1.6,5.1,2023,6
Trayveon Williams,RB,1.6,2.3,2023,6
Jeremy Ruckert,TE,1.6,1.8,2023,6
Harrison Bryant,TE,1.6,0.0,2023,6
KaVontae Turpin,WR,1.5,0.0,2023,6
DeeJay Dallas,RB,1.5,0.9,2023,6
Brevin Jordan,TE,1.5,2.1,2023,6
D'Ernest Johnson,RB,1.4,1.9,2023,6
Ty Chandler,RB,1.4,0.0,2023,6
Tommy Tremble,TE,1.3,4.5,2023,6
Deven Thompkins,WR,1.3,2.3,2023,6
Mike Boone,RB,1.3,1.1,2023,6
Drew Sample,TE,1.2,1.4,2023,6
DeAndre Carter,WR,1.2,0.0,2023,6
Will Mallory,TE,1.2,0.0,2023,6
Mecole Hardman,WR,1.2,0.0,2023,6
Chris Manhertz,TE,1.2,0.0,2023,6
Cordarrelle Patterson,RB,1.1,1.6,2023,6
Zamir White,RB,1.1,2.9,2023,6
Eric Gray,RB,1.0,0.2,2023,6
Xavier Gipson,WR,0.9,1.8,2023,6
Ray-Ray McCloud,WR,0.8,3.7,2023,6
Isaiah McKenzie,WR,0.8,4.3,2023,6
Laviska Shenault Jr.,WR,0.8,4.7,2023,6
Derius Davis,WR,0.8,0.0,2023,6
Jameson Williams,WR,0.7,13.3,2023,6
Chris Rodriguez Jr.,RB,0.7,2.3,2023,6
Jamison Crowder,WR,0.6,0.0,2023,6
Devin Duvernay,WR,0.6,0.0,2023,6
Chase Brown,RB,0.6,2.2,2023,6
Mitchell Wilcox,TE,0.6,0.0,2023,6
Ty Montgomery,WR,0.5,1.9,2023,6
Andrei Iosivas,WR,0.5,7.3,2023,6
Marquise Goodwin,WR,0.5,3.4,2023,6
Tre Tucker,WR,0.4,8.1,2023,6
Patrick Ricard,RB,0.3,1.3,2023,6
Scott Miller,WR,0.3,1.4,2023,6
Xavier Hutchinson,WR,0.2,1.5,2023,6
Charlie Woerner,TE,0.2,0.0,2023,6
Austin Trammell,WR,0.1,0.0,2023,6
Greg Dortch,WR,0.1,0.0,2023,6
Kyle Philips,WR,0.1,1.6,2023,6
Trent Taylor,WR,0.1,0.0,2023,6
Montrell Washington,WR,0.0,0.0,2023,6
Ihmir Smith-Marsette,WR,0.0,0.0,2023,6
C.J. Beathard,QB,0.0,-0.2,2023,6
Gardner Minshew,QB,0.0,9.56,2023,6
Sean McKeon,TE,0.0,0.0,2023,6
Britain Covey,WR,0.0,0.0,2023,6
Tyrod Taylor,QB,0.0,10.4,2023,6
Velus Jones Jr.,WR,0.0,3.0,2023,6
Jimmy Garoppolo,QB,0.0,8.88,2023,6
Joshua Dobbs,QB,0.0,10.1,2023,6
Mac Jones,QB,0.0,5.9,2023,6
Kevin Rader,TE,0.0,0.0,2023,6
Jalen Hurts,QB,25.8,23.26,2023,7
Josh Allen,QB,25.7,24.3,2023,7
Cooper Kupp,WR,25.5,6.9,2023,7
Kenneth Walker III,RB,22.6,13.1,2023,7
Stefon Diggs,WR,22.3,17.8,2023,7
Justin Herbert,QB,21.3,10.86,2023,7
Geno Smith,QB,21.1,13.76,2023,7
Patrick Mahomes,QB,21.1,33.86,2023,7
Austin Ekeler,RB,20.9,5.6,2023,7
A.J. Brown,WR,20.4,29.7,2023,7
Christian McCaffrey,RB,20.1,22.6,2023,7
Tua Tagovailoa,QB,19.6,10.34,2023,7
Lamar Jackson,QB,19.1,33.88,2023,7
Kirk Cousins,QB,18.5,21.02,2023,7
Brock Purdy,QB,18.3,12.78,2023,7
Tyreek Hill,WR,18.0,25.8,2023,7
Russell Wilson,QB,17.8,13.86,2023,7
Puka Nacua,WR,17.4,23.4,2023,7
Matthew Stafford,QB,17.4,14.04,2023,7
Tyler Lockett,WR,17.2,7.8,2023,7
Marquise Brown,WR,17.2,7.9,2023,7
Travis Kelce,TE,16.3,35.9,2023,7
Josh Jacobs,RB,15.9,5.1,2023,7
Jordan Love,QB,15.9,15.3,2023,7
Raheem Mostert,RB,15.8,6.1,2023,7
Isiah Pacheco,RB,15.7,16.0,2023,7
Keenan Allen,WR,15.7,9.5,2023,7
DJ Moore,WR,15.7,13.4,2023,7
Desmond Ridder,QB,15.0,13.8,2023,7
Brandon Aiyuk,WR,14.3,10.7,2023,7
Chris Olave,WR,14.1,12.7,2023,7
Davante Adams,WR,14.1,12.7,2023,7
D'Andre Swift,RB,14.0,10.5,2023,7
Travis Etienne,RB,14.0,22.7,2023,7
Jared Goff,QB,13.9,9.36,2023,7
Zack Moss,RB,13.7,7.2,2023,7
Bijan Robinson,RB,13.6,0.3,2023,7
James Cook,RB,13.5,19.2,2023,7
Trevor Lawrence,QB,13.2,18.06,2023,7
Jakobi Meyers,WR,13.2,18.0,2023,7
Alvin Kamara,RB,13.0,29.3,2023,7
Drake London,WR,12.7,11.4,2023,7
Sam Howell,QB,12.5,9.46,2023,7
Jordan Addison,WR,12.4,31.3,2023,7
Michael Wilson,WR,12.4,5.6,2023,7
Amari Cooper,WR,12.2,4.2,2023,7
T.J. Hockenson,TE,12.1,19.6,2023,7
DeVonta Smith,WR,12.1,8.9,2023,7
Jaylen Waddle,WR,12.0,12.3,2023,7
Derek Carr,QB,12.0,17.44,2023,7
Courtland Sutton,WR,11.8,19.6,2023,7
Gabe Davis,WR,11.8,1.6,2023,7
George Kittle,TE,11.5,13.0,2023,7
Dallas Goedert,TE,11.3,18.7,2023,7
Baker Mayfield,QB,11.1,16.2,2023,7
Aaron Jones,RB,11.1,8.7,2023,7
Amon-Ra St. Brown,WR,10.7,23.2,2023,7
Tyrod Taylor,QB,10.6,21.66,2023,7
Jerry Jeudy,WR,10.6,11.4,2023,7
Rachaad White,RB,10.5,15.9,2023,7
George Pickens,WR,10.5,15.7,2023,7
AJ Dillon,RB,10.5,23.0,2023,7
Brian Robinson,RB,10.4,8.3,2023,7
Rashid Shaheed,WR,10.4,7.2,2023,7
Mike Evans,WR,10.3,20.2,2023,7
PJ Walker,QB,10.2,16.26,2023,7
K.J. Osborn,WR,10.2,9.7,2023,7
Kenny Pickett,QB,9.9,15.2,2023,7
Christian Watson,WR,9.9,5.7,2023,7
D'Onta Foreman,RB,9.8,33.0,2023,7
Mac Jones,QB,9.4,19.98,2023,7
Christian Kirk,WR,9.4,19.0,2023,7
Tutu Atwell,WR,9.3,10.1,2023,7
Romeo Doubs,WR,9.3,11.0,2023,7
Jamaal Williams,RB,9.3,1.4,2023,7
Saquon Barkley,RB,9.1,18.8,2023,7
Noah Fant,TE,9.1,3.5,2023,7
Mark Andrews,TE,8.9,22.3,2023,7
Chris Godwin Jr.,WR,8.8,12.6,2023,7
Alexander Mattison,RB,8.7,6.2,2023,7
Rhamondre Stevenson,RB,8.6,14.5,2023,7
Jaleel McLaughlin,RB,8.6,5.6,2023,7
Tyler Higbee,TE,8.6,1.7,2023,7
Michael Pittman,WR,8.4,16.3,2023,7
Jerome Ford,RB,8.3,17.4,2023,7
Zay Flowers,WR,8.3,11.5,2023,7
Antonio Gibson,RB,8.3,5.1,2023,7
Gardner Minshew,QB,8.3,27.1,2023,7
Rashee Rice,WR,8.3,17.0,2023,7
Terry McLaurin,WR,8.2,15.0,2023,7
Luke Musgrave,TE,8.0,7.0,2023,7
Cole Kmet,TE,8.0,0.0,2023,7
Rondale Moore,WR,7.9,4.6,2023,7
Javonte Williams,RB,7.9,12.6,2023,7
Kyle Pitts,TE,7.7,7.7,2023,7
Jonnu Smith,TE,7.7,5.7,2023,7
Kareem Hunt,RB,7.6,15.1,2023,7
Samaje Perine,RB,7.6,7.1,2023,7
David Njoku,TE,7.5,10.4,2023,7
Jaxon Smith-Njigba,WR,7.4,16.3,2023,7
Latavius Murray,RB,7.4,4.8,2023,7
Jaylen Warren,RB,7.4,10.1,2023,7
Kendrick Bourne,WR,7.4,16.3,2023,7
Calvin Ridley,WR,7.3,1.5,2023,7
Curtis Samuel,WR,7.2,6.5,2023,7
Najee Harris,RB,7.2,15.8,2023,7
Elijah Moore,WR,7.0,9.9,2023,7
Josh Palmer,WR,7.0,18.3,2023,7
Colby Parkinson,TE,6.9,4.6,2023,7
Joshua Kelley,RB,6.9,13.5,2023,7
Dawson Knox,TE,6.9,4.0,2023,7
Ezekiel Elliott,RB,6.6,9.1,2023,7
Gus Edwards,RB,6.6,21.4,2023,7
Van Jefferson,WR,6.6,1.5,2023,7
Jerick McKinnon,RB,6.5,4.6,2023,7
Jayden Reed,WR,6.4,11.1,2023,7
Evan Engram,TE,6.3,9.5,2023,7
Emari Demercado,RB,6.3,11.5,2023,7
Jahmyr Gibbs,RB,6.2,27.6,2023,7
Trey McBride,TE,6.1,5.9,2023,7
Blake Bell,TE,6.0,-0.3,2023,7
Tyler Allgeier,RB,6.0,14.2,2023,7
Jonathan Taylor,RB,6.0,21.0,2023,7
Josh Reynolds,WR,6.0,6.3,2023,7
Josh Downs,WR,5.9,23.5,2023,7
Olamide Zaccheaus,WR,5.9,0.0,2023,7
Dalton Kincaid,TE,5.9,15.5,2023,7
Gerald Everett,TE,5.8,11.6,2023,7
Darnell Mooney,WR,5.7,7.4,2023,7
Nelson Agholor,WR,5.4,8.2,2023,7
Sam LaPorta,TE,5.4,11.2,2023,7
Jahan Dotson,WR,5.4,9.3,2023,7
Chase Claypool,WR,5.4,0.0,2023,7
Logan Thomas,TE,5.4,9.1,2023,7
Salvon Ahmed,RB,5.3,1.3,2023,7
Jauan Jennings,WR,5.2,10.4,2023,7
Allen Robinson,WR,5.2,1.7,2023,7
Mack Hollins,WR,5.1,0.0,2023,7
Calvin Austin III,WR,5.0,0.1,2023,7
Foster Moreau,TE,4.9,6.3,2023,7
Elijah Mitchell,RB,4.9,-0.1,2023,7
Jordan Mason,RB,4.9,0.0,2023,7
Clyde Edwards-Helaire,RB,4.8,0.5,2023,7
Jake Bobo,WR,4.8,16.1,2023,7
Justice Hill,RB,4.7,5.8,2023,7
Skyy Moore,WR,4.7,3.5,2023,7
Cade Otton,TE,4.6,9.3,2023,7
Diontae Johnson,WR,4.6,12.9,2023,7
Noah Gray,TE,4.5,1.8,2023,7
Michael Mayer,TE,4.5,3.3,2023,7
DeVante Parker,WR,4.5,1.8,2023,7
Cam Akers,RB,4.5,8.1,2023,7
Darren Waller,TE,4.5,22.8,2023,7
Kenny Gainwell,RB,4.4,7.6,2023,7
Darrynton Evans,RB,4.4,6.4,2023,7
Adam Trautman,TE,4.4,1.5,2023,7
Cedrick Wilson Jr.,WR,4.3,13.6,2023,7
Kadarius Toney,WR,4.2,2.3,2023,7
Marquez Valdes-Scantling,WR,4.2,17.4,2023,7
Trey Palmer,WR,4.1,1.5,2023,7
Donald Parham,TE,4.1,1.9,2023,7
Dontayvion Wicks,WR,4.0,3.36,2023,7
Wan'Dale Robinson,WR,4.0,3.2,2023,7
Zach Ertz,TE,3.9,4.9,2023,7
Rashod Bateman,WR,3.9,5.6,2023,7
Marvin Mims Jr.,WR,3.8,-1.1,2023,7
Alec Pierce,WR,3.7,8.3,2023,7
Darius Slayton,WR,3.7,3.2,2023,7
Isaiah Hodgins,WR,3.7,3.3,2023,7
Hunter Henry,TE,3.6,4.7,2023,7
KhaDarel Hodge,WR,3.6,2.9,2023,7
Deonte Harty,WR,3.6,2.0,2023,7
Austin Hooper,TE,3.5,3.8,2023,7
Josiah Deguara,TE,3.5,0.0,2023,7
Odell Beckham Jr.,WR,3.5,19.8,2023,7
Braxton Berrios,WR,3.4,1.7,2023,7
Taysom Hill,TE,3.3,16.8,2023,7
Mike Gesicki,TE,3.2,8.5,2023,7
Matt Breida,RB,3.2,1.9,2023,7
Brandon Powell,WR,3.0,10.9,2023,7
Hunter Renfrow,WR,3.0,3.4,2023,7
Josh Oliver,TE,3.0,2.6,2023,7
Damien Williams,RB,2.8,0.2,2023,7
Khalil Shakir,WR,2.7,7.5,2023,7
Jamal Agnew,WR,2.7,7.5,2023,7
Tucker Kraft,TE,2.6,0.0,2023,7
Craig Reynolds,RB,2.6,3.5,2023,7
Trent Sherfield,WR,2.5,1.5,2023,7
Geoff Swaim,TE,2.5,1.8,2023,7
Ke'Shawn Vaughn,RB,2.5,0.7,2023,7
Donovan Peoples-Jones,WR,2.5,4.2,2023,7
Tre Tucker,WR,2.4,3.8,2023,7
Pierre Strong,RB,2.4,2.5,2023,7
Jalin Hyatt,WR,2.4,9.5,2023,7
Andrew Ogletree,TE,2.3,0.0,2023,7
Marcedes Lewis,TE,2.2,2.6,2023,7
Boston Scott,RB,2.2,0.0,2023,7
Tyler Scott,WR,2.2,5.3,2023,7
Kalif Raymond,WR,2.1,4.0,2023,7
Charlie Kolar,TE,2.1,0.0,2023,7
John Bates,TE,2.1,0.0,2023,7
Ray-Ray McCloud,WR,2.0,4.0,2023,7
Dyami Brown,WR,2.0,0.0,2023,7
Tank Bigsby,RB,2.0,0.2,2023,7
Pharaoh Brown,TE,1.9,7.1,2023,7
Quentin Johnston,WR,1.9,3.0,2023,7
Julian Hill,TE,1.9,0.0,2023,7
Cordarrelle Patterson,RB,1.9,5.6,2023,7
DeMario Douglas,WR,1.9,11.4,2023,7
Mo Alie-Cox,TE,1.9,0.4,2023,7
DeeJay Dallas,RB,1.9,1.0,2023,7
Emanuel Wilson,RB,1.9,4.7,2023,7
Stone Smartt,TE,1.7,1.5,2023,7
Harrison Bryant,TE,1.7,0.0,2023,7
Samori Toure,WR,1.6,1.3,2023,7
Brycen Hopkins,TE,1.5,1.5,2023,7
Jameson Williams,WR,1.5,0.0,2023,7
Chris Rodriguez Jr.,RB,1.5,3.1,2023,7
Zamir White,RB,1.4,5.8,2023,7
Deven Thompkins,WR,1.2,2.4,2023,7
Johnny Mundt,TE,1.2,0.0,2023,7
Justyn Ross,WR,1.1,0.0,2023,7
Ko Kieft,TE,1.1,0.0,2023,7
Cody Thompson,WR,1.1,0.0,2023,7
Ty Chandler,RB,0.9,2.2,2023,7
Isaiah McKenzie,WR,0.8,0.7,2023,7
Byron Pringle,WR,0.8,2.6,2023,7
Ross Dwelley,TE,0.8,2.2,2023,7
Eric Gray,RB,0.8,0.0,2023,7
Derius Davis,WR,0.7,3.4,2023,7
Nate Adkins,TE,0.7,1.3,2023,7
Marquise Goodwin,WR,0.6,3.3,2023,7
Will Mallory,TE,0.5,0.0,2023,7
Ben Sims,TE,0.5,1.2,2023,7
Rakim Jarrett,WR,0.5,0.0,2023,7
DeAndre Carter,WR,0.5,0.0,2023,7
Scott Miller,WR,0.5,5.6,2023,7
Greg Dortch,WR,0.5,0.0,2023,7
Tyquan Thornton,WR,0.4,1.2,2023,7
Tim Jones,WR,0.4,3.7,2023,7
Devin Duvernay,WR,0.4,0.0,2023,7
Jamison Crowder,WR,0.4,0.0,2023,7
Mecole Hardman,WR,0.4,1.6,2023,7
Jakob Johnson,RB,0.3,0.0,2023,7
Sterling Shepard,WR,0.3,1.3,2023,7
Payne Durham,TE,0.3,0.0,2023,7
Patrick Ricard,RB,0.2,5.1,2023,7
Antoine Green,WR,0.2,0.0,2023,7
Velus Jones Jr.,WR,0.2,1.0,2023,7
Charlie Woerner,TE,0.2,0.0,2023,7
Austin Trammell,WR,0.1,0.0,2023,7
Trent Taylor,WR,0.1,0.0,2023,7
Aidan O'Connell,QB,0.0,5.0,2023,7
Royce Freeman,RB,0.0,6.6,2023,7
Joshua Dobbs,QB,0.0,16.14,2023,7
Jesper Horsted,TE,0.0,1.4,2023,7
Deshaun Watson,QB,0.0,-1.8,2023,7
Travis Homer,RB,0.0,0.0,2023,7
Lamar Jackson,QB,29.7,11.98,2023,8
Josh Allen,QB,29.0,29.06,2023,8
Patrick Mahomes,QB,26.6,5.6,2023,8
Travis Kelce,TE,26.2,11.8,2023,8
Stefon Diggs,WR,24.4,16.0,2023,8
Jalen Hurts,QB,21.1,27.36,2023,8
Travis Etienne,RB,20.5,25.9,2023,8
Tua Tagovailoa,QB,20.0,21.76,2023,8
Trevor Lawrence,QB,20.0,14.68,2023,8
Austin Ekeler,RB,19.8,23.3,2023,8
Alvin Kamara,RB,19.7,27.0,2023,8
Tyreek Hill,WR,19.5,25.2,2023,8
Justin Herbert,QB,19.5,24.02,2023,8
A.J. Brown,WR,19.0,33.0,2023,8
Ja'Marr Chase,WR,18.9,25.2,2023,8
DJ Moore,WR,18.6,9.5,2023,8
Jared Goff,QB,18.5,12.68,2023,8
C.J. Stroud,QB,18.1,12.9,2023,8
Isiah Pacheco,RB,17.7,6.7,2023,8
Kirk Cousins,QB,17.7,19.86,2023,8
Chris Olave,WR,17.2,9.6,2023,8
James Cook,RB,17.0,8.3,2023,8
Christian McCaffrey,RB,16.8,29.8,2023,8
Joe Burrow,QB,16.6,27.62,2023,8
Adam Thielen,WR,16.6,15.2,2023,8
Derek Carr,QB,16.5,18.3,2023,8
Desmond Ridder,QB,16.4,3.44,2023,8
Russell Wilson,QB,16.2,17.56,2023,8
Breece Hall,RB,15.9,21.3,2023,8
Joe Mixon,RB,15.8,20.0,2023,8
Tyson Bagent,QB,15.5,11.18,2023,8
Mark Andrews,TE,15.5,14.0,2023,8
Amon-Ra St. Brown,WR,15.3,16.8,2023,8
Sam Howell,QB,15.2,30.98,2023,8
Dak Prescott,QB,14.9,28.06,2023,8
Jordan Love,QB,14.9,14.56,2023,8
Marquise Brown,WR,14.8,15.3,2023,8
Tony Pollard,RB,14.6,6.5,2023,8
Davante Adams,WR,14.2,2.1,2023,8
Cooper Kupp,WR,14.2,6.1,2023,8
Jakobi Meyers,WR,14.1,2.9,2023,8
Kenneth Walker III,RB,14.0,8.0,2023,8
Raheem Mostert,RB,14.0,10.6,2023,8
CeeDee Lamb,WR,13.9,41.0,2023,8
Tyrod Taylor,QB,13.8,3.62,2023,8
Brock Purdy,QB,13.8,18.3,2023,8
Keenan Allen,WR,13.7,14.9,2023,8
Christian Kirk,WR,13.6,8.6,2023,8
D'Onta Foreman,RB,13.5,4.6,2023,8
Bijan Robinson,RB,13.5,12.2,2023,8
Jahmyr Gibbs,RB,13.1,29.9,2023,8
Drake London,WR,13.0,10.5,2023,8
Puka Nacua,WR,13.0,7.3,2023,8
T.J. Hockenson,TE,13.0,20.8,2023,8
Bryce Young,QB,12.8,14.5,2023,8
Geno Smith,QB,12.8,13.86,2023,8
Jaylen Waddle,WR,12.8,25.1,2023,8
Gardner Minshew,QB,12.7,14.82,2023,8
Saquon Barkley,RB,12.6,15.8,2023,8
Jordan Addison,WR,12.5,21.4,2023,8
Josh Jacobs,RB,12.4,16.8,2023,8
Mac Jones,QB,12.4,12.24,2023,8
Nico Collins,WR,12.3,7.0,2023,8
Zay Flowers,WR,12.2,6.9,2023,8
Gus Edwards,RB,12.0,29.4,2023,8
Rashid Shaheed,WR,12.0,24.3,2023,8
Dameon Pierce,RB,12.0,4.6,2023,8
Michael Wilson,WR,11.5,9.8,2023,8
Zack Moss,RB,11.5,14.4,2023,8
Miles Sanders,RB,11.5,0.0,2023,8
Derrick Henry,RB,11.5,16.2,2023,8
George Pickens,WR,11.4,9.2,2023,8
Gabe Davis,WR,11.3,23.7,2023,8
Courtland Sutton,WR,11.3,10.9,2023,8
Brian Robinson,RB,11.3,9.9,2023,8
D'Andre Swift,RB,11.2,14.4,2023,8
Terry McLaurin,WR,11.2,17.3,2023,8
Kenny Pickett,QB,11.0,3.92,2023,8
Mike Evans,WR,11.0,12.9,2023,8
Chuba Hubbard,RB,10.8,7.4,2023,8
Matthew Stafford,QB,10.7,11.38,2023,8
Rashee Rice,WR,10.7,9.6,2023,8
Rachaad White,RB,10.5,17.9,2023,8
Brandon Aiyuk,WR,10.3,15.9,2023,8
Garrett Wilson,WR,10.2,17.6,2023,8
DeVonta Smith,WR,10.2,22.9,2023,8
Evan Engram,TE,10.2,16.8,2023,8
Rhamondre Stevenson,RB,10.1,7.0,2023,8
DK Metcalf,WR,10.1,11.7,2023,8
Alexander Mattison,RB,10.0,4.3,2023,8
Baker Mayfield,QB,10.0,21.38,2023,8
Tank Dell,WR,9.8,12.2,2023,8
Dallas Goedert,TE,9.8,7.6,2023,8
Jamaal Williams,RB,9.8,4.8,2023,8
Antonio Gibson,RB,9.5,9.2,2023,8
Michael Pittman,WR,9.5,18.0,2023,8
George Kittle,TE,9.4,23.9,2023,8
Jerry Jeudy,WR,9.4,13.0,2023,8
Joshua Kelley,RB,9.3,2.1,2023,8
Juwan Johnson,TE,9.3,1.5,2023,8
Tyler Boyd,WR,9.3,13.6,2023,8
Calvin Ridley,WR,9.2,14.3,2023,8
Tyler Lockett,WR,9.2,22.1,2023,8
Tee Higgins,WR,9.0,11.9,2023,8
Chris Godwin Jr.,WR,9.0,17.8,2023,8
Christian Watson,WR,8.9,6.3,2023,8
Romeo Doubs,WR,8.8,11.8,2023,8
Aaron Jones,RB,8.7,8.6,2023,8
Zach Wilson,QB,8.7,12.1,2023,8
K.J. Osborn,WR,8.7,17.9,2023,8
DJ Chark,WR,8.7,4.3,2023,8
Kyle Pitts,TE,8.5,6.5,2023,8
Curtis Samuel,WR,8.5,6.2,2023,8
AJ Dillon,RB,8.5,20.4,2023,8
Josh Palmer,WR,8.4,5.4,2023,8
Jonnu Smith,TE,8.4,2.3,2023,8
Sam LaPorta,TE,8.3,19.7,2023,8
Josh Downs,WR,8.3,14.2,2023,8
Latavius Murray,RB,8.3,2.1,2023,8
Darren Waller,TE,8.3,1.4,2023,8
Dalton Kincaid,TE,8.2,17.5,2023,8
Cole Kmet,TE,8.2,17.9,2023,8
Dalton Schultz,TE,8.0,2.5,2023,8
Jonathan Taylor,RB,8.0,10.7,2023,8
Josh Reynolds,WR,7.7,0.3,2023,8
Kendrick Bourne,WR,7.7,12.6,2023,8
Najee Harris,RB,7.5,10.5,2023,8
Jonathan Mingo,WR,7.4,10.2,2023,8
Ezekiel Elliott,RB,7.4,3.6,2023,8
Darnell Mooney,WR,7.4,5.4,2023,8
Nelson Agholor,WR,7.3,0.0,2023,8
Tyjae Spears,RB,7.3,6.6,2023,8
DeAndre Hopkins,WR,7.3,34.8,2023,8
Justice Hill,RB,7.3,9.5,2023,8
Devin Singletary,RB,7.3,6.3,2023,8
Emari Demercado,RB,7.2,8.9,2023,8
Jake Ferguson,TE,7.2,14.7,2023,8
Amari Cooper,WR,7.2,14.9,2023,8
Brandin Cooks,WR,7.2,14.2,2023,8
Javonte Williams,RB,7.1,18.8,2023,8
Logan Thomas,TE,7.1,16.4,2023,8
Jahan Dotson,WR,7.1,24.8,2023,8
Van Jefferson,WR,7.1,5.4,2023,8
Jerick McKinnon,RB,7.1,1.8,2023,8
Jerome Ford,RB,7.0,4.9,2023,8
Rondale Moore,WR,7.0,4.1,2023,8
Jaylen Warren,RB,6.9,7.8,2023,8
Trenton Irwin,WR,6.9,4.4,2023,8
Marquez Valdes-Scantling,WR,6.8,2.7,2023,8
Jaleel McLaughlin,RB,6.8,5.9,2023,8
Jayden Reed,WR,6.8,12.3,2023,8
PJ Walker,QB,6.8,31.86,2023,8
Luke Musgrave,TE,6.7,2.9,2023,8
Odell Beckham Jr.,WR,6.5,0.0,2023,8
Darrell Henderson,RB,6.5,11.5,2023,8
Michael Gallup,WR,6.5,4.0,2023,8
Cam Akers,RB,6.4,9.5,2023,8
Kareem Hunt,RB,6.3,13.7,2023,8
Jaxon Smith-Njigba,WR,6.3,12.6,2023,8
Tutu Atwell,WR,6.2,6.9,2023,8
David Njoku,TE,6.1,17.7,2023,8
Samaje Perine,RB,6.1,4.1,2023,8
Tyler Allgeier,RB,6.0,3.1,2023,8
Allen Lazard,WR,6.0,7.5,2023,8
Roschon Johnson,RB,6.0,6.1,2023,8
Calvin Austin III,WR,6.0,4.9,2023,8
Blake Bell,TE,5.9,0.0,2023,8
Rashod Bateman,WR,5.8,7.2,2023,8
Kendre Miller,RB,5.7,2.9,2023,8
Chase Claypool,WR,5.6,2.5,2023,8
Taysom Hill,TE,5.6,22.46,2023,8
Raheem Blackshear,RB,5.6,5.1,2023,8
Tyler Conklin,TE,5.4,0.0,2023,8
Noah Gray,TE,5.4,4.5,2023,8
Elijah Moore,WR,5.3,5.0,2023,8
Trey McBride,TE,5.2,25.5,2023,8
Darrynton Evans,RB,5.2,13.0,2023,8
Jake Bobo,WR,5.2,10.6,2023,8
Noah Brown,WR,5.0,8.7,2023,8
Cedrick Wilson Jr.,WR,5.0,14.2,2023,8
Skyy Moore,WR,4.9,1.8,2023,8
Hayden Hurst,TE,4.9,0.0,2023,8
Justin Watson,WR,4.9,6.2,2023,8
Michael Mayer,TE,4.8,2.9,2023,8
Diontae Johnson,WR,4.7,16.5,2023,8
Tyler Higbee,TE,4.7,9.5,2023,8
Salvon Ahmed,RB,4.6,5.7,2023,8
Jauan Jennings,WR,4.5,0.0,2023,8
Jamal Agnew,WR,4.5,0.0,2023,8
Treylon Burks,WR,4.4,0.0,2023,8
Zach Charbonnet,RB,4.4,8.4,2023,8
Terrace Marshall Jr.,WR,4.4,1.9,2023,8
Noah Fant,TE,4.4,5.2,2023,8
Allen Robinson,WR,4.4,0.0,2023,8
Durham Smythe,TE,4.3,5.8,2023,8
Olamide Zaccheaus,WR,4.2,1.5,2023,8
Mack Hollins,WR,4.2,4.7,2023,8
Trey Palmer,WR,4.2,5.2,2023,8
Kadarius Toney,WR,4.2,1.1,2023,8
Dalvin Cook,RB,4.2,0.5,2023,8
Wan'Dale Robinson,WR,4.2,1.7,2023,8
Khalil Shakir,WR,4.2,15.2,2023,8
Nick Westbrook-Ikhine,WR,4.1,10.3,2023,8
Cade Otton,TE,4.1,8.7,2023,8
Irv Smith,TE,4.1,4.5,2023,8
Mike Gesicki,TE,4.1,3.1,2023,8
Alec Pierce,WR,4.1,7.1,2023,8
Clyde Edwards-Helaire,RB,4.0,0.4,2023,8
Hunter Henry,TE,4.0,5.8,2023,8
Tyler Scott,WR,4.0,2.1,2023,8
Brandon Powell,WR,3.9,2.2,2023,8
Chig Okonkwo,TE,3.9,6.7,2023,8
Darius Slayton,WR,3.9,0.9,2023,8
Deonte Harty,WR,3.8,0.0,2023,8
JuJu Smith-Schuster,WR,3.8,7.3,2023,8
Keaontay Ingram,RB,3.8,2.6,2023,8
Isaiah Likely,TE,3.8,2.0,2023,8
Kenny Gainwell,RB,3.7,5.6,2023,8
DeVante Parker,WR,3.7,2.4,2023,8
Dontayvion Wicks,WR,3.7,4.8,2023,8
Matt Breida,RB,3.7,2.7,2023,8
Austin Hooper,TE,3.6,3.9,2023,8
Donald Parham,TE,3.5,14.3,2023,8
Jordan Mason,RB,3.5,0.0,2023,8
KhaDarel Hodge,WR,3.5,10.5,2023,8
Donovan Peoples-Jones,WR,3.4,0.0,2023,8
Braxton Berrios,WR,3.4,2.8,2023,8
Craig Reynolds,RB,3.4,7.6,2023,8
MyCole Pruitt,TE,3.2,1.3,2023,8
Hunter Renfrow,WR,3.1,3.9,2023,8
Brock Wright,TE,3.1,1.5,2023,8
Marcedes Lewis,TE,3.0,0.0,2023,8
Elijah Mitchell,RB,3.0,0.2,2023,8
Tank Bigsby,RB,2.9,-1.1,2023,8
Robert Tonyan,TE,2.9,1.8,2023,8
Kalif Raymond,WR,2.8,4.2,2023,8
Trent Sherfield,WR,2.6,0.0,2023,8
Jalen Tolbert,WR,2.6,0.0,2023,8
Pharaoh Brown,TE,2.6,5.3,2023,8
Hunter Luepke,RB,2.6,0.8,2023,8
Marvin Mims Jr.,WR,2.6,1.0,2023,8
Quentin Johnston,WR,2.5,10.0,2023,8
Will Dissly,TE,2.5,0.0,2023,8
Luke Schoonmaker,TE,2.5,2.3,2023,8
Luke Farrell,TE,2.4,1.5,2023,8
DeMario Douglas,WR,2.4,7.9,2023,8
Tucker Kraft,TE,2.3,0.0,2023,8
Dyami Brown,WR,2.3,0.0,2023,8
Andrew Ogletree,TE,2.2,10.3,2023,8
Jeff Wilson,RB,2.2,11.4,2023,8
John Bates,TE,2.2,2.7,2023,8
Ke'Shawn Vaughn,RB,2.2,0.1,2023,8
Tommy Tremble,TE,2.1,8.4,2023,8
Julian Hill,TE,2.1,1.4,2023,8
Ameer Abdullah,RB,2.1,2.9,2023,8
C.J. Uzomah,TE,2.0,2.9,2023,8
Damien Williams,RB,2.0,1.9,2023,8
Rico Dowdle,RB,1.9,4.5,2023,8
Ray-Ray McCloud,WR,1.9,6.3,2023,8
Cordarrelle Patterson,RB,1.9,0.7,2023,8
Pierre Strong,RB,1.8,9.2,2023,8
Royce Freeman,RB,1.7,10.4,2023,8
Trayveon Williams,RB,1.7,0.6,2023,8
Isaiah Spiller,RB,1.6,1.8,2023,8
Mo Alie-Cox,TE,1.6,2.1,2023,8
Jameson Williams,WR,1.6,3.6,2023,8
Zach Pascal,WR,1.6,0.0,2023,8
Deven Thompkins,WR,1.5,0.0,2023,8
Andrei Iosivas,WR,1.5,7.2,2023,8
Jordan Akins,TE,1.4,1.6,2023,8
D'Ernest Johnson,RB,1.4,0.8,2023,8
Parris Campbell,WR,1.3,0.0,2023,8
Daniel Bellinger,TE,1.3,0.0,2023,8
KaVontae Turpin,WR,1.2,4.6,2023,8
Drew Sample,TE,1.2,0.0,2023,8
Byron Pringle,WR,1.2,0.0,2023,8
Mike Boone,RB,1.2,2.6,2023,8
Jeremy Ruckert,TE,1.2,0.0,2023,8
Boston Scott,RB,1.2,1.4,2023,8
DeeJay Dallas,RB,1.1,0.0,2023,8
Ty Chandler,RB,1.1,0.0,2023,8
Chase Edmonds,RB,1.1,4.1,2023,8
Brady Russell,RB,1.0,0.0,2023,8
Harrison Bryant,TE,1.0,0.0,2023,8
Elijah Higgins,TE,1.0,0.0,2023,8
Marquise Goodwin,WR,0.8,-0.5,2023,8
Johnny Mundt,TE,0.8,1.8,2023,8
Derius Davis,WR,0.8,2.4,2023,8
Isaiah McKenzie,WR,0.7,0.0,2023,8
Ko Kieft,TE,0.7,0.0,2023,8
Ben Skowronek,WR,0.7,9.0,2023,8
Julio Jones,WR,0.7,7.8,2023,8
Mecole Hardman,WR,0.7,3.6,2023,8
Xavier Gipson,WR,0.7,0.3,2023,8
Jalen Reagor,WR,0.6,0.0,2023,8
Ty Montgomery,WR,0.6,0.0,2023,8
Velus Jones Jr.,WR,0.6,1.4,2023,8
Scott Miller,WR,0.5,9.4,2023,8
Rakim Jarrett,WR,0.5,1.9,2023,8
Kyle Philips,WR,0.5,5.4,2023,8
Devin Duvernay,WR,0.5,0.0,2023,8
DeAndre Carter,WR,0.5,0.0,2023,8
Jamison Crowder,WR,0.4,22.5,2023,8
Will Mallory,TE,0.4,1.6,2023,8
Miles Boykin,WR,0.3,0.0,2023,8
Payne Durham,TE,0.2,0.0,2023,8
Jakob Johnson,RB,0.2,0.0,2023,8
Charlie Woerner,TE,0.1,0.0,2023,8
Gunner Olszewski,WR,0.1,0.0,2023,8
Austin Trammell,WR,0.1,0.0,2023,8
John FitzPatrick,TE,0.0,0.0,2023,8
Ihmir Smith-Marsette,WR,0.0,0.0,2023,8
Britain Covey,WR,0.0,0.0,2023,8
Jimmy Garoppolo,QB,0.0,4.24,2023,8
Dorian Thompson-Robinson,QB,0.0,0.36,2023,8
Mitchell Trubisky,QB,0.0,7.32,2023,8
Trent Taylor,WR,0.0,-0.2,2023,8
Cooper Rush,QB,0.0,-0.18,2023,8
Sean McKeon,TE,0.0,0.0,2023,8
Godwin Igwebuike,RB,0.0,0.0,2023,8
Simi Fehoko,WR,0.0,7.9,2023,8
Joshua Dobbs,QB,0.0,22.92,2023,8
Kevin Rader,TE,0.0,0.0,2023,8
Lamar Jackson,QB,24.1,11.48,2023,9
Austin Ekeler,RB,21.6,21.0,2023,9
Tua Tagovailoa,QB,21.2,12.42,2023,9
Josh Allen,QB,20.9,24.72,2023,9
Patrick Mahomes,QB,20.6,15.8,2023,9
Jalen Hurts,QB,20.1,25.88,2023,9
A.J. Brown,WR,19.5,19.6,2023,9
Travis Kelce,TE,19.4,4.4,2023,9
Tyreek Hill,WR,19.0,12.5,2023,9
Sam Howell,QB,18.8,17.7,2023,9
Alvin Kamara,RB,18.7,11.0,2023,9
Justin Herbert,QB,18.6,7.14,2023,9
Adam Thielen,WR,18.0,7.9,2023,9
C.J. Stroud,QB,18.0,41.8,2023,9
Dak Prescott,QB,17.9,28.36,2023,9
CeeDee Lamb,WR,17.7,28.1,2023,9
Will Levis,QB,17.5,8.68,2023,9
Derrick Henry,RB,17.0,19.2,2023,9
Gardner Minshew,QB,16.7,9.58,2023,9
Breece Hall,RB,16.6,10.0,2023,9
Ja'Marr Chase,WR,16.5,8.1,2023,9
Stefon Diggs,WR,16.4,22.6,2023,9
Joe Burrow,QB,16.4,22.32,2023,9
Joe Mixon,RB,16.3,17.8,2023,9
Bryce Young,QB,16.1,9.02,2023,9
Cooper Kupp,WR,15.8,6.8,2023,9
Zack Moss,RB,15.7,2.6,2023,9
Marquise Brown,WR,15.3,6.4,2023,9
Derek Carr,QB,15.2,16.74,2023,9
Rachaad White,RB,15.2,27.9,2023,9
DeAndre Hopkins,WR,14.7,10.5,2023,9
Saquon Barkley,RB,14.5,14.3,2023,9
Puka Nacua,WR,14.5,6.2,2023,9
Jaylen Waddle,WR,14.4,8.4,2023,9
Kenny Pickett,QB,14.4,10.3,2023,9
Baker Mayfield,QB,14.2,19.0,2023,9
Jordan Love,QB,14.1,13.82,2023,9
Chris Olave,WR,13.9,16.6,2023,9
Mark Andrews,TE,13.8,17.0,2023,9
Mike Evans,WR,13.5,12.7,2023,9
Raheem Mostert,RB,12.9,14.5,2023,9
Mac Jones,QB,12.9,11.1,2023,9
George Pickens,WR,12.6,1.9,2023,9
Bijan Robinson,RB,12.6,5.9,2023,9
DJ Moore,WR,12.6,5.4,2023,9
Gus Edwards,RB,12.6,17.2,2023,9
Michael Pittman,WR,12.5,14.4,2023,9
Amari Cooper,WR,12.5,24.9,2023,9
Kenneth Walker III,RB,12.4,2.7,2023,9
Garrett Wilson,WR,12.4,13.0,2023,9
Terry McLaurin,WR,12.3,12.3,2023,9
Chris Godwin Jr.,WR,12.2,3.6,2023,9
James Cook,RB,12.1,7.9,2023,9
Geno Smith,QB,12.1,2.68,2023,9
Brian Robinson,RB,12.1,11.7,2023,9
Keenan Allen,WR,12.0,15.7,2023,9
Isiah Pacheco,RB,11.7,6.6,2023,9
D'Andre Swift,RB,11.5,9.4,2023,9
Tony Pollard,RB,11.5,9.3,2023,9
Jonathan Taylor,RB,11.5,17.9,2023,9
Kareem Hunt,RB,11.4,9.8,2023,9
David Njoku,TE,11.3,12.6,2023,9
Josh Jacobs,RB,11.3,21.8,2023,9
Zach Wilson,QB,11.2,7.22,2023,9
DeVonta Smith,WR,11.2,14.1,2023,9
Antonio Gibson,RB,11.0,12.6,2023,9
Diontae Johnson,WR,11.0,22.0,2023,9
Nico Collins,WR,11.0,14.4,2023,9
Chuba Hubbard,RB,10.5,10.7,2023,9
Josh Downs,WR,10.5,2.0,2023,9
Jordan Addison,WR,10.4,10.2,2023,9
Rashid Shaheed,WR,10.1,5.2,2023,9
Jerome Ford,RB,10.1,12.7,2023,9
Logan Thomas,TE,10.1,7.1,2023,9
Jahan Dotson,WR,10.1,16.9,2023,9
T.J. Hockenson,TE,9.9,13.9,2023,9
Zay Flowers,WR,9.9,2.1,2023,9
Tyler Lockett,WR,9.6,6.2,2023,9
Tyson Bagent,QB,9.5,15.8,2023,9
Dallas Goedert,TE,9.4,8.0,2023,9
Najee Harris,RB,9.3,15.6,2023,9
Gabe Davis,WR,9.2,0.0,2023,9
Rashee Rice,WR,9.1,9.7,2023,9
DJ Chark,WR,9.1,8.9,2023,9
Darrell Henderson,RB,9.0,5.5,2023,9
Tyjae Spears,RB,8.9,6.2,2023,9
Davante Adams,WR,8.9,7.4,2023,9
Rhamondre Stevenson,RB,8.8,22.9,2023,9
DK Metcalf,WR,8.8,6.0,2023,9
Jakobi Meyers,WR,8.8,13.5,2023,9
Jonathan Mingo,WR,8.6,1.5,2023,9
Miles Sanders,RB,8.6,9.1,2023,9
D'Onta Foreman,RB,8.6,8.3,2023,9
Romeo Doubs,WR,8.4,6.6,2023,9
Aaron Jones,RB,8.4,17.9,2023,9
Christian Watson,WR,8.4,4.7,2023,9
Brandin Cooks,WR,8.3,1.7,2023,9
AJ Dillon,RB,8.2,10.6,2023,9
Tyler Boyd,WR,8.2,8.6,2023,9
Tank Dell,WR,8.2,59.2,2023,9
Jamaal Williams,RB,8.1,3.2,2023,9
Jaylen Warren,RB,7.9,14.3,2023,9
Devin Singletary,RB,7.9,4.6,2023,9
Elijah Moore,WR,7.8,3.4,2023,9
Trey McBride,TE,7.7,5.2,2023,9
Dalton Kincaid,TE,7.7,16.1,2023,9
Dalton Schultz,TE,7.6,27.0,2023,9
Joshua Kelley,RB,7.6,3.2,2023,9
Tee Higgins,WR,7.4,19.0,2023,9
K.J. Osborn,WR,7.3,3.7,2023,9
Allen Lazard,WR,7.2,3.8,2023,9
Alexander Mattison,RB,7.2,17.3,2023,9
Tutu Atwell,WR,7.2,5.3,2023,9
Jayden Reed,WR,7.2,7.0,2023,9
Jake Ferguson,TE,7.2,22.1,2023,9
Kyle Pitts,TE,7.1,9.6,2023,9
Cole Kmet,TE,7.0,23.5,2023,9
Gerald Everett,TE,6.8,3.8,2023,9
Cade Otton,TE,6.7,25.0,2023,9
Ezekiel Elliott,RB,6.5,6.2,2023,9
Juwan Johnson,TE,6.5,13.9,2023,9
Nick Westbrook-Ikhine,WR,6.5,3.3,2023,9
Jonnu Smith,TE,6.5,21.0,2023,9
Tyler Higbee,TE,6.4,0.0,2023,9
Deon Jackson,RB,6.2,0.2,2023,9
Latavius Murray,RB,6.1,2.0,2023,9
Rondale Moore,WR,6.1,1.8,2023,9
Justice Hill,RB,6.1,4.0,2023,9
Raheem Blackshear,RB,6.1,1.5,2023,9
Van Jefferson,WR,6.0,2.4,2023,9
Jaxon Smith-Njigba,WR,6.0,12.3,2023,9
Foster Moreau,TE,5.9,3.3,2023,9
Chig Okonkwo,TE,5.9,5.8,2023,9
Calvin Austin III,WR,5.9,1.0,2023,9
Michael Gallup,WR,5.9,3.9,2023,9
Noah Brown,WR,5.9,27.3,2023,9
Luke Musgrave,TE,5.8,14.1,2023,9
Alec Pierce,WR,5.8,0.0,2023,9
Marquez Valdes-Scantling,WR,5.6,4.2,2023,9
Darrynton Evans,RB,5.3,4.1,2023,9
Darnell Mooney,WR,5.3,13.2,2023,9
Nelson Agholor,WR,5.2,1.2,2023,9
Chase Claypool,WR,5.2,0.0,2023,9
Treylon Burks,WR,5.2,4.8,2023,9
Tyler Allgeier,RB,5.2,11.0,2023,9
Trey Palmer,WR,5.1,8.1,2023,9
Tyler Conklin,TE,5.1,12.6,2023,9
Jerick McKinnon,RB,5.0,10.4,2023,9
Donald Parham,TE,5.0,0.0,2023,9
Rashod Bateman,WR,5.0,5.8,2023,9
Trenton Irwin,WR,5.0,0.0,2023,9
Odell Beckham Jr.,WR,4.7,29.2,2023,9
Cam Akers,RB,4.7,6.8,2023,9
Royce Freeman,RB,4.6,3.2,2023,9
Justin Watson,WR,4.5,3.5,2023,9
Kylen Granson,TE,4.5,0.0,2023,9
Taysom Hill,TE,4.5,20.62,2023,9
Khalil Shakir,WR,4.4,9.7,2023,9
Noah Gray,TE,4.4,6.4,2023,9
Wan'Dale Robinson,WR,4.4,13.5,2023,9
Allen Robinson,WR,4.4,2.0,2023,9
Hayden Hurst,TE,4.3,7.4,2023,9
Zach Charbonnet,RB,4.2,2.3,2023,9
Irv Smith,TE,4.2,11.6,2023,9
Noah Fant,TE,4.2,0.0,2023,9
Tony Jones,RB,4.1,2.7,2023,9
Durham Smythe,TE,4.1,4.7,2023,9
Kendre Miller,RB,4.1,4.1,2023,9
Salvon Ahmed,RB,4.1,3.2,2023,9
Pierre Strong,RB,4.1,1.2,2023,9
Dare Ogunbowale,RB,4.1,0.0,2023,9
JuJu Smith-Schuster,WR,4.0,11.1,2023,9
Olamide Zaccheaus,WR,4.0,1.8,2023,9
Chris Moore,WR,4.0,3.9,2023,9
Jalin Hyatt,WR,4.0,3.9,2023,9
Isaiah Hodgins,WR,3.9,0.0,2023,9
Hunter Henry,TE,3.9,13.9,2023,9
Braxton Berrios,WR,3.9,0.0,2023,9
Darius Slayton,WR,3.8,9.9,2023,9
Skyy Moore,WR,3.8,5.3,2023,9
Mike Gesicki,TE,3.8,0.0,2023,9
Colby Parkinson,TE,3.7,1.6,2023,9
Matt Breida,RB,3.7,2.1,2023,9
Kenny Gainwell,RB,3.7,9.3,2023,9
Andrew Ogletree,TE,3.7,2.9,2023,9
Roschon Johnson,RB,3.7,2.5,2023,9
Mack Hollins,WR,3.6,6.6,2023,9
Tommy Tremble,TE,3.6,3.2,2023,9
Terrace Marshall Jr.,WR,3.6,0.0,2023,9
Jeff Wilson,RB,3.4,13.6,2023,9
Dontayvion Wicks,WR,3.3,6.9,2023,9
Quentin Johnston,WR,3.3,3.6,2023,9
Jamison Crowder,WR,3.2,6.3,2023,9
Michael Mayer,TE,3.2,3.1,2023,9
Chris Evans,RB,3.2,0.0,2023,9
KhaDarel Hodge,WR,3.2,9.0,2023,9
Kadarius Toney,WR,3.2,2.8,2023,9
Cedrick Wilson Jr.,WR,3.1,20.2,2023,9
Darnell Washington,TE,3.1,1.7,2023,9
DeMario Douglas,WR,3.1,10.5,2023,9
Tanner Hudson,TE,2.9,8.5,2023,9
Tyler Scott,WR,2.9,-0.5,2023,9
John Bates,TE,2.8,0.5,2023,9
Dalvin Cook,RB,2.8,1.8,2023,9
Keaontay Ingram,RB,2.7,0.8,2023,9
Pharaoh Brown,TE,2.7,0.0,2023,9
Brandon Powell,WR,2.6,9.5,2023,9
Chase Edmonds,RB,2.6,0.4,2023,9
Isaiah Likely,TE,2.5,8.2,2023,9
C.J. Uzomah,TE,2.5,3.1,2023,9
Josiah Deguara,TE,2.5,1.7,2023,9
Charlie Kolar,TE,2.5,0.0,2023,9
Hunter Renfrow,WR,2.4,5.2,2023,9
Deonte Harty,WR,2.3,0.0,2023,9
Josh Whyle,TE,2.3,0.0,2023,9
Austin Hooper,TE,2.3,2.0,2023,9
Cedric Tillman,WR,2.3,1.3,2023,9
Tre Tucker,WR,2.3,7.6,2023,9
Josh Oliver,TE,2.2,2.1,2023,9
Cordarrelle Patterson,RB,2.2,1.3,2023,9
Dyami Brown,WR,2.2,5.3,2023,9
Chris Rodriguez Jr.,RB,2.1,0.0,2023,9
Mo Alie-Cox,TE,2.1,0.0,2023,9
Will Dissly,TE,2.1,0.0,2023,9
Jalen Tolbert,WR,2.0,13.9,2023,9
Luke Schoonmaker,TE,2.0,1.0,2023,9
Emanuel Wilson,RB,2.0,4.3,2023,9
Rico Dowdle,RB,1.9,0.8,2023,9
Ben Skowronek,WR,1.9,-0.2,2023,9
Jordan Akins,TE,1.9,2.1,2023,9
Rashaad Penny,RB,1.9,0.8,2023,9
Lawrence Cager,TE,1.9,0.0,2023,9
Ke'Shawn Vaughn,RB,1.8,1.8,2023,9
Robert Tonyan,TE,1.8,2.1,2023,9
Mike Boone,RB,1.7,0.3,2023,9
Stone Smartt,TE,1.7,0.0,2023,9
Ameer Abdullah,RB,1.7,4.5,2023,9
Tucker Kraft,TE,1.7,0.0,2023,9
Deven Thompkins,WR,1.6,0.0,2023,9
Andrei Iosivas,WR,1.6,1.9,2023,9
Alex Armah,RB,1.6,0.0,2023,9
Hunter Luepke,RB,1.6,0.0,2023,9
John Metchie III,WR,1.5,4.8,2023,9
Kyle Philips,WR,1.5,10.8,2023,9
Zamir White,RB,1.5,-0.2,2023,9
Trayveon Williams,RB,1.5,1.3,2023,9
KaVontae Turpin,WR,1.5,15.0,2023,9
Harrison Bryant,TE,1.5,0.0,2023,9
Trent Sherfield,WR,1.4,1.9,2023,9
Daniel Bellinger,TE,1.3,7.3,2023,9
Zach Pascal,WR,1.3,0.0,2023,9
Trevon Wesco,TE,1.2,0.0,2023,9
Marquise Goodwin,WR,1.2,0.0,2023,9
Jeremy Ruckert,TE,1.2,1.7,2023,9
Parris Campbell,WR,1.1,3.5,2023,9
Mecole Hardman,WR,1.0,4.0,2023,9
Byron Pringle,WR,1.0,8.5,2023,9
Derius Davis,WR,0.9,7.0,2023,9
DeeJay Dallas,RB,0.9,0.0,2023,9
Drew Sample,TE,0.9,12.0,2023,9
Xavier Gipson,WR,0.9,5.2,2023,9
Dee Eskridge,WR,0.9,0.0,2023,9
Rakim Jarrett,WR,0.8,0.0,2023,9
Elijah Higgins,TE,0.8,0.0,2023,9
Nick Bawden,RB,0.7,1.7,2023,9
Keaton Mitchell,RB,0.6,20.4,2023,9
Isaiah McKenzie,WR,0.6,3.2,2023,9
Velus Jones Jr.,WR,0.6,0.0,2023,9
Johnny Mundt,TE,0.6,2.8,2023,9
Trishton Jackson,WR,0.5,3.2,2023,9
Ty Montgomery,WR,0.5,0.0,2023,9
Stephen Sullivan,TE,0.5,6.8,2023,9
Tyquan Thornton,WR,0.4,1.7,2023,9
Jalen Reagor,WR,0.4,2.1,2023,9
DeAndre Carter,WR,0.3,2.5,2023,9
Miles Boykin,WR,0.3,1.6,2023,9
Greg Dortch,WR,0.3,1.2,2023,9
Jesper Horsted,TE,0.3,0.0,2023,9
Xavier Hutchinson,WR,0.2,1.2,2023,9
Devin Duvernay,WR,0.2,3.0,2023,9
Gunner Olszewski,WR,0.1,0.0,2023,9
Austin Trammell,WR,0.1,1.6,2023,9
Ty Johnson,RB,0.1,0.0,2023,9
Britain Covey,WR,0.0,0.0,2023,9
Ihmir Smith-Marsette,WR,0.0,0.0,2023,9
Godwin Igwebuike,RB,0.0,0.0,2023,9
Kevin Rader,TE,0.0,0.0,2023,9
Jaren Hall,QB,0.0,4.22,2023,9
Joshua Dobbs,QB,0.0,24.92,2023,9
Sean McKeon,TE,0.0,0.0,2023,9
Trent Taylor,WR,0.0,0.0,2023,9
Malik Heath,WR,0.0,0.0,2023,9
Tyler Huntley,QB,0.0,6.32,2023,9
Aidan O'Connell,QB,0.0,8.36,2023,9
Clayton Tune,QB,0.0,-0.88,2023,9
Deshaun Watson,QB,0.0,18.96,2023,9
Daniel Jones,QB,0.0,1.9,2023,9
Josh Allen,QB,28.2,14.38,2023,10
Joe Mixon,RB,23.6,12.5,2023,10
Stefon Diggs,WR,21.2,6.4,2023,10
Joe Burrow,QB,20.7,19.88,2023,10
Travis Etienne,RB,20.4,6.4,2023,10
Breece Hall,RB,19.1,10.5,2023,10
Sam Howell,QB,19.1,24.18,2023,10
Christian McCaffrey,RB,18.7,20.2,2023,10
Trevor Lawrence,QB,18.6,2.1,2023,10
Baker Mayfield,QB,18.1,18.32,2023,10
CeeDee Lamb,WR,17.7,39.5,2023,10
Dak Prescott,QB,17.6,37.86,2023,10
Taylor Heinicke,QB,17.4,9.6,2023,10
James Cook,RB,17.3,12.0,2023,10
Will Levis,QB,17.3,5.96,2023,10
Derrick Henry,RB,17.1,3.0,2023,10
DeAndre Hopkins,WR,16.8,5.7,2023,10
Brock Purdy,QB,16.8,23.84,2023,10
Ja'Marr Chase,WR,16.7,23.4,2023,10
Austin Ekeler,RB,16.5,21.5,2023,10
Rachaad White,RB,16.3,17.8,2023,10
Justin Herbert,QB,16.2,28.42,2023,10
Mike Evans,WR,16.1,26.3,2023,10
Gardner Minshew,QB,16.1,5.66,2023,10
Jared Goff,QB,16.1,21.12,2023,10
Lamar Jackson,QB,16.0,13.02,2023,10
Alvin Kamara,RB,15.9,18.5,2023,10
C.J. Stroud,QB,15.9,19.04,2023,10
Derek Carr,QB,15.8,5.4,2023,10
Josh Jacobs,RB,15.8,12.7,2023,10
Chris Olave,WR,15.7,21.4,2023,10
David Montgomery,RB,15.4,17.6,2023,10
Mac Jones,QB,14.9,7.3,2023,10
Rhamondre Stevenson,RB,14.9,13.2,2023,10
Brian Robinson,RB,14.4,27.7,2023,10
Russell Wilson,QB,14.4,18.72,2023,10
Jonathan Taylor,RB,14.4,14.5,2023,10
Bijan Robinson,RB,14.3,17.6,2023,10
Geno Smith,QB,14.2,24.06,2023,10
DJ Moore,WR,14.1,10.9,2023,10
Jordan Love,QB,14.0,16.66,2023,10
Christian Kirk,WR,13.9,14.4,2023,10
Tyson Bagent,QB,13.8,7.68,2023,10
Jahmyr Gibbs,RB,13.6,26.2,2023,10
Amon-Ra St. Brown,WR,13.5,30.5,2023,10
Adam Thielen,WR,13.3,10.2,2023,10
Garrett Wilson,WR,13.3,18.3,2023,10
Chris Godwin Jr.,WR,13.1,9.4,2023,10
Tony Pollard,RB,13.0,5.5,2023,10
Michael Pittman,WR,13.0,16.4,2023,10
Zack Moss,RB,12.8,0.2,2023,10
Dalton Kincaid,TE,12.4,16.1,2023,10
Amari Cooper,WR,12.4,15.8,2023,10
Brandon Aiyuk,WR,12.2,14.5,2023,10
Antonio Gibson,RB,12.2,16.5,2023,10
Jordan Addison,WR,12.0,10.9,2023,10
Diontae Johnson,WR,11.9,2.7,2023,10
D'Onta Foreman,RB,11.9,17.2,2023,10
Kenny Pickett,QB,11.8,6.64,2023,10
Davante Adams,WR,11.8,14.6,2023,10
Drake London,WR,11.7,6.6,2023,10
Bryce Young,QB,11.7,9.2,2023,10
Terry McLaurin,WR,11.7,7.3,2023,10
Zach Wilson,QB,11.6,13.92,2023,10
Kenneth Walker III,RB,11.5,19.7,2023,10
T.J. Hockenson,TE,11.5,30.4,2023,10
Jakobi Meyers,WR,11.4,4.1,2023,10
Tyler Lockett,WR,11.3,23.2,2023,10
Najee Harris,RB,11.3,18.6,2023,10
Keenan Allen,WR,11.2,40.5,2023,10
Saquon Barkley,RB,11.2,7.1,2023,10
George Kittle,TE,11.1,20.6,2023,10
Josh Downs,WR,11.0,6.0,2023,10
Calvin Ridley,WR,10.5,4.0,2023,10
DK Metcalf,WR,10.5,16.8,2023,10
Evan Engram,TE,10.4,5.2,2023,10
Courtland Sutton,WR,10.3,17.3,2023,10
Jahan Dotson,WR,10.3,0.0,2023,10
Cole Kmet,TE,10.3,9.6,2023,10
Rashid Shaheed,WR,10.2,7.4,2023,10
Gabe Davis,WR,10.2,9.6,2023,10
Jonnu Smith,TE,10.1,1.1,2023,10
Gus Edwards,RB,9.7,9.8,2023,10
Aaron Jones,RB,9.6,9.4,2023,10
George Pickens,WR,9.6,7.5,2023,10
Deebo Samuel Sr.,WR,9.4,15.9,2023,10
Cade Otton,TE,9.4,3.0,2023,10
Jaylen Warren,RB,9.3,19.0,2023,10
Clayton Tune,QB,9.1,6.1,2023,10
Jerry Jeudy,WR,9.1,6.5,2023,10
Juwan Johnson,TE,8.9,1.2,2023,10
Sam LaPorta,TE,8.9,8.0,2023,10
Logan Thomas,TE,8.9,9.0,2023,10
Mark Andrews,TE,8.9,6.4,2023,10
Tyler Boyd,WR,8.9,19.7,2023,10
Jake Ferguson,TE,8.9,12.6,2023,10
Ezekiel Elliott,RB,8.9,10.8,2023,10
Kyle Pitts,TE,8.9,6.0,2023,10
James Conner,RB,8.8,7.3,2023,10
David Njoku,TE,8.7,11.8,2023,10
Tyjae Spears,RB,8.6,10.0,2023,10
Latavius Murray,RB,8.6,14.9,2023,10
Chuba Hubbard,RB,8.5,5.9,2023,10
Romeo Doubs,WR,8.4,12.1,2023,10
Jaxon Smith-Njigba,WR,8.2,9.3,2023,10
Christian Watson,WR,8.2,4.3,2023,10
Dalton Schultz,TE,8.1,11.1,2023,10
Tyler Allgeier,RB,8.0,4.8,2023,10
Alexander Mattison,RB,8.0,4.3,2023,10
Javonte Williams,RB,8.0,21.0,2023,10
Curtis Samuel,WR,7.6,2.6,2023,10
Darnell Mooney,WR,7.6,3.4,2023,10
Tank Dell,WR,7.4,37.8,2023,10
Irv Smith,TE,7.1,1.6,2023,10
AJ Dillon,RB,7.0,18.2,2023,10
Marquise Brown,WR,7.0,3.8,2023,10
Allen Lazard,WR,7.0,2.7,2023,10
Nick Westbrook-Ikhine,WR,6.9,1.9,2023,10
Trey Palmer,WR,6.6,4.1,2023,10
Devin Singletary,RB,6.6,23.1,2023,10
Chig Okonkwo,TE,6.5,5.7,2023,10
Noah Brown,WR,6.5,24.2,2023,10
Wan'Dale Robinson,WR,6.5,2.6,2023,10
Zay Flowers,WR,6.4,12.3,2023,10
Elijah Moore,WR,6.4,15.4,2023,10
Brandin Cooks,WR,6.4,32.3,2023,10
Jayden Reed,WR,6.4,19.4,2023,10
Miles Sanders,RB,6.3,3.0,2023,10
Luke Musgrave,TE,6.3,8.4,2023,10
Jerome Ford,RB,6.3,11.9,2023,10
Kareem Hunt,RB,6.2,9.2,2023,10
Josh Reynolds,WR,6.2,3.5,2023,10
Khalil Shakir,WR,6.2,3.4,2023,10
Hunter Henry,TE,6.0,5.1,2023,10
Tyler Conklin,TE,6.0,14.0,2023,10
Van Jefferson,WR,5.8,0.0,2023,10
Jamaal Williams,RB,5.8,2.0,2023,10
Foster Moreau,TE,5.7,0.0,2023,10
Jonathan Mingo,WR,5.7,5.0,2023,10
Darius Slayton,WR,5.6,5.1,2023,10
Taysom Hill,TE,5.6,4.3,2023,10
Michael Wilson,WR,5.5,6.4,2023,10
Jaleel McLaughlin,RB,5.4,3.2,2023,10
Michael Mayer,TE,5.3,10.9,2023,10
Joshua Kelley,RB,5.2,1.6,2023,10
Jake Bobo,WR,5.2,3.3,2023,10
Tanner Hudson,TE,5.2,9.3,2023,10
Michael Gallup,WR,5.0,15.0,2023,10
Alec Pierce,WR,5.0,3.1,2023,10
Gerald Everett,TE,4.9,0.0,2023,10
Jalin Hyatt,WR,4.9,0.0,2023,10
Robert Woods,WR,4.8,2.5,2023,10
Samaje Perine,RB,4.8,7.3,2023,10
Odell Beckham Jr.,WR,4.7,22.0,2023,10
Chris Moore,WR,4.7,4.1,2023,10
Kayshon Boutte,WR,4.7,2.1,2023,10
Trey McBride,TE,4.7,21.1,2023,10
Trenton Irwin,WR,4.6,13.4,2023,10
Mike Gesicki,TE,4.6,4.2,2023,10
Jauan Jennings,WR,4.6,1.8,2023,10
DeMario Douglas,WR,4.5,14.4,2023,10
Justice Hill,RB,4.4,0.7,2023,10
Noah Fant,TE,4.3,2.6,2023,10
Rashod Bateman,WR,4.3,4.5,2023,10
Roschon Johnson,RB,4.3,7.2,2023,10
Isaiah Hodgins,WR,4.3,0.0,2023,10
Zach Charbonnet,RB,4.2,10.2,2023,10
Kylen Granson,TE,4.2,1.5,2023,10
Keaton Mitchell,RB,4.0,13.6,2023,10
Tre Tucker,WR,4.0,0.9,2023,10
Calvin Austin III,WR,4.0,1.9,2023,10
Brandon Powell,WR,3.9,7.5,2023,10
Hayden Hurst,TE,3.8,3.4,2023,10
Raheem Blackshear,RB,3.8,2.3,2023,10
Nelson Agholor,WR,3.7,0.0,2023,10
Hunter Renfrow,WR,3.6,1.5,2023,10
JuJu Smith-Schuster,WR,3.6,1.9,2023,10
Donald Parham,TE,3.6,3.8,2023,10
Austin Hooper,TE,3.6,1.7,2023,10
Jamison Crowder,WR,3.5,0.0,2023,10
Kyle Philips,WR,3.5,9.1,2023,10
Chris Evans,RB,3.5,0.0,2023,10
MyCole Pruitt,TE,3.5,0.0,2023,10
Drew Sample,TE,3.4,3.2,2023,10
Ameer Abdullah,RB,3.3,1.4,2023,10
Cedric Tillman,WR,3.3,0.0,2023,10
Adam Trautman,TE,3.2,3.5,2023,10
Tyler Scott,WR,3.2,4.1,2023,10
Jalen Tolbert,WR,3.1,2.2,2023,10
Colby Parkinson,TE,3.1,1.3,2023,10
Quentin Johnston,WR,3.0,13.4,2023,10
Pharaoh Brown,TE,3.0,0.0,2023,10
Dontayvion Wicks,WR,3.0,8.1,2023,10
Tommy Tremble,TE,2.9,4.6,2023,10
Elijah Mitchell,RB,2.9,2.3,2023,10
Matt Breida,RB,2.9,0.3,2023,10
Ray-Ray McCloud,WR,2.8,0.0,2023,10
Rondale Moore,WR,2.8,9.3,2023,10
Jordan Mason,RB,2.8,0.0,2023,10
Darnell Washington,TE,2.7,1.6,2023,10
Brenton Strange,TE,2.7,0.0,2023,10
C.J. Uzomah,TE,2.7,1.6,2023,10
Tony Jones,RB,2.6,1.3,2023,10
Cordarrelle Patterson,RB,2.6,4.0,2023,10
Deuce Vaughn,RB,2.6,1.9,2023,10
Brock Wright,TE,2.6,10.3,2023,10
Kalif Raymond,WR,2.6,6.6,2023,10
Deonte Harty,WR,2.5,0.0,2023,10
Equanimeous St. Brown,WR,2.5,1.4,2023,10
Daniel Bellinger,TE,2.4,5.4,2023,10
Dyami Brown,WR,2.4,12.1,2023,10
Marvin Mims Jr.,WR,2.3,-0.3,2023,10
Jamal Agnew,WR,2.3,0.0,2023,10
John Bates,TE,2.3,5.1,2023,10
Lil'Jordan Humphrey,WR,2.3,2.4,2023,10
Tank Bigsby,RB,2.2,0.5,2023,10
Mo Alie-Cox,TE,2.2,0.0,2023,10
Scott Miller,WR,2.2,7.2,2023,10
Terrace Marshall Jr.,WR,2.2,2.1,2023,10
Josiah Deguara,TE,2.2,0.0,2023,10
Isaiah Likely,TE,2.1,1.5,2023,10
Pierre Strong,RB,2.1,0.0,2023,10
Josh Whyle,TE,2.0,3.6,2023,10
Chase Edmonds,RB,2.0,1.7,2023,10
Trayveon Williams,RB,2.0,1.2,2023,10
Rico Dowdle,RB,1.9,13.9,2023,10
Xavier Gipson,WR,1.9,3.4,2023,10
Byron Pringle,WR,1.9,1.7,2023,10
Jordan Akins,TE,1.9,1.8,2023,10
Will Dissly,TE,1.8,4.2,2023,10
Luke Schoonmaker,TE,1.8,0.0,2023,10
Alex Armah,RB,1.8,1.3,2023,10
Lawrence Cager,TE,1.8,8.0,2023,10
Lynn Bowden,WR,1.8,2.2,2023,10
Dalvin Cook,RB,1.8,2.6,2023,10
Andrei Iosivas,WR,1.7,0.0,2023,10
Zamir White,RB,1.7,0.5,2023,10
Deven Thompkins,WR,1.6,2.1,2023,10
Tim Jones,WR,1.6,3.7,2023,10
Jameson Williams,WR,1.6,3.8,2023,10
Anthony McFarland,RB,1.5,0.0,2023,10
Dare Ogunbowale,RB,1.5,0.0,2023,10
Tucker Kraft,TE,1.4,1.6,2023,10
Mike Boone,RB,1.4,2.6,2023,10
Parris Campbell,WR,1.4,1.6,2023,10
Harrison Bryant,TE,1.2,1.5,2023,10
Ronnie Bell,WR,1.2,3.0,2023,10
Geoff Swaim,TE,1.1,3.3,2023,10
Stone Smartt,TE,1.1,0.0,2023,10
D'Ernest Johnson,RB,1.0,6.0,2023,10
Johnny Mundt,TE,1.0,2.8,2023,10
Ko Kieft,TE,0.9,0.0,2023,10
John Metchie III,WR,0.9,9.0,2023,10
Chris Manhertz,TE,0.9,1.6,2023,10
Sterling Shepard,WR,0.8,7.2,2023,10
DeeJay Dallas,RB,0.8,0.0,2023,10
Ty Chandler,RB,0.8,10.5,2023,10
Zach Pascal,WR,0.7,0.0,2023,10
Elijah Higgins,TE,0.7,0.0,2023,10
Will Mallory,TE,0.7,1.7,2023,10
Derius Davis,WR,0.7,2.7,2023,10
Isaiah McKenzie,WR,0.7,7.1,2023,10
Malik Taylor,WR,0.7,1.6,2023,10
DeAndre Carter,WR,0.7,1.5,2023,10
Mitchell Wilcox,TE,0.6,0.0,2023,10
Patrick Ricard,RB,0.5,0.0,2023,10
Miles Boykin,WR,0.5,0.0,2023,10
Ty Montgomery,WR,0.5,0.0,2023,10
Brady Russell,RB,0.5,0.0,2023,10
Jalen Guyton,WR,0.4,14.1,2023,10
Devin Duvernay,WR,0.4,0.0,2023,10
Greg Dortch,WR,0.3,0.0,2023,10
Ty Johnson,RB,0.1,0.2,2023,10
Xavier Hutchinson,WR,0.1,1.7,2023,10
Gunner Olszewski,WR,0.1,0.0,2023,10
James Proche,WR,0.1,0.0,2023,10
Ihmir Smith-Marsette,WR,0.0,6.0,2023,10
Desmond Ridder,QB,0.0,8.66,2023,10
PJ Walker,QB,0.0,0.0,2023,10
Kene Nwangwu,RB,0.0,0.9,2023,10
Jashaun Corbin,RB,0.0,4.3,2023,10
Dwayne Washington,RB,0.0,0.0,2023,10
Jalen Nailor,WR,0.0,2.6,2023,10
C.J. Beathard,QB,0.0,0.2,2023,10
Cooper Rush,QB,0.0,1.22,2023,10
Aidan O'Connell,QB,0.0,8.42,2023,10
Deshaun Watson,QB,0.0,16.22,2023,10
Rod Williams,TE,0.0,0.0,2023,10
Sean McKeon,TE,0.0,0.0,2023,10
Trent Taylor,WR,0.0,0.0,2023,10
Sam Darnold,QB,0.0,-0.06,2023,10
Jameis Winston,QB,0.0,8.88,2023,10
Joshua Dobbs,QB,0.0,25.12,2023,10
Jalen Hurts,QB,26.9,18.9,2023,11
Austin Ekeler,RB,25.8,7.0,2023,11
C.J. Stroud,QB,25.5,15.34,2023,11
Josh Allen,QB,21.9,22.5,2023,11
A.J. Brown,WR,21.8,1.8,2023,11
Patrick Mahomes,QB,21.2,16.88,2023,11
Christian McCaffrey,RB,20.9,21.3,2023,11
Dak Prescott,QB,20.7,16.16,2023,11
CeeDee Lamb,WR,20.7,16.5,2023,11
Tyreek Hill,WR,20.6,30.6,2023,11
Tua Tagovailoa,QB,19.7,17.6,2023,11
Justin Herbert,QB,19.6,25.7,2023,11
Joshua Dobbs,QB,19.3,16.94,2023,11
Travis Etienne,RB,18.6,8.9,2023,11
Jared Goff,QB,18.5,13.74,2023,11
Trevor Lawrence,QB,18.1,32.18,2023,11
Russell Wilson,QB,18.0,14.46,2023,11
Lamar Jackson,QB,17.8,23.96,2023,11
De'Von Achane,RB,17.4,3.0,2023,11
Travis Kelce,TE,16.9,15.4,2023,11
David Montgomery,RB,16.4,17.8,2023,11
Sam Howell,QB,16.1,17.74,2023,11
Breece Hall,RB,16.0,18.3,2023,11
Jahmyr Gibbs,RB,16.0,21.5,2023,11
Devin Singletary,RB,15.7,19.8,2023,11
Joe Burrow,QB,15.5,8.74,2023,11
Keenan Allen,WR,15.5,27.6,2023,11
Mike Evans,WR,15.4,15.3,2023,11
Amon-Ra St. Brown,WR,15.4,21.7,2023,11
Raheem Mostert,RB,15.1,10.3,2023,11
Geno Smith,QB,15.1,13.22,2023,11
Baker Mayfield,QB,14.5,10.34,2023,11
Joe Mixon,RB,14.5,21.0,2023,11
T.J. Hockenson,TE,14.5,9.5,2023,11
Brandon Aiyuk,WR,14.4,26.6,2023,11
Kenneth Walker III,RB,14.3,2.6,2023,11
Christian Kirk,WR,14.2,7.8,2023,11
George Kittle,TE,14.1,22.9,2023,11
Tony Pollard,RB,14.0,18.0,2023,11
Stefon Diggs,WR,13.8,6.7,2023,11
Jaylen Waddle,WR,13.8,9.5,2023,11
Rachaad White,RB,13.7,17.8,2023,11
Jordan Love,QB,13.4,20.88,2023,11
Amari Cooper,WR,13.3,7.4,2023,11
James Conner,RB,13.2,8.3,2023,11
Courtland Sutton,WR,13.2,16.6,2023,11
Brian Robinson,RB,13.2,20.2,2023,11
D'Andre Swift,RB,13.1,19.7,2023,11
Ja'Marr Chase,WR,13.0,9.2,2023,11
James Cook,RB,13.0,19.2,2023,11
DeVonta Smith,WR,13.0,15.9,2023,11
Cooper Kupp,WR,12.9,2.1,2023,11
Tyler Lockett,WR,12.8,10.1,2023,11
DJ Moore,WR,12.7,22.6,2023,11
Garrett Wilson,WR,12.3,0.9,2023,11
Derrick Henry,RB,12.2,5.4,2023,11
Josh Jacobs,RB,12.2,6.1,2023,11
Tank Dell,WR,12.1,57.8,2023,11
Will Levis,QB,11.9,12.52,2023,11
Isiah Pacheco,RB,11.8,10.1,2023,11
Marquise Brown,WR,11.8,3.2,2023,11
DK Metcalf,WR,11.5,20.4,2023,11
Trey McBride,TE,11.5,9.3,2023,11
Dalton Schultz,TE,11.4,11.2,2023,11
Javonte Williams,RB,11.4,7.3,2023,11
DeAndre Hopkins,WR,11.3,15.9,2023,11
Tommy DeVito,QB,11.3,22.54,2023,11
Puka Nacua,WR,11.3,18.7,2023,11
Mark Andrews,TE,11.0,4.3,2023,11
Nico Collins,WR,10.9,13.5,2023,11
Chris Godwin Jr.,WR,10.7,9.9,2023,11
Evan Engram,TE,10.6,6.9,2023,11
Rashee Rice,WR,10.5,8.2,2023,11
Jordan Addison,WR,10.4,7.4,2023,11
D'Onta Foreman,RB,10.2,7.4,2023,11
Cole Kmet,TE,10.1,5.0,2023,11
Deebo Samuel Sr.,WR,10.0,9.2,2023,11
Jerry Jeudy,WR,10.0,10.8,2023,11
Zach Wilson,QB,10.0,6.74,2023,11
Alexander Mattison,RB,10.0,7.0,2023,11
Gus Edwards,RB,9.8,21.0,2023,11
Aidan O'Connell,QB,9.8,9.14,2023,11
Adam Thielen,WR,9.8,15.4,2023,11
Dalton Kincaid,TE,9.8,10.6,2023,11
Calvin Ridley,WR,9.8,31.1,2023,11
Terry McLaurin,WR,9.7,9.3,2023,11
Aaron Jones,RB,9.4,2.7,2023,11
Davante Adams,WR,9.3,21.2,2023,11
Zay Jones,WR,9.3,6.0,2023,11
Jerome Ford,RB,9.2,11.9,2023,11
Saquon Barkley,RB,9.2,30.0,2023,11
Sam LaPorta,TE,9.1,6.8,2023,11
David Njoku,TE,9.0,12.6,2023,11
Bryce Young,QB,9.0,5.22,2023,11
Jake Ferguson,TE,9.0,6.2,2023,11
Kareem Hunt,RB,8.8,6.7,2023,11
Darrell Henderson,RB,8.6,12.9,2023,11
Khalil Herbert,RB,8.5,6.1,2023,11
Jaxon Smith-Njigba,WR,8.3,7.0,2023,11
K.J. Osborn,WR,8.2,1.7,2023,11
Tyjae Spears,RB,8.2,4.6,2023,11
Zay Flowers,WR,8.1,8.0,2023,11
Romeo Doubs,WR,8.0,16.3,2023,11
Najee Harris,RB,8.0,4.6,2023,11
Tyler Boyd,WR,8.0,5.2,2023,11
Latavius Murray,RB,7.8,3.5,2023,11
Jakobi Meyers,WR,7.8,8.9,2023,11
Jayden Reed,WR,7.5,19.2,2023,11
Jahan Dotson,WR,7.3,11.3,2023,11
Elijah Moore,WR,7.3,12.0,2023,11
Christian Watson,WR,7.2,10.2,2023,11
Brandin Cooks,WR,7.2,7.2,2023,11
Kenny Pickett,QB,7.1,5.14,2023,11
Jaylen Warren,RB,7.0,23.5,2023,11
AJ Dillon,RB,6.9,20.2,2023,11
Diontae Johnson,WR,6.7,3.6,2023,11
Darnell Mooney,WR,6.5,3.4,2023,11
Chuba Hubbard,RB,6.5,8.5,2023,11
Logan Thomas,TE,6.5,8.8,2023,11
Michael Gallup,WR,6.4,6.1,2023,11
George Pickens,WR,6.3,7.7,2023,11
Joshua Kelley,RB,6.3,1.3,2023,11
Tutu Atwell,WR,6.3,2.7,2023,11
Zach Charbonnet,RB,6.3,12.9,2023,11
Rondale Moore,WR,6.2,12.4,2023,11
Tyler Conklin,TE,6.1,3.8,2023,11
Jerick McKinnon,RB,6.1,3.5,2023,11
Josh Reynolds,WR,6.0,2.1,2023,11
Tyler Higbee,TE,6.0,2.7,2023,11
Marquez Valdes-Scantling,WR,6.0,0.0,2023,11
Luke Musgrave,TE,5.9,6.8,2023,11
Cade Otton,TE,5.8,8.9,2023,11
Trey Palmer,WR,5.7,6.8,2023,11
Robert Woods,WR,5.6,9.4,2023,11
Jauan Jennings,WR,5.6,0.0,2023,11
Curtis Samuel,WR,5.6,1.5,2023,11
Samaje Perine,RB,5.5,13.7,2023,11
Cedrick Wilson Jr.,WR,5.5,10.6,2023,11
Odell Beckham Jr.,WR,5.5,31.2,2023,11
Allen Lazard,WR,5.4,0.0,2023,11
Jaleel McLaughlin,RB,5.4,6.5,2023,11
Chig Okonkwo,TE,5.2,1.6,2023,11
Royce Freeman,RB,5.0,7.3,2023,11
Kenny Gainwell,RB,4.9,1.5,2023,11
Rashod Bateman,WR,4.9,8.0,2023,11
Jake Bobo,WR,4.8,1.8,2023,11
Noah Fant,TE,4.8,1.4,2023,11
Justin Watson,WR,4.7,16.3,2023,11
Nick Westbrook-Ikhine,WR,4.7,1.7,2023,11
Keaton Mitchell,RB,4.7,5.1,2023,11
Jonathan Mingo,WR,4.6,1.6,2023,11
Miles Sanders,RB,4.6,6.2,2023,11
Quentin Johnston,WR,4.6,4.1,2023,11
Roschon Johnson,RB,4.5,3.0,2023,11
Skyy Moore,WR,4.4,1.4,2023,11
Noah Gray,TE,4.4,0.0,2023,11
Wan'Dale Robinson,WR,4.3,6.7,2023,11
Salvon Ahmed,RB,4.3,12.1,2023,11
Khalil Shakir,WR,4.2,20.5,2023,11
Brock Wright,TE,4.2,0.0,2023,11
Darius Slayton,WR,4.2,18.2,2023,11
Dontayvion Wicks,WR,4.1,12.1,2023,11
Craig Reynolds,RB,4.1,0.0,2023,11
Trenton Irwin,WR,4.1,6.6,2023,11
Tony Jones,RB,4.0,3.1,2023,11
Chris Moore,WR,3.9,9.7,2023,11
Jalin Hyatt,WR,3.9,1.7,2023,11
Michael Mayer,TE,3.9,8.6,2023,11
Donald Parham,TE,3.9,9.7,2023,11
Rico Dowdle,RB,3.9,4.0,2023,11
Adam Trautman,TE,3.8,5.3,2023,11
Olamide Zaccheaus,WR,3.8,0.0,2023,11
Brandon Powell,WR,3.8,6.2,2023,11
Pat Freiermuth,TE,3.7,1.7,2023,11
Irv Smith,TE,3.7,0.0,2023,11
Justice Hill,RB,3.7,1.7,2023,11
Tanner Hudson,TE,3.6,8.9,2023,11
Cedric Tillman,WR,3.5,2.0,2023,11
Nelson Agholor,WR,3.5,10.7,2023,11
Marvin Mims Jr.,WR,3.5,3.2,2023,11
Kadarius Toney,WR,3.4,4.6,2023,11
Kyle Philips,WR,3.3,2.0,2023,11
Colby Parkinson,TE,3.2,0.0,2023,11
Elijah Mitchell,RB,3.2,2.4,2023,11
Ty Chandler,RB,3.2,15.0,2023,11
Jalen Tolbert,WR,3.2,3.2,2023,11
Quintin Morris,TE,3.0,2.1,2023,11
Tyler Scott,WR,3.0,-0.6,2023,11
Kalif Raymond,WR,2.9,1.5,2023,11
Dyami Brown,WR,2.9,1.7,2023,11
Raheem Blackshear,RB,2.8,0.0,2023,11
Geoff Swaim,TE,2.8,3.5,2023,11
Donovan Peoples-Jones,WR,2.8,0.0,2023,11
Hunter Renfrow,WR,2.7,9.2,2023,11
Clyde Edwards-Helaire,RB,2.7,2.0,2023,11
Ray-Ray McCloud,WR,2.6,0.0,2023,11
Tre Tucker,WR,2.6,5.0,2023,11
D'Ernest Johnson,RB,2.5,6.4,2023,11
Isaiah Hodgins,WR,2.5,4.2,2023,11
Jamison Crowder,WR,2.5,3.2,2023,11
Josh Oliver,TE,2.5,14.7,2023,11
Allen Robinson,WR,2.5,5.0,2023,11
Isaiah Likely,TE,2.4,0.0,2023,11
Pierre Strong,RB,2.4,1.5,2023,11
Will Dissly,TE,2.4,1.9,2023,11
Jordan Mason,RB,2.3,0.0,2023,11
Luke Farrell,TE,2.3,4.1,2023,11
Robbie Chosen,WR,2.3,11.8,2023,11
Tommy Tremble,TE,2.3,7.4,2023,11
Emanuel Wilson,RB,2.2,3.1,2023,11
Tank Bigsby,RB,2.2,2.1,2023,11
Ameer Abdullah,RB,2.2,1.4,2023,11
Austin Hooper,TE,2.2,0.0,2023,11
Xavier Gipson,WR,2.1,1.7,2023,11
Calvin Austin III,WR,2.1,0.0,2023,11
John Bates,TE,2.1,3.5,2023,11
Daniel Bellinger,TE,2.0,6.8,2023,11
Equanimeous St. Brown,WR,2.0,3.9,2023,11
Marcedes Lewis,TE,2.0,0.0,2023,11
Chase Edmonds,RB,2.0,2.9,2023,11
C.J. Uzomah,TE,2.0,0.0,2023,11
Julian Hill,TE,2.0,0.0,2023,11
Matt Breida,RB,1.9,-0.1,2023,11
Jameson Williams,WR,1.9,12.4,2023,11
KaVontae Turpin,WR,1.9,8.6,2023,11
Josh Whyle,TE,1.9,1.7,2023,11
Drew Sample,TE,1.9,3.9,2023,11
Charlie Kolar,TE,1.9,2.3,2023,11
Zach Evans,RB,1.8,0.0,2023,11
Hunter Luepke,RB,1.8,0.0,2023,11
John Metchie III,WR,1.7,4.4,2023,11
Lil'Jordan Humphrey,WR,1.7,0.0,2023,11
Dalvin Cook,RB,1.7,1.3,2023,11
Mecole Hardman,WR,1.6,3.2,2023,11
Byron Pringle,WR,1.6,5.2,2023,11
Tucker Kraft,TE,1.5,5.2,2023,11
Deonte Harty,WR,1.5,-0.2,2023,11
Trayveon Williams,RB,1.5,2.0,2023,11
Darnell Washington,TE,1.4,1.8,2023,11
Luke Schoonmaker,TE,1.4,10.3,2023,11
Chris Rodriguez Jr.,RB,1.4,3.8,2023,11
Cole Turner,TE,1.4,1.7,2023,11
Ben Skowronek,WR,1.4,0.0,2023,11
Mike Boone,RB,1.4,1.5,2023,11
Deven Thompkins,WR,1.3,1.7,2023,11
Derrick Gore,RB,1.2,2.3,2023,11
Elijah Higgins,TE,1.2,1.2,2023,11
Sterling Shepard,WR,1.2,1.5,2023,11
Jack Stoll,TE,1.2,1.3,2023,11
Boston Scott,RB,1.2,0.8,2023,11
Stephen Sullivan,TE,1.1,3.0,2023,11
Stone Smartt,TE,1.0,12.1,2023,11
Derius Davis,WR,1.0,0.7,2023,11
Jeremy Ruckert,TE,1.0,5.5,2023,11
Dee Eskridge,WR,0.9,0.0,2023,11
Trevon Wesco,TE,0.8,0.0,2023,11
Laviska Shenault Jr.,WR,0.8,2.9,2023,11
Demarcus Robinson,WR,0.8,4.4,2023,11
Nate Adkins,TE,0.8,0.0,2023,11
Julio Jones,WR,0.8,2.5,2023,11
Payne Durham,TE,0.7,3.3,2023,11
DeeJay Dallas,RB,0.7,2.4,2023,11
Rakim Jarrett,WR,0.7,5.1,2023,11
Anthony McFarland,RB,0.5,0.0,2023,11
DeAndre Carter,WR,0.4,0.0,2023,11
Devin Duvernay,WR,0.4,0.0,2023,11
Greg Dortch,WR,0.4,13.6,2023,11
Reggie Gilliam,RB,0.3,0.0,2023,11
Jesper Horsted,TE,0.2,0.0,2023,11
Austin Trammell,WR,0.2,5.3,2023,11
Charlie Jones,WR,0.2,0.0,2023,11
Charlie Woerner,TE,0.1,0.0,2023,11
Irvin Charles,WR,0.1,0.0,2023,11
James Proche,WR,0.1,0.0,2023,11
Ty Johnson,RB,0.1,14.8,2023,11
Justin Fields,QB,0.0,21.16,2023,11
Jake Browning,QB,0.0,10.72,2023,11
Ihmir Smith-Marsette,WR,0.0,0.0,2023,11
Britain Covey,WR,0.0,0.0,2023,11
Malik Heath,WR,0.0,1.7,2023,11
Rod Williams,TE,0.0,0.0,2023,11
Kyler Murray,QB,0.0,21.66,2023,11
Matthew Stafford,QB,0.0,9.7,2023,11
Dorian Thompson-Robinson,QB,0.0,6.6,2023,11
Sean McKeon,TE,0.0,0.0,2023,11
Cooper Rush,QB,0.0,0.3,2023,11
Brock Purdy,QB,0.0,26.72,2023,11
Gunner Olszewski,WR,0.0,0.0,2023,11
Shedrick Jackson,WR,0.0,0.0,2023,11
Trent Taylor,WR,0.0,0.0,2023,11
Josh Allen,QB,25.4,39.66,2023,12
Christian McCaffrey,RB,24.6,30.9,2023,12
Brock Purdy,QB,22.7,10.46,2023,12
Patrick Mahomes,QB,21.4,20.82,2023,12
Dak Prescott,QB,21.0,32.24,2023,12
Jalen Hurts,QB,20.5,34.5,2023,12
Lamar Jackson,QB,20.2,14.98,2023,12
Kyler Murray,QB,19.8,20.44,2023,12
CeeDee Lamb,WR,19.6,17.3,2023,12
Rachaad White,RB,19.4,13.0,2023,12
Joe Mixon,RB,19.3,8.0,2023,12
Tyreek Hill,WR,19.0,25.4,2023,12
Jahmyr Gibbs,RB,19.0,11.3,2023,12
Travis Etienne,RB,18.5,12.6,2023,12
Travis Kelce,TE,18.1,15.1,2023,12
Amon-Ra St. Brown,WR,18.1,18.5,2023,12
Trevor Lawrence,QB,18.1,24.56,2023,12
Jared Goff,QB,18.0,18.18,2023,12
C.J. Stroud,QB,18.0,30.86,2023,12
George Kittle,TE,17.9,4.9,2023,12
Joshua Dobbs,QB,17.4,4.5,2023,12
Austin Ekeler,RB,17.2,9.4,2023,12
David Montgomery,RB,17.2,15.1,2023,12
Cooper Kupp,WR,17.1,4.8,2023,12
Puka Nacua,WR,17.0,6.7,2023,12
Justin Herbert,QB,16.9,13.38,2023,12
Baker Mayfield,QB,16.9,13.36,2023,12
Geno Smith,QB,16.7,7.3,2023,12
Tua Tagovailoa,QB,16.5,7.82,2023,12
Stefon Diggs,WR,16.2,19.4,2023,12
Brandon Aiyuk,WR,16.0,13.0,2023,12
Gardner Minshew,QB,15.9,14.64,2023,12
A.J. Brown,WR,15.8,14.7,2023,12
Tommy DeVito,QB,15.8,10.24,2023,12
Matthew Stafford,QB,15.7,23.36,2023,12
Mike Evans,WR,15.4,25.0,2023,12
DK Metcalf,WR,15.3,6.2,2023,12
Tyler Lockett,WR,15.0,6.0,2023,12
Kyren Williams,RB,14.9,38.4,2023,12
Ja'Marr Chase,WR,14.9,12.1,2023,12
Jonathan Taylor,RB,14.8,21.1,2023,12
Jordan Love,QB,14.8,26.62,2023,12
Josh Jacobs,RB,14.6,22.5,2023,12
Derrick Henry,RB,14.4,20.6,2023,12
Sam Howell,QB,14.0,17.3,2023,12
Adam Thielen,WR,13.9,1.2,2023,12
Isiah Pacheco,RB,13.7,25.9,2023,12
Michael Pittman,WR,13.7,20.7,2023,12
James Cook,RB,13.4,16.0,2023,12
D'Andre Swift,RB,13.3,9.4,2023,12
Alvin Kamara,RB,13.3,15.9,2023,12
Saquon Barkley,RB,13.3,6.2,2023,12
Will Levis,QB,13.1,7.1,2023,12
Derek Carr,QB,13.1,10.86,2023,12
Tony Pollard,RB,12.9,22.3,2023,12
Davante Adams,WR,12.8,12.3,2023,12
Raheem Mostert,RB,12.8,21.4,2023,12
Bryce Young,QB,12.6,8.06,2023,12
Keenan Allen,WR,12.6,22.6,2023,12
Breece Hall,RB,12.5,11.9,2023,12
Gus Edwards,RB,12.1,4.7,2023,12
Aidan O'Connell,QB,12.0,13.92,2023,12
DeVonta Smith,WR,11.8,23.6,2023,12
Russell Wilson,QB,11.8,16.76,2023,12
Josh Downs,WR,11.7,9.3,2023,12
Christian Kirk,WR,11.7,12.9,2023,12
DeAndre Hopkins,WR,11.5,7.9,2023,12
Brian Robinson,RB,11.5,8.4,2023,12
Rhamondre Stevenson,RB,11.3,21.7,2023,12
Devin Singletary,RB,11.2,13.2,2023,12
Tank Dell,WR,11.1,34.4,2023,12
Jaylen Waddle,WR,11.1,19.4,2023,12
Chris Godwin Jr.,WR,10.9,7.5,2023,12
Amari Cooper,WR,10.9,3.6,2023,12
DJ Moore,WR,10.8,22.4,2023,12
James Conner,RB,10.6,7.2,2023,12
Chris Olave,WR,10.6,18.4,2023,12
Jerome Ford,RB,10.5,11.9,2023,12
Calvin Ridley,WR,10.5,21.9,2023,12
Bijan Robinson,RB,10.4,27.3,2023,12
Mac Jones,QB,10.3,-0.44,2023,12
Rashee Rice,WR,10.3,24.7,2023,12
Courtland Sutton,WR,10.2,9.1,2023,12
T.J. Hockenson,TE,10.1,16.0,2023,12
Marquise Brown,WR,10.1,14.8,2023,12
Jaxon Smith-Njigba,WR,10.1,6.1,2023,12
Dalton Kincaid,TE,10.1,8.8,2023,12
Trey McBride,TE,10.1,13.0,2023,12
Zack Moss,RB,9.8,9.0,2023,12
Garrett Wilson,WR,9.8,17.4,2023,12
Kareem Hunt,RB,9.7,2.2,2023,12
David Njoku,TE,9.7,11.9,2023,12
Emari Demercado,RB,9.6,1.5,2023,12
Deebo Samuel Sr.,WR,9.5,22.4,2023,12
Evan Engram,TE,9.4,9.9,2023,12
Jaylen Warren,RB,9.3,7.2,2023,12
Gabe Davis,WR,9.2,22.5,2023,12
Tyler Boyd,WR,9.2,5.3,2023,12
Sam LaPorta,TE,9.2,17.7,2023,12
Jakobi Meyers,WR,9.1,20.1,2023,12
Jake Ferguson,TE,9.0,4.5,2023,12
Chuba Hubbard,RB,8.9,20.2,2023,12
Dameon Pierce,RB,8.7,2.8,2023,12
Jordan Addison,WR,8.6,9.9,2023,12
Romeo Doubs,WR,8.6,6.7,2023,12
Cade Otton,TE,8.6,8.5,2023,12
Tyjae Spears,RB,8.6,1.7,2023,12
Najee Harris,RB,8.5,15.9,2023,12
Zay Flowers,WR,8.4,23.2,2023,12
DJ Chark,WR,8.3,6.4,2023,12
Nico Collins,WR,8.3,23.4,2023,12
Kenny Pickett,QB,8.3,11.62,2023,12
Terry McLaurin,WR,8.1,9.0,2023,12
Drake London,WR,8.0,14.1,2023,12
Zach Charbonnet,RB,8.0,9.8,2023,12
George Pickens,WR,8.0,8.8,2023,12
Diontae Johnson,WR,7.8,9.0,2023,12
Javonte Williams,RB,7.8,10.1,2023,12
A.T. Perry,WR,7.7,1.7,2023,12
Jayden Reed,WR,7.7,15.0,2023,12
Khalil Shakir,WR,7.7,7.7,2023,12
Dalton Schultz,TE,7.6,1.2,2023,12
Brandin Cooks,WR,7.5,17.2,2023,12
Alexander Mattison,RB,7.4,8.3,2023,12
Tutu Atwell,WR,7.4,10.6,2023,12
Christian Watson,WR,7.3,20.4,2023,12
Khalil Herbert,RB,7.3,5.8,2023,12
Jerry Jeudy,WR,7.2,3.1,2023,12
Ezekiel Elliott,RB,7.2,7.2,2023,12
AJ Dillon,RB,7.1,22.2,2023,12
Antonio Gibson,RB,7.1,6.7,2023,12
Cole Kmet,TE,7.0,11.3,2023,12
Jahan Dotson,WR,6.9,10.2,2023,12
Elijah Moore,WR,6.9,5.4,2023,12
Zay Jones,WR,6.9,2.0,2023,12
Justin Watson,WR,6.8,7.3,2023,12
Latavius Murray,RB,6.8,7.8,2023,12
Logan Thomas,TE,6.7,3.5,2023,12
Odell Beckham Jr.,WR,6.7,12.8,2023,12
Rondale Moore,WR,6.7,5.5,2023,12
Royce Freeman,RB,6.6,13.7,2023,12
Tyler Higbee,TE,6.5,19.9,2023,12
Rashid Shaheed,WR,6.4,2.9,2023,12
Miles Sanders,RB,6.3,2.8,2023,12
Darius Slayton,WR,6.2,3.6,2023,12
Jonathan Mingo,WR,6.1,10.0,2023,12
Trenton Irwin,WR,6.1,3.5,2023,12
Trey Palmer,WR,6.1,5.7,2023,12
Michael Gallup,WR,6.1,2.3,2023,12
Keaton Mitchell,RB,6.0,10.9,2023,12
Kyle Pitts,TE,6.0,4.2,2023,12
Josh Reynolds,WR,5.9,9.5,2023,12
K.J. Osborn,WR,5.9,6.4,2023,12
Jonnu Smith,TE,5.8,0.0,2023,12
DeMario Douglas,WR,5.7,10.9,2023,12
Jake Bobo,WR,5.6,1.6,2023,12
Rashod Bateman,WR,5.6,4.1,2023,12
Wan'Dale Robinson,WR,5.6,6.6,2023,12
Jauan Jennings,WR,5.4,1.7,2023,12
Michael Mayer,TE,5.3,4.7,2023,12
Tyler Conklin,TE,5.3,7.3,2023,12
Juwan Johnson,TE,5.1,8.5,2023,12
Chig Okonkwo,TE,5.0,8.5,2023,12
Marquez Valdes-Scantling,WR,5.0,0.9,2023,12
Alec Pierce,WR,5.0,6.7,2023,12
Darnell Mooney,WR,4.9,2.6,2023,12
Tyler Allgeier,RB,4.7,6.4,2023,12
Pat Freiermuth,TE,4.7,21.0,2023,12
Tanner Hudson,TE,4.6,5.8,2023,12
Robert Woods,WR,4.6,6.0,2023,12
KhaDarel Hodge,WR,4.5,0.0,2023,12
Durham Smythe,TE,4.5,2.0,2023,12
Jalin Hyatt,WR,4.5,15.9,2023,12
Samaje Perine,RB,4.4,13.6,2023,12
Noah Fant,TE,4.4,4.5,2023,12
Chris Moore,WR,4.3,7.2,2023,12
Nelson Agholor,WR,4.3,3.1,2023,12
Jamaal Williams,RB,4.3,3.0,2023,12
Elijah Mitchell,RB,4.2,4.6,2023,12
Roschon Johnson,RB,4.2,12.5,2023,12
Nick Westbrook-Ikhine,WR,4.1,8.1,2023,12
Curtis Samuel,WR,4.1,19.0,2023,12
Skyy Moore,WR,4.1,6.4,2023,12
Kenny Gainwell,RB,4.0,5.6,2023,12
Jaleel McLaughlin,RB,4.0,0.4,2023,12
Hunter Renfrow,WR,4.0,7.8,2023,12
Jameson Williams,WR,3.9,7.1,2023,12
Jeff Wilson,RB,3.8,20.6,2023,12
Justice Hill,RB,3.8,3.1,2023,12
Greg Dortch,WR,3.8,11.7,2023,12
Donald Parham,TE,3.8,0.0,2023,12
Noah Gray,TE,3.8,6.0,2023,12
DeVante Parker,WR,3.8,7.2,2023,12
Tre Tucker,WR,3.7,0.0,2023,12
Ty Chandler,RB,3.7,2.1,2023,12
Daniel Bellinger,TE,3.7,1.8,2023,12
Brock Wright,TE,3.7,1.9,2023,12
Quentin Johnston,WR,3.7,1.7,2023,12
Taysom Hill,TE,3.6,8.1,2023,12
Kylen Granson,TE,3.6,0.0,2023,12
Darrynton Evans,RB,3.6,1.6,2023,12
Gerald Everett,TE,3.6,14.3,2023,12
Joshua Kelley,RB,3.5,3.4,2023,12
Irv Smith,TE,3.5,2.8,2023,12
Kalif Raymond,WR,3.5,14.6,2023,12
D'Ernest Johnson,RB,3.5,7.1,2023,12
Allen Robinson,WR,3.4,2.1,2023,12
Chase Edmonds,RB,3.3,1.1,2023,12
Brandon Powell,WR,3.3,7.7,2023,12
Mike Gesicki,TE,3.2,0.0,2023,12
Cedric Tillman,WR,3.2,9.5,2023,12
Donovan Peoples-Jones,WR,3.2,0.0,2023,12
Rico Dowdle,RB,3.2,9.6,2023,12
Van Jefferson,WR,3.2,2.3,2023,12
Tommy Tremble,TE,3.1,1.7,2023,12
Kyle Philips,WR,3.1,0.7,2023,12
Jalen Tolbert,WR,3.1,6.9,2023,12
Isaiah Hodgins,WR,3.1,8.2,2023,12
Ty Johnson,RB,3.0,1.9,2023,12
Foster Moreau,TE,3.0,0.0,2023,12
Ameer Abdullah,RB,2.9,2.3,2023,12
Olamide Zaccheaus,WR,2.8,9.9,2023,12
Clyde Edwards-Helaire,RB,2.8,0.5,2023,12
Colby Parkinson,TE,2.8,1.9,2023,12
Luke Schoonmaker,TE,2.8,2.2,2023,12
Jamison Crowder,WR,2.8,0.0,2023,12
Luke Farrell,TE,2.8,8.5,2023,12
Marvin Mims Jr.,WR,2.7,5.5,2023,12
Darnell Washington,TE,2.6,2.0,2023,12
Adam Trautman,TE,2.6,7.8,2023,12
JuJu Smith-Schuster,WR,2.5,3.0,2023,12
Braxton Berrios,WR,2.5,0.0,2023,12
Drew Sample,TE,2.5,8.1,2023,12
Isaiah Likely,TE,2.5,8.0,2023,12
Geoff Swaim,TE,2.4,0.0,2023,12
Tank Bigsby,RB,2.4,0.6,2023,12
Austin Hooper,TE,2.4,2.4,2023,12
Cordarrelle Patterson,RB,2.4,4.3,2023,12
Xavier Gipson,WR,2.4,3.5,2023,12
Will Dissly,TE,2.3,3.1,2023,12
Julian Hill,TE,2.3,0.0,2023,12
Chris Rodriguez Jr.,RB,2.2,2.1,2023,12
Matt Breida,RB,2.2,2.6,2023,12
Dalvin Cook,RB,2.2,4.1,2023,12
Calvin Austin III,WR,2.1,1.5,2023,12
Jalen Brooks,WR,2.1,3.4,2023,12
Ray-Ray McCloud,WR,2.0,3.3,2023,12
Josh Whyle,TE,2.0,2.1,2023,12
Mo Alie-Cox,TE,2.0,4.0,2023,12
Dyami Brown,WR,2.0,0.0,2023,12
KaVontae Turpin,WR,1.9,20.8,2023,12
Demarcus Robinson,WR,1.9,3.3,2023,12
Tucker Kraft,TE,1.9,9.5,2023,12
Scott Miller,WR,1.9,1.4,2023,12
Jordan Mason,RB,1.8,0.0,2023,12
Trent Sherfield,WR,1.8,0.0,2023,12
Stone Smartt,TE,1.8,0.0,2023,12
Robert Tonyan,TE,1.8,0.0,2023,12
Trayveon Williams,RB,1.8,0.0,2023,12
Patrick Taylor,RB,1.7,2.5,2023,12
Ronnie Bell,WR,1.7,0.0,2023,12
Payne Durham,TE,1.6,2.2,2023,12
Byron Pringle,WR,1.6,4.7,2023,12
Brevin Jordan,TE,1.6,1.9,2023,12
Jeremy Ruckert,TE,1.5,3.8,2023,12
Stephen Sullivan,TE,1.5,2.3,2023,12
Jalen Guyton,WR,1.5,1.4,2023,12
Ben Skowronek,WR,1.5,0.9,2023,12
Parris Campbell,WR,1.4,0.8,2023,12
Laviska Shenault Jr.,WR,1.4,1.8,2023,12
Zamir White,RB,1.4,0.0,2023,12
Jack Stoll,TE,1.4,2.4,2023,12
Andrei Iosivas,WR,1.4,2.6,2023,12
Sterling Shepard,WR,1.4,1.6,2023,12
John Metchie III,WR,1.2,3.2,2023,12
Elijah Higgins,TE,1.2,3.6,2023,12
Ian Thomas,TE,1.1,1.9,2023,12
Julio Jones,WR,1.1,1.0,2023,12
Cole Turner,TE,1.1,3.9,2023,12
Harrison Bryant,TE,1.1,5.2,2023,12
Boston Scott,RB,1.1,1.4,2023,12
Deven Thompkins,WR,1.1,0.0,2023,12
Zach Evans,RB,1.0,0.6,2023,12
Chase Brown,RB,1.0,0.0,2023,12
Dee Eskridge,WR,1.0,1.0,2023,12
David Bell,WR,0.9,0.0,2023,12
Davis Allen,TE,0.9,1.6,2023,12
Lil'Jordan Humphrey,WR,0.8,2.3,2023,12
Will Mallory,TE,0.8,4.9,2023,12
Isaiah McKenzie,WR,0.7,0.3,2023,12
DeeJay Dallas,RB,0.7,2.5,2023,12
Derius Davis,WR,0.7,1.1,2023,12
Steven Sims,WR,0.6,0.0,2023,12
Nick Bawden,RB,0.6,1.6,2023,12
Alex Erickson,WR,0.5,2.7,2023,12
Kayshon Boutte,WR,0.5,1.8,2023,12
Velus Jones Jr.,WR,0.5,0.0,2023,12
Tyquan Thornton,WR,0.5,4.2,2023,12
Ben Sims,TE,0.5,0.0,2023,12
Kene Nwangwu,RB,0.4,0.0,2023,12
DeAndre Carter,WR,0.4,0.0,2023,12
Devin Duvernay,WR,0.4,0.0,2023,12
Malik Heath,WR,0.4,8.6,2023,12
Lynn Bowden,WR,0.4,4.0,2023,12
Richie James,WR,0.4,0.0,2023,12
Keith Kirkwood,WR,0.4,4.0,2023,12
Miles Boykin,WR,0.3,0.0,2023,12
Mitchell Wilcox,TE,0.3,1.1,2023,12
Ty Montgomery,WR,0.3,0.0,2023,12
Austin Trammell,WR,0.3,0.0,2023,12
Charlie Woerner,TE,0.2,1.9,2023,12
Charlie Jones,WR,0.1,0.0,2023,12
Irvin Charles,WR,0.1,0.0,2023,12
Colton Dowell,WR,0.1,0.0,2023,12
Parker Washington,WR,0.1,0.0,2023,12
Travis Homer,RB,0.1,0.0,2023,12
Xavier Hutchinson,WR,0.1,4.4,2023,12
Mike White,QB,0.0,-0.2,2023,12
Ko Kieft,TE,0.0,0.0,2023,12
Dorian Thompson-Robinson,QB,0.0,11.46,2023,12
Desmond Ridder,QB,0.0,9.72,2023,12
Bailey Zappe,QB,0.0,0.16,2023,12
Britain Covey,WR,0.0,0.0,2023,12
Trent Taylor,WR,0.0,0.0,2023,12
Justin Fields,QB,0.0,10.58,2023,12
PJ Walker,QB,0.0,0.42000002,2023,12
James Proche,WR,0.0,0.0,2023,12
Jake Browning,QB,0.0,11.98,2023,12
Sean McKeon,TE,0.0,0.0,2023,12
Clayton Tune,QB,0.0,2.0,2023,12
Ihmir Smith-Marsette,WR,0.0,2.4,2023,12
Gunner Olszewski,WR,0.0,0.0,2023,12
Dak Prescott,QB,26.1,28.26,2023,13
C.J. Stroud,QB,23.7,16.06,2023,13
Jalen Hurts,QB,23.7,23.92,2023,13
CeeDee Lamb,WR,22.1,32.6,2023,13
Tyreek Hill,WR,21.1,32.3,2023,13
Justin Herbert,QB,20.8,7.98,2023,13
Christian McCaffrey,RB,20.7,22.3,2023,13
Austin Ekeler,RB,20.3,4.7,2023,13
Patrick Mahomes,QB,19.6,13.0,2023,13
Tua Tagovailoa,QB,19.2,19.2,2023,13
Kyler Murray,QB,19.2,11.8,2023,13
Tony Pollard,RB,18.6,17.3,2023,13
Sam Howell,QB,18.5,19.18,2023,13
Devin Singletary,RB,18.4,5.0,2023,13
Trevor Lawrence,QB,17.9,25.12,2023,13
Keenan Allen,WR,17.7,10.8,2023,13
Russell Wilson,QB,17.5,15.84,2023,13
Brock Purdy,QB,17.1,29.46,2023,13
Jordan Love,QB,17.0,23.68,2023,13
Travis Kelce,TE,16.7,12.1,2023,13
Derrick Henry,RB,16.5,25.0,2023,13
A.J. Brown,WR,16.2,19.4,2023,13
Gardner Minshew,QB,16.0,18.68,2023,13
Jared Goff,QB,15.3,16.32,2023,13
Breece Hall,RB,15.1,10.5,2023,13
Isiah Pacheco,RB,14.9,21.3,2023,13
Derek Carr,QB,14.8,8.94,2023,13
Alvin Kamara,RB,14.6,28.9,2023,13
Amon-Ra St. Brown,WR,14.5,12.9,2023,13
Najee Harris,RB,14.4,9.7,2023,13
Brandon Aiyuk,WR,14.3,15.6,2023,13
Bijan Robinson,RB,14.2,10.9,2023,13
Jaylen Warren,RB,14.1,6.5,2023,13
Travis Etienne,RB,14.0,17.9,2023,13
Rachaad White,RB,14.0,19.6,2023,13
DeVonta Smith,WR,13.9,24.6,2023,13
Michael Pittman,WR,13.9,27.5,2023,13
Jaylen Waddle,WR,13.7,10.2,2023,13
Chris Olave,WR,13.7,16.9,2023,13
Courtland Sutton,WR,13.2,15.7,2023,13
Rhamondre Stevenson,RB,13.1,2.9,2023,13
Baker Mayfield,QB,13.1,9.88,2023,13
Jahmyr Gibbs,RB,13.0,6.4,2023,13
D'Andre Swift,RB,12.8,4.0,2023,13
Brian Robinson,RB,12.7,5.3,2023,13
Mike Evans,WR,12.6,29.2,2023,13
Will Levis,QB,12.6,11.46,2023,13
Kenny Pickett,QB,12.1,3.1,2023,13
Kyren Williams,RB,11.9,20.2,2023,13
Raheem Mostert,RB,11.9,12.1,2023,13
Desmond Ridder,QB,11.9,8.84,2023,13
DeAndre Hopkins,WR,11.8,18.9,2023,13
Garrett Wilson,WR,11.8,8.0,2023,13
Calvin Ridley,WR,11.7,7.3,2023,13
Adam Thielen,WR,11.7,5.5,2023,13
Bryce Young,QB,11.6,7.12,2023,13
David Montgomery,RB,11.5,12.5,2023,13
Jake Ferguson,TE,11.5,19.7,2023,13
Joe Mixon,RB,11.3,29.7,2023,13
Nico Collins,WR,11.2,34.1,2023,13
Christian Kirk,WR,11.1,3.6,2023,13
Terry McLaurin,WR,11.1,0.0,2023,13
Geno Smith,QB,11.0,29.96,2023,13
Javonte Williams,RB,11.0,10.0,2023,13
Rashee Rice,WR,10.9,14.4,2023,13
Cooper Kupp,WR,10.8,15.9,2023,13
Matthew Stafford,QB,10.8,22.96,2023,13
Puka Nacua,WR,10.7,23.9,2023,13
George Pickens,WR,10.6,12.6,2023,13
Zack Moss,RB,10.5,7.7,2023,13
Diontae Johnson,WR,10.4,13.3,2023,13
Brandin Cooks,WR,10.3,16.5,2023,13
Dameon Pierce,RB,10.3,10.1,2023,13
Deebo Samuel Sr.,WR,10.3,35.8,2023,13
Chuba Hubbard,RB,10.3,22.4,2023,13
Noah Brown,WR,10.2,0.0,2023,13
Pat Freiermuth,TE,10.1,5.9,2023,13
Marquise Brown,WR,10.1,0.0,2023,13
George Kittle,TE,10.0,10.8,2023,13
Josh Downs,WR,10.0,4.4,2023,13
James Conner,RB,9.9,22.5,2023,13
Trey McBride,TE,9.9,22.9,2023,13
Antonio Gibson,RB,9.6,11.2,2023,13
Jahan Dotson,WR,9.5,4.3,2023,13
Evan Engram,TE,9.5,23.2,2023,13
Jake Browning,QB,9.4,26.66,2023,13
DK Metcalf,WR,9.3,37.4,2023,13
Drake London,WR,9.1,1.8,2023,13
Tyler Lockett,WR,9.0,9.7,2023,13
Christian Watson,WR,8.8,27.6,2023,13
Tyjae Spears,RB,8.6,12.8,2023,13
AJ Dillon,RB,8.5,19.4,2023,13
Jerry Jeudy,WR,8.5,8.1,2023,13
Romeo Doubs,WR,8.4,11.2,2023,13
Chris Godwin Jr.,WR,8.4,7.9,2023,13
Amari Cooper,WR,8.4,6.4,2023,13
Logan Thomas,TE,8.1,2.0,2023,13
Jerome Ford,RB,7.8,14.2,2023,13
Jayden Reed,WR,7.8,5.6,2023,13
Sam LaPorta,TE,7.7,29.0,2023,13
De'Von Achane,RB,7.7,50.6,2023,13
Ja'Marr Chase,WR,7.6,31.62,2023,13
Curtis Samuel,WR,7.4,10.5,2023,13
DJ Chark,WR,7.3,8.6,2023,13
Samaje Perine,RB,7.1,2.6,2023,13
David Njoku,TE,7.0,3.7,2023,13
Zach Charbonnet,RB,7.0,16.9,2023,13
Ezekiel Elliott,RB,7.0,13.2,2023,13
Tyler Conklin,TE,6.8,6.5,2023,13
Kyle Pitts,TE,6.8,9.1,2023,13
Kareem Hunt,RB,6.4,5.8,2023,13
Michael Gallup,WR,6.3,0.0,2023,13
Cade Otton,TE,6.3,0.0,2023,13
Rondale Moore,WR,6.3,1.6,2023,13
A.T. Perry,WR,6.3,4.0,2023,13
Juwan Johnson,TE,6.3,0.0,2023,13
Chig Okonkwo,TE,6.2,9.4,2023,13
Jaxon Smith-Njigba,WR,6.1,13.2,2023,13
Elijah Moore,WR,6.1,12.3,2023,13
Miles Sanders,RB,5.9,3.9,2023,13
Jonathan Mingo,WR,5.9,12.9,2023,13
Jonnu Smith,TE,5.8,3.0,2023,13
Tyler Allgeier,RB,5.8,2.6,2023,13
Zay Jones,WR,5.7,12.8,2023,13
Tyler Higbee,TE,5.6,5.5,2023,13
Robert Woods,WR,5.6,0.0,2023,13
Alec Pierce,WR,5.6,19.0,2023,13
Gerald Everett,TE,5.5,8.4,2023,13
Adam Trautman,TE,5.4,1.6,2023,13
Royce Freeman,RB,5.3,0.0,2023,13
Greg Dortch,WR,5.2,2.9,2023,13
Tutu Atwell,WR,5.2,1.9,2023,13
Jamaal Williams,RB,5.2,2.6,2023,13
Tee Higgins,WR,5.1,6.6,2023,13
Nick Westbrook-Ikhine,WR,5.0,3.8,2023,13
Chris Moore,WR,5.0,2.2,2023,13
Josh Reynolds,WR,5.0,2.2,2023,13
Allen Lazard,WR,4.9,0.0,2023,13
Quentin Johnston,WR,4.9,10.2,2023,13
Dontayvion Wicks,WR,4.9,7.3,2023,13
Rico Dowdle,RB,4.8,3.2,2023,13
Elijah Mitchell,RB,4.7,1.3,2023,13
DeVante Parker,WR,4.6,10.4,2023,13
Trey Palmer,WR,4.6,4.5,2023,13
Kenny Gainwell,RB,4.6,9.7,2023,13
Jauan Jennings,WR,4.5,13.4,2023,13
Jeff Wilson,RB,4.5,2.2,2023,13
Tyler Boyd,WR,4.4,7.2,2023,13
Hunter Henry,TE,4.4,3.5,2023,13
Quez Watkins,WR,4.4,5.8,2023,13
Allen Robinson,WR,4.3,4.9,2023,13
Joshua Kelley,RB,4.3,4.5,2023,13
Jalen Tolbert,WR,4.2,2.7,2023,13
Jaleel McLaughlin,RB,4.1,4.1,2023,13
Donald Parham,TE,4.1,3.2,2023,13
Taysom Hill,TE,4.0,15.4,2023,13
Skyy Moore,WR,4.0,1.5,2023,13
Luke Farrell,TE,3.9,1.9,2023,13
Kalif Raymond,WR,3.9,0.9,2023,13
Cedric Tillman,WR,3.8,4.0,2023,13
Marquez Valdes-Scantling,WR,3.7,4.5,2023,13
Cordarrelle Patterson,RB,3.7,2.7,2023,13
Noah Gray,TE,3.7,7.2,2023,13
KhaDarel Hodge,WR,3.6,0.0,2023,13
Marvin Mims Jr.,WR,3.6,2.3,2023,13
D'Ernest Johnson,RB,3.5,1.9,2023,13
Jameson Williams,WR,3.5,10.0,2023,13
Luke Schoonmaker,TE,3.5,2.2,2023,13
KaVontae Turpin,WR,3.4,4.0,2023,13
Andrew Ogletree,TE,3.4,0.0,2023,13
Noah Fant,TE,3.3,7.3,2023,13
Jamison Crowder,WR,3.2,0.0,2023,13
Trenton Irwin,WR,3.2,3.5,2023,13
Blake Bell,TE,3.2,0.0,2023,13
John Bates,TE,3.0,0.0,2023,13
Craig Reynolds,RB,2.9,0.0,2023,13
Kylen Granson,TE,2.8,10.4,2023,13
Jake Bobo,WR,2.8,1.9,2023,13
Kadarius Toney,WR,2.7,0.6,2023,13
Xavier Gipson,WR,2.7,12.8,2023,13
River Cracraft,WR,2.7,3.6,2023,13
Raheem Blackshear,RB,2.7,0.6,2023,13
Tucker Kraft,TE,2.7,6.7,2023,13
Foster Moreau,TE,2.6,4.8,2023,13
JuJu Smith-Schuster,WR,2.6,2.1,2023,13
Trey Sermon,RB,2.6,0.0,2023,13
MyCole Pruitt,TE,2.6,9.0,2023,13
Clyde Edwards-Helaire,RB,2.5,2.4,2023,13
Brevin Jordan,TE,2.5,9.4,2023,13
Calvin Austin III,WR,2.5,2.0,2023,13
Lynn Bowden,WR,2.5,0.9,2023,13
Tanner Hudson,TE,2.3,7.5,2023,13
Brock Wright,TE,2.3,1.8,2023,13
Chase Edmonds,RB,2.3,1.9,2023,13
Dyami Brown,WR,2.2,1.0,2023,13
Jeremy Ruckert,TE,2.2,2.2,2023,13
Josh Whyle,TE,2.1,2.6,2023,13
Braxton Berrios,WR,2.1,0.0,2023,13
Chris Rodriguez Jr.,RB,2.0,2.9,2023,13
Patrick Taylor,RB,2.0,2.9,2023,13
Will Dissly,TE,1.9,0.0,2023,13
Donovan Peoples-Jones,WR,1.9,0.0,2023,13
Cole Turner,TE,1.9,1.2,2023,13
Stone Smartt,TE,1.8,0.0,2023,13
Pierre Strong,RB,1.8,2.0,2023,13
Geoff Swaim,TE,1.8,3.0,2023,13
Jalen Reagor,WR,1.8,2.1,2023,13
Jalen Guyton,WR,1.7,1.5,2023,13
Tim Jones,WR,1.7,0.0,2023,13
Irv Smith,TE,1.6,0.0,2023,13
Hunter Luepke,RB,1.5,0.0,2023,13
Stephen Sullivan,TE,1.5,2.6,2023,13
Malik Heath,WR,1.5,2.5,2023,13
Drew Sample,TE,1.4,2.1,2023,13
John Metchie III,WR,1.4,3.8,2023,13
Will Mallory,TE,1.4,2.4,2023,13
Harrison Bryant,TE,1.4,15.9,2023,13
Julian Hill,TE,1.4,4.3,2023,13
Lil'Jordan Humphrey,WR,1.4,2.2,2023,13
Demarcus Robinson,WR,1.4,15.5,2023,13
Elijah Higgins,TE,1.4,3.1,2023,13
Chris Manhertz,TE,1.4,0.0,2023,13
Dare Ogunbowale,RB,1.3,2.5,2023,13
Mike Strachan,WR,1.3,0.0,2023,13
Ian Thomas,TE,1.3,1.6,2023,13
Jordan Mason,RB,1.3,1.0,2023,13
Boston Scott,RB,1.2,3.9,2023,13
Jordan Akins,TE,1.2,1.6,2023,13
Ronnie Bell,WR,1.0,0.0,2023,13
Ben Skowronek,WR,1.0,3.2,2023,13
Trayveon Williams,RB,1.0,0.0,2023,13
Derius Davis,WR,0.9,0.0,2023,13
DeeJay Dallas,RB,0.9,0.6,2023,13
Tyquan Thornton,WR,0.9,3.9,2023,13
Jimmy Graham,TE,0.8,7.6,2023,13
Andrei Iosivas,WR,0.8,0.0,2023,13
Trevon Wesco,TE,0.7,0.0,2023,13
Alex Erickson,WR,0.6,3.3,2023,13
Deven Thompkins,WR,0.5,2.1,2023,13
David Bell,WR,0.5,3.2,2023,13
Isaiah McKenzie,WR,0.5,0.0,2023,13
Chase Brown,RB,0.4,6.1,2023,13
Charlie Woerner,TE,0.4,0.0,2023,13
Ty Montgomery,WR,0.3,0.2,2023,13
Ihmir Smith-Marsette,WR,0.3,0.0,2023,13
Ben Sims,TE,0.3,7.1,2023,13
Brady Russell,RB,0.2,0.0,2023,13
Austin Trammell,WR,0.2,0.0,2023,13
Mitchell Wilcox,TE,0.2,2.2,2023,13
Richie James,WR,0.2,2.2,2023,13
Charlie Jones,WR,0.1,0.0,2023,13
Lucas Krull,TE,0.1,0.0,2023,13
Colton Dowell,WR,0.1,0.0,2023,13
Godwin Igwebuike,RB,0.0,0.0,2023,13
Ko Kieft,TE,0.0,0.0,2023,13
Kevin Rader,TE,0.0,0.0,2023,13
Jameis Winston,QB,0.0,1.64,2023,13
Mike White,QB,0.0,0.12,2023,13
Tim Boyle,QB,0.0,4.12,2023,13
Sam Darnold,QB,0.0,-0.1,2023,13
Mitchell Trubisky,QB,0.0,7.18,2023,13
Dwayne Washington,RB,0.0,0.0,2023,13
Ben VanSumeren,RB,0.0,0.0,2023,13
Parker Washington,WR,0.0,18.1,2023,13
Bailey Zappe,QB,0.0,7.24,2023,13
James Proche,WR,0.0,0.0,2023,13
Rod Williams,TE,0.0,0.0,2023,13
C.J. Beathard,QB,0.0,3.22,2023,13
Davis Mills,QB,0.0,0.72,2023,13
Britain Covey,WR,0.0,0.0,2023,13
Josh Allen,QB,29.5,20.52,2023,14
Dak Prescott,QB,29.0,17.94,2023,14
Tyreek Hill,WR,28.5,10.1,2023,14
Christian McCaffrey,RB,28.0,16.3,2023,14
CeeDee Lamb,WR,26.4,19.1,2023,14
Brock Purdy,QB,24.4,21.42,2023,14
Tua Tagovailoa,QB,24.0,9.1,2023,14
Jalen Hurts,QB,22.6,8.88,2023,14
Joe Mixon,RB,21.8,21.5,2023,14
Lamar Jackson,QB,21.1,31.64,2023,14
Austin Ekeler,RB,20.8,21.0,2023,14
Justin Fields,QB,20.0,24.72,2023,14
Justin Herbert,QB,19.7,1.84,2023,14
Jake Browning,QB,19.2,23.7,2023,14
Joshua Dobbs,QB,18.2,4.62,2023,14
C.J. Stroud,QB,18.0,3.64,2023,14
Tony Pollard,RB,17.6,16.6,2023,14
George Kittle,TE,17.4,16.6,2023,14
Patrick Mahomes,QB,17.3,13.64,2023,14
Jaylen Waddle,WR,17.0,13.9,2023,14
Brandon Aiyuk,WR,16.7,16.6,2023,14
DK Metcalf,WR,15.8,13.2,2023,14
Russell Wilson,QB,15.7,15.46,2023,14
Justin Jefferson,WR,15.7,4.7,2023,14
Joe Flacco,QB,15.6,20.34,2023,14
Jared Goff,QB,15.5,4.44,2023,14
Breece Hall,RB,15.5,26.6,2023,14
Stefon Diggs,WR,15.1,6.4,2023,14
Ja'Marr Chase,WR,14.9,5.9,2023,14
Desmond Ridder,QB,14.9,25.38,2023,14
Josh Jacobs,RB,14.8,7.0,2023,14
Deebo Samuel Sr.,WR,14.8,34.0,2023,14
Jordan Love,QB,14.7,8.92,2023,14
Bijan Robinson,RB,14.6,19.8,2023,14
Travis Kelce,TE,14.4,14.3,2023,14
Devin Singletary,RB,14.4,12.5,2023,14
Raheem Mostert,RB,14.3,23.0,2023,14
Keenan Allen,WR,14.2,12.8,2023,14
Alvin Kamara,RB,14.2,13.5,2023,14
Trevor Lawrence,QB,14.0,17.38,2023,14
James Cook,RB,13.9,25.1,2023,14
De'Von Achane,RB,13.6,24.2,2023,14
Gardner Minshew,QB,13.5,14.1,2023,14
DJ Moore,WR,13.5,26.8,2023,14
Amon-Ra St. Brown,WR,13.3,5.1,2023,14
Davante Adams,WR,13.2,12.3,2023,14
A.J. Brown,WR,13.0,16.4,2023,14
Mike Evans,WR,12.7,1.8,2023,14
Travis Etienne,RB,12.6,17.2,2023,14
Tommy DeVito,QB,12.6,17.42,2023,14
Michael Pittman,WR,12.6,19.5,2023,14
Rachaad White,RB,12.6,21.5,2023,14
Brandin Cooks,WR,12.5,5.7,2023,14
Jahmyr Gibbs,RB,12.4,17.2,2023,14
Matthew Stafford,QB,12.3,23.66,2023,14
Amari Cooper,WR,12.2,12.7,2023,14
Derrick Henry,RB,12.1,18.1,2023,14
Aidan O'Connell,QB,12.1,5.04,2023,14
Saquon Barkley,RB,12.1,23.1,2023,14
Tyler Lockett,WR,12.1,14.9,2023,14
DeVonta Smith,WR,12.0,10.3,2023,14
Jake Ferguson,TE,11.9,12.2,2023,14
Baker Mayfield,QB,11.9,20.06,2023,14
David Montgomery,RB,11.8,11.5,2023,14
Will Levis,QB,11.5,16.58,2023,14
Courtland Sutton,WR,11.4,15.2,2023,14
Chris Olave,WR,11.3,12.8,2023,14
T.J. Hockenson,TE,11.2,10.3,2023,14
Drake London,WR,11.2,29.2,2023,14
Puka Nacua,WR,11.0,14.0,2023,14
Kyren Williams,RB,11.0,14.3,2023,14
Jakobi Meyers,WR,10.9,7.5,2023,14
Cooper Kupp,WR,10.9,25.5,2023,14
Garrett Wilson,WR,10.9,20.1,2023,14
George Pickens,WR,10.9,6.9,2023,14
Rashee Rice,WR,10.8,18.2,2023,14
Najee Harris,RB,10.7,7.8,2023,14
Diontae Johnson,WR,10.7,14.7,2023,14
Gabe Davis,WR,10.6,0.0,2023,14
Nico Collins,WR,10.5,2.3,2023,14
Jaylen Warren,RB,10.3,8.0,2023,14
DeAndre Hopkins,WR,10.2,25.4,2023,14
D'Onta Foreman,RB,10.0,9.2,2023,14
Gus Edwards,RB,9.9,1.5,2023,14
Chuba Hubbard,RB,9.8,11.6,2023,14
Javonte Williams,RB,9.8,18.1,2023,14
Sam LaPorta,TE,9.7,4.7,2023,14
D'Andre Swift,RB,9.5,3.9,2023,14
Zack Moss,RB,9.5,9.6,2023,14
Jordan Addison,WR,9.4,4.7,2023,14
Dalton Kincaid,TE,9.2,7.1,2023,14
Zay Flowers,WR,9.2,20.0,2023,14
Jaxon Smith-Njigba,WR,9.2,6.5,2023,14
Kenneth Walker III,RB,9.2,9.4,2023,14
Zach Charbonnet,RB,9.1,5.8,2023,14
Bailey Zappe,QB,9.0,20.9,2023,14
Elijah Moore,WR,9.0,7.2,2023,14
David Njoku,TE,8.8,27.1,2023,14
Kyle Pitts,TE,8.6,14.7,2023,14
AJ Dillon,RB,8.5,19.6,2023,14
Cole Kmet,TE,8.4,11.6,2023,14
Jerome Ford,RB,8.4,13.2,2023,14
Pat Freiermuth,TE,8.2,6.8,2023,14
Alexander Mattison,RB,8.1,6.6,2023,14
Bryce Young,QB,8.1,7.48,2023,14
Tee Higgins,WR,8.0,9.2,2023,14
Khalil Herbert,RB,7.9,0.8,2023,14
Calvin Ridley,WR,7.9,9.3,2023,14
Dameon Pierce,RB,7.8,1.7,2023,14
Tyjae Spears,RB,7.7,17.8,2023,14
Jerry Jeudy,WR,7.7,3.6,2023,14
Cedrick Wilson Jr.,WR,7.6,10.0,2023,14
Dallas Goedert,TE,7.5,7.0,2023,14
Adam Thielen,WR,7.5,12.4,2023,14
Tyler Boyd,WR,7.5,4.3,2023,14
Josh Downs,WR,7.4,6.2,2023,14
Romeo Doubs,WR,7.4,7.2,2023,14
Latavius Murray,RB,7.2,4.0,2023,14
Jauan Jennings,WR,7.1,0.0,2023,14
Keaton Mitchell,RB,7.0,7.2,2023,14
Khalil Shakir,WR,7.0,2.2,2023,14
Ezekiel Elliott,RB,6.8,27.0,2023,14
Gerald Everett,TE,6.7,8.9,2023,14
K.J. Osborn,WR,6.7,5.5,2023,14
Odell Beckham Jr.,WR,6.7,39.4,2023,14
Chris Godwin Jr.,WR,6.7,10.3,2023,14
Jayden Reed,WR,6.5,20.5,2023,14
Kareem Hunt,RB,6.4,10.0,2023,14
Evan Engram,TE,6.3,32.5,2023,14
Tyler Conklin,TE,6.2,9.7,2023,14
Jonnu Smith,TE,6.2,6.7,2023,14
Cedric Tillman,WR,5.9,4.3,2023,14
Roschon Johnson,RB,5.8,0.6,2023,14
Michael Gallup,WR,5.8,13.8,2023,14
Justin Watson,WR,5.7,2.8,2023,14
Chig Okonkwo,TE,5.7,9.6,2023,14
Rashod Bateman,WR,5.7,4.4,2023,14
Alec Pierce,WR,5.7,4.2,2023,14
Tyler Allgeier,RB,5.7,4.0,2023,14
Noah Brown,WR,5.6,0.0,2023,14
Samaje Perine,RB,5.5,9.4,2023,14
Jamaal Williams,RB,5.4,4.3,2023,14
Joshua Kelley,RB,5.4,0.6,2023,14
Tutu Atwell,WR,5.3,0.0,2023,14
Darnell Mooney,WR,5.2,6.4,2023,14
Michael Mayer,TE,5.2,2.4,2023,14
Cade Otton,TE,5.2,9.6,2023,14
Dawson Knox,TE,5.1,6.6,2023,14
Zay Jones,WR,5.1,7.9,2023,14
A.T. Perry,WR,5.1,5.4,2023,14
Chase Claypool,WR,5.1,0.0,2023,14
Quentin Johnston,WR,5.1,12.1,2023,14
Jerick McKinnon,RB,5.0,12.7,2023,14
Allen Lazard,WR,5.0,0.0,2023,14
Jonathan Mingo,WR,4.9,4.2,2023,14
Miles Sanders,RB,4.8,7.4,2023,14
Jalin Hyatt,WR,4.8,3.3,2023,14
Durham Smythe,TE,4.8,3.6,2023,14
Hunter Renfrow,WR,4.7,5.6,2023,14
Dontayvion Wicks,WR,4.7,4.0,2023,14
DJ Chark,WR,4.7,4.6,2023,14
Tanner Hudson,TE,4.6,10.1,2023,14
Wan'Dale Robinson,WR,4.6,17.5,2023,14
Josh Reynolds,WR,4.6,13.4,2023,14
Noah Fant,TE,4.5,5.5,2023,14
Darius Slayton,WR,4.4,3.4,2023,14
KhaDarel Hodge,WR,4.4,2.8,2023,14
Mack Hollins,WR,4.4,1.4,2023,14
Rico Dowdle,RB,4.3,12.2,2023,14
Allen Robinson,WR,4.3,3.1,2023,14
Brandon Powell,WR,4.3,0.0,2023,14
Nelson Agholor,WR,4.3,8.2,2023,14
Xavier Gipson,WR,4.3,8.2,2023,14
Donald Parham,TE,4.2,2.1,2023,14
Kenny Gainwell,RB,4.2,2.8,2023,14
Isaiah Likely,TE,4.1,19.3,2023,14
Juwan Johnson,TE,4.1,3.0,2023,14
Trey Palmer,WR,4.1,1.8,2023,14
Jalen Tolbert,WR,4.1,0.0,2023,14
MyCole Pruitt,TE,4.0,3.5,2023,14
Cordarrelle Patterson,RB,4.0,0.7,2023,14
Nick Westbrook-Ikhine,WR,4.0,6.8,2023,14
Chris Moore,WR,3.9,3.2,2023,14
Treylon Burks,WR,3.9,1.6,2023,14
Ty Chandler,RB,3.8,7.2,2023,14
Kylen Granson,TE,3.7,3.7,2023,14
Justice Hill,RB,3.7,2.2,2023,14
Israel Abanikanda,RB,3.7,-0.1,2023,14
Marquez Valdes-Scantling,WR,3.6,4.2,2023,14
Jaleel McLaughlin,RB,3.6,4.2,2023,14
KaVontae Turpin,WR,3.5,4.4,2023,14
Brevin Jordan,TE,3.5,6.5,2023,14
Jameson Williams,WR,3.4,0.4,2023,14
Robert Woods,WR,3.4,0.8,2023,14
Josh Oliver,TE,3.4,0.0,2023,14
Adam Trautman,TE,3.4,9.9,2023,14
Royce Freeman,RB,3.4,0.9,2023,14
Luke Schoonmaker,TE,3.4,0.0,2023,14
Skyy Moore,WR,3.3,0.0,2023,14
Marvin Mims Jr.,WR,3.2,3.1,2023,14
Kalif Raymond,WR,3.1,4.5,2023,14
Hunter Henry,TE,3.1,19.0,2023,14
Dalvin Cook,RB,3.1,1.8,2023,14
Tre Tucker,WR,3.0,0.0,2023,14
Ty Johnson,RB,3.0,4.1,2023,14
Ameer Abdullah,RB,3.0,3.9,2023,14
Isaiah Hodgins,WR,2.9,10.2,2023,14
Tucker Kraft,TE,2.9,10.4,2023,14
Lynn Bowden,WR,2.8,6.4,2023,14
Andrew Ogletree,TE,2.8,0.0,2023,14
Darnell Washington,TE,2.8,2.2,2023,14
Scott Miller,WR,2.8,0.0,2023,14
D'Ernest Johnson,RB,2.8,4.8,2023,14
Peyton Hendershot,TE,2.6,0.0,2023,14
Tyler Scott,WR,2.6,2.1,2023,14
JuJu Smith-Schuster,WR,2.6,13.0,2023,14
Austin Hooper,TE,2.6,1.5,2023,14
Chase Brown,RB,2.6,19.5,2023,14
Drew Sample,TE,2.6,2.4,2023,14
Tommy Tremble,TE,2.6,1.2,2023,14
Daniel Bellinger,TE,2.5,3.5,2023,14
Calvin Austin III,WR,2.4,1.2,2023,14
Foster Moreau,TE,2.4,2.8,2023,14
Braxton Berrios,WR,2.3,3.3,2023,14
Clyde Edwards-Helaire,RB,2.3,8.8,2023,14
Colby Parkinson,TE,2.3,10.8,2023,14
Brock Wright,TE,2.2,2.6,2023,14
Craig Reynolds,RB,2.2,0.0,2023,14
Mo Alie-Cox,TE,2.2,7.2,2023,14
Chase Edmonds,RB,2.1,7.8,2023,14
Dare Ogunbowale,RB,2.1,2.1,2023,14
Isaiah Spiller,RB,2.1,1.9,2023,14
Patrick Taylor,RB,2.1,7.2,2023,14
Matt Breida,RB,2.0,1.6,2023,14
Jeremy Ruckert,TE,2.0,6.7,2023,14
Kadarius Toney,WR,2.0,7.1,2023,14
Charlie Kolar,TE,2.0,0.0,2023,14
Pierre Strong,RB,1.9,0.0,2023,14
Lawrence Cager,TE,1.8,0.0,2023,14
Jordan Mason,RB,1.8,9.6,2023,14
Jordan Akins,TE,1.8,1.3,2023,14
Will Dissly,TE,1.8,1.3,2023,14
Olamide Zaccheaus,WR,1.8,3.8,2023,14
Marcedes Lewis,TE,1.8,1.4,2023,14
Jalen Guyton,WR,1.7,1.8,2023,14
Raheem Blackshear,RB,1.6,1.8,2023,14
Lucas Krull,TE,1.6,4.5,2023,14
Jalen Nailor,WR,1.6,3.3,2023,14
Deonte Harty,WR,1.6,3.5,2023,14
Trey Sermon,RB,1.5,1.3,2023,14
Malik Heath,WR,1.4,7.6,2023,14
Will Mallory,TE,1.4,9.6,2023,14
Trayveon Williams,RB,1.4,0.9,2023,14
Jimmy Graham,TE,1.4,9.6,2023,14
Donovan Peoples-Jones,WR,1.4,2.7,2023,14
Trent Sherfield,WR,1.3,1.9,2023,14
Demarcus Robinson,WR,1.3,13.6,2023,14
Lil'Jordan Humphrey,WR,1.3,2.2,2023,14
Pharaoh Brown,TE,1.3,1.4,2023,14
Boston Scott,RB,1.3,0.9,2023,14
Tyler Goodson,RB,1.2,0.8,2023,14
John Metchie III,WR,1.2,3.2,2023,14
DeeJay Dallas,RB,1.2,0.0,2023,14
Zamir White,RB,1.1,0.8,2023,14
Johnny Mundt,TE,1.1,1.4,2023,14
Stephen Sullivan,TE,1.1,0.0,2023,14
Samori Toure,WR,1.1,4.2,2023,14
Ben Skowronek,WR,1.0,0.0,2023,14
Nick Bawden,RB,1.0,0.3,2023,14
Alex Erickson,WR,0.9,1.9,2023,14
Ronnie Bell,WR,0.9,0.0,2023,14
Derius Davis,WR,0.7,0.0,2023,14
Randall Cobb,WR,0.7,8.5,2023,14
Mitchell Wilcox,TE,0.7,1.0,2023,14
Deven Thompkins,WR,0.6,0.0,2023,14
David Bell,WR,0.6,11.1,2023,14
Jalen Reagor,WR,0.6,0.0,2023,14
Tyquan Thornton,WR,0.5,4.7,2023,14
Xavier Hutchinson,WR,0.5,3.5,2023,14
Charlie Woerner,TE,0.5,1.3,2023,14
Richie James,WR,0.5,1.4,2023,14
Velus Jones Jr.,WR,0.4,2.1,2023,14
DeAndre Carter,WR,0.4,0.0,2023,14
Isaiah McKenzie,WR,0.4,0.0,2023,14
Devin Duvernay,WR,0.3,0.0,2023,14
Davis Allen,TE,0.3,15.0,2023,14
Kene Nwangwu,RB,0.3,0.3,2023,14
Tylan Wallace,WR,0.3,6.0,2023,14
Brady Russell,RB,0.2,0.0,2023,14
Jakob Johnson,RB,0.2,0.0,2023,14
Ihmir Smith-Marsette,WR,0.2,1.0,2023,14
Ty Montgomery,WR,0.1,2.7,2023,14
Austin Trammell,WR,0.1,0.0,2023,14
Charlie Jones,WR,0.1,0.0,2023,14
David Moore,WR,0.1,2.1,2023,14
Britain Covey,WR,0.0,0.0,2023,14
Brandon Bolden,RB,0.0,0.0,2023,14
Zach Wilson,QB,0.0,19.24,2023,14
Dorian Thompson-Robinson,QB,0.0,0.5,2023,14
Ko Kieft,TE,0.0,0.0,2023,14
Drew Lock,QB,0.0,15.26,2023,14
Trent Taylor,WR,0.0,0.0,2023,14
James Proche,WR,0.0,0.0,2023,14
Godwin Igwebuike,RB,0.0,0.0,2023,14
Parker Washington,WR,0.0,8.7,2023,14
Travis Homer,RB,0.0,0.0,2023,14
Gunner Olszewski,WR,0.0,0.0,2023,14
Matthew Slater,WR,0.0,0.0,2023,14
Davis Mills,QB,0.0,0.16,2023,14
Derek Carr,QB,0.0,10.76,2023,14
Mitchell Trubisky,QB,0.0,20.6,2023,14
Jameis Winston,QB,0.0,-0.2,2023,14
Jalen Hurts,QB,29.5,21.92,2023,15
Christian McCaffrey,RB,29.3,41.7,2023,15
Brock Purdy,QB,26.7,25.68,2023,15
Lamar Jackson,QB,22.8,18.54,2023,15
Patrick Mahomes,QB,21.2,15.7,2023,15
Josh Allen,QB,21.0,16.16,2023,15
Jordan Love,QB,20.4,17.46,2023,15
Matthew Stafford,QB,19.1,18.52,2023,15
Jared Goff,QB,18.8,31.12,2023,15
Justin Jefferson,WR,18.8,15.4,2023,15
Deebo Samuel Sr.,WR,18.5,21.9,2023,15
Travis Kelce,TE,18.5,7.8,2023,15
Dak Prescott,QB,18.5,6.06,2023,15
Kyler Murray,QB,18.4,13.34,2023,15
Russell Wilson,QB,18.4,17.52,2023,15
Brandon Aiyuk,WR,18.4,6.7,2023,15
Sam Howell,QB,18.2,8.28,2023,15
CeeDee Lamb,WR,18.1,18.6,2023,15
Jahmyr Gibbs,RB,18.0,24.8,2023,15
Jake Browning,QB,17.9,18.96,2023,15
George Kittle,TE,17.9,7.4,2023,15
Austin Ekeler,RB,17.3,7.8,2023,15
Derrick Henry,RB,17.1,5.0,2023,15
Rachaad White,RB,17.1,21.9,2023,15
A.J. Brown,WR,16.7,10.6,2023,15
Joe Mixon,RB,16.6,15.1,2023,15
Cooper Kupp,WR,16.1,25.1,2023,15
Mitchell Trubisky,QB,15.7,12.86,2023,15
Raheem Mostert,RB,15.5,18.3,2023,15
Justin Fields,QB,15.2,9.64,2023,15
Gardner Minshew,QB,15.1,20.6,2023,15
Alvin Kamara,RB,15.1,16.0,2023,15
Amon-Ra St. Brown,WR,14.9,24.2,2023,15
Michael Pittman,WR,14.9,11.8,2023,15
Rashee Rice,WR,14.7,24.1,2023,15
DeVonta Smith,WR,14.7,10.0,2023,15
Trevor Lawrence,QB,14.4,14.66,2023,15
DK Metcalf,WR,14.4,12.8,2023,15
T.J. Hockenson,TE,14.2,12.3,2023,15
David Montgomery,RB,14.2,10.2,2023,15
Devin Singletary,RB,14.0,21.0,2023,15
Puka Nacua,WR,14.0,10.3,2023,15
Tua Tagovailoa,QB,14.0,12.96,2023,15
Joe Flacco,QB,13.8,16.86,2023,15
D'Andre Swift,RB,13.5,9.5,2023,15
Breece Hall,RB,13.4,2.8,2023,15
Baker Mayfield,QB,13.4,29.04,2023,15
Will Levis,QB,13.4,14.46,2023,15
Tony Pollard,RB,13.2,7.7,2023,15
Sam LaPorta,TE,13.1,28.6,2023,15
Courtland Sutton,WR,13.1,12.1,2023,15
Ja'Marr Chase,WR,13.0,10.4,2023,15
Bijan Robinson,RB,12.8,0.4,2023,15
DeAndre Hopkins,WR,12.8,4.1,2023,15
James Cook,RB,12.7,36.1,2023,15
Kyren Williams,RB,12.5,24.5,2023,15
De'Von Achane,RB,12.5,18.4,2023,15
Mike Evans,WR,12.3,15.7,2023,15
Tommy DeVito,QB,12.3,10.68,2023,15
Travis Etienne,RB,12.3,9.9,2023,15
Desmond Ridder,QB,12.1,7.88,2023,15
Jaylen Waddle,WR,12.0,28.2,2023,15
Stefon Diggs,WR,12.0,8.8,2023,15
Derek Carr,QB,11.9,20.32,2023,15
Zach Wilson,QB,11.9,-0.96,2023,15
Davante Adams,WR,11.9,24.1,2023,15
Tyler Lockett,WR,11.6,5.1,2023,15
Bailey Zappe,QB,11.5,9.4,2023,15
Najee Harris,RB,11.5,1.3,2023,15
Saquon Barkley,RB,11.4,5.7,2023,15
DJ Moore,WR,11.3,9.2,2023,15
Trey McBride,TE,11.3,20.2,2023,15
James Conner,RB,11.3,17.9,2023,15
Amari Cooper,WR,11.0,20.9,2023,15
Zack Moss,RB,10.8,12.3,2023,15
Antonio Gibson,RB,10.8,8.5,2023,15
Aidan O'Connell,QB,10.7,25.92,2023,15
Jaylen Warren,RB,10.6,11.8,2023,15
Javonte Williams,RB,10.4,4.0,2023,15
Tyjae Spears,RB,10.3,4.7,2023,15
Drake London,WR,10.3,4.4,2023,15
Jordan Addison,WR,10.3,29.1,2023,15
Dallas Goedert,TE,10.3,7.1,2023,15
Garrett Wilson,WR,10.2,5.9,2023,15
Aaron Jones,RB,10.2,10.9,2023,15
Zach Charbonnet,RB,10.1,1.6,2023,15
Diontae Johnson,WR,9.9,16.2,2023,15
Kenneth Walker III,RB,9.8,20.2,2023,15
Terry McLaurin,WR,9.8,26.1,2023,15
Michael Wilson,WR,9.7,0.0,2023,15
Romeo Doubs,WR,9.6,6.0,2023,15
Jakobi Meyers,WR,9.6,15.68,2023,15
Zay Flowers,WR,9.6,1.7,2023,15
Evan Engram,TE,9.4,6.8,2023,15
David Njoku,TE,9.4,26.4,2023,15
Jahan Dotson,WR,9.4,2.2,2023,15
Jerome Ford,RB,9.2,7.1,2023,15
D'Onta Foreman,RB,9.2,-0.6,2023,15
George Pickens,WR,9.0,7.7,2023,15
Chuba Hubbard,RB,9.0,12.3,2023,15
Ezekiel Elliott,RB,8.9,9.6,2023,15
Jayden Reed,WR,8.7,17.2,2023,15
Jake Ferguson,TE,8.7,10.4,2023,15
Jaxon Smith-Njigba,WR,8.4,14.8,2023,15
Josh Downs,WR,8.3,4.9,2023,15
Curtis Samuel,WR,8.3,21.1,2023,15
Brandin Cooks,WR,8.2,3.0,2023,15
Jerry Jeudy,WR,8.1,10.4,2023,15
Tee Higgins,WR,8.1,22.1,2023,15
Chris Godwin Jr.,WR,8.0,25.5,2023,15
Odell Beckham Jr.,WR,7.9,4.8,2023,15
Gabe Davis,WR,7.8,0.0,2023,15
Pat Freiermuth,TE,7.7,4.6,2023,15
Gus Edwards,RB,7.7,13.9,2023,15
Calvin Ridley,WR,7.6,8.9,2023,15
Dalton Kincaid,TE,7.6,0.0,2023,15
Bryce Young,QB,7.6,7.58,2023,15
Elijah Moore,WR,7.5,3.7,2023,15
Darren Waller,TE,7.3,8.0,2023,15
Dalton Schultz,TE,7.2,9.8,2023,15
Cole Kmet,TE,7.1,13.3,2023,15
Kareem Hunt,RB,7.1,3.0,2023,15
Chig Okonkwo,TE,7.0,6.6,2023,15
Adam Thielen,WR,6.8,8.3,2023,15
K.J. Osborn,WR,6.8,1.3,2023,15
Tyler Boyd,WR,6.8,7.3,2023,15
Jerick McKinnon,RB,6.8,16.16,2023,15
Justin Watson,WR,6.7,4.1,2023,15
Logan Thomas,TE,6.7,1.7,2023,15
Josh Reynolds,WR,6.5,6.1,2023,15
Dameon Pierce,RB,6.4,0.3,2023,15
Tyler Higbee,TE,6.4,7.6,2023,15
Emari Demercado,RB,6.3,14.0,2023,15
Keaton Mitchell,RB,6.2,10.8,2023,15
Kyle Pitts,TE,6.2,6.7,2023,15
Khalil Herbert,RB,6.1,2.2,2023,15
Alec Pierce,WR,6.1,2.3,2023,15
Dontayvion Wicks,WR,6.0,15.7,2023,15
Rondale Moore,WR,6.0,2.8,2023,15
Isaiah Likely,TE,5.9,18.0,2023,15
Demarcus Robinson,WR,5.8,14.7,2023,15
Samaje Perine,RB,5.8,5.8,2023,15
Kenny Gainwell,RB,5.8,2.1,2023,15
Josh Palmer,WR,5.8,21.3,2023,15
Rashid Shaheed,WR,5.7,6.6,2023,15
Jauan Jennings,WR,5.6,4.5,2023,15
Noah Brown,WR,5.5,22.2,2023,15
Cade Otton,TE,5.5,6.4,2023,15
Latavius Murray,RB,5.5,7.1,2023,15
Khalil Shakir,WR,5.4,0.0,2023,15
Greg Dortch,WR,5.4,4.0,2023,15
Jamaal Williams,RB,5.4,3.6,2023,15
Tucker Kraft,TE,5.3,15.7,2023,15
A.T. Perry,WR,5.3,5.4,2023,15
Chase Brown,RB,5.3,8.1,2023,15
Zay Jones,WR,5.3,10.9,2023,15
Adam Trautman,TE,5.2,3.4,2023,15
Rashod Bateman,WR,5.2,6.9,2023,15
Roschon Johnson,RB,5.1,10.0,2023,15
Michael Gallup,WR,5.0,1.9,2023,15
Cedric Tillman,WR,5.0,9.2,2023,15
Quez Watkins,WR,4.9,0.0,2023,15
Michael Mayer,TE,4.9,13.9,2023,15
Tyler Conklin,TE,4.9,5.8,2023,15
Tyler Allgeier,RB,4.9,6.1,2023,15
Noah Gray,TE,4.7,5.7,2023,15
Nick Westbrook-Ikhine,WR,4.7,4.3,2023,15
Quentin Johnston,WR,4.7,10.3,2023,15
Noah Fant,TE,4.7,4.6,2023,15
Hunter Renfrow,WR,4.7,0.0,2023,15
Cedrick Wilson Jr.,WR,4.6,4.4,2023,15
Marquez Valdes-Scantling,WR,4.6,2.7,2023,15
Wan'Dale Robinson,WR,4.6,6.5,2023,15
Miles Sanders,RB,4.5,3.3,2023,15
Clyde Edwards-Helaire,RB,4.5,20.1,2023,15
Nelson Agholor,WR,4.5,0.0,2023,15
DeMario Douglas,WR,4.4,6.3,2023,15
Darnell Mooney,WR,4.3,3.4,2023,15
Trey Palmer,WR,4.3,1.5,2023,15
Jonnu Smith,TE,4.3,8.1,2023,15
Davis Allen,TE,4.2,2.4,2023,15
Chris Moore,WR,4.2,6.9,2023,15
Tanner Hudson,TE,4.1,9.9,2023,15
DJ Chark,WR,4.1,2.8,2023,15
Juwan Johnson,TE,4.1,11.8,2023,15
Jonathan Mingo,WR,4.1,7.2,2023,15
Rico Dowdle,RB,4.0,3.2,2023,15
Brandon Johnson,WR,4.0,0.0,2023,15
Ty Chandler,RB,3.9,24.7,2023,15
Jeff Wilson,RB,3.9,3.2,2023,15
Brandon Powell,WR,3.9,0.0,2023,15
Gerald Everett,TE,3.9,9.1,2023,15
Julio Jones,WR,3.9,1.6,2023,15
Kalif Raymond,WR,3.9,2.2,2023,15
Kylen Granson,TE,3.9,1.6,2023,15
Durham Smythe,TE,3.8,7.2,2023,15
Treylon Burks,WR,3.7,9.4,2023,15
Hunter Henry,TE,3.7,19.6,2023,15
Lynn Bowden,WR,3.7,6.1,2023,15
Joshua Kelley,RB,3.7,1.8,2023,15
Jaleel McLaughlin,RB,3.6,3.8,2023,15
Jalin Hyatt,WR,3.6,0.0,2023,15
Marvin Mims Jr.,WR,3.5,1.1,2023,15
Brevin Jordan,TE,3.5,2.4,2023,15
Allen Robinson,WR,3.5,4.9,2023,15
Patrick Taylor,RB,3.5,2.2,2023,15
DeVante Parker,WR,3.4,9.4,2023,15
Royce Freeman,RB,3.4,1.6,2023,15
Josh Oliver,TE,3.4,3.4,2023,15
Taysom Hill,TE,3.4,1.5,2023,15
Jake Bobo,WR,3.4,1.4,2023,15
Xavier Gipson,WR,3.4,4.9,2023,15
Darius Slayton,WR,3.4,10.3,2023,15
Jordan Mason,RB,3.4,2.0,2023,15
Mo Alie-Cox,TE,3.4,10.1,2023,15
Jameson Williams,WR,3.4,8.7,2023,15
Colby Parkinson,TE,3.4,1.6,2023,15
Robert Woods,WR,3.3,6.0,2023,15
Allen Lazard,WR,3.3,5.1,2023,15
Chase Edmonds,RB,3.3,1.3,2023,15
Harrison Bryant,TE,3.3,0.0,2023,15
Kadarius Toney,WR,3.3,2.5,2023,15
Kenyan Drake,RB,3.2,0.0,2023,15
Cordarrelle Patterson,RB,3.2,7.0,2023,15
Ty Johnson,RB,3.1,6.8,2023,15
Isaiah Hodgins,WR,3.1,0.0,2023,15
Van Jefferson,WR,3.1,0.0,2023,15
KhaDarel Hodge,WR,3.1,2.0,2023,15
D'Ernest Johnson,RB,3.1,0.5,2023,15
Dyami Brown,WR,2.9,0.0,2023,15
Ameer Abdullah,RB,2.9,6.5,2023,15
Andrew Ogletree,TE,2.8,0.0,2023,15
Byron Pringle,WR,2.8,1.5,2023,15
Julian Hill,TE,2.7,0.0,2023,15
Chris Rodriguez Jr.,RB,2.7,3.5,2023,15
Foster Moreau,TE,2.6,4.3,2023,15
Justice Hill,RB,2.6,2.3,2023,15
Lucas Krull,TE,2.6,2.8,2023,15
John Bates,TE,2.5,0.0,2023,15
Blake Bell,TE,2.5,0.0,2023,15
Malik Heath,WR,2.5,5.9,2023,15
Dalvin Cook,RB,2.4,2.0,2023,15
Mike Gesicki,TE,2.4,1.7,2023,15
Scott Miller,WR,2.4,0.0,2023,15
Austin Hooper,TE,2.4,0.0,2023,15
Dare Ogunbowale,RB,2.3,1.7,2023,15
Jimmy Graham,TE,2.3,8.9,2023,15
Irv Smith,TE,2.3,3.8,2023,15
Daniel Bellinger,TE,2.3,3.3,2023,15
Craig Reynolds,RB,2.3,0.0,2023,15
Randall Cobb,WR,2.2,0.0,2023,15
Drew Sample,TE,2.2,0.0,2023,15
Robbie Chosen,WR,2.2,0.0,2023,15
Jamison Crowder,WR,2.2,0.0,2023,15
Luke Farrell,TE,2.2,3.8,2023,15
Chase Claypool,WR,2.1,2.8,2023,15
Geoff Swaim,TE,2.1,3.6,2023,15
KaVontae Turpin,WR,2.1,0.0,2023,15
Tyler Scott,WR,2.1,7.6,2023,15
Tommy Tremble,TE,2.0,5.2,2023,15
Jeremy Ruckert,TE,2.0,3.6,2023,15
Boston Scott,RB,2.0,0.0,2023,15
Tre Tucker,WR,2.0,20.7,2023,15
Elijah Higgins,TE,1.9,14.4,2023,15
Will Dissly,TE,1.9,2.9,2023,15
Tyler Goodson,RB,1.8,9.9,2023,15
Braxton Berrios,WR,1.7,2.2,2023,15
Pierre Strong,RB,1.7,3.1,2023,15
Israel Abanikanda,RB,1.6,3.9,2023,15
Deonte Harty,WR,1.6,0.0,2023,15
Lil'Jordan Humphrey,WR,1.6,10.6,2023,15
David Moore,WR,1.6,14.8,2023,15
Matt Breida,RB,1.6,4.1,2023,15
Jordan Akins,TE,1.6,1.8,2023,15
Isaiah Spiller,RB,1.6,5.0,2023,15
Trey Sermon,RB,1.6,8.8,2023,15
Charlie Kolar,TE,1.5,2.5,2023,15
Johnny Mundt,TE,1.4,1.3,2023,15
Parker Washington,WR,1.4,5.2,2023,15
Jalen Guyton,WR,1.3,3.9,2023,15
John Metchie III,WR,1.3,2.2,2023,15
Peyton Hendershot,TE,1.3,1.5,2023,15
Tank Bigsby,RB,1.3,-0.2,2023,15
Robert Tonyan,TE,1.2,0.0,2023,15
DeeJay Dallas,RB,1.2,0.0,2023,15
Jamal Agnew,WR,1.2,15.0,2023,15
Trayveon Williams,RB,1.2,2.2,2023,15
Donovan Peoples-Jones,WR,1.1,1.5,2023,15
Ben Sims,TE,1.1,0.0,2023,15
Keith Kirkwood,WR,1.1,7.7,2023,15
Andrei Iosivas,WR,1.1,1.5,2023,15
Lawrence Cager,TE,1.1,1.9,2023,15
Stone Smartt,TE,1.1,4.5,2023,15
Pharaoh Brown,TE,1.1,1.4,2023,15
Hunter Luepke,RB,1.0,0.3,2023,15
Zamir White,RB,1.0,17.5,2023,15
Stephen Sullivan,TE,0.9,2.4,2023,15
Tyquan Thornton,WR,0.9,1.5,2023,15
Marquise Goodwin,WR,0.9,6.7,2023,15
Eric Gray,RB,0.9,3.6,2023,15
Richie James,WR,0.8,2.7,2023,15
Alex Erickson,WR,0.8,8.3,2023,15
Ben Skowronek,WR,0.8,0.0,2023,15
Ronnie Bell,WR,0.7,0.0,2023,15
Velus Jones Jr.,WR,0.6,2.3,2023,15
Xavier Hutchinson,WR,0.6,0.5,2023,15
Mitchell Wilcox,TE,0.6,4.0,2023,15
Steven Sims,WR,0.5,1.1,2023,15
Derius Davis,WR,0.5,0.8,2023,15
Deven Thompkins,WR,0.5,-0.1,2023,15
Zach Pascal,WR,0.4,0.0,2023,15
Jalen Reagor,WR,0.3,0.0,2023,15
Miles Boykin,WR,0.3,0.0,2023,15
DeAndre Carter,WR,0.3,0.0,2023,15
Kene Nwangwu,RB,0.3,0.1,2023,15
Jesper Horsted,TE,0.2,0.0,2023,15
Ihmir Smith-Marsette,WR,0.1,5.2,2023,15
Charlie Jones,WR,0.1,3.0,2023,15
Austin Trammell,WR,0.1,0.0,2023,15
Elijah Cooks,WR,0.1,0.0,2023,15
Jakob Johnson,RB,0.1,0.0,2023,15
Rod Williams,TE,0.0,0.0,2023,15
Clayton Tune,QB,0.0,0.0,2023,15
Britain Covey,WR,0.0,0.0,2023,15
Godwin Igwebuike,RB,0.0,0.0,2023,15
Ko Kieft,TE,0.0,7.2,2023,15
Dorian Thompson-Robinson,QB,0.0,0.2,2023,15
Drew Lock,QB,0.0,12.12,2023,15
Davis Mills,QB,0.0,0.0,2023,15
Tylan Wallace,WR,0.0,0.0,2023,15
Travis Homer,RB,0.0,0.0,2023,15
Mason Kinsey,WR,0.0,0.0,2023,15
James Proche,WR,0.0,0.0,2023,15
Sam Darnold,QB,0.0,0.6,2023,15
Gunner Olszewski,WR,0.0,0.0,2023,15
Tyrod Taylor,QB,0.0,0.52,2023,15
Mike White,QB,0.0,-0.04,2023,15
Brandon Bolden,RB,0.0,8.5,2023,15
Trent Taylor,WR,0.0,0.0,2023,15
Josh Allen,QB,26.0,24.98,2023,16
Justin Fields,QB,22.6,24.5,2023,16
Jalen Hurts,QB,22.2,23.44,2023,16
Trevor Lawrence,QB,21.9,9.34,2023,16
Lamar Jackson,QB,21.3,22.58,2023,16
Christian McCaffrey,RB,21.2,25.1,2023,16
Jake Browning,QB,20.6,13.4,2023,16
Joe Mixon,RB,19.5,9.0,2023,16
James Cook,RB,19.5,5.0,2023,16
Jared Goff,QB,19.0,14.28,2023,16
Patrick Mahomes,QB,18.9,16.7,2023,16
CeeDee Lamb,WR,18.7,25.2,2023,16
Brock Purdy,QB,18.1,2.4,2023,16
Russell Wilson,QB,18.1,23.52,2023,16
Joe Flacco,QB,17.8,24.82,2023,16
Dak Prescott,QB,17.4,18.62,2023,16
DJ Moore,WR,17.0,4.8,2023,16
Derrick Henry,RB,16.8,21.38,2023,16
Nick Mullens,QB,16.7,16.54,2023,16
Baker Mayfield,QB,16.2,19.82,2023,16
DK Metcalf,WR,16.1,15.6,2023,16
Rachaad White,RB,15.9,19.7,2023,16
Justin Jefferson,WR,15.3,26.1,2023,16
Derek Carr,QB,15.3,24.96,2023,16
Jordan Love,QB,15.2,23.96,2023,16
Amon-Ra St. Brown,WR,15.2,28.6,2023,16
Isiah Pacheco,RB,15.1,10.6,2023,16
Tyreek Hill,WR,14.9,18.9,2023,16
Tommy DeVito,QB,14.9,2.7,2023,16
Austin Ekeler,RB,14.9,11.6,2023,16
Travis Kelce,TE,14.8,9.4,2023,16
Alvin Kamara,RB,14.7,8.5,2023,16
Matthew Stafford,QB,14.6,20.72,2023,16
David Njoku,TE,14.6,16.4,2023,16
Travis Etienne,RB,14.6,6.1,2023,16
Jahmyr Gibbs,RB,14.6,24.0,2023,16
Kyler Murray,QB,14.6,20.4,2023,16
Amari Cooper,WR,14.6,51.5,2023,16
Stefon Diggs,WR,14.4,7.9,2023,16
Courtland Sutton,WR,14.4,0.0,2023,16
Devin Singletary,RB,14.3,9.3,2023,16
Rashee Rice,WR,14.3,11.7,2023,16
Bijan Robinson,RB,14.2,19.2,2023,16
Cooper Kupp,WR,13.8,10.9,2023,16
Cole Kmet,TE,13.6,14.7,2023,16
Deebo Samuel Sr.,WR,13.5,9.4,2023,16
Kyren Williams,RB,13.4,16.4,2023,16
Raheem Mostert,RB,13.4,12.0,2023,16
A.J. Brown,WR,13.3,14.0,2023,16
Chris Olave,WR,13.2,23.3,2023,16
Chuba Hubbard,RB,13.0,12.1,2023,16
Breece Hall,RB,12.9,43.1,2023,16
Tua Tagovailoa,QB,12.8,15.52,2023,16
Easton Stick,QB,12.8,17.1,2023,16
Mike Evans,WR,12.8,27.6,2023,16
Saquon Barkley,RB,12.8,19.4,2023,16
Jonathan Taylor,RB,12.8,10.3,2023,16
Kenneth Walker III,RB,12.7,6.6,2023,16
Evan Engram,TE,12.3,17.5,2023,16
Davante Adams,WR,12.3,1.4,2023,16
Aidan O'Connell,QB,12.3,2.08,2023,16
Gardner Minshew,QB,12.2,9.14,2023,16
Tony Pollard,RB,12.1,5.3,2023,16
DeAndre Hopkins,WR,12.1,4.0,2023,16
Jaylen Waddle,WR,12.1,6.2,2023,16
T.J. Hockenson,TE,11.8,9.8,2023,16
DeVonta Smith,WR,11.8,17.9,2023,16
Sam LaPorta,TE,11.7,4.8,2023,16
Jordan Addison,WR,11.7,1.2,2023,16
Calvin Ridley,WR,11.5,25.8,2023,16
Brandon Aiyuk,WR,11.5,17.3,2023,16
Tyler Lockett,WR,11.4,16.1,2023,16
D'Andre Swift,RB,11.1,15.2,2023,16
James Conner,RB,11.1,22.2,2023,16
Bailey Zappe,QB,11.1,16.44,2023,16
David Montgomery,RB,10.9,14.9,2023,16
Ezekiel Elliott,RB,10.9,21.0,2023,16
Tyjae Spears,RB,10.8,11.7,2023,16
Javonte Williams,RB,10.7,10.9,2023,16
George Kittle,TE,10.7,19.6,2023,16
Nico Collins,WR,10.7,13.8,2023,16
Puka Nacua,WR,10.6,33.0,2023,16
Drake London,WR,10.5,6.9,2023,16
Bryce Young,QB,10.3,22.18,2023,16
Tee Higgins,WR,10.0,25.0,2023,16
Jerome Ford,RB,9.8,9.3,2023,16
Adam Thielen,WR,9.7,15.4,2023,16
Jerry Jeudy,WR,9.5,7.4,2023,16
Jaxon Smith-Njigba,WR,9.4,12.1,2023,16
Garrett Wilson,WR,9.4,15.8,2023,16
Trey McBride,TE,9.4,9.1,2023,16
Jake Ferguson,TE,9.4,8.5,2023,16
Diontae Johnson,WR,9.2,3.5,2023,16
Zach Charbonnet,RB,9.1,0.6,2023,16
Gus Edwards,RB,9.0,14.0,2023,16
De'Von Achane,RB,9.0,8.2,2023,16
Jakobi Meyers,WR,8.9,7.2,2023,16
Zay Flowers,WR,8.9,22.2,2023,16
Chris Godwin Jr.,WR,8.9,13.9,2023,16
Terry McLaurin,WR,8.7,8.0,2023,16
Roschon Johnson,RB,8.7,8.3,2023,16
AJ Dillon,RB,8.6,14.4,2023,16
Darren Waller,TE,8.6,5.2,2023,16
Elijah Moore,WR,8.5,3.9,2023,16
Aaron Jones,RB,8.4,14.5,2023,16
Jaylen Warren,RB,8.3,10.4,2023,16
Kyle Pitts,TE,8.3,13.9,2023,16
Najee Harris,RB,8.1,13.8,2023,16
Alexander Mattison,RB,7.9,-0.1,2023,16
George Pickens,WR,7.8,35.5,2023,16
Gabe Davis,WR,7.8,23.0,2023,16
Chig Okonkwo,TE,7.7,18.3,2023,16
Dalton Kincaid,TE,7.7,1.7,2023,16
Antonio Gibson,RB,7.7,10.2,2023,16
Dallas Goedert,TE,7.7,14.1,2023,16
Curtis Samuel,WR,7.6,3.0,2023,16
Kareem Hunt,RB,7.5,9.6,2023,16
Isaiah Likely,TE,7.5,8.6,2023,16
Jason Brownlee,WR,7.5,7.8,2023,16
Brandin Cooks,WR,7.5,10.3,2023,16
Odell Beckham Jr.,WR,7.4,6.6,2023,16
Emari Demercado,RB,7.3,12.0,2023,16
Ty Chandler,RB,7.1,7.7,2023,16
Clyde Edwards-Helaire,RB,7.1,7.8,2023,16
Khalil Herbert,RB,7.0,19.1,2023,16
Samaje Perine,RB,6.8,6.9,2023,16
Darnell Mooney,WR,6.7,2.5,2023,16
Cedric Tillman,WR,6.7,3.3,2023,16
Tyler Boyd,WR,6.7,10.9,2023,16
Rashid Shaheed,WR,6.6,18.4,2023,16
Romeo Doubs,WR,6.5,17.9,2023,16
Chase Brown,RB,6.4,4.4,2023,16
Wan'Dale Robinson,WR,6.4,4.6,2023,16
Jonnu Smith,TE,6.3,7.2,2023,16
Dalton Schultz,TE,6.3,14.1,2023,16
Jahan Dotson,WR,6.2,5.1,2023,16
Josh Reynolds,WR,6.1,2.6,2023,16
Noah Brown,WR,6.1,6.8,2023,16
Tyler Allgeier,RB,6.0,15.8,2023,16
Dawson Knox,TE,5.9,4.6,2023,16
Jonathan Mingo,WR,5.8,1.9,2023,16
Justin Watson,WR,5.8,13.8,2023,16
Miles Sanders,RB,5.8,1.8,2023,16
Tyler Higbee,TE,5.8,6.0,2023,16
K.J. Osborn,WR,5.8,20.5,2023,16
Logan Thomas,TE,5.7,14.6,2023,16
Cade Otton,TE,5.6,1.7,2023,16
Trenton Irwin,WR,5.6,7.7,2023,16
A.T. Perry,WR,5.6,10.5,2023,16
Josh Palmer,WR,5.5,9.7,2023,16
Juwan Johnson,TE,5.5,14.8,2023,16
Rashod Bateman,WR,5.4,2.4,2023,16
Demarcus Robinson,WR,5.4,20.2,2023,16
Khalil Shakir,WR,5.4,7.5,2023,16
Josh Downs,WR,5.4,9.9,2023,16
Jamaal Williams,RB,5.4,2.3,2023,16
Darius Slayton,WR,5.4,18.0,2023,16
Dontayvion Wicks,WR,5.3,10.9,2023,16
Noah Fant,TE,5.3,0.0,2023,16
Michael Wilson,WR,5.3,0.0,2023,16
Treylon Burks,WR,5.2,4.2,2023,16
Michael Gallup,WR,5.1,2.4,2023,16
Tanner Hudson,TE,5.0,1.5,2023,16
DJ Chark,WR,5.0,27.8,2023,16
Tyler Conklin,TE,4.8,7.6,2023,16
Tucker Kraft,TE,4.8,10.0,2023,16
Adam Trautman,TE,4.8,0.0,2023,16
Chris Moore,WR,4.7,1.9,2023,16
Kenny Gainwell,RB,4.6,10.9,2023,16
DeMario Douglas,WR,4.5,12.4,2023,16
Noah Gray,TE,4.3,1.5,2023,16
Dameon Pierce,RB,4.3,8.6,2023,16
Jaleel McLaughlin,RB,4.2,10.7,2023,16
Jamal Agnew,WR,4.2,2.2,2023,16
Jameson Williams,WR,4.1,9.3,2023,16
DeVante Parker,WR,4.1,10.5,2023,16
Nelson Agholor,WR,4.0,10.0,2023,16
Tre Tucker,WR,4.0,1.1,2023,16
Cordarrelle Patterson,RB,4.0,5.3,2023,16
Allen Lazard,WR,3.9,0.0,2023,16
Hunter Renfrow,WR,3.9,0.0,2023,16
Greg Dortch,WR,3.8,12.5,2023,16
Marquez Valdes-Scantling,WR,3.8,0.0,2023,16
Alec Pierce,WR,3.8,6.0,2023,16
Rondale Moore,WR,3.8,5.6,2023,16
Trey Palmer,WR,3.7,8.2,2023,16
Zamir White,RB,3.6,14.5,2023,16
Xavier Gipson,WR,3.6,2.7,2023,16
Ameer Abdullah,RB,3.6,2.2,2023,16
Rico Dowdle,RB,3.6,0.4,2023,16
Quentin Johnston,WR,3.5,5.0,2023,16
Harrison Bryant,TE,3.5,1.6,2023,16
Cedrick Wilson Jr.,WR,3.5,14.4,2023,16
Kalif Raymond,WR,3.5,5.7,2023,16
KhaDarel Hodge,WR,3.4,1.5,2023,16
D'Ernest Johnson,RB,3.4,0.2,2023,16
Marvin Mims Jr.,WR,3.4,9.3,2023,16
Gerald Everett,TE,3.4,11.2,2023,16
Davis Allen,TE,3.4,0.0,2023,16
Colby Parkinson,TE,3.4,10.7,2023,16
Allen Robinson,WR,3.3,7.6,2023,16
David Moore,WR,3.3,1.7,2023,16
Chris Rodriguez Jr.,RB,3.3,19.5,2023,16
Foster Moreau,TE,3.2,2.3,2023,16
Taysom Hill,TE,3.2,0.2,2023,16
Brevin Jordan,TE,3.2,4.7,2023,16
Robert Woods,WR,3.1,4.1,2023,16
Luke Farrell,TE,3.1,0.0,2023,16
Jake Bobo,WR,3.1,1.8,2023,16
Julio Jones,WR,3.1,1.5,2023,16
Mike Gesicki,TE,3.0,9.5,2023,16
Israel Abanikanda,RB,3.0,4.3,2023,16
Tommy Tremble,TE,3.0,9.9,2023,16
Lucas Krull,TE,3.0,12.8,2023,16
Brandon Powell,WR,2.9,8.3,2023,16
Joshua Kelley,RB,2.9,-0.2,2023,16
Josh Oliver,TE,2.9,4.3,2023,16
Elijah Higgins,TE,2.9,3.7,2023,16
Durham Smythe,TE,2.9,10.6,2023,16
Daniel Bellinger,TE,2.9,8.3,2023,16
David Bell,WR,2.8,1.6,2023,16
Chase Edmonds,RB,2.8,2.5,2023,16
Justice Hill,RB,2.8,8.7,2023,16
Dare Ogunbowale,RB,2.7,0.6,2023,16
Parker Washington,WR,2.7,3.9,2023,16
Marquise Goodwin,WR,2.7,0.0,2023,16
Mo Alie-Cox,TE,2.7,0.0,2023,16
Van Jefferson,WR,2.7,2.3,2023,16
Jalen Tolbert,WR,2.6,7.1,2023,16
Marcedes Lewis,TE,2.6,7.1,2023,16
Darnell Washington,TE,2.5,1.8,2023,16
Patrick Taylor,RB,2.4,1.3,2023,16
Kylen Granson,TE,2.4,11.2,2023,16
Drew Sample,TE,2.4,6.8,2023,16
Keith Kirkwood,WR,2.4,1.9,2023,16
Kevin Harris,RB,2.3,2.1,2023,16
Luke Schoonmaker,TE,2.2,1.4,2023,16
Will Dissly,TE,2.2,1.6,2023,16
Malik Heath,WR,2.2,1.0,2023,16
Charlie Kolar,TE,2.2,2.7,2023,16
Jeff Wilson,RB,2.2,7.0,2023,16
Olamide Zaccheaus,WR,2.2,0.0,2023,16
Pierre Strong,RB,2.1,2.2,2023,16
Jordan Mason,RB,2.1,0.0,2023,16
Scott Miller,WR,2.0,2.5,2023,16
Jordan Akins,TE,2.0,3.8,2023,16
Tim Jones,WR,2.0,6.2,2023,16
Braxton Berrios,WR,2.0,0.0,2023,16
Raheem Blackshear,RB,1.9,2.0,2023,16
Robert Tonyan,TE,1.9,2.4,2023,16
Matt Breida,RB,1.9,1.3,2023,16
John Bates,TE,1.9,4.4,2023,16
Brandon Johnson,WR,1.8,15.7,2023,16
Calvin Austin III,WR,1.8,6.7,2023,16
Austin Hooper,TE,1.8,3.3,2023,16
Will Mallory,TE,1.8,8.7,2023,16
Byron Pringle,WR,1.7,0.0,2023,16
Dyami Brown,WR,1.7,0.0,2023,16
KaVontae Turpin,WR,1.7,3.6,2023,16
Deonte Harty,WR,1.7,0.0,2023,16
Mitchell Wilcox,TE,1.5,1.6,2023,16
Ronnie Rivers,RB,1.4,2.0,2023,16
Payne Durham,TE,1.4,3.5,2023,16
Samori Toure,WR,1.4,0.0,2023,16
Blake Bell,TE,1.4,1.4,2023,16
Brandon Bolden,RB,1.4,2.0,2023,16
Peyton Hendershot,TE,1.3,0.0,2023,16
Tyler Goodson,RB,1.3,4.0,2023,16
Isaiah Spiller,RB,1.3,1.5,2023,16
Jamison Crowder,WR,1.3,0.0,2023,16
Pharaoh Brown,TE,1.3,4.5,2023,16
Trey Sermon,RB,1.3,0.3,2023,16
Boston Scott,RB,1.2,0.3,2023,16
Stephen Sullivan,TE,1.1,5.1,2023,16
Andrei Iosivas,WR,1.1,7.6,2023,16
Johnny Mundt,TE,1.1,3.3,2023,16
Richie James,WR,1.1,8.4,2023,16
Jalen Guyton,WR,1.1,2.2,2023,16
Chris Manhertz,TE,1.1,0.0,2023,16
DeeJay Dallas,RB,1.0,0.2,2023,16
Donovan Peoples-Jones,WR,1.0,2.1,2023,16
Robbie Chosen,WR,1.0,5.8,2023,16
Tyquan Thornton,WR,1.0,3.0,2023,16
John Metchie III,WR,0.9,0.0,2023,16
Stone Smartt,TE,0.9,3.3,2023,16
Chase Claypool,WR,0.9,0.0,2023,16
Alex Erickson,WR,0.9,5.1,2023,16
Hunter Luepke,RB,0.8,2.1,2023,16
Willie Snead,WR,0.8,1.5,2023,16
Justyn Ross,WR,0.8,1.2,2023,16
Josiah Deguara,TE,0.7,0.0,2023,16
Velus Jones Jr.,WR,0.7,0.4,2023,16
Ko Kieft,TE,0.6,0.0,2023,16
Xavier Hutchinson,WR,0.5,2.8,2023,16
Patrick Ricard,RB,0.4,0.0,2023,16
Kene Nwangwu,RB,0.4,0.0,2023,16
Ronnie Bell,WR,0.4,8.2,2023,16
Deven Thompkins,WR,0.4,0.0,2023,16
Charlie Jones,WR,0.4,0.9,2023,16
Ihmir Smith-Marsette,WR,0.4,12.1,2023,16
Derius Davis,WR,0.3,2.4,2023,16
Jalen Reagor,WR,0.3,5.3,2023,16
DeAndre Carter,WR,0.2,0.0,2023,16
Miles Boykin,WR,0.2,1.6,2023,16
Colton Dowell,WR,0.1,1.3,2023,16
Elijah Cooks,WR,0.1,6.8,2023,16
Austin Trammell,WR,0.1,0.0,2023,16
Reggie Gilliam,RB,0.1,0.0,2023,16
Kenny Yeboah,TE,0.0,0.0,2023,16
Britain Covey,WR,0.0,1.7,2023,16
Mason Rudolph,QB,0.0,20.0,2023,16
Gunner Olszewski,WR,0.0,0.0,2023,16
James Proche,WR,0.0,0.0,2023,16
Mason Kinsey,WR,0.0,1.6,2023,16
Dorian Thompson-Robinson,QB,0.0,1.74,2023,16
Geno Smith,QB,0.0,17.28,2023,16
Davis Mills,QB,0.0,16.86,2023,16
Tylan Wallace,WR,0.0,0.0,2023,16
Irvin Charles,WR,0.0,0.0,2023,16
C.J. Beathard,QB,0.0,8.36,2023,16
Case Keenum,QB,0.0,-1.52,2023,16
Ben VanSumeren,RB,0.0,0.0,2023,16
Brady Russell,RB,0.0,0.0,2023,16
Trent Taylor,WR,0.0,0.0,2023,16
Grant Calcaterra,TE,0.0,4.1,2023,16
Ryan Tannehill,QB,0.0,9.78,2023,16
Sam Howell,QB,0.0,-1.76,2023,16
Tyrod Taylor,QB,0.0,9.42,2023,16
Sam Darnold,QB,0.0,6.14,2023,16
Taylor Heinicke,QB,0.0,14.16,2023,16
Jalen Hurts,QB,31.7,19.18,2023,17
Josh Allen,QB,27.8,21.16,2023,17
Dak Prescott,QB,22.6,20.3,2023,17
Christian McCaffrey,RB,22.0,13.1,2023,17
CeeDee Lamb,WR,22.0,40.2,2023,17
Brock Purdy,QB,21.5,17.6,2023,17
Lamar Jackson,QB,21.3,36.34,2023,17
Austin Ekeler,RB,19.7,4.0,2023,17
Kyler Murray,QB,19.3,23.68,2023,17
Patrick Mahomes,QB,18.8,12.0,2023,17
Derek Carr,QB,18.2,15.58,2023,17
Easton Stick,QB,18.1,11.9,2023,17
Joe Flacco,QB,17.0,22.66,2023,17
James Cook,RB,16.9,5.4,2023,17
Nick Mullens,QB,16.9,9.12,2023,17
Justin Jefferson,WR,16.9,10.9,2023,17
Matthew Stafford,QB,16.9,12.58,2023,17
Jordan Love,QB,16.6,28.44,2023,17
A.J. Brown,WR,16.5,9.3,2023,17
Jake Browning,QB,16.4,21.08,2023,17
David Njoku,TE,16.4,17.4,2023,17
Justin Fields,QB,15.9,25.22,2023,17
Tyreek Hill,WR,15.8,13.6,2023,17
Joe Mixon,RB,15.8,18.7,2023,17
Devin Singletary,RB,15.8,11.6,2023,17
Kyren Williams,RB,15.8,30.1,2023,17
Jonathan Taylor,RB,15.6,17.4,2023,17
D'Andre Swift,RB,15.4,7.6,2023,17
DeVonta Smith,WR,15.4,6.0,2023,17
Stefon Diggs,WR,15.3,7.1,2023,17
Jared Goff,QB,15.0,10.84,2023,17
Travis Kelce,TE,14.9,4.6,2023,17
Alvin Kamara,RB,14.7,6.9,2023,17
Chris Olave,WR,14.6,5.6,2023,17
Derrick Henry,RB,14.5,4.2,2023,17
James Conner,RB,14.5,26.3,2023,17
Breece Hall,RB,14.4,27.6,2023,17
Gardner Minshew,QB,14.3,13.26,2023,17
Baker Mayfield,QB,14.1,16.26,2023,17
DK Metcalf,WR,14.1,15.6,2023,17
Rachaad White,RB,14.0,8.6,2023,17
Rashee Rice,WR,13.8,17.7,2023,17
Cooper Kupp,WR,13.7,12.7,2023,17
Tony Pollard,RB,13.5,5.9,2023,17
Deebo Samuel Sr.,WR,13.4,18.2,2023,17
Isiah Pacheco,RB,13.3,29.5,2023,17
Jahmyr Gibbs,RB,13.3,5.3,2023,17
Puka Nacua,WR,13.2,18.7,2023,17
Tua Tagovailoa,QB,13.1,14.88,2023,17
Saquon Barkley,RB,13.1,8.8,2023,17
George Pickens,WR,13.0,20.1,2023,17
Aidan O'Connell,QB,12.7,20.26,2023,17
Brandon Aiyuk,WR,12.5,24.4,2023,17
Travis Etienne,RB,12.3,25.8,2023,17
Amon-Ra St. Brown,WR,12.3,22.1,2023,17
Jordan Addison,WR,11.9,5.8,2023,17
Mike Evans,WR,11.9,10.0,2023,17
Davante Adams,WR,11.6,37.6,2023,17
Tyler Lockett,WR,11.6,2.0,2023,17
Kenneth Walker III,RB,11.6,16.5,2023,17
Michael Pittman,WR,11.5,9.6,2023,17
Nico Collins,WR,11.5,15.7,2023,17
Dallas Goedert,TE,11.4,15.7,2023,17
Trey McBride,TE,11.3,10.8,2023,17
Najee Harris,RB,11.3,24.2,2023,17
Ja'Marr Chase,WR,11.2,7.1,2023,17
Gabe Davis,WR,11.1,4.1,2023,17
Bryce Young,QB,11.0,2.68,2023,17
Jaylen Warren,RB,11.0,19.8,2023,17
Chuba Hubbard,RB,10.9,11.1,2023,17
Aaron Jones,RB,10.5,14.0,2023,17
Jake Ferguson,TE,10.5,7.3,2023,17
Diontae Johnson,WR,10.5,11.6,2023,17
Tee Higgins,WR,10.4,2.9,2023,17
George Kittle,TE,10.4,5.9,2023,17
Brian Robinson,RB,10.2,11.6,2023,17
Trevor Siemian,QB,10.0,13.74,2023,17
David Montgomery,RB,10.0,12.5,2023,17
DeAndre Hopkins,WR,9.9,14.2,2023,17
Javonte Williams,RB,9.8,8.8,2023,17
Bijan Robinson,RB,9.8,11.6,2023,17
Jerome Ford,RB,9.7,26.1,2023,17
Brandin Cooks,WR,9.3,17.0,2023,17
Evan Engram,TE,9.3,12.0,2023,17
Zay Flowers,WR,9.3,19.6,2023,17
DJ Moore,WR,9.3,30.9,2023,17
Jakobi Meyers,WR,9.2,11.6,2023,17
Terry McLaurin,WR,9.2,16.1,2023,17
Pat Freiermuth,TE,9.0,7.4,2023,17
Garrett Wilson,WR,8.8,9.9,2023,17
Calvin Ridley,WR,8.8,7.9,2023,17
Rashid Shaheed,WR,8.8,3.4,2023,17
Jaxon Smith-Njigba,WR,8.8,8.2,2023,17
Tyjae Spears,RB,8.8,6.9,2023,17
Bailey Zappe,QB,8.8,12.06,2023,17
Dalton Schultz,TE,8.6,3.9,2023,17
Chris Godwin Jr.,WR,8.6,17.1,2023,17
Adam Thielen,WR,8.5,9.8,2023,17
Kareem Hunt,RB,8.5,9.1,2023,17
Demarcus Robinson,WR,8.3,13.2,2023,17
Gus Edwards,RB,8.3,10.8,2023,17
Ty Chandler,RB,8.2,9.4,2023,17
Sam LaPorta,TE,8.2,15.4,2023,17
Romeo Doubs,WR,8.1,5.8,2023,17
Drake London,WR,8.0,9.6,2023,17
Emari Demercado,RB,7.9,1.9,2023,17
Curtis Samuel,WR,7.9,6.3,2023,17
Ezekiel Elliott,RB,7.9,11.5,2023,17
Jerry Jeudy,WR,7.8,8.4,2023,17
Zach Charbonnet,RB,7.8,9.1,2023,17
Antonio Gibson,RB,7.8,5.6,2023,17
Alexander Mattison,RB,7.7,5.0,2023,17
Dalton Kincaid,TE,7.7,12.7,2023,17
Isaiah Likely,TE,7.6,18.2,2023,17
Darius Slayton,WR,7.6,20.6,2023,17
DJ Chark,WR,7.6,2.8,2023,17
Jayden Reed,WR,7.6,26.9,2023,17
AJ Dillon,RB,7.5,5.4,2023,17
De'Von Achane,RB,7.4,47.4,2023,17
Juwan Johnson,TE,7.3,23.0,2023,17
Darren Waller,TE,7.3,10.1,2023,17
Noah Brown,WR,7.1,1.8,2023,17
Jahan Dotson,WR,7.0,0.0,2023,17
Justin Watson,WR,6.9,5.1,2023,17
Elijah Moore,WR,6.8,17.1,2023,17
Kyle Pitts,TE,6.8,1.5,2023,17
Latavius Murray,RB,6.7,0.0,2023,17
Khalil Shakir,WR,6.7,8.9,2023,17
Kenny Gainwell,RB,6.7,6.68,2023,17
Chig Okonkwo,TE,6.6,6.4,2023,17
Greg Dortch,WR,6.5,15.2,2023,17
A.T. Perry,WR,6.3,1.5,2023,17
Wan'Dale Robinson,WR,6.3,19.9,2023,17
Odell Beckham Jr.,WR,6.3,8.6,2023,17
Tyler Boyd,WR,6.2,4.9,2023,17
Josh Downs,WR,6.2,7.3,2023,17
Khalil Herbert,RB,6.2,20.9,2023,17
Logan Thomas,TE,6.0,5.0,2023,17
Roschon Johnson,RB,6.0,14.9,2023,17
Tyler Higbee,TE,5.9,12.2,2023,17
Zamir White,RB,5.9,15.6,2023,17
Jason Brownlee,WR,5.7,4.8,2023,17
Samaje Perine,RB,5.7,4.6,2023,17
Lynn Bowden,WR,5.7,1.6,2023,17
Chase Brown,RB,5.6,4.8,2023,17
Michael Wilson,WR,5.5,15.5,2023,17
Cedric Tillman,WR,5.5,1.8,2023,17
Tucker Kraft,TE,5.4,10.8,2023,17
Gerald Everett,TE,5.4,7.7,2023,17
Jamaal Williams,RB,5.3,11.1,2023,17
Rondale Moore,WR,5.2,6.4,2023,17
Dameon Pierce,RB,4.9,3.1,2023,17
Jonathan Mingo,WR,4.9,2.0,2023,17
Brandon Johnson,WR,4.8,6.7,2023,17
Jonnu Smith,TE,4.8,0.0,2023,17
Colby Parkinson,TE,4.8,5.8,2023,17
Jalin Hyatt,WR,4.8,5.5,2023,17
Trenton Irwin,WR,4.8,1.4,2023,17
Treylon Burks,WR,4.7,3.1,2023,17
Ty Johnson,RB,4.7,2.2,2023,17
Tyler Allgeier,RB,4.6,15.8,2023,17
Tyler Conklin,TE,4.6,9.5,2023,17
Miles Sanders,RB,4.6,4.2,2023,17
Jaleel McLaughlin,RB,4.6,9.2,2023,17
Rashod Bateman,WR,4.6,9.4,2023,17
Cade Otton,TE,4.5,3.0,2023,17
Noah Fant,TE,4.5,10.9,2023,17
Alec Pierce,WR,4.5,12.8,2023,17
Nelson Agholor,WR,4.4,3.8,2023,17
Quentin Johnston,WR,4.3,5.9,2023,17
Durham Smythe,TE,4.3,8.4,2023,17
Josh Reynolds,WR,4.2,2.3,2023,17
Melvin Gordon,RB,4.2,7.0,2023,17
Tanner Hudson,TE,4.1,6.8,2023,17
Noah Gray,TE,4.1,4.7,2023,17
Lucas Krull,TE,4.0,3.4,2023,17
Brevin Jordan,TE,4.0,9.9,2023,17
Cedrick Wilson Jr.,WR,4.0,21.4,2023,17
Jalen Tolbert,WR,3.9,1.9,2023,17
Tre Tucker,WR,3.9,5.6,2023,17
Chris Moore,WR,3.8,4.2,2023,17
DeMario Douglas,WR,3.8,7.3,2023,17
Ameer Abdullah,RB,3.8,3.2,2023,17
Elijah Higgins,TE,3.8,4.1,2023,17
Trey Palmer,WR,3.7,16.4,2023,17
Elijah Mitchell,RB,3.7,14.0,2023,17
Brandon Powell,WR,3.6,0.0,2023,17
Isaiah Hodgins,WR,3.6,2.8,2023,17
Robert Woods,WR,3.6,9.8,2023,17
DeVante Parker,WR,3.6,2.5,2023,17
Adam Trautman,TE,3.5,1.9,2023,17
Tommy Tremble,TE,3.5,1.6,2023,17
Marquez Valdes-Scantling,WR,3.5,1.3,2023,17
Julio Jones,WR,3.4,17.4,2023,17
Harrison Bryant,TE,3.4,3.4,2023,17
Jameson Williams,WR,3.4,9.5,2023,17
Dare Ogunbowale,RB,3.3,0.0,2023,17
Foster Moreau,TE,3.3,2.3,2023,17
Daniel Bellinger,TE,3.3,7.9,2023,17
Joshua Kelley,RB,3.2,0.2,2023,17
Kylen Granson,TE,3.2,2.3,2023,17
Davis Allen,TE,3.1,0.0,2023,17
Justice Hill,RB,3.0,22.2,2023,17
Taysom Hill,TE,2.9,11.54,2023,17
Tyler Scott,WR,2.9,3.5,2023,17
Josh Oliver,TE,2.9,2.7,2023,17
Ben VanSumeren,RB,2.9,0.0,2023,17
Lil'Jordan Humphrey,WR,2.8,14.9,2023,17
Deuce Vaughn,RB,2.8,2.2,2023,17
Jordan Akins,TE,2.8,3.8,2023,17
Israel Abanikanda,RB,2.8,7.0,2023,17
Xavier Gipson,WR,2.7,8.1,2023,17
Tyler Goodson,RB,2.7,0.3,2023,17
Chase Edmonds,RB,2.7,10.6,2023,17
Chris Brooks,RB,2.6,2.4,2023,17
Tucker Fisk,TE,2.6,0.0,2023,17
Patrick Taylor,RB,2.6,3.0,2023,17
David Moore,WR,2.6,0.0,2023,17
Kalif Raymond,WR,2.6,2.1,2023,17
Jeff Wilson,RB,2.5,12.8,2023,17
Will Mallory,TE,2.5,2.9,2023,17
Charlie Kolar,TE,2.5,8.9,2023,17
Austin Hooper,TE,2.5,5.8,2023,17
Jake Bobo,WR,2.5,1.4,2023,17
Jamal Agnew,WR,2.5,7.3,2023,17
KhaDarel Hodge,WR,2.5,0.0,2023,17
Richie James,WR,2.3,1.6,2023,17
David Bell,WR,2.3,2.7,2023,17
Mike Gesicki,TE,2.3,7.5,2023,17
Drew Sample,TE,2.3,5.1,2023,17
D'Ernest Johnson,RB,2.3,0.0,2023,17
Pierre Strong,RB,2.2,0.9,2023,17
Mo Alie-Cox,TE,2.2,3.8,2023,17
Jordan Mason,RB,2.1,0.3,2023,17
KaVontae Turpin,WR,2.1,0.0,2023,17
Parker Washington,WR,2.1,1.2,2023,17
Malik Heath,WR,2.1,2.3,2023,17
Ronnie Rivers,RB,2.1,1.4,2023,17
River Cracraft,WR,2.1,0.0,2023,17
Tim Jones,WR,2.0,0.0,2023,17
John Bates,TE,1.9,1.6,2023,17
Luke Farrell,TE,1.9,1.7,2023,17
Van Jefferson,WR,1.9,4.9,2023,17
Julian Hill,TE,1.9,1.9,2023,17
Calvin Austin III,WR,1.9,0.0,2023,17
Isaiah Spiller,RB,1.8,2.9,2023,17
Braxton Berrios,WR,1.8,3.0,2023,17
Trent Sherfield,WR,1.8,0.0,2023,17
Brenton Strange,TE,1.7,1.1,2023,17
Eric Gray,RB,1.7,1.8,2023,17
MyCole Pruitt,TE,1.7,2.4,2023,17
Byron Pringle,WR,1.7,0.0,2023,17
Deonte Harty,WR,1.6,0.0,2023,17
Trey Sermon,RB,1.6,6.1,2023,17
Mack Hollins,WR,1.6,0.0,2023,17
Alex Erickson,WR,1.5,16.8,2023,17
Kevin Harris,RB,1.5,8.9,2023,17
Sterling Shepard,WR,1.5,0.0,2023,17
Ronnie Bell,WR,1.4,0.0,2023,17
Stone Smartt,TE,1.4,4.3,2023,17
Stephen Sullivan,TE,1.4,0.0,2023,17
Peyton Hendershot,TE,1.3,1.6,2023,17
Ian Thomas,TE,1.3,0.0,2023,17
Brandon Bolden,RB,1.3,0.6,2023,17
Robert Tonyan,TE,1.3,7.0,2023,17
Tank Bigsby,RB,1.3,3.2,2023,17
Ben Sims,TE,1.2,1.6,2023,17
Jamison Crowder,WR,1.2,0.0,2023,17
Robbie Chosen,WR,1.2,0.0,2023,17
Trayveon Williams,RB,1.2,0.2,2023,17
John Metchie III,WR,1.1,4.4,2023,17
Pharaoh Brown,TE,1.1,-0.5,2023,17
Johnny Mundt,TE,1.1,13.9,2023,17
Samori Toure,WR,1.0,0.4,2023,17
DeeJay Dallas,RB,1.0,0.0,2023,17
Mitchell Wilcox,TE,0.9,0.0,2023,17
Tyquan Thornton,WR,0.8,5.4,2023,17
Chase Claypool,WR,0.7,0.0,2023,17
Ihmir Smith-Marsette,WR,0.6,4.2,2023,17
Xavier Hutchinson,WR,0.6,2.8,2023,17
Jalen Reagor,WR,0.6,10.9,2023,17
Derius Davis,WR,0.5,0.2,2023,17
Ben Skowronek,WR,0.5,0.0,2023,17
Kene Nwangwu,RB,0.5,0.0,2023,17
Nick Bawden,RB,0.5,1.8,2023,17
Velus Jones Jr.,WR,0.4,0.2,2023,17
Charlie Jones,WR,0.4,0.0,2023,17
Patrick Ricard,RB,0.3,7.4,2023,17
Mason Kinsey,WR,0.3,0.0,2023,17
Eric Saubert,TE,0.3,1.2,2023,17
Deven Thompkins,WR,0.3,1.0,2023,17
DeAndre Carter,WR,0.3,0.0,2023,17
Austin Trammell,WR,0.1,0.0,2023,17
Jakob Johnson,RB,0.1,0.0,2023,17
Tyrod Taylor,QB,0.0,18.76,2023,17
Tyler Huntley,QB,0.0,4.66,2023,17
Will Levis,QB,0.0,-1.36,2023,17
Kevin Rader,TE,0.0,1.6,2023,17
Rod Williams,TE,0.0,0.0,2023,17
Mason Rudolph,QB,0.0,11.46,2023,17
Mike White,QB,0.0,-2.0,2023,17
Desmond Ridder,QB,0.0,-1.32,2023,17
Geno Smith,QB,0.0,16.9,2023,17
Jaren Hall,QB,0.0,-0.92,2023,17
Reggie Gilliam,RB,0.0,0.0,2023,17
C.J. Stroud,QB,0.0,12.92,2023,17
C.J. Beathard,QB,0.0,9.52,2023,17
Phillip Dorsett,WR,0.0,0.0,2023,17
Trent Taylor,WR,0.0,0.0,2023,17
Matthew Slater,WR,0.0,0.0,2023,17
Tylan Wallace,WR,0.0,0.0,2023,17
James Proche,WR,0.0,0.0,2023,17
Gunner Olszewski,WR,0.0,6.0,2023,17
Irvin Charles,WR,0.0,0.0,2023,17
Godwin Igwebuike,RB,0.0,0.0,2023,17
Jonathan Ward,RB,0.0,1.1,2023,17
Kenny Yeboah,TE,0.0,4.8,2023,17
Ryan Tannehill,QB,0.0,6.72,2023,17
Sam Darnold,QB,0.0,-0.2,2023,17
Sam Howell,QB,0.0,6.66,2023,17
Taylor Heinicke,QB,0.0,15.12,2023,17
Jordan Mason,RB,25.8,8.8,2024,5
Brock Purdy,QB,24.5,13.06,2024,5
Josh Allen,QB,23.2,14.64,2024,5
Bijan Robinson,RB,22.2,10.7,2024,5
Lamar Jackson,QB,21.1,33.42,2024,5
Baker Mayfield,QB,21.0,23.4,2024,5
De'Von Achane,RB,20.8,2.7,2024,5
Kyren Williams,RB,20.7,15.5,2024,5
Deshaun Watson,QB,19.2,8.4,2024,5
DK Metcalf,WR,18.2,7.5,2024,5
Alvin Kamara,RB,18.0,12.6,2024,5
Trevor Lawrence,QB,17.9,21.24,2024,5
Kenneth Walker III,RB,17.8,14.6,2024,5
Jayden Daniels,QB,17.1,19.72,2024,5
C.J. Stroud,QB,17.0,15.94,2024,5
Geno Smith,QB,16.8,22.56,2024,5
Dak Prescott,QB,16.7,16.38,2024,5
Kirk Cousins,QB,16.6,34.36,2024,5
Derrick Henry,RB,16.6,16.6,2024,5
Jerry Jeudy,WR,16.6,2.6,2024,5
Ja'Marr Chase,WR,16.3,41.3,2024,5
Justin Fields,QB,16.1,15.94,2024,5
Breece Hall,RB,16.0,6.7,2024,5
Travis Etienne,RB,16.0,12.0,2024,5
Jerome Ford,RB,15.9,7.9,2024,5
Joe Burrow,QB,15.8,33.78,2024,5
D'Andre Swift,RB,15.3,20.0,2024,5
Jayden Reed,WR,15.2,13.7,2024,5
Patrick Mahomes,QB,15.1,13.44,2024,5
Justin Jefferson,WR,14.8,15.2,2024,5
Josh Jacobs,RB,14.7,16.4,2024,5
CeeDee Lamb,WR,14.7,11.4,2024,5
James Cook,RB,14.5,17.9,2024,5
Sam Darnold,QB,14.4,4.26,2024,5
Drake London,WR,14.2,33.4,2024,5
Zach Charbonnet,RB,14.1,6.0,2024,5
George Kittle,TE,14.1,20.4,2024,5
Kyler Murray,QB,13.5,24.1,2024,5
Mike Evans,WR,13.4,23.2,2024,5
Andy Dalton,QB,13.3,3.74,2024,5
Brian Robinson,RB,13.2,13.8,2024,5
Zack Moss,RB,13.1,8.2,2024,5
Jauan Jennings,WR,13.0,2.3,2024,5
Josh Downs,WR,12.9,15.9,2024,5
Chris Godwin Jr.,WR,12.9,11.6,2024,5
Deebo Samuel Sr.,WR,12.9,3.0,2024,5
Aaron Rodgers,QB,12.9,11.76,2024,5
Nico Collins,WR,12.8,15.8,2024,5
Michael Pittman,WR,12.6,14.7,2024,5
Rachaad White,RB,12.6,9.6,2024,5
Caleb Williams,QB,12.6,23.56,2024,5
Matthew Stafford,QB,12.3,12.4,2024,5
James Conner,RB,12.3,14.0,2024,5
Derek Carr,QB,12.2,12.6,2024,5
Chuba Hubbard,RB,12.0,17.5,2024,5
Tee Higgins,WR,11.8,29.3,2024,5
Brian Thomas Jr.,WR,11.7,23.2,2024,5
Amari Cooper,WR,11.6,10.0,2024,5
Aaron Jones,RB,11.5,6.3,2024,5
Dontayvion Wicks,WR,11.4,4.0,2024,5
Tank Dell,WR,11.1,7.3,2024,5
Tyler Huntley,QB,11.1,6.46,2024,5
DJ Moore,WR,11.0,27.5,2024,5
Tyler Lockett,WR,10.6,11.5,2024,5
Christian Kirk,WR,10.5,12.8,2024,5
Jaxon Smith-Njigba,WR,10.5,13.1,2024,5
Darnell Mooney,WR,10.4,31.5,2024,5
Brandon Aiyuk,WR,10.3,22.7,2024,5
Javonte Williams,RB,10.1,16.1,2024,5
Marvin Harrison Jr.,WR,9.8,5.6,2024,5
Chris Olave,WR,9.8,3.0,2024,5
Xavier Legette,WR,9.7,1.8,2024,5
Alec Pierce,WR,9.7,22.4,2024,5
Najee Harris,RB,9.6,9.7,2024,5
Rhamondre Stevenson,RB,9.5,19.2,2024,5
Bo Nix,QB,9.5,23.14,2024,5
Travis Kelce,TE,9.3,16.0,2024,5
Gardner Minshew,QB,9.3,7.68,2024,5
Jacoby Brissett,QB,9.3,7.4,2024,5
Stefon Diggs,WR,9.2,14.2,2024,5
Courtland Sutton,WR,9.2,5.2,2024,5
Keenan Allen,WR,9.0,6.3,2024,5
Jake Ferguson,TE,8.9,13.0,2024,5
Kareem Hunt,RB,8.9,18.7,2024,5
Tucker Kraft,TE,8.9,24.8,2024,5
Zay Flowers,WR,8.7,19.0,2024,5
Jakobi Meyers,WR,8.7,13.2,2024,5
Elijah Moore,WR,8.7,4.1,2024,5
Austin Ekeler,RB,8.5,11.7,2024,5
Bucky Irving,RB,8.5,5.6,2024,5
Rico Dowdle,RB,8.4,19.4,2024,5
Tyreek Hill,WR,8.4,12.9,2024,5
Diontae Johnson,WR,8.3,5.9,2024,5
Garrett Wilson,WR,8.3,29.1,2024,5
Terry McLaurin,WR,8.2,13.4,2024,5
Rashid Shaheed,WR,8.2,18.6,2024,5
George Pickens,WR,8.1,5.6,2024,5
Demarcus Robinson,WR,7.9,11.8,2024,5
Cole Kmet,TE,7.9,8.7,2024,5
Trey McBride,TE,7.9,11.3,2024,5
Tyler Allgeier,RB,7.8,5.5,2024,5
David Njoku,TE,7.8,2.4,2024,5
Roschon Johnson,RB,7.7,14.5,2024,5
Andrei Iosivas,WR,7.7,4.9,2024,5
Chase Brown,RB,7.6,16.4,2024,5
Tutu Atwell,WR,7.5,12.5,2024,5
Gabe Davis,WR,7.4,4.8,2024,5
Kyle Pitts,TE,7.4,15.8,2024,5
Ray-Ray McCloud,WR,7.3,12.6,2024,5
Wan'Dale Robinson,WR,7.2,16.0,2024,5
Hunter Henry,TE,7.1,5.2,2024,5
Jaleel McLaughlin,RB,7.1,11.5,2024,5
Rome Odunze,WR,7.1,9.0,2024,5
Isaiah Likely,TE,7.0,16.3,2024,5
Dalton Kincaid,TE,6.9,5.4,2024,5
Tre Tucker,WR,6.9,4.6,2024,5
Raheem Mostert,RB,6.9,11.8,2024,5
Allen Lazard,WR,6.8,13.4,2024,5
Mark Andrews,TE,6.8,9.5,2024,5
Emanuel Wilson,RB,6.8,2.5,2024,5
Keon Coleman,WR,6.8,11.9,2024,5
Rashod Bateman,WR,6.7,15.8,2024,5
Brock Bowers,TE,6.7,23.7,2024,5
Justice Hill,RB,6.7,3.5,2024,5
Ty Johnson,RB,6.6,1.5,2024,5
Michael Wilson,WR,6.6,12.8,2024,5
DeMario Douglas,WR,6.6,11.9,2024,5
Alexander Mattison,RB,6.6,10.1,2024,5
Jaylen Waddle,WR,6.5,8.6,2024,5
Xavier Worthy,WR,6.5,11.8,2024,5
Braelon Allen,RB,6.5,3.8,2024,5
Mike Williams,WR,6.1,4.5,2024,5
Josh Reynolds,WR,6.1,7.9,2024,5
Jordan Addison,WR,6.0,6.6,2024,5
Tommy Tremble,TE,6.0,-0.3,2024,5
Noah Fant,TE,6.0,5.4,2024,5
Zach Ertz,TE,5.9,3.0,2024,5
Jalen Tolbert,WR,5.8,21.7,2024,5
Sterling Shepard,WR,5.8,7.4,2024,5
Mike Gesicki,TE,5.6,5.1,2024,5
Cam Akers,RB,5.6,12.7,2024,5
Pat Freiermuth,TE,5.5,11.2,2024,5
Greg Dortch,WR,5.5,1.7,2024,5
D'Onta Foreman,RB,5.4,7.0,2024,5
Miles Sanders,RB,5.4,5.3,2024,5
Erick All,TE,5.3,3.0,2024,5
Ja'Lynn Polk,WR,5.3,2.3,2024,5
Cade Otton,TE,5.3,7.4,2024,5
Darius Slayton,WR,5.2,26.2,2024,5
Tyler Conklin,TE,5.2,11.5,2024,5
Antonio Gibson,RB,5.2,6.6,2024,5
Jordan Akins,TE,5.1,11.2,2024,5
Dalton Schultz,TE,5.0,7.4,2024,5
Brenton Strange,TE,5.0,12.4,2024,5
Tank Bigsby,RB,4.9,25.9,2024,5
Colby Parkinson,TE,4.8,12.2,2024,5
Lil'Jordan Humphrey,WR,4.7,6.8,2024,5
Nelson Agholor,WR,4.5,1.4,2024,5
Tyrone Tracy Jr.,RB,4.4,14.0,2024,5
Juwan Johnson,TE,4.4,8.1,2024,5
Ray Davis,RB,4.2,1.4,2024,5
Austin Hooper,TE,3.9,1.9,2024,5
AJ Barner,TE,3.9,2.3,2024,5
Jake Bobo,WR,3.9,1.3,2024,5
Johnny Mundt,TE,3.9,5.1,2024,5
Ty Chandler,RB,3.9,5.9,2024,5
Samaje Perine,RB,3.7,3.4,2024,5
Pierre Strong,RB,3.6,0.2,2024,5
Noah Gray,TE,3.6,4.9,2024,5
Foster Moreau,TE,3.6,9.3,2024,5
Carson Steele,RB,3.6,1.2,2024,5
Jordan Whittington,WR,3.4,15.9,2024,5
Mack Hollins,WR,3.4,4.7,2024,5
Adonai Mitchell,WR,3.4,9.16,2024,5
Elijah Higgins,TE,3.3,7.2,2024,5
Luke McCaffrey,WR,3.3,4.9,2024,5
Harrison Bryant,TE,3.3,0.0,2024,5
Luke Schoonmaker,TE,3.2,1.8,2024,5
Calvin Austin III,WR,3.2,1.6,2024,5
Jonathan Mingo,WR,3.2,5.7,2024,5
JuJu Smith-Schuster,WR,3.2,20.0,2024,5
Jamaal Williams,RB,3.1,0.9,2024,5
Theo Johnson,TE,3.0,9.8,2024,5
Kylen Granson,TE,3.0,0.0,2024,5
Cedrick Wilson Jr.,WR,3.0,0.0,2024,5
Van Jefferson,WR,2.9,5.6,2024,5
Ja'Tavion Sanders,TE,2.9,4.3,2024,5
Gerald Everett,TE,2.8,4.2,2024,5
Jaylen Wright,RB,2.8,8.6,2024,5
Emari Demercado,RB,2.8,1.0,2024,5
Andrew Ogletree,TE,2.8,1.5,2024,5
Trey Sermon,RB,2.7,18.3,2024,5
Pharaoh Brown,TE,2.6,1.7,2024,5
Olamide Zaccheaus,WR,2.6,2.0,2024,5
Dare Ogunbowale,RB,2.6,14.7,2024,5
Mo Alie-Cox,TE,2.5,11.7,2024,5
Ashton Dulin,WR,2.5,0.9,2024,5
Aaron Shampklin,RB,2.5,1.4,2024,5
Jeremy McNichols,RB,2.4,10.4,2024,5
D'Ernest Johnson,RB,2.4,3.0,2024,5
Brandon Powell,WR,2.4,0.0,2024,5
Hunter Luepke,RB,2.2,3.4,2024,5
Isaac Guerendo,RB,2.2,2.2,2024,5
Jonnu Smith,TE,2.2,11.1,2024,5
DeAndre Carter,WR,2.1,0.0,2024,5
Charlie Kolar,TE,2.1,15.6,2024,5
Khalil Herbert,RB,2.1,0.0,2024,5
David Moore,WR,2.0,3.3,2024,5
Troy Franklin,WR,2.0,3.0,2024,5
KaVontae Turpin,WR,1.9,8.4,2024,5
Luke Farrell,TE,1.8,3.7,2024,5
Adam Trautman,TE,1.6,2.9,2024,5
Darnell Washington,TE,1.6,1.5,2024,5
Tyler Goodson,RB,1.5,8.7,2024,5
Jalen Brooks,WR,1.4,2.0,2024,5
Cade Stover,TE,1.3,2.6,2024,5
Curtis Samuel,WR,1.3,0.9,2024,5
Tip Reiman,TE,1.3,1.5,2024,5
Blake Corum,RB,1.3,4.3,2024,5
Ameer Abdullah,RB,1.3,14.1,2024,5
Marquez Valdes-Scantling,WR,1.2,0.0,2024,5
Malik Heath,WR,1.2,3.4,2024,5
Xavier Gipson,WR,1.1,0.0,2024,5
Dyami Brown,WR,1.1,13.7,2024,5
Kayshon Boutte,WR,1.1,5.4,2024,5
Durham Smythe,TE,1.0,0.0,2024,5
Nate Adkins,TE,1.0,1.8,2024,5
Julian Hill,TE,0.9,0.0,2024,5
Mason Tipton,WR,0.9,1.2,2024,5
Eric Gray,RB,0.8,6.4,2024,5
Sean Tucker,RB,0.7,0.0,2024,5
Robert Woods,WR,0.7,0.0,2024,5
Charlie Jones,WR,0.7,0.0,2024,5
Braxton Berrios,WR,0.7,0.0,2024,5
Isaiah Davis,RB,0.6,0.0,2024,5
Marvin Mims Jr.,WR,0.6,3.4,2024,5
Brevyn Spann-Ford,TE,0.6,4.0,2024,5
Tanner Conner,TE,0.5,0.0,2024,5
Davis Allen,TE,0.5,0.0,2024,5
Malik Washington,WR,0.5,0.0,2024,5
Tylan Wallace,WR,0.5,5.1,2024,5
Josiah Deguara,TE,0.4,1.2,2024,5
Jalen Coker,WR,0.4,10.8,2024,5
James Proche,WR,0.4,0.0,2024,5
Kameron Johnson,WR,0.3,0.0,2024,5
KhaDarel Hodge,WR,0.2,14.7,2024,5
Myles Gaskin,RB,0.2,2.3,2024,5
Devin Duvernay,WR,0.1,0.3,2024,5
Xavier Hutchinson,WR,0.1,5.1,2024,5
Avery Williams,RB,0.1,0.0,2024,5
Xavier Smith,WR,0.1,2.6,2024,5
Alex Bachman,WR,0.1,0.0,2024,5
Raheem Blackshear,RB,0.1,0.0,2024,5
DJ Turner,WR,0.1,2.7,2024,5
Jordan Love,QB,0.0,15.96,2024,5
Brady Russell,RB,0.0,0.0,2024,5
Patrick Taylor,RB,0.0,0.0,2024,5
Ihmir Smith-Marsette,WR,0.0,0.0,2024,5
Daniel Jones,QB,0.0,22.08,2024,5
Colson Yankoff,TE,0.0,0.0,2024,5
Jake Haener,QB,0.0,1.78,2024,5
Hunter Long,TE,0.0,3.6,2024,5
Aidan O'Connell,QB,0.0,1.76,2024,5
Feleipe Franks,TE,0.0,0.0,2024,5
Joe Flacco,QB,0.0,26.56,2024,5
Bryce Ford-Wheaton,WR,0.0,6.0,2024,5
DeeJay Dallas,RB,0.0,0.0,2024,5
Bryce Young,QB,0.0,3.12,2024,5
Mecole Hardman,WR,0.0,7.3,2024,5
Lamar Jackson,QB,28.6,18.92,2024,6
Jordan Love,QB,25.3,25.62,2024,6
Derrick Henry,RB,23.6,25.2,2024,6
Bijan Robinson,RB,22.8,25.5,2024,6
Baker Mayfield,QB,20.9,25.9,2024,6
Jayden Daniels,QB,20.8,20.96,2024,6
Dak Prescott,QB,20.5,3.22,2024,6
Alvin Kamara,RB,20.2,17.4,2024,6
Kyler Murray,QB,19.9,11.96,2024,6
Saquon Barkley,RB,19.5,7.4,2024,6
Kirk Cousins,QB,19.3,12.5,2024,6
Josh Jacobs,RB,19.0,12.0,2024,6
Jalen Hurts,QB,18.4,21.86,2024,6
Ja'Marr Chase,WR,18.4,12.2,2024,6
Jordan Mason,RB,18.3,9.2,2024,6
Joe Burrow,QB,18.0,19.82,2024,6
Drake London,WR,17.3,19.4,2024,6
Jayden Reed,WR,17.2,14.8,2024,6
Caleb Williams,QB,17.1,28.64,2024,6
James Conner,RB,16.8,6.6,2024,6
Breece Hall,RB,16.6,21.9,2024,6
Brock Purdy,QB,16.5,24.1,2024,6
Chuba Hubbard,RB,16.3,15.3,2024,6
D'Andre Swift,RB,16.3,21.9,2024,6
Deshaun Watson,QB,16.0,8.42,2024,6
Andy Dalton,QB,15.8,14.94,2024,6
CeeDee Lamb,WR,15.7,16.1,2024,6
DJ Moore,WR,15.7,6.0,2024,6
Geno Smith,QB,15.1,12.48,2024,6
DK Metcalf,WR,15.0,7.8,2024,6
Amon-Ra St. Brown,WR,14.6,13.7,2024,6
Justin Fields,QB,14.5,23.7,2024,6
Joe Flacco,QB,14.4,13.66,2024,6
Bo Nix,QB,14.4,20.74,2024,6
Mike Evans,WR,14.4,5.4,2024,6
Tony Pollard,RB,14.2,17.8,2024,6
Jahmyr Gibbs,RB,14.1,12.1,2024,6
J.K. Dobbins,RB,13.9,18.2,2024,6
C.J. Stroud,QB,13.9,18.38,2024,6
Darnell Mooney,WR,13.9,6.8,2024,6
A.J. Brown,WR,13.7,23.6,2024,6
Josh Allen,QB,13.7,24.4,2024,6
Trevor Lawrence,QB,13.6,17.06,2024,6
Jared Goff,QB,13.4,25.1,2024,6
Chris Godwin Jr.,WR,13.1,35.5,2024,6
Jaxon Smith-Njigba,WR,13.0,10.3,2024,6
Jerry Jeudy,WR,13.0,4.5,2024,6
Tee Higgins,WR,12.9,14.7,2024,6
Justin Herbert,QB,12.9,13.68,2024,6
Tucker Kraft,TE,12.7,3.5,2024,6
David Montgomery,RB,12.7,21.0,2024,6
Rico Dowdle,RB,12.4,10.5,2024,6
Jerome Ford,RB,12.3,1.4,2024,6
Javonte Williams,RB,12.2,4.6,2024,6
Zack Moss,RB,12.1,0.5,2024,6
Zay Flowers,WR,12.0,22.4,2024,6
Rashid Shaheed,WR,12.0,8.3,2024,6
Aaron Rodgers,QB,11.9,17.76,2024,6
Kenneth Walker III,RB,11.6,20.9,2024,6
George Kittle,TE,11.6,22.8,2024,6
Austin Ekeler,RB,11.6,10.8,2024,6
Calvin Ridley,WR,11.5,0.9,2024,6
Terry McLaurin,WR,11.5,23.3,2024,6
Chris Olave,WR,11.2,-0.5,2024,6
Travis Etienne,RB,11.1,-0.1,2024,6
Michael Pittman,WR,11.1,12.5,2024,6
Keenan Allen,WR,11.0,21.1,2024,6
DeVonta Smith,WR,10.8,15.4,2024,6
Tyler Lockett,WR,10.6,16.5,2024,6
Dontayvion Wicks,WR,10.5,1.9,2024,6
Courtland Sutton,WR,10.3,15.3,2024,6
Marvin Harrison Jr.,WR,10.3,0.0,2024,6
Brock Bowers,TE,10.2,16.1,2024,6
Justice Hill,RB,10.2,1.4,2024,6
Romeo Doubs,WR,10.0,19.9,2024,6
Trey McBride,TE,10.0,17.6,2024,6
Tyler Allgeier,RB,10.0,19.8,2024,6
Josh Downs,WR,9.9,19.5,2024,6
Brandon Aiyuk,WR,9.7,5.7,2024,6
Joe Mixon,RB,9.6,27.2,2024,6
Xavier Legette,WR,9.5,11.3,2024,6
Najee Harris,RB,9.5,20.2,2024,6
Kyle Pitts,TE,9.4,10.0,2024,6
Rashod Bateman,WR,9.3,11.1,2024,6
Bucky Irving,RB,9.2,18.5,2024,6
Zach Charbonnet,RB,9.2,4.5,2024,6
Garrett Wilson,WR,9.1,24.7,2024,6
Tank Dell,WR,9.0,18.7,2024,6
Rome Odunze,WR,9.0,6.0,2024,6
Dallas Goedert,TE,9.0,0.0,2024,6
Jalen Tolbert,WR,8.9,8.3,2024,6
Isaiah Likely,TE,8.9,4.7,2024,6
Jameson Williams,WR,8.8,17.7,2024,6
Brian Thomas Jr.,WR,8.5,5.7,2024,6
Jake Ferguson,TE,8.5,4.1,2024,6
Michael Wilson,WR,8.5,10.1,2024,6
Christian Kirk,WR,8.3,6.9,2024,6
Mark Andrews,TE,8.3,15.6,2024,6
Jaleel McLaughlin,RB,8.1,4.5,2024,6
Stefon Diggs,WR,8.1,19.7,2024,6
Chase Brown,RB,8.0,14.4,2024,6
Roschon Johnson,RB,7.9,5.3,2024,6
Tyjae Spears,RB,7.9,2.7,2024,6
Sam LaPorta,TE,7.8,12.2,2024,6
Emanuel Wilson,RB,7.8,8.3,2024,6
Deebo Samuel Sr.,WR,7.7,20.7,2024,6
Cole Kmet,TE,7.6,24.0,2024,6
Jauan Jennings,WR,7.6,5.7,2024,6
Darius Slayton,WR,7.5,11.7,2024,6
Tyler Boyd,WR,7.5,4.9,2024,6
Alec Pierce,WR,7.4,0.0,2024,6
Elijah Moore,WR,7.4,1.3,2024,6
Tre Tucker,WR,7.4,0.0,2024,6
Braelon Allen,RB,7.3,0.8,2024,6
Alexander Mattison,RB,7.3,17.5,2024,6
DeMario Douglas,WR,7.2,21.2,2024,6
Wan'Dale Robinson,WR,7.2,10.0,2024,6
Ladd McConkey,WR,7.2,8.3,2024,6
Evan Engram,TE,7.1,18.2,2024,6
George Pickens,WR,7.0,8.3,2024,6
Devaughn Vele,WR,7.0,11.8,2024,6
Ray-Ray McCloud,WR,6.9,4.3,2024,6
Cade Otton,TE,6.9,9.5,2024,6
Amari Cooper,WR,6.9,8.2,2024,6
Antonio Gibson,RB,6.9,7.3,2024,6
Miles Sanders,RB,6.7,2.3,2024,6
Allen Lazard,WR,6.7,23.4,2024,6
Andrei Iosivas,WR,6.4,5.6,2024,6
Noah Brown,WR,6.4,9.8,2024,6
Diontae Johnson,WR,6.4,19.8,2024,6
Quentin Johnston,WR,6.4,5.2,2024,6
David Njoku,TE,6.3,8.1,2024,6
Josh Palmer,WR,6.2,5.8,2024,6
Tyrone Tracy Jr.,RB,6.0,22.7,2024,6
Juwan Johnson,TE,5.9,7.8,2024,6
Khalil Shakir,WR,5.8,3.9,2024,6
Jalen Coker,WR,5.8,6.0,2024,6
Lil'Jordan Humphrey,WR,5.8,1.8,2024,6
Jalen McMillan,WR,5.8,0.0,2024,6
Pat Freiermuth,TE,5.8,3.6,2024,6
Hunter Henry,TE,5.7,13.1,2024,6
Greg Dortch,WR,5.6,4.6,2024,6
Mike Williams,WR,5.6,0.0,2024,6
Zach Ertz,TE,5.6,10.8,2024,6
Chig Okonkwo,TE,5.4,3.6,2024,6
Sterling Shepard,WR,5.4,8.4,2024,6
Jaylen Warren,RB,5.3,4.8,2024,6
Nelson Agholor,WR,5.2,3.5,2024,6
Brenton Strange,TE,5.2,2.1,2024,6
D'Onta Foreman,RB,5.2,6.7,2024,6
Ja'Lynn Polk,WR,5.1,1.4,2024,6
Tyler Conklin,TE,5.0,3.0,2024,6
Noah Fant,TE,5.0,12.3,2024,6
Erick All,TE,4.9,3.0,2024,6
Gabe Davis,WR,4.7,21.5,2024,6
Josh Whyle,TE,4.7,1.2,2024,6
Luke McCaffrey,WR,4.6,1.5,2024,6
Elijah Higgins,TE,4.5,0.0,2024,6
Ty Johnson,RB,4.5,3.4,2024,6
Foster Moreau,TE,4.4,7.4,2024,6
Charlie Kolar,TE,4.3,0.0,2024,6
Ezekiel Elliott,RB,4.2,1.7,2024,6
Will Dissly,TE,4.2,6.6,2024,6
Dalton Kincaid,TE,4.2,11.1,2024,6
Jeremy McNichols,RB,4.1,0.9,2024,6
Keon Coleman,WR,4.1,5.6,2024,6
Dalton Schultz,TE,4.0,6.7,2024,6
Tim Patrick,WR,3.9,9.8,2024,6
Trey Sermon,RB,3.8,2.9,2024,6
Jonathan Mingo,WR,3.7,1.1,2024,6
Kenny Gainwell,RB,3.7,2.3,2024,6
Kendrick Bourne,WR,3.6,2.9,2024,6
Brock Wright,TE,3.5,0.0,2024,6
Chris Brooks,RB,3.4,2.1,2024,6
Ameer Abdullah,RB,3.4,4.8,2024,6
Trey Benson,RB,3.4,2.6,2024,6
AJ Barner,TE,3.3,2.3,2024,6
Tank Bigsby,RB,3.3,2.4,2024,6
Harrison Bryant,TE,3.2,5.4,2024,6
Emari Demercado,RB,3.2,11.4,2024,6
Treylon Burks,WR,3.2,2.0,2024,6
Christian Watson,WR,3.2,15.8,2024,6
Calvin Austin III,WR,3.2,5.6,2024,6
Jahan Dotson,WR,3.1,3.3,2024,6
Mo Alie-Cox,TE,3.1,8.1,2024,6
Olamide Zaccheaus,WR,3.1,6.7,2024,6
Dyami Brown,WR,3.1,2.1,2024,6
Theo Johnson,TE,3.1,6.0,2024,6
KaVontae Turpin,WR,3.0,5.0,2024,6
Jamaal Williams,RB,3.0,0.7,2024,6
Simi Fehoko,WR,3.0,6.4,2024,6
Ray Davis,RB,3.0,18.2,2024,6
Ja'Tavion Sanders,TE,3.0,9.9,2024,6
Austin Hooper,TE,2.9,-0.5,2024,6
Kalif Raymond,WR,2.8,11.3,2024,6
Jake Bobo,WR,2.7,3.8,2024,6
Gerald Everett,TE,2.7,0.0,2024,6
Mason Tipton,WR,2.6,2.5,2024,6
Dare Ogunbowale,RB,2.6,0.8,2024,6
Lucas Krull,TE,2.5,3.1,2024,6
Adonai Mitchell,WR,2.4,2.9,2024,6
Tyler Goodson,RB,2.4,10.5,2024,6
Pierre Strong,RB,2.3,9.8,2024,6
DeAndre Carter,WR,2.3,0.0,2024,6
Eric Gray,RB,2.3,1.3,2024,6
Aaron Shampklin,RB,2.3,-0.2,2024,6
Troy Franklin,WR,2.3,11.6,2024,6
Mack Hollins,WR,2.2,7.8,2024,6
Isaac Guerendo,RB,2.2,9.9,2024,6
Andrew Ogletree,TE,2.1,4.4,2024,6
Cedric Tillman,WR,2.0,-0.5,2024,6
Dawson Knox,TE,1.9,8.2,2024,6
Kayshon Boutte,WR,1.9,14.9,2024,6
Kylen Granson,TE,1.9,0.0,2024,6
Grant Calcaterra,TE,1.8,10.7,2024,6
D'Ernest Johnson,RB,1.8,6.4,2024,6
David Moore,WR,1.7,3.7,2024,6
Jalen Brooks,WR,1.7,2.5,2024,6
Darnell Washington,TE,1.6,1.9,2024,6
Jeremy Ruckert,TE,1.6,2.7,2024,6
Nate Adkins,TE,1.6,1.5,2024,6
John Bates,TE,1.5,0.0,2024,6
Nick Westbrook-Ikhine,WR,1.5,7.9,2024,6
Dameon Pierce,RB,1.4,14.7,2024,6
Cade Stover,TE,1.3,0.0,2024,6
Ashton Dulin,WR,1.3,0.0,2024,6
Hassan Haskins,RB,1.2,0.5,2024,6
Sione Vaki,RB,1.2,0.5,2024,6
Jonathan Ward,RB,1.0,1.3,2024,6
Charlie Woerner,TE,1.0,0.0,2024,6
JaMycal Hasty,RB,1.0,3.1,2024,6
Marvin Mims Jr.,WR,0.9,0.0,2024,6
Audric Estimé,RB,0.9,1.3,2024,6
Curtis Samuel,WR,0.8,7.4,2024,6
Jalin Hyatt,WR,0.7,1.6,2024,6
Parker Washington,WR,0.7,0.0,2024,6
Xavier Gipson,WR,0.7,0.0,2024,6
Quintin Morris,TE,0.6,0.0,2024,6
Cedrick Wilson Jr.,WR,0.6,4.8,2024,6
Marcedes Lewis,TE,0.6,1.2,2024,6
Laviska Shenault Jr.,WR,0.6,6.0,2024,6
Sean Tucker,RB,0.6,34.2,2024,6
DJ Turner,WR,0.5,5.7,2024,6
Josiah Deguara,TE,0.4,0.0,2024,6
Daniel Bellinger,TE,0.4,0.0,2024,6
Charlie Jones,WR,0.4,0.0,2024,6
Will Mallory,TE,0.4,0.0,2024,6
Zach Pascal,WR,0.3,0.0,2024,6
Isaiah Davis,RB,0.3,0.0,2024,6
Raheem Blackshear,RB,0.3,0.0,2024,6
Will Shipley,RB,0.2,0.0,2024,6
Deonte Harty,WR,0.2,0.0,2024,6
Derius Davis,WR,0.2,3.2,2024,6
Xavier Hutchinson,WR,0.1,0.0,2024,6
Steven Sims,WR,0.1,0.0,2024,6
Avery Williams,RB,0.1,0.0,2024,6
Bub Means,WR,0.1,15.5,2024,6
Alex Bachman,WR,0.1,6.1,2024,6
Jordan Mims,RB,0.1,3.8,2024,6
Jaelon Darden,WR,0.0,1.6,2024,6
Jacob Cowing,WR,0.0,0.0,2024,6
Ihmir Smith-Marsette,WR,0.0,0.0,2024,6
Patrick Taylor,RB,0.0,3.8,2024,6
DeeJay Dallas,RB,0.0,0.0,2024,6
Brady Russell,RB,0.0,0.0,2024,6
Mac Jones,QB,0.0,0.24,2024,6
Tim Jones,WR,0.0,0.0,2024,6
Stone Smartt,TE,0.0,2.0,2024,6
Jha'Quan Jackson,WR,0.0,0.0,2024,6
Julius Chestnut,RB,0.0,0.2,2024,6
Feleipe Franks,TE,0.0,0.0,2024,6
Ben VanSumeren,RB,0.0,0.0,2024,6
Will Levis,QB,0.0,7.3,2024,6
Davis Mills,QB,0.0,0.0,2024,6
Aidan O'Connell,QB,0.0,11.08,2024,6
Cooper Rush,QB,0.0,0.04,2024,6
Lamar Jackson,QB,30.5,34.44,2024,7
De'Von Achane,RB,24.8,10.5,2024,7
Jayden Daniels,QB,23.7,5.24,2024,7
Derrick Henry,RB,21.9,25.2,2024,7
Baker Mayfield,QB,21.8,27.0,2024,7
Breece Hall,RB,21.5,26.1,2024,7
Joe Burrow,QB,21.3,14.94,2024,7
Geno Smith,QB,21.0,17.78,2024,7
C.J. Stroud,QB,20.5,5.34,2024,7
Jordan Love,QB,20.4,16.8,2024,7
Ja'Marr Chase,WR,20.1,17.6,2024,7
Alvin Kamara,RB,19.7,8.4,2024,7
Brian Robinson,RB,19.5,13.1,2024,7
Kyren Williams,RB,19.2,19.6,2024,7
Kyler Murray,QB,19.1,20.2,2024,7
Jordan Mason,RB,18.6,8.9,2024,7
Justin Jefferson,WR,18.5,21.4,2024,7
Bijan Robinson,RB,18.5,23.3,2024,7
Sam Darnold,QB,18.1,16.26,2024,7
Brock Purdy,QB,17.8,17.18,2024,7
Jared Goff,QB,17.6,18.8,2024,7
Jalen Hurts,QB,17.3,22.76,2024,7
Kenneth Walker III,RB,17.3,23.3,2024,7
Josh Allen,QB,17.1,21.02,2024,7
Chris Godwin Jr.,WR,17.1,13.5,2024,7
DK Metcalf,WR,16.9,19.9,2024,7
Justin Herbert,QB,16.9,14.76,2024,7
Bo Nix,QB,16.9,14.06,2024,7
Amon-Ra St. Brown,WR,16.9,25.2,2024,7
Aaron Rodgers,QB,16.8,13.04,2024,7
J.K. Dobbins,RB,16.4,9.6,2024,7
James Conner,RB,16.2,17.2,2024,7
Kirk Cousins,QB,16.2,7.18,2024,7
Chuba Hubbard,RB,16.0,11.2,2024,7
Andy Dalton,QB,15.9,0.02,2024,7
Saquon Barkley,RB,15.9,26.7,2024,7
Joe Mixon,RB,15.1,26.4,2024,7
Zay Flowers,WR,15.0,4.0,2024,7
Tee Higgins,WR,15.0,18.2,2024,7
Jaxon Smith-Njigba,WR,15.0,5.3,2024,7
Jahmyr Gibbs,RB,14.5,32.0,2024,7
Drake London,WR,14.5,18.3,2024,7
David Montgomery,RB,14.2,8.0,2024,7
Austin Ekeler,RB,13.9,4.0,2024,7
Mike Evans,WR,13.9,9.5,2024,7
Josh Jacobs,RB,13.8,20.2,2024,7
Davante Adams,WR,13.7,6.0,2024,7
Javonte Williams,RB,13.7,26.1,2024,7
A.J. Brown,WR,13.7,19.9,2024,7
Tyler Lockett,WR,13.7,8.5,2024,7
DeMario Douglas,WR,13.5,3.4,2024,7
George Kittle,TE,13.3,15.2,2024,7
Tony Pollard,RB,13.3,8.5,2024,7
Garrett Wilson,WR,13.1,13.1,2024,7
Patrick Mahomes,QB,12.9,12.06,2024,7
Michael Pittman,WR,12.7,9.3,2024,7
Tank Dell,WR,12.7,0.0,2024,7
Terry McLaurin,WR,12.6,15.8,2024,7
Trevor Lawrence,QB,12.5,15.02,2024,7
Aidan O'Connell,QB,12.5,2.08,2024,7
Jayden Reed,WR,12.5,3.0,2024,7
Zack Moss,RB,12.2,7.0,2024,7
Trey McBride,TE,12.0,10.1,2024,7
Tyler Huntley,QB,12.0,9.48,2024,7
Josh Downs,WR,11.9,1.3,2024,7
James Cook,RB,11.8,9.2,2024,7
Malik Nabers,WR,11.7,8.1,2024,7
Devin Singletary,RB,11.5,3.1,2024,7
Rhamondre Stevenson,RB,11.4,4.5,2024,7
Marvin Harrison Jr.,WR,11.3,5.1,2024,7
Rachaad White,RB,11.3,29.1,2024,7
Matthew Stafford,QB,11.2,3.96,2024,7
Aaron Jones,RB,11.2,20.6,2024,7
Deshaun Watson,QB,11.2,5.12,2024,7
Mark Andrews,TE,11.1,20.1,2024,7
Stefon Diggs,WR,11.0,7.3,2024,7
Jameson Williams,WR,10.8,0.6,2024,7
Bucky Irving,RB,10.7,16.7,2024,7
Ladd McConkey,WR,10.7,9.6,2024,7
Chase Brown,RB,10.5,7.3,2024,7
Zach Charbonnet,RB,10.4,1.9,2024,7
Darnell Mooney,WR,10.2,9.6,2024,7
Isaiah Likely,TE,10.2,3.7,2024,7
Brock Bowers,TE,10.1,19.3,2024,7
Tyreek Hill,WR,10.1,2.3,2024,7
Allen Lazard,WR,10.1,9.8,2024,7
Najee Harris,RB,10.0,16.2,2024,7
Rashod Bateman,WR,10.0,22.1,2024,7
DeVonta Smith,WR,9.7,0.8,2024,7
Xavier Legette,WR,9.7,2.9,2024,7
Romeo Doubs,WR,9.6,17.4,2024,7
Jordan Addison,WR,9.6,9.6,2024,7
Tyler Allgeier,RB,9.5,5.5,2024,7
Kareem Hunt,RB,9.4,22.3,2024,7
Michael Wilson,WR,9.3,2.5,2024,7
Jaleel McLaughlin,RB,9.3,3.5,2024,7
Diontae Johnson,WR,9.2,2.7,2024,7
Tyrone Tracy Jr.,RB,9.2,6.2,2024,7
Alexander Mattison,RB,9.0,15.3,2024,7
Deebo Samuel Sr.,WR,9.0,0.0,2024,7
Kyle Pitts,TE,8.9,13.5,2024,7
Sam LaPorta,TE,8.7,3.5,2024,7
Travis Kelce,TE,8.5,5.7,2024,7
Justice Hill,RB,8.4,13.8,2024,7
Juwan Johnson,TE,8.4,4.8,2024,7
Dontayvion Wicks,WR,8.3,13.8,2024,7
Raheem Mostert,RB,8.3,3.0,2024,7
Amari Cooper,WR,8.1,16.6,2024,7
Andrei Iosivas,WR,8.1,0.0,2024,7
Hunter Henry,TE,8.1,17.2,2024,7
Brandon Aiyuk,WR,8.1,4.3,2024,7
Alec Pierce,WR,8.0,3.5,2024,7
Jerry Jeudy,WR,7.9,2.8,2024,7
Brian Thomas Jr.,WR,7.8,22.1,2024,7
Zach Ertz,TE,7.8,14.0,2024,7
Jaylen Waddle,WR,7.7,2.1,2024,7
Josh Palmer,WR,7.7,10.3,2024,7
Tucker Kraft,TE,7.5,12.3,2024,7
Demarcus Robinson,WR,7.3,1.9,2024,7
Braelon Allen,RB,7.3,1.6,2024,7
Christian Watson,WR,7.3,1.5,2024,7
Noah Brown,WR,7.2,2.6,2024,7
Christian Kirk,WR,7.2,3.4,2024,7
Tutu Atwell,WR,7.2,11.1,2024,7
Tre Tucker,WR,7.1,7.7,2024,7
Wan'Dale Robinson,WR,7.0,8.3,2024,7
Devaughn Vele,WR,7.0,3.0,2024,7
Noah Fant,TE,6.9,10.5,2024,7
Tyler Conklin,TE,6.8,10.7,2024,7
Tyler Boyd,WR,6.8,9.3,2024,7
Darius Slayton,WR,6.8,2.1,2024,7
Antonio Gibson,RB,6.8,2.3,2024,7
Jalen McMillan,WR,6.7,5.6,2024,7
Zamir White,RB,6.6,3.7,2024,7
Ja'Lynn Polk,WR,6.5,0.0,2024,7
Kendrick Bourne,WR,6.5,2.4,2024,7
Jalen Nailor,WR,6.5,11.6,2024,7
Cade Otton,TE,6.5,18.0,2024,7
Jalen Coker,WR,6.5,2.0,2024,7
Calvin Ridley,WR,6.4,7.2,2024,7
David Njoku,TE,6.3,23.6,2024,7
Ray-Ray McCloud,WR,6.3,2.9,2024,7
Foster Moreau,TE,6.3,5.8,2024,7
Dameon Pierce,RB,6.0,0.2,2024,7
Kimani Vidal,RB,6.0,2.9,2024,7
DeAndre Hopkins,WR,6.0,0.8,2024,7
Emanuel Wilson,RB,6.0,1.1,2024,7
Sterling Shepard,WR,6.0,4.5,2024,7
Greg Dortch,WR,6.0,7.5,2024,7
Dalton Kincaid,TE,6.0,8.2,2024,7
Evan Engram,TE,5.9,8.5,2024,7
Gabe Davis,WR,5.8,2.3,2024,7
Dalton Schultz,TE,5.8,3.8,2024,7
Khalil Shakir,WR,5.7,13.5,2024,7
Lil'Jordan Humphrey,WR,5.6,3.2,2024,7
Tim Patrick,WR,5.6,4.5,2024,7
Sean Tucker,RB,5.5,4.8,2024,7
Mike Gesicki,TE,5.5,1.2,2024,7
Miles Sanders,RB,5.4,3.8,2024,7
Cam Akers,RB,5.4,0.0,2024,7
Will Dissly,TE,5.4,16.1,2024,7
Simi Fehoko,WR,5.3,7.5,2024,7
Nelson Agholor,WR,5.2,3.0,2024,7
Xavier Worthy,WR,5.2,5.4,2024,7
Kayshon Boutte,WR,5.2,4.3,2024,7
George Pickens,WR,5.2,22.1,2024,7
Ray Davis,RB,5.2,11.7,2024,7
Colby Parkinson,TE,5.2,5.2,2024,7
Ty Chandler,RB,4.9,0.4,2024,7
Jaylen Warren,RB,4.8,7.9,2024,7
Mo Alie-Cox,TE,4.8,0.0,2024,7
Jeremy McNichols,RB,4.8,4.2,2024,7
Erick All,TE,4.7,0.0,2024,7
Pat Freiermuth,TE,4.5,7.1,2024,7
Jordan Akins,TE,4.5,8.2,2024,7
Ty Johnson,RB,4.5,7.4,2024,7
Charlie Kolar,TE,4.4,2.4,2024,7
Keon Coleman,WR,4.3,16.5,2024,7
Elijah Moore,WR,4.2,10.1,2024,7
Kalif Raymond,WR,4.2,12.9,2024,7
Trey Sermon,RB,4.1,5.9,2024,7
Ja'Tavion Sanders,TE,4.0,12.1,2024,7
K.J. Osborn,WR,4.0,10.6,2024,7
Johnny Mundt,TE,4.0,4.8,2024,7
Chig Okonkwo,TE,4.0,9.0,2024,7
Josh Oliver,TE,3.9,1.5,2024,7
D'Onta Foreman,RB,3.9,0.5,2024,7
Mike Williams,WR,3.8,2.5,2024,7
Elijah Higgins,TE,3.7,1.1,2024,7
Tyler Goodson,RB,3.7,11.1,2024,7
Olamide Zaccheaus,WR,3.7,6.5,2024,7
Jaylen Wright,RB,3.6,3.3,2024,7
Parris Campbell,WR,3.6,0.0,2024,7
Drew Sample,TE,3.6,0.0,2024,7
Harrison Bryant,TE,3.6,3.9,2024,7
Jake Bobo,WR,3.5,0.0,2024,7
Ben Sims,TE,3.4,1.2,2024,7
Lucas Krull,TE,3.4,7.1,2024,7
Kenny Gainwell,RB,3.4,7.7,2024,7
Noah Gray,TE,3.3,10.6,2024,7
Justin Watson,WR,3.3,1.8,2024,7
Samaje Perine,RB,3.3,3.8,2024,7
AJ Barner,TE,3.3,1.5,2024,7
Andrew Ogletree,TE,3.2,0.0,2024,7
Emari Demercado,RB,3.2,1.4,2024,7
Carson Steele,RB,3.2,1.7,2024,7
Austin Hooper,TE,3.2,7.2,2024,7
Dare Ogunbowale,RB,3.1,0.6,2024,7
Grant Calcaterra,TE,3.1,1.5,2024,7
Josh Whyle,TE,3.1,6.4,2024,7
Jonnu Smith,TE,3.1,22.6,2024,7
Theo Johnson,TE,3.1,0.0,2024,7
Tank Bigsby,RB,3.0,23.8,2024,7
Mason Tipton,WR,2.9,10.5,2024,7
Jahan Dotson,WR,2.9,0.0,2024,7
Dawson Knox,TE,2.9,1.5,2024,7
Nick Vannett,TE,2.7,6.5,2024,7
Mack Hollins,WR,2.7,0.0,2024,7
Dyami Brown,WR,2.7,3.3,2024,7
D'Ernest Johnson,RB,2.6,10.0,2024,7
Calvin Austin III,WR,2.5,4.6,2024,7
Troy Franklin,WR,2.5,10.0,2024,7
Isaac Guerendo,RB,2.5,1.7,2024,7
Van Jefferson,WR,2.4,9.5,2024,7
Nick Westbrook-Ikhine,WR,2.4,9.0,2024,7
Tip Reiman,TE,2.4,1.1,2024,7
Ashton Dulin,WR,2.3,1.2,2024,7
Jamaal Williams,RB,2.3,1.7,2024,7
Blake Corum,RB,2.2,1.1,2024,7
Adam Trautman,TE,2.1,0.0,2024,7
Brandon Powell,WR,2.1,0.0,2024,7
Tyler Johnson,WR,2.1,9.7,2024,7
Ronnie Bell,WR,2.0,2.0,2024,7
Eric Gray,RB,2.0,1.9,2024,7
David Moore,WR,2.0,0.0,2024,7
Trey Palmer,WR,1.9,2.6,2024,7
Adonai Mitchell,WR,1.9,5.0,2024,7
Pierre Strong,RB,1.8,2.5,2024,7
Kylen Granson,TE,1.7,0.0,2024,7
Ronnie Rivers,RB,1.7,0.0,2024,7
Tylan Wallace,WR,1.7,0.0,2024,7
JaMycal Hasty,RB,1.7,15.7,2024,7
Cade Stover,TE,1.7,2.5,2024,7
Curtis Samuel,WR,1.7,0.0,2024,7
John Bates,TE,1.6,0.0,2024,7
Ben Sinnott,TE,1.5,8.6,2024,7
Alex Bachman,WR,1.4,0.0,2024,7
Darnell Washington,TE,1.3,7.6,2024,7
Nate Adkins,TE,1.3,0.0,2024,7
Audric Estimé,RB,1.3,0.9,2024,7
Kenny McIntosh,RB,1.3,0.5,2024,7
Jalin Hyatt,WR,1.1,0.0,2024,7
Hassan Haskins,RB,1.1,0.2,2024,7
Eric Tomlinson,TE,1.1,1.7,2024,7
DJ Turner,WR,1.1,3.7,2024,7
Trent Sherfield,WR,1.0,0.0,2024,7
Tanner Hudson,TE,1.0,0.0,2024,7
Jonathan Ward,RB,1.0,0.0,2024,7
Cedric Tillman,WR,1.0,18.1,2024,7
Marvin Mims Jr.,WR,0.9,3.8,2024,7
Durham Smythe,TE,0.9,0.0,2024,7
Mecole Hardman,WR,0.8,12.5,2024,7
Xavier Gipson,WR,0.7,0.0,2024,7
Julian Hill,TE,0.7,1.4,2024,7
Sione Vaki,RB,0.7,0.0,2024,7
Laviska Shenault Jr.,WR,0.7,0.0,2024,7
Braxton Berrios,WR,0.6,0.0,2024,7
Jaelon Darden,WR,0.6,0.0,2024,7
Cedrick Wilson Jr.,WR,0.6,17.7,2024,7
Charlie Woerner,TE,0.6,0.0,2024,7
Hunter Long,TE,0.5,1.5,2024,7
Parker Washington,WR,0.5,6.0,2024,7
Quintin Morris,TE,0.5,0.0,2024,7
Charlie Jones,WR,0.5,6.0,2024,7
Malik Washington,WR,0.4,2.9,2024,7
Xavier Smith,WR,0.4,3.0,2024,7
Stone Smartt,TE,0.4,4.1,2024,7
Will Mallory,TE,0.4,1.5,2024,7
Daniel Bellinger,TE,0.3,2.1,2024,7
Chris Conley,WR,0.3,0.0,2024,7
Isaiah Davis,RB,0.3,1.2,2024,7
Julius Chestnut,RB,0.3,3.4,2024,7
Odell Beckham Jr.,WR,0.2,0.0,2024,7
Joseph Fortson,TE,0.2,0.0,2024,7
Jack Stoll,TE,0.2,0.0,2024,7
Raheem Blackshear,RB,0.2,0.0,2024,7
Xavier Hutchinson,WR,0.1,2.1,2024,7
Ko Kieft,TE,0.1,0.0,2024,7
Bub Means,WR,0.1,6.7,2024,7
Avery Williams,RB,0.1,0.0,2024,7
Drake Maye,QB,0.0,20.84,2024,7
Geoff Swaim,TE,0.0,0.0,2024,7
Colson Yankoff,TE,0.0,0.0,2024,7
DeeJay Dallas,RB,0.0,0.0,2024,7
Brady Russell,RB,0.0,0.0,2024,7
Bryce Ford-Wheaton,WR,0.0,0.0,2024,7
Chris Collier,RB,0.0,0.0,2024,7
Patrick Ricard,RB,0.0,0.0,2024,7
Ian Thomas,TE,0.0,2.4,2024,7
Jameis Winston,QB,0.0,8.68,2024,7
Jake Haener,QB,0.0,5.52,2024,7
Gardner Minshew,QB,0.0,-1.64,2024,7
Jha'Quan Jackson,WR,0.0,0.0,2024,7
Ihmir Smith-Marsette,WR,0.0,0.0,2024,7
Irvin Charles,WR,0.0,0.0,2024,7
Jacob Cowing,WR,0.0,7.0,2024,7
Marcus Mariota,QB,0.0,19.6,2024,7
Spencer Rattler,QB,0.0,6.28,2024,7
Mason Rudolph,QB,0.0,9.9,2024,7
Will Shipley,RB,0.0,1.5,2024,7
Skyy Moore,WR,0.0,0.0,2024,7
Daniel Jones,QB,0.0,5.96,2024,7
Bryce Young,QB,0.0,-0.16,2024,7
Anthony Richardson,QB,0.0,8.76,2024,7
De'Von Achane,RB,36.0,26.7,2024,8
Lamar Jackson,QB,29.7,24.16,2024,8
Baker Mayfield,QB,24.8,22.3,2024,8
Derrick Henry,RB,24.2,14.7,2024,8
Justin Jefferson,WR,23.1,19.5,2024,8
Jordan Love,QB,21.9,5.74,2024,8
Bijan Robinson,RB,21.8,23.6,2024,8
Sam Darnold,QB,21.1,18.2,2024,8
Kyren Williams,RB,20.8,22.6,2024,8
Kirk Cousins,QB,19.3,28.64,2024,8
Breece Hall,RB,18.2,9.9,2024,8
Javonte Williams,RB,18.1,9.2,2024,8
Trevor Lawrence,QB,18.0,23.32,2024,8
Josh Allen,QB,18.0,19.82,2024,8
Brock Purdy,QB,17.9,26.0,2024,8
Bo Nix,QB,17.8,29.76,2024,8
Jalen Hurts,QB,17.7,35.14,2024,8
Justin Herbert,QB,17.5,24.06,2024,8
Drake London,WR,17.4,7.4,2024,8
Joe Burrow,QB,17.4,12.86,2024,8
Caleb Williams,QB,17.3,9.94,2024,8
Jordan Mason,RB,17.1,1.8,2024,8
Jonathan Taylor,RB,16.8,18.7,2024,8
J.K. Dobbins,RB,16.8,16.8,2024,8
Ja'Marr Chase,WR,16.4,20.4,2024,8
Amon-Ra St. Brown,WR,16.1,8.7,2024,8
Aaron Jones,RB,16.0,11.5,2024,8
Jared Goff,QB,15.9,15.5,2024,8
Alvin Kamara,RB,15.7,18.2,2024,8
Spencer Rattler,QB,15.5,6.24,2024,8
D'Andre Swift,RB,15.3,18.9,2024,8
Josh Jacobs,RB,15.1,25.5,2024,8
Dak Prescott,QB,14.9,13.62,2024,8
Kenneth Walker III,RB,14.7,8.5,2024,8
Jahmyr Gibbs,RB,14.7,20.3,2024,8
Saquon Barkley,RB,14.7,12.1,2024,8
Joe Mixon,RB,14.3,23.4,2024,8
C.J. Stroud,QB,14.3,12.4,2024,8
Geno Smith,QB,14.2,8.08,2024,8
Kyler Murray,QB,14.1,22.18,2024,8
James Conner,RB,13.9,14.9,2024,8
Tyreek Hill,WR,13.7,13.2,2024,8
Chuba Hubbard,RB,13.4,9.1,2024,8
Jayden Reed,WR,13.3,7.5,2024,8
Rachaad White,RB,13.3,15.7,2024,8
Patrick Mahomes,QB,13.1,18.18,2024,8
Kareem Hunt,RB,13.0,13.3,2024,8
Najee Harris,RB,12.9,16.1,2024,8
Brian Robinson,RB,12.8,8.6,2024,8
Matthew Stafford,QB,12.4,24.76,2024,8
Terry McLaurin,WR,12.4,17.5,2024,8
Cooper Kupp,WR,12.4,16.1,2024,8
DJ Moore,WR,12.4,5.4,2024,8
Jordan Addison,WR,12.3,4.2,2024,8
Devin Singletary,RB,12.2,4.3,2024,8
Drake Maye,QB,12.2,11.52,2024,8
James Cook,RB,12.2,28.3,2024,8
Michael Pittman,WR,12.2,2.6,2024,8
Romeo Doubs,WR,12.0,10.2,2024,8
Darnell Mooney,WR,12.0,18.6,2024,8
A.J. Brown,WR,11.9,13.4,2024,8
Aaron Rodgers,QB,11.9,17.32,2024,8
Zay Flowers,WR,11.8,18.5,2024,8
Tony Pollard,RB,11.8,14.7,2024,8
Rashod Bateman,WR,11.7,3.8,2024,8
David Montgomery,RB,11.5,14.92,2024,8
CeeDee Lamb,WR,11.5,39.6,2024,8
Ladd McConkey,WR,11.3,29.1,2024,8
Bucky Irving,RB,11.3,15.4,2024,8
Brian Thomas Jr.,WR,11.2,15.0,2024,8
Courtland Sutton,WR,11.2,17.12,2024,8
Austin Ekeler,RB,11.0,7.8,2024,8
Keenan Allen,WR,10.9,5.9,2024,8
Mark Andrews,TE,10.8,14.6,2024,8
Chris Olave,WR,10.7,18.7,2024,8
Jaxon Smith-Njigba,WR,10.6,12.9,2024,8
George Kittle,TE,10.5,24.8,2024,8
Tyler Allgeier,RB,10.5,3.3,2024,8
Garrett Wilson,WR,10.3,16.3,2024,8
Jaleel McLaughlin,RB,10.2,12.6,2024,8
George Pickens,WR,10.2,11.4,2024,8
Tyrone Tracy Jr.,RB,10.2,23.0,2024,8
Raheem Mostert,RB,10.1,16.0,2024,8
Jaylen Waddle,WR,10.0,8.5,2024,8
Malik Nabers,WR,10.0,14.1,2024,8
Josh Downs,WR,9.9,22.2,2024,8
David Njoku,TE,9.9,17.1,2024,8
Kyle Pitts,TE,9.8,25.1,2024,8
Cole Kmet,TE,9.4,4.4,2024,8
Justice Hill,RB,9.3,2.9,2024,8
Tyler Lockett,WR,9.3,1.9,2024,8
Nick Chubb,RB,9.3,5.2,2024,8
Brock Bowers,TE,9.1,10.8,2024,8
Dontayvion Wicks,WR,9.1,3.1,2024,8
Davante Adams,WR,9.1,9.4,2024,8
Evan Engram,TE,9.0,13.6,2024,8
Zach Ertz,TE,9.0,14.7,2024,8
Jalen Nailor,WR,8.9,3.6,2024,8
Tutu Atwell,WR,8.9,2.8,2024,8
Alexander Mattison,RB,8.9,9.4,2024,8
Tucker Kraft,TE,8.8,16.8,2024,8
Tank Dell,WR,8.6,13.5,2024,8
Deebo Samuel Sr.,WR,8.5,12.6,2024,8
Jonnu Smith,TE,8.4,6.0,2024,8
Jerry Jeudy,WR,8.3,12.9,2024,8
Isaiah Likely,TE,8.2,8.7,2024,8
Zack Moss,RB,8.2,7.9,2024,8
Amari Cooper,WR,8.1,1.3,2024,8
Alec Pierce,WR,8.1,2.1,2024,8
Tank Bigsby,RB,8.0,10.6,2024,8
Christian Kirk,WR,8.0,7.9,2024,8
Trey McBride,TE,8.0,21.4,2024,8
Josh Palmer,WR,7.9,9.2,2024,8
Gardner Minshew,QB,7.9,14.96,2024,8
Will Dissly,TE,7.8,9.1,2024,8
Stefon Diggs,WR,7.8,12.7,2024,8
Rhamondre Stevenson,RB,7.7,23.5,2024,8
Jakobi Meyers,WR,7.6,17.2,2024,8
Wan'Dale Robinson,WR,7.6,8.0,2024,8
Rome Odunze,WR,7.5,8.4,2024,8
Tyler Boyd,WR,7.5,4.4,2024,8
Cade Otton,TE,7.4,29.1,2024,8
Calvin Ridley,WR,7.4,22.6,2024,8
Chase Brown,RB,7.4,11.4,2024,8
Zach Charbonnet,RB,7.3,11.4,2024,8
Demarcus Robinson,WR,7.2,17.5,2024,8
Marvin Harrison Jr.,WR,7.1,23.1,2024,8
DeVonta Smith,WR,7.0,20.5,2024,8
Sam LaPorta,TE,7.0,16.8,2024,8
Hunter Henry,TE,6.9,9.5,2024,8
Christian Watson,WR,6.9,7.9,2024,8
Travis Kelce,TE,6.8,25.0,2024,8
Gabe Davis,WR,6.8,0.0,2024,8
Jaylen Warren,RB,6.8,7.9,2024,8
Ray Davis,RB,6.8,2.9,2024,8
Juwan Johnson,TE,6.7,7.8,2024,8
Dalton Kincaid,TE,6.7,13.1,2024,8
Johnny Mundt,TE,6.7,2.0,2024,8
Roschon Johnson,RB,6.6,6.6,2024,8
Jake Ferguson,TE,6.6,8.3,2024,8
Kimani Vidal,RB,6.5,1.6,2024,8
Jalen McMillan,WR,6.5,9.2,2024,8
Pat Freiermuth,TE,6.4,3.9,2024,8
Keon Coleman,WR,6.4,18.0,2024,8
Brenton Strange,TE,6.4,10.9,2024,8
Noah Brown,WR,6.4,16.3,2024,8
Jalen Tolbert,WR,6.3,7.4,2024,8
DeMario Douglas,WR,6.2,3.2,2024,8
Ray-Ray McCloud,WR,6.1,5.6,2024,8
Darius Slayton,WR,6.1,14.8,2024,8
Kendre Miller,RB,6.1,1.6,2024,8
Ricky Pearsall,WR,6.0,11.7,2024,8
Noah Fant,TE,6.0,5.2,2024,8
Elijah Moore,WR,5.9,16.5,2024,8
Andrei Iosivas,WR,5.9,0.0,2024,8
Devaughn Vele,WR,5.8,5.8,2024,8
Simi Fehoko,WR,5.7,0.0,2024,8
Xavier Legette,WR,5.7,13.4,2024,8
Khalil Shakir,WR,5.7,19.9,2024,8
Josh Oliver,TE,5.7,11.0,2024,8
Mike Williams,WR,5.7,0.0,2024,8
Michael Wilson,WR,5.6,14.1,2024,8
Colby Parkinson,TE,5.5,3.7,2024,8
Sterling Shepard,WR,5.4,4.8,2024,8
Jordan Akins,TE,5.4,0.0,2024,8
Sean Tucker,RB,5.4,2.5,2024,8
Lil'Jordan Humphrey,WR,5.4,4.2,2024,8
Ezekiel Elliott,RB,5.2,10.8,2024,8
Emanuel Wilson,RB,5.1,2.3,2024,8
D'Ernest Johnson,RB,5.1,3.3,2024,8
Ja'Tavion Sanders,TE,5.1,1.7,2024,8
Zamir White,RB,5.1,-0.1,2024,8
Bub Means,WR,5.1,4.6,2024,8
Tyler Conklin,TE,5.0,13.2,2024,8
Jaylen Wright,RB,5.0,1.8,2024,8
Braelon Allen,RB,4.8,9.2,2024,8
DeAndre Hopkins,WR,4.8,4.9,2024,8
Foster Moreau,TE,4.8,0.0,2024,8
Tim Patrick,WR,4.8,0.0,2024,8
Lucas Krull,TE,4.7,3.8,2024,8
Nelson Agholor,WR,4.7,12.6,2024,8
Tommy Tremble,TE,4.6,3.3,2024,8
Ty Johnson,RB,4.6,0.0,2024,8
Xavier Worthy,WR,4.6,13.7,2024,8
Antonio Gibson,RB,4.5,0.7,2024,8
Van Jefferson,WR,4.5,10.2,2024,8
K.J. Osborn,WR,4.4,0.0,2024,8
Troy Franklin,WR,4.4,1.9,2024,8
Cedric Tillman,WR,4.4,28.9,2024,8
Kalif Raymond,WR,4.4,15.4,2024,8
Dalton Schultz,TE,4.3,9.2,2024,8
Mason Tipton,WR,4.3,3.4,2024,8
Trey Sermon,RB,4.3,2.4,2024,8
Luke McCaffrey,WR,4.3,1.8,2024,8
Tyler Goodson,RB,4.3,0.0,2024,8
Chig Okonkwo,TE,4.3,1.4,2024,8
Greg Dortch,WR,4.2,1.9,2024,8
Miles Sanders,RB,4.2,11.5,2024,8
Mike Gesicki,TE,4.1,12.3,2024,8
Mo Alie-Cox,TE,4.0,0.0,2024,8
Kenny Gainwell,RB,4.0,1.9,2024,8
Jalen Coker,WR,4.0,17.8,2024,8
Kendrick Bourne,WR,4.0,0.0,2024,8
Tre Tucker,WR,3.9,5.3,2024,8
Trenton Irwin,WR,3.8,1.4,2024,8
Nick Westbrook-Ikhine,WR,3.8,11.9,2024,8
Olamide Zaccheaus,WR,3.8,0.0,2024,8
Charlie Kolar,TE,3.7,1.9,2024,8
Calvin Austin III,WR,3.7,20.4,2024,8
Noah Gray,TE,3.7,5.3,2024,8
Samaje Perine,RB,3.6,5.0,2024,8
Tyler Johnson,WR,3.6,1.6,2024,8
Dameon Pierce,RB,3.6,0.4,2024,8
D'Onta Foreman,RB,3.5,2.6,2024,8
Carson Steele,RB,3.5,2.4,2024,8
Erick All,TE,3.4,5.2,2024,8
Theo Johnson,TE,3.4,6.5,2024,8
Adonai Mitchell,WR,3.4,1.9,2024,8
Ameer Abdullah,RB,3.4,2.1,2024,8
Isaac Guerendo,RB,3.3,19.2,2024,8
Nick Vannett,TE,3.3,0.0,2024,8
Chris Brooks,RB,3.3,2.7,2024,8
Kayshon Boutte,WR,3.2,7.6,2024,8
Josh Whyle,TE,3.1,5.3,2024,8
Brock Wright,TE,2.9,7.8,2024,8
Trey Benson,RB,2.9,1.0,2024,8
Justin Watson,WR,2.9,6.3,2024,8
Malik Washington,WR,2.8,0.0,2024,8
Dawson Knox,TE,2.8,7.0,2024,8
Jeremy McNichols,RB,2.7,-0.1,2024,8
Mack Hollins,WR,2.7,0.0,2024,8
Austin Hooper,TE,2.7,4.5,2024,8
Jonathan Mingo,WR,2.7,0.0,2024,8
Ben Sims,TE,2.7,0.0,2024,8
Craig Reynolds,RB,2.7,0.3,2024,8
AJ Barner,TE,2.6,5.4,2024,8
Dyami Brown,WR,2.6,1.6,2024,8
Pierre Strong,RB,2.6,1.3,2024,8
KaVontae Turpin,WR,2.5,3.7,2024,8
Darnell Washington,TE,2.5,3.9,2024,8
Jermaine Burton,WR,2.5,5.1,2024,8
Grant Calcaterra,TE,2.4,8.8,2024,8
Blake Corum,RB,2.4,2.8,2024,8
KhaDarel Hodge,WR,2.4,0.0,2024,8
MyCole Pruitt,TE,2.3,2.0,2024,8
Emari Demercado,RB,2.3,0.0,2024,8
Luke Farrell,TE,2.3,0.0,2024,8
Jake Bobo,WR,2.3,2.5,2024,8
Adam Trautman,TE,2.3,18.5,2024,8
Taysom Hill,TE,2.3,6.22,2024,8
Elijah Higgins,TE,2.3,3.3,2024,8
Hunter Luepke,RB,2.2,0.0,2024,8
Audric Estimé,RB,2.2,0.4,2024,8
Dare Ogunbowale,RB,2.2,0.4,2024,8
Trey Palmer,WR,2.1,4.9,2024,8
Jamaal Williams,RB,2.1,0.4,2024,8
Eric Gray,RB,2.0,1.3,2024,8
Gerald Everett,TE,2.0,1.3,2024,8
Eric Saubert,TE,2.0,0.0,2024,8
Tip Reiman,TE,1.8,0.0,2024,8
Jeremy Ruckert,TE,1.8,4.4,2024,8
Eric Tomlinson,TE,1.7,0.0,2024,8
Cade Stover,TE,1.6,3.9,2024,8
DeAndre Carter,WR,1.5,1.7,2024,8
Brandon Powell,WR,1.5,0.0,2024,8
Jalen Reagor,WR,1.5,5.5,2024,8
Pharaoh Brown,TE,1.5,0.0,2024,8
Payne Durham,TE,1.4,0.0,2024,8
Marvin Mims Jr.,WR,1.4,1.8,2024,8
Puka Nacua,WR,1.4,18.1,2024,8
Scott Miller,WR,1.3,0.0,2024,8
John Bates,TE,1.3,3.0,2024,8
Nate Adkins,TE,1.3,7.3,2024,8
Zay Jones,WR,1.2,1.3,2024,8
Julian Hill,TE,1.2,4.1,2024,8
Dee Eskridge,WR,1.2,3.2,2024,8
Jalen Brooks,WR,1.2,0.0,2024,8
Tylan Wallace,WR,1.2,0.0,2024,8
Stone Smartt,TE,1.2,0.0,2024,8
Kylen Granson,TE,1.2,1.4,2024,8
DJ Turner,WR,1.1,13.2,2024,8
David Moore,WR,1.1,7.9,2024,8
Hassan Haskins,RB,1.0,0.0,2024,8
Ashton Dulin,WR,1.0,0.0,2024,8
Jonathan Ward,RB,1.0,0.0,2024,8
Brevyn Spann-Ford,TE,1.0,0.0,2024,8
Julius Chestnut,RB,1.0,3.2,2024,8
Jacob Cowing,WR,0.9,0.0,2024,8
Mecole Hardman,WR,0.9,1.8,2024,8
Jack Stoll,TE,0.9,1.6,2024,8
Hunter Long,TE,0.7,2.8,2024,8
Ronnie Bell,WR,0.7,0.0,2024,8
Alex Bachman,WR,0.7,0.0,2024,8
Trent Sherfield,WR,0.7,8.0,2024,8
Robert Woods,WR,0.5,3.8,2024,8
Parker Washington,WR,0.5,7.6,2024,8
Laviska Shenault Jr.,WR,0.5,2.0,2024,8
Will Mallory,TE,0.5,0.0,2024,8
Xavier Gipson,WR,0.4,7.1,2024,8
Sione Vaki,RB,0.4,0.0,2024,8
Xavier Smith,WR,0.4,0.0,2024,8
Tyquan Thornton,WR,0.4,4.0,2024,8
Charlie Woerner,TE,0.4,2.3,2024,8
Isaiah Davis,RB,0.4,0.0,2024,8
Will Shipley,RB,0.4,-0.3,2024,8
Xavier Hutchinson,WR,0.3,2.9,2024,8
Chris Manhertz,TE,0.3,0.0,2024,8
Jaelon Darden,WR,0.3,0.0,2024,8
Charlie Jones,WR,0.3,0.0,2024,8
Ryan Flournoy,WR,0.3,0.0,2024,8
John Metchie III,WR,0.2,5.9,2024,8
Chris Conley,WR,0.2,0.0,2024,8
Allen Robinson,WR,0.2,0.0,2024,8
Joseph Fortson,TE,0.1,0.0,2024,8
Avery Williams,RB,0.1,0.0,2024,8
Raheem Blackshear,RB,0.1,0.0,2024,8
Daniel Jones,QB,0.0,6.66,2024,8
Geoff Swaim,TE,0.0,1.7,2024,8
Chris Collier,RB,0.0,0.0,2024,8
Jameis Winston,QB,0.0,23.56,2024,8
Jake Haener,QB,0.0,5.88,2024,8
DeeJay Dallas,RB,0.0,0.0,2024,8
Tim Jones,WR,0.0,3.0,2024,8
Brady Russell,RB,0.0,0.0,2024,8
Tua Tagovailoa,QB,0.0,14.66,2024,8
Ihmir Smith-Marsette,WR,0.0,0.0,2024,8
Irvin Charles,WR,0.0,0.0,2024,8
Jayden Daniels,QB,0.0,22.24,2024,8
Jacoby Brissett,QB,0.0,8.38,2024,8
Hendon Hooker,QB,0.0,0.24,2024,8
Jha'Quan Jackson,WR,0.0,0.0,2024,8
Jermaine Jackson,WR,0.0,0.0,2024,8
Reggie Gilliam,RB,0.0,0.0,2024,8
Patrick Taylor,RB,0.0,0.9,2024,8
Mason Rudolph,QB,0.0,19.54,2024,8
Malik Willis,QB,0.0,8.54,2024,8
Russell Wilson,QB,0.0,13.82,2024,8
John Shenker,TE,0.0,1.7,2024,8
Troy Hairston,RB,0.0,0.0,2024,8
Mitchell Trubisky,QB,0.0,-0.3,2024,8
Bryce Young,QB,0.0,13.56,2024,8
Anthony Richardson,QB,0.0,11.5,2024,8
Lamar Jackson,QB,27.8,23.6,2024,9
Jalen Hurts,QB,24.0,29.9,2024,9
De'Von Achane,RB,23.9,32.1,2024,9
Derrick Henry,RB,23.2,26.3,2024,9
Dak Prescott,QB,22.1,12.32,2024,9
Patrick Mahomes,QB,21.3,24.54,2024,9
Bijan Robinson,RB,21.3,21.5,2024,9
Jahmyr Gibbs,RB,20.9,14.6,2024,9
Jordan Love,QB,19.5,10.92,2024,9
Justin Jefferson,WR,19.3,21.58,2024,9
Baker Mayfield,QB,19.2,18.0,2024,9
CeeDee Lamb,WR,19.0,16.2,2024,9
Kyren Williams,RB,19.0,10.5,2024,9
Josh Allen,QB,18.9,22.1,2024,9
Jared Goff,QB,18.7,9.6,2024,9
Geno Smith,QB,18.6,22.12,2024,9
Alvin Kamara,RB,18.2,27.5,2024,9
D'Andre Swift,RB,18.0,14.2,2024,9
Bo Nix,QB,18.0,17.72,2024,9
Kirk Cousins,QB,18.0,17.78,2024,9
Breece Hall,RB,18.0,10.5,2024,9
Jonathan Taylor,RB,17.9,8.9,2024,9
Josh Jacobs,RB,17.4,12.8,2024,9
Sam Darnold,QB,17.3,19.0,2024,9
Saquon Barkley,RB,16.9,32.9,2024,9
Caleb Williams,QB,16.9,9.18,2024,9
Jameis Winston,QB,16.6,10.1,2024,9
Joe Burrow,QB,15.8,29.14,2024,9
Justin Herbert,QB,15.8,19.48,2024,9
Kenneth Walker III,RB,15.4,13.7,2024,9
Kyler Murray,QB,15.3,4.76,2024,9
Javonte Williams,RB,15.3,10.4,2024,9
David Montgomery,RB,15.1,12.6,2024,9
Drake London,WR,15.1,10.7,2024,9
Ja'Marr Chase,WR,15.1,11.3,2024,9
Terry McLaurin,WR,14.6,15.9,2024,9
Kareem Hunt,RB,14.4,18.7,2024,9
Amon-Ra St. Brown,WR,14.4,18.6,2024,9
A.J. Brown,WR,14.2,5.6,2024,9
James Cook,RB,14.0,11.9,2024,9
Chuba Hubbard,RB,13.9,21.2,2024,9
J.K. Dobbins,RB,13.8,24.5,2024,9
Aaron Rodgers,QB,13.7,20.34,2024,9
Aaron Jones,RB,13.7,12.2,2024,9
Trevor Lawrence,QB,13.7,19.56,2024,9
James Conner,RB,13.4,14.9,2024,9
Mark Andrews,TE,13.2,4.6,2024,9
Joe Mixon,RB,12.9,16.6,2024,9
Drake Maye,QB,12.8,15.74,2024,9
Austin Ekeler,RB,12.6,17.3,2024,9
Devin Singletary,RB,12.6,3.3,2024,9
Travis Kelce,TE,12.5,22.0,2024,9
Tyrone Tracy Jr.,RB,12.5,7.9,2024,9
Rico Dowdle,RB,12.4,21.7,2024,9
Tony Pollard,RB,12.4,18.4,2024,9
Matthew Stafford,QB,12.4,17.92,2024,9
Courtland Sutton,WR,12.3,23.28,2024,9
Darnell Mooney,WR,12.2,19.8,2024,9
Zay Flowers,WR,12.2,29.7,2024,9
Ladd McConkey,WR,12.1,11.4,2024,9
Tua Tagovailoa,QB,12.0,17.54,2024,9
Jayden Reed,WR,12.0,16.3,2024,9
Josh Downs,WR,11.9,12.0,2024,9
Tyler Lockett,WR,11.8,15.3,2024,9
Chris Olave,WR,11.7,2.3,2024,9
Nick Chubb,RB,11.6,4.5,2024,9
David Njoku,TE,11.5,7.9,2024,9
Jerome Ford,RB,11.3,1.7,2024,9
C.J. Stroud,QB,11.1,11.54,2024,9
Kyle Pitts,TE,11.1,2.1,2024,9
Trey McBride,TE,10.9,12.7,2024,9
Garrett Wilson,WR,10.9,30.0,2024,9
DJ Moore,WR,10.7,7.3,2024,9
Malik Nabers,WR,10.6,14.9,2024,9
Romeo Doubs,WR,10.6,6.8,2024,9
Jaxon Smith-Njigba,WR,10.5,37.0,2024,9
Rachaad White,RB,10.5,12.5,2024,9
DeVonta Smith,WR,10.4,18.7,2024,9
Keenan Allen,WR,10.3,7.6,2024,9
Sam LaPorta,TE,10.3,4.8,2024,9
Rashod Bateman,WR,9.9,5.5,2024,9
Cooper Kupp,WR,9.8,21.4,2024,9
Bucky Irving,RB,9.8,6.4,2024,9
Jaleel McLaughlin,RB,9.8,5.0,2024,9
Isaiah Likely,TE,9.6,0.0,2024,9
Cade Otton,TE,9.5,21.7,2024,9
Jerry Jeudy,WR,9.5,14.3,2024,9
Mason Rudolph,QB,9.4,17.5,2024,9
Tyreek Hill,WR,9.4,12.0,2024,9
Marvin Harrison Jr.,WR,9.3,3.4,2024,9
Jordan Addison,WR,9.2,16.1,2024,9
Michael Pittman,WR,9.1,2.4,2024,9
Noah Brown,WR,9.0,11.0,2024,9
Davante Adams,WR,9.0,22.1,2024,9
Rhamondre Stevenson,RB,8.9,22.4,2024,9
Gardner Minshew,QB,8.8,2.96,2024,9
Alexander Mattison,RB,8.8,3.6,2024,9
Tyler Allgeier,RB,8.7,7.8,2024,9
Jakobi Meyers,WR,8.7,18.5,2024,9
Cedric Tillman,WR,8.7,19.5,2024,9
Brian Thomas Jr.,WR,8.7,6.2,2024,9
Jalen Tolbert,WR,8.6,10.9,2024,9
Zach Ertz,TE,8.6,1.5,2024,9
Justice Hill,RB,8.6,8.8,2024,9
Zach Charbonnet,RB,8.4,5.3,2024,9
Chase Brown,RB,8.2,26.7,2024,9
Keon Coleman,WR,8.2,5.1,2024,9
Khalil Shakir,WR,8.0,11.0,2024,9
Jake Ferguson,TE,8.0,14.1,2024,9
Raheem Mostert,RB,7.9,8.8,2024,9
Xavier Legette,WR,7.8,13.9,2024,9
Tutu Atwell,WR,7.8,2.6,2024,9
Quentin Johnston,WR,7.7,22.0,2024,9
Hunter Henry,TE,7.7,12.6,2024,9
Dalton Kincaid,TE,7.6,7.2,2024,9
Jalen Coker,WR,7.6,5.6,2024,9
Josh Palmer,WR,7.5,14.3,2024,9
Demarcus Robinson,WR,7.5,27.4,2024,9
Brock Bowers,TE,7.4,15.5,2024,9
Wan'Dale Robinson,WR,7.4,4.0,2024,9
Jalen Nailor,WR,7.3,7.7,2024,9
Tucker Kraft,TE,7.3,7.6,2024,9
Elijah Moore,WR,7.3,5.8,2024,9
Calvin Ridley,WR,7.2,12.3,2024,9
Darius Slayton,WR,7.2,9.0,2024,9
Dontayvion Wicks,WR,7.2,0.0,2024,9
Rome Odunze,WR,7.1,15.4,2024,9
Xavier Worthy,WR,7.0,-1.0,2024,9
Travis Etienne,RB,7.0,5.0,2024,9
Christian Watson,WR,6.8,8.7,2024,9
Roschon Johnson,RB,6.8,4.1,2024,9
Tank Dell,WR,6.8,18.6,2024,9
Michael Wilson,WR,6.7,0.0,2024,9
Will Dissly,TE,6.5,2.9,2024,9
DeMario Douglas,WR,6.4,10.5,2024,9
Evan Engram,TE,6.4,11.5,2024,9
Jaylen Waddle,WR,6.3,7.6,2024,9
Juwan Johnson,TE,6.3,6.1,2024,9
Alec Pierce,WR,6.3,7.1,2024,9
Ray Davis,RB,6.0,17.0,2024,9
Ray-Ray McCloud,WR,6.0,12.5,2024,9
DeAndre Hopkins,WR,5.9,28.6,2024,9
Tank Bigsby,RB,5.6,2.2,2024,9
Jonnu Smith,TE,5.6,9.6,2024,9
Miles Sanders,RB,5.6,1.0,2024,9
Josh Oliver,TE,5.6,16.8,2024,9
Noah Gray,TE,5.6,0.0,2024,9
Ja'Tavion Sanders,TE,5.5,12.7,2024,9
Nelson Agholor,WR,5.4,3.9,2024,9
Tyler Conklin,TE,5.4,0.7,2024,9
Colby Parkinson,TE,5.3,0.0,2024,9
Devaughn Vele,WR,5.2,3.1,2024,9
Mike Gesicki,TE,5.2,27.0,2024,9
Braelon Allen,RB,5.2,0.9,2024,9
Lil'Jordan Humphrey,WR,5.1,3.1,2024,9
Chris Brooks,RB,5.1,7.1,2024,9
Emanuel Wilson,RB,5.0,9.9,2024,9
Samaje Perine,RB,4.7,13.5,2024,9
Johnny Mundt,TE,4.5,0.0,2024,9
Jordan Akins,TE,4.4,6.2,2024,9
Dalvin Cook,RB,4.4,0.8,2024,9
Tyler Boyd,WR,4.4,0.3,2024,9
Justin Watson,WR,4.4,7.3,2024,9
Tre Tucker,WR,4.3,2.5,2024,9
Brock Wright,TE,4.3,1.1,2024,9
Kenny Gainwell,RB,4.3,2.0,2024,9
AJ Barner,TE,4.3,6.7,2024,9
Andrei Iosivas,WR,4.3,8.0,2024,9
Tim Patrick,WR,4.3,3.2,2024,9
Cam Akers,RB,4.2,7.3,2024,9
Ty Johnson,RB,4.1,2.3,2024,9
Mason Tipton,WR,4.1,0.0,2024,9
Adam Trautman,TE,4.1,1.4,2024,9
Trey Sermon,RB,4.1,2.3,2024,9
Kalif Raymond,WR,4.1,1.0,2024,9
Simi Fehoko,WR,4.1,0.0,2024,9
Foster Moreau,TE,4.0,8.7,2024,9
Nick Westbrook-Ikhine,WR,4.0,16.0,2024,9
Kimani Vidal,RB,4.0,0.7,2024,9
Sean Tucker,RB,4.0,2.7,2024,9
Jake Bobo,WR,3.9,0.0,2024,9
Greg Dortch,WR,3.9,0.0,2024,9
Troy Franklin,WR,3.8,2.9,2024,9
Antonio Gibson,RB,3.8,2.1,2024,9
Sterling Shepard,WR,3.8,10.9,2024,9
Tyler Goodson,RB,3.8,0.0,2024,9
Kendrick Bourne,WR,3.7,8.1,2024,9
Hayden Hurst,TE,3.7,1.6,2024,9
Dawson Knox,TE,3.7,1.5,2024,9
Dalton Schultz,TE,3.6,5.1,2024,9
Erick All,TE,3.5,4.4,2024,9
Lucas Krull,TE,3.5,0.0,2024,9
Kayshon Boutte,WR,3.5,3.8,2024,9
Chig Okonkwo,TE,3.4,6.8,2024,9
Grant Calcaterra,TE,3.4,8.0,2024,9
Olamide Zaccheaus,WR,3.4,6.8,2024,9
Ja'Lynn Polk,WR,3.3,0.0,2024,9
Trenton Irwin,WR,3.3,0.0,2024,9
Theo Johnson,TE,3.2,14.1,2024,9
Ameer Abdullah,RB,3.2,5.6,2024,9
Carson Steele,RB,3.1,0.9,2024,9
Jahan Dotson,WR,3.1,4.6,2024,9
Zamir White,RB,3.1,7.0,2024,9
D'Ernest Johnson,RB,3.1,0.6,2024,9
Josh Whyle,TE,3.1,2.2,2024,9
Adonai Mitchell,WR,3.0,3.2,2024,9
Austin Hooper,TE,2.9,1.8,2024,9
Jeremy McNichols,RB,2.9,2.0,2024,9
KaVontae Turpin,WR,2.9,6.6,2024,9
Cedrick Wilson Jr.,WR,2.9,5.4,2024,9
Taysom Hill,TE,2.7,16.0,2024,9
Ben Sinnott,TE,2.7,2.2,2024,9
Luke Schoonmaker,TE,2.7,0.0,2024,9
Elijah Higgins,TE,2.7,5.4,2024,9
Jonathan Mingo,WR,2.7,0.0,2024,9
Dyami Brown,WR,2.6,3.4,2024,9
Jaylen Wright,RB,2.6,1.8,2024,9
Mack Hollins,WR,2.6,14.0,2024,9
Tyler Johnson,WR,2.6,6.8,2024,9
JaMycal Hasty,RB,2.5,0.7,2024,9
David Moore,WR,2.5,4.0,2024,9
Drew Sample,TE,2.4,11.4,2024,9
Blake Corum,RB,2.4,-0.1,2024,9
Harrison Bryant,TE,2.4,4.2,2024,9
Pierre Strong,RB,2.4,0.8,2024,9
J.J. Taylor,RB,2.2,2.3,2024,9
Nick Vannett,TE,2.2,11.3,2024,9
DJ Turner,WR,2.0,0.0,2024,9
Gerald Everett,TE,2.0,1.5,2024,9
Hunter Luepke,RB,2.0,2.9,2024,9
Trey Benson,RB,2.0,12.5,2024,9
Jalen Reagor,WR,1.9,1.0,2024,9
Jeremy Ruckert,TE,1.9,1.4,2024,9
Emari Demercado,RB,1.9,16.0,2024,9
Trent Sherfield,WR,1.9,1.7,2024,9
Trey Palmer,WR,1.7,5.3,2024,9
Eric Gray,RB,1.7,0.0,2024,9
Malik Washington,WR,1.6,0.9,2024,9
Curtis Samuel,WR,1.6,0.0,2024,9
Dare Ogunbowale,RB,1.6,-0.1,2024,9
Audric Estimé,RB,1.6,3.5,2024,9
KhaDarel Hodge,WR,1.6,1.9,2024,9
Rakim Jarrett,WR,1.5,1.9,2024,9
Jalen Brooks,WR,1.5,4.6,2024,9
Nate Adkins,TE,1.5,0.0,2024,9
Marvin Mims Jr.,WR,1.4,1.4,2024,9
Julius Chestnut,RB,1.4,2.2,2024,9
Cade Stover,TE,1.4,0.0,2024,9
Travis Homer,RB,1.3,0.0,2024,9
Ryan Miller,WR,1.3,7.1,2024,9
Puka Nacua,WR,1.2,2.1,2024,9
Eric Tomlinson,TE,1.2,1.2,2024,9
Kylen Granson,TE,1.2,3.2,2024,9
Mecole Hardman,WR,1.2,4.7,2024,9
Parker Washington,WR,1.2,7.1,2024,9
DeAndre Carter,WR,1.1,0.0,2024,9
Luke Farrell,TE,1.1,1.5,2024,9
Allen Robinson,WR,1.1,1.2,2024,9
Hunter Long,TE,1.0,1.4,2024,9
Xavier Gipson,WR,0.9,0.0,2024,9
Tylan Wallace,WR,0.9,0.0,2024,9
Jordan Mims,RB,0.8,4.8,2024,9
Jack Stoll,TE,0.8,0.0,2024,9
Ashton Dulin,WR,0.8,1.7,2024,9
Dee Eskridge,WR,0.8,0.0,2024,9
Charlie Woerner,TE,0.8,0.0,2024,9
Isaiah Williams,WR,0.8,0.0,2024,9
John Metchie III,WR,0.7,0.0,2024,9
Robert Woods,WR,0.7,6.4,2024,9
Marcedes Lewis,TE,0.7,0.0,2024,9
Laviska Shenault Jr.,WR,0.6,0.0,2024,9
Hassan Haskins,RB,0.6,0.0,2024,9
Will Shipley,RB,0.5,0.0,2024,9
Brandon Powell,WR,0.5,1.9,2024,9
Quintin Morris,TE,0.5,7.2,2024,9
Marquez Valdes-Scantling,WR,0.4,1.5,2024,9
Xavier Hutchinson,WR,0.4,0.0,2024,9
Johnny Wilson,WR,0.4,0.0,2024,9
Davis Allen,TE,0.4,1.5,2024,9
Jaelon Darden,WR,0.4,0.0,2024,9
Tanner Hudson,TE,0.4,3.4,2024,9
Malachi Corley,WR,0.3,-0.2,2024,9
Ryan Flournoy,WR,0.3,2.3,2024,9
Durham Smythe,TE,0.2,1.4,2024,9
Chris Manhertz,TE,0.2,7.2,2024,9
Odell Beckham Jr.,WR,0.2,4.5,2024,9
Xavier Smith,WR,0.2,0.0,2024,9
Avery Williams,RB,0.1,0.0,2024,9
Jordan Matthews,TE,0.1,0.0,2024,9
Steven Sims,WR,0.1,0.0,2024,9
Raheem Blackshear,RB,0.1,0.0,2024,9
Peyton Hendershot,TE,0.0,1.9,2024,9
Joe Flacco,QB,0.0,3.06,2024,9
Chris Collier,RB,0.0,0.0,2024,9
DeeJay Dallas,RB,0.0,0.2,2024,9
Brady Russell,RB,0.0,0.0,2024,9
Ben VanSumeren,RB,0.0,1.0,2024,9
Daniel Jones,QB,0.0,24.36,2024,9
Patrick Ricard,RB,0.0,7.3,2024,9
Jermaine Jackson,WR,0.0,-0.1,2024,9
Jha'Quan Jackson,WR,0.0,1.3,2024,9
Tim Jones,WR,0.0,2.0,2024,9
Ihmir Smith-Marsette,WR,0.0,0.0,2024,9
Irvin Charles,WR,0.0,0.0,2024,9
Derius Davis,WR,0.0,0.0,2024,9
Derek Carr,QB,0.0,13.44,2024,9
Jayden Daniels,QB,0.0,19.86,2024,9
Cooper Rush,QB,0.0,11.0,2024,9
Josh Johnson,QB,0.0,0.2,2024,9
Bryce Young,QB,0.0,9.74,2024,9
De'Von Achane,RB,30.9,10.2,2024,10
Jalen Hurts,QB,26.4,29.68,2024,10
Brock Purdy,QB,25.7,23.82,2024,10
Lamar Jackson,QB,24.1,32.9,2024,10
Breece Hall,RB,22.6,12.3,2024,10
Joe Burrow,QB,21.9,33.72,2024,10
Josh Allen,QB,21.7,18.2,2024,10
Bijan Robinson,RB,21.5,29.4,2024,10
Justin Jefferson,WR,20.8,9.8,2024,10
Saquon Barkley,RB,20.7,8.8,2024,10
Sam Darnold,QB,20.1,6.44,2024,10
Tua Tagovailoa,QB,19.4,8.18,2024,10
Ja'Marr Chase,WR,19.2,55.4,2024,10
Russell Wilson,QB,18.4,18.1,2024,10
Aaron Rodgers,QB,18.2,4.04,2024,10
Derrick Henry,RB,18.2,14.1,2024,10
Jayden Daniels,QB,17.7,8.58,2024,10
Kirk Cousins,QB,17.7,10.24,2024,10
Kyren Williams,RB,17.5,11.2,2024,10
Alvin Kamara,RB,17.3,15.9,2024,10
C.J. Stroud,QB,16.9,9.78,2024,10
Patrick Mahomes,QB,16.7,16.54,2024,10
Derek Carr,QB,16.4,20.46,2024,10
Baker Mayfield,QB,16.3,8.94,2024,10
Joe Mixon,RB,16.3,17.0,2024,10
George Kittle,TE,16.0,14.7,2024,10
James Cook,RB,16.0,15.5,2024,10
Tony Pollard,RB,15.5,10.3,2024,10
Jared Goff,QB,15.4,7.8,2024,10
Jonathan Taylor,RB,15.4,14.2,2024,10
Kareem Hunt,RB,15.2,17.0,2024,10
D'Andre Swift,RB,15.1,7.5,2024,10
Justin Herbert,QB,15.0,19.76,2024,10
Bo Nix,QB,14.9,16.1,2024,10
Garrett Wilson,WR,14.8,9.1,2024,10
Jahmyr Gibbs,RB,14.8,12.8,2024,10
Jordan Mason,RB,14.8,0.5,2024,10
Tyrone Tracy Jr.,RB,14.6,15.4,2024,10
Tyreek Hill,WR,14.6,11.7,2024,10
Drake London,WR,14.2,17.7,2024,10
Amon-Ra St. Brown,WR,14.1,18.0,2024,10
Josh Downs,WR,14.1,14.2,2024,10
J.K. Dobbins,RB,14.0,8.5,2024,10
James Conner,RB,13.8,22.3,2024,10
Matthew Stafford,QB,13.7,9.72,2024,10
A.J. Brown,WR,13.4,15.9,2024,10
Chuba Hubbard,RB,13.1,24.9,2024,10
Najee Harris,RB,13.0,11.3,2024,10
Caleb Williams,QB,12.9,6.3,2024,10
Aaron Jones,RB,12.7,12.1,2024,10
Javonte Williams,RB,12.6,2.7,2024,10
Kyler Murray,QB,12.6,28.74,2024,10
David Montgomery,RB,12.5,12.6,2024,10
Davante Adams,WR,12.3,9.1,2024,10
CeeDee Lamb,WR,12.3,8.4,2024,10
Drake Maye,QB,12.3,11.76,2024,10
Darnell Mooney,WR,12.1,14.6,2024,10
Chase Brown,RB,12.1,22.4,2024,10
Devin Singletary,RB,11.9,5.5,2024,10
Tank Dell,WR,11.4,8.3,2024,10
Cooper Kupp,WR,11.4,15.0,2024,10
Jordan Addison,WR,11.2,4.9,2024,10
Rhamondre Stevenson,RB,11.0,8.7,2024,10
Zay Flowers,WR,10.7,7.4,2024,10
Ladd McConkey,WR,10.6,7.2,2024,10
Austin Ekeler,RB,10.5,18.1,2024,10
DeVonta Smith,WR,10.3,3.4,2024,10
Jaylen Waddle,WR,10.2,8.6,2024,10
Raheem Mostert,RB,10.0,5.4,2024,10
Travis Kelce,TE,10.0,20.4,2024,10
Malik Nabers,WR,9.9,10.8,2024,10
Terry McLaurin,WR,9.9,16.3,2024,10
Brian Thomas Jr.,WR,9.8,3.2,2024,10
Isaac Guerendo,RB,9.8,0.0,2024,10
Deebo Samuel Sr.,WR,9.7,12.6,2024,10
Calvin Ridley,WR,9.6,25.4,2024,10
Demarcus Robinson,WR,9.6,3.3,2024,10
DJ Moore,WR,9.6,5.7,2024,10
George Pickens,WR,9.5,20.5,2024,10
Mark Andrews,TE,9.4,18.8,2024,10
Keenan Allen,WR,9.4,9.4,2024,10
Rachaad White,RB,9.3,19.0,2024,10
Rico Dowdle,RB,9.3,8.6,2024,10
Trey McBride,TE,9.2,11.1,2024,10
Khalil Shakir,WR,9.2,11.8,2024,10
Kyle Pitts,TE,9.0,9.5,2024,10
Jauan Jennings,WR,8.8,16.3,2024,10
Courtland Sutton,WR,8.8,19.0,2024,10
Dallas Goedert,TE,8.7,10.5,2024,10
Dalton Kincaid,TE,8.6,4.4,2024,10
Quentin Johnston,WR,8.6,10.4,2024,10
Ray Davis,RB,8.6,0.6,2024,10
Bryce Young,QB,8.5,12.04,2024,10
Cade Otton,TE,8.4,8.5,2024,10
Mike Gesicki,TE,8.4,7.0,2024,10
Cole Kmet,TE,8.2,3.3,2024,10
Tyler Allgeier,RB,8.2,5.9,2024,10
Bucky Irving,RB,8.1,17.7,2024,10
Hunter Henry,TE,8.1,2.4,2024,10
Travis Etienne,RB,8.1,5.3,2024,10
Jonnu Smith,TE,8.1,7.5,2024,10
Josh Palmer,WR,7.9,4.6,2024,10
Xavier Legette,WR,7.8,7.0,2024,10
Evan Engram,TE,7.8,10.0,2024,10
Tutu Atwell,WR,7.8,1.6,2024,10
Jameson Williams,WR,7.8,8.3,2024,10
Diontae Johnson,WR,7.7,1.6,2024,10
Rome Odunze,WR,7.6,5.3,2024,10
Rashod Bateman,WR,7.6,17.4,2024,10
Jaleel McLaughlin,RB,7.6,1.2,2024,10
Nick Westbrook-Ikhine,WR,7.5,6.1,2024,10
Marvin Harrison Jr.,WR,7.3,16.4,2024,10
Josh Oliver,TE,7.2,9.2,2024,10
Sam LaPorta,TE,7.1,15.6,2024,10
T.J. Hockenson,TE,6.9,15.2,2024,10
Jaylen Warren,RB,6.9,9.5,2024,10
Jalen Nailor,WR,6.9,1.4,2024,10
Chris Rodriguez Jr.,RB,6.7,0.4,2024,10
Gabe Davis,WR,6.7,2.9,2024,10
Justice Hill,RB,6.6,1.8,2024,10
DeAndre Hopkins,WR,6.5,9.6,2024,10
Ricky Pearsall,WR,6.5,17.3,2024,10
Jordan Whittington,WR,6.5,0.0,2024,10
Wan'Dale Robinson,WR,6.4,10.1,2024,10
Zach Ertz,TE,6.4,7.1,2024,10
Tank Bigsby,RB,6.4,0.4,2024,10
Jake Ferguson,TE,6.3,4.4,2024,10
Noah Brown,WR,6.3,6.3,2024,10
Tyjae Spears,RB,6.3,8.1,2024,10
Alec Pierce,WR,6.0,18.1,2024,10
Andrei Iosivas,WR,6.0,4.9,2024,10
Jalen Coker,WR,6.0,7.1,2024,10
Braelon Allen,RB,5.9,4.4,2024,10
Jalen Tolbert,WR,5.8,4.4,2024,10
Ray-Ray McCloud,WR,5.8,6.6,2024,10
Tyler Conklin,TE,5.7,1.8,2024,10
Will Dissly,TE,5.6,8.0,2024,10
Pat Freiermuth,TE,5.5,10.7,2024,10
DeMario Douglas,WR,5.5,9.0,2024,10
Ja'Tavion Sanders,TE,5.5,8.8,2024,10
Roschon Johnson,RB,5.4,1.1,2024,10
Gus Edwards,RB,5.1,5.5,2024,10
Ezekiel Elliott,RB,5.1,0.2,2024,10
Van Jefferson,WR,5.0,0.0,2024,10
Michael Wilson,WR,4.8,5.4,2024,10
Kalif Raymond,WR,4.8,0.0,2024,10
Juwan Johnson,TE,4.8,4.2,2024,10
Chig Okonkwo,TE,4.7,2.4,2024,10
Brenton Strange,TE,4.7,4.5,2024,10
Theo Johnson,TE,4.7,7.7,2024,10
Calvin Austin III,WR,4.7,4.0,2024,10
Jermaine Burton,WR,4.6,2.1,2024,10
Samaje Perine,RB,4.6,5.7,2024,10
Ty Chandler,RB,4.3,1.8,2024,10
Ty Johnson,RB,4.3,6.2,2024,10
Mack Hollins,WR,4.3,12.6,2024,10
Xavier Worthy,WR,4.2,2.1,2024,10
Kenny Gainwell,RB,4.2,4.9,2024,10
Nelson Agholor,WR,4.2,7.6,2024,10
Mike Williams,WR,4.1,10.2,2024,10
Cam Akers,RB,4.1,5.7,2024,10
Dalton Schultz,TE,4.0,9.6,2024,10
Dawson Knox,TE,4.0,6.0,2024,10
Miles Sanders,RB,3.9,0.5,2024,10
Sterling Shepard,WR,3.8,2.0,2024,10
Lil'Jordan Humphrey,WR,3.7,4.3,2024,10
Cordarrelle Patterson,RB,3.7,1.4,2024,10
Justin Watson,WR,3.7,2.6,2024,10
Trey Sermon,RB,3.6,1.4,2024,10
David Moore,WR,3.6,3.8,2024,10
Josh Whyle,TE,3.6,0.0,2024,10
Devaughn Vele,WR,3.6,13.9,2024,10
Grant Calcaterra,TE,3.6,0.0,2024,10
Antonio Gibson,RB,3.4,2.6,2024,10
Foster Moreau,TE,3.4,0.0,2024,10
Adam Trautman,TE,3.4,4.4,2024,10
K.J. Osborn,WR,3.4,0.0,2024,10
Tyler Goodson,RB,3.3,8.9,2024,10
Noah Gray,TE,3.3,3.8,2024,10
Sean Tucker,RB,3.3,0.0,2024,10
Kayshon Boutte,WR,3.3,8.7,2024,10
Jahan Dotson,WR,3.1,3.7,2024,10
Jaylen Wright,RB,3.1,0.3,2024,10
Greg Dortch,WR,3.0,0.9,2024,10
Taysom Hill,TE,3.0,7.0,2024,10
Charlie Kolar,TE,2.9,1.4,2024,10
Luke McCaffrey,WR,2.9,3.3,2024,10
Tyler Johnson,WR,2.9,5.5,2024,10
Hayden Hurst,TE,2.9,0.0,2024,10
Andrew Ogletree,TE,2.8,1.2,2024,10
Elijah Higgins,TE,2.8,3.3,2024,10
Lucas Krull,TE,2.8,4.1,2024,10
Austin Hooper,TE,2.8,9.4,2024,10
Olamide Zaccheaus,WR,2.7,1.8,2024,10
Troy Franklin,WR,2.5,1.9,2024,10
Carson Steele,RB,2.5,0.3,2024,10
Jeremy McNichols,RB,2.4,6.7,2024,10
KaVontae Turpin,WR,2.4,0.0,2024,10
Darnell Washington,TE,2.4,1.6,2024,10
Ja'Lynn Polk,WR,2.4,7.2,2024,10
Adonai Mitchell,WR,2.3,13.1,2024,10
Jeremy Ruckert,TE,2.2,3.7,2024,10
JaMycal Hasty,RB,2.2,3.4,2024,10
Jalen Brooks,WR,2.1,1.4,2024,10
Trey Benson,RB,2.0,10.7,2024,10
Eric Saubert,TE,2.0,0.0,2024,10
Dare Ogunbowale,RB,2.0,1.1,2024,10
Trey Palmer,WR,1.9,0.0,2024,10
MyCole Pruitt,TE,1.9,0.0,2024,10
Malik Washington,WR,1.9,10.5,2024,10
Kylen Granson,TE,1.9,3.5,2024,10
Trent Sherfield,WR,1.8,2.1,2024,10
Khalil Herbert,RB,1.8,0.0,2024,10
Dyami Brown,WR,1.8,0.7,2024,10
Robert Woods,WR,1.8,1.1,2024,10
Emari Demercado,RB,1.8,2.2,2024,10
Julius Chestnut,RB,1.7,0.0,2024,10
Julian Hill,TE,1.7,0.0,2024,10
Audric Estimé,RB,1.7,5.3,2024,10
Eric Gray,RB,1.6,0.0,2024,10
Jalen Reagor,WR,1.6,-0.2,2024,10
Blake Corum,RB,1.6,2.5,2024,10
Marquez Valdes-Scantling,WR,1.6,25.9,2024,10
Davis Allen,TE,1.5,8.4,2024,10
Curtis Samuel,WR,1.5,7.5,2024,10
Ryan Miller,WR,1.4,2.1,2024,10
Rakim Jarrett,WR,1.4,3.0,2024,10
Hunter Luepke,RB,1.4,0.0,2024,10
Cade Stover,TE,1.4,1.2,2024,10
Ian Thomas,TE,1.3,1.3,2024,10
Jordan Mims,RB,1.3,2.4,2024,10
Luke Farrell,TE,1.3,3.6,2024,10
Ashton Dulin,WR,1.3,0.7,2024,10
Mecole Hardman,WR,1.2,1.3,2024,10
John Bates,TE,1.2,0.0,2024,10
Luke Schoonmaker,TE,1.2,0.0,2024,10
Tanner Hudson,TE,1.1,16.3,2024,10
Xavier Gipson,WR,1.0,0.0,2024,10
Odell Beckham Jr.,WR,1.0,3.7,2024,10
Jalin Hyatt,WR,0.9,7.9,2024,10
Marvin Mims Jr.,WR,0.9,7.0,2024,10
Jacob Cowing,WR,0.9,0.0,2024,10
Puka Nacua,WR,0.9,18.8,2024,10
John Metchie III,WR,0.8,18.4,2024,10
DeAndre Carter,WR,0.8,1.5,2024,10
Travis Homer,RB,0.8,0.0,2024,10
Brandon Powell,WR,0.7,0.0,2024,10
Trenton Irwin,WR,0.7,0.0,2024,10
Charlie Woerner,TE,0.6,0.0,2024,10
Kenny Yeboah,TE,0.6,1.4,2024,10
Tylan Wallace,WR,0.6,20.5,2024,10
Ronnie Bell,WR,0.6,0.0,2024,10
Xavier Hutchinson,WR,0.5,2.6,2024,10
Isaiah Hodgins,WR,0.5,1.7,2024,10
Durham Smythe,TE,0.5,1.6,2024,10
Will Mallory,TE,0.5,2.0,2024,10
Malachi Corley,WR,0.4,1.2,2024,10
Will Shipley,RB,0.4,3.4,2024,10
Sione Vaki,RB,0.4,0.0,2024,10
Ryan Flournoy,WR,0.4,0.0,2024,10
Johnny Wilson,WR,0.3,7.5,2024,10
Peyton Hendershot,TE,0.3,1.6,2024,10
Hassan Haskins,RB,0.3,6.4,2024,10
Isaiah Davis,RB,0.3,2.0,2024,10
Jha'Quan Jackson,WR,0.3,0.0,2024,10
Ainias Smith,WR,0.2,2.6,2024,10
Avery Williams,RB,0.2,0.0,2024,10
Steven Sims,WR,0.2,0.0,2024,10
Xavier Smith,WR,0.2,0.0,2024,10
Devin Duvernay,WR,0.1,0.0,2024,10
Bryce Oliver,WR,0.1,4.3,2024,10
Derius Davis,WR,0.0,3.3,2024,10
Joe Flacco,QB,0.0,10.88,2024,10
Ihmir Smith-Marsette,WR,0.0,0.0,2024,10
DeeJay Dallas,RB,0.0,1.0,2024,10
Mac Jones,QB,0.0,5.24,2024,10
Kenny Pickett,QB,0.0,0.3,2024,10
Will Levis,QB,0.0,19.1,2024,10
Raheem Blackshear,RB,0.0,0.0,2024,10
Jermaine Jackson,WR,0.0,0.0,2024,10
Mitchell Trubisky,QB,0.0,-0.1,2024,10
Feleipe Franks,TE,0.0,0.0,2024,10
Ben Skowronek,WR,0.0,0.0,2024,10
Daniel Jones,QB,0.0,12.2,2024,10
Cooper Rush,QB,0.0,-2.0,2024,10
Jalen Hurts,QB,24.9,18.74,2024,11
De'Von Achane,RB,24.1,20.5,2024,11
Joe Burrow,QB,23.3,29.04,2024,11
Lamar Jackson,QB,23.3,14.88,2024,11
Bijan Robinson,RB,22.5,10.3,2024,11
Josh Allen,QB,21.7,23.98,2024,11
Ja'Marr Chase,WR,21.5,26.5,2024,11
Saquon Barkley,RB,21.4,33.8,2024,11
Bo Nix,QB,20.3,28.78,2024,11
Russell Wilson,QB,19.9,6.3,2024,11
Christian McCaffrey,RB,19.8,14.6,2024,11
Breece Hall,RB,19.1,31.1,2024,11
Derrick Henry,RB,18.9,10.5,2024,11
Kyren Williams,RB,18.8,8.6,2024,11
Brock Purdy,QB,18.6,18.36,2024,11
Jared Goff,QB,18.6,34.58,2024,11
Amon-Ra St. Brown,WR,18.0,38.7,2024,11
Drake Maye,QB,17.4,17.98,2024,11
Jahmyr Gibbs,RB,17.4,19.3,2024,11
Joe Mixon,RB,17.2,35.3,2024,11
C.J. Stroud,QB,16.9,10.88,2024,11
Justin Herbert,QB,16.3,24.38,2024,11
Kirk Cousins,QB,16.3,4.92,2024,11
D'Andre Swift,RB,15.5,16.4,2024,11
CeeDee Lamb,WR,15.1,18.6,2024,11
Jordan Love,QB,14.9,20.24,2024,11
David Montgomery,RB,14.9,24.5,2024,11
Jayden Daniels,QB,14.9,13.44,2024,11
Derek Carr,QB,14.7,18.72,2024,11
James Cook,RB,14.7,19.7,2024,11
Courtland Sutton,WR,14.6,14.8,2024,11
Javonte Williams,RB,14.5,18.7,2024,11
Patrick Mahomes,QB,14.3,15.84,2024,11
Jameis Winston,QB,14.2,26.6,2024,11
Alvin Kamara,RB,14.2,12.9,2024,11
Jonathan Taylor,RB,14.1,7.0,2024,11
Aaron Rodgers,QB,14.1,16.06,2024,11
Rhamondre Stevenson,RB,14.1,12.9,2024,11
Sam Darnold,QB,13.9,23.64,2024,11
Tee Higgins,WR,13.9,29.8,2024,11
Tony Pollard,RB,13.9,4.9,2024,11
George Pickens,WR,13.7,16.9,2024,11
Caleb Williams,QB,13.7,16.24,2024,11
Josh Jacobs,RB,13.6,23.4,2024,11
Nico Collins,WR,13.4,9.4,2024,11
Geno Smith,QB,13.4,15.74,2024,11
A.J. Brown,WR,13.4,11.5,2024,11
Najee Harris,RB,13.3,13.3,2024,11
J.K. Dobbins,RB,13.2,18.9,2024,11
Garrett Wilson,WR,13.1,5.8,2024,11
Matthew Stafford,QB,12.7,27.8,2024,11
Drake London,WR,12.6,9.1,2024,11
Tua Tagovailoa,QB,12.6,23.52,2024,11
Justin Jefferson,WR,12.6,14.1,2024,11
Kenneth Walker III,RB,12.4,13.9,2024,11
Jaxon Smith-Njigba,WR,12.1,21.8,2024,11
Kareem Hunt,RB,11.8,6.0,2024,11
Aaron Jones,RB,11.7,5.3,2024,11
Chase Brown,RB,11.6,19.3,2024,11
Cooper Kupp,WR,11.4,28.6,2024,11
David Njoku,TE,11.2,19.1,2024,11
DK Metcalf,WR,11.2,14.0,2024,11
Davante Adams,WR,10.9,13.2,2024,11
Mark Andrews,TE,10.9,4.2,2024,11
Calvin Ridley,WR,10.8,9.8,2024,11
Tank Dell,WR,10.7,9.8,2024,11
Darnell Mooney,WR,10.6,4.7,2024,11
Nick Chubb,RB,10.5,5.0,2024,11
Jerome Ford,RB,10.3,7.9,2024,11
Rico Dowdle,RB,10.2,5.4,2024,11
Zay Flowers,WR,9.8,11.9,2024,11
Austin Ekeler,RB,9.7,17.6,2024,11
Keenan Allen,WR,9.7,8.1,2024,11
Travis Kelce,TE,9.7,2.8,2024,11
Khalil Shakir,WR,9.6,15.0,2024,11
Quentin Johnston,WR,9.6,12.8,2024,11
Jayden Reed,WR,9.6,9.8,2024,11
Jaylen Warren,RB,9.5,10.8,2024,11
Brian Robinson,RB,9.5,14.2,2024,11
Terry McLaurin,WR,9.5,2.0,2024,11
Jameson Williams,WR,9.5,22.6,2024,11
Cedric Tillman,WR,9.5,7.7,2024,11
DeVonta Smith,WR,9.3,6.9,2024,11
Jerry Jeudy,WR,9.3,26.2,2024,11
Brian Thomas Jr.,WR,9.3,13.6,2024,11
Jaleel McLaughlin,RB,9.3,1.9,2024,11
Hunter Henry,TE,9.2,12.3,2024,11
Ladd McConkey,WR,9.2,18.3,2024,11
Tyreek Hill,WR,9.1,19.1,2024,11
Tucker Kraft,TE,9.0,0.0,2024,11
DJ Moore,WR,8.9,13.7,2024,11
Alexander Mattison,RB,8.9,9.9,2024,11
Rashod Bateman,WR,8.6,5.0,2024,11
Josh Downs,WR,8.6,19.4,2024,11
Jakobi Meyers,WR,8.6,8.8,2024,11
Cole Kmet,TE,8.4,7.2,2024,11
Romeo Doubs,WR,8.4,2.7,2024,11
Gardner Minshew,QB,8.4,17.98,2024,11
Demarcus Robinson,WR,8.2,3.9,2024,11
Tyler Lockett,WR,8.1,3.9,2024,11
Kyle Pitts,TE,8.1,1.9,2024,11
Dallas Goedert,TE,8.0,11.1,2024,11
Deebo Samuel Sr.,WR,7.9,6.1,2024,11
Travis Etienne,RB,7.7,6.3,2024,11
Tyler Allgeier,RB,7.7,0.9,2024,11
Isaiah Likely,TE,7.6,9.5,2024,11
Evan Engram,TE,7.6,7.8,2024,11
Mike Gesicki,TE,7.6,0.0,2024,11
Kendrick Bourne,WR,7.5,18.0,2024,11
Amari Cooper,WR,7.5,7.5,2024,11
DeMario Douglas,WR,7.5,9.9,2024,11
Diontae Johnson,WR,7.5,0.0,2024,11
Jauan Jennings,WR,7.3,25.1,2024,11
Jake Ferguson,TE,7.3,2.1,2024,11
Raheem Mostert,RB,7.3,-0.2,2024,11
Jalen Tolbert,WR,7.2,4.1,2024,11
Nick Westbrook-Ikhine,WR,7.2,19.7,2024,11
Brock Bowers,TE,7.1,31.3,2024,11
Rome Odunze,WR,7.1,12.5,2024,11
Pat Freiermuth,TE,7.0,3.4,2024,11
Jordan Addison,WR,6.9,15.1,2024,11
Jordan Whittington,WR,6.8,0.0,2024,11
Justice Hill,RB,6.8,8.1,2024,11
Michael Pittman,WR,6.8,9.6,2024,11
Jordan Mason,RB,6.7,1.3,2024,11
Elijah Moore,WR,6.7,18.6,2024,11
Josh Palmer,WR,6.7,4.3,2024,11
T.J. Hockenson,TE,6.5,3.3,2024,11
Tyjae Spears,RB,6.4,2.8,2024,11
Jonnu Smith,TE,6.3,28.1,2024,11
Ray Davis,RB,6.3,1.1,2024,11
Jaylen Waddle,WR,6.2,5.7,2024,11
DeAndre Hopkins,WR,6.2,5.9,2024,11
Kayshon Boutte,WR,6.2,7.3,2024,11
Alec Pierce,WR,6.2,10.4,2024,11
Devaughn Vele,WR,6.1,10.6,2024,11
Christian Watson,WR,6.1,19.0,2024,11
Gabe Davis,WR,6.1,1.3,2024,11
Tutu Atwell,WR,6.1,3.1,2024,11
Ricky Pearsall,WR,6.0,0.0,2024,11
Will Dissly,TE,5.9,18.0,2024,11
Zach Charbonnet,RB,5.8,2.5,2024,11
Chris Brooks,RB,5.7,3.3,2024,11
Noah Brown,WR,5.7,1.4,2024,11
Andrei Iosivas,WR,5.7,7.6,2024,11
Josh Oliver,TE,5.6,6.4,2024,11
Roschon Johnson,RB,5.5,11.1,2024,11
Calvin Austin III,WR,5.5,0.9,2024,11
Ray-Ray McCloud,WR,5.4,10.6,2024,11
Tim Patrick,WR,5.3,5.6,2024,11
Zach Ertz,TE,5.3,18.7,2024,11
Van Jefferson,WR,5.2,0.0,2024,11
Gus Edwards,RB,5.2,2.7,2024,11
Braelon Allen,RB,5.1,0.6,2024,11
Dontayvion Wicks,WR,5.1,0.0,2024,11
Kalif Raymond,WR,5.1,5.0,2024,11
Tyler Conklin,TE,5.0,1.7,2024,11
Mack Hollins,WR,4.7,4.7,2024,11
Lil'Jordan Humphrey,WR,4.7,15.2,2024,11
Ty Johnson,RB,4.6,1.8,2024,11
Ezekiel Elliott,RB,4.5,5.4,2024,11
Nelson Agholor,WR,4.4,0.0,2024,11
Tyler Boyd,WR,4.4,5.4,2024,11
Emanuel Wilson,RB,4.4,1.7,2024,11
Dawson Knox,TE,4.4,8.0,2024,11
Puka Nacua,WR,4.4,25.3,2024,11
Austin Hooper,TE,4.3,7.5,2024,11
Dalton Schultz,TE,4.3,8.3,2024,11
Kenny Gainwell,RB,4.3,5.9,2024,11
Antonio Gibson,RB,4.2,3.0,2024,11
Ja'Lynn Polk,WR,4.1,0.0,2024,11
Drew Sample,TE,4.1,1.5,2024,11
Brenton Strange,TE,4.0,1.6,2024,11
Audric Estimé,RB,4.0,5.5,2024,11
Chig Okonkwo,TE,4.0,3.9,2024,11
Samaje Perine,RB,3.9,2.8,2024,11
Jalen Nailor,WR,3.9,0.0,2024,11
Brock Wright,TE,3.8,7.5,2024,11
Colby Parkinson,TE,3.8,8.9,2024,11
D'Ernest Johnson,RB,3.7,0.3,2024,11
Tre Tucker,WR,3.7,6.5,2024,11
Cam Akers,RB,3.7,11.6,2024,11
Isaac Guerendo,RB,3.7,0.0,2024,11
Nick Vannett,TE,3.7,1.6,2024,11
Xavier Worthy,WR,3.7,16.8,2024,11
Adam Trautman,TE,3.6,0.0,2024,11
Troy Franklin,WR,3.6,9.5,2024,11
Jermaine Burton,WR,3.6,1.8,2024,11
JuJu Smith-Schuster,WR,3.6,1.8,2024,11
Grant Calcaterra,TE,3.6,0.0,2024,11
Adonai Mitchell,WR,3.6,4.5,2024,11
Juwan Johnson,TE,3.6,12.0,2024,11
Ameer Abdullah,RB,3.5,10.7,2024,11
Cordarrelle Patterson,RB,3.5,1.0,2024,11
AJ Barner,TE,3.5,3.5,2024,11
Dameon Pierce,RB,3.4,0.2,2024,11
Justin Watson,WR,3.4,4.6,2024,11
JaMycal Hasty,RB,3.3,0.2,2024,11
Marquez Valdes-Scantling,WR,3.3,16.7,2024,11
Jordan Akins,TE,3.3,2.9,2024,11
Tanner Hudson,TE,3.2,3.3,2024,11
Zamir White,RB,3.2,0.9,2024,11
Ty Chandler,RB,3.1,0.0,2024,11
Noah Gray,TE,3.0,18.3,2024,11
Jahan Dotson,WR,3.0,1.8,2024,11
Tylan Wallace,WR,3.0,1.8,2024,11
Johnny Mundt,TE,3.0,2.3,2024,11
Darnell Washington,TE,2.8,6.2,2024,11
Charlie Kolar,TE,2.8,0.0,2024,11
Tyler Goodson,RB,2.8,0.0,2024,11
Mo Alie-Cox,TE,2.7,3.7,2024,11
Parker Washington,WR,2.6,2.0,2024,11
Josh Whyle,TE,2.6,1.6,2024,11
Ramel Keyton,WR,2.6,0.0,2024,11
Luke McCaffrey,WR,2.6,0.0,2024,11
Trey Sermon,RB,2.6,1.3,2024,11
Craig Reynolds,RB,2.6,2.1,2024,11
John Metchie III,WR,2.5,6.3,2024,11
Taysom Hill,TE,2.5,41.52,2024,11
Foster Moreau,TE,2.5,8.0,2024,11
Jeremy Ruckert,TE,2.4,1.6,2024,11
KaVontae Turpin,WR,2.4,17.6,2024,11
Pierre Strong,RB,2.4,0.5,2024,11
Olamide Zaccheaus,WR,2.2,2.0,2024,11
Curtis Samuel,WR,2.1,16.8,2024,11
Jeremy McNichols,RB,2.1,1.6,2024,11
Dare Ogunbowale,RB,2.0,2.1,2024,11
Shane Zylstra,TE,1.9,3.2,2024,11
KhaDarel Hodge,WR,1.9,4.2,2024,11
Marvin Mims Jr.,WR,1.9,13.3,2024,11
Carson Steele,RB,1.8,1.7,2024,11
Andrew Ogletree,TE,1.8,1.8,2024,11
Jaylen Wright,RB,1.8,1.6,2024,11
Blake Corum,RB,1.8,3.8,2024,11
Jase McClellan,RB,1.8,1.5,2024,11
Michael Mayer,TE,1.7,1.5,2024,11
DJ Turner,WR,1.6,5.9,2024,11
Kylen Granson,TE,1.6,1.4,2024,11
Dyami Brown,WR,1.5,1.4,2024,11
Jonathan Mingo,WR,1.5,0.0,2024,11
Malik Washington,WR,1.4,4.8,2024,11
Luke Farrell,TE,1.4,1.3,2024,11
Julius Chestnut,RB,1.4,0.0,2024,11
Nate Adkins,TE,1.4,8.2,2024,11
Deuce Vaughn,RB,1.4,2.7,2024,11
Cade Stover,TE,1.4,3.5,2024,11
Robert Woods,WR,1.4,3.3,2024,11
Jalen Reagor,WR,1.3,0.0,2024,11
Will Shipley,RB,1.3,0.0,2024,11
Quintin Morris,TE,1.3,0.0,2024,11
Kevin Austin Jr.,WR,1.2,2.8,2024,11
Eric Saubert,TE,1.2,1.7,2024,11
Jordan Mims,RB,1.2,0.3,2024,11
Pharaoh Brown,TE,1.2,0.0,2024,11
Julian Hill,TE,1.1,4.8,2024,11
Patrick Ricard,RB,1.1,1.5,2024,11
Luke Schoonmaker,TE,1.1,11.6,2024,11
Hassan Haskins,RB,1.1,0.1,2024,11
Trent Sherfield,WR,1.1,2.6,2024,11
Odell Beckham Jr.,WR,1.0,3.3,2024,11
Mecole Hardman,WR,1.0,4.1,2024,11
Khalil Herbert,RB,1.0,0.0,2024,11
Xavier Gipson,WR,0.9,2.7,2024,11
DeAndre Carter,WR,0.9,0.0,2024,11
Brevyn Spann-Ford,TE,0.9,8.2,2024,11
Keaton Mitchell,RB,0.9,0.0,2024,11
Kenny McIntosh,RB,0.8,0.0,2024,11
Casey Washington,WR,0.8,0.0,2024,11
John Bates,TE,0.8,3.7,2024,11
Travis Homer,RB,0.8,0.0,2024,11
Bryce Oliver,WR,0.7,4.3,2024,11
Kenny Yeboah,TE,0.7,8.1,2024,11
Brandon Powell,WR,0.7,2.3,2024,11
Ross Dwelley,TE,0.6,1.5,2024,11
Isaiah Davis,RB,0.6,0.0,2024,11
Malachi Corley,WR,0.5,2.0,2024,11
Jacob Cowing,WR,0.5,0.0,2024,11
Durham Smythe,TE,0.5,1.3,2024,11
Jaheim Bell,TE,0.5,0.0,2024,11
Ryan Flournoy,WR,0.5,3.9,2024,11
Derius Davis,WR,0.5,3.0,2024,11
Allen Robinson,WR,0.4,1.7,2024,11
Peyton Hendershot,TE,0.4,2.1,2024,11
Jha'Quan Jackson,WR,0.4,0.0,2024,11
Ashton Dulin,WR,0.4,0.0,2024,11
Dante Pettis,WR,0.3,1.9,2024,11
Josiah Deguara,TE,0.3,0.0,2024,11
Sione Vaki,RB,0.2,0.9,2024,11
Xavier Smith,WR,0.2,0.0,2024,11
Devin Duvernay,WR,0.1,0.0,2024,11
Avery Williams,RB,0.1,0.0,2024,11
Cooper Rush,QB,0.0,16.36,2024,11
Anthony Richardson,QB,0.0,28.08,2024,11
Michael Penix Jr.,QB,0.0,0.96,2024,11
Irvin Charles,WR,0.0,0.0,2024,11
Javon Baker,WR,0.0,0.0,2024,11
Mac Jones,QB,0.0,4.22,2024,11
Justin Fields,QB,0.0,1.7,2024,11
Hendon Hooker,QB,0.0,1.78,2024,11
Jake Haener,QB,0.0,-0.2,2024,11
Ben Skowronek,WR,0.0,1.4,2024,11
Will Levis,QB,0.0,15.6,2024,11
Jalen Hurts,QB,28.3,15.06,2024,12
Lamar Jackson,QB,27.6,22.58,2024,12
De'Von Achane,RB,26.4,20.6,2024,12
Saquon Barkley,RB,24.0,46.2,2024,12
Christian McCaffrey,RB,22.0,7.8,2024,12
Justin Herbert,QB,21.7,17.62,2024,12
Jayden Daniels,QB,20.7,30.4,2024,12
Jared Goff,QB,19.2,10.76,2024,12
Patrick Mahomes,QB,18.9,28.76,2024,12
Jahmyr Gibbs,RB,18.6,24.9,2024,12
Derrick Henry,RB,18.4,14.0,2024,12
Amon-Ra St. Brown,WR,18.3,12.2,2024,12
Geno Smith,QB,17.6,12.36,2024,12
David Montgomery,RB,17.5,16.3,2024,12
Kenneth Walker III,RB,17.2,13.3,2024,12
Tua Tagovailoa,QB,16.7,28.48,2024,12
J.K. Dobbins,RB,16.7,8.9,2024,12
Kareem Hunt,RB,16.5,11.7,2024,12
Bo Nix,QB,16.5,19.42,2024,12
Kyler Murray,QB,16.3,10.3,2024,12
Baker Mayfield,QB,16.2,18.66,2024,12
Austin Ekeler,RB,16.1,4.4,2024,12
A.J. Brown,WR,16.0,22.9,2024,12
Joe Mixon,RB,15.8,9.5,2024,12
Brian Robinson,RB,15.2,3.4,2024,12
Jordan Love,QB,15.0,14.72,2024,12
James Conner,RB,15.0,9.9,2024,12
D'Andre Swift,RB,14.9,9.5,2024,12
Josh Jacobs,RB,14.8,28.6,2024,12
Jonathan Taylor,RB,14.5,3.5,2024,12
Sam Darnold,QB,14.4,21.1,2024,12
Russell Wilson,QB,14.3,13.8,2024,12
Josh Downs,WR,14.2,5.7,2024,12
Chuba Hubbard,RB,14.1,15.0,2024,12
Caleb Williams,QB,14.0,26.9,2024,12
Kyren Williams,RB,13.9,11.2,2024,12
Jaxon Smith-Njigba,WR,13.8,19.7,2024,12
Matthew Stafford,QB,13.8,19.22,2024,12
Ladd McConkey,WR,13.7,14.3,2024,12
Cooper Rush,QB,13.6,17.98,2024,12
Drake Maye,QB,13.3,13.48,2024,12
Javonte Williams,RB,13.1,2.4,2024,12
Tyrone Tracy Jr.,RB,12.9,9.0,2024,12
Terry McLaurin,WR,12.9,21.2,2024,12
Justin Jefferson,WR,12.9,4.7,2024,12
C.J. Stroud,QB,12.8,15.68,2024,12
Quentin Johnston,WR,12.7,0.0,2024,12
CeeDee Lamb,WR,12.7,16.8,2024,12
Tyreek Hill,WR,12.6,9.8,2024,12
DK Metcalf,WR,12.5,9.9,2024,12
Zay Flowers,WR,12.5,11.2,2024,12
Travis Kelce,TE,12.4,12.2,2024,12
Najee Harris,RB,12.1,7.4,2024,12
Gardner Minshew,QB,11.9,11.7,2024,12
Brock Bowers,TE,11.8,7.8,2024,12
Jameis Winston,QB,11.7,13.46,2024,12
George Kittle,TE,11.7,20.2,2024,12
George Pickens,WR,11.6,8.8,2024,12
Rhamondre Stevenson,RB,11.6,3.3,2024,12
Cooper Kupp,WR,11.2,20.0,2024,12
Will Levis,QB,11.2,16.12,2024,12
Rachaad White,RB,10.9,11.7,2024,12
DJ Moore,WR,10.9,26.9,2024,12
Aaron Jones,RB,10.9,19.9,2024,12
Trey McBride,TE,10.9,25.3,2024,12
Marvin Harrison Jr.,WR,10.9,7.7,2024,12
Sam LaPorta,TE,10.8,4.9,2024,12
Keenan Allen,WR,10.8,23.6,2024,12
Rico Dowdle,RB,10.5,10.8,2024,12
Rashod Bateman,WR,10.4,12.3,2024,12
Mark Andrews,TE,10.4,15.6,2024,12
Nico Collins,WR,10.4,20.2,2024,12
Jameson Williams,WR,10.4,11.8,2024,12
Dallas Goedert,TE,10.3,5.9,2024,12
Bryce Young,QB,10.3,16.52,2024,12
Courtland Sutton,WR,10.1,29.7,2024,12
Bucky Irving,RB,10.1,27.2,2024,12
Jayden Reed,WR,10.0,5.6,2024,12
Jakobi Meyers,WR,9.6,22.1,2024,12
Tony Pollard,RB,9.5,21.9,2024,12
Zach Ertz,TE,9.2,15.8,2024,12
Mike Evans,WR,9.2,11.8,2024,12
Jauan Jennings,WR,9.0,9.0,2024,12
Jonnu Smith,TE,9.0,23.7,2024,12
Jerry Jeudy,WR,8.9,14.5,2024,12
David Njoku,TE,8.7,3.9,2024,12
Will Dissly,TE,8.7,8.7,2024,12
Malik Nabers,WR,8.7,12.4,2024,12
Rome Odunze,WR,8.6,8.9,2024,12
Devin Singletary,RB,8.6,9.0,2024,12
Michael Pittman,WR,8.4,15.6,2024,12
Jaylen Warren,RB,8.3,15.4,2024,12
Calvin Ridley,WR,8.1,14.3,2024,12
Hunter Henry,TE,8.1,9.4,2024,12
Puka Nacua,WR,8.1,20.7,2024,12
Noah Brown,WR,8.0,13.1,2024,12
Cade Otton,TE,8.0,4.0,2024,12
Tyler Lockett,WR,7.9,4.0,2024,12
Adam Thielen,WR,7.9,8.7,2024,12
Tank Dell,WR,7.9,10.2,2024,12
Josh Palmer,WR,7.9,6.8,2024,12
Christian Watson,WR,7.8,0.4,2024,12
Jaylen Waddle,WR,7.8,28.4,2024,12
Jerome Ford,RB,7.8,3.7,2024,12
Alec Pierce,WR,7.7,4.9,2024,12
Jordan Addison,WR,7.6,30.2,2024,12
DeAndre Hopkins,WR,7.6,14.5,2024,12
Cole Kmet,TE,7.6,13.4,2024,12
Deebo Samuel Sr.,WR,7.3,3.1,2024,12
Justice Hill,RB,7.3,14.2,2024,12
Romeo Doubs,WR,7.3,8.4,2024,12
Nick Chubb,RB,7.2,19.0,2024,12
Zach Charbonnet,RB,7.2,2.2,2024,12
Xavier Legette,WR,7.1,9.6,2024,12
Jordan Mason,RB,6.9,2.3,2024,12
T.J. Hockenson,TE,6.9,18.4,2024,12
Nick Westbrook-Ikhine,WR,6.8,12.8,2024,12
Cedric Tillman,WR,6.7,2.8,2024,12
Ja'Tavion Sanders,TE,6.6,7.9,2024,12
Tucker Kraft,TE,6.5,10.6,2024,12
Jaleel McLaughlin,RB,6.5,4.4,2024,12
Michael Wilson,WR,6.3,7.4,2024,12
Noah Gray,TE,6.3,22.6,2024,12
Darius Slayton,WR,6.1,0.0,2024,12
Demarcus Robinson,WR,6.1,9.5,2024,12
Kendrick Bourne,WR,6.1,6.0,2024,12
Raheem Mostert,RB,6.1,1.2,2024,12
Ezekiel Elliott,RB,6.0,0.6,2024,12
Wan'Dale Robinson,WR,6.0,9.7,2024,12
Elijah Moore,WR,6.0,5.1,2024,12
Roschon Johnson,RB,6.0,8.2,2024,12
DeMario Douglas,WR,6.0,11.3,2024,12
Diontae Johnson,WR,5.8,0.0,2024,12
Xavier Worthy,WR,5.8,9.1,2024,12
Jalen Tolbert,WR,5.5,10.2,2024,12
Chris Brooks,RB,5.5,3.6,2024,12
Devaughn Vele,WR,5.5,14.0,2024,12
Gus Edwards,RB,5.3,7.1,2024,12
Pat Freiermuth,TE,5.3,9.9,2024,12
Jordan Whittington,WR,5.2,0.0,2024,12
Kenny Gainwell,RB,5.1,8.2,2024,12
Tim Patrick,WR,5.0,9.5,2024,12
Cam Akers,RB,4.9,3.5,2024,12
Samaje Perine,RB,4.8,4.4,2024,12
Lil'Jordan Humphrey,WR,4.7,2.4,2024,12
Kalif Raymond,WR,4.6,0.0,2024,12
Ameer Abdullah,RB,4.6,17.5,2024,12
Tre Tucker,WR,4.5,15.2,2024,12
Adonai Mitchell,WR,4.4,2.0,2024,12
Justin Watson,WR,4.4,2.5,2024,12
Ricky Pearsall,WR,4.4,0.0,2024,12
Brock Wright,TE,4.3,4.4,2024,12
Kayshon Boutte,WR,4.2,1.6,2024,12
Jalen McMillan,WR,4.2,2.1,2024,12
Tommy Tremble,TE,4.1,1.5,2024,12
Audric Estimé,RB,4.0,1.5,2024,12
Austin Hooper,TE,4.0,15.9,2024,12
Emanuel Wilson,RB,4.0,4.1,2024,12
Dontayvion Wicks,WR,4.0,3.5,2024,12
AJ Barner,TE,3.9,4.9,2024,12
Grant Calcaterra,TE,3.9,0.0,2024,12
Theo Johnson,TE,3.9,6.9,2024,12
Calvin Austin III,WR,3.9,16.8,2024,12
Dalton Schultz,TE,3.8,4.0,2024,12
Trey Benson,RB,3.7,1.8,2024,12
Colby Parkinson,TE,3.6,2.0,2024,12
Tylan Wallace,WR,3.6,2.5,2024,12
KaVontae Turpin,WR,3.4,7.8,2024,12
Van Jefferson,WR,3.4,5.9,2024,12
Isaac Guerendo,RB,3.4,0.0,2024,12
Elijah Higgins,TE,3.4,1.5,2024,12
Jahan Dotson,WR,3.3,1.4,2024,12
Greg Dortch,WR,3.3,1.5,2024,12
Jeremy McNichols,RB,3.3,2.2,2024,12
David Moore,WR,3.2,20.1,2024,12
Adam Trautman,TE,3.2,1.3,2024,12
Johnny Mundt,TE,3.1,1.7,2024,12
Tyler Boyd,WR,3.1,11.5,2024,12
Olamide Zaccheaus,WR,3.1,1.8,2024,12
Antonio Gibson,RB,3.1,5.5,2024,12
Chig Okonkwo,TE,3.1,14.0,2024,12
JuJu Smith-Schuster,WR,3.0,1.6,2024,12
Ben Sinnott,TE,3.0,0.0,2024,12
Jalen Nailor,WR,3.0,7.5,2024,12
Sean Tucker,RB,3.0,8.0,2024,12
Troy Franklin,WR,2.9,5.1,2024,12
Tutu Atwell,WR,2.9,6.0,2024,12
Luke McCaffrey,WR,2.7,1.8,2024,12
Cordarrelle Patterson,RB,2.7,-0.2,2024,12
Tyler Goodson,RB,2.7,0.0,2024,12
Davis Allen,TE,2.7,0.0,2024,12
Jake Bobo,WR,2.7,1.8,2024,12
Craig Reynolds,RB,2.6,0.6,2024,12
Ty Chandler,RB,2.6,0.0,2024,12
Charlie Kolar,TE,2.6,1.6,2024,12
Darnell Washington,TE,2.6,4.4,2024,12
Blake Whiteheart,TE,2.4,3.9,2024,12
Sterling Shepard,WR,2.4,6.6,2024,12
Carson Steele,RB,2.4,2.3,2024,12
Nate Adkins,TE,2.4,0.0,2024,12
Nick Vannett,TE,2.4,0.0,2024,12
JaMycal Hasty,RB,2.3,3.5,2024,12
Jalen Brooks,WR,2.3,5.1,2024,12
Marvin Mims Jr.,WR,2.3,7.2,2024,12
Tyler Johnson,WR,2.3,2.1,2024,12
Jordan Akins,TE,2.2,6.8,2024,12
Rakim Jarrett,WR,2.2,4.0,2024,12
DJ Turner,WR,2.2,2.5,2024,12
John Metchie III,WR,2.2,1.6,2024,12
Ja'Lynn Polk,WR,2.1,1.7,2024,12
Dyami Brown,WR,2.1,5.6,2024,12
Jaylen Wright,RB,2.1,0.8,2024,12
Trey Palmer,WR,2.0,2.8,2024,12
Michael Mayer,TE,2.0,3.1,2024,12
Emari Demercado,RB,2.0,1.4,2024,12
Dameon Pierce,RB,2.0,0.0,2024,12
Malik Washington,WR,2.0,1.3,2024,12
Odell Beckham Jr.,WR,1.9,0.0,2024,12
Andrew Ogletree,TE,1.9,0.0,2024,12
Blake Corum,RB,1.8,0.5,2024,12
Johnny Wilson,WR,1.8,0.0,2024,12
Tip Reiman,TE,1.7,0.0,2024,12
Kylen Granson,TE,1.7,0.0,2024,12
Josh Whyle,TE,1.7,0.0,2024,12
Cody White,WR,1.6,0.0,2024,12
John Bates,TE,1.6,0.3,2024,12
Julian Hill,TE,1.6,1.8,2024,12
Ryan Miller,WR,1.5,2.4,2024,12
Mecole Hardman,WR,1.5,1.5,2024,12
Eric Gray,RB,1.4,2.6,2024,12
Dare Ogunbowale,RB,1.4,0.0,2024,12
Jalen Reagor,WR,1.4,4.0,2024,12
Tucker Fisk,TE,1.4,1.7,2024,12
Britain Covey,WR,1.3,0.0,2024,12
Eric Saubert,TE,1.3,0.0,2024,12
Trent Sherfield,WR,1.3,0.0,2024,12
Cade Stover,TE,1.3,11.6,2024,12
Robert Woods,WR,1.2,1.8,2024,12
Malik Heath,WR,1.2,9.5,2024,12
Hunter Luepke,RB,1.2,2.0,2024,12
Hassan Haskins,RB,1.1,0.3,2024,12
Pharaoh Brown,TE,1.1,3.9,2024,12
Patrick Ricard,RB,1.1,0.0,2024,12
Luke Schoonmaker,TE,1.0,14.5,2024,12
Derius Davis,WR,1.0,2.4,2024,12
Jonathan Mingo,WR,0.9,1.8,2024,12
Bryce Oliver,WR,0.9,0.0,2024,12
Brandon Powell,WR,0.9,0.0,2024,12
Julius Chestnut,RB,0.9,1.5,2024,12
DeAndre Carter,WR,0.8,0.0,2024,12
Payne Durham,TE,0.8,3.6,2024,12
Brevyn Spann-Ford,TE,0.7,4.4,2024,12
Travis Homer,RB,0.7,0.0,2024,12
Kenny McIntosh,RB,0.6,0.0,2024,12
Durham Smythe,TE,0.6,1.8,2024,12
Xavier Hutchinson,WR,0.5,0.0,2024,12
Ashton Dulin,WR,0.5,0.0,2024,12
Daniel Bellinger,TE,0.4,0.0,2024,12
Ben Skowronek,WR,0.3,0.0,2024,12
Dylan Laube,RB,0.3,0.0,2024,12
Chris Conley,WR,0.2,0.0,2024,12
Collin Johnson,WR,0.2,0.0,2024,12
DeeJay Dallas,RB,0.2,0.0,2024,12
Jha'Quan Jackson,WR,0.2,0.0,2024,12
Javon Baker,WR,0.2,0.0,2024,12
Raheem Blackshear,RB,0.1,0.0,2024,12
Xavier Smith,WR,0.1,0.0,2024,12
Nick Mullens,QB,0.0,0.56,2024,12
Justin Fields,QB,0.0,2.6,2024,12
Anthony Richardson,QB,0.0,12.98,2024,12
Feleipe Franks,TE,0.0,0.0,2024,12
Dareke Young,WR,0.0,0.0,2024,12
Kenny Pickett,QB,0.0,-0.2,2024,12
Deven Thompkins,WR,0.0,4.3,2024,12
Ihmir Smith-Marsette,WR,0.0,0.0,2024,12
De'Von Achane,RB,28.7,21.0,2024,13
Saquon Barkley,RB,27.3,19.7,2024,13
Justin Herbert,QB,23.6,7.98,2024,13
Jalen Hurts,QB,23.2,17.62,2024,13
Baker Mayfield,QB,22.1,10.2,2024,13
Lamar Jackson,QB,22.0,25.38,2024,13
Bijan Robinson,RB,21.1,25.5,2024,13
Joe Burrow,QB,20.1,19.26,2024,13
Tua Tagovailoa,QB,19.6,25.2,2024,13
Bo Nix,QB,19.6,12.16,2024,13
Patrick Mahomes,QB,19.4,16.64,2024,13
Kyler Murray,QB,19.0,15.2,2024,13
Kyren Williams,RB,18.9,18.3,2024,13
Derek Carr,QB,18.8,14.56,2024,13
Sam Darnold,QB,18.8,19.6,2024,13
Christian McCaffrey,RB,18.6,8.7,2024,13
Jahmyr Gibbs,RB,18.1,10.4,2024,13
Josh Allen,QB,17.9,28.42,2024,13
Ja'Marr Chase,WR,17.9,20.6,2024,13
Matthew Stafford,QB,17.8,15.62,2024,13
Jayden Daniels,QB,17.5,27.64,2024,13
Kirk Cousins,QB,17.2,2.1,2024,13
Breece Hall,RB,16.9,6.0,2024,13
Alvin Kamara,RB,16.6,15.9,2024,13
Joe Mixon,RB,16.3,21.9,2024,13
Cooper Kupp,WR,16.0,4.7,2024,13
Jordan Love,QB,16.0,18.96,2024,13
Anthony Richardson,QB,15.8,21.16,2024,13
A.J. Brown,WR,15.7,11.6,2024,13
Will Levis,QB,15.7,16.18,2024,13
Jared Goff,QB,15.7,16.94,2024,13
James Conner,RB,15.7,11.1,2024,13
Courtland Sutton,WR,15.7,16.2,2024,13
Isiah Pacheco,RB,15.5,5.9,2024,13
Trey McBride,TE,15.5,21.6,2024,13
Bucky Irving,RB,15.4,27.5,2024,13
C.J. Stroud,QB,15.4,14.38,2024,13
Caleb Williams,QB,15.3,26.14,2024,13
Derrick Henry,RB,15.2,14.1,2024,13
Amon-Ra St. Brown,WR,15.2,12.3,2024,13
Drake Maye,QB,15.1,19.42,2024,13
Jameis Winston,QB,15.1,32.98,2024,13
Josh Jacobs,RB,15.1,21.7,2024,13
Aaron Jones,RB,15.0,9.8,2024,13
David Montgomery,RB,14.8,15.4,2024,13
James Cook,RB,14.5,19.0,2024,13
Tony Pollard,RB,14.4,8.8,2024,13
D'Andre Swift,RB,14.4,9.4,2024,13
Ladd McConkey,WR,14.2,20.7,2024,13
Chuba Hubbard,RB,14.1,2.3,2024,13
Tee Higgins,WR,14.1,17.9,2024,13
Tyrone Tracy Jr.,RB,14.1,14.5,2024,13
Rhamondre Stevenson,RB,13.9,12.4,2024,13
Rachaad White,RB,13.8,8.8,2024,13
Justin Jefferson,WR,13.8,16.9,2024,13
Russell Wilson,QB,13.7,26.86,2024,13
Puka Nacua,WR,13.6,17.3,2024,13
Bryce Young,QB,13.6,23.62,2024,13
Jonathan Taylor,RB,13.5,17.3,2024,13
Javonte Williams,RB,13.4,7.4,2024,13
Drake London,WR,13.3,17.3,2024,13
Marvin Harrison Jr.,WR,13.0,17.0,2024,13
Cooper Rush,QB,13.0,11.8,2024,13
Nico Collins,WR,12.9,19.9,2024,13
Chase Brown,RB,12.6,19.0,2024,13
Kenneth Walker III,RB,12.6,6.6,2024,13
Kareem Hunt,RB,12.4,3.5,2024,13
Jordan Addison,WR,11.9,9.4,2024,13
CeeDee Lamb,WR,11.8,5.9,2024,13
Geno Smith,QB,11.6,12.44,2024,13
Jonnu Smith,TE,11.5,21.3,2024,13
Nick Chubb,RB,11.4,12.5,2024,13
Travis Kelce,TE,11.4,13.8,2024,13
Aaron Rodgers,QB,11.3,14.0,2024,13
Tyreek Hill,WR,11.2,20.3,2024,13
Darnell Mooney,WR,11.1,5.0,2024,13
Mike Evans,WR,11.0,25.8,2024,13
Keenan Allen,WR,11.0,24.3,2024,13
Jerry Jeudy,WR,11.0,40.5,2024,13
George Kittle,TE,10.7,1.7,2024,13
Cade Otton,TE,10.6,6.0,2024,13
Calvin Ridley,WR,10.6,6.5,2024,13
Tank Dell,WR,10.2,3.3,2024,13
Terry McLaurin,WR,10.2,27.3,2024,13
DJ Moore,WR,10.2,23.7,2024,13
Quentin Johnston,WR,10.2,3.2,2024,13
Jaxon Smith-Njigba,WR,9.9,11.9,2024,13
Brock Bowers,TE,9.9,30.2,2024,13
Zay Flowers,WR,9.8,10.1,2024,13
Malik Nabers,WR,9.8,15.3,2024,13
Rico Dowdle,RB,9.8,21.3,2024,13
T.J. Hockenson,TE,9.8,5.8,2024,13
Mark Andrews,TE,9.7,18.9,2024,13
Jakobi Meyers,WR,9.7,15.7,2024,13
George Pickens,WR,9.6,16.4,2024,13
Najee Harris,RB,9.6,24.9,2024,13
Jauan Jennings,WR,9.2,8.6,2024,13
Nick Westbrook-Ikhine,WR,9.1,21.1,2024,13
Garrett Wilson,WR,9.0,9.1,2024,13
Brian Robinson,RB,9.0,17.9,2024,13
Jaylen Waddle,WR,9.0,11.3,2024,13
David Njoku,TE,8.9,26.2,2024,13
Adam Thielen,WR,8.8,23.9,2024,13
Jameson Williams,WR,8.7,9.6,2024,13
Xavier Legette,WR,8.6,9.3,2024,13
Devaughn Vele,WR,8.6,2.6,2024,13
Devin Singletary,RB,8.6,2.3,2024,13
DK Metcalf,WR,8.5,10.6,2024,13
Khalil Shakir,WR,8.4,7.0,2024,13
Davante Adams,WR,8.4,17.6,2024,13
Sam LaPorta,TE,8.4,15.6,2024,13
Zach Ertz,TE,8.4,12.5,2024,13
Hunter Henry,TE,8.1,14.5,2024,13
Michael Pittman,WR,8.1,9.2,2024,13
Demarcus Robinson,WR,8.1,12.9,2024,13
Josh Palmer,WR,8.1,4.1,2024,13
Michael Wilson,WR,8.1,10.5,2024,13
Tucker Kraft,TE,8.1,13.8,2024,13
Dallas Goedert,TE,8.0,12.5,2024,13
Jerome Ford,RB,8.0,7.2,2024,13
Jaylen Warren,RB,8.0,10.4,2024,13
Jayden Reed,WR,7.8,19.7,2024,13
Will Dissly,TE,7.7,0.0,2024,13
DeMario Douglas,WR,7.6,6.0,2024,13
Rome Odunze,WR,7.6,4.5,2024,13
Kendrick Bourne,WR,7.5,7.5,2024,13
Isaiah Likely,TE,7.3,14.8,2024,13
Mac Jones,QB,7.3,20.0,2024,13
Noah Gray,TE,7.1,9.8,2024,13
Roschon Johnson,RB,7.1,0.0,2024,13
Elijah Moore,WR,7.1,19.2,2024,13
DeAndre Hopkins,WR,7.0,13.0,2024,13
Justice Hill,RB,7.0,6.1,2024,13
Jaleel McLaughlin,RB,7.0,9.4,2024,13
Mike Gesicki,TE,6.7,10.3,2024,13
Kyle Pitts,TE,6.7,0.0,2024,13
Alec Pierce,WR,6.6,9.6,2024,13
Wan'Dale Robinson,WR,6.4,2.6,2024,13
Christian Watson,WR,6.4,8.7,2024,13
Deebo Samuel Sr.,WR,6.4,6.0,2024,13
Ray-Ray McCloud,WR,6.4,13.3,2024,13
Amari Cooper,WR,6.4,4.2,2024,13
Cole Kmet,TE,6.3,5.6,2024,13
Travis Etienne,RB,6.3,8.8,2024,13
David Moore,WR,6.2,9.0,2024,13
Tyjae Spears,RB,6.2,0.3,2024,13
Cam Akers,RB,6.2,2.2,2024,13
Tyler Allgeier,RB,6.1,3.2,2024,13
Noah Brown,WR,6.1,5.7,2024,13
Raheem Mostert,RB,6.0,5.4,2024,13
Brian Thomas Jr.,WR,6.0,18.7,2024,13
Gus Edwards,RB,5.6,4.3,2024,13
Darius Slayton,WR,5.5,2.8,2024,13
Xavier Worthy,WR,5.5,10.4,2024,13
Tank Bigsby,RB,5.4,4.5,2024,13
Chris Brooks,RB,5.4,4.9,2024,13
Parris Campbell,WR,5.4,0.0,2024,13
Ray Davis,RB,5.3,13.7,2024,13
Tyler Lockett,WR,5.3,4.6,2024,13
Ezekiel Elliott,RB,5.3,0.4,2024,13
Jalen Tolbert,WR,5.3,6.1,2024,13
Jordan Whittington,WR,5.2,0.0,2024,13
Chig Okonkwo,TE,5.1,5.7,2024,13
Austin Hooper,TE,5.1,14.2,2024,13
Kenny Gainwell,RB,5.1,0.0,2024,13
Evan Engram,TE,5.0,11.1,2024,13
Tim Patrick,WR,5.0,6.8,2024,13
Pat Freiermuth,TE,5.0,18.8,2024,13
Jalen McMillan,WR,4.9,4.5,2024,13
Kimani Vidal,RB,4.9,2.0,2024,13
Marquez Valdes-Scantling,WR,4.9,11.6,2024,13
Brandin Cooks,WR,4.9,10.6,2024,13
Juwan Johnson,TE,4.8,8.6,2024,13
Kayshon Boutte,WR,4.8,9.1,2024,13
Dalton Schultz,TE,4.8,17.1,2024,13
Tre Tucker,WR,4.8,13.9,2024,13
Ameer Abdullah,RB,4.8,7.3,2024,13
Tyler Boyd,WR,4.7,6.7,2024,13
Jordan Mason,RB,4.6,7.8,2024,13
Zach Charbonnet,RB,4.6,12.1,2024,13
Calvin Austin III,WR,4.5,10.9,2024,13
Andrei Iosivas,WR,4.5,12.5,2024,13
Kevin Austin Jr.,WR,4.4,7.0,2024,13
Audric Estimé,RB,4.4,1.2,2024,13
Sean Tucker,RB,4.3,0.0,2024,13
Troy Franklin,WR,4.3,4.8,2024,13
Ricky Pearsall,WR,4.3,0.0,2024,13
Taysom Hill,TE,4.2,9.7,2024,13
Noah Fant,TE,4.2,5.6,2024,13
Tutu Atwell,WR,4.2,5.9,2024,13
Braelon Allen,RB,4.2,4.7,2024,13
Theo Johnson,TE,4.2,10.4,2024,13
Mack Hollins,WR,4.1,7.7,2024,13
Greg Dortch,WR,4.0,2.7,2024,13
Trey Benson,RB,3.9,2.0,2024,13
Ty Johnson,RB,3.9,4.7,2024,13
Emanuel Wilson,RB,3.9,2.0,2024,13
Colby Parkinson,TE,3.9,2.3,2024,13
Jordan Akins,TE,3.8,0.0,2024,13
Samaje Perine,RB,3.8,2.5,2024,13
Jalen Nailor,WR,3.8,2.8,2024,13
Elijah Higgins,TE,3.7,4.3,2024,13
Dawson Knox,TE,3.7,7.6,2024,13
Adonai Mitchell,WR,3.7,0.0,2024,13
Brock Wright,TE,3.7,2.3,2024,13
Nelson Agholor,WR,3.7,0.0,2024,13
Chris Rodriguez Jr.,RB,3.6,15.4,2024,13
Antonio Gibson,RB,3.6,12.2,2024,13
Tyler Conklin,TE,3.6,7.2,2024,13
Sterling Shepard,WR,3.6,8.2,2024,13
Drew Sample,TE,3.5,2.8,2024,13
Foster Moreau,TE,3.4,2.6,2024,13
Tommy Tremble,TE,3.4,12.7,2024,13
Curtis Samuel,WR,3.4,0.7,2024,13
Marvin Mims Jr.,WR,3.4,19.9,2024,13
Justin Watson,WR,3.4,7.6,2024,13
Dontayvion Wicks,WR,3.4,7.0,2024,13
Tanner Hudson,TE,3.3,6.8,2024,13
AJ Barner,TE,3.2,9.4,2024,13
Johnny Mundt,TE,3.1,10.2,2024,13
KaVontae Turpin,WR,3.1,9.5,2024,13
Nick Vannett,TE,3.0,1.6,2024,13
Lucas Krull,TE,3.0,5.4,2024,13
Van Jefferson,WR,3.0,5.3,2024,13
Mo Alie-Cox,TE,2.9,3.5,2024,13
Tyler Johnson,WR,2.9,0.0,2024,13
Jermaine Burton,WR,2.8,0.0,2024,13
Adam Trautman,TE,2.8,0.0,2024,13
Jahan Dotson,WR,2.8,1.7,2024,13
Rakim Jarrett,WR,2.8,0.0,2024,13
Trey Sermon,RB,2.6,0.0,2024,13
Isaac Guerendo,RB,2.6,8.6,2024,13
Cedrick Wilson Jr.,WR,2.6,2.9,2024,13
John Metchie III,WR,2.6,3.6,2024,13
Olamide Zaccheaus,WR,2.6,4.4,2024,13
Luke Schoonmaker,TE,2.6,8.3,2024,13
Darnell Washington,TE,2.5,2.0,2024,13
Tylan Wallace,WR,2.5,3.4,2024,13
Ja'Lynn Polk,WR,2.4,0.0,2024,13
Jalin Hyatt,WR,2.4,2.8,2024,13
Jamaal Williams,RB,2.3,1.7,2024,13
Tyler Goodson,RB,2.3,0.0,2024,13
Trey Palmer,WR,2.3,0.0,2024,13
Cade Stover,TE,2.3,1.4,2024,13
Brenton Strange,TE,2.2,2.4,2024,13
Blake Corum,RB,2.2,4.2,2024,13
DJ Turner,WR,2.2,3.5,2024,13
Pierre Strong,RB,2.2,0.0,2024,13
Tip Reiman,TE,2.2,1.9,2024,13
Jalen Brooks,WR,2.2,1.0,2024,13
Carson Steele,RB,2.1,0.0,2024,13
Ben Sinnott,TE,2.1,1.3,2024,13
Parker Washington,WR,2.1,24.3,2024,13
Jeremy McNichols,RB,2.1,3.2,2024,13
Malik Washington,WR,2.1,2.8,2024,13
JuJu Smith-Schuster,WR,2.0,2.0,2024,13
Jamari Thrash,WR,2.0,3.1,2024,13
Michael Mayer,TE,2.0,1.5,2024,13
Sincere McCormick,RB,1.9,8.5,2024,13
Josh Whyle,TE,1.9,1.3,2024,13
Julian Hill,TE,1.8,1.5,2024,13
Emari Demercado,RB,1.8,2.5,2024,13
Jake Bobo,WR,1.8,0.0,2024,13
Ty Chandler,RB,1.8,0.2,2024,13
Jeremy Ruckert,TE,1.7,1.3,2024,13
Nate Adkins,TE,1.7,2.6,2024,13
Dyami Brown,WR,1.7,7.9,2024,13
Andrew Ogletree,TE,1.7,3.2,2024,13
Kylen Granson,TE,1.6,0.0,2024,13
Cordarrelle Patterson,RB,1.6,8.3,2024,13
Brevyn Spann-Ford,TE,1.6,0.0,2024,13
Jonathon Brooks,RB,1.5,7.1,2024,13
Odell Beckham Jr.,WR,1.5,1.9,2024,13
MyCole Pruitt,TE,1.5,4.1,2024,13
Luke McCaffrey,WR,1.4,3.3,2024,13
Blake Whiteheart,TE,1.4,0.0,2024,13
Eric Gray,RB,1.4,0.0,2024,13
Pharaoh Brown,TE,1.3,0.0,2024,13
Robert Woods,WR,1.3,0.0,2024,13
Dameon Pierce,RB,1.3,1.1,2024,13
Hunter Luepke,RB,1.2,0.4,2024,13
Tucker Fisk,TE,1.2,1.1,2024,13
Derius Davis,WR,1.2,1.6,2024,13
Quintin Morris,TE,1.2,2.4,2024,13
Hassan Haskins,RB,1.2,-2.0,2024,13
Mecole Hardman,WR,1.1,0.0,2024,13
Julius Chestnut,RB,1.1,0.0,2024,13
Hunter Long,TE,1.0,0.0,2024,13
Brandon Powell,WR,1.0,1.8,2024,13
Xavier Gipson,WR,0.9,0.9,2024,13
Jonathan Mingo,WR,0.9,1.2,2024,13
Bryce Oliver,WR,0.9,0.0,2024,13
Stone Smartt,TE,0.9,1.3,2024,13
Chris Manhertz,TE,0.9,0.0,2024,13
Will Shipley,RB,0.8,0.4,2024,13
Khalil Herbert,RB,0.8,1.4,2024,13
Durham Smythe,TE,0.8,1.8,2024,13
Luke Farrell,TE,0.8,0.0,2024,13
DeAndre Carter,WR,0.7,0.0,2024,13
Britain Covey,WR,0.6,0.0,2024,13
Malachi Corley,WR,0.6,0.8,2024,13
Laviska Shenault Jr.,WR,0.6,0.0,2024,13
Will Mallory,TE,0.6,1.7,2024,13
Charlie Woerner,TE,0.5,1.5,2024,13
Isaiah Davis,RB,0.5,12.2,2024,13
Dante Pettis,WR,0.4,3.5,2024,13
Jacob Cowing,WR,0.4,0.0,2024,13
Isaiah Williams,WR,0.4,0.0,2024,13
Daniel Bellinger,TE,0.3,0.0,2024,13
Tim Jones,WR,0.3,0.0,2024,13
Chris Conley,WR,0.3,0.0,2024,13
Jha'Quan Jackson,WR,0.3,0.0,2024,13
Zach Davidson,TE,0.3,0.0,2024,13
Ben Skowronek,WR,0.2,3.3,2024,13
Raheem Blackshear,RB,0.2,0.0,2024,13
Xavier Smith,WR,0.1,0.0,2024,13
Jaelon Darden,WR,0.1,0.0,2024,13
Kadarius Toney,WR,0.1,0.3,2024,13
Avery Williams,RB,0.1,0.0,2024,13
Dylan Laube,RB,0.1,0.0,2024,13
Collin Johnson,WR,0.1,0.0,2024,13
Kenny McIntosh,RB,0.1,0.0,2024,13
Feleipe Franks,TE,0.0,0.0,2024,13
Bryce Ford-Wheaton,WR,0.0,0.0,2024,13
Reggie Gilliam,RB,0.0,0.0,2024,13
Drew Lock,QB,0.0,14.82,2024,13
Trevor Lawrence,QB,0.0,0.24,2024,13
Brady Russell,RB,0.0,0.0,2024,13
Devin Duvernay,WR,0.0,4.3,2024,13
Anthony Gould,WR,0.0,0.0,2024,13
Ihmir Smith-Marsette,WR,0.0,0.0,2024,13
Irvin Charles,WR,0.0,0.0,2024,13
Mitchell Trubisky,QB,0.0,-0.14,2024,13
Justin Fields,QB,0.0,0.7,2024,13
Brock Purdy,QB,0.0,2.16,2024,13
Aidan O'Connell,QB,0.0,19.6,2024,13
Saquon Barkley,RB,33.9,14.4,2024,14
Joe Burrow,QB,27.6,24.56,2024,14
Jalen Hurts,QB,25.9,24.22,2024,14
Sam Darnold,QB,23.5,34.58,2024,14
Bijan Robinson,RB,23.3,20.1,2024,14
Ja'Marr Chase,WR,23.1,45.1,2024,14
De'Von Achane,RB,21.8,18.9,2024,14
Jared Goff,QB,20.5,22.02,2024,14
Jahmyr Gibbs,RB,20.5,19.3,2024,14
Patrick Mahomes,QB,19.2,14.1,2024,14
Justin Jefferson,WR,18.9,32.2,2024,14
Jordan Love,QB,18.8,14.54,2024,14
Tee Higgins,WR,18.4,4.3,2024,14
Josh Jacobs,RB,18.2,24.6,2024,14
Russell Wilson,QB,18.0,16.02,2024,14
James Cook,RB,18.0,4.9,2024,14
Amon-Ra St. Brown,WR,17.7,10.3,2024,14
Baker Mayfield,QB,17.3,19.0,2024,14
David Montgomery,RB,17.3,19.4,2024,14
Aaron Jones,RB,16.5,16.4,2024,14
Kyren Williams,RB,16.1,23.7,2024,14
Justin Herbert,QB,15.9,13.72,2024,14
Chase Brown,RB,15.6,24.3,2024,14
Kirk Cousins,QB,15.5,9.76,2024,14
Isiah Pacheco,RB,15.5,8.1,2024,14
Jordan Addison,WR,15.3,39.3,2024,14
Drake London,WR,15.3,12.0,2024,14
Alvin Kamara,RB,15.2,12.9,2024,14
Geno Smith,QB,15.0,13.32,2024,14
Will Levis,QB,14.9,7.02,2024,14
Kyler Murray,QB,14.8,17.96,2024,14
Tua Tagovailoa,QB,14.7,23.54,2024,14
Tyrone Tracy Jr.,RB,14.6,19.3,2024,14
Jameis Winston,QB,14.5,15.28,2024,14
Najee Harris,RB,14.2,11.3,2024,14
A.J. Brown,WR,14.0,8.3,2024,14
Trey McBride,TE,14.0,14.0,2024,14
Bucky Irving,RB,13.7,2.8,2024,14
D'Andre Swift,RB,13.6,5.0,2024,14
Jaxon Smith-Njigba,WR,13.5,19.6,2024,14
Matthew Stafford,QB,13.3,20.8,2024,14
James Conner,RB,13.1,22.2,2024,14
Caleb Williams,QB,13.1,14.06,2024,14
Derek Carr,QB,13.0,11.96,2024,14
Cooper Rush,QB,12.8,13.82,2024,14
Tony Pollard,RB,12.5,14.4,2024,14
Cooper Kupp,WR,12.3,20.2,2024,14
Jerry Jeudy,WR,12.2,17.4,2024,14
Sam LaPorta,TE,12.0,10.4,2024,14
Jayden Reed,WR,11.5,0.0,2024,14
Aaron Rodgers,QB,11.5,17.56,2024,14
George Kittle,TE,11.4,21.1,2024,14
Brock Bowers,TE,11.2,8.2,2024,14
Mike Evans,WR,11.2,10.9,2024,14
Puka Nacua,WR,11.0,41.8,2024,14
DK Metcalf,WR,11.0,8.9,2024,14
Jakobi Meyers,WR,10.9,13.7,2024,14
Darnell Mooney,WR,10.9,20.2,2024,14
Kareem Hunt,RB,10.6,3.9,2024,14
Calvin Ridley,WR,10.5,12.9,2024,14
Rico Dowdle,RB,10.5,15.1,2024,14
Rachaad White,RB,10.5,24.9,2024,14
CeeDee Lamb,WR,10.4,21.4,2024,14
Jameson Williams,WR,10.3,13.0,2024,14
Jaylen Warren,RB,10.2,9.2,2024,14
Marvin Harrison Jr.,WR,10.2,8.9,2024,14
Nick Westbrook-Ikhine,WR,10.1,2.9,2024,14
Nick Chubb,RB,10.1,4.8,2024,14
Bryce Young,QB,10.1,12.54,2024,14
Keenan Allen,WR,10.0,6.0,2024,14
T.J. Hockenson,TE,9.8,8.5,2024,14
Brian Thomas Jr.,WR,9.7,16.6,2024,14
Chuba Hubbard,RB,9.7,20.7,2024,14
Travis Kelce,TE,9.7,9.5,2024,14
DJ Moore,WR,9.6,10.9,2024,14
Malik Nabers,WR,9.6,14.9,2024,14
Tyreek Hill,WR,9.4,28.1,2024,14
David Njoku,TE,9.3,17.2,2024,14
DeVonta Smith,WR,9.0,13.7,2024,14
Evan Engram,TE,9.0,7.3,2024,14
Jonnu Smith,TE,8.9,13.4,2024,14
Jauan Jennings,WR,8.5,28.0,2024,14
Davante Adams,WR,8.5,25.9,2024,14
DeAndre Hopkins,WR,8.4,13.2,2024,14
Adam Thielen,WR,8.1,19.2,2024,14
Khalil Shakir,WR,8.1,21.6,2024,14
Garrett Wilson,WR,8.1,18.4,2024,14
Ray-Ray McCloud,WR,7.9,18.1,2024,14
Pat Freiermuth,TE,7.9,13.8,2024,14
Cade Otton,TE,7.9,10.0,2024,14
Jerome Ford,RB,7.9,7.7,2024,14
Travis Etienne,RB,7.9,11.0,2024,14
Mike Gesicki,TE,7.8,5.4,2024,14
Christian Watson,WR,7.6,13.4,2024,14
Ray Davis,RB,7.6,0.0,2024,14
Josh Oliver,TE,7.4,3.6,2024,14
Jaylen Waddle,WR,7.4,20.9,2024,14
Demarcus Robinson,WR,7.2,0.0,2024,14
Andrei Iosivas,WR,7.0,8.1,2024,14
Elijah Moore,WR,7.0,6.4,2024,14
Amari Cooper,WR,7.0,15.5,2024,14
Devin Singletary,RB,6.9,0.8,2024,14
Cam Akers,RB,6.9,3.7,2024,14
Allen Lazard,WR,6.8,2.8,2024,14
Deebo Samuel Sr.,WR,6.7,5.5,2024,14
Tyler Lockett,WR,6.7,0.0,2024,14
Tucker Kraft,TE,6.7,13.1,2024,14
Calvin Austin III,WR,6.6,1.4,2024,14
Michael Wilson,WR,6.4,13.7,2024,14
Kyle Pitts,TE,6.3,2.4,2024,14
Xavier Worthy,WR,6.3,9.6,2024,14
Jake Ferguson,TE,6.2,6.2,2024,14
Wan'Dale Robinson,WR,6.1,7.8,2024,14
Zach Charbonnet,RB,6.1,38.3,2024,14
Tre Tucker,WR,6.1,2.7,2024,14
Cole Kmet,TE,6.1,0.0,2024,14
Tim Patrick,WR,6.0,22.3,2024,14
Tyler Allgeier,RB,6.0,12.3,2024,14
Chris Brooks,RB,5.9,0.3,2024,14
Noah Gray,TE,5.9,6.6,2024,14
Will Dissly,TE,5.9,3.9,2024,14
Parker Washington,WR,5.9,3.5,2024,14
Kenny Gainwell,RB,5.8,5.3,2024,14
Ameer Abdullah,RB,5.8,0.8,2024,14
Rome Odunze,WR,5.6,20.2,2024,14
Xavier Legette,WR,5.5,5.9,2024,14
Tank Bigsby,RB,5.4,13.2,2024,14
Noah Fant,TE,5.4,4.8,2024,14
Josh Palmer,WR,5.4,13.8,2024,14
Quentin Johnston,WR,5.3,15.8,2024,14
Tyler Boyd,WR,5.2,1.7,2024,14
Mack Hollins,WR,5.2,15.7,2024,14
Mike Williams,WR,5.1,6.6,2024,14
Ty Johnson,RB,5.0,13.5,2024,14
Dontayvion Wicks,WR,5.0,8.9,2024,14
Jalen Tolbert,WR,5.0,0.0,2024,14
Brandin Cooks,WR,4.9,7.3,2024,14
Gus Edwards,RB,4.9,9.6,2024,14
Darius Slayton,WR,4.8,4.7,2024,14
Dawson Knox,TE,4.7,1.5,2024,14
Chig Okonkwo,TE,4.6,3.8,2024,14
Brock Wright,TE,4.6,0.0,2024,14
Kendre Miller,RB,4.5,9.2,2024,14
Ja'Tavion Sanders,TE,4.4,0.0,2024,14
Sincere McCormick,RB,4.4,10.9,2024,14
Tyjae Spears,RB,4.3,3.3,2024,14
AJ Barner,TE,4.3,2.3,2024,14
David Moore,WR,4.3,4.5,2024,14
Johnny Mundt,TE,4.2,0.0,2024,14
Van Jefferson,WR,4.1,8.0,2024,14
Emanuel Wilson,RB,4.0,0.7,2024,14
Marquez Valdes-Scantling,WR,4.0,9.1,2024,14
Braelon Allen,RB,3.9,12.1,2024,14
Drew Sample,TE,3.9,3.3,2024,14
Samaje Perine,RB,3.9,2.9,2024,14
Tyler Conklin,TE,3.8,6.3,2024,14
Tanner Hudson,TE,3.8,2.9,2024,14
Juwan Johnson,TE,3.7,15.0,2024,14
Tommy Tremble,TE,3.6,7.3,2024,14
Jeff Wilson,RB,3.5,2.1,2024,14
Ricky Pearsall,WR,3.5,1.5,2024,14
Ezekiel Elliott,RB,3.4,1.6,2024,14
Jalen McMillan,WR,3.4,21.9,2024,14
Luke Schoonmaker,TE,3.4,4.2,2024,14
KaVontae Turpin,WR,3.4,4.1,2024,14
Tutu Atwell,WR,3.4,7.5,2024,14
Brenton Strange,TE,3.3,3.1,2024,14
Sterling Shepard,WR,3.2,10.3,2024,14
Curtis Samuel,WR,3.2,3.6,2024,14
Kimani Vidal,RB,3.1,3.4,2024,14
Cordarrelle Patterson,RB,3.1,-0.9,2024,14
Darnell Washington,TE,3.0,0.0,2024,14
Kevin Austin Jr.,WR,3.0,1.5,2024,14
Trey Benson,RB,2.9,2.9,2024,14
Jordan Whittington,WR,2.9,0.0,2024,14
Jordan Akins,TE,2.9,2.4,2024,14
Sean Tucker,RB,2.8,4.7,2024,14
Grant Calcaterra,TE,2.8,10.6,2024,14
Colby Parkinson,TE,2.7,2.1,2024,14
Nick Vannett,TE,2.7,1.4,2024,14
Greg Dortch,WR,2.6,1.5,2024,14
Isaiah Davis,RB,2.5,15.7,2024,14
Isaac Guerendo,RB,2.5,26.8,2024,14
Blake Corum,RB,2.5,3.4,2024,14
Jahan Dotson,WR,2.5,1.5,2024,14
Foster Moreau,TE,2.3,6.0,2024,14
Jalin Hyatt,WR,2.3,0.0,2024,14
MyCole Pruitt,TE,2.2,0.9,2024,14
Rakim Jarrett,WR,2.1,0.0,2024,14
Jaylen Wright,RB,2.1,3.3,2024,14
Jonathon Brooks,RB,2.1,-0.3,2024,14
JuJu Smith-Schuster,WR,2.1,5.1,2024,14
Josh Whyle,TE,2.0,5.1,2024,14
Emari Demercado,RB,2.0,5.5,2024,14
Michael Mayer,TE,1.9,13.8,2024,14
Trent Sherfield,WR,1.9,0.0,2024,14
Jamaal Williams,RB,1.8,3.5,2024,14
Payne Durham,TE,1.8,0.0,2024,14
Ben Sims,TE,1.8,1.2,2024,14
Ty Chandler,RB,1.7,0.0,2024,14
Cedrick Wilson Jr.,WR,1.7,2.8,2024,14
Tip Reiman,TE,1.6,2.4,2024,14
Pharaoh Brown,TE,1.6,1.6,2024,14
Zay Jones,WR,1.5,2.3,2024,14
Malik Washington,WR,1.5,0.0,2024,14
Jeremy Ruckert,TE,1.5,0.0,2024,14
Ryan Miller,WR,1.4,0.0,2024,14
Trey Palmer,WR,1.3,0.0,2024,14
Brevyn Spann-Ford,TE,1.3,0.0,2024,14
Kenny Yeboah,TE,1.2,0.0,2024,14
Jalen Reagor,WR,1.2,1.4,2024,14
Julian Hill,TE,1.2,2.4,2024,14
Odell Beckham Jr.,WR,1.2,1.1,2024,14
Eric Saubert,TE,1.2,1.4,2024,14
Pierre Strong,RB,1.2,2.9,2024,14
Khalil Herbert,RB,1.1,2.1,2024,14
Mike Woods,WR,1.1,2.2,2024,14
Tucker Fisk,TE,1.1,1.0,2024,14
Hunter Luepke,RB,1.1,1.5,2024,14
Johnny Wilson,WR,1.0,0.0,2024,14
Scott Miller,WR,1.0,6.8,2024,14
Will Shipley,RB,1.0,0.0,2024,14
Xavier Gipson,WR,0.9,0.0,2024,14
Derius Davis,WR,0.9,2.1,2024,14
Charlie Woerner,TE,0.8,2.1,2024,14
Jonathan Mingo,WR,0.8,0.0,2024,14
Blake Whiteheart,TE,0.8,0.0,2024,14
Bryce Oliver,WR,0.8,2.6,2024,14
Stone Smartt,TE,0.8,8.4,2024,14
Ryan Flournoy,WR,0.7,0.0,2024,14
Ben Skowronek,WR,0.7,0.0,2024,14
Devin Duvernay,WR,0.7,3.1,2024,14
Deven Thompkins,WR,0.6,1.7,2024,14
Durham Smythe,TE,0.6,0.0,2024,14
Dee Eskridge,WR,0.5,0.0,2024,14
Hunter Long,TE,0.5,6.0,2024,14
Dante Pettis,WR,0.4,0.0,2024,14
Ramel Keyton,WR,0.4,0.0,2024,14
DeAndre Carter,WR,0.4,0.0,2024,14
Jacob Cowing,WR,0.3,0.0,2024,14
Patrick Taylor,RB,0.3,8.5,2024,14
Isaiah Williams,WR,0.3,0.0,2024,14
Daniel Bellinger,TE,0.2,9.5,2024,14
Josiah Deguara,TE,0.2,0.0,2024,14
Raheem Blackshear,RB,0.2,0.0,2024,14
DeeJay Dallas,RB,0.2,0.0,2024,14
Mason Kinsey,WR,0.1,0.0,2024,14
Jaelon Darden,WR,0.1,0.0,2024,14
James Proche,WR,0.1,3.8,2024,14
Collin Johnson,WR,0.1,1.6,2024,14
Kenny McIntosh,RB,0.1,6.5,2024,14
Zach Pascal,WR,0.1,0.0,2024,14
Jalen Virgil,WR,0.1,0.0,2024,14
Kadarius Toney,WR,0.1,0.0,2024,14
Xavier Smith,WR,0.1,0.0,2024,14
Travis Homer,RB,0.1,4.1,2024,14
Brandon Allen,QB,0.0,-2.0,2024,14
Bryce Ford-Wheaton,WR,0.0,0.0,2024,14
Ihmir Smith-Marsette,WR,0.0,0.0,2024,14
Maurice Alexander,WR,0.0,0.0,2024,14
Avery Williams,RB,0.0,0.0,2024,14
Dallin Holker,TE,0.0,2.0,2024,14
Nick Mullens,QB,0.0,-0.2,2024,14
Jake Haener,QB,0.0,-0.1,2024,14
Terrace Marshall Jr.,WR,0.0,1.6,2024,14
Dareke Young,WR,0.0,0.0,2024,14
Kene Nwangwu,RB,0.0,0.0,2024,14
Desmond Ridder,QB,0.0,4.34,2024,14
Mac Jones,QB,0.0,5.1,2024,14
Drew Lock,QB,0.0,14.98,2024,14
Josh Allen,QB,0.0,51.88,2024,14
Brock Purdy,QB,0.0,22.1,2024,14
Aidan O'Connell,QB,0.0,6.76,2024,14
Josh Allen,QB,28.2,41.28,2024,15
Lamar Jackson,QB,23.9,36.1,2024,15
Saquon Barkley,RB,23.5,9.4,2024,15
Brock Purdy,QB,22.6,3.98,2024,15
Bijan Robinson,RB,22.3,14.5,2024,15
Jayden Daniels,QB,22.0,23.64,2024,15
De'Von Achane,RB,20.8,14.6,2024,15
Justin Herbert,QB,20.1,13.8,2024,15
Joe Burrow,QB,20.0,16.84,2024,15
Ja'Marr Chase,WR,20.0,18.4,2024,15
Jalen Hurts,QB,19.7,28.1,2024,15
Derrick Henry,RB,19.7,6.7,2024,15
Sam Darnold,QB,18.1,11.24,2024,15
Patrick Mahomes,QB,18.0,15.76,2024,15
Baker Mayfield,QB,17.8,28.02,2024,15
Caleb Williams,QB,17.6,9.94,2024,15
Tua Tagovailoa,QB,17.4,3.84,2024,15
Kyler Murray,QB,17.0,10.06,2024,15
Jahmyr Gibbs,RB,16.6,28.4,2024,15
Jameis Winston,QB,16.6,-0.36,2024,15
Geno Smith,QB,16.6,4.46,2024,15
Bo Nix,QB,16.5,13.5,2024,15
Josh Jacobs,RB,16.4,21.6,2024,15
Breece Hall,RB,16.4,13.1,2024,15
Jared Goff,QB,16.4,41.06,2024,15
Kyren Williams,RB,16.3,13.2,2024,15
Drake Maye,QB,16.1,17.48,2024,15
Amon-Ra St. Brown,WR,16.0,37.3,2024,15
Anthony Richardson,QB,15.7,14.38,2024,15
Jordan Love,QB,15.7,17.56,2024,15
Chuba Hubbard,RB,15.6,8.9,2024,15
Rico Dowdle,RB,15.4,14.9,2024,15
James Conner,RB,15.3,30.8,2024,15
Jonathan Taylor,RB,15.3,10.1,2024,15
Joe Mixon,RB,15.3,10.6,2024,15
David Montgomery,RB,15.2,7.5,2024,15
Bryce Young,QB,15.2,11.96,2024,15
James Cook,RB,14.7,26.3,2024,15
Aaron Rodgers,QB,14.7,30.06,2024,15
Jaxon Smith-Njigba,WR,14.5,18.3,2024,15
Russell Wilson,QB,14.4,8.42,2024,15
Trey McBride,TE,14.2,17.7,2024,15
Alvin Kamara,RB,14.1,17.0,2024,15
Matthew Stafford,QB,14.1,8.2,2024,15
Courtland Sutton,WR,14.0,12.2,2024,15
Rhamondre Stevenson,RB,14.0,9.5,2024,15
C.J. Stroud,QB,13.9,11.64,2024,15
Cooper Rush,QB,13.8,19.06,2024,15
Terry McLaurin,WR,13.8,26.3,2024,15
Aaron Jones,RB,13.7,18.6,2024,15
Tyrone Tracy Jr.,RB,13.7,4.5,2024,15
Justin Jefferson,WR,13.6,20.3,2024,15
DJ Moore,WR,13.6,15.0,2024,15
Jerry Jeudy,WR,13.3,21.8,2024,15
Ladd McConkey,WR,13.3,16.8,2024,15
Kirk Cousins,QB,13.2,6.48,2024,15
Puka Nacua,WR,13.2,17.8,2024,15
Keenan Allen,WR,12.9,20.2,2024,15
Davante Adams,WR,12.9,42.8,2024,15
Brian Robinson,RB,12.8,11.7,2024,15
Javonte Williams,RB,12.7,4.3,2024,15
Isiah Pacheco,RB,12.7,5.7,2024,15
D'Andre Swift,RB,12.6,9.9,2024,15
Tyreek Hill,WR,12.5,5.6,2024,15
Tony Pollard,RB,12.5,8.5,2024,15
Adam Thielen,WR,12.4,10.1,2024,15
Jakobi Meyers,WR,12.4,10.9,2024,15
Jordan Addison,WR,12.3,13.3,2024,15
Jauan Jennings,WR,12.3,5.1,2024,15
CeeDee Lamb,WR,12.2,26.6,2024,15
Chase Brown,RB,12.1,26.3,2024,15
Bucky Irving,RB,12.0,13.3,2024,15
Rachaad White,RB,11.9,14.1,2024,15
Mark Andrews,TE,11.7,10.4,2024,15
George Kittle,TE,11.7,10.1,2024,15
Garrett Wilson,WR,11.5,14.6,2024,15
Mike Evans,WR,11.5,36.9,2024,15
Cooper Kupp,WR,11.5,0.0,2024,15
Khalil Shakir,WR,11.5,15.9,2024,15
DK Metcalf,WR,11.5,5.8,2024,15
Will Levis,QB,11.4,-4.44,2024,15
Nico Collins,WR,11.4,17.7,2024,15
Tee Higgins,WR,11.3,19.8,2024,15
Drake London,WR,10.7,14.3,2024,15
A.J. Brown,WR,10.6,25.0,2024,15
Marvin Harrison Jr.,WR,10.5,5.2,2024,15
Zay Flowers,WR,10.4,11.3,2024,15
Kareem Hunt,RB,10.3,5.9,2024,15
Najee Harris,RB,10.3,3.1,2024,15
Zach Charbonnet,RB,10.1,13.6,2024,15
Nick Chubb,RB,9.9,2.1,2024,15
Rome Odunze,WR,9.8,5.9,2024,15
Alexander Mattison,RB,9.6,2.4,2024,15
Zach Ertz,TE,9.6,4.5,2024,15
Jameson Williams,WR,9.6,12.7,2024,15
Jaylen Waddle,WR,9.6,0.0,2024,15
Brock Bowers,TE,9.5,6.5,2024,15
Travis Kelce,TE,9.3,6.7,2024,15
Darnell Mooney,WR,9.2,0.0,2024,15
Malik Nabers,WR,9.1,24.2,2024,15
Sam LaPorta,TE,8.9,18.1,2024,15
Isaiah Likely,TE,8.8,3.7,2024,15
T.J. Hockenson,TE,8.8,10.2,2024,15
Hunter Henry,TE,8.7,6.5,2024,15
Rashod Bateman,WR,8.6,23.0,2024,15
Josh Downs,WR,8.5,6.2,2024,15
Jonnu Smith,TE,8.5,19.8,2024,15
Calvin Ridley,WR,8.5,9.0,2024,15
Jaylen Warren,RB,8.4,2.5,2024,15
Sincere McCormick,RB,8.4,4.5,2024,15
DeAndre Hopkins,WR,8.3,8.6,2024,15
DeVonta Smith,WR,8.2,28.0,2024,15
Tank Dell,WR,8.2,6.1,2024,15
Xavier Legette,WR,8.2,2.9,2024,15
Jerome Ford,RB,8.0,18.4,2024,15
Chris Rodriguez Jr.,RB,7.8,0.2,2024,15
Michael Wilson,WR,7.8,2.9,2024,15
Justice Hill,RB,7.8,17.8,2024,15
Deebo Samuel Sr.,WR,7.7,4.9,2024,15
Keon Coleman,WR,7.7,7.4,2024,15
Quentin Johnston,WR,7.7,15.5,2024,15
Michael Pittman,WR,7.6,9.8,2024,15
Tim Patrick,WR,7.6,13.0,2024,15
Nick Westbrook-Ikhine,WR,7.6,2.9,2024,15
DeMario Douglas,WR,7.5,10.1,2024,15
Elijah Moore,WR,7.4,1.9,2024,15
Jaleel McLaughlin,RB,7.3,6.4,2024,15
Tucker Kraft,TE,7.3,5.4,2024,15
Dalton Kincaid,TE,7.2,9.3,2024,15
Ray-Ray McCloud,WR,7.1,2.4,2024,15
Christian Watson,WR,7.1,8.6,2024,15
Jayden Reed,WR,7.0,11.1,2024,15
Josh Palmer,WR,7.0,3.0,2024,15
Romeo Doubs,WR,6.9,19.0,2024,15
Gus Edwards,RB,6.8,2.3,2024,15
Kendrick Bourne,WR,6.8,7.4,2024,15
Noah Fant,TE,6.7,4.5,2024,15
Pat Freiermuth,TE,6.7,11.2,2024,15
Isaac Guerendo,RB,6.7,11.5,2024,15
Allen Lazard,WR,6.7,0.0,2024,15
Cole Kmet,TE,6.7,2.4,2024,15
Jake Ferguson,TE,6.6,4.3,2024,15
Jalen Coker,WR,6.6,21.0,2024,15
Jalen McMillan,WR,6.6,18.5,2024,15
Demarcus Robinson,WR,6.5,0.0,2024,15
Travis Etienne,RB,6.5,12.5,2024,15
Xavier Worthy,WR,6.5,19.6,2024,15
Cade Otton,TE,6.5,4.4,2024,15
Tyler Allgeier,RB,6.5,4.3,2024,15
Ty Johnson,RB,6.5,17.3,2024,15
Tre Tucker,WR,6.4,3.8,2024,15
Ray Davis,RB,6.4,10.9,2024,15
Ja'Tavion Sanders,TE,6.4,0.0,2024,15
Tyler Lockett,WR,6.3,3.2,2024,15
Mac Jones,QB,6.3,18.66,2024,15
Devaughn Vele,WR,6.1,0.0,2024,15
Alec Pierce,WR,6.0,0.0,2024,15
Braelon Allen,RB,6.0,0.5,2024,15
David Moore,WR,6.0,3.9,2024,15
Austin Hooper,TE,6.0,6.8,2024,15
Tank Bigsby,RB,5.9,4.2,2024,15
Mike Gesicki,TE,5.9,6.7,2024,15
Noah Gray,TE,5.8,10.1,2024,15
Mack Hollins,WR,5.8,1.7,2024,15
Josh Oliver,TE,5.7,0.0,2024,15
Brian Thomas Jr.,WR,5.6,32.5,2024,15
Andrei Iosivas,WR,5.6,1.5,2024,15
AJ Barner,TE,5.6,1.5,2024,15
Kyle Pitts,TE,5.5,6.8,2024,15
Dalton Schultz,TE,5.4,3.3,2024,15
Isaiah Davis,RB,5.4,3.6,2024,15
Cam Akers,RB,5.3,8.4,2024,15
Kendre Miller,RB,5.2,4.6,2024,15
Wan'Dale Robinson,WR,5.1,7.8,2024,15
Curtis Samuel,WR,5.1,1.1,2024,15
Sterling Shepard,WR,5.0,2.6,2024,15
Tommy Tremble,TE,5.0,3.5,2024,15
Brandin Cooks,WR,5.0,6.4,2024,15
Antonio Gibson,RB,4.9,8.4,2024,15
Chris Brooks,RB,4.9,2.5,2024,15
Kenny Gainwell,RB,4.9,9.0,2024,15
Kimani Vidal,RB,4.9,4.2,2024,15
Marquez Valdes-Scantling,WR,4.8,8.8,2024,15
Jalen Tolbert,WR,4.8,8.1,2024,15
Ameer Abdullah,RB,4.7,19.6,2024,15
Juwan Johnson,TE,4.7,3.2,2024,15
Raheem Mostert,RB,4.6,5.1,2024,15
Dontayvion Wicks,WR,4.5,3.4,2024,15
Marvin Mims Jr.,WR,4.5,6.0,2024,15
Kayshon Boutte,WR,4.3,3.9,2024,15
Lil'Jordan Humphrey,WR,4.3,0.0,2024,15
Darius Slayton,WR,4.2,2.6,2024,15
Ricky Pearsall,WR,4.1,2.6,2024,15
Chig Okonkwo,TE,4.1,13.9,2024,15
Audric Estimé,RB,4.1,2.8,2024,15
Devin Singletary,RB,4.1,13.1,2024,15
Tutu Atwell,WR,4.0,1.6,2024,15
Tyler Boyd,WR,4.0,5.9,2024,15
Tyjae Spears,RB,4.0,27.2,2024,15
Dawson Knox,TE,4.0,6.2,2024,15
Troy Franklin,WR,3.9,2.9,2024,15
Justin Watson,WR,3.9,0.0,2024,15
Luke Schoonmaker,TE,3.9,0.0,2024,15
Samaje Perine,RB,3.8,4.4,2024,15
Mike Williams,WR,3.7,2.5,2024,15
Scott Miller,WR,3.6,0.0,2024,15
Calvin Austin III,WR,3.6,11.5,2024,15
Elijah Higgins,TE,3.6,1.5,2024,15
Ezekiel Elliott,RB,3.5,5.1,2024,15
Dyami Brown,WR,3.5,6.0,2024,15
Grant Calcaterra,TE,3.5,3.2,2024,15
Nelson Agholor,WR,3.5,3.6,2024,15
Trey Benson,RB,3.5,2.2,2024,15
KaVontae Turpin,WR,3.3,2.7,2024,15
Adonai Mitchell,WR,3.3,-3.0,2024,15
Michael Mayer,TE,3.2,2.1,2024,15
Jalen Nailor,WR,3.2,1.5,2024,15
Drew Sample,TE,3.1,1.8,2024,15
JaMycal Hasty,RB,3.1,0.0,2024,15
Van Jefferson,WR,3.1,1.0,2024,15
Tanner Hudson,TE,3.0,1.9,2024,15
Emanuel Wilson,RB,3.0,0.9,2024,15
Johnny Mundt,TE,3.0,0.0,2024,15
Sean Tucker,RB,3.0,1.7,2024,15
Tylan Wallace,WR,2.8,1.8,2024,15
Grant DuBose,WR,2.8,0.8,2024,15
Blake Corum,RB,2.8,4.0,2024,15
Jordan Akins,TE,2.8,6.0,2024,15
Parker Washington,WR,2.8,8.4,2024,15
Greg Dortch,WR,2.7,9.6,2024,15
Olamide Zaccheaus,WR,2.7,6.6,2024,15
Lucas Krull,TE,2.7,2.8,2024,15
Jeremy McNichols,RB,2.7,1.4,2024,15
Jake Bobo,WR,2.6,1.8,2024,15
Colby Parkinson,TE,2.6,4.1,2024,15
Foster Moreau,TE,2.6,13.9,2024,15
Trey Sermon,RB,2.4,3.2,2024,15
Cordarrelle Patterson,RB,2.4,1.8,2024,15
Jaylen Wright,RB,2.4,0.3,2024,15
Davis Allen,TE,2.4,0.0,2024,15
KhaDarel Hodge,WR,2.3,0.0,2024,15
JuJu Smith-Schuster,WR,2.3,7.7,2024,15
Jalen Brooks,WR,2.3,8.7,2024,15
Tyler Goodson,RB,2.2,0.3,2024,15
John Metchie III,WR,2.2,3.7,2024,15
Ross Dwelley,TE,2.2,0.0,2024,15
Zay Jones,WR,2.2,1.3,2024,15
Ben Sinnott,TE,2.1,1.7,2024,15
Adam Trautman,TE,2.1,10.0,2024,15
Tip Reiman,TE,2.1,2.8,2024,15
Nick Vannett,TE,2.1,1.7,2024,15
Stone Smartt,TE,2.1,8.0,2024,15
Ja'Lynn Polk,WR,2.0,0.0,2024,15
Jermaine Burton,WR,2.0,0.0,2024,15
Greg Dulcich,TE,2.0,0.0,2024,15
Jahan Dotson,WR,2.0,0.0,2024,15
Nate Adkins,TE,1.9,8.5,2024,15
Jamari Thrash,WR,1.9,0.0,2024,15
Quintin Morris,TE,1.8,0.0,2024,15
Josh Whyle,TE,1.8,14.7,2024,15
Jamaal Williams,RB,1.8,0.0,2024,15
Malik Washington,WR,1.8,10.2,2024,15
Craig Reynolds,RB,1.8,0.0,2024,15
John Bates,TE,1.7,1.6,2024,15
Josh Reynolds,WR,1.7,0.0,2024,15
Brenton Strange,TE,1.7,18.3,2024,15
Luke McCaffrey,WR,1.7,1.0,2024,15
Cedrick Wilson Jr.,WR,1.6,4.84,2024,15
Brevyn Spann-Ford,TE,1.5,1.2,2024,15
Daniel Bellinger,TE,1.5,6.5,2024,15
Jeremy Ruckert,TE,1.5,2.2,2024,15
Kenny McIntosh,RB,1.4,0.9,2024,15
Pierre Strong,RB,1.3,0.0,2024,15
Kylen Granson,TE,1.3,7.7,2024,15
Kevin Austin Jr.,WR,1.3,1.8,2024,15
Eric Saubert,TE,1.2,0.0,2024,15
Dare Ogunbowale,RB,1.2,3.5,2024,15
Tucker Fisk,TE,1.2,1.7,2024,15
Jordan Whittington,WR,1.2,0.0,2024,15
Derius Davis,WR,1.2,0.0,2024,15
Hunter Luepke,RB,1.2,0.0,2024,15
Robert Woods,WR,1.1,3.2,2024,15
Mike Woods,WR,1.1,2.7,2024,15
Ryan Miller,WR,1.1,1.1,2024,15
Trey Palmer,WR,1.1,0.0,2024,15
Travis Homer,RB,1.1,0.7,2024,15
Trent Sherfield,WR,1.0,1.6,2024,15
James Proche,WR,1.0,0.0,2024,15
Khalil Herbert,RB,1.0,0.4,2024,15
Xavier Gipson,WR,1.0,0.0,2024,15
Deven Thompkins,WR,0.9,0.0,2024,15
Charlie Woerner,TE,0.9,2.7,2024,15
Ty Chandler,RB,0.9,0.4,2024,15
Johnny Wilson,WR,0.8,0.0,2024,15
Bryce Oliver,WR,0.8,1.8,2024,15
Mike Boone,RB,0.8,1.4,2024,15
Xavier Hutchinson,WR,0.8,2.3,2024,15
Blake Whiteheart,TE,0.7,0.0,2024,15
Devin Duvernay,WR,0.6,7.2,2024,15
George Holani,RB,0.6,1.0,2024,15
Brandon Powell,WR,0.6,2.2,2024,15
Will Mallory,TE,0.6,0.0,2024,15
Sione Vaki,RB,0.6,0.0,2024,15
Ben Skowronek,WR,0.5,2.7,2024,15
Allen Robinson,WR,0.5,0.0,2024,15
Durham Smythe,TE,0.5,1.8,2024,15
River Cracraft,WR,0.4,1.6,2024,15
DJ Chark,WR,0.4,3.6,2024,15
Jamison Crowder,WR,0.4,5.7,2024,15
Jaheim Bell,TE,0.4,0.0,2024,15
Hunter Long,TE,0.4,3.7,2024,15
Dante Pettis,WR,0.3,4.4,2024,15
Jacob Cowing,WR,0.3,0.0,2024,15
Terrace Marshall Jr.,WR,0.3,1.7,2024,15
Isaiah Williams,WR,0.2,0.0,2024,15
DeeJay Dallas,RB,0.2,1.5,2024,15
Cam Grandy,TE,0.2,3.2,2024,15
Dylan Laube,RB,0.1,0.0,2024,15
Xavier Smith,WR,0.1,0.0,2024,15
Jaelon Darden,WR,0.1,0.0,2024,15
Dareke Young,WR,0.0,0.0,2024,15
Rasheen Ali,RB,0.0,3.2,2024,15
Mason Rudolph,QB,0.0,15.76,2024,15
Avery Williams,RB,0.0,0.0,2024,15
Ihmir Smith-Marsette,WR,0.0,0.0,2024,15
Anthony Gould,WR,0.0,3.3,2024,15
Mason Kinsey,WR,0.0,2.1,2024,15
Jake Haener,QB,0.0,0.66,2024,15
Josh Johnson,QB,0.0,-0.1,2024,15
Nikko Remigio,WR,0.0,0.0,2024,15
Dorian Thompson-Robinson,QB,0.0,0.32,2024,15
Desmond Ridder,QB,0.0,11.12,2024,15
Devontez Walker,WR,0.0,9.1,2024,15
Tommy DeVito,QB,0.0,2.72,2024,15
Tyson Bagent,QB,0.0,0.2,2024,15
Brayden Willis,TE,0.0,0.0,2024,15
Spencer Rattler,QB,0.0,9.4,2024,15
Justin Fields,QB,0.0,0.8,2024,15
Josh Allen,QB,29.8,11.16,2024,16
Ja'Marr Chase,WR,27.4,22.4,2024,16
Joe Burrow,QB,27.1,21.98,2024,16
Lamar Jackson,QB,25.5,20.48,2024,16
Bijan Robinson,RB,24.6,24.3,2024,16
Jalen Hurts,QB,24.5,4.54,2024,16
Saquon Barkley,RB,22.8,27.0,2024,16
Baker Mayfield,QB,22.5,22.32,2024,16
James Conner,RB,22.2,26.6,2024,16
Josh Jacobs,RB,20.6,20.7,2024,16
De'Von Achane,RB,19.6,31.0,2024,16
Jared Goff,QB,19.1,25.34,2024,16
Jordan Love,QB,18.7,11.48,2024,16
Chase Brown,RB,18.3,13.9,2024,16
Aaron Rodgers,QB,18.3,12.84,2024,16
Kyler Murray,QB,18.1,20.38,2024,16
Jayden Daniels,QB,17.9,34.42,2024,16
Cooper Rush,QB,17.8,15.28,2024,16
Breece Hall,RB,17.6,14.0,2024,16
Davante Adams,WR,17.5,19.8,2024,16
Jahmyr Gibbs,RB,17.4,25.4,2024,16
Caleb Williams,QB,17.4,22.76,2024,16
Tee Higgins,WR,17.1,19.8,2024,16
Sam Darnold,QB,16.8,22.94,2024,16
Jaxon Smith-Njigba,WR,16.7,24.0,2024,16
Trey McBride,TE,16.6,5.0,2024,16
Justin Herbert,QB,16.6,22.16,2024,16
Amon-Ra St. Brown,WR,16.6,19.0,2024,16
Bo Nix,QB,16.3,21.02,2024,16
Geno Smith,QB,16.2,21.36,2024,16
James Cook,RB,16.0,27.6,2024,16
Patrick Mahomes,QB,15.6,23.7,2024,16
Mike Evans,WR,15.6,11.9,2024,16
Kyren Williams,RB,15.2,19.9,2024,16
Derrick Henry,RB,15.2,20.9,2024,16
Justin Jefferson,WR,15.1,36.4,2024,16
CeeDee Lamb,WR,14.9,17.5,2024,16
Anthony Richardson,QB,14.7,20.24,2024,16
Russell Wilson,QB,14.6,15.38,2024,16
Joe Mixon,RB,14.4,8.1,2024,16
Rachaad White,RB,14.3,11.0,2024,16
Tyrone Tracy Jr.,RB,13.8,16.9,2024,16
Chuba Hubbard,RB,13.8,32.5,2024,16
Bucky Irving,RB,13.8,18.2,2024,16
Tua Tagovailoa,QB,13.6,12.5,2024,16
Brock Purdy,QB,13.6,21.12,2024,16
Courtland Sutton,WR,13.6,10.0,2024,16
Aaron Jones,RB,13.6,12.3,2024,16
Jordan Addison,WR,13.5,14.5,2024,16
Bryce Young,QB,13.5,27.12,2024,16
D'Andre Swift,RB,13.3,8.3,2024,16
Jonathan Taylor,RB,13.2,39.8,2024,16
Drake Maye,QB,13.2,17.44,2024,16
Rico Dowdle,RB,13.1,8.1,2024,16
C.J. Stroud,QB,13.1,16.06,2024,16
Tony Pollard,RB,13.1,8.0,2024,16
Matthew Stafford,QB,12.8,6.0,2024,16
A.J. Brown,WR,12.8,23.7,2024,16
Garrett Wilson,WR,12.8,11.4,2024,16
Kenneth Walker III,RB,12.6,13.9,2024,16
Puka Nacua,WR,12.6,13.6,2024,16
Drew Lock,QB,12.4,6.5,2024,16
DK Metcalf,WR,12.4,14.7,2024,16
Malik Nabers,WR,11.9,13.8,2024,16
Jerry Jeudy,WR,11.8,4.0,2024,16
Keenan Allen,WR,11.8,29.1,2024,16
Sam LaPorta,TE,11.8,14.3,2024,16
Drake London,WR,11.6,10.9,2024,16
Marvin Harrison Jr.,WR,11.3,7.9,2024,16
DeVonta Smith,WR,11.0,11.1,2024,16
Rhamondre Stevenson,RB,11.0,12.3,2024,16
Ladd McConkey,WR,10.9,14.7,2024,16
Terry McLaurin,WR,10.9,17.0,2024,16
Khalil Shakir,WR,10.9,4.2,2024,16
DJ Moore,WR,10.9,14.0,2024,16
Nico Collins,WR,10.8,13.0,2024,16
Mark Andrews,TE,10.8,13.8,2024,16
Tyreek Hill,WR,10.8,11.9,2024,16
Najee Harris,RB,10.8,4.2,2024,16
Zay Flowers,WR,10.7,15.3,2024,16
Rashod Bateman,WR,10.6,8.4,2024,16
Zach Charbonnet,RB,10.5,3.3,2024,16
Javonte Williams,RB,10.4,12.3,2024,16
Jakobi Meyers,WR,10.2,6.1,2024,16
Adam Thielen,WR,9.8,15.3,2024,16
David Njoku,TE,9.8,14.6,2024,16
Cooper Kupp,WR,9.6,5.4,2024,16
Romeo Doubs,WR,9.5,4.0,2024,16
Brian Robinson,RB,9.4,2.1,2024,16
Brock Bowers,TE,9.3,20.9,2024,16
Jonnu Smith,TE,9.3,12.2,2024,16
Mac Jones,QB,9.3,13.88,2024,16
Jerome Ford,RB,9.1,24.1,2024,16
Jameson Williams,WR,9.1,26.0,2024,16
Dalton Kincaid,TE,9.1,5.5,2024,16
George Kittle,TE,9.0,18.6,2024,16
Calvin Ridley,WR,8.8,16.8,2024,16
Jalen McMillan,WR,8.7,16.7,2024,16
Brian Thomas Jr.,WR,8.7,28.2,2024,16
Jaylen Warren,RB,8.6,14.2,2024,16
Isiah Pacheco,RB,8.6,3.5,2024,16
Travis Etienne,RB,8.4,5.7,2024,16
Christian Watson,WR,8.3,2.3,2024,16
Michael Wilson,WR,8.3,6.4,2024,16
T.J. Hockenson,TE,8.3,4.7,2024,16
Darnell Mooney,WR,8.3,13.2,2024,16
Jalen Coker,WR,8.2,2.8,2024,16
Amari Cooper,WR,8.1,2.0,2024,16
Jayden Reed,WR,8.1,11.1,2024,16
Michael Pittman,WR,8.0,3.9,2024,16
Justice Hill,RB,7.9,3.0,2024,16
Tim Patrick,WR,7.9,0.0,2024,16
Tyjae Spears,RB,7.9,21.6,2024,16
Keon Coleman,WR,7.9,2.7,2024,16
Mike Gesicki,TE,7.8,3.4,2024,16
Tank Dell,WR,7.8,21.8,2024,16
Ty Johnson,RB,7.8,3.0,2024,16
Ray-Ray McCloud,WR,7.8,5.7,2024,16
DeMario Douglas,WR,7.8,7.9,2024,16
Jauan Jennings,WR,7.7,9.1,2024,16
Tucker Kraft,TE,7.7,9.5,2024,16
Isaiah Likely,TE,7.7,11.9,2024,16
Kareem Hunt,RB,7.7,15.9,2024,16
Zach Ertz,TE,7.6,2.2,2024,16
Rome Odunze,WR,7.5,9.7,2024,16
Josh Downs,WR,7.4,15.1,2024,16
Ray Davis,RB,7.3,3.9,2024,16
Quentin Johnston,WR,7.3,4.8,2024,16
Travis Kelce,TE,7.1,8.0,2024,16
Tyler Allgeier,RB,7.0,4.1,2024,16
Nick Westbrook-Ikhine,WR,7.0,9.7,2024,16
Andrei Iosivas,WR,6.9,14.3,2024,16
Tyler Lockett,WR,6.7,3.9,2024,16
Jake Ferguson,TE,6.7,10.0,2024,16
Alexander Mattison,RB,6.5,15.6,2024,16
Pat Freiermuth,TE,6.4,4.6,2024,16
Hunter Henry,TE,6.4,13.9,2024,16
Devin Singletary,RB,6.3,1.2,2024,16
Roschon Johnson,RB,6.1,0.3,2024,16
Gus Edwards,RB,6.0,20.1,2024,16
Brandin Cooks,WR,5.9,7.8,2024,16
Josh Palmer,WR,5.8,9.1,2024,16
Kendrick Bourne,WR,5.8,3.8,2024,16
Tank Bigsby,RB,5.8,10.1,2024,16
Wan'Dale Robinson,WR,5.8,13.2,2024,16
Isaiah Davis,RB,5.7,1.2,2024,16
Xavier Worthy,WR,5.6,20.5,2024,16
Mack Hollins,WR,5.6,4.5,2024,16
Devaughn Vele,WR,5.6,10.1,2024,16
Elijah Moore,WR,5.6,4.1,2024,16
Noah Fant,TE,5.6,8.0,2024,16
Chig Okonkwo,TE,5.5,19.1,2024,16
Chris Brooks,RB,5.5,9.5,2024,16
Dawson Knox,TE,5.5,4.2,2024,16
Braelon Allen,RB,5.5,2.0,2024,16
DeAndre Hopkins,WR,5.5,7.7,2024,16
Jalen Tolbert,WR,5.3,10.0,2024,16
Allen Lazard,WR,5.3,4.0,2024,16
Kendre Miller,RB,5.3,5.1,2024,16
Kimani Vidal,RB,5.2,2.4,2024,16
Kyle Pitts,TE,5.2,1.7,2024,16
Kenny Gainwell,RB,5.2,2.3,2024,16
Dontayvion Wicks,WR,5.1,10.3,2024,16
Calvin Austin III,WR,5.1,10.5,2024,16
Demarcus Robinson,WR,5.0,0.0,2024,16
Tre Tucker,WR,5.0,5.3,2024,16
Noah Gray,TE,5.0,2.0,2024,16
Cole Kmet,TE,5.0,8.9,2024,16
Deebo Samuel Sr.,WR,5.0,25.1,2024,16
Raheem Mostert,RB,4.9,6.6,2024,16
Cam Akers,RB,4.9,0.3,2024,16
Dalton Schultz,TE,4.9,15.5,2024,16
Tyler Conklin,TE,4.9,10.9,2024,16
Ameer Abdullah,RB,4.7,19.5,2024,16
Marvin Mims Jr.,WR,4.6,9.5,2024,16
Antonio Gibson,RB,4.6,5.6,2024,16
Darius Slayton,WR,4.5,3.7,2024,16
David Moore,WR,4.5,11.9,2024,16
Austin Hooper,TE,4.4,9.5,2024,16
Josh Oliver,TE,4.3,0.0,2024,16
AJ Barner,TE,4.3,9.3,2024,16
Sterling Shepard,WR,4.2,4.4,2024,16
Tyler Boyd,WR,4.1,4.0,2024,16
Greg Dortch,WR,4.0,3.7,2024,16
Tommy Tremble,TE,4.0,6.2,2024,16
Juwan Johnson,TE,4.0,4.7,2024,16
Brenton Strange,TE,3.9,2.2,2024,16
Troy Franklin,WR,3.9,4.5,2024,16
Drew Sample,TE,3.8,2.2,2024,16
Chris Rodriguez Jr.,RB,3.8,0.5,2024,16
Parker Washington,WR,3.7,11.4,2024,16
Kayshon Boutte,WR,3.6,20.5,2024,16
Elijah Higgins,TE,3.6,0.0,2024,16
Tutu Atwell,WR,3.6,2.2,2024,16
Luke Schoonmaker,TE,3.5,1.3,2024,16
Samaje Perine,RB,3.5,8.0,2024,16
Sean Tucker,RB,3.3,0.0,2024,16
Emanuel Wilson,RB,3.3,12.6,2024,16
D'Onta Foreman,RB,3.3,-1.9,2024,16
KaVontae Turpin,WR,3.2,2.8,2024,16
Ezekiel Elliott,RB,3.2,6.1,2024,16
Audric Estimé,RB,3.2,10.8,2024,16
Foster Moreau,TE,3.1,5.3,2024,16
Van Jefferson,WR,3.1,4.7,2024,16
Jalen Nailor,WR,3.1,1.5,2024,16
Michael Mayer,TE,3.0,0.0,2024,16
JuJu Smith-Schuster,WR,3.0,0.0,2024,16
Jordan Akins,TE,2.9,1.8,2024,16
Blake Corum,RB,2.9,1.4,2024,16
Jeff Wilson,RB,2.9,1.2,2024,16
Dyami Brown,WR,2.8,7.6,2024,16
Ricky Pearsall,WR,2.8,7.7,2024,16
Mike Williams,WR,2.7,5.4,2024,16
Colby Parkinson,TE,2.7,0.0,2024,16
Mo Alie-Cox,TE,2.6,2.5,2024,16
Luke Musgrave,TE,2.6,0.0,2024,16
Stone Smartt,TE,2.6,6.7,2024,16
Justin Watson,WR,2.6,0.0,2024,16
Cordarrelle Patterson,RB,2.5,8.2,2024,16
Adam Trautman,TE,2.4,1.5,2024,16
Olamide Zaccheaus,WR,2.4,24.0,2024,16
Lucas Krull,TE,2.4,5.1,2024,16
Malik Washington,WR,2.4,5.8,2024,16
Mason Tipton,WR,2.2,0.0,2024,16
D'Ernest Johnson,RB,2.2,1.8,2024,16
Adonai Mitchell,WR,2.2,4.6,2024,16
Ross Dwelley,TE,2.1,0.0,2024,16
Quintin Morris,TE,2.1,0.0,2024,16
Jalin Hyatt,WR,2.0,1.9,2024,16
Daniel Bellinger,TE,2.0,1.5,2024,16
Rakim Jarrett,WR,2.0,1.6,2024,16
Trey Sermon,RB,2.0,2.5,2024,16
Nate Adkins,TE,2.0,3.8,2024,16
Hayden Hurst,TE,2.0,1.8,2024,16
Rasheen Ali,RB,1.9,0.2,2024,16
Patrick Taylor,RB,1.8,3.5,2024,16
Jeremy McNichols,RB,1.8,7.8,2024,16
Pharaoh Brown,TE,1.8,2.7,2024,16
Andrew Ogletree,TE,1.8,0.0,2024,16
Jeremy Ruckert,TE,1.7,3.2,2024,16
Dare Ogunbowale,RB,1.7,0.0,2024,16
Kenny McIntosh,RB,1.6,3.9,2024,16
Tyler Goodson,RB,1.5,2.2,2024,16
MyCole Pruitt,TE,1.5,7.1,2024,16
Gerald Everett,TE,1.5,1.6,2024,16
Brevyn Spann-Ford,TE,1.5,0.0,2024,16
Payne Durham,TE,1.4,7.9,2024,16
Jamison Crowder,WR,1.4,15.5,2024,16
Jamaal Williams,RB,1.4,0.8,2024,16
Jake Bobo,WR,1.4,1.6,2024,16
Jamari Thrash,WR,1.3,0.0,2024,16
Devin Duvernay,WR,1.3,1.3,2024,16
John Bates,TE,1.2,0.0,2024,16
Julian Hill,TE,1.2,0.0,2024,16
Hassan Haskins,RB,1.2,11.9,2024,16
Luke McCaffrey,WR,1.1,2.3,2024,16
Dameon Pierce,RB,1.1,0.4,2024,16
Craig Reynolds,RB,1.1,3.3,2024,16
Trent Sherfield,WR,1.1,0.0,2024,16
Hunter Luepke,RB,1.1,0.0,2024,16
C.J. Uzomah,TE,1.1,0.0,2024,16
Cedrick Wilson Jr.,WR,1.1,2.3,2024,16
Robert Woods,WR,1.1,4.9,2024,16
Kevin Austin Jr.,WR,1.1,2.7,2024,16
Jermaine Burton,WR,1.1,0.0,2024,16
Mike Woods,WR,1.0,0.0,2024,16
Kenny Yeboah,TE,1.0,0.0,2024,16
Jordan Mims,RB,1.0,8.2,2024,16
Charlie Woerner,TE,1.0,0.0,2024,16
Trey Palmer,WR,1.0,5.1,2024,16
Ryan Miller,WR,1.0,9.7,2024,16
Pierre Strong,RB,1.0,2.9,2024,16
Luke Farrell,TE,0.9,2.8,2024,16
Julius Chestnut,RB,0.9,0.0,2024,16
Mike Boone,RB,0.9,0.1,2024,16
Eric Gray,RB,0.9,1.2,2024,16
Josh Reynolds,WR,0.9,0.0,2024,16
Tucker Fisk,TE,0.9,2.0,2024,16
Derius Davis,WR,0.8,10.8,2024,16
Ty Chandler,RB,0.8,0.0,2024,16
Brandon Powell,WR,0.8,0.0,2024,16
Jordan Whittington,WR,0.8,0.0,2024,16
Hunter Long,TE,0.8,0.0,2024,16
Ben Skowronek,WR,0.8,4.5,2024,16
Xavier Hutchinson,WR,0.8,1.8,2024,16
Eric Saubert,TE,0.8,7.2,2024,16
Ryan Flournoy,WR,0.7,7.1,2024,16
Xavier Gipson,WR,0.7,0.0,2024,16
DeeJay Dallas,RB,0.7,7.1,2024,16
Patrick Ricard,RB,0.6,0.0,2024,16
Deven Thompkins,WR,0.6,0.9,2024,16
Durham Smythe,TE,0.6,1.5,2024,16
Anthony Gould,WR,0.6,0.0,2024,16
Dante Pettis,WR,0.6,5.1,2024,16
Terrace Marshall Jr.,WR,0.5,0.0,2024,16
Tyler Scott,WR,0.5,0.0,2024,16
James Proche,WR,0.5,0.0,2024,16
Sione Vaki,RB,0.5,4.0,2024,16
River Cracraft,WR,0.4,1.6,2024,16
Collin Johnson,WR,0.4,0.0,2024,16
Ashton Dulin,WR,0.3,0.0,2024,16
Mason Kinsey,WR,0.3,1.6,2024,16
Javon Baker,WR,0.3,0.0,2024,16
Dan Chisena,WR,0.2,3.3,2024,16
John Shenker,TE,0.2,0.0,2024,16
Jacob Cowing,WR,0.2,0.0,2024,16
Isaiah Williams,WR,0.2,0.0,2024,16
Tim Jones,WR,0.2,0.0,2024,16
Jaelon Darden,WR,0.1,0.0,2024,16
Josiah Deguara,TE,0.1,1.4,2024,16
Raheem Blackshear,RB,0.1,1.3,2024,16
Jalen Virgil,WR,0.1,0.0,2024,16
Tom Kennedy,WR,0.1,0.0,2024,16
David Martin-Robinson,TE,0.1,1.6,2024,16
Dorian Thompson-Robinson,QB,0.0,7.18,2024,16
Kenny Pickett,QB,0.0,9.02,2024,16
Dareke Young,WR,0.0,0.0,2024,16
Malik Willis,QB,0.0,1.16,2024,16
Michael Penix Jr.,QB,0.0,6.38,2024,16
Mason Rudolph,QB,0.0,14.38,2024,16
Brayden Willis,TE,0.0,0.0,2024,16
Nikko Remigio,WR,0.0,0.0,2024,16
Reggie Gilliam,RB,0.0,0.0,2024,16
Avery Williams,RB,0.0,0.0,2024,16
Spencer Rattler,QB,0.0,4.92,2024,16
Trayveon Williams,RB,0.0,0.0,2024,16
Ihmir Smith-Marsette,WR,0.0,0.0,2024,16
Aidan O'Connell,QB,0.0,11.48,2024,16
Jayden Daniels,QB,27.7,31.78,2024,17
De'Von Achane,RB,26.2,5.8,2024,17
Joe Burrow,QB,26.0,36.98,2024,17
Baker Mayfield,QB,24.4,34.56,2024,17
Lamar Jackson,QB,24.3,29.42,2024,17
Bijan Robinson,RB,23.8,24.8,2024,17
Ja'Marr Chase,WR,22.5,19.2,2024,17
Josh Allen,QB,21.9,22.98,2024,17
Josh Jacobs,RB,21.8,10.9,2024,17
Saquon Barkley,RB,21.7,18.9,2024,17
Sam Darnold,QB,20.4,24.78,2024,17
Kyren Williams,RB,19.9,16.2,2024,17
Jordan Love,QB,19.8,14.0,2024,17
Kyler Murray,QB,19.3,16.04,2024,17
Jared Goff,QB,19.3,25.82,2024,17
Jonathan Taylor,RB,19.1,27.6,2024,17
Brock Purdy,QB,19.0,30.28,2024,17
Justin Jefferson,WR,18.5,17.2,2024,17
Bucky Irving,RB,18.3,23.0,2024,17
Patrick Mahomes,QB,18.2,26.0,2024,17
Terry McLaurin,WR,17.5,1.5,2024,17
Bryce Young,QB,17.4,16.92,2024,17
Jahmyr Gibbs,RB,17.2,26.3,2024,17
Chase Brown,RB,17.1,13.1,2024,17
Drake Maye,QB,16.6,9.88,2024,17
James Conner,RB,16.5,2.8,2024,17
Amon-Ra St. Brown,WR,16.0,20.0,2024,17
Bo Nix,QB,16.0,21.86,2024,17
Rachaad White,RB,16.0,4.4,2024,17
Justin Herbert,QB,15.9,24.44,2024,17
Russell Wilson,QB,15.9,17.7,2024,17
Aaron Jones,RB,15.9,11.7,2024,17
A.J. Brown,WR,15.7,12.6,2024,17
Matthew Stafford,QB,15.6,9.16,2024,17
Puka Nacua,WR,15.6,22.9,2024,17
Tee Higgins,WR,15.3,40.1,2024,17
James Cook,RB,15.2,11.3,2024,17
Mike Evans,WR,15.1,29.7,2024,17
Caleb Williams,QB,15.1,6.58,2024,17
C.J. Stroud,QB,14.9,6.1,2024,17
Trey McBride,TE,14.7,30.3,2024,17
Derrick Henry,RB,14.7,24.5,2024,17
J.K. Dobbins,RB,14.7,15.3,2024,17
Breece Hall,RB,14.4,6.3,2024,17
Geno Smith,QB,14.4,8.3,2024,17
Jordan Addison,WR,14.1,18.9,2024,17
Jaxon Smith-Njigba,WR,14.0,6.2,2024,17
Joe Mixon,RB,13.8,5.9,2024,17
Tyreek Hill,WR,13.1,19.5,2024,17
Tyrone Tracy Jr.,RB,12.7,9.3,2024,17
Mason Rudolph,QB,12.5,12.02,2024,17
Davante Adams,WR,12.4,9.7,2024,17
DeVonta Smith,WR,12.2,30.0,2024,17
Keenan Allen,WR,12.0,7.5,2024,17
Aaron Rodgers,QB,12.0,0.48,2024,17
Rhamondre Stevenson,RB,11.9,0.1,2024,17
Cooper Rush,QB,11.8,6.08,2024,17
Nico Collins,WR,11.8,8.9,2024,17
Brian Robinson,RB,11.8,8.9,2024,17
Marvin Harrison Jr.,WR,11.5,15.6,2024,17
Adam Thielen,WR,11.4,28.0,2024,17
Courtland Sutton,WR,11.3,16.5,2024,17
D'Andre Swift,RB,11.3,12.1,2024,17
Cooper Kupp,WR,11.3,3.9,2024,17
Brock Bowers,TE,11.2,14.6,2024,17
Jameson Williams,WR,10.9,24.5,2024,17
Sam LaPorta,TE,10.9,18.4,2024,17
Javonte Williams,RB,10.6,2.0,2024,17
T.J. Hockenson,TE,10.5,11.8,2024,17
Mark Andrews,TE,10.5,14.8,2024,17
Ladd McConkey,WR,10.5,29.4,2024,17
Drake London,WR,10.5,17.6,2024,17
Spencer Rattler,QB,10.4,13.32,2024,17
Zay Flowers,WR,10.4,5.1,2024,17
Jayden Reed,WR,10.3,1.6,2024,17
George Kittle,TE,10.3,19.2,2024,17
Kareem Hunt,RB,10.2,8.0,2024,17
DJ Moore,WR,10.1,12.2,2024,17
Calvin Ridley,WR,9.8,14.1,2024,17
DK Metcalf,WR,9.7,7.2,2024,17
Malik Nabers,WR,9.7,36.1,2024,17
Najee Harris,RB,9.7,10.1,2024,17
Travis Kelce,TE,9.7,22.4,2024,17
Jakobi Meyers,WR,9.7,17.1,2024,17
Jalen McMillan,WR,9.7,23.0,2024,17
Romeo Doubs,WR,9.7,14.8,2024,17
George Pickens,WR,9.7,8.0,2024,17
Jauan Jennings,WR,9.5,13.7,2024,17
Zach Charbonnet,RB,9.5,10.6,2024,17
Jaylen Warren,RB,9.3,16.2,2024,17
Tyjae Spears,RB,9.3,13.3,2024,17
Tucker Kraft,TE,9.1,7.3,2024,17
Rico Dowdle,RB,9.1,9.8,2024,17
Rashod Bateman,WR,9.1,2.2,2024,17
Jonnu Smith,TE,9.0,11.6,2024,17
Drew Lock,QB,8.8,34.36,2024,17
Brian Thomas Jr.,WR,8.8,23.9,2024,17
Mac Jones,QB,8.6,17.16,2024,17
Jerome Ford,RB,8.6,2.2,2024,17
Isiah Pacheco,RB,8.6,1.8,2024,17
Garrett Wilson,WR,8.4,17.6,2024,17
Michael Wilson,WR,8.4,6.9,2024,17
Josh Downs,WR,8.3,5.2,2024,17
Khalil Shakir,WR,8.2,5.5,2024,17
Alexander Mattison,RB,8.1,4.8,2024,17
Jalen Coker,WR,8.1,5.5,2024,17
Darnell Mooney,WR,8.1,5.7,2024,17
DeMario Douglas,WR,8.0,14.6,2024,17
Michael Pittman,WR,7.9,25.9,2024,17
Xavier Legette,WR,7.9,7.8,2024,17
Travis Etienne,RB,7.8,8.5,2024,17
Hunter Henry,TE,7.8,0.0,2024,17
Isaac Guerendo,RB,7.6,13.9,2024,17
Deebo Samuel Sr.,WR,7.5,9.1,2024,17
Isaiah Likely,TE,7.5,7.9,2024,17
Rome Odunze,WR,7.5,2.5,2024,17
Pat Freiermuth,TE,7.4,11.0,2024,17
Nick Westbrook-Ikhine,WR,7.3,6.7,2024,17
Tyler Allgeier,RB,7.3,1.9,2024,17
Dontayvion Wicks,WR,7.1,8.3,2024,17
Xavier Worthy,WR,7.1,22.9,2024,17
Zach Ertz,TE,7.1,25.2,2024,17
DeAndre Hopkins,WR,6.9,2.7,2024,17
Jerry Jeudy,WR,6.9,21.4,2024,17
Kendrick Bourne,WR,6.8,4.2,2024,17
Andrei Iosivas,WR,6.7,8.9,2024,17
Raheem Mostert,RB,6.7,3.9,2024,17
Tim Patrick,WR,6.7,2.0,2024,17
Ray-Ray McCloud,WR,6.7,3.7,2024,17
Tank Bigsby,RB,6.6,3.3,2024,17
Kayshon Boutte,WR,6.6,6.8,2024,17
Quentin Johnston,WR,6.5,9.8,2024,17
Mike Gesicki,TE,6.4,18.6,2024,17
Ameer Abdullah,RB,6.2,17.7,2024,17
Jaleel McLaughlin,RB,6.2,9.6,2024,17
Dorian Thompson-Robinson,QB,6.1,3.8,2024,17
Dalton Schultz,TE,6.0,4.1,2024,17
Calvin Austin III,WR,6.0,7.1,2024,17
Noah Gray,TE,6.0,1.6,2024,17
Ty Johnson,RB,5.9,3.5,2024,17
Noah Fant,TE,5.9,8.3,2024,17
David Moore,WR,5.9,2.7,2024,17
Dalton Kincaid,TE,5.8,4.4,2024,17
Olamide Zaccheaus,WR,5.8,23.3,2024,17
Ray Davis,RB,5.7,2.3,2024,17
Antonio Gibson,RB,5.6,6.3,2024,17
Will Dissly,TE,5.6,4.1,2024,17
Austin Hooper,TE,5.5,4.9,2024,17
Amari Cooper,WR,5.5,14.6,2024,17
Cam Akers,RB,5.4,11.3,2024,17
Demarcus Robinson,WR,5.4,0.0,2024,17
Chig Okonkwo,TE,5.4,10.9,2024,17
Wan'Dale Robinson,WR,5.3,18.1,2024,17
Devaughn Vele,WR,5.3,4.7,2024,17
Josh Palmer,WR,5.3,8.1,2024,17
Kenny Gainwell,RB,5.2,1.9,2024,17
Keon Coleman,WR,5.2,11.7,2024,17
Cole Kmet,TE,5.2,0.0,2024,17
Tre Tucker,WR,5.1,10.9,2024,17
Alec Pierce,WR,5.1,24.2,2024,17
Devin Singletary,RB,4.9,4.0,2024,17
Kimani Vidal,RB,4.9,2.4,2024,17
Tyler Lockett,WR,4.9,5.0,2024,17
Samaje Perine,RB,4.8,4.9,2024,17
Michael Carter,RB,4.8,10.1,2024,17
Kendre Miller,RB,4.8,2.9,2024,17
Ja'Tavion Sanders,TE,4.8,1.5,2024,17
Jake Ferguson,TE,4.6,2.8,2024,17
Brandin Cooks,WR,4.5,9.2,2024,17
Marvin Mims Jr.,WR,4.5,30.2,2024,17
Isaiah Davis,RB,4.4,5.3,2024,17
Tyler Boyd,WR,4.3,3.4,2024,17
Stone Smartt,TE,4.3,4.3,2024,17
Mack Hollins,WR,4.2,5.3,2024,17
Greg Dortch,WR,4.2,4.8,2024,17
Kyle Pitts,TE,4.2,14.4,2024,17
Braelon Allen,RB,4.1,2.6,2024,17
Jalen Tolbert,WR,4.1,12.0,2024,17
Marquez Valdes-Scantling,WR,4.0,0.0,2024,17
Ricky Pearsall,WR,4.0,28.7,2024,17
Roschon Johnson,RB,4.0,0.5,2024,17
Juwan Johnson,TE,3.9,12.6,2024,17
Audric Estimé,RB,3.9,4.7,2024,17
Dawson Knox,TE,3.8,1.4,2024,17
Parker Washington,WR,3.8,12.1,2024,17
Chris Rodriguez Jr.,RB,3.7,9.8,2024,17
Elijah Moore,WR,3.7,1.1,2024,17
Darius Slayton,WR,3.6,10.2,2024,17
Malik Washington,WR,3.6,7.0,2024,17
Drew Sample,TE,3.6,1.3,2024,17
Tyler Conklin,TE,3.5,21.7,2024,17
Emanuel Wilson,RB,3.5,8.9,2024,17
Chris Blair,WR,3.5,0.0,2024,17
Blake Corum,RB,3.5,-0.4,2024,17
Jamison Crowder,WR,3.4,5.5,2024,17
Sean Tucker,RB,3.4,5.4,2024,17
Troy Franklin,WR,3.4,0.9,2024,17
Allen Lazard,WR,3.4,1.9,2024,17
Ezekiel Elliott,RB,3.3,0.2,2024,17
Johnny Mundt,TE,3.3,1.7,2024,17
Grant Calcaterra,TE,3.2,4.4,2024,17
Lucas Krull,TE,3.1,1.3,2024,17
Jeff Wilson,RB,3.1,0.5,2024,17
Van Jefferson,WR,3.1,0.0,2024,17
Malik Heath,WR,3.1,7.3,2024,17
Adonai Mitchell,WR,3.1,4.2,2024,17
Foster Moreau,TE,3.0,13.7,2024,17
Colby Parkinson,TE,3.0,0.0,2024,17
Scott Miller,WR,3.0,0.0,2024,17
Jalen Nailor,WR,3.0,19.1,2024,17
Payne Durham,TE,2.9,11.6,2024,17
Brenton Strange,TE,2.9,0.0,2024,17
Hassan Haskins,RB,2.9,5.0,2024,17
Michael Mayer,TE,2.9,2.4,2024,17
K.J. Osborn,WR,2.9,0.0,2024,17
Elijah Higgins,TE,2.8,4.3,2024,17
Jeremy McNichols,RB,2.8,3.0,2024,17
Josh Whyle,TE,2.8,0.0,2024,17
Adam Trautman,TE,2.7,1.5,2024,17
Nate Adkins,TE,2.7,1.7,2024,17
Cordarrelle Patterson,RB,2.7,0.2,2024,17
Davis Allen,TE,2.7,0.0,2024,17
Mo Alie-Cox,TE,2.7,0.0,2024,17
Trey Sermon,RB,2.6,2.0,2024,17
Mike Williams,WR,2.6,0.0,2024,17
Cade Stover,TE,2.6,1.1,2024,17
Jalen Brooks,WR,2.5,2.2,2024,17
Tylan Wallace,WR,2.5,1.2,2024,17
Justin Watson,WR,2.5,14.0,2024,17
Zay Jones,WR,2.5,2.9,2024,17
Kevin Austin Jr.,WR,2.4,3.3,2024,17
John Metchie III,WR,2.4,9.8,2024,17
River Cracraft,WR,2.4,2.6,2024,17
Darnell Washington,TE,2.4,1.8,2024,17
KaVontae Turpin,WR,2.3,4.4,2024,17
JaMycal Hasty,RB,2.2,0.0,2024,17
Devontez Walker,WR,2.1,0.0,2024,17
Nick Vannett,TE,2.1,7.8,2024,17
Kylen Granson,TE,2.1,6.4,2024,17
D'Ernest Johnson,RB,2.1,3.1,2024,17
Pharaoh Brown,TE,2.0,-0.6,2024,17
Daniel Bellinger,TE,2.0,0.0,2024,17
Ryan Miller,WR,2.0,4.6,2024,17
Ja'Lynn Polk,WR,2.0,0.0,2024,17
Luke Musgrave,TE,1.9,1.4,2024,17
Rakim Jarrett,WR,1.9,2.1,2024,17
JuJu Smith-Schuster,WR,1.9,3.8,2024,17
Kenny McIntosh,RB,1.9,4.6,2024,17
D'Onta Foreman,RB,1.8,4.9,2024,17
Jermar Jefferson,RB,1.8,0.9,2024,17
Derius Davis,WR,1.7,10.6,2024,17
Rasheen Ali,RB,1.7,-0.3,2024,17
Jordan Akins,TE,1.6,10.9,2024,17
Robert Woods,WR,1.6,4.1,2024,17
Dare Ogunbowale,RB,1.6,2.8,2024,17
Trey Palmer,WR,1.5,0.0,2024,17
Craig Reynolds,RB,1.5,8.6,2024,17
Marquise Brown,WR,1.5,8.6,2024,17
Luke McCaffrey,WR,1.5,0.0,2024,17
Gerald Everett,TE,1.5,0.0,2024,17
Quintin Morris,TE,1.3,0.0,2024,17
Eric Saubert,TE,1.2,0.0,2024,17
Khalil Herbert,RB,1.2,2.3,2024,17
Tucker Fisk,TE,1.2,1.8,2024,17
John Bates,TE,1.2,2.4,2024,17
KhaDarel Hodge,WR,1.2,1.9,2024,17
Devin Duvernay,WR,1.1,1.4,2024,17
Jeremy Ruckert,TE,1.1,0.0,2024,17
Tyler Higbee,TE,1.1,2.9,2024,17
Dameon Pierce,RB,1.1,1.3,2024,17
Ryan Flournoy,WR,1.1,1.3,2024,17
Jamaal Williams,RB,1.1,3.4,2024,17
Sione Vaki,RB,1.0,0.0,2024,17
Cam Grandy,TE,1.0,1.7,2024,17
Julian Hill,TE,1.0,0.0,2024,17
Xavier Hutchinson,WR,1.0,4.1,2024,17
Cedrick Wilson Jr.,WR,1.0,4.7,2024,17
DeeJay Dallas,RB,0.9,1.5,2024,17
Pierre Strong,RB,0.9,7.8,2024,17
Dante Pettis,WR,0.9,5.7,2024,17
Jermaine Burton,WR,0.8,0.0,2024,17
Dan Chisena,WR,0.8,1.8,2024,17
Ty Chandler,RB,0.8,0.7,2024,17
Hunter Long,TE,0.8,0.0,2024,17
Brandon Powell,WR,0.8,0.0,2024,17
Jordan Whittington,WR,0.8,1.6,2024,17
Jamari Thrash,WR,0.8,0.0,2024,17
Hunter Luepke,RB,0.7,1.1,2024,17
Julius Chestnut,RB,0.7,1.7,2024,17
George Holani,RB,0.7,0.0,2024,17
Charlie Woerner,TE,0.7,1.6,2024,17
DJ Chark,WR,0.7,0.0,2024,17
Mike Boone,RB,0.6,1.1,2024,17
Jonathan Mingo,WR,0.6,2.2,2024,17
Keaton Mitchell,RB,0.6,5.8,2024,17
Mike Woods,WR,0.6,1.3,2024,17
Mason Kinsey,WR,0.5,0.0,2024,17
Dee Eskridge,WR,0.5,3.6,2024,17
Kenny Yeboah,TE,0.5,0.0,2024,17
Patrick Ricard,RB,0.5,0.0,2024,17
Anthony Gould,WR,0.5,0.0,2024,17
Chris Manhertz,TE,0.5,2.2,2024,17
Terrace Marshall Jr.,WR,0.4,3.8,2024,17
Xavier Gipson,WR,0.4,0.0,2024,17
Allen Robinson,WR,0.4,3.1,2024,17
Raheem Blackshear,RB,0.4,2.0,2024,17
James Proche,WR,0.3,0.0,2024,17
Velus Jones Jr.,WR,0.3,0.0,2024,17
Chris Conley,WR,0.3,2.3,2024,17
Blake Whiteheart,TE,0.3,1.8,2024,17
Javon Baker,WR,0.3,0.0,2024,17
Tyler Scott,WR,0.3,0.0,2024,17
Jacob Cowing,WR,0.2,0.0,2024,17
David Martin-Robinson,TE,0.2,0.0,2024,17
Brycen Tremayne,WR,0.2,0.0,2024,17
Josiah Deguara,TE,0.2,0.0,2024,17
Isaiah Williams,WR,0.2,0.0,2024,17
Chris Collier,RB,0.1,0.6,2024,17
Tim Jones,WR,0.1,2.1,2024,17
Kameron Johnson,WR,0.1,1.1,2024,17
Steven Sims,WR,0.1,0.0,2024,17
Jaelon Darden,WR,0.1,0.0,2024,17
Tom Kennedy,WR,0.1,0.0,2024,17
Xavier Smith,WR,0.1,0.0,2024,17
Taylor Heinicke,QB,0.0,0.8,2024,17
Mitchell Trubisky,QB,0.0,6.66,2024,17
Kenny Pickett,QB,0.0,16.02,2024,17
Kyle Trask,QB,0.0,-0.2,2024,17
Alex Erickson,WR,0.0,0.0,2024,17
Aidan O'Connell,QB,0.0,17.58,2024,17
Reggie Gilliam,RB,0.0,0.3,2024,17
Davis Mills,QB,0.0,0.2,2024,17
Nikko Remigio,WR,0.0,0.0,2024,17
Jacoby Brissett,QB,0.0,-0.08,2024,17
Avery Williams,RB,0.0,0.0,2024,17
Ihmir Smith-Marsette,WR,0.0,6.0,2024,17
Dylan Laube,RB,0.0,0.0,2024,17
Josh Johnson,QB,0.0,0.64,2024,17
Joe Flacco,QB,0.0,15.3,2024,17
Brayden Willis,TE,0.0,0.0,2024,17
Dareke Young,WR,0.0,0.0,2024,17
Michael Penix Jr.,QB,0.0,11.22,2024,17
Tyler Huntley,QB,0.0,24.2,2024,17
De'Von Achane,RB,26.1,16.6,2025,5
Patrick Mahomes,QB,24.3,26.72,2025,5
Puka Nacua,WR,23.9,24.5,2025,5
Jahmyr Gibbs,RB,22.7,16.7,2025,5
Amon-Ra St. Brown,WR,21.6,18.0,2025,5
Josh Allen,QB,21.5,19.42,2025,5
Justin Herbert,QB,21.0,14.64,2025,5
James Cook,RB,20.3,4.9,2025,5
Kyler Murray,QB,20.1,15.3,2025,5
Matthew Stafford,QB,20.1,25.56,2025,5
Baker Mayfield,QB,20.1,26.66,2025,5
Jared Goff,QB,20.0,20.12,2025,5
Kyren Williams,RB,19.1,31.1,2025,5
Omarion Hampton,RB,19.1,13.0,2025,5
Alvin Kamara,RB,19.1,9.5,2025,5
Garrett Wilson,WR,18.9,19.1,2025,5
Bo Nix,QB,18.5,17.88,2025,5
Jonathan Taylor,RB,18.4,31.6,2025,5
Quentin Johnston,WR,18.4,6.9,2025,5
Jalen Hurts,QB,17.0,19.5,2025,5
Tua Tagovailoa,QB,16.8,22.74,2025,5
Saquon Barkley,RB,16.5,17.8,2025,5
Tony Pollard,RB,16.5,14.8,2025,5
Drake Maye,QB,16.2,12.12,2025,5
Nico Collins,WR,15.9,16.0,2025,5
Daniel Jones,QB,15.8,16.68,2025,5
Davante Adams,WR,15.7,13.8,2025,5
C.J. Stroud,QB,15.7,28.76,2025,5
Sam Darnold,QB,15.4,27.64,2025,5
Courtland Sutton,WR,15.4,17.9,2025,5
Keenan Allen,WR,15.3,10.8,2025,5
Dak Prescott,QB,15.2,28.28,2025,5
David Montgomery,RB,14.5,18.22,2025,5
Spencer Rattler,QB,14.1,16.1,2025,5
Breece Hall,RB,14.1,17.5,2025,5
Trey McBride,TE,14.1,9.1,2025,5
Ladd McConkey,WR,14.0,14.9,2025,5
J.K. Dobbins,RB,13.9,15.4,2025,5
Chris Olave,WR,13.8,12.9,2025,5
Marquise Brown,WR,13.8,8.8,2025,5
Travis Etienne,RB,13.3,8.8,2025,5
Carson Wentz,QB,13.2,14.74,2025,5
Marvin Harrison Jr.,WR,13.0,13.8,2025,5
Michael Pittman,WR,13.0,14.9,2025,5
Trevor Lawrence,QB,13.0,26.24,2025,5
Deebo Samuel Sr.,WR,12.5,23.6,2025,5
Geno Smith,QB,12.4,5.92,2025,5
Juwan Johnson,TE,12.3,3.7,2025,5
Javonte Williams,RB,12.2,26.9,2025,5
Justin Jefferson,WR,12.1,19.3,2025,5
Ashton Jeanty,RB,11.7,15.9,2025,5
Bryce Young,QB,11.6,12.02,2025,5
Jameson Williams,WR,11.6,2.0,2025,5
Derrick Henry,RB,11.5,9.3,2025,5
Jakobi Meyers,WR,11.4,7.2,2025,5
Jaylen Waddle,WR,11.3,23.0,2025,5
Christian McCaffrey,RB,11.3,27.9,2025,5
Jordan Addison,WR,11.2,15.1,2025,5
George Pickens,WR,11.2,13.7,2025,5
Cam Skattebo,RB,11.2,14.4,2025,5
Ja'Marr Chase,WR,11.1,29.0,2025,5
Chase Brown,RB,11.1,11.8,2025,5
Cam Ward,QB,11.0,8.0,2025,5
Isiah Pacheco,RB,10.7,8.6,2025,5
Tyler Warren,TE,10.4,14.4,2025,5
Tre Tucker,WR,10.4,11.1,2025,5
Chris Godwin Jr.,WR,10.1,5.6,2025,5
Jerry Jeudy,WR,10.0,3.5,2025,5
Nick Chubb,RB,10.0,12.1,2025,5
Emeka Egbuka,WR,9.9,31.3,2025,5
Brian Thomas Jr.,WR,9.9,12.0,2025,5
Kareem Hunt,RB,9.9,18.7,2025,5
Jake Ferguson,TE,9.9,23.9,2025,5
Sam LaPorta,TE,9.7,20.2,2025,5
Zay Flowers,WR,9.7,12.2,2025,5
Travis Kelce,TE,9.7,19.1,2025,5
Jake Browning,QB,9.6,19.14,2025,5
Kenneth Walker III,RB,9.6,9.6,2025,5
David Njoku,TE,9.3,18.7,2025,5
DeVonta Smith,WR,9.3,19.4,2025,5
Marvin Mims Jr.,WR,9.3,3.9,2025,5
Elic Ayomanor,WR,9.3,3.8,2025,5
Khalil Shakir,WR,9.3,11.0,2025,5
Jordan Mason,RB,9.3,12.6,2025,5
Jaxon Smith-Njigba,WR,9.2,27.2,2025,5
Dallas Goedert,TE,9.2,10.9,2025,5
Woody Marks,RB,9.1,2.4,2025,5
Mark Andrews,TE,8.9,4.2,2025,5
A.J. Brown,WR,8.9,9.3,2025,5
RJ Harvey,RB,8.9,6.0,2025,5
Hunter Henry,TE,8.9,6.6,2025,5
Tyquan Thornton,WR,8.9,12.0,2025,5
JuJu Smith-Schuster,WR,8.8,3.7,2025,5
Stefon Diggs,WR,8.7,24.6,2025,5
Calvin Ridley,WR,8.7,18.1,2025,5
Justice Hill,RB,8.6,2.2,2025,5
Brenton Strange,TE,8.6,3.2,2025,5
Josh Downs,WR,8.5,11.4,2025,5
Wan'Dale Robinson,WR,8.3,8.2,2025,5
Dalton Kincaid,TE,8.3,16.8,2025,5
Troy Franklin,WR,8.2,8.5,2025,5
Tee Higgins,WR,7.9,11.2,2025,5
Keon Coleman,WR,7.8,10.3,2025,5
Rachaad White,RB,7.6,23.1,2025,5
Rhamondre Stevenson,RB,7.6,14.7,2025,5
Tetairoa McMillan,WR,7.5,13.3,2025,5
Dyami Brown,WR,7.3,3.5,2025,5
Harold Fannin Jr.,TE,7.2,11.3,2025,5
Zach Ertz,TE,7.2,0.0,2025,5
Cooper Kupp,WR,7.2,11.9,2025,5
Rashid Shaheed,WR,7.2,21.4,2025,5
Zach Charbonnet,RB,7.2,11.8,2025,5
Chris Rodriguez Jr.,RB,7.0,0.7,2025,5
Christian Kirk,WR,7.0,10.4,2025,5
Jacory Croskey-Merritt,RB,6.8,27.0,2025,5
Dalton Schultz,TE,6.8,11.0,2025,5
Mason Taylor,TE,6.4,17.7,2025,5
Kendrick Bourne,WR,6.4,24.2,2025,5
Darius Slayton,WR,6.4,4.1,2025,5
Rashod Bateman,WR,6.1,0.0,2025,5
Josh Reynolds,WR,6.1,7.9,2025,5
Chig Okonkwo,TE,6.1,8.8,2025,5
Jalen Nailor,WR,6.0,7.2,2025,5
Kendre Miller,RB,6.0,5.9,2025,5
TreVeyon Henderson,RB,5.8,4.7,2025,5
Kayshon Boutte,WR,5.8,7.3,2025,5
Hunter Renfrow,WR,5.7,1.7,2025,5
Jerome Ford,RB,5.7,5.8,2025,5
T.J. Hockenson,TE,5.7,9.8,2025,5
Oronde Gadsden II,TE,5.6,2.4,2025,5
Rico Dowdle,RB,5.5,32.4,2025,5
Tutu Atwell,WR,5.5,9.2,2025,5
Michael Wilson,WR,5.4,3.6,2025,5
Jeremy McNichols,RB,5.3,2.8,2025,5
Zavier Scott,RB,5.2,-0.2,2025,5
Blake Corum,RB,5.2,1.3,2025,5
Darren Waller,TE,5.2,18.8,2025,5
Evan Engram,TE,5.0,13.3,2025,5
Brandin Cooks,WR,5.0,1.5,2025,5
Sterling Shepard,WR,5.0,11.9,2025,5
Tommy Tremble,TE,5.0,1.7,2025,5
AJ Barner,TE,4.9,24.3,2025,5
Jalen Tolbert,WR,4.9,0.0,2025,5
Bhayshul Tuten,RB,4.8,2.1,2025,5
Isaiah Bond,WR,4.8,4.9,2025,5
Theo Johnson,TE,4.7,21.3,2025,5
Dylan Sampson,RB,4.6,1.2,2025,5
Jake Tonges,TE,4.6,17.1,2025,5
Dont'e Thornton Jr.,WR,4.6,0.0,2025,5
Kalif Raymond,WR,4.6,0.0,2025,5
Cade Otton,TE,4.5,12.1,2025,5
Ollie Gordon II,RB,4.5,-0.2,2025,5
Jordan Whittington,WR,4.5,5.3,2025,5
Xavier Legette,WR,4.5,11.1,2025,5
Devaughn Vele,WR,4.4,3.3,2025,5
Isaiah Davis,RB,4.3,6.3,2025,5
Josh Palmer,WR,4.2,5.6,2025,5
Zay Jones,WR,4.1,2.8,2025,5
DeMario Douglas,WR,4.1,3.7,2025,5
DeAndre Hopkins,WR,4.0,6.6,2025,5
Greg Dortch,WR,3.9,3.2,2025,5
Tyler Badie,RB,3.9,2.6,2025,5
Demarcus Robinson,WR,3.9,6.9,2025,5
Tyler Lockett,WR,3.9,1.6,2025,5
Parker Washington,WR,3.8,9.6,2025,5
Arian Smith,WR,3.7,2.4,2025,5
Andrei Iosivas,WR,3.7,13.2,2025,5
Malik Washington,WR,3.6,4.0,2025,5
Brock Wright,TE,3.5,8.9,2025,5
Tory Horton,WR,3.5,12.9,2025,5
Adam Trautman,TE,3.5,2.1,2025,5
Gunnar Helm,TE,3.4,7.4,2025,5
Luke Farrell,TE,3.4,1.8,2025,5
Adonai Mitchell,WR,3.3,0.0,2025,5
Raheem Mostert,RB,3.3,2.2,2025,5
Brashard Smith,RB,3.3,6.6,2025,5
Emari Demercado,RB,3.3,6.1,2025,5
Chris Moore,WR,3.2,0.0,2025,5
Mitchell Evans,TE,3.2,7.4,2025,5
Davis Allen,TE,3.2,4.4,2025,5
Jeremy Ruckert,TE,3.2,6.8,2025,5
Samaje Perine,RB,3.1,4.9,2025,5
Xavier Hutchinson,WR,3.1,16.8,2025,5
Ty Johnson,RB,3.0,1.0,2025,5
Mike Gesicki,TE,3.0,3.5,2025,5
Colby Parkinson,TE,3.0,0.0,2025,5
Charlie Kolar,TE,3.0,2.0,2025,5
Dawson Knox,TE,2.9,3.5,2025,5
Antonio Gibson,RB,2.9,3.6,2025,5
Tyler Conklin,TE,2.8,5.0,2025,5
Jayden Higgins,WR,2.8,7.2,2025,5
Nate Adkins,TE,2.7,0.0,2025,5
Devontez Walker,WR,2.7,0.0,2025,5
Dameon Pierce,RB,2.7,2.1,2025,5
LeQuint Allen Jr.,RB,2.7,0.0,2025,5
Hunter Long,TE,2.6,1.3,2025,5
Pat Bryant,WR,2.6,0.0,2025,5
Chimere Dike,WR,2.6,3.7,2025,5
Isaac TeSlaa,WR,2.6,8.2,2025,5
Devin Singletary,RB,2.5,3.4,2025,5
Brian Robinson,RB,2.5,1.2,2025,5
Ray Davis,RB,2.4,0.1,2025,5
Elijah Arroyo,TE,2.4,2.0,2025,5
Harrison Bryant,TE,2.3,1.5,2025,5
Elijah Higgins,TE,2.3,3.0,2025,5
Drew Sample,TE,2.2,0.9,2025,5
Cam Akers,RB,2.2,5.28,2025,5
Jahan Dotson,WR,2.1,3.4,2025,5
Josh Oliver,TE,2.0,11.5,2025,5
Dee Eskridge,WR,2.0,0.0,2025,5
Brycen Tremayne,WR,2.0,1.9,2025,5
Grant Calcaterra,TE,2.0,3.8,2025,5
Tip Reiman,TE,2.0,0.0,2025,5
DJ Giddens,RB,2.0,2.2,2025,5
AJ Dillon,RB,2.0,1.2,2025,5
Julian Hill,TE,1.9,6.2,2025,5
Dare Ogunbowale,RB,1.8,0.0,2025,5
Allen Lazard,WR,1.7,1.3,2025,5
Johnny Mundt,TE,1.7,1.7,2025,5
Luke Schoonmaker,TE,1.7,1.3,2025,5
Tay Martin,WR,1.7,1.9,2025,5
Zaire Mitchell-Paden,TE,1.6,1.3,2025,5
Tanner Conner,TE,1.5,3.6,2025,5
Luke McCaffrey,WR,1.5,6.0,2025,5
Jack Bech,WR,1.4,5.7,2025,5
Jamari Thrash,WR,1.3,3.2,2025,5
Julius Chestnut,RB,1.3,0.3,2025,5
Michael Carter,RB,1.3,18.3,2025,5
Daniel Bellinger,TE,1.3,9.2,2025,5
Trevor Etienne,RB,1.1,3.9,2025,5
Jaylin Lane,WR,1.1,2.6,2025,5
George Holani,RB,1.1,0.0,2025,5
Ryan Flournoy,WR,1.1,18.4,2025,5
Tyrell Shavers,WR,1.0,0.0,2025,5
Will Shipley,RB,0.9,1.4,2025,5
Payne Durham,TE,0.8,0.0,2025,5
Trent Sherfield,WR,0.8,2.5,2025,5
Hassan Haskins,RB,0.8,2.5,2025,5
Curtis Samuel,WR,0.8,10.6,2025,5
Ashton Dulin,WR,0.8,7.5,2025,5
Tank Bigsby,RB,0.8,0.0,2025,5
James Mitchell,TE,0.7,2.1,2025,5
Kylen Granson,TE,0.7,0.0,2025,5
Ian Thomas,TE,0.7,5.0,2025,5
Jake Bobo,WR,0.6,0.0,2025,5
Jason Brownlee,WR,0.6,0.0,2025,5
Xavier Smith,WR,0.6,0.0,2025,5
Tai Felton,WR,0.5,0.0,2025,5
Jaylin Noel,WR,0.5,9.8,2025,5
Tez Johnson,WR,0.5,9.9,2025,5
Dylan Laube,RB,0.4,0.0,2025,5
KeAndre Lambert-Smith,WR,0.4,0.0,2025,5
Skyy Moore,WR,0.4,0.1,2025,5
Nikko Remigio,WR,0.4,0.0,2025,5
Tim Patrick,WR,0.4,0.0,2025,5
Brevyn Spann-Ford,TE,0.4,0.0,2025,5
Kimani Vidal,RB,0.3,2.9,2025,5
Jacob Saylors,RB,0.3,0.0,2025,5
Craig Reynolds,RB,0.2,0.0,2025,5
Sean Tucker,RB,0.2,2.9,2025,5
Myles Price,WR,0.2,0.0,2025,5
Xavier Worthy,WR,0.2,11.1,2025,5
Dareke Young,WR,0.2,4.6,2025,5
Anthony Gould,WR,0.1,0.0,2025,5
Alex Bachman,WR,0.1,1.9,2025,5
Rasheen Ali,RB,0.1,0.0,2025,5
Hunter Luepke,RB,0.1,2.0,2025,5
Bam Knight,RB,0.0,9.4,2025,5
Mac Jones,QB,0.0,22.18,2025,5
Max Brosmer,QB,0.0,-0.1,2025,5
Cameron Latu,TE,0.0,0.0,2025,5
Colson Yankoff,TE,0.0,0.0,2025,5
Brayden Willis,TE,0.0,0.0,2025,5
Velus Jones Jr.,WR,0.0,0.0,2025,5
Kameron Johnson,WR,0.0,0.2,2025,5
LaJohntay Wester,WR,0.0,0.0,2025,5
Justin Fields,QB,0.0,25.92,2025,5
Isaac Guerendo,RB,0.0,0.0,2025,5
Simi Fehoko,WR,0.0,0.0,2025,5
Charlie Jones,WR,0.0,0.0,2025,5
Reggie Gilliam,RB,0.0,0.0,2025,5
Jayden Daniels,QB,0.0,17.14,2025,5
Beaux Collins,WR,0.0,1.7,2025,5
Quintin Morris,TE,0.0,0.0,2025,5
Dillon Gabriel,QB,0.0,16.1,2025,5
Jaxson Dart,QB,0.0,15.58,2025,5
Gunner Olszewski,WR,0.0,0.0,2025,5
Josh Allen,QB,25.0,15.4,2025,6
Puka Nacua,WR,24.5,4.8,2025,6
Baker Mayfield,QB,24.1,19.64,2025,6
Sam Darnold,QB,22.6,20.0,2025,6
Amon-Ra St. Brown,WR,22.6,13.7,2025,6
Jahmyr Gibbs,RB,22.0,7.5,2025,6
Matthew Stafford,QB,21.8,9.34,2025,6
De'Von Achane,RB,21.6,31.0,2025,6
Jonathan Taylor,RB,21.6,23.7,2025,6
Drake Maye,QB,21.5,27.24,2025,6
Josh Jacobs,RB,21.0,32.0,2025,6
Patrick Mahomes,QB,20.6,31.48,2025,6
Jordan Love,QB,20.4,14.96,2025,6
Dak Prescott,QB,19.8,22.34,2025,6
Jared Goff,QB,19.1,16.82,2025,6
Daniel Jones,QB,19.0,22.48,2025,6
James Cook,RB,18.1,8.7,2025,6
Saquon Barkley,RB,18.1,8.7,2025,6
Ashton Jeanty,RB,18.0,16.6,2025,6
Jalen Hurts,QB,17.9,20.62,2025,6
Tua Tagovailoa,QB,17.7,6.6,2025,6
Caleb Williams,QB,17.5,19.88,2025,6
Trevor Lawrence,QB,16.9,19.22,2025,6
Kyren Williams,RB,16.9,16.7,2025,6
Alvin Kamara,RB,16.6,12.6,2025,6
Bryce Young,QB,16.4,18.46,2025,6
Justin Fields,QB,16.3,4.9,2025,6
Jaxson Dart,QB,16.2,23.6,2025,6
Javonte Williams,RB,16.2,8.4,2025,6
Bijan Robinson,RB,15.5,35.8,2025,6
Jaxon Smith-Njigba,WR,15.4,30.2,2025,6
Geno Smith,QB,15.4,8.66,2025,6
Bo Nix,QB,15.3,13.36,2025,6
Davante Adams,WR,15.3,7.9,2025,6
Rome Odunze,WR,15.0,5.2,2025,6
David Montgomery,RB,14.9,8.1,2025,6
Chris Olave,WR,14.7,15.8,2025,6
Justin Herbert,QB,14.7,18.76,2025,6
Travis Etienne,RB,14.6,9.5,2025,6
Kenneth Walker III,RB,14.4,4.7,2025,6
Michael Pittman,WR,14.1,4.0,2025,6
Jaylen Waddle,WR,14.0,15.82,2025,6
Spencer Rattler,QB,14.0,11.08,2025,6
Stefon Diggs,WR,14.0,5.8,2025,6
Emeka Egbuka,WR,13.6,4.4,2025,6
D'Andre Swift,RB,13.5,25.5,2025,6
Deebo Samuel Sr.,WR,13.2,5.4,2025,6
Rico Dowdle,RB,12.9,33.9,2025,6
Ja'Marr Chase,WR,12.7,25.1,2025,6
Rachaad White,RB,12.5,17.6,2025,6
Courtland Sutton,WR,12.4,2.7,2025,6
J.K. Dobbins,RB,12.3,4.0,2025,6
Tetairoa McMillan,WR,12.3,17.9,2025,6
Tyler Warren,TE,12.3,18.3,2025,6
Aaron Rodgers,QB,12.2,17.5,2025,6
Romeo Doubs,WR,12.1,10.5,2025,6
Tucker Kraft,TE,12.1,12.3,2025,6
Hunter Henry,TE,12.0,5.7,2025,6
Zach Charbonnet,RB,11.9,4.7,2025,6
Juwan Johnson,TE,11.8,1.5,2025,6
Christian McCaffrey,RB,11.8,24.1,2025,6
Brian Thomas Jr.,WR,11.7,23.0,2025,6
Rhamondre Stevenson,RB,11.7,1.8,2025,6
Michael Penix Jr.,QB,11.6,14.6,2025,6
DeVonta Smith,WR,11.4,8.9,2025,6
Tre Tucker,WR,11.4,12.0,2025,6
Sam LaPorta,TE,11.3,16.5,2025,6
Tony Pollard,RB,11.1,6.7,2025,6
DJ Moore,WR,11.1,8.2,2025,6
Josh Downs,WR,11.0,16.2,2025,6
Jacory Croskey-Merritt,RB,10.9,5.8,2025,6
George Pickens,WR,10.9,31.8,2025,6
Keenan Allen,WR,10.9,6.7,2025,6
Cam Skattebo,RB,10.9,31.0,2025,6
Derrick Henry,RB,10.8,14.0,2025,6
Drake London,WR,10.7,31.8,2025,6
Jakobi Meyers,WR,10.7,7.9,2025,6
Jake Ferguson,TE,10.7,12.3,2025,6
Jaylen Warren,RB,10.6,8.3,2025,6
Jameson Williams,WR,10.4,18.6,2025,6
Alec Pierce,WR,10.4,6.8,2025,6
Ladd McConkey,WR,10.3,23.0,2025,6
Khalil Shakir,WR,10.1,6.3,2025,6
Garrett Wilson,WR,10.0,4.3,2025,6
Marquise Brown,WR,9.9,20.5,2025,6
Chase Brown,RB,9.9,8.9,2025,6
Breece Hall,RB,9.8,5.9,2025,6
Trey McBride,TE,9.8,21.2,2025,6
Rashid Shaheed,WR,9.7,6.8,2025,6
Travis Kelce,TE,9.7,13.8,2025,6
A.J. Brown,WR,9.7,14.0,2025,6
Cooper Kupp,WR,9.4,12.0,2025,6
Marvin Harrison Jr.,WR,9.3,5.2,2025,6
Jauan Jennings,WR,9.1,1.7,2025,6
Cam Ward,QB,8.9,6.88,2025,6
Dillon Gabriel,QB,8.9,8.84,2025,6
DK Metcalf,WR,8.9,19.5,2025,6
Dallas Goedert,TE,8.8,26.0,2025,6
TreVeyon Henderson,RB,8.6,4.6,2025,6
Kenny Gainwell,RB,8.5,9.6,2025,6
Calvin Ridley,WR,8.5,2.8,2025,6
Kareem Hunt,RB,8.4,4.4,2025,6
Tee Higgins,WR,8.4,11.2,2025,6
AJ Barner,TE,8.4,10.1,2025,6
Zay Flowers,WR,8.3,8.6,2025,6
Kayshon Boutte,WR,8.2,26.3,2025,6
Olamide Zaccheaus,WR,8.0,4.8,2025,6
Darren Waller,TE,8.0,9.2,2025,6
Kendrick Bourne,WR,7.9,19.2,2025,6
Cooper Rush,QB,7.9,-1.12,2025,6
Isiah Pacheco,RB,7.9,6.1,2025,6
Keon Coleman,WR,7.8,4.1,2025,6
Cole Kmet,TE,7.8,1.0,2025,6
Xavier Legette,WR,7.5,3.1,2025,6
Matthew Golden,WR,7.4,13.2,2025,6
Elic Ayomanor,WR,7.2,5.7,2025,6
Justice Hill,RB,7.1,9.4,2025,6
Raheem Mostert,RB,7.1,-0.4,2025,6
Kyle Pitts,TE,7.1,4.8,2025,6
RJ Harvey,RB,7.1,6.5,2025,6
Dyami Brown,WR,7.0,4.0,2025,6
Zach Ertz,TE,6.9,16.3,2025,6
Mark Andrews,TE,6.8,6.6,2025,6
Troy Franklin,WR,6.8,3.1,2025,6
Hunter Renfrow,WR,6.8,1.7,2025,6
Tyler Higbee,TE,6.7,14.0,2025,6
Dontayvion Wicks,WR,6.6,3.5,2025,6
Wan'Dale Robinson,WR,6.5,20.4,2025,6
Austin Hooper,TE,6.4,1.5,2025,6
Jonnu Smith,TE,6.3,5.8,2025,6
Kendre Miller,RB,6.3,4.2,2025,6
Marvin Mims Jr.,WR,6.3,4.8,2025,6
Cade Otton,TE,6.3,10.1,2025,6
Chig Okonkwo,TE,6.2,10.6,2025,6
Sterling Shepard,WR,6.2,7.1,2025,6
JuJu Smith-Schuster,WR,6.1,8.7,2025,6
Tyrone Tracy Jr.,RB,6.1,0.6,2025,6
Evan Engram,TE,5.9,9.9,2025,6
Mack Hollins,WR,5.8,4.8,2025,6
Tyler Allgeier,RB,5.7,10.8,2025,6
Tory Horton,WR,5.6,0.0,2025,6
Bhayshul Tuten,RB,5.5,4.8,2025,6
Xavier Worthy,WR,5.4,10.6,2025,6
Theo Johnson,TE,5.4,4.7,2025,6
David Njoku,TE,5.2,5.8,2025,6
Michael Carter,RB,5.2,8.4,2025,6
Brandin Cooks,WR,5.1,3.1,2025,6
Josh Palmer,WR,5.1,8.0,2025,6
Demarcus Robinson,WR,5.0,6.4,2025,6
Jake Tonges,TE,4.9,11.8,2025,6
Mason Taylor,TE,4.8,1.2,2025,6
Jeremy McNichols,RB,4.8,6.5,2025,6
Jordan Whittington,WR,4.7,5.3,2025,6
Andrei Iosivas,WR,4.7,1.5,2025,6
Oronde Gadsden II,TE,4.6,11.8,2025,6
Tommy Tremble,TE,4.5,7.9,2025,6
Luther Burden III,WR,4.5,9.1,2025,6
Rashod Bateman,WR,4.5,1.8,2025,6
DeMario Douglas,WR,4.5,16.1,2025,6
Emanuel Wilson,RB,4.4,1.7,2025,6
Kyle Monangai,RB,4.4,5.4,2025,6
Will Dissly,TE,4.3,3.8,2025,6
Parker Washington,WR,4.3,4.9,2025,6
Kalif Raymond,WR,4.2,0.0,2025,6
Jalen Tolbert,WR,4.1,1.8,2025,6
Noah Fant,TE,3.9,6.7,2025,6
Gunnar Helm,TE,3.9,3.5,2025,6
Jerome Ford,RB,3.8,8.0,2025,6
Isaiah Likely,TE,3.8,2.6,2025,6
Jerry Jeudy,WR,3.8,9.3,2025,6
Malik Washington,WR,3.8,6.3,2025,6
Tyjae Spears,RB,3.7,9.0,2025,6
Harold Fannin Jr.,TE,3.7,15.1,2025,6
Tyler Lockett,WR,3.7,1.0,2025,6
Michael Wilson,WR,3.7,8.4,2025,6
DeAndre Hopkins,WR,3.6,4.0,2025,6
Pat Freiermuth,TE,3.6,2.1,2025,6
Colston Loveland,TE,3.6,3.1,2025,6
Tyler Johnson,WR,3.5,0.0,2025,6
Ollie Gordon II,RB,3.5,1.2,2025,6
Noah Gray,TE,3.5,4.5,2025,6
Blake Corum,RB,3.4,2.3,2025,6
Mitchell Evans,TE,3.4,3.1,2025,6
Josh Reynolds,WR,3.3,5.5,2025,6
Samaje Perine,RB,3.2,5.2,2025,6
Brashard Smith,RB,3.1,5.1,2025,6
Chris Moore,WR,3.1,13.6,2025,6
Hunter Long,TE,3.1,3.9,2025,6
Mo Alie-Cox,TE,3.1,2.6,2025,6
Nick Westbrook-Ikhine,WR,3.0,0.0,2025,6
Davis Allen,TE,3.0,1.7,2025,6
Isaiah Davis,RB,3.0,1.1,2025,6
LeQuint Allen Jr.,RB,2.9,2.2,2025,6
Zay Jones,WR,2.9,12.9,2025,6
Jack Bech,WR,2.9,0.0,2025,6
Jaydon Blue,RB,2.8,0.0,2025,6
Elijah Arroyo,TE,2.8,1.6,2025,6
Chimere Dike,WR,2.8,2.8,2025,6
Dawson Knox,TE,2.8,8.9,2025,6
Luke Musgrave,TE,2.8,1.7,2025,6
Ryan Flournoy,WR,2.8,6.3,2025,6
Greg Dortch,WR,2.7,9.9,2025,6
Emari Demercado,RB,2.6,0.1,2025,6
Ty Johnson,RB,2.6,2.6,2025,6
Devin Singletary,RB,2.6,1.0,2025,6
Ashton Dulin,WR,2.6,0.0,2025,6
Julian Hill,TE,2.6,6.1,2025,6
Chris Brooks,RB,2.5,0.1,2025,6
Jahan Dotson,WR,2.5,2.7,2025,6
Trevor Etienne,RB,2.4,1.7,2025,6
Pat Bryant,WR,2.4,4.2,2025,6
Roman Wilson,WR,2.3,2.2,2025,6
Tylan Wallace,WR,2.3,0.0,2025,6
Charlie Kolar,TE,2.3,0.0,2025,6
Isaiah Bond,WR,2.3,2.9,2025,6
Luke Farrell,TE,2.2,0.0,2025,6
Dylan Sampson,RB,2.2,4.4,2025,6
Casey Washington,WR,2.2,0.0,2025,6
AJ Dillon,RB,2.1,2.0,2025,6
Brian Robinson,RB,2.1,3.8,2025,6
Ameer Abdullah,RB,2.1,2.6,2025,6
Arian Smith,WR,2.1,0.0,2025,6
Jeremy Ruckert,TE,2.1,0.0,2025,6
Nate Adkins,TE,2.0,10.3,2025,6
Ray Davis,RB,2.0,9.9,2025,6
Tez Johnson,WR,2.0,11.5,2025,6
Luke McCaffrey,WR,2.0,10.3,2025,6
Darnell Washington,TE,1.9,9.2,2025,6
Drew Sample,TE,1.9,0.8,2025,6
Luke Schoonmaker,TE,1.9,1.8,2025,6
Elijah Higgins,TE,1.8,5.4,2025,6
Johnny Mundt,TE,1.8,2.4,2025,6
Tre Harris,WR,1.8,6.7,2025,6
Van Jefferson,WR,1.8,11.5,2025,6
Dee Eskridge,WR,1.8,0.0,2025,6
Michael Mayer,TE,1.7,16.0,2025,6
Ian Thomas,TE,1.7,1.4,2025,6
Keaton Mitchell,RB,1.7,0.0,2025,6
Sean Tucker,RB,1.6,8.5,2025,6
Tanner Conner,TE,1.4,1.8,2025,6
Savion Williams,WR,1.4,0.3,2025,6
Elijah Moore,WR,1.3,0.0,2025,6
George Holani,RB,1.3,0.0,2025,6
Bam Knight,RB,1.3,12.4,2025,6
DeeJay Dallas,RB,1.3,0.0,2025,6
Kaleb Johnson,RB,1.2,1.5,2025,6
Jaylin Lane,WR,1.2,5.4,2025,6
Will Shipley,RB,1.2,0.0,2025,6
Hassan Haskins,RB,1.2,3.3,2025,6
Kimani Vidal,RB,1.1,22.8,2025,6
Dareke Young,WR,1.0,0.0,2025,6
Jimmy Horn Jr.,WR,1.0,6.7,2025,6
Tyrell Shavers,WR,0.9,5.7,2025,6
Eric Saubert,TE,0.9,0.0,2025,6
Jamari Thrash,WR,0.8,3.3,2025,6
Kyle Williams,WR,0.7,0.0,2025,6
Ryan Miller,WR,0.7,0.0,2025,6
Terrance Ferguson,TE,0.7,0.0,2025,6
Julius Chestnut,RB,0.7,0.0,2025,6
Marquez Valdes-Scantling,WR,0.6,4.2,2025,6
Tank Bigsby,RB,0.6,0.0,2025,6
Alex Bachman,WR,0.6,0.0,2025,6
Ben Skowronek,WR,0.5,0.0,2025,6
Xavier Smith,WR,0.4,0.0,2025,6
Tim Patrick,WR,0.4,9.6,2025,6
Hunter Luepke,RB,0.4,8.7,2025,6
Dylan Laube,RB,0.4,0.0,2025,6
Brevyn Spann-Ford,TE,0.4,1.2,2025,6
Nikko Remigio,WR,0.3,0.0,2025,6
Skyy Moore,WR,0.3,0.0,2025,6
KeAndre Lambert-Smith,WR,0.3,1.1,2025,6
Anthony Gould,WR,0.2,0.0,2025,6
Jalin Hyatt,WR,0.2,4.7,2025,6
Craig Reynolds,RB,0.2,0.0,2025,6
Feleipe Franks,TE,0.1,0.2,2025,6
Jalen Moreno-Cropper,WR,0.1,0.0,2025,6
Taysom Hill,TE,0.1,6.1,2025,6
Jason Brownlee,WR,0.1,0.0,2025,6
Russell Wilson,QB,0.0,0.0,2025,6
Jayden Daniels,QB,0.0,21.64,2025,6
Joe Flacco,QB,0.0,18.76,2025,6
Devin Culp,TE,0.0,0.0,2025,6
David Martin-Robinson,TE,0.0,7.1,2025,6
Colson Yankoff,TE,0.0,0.0,2025,6
Cameron Latu,TE,0.0,0.0,2025,6
Simi Fehoko,WR,0.0,0.0,2025,6
Kene Nwangwu,RB,0.0,0.0,2025,6
Roschon Johnson,RB,0.0,0.6,2025,6
Rasheen Ali,RB,0.0,0.0,2025,6
Blake Whiteheart,TE,0.0,1.0,2025,6
Brayden Willis,TE,0.0,0.0,2025,6
KhaDarel Hodge,WR,0.0,0.0,2025,6
Gage Larvadain,WR,0.0,4.2,2025,6
Charlie Jones,WR,0.0,0.0,2025,6
Gunner Olszewski,WR,0.0,0.0,2025,6
Isaiah Williams,WR,0.0,0.0,2025,6
Justin Shorter,TE,0.0,0.0,2025,6
Jamal Agnew,WR,0.0,0.0,2025,6
Kameron Johnson,WR,0.0,16.4,2025,6
LaJohntay Wester,WR,0.0,0.0,2025,6
Devin Duvernay,WR,0.0,0.0,2025,6
Brady Russell,RB,0.0,0.0,2025,6
Mason Rudolph,QB,0.0,0.0,2025,6
Mac Jones,QB,0.0,11.18,2025,6
Jacoby Brissett,QB,0.0,20.7,2025,6
Jayden Daniels,QB,28.3,17.74,2025,7
Baker Mayfield,QB,23.4,11.12,2025,7
Dak Prescott,QB,23.3,23.26,2025,7
Jonathan Taylor,RB,22.0,34.2,2025,7
Bijan Robinson,RB,21.4,21.2,2025,7
Drake Maye,QB,21.3,23.08,2025,7
Matthew Stafford,QB,21.3,27.38,2025,7
Caleb Williams,QB,20.9,4.68,2025,7
Josh Jacobs,RB,20.6,18.8,2025,7
Patrick Mahomes,QB,20.6,26.24,2025,7
Daniel Jones,QB,20.2,22.22,2025,7
Aaron Rodgers,QB,19.3,22.56,2025,7
Kyren Williams,RB,19.0,8.5,2025,7
Ja'Marr Chase,WR,18.8,38.1,2025,7
Jared Goff,QB,18.7,10.34,2025,7
Justin Jefferson,WR,18.3,12.9,2025,7
Amon-Ra St. Brown,WR,18.2,20.6,2025,7
CeeDee Lamb,WR,18.2,22.0,2025,7
Jordan Love,QB,17.9,13.36,2025,7
C.J. Stroud,QB,17.5,13.66,2025,7
De'Von Achane,RB,17.3,12.8,2025,7
D'Andre Swift,RB,17.3,20.8,2025,7
Carson Wentz,QB,17.3,11.32,2025,7
Jahmyr Gibbs,RB,17.2,36.8,2025,7
Justin Fields,QB,17.1,4.04,2025,7
Jalen Hurts,QB,16.4,24.04,2025,7
Javonte Williams,RB,16.4,18.8,2025,7
Bo Nix,QB,16.1,39.96,2025,7
Justin Herbert,QB,15.8,27.9,2025,7
Sam Darnold,QB,15.6,8.62,2025,7
George Pickens,WR,15.3,12.2,2025,7
Nico Collins,WR,14.9,6.7,2025,7
Michael Pittman,WR,14.9,20.8,2025,7
Davante Adams,WR,14.7,26.5,2025,7
Jaylen Warren,RB,14.6,19.8,2025,7
Drake London,WR,14.5,8.2,2025,7
Rome Odunze,WR,14.4,5.1,2025,7
Jordan Addison,WR,14.3,21.8,2025,7
Michael Penix Jr.,QB,14.1,12.24,2025,7
Mac Jones,QB,13.9,5.18,2025,7
Ashton Jeanty,RB,13.9,4.4,2025,7
DK Metcalf,WR,13.7,8.0,2025,7
Christian McCaffrey,RB,13.6,39.1,2025,7
Jake Ferguson,TE,13.0,21.9,2025,7
Trevor Lawrence,QB,13.0,17.64,2025,7
Stefon Diggs,WR,12.9,13.9,2025,7
Saquon Barkley,RB,12.8,5.2,2025,7
Tyler Warren,TE,12.7,16.9,2025,7
Jacory Croskey-Merritt,RB,12.6,4.2,2025,7
Jordan Mason,RB,12.6,11.7,2025,7
Mike Evans,WR,12.6,0.0,2025,7
Alvin Kamara,RB,12.4,5.9,2025,7
Jaxson Dart,QB,12.3,28.42,2025,7
J.K. Dobbins,RB,12.3,9.0,2025,7
Sam LaPorta,TE,12.2,4.5,2025,7
Rachaad White,RB,12.2,8.4,2025,7
Geno Smith,QB,11.9,2.78,2025,7
Dallas Goedert,TE,11.9,4.8,2025,7
Kenny Gainwell,RB,11.9,3.5,2025,7
Rico Dowdle,RB,11.8,10.6,2025,7
David Montgomery,RB,11.8,5.9,2025,7
Emeka Egbuka,WR,11.7,9.8,2025,7
DJ Moore,WR,11.7,8.2,2025,7
Quentin Johnston,WR,11.5,11.0,2025,7
Jaxon Smith-Njigba,WR,11.5,26.3,2025,7
Chris Olave,WR,11.3,26.8,2025,7
Bryce Young,QB,11.2,10.52,2025,7
Ladd McConkey,WR,11.2,15.7,2025,7
Tee Higgins,WR,11.2,21.6,2025,7
Trey McBride,TE,11.1,29.4,2025,7
Breece Hall,RB,10.9,7.2,2025,7
Tony Pollard,RB,10.8,12.1,2025,7
Spencer Rattler,QB,10.8,10.52,2025,7
Cam Skattebo,RB,10.7,18.4,2025,7
Rhamondre Stevenson,RB,10.7,16.8,2025,7
Tucker Kraft,TE,10.7,16.8,2025,7
Kayshon Boutte,WR,10.7,13.5,2025,7
Jameson Williams,WR,10.7,0.0,2025,7
Romeo Doubs,WR,10.6,13.2,2025,7
Marquise Brown,WR,10.6,9.4,2025,7
Nick Chubb,RB,10.5,2.1,2025,7
Marvin Harrison Jr.,WR,10.4,7.8,2025,7
Tua Tagovailoa,QB,10.3,-1.4,2025,7
Courtland Sutton,WR,10.3,16.7,2025,7
Alec Pierce,WR,10.2,14.8,2025,7
Kendrick Bourne,WR,10.2,3.4,2025,7
Chase Brown,RB,10.1,12.0,2025,7
Tre Tucker,WR,9.9,8.3,2025,7
Travis Etienne,RB,9.8,6.5,2025,7
Travis Kelce,TE,9.8,8.4,2025,7
Hunter Henry,TE,9.6,7.3,2025,7
Chuba Hubbard,RB,9.6,7.5,2025,7
Brian Thomas Jr.,WR,9.6,6.1,2025,7
Jaylen Waddle,WR,9.3,2.5,2025,7
T.J. Hockenson,TE,9.3,10.3,2025,7
Keenan Allen,WR,9.3,28.9,2025,7
DeVonta Smith,WR,9.2,33.3,2025,7
Jonnu Smith,TE,9.1,11.8,2025,7
Woody Marks,RB,9.1,12.5,2025,7
Zach Ertz,TE,8.9,12.7,2025,7
Dillon Gabriel,QB,8.9,5.84,2025,7
Tyler Higbee,TE,8.8,4.9,2025,7
Kenneth Walker III,RB,8.8,6.6,2025,7
Isiah Pacheco,RB,8.5,12.4,2025,7
KaVontae Turpin,WR,8.5,2.7,2025,7
Juwan Johnson,TE,8.4,12.9,2025,7
Jauan Jennings,WR,8.3,7.1,2025,7
TreVeyon Henderson,RB,8.2,0.5,2025,7
A.J. Brown,WR,8.1,28.1,2025,7
Olamide Zaccheaus,WR,8.1,2.9,2025,7
Kyle Pitts,TE,8.0,13.2,2025,7
Matthew Golden,WR,7.9,7.7,2025,7
Kareem Hunt,RB,7.9,1.8,2025,7
Cam Ward,QB,7.9,10.2,2025,7
Tyler Allgeier,RB,7.8,1.6,2025,7
RJ Harvey,RB,7.6,7.2,2025,7
Tetairoa McMillan,WR,7.5,6.3,2025,7
Darnell Mooney,WR,7.4,9.8,2025,7
Rashid Shaheed,WR,7.3,8.0,2025,7
Jalen Nailor,WR,7.3,5.7,2025,7
Zach Charbonnet,RB,7.2,19.5,2025,7
AJ Barner,TE,7.0,1.9,2025,7
Cooper Kupp,WR,7.0,2.2,2025,7
Chris Moore,WR,6.9,7.9,2025,7
Chris Rodriguez Jr.,RB,6.7,7.2,2025,7
Tyquan Thornton,WR,6.7,4.9,2025,7
Cade Otton,TE,6.6,13.5,2025,7
Cole Kmet,TE,6.6,2.6,2025,7
Michael Carter,RB,6.6,5.6,2025,7
Dalton Schultz,TE,6.4,18.8,2025,7
Xavier Worthy,WR,6.3,7.8,2025,7
Elic Ayomanor,WR,6.2,4.9,2025,7
Zavier Scott,RB,6.2,1.6,2025,7
JuJu Smith-Schuster,WR,6.1,6.5,2025,7
Wan'Dale Robinson,WR,6.0,15.5,2025,7
Andrei Iosivas,WR,6.0,7.9,2025,7
Jeremy McNichols,RB,5.9,6.5,2025,7
Kyle Monangai,RB,5.9,17.4,2025,7
Lil'Jordan Humphrey,WR,5.8,0.0,2025,7
Dontayvion Wicks,WR,5.8,1.5,2025,7
Sterling Shepard,WR,5.8,7.5,2025,7
Troy Franklin,WR,5.8,12.9,2025,7
Luther Burden III,WR,5.7,3.1,2025,7
George Kittle,TE,5.6,0.0,2025,7
Adam Thielen,WR,5.6,2.0,2025,7
Evan Engram,TE,5.6,9.2,2025,7
Mack Hollins,WR,5.5,7.3,2025,7
Kendre Miller,RB,5.4,0.7,2025,7
Noah Fant,TE,5.4,14.4,2025,7
Oronde Gadsden II,TE,5.3,29.4,2025,7
Jalen Tolbert,WR,5.3,2.6,2025,7
Zay Jones,WR,5.2,8.7,2025,7
Austin Hooper,TE,4.9,9.1,2025,7
Demarcus Robinson,WR,4.9,0.0,2025,7
Darren Waller,TE,4.9,0.0,2025,7
Harold Fannin Jr.,TE,4.8,7.6,2025,7
Chig Okonkwo,TE,4.8,0.0,2025,7
Mason Taylor,TE,4.8,6.1,2025,7
Michael Wilson,WR,4.8,7.0,2025,7
Darnell Washington,TE,4.6,9.2,2025,7
Pat Freiermuth,TE,4.6,28.1,2025,7
Dyami Brown,WR,4.5,7.0,2025,7
Xavier Hutchinson,WR,4.5,2.3,2025,7
Jerry Jeudy,WR,4.5,3.7,2025,7
Jerome Ford,RB,4.4,3.0,2025,7
DeMario Douglas,WR,4.4,4.7,2025,7
Luke McCaffrey,WR,4.4,0.0,2025,7
Tommy Tremble,TE,4.4,1.0,2025,7
Samaje Perine,RB,4.3,3.1,2025,7
Michael Mayer,TE,4.2,2.0,2025,7
Xavier Legette,WR,4.2,24.2,2025,7
Ja'Tavion Sanders,TE,4.2,0.0,2025,7
Josh Oliver,TE,4.2,1.9,2025,7
Noah Gray,TE,4.1,3.8,2025,7
Colston Loveland,TE,4.1,5.4,2025,7
Ryan Flournoy,WR,4.1,0.0,2025,7
Kimani Vidal,RB,4.1,7.5,2025,7
Jordan Whittington,WR,4.1,2.9,2025,7
Emanuel Wilson,RB,4.0,2.5,2025,7
Raheem Mostert,RB,4.0,1.2,2025,7
Brock Wright,TE,4.0,5.3,2025,7
Tyrone Tracy Jr.,RB,3.8,10.6,2025,7
Dont'e Thornton Jr.,WR,3.8,0.0,2025,7
Blake Corum,RB,3.8,5.3,2025,7
Tyler Badie,RB,3.7,3.9,2025,7
Bhayshul Tuten,RB,3.7,2.2,2025,7
Bam Knight,RB,3.7,9.4,2025,7
Josh Reynolds,WR,3.6,5.9,2025,7
Tyjae Spears,RB,3.5,7.0,2025,7
Will Dissly,TE,3.5,0.0,2025,7
Tyler Johnson,WR,3.5,9.0,2025,7
Mitchell Evans,TE,3.4,4.4,2025,7
Tory Horton,WR,3.4,0.0,2025,7
Isaac TeSlaa,WR,3.4,0.0,2025,7
Theo Johnson,TE,3.3,15.6,2025,7
Jayden Higgins,WR,3.3,0.0,2025,7
Mo Alie-Cox,TE,3.3,1.6,2025,7
Marvin Mims Jr.,WR,3.3,15.8,2025,7
Van Jefferson,WR,3.3,8.1,2025,7
Sean Tucker,RB,3.2,1.6,2025,7
Parker Washington,WR,3.1,10.2,2025,7
Brashard Smith,RB,3.1,13.1,2025,7
Tre Harris,WR,3.1,4.3,2025,7
Isaiah Davis,RB,3.1,5.2,2025,7
Gunnar Helm,TE,3.1,7.6,2025,7
Greg Dortch,WR,3.0,2.5,2025,7
Tez Johnson,WR,3.0,15.8,2025,7
Tyler Lockett,WR,2.9,3.8,2025,7
Jack Bech,WR,2.8,3.3,2025,7
Pat Bryant,WR,2.7,1.6,2025,7
Davis Allen,TE,2.7,1.4,2025,7
Kalif Raymond,WR,2.6,4.7,2025,7
Ollie Gordon II,RB,2.5,2.3,2025,7
Chimere Dike,WR,2.5,16.9,2025,7
Malik Washington,WR,2.5,8.0,2025,7
Dylan Sampson,RB,2.5,2.7,2025,7
Jaylin Lane,WR,2.4,9.0,2025,7
Nate Adkins,TE,2.4,4.0,2025,7
Luke Farrell,TE,2.3,2.1,2025,7
Elijah Higgins,TE,2.3,1.3,2025,7
Elijah Arroyo,TE,2.3,6.2,2025,7
John FitzPatrick,TE,2.3,1.6,2025,7
Hunter Long,TE,2.3,3.6,2025,7
LeQuint Allen Jr.,RB,2.2,1.4,2025,7
Arian Smith,WR,2.2,1.0,2025,7
Drew Sample,TE,2.2,0.0,2025,7
John Bates,TE,2.1,1.5,2025,7
Jeremy Ruckert,TE,2.0,0.0,2025,7
Kameron Johnson,WR,2.0,0.0,2025,7
Brian Robinson,RB,2.0,3.6,2025,7
Nick Westbrook-Ikhine,WR,1.9,4.6,2025,7
Hassan Haskins,RB,1.9,2.5,2025,7
Colby Parkinson,TE,1.9,7.7,2025,7
Jack Stoll,TE,1.9,0.0,2025,7
Jaydon Blue,RB,1.9,4.4,2025,7
Ameer Abdullah,RB,1.8,3.7,2025,7
Harrison Bryant,TE,1.8,0.0,2025,7
Devin Singletary,RB,1.8,0.2,2025,7
Adonai Mitchell,WR,1.8,1.8,2025,7
Julian Hill,TE,1.8,1.1,2025,7
Trevor Etienne,RB,1.7,0.0,2025,7
Chris Brooks,RB,1.6,0.0,2025,7
Devin Neal,RB,1.5,0.1,2025,7
Jaylin Noel,WR,1.5,11.7,2025,7
Brycen Tremayne,WR,1.5,0.0,2025,7
Casey Washington,WR,1.5,2.7,2025,7
Dare Ogunbowale,RB,1.4,0.0,2025,7
Johnny Mundt,TE,1.3,1.9,2025,7
Jimmy Horn Jr.,WR,1.2,2.5,2025,7
Daniel Bellinger,TE,1.2,17.8,2025,7
Hunter Luepke,RB,1.1,1.3,2025,7
Tim Patrick,WR,1.1,3.2,2025,7
Roman Wilson,WR,1.1,3.7,2025,7
Malik Heath,WR,1.1,0.0,2025,7
Jamari Thrash,WR,1.0,3.3,2025,7
Savion Williams,WR,1.0,0.0,2025,7
Allen Lazard,WR,0.9,3.6,2025,7
Dee Eskridge,WR,0.9,6.5,2025,7
Tanner Conner,TE,0.8,3.8,2025,7
George Holani,RB,0.8,0.0,2025,7
Konata Mumpfield,WR,0.7,7.5,2025,7
Will Shipley,RB,0.7,1.7,2025,7
Brevyn Spann-Ford,TE,0.6,0.0,2025,7
Ben Skowronek,WR,0.6,0.0,2025,7
Terrance Ferguson,TE,0.6,10.1,2025,7
Tai Felton,WR,0.6,0.0,2025,7
Tahj Brooks,RB,0.6,0.0,2025,7
Gage Larvadain,WR,0.5,0.0,2025,7
Dareke Young,WR,0.5,0.0,2025,7
Kyle Williams,WR,0.5,0.0,2025,7
Julius Chestnut,RB,0.5,0.0,2025,7
Jalin Hyatt,WR,0.5,0.0,2025,7
Jake Bobo,WR,0.4,1.3,2025,7
Charlie Woerner,TE,0.4,0.0,2025,7
Alex Bachman,WR,0.4,0.0,2025,7
Ryan Miller,WR,0.3,2.4,2025,7
Dylan Laube,RB,0.3,1.4,2025,7
Anthony Gould,WR,0.3,1.3,2025,7
Nyheim Hines,RB,0.3,0.0,2025,7
Roschon Johnson,RB,0.3,1.1,2025,7
Jacob Saylors,RB,0.3,0.0,2025,7
Beaux Collins,WR,0.2,0.0,2025,7
Xavier Smith,WR,0.2,3.5,2025,7
Myles Price,WR,0.2,0.0,2025,7
Nikko Remigio,WR,0.2,0.0,2025,7
Skyy Moore,WR,0.2,2.5,2025,7
Ke'Shawn Williams,WR,0.2,0.0,2025,7
Efton Chism III,WR,0.1,0.0,2025,7
Tank Bigsby,RB,0.1,2.0,2025,7
Malik Turner,WR,0.1,0.0,2025,7
Taysom Hill,TE,0.1,2.8,2025,7
Kene Nwangwu,RB,0.1,0.0,2025,7
Mason Tipton,WR,0.1,0.0,2025,7
Malachi Corley,WR,0.1,3.7,2025,7
Scott Miller,WR,0.1,1.9,2025,7
Devin Duvernay,WR,0.0,0.0,2025,7
Charlie Jones,WR,0.0,0.0,2025,7
Isaac Guerendo,RB,0.0,0.0,2025,7
Colson Yankoff,TE,0.0,0.0,2025,7
Cameron Latu,TE,0.0,0.0,2025,7
Xavier Weaver,WR,0.0,0.0,2025,7
Andrew Ogletree,TE,0.0,0.0,2025,7
Xavier Gipson,WR,0.0,0.0,2025,7
Blake Whiteheart,TE,0.0,1.4,2025,7
Joshua Dobbs,QB,0.0,0.28,2025,7
Tyrod Taylor,QB,0.0,2.14,2025,7
Brady Russell,RB,0.0,0.0,2025,7
Joe Flacco,QB,0.0,25.98,2025,7
Simi Fehoko,WR,0.0,0.0,2025,7
Derius Davis,WR,0.0,0.0,2025,7
KhaDarel Hodge,WR,0.0,0.0,2025,7
Isaiah Williams,WR,0.0,0.0,2025,7
Jacoby Brissett,QB,0.0,19.76,2025,7
Gunner Olszewski,WR,0.0,0.0,2025,7
Jamal Agnew,WR,0.0,0.0,2025,7
Marcus Mariota,QB,0.0,3.92,2025,7
Andy Dalton,QB,0.0,2.2,2025,7
Jonathan Taylor,RB,30.1,37.4,2025,8
Bo Nix,QB,26.5,23.78,2025,8
Patrick Mahomes,QB,25.3,22.96,2025,8
Daniel Jones,QB,23.8,23.18,2025,8
Jalen Hurts,QB,23.4,25.36,2025,8
Baker Mayfield,QB,22.6,4.08,2025,8
De'Von Achane,RB,22.2,20.1,2025,8
Josh Allen,QB,21.0,23.22,2025,8
Ja'Marr Chase,WR,20.6,21.1,2025,8
Jaxson Dart,QB,19.4,19.42,2025,8
Justin Fields,QB,18.8,20.86,2025,8
James Cook,RB,18.0,33.6,2025,8
Saquon Barkley,RB,17.8,33.4,2025,8
Caleb Williams,QB,17.3,11.8,2025,8
Drake Maye,QB,16.8,26.28,2025,8
Dak Prescott,QB,16.7,6.62,2025,8
Aaron Rodgers,QB,16.7,16.76,2025,8
Carson Wentz,QB,16.4,7.76,2025,8
Tyler Warren,TE,16.3,9.3,2025,8
Michael Pittman,WR,16.3,23.5,2025,8
Justin Jefferson,WR,16.3,14.4,2025,8
D'Andre Swift,RB,16.2,15.1,2025,8
Courtland Sutton,WR,16.1,10.7,2025,8
Jordan Addison,WR,15.9,11.6,2025,8
Bijan Robinson,RB,15.8,5.8,2025,8
C.J. Stroud,QB,15.7,21.72,2025,8
Josh Jacobs,RB,15.6,13.5,2025,8
Justin Herbert,QB,15.4,25.28,2025,8
Jaylen Warren,RB,15.3,9.3,2025,8
DeVonta Smith,WR,15.2,14.4,2025,8
Tua Tagovailoa,QB,15.0,24.2,2025,8
Jordan Love,QB,14.9,28.3,2025,8
Rachaad White,RB,14.6,8.1,2025,8
J.K. Dobbins,RB,14.1,14.1,2025,8
Cam Skattebo,RB,14.0,10.0,2025,8
Joe Flacco,QB,14.0,24.32,2025,8
Chris Olave,WR,14.0,14.0,2025,8
Alec Pierce,WR,14.0,8.9,2025,8
Alvin Kamara,RB,13.5,6.5,2025,8
Christian McCaffrey,RB,13.3,9.8,2025,8
Jordan Mason,RB,13.3,1.6,2025,8
Spencer Rattler,QB,13.0,2.64,2025,8
Josh Downs,WR,13.0,12.9,2025,8
CeeDee Lamb,WR,12.9,14.6,2025,8
Derrick Henry,RB,12.6,19.1,2025,8
Marquise Brown,WR,12.6,0.0,2025,8
Travis Kelce,TE,12.5,21.9,2025,8
Rico Dowdle,RB,12.4,5.4,2025,8
Dallas Goedert,TE,11.9,17.8,2025,8
Tee Higgins,WR,11.8,11.4,2025,8
Javonte Williams,RB,11.7,17.9,2025,8
Chase Brown,RB,11.6,25.5,2025,8
Rome Odunze,WR,11.5,18.4,2025,8
Ladd McConkey,WR,11.1,20.8,2025,8
DK Metcalf,WR,11.0,16.5,2025,8
Keenan Allen,WR,11.0,8.4,2025,8
Isiah Pacheco,RB,10.9,5.8,2025,8
Breece Hall,RB,10.7,32.86,2025,8
DJ Moore,WR,10.5,11.6,2025,8
George Pickens,WR,10.5,14.8,2025,8
Emeka Egbuka,WR,10.5,6.5,2025,8
Jake Ferguson,TE,10.4,0.0,2025,8
Tony Pollard,RB,10.3,6.3,2025,8
Jaylen Waddle,WR,10.1,20.9,2025,8
Stefon Diggs,WR,10.1,10.4,2025,8
Romeo Doubs,WR,9.9,9.4,2025,8
Woody Marks,RB,9.6,15.1,2025,8
Mac Jones,QB,9.6,18.02,2025,8
Deebo Samuel Sr.,WR,9.6,4.2,2025,8
Kenny Gainwell,RB,9.3,3.5,2025,8
Chuba Hubbard,RB,9.1,9.4,2025,8
Tucker Kraft,TE,9.0,33.3,2025,8
T.J. Hockenson,TE,9.0,4.6,2025,8
Aaron Jones,RB,9.0,5.0,2025,8
Kayshon Boutte,WR,8.8,16.5,2025,8
Zay Flowers,WR,8.7,14.1,2025,8
Juwan Johnson,TE,8.6,10.3,2025,8
Dalton Kincaid,TE,8.5,3.3,2025,8
RJ Harvey,RB,8.5,24.1,2025,8
Rhamondre Stevenson,RB,8.5,5.9,2025,8
Jonnu Smith,TE,8.5,3.7,2025,8
Nick Chubb,RB,8.4,8.9,2025,8
Troy Franklin,WR,8.4,26.9,2025,8
Kyle Pitts,TE,8.4,14.9,2025,8
Xavier Worthy,WR,8.3,10.3,2025,8
Cade Otton,TE,8.3,8.0,2025,8
JuJu Smith-Schuster,WR,8.3,4.9,2025,8
Cam Ward,QB,8.2,12.76,2025,8
Evan Engram,TE,8.2,7.6,2025,8
Kareem Hunt,RB,8.1,17.2,2025,8
Tetairoa McMillan,WR,8.1,16.9,2025,8
Jacory Croskey-Merritt,RB,8.0,2.5,2025,8
Oronde Gadsden II,TE,7.8,18.7,2025,8
Terry McLaurin,WR,7.8,14.4,2025,8
Dalton Schultz,TE,7.7,4.4,2025,8
Mark Andrews,TE,7.6,6.4,2025,8
Khalil Shakir,WR,7.5,20.8,2025,8
Xavier Legette,WR,7.5,3.7,2025,8
Noah Fant,TE,7.5,7.1,2025,8
Hunter Henry,TE,7.5,7.7,2025,8
Dillon Gabriel,QB,7.5,11.54,2025,8
Wan'Dale Robinson,WR,7.3,7.8,2025,8
Justice Hill,RB,7.3,0.2,2025,8
Pat Freiermuth,TE,7.3,4.3,2025,8
Olamide Zaccheaus,WR,7.2,10.3,2025,8
Kendrick Bourne,WR,7.1,7.4,2025,8
Jalen Nailor,WR,7.0,0.0,2025,8
Kyle Monangai,RB,6.9,2.4,2025,8
Jauan Jennings,WR,6.7,8.5,2025,8
Marvin Mims Jr.,WR,6.6,1.8,2025,8
Calvin Austin III,WR,6.5,6.8,2025,8
Matthew Golden,WR,6.3,3.4,2025,8
Adam Thielen,WR,6.2,0.0,2025,8
Darnell Mooney,WR,6.2,2.1,2025,8
Andrei Iosivas,WR,6.1,0.0,2025,8
Keon Coleman,WR,5.9,6.0,2025,8
Sterling Shepard,WR,5.9,1.8,2025,8
Zach Ertz,TE,5.9,5.6,2025,8
Jake Tonges,TE,5.6,7.2,2025,8
Tyrone Tracy Jr.,RB,5.5,7.3,2025,8
Brashard Smith,RB,5.5,0.8,2025,8
Noah Gray,TE,5.4,4.3,2025,8
Elic Ayomanor,WR,5.4,9.2,2025,8
George Kittle,TE,5.4,14.3,2025,8
Isaiah Likely,TE,5.0,2.8,2025,8
Chris Rodriguez Jr.,RB,5.0,0.2,2025,8
David Njoku,TE,5.0,13.7,2025,8
Theo Johnson,TE,4.9,5.0,2025,8
Luther Burden III,WR,4.9,0.9,2025,8
Tyjae Spears,RB,4.9,17.2,2025,8
Zavier Scott,RB,4.8,4.4,2025,8
Mason Taylor,TE,4.8,14.4,2025,8
Tyler Badie,RB,4.8,0.6,2025,8
Mack Hollins,WR,4.7,15.9,2025,8
Samaje Perine,RB,4.5,17.0,2025,8
Jerome Ford,RB,4.5,0.9,2025,8
Jeremy McNichols,RB,4.5,11.8,2025,8
Austin Hooper,TE,4.5,5.8,2025,8
Darius Slayton,WR,4.4,4.6,2025,8
Rashod Bateman,WR,4.4,7.1,2025,8
Tyler Allgeier,RB,4.4,9.4,2025,8
Tez Johnson,WR,4.4,9.3,2025,8
Kimani Vidal,RB,4.2,19.7,2025,8
Chimere Dike,WR,4.2,16.4,2025,8
Dameon Pierce,RB,4.2,0.0,2025,8
Harold Fannin Jr.,TE,4.1,18.4,2025,8
Chig Okonkwo,TE,4.1,9.3,2025,8
TreVeyon Henderson,RB,4.1,5.5,2025,8
DeAndre Hopkins,WR,4.0,2.4,2025,8
Sean Tucker,RB,4.0,10.2,2025,8
Colston Loveland,TE,4.0,6.8,2025,8
Devaughn Vele,WR,4.0,2.0,2025,8
Tyler Johnson,WR,3.9,15.4,2025,8
Malik Washington,WR,3.8,13.6,2025,8
Van Jefferson,WR,3.8,1.6,2025,8
Jerry Jeudy,WR,3.7,0.0,2025,8
Xavier Hutchinson,WR,3.6,17.9,2025,8
Jayden Higgins,WR,3.6,13.4,2025,8
Nate Adkins,TE,3.5,0.0,2025,8
Emanuel Wilson,RB,3.5,11.7,2025,8
Curtis Samuel,WR,3.5,0.0,2025,8
Pat Bryant,WR,3.5,12.0,2025,8
Tommy Tremble,TE,3.5,1.4,2025,8
DeMario Douglas,WR,3.4,5.7,2025,8
Dawson Knox,TE,3.4,2.5,2025,8
Isaiah Davis,RB,3.4,17.9,2025,8
Brandin Cooks,WR,3.4,5.2,2025,8
Gunnar Helm,TE,3.4,10.3,2025,8
Jalen Tolbert,WR,3.3,12.7,2025,8
Adam Trautman,TE,3.3,0.0,2025,8
Nick Westbrook-Ikhine,WR,3.2,2.8,2025,8
Demarcus Robinson,WR,3.1,4.5,2025,8
Daniel Bellinger,TE,3.1,3.1,2025,8
Tre Harris,WR,3.1,8.8,2025,8
Ryan Flournoy,WR,3.0,1.7,2025,8
Ollie Gordon II,RB,3.0,13.6,2025,8
Dylan Sampson,RB,2.9,7.9,2025,8
Jahan Dotson,WR,2.9,11.0,2025,8
KaVontae Turpin,WR,2.9,0.8,2025,8
Ty Johnson,RB,2.8,0.6,2025,8
Ameer Abdullah,RB,2.8,1.8,2025,8
Roman Wilson,WR,2.8,17.4,2025,8
Jackson Hawes,TE,2.8,3.5,2025,8
Jaylin Noel,WR,2.7,11.3,2025,8
Ja'Tavion Sanders,TE,2.7,4.9,2025,8
Foster Moreau,TE,2.7,0.0,2025,8
Ashton Dulin,WR,2.5,0.2,2025,8
Charlie Kolar,TE,2.3,8.0,2025,8
Isaiah Bond,WR,2.3,0.0,2025,8
Arian Smith,WR,2.2,3.3,2025,8
Brian Robinson,RB,2.2,0.0,2025,8
David Sills,WR,2.2,3.4,2025,8
Dee Eskridge,WR,2.2,0.0,2025,8
Ray Davis,RB,2.2,1.6,2025,8
Tylan Wallace,WR,2.1,1.6,2025,8
Devin Singletary,RB,2.0,3.8,2025,8
Jaylin Lane,WR,2.0,1.0,2025,8
Tanner Hudson,TE,1.9,1.9,2025,8
Luke McCaffrey,WR,1.9,5.4,2025,8
Kameron Johnson,WR,1.9,0.0,2025,8
Luke Farrell,TE,1.9,0.0,2025,8
Luke Schoonmaker,TE,1.8,4.5,2025,8
Nate Carter,RB,1.8,1.4,2025,8
Luke Musgrave,TE,1.8,1.5,2025,8
Jaydon Blue,RB,1.7,2.9,2025,8
Jeremy Ruckert,TE,1.7,3.4,2025,8
John FitzPatrick,TE,1.6,1.4,2025,8
Trevor Etienne,RB,1.5,1.6,2025,8
Will Shipley,RB,1.5,0.2,2025,8
Tyler Goodson,RB,1.5,0.2,2025,8
Adonai Mitchell,WR,1.4,0.0,2025,8
Allen Lazard,WR,1.4,1.5,2025,8
Devin Neal,RB,1.4,4.1,2025,8
Brycen Tremayne,WR,1.3,0.0,2025,8
Jimmy Horn Jr.,WR,1.3,0.9,2025,8
Jack Stoll,TE,1.3,0.0,2025,8
Harrison Bryant,TE,1.2,0.0,2025,8
Chris Brooks,RB,1.2,0.0,2025,8
Casey Washington,WR,1.2,3.5,2025,8
Jamari Thrash,WR,1.1,5.1,2025,8
Elijah Moore,WR,1.1,2.4,2025,8
John Bates,TE,1.1,3.2,2025,8
Keaton Mitchell,RB,1.1,4.3,2025,8
Tanner Conner,TE,1.0,2.6,2025,8
Malik Heath,WR,0.9,5.9,2025,8
Terrell Jennings,RB,0.8,1.5,2025,8
Ben Yurosek,TE,0.8,1.5,2025,8
Dare Ogunbowale,RB,0.8,2.7,2025,8
David Martin-Robinson,TE,0.8,0.0,2025,8
Hunter Luepke,RB,0.8,0.2,2025,8
Ben Sinnott,TE,0.7,3.2,2025,8
Savion Williams,WR,0.6,7.9,2025,8
Tank Bigsby,RB,0.6,10.4,2025,8
Malachi Corley,WR,0.5,3.1,2025,8
Anthony Gould,WR,0.5,0.0,2025,8
Taysom Hill,TE,0.5,2.2,2025,8
Josh Williams,RB,0.5,1.1,2025,8
Tahj Brooks,RB,0.5,0.0,2025,8
Skyy Moore,WR,0.4,0.0,2025,8
British Brooks,RB,0.4,0.0,2025,8
Brevyn Spann-Ford,TE,0.4,1.9,2025,8
Ben Skowronek,WR,0.4,2.3,2025,8
Jalen Coker,WR,0.4,6.6,2025,8
Julius Chestnut,RB,0.3,0.5,2025,8
Nikko Remigio,WR,0.3,0.0,2025,8
Gage Larvadain,WR,0.3,0.3,2025,8
Myles Price,WR,0.2,0.0,2025,8
Nyheim Hines,RB,0.2,-0.2,2025,8
Beaux Collins,WR,0.2,2.8,2025,8
Braxton Berrios,WR,0.2,8.8,2025,8
Mason Tipton,WR,0.2,0.0,2025,8
Rasheen Ali,RB,0.1,0.0,2025,8
Jahdae Walker,WR,0.1,0.0,2025,8
Feleipe Franks,TE,0.1,0.0,2025,8
Malik Davis,RB,0.1,0.3,2025,8
Zach Wilson,QB,0.0,0.0,2025,8
Max Brosmer,QB,0.0,0.52,2025,8
Mitchell Trubisky,QB,0.0,0.88,2025,8
Tyler Shough,QB,0.0,4.32,2025,8
Cameron Latu,TE,0.0,0.0,2025,8
Reggie Gilliam,RB,0.0,0.0,2025,8
Joe Milton III,QB,0.0,6.32,2025,8
Xavier Gipson,WR,0.0,1.3,2025,8
Andrew Ogletree,TE,0.0,0.0,2025,8
Travis Homer,RB,0.0,0.0,2025,8
Charlie Jones,WR,0.0,0.0,2025,8
Ke'Shawn Williams,WR,0.0,0.0,2025,8
KhaDarel Hodge,WR,0.0,6.1,2025,8
Gunner Olszewski,WR,0.0,0.0,2025,8
Jamal Agnew,WR,0.0,0.0,2025,8
Isaiah Williams,WR,0.0,8.6,2025,8
Devin Duvernay,WR,0.0,1.2,2025,8
Derius Davis,WR,0.0,0.0,2025,8
Marcus Mariota,QB,0.0,11.32,2025,8
Andy Dalton,QB,0.0,1.1,2025,8
Justin Herbert,QB,24.8,27.7,2025,9
Josh Allen,QB,23.8,28.82,2025,9
Matthew Stafford,QB,21.7,26.84,2025,9
Drake Maye,QB,20.8,16.36,2025,9
Patrick Mahomes,QB,20.0,10.5,2025,9
De'Von Achane,RB,20.0,16.6,2025,9
Sam Darnold,QB,20.0,27.2,2025,9
Jaxson Dart,QB,19.8,27.24,2025,9
Puka Nacua,WR,19.7,22.8,2025,9
Jonathan Taylor,RB,19.6,7.7,2025,9
Dak Prescott,QB,19.3,15.4,2025,9
Kyren Williams,RB,18.6,17.4,2025,9
Daniel Jones,QB,18.3,14.08,2025,9
Christian McCaffrey,RB,18.0,34.3,2025,9
Josh Jacobs,RB,18.0,20.0,2025,9
James Cook,RB,17.6,13.5,2025,9
Tua Tagovailoa,QB,17.6,8.54,2025,9
Ja'Marr Chase,WR,17.5,17.1,2025,9
Jahmyr Gibbs,RB,16.9,5.8,2025,9
Caleb Williams,QB,16.8,38.7,2025,9
Jacoby Brissett,QB,16.7,24.84,2025,9
Rashee Rice,WR,16.7,18.6,2025,9
Amon-Ra St. Brown,WR,16.3,18.7,2025,9
Jordan Love,QB,16.3,9.02,2025,9
Ladd McConkey,WR,15.9,9.6,2025,9
Bo Nix,QB,15.8,18.52,2025,9
Jaxon Smith-Njigba,WR,15.7,22.0,2025,9
Quentin Johnston,WR,15.5,15.3,2025,9
CeeDee Lamb,WR,15.5,15.5,2025,9
Javonte Williams,RB,15.4,7.3,2025,9
Justin Jefferson,WR,15.2,16.7,2025,9
Ashton Jeanty,RB,15.0,19.9,2025,9
Jared Goff,QB,14.8,19.36,2025,9
Mac Jones,QB,14.5,15.8,2025,9
Aaron Rodgers,QB,14.4,12.12,2025,9
Bijan Robinson,RB,14.3,17.6,2025,9
Davante Adams,WR,14.2,23.0,2025,9
Drake London,WR,14.2,38.8,2025,9
Joe Flacco,QB,13.9,30.7,2025,9
Jordan Addison,WR,13.8,8.4,2025,9
Geno Smith,QB,13.7,26.26,2025,9
Keenan Allen,WR,13.7,6.1,2025,9
Zach Charbonnet,RB,13.7,5.6,2025,9
Trevor Lawrence,QB,13.6,21.2,2025,9
George Pickens,WR,13.5,13.9,2025,9
Trey McBride,TE,13.5,16.5,2025,9
Kenneth Walker III,RB,13.2,8.1,2025,9
Rico Dowdle,RB,12.8,28.1,2025,9
C.J. Stroud,QB,12.7,4.36,2025,9
Tucker Kraft,TE,12.6,4.0,2025,9
Chase Brown,RB,12.5,19.2,2025,9
Oronde Gadsden II,TE,12.5,11.8,2025,9
Jaylen Waddle,WR,12.2,14.2,2025,9
Rome Odunze,WR,12.2,0.0,2025,9
Jordan Mason,RB,11.7,4.7,2025,9
Michael Pittman,WR,11.6,20.5,2025,9
Marvin Harrison Jr.,WR,11.5,22.6,2025,9
Tyler Warren,TE,11.4,7.6,2025,9
Jaylen Warren,RB,11.4,16.9,2025,9
Derrick Henry,RB,11.3,13.1,2025,9
Chris Olave,WR,11.3,8.7,2025,9
Tony Pollard,RB,10.9,7.8,2025,9
Kimani Vidal,RB,10.7,3.0,2025,9
Kyle Pitts,TE,10.6,7.8,2025,9
Khalil Shakir,WR,10.3,11.3,2025,9
Tre Tucker,WR,10.3,6.8,2025,9
Alec Pierce,WR,10.2,17.5,2025,9
Jake Ferguson,TE,10.2,8.0,2025,9
Josh Downs,WR,10.2,17.7,2025,9
DJ Moore,WR,10.1,22.98,2025,9
Cam Ward,QB,10.1,6.4,2025,9
Rashid Shaheed,WR,10.1,11.8,2025,9
Tee Higgins,WR,10.0,33.1,2025,9
Alvin Kamara,RB,9.9,0.7,2025,9
Kayshon Boutte,WR,9.9,0.0,2025,9
Stefon Diggs,WR,9.9,12.8,2025,9
Travis Etienne,RB,9.7,16.5,2025,9
Zay Flowers,WR,9.7,11.4,2025,9
Brock Bowers,TE,9.6,43.3,2025,9
Sam LaPorta,TE,9.4,21.7,2025,9
David Montgomery,RB,9.3,11.0,2025,9
Brian Thomas Jr.,WR,9.2,8.5,2025,9
J.K. Dobbins,RB,9.2,6.9,2025,9
DK Metcalf,WR,9.1,2.6,2025,9
Kendrick Bourne,WR,9.0,5.4,2025,9
George Kittle,TE,8.7,6.9,2025,9
Tyler Higbee,TE,8.6,10.3,2025,9
Tyjae Spears,RB,8.6,9.2,2025,9
Jacory Croskey-Merritt,RB,8.6,5.1,2025,9
Jauan Jennings,WR,8.5,14.1,2025,9
Travis Kelce,TE,8.5,12.6,2025,9
Woody Marks,RB,8.5,2.7,2025,9
T.J. Hockenson,TE,8.4,9.1,2025,9
Wan'Dale Robinson,WR,8.4,13.6,2025,9
Chuba Hubbard,RB,8.4,1.7,2025,9
Romeo Doubs,WR,8.3,16.1,2025,9
Nico Collins,WR,8.3,14.5,2025,9
AJ Barner,TE,8.0,11.5,2025,9
Jakobi Meyers,WR,7.9,6.3,2025,9
Deebo Samuel Sr.,WR,7.9,9.4,2025,9
Hunter Henry,TE,7.8,9.1,2025,9
Jameson Williams,WR,7.8,16.6,2025,9
Courtland Sutton,WR,7.7,10.0,2025,9
Olamide Zaccheaus,WR,7.6,17.8,2025,9
Dalton Kincaid,TE,7.6,22.1,2025,9
Kareem Hunt,RB,7.4,12.5,2025,9
Mark Andrews,TE,7.4,16.6,2025,9
Kyle Monangai,RB,7.2,22.8,2025,9
Keon Coleman,WR,7.1,3.7,2025,9
Aaron Jones,RB,7.1,11.8,2025,9
Kenny Gainwell,RB,7.1,7.4,2025,9
Tetairoa McMillan,WR,6.8,8.6,2025,9
Darnell Mooney,WR,6.8,2.5,2025,9
Christian Watson,WR,6.7,7.8,2025,9
Xavier Worthy,WR,6.7,6.0,2025,9
Noah Fant,TE,6.6,10.8,2025,9
Elic Ayomanor,WR,6.4,7.6,2025,9
Mack Hollins,WR,6.4,2.9,2025,9
Nick Chubb,RB,6.4,3.4,2025,9
Tyrone Tracy Jr.,RB,6.3,6.7,2025,9
Jonnu Smith,TE,6.3,5.5,2025,9
Cole Kmet,TE,6.2,2.0,2025,9
RJ Harvey,RB,6.2,16.6,2025,9
Justice Hill,RB,6.1,3.5,2025,9
Emanuel Wilson,RB,6.0,2.7,2025,9
Zach Ertz,TE,5.9,8.6,2025,9
Chimere Dike,WR,5.9,7.5,2025,9
Samaje Perine,RB,5.9,0.5,2025,9
Juwan Johnson,TE,5.9,12.1,2025,9
Michael Wilson,WR,5.9,9.1,2025,9
Bam Knight,RB,5.8,6.7,2025,9
Troy Franklin,WR,5.8,8.3,2025,9
Jeremy McNichols,RB,5.6,0.0,2025,9
Calvin Austin III,WR,5.6,10.6,2025,9
Tre Harris,WR,5.4,3.8,2025,9
Matthew Golden,WR,5.3,2.9,2025,9
Pat Freiermuth,TE,5.3,11.7,2025,9
Malik Washington,WR,5.3,7.1,2025,9
Jalen Nailor,WR,5.3,2.6,2025,9
TreVeyon Henderson,RB,5.1,12.7,2025,9
Theo Johnson,TE,5.0,11.7,2025,9
Austin Hooper,TE,5.0,3.0,2025,9
Tyler Allgeier,RB,4.9,0.6,2025,9
Tyquan Thornton,WR,4.9,0.0,2025,9
Marquise Brown,WR,4.9,9.3,2025,9
Dalton Schultz,TE,4.9,13.7,2025,9
JuJu Smith-Schuster,WR,4.8,1.2,2025,9
Dyami Brown,WR,4.8,5.9,2025,9
Colston Loveland,TE,4.8,29.8,2025,9
Xavier Legette,WR,4.8,3.2,2025,9
Rashod Bateman,WR,4.7,9.3,2025,9
Chig Okonkwo,TE,4.7,3.0,2025,9
Evan Engram,TE,4.7,0.0,2025,9
Andrei Iosivas,WR,4.6,18.0,2025,9
Christian Kirk,WR,4.5,6.6,2025,9
Blake Corum,RB,4.5,5.8,2025,9
Parker Washington,WR,4.5,17.0,2025,9
Jaret Patterson,RB,4.4,4.4,2025,9
Raheem Mostert,RB,4.4,2.4,2025,9
David Sills,WR,4.4,0.0,2025,9
Chris Rodriguez Jr.,RB,4.4,12.5,2025,9
Michael Mayer,TE,4.3,5.6,2025,9
Isaiah Likely,TE,4.3,9.0,2025,9
Ollie Gordon II,RB,4.1,1.9,2025,9
Brandin Cooks,WR,4.1,3.6,2025,9
Brashard Smith,RB,4.1,0.7,2025,9
Colby Parkinson,TE,4.0,3.0,2025,9
Gunnar Helm,TE,4.0,2.5,2025,9
Brock Wright,TE,4.0,2.1,2025,9
Roman Wilson,WR,3.9,-0.6,2025,9
Bhayshul Tuten,RB,3.8,9.6,2025,9
Demarcus Robinson,WR,3.8,0.0,2025,9
Van Jefferson,WR,3.8,3.1,2025,9
DeAndre Hopkins,WR,3.8,0.0,2025,9
Zavier Scott,RB,3.8,0.0,2025,9
Jayden Higgins,WR,3.7,1.4,2025,9
DeMario Douglas,WR,3.7,20.0,2025,9
Xavier Hutchinson,WR,3.7,6.0,2025,9
Ryan Flournoy,WR,3.6,9.2,2025,9
Nick Westbrook-Ikhine,WR,3.6,4.2,2025,9
Elijah Arroyo,TE,3.6,10.9,2025,9
Tory Horton,WR,3.6,20.8,2025,9
Darnell Washington,TE,3.6,8.3,2025,9
Jackson Hawes,TE,3.5,2.8,2025,9
Darius Slayton,WR,3.5,11.2,2025,9
Dawson Knox,TE,3.4,4.0,2025,9
Curtis Samuel,WR,3.3,1.6,2025,9
Jack Bech,WR,3.3,0.0,2025,9
Noah Gray,TE,3.1,0.0,2025,9
Davis Allen,TE,3.1,6.7,2025,9
Greg Dortch,WR,3.1,0.9,2025,9
KaVontae Turpin,WR,3.0,3.3,2025,9
Emari Demercado,RB,3.0,8.8,2025,9
Ty Johnson,RB,2.9,10.0,2025,9
Tyler Lockett,WR,2.9,0.0,2025,9
Charlie Kolar,TE,2.8,10.3,2025,9
Jaylin Noel,WR,2.8,-0.3,2025,9
Luke Schoonmaker,TE,2.7,2.4,2025,9
Devin Neal,RB,2.7,2.2,2025,9
Ray-Ray McCloud,WR,2.7,1.5,2025,9
Pat Bryant,WR,2.7,4.0,2025,9
Tyler Badie,RB,2.6,2.6,2025,9
Brian Robinson,RB,2.6,11.3,2025,9
Hunter Long,TE,2.6,1.6,2025,9
Jalen Coker,WR,2.5,1.9,2025,9
Ray Davis,RB,2.5,0.0,2025,9
Elijah Higgins,TE,2.4,6.0,2025,9
Mo Alie-Cox,TE,2.4,0.0,2025,9
Kalif Raymond,WR,2.4,0.0,2025,9
Luke McCaffrey,WR,2.3,0.0,2025,9
Tommy Tremble,TE,2.3,0.0,2025,9
Ameer Abdullah,RB,2.2,1.5,2025,9
LeQuint Allen Jr.,RB,2.1,2.1,2025,9
Ja'Tavion Sanders,TE,2.1,1.5,2025,9
Devin Singletary,RB,2.0,7.1,2025,9
Terrance Ferguson,TE,1.9,7.4,2025,9
Jaylin Lane,WR,1.9,5.9,2025,9
Keaton Mitchell,RB,1.8,2.8,2025,9
Malik Heath,WR,1.8,2.1,2025,9
Tylan Wallace,WR,1.8,0.0,2025,9
Adam Trautman,TE,1.7,4.5,2025,9
Luke Musgrave,TE,1.7,6.4,2025,9
Ashton Dulin,WR,1.6,0.0,2025,9
Dee Eskridge,WR,1.6,0.0,2025,9
Tanner Hudson,TE,1.6,6.2,2025,9
Trevor Etienne,RB,1.6,0.0,2025,9
Tyrell Shavers,WR,1.6,1.7,2025,9
Luke Farrell,TE,1.6,1.9,2025,9
Kaleb Johnson,RB,1.5,2.3,2025,9
Johnny Mundt,TE,1.5,0.0,2025,9
Mitchell Tinsley,WR,1.5,3.7,2025,9
John Bates,TE,1.4,4.0,2025,9
Tanner Conner,TE,1.4,0.0,2025,9
Braxton Berrios,WR,1.3,0.0,2025,9
Ben Yurosek,TE,1.2,0.0,2025,9
Savion Williams,WR,1.2,1.2,2025,9
KhaDarel Hodge,WR,1.1,0.0,2025,9
Elijah Moore,WR,0.9,3.8,2025,9
Terrell Jennings,RB,0.9,11.4,2025,9
Chris Brooks,RB,0.9,4.4,2025,9
Tyler Goodson,RB,0.9,1.8,2025,9
Dare Ogunbowale,RB,0.9,1.2,2025,9
Brycen Tremayne,WR,0.8,1.8,2025,9
Hunter Luepke,RB,0.8,0.0,2025,9
Ian Thomas,TE,0.8,1.9,2025,9
Brevyn Spann-Ford,TE,0.8,0.0,2025,9
Harrison Bryant,TE,0.7,1.2,2025,9
Jimmy Horn Jr.,WR,0.7,1.8,2025,9
Xavier Smith,WR,0.7,3.2,2025,9
Jordan Watkins,WR,0.7,2.9,2025,9
Cedrick Wilson Jr.,WR,0.6,1.7,2025,9
George Holani,RB,0.6,0.9,2025,9
Ben Skowronek,WR,0.5,0.0,2025,9
Taysom Hill,TE,0.5,3.0,2025,9
David Martin-Robinson,TE,0.5,0.0,2025,9
KeAndre Lambert-Smith,WR,0.5,0.0,2025,9
Dylan Laube,RB,0.5,0.0,2025,9
Tahj Brooks,RB,0.5,0.1,2025,9
Jalin Hyatt,WR,0.5,0.0,2025,9
Skyy Moore,WR,0.4,3.1,2025,9
Tai Felton,WR,0.4,0.0,2025,9
Malik Davis,RB,0.4,0.3,2025,9
Kyle Williams,WR,0.3,0.0,2025,9
Devin Duvernay,WR,0.3,0.0,2025,9
Alex Bachman,WR,0.3,0.0,2025,9
Julius Chestnut,RB,0.3,0.0,2025,9
British Brooks,RB,0.2,0.0,2025,9
Jacob Saylors,RB,0.2,0.0,2025,9
Nikko Remigio,WR,0.1,0.0,2025,9
Efton Chism III,WR,0.1,0.0,2025,9
Cody White,WR,0.1,13.0,2025,9
Jahdae Walker,WR,0.1,0.0,2025,9
Ke'Shawn Williams,WR,0.1,0.0,2025,9
Rasheen Ali,RB,0.1,0.0,2025,9
Trey Sermon,RB,0.0,0.0,2025,9
Travis Homer,RB,0.0,0.0,2025,9
Sione Vaki,RB,0.0,0.0,2025,9
Robbie Ouzts,RB,0.0,0.0,2025,9
Isaac Guerendo,RB,0.0,0.0,2025,9
Reggie Gilliam,RB,0.0,0.0,2025,9
Tyler Shough,QB,0.0,9.24,2025,9
Tyson Bagent,QB,0.0,0.8,2025,9
Charlie Jones,WR,0.0,6.0,2025,9
Feleipe Franks,TE,0.0,0.0,2025,9
Myles Price,WR,0.0,0.0,2025,9
LaJohntay Wester,WR,0.0,0.0,2025,9
Lamar Jackson,QB,0.0,25.56,2025,9
Derius Davis,WR,0.0,0.0,2025,9
Andrew Ogletree,TE,0.0,0.0,2025,9
J.J. McCarthy,QB,0.0,18.92,2025,9
Davis Mills,QB,0.0,6.18,2025,9
Tucker Fisk,TE,0.0,2.2,2025,9
Jayden Daniels,QB,0.0,15.22,2025,9
Simi Fehoko,WR,0.0,0.0,2025,9
Jamal Agnew,WR,0.0,0.0,2025,9
Gunner Olszewski,WR,0.0,9.4,2025,9
Mason Kinsey,WR,0.0,0.0,2025,9
Michael Penix Jr.,QB,0.0,22.74,2025,9
Bryce Young,QB,0.0,2.98,2025,9
Amon-Ra St. Brown,WR,23.5,16.8,2025,10
Matthew Stafford,QB,22.8,26.9,2025,10
Jahmyr Gibbs,RB,22.3,38.2,2025,10
Jonathan Taylor,RB,21.0,49.6,2025,10
Jared Goff,QB,20.7,24.8,2025,10
Daniel Jones,QB,20.7,15.5,2025,10
Jalen Hurts,QB,20.5,12.02,2025,10
Josh Allen,QB,20.2,19.34,2025,10
Rico Dowdle,RB,20.2,15.3,2025,10
Saquon Barkley,RB,19.5,13.1,2025,10
Justin Herbert,QB,19.4,14.7,2025,10
Caleb Williams,QB,19.2,25.1,2025,10
Kyren Williams,RB,19.1,22.4,2025,10
Sam Darnold,QB,19.1,4.92,2025,10
Puka Nacua,WR,19.1,17.4,2025,10
Josh Jacobs,RB,19.1,19.7,2025,10
Michael Pittman,WR,18.2,3.9,2025,10
Jaxson Dart,QB,18.0,26.28,2025,10
Jordan Love,QB,18.0,7.84,2025,10
Drake Maye,QB,18.0,18.1,2025,10
Bo Nix,QB,17.5,5.8,2025,10
D'Andre Swift,RB,17.2,14.8,2025,10
Drake London,WR,16.8,24.4,2025,10
De'Von Achane,RB,16.4,40.5,2025,10
Justin Jefferson,WR,16.2,7.7,2025,10
Sam LaPorta,TE,15.7,10.3,2025,10
David Montgomery,RB,15.6,10.1,2025,10
Jacoby Brissett,QB,15.4,19.42,2025,10
Bijan Robinson,RB,15.4,10.8,2025,10
James Cook,RB,14.6,10.7,2025,10
A.J. Brown,WR,14.4,3.3,2025,10
Baker Mayfield,QB,14.4,22.92,2025,10
Trevor Lawrence,QB,13.9,9.82,2025,10
Justin Fields,QB,13.8,6.96,2025,10
DeVonta Smith,WR,13.7,16.9,2025,10
Aaron Rodgers,QB,13.6,6.44,2025,10
Christian McCaffrey,RB,13.2,17.6,2025,10
Josh Downs,WR,13.2,1.3,2025,10
Jaxon Smith-Njigba,WR,13.1,20.3,2025,10
Davante Adams,WR,13.1,19.7,2025,10
Romeo Doubs,WR,13.1,1.5,2025,10
Zay Flowers,WR,12.9,12.1,2025,10
Jordan Addison,WR,12.9,6.5,2025,10
Trey McBride,TE,12.7,27.7,2025,10
Tua Tagovailoa,QB,12.1,10.82,2025,10
Jameson Williams,WR,12.0,23.9,2025,10
Jaylen Warren,RB,11.9,11.1,2025,10
Derrick Henry,RB,11.9,11.4,2025,10
Tyler Warren,TE,11.9,17.9,2025,10
Mac Jones,QB,11.8,23.06,2025,10
Dallas Goedert,TE,11.8,8.3,2025,10
Nico Collins,WR,11.5,22.6,2025,10
Alec Pierce,WR,11.4,18.4,2025,10
Kenneth Walker III,RB,11.4,8.0,2025,10
Kyle Monangai,RB,11.3,8.8,2025,10
Marvin Harrison Jr.,WR,11.3,14.3,2025,10
Ashton Jeanty,RB,10.9,15.3,2025,10
Quentin Johnston,WR,10.7,9.2,2025,10
DJ Moore,WR,10.7,0.0,2025,10
Zach Charbonnet,RB,10.7,14.3,2025,10
Ladd McConkey,WR,10.5,20.7,2025,10
Brock Bowers,TE,10.4,3.7,2025,10
Rome Odunze,WR,10.3,20.6,2025,10
Travis Etienne,RB,10.3,15.7,2025,10
Woody Marks,RB,10.2,16.1,2025,10
J.K. Dobbins,RB,10.1,9.4,2025,10
Chuba Hubbard,RB,10.0,2.5,2025,10
Breece Hall,RB,9.9,19.5,2025,10
Tetairoa McMillan,WR,9.9,11.0,2025,10
Mark Andrews,TE,9.8,10.4,2025,10
Jordan Mason,RB,9.6,4.1,2025,10
Christian Watson,WR,9.4,6.5,2025,10
Dillon Gabriel,QB,9.4,20.08,2025,10
Olamide Zaccheaus,WR,9.3,1.5,2025,10
Aaron Jones,RB,9.2,15.9,2025,10
Stefon Diggs,WR,9.2,15.6,2025,10
Kyle Pitts,TE,9.2,5.8,2025,10
Dalton Kincaid,TE,9.1,5.7,2025,10
Tyler Shough,QB,9.0,18.98,2025,10
Courtland Sutton,WR,9.0,5.4,2025,10
Geno Smith,QB,8.9,4.42,2025,10
Jaylen Waddle,WR,8.9,19.4,2025,10
Colston Loveland,TE,8.9,9.5,2025,10
Tyler Higbee,TE,8.9,6.3,2025,10
Keenan Allen,WR,8.8,3.9,2025,10
RJ Harvey,RB,8.8,3.8,2025,10
Oronde Gadsden II,TE,8.7,4.3,2025,10
Deebo Samuel Sr.,WR,8.6,12.9,2025,10
DK Metcalf,WR,8.5,6.5,2025,10
T.J. Hockenson,TE,8.4,2.8,2025,10
Dalton Schultz,TE,8.4,18.3,2025,10
Rachaad White,RB,8.4,10.4,2025,10
Garrett Wilson,WR,8.4,0.0,2025,10
Jacory Croskey-Merritt,RB,8.1,3.0,2025,10
Khalil Shakir,WR,8.0,12.8,2025,10
Alvin Kamara,RB,8.0,14.5,2025,10
Nick Chubb,RB,7.9,6.2,2025,10
Chris Olave,WR,7.7,21.4,2025,10
Rashid Shaheed,WR,7.6,3.3,2025,10
Kenny Gainwell,RB,7.6,2.4,2025,10
Wan'Dale Robinson,WR,7.5,12.2,2025,10
Hunter Henry,TE,7.3,1.9,2025,10
Jauan Jennings,WR,7.3,17.1,2025,10
Jakobi Meyers,WR,7.1,7.1,2025,10
Cooper Kupp,WR,7.1,9.4,2025,10
Rashod Bateman,WR,7.0,4.0,2025,10
David Njoku,TE,6.9,10.1,2025,10
Xavier Legette,WR,6.8,0.0,2025,10
Zach Ertz,TE,6.7,9.4,2025,10
Kendrick Bourne,WR,6.6,2.9,2025,10
George Kittle,TE,6.6,23.4,2025,10
Troy Franklin,WR,6.5,15.0,2025,10
Jonnu Smith,TE,6.4,1.4,2025,10
Isaiah Likely,TE,6.4,3.7,2025,10
Justice Hill,RB,6.4,8.3,2025,10
Emeka Egbuka,WR,6.2,23.5,2025,10
Harold Fannin Jr.,TE,6.1,8.4,2025,10
Emanuel Wilson,RB,6.1,1.4,2025,10
Darnell Mooney,WR,6.0,2.7,2025,10
Cedric Tillman,WR,6.0,3.1,2025,10
Parker Washington,WR,5.9,17.9,2025,10
Dontayvion Wicks,WR,5.9,7.8,2025,10
Michael Carter,RB,5.9,0.4,2025,10
Christian Kirk,WR,5.9,1.3,2025,10
Kimani Vidal,RB,5.8,17.8,2025,10
AJ Barner,TE,5.8,0.3,2025,10
Tyrone Tracy Jr.,RB,5.7,8.1,2025,10
Chris Rodriguez Jr.,RB,5.7,7.6,2025,10
Calvin Austin III,WR,5.6,3.4,2025,10
Bam Knight,RB,5.5,4.3,2025,10
Tyler Allgeier,RB,5.4,17.7,2025,10
Tre Tucker,WR,5.3,5.5,2025,10
Zay Jones,WR,5.3,0.0,2025,10
Mack Hollins,WR,5.3,16.6,2025,10
Cade Otton,TE,5.1,17.2,2025,10
Michael Wilson,WR,5.1,7.4,2025,10
Pat Freiermuth,TE,5.1,6.3,2025,10
Theo Johnson,TE,5.1,14.5,2025,10
Jalen Nailor,WR,5.0,23.4,2025,10
TreVeyon Henderson,RB,5.0,28.0,2025,10
Chris Moore,WR,4.9,0.0,2025,10
Cole Kmet,TE,4.8,1.5,2025,10
Juwan Johnson,TE,4.7,19.2,2025,10
Brock Wright,TE,4.7,0.0,2025,10
Keon Coleman,WR,4.7,13.6,2025,10
Jeremy McNichols,RB,4.7,3.9,2025,10
Tyler Johnson,WR,4.7,0.0,2025,10
Blake Corum,RB,4.7,5.6,2025,10
Jayden Higgins,WR,4.5,15.2,2025,10
Charlie Kolar,TE,4.5,3.3,2025,10
DeAndre Hopkins,WR,4.4,3.6,2025,10
Mitchell Evans,TE,4.4,0.0,2025,10
Austin Hooper,TE,4.2,0.0,2025,10
Malik Washington,WR,4.2,9.3,2025,10
Evan Engram,TE,4.2,3.2,2025,10
Emari Demercado,RB,4.2,13.4,2025,10
Bhayshul Tuten,RB,4.1,2.0,2025,10
Tez Johnson,WR,4.1,20.2,2025,10
Darius Slayton,WR,4.0,12.9,2025,10
Mason Taylor,TE,4.0,1.4,2025,10
Jerry Jeudy,WR,4.0,19.8,2025,10
Luther Burden III,WR,3.9,8.1,2025,10
Darnell Washington,TE,3.9,2.5,2025,10
Tre Harris,WR,3.9,2.4,2025,10
Jerome Ford,RB,3.8,0.1,2025,10
Adam Thielen,WR,3.8,3.6,2025,10
Jahan Dotson,WR,3.8,0.0,2025,10
Jalen Coker,WR,3.8,5.1,2025,10
Isaiah Davis,RB,3.8,2.1,2025,10
Dyami Brown,WR,3.8,0.0,2025,10
Dylan Sampson,RB,3.7,0.9,2025,10
Roman Wilson,WR,3.6,11.5,2025,10
Jaylin Lane,WR,3.5,5.1,2025,10
Elijah Arroyo,TE,3.5,1.5,2025,10
Ja'Tavion Sanders,TE,3.5,8.2,2025,10
Dawson Knox,TE,3.5,6.7,2025,10
David Sills,WR,3.4,0.0,2025,10
Davis Allen,TE,3.3,8.8,2025,10
Ty Johnson,RB,3.3,4.6,2025,10
Jackson Hawes,TE,3.3,9.6,2025,10
DeMario Douglas,WR,3.3,5.4,2025,10
Isaac TeSlaa,WR,3.2,2.1,2025,10
Ollie Gordon II,RB,3.2,-0.3,2025,10
Pat Bryant,WR,3.2,5.3,2025,10
Daniel Bellinger,TE,3.1,1.8,2025,10
Jaret Patterson,RB,3.1,0.1,2025,10
Michael Mayer,TE,3.0,5.2,2025,10
Nick Westbrook-Ikhine,WR,3.0,1.7,2025,10
Tyler Badie,RB,3.0,0.0,2025,10
Jaylin Noel,WR,3.0,7.5,2025,10
Sean Tucker,RB,2.9,6.1,2025,10
Colby Parkinson,TE,2.9,14.1,2025,10
Elijah Higgins,TE,2.9,3.9,2025,10
Luke Musgrave,TE,2.9,5.3,2025,10
Raheem Mostert,RB,2.8,2.5,2025,10
Terrance Ferguson,TE,2.7,4.2,2025,10
Devin Neal,RB,2.6,6.1,2025,10
Kalif Raymond,WR,2.6,9.9,2025,10
Sterling Shepard,WR,2.6,6.1,2025,10
Devin Singletary,RB,2.6,10.3,2025,10
Tank Bigsby,RB,2.6,0.7,2025,10
Brian Robinson,RB,2.5,11.5,2025,10
Greg Dulcich,TE,2.4,3.2,2025,10
Devaughn Vele,WR,2.3,2.5,2025,10
Ray-Ray McCloud,WR,2.3,0.0,2025,10
Ameer Abdullah,RB,2.3,1.8,2025,10
Keaton Mitchell,RB,2.2,3.1,2025,10
Cody White,WR,2.2,0.0,2025,10
Tyrell Shavers,WR,2.2,3.4,2025,10
Adam Trautman,TE,2.2,1.2,2025,10
Demarcus Robinson,WR,2.2,6.4,2025,10
Curtis Samuel,WR,2.2,3.1,2025,10
LeQuint Allen Jr.,RB,2.1,1.6,2025,10
Mo Alie-Cox,TE,2.1,0.0,2025,10
Greg Dortch,WR,2.1,6.2,2025,10
Terrell Jennings,RB,2.0,0.5,2025,10
Ray Davis,RB,2.0,0.8,2025,10
Grant Calcaterra,TE,2.0,0.0,2025,10
Dont'e Thornton Jr.,WR,1.9,1.4,2025,10
Arian Smith,WR,1.9,1.3,2025,10
Kaleb Johnson,RB,1.8,0.3,2025,10
John Bates,TE,1.8,1.6,2025,10
Chris Brooks,RB,1.7,0.0,2025,10
Konata Mumpfield,WR,1.7,0.0,2025,10
Jamari Thrash,WR,1.6,0.0,2025,10
Jack Bech,WR,1.6,0.0,2025,10
Trevor Etienne,RB,1.6,0.0,2025,10
Tylan Wallace,WR,1.6,0.0,2025,10
Jaylen Wright,RB,1.5,1.7,2025,10
Robbie Chosen,WR,1.5,2.7,2025,10
Tyler Goodson,RB,1.4,0.4,2025,10
Luke Farrell,TE,1.3,9.5,2025,10
Jeremy Ruckert,TE,1.3,1.0,2025,10
Tyler Lockett,WR,1.3,9.4,2025,10
Will Shipley,RB,1.3,5.4,2025,10
Ashton Dulin,WR,1.3,2.2,2025,10
Savion Williams,WR,1.3,2.2,2025,10
Xavier Smith,WR,1.3,2.4,2025,10
Elijah Moore,WR,1.2,2.8,2025,10
Johnny Mundt,TE,1.2,3.1,2025,10
Tyler Conklin,TE,1.2,2.2,2025,10
Braxton Berrios,WR,1.2,0.0,2025,10
Zaire Mitchell-Paden,TE,1.1,2.4,2025,10
Ben Sinnott,TE,1.1,7.4,2025,10
Ben Yurosek,TE,1.1,0.0,2025,10
D'Ernest Johnson,RB,1.1,0.1,2025,10
Tucker Fisk,TE,1.0,1.7,2025,10
Kameron Johnson,WR,0.9,1.1,2025,10
Blake Whiteheart,TE,0.9,0.0,2025,10
Foster Moreau,TE,0.9,3.6,2025,10
KhaDarel Hodge,WR,0.9,0.0,2025,10
Kylen Granson,TE,0.8,0.0,2025,10
Gunner Olszewski,WR,0.7,0.0,2025,10
George Holani,RB,0.7,9.1,2025,10
Ryan Miller,WR,0.6,0.0,2025,10
Skyy Moore,WR,0.6,2.8,2025,10
Treylon Burks,WR,0.6,8.8,2025,10
Isaiah Williams,WR,0.5,7.4,2025,10
Payne Durham,TE,0.5,0.0,2025,10
John Metchie III,WR,0.5,0.6,2025,10
Gage Larvadain,WR,0.5,0.0,2025,10
Malachi Corley,WR,0.4,3.2,2025,10
Charlie Woerner,TE,0.4,2.4,2025,10
Ben Skowronek,WR,0.4,0.0,2025,10
Michael Bandy,WR,0.4,0.0,2025,10
Tim Jones,WR,0.4,0.0,2025,10
Taysom Hill,TE,0.3,2.0,2025,10
Dylan Laube,RB,0.3,0.0,2025,10
Kyle Williams,WR,0.3,14.2,2025,10
Devin Duvernay,WR,0.2,0.0,2025,10
Austin Trammell,WR,0.2,5.3,2025,10
Xavier Gipson,WR,0.2,0.0,2025,10
Alex Bachman,WR,0.2,0.0,2025,10
Trey Sermon,RB,0.1,0.0,2025,10
Marcus Mariota,QB,0.0,18.72,2025,10
Simi Fehoko,WR,0.0,0.0,2025,10
Feleipe Franks,TE,0.0,0.0,2025,10
Sione Vaki,RB,0.0,0.4,2025,10
Robbie Ouzts,RB,0.0,0.0,2025,10
Kene Nwangwu,RB,0.0,6.0,2025,10
Brady Russell,RB,0.0,0.0,2025,10
Mitchell Trubisky,QB,0.0,0.4,2025,10
Russell Wilson,QB,0.0,3.0,2025,10
Michael Penix Jr.,QB,0.0,10.98,2025,10
Kenny Pickett,QB,0.0,0.0,2025,10
Davis Mills,QB,0.0,27.68,2025,10
Myles Price,WR,0.0,0.0,2025,10
LaJohntay Wester,WR,0.0,0.0,2025,10
Laquon Treadwell,WR,0.0,0.0,2025,10
Dominic Lovett,WR,0.0,0.0,2025,10
Efton Chism III,WR,0.0,0.0,2025,10
Jamal Agnew,WR,0.0,0.0,2025,10
Derius Davis,WR,0.0,1.3,2025,10
Bryce Young,QB,0.0,1.56,2025,10
Stone Smartt,TE,0.0,0.0,2025,10
J.J. McCarthy,QB,0.0,14.72,2025,10
Andrew Ogletree,TE,0.0,0.0,2025,10
Lamar Jackson,QB,0.0,16.64,2025,10
Justin Herbert,QB,25.5,3.34,2025,11
De'Von Achane,RB,25.1,21.5,2025,11
Matthew Stafford,QB,25.0,13.2,2025,11
Jahmyr Gibbs,RB,23.7,19.6,2025,11
Jalen Hurts,QB,21.6,14.5,2025,11
Josh Jacobs,RB,21.4,4.0,2025,11
Josh Allen,QB,20.8,42.68,2025,11
Drake Maye,QB,19.9,15.44,2025,11
Kyren Williams,RB,18.7,16.6,2025,11
Amon-Ra St. Brown,WR,18.3,6.2,2025,11
Ashton Jeanty,RB,18.2,9.4,2025,11
Jacoby Brissett,QB,18.2,21.88,2025,11
Lamar Jackson,QB,18.0,4.72,2025,11
Jared Goff,QB,18.0,12.1,2025,11
Puka Nacua,WR,17.6,14.3,2025,11
Saquon Barkley,RB,17.5,10.0,2025,11
Ja'Marr Chase,WR,17.4,6.0,2025,11
Tua Tagovailoa,QB,17.3,6.84,2025,11
Christian McCaffrey,RB,17.2,35.1,2025,11
Jordan Love,QB,17.1,17.66,2025,11
J.J. McCarthy,QB,17.0,6.0,2025,11
Rico Dowdle,RB,16.9,15.0,2025,11
Dak Prescott,QB,16.3,24.32,2025,11
Bo Nix,QB,16.2,12.6,2025,11
Davis Mills,QB,16.1,16.36,2025,11
Mac Jones,QB,15.9,-0.3,2025,11
Patrick Mahomes,QB,15.9,13.34,2025,11
Bijan Robinson,RB,15.9,30.3,2025,11
Trey McBride,TE,15.8,27.5,2025,11
Joe Flacco,QB,15.8,9.86,2025,11
Sam Darnold,QB,15.4,4.26,2025,11
James Cook,RB,15.3,20.4,2025,11
Geno Smith,QB,15.3,12.92,2025,11
Aaron Rodgers,QB,15.2,9.44,2025,11
DeVonta Smith,WR,15.0,1.8,2025,11
Drake London,WR,14.8,18.9,2025,11
Davante Adams,WR,14.7,7.1,2025,11
Caleb Williams,QB,14.6,10.32,2025,11
Brock Bowers,TE,14.4,14.2,2025,11
Justin Jefferson,WR,14.4,11.1,2025,11
CeeDee Lamb,WR,14.3,17.6,2025,11
Jaylen Warren,RB,13.7,8.7,2025,11
David Montgomery,RB,13.6,4.7,2025,11
Baker Mayfield,QB,13.5,16.82,2025,11
George Pickens,WR,13.3,29.4,2025,11
Michael Penix Jr.,QB,13.3,7.9,2025,11
Chase Brown,RB,13.1,18.7,2025,11
Quentin Johnston,WR,13.0,0.0,2025,11
Javonte Williams,RB,13.0,10.3,2025,11
Jameson Williams,WR,13.0,19.7,2025,11
Derrick Henry,RB,12.8,20.2,2025,11
Woody Marks,RB,12.8,6.1,2025,11
Trevor Lawrence,QB,12.3,15.02,2025,11
Ladd McConkey,WR,12.3,4.3,2025,11
Rashee Rice,WR,12.2,9.8,2025,11
George Kittle,TE,12.2,24.7,2025,11
Dallas Goedert,TE,12.1,4.4,2025,11
Jordan Addison,WR,12.0,10.0,2025,11
Jaylen Waddle,WR,12.0,8.2,2025,11
A.J. Brown,WR,11.9,11.9,2025,11
Tee Higgins,WR,11.8,15.3,2025,11
Nico Collins,WR,11.7,24.2,2025,11
Aaron Jones,RB,11.1,11.1,2025,11
Oronde Gadsden II,TE,11.1,6.1,2025,11
Justin Fields,QB,10.9,19.34,2025,11
Bryce Young,QB,10.7,31.82,2025,11
Ricky Pearsall,WR,10.7,1.0,2025,11
Jaxon Smith-Njigba,WR,10.5,20.6,2025,11
Jordan Mason,RB,10.3,10.5,2025,11
Jauan Jennings,WR,10.2,9.4,2025,11
Kimani Vidal,RB,10.2,3.2,2025,11
Dillon Gabriel,QB,10.0,2.92,2025,11
Rachaad White,RB,9.9,8.2,2025,11
D'Andre Swift,RB,9.9,9.0,2025,11
Tre Tucker,WR,9.9,14.7,2025,11
Rome Odunze,WR,9.7,6.1,2025,11
Travis Etienne,RB,9.6,19.3,2025,11
Khalil Shakir,WR,9.5,0.7,2025,11
Stefon Diggs,WR,9.4,19.5,2025,11
TreVeyon Henderson,RB,9.3,32.3,2025,11
Keenan Allen,WR,9.2,9.3,2025,11
Romeo Doubs,WR,9.2,9.3,2025,11
Tyler Higbee,TE,9.1,3.3,2025,11
Zay Flowers,WR,9.1,11.3,2025,11
Travis Kelce,TE,9.0,24.1,2025,11
Breece Hall,RB,8.9,8.4,2025,11
Zach Ertz,TE,8.7,8.2,2025,11
T.J. Hockenson,TE,8.7,6.9,2025,11
Jake Ferguson,TE,8.6,11.6,2025,11
Christian Watson,WR,8.6,20.6,2025,11
RJ Harvey,RB,8.5,8.0,2025,11
Courtland Sutton,WR,8.5,9.9,2025,11
DK Metcalf,WR,8.5,9.9,2025,11
Tony Pollard,RB,8.4,5.6,2025,11
Cam Ward,QB,8.4,13.06,2025,11
Deebo Samuel Sr.,WR,8.4,20.7,2025,11
Colston Loveland,TE,8.3,7.0,2025,11
Nick Chubb,RB,8.3,1.7,2025,11
Tetairoa McMillan,WR,8.1,33.0,2025,11
Kenneth Walker III,RB,8.1,20.1,2025,11
Jalen Nailor,WR,8.0,2.6,2025,11
Zach Charbonnet,RB,7.8,6.7,2025,11
Kyle Pitts,TE,7.7,3.4,2025,11
Tyler Allgeier,RB,7.5,9.6,2025,11
Dalton Schultz,TE,7.5,11.1,2025,11
Emeka Egbuka,WR,7.5,9.0,2025,11
Hunter Henry,TE,7.5,8.5,2025,11
Kenny Gainwell,RB,7.5,29.5,2025,11
Chuba Hubbard,RB,7.3,3.8,2025,11
Kareem Hunt,RB,7.3,13.2,2025,11
Troy Franklin,WR,7.3,12.4,2025,11
Tyjae Spears,RB,7.2,8.4,2025,11
Tyrell Shavers,WR,7.2,19.0,2025,11
DJ Moore,WR,7.2,3.1,2025,11
Bam Knight,RB,6.8,14.5,2025,11
Jake Tonges,TE,6.7,0.0,2025,11
Jonnu Smith,TE,6.6,0.0,2025,11
Matthew Golden,WR,6.5,3.4,2025,11
Pat Freiermuth,TE,6.4,2.9,2025,11
Kyle Monangai,RB,6.4,10.7,2025,11
Calvin Ridley,WR,6.3,2.3,2025,11
Mark Andrews,TE,6.3,15.7,2025,11
Mack Hollins,WR,6.3,10.4,2025,11
Tyrone Tracy Jr.,RB,6.3,17.9,2025,11
Rashid Shaheed,WR,6.3,4.9,2025,11
Wan'Dale Robinson,WR,6.2,7.6,2025,11
Michael Wilson,WR,6.1,33.5,2025,11
Dontayvion Wicks,WR,6.1,1.9,2025,11
Emanuel Wilson,RB,6.0,13.9,2025,11
Jakobi Meyers,WR,5.9,11.4,2025,11
Jerry Jeudy,WR,5.9,5.1,2025,11
Parker Washington,WR,5.9,4.0,2025,11
Malik Washington,WR,5.9,7.2,2025,11
Jacory Croskey-Merritt,RB,5.8,4.3,2025,11
David Njoku,TE,5.8,1.7,2025,11
Calvin Austin III,WR,5.7,1.5,2025,11
Michael Carter,RB,5.6,7.8,2025,11
Emari Demercado,RB,5.6,4.0,2025,11
Cooper Kupp,WR,5.5,5.3,2025,11
Colby Parkinson,TE,5.4,9.4,2025,11
Xavier Worthy,WR,5.3,5.5,2025,11
Elic Ayomanor,WR,5.3,3.1,2025,11
Michael Mayer,TE,5.3,4.3,2025,11
Tez Johnson,WR,5.3,1.6,2025,11
Harold Fannin Jr.,TE,5.3,4.6,2025,11
Andrei Iosivas,WR,5.3,5.0,2025,11
Jayden Higgins,WR,5.3,9.5,2025,11
Noah Fant,TE,5.3,6.6,2025,11
Cedric Tillman,WR,5.1,8.2,2025,11
Xavier Legette,WR,5.1,18.3,2025,11
Chris Moore,WR,5.1,4.8,2025,11
Brian Robinson,RB,5.0,2.4,2025,11
Blake Corum,RB,5.0,1.5,2025,11
Chimere Dike,WR,4.9,3.4,2025,11
Xavier Hutchinson,WR,4.8,7.2,2025,11
Cade Otton,TE,4.7,4.8,2025,11
Roman Wilson,WR,4.7,2.7,2025,11
Darnell Mooney,WR,4.6,6.4,2025,11
Theo Johnson,TE,4.6,6.6,2025,11
Christian Kirk,WR,4.5,1.6,2025,11
Jordan Whittington,WR,4.4,1.9,2025,11
AJ Barner,TE,4.4,17.1,2025,11
Evan Engram,TE,4.4,7.3,2025,11
Chris Rodriguez Jr.,RB,4.4,9.5,2025,11
Ty Johnson,RB,4.3,15.0,2025,11
Marquise Brown,WR,4.2,8.0,2025,11
Tre Harris,WR,4.2,2.2,2025,11
Jeremy McNichols,RB,4.2,4.9,2025,11
Kalif Raymond,WR,4.1,0.0,2025,11
Jahan Dotson,WR,4.1,6.3,2025,11
Sean Tucker,RB,4.0,34.0,2025,11
Luther Burden III,WR,4.0,5.7,2025,11
Darnell Washington,TE,4.0,10.7,2025,11
Ryan Flournoy,WR,4.0,7.2,2025,11
Isaiah Likely,TE,4.0,3.5,2025,11
Jalen Tolbert,WR,3.9,0.0,2025,11
Josh Oliver,TE,3.9,0.7,2025,11
Chig Okonkwo,TE,3.8,8.6,2025,11
Jalen Coker,WR,3.7,11.2,2025,11
Ollie Gordon II,RB,3.7,10.5,2025,11
Cole Kmet,TE,3.7,9.5,2025,11
Tyler Lockett,WR,3.6,6.3,2025,11
Gunnar Helm,TE,3.5,6.9,2025,11
Raheem Mostert,RB,3.5,3.3,2025,11
Bhayshul Tuten,RB,3.5,13.4,2025,11
Devin Singletary,RB,3.5,17.7,2025,11
Marvin Mims Jr.,WR,3.5,0.2,2025,11
Demarcus Robinson,WR,3.4,2.3,2025,11
Adam Thielen,WR,3.4,1.6,2025,11
DeMario Douglas,WR,3.4,6.1,2025,11
Pat Bryant,WR,3.4,13.2,2025,11
Luke Musgrave,TE,3.4,0.9,2025,11
Greg Dulcich,TE,3.4,3.8,2025,11
Brashard Smith,RB,3.4,2.8,2025,11
Dylan Sampson,RB,3.4,1.9,2025,11
JuJu Smith-Schuster,WR,3.3,0.0,2025,11
DeAndre Hopkins,WR,3.3,2.1,2025,11
Elijah Higgins,TE,3.3,1.1,2025,11
Jaylin Noel,WR,3.1,2.2,2025,11
Dawson Knox,TE,3.1,3.3,2025,11
Mason Taylor,TE,3.0,7.0,2025,11
David Sills,WR,3.0,2.1,2025,11
Jerome Ford,RB,3.0,0.2,2025,11
Josh Palmer,WR,3.0,3.7,2025,11
Ja'Tavion Sanders,TE,3.0,6.2,2025,11
Van Jefferson,WR,3.0,11.2,2025,11
Tyquan Thornton,WR,2.9,7.1,2025,11
Isaiah Davis,RB,2.8,1.1,2025,11
Brock Wright,TE,2.8,2.8,2025,11
Isaac TeSlaa,WR,2.8,0.0,2025,11
Tommy Tremble,TE,2.8,6.4,2025,11
Tyler Badie,RB,2.8,1.0,2025,11
Noah Gray,TE,2.8,2.9,2025,11
Dyami Brown,WR,2.8,0.0,2025,11
Charlie Kolar,TE,2.7,0.0,2025,11
Jack Bech,WR,2.7,2.9,2025,11
Mitchell Evans,TE,2.7,4.8,2025,11
Isaiah Bond,WR,2.7,0.8,2025,11
Sterling Shepard,WR,2.7,10.1,2025,11
Jaylin Lane,WR,2.5,2.3,2025,11
Kyle Williams,WR,2.4,0.0,2025,11
KaVontae Turpin,WR,2.4,1.0,2025,11
Julian Hill,TE,2.4,2.4,2025,11
Elijah Arroyo,TE,2.3,0.0,2025,11
Tank Bigsby,RB,2.3,3.4,2025,11
Luke Farrell,TE,2.3,0.0,2025,11
Keaton Mitchell,RB,2.3,7.4,2025,11
Daniel Bellinger,TE,2.3,0.0,2025,11
Jaylen Wright,RB,2.2,0.4,2025,11
Adam Trautman,TE,2.1,1.8,2025,11
Kaleb Johnson,RB,2.1,1.5,2025,11
LeQuint Allen Jr.,RB,1.9,3.6,2025,11
Ray Davis,RB,1.9,0.0,2025,11
Greg Dortch,WR,1.8,18.6,2025,11
John FitzPatrick,TE,1.7,1.5,2025,11
Jaleel McLaughlin,RB,1.6,8.4,2025,11
Tanner Hudson,TE,1.6,5.2,2025,11
Curtis Samuel,WR,1.5,3.9,2025,11
George Holani,RB,1.5,0.6,2025,11
Dare Ogunbowale,RB,1.4,1.9,2025,11
Robbie Chosen,WR,1.4,0.0,2025,11
Xavier Smith,WR,1.4,1.8,2025,11
Chris Brooks,RB,1.4,0.8,2025,11
Savion Williams,WR,1.3,4.3,2025,11
Cody White,WR,1.2,0.0,2025,11
Johnny Mundt,TE,1.1,4.5,2025,11
Jeremy Ruckert,TE,1.0,6.3,2025,11
Ian Thomas,TE,1.0,3.0,2025,11
Tim Patrick,WR,1.0,11.0,2025,11
Trevor Etienne,RB,1.0,0.2,2025,11
Skyy Moore,WR,1.0,0.0,2025,11
Brycen Tremayne,WR,0.9,3.7,2025,11
Robert Tonyan,TE,0.8,1.1,2025,11
Durham Smythe,TE,0.8,1.8,2025,11
Tylan Wallace,WR,0.8,0.0,2025,11
D'Ernest Johnson,RB,0.8,0.6,2025,11
Austin Trammell,WR,0.8,2.3,2025,11
Kameron Johnson,WR,0.7,0.0,2025,11
Hunter Luepke,RB,0.6,7.1,2025,11
Gunner Olszewski,WR,0.6,0.0,2025,11
Adonai Mitchell,WR,0.6,2.0,2025,11
KhaDarel Hodge,WR,0.6,0.0,2025,11
Malik Davis,RB,0.5,2.0,2025,11
Brevyn Spann-Ford,TE,0.5,1.4,2025,11
Ryan Miller,WR,0.5,0.0,2025,11
Kylen Granson,TE,0.5,1.4,2025,11
Isaiah Williams,WR,0.4,1.6,2025,11
Jalin Hyatt,WR,0.4,3.8,2025,11
Gage Larvadain,WR,0.4,0.0,2025,11
Ben Skowronek,WR,0.4,0.0,2025,11
David Martin-Robinson,TE,0.4,0.0,2025,11
John Metchie III,WR,0.3,13.5,2025,11
Malachi Corley,WR,0.3,2.9,2025,11
Carter Runyon,TE,0.3,0.0,2025,11
Roschon Johnson,RB,0.3,0.0,2025,11
Dylan Laube,RB,0.3,0.0,2025,11
Jacob Saylors,RB,0.3,0.0,2025,11
Derius Davis,WR,0.3,0.0,2025,11
Devin Duvernay,WR,0.2,0.0,2025,11
Tahj Brooks,RB,0.2,0.5,2025,11
Julius Chestnut,RB,0.2,0.0,2025,11
Xavier Gipson,WR,0.1,0.0,2025,11
Nikko Remigio,WR,0.1,0.0,2025,11
Travis Homer,RB,0.1,-0.2,2025,11
Patrick Ricard,RB,0.1,0.0,2025,11
Tai Felton,WR,0.1,0.0,2025,11
Reggie Gilliam,RB,0.0,0.0,2025,11
Xavier Weaver,WR,0.0,3.5,2025,11
Rasheen Ali,RB,0.0,2.5,2025,11
Kirk Cousins,QB,0.0,2.12,2025,11
Brock Purdy,QB,0.0,19.3,2025,11
Feleipe Franks,TE,0.0,0.0,2025,11
Colson Yankoff,TE,0.0,1.4,2025,11
Kene Nwangwu,RB,0.0,0.0,2025,11
Cameron Latu,TE,0.0,0.0,2025,11
Mason Rudolph,QB,0.0,8.98,2025,11
Marcus Mariota,QB,0.0,15.42,2025,11
Trayveon Williams,RB,0.0,0.9,2025,11
Myles Price,WR,0.0,0.0,2025,11
LaJohntay Wester,WR,0.0,0.0,2025,11
Ke'Shawn Williams,WR,0.0,0.0,2025,11
Mason Kinsey,WR,0.0,2.4,2025,11
Efton Chism III,WR,0.0,0.0,2025,11
Jamal Agnew,WR,0.0,0.0,2025,11
Quintin Morris,TE,0.0,2.1,2025,11
Josiah Deguara,TE,0.0,0.0,2025,11
Brady Russell,RB,0.0,0.0,2025,11
Charlie Jones,WR,0.0,0.0,2025,11
Trey Lance,QB,0.0,1.58,2025,11
Jahmyr Gibbs,RB,28.9,55.4,2025,12
Jalen Hurts,QB,25.5,30.86,2025,12
Jared Goff,QB,23.3,17.16,2025,12
Josh Allen,QB,22.3,8.12,2025,12
Jonathan Taylor,RB,22.0,8.6,2025,12
Drake Maye,QB,22.0,15.96,2025,12
Jacoby Brissett,QB,21.0,18.68,2025,12
Lamar Jackson,QB,20.5,7.22,2025,12
Bijan Robinson,RB,20.1,14.7,2025,12
Dak Prescott,QB,20.0,27.06,2025,12
Matthew Stafford,QB,19.9,22.92,2025,12
Saquon Barkley,RB,19.3,12.4,2025,12
Trey McBride,TE,19.3,16.9,2025,12
Amon-Ra St. Brown,WR,19.1,29.9,2025,12
Sam Darnold,QB,18.9,17.66,2025,12
Daniel Jones,QB,18.2,16.84,2025,12
George Pickens,WR,18.2,29.6,2025,12
Rico Dowdle,RB,18.0,11.4,2025,12
Patrick Mahomes,QB,17.9,17.08,2025,12
Trevor Lawrence,QB,17.8,17.14,2025,12
Christian McCaffrey,RB,17.3,27.2,2025,12
Jaxon Smith-Njigba,WR,16.9,37.1,2025,12
CeeDee Lamb,WR,16.5,11.5,2025,12
Caleb Williams,QB,16.4,21.66,2025,12
Jameson Williams,WR,15.9,0.0,2025,12
Bryce Young,QB,15.8,8.26,2025,12
David Montgomery,RB,15.6,6.7,2025,12
Kenneth Walker III,RB,15.6,13.1,2025,12
A.J. Brown,WR,15.3,25.0,2025,12
Baker Mayfield,QB,15.3,3.54,2025,12
DeVonta Smith,WR,15.2,14.9,2025,12
Kyren Williams,RB,15.2,5.8,2025,12
Tyler Shough,QB,15.2,7.92,2025,12
Travis Etienne,RB,15.1,20.6,2025,12
James Cook,RB,14.9,21.9,2025,12
Derrick Henry,RB,14.8,22.8,2025,12
TreVeyon Henderson,RB,14.6,11.1,2025,12
Joe Flacco,QB,14.4,9.62,2025,12
Javonte Williams,RB,14.2,12.1,2025,12
Puka Nacua,WR,14.2,16.7,2025,12
Michael Pittman,WR,14.0,13.7,2025,12
George Kittle,TE,13.8,13.8,2025,12
Rashee Rice,WR,13.6,24.1,2025,12
Jordan Love,QB,13.6,7.06,2025,12
Justin Jefferson,WR,13.3,8.8,2025,12
D'Andre Swift,RB,13.0,1.9,2025,12
Chris Olave,WR,12.8,16.0,2025,12
Stefon Diggs,WR,12.6,4.0,2025,12
Alec Pierce,WR,12.5,3.6,2025,12
Tyler Warren,TE,12.4,9.5,2025,12
Tetairoa McMillan,WR,12.4,11.5,2025,12
Jameis Winston,QB,12.2,32.24,2025,12
Dallas Goedert,TE,12.2,4.0,2025,12
Zach Charbonnet,RB,12.1,9.5,2025,12
Jaylen Warren,RB,11.9,12.8,2025,12
Tee Higgins,WR,11.8,8.1,2025,12
Davis Mills,QB,11.6,14.52,2025,12
Ashton Jeanty,RB,11.3,24.8,2025,12
J.J. McCarthy,QB,11.3,0.48,2025,12
Davante Adams,WR,11.2,23.2,2025,12
Alvin Kamara,RB,11.2,3.5,2025,12
Chase Brown,RB,11.2,15.0,2025,12
Travis Kelce,TE,11.0,8.4,2025,12
Cam Ward,QB,10.8,23.94,2025,12
Jordan Addison,WR,10.8,0.0,2025,12
Aaron Jones,RB,10.8,8.7,2025,12
Zay Flowers,WR,10.7,11.9,2025,12
Rhamondre Stevenson,RB,10.4,2.0,2025,12
Michael Wilson,WR,10.2,21.8,2025,12
Nico Collins,WR,10.0,8.5,2025,12
Kenny Gainwell,RB,9.9,18.2,2025,12
Kareem Hunt,RB,9.9,20.0,2025,12
Josh Downs,WR,9.9,3.0,2025,12
Jake Ferguson,TE,9.7,11.1,2025,12
Geno Smith,QB,9.7,14.2,2025,12
Kayshon Boutte,WR,9.7,3.5,2025,12
Rome Odunze,WR,9.6,8.3,2025,12
Breece Hall,RB,9.6,13.9,2025,12
Brock Bowers,TE,9.5,11.5,2025,12
Jauan Jennings,WR,9.5,15.1,2025,12
Kyle Pitts,TE,9.1,4.5,2025,12
Rashid Shaheed,WR,9.0,0.5,2025,12
Tony Pollard,RB,9.0,8.1,2025,12
Jordan Mason,RB,9.0,4.2,2025,12
Mark Andrews,TE,9.0,2.1,2025,12
DK Metcalf,WR,8.9,14.4,2025,12
Tyler Allgeier,RB,8.9,5.9,2025,12
Tyjae Spears,RB,8.8,6.5,2025,12
Hunter Henry,TE,8.8,24.5,2025,12
Woody Marks,RB,8.4,7.9,2025,12
Rachaad White,RB,8.3,5.2,2025,12
Kyle Monangai,RB,8.2,10.8,2025,12
Juwan Johnson,TE,8.1,10.6,2025,12
Christian Watson,WR,8.1,9.9,2025,12
AJ Barner,TE,8.0,3.8,2025,12
Mack Hollins,WR,8.0,5.0,2025,12
Khalil Shakir,WR,7.9,17.0,2025,12
Cooper Kupp,WR,7.8,4.4,2025,12
Xavier Legette,WR,7.8,5.2,2025,12
Colston Loveland,TE,7.7,14.9,2025,12
Jakobi Meyers,WR,7.5,15.0,2025,12
Brenton Strange,TE,7.5,14.3,2025,12
DJ Moore,WR,7.3,23.4,2025,12
Bam Knight,RB,7.2,13.2,2025,12
Marquise Brown,WR,7.1,2.0,2025,12
Olamide Zaccheaus,WR,7.0,1.6,2025,12
Romeo Doubs,WR,7.0,4.3,2025,12
Bhayshul Tuten,RB,6.9,1.7,2025,12
Chuba Hubbard,RB,6.9,8.3,2025,12
Emeka Egbuka,WR,6.9,6.2,2025,12
Tyrone Tracy Jr.,RB,6.9,16.0,2025,12
Ricky Pearsall,WR,6.8,2.8,2025,12
Wan'Dale Robinson,WR,6.8,30.6,2025,12
T.J. Hockenson,TE,6.5,5.9,2025,12
Tre Tucker,WR,6.5,5.8,2025,12
Jalen Coker,WR,6.5,6.2,2025,12
Justice Hill,RB,6.3,0.0,2025,12
Parker Washington,WR,6.2,18.1,2025,12
Xavier Worthy,WR,6.2,9.9,2025,12
Chimere Dike,WR,6.1,21.4,2025,12
Calvin Austin III,WR,6.0,7.6,2025,12
Jalen Nailor,WR,6.0,0.0,2025,12
Sean Tucker,RB,6.0,5.6,2025,12
Chris Godwin Jr.,WR,5.9,2.9,2025,12
Chig Okonkwo,TE,5.9,7.0,2025,12
Darnell Mooney,WR,5.8,16.4,2025,12
Noah Fant,TE,5.7,1.9,2025,12
Pat Freiermuth,TE,5.7,10.9,2025,12
Jonnu Smith,TE,5.6,5.8,2025,12
Dalton Schultz,TE,5.6,1.8,2025,12
Harold Fannin Jr.,TE,5.6,8.4,2025,12
Nick Chubb,RB,5.6,2.5,2025,12
Jerry Jeudy,WR,5.5,2.9,2025,12
Michael Carter,RB,5.3,8.8,2025,12
Cedric Tillman,WR,5.2,1.5,2025,12
Devin Singletary,RB,5.2,4.7,2025,12
Theo Johnson,TE,5.1,10.7,2025,12
Cade Otton,TE,5.1,6.1,2025,12
Isaiah Likely,TE,5.1,2.0,2025,12
Darnell Washington,TE,5.0,4.2,2025,12
Ty Johnson,RB,4.9,8.2,2025,12
Gunnar Helm,TE,4.9,11.1,2025,12
Emanuel Wilson,RB,4.9,26.5,2025,12
Jahan Dotson,WR,4.8,0.0,2025,12
Darius Slayton,WR,4.8,3.3,2025,12
Van Jefferson,WR,4.7,2.1,2025,12
Ryan Flournoy,WR,4.6,0.0,2025,12
Luther Burden III,WR,4.6,9.1,2025,12
Austin Hooper,TE,4.6,6.9,2025,12
Devin Neal,RB,4.5,11.1,2025,12
Andrei Iosivas,WR,4.5,10.6,2025,12
Brian Robinson,RB,4.5,5.4,2025,12
DeMario Douglas,WR,4.4,6.1,2025,12
Greg Dortch,WR,4.4,16.8,2025,12
Tez Johnson,WR,4.4,12.3,2025,12
Cole Kmet,TE,4.3,1.3,2025,12
Colby Parkinson,TE,4.3,14.1,2025,12
Jayden Higgins,WR,4.3,13.8,2025,12
Devaughn Vele,WR,4.3,6.7,2025,12
Roman Wilson,WR,4.3,0.0,2025,12
Keaton Mitchell,RB,4.2,2.9,2025,12
Dontayvion Wicks,WR,4.2,5.2,2025,12
Ja'Tavion Sanders,TE,4.2,1.6,2025,12
DeAndre Hopkins,WR,4.1,3.3,2025,12
Kalif Raymond,WR,4.0,5.7,2025,12
Mike Gesicki,TE,3.7,7.5,2025,12
Xavier Hutchinson,WR,3.7,0.9,2025,12
Jackson Hawes,TE,3.6,4.6,2025,12
Brock Wright,TE,3.6,5.9,2025,12
David Sills,WR,3.5,9.6,2025,12
Mitchell Evans,TE,3.5,0.0,2025,12
Charlie Kolar,TE,3.5,0.0,2025,12
Blake Corum,RB,3.4,2.4,2025,12
Elijah Higgins,TE,3.4,0.0,2025,12
Dylan Sampson,RB,3.4,16.2,2025,12
Brashard Smith,RB,3.4,6.6,2025,12
Michael Mayer,TE,3.3,2.4,2025,12
Jordan Whittington,WR,3.3,4.7,2025,12
JuJu Smith-Schuster,WR,3.3,1.8,2025,12
Tank Bigsby,RB,3.2,0.8,2025,12
Dawson Knox,TE,3.2,4.7,2025,12
Christian Kirk,WR,3.2,16.4,2025,12
LeQuint Allen Jr.,RB,3.2,0.2,2025,12
Demarcus Robinson,WR,3.2,1.8,2025,12
Kyle Williams,WR,3.1,2.8,2025,12
Tyquan Thornton,WR,3.1,0.0,2025,12
Davis Allen,TE,3.1,5.9,2025,12
Isaiah Davis,RB,3.1,0.7,2025,12
Isaiah Hodgins,WR,3.0,12.2,2025,12
Elijah Arroyo,TE,3.0,1.5,2025,12
Sterling Shepard,WR,3.0,4.2,2025,12
Luke Musgrave,TE,2.9,1.7,2025,12
Jerome Ford,RB,2.8,-0.3,2025,12
Noah Gray,TE,2.8,5.5,2025,12
Isaac TeSlaa,WR,2.8,0.0,2025,12
Devontez Walker,WR,2.7,4.0,2025,12
Josh Palmer,WR,2.7,4.1,2025,12
Tyler Lockett,WR,2.6,10.2,2025,12
Luke Schoonmaker,TE,2.5,0.0,2025,12
Josh Oliver,TE,2.5,1.4,2025,12
Mason Taylor,TE,2.5,5.1,2025,12
Luke Farrell,TE,2.4,1.3,2025,12
Raheem Mostert,RB,2.4,5.0,2025,12
KaVontae Turpin,WR,2.3,4.2,2025,12
Tim Patrick,WR,2.3,0.0,2025,12
Terrell Jennings,RB,2.3,0.0,2025,12
Will Shipley,RB,2.3,0.0,2025,12
Jaylin Noel,WR,2.3,1.9,2025,12
Terrance Ferguson,TE,2.2,0.0,2025,12
Daniel Bellinger,TE,2.2,0.0,2025,12
Foster Moreau,TE,2.2,0.0,2025,12
Isaiah Bond,WR,2.1,7.8,2025,12
Johnny Mundt,TE,2.1,2.2,2025,12
Tanner Hudson,TE,2.1,1.9,2025,12
Cade Stover,TE,2.1,0.0,2025,12
Dont'e Thornton Jr.,WR,2.1,2.4,2025,12
Cody White,WR,2.0,0.0,2025,12
Ameer Abdullah,RB,1.9,0.0,2025,12
Mo Alie-Cox,TE,1.8,1.9,2025,12
Mitchell Tinsley,WR,1.7,10.9,2025,12
Brycen Tremayne,WR,1.6,0.0,2025,12
Hunter Luepke,RB,1.6,1.7,2025,12
Grant Calcaterra,TE,1.6,1.8,2025,12
John FitzPatrick,TE,1.6,2.1,2025,12
Drew Sample,TE,1.5,1.0,2025,12
Ray Davis,RB,1.5,6.0,2025,12
John Metchie III,WR,1.5,18.5,2025,12
Savion Williams,WR,1.4,0.0,2025,12
Jimmy Horn Jr.,WR,1.3,2.1,2025,12
Arian Smith,WR,1.3,0.8,2025,12
Gabe Davis,WR,1.3,3.2,2025,12
Malik Davis,RB,1.2,2.4,2025,12
Adam Thielen,WR,1.2,0.0,2025,12
Chris Brooks,RB,1.1,3.6,2025,12
Dare Ogunbowale,RB,1.1,0.0,2025,12
Tylan Wallace,WR,1.1,0.0,2025,12
Durham Smythe,TE,1.0,1.4,2025,12
Charlie Woerner,TE,1.0,5.4,2025,12
Tyler Goodson,RB,1.0,0.0,2025,12
Konata Mumpfield,WR,1.0,4.5,2025,12
Josh Whyle,TE,1.0,1.1,2025,12
Ian Thomas,TE,0.9,7.6,2025,12
Austin Trammell,WR,0.9,0.0,2025,12
Allen Lazard,WR,0.9,1.9,2025,12
Trevor Etienne,RB,0.9,0.0,2025,12
Ashton Dulin,WR,0.8,5.8,2025,12
Xavier Weaver,WR,0.8,1.9,2025,12
Adonai Mitchell,WR,0.8,6.2,2025,12
Brevyn Spann-Ford,TE,0.7,7.4,2025,12
Skyy Moore,WR,0.7,0.0,2025,12
Jack Stoll,TE,0.7,1.7,2025,12
Malachi Corley,WR,0.6,1.2,2025,12
Gunner Olszewski,WR,0.5,5.32,2025,12
Isaiah Williams,WR,0.5,0.0,2025,12
Kameron Johnson,WR,0.5,0.0,2025,12
Quintin Morris,TE,0.5,0.0,2025,12
Jake Bobo,WR,0.5,0.0,2025,12
Darius Cooper,WR,0.4,2.7,2025,12
Ben Skowronek,WR,0.4,3.1,2025,12
Taysom Hill,TE,0.4,1.7,2025,12
Clyde Edwards-Helaire,RB,0.4,3.7,2025,12
Gage Larvadain,WR,0.3,0.0,2025,12
Anthony Gould,WR,0.3,0.0,2025,12
Tahj Brooks,RB,0.3,0.5,2025,12
Julius Chestnut,RB,0.2,0.3,2025,12
Mason Tipton,WR,0.2,6.3,2025,12
Devin Duvernay,WR,0.2,0.0,2025,12
Dylan Laube,RB,0.2,0.0,2025,12
Xavier Gipson,WR,0.1,1.3,2025,12
Alex Bachman,WR,0.1,0.0,2025,12
Owen Wright,RB,0.1,0.6,2025,12
Tai Felton,WR,0.1,0.0,2025,12
Nikko Remigio,WR,0.1,0.0,2025,12
Jacob Saylors,RB,0.1,0.0,2025,12
British Brooks,RB,0.1,0.0,2025,12
Mason Rudolph,QB,0.0,7.54,2025,12
Feleipe Franks,TE,0.0,0.2,2025,12
Kene Nwangwu,RB,0.0,0.0,2025,12
Reggie Gilliam,RB,0.0,1.2,2025,12
Dante Pettis,WR,0.0,2.4,2025,12
Charlie Jones,WR,0.0,0.0,2025,12
Josiah Deguara,TE,0.0,1.6,2025,12
Malik Willis,QB,0.0,0.58,2025,12
LaJohntay Wester,WR,0.0,0.0,2025,12
Laquon Treadwell,WR,0.0,0.0,2025,12
Ke'Shawn Williams,WR,0.0,0.0,2025,12
Ross Dwelley,TE,0.0,0.0,2025,12
Kedon Slovis,QB,0.0,-0.08,2025,12
Kirk Cousins,QB,0.0,14.46,2025,12
Jake Browning,QB,0.0,0.56,2025,12
Brady Russell,RB,0.0,0.0,2025,12
Cameron Latu,TE,0.0,0.0,2025,12
Andrew Ogletree,TE,0.0,8.8,2025,12
Tyrod Taylor,QB,0.0,12.78,2025,12
Myles Price,WR,0.0,0.0,2025,12
Mason Kinsey,WR,0.0,0.0,2025,12
Pharaoh Brown,TE,0.0,0.0,2025,12
Brock Purdy,QB,0.0,7.32,2025,12
Jahmyr Gibbs,RB,26.5,11.6,2025,13
Patrick Mahomes,QB,26.4,29.44,2025,13
De'Von Achane,RB,25.1,19.4,2025,13
Drake Maye,QB,23.0,20.48,2025,13
Rashee Rice,WR,22.8,29.4,2025,13
Bucky Irving,RB,20.8,16.1,2025,13
Baker Mayfield,QB,20.6,14.46,2025,13
Josh Allen,QB,20.4,16.72,2025,13
Dak Prescott,QB,20.4,20.6,2025,13
Lamar Jackson,QB,20.2,6.54,2025,13
Derrick Henry,RB,20.2,17.4,2025,13
Jalen Hurts,QB,19.8,16.3,2025,13
Matthew Stafford,QB,19.5,11.62,2025,13
Jonathan Taylor,RB,18.9,15.1,2025,13
Trevor Lawrence,QB,18.7,21.66,2025,13
Amon-Ra St. Brown,WR,18.4,0.0,2025,13
George Pickens,WR,18.3,16.8,2025,13
Jared Goff,QB,18.0,20.64,2025,13
Justin Herbert,QB,17.8,12.84,2025,13
TreVeyon Henderson,RB,17.7,11.6,2025,13
Caleb Williams,QB,17.5,9.46,2025,13
Bo Nix,QB,17.2,16.44,2025,13
Saquon Barkley,RB,16.5,5.6,2025,13
Travis Etienne,RB,16.5,5.1,2025,13
Kyren Williams,RB,16.3,13.2,2025,13
Josh Jacobs,RB,15.9,10.1,2025,13
Jacoby Brissett,QB,15.9,19.64,2025,13
Daniel Jones,QB,15.9,16.14,2025,13
James Cook,RB,15.8,18.7,2025,13
Cam Ward,QB,15.8,6.34,2025,13
Travis Kelce,TE,15.8,15.5,2025,13
Jordan Love,QB,15.7,25.76,2025,13
Sam Darnold,QB,15.4,3.12,2025,13
Breece Hall,RB,15.4,15.6,2025,13
Kareem Hunt,RB,15.3,9.0,2025,13
Bijan Robinson,RB,15.1,30.3,2025,13
Jaxon Smith-Njigba,WR,15.0,4.3,2025,13
CeeDee Lamb,WR,15.0,24.2,2025,13
Ja'Marr Chase,WR,15.0,18.0,2025,13
Tua Tagovailoa,QB,14.9,4.68,2025,13
Shedeur Sanders,QB,14.2,10.56,2025,13
Chase Brown,RB,13.9,18.3,2025,13
Christian McCaffrey,RB,13.8,17.4,2025,13
Puka Nacua,WR,13.2,13.2,2025,13
Stefon Diggs,WR,12.8,5.6,2025,13
Michael Pittman,WR,12.7,2.3,2025,13
Jameson Williams,WR,12.5,26.9,2025,13
DeVonta Smith,WR,12.4,9.8,2025,13
Brock Purdy,QB,12.4,17.12,2025,13
D'Andre Swift,RB,12.1,20.8,2025,13
David Montgomery,RB,12.1,12.8,2025,13
Rico Dowdle,RB,12.1,9.9,2025,13
Javonte Williams,RB,11.9,17.0,2025,13
Kirk Cousins,QB,11.9,13.36,2025,13
A.J. Brown,WR,11.9,35.2,2025,13
Marcus Mariota,QB,11.7,23.26,2025,13
Trey McBride,TE,11.7,22.2,2025,13
Justin Jefferson,WR,11.5,2.4,2025,13
Rhamondre Stevenson,RB,11.3,11.0,2025,13
Rachaad White,RB,11.3,5.9,2025,13
Xavier Worthy,WR,11.2,11.4,2025,13
Isiah Pacheco,RB,11.2,5.3,2025,13
Zay Flowers,WR,11.1,0.6,2025,13
Jaylen Waddle,WR,11.1,7.0,2025,13
Davante Adams,WR,11.0,21.8,2025,13
Jake Ferguson,TE,11.0,8.6,2025,13
Tyler Warren,TE,10.8,11.2,2025,13
Ashton Jeanty,RB,10.8,12.1,2025,13
Kenneth Walker III,RB,10.6,10.4,2025,13
Hunter Henry,TE,10.6,11.3,2025,13
Marquise Brown,WR,10.6,10.0,2025,13
Tyler Shough,QB,10.3,17.36,2025,13
Mark Andrews,TE,10.2,8.7,2025,13
Jaylen Warren,RB,10.1,12.4,2025,13
RJ Harvey,RB,10.1,21.2,2025,13
Bryce Young,QB,10.1,22.54,2025,13
Kayshon Boutte,WR,10.1,13.5,2025,13
Kyle Monangai,RB,10.0,19.0,2025,13
Brian Thomas Jr.,WR,9.9,4.8,2025,13
Nico Collins,WR,9.8,21.5,2025,13
Kenny Gainwell,RB,9.8,6.5,2025,13
Emanuel Wilson,RB,9.7,1.4,2025,13
Rome Odunze,WR,9.7,2.8,2025,13
Christian Watson,WR,9.7,18.3,2025,13
Marvin Harrison Jr.,WR,9.6,12.9,2025,13
Tyjae Spears,RB,9.6,8.4,2025,13
Aaron Jones,RB,9.6,4.5,2025,13
Tony Pollard,RB,9.6,5.3,2025,13
Ladd McConkey,WR,9.5,13.9,2025,13
DJ Moore,WR,9.5,4.7,2025,13
Michael Wilson,WR,9.4,6.6,2025,13
Mason Rudolph,QB,9.4,-2.0,2025,13
Geno Smith,QB,9.3,12.0,2025,13
George Kittle,TE,9.3,10.7,2025,13
Jakobi Meyers,WR,9.2,21.3,2025,13
Jordan Addison,WR,9.0,8.6,2025,13
Alec Pierce,WR,8.9,17.8,2025,13
Mack Hollins,WR,8.9,5.3,2025,13
Parker Washington,WR,8.9,3.6,2025,13
Courtland Sutton,WR,8.9,17.2,2025,13
Troy Franklin,WR,8.8,4.1,2025,13
Dallas Goedert,TE,8.7,4.7,2025,13
Brock Bowers,TE,8.7,22.3,2025,13
Woody Marks,RB,8.7,7.7,2025,13
Sean Tucker,RB,8.7,0.0,2025,13
Khalil Shakir,WR,8.6,1.5,2025,13
Chris Olave,WR,8.4,14.7,2025,13
Tetairoa McMillan,WR,8.4,11.3,2025,13
Quentin Johnston,WR,8.4,11.3,2025,13
Romeo Doubs,WR,8.2,12.0,2025,13
Emeka Egbuka,WR,8.2,8.2,2025,13
Josh Downs,WR,8.2,6.4,2025,13
Jauan Jennings,WR,8.1,13.9,2025,13
Chris Godwin Jr.,WR,8.0,10.8,2025,13
Brenton Strange,TE,7.8,13.5,2025,13
Keenan Allen,WR,7.6,7.0,2025,13
Colston Loveland,TE,7.5,5.8,2025,13
Zach Charbonnet,RB,7.4,11.2,2025,13
Elic Ayomanor,WR,7.3,1.5,2025,13
AJ Barner,TE,7.3,7.7,2025,13
Chimere Dike,WR,7.3,1.9,2025,13
T.J. Hockenson,TE,7.2,11.9,2025,13
Cade Otton,TE,7.0,2.9,2025,13
Jordan Mason,RB,6.9,5.8,2025,13
Juwan Johnson,TE,6.9,8.9,2025,13
Oronde Gadsden II,TE,6.8,3.7,2025,13
DK Metcalf,WR,6.8,6.2,2025,13
Chig Okonkwo,TE,6.6,6.9,2025,13
Bhayshul Tuten,RB,6.6,8.9,2025,13
Wan'Dale Robinson,WR,6.4,10.4,2025,13
Jerry Jeudy,WR,6.4,5.6,2025,13
Darren Waller,TE,6.3,6.7,2025,13
Tyrone Tracy Jr.,RB,6.3,4.3,2025,13
Dalton Schultz,TE,6.2,12.5,2025,13
Keon Coleman,WR,6.2,8.9,2025,13
Bam Knight,RB,6.2,16.8,2025,13
David Njoku,TE,6.1,2.4,2025,13
Isaiah Likely,TE,6.1,12.5,2025,13
Gunnar Helm,TE,6.1,8.3,2025,13
Olamide Zaccheaus,WR,6.1,3.9,2025,13
Colby Parkinson,TE,6.1,6.7,2025,13
Tyler Allgeier,RB,6.0,13.5,2025,13
Cooper Kupp,WR,6.0,5.4,2025,13
Rashid Shaheed,WR,6.0,2.6,2025,13
Tez Johnson,WR,6.0,1.5,2025,13
Harold Fannin Jr.,TE,6.0,11.3,2025,13
Tre Tucker,WR,5.9,5.0,2025,13
Deebo Samuel Sr.,WR,5.9,11.1,2025,13
Jalen Nailor,WR,5.8,0.0,2025,13
Andrei Iosivas,WR,5.7,9.9,2025,13
Kimani Vidal,RB,5.7,20.7,2025,13
Dylan Sampson,RB,5.6,2.3,2025,13
Pat Bryant,WR,5.6,7.2,2025,13
Kyle Pitts,TE,5.5,15.2,2025,13
Ty Johnson,RB,5.5,5.5,2025,13
Luther Burden III,WR,5.4,7.6,2025,13
Rashod Bateman,WR,5.4,0.0,2025,13
Devin Neal,RB,5.3,9.9,2025,13
Cedric Tillman,WR,5.3,0.0,2025,13
Kendrick Bourne,WR,5.3,0.0,2025,13
Chris Rodriguez Jr.,RB,5.3,10.1,2025,13
Terry McLaurin,WR,5.2,22.6,2025,13
Jacory Croskey-Merritt,RB,5.2,2.0,2025,13
John Metchie III,WR,5.2,5.7,2025,13
Greg Dortch,WR,5.1,3.4,2025,13
Mason Taylor,TE,5.0,4.1,2025,13
Jayden Higgins,WR,5.0,11.5,2025,13
Van Jefferson,WR,5.0,5.0,2025,13
Brashard Smith,RB,5.0,0.0,2025,13
Darnell Mooney,WR,4.9,4.5,2025,13
Ollie Gordon II,RB,4.9,1.0,2025,13
Calvin Austin III,WR,4.9,0.0,2025,13
Malik Washington,WR,4.9,7.0,2025,13
Dontayvion Wicks,WR,4.9,28.0,2025,13
Lil'Jordan Humphrey,WR,4.8,0.0,2025,13
Chuba Hubbard,RB,4.8,20.4,2025,13
DeMario Douglas,WR,4.8,6.3,2025,13
Keaton Mitchell,RB,4.8,11.1,2025,13
Xavier Legette,WR,4.7,1.1,2025,13
Evan Engram,TE,4.7,13.9,2025,13
Nick Chubb,RB,4.7,9.4,2025,13
Theo Johnson,TE,4.6,5.9,2025,13
JuJu Smith-Schuster,WR,4.6,0.0,2025,13
Ricky Pearsall,WR,4.6,3.4,2025,13
Michael Carter,RB,4.6,11.4,2025,13
Zach Ertz,TE,4.5,20.6,2025,13
Samaje Perine,RB,4.5,5.4,2025,13
Isaiah Davis,RB,4.3,0.0,2025,13
DeAndre Hopkins,WR,4.2,4.5,2025,13
Greg Dulcich,TE,4.1,4.4,2025,13
Noah Fant,TE,4.0,1.3,2025,13
Tyquan Thornton,WR,4.0,0.0,2025,13
Jalen Coker,WR,4.0,17.4,2025,13
Blake Corum,RB,4.0,14.1,2025,13
Brian Robinson,RB,3.9,2.6,2025,13
Mitchell Tinsley,WR,3.9,4.2,2025,13
Mike Gesicki,TE,3.9,3.9,2025,13
Devin Singletary,RB,3.8,19.2,2025,13
Ryan Flournoy,WR,3.8,6.4,2025,13
Kyle Williams,WR,3.7,10.3,2025,13
Jaleel McLaughlin,RB,3.7,4.0,2025,13
Davis Allen,TE,3.6,1.4,2025,13
Isaiah Bond,WR,3.6,3.7,2025,13
Sterling Shepard,WR,3.6,1.5,2025,13
Jonnu Smith,TE,3.6,1.6,2025,13
Cole Kmet,TE,3.5,12.6,2025,13
Jeremy McNichols,RB,3.5,5.0,2025,13
Charlie Kolar,TE,3.5,2.7,2025,13
Tyler Lockett,WR,3.4,2.1,2025,13
Devaughn Vele,WR,3.4,23.3,2025,13
Gabe Davis,WR,3.4,1.5,2025,13
Darius Slayton,WR,3.4,14.1,2025,13
Tre Harris,WR,3.3,6.0,2025,13
Jalen Tolbert,WR,3.3,0.0,2025,13
Nick Westbrook-Ikhine,WR,3.3,0.0,2025,13
Jordan Whittington,WR,3.3,0.0,2025,13
Devontez Walker,WR,3.2,0.0,2025,13
Dawson Knox,TE,3.1,5.8,2025,13
Jackson Hawes,TE,3.1,2.0,2025,13
Roman Wilson,WR,3.1,0.0,2025,13
Xavier Hutchinson,WR,3.1,5.9,2025,13
LeQuint Allen Jr.,RB,3.0,0.0,2025,13
Darnell Washington,TE,3.0,6.5,2025,13
Isaiah Hodgins,WR,2.9,1.4,2025,13
Elijah Arroyo,TE,2.9,0.0,2025,13
Luke Musgrave,TE,2.9,3.3,2025,13
KaVontae Turpin,WR,2.8,8.1,2025,13
Tyler Badie,RB,2.8,4.8,2025,13
Jahan Dotson,WR,2.8,2.2,2025,13
Tommy Tremble,TE,2.7,1.2,2025,13
Brandin Cooks,WR,2.7,2.3,2025,13
Marvin Mims Jr.,WR,2.7,3.7,2025,13
Zavier Scott,RB,2.7,3.1,2025,13
Ja'Tavion Sanders,TE,2.6,0.0,2025,13
David Sills,WR,2.6,9.5,2025,13
Julian Hill,TE,2.6,0.0,2025,13
Jerome Ford,RB,2.5,4.7,2025,13
Demarcus Robinson,WR,2.4,0.6,2025,13
Adam Trautman,TE,2.3,7.7,2025,13
Dont'e Thornton Jr.,WR,2.3,2.1,2025,13
Tim Patrick,WR,2.3,2.1,2025,13
Jeremy Ruckert,TE,2.3,3.2,2025,13
Isaac TeSlaa,WR,2.3,11.5,2025,13
Raheem Mostert,RB,2.2,0.6,2025,13
James Proche,WR,2.2,2.3,2025,13
Jaylin Noel,WR,2.2,0.0,2025,13
Elijah Higgins,TE,2.1,3.7,2025,13
Jaret Patterson,RB,2.1,11.4,2025,13
Mitchell Evans,TE,2.0,5.0,2025,13
Chris Brooks,RB,2.0,2.9,2025,13
Luke Schoonmaker,TE,2.0,1.1,2025,13
Terrell Jennings,RB,2.0,0.0,2025,13
Adonai Mitchell,WR,2.0,24.2,2025,13
Brevyn Spann-Ford,TE,1.9,0.0,2025,13
Terrance Ferguson,TE,1.8,0.0,2025,13
Kaleb Johnson,RB,1.7,0.3,2025,13
Cody White,WR,1.7,3.1,2025,13
John FitzPatrick,TE,1.7,0.0,2025,13
Malik Davis,RB,1.6,10.7,2025,13
Tanner Hudson,TE,1.6,8.4,2025,13
Jaylen Wright,RB,1.6,1.6,2025,13
Allen Lazard,WR,1.5,2.0,2025,13
Will Shipley,RB,1.5,2.1,2025,13
Konata Mumpfield,WR,1.5,0.0,2025,13
Ameer Abdullah,RB,1.5,0.0,2025,13
Luke Farrell,TE,1.4,0.0,2025,13
Jaylin Lane,WR,1.4,0.0,2025,13
Jack Bech,WR,1.4,4.2,2025,13
Foster Moreau,TE,1.4,3.3,2025,13
Cade Stover,TE,1.3,3.9,2025,13
Malik Heath,WR,1.2,0.0,2025,13
Andrew Ogletree,TE,1.2,1.8,2025,13
Ray Davis,RB,1.2,6.2,2025,13
Josh Whyle,TE,1.1,0.0,2025,13
Drew Sample,TE,1.1,2.7,2025,13
John Bates,TE,1.1,2.9,2025,13
Treylon Burks,WR,1.1,7.5,2025,13
Xavier Smith,WR,1.1,11.2,2025,13
Dare Ogunbowale,RB,1.0,0.0,2025,13
Xavier Restrepo,WR,0.9,2.5,2025,13
Mason Tipton,WR,0.9,4.9,2025,13
Brycen Tremayne,WR,0.8,0.0,2025,13
Xavier Weaver,WR,0.8,0.0,2025,13
Malachi Corley,WR,0.8,0.9,2025,13
Blake Whiteheart,TE,0.8,0.0,2025,13
Austin Trammell,WR,0.8,0.0,2025,13
Cedrick Wilson Jr.,WR,0.8,2.6,2025,13
Ian Thomas,TE,0.8,1.8,2025,13
Tyler Goodson,RB,0.7,0.0,2025,13
Ben Skowronek,WR,0.7,0.0,2025,13
Dylan Drummond,WR,0.7,1.3,2025,13
Payne Durham,TE,0.7,2.1,2025,13
Isaiah Williams,WR,0.6,0.0,2025,13
Rasheen Ali,RB,0.6,1.7,2025,13
Kameron Johnson,WR,0.5,0.0,2025,13
Skyy Moore,WR,0.5,0.0,2025,13
David Martin-Robinson,TE,0.5,0.0,2025,13
Trevor Etienne,RB,0.5,1.4,2025,13
Gunner Olszewski,WR,0.4,0.0,2025,13
Dante Pettis,WR,0.4,0.0,2025,13
Gage Larvadain,WR,0.4,4.3,2025,13
Andre Baccellia,WR,0.3,0.0,2025,13
Ryan Miller,WR,0.3,0.0,2025,13
Quintin Morris,TE,0.3,2.4,2025,13
Taysom Hill,TE,0.3,1.7,2025,13
Julius Chestnut,RB,0.3,0.0,2025,13
Anthony Gould,WR,0.3,0.0,2025,13
Derius Davis,WR,0.2,0.0,2025,13
Reggie Gilliam,RB,0.2,0.0,2025,13
Devin Culp,TE,0.1,0.0,2025,13
Dylan Laube,RB,0.1,0.0,2025,13
Colson Yankoff,TE,0.1,2.4,2025,13
Alex Bachman,WR,0.1,0.0,2025,13
Sione Vaki,RB,0.1,0.0,2025,13
Devin Duvernay,WR,0.1,0.0,2025,13
Charlie Jones,WR,0.1,0.0,2025,13
Tai Felton,WR,0.1,0.0,2025,13
Nikko Remigio,WR,0.1,0.0,2025,13
Travis Homer,RB,0.0,0.0,2025,13
Cameron Latu,TE,0.0,0.0,2025,13
Jamal Agnew,WR,0.0,0.0,2025,13
Deven Thompkins,WR,0.0,4.8,2025,13
Max Brosmer,QB,0.0,-3.06,2025,13
Mac Jones,QB,0.0,0.2,2025,13
Efton Chism III,WR,0.0,0.0,2025,13
Nick Kallerup,TE,0.0,0.0,2025,13
Dillon Gabriel,QB,0.0,0.0,2025,13
Aaron Rodgers,QB,0.0,2.68,2025,13
Ke'Shawn Williams,WR,0.0,0.0,2025,13
Myles Price,WR,0.0,0.0,2025,13
Gary Brightwell,RB,0.0,0.0,2025,13
Laquon Treadwell,WR,0.0,0.0,2025,13
Isaac Guerendo,RB,0.0,0.0,2025,13
Ross Dwelley,TE,0.0,1.3,2025,13
Trey Lance,QB,0.0,0.76,2025,13
Tyrod Taylor,QB,0.0,21.28,2025,13
Jaxson Dart,QB,0.0,13.56,2025,13
Joe Burrow,QB,0.0,19.24,2025,13
C.J. Stroud,QB,0.0,9.04,2025,13
Jahmyr Gibbs,RB,30.9,37.0,2025,14
Jared Goff,QB,26.2,16.16,2025,14
Josh Allen,QB,24.2,37.84,2025,14
Jonathan Taylor,RB,23.8,11.4,2025,14
Dak Prescott,QB,23.5,18.44,2025,14
Amon-Ra St. Brown,WR,23.3,15.2,2025,14
Matthew Stafford,QB,22.0,23.24,2025,14
Daniel Jones,QB,21.8,0.8,2025,14
Bucky Irving,RB,21.7,16.1,2025,14
De'Von Achane,RB,21.6,17.5,2025,14
James Cook,RB,21.5,11.1,2025,14
George Pickens,WR,21.3,8.7,2025,14
Baker Mayfield,QB,20.3,11.08,2025,14
CeeDee Lamb,WR,19.6,18.1,2025,14
Bijan Robinson,RB,19.5,9.4,2025,14
Justin Herbert,QB,19.2,12.16,2025,14
Jameson Williams,WR,18.2,17.3,2025,14
Kyren Williams,RB,18.1,17.7,2025,14
Sam Darnold,QB,17.4,22.26,2025,14
Jalen Hurts,QB,17.3,2.4,2025,14
Patrick Mahomes,QB,17.1,6.3,2025,14
Jaxon Smith-Njigba,WR,16.6,28.1,2025,14
Lamar Jackson,QB,16.3,21.06,2025,14
Marcus Mariota,QB,15.8,-2.1,2025,14
Ja'Marr Chase,WR,15.8,10.2,2025,14
Derrick Henry,RB,15.5,11.2,2025,14
Jordan Love,QB,15.3,19.26,2025,14
Puka Nacua,WR,15.3,35.7,2025,14
Josh Jacobs,RB,15.2,17.2,2025,14
Chase Brown,RB,15.2,18.5,2025,14
Jacoby Brissett,QB,15.2,19.04,2025,14
Bo Nix,QB,15.0,15.98,2025,14
Caleb Williams,QB,14.7,14.94,2025,14
Alec Pierce,WR,14.4,13.0,2025,14
Javonte Williams,RB,14.3,14.7,2025,14
Rashee Rice,WR,14.2,7.4,2025,14
Kirk Cousins,QB,14.1,2.48,2025,14
Tyler Warren,TE,14.0,3.7,2025,14
David Montgomery,RB,14.0,14.3,2025,14
Kenneth Walker III,RB,14.0,3.8,2025,14
D'Andre Swift,RB,13.9,11.2,2025,14
Trey McBride,TE,13.8,10.8,2025,14
Shedeur Sanders,QB,13.7,33.46,2025,14
Davante Adams,WR,13.4,6.9,2025,14
Trevor Lawrence,QB,13.3,19.36,2025,14
A.J. Brown,WR,13.2,16.0,2025,14
Michael Pittman,WR,13.1,16.9,2025,14
Saquon Barkley,RB,12.8,18.2,2025,14
Justin Jefferson,WR,12.6,3.1,2025,14
Tyrod Taylor,QB,12.5,-1.76,2025,14
Tyler Shough,QB,12.5,21.26,2025,14
Aaron Jones,RB,12.4,7.6,2025,14
Omarion Hampton,RB,11.8,14.7,2025,14
Rachaad White,RB,11.8,6.5,2025,14
Breece Hall,RB,11.8,4.3,2025,14
Aaron Rodgers,QB,11.7,21.46,2025,14
Tee Higgins,WR,11.6,27.2,2025,14
Ladd McConkey,WR,11.4,2.2,2025,14
Tua Tagovailoa,QB,11.3,9.08,2025,14
Nico Collins,WR,11.3,16.1,2025,14
Travis Etienne,RB,11.3,21.2,2025,14
Kyle Monangai,RB,11.3,8.7,2025,14
Jake Ferguson,TE,11.2,10.8,2025,14
Jordan Addison,WR,10.7,10.2,2025,14
Travis Kelce,TE,10.7,1.8,2025,14
Kimani Vidal,RB,10.3,11.4,2025,14
Zach Charbonnet,RB,10.3,8.6,2025,14
Quentin Johnston,WR,10.2,2.8,2025,14
Woody Marks,RB,10.1,15.6,2025,14
Chris Olave,WR,10.0,6.0,2025,14
Brock Bowers,TE,10.0,14.6,2025,14
Chris Godwin Jr.,WR,10.0,10.5,2025,14
Zay Flowers,WR,9.9,20.6,2025,14
Kareem Hunt,RB,9.9,9.0,2025,14
Ashton Jeanty,RB,9.9,5.8,2025,14
Cam Ward,QB,9.7,11.08,2025,14
RJ Harvey,RB,9.6,22.0,2025,14
DeVonta Smith,WR,9.6,7.7,2025,14
Jaylen Warren,RB,9.4,15.2,2025,14
Christian Watson,WR,9.2,24.9,2025,14
T.J. Hockenson,TE,9.2,9.2,2025,14
Terry McLaurin,WR,9.2,7.1,2025,14
Keenan Allen,WR,9.1,5.2,2025,14
DJ Moore,WR,8.9,0.6,2025,14
Khalil Shakir,WR,8.8,9.6,2025,14
Dalton Kincaid,TE,8.8,14.1,2025,14
Geno Smith,QB,8.8,9.04,2025,14
Emeka Egbuka,WR,8.8,3.5,2025,14
Kenny Gainwell,RB,8.8,16.2,2025,14
Mark Andrews,TE,8.7,1.9,2025,14
Michael Wilson,WR,8.7,37.2,2025,14
Emanuel Wilson,RB,8.4,1.0,2025,14
Courtland Sutton,WR,8.4,12.2,2025,14
Kyle Pitts,TE,8.4,15.0,2025,14
Sean Tucker,RB,8.4,8.9,2025,14
Josh Downs,WR,8.3,6.3,2025,14
Jordan Mason,RB,8.1,11.2,2025,14
Jakobi Meyers,WR,8.0,14.8,2025,14
Tyler Allgeier,RB,7.9,8.7,2025,14
DK Metcalf,WR,7.8,21.8,2025,14
Colston Loveland,TE,7.7,12.9,2025,14
Deebo Samuel Sr.,WR,7.7,6.7,2025,14
Zach Ertz,TE,7.7,2.1,2025,14
Oronde Gadsden II,TE,7.6,1.7,2025,14
Tony Pollard,RB,7.5,28.1,2025,14
Cade Otton,TE,7.4,4.9,2025,14
Harold Fannin Jr.,TE,7.2,25.4,2025,14
Dallas Goedert,TE,7.2,15.8,2025,14
Jaylen Waddle,WR,7.2,18.1,2025,14
Devin Neal,RB,7.2,15.4,2025,14
Dalton Schultz,TE,7.1,5.2,2025,14
Cooper Kupp,WR,7.1,11.5,2025,14
Tyjae Spears,RB,7.0,6.7,2025,14
Devaughn Vele,WR,7.0,7.0,2025,14
Colby Parkinson,TE,6.9,12.2,2025,14
Romeo Doubs,WR,6.9,0.0,2025,14
AJ Barner,TE,6.7,5.7,2025,14
Xavier Worthy,WR,6.6,8.5,2025,14
Rashid Shaheed,WR,6.6,16.7,2025,14
Ty Johnson,RB,6.4,5.9,2025,14
Brenton Strange,TE,6.4,5.7,2025,14
Jalen Nailor,WR,6.4,6.0,2025,14
Andrei Iosivas,WR,6.4,3.7,2025,14
Jerry Jeudy,WR,6.4,16.6,2025,14
Juwan Johnson,TE,6.3,7.8,2025,14
Bam Knight,RB,6.3,6.4,2025,14
Isiah Pacheco,RB,6.3,3.0,2025,14
Keon Coleman,WR,6.1,3.6,2025,14
Marquise Brown,WR,6.1,4.5,2025,14
Jayden Higgins,WR,6.1,6.4,2025,14
Isaiah Likely,TE,6.1,12.5,2025,14
Troy Franklin,WR,6.0,4.1,2025,14
Brian Thomas Jr.,WR,6.0,11.7,2025,14
Chris Rodriguez Jr.,RB,5.9,5.2,2025,14
David Njoku,TE,5.8,7.1,2025,14
Darnell Mooney,WR,5.8,1.6,2025,14
Blake Corum,RB,5.8,26.1,2025,14
Luther Burden III,WR,5.7,11.0,2025,14
Olamide Zaccheaus,WR,5.6,8.7,2025,14
Matthew Golden,WR,5.5,0.0,2025,14
Dylan Sampson,RB,5.5,9.8,2025,14
Cole Kmet,TE,5.4,6.2,2025,14
Nick Chubb,RB,5.3,0.3,2025,14
Bhayshul Tuten,RB,5.2,-1.5,2025,14
Isaac TeSlaa,WR,5.2,10.0,2025,14
Chimere Dike,WR,5.0,13.4,2025,14
Ryan Flournoy,WR,4.9,26.5,2025,14
Samaje Perine,RB,4.9,4.8,2025,14
Keaton Mitchell,RB,4.9,7.6,2025,14
Rashod Bateman,WR,4.8,4.3,2025,14
Tre Tucker,WR,4.8,4.4,2025,14
Dawson Knox,TE,4.7,17.3,2025,14
Chig Okonkwo,TE,4.6,4.0,2025,14
Pat Freiermuth,TE,4.6,2.9,2025,14
DeAndre Hopkins,WR,4.6,0.0,2025,14
Michael Carter,RB,4.6,5.1,2025,14
Tyrell Shavers,WR,4.5,2.6,2025,14
Gunnar Helm,TE,4.5,1.8,2025,14
Mike Gesicki,TE,4.5,20.6,2025,14
Cedric Tillman,WR,4.4,3.3,2025,14
Evan Engram,TE,4.4,2.8,2025,14
Jacory Croskey-Merritt,RB,4.4,3.2,2025,14
Calvin Austin III,WR,4.4,4.1,2025,14
Elic Ayomanor,WR,4.3,8.4,2025,14
Tre Harris,WR,4.3,3.1,2025,14
Darren Waller,TE,4.2,2.7,2025,14
Noah Fant,TE,4.2,2.5,2025,14
David Sills,WR,4.2,0.0,2025,14
Jeremy McNichols,RB,4.1,1.2,2025,14
Pat Bryant,WR,4.1,7.2,2025,14
Jackson Hawes,TE,4.0,7.3,2025,14
Malik Washington,WR,4.0,4.0,2025,14
Davis Allen,TE,3.8,4.1,2025,14
John Metchie III,WR,3.8,7.4,2025,14
Jonnu Smith,TE,3.7,0.0,2025,14
Van Jefferson,WR,3.7,3.7,2025,14
Xavier Hutchinson,WR,3.6,0.0,2025,14
Mason Taylor,TE,3.5,10.1,2025,14
Josh Oliver,TE,3.5,16.4,2025,14
Christian Kirk,WR,3.5,1.6,2025,14
Darnell Washington,TE,3.5,2.2,2025,14
KaVontae Turpin,WR,3.4,5.0,2025,14
Lil'Jordan Humphrey,WR,3.4,5.7,2025,14
Gabe Davis,WR,3.3,4.1,2025,14
Sterling Shepard,WR,3.3,1.5,2025,14
Zavier Scott,RB,3.3,3.0,2025,14
Jaleel McLaughlin,RB,3.3,4.1,2025,14
Malik Davis,RB,3.2,0.6,2025,14
Jordan Whittington,WR,3.2,1.5,2025,14
Ollie Gordon II,RB,3.1,7.7,2025,14
Tyler Lockett,WR,3.1,7.1,2025,14
Jerome Ford,RB,3.1,3.0,2025,14
Isaiah Bond,WR,3.0,0.0,2025,14
Noah Gray,TE,2.9,2.4,2025,14
Isaiah Davis,RB,2.8,2.2,2025,14
Will Dissly,TE,2.7,1.1,2025,14
Brashard Smith,RB,2.7,0.7,2025,14
Xavier Smith,WR,2.7,1.6,2025,14
Luke Musgrave,TE,2.7,4.2,2025,14
Tyler Badie,RB,2.6,3.1,2025,14
Charlie Kolar,TE,2.6,2.9,2025,14
Adonai Mitchell,WR,2.6,3.4,2025,14
Greg Dulcich,TE,2.5,7.1,2025,14
Ray Davis,RB,2.5,0.0,2025,14
Chris Brooks,RB,2.5,1.6,2025,14
Tanner Hudson,TE,2.4,2.1,2025,14
Jayden Reed,WR,2.4,9.3,2025,14
Evan Hull,RB,2.4,2.0,2025,14
Hassan Haskins,RB,2.3,0.0,2025,14
Elijah Higgins,TE,2.3,1.0,2025,14
Adam Trautman,TE,2.3,3.7,2025,14
JuJu Smith-Schuster,WR,2.3,1.5,2025,14
Mo Alie-Cox,TE,2.2,0.0,2025,14
Marvin Mims Jr.,WR,2.2,7.7,2025,14
Elijah Arroyo,TE,2.2,0.0,2025,14
Jahan Dotson,WR,2.1,1.3,2025,14
Jaylin Noel,WR,2.1,3.3,2025,14
Tank Bigsby,RB,2.1,0.4,2025,14
Cody White,WR,2.1,1.9,2025,14
Luke Schoonmaker,TE,2.0,2.2,2025,14
Marquez Valdes-Scantling,WR,2.0,0.0,2025,14
Treylon Burks,WR,2.0,0.0,2025,14
Nick Westbrook-Ikhine,WR,1.9,0.0,2025,14
Ben Sinnott,TE,1.9,1.8,2025,14
Mason Tipton,WR,1.9,0.0,2025,14
Terrance Ferguson,TE,1.8,0.0,2025,14
LeQuint Allen Jr.,RB,1.8,2.8,2025,14
Tyquan Thornton,WR,1.8,3.9,2025,14
Jeremy Ruckert,TE,1.8,3.9,2025,14
Raheem Mostert,RB,1.8,1.2,2025,14
John Bates,TE,1.7,0.0,2025,14
Andrew Ogletree,TE,1.7,0.0,2025,14
James Proche,WR,1.6,0.0,2025,14
Foster Moreau,TE,1.6,2.6,2025,14
Brevyn Spann-Ford,TE,1.5,1.7,2025,14
Hunter Luepke,RB,1.5,0.0,2025,14
Will Shipley,RB,1.4,1.3,2025,14
Ameer Abdullah,RB,1.4,2.9,2025,14
Jaylin Lane,WR,1.4,0.0,2025,14
Tim Patrick,WR,1.4,18.8,2025,14
Jack Bech,WR,1.4,11.0,2025,14
Payne Durham,TE,1.3,0.0,2025,14
Jaylen Wright,RB,1.3,16.7,2025,14
John FitzPatrick,TE,1.3,3.4,2025,14
Dare Ogunbowale,RB,1.3,6.5,2025,14
Konata Mumpfield,WR,1.2,1.5,2025,14
Durham Smythe,TE,1.2,1.2,2025,14
Kaleb Johnson,RB,1.1,0.4,2025,14
Darius Cooper,WR,1.0,2.9,2025,14
Deven Thompkins,WR,0.9,1.4,2025,14
Dylan Drummond,WR,0.9,5.1,2025,14
Noah Brown,WR,0.9,2.9,2025,14
Ian Thomas,TE,0.9,3.7,2025,14
Rasheen Ali,RB,0.9,3.3,2025,14
Dee Eskridge,WR,0.9,0.0,2025,14
Gage Larvadain,WR,0.8,3.8,2025,14
Blake Whiteheart,TE,0.8,0.0,2025,14
Allen Lazard,WR,0.8,0.0,2025,14
Josh Whyle,TE,0.7,3.1,2025,14
Malachi Corley,WR,0.7,0.2,2025,14
Austin Trammell,WR,0.6,0.0,2025,14
Ben Skowronek,WR,0.6,2.3,2025,14
Jack Stoll,TE,0.6,0.0,2025,14
Kameron Johnson,WR,0.6,0.0,2025,14
Adam Thielen,WR,0.6,1.4,2025,14
Kylen Granson,TE,0.6,0.0,2025,14
Quintin Morris,TE,0.5,0.0,2025,14
Colson Yankoff,TE,0.5,0.0,2025,14
Dante Pettis,WR,0.4,0.0,2025,14
Taysom Hill,TE,0.4,-0.1,2025,14
Isaiah Williams,WR,0.3,10.4,2025,14
Anthony Firkser,TE,0.3,1.7,2025,14
Josiah Deguara,TE,0.3,0.0,2025,14
Andre Baccellia,WR,0.2,1.3,2025,14
David Martin-Robinson,TE,0.2,1.6,2025,14
Derius Davis,WR,0.2,0.0,2025,14
Anthony Gould,WR,0.2,1.3,2025,14
Julius Chestnut,RB,0.2,0.0,2025,14
Reggie Gilliam,RB,0.1,0.0,2025,14
Stone Smartt,TE,0.1,0.0,2025,14
Devin Duvernay,WR,0.1,3.4,2025,14
Laquon Treadwell,WR,0.1,0.0,2025,14
Tai Felton,WR,0.1,2.0,2025,14
British Brooks,RB,0.1,0.0,2025,14
Patrick Ricard,RB,0.1,0.0,2025,14
Jacob Saylors,RB,0.1,0.0,2025,14
Sione Vaki,RB,0.1,0.0,2025,14
Dylan Laube,RB,0.1,0.0,2025,14
Charlie Jones,WR,0.1,0.0,2025,14
Zach Wilson,QB,0.0,-0.2,2025,14
Khalil Herbert,RB,0.0,0.0,2025,14
Pharaoh Brown,TE,0.0,0.0,2025,14
Riley Leonard,QB,0.0,10.3,2025,14
Joe Burrow,QB,0.0,23.36,2025,14
Kenny Pickett,QB,0.0,8.48,2025,14
Feleipe Franks,TE,0.0,0.0,2025,14
Velus Jones Jr.,WR,0.0,3.2,2025,14
Myles Price,WR,0.0,0.0,2025,14
J.J. McCarthy,QB,0.0,20.42,2025,14
Jayden Daniels,QB,0.0,2.72,2025,14
C.J. Stroud,QB,0.0,12.62,2025,14
LaJohntay Wester,WR,0.0,0.0,2025,14
Jalen Brooks,WR,0.0,5.2,2025,14
Cameron Latu,TE,0.0,0.0,2025,14
Robbie Ouzts,RB,0.0,0.0,2025,14
Ronnie Rivers,RB,0.0,4.1,2025,14
Britain Covey,WR,0.0,0.0,2025,14
Travis Homer,RB,0.0,0.0,2025,14
Jamal Agnew,WR,0.0,0.0,2025,14
Kene Nwangwu,RB,0.0,0.0,2025,14
Matthew Stafford,QB,24.0,20.92,2025,15
De'Von Achane,RB,21.8,18.7,2025,15
Joe Burrow,QB,21.8,5.5,2025,15
Jahmyr Gibbs,RB,21.3,9.8,2025,15
Lamar Jackson,QB,20.7,14.6,2025,15
Josh Allen,QB,20.6,24.52,2025,15
Baker Mayfield,QB,20.4,19.18,2025,15
Brock Purdy,QB,19.8,26.2,2025,15
Marcus Mariota,QB,19.5,14.74,2025,15
Jonathan Taylor,RB,19.1,13.1,2025,15
Puka Nacua,WR,18.4,27.9,2025,15
Rico Dowdle,RB,18.2,12.4,2025,15
Derrick Henry,RB,18.1,10.0,2025,15
Davante Adams,WR,17.5,11.1,2025,15
Kyren Williams,RB,17.4,21.8,2025,15
Trevor Lawrence,QB,17.2,44.3,2025,15
Dak Prescott,QB,17.1,11.96,2025,15
C.J. Stroud,QB,17.0,23.4,2025,15
Bucky Irving,RB,17.0,8.1,2025,15
Woody Marks,RB,16.8,4.8,2025,15
Jared Goff,QB,16.8,25.52,2025,15
Christian McCaffrey,RB,16.7,15.7,2025,15
Bijan Robinson,RB,16.6,29.5,2025,15
Justin Herbert,QB,16.5,10.4,2025,15
Drake Maye,QB,16.4,20.5,2025,15
Jalen Hurts,QB,16.3,22.9,2025,15
Caleb Williams,QB,15.9,18.98,2025,15
Bo Nix,QB,15.8,29.08,2025,15
Bryce Young,QB,15.4,15.42,2025,15
Chase Brown,RB,15.2,16.0,2025,15
Patrick Mahomes,QB,14.9,13.06,2025,15
James Cook,RB,14.9,31.1,2025,15
Shedeur Sanders,QB,14.8,3.48,2025,15
CeeDee Lamb,WR,14.7,17.1,2025,15
Ja'Marr Chase,WR,14.7,23.2,2025,15
Breece Hall,RB,14.6,5.7,2025,15
Travis Etienne,RB,14.2,31.5,2025,15
Sam Darnold,QB,13.9,11.34,2025,15
Nico Collins,WR,13.8,23.5,2025,15
Saquon Barkley,RB,13.8,17.2,2025,15
George Pickens,WR,13.8,6.3,2025,15
Amon-Ra St. Brown,WR,13.6,41.4,2025,15
D'Andre Swift,RB,13.3,22.6,2025,15
Jordan Love,QB,13.3,13.94,2025,15
Jacoby Brissett,QB,13.2,20.56,2025,15
Rashee Rice,WR,13.1,12.1,2025,15
George Kittle,TE,13.1,22.8,2025,15
Tyler Shough,QB,13.1,18.08,2025,15
Jaxon Smith-Njigba,WR,13.0,18.3,2025,15
A.J. Brown,WR,13.0,12.1,2025,15
RJ Harvey,RB,12.8,10.5,2025,15
Justin Jefferson,WR,12.3,4.2,2025,15
TreVeyon Henderson,RB,12.2,30.1,2025,15
Josh Jacobs,RB,12.1,23.2,2025,15
Aaron Jones,RB,12.1,9.5,2025,15
Aaron Rodgers,QB,12.0,16.96,2025,15
Javonte Williams,RB,11.9,15.1,2025,15
Mike Evans,WR,11.8,19.2,2025,15
Jordan Addison,WR,11.7,8.6,2025,15
Tetairoa McMillan,WR,11.6,4.5,2025,15
Ashton Jeanty,RB,11.5,8.2,2025,15
Cam Ward,QB,11.4,15.0,2025,15
Jauan Jennings,WR,11.3,18.7,2025,15
Michael Pittman,WR,11.3,5.6,2025,15
Kirk Cousins,QB,11.2,26.92,2025,15
Jameson Williams,WR,11.2,26.4,2025,15
Tua Tagovailoa,QB,11.1,16.22,2025,15
Kareem Hunt,RB,11.0,3.0,2025,15
Courtland Sutton,WR,10.9,24.3,2025,15
Wan'Dale Robinson,WR,10.8,16.4,2025,15
Zay Flowers,WR,10.8,15.8,2025,15
Kyle Monangai,RB,10.6,3.3,2025,15
Kenneth Walker III,RB,10.6,2.9,2025,15
Jake Ferguson,TE,10.4,3.6,2025,15
Omarion Hampton,RB,10.4,7.5,2025,15
Mark Andrews,TE,10.1,3.8,2025,15
Ladd McConkey,WR,10.0,4.0,2025,15
Harold Fannin Jr.,TE,10.0,12.0,2025,15
Trey McBride,TE,9.8,37.4,2025,15
Terry McLaurin,WR,9.8,15.9,2025,15
Tony Pollard,RB,9.8,18.2,2025,15
Brock Bowers,TE,9.7,8.8,2025,15
Alec Pierce,WR,9.7,2.6,2025,15
Devin Neal,RB,9.6,10.2,2025,15
Stefon Diggs,WR,9.6,5.6,2025,15
Chris Godwin Jr.,WR,9.6,14.0,2025,15
Michael Wilson,WR,9.6,16.4,2025,15
Rachaad White,RB,9.4,3.6,2025,15
David Montgomery,RB,9.4,9.2,2025,15
Tyler Warren,TE,9.4,4.9,2025,15
Zach Charbonnet,RB,9.1,3.1,2025,15
Tyrone Tracy Jr.,RB,9.1,24.7,2025,15
Travis Kelce,TE,9.0,14.0,2025,15
Chris Olave,WR,9.0,20.5,2025,15
Jaylen Warren,RB,9.0,7.8,2025,15
Colston Loveland,TE,8.8,10.1,2025,15
DeVonta Smith,WR,8.7,7.0,2025,15
Jaylen Waddle,WR,8.6,4.6,2025,15
Kayshon Boutte,WR,8.5,4.0,2025,15
Kenny Gainwell,RB,8.5,19.6,2025,15
Hunter Henry,TE,8.5,2.8,2025,15
Rhamondre Stevenson,RB,8.5,10.7,2025,15
Blake Corum,RB,8.4,13.1,2025,15
Dalton Schultz,TE,8.4,21.6,2025,15
Jordan Mason,RB,8.3,2.9,2025,15
Devin Singletary,RB,8.3,2.4,2025,15
T.J. Hockenson,TE,8.2,10.6,2025,15
Jakobi Meyers,WR,8.2,12.1,2025,15
Deebo Samuel Sr.,WR,8.1,7.3,2025,15
Christian Watson,WR,8.1,5.9,2025,15
Emeka Egbuka,WR,8.1,10.4,2025,15
Keenan Allen,WR,8.0,8.6,2025,15
Jerry Jeudy,WR,7.9,4.2,2025,15
Tyjae Spears,RB,7.9,5.6,2025,15
DK Metcalf,WR,7.8,14.5,2025,15
DJ Moore,WR,7.6,22.9,2025,15
Josh Downs,WR,7.5,10.3,2025,15
Kimani Vidal,RB,7.4,5.8,2025,15
Troy Franklin,WR,7.4,20.8,2025,15
Colby Parkinson,TE,7.3,24.5,2025,15
Kendrick Bourne,WR,7.3,3.7,2025,15
Jayden Higgins,WR,7.2,1.4,2025,15
Chimere Dike,WR,7.2,5.0,2025,15
Sean Tucker,RB,7.2,6.7,2025,15
Chuba Hubbard,RB,7.1,4.8,2025,15
Xavier Worthy,WR,6.8,5.5,2025,15
Tyler Allgeier,RB,6.7,1.8,2025,15
Brenton Strange,TE,6.6,3.6,2025,15
Brian Thomas Jr.,WR,6.6,17.1,2025,15
Jalen Coker,WR,6.6,14.0,2025,15
Theo Johnson,TE,6.6,10.2,2025,15
Parker Washington,WR,6.6,8.3,2025,15
Tutu Atwell,WR,6.6,1.9,2025,15
Devaughn Vele,WR,6.5,11.9,2025,15
Mack Hollins,WR,6.5,8.1,2025,15
Dalton Kincaid,TE,6.5,6.4,2025,15
Khalil Shakir,WR,6.5,11.5,2025,15
Dallas Goedert,TE,6.4,25.0,2025,15
Oronde Gadsden II,TE,6.4,10.1,2025,15
Kyle Pitts,TE,6.3,45.6,2025,15
Cooper Kupp,WR,6.3,9.6,2025,15
Juwan Johnson,TE,6.3,7.0,2025,15
Isiah Pacheco,RB,6.3,2.1,2025,15
Keaton Mitchell,RB,6.3,6.6,2025,15
Jalen Nailor,WR,6.2,19.5,2025,15
Tez Johnson,WR,6.2,0.0,2025,15
Luther Burden III,WR,6.1,14.4,2025,15
Tre Tucker,WR,6.1,0.0,2025,15
Xavier Legette,WR,6.0,5.9,2025,15
Olamide Zaccheaus,WR,6.0,0.0,2025,15
Mike Gesicki,TE,5.9,2.1,2025,15
Emanuel Wilson,RB,5.8,0.3,2025,15
Ryan Flournoy,WR,5.8,8.0,2025,15
Jacory Croskey-Merritt,RB,5.8,15.6,2025,15
AJ Barner,TE,5.7,5.7,2025,15
Cole Kmet,TE,5.7,4.8,2025,15
Ricky Pearsall,WR,5.7,15.6,2025,15
Evan Engram,TE,5.6,2.2,2025,15
Andrei Iosivas,WR,5.6,0.0,2025,15
Bam Knight,RB,5.4,-0.2,2025,15
Darius Slayton,WR,5.4,9.3,2025,15
Pat Freiermuth,TE,5.3,7.5,2025,15
Rashid Shaheed,WR,5.3,12.1,2025,15
Jeremy McNichols,RB,5.2,1.2,2025,15
John Metchie III,WR,5.2,6.9,2025,15
Josh Oliver,TE,5.2,2.8,2025,15
Lil'Jordan Humphrey,WR,5.2,13.2,2025,15
Dontayvion Wicks,WR,5.1,1.6,2025,15
Samaje Perine,RB,5.1,5.3,2025,15
Bhayshul Tuten,RB,4.9,9.3,2025,15
Elic Ayomanor,WR,4.8,2.7,2025,15
Ty Johnson,RB,4.8,5.8,2025,15
Brittain Brown,RB,4.8,0.0,2025,15
Romeo Doubs,WR,4.7,5.6,2025,15
Darnell Washington,TE,4.4,5.5,2025,15
Mitchell Tinsley,WR,4.4,2.6,2025,15
Dawson Knox,TE,4.4,18.7,2025,15
Darnell Mooney,WR,4.3,6.5,2025,15
Gunnar Helm,TE,4.3,14.9,2025,15
Isaac TeSlaa,WR,4.3,0.0,2025,15
Adonai Mitchell,WR,4.2,17.4,2025,15
Michael Carter,RB,4.2,13.4,2025,15
DeMario Douglas,WR,4.2,0.5,2025,15
Malik Washington,WR,4.1,2.0,2025,15
Tommy Tremble,TE,4.0,3.3,2025,15
Brian Robinson,RB,4.0,2.1,2025,15
Jaleel McLaughlin,RB,3.9,0.4,2025,15
Tre Harris,WR,3.9,7.9,2025,15
Isaiah Davis,RB,3.9,13.5,2025,15
Jonnu Smith,TE,3.9,10.6,2025,15
DeAndre Hopkins,WR,3.8,4.2,2025,15
Davis Allen,TE,3.8,4.6,2025,15
Calvin Austin III,WR,3.7,0.0,2025,15
Kyle Williams,WR,3.7,0.0,2025,15
Mitchell Evans,TE,3.7,0.0,2025,15
Ja'Tavion Sanders,TE,3.7,2.5,2025,15
Darren Waller,TE,3.6,25.6,2025,15
Van Jefferson,WR,3.6,5.3,2025,15
Tyler Lockett,WR,3.6,3.0,2025,15
Chig Okonkwo,TE,3.6,7.3,2025,15
Emari Demercado,RB,3.6,2.1,2025,15
Xavier Hutchinson,WR,3.6,2.6,2025,15
Konata Mumpfield,WR,3.5,0.0,2025,15
Isaiah Hodgins,WR,3.5,1.4,2025,15
Audric Estimé,RB,3.4,8.0,2025,15
Charlie Kolar,TE,3.4,0.0,2025,15
Ollie Gordon II,RB,3.4,0.0,2025,15
Jack Bech,WR,3.3,3.7,2025,15
Tyler Badie,RB,3.3,1.1,2025,15
Michael Mayer,TE,3.2,0.0,2025,15
Jackson Hawes,TE,3.2,1.9,2025,15
David Sills,WR,3.2,13.8,2025,15
Matthew Golden,WR,3.1,8.5,2025,15
Kalif Raymond,WR,3.1,3.0,2025,15
Greg Dulcich,TE,3.0,6.6,2025,15
KaVontae Turpin,WR,2.9,3.2,2025,15
Demarcus Robinson,WR,2.9,5.6,2025,15
Brashard Smith,RB,2.8,0.1,2025,15
Isaiah Bond,WR,2.8,10.9,2025,15
Xavier Smith,WR,2.7,0.0,2025,15
Evan Hull,RB,2.6,1.2,2025,15
Jaylin Noel,WR,2.6,0.0,2025,15
Brandin Cooks,WR,2.6,0.0,2025,15
Malik Davis,RB,2.6,11.7,2025,15
Marvin Mims Jr.,WR,2.4,7.7,2025,15
LeQuint Allen Jr.,RB,2.3,2.6,2025,15
Cade Stover,TE,2.3,5.2,2025,15
Dare Ogunbowale,RB,2.3,6.4,2025,15
Luke Musgrave,TE,2.3,9.2,2025,15
Raheem Mostert,RB,2.3,1.2,2025,15
Daniel Bellinger,TE,2.3,6.5,2025,15
JuJu Smith-Schuster,WR,2.2,0.0,2025,15
Josh Palmer,WR,2.1,2.6,2025,15
Jayden Reed,WR,2.1,10.5,2025,15
Jordan Whittington,WR,2.1,0.0,2025,15
Tyquan Thornton,WR,2.0,6.7,2025,15
Jeremy Ruckert,TE,2.0,3.3,2025,15
Tanner Hudson,TE,2.0,4.6,2025,15
Luke Schoonmaker,TE,1.9,3.9,2025,15
Chris Brooks,RB,1.9,2.6,2025,15
Treylon Burks,WR,1.9,0.0,2025,15
Marquez Valdes-Scantling,WR,1.7,8.9,2025,15
Dyami Brown,WR,1.7,-1.6,2025,15
Ben Sinnott,TE,1.7,4.6,2025,15
Tank Bigsby,RB,1.6,5.7,2025,15
Darius Cooper,WR,1.6,4.9,2025,15
Ronnie Rivers,RB,1.6,0.0,2025,15
Nick Westbrook-Ikhine,WR,1.6,0.0,2025,15
Ray Davis,RB,1.6,2.3,2025,15
Elijah Higgins,TE,1.6,1.3,2025,15
Rasheen Ali,RB,1.5,11.2,2025,15
Will Shipley,RB,1.5,0.0,2025,15
Brevyn Spann-Ford,TE,1.5,0.0,2025,15
Terrance Ferguson,TE,1.5,1.6,2025,15
Ameer Abdullah,RB,1.5,9.7,2025,15
Mason Tipton,WR,1.5,1.1,2025,15
Dylan Drummond,WR,1.4,0.0,2025,15
Jaylin Lane,WR,1.4,6.0,2025,15
Drew Sample,TE,1.4,3.2,2025,15
Noah Brown,WR,1.4,3.8,2025,15
Gage Larvadain,WR,1.3,1.8,2025,15
Julian Hill,TE,1.3,4.5,2025,15
John Bates,TE,1.3,2.9,2025,15
Jaylen Wright,RB,1.3,2.1,2025,15
Charlie Woerner,TE,1.2,3.2,2025,15
John FitzPatrick,TE,1.2,4.8,2025,15
Durham Smythe,TE,1.2,0.0,2025,15
Tylan Wallace,WR,1.2,0.0,2025,15
James Proche,WR,1.1,0.0,2025,15
Jimmy Horn Jr.,WR,1.1,1.7,2025,15
Kaleb Johnson,RB,1.0,0.4,2025,15
Jalen Brooks,WR,1.0,2.9,2025,15
Hunter Luepke,RB,1.0,5.0,2025,15
Grant Calcaterra,TE,1.0,1.4,2025,15
Taysom Hill,TE,1.0,0.2,2025,15
Brycen Tremayne,WR,0.9,0.0,2025,15
Brenden Bates,TE,0.9,0.0,2025,15
Trevor Etienne,RB,0.9,0.0,2025,15
Jalin Hyatt,WR,0.8,0.0,2025,15
Allen Lazard,WR,0.8,1.6,2025,15
Isaiah Williams,WR,0.8,11.3,2025,15
Dee Eskridge,WR,0.8,0.0,2025,15
Adam Thielen,WR,0.8,1.7,2025,15
Kevin Austin Jr.,WR,0.7,6.3,2025,15
Tahj Brooks,RB,0.7,0.0,2025,15
Eric Saubert,TE,0.7,1.9,2025,15
Deven Thompkins,WR,0.7,0.0,2025,15
Arian Smith,WR,0.6,0.0,2025,15
Ben Skowronek,WR,0.6,0.0,2025,15
Malachi Corley,WR,0.6,2.0,2025,15
Skyy Moore,WR,0.6,0.0,2025,15
Jack Stoll,TE,0.5,1.7,2025,15
David Martin-Robinson,TE,0.5,0.0,2025,15
Tyler Goodson,RB,0.5,0.0,2025,15
Kameron Johnson,WR,0.5,0.0,2025,15
Colson Yankoff,TE,0.4,0.0,2025,15
KhaDarel Hodge,WR,0.4,0.0,2025,15
Kylen Granson,TE,0.4,0.0,2025,15
Quintin Morris,TE,0.4,4.0,2025,15
Devin Duvernay,WR,0.4,0.0,2025,15
Dante Pettis,WR,0.4,0.0,2025,15
Trayveon Williams,RB,0.4,2.7,2025,15
Andre Baccellia,WR,0.3,0.0,2025,15
KeAndre Lambert-Smith,WR,0.3,8.6,2025,15
Michael Bandy,WR,0.3,9.0,2025,15
Julius Chestnut,RB,0.2,0.0,2025,15
Stone Smartt,TE,0.1,0.0,2025,15
Devin Culp,TE,0.1,7.6,2025,15
British Brooks,RB,0.1,0.0,2025,15
Sione Vaki,RB,0.1,0.0,2025,15
Nikko Remigio,WR,0.1,0.0,2025,15
Reggie Gilliam,RB,0.1,0.0,2025,15
Dylan Laube,RB,0.1,0.4,2025,15
Charlie Jones,WR,0.1,0.0,2025,15
Khalil Herbert,RB,0.0,0.5,2025,15
Kalel Mullings,RB,0.0,0.3,2025,15
Jameis Winston,QB,0.0,0.0,2025,15
Nick Mullens,QB,0.0,-0.2,2025,15
Spencer Rattler,QB,0.0,0.0,2025,15
Tyler Huntley,QB,0.0,-0.3,2025,15
J.J. McCarthy,QB,0.0,23.5,2025,15
Jaxson Dart,QB,0.0,22.14,2025,15
Dalen Cambre,WR,0.0,0.0,2025,15
Pharaoh Brown,TE,0.0,2.1,2025,15
Nick Kallerup,TE,0.0,0.0,2025,15
Myles Price,WR,0.0,0.0,2025,15
Brady Cook,QB,0.0,8.94,2025,15
Chase Edmonds,RB,0.0,0.0,2025,15
Tom Kennedy,WR,0.0,0.0,2025,15
LaJohntay Wester,WR,0.0,0.0,2025,15
Kenny Pickett,QB,0.0,1.26,2025,15
Britain Covey,WR,0.0,0.0,2025,15
Brady Russell,RB,0.0,0.0,2025,15
Gardner Minshew,QB,0.0,-1.12,2025,15
Jahmyr Gibbs,RB,24.1,22.8,2025,16
Bijan Robinson,RB,23.0,29.8,2025,16
Bo Nix,QB,22.5,15.18,2025,16
Josh Allen,QB,22.2,6.9,2025,16
De'Von Achane,RB,22.1,18.0,2025,16
Justin Herbert,QB,21.9,30.2,2025,16
Jared Goff,QB,20.6,26.46,2025,16
Jacoby Brissett,QB,20.5,10.62,2025,16
James Cook,RB,19.8,26.4,2025,16
Jalen Hurts,QB,19.5,19.4,2025,16
Amon-Ra St. Brown,WR,19.1,9.4,2025,16
Drake Maye,QB,18.7,23.7,2025,16
Matthew Stafford,QB,18.2,30.88,2025,16
Marcus Mariota,QB,17.7,3.7,2025,16
Saquon Barkley,RB,17.6,21.2,2025,16
Caleb Williams,QB,17.3,21.0,2025,16
RJ Harvey,RB,16.8,22.1,2025,16
Trevor Lawrence,QB,16.6,31.16,2025,16
Jonathan Taylor,RB,16.5,16.9,2025,16
Kyren Williams,RB,16.4,11.5,2025,16
Kirk Cousins,QB,16.4,17.58,2025,16
Joe Burrow,QB,16.3,28.96,2025,16
Aaron Rodgers,QB,16.3,15.54,2025,16
Tyler Shough,QB,16.3,17.12,2025,16
Dak Prescott,QB,16.2,19.16,2025,16
Brock Purdy,QB,16.2,30.9,2025,16
C.J. Stroud,QB,16.0,11.48,2025,16
Drake London,WR,15.8,5.7,2025,16
D'Andre Swift,RB,15.6,9.0,2025,16
Baker Mayfield,QB,15.4,12.7,2025,16
Christian McCaffrey,RB,15.3,32.6,2025,16
Lamar Jackson,QB,15.2,4.74,2025,16
A.J. Brown,WR,15.2,18.5,2025,16
Trey McBride,TE,15.2,6.7,2025,16
Bucky Irving,RB,14.9,7.1,2025,16
Philip Rivers,QB,14.8,17.08,2025,16
Bryce Young,QB,14.7,17.64,2025,16
CeeDee Lamb,WR,14.5,11.1,2025,16
J.J. McCarthy,QB,14.5,8.32,2025,16
Puka Nacua,WR,14.5,46.5,2025,16
TreVeyon Henderson,RB,14.0,2.2,2025,16
Jaxson Dart,QB,13.8,0.02,2025,16
Jameson Williams,WR,13.8,12.0,2025,16
Jordan Love,QB,13.8,3.78,2025,16
Rico Dowdle,RB,13.7,8.3,2025,16
Michael Wilson,WR,13.6,13.2,2025,16
Dallas Goedert,TE,13.5,12.2,2025,16
Travis Etienne,RB,13.4,16.6,2025,16
Chase Brown,RB,13.3,32.9,2025,16
Courtland Sutton,WR,13.3,20.6,2025,16
Kyle Pitts,TE,13.0,18.7,2025,16
Ja'Marr Chase,WR,12.9,19.9,2025,16
DeVonta Smith,WR,12.9,16.2,2025,16
Kenny Gainwell,RB,12.8,23.8,2025,16
Breece Hall,RB,12.8,8.3,2025,16
DK Metcalf,WR,12.6,8.2,2025,16
Josh Jacobs,RB,12.6,4.8,2025,16
George Pickens,WR,12.6,26.0,2025,16
Brady Cook,QB,12.4,3.72,2025,16
Jaxon Smith-Njigba,WR,12.4,23.6,2025,16
Derrick Henry,RB,12.3,22.8,2025,16
George Kittle,TE,12.3,24.5,2025,16
Ladd McConkey,WR,12.3,14.3,2025,16
Sam Darnold,QB,12.2,19.5,2025,16
Javonte Williams,RB,12.2,6.3,2025,16
Omarion Hampton,RB,12.0,16.5,2025,16
Marvin Harrison Jr.,WR,12.0,2.4,2025,16
Tee Higgins,WR,11.8,14.3,2025,16
Jaylen Warren,RB,11.7,29.1,2025,16
Quentin Johnston,WR,11.6,20.4,2025,16
Aaron Jones,RB,11.5,11.3,2025,16
Cam Ward,QB,11.5,18.02,2025,16
Nico Collins,WR,11.5,9.9,2025,16
DJ Moore,WR,11.4,21.9,2025,16
Kyle Monangai,RB,10.9,12.3,2025,16
Tony Pollard,RB,10.8,10.2,2025,16
Keenan Allen,WR,10.7,9.4,2025,16
Shedeur Sanders,QB,10.5,11.18,2025,16
David Montgomery,RB,10.4,1.4,2025,16
Mike Evans,WR,9.9,14.1,2025,16
Michael Pittman,WR,9.6,7.2,2025,16
Jauan Jennings,WR,9.6,18.1,2025,16
Stefon Diggs,WR,9.6,22.8,2025,16
Kimani Vidal,RB,9.5,1.1,2025,16
Chris Olave,WR,9.5,36.8,2025,16
Troy Franklin,WR,9.5,10.6,2025,16
Zay Flowers,WR,9.4,21.2,2025,16
Kareem Hunt,RB,9.4,0.2,2025,16
Colston Loveland,TE,9.3,6.0,2025,16
Terry McLaurin,WR,9.2,8.3,2025,16
Alec Pierce,WR,9.0,24.6,2025,16
Travis Kelce,TE,8.9,1.6,2025,16
Rhamondre Stevenson,RB,8.8,17.8,2025,16
Josh Downs,WR,8.8,11.8,2025,16
Tyler Allgeier,RB,8.7,8.3,2025,16
Oronde Gadsden II,TE,8.6,1.7,2025,16
Christian Watson,WR,8.6,3.7,2025,16
Kenneth Walker III,RB,8.5,25.4,2025,16
Jordan Addison,WR,8.5,4.6,2025,16
Tyrell Shavers,WR,8.4,3.1,2025,16
Tyler Warren,TE,8.4,6.0,2025,16
Justin Jefferson,WR,8.4,14.5,2025,16
Rachaad White,RB,8.3,8.0,2025,16
Tetairoa McMillan,WR,8.3,19.3,2025,16
Blake Corum,RB,8.3,13.1,2025,16
Kayshon Boutte,WR,8.1,2.6,2025,16
Colby Parkinson,TE,8.0,4.1,2025,16
Tyrone Tracy Jr.,RB,7.9,9.8,2025,16
Jakobi Meyers,WR,7.8,8.6,2025,16
Jake Ferguson,TE,7.8,4.9,2025,16
Brock Bowers,TE,7.7,14.3,2025,16
Chris Godwin Jr.,WR,7.6,8.0,2025,16
Ashton Jeanty,RB,7.6,31.8,2025,16
Jordan Mason,RB,7.6,2.1,2025,16
Jaylen Waddle,WR,7.5,12.2,2025,16
Mack Hollins,WR,7.5,13.9,2025,16
Chris Rodriguez Jr.,RB,7.4,13.9,2025,16
Tyjae Spears,RB,7.4,21.5,2025,16
Khalil Shakir,WR,7.4,7.4,2025,16
Hunter Henry,TE,7.3,15.5,2025,16
Harold Fannin Jr.,TE,7.3,19.5,2025,16
Darren Waller,TE,7.2,7.0,2025,16
Dalton Schultz,TE,7.2,14.5,2025,16
Lil'Jordan Humphrey,WR,7.2,1.9,2025,16
Sean Tucker,RB,7.1,6.3,2025,16
Zach Charbonnet,RB,7.0,17.4,2025,16
Wan'Dale Robinson,WR,7.0,5.2,2025,16
Brian Thomas Jr.,WR,7.0,3.8,2025,16
Dalton Kincaid,TE,6.9,0.0,2025,16
Pat Freiermuth,TE,6.8,6.0,2025,16
Michael Carter,RB,6.8,6.5,2025,16
Deebo Samuel Sr.,WR,6.8,6.5,2025,16
Jalen Coker,WR,6.8,7.7,2025,16
Jacory Croskey-Merritt,RB,6.7,8.5,2025,16
T.J. Hockenson,TE,6.6,1.2,2025,16
Xavier Worthy,WR,6.6,6.1,2025,16
Juwan Johnson,TE,6.5,16.9,2025,16
Chimere Dike,WR,6.4,13.0,2025,16
Mike Gesicki,TE,6.4,12.5,2025,16
Jalen Nailor,WR,6.4,0.0,2025,16
Marquise Brown,WR,6.3,5.2,2025,16
Parker Washington,WR,6.2,26.5,2025,16
Tre Harris,WR,6.2,9.4,2025,16
Chuba Hubbard,RB,6.1,4.4,2025,16
Jerry Jeudy,WR,6.1,4.2,2025,16
Emeka Egbuka,WR,6.1,5.0,2025,16
Cole Kmet,TE,6.0,3.4,2025,16
Olamide Zaccheaus,WR,5.9,5.3,2025,16
Chig Okonkwo,TE,5.8,16.4,2025,16
Gunnar Helm,TE,5.8,2.9,2025,16
Dawson Knox,TE,5.8,2.0,2025,16
Ryan Flournoy,WR,5.8,9.8,2025,16
Mark Andrews,TE,5.7,4.4,2025,16
Jayden Reed,WR,5.7,7.1,2025,16
Pat Bryant,WR,5.6,9.2,2025,16
Cooper Kupp,WR,5.6,6.9,2025,16
Darnell Washington,TE,5.5,4.6,2025,16
Isaiah Likely,TE,5.4,0.0,2025,16
Kendrick Bourne,WR,5.4,5.7,2025,16
Brenton Strange,TE,5.4,14.9,2025,16
Isiah Pacheco,RB,5.4,13.5,2025,16
Jake Tonges,TE,5.4,1.7,2025,16
Rashid Shaheed,WR,5.3,9.1,2025,16
David Sills,WR,5.2,0.0,2025,16
Jayden Higgins,WR,5.1,2.7,2025,16
Darnell Mooney,WR,5.1,4.4,2025,16
Evan Engram,TE,5.0,5.6,2025,16
Elic Ayomanor,WR,5.0,8.8,2025,16
Nick Chubb,RB,5.0,5.2,2025,16
Isaiah Davis,RB,5.0,10.0,2025,16
Devin Singletary,RB,5.0,5.6,2025,16
Keaton Mitchell,RB,4.9,1.3,2025,16
Xavier Legette,WR,4.9,2.2,2025,16
Tez Johnson,WR,4.8,0.9,2025,16
Ty Johnson,RB,4.8,7.6,2025,16
Chris Moore,WR,4.8,0.0,2025,16
John Metchie III,WR,4.7,1.4,2025,16
Adonai Mitchell,WR,4.7,7.3,2025,16
Jonnu Smith,TE,4.6,2.8,2025,16
Samaje Perine,RB,4.6,12.1,2025,16
Romeo Doubs,WR,4.6,19.4,2025,16
Calvin Austin III,WR,4.4,1.8,2025,16
Theo Johnson,TE,4.4,0.0,2025,16
Dontayvion Wicks,WR,4.4,3.2,2025,16
Emanuel Wilson,RB,4.4,8.2,2025,16
Andrei Iosivas,WR,4.4,3.1,2025,16
Cade Otton,TE,4.3,3.5,2025,16
AJ Barner,TE,4.2,15.0,2025,16
Jeremy McNichols,RB,4.2,5.2,2025,16
Marquez Valdes-Scantling,WR,4.2,1.6,2025,16
Van Jefferson,WR,4.1,4.4,2025,16
Rashod Bateman,WR,4.0,0.0,2025,16
Darius Slayton,WR,4.0,1.8,2025,16
Jaleel McLaughlin,RB,3.9,3.7,2025,16
Emari Demercado,RB,3.9,3.0,2025,16
Greg Dulcich,TE,3.8,5.6,2025,16
Austin Hooper,TE,3.8,5.4,2025,16
Isaac TeSlaa,WR,3.8,15.2,2025,16
Mitchell Tinsley,WR,3.7,0.0,2025,16
Malik Washington,WR,3.7,10.2,2025,16
Tyler Badie,RB,3.7,1.2,2025,16
Brian Robinson,RB,3.6,2.0,2025,16
Cedric Tillman,WR,3.6,1.8,2025,16
Isaiah Bond,WR,3.5,2.0,2025,16
Kalif Raymond,WR,3.5,16.2,2025,16
Josh Oliver,TE,3.5,3.9,2025,16
Tim Patrick,WR,3.5,2.1,2025,16
DeMario Douglas,WR,3.4,1.6,2025,16
Audric Estimé,RB,3.4,6.6,2025,16
Davis Allen,TE,3.3,5.4,2025,16
Adam Trautman,TE,3.3,3.4,2025,16
Tank Bigsby,RB,3.2,9.7,2025,16
Tre Tucker,WR,3.2,9.4,2025,16
Tyler Johnson,WR,3.2,1.7,2025,16
Jackson Hawes,TE,3.1,4.6,2025,16
Marvin Mims Jr.,WR,3.1,5.9,2025,16
Ollie Gordon II,RB,3.1,-0.1,2025,16
KeAndre Lambert-Smith,WR,3.0,2.0,2025,16
Tommy Tremble,TE,3.0,1.6,2025,16
DeAndre Hopkins,WR,3.0,8.1,2025,16
Christian Kirk,WR,2.9,6.7,2025,16
Zavier Scott,RB,2.9,2.2,2025,16
Ja'Tavion Sanders,TE,2.8,8.9,2025,16
Malik Davis,RB,2.8,2.3,2025,16
Tyler Lockett,WR,2.8,1.6,2025,16
Evan Hull,RB,2.8,0.3,2025,16
Demarcus Robinson,WR,2.8,10.3,2025,16
Luke Musgrave,TE,2.7,6.8,2025,16
Tanner Hudson,TE,2.7,1.4,2025,16
KaVontae Turpin,WR,2.6,4.7,2025,16
Will Dissly,TE,2.6,5.8,2025,16
Jahan Dotson,WR,2.6,4.3,2025,16
Mitchell Evans,TE,2.5,5.3,2025,16
Terrance Ferguson,TE,2.5,12.3,2025,16
Xavier Hutchinson,WR,2.5,1.4,2025,16
Matthew Golden,WR,2.5,0.4,2025,16
Noah Gray,TE,2.5,0.0,2025,16
Kyle Williams,WR,2.5,12.6,2025,16
Jack Bech,WR,2.4,6.3,2025,16
Josh Palmer,WR,2.4,1.2,2025,16
Brashard Smith,RB,2.3,1.4,2025,16
Konata Mumpfield,WR,2.2,7.0,2025,16
Chris Brooks,RB,2.2,0.4,2025,16
Rasheen Ali,RB,2.2,2.2,2025,16
Ameer Abdullah,RB,2.2,1.4,2025,16
Elijah Higgins,TE,2.2,16.1,2025,16
Jeremy Ruckert,TE,2.2,3.4,2025,16
Hassan Haskins,RB,2.2,1.4,2025,16
LeQuint Allen Jr.,RB,2.1,1.0,2025,16
Ray Davis,RB,2.1,5.4,2025,16
JuJu Smith-Schuster,WR,2.1,2.2,2025,16
Drew Sample,TE,2.1,5.1,2025,16
Cade Stover,TE,2.0,2.7,2025,16
Kevin Austin Jr.,WR,2.0,3.8,2025,16
Charlie Woerner,TE,2.0,1.3,2025,16
Ben Sinnott,TE,2.0,1.5,2025,16
Devontez Walker,WR,2.0,0.0,2025,16
Charlie Kolar,TE,1.9,2.8,2025,16
Foster Moreau,TE,1.9,1.5,2025,16
Michael Mayer,TE,1.8,2.0,2025,16
Xavier Smith,WR,1.8,7.7,2025,16
Dare Ogunbowale,RB,1.7,0.9,2025,16
Jaylin Noel,WR,1.7,0.0,2025,16
Nate Adkins,TE,1.7,0.0,2025,16
Mason Tipton,WR,1.6,8.1,2025,16
Raheem Mostert,RB,1.5,1.9,2025,16
Luke Farrell,TE,1.5,0.0,2025,16
Jalen Brooks,WR,1.5,0.0,2025,16
Isaiah Williams,WR,1.5,6.5,2025,16
John FitzPatrick,TE,1.5,0.0,2025,16
Jordan Whittington,WR,1.4,2.9,2025,16
Brandin Cooks,WR,1.4,0.0,2025,16
Will Shipley,RB,1.4,1.3,2025,16
Jaylen Wright,RB,1.4,12.3,2025,16
Corey Kiner,RB,1.4,3.2,2025,16
Treylon Burks,WR,1.4,5.0,2025,16
John Bates,TE,1.4,0.0,2025,16
Mo Alie-Cox,TE,1.3,3.6,2025,16
Adam Thielen,WR,1.3,8.9,2025,16
Cody White,WR,1.3,0.0,2025,16
Raheim Sanders,RB,1.2,5.6,2025,16
Gage Larvadain,WR,1.1,0.0,2025,16
Jaylin Lane,WR,1.1,0.0,2025,16
Ronnie Rivers,RB,1.1,0.0,2025,16
Brevyn Spann-Ford,TE,1.1,0.0,2025,16
Savion Williams,WR,1.0,0.9,2025,16
Jimmy Horn Jr.,WR,1.0,2.5,2025,16
Andrew Ogletree,TE,1.0,2.1,2025,16
Hunter Luepke,RB,0.9,2.4,2025,16
Cedrick Wilson Jr.,WR,0.9,2.1,2025,16
DeeJay Dallas,RB,0.9,0.0,2025,16
Quintin Morris,TE,0.8,1.5,2025,16
Xavier Weaver,WR,0.8,3.9,2025,16
Dee Eskridge,WR,0.8,0.0,2025,16
Ben Skowronek,WR,0.8,0.0,2025,16
Eric Saubert,TE,0.8,2.0,2025,16
Deven Thompkins,WR,0.7,0.0,2025,16
Trayveon Williams,RB,0.7,9.5,2025,16
Trevor Etienne,RB,0.7,0.0,2025,16
Brycen Tremayne,WR,0.6,0.0,2025,16
Jonathan Mingo,WR,0.6,0.0,2025,16
Malachi Corley,WR,0.6,6.1,2025,16
Jack Stoll,TE,0.6,1.4,2025,16
Anthony Firkser,TE,0.5,8.0,2025,16
Tahj Brooks,RB,0.5,0.7,2025,16
Scott Miller,WR,0.5,4.9,2025,16
Kylen Granson,TE,0.5,0.0,2025,16
Skyy Moore,WR,0.4,3.3,2025,16
David Martin-Robinson,TE,0.4,0.0,2025,16
Arian Smith,WR,0.4,0.0,2025,16
Tai Felton,WR,0.4,1.6,2025,16
Dareke Young,WR,0.4,0.0,2025,16
Cam Grandy,TE,0.4,1.1,2025,16
Devin Duvernay,WR,0.4,0.0,2025,16
Stone Smartt,TE,0.3,8.4,2025,16
Gunner Olszewski,WR,0.3,0.0,2025,16
Kameron Johnson,WR,0.3,0.0,2025,16
Dante Pettis,WR,0.3,0.0,2025,16
Taysom Hill,TE,0.3,15.32,2025,16
Kalel Mullings,RB,0.3,0.0,2025,16
Tyler Goodson,RB,0.2,0.9,2025,16
Josiah Deguara,TE,0.2,0.0,2025,16
Brenden Bates,TE,0.2,0.0,2025,16
Chris Manhertz,TE,0.2,0.0,2025,16
Julius Chestnut,RB,0.2,0.1,2025,16
Britain Covey,WR,0.1,0.0,2025,16
Dylan Laube,RB,0.1,0.0,2025,16
Jacob Saylors,RB,0.1,0.0,2025,16
Nikko Remigio,WR,0.1,0.0,2025,16
British Brooks,RB,0.1,0.0,2025,16
Mecole Hardman,WR,0.1,0.0,2025,16
Jahdae Walker,WR,0.1,10.1,2025,16
Carter Runyon,TE,0.1,0.0,2025,16
Alex Bachman,WR,0.1,1.3,2025,16
Joe Milton III,QB,0.0,-0.86,2025,16
Malik Willis,QB,0.0,13.24,2025,16
Max Brosmer,QB,0.0,1.78,2025,16
Mac Jones,QB,0.0,-0.3,2025,16
Kene Nwangwu,RB,0.0,0.0,2025,16
Joe Flacco,QB,0.0,0.16,2025,16
Myles Price,WR,0.0,0.0,2025,16
Ke'Shawn Williams,WR,0.0,0.1,2025,16
LaJohntay Wester,WR,0.0,0.0,2025,16
Tom Kennedy,WR,0.0,0.0,2025,16
Tyler Huntley,QB,0.0,2.8,2025,16
Coleman Owen,WR,0.0,0.0,2025,16
Brady Russell,RB,0.0,0.0,2025,16
Gardner Minshew,QB,0.0,1.4,2025,16
Dillon Gabriel,QB,0.0,0.0,2025,16
Geno Smith,QB,0.0,14.04,2025,16
Riley Leonard,QB,0.0,0.0,2025,16
Matthew Stafford,QB,26.5,12.76,2025,17
Joe Burrow,QB,24.8,20.4,2025,17
Puka Nacua,WR,23.9,15.7,2025,17
James Cook,RB,23.5,8.7,2025,17
Josh Allen,QB,23.0,23.18,2025,17
Dak Prescott,QB,22.5,22.68,2025,17
Drake Maye,QB,22.4,32.44,2025,17
De'Von Achane,RB,21.1,14.2,2025,17
Jonathan Taylor,RB,20.9,17.4,2025,17
Chase Brown,RB,20.8,29.1,2025,17
Jahmyr Gibbs,RB,20.7,6.4,2025,17
Trevor Lawrence,QB,20.2,23.12,2025,17
Brock Purdy,QB,19.8,36.92,2025,17
Bo Nix,QB,19.4,19.48,2025,17
Caleb Williams,QB,18.9,23.0,2025,17
CeeDee Lamb,WR,18.2,9.6,2025,17
Ja'Marr Chase,WR,18.1,25.0,2025,17
Philip Rivers,QB,18.0,7.78,2025,17
Jacoby Brissett,QB,17.1,16.48,2025,17
Jared Goff,QB,16.9,2.08,2025,17
Ashton Jeanty,RB,16.9,9.3,2025,17
George Pickens,WR,16.9,11.8,2025,17
Derrick Henry,RB,16.8,45.6,2025,17
Kyren Williams,RB,16.7,16.0,2025,17
Trey McBride,TE,16.2,23.6,2025,17
Justin Herbert,QB,16.2,15.14,2025,17
Christian McCaffrey,RB,16.1,28.1,2025,17
Tyler Shough,QB,15.9,21.92,2025,17
RJ Harvey,RB,15.3,18.6,2025,17
Baker Mayfield,QB,15.2,17.44,2025,17
Alec Pierce,WR,15.1,0.0,2025,17
Tee Higgins,WR,15.1,9.9,2025,17
Bijan Robinson,RB,15.0,39.9,2025,17
Jalen Hurts,QB,14.9,8.9,2025,17
Amon-Ra St. Brown,WR,14.6,14.8,2025,17
Bryce Young,QB,14.5,8.86,2025,17
Javonte Williams,RB,14.4,11.4,2025,17
TreVeyon Henderson,RB,14.2,8.2,2025,17
Sam Darnold,QB,14.1,6.08,2025,17
Jaxson Dart,QB,14.1,25.08,2025,17
Josh Jacobs,RB,14.0,1.3,2025,17
Travis Etienne,RB,14.0,11.2,2025,17
Tony Pollard,RB,13.9,11.5,2025,17
Jaxon Smith-Njigba,WR,13.9,16.2,2025,17
Jaylen Warren,RB,13.7,6.4,2025,17
D'Andre Swift,RB,13.4,21.9,2025,17
Cam Ward,QB,13.2,17.04,2025,17
Courtland Sutton,WR,13.0,8.0,2025,17
Kirk Cousins,QB,12.7,9.14,2025,17
Rico Dowdle,RB,12.7,9.3,2025,17
Chris Olave,WR,12.6,25.9,2025,17
Saquon Barkley,RB,12.6,6.8,2025,17
Michael Pittman,WR,12.6,3.6,2025,17
Aaron Rodgers,QB,12.3,7.32,2025,17
Kenneth Walker III,RB,12.2,7.7,2025,17
Rhamondre Stevenson,RB,12.2,27.2,2025,17
Aaron Jones,RB,12.1,15.3,2025,17
Bucky Irving,RB,12.1,8.3,2025,17
Kenny Gainwell,RB,12.0,6.8,2025,17
Shedeur Sanders,QB,12.0,9.44,2025,17
Zay Flowers,WR,11.9,13.0,2025,17
C.J. Stroud,QB,11.9,13.76,2025,17
Stefon Diggs,WR,11.5,22.1,2025,17
Terry McLaurin,WR,11.4,11.3,2025,17
Jameson Williams,WR,11.1,5.7,2025,17
Tyjae Spears,RB,11.0,1.1,2025,17
Justin Jefferson,WR,11.0,7.0,2025,17
Jauan Jennings,WR,10.7,12.2,2025,17
Drake London,WR,10.7,1.4,2025,17
Hunter Henry,TE,10.7,13.9,2025,17
Jake Ferguson,TE,10.5,7.6,2025,17
Harold Fannin Jr.,TE,10.5,11.0,2025,17
Nico Collins,WR,10.5,8.7,2025,17
Zach Charbonnet,RB,10.3,26.2,2025,17
Michael Wilson,WR,10.2,19.9,2025,17
A.J. Brown,WR,10.1,11.8,2025,17
Josh Downs,WR,10.0,5.4,2025,17
Mike Gesicki,TE,9.9,6.7,2025,17
Omarion Hampton,RB,9.9,20.0,2025,17
DJ Moore,WR,9.9,1.7,2025,17
Tetairoa McMillan,WR,9.8,1.5,2025,17
Tyler Warren,TE,9.8,9.3,2025,17
Parker Washington,WR,9.6,19.0,2025,17
Blake Corum,RB,9.5,1.8,2025,17
Mike Evans,WR,9.3,12.1,2025,17
Jaylen Waddle,WR,9.3,0.7,2025,17
Christian Watson,WR,9.1,22.3,2025,17
Kyle Monangai,RB,9.1,7.7,2025,17
Jordan Addison,WR,9.0,12.5,2025,17
Troy Franklin,WR,9.0,5.7,2025,17
Kyle Pitts,TE,8.8,3.6,2025,17
Jakobi Meyers,WR,8.8,7.9,2025,17
Breece Hall,RB,8.7,20.9,2025,17
David Montgomery,RB,8.5,6.0,2025,17
Tyrone Tracy Jr.,RB,8.4,6.7,2025,17
Ladd McConkey,WR,8.4,4.1,2025,17
Brady Cook,QB,8.4,4.18,2025,17
Woody Marks,RB,8.4,8.5,2025,17
Samaje Perine,RB,8.3,8.3,2025,17
Colby Parkinson,TE,8.2,11.3,2025,17
Deebo Samuel Sr.,WR,8.2,11.3,2025,17
Quentin Johnston,WR,8.2,14.8,2025,17
DeVonta Smith,WR,8.1,4.5,2025,17
Khalil Shakir,WR,7.9,9.5,2025,17
Jawhar Jordan,RB,7.7,3.6,2025,17
Rachaad White,RB,7.6,3.7,2025,17
Colston Loveland,TE,7.5,21.4,2025,17
Jalen Coker,WR,7.4,3.6,2025,17
Romeo Doubs,WR,7.4,9.2,2025,17
Brian Thomas Jr.,WR,7.3,7.9,2025,17
Dallas Goedert,TE,7.3,9.8,2025,17
Jacory Croskey-Merritt,RB,7.3,22.5,2025,17
Chris Godwin Jr.,WR,7.3,23.8,2025,17
Luther Burden III,WR,7.2,27.8,2025,17
Ricky Pearsall,WR,7.0,13.5,2025,17
Chimere Dike,WR,7.0,10.2,2025,17
Michael Carter,RB,7.0,6.3,2025,17
Darren Waller,TE,6.8,1.0,2025,17
Jayden Reed,WR,6.8,8.1,2025,17
Chig Okonkwo,TE,6.8,14.5,2025,17
Marvin Harrison Jr.,WR,6.7,0.0,2025,17
Keenan Allen,WR,6.6,2.7,2025,17
Dalton Schultz,TE,6.6,4.9,2025,17
Tre Tucker,WR,6.5,9.9,2025,17
Jerry Jeudy,WR,6.5,10.4,2025,17
Travis Kelce,TE,6.5,8.6,2025,17
Cooper Kupp,WR,6.5,1.6,2025,17
Juwan Johnson,TE,6.4,13.5,2025,17
AJ Barner,TE,6.2,13.3,2025,17
Brenton Strange,TE,6.2,8.4,2025,17
Chris Moore,WR,6.0,2.5,2025,17
Gunnar Helm,TE,6.0,1.1,2025,17
Tyler Allgeier,RB,6.0,2.3,2025,17
Chuba Hubbard,RB,6.0,2.8,2025,17
Jalen Nailor,WR,6.0,0.0,2025,17
Sean Tucker,RB,6.0,0.8,2025,17
Kareem Hunt,RB,5.9,3.8,2025,17
Dawson Knox,TE,5.9,8.0,2025,17
Wan'Dale Robinson,WR,5.8,22.3,2025,17
Noah Fant,TE,5.8,0.0,2025,17
Elic Ayomanor,WR,5.8,13.7,2025,17
Mark Andrews,TE,5.6,6.8,2025,17
Ty Johnson,RB,5.6,7.8,2025,17
Emeka Egbuka,WR,5.6,5.0,2025,17
Andrei Iosivas,WR,5.5,8.1,2025,17
Evan Engram,TE,5.4,6.1,2025,17
Keaton Mitchell,RB,5.4,5.8,2025,17
Oronde Gadsden II,TE,5.4,12.2,2025,17
Emanuel Wilson,RB,5.4,3.4,2025,17
Austin Hooper,TE,5.3,9.1,2025,17
Audric Estimé,RB,5.3,16.8,2025,17
Rashid Shaheed,WR,5.2,1.8,2025,17
Isiah Pacheco,RB,5.2,3.2,2025,17
Pat Freiermuth,TE,5.2,9.3,2025,17
Devin Singletary,RB,5.1,17.0,2025,17
Lil'Jordan Humphrey,WR,5.0,4.3,2025,17
Xavier Legette,WR,5.0,1.3,2025,17
Kendrick Bourne,WR,5.0,3.5,2025,17
Cade Otton,TE,4.9,7.3,2025,17
Isaiah Likely,TE,4.8,5.7,2025,17
Xavier Worthy,WR,4.8,0.1,2025,17
Dontayvion Wicks,WR,4.8,1.7,2025,17
Isaac TeSlaa,WR,4.7,13.9,2025,17
Jeremy McNichols,RB,4.7,4.0,2025,17
Cole Kmet,TE,4.7,3.6,2025,17
Josh Oliver,TE,4.7,1.8,2025,17
DeAndre Hopkins,WR,4.5,0.0,2025,17
Marquise Brown,WR,4.5,1.7,2025,17
Jayden Higgins,WR,4.5,16.8,2025,17
Kalif Raymond,WR,4.4,1.5,2025,17
David Sills,WR,4.4,6.7,2025,17
Tyler Lockett,WR,4.4,8.9,2025,17
Tre Harris,WR,4.3,2.5,2025,17
Tyrell Shavers,WR,4.3,5.6,2025,17
Darnell Washington,TE,4.3,3.5,2025,17
Dylan Sampson,RB,4.2,5.7,2025,17
Elijah Higgins,TE,4.2,0.0,2025,17
Van Jefferson,WR,4.2,7.6,2025,17
Rashod Bateman,WR,4.2,1.7,2025,17
Darnell Mooney,WR,4.2,5.5,2025,17
Terrance Ferguson,TE,4.2,13.4,2025,17
Tutu Atwell,WR,4.1,0.0,2025,17
Nick Chubb,RB,4.0,0.1,2025,17
Tez Johnson,WR,4.0,3.9,2025,17
Christian Kirk,WR,4.0,2.1,2025,17
Gabe Davis,WR,4.0,0.0,2025,17
Isaiah Davis,RB,4.0,3.0,2025,17
Greg Dulcich,TE,4.0,16.1,2025,17
Malik Washington,WR,4.0,1.5,2025,17
Jaret Patterson,RB,3.9,0.1,2025,17
KaVontae Turpin,WR,3.9,15.6,2025,17
Konata Mumpfield,WR,3.8,3.0,2025,17
Theo Wease Jr.,WR,3.8,13.3,2025,17
Malik Davis,RB,3.8,10.3,2025,17
Kyle Williams,WR,3.7,5.0,2025,17
Demarcus Robinson,WR,3.7,5.0,2025,17
Emari Demercado,RB,3.7,4.0,2025,17
Cedric Tillman,WR,3.7,5.2,2025,17
Josh Palmer,WR,3.6,2.2,2025,17
Adam Trautman,TE,3.6,4.4,2025,17
Isaiah Bond,WR,3.6,2.6,2025,17
Drew Sample,TE,3.5,1.8,2025,17
Darius Slayton,WR,3.5,5.6,2025,17
Jaleel McLaughlin,RB,3.5,4.0,2025,17
Tim Patrick,WR,3.4,0.0,2025,17
Zamir White,RB,3.4,0.2,2025,17
Tanner Hudson,TE,3.4,5.1,2025,17
DeMario Douglas,WR,3.4,2.0,2025,17
Jake Tonges,TE,3.3,19.0,2025,17
Dont'e Thornton Jr.,WR,3.3,3.2,2025,17
Adonai Mitchell,WR,3.3,5.2,2025,17
Jonnu Smith,TE,3.2,7.7,2025,17
Raheim Sanders,RB,3.2,4.1,2025,17
Marvin Mims Jr.,WR,3.1,4.0,2025,17
Zavier Scott,RB,3.0,0.0,2025,17
Tyler Badie,RB,3.0,0.0,2025,17
Michael Mayer,TE,3.0,17.9,2025,17
Jalen Tolbert,WR,3.0,7.1,2025,17
Teagan Quitoriano,TE,3.0,0.0,2025,17
Brian Robinson,RB,2.9,3.8,2025,17
Ameer Abdullah,RB,2.9,1.4,2025,17
Marquez Valdes-Scantling,WR,2.9,5.1,2025,17
Ray Davis,RB,2.9,2.6,2025,17
John Metchie III,WR,2.9,7.1,2025,17
Adam Thielen,WR,2.8,3.4,2025,17
Tommy Tremble,TE,2.8,1.6,2025,17
Xavier Smith,WR,2.8,10.7,2025,17
Mitchell Evans,TE,2.8,1.6,2025,17
Luke Schoonmaker,TE,2.7,3.5,2025,17
Jaylen Wright,RB,2.6,5.6,2025,17
Treylon Burks,WR,2.5,2.1,2025,17
Tank Bigsby,RB,2.5,1.9,2025,17
Kevin Austin Jr.,WR,2.5,15.2,2025,17
Matthew Golden,WR,2.5,2.2,2025,17
LeQuint Allen Jr.,RB,2.4,0.3,2025,17
Ollie Gordon II,RB,2.4,0.0,2025,17
Corey Kiner,RB,2.4,0.2,2025,17
Evan Hull,RB,2.4,0.3,2025,17
Ben Sinnott,TE,2.3,5.9,2025,17
Jahdae Walker,WR,2.3,5.0,2025,17
Ashton Dulin,WR,2.2,0.0,2025,17
Mo Alie-Cox,TE,2.2,11.0,2025,17
Charlie Kolar,TE,2.1,0.0,2025,17
Xavier Hutchinson,WR,2.1,4.9,2025,17
Chris Brooks,RB,2.1,2.1,2025,17
Julian Hill,TE,2.0,2.6,2025,17
Isaiah Hodgins,WR,2.0,1.8,2025,17
Rasheen Ali,RB,2.0,2.8,2025,17
Darius Cooper,WR,1.8,1.4,2025,17
Noah Gray,TE,1.8,1.2,2025,17
Hassan Haskins,RB,1.8,0.0,2025,17
Jahan Dotson,WR,1.8,0.0,2025,17
Daniel Bellinger,TE,1.7,3.1,2025,17
KeAndre Lambert-Smith,WR,1.7,0.0,2025,17
Trayveon Williams,RB,1.7,1.0,2025,17
Johnny Mundt,TE,1.7,0.0,2025,17
JuJu Smith-Schuster,WR,1.7,4.6,2025,17
Ben Sims,TE,1.7,1.3,2025,17
Anthony Firkser,TE,1.6,0.0,2025,17
Brashard Smith,RB,1.6,9.5,2025,17
Will Dissly,TE,1.6,3.9,2025,17
Jordan Whittington,WR,1.6,0.0,2025,17
Michael Bandy,WR,1.5,3.4,2025,17
Shedrick Jackson,WR,1.5,4.0,2025,17
Taysom Hill,TE,1.4,0.0,2025,17
Isaiah Williams,WR,1.4,7.5,2025,17
Jeremy Ruckert,TE,1.4,1.2,2025,17
Cam Akers,RB,1.4,0.0,2025,17
Tyler Johnson,WR,1.3,1.3,2025,17
Hunter Luepke,RB,1.3,5.4,2025,17
James Proche,WR,1.3,1.5,2025,17
Brevyn Spann-Ford,TE,1.3,4.1,2025,17
Brandin Cooks,WR,1.3,14.1,2025,17
Jaylin Noel,WR,1.3,14.6,2025,17
Charlie Woerner,TE,1.2,0.0,2025,17
Dylan Drummond,WR,1.2,0.0,2025,17
Will Shipley,RB,1.1,0.2,2025,17
Gage Larvadain,WR,1.1,0.0,2025,17
Scott Miller,WR,1.1,5.5,2025,17
Tahj Brooks,RB,1.0,2.9,2025,17
Xavier Weaver,WR,1.0,4.4,2025,17
Grant Calcaterra,TE,1.0,1.3,2025,17
Malachi Corley,WR,1.0,1.4,2025,17
Blake Whiteheart,TE,0.9,0.0,2025,17
Durham Smythe,TE,0.9,2.1,2025,17
Josh Whyle,TE,0.9,1.8,2025,17
Jimmy Horn Jr.,WR,0.9,2.9,2025,17
Jalen McMillan,WR,0.9,18.4,2025,17
Cedrick Wilson Jr.,WR,0.9,1.8,2025,17
D'Ernest Johnson,RB,0.9,0.5,2025,17
Quintin Morris,TE,0.8,0.0,2025,17
Jelani Woods,TE,0.8,1.4,2025,17
Ronnie Rivers,RB,0.8,0.5,2025,17
Eric Saubert,TE,0.8,0.0,2025,17
DeeJay Dallas,RB,0.7,2.1,2025,17
Skyy Moore,WR,0.7,1.0,2025,17
Jonathan Mingo,WR,0.7,0.0,2025,17
Stone Smartt,TE,0.7,3.8,2025,17
Trevor Etienne,RB,0.6,0.0,2025,17
Kalel Mullings,RB,0.5,0.4,2025,17
Deven Thompkins,WR,0.5,0.0,2025,17
Brycen Tremayne,WR,0.5,0.0,2025,17
David Martin-Robinson,TE,0.5,1.9,2025,17
Alex Bachman,WR,0.4,0.0,2025,17
Kameron Johnson,WR,0.3,0.0,2025,17
Dante Pettis,WR,0.3,6.3,2025,17
Devin Duvernay,WR,0.3,0.0,2025,17
Khalil Herbert,RB,0.3,0.5,2025,17
Jake Bobo,WR,0.3,0.0,2025,17
Keleki Latu,TE,0.3,0.0,2025,17
Laquon Treadwell,WR,0.3,0.0,2025,17
Arian Smith,WR,0.2,1.5,2025,17
Gunner Olszewski,WR,0.2,2.9,2025,17
Dareke Young,WR,0.2,0.0,2025,17
Kylen Granson,TE,0.2,0.0,2025,17
Josiah Deguara,TE,0.2,0.0,2025,17
Brenden Bates,TE,0.1,2.9,2025,17
Dylan Laube,RB,0.1,0.0,2025,17
Sione Vaki,RB,0.1,0.0,2025,17
Reggie Gilliam,RB,0.1,0.0,2025,17
Giovanni Ricci,TE,0.1,0.0,2025,17
Britain Covey,WR,0.1,0.0,2025,17
Julius Chestnut,RB,0.1,0.0,2025,17
Myles Price,WR,0.1,0.0,2025,17
Steven Sims,WR,0.1,0.0,2025,17
Malik Willis,QB,0.0,31.52,2025,17
Max Brosmer,QB,0.0,3.64,2025,17
Patrick Ricard,RB,0.0,0.0,2025,17
Ke'Shawn Williams,WR,0.0,1.5,2025,17
Geno Smith,QB,0.0,7.14,2025,17
Joe Flacco,QB,0.0,1.16,2025,17
Efton Chism III,WR,0.0,12.0,2025,17
Chase Edmonds,RB,0.0,0.0,2025,17
Quinn Ewers,QB,0.0,15.78,2025,17
Riley Leonard,QB,0.0,-2.0,2025,17
Ty Chandler,RB,0.0,2.4,2025,17
Travis Homer,RB,0.0,0.0,2025,17
Tyler Huntley,QB,0.0,14.28,2025,17
Brayden Willis,TE,0.0,0.0,2025,17
LaJohntay Wester,WR,0.0,0.0,2025,17
Mason Kinsey,WR,0.0,4.4,2025,17
Joshua Dobbs,QB,0.0,1.1,2025,17
Tom Kennedy,WR,0.0,0.0,2025,17
Kenny Pickett,QB,0.0,0.64,2025,17
Kene Nwangwu,RB,0.0,3.1,2025,17
