year,week,player,pos,base_proj,var_proj,actual,var_error,perstat_shift,abs_error
2024,14,Josh Allen,QB,4.26,4.26,51.88,-47.62,0.0,47.62
2025,15,Kyle Pitts,TE,6.91,7.29,45.6,-38.31,0.38,38.31
2024,10,Ja'Marr Chase,WR,19.57,19.38,55.4,-36.02,-0.19,36.02
2025,9,Brock Bowers,TE,10.04,10.61,43.3,-32.69,0.57,32.69
2024,14,Zach Charbonnet,RB,6.63,6.63,38.3,-31.67,0.0,31.67
2025,3,Tre Tucker,WR,9.48,9.58,40.9,-31.32,0.1,31.32
2025,16,Puka Nacua,WR,14.96,15.34,46.5,-31.16,0.38,31.16
2024,14,Puka Nacua,WR,11.69,11.69,41.8,-30.11,0.0,30.11
2025,10,Jonathan Taylor,RB,20.36,19.99,49.6,-29.61,-0.37,29.61
2024,15,Davante Adams,WR,13.52,13.52,42.8,-29.28,0.0,29.28
2025,17,Derrick Henry,RB,16.49,16.76,45.6,-28.84,0.27,28.84
2025,12,Jahmyr Gibbs,RB,27.63,27.08,55.4,-28.32,-0.55,28.32
2024,13,Jerry Jeudy,WR,11.69,12.27,40.5,-28.23,0.58,28.23
2025,15,Trevor Lawrence,QB,16.94,16.42,44.3,-27.88,-0.52,27.88
2025,14,Michael Wilson,WR,9.48,9.67,37.2,-27.53,0.19,27.53
2025,15,Amon-Ra St. Brown,WR,14.19,13.9,41.4,-27.5,-0.29,27.5
2024,18,Drake London,WR,14.0,13.23,40.7,-27.47,-0.77,27.47
2024,8,CeeDee Lamb,WR,12.27,12.37,39.6,-27.23,0.1,27.23
2025,16,Chris Olave,WR,10.25,10.16,36.8,-26.64,-0.09,26.64
2024,16,Jonathan Taylor,RB,13.17,13.17,39.8,-26.63,0.0,26.63
2025,15,Trey McBride,TE,10.23,11.37,37.4,-26.03,1.14,26.03
2024,9,Jaxon Smith-Njigba,WR,11.21,11.12,37.0,-25.88,-0.09,25.88
2024,18,Jahmyr Gibbs,RB,21.09,20.17,46.0,-25.83,-0.92,25.83
2025,7,Christian McCaffrey,RB,13.54,13.36,39.1,-25.74,-0.18,25.74
2024,15,Jared Goff,QB,16.35,15.76,41.06,-25.3,-0.59,25.3
2024,17,Malik Nabers,WR,10.35,11.02,36.1,-25.08,0.67,25.08
2025,18,Rhamondre Stevenson,RB,10.68,10.32,35.3,-24.98,-0.36,24.98
2024,17,Tee Higgins,WR,15.83,15.15,40.1,-24.95,-0.68,24.95
2025,17,Bijan Robinson,RB,14.83,15.01,39.9,-24.89,0.18,24.89
2024,5,Ja'Marr Chase,WR,16.79,16.59,41.3,-24.71,-0.2,24.71
2024,15,Mike Evans,WR,12.17,12.27,36.9,-24.63,0.1,24.63
2025,10,De'Von Achane,RB,16.12,16.3,40.5,-24.2,0.18,24.2
2025,8,Tucker Kraft,TE,9.47,9.19,33.3,-24.11,-0.28,24.11
2025,9,Drake London,WR,14.77,14.77,38.8,-24.03,0.0,24.03
2025,7,Bo Nix,QB,16.13,15.98,39.96,-23.98,-0.15,23.98
2024,14,Jordan Addison,WR,15.83,15.44,39.3,-23.86,-0.39,23.86
2025,11,Tetairoa McMillan,WR,8.91,9.19,33.0,-23.81,0.28,23.81
2025,11,Josh Allen,QB,19.59,19.08,42.68,-23.6,-0.51,23.6
2024,12,Saquon Barkley,RB,23.12,22.75,46.2,-23.45,-0.37,23.45
2025,7,DeVonta Smith,WR,9.96,9.87,33.3,-23.43,-0.09,23.43
2024,11,Brock Bowers,TE,7.67,8.24,31.3,-23.06,0.57,23.06
2025,16,Ashton Jeanty,RB,8.01,8.75,31.8,-23.05,0.74,23.05
2025,11,TreVeyon Henderson,RB,9.58,9.3,32.3,-23.0,-0.28,23.0
2025,13,A.J. Brown,WR,12.65,12.27,35.2,-22.93,-0.38,22.93
2025,12,Wan'Dale Robinson,WR,7.66,7.95,30.6,-22.65,0.29,22.65
2024,14,Ja'Marr Chase,WR,23.32,22.46,45.1,-22.64,-0.86,22.64
2025,9,Caleb Williams,QB,16.64,16.28,38.7,-22.42,-0.36,22.42
2025,9,Tee Higgins,WR,10.73,10.73,33.1,-22.37,0.0,22.37
2024,4,De'Von Achane,RB,27.82,27.91,5.9,22.01,0.09,22.01
2024,6,Chris Godwin Jr.,WR,13.71,13.52,35.5,-21.98,-0.19,21.98
2024,12,Jordan Addison,WR,8.43,8.43,30.2,-21.77,0.0,21.77
2025,8,Breece Hall,RB,10.87,11.24,32.86,-21.62,0.37,21.62
2024,15,Amon-Ra St. Brown,WR,16.5,15.73,37.3,-21.57,-0.77,21.57
2024,11,Jonnu Smith,TE,6.91,6.62,28.1,-21.48,-0.29,21.48
2024,11,Amon-Ra St. Brown,WR,18.32,17.36,38.7,-21.34,-0.96,21.34
2025,4,Justice Hill,RB,7.55,7.37,28.7,-21.33,-0.18,21.33
2024,8,Cade Otton,TE,7.95,7.86,29.1,-21.24,-0.09,21.24
2025,4,George Pickens,WR,12.08,12.37,33.4,-21.03,0.29,21.03
2025,6,Rico Dowdle,RB,12.89,12.99,33.9,-20.91,0.1,20.91
2025,14,Puka Nacua,WR,15.83,14.86,35.7,-20.84,-0.97,20.84
2024,16,Justin Jefferson,WR,15.63,15.63,36.4,-20.77,0.0,20.77
2025,4,Puka Nacua,WR,15.83,15.25,36.0,-20.75,-0.58,20.75
2024,5,Darnell Mooney,WR,11.12,10.92,31.5,-20.58,-0.2,20.58
2025,18,Alec Pierce,WR,8.04,8.62,29.2,-20.58,0.58,20.58
2025,3,Hunter Henry,TE,8.33,8.43,29.0,-20.57,0.1,20.57
2025,6,Bijan Robinson,RB,15.29,15.29,35.8,-20.51,0.0,20.51
2025,12,Jaxon Smith-Njigba,WR,17.27,16.59,37.1,-20.51,-0.68,20.51
2025,6,George Pickens,WR,11.6,11.31,31.8,-20.49,-0.29,20.49
2025,6,Drake London,WR,11.4,11.31,31.8,-20.49,-0.09,20.49
2025,5,Emeka Egbuka,WR,10.64,10.83,31.3,-20.47,0.19,20.47
2025,4,Ashton Jeanty,RB,13.26,13.08,33.5,-20.42,-0.18,20.42
2025,7,Jahmyr Gibbs,RB,16.86,16.49,36.8,-20.31,-0.37,20.31
2024,18,Jayden Daniels,QB,25.12,24.46,4.22,20.24,-0.66,20.24
2024,3,Dallas Goedert,TE,7.0,6.91,27.0,-20.09,-0.09,20.09
2024,12,Jaylen Waddle,WR,8.62,8.33,28.4,-20.07,-0.29,20.07
2025,16,Chase Brown,RB,13.26,12.89,32.9,-20.01,-0.37,20.01
2024,3,De'Von Achane,RB,28.28,28.74,8.8,19.94,0.46,19.94
2025,17,Luther Burden III,WR,8.04,7.95,27.8,-19.85,-0.09,19.85
2025,14,Tony Pollard,RB,7.92,8.29,28.1,-19.81,0.37,19.81
2024,5,Garrett Wilson,WR,9.1,9.29,29.1,-19.81,0.19,19.81
2024,3,Chuba Hubbard,RB,7.83,8.11,27.9,-19.79,0.28,19.79
2025,5,Jacory Croskey-Merritt,RB,7.28,7.28,27.0,-19.72,0.0,19.72
2024,3,Derrick Henry,RB,10.78,10.68,30.4,-19.72,-0.1,19.72
2025,11,Justin Herbert,QB,23.06,22.98,3.34,19.64,-0.08,19.64
2024,17,De'Von Achane,RB,25.14,25.42,5.8,19.62,0.28,19.62
2025,6,Cam Skattebo,RB,11.05,11.51,31.0,-19.49,0.46,19.49
2025,18,Zay Flowers,WR,10.54,10.44,29.8,-19.36,-0.1,19.36
2025,14,Daniel Jones,QB,20.33,20.11,0.8,19.31,-0.22,19.31
2025,7,A.J. Brown,WR,8.91,8.81,28.1,-19.29,-0.1,19.29
2025,7,Ja'Marr Chase,WR,19.19,18.9,38.1,-19.2,-0.29,19.2
2025,6,Puka Nacua,WR,24.67,23.99,4.8,19.19,-0.68,19.19
2024,9,Demarcus Robinson,WR,8.33,8.23,27.4,-19.17,-0.1,19.17
2025,7,Keenan Allen,WR,10.06,9.77,28.9,-19.13,-0.29,19.13
2024,10,De'Von Achane,RB,29.47,29.29,10.2,19.09,-0.18,19.09
2024,15,DeVonta Smith,WR,9.0,8.91,28.0,-19.09,-0.09,19.09
2024,12,Courtland Sutton,WR,10.83,10.64,29.7,-19.06,-0.19,19.06
2024,5,Drake London,WR,14.77,14.58,33.4,-18.82,-0.19,18.82
2025,3,David Montgomery,RB,11.14,10.59,29.4,-18.81,-0.55,18.81
2025,14,Shedeur Sanders,QB,14.36,14.73,33.46,-18.73,0.37,18.73
2024,14,Jauan Jennings,WR,9.29,9.29,28.0,-18.71,0.0,18.71
2025,12,Jameis Winston,QB,13.25,13.55,32.24,-18.69,0.3,18.69
2025,17,Brock Purdy,QB,18.86,18.27,36.92,-18.65,-0.59,18.65
2024,18,Bryce Young,QB,17.75,17.82,36.44,-18.62,0.07,18.62
2025,11,Christian McCaffrey,RB,16.86,16.49,35.1,-18.61,-0.37,18.61
2024,16,Chuba Hubbard,RB,13.72,13.91,32.5,-18.59,0.19,18.59
2024,4,Jayden Reed,WR,8.62,8.52,27.1,-18.58,-0.1,18.58
2024,11,Joe Mixon,RB,16.86,16.76,35.3,-18.54,-0.1,18.54
2025,18,Dak Prescott,QB,19.96,19.22,0.7,18.52,-0.74,18.52
2024,16,Brian Thomas Jr.,WR,9.48,9.77,28.2,-18.43,0.29,18.43
2024,9,Garrett Wilson,WR,11.6,11.6,30.0,-18.4,0.0,18.4
2024,17,Ladd McConkey,WR,11.21,11.02,29.4,-18.38,-0.19,18.38
2025,13,Amon-Ra St. Brown,WR,18.8,18.32,0.0,18.32,-0.48,18.32
2024,13,Brock Bowers,TE,10.33,11.94,30.2,-18.26,1.61,18.26
2024,14,Tyreek Hill,WR,10.16,9.87,28.1,-18.23,-0.29,18.23
2024,9,Chase Brown,RB,8.57,8.47,26.7,-18.23,-0.1,18.23
2024,4,D'Andre Swift,RB,11.33,11.33,29.5,-18.17,0.0,18.17
2024,5,Kirk Cousins,QB,16.5,16.35,34.36,-18.01,-0.15,18.01
2024,5,Joe Burrow,QB,15.91,15.83,33.78,-17.95,-0.08,17.95
2024,4,Derrick Henry,RB,18.14,17.96,35.9,-17.94,-0.18,17.94
2025,14,Marcus Mariota,QB,15.91,15.83,-2.1,17.93,-0.08,17.93
2025,7,Trey McBride,TE,11.47,11.47,29.4,-17.93,0.0,17.93
2024,17,Zach Ertz,TE,7.57,7.29,25.2,-17.91,-0.28,17.91
2024,8,Jalen Hurts,QB,17.31,17.23,35.14,-17.91,-0.08,17.91
2024,8,Travis Kelce,TE,7.38,7.1,25.0,-17.9,-0.28,17.9
2025,8,Troy Franklin,WR,9.19,9.0,26.9,-17.9,-0.19,17.9
2025,15,TreVeyon Henderson,RB,12.25,12.25,30.1,-17.85,0.0,17.85
2024,7,Jahmyr Gibbs,RB,14.37,14.18,32.0,-17.82,-0.19,17.82
2024,7,Rachaad White,RB,11.42,11.33,29.1,-17.77,-0.09,17.77
2024,3,Malik Nabers,WR,11.02,10.44,28.2,-17.76,-0.58,17.76
2024,5,De'Von Achane,RB,20.17,20.45,2.7,17.75,0.28,17.75
2025,15,Travis Etienne,RB,14.09,13.82,31.5,-17.68,-0.27,17.68
2025,16,Christian McCaffrey,RB,15.11,14.92,32.6,-17.68,-0.19,17.68
2025,18,Brock Purdy,QB,22.91,22.69,5.18,17.51,-0.22,17.51
2024,4,Kenneth Walker III,RB,16.12,16.12,33.6,-17.48,0.0,17.48
2024,4,Nico Collins,WR,16.21,15.63,33.1,-17.47,-0.58,17.47
2024,9,Zay Flowers,WR,12.85,12.27,29.7,-17.43,-0.58,17.43
2024,11,Jared Goff,QB,17.97,17.16,34.58,-17.42,-0.81,17.42
2024,8,Ladd McConkey,WR,11.98,11.69,29.1,-17.41,-0.29,17.41
2024,4,Rashee Rice,WR,17.84,17.36,0.0,17.36,-0.48,17.36
2024,6,Joe Mixon,RB,9.86,9.86,27.2,-17.34,0.0,17.34
2025,4,Romeo Doubs,WR,13.23,12.46,29.8,-17.34,-0.77,17.34
2025,5,Jaxon Smith-Njigba,WR,10.06,9.87,27.2,-17.33,-0.19,17.33
2025,16,Jaylen Warren,RB,11.79,11.79,29.1,-17.31,0.0,17.31
2025,18,Tyrone Tracy Jr.,RB,10.78,10.59,27.9,-17.31,-0.19,17.31
2024,15,Jameis Winston,QB,16.5,16.94,-0.36,17.3,0.44,17.3
2025,6,Kayshon Boutte,WR,9.0,9.0,26.3,-17.3,0.0,17.3
2024,17,Michael Pittman,WR,8.71,8.62,25.9,-17.28,-0.09,17.28
2024,16,Jalen Hurts,QB,22.32,21.8,4.54,17.26,-0.52,17.26
2025,14,Harold Fannin Jr.,TE,7.76,8.14,25.4,-17.26,0.38,17.26
2024,11,Jauan Jennings,WR,8.14,7.85,25.1,-17.25,-0.29,17.25
2024,3,Saquon Barkley,RB,16.49,16.39,33.6,-17.21,-0.1,17.21
2024,17,DeVonta Smith,WR,12.85,12.85,30.0,-17.15,0.0,17.15
2024,13,Jameis Winston,QB,15.39,15.91,32.98,-17.07,0.52,17.07
2025,10,Jahmyr Gibbs,RB,21.55,21.18,38.2,-17.02,-0.37,17.02
2024,12,Bucky Irving,RB,10.32,10.22,27.2,-16.98,-0.1,16.98
2024,5,Tee Higgins,WR,12.46,12.37,29.3,-16.93,-0.09,16.93
2024,15,Josh Allen,QB,25.05,24.38,41.28,-16.9,-0.67,16.9
2025,9,Christian McCaffrey,RB,17.59,17.41,34.3,-16.89,-0.18,16.89
2025,14,Josh Allen,QB,22.1,20.99,37.84,-16.85,-1.11,16.85
2025,5,Ja'Marr Chase,WR,11.79,12.17,29.0,-16.83,0.38,16.83
2024,16,Jayden Daniels,QB,17.46,17.6,34.42,-16.82,0.14,16.82
2025,6,Dallas Goedert,TE,9.28,9.19,26.0,-16.81,-0.09,16.81
2024,16,Jameson Williams,WR,9.87,9.19,26.0,-16.81,-0.68,16.81
2025,3,Mark Andrews,TE,11.28,10.33,27.1,-16.77,-0.95,16.77
2024,3,Kyren Williams,RB,14.74,14.83,31.6,-16.77,0.09,16.77
2025,18,James Cook,RB,18.51,18.24,1.5,16.74,-0.27,16.74
2025,15,James Cook,RB,14.74,14.46,31.1,-16.64,-0.28,16.64
2024,11,Cooper Kupp,WR,12.08,11.98,28.6,-16.62,-0.1,16.62
2024,9,Saquon Barkley,RB,16.58,16.3,32.9,-16.6,-0.28,16.6
2024,13,Terry McLaurin,WR,10.92,10.73,27.3,-16.57,-0.19,16.57
2025,16,Kenneth Walker III,RB,8.84,8.84,25.4,-16.56,0.0,16.56
2025,11,Josh Jacobs,RB,20.72,20.54,4.0,16.54,-0.18,16.54
2025,10,Emeka Egbuka,WR,7.08,6.98,23.5,-16.52,-0.1,16.52
2024,15,Brock Purdy,QB,20.92,20.48,3.98,16.5,-0.44,16.5
2024,3,Zach Charbonnet,RB,9.3,9.21,25.7,-16.49,-0.09,16.49
2025,5,Christian McCaffrey,RB,11.42,11.42,27.9,-16.48,0.0,16.48
2025,8,Baker Mayfield,QB,20.92,20.48,4.08,16.4,-0.44,16.4
2024,18,Jordan Addison,WR,18.04,17.36,1.0,16.36,-0.68,16.36
2024,16,Keenan Allen,WR,12.46,12.75,29.1,-16.35,0.29,16.35
2025,3,Alvin Kamara,RB,21.64,22.93,6.6,16.33,1.29,16.33
2025,3,Omarion Hampton,RB,8.66,8.57,24.9,-16.33,-0.09,16.33
2024,14,Davante Adams,WR,9.29,9.58,25.9,-16.32,0.29,16.32
2025,9,Joe Flacco,QB,14.51,14.43,30.7,-16.27,-0.08,16.27
2025,10,George Kittle,TE,7.19,7.19,23.4,-16.21,0.0,16.21
2025,8,James Cook,RB,17.59,17.41,33.6,-16.19,-0.18,16.19
2024,7,Andy Dalton,QB,15.98,16.2,0.02,16.18,0.22,16.18
2024,11,Jerry Jeudy,WR,10.06,10.06,26.2,-16.14,0.0,16.14
2024,7,David Njoku,TE,6.91,7.48,23.6,-16.12,0.57,16.12
2025,8,Saquon Barkley,RB,17.41,17.32,33.4,-16.08,-0.09,16.08
2024,13,David Njoku,TE,9.38,10.14,26.2,-16.06,0.76,16.06
2024,8,James Cook,RB,12.25,12.25,28.3,-16.05,0.0,16.05
2024,14,Saquon Barkley,RB,32.24,30.39,14.4,15.99,-1.85,15.99
2024,18,Jakobi Meyers,WR,11.02,11.31,27.3,-15.99,0.29,15.99
2024,15,James Conner,RB,15.11,14.83,30.8,-15.97,-0.28,15.97
2024,17,Terry McLaurin,WR,17.94,17.46,1.5,15.96,-0.48,15.96
2025,11,Mac Jones,QB,15.98,15.61,-0.3,15.91,-0.37,15.91
2025,3,Zay Flowers,WR,20.53,19.19,3.3,15.89,-1.34,15.89
2025,12,Hunter Henry,TE,9.28,8.62,24.5,-15.88,-0.66,15.88
2025,11,George Pickens,WR,13.9,13.52,29.4,-15.88,-0.38,15.88
2024,6,Dak Prescott,QB,19.37,19.08,3.22,15.86,-0.29,15.86
2024,6,Cole Kmet,TE,8.14,8.14,24.0,-15.86,0.0,15.86
2025,17,Chris Godwin Jr.,WR,8.14,7.95,23.8,-15.85,-0.19,15.85
2024,5,DJ Moore,WR,11.69,11.69,27.5,-15.81,0.0,15.81
2025,17,Zach Charbonnet,RB,10.5,10.41,26.2,-15.79,-0.09,15.79
2024,18,Bo Nix,QB,18.34,17.82,33.54,-15.72,-0.52,15.72
2025,4,Dak Prescott,QB,15.1,15.32,30.96,-15.64,0.22,15.64
2024,17,Adam Thielen,WR,12.08,12.37,28.0,-15.63,0.29,15.63
2025,18,Chris Oladokun,QB,13.77,13.92,-1.68,15.6,0.15,15.6
2025,17,Alec Pierce,WR,15.63,15.54,0.0,15.54,-0.09,15.54
2024,5,Tucker Kraft,TE,9.38,9.28,24.8,-15.52,-0.1,15.52
2025,14,Tyrod Taylor,QB,13.48,13.7,-1.76,15.46,0.22,15.46
2024,5,Brock Bowers,TE,7.29,8.24,23.7,-15.46,0.95,15.46
2024,3,Amari Cooper,WR,12.46,12.17,27.6,-15.43,-0.29,15.43
2024,11,Tee Higgins,WR,14.48,14.38,29.8,-15.42,-0.1,15.42
2025,15,Tyrone Tracy Jr.,RB,9.4,9.3,24.7,-15.4,-0.1,15.4
2024,7,Jayden Daniels,QB,21.73,20.62,5.24,15.38,-1.11,15.38
2025,18,Bijan Robinson,RB,23.03,22.66,7.3,15.36,-0.37,15.36
2025,12,DJ Moore,WR,8.14,8.04,23.4,-15.36,-0.1,15.36
2025,8,RJ Harvey,RB,8.84,8.75,24.1,-15.35,-0.09,15.35
2025,12,Jameson Williams,WR,16.4,15.34,0.0,15.34,-1.06,15.34
2024,15,Lamar Jackson,QB,21.88,20.77,36.1,-15.33,-1.11,15.33
2025,9,Kyle Monangai,RB,7.65,7.55,22.8,-15.25,-0.1,15.25
2025,17,Rhamondre Stevenson,RB,12.25,11.97,27.2,-15.23,-0.28,15.23
2025,13,Bijan Robinson,RB,14.92,15.11,30.3,-15.19,0.19,15.19
2025,14,Christian Watson,WR,9.96,9.77,24.9,-15.13,-0.19,15.13
2024,17,Trey McBride,TE,14.89,15.17,30.3,-15.13,0.28,15.13
2024,4,Breece Hall,RB,20.36,18.88,3.8,15.08,-1.48,15.08
2025,4,Russell Wilson,QB,14.95,15.39,0.32,15.07,0.44,15.07
2024,8,Kyle Pitts,TE,10.23,10.04,25.1,-15.06,-0.19,15.06
2025,16,Brock Purdy,QB,16.2,15.91,30.9,-14.99,-0.29,14.99
2025,5,Rachaad White,RB,8.01,8.11,23.1,-14.99,0.1,14.99
2024,5,Jordan Mason,RB,24.78,23.76,8.8,14.96,-1.02,14.96
2024,13,Najee Harris,RB,9.86,9.95,24.9,-14.95,0.09,14.95
2025,6,Jaxon Smith-Njigba,WR,15.54,15.25,30.2,-14.95,-0.29,14.95
2024,18,Pat Freiermuth,TE,7.76,7.57,22.5,-14.93,-0.19,14.93
2025,5,Stefon Diggs,WR,9.48,9.67,24.6,-14.93,0.19,14.93
2024,17,Mike Evans,WR,15.63,14.77,29.7,-14.93,-0.86,14.93
2024,3,Aaron Jones,RB,10.87,10.87,25.8,-14.93,0.0,14.93
2024,3,Rhamondre Stevenson,RB,14.09,15.2,0.3,14.9,1.11,14.9
2025,11,Bijan Robinson,RB,15.66,15.47,30.3,-14.83,-0.19,14.83
2024,12,DJ Moore,WR,11.6,12.08,26.9,-14.82,0.48,14.82
2025,11,Travis Kelce,TE,9.47,9.28,24.1,-14.82,-0.19,14.82
2024,12,Jonnu Smith,TE,9.47,8.9,23.7,-14.8,-0.57,14.8
2024,13,Kirk Cousins,QB,16.94,16.87,2.1,14.77,-0.07,14.77
2025,7,Caleb Williams,QB,19.67,19.45,4.68,14.77,-0.22,14.77
2024,5,Jerry Jeudy,WR,17.07,17.36,2.6,14.76,0.29,14.76
2025,16,Alec Pierce,WR,9.67,9.87,24.6,-14.73,0.2,14.73
2025,15,Jameson Williams,WR,11.89,11.69,26.4,-14.71,-0.2,14.71
2025,14,Jalen Hurts,QB,17.01,17.09,2.4,14.69,0.08,14.69
2024,18,Sam Darnold,QB,23.2,22.32,7.64,14.68,-0.88,14.68
2025,5,Javonte Williams,RB,12.25,12.25,26.9,-14.65,0.0,14.65
2024,6,Garrett Wilson,WR,9.87,10.06,24.7,-14.64,0.19,14.64
2025,14,Tee Higgins,WR,12.37,12.56,27.2,-14.64,0.19,14.64
2024,18,Jared Goff,QB,25.27,23.87,9.24,14.63,-1.4,14.63
2024,16,Jerome Ford,RB,9.4,9.49,24.1,-14.61,0.09,14.61
2024,3,Dak Prescott,QB,15.47,15.32,29.86,-14.54,-0.15,14.54
2025,7,Chris Olave,WR,11.98,12.27,26.8,-14.53,0.29,14.53
2025,5,James Cook,RB,19.71,19.43,4.9,14.53,-0.28,14.53
2025,16,Trevor Lawrence,QB,16.5,16.64,31.16,-14.52,0.14,14.52
2024,15,Chase Brown,RB,12.16,11.79,26.3,-14.51,-0.37,14.51
2025,18,Colston Loveland,TE,11.47,10.61,25.1,-14.49,-0.86,14.49
2024,13,Mike Evans,WR,11.69,11.31,25.8,-14.49,-0.38,14.49
2024,14,Rachaad White,RB,10.68,10.41,24.9,-14.49,-0.27,14.49
2024,8,George Kittle,TE,10.8,10.33,24.8,-14.47,-0.47,14.47
2025,15,Joe Burrow,QB,20.33,19.96,5.5,14.46,-0.37,14.46
2025,7,Jaxson Dart,QB,13.33,13.99,28.42,-14.43,0.66,14.43
2024,8,Jordan Mason,RB,16.76,16.21,1.8,14.41,-0.55,14.41
2025,9,Rico Dowdle,RB,12.8,13.72,28.1,-14.38,0.92,14.38
2025,15,DJ Moore,WR,8.43,8.52,22.9,-14.38,0.09,14.38
2024,10,Calvin Ridley,WR,10.35,11.02,25.4,-14.38,0.67,14.38
2024,17,Joe Burrow,QB,23.42,22.61,36.98,-14.37,-0.81,14.37
2024,3,James Conner,RB,17.96,17.87,3.5,14.37,-0.09,14.37
2024,3,Rashid Shaheed,WR,14.77,14.29,0.0,14.29,-0.48,14.29
2024,11,Matthew Stafford,QB,13.62,13.55,27.8,-14.25,-0.07,14.25
2024,4,Justin Fields,QB,17.75,17.75,31.98,-14.23,0.0,14.23
2024,8,Jordan Love,QB,20.4,19.96,5.74,14.22,-0.44,14.22
2025,16,Marcus Mariota,QB,17.31,17.9,3.7,14.2,0.59,14.2
2025,17,Jared Goff,QB,16.72,16.28,2.08,14.2,-0.44,14.2
2024,3,Jonathan Taylor,RB,12.43,12.34,26.5,-14.16,-0.09,14.16
2025,9,Dalton Kincaid,TE,8.14,7.95,22.1,-14.15,-0.19,14.15
2024,12,Josh Jacobs,RB,14.64,14.46,28.6,-14.14,-0.18,14.14
2024,13,Adam Thielen,WR,9.58,9.77,23.9,-14.13,0.19,14.13
2025,7,Jaxon Smith-Njigba,WR,12.17,12.17,26.3,-14.13,0.0,14.13
2024,5,Lamar Jackson,QB,19.81,19.3,33.42,-14.12,-0.51,14.12
2025,13,Jameson Williams,WR,13.13,12.85,26.9,-14.05,-0.28,14.05
2024,17,Brian Thomas Jr.,WR,9.58,9.87,23.9,-14.03,0.29,14.03
2024,7,C.J. Stroud,QB,19.37,19.37,5.34,14.03,0.0,14.03
2024,12,Christian McCaffrey,RB,21.28,21.83,7.8,14.03,0.55,14.03
2024,12,Trey McBride,TE,11.28,11.28,25.3,-14.02,0.0,14.02
2024,15,Rashod Bateman,WR,9.39,9.0,23.0,-14.0,-0.39,14.0
2025,10,Trey McBride,TE,12.99,13.75,27.7,-13.95,0.76,13.95
2025,8,Chase Brown,RB,11.7,11.61,25.5,-13.89,-0.09,13.89
2025,5,Jonathan Taylor,RB,17.96,17.78,31.6,-13.82,-0.18,13.82
2024,15,A.J. Brown,WR,11.31,11.21,25.0,-13.79,-0.1,13.79
2025,5,Jake Ferguson,TE,10.33,10.14,23.9,-13.76,-0.19,13.76
2024,14,Tee Higgins,WR,18.8,18.04,4.3,13.74,-0.76,13.74
2025,12,Chimere Dike,WR,6.98,7.66,21.4,-13.74,0.68,13.74
2024,18,Drake Maye,QB,13.18,13.7,0.0,13.7,0.52,13.7
2024,4,Jared Goff,QB,13.77,13.48,27.18,-13.7,-0.29,13.7
2025,6,Jahmyr Gibbs,RB,21.28,21.18,7.5,13.68,-0.1,13.68
2025,17,James Cook,RB,22.66,22.38,8.7,13.68,-0.28,13.68
2025,10,Michael Pittman,WR,18.52,17.56,3.9,13.66,-0.96,13.66
2025,17,Colston Loveland,TE,8.05,7.76,21.4,-13.64,-0.29,13.64
2024,7,De'Von Achane,RB,23.85,24.13,10.5,13.63,0.28,13.63
2024,9,Joe Burrow,QB,15.91,15.54,29.14,-13.6,-0.37,13.6
2024,16,Josh Allen,QB,26.23,24.75,11.16,13.59,-1.48,13.59
2024,18,Marvin Mims Jr.,WR,8.81,8.52,22.1,-13.58,-0.29,13.58
2024,7,Brian Thomas Jr.,WR,8.62,8.52,22.1,-13.58,-0.1,13.58
2024,18,Justin Jefferson,WR,23.03,21.98,8.4,13.58,-1.05,13.58
2025,11,DeVonta Smith,WR,15.54,15.34,1.8,13.54,-0.2,13.54
2025,11,Quentin Johnston,WR,13.62,13.52,0.0,13.52,-0.1,13.52
2024,14,Sam Darnold,QB,21.58,21.07,34.58,-13.51,-0.51,13.51
2024,10,Jordan Mason,RB,14.64,14.0,0.5,13.5,-0.64,13.5
2024,10,Aaron Rodgers,QB,17.68,17.53,4.04,13.49,-0.15,13.49
2024,14,Justin Jefferson,WR,19.28,18.71,32.2,-13.49,-0.57,13.49
2024,4,Josh Allen,QB,20.85,20.77,7.3,13.47,-0.08,13.47
2024,10,Joe Burrow,QB,20.4,20.26,33.72,-13.46,-0.14,13.46
2025,3,Courtland Sutton,WR,10.25,10.35,23.8,-13.45,0.1,13.45
2025,5,Rashid Shaheed,WR,8.04,7.95,21.4,-13.45,-0.09,13.45
2024,17,James Conner,RB,16.21,16.21,2.8,13.41,0.0,13.41
2025,17,Jahmyr Gibbs,RB,20.08,19.8,6.4,13.4,-0.28,13.4
2024,15,Tua Tagovailoa,QB,17.09,17.23,3.84,13.39,0.14,13.39
2024,9,Quentin Johnston,WR,8.52,8.62,22.0,-13.38,0.1,13.38
2024,13,Justin Herbert,QB,21.66,21.36,7.98,13.38,-0.3,13.38
2024,15,CeeDee Lamb,WR,12.85,13.23,26.6,-13.37,0.38,13.37
2024,11,Saquon Barkley,RB,20.72,20.45,33.8,-13.35,-0.27,13.35
2024,7,Tank Dell,WR,13.33,13.33,0.0,13.33,0.0,13.33
2025,4,Lamar Jackson,QB,24.53,24.01,10.68,13.33,-0.52,13.33
2024,17,Jameson Williams,WR,11.6,11.21,24.5,-13.29,-0.39,13.29
2025,8,Jordan Love,QB,15.24,15.02,28.3,-13.28,-0.22,13.28
2024,15,Malik Nabers,WR,9.87,10.92,24.2,-13.28,1.05,13.28
2025,18,CeeDee Lamb,WR,15.34,14.67,1.4,13.27,-0.67,13.27
2024,17,Baker Mayfield,QB,22.25,21.29,34.56,-13.27,-0.96,13.27
2025,13,Jahmyr Gibbs,RB,25.42,24.87,11.6,13.27,-0.55,13.27
2025,4,Matthew Stafford,QB,14.43,14.14,27.4,-13.26,-0.29,13.26
2025,16,George Pickens,WR,13.23,12.75,26.0,-13.25,-0.48,13.25
2024,3,Derek Carr,QB,21.8,21.21,7.98,13.23,-0.59,13.23
2024,16,Tyjae Spears,RB,8.29,8.38,21.6,-13.22,0.09,13.22
2025,16,Josh Allen,QB,20.62,20.11,6.9,13.21,-0.51,13.21
2025,3,Jordan Mason,RB,10.32,10.41,23.6,-13.19,0.09,13.19
2025,12,Ashton Jeanty,RB,11.42,11.61,24.8,-13.19,0.19,13.19
2025,15,Dalton Schultz,TE,8.9,8.43,21.6,-13.17,-0.47,13.17
2025,4,Ladd McConkey,WR,15.54,15.25,2.1,13.15,-0.29,13.15
2024,12,Quentin Johnston,WR,13.33,13.13,0.0,13.13,-0.2,13.13
2024,15,Saquon Barkley,RB,22.66,22.47,9.4,13.07,-0.19,13.07
2024,17,Jerry Jeudy,WR,7.75,8.33,21.4,-13.07,0.58,13.07
2025,3,Jalen Hurts,QB,16.2,15.98,29.04,-13.06,-0.22,13.06
2025,16,Joe Burrow,QB,16.28,15.91,28.96,-13.05,-0.37,13.05
2025,7,Justin Fields,QB,16.87,17.09,4.04,13.05,0.22,13.05
2025,10,Sam Darnold,QB,18.34,17.97,4.92,13.05,-0.37,13.05
2024,17,Jalen McMillan,WR,10.44,9.96,23.0,-13.04,-0.48,13.04
2025,6,Josh Jacobs,RB,20.36,18.97,32.0,-13.03,-1.39,13.03
2025,7,Jonathan Taylor,RB,21.28,21.18,34.2,-13.02,-0.1,13.02
2025,4,Josh Jacobs,RB,19.07,18.7,31.7,-13.0,-0.37,13.0
2024,16,Tank Dell,WR,8.62,8.81,21.8,-12.99,0.19,12.99
2025,16,Matthew Stafford,QB,17.68,17.9,30.88,-12.98,0.22,12.98
2025,4,David Montgomery,RB,14.28,14.18,1.2,12.98,-0.1,12.98
2025,5,Dak Prescott,QB,15.47,15.32,28.28,-12.96,-0.15,12.96
2025,15,Bo Nix,QB,15.91,16.13,29.08,-12.95,0.22,12.95
2025,7,Mike Evans,WR,13.23,12.94,0.0,12.94,-0.29,12.94
2024,4,Justice Hill,RB,8.84,8.66,21.6,-12.94,-0.18,12.94
2024,11,Jameson Williams,WR,10.25,9.67,22.6,-12.93,-0.58,12.93
2025,4,Drake London,WR,12.17,12.08,25.0,-12.92,-0.09,12.92
2025,14,DK Metcalf,WR,8.62,8.91,21.8,-12.89,0.29,12.89
2024,14,Jaylen Waddle,WR,8.23,8.04,20.9,-12.86,-0.19,12.86
2025,5,C.J. Stroud,QB,15.83,15.91,28.76,-12.85,0.08,12.85
2025,8,Marquise Brown,WR,13.23,12.85,0.0,12.85,-0.38,12.85
2025,3,A.J. Brown,WR,10.16,10.06,22.9,-12.84,-0.1,12.84
2024,3,Tre Tucker,WR,9.87,9.77,22.6,-12.83,-0.1,12.83
2024,9,Rhamondre Stevenson,RB,9.21,9.58,22.4,-12.82,0.37,12.82
2024,8,Bo Nix,QB,17.38,16.94,29.76,-12.82,-0.44,12.82
2025,17,Christian McCaffrey,RB,15.84,15.29,28.1,-12.81,-0.55,12.81
2025,11,Lamar Jackson,QB,17.53,17.53,4.72,12.81,0.0,12.81
2024,8,Trey McBride,TE,8.52,8.62,21.4,-12.78,0.1,12.78
2024,6,Chris Olave,WR,11.89,12.27,-0.5,12.77,0.38,12.77
2025,18,George Pickens,WR,15.34,14.67,1.9,12.77,-0.67,12.77
2024,16,Bryce Young,QB,14.21,14.36,27.12,-12.76,0.15,12.76
2025,11,George Kittle,TE,12.51,11.94,24.7,-12.76,-0.57,12.76
2025,8,Khalil Shakir,WR,8.33,8.04,20.8,-12.76,-0.29,12.76
2025,15,Bijan Robinson,RB,16.3,16.76,29.5,-12.74,0.46,12.74
2024,18,Kyler Murray,QB,15.39,15.17,27.88,-12.71,-0.22,12.71
2024,11,Breece Hall,RB,18.61,18.42,31.1,-12.68,-0.19,12.68
2025,5,Kyren Williams,RB,18.61,18.42,31.1,-12.68,-0.19,12.68
2024,7,Kareem Hunt,RB,9.67,9.67,22.3,-12.63,0.0,12.63
2024,11,Russell Wilson,QB,18.93,18.93,6.3,12.63,0.0,12.63
2025,15,Courtland Sutton,WR,11.6,11.69,24.3,-12.61,0.09,12.61
2025,17,Josh Jacobs,RB,13.91,13.91,1.3,12.61,0.0,12.61
2025,11,Amon-Ra St. Brown,WR,18.71,18.8,6.2,12.6,0.09,12.6
2024,13,Bucky Irving,RB,15.2,14.92,27.5,-12.58,-0.28,12.58
2025,12,Jonathan Taylor,RB,21.28,21.18,8.6,12.58,-0.1,12.58
2024,6,DeMario Douglas,WR,8.04,8.62,21.2,-12.58,0.58,12.58
2024,15,Jahmyr Gibbs,RB,16.3,15.84,28.4,-12.56,-0.46,12.56
2025,6,Patrick Mahomes,QB,19.45,18.93,31.48,-12.55,-0.52,12.55
2025,9,DJ Moore,WR,10.73,10.44,22.98,-12.54,-0.29,12.54
2025,14,Kirk Cousins,QB,14.65,15.02,2.48,12.54,0.37,12.54
2024,14,James Cook,RB,17.59,17.41,4.9,12.51,-0.18,12.51
2024,14,Khalil Shakir,WR,8.91,9.1,21.6,-12.5,0.19,12.5
2025,15,Shedeur Sanders,QB,15.17,15.98,3.48,12.5,0.81,12.5
2024,8,Tyrone Tracy Jr.,RB,10.41,10.5,23.0,-12.5,0.09,12.5
2025,4,Omarion Hampton,RB,15.29,15.01,27.5,-12.49,-0.28,12.49
2025,17,Chris Olave,WR,13.23,13.42,25.9,-12.48,0.19,12.48
2025,15,Troy Franklin,WR,8.23,8.33,20.8,-12.47,0.1,12.47
2024,6,Deebo Samuel Sr.,WR,8.52,8.23,20.7,-12.47,-0.29,12.47
2025,9,Rome Odunze,WR,12.85,12.46,0.0,12.46,-0.39,12.46
2025,16,George Kittle,TE,12.61,12.04,24.5,-12.46,-0.57,12.46
2024,17,Travis Kelce,TE,10.14,9.95,22.4,-12.45,-0.19,12.45
2025,16,Stefon Diggs,WR,10.35,10.35,22.8,-12.45,0.0,12.45
2024,12,Tua Tagovailoa,QB,16.57,16.06,28.48,-12.42,-0.51,12.42
2025,17,Drake Maye,QB,20.77,20.03,32.44,-12.41,-0.74,12.41
2024,13,DJ Moore,WR,10.92,11.31,23.7,-12.39,0.39,12.39
2025,7,Justin Herbert,QB,15.91,15.54,27.9,-12.36,-0.37,12.36
2025,12,Josh Allen,QB,20.7,20.48,8.12,12.36,-0.22,12.36
2024,3,Ja'Marr Chase,WR,18.13,17.46,29.8,-12.34,-0.67,12.34
2024,10,Sam Darnold,QB,19.08,18.78,6.44,12.34,-0.3,12.34
2025,17,Christian Watson,WR,9.87,9.96,22.3,-12.34,0.09,12.34
2024,9,Davante Adams,WR,9.77,9.77,22.1,-12.33,0.0,12.33
2024,17,Brock Purdy,QB,18.27,17.97,30.28,-12.31,-0.3,12.31
2025,10,Chris Olave,WR,8.52,9.1,21.4,-12.3,0.58,12.3
2024,3,Calvin Ridley,WR,13.9,14.19,1.9,12.29,0.29,12.29
2025,5,Trevor Lawrence,QB,13.84,13.99,26.24,-12.25,0.15,12.25
2024,4,Brian Thomas Jr.,WR,9.48,9.67,21.9,-12.23,0.19,12.23
2024,13,Keenan Allen,WR,11.69,12.08,24.3,-12.22,0.39,12.22
2024,15,Terry McLaurin,WR,14.38,14.1,26.3,-12.2,-0.28,12.2
2025,5,Sam Darnold,QB,15.61,15.47,27.64,-12.17,-0.14,12.17
2024,15,Cooper Kupp,WR,12.17,12.17,0.0,12.17,0.0,12.17
2024,5,Brandon Aiyuk,WR,11.02,10.54,22.7,-12.16,-0.48,12.16
2025,12,Baker Mayfield,QB,15.54,15.69,3.54,12.15,0.15,12.15
2025,14,RJ Harvey,RB,9.86,9.86,22.0,-12.14,0.0,12.14
2025,6,Christian McCaffrey,RB,11.88,11.97,24.1,-12.13,0.09,12.13
2024,16,James Cook,RB,15.75,15.47,27.6,-12.13,-0.28,12.13
2025,3,Garrett Wilson,WR,11.79,12.27,24.4,-12.13,0.48,12.13
2025,14,George Pickens,WR,21.59,20.82,8.7,12.12,-0.77,12.12
2025,10,Romeo Doubs,WR,13.71,13.62,1.5,12.12,-0.09,12.12
2024,7,Javonte Williams,RB,13.63,14.0,26.1,-12.1,0.37,12.1
2024,15,Derrick Henry,RB,19.16,18.79,6.7,12.09,-0.37,12.09
2025,6,Ladd McConkey,WR,11.02,10.92,23.0,-12.08,-0.1,12.08
2025,13,Brock Bowers,TE,9.19,10.23,22.3,-12.07,1.04,12.07
2024,17,Mike Gesicki,TE,7.0,6.53,18.6,-12.07,-0.47,12.07
2024,17,Rhamondre Stevenson,RB,11.97,12.16,0.1,12.06,0.19,12.06
2025,6,D'Andre Swift,RB,13.45,13.45,25.5,-12.05,0.0,12.05
2024,15,Geno Smith,QB,16.5,16.5,4.46,12.04,0.0,12.04
2025,11,Ja'Marr Chase,WR,17.84,18.04,6.0,12.04,0.2,12.04
2024,11,Nick Westbrook-Ikhine,WR,8.04,7.66,19.7,-12.04,-0.38,12.04
2025,3,Malik Nabers,WR,14.86,15.34,3.3,12.04,0.48,12.04
2024,15,James Cook,RB,14.55,14.28,26.3,-12.02,-0.27,12.02
2025,13,Sam Darnold,QB,15.61,15.1,3.12,11.98,-0.51,11.98
2025,12,Jordan Addison,WR,11.5,11.98,0.0,11.98,0.48,11.98
2024,14,Jayden Reed,WR,12.17,11.98,0.0,11.98,-0.19,11.98
2025,6,Justin Fields,QB,16.28,16.87,4.9,11.97,0.59,11.97
2024,5,Alec Pierce,WR,10.44,10.44,22.4,-11.96,0.0,11.96
2025,9,Sam LaPorta,TE,9.85,9.76,21.7,-11.94,-0.09,11.94
2024,3,Jayden Daniels,QB,15.83,16.13,28.06,-11.93,0.3,11.93
2024,3,Jameson Williams,WR,13.71,13.13,1.2,11.93,-0.58,11.93
2024,12,Puka Nacua,WR,8.91,8.81,20.7,-11.89,-0.1,11.89
2024,12,Caleb Williams,QB,14.58,15.02,26.9,-11.88,0.44,11.88
2024,13,Chuba Hubbard,RB,14.0,14.18,2.3,11.88,0.18,11.88
2024,11,Jameis Winston,QB,14.73,14.73,26.6,-11.87,0.0,11.87
2024,7,Aidan O'Connell,QB,13.48,13.92,2.08,11.84,0.44,11.84
2024,10,Lamar Jackson,QB,22.02,21.07,32.9,-11.83,-0.95,11.83
2025,18,Travis Etienne,RB,16.95,16.58,4.8,11.78,-0.37,11.78
2024,6,Caleb Williams,QB,16.87,16.87,28.64,-11.77,0.0,11.77
2024,12,Tony Pollard,RB,9.76,10.13,21.9,-11.77,0.37,11.77
2025,8,Jordan Mason,RB,13.26,13.36,1.6,11.76,0.1,11.76
2024,16,De'Von Achane,RB,19.07,19.25,31.0,-11.75,0.18,11.75
2024,7,Rashod Bateman,WR,10.73,10.35,22.1,-11.75,-0.38,11.75
2025,13,Lamar Jackson,QB,19.15,18.27,6.54,11.73,-0.88,11.73
2025,10,Jameson Williams,WR,12.65,12.17,23.9,-11.73,-0.48,11.73
2024,5,Bo Nix,QB,11.26,11.41,23.14,-11.73,0.15,11.73
2025,11,Kenneth Walker III,RB,8.47,8.38,20.1,-11.72,-0.09,11.72
2024,11,Bijan Robinson,RB,21.74,22.01,10.3,11.71,0.27,11.71
2025,16,TreVeyon Henderson,RB,13.91,13.91,2.2,11.71,0.0,11.71
2025,12,Davante Adams,WR,11.89,11.5,23.2,-11.7,-0.39,11.7
2024,18,Justin Herbert,QB,16.72,16.35,28.04,-11.69,-0.37,11.69
2025,12,Amon-Ra St. Brown,WR,19.57,18.23,29.9,-11.67,-1.34,11.67
2025,10,A.J. Brown,WR,14.96,14.96,3.3,11.66,0.0,11.66
2024,11,Will Dissly,TE,6.53,6.34,18.0,-11.66,-0.19,11.66
2024,8,Josh Downs,WR,10.64,10.54,22.2,-11.66,-0.1,11.66
2025,11,Nico Collins,WR,12.37,12.56,24.2,-11.64,0.19,11.64
2025,10,Josh Downs,WR,13.62,12.94,1.3,11.64,-0.68,11.64
2024,12,Jayden Daniels,QB,19.52,18.78,30.4,-11.62,-0.74,11.62
2024,12,Keenan Allen,WR,11.5,11.98,23.6,-11.62,0.48,11.62
2025,9,Geno Smith,QB,14.36,14.65,26.26,-11.61,0.29,11.61
2025,17,Breece Hall,RB,9.03,9.3,20.9,-11.6,0.27,11.6
2025,14,Jaxon Smith-Njigba,WR,17.07,16.5,28.1,-11.6,-0.57,11.6
2024,6,Jerome Ford,RB,12.34,12.99,1.4,11.59,0.65,11.59
2025,11,Trey McBride,TE,15.93,15.93,27.5,-11.57,0.0,11.57
2024,6,Zack Moss,RB,12.16,12.07,0.5,11.57,-0.09,11.57
2025,7,Davante Adams,WR,15.25,14.96,26.5,-11.54,-0.29,11.54
2025,13,Jakobi Meyers,WR,9.96,9.77,21.3,-11.53,-0.19,11.53
2025,5,Quentin Johnston,WR,18.8,18.42,6.9,11.52,-0.38,11.52
2024,6,George Kittle,TE,11.94,11.28,22.8,-11.52,-0.66,11.52
2024,12,Brian Robinson,RB,15.01,14.92,3.4,11.52,-0.09,11.52
2025,11,Deebo Samuel Sr.,WR,9.19,9.19,20.7,-11.51,0.0,11.51
2025,7,Dalton Schultz,TE,7.0,7.29,18.8,-11.51,0.29,11.51
2024,11,Kirk Cousins,QB,16.28,16.42,4.92,11.5,0.14,11.5
2025,12,Lamar Jackson,QB,19.37,18.71,7.22,11.49,-0.66,11.49
2025,8,Tyjae Spears,RB,5.53,5.71,17.2,-11.49,0.18,11.49
2024,7,Joe Mixon,RB,14.92,14.92,26.4,-11.48,0.0,11.48
2024,6,Jared Goff,QB,14.14,13.7,25.1,-11.4,-0.44,11.4
2024,6,Saquon Barkley,RB,18.97,18.79,7.4,11.39,-0.18,11.39
2024,12,Jakobi Meyers,WR,10.35,10.73,22.1,-11.37,0.38,11.37
2024,8,Matthew Stafford,QB,13.4,13.4,24.76,-11.36,0.0,11.36
2025,8,Spencer Rattler,QB,13.84,13.99,2.64,11.35,0.15,11.35
2025,14,Jonathan Taylor,RB,22.93,22.75,11.4,11.35,-0.18,11.35
2024,6,Travis Etienne,RB,11.24,11.24,-0.1,11.34,0.0,11.34
2024,13,Josh Allen,QB,17.46,17.09,28.42,-11.33,-0.37,11.33
2024,13,Cooper Kupp,WR,16.5,16.02,4.7,11.32,-0.48,11.32
2025,11,Christian Watson,WR,9.39,9.29,20.6,-11.31,-0.1,11.31
2025,3,Tee Higgins,WR,13.42,13.81,2.5,11.31,0.39,11.31
2025,11,Sam Darnold,QB,15.61,15.54,4.26,11.28,-0.07,11.28
2024,6,Calvin Ridley,WR,12.17,12.17,0.9,11.27,0.0,11.27
2024,13,Rico Dowdle,RB,10.04,10.04,21.3,-11.26,0.0,11.26
2025,16,Zay Flowers,WR,10.16,9.96,21.2,-11.24,-0.2,11.24
2025,15,Woody Marks,RB,16.49,16.03,4.8,11.23,-0.46,11.23
2024,18,Jordan Love,QB,14.43,13.99,2.76,11.23,-0.44,11.23
2024,6,Terry McLaurin,WR,12.17,12.08,23.3,-11.22,-0.09,11.22
2024,18,Derrick Henry,RB,19.62,18.88,30.1,-11.22,-0.74,11.22
2025,18,Amon-Ra St. Brown,WR,14.0,13.71,24.9,-11.19,-0.29,11.19
2025,9,Jonathan Taylor,RB,19.07,18.88,7.7,11.18,-0.19,11.18
2024,12,Austin Ekeler,RB,15.84,15.57,4.4,11.17,-0.27,11.17
2025,4,Bo Nix,QB,14.88,14.58,25.74,-11.16,-0.3,11.16
2024,3,Rashee Rice,WR,18.42,17.94,29.1,-11.16,-0.48,11.16
2025,11,Tyrell Shavers,WR,8.04,7.85,19.0,-11.15,-0.19,11.15
2024,13,Nick Westbrook-Ikhine,WR,9.77,9.96,21.1,-11.14,0.19,11.14
2024,16,Brock Bowers,TE,9.76,9.76,20.9,-11.14,0.0,11.14
2025,10,DJ Moore,WR,11.4,11.12,0.0,11.12,-0.28,11.12
2024,5,Brian Thomas Jr.,WR,12.37,12.08,23.2,-11.12,-0.29,11.12
2024,10,Saquon Barkley,RB,20.08,19.89,8.8,11.09,-0.19,11.09
2025,4,Christian McCaffrey,RB,15.29,15.01,26.1,-11.09,-0.28,11.09
2024,12,Patrick Mahomes,QB,18.19,17.68,28.76,-11.08,-0.51,11.08
2024,12,Nick Chubb,RB,7.65,7.92,19.0,-11.08,0.27,11.08
2024,7,Josh Downs,WR,12.56,12.37,1.3,11.07,-0.19,11.07
2025,10,Bo Nix,QB,17.16,16.87,5.8,11.07,-0.29,11.07
2024,4,Baker Mayfield,QB,17.75,17.82,28.88,-11.06,0.07,11.06
2024,9,Cooper Kupp,WR,10.54,10.35,21.4,-11.05,-0.19,11.05
2024,7,Saquon Barkley,RB,15.66,15.66,26.7,-11.04,0.0,11.04
2025,15,Josh Jacobs,RB,12.16,12.16,23.2,-11.04,0.0,11.04
2024,8,Josh Jacobs,RB,14.92,14.46,25.5,-11.04,-0.46,11.04
2025,13,Travis Etienne,RB,16.21,16.12,5.1,11.02,-0.09,11.02
2024,6,Marvin Harrison Jr.,WR,11.02,11.02,0.0,11.02,0.0,11.02
2025,5,Jaylen Waddle,WR,11.98,11.98,23.0,-11.02,0.0,11.02
2025,5,Sam LaPorta,TE,10.14,9.19,20.2,-11.01,-0.95,11.01
2025,16,Kenny Gainwell,RB,12.8,12.8,23.8,-11.0,0.0,11.0
2024,7,Cade Otton,TE,7.1,7.0,18.0,-11.0,-0.1,11.0
2024,9,Cade Otton,TE,9.95,10.71,21.7,-10.99,0.76,10.99
2025,13,RJ Harvey,RB,10.32,10.22,21.2,-10.98,-0.1,10.98
2024,12,Jonathan Taylor,RB,14.37,14.46,3.5,10.96,0.09,10.96
2025,4,Tre Tucker,WR,15.34,15.15,4.2,10.95,-0.19,10.95
2024,10,Justin Jefferson,WR,21.11,20.73,9.8,10.93,-0.38,10.93
2025,16,Derrick Henry,RB,12.34,11.88,22.8,-10.92,-0.46,10.92
2025,10,Parker Washington,WR,6.79,6.98,17.9,-10.92,0.19,10.92
2025,12,Cam Ward,QB,12.22,13.03,23.94,-10.91,0.81,10.91
2024,4,Mark Andrews,TE,11.37,10.9,0.0,10.9,-0.47,10.9
2024,10,Chuba Hubbard,RB,13.08,14.0,24.9,-10.9,0.92,10.9
2025,12,George Pickens,WR,18.61,18.71,29.6,-10.89,0.1,10.89
2025,3,Russell Wilson,QB,15.54,15.98,5.1,10.88,0.44,10.88
2025,3,Ja'Marr Chase,WR,19.28,19.77,8.9,10.87,0.49,10.87
2024,4,Diontae Johnson,WR,10.73,10.44,21.3,-10.86,-0.29,10.86
2025,13,Nico Collins,WR,10.54,10.64,21.5,-10.86,0.1,10.86
2024,7,Zay Flowers,WR,15.54,14.86,4.0,10.86,-0.68,10.86
2025,6,Tua Tagovailoa,QB,17.31,17.46,6.6,10.86,0.15,10.86
2025,15,Kenny Gainwell,RB,8.84,8.75,19.6,-10.85,-0.09,10.85
2024,16,Trey McBride,TE,16.69,15.84,5.0,10.84,-0.85,10.84
2025,7,Geno Smith,QB,13.03,13.62,2.78,10.84,0.59,10.84
2024,12,T.J. Hockenson,TE,7.48,7.57,18.4,-10.83,0.09,10.83
2025,13,Justin Jefferson,WR,12.27,13.23,2.4,10.83,0.96,10.83
2024,15,Jonnu Smith,TE,9.0,9.0,19.8,-10.8,0.0,10.8
2024,6,Stefon Diggs,WR,8.91,8.91,19.7,-10.79,0.0,10.79
2025,12,Michael Wilson,WR,10.92,11.02,21.8,-10.78,0.1,10.78
2025,3,Jahmyr Gibbs,RB,17.22,16.12,26.9,-10.78,-1.1,10.78
2024,9,Kyler Murray,QB,15.54,15.54,4.76,10.78,0.0,10.78
2024,13,Jayden Daniels,QB,17.16,16.87,27.64,-10.77,-0.29,10.77
2024,13,Breece Hall,RB,16.58,16.76,6.0,10.76,0.18,10.76
2025,13,Michael Pittman,WR,13.23,13.04,2.3,10.74,-0.19,10.74
2025,6,Brian Thomas Jr.,WR,12.37,12.27,23.0,-10.73,-0.1,10.73
2025,6,Juwan Johnson,TE,12.13,12.23,1.5,10.73,0.1,10.73
2025,6,Ja'Marr Chase,WR,13.33,14.38,25.1,-10.72,1.05,10.72
2024,7,Jameson Williams,WR,11.5,11.31,0.6,10.71,-0.19,10.71
2024,17,Rachaad White,RB,15.75,15.11,4.4,10.71,-0.64,10.71
2025,5,Mason Taylor,TE,7.0,7.0,17.7,-10.7,0.0,10.7
2025,4,Dallas Goedert,TE,9.19,9.0,19.7,-10.7,-0.19,10.7
2025,18,D'Andre Swift,RB,16.76,16.49,5.8,10.69,-0.27,10.69
2024,5,Andy Dalton,QB,14.07,14.43,3.74,10.69,0.36,10.69
2024,3,Tony Pollard,RB,16.39,16.58,5.9,10.68,0.19,10.68
2024,9,J.K. Dobbins,RB,13.72,13.82,24.5,-10.68,0.1,10.68
2024,7,Alvin Kamara,RB,19.16,19.07,8.4,10.67,-0.09,10.67
2024,10,Javonte Williams,RB,12.62,13.36,2.7,10.66,0.74,10.66
2024,16,A.J. Brown,WR,13.42,13.04,23.7,-10.66,-0.38,10.66
2024,5,Jauan Jennings,WR,13.62,12.94,2.3,10.64,-0.68,10.64
2025,9,Kayshon Boutte,WR,10.64,10.64,0.0,10.64,0.0,10.64
2024,6,Evan Engram,TE,7.67,7.57,18.2,-10.63,-0.1,10.63
2025,6,Matthew Stafford,QB,20.33,19.96,9.34,10.62,-0.37,10.62
2025,8,Jake Ferguson,TE,10.8,10.61,0.0,10.61,-0.19,10.61
2024,3,Anthony Richardson,QB,15.76,15.69,5.08,10.61,-0.07,10.61
2025,16,Harold Fannin Jr.,TE,7.86,8.9,19.5,-10.6,1.04,10.6
2025,9,Jahmyr Gibbs,RB,16.58,16.39,5.8,10.59,-0.19,10.59
2025,6,Kendrick Bourne,WR,8.71,8.62,19.2,-10.58,-0.09,10.58
2025,8,Oronde Gadsden II,TE,8.33,8.14,18.7,-10.56,-0.19,10.56
2024,5,Rico Dowdle,RB,8.75,8.84,19.4,-10.56,0.09,10.56
2025,16,Jaxon Smith-Njigba,WR,12.94,13.04,23.6,-10.56,0.1,10.56
2024,14,Bucky Irving,RB,13.63,13.36,2.8,10.56,-0.27,10.56
2024,5,Sam Darnold,QB,14.88,14.8,4.26,10.54,-0.08,10.54
2025,15,Chris Olave,WR,9.77,9.96,20.5,-10.54,0.19,10.54
2025,9,Marvin Harrison Jr.,WR,12.17,12.08,22.6,-10.52,-0.09,10.52
2025,13,Zay Flowers,WR,11.79,11.12,0.6,10.52,-0.67,10.52
2025,11,J.J. McCarthy,QB,16.79,16.5,6.0,10.5,-0.29,10.5
2024,18,DJ Moore,WR,10.92,11.6,22.1,-10.5,0.68,10.5
2025,14,Patrick Mahomes,QB,16.87,16.79,6.3,10.49,-0.08,10.49
2025,13,Davante Adams,WR,11.69,11.31,21.8,-10.49,-0.38,10.49
2024,12,Javonte Williams,RB,13.08,12.89,2.4,10.49,-0.19,10.49
2024,15,Baker Mayfield,QB,17.38,17.53,28.02,-10.49,0.15,10.49
2024,5,Bijan Robinson,RB,21.46,21.18,10.7,10.48,-0.28,10.48
2025,5,Deebo Samuel Sr.,WR,13.13,13.13,23.6,-10.47,0.0,10.47
2025,13,Jaxon Smith-Njigba,WR,15.54,14.77,4.3,10.47,-0.77,10.47
2024,15,Jaylen Waddle,WR,10.35,10.44,0.0,10.44,0.09,10.44
2025,9,Alvin Kamara,RB,10.13,11.14,0.7,10.44,1.01,10.44
2025,14,Tyler Warren,TE,14.22,14.13,3.7,10.43,-0.09,10.43
2025,13,Saquon Barkley,RB,16.21,16.03,5.6,10.43,-0.18,10.43
2025,16,Lamar Jackson,QB,15.47,15.17,4.74,10.43,-0.3,10.43
2025,13,Tua Tagovailoa,QB,15.24,15.1,4.68,10.42,-0.14,10.42
2025,17,Stefon Diggs,WR,12.17,11.69,22.1,-10.41,-0.48,10.41
2025,6,Trey McBride,TE,10.23,10.8,21.2,-10.4,0.57,10.4
2025,12,Rashee Rice,WR,14.19,13.71,24.1,-10.39,-0.48,10.39
2024,14,CeeDee Lamb,WR,11.02,11.02,21.4,-10.38,0.0,10.38
2025,15,George Kittle,TE,13.37,12.42,22.8,-10.38,-0.95,10.38
2024,8,Kirk Cousins,QB,18.49,18.27,28.64,-10.37,-0.22,10.37
2025,17,Jaxson Dart,QB,14.65,14.73,25.08,-10.35,0.08,10.35
2025,7,Jameson Williams,WR,11.4,10.35,0.0,10.35,-1.05,10.35
2024,5,DK Metcalf,WR,18.61,17.84,7.5,10.34,-0.77,10.34
2025,6,Rome Odunze,WR,15.54,15.54,5.2,10.34,0.0,10.34
2024,10,Chase Brown,RB,12.16,12.07,22.4,-10.33,-0.09,10.33
2024,14,Chuba Hubbard,RB,9.95,10.41,20.7,-10.29,0.46,10.29
2024,18,Tyreek Hill,WR,14.29,14.29,4.0,10.29,0.0,10.29
2025,4,Cam Ward,QB,14.07,14.8,4.52,10.28,0.73,10.28
2024,11,Tua Tagovailoa,QB,13.55,13.25,23.52,-10.27,-0.3,10.27
2024,10,Travis Kelce,TE,10.42,10.14,20.4,-10.26,-0.28,10.26
2025,12,D'Andre Swift,RB,12.99,12.16,1.9,10.26,-0.83,10.26
2025,6,Marquise Brown,WR,10.64,10.25,20.5,-10.25,-0.39,10.25
2025,12,Christian McCaffrey,RB,16.95,16.95,27.2,-10.25,0.0,10.25
2025,15,Puka Nacua,WR,18.8,17.65,27.9,-10.25,-1.15,10.25
2024,10,Tua Tagovailoa,QB,18.56,18.41,8.18,10.23,-0.15,10.23
2025,14,Justin Jefferson,WR,13.33,13.33,3.1,10.23,0.0,10.23
2025,17,Tyjae Spears,RB,11.14,11.33,1.1,10.23,0.19,10.23
2025,16,Drake London,WR,16.31,15.92,5.7,10.22,-0.39,10.22
2024,7,DeMario Douglas,WR,14.1,13.62,3.4,10.22,-0.48,10.22
2024,6,DJ Moore,WR,16.21,16.21,6.0,10.21,0.0,10.21
2025,17,Drake London,WR,11.4,11.6,1.4,10.2,0.2,10.2
2024,3,Brock Bowers,TE,17.55,17.26,7.1,10.16,-0.29,10.16
2024,13,Caleb Williams,QB,15.54,15.98,26.14,-10.16,0.44,10.16
2024,5,Deshaun Watson,QB,18.41,18.56,8.4,10.16,0.15,10.16
2025,14,Zay Flowers,WR,10.64,10.44,20.6,-10.16,-0.2,10.16
2025,16,Marvin Harrison Jr.,WR,12.65,12.56,2.4,10.16,-0.09,10.16
2024,8,Michael Pittman,WR,12.85,12.75,2.6,10.15,-0.1,10.15
2024,10,George Pickens,WR,10.25,10.35,20.5,-10.15,0.1,10.15
2024,11,David Montgomery,RB,14.74,14.37,24.5,-10.13,-0.37,10.13
2024,17,Derrick Henry,RB,14.55,14.37,24.5,-10.13,-0.18,10.13
2025,16,Tetairoa McMillan,WR,9.1,9.19,19.3,-10.11,0.09,10.11
2024,8,Spencer Rattler,QB,15.69,16.35,6.24,10.11,0.66,10.11
2025,10,Mac Jones,QB,12.96,12.96,23.06,-10.1,0.0,10.1
2024,4,Jordan Mason,RB,14.46,13.91,24.0,-10.09,-0.55,10.09
2024,3,D'Onta Foreman,RB,10.68,10.59,0.5,10.09,-0.09,10.09
2024,5,Zay Flowers,WR,9.48,8.91,19.0,-10.09,-0.57,10.09
2025,17,Matthew Stafford,QB,23.79,22.84,12.76,10.08,-0.95,10.08
2025,3,Geno Smith,QB,15.76,15.98,26.06,-10.08,0.22,10.08
2025,13,Cam Ward,QB,15.91,16.42,6.34,10.08,0.51,10.08
2024,4,Rome Odunze,WR,12.08,12.08,2.0,10.08,0.0,10.08
2025,13,Jordan Love,QB,15.83,15.69,25.76,-10.07,-0.14,10.07
2025,14,Ladd McConkey,WR,12.08,12.27,2.2,10.07,0.19,10.07
2024,8,Drake London,WR,17.75,17.46,7.4,10.06,-0.29,10.06
2025,14,Jaylen Waddle,WR,8.04,8.04,18.1,-10.06,0.0,10.06
2025,18,Shedeur Sanders,QB,14.88,15.1,5.04,10.06,0.22,10.06
2025,6,Courtland Sutton,WR,13.04,12.75,2.7,10.05,-0.29,10.05
2025,14,Bijan Robinson,RB,18.97,19.43,9.4,10.03,0.46,10.03
2025,11,Ricky Pearsall,WR,11.31,11.02,1.0,10.02,-0.29,10.02
2025,7,Baker Mayfield,QB,21.51,21.14,11.12,10.02,-0.37,10.02
2025,16,Justin Herbert,QB,20.4,20.18,30.2,-10.02,-0.22,10.02
2024,11,Josh Downs,WR,9.39,9.39,19.4,-10.01,0.0,10.01
2024,5,Caleb Williams,QB,13.55,13.55,23.56,-10.01,0.0,10.01
2024,17,Josh Jacobs,RB,21.09,20.91,10.9,10.01,-0.18,10.01
2025,7,Tee Higgins,WR,11.89,11.6,21.6,-10.0,-0.29,10.0
2024,6,Josh Allen,QB,14.36,14.43,24.4,-9.97,0.07,9.97
2025,12,Kareem Hunt,RB,10.13,10.04,20.0,-9.96,-0.09,9.96
2025,7,Rome Odunze,WR,14.96,15.06,5.1,9.96,0.1,9.96
2024,9,Travis Kelce,TE,12.8,12.04,22.0,-9.96,-0.76,9.96
2024,7,Jaxon Smith-Njigba,WR,15.44,15.25,5.3,9.95,-0.19,9.95
2024,18,Zay Flowers,WR,14.0,13.04,3.1,9.94,-0.96,9.94
2025,17,Chase Brown,RB,20.17,19.16,29.1,-9.94,-1.01,9.94
2024,18,Noah Fant,TE,7.57,7.38,17.3,-9.92,-0.19,9.92
2025,16,DJ Moore,WR,12.08,11.98,21.9,-9.92,-0.1,9.92
2025,14,Kenneth Walker III,RB,13.91,13.72,3.8,9.92,-0.19,9.92
2024,9,Alvin Kamara,RB,17.78,17.59,27.5,-9.91,-0.19,9.91
2024,9,Jerome Ford,RB,11.42,11.61,1.7,9.91,0.19,9.91
2024,17,Jahmyr Gibbs,RB,16.86,16.39,26.3,-9.91,-0.47,9.91
2025,4,Jauan Jennings,WR,16.59,16.31,6.4,9.91,-0.28,9.91
2025,6,Rhamondre Stevenson,RB,11.79,11.7,1.8,9.9,-0.09,9.9
2025,6,Michael Pittman,WR,14.67,13.9,4.0,9.9,-0.77,9.9
2024,6,James Conner,RB,16.49,16.49,6.6,9.89,0.0,9.89
2025,8,Dak Prescott,QB,16.57,16.5,6.62,9.88,-0.07,9.88
2025,11,Tua Tagovailoa,QB,17.01,16.72,6.84,9.88,-0.29,9.88
2024,4,Malik Nabers,WR,13.42,13.23,23.1,-9.87,-0.19,9.87
2024,11,Josh Jacobs,RB,13.54,13.54,23.4,-9.86,0.0,9.86
2025,8,Travis Kelce,TE,12.8,12.04,21.9,-9.86,-0.76,9.86
2024,18,Aaron Rodgers,QB,14.95,15.1,24.96,-9.86,0.15,9.86
2025,10,Nico Collins,WR,12.17,12.75,22.6,-9.85,0.58,9.85
2024,6,Tyler Allgeier,RB,10.22,9.95,19.8,-9.85,-0.27,9.85
2024,7,Jayden Reed,WR,13.13,12.85,3.0,9.85,-0.28,9.85
2024,5,Deebo Samuel Sr.,WR,13.52,12.85,3.0,9.85,-0.67,9.85
2025,3,Derrick Henry,RB,20.82,20.54,10.7,9.84,-0.28,9.84
2024,15,Jerome Ford,RB,8.38,8.57,18.4,-9.83,0.19,9.83
2024,13,Baker Mayfield,QB,20.55,20.03,10.2,9.83,-0.52,9.83
2025,14,Jahmyr Gibbs,RB,29.47,27.17,37.0,-9.83,-2.3,9.83
2024,9,Cedric Tillman,WR,9.48,9.67,19.5,-9.83,0.19,9.83
2025,7,Kyren Williams,RB,18.51,18.33,8.5,9.83,-0.18,9.83
2025,8,Joe Flacco,QB,14.58,14.51,24.32,-9.81,-0.07,9.81
2024,6,Jerry Jeudy,WR,13.62,14.29,4.5,9.79,0.67,9.79
2024,6,Najee Harris,RB,9.76,10.41,20.2,-9.79,0.65,9.79
2024,9,Chris Olave,WR,12.37,12.08,2.3,9.78,-0.29,9.78
2024,15,Tyrone Tracy Jr.,RB,13.63,14.28,4.5,9.78,0.65,9.78
2025,7,Ashton Jeanty,RB,13.82,14.18,4.4,9.78,0.36,9.78
2025,17,Omarion Hampton,RB,10.13,10.22,20.0,-9.78,0.09,9.78
2025,10,Rome Odunze,WR,11.02,10.83,20.6,-9.77,-0.19,9.77
2024,9,Courtland Sutton,WR,12.94,13.52,23.28,-9.76,0.58,9.76
2025,17,Philip Rivers,QB,17.53,17.53,7.78,9.75,0.0,9.75
2024,5,Kyler Murray,QB,14.21,14.36,24.1,-9.74,0.15,9.74
2025,8,Justin Herbert,QB,15.61,15.54,25.28,-9.74,-0.07,9.74
2025,11,Stefon Diggs,WR,10.16,9.77,19.5,-9.73,-0.39,9.73
2025,6,DK Metcalf,WR,9.67,9.77,19.5,-9.73,0.1,9.73
2025,6,De'Von Achane,RB,20.91,21.28,31.0,-9.72,0.37,9.72
2024,18,Joe Burrow,QB,23.42,22.69,12.98,9.71,-0.73,9.71
2025,8,Drake Maye,QB,16.64,16.57,26.28,-9.71,-0.07,9.71
2024,11,Bo Nix,QB,19.22,19.08,28.78,-9.7,-0.14,9.7
2024,4,Pat Freiermuth,TE,7.0,7.0,16.7,-9.7,0.0,9.7
2024,4,Zay Flowers,WR,12.08,11.69,2.0,9.69,-0.39,9.69
2025,13,Trey McBride,TE,12.04,12.51,22.2,-9.69,0.47,9.69
2025,14,Travis Etienne,RB,11.42,11.51,21.2,-9.69,0.09,9.69
2024,4,Derek Carr,QB,17.53,17.75,8.06,9.69,0.22,9.69
2024,4,Chuba Hubbard,RB,12.43,12.43,22.1,-9.67,0.0,9.67
2024,15,Darnell Mooney,WR,9.96,9.67,0.0,9.67,-0.29,9.67
2024,6,Zay Flowers,WR,12.65,12.75,22.4,-9.65,0.1,9.65
2024,11,Kyren Williams,RB,18.33,18.24,8.6,9.64,-0.09,9.64
2024,7,DeVonta Smith,WR,10.44,10.44,0.8,9.64,0.0,9.64
2024,18,Keenan Allen,WR,12.27,13.13,3.5,9.63,0.86,9.63
2025,10,Jaylen Waddle,WR,9.67,9.77,19.4,-9.63,0.1,9.63
2025,10,Jordan Love,QB,17.53,17.46,7.84,9.62,-0.07,9.62
2024,10,Mark Andrews,TE,9.85,9.19,18.8,-9.61,-0.66,9.61
2025,15,Nico Collins,WR,14.38,13.9,23.5,-9.6,-0.48,9.6
2024,6,A.J. Brown,WR,14.29,14.0,23.6,-9.6,-0.29,9.6
2025,5,Jameson Williams,WR,12.27,11.6,2.0,9.6,-0.67,9.6
2024,5,Kareem Hunt,RB,9.21,9.12,18.7,-9.58,-0.09,9.58
2025,10,Ladd McConkey,WR,11.21,11.12,20.7,-9.58,-0.09,9.58
2024,7,Deebo Samuel Sr.,WR,9.77,9.58,0.0,9.58,-0.19,9.58
2025,10,Garrett Wilson,WR,9.19,9.58,0.0,9.58,0.39,9.58
2025,7,Jake Ferguson,TE,13.27,12.32,21.9,-9.58,-0.95,9.58
2024,6,Alexander Mattison,RB,7.74,7.92,17.5,-9.58,0.18,9.58
2024,10,Isaac Guerendo,RB,10.04,9.58,0.0,9.58,-0.46,9.58
2025,9,Olamide Zaccheaus,WR,8.43,8.23,17.8,-9.57,-0.2,9.57
2025,12,A.J. Brown,WR,15.73,15.44,25.0,-9.56,-0.29,9.56
2025,16,Kareem Hunt,RB,9.67,9.76,0.2,9.56,0.09,9.56
2025,9,C.J. Stroud,QB,13.62,13.92,4.36,9.56,0.3,9.56
2024,7,Aaron Jones,RB,11.33,11.05,20.6,-9.55,-0.28,9.55
2024,15,Jalen Hurts,QB,18.78,18.56,28.1,-9.54,-0.22,9.54
2025,3,Ashton Jeanty,RB,15.57,15.84,6.3,9.54,0.27,9.54
2025,5,DeVonta Smith,WR,10.06,9.87,19.4,-9.53,-0.19,9.53
2024,14,Adam Thielen,WR,8.91,9.67,19.2,-9.53,0.76,9.53
2025,17,Michael Pittman,WR,13.13,13.13,3.6,9.53,0.0,9.53
2025,4,Malik Nabers,WR,13.04,13.52,4.0,9.52,0.48,9.52
2025,8,Jaylen Waddle,WR,10.83,11.4,20.9,-9.5,0.57,9.5
2024,4,Mike Evans,WR,13.71,13.9,23.4,-9.5,0.19,9.5
2025,6,Emeka Egbuka,WR,14.19,13.9,4.4,9.5,-0.29,9.5
2025,18,Michael Wilson,WR,10.92,11.4,20.9,-9.5,0.48,9.5
2025,3,Juwan Johnson,TE,18.78,20.59,11.1,9.49,1.81,9.49
2025,6,Kenneth Walker III,RB,14.28,14.18,4.7,9.48,-0.1,9.48
2025,3,Hunter Renfrow,WR,12.17,12.08,2.6,9.48,-0.09,9.48
2025,5,Juwan Johnson,TE,12.61,13.18,3.7,9.48,0.57,9.48
2025,11,Jaxon Smith-Njigba,WR,11.21,11.12,20.6,-9.48,-0.09,9.48
2024,9,Isaiah Likely,TE,10.04,9.47,0.0,9.47,-0.57,9.47
2024,18,Jaxon Smith-Njigba,WR,14.96,14.77,5.3,9.47,-0.19,9.47
2024,14,Chase Brown,RB,15.38,14.83,24.3,-9.47,-0.55,9.47
2024,11,Tucker Kraft,TE,9.47,9.47,0.0,9.47,0.0,9.47
2025,18,Colby Parkinson,TE,11.37,10.14,19.6,-9.46,-1.23,9.46
2025,18,George Kittle,TE,17.55,17.36,7.9,9.46,-0.19,9.46
2025,15,Jahmyr Gibbs,RB,20.63,19.25,9.8,9.45,-1.38,9.45
2025,3,Christian McCaffrey,RB,14.55,14.55,24.0,-9.45,0.0,9.45
2024,11,Tyreek Hill,WR,9.87,9.67,19.1,-9.43,-0.2,9.43
2025,14,Rashid Shaheed,WR,7.46,7.27,16.7,-9.43,-0.19,9.43
2024,10,Rachaad White,RB,9.58,9.58,19.0,-9.42,0.0,9.42
2025,17,Tetairoa McMillan,WR,10.54,10.92,1.5,9.42,0.38,9.42
2024,6,Dontayvion Wicks,WR,11.21,11.31,1.9,9.41,0.1,9.41
2024,5,Rashid Shaheed,WR,9.0,9.19,18.6,-9.41,0.19,9.41
2024,9,Devin Singletary,RB,12.62,12.71,3.3,9.41,0.09,9.41
2025,8,Bijan Robinson,RB,15.57,15.2,5.8,9.4,-0.37,9.4
2024,8,Joe Mixon,RB,14.18,14.0,23.4,-9.4,-0.18,9.4
2024,15,Sam LaPorta,TE,9.38,8.71,18.1,-9.39,-0.67,9.39
2024,13,George Kittle,TE,11.09,11.09,1.7,9.39,0.0,9.39
2024,6,Mike Evans,WR,14.96,14.77,5.4,9.37,-0.19,9.37
2024,9,Rico Dowdle,RB,12.43,12.34,21.7,-9.36,-0.09,9.36
2025,14,DJ Moore,WR,9.77,9.96,0.6,9.36,0.19,9.36
2024,13,Jonnu Smith,TE,11.85,11.94,21.3,-9.36,0.09,9.36
2024,14,George Kittle,TE,11.75,11.75,21.1,-9.35,0.0,9.35
2025,15,D'Andre Swift,RB,13.26,13.26,22.6,-9.34,0.0,9.34
2025,12,Alec Pierce,WR,13.04,12.94,3.6,9.34,-0.1,9.34
2024,10,Breece Hall,RB,21.83,21.64,12.3,9.34,-0.19,9.34
2024,13,Mark Andrews,TE,10.14,9.57,18.9,-9.33,-0.57,9.33
2024,18,Amon-Ra St. Brown,WR,24.67,23.03,13.7,9.33,-1.64,9.33
2024,12,Jalen Hurts,QB,25.12,24.38,15.06,9.32,-0.74,9.32
2024,6,Keenan Allen,WR,11.69,11.79,21.1,-9.31,0.1,9.31
2024,18,Tee Higgins,WR,19.09,18.61,9.3,9.31,-0.48,9.31
2024,6,Tucker Kraft,TE,12.99,12.8,3.5,9.3,-0.19,9.3
2024,5,Isaiah Likely,TE,7.57,7.0,16.3,-9.3,-0.57,9.3
2024,7,Mark Andrews,TE,11.47,10.8,20.1,-9.3,-0.67,9.3
2024,11,Kendrick Bourne,WR,8.33,8.71,18.0,-9.29,0.38,9.29
2024,17,C.J. Stroud,QB,15.24,15.39,6.1,9.29,0.15,9.29
2024,6,Kenneth Walker III,RB,11.7,11.61,20.9,-9.29,-0.09,9.29
2025,5,Alvin Kamara,RB,18.61,18.79,9.5,9.29,0.18,9.29
2024,12,Nico Collins,WR,11.12,10.92,20.2,-9.28,-0.2,9.28
2025,11,Khalil Shakir,WR,10.25,9.96,0.7,9.26,-0.29,9.26
2025,11,Travis Etienne,RB,9.86,10.04,19.3,-9.26,0.18,9.26
2024,10,Rashod Bateman,WR,8.43,8.14,17.4,-9.26,-0.29,9.26
2025,3,Jake Ferguson,TE,12.51,11.94,21.2,-9.26,-0.57,9.26
2025,5,Travis Kelce,TE,10.14,9.85,19.1,-9.25,-0.29,9.25
2024,5,Rhamondre Stevenson,RB,9.76,9.95,19.2,-9.25,0.19,9.25
2025,6,Amon-Ra St. Brown,WR,22.84,22.94,13.7,9.24,0.1,9.24
2025,18,Kenny Gainwell,RB,11.97,12.16,21.4,-9.24,0.19,9.24
2024,10,Bucky Irving,RB,8.47,8.47,17.7,-9.23,0.0,9.23
2025,18,Courtland Sutton,WR,11.12,10.73,1.5,9.23,-0.39,9.23
2024,18,Geno Smith,QB,17.31,17.09,26.32,-9.23,-0.22,9.23
2024,5,Breece Hall,RB,15.75,15.93,6.7,9.23,0.18,9.23
2025,8,Jonathan Taylor,RB,28.74,28.18,37.4,-9.22,-0.56,9.22
2024,18,Michael Penix Jr.,QB,16.42,15.76,24.98,-9.22,-0.66,9.22
2025,7,Nico Collins,WR,15.44,15.92,6.7,9.22,0.48,9.22
2024,16,George Kittle,TE,9.47,9.38,18.6,-9.22,-0.09,9.22
2024,14,James Conner,RB,13.08,12.99,22.2,-9.21,-0.09,9.21
2025,3,Chase Brown,RB,15.01,15.2,6.0,9.2,0.19,9.2
2024,3,Trey McBride,TE,15.27,14.7,5.5,9.2,-0.57,9.2
2025,8,Ladd McConkey,WR,11.79,11.6,20.8,-9.2,-0.19,9.2
2025,3,Jerry Jeudy,WR,12.46,11.89,2.7,9.19,-0.57,9.19
2025,14,Travis Kelce,TE,11.09,10.99,1.8,9.19,-0.1,9.19
2025,6,Deebo Samuel Sr.,WR,13.81,14.58,5.4,9.18,0.77,9.18
2024,17,Jonathan Taylor,RB,18.61,18.42,27.6,-9.18,-0.19,9.18
2025,7,Mac Jones,QB,14.51,14.36,5.18,9.18,-0.15,9.18
2024,7,Austin Ekeler,RB,13.82,13.17,4.0,9.17,-0.65,9.17
2025,15,Jared Goff,QB,16.64,16.35,25.52,-9.17,-0.29,9.17
2025,17,Jaylen Waddle,WR,10.06,9.87,0.7,9.17,-0.19,9.17
2024,3,Joe Burrow,QB,16.72,16.2,25.36,-9.16,-0.52,9.16
2025,13,CeeDee Lamb,WR,15.54,15.06,24.2,-9.14,-0.48,9.14
2025,14,Jerry Jeudy,WR,7.27,7.46,16.6,-9.14,0.19,9.14
2024,17,Jayden Reed,WR,11.02,10.73,1.6,9.13,-0.29,9.13
2024,11,Sam Darnold,QB,14.51,14.51,23.64,-9.13,0.0,9.13
2025,9,Mark Andrews,TE,7.95,7.48,16.6,-9.12,-0.47,9.12
2024,14,Garrett Wilson,WR,8.91,9.29,18.4,-9.11,0.38,9.11
2025,4,Tyler Warren,TE,9.19,9.19,18.3,-9.11,0.0,9.11
2025,16,David Montgomery,RB,10.59,10.5,1.4,9.1,-0.09,9.1
2024,5,Mike Evans,WR,14.0,14.1,23.2,-9.1,0.1,9.1
2024,11,Tony Pollard,RB,13.82,14.0,4.9,9.1,0.18,9.1
2024,14,Ray-Ray McCloud,WR,8.71,9.0,18.1,-9.1,0.29,9.1
2024,6,Dallas Goedert,TE,9.47,9.09,0.0,9.09,-0.38,9.09
2025,10,Breece Hall,RB,10.13,10.41,19.5,-9.09,0.28,9.09
2024,6,Romeo Doubs,WR,10.73,10.83,19.9,-9.07,0.1,9.07
2024,12,Josh Downs,WR,14.77,14.77,5.7,9.07,0.0,9.07
2025,17,Michael Wilson,WR,10.92,10.83,19.9,-9.07,-0.09,9.07
2025,3,Keenan Allen,WR,10.54,10.44,19.5,-9.06,-0.1,9.06
2024,8,Brock Purdy,QB,17.46,16.94,26.0,-9.06,-0.52,9.06
2024,4,Xavier Legette,WR,10.54,10.54,19.6,-9.06,0.0,9.06
2025,4,Ricky Pearsall,WR,18.04,17.65,8.6,9.05,-0.39,9.05
2024,11,Jaxon Smith-Njigba,WR,12.75,12.75,21.8,-9.05,0.0,9.05
2025,5,David Njoku,TE,9.76,9.66,18.7,-9.04,-0.1,9.04
2025,4,Cedric Tillman,WR,11.21,10.64,1.6,9.04,-0.57,9.04
2025,3,Jonathan Taylor,RB,23.95,23.76,32.8,-9.04,-0.19,9.04
2025,12,Kyren Williams,RB,15.01,14.83,5.8,9.03,-0.18,9.03
2024,5,Xavier Legette,WR,10.44,10.83,1.8,9.03,0.39,9.03
2024,17,Caleb Williams,QB,15.39,15.61,6.58,9.03,0.22,9.03
2024,6,Bucky Irving,RB,9.49,9.49,18.5,-9.01,0.0,9.01
2025,12,Rashid Shaheed,WR,9.77,9.48,0.5,8.98,-0.29,8.98
2025,18,Kyren Williams,RB,20.54,20.08,11.1,8.98,-0.46,8.98
2025,10,Jauan Jennings,WR,8.14,8.14,17.1,-8.96,0.0,8.96
2024,10,Bijan Robinson,RB,20.82,20.45,29.4,-8.95,-0.37,8.95
2024,18,Jaylen Warren,RB,11.14,11.05,2.1,8.95,-0.09,8.95
2024,10,Courtland Sutton,WR,9.58,10.06,19.0,-8.94,0.48,8.94
2024,16,Jerry Jeudy,WR,12.46,12.94,4.0,8.94,0.48,8.94
2025,13,Sean Tucker,RB,9.03,8.93,0.0,8.93,-0.1,8.93
2024,13,Isiah Pacheco,RB,15.29,14.83,5.9,8.93,-0.46,8.93
2024,6,Tank Dell,WR,9.77,9.77,18.7,-8.93,0.0,8.93
2025,16,Amon-Ra St. Brown,WR,19.48,18.32,9.4,8.92,-1.16,8.92
2025,9,Tua Tagovailoa,QB,17.23,17.46,8.54,8.92,0.23,8.92
2025,10,Justin Jefferson,WR,16.69,16.59,7.7,8.89,-0.1,8.89
2025,14,James Cook,RB,20.82,19.99,11.1,8.89,-0.83,8.89
2024,9,De'Von Achane,RB,23.03,23.21,32.1,-8.89,0.18,8.89
2025,6,Saquon Barkley,RB,17.68,17.59,8.7,8.89,-0.09,8.89
2024,7,Jordan Mason,RB,18.14,17.78,8.9,8.88,-0.36,8.88
2024,12,Aaron Jones,RB,11.05,11.05,19.9,-8.85,0.0,8.85
2025,11,David Montgomery,RB,13.54,13.54,4.7,8.84,0.0,8.84
2025,17,Parker Washington,WR,10.44,10.16,19.0,-8.84,-0.28,8.84
2024,4,CeeDee Lamb,WR,15.25,14.77,23.6,-8.83,-0.48,8.83
2024,4,Devin Singletary,RB,13.54,13.63,4.8,8.83,0.09,8.83
2024,3,C.J. Stroud,QB,18.93,18.63,9.8,8.83,-0.3,8.83
2024,14,D'Andre Swift,RB,13.54,13.82,5.0,8.82,0.28,8.82
2025,11,Matthew Stafford,QB,22.69,22.02,13.2,8.82,-0.67,8.82
2024,12,Justin Jefferson,WR,13.52,13.52,4.7,8.82,0.0,8.82
2024,7,Andrei Iosivas,WR,8.91,8.81,0.0,8.81,-0.1,8.81
2025,8,Carson Wentz,QB,16.35,16.57,7.76,8.81,0.22,8.81
2024,17,Hunter Henry,TE,8.33,8.81,0.0,8.81,0.48,8.81
2025,4,A.J. Brown,WR,11.69,11.5,2.7,8.8,-0.19,8.8
2025,6,James Cook,RB,17.68,17.5,8.7,8.8,-0.18,8.8
2025,11,Mark Andrews,TE,6.91,6.91,15.7,-8.79,0.0,8.79
2024,9,Jonathan Taylor,RB,17.5,17.68,8.9,8.78,0.18,8.78
2025,6,Stefon Diggs,WR,14.58,14.58,5.8,8.78,0.0,8.78
2024,9,A.J. Brown,WR,14.77,14.38,5.6,8.78,-0.39,8.78
2025,7,Nick Chubb,RB,10.68,10.87,2.1,8.77,0.19,8.77
2024,3,Elijah Moore,WR,12.56,12.46,3.7,8.76,-0.1,8.76
2024,3,Khalil Shakir,WR,10.73,10.44,19.2,-8.76,-0.29,8.76
2024,6,Javonte Williams,RB,12.25,13.36,4.6,8.76,1.11,8.76
2024,13,Kareem Hunt,RB,12.43,12.25,3.5,8.75,-0.18,8.75
2025,17,DJ Moore,WR,10.64,10.44,1.7,8.74,-0.2,8.74
2024,14,Tua Tagovailoa,QB,15.1,14.8,23.54,-8.74,-0.3,8.74
2025,8,Kareem Hunt,RB,8.47,8.47,17.2,-8.73,0.0,8.73
2024,18,Brian Robinson,RB,11.61,11.33,2.6,8.73,-0.28,8.73
2024,7,Lamar Jackson,QB,26.74,25.71,34.44,-8.73,-1.03,8.73
2024,16,Jahmyr Gibbs,RB,17.04,16.67,25.4,-8.73,-0.37,8.73
2024,6,Tre Tucker,WR,8.23,8.71,0.0,8.71,0.48,8.71
2025,15,Alec Pierce,WR,10.35,11.31,2.6,8.71,0.96,8.71
2025,3,Justin Jefferson,WR,21.21,21.21,12.5,8.71,0.0,8.71
2025,9,Davante Adams,WR,14.77,14.29,23.0,-8.71,-0.48,8.71
2024,7,Devin Singletary,RB,11.61,11.79,3.1,8.69,0.18,8.69
2024,17,George Kittle,TE,10.71,10.52,19.2,-8.68,-0.19,8.68
2025,16,Rhamondre Stevenson,RB,9.12,9.12,17.8,-8.68,0.0,8.68
2024,7,Hunter Henry,TE,8.62,8.52,17.2,-8.68,-0.1,8.68
2025,16,Jacoby Brissett,QB,19.37,19.3,10.62,8.68,-0.07,8.68
2024,17,Justin Herbert,QB,15.98,15.76,24.44,-8.68,-0.22,8.68
2025,10,Dillon Gabriel,QB,11.19,11.41,20.08,-8.67,0.22,8.67
2024,4,James Cook,RB,14.55,14.46,5.8,8.66,-0.09,8.66
2024,8,Rashod Bateman,WR,12.37,12.46,3.8,8.66,0.09,8.66
2025,5,Dalton Kincaid,TE,8.81,8.14,16.8,-8.66,-0.67,8.66
2025,15,Justin Jefferson,WR,12.94,12.85,4.2,8.65,-0.09,8.65
2025,12,Stefon Diggs,WR,13.23,12.65,4.0,8.65,-0.58,8.65
2024,4,Kyler Murray,QB,19.22,18.63,9.98,8.65,-0.59,8.65
2024,10,Jayden Daniels,QB,17.31,17.23,8.58,8.65,-0.08,8.65
2025,10,Dalton Schultz,TE,8.9,9.66,18.3,-8.64,0.76,8.64
2024,6,Justice Hill,RB,10.41,10.04,1.4,8.64,-0.37,8.64
2025,17,D'Andre Swift,RB,13.36,13.26,21.9,-8.64,-0.1,8.64
2024,9,Jakobi Meyers,WR,9.48,9.87,18.5,-8.63,0.39,8.63
2024,7,Tyreek Hill,WR,10.83,10.92,2.3,8.62,0.09,8.62
2024,4,Kyle Pitts,TE,8.62,8.62,0.0,8.62,0.0,8.62
2024,3,Mark Andrews,TE,9.19,8.62,0.0,8.62,-0.57,8.62
2025,9,Michael Pittman,WR,12.27,11.89,20.5,-8.61,-0.38,8.61
2024,7,Zach Charbonnet,RB,10.59,10.5,1.9,8.6,-0.09,8.6
2024,13,Brian Robinson,RB,9.3,9.3,17.9,-8.6,0.0,8.6
2024,6,Jameson Williams,WR,9.58,9.1,17.7,-8.6,-0.48,8.6
2025,13,Kyle Monangai,RB,10.22,10.41,19.0,-8.59,0.19,8.59
2024,17,Javonte Williams,RB,10.78,10.59,2.0,8.59,-0.19,8.59
2024,4,Tyreek Hill,WR,16.88,16.79,8.2,8.59,-0.09,8.59
2024,10,James Conner,RB,13.72,13.72,22.3,-8.58,0.0,8.58
2024,7,Kirk Cousins,QB,16.2,15.76,7.18,8.58,-0.44,8.58
2025,5,Kareem Hunt,RB,10.13,10.13,18.7,-8.57,0.0,8.57
2025,16,Kimani Vidal,RB,9.76,9.67,1.1,8.57,-0.09,8.57
2025,16,Trey McBride,TE,15.36,15.27,6.7,8.57,-0.09,8.57
2024,18,Jalen McMillan,WR,11.02,10.44,19.0,-8.56,-0.58,8.56
2025,11,Ladd McConkey,WR,12.94,12.85,4.3,8.55,-0.09,8.55
2025,6,Zach Ertz,TE,7.48,7.76,16.3,-8.54,0.28,8.54
2025,18,DJ Moore,WR,11.02,10.64,2.1,8.54,-0.38,8.54
2024,3,Drake London,WR,10.16,10.16,18.7,-8.54,0.0,8.54
2024,9,Jalen Hurts,QB,21.95,21.36,29.9,-8.54,-0.59,8.54
2024,11,Ladd McConkey,WR,9.96,9.77,18.3,-8.53,-0.19,8.53
2025,3,Caleb Williams,QB,20.77,20.62,29.12,-8.5,-0.15,8.5
2024,12,Rhamondre Stevenson,RB,11.7,11.79,3.3,8.49,0.09,8.49
2024,6,Josh Downs,WR,10.73,11.02,19.5,-8.48,0.29,8.48
2024,18,George Pickens,WR,9.67,9.48,1.0,8.48,-0.19,8.48
2024,5,Chase Brown,RB,8.01,7.92,16.4,-8.48,-0.09,8.48
2024,17,Patrick Mahomes,QB,17.68,17.53,26.0,-8.47,-0.15,8.47
2024,6,David Montgomery,RB,12.71,12.53,21.0,-8.47,-0.18,8.47
2024,3,Hunter Henry,TE,10.42,11.37,2.9,8.47,0.95,8.47
2025,10,Jaxson Dart,QB,17.53,17.82,26.28,-8.46,0.29,8.46
2024,6,Justin Fields,QB,14.95,15.24,23.7,-8.46,0.29,8.46
2025,13,Emanuel Wilson,RB,9.95,9.86,1.4,8.46,-0.09,8.46
2025,8,Tua Tagovailoa,QB,15.32,15.76,24.2,-8.44,0.44,8.44
2024,6,Alec Pierce,WR,8.23,8.43,0.0,8.43,0.2,8.43
2025,3,Tyler Higbee,TE,8.24,8.43,0.0,8.43,0.19,8.43
2025,12,Derrick Henry,RB,14.64,14.37,22.8,-8.43,-0.27,8.43
2025,9,Jacoby Brissett,QB,16.57,16.42,24.84,-8.42,-0.15,8.42
2025,3,Tetairoa McMillan,WR,16.21,16.21,7.8,8.41,0.0,8.41
2024,13,Tyreek Hill,WR,11.89,11.89,20.3,-8.41,0.0,8.41
2025,12,Rhamondre Stevenson,RB,10.59,10.41,2.0,8.41,-0.18,8.41
2024,4,Saquon Barkley,RB,22.01,22.01,13.6,8.41,0.0,8.41
2025,12,David Montgomery,RB,15.38,15.11,6.7,8.41,-0.27,8.41
2025,11,Dak Prescott,QB,16.28,15.91,24.32,-8.41,-0.37,8.41
2025,14,Quentin Johnston,WR,10.92,11.21,2.8,8.41,0.29,8.41
2024,4,Tony Pollard,RB,10.22,10.41,18.8,-8.39,0.19,8.39
2024,7,Davante Adams,WR,14.29,14.38,6.0,8.38,0.09,8.38
2024,17,Jaxon Smith-Njigba,WR,14.58,14.58,6.2,8.38,0.0,8.38
2025,11,Ashton Jeanty,RB,17.78,17.78,9.4,8.38,0.0,8.38
2025,12,Khalil Shakir,WR,8.81,8.62,17.0,-8.38,-0.19,8.38
2024,14,Will Levis,QB,15.24,15.39,7.02,8.37,0.15,8.37
2025,10,Olamide Zaccheaus,WR,10.06,9.87,1.5,8.37,-0.19,8.37
2024,6,Deshaun Watson,QB,16.06,16.79,8.42,8.37,0.73,8.37
2024,3,Jerry Jeudy,WR,17.17,17.07,8.7,8.37,-0.1,8.37
2025,4,Quentin Johnston,WR,15.83,15.44,23.8,-8.36,-0.39,8.36
2025,12,Tyrone Tracy Jr.,RB,7.37,7.65,16.0,-8.35,0.28,8.35
2024,8,Tyler Lockett,WR,10.16,10.25,1.9,8.35,0.09,8.35
2025,17,Sam Darnold,QB,14.65,14.43,6.08,8.35,-0.22,8.35
2025,10,Baker Mayfield,QB,14.88,14.58,22.92,-8.34,-0.3,8.34
2025,15,Ja'Marr Chase,WR,15.25,14.86,23.2,-8.34,-0.39,8.34
2024,18,Courtland Sutton,WR,12.94,12.46,20.8,-8.34,-0.48,8.34
2025,9,Sam Darnold,QB,19.0,18.86,27.2,-8.34,-0.14,8.34
2024,17,Breece Hall,RB,14.28,14.64,6.3,8.34,0.36,8.34
2024,10,Ray Davis,RB,8.93,8.93,0.6,8.33,0.0,8.33
2024,8,Derrick Henry,RB,23.3,23.03,14.7,8.33,-0.27,8.33
2024,9,Kyle Pitts,TE,11.47,10.42,2.1,8.32,-1.05,8.32
2025,18,RJ Harvey,RB,12.8,12.62,4.3,8.32,-0.18,8.32
2024,11,Justin Herbert,QB,16.28,16.06,24.38,-8.32,-0.22,8.32
2025,16,Quentin Johnston,WR,12.27,12.08,20.4,-8.32,-0.19,8.32
2025,13,Alec Pierce,WR,9.67,9.48,17.8,-8.32,-0.19,8.32
2024,3,Jake Ferguson,TE,7.38,7.19,15.5,-8.31,-0.19,8.31
2024,10,Sam LaPorta,TE,7.67,7.29,15.6,-8.31,-0.38,8.31
2024,4,Anthony Richardson,QB,13.33,13.55,5.24,8.31,0.22,8.31
2024,5,Brock Purdy,QB,22.32,21.36,13.06,8.3,-0.96,8.3
2025,15,Breece Hall,RB,14.46,14.0,5.7,8.3,-0.46,8.3
2024,8,Jakobi Meyers,WR,8.43,8.91,17.2,-8.29,0.48,8.29
2025,15,Bucky Irving,RB,16.67,16.39,8.1,8.29,-0.28,8.29
2025,14,Aaron Rodgers,QB,12.89,13.18,21.46,-8.28,0.29,8.28
2024,18,Josh Downs,WR,10.92,11.12,19.4,-8.28,0.2,8.28
2024,5,Dontayvion Wicks,WR,12.08,12.27,4.0,8.27,0.19,8.27
2025,13,D'Andre Swift,RB,12.16,12.53,20.8,-8.27,0.37,8.27
2024,12,Terry McLaurin,WR,13.52,12.94,21.2,-8.26,-0.58,8.26
2025,12,Jalen Hurts,QB,23.06,22.61,30.86,-8.25,-0.45,8.25
2024,18,Isaac Guerendo,RB,8.66,8.75,0.5,8.25,0.09,8.25
2024,11,Terry McLaurin,WR,10.25,10.25,2.0,8.25,0.0,8.25
2025,4,Kyle Pitts,TE,9.85,9.76,18.0,-8.24,-0.09,8.24
2025,7,Jacory Croskey-Merritt,RB,12.62,12.43,4.2,8.23,-0.19,8.23
2025,9,Tucker Kraft,TE,12.89,12.23,4.0,8.23,-0.66,8.23
2025,12,Dallas Goedert,TE,12.51,12.23,4.0,8.23,-0.28,8.23
2024,15,Javonte Williams,RB,12.71,12.53,4.3,8.23,-0.18,8.23
2024,16,Tim Patrick,WR,8.71,8.23,0.0,8.23,-0.48,8.23
2025,7,Jaylen Waddle,WR,10.06,10.73,2.5,8.23,0.67,8.23
2024,15,Nick Chubb,RB,10.13,10.32,2.1,8.22,0.19,8.22
2024,12,Christian Watson,WR,8.62,8.62,0.4,8.22,0.0,8.22
2025,13,Caleb Williams,QB,17.16,17.68,9.46,8.22,0.52,8.22
2024,3,Romeo Doubs,WR,11.4,11.02,2.8,8.22,-0.38,8.22
2024,14,Darnell Mooney,WR,11.6,11.98,20.2,-8.22,0.38,8.22
2024,7,Amon-Ra St. Brown,WR,17.36,16.98,25.2,-8.22,-0.38,8.22
2024,12,Cooper Kupp,WR,11.89,11.79,20.0,-8.21,-0.1,8.21
2024,13,Davante Adams,WR,9.19,9.39,17.6,-8.21,0.2,8.21
2025,4,Bijan Robinson,RB,19.99,19.89,28.1,-8.21,-0.1,8.21
2025,3,Trevor Lawrence,QB,15.98,15.98,7.78,8.2,0.0,8.2
2024,15,Tee Higgins,WR,11.98,11.6,19.8,-8.2,-0.38,8.2
2024,6,Brock Purdy,QB,16.42,15.91,24.1,-8.19,-0.51,8.19
2025,3,Tyler Allgeier,RB,9.58,9.58,1.4,8.18,0.0,8.18
2024,10,Marvin Harrison Jr.,WR,8.14,8.23,16.4,-8.17,0.09,8.17
2025,9,Jaxson Dart,QB,18.86,19.08,27.24,-8.16,0.22,8.16
2025,10,Brock Bowers,TE,10.8,11.85,3.7,8.15,1.05,8.15
2024,9,Jared Goff,QB,18.04,17.75,9.6,8.15,-0.29,8.15
2025,4,Patrick Mahomes,QB,19.22,19.15,27.3,-8.15,-0.07,8.15
2024,11,Diontae Johnson,WR,8.33,8.14,0.0,8.14,-0.19,8.14
2025,15,Kareem Hunt,RB,11.14,11.14,3.0,8.14,0.0,8.14
2024,11,Mike Gesicki,TE,8.14,8.14,0.0,8.14,0.0,8.14
2024,8,Devin Singletary,RB,12.25,12.43,4.3,8.13,0.18,8.13
2025,3,James Conner,RB,14.83,14.83,6.7,8.13,0.0,8.13
2024,6,Jordan Mason,RB,17.87,17.32,9.2,8.12,-0.55,8.12
2025,3,Rashod Bateman,WR,9.77,9.19,17.3,-8.11,-0.58,8.11
2024,9,Mark Andrews,TE,13.46,12.7,4.6,8.1,-0.76,8.1
2025,15,George Pickens,WR,14.38,14.38,6.3,8.08,0.0,8.08
2025,6,Jauan Jennings,WR,9.87,9.77,1.7,8.07,-0.1,8.07
2024,8,Jordan Addison,WR,12.94,12.27,4.2,8.07,-0.67,8.07
2025,12,Kenny Gainwell,RB,10.13,10.13,18.2,-8.07,0.0,8.07
2024,13,Christian McCaffrey,RB,18.14,16.76,8.7,8.06,-1.38,8.06
2025,16,Bijan Robinson,RB,22.2,21.74,29.8,-8.06,-0.46,8.06
2025,16,Travis Kelce,TE,9.38,9.66,1.6,8.06,0.28,8.06
2024,13,Will Dissly,TE,8.24,8.05,0.0,8.05,-0.19,8.05
2025,14,Dallas Goedert,TE,7.76,7.76,15.8,-8.04,0.0,8.04
2025,4,Derrick Henry,RB,15.93,15.84,7.8,8.04,-0.09,8.04
2025,5,Calvin Ridley,WR,9.48,10.06,18.1,-8.04,0.58,8.04
2024,5,Kyle Pitts,TE,7.95,7.76,15.8,-8.04,-0.19,8.04
2024,14,Demarcus Robinson,WR,8.04,8.04,0.0,8.04,0.0,8.04
2025,13,Rome Odunze,WR,10.44,10.83,2.8,8.03,0.39,8.03
2024,14,Nick Westbrook-Ikhine,WR,10.83,10.92,2.9,8.02,0.09,8.02
2024,7,Brock Bowers,TE,10.52,11.28,19.3,-8.02,0.76,8.02
2024,16,Patrick Mahomes,QB,15.76,15.69,23.7,-8.01,-0.07,8.01
2025,18,Jonathan Taylor,RB,13.36,13.91,5.9,8.01,0.55,8.01
2024,10,T.J. Hockenson,TE,7.48,7.19,15.2,-8.01,-0.29,8.01
2025,15,Brock Purdy,QB,18.86,18.19,26.2,-8.01,-0.67,8.01
2024,9,Dak Prescott,QB,20.55,20.33,12.32,8.01,-0.22,8.01
2025,10,Aaron Rodgers,QB,14.29,14.43,6.44,7.99,0.14,7.99
2025,9,Patrick Mahomes,QB,19.0,18.49,10.5,7.99,-0.51,7.99
2024,8,Tucker Kraft,TE,9.28,8.81,16.8,-7.99,-0.47,7.99
2025,10,Justin Fields,QB,14.43,14.95,6.96,7.99,0.52,7.99
2025,7,TreVeyon Henderson,RB,8.57,8.47,0.5,7.97,-0.1,7.97
2025,18,Ja'Marr Chase,WR,16.5,15.63,23.6,-7.97,-0.87,7.97
2025,16,Jared Goff,QB,19.45,18.49,26.46,-7.97,-0.96,7.97
2025,17,CeeDee Lamb,WR,18.61,17.56,9.6,7.96,-1.05,7.96
2025,4,Amon-Ra St. Brown,WR,17.75,18.04,26.0,-7.96,0.29,7.96
2025,6,Raheem Mostert,RB,7.55,7.55,-0.4,7.95,0.0,7.95
2025,13,Christian Watson,WR,10.44,10.35,18.3,-7.95,-0.09,7.95
2024,3,Chris Olave,WR,13.13,12.65,20.6,-7.95,-0.48,7.95
2025,12,Bryce Young,QB,15.91,16.2,8.26,7.94,0.29,7.94
2024,5,Jerome Ford,RB,15.66,15.84,7.9,7.94,0.18,7.94
2025,16,Jauan Jennings,WR,10.35,10.16,18.1,-7.94,-0.19,7.94
2025,9,Zach Charbonnet,RB,13.63,13.54,5.6,7.94,-0.09,7.94
2024,3,Lamar Jackson,QB,18.49,18.04,25.98,-7.94,-0.45,7.94
2024,17,Garrett Wilson,WR,9.19,9.67,17.6,-7.93,0.48,7.93
2024,8,Javonte Williams,RB,17.68,17.13,9.2,7.93,-0.55,7.93
2025,12,Alvin Kamara,RB,11.33,11.42,3.5,7.92,0.09,7.92
2024,17,Joe Mixon,RB,13.72,13.82,5.9,7.92,0.1,7.92
2024,14,Ray Davis,RB,8.01,7.92,0.0,7.92,-0.09,7.92
2024,17,Jared Goff,QB,18.49,17.9,25.82,-7.92,-0.59,7.92
2024,9,Kyren Williams,RB,18.51,18.42,10.5,7.92,-0.09,7.92
2025,12,Dak Prescott,QB,19.0,19.15,27.06,-7.91,0.15,7.91
2024,15,Chris Rodriguez Jr.,RB,8.2,8.11,0.2,7.91,-0.09,7.91
2024,17,Lamar Jackson,QB,22.17,21.51,29.42,-7.91,-0.66,7.91
2024,3,Jordan Mason,RB,19.34,18.7,10.8,7.9,-0.64,7.9
2024,7,Amari Cooper,WR,8.91,8.71,16.6,-7.89,-0.2,7.89
2025,9,Jameson Williams,WR,8.62,8.71,16.6,-7.89,0.09,7.89
2025,6,J.K. Dobbins,RB,12.34,11.88,4.0,7.88,-0.46,7.88
2025,15,Tony Pollard,RB,10.04,10.32,18.2,-7.88,0.28,7.88
2025,4,Chig Okonkwo,TE,8.24,9.28,1.4,7.88,1.04,7.88
2024,15,Caleb Williams,QB,17.23,17.82,9.94,7.88,0.59,7.88
2024,9,DeVonta Smith,WR,11.12,10.83,18.7,-7.87,-0.29,7.87
2025,17,Blake Corum,RB,9.76,9.67,1.8,7.87,-0.09,7.87
2024,14,Kyren Williams,RB,15.84,15.84,23.7,-7.86,0.0,7.86
2024,11,Raheem Mostert,RB,7.74,7.65,-0.2,7.85,-0.09,7.85
2024,4,Calvin Ridley,WR,9.58,10.35,2.5,7.85,0.77,7.85
2025,8,Jalen Nailor,WR,7.85,7.85,0.0,7.85,0.0,7.85
2025,7,Jalen Hurts,QB,16.35,16.2,24.04,-7.84,-0.15,7.84
2024,11,Derrick Henry,RB,18.42,18.33,10.5,7.83,-0.09,7.83
2024,5,Chris Olave,WR,10.54,10.83,3.0,7.83,0.29,7.83
2025,7,Alvin Kamara,RB,12.43,13.72,5.9,7.82,1.29,7.82
2024,10,Brian Thomas Jr.,WR,10.54,11.02,3.2,7.82,0.48,7.82
2025,10,Troy Franklin,WR,7.37,7.18,15.0,-7.82,-0.19,7.82
2024,5,Zach Charbonnet,RB,14.0,13.82,6.0,7.82,-0.18,7.82
2025,3,Saquon Barkley,RB,17.41,17.32,9.5,7.82,-0.09,7.82
2025,16,Josh Jacobs,RB,12.62,12.62,4.8,7.82,0.0,7.82
2024,11,Garrett Wilson,WR,13.71,13.62,5.8,7.82,-0.09,7.82
2024,3,Javonte Williams,RB,13.17,13.91,6.1,7.81,0.74,7.81
2024,3,Zack Moss,RB,12.99,12.89,20.7,-7.81,-0.1,7.81
2025,4,Justin Herbert,QB,20.7,20.33,12.52,7.81,-0.37,7.81
2025,8,Tetairoa McMillan,WR,8.91,9.1,16.9,-7.8,0.19,7.8
2025,9,Keenan Allen,WR,14.29,13.9,6.1,7.8,-0.39,7.8
2024,3,Mike Evans,WR,12.17,11.5,3.7,7.8,-0.67,7.8
2024,9,Jordan Love,QB,18.63,18.71,10.92,7.79,0.08,7.79
2024,17,Sam LaPorta,TE,11.28,10.61,18.4,-7.79,-0.67,7.79
2025,14,Baker Mayfield,QB,19.22,18.86,11.08,7.78,-0.36,7.78
2025,9,Kimani Vidal,RB,10.87,10.78,3.0,7.78,-0.09,7.78
2025,15,Tetairoa McMillan,WR,12.27,12.27,4.5,7.77,0.0,7.77
2025,14,Breece Hall,RB,11.88,12.07,4.3,7.77,0.19,7.77
2025,5,Zach Ertz,TE,7.76,7.76,0.0,7.76,0.0,7.76
2025,11,Davante Adams,WR,15.25,14.86,7.1,7.76,-0.39,7.76
2024,11,Joe Burrow,QB,21.44,21.29,29.04,-7.75,-0.15,7.75
2024,4,Keenan Allen,WR,12.75,12.65,4.9,7.75,-0.1,7.75
2024,14,Tyler Lockett,WR,7.56,7.75,0.0,7.75,0.19,7.75
2024,4,Rashid Shaheed,WR,9.77,9.96,17.7,-7.74,0.19,7.74
2025,7,Kenny Gainwell,RB,11.97,11.24,3.5,7.74,-0.73,7.74
2024,7,Xavier Legette,WR,10.44,10.64,2.9,7.74,0.2,7.74
2025,11,Dallas Goedert,TE,12.42,12.13,4.4,7.73,-0.29,7.73
2024,15,Alexander Mattison,RB,9.86,10.13,2.4,7.73,0.27,7.73
2025,3,Dylan Sampson,RB,7.92,7.92,0.2,7.72,0.0,7.72
2025,10,Chuba Hubbard,RB,10.22,10.22,2.5,7.72,0.0,7.72
2025,13,Courtland Sutton,WR,9.67,9.48,17.2,-7.72,-0.19,7.72
2024,9,Darnell Mooney,WR,12.85,12.08,19.8,-7.72,-0.77,7.72
2025,5,Geno Smith,QB,13.4,13.62,5.92,7.7,0.22,7.7
2024,11,Chase Brown,RB,11.7,11.61,19.3,-7.69,-0.09,7.69
2024,9,Caleb Williams,QB,16.72,16.87,9.18,7.69,0.15,7.69
2025,13,Khalil Shakir,WR,9.39,9.19,1.5,7.69,-0.2,7.69
2025,12,Tyler Shough,QB,15.47,15.61,7.92,7.69,0.14,7.69
2025,8,Michael Pittman,WR,16.59,15.83,23.5,-7.67,-0.76,7.67
2024,9,Michael Pittman,WR,9.87,10.06,2.4,7.66,0.19,7.66
2024,7,Michael Wilson,WR,10.06,10.16,2.5,7.66,0.1,7.66
2025,14,Emanuel Wilson,RB,8.75,8.66,1.0,7.66,-0.09,7.66
2024,16,Brian Robinson,RB,9.67,9.76,2.1,7.66,0.09,7.66
2025,3,T.J. Hockenson,TE,8.24,8.24,15.9,-7.66,0.0,7.66
2024,13,Roschon Johnson,RB,7.55,7.65,0.0,7.65,0.1,7.65
2024,11,Austin Ekeler,RB,9.95,9.95,17.6,-7.65,0.0,7.65
2024,6,DK Metcalf,WR,15.54,15.44,7.8,7.64,-0.1,7.64
2025,17,Ja'Marr Chase,WR,18.52,17.36,25.0,-7.64,-1.16,7.64
2025,16,Hunter Henry,TE,7.86,7.86,15.5,-7.64,0.0,7.64
2025,16,Bucky Irving,RB,14.74,14.74,7.1,7.64,0.0,7.64
2025,7,Matthew Stafford,QB,19.96,19.74,27.38,-7.64,-0.22,7.64
2025,18,Christian McCaffrey,RB,19.53,19.34,11.7,7.64,-0.19,7.64
2024,15,Tyreek Hill,WR,13.13,13.23,5.6,7.63,0.1,7.63
2025,9,Javonte Williams,RB,15.2,14.92,7.3,7.62,-0.28,7.62
2024,3,D'Andre Swift,RB,13.63,13.82,6.2,7.62,0.19,7.62
2024,17,Jayden Daniels,QB,24.68,24.16,31.78,-7.62,-0.52,7.62
2024,17,Cooper Rush,QB,12.96,13.7,6.08,7.62,0.74,7.62
2024,3,Baker Mayfield,QB,16.28,16.13,8.52,7.61,-0.15,7.61
2025,7,Patrick Mahomes,QB,19.45,18.63,26.24,-7.61,-0.82,7.61
2024,18,Jonnu Smith,TE,10.8,10.99,18.6,-7.61,0.19,7.61
2025,15,Kenneth Walker III,RB,10.78,10.5,2.9,7.6,-0.28,7.6
2024,17,Cooper Kupp,WR,11.98,11.5,3.9,7.6,-0.48,7.6
2024,8,Breece Hall,RB,17.78,17.5,9.9,7.6,-0.28,7.6
2024,12,George Kittle,TE,12.04,12.61,20.2,-7.59,0.57,7.59
2024,9,Zach Ertz,TE,9.09,9.09,1.5,7.59,0.0,7.59
2024,11,Jaleel McLaughlin,RB,9.58,9.49,1.9,7.59,-0.09,7.59
2025,5,Jake Browning,QB,11.34,11.56,19.14,-7.58,0.22,7.58
2024,15,Najee Harris,RB,10.5,10.68,3.1,7.58,0.18,7.58
2025,10,Tyler Shough,QB,10.9,11.41,18.98,-7.57,0.51,7.57
2025,14,Devin Neal,RB,7.65,7.83,15.4,-7.57,0.18,7.57
2024,3,Josh Jacobs,RB,13.17,13.36,5.8,7.56,0.19,7.56
2025,10,Xavier Legette,WR,7.66,7.56,0.0,7.56,-0.1,7.56
2025,14,Romeo Doubs,WR,7.75,7.56,0.0,7.56,-0.19,7.56
2024,17,Puka Nacua,WR,16.11,15.34,22.9,-7.56,-0.77,7.56
2024,8,De'Von Achane,RB,34.17,34.26,26.7,7.56,0.09,7.56
2025,6,Davante Adams,WR,15.83,15.44,7.9,7.54,-0.39,7.54
2024,8,DJ Moore,WR,13.04,12.94,5.4,7.54,-0.1,7.54
2025,12,Josh Downs,WR,10.54,10.54,3.0,7.54,0.0,7.54
2024,11,David Njoku,TE,11.56,11.56,19.1,-7.54,0.0,7.54
2025,18,Parker Washington,WR,13.04,12.17,19.7,-7.53,-0.87,7.53
2024,13,Quentin Johnston,WR,10.92,10.73,3.2,7.53,-0.19,7.53
2024,13,Tank Dell,WR,10.92,10.83,3.3,7.53,-0.09,7.53
2024,16,Jared Goff,QB,18.34,17.82,25.34,-7.52,-0.52,7.52
2024,3,Trevor Lawrence,QB,16.87,16.94,9.42,7.52,0.07,7.52
2024,10,D'Andre Swift,RB,14.92,15.01,7.5,7.51,0.09,7.51
2025,7,Saquon Barkley,RB,12.8,12.71,5.2,7.51,-0.09,7.51
2024,10,Austin Ekeler,RB,10.68,10.59,18.1,-7.51,-0.09,7.51
2024,8,Amari Cooper,WR,8.91,8.81,1.3,7.51,-0.1,7.51
2025,9,Chuba Hubbard,RB,8.75,9.21,1.7,7.51,0.46,7.51
2024,16,Jalen McMillan,WR,9.48,9.19,16.7,-7.51,-0.29,7.51
2025,10,Jalen Hurts,QB,19.37,19.52,12.02,7.5,0.15,7.5
2025,18,Rico Dowdle,RB,10.41,10.5,3.0,7.5,0.09,7.5
2025,6,Jameson Williams,WR,11.21,11.12,18.6,-7.48,-0.09,7.48
2024,4,Jameson Williams,WR,8.43,8.52,16.0,-7.48,0.09,7.48
2025,15,Kyle Monangai,RB,10.78,10.78,3.3,7.48,0.0,7.48
2025,17,Trey McBride,TE,16.31,16.12,23.6,-7.48,-0.19,7.48
2024,16,Zach Charbonnet,RB,10.68,10.78,3.3,7.48,0.1,7.48
2024,10,Caleb Williams,QB,13.77,13.77,6.3,7.47,0.0,7.47
2024,17,Rashod Bateman,WR,9.87,9.67,2.2,7.47,-0.2,7.47
2024,15,Jauan Jennings,WR,12.94,12.56,5.1,7.46,-0.38,7.46
2025,18,Troy Franklin,WR,7.75,7.46,0.0,7.46,-0.29,7.46
2024,14,Amari Cooper,WR,7.85,8.04,15.5,-7.46,0.19,7.46
2025,3,Brock Bowers,TE,16.79,17.26,9.8,7.46,0.47,7.46
2025,8,Justice Hill,RB,7.74,7.65,0.2,7.45,-0.09,7.45
2024,8,Kyler Murray,QB,14.65,14.73,22.18,-7.45,0.08,7.45
2025,15,Michael Pittman,WR,11.89,13.04,5.6,7.44,1.15,7.44
2024,10,Jared Goff,QB,15.61,15.24,7.8,7.44,-0.37,7.44
2025,16,James Cook,RB,19.25,18.97,26.4,-7.43,-0.28,7.43
2024,11,Travis Kelce,TE,10.14,10.23,2.8,7.43,0.09,7.43
2025,4,Rhamondre Stevenson,RB,12.62,12.53,5.1,7.43,-0.09,7.43
2025,6,Drake Maye,QB,20.11,19.81,27.24,-7.43,-0.3,7.43
2025,13,Rashee Rice,WR,23.03,21.98,29.4,-7.42,-1.05,7.42
2024,10,Baker Mayfield,QB,16.28,16.35,8.94,7.41,0.07,7.41
2025,15,Derrick Henry,RB,17.68,17.41,10.0,7.41,-0.27,7.41
2024,3,Isaiah Likely,TE,9.28,8.81,1.4,7.41,-0.47,7.41
2024,6,Elijah Moore,WR,8.23,8.71,1.3,7.41,0.48,7.41
2025,11,Derrick Henry,RB,12.8,12.8,20.2,-7.4,0.0,7.4
2025,12,Rico Dowdle,RB,17.59,18.79,11.4,7.39,1.2,7.39
2025,18,Justin Jefferson,WR,11.12,11.02,18.4,-7.38,-0.1,7.38
2025,5,Baker Mayfield,QB,19.08,19.3,26.66,-7.36,0.22,7.36
2024,10,Hunter Henry,TE,8.62,9.76,2.4,7.36,1.14,7.36
2024,11,Jordan Addison,WR,7.75,7.75,15.1,-7.35,0.0,7.35
2024,14,Cooper Kupp,WR,12.94,12.85,20.2,-7.35,-0.09,7.35
2025,6,Javonte Williams,RB,15.93,15.75,8.4,7.35,-0.18,7.35
2024,3,Josh Allen,QB,24.24,23.57,30.92,-7.35,-0.67,7.35
2025,13,Stefon Diggs,WR,13.42,12.94,5.6,7.34,-0.48,7.34
2024,10,DeVonta Smith,WR,11.02,10.73,3.4,7.33,-0.29,7.33
2025,7,Kendrick Bourne,WR,10.92,10.73,3.4,7.33,-0.19,7.33
2025,10,Drake London,WR,17.27,17.07,24.4,-7.33,-0.2,7.33
2025,6,Cole Kmet,TE,8.33,8.33,1.0,7.33,0.0,7.33
2024,13,Isaiah Likely,TE,7.86,7.48,14.8,-7.32,-0.38,7.32
2025,4,David Njoku,TE,10.42,10.42,3.1,7.32,0.0,7.32
2025,9,Matthew Stafford,QB,20.26,19.52,26.84,-7.32,-0.74,7.32
2024,15,Jerry Jeudy,WR,13.9,14.48,21.8,-7.32,0.58,7.32
2024,12,J.K. Dobbins,RB,16.39,16.21,8.9,7.31,-0.18,7.31
2025,8,Rico Dowdle,RB,12.43,12.71,5.4,7.31,0.28,7.31
2024,11,Tyler Allgeier,RB,8.11,8.2,0.9,7.3,0.09,7.3
2024,5,Tommy Tremble,TE,6.62,7.0,-0.3,7.3,0.38,7.3
2025,15,Jauan Jennings,WR,11.98,11.4,18.7,-7.3,-0.58,7.3
2024,13,Kyle Pitts,TE,7.29,7.29,0.0,7.29,0.0,7.29
2024,8,Tyler Allgeier,RB,10.68,10.59,3.3,7.29,-0.09,7.29
2025,4,Marvin Harrison Jr.,WR,11.12,11.31,18.6,-7.29,0.19,7.29
2024,9,Chuba Hubbard,RB,13.82,13.91,21.2,-7.29,0.09,7.29
2024,9,Nick Chubb,RB,11.7,11.79,4.5,7.29,0.09,7.29
2025,9,Romeo Doubs,WR,9.1,8.81,16.1,-7.29,-0.29,7.29
2024,11,Jonathan Taylor,RB,14.0,14.28,7.0,7.28,0.28,7.28
2025,17,Ashton Jeanty,RB,16.58,16.58,9.3,7.28,0.0,7.28
2024,3,Stefon Diggs,WR,12.94,12.65,19.92,-7.27,-0.29,7.27
2024,10,Jaleel McLaughlin,RB,8.01,8.47,1.2,7.27,0.46,7.27
2025,9,Jordan Mason,RB,11.79,11.97,4.7,7.27,0.18,7.27
2025,12,Jalen Nailor,WR,6.98,7.27,0.0,7.27,0.29,7.27
2025,9,DK Metcalf,WR,9.87,9.87,2.6,7.27,0.0,7.27
2024,13,Sam LaPorta,TE,8.9,8.33,15.6,-7.27,-0.57,7.27
2025,14,Rashee Rice,WR,14.77,14.67,7.4,7.27,-0.1,7.27
2025,6,Zach Charbonnet,RB,11.97,11.97,4.7,7.27,0.0,7.27
2025,12,James Cook,RB,14.74,14.64,21.9,-7.26,-0.1,7.26
2024,7,Diontae Johnson,WR,9.96,9.96,2.7,7.26,0.0,7.26
2024,3,Jalen Hurts,QB,18.41,18.19,10.94,7.25,-0.22,7.25
2024,18,Joe Mixon,RB,10.87,11.05,3.8,7.25,0.18,7.25
2025,7,Dallas Goedert,TE,12.23,12.04,4.8,7.24,-0.19,7.24
2025,9,Josh Allen,QB,21.8,21.58,28.82,-7.24,-0.22,7.24
2024,3,Kyler Murray,QB,22.39,22.02,14.78,7.24,-0.37,7.24
2024,7,Romeo Doubs,WR,10.35,10.16,17.4,-7.24,-0.19,7.24
2025,17,Jaylen Warren,RB,13.63,13.63,6.4,7.23,0.0,7.23
2025,3,Jameson Williams,WR,13.71,13.52,6.3,7.22,-0.19,7.22
2025,8,Alvin Kamara,RB,13.45,13.72,6.5,7.22,0.27,7.22
2025,16,Dalton Schultz,TE,7.76,7.29,14.5,-7.21,-0.47,7.21
2024,17,Jerome Ford,RB,8.93,9.4,2.2,7.2,0.47,7.2
2025,4,Jakobi Meyers,WR,14.0,14.19,7.0,7.19,0.19,7.19
2025,14,Tyler Shough,QB,13.48,14.07,21.26,-7.19,0.59,7.19
2025,8,Adam Thielen,WR,7.08,7.18,0.0,7.18,0.1,7.18
2024,14,Amon-Ra St. Brown,WR,18.13,17.46,10.3,7.16,-0.67,7.16
2025,9,Josh Downs,WR,10.83,10.54,17.7,-7.16,-0.29,7.16
2025,4,Garrett Wilson,WR,13.13,13.04,20.2,-7.16,-0.09,7.16
2025,12,Jordan Love,QB,14.29,14.21,7.06,7.15,-0.08,7.15
2024,15,David Montgomery,RB,15.01,14.64,7.5,7.14,-0.37,7.14
2025,17,Puka Nacua,WR,24.09,22.84,15.7,7.14,-1.25,7.14
2025,7,Sam Darnold,QB,15.76,15.76,8.62,7.14,0.0,7.14
2025,4,Jordan Love,QB,19.74,19.15,26.28,-7.13,-0.59,7.13
2024,5,George Kittle,TE,14.32,13.27,20.4,-7.13,-1.05,7.13
2024,14,Tank Bigsby,RB,5.99,6.08,13.2,-7.12,0.09,7.12
2024,6,Kyler Murray,QB,18.93,19.08,11.96,7.12,0.15,7.12
2024,8,Justin Herbert,QB,17.16,16.94,24.06,-7.12,-0.22,7.12
2025,11,Kimani Vidal,RB,10.41,10.32,3.2,7.12,-0.09,7.12
2025,15,C.J. Stroud,QB,16.79,16.28,23.4,-7.12,-0.51,7.12
2025,15,Ladd McConkey,WR,10.73,11.12,4.0,7.12,0.39,7.12
2024,10,Jauan Jennings,WR,9.58,9.19,16.3,-7.11,-0.39,7.11
2025,16,Oronde Gadsden II,TE,9.09,8.81,1.7,7.11,-0.28,7.11
2024,7,Rhamondre Stevenson,RB,11.51,11.61,4.5,7.11,0.1,7.11
2025,18,Chris Godwin Jr.,WR,9.1,8.91,1.8,7.11,-0.19,7.11
2024,6,Darnell Mooney,WR,14.38,13.9,6.8,7.1,-0.48,7.1
2024,3,Devin Singletary,RB,11.61,11.7,18.8,-7.1,0.09,7.1
2024,9,Breece Hall,RB,17.59,17.59,10.5,7.09,0.0,7.09
2024,18,Davante Adams,WR,13.62,13.71,20.8,-7.09,0.09,7.09
2025,10,Alec Pierce,WR,11.98,11.31,18.4,-7.09,-0.67,7.09
2024,4,Terry McLaurin,WR,11.21,11.12,18.2,-7.08,-0.09,7.08
2025,7,Cam Skattebo,RB,10.87,11.33,18.4,-7.07,0.46,7.07
2024,15,Quentin Johnston,WR,8.52,8.43,15.5,-7.07,-0.09,7.07
2024,17,Drake Maye,QB,16.5,16.94,9.88,7.06,0.44,7.06
2025,14,Amon-Ra St. Brown,WR,23.51,22.26,15.2,7.06,-1.25,7.06
2025,11,Nick Chubb,RB,8.66,8.75,1.7,7.05,0.09,7.05
2024,18,Marvin Harrison Jr.,WR,10.25,10.25,17.3,-7.05,0.0,7.05
2025,11,Saquon Barkley,RB,17.13,17.04,10.0,7.04,-0.09,7.04
2024,17,Isiah Pacheco,RB,8.93,8.84,1.8,7.04,-0.09,7.04
2024,16,Najee Harris,RB,10.96,11.24,4.2,7.04,0.28,7.04
2025,3,Wan'Dale Robinson,WR,10.35,10.64,3.6,7.04,0.29,7.04
2024,6,Braelon Allen,RB,7.74,7.83,0.8,7.03,0.09,7.03
2024,12,Jahmyr Gibbs,RB,18.14,17.87,24.9,-7.03,-0.27,7.03
2025,15,Mike Evans,WR,12.46,12.17,19.2,-7.03,-0.29,7.03
2024,8,Amon-Ra St. Brown,WR,16.59,15.73,8.7,7.03,-0.86,7.03
2025,18,Jake Ferguson,TE,9.19,8.52,1.5,7.02,-0.67,7.02
2024,10,Diontae Johnson,WR,8.52,8.62,1.6,7.02,0.1,7.02
2025,6,Garrett Wilson,WR,10.73,11.31,4.3,7.01,0.58,7.01
2024,15,Isiah Pacheco,RB,12.71,12.71,5.7,7.01,0.0,7.01
2024,14,Josh Jacobs,RB,17.78,17.59,24.6,-7.01,-0.19,7.01
2024,4,DeMario Douglas,WR,10.54,11.31,4.3,7.01,0.77,7.01
2024,14,Isiah Pacheco,RB,15.29,15.11,8.1,7.01,-0.18,7.01
2025,15,Jake Ferguson,TE,10.8,10.61,3.6,7.01,-0.19,7.01
2024,3,Demarcus Robinson,WR,10.83,11.21,4.2,7.01,0.38,7.01
2024,10,C.J. Stroud,QB,16.72,16.79,9.78,7.01,0.07,7.01
2024,18,Jameson Williams,WR,17.46,16.4,9.4,7.0,-1.06,7.0
2025,11,Jake Tonges,TE,7.29,7.0,0.0,7.0,-0.29,7.0
2024,14,Cole Kmet,TE,6.72,7.0,0.0,7.0,0.28,7.0
2025,5,Woody Marks,RB,9.4,9.4,2.4,7.0,0.0,7.0
2024,8,Caleb Williams,QB,17.01,16.94,9.94,7.0,-0.07,7.0
2025,14,Mark Andrews,TE,9.19,8.9,1.9,7.0,-0.29,7.0
2024,13,Devin Singletary,RB,8.93,9.3,2.3,7.0,0.37,7.0
2025,14,Kenny Gainwell,RB,9.12,9.21,16.2,-6.99,0.09,6.99
2024,6,Trey McBride,TE,10.42,10.61,17.6,-6.99,0.19,6.99
2024,12,A.J. Brown,WR,16.5,15.92,22.9,-6.98,-0.58,6.98
2024,7,Marvin Harrison Jr.,WR,11.98,12.08,5.1,6.98,0.1,6.98
2025,4,Khalil Shakir,WR,11.69,10.92,17.9,-6.98,-0.77,6.98
2025,16,Courtland Sutton,WR,13.9,13.62,20.6,-6.98,-0.28,6.98
2024,9,Brock Bowers,TE,7.95,8.52,15.5,-6.98,0.57,6.98
2025,10,Caleb Williams,QB,18.41,18.12,25.1,-6.98,-0.29,6.98
2024,6,Mark Andrews,TE,8.81,8.62,15.6,-6.98,-0.19,6.98
2025,10,Jaxon Smith-Njigba,WR,13.81,13.33,20.3,-6.97,-0.48,6.97
2025,3,Puka Nacua,WR,15.54,15.83,22.8,-6.97,0.29,6.97
2025,9,Alec Pierce,WR,10.92,10.54,17.5,-6.96,-0.38,6.96
2025,6,Geno Smith,QB,15.61,15.61,8.66,6.95,0.0,6.95
2025,18,Sam Darnold,QB,16.06,15.76,8.82,6.94,-0.3,6.94
2025,4,Courtland Sutton,WR,12.56,12.17,19.1,-6.93,-0.39,6.93
2025,5,Matthew Stafford,QB,19.08,18.63,25.56,-6.93,-0.45,6.93
2024,16,Calvin Ridley,WR,9.58,9.87,16.8,-6.93,0.29,6.93
2025,13,Elic Ayomanor,WR,8.14,8.43,1.5,6.93,0.29,6.93
2025,10,Jordan Addison,WR,13.52,13.42,6.5,6.92,-0.1,6.92
2024,12,Jared Goff,QB,18.41,17.68,10.76,6.92,-0.73,6.92
2025,15,Jalen Hurts,QB,16.28,15.98,22.9,-6.92,-0.3,6.92
2025,18,Jordan Addison,WR,8.62,8.71,1.8,6.91,0.09,6.91
2024,11,Kyle Pitts,TE,8.62,8.81,1.9,6.91,0.19,6.91
2025,4,Jerome Ford,RB,7.92,8.2,1.3,6.9,0.28,6.9
2025,6,Tyler Higbee,TE,7.29,7.1,14.0,-6.9,-0.19,6.9
2024,15,Russell Wilson,QB,14.88,15.32,8.42,6.9,0.44,6.9
2025,7,Jared Goff,QB,18.04,17.23,10.34,6.89,-0.81,6.89
2025,8,Andrei Iosivas,WR,6.98,6.89,0.0,6.89,-0.09,6.89
2025,4,DeVonta Smith,WR,11.98,11.79,4.9,6.89,-0.19,6.89
2024,8,Tutu Atwell,WR,9.67,9.67,2.8,6.87,0.0,6.87
2025,4,Kayshon Boutte,WR,9.67,9.67,2.8,6.87,0.0,6.87
2024,13,Josh Jacobs,RB,14.92,14.83,21.7,-6.87,-0.09,6.87
2025,3,Javonte Williams,RB,19.43,19.07,12.2,6.87,-0.36,6.87
2024,3,Alvin Kamara,RB,22.84,22.57,15.7,6.87,-0.27,6.87
2024,10,Demarcus Robinson,WR,10.35,10.16,3.3,6.86,-0.19,6.86
2025,18,Jacory Croskey-Merritt,RB,9.67,9.76,2.9,6.86,0.09,6.86
2025,12,Jakobi Meyers,WR,8.33,8.14,15.0,-6.86,-0.19,6.86
2025,16,Ja'Marr Chase,WR,13.42,13.04,19.9,-6.86,-0.38,6.86
2025,5,Jerry Jeudy,WR,10.83,10.35,3.5,6.85,-0.48,6.85
2024,17,Jakobi Meyers,WR,10.44,10.25,17.1,-6.85,-0.19,6.85
2025,3,Tyler Warren,TE,13.84,13.65,6.8,6.85,-0.19,6.85
2025,12,Colston Loveland,TE,8.24,8.05,14.9,-6.85,-0.19,6.85
2024,3,CeeDee Lamb,WR,15.73,15.54,8.7,6.84,-0.19,6.84
2025,5,Justice Hill,RB,8.93,9.03,2.2,6.83,0.1,6.83
2024,10,Tutu Atwell,WR,8.62,8.43,1.6,6.83,-0.19,6.83
2025,8,Kayshon Boutte,WR,9.58,9.67,16.5,-6.83,0.09,6.83
2025,13,Patrick Mahomes,QB,23.72,22.61,29.44,-6.83,-1.11,6.83
2024,4,Travis Etienne,RB,13.63,13.82,7.0,6.82,0.19,6.82
2025,9,Jordan Love,QB,16.28,15.83,9.02,6.81,-0.45,6.81
2024,12,Zach Ertz,TE,9.66,9.0,15.8,-6.8,-0.66,6.8
2025,12,Mark Andrews,TE,9.47,8.9,2.1,6.8,-0.57,6.8
2025,18,Cam Ward,QB,15.39,15.98,9.18,6.8,0.59,6.8
2024,8,Geno Smith,QB,14.73,14.88,8.08,6.8,0.15,6.8
2024,10,Jordan Addison,WR,11.89,11.69,4.9,6.79,-0.2,6.79
2024,13,Darnell Mooney,WR,11.79,11.79,5.0,6.79,0.0,6.79
2025,5,De'Von Achane,RB,25.05,23.39,16.6,6.79,-1.66,6.79
2024,14,Kareem Hunt,RB,10.78,10.68,3.9,6.78,-0.1,6.78
2024,14,David Njoku,TE,9.76,10.42,17.2,-6.78,0.66,6.78
2025,9,Trevor Lawrence,QB,14.29,14.43,21.2,-6.77,0.14,6.77
2024,10,Kirk Cousins,QB,17.31,17.01,10.24,6.77,-0.3,6.77
2025,10,Geno Smith,QB,10.82,11.19,4.42,6.77,0.37,6.77
2025,7,Drake London,WR,15.06,14.96,8.2,6.76,-0.1,6.76
2024,18,Malik Nabers,WR,10.16,10.64,17.4,-6.76,0.48,6.76
2025,5,Chris Rodriguez Jr.,RB,7.46,7.46,0.7,6.76,0.0,6.76
2024,7,Josh Jacobs,RB,13.72,13.45,20.2,-6.75,-0.27,6.75
2025,5,Elic Ayomanor,WR,10.06,10.54,3.8,6.74,0.48,6.74
2024,7,Baker Mayfield,QB,20.33,20.26,27.0,-6.74,-0.07,6.74
2025,17,Chig Okonkwo,TE,7.38,7.76,14.5,-6.74,0.38,6.74
2025,7,Jordan Addison,WR,14.86,15.06,21.8,-6.74,0.2,6.74
2024,14,Matthew Stafford,QB,14.07,14.07,20.8,-6.73,0.0,6.73
2025,18,Zach Charbonnet,RB,12.07,11.97,18.7,-6.73,-0.1,6.73
2025,14,Oronde Gadsden II,TE,8.14,8.43,1.7,6.73,0.29,6.73
2024,16,Khalil Shakir,WR,11.6,10.92,4.2,6.72,-0.68,6.72
2024,15,Elijah Moore,WR,8.23,8.62,1.9,6.72,0.39,6.72
2025,10,Tyler Warren,TE,12.13,11.18,17.9,-6.72,-0.95,6.72
2024,8,Alec Pierce,WR,8.91,8.81,2.1,6.71,-0.1,6.71
2025,11,Woody Marks,RB,12.8,12.8,6.1,6.7,0.0,6.7
2025,16,J.J. McCarthy,QB,14.95,15.02,8.32,6.7,0.07,6.7
2024,6,Ja'Marr Chase,WR,18.8,18.9,12.2,6.7,0.1,6.7
2024,11,Darnell Mooney,WR,11.31,11.4,4.7,6.7,0.09,6.7
2025,6,Josh Allen,QB,22.69,22.1,15.4,6.7,-0.59,6.7
2024,11,Mark Andrews,TE,11.28,10.9,4.2,6.7,-0.38,6.7
2024,9,Jameis Winston,QB,16.5,16.79,10.1,6.69,0.29,6.69
2024,15,Bijan Robinson,RB,21.55,21.18,14.5,6.68,-0.37,6.68
2025,4,Jonnu Smith,TE,8.9,9.28,2.6,6.68,0.38,6.68
2025,9,Chase Brown,RB,12.53,12.53,19.2,-6.67,0.0,6.67
2024,9,Marvin Harrison Jr.,WR,10.06,10.06,3.4,6.66,0.0,6.66
2024,14,Devin Singletary,RB,7.37,7.46,0.8,6.66,0.09,6.66
2024,13,CeeDee Lamb,WR,12.46,12.56,5.9,6.66,0.1,6.66
2025,6,Jaxson Dart,QB,16.2,16.94,23.6,-6.66,0.74,6.66
2024,12,Jaylen Warren,RB,8.66,8.75,15.4,-6.65,0.09,6.65
2025,7,Jayden Daniels,QB,25.12,24.38,17.74,6.64,-0.74,6.64
2024,14,Brian Thomas Jr.,WR,10.44,9.96,16.6,-6.64,-0.48,6.64
2025,6,David Montgomery,RB,14.74,14.74,8.1,6.64,0.0,6.64
2025,6,Tyler Warren,TE,12.61,11.66,18.3,-6.64,-0.95,6.64
2025,7,Jaylen Warren,RB,14.46,13.17,19.8,-6.63,-1.29,6.63
2024,8,Chris Olave,WR,11.4,12.08,18.7,-6.62,0.68,6.62
2024,7,Jaylen Waddle,WR,8.52,8.71,2.1,6.61,0.19,6.61
2025,18,Chig Okonkwo,TE,8.24,8.81,2.2,6.61,0.57,6.61
2024,4,Elijah Moore,WR,8.62,8.71,2.1,6.61,0.09,6.61
2025,7,Tyler Allgeier,RB,8.2,8.2,1.6,6.6,0.0,6.6
2025,3,Jaxon Smith-Njigba,WR,14.29,14.0,20.6,-6.6,-0.29,6.6
2025,5,Rhamondre Stevenson,RB,8.01,8.11,14.7,-6.59,0.1,6.59
2024,13,Devaughn Vele,WR,9.39,9.19,2.6,6.59,-0.2,6.59
2024,13,Chase Brown,RB,12.62,12.43,19.0,-6.57,-0.19,6.57
2024,13,Nico Collins,WR,13.52,13.33,19.9,-6.57,-0.19,6.57
2024,8,Dontayvion Wicks,WR,9.87,9.67,3.1,6.57,-0.2,6.57
2025,9,Jordan Addison,WR,14.38,14.96,8.4,6.56,0.58,6.56
2025,14,Justin Herbert,QB,18.41,18.71,12.16,6.55,0.3,6.55
2024,12,Justice Hill,RB,7.74,7.65,14.2,-6.55,-0.09,6.55
2025,15,Jalen Coker,WR,7.46,7.46,14.0,-6.54,0.0,6.54
2024,7,Kenneth Walker III,RB,16.95,16.76,23.3,-6.54,-0.19,6.54
2025,15,Justin Herbert,QB,16.42,16.94,10.4,6.54,0.52,6.54
2024,13,De'Von Achane,RB,27.45,27.54,21.0,6.54,0.09,6.54
2025,8,Deebo Samuel Sr.,WR,10.35,10.73,4.2,6.53,0.38,6.53
2025,13,Chimere Dike,WR,8.14,8.43,1.9,6.53,0.29,6.53
2024,17,Jaylen Warren,RB,9.58,9.67,16.2,-6.53,0.09,6.53
2025,6,Hunter Henry,TE,12.32,12.23,5.7,6.53,-0.09,6.53
2024,5,Travis Kelce,TE,9.76,9.47,16.0,-6.53,-0.29,6.53
2025,17,Bryce Young,QB,14.95,15.39,8.86,6.53,0.44,6.53
2025,18,TreVeyon Henderson,RB,11.14,10.78,17.3,-6.52,-0.36,6.52
2024,3,Tyreek Hill,WR,13.13,13.52,7.0,6.52,0.39,6.52
2024,7,Zach Ertz,TE,8.33,7.48,14.0,-6.52,-0.85,6.52
2024,7,J.K. Dobbins,RB,16.12,16.12,9.6,6.52,0.0,6.52
2024,4,Quentin Johnston,WR,8.52,8.81,2.3,6.51,0.29,6.51
2024,3,DK Metcalf,WR,13.9,13.9,20.4,-6.5,0.0,6.5
2024,8,Justice Hill,RB,9.58,9.4,2.9,6.5,-0.18,6.5
2024,5,Josh Allen,QB,21.36,21.14,14.64,6.5,-0.22,6.5
2025,10,Matthew Stafford,QB,21.07,20.4,26.9,-6.5,-0.67,6.5
2025,3,Troy Franklin,WR,9.29,9.29,2.8,6.49,0.0,6.49
2025,6,Calvin Ridley,WR,9.29,9.29,2.8,6.49,0.0,6.49
2024,18,James Cook,RB,15.2,15.29,8.8,6.49,0.09,6.49
2024,11,Romeo Doubs,WR,9.19,9.19,2.7,6.49,0.0,6.49
2025,8,Derrick Henry,RB,12.62,12.62,19.1,-6.48,0.0,6.48
2024,10,Jalen Hurts,QB,23.72,23.2,29.68,-6.48,-0.52,6.48
2024,15,Chuba Hubbard,RB,15.38,15.38,8.9,6.48,0.0,6.48
2024,3,Brock Purdy,QB,19.81,19.3,25.78,-6.48,-0.51,6.48
2025,15,Tyler Warren,TE,9.76,11.37,4.9,6.47,1.61,6.47
2025,12,Kayshon Boutte,WR,10.35,9.96,3.5,6.46,-0.39,6.46
2025,8,Mac Jones,QB,11.34,11.56,18.02,-6.46,0.22,6.46
2025,9,Travis Etienne,RB,9.95,10.04,16.5,-6.46,0.09,6.46
2024,18,Josh Jacobs,RB,18.14,18.05,11.6,6.45,-0.09,6.45
2024,16,Jaxon Smith-Njigba,WR,17.17,17.56,24.0,-6.44,0.39,6.44
2025,12,Brenton Strange,TE,8.05,7.86,14.3,-6.44,-0.19,6.44
2025,15,Jonathan Taylor,RB,18.61,19.53,13.1,6.43,0.92,6.43
2025,17,De'Von Achane,RB,20.45,20.63,14.2,6.43,0.18,6.43
2024,4,Mike Gesicki,TE,6.91,6.53,0.1,6.43,-0.38,6.43
2025,14,Davante Adams,WR,14.0,13.33,6.9,6.43,-0.67,6.43
2024,15,Jaylen Warren,RB,8.75,8.93,2.5,6.43,0.18,6.43
2024,17,Geno Smith,QB,14.88,14.73,8.3,6.43,-0.15,6.43
2025,17,Jalen Hurts,QB,15.24,15.32,8.9,6.42,0.08,6.42
2025,9,Ladd McConkey,WR,16.5,16.02,9.6,6.42,-0.48,6.42
2025,13,Matthew Stafford,QB,18.63,18.04,11.62,6.42,-0.59,6.42
2024,13,Tua Tagovailoa,QB,18.71,18.78,25.2,-6.42,0.07,6.42
2024,18,Austin Ekeler,RB,11.88,11.61,5.2,6.41,-0.27,6.41
2024,12,Michael Pittman,WR,9.29,9.19,15.6,-6.41,-0.1,6.41
2024,16,Christian Watson,WR,9.1,8.71,2.3,6.41,-0.39,6.41
2025,7,Sam LaPorta,TE,12.51,10.9,4.5,6.4,-1.61,6.4
2025,7,Kareem Hunt,RB,8.29,8.2,1.8,6.4,-0.09,6.4
2025,16,Kayshon Boutte,WR,9.0,9.0,2.6,6.4,0.0,6.4
2024,11,Aaron Jones,RB,11.79,11.7,5.3,6.4,-0.09,6.4
2024,16,Jalen Coker,WR,9.0,9.19,2.8,6.39,0.19,6.39
2024,17,Drake London,WR,11.21,11.21,17.6,-6.39,0.0,6.39
2024,5,Roschon Johnson,RB,8.11,8.11,14.5,-6.39,0.0,6.39
2025,14,Ja'Marr Chase,WR,16.31,16.59,10.2,6.39,0.28,6.39
2024,7,Jerry Jeudy,WR,8.71,9.19,2.8,6.39,0.48,6.39
2024,4,Courtland Sutton,WR,7.85,8.62,15.0,-6.38,0.77,6.38
2025,16,D'Andre Swift,RB,15.38,15.38,9.0,6.38,0.0,6.38
2024,10,Devin Singletary,RB,11.97,11.88,5.5,6.38,-0.09,6.38
2025,8,Kyle Pitts,TE,8.9,8.52,14.9,-6.38,-0.38,6.38
2025,17,Darren Waller,TE,7.38,7.38,1.0,6.38,0.0,6.38
2024,15,DK Metcalf,WR,12.17,12.17,5.8,6.37,0.0,6.37
2025,10,Davante Adams,WR,13.81,13.33,19.7,-6.37,-0.48,6.37
2024,16,Joe Mixon,RB,14.28,14.46,8.1,6.36,0.18,6.36
2024,7,Jaleel McLaughlin,RB,9.58,9.86,3.5,6.36,0.28,6.36
2024,12,DeAndre Hopkins,WR,8.43,8.14,14.5,-6.36,-0.29,6.36
2025,5,Marvin Mims Jr.,WR,10.06,10.25,3.9,6.35,0.19,6.35
2025,15,Jayden Higgins,WR,8.04,7.75,1.4,6.35,-0.29,6.35
2024,4,George Pickens,WR,9.96,9.96,16.3,-6.34,0.0,6.34
2024,13,Bo Nix,QB,18.71,18.49,12.16,6.33,-0.22,6.33
2024,18,Rashod Bateman,WR,12.85,12.27,18.6,-6.33,-0.58,6.33
2024,4,Travis Kelce,TE,9.95,9.57,15.9,-6.33,-0.38,6.33
2024,16,Amari Cooper,WR,8.91,8.33,2.0,6.33,-0.58,6.33
2025,10,Aaron Jones,RB,9.49,9.58,15.9,-6.32,0.09,6.32
2024,6,Baker Mayfield,QB,19.67,19.59,25.9,-6.31,-0.08,6.31
2025,6,Tyrone Tracy Jr.,RB,6.63,6.91,0.6,6.31,0.28,6.31
2024,15,Justin Jefferson,WR,14.19,14.0,20.3,-6.3,-0.19,6.3
2024,3,Zay Flowers,WR,12.17,11.6,5.3,6.3,-0.57,6.3
2024,16,Sam Darnold,QB,16.64,16.64,22.94,-6.3,0.0,6.3
2024,15,Kyler Murray,QB,16.79,16.35,10.06,6.29,-0.44,6.29
2024,18,Mike Gesicki,TE,9.09,8.52,14.8,-6.28,-0.57,6.28
2024,5,Geno Smith,QB,16.64,16.28,22.56,-6.28,-0.36,6.28
2024,13,Saquon Barkley,RB,26.16,25.97,19.7,6.27,-0.19,6.27
2025,18,Chris Rodriguez Jr.,RB,8.84,9.03,15.3,-6.27,0.19,6.27
2025,4,Tony Pollard,RB,15.84,16.86,10.6,6.26,1.02,6.26
2025,4,Keenan Allen,WR,15.25,14.96,8.7,6.26,-0.29,6.26
2025,5,Justin Jefferson,WR,12.65,13.04,19.3,-6.26,0.39,6.26
2024,7,Isaiah Likely,TE,10.61,9.95,3.7,6.25,-0.66,6.25
2024,12,David Njoku,TE,9.19,10.14,3.9,6.24,0.95,6.24
2025,5,Tua Tagovailoa,QB,16.64,16.5,22.74,-6.24,-0.14,6.24
2025,9,Woody Marks,RB,8.84,8.93,2.7,6.23,0.09,6.23
2025,10,Michael Carter,RB,6.45,6.63,0.4,6.23,0.18,6.23
2025,14,Jared Goff,QB,23.57,22.39,16.16,6.23,-1.18,6.23
2024,3,Jerome Ford,RB,16.21,16.21,10.0,6.21,0.0,6.21
2024,8,Jahmyr Gibbs,RB,14.55,14.09,20.3,-6.21,-0.46,6.21
2025,12,Saquon Barkley,RB,18.79,18.61,12.4,6.21,-0.18,6.21
2025,7,KaVontae Turpin,WR,9.29,8.91,2.7,6.21,-0.38,6.21
2025,15,Zach Charbonnet,RB,9.4,9.3,3.1,6.2,-0.1,6.2
2025,15,Hunter Henry,TE,9.0,9.0,2.8,6.2,0.0,6.2
2025,8,Javonte Williams,RB,11.79,11.7,17.9,-6.2,-0.09,6.2
2025,7,Tucker Kraft,TE,11.09,10.61,16.8,-6.19,-0.48,6.19
2024,18,Nico Collins,WR,8.23,8.62,14.8,-6.18,0.39,6.18
2024,13,Jahmyr Gibbs,RB,17.68,16.58,10.4,6.18,-1.1,6.18
2025,3,Ricky Pearsall,WR,13.42,13.52,19.7,-6.18,0.1,6.18
2024,3,Zamir White,RB,9.67,9.58,3.4,6.18,-0.09,6.18
2025,8,Kenny Gainwell,RB,9.58,9.67,3.5,6.17,0.09,6.17
2025,15,Mark Andrews,TE,10.52,9.95,3.8,6.15,-0.57,6.15
2024,14,Kirk Cousins,QB,15.69,15.91,9.76,6.15,0.22,6.15
2024,12,Sam Darnold,QB,14.88,14.95,21.1,-6.15,0.07,6.15
2024,8,Darnell Mooney,WR,12.65,12.46,18.6,-6.14,-0.19,6.14
2024,8,Kenneth Walker III,RB,14.55,14.64,8.5,6.14,0.09,6.14
2024,9,Jordan Addison,WR,9.96,9.96,16.1,-6.14,0.0,6.14
2024,5,Tyler Huntley,QB,12.44,12.59,6.46,6.13,0.15,6.13
2025,4,Calvin Ridley,WR,10.44,11.12,5.0,6.12,0.68,6.12
2025,11,Joe Flacco,QB,15.91,15.98,9.86,6.12,0.07,6.12
2024,6,Chase Brown,RB,8.38,8.29,14.4,-6.11,-0.09,6.11
2025,3,Bryce Young,QB,17.38,17.75,11.64,6.11,0.37,6.11
2024,11,Lamar Jackson,QB,21.44,20.99,14.88,6.11,-0.45,6.11
2024,8,David Njoku,TE,10.33,10.99,17.1,-6.11,0.66,6.11
2024,3,Dalton Kincaid,TE,7.38,7.0,13.1,-6.1,-0.38,6.1
2024,6,Hunter Henry,TE,6.34,7.0,13.1,-6.1,0.66,6.1
2025,10,T.J. Hockenson,TE,8.9,8.9,2.8,6.1,0.0,6.1
2024,15,Xavier Legette,WR,9.0,9.0,2.9,6.1,0.0,6.1
2024,3,David Montgomery,RB,15.38,15.11,21.2,-6.09,-0.27,6.09
2025,16,T.J. Hockenson,TE,7.19,7.29,1.2,6.09,0.1,6.09
2025,3,Nick Chubb,RB,12.99,13.08,7.0,6.08,0.09,6.08
2025,5,Brenton Strange,TE,9.09,9.28,3.2,6.08,0.19,6.08
2024,17,Matthew Stafford,QB,15.76,15.24,9.16,6.08,-0.52,6.08
2025,8,Rachaad White,RB,14.46,14.18,8.1,6.08,-0.28,6.08
2024,16,Derrick Henry,RB,15.01,14.83,20.9,-6.07,-0.18,6.07
2024,15,Sam Darnold,QB,17.6,17.31,11.24,6.07,-0.29,6.07
2024,14,Calvin Austin III,WR,7.46,7.46,1.4,6.06,0.0,6.06
2024,14,Chris Brooks,RB,6.45,6.36,0.3,6.06,-0.09,6.06
2025,12,Olamide Zaccheaus,WR,7.85,7.66,1.6,6.06,-0.19,6.06
2025,4,Juwan Johnson,TE,10.71,11.85,5.8,6.05,1.14,6.05
2025,4,Geno Smith,QB,16.06,15.83,9.78,6.05,-0.23,6.05
2024,10,Garrett Wilson,WR,15.34,15.15,9.1,6.05,-0.19,6.05
2024,8,Zay Flowers,WR,12.46,12.46,18.5,-6.04,0.0,6.04
2025,18,Kirk Cousins,QB,15.47,15.24,9.2,6.04,-0.23,6.04
2025,14,Zach Ertz,TE,8.24,8.14,2.1,6.04,-0.1,6.04
2024,16,Zach Ertz,TE,8.14,8.24,2.2,6.04,0.1,6.04
2025,4,Wan'Dale Robinson,WR,10.06,10.44,4.4,6.04,0.38,6.04
2024,5,David Njoku,TE,8.33,8.43,2.4,6.03,0.1,6.03
2024,4,Kirk Cousins,QB,13.62,13.55,7.52,6.03,-0.07,6.03
2024,13,Ladd McConkey,WR,14.77,14.67,20.7,-6.03,-0.1,6.03
2025,8,Rome Odunze,WR,12.17,12.37,18.4,-6.03,0.2,6.03
2025,11,Jalen Nailor,WR,8.81,8.62,2.6,6.02,-0.19,6.02
2025,10,Jared Goff,QB,19.52,18.78,24.8,-6.02,-0.74,6.02
2025,3,Cooper Kupp,WR,11.31,11.12,5.1,6.02,-0.19,6.02
2024,13,Kenneth Walker III,RB,12.62,12.62,6.6,6.02,0.0,6.02
2024,17,Rome Odunze,WR,8.33,8.52,2.5,6.02,0.19,6.02
2024,4,Aaron Jones,RB,11.88,11.88,17.9,-6.02,0.0,6.02
2025,7,Rhamondre Stevenson,RB,10.87,10.78,16.8,-6.02,-0.09,6.02
2025,11,Michael Penix Jr.,QB,14.07,13.92,7.9,6.02,-0.15,6.02
2025,7,Olamide Zaccheaus,WR,8.91,8.91,2.9,6.01,0.0,6.01
2024,15,Keenan Allen,WR,13.52,14.19,20.2,-6.01,0.67,6.01
2025,3,Dak Prescott,QB,18.49,18.04,12.04,6.0,-0.45,6.0
2025,7,Justin Jefferson,WR,18.61,18.9,12.9,6.0,0.29,6.0
2024,7,David Montgomery,RB,14.09,14.0,8.0,6.0,-0.09,6.0
2025,16,Tyrell Shavers,WR,9.19,9.1,3.1,6.0,-0.09,6.0
2025,13,Aaron Jones,RB,9.86,10.5,4.5,6.0,0.64,6.0
2024,8,Dalton Kincaid,TE,7.29,7.1,13.1,-6.0,-0.19,6.0
2025,7,DK Metcalf,WR,14.29,14.0,8.0,6.0,-0.29,6.0
2025,16,Kyle Pitts,TE,13.27,12.7,18.7,-6.0,-0.57,6.0
2024,14,Tucker Kraft,TE,7.29,7.1,13.1,-6.0,-0.19,6.0
2025,4,Jameson Williams,WR,11.6,11.69,5.7,5.99,0.09,5.99
2025,11,Jameson Williams,WR,13.62,13.71,19.7,-5.99,0.09,5.99
2024,9,Aaron Rodgers,QB,14.36,14.36,20.34,-5.98,0.0,5.98
2024,4,Jahmyr Gibbs,RB,14.92,13.82,19.8,-5.98,-1.1,5.98
2024,12,Joe Mixon,RB,15.57,15.47,9.5,5.97,-0.1,5.97
2025,8,Jacory Croskey-Merritt,RB,8.38,8.47,2.5,5.97,0.09,5.97
2024,13,Joe Mixon,RB,16.03,15.93,21.9,-5.97,-0.1,5.97
2024,9,Josh Palmer,WR,8.33,8.33,14.3,-5.97,0.0,5.97
2025,15,Davante Adams,WR,17.94,17.07,11.1,5.97,-0.87,5.97
2024,13,George Pickens,WR,10.44,10.44,16.4,-5.96,0.0,5.96
2024,6,Josh Jacobs,RB,18.51,17.96,12.0,5.96,-0.55,5.96
2024,17,Bo Nix,QB,16.06,15.91,21.86,-5.95,-0.15,5.95
2024,16,Hunter Henry,TE,7.0,7.95,13.9,-5.95,0.95,5.95
2025,13,DJ Moore,WR,10.25,10.64,4.7,5.94,0.39,5.94
2024,18,Najee Harris,RB,9.76,9.67,15.6,-5.93,-0.09,5.93
2024,18,Jonathan Taylor,RB,19.25,19.07,25.0,-5.93,-0.18,5.93
2024,8,Jayden Reed,WR,13.9,13.42,7.5,5.92,-0.48,5.92
2025,3,C.J. Stroud,QB,16.06,16.28,10.36,5.92,0.22,5.92
2024,7,Bucky Irving,RB,10.87,10.78,16.7,-5.92,-0.09,5.92
2025,7,Carson Wentz,QB,17.01,17.23,11.32,5.91,0.22,5.91
2024,18,George Kittle,TE,10.14,10.61,4.7,5.91,0.47,5.91
2024,18,T.J. Hockenson,TE,9.57,8.81,2.9,5.91,-0.76,5.91
2025,3,Josh Downs,WR,11.21,11.31,5.4,5.91,0.1,5.91
2025,18,Drake London,WR,12.08,11.89,17.8,-5.91,-0.19,5.91
2025,8,Jaylen Warren,RB,15.11,15.2,9.3,5.9,0.09,5.9
2025,4,Daniel Jones,QB,16.35,16.28,10.38,5.9,-0.07,5.9
2024,7,Bijan Robinson,RB,18.05,17.41,23.3,-5.89,-0.64,5.89
2025,11,Tyler Higbee,TE,9.57,9.19,3.3,5.89,-0.38,5.89
2025,15,Rachaad White,RB,9.67,9.49,3.6,5.89,-0.18,5.89
2025,14,Jakobi Meyers,WR,8.81,8.91,14.8,-5.89,0.1,5.89
2025,14,Emeka Egbuka,WR,9.58,9.39,3.5,5.89,-0.19,5.89
2025,16,Breece Hall,RB,12.8,14.18,8.3,5.88,1.38,5.88
2025,4,Breece Hall,RB,10.13,10.22,16.1,-5.88,0.09,5.88
2024,11,Kareem Hunt,RB,11.88,11.88,6.0,5.88,0.0,5.88
2025,10,Christian Kirk,WR,6.79,7.18,1.3,5.88,0.39,5.88
2025,13,Parker Washington,WR,9.67,9.48,3.6,5.88,-0.19,5.88
2025,15,DK Metcalf,WR,8.62,8.62,14.5,-5.88,0.0,5.88
2025,17,Kyle Pitts,TE,9.28,9.47,3.6,5.87,0.19,5.87
2024,4,Isaiah Likely,TE,9.95,9.47,3.6,5.87,-0.48,5.87
2025,3,Chuba Hubbard,RB,15.29,15.47,9.6,5.87,0.18,5.87
2025,10,Saquon Barkley,RB,18.97,18.97,13.1,5.87,0.0,5.87
2024,16,Romeo Doubs,WR,10.25,9.87,4.0,5.87,-0.38,5.87
2025,10,Hunter Henry,TE,7.86,7.76,1.9,5.86,-0.1,5.86
2024,8,Trevor Lawrence,QB,17.53,17.46,23.32,-5.86,-0.07,5.86
2025,8,Dallas Goedert,TE,12.23,11.94,17.8,-5.86,-0.29,5.86
2024,12,Ezekiel Elliott,RB,6.54,6.45,0.6,5.85,-0.09,5.85
2025,18,Tee Higgins,WR,13.33,12.85,18.7,-5.85,-0.48,5.85
2025,10,Amon-Ra St. Brown,WR,23.71,22.65,16.8,5.85,-1.06,5.85
2025,16,Lil'Jordan Humphrey,WR,7.95,7.75,1.9,5.85,-0.2,5.85
2025,18,Puka Nacua,WR,21.69,20.15,26.0,-5.85,-1.54,5.85
2025,3,Kyren Williams,RB,13.36,13.36,19.2,-5.84,0.0,5.84
2025,18,Jauan Jennings,WR,13.42,13.33,7.5,5.83,-0.09,5.83
2025,3,Deebo Samuel Sr.,WR,10.73,10.73,4.9,5.83,0.0,5.83
2025,15,Jacoby Brissett,QB,13.99,14.73,20.56,-5.83,0.74,5.83
2024,9,Tutu Atwell,WR,8.62,8.43,2.6,5.83,-0.19,5.83
2024,8,Chuba Hubbard,RB,13.36,14.92,9.1,5.82,1.56,5.82
2024,11,J.K. Dobbins,RB,13.17,13.08,18.9,-5.82,-0.09,5.82
2024,15,Marvin Harrison Jr.,WR,11.21,11.02,5.2,5.82,-0.19,5.82
2025,17,Saquon Barkley,RB,12.62,12.62,6.8,5.82,0.0,5.82
2024,4,Amon-Ra St. Brown,WR,14.96,14.96,20.78,-5.82,0.0,5.82
2025,8,C.J. Stroud,QB,15.83,15.91,21.72,-5.81,0.08,5.81
2024,15,Nico Collins,WR,12.08,11.89,17.7,-5.81,-0.19,5.81
2025,7,David Montgomery,RB,11.88,11.7,5.9,5.8,-0.18,5.8
2025,18,Kyle Monangai,RB,11.88,11.7,5.9,5.8,-0.18,5.8
2025,17,Tyler Shough,QB,15.98,16.13,21.92,-5.79,0.15,5.79
2025,18,Kenneth Walker III,RB,11.7,11.51,17.3,-5.79,-0.19,5.79
2024,11,Jordan Mason,RB,7.18,7.09,1.3,5.79,-0.09,5.79
2024,6,D'Andre Swift,RB,16.03,16.12,21.9,-5.78,0.09,5.78
2024,3,Sam Darnold,QB,17.53,17.46,23.24,-5.78,-0.07,5.78
2025,16,Christian Watson,WR,9.39,9.48,3.7,5.78,0.09,5.78
2024,9,Tony Pollard,RB,12.43,12.62,18.4,-5.78,0.19,5.78
2024,17,Sam Darnold,QB,19.3,19.0,24.78,-5.78,-0.3,5.78
2025,7,Courtland Sutton,WR,11.02,10.92,16.7,-5.78,-0.1,5.78
2024,9,Jake Ferguson,TE,8.52,8.33,14.1,-5.77,-0.19,5.77
2025,16,Javonte Williams,RB,12.25,12.07,6.3,5.77,-0.18,5.77
2025,12,Travis Etienne,RB,14.92,14.83,20.6,-5.77,-0.09,5.77
2024,13,Javonte Williams,RB,13.36,13.17,7.4,5.77,-0.19,5.77
2024,13,James Conner,RB,15.47,16.86,11.1,5.76,1.39,5.76
2024,12,Kyler Murray,QB,16.28,16.06,10.3,5.76,-0.22,5.76
2025,15,Jordan Mason,RB,8.66,8.66,2.9,5.76,0.0,5.76
2024,16,Jordan Love,QB,18.04,17.23,11.48,5.75,-0.81,5.75
2025,4,Stefon Diggs,WR,10.25,10.35,16.1,-5.75,0.1,5.75
2024,7,Jalen Hurts,QB,17.01,17.01,22.76,-5.75,0.0,5.75
2024,10,Kyren Williams,RB,17.13,16.95,11.2,5.75,-0.18,5.75
2025,13,Kareem Hunt,RB,15.11,14.74,9.0,5.74,-0.37,5.74
2025,10,Stefon Diggs,WR,9.96,9.87,15.6,-5.73,-0.09,5.73
2024,8,Courtland Sutton,WR,11.79,11.4,17.12,-5.72,-0.39,5.72
2025,10,Kenny Gainwell,RB,8.01,8.11,2.4,5.71,0.1,5.71
2025,16,RJ Harvey,RB,16.49,16.39,22.1,-5.71,-0.1,5.71
2025,3,Cedric Tillman,WR,12.08,11.31,5.6,5.71,-0.77,5.71
2025,17,Jameson Williams,WR,11.79,11.4,5.7,5.7,-0.39,5.7
2025,17,Quentin Johnston,WR,9.0,9.1,14.8,-5.7,0.1,5.7
2024,9,Alexander Mattison,RB,9.12,9.3,3.6,5.7,0.18,5.7
2024,8,Keenan Allen,WR,11.6,11.6,5.9,5.7,0.0,5.7
2025,9,Jaxon Smith-Njigba,WR,16.59,16.31,22.0,-5.69,-0.28,5.69
2025,5,JuJu Smith-Schuster,WR,9.58,9.39,3.7,5.69,-0.19,5.69
2024,17,Bucky Irving,RB,17.87,17.32,23.0,-5.68,-0.55,5.68
2024,8,Raheem Mostert,RB,10.32,10.32,16.0,-5.68,0.0,5.68
2024,11,Nick Chubb,RB,10.68,10.68,5.0,5.68,0.0,5.68
2025,12,Justin Jefferson,WR,13.81,14.48,8.8,5.68,0.67,5.68
2025,9,Justin Herbert,QB,22.54,22.02,27.7,-5.68,-0.52,5.68
2025,7,AJ Barner,TE,7.57,7.57,1.9,5.67,0.0,5.67
2024,14,Tyler Allgeier,RB,6.54,6.63,12.3,-5.67,0.09,5.67
2024,15,Josh Jacobs,RB,16.12,15.93,21.6,-5.67,-0.19,5.67
2025,14,Dalton Kincaid,TE,9.28,8.43,14.1,-5.67,-0.85,5.67
2025,10,Jordan Mason,RB,9.86,9.76,4.1,5.66,-0.1,5.66
2024,13,Tony Pollard,RB,14.28,14.46,8.8,5.66,0.18,5.66
2024,7,Raheem Mostert,RB,8.66,8.66,3.0,5.66,0.0,5.66
2025,16,Drake Maye,QB,18.04,18.04,23.7,-5.66,0.0,5.66
2025,12,Marquise Brown,WR,7.95,7.66,2.0,5.66,-0.29,5.66
2025,11,Aaron Rodgers,QB,15.47,15.1,9.44,5.66,-0.37,5.66
2024,10,Terry McLaurin,WR,10.64,10.64,16.3,-5.66,0.0,5.66
2024,15,De'Von Achane,RB,20.17,20.26,14.6,5.66,0.09,5.66
2025,7,Michael Pittman,WR,15.25,15.15,20.8,-5.65,-0.1,5.65
2025,13,Brian Thomas Jr.,WR,10.64,10.44,4.8,5.64,-0.2,5.64
2024,17,Zay Flowers,WR,11.12,10.73,5.1,5.63,-0.39,5.63
2024,15,Nick Westbrook-Ikhine,WR,8.43,8.52,2.9,5.62,0.09,5.62
2024,11,C.J. Stroud,QB,16.72,16.5,10.88,5.62,-0.22,5.62
2025,4,Deebo Samuel Sr.,WR,14.48,14.48,20.1,-5.62,0.0,5.62
2025,14,Kyle Pitts,TE,8.9,9.38,15.0,-5.62,0.48,5.62
2025,17,TreVeyon Henderson,RB,14.09,13.82,8.2,5.62,-0.27,5.62
2024,9,Sam LaPorta,TE,10.71,10.42,4.8,5.62,-0.29,5.62
2025,18,Michael Pittman,WR,8.04,8.71,3.1,5.61,0.67,5.61
2024,7,A.J. Brown,WR,14.29,14.29,19.9,-5.61,0.0,5.61
2024,14,Nick Chubb,RB,10.32,10.41,4.8,5.61,0.09,5.61
2024,7,Najee Harris,RB,10.22,10.59,16.2,-5.61,0.37,5.61
2024,7,Tyler Lockett,WR,14.29,14.1,8.5,5.6,-0.19,5.6
2024,5,Javonte Williams,RB,10.32,10.5,16.1,-5.6,0.18,5.6
2024,4,George Kittle,TE,9.47,8.9,14.5,-5.6,-0.57,5.6
2024,3,Michael Mayer,TE,7.29,7.29,1.7,5.59,0.0,5.59
2024,6,Tyjae Spears,RB,8.29,8.29,2.7,5.59,0.0,5.59
2024,16,Justin Herbert,QB,16.5,16.57,22.16,-5.59,0.07,5.59
2025,3,Michael Pittman,WR,13.71,13.71,19.3,-5.59,0.0,5.59
2025,3,Calvin Ridley,WR,8.62,9.29,3.7,5.59,0.67,5.59
2024,8,Jalen Nailor,WR,9.67,9.19,3.6,5.59,-0.48,5.59
2025,10,Keenan Allen,WR,9.58,9.48,3.9,5.58,-0.1,5.58
2025,16,Mack Hollins,WR,8.33,8.33,13.9,-5.57,0.0,5.57
2025,13,Isiah Pacheco,RB,11.33,10.87,5.3,5.57,-0.46,5.57
2024,11,Jake Ferguson,TE,7.86,7.67,2.1,5.57,-0.19,5.57
2024,5,Elijah Moore,WR,9.48,9.67,4.1,5.57,0.19,5.57
2024,9,Jahmyr Gibbs,RB,20.26,20.17,14.6,5.57,-0.09,5.57
2024,13,Trey McBride,TE,15.65,16.03,21.6,-5.57,0.38,5.57
2024,9,Xavier Legette,WR,8.62,8.33,13.9,-5.57,-0.29,5.57
2024,14,Pat Freiermuth,TE,8.43,8.24,13.8,-5.56,-0.19,5.56
2024,4,Jalen Hurts,QB,21.88,21.88,16.32,5.56,0.0,5.56
2025,5,Mark Andrews,TE,9.38,9.76,4.2,5.56,0.38,5.56
2024,14,Ameer Abdullah,RB,6.36,6.36,0.8,5.56,0.0,5.56
2024,12,Amon-Ra St. Brown,WR,18.71,17.75,12.2,5.55,-0.96,5.55
2025,12,Bam Knight,RB,7.65,7.65,13.2,-5.55,0.0,5.55
2025,12,Kyle Pitts,TE,9.57,10.04,4.5,5.54,0.47,5.54
2025,3,Daniel Jones,QB,21.73,21.36,15.82,5.54,-0.37,5.54
2024,10,Tony Pollard,RB,15.29,15.84,10.3,5.54,0.55,5.54
2025,14,Sam Darnold,QB,17.09,16.72,22.26,-5.54,-0.37,5.54
2024,6,Kirk Cousins,QB,18.49,18.04,12.5,5.54,-0.45,5.54
2024,15,Michael Wilson,WR,8.62,8.43,2.9,5.53,-0.19,5.53
2025,11,Chase Brown,RB,13.08,13.17,18.7,-5.53,0.09,5.53
2025,12,Caleb Williams,QB,16.35,16.13,21.66,-5.53,-0.22,5.53
2025,3,Rhamondre Stevenson,RB,10.04,10.13,4.6,5.53,0.09,5.53
2025,15,Josh Allen,QB,19.45,19.0,24.52,-5.52,-0.45,5.52
2024,4,Rashod Bateman,WR,9.0,8.81,3.3,5.51,-0.19,5.51
2024,16,James Conner,RB,21.46,21.09,26.6,-5.51,-0.37,5.51
2024,14,A.J. Brown,WR,14.58,13.81,8.3,5.51,-0.77,5.51
2024,3,DeMario Douglas,WR,8.81,9.29,14.8,-5.51,0.48,5.51
2024,6,Breece Hall,RB,16.3,16.39,21.9,-5.51,0.09,5.51
2024,12,D'Andre Swift,RB,14.74,15.01,9.5,5.51,0.27,5.51
2024,10,Cole Kmet,TE,8.71,8.81,3.3,5.51,0.1,5.51
2025,4,Bucky Irving,RB,19.8,19.99,25.5,-5.51,0.19,5.51
2024,17,DeMario Douglas,WR,8.81,9.1,14.6,-5.5,0.29,5.5
2024,5,Ty Johnson,RB,7.09,7.0,1.5,5.5,-0.09,5.5
2025,11,Jared Goff,QB,17.53,17.6,12.1,5.5,0.07,5.5
2024,13,Hunter Henry,TE,8.62,9.0,14.5,-5.5,0.38,5.5
2024,13,Lamar Jackson,QB,20.48,19.89,25.38,-5.49,-0.59,5.49
2024,3,Sam LaPorta,TE,11.85,11.09,5.6,5.49,-0.76,5.49
2025,11,David Njoku,TE,6.43,7.19,1.7,5.49,0.76,5.49
2025,8,Tyler Warren,TE,16.12,14.79,9.3,5.49,-1.33,5.49
2025,8,Terry McLaurin,WR,8.62,8.91,14.4,-5.49,0.29,5.49
2025,12,CeeDee Lamb,WR,16.88,16.98,11.5,5.48,0.1,5.48
2025,9,Jaylen Warren,RB,11.51,11.42,16.9,-5.48,-0.09,5.48
2025,11,James Cook,RB,15.11,14.92,20.4,-5.48,-0.19,5.48
2025,10,Jacory Croskey-Merritt,RB,8.47,8.47,3.0,5.47,0.0,5.47
2024,8,Garrett Wilson,WR,11.02,10.83,16.3,-5.47,-0.19,5.47
2025,13,Josh Jacobs,RB,15.66,15.57,10.1,5.47,-0.09,5.47
2024,13,Tucker Kraft,TE,8.62,8.33,13.8,-5.47,-0.29,5.47
2025,11,Kareem Hunt,RB,7.74,7.74,13.2,-5.46,0.0,5.46
2024,15,Cole Kmet,TE,7.29,7.86,2.4,5.46,0.57,5.46
2025,11,Calvin Ridley,WR,7.18,7.75,2.3,5.45,0.57,5.45
2024,8,Cole Kmet,TE,9.85,9.85,4.4,5.45,0.0,5.45
2024,4,Michael Wilson,WR,10.16,10.25,4.8,5.45,0.09,5.45
2025,3,Kayshon Boutte,WR,10.16,10.25,4.8,5.45,0.09,5.45
2025,17,Kenny Gainwell,RB,12.07,12.25,6.8,5.45,0.18,5.45
2025,3,Jared Goff,QB,18.41,18.12,12.68,5.44,-0.29,5.44
2025,16,Chimere Dike,WR,7.27,7.56,13.0,-5.44,0.29,5.44
2024,18,Jalen Coker,WR,8.52,8.52,13.96,-5.44,0.0,5.44
2024,4,Jonathan Taylor,RB,14.18,14.37,19.8,-5.43,0.19,5.43
2024,18,Terry McLaurin,WR,15.25,14.77,20.2,-5.43,-0.48,5.43
2024,12,Raheem Mostert,RB,6.63,6.63,1.2,5.43,0.0,5.43
2024,12,Sam LaPorta,TE,11.18,10.33,4.9,5.43,-0.85,5.43
2025,16,Rico Dowdle,RB,13.63,13.72,8.3,5.42,0.09,5.42
2025,8,Chris Rodriguez Jr.,RB,5.62,5.62,0.2,5.42,0.0,5.42
2025,5,Chris Godwin Jr.,WR,10.83,11.02,5.6,5.42,0.19,5.42
2025,10,Woody Marks,RB,10.41,10.68,16.1,-5.42,0.27,5.42
2024,9,Jaleel McLaughlin,RB,10.04,10.41,5.0,5.41,0.37,5.41
2024,12,Jaxon Smith-Njigba,WR,14.38,14.29,19.7,-5.41,-0.09,5.41
2025,14,Saquon Barkley,RB,12.8,12.8,18.2,-5.4,0.0,5.4
2025,15,Kayshon Boutte,WR,9.29,9.39,4.0,5.39,0.1,5.39
2025,11,Jalen Hurts,QB,20.18,19.89,14.5,5.39,-0.29,5.39
2025,8,Jonnu Smith,TE,9.0,9.09,3.7,5.39,0.09,5.39
2025,8,Marvin Mims Jr.,WR,7.46,7.18,1.8,5.38,-0.28,5.38
2024,16,Caleb Williams,QB,17.09,17.38,22.76,-5.38,0.29,5.38
2025,15,Michael Wilson,WR,10.35,11.02,16.4,-5.38,0.67,5.38
2025,12,Jordan Mason,RB,9.3,9.58,4.2,5.38,0.28,5.38
2025,15,Rico Dowdle,RB,17.78,17.78,12.4,5.38,0.0,5.38
2024,12,Mark Andrews,TE,10.8,10.23,15.6,-5.37,-0.57,5.37
2024,4,Bijan Robinson,RB,16.95,16.76,11.4,5.36,-0.19,5.36
2024,5,Alvin Kamara,RB,17.59,17.96,12.6,5.36,0.37,5.36
2025,13,Brenton Strange,TE,8.33,8.14,13.5,-5.36,-0.19,5.36
2025,8,Caleb Williams,QB,17.01,17.16,11.8,5.36,0.15,5.36
2024,5,Tyler Conklin,TE,5.86,6.15,11.5,-5.35,0.29,5.35
2024,12,Zach Charbonnet,RB,7.65,7.55,2.2,5.35,-0.1,5.35
2024,9,Javonte Williams,RB,15.11,15.75,10.4,5.35,0.64,5.35
2024,3,Brandon Aiyuk,WR,15.15,15.15,9.8,5.35,0.0,5.35
2025,13,TreVeyon Henderson,RB,17.32,16.95,11.6,5.35,-0.37,5.35
2024,17,Keenan Allen,WR,12.65,12.85,7.5,5.35,0.2,5.35
2025,12,Ricky Pearsall,WR,7.66,8.14,2.8,5.34,0.48,5.34
2025,13,Rachaad White,RB,11.42,11.24,5.9,5.34,-0.18,5.34
2024,16,Isiah Pacheco,RB,8.93,8.84,3.5,5.34,-0.09,5.34
2025,14,Jaylen Warren,RB,9.67,9.86,15.2,-5.34,0.19,5.34
2025,12,Joe Flacco,QB,14.88,14.95,9.62,5.33,0.07,5.33
2024,12,Deebo Samuel Sr.,WR,8.14,8.43,3.1,5.33,0.29,5.33
2024,11,James Cook,RB,14.55,14.37,19.7,-5.33,-0.18,5.33
2025,10,RJ Harvey,RB,9.12,9.12,3.8,5.32,0.0,5.32
2024,7,Brian Robinson,RB,18.97,18.42,13.1,5.32,-0.55,5.32
2024,7,Sam LaPorta,TE,9.19,8.81,3.5,5.31,-0.38,5.31
2024,17,Tyreek Hill,WR,13.71,14.19,19.5,-5.31,0.48,5.31
2024,5,Aaron Jones,RB,11.61,11.61,6.3,5.31,0.0,5.31
2024,16,Terry McLaurin,WR,11.6,11.69,17.0,-5.31,0.09,5.31
2025,14,Chris Olave,WR,10.73,11.31,6.0,5.31,0.58,5.31
2024,14,Jaxon Smith-Njigba,WR,14.1,14.29,19.6,-5.31,0.19,5.31
2025,16,Justin Jefferson,WR,9.19,9.19,14.5,-5.31,0.0,5.31
2024,3,Gabe Davis,WR,9.19,9.1,3.8,5.3,-0.09,5.3
2024,16,Anthony Richardson,QB,15.1,14.95,20.24,-5.29,-0.15,5.29
2024,6,Tyler Lockett,WR,11.31,11.21,16.5,-5.29,-0.1,5.29
2025,12,Bijan Robinson,RB,19.53,19.99,14.7,5.29,0.46,5.29
2025,14,Darnell Mooney,WR,6.7,6.89,1.6,5.29,0.19,5.29
2025,14,Woody Marks,RB,10.32,10.32,15.6,-5.28,0.0,5.28
2024,12,Brock Bowers,TE,12.13,13.08,7.8,5.28,0.95,5.28
2025,3,Tucker Kraft,TE,11.37,11.18,5.9,5.28,-0.19,5.28
2024,18,Zach Ertz,TE,10.61,10.14,15.4,-5.26,-0.47,5.26
2025,6,Rachaad White,RB,12.53,12.34,17.6,-5.26,-0.19,5.26
2025,15,Terry McLaurin,WR,10.54,10.64,15.9,-5.26,0.1,5.26
2024,16,Tony Pollard,RB,13.08,13.26,8.0,5.26,0.18,5.26
2024,13,Bijan Robinson,RB,20.45,20.26,25.5,-5.24,-0.19,5.24
2025,4,Emeka Egbuka,WR,14.19,14.86,20.1,-5.24,0.67,5.24
2024,13,D'Andre Swift,RB,14.28,14.64,9.4,5.24,0.36,5.24
2024,4,Brock Bowers,TE,9.57,10.33,5.1,5.23,0.76,5.23
2025,6,Xavier Legette,WR,8.33,8.33,3.1,5.23,0.0,5.23
2025,17,Courtland Sutton,WR,13.62,13.23,8.0,5.23,-0.39,5.23
2024,7,Justice Hill,RB,8.75,8.57,13.8,-5.23,-0.18,5.23
2024,8,Zach Ertz,TE,9.47,9.47,14.7,-5.23,0.0,5.23
2025,18,Bo Nix,QB,16.2,15.76,10.54,5.22,-0.44,5.22
2024,15,Rome Odunze,WR,10.54,11.12,5.9,5.22,0.58,5.22
2024,7,Tony Pollard,RB,13.26,13.72,8.5,5.22,0.46,5.22
2025,16,Bo Nix,QB,20.85,20.4,15.18,5.22,-0.45,5.22
2025,8,Courtland Sutton,WR,16.59,15.92,10.7,5.22,-0.67,5.22
2025,8,Dalton Kincaid,TE,9.0,8.52,3.3,5.22,-0.48,5.22
2024,18,Tim Patrick,WR,9.19,8.71,3.5,5.21,-0.48,5.21
2024,7,Alec Pierce,WR,8.81,8.71,3.5,5.21,-0.1,5.21
2025,13,Javonte Williams,RB,11.97,11.79,17.0,-5.21,-0.18,5.21
2025,14,Rachaad White,RB,11.88,11.7,6.5,5.2,-0.18,5.2
2025,4,Elic Ayomanor,WR,11.02,11.6,6.4,5.2,0.58,5.2
2024,6,Bo Nix,QB,14.88,15.54,20.74,-5.2,0.66,5.2
2025,5,Marquise Brown,WR,14.38,14.0,8.8,5.2,-0.38,5.2
2025,4,Sterling Shepard,WR,8.71,9.19,4.0,5.19,0.48,5.19
2025,13,Troy Franklin,WR,9.58,9.29,4.1,5.19,-0.29,5.19
2025,17,Ladd McConkey,WR,9.19,9.29,4.1,5.19,0.1,5.19
2024,15,Jonathan Taylor,RB,15.11,15.29,10.1,5.19,0.18,5.19
2025,11,Oronde Gadsden II,TE,11.47,11.28,6.1,5.18,-0.19,5.18
2024,3,Jaxon Smith-Njigba,WR,12.08,12.08,6.9,5.18,0.0,5.18
2025,6,Josh Downs,WR,11.69,11.02,16.2,-5.18,-0.67,5.18
2024,13,Anthony Richardson,QB,15.91,15.98,21.16,-5.18,0.07,5.18
2024,16,Saquon Barkley,RB,22.01,21.83,27.0,-5.17,-0.18,5.17
2025,15,Jaxon Smith-Njigba,WR,13.71,13.13,18.3,-5.17,-0.58,5.17
2024,6,Lamar Jackson,QB,25.34,24.09,18.92,5.17,-1.25,5.17
2024,9,Patrick Mahomes,QB,19.96,19.37,24.54,-5.17,-0.59,5.17
2024,4,Stefon Diggs,WR,13.81,13.33,18.5,-5.17,-0.48,5.17
2024,12,Jordan Mason,RB,7.37,7.46,2.3,5.16,0.09,5.16
2024,15,Zach Ertz,TE,10.04,9.66,4.5,5.16,-0.38,5.16
2024,5,Chuba Hubbard,RB,12.07,12.34,17.5,-5.16,0.27,5.16
2025,9,Darnell Mooney,WR,7.66,7.66,2.5,5.16,0.0,5.16
2024,3,Nico Collins,WR,18.13,17.75,12.6,5.15,-0.38,5.15
2024,16,D'Andre Swift,RB,13.26,13.45,8.3,5.15,0.19,5.15
2025,8,Woody Marks,RB,9.86,9.95,15.1,-5.15,0.09,5.15
2024,12,Cedric Tillman,WR,7.56,7.95,2.8,5.15,0.39,5.15
2025,14,Trevor Lawrence,QB,14.07,14.21,19.36,-5.15,0.14,5.15
2024,15,Aaron Jones,RB,13.63,13.45,18.6,-5.15,-0.18,5.15
2025,6,Marvin Harrison Jr.,WR,10.06,10.35,5.2,5.15,0.29,5.15
2025,17,Josh Downs,WR,10.64,10.54,5.4,5.14,-0.1,5.14
2025,10,Emanuel Wilson,RB,6.63,6.54,1.4,5.14,-0.09,5.14
2024,12,Jayden Reed,WR,10.73,10.73,5.6,5.13,0.0,5.13
2024,10,CeeDee Lamb,WR,12.94,13.52,8.4,5.12,0.58,5.12
2025,13,Chris Olave,WR,9.19,9.58,14.7,-5.12,0.39,5.12
2024,16,Justice Hill,RB,8.29,8.11,3.0,5.11,-0.18,5.11
2025,9,Nico Collins,WR,9.1,9.39,14.5,-5.11,0.29,5.11
2025,8,Brashard Smith,RB,6.08,5.9,0.8,5.1,-0.18,5.1
2024,13,Calvin Ridley,WR,11.31,11.6,6.5,5.1,0.29,5.1
2024,11,Demarcus Robinson,WR,9.0,9.0,3.9,5.1,0.0,5.1
2025,10,David Montgomery,RB,15.38,15.2,10.1,5.1,-0.18,5.1
2024,7,Alexander Mattison,RB,9.3,10.22,15.3,-5.08,0.92,5.08
2024,3,Andrei Iosivas,WR,11.31,11.12,16.2,-5.08,-0.19,5.08
2025,17,Justin Jefferson,WR,11.69,12.08,7.0,5.08,0.39,5.08
2025,13,David Njoku,TE,6.72,7.48,2.4,5.08,0.76,5.08
2024,14,Christian Watson,WR,8.43,8.33,13.4,-5.07,-0.1,5.07
2025,5,Jakobi Meyers,WR,12.08,12.27,7.2,5.07,0.19,5.07
2025,6,Jacory Croskey-Merritt,RB,11.05,10.87,5.8,5.07,-0.18,5.07
2024,11,Jordan Love,QB,15.24,15.17,20.24,-5.07,-0.07,5.07
2024,16,Rico Dowdle,RB,13.08,13.17,8.1,5.07,0.09,5.07
2025,8,T.J. Hockenson,TE,9.47,9.66,4.6,5.06,0.19,5.06
2024,14,Allen Lazard,WR,7.66,7.85,2.8,5.05,0.19,5.05
2024,4,Jaylen Waddle,WR,12.75,12.65,7.6,5.05,-0.1,5.05
2024,4,Hunter Henry,TE,7.48,8.24,3.2,5.04,0.76,5.04
2025,3,Nico Collins,WR,17.07,17.36,22.4,-5.04,0.29,5.04
2025,15,Kyren Williams,RB,17.04,16.76,21.8,-5.04,-0.28,5.04
2025,4,D'Andre Swift,RB,10.96,10.96,16.0,-5.04,0.0,5.04
2025,17,Caleb Williams,QB,18.19,17.97,23.0,-5.03,-0.22,5.03
2025,16,DK Metcalf,WR,13.23,13.23,8.2,5.03,0.0,5.03
2025,6,Sam LaPorta,TE,11.66,11.47,16.5,-5.03,-0.19,5.03
2025,16,Brock Bowers,TE,8.24,9.28,14.3,-5.02,1.04,5.02
2025,17,Jalen Coker,WR,8.23,8.62,3.6,5.02,0.39,5.02
2025,10,Travis Etienne,RB,10.5,10.68,15.7,-5.02,0.18,5.02
2024,3,Tank Dell,WR,16.59,16.21,11.2,5.01,-0.38,5.01
2024,11,Rico Dowdle,RB,10.41,10.41,5.4,5.01,0.0,5.01
2025,10,Alvin Kamara,RB,8.38,9.49,14.5,-5.01,1.11,5.01
2024,7,Breece Hall,RB,20.82,21.09,26.1,-5.01,0.27,5.01
2024,11,Tyler Lockett,WR,8.91,8.91,3.9,5.01,0.0,5.01
2025,14,Lamar Jackson,QB,16.28,16.06,21.06,-5.0,-0.22,5.0
2024,18,Trey McBride,TE,14.7,14.51,19.5,-4.99,-0.19,4.99
2025,15,Jerry Jeudy,WR,8.71,9.19,4.2,4.99,0.48,4.99
2025,8,Jordan Addison,WR,16.4,16.59,11.6,4.99,0.19,4.99
2025,8,Isiah Pacheco,RB,11.05,10.78,5.8,4.98,-0.27,4.98
2025,3,J.K. Dobbins,RB,10.32,10.32,15.3,-4.98,0.0,4.98
2024,16,Kyren Williams,RB,15.01,14.92,19.9,-4.98,-0.09,4.98
2025,9,Kenneth Walker III,RB,13.17,13.08,8.1,4.98,-0.09,4.98
2024,15,Justin Herbert,QB,19.08,18.78,13.8,4.98,-0.3,4.98
2025,10,Trevor Lawrence,QB,14.51,14.8,9.82,4.98,0.29,4.98
2025,15,Jaylen Waddle,WR,9.39,9.58,4.6,4.98,0.19,4.98
2025,13,Shedeur Sanders,QB,14.73,15.54,10.56,4.98,0.81,4.98
2025,8,Kyle Monangai,RB,7.37,7.37,2.4,4.97,0.0,4.97
2025,4,Nick Chubb,RB,13.36,13.17,8.2,4.97,-0.19,4.97
2025,5,Tetairoa McMillan,WR,8.33,8.33,13.3,-4.97,0.0,4.97
2024,12,Jerome Ford,RB,8.2,8.66,3.7,4.96,0.46,4.96
2024,5,Courtland Sutton,WR,9.96,10.16,5.2,4.96,0.2,4.96
2025,17,Tee Higgins,WR,15.63,14.86,9.9,4.96,-0.77,4.96
2025,6,Tetairoa McMillan,WR,12.94,12.94,17.9,-4.96,0.0,4.96
2025,11,DJ Moore,WR,8.04,8.04,3.1,4.94,0.0,4.94
2024,11,Khalil Shakir,WR,10.25,10.06,15.0,-4.94,-0.19,4.94
2024,5,Marvin Harrison Jr.,WR,10.54,10.54,5.6,4.94,0.0,4.94
2024,16,Geno Smith,QB,16.2,16.42,21.36,-4.94,0.22,4.94
2024,13,Aaron Jones,RB,14.83,14.74,9.8,4.94,-0.09,4.94
2024,14,Malik Nabers,WR,10.35,9.96,14.9,-4.94,-0.39,4.94
2025,10,Rashid Shaheed,WR,8.43,8.23,3.3,4.93,-0.2,4.93
2024,12,Matthew Stafford,QB,14.43,14.29,19.22,-4.93,-0.14,4.93
2025,13,Tony Pollard,RB,9.86,10.22,5.3,4.92,0.36,4.92
2025,5,Patrick Mahomes,QB,22.17,21.8,26.72,-4.92,-0.37,4.92
2024,14,Keenan Allen,WR,10.73,10.92,6.0,4.92,0.19,4.92
2024,16,Aaron Rodgers,QB,17.75,17.75,12.84,4.91,0.0,4.91
2025,9,Jauan Jennings,WR,9.29,9.19,14.1,-4.91,-0.1,4.91
2024,11,Ja'Marr Chase,WR,21.78,21.59,26.5,-4.91,-0.19,4.91
2024,16,Jaylen Warren,RB,8.93,9.3,14.2,-4.9,0.37,4.9
2024,6,Zach Charbonnet,RB,9.49,9.4,4.5,4.9,-0.09,4.9
2025,13,Jauan Jennings,WR,8.91,9.0,13.9,-4.9,0.09,4.9
2024,5,D'Andre Swift,RB,15.11,15.11,20.0,-4.89,0.0,4.89
2025,9,Ashton Jeanty,RB,14.83,15.01,19.9,-4.89,0.18,4.89
2024,7,Dontayvion Wicks,WR,9.1,8.91,13.8,-4.89,-0.19,4.89
2025,5,Cam Ward,QB,12.37,12.89,8.0,4.89,0.52,4.89
2024,7,Mike Evans,WR,14.48,14.38,9.5,4.88,-0.1,4.88
2025,14,Ashton Jeanty,RB,10.13,10.68,5.8,4.88,0.55,4.88
2024,4,Amari Cooper,WR,12.46,12.37,7.5,4.87,-0.09,4.87
2025,3,Dont'e Thornton Jr.,WR,9.58,9.77,4.9,4.87,0.19,4.87
2025,18,Stefon Diggs,WR,13.13,12.17,7.3,4.87,-0.96,4.87
2025,6,Travis Etienne,RB,14.46,14.37,9.5,4.87,-0.09,4.87
2025,14,Keenan Allen,WR,9.87,10.06,5.2,4.86,0.19,4.86
2025,17,Keenan Allen,WR,7.46,7.56,2.7,4.86,0.1,4.86
2024,12,Najee Harris,RB,12.16,12.25,7.4,4.85,0.09,4.85
2024,3,Najee Harris,RB,8.66,8.75,13.6,-4.85,0.09,4.85
2024,12,James Conner,RB,14.83,14.74,9.9,4.84,-0.09,4.84
2024,14,Tyrone Tracy Jr.,RB,14.46,14.46,19.3,-4.84,0.0,4.84
2025,15,Stefon Diggs,WR,10.35,10.44,5.6,4.84,0.09,4.84
2024,3,Bo Nix,QB,13.99,14.51,19.34,-4.83,0.52,4.83
2024,9,Trevor Lawrence,QB,14.36,14.73,19.56,-4.83,0.37,4.83
2025,14,Aaron Jones,RB,12.43,12.43,7.6,4.83,0.0,4.83
2024,12,Calvin Ridley,WR,8.91,9.48,14.3,-4.82,0.57,4.82
2024,15,Isaiah Likely,TE,9.28,8.52,3.7,4.82,-0.76,4.82
2024,16,Jakobi Meyers,WR,10.92,10.92,6.1,4.82,0.0,4.82
2025,8,Xavier Legette,WR,8.33,8.52,3.7,4.82,0.19,4.82
2024,4,Chris Olave,WR,11.69,11.89,16.7,-4.81,0.2,4.81
2024,4,Andrei Iosivas,WR,8.91,8.71,3.9,4.81,-0.2,4.81
2025,3,Patrick Mahomes,QB,18.27,17.97,13.16,4.81,-0.3,4.81
2024,16,Michael Pittman,WR,8.81,8.71,3.9,4.81,-0.1,4.81
2024,9,Tyrone Tracy Jr.,RB,12.53,12.71,7.9,4.81,0.18,4.81
2024,7,Joe Burrow,QB,19.96,19.74,14.94,4.8,-0.22,4.8
2025,6,Daniel Jones,QB,18.27,17.68,22.48,-4.8,-0.59,4.8
2024,12,Geno Smith,QB,17.23,17.16,12.36,4.8,-0.07,4.8
2025,4,Caleb Williams,QB,16.64,16.57,11.78,4.79,-0.07,4.79
2024,14,Kyle Pitts,TE,6.91,7.19,2.4,4.79,0.28,4.79
2024,5,Emanuel Wilson,RB,7.28,7.28,2.5,4.78,0.0,4.78
2025,15,Zay Flowers,WR,11.5,11.02,15.8,-4.78,-0.48,4.78
2024,18,Caleb Williams,QB,14.88,15.69,10.92,4.77,0.81,4.77
2025,3,Brian Thomas Jr.,WR,12.27,12.27,7.5,4.77,0.0,4.77
2024,12,Nick Westbrook-Ikhine,WR,7.56,8.04,12.8,-4.76,0.48,4.76
2025,5,Jahmyr Gibbs,RB,21.92,21.46,16.7,4.76,-0.46,4.76
2024,16,Cooper Kupp,WR,10.35,10.16,5.4,4.76,-0.19,4.76
2025,9,Kareem Hunt,RB,7.83,7.74,12.5,-4.76,-0.09,4.76
2024,16,Bucky Irving,RB,13.72,13.45,18.2,-4.75,-0.27,4.75
2024,9,Rashod Bateman,WR,10.64,10.25,5.5,4.75,-0.39,4.75
2024,10,DJ Moore,WR,10.35,10.44,5.7,4.74,0.09,4.74
2025,5,Trey McBride,TE,14.32,13.84,9.1,4.74,-0.48,4.74
2025,11,Kyle Pitts,TE,8.24,8.14,3.4,4.74,-0.1,4.74
2025,5,Dyami Brown,WR,8.14,8.23,3.5,4.73,0.09,4.73
2024,10,Raheem Mostert,RB,10.22,10.13,5.4,4.73,-0.09,4.73
2025,14,Bucky Irving,RB,21.0,20.82,16.1,4.72,-0.18,4.72
2025,14,Brian Thomas Jr.,WR,6.89,6.98,11.7,-4.72,0.09,4.72
2025,4,Javonte Williams,RB,14.0,14.28,19.0,-4.72,0.28,4.72
2024,13,James Cook,RB,14.37,14.28,19.0,-4.72,-0.09,4.72
2025,6,Tony Pollard,RB,11.24,11.42,6.7,4.72,0.18,4.72
2024,12,Tyler Lockett,WR,8.71,8.71,4.0,4.71,0.0,4.71
2025,8,Zay Flowers,WR,9.48,9.39,14.1,-4.71,-0.09,4.71
2025,8,DK Metcalf,WR,11.69,11.79,16.5,-4.71,0.1,4.71
2024,13,Josh Palmer,WR,8.91,8.81,4.1,4.71,-0.1,4.71
2025,18,Deebo Samuel Sr.,WR,8.43,8.81,4.1,4.71,0.38,4.71
2025,15,Wan'Dale Robinson,WR,11.5,11.69,16.4,-4.71,0.19,4.71
2025,10,Oronde Gadsden II,TE,9.19,9.0,4.3,4.7,-0.19,4.7
2025,11,Caleb Williams,QB,15.02,15.02,10.32,4.7,0.0,4.7
2025,16,Jordan Addison,WR,9.29,9.29,4.6,4.69,0.0,4.69
2024,12,Cole Kmet,TE,8.14,8.71,13.4,-4.69,0.57,4.69
2025,13,Baker Mayfield,QB,19.45,19.15,14.46,4.69,-0.3,4.69
2024,5,Zack Moss,RB,13.08,12.89,8.2,4.69,-0.19,4.69
2025,4,Ja'Marr Chase,WR,11.5,11.98,7.3,4.68,0.48,4.68
2024,9,Austin Ekeler,RB,12.62,12.62,17.3,-4.68,0.0,4.68
2025,7,Kyle Pitts,TE,8.52,8.52,13.2,-4.68,0.0,4.68
2024,18,Brock Bowers,TE,9.76,10.33,15.0,-4.67,0.57,4.67
2024,3,Austin Ekeler,RB,8.84,9.03,13.7,-4.67,0.19,4.67
2024,9,Matthew Stafford,QB,13.4,13.25,17.92,-4.67,-0.15,4.67
2024,10,J.K. Dobbins,RB,13.91,13.17,8.5,4.67,-0.74,4.67
2025,3,D'Andre Swift,RB,15.57,15.47,10.8,4.67,-0.1,4.67
2024,12,Noah Brown,WR,8.81,8.43,13.1,-4.67,-0.38,4.67
2025,11,Jaylen Warren,RB,13.63,13.36,8.7,4.66,-0.27,4.66
2024,3,Alec Pierce,WR,10.06,10.06,5.4,4.66,0.0,4.66
2025,8,Tony Pollard,RB,10.5,10.96,6.3,4.66,0.46,4.66
2025,3,Stefon Diggs,WR,9.87,9.96,5.3,4.66,0.09,4.66
2025,5,Justin Herbert,QB,19.74,19.3,14.64,4.66,-0.44,4.66
2024,16,Adam Thielen,WR,10.54,10.64,15.3,-4.66,0.1,4.66
2024,13,Rachaad White,RB,13.72,13.45,8.8,4.65,-0.27,4.65
2024,18,Brian Thomas Jr.,WR,12.65,12.65,17.3,-4.65,0.0,4.65
2024,6,Aaron Rodgers,QB,13.03,13.11,17.76,-4.65,0.08,4.65
2024,5,Ray-Ray McCloud,WR,8.14,7.95,12.6,-4.65,-0.19,4.65
2025,18,AJ Barner,TE,8.43,8.05,3.4,4.65,-0.38,4.65
2024,17,Romeo Doubs,WR,10.44,10.16,14.8,-4.64,-0.28,4.64
2025,4,Alvin Kamara,RB,14.92,15.84,11.2,4.64,0.92,4.64
2024,7,Chuba Hubbard,RB,15.75,15.84,11.2,4.64,0.09,4.64
2025,5,Keenan Allen,WR,15.83,15.44,10.8,4.64,-0.39,4.64
2024,6,Rashid Shaheed,WR,12.65,12.94,8.3,4.64,0.29,4.64
2025,12,DK Metcalf,WR,9.67,9.77,14.4,-4.63,0.1,4.63
2024,4,DJ Moore,WR,15.92,15.83,11.2,4.63,-0.09,4.63
2025,15,Travis Kelce,TE,9.47,9.38,14.0,-4.62,-0.09,4.62
2024,6,Jaleel McLaughlin,RB,8.47,9.12,4.5,4.62,0.65,4.62
2025,8,Alec Pierce,WR,14.38,13.52,8.9,4.62,-0.86,4.62
2025,16,Kyren Williams,RB,16.12,16.12,11.5,4.62,0.0,4.62
2024,3,Elijah Higgins,TE,6.91,6.72,2.1,4.62,-0.19,4.62
2024,17,Courtland Sutton,WR,11.98,11.89,16.5,-4.61,-0.09,4.61
2024,9,Kareem Hunt,RB,14.28,14.09,18.7,-4.61,-0.19,4.61
2025,16,Colby Parkinson,TE,8.52,8.71,4.1,4.61,0.19,4.61
2025,6,Keenan Allen,WR,11.6,11.31,6.7,4.61,-0.29,4.61
2025,13,Jaylen Waddle,WR,11.79,11.6,7.0,4.6,-0.19,4.6
2025,3,Jakobi Meyers,WR,13.9,13.9,9.3,4.6,0.0,4.6
2024,15,Kareem Hunt,RB,10.5,10.5,5.9,4.6,0.0,4.6
2024,7,Kyle Pitts,TE,9.38,8.9,13.5,-4.6,-0.48,4.6
2025,6,Breece Hall,RB,10.04,10.5,5.9,4.6,0.46,4.6
2025,7,Cole Kmet,TE,7.19,7.19,2.6,4.59,0.0,4.59
2024,10,Justin Herbert,QB,15.32,15.17,19.76,-4.59,-0.15,4.59
2024,15,Rhamondre Stevenson,RB,13.91,14.09,9.5,4.59,0.18,4.59
2024,5,Kyren Williams,RB,20.08,20.08,15.5,4.58,0.0,4.58
2025,12,Matthew Stafford,QB,18.93,18.34,22.92,-4.58,-0.59,4.58
2025,13,Chase Brown,RB,13.82,13.72,18.3,-4.58,-0.1,4.58
2024,6,Isaiah Likely,TE,9.38,9.28,4.7,4.58,-0.1,4.58
2024,16,Courtland Sutton,WR,14.19,14.58,10.0,4.58,0.39,4.58
2025,4,Jake Ferguson,TE,11.85,12.42,17.0,-4.58,0.57,4.58
2025,9,Jared Goff,QB,15.17,14.8,19.36,-4.56,-0.37,4.56
2024,6,Zach Ertz,TE,6.24,6.24,10.8,-4.56,0.0,4.56
2024,8,Nick Chubb,RB,9.58,9.76,5.2,4.56,0.18,4.56
2025,10,Kendrick Bourne,WR,7.37,7.46,2.9,4.56,0.09,4.56
2025,13,De'Von Achane,RB,24.13,23.95,19.4,4.55,-0.18,4.55
2025,3,Ladd McConkey,WR,12.75,12.65,8.1,4.55,-0.1,4.55
2024,3,Travis Etienne,RB,17.04,17.04,12.5,4.54,0.0,4.54
2025,16,Omarion Hampton,RB,12.07,11.97,16.5,-4.53,-0.1,4.53
2025,9,Juwan Johnson,TE,6.53,7.57,12.1,-4.53,1.04,4.53
2024,14,Aaron Rodgers,QB,12.74,13.03,17.56,-4.53,0.29,4.53
2025,4,Brock Bowers,TE,14.51,14.13,9.6,4.53,-0.38,4.53
2024,6,Sam LaPorta,TE,8.33,7.67,12.2,-4.53,-0.66,4.53
2024,18,Rome Odunze,WR,7.75,8.33,3.8,4.53,0.58,4.53
2025,8,Emeka Egbuka,WR,11.21,11.02,6.5,4.52,-0.19,4.52
2025,4,T.J. Hockenson,TE,12.42,12.42,7.9,4.52,0.0,4.52
2025,4,Cooper Kupp,WR,11.12,11.12,6.6,4.52,0.0,4.52
2024,6,Jake Ferguson,TE,9.0,8.62,4.1,4.52,-0.38,4.52
2024,17,Jordan Addison,WR,14.67,14.38,18.9,-4.52,-0.29,4.52
2024,9,Romeo Doubs,WR,11.31,11.31,6.8,4.51,0.0,4.51
2025,3,Jalen Nailor,WR,11.21,11.21,6.7,4.51,0.0,4.51
2024,4,Caleb Williams,QB,15.98,15.98,11.48,4.5,0.0,4.5
2024,9,Josh Allen,QB,18.19,17.6,22.1,-4.5,-0.59,4.5
2024,5,Terry McLaurin,WR,9.0,8.91,13.4,-4.49,-0.09,4.49
2025,8,Aaron Jones,RB,9.3,9.49,5.0,4.49,0.19,4.49
2025,17,Trevor Lawrence,QB,19.15,18.63,23.12,-4.49,-0.52,4.49
2024,18,Ja'Marr Chase,WR,21.88,21.11,25.6,-4.49,-0.77,4.49
2024,4,Tre Tucker,WR,10.54,10.92,15.4,-4.48,0.38,4.48
2024,8,Patrick Mahomes,QB,13.92,13.7,18.18,-4.48,-0.22,4.48
2024,17,Mark Andrews,TE,10.9,10.33,14.8,-4.47,-0.57,4.47
2025,10,Khalil Shakir,WR,8.81,8.33,12.8,-4.47,-0.48,4.47
2025,12,Tee Higgins,WR,12.46,12.56,8.1,4.46,0.1,4.46
2025,5,Travis Etienne,RB,13.26,13.26,8.8,4.46,0.0,4.46
2025,3,Kenneth Walker III,RB,13.72,13.54,18.0,-4.46,-0.18,4.46
2025,15,Dak Prescott,QB,16.87,16.42,11.96,4.46,-0.45,4.46
2025,17,Kenneth Walker III,RB,12.25,12.16,7.7,4.46,-0.09,4.46
2024,14,Nick Mullens,QB,4.26,4.26,-0.2,4.46,0.0,4.46
2024,7,Josh Allen,QB,16.87,16.57,21.02,-4.45,-0.3,4.45
2025,5,Tyler Warren,TE,10.61,9.95,14.4,-4.45,-0.66,4.45
2024,6,Brock Bowers,TE,10.61,11.66,16.1,-4.44,1.05,4.44
2024,11,Brian Robinson,RB,9.76,9.76,14.2,-4.44,0.0,4.44
2024,3,Michael Wilson,WR,10.16,9.96,14.4,-4.44,-0.2,4.44
2024,7,Tucker Kraft,TE,8.05,7.86,12.3,-4.44,-0.19,4.44
2025,7,Aaron Rodgers,QB,18.49,18.12,22.56,-4.44,-0.37,4.44
2024,15,Sincere McCormick,RB,8.75,8.93,4.5,4.43,0.18,4.43
2024,5,Stefon Diggs,WR,9.96,9.77,14.2,-4.43,-0.19,4.43
2025,4,Michael Penix Jr.,QB,14.36,14.29,18.72,-4.43,-0.07,4.43
2024,7,Zack Moss,RB,12.25,11.42,7.0,4.42,-0.83,4.42
2024,13,Cade Otton,TE,10.99,10.42,6.0,4.42,-0.57,4.42
2025,7,De'Von Achane,RB,16.95,17.22,12.8,4.42,0.27,4.42
2024,9,David Njoku,TE,11.85,12.32,7.9,4.42,0.47,4.42
2024,11,Javonte Williams,RB,14.37,14.28,18.7,-4.42,-0.09,4.42
2024,10,Matthew Stafford,QB,14.36,14.14,9.72,4.42,-0.22,4.42
2025,4,Chris Olave,WR,12.65,13.42,9.0,4.42,0.77,4.42
2024,4,C.J. Stroud,QB,19.59,19.08,23.5,-4.42,-0.51,4.42
2024,14,Rico Dowdle,RB,10.68,10.68,15.1,-4.42,0.0,4.42
2025,15,Ashton Jeanty,RB,11.61,12.62,8.2,4.42,1.01,4.42
2025,10,Rico Dowdle,RB,19.62,19.71,15.3,4.41,0.09,4.41
2025,17,DeVonta Smith,WR,8.81,8.91,4.5,4.41,0.1,4.41
2025,14,Nico Collins,WR,11.98,11.69,16.1,-4.41,-0.29,4.41
2024,7,Brandon Aiyuk,WR,8.91,8.71,4.3,4.41,-0.2,4.41
2024,15,Joe Mixon,RB,15.11,15.01,10.6,4.41,-0.1,4.41
2025,9,Tre Tucker,WR,10.92,11.21,6.8,4.41,0.29,4.41
2024,14,DeVonta Smith,WR,9.77,9.29,13.7,-4.41,-0.48,4.41
2025,5,Omarion Hampton,RB,18.61,17.41,13.0,4.41,-1.2,4.41
2024,17,Jordan Love,QB,18.86,18.41,14.0,4.41,-0.45,4.41
2025,17,George Pickens,WR,17.36,16.21,11.8,4.41,-1.15,4.41
2024,3,Geno Smith,QB,15.91,15.76,11.36,4.4,-0.15,4.4
2024,6,Jalen Hurts,QB,17.82,17.46,21.86,-4.4,-0.36,4.4
2024,3,Justin Herbert,QB,12.89,13.4,9.0,4.4,0.51,4.4
2025,10,Bijan Robinson,RB,15.2,15.2,10.8,4.4,0.0,4.4
2025,10,Sam LaPorta,TE,15.84,14.7,10.3,4.4,-1.14,4.4
2024,7,Stefon Diggs,WR,11.69,11.69,7.3,4.39,0.0,4.39
2025,18,Luther Burden III,WR,12.56,11.89,7.5,4.39,-0.67,4.39
2024,4,Jakobi Meyers,WR,13.71,14.29,9.9,4.39,0.58,4.39
2024,16,Darnell Mooney,WR,9.1,8.81,13.2,-4.39,-0.29,4.39
2025,13,Cade Otton,TE,7.57,7.29,2.9,4.39,-0.28,4.39
2024,18,Breece Hall,RB,13.72,13.82,18.2,-4.38,0.1,4.38
2024,6,Courtland Sutton,WR,11.02,10.92,15.3,-4.38,-0.1,4.38
2024,8,Terry McLaurin,WR,13.04,13.13,17.5,-4.37,0.09,4.37
2025,9,Mack Hollins,WR,7.27,7.27,2.9,4.37,0.0,4.37
2025,8,Cam Skattebo,RB,13.91,14.37,10.0,4.37,0.46,4.37
2024,16,Mike Gesicki,TE,8.33,7.76,3.4,4.36,-0.57,4.36
2024,6,Brandon Aiyuk,WR,10.35,10.06,5.7,4.36,-0.29,4.36
2024,8,Aaron Rodgers,QB,13.03,12.96,17.32,-4.36,-0.07,4.36
2024,12,De'Von Achane,RB,25.33,24.96,20.6,4.36,-0.37,4.36
2025,16,Blake Corum,RB,8.66,8.75,13.1,-4.35,0.09,4.35
2025,6,Kareem Hunt,RB,8.75,8.75,4.4,4.35,0.0,4.35
2025,3,Bijan Robinson,RB,20.72,20.45,16.1,4.35,-0.27,4.35
2025,18,Matthew Stafford,QB,23.87,22.32,26.66,-4.34,-1.55,4.34
2025,7,Brian Thomas Jr.,WR,10.35,10.44,6.1,4.34,0.09,4.34
2025,10,Christian McCaffrey,RB,13.17,13.26,17.6,-4.34,0.09,4.34
2025,15,Devaughn Vele,WR,7.37,7.56,11.9,-4.34,0.19,4.34
2025,11,Rome Odunze,WR,10.44,10.44,6.1,4.34,0.0,4.34
2024,5,Raheem Mostert,RB,7.37,7.46,11.8,-4.34,0.09,4.34
2025,9,Chris Olave,WR,11.98,13.04,8.7,4.34,1.06,4.34
2024,12,Cade Otton,TE,8.52,8.33,4.0,4.33,-0.19,4.33
2024,9,Josh Jacobs,RB,17.04,17.13,12.8,4.33,0.09,4.33
2024,13,A.J. Brown,WR,16.11,15.92,11.6,4.32,-0.19,4.32
2025,9,Wan'Dale Robinson,WR,9.19,9.29,13.6,-4.31,0.1,4.31
2024,14,Drake London,WR,15.83,16.31,12.0,4.31,0.48,4.31
2024,8,Tank Dell,WR,9.39,9.19,13.5,-4.31,-0.2,4.31
2024,10,Dalton Kincaid,TE,9.09,8.71,4.4,4.31,-0.38,4.31
2024,13,Rome Odunze,WR,8.43,8.81,4.5,4.31,0.38,4.31
2024,11,Nico Collins,WR,14.0,13.71,9.4,4.31,-0.29,4.31
2024,14,Jonnu Smith,TE,9.38,9.09,13.4,-4.31,-0.29,4.31
2024,13,Jakobi Meyers,WR,10.44,11.4,15.7,-4.3,0.96,4.3
2024,16,Bo Nix,QB,16.28,16.72,21.02,-4.3,0.44,4.3
2025,15,Drake Maye,QB,16.35,16.2,20.5,-4.3,-0.15,4.3
2024,5,Tank Dell,WR,11.79,11.6,7.3,4.3,-0.19,4.3
2024,9,Will Dissly,TE,7.1,7.19,2.9,4.29,0.09,4.29
2024,6,J.K. Dobbins,RB,13.82,13.91,18.2,-4.29,0.09,4.29
2024,9,Tua Tagovailoa,QB,13.11,13.25,17.54,-4.29,0.14,4.29
2025,8,Jalen Hurts,QB,21.51,21.07,25.36,-4.29,-0.44,4.29
2025,7,Tyler Warren,TE,12.8,12.61,16.9,-4.29,-0.19,4.29
2024,7,Derrick Henry,RB,21.18,20.91,25.2,-4.29,-0.27,4.29
2025,4,Davante Adams,WR,11.69,11.31,15.6,-4.29,-0.38,4.29
2025,14,Colston Loveland,TE,8.24,8.62,12.9,-4.28,0.38,4.28
2024,3,Travis Kelce,TE,11.66,11.28,7.0,4.28,-0.38,4.28
2025,4,Jaylen Waddle,WR,12.27,12.08,7.8,4.28,-0.19,4.28
2025,18,Mike Gesicki,TE,8.24,7.57,3.3,4.27,-0.67,4.27
2024,5,Tutu Atwell,WR,8.23,8.23,12.5,-4.27,0.0,4.27
2024,4,Chris Godwin Jr.,WR,16.98,17.17,12.9,4.27,0.19,4.27
2024,8,Stefon Diggs,WR,8.62,8.43,12.7,-4.27,-0.19,4.27
2025,15,Lamar Jackson,QB,19.52,18.86,14.6,4.26,-0.66,4.26
2025,11,Jaylen Waddle,WR,12.65,12.46,8.2,4.26,-0.19,4.26
2024,12,Jerry Jeudy,WR,9.67,10.25,14.5,-4.25,0.58,4.25
2025,12,AJ Barner,TE,8.52,8.05,3.8,4.25,-0.47,4.25
2025,6,TreVeyon Henderson,RB,8.93,8.84,4.6,4.24,-0.09,4.24
2024,18,Rico Dowdle,RB,11.97,12.16,16.4,-4.24,0.19,4.24
2025,6,Khalil Shakir,WR,10.83,10.54,6.3,4.24,-0.29,4.24
2025,18,Ryan Flournoy,WR,7.85,7.56,11.8,-4.24,-0.29,4.24
2024,12,Dallas Goedert,TE,10.71,10.14,5.9,4.24,-0.57,4.24
2024,11,Drake London,WR,13.23,13.33,9.1,4.23,0.1,4.23
2025,6,Keon Coleman,WR,8.62,8.33,4.1,4.23,-0.29,4.23
2025,5,Drake Maye,QB,16.2,16.35,12.12,4.23,0.15,4.23
2025,6,Travis Kelce,TE,10.14,9.57,13.8,-4.23,-0.57,4.23
2024,12,Kareem Hunt,RB,16.21,15.93,11.7,4.23,-0.28,4.23
2024,18,Ladd McConkey,WR,12.56,12.27,16.5,-4.23,-0.29,4.23
2024,8,Evan Engram,TE,9.47,9.38,13.6,-4.22,-0.09,4.22
2024,9,Geno Smith,QB,17.97,17.9,22.12,-4.22,-0.07,4.22
2024,6,Bijan Robinson,RB,22.01,21.28,25.5,-4.22,-0.73,4.22
2024,12,Bryce Young,QB,11.85,12.3,16.52,-4.22,0.45,4.22
2025,4,Travis Etienne,RB,15.2,15.29,19.5,-4.21,0.09,4.21
2024,15,Tony Pollard,RB,12.53,12.71,8.5,4.21,0.18,4.21
2025,11,Jacoby Brissett,QB,17.68,17.68,21.88,-4.2,0.0,4.2
2025,3,Marvin Harrison Jr.,WR,11.4,11.6,7.4,4.2,0.2,4.2
2024,9,DJ Moore,WR,11.4,11.5,7.3,4.2,0.1,4.2
2024,9,Derrick Henry,RB,22.38,22.1,26.3,-4.2,-0.28,4.2
2024,8,Brian Robinson,RB,12.8,12.8,8.6,4.2,0.0,4.2
2024,6,DeVonta Smith,WR,11.5,11.21,15.4,-4.19,-0.29,4.19
2024,3,Justin Fields,QB,13.99,14.21,18.4,-4.19,0.22,4.19
2025,7,Tyler Higbee,TE,9.28,9.09,4.9,4.19,-0.19,4.19
2024,11,Rashod Bateman,WR,9.39,9.19,5.0,4.19,-0.2,4.19
2024,13,Demarcus Robinson,WR,8.91,8.71,12.9,-4.19,-0.2,4.19
2024,16,Zay Flowers,WR,11.4,11.12,15.3,-4.18,-0.28,4.18
2025,3,Rome Odunze,WR,19.67,19.38,15.2,4.18,-0.29,4.18
2025,12,Jauan Jennings,WR,10.25,10.92,15.1,-4.18,0.67,4.18
2025,9,Kendrick Bourne,WR,9.77,9.58,5.4,4.18,-0.19,4.18
2025,7,DJ Moore,WR,12.37,12.37,8.2,4.17,0.0,4.17
2025,6,Aaron Rodgers,QB,13.25,13.33,17.5,-4.17,0.08,4.17
2024,13,Dallas Goedert,TE,8.52,8.33,12.5,-4.17,-0.19,4.17
2024,9,Hunter Henry,TE,8.24,8.43,12.6,-4.17,0.19,4.17
2024,4,DK Metcalf,WR,19.57,19.57,15.4,4.17,0.0,4.17
2025,10,Zach Charbonnet,RB,10.87,10.13,14.3,-4.17,-0.74,4.17
2024,11,Rome Odunze,WR,7.95,8.33,12.5,-4.17,0.38,4.17
2024,11,Pat Freiermuth,TE,7.57,7.57,3.4,4.17,0.0,4.17
2025,13,Justin Herbert,QB,17.38,17.01,12.84,4.17,-0.37,4.17
2025,3,Josh Allen,QB,20.03,18.86,23.02,-4.16,-1.17,4.16
2025,16,Saquon Barkley,RB,17.22,17.04,21.2,-4.16,-0.18,4.16
2025,7,CeeDee Lamb,WR,18.8,17.84,22.0,-4.16,-0.96,4.16
2025,10,Kyren Williams,RB,18.61,18.24,22.4,-4.16,-0.37,4.16
2025,18,Tyler Shough,QB,17.31,17.6,21.76,-4.16,0.29,4.16
2024,13,T.J. Hockenson,TE,10.23,9.95,5.8,4.15,-0.28,4.15
2025,5,Zach Charbonnet,RB,7.65,7.65,11.8,-4.15,0.0,4.15
2025,9,Keon Coleman,WR,7.95,7.85,3.7,4.15,-0.1,4.15
2025,16,Brian Thomas Jr.,WR,7.85,7.95,3.8,4.15,0.1,4.15
2025,16,Caleb Williams,QB,17.01,16.87,21.0,-4.13,-0.14,4.13
2025,11,Chuba Hubbard,RB,7.74,7.92,3.8,4.12,0.18,4.12
2025,3,Drake Maye,QB,15.02,15.1,19.22,-4.12,0.08,4.12
2024,18,Adam Thielen,WR,13.42,13.52,9.4,4.12,0.1,4.12
2024,9,Evan Engram,TE,7.0,7.38,11.5,-4.12,0.38,4.12
2024,15,Khalil Shakir,WR,12.17,11.79,15.9,-4.11,-0.38,4.11
2025,13,Dallas Goedert,TE,9.19,8.81,4.7,4.11,-0.38,4.11
2024,11,Tyjae Spears,RB,6.91,6.91,2.8,4.11,0.0,4.11
2025,3,Travis Kelce,TE,11.18,10.71,6.6,4.11,-0.47,4.11
2024,10,Ladd McConkey,WR,11.31,11.31,7.2,4.11,0.0,4.11
2024,10,Josh Palmer,WR,8.71,8.71,4.6,4.11,0.0,4.11
2025,7,Ladd McConkey,WR,11.89,11.6,15.7,-4.1,-0.29,4.1
2024,11,Christian McCaffrey,RB,19.25,18.7,14.6,4.1,-0.55,4.1
2024,3,Alexander Mattison,RB,9.4,9.3,13.4,-4.1,-0.1,4.1
2024,14,DeAndre Hopkins,WR,9.19,9.1,13.2,-4.1,-0.09,4.1
2025,14,Jordan Love,QB,15.54,15.17,19.26,-4.09,-0.37,4.09
2024,14,Patrick Mahomes,QB,18.41,18.19,14.1,4.09,-0.22,4.09
2024,13,Malik Nabers,WR,10.54,11.21,15.3,-4.09,0.67,4.09
2025,10,Courtland Sutton,WR,9.77,9.48,5.4,4.08,-0.29,4.08
2024,5,Trevor Lawrence,QB,17.46,17.16,21.24,-4.08,-0.3,4.08
2025,9,Travis Kelce,TE,9.0,8.52,12.6,-4.08,-0.48,4.08
2025,3,Marquise Brown,WR,12.65,12.27,8.2,4.07,-0.38,4.07
2025,11,Troy Franklin,WR,8.14,8.33,12.4,-4.07,0.19,4.07
2024,14,Josh Oliver,TE,7.95,7.67,3.6,4.07,-0.28,4.07
2025,4,Cam Skattebo,RB,8.66,8.93,13.0,-4.07,0.27,4.07
2025,7,Alec Pierce,WR,10.73,10.73,14.8,-4.07,0.0,4.07
2024,7,Malik Nabers,WR,12.37,12.17,8.1,4.07,-0.2,4.07
2024,9,Calvin Ridley,WR,8.04,8.23,12.3,-4.07,0.19,4.07
2025,16,C.J. Stroud,QB,16.06,15.54,11.48,4.06,-0.52,4.06
2025,11,Tre Tucker,WR,10.64,10.64,14.7,-4.06,0.0,4.06
2025,15,Kendrick Bourne,WR,8.14,7.75,3.7,4.05,-0.39,4.05
2025,4,Isiah Pacheco,RB,8.75,8.75,12.8,-4.05,0.0,4.05
2025,3,Brenton Strange,TE,8.05,8.05,12.1,-4.05,0.0,4.05
2024,18,J.K. Dobbins,RB,14.64,14.55,10.5,4.05,-0.09,4.05
2024,16,Isaiah Likely,TE,8.24,7.86,11.9,-4.04,-0.38,4.04
2024,5,CeeDee Lamb,WR,15.25,15.44,11.4,4.04,0.19,4.04
2025,7,Breece Hall,RB,11.05,11.24,7.2,4.04,0.19,4.04
2025,4,Zach Ertz,TE,10.04,10.14,6.1,4.04,0.1,4.04
2025,10,Rashod Bateman,WR,7.85,8.04,4.0,4.04,0.19,4.04
2025,18,Jerry Jeudy,WR,8.04,8.23,4.2,4.03,0.19,4.03
2024,3,Bijan Robinson,RB,17.22,17.22,13.2,4.02,0.0,4.02
2024,11,Josh Allen,QB,20.26,19.96,23.98,-4.02,-0.3,4.02
2024,15,Brock Bowers,TE,9.95,10.52,6.5,4.02,0.57,4.02
2025,4,Nico Collins,WR,16.11,15.92,11.9,4.02,-0.19,4.02
2025,5,Ashton Jeanty,RB,11.79,11.88,15.9,-4.02,0.09,4.02
2025,6,Olamide Zaccheaus,WR,8.81,8.81,4.8,4.01,0.0,4.01
2024,9,Bucky Irving,RB,10.04,10.41,6.4,4.01,0.37,4.01
2024,16,T.J. Hockenson,TE,8.81,8.71,4.7,4.01,-0.1,4.01
2024,17,Davante Adams,WR,13.04,13.71,9.7,4.01,0.67,4.01
2024,7,Juwan Johnson,TE,8.9,8.81,4.8,4.01,-0.09,4.01
2025,14,Derrick Henry,RB,15.29,15.2,11.2,4.0,-0.09,4.0
2024,3,Dalton Schultz,TE,7.38,7.1,3.1,4.0,-0.28,4.0
2025,4,Keon Coleman,WR,12.37,11.5,7.5,4.0,-0.87,4.0
2025,8,Josh Allen,QB,19.74,19.22,23.22,-4.0,-0.52,4.0
2025,13,Mack Hollins,WR,9.67,9.29,5.3,3.99,-0.38,3.99
2024,15,Puka Nacua,WR,13.81,13.81,17.8,-3.99,0.0,3.99
2024,17,Amon-Ra St. Brown,WR,16.5,16.02,20.0,-3.98,-0.48,3.98
2024,8,Bucky Irving,RB,11.42,11.42,15.4,-3.98,0.0,3.98
2025,3,Jonnu Smith,TE,9.28,9.28,5.3,3.98,0.0,3.98
2024,14,Jerry Jeudy,WR,12.85,13.42,17.4,-3.98,0.57,3.98
2024,13,Zach Ertz,TE,8.9,8.52,12.5,-3.98,-0.38,3.98
2025,10,Ashton Jeanty,RB,11.05,11.33,15.3,-3.97,0.28,3.97
2024,16,Travis Etienne,RB,8.75,9.67,5.7,3.97,0.92,3.97
2024,3,Chris Godwin Jr.,WR,14.19,13.33,17.3,-3.97,-0.86,3.97
2024,9,Drake London,WR,15.73,14.67,10.7,3.97,-1.06,3.97
2025,10,Kyle Pitts,TE,9.76,9.76,5.8,3.96,0.0,3.96
2024,10,Derek Carr,QB,16.35,16.5,20.46,-3.96,0.15,3.96
2024,15,Trey McBride,TE,14.41,13.75,17.7,-3.95,-0.66,3.95
2025,5,Cooper Kupp,WR,8.04,7.95,11.9,-3.95,-0.09,3.95
2025,15,Chris Godwin Jr.,WR,10.35,10.06,14.0,-3.94,-0.29,3.94
2025,5,David Montgomery,RB,14.37,14.28,18.22,-3.94,-0.09,3.94
2025,7,D'Andre Swift,RB,16.95,16.86,20.8,-3.94,-0.09,3.94
2024,7,Michael Pittman,WR,13.33,13.23,9.3,3.93,-0.1,3.93
2025,12,Cooper Kupp,WR,8.62,8.33,4.4,3.93,-0.29,3.93
2025,9,Jacory Croskey-Merritt,RB,8.93,9.03,5.1,3.93,0.1,3.93
2024,11,CeeDee Lamb,WR,15.63,14.67,18.6,-3.93,-0.96,3.93
2025,8,Dalton Schultz,TE,8.24,8.33,4.4,3.93,0.09,3.93
2024,8,Joe Burrow,QB,17.09,16.79,12.86,3.93,-0.3,3.93
2024,9,Amon-Ra St. Brown,WR,14.96,14.67,18.6,-3.93,-0.29,3.93
2024,11,Brian Thomas Jr.,WR,10.06,9.67,13.6,-3.93,-0.39,3.93
2025,8,JuJu Smith-Schuster,WR,9.1,8.81,4.9,3.91,-0.29,3.91
2025,12,Tyjae Spears,RB,9.12,10.41,6.5,3.91,1.29,3.91
2024,7,Tyler Allgeier,RB,9.76,9.4,5.5,3.9,-0.36,3.9
2025,3,George Pickens,WR,14.29,13.9,17.8,-3.9,-0.39,3.9
2024,16,Ja'Marr Chase,WR,27.45,26.3,22.4,3.9,-1.15,3.9
2024,4,Alvin Kamara,RB,20.72,21.0,24.9,-3.9,0.28,3.9
2024,12,Marvin Harrison Jr.,WR,11.6,11.6,7.7,3.9,0.0,3.9
2025,7,Zach Ertz,TE,9.38,8.81,12.7,-3.89,-0.57,3.89
2025,15,Marcus Mariota,QB,18.63,18.63,14.74,3.89,0.0,3.89
2025,18,Mike Evans,WR,9.39,9.29,5.4,3.89,-0.1,3.89
2025,6,Alvin Kamara,RB,16.3,16.49,12.6,3.89,0.19,3.89
2024,3,DJ Moore,WR,11.21,11.31,15.2,-3.89,0.1,3.89
2024,8,Aaron Jones,RB,15.75,15.38,11.5,3.88,-0.37,3.88
2025,10,Cedric Tillman,WR,6.89,6.98,3.1,3.88,0.09,3.88
2025,3,Quentin Johnston,WR,11.12,11.02,14.9,-3.88,-0.1,3.88
2025,18,DeVonta Smith,WR,11.98,12.08,8.2,3.88,0.1,3.88
2025,9,Aaron Jones,RB,7.55,7.92,11.8,-3.88,0.37,3.88
2025,4,Kyren Williams,RB,14.46,14.28,10.4,3.88,-0.18,3.88
2024,5,Gardner Minshew,QB,11.12,11.56,7.68,3.88,0.44,3.88
2025,7,C.J. Stroud,QB,17.16,17.53,13.66,3.87,0.37,3.87
2025,15,Tyler Shough,QB,13.92,14.21,18.08,-3.87,0.29,3.87
2025,17,Rico Dowdle,RB,12.71,13.17,9.3,3.87,0.46,3.87
2025,11,Matthew Golden,WR,7.37,7.27,3.4,3.87,-0.1,3.87
2024,6,C.J. Stroud,QB,14.51,14.51,18.38,-3.87,0.0,3.87
2024,7,Chris Godwin Jr.,WR,17.56,17.36,13.5,3.86,-0.2,3.86
2024,9,Jerry Jeudy,WR,10.25,10.44,14.3,-3.86,0.19,3.86
2025,6,Dak Prescott,QB,18.86,18.49,22.34,-3.85,-0.37,3.85
2024,8,Malik Nabers,WR,10.73,10.25,14.1,-3.85,-0.48,3.85
2024,13,Jonathan Taylor,RB,13.45,13.45,17.3,-3.85,0.0,3.85
2024,9,Ja'Marr Chase,WR,15.63,15.15,11.3,3.85,-0.48,3.85
2025,6,Dyami Brown,WR,7.85,7.85,4.0,3.85,0.0,3.85
2025,18,Jaylen Warren,RB,10.96,11.05,14.9,-3.85,0.09,3.85
2025,13,Ladd McConkey,WR,10.25,10.06,13.9,-3.84,-0.19,3.84
2024,18,Tony Pollard,RB,9.95,10.04,6.2,3.84,0.09,3.84
2025,14,Cooper Kupp,WR,7.95,7.66,11.5,-3.84,-0.29,3.84
2025,13,Trevor Lawrence,QB,18.04,17.82,21.66,-3.84,-0.22,3.84
2025,10,Dallas Goedert,TE,12.13,12.13,8.3,3.83,0.0,3.83
2024,15,D'Andre Swift,RB,12.62,13.72,9.9,3.82,1.1,3.82
2025,11,Bo Nix,QB,16.2,16.42,12.6,3.82,0.22,3.82
2025,13,Harold Fannin Jr.,TE,6.62,7.48,11.3,-3.82,0.86,3.82
2024,7,Drake London,WR,15.06,14.48,18.3,-3.82,-0.58,3.82
2025,3,Spencer Rattler,QB,14.88,15.54,11.72,3.82,0.66,3.82
2024,3,Adam Thielen,WR,9.1,9.19,13.0,-3.81,0.09,3.81
2025,6,Justin Herbert,QB,15.1,14.95,18.76,-3.81,-0.15,3.81
2024,10,Amon-Ra St. Brown,WR,14.67,14.19,18.0,-3.81,-0.48,3.81
2024,3,Josh Reynolds,WR,9.39,9.39,5.6,3.79,0.0,3.79
2024,4,Sam Darnold,QB,16.64,16.72,20.5,-3.78,0.08,3.78
2024,9,Malik Nabers,WR,11.31,11.12,14.9,-3.78,-0.19,3.78
2024,10,Tank Dell,WR,12.08,12.08,8.3,3.78,0.0,3.78
2025,17,Troy Franklin,WR,9.77,9.48,5.7,3.78,-0.29,3.78
2025,4,Jared Goff,QB,17.09,16.5,12.72,3.78,-0.59,3.78
2025,16,Jaylen Waddle,WR,8.33,8.43,12.2,-3.77,0.1,3.77
2024,6,Rome Odunze,WR,9.77,9.77,6.0,3.77,0.0,3.77
2025,17,Bucky Irving,RB,12.16,12.07,8.3,3.77,-0.09,3.77
2024,17,Aaron Jones,RB,15.66,15.47,11.7,3.77,-0.19,3.77
2025,7,Rachaad White,RB,12.25,12.16,8.4,3.76,-0.09,3.76
2024,5,Jaleel McLaughlin,RB,7.55,7.74,11.5,-3.76,0.19,3.76
2024,12,George Pickens,WR,12.27,12.56,8.8,3.76,0.29,3.76
2025,13,Michael Wilson,WR,10.16,10.35,6.6,3.75,0.19,3.75
2024,3,Jaylen Waddle,WR,10.06,10.35,6.6,3.75,0.29,3.75
2024,7,Aaron Rodgers,QB,16.64,16.79,13.04,3.75,0.15,3.75
2025,7,Isiah Pacheco,RB,8.84,8.66,12.4,-3.74,-0.18,3.74
2025,6,Alec Pierce,WR,11.12,10.54,6.8,3.74,-0.58,3.74
2025,8,Christian McCaffrey,RB,13.26,13.54,9.8,3.74,0.28,3.74
2024,5,Tre Tucker,WR,7.75,8.33,4.6,3.73,0.58,3.73
2024,16,Mike Evans,WR,16.11,15.63,11.9,3.73,-0.48,3.73
2024,13,Drake Maye,QB,15.39,15.69,19.42,-3.73,0.3,3.73
2025,7,Amon-Ra St. Brown,WR,18.61,16.88,20.6,-3.72,-1.73,3.72
2024,18,Russell Wilson,QB,15.39,15.24,11.52,3.72,-0.15,3.72
2025,10,Deebo Samuel Sr.,WR,9.39,9.19,12.9,-3.71,-0.2,3.71
2025,12,Drake Maye,QB,20.48,19.67,15.96,3.71,-0.81,3.71
2024,17,Josh Downs,WR,9.1,8.91,5.2,3.71,-0.19,3.71
2024,17,A.J. Brown,WR,16.21,16.31,12.6,3.71,0.1,3.71
2024,6,Tony Pollard,RB,14.09,14.09,17.8,-3.71,0.0,3.71
2025,14,Trey McBride,TE,14.03,14.51,10.8,3.71,0.48,3.71
2025,9,Noah Fant,TE,7.19,7.1,10.8,-3.7,-0.09,3.7
2024,8,D'Andre Swift,RB,15.11,15.2,18.9,-3.7,0.09,3.7
2025,13,Bucky Irving,RB,20.17,19.8,16.1,3.7,-0.37,3.7
2024,16,David Njoku,TE,10.23,10.9,14.6,-3.7,0.67,3.7
2024,7,Tyler Huntley,QB,13.11,13.18,9.48,3.7,0.07,3.7
2024,11,T.J. Hockenson,TE,7.1,7.0,3.3,3.7,-0.1,3.7
2024,16,Marvin Harrison Jr.,WR,11.98,11.6,7.9,3.7,-0.38,3.7
2024,17,Tyrone Tracy Jr.,RB,12.71,12.99,9.3,3.69,0.28,3.69
2024,17,Jalen Coker,WR,8.91,9.19,5.5,3.69,0.28,3.69
2025,3,Harold Fannin Jr.,TE,9.28,9.19,5.5,3.69,-0.09,3.69
2025,8,Matthew Golden,WR,7.18,7.08,3.4,3.68,-0.1,3.68
2024,12,Derrick Henry,RB,17.96,17.68,14.0,3.68,-0.28,3.68
2025,8,George Pickens,WR,11.21,11.12,14.8,-3.68,-0.09,3.68
2025,10,Wan'Dale Robinson,WR,8.33,8.52,12.2,-3.68,0.19,3.68
2025,17,RJ Harvey,RB,15.11,14.92,18.6,-3.68,-0.19,3.68
2025,15,Jordan Addison,WR,12.37,12.27,8.6,3.67,-0.1,3.67
2024,17,Alexander Mattison,RB,8.47,8.47,4.8,3.67,0.0,3.67
2025,4,Trevor Lawrence,QB,15.17,15.32,11.66,3.66,0.15,3.66
2025,16,Mike Evans,WR,10.64,10.44,14.1,-3.66,-0.2,3.66
2025,15,Saquon Barkley,RB,13.72,13.54,17.2,-3.66,-0.18,3.66
2024,17,Nico Collins,WR,12.46,12.56,8.9,3.66,0.1,3.66
2024,9,Jayden Reed,WR,12.65,12.65,16.3,-3.65,0.0,3.65
2025,6,Spencer Rattler,QB,14.58,14.73,11.08,3.65,0.15,3.65
2025,14,Matthew Stafford,QB,20.48,19.59,23.24,-3.65,-0.89,3.65
2025,7,Jordan Love,QB,17.46,17.01,13.36,3.65,-0.45,3.65
2025,7,Trevor Lawrence,QB,13.84,13.99,17.64,-3.65,0.15,3.65
2025,6,A.J. Brown,WR,10.44,10.35,14.0,-3.65,-0.09,3.65
2025,8,Pat Freiermuth,TE,7.86,7.95,4.3,3.65,0.09,3.65
2024,10,Davante Adams,WR,12.94,12.75,9.1,3.65,-0.19,3.65
2025,11,Drake London,WR,15.34,15.25,18.9,-3.65,-0.09,3.65
2025,10,Justin Herbert,QB,18.56,18.34,14.7,3.64,-0.22,3.64
2024,3,Jakobi Meyers,WR,17.65,17.56,21.2,-3.64,-0.09,3.64
2024,17,Jauan Jennings,WR,10.25,10.06,13.7,-3.64,-0.19,3.64
2025,12,Rachaad White,RB,8.66,8.84,5.2,3.64,0.18,3.64
2025,4,Tyler Allgeier,RB,7.46,7.46,11.1,-3.64,0.0,3.64
2024,11,DJ Moore,WR,9.67,10.06,13.7,-3.64,0.39,3.64
2025,9,James Cook,RB,17.22,17.13,13.5,3.63,-0.09,3.63
2025,7,Travis Etienne,RB,10.04,10.13,6.5,3.63,0.09,3.63
2024,5,Andrei Iosivas,WR,8.52,8.52,4.9,3.62,0.0,3.62
2025,7,Juwan Johnson,TE,8.9,9.28,12.9,-3.62,0.38,3.62
2025,9,Tony Pollard,RB,11.05,11.42,7.8,3.62,0.37,3.62
2024,5,James Cook,RB,14.37,14.28,17.9,-3.62,-0.09,3.62
2024,12,Alec Pierce,WR,8.52,8.52,4.9,3.62,0.0,3.62
2024,4,Justin Jefferson,WR,16.79,16.88,20.5,-3.62,0.09,3.62
2025,12,Xavier Legette,WR,8.62,8.81,5.2,3.61,0.19,3.61
2025,9,Puka Nacua,WR,20.05,19.19,22.8,-3.61,-0.86,3.61
2024,15,Jayden Daniels,QB,20.48,20.03,23.64,-3.61,-0.45,3.61
2024,12,Tucker Kraft,TE,7.1,7.0,10.6,-3.6,-0.1,3.6
2025,6,Jordan Love,QB,19.3,18.56,14.96,3.6,-0.74,3.6
2024,8,Deebo Samuel Sr.,WR,9.29,9.0,12.6,-3.6,-0.29,3.6
2024,8,David Montgomery,RB,11.61,11.33,14.92,-3.59,-0.28,3.59
2024,18,Jauan Jennings,WR,8.43,8.62,12.2,-3.58,0.19,3.58
2024,14,Cam Akers,RB,7.37,7.28,3.7,3.58,-0.09,3.58
2024,9,D'Andre Swift,RB,17.59,17.78,14.2,3.58,0.19,3.58
2025,18,Tony Pollard,RB,12.8,13.08,9.5,3.58,0.28,3.58
2024,15,Bryce Young,QB,15.47,15.54,11.96,3.58,0.07,3.58
2025,14,Andrei Iosivas,WR,7.27,7.27,3.7,3.57,0.0,3.57
2025,17,Hunter Henry,TE,11.09,10.33,13.9,-3.57,-0.76,3.57
2024,9,Brian Thomas Jr.,WR,9.48,9.77,6.2,3.57,0.29,3.57
2024,3,Rachaad White,RB,12.16,12.07,8.5,3.57,-0.09,3.57
2025,13,Brock Purdy,QB,13.4,13.55,17.12,-3.57,0.15,3.57
2025,4,TreVeyon Henderson,RB,9.12,9.03,12.6,-3.57,-0.09,3.57
2024,5,Travis Etienne,RB,15.75,15.57,12.0,3.57,-0.18,3.57
2025,16,Colston Loveland,TE,9.76,9.57,6.0,3.57,-0.19,3.57
2024,11,Jalen Tolbert,WR,8.04,7.66,4.1,3.56,-0.38,3.56
2025,10,Christian Watson,WR,10.16,10.06,6.5,3.56,-0.1,3.56
2025,12,Romeo Doubs,WR,7.85,7.85,4.3,3.55,0.0,3.55
2025,6,Rashid Shaheed,WR,10.44,10.35,6.8,3.55,-0.09,3.55
2025,13,Jared Goff,QB,17.53,17.09,20.64,-3.55,-0.44,3.55
2025,5,Harold Fannin Jr.,TE,7.76,7.76,11.3,-3.54,0.0,3.54
2024,17,Tyjae Spears,RB,9.58,9.76,13.3,-3.54,0.18,3.54
2025,13,Kenny Gainwell,RB,10.04,10.04,6.5,3.54,0.0,3.54
2024,15,Pat Freiermuth,TE,7.29,7.67,11.2,-3.53,0.38,3.53
2024,9,Joe Mixon,RB,12.89,13.08,16.6,-3.52,0.19,3.52
2024,13,Tee Higgins,WR,14.67,14.38,17.9,-3.52,-0.29,3.52
2025,5,Dalton Schultz,TE,7.38,7.48,11.0,-3.52,0.1,3.52
2025,15,Chimere Dike,WR,8.04,8.52,5.0,3.52,0.48,3.52
2024,9,Keon Coleman,WR,9.0,8.62,5.1,3.52,-0.38,3.52
2024,9,Keenan Allen,WR,11.02,11.12,7.6,3.52,0.1,3.52
2024,13,Jalen Hurts,QB,21.36,21.14,17.62,3.52,-0.22,3.52
2025,9,Nick Chubb,RB,6.91,6.91,3.4,3.51,0.0,3.51
2024,8,Mark Andrews,TE,11.18,11.09,14.6,-3.51,-0.09,3.51
2025,14,Tua Tagovailoa,QB,12.59,12.59,9.08,3.51,0.0,3.51
2024,5,Baker Mayfield,QB,19.74,19.89,23.4,-3.51,0.15,3.51
2024,9,Justin Herbert,QB,15.91,15.98,19.48,-3.5,0.07,3.5
2025,18,Tetairoa McMillan,WR,8.91,9.0,12.5,-3.5,0.09,3.5
2024,3,Davante Adams,WR,11.6,11.5,8.0,3.5,-0.1,3.5
2025,14,De'Von Achane,RB,20.91,21.0,17.5,3.5,0.09,3.5
2024,13,Drake London,WR,13.9,13.81,17.3,-3.49,-0.09,3.49
2025,14,Chase Brown,RB,15.01,15.01,18.5,-3.49,0.0,3.49
2024,13,Puka Nacua,WR,14.29,13.81,17.3,-3.49,-0.48,3.49
2025,9,Tyler Warren,TE,11.66,11.09,7.6,3.49,-0.57,3.49
2024,6,Brian Thomas Jr.,WR,9.29,9.19,5.7,3.49,-0.1,3.49
2025,6,DJ Moore,WR,11.69,11.69,8.2,3.49,0.0,3.49
2024,10,Derrick Henry,RB,17.78,17.59,14.1,3.49,-0.19,3.49
2025,13,Christian McCaffrey,RB,13.72,13.91,17.4,-3.49,0.19,3.49
2025,5,Kyler Murray,QB,19.08,18.78,15.3,3.48,-0.3,3.48
2025,9,Kyle Pitts,TE,10.99,11.28,7.8,3.48,0.29,3.48
2024,11,Derek Carr,QB,15.1,15.24,18.72,-3.48,0.14,3.48
2025,16,CeeDee Lamb,WR,15.06,14.58,11.1,3.48,-0.48,3.48
2025,10,James Cook,RB,14.46,14.18,10.7,3.48,-0.28,3.48
2025,11,Justin Jefferson,WR,14.96,14.58,11.1,3.48,-0.38,3.48
2024,13,Derek Carr,QB,18.12,18.04,14.56,3.48,-0.08,3.48
2024,6,Darius Slayton,WR,8.33,8.23,11.7,-3.47,-0.1,3.47
2024,5,Keenan Allen,WR,9.77,9.77,6.3,3.47,0.0,3.47
2024,12,Kenneth Walker III,RB,16.86,16.76,13.3,3.46,-0.1,3.46
2025,13,Zach Charbonnet,RB,7.83,7.74,11.2,-3.46,-0.09,3.46
2025,4,Harold Fannin Jr.,TE,7.95,7.95,4.5,3.45,0.0,3.45
2024,4,Dallas Goedert,TE,9.85,9.76,13.2,-3.44,-0.09,3.44
2025,13,Jacoby Brissett,QB,15.98,16.2,19.64,-3.44,0.22,3.44
2024,8,Austin Ekeler,RB,11.14,11.24,7.8,3.44,0.1,3.44
2024,15,Deebo Samuel Sr.,WR,8.52,8.33,4.9,3.43,-0.19,3.43
2025,11,Tony Pollard,RB,8.75,9.03,5.6,3.43,0.28,3.43
2024,5,Jake Ferguson,TE,9.38,9.57,13.0,-3.43,0.19,3.43
2024,6,Tyler Boyd,WR,8.33,8.33,4.9,3.43,0.0,3.43
2025,10,Daniel Jones,QB,19.52,18.93,15.5,3.43,-0.59,3.43
2024,4,J.K. Dobbins,RB,11.88,12.62,9.2,3.42,0.74,3.42
2024,8,Jerry Jeudy,WR,9.1,9.48,12.9,-3.42,0.38,3.42
2024,8,Ja'Marr Chase,WR,16.88,16.98,20.4,-3.42,0.1,3.42
2024,5,Tyreek Hill,WR,9.29,9.48,12.9,-3.42,0.19,3.42
2025,6,Jakobi Meyers,WR,11.4,11.31,7.9,3.41,-0.09,3.41
2025,15,Javonte Williams,RB,11.97,11.7,15.1,-3.4,-0.27,3.4
2025,3,Jaylen Waddle,WR,11.12,11.5,14.9,-3.4,0.38,3.4
2025,16,Dak Prescott,QB,16.2,15.76,19.16,-3.4,-0.44,3.4
2025,3,Kareem Hunt,RB,8.11,8.01,11.4,-3.39,-0.1,3.39
2025,15,Jakobi Meyers,WR,9.0,8.71,12.1,-3.39,-0.29,3.39
2024,14,Jared Goff,QB,19.37,18.63,22.02,-3.39,-0.74,3.39
2024,15,Josh Downs,WR,9.29,9.58,6.2,3.38,0.29,3.38
2024,7,Tyrone Tracy Jr.,RB,9.49,9.58,6.2,3.38,0.09,3.38
2024,17,Calvin Ridley,WR,10.54,10.73,14.1,-3.37,0.19,3.37
2025,15,Omarion Hampton,RB,10.59,10.87,7.5,3.37,0.28,3.37
2024,6,Jordan Love,QB,22.91,22.25,25.62,-3.37,-0.66,3.37
2025,16,De'Von Achane,RB,21.37,21.37,18.0,3.37,0.0,3.37
2024,14,Jordan Love,QB,18.12,17.9,14.54,3.36,-0.22,3.36
2024,18,Mark Andrews,TE,13.27,12.04,15.4,-3.36,-1.23,3.36
2024,14,Brock Bowers,TE,11.56,11.56,8.2,3.36,0.0,3.36
2024,10,Travis Etienne,RB,8.47,8.66,5.3,3.36,0.19,3.36
2024,9,Zach Charbonnet,RB,8.75,8.66,5.3,3.36,-0.09,3.36
2025,7,Drake Maye,QB,19.96,19.74,23.08,-3.34,-0.22,3.34
2024,5,Gabe Davis,WR,8.23,8.14,4.8,3.34,-0.09,3.34
2025,4,Tucker Kraft,TE,15.27,13.94,10.6,3.34,-1.33,3.34
2024,12,Tyrone Tracy Jr.,RB,12.89,12.34,9.0,3.34,-0.55,3.34
2024,5,Zach Ertz,TE,6.53,6.34,3.0,3.34,-0.19,3.34
2024,17,Marvin Harrison Jr.,WR,12.17,12.27,15.6,-3.33,0.1,3.33
2024,10,Zay Flowers,WR,11.4,10.73,7.4,3.33,-0.67,3.33
2025,12,Mack Hollins,WR,8.81,8.33,5.0,3.33,-0.48,3.33
2025,18,Aaron Rodgers,QB,13.99,14.43,17.76,-3.33,0.44,3.33
2024,3,James Cook,RB,15.75,15.38,18.7,-3.32,-0.37,3.32
2025,4,Jerry Jeudy,WR,11.6,11.12,7.8,3.32,-0.48,3.32
2024,16,Chase Brown,RB,17.87,17.22,13.9,3.32,-0.65,3.32
2025,6,Jalen Hurts,QB,17.46,17.31,20.62,-3.31,-0.15,3.31
2025,12,Tyler Allgeier,RB,9.21,9.21,5.9,3.31,0.0,3.31
2024,18,Kyle Pitts,TE,7.38,6.81,3.5,3.31,-0.57,3.31
2024,10,Cooper Kupp,WR,12.08,11.69,15.0,-3.31,-0.39,3.31
2025,5,RJ Harvey,RB,9.21,9.3,6.0,3.3,0.09,3.3
2025,9,Daniel Jones,QB,17.75,17.38,14.08,3.3,-0.37,3.3
2024,3,J.K. Dobbins,RB,11.42,11.7,8.4,3.3,0.28,3.3
2024,7,Travis Kelce,TE,9.0,9.0,5.7,3.3,0.0,3.3
2025,3,James Cook,RB,17.78,17.5,20.8,-3.3,-0.28,3.3
2024,5,Braelon Allen,RB,7.0,7.09,3.8,3.29,0.09,3.29
2024,13,Kyler Murray,QB,18.27,18.49,15.2,3.29,0.22,3.29
2025,10,Jacoby Brissett,QB,15.61,16.13,19.42,-3.29,0.52,3.29
2024,15,Drake London,WR,11.4,11.02,14.3,-3.28,-0.38,3.28
2024,15,Zach Charbonnet,RB,10.32,10.32,13.6,-3.28,0.0,3.28
2025,14,Jacoby Brissett,QB,15.47,15.76,19.04,-3.28,0.29,3.28
2025,4,Rome Odunze,WR,13.62,13.62,16.9,-3.28,0.0,3.28
2024,15,Jake Ferguson,TE,7.19,7.57,4.3,3.27,0.38,3.27
2024,10,Tyreek Hill,WR,15.15,14.96,11.7,3.26,-0.19,3.26
2024,18,Alec Pierce,WR,10.16,10.44,13.7,-3.26,0.28,3.26
2025,7,J.K. Dobbins,RB,12.34,12.25,9.0,3.25,-0.09,3.25
2024,4,Jerome Ford,RB,12.16,12.25,15.5,-3.25,0.09,3.25
2025,4,C.J. Stroud,QB,15.24,15.17,18.42,-3.25,-0.07,3.25
2025,3,Zach Ertz,TE,10.14,10.04,6.8,3.24,-0.1,3.24
2025,16,Travis Etienne,RB,13.36,13.36,16.6,-3.24,0.0,3.24
2024,5,Bucky Irving,RB,8.84,8.84,5.6,3.24,0.0,3.24
2024,15,Jaxon Smith-Njigba,WR,15.06,15.06,18.3,-3.24,0.0,3.24
2024,17,Josh Allen,QB,20.4,19.74,22.98,-3.24,-0.66,3.24
2024,7,Terry McLaurin,WR,13.23,12.56,15.8,-3.24,-0.67,3.24
2024,17,DK Metcalf,WR,10.44,10.44,7.2,3.24,0.0,3.24
2025,11,Jahmyr Gibbs,RB,22.84,22.84,19.6,3.24,0.0,3.24
2025,13,James Cook,RB,15.57,15.47,18.7,-3.23,-0.1,3.23
2025,9,Bijan Robinson,RB,14.18,14.37,17.6,-3.23,0.19,3.23
2025,13,Jonathan Taylor,RB,18.42,18.33,15.1,3.23,-0.09,3.23
2025,14,Brock Bowers,TE,10.42,11.37,14.6,-3.23,0.95,3.23
2024,16,Breece Hall,RB,17.22,17.22,14.0,3.22,0.0,3.22
2025,11,CeeDee Lamb,WR,14.86,14.38,17.6,-3.22,-0.48,3.22
2025,7,Daniel Jones,QB,19.15,19.0,22.22,-3.22,-0.15,3.22
2024,6,Jaxon Smith-Njigba,WR,13.62,13.52,10.3,3.22,-0.1,3.22
2024,10,Rome Odunze,WR,8.43,8.52,5.3,3.22,0.09,3.22
2024,12,Bo Nix,QB,16.42,16.2,19.42,-3.22,-0.22,3.22
2024,16,Kyler Murray,QB,17.6,17.16,20.38,-3.22,-0.44,3.22
2024,10,Drake London,WR,14.77,14.48,17.7,-3.22,-0.29,3.22
2024,16,Sam LaPorta,TE,12.13,11.09,14.3,-3.21,-1.04,3.21
2024,8,Brian Thomas Jr.,WR,11.89,11.79,15.0,-3.21,-0.1,3.21
2024,5,George Pickens,WR,9.0,8.81,5.6,3.21,-0.19,3.21
2024,12,Malik Nabers,WR,9.48,9.19,12.4,-3.21,-0.29,3.21
2024,17,Darnell Mooney,WR,8.91,8.91,5.7,3.21,0.0,3.21
2024,8,Najee Harris,RB,12.89,12.89,16.1,-3.21,0.0,3.21
2024,11,Jalen Hurts,QB,22.61,21.95,18.74,3.21,-0.66,3.21
2024,7,Noah Fant,TE,7.48,7.29,10.5,-3.21,-0.19,3.21
2024,3,Patrick Mahomes,QB,19.96,19.59,16.38,3.21,-0.37,3.21
2024,13,Jordan Love,QB,16.06,15.76,18.96,-3.2,-0.3,3.2
2024,13,Marvin Harrison Jr.,WR,13.62,13.81,17.0,-3.19,0.19,3.19
2025,18,C.J. Stroud,QB,14.29,14.07,17.26,-3.19,-0.22,3.19
2025,5,T.J. Hockenson,TE,6.34,6.62,9.8,-3.18,0.28,3.18
2024,5,Demarcus Robinson,WR,8.71,8.62,11.8,-3.18,-0.09,3.18
2024,12,Cooper Rush,QB,14.29,14.8,17.98,-3.18,0.51,3.18
2024,15,Ladd McConkey,WR,13.9,13.62,16.8,-3.18,-0.28,3.18
2024,4,Cole Kmet,TE,9.57,9.57,6.4,3.17,0.0,3.17
2025,9,AJ Barner,TE,8.52,8.33,11.5,-3.17,-0.19,3.17
2025,17,Colby Parkinson,TE,8.71,8.14,11.3,-3.16,-0.57,3.16
2025,6,Jonathan Taylor,RB,20.91,20.54,23.7,-3.16,-0.37,3.16
2025,11,Puka Nacua,WR,18.04,17.46,14.3,3.16,-0.58,3.16
2025,15,Caleb Williams,QB,15.98,15.83,18.98,-3.15,-0.15,3.15
2025,16,Michael Pittman,WR,10.25,10.35,7.2,3.15,0.1,3.15
2024,12,DK Metcalf,WR,13.13,13.04,9.9,3.14,-0.09,3.14
2025,7,Javonte Williams,RB,16.12,15.66,18.8,-3.14,-0.46,3.14
2024,17,Brock Bowers,TE,11.56,11.47,14.6,-3.13,-0.09,3.13
2024,18,Mike Evans,WR,15.73,14.77,17.9,-3.13,-0.96,3.13
2025,3,Isiah Pacheco,RB,9.03,8.93,5.8,3.13,-0.1,3.13
2024,7,Tyler Conklin,TE,7.38,7.57,10.7,-3.13,0.19,3.13
2024,16,Dalton Kincaid,TE,9.57,8.62,5.5,3.12,-0.95,3.12
2025,4,DJ Moore,WR,10.92,10.92,7.8,3.12,0.0,3.12
2025,10,Dalton Kincaid,TE,9.57,8.81,5.7,3.11,-0.76,3.11
2024,5,Rachaad White,RB,12.62,12.71,9.6,3.11,0.09,3.11
2024,16,Ladd McConkey,WR,11.6,11.6,14.7,-3.1,0.0,3.1
2025,4,James Cook,RB,26.07,25.6,22.5,3.1,-0.47,3.1
2025,8,Keenan Allen,WR,11.6,11.5,8.4,3.1,-0.1,3.1
2025,14,Courtland Sutton,WR,9.19,9.1,12.2,-3.1,-0.09,3.1
2024,12,Will Levis,QB,12.52,13.03,16.12,-3.09,0.51,3.09
2024,16,Mark Andrews,TE,11.18,10.71,13.8,-3.09,-0.47,3.09
2025,13,Romeo Doubs,WR,9.0,8.91,12.0,-3.09,-0.09,3.09
2025,14,Michael Pittman,WR,13.71,13.81,16.9,-3.09,0.1,3.09
2024,16,Amon-Ra St. Brown,WR,17.07,15.92,19.0,-3.08,-1.15,3.08
2024,5,Jayden Daniels,QB,16.87,16.64,19.72,-3.08,-0.23,3.08
2025,5,Cam Skattebo,RB,11.33,11.33,14.4,-3.07,0.0,3.07
2025,16,DeVonta Smith,WR,13.42,13.13,16.2,-3.07,-0.29,3.07
2024,18,Dallas Goedert,TE,6.24,6.43,9.5,-3.07,0.19,3.07
2025,3,Trey McBride,TE,12.04,12.23,15.3,-3.07,0.19,3.07
2025,16,A.J. Brown,WR,15.83,15.44,18.5,-3.06,-0.39,3.06
2024,8,Cooper Kupp,WR,13.04,13.04,16.1,-3.06,0.0,3.06
2025,13,Kayshon Boutte,WR,10.83,10.44,13.5,-3.06,-0.39,3.06
2025,17,Aaron Jones,RB,12.16,12.25,15.3,-3.05,0.09,3.05
2024,11,Dallas Goedert,TE,8.52,8.05,11.1,-3.05,-0.47,3.05
2025,16,Jake Ferguson,TE,8.33,7.95,4.9,3.05,-0.38,3.05
2025,18,Jameson Williams,WR,10.54,10.35,13.4,-3.05,-0.19,3.05
2025,9,Trey McBride,TE,13.75,13.46,16.5,-3.04,-0.29,3.04
2025,7,Marvin Harrison Jr.,WR,11.12,10.83,7.8,3.03,-0.29,3.03
2024,4,Jalen Tolbert,WR,8.71,8.43,5.4,3.03,-0.28,3.03
2025,4,Justin Jefferson,WR,19.67,19.57,22.6,-3.03,-0.1,3.03
2024,9,Tyler Lockett,WR,12.37,12.27,15.3,-3.03,-0.1,3.03
2025,9,De'Von Achane,RB,19.43,19.62,16.6,3.02,0.19,3.02
2024,6,Pat Freiermuth,TE,6.43,6.62,3.6,3.02,0.19,3.02
2024,17,Chase Brown,RB,16.76,16.12,13.1,3.02,-0.64,3.02
2024,15,Breece Hall,RB,16.12,16.12,13.1,3.02,0.0,3.02
2025,12,Jared Goff,QB,21.44,20.18,17.16,3.02,-1.26,3.02
2024,17,Khalil Shakir,WR,8.91,8.52,5.5,3.02,-0.39,3.02
2025,15,Theo Johnson,TE,7.19,7.19,10.2,-3.01,0.0,3.01
2025,9,Drake Maye,QB,19.59,19.37,16.36,3.01,-0.22,3.01
2025,7,Woody Marks,RB,9.4,9.49,12.5,-3.01,0.09,3.01
2025,3,Jerome Ford,RB,7.92,8.01,5.0,3.01,0.09,3.01
2025,15,Christian Watson,WR,8.91,8.91,5.9,3.01,0.0,3.01
2025,7,Tre Tucker,WR,10.64,11.31,8.3,3.01,0.67,3.01
2024,14,Will Dissly,TE,6.53,6.91,3.9,3.01,0.38,3.01
2024,16,Tee Higgins,WR,17.56,16.79,19.8,-3.01,-0.77,3.01
2025,13,T.J. Hockenson,TE,7.76,8.9,11.9,-3.0,1.14,3.0
2025,16,Tyler Warren,TE,8.81,9.0,6.0,3.0,0.19,3.0
2024,18,De'Von Achane,RB,21.18,21.09,18.1,2.99,-0.09,2.99
2025,12,TreVeyon Henderson,RB,14.46,14.09,11.1,2.99,-0.37,2.99
2025,6,DeVonta Smith,WR,11.98,11.89,8.9,2.99,-0.09,2.99
2025,4,Josh Downs,WR,9.39,9.39,6.4,2.99,0.0,2.99
2025,4,Hunter Henry,TE,14.89,14.89,11.9,2.99,0.0,2.99
2024,14,DK Metcalf,WR,11.69,11.89,8.9,2.99,0.2,2.99
2025,4,Mark Andrews,TE,13.46,12.99,10.0,2.99,-0.47,2.99
2024,6,Roschon Johnson,RB,8.29,8.29,5.3,2.99,0.0,2.99
2024,7,Justin Jefferson,WR,18.9,18.42,21.4,-2.98,-0.48,2.98
2024,4,Brian Robinson,RB,17.5,17.32,20.3,-2.98,-0.18,2.98
2024,3,Tucker Kraft,TE,7.38,7.38,4.4,2.98,0.0,2.98
2024,10,Jake Ferguson,TE,6.91,7.38,4.4,2.98,0.47,2.98
2024,15,Hunter Henry,TE,9.19,9.47,6.5,2.97,0.28,2.97
2025,18,Kayshon Boutte,WR,7.85,7.37,4.4,2.97,-0.48,2.97
2025,5,Hunter Henry,TE,9.38,9.57,6.6,2.97,0.19,2.97
2024,13,Jordan Addison,WR,12.56,12.37,9.4,2.97,-0.19,2.97
2024,15,Travis Kelce,TE,9.76,9.66,6.7,2.96,-0.1,2.96
2025,11,Dalton Schultz,TE,8.05,8.14,11.1,-2.96,0.09,2.96
2024,5,Jakobi Meyers,WR,9.48,10.25,13.2,-2.95,0.77,2.95
2024,17,Pat Freiermuth,TE,7.95,8.05,11.0,-2.95,0.1,2.95
2025,7,George Pickens,WR,15.83,15.15,12.2,2.95,-0.68,2.95
2024,7,Bo Nix,QB,16.72,17.01,14.06,2.95,0.29,2.95
2024,6,Jayden Reed,WR,17.65,17.75,14.8,2.95,0.1,2.95
2024,12,Tyreek Hill,WR,13.23,12.75,9.8,2.95,-0.48,2.95
2025,6,Derrick Henry,RB,10.96,11.05,14.0,-2.95,0.09,2.95
2025,3,David Njoku,TE,12.04,11.94,9.0,2.94,-0.1,2.94
2025,16,Wan'Dale Robinson,WR,7.85,8.14,5.2,2.94,0.29,2.94
2024,5,Hunter Henry,TE,7.67,8.14,5.2,2.94,0.47,2.94
2024,15,Adam Thielen,WR,13.04,13.04,10.1,2.94,0.0,2.94
2025,5,Jordan Addison,WR,11.89,12.17,15.1,-2.93,0.28,2.93
2025,4,Michael Pittman,WR,12.17,12.17,15.1,-2.93,0.0,2.93
2024,14,Bijan Robinson,RB,22.47,23.03,20.1,2.93,0.56,2.93
2024,16,Drake Maye,QB,13.99,14.51,17.44,-2.93,0.52,2.93
2025,12,Tyler Warren,TE,12.61,12.42,9.5,2.92,-0.19,2.92
2024,4,Demarcus Robinson,WR,8.23,8.62,5.7,2.92,0.39,2.92
2024,11,Keenan Allen,WR,10.44,11.02,8.1,2.92,0.58,2.92
2024,10,Rhamondre Stevenson,RB,11.14,11.61,8.7,2.91,0.47,2.91
2024,3,Jayden Reed,WR,14.38,13.81,10.9,2.91,-0.57,2.91
2024,18,Xavier Legette,WR,8.91,8.91,6.0,2.91,0.0,2.91
2025,14,Kyle Monangai,RB,11.42,11.61,8.7,2.91,0.19,2.91
2024,4,Patrick Mahomes,QB,16.28,15.91,13.0,2.91,-0.37,2.91
2024,5,Diontae Johnson,WR,9.1,8.81,5.9,2.91,-0.29,2.91
2024,11,Jahmyr Gibbs,RB,17.04,16.39,19.3,-2.91,-0.65,2.91
2024,16,Rachaad White,RB,14.18,13.91,11.0,2.91,-0.27,2.91
2024,13,Travis Kelce,TE,11.75,10.9,13.8,-2.9,-0.85,2.9
2024,8,Jonnu Smith,TE,8.9,8.9,6.0,2.9,0.0,2.9
2024,4,Geno Smith,QB,18.71,18.71,21.6,-2.89,0.0,2.89
2025,14,Josh Downs,WR,9.1,9.19,6.3,2.89,0.09,2.89
2025,11,Jake Ferguson,TE,9.09,8.71,11.6,-2.89,-0.38,2.89
2024,9,CeeDee Lamb,WR,19.38,19.09,16.2,2.89,-0.29,2.89
2024,8,Bijan Robinson,RB,21.09,20.72,23.6,-2.88,-0.37,2.88
2024,4,Najee Harris,RB,13.17,13.17,10.3,2.87,0.0,2.87
2025,17,Dak Prescott,QB,20.85,19.81,22.68,-2.87,-1.04,2.87
2025,6,Kyle Pitts,TE,7.67,7.67,4.8,2.87,0.0,2.87
2024,17,Kyren Williams,RB,19.34,19.07,16.2,2.87,-0.27,2.87
2025,4,Kareem Hunt,RB,8.57,8.57,5.7,2.87,0.0,2.87
2024,5,Austin Ekeler,RB,8.84,8.84,11.7,-2.86,0.0,2.86
2025,5,Jalen Hurts,QB,16.79,16.64,19.5,-2.86,-0.15,2.86
2025,14,Terry McLaurin,WR,9.96,9.96,7.1,2.86,0.0,2.86
2024,14,Kyler Murray,QB,15.17,15.1,17.96,-2.86,-0.07,2.86
2025,8,Rhamondre Stevenson,RB,8.84,8.75,5.9,2.85,-0.09,2.85
2025,11,Rashee Rice,WR,12.85,12.65,9.8,2.85,-0.2,2.85
2024,6,Trevor Lawrence,QB,14.29,14.21,17.06,-2.85,-0.08,2.85
2024,13,Amon-Ra St. Brown,WR,15.73,15.15,12.3,2.85,-0.58,2.85
2025,13,DeVonta Smith,WR,12.94,12.65,9.8,2.85,-0.29,2.85
2025,16,Baker Mayfield,QB,15.61,15.54,12.7,2.84,-0.07,2.84
2024,6,Geno Smith,QB,15.39,15.32,12.48,2.84,-0.07,2.84
2025,5,Jordan Mason,RB,9.58,9.76,12.6,-2.84,0.18,2.84
2025,11,Drake Maye,QB,18.93,18.27,15.44,2.83,-0.66,2.83
2024,4,Aaron Rodgers,QB,14.65,14.43,11.6,2.83,-0.22,2.83
2024,7,DK Metcalf,WR,17.36,17.07,19.9,-2.83,-0.29,2.83
2024,15,Jameson Williams,WR,10.35,9.87,12.7,-2.83,-0.48,2.83
2024,5,Alexander Mattison,RB,7.09,7.28,10.1,-2.82,0.19,2.82
2024,14,David Montgomery,RB,16.95,16.58,19.4,-2.82,-0.37,2.82
2025,18,Chimere Dike,WR,8.14,8.52,5.7,2.82,0.38,2.82
2024,15,Tank Dell,WR,9.0,8.91,6.1,2.81,-0.09,2.81
2024,16,Tyrone Tracy Jr.,RB,13.72,14.09,16.9,-2.81,0.37,2.81
2024,12,CeeDee Lamb,WR,13.33,14.0,16.8,-2.8,0.67,2.8
2025,14,D'Andre Swift,RB,13.82,14.0,11.2,2.8,0.18,2.8
2025,3,Josh Jacobs,RB,15.29,15.2,12.4,2.8,-0.09,2.8
2025,17,Nico Collins,WR,11.21,11.5,8.7,2.8,0.29,2.8
2025,10,DK Metcalf,WR,9.29,9.29,6.5,2.79,0.0,2.79
2024,15,Noah Fant,TE,7.29,7.29,4.5,2.79,0.0,2.79
2024,15,Cade Otton,TE,7.1,7.19,4.4,2.79,0.09,2.79
2024,3,Greg Dortch,WR,9.48,9.29,6.5,2.79,-0.19,2.79
2024,14,Justin Herbert,QB,15.98,16.5,13.72,2.78,0.52,2.78
2024,15,Bo Nix,QB,16.42,16.28,13.5,2.78,-0.14,2.78
2024,4,Rico Dowdle,RB,10.59,10.32,13.1,-2.78,-0.27,2.78
2025,10,Kenneth Walker III,RB,11.51,10.78,8.0,2.78,-0.73,2.78
2024,5,Trey McBride,TE,8.43,8.52,11.3,-2.78,0.09,2.78
2024,16,Pat Freiermuth,TE,7.0,7.38,4.6,2.78,0.38,2.78
2025,18,Woody Marks,RB,9.58,9.58,6.8,2.78,0.0,2.78
2024,11,DeVonta Smith,WR,10.06,9.67,6.9,2.77,-0.39,2.77
2025,17,Jonathan Taylor,RB,20.26,20.17,17.4,2.77,-0.09,2.77
2025,14,Cade Otton,TE,7.95,7.67,4.9,2.77,-0.28,2.77
2025,5,Breece Hall,RB,14.0,14.74,17.5,-2.76,0.74,2.76
2025,15,Brock Bowers,TE,10.23,11.56,8.8,2.76,1.33,2.76
2024,7,Tee Higgins,WR,15.54,15.44,18.2,-2.76,-0.1,2.76
2025,17,Cam Ward,QB,13.99,14.29,17.04,-2.75,0.3,2.75
2025,17,David Montgomery,RB,8.84,8.75,6.0,2.75,-0.09,2.75
2025,14,DeVonta Smith,WR,10.35,10.44,7.7,2.74,0.09,2.74
2025,11,Tee Higgins,WR,12.46,12.56,15.3,-2.74,0.1,2.74
2024,6,Derrick Henry,RB,22.75,22.47,25.2,-2.73,-0.28,2.73
2024,10,Deebo Samuel Sr.,WR,10.44,9.87,12.6,-2.73,-0.57,2.73
2025,5,Amon-Ra St. Brown,WR,21.98,20.73,18.0,2.73,-1.25,2.73
2024,15,Kyren Williams,RB,16.03,15.93,13.2,2.73,-0.1,2.73
2025,14,Jordan Mason,RB,8.47,8.47,11.2,-2.73,0.0,2.73
2025,13,Colston Loveland,TE,8.05,8.52,5.8,2.72,0.47,2.72
2024,4,Kyren Williams,RB,17.59,17.68,20.4,-2.72,0.09,2.72
2025,12,Aaron Jones,RB,10.96,11.42,8.7,2.72,0.46,2.72
2024,17,Brian Robinson,RB,11.88,11.61,8.9,2.71,-0.27,2.71
2024,13,Justin Jefferson,WR,14.38,14.19,16.9,-2.71,-0.19,2.71
2025,12,Nico Collins,WR,10.73,11.21,8.5,2.71,0.48,2.71
2024,14,Travis Etienne,RB,8.29,8.29,11.0,-2.71,0.0,2.71
2024,17,Dalton Schultz,TE,6.62,6.81,4.1,2.71,0.19,2.71
2024,5,Tyler Allgeier,RB,8.2,8.2,5.5,2.7,0.0,2.7
2024,14,Najee Harris,RB,14.09,14.0,11.3,2.7,-0.09,2.7
2024,17,James Cook,RB,15.01,14.0,11.3,2.7,-1.01,2.7
2025,3,De'Von Achane,RB,18.33,18.79,16.1,2.69,0.46,2.69
2024,4,Zack Moss,RB,16.03,15.11,17.8,-2.69,-0.92,2.69
2024,5,Mark Andrews,TE,7.38,6.81,9.5,-2.69,-0.57,2.69
2025,17,Mike Gesicki,TE,10.33,9.38,6.7,2.68,-0.95,2.68
2025,9,Aaron Rodgers,QB,14.88,14.8,12.12,2.68,-0.08,2.68
2025,9,J.K. Dobbins,RB,9.49,9.58,6.9,2.68,0.09,2.68
2024,5,Nico Collins,WR,13.42,13.13,15.8,-2.67,-0.29,2.67
2025,15,De'Von Achane,RB,21.09,21.37,18.7,2.67,0.28,2.67
2024,6,Joe Burrow,QB,17.53,17.16,19.82,-2.66,-0.37,2.66
2025,12,Breece Hall,RB,9.86,11.24,13.9,-2.66,1.38,2.66
2025,15,Sam Darnold,QB,14.51,13.99,11.34,2.65,-0.52,2.65
2025,7,Hunter Henry,TE,10.04,9.95,7.3,2.65,-0.09,2.65
2025,18,Joe Burrow,QB,19.37,18.49,21.14,-2.65,-0.88,2.65
2024,7,Ja'Marr Chase,WR,20.44,20.25,17.6,2.65,-0.19,2.65
2024,7,Chase Brown,RB,10.68,9.95,7.3,2.65,-0.73,2.65
2025,7,Dak Prescott,QB,21.44,20.62,23.26,-2.64,-0.82,2.64
2024,11,Quentin Johnston,WR,10.35,10.16,12.8,-2.64,-0.19,2.64
2025,13,Kyren Williams,RB,16.03,15.84,13.2,2.64,-0.19,2.64
2025,7,Jalen Nailor,WR,8.23,8.33,5.7,2.63,0.1,2.63
2025,14,Omarion Hampton,RB,11.88,12.07,14.7,-2.63,0.19,2.63
2025,13,Rico Dowdle,RB,12.16,12.53,9.9,2.63,0.37,2.63
2024,16,Ray-Ray McCloud,WR,8.62,8.33,5.7,2.63,-0.29,2.63
2025,7,Chuba Hubbard,RB,9.86,10.13,7.5,2.63,0.27,2.63
2025,11,Geno Smith,QB,15.54,15.54,12.92,2.62,0.0,2.62
2024,13,DeMario Douglas,WR,8.43,8.62,6.0,2.62,0.19,2.62
2024,16,Rashod Bateman,WR,11.31,11.02,8.4,2.62,-0.29,2.62
2024,12,Kyren Williams,RB,13.82,13.82,11.2,2.62,0.0,2.62
2024,15,Jakobi Meyers,WR,13.04,13.52,10.9,2.62,0.48,2.62
2024,5,Kenneth Walker III,RB,17.41,17.22,14.6,2.62,-0.19,2.62
2025,17,Travis Etienne,RB,13.91,13.82,11.2,2.62,-0.09,2.62
2024,16,Jake Ferguson,TE,7.29,7.38,10.0,-2.62,0.09,2.62
2025,18,Ashton Jeanty,RB,14.64,15.01,12.4,2.61,0.37,2.61
2024,11,George Pickens,WR,14.29,14.29,16.9,-2.61,0.0,2.61
2025,7,Jonnu Smith,TE,9.57,9.19,11.8,-2.61,-0.38,2.61
2025,3,Emeka Egbuka,WR,11.89,11.89,14.5,-2.61,0.0,2.61
2024,10,Nick Westbrook-Ikhine,WR,8.33,8.71,6.1,2.61,0.38,2.61
2025,12,Kyle Monangai,RB,8.57,8.2,10.8,-2.6,-0.37,2.6
2024,12,Baker Mayfield,QB,16.2,16.06,18.66,-2.6,-0.14,2.6
2025,12,Puka Nacua,WR,14.77,14.1,16.7,-2.6,-0.67,2.6
2025,10,Tyler Higbee,TE,9.38,8.9,6.3,2.6,-0.48,2.6
2025,18,Blake Corum,RB,10.78,10.5,7.9,2.6,-0.28,2.6
2024,11,Jerome Ford,RB,10.5,10.5,7.9,2.6,0.0,2.6
2024,17,Kyler Murray,QB,18.49,18.63,16.04,2.59,0.14,2.59
2024,6,Alvin Kamara,RB,19.62,19.99,17.4,2.59,0.37,2.59
2025,9,Josh Jacobs,RB,17.59,17.41,20.0,-2.59,-0.18,2.59
2025,5,Josh Downs,WR,9.19,8.81,11.4,-2.59,-0.38,2.59
2024,7,James Cook,RB,11.88,11.79,9.2,2.59,-0.09,2.59
2025,6,Trevor Lawrence,QB,16.72,16.64,19.22,-2.58,-0.08,2.58
2024,17,Ja'Marr Chase,WR,22.74,21.78,19.2,2.58,-0.96,2.58
2025,17,Dalton Schultz,TE,7.19,7.48,4.9,2.58,0.29,2.58
2024,16,Jayden Reed,WR,8.91,8.52,11.1,-2.58,-0.39,2.58
2025,8,Justin Jefferson,WR,16.79,16.98,14.4,2.58,0.19,2.58
2025,9,Dak Prescott,QB,18.49,17.97,15.4,2.57,-0.52,2.57
2025,6,Caleb Williams,QB,17.16,17.31,19.88,-2.57,0.15,2.57
2024,18,Olamide Zaccheaus,WR,9.96,9.67,7.1,2.57,-0.29,2.57
2025,12,Chase Brown,RB,11.33,12.43,15.0,-2.57,1.1,2.57
2025,15,Aaron Jones,RB,12.16,12.07,9.5,2.57,-0.09,2.57
2024,8,Justin Jefferson,WR,23.32,22.07,19.5,2.57,-1.25,2.57
2024,10,Tyler Allgeier,RB,8.57,8.47,5.9,2.57,-0.1,2.57
2025,8,Daniel Jones,QB,21.8,20.62,23.18,-2.56,-1.18,2.56
2024,8,Jaleel McLaughlin,RB,10.41,10.04,12.6,-2.56,-0.37,2.56
2025,17,Jerry Jeudy,WR,7.37,7.85,10.4,-2.55,0.48,2.55
2025,14,Dak Prescott,QB,21.58,20.99,18.44,2.55,-0.59,2.55
2024,11,Cedric Tillman,WR,10.25,10.25,7.7,2.55,0.0,2.55
2024,15,Alvin Kamara,RB,14.0,14.46,17.0,-2.54,0.46,2.54
2025,17,Jordan Addison,WR,9.77,9.96,12.5,-2.54,0.19,2.54
2024,4,Justin Herbert,QB,13.25,13.7,11.16,2.54,0.45,2.54
2024,17,George Pickens,WR,10.44,10.54,8.0,2.54,0.1,2.54
2024,9,Elijah Moore,WR,8.14,8.33,5.8,2.53,0.19,2.53
2025,15,Oronde Gadsden II,TE,7.0,7.57,10.1,-2.53,0.57,2.53
2024,8,Rachaad White,RB,13.26,13.17,15.7,-2.53,-0.09,2.53
2025,5,Tyquan Thornton,WR,9.67,9.48,12.0,-2.52,-0.19,2.52
2025,7,Kenneth Walker III,RB,9.12,9.12,6.6,2.52,0.0,2.52
2025,10,DeVonta Smith,WR,14.38,14.38,16.9,-2.52,0.0,2.52
2024,16,Michael Wilson,WR,9.1,8.91,6.4,2.51,-0.19,2.51
2024,4,Braelon Allen,RB,8.57,8.11,5.6,2.51,-0.46,2.51
2024,13,Noah Gray,TE,7.67,7.29,9.8,-2.51,-0.38,2.51
2024,12,Jaleel McLaughlin,RB,7.0,6.91,4.4,2.51,-0.09,2.51
2024,8,Josh Allen,QB,17.53,17.31,19.82,-2.51,-0.22,2.51
2025,17,Tony Pollard,RB,13.82,14.0,11.5,2.5,0.18,2.5
2025,18,Caleb Williams,QB,19.96,19.08,16.58,2.5,-0.88,2.5
2025,11,Javonte Williams,RB,12.99,12.8,10.3,2.5,-0.19,2.5
2024,4,Zach Charbonnet,RB,12.89,12.89,10.4,2.49,0.0,2.49
2025,15,RJ Harvey,RB,12.8,12.99,10.5,2.49,0.19,2.49
2025,3,Travis Etienne,RB,14.09,14.09,11.6,2.49,0.0,2.49
2025,6,Jaylen Warren,RB,10.78,10.78,8.3,2.48,0.0,2.48
2025,12,Chris Olave,WR,13.42,13.52,16.0,-2.48,0.1,2.48
2024,9,Khalil Shakir,WR,8.81,8.52,11.0,-2.48,-0.29,2.48
2024,13,Ja'Marr Chase,WR,18.32,18.13,20.6,-2.47,-0.19,2.47
2025,18,Cooper Kupp,WR,7.56,7.37,4.9,2.47,-0.19,2.47
2025,14,Dalton Schultz,TE,7.67,7.67,5.2,2.47,0.0,2.47
2025,12,Zach Charbonnet,RB,12.16,11.97,9.5,2.47,-0.19,2.47
2025,13,Ja'Marr Chase,WR,15.54,15.54,18.0,-2.46,0.0,2.46
2025,11,Jordan Addison,WR,12.65,12.46,10.0,2.46,-0.19,2.46
2024,11,Cole Kmet,TE,8.9,9.66,7.2,2.46,0.76,2.46
2024,3,Rico Dowdle,RB,11.24,11.05,8.6,2.45,-0.19,2.45
2024,8,Saquon Barkley,RB,14.55,14.55,12.1,2.45,0.0,2.45
2024,8,Tony Pollard,RB,11.88,12.25,14.7,-2.45,0.37,2.45
2025,12,Trey McBride,TE,19.26,19.35,16.9,2.45,0.09,2.45
2024,6,Chig Okonkwo,TE,6.05,6.05,3.6,2.45,0.0,2.45
2025,3,Kyler Murray,QB,16.42,16.5,14.06,2.44,0.08,2.44
2024,6,Jauan Jennings,WR,8.43,8.14,5.7,2.44,-0.29,2.44
2025,10,Kyle Monangai,RB,11.42,11.24,8.8,2.44,-0.18,2.44
2025,4,Jonathan Taylor,RB,17.13,17.04,14.6,2.44,-0.09,2.44
2025,13,Josh Allen,QB,19.3,19.15,16.72,2.43,-0.15,2.43
2024,8,Kyren Williams,RB,20.17,20.17,22.6,-2.43,0.0,2.43
2024,4,Jake Ferguson,TE,10.04,9.47,11.9,-2.43,-0.57,2.43
2025,10,Tua Tagovailoa,QB,13.18,13.25,10.82,2.43,0.07,2.43
2025,3,Kyle Pitts,TE,10.71,10.33,7.9,2.43,-0.38,2.43
2024,15,Garrett Wilson,WR,12.17,12.17,14.6,-2.43,0.0,2.43
2024,14,Baker Mayfield,QB,17.01,16.57,19.0,-2.43,-0.44,2.43
2025,11,Patrick Mahomes,QB,15.98,15.76,13.34,2.42,-0.22,2.42
2025,17,Javonte Williams,RB,14.28,13.82,11.4,2.42,-0.46,2.42
2024,8,Jaylen Waddle,WR,10.73,10.92,8.5,2.42,0.19,2.42
2025,18,Derrick Henry,RB,15.11,15.01,12.6,2.41,-0.1,2.41
2024,7,Trey McBride,TE,12.32,12.51,10.1,2.41,0.19,2.41
2025,13,Josh Downs,WR,9.0,8.81,6.4,2.41,-0.19,2.41
2025,9,Jakobi Meyers,WR,8.71,8.71,6.3,2.41,0.0,2.41
2025,16,Bryce Young,QB,15.1,15.24,17.64,-2.4,0.14,2.4
2024,18,Jaylen Waddle,WR,11.4,11.4,9.0,2.4,0.0,2.4
2025,5,Derrick Henry,RB,11.61,11.7,9.3,2.4,0.09,2.4
2025,11,Baker Mayfield,QB,14.21,14.43,16.82,-2.39,0.22,2.39
2025,14,Marquise Brown,WR,6.98,6.89,4.5,2.39,-0.09,2.39
2024,17,Michael Wilson,WR,9.19,9.29,6.9,2.39,0.1,2.39
2024,14,Jakobi Meyers,WR,11.6,11.31,13.7,-2.39,-0.29,2.39
2024,5,Josh Downs,WR,13.52,13.52,15.9,-2.38,0.0,2.38
2025,3,Amon-Ra St. Brown,WR,18.61,18.32,20.7,-2.38,-0.29,2.38
2024,5,Jaxon Smith-Njigba,WR,11.21,10.73,13.1,-2.37,-0.48,2.37
2025,10,Nick Chubb,RB,8.29,8.57,6.2,2.37,0.28,2.37
2025,13,Marvin Harrison Jr.,WR,10.35,10.54,12.9,-2.36,0.19,2.36
2024,14,Mike Gesicki,TE,8.33,7.76,5.4,2.36,-0.57,2.36
2024,14,Jameson Williams,WR,11.02,10.64,13.0,-2.36,-0.38,2.36
2024,9,Sam Darnold,QB,17.01,16.64,19.0,-2.36,-0.37,2.36
2025,4,Tyreek Hill,WR,15.15,15.06,12.7,2.36,-0.09,2.36
2024,3,Tyjae Spears,RB,7.74,7.74,10.1,-2.36,0.0,2.36
2024,4,Ja'Marr Chase,WR,15.73,15.15,17.5,-2.35,-0.58,2.35
2024,11,De'Von Achane,RB,23.21,22.84,20.5,2.34,-0.37,2.34
2025,7,Michael Penix Jr.,QB,14.65,14.58,12.24,2.34,-0.07,2.34
2024,11,Deebo Samuel Sr.,WR,8.71,8.43,6.1,2.33,-0.28,2.33
2024,17,Kareem Hunt,RB,10.41,10.32,8.0,2.32,-0.09,2.32
2024,8,Drake Maye,QB,13.25,13.84,11.52,2.32,0.59,2.32
2024,10,Drake Maye,QB,13.33,14.07,11.76,2.31,0.74,2.31
2024,18,DeMario Douglas,WR,8.33,8.71,6.4,2.31,0.38,2.31
2025,12,Travis Kelce,TE,11.37,10.71,8.4,2.31,-0.66,2.31
2024,18,Tyler Conklin,TE,7.19,7.29,9.6,-2.31,0.1,2.31
2025,12,Tony Pollard,RB,9.3,10.41,8.1,2.31,1.11,2.31
2024,18,Garrett Wilson,WR,11.21,11.4,9.1,2.3,0.19,2.3
2025,18,Drake Maye,QB,18.93,18.04,15.74,2.3,-0.89,2.3
2025,13,Quentin Johnston,WR,9.19,9.0,11.3,-2.3,-0.19,2.3
2025,13,Jake Ferguson,TE,11.37,10.9,8.6,2.3,-0.47,2.3
2024,18,Lamar Jackson,QB,26.96,25.27,22.98,2.29,-1.69,2.29
2025,5,Tee Higgins,WR,8.71,8.91,11.2,-2.29,0.2,2.29
2024,18,Bijan Robinson,RB,30.12,29.01,31.3,-2.29,-1.11,2.29
2025,15,DeVonta Smith,WR,9.48,9.29,7.0,2.29,-0.19,2.29
2025,7,Bryce Young,QB,12.52,12.81,10.52,2.29,0.29,2.29
2025,7,Emeka Egbuka,WR,12.37,12.08,9.8,2.28,-0.29,2.28
2025,14,Josh Jacobs,RB,15.01,14.92,17.2,-2.28,-0.09,2.28
2025,11,Rashid Shaheed,WR,7.18,7.18,4.9,2.28,0.0,2.28
2025,4,Zach Charbonnet,RB,10.13,10.13,12.4,-2.27,0.0,2.27
2025,17,Baker Mayfield,QB,15.47,15.17,17.44,-2.27,-0.3,2.27
2024,12,Justin Herbert,QB,20.26,19.89,17.62,2.27,-0.37,2.27
2025,11,Jerry Jeudy,WR,6.79,7.37,5.1,2.27,0.58,2.27
2025,11,De'Von Achane,RB,24.13,23.76,21.5,2.26,-0.37,2.26
2025,17,Josh Allen,QB,21.21,20.92,23.18,-2.26,-0.29,2.26
2025,3,DJ Moore,WR,15.25,15.06,12.8,2.26,-0.19,2.26
2025,17,Jake Ferguson,TE,10.9,9.85,7.6,2.25,-1.05,2.25
2024,16,Jonnu Smith,TE,9.76,9.95,12.2,-2.25,0.19,2.25
2025,13,Jerry Jeudy,WR,7.27,7.85,5.6,2.25,0.58,2.25
2025,6,Elic Ayomanor,WR,8.04,7.95,5.7,2.25,-0.09,2.25
2025,10,David Njoku,TE,7.48,7.86,10.1,-2.24,0.38,2.24
2025,5,Tony Pollard,RB,16.21,17.04,14.8,2.24,0.83,2.24
2025,8,Justin Fields,QB,18.12,18.63,20.86,-2.23,0.51,2.23
2025,17,Mike Evans,WR,10.06,9.87,12.1,-2.23,-0.19,2.23
2025,3,Tyrone Tracy Jr.,RB,7.74,7.83,5.6,2.23,0.09,2.23
2024,9,David Montgomery,RB,14.92,14.83,12.6,2.23,-0.09,2.23
2024,10,Jaylen Waddle,WR,10.92,10.83,8.6,2.23,-0.09,2.23
2024,6,Drake London,WR,17.75,17.17,19.4,-2.23,-0.58,2.23
2024,5,Aaron Rodgers,QB,13.77,13.99,11.76,2.23,0.22,2.23
2025,7,Tetairoa McMillan,WR,8.33,8.52,6.3,2.22,0.19,2.22
2025,3,Bucky Irving,RB,16.3,16.12,13.9,2.22,-0.18,2.22
2025,16,Josh Downs,WR,9.48,9.58,11.8,-2.22,0.1,2.22
2025,16,Tee Higgins,WR,12.46,12.08,14.3,-2.22,-0.38,2.22
2024,14,Geno Smith,QB,15.32,15.54,13.32,2.22,0.22,2.22
2025,10,Zach Ertz,TE,7.29,7.19,9.4,-2.21,-0.1,2.21
2024,12,C.J. Stroud,QB,13.7,13.48,15.68,-2.2,-0.22,2.2
2025,17,Deebo Samuel Sr.,WR,9.0,9.1,11.3,-2.2,0.1,2.2
2025,7,Kayshon Boutte,WR,11.4,11.31,13.5,-2.19,-0.09,2.19
2024,10,A.J. Brown,WR,14.0,13.71,15.9,-2.19,-0.29,2.19
2025,5,Isiah Pacheco,RB,10.87,10.78,8.6,2.18,-0.09,2.18
2024,15,Courtland Sutton,WR,14.58,14.38,12.2,2.18,-0.2,2.18
2024,10,Ja'Tavion Sanders,TE,6.15,6.62,8.8,-2.18,0.47,2.18
2025,13,Chris Godwin Jr.,WR,8.81,8.62,10.8,-2.18,-0.19,2.18
2024,16,Cooper Rush,QB,17.38,17.46,15.28,2.18,0.08,2.18
2024,8,C.J. Stroud,QB,14.8,14.58,12.4,2.18,-0.22,2.18
2025,7,Romeo Doubs,WR,11.31,11.02,13.2,-2.18,-0.29,2.18
2024,8,Alvin Kamara,RB,15.47,16.03,18.2,-2.17,0.56,2.17
2024,3,Michael Pittman,WR,9.77,9.77,7.6,2.17,0.0,2.17
2024,12,Elijah Moore,WR,6.89,7.27,5.1,2.17,0.38,2.17
2025,9,Bo Nix,QB,15.91,16.35,18.52,-2.17,0.44,2.17
2025,3,Justice Hill,RB,10.32,9.67,7.5,2.17,-0.65,2.17
2024,15,Tucker Kraft,TE,7.86,7.57,5.4,2.17,-0.29,2.17
2025,17,Chimere Dike,WR,7.85,8.04,10.2,-2.16,0.19,2.16
2025,9,Stefon Diggs,WR,10.64,10.64,12.8,-2.16,0.0,2.16
2025,8,Olamide Zaccheaus,WR,8.04,8.14,10.3,-2.16,0.1,2.16
2025,4,Brian Thomas Jr.,WR,12.56,12.75,10.6,2.15,0.19,2.15
2025,17,Tyrone Tracy Jr.,RB,8.75,8.84,6.7,2.14,0.09,2.14
2024,4,Jaleel McLaughlin,RB,7.37,7.74,5.6,2.14,0.37,2.14
2024,10,Darnell Mooney,WR,12.75,12.46,14.6,-2.14,-0.29,2.14
2024,10,Khalil Shakir,WR,9.96,9.67,11.8,-2.13,-0.29,2.13
2024,7,Jordan Love,QB,19.3,18.93,16.8,2.13,-0.37,2.13
2024,5,Jayden Reed,WR,15.73,15.83,13.7,2.13,0.1,2.13
2025,11,Rachaad White,RB,10.13,10.32,8.2,2.12,0.19,2.12
2024,6,Cade Otton,TE,7.48,7.38,9.5,-2.12,-0.1,2.12
2024,8,Jonathan Taylor,RB,16.49,16.58,18.7,-2.12,0.09,2.12
2025,10,Quentin Johnston,WR,11.4,11.31,9.2,2.11,-0.09,2.11
2024,16,DJ Moore,WR,11.6,11.89,14.0,-2.11,0.29,2.11
2025,13,Jalen Hurts,QB,18.86,18.41,16.3,2.11,-0.45,2.11
2024,11,DK Metcalf,WR,11.89,11.89,14.0,-2.11,0.0,2.11
2024,6,Christian Kirk,WR,9.1,9.0,6.9,2.1,-0.1,2.1
2025,9,George Kittle,TE,9.19,9.0,6.9,2.1,-0.19,2.1
2025,14,A.J. Brown,WR,13.81,13.9,16.0,-2.1,0.09,2.1
2024,4,James Conner,RB,16.39,16.21,18.3,-2.09,-0.18,2.09
2025,18,Terry McLaurin,WR,11.31,11.79,9.7,2.09,0.48,2.09
2024,14,Evan Engram,TE,9.47,9.38,7.3,2.08,-0.09,2.08
2025,12,Javonte Williams,RB,14.09,14.18,12.1,2.08,0.09,2.08
2024,10,Kareem Hunt,RB,15.01,14.92,17.0,-2.08,-0.09,2.08
2025,4,Chuba Hubbard,RB,11.79,11.97,9.9,2.07,0.18,2.07
2025,5,Keon Coleman,WR,8.62,8.23,10.3,-2.07,-0.39,2.07
2024,4,Jayden Daniels,QB,22.25,21.95,24.02,-2.07,-0.3,2.07
2024,7,Evan Engram,TE,6.53,6.43,8.5,-2.07,-0.1,2.07
2025,5,Chris Olave,WR,14.38,14.96,12.9,2.06,0.58,2.06
2024,14,Deebo Samuel Sr.,WR,7.56,7.56,5.5,2.06,0.0,2.06
2025,15,Xavier Worthy,WR,7.66,7.56,5.5,2.06,-0.1,2.06
2024,16,Lamar Jackson,QB,23.06,22.54,20.48,2.06,-0.52,2.06
2024,14,Cade Otton,TE,8.43,7.95,10.0,-2.05,-0.48,2.05
2025,16,Terry McLaurin,WR,9.96,10.35,8.3,2.05,0.39,2.05
2025,6,Bryce Young,QB,16.35,16.42,18.46,-2.04,0.07,2.04
2024,10,Jaylen Warren,RB,7.37,7.46,9.5,-2.04,0.09,2.04
2025,9,Jake Ferguson,TE,10.61,10.04,8.0,2.04,-0.57,2.04
2025,15,Patrick Mahomes,QB,15.24,15.1,13.06,2.04,-0.14,2.04
2025,6,Cooper Kupp,WR,10.16,9.96,12.0,-2.04,-0.2,2.04
2024,15,Rachaad White,RB,11.97,12.07,14.1,-2.03,0.1,2.03
2025,10,Marvin Harrison Jr.,WR,11.98,12.27,14.3,-2.03,0.29,2.03
2025,5,Davante Adams,WR,16.31,15.83,13.8,2.03,-0.48,2.03
2024,14,Alvin Kamara,RB,15.01,14.92,12.9,2.02,-0.09,2.02
2024,11,A.J. Brown,WR,14.0,13.52,11.5,2.02,-0.48,2.02
2024,7,George Kittle,TE,13.56,13.18,15.2,-2.02,-0.38,2.02
2024,16,Garrett Wilson,WR,13.33,13.42,11.4,2.02,0.09,2.02
2024,5,Chris Godwin Jr.,WR,13.52,13.62,11.6,2.02,0.1,2.02
2024,15,Jordan Love,QB,15.83,15.54,17.56,-2.02,-0.29,2.02
2025,6,Baker Mayfield,QB,22.02,21.66,19.64,2.02,-0.36,2.02
2025,18,Baker Mayfield,QB,15.39,15.24,13.22,2.02,-0.15,2.02
2025,17,Jaxon Smith-Njigba,WR,14.58,14.19,16.2,-2.01,-0.39,2.01
2024,17,Saquon Barkley,RB,21.0,20.91,18.9,2.01,-0.09,2.01
2025,9,Rashee Rice,WR,17.17,16.59,18.6,-2.01,-0.58,2.01
2024,3,Courtland Sutton,WR,10.92,11.79,13.8,-2.01,0.87,2.01
2025,8,Cam Ward,QB,10.31,10.75,12.76,-2.01,0.44,2.01
2025,6,Isiah Pacheco,RB,8.29,8.11,6.1,2.01,-0.18,2.01
2024,15,Dalton Kincaid,TE,7.76,7.29,9.3,-2.01,-0.47,2.01
2025,18,Bucky Irving,RB,12.89,12.8,10.8,2.0,-0.09,2.0
2024,4,Zach Ertz,TE,9.47,9.19,7.2,1.99,-0.28,1.99
2025,13,Jaylen Warren,RB,10.32,10.41,12.4,-1.99,0.09,1.99
2024,5,Amari Cooper,WR,12.27,11.98,10.0,1.98,-0.29,1.98
2025,18,Jahmyr Gibbs,RB,19.8,18.33,20.3,-1.97,-1.47,1.97
2024,11,Hunter Henry,TE,9.66,10.33,12.3,-1.97,0.67,1.97
2024,8,Romeo Doubs,WR,12.65,12.17,10.2,1.97,-0.48,1.97
2025,6,Chase Brown,RB,10.13,10.87,8.9,1.97,0.74,1.97
2024,18,Aaron Jones,RB,14.83,14.46,12.5,1.96,-0.37,1.96
2025,14,Alec Pierce,WR,14.96,14.96,13.0,1.96,0.0,1.96
2024,16,CeeDee Lamb,WR,15.44,15.54,17.5,-1.96,0.1,1.96
2025,5,Michael Pittman,WR,13.42,12.94,14.9,-1.96,-0.48,1.96
2025,12,Rome Odunze,WR,10.35,10.25,8.3,1.95,-0.1,1.95
2025,15,Rhamondre Stevenson,RB,8.84,8.75,10.7,-1.95,-0.09,1.95
2025,18,Josh Downs,WR,7.08,7.66,9.6,-1.94,0.58,1.94
2025,13,Jordan Addison,WR,9.87,10.54,8.6,1.94,0.67,1.94
2024,5,Josh Jacobs,RB,14.55,14.46,16.4,-1.94,-0.09,1.94
2025,5,Jared Goff,QB,19.0,18.19,20.12,-1.93,-0.81,1.93
2024,16,Tua Tagovailoa,QB,14.29,14.43,12.5,1.93,0.14,1.93
2024,14,Marvin Harrison Jr.,WR,10.92,10.83,8.9,1.93,-0.09,1.93
2024,12,Mike Evans,WR,9.96,9.87,11.8,-1.93,-0.09,1.93
2024,16,Tucker Kraft,TE,8.24,7.57,9.5,-1.93,-0.67,1.93
2024,13,Jaylen Warren,RB,8.38,8.47,10.4,-1.93,0.09,1.93
2024,16,Baker Mayfield,QB,20.85,20.4,22.32,-1.92,-0.45,1.92
2025,5,George Pickens,WR,11.89,11.79,13.7,-1.91,-0.1,1.91
2024,10,Xavier Legette,WR,8.62,8.91,7.0,1.91,0.29,1.91
2024,13,Khalil Shakir,WR,9.19,8.91,7.0,1.91,-0.28,1.91
2025,12,Kenneth Walker III,RB,15.38,15.01,13.1,1.91,-0.37,1.91
2025,11,T.J. Hockenson,TE,9.19,8.81,6.9,1.91,-0.38,1.91
2024,4,Deshaun Watson,QB,13.92,14.14,12.24,1.9,0.22,1.9
2025,14,Zach Charbonnet,RB,10.5,10.5,8.6,1.9,0.0,1.9
2025,15,T.J. Hockenson,TE,8.71,8.71,10.6,-1.89,0.0,1.89
2025,12,Juwan Johnson,TE,8.62,8.71,10.6,-1.89,0.09,1.89
2024,17,Tucker Kraft,TE,9.57,9.19,7.3,1.89,-0.38,1.89
2024,5,Dalton Kincaid,TE,7.48,7.29,5.4,1.89,-0.19,1.89
2025,16,Nico Collins,WR,12.17,11.79,9.9,1.89,-0.38,1.89
2025,6,Bo Nix,QB,15.54,15.24,13.36,1.88,-0.3,1.88
2024,7,Justin Herbert,QB,16.72,16.64,14.76,1.88,-0.08,1.88
2025,5,Nick Chubb,RB,10.22,10.22,12.1,-1.88,0.0,1.88
2025,12,T.J. Hockenson,TE,7.1,7.76,5.9,1.86,0.66,1.86
2025,11,Rico Dowdle,RB,16.58,16.86,15.0,1.86,0.28,1.86
2024,7,Dalton Kincaid,TE,6.62,6.34,8.2,-1.86,-0.28,1.86
2025,17,Dallas Goedert,TE,7.86,7.95,9.8,-1.85,0.09,1.85
2025,18,Devin Singletary,RB,8.84,8.75,10.6,-1.85,-0.09,1.85
2025,13,Derrick Henry,RB,19.62,19.25,17.4,1.85,-0.37,1.85
2024,4,Rhamondre Stevenson,RB,9.76,10.04,8.2,1.84,0.28,1.84
2024,3,Jahmyr Gibbs,RB,18.79,18.14,16.3,1.84,-0.65,1.84
2025,12,Tetairoa McMillan,WR,13.04,13.33,11.5,1.83,0.29,1.83
2024,14,Elijah Moore,WR,7.85,8.23,6.4,1.83,0.38,1.83
2024,14,Jalen Hurts,QB,23.35,22.39,24.22,-1.83,-0.96,1.83
2024,14,De'Von Achane,RB,21.09,20.72,18.9,1.82,-0.37,1.82
2024,12,Josh Palmer,WR,8.71,8.62,6.8,1.82,-0.09,1.82
2025,13,Tyjae Spears,RB,9.86,10.22,8.4,1.82,0.36,1.82
2024,9,James Cook,RB,13.91,13.72,11.9,1.82,-0.19,1.82
2024,15,Anthony Richardson,QB,15.83,16.2,14.38,1.82,0.37,1.82
2025,9,Amon-Ra St. Brown,WR,16.79,16.88,18.7,-1.82,0.09,1.82
2024,14,Derek Carr,QB,13.84,13.77,11.96,1.81,-0.07,1.81
2025,11,Colston Loveland,TE,8.81,8.81,7.0,1.81,0.0,1.81
2024,9,Justin Jefferson,WR,19.77,19.77,21.58,-1.81,0.0,1.81
2025,7,Jauan Jennings,WR,9.1,8.91,7.1,1.81,-0.19,1.81
2025,18,Bryce Young,QB,14.58,14.73,16.54,-1.81,0.15,1.81
2024,7,Ladd McConkey,WR,11.4,11.4,9.6,1.8,0.0,1.8
2024,11,Jayden Daniels,QB,15.24,15.24,13.44,1.8,0.0,1.8
2024,15,Joe Burrow,QB,19.0,18.63,16.84,1.79,-0.37,1.79
2024,7,Jared Goff,QB,17.23,17.01,18.8,-1.79,-0.22,1.79
2025,8,Josh Jacobs,RB,15.38,15.29,13.5,1.79,-0.09,1.79
2024,3,Will Levis,QB,15.17,15.39,13.6,1.79,0.22,1.79
2025,5,Courtland Sutton,WR,15.92,16.11,17.9,-1.79,0.19,1.79
2025,6,Michael Penix Jr.,QB,12.81,12.81,14.6,-1.79,0.0,1.79
2024,10,Dallas Goedert,TE,9.19,8.71,10.5,-1.79,-0.48,1.79
2024,18,Aidan O'Connell,QB,13.7,14.07,15.86,-1.79,0.37,1.79
2024,5,Christian Kirk,WR,11.21,11.02,12.8,-1.78,-0.19,1.78
2024,10,Najee Harris,RB,12.99,13.08,11.3,1.78,0.09,1.78
2025,9,Tyler Higbee,TE,9.0,8.52,10.3,-1.78,-0.48,1.78
2024,12,Gardner Minshew,QB,13.03,13.48,11.7,1.78,0.45,1.78
2025,10,D'Andre Swift,RB,16.86,16.58,14.8,1.78,-0.28,1.78
2024,7,Josh Palmer,WR,8.52,8.52,10.3,-1.78,0.0,1.78
2024,14,Tony Pollard,RB,12.53,12.62,14.4,-1.78,0.09,1.78
2024,17,Bijan Robinson,RB,22.93,23.03,24.8,-1.77,0.1,1.77
2025,6,Romeo Doubs,WR,12.75,12.27,10.5,1.77,-0.48,1.77
2024,17,Noah Fant,TE,6.53,6.53,8.3,-1.77,0.0,1.77
2025,5,Saquon Barkley,RB,16.21,16.03,17.8,-1.77,-0.18,1.77
2024,8,Dak Prescott,QB,15.24,15.39,13.62,1.77,0.15,1.77
2025,9,Derrick Henry,RB,11.42,11.33,13.1,-1.77,-0.09,1.77
2025,3,Chris Olave,WR,16.5,17.46,15.7,1.76,0.96,1.76
2024,4,Jaxon Smith-Njigba,WR,14.86,14.86,13.1,1.76,0.0,1.76
2024,16,Davante Adams,WR,17.94,18.04,19.8,-1.76,0.1,1.76
2025,16,Philip Rivers,QB,15.17,15.32,17.08,-1.76,0.15,1.76
2024,18,Jerry Jeudy,WR,9.77,10.54,12.3,-1.76,0.77,1.76
2025,4,Zay Flowers,WR,13.04,12.65,14.4,-1.75,-0.39,1.75
2025,12,Emeka Egbuka,WR,7.75,7.95,6.2,1.75,0.2,1.75
2024,4,Dalton Kincaid,TE,8.05,7.95,9.7,-1.75,-0.1,1.75
2025,10,Rachaad White,RB,8.75,8.66,10.4,-1.74,-0.09,1.74
2025,4,Trey McBride,TE,13.65,13.94,12.2,1.74,0.29,1.74
2025,4,Saquon Barkley,RB,15.75,15.66,17.4,-1.74,-0.09,1.74
2024,3,Brian Robinson,RB,12.25,12.43,10.7,1.73,0.18,1.73
2025,14,Deebo Samuel Sr.,WR,8.52,8.43,6.7,1.73,-0.09,1.73
2024,5,Patrick Mahomes,QB,15.39,15.17,13.44,1.73,-0.22,1.73
2025,4,Sam LaPorta,TE,8.81,8.62,6.9,1.72,-0.19,1.72
2025,16,Keenan Allen,WR,11.4,11.12,9.4,1.72,-0.28,1.72
2025,4,Jalen Nailor,WR,10.92,10.92,9.2,1.72,0.0,1.72
2024,6,Jahmyr Gibbs,RB,14.0,13.82,12.1,1.72,-0.18,1.72
2024,18,Isaiah Likely,TE,9.38,8.52,6.8,1.72,-0.86,1.72
2024,7,Kyler Murray,QB,18.34,18.49,20.2,-1.71,0.15,1.71
2024,7,Patrick Mahomes,QB,13.77,13.77,12.06,1.71,0.0,1.71
2025,10,Zay Flowers,WR,13.52,13.81,12.1,1.71,0.29,1.71
2024,10,Mike Gesicki,TE,8.9,8.71,7.0,1.71,-0.19,1.71
2025,17,Kyle Monangai,RB,9.4,9.4,7.7,1.7,0.0,1.7
2024,13,Sam Darnold,QB,18.12,17.9,19.6,-1.7,-0.22,1.7
2024,15,Patrick Mahomes,QB,17.53,17.46,15.76,1.7,-0.07,1.7
2025,3,Sam LaPorta,TE,9.19,9.0,7.3,1.7,-0.19,1.7
2025,15,Emeka Egbuka,WR,8.91,8.71,10.4,-1.69,-0.2,1.69
2024,10,Josh Allen,QB,20.26,19.89,18.2,1.69,-0.37,1.69
2024,7,Trevor Lawrence,QB,13.48,13.33,15.02,-1.69,-0.15,1.69
2024,12,Tank Dell,WR,8.71,8.52,10.2,-1.68,-0.19,1.68
2025,11,Tyler Allgeier,RB,7.92,7.92,9.6,-1.68,0.0,1.68
2025,7,Chase Brown,RB,10.32,10.32,12.0,-1.68,0.0,1.68
2024,7,Geno Smith,QB,19.74,19.45,17.78,1.67,-0.29,1.67
2025,3,Rashid Shaheed,WR,9.96,9.87,8.2,1.67,-0.09,1.67
2024,15,DeMario Douglas,WR,8.33,8.43,10.1,-1.67,0.1,1.67
2024,6,Rico Dowdle,RB,12.43,12.16,10.5,1.66,-0.27,1.66
2025,6,Justice Hill,RB,7.55,7.74,9.4,-1.66,0.19,1.66
2025,15,CeeDee Lamb,WR,15.34,15.44,17.1,-1.66,0.1,1.66
2025,12,Tre Tucker,WR,7.37,7.46,5.8,1.66,0.09,1.66
2025,8,Mark Andrews,TE,8.14,8.05,6.4,1.65,-0.09,1.65
2024,9,Tyreek Hill,WR,10.16,10.35,12.0,-1.65,0.19,1.65
2025,13,DK Metcalf,WR,7.66,7.85,6.2,1.65,0.19,1.65
2025,10,Cooper Kupp,WR,7.95,7.75,9.4,-1.65,-0.2,1.65
2025,8,De'Von Achane,RB,21.46,21.74,20.1,1.64,0.28,1.64
2024,11,Isaiah Likely,TE,8.14,7.86,9.5,-1.64,-0.28,1.64
2024,17,Austin Hooper,TE,6.15,6.53,4.9,1.63,0.38,1.63
2025,13,Tetairoa McMillan,WR,9.19,9.67,11.3,-1.63,0.48,1.63
2024,10,Josh Oliver,TE,7.76,7.57,9.2,-1.63,-0.19,1.63
2025,16,Jameson Williams,WR,14.48,13.62,12.0,1.62,-0.86,1.62
2024,13,Jared Goff,QB,15.83,15.32,16.94,-1.62,-0.51,1.62
2024,18,Tyrone Tracy Jr.,RB,10.04,10.22,8.6,1.62,0.18,1.62
2024,9,Jalen Tolbert,WR,9.48,9.29,10.9,-1.61,-0.19,1.61
2025,15,Deebo Samuel Sr.,WR,8.91,8.91,7.3,1.61,0.0,1.61
2024,9,Bijan Robinson,RB,20.63,19.89,21.5,-1.61,-0.74,1.61
2024,11,Davante Adams,WR,11.6,11.6,13.2,-1.6,0.0,1.6
2025,13,Dak Prescott,QB,19.3,19.0,20.6,-1.6,-0.3,1.6
2024,3,Mike Gesicki,TE,7.67,7.1,8.7,-1.6,-0.57,1.6
2025,16,Kirk Cousins,QB,16.35,15.98,17.58,-1.6,-0.37,1.6
2024,17,Mason Rudolph,QB,13.48,13.62,12.02,1.6,0.14,1.6
2025,3,Bo Nix,QB,14.88,15.02,13.42,1.6,0.14,1.6
2024,3,Amon-Ra St. Brown,WR,19.67,18.9,20.5,-1.6,-0.77,1.6
2024,13,Rhamondre Stevenson,RB,13.82,14.0,12.4,1.6,0.18,1.6
2025,6,Jake Ferguson,TE,11.09,10.71,12.3,-1.59,-0.38,1.59
2024,16,DeMario Douglas,WR,8.62,9.48,7.9,1.58,0.86,1.58
2024,13,David Montgomery,RB,14.64,13.82,15.4,-1.58,-0.82,1.58
2024,18,Zach Charbonnet,RB,10.78,10.68,9.1,1.58,-0.1,1.58
2024,3,Jared Goff,QB,16.64,16.13,14.56,1.57,-0.51,1.57
2024,3,Marvin Harrison Jr.,WR,16.02,15.83,17.4,-1.57,-0.19,1.57
2024,17,Russell Wilson,QB,15.98,16.13,17.7,-1.57,0.15,1.57
2024,5,James Conner,RB,12.34,12.43,14.0,-1.57,0.09,1.57
2024,12,Roschon Johnson,RB,6.54,6.63,8.2,-1.57,0.09,1.57
2025,7,Darnell Mooney,WR,8.23,8.23,9.8,-1.57,0.0,1.57
2024,12,Rashod Bateman,WR,11.12,10.73,12.3,-1.57,-0.39,1.57
2025,7,Rico Dowdle,RB,11.88,12.16,10.6,1.56,0.28,1.56
2025,18,Trey McBride,TE,11.18,11.94,13.5,-1.56,0.76,1.56
2025,16,Xavier Worthy,WR,7.46,7.66,6.1,1.56,0.2,1.56
2025,16,Ladd McConkey,WR,12.94,12.75,14.3,-1.55,-0.19,1.55
2024,3,Jaleel McLaughlin,RB,9.4,9.95,8.4,1.55,0.55,1.55
2024,13,Jerome Ford,RB,8.38,8.75,7.2,1.55,0.37,1.55
2024,11,Zay Flowers,WR,10.54,10.35,11.9,-1.55,-0.19,1.55
2024,9,James Conner,RB,13.36,13.36,14.9,-1.54,0.0,1.54
2025,16,Deebo Samuel Sr.,WR,7.66,8.04,6.5,1.54,0.38,1.54
2024,9,Drake Maye,QB,13.7,14.21,15.74,-1.53,0.51,1.53
2025,11,Zay Flowers,WR,9.87,9.77,11.3,-1.53,-0.1,1.53
2025,3,Justin Herbert,QB,16.28,16.13,14.6,1.53,-0.15,1.53
2024,9,Trey McBride,TE,11.28,11.18,12.7,-1.52,-0.1,1.52
2025,3,Baker Mayfield,QB,16.5,16.2,17.72,-1.52,-0.3,1.52
2025,9,David Montgomery,RB,9.58,9.49,11.0,-1.51,-0.09,1.51
2025,15,Jaylen Warren,RB,9.3,9.3,7.8,1.5,0.0,1.5
2025,11,Zach Charbonnet,RB,8.2,8.2,6.7,1.5,0.0,1.5
2024,14,Calvin Ridley,WR,11.31,11.4,12.9,-1.5,0.09,1.5
2024,8,Jaxon Smith-Njigba,WR,11.31,11.4,12.9,-1.5,0.09,1.5
2024,13,Michael Wilson,WR,8.91,9.0,10.5,-1.5,0.09,1.5
2024,10,Brock Purdy,QB,23.2,22.32,23.82,-1.5,-0.88,1.5
2025,8,Xavier Worthy,WR,9.1,8.81,10.3,-1.49,-0.29,1.49
2025,5,J.K. Dobbins,RB,13.82,13.91,15.4,-1.49,0.09,1.49
2025,3,Dallas Goedert,TE,9.09,8.81,10.3,-1.49,-0.28,1.49
2025,4,Drake Maye,QB,22.02,21.73,23.22,-1.49,-0.29,1.49
2024,11,Aaron Rodgers,QB,14.65,14.58,16.06,-1.48,-0.07,1.48
2025,18,Jared Goff,QB,16.94,16.72,15.24,1.48,-0.22,1.48
2024,5,Michael Pittman,WR,13.23,13.23,14.7,-1.47,0.0,1.47
2025,3,DK Metcalf,WR,10.83,10.73,12.2,-1.47,-0.1,1.47
2024,15,George Kittle,TE,12.04,11.56,10.1,1.46,-0.48,1.46
2024,17,Jonnu Smith,TE,9.47,10.14,11.6,-1.46,0.67,1.46
2025,9,Brian Thomas Jr.,WR,9.96,9.96,8.5,1.46,0.0,1.46
2025,11,Kyren Williams,RB,18.24,18.05,16.6,1.45,-0.19,1.45
2024,12,Zay Flowers,WR,13.13,12.65,11.2,1.45,-0.48,1.45
2024,11,Geno Smith,QB,14.14,14.29,15.74,-1.45,0.15,1.45
2024,11,Travis Etienne,RB,8.11,7.74,6.3,1.44,-0.37,1.44
2025,18,Tyjae Spears,RB,10.96,11.14,9.7,1.44,0.18,1.44
2024,6,Joe Flacco,QB,14.88,15.1,13.66,1.44,0.22,1.44
2025,8,Chris Olave,WR,14.58,15.44,14.0,1.44,0.86,1.44
2025,6,Tee Higgins,WR,9.19,9.77,11.2,-1.43,0.58,1.43
2024,13,Jaylen Waddle,WR,9.77,9.87,11.3,-1.43,0.1,1.43
2025,5,Dallas Goedert,TE,9.66,9.47,10.9,-1.43,-0.19,1.43
2024,16,Javonte Williams,RB,10.59,10.87,12.3,-1.43,0.28,1.43
2025,15,Rashee Rice,WR,13.71,13.52,12.1,1.42,-0.19,1.42
2025,5,Chig Okonkwo,TE,6.72,7.38,8.8,-1.42,0.66,1.42
2025,13,Woody Marks,RB,9.03,9.12,7.7,1.42,0.09,1.42
2025,3,Tyreek Hill,WR,13.9,14.48,15.9,-1.42,0.58,1.42
2024,17,Justin Jefferson,WR,18.9,18.61,17.2,1.41,-0.29,1.41
2024,9,Kenneth Walker III,RB,15.2,15.11,13.7,1.41,-0.09,1.41
2024,11,Tank Dell,WR,11.4,11.21,9.8,1.41,-0.19,1.41
2025,10,Justice Hill,RB,6.91,6.91,8.3,-1.39,0.0,1.39
2024,13,Matthew Stafford,QB,17.38,17.01,15.62,1.39,-0.37,1.39
2025,3,Breece Hall,RB,10.22,10.59,9.2,1.39,0.37,1.39
2025,16,Pat Freiermuth,TE,7.38,7.38,6.0,1.38,0.0,1.38
2025,4,Sam Darnold,QB,17.46,17.46,16.08,1.38,0.0,1.38
2025,5,Spencer Rattler,QB,14.65,14.73,16.1,-1.37,0.08,1.37
2024,11,Kenneth Walker III,RB,12.43,12.53,13.9,-1.37,0.1,1.37
2024,15,Ja'Marr Chase,WR,20.34,19.77,18.4,1.37,-0.57,1.37
2025,9,Xavier Worthy,WR,7.56,7.37,6.0,1.37,-0.19,1.37
2024,6,Jayden Daniels,QB,19.59,19.59,20.96,-1.37,0.0,1.37
2025,5,Zay Flowers,WR,10.44,10.83,12.2,-1.37,0.39,1.37
2024,16,DK Metcalf,WR,13.04,13.33,14.7,-1.37,0.29,1.37
2024,9,Rachaad White,RB,10.68,11.14,12.5,-1.36,0.46,1.36
2025,17,Bo Nix,QB,18.56,18.12,19.48,-1.36,-0.44,1.36
2025,12,Jalen Coker,WR,7.37,7.56,6.2,1.36,0.19,1.36
2025,11,Breece Hall,RB,9.21,9.76,8.4,1.36,0.55,1.36
2024,8,Hunter Henry,TE,7.48,8.14,9.5,-1.36,0.66,1.36
2024,5,Cade Otton,TE,5.96,6.05,7.4,-1.35,0.09,1.35
2024,9,Ladd McConkey,WR,12.75,12.75,11.4,1.35,0.0,1.35
2025,16,Kyle Monangai,RB,11.05,10.96,12.3,-1.34,-0.09,1.34
2025,12,Davis Mills,QB,12.81,13.18,14.52,-1.34,0.37,1.34
2024,10,Trey McBride,TE,9.66,9.76,11.1,-1.34,0.1,1.34
2025,9,Zay Flowers,WR,10.44,10.06,11.4,-1.34,-0.38,1.34
2025,7,Marquise Brown,WR,11.31,10.73,9.4,1.33,-0.58,1.33
2024,13,Patrick Mahomes,QB,18.56,17.97,16.64,1.33,-0.59,1.33
2025,5,Khalil Shakir,WR,10.06,9.67,11.0,-1.33,-0.39,1.33
2024,8,Lamar Jackson,QB,26.15,25.49,24.16,1.33,-0.66,1.33
2024,18,Michael Pittman,WR,11.69,11.89,13.2,-1.31,0.2,1.31
2025,4,Brenton Strange,TE,9.0,9.19,10.5,-1.31,0.19,1.31
2025,6,Jared Goff,QB,18.34,18.12,16.82,1.3,-0.22,1.3
2025,6,Jonnu Smith,TE,6.91,7.1,5.8,1.3,0.19,1.3
2025,10,Harold Fannin Jr.,TE,6.72,7.1,8.4,-1.3,0.38,1.3
2025,15,Josh Downs,WR,8.23,9.0,10.3,-1.3,0.77,1.3
2024,15,T.J. Hockenson,TE,9.28,8.9,10.2,-1.3,-0.38,1.3
2024,16,Joe Burrow,QB,24.24,23.28,21.98,1.3,-0.96,1.3
2025,6,AJ Barner,TE,9.0,8.81,10.1,-1.29,-0.19,1.29
2024,11,Caleb Williams,QB,14.36,14.95,16.24,-1.29,0.59,1.29
2025,17,Jakobi Meyers,WR,9.58,9.19,7.9,1.29,-0.39,1.29
2024,14,Russell Wilson,QB,17.53,17.31,16.02,1.29,-0.22,1.29
2024,8,Tyreek Hill,WR,14.29,14.48,13.2,1.28,0.19,1.28
2025,5,Puka Nacua,WR,24.09,23.22,24.5,-1.28,-0.87,1.28
2024,11,Alvin Kamara,RB,14.09,14.18,12.9,1.28,0.09,1.28
2024,11,Rhamondre Stevenson,RB,14.0,14.18,12.9,1.28,0.18,1.28
2024,12,Xavier Legette,WR,7.95,8.33,9.6,-1.27,0.38,1.27
2025,5,Brian Thomas Jr.,WR,10.64,10.73,12.0,-1.27,0.09,1.27
2025,4,Jahmyr Gibbs,RB,19.16,18.97,17.7,1.27,-0.19,1.27
2024,14,Sam LaPorta,TE,12.32,11.66,10.4,1.26,-0.66,1.26
2025,15,Chase Brown,RB,15.01,14.74,16.0,-1.26,-0.27,1.26
2025,6,Mark Andrews,TE,7.38,7.86,6.6,1.26,0.48,1.26
2024,14,T.J. Hockenson,TE,10.23,9.76,8.5,1.26,-0.47,1.26
2025,4,Kenneth Walker III,RB,13.36,13.26,12.0,1.26,-0.1,1.26
2024,8,Sam Darnold,QB,19.81,19.45,18.2,1.25,-0.36,1.25
2024,16,Aaron Jones,RB,13.54,13.54,12.3,1.24,0.0,1.24
2025,13,George Pickens,WR,18.71,18.04,16.8,1.24,-0.67,1.24
2025,11,Jauan Jennings,WR,10.92,10.64,9.4,1.24,-0.28,1.24
2025,14,Devaughn Vele,WR,7.85,8.23,7.0,1.23,0.38,1.23
2025,13,Keenan Allen,WR,8.43,8.23,7.0,1.23,-0.2,1.23
2025,18,Chase Brown,RB,19.43,17.78,19.0,-1.22,-1.65,1.22
2025,14,David Montgomery,RB,13.91,13.08,14.3,-1.22,-0.83,1.22
2024,12,Russell Wilson,QB,14.8,15.02,13.8,1.22,0.22,1.22
2024,11,Calvin Ridley,WR,11.5,11.02,9.8,1.22,-0.48,1.22
2025,5,Daniel Jones,QB,15.91,15.47,16.68,-1.21,-0.44,1.21
2024,16,Nico Collins,WR,11.5,11.79,13.0,-1.21,0.29,1.21
2025,10,Puka Nacua,WR,19.38,18.61,17.4,1.21,-0.77,1.21
2024,12,Lamar Jackson,QB,24.6,23.79,22.58,1.21,-0.81,1.21
2025,17,Justin Herbert,QB,16.2,16.35,15.14,1.21,0.15,1.21
2025,18,Brian Thomas Jr.,WR,9.67,9.1,7.9,1.2,-0.57,1.2
2025,10,Josh Jacobs,RB,18.61,18.51,19.7,-1.19,-0.1,1.19
2025,4,Travis Kelce,TE,11.09,10.99,9.8,1.19,-0.1,1.19
2025,18,Jacoby Brissett,QB,13.99,14.43,15.62,-1.19,0.44,1.19
2024,6,Andy Dalton,QB,15.91,16.13,14.94,1.19,0.22,1.19
2024,11,DeMario Douglas,WR,8.33,8.71,9.9,-1.19,0.38,1.19
2024,17,T.J. Hockenson,TE,10.9,10.61,11.8,-1.19,-0.29,1.19
2024,16,Kenneth Walker III,RB,12.62,12.71,13.9,-1.19,0.09,1.19
2025,14,Jalen Nailor,WR,7.18,7.18,6.0,1.18,0.0,1.18
2025,17,Jauan Jennings,WR,11.4,11.02,12.2,-1.18,-0.38,1.18
2024,16,Bijan Robinson,RB,23.67,23.12,24.3,-1.18,-0.55,1.18
2024,16,Rome Odunze,WR,8.33,8.52,9.7,-1.18,0.19,1.18
2024,6,Jalen Tolbert,WR,9.67,9.48,8.3,1.18,-0.19,1.18
2025,8,CeeDee Lamb,WR,13.52,13.42,14.6,-1.18,-0.1,1.18
2024,4,David Montgomery,RB,14.37,13.82,15.0,-1.18,-0.55,1.18
2024,7,James Conner,RB,15.93,16.03,17.2,-1.17,0.1,1.17
2024,13,Jauan Jennings,WR,9.96,9.77,8.6,1.17,-0.19,1.17
2025,9,Jaylen Waddle,WR,12.75,13.04,14.2,-1.16,0.29,1.16
2024,9,Aaron Jones,RB,13.63,13.36,12.2,1.16,-0.27,1.16
2024,12,Jameson Williams,WR,11.21,10.64,11.8,-1.16,-0.57,1.16
2024,4,Jauan Jennings,WR,11.12,10.64,11.8,-1.16,-0.48,1.16
2024,10,Rico Dowdle,RB,9.58,9.76,8.6,1.16,0.18,1.16
2024,12,Jauan Jennings,WR,9.77,10.16,9.0,1.16,0.39,1.16
2025,9,Rashid Shaheed,WR,10.73,10.64,11.8,-1.16,-0.09,1.16
2025,13,Mark Andrews,TE,10.61,9.85,8.7,1.15,-0.76,1.15
2024,10,Alvin Kamara,RB,16.95,17.04,15.9,1.14,0.09,1.14
2024,15,Bucky Irving,RB,12.07,12.16,13.3,-1.14,0.09,1.14
2025,4,Rachaad White,RB,7.37,7.46,8.6,-1.14,0.09,1.14
2025,11,D'Andre Swift,RB,10.13,10.13,9.0,1.13,0.0,1.13
2025,15,A.J. Brown,WR,13.52,13.23,12.1,1.13,-0.29,1.13
2025,17,Harold Fannin Jr.,TE,10.9,12.13,11.0,1.13,1.23,1.13
2025,3,Jaylen Warren,RB,12.07,11.97,13.1,-1.13,-0.1,1.13
2025,14,Tyjae Spears,RB,7.46,7.83,6.7,1.13,0.37,1.13
2024,9,Noah Brown,WR,9.77,9.87,11.0,-1.13,0.1,1.13
2025,12,Jacoby Brissett,QB,19.74,19.81,18.68,1.13,0.07,1.13
2025,14,Xavier Worthy,WR,7.46,7.37,8.5,-1.13,-0.09,1.13
2025,10,Jakobi Meyers,WR,7.95,8.23,7.1,1.13,0.28,1.13
2025,16,Jalen Hurts,QB,18.63,18.27,19.4,-1.13,-0.36,1.13
2024,7,Allen Lazard,WR,10.83,10.92,9.8,1.12,0.09,1.12
2024,4,Josh Jacobs,RB,10.78,10.68,11.8,-1.12,-0.1,1.12
2025,8,Kendrick Bourne,WR,7.95,8.52,7.4,1.12,0.57,1.12
2024,14,Jaylen Warren,RB,10.41,10.32,9.2,1.12,-0.09,1.12
2024,13,DK Metcalf,WR,9.29,9.48,10.6,-1.12,0.19,1.12
2024,17,Xavier Legette,WR,8.71,8.91,7.8,1.11,0.2,1.11
2025,14,Jordan Addison,WR,11.4,11.31,10.2,1.11,-0.09,1.11
2024,18,Calvin Ridley,WR,9.0,9.19,10.3,-1.11,0.19,1.11
2025,7,Jordan Mason,RB,12.62,12.8,11.7,1.1,0.18,1.1
2025,3,Trey Benson,RB,7.0,7.0,8.1,-1.1,0.0,1.1
2025,12,Christian Watson,WR,8.91,8.81,9.9,-1.09,-0.1,1.09
2025,9,Courtland Sutton,WR,8.52,8.91,10.0,-1.09,0.39,1.09
2024,3,DeVonta Smith,WR,14.1,13.81,14.9,-1.09,-0.29,1.09
2024,10,Jonathan Taylor,RB,15.2,15.29,14.2,1.09,0.09,1.09
2024,13,C.J. Stroud,QB,15.61,15.47,14.38,1.09,-0.14,1.09
2025,11,Jordan Love,QB,16.87,16.57,17.66,-1.09,-0.3,1.09
2025,3,Alec Pierce,WR,11.69,11.79,10.7,1.09,0.1,1.09
2025,14,CeeDee Lamb,WR,19.86,19.19,18.1,1.09,-0.67,1.09
2024,15,Michael Pittman,WR,8.43,8.71,9.8,-1.09,0.28,1.09
2024,6,Tee Higgins,WR,13.52,13.62,14.7,-1.08,0.1,1.08
2024,8,James Conner,RB,13.82,13.82,14.9,-1.08,0.0,1.08
2024,12,Kendrick Bourne,WR,6.98,7.08,6.0,1.08,0.1,1.08
2024,16,Josh Jacobs,RB,19.99,19.62,20.7,-1.08,-0.37,1.08
2025,8,Patrick Mahomes,QB,22.91,21.88,22.96,-1.08,-1.03,1.08
2025,12,Brock Bowers,TE,9.95,10.42,11.5,-1.08,0.47,1.08
2024,6,Juwan Johnson,TE,6.53,6.72,7.8,-1.08,0.19,1.08
2024,17,DJ Moore,WR,10.83,11.12,12.2,-1.08,0.29,1.08
2024,9,Baker Mayfield,QB,18.41,19.08,18.0,1.08,0.67,1.08
2024,4,Darnell Mooney,WR,9.67,9.67,8.6,1.07,0.0,1.07
2025,14,Cam Ward,QB,11.41,12.15,11.08,1.07,0.74,1.07
2024,13,Jaxon Smith-Njigba,WR,10.64,10.83,11.9,-1.07,0.19,1.07
2025,12,Zay Flowers,WR,11.4,10.83,11.9,-1.07,-0.57,1.07
2025,16,Dallas Goedert,TE,13.75,13.27,12.2,1.07,-0.48,1.07
2024,15,Drake Maye,QB,16.13,16.42,17.48,-1.06,0.29,1.06
2024,7,Sam Darnold,QB,17.6,17.31,16.26,1.05,-0.29,1.05
2024,5,Mike Gesicki,TE,6.24,6.15,5.1,1.05,-0.09,1.05
2024,6,Xavier Legette,WR,10.25,10.25,11.3,-1.05,0.0,1.05
2025,16,Tony Pollard,RB,10.96,11.24,10.2,1.04,0.28,1.04
2025,8,DeVonta Smith,WR,15.73,15.44,14.4,1.04,-0.29,1.04
2025,18,Jaxon Smith-Njigba,WR,15.83,15.44,14.4,1.04,-0.39,1.04
2025,8,Romeo Doubs,WR,10.64,10.44,9.4,1.04,-0.2,1.04
2025,17,Joe Burrow,QB,22.54,21.44,20.4,1.04,-1.1,1.04
2025,8,Tyrone Tracy Jr.,RB,6.08,6.26,7.3,-1.04,0.18,1.04
2025,14,Kareem Hunt,RB,10.13,10.04,9.0,1.04,-0.09,1.04
2024,7,Darnell Mooney,WR,10.92,10.64,9.6,1.04,-0.28,1.04
2024,11,Jaylen Warren,RB,9.76,9.76,10.8,-1.04,0.0,1.04
2025,8,Zavier Scott,RB,5.43,5.43,4.4,1.03,0.0,1.03
2025,4,Baker Mayfield,QB,19.59,19.89,18.86,1.03,0.3,1.03
2025,12,Woody Marks,RB,8.75,8.93,7.9,1.03,0.18,1.03
2025,11,Hunter Henry,TE,8.05,7.48,8.5,-1.02,-0.57,1.02
2024,10,Jonnu Smith,TE,8.62,8.52,7.5,1.02,-0.1,1.02
2024,13,Kendrick Bourne,WR,8.33,8.52,7.5,1.02,0.19,1.02
2024,4,Marvin Harrison Jr.,WR,14.29,14.48,15.5,-1.02,0.19,1.02
2024,7,Foster Moreau,TE,6.91,6.81,5.8,1.01,-0.1,1.01
2024,4,Khalil Shakir,WR,9.29,9.19,10.2,-1.01,-0.1,1.01
2024,15,Brian Robinson,RB,12.8,12.71,11.7,1.01,-0.09,1.01
2024,10,Quentin Johnston,WR,9.39,9.39,10.4,-1.01,0.0,1.01
2025,4,Jaxon Smith-Njigba,WR,14.0,14.0,13.0,1.0,0.0,1.0
2025,10,Josh Allen,QB,19.15,18.34,19.34,-1.0,-0.81,1.0
2024,3,Gardner Minshew,QB,15.02,14.95,13.96,0.99,-0.07,0.99
2024,16,Drake London,WR,12.27,11.89,10.9,0.99,-0.38,0.99
2025,11,Zach Ertz,TE,9.19,9.19,8.2,0.99,0.0,0.99
2025,6,Ashton Jeanty,RB,17.59,17.59,16.6,0.99,0.0,0.99
2025,17,Khalil Shakir,WR,8.71,8.52,9.5,-0.98,-0.19,0.98
2024,11,Brock Purdy,QB,17.97,17.38,18.36,-0.98,-0.59,0.98
2025,7,Travis Kelce,TE,10.23,9.38,8.4,0.98,-0.85,0.98
2025,10,Jaylen Warren,RB,11.97,12.07,11.1,0.97,0.1,0.97
2024,11,Jakobi Meyers,WR,9.39,9.77,8.8,0.97,0.38,0.97
2024,3,Christian Watson,WR,10.16,9.67,8.7,0.97,-0.49,0.97
2024,7,Tyler Boyd,WR,7.66,8.33,9.3,-0.97,0.67,0.97
2024,12,Rome Odunze,WR,9.39,9.87,8.9,0.97,0.48,0.97
2025,13,Hunter Henry,TE,10.99,10.33,11.3,-0.97,-0.66,0.97
2024,8,Will Dissly,TE,8.33,8.14,9.1,-0.96,-0.19,0.96
2025,7,Tony Pollard,RB,10.96,11.14,12.1,-0.96,0.18,0.96
2024,11,Patrick Mahomes,QB,14.8,14.88,15.84,-0.96,0.08,0.96
2024,9,Tyler Allgeier,RB,9.03,8.75,7.8,0.95,-0.28,0.95
2025,13,Juwan Johnson,TE,7.48,7.95,8.9,-0.95,0.47,0.95
2024,5,Derek Carr,QB,13.25,13.55,12.6,0.95,0.3,0.95
2024,8,A.J. Brown,WR,12.56,12.46,13.4,-0.94,-0.1,0.94
2024,6,Rashod Bateman,WR,10.06,10.16,11.1,-0.94,0.1,0.94
2024,10,Tyrone Tracy Jr.,RB,14.46,14.46,15.4,-0.94,0.0,0.94
2025,8,D'Andre Swift,RB,15.93,16.03,15.1,0.93,0.1,0.93
2024,17,Zach Charbonnet,RB,9.76,9.67,10.6,-0.93,-0.09,0.93
2025,16,Tyler Shough,QB,16.28,16.2,17.12,-0.92,-0.08,0.92
2024,8,Jake Ferguson,TE,7.19,7.38,8.3,-0.92,0.19,0.92
2024,4,Brock Purdy,QB,16.06,15.54,14.62,0.92,-0.52,0.92
2024,11,Justice Hill,RB,7.28,7.18,8.1,-0.92,-0.1,0.92
2024,10,Jahmyr Gibbs,RB,14.64,13.72,12.8,0.92,-0.92,0.92
2025,9,Mac Jones,QB,14.95,14.88,15.8,-0.92,-0.07,0.92
2024,6,Chuba Hubbard,RB,16.03,16.21,15.3,0.91,0.18,0.91
2025,15,Colston Loveland,TE,9.28,9.19,10.1,-0.91,-0.09,0.91
2024,3,Kyle Pitts,TE,8.81,8.81,7.9,0.91,0.0,0.91
2024,10,Evan Engram,TE,8.33,9.09,10.0,-0.91,0.76,0.91
2025,7,Josh Jacobs,RB,19.99,19.71,18.8,0.91,-0.28,0.91
2024,8,Christian Kirk,WR,8.81,8.81,7.9,0.91,0.0,0.91
2025,16,Michael Wilson,WR,14.19,14.1,13.2,0.9,-0.09,0.9
2025,11,DK Metcalf,WR,9.29,9.0,9.9,-0.9,-0.29,0.9
2025,12,George Kittle,TE,14.03,14.7,13.8,0.9,0.67,0.9
2025,13,Travis Kelce,TE,15.93,14.6,15.5,-0.9,-1.33,0.9
2024,7,Kyren Williams,RB,18.7,18.7,19.6,-0.9,0.0,0.9
2024,16,Rhamondre Stevenson,RB,11.14,11.42,12.3,-0.88,0.28,0.88
2024,10,Joe Mixon,RB,16.03,16.12,17.0,-0.88,0.09,0.88
2025,6,Zay Flowers,WR,9.1,9.48,8.6,0.88,0.38,0.88
2025,14,Bo Nix,QB,15.32,15.1,15.98,-0.88,-0.22,0.88
2025,17,A.J. Brown,WR,10.83,10.92,11.8,-0.88,0.09,0.88
2024,4,Tyler Lockett,WR,11.98,11.98,11.1,0.88,0.0,0.88
2025,12,Jake Ferguson,TE,10.14,10.23,11.1,-0.87,0.09,0.87
2025,17,Terry McLaurin,WR,12.08,12.17,11.3,0.87,0.09,0.87
2025,8,Tee Higgins,WR,12.46,12.27,11.4,0.87,-0.19,0.87
2024,11,Justin Jefferson,WR,13.23,13.23,14.1,-0.87,0.0,0.87
2025,5,Bryce Young,QB,12.81,12.89,12.02,0.87,0.08,0.87
2024,4,Dak Prescott,QB,18.04,17.6,16.74,0.86,-0.44,0.86
2025,9,Hunter Henry,TE,8.33,8.24,9.1,-0.86,-0.09,0.86
2025,13,Chig Okonkwo,TE,7.19,7.76,6.9,0.86,0.57,0.86
2024,9,Josh Downs,WR,12.56,12.85,12.0,0.85,0.29,0.85
2025,18,Juwan Johnson,TE,7.67,7.95,7.1,0.85,0.28,0.85
2025,17,Tyler Warren,TE,10.23,10.14,9.3,0.84,-0.09,0.84
2024,14,Joe Burrow,QB,24.6,23.72,24.56,-0.84,-0.88,0.84
2025,11,RJ Harvey,RB,8.84,8.84,8.0,0.84,0.0,0.84
2024,17,J.K. Dobbins,RB,14.55,14.46,15.3,-0.84,-0.09,0.84
2024,4,Jerry Jeudy,WR,12.27,12.37,13.2,-0.83,0.1,0.83
2024,4,Tyler Conklin,TE,6.81,6.53,5.7,0.83,-0.28,0.83
2025,13,David Montgomery,RB,12.16,11.97,12.8,-0.83,-0.19,0.83
2025,6,Tucker Kraft,TE,12.42,11.47,12.3,-0.83,-0.95,0.83
2025,13,Marquise Brown,WR,11.31,10.83,10.0,0.83,-0.48,0.83
2025,10,J.K. Dobbins,RB,10.32,10.22,9.4,0.82,-0.1,0.82
2024,8,Alexander Mattison,RB,9.21,10.22,9.4,0.82,1.01,0.82
2024,12,Drake Maye,QB,14.07,14.29,13.48,0.81,0.22,0.81
2025,4,Dalton Kincaid,TE,11.85,10.61,9.8,0.81,-1.24,0.81
2025,7,RJ Harvey,RB,8.01,8.01,7.2,0.81,0.0,0.81
2025,3,Drake London,WR,11.5,11.31,10.5,0.81,-0.19,0.81
2024,5,Brian Robinson,RB,13.17,12.99,13.8,-0.81,-0.18,0.81
2024,10,David Montgomery,RB,12.53,11.79,12.6,-0.81,-0.74,0.81
2025,3,Sam Darnold,QB,17.82,17.53,16.72,0.81,-0.29,0.81
2024,6,Austin Ekeler,RB,11.7,11.61,10.8,0.81,-0.09,0.81
2025,5,Wan'Dale Robinson,WR,9.1,9.0,8.2,0.8,-0.1,0.8
2025,7,Quentin Johnston,WR,12.08,11.79,11.0,0.79,-0.29,0.79
2025,14,Javonte Williams,RB,14.18,13.91,14.7,-0.79,-0.27,0.79
2024,5,Matthew Stafford,QB,13.33,13.18,12.4,0.78,-0.15,0.78
2024,15,Mark Andrews,TE,12.04,11.18,10.4,0.78,-0.86,0.78
2024,9,Kirk Cousins,QB,17.53,17.01,17.78,-0.77,-0.52,0.77
2024,18,Spencer Rattler,QB,14.65,15.47,14.7,0.77,0.82,0.77
2024,13,Garrett Wilson,WR,9.77,9.87,9.1,0.77,0.1,0.77
2024,5,Tyler Lockett,WR,11.31,10.73,11.5,-0.77,-0.58,0.77
2024,14,Jerome Ford,RB,8.29,8.47,7.7,0.77,0.18,0.77
2025,17,Romeo Doubs,WR,8.23,8.43,9.2,-0.77,0.2,0.77
2025,8,Noah Fant,TE,8.05,7.86,7.1,0.76,-0.19,0.76
2024,10,Keenan Allen,WR,10.16,10.16,9.4,0.76,0.0,0.76
2024,15,Zay Flowers,WR,11.12,10.54,11.3,-0.76,-0.58,0.76
2025,6,Kenny Gainwell,RB,8.84,8.84,9.6,-0.76,0.0,0.76
2024,5,Noah Fant,TE,6.62,6.15,5.4,0.75,-0.47,0.75
2024,11,D'Andre Swift,RB,15.29,15.66,16.4,-0.74,0.37,0.74
2024,12,Rachaad White,RB,11.05,10.96,11.7,-0.74,-0.09,0.74
2025,9,Ja'Marr Chase,WR,17.94,17.84,17.1,0.74,-0.1,0.74
2025,16,Aaron Rodgers,QB,16.28,16.28,15.54,0.74,0.0,0.74
2024,18,Bucky Irving,RB,16.39,15.66,16.4,-0.74,-0.73,0.74
2025,15,Mack Hollins,WR,7.37,7.37,8.1,-0.73,0.0,0.73
2025,7,Matthew Golden,WR,8.71,8.43,7.7,0.73,-0.28,0.73
2025,5,Kendre Miller,RB,6.54,6.63,5.9,0.73,0.09,0.73
2025,12,Jaylen Warren,RB,11.97,12.07,12.8,-0.73,0.1,0.73
2024,18,Sam LaPorta,TE,15.55,14.03,13.3,0.73,-1.52,0.73
2024,13,Derrick Henry,RB,15.01,14.83,14.1,0.73,-0.18,0.73
2024,4,Lamar Jackson,QB,23.42,22.91,23.64,-0.73,-0.51,0.73
2025,8,Wan'Dale Robinson,WR,8.14,8.52,7.8,0.72,0.38,0.72
2025,14,Kimani Vidal,RB,10.5,10.68,11.4,-0.72,0.18,0.72
2025,3,Terry McLaurin,WR,11.21,11.12,10.4,0.72,-0.09,0.72
2024,6,Kyle Pitts,TE,9.76,9.28,10.0,-0.72,-0.48,0.72
2025,8,Bo Nix,QB,23.79,23.06,23.78,-0.72,-0.73,0.72
2024,3,Breece Hall,RB,17.68,17.59,18.3,-0.71,-0.09,0.71
2025,18,Kyle Pitts,TE,12.89,12.51,11.8,0.71,-0.38,0.71
2024,6,Michael Wilson,WR,9.29,9.39,10.1,-0.71,0.1,0.71
2025,5,Ladd McConkey,WR,14.58,14.19,14.9,-0.71,-0.39,0.71
2024,7,Garrett Wilson,WR,13.71,13.81,13.1,0.71,0.1,0.71
2024,13,Nick Chubb,RB,11.51,11.79,12.5,-0.71,0.28,0.71
2024,18,Mac Jones,QB,13.4,13.4,12.7,0.7,0.0,0.7
2024,3,Tyler Lockett,WR,8.91,8.91,9.6,-0.69,0.0,0.69
2025,4,Jalen Hurts,QB,18.93,18.71,19.4,-0.69,-0.22,0.69
2025,12,Daniel Jones,QB,17.68,17.53,16.84,0.69,-0.15,0.69
2024,12,Adam Thielen,WR,8.71,9.39,8.7,0.69,0.68,0.69
2025,12,Michael Pittman,WR,14.38,14.38,13.7,0.68,0.0,0.68
2024,8,Josh Palmer,WR,8.71,8.52,9.2,-0.68,-0.19,0.68
2024,18,DK Metcalf,WR,13.81,13.62,14.3,-0.68,-0.19,0.68
2024,6,Amon-Ra St. Brown,WR,15.15,14.38,13.7,0.68,-0.77,0.68
2024,16,Jauan Jennings,WR,8.52,8.43,9.1,-0.67,-0.09,0.67
2025,6,Jaylen Waddle,WR,14.58,15.15,15.82,-0.67,0.57,0.67
2025,16,Darren Waller,TE,7.67,7.67,7.0,0.67,0.0,0.67
2024,16,Puka Nacua,WR,13.23,12.94,13.6,-0.66,-0.29,0.66
2025,18,Jakobi Meyers,WR,10.64,10.06,9.4,0.66,-0.58,0.66
2025,13,George Kittle,TE,9.76,10.04,10.7,-0.66,0.28,0.66
2024,4,Rachaad White,RB,10.96,11.05,10.4,0.65,0.09,0.65
2024,9,Terry McLaurin,WR,15.15,15.25,15.9,-0.65,0.1,0.65
2024,12,David Montgomery,RB,17.13,16.95,16.3,0.65,-0.18,0.65
2024,11,Amari Cooper,WR,8.33,8.14,7.5,0.64,-0.19,0.64
2025,12,DeVonta Smith,WR,15.83,15.54,14.9,0.64,-0.29,0.64
2025,10,Drake Maye,QB,17.53,17.46,18.1,-0.64,-0.07,0.64
2025,8,Juwan Johnson,TE,9.09,9.66,10.3,-0.64,0.57,0.64
2025,16,Tyler Allgeier,RB,9.03,8.93,8.3,0.63,-0.1,0.63
2025,6,Sam Darnold,QB,20.92,20.62,20.0,0.62,-0.3,0.62
2025,3,Cole Kmet,TE,8.81,8.62,8.0,0.62,-0.19,0.62
2024,6,David Njoku,TE,6.91,7.48,8.1,-0.62,0.57,0.62
2024,9,Juwan Johnson,TE,6.91,6.72,6.1,0.62,-0.19,0.62
2024,14,Jake Ferguson,TE,6.81,6.81,6.2,0.61,0.0,0.61
2025,13,Emeka Egbuka,WR,9.0,8.81,8.2,0.61,-0.19,0.61
2024,3,Brian Thomas Jr.,WR,9.1,9.19,9.8,-0.61,0.09,0.61
2025,5,Troy Franklin,WR,9.0,9.1,8.5,0.6,0.1,0.6
2025,16,Jonathan Taylor,RB,16.21,16.3,16.9,-0.6,0.09,0.6
2024,14,Mike Evans,WR,11.89,11.5,10.9,0.6,-0.39,0.6
2025,14,Khalil Shakir,WR,9.58,9.0,9.6,-0.6,-0.58,0.6
2025,14,Caleb Williams,QB,15.1,15.54,14.94,0.6,0.44,0.6
2025,15,Keenan Allen,WR,8.81,9.19,8.6,0.59,0.38,0.59
2025,3,KaVontae Turpin,WR,9.67,9.39,8.8,0.59,-0.28,0.59
2025,9,Deebo Samuel Sr.,WR,8.71,8.81,9.4,-0.59,0.1,0.59
2024,18,Javonte Williams,RB,10.59,10.22,10.8,-0.58,-0.37,0.58
2025,8,Calvin Austin III,WR,7.37,7.37,6.8,0.57,0.0,0.57
2025,11,Tyjae Spears,RB,7.65,7.83,8.4,-0.57,0.18,0.57
2025,5,Garrett Wilson,WR,19.28,19.67,19.1,0.57,0.39,0.57
2024,15,Rico Dowdle,RB,15.2,15.47,14.9,0.57,0.27,0.57
2025,7,Stefon Diggs,WR,13.52,13.33,13.9,-0.57,-0.19,0.57
2025,16,Rachaad White,RB,8.66,8.57,8.0,0.57,-0.09,0.57
2025,12,Chig Okonkwo,TE,6.53,7.57,7.0,0.57,1.04,0.57
2024,5,Derrick Henry,RB,16.3,16.03,16.6,-0.57,-0.27,0.57
2024,5,C.J. Stroud,QB,16.79,16.5,15.94,0.56,-0.29,0.56
2025,9,T.J. Hockenson,TE,8.9,9.66,9.1,0.56,0.76,0.56
2024,11,Jayden Reed,WR,10.35,10.35,9.8,0.55,0.0,0.55
2025,16,Khalil Shakir,WR,8.14,7.95,7.4,0.55,-0.19,0.55
2024,15,Jordan Addison,WR,12.94,12.75,13.3,-0.55,-0.19,0.55
2025,8,Jauan Jennings,WR,7.56,7.95,8.5,-0.55,0.39,0.55
2025,8,Evan Engram,TE,8.71,8.14,7.6,0.54,-0.57,0.54
2024,17,Bryce Young,QB,17.09,17.46,16.92,0.54,0.37,0.54
2025,16,Troy Franklin,WR,10.25,10.06,10.6,-0.54,-0.19,0.54
2024,18,Baker Mayfield,QB,23.42,22.17,21.64,0.53,-1.25,0.53
2024,9,Jalen Nailor,WR,8.23,8.23,7.7,0.53,0.0,0.53
2024,6,Michael Pittman,WR,11.79,11.98,12.5,-0.52,0.19,0.52
2025,11,Courtland Sutton,WR,9.29,9.39,9.9,-0.51,0.1,0.51
2025,14,Bam Knight,RB,6.82,6.91,6.4,0.51,0.09,0.51
2024,13,Jameson Williams,WR,9.48,9.1,9.6,-0.5,-0.38,0.5
2025,5,Nico Collins,WR,16.4,16.5,16.0,0.5,0.1,0.5
2024,18,Tucker Kraft,TE,7.48,7.1,7.6,-0.5,-0.38,0.5
2024,10,Cade Otton,TE,8.9,9.0,8.5,0.5,0.1,0.5
2024,8,Kareem Hunt,RB,12.99,12.8,13.3,-0.5,-0.19,0.5
2025,4,De'Von Achane,RB,17.68,17.59,17.1,0.49,-0.09,0.49
2025,13,Ashton Jeanty,RB,10.96,11.61,12.1,-0.49,0.65,0.49
2024,17,D'Andre Swift,RB,11.42,11.61,12.1,-0.49,0.19,0.49
2025,10,Derrick Henry,RB,11.97,11.88,11.4,0.48,-0.09,0.48
2024,8,George Pickens,WR,11.02,10.92,11.4,-0.48,-0.1,0.48
2024,15,Calvin Ridley,WR,9.29,9.48,9.0,0.48,0.19,0.48
2025,11,Emeka Egbuka,WR,8.33,8.52,9.0,-0.48,0.19,0.48
2024,13,Joe Burrow,QB,19.08,18.78,19.26,-0.48,-0.3,0.48
2025,7,Bijan Robinson,RB,20.72,20.72,21.2,-0.48,0.0,0.48
2025,4,J.K. Dobbins,RB,12.07,11.97,11.5,0.47,-0.1,0.47
2024,14,Aaron Jones,RB,16.21,15.93,16.4,-0.47,-0.28,0.47
2025,5,Chase Brown,RB,11.24,11.33,11.8,-0.47,0.09,0.47
2025,11,A.J. Brown,WR,12.56,12.37,11.9,0.47,-0.19,0.47
2025,11,Keenan Allen,WR,9.87,9.77,9.3,0.47,-0.1,0.47
2025,11,Romeo Doubs,WR,9.96,9.77,9.3,0.47,-0.19,0.47
2025,12,Chuba Hubbard,RB,7.37,7.83,8.3,-0.47,0.46,0.47
2024,3,Jordan Akins,TE,6.53,6.43,6.9,-0.47,-0.1,0.47
2025,5,Marvin Harrison Jr.,WR,13.62,13.33,13.8,-0.47,-0.29,0.47
2025,18,Trevor Lawrence,QB,24.09,22.84,23.3,-0.46,-1.25,0.46
2025,14,T.J. Hockenson,TE,9.66,9.66,9.2,0.46,0.0,0.46
2024,7,Jordan Addison,WR,10.35,10.06,9.6,0.46,-0.29,0.46
2025,5,Carson Wentz,QB,13.99,14.29,14.74,-0.45,0.3,0.45
2024,11,Drake Maye,QB,17.09,17.53,17.98,-0.45,0.44,0.45
2024,14,Andrei Iosivas,WR,7.85,7.66,8.1,-0.44,-0.19,0.44
2025,9,Christian Watson,WR,7.56,7.37,7.8,-0.43,-0.19,0.43
2025,9,Oronde Gadsden II,TE,12.8,12.23,11.8,0.43,-0.57,0.43
2025,17,Woody Marks,RB,8.75,8.93,8.5,0.43,0.18,0.43
2024,10,Aaron Jones,RB,12.71,12.53,12.1,0.43,-0.18,0.43
2025,8,Cade Otton,TE,8.81,8.43,8.0,0.43,-0.38,0.43
2025,8,Stefon Diggs,WR,10.83,10.83,10.4,0.43,0.0,0.43
2024,3,Justin Jefferson,WR,19.67,19.67,20.1,-0.43,0.0,0.43
2025,10,Colston Loveland,TE,9.38,9.09,9.5,-0.41,-0.29,0.41
2025,13,AJ Barner,TE,7.86,7.29,7.7,-0.41,-0.57,0.41
2024,4,Trevor Lawrence,QB,14.95,15.17,14.76,0.41,0.22,0.41
2024,4,Javonte Williams,RB,9.76,10.41,10.0,0.41,0.65,0.41
2024,8,J.K. Dobbins,RB,16.49,16.39,16.8,-0.41,-0.1,0.41
2024,11,Alexander Mattison,RB,9.21,9.49,9.9,-0.41,0.28,0.41
2025,11,Brock Bowers,TE,14.6,14.6,14.2,0.4,0.0,0.4
2024,4,Roschon Johnson,RB,8.2,8.2,8.6,-0.4,0.0,0.4
2024,15,DeAndre Hopkins,WR,9.1,9.0,8.6,0.4,-0.1,0.4
2025,6,Kyren Williams,RB,16.58,16.3,16.7,-0.4,-0.28,0.4
2024,13,Alvin Kamara,RB,16.3,16.3,15.9,0.4,0.0,0.4
2024,12,Hunter Henry,TE,8.62,9.0,9.4,-0.4,0.38,0.4
2024,16,Jordan Addison,WR,14.1,14.1,14.5,-0.4,0.0,0.4
2025,13,Tyler Warren,TE,11.09,10.8,11.2,-0.4,-0.29,0.4
2024,6,Emanuel Wilson,RB,8.2,7.92,8.3,-0.38,-0.28,0.38
2024,10,Josh Downs,WR,14.67,14.58,14.2,0.38,-0.09,0.38
2024,16,Malik Nabers,WR,12.56,13.42,13.8,-0.38,0.86,0.38
2025,9,George Pickens,WR,14.1,13.52,13.9,-0.38,-0.58,0.38
2025,9,Khalil Shakir,WR,11.02,10.92,11.3,-0.38,-0.1,0.38
2025,8,Ja'Marr Chase,WR,20.92,20.73,21.1,-0.37,-0.19,0.37
2025,5,A.J. Brown,WR,9.77,9.67,9.3,0.37,-0.1,0.37
2024,9,Dalton Kincaid,TE,8.14,7.57,7.2,0.37,-0.57,0.37
2024,12,Chuba Hubbard,RB,14.0,14.64,15.0,-0.36,0.64,0.36
2025,6,Chris Olave,WR,15.25,15.44,15.8,-0.36,0.19,0.36
2025,10,Tetairoa McMillan,WR,10.64,10.64,11.0,-0.36,0.0,0.36
2025,17,Travis Kelce,TE,7.1,8.24,8.6,-0.36,1.14,0.36
2024,12,Travis Kelce,TE,12.7,11.85,12.2,-0.35,-0.85,0.35
2024,14,Travis Kelce,TE,10.14,9.85,9.5,0.35,-0.29,0.35
2025,17,Jayden Reed,WR,7.66,7.75,8.1,-0.35,0.09,0.35
2025,14,Jameson Williams,WR,18.61,17.65,17.3,0.35,-0.96,0.35
2024,9,Tucker Kraft,TE,7.86,7.95,7.6,0.35,0.09,0.35
2025,8,Hunter Henry,TE,8.05,8.05,7.7,0.35,0.0,0.35
2024,5,Dak Prescott,QB,16.57,16.72,16.38,0.34,0.15,0.34
2025,15,Harold Fannin Jr.,TE,10.42,11.66,12.0,-0.34,1.24,0.34
2024,12,Devin Singletary,RB,8.93,8.66,9.0,-0.34,-0.27,0.34
2025,4,Josh Allen,QB,26.15,24.53,24.86,-0.33,-1.62,0.33
2025,16,Chris Godwin Jr.,WR,8.43,8.33,8.0,0.33,-0.1,0.33
2024,16,Travis Kelce,TE,7.67,7.67,8.0,-0.33,0.0,0.33
2024,4,Deebo Samuel Sr.,WR,10.25,9.87,10.2,-0.33,-0.38,0.33
2025,14,Tyler Allgeier,RB,8.29,8.38,8.7,-0.32,0.09,0.32
2024,9,Bo Nix,QB,17.53,18.04,17.72,0.32,0.51,0.32
2025,17,Jacoby Brissett,QB,16.87,16.79,16.48,0.31,-0.08,0.31
2025,16,Aaron Jones,RB,11.61,11.61,11.3,0.31,0.0,0.31
2025,13,Daniel Jones,QB,15.98,15.83,16.14,-0.31,-0.15,0.31
2024,6,Justin Herbert,QB,13.77,13.99,13.68,0.31,0.22,0.31
2024,10,Kyle Pitts,TE,9.47,9.19,9.5,-0.31,-0.28,0.31
2024,12,Ladd McConkey,WR,14.29,14.0,14.3,-0.3,-0.29,0.3
2024,12,Jordan Love,QB,15.32,15.02,14.72,0.3,-0.3,0.3
2024,16,Tyreek Hill,WR,11.5,11.6,11.9,-0.3,0.1,0.3
2024,16,DeVonta Smith,WR,11.69,11.4,11.1,0.3,-0.29,0.3
2025,14,Kyren Williams,RB,17.68,17.41,17.7,-0.29,-0.27,0.29
2025,18,Jaxson Dart,QB,20.4,20.11,20.4,-0.29,-0.29,0.29
2024,10,George Kittle,TE,16.12,14.98,14.7,0.28,-1.14,0.28
2024,3,Deshaun Watson,QB,16.79,16.72,16.44,0.28,-0.07,0.28
2024,13,Xavier Legette,WR,9.39,9.58,9.3,0.28,0.19,0.28
2025,9,Kyren Williams,RB,18.14,17.68,17.4,0.28,-0.46,0.28
2024,13,Courtland Sutton,WR,16.21,15.92,16.2,-0.28,-0.29,0.28
2025,8,J.K. Dobbins,RB,14.0,13.82,14.1,-0.28,-0.18,0.28
2024,9,Lamar Jackson,QB,24.75,23.87,23.6,0.27,-0.88,0.27
2024,8,Davante Adams,WR,9.87,9.67,9.4,0.27,-0.2,0.27
2024,5,Cole Kmet,TE,8.43,8.43,8.7,-0.27,0.0,0.27
2025,9,Tetairoa McMillan,WR,7.66,8.33,8.6,-0.27,0.67,0.27
2025,3,Davante Adams,WR,14.67,14.86,14.6,0.26,0.19,0.26
2024,12,Romeo Doubs,WR,8.14,8.14,8.4,-0.26,0.0,0.26
2024,11,Courtland Sutton,WR,15.25,15.06,14.8,0.26,-0.19,0.26
2024,14,DJ Moore,WR,10.35,10.64,10.9,-0.26,0.29,0.26
2024,6,George Pickens,WR,7.85,8.04,8.3,-0.26,0.19,0.26
2025,7,T.J. Hockenson,TE,9.76,10.04,10.3,-0.26,0.28,0.26
2025,15,Baker Mayfield,QB,19.3,18.93,19.18,-0.25,-0.37,0.25
2024,11,Evan Engram,TE,8.14,8.05,7.8,0.25,-0.09,0.25
2025,15,Devin Neal,RB,9.86,9.95,10.2,-0.25,0.09,0.25
2025,4,Tetairoa McMillan,WR,9.58,9.96,10.2,-0.24,0.38,0.24
2025,5,Bo Nix,QB,17.9,18.12,17.88,0.24,0.22,0.24
2025,14,Sean Tucker,RB,8.75,8.66,8.9,-0.24,-0.09,0.24
2025,13,Rhamondre Stevenson,RB,11.42,11.24,11.0,0.24,-0.18,0.24
2025,4,Marquise Brown,WR,13.04,13.04,12.8,0.24,0.0,0.24
2025,9,Quentin Johnston,WR,16.02,15.54,15.3,0.24,-0.48,0.24
2024,17,Isaiah Likely,TE,8.05,7.67,7.9,-0.23,-0.38,0.23
2025,9,Chimere Dike,WR,6.79,7.27,7.5,-0.23,0.48,0.23
2025,14,Juwan Johnson,TE,6.91,7.57,7.8,-0.23,0.66,0.23
2025,3,Mike Evans,WR,13.42,13.52,13.3,0.22,0.1,0.22
2024,12,Michael Wilson,WR,7.18,7.18,7.4,-0.22,0.0,0.22
2024,4,Joe Burrow,QB,17.01,16.5,16.28,0.22,-0.51,0.22
2024,6,Ladd McConkey,WR,8.04,8.52,8.3,0.22,0.48,0.22
2025,17,Amon-Ra St. Brown,WR,15.15,14.58,14.8,-0.22,-0.57,0.22
2024,18,D'Andre Swift,RB,12.25,12.71,12.5,0.21,0.46,0.21
2024,4,Tee Higgins,WR,12.27,11.79,12.0,-0.21,-0.48,0.21
2025,4,Jordan Mason,RB,10.41,10.41,10.2,0.21,0.0,0.21
2024,12,Will Dissly,TE,9.19,8.9,8.7,0.2,-0.29,0.2
2024,13,Michael Pittman,WR,8.91,9.0,9.2,-0.2,0.09,0.2
2024,10,Russell Wilson,QB,17.82,17.9,18.1,-0.2,0.08,0.2
2025,8,Jaxson Dart,QB,18.56,19.22,19.42,-0.2,0.66,0.2
2025,13,Bo Nix,QB,16.94,16.64,16.44,0.2,-0.3,0.2
2025,18,Hunter Henry,TE,12.04,10.8,10.6,0.2,-1.24,0.2
2025,6,Darren Waller,TE,8.52,9.0,9.2,-0.2,0.48,0.2
2025,9,Justin Jefferson,WR,15.73,16.5,16.7,-0.2,0.77,0.2
2025,8,DJ Moore,WR,11.21,11.4,11.6,-0.2,0.19,0.2
2025,13,Kenneth Walker III,RB,10.78,10.59,10.4,0.19,-0.19,0.19
2024,10,Bo Nix,QB,15.24,15.91,16.1,-0.19,0.67,0.19
2024,10,Patrick Mahomes,QB,16.57,16.35,16.54,-0.19,-0.22,0.19
2025,14,Jake Ferguson,TE,11.56,10.99,10.8,0.19,-0.57,0.19
2024,10,Zach Ertz,TE,7.0,6.91,7.1,-0.19,-0.09,0.19
2025,15,Bryce Young,QB,15.61,15.61,15.42,0.19,0.0,0.19
2024,8,Brock Bowers,TE,9.57,10.61,10.8,-0.19,1.04,0.19
2024,6,CeeDee Lamb,WR,16.31,15.92,16.1,-0.18,-0.39,0.18
2024,8,Baker Mayfield,QB,22.54,22.47,22.3,0.17,-0.07,0.17
2024,7,Brock Purdy,QB,17.38,17.01,17.18,-0.17,-0.37,0.17
2024,14,Bryce Young,QB,11.71,12.37,12.54,-0.17,0.66,0.17
2024,4,Drake London,WR,12.56,12.56,12.4,0.16,0.0,0.16
2025,5,Kenneth Walker III,RB,9.86,9.76,9.6,0.16,-0.1,0.16
2024,5,Najee Harris,RB,9.86,9.86,9.7,0.16,0.0,0.16
2025,11,Davis Mills,QB,16.13,16.2,16.36,-0.16,0.07,0.16
2024,12,Rico Dowdle,RB,10.68,10.96,10.8,0.16,0.28,0.16
2025,8,Josh Downs,WR,13.42,12.75,12.9,-0.15,-0.67,0.15
2025,9,Kenny Gainwell,RB,7.55,7.55,7.4,0.15,0.0,0.15
2024,14,Caleb Williams,QB,13.92,14.21,14.06,0.15,0.29,0.15
2025,4,Chase Brown,RB,9.58,9.95,10.1,-0.15,0.37,0.15
2025,9,Elic Ayomanor,WR,7.27,7.75,7.6,0.15,0.48,0.15
2025,11,Wan'Dale Robinson,WR,7.08,7.46,7.6,-0.14,0.38,0.14
2024,5,Justin Jefferson,WR,15.34,15.34,15.2,0.14,0.0,0.14
2025,18,Elic Ayomanor,WR,7.85,8.14,8.0,0.14,0.29,0.14
2025,15,Christian McCaffrey,RB,16.39,15.84,15.7,0.14,-0.55,0.14
2025,11,Aaron Jones,RB,11.24,10.96,11.1,-0.14,-0.28,0.14
2024,13,Tyrone Tracy Jr.,RB,14.0,14.64,14.5,0.14,0.64,0.14
2025,15,Jordan Love,QB,14.07,14.07,13.94,0.13,0.0,0.13
2024,14,Jahmyr Gibbs,RB,19.89,19.43,19.3,0.13,-0.46,0.13
2024,14,Cooper Rush,QB,13.7,13.7,13.82,-0.12,0.0,0.12
2025,8,Aaron Rodgers,QB,16.57,16.64,16.76,-0.12,0.07,0.12
2025,17,Kyren Williams,RB,16.39,16.12,16.0,0.12,-0.27,0.12
2025,4,Kyler Murray,QB,15.83,15.98,16.1,-0.12,0.15,0.12
2025,5,Josh Allen,QB,20.11,19.3,19.42,-0.12,-0.81,0.12
2024,3,Keon Coleman,WR,9.58,9.29,9.4,-0.11,-0.29,0.11
2024,8,Jared Goff,QB,15.98,15.39,15.5,-0.11,-0.59,0.11
2024,14,Jameis Winston,QB,14.95,15.39,15.28,0.11,0.44,0.11
2025,8,Chuba Hubbard,RB,9.4,9.49,9.4,0.09,0.09,0.09
2025,11,Jordan Mason,RB,10.5,10.41,10.5,-0.09,-0.09,0.09
2025,12,Sam Darnold,QB,18.19,17.75,17.66,0.09,-0.44,0.09
2024,16,Russell Wilson,QB,15.02,15.47,15.38,0.09,0.45,0.09
2025,9,Tyjae Spears,RB,8.93,9.12,9.2,-0.08,0.19,0.08
2025,6,Tre Tucker,WR,12.08,12.08,12.0,0.08,0.0,0.08
2024,8,Isaiah Likely,TE,8.71,8.62,8.7,-0.08,-0.09,0.08
2025,18,Tyler Warren,TE,6.72,7.67,7.6,0.07,0.95,0.07
2025,13,Drake Maye,QB,21.21,20.55,20.48,0.07,-0.66,0.07
2024,10,James Cook,RB,15.75,15.57,15.5,0.07,-0.18,0.07
2024,8,Rome Odunze,WR,8.33,8.33,8.4,-0.07,0.0,0.07
2025,15,Matthew Stafford,QB,21.95,20.85,20.92,-0.07,-1.1,0.07
2025,12,Patrick Mahomes,QB,17.46,17.01,17.08,-0.07,-0.45,0.07
2024,10,Malik Nabers,WR,10.64,10.73,10.8,-0.07,0.09,0.07
2024,13,Kyren Williams,RB,18.42,18.24,18.3,-0.06,-0.18,0.06
2024,13,Zay Flowers,WR,10.54,10.16,10.1,0.06,-0.38,0.06
2025,8,Nick Chubb,RB,8.75,8.84,8.9,-0.06,0.09,0.06
2024,14,Trey McBride,TE,14.22,13.94,14.0,-0.06,-0.28,0.06
2024,17,Rico Dowdle,RB,9.4,9.86,9.8,0.06,0.46,0.06
2024,17,Najee Harris,RB,9.95,10.04,10.1,-0.06,0.09,0.06
2025,3,Lamar Jackson,QB,28.22,26.96,27.02,-0.06,-1.26,0.06
2024,8,Juwan Johnson,TE,7.29,7.86,7.8,0.06,0.57,0.06
2024,12,Jameis Winston,QB,12.89,13.4,13.46,-0.06,0.51,0.06
2024,9,Justice Hill,RB,8.93,8.75,8.8,-0.05,-0.18,0.05
2025,17,Brian Thomas Jr.,WR,8.14,7.85,7.9,-0.05,-0.29,0.05
2024,12,Ja'Tavion Sanders,TE,7.19,7.95,7.9,0.05,0.76,0.05
2025,16,Jalen Coker,WR,7.66,7.75,7.7,0.05,0.09,0.05
2025,16,Jahmyr Gibbs,RB,23.21,22.75,22.8,-0.05,-0.46,0.05
2024,5,Justin Fields,QB,16.13,15.98,15.94,0.04,-0.15,0.04
2025,9,CeeDee Lamb,WR,16.11,15.54,15.5,0.04,-0.57,0.04
2024,11,Najee Harris,RB,13.26,13.26,13.3,-0.04,0.0,0.04
2025,14,Chris Godwin Jr.,WR,10.73,10.54,10.5,0.04,-0.19,0.04
2025,17,Zay Flowers,WR,12.56,13.04,13.0,0.04,0.48,0.04
2024,15,DJ Moore,WR,14.19,14.96,15.0,-0.04,0.77,0.04
2024,10,Jameson Williams,WR,8.62,8.33,8.3,0.03,-0.29,0.03
2025,13,Puka Nacua,WR,13.81,13.23,13.2,0.03,-0.58,0.03
2025,13,Breece Hall,RB,15.2,15.57,15.6,-0.03,0.37,0.03
2025,16,Jakobi Meyers,WR,8.62,8.62,8.6,0.02,0.0,0.02
2025,10,Mark Andrews,TE,10.23,10.42,10.4,0.02,0.19,0.02
2024,4,Sam LaPorta,TE,9.38,9.28,9.3,-0.02,-0.1,0.02
2025,5,Tre Tucker,WR,11.12,11.12,11.1,0.02,0.0,0.02
2024,13,Will Levis,QB,15.83,16.2,16.18,0.02,0.37,0.02
2025,12,Trevor Lawrence,QB,17.38,17.16,17.14,0.02,-0.22,0.02
2025,3,Tony Pollard,RB,13.45,13.91,13.9,0.01,0.46,0.01
2025,15,David Montgomery,RB,9.67,9.21,9.2,0.01,-0.46,0.01
2025,13,Xavier Worthy,WR,11.89,11.4,11.4,0.0,-0.49,0.0
