year,week,player,pos,pred,actual,error,abs_error
2023,9,Tank Dell,WR,9.13,59.20000076293945,-50.07000076293945,50.07000076293945
2023,11,Tank Dell,WR,12.62,57.79999923706055,-45.17999923706055,45.17999923706055
2023,4,De'Von Achane,RB,10.19,54.0,-43.81,43.81
2023,13,De'Von Achane,RB,8.65,50.599998474121094,-41.949998474121095,41.949998474121095
2023,3,Tank Dell,WR,9.58,51.0,-41.42,41.42
2023,17,De'Von Achane,RB,9.01,47.400001525878906,-38.39000152587891,38.39000152587891
2025,15,Kyle Pitts,TE,7.76,45.599998474121094,-37.839998474121096,37.839998474121096
2023,5,Ja'Marr Chase,WR,15.33,52.20000076293945,-36.870000762939455,36.870000762939455
2024,10,Ja'Marr Chase,WR,18.63,55.400001525878906,-36.77000152587891,36.77000152587891
2023,16,Amari Cooper,WR,14.94,51.5,-36.56,36.56
2023,5,DJ Moore,WR,13.1,49.0,-35.9,35.9
2025,9,Brock Bowers,TE,10.4,43.29999923706055,-32.89999923706055,32.89999923706055
2023,3,Raheem Mostert,RB,12.91,45.20000076293945,-32.29000076293946,32.29000076293946
2024,14,Zach Charbonnet,RB,6.38,38.29999923706055,-31.919999237060548,31.919999237060548
2025,16,Puka Nacua,WR,15.14,46.5,-31.36,31.36
2025,12,Jahmyr Gibbs,RB,24.43,55.400001525878906,-30.970001525878907,30.970001525878907
2024,14,Puka Nacua,WR,11.75,41.79999923706055,-30.049999237060547,30.049999237060547
2023,16,Breece Hall,RB,13.91,43.099998474121094,-29.189998474121094,29.189998474121094
2024,13,Jerry Jeudy,WR,11.36,40.5,-29.14,29.14
2025,17,Derrick Henry,RB,16.99,45.599998474121094,-28.609998474121095,28.609998474121095
2023,5,De'Von Achane,RB,14.64,43.0,-28.36,28.36
2023,3,Davante Adams,WR,13.89,42.20000076293945,-28.310000762939453,28.310000762939453
2023,10,Tank Dell,WR,9.52,37.79999923706055,-28.279999237060547,28.279999237060547
2024,15,Davante Adams,WR,14.56,42.79999923706055,-28.239999237060545,28.239999237060545
2025,10,Jonathan Taylor,RB,21.53,49.599998474121094,-28.069998474121093,28.069998474121093
2025,15,Trevor Lawrence,QB,16.33,44.29999923706055,-27.96999923706055,27.96999923706055
2025,14,Michael Wilson,WR,9.42,37.20000076293945,-27.78000076293945,27.78000076293945
2023,3,Keenan Allen,WR,17.86,45.459999084472656,-27.599999084472657,27.599999084472657
2023,8,CeeDee Lamb,WR,13.59,41.0,-27.41,27.41
2023,10,Keenan Allen,WR,13.39,40.5,-27.11,27.11
2024,9,Jaxon Smith-Njigba,WR,10.0,37.0,-27.0,27.0
2025,15,Amon-Ra St. Brown,WR,14.56,41.400001525878906,-26.840001525878904,26.840001525878904
2023,4,A.J. Brown,WR,11.82,38.5,-26.68,26.68
2023,13,DK Metcalf,WR,10.78,37.400001525878906,-26.620001525878905,26.620001525878905
2023,16,George Pickens,WR,8.94,35.5,-26.560000000000002,26.560000000000002
2023,13,Deebo Samuel Sr.,WR,9.52,35.79999923706055,-26.279999237060547,26.279999237060547
2024,16,Jonathan Taylor,RB,13.55,39.79999923706055,-26.249999237060546,26.249999237060546
2025,16,Chris Olave,WR,10.68,36.79999923706055,-26.119999237060547,26.119999237060547
2024,12,Saquon Barkley,RB,20.17,46.20000076293945,-26.03000076293945,26.03000076293945
2024,8,CeeDee Lamb,WR,13.59,39.599998474121094,-26.009998474121094,26.009998474121094
2023,17,Davante Adams,WR,11.75,37.599998474121094,-25.849998474121094,25.849998474121094
2023,8,DeAndre Hopkins,WR,9.23,34.79999923706055,-25.569999237060546,25.569999237060546
2024,4,De'Von Achane,RB,31.41,5.900000095367432,25.50999990463257,25.50999990463257
2025,15,Trey McBride,TE,11.97,37.400001525878906,-25.430001525878907,25.430001525878907
2024,17,Tee Higgins,WR,14.75,40.099998474121094,-25.349998474121094,25.349998474121094
2023,4,Christian McCaffrey,RB,23.43,48.70000076293945,-25.270000762939453,25.270000762939453
2023,9,C.J. Stroud,QB,16.55,41.79999923706055,-25.249999237060546,25.249999237060546
2025,5,Rico Dowdle,RB,7.2,32.400001525878906,-25.200001525878907,25.200001525878907
2023,10,Brandin Cooks,WR,7.19,32.29999923706055,-25.109999237060546,25.109999237060546
2023,15,James Cook,RB,11.1,36.099998474121094,-24.999998474121092,24.999998474121092
2024,5,Ja'Marr Chase,WR,16.4,41.29999923706055,-24.89999923706055,24.89999923706055
2024,15,Jared Goff,QB,16.18,41.060001373291016,-24.880001373291016,24.880001373291016
2024,15,Mike Evans,WR,12.04,36.900001525878906,-24.860001525878907,24.860001525878907
2023,14,Evan Engram,TE,7.66,32.5,-24.84,24.84
2023,4,Nico Collins,WR,10.96,35.79999923706055,-24.839999237060546,24.839999237060546
2024,14,Jordan Addison,WR,14.85,39.29999923706055,-24.449999237060545,24.449999237060545
2025,17,Bijan Robinson,RB,15.63,39.900001525878906,-24.270001525878904,24.270001525878904
2025,9,Drake London,WR,14.56,38.79999923706055,-24.239999237060545,24.239999237060545
2023,12,Kyren Williams,RB,14.36,38.400001525878906,-24.040001525878907,24.040001525878907
2023,5,Travis Etienne,RB,12.37,36.400001525878906,-24.03000152587891,24.03000152587891
2025,7,Bo Nix,QB,16.04,39.959999084472656,-23.919999084472657,23.919999084472657
2025,11,Tetairoa McMillan,WR,9.13,33.0,-23.869999999999997,23.869999999999997
2024,14,Ja'Marr Chase,WR,21.34,45.099998474121094,-23.759998474121094,23.759998474121094
2025,10,De'Von Achane,RB,17.27,40.5,-23.23,23.23
2024,3,De'Von Achane,RB,31.96,8.800000190734863,23.159999809265138,23.159999809265138
2025,13,A.J. Brown,WR,12.23,35.20000076293945,-22.970000762939453,22.970000762939453
2025,7,DeVonta Smith,WR,10.39,33.29999923706055,-22.909999237060546,22.909999237060546
2025,8,Tucker Kraft,TE,10.4,33.29999923706055,-22.89999923706055,22.89999923706055
2025,11,Josh Allen,QB,19.8,42.68000030517578,-22.88000030517578,22.88000030517578
2023,5,Zack Moss,RB,10.64,33.5,-22.86,22.86
2025,12,Wan'Dale Robinson,WR,7.77,30.600000381469727,-22.830000381469727,22.830000381469727
2024,17,Malik Nabers,WR,13.39,36.099998474121094,-22.709998474121093,22.709998474121093
2025,11,TreVeyon Henderson,RB,9.65,32.29999923706055,-22.64999923706055,22.64999923706055
2023,16,Puka Nacua,WR,10.39,33.0,-22.61,22.61
2025,9,Caleb Williams,QB,16.11,38.70000076293945,-22.590000762939454,22.590000762939454
2023,7,D'Onta Foreman,RB,10.46,33.0,-22.54,22.54
2023,3,Adam Thielen,WR,8.97,31.5,-22.53,22.53
2024,6,Chris Godwin Jr.,WR,13.01,35.5,-22.490000000000002,22.490000000000002
2025,16,Ashton Jeanty,RB,9.37,31.799999237060547,-22.42999923706055,22.42999923706055
2024,11,Brock Bowers,TE,8.93,31.299999237060547,-22.369999237060547,22.369999237060547
2025,8,Breece Hall,RB,10.55,32.86000061035156,-22.310000610351562,22.310000610351562
2025,4,George Pickens,WR,11.13,33.400001525878906,-22.270001525878904,22.270001525878904
2023,13,Nico Collins,WR,11.94,34.099998474121094,-22.159998474121096,22.159998474121096
2025,3,Hunter Henry,TE,7.12,29.0,-21.88,21.88
2023,4,David Montgomery,RB,12.28,34.099998474121094,-21.819998474121093,21.819998474121093
2025,9,Tee Higgins,WR,11.46,33.099998474121094,-21.639998474121093,21.639998474121093
2024,8,Cade Otton,TE,7.56,29.100000381469727,-21.540000381469728,21.540000381469728
2023,13,Ja'Marr Chase,WR,10.1,31.6200008392334,-21.520000839233397,21.520000839233397
2025,4,Ashton Jeanty,RB,12.0,33.5,-21.5,21.5
2024,15,Amon-Ra St. Brown,WR,15.82,37.29999923706055,-21.479999237060547,21.479999237060547
2024,12,Jordan Addison,WR,8.74,30.200000762939453,-21.46000076293945,21.46000076293945
2024,11,Amon-Ra St. Brown,WR,17.27,38.70000076293945,-21.430000762939454,21.430000762939454
2023,11,Calvin Ridley,WR,9.71,31.100000381469727,-21.390000381469726,21.390000381469726
2025,7,Christian McCaffrey,RB,17.72,39.099998474121094,-21.379998474121095,21.379998474121095
2023,10,CeeDee Lamb,WR,18.14,39.5,-21.36,21.36
2023,14,Deebo Samuel Sr.,WR,12.71,34.0,-21.29,21.29
2025,4,Romeo Doubs,WR,8.54,29.799999237060547,-21.259999237060548,21.259999237060548
2023,12,Tank Dell,WR,13.2,34.400001525878906,-21.200001525878907,21.200001525878907
2025,6,Rico Dowdle,RB,12.82,33.900001525878906,-21.080001525878906,21.080001525878906
2024,11,Jonnu Smith,TE,7.07,28.100000381469727,-21.030000381469726,21.030000381469726
2023,13,Sam LaPorta,TE,8.25,29.0,-20.75,20.75
2023,6,Raheem Mostert,RB,13.55,34.20000076293945,-20.650000762939452,20.650000762939452
2023,10,Dak Prescott,QB,17.22,37.86000061035156,-20.640000610351564,20.640000610351564
2025,14,Puka Nacua,WR,15.14,35.70000076293945,-20.560000762939453,20.560000762939453
2023,4,Cole Kmet,TE,7.04,27.600000381469727,-20.560000381469727,20.560000381469727
2024,5,Darnell Mooney,WR,11.16,31.5,-20.34,20.34
2025,6,Drake London,WR,11.46,31.799999237060547,-20.339999237060546,20.339999237060546
2023,17,DJ Moore,WR,10.58,30.899999618530273,-20.319999618530275,20.319999618530275
2024,3,Dallas Goedert,TE,6.71,27.0,-20.29,20.29
2025,7,Jahmyr Gibbs,RB,16.54,36.79999923706055,-20.259999237060548,20.259999237060548
2023,5,George Kittle,TE,7.46,27.700000762939453,-20.240000762939452,20.240000762939452
2025,5,Emeka Egbuka,WR,11.07,31.299999237060547,-20.229999237060547,20.229999237060547
2025,4,Puka Nacua,WR,15.79,36.0,-20.21,20.21
2024,16,Justin Jefferson,WR,16.3,36.400001525878906,-20.100001525878906,20.100001525878906
2025,6,George Pickens,WR,11.75,31.799999237060547,-20.049999237060547,20.049999237060547
2024,4,D'Andre Swift,RB,9.47,29.5,-20.03,20.03
2025,17,Luther Burden III,WR,7.77,27.799999237060547,-20.029999237060547,20.029999237060547
2023,7,Travis Kelce,TE,15.9,35.900001525878906,-20.000001525878908,20.000001525878908
2025,12,Jaxon Smith-Njigba,WR,17.17,37.099998474121094,-19.929998474121092,19.929998474121092
2024,12,Jaylen Waddle,WR,8.65,28.399999618530273,-19.749999618530275,19.749999618530275
2025,16,Chase Brown,RB,13.18,32.900001525878906,-19.720001525878907,19.720001525878907
2025,14,Tony Pollard,RB,8.38,28.100000381469727,-19.720000381469724,19.720000381469724
2025,6,Cam Skattebo,RB,11.28,31.0,-19.72,19.72
2023,13,Joe Mixon,RB,10.01,29.700000762939453,-19.690000762939455,19.690000762939455
2023,4,Stefon Diggs,WR,16.31,36.0,-19.69,19.69
2024,5,De'Von Achane,RB,22.25,2.700000047683716,19.549999952316284,19.549999952316284
2023,5,Justin Jefferson,WR,25.31,5.800000190734863,19.509999809265135,19.509999809265135
2024,3,Chuba Hubbard,RB,8.74,27.899999618530273,-19.15999961853027,19.15999961853027
2023,7,Jordan Addison,WR,12.23,31.299999237060547,-19.069999237060546,19.069999237060546
2023,17,CeeDee Lamb,WR,21.15,40.20000076293945,-19.050000762939455,19.050000762939455
2025,14,Shedeur Sanders,QB,14.41,33.459999084472656,-19.049999084472656,19.049999084472656
2024,4,Nico Collins,WR,14.06,33.099998474121094,-19.03999847412109,19.03999847412109
2024,5,Garrett Wilson,WR,10.1,29.100000381469727,-19.000000381469725,19.000000381469725
2024,3,Cole Kmet,TE,6.71,25.700000762939453,-18.990000762939452,18.990000762939452
2024,11,Joe Mixon,RB,16.36,35.29999923706055,-18.939999237060547,18.939999237060547
2024,4,Derrick Henry,RB,16.99,35.900001525878906,-18.910001525878908,18.910001525878908
2023,5,AJ Dillon,RB,8.29,27.200000762939453,-18.910000762939454,18.910000762939454
2025,7,Keenan Allen,WR,10.0,28.899999618530273,-18.899999618530273,18.899999618530273
2024,15,DeVonta Smith,WR,9.13,28.0,-18.869999999999997,18.869999999999997
2024,5,Kirk Cousins,QB,15.52,34.36000061035156,-18.840000610351563,18.840000610351563
2025,7,A.J. Brown,WR,9.32,28.100000381469727,-18.780000381469726,18.780000381469726
2024,14,Jauan Jennings,WR,9.23,28.0,-18.77,18.77
2025,15,Travis Etienne,RB,12.73,31.5,-18.77,18.77
2023,5,Dallas Goedert,TE,6.97,25.700000762939453,-18.730000762939454,18.730000762939454
2024,4,Jayden Reed,WR,8.37,27.100000381469727,-18.73000038146973,18.73000038146973
2025,7,Trey McBride,TE,10.7,29.399999618530273,-18.699999618530274,18.699999618530274
2024,7,Rachaad White,RB,10.46,29.100000381469727,-18.640000381469726,18.640000381469726
2025,6,Kayshon Boutte,WR,7.68,26.299999237060547,-18.619999237060547,18.619999237060547
2023,15,Jordan Addison,WR,10.49,29.100000381469727,-18.610000381469725,18.610000381469725
2024,4,Kenneth Walker III,RB,15.0,33.599998474121094,-18.599998474121094,18.599998474121094
2025,12,Jameis Winston,QB,13.67,32.2400016784668,-18.570001678466795,18.570001678466795
2023,9,Dalton Schultz,TE,8.44,27.0,-18.560000000000002,18.560000000000002
2024,5,Drake London,WR,14.85,33.400001525878906,-18.550001525878905,18.550001525878905
2025,7,Ja'Marr Chase,WR,19.59,38.099998474121094,-18.509998474121094,18.509998474121094
2024,16,Chuba Hubbard,RB,14.0,32.5,-18.5,18.5
2025,14,Daniel Jones,QB,19.28,0.800000011920929,18.479999988079072,18.479999988079072
2024,3,Derrick Henry,RB,12.0,30.399999618530273,-18.399999618530273,18.399999618530273
2023,13,Christian Watson,WR,9.23,27.600000381469727,-18.370000381469726,18.370000381469726
2024,3,Malik Nabers,WR,9.84,28.200000762939453,-18.360000762939453,18.360000762939453
2023,17,Jayden Reed,WR,8.55,26.899999618530273,-18.349999618530273,18.349999618530273
2025,16,Jaylen Warren,RB,10.83,29.100000381469727,-18.27000038146973,18.27000038146973
2025,6,Bijan Robinson,RB,17.54,35.79999923706055,-18.259999237060548,18.259999237060548
2023,14,Drake London,WR,10.97,29.200000762939453,-18.230000762939454,18.230000762939454
2025,11,Justin Herbert,QB,21.57,3.3399999141693115,18.23000008583069,18.23000008583069
2023,10,T.J. Hockenson,TE,12.17,30.399999618530273,-18.22999961853027,18.22999961853027
2023,4,Chris Olave,WR,19.59,1.399999976158142,18.190000023841858,18.190000023841858
2024,9,Zay Flowers,WR,11.55,29.700000762939453,-18.150000762939452,18.150000762939452
2025,14,Marcus Mariota,QB,16.04,-2.0999999046325684,18.139999904632568,18.139999904632568
2024,17,Zach Ertz,TE,7.07,25.200000762939453,-18.130000762939453,18.130000762939453
2024,7,Jahmyr Gibbs,RB,13.91,32.0,-18.09,18.09
2025,17,Brock Purdy,QB,18.84,36.91999816894531,-18.079998168945313,18.079998168945313
2025,8,Troy Franklin,WR,8.84,26.899999618530273,-18.059999618530274,18.059999618530274
2023,11,Saquon Barkley,RB,12.0,30.0,-18.0,18.0
2025,8,Saquon Barkley,RB,15.45,33.400001525878906,-17.950001525878907,17.950001525878907
2024,17,Ladd McConkey,WR,11.46,29.399999618530273,-17.939999618530273,17.939999618530273
2025,3,David Montgomery,RB,11.46,29.399999618530273,-17.939999618530273,17.939999618530273
2024,13,Brock Bowers,TE,12.27,30.200000762939453,-17.930000762939454,17.930000762939454
2024,5,Joe Burrow,QB,15.89,33.779998779296875,-17.889998779296874,17.889998779296874
2025,10,Jahmyr Gibbs,RB,20.35,38.20000076293945,-17.85000076293945,17.85000076293945
2024,8,Ladd McConkey,WR,11.26,29.100000381469727,-17.84000038146973,17.84000038146973
2024,9,Saquon Barkley,RB,15.09,32.900001525878906,-17.810001525878906,17.810001525878906
2023,8,Gus Edwards,RB,11.64,29.399999618530273,-17.759999618530273,17.759999618530273
2023,11,A.J. Brown,WR,19.5,1.7999999523162842,17.700000047683716,17.700000047683716
2024,12,Courtland Sutton,WR,12.04,29.700000762939453,-17.660000762939454,17.660000762939454
2024,14,Tyreek Hill,WR,10.49,28.100000381469727,-17.610000381469725,17.610000381469725
2024,9,Chase Brown,RB,9.1,26.700000762939453,-17.60000076293945,17.60000076293945
2023,12,Josh Allen,QB,22.09,39.65999984741211,-17.56999984741211,17.56999984741211
2024,11,Jared Goff,QB,17.07,34.58000183105469,-17.510001831054687,17.510001831054687
2025,13,Amon-Ra St. Brown,WR,17.46,0.0,17.46,17.46
2023,9,Cade Otton,TE,7.56,25.0,-17.44,17.44
2023,15,Jaylen Waddle,WR,10.78,28.200000762939453,-17.420000762939452,17.420000762939452
2023,5,Adam Thielen,WR,10.29,27.700000762939453,-17.410000762939454,17.410000762939454
2024,16,Jalen Hurts,QB,21.94,4.539999961853027,17.400000038146974,17.400000038146974
2024,13,Jameis Winston,QB,15.59,32.97999954223633,-17.38999954223633,17.38999954223633
2023,14,David Njoku,TE,9.72,27.100000381469727,-17.380000381469728,17.380000381469728
2024,9,Garrett Wilson,WR,12.62,30.0,-17.380000000000003,17.380000000000003
2025,15,James Cook,RB,13.73,31.100000381469727,-17.370000381469726,17.370000381469726
2024,16,Brian Thomas Jr.,WR,10.87,28.200000762939453,-17.330000762939456,17.330000762939456
2025,16,Kenneth Walker III,RB,8.1,25.399999618530273,-17.299999618530272,17.299999618530272
2024,17,Michael Pittman,WR,8.65,25.899999618530273,-17.249999618530275,17.249999618530275
2024,17,Trey McBride,TE,13.05,30.299999237060547,-17.249999237060546,17.249999237060546
2025,15,Colby Parkinson,TE,7.26,24.5,-17.240000000000002,17.240000000000002
2024,5,Tee Higgins,WR,12.13,29.299999237060547,-17.169999237060544,17.169999237060544
2023,15,Sam LaPorta,TE,11.48,28.600000381469727,-17.120000381469726,17.120000381469726
2024,8,Jalen Hurts,QB,18.03,35.13999938964844,-17.109999389648436,17.109999389648436
2023,3,Kenneth Walker III,RB,13.55,30.600000381469727,-17.050000381469726,17.050000381469726
2024,15,Josh Allen,QB,24.23,41.279998779296875,-17.049998779296875,17.049998779296875
2025,6,Puka Nacua,WR,21.82,4.800000190734863,17.019999809265137,17.019999809265137
2024,15,Jameis Winston,QB,16.63,-0.36000001430511475,16.990000014305114,16.990000014305114
2025,6,Dallas Goedert,TE,9.03,26.0,-16.97,16.97
2024,3,Saquon Barkley,RB,16.63,33.599998474121094,-16.969998474121095,16.969998474121095
2025,14,Harold Fannin Jr.,TE,8.44,25.399999618530273,-16.959999618530276,16.959999618530276
2024,11,Jauan Jennings,WR,8.16,25.100000381469727,-16.940000381469726,16.940000381469726
2025,14,Josh Allen,QB,20.91,37.84000015258789,-16.93000015258789,16.93000015258789
2023,4,DJ Moore,WR,10.18,27.100000381469727,-16.920000381469727,16.920000381469727
2023,6,Amon-Ra St. Brown,WR,13.49,30.399999618530273,-16.90999961853027,16.90999961853027
2023,7,Cooper Kupp,WR,23.76,6.900000095367432,16.85999990463257,16.85999990463257
2024,15,James Conner,RB,14.0,30.799999237060547,-16.799999237060547,16.799999237060547
2023,13,Geno Smith,QB,13.16,29.959999084472656,-16.799999084472656,16.799999084472656
2025,8,RJ Harvey,RB,7.38,24.100000381469727,-16.720000381469728,16.720000381469728
2024,5,DJ Moore,WR,10.78,27.5,-16.72,16.72
2023,10,Amon-Ra St. Brown,WR,13.78,30.5,-16.72,16.72
2024,10,De'Von Achane,RB,26.88,10.199999809265137,16.680000190734862,16.680000190734862
2024,16,Jameson Williams,WR,9.32,26.0,-16.68,16.68
2025,5,Ja'Marr Chase,WR,12.33,29.0,-16.67,16.67
2023,8,Jahmyr Gibbs,RB,13.27,29.899999618530273,-16.629999618530274,16.629999618530274
2023,5,George Pickens,WR,10.0,26.600000381469727,-16.600000381469727,16.600000381469727
2024,12,Bucky Irving,RB,10.64,27.200000762939453,-16.560000762939453,16.560000762939453
2024,11,Cooper Kupp,WR,12.04,28.600000381469727,-16.560000381469727,16.560000381469727
2023,17,Jerome Ford,RB,9.65,26.100000381469727,-16.450000381469728,16.450000381469728
2023,5,Justin Fields,QB,16.55,32.97999954223633,-16.429999542236327,16.429999542236327
2025,16,Christian McCaffrey,RB,16.18,32.599998474121094,-16.419998474121094,16.419998474121094
2024,11,Jerry Jeudy,WR,9.81,26.200000762939453,-16.39000076293945,16.39000076293945
2024,16,Jayden Daniels,QB,18.03,34.41999816894531,-16.38999816894531,16.38999816894531
2025,10,Emeka Egbuka,WR,7.19,23.5,-16.31,16.31
2024,6,Joe Mixon,RB,10.92,27.200000762939453,-16.28000076293945,16.28000076293945
2025,15,TreVeyon Henderson,RB,13.82,30.100000381469727,-16.280000381469726,16.280000381469726
2023,5,Tyreek Hill,WR,15.82,32.099998474121094,-16.279998474121093,16.279998474121093
2023,15,Chris Godwin Jr.,WR,9.23,25.5,-16.27,16.27
2024,17,De'Von Achane,RB,22.07,5.800000190734863,16.269999809265137,16.269999809265137
2024,7,Andy Dalton,QB,16.26,0.019999999552965164,16.240000000447036,16.240000000447036
2025,5,Jaxon Smith-Njigba,WR,10.97,27.200000762939453,-16.230000762939454,16.230000762939454
2024,17,DeVonta Smith,WR,13.78,30.0,-16.22,16.22
2025,13,Bijan Robinson,RB,14.09,30.299999237060547,-16.209999237060547,16.209999237060547
2024,8,James Cook,RB,12.1,28.299999237060547,-16.199999237060545,16.199999237060545
2025,5,Rachaad White,RB,6.93,23.100000381469727,-16.170000381469727,16.170000381469727
2024,3,Ja'Marr Chase,WR,13.63,29.799999237060547,-16.169999237060544,16.169999237060544
2025,12,Hunter Henry,TE,8.34,24.5,-16.16,16.16
2024,11,Tee Higgins,WR,13.68,29.799999237060547,-16.119999237060547,16.119999237060547
2025,11,George Pickens,WR,13.3,29.399999618530273,-16.099999618530273,16.099999618530273
2024,3,Amari Cooper,WR,11.56,27.600000381469727,-16.040000381469724,16.040000381469724
2023,3,Deebo Samuel Sr.,WR,9.06,25.100000381469727,-16.040000381469724,16.040000381469724
2023,8,Patrick Mahomes,QB,21.64,5.599999904632568,16.040000095367432,16.040000095367432
2025,17,Zach Charbonnet,RB,10.19,26.200000762939453,-16.010000762939455,16.010000762939455
2025,9,Joe Flacco,QB,14.71,30.700000762939453,-15.990000762939452,15.990000762939452
2023,4,Kyren Williams,RB,11.73,27.700000762939453,-15.970000762939453,15.970000762939453
2025,8,James Cook,RB,17.63,33.599998474121094,-15.969998474121095,15.969998474121095
2024,17,Adam Thielen,WR,12.04,28.0,-15.96,15.96
2025,11,Christian McCaffrey,RB,19.17,35.099998474121094,-15.929998474121092,15.929998474121092
2024,6,Dak Prescott,QB,19.14,3.2200000286102295,15.919999971389771,15.919999971389771
2023,15,David Njoku,TE,10.5,26.399999618530273,-15.899999618530273,15.899999618530273
2023,17,Isiah Pacheco,RB,13.64,29.5,-15.86,15.86
2023,10,Noah Brown,WR,8.35,24.200000762939453,-15.850000762939453,15.850000762939453
2024,13,Terry McLaurin,WR,11.46,27.299999237060547,-15.839999237060546,15.839999237060546
2025,12,Jameson Williams,WR,15.82,0.0,15.82,15.82
2023,17,Lamar Jackson,QB,20.54,36.34000015258789,-15.800000152587891,15.800000152587891
2025,14,Tyrod Taylor,QB,14.04,-1.7599999904632568,15.799999990463256,15.799999990463256
2024,3,Kyren Williams,RB,15.81,31.600000381469727,-15.790000381469726,15.790000381469726
2023,11,Trevor Lawrence,QB,16.4,32.18000030517578,-15.780000305175783,15.780000305175783
2023,12,Bijan Robinson,RB,11.55,27.299999237060547,-15.749999237060546,15.749999237060546
2025,11,Josh Jacobs,RB,19.71,4.0,15.71,15.71
2024,3,Zach Charbonnet,RB,10.01,25.700000762939453,-15.690000762939453,15.690000762939453
2023,4,Puka Nacua,WR,15.62,31.299999237060547,-15.679999237060548,15.679999237060548
2025,11,Mac Jones,QB,15.37,-0.30000001192092896,15.670000011920928,15.670000011920928
2023,4,Josh Allen,QB,20.83,36.5,-15.670000000000002,15.670000000000002
2024,15,Brock Purdy,QB,19.65,3.9800000190734863,15.669999980926512,15.669999980926512
2024,11,Breece Hall,RB,15.45,31.100000381469727,-15.650000381469727,15.650000381469727
2023,15,Terry McLaurin,WR,10.49,26.100000381469727,-15.610000381469726,15.610000381469726
2023,8,Sam Howell,QB,15.37,30.979999542236328,-15.609999542236329,15.609999542236329
2024,13,David Njoku,TE,10.6,26.200000762939453,-15.600000762939453,15.600000762939453
2025,9,Kyle Monangai,RB,7.2,22.799999237060547,-15.599999237060548,15.599999237060548
2025,16,Alec Pierce,WR,9.03,24.600000381469727,-15.570000381469727,15.570000381469727
2025,10,George Kittle,TE,7.85,23.399999618530273,-15.549999618530274,15.549999618530274
2023,3,Derrick Henry,RB,17.54,2.0,15.54,15.54
2024,12,DJ Moore,WR,11.36,26.899999618530273,-15.539999618530274,15.539999618530274
2023,14,Justin Herbert,QB,17.36,1.840000033378601,15.519999966621398,15.519999966621398
2023,15,Christian McCaffrey,RB,26.24,41.70000076293945,-15.460000762939455,15.460000762939455
2025,17,Chris Godwin Jr.,WR,8.35,23.799999237060547,-15.449999237060547,15.449999237060547
2025,12,DJ Moore,WR,7.97,23.399999618530273,-15.429999618530275,15.429999618530275
2025,3,Omarion Hampton,RB,9.47,24.899999618530273,-15.429999618530273,15.429999618530273
2025,15,Tyrone Tracy Jr.,RB,9.28,24.700000762939453,-15.420000762939454,15.420000762939454
2024,16,Keenan Allen,WR,13.68,29.100000381469727,-15.420000381469727,15.420000381469727
2025,8,Baker Mayfield,QB,19.5,4.079999923706055,15.420000076293945,15.420000076293945
2023,10,Trevor Lawrence,QB,17.51,2.0999999046325684,15.410000095367433,15.410000095367433
2023,5,Breece Hall,RB,13.0,28.399999618530273,-15.399999618530273,15.399999618530273
2025,5,Stefon Diggs,WR,9.23,24.600000381469727,-15.370000381469726,15.370000381469726
2024,4,Rashee Rice,WR,15.36,0.0,15.36,15.36
2024,17,Mike Evans,WR,14.36,29.700000762939453,-15.340000762939454,15.340000762939454
2023,8,A.J. Brown,WR,17.66,33.0,-15.34,15.34
2023,9,Travis Kelce,TE,19.72,4.400000095367432,15.319999904632567,15.319999904632567
2024,13,Mike Evans,WR,10.49,25.799999237060547,-15.309999237060547,15.309999237060547
2023,15,Zach Wilson,QB,14.34,-0.9599999785423279,15.299999978542328,15.299999978542328
2025,13,Jahmyr Gibbs,RB,26.88,11.600000381469727,15.279999618530272,15.279999618530272
2024,5,Tucker Kraft,TE,9.52,24.799999237060547,-15.279999237060547,15.279999237060547
2025,7,Chris Olave,WR,11.55,26.799999237060547,-15.249999237060546,15.249999237060546
2024,3,Rhamondre Stevenson,RB,15.54,0.30000001192092896,15.23999998807907,15.23999998807907
2023,7,Gardner Minshew,QB,11.9,27.100000381469727,-15.200000381469726,15.200000381469726
2024,4,Breece Hall,RB,18.99,3.799999952316284,15.190000047683714,15.190000047683714
2024,17,Terry McLaurin,WR,16.69,1.5,15.190000000000001,15.190000000000001
2025,14,Jalen Hurts,QB,17.59,2.4000000953674316,15.189999904632568,15.189999904632568
2023,16,Brock Purdy,QB,17.59,2.4000000953674316,15.189999904632568,15.189999904632568
2024,15,Lamar Jackson,QB,20.91,36.099998474121094,-15.189998474121094,15.189998474121094
2023,9,Cole Kmet,TE,8.34,23.5,-15.16,15.16
2023,10,Brian Robinson,RB,12.55,27.700000762939453,-15.150000762939452,15.150000762939452
2025,4,Dak Prescott,QB,15.81,30.959999084472656,-15.149999084472656,15.149999084472656
2023,13,Mike Evans,WR,14.07,29.200000762939453,-15.130000762939453,15.130000762939453
2023,5,Mac Jones,QB,13.53,-1.600000023841858,15.130000023841857,15.130000023841857
2025,17,Rhamondre Stevenson,RB,12.1,27.200000762939453,-15.100000762939453,15.100000762939453
2024,16,Jerome Ford,RB,9.01,24.100000381469727,-15.090000381469727,15.090000381469727
2025,14,Christian Watson,WR,9.81,24.899999618530273,-15.089999618530273,15.089999618530273
2023,13,Alvin Kamara,RB,13.82,28.899999618530273,-15.079999618530273,15.079999618530273
2025,14,Tee Higgins,WR,12.13,27.200000762939453,-15.070000762939452,15.070000762939452
2024,6,Cole Kmet,TE,8.93,24.0,-15.07,15.07
2025,4,Russell Wilson,QB,15.37,0.3199999928474426,15.050000007152557,15.050000007152557
2024,10,Calvin Ridley,WR,10.39,25.399999618530273,-15.009999618530273,15.009999618530273
2025,5,James Cook,RB,19.9,4.900000095367432,14.999999904632567,14.999999904632567
2025,4,Drake London,WR,10.01,25.0,-14.99,14.99
2024,13,Najee Harris,RB,9.92,24.899999618530273,-14.979999618530274,14.979999618530274
2023,12,Zay Flowers,WR,8.26,23.200000762939453,-14.940000762939453,14.940000762939453
2024,14,Davante Adams,WR,10.97,25.899999618530273,-14.929999618530273,14.929999618530273
2023,12,Jalen Hurts,QB,19.58,34.5,-14.920000000000002,14.920000000000002
2024,7,Javonte Williams,RB,11.19,26.100000381469727,-14.910000381469727,14.910000381469727
2023,6,Adam Thielen,WR,13.59,28.5,-14.91,14.91
2023,15,Baker Mayfield,QB,14.19,29.040000915527344,-14.850000915527344,14.850000915527344
2023,7,Josh Downs,WR,8.65,23.5,-14.85,14.85
2024,7,De'Von Achane,RB,25.34,10.5,14.84,14.84
2025,5,Kyren Williams,RB,16.27,31.100000381469727,-14.830000381469727,14.830000381469727
2023,7,Lamar Jackson,QB,19.06,33.880001068115234,-14.820001068115236,14.820001068115236
2024,14,Sam Darnold,QB,19.8,34.58000183105469,-14.780001831054687,14.780001831054687
2024,5,Brock Bowers,TE,8.93,23.700000762939453,-14.770000762939453,14.770000762939453
2025,6,Jaxon Smith-Njigba,WR,15.43,30.200000762939453,-14.770000762939453,14.770000762939453
2025,13,Jameson Williams,WR,12.13,26.899999618530273,-14.769999618530273,14.769999618530273
2024,4,Justin Fields,QB,17.22,31.979999542236328,-14.75999954223633,14.75999954223633
2023,17,Juwan Johnson,TE,8.25,23.0,-14.75,14.75
2023,16,Gabe Davis,WR,8.26,23.0,-14.74,14.74
2025,15,DJ Moore,WR,8.16,22.899999618530273,-14.739999618530273,14.739999618530273
2024,17,Joe Burrow,QB,22.24,36.97999954223633,-14.73999954223633,14.73999954223633
2023,7,Patrick Mahomes,QB,19.14,33.86000061035156,-14.720000610351562,14.720000610351562
2023,9,Rachaad White,RB,13.18,27.899999618530273,-14.719999618530274,14.719999618530274
2024,14,Rachaad White,RB,10.19,24.899999618530273,-14.709999618530274,14.709999618530274
2024,10,Kyler Murray,QB,14.04,28.739999771118164,-14.699999771118165,14.699999771118165
2024,13,Adam Thielen,WR,9.23,23.899999618530273,-14.669999618530273,14.669999618530273
2024,8,Jordan Love,QB,20.39,5.739999771118164,14.650000228881837,14.650000228881837
2023,10,Stefon Diggs,WR,21.05,6.400000095367432,14.649999904632569,14.649999904632569
2025,16,Brock Purdy,QB,16.26,30.899999618530273,-14.639999618530272,14.639999618530272
2023,11,De'Von Achane,RB,17.63,3.0,14.629999999999999,14.629999999999999
2024,11,Saquon Barkley,RB,19.17,33.79999923706055,-14.629999237060545,14.629999237060545
2023,4,Michael Wilson,WR,11.99,26.600000381469727,-14.610000381469726,14.610000381469726
2023,13,Jake Browning,QB,12.05,26.65999984741211,-14.609999847412109,14.609999847412109
2024,8,Kyle Pitts,TE,10.5,25.100000381469727,-14.600000381469727,14.600000381469727
2024,13,Kirk Cousins,QB,16.7,2.0999999046325684,14.600000095367431,14.600000095367431
2023,11,Jaylen Warren,RB,8.92,23.5,-14.58,14.58
2023,15,Jared Goff,QB,16.55,31.1200008392334,-14.570000839233398,14.570000839233398
2024,5,Jerry Jeudy,WR,17.17,2.5999999046325684,14.570000095367433,14.570000095367433
2023,3,Sam Howell,QB,15.15,0.6000000238418579,14.549999976158142,14.549999976158142
2023,9,Jake Ferguson,TE,7.56,22.100000381469727,-14.540000381469728,14.540000381469728
2024,3,Dak Prescott,QB,15.37,29.860000610351562,-14.490000610351563,14.490000610351563
2024,17,James Conner,RB,17.27,2.799999952316284,14.470000047683715,14.470000047683715
2025,10,Trey McBride,TE,13.25,27.700000762939453,-14.450000762939453,14.450000762939453
2023,6,Justin Fields,QB,19.36,4.920000076293945,14.439999923706054,14.439999923706054
2025,17,Jared Goff,QB,16.48,2.0799999237060547,14.400000076293946,14.400000076293946
2024,14,Justin Jefferson,WR,17.85,32.20000076293945,-14.350000762939452,14.350000762939452
2024,11,Matthew Stafford,QB,13.45,27.799999237060547,-14.349999237060548,14.349999237060548
2023,9,Rhamondre Stevenson,RB,8.56,22.899999618530273,-14.339999618530273,14.339999618530273
2023,8,Jaylen Waddle,WR,10.78,25.100000381469727,-14.320000381469727,14.320000381469727
2025,15,Joe Burrow,QB,19.8,5.5,14.3,14.3
2024,7,David Njoku,TE,9.32,23.600000381469727,-14.280000381469726,14.280000381469726
2025,17,Alec Pierce,WR,14.27,0.0,14.27,14.27
2025,4,Josh Jacobs,RB,17.45,31.700000762939453,-14.250000762939454,14.250000762939454
2024,12,Trey McBride,TE,11.09,25.299999237060547,-14.209999237060547,14.209999237060547
2023,5,Desmond Ridder,QB,11.98,26.15999984741211,-14.179999847412109,14.179999847412109
2025,15,Jameson Williams,WR,12.23,26.399999618530273,-14.169999618530273,14.169999618530273
2025,7,Caleb Williams,QB,18.84,4.679999828338623,14.160000171661377,14.160000171661377
2023,17,Travis Etienne,RB,11.64,25.799999237060547,-14.159999237060546,14.159999237060546
2024,7,Jayden Daniels,QB,19.36,5.239999771118164,14.120000228881835,14.120000228881835
2023,17,Kyren Williams,RB,16.0,30.100000381469727,-14.100000381469727,14.100000381469727
2023,4,Josh Jacobs,RB,13.82,27.899999618530273,-14.079999618530273,14.079999618530273
2023,14,Cooper Kupp,WR,11.46,25.5,-14.04,14.04
2025,9,Christian McCaffrey,RB,20.26,34.29999923706055,-14.039999237060545,14.039999237060545
2023,9,Jonnu Smith,TE,6.97,21.0,-14.030000000000001,14.030000000000001
2023,16,Tee Higgins,WR,10.97,25.0,-14.03,14.03
2023,12,Rashee Rice,WR,10.68,24.700000762939453,-14.020000762939453,14.020000762939453
2025,4,DK Metcalf,WR,9.58,23.600000381469727,-14.020000381469726,14.020000381469726
2023,7,Gus Edwards,RB,7.38,21.399999618530273,-14.019999618530274,14.019999618530274
2024,3,Rashee Rice,WR,15.1,29.100000381469727,-14.000000381469727,14.000000381469727
2024,12,Jonnu Smith,TE,9.72,23.700000762939453,-13.980000762939452,13.980000762939452
2024,17,Baker Mayfield,QB,20.61,34.560001373291016,-13.950001373291016,13.950001373291016
2025,16,Trevor Lawrence,QB,17.22,31.15999984741211,-13.93999984741211,13.93999984741211
2024,14,Saquon Barkley,RB,28.33,14.399999618530273,13.930000381469725,13.930000381469725
2024,10,Joe Burrow,QB,19.8,33.720001220703125,-13.920001220703124,13.920001220703124
2025,11,Travis Kelce,TE,10.21,24.100000381469727,-13.890000381469726,13.890000381469726
2024,15,Rashod Bateman,WR,9.13,23.0,-13.87,13.87
2024,15,James Cook,RB,12.46,26.299999237060547,-13.839999237060546,13.839999237060546
2024,6,Garrett Wilson,WR,10.87,24.700000762939453,-13.830000762939454,13.830000762939454
2024,15,Tua Tagovailoa,QB,17.66,3.8399999141693115,13.820000085830689,13.820000085830689
2025,5,Javonte Williams,RB,13.09,26.899999618530273,-13.809999618530274,13.809999618530274
2023,8,George Kittle,TE,10.11,23.899999618530273,-13.789999618530274,13.789999618530274
2025,3,Courtland Sutton,WR,10.01,23.799999237060547,-13.789999237060547,13.789999237060547
2023,16,Courtland Sutton,WR,13.78,0.0,13.78,13.78
2023,15,Bijan Robinson,RB,14.18,0.4000000059604645,13.779999994039535,13.779999994039535
2025,8,Kimani Vidal,RB,5.93,19.700000762939453,-13.770000762939453,13.770000762939453
2025,4,Omarion Hampton,RB,13.73,27.5,-13.77,13.77
2023,16,Zay Flowers,WR,8.45,22.200000762939453,-13.750000762939454,13.750000762939454
2023,12,Deebo Samuel Sr.,WR,8.65,22.399999618530273,-13.749999618530273,13.749999618530273
2024,9,Quentin Johnston,WR,8.26,22.0,-13.74,13.74
2025,12,Jonathan Taylor,RB,22.34,8.600000381469727,13.739999618530273,13.739999618530273
2024,8,Tyrone Tracy Jr.,RB,9.28,23.0,-13.72,13.72
2025,12,Chimere Dike,WR,7.68,21.399999618530273,-13.719999618530274,13.719999618530274
2023,13,Brock Purdy,QB,15.74,29.459999084472656,-13.719999084472656,13.719999084472656
2025,4,David Montgomery,RB,14.91,1.2000000476837158,13.709999952316284,13.709999952316284
2024,12,Josh Jacobs,RB,14.91,28.600000381469727,-13.690000381469726,13.690000381469726
2025,7,Justin Fields,QB,17.73,4.039999961853027,13.690000038146973,13.690000038146973
2025,5,C.J. Stroud,QB,15.08,28.760000228881836,-13.680000228881836,13.680000228881836
2025,8,Chase Brown,RB,11.82,25.5,-13.68,13.68
2025,9,Dalton Kincaid,TE,8.44,22.100000381469727,-13.660000381469727,13.660000381469727
2024,16,Josh Allen,QB,24.82,11.15999984741211,13.660000152587891,13.660000152587891
2023,11,Garrett Wilson,WR,14.56,0.8999999761581421,13.660000023841858,13.660000023841858
2025,16,Marcus Mariota,QB,17.36,3.700000047683716,13.659999952316284,13.659999952316284
2024,8,Bo Nix,QB,16.11,29.760000228881836,-13.650000228881837,13.650000228881837
2023,12,Adam Thielen,WR,14.85,1.2000000476837158,13.649999952316284,13.649999952316284
2023,14,C.J. Stroud,QB,17.29,3.640000104904175,13.649999895095824,13.649999895095824
2023,16,Mike Evans,WR,13.97,27.600000381469727,-13.630000381469726,13.630000381469726
2024,17,Jameson Williams,WR,10.87,24.5,-13.63,13.63
2024,8,George Kittle,TE,11.19,24.799999237060547,-13.609999237060547,13.609999237060547
2024,3,Aaron Jones,RB,12.19,25.799999237060547,-13.609999237060547,13.609999237060547
2024,15,CeeDee Lamb,WR,13.01,26.600000381469727,-13.590000381469727,13.590000381469727
2023,16,Calvin Ridley,WR,12.23,25.799999237060547,-13.569999237060546,13.569999237060546
2023,14,Tyreek Hill,WR,23.66,10.100000381469727,13.559999618530274,13.559999618530274
2024,3,Rashid Shaheed,WR,13.55,0.0,13.55,13.55
2025,12,Ashton Jeanty,RB,11.28,24.799999237060547,-13.519999237060548,13.519999237060548
2025,15,Bijan Robinson,RB,16.0,29.5,-13.5,13.5
2025,6,Justin Fields,QB,18.4,4.900000095367432,13.499999904632567,13.499999904632567
2025,7,Jaxson Dart,QB,14.93,28.420000076293945,-13.490000076293946,13.490000076293946
2024,17,Aaron Rodgers,QB,13.97,0.47999998927116394,13.490000010728837,13.490000010728837
2025,16,Stefon Diggs,WR,9.32,22.799999237060547,-13.479999237060547,13.479999237060547
2023,16,Amon-Ra St. Brown,WR,15.14,28.600000381469727,-13.460000381469726,13.460000381469726
2025,11,Lamar Jackson,QB,18.18,4.71999979019165,13.46000020980835,13.46000020980835
2023,14,DeAndre Hopkins,WR,11.94,25.399999618530273,-13.459999618530274,13.459999618530274
2024,15,A.J. Brown,WR,11.55,25.0,-13.45,13.45
2024,4,Jordan Mason,RB,10.55,24.0,-13.45,13.45
2025,17,Colston Loveland,TE,7.95,21.399999618530273,-13.449999618530274,13.449999618530274
2025,3,Garrett Wilson,WR,10.96,24.399999618530273,-13.439999618530273,13.439999618530273
2025,16,Matthew Stafford,QB,17.44,30.8799991607666,-13.4399991607666,13.4399991607666
2025,11,George Kittle,TE,11.29,24.700000762939453,-13.410000762939454,13.410000762939454
2025,3,Jordan Mason,RB,10.19,23.600000381469727,-13.410000381469727,13.410000381469727
2024,8,Rhamondre Stevenson,RB,10.1,23.5,-13.4,13.4
2025,11,Bijan Robinson,RB,16.9,30.299999237060547,-13.399999237060548,13.399999237060548
2023,13,Evan Engram,TE,9.82,23.200000762939453,-13.380000762939453,13.380000762939453
2025,16,George Pickens,WR,12.62,26.0,-13.38,13.38
2025,14,RJ Harvey,RB,8.65,22.0,-13.35,13.35
2023,8,Rashid Shaheed,WR,10.97,24.299999237060547,-13.329999237060546,13.329999237060546
2024,17,Jalen McMillan,WR,9.71,23.0,-13.29,13.29
2023,7,AJ Dillon,RB,9.74,23.0,-13.26,13.26
2023,7,Bijan Robinson,RB,13.55,0.30000001192092896,13.249999988079072,13.249999988079072
2023,5,Logan Thomas,TE,7.46,20.700000762939453,-13.240000762939452,13.240000762939452
2024,4,Justice Hill,RB,8.38,21.600000381469727,-13.220000381469726,13.220000381469726
2025,8,Jordan Love,QB,15.08,28.299999237060547,-13.219999237060547,13.219999237060547
2023,11,Kenneth Walker III,RB,15.81,2.5999999046325684,13.210000095367432,13.210000095367432
2023,4,Mac Jones,QB,13.9,0.699999988079071,13.20000001192093,13.20000001192093
2023,12,Nico Collins,WR,10.2,23.399999618530273,-13.199999618530274,13.199999618530274
2023,13,CeeDee Lamb,WR,19.4,32.599998474121094,-13.199998474121095,13.199998474121095
2024,9,Joe Burrow,QB,15.96,29.139999389648438,-13.179999389648437,13.179999389648437
2023,3,Ja'Marr Chase,WR,12.94,26.100000381469727,-13.160000381469727,13.160000381469727
2024,13,Bucky Irving,RB,14.36,27.5,-13.14,13.14
2025,16,Josh Allen,QB,20.02,6.900000095367432,13.119999904632568,13.119999904632568
2025,6,Josh Jacobs,RB,18.9,32.0,-13.100000000000001,13.100000000000001
2024,11,Jameson Williams,WR,9.52,22.600000381469727,-13.080000381469727,13.080000381469727
2025,17,Drake Maye,QB,19.36,32.439998626708984,-13.079998626708985,13.079998626708985
2024,15,Chase Brown,RB,13.27,26.299999237060547,-13.029999237060547,13.029999237060547
2023,14,DJ Moore,WR,13.78,26.799999237060547,-13.019999237060548,13.019999237060548
2024,14,Jayden Reed,WR,13.01,0.0,13.01,13.01
2023,10,Derrick Henry,RB,16.0,3.0,13.0,13.0
2023,8,DeVonta Smith,WR,9.9,22.899999618530273,-12.999999618530273,12.999999618530273
2024,4,Jared Goff,QB,14.19,27.18000030517578,-12.990000305175782,12.990000305175782
2024,7,C.J. Stroud,QB,18.32,5.340000152587891,12.97999984741211,12.97999984741211
2025,3,A.J. Brown,WR,9.92,22.899999618530273,-12.979999618530274,12.979999618530274
2025,5,Jonathan Taylor,RB,18.63,31.600000381469727,-12.970000381469728,12.970000381469728
2024,7,Rashod Bateman,WR,9.13,22.100000381469727,-12.970000381469726,12.970000381469726
2024,14,Tee Higgins,WR,17.27,4.300000190734863,12.969999809265136,12.969999809265136
2025,13,Kimani Vidal,RB,7.74,20.700000762939453,-12.960000762939453,12.960000762939453
2024,6,Jerome Ford,RB,14.36,1.399999976158142,12.960000023841857,12.960000023841857
2025,14,DK Metcalf,WR,8.84,21.799999237060547,-12.959999237060547,12.959999237060547
2023,7,Alvin Kamara,RB,16.36,29.299999237060547,-12.939999237060547,12.939999237060547
2025,12,Josh Allen,QB,21.05,8.119999885559082,12.930000114440919,12.930000114440919
2025,5,Trevor Lawrence,QB,13.31,26.239999771118164,-12.929999771118164,12.929999771118164
2023,13,Puka Nacua,WR,10.97,23.899999618530273,-12.929999618530273,12.929999618530273
2024,4,Brian Thomas Jr.,WR,8.97,21.899999618530273,-12.929999618530273,12.929999618530273
2023,3,Tyreek Hill,WR,17.78,30.700000762939453,-12.920000762939452,12.920000762939452
2023,14,Jayden Reed,WR,7.58,20.5,-12.92,12.92
2023,8,Dak Prescott,QB,15.15,28.059999465942383,-12.909999465942382,12.909999465942382
2025,5,Christian McCaffrey,RB,15.0,27.899999618530273,-12.899999618530273,12.899999618530273
2023,14,Joshua Dobbs,QB,17.51,4.619999885559082,12.89000011444092,12.89000011444092
2023,16,Tommy DeVito,QB,15.59,2.700000047683716,12.889999952316284,12.889999952316284
2025,10,Sam Darnold,QB,17.81,4.920000076293945,12.889999923706053,12.889999923706053
2023,12,Dak Prescott,QB,19.36,32.2400016784668,-12.880001678466797,12.880001678466797
2024,10,Aaron Rodgers,QB,16.92,4.039999961853027,12.880000038146974,12.880000038146974
2023,7,Mark Andrews,TE,9.42,22.299999237060547,-12.879999237060547,12.879999237060547
2024,16,James Cook,RB,14.73,27.600000381469727,-12.870000381469726,12.870000381469726
2024,7,Brian Thomas Jr.,WR,9.23,22.100000381469727,-12.870000381469726,12.870000381469726
2023,3,Amari Cooper,WR,11.73,24.600000381469727,-12.870000381469726,12.870000381469726
2023,9,Amari Cooper,WR,12.04,24.899999618530273,-12.859999618530274,12.859999618530274
2023,13,James Conner,RB,9.65,22.5,-12.85,12.85
2025,5,Rashid Shaheed,WR,8.55,21.399999618530273,-12.849999618530273,12.849999618530273
2023,13,Chuba Hubbard,RB,9.56,22.399999618530273,-12.839999618530273,12.839999618530273
2023,12,C.J. Stroud,QB,18.03,30.860000610351562,-12.830000610351561,12.830000610351561
2025,17,James Cook,RB,21.53,8.699999809265137,12.830000190734864,12.830000190734864
2024,17,Brian Thomas Jr.,WR,11.07,23.899999618530273,-12.829999618530273,12.829999618530273
2024,5,Lamar Jackson,QB,20.61,33.41999816894531,-12.809998168945313,12.809998168945313
2023,13,Tyreek Hill,WR,19.5,32.29999923706055,-12.799999237060547,12.799999237060547
2023,12,Joshua Dobbs,QB,17.29,4.5,12.79,12.79
2025,11,DeVonta Smith,WR,14.56,1.7999999523162842,12.760000047683716,12.760000047683716
2025,15,Bo Nix,QB,16.33,29.079999923706055,-12.749999923706056,12.749999923706056
2023,14,James Cook,RB,12.37,25.100000381469727,-12.730000381469727,12.730000381469727
2025,12,George Pickens,WR,16.88,29.600000381469727,-12.720000381469728,12.720000381469728
2025,11,Ja'Marr Chase,WR,18.72,6.0,12.719999999999999,12.719999999999999
2023,13,Terry McLaurin,WR,12.71,0.0,12.71,12.71
2025,5,Jake Ferguson,TE,11.19,23.899999618530273,-12.709999618530274,12.709999618530274
2025,9,DJ Moore,WR,10.29,22.979999542236328,-12.689999542236329,12.689999542236329
2025,6,D'Andre Swift,RB,12.82,25.5,-12.68,12.68
2023,4,Jordan Addison,WR,12.68,0.0,12.68,12.68
2025,3,Alvin Kamara,RB,19.26,6.599999904632568,12.660000095367433,12.660000095367433
2023,14,Mike Evans,WR,14.46,1.7999999523162842,12.660000047683717,12.660000047683717
2025,3,Zay Flowers,WR,15.96,3.299999952316284,12.660000047683717,12.660000047683717
2024,17,Jerry Jeudy,WR,8.74,21.399999618530273,-12.659999618530273,12.659999618530273
2023,13,Michael Pittman,WR,14.85,27.5,-12.65,12.65
2023,14,Lamar Jackson,QB,18.99,31.639999389648438,-12.649999389648439,12.649999389648439
2025,15,Shedeur Sanders,QB,16.11,3.4800000190734863,12.629999980926513,12.629999980926513
2025,16,Joe Burrow,QB,16.33,28.959999084472656,-12.629999084472658,12.629999084472658
2023,7,A.J. Brown,WR,17.08,29.700000762939453,-12.620000762939455,12.620000762939455
2023,11,Austin Ekeler,RB,19.62,7.0,12.620000000000001,12.620000000000001
2023,6,Puka Nacua,WR,19.21,6.599999904632568,12.610000095367432,12.610000095367432
2025,12,J.J. McCarthy,QB,13.08,0.47999998927116394,12.600000010728836,12.600000010728836
2025,17,Jahmyr Gibbs,RB,18.99,6.400000095367432,12.589999904632567,12.589999904632567
2023,15,Tee Higgins,WR,9.52,22.100000381469727,-12.580000381469727,12.580000381469727
2025,15,Dalton Schultz,TE,9.03,21.600000381469727,-12.570000381469727,12.570000381469727
2025,12,Baker Mayfield,QB,16.11,3.5399999618530273,12.570000038146972,12.570000038146972
2024,4,Josh Allen,QB,19.87,7.300000190734863,12.569999809265138,12.569999809265138
2025,9,Rico Dowdle,RB,15.54,28.100000381469727,-12.560000381469727,12.560000381469727
2023,11,Tyreek Hill,WR,18.04,30.600000381469727,-12.560000381469727,12.560000381469727
2025,15,Courtland Sutton,WR,11.75,24.299999237060547,-12.549999237060547,12.549999237060547
2023,14,Jalen Hurts,QB,21.42,8.880000114440918,12.539999885559084,12.539999885559084
2023,12,Isiah Pacheco,RB,13.37,25.899999618530273,-12.529999618530274,12.529999618530274
2023,4,Kirk Cousins,QB,22.09,9.5600004196167,12.5299995803833,12.5299995803833
2023,4,Isiah Pacheco,RB,12.28,24.799999237060547,-12.519999237060548,12.519999237060548
2023,14,Breece Hall,RB,14.09,26.600000381469727,-12.510000381469727,12.510000381469727
2025,9,Geno Smith,QB,13.75,26.260000228881836,-12.510000228881836,12.510000228881836
2024,6,Zack Moss,RB,13.0,0.5,12.5,12.5
2023,17,Najee Harris,RB,11.73,24.200000762939453,-12.470000762939453,12.470000762939453
2023,10,Jahmyr Gibbs,RB,13.73,26.200000762939453,-12.470000762939453,12.470000762939453
2023,4,Khalil Herbert,RB,9.74,22.200000762939453,-12.460000762939453,12.460000762939453
2025,10,Chris Olave,WR,8.94,21.399999618530273,-12.459999618530274,12.459999618530274
2024,14,Jaylen Waddle,WR,8.45,20.899999618530273,-12.449999618530274,12.449999618530274
2024,12,Jayden Daniels,QB,17.95,30.399999618530273,-12.449999618530274,12.449999618530274
2025,15,Troy Franklin,WR,8.35,20.799999237060547,-12.449999237060547,12.449999237060547
2024,12,Keenan Allen,WR,11.16,23.600000381469727,-12.440000381469726,12.440000381469726
2025,5,Deebo Samuel Sr.,WR,11.16,23.600000381469727,-12.440000381469726,12.440000381469726
2025,3,Jalen Hurts,QB,16.63,29.040000915527344,-12.410000915527345,12.410000915527345
2024,12,Caleb Williams,QB,14.49,26.899999618530273,-12.409999618530273,12.409999618530273
2024,17,Brock Purdy,QB,17.88,30.280000686645508,-12.400000686645509,12.400000686645509
2023,12,Gabe Davis,WR,10.1,22.5,-12.4,12.4
2024,8,Josh Downs,WR,9.81,22.200000762939453,-12.390000762939453,12.390000762939453
2023,4,Justin Fields,QB,15.52,27.899999618530273,-12.379999618530274,12.379999618530274
2024,14,Khalil Shakir,WR,9.23,21.600000381469727,-12.370000381469726,12.370000381469726
2023,6,Drake London,WR,9.13,21.5,-12.37,12.37
2025,4,Lamar Jackson,QB,23.05,10.680000305175781,12.36999969482422,12.36999969482422
2023,3,Daniel Jones,QB,16.33,3.9800000190734863,12.349999980926512,12.349999980926512
2023,5,Michael Wilson,WR,15.14,2.799999952316284,12.340000047683716,12.340000047683716
2025,7,Davante Adams,WR,14.17,26.5,-12.33,12.33
2024,12,Quentin Johnston,WR,12.33,0.0,12.33,12.33
2024,10,Sam Darnold,QB,18.77,6.440000057220459,12.32999994277954,12.32999994277954
2025,7,Jaxon Smith-Njigba,WR,13.97,26.299999237060547,-12.329999237060546,12.329999237060546
2024,3,Jonathan Taylor,RB,14.18,26.5,-12.32,12.32
2025,6,Ladd McConkey,WR,10.68,23.0,-12.32,12.32
2025,4,Matthew Stafford,QB,15.08,27.399999618530273,-12.319999618530273,12.319999618530273
2025,7,Jonathan Taylor,RB,21.89,34.20000076293945,-12.310000762939453,12.310000762939453
2024,5,Alec Pierce,WR,10.1,22.399999618530273,-12.299999618530274,12.299999618530274
2024,12,Tua Tagovailoa,QB,16.18,28.479999542236328,-12.299999542236328,12.299999542236328
2025,17,Christian Watson,WR,10.0,22.299999237060547,-12.299999237060547,12.299999237060547
2025,11,Trey McBride,TE,15.21,27.5,-12.29,12.29
2023,17,Brandon Aiyuk,WR,12.13,24.399999618530273,-12.269999618530273,12.269999618530273
2023,8,Davante Adams,WR,14.36,2.0999999046325684,12.260000095367431,12.260000095367431
2025,16,TreVeyon Henderson,RB,14.45,2.200000047683716,12.249999952316283,12.249999952316283
2024,12,Tony Pollard,RB,9.65,21.899999618530273,-12.249999618530273,12.249999618530273
2024,13,DJ Moore,WR,11.46,23.700000762939453,-12.240000762939452,12.240000762939452
2023,12,DeVonta Smith,WR,11.36,23.600000381469727,-12.240000381469727,12.240000381469727
2023,5,Jordan Love,QB,17.22,4.980000019073486,12.239999980926513,12.239999980926513
2023,6,Russell Wilson,QB,19.14,6.900000095367432,12.239999904632569,12.239999904632569
2024,6,Caleb Williams,QB,16.4,28.639999389648438,-12.239999389648439,12.239999389648439
2025,7,Mike Evans,WR,12.23,0.0,12.23,12.23
2024,15,Cooper Kupp,WR,12.23,0.0,12.23,12.23
2024,8,Josh Jacobs,RB,13.27,25.5,-12.23,12.23
2025,9,Rome Odunze,WR,12.23,0.0,12.23,12.23
2023,8,Desmond Ridder,QB,15.67,3.440000057220459,12.229999942779541,12.229999942779541
2024,15,Terry McLaurin,WR,14.07,26.299999237060547,-12.229999237060547,12.229999237060547
2025,17,Chris Olave,WR,13.68,25.899999618530273,-12.219999618530274,12.219999618530274
2024,15,Derrick Henry,RB,18.9,6.699999809265137,12.200000190734862,12.200000190734862
2025,13,RJ Harvey,RB,9.01,21.200000762939453,-12.190000762939453,12.190000762939453
2023,11,AJ Dillon,RB,8.01,20.200000762939453,-12.190000762939453,12.190000762939453
2023,15,Dak Prescott,QB,18.25,6.059999942779541,12.190000057220459,12.190000057220459
2023,5,DeAndre Hopkins,WR,9.81,22.0,-12.19,12.19
2024,13,Justin Herbert,QB,20.17,7.980000019073486,12.189999980926515,12.189999980926515
2025,12,Michael Wilson,WR,9.61,21.799999237060547,-12.189999237060547,12.189999237060547
2024,11,Russell Wilson,QB,18.47,6.300000190734863,12.169999809265136,12.169999809265136
2023,3,Mike Williams,WR,12.94,25.100000381469727,-12.160000381469727,12.160000381469727
2023,8,Gabe Davis,WR,11.55,23.700000762939453,-12.150000762939452,12.150000762939452
2023,5,Dalton Schultz,TE,7.36,19.5,-12.14,12.14
2025,8,Marquise Brown,WR,12.13,0.0,12.13,12.13
2024,7,Joe Mixon,RB,14.27,26.399999618530273,-12.129999618530274,12.129999618530274
2024,5,Brandon Aiyuk,WR,10.58,22.700000762939453,-12.120000762939453,12.120000762939453
2024,11,Jameis Winston,QB,14.49,26.600000381469727,-12.110000381469726,12.110000381469726
2025,11,Kenneth Walker III,RB,8.01,20.100000381469727,-12.090000381469727,12.090000381469727
2024,17,Rhamondre Stevenson,RB,12.19,0.10000000149011612,12.089999998509883,12.089999998509883
2023,15,Curtis Samuel,WR,9.03,21.100000381469727,-12.070000381469727,12.070000381469727
2024,13,Keenan Allen,WR,12.23,24.299999237060547,-12.069999237060546,12.069999237060546
2025,11,Christian Watson,WR,8.55,20.600000381469727,-12.050000381469726,12.050000381469726
2025,6,Patrick Mahomes,QB,19.43,31.479999542236328,-12.049999542236328,12.049999542236328
2023,9,Zack Moss,RB,14.64,2.5999999046325684,12.040000095367432,12.040000095367432
2024,3,James Conner,RB,15.54,3.5,12.04,12.04
2024,3,Derek Carr,QB,20.02,7.980000019073486,12.039999980926513,12.039999980926513
2025,13,Sam Darnold,QB,15.15,3.119999885559082,12.030000114440918,12.030000114440918
2025,6,Jahmyr Gibbs,RB,19.53,7.5,12.030000000000001,12.030000000000001
2025,14,Kirk Cousins,QB,14.49,2.4800000190734863,12.009999980926514,12.009999980926514
2023,7,Jonathan Taylor,RB,9.01,21.0,-11.99,11.99
2025,16,Kenny Gainwell,RB,11.82,23.799999237060547,-11.979999237060547,11.979999237060547
2025,8,Khalil Shakir,WR,8.84,20.799999237060547,-11.959999237060547,11.959999237060547
2025,5,Dak Prescott,QB,16.33,28.280000686645508,-11.95000068664551,11.95000068664551
2024,7,Alvin Kamara,RB,20.35,8.399999618530273,11.950000381469728,11.950000381469728
2024,15,Saquon Barkley,RB,21.35,9.399999618530273,11.950000381469728,11.950000381469728
2023,3,Zack Moss,RB,10.55,22.5,-11.95,11.95
2025,16,George Kittle,TE,12.56,24.5,-11.94,11.94
2025,11,Quentin Johnston,WR,11.94,0.0,11.94,11.94
2023,17,James Conner,RB,14.36,26.299999237060547,-11.939999237060547,11.939999237060547
2025,7,Dalton Schultz,TE,6.87,18.799999237060547,-11.929999237060546,11.929999237060546
2024,12,Patrick Mahomes,QB,16.85,28.760000228881836,-11.910000228881835,11.910000228881835
2023,13,Trey McBride,TE,10.99,22.899999618530273,-11.909999618530273,11.909999618530273
2023,16,Davante Adams,WR,13.3,1.399999976158142,11.900000023841859,11.900000023841859
2023,16,James Cook,RB,16.9,5.0,11.899999999999999,11.899999999999999
2023,8,Christian McCaffrey,RB,17.9,29.799999237060547,-11.899999237060548,11.899999237060548
2024,4,Diontae Johnson,WR,9.4,21.299999237060547,-11.899999237060547,11.899999237060547
2024,3,Terry McLaurin,WR,8.11,20.0,-11.89,11.89
2025,17,Breece Hall,RB,9.01,20.899999618530273,-11.889999618530274,11.889999618530274
2023,10,Justin Herbert,QB,16.55,28.420000076293945,-11.870000076293945,11.870000076293945
2025,12,Amon-Ra St. Brown,WR,18.04,29.899999618530273,-11.859999618530274,11.859999618530274
2025,10,Jameson Williams,WR,12.04,23.899999618530273,-11.859999618530274,11.859999618530274
2023,5,Sam LaPorta,TE,7.85,19.700000762939453,-11.850000762939453,11.850000762939453
2025,14,Jonathan Taylor,RB,23.25,11.399999618530273,11.850000381469727,11.850000381469727
2025,5,Jaylen Waddle,WR,11.16,23.0,-11.84,11.84
2024,6,Terry McLaurin,WR,11.46,23.299999237060547,-11.839999237060546,11.839999237060546
2023,12,Chuba Hubbard,RB,8.38,20.200000762939453,-11.820000762939452,11.820000762939452
2025,3,Russell Wilson,QB,16.92,5.099999904632568,11.820000095367433,11.820000095367433
2025,3,Jonathan Taylor,RB,20.98,32.79999923706055,-11.819999237060546,11.819999237060546
2023,8,Tyler Lockett,WR,10.29,22.100000381469727,-11.810000381469727,11.810000381469727
2023,6,Marquise Brown,WR,19.21,7.400000095367432,11.80999990463257,11.80999990463257
2024,17,Travis Kelce,TE,10.6,22.399999618530273,-11.799999618530274,11.799999618530274
2025,13,Brock Bowers,TE,10.5,22.299999237060547,-11.799999237060547,11.799999237060547
2023,13,DeVonta Smith,WR,12.81,24.600000381469727,-11.790000381469726,11.790000381469726
2024,3,Anthony Richardson,QB,16.85,5.079999923706055,11.770000076293947,11.770000076293947
2024,8,DeVonta Smith,WR,8.74,20.5,-11.76,11.76
2024,8,Matthew Stafford,QB,13.01,24.760000228881836,-11.750000228881836,11.750000228881836
2025,11,Amon-Ra St. Brown,WR,17.95,6.199999809265137,11.750000190734863,11.750000190734863
2024,7,Kareem Hunt,RB,10.55,22.299999237060547,-11.749999237060546,11.749999237060546
2023,17,Jordan Love,QB,16.7,28.440000534057617,-11.740000534057618,11.740000534057618
2024,4,Baker Mayfield,QB,17.14,28.8799991607666,-11.739999160766601,11.739999160766601
2024,11,Nick Westbrook-Ikhine,WR,7.97,19.700000762939453,-11.730000762939454,11.730000762939454
2023,10,Javonte Williams,RB,9.28,21.0,-11.72,11.72
2025,10,Michael Pittman,WR,15.62,3.9000000953674316,11.719999904632568,11.719999904632568
2024,7,Josh Downs,WR,13.01,1.2999999523162842,11.710000047683716,11.710000047683716
2025,8,Spencer Rattler,QB,14.34,2.640000104904175,11.699999895095825,11.699999895095825
2025,11,Sam Darnold,QB,15.96,4.260000228881836,11.699999771118165,11.699999771118165
2024,6,Tyler Allgeier,RB,8.1,19.799999237060547,-11.699999237060547,11.699999237060547
2023,4,Derek Carr,QB,14.86,3.180000066757202,11.679999933242797,11.679999933242797
2024,15,Jahmyr Gibbs,RB,16.72,28.399999618530273,-11.679999618530275,11.679999618530275
2024,10,Bijan Robinson,RB,17.72,29.399999618530273,-11.679999618530275,11.679999618530275
2024,8,Trey McBride,TE,9.72,21.399999618530273,-11.679999618530273,11.679999618530273
2024,4,Mike Evans,WR,11.73,23.399999618530273,-11.669999618530273,11.669999618530273
2023,11,Brandon Aiyuk,WR,14.94,26.600000381469727,-11.660000381469727,11.660000381469727
2025,15,Josh Jacobs,RB,11.55,23.200000762939453,-11.650000762939452,11.650000762939452
2024,15,Darnell Mooney,WR,11.65,0.0,11.65,11.65
2024,7,Tank Dell,WR,11.65,0.0,11.65,11.65
2025,13,Lamar Jackson,QB,18.18,6.539999961853027,11.640000038146972,11.640000038146972
2025,6,Brian Thomas Jr.,WR,11.36,23.0,-11.64,11.64
2025,9,Sam LaPorta,TE,10.11,21.700000762939453,-11.590000762939454,11.590000762939454
2024,7,Aidan O'Connell,QB,13.67,2.0799999237060547,11.590000076293945,11.590000076293945
2023,6,Davante Adams,WR,16.49,4.900000095367432,11.589999904632567,11.589999904632567
2024,15,Geno Smith,QB,16.04,4.460000038146973,11.579999961853026,11.579999961853026
2024,6,Deebo Samuel Sr.,WR,9.13,20.700000762939453,-11.570000762939452,11.570000762939452
2025,14,Jahmyr Gibbs,RB,25.43,37.0,-11.57,11.57
2024,9,Rhamondre Stevenson,RB,10.83,22.399999618530273,-11.569999618530273,11.569999618530273
2024,5,Andy Dalton,QB,15.3,3.740000009536743,11.559999990463258,11.559999990463258
2023,8,Jakobi Meyers,WR,14.46,2.9000000953674316,11.55999990463257,11.55999990463257
2025,9,Jahmyr Gibbs,RB,17.36,5.800000190734863,11.559999809265136,11.559999809265136
2025,8,Bijan Robinson,RB,17.36,5.800000190734863,11.559999809265136,11.559999809265136
2023,8,Sam LaPorta,TE,8.15,19.700000762939453,-11.550000762939453,11.550000762939453
2025,12,Jordan Addison,WR,11.55,0.0,11.55,11.55
2024,12,Christian McCaffrey,RB,19.35,7.800000190734863,11.549999809265138,11.549999809265138
2025,3,Malik Nabers,WR,14.84,3.299999952316284,11.540000047683716,11.540000047683716
2023,7,Josh Jacobs,RB,16.63,5.099999904632568,11.53000009536743,11.53000009536743
2023,12,DJ Moore,WR,10.87,22.399999618530273,-11.529999618530274,11.529999618530274
2024,9,Davante Adams,WR,10.58,22.100000381469727,-11.520000381469726,11.520000381469726
2025,13,Jaxon Smith-Njigba,WR,15.82,4.300000190734863,11.519999809265137,11.519999809265137
2024,9,Rico Dowdle,RB,10.19,21.700000762939453,-11.510000762939454,11.510000762939454
2023,8,Lamar Jackson,QB,23.49,11.979999542236328,11.51000045776367,11.51000045776367
2025,10,Josh Downs,WR,12.81,1.2999999523162842,11.510000047683716,11.510000047683716
2025,10,Bo Nix,QB,17.29,5.800000190734863,11.489999809265136,11.489999809265136
2025,13,Jakobi Meyers,WR,9.81,21.299999237060547,-11.489999237060546,11.489999237060546
2023,15,Davante Adams,WR,12.62,24.100000381469727,-11.480000381469727,11.480000381469727
2024,12,Puka Nacua,WR,9.23,20.700000762939453,-11.470000762939453,11.470000762939453
2023,15,Breece Hall,RB,14.27,2.799999952316284,11.470000047683715,11.470000047683715
2024,6,Chris Olave,WR,10.97,-0.5,11.47,11.47
2025,3,DeVonta Smith,WR,8.54,20.0,-11.46,11.46
2023,10,Jahan Dotson,WR,11.46,0.0,11.46,11.46
2023,14,Zay Flowers,WR,8.55,20.0,-11.45,11.45
2024,3,Jayden Daniels,QB,16.63,28.059999465942383,-11.429999465942384,11.429999465942384
2024,12,Jakobi Meyers,WR,10.68,22.100000381469727,-11.420000381469727,11.420000381469727
2024,11,Will Dissly,TE,6.58,18.0,-11.42,11.42
2024,9,Kyler Murray,QB,16.18,4.760000228881836,11.419999771118164,11.419999771118164
2025,7,Justin Herbert,QB,16.48,27.899999618530273,-11.419999618530273,11.419999618530273
2024,5,Sam Darnold,QB,15.67,4.260000228881836,11.409999771118164,11.409999771118164
2023,11,Keenan Allen,WR,16.2,27.600000381469727,-11.400000381469727,11.400000381469727
2024,9,Cade Otton,TE,10.31,21.700000762939453,-11.390000762939453,11.390000762939453
2025,11,Deebo Samuel Sr.,WR,9.32,20.700000762939453,-11.380000762939453,11.380000762939453
2025,3,Jake Ferguson,TE,9.82,21.200000762939453,-11.380000762939453,11.380000762939453
2024,8,Jordan Mason,RB,13.18,1.7999999523162842,11.380000047683716,11.380000047683716
2024,6,Travis Etienne,RB,11.28,-0.10000000149011612,11.380000001490115,11.380000001490115
2025,5,Sam Darnold,QB,16.26,27.639999389648438,-11.379999389648436,11.379999389648436
2024,13,Rico Dowdle,RB,9.92,21.299999237060547,-11.379999237060547,11.379999237060547
2023,8,Joe Burrow,QB,16.26,27.6200008392334,-11.360000839233397,11.360000839233397
2024,5,Brian Thomas Jr.,WR,11.84,23.200000762939453,-11.360000762939453,11.360000762939453
2023,14,Gabe Davis,WR,11.36,0.0,11.36,11.36
2025,4,Dallas Goedert,TE,8.35,19.700000762939453,-11.350000762939453,11.350000762939453
2024,12,T.J. Hockenson,TE,7.07,18.399999618530273,-11.329999618530273,11.329999618530273
2024,7,Cade Otton,TE,6.68,18.0,-11.32,11.32
2023,12,Calvin Ridley,WR,10.58,21.899999618530273,-11.319999618530273,11.319999618530273
2024,5,Bo Nix,QB,11.83,23.139999389648438,-11.309999389648437,11.309999389648437
2023,14,Jared Goff,QB,15.74,4.440000057220459,11.299999942779541,11.299999942779541
2025,9,Jonathan Taylor,RB,18.99,7.699999809265137,11.290000190734862,11.290000190734862
2024,16,De'Von Achane,RB,19.71,31.0,-11.29,11.29
2023,10,Zack Moss,RB,11.46,0.20000000298023224,11.259999997019769,11.259999997019769
2025,12,Lamar Jackson,QB,18.47,7.21999979019165,11.250000209808348,11.250000209808348
2024,13,Chuba Hubbard,RB,13.55,2.299999952316284,11.250000047683717,11.250000047683717
2025,6,Kendrick Bourne,WR,7.97,19.200000762939453,-11.230000762939454,11.230000762939454
2025,8,Jordan Mason,RB,12.82,1.600000023841858,11.219999976158142,11.219999976158142
2023,9,Geno Smith,QB,13.9,2.680000066757202,11.219999933242798,11.219999933242798
2023,5,Brock Purdy,QB,14.86,26.079999923706055,-11.219999923706055,11.219999923706055
2023,14,Justin Jefferson,WR,15.91,4.699999809265137,11.210000190734863,11.210000190734863
2025,10,Romeo Doubs,WR,12.71,1.5,11.21,11.21
2023,5,DeVonta Smith,WR,12.81,1.600000023841858,11.209999976158143,11.209999976158143
2025,16,Zay Flowers,WR,10.0,21.200000762939453,-11.200000762939453,11.200000762939453
2025,4,Ladd McConkey,WR,13.29,2.0999999046325684,11.19000009536743,11.19000009536743
2024,11,Kirk Cousins,QB,16.11,4.920000076293945,11.189999923706054,11.189999923706054
2024,7,Saquon Barkley,RB,15.54,26.700000762939453,-11.160000762939454,11.160000762939454
2025,10,A.J. Brown,WR,14.46,3.299999952316284,11.160000047683717,11.160000047683717
2025,7,Jameson Williams,WR,11.16,0.0,11.16,11.16
2025,16,Jordan Love,QB,14.93,3.7799999713897705,11.15000002861023,11.15000002861023
2023,11,Jayden Reed,WR,8.06,19.200000762939453,-11.140000762939453,11.140000762939453
2024,8,Kirk Cousins,QB,17.51,28.639999389648438,-11.129999389648436,11.129999389648436
2024,13,Cooper Kupp,WR,15.82,4.699999809265137,11.120000190734864,11.120000190734864
2025,15,George Kittle,TE,11.68,22.799999237060547,-11.119999237060547,11.119999237060547
2025,6,De'Von Achane,RB,19.9,31.0,-11.100000000000001,11.100000000000001
2025,14,George Pickens,WR,19.79,8.699999809265137,11.090000190734862,11.090000190734862
2025,8,Jake Ferguson,TE,11.09,0.0,11.09,11.09
2024,15,Jaylen Waddle,WR,11.07,0.0,11.07,11.07
2023,9,Gabe Davis,WR,11.07,0.0,11.07,11.07
2023,4,Lamar Jackson,QB,17.07,28.139999389648438,-11.069999389648437,11.069999389648437
2023,4,Deebo Samuel Sr.,WR,11.65,0.6000000238418579,11.049999976158142,11.049999976158142
2025,13,Zay Flowers,WR,11.65,0.6000000238418579,11.049999976158142,11.049999976158142
2025,15,Kenny Gainwell,RB,8.56,19.600000381469727,-11.040000381469726,11.040000381469726
2025,17,Stefon Diggs,WR,11.07,22.100000381469727,-11.030000381469726,11.030000381469726
2024,9,Jerome Ford,RB,12.73,1.7000000476837158,11.029999952316285,11.029999952316285
2025,14,Jaxon Smith-Njigba,WR,17.08,28.100000381469727,-11.020000381469728,11.020000381469728
2023,9,Dak Prescott,QB,17.36,28.360000610351562,-11.000000610351563,11.000000610351563
2025,14,Patrick Mahomes,QB,17.29,6.300000190734863,10.989999809265136,10.989999809265136
2025,17,Josh Jacobs,RB,12.28,1.2999999523162842,10.980000047683715,10.980000047683715
2025,6,Courtland Sutton,WR,13.68,2.700000047683716,10.979999952316284,10.979999952316284
2025,12,Davante Adams,WR,12.23,23.200000762939453,-10.970000762939453,10.970000762939453
2023,10,Tyler Lockett,WR,12.23,23.200000762939453,-10.970000762939453,10.970000762939453
2023,4,Joe Burrow,QB,15.67,4.699999809265137,10.970000190734863,10.970000190734863
2024,7,Jayden Reed,WR,13.97,3.0,10.97,10.97
2023,10,Travis Etienne,RB,17.36,6.400000095367432,10.959999904632568,10.959999904632568
2023,8,Travis Kelce,TE,22.76,11.800000190734863,10.959999809265138,10.959999809265138
2023,12,Jordan Love,QB,15.67,26.6200008392334,-10.950000839233399,10.950000839233399
2023,16,DJ Moore,WR,15.72,4.800000190734863,10.919999809265137,10.919999809265137
2023,6,Dak Prescott,QB,13.97,24.8799991607666,-10.909999160766601,10.909999160766601
2024,15,Malik Nabers,WR,13.3,24.200000762939453,-10.900000762939452,10.900000762939452
2024,10,Lamar Jackson,QB,22.01,32.900001525878906,-10.890001525878905,10.890001525878905
2023,7,Amon-Ra St. Brown,WR,12.33,23.200000762939453,-10.870000762939453,10.870000762939453
2025,4,Emeka Egbuka,WR,9.23,20.100000381469727,-10.870000381469726,10.870000381469726
2024,9,Alvin Kamara,RB,16.63,27.5,-10.870000000000001,10.870000000000001
2025,6,Juwan Johnson,TE,12.37,1.5,10.87,10.87
2023,13,Noah Brown,WR,10.87,0.0,10.87,10.87
2024,7,Jameson Williams,WR,11.46,0.6000000238418579,10.859999976158143,10.859999976158143
2024,10,Chase Brown,RB,11.55,22.399999618530273,-10.849999618530273,10.849999618530273
2023,13,Austin Ekeler,RB,15.54,4.699999809265137,10.840000190734862,10.840000190734862
2023,14,De'Von Achane,RB,13.37,24.200000762939453,-10.830000762939454,10.830000762939454
2025,5,Mason Taylor,TE,6.87,17.700000762939453,-10.830000762939452,10.830000762939452
2023,8,Miles Sanders,RB,10.83,0.0,10.83,10.83
2025,8,Tyjae Spears,RB,6.38,17.200000762939453,-10.820000762939454,10.820000762939454
2024,9,Cooper Kupp,WR,10.58,21.399999618530273,-10.819999618530273,10.819999618530273
2023,14,Desmond Ridder,QB,14.56,25.3799991607666,-10.819999160766601,10.819999160766601
2023,15,Derrick Henry,RB,15.81,5.0,10.81,10.81
2023,5,Calvin Ridley,WR,9.81,20.600000381469727,-10.790000381469726,10.790000381469726
2023,10,DeAndre Hopkins,WR,16.49,5.699999809265137,10.790000190734862,10.790000190734862
2023,8,Tyrod Taylor,QB,14.41,3.619999885559082,10.790000114440918,10.790000114440918
2023,13,Justin Herbert,QB,18.77,7.980000019073486,10.789999980926513,10.789999980926513
2023,12,Rhamondre Stevenson,RB,10.92,21.700000762939453,-10.780000762939453,10.780000762939453
2025,16,Lamar Jackson,QB,15.52,4.739999771118164,10.780000228881836,10.780000228881836
2023,16,Justin Jefferson,WR,15.33,26.100000381469727,-10.770000381469726,10.770000381469726
2023,4,Amari Cooper,WR,13.37,2.5999999046325684,10.77000009536743,10.77000009536743
2024,13,Jayden Reed,WR,8.94,19.700000762939453,-10.760000762939454,10.760000762939454
2023,7,Austin Ekeler,RB,16.36,5.599999904632568,10.760000095367431,10.760000095367431
2024,13,Josh Allen,QB,17.66,28.420000076293945,-10.760000076293945,10.760000076293945
2023,15,Cooper Kupp,WR,14.36,25.100000381469727,-10.740000381469727,10.740000381469727
2023,16,Jordan Addison,WR,11.94,1.2000000476837158,10.739999952316284,10.739999952316284
2024,15,Baker Mayfield,QB,17.29,28.020000457763672,-10.730000457763673,10.730000457763673
2024,10,Chuba Hubbard,RB,14.18,24.899999618530273,-10.719999618530274,10.719999618530274
2023,9,Ja'Marr Chase,WR,18.82,8.100000381469727,10.719999618530274,10.719999618530274
2024,13,Nick Westbrook-Ikhine,WR,10.39,21.100000381469727,-10.710000381469726,10.710000381469726
2024,5,Jauan Jennings,WR,13.01,2.299999952316284,10.710000047683716,10.710000047683716
2024,12,Nick Chubb,RB,8.29,19.0,-10.71,10.71
2025,16,Justin Herbert,QB,19.5,30.200000762939453,-10.700000762939453,10.700000762939453
2023,15,Najee Harris,RB,12.0,1.2999999523162842,10.700000047683716,10.700000047683716
2023,15,D'Onta Foreman,RB,10.1,-0.6000000238418579,10.700000023841858,10.700000023841858
2025,16,Derrick Henry,RB,12.1,22.799999237060547,-10.699999237060547,10.699999237060547
2024,6,Jared Goff,QB,14.41,25.100000381469727,-10.690000381469726,10.690000381469726
2024,5,Mike Evans,WR,12.52,23.200000762939453,-10.680000762939454,10.680000762939454
2024,11,Bo Nix,QB,18.1,28.780000686645508,-10.680000686645506,10.680000686645506
2024,7,Mark Andrews,TE,9.42,20.100000381469727,-10.680000381469727,10.680000381469727
2023,14,AJ Dillon,RB,8.92,19.600000381469727,-10.680000381469727,10.680000381469727
2023,13,Marquise Brown,WR,10.68,0.0,10.68,10.68
2023,4,Alvin Kamara,RB,10.73,21.399999618530273,-10.669999618530273,10.669999618530273
2025,11,Tyrell Shavers,WR,8.35,19.0,-10.65,10.65
2023,9,CeeDee Lamb,WR,17.46,28.100000381469727,-10.640000381469726,10.640000381469726
2025,12,A.J. Brown,WR,14.36,25.0,-10.64,10.64
2023,5,Gabe Davis,WR,11.36,22.0,-10.64,10.64
2023,6,Tyreek Hill,WR,17.66,28.299999237060547,-10.639999237060547,10.639999237060547
2024,9,Travis Kelce,TE,11.38,22.0,-10.62,10.62
2024,5,Caleb Williams,QB,12.94,23.559999465942383,-10.619999465942383,10.619999465942383
2023,5,Dak Prescott,QB,14.93,4.320000171661377,10.609999828338623,10.609999828338623
2023,5,James Conner,RB,15.18,4.599999904632568,10.580000095367431,10.580000095367431
2025,10,DJ Moore,WR,10.58,0.0,10.58,10.58
2025,3,Caleb Williams,QB,18.55,29.1200008392334,-10.570000839233398,10.570000839233398
2025,14,Travis Etienne,RB,10.64,21.200000762939453,-10.560000762939453,10.560000762939453
2024,7,DeVonta Smith,WR,11.36,0.800000011920929,10.55999998807907,10.55999998807907
2024,6,Zay Flowers,WR,11.84,22.399999618530273,-10.559999618530274,10.559999618530274
2024,8,Drake London,WR,17.95,7.400000095367432,10.549999904632568,10.549999904632568
2024,14,James Cook,RB,15.45,4.900000095367432,10.549999904632568,10.549999904632568
2023,14,Tua Tagovailoa,QB,19.65,9.100000381469727,10.549999618530272,10.549999618530272
2023,17,Austin Ekeler,RB,14.54,4.0,10.54,10.54
2023,7,Josh Palmer,WR,7.77,18.299999237060547,-10.529999237060547,10.529999237060547
2025,8,Dak Prescott,QB,17.14,6.619999885559082,10.520000114440919,10.520000114440919
2023,11,Cooper Kupp,WR,12.62,2.0999999046325684,10.52000009536743,10.52000009536743
2023,9,George Pickens,WR,12.42,1.899999976158142,10.520000023841858,10.520000023841858
2023,10,Will Levis,QB,16.48,5.960000038146973,10.519999961853028,10.519999961853028
2023,16,Romeo Doubs,WR,7.39,17.899999618530273,-10.509999618530273,10.509999618530273
2025,6,Marquise Brown,WR,10.0,20.5,-10.5,10.5
2025,9,Kayshon Boutte,WR,10.49,0.0,10.49,10.49
2025,5,Sam LaPorta,TE,9.72,20.200000762939453,-10.480000762939452,10.480000762939452
2023,10,AJ Dillon,RB,7.74,18.200000762939453,-10.460000762939453,10.460000762939453
2025,6,Ja'Marr Chase,WR,14.65,25.100000381469727,-10.450000381469726,10.450000381469726
2025,17,Jaxson Dart,QB,14.63,25.079999923706055,-10.449999923706054,10.449999923706054
2023,4,Chris Godwin Jr.,WR,8.97,19.399999618530273,-10.429999618530273,10.429999618530273
2025,11,Nico Collins,WR,13.78,24.200000762939453,-10.420000762939454,10.420000762939454
2023,15,Rashee Rice,WR,13.68,24.100000381469727,-10.420000381469727,10.420000381469727
2024,10,Jordan Mason,RB,10.92,0.5,10.42,10.42
2024,12,Brian Robinson,RB,13.82,3.4000000953674316,10.419999904632569,10.419999904632569
2025,8,Travis Kelce,TE,11.48,21.899999618530273,-10.419999618530273,10.419999618530273
2023,15,Kyren Williams,RB,14.09,24.5,-10.41,10.41
2025,6,Trey McBride,TE,10.8,21.200000762939453,-10.400000762939452,10.400000762939452
2025,15,Chris Olave,WR,10.1,20.5,-10.4,10.4
2025,4,Kyle Pitts,TE,7.61,18.0,-10.39,10.39
2024,5,Rico Dowdle,RB,9.01,19.399999618530273,-10.389999618530274,10.389999618530274
2025,8,Oronde Gadsden II,TE,8.34,18.700000762939453,-10.360000762939453,10.360000762939453
2025,5,Travis Kelce,TE,8.74,19.100000381469727,-10.360000381469726,10.360000381469726
2025,17,Drake London,WR,11.75,1.399999976158142,10.350000023841858,10.350000023841858
2023,3,Tua Tagovailoa,QB,18.03,28.360000610351562,-10.330000610351561,10.330000610351561
2024,4,Malik Nabers,WR,12.77,23.100000381469727,-10.330000381469727,10.330000381469727
2023,15,Amon-Ra St. Brown,WR,13.88,24.200000762939453,-10.320000762939452,10.320000762939452
2024,17,Derrick Henry,RB,14.18,24.5,-10.32,10.32
2024,6,Saquon Barkley,RB,17.72,7.400000095367432,10.319999904632567,10.319999904632567
2025,8,Jaylen Waddle,WR,10.58,20.899999618530273,-10.319999618530273,10.319999618530273
2023,13,Matthew Stafford,QB,12.64,22.959999084472656,-10.319999084472656,10.319999084472656
2024,4,Pat Freiermuth,TE,6.39,16.700000762939453,-10.310000762939453,10.310000762939453
2025,10,Rome Odunze,WR,10.29,20.600000381469727,-10.310000381469727,10.310000381469727
2023,3,Justin Herbert,QB,18.99,29.299999237060547,-10.309999237060548,10.309999237060548
2023,16,James Conner,RB,11.91,22.200000762939453,-10.290000762939453,10.290000762939453
2025,4,Bo Nix,QB,15.45,25.739999771118164,-10.289999771118165,10.289999771118165
2023,10,Mike Evans,WR,16.01,26.299999237060547,-10.289999237060545,10.289999237060545
2024,7,Lamar Jackson,QB,24.15,34.439998626708984,-10.289998626708986,10.289998626708986
2024,6,Stefon Diggs,WR,9.42,19.700000762939453,-10.280000762939453,10.280000762939453
2023,16,Ezekiel Elliott,RB,10.73,21.0,-10.27,10.27
2024,16,Jerry Jeudy,WR,14.27,4.0,10.27,10.27
2023,10,Derek Carr,QB,15.67,5.400000095367432,10.269999904632568,10.269999904632568
2025,11,J.J. McCarthy,QB,16.26,6.0,10.260000000000002,10.260000000000002
2023,17,Isaiah Likely,TE,7.95,18.200000762939453,-10.250000762939454,10.250000762939454
2024,13,Caleb Williams,QB,15.89,26.139999389648438,-10.249999389648437,10.249999389648437
2023,16,Chig Okonkwo,TE,8.05,18.299999237060547,-10.249999237060546,10.249999237060546
2023,8,David Njoku,TE,7.46,17.700000762939453,-10.240000762939452,10.240000762939452
2023,16,Trevor Lawrence,QB,19.58,9.34000015258789,10.239999847412108,10.239999847412108
2024,3,Khalil Shakir,WR,8.97,19.200000762939453,-10.230000762939452,10.230000762939452
2024,12,Jonathan Taylor,RB,13.73,3.5,10.23,10.23
2023,14,Christian McCaffrey,RB,26.52,16.299999237060547,10.220000762939453,10.220000762939453
2025,4,Tre Tucker,WR,14.41,4.199999809265137,10.210000190734863,10.210000190734863
2024,6,Bucky Irving,RB,8.29,18.5,-10.21,10.21
2023,14,Ja'Marr Chase,WR,16.11,5.900000095367432,10.209999904632568,10.209999904632568
2023,12,George Kittle,TE,15.11,4.900000095367432,10.209999904632568,10.209999904632568
2024,4,Xavier Legette,WR,9.4,19.600000381469727,-10.200000381469726,10.200000381469726
2024,14,Bucky Irving,RB,13.0,2.799999952316284,10.200000047683716,10.200000047683716
2025,10,Garrett Wilson,WR,10.2,0.0,10.2,10.2
2024,13,Jayden Daniels,QB,17.44,27.639999389648438,-10.199999389648436,10.199999389648436
2024,10,Travis Kelce,TE,10.21,20.399999618530273,-10.189999618530273,10.189999618530273
2025,16,Harold Fannin Jr.,TE,9.32,19.5,-10.18,10.18
2025,5,Quentin Johnston,WR,17.08,6.900000095367432,10.179999904632567,10.179999904632567
2023,11,Gus Edwards,RB,10.83,21.0,-10.17,10.17
2023,6,DJ Moore,WR,20.27,10.100000381469727,10.169999618530273,10.169999618530273
2025,4,Quentin Johnston,WR,13.63,23.799999237060547,-10.169999237060546,10.169999237060546
2025,7,Geno Smith,QB,12.94,2.7799999713897705,10.160000028610229,10.160000028610229
2024,5,Rashid Shaheed,WR,8.45,18.600000381469727,-10.150000381469727,10.150000381469727
2023,17,Breece Hall,RB,17.45,27.600000381469727,-10.150000381469727,10.150000381469727
2023,10,Gardner Minshew,QB,15.81,5.659999847412109,10.150000152587891,10.150000152587891
2023,9,Justin Herbert,QB,17.29,7.139999866485596,10.150000133514403,10.150000133514403
2023,7,Gabe Davis,WR,11.75,1.600000023841858,10.149999976158142,10.149999976158142
2025,15,Puka Nacua,WR,17.75,27.899999618530273,-10.149999618530273,10.149999618530273
2024,9,J.K. Dobbins,RB,14.36,24.5,-10.14,10.14
2023,17,Tyler Lockett,WR,12.13,2.0,10.13,10.13
2025,7,Jake Ferguson,TE,11.78,21.899999618530273,-10.119999618530274,10.119999618530274
2024,11,Tucker Kraft,TE,10.11,0.0,10.11,10.11
2023,12,Tony Pollard,RB,12.19,22.299999237060547,-10.109999237060547,10.109999237060547
2024,6,Najee Harris,RB,10.1,20.200000762939453,-10.100000762939453,10.100000762939453
2025,14,Justin Jefferson,WR,13.2,3.0999999046325684,10.100000095367431,10.100000095367431
2023,15,Michael Wilson,WR,10.1,0.0,10.1,10.1
2024,7,Deebo Samuel Sr.,WR,10.1,0.0,10.1,10.1
2024,16,Brock Bowers,TE,10.8,20.899999618530273,-10.099999618530273,10.099999618530273
2023,4,Brandon Aiyuk,WR,10.7,20.799999237060547,-10.099999237060548,10.099999237060548
2023,10,Tyler Boyd,WR,9.61,19.700000762939453,-10.090000762939454,10.090000762939454
2025,13,Jordan Love,QB,15.67,25.760000228881836,-10.090000228881836,10.090000228881836
2023,13,Derrick Henry,RB,14.91,25.0,-10.09,10.09
2023,17,Zay Flowers,WR,9.52,19.600000381469727,-10.080000381469727,10.080000381469727
2025,11,Stefon Diggs,WR,9.42,19.5,-10.08,10.08
2025,12,Kareem Hunt,RB,9.92,20.0,-10.08,10.08
2023,9,Diontae Johnson,WR,11.94,22.0,-10.06,10.06
2023,9,Tee Higgins,WR,8.94,19.0,-10.06,10.06
2024,5,DK Metcalf,WR,17.56,7.5,10.059999999999999,10.059999999999999
2023,6,David Montgomery,RB,14.36,4.300000190734863,10.059999809265136,10.059999809265136
2025,5,Kareem Hunt,RB,8.65,18.700000762939453,-10.050000762939453,10.050000762939453
2023,12,Cooper Kupp,WR,14.85,4.800000190734863,10.049999809265136,10.049999809265136
2025,13,Davante Adams,WR,11.75,21.799999237060547,-10.049999237060547,10.049999237060547
2023,5,Courtland Sutton,WR,12.33,2.299999952316284,10.030000047683716,10.030000047683716
2023,13,AJ Dillon,RB,9.37,19.399999618530273,-10.029999618530274,10.029999618530274
2025,10,Ladd McConkey,WR,10.68,20.700000762939453,-10.020000762939453,10.020000762939453
2025,16,Drake London,WR,15.72,5.699999809265137,10.020000190734864,10.020000190734864
2024,3,Jameson Williams,WR,11.22,1.2000000476837158,10.019999952316285,10.019999952316285
2024,6,DJ Moore,WR,16.01,6.0,10.010000000000002,10.010000000000002
2023,12,Jakobi Meyers,WR,10.1,20.100000381469727,-10.000000381469727,10.000000381469727
2023,16,Jahmyr Gibbs,RB,14.0,24.0,-10.0,10.0
2025,17,Michael Wilson,WR,9.9,19.899999618530273,-9.999999618530273,9.999999618530273
2023,16,Chris Olave,WR,13.3,23.299999237060547,-9.999999237060546,9.999999237060546
2024,11,Tua Tagovailoa,QB,13.53,23.520000457763672,-9.990000457763673,9.990000457763673
2023,6,Logan Thomas,TE,11.19,1.2000000476837158,9.989999952316284,9.989999952316284
2025,9,C.J. Stroud,QB,14.34,4.360000133514404,9.979999866485596,9.979999866485596
2024,11,Josh Downs,WR,9.42,19.399999618530273,-9.979999618530274,9.979999618530274
2024,11,David Montgomery,RB,14.54,24.5,-9.96,9.96
2023,4,Romeo Doubs,WR,8.54,18.5,-9.96,9.96
2023,17,James Cook,RB,15.36,5.400000095367432,9.959999904632568,9.959999904632568
2025,16,DJ Moore,WR,11.94,21.899999618530273,-9.959999618530274,9.959999618530274
2023,11,Davante Adams,WR,11.26,21.200000762939453,-9.940000762939453,9.940000762939453
2023,9,Kenneth Walker III,RB,12.64,2.700000047683716,9.939999952316285,9.939999952316285
2025,13,CeeDee Lamb,WR,14.27,24.200000762939453,-9.930000762939454,9.930000762939454
2023,5,Jared Goff,QB,17.51,27.440000534057617,-9.930000534057616,9.930000534057616
2025,17,Chase Brown,RB,19.17,29.100000381469727,-9.930000381469725,9.930000381469725
2025,4,Bijan Robinson,RB,18.17,28.100000381469727,-9.930000381469725,9.930000381469725
2025,13,Justin Jefferson,WR,12.33,2.4000000953674316,9.929999904632568,9.929999904632568
2025,10,Parker Washington,WR,7.97,17.899999618530273,-9.929999618530275,9.929999618530275
2024,9,A.J. Brown,WR,15.52,5.599999904632568,9.920000095367431,9.920000095367431
2025,3,Dalton Kincaid,TE,7.69,17.600000381469727,-9.910000381469725,9.910000381469725
2024,3,Stefon Diggs,WR,10.01,19.920000076293945,-9.910000076293946,9.910000076293946
2024,5,Deebo Samuel Sr.,WR,12.91,3.0,9.91,9.91
2025,9,Davante Adams,WR,13.1,23.0,-9.9,9.9
2025,9,Marvin Harrison Jr.,WR,12.71,22.600000381469727,-9.890000381469726,9.890000381469726
2025,11,Khalil Shakir,WR,10.58,0.699999988079071,9.880000011920929,9.880000011920929
2025,16,Tetairoa McMillan,WR,9.42,19.299999237060547,-9.879999237060547,9.879999237060547
2024,14,Chuba Hubbard,RB,10.83,20.700000762939453,-9.870000762939453,9.870000762939453
2024,3,D'Onta Foreman,RB,10.37,0.5,9.87,9.87
2024,6,Evan Engram,TE,8.34,18.200000762939453,-9.860000762939453,9.860000762939453
2024,6,Jerry Jeudy,WR,14.36,4.5,9.86,9.86
2023,5,Curtis Samuel,WR,8.65,18.5,-9.85,9.85
2024,6,Keenan Allen,WR,11.26,21.100000381469727,-9.840000381469727,9.840000381469727
2023,9,Josh Downs,WR,11.84,2.0,9.84,9.84
2023,5,Davante Adams,WR,18.34,8.5,9.84,9.84
2023,17,Chris Olave,WR,15.43,5.599999904632568,9.830000095367431,9.830000095367431
2025,12,D'Andre Swift,RB,11.73,1.899999976158142,9.830000023841858,9.830000023841858
2025,8,Joe Flacco,QB,14.49,24.31999969482422,-9.829999694824219,9.829999694824219
2025,14,Zay Flowers,WR,10.78,20.600000381469727,-9.820000381469727,9.820000381469727
2025,16,Kimani Vidal,RB,10.92,1.100000023841858,9.819999976158142,9.819999976158142
2025,13,Tua Tagovailoa,QB,14.49,4.679999828338623,9.810000171661377,9.810000171661377
2023,5,Lamar Jackson,QB,19.73,9.9399995803833,9.7900004196167,9.7900004196167
2023,14,Tyjae Spears,RB,8.01,17.799999237060547,-9.789999237060547,9.789999237060547
2023,7,Tyreek Hill,WR,16.01,25.799999237060547,-9.789999237060545,9.789999237060545
2024,17,Rachaad White,RB,14.18,4.400000095367432,9.779999904632568,9.779999904632568
2024,14,Chase Brown,RB,14.54,24.299999237060547,-9.759999237060548,9.759999237060548
2025,14,Jaylen Waddle,WR,8.35,18.100000381469727,-9.750000381469727,9.750000381469727
2025,17,Christian McCaffrey,RB,18.35,28.100000381469727,-9.750000381469725,9.750000381469725
2023,8,Isiah Pacheco,RB,16.45,6.699999809265137,9.750000190734863,9.750000190734863
2025,13,Nico Collins,WR,11.75,21.5,-9.75,9.75
2025,5,Jameson Williams,WR,11.75,2.0,9.75,9.75
2025,3,Tee Higgins,WR,12.25,2.5,9.75,9.75
2025,10,Mac Jones,QB,13.31,23.059999465942383,-9.749999465942382,9.749999465942382
2023,6,Rashid Shaheed,WR,8.55,18.299999237060547,-9.749999237060546,9.749999237060546
2023,14,Nico Collins,WR,12.04,2.299999952316284,9.740000047683715,9.740000047683715
2024,16,A.J. Brown,WR,13.97,23.700000762939453,-9.730000762939452,9.730000762939452
2023,13,D'Andre Swift,RB,13.73,4.0,9.73,9.73
2024,16,Trey McBride,TE,14.72,5.0,9.72,9.72
2025,6,Matthew Stafford,QB,19.06,9.34000015258789,9.719999847412108,9.719999847412108
2024,5,Isaiah Likely,TE,6.58,16.299999237060547,-9.719999237060547,9.719999237060547
2023,10,George Kittle,TE,10.89,20.600000381469727,-9.710000381469726,9.710000381469726
2025,11,Tua Tagovailoa,QB,16.55,6.840000152587891,9.70999984741211,9.70999984741211
2025,17,D'Andre Swift,RB,12.19,21.899999618530273,-9.709999618530274,9.709999618530274
2025,4,Tyler Warren,TE,8.59,18.299999237060547,-9.709999237060547,9.709999237060547
2023,3,Jordan Love,QB,14.56,24.260000228881836,-9.700000228881835,9.700000228881835
2024,6,Romeo Doubs,WR,10.2,19.899999618530273,-9.699999618530274,9.699999618530274
2024,15,Justice Hill,RB,8.1,17.799999237060547,-9.699999237060547,9.699999237060547
2025,10,Nico Collins,WR,12.91,22.600000381469727,-9.690000381469726,9.690000381469726
2024,15,Jonnu Smith,TE,10.11,19.799999237060547,-9.689999237060547,9.689999237060547
2023,5,Sam Howell,QB,15.74,25.420000076293945,-9.680000076293945,9.680000076293945
2024,5,Zay Flowers,WR,9.32,19.0,-9.68,9.68
2025,6,Michael Pittman,WR,13.68,4.0,9.68,9.68
2024,6,Alexander Mattison,RB,7.83,17.5,-9.67,9.67
2025,6,Tua Tagovailoa,QB,16.26,6.599999904632568,9.660000095367433,9.660000095367433
2025,6,Rhamondre Stevenson,RB,11.46,1.7999999523162842,9.660000047683717,9.660000047683717
2024,8,Puka Nacua,WR,8.45,18.100000381469727,-9.650000381469727,9.650000381469727
2024,11,Kendrick Bourne,WR,8.35,18.0,-9.65,9.65
2025,10,Brock Bowers,TE,13.35,3.700000047683716,9.649999952316284,9.649999952316284
2024,7,Hunter Henry,TE,7.56,17.200000762939453,-9.640000762939454,9.640000762939454
2025,9,Tucker Kraft,TE,13.64,4.0,9.64,9.64
2024,5,Jerome Ford,RB,17.54,7.900000095367432,9.639999904632568,9.639999904632568
2024,8,Michael Pittman,WR,12.23,2.5999999046325684,9.630000095367432,9.630000095367432
2023,14,Raheem Mostert,RB,13.37,23.0,-9.63,9.63
2023,10,Diontae Johnson,WR,12.33,2.700000047683716,9.629999952316284,9.629999952316284
2025,17,Matthew Stafford,QB,22.38,12.760000228881836,9.619999771118163,9.619999771118163
2025,16,Quentin Johnston,WR,10.78,20.399999618530273,-9.619999618530274,9.619999618530274
2023,9,Josh Jacobs,RB,12.19,21.799999237060547,-9.609999237060547,9.609999237060547
2025,15,D'Andre Swift,RB,13.0,22.600000381469727,-9.600000381469727,9.600000381469727
2024,10,Justin Jefferson,WR,19.4,9.800000190734863,9.599999809265135,9.599999809265135
2023,13,Jake Ferguson,TE,10.11,19.700000762939453,-9.590000762939454,9.590000762939454
2025,17,Jaylen Waddle,WR,10.29,0.699999988079071,9.590000011920928,9.590000011920928
2024,13,George Kittle,TE,11.29,1.7000000476837158,9.589999952316283,9.589999952316283
2023,16,Derek Carr,QB,15.37,24.959999084472656,-9.589999084472657,9.589999084472657
2025,7,Baker Mayfield,QB,20.69,11.119999885559082,9.57000011444092,9.57000011444092
2023,12,Mike Evans,WR,15.43,25.0,-9.57,9.57
2025,7,Tee Higgins,WR,12.04,21.600000381469727,-9.560000381469727,9.560000381469727
2023,13,Rhamondre Stevenson,RB,12.46,2.9000000953674316,9.55999990463257,9.55999990463257
2024,14,CeeDee Lamb,WR,11.84,21.399999618530273,-9.559999618530274,9.559999618530274
2025,16,Juwan Johnson,TE,7.36,16.899999618530273,-9.539999618530274,9.539999618530274
2023,17,Derrick Henry,RB,13.73,4.199999809265137,9.530000190734864,9.530000190734864
2025,7,Mac Jones,QB,14.71,5.179999828338623,9.530000171661378,9.530000171661378
2023,9,Alvin Kamara,RB,20.53,11.0,9.530000000000001,9.530000000000001
2024,10,George Pickens,WR,10.97,20.5,-9.53,9.53
2023,6,Dalton Schultz,TE,6.58,16.100000381469727,-9.520000381469726,9.520000381469726
2024,9,Isaiah Likely,TE,9.52,0.0,9.52,9.52
2025,14,Travis Kelce,TE,11.29,1.7999999523162842,9.490000047683715,9.490000047683715
2024,15,Jalen Hurts,QB,18.62,28.100000381469727,-9.480000381469726,9.480000381469726
2024,9,Kyle Pitts,TE,11.58,2.0999999046325684,9.480000095367432,9.480000095367432
2023,14,Matthew Stafford,QB,14.19,23.65999984741211,-9.46999984741211,9.46999984741211
2025,12,Rashee Rice,WR,14.65,24.100000381469727,-9.450000381469726,9.450000381469726
2025,13,Michael Pittman,WR,11.75,2.299999952316284,9.450000047683716,9.450000047683716
2025,9,Olamide Zaccheaus,WR,8.35,17.799999237060547,-9.449999237060547,9.449999237060547
2025,13,Travis Etienne,RB,14.54,5.099999904632568,9.44000009536743,9.44000009536743
2025,8,Jonathan Taylor,RB,27.97,37.400001525878906,-9.430001525878907,9.430001525878907
2023,9,Lamar Jackson,QB,20.91,11.479999542236328,9.430000457763672,9.430000457763672
2024,17,Jonathan Taylor,RB,18.17,27.600000381469727,-9.430000381469725,9.430000381469725
2025,15,Nico Collins,WR,14.07,23.5,-9.43,9.43
2024,6,Dallas Goedert,TE,9.42,0.0,9.42,9.42
2023,3,Jerick McKinnon,RB,8.38,17.799999237060547,-9.419999237060546,9.419999237060546
2025,14,Rashid Shaheed,WR,7.29,16.700000762939453,-9.410000762939454,9.410000762939454
2024,6,Bijan Robinson,RB,16.09,25.5,-9.41,9.41
2025,13,Saquon Barkley,RB,15.0,5.599999904632568,9.400000095367432,9.400000095367432
2025,13,Cam Ward,QB,15.74,6.340000152587891,9.39999984741211,9.39999984741211
2025,10,Jaylen Waddle,WR,10.0,19.399999618530273,-9.399999618530273,9.399999618530273
2024,11,Josh Jacobs,RB,14.0,23.399999618530273,-9.399999618530273,9.399999618530273
2024,14,Adam Thielen,WR,9.81,19.200000762939453,-9.390000762939453,9.390000762939453
2024,6,Calvin Ridley,WR,10.29,0.8999999761581421,9.390000023841857,9.390000023841857
2024,7,Zay Flowers,WR,13.39,4.0,9.39,9.39
2024,17,Caleb Williams,QB,15.96,6.579999923706055,9.380000076293946,9.380000076293946
2024,10,Mark Andrews,TE,9.42,18.799999237060547,-9.379999237060547,9.379999237060547
2024,17,Jayden Reed,WR,10.97,1.600000023841858,9.369999976158143,9.369999976158143
2023,9,Adam Thielen,WR,17.27,7.900000095367432,9.369999904632568,9.369999904632568
2024,10,Saquon Barkley,RB,18.17,8.800000190734863,9.369999809265138,9.369999809265138
2025,15,Jahmyr Gibbs,RB,19.17,9.800000190734863,9.369999809265138,9.369999809265138
2025,12,Jalen Hurts,QB,21.5,30.860000610351562,-9.360000610351562,9.360000610351562
2023,3,Tee Higgins,WR,13.46,4.099999904632568,9.360000095367432,9.360000095367432
2023,17,Travis Kelce,TE,13.94,4.599999904632568,9.340000095367431,9.340000095367431
2024,12,Rhamondre Stevenson,RB,12.64,3.299999952316284,9.340000047683716,9.340000047683716
2025,12,Derrick Henry,RB,13.46,22.799999237060547,-9.339999237060546,9.339999237060546
2025,16,Jaxon Smith-Njigba,WR,14.27,23.600000381469727,-9.330000381469727,9.330000381469727
2024,6,A.J. Brown,WR,14.27,23.600000381469727,-9.330000381469727,9.330000381469727
2025,10,Jauan Jennings,WR,7.77,17.100000381469727,-9.330000381469727,9.330000381469727
2025,8,Rico Dowdle,RB,14.73,5.400000095367432,9.329999904632569,9.329999904632569
2024,12,Austin Ekeler,RB,13.73,4.400000095367432,9.329999904632569,9.329999904632569
2025,16,Amon-Ra St. Brown,WR,18.72,9.399999618530273,9.320000381469725,9.320000381469725
2023,13,Kenny Pickett,QB,12.42,3.0999999046325684,9.320000095367432,9.320000095367432
2024,7,Kirk Cousins,QB,16.48,7.179999828338623,9.300000171661377,9.300000171661377
2025,14,DJ Moore,WR,9.9,0.6000000238418579,9.299999976158142,9.299999976158142
2023,12,Jaylen Waddle,WR,10.1,19.399999618530273,-9.299999618530274,9.299999618530274
2025,5,DeVonta Smith,WR,10.1,19.399999618530273,-9.299999618530274,9.299999618530274
2024,7,Breece Hall,RB,16.81,26.100000381469727,-9.290000381469728,9.290000381469728
2023,7,Dallas Goedert,TE,9.42,18.700000762939453,-9.280000762939453,9.280000762939453
2024,3,Josh Allen,QB,21.64,30.920000076293945,-9.280000076293945,9.280000076293945
2023,5,Romeo Doubs,WR,10.68,1.399999976158142,9.280000023841858,9.280000023841858
2025,3,Jahmyr Gibbs,RB,17.63,26.899999618530273,-9.269999618530274,9.269999618530274
2025,16,Bijan Robinson,RB,20.53,29.799999237060547,-9.269999237060546,9.269999237060546
2024,10,Tua Tagovailoa,QB,17.44,8.180000305175781,9.25999969482422,9.25999969482422
2025,13,Trey McBride,TE,12.95,22.200000762939453,-9.250000762939454,9.250000762939454
2024,4,Anthony Richardson,QB,14.49,5.239999771118164,9.250000228881836,9.250000228881836
2023,8,Dalton Kincaid,TE,8.25,17.5,-9.25,9.25
2025,14,Tyler Warren,TE,12.95,3.700000047683716,9.249999952316283,9.249999952316283
2025,8,Ladd McConkey,WR,11.55,20.799999237060547,-9.249999237060546,9.249999237060546
2024,14,Josh Jacobs,RB,15.36,24.600000381469727,-9.240000381469727,9.240000381469727
2023,7,Jamaal Williams,RB,10.64,1.399999976158142,9.240000023841858,9.240000023841858
2024,11,Garrett Wilson,WR,15.04,5.800000190734863,9.239999809265136,9.239999809265136
2023,8,Cooper Kupp,WR,15.33,6.099999904632568,9.230000095367432,9.230000095367432
2023,15,Gabe Davis,WR,9.23,0.0,9.23,9.23
2024,13,Jonnu Smith,TE,12.07,21.299999237060547,-9.229999237060547,9.229999237060547
2023,14,Stefon Diggs,WR,15.62,6.400000095367432,9.219999904632568,9.219999904632568
2023,15,Brandon Aiyuk,WR,15.91,6.699999809265137,9.210000190734863,9.210000190734863
2025,12,Rashid Shaheed,WR,9.71,0.5,9.21,9.21
2023,7,Jaxon Smith-Njigba,WR,7.09,16.299999237060547,-9.209999237060547,9.209999237060547
2024,11,Tyreek Hill,WR,9.9,19.100000381469727,-9.200000381469726,9.200000381469726
2023,10,Geno Smith,QB,14.86,24.059999465942383,-9.199999465942383,9.199999465942383
2025,4,Patrick Mahomes,QB,18.1,27.299999237060547,-9.199999237060545,9.199999237060545
2024,13,Isiah Pacheco,RB,15.09,5.900000095367432,9.189999904632568,9.189999904632568
2024,12,Justin Jefferson,WR,13.88,4.699999809265137,9.180000190734864,9.180000190734864
2023,15,Devin Singletary,RB,11.82,21.0,-9.18,9.18
2025,17,Tyjae Spears,RB,10.28,1.100000023841858,9.179999976158141,9.179999976158141
2023,12,Geno Smith,QB,16.48,7.300000190734863,9.179999809265137,9.179999809265137
2024,6,Josh Allen,QB,15.22,24.399999618530273,-9.179999618530273,9.179999618530273
2024,11,Jaxon Smith-Njigba,WR,12.62,21.799999237060547,-9.179999237060548,9.179999237060548
2025,13,Kyle Monangai,RB,9.83,19.0,-9.17,9.17
2025,6,Rome Odunze,WR,14.36,5.199999809265137,9.160000190734863,9.160000190734863
2024,9,Chris Olave,WR,11.46,2.299999952316284,9.160000047683717,9.160000047683717
2023,8,Cole Kmet,TE,8.74,17.899999618530273,-9.159999618530273,9.159999618530273
2024,6,George Kittle,TE,13.64,22.799999237060547,-9.159999237060546,9.159999237060546
2023,3,Isaiah Hodgins,WR,9.15,0.0,9.15,9.15
2024,4,Terry McLaurin,WR,9.06,18.200000762939453,-9.140000762939453,9.140000762939453
2025,8,Drake Maye,QB,17.14,26.280000686645508,-9.140000686645507,9.140000686645507
2025,14,Bijan Robinson,RB,18.54,9.399999618530273,9.140000381469726,9.140000381469726
2025,4,Bucky Irving,RB,16.36,25.5,-9.14,9.14
2023,17,Tee Higgins,WR,12.04,2.9000000953674316,9.139999904632568,9.139999904632568
2024,14,George Kittle,TE,11.97,21.100000381469727,-9.130000381469726,9.130000381469726
2024,8,Spencer Rattler,QB,15.37,6.239999771118164,9.130000228881835,9.130000228881835
2024,6,Marvin Harrison Jr.,WR,9.13,0.0,9.13,9.13
2025,7,Kyren Williams,RB,17.63,8.5,9.129999999999999,9.129999999999999
2023,12,Brock Purdy,QB,19.58,10.460000038146973,9.119999961853026,9.119999961853026
2024,9,Courtland Sutton,WR,14.17,23.280000686645508,-9.110000686645508,9.110000686645508
2024,5,Deshaun Watson,QB,17.51,8.399999618530273,9.110000381469728,9.110000381469728
2025,6,James Cook,RB,17.81,8.699999809265137,9.110000190734862,9.110000190734862
2023,7,Jerome Ford,RB,8.29,17.399999618530273,-9.109999618530274,9.109999618530274
2025,3,T.J. Hockenson,TE,6.79,15.899999618530273,-9.109999618530274,9.109999618530274
2025,8,Kareem Hunt,RB,8.1,17.200000762939453,-9.100000762939453,9.100000762939453
2025,11,Ricky Pearsall,WR,10.1,1.0,9.1,9.1
2023,15,Sam Howell,QB,17.36,8.279999732971191,9.080000267028808,9.080000267028808
2023,10,Jaylen Warren,RB,9.92,19.0,-9.08,9.08
2024,15,Sam LaPorta,TE,9.03,18.100000381469727,-9.070000381469727,9.070000381469727
2024,5,Xavier Legette,WR,10.87,1.7999999523162842,9.070000047683715,9.070000047683715
2024,11,Terry McLaurin,WR,11.07,2.0,9.07,9.07
2024,13,Darnell Mooney,WR,14.07,5.0,9.07,9.07
2025,17,Philip Rivers,QB,16.85,7.78000020980835,9.069999790191652,9.069999790191652
2025,10,Dalton Schultz,TE,9.23,18.299999237060547,-9.069999237060546,9.069999237060546
2023,3,Darnell Mooney,WR,9.06,0.0,9.06,9.06
2023,4,Rondale Moore,WR,9.06,0.0,9.06,9.06
2025,16,Marvin Harrison Jr.,WR,11.46,2.4000000953674316,9.05999990463257,9.05999990463257
2024,5,Kareem Hunt,RB,9.65,18.700000762939453,-9.050000762939453,9.050000762939453
2024,7,Aaron Jones,RB,11.55,20.600000381469727,-9.050000381469726,9.050000381469726
2024,11,Bijan Robinson,RB,19.35,10.300000190734863,9.049999809265138,9.049999809265138
2024,12,Nico Collins,WR,11.16,20.200000762939453,-9.040000762939453,9.040000762939453
2023,8,D'Onta Foreman,RB,13.64,4.599999904632568,9.040000095367432,9.040000095367432
2025,9,Alvin Kamara,RB,9.74,0.699999988079071,9.04000001192093,9.04000001192093
2023,12,Tyler Lockett,WR,15.04,6.0,9.04,9.04
2025,10,Breece Hall,RB,10.46,19.5,-9.04,9.04
2023,8,Tony Pollard,RB,15.54,6.5,9.04,9.04
2024,8,Kenneth Walker III,RB,17.54,8.5,9.04,9.04
2023,14,Garrett Wilson,WR,11.07,20.100000381469727,-9.030000381469726,9.030000381469726
2023,12,DK Metcalf,WR,15.23,6.199999809265137,9.030000190734864,9.030000190734864
2023,7,Cole Kmet,TE,9.03,0.0,9.03,9.03
2024,6,Alec Pierce,WR,9.03,0.0,9.03,9.03
2023,11,Marquise Brown,WR,12.23,3.200000047683716,9.029999952316285,9.029999952316285
2025,8,Justin Herbert,QB,16.26,25.280000686645508,-9.020000686645506,9.020000686645506
2023,9,Chris Godwin Jr.,WR,12.62,3.5999999046325684,9.02000009536743,9.02000009536743
2023,4,T.J. Hockenson,TE,13.42,4.400000095367432,9.019999904632568,9.019999904632568
2023,4,Derrick Henry,RB,15.36,24.3799991607666,-9.019999160766602,9.019999160766602
2023,11,Tommy DeVito,QB,13.53,22.540000915527344,-9.010000915527344,9.010000915527344
2025,12,Kenny Gainwell,RB,9.19,18.200000762939453,-9.010000762939454,9.010000762939454
2023,7,James Cook,RB,10.19,19.200000762939453,-9.010000762939454,9.010000762939454
2024,4,Kyler Murray,QB,18.99,9.979999542236328,9.01000045776367,9.01000045776367
2023,11,DJ Moore,WR,13.59,22.600000381469727,-9.010000381469727,9.010000381469727
2025,12,Rhamondre Stevenson,RB,11.01,2.0,9.01,9.01
2025,6,DK Metcalf,WR,10.49,19.5,-9.01,9.01
2023,3,A.J. Brown,WR,13.12,22.100000381469727,-8.980000381469727,8.980000381469727
2023,12,Saquon Barkley,RB,15.18,6.199999809265137,8.980000190734863,8.980000190734863
2024,17,C.J. Stroud,QB,15.08,6.099999904632568,8.980000095367432,8.980000095367432
2023,15,Travis Kelce,TE,16.78,7.800000190734863,8.979999809265138,8.979999809265138
2023,13,Zach Charbonnet,RB,7.92,16.899999618530273,-8.979999618530274,8.979999618530274
2025,13,D'Andre Swift,RB,11.82,20.799999237060547,-8.979999237060547,8.979999237060547
2025,15,Jared Goff,QB,16.55,25.520000457763672,-8.970000457763671,8.970000457763671
2023,4,Aaron Jones,RB,11.37,2.4000000953674316,8.969999904632568,8.969999904632568
2023,12,Sam LaPorta,TE,8.74,17.700000762939453,-8.960000762939453,8.960000762939453
2025,6,Javonte Williams,RB,17.36,8.399999618530273,8.960000381469726,8.960000381469726
2023,4,K.J. Osborn,WR,11.56,2.5999999046325684,8.960000095367432,8.960000095367432
2024,6,Tucker Kraft,TE,12.46,3.5,8.96,8.96
2024,7,Rhamondre Stevenson,RB,13.46,4.5,8.96,8.96
2023,8,K.J. Osborn,WR,8.94,17.899999618530273,-8.959999618530274,8.959999618530274
2024,17,Jayden Daniels,QB,22.83,31.780000686645508,-8.95000068664551,8.95000068664551
2024,5,Kyler Murray,QB,15.15,24.100000381469727,-8.950000381469726,8.950000381469726
2024,12,Josh Downs,WR,14.65,5.699999809265137,8.950000190734864,8.950000190734864
2023,14,Rachaad White,RB,12.55,21.5,-8.95,8.95
2023,5,Darren Waller,TE,7.66,16.600000381469727,-8.940000381469726,8.940000381469726
2024,13,Baker Mayfield,QB,19.14,10.199999809265137,8.940000190734864,8.940000190734864
2023,6,Gabe Davis,WR,12.04,3.0999999046325684,8.94000009536743,8.94000009536743
2024,17,Hunter Henry,TE,8.93,0.0,8.93,8.93
2024,8,Brock Purdy,QB,17.07,26.0,-8.93,8.93
2023,6,Michael Pittman,WR,10.97,19.899999618530273,-8.929999618530273,8.929999618530273
2025,11,Travis Etienne,RB,10.37,19.299999237060547,-8.929999237060548,8.929999237060548
2023,15,Kenneth Walker III,RB,11.28,20.200000762939453,-8.920000762939454,8.920000762939454
2025,7,Nico Collins,WR,15.62,6.699999809265137,8.920000190734862,8.920000190734862
2023,5,Tyjae Spears,RB,8.01,16.899999618530273,-8.889999618530274,8.889999618530274
2024,16,George Kittle,TE,9.72,18.600000381469727,-8.880000381469726,8.880000381469726
2024,12,Javonte Williams,RB,11.28,2.4000000953674316,8.879999904632568,8.879999904632568
2023,8,Jordan Addison,WR,12.52,21.399999618530273,-8.879999618530274,8.879999618530274
2023,17,Christian McCaffrey,RB,21.98,13.100000381469727,8.879999618530274,8.879999618530274
2024,13,Kareem Hunt,RB,12.37,3.5,8.87,8.87
2025,9,Patrick Mahomes,QB,19.36,10.5,8.86,8.86
2023,15,Zach Charbonnet,RB,10.46,1.600000023841858,8.859999976158143,8.859999976158143
2025,10,Jordan Love,QB,16.7,7.840000152587891,8.859999847412109,8.859999847412109
2023,4,James Conner,RB,15.45,6.599999904632568,8.850000095367431,8.850000095367431
2025,8,Michael Pittman,WR,14.65,23.5,-8.85,8.85
2023,8,DJ Moore,WR,18.34,9.5,8.84,8.84
2025,13,Rashee Rice,WR,20.56,29.399999618530273,-8.839999618530275,8.839999618530275
2024,4,Chuba Hubbard,RB,13.27,22.100000381469727,-8.830000381469727,8.830000381469727
2023,14,Saquon Barkley,RB,14.27,23.100000381469727,-8.830000381469727,8.830000381469727
2025,4,Amon-Ra St. Brown,WR,17.17,26.0,-8.829999999999998,8.829999999999998
2025,7,Matthew Stafford,QB,18.55,27.3799991607666,-8.8299991607666,8.8299991607666
2023,11,Travis Etienne,RB,17.72,8.899999618530273,8.820000381469725,8.820000381469725
2025,12,Alec Pierce,WR,12.42,3.5999999046325684,8.820000095367432,8.820000095367432
2025,16,Kareem Hunt,RB,9.01,0.20000000298023224,8.809999997019768,8.809999997019768
2025,9,Sam Darnold,QB,18.4,27.200000762939453,-8.800000762939455,8.800000762939455
2023,16,George Kittle,TE,10.8,19.600000381469727,-8.800000381469726,8.800000381469726
2024,3,Calvin Ridley,WR,10.7,1.899999976158142,8.800000023841857,8.800000023841857
2025,3,Keenan Allen,WR,10.7,19.5,-8.8,8.8
2023,7,Tyrod Taylor,QB,12.86,21.65999984741211,-8.79999984741211,8.79999984741211
2023,9,Aaron Jones,RB,9.1,17.899999618530273,-8.799999618530274,8.799999618530274
2023,15,Jahmyr Gibbs,RB,16.0,24.799999237060547,-8.799999237060547,8.799999237060547
2023,7,Travis Etienne,RB,13.91,22.700000762939453,-8.790000762939453,8.790000762939453
2024,3,Jalen Hurts,QB,19.73,10.9399995803833,8.7900004196167,8.7900004196167
2025,17,Tetairoa McMillan,WR,10.29,1.5,8.79,8.79
2025,17,Trey McBride,TE,14.82,23.600000381469727,-8.780000381469726,8.780000381469726
2024,10,Jayden Daniels,QB,17.36,8.579999923706055,8.780000076293945,8.780000076293945
2024,6,Dontayvion Wicks,WR,10.68,1.899999976158142,8.780000023841858,8.780000023841858
2023,14,Gus Edwards,RB,10.28,1.5,8.78,8.78
2025,4,Jordan Love,QB,17.51,26.280000686645508,-8.770000686645506,8.770000686645506
2024,7,Tyreek Hill,WR,11.07,2.299999952316284,8.770000047683716,8.770000047683716
2023,15,Amari Cooper,WR,12.13,20.899999618530273,-8.769999618530273,8.769999618530273
2025,4,Marvin Harrison Jr.,WR,9.84,18.600000381469727,-8.760000381469727,8.760000381469727
2024,10,Javonte Williams,RB,11.46,2.700000047683716,8.759999952316285,8.759999952316285
2025,8,Tua Tagovailoa,QB,15.45,24.200000762939453,-8.750000762939454,8.750000762939454
2025,16,Jacoby Brissett,QB,19.36,10.619999885559082,8.740000114440917,8.740000114440917
2023,6,Jahan Dotson,WR,8.74,0.0,8.74,8.74
2025,12,Dak Prescott,QB,18.32,27.059999465942383,-8.739999465942383,8.739999465942383
2025,3,Puka Nacua,WR,14.06,22.799999237060547,-8.739999237060546,8.739999237060546
2024,13,Breece Hall,RB,14.73,6.0,8.73,8.73
2023,8,Travis Etienne,RB,17.17,25.899999618530273,-8.729999618530272,8.729999618530272
2023,8,Tyreek Hill,WR,16.49,25.200000762939453,-8.710000762939455,8.710000762939455
2024,17,George Kittle,TE,10.5,19.200000762939453,-8.700000762939453,8.700000762939453
2024,6,Tank Dell,WR,10.0,18.700000762939453,-8.700000762939453,8.700000762939453
2024,17,Justin Herbert,QB,15.74,24.440000534057617,-8.700000534057617,8.700000534057617
2025,10,Justin Jefferson,WR,16.4,7.699999809265137,8.700000190734862,8.700000190734862
2024,3,Baker Mayfield,QB,17.22,8.520000457763672,8.699999542236327,8.699999542236327
2025,5,David Njoku,TE,10.01,18.700000762939453,-8.690000762939453,8.690000762939453
2024,3,Chris Olave,WR,11.91,20.600000381469727,-8.690000381469726,8.690000381469726
2025,17,DJ Moore,WR,10.39,1.7000000476837158,8.689999952316285,8.689999952316285
2025,10,Dillon Gabriel,QB,11.39,20.079999923706055,-8.689999923706054,8.689999923706054
2023,5,Jordan Addison,WR,9.71,18.399999618530273,-8.689999618530273,8.689999618530273
2023,16,Zach Charbonnet,RB,9.28,0.6000000238418579,8.679999976158141,8.679999976158141
2024,15,Tyreek Hill,WR,14.27,5.599999904632568,8.670000095367431,8.670000095367431
2025,14,Ladd McConkey,WR,10.87,2.200000047683716,8.669999952316283,8.669999952316283
2023,12,Raheem Mostert,RB,12.73,21.399999618530273,-8.669999618530273,8.669999618530273
2024,14,James Conner,RB,13.55,22.200000762939453,-8.650000762939452,8.650000762939452
2025,4,Christian McCaffrey,RB,17.45,26.100000381469727,-8.650000381469727,8.650000381469727
2024,13,Tyreek Hill,WR,11.65,20.299999237060547,-8.649999237060547,8.649999237060547
2024,17,Patrick Mahomes,QB,17.36,26.0,-8.64,8.64
2023,15,Dalton Kincaid,TE,8.64,0.0,8.64,8.64
2024,11,Sam Darnold,QB,15.0,23.639999389648438,-8.639999389648438,8.639999389648438
2025,4,Justin Jefferson,WR,13.98,22.600000381469727,-8.620000381469726,8.620000381469726
2024,3,Jake Ferguson,TE,6.88,15.5,-8.620000000000001,8.620000000000001
2023,17,Amon-Ra St. Brown,WR,13.49,22.100000381469727,-8.610000381469726,8.610000381469726
2024,10,Bucky Irving,RB,9.1,17.700000762939453,-8.600000762939453,8.600000762939453
2024,3,Marvin Harrison Jr.,WR,8.8,17.399999618530273,-8.599999618530273,8.599999618530273
2023,6,Allen Lazard,WR,10.39,1.7999999523162842,8.590000047683716,8.590000047683716
2023,12,Josh Jacobs,RB,13.91,22.5,-8.59,8.59
2024,4,Kyle Pitts,TE,8.59,0.0,8.59,8.59
2023,17,Justin Fields,QB,16.63,25.219999313354492,-8.589999313354493,8.589999313354493
2024,12,Terry McLaurin,WR,12.62,21.200000762939453,-8.580000762939454,8.580000762939454
2024,14,Ray-Ray McCloud,WR,9.52,18.100000381469727,-8.580000381469727,8.580000381469727
2025,7,Rome Odunze,WR,13.68,5.099999904632568,8.580000095367431,8.580000095367431
2023,14,Amon-Ra St. Brown,WR,13.68,5.099999904632568,8.580000095367431,8.580000095367431
2023,7,Justin Herbert,QB,19.43,10.859999656677246,8.570000343322754,8.570000343322754
2025,5,Geno Smith,QB,14.49,5.920000076293945,8.569999923706055,8.569999923706055
2024,7,Zach Charbonnet,RB,10.46,1.899999976158142,8.560000023841859,8.560000023841859
2025,12,Kyren Williams,RB,14.36,5.800000190734863,8.559999809265136,8.559999809265136
2024,10,Rashod Bateman,WR,8.84,17.399999618530273,-8.559999618530274,8.559999618530274
2025,15,Tony Pollard,RB,9.65,18.200000762939453,-8.550000762939453,8.550000762939453
2025,14,Jerry Jeudy,WR,8.06,16.600000381469727,-8.540000381469726,8.540000381469726
2023,7,Raheem Mostert,RB,14.64,6.099999904632568,8.540000095367432,8.540000095367432
2025,17,Omarion Hampton,RB,11.46,20.0,-8.54,8.54
2025,9,Tua Tagovailoa,QB,17.07,8.539999961853027,8.530000038146973,8.530000038146973
2023,15,DeAndre Hopkins,WR,12.62,4.099999904632568,8.52000009536743,8.52000009536743
2023,12,Tyreek Hill,WR,16.88,25.399999618530273,-8.519999618530274,8.519999618530274
2025,7,Jaylen Warren,RB,11.28,19.799999237060547,-8.519999237060548,8.519999237060548
2025,6,Emeka Egbuka,WR,12.91,4.400000095367432,8.509999904632569,8.509999904632569
2023,12,Matthew Stafford,QB,14.86,23.360000610351562,-8.500000610351563,8.500000610351563
2024,4,CeeDee Lamb,WR,15.1,23.600000381469727,-8.500000381469727,8.500000381469727
2025,6,Jameson Williams,WR,10.1,18.600000381469727,-8.500000381469727,8.500000381469727
2024,16,Drew Lock,QB,15.0,6.5,8.5,8.5
2025,5,Calvin Ridley,WR,9.61,18.100000381469727,-8.490000381469727,8.490000381469727
2025,10,Justin Fields,QB,15.45,6.960000038146973,8.489999961853027,8.489999961853027
2024,17,Jahmyr Gibbs,RB,17.81,26.299999237060547,-8.489999237060548,8.489999237060548
2025,17,Sam Darnold,QB,14.56,6.079999923706055,8.480000076293946,8.480000076293946
2024,6,Mike Evans,WR,13.88,5.400000095367432,8.47999990463257,8.47999990463257
2023,9,DJ Moore,WR,13.88,5.400000095367432,8.47999990463257,8.47999990463257
2025,10,Jaxson Dart,QB,17.81,26.280000686645508,-8.470000686645509,8.470000686645509
2025,13,Sean Tucker,RB,8.47,0.0,8.47,8.47
2023,3,George Kittle,TE,7.53,16.0,-8.469999999999999,8.469999999999999
2025,9,Jaxson Dart,QB,18.77,27.239999771118164,-8.469999771118164,8.469999771118164
2025,6,J.K. Dobbins,RB,12.46,4.0,8.46,8.46
2023,7,Rashee Rice,WR,8.55,17.0,-8.45,8.45
2024,9,Dontayvion Wicks,WR,8.45,0.0,8.45,8.45
2024,10,Rachaad White,RB,10.55,19.0,-8.45,8.45
2025,6,Zach Ertz,TE,7.85,16.299999237060547,-8.449999237060547,8.449999237060547
2025,14,Aaron Rodgers,QB,13.01,21.459999084472656,-8.449999084472656,8.449999084472656
2025,3,Ja'Marr Chase,WR,17.34,8.899999618530273,8.440000381469726,8.440000381469726
2024,7,DeMario Douglas,WR,11.84,3.4000000953674316,8.439999904632568,8.439999904632568
2023,3,Desmond Ridder,QB,14.78,6.340000152587891,8.439999847412109,8.439999847412109
2023,5,Derrick Henry,RB,17.63,9.199999809265137,8.430000190734862,8.430000190734862
2024,9,Devin Singletary,RB,11.73,3.299999952316284,8.430000047683716,8.430000047683716
2024,6,Justice Hill,RB,9.83,1.399999976158142,8.430000023841858,8.430000023841858
2024,5,Dontayvion Wicks,WR,12.42,4.0,8.42,8.42
2025,7,Ashton Jeanty,RB,12.82,4.400000095367432,8.419999904632569,8.419999904632569
2025,16,Travis Kelce,TE,10.01,1.600000023841858,8.409999976158142,8.409999976158142
2025,15,Brock Purdy,QB,17.81,26.200000762939453,-8.390000762939454,8.390000762939454
2025,14,Kenneth Walker III,RB,12.19,3.799999952316284,8.390000047683715,8.390000047683715
2023,11,George Kittle,TE,14.52,22.899999618530273,-8.379999618530274,8.379999618530274
2025,13,Alec Pierce,WR,9.42,17.799999237060547,-8.379999237060547,8.379999237060547
2024,11,Jonathan Taylor,RB,15.36,7.0,8.36,8.36
2025,3,Dylan Sampson,RB,8.56,0.20000000298023224,8.359999997019768,8.359999997019768
2024,12,Jalen Hurts,QB,23.42,15.0600004196167,8.359999580383302,8.359999580383302
2024,9,Mark Andrews,TE,12.95,4.599999904632568,8.350000095367431,8.350000095367431
2024,16,Tim Patrick,WR,8.35,0.0,8.35,8.35
2024,6,Tre Tucker,WR,8.35,0.0,8.35,8.35
2025,8,Tetairoa McMillan,WR,8.55,16.899999618530273,-8.349999618530273,8.349999618530273
2025,17,Michael Pittman,WR,11.94,3.5999999046325684,8.340000095367431,8.340000095367431
2025,16,David Montgomery,RB,9.74,1.399999976158142,8.340000023841858,8.340000023841858
2025,13,Emanuel Wilson,RB,9.74,1.399999976158142,8.340000023841858,8.340000023841858
2025,3,Tyler Allgeier,RB,9.74,1.399999976158142,8.340000023841858,8.340000023841858
2024,13,Brian Robinson,RB,9.56,17.899999618530273,-8.339999618530273,8.339999618530273
2025,5,Matthew Stafford,QB,17.22,25.559999465942383,-8.339999465942384,8.339999465942384
2024,14,Tua Tagovailoa,QB,15.22,23.540000915527344,-8.320000915527343,8.320000915527343
2025,15,Justin Jefferson,WR,12.52,4.199999809265137,8.320000190734863,8.320000190734863
2024,8,Chris Olave,WR,10.39,18.700000762939453,-8.310000762939453,8.310000762939453
2025,17,Ja'Marr Chase,WR,16.69,25.0,-8.309999999999999,8.309999999999999
2024,11,Raheem Mostert,RB,8.1,-0.20000000298023224,8.300000002980232,8.300000002980232
2024,5,Chase Brown,RB,8.1,16.399999618530273,-8.299999618530274,8.299999618530274
2024,7,Jaxon Smith-Njigba,WR,13.59,5.300000190734863,8.289999809265137,8.289999809265137
2023,16,Jordan Love,QB,15.67,23.959999084472656,-8.289999084472656,8.289999084472656
2025,14,Kenny Gainwell,RB,7.92,16.200000762939453,-8.280000762939453,8.280000762939453
2025,16,RJ Harvey,RB,13.82,22.100000381469727,-8.280000381469726,8.280000381469726
2024,14,Will Levis,QB,15.3,7.019999980926514,8.280000019073487,8.280000019073487
2025,7,Jaylen Waddle,WR,10.78,2.5,8.28,8.28
2024,7,Raheem Mostert,RB,11.28,3.0,8.28,8.28
2025,6,Deebo Samuel Sr.,WR,13.68,5.400000095367432,8.279999904632568,8.279999904632568
2024,5,Jordan Mason,RB,17.08,8.800000190734863,8.279999809265135,8.279999809265135
2025,7,Michael Pittman,WR,12.52,20.799999237060547,-8.279999237060547,8.279999237060547
2024,9,Jonathan Taylor,RB,17.17,8.899999618530273,8.270000381469728,8.270000381469728
2023,13,Devin Singletary,RB,13.27,5.0,8.27,8.27
2024,4,Mark Andrews,TE,8.27,0.0,8.27,8.27
2025,15,Ja'Marr Chase,WR,14.94,23.200000762939453,-8.260000762939454,8.260000762939454
2023,6,Kirk Cousins,QB,17.0,8.739999771118164,8.260000228881836,8.260000228881836
2024,14,Nick Westbrook-Ikhine,WR,11.16,2.9000000953674316,8.259999904632569,8.259999904632569
2024,12,Christian Watson,WR,8.65,0.4000000059604645,8.249999994039536,8.249999994039536
2023,12,Puka Nacua,WR,14.94,6.699999809265137,8.240000190734863,8.240000190734863
2023,12,Emari Demercado,RB,9.74,1.5,8.24,8.24
2023,9,Cooper Kupp,WR,15.04,6.800000190734863,8.239999809265136,8.239999809265136
2025,9,Javonte Williams,RB,15.54,7.300000190734863,8.239999809265136,8.239999809265136
2025,4,Khalil Shakir,WR,9.66,17.899999618530273,-8.239999618530273,8.239999618530273
2023,15,Trey McBride,TE,11.97,20.200000762939453,-8.230000762939452,8.230000762939452
2023,16,DeAndre Hopkins,WR,12.23,4.0,8.23,8.23
2024,9,Zach Ertz,TE,9.72,1.5,8.22,8.22
2023,6,George Kittle,TE,9.32,1.100000023841858,8.219999976158142,8.219999976158142
2024,11,Joe Burrow,QB,20.83,29.040000915527344,-8.210000915527345,8.210000915527345
2025,15,Jauan Jennings,WR,10.49,18.700000762939453,-8.210000762939453,8.210000762939453
2023,10,Elijah Moore,WR,7.19,15.399999618530273,-8.209999618530272,8.209999618530272
2024,7,Josh Jacobs,RB,12.0,20.200000762939453,-8.200000762939453,8.200000762939453
2024,10,Baker Mayfield,QB,17.14,8.9399995803833,8.2000004196167,8.2000004196167
2025,6,Saquon Barkley,RB,16.9,8.699999809265137,8.200000190734862,8.200000190734862
2025,8,Carson Wentz,QB,15.96,7.760000228881836,8.199999771118165,8.199999771118165
2023,11,James Cook,RB,11.01,19.200000762939453,-8.190000762939453,8.190000762939453
2024,3,Tony Pollard,RB,14.09,5.900000095367432,8.189999904632568,8.189999904632568
2023,11,Joe Mixon,RB,12.82,21.0,-8.18,8.18
2025,5,Juwan Johnson,TE,11.88,3.700000047683716,8.179999952316285,8.179999952316285
2025,6,Drake Maye,QB,19.06,27.239999771118164,-8.179999771118165,8.179999771118165
2024,9,Jalen Hurts,QB,21.72,29.899999618530273,-8.179999618530275,8.179999618530275
2024,8,Jakobi Meyers,WR,9.03,17.200000762939453,-8.170000762939454,8.170000762939454
2025,7,Saquon Barkley,RB,13.37,5.199999809265137,8.170000190734862,8.170000190734862
2023,4,George Kittle,TE,10.07,1.899999976158142,8.170000023841858,8.170000023841858
2023,5,Jakobi Meyers,WR,12.33,20.5,-8.17,8.17
2025,4,A.J. Brown,WR,10.87,2.700000047683716,8.169999952316283,8.169999952316283
2024,6,D'Andre Swift,RB,13.73,21.899999618530273,-8.169999618530273,8.169999618530273
2023,3,Lamar Jackson,QB,20.02,28.18000030517578,-8.160000305175782,8.160000305175782
2024,11,Diontae Johnson,WR,8.16,0.0,8.16,8.16
2025,7,Demarcus Robinson,WR,8.16,0.0,8.16,8.16
2025,14,James Cook,RB,19.26,11.100000381469727,8.159999618530275,8.159999618530275
2023,11,Stefon Diggs,WR,14.85,6.699999809265137,8.150000190734863,8.150000190734863
2025,9,Matthew Stafford,QB,18.69,26.84000015258789,-8.15000015258789,8.15000015258789
2025,7,Dallas Goedert,TE,12.95,4.800000190734863,8.149999809265136,8.149999809265136
2024,5,Aaron Jones,RB,14.45,6.300000190734863,8.149999809265136,8.149999809265136
2024,17,Puka Nacua,WR,14.75,22.899999618530273,-8.149999618530273,8.149999618530273
2025,16,Hunter Henry,TE,7.36,15.5,-8.14,8.14
2025,16,Jared Goff,QB,18.32,26.459999084472656,-8.139999084472656,8.139999084472656
2024,6,James Conner,RB,14.73,6.599999904632568,8.130000095367432,8.130000095367432
2025,17,Parker Washington,WR,10.87,19.0,-8.13,8.13
2024,10,Courtland Sutton,WR,10.87,19.0,-8.13,8.13
2023,10,Jonnu Smith,TE,9.23,1.100000023841858,8.129999976158143,8.129999976158143
2023,11,Aaron Jones,RB,10.83,2.700000047683716,8.129999952316284,8.129999952316284
2025,4,Garrett Wilson,WR,12.08,20.200000762939453,-8.120000762939453,8.120000762939453
2024,3,Brock Purdy,QB,17.66,25.780000686645508,-8.120000686645508,8.120000686645508
2024,11,Kyren Williams,RB,16.72,8.600000381469727,8.119999618530272,8.119999618530272
2025,7,Jordan Addison,WR,13.68,21.799999237060547,-8.119999237060547,8.119999237060547
2025,10,Olamide Zaccheaus,WR,9.61,1.5,8.11,8.11
2024,4,Devin Singletary,RB,12.91,4.800000190734863,8.109999809265137,8.109999809265137
2025,6,Christian McCaffrey,RB,16.0,24.100000381469727,-8.100000381469727,8.100000381469727
2025,15,Kareem Hunt,RB,11.1,3.0,8.1,8.1
2024,13,Mark Andrews,TE,10.8,18.899999618530273,-8.099999618530273,8.099999618530273
2024,12,Jahmyr Gibbs,RB,16.81,24.899999618530273,-8.089999618530275,8.089999618530275
2025,12,Tyrone Tracy Jr.,RB,7.92,16.0,-8.08,8.08
2024,3,Ezekiel Elliott,RB,10.28,2.200000047683716,8.079999952316284,8.079999952316284
2023,10,Josh Allen,QB,22.46,14.380000114440918,8.079999885559083,8.079999885559083
2023,15,Jayden Reed,WR,9.13,17.200000762939453,-8.070000762939452,8.070000762939452
2023,17,Jahmyr Gibbs,RB,13.37,5.300000190734863,8.069999809265136,8.069999809265136
2023,11,DK Metcalf,WR,12.33,20.399999618530273,-8.069999618530273,8.069999618530273
2023,6,Kyren Williams,RB,13.73,21.799999237060547,-8.069999237060546,8.069999237060546
2024,13,Tank Dell,WR,11.36,3.299999952316284,8.060000047683715,8.060000047683715
2024,12,Cooper Kupp,WR,11.94,20.0,-8.06,8.06
2025,11,Dak Prescott,QB,16.26,24.31999969482422,-8.059999694824217,8.059999694824217
2023,13,Christian Kirk,WR,11.65,3.5999999046325684,8.050000095367432,8.050000095367432
2025,10,Aaron Rodgers,QB,14.49,6.440000057220459,8.049999942779541,8.049999942779541
2024,4,Derek Carr,QB,16.11,8.0600004196167,8.0499995803833,8.0499995803833
2023,6,Brock Purdy,QB,15.74,7.699999809265137,8.040000190734863,8.040000190734863
2025,12,Stefon Diggs,WR,12.04,4.0,8.04,8.04
2024,11,Derrick Henry,RB,18.54,10.5,8.04,8.04
2025,9,Chuba Hubbard,RB,9.74,1.7000000476837158,8.039999952316284,8.039999952316284
2024,8,Joe Mixon,RB,15.36,23.399999618530273,-8.039999618530274,8.039999618530274
2023,3,Alexander Mattison,RB,9.47,17.5,-8.03,8.03
2025,16,Trey McBride,TE,14.72,6.699999809265137,8.020000190734864,8.020000190734864
2024,8,Amari Cooper,WR,9.32,1.2999999523162842,8.020000047683716,8.020000047683716
2024,3,Mark Andrews,TE,8.02,0.0,8.02,8.02
2023,9,Will Levis,QB,16.7,8.680000305175781,8.019999694824218,8.019999694824218
2025,9,Kimani Vidal,RB,11.01,3.0,8.01,8.01
2024,4,Rome Odunze,WR,10.01,2.0,8.01,8.01
2024,9,Jakobi Meyers,WR,10.49,18.5,-8.01,8.01
2024,11,Tony Pollard,RB,12.91,4.900000095367432,8.009999904632569,8.009999904632569
2024,11,Ladd McConkey,WR,10.29,18.299999237060547,-8.009999237060548,8.009999237060548
2025,13,Christian Watson,WR,10.29,18.299999237060547,-8.009999237060548,8.009999237060548
2024,3,Drake London,WR,10.7,18.700000762939453,-8.000000762939454,8.000000762939454
2024,8,Tyler Lockett,WR,9.9,1.899999976158142,8.000000023841858,8.000000023841858
2024,7,Austin Ekeler,RB,12.0,4.0,8.0,8.0
2024,5,Zach Charbonnet,RB,14.0,6.0,8.0,8.0
2024,6,Jameson Williams,WR,9.71,17.700000762939453,-7.990000762939452,7.990000762939452
2023,6,Rhamondre Stevenson,RB,10.01,18.0,-7.99,7.99
2023,12,Tua Tagovailoa,QB,15.81,7.820000171661377,7.9899998283386235,7.9899998283386235
2024,14,Kyren Williams,RB,15.72,23.700000762939453,-7.9800007629394525,7.9800007629394525
2025,11,Jaxon Smith-Njigba,WR,12.62,20.600000381469727,-7.980000381469727,7.980000381469727
2023,6,DeAndre Hopkins,WR,10.97,3.0,7.970000000000001,7.970000000000001
2024,14,Demarcus Robinson,WR,7.97,0.0,7.97,7.97
2023,6,Trenton Irwin,WR,7.97,0.0,7.97,7.97
2025,14,Romeo Doubs,WR,7.97,0.0,7.97,7.97
2025,5,Baker Mayfield,QB,18.69,26.65999984741211,-7.969999847412108,7.969999847412108
2023,16,Tony Pollard,RB,13.27,5.300000190734863,7.969999809265136,7.969999809265136
2025,3,De'Von Achane,RB,24.07,16.100000381469727,7.969999618530274,7.969999618530274
2025,16,Rhamondre Stevenson,RB,9.83,17.799999237060547,-7.969999237060547,7.969999237060547
2024,3,Devin Singletary,RB,10.83,18.799999237060547,-7.969999237060547,7.969999237060547
2024,15,Tyrone Tracy Jr.,RB,12.46,4.5,7.960000000000001,7.960000000000001
2025,16,James Cook,RB,18.44,26.399999618530273,-7.959999618530272,7.959999618530272
2024,15,Tee Higgins,WR,11.84,19.799999237060547,-7.959999237060547,7.959999237060547
2025,9,Jameson Williams,WR,8.65,16.600000381469727,-7.950000381469726,7.950000381469726
2025,3,Saquon Barkley,RB,17.45,9.5,7.949999999999999,7.949999999999999
2024,10,James Conner,RB,14.36,22.299999237060547,-7.939999237060547,7.939999237060547
2023,8,T.J. Hockenson,TE,12.86,20.799999237060547,-7.939999237060547,7.939999237060547
2024,7,Amon-Ra St. Brown,WR,17.27,25.200000762939453,-7.9300007629394536,7.9300007629394536
2024,13,Christian McCaffrey,RB,16.63,8.699999809265137,7.930000190734862,7.930000190734862
2025,7,Sam Darnold,QB,16.55,8.619999885559082,7.930000114440919,7.930000114440919
2023,12,Dalton Schultz,TE,9.13,1.2000000476837158,7.929999952316285,7.929999952316285
2023,7,Mac Jones,QB,12.05,19.979999542236328,-7.929999542236327,7.929999542236327
2023,11,Brian Robinson,RB,12.28,20.200000762939453,-7.920000762939454,7.920000762939454
2024,3,Joe Burrow,QB,17.44,25.360000610351562,-7.920000610351561,7.920000610351561
2025,3,Jaxon Smith-Njigba,WR,12.68,20.600000381469727,-7.920000381469727,7.920000381469727
2025,10,Baker Mayfield,QB,15.0,22.920000076293945,-7.920000076293945,7.920000076293945
2025,13,Khalil Shakir,WR,9.42,1.5,7.92,7.92
2023,13,Keenan Allen,WR,18.72,10.800000190734863,7.919999809265136,7.919999809265136
2024,15,Jerry Jeudy,WR,13.88,21.799999237060547,-7.919999237060546,7.919999237060546
2025,3,Chase Brown,RB,13.91,6.0,7.91,7.91
2024,4,Alvin Kamara,RB,16.99,24.899999618530273,-7.909999618530275,7.909999618530275
2024,14,Garrett Wilson,WR,10.49,18.399999618530273,-7.909999618530273,7.909999618530273
2025,16,Jauan Jennings,WR,10.2,18.100000381469727,-7.900000381469727,7.900000381469727
2024,4,Justin Jefferson,WR,12.6,20.5,-7.9,7.9
2023,15,Jahan Dotson,WR,10.1,2.200000047683716,7.899999952316284,7.899999952316284
2023,6,Cole Kmet,TE,10.8,2.9000000953674316,7.899999904632569,7.899999904632569
2025,9,Josh Downs,WR,9.81,17.700000762939453,-7.890000762939453,7.890000762939453
2024,8,Amon-Ra St. Brown,WR,16.59,8.699999809265137,7.890000190734863,7.890000190734863
2025,15,Alec Pierce,WR,10.49,2.5999999046325684,7.890000095367432,7.890000095367432
2024,17,Cooper Rush,QB,13.97,6.079999923706055,7.890000076293946,7.890000076293946
2024,16,Kareem Hunt,RB,8.01,15.899999618530273,-7.889999618530274,7.889999618530274
2025,13,Patrick Mahomes,QB,21.57,29.440000534057617,-7.870000534057617,7.870000534057617
2024,11,Austin Ekeler,RB,9.74,17.600000381469727,-7.860000381469726,7.860000381469726
2024,15,David Montgomery,RB,15.36,7.5,7.859999999999999,7.859999999999999
2023,12,Keenan Allen,WR,14.75,22.600000381469727,-7.850000381469727,7.850000381469727
2025,11,Matthew Stafford,QB,21.05,13.199999809265137,7.850000190734864,7.850000190734864
2023,12,Gus Edwards,RB,12.55,4.699999809265137,7.850000190734864,7.850000190734864
2024,11,Mike Gesicki,TE,7.85,0.0,7.85,7.85
2023,14,Khalil Herbert,RB,8.65,0.800000011920929,7.849999988079071,7.849999988079071
2024,10,Sam LaPorta,TE,7.76,15.600000381469727,-7.840000381469727,7.840000381469727
2023,5,Daniel Jones,QB,15.0,7.159999847412109,7.840000152587891,7.840000152587891
2023,13,Trevor Lawrence,QB,17.29,25.1200008392334,-7.830000839233399,7.830000839233399
2025,5,De'Von Achane,RB,24.43,16.600000381469727,7.829999618530273,7.829999618530273
2023,11,Justin Herbert,QB,17.88,25.700000762939453,-7.820000762939454,7.820000762939454
2024,17,Josh Jacobs,RB,18.72,10.899999618530273,7.820000381469725,7.820000381469725
2024,4,Elijah Moore,WR,9.92,2.0999999046325684,7.820000095367432,7.820000095367432
2024,16,Brian Robinson,RB,9.92,2.0999999046325684,7.820000095367432,7.820000095367432
2024,6,David Montgomery,RB,13.18,21.0,-7.82,7.82
2025,4,Malik Nabers,WR,11.82,4.0,7.82,7.82
2025,3,Michael Pittman,WR,11.48,19.299999237060547,-7.8199992370605464,7.8199992370605464
2024,6,Justin Fields,QB,15.89,23.700000762939453,-7.810000762939453,7.810000762939453
2025,10,Drake London,WR,16.59,24.399999618530273,-7.809999618530274,7.809999618530274
2023,3,Courtland Sutton,WR,11.3,19.100000381469727,-7.800000381469726,7.800000381469726
2025,4,Cedric Tillman,WR,9.4,1.600000023841858,7.7999999761581424,7.7999999761581424
2024,9,Michael Pittman,WR,10.2,2.4000000953674316,7.799999904632568,7.799999904632568
2024,4,Travis Kelce,TE,8.1,15.899999618530273,-7.799999618530274,7.799999618530274
2024,17,Sam LaPorta,TE,10.6,18.399999618530273,-7.799999618530274,7.799999618530274
2024,8,Justin Herbert,QB,16.26,24.059999465942383,-7.799999465942381,7.799999465942381
2024,8,Bijan Robinson,RB,15.81,23.600000381469727,-7.790000381469726,7.790000381469726
2025,9,DK Metcalf,WR,10.39,2.5999999046325684,7.790000095367432,7.790000095367432
2023,5,Rhamondre Stevenson,RB,10.19,2.4000000953674316,7.789999904632568,7.789999904632568
2024,10,Jared Goff,QB,15.59,7.800000190734863,7.789999809265137,7.789999809265137
2023,12,Trevor Lawrence,QB,16.77,24.559999465942383,-7.789999465942383,7.789999465942383
2023,5,Joe Burrow,QB,15.59,23.3799991607666,-7.789999160766602,7.789999160766602
2024,7,Davante Adams,WR,13.78,6.0,7.779999999999999,7.779999999999999
2025,10,Jalen Hurts,QB,19.8,12.020000457763672,7.779999542236329,7.779999542236329
2023,9,Puka Nacua,WR,13.97,6.199999809265137,7.770000190734864,7.770000190734864
2025,9,Jordan Mason,RB,12.46,4.699999809265137,7.760000190734864,7.760000190734864
2024,14,Cole Kmet,TE,7.76,0.0,7.76,7.76
2024,13,Kyle Pitts,TE,7.76,0.0,7.76,7.76
2024,10,DeVonta Smith,WR,11.16,3.4000000953674316,7.7599999046325685,7.7599999046325685
2024,5,Kyle Pitts,TE,8.05,15.800000190734863,-7.750000190734863,7.750000190734863
2023,4,Michael Pittman,WR,12.25,4.5,7.75,7.75
2025,4,Jauan Jennings,WR,14.15,6.400000095367432,7.749999904632569,7.749999904632569
2023,16,Joe Flacco,QB,17.07,24.81999969482422,-7.7499996948242185,7.7499996948242185
2023,11,Romeo Doubs,WR,8.55,16.299999237060547,-7.749999237060546,7.749999237060546
2024,11,Justin Herbert,QB,16.63,24.3799991607666,-7.749999160766603,7.749999160766603
2024,9,Chuba Hubbard,RB,13.46,21.200000762939453,-7.740000762939452,7.740000762939452
2023,7,Amari Cooper,WR,11.94,4.199999809265137,7.740000190734863,7.740000190734863
2023,3,Justin Fields,QB,18.4,10.65999984741211,7.740000152587889,7.740000152587889
2023,7,Christian Kirk,WR,11.26,19.0,-7.74,7.74
2024,17,Javonte Williams,RB,9.74,2.0,7.74,7.74
2024,17,Joe Mixon,RB,13.64,5.900000095367432,7.739999904632569,7.739999904632569
2025,6,Garrett Wilson,WR,12.04,4.300000190734863,7.739999809265136,7.739999809265136
2025,4,Stefon Diggs,WR,8.37,16.100000381469727,-7.730000381469727,7.730000381469727
2023,6,Jerry Jeudy,WR,12.13,4.400000095367432,7.729999904632569,7.729999904632569
2024,11,Kyle Pitts,TE,9.62,1.899999976158142,7.720000023841857,7.720000023841857
2023,15,Zay Flowers,WR,9.42,1.7000000476837158,7.719999952316284,7.719999952316284
2023,7,Marquise Brown,WR,15.62,7.900000095367432,7.719999904632568,7.719999904632568
2024,7,Brock Bowers,TE,11.58,19.299999237060547,-7.719999237060547,7.719999237060547
2025,6,Jaxson Dart,QB,15.89,23.600000381469727,-7.710000381469726,7.710000381469726
2023,7,Zack Moss,RB,14.91,7.199999809265137,7.710000190734863,7.710000190734863
2025,7,Jacory Croskey-Merritt,RB,11.91,4.199999809265137,7.710000190734863,7.710000190734863
2024,17,Rashod Bateman,WR,9.9,2.200000047683716,7.6999999523162845,7.6999999523162845
2024,15,Alexander Mattison,RB,10.1,2.4000000953674316,7.699999904632568,7.699999904632568
2024,8,DJ Moore,WR,13.1,5.400000095367432,7.699999904632568,7.699999904632568
2024,4,Tony Pollard,RB,11.1,18.799999237060547,-7.699999237060547,7.699999237060547
2023,11,Devin Singletary,RB,12.1,19.799999237060547,-7.699999237060547,7.699999237060547
2023,17,Jaylen Warren,RB,12.1,19.799999237060547,-7.699999237060547,7.699999237060547
2024,13,Bijan Robinson,RB,17.81,25.5,-7.690000000000001,7.690000000000001
2025,9,Alec Pierce,WR,9.81,17.5,-7.6899999999999995,7.6899999999999995
2025,17,Ashton Jeanty,RB,16.99,9.300000190734863,7.689999809265135,7.689999809265135
2025,9,Josh Allen,QB,21.13,28.81999969482422,-7.68999969482422,7.68999969482422
2023,17,George Pickens,WR,12.42,20.100000381469727,-7.680000381469727,7.680000381469727
2024,14,Tyler Lockett,WR,7.68,0.0,7.68,7.68
2024,16,Jahmyr Gibbs,RB,17.72,25.399999618530273,-7.679999618530275,7.679999618530275
2024,16,Jalen McMillan,WR,9.03,16.700000762939453,-7.670000762939454,7.670000762939454
2025,3,Hunter Renfrow,WR,10.27,2.5999999046325684,7.670000095367431,7.670000095367431
2024,9,Kyren Williams,RB,18.17,10.5,7.670000000000002,7.670000000000002
2025,7,Sam LaPorta,TE,12.17,4.5,7.67,7.67
2025,5,Dalton Kincaid,TE,9.13,16.799999237060547,-7.669999237060546,7.669999237060546
2025,10,Caleb Williams,QB,17.44,25.100000381469727,-7.660000381469725,7.660000381469725
2024,5,Breece Hall,RB,14.36,6.699999809265137,7.660000190734863,7.660000190734863
2024,13,Will Dissly,TE,7.66,0.0,7.66,7.66
2024,6,Josh Downs,WR,11.84,19.5,-7.66,7.66
2023,8,Stefon Diggs,WR,23.66,16.0,7.66,7.66
2023,4,Tee Higgins,WR,11.56,3.9000000953674316,7.659999904632569,7.659999904632569
2024,4,James Cook,RB,13.46,5.800000190734863,7.659999809265138,7.659999809265138
2025,15,Woody Marks,RB,12.46,4.800000190734863,7.659999809265138,7.659999809265138
2024,3,Jakobi Meyers,WR,13.55,21.200000762939453,-7.650000762939452,7.650000762939452
2025,14,Dallas Goedert,TE,8.15,15.800000190734863,-7.650000190734863,7.650000190734863
2023,3,Joe Burrow,QB,15.81,8.15999984741211,7.650000152587891,7.650000152587891
2024,5,Wan'Dale Robinson,WR,8.35,16.0,-7.65,7.65
2025,7,Alvin Kamara,RB,13.55,5.900000095367432,7.649999904632569,7.649999904632569
2024,12,George Kittle,TE,12.56,20.200000762939453,-7.640000762939453,7.640000762939453
2023,6,Deebo Samuel Sr.,WR,8.74,1.100000023841858,7.639999976158142,7.639999976158142
2023,11,Puka Nacua,WR,11.07,18.700000762939453,-7.630000762939453,7.630000762939453
2023,9,Breece Hall,RB,17.63,10.0,7.629999999999999,7.629999999999999
2025,8,Justice Hill,RB,7.83,0.20000000298023224,7.629999997019768,7.629999997019768
2023,10,Juwan Johnson,TE,8.83,1.2000000476837158,7.629999952316284,7.629999952316284
2023,13,Logan Thomas,TE,9.62,2.0,7.619999999999999,7.619999999999999
2025,7,Jared Goff,QB,17.95,10.34000015258789,7.609999847412109,7.609999847412109
2024,11,Aaron Jones,RB,12.91,5.300000190734863,7.609999809265137,7.609999809265137
2023,3,DeVonta Smith,WR,14.41,6.800000190734863,7.609999809265137,7.609999809265137
2025,7,TreVeyon Henderson,RB,8.1,0.5,7.6,7.6
2023,4,Roschon Johnson,RB,10.1,2.5,7.6,7.6
2024,3,Mike Evans,WR,11.3,3.700000047683716,7.599999952316285,7.599999952316285
2024,16,Patrick Mahomes,QB,16.11,23.700000762939453,-7.590000762939454,7.590000762939454
2025,4,Deebo Samuel Sr.,WR,12.51,20.100000381469727,-7.590000381469727,7.590000381469727
2023,11,Joe Burrow,QB,16.33,8.739999771118164,7.590000228881834,7.590000228881834
2023,4,Jerick McKinnon,RB,8.29,0.699999988079071,7.590000011920928,7.590000011920928
2023,17,DeVonta Smith,WR,13.59,6.0,7.59,7.59
2023,6,Samaje Perine,RB,9.19,1.600000023841858,7.589999976158142,7.589999976158142
2025,11,David Montgomery,RB,12.28,4.699999809265137,7.580000190734863,7.580000190734863
2025,12,Khalil Shakir,WR,9.42,17.0,-7.58,7.58
2024,4,Zay Flowers,WR,9.58,2.0,7.58,7.58
2023,10,Breece Hall,RB,18.08,10.5,7.579999999999998,7.579999999999998
2024,10,Brian Thomas Jr.,WR,10.78,3.200000047683716,7.5799999523162835,7.5799999523162835
2025,9,Mark Andrews,TE,9.03,16.600000381469727,-7.570000381469727,7.570000381469727
2025,3,James Conner,RB,14.27,6.699999809265137,7.570000190734863,7.570000190734863
2025,17,Blake Corum,RB,9.37,1.7999999523162842,7.570000047683715,7.570000047683715
2024,7,Baker Mayfield,QB,19.43,27.0,-7.57,7.57
2024,17,Jared Goff,QB,18.25,25.81999969482422,-7.569999694824219,7.569999694824219
2023,8,Logan Thomas,TE,8.83,16.399999618530273,-7.569999618530273,7.569999618530273
2023,12,Amari Cooper,WR,11.16,3.5999999046325684,7.560000095367432,7.560000095367432
2025,8,Christian McCaffrey,RB,17.36,9.800000190734863,7.559999809265136,7.559999809265136
2024,4,Chris Olave,WR,9.15,16.700000762939453,-7.550000762939453,7.550000762939453
2025,7,Nick Chubb,RB,9.65,2.0999999046325684,7.550000095367432,7.550000095367432
2024,17,Lamar Jackson,QB,21.87,29.420000076293945,-7.550000076293944,7.550000076293944
2025,11,Mark Andrews,TE,8.15,15.699999809265137,-7.549999809265136,7.549999809265136
2025,4,Rhamondre Stevenson,RB,12.64,5.099999904632568,7.540000095367432,7.540000095367432
2024,11,Darnell Mooney,WR,12.23,4.699999809265137,7.530000190734864,7.530000190734864
2024,3,Jerry Jeudy,WR,16.22,8.699999809265137,7.520000190734862,7.520000190734862
2023,15,George Kittle,TE,14.92,7.400000095367432,7.519999904632568,7.519999904632568
2023,13,Brian Robinson,RB,12.82,5.300000190734863,7.519999809265137,7.519999809265137
2023,9,Juwan Johnson,TE,6.38,13.899999618530273,-7.5199996185302735,7.5199996185302735
2024,11,Javonte Williams,RB,11.19,18.700000762939453,-7.510000762939454,7.510000762939454
2023,7,Najee Harris,RB,8.29,15.800000190734863,-7.510000190734864,7.510000190734864
2023,17,Nick Mullens,QB,16.63,9.119999885559082,7.510000114440917,7.510000114440917
2024,16,Jaxon Smith-Njigba,WR,16.49,24.0,-7.510000000000002,7.510000000000002
2024,8,Caleb Williams,QB,17.44,9.9399995803833,7.5000004196167005,7.5000004196167005
2023,5,Josh Reynolds,WR,10.1,17.600000381469727,-7.500000381469727,7.500000381469727
2024,10,Ray Davis,RB,8.1,0.6000000238418579,7.499999976158142,7.499999976158142
2025,6,Tyler Warren,TE,10.8,18.299999237060547,-7.499999237060546,7.499999237060546
2023,7,Mike Evans,WR,12.71,20.200000762939453,-7.490000762939452,7.490000762939452
2024,6,Trey McBride,TE,10.11,17.600000381469727,-7.490000381469727,7.490000381469727
2024,6,Ja'Marr Chase,WR,19.69,12.199999809265137,7.490000190734865,7.490000190734865
2024,7,Bijan Robinson,RB,15.81,23.299999237060547,-7.489999237060546,7.489999237060546
2023,15,Saquon Barkley,RB,13.18,5.699999809265137,7.480000190734863,7.480000190734863
2025,10,Xavier Legette,WR,7.48,0.0,7.48,7.48
2025,8,Jalen Nailor,WR,7.48,0.0,7.48,7.48
2024,6,Brock Purdy,QB,16.63,24.100000381469727,-7.470000381469728,7.470000381469728
2023,7,Courtland Sutton,WR,12.13,19.600000381469727,-7.470000381469726,7.470000381469726
2024,5,Tommy Tremble,TE,7.17,-0.30000001192092896,7.470000011920929,7.470000011920929
2024,6,Darnell Mooney,WR,14.27,6.800000190734863,7.469999809265136,7.469999809265136
2024,17,Jaylen Warren,RB,8.74,16.200000762939453,-7.460000762939453,7.460000762939453
2024,15,Nick Chubb,RB,9.56,2.0999999046325684,7.460000095367432,7.460000095367432
2024,8,Rashod Bateman,WR,11.26,3.799999952316284,7.460000047683716,7.460000047683716
2023,13,Cade Otton,TE,7.46,0.0,7.46,7.46
2025,13,Caleb Williams,QB,16.92,9.460000038146973,7.459999961853029,7.459999961853029
2025,9,Jordan Love,QB,16.48,9.020000457763672,7.4599995422363286,7.4599995422363286
2025,3,Ricky Pearsall,WR,12.25,19.700000762939453,-7.450000762939453,7.450000762939453
2024,15,Najee Harris,RB,10.55,3.0999999046325684,7.450000095367432,7.450000095367432
2025,3,Kenneth Walker III,RB,10.55,18.0,-7.449999999999999,7.449999999999999
2023,5,Miles Sanders,RB,8.65,1.2000000476837158,7.4499999523162845,7.4499999523162845
2025,14,Rashee Rice,WR,14.85,7.400000095367432,7.449999904632568,7.449999904632568
2025,4,Chig Okonkwo,TE,8.84,1.399999976158142,7.440000023841858,7.440000023841858
2023,7,Calvin Ridley,WR,8.94,1.5,7.4399999999999995,7.4399999999999995
2023,8,Jake Ferguson,TE,7.26,14.699999809265137,-7.439999809265137,7.439999809265137
2025,15,C.J. Stroud,QB,15.96,23.399999618530273,-7.439999618530273,7.439999618530273
2023,13,Drake London,WR,9.23,1.7999999523162842,7.430000047683716,7.430000047683716
2023,7,Tyler Lockett,WR,15.23,7.800000190734863,7.429999809265137,7.429999809265137
2023,11,Derrick Henry,RB,12.82,5.400000095367432,7.419999904632569,7.419999904632569
2024,6,Zach Charbonnet,RB,11.91,4.5,7.41,7.41
2023,13,Adam Thielen,WR,12.91,5.5,7.41,7.41
2025,6,Kenneth Walker III,RB,12.1,4.699999809265137,7.400000190734863,7.400000190734863
2024,6,Javonte Williams,RB,12.0,4.599999904632568,7.400000095367432,7.400000095367432
2025,13,Rome Odunze,WR,10.2,2.799999952316284,7.400000047683715,7.400000047683715
2025,6,Calvin Ridley,WR,10.2,2.799999952316284,7.400000047683715,7.400000047683715
2024,9,Jordan Love,QB,18.32,10.920000076293945,7.399999923706055,7.399999923706055
2023,17,Brandin Cooks,WR,9.61,17.0,-7.390000000000001,7.390000000000001
2024,12,David Njoku,TE,11.29,3.9000000953674316,7.3899999046325675,7.3899999046325675
2024,7,Xavier Legette,WR,10.29,2.9000000953674316,7.3899999046325675,7.3899999046325675
2023,7,Tua Tagovailoa,QB,17.73,10.34000015258789,7.38999984741211,7.38999984741211
2025,16,Josh Jacobs,RB,12.19,4.800000190734863,7.389999809265136,7.389999809265136
2024,3,Romeo Doubs,WR,10.18,2.799999952316284,7.3800000476837155,7.3800000476837155
2025,12,Dallas Goedert,TE,11.38,4.0,7.380000000000001,7.380000000000001
2025,12,Tyler Shough,QB,15.3,7.920000076293945,7.379999923706055,7.379999923706055
2025,15,George Pickens,WR,13.68,6.300000190734863,7.379999809265136,7.379999809265136
2025,5,Jake Browning,QB,11.76,19.139999389648438,-7.379999389648438,7.379999389648438
2023,14,Javonte Williams,RB,10.73,18.100000381469727,-7.370000381469726,7.370000381469726
2024,10,Austin Ekeler,RB,10.73,18.100000381469727,-7.370000381469726,7.370000381469726
2024,9,Caleb Williams,QB,16.55,9.180000305175781,7.3699996948242195,7.3699996948242195
2025,10,Tyler Shough,QB,11.61,18.979999542236328,-7.369999542236329,7.369999542236329
2025,15,Mike Evans,WR,11.84,19.200000762939453,-7.360000762939453,7.360000762939453
2023,7,Kareem Hunt,RB,7.74,15.100000381469727,-7.360000381469726,7.360000381469726
2024,9,Jordan Addison,WR,8.74,16.100000381469727,-7.360000381469726,7.360000381469726
2025,10,Woody Marks,RB,8.74,16.100000381469727,-7.360000381469726,7.360000381469726
2023,8,Joe Mixon,RB,12.64,20.0,-7.359999999999999,7.359999999999999
2023,16,Joe Mixon,RB,16.36,9.0,7.359999999999999,7.359999999999999
2025,6,Amon-Ra St. Brown,WR,21.05,13.699999809265137,7.350000190734864,7.350000190734864
2025,12,Jordan Love,QB,14.41,7.059999942779541,7.350000057220459,7.350000057220459
2024,6,Elijah Moore,WR,8.65,1.2999999523162842,7.350000047683716,7.350000047683716
2023,6,Baker Mayfield,QB,14.19,6.840000152587891,7.349999847412109,7.349999847412109
2025,15,Kyle Monangai,RB,10.64,3.299999952316284,7.340000047683716,7.340000047683716
2023,9,Jonathan Mingo,WR,8.84,1.5,7.34,7.34
2024,14,Amari Cooper,WR,8.16,15.5,-7.34,7.34
2024,3,Elijah Moore,WR,11.04,3.700000047683716,7.339999952316283,7.339999952316283
2024,3,C.J. Stroud,QB,17.14,9.800000190734863,7.339999809265137,7.339999809265137
2023,7,T.J. Hockenson,TE,12.27,19.600000381469727,-7.330000381469727,7.330000381469727
2025,12,Alvin Kamara,RB,10.83,3.5,7.33,7.33
2025,6,Jauan Jennings,WR,9.03,1.7000000476837158,7.3299999523162835,7.3299999523162835
2025,12,Bryce Young,QB,15.59,8.260000228881836,7.329999771118164,7.329999771118164
2023,10,Tony Pollard,RB,12.82,5.5,7.32,7.32
2025,10,Troy Franklin,WR,7.68,15.0,-7.32,7.32
2024,6,Deshaun Watson,QB,15.74,8.420000076293945,7.319999923706055,7.319999923706055
2024,13,Devaughn Vele,WR,9.9,2.5999999046325684,7.300000095367432,7.300000095367432
2024,3,Gus Edwards,RB,8.2,0.8999999761581421,7.300000023841857,7.300000023841857
2024,12,Jaylen Warren,RB,8.1,15.399999618530273,-7.299999618530274,7.299999618530274
2024,3,Dalton Kincaid,TE,5.81,13.100000381469727,-7.290000381469727,7.290000381469727
2024,17,Jakobi Meyers,WR,9.81,17.100000381469727,-7.290000381469726,7.290000381469726
2024,17,Jaxon Smith-Njigba,WR,13.49,6.199999809265137,7.2900001907348635,7.2900001907348635
2025,17,Puka Nacua,WR,22.99,15.699999809265137,7.290000190734862,7.290000190734862
2023,10,Brock Purdy,QB,16.55,23.84000015258789,-7.29000015258789,7.29000015258789
2024,8,Dontayvion Wicks,WR,10.39,3.0999999046325684,7.290000095367432,7.290000095367432
2024,3,Josh Jacobs,RB,13.09,5.800000190734863,7.289999809265137,7.289999809265137
2024,11,Mark Andrews,TE,11.48,4.199999809265137,7.280000190734864,7.280000190734864
2024,14,D'Andre Swift,RB,12.28,5.0,7.279999999999999,7.279999999999999
2023,9,Marquise Brown,WR,13.68,6.400000095367432,7.279999904632568,7.279999904632568
2024,7,Devin Singletary,RB,10.37,3.0999999046325684,7.270000095367431,7.270000095367431
2023,12,Joe Mixon,RB,15.27,8.0,7.27,7.27
2024,6,Mark Andrews,TE,8.34,15.600000381469727,-7.260000381469727,7.260000381469727
2023,3,Amon-Ra St. Brown,WR,12.34,19.600000381469727,-7.260000381469727,7.260000381469727
2023,8,Tyler Conklin,TE,7.26,0.0,7.26,7.26
2025,11,Kimani Vidal,RB,10.46,3.200000047683716,7.259999952316285,7.259999952316285
2024,12,Aaron Jones,RB,12.64,19.899999618530273,-7.259999618530273,7.259999618530273
2024,13,Tua Tagovailoa,QB,17.95,25.200000762939453,-7.250000762939454,7.250000762939454
2024,15,Russell Wilson,QB,15.67,8.420000076293945,7.249999923706055,7.249999923706055
2025,11,Ladd McConkey,WR,11.55,4.300000190734863,7.249999809265137,7.249999809265137
2024,17,Breece Hall,RB,13.55,6.300000190734863,7.249999809265137,7.249999809265137
2024,9,Jared Goff,QB,16.85,9.600000381469727,7.249999618530275,7.249999618530275
2024,15,Quentin Johnston,WR,8.26,15.5,-7.24,7.24
2024,7,Christian Watson,WR,8.74,1.5,7.24,7.24
2023,12,A.T. Perry,WR,8.94,1.7000000476837158,7.239999952316284,7.239999952316284
2023,13,Jaylen Warren,RB,13.73,6.5,7.23,7.23
2025,14,Woody Marks,RB,8.38,15.600000381469727,-7.220000381469726,7.220000381469726
2024,11,David Njoku,TE,11.88,19.100000381469727,-7.220000381469726,7.220000381469726
2025,12,Mark Andrews,TE,9.32,2.0999999046325684,7.220000095367432,7.220000095367432
2024,8,Geno Smith,QB,15.3,8.079999923706055,7.220000076293946,7.220000076293946
2024,10,Hunter Henry,TE,9.62,2.4000000953674316,7.219999904632568,7.219999904632568
2025,3,Trevor Lawrence,QB,15.0,7.78000020980835,7.21999979019165,7.21999979019165
2025,12,David Montgomery,RB,13.91,6.699999809265137,7.210000190734863,7.210000190734863
2024,11,Travis Kelce,TE,10.01,2.799999952316284,7.210000047683716,7.210000047683716
2024,5,Roschon Johnson,RB,7.29,14.5,-7.21,7.21
2024,6,Baker Mayfield,QB,18.69,25.899999618530273,-7.209999618530272,7.209999618530272
2024,15,Caleb Williams,QB,17.14,9.9399995803833,7.2000004196167,7.2000004196167
2025,12,Josh Downs,WR,10.2,3.0,7.199999999999999,7.199999999999999
2025,14,Emanuel Wilson,RB,8.2,1.0,7.199999999999999,7.199999999999999
2024,14,Cooper Kupp,WR,13.01,20.200000762939453,-7.190000762939453,7.190000762939453
2023,12,Jonathan Taylor,RB,13.91,21.100000381469727,-7.190000381469726,7.190000381469726
2023,9,Gardner Minshew,QB,16.77,9.579999923706055,7.190000076293945,7.190000076293945
2024,12,Darius Slayton,WR,7.19,0.0,7.19,7.19
2023,10,Mac Jones,QB,14.49,7.300000190734863,7.189999809265137,7.189999809265137
2025,8,Kayshon Boutte,WR,9.32,16.5,-7.18,7.18
2024,14,Tank Bigsby,RB,6.02,13.199999809265137,-7.179999809265137,7.179999809265137
2025,11,Davante Adams,WR,14.27,7.099999904632568,7.170000095367431,7.170000095367431
2023,13,Juwan Johnson,TE,7.17,0.0,7.17,7.17
2024,17,Cooper Kupp,WR,11.07,3.9000000953674316,7.169999904632569,7.169999904632569
2025,12,James Cook,RB,14.73,21.899999618530273,-7.169999618530273,7.169999618530273
2023,8,Rachaad White,RB,10.73,17.899999618530273,-7.169999618530273,7.169999618530273
2025,15,Bucky Irving,RB,15.27,8.100000381469727,7.169999618530273,7.169999618530273
2024,16,Zach Charbonnet,RB,10.46,3.299999952316284,7.160000047683717,7.160000047683717
2024,9,DeVonta Smith,WR,11.55,18.700000762939453,-7.150000762939452,7.150000762939452
2024,8,Jayden Reed,WR,14.65,7.5,7.15,7.15
2023,13,DeAndre Hopkins,WR,11.75,18.899999618530273,-7.149999618530273,7.149999618530273
2025,12,Travis Etienne,RB,13.46,20.600000381469727,-7.140000381469726,7.140000381469726
2025,6,Raheem Mostert,RB,6.74,-0.4000000059604645,7.140000005960465,7.140000005960465
2023,8,Juwan Johnson,TE,8.64,1.5,7.140000000000001,7.140000000000001
2024,9,Nick Chubb,RB,11.64,4.5,7.140000000000001,7.140000000000001
2025,7,Kenny Gainwell,RB,10.64,3.5,7.140000000000001,7.140000000000001
2025,3,Jerry Jeudy,WR,9.84,2.700000047683716,7.139999952316284,7.139999952316284
2024,6,DK Metcalf,WR,14.94,7.800000190734863,7.139999809265136,7.139999809265136
2023,14,Rashee Rice,WR,11.07,18.200000762939453,-7.130000762939453,7.130000762939453
2025,6,Josh Allen,QB,22.53,15.399999618530273,7.130000381469728,7.130000381469728
2024,15,Jauan Jennings,WR,12.23,5.099999904632568,7.130000095367432,7.130000095367432
2024,15,Elijah Moore,WR,9.03,1.899999976158142,7.130000023841857,7.130000023841857
2024,9,De'Von Achane,RB,24.97,32.099998474121094,-7.129998474121095,7.129998474121095
2024,7,J.K. Dobbins,RB,16.72,9.600000381469727,7.119999618530272,7.119999618530272
2023,13,Isiah Pacheco,RB,14.18,21.299999237060547,-7.119999237060547,7.119999237060547
2023,8,Austin Ekeler,RB,16.18,23.299999237060547,-7.119999237060547,7.119999237060547
2025,11,Derrick Henry,RB,13.09,20.200000762939453,-7.110000762939453,7.110000762939453
2025,16,Courtland Sutton,WR,13.49,20.600000381469727,-7.110000381469726,7.110000381469726
2024,17,Garrett Wilson,WR,10.49,17.600000381469727,-7.110000381469726,7.110000381469726
2023,4,Terry McLaurin,WR,9.49,16.600000381469727,-7.110000381469726,7.110000381469726
2025,9,Jacoby Brissett,QB,17.73,24.84000015258789,-7.11000015258789,7.11000015258789
2025,13,Courtland Sutton,WR,10.1,17.200000762939453,-7.1000007629394535,7.1000007629394535
2023,17,Chris Godwin Jr.,WR,10.0,17.100000381469727,-7.100000381469727,7.100000381469727
2025,3,Wan'Dale Robinson,WR,10.7,3.5999999046325684,7.100000095367431,7.100000095367431
2025,14,Baker Mayfield,QB,18.18,11.079999923706055,7.100000076293945,7.100000076293945
2023,9,Bijan Robinson,RB,13.0,5.900000095367432,7.099999904632568,7.099999904632568
2024,16,Jared Goff,QB,18.25,25.34000015258789,-7.090000152587891,7.090000152587891
2023,8,Kenneth Walker III,RB,15.09,8.0,7.09,7.09
2023,14,Josh Jacobs,RB,14.09,7.0,7.09,7.09
2025,7,Kendrick Bourne,WR,10.49,3.4000000953674316,7.089999904632569,7.089999904632569
2025,17,CeeDee Lamb,WR,16.69,9.600000381469727,7.089999618530275,7.089999618530275
2025,11,Dallas Goedert,TE,11.48,4.400000095367432,7.079999904632569,7.079999904632569
2024,14,Isiah Pacheco,RB,15.18,8.100000381469727,7.079999618530273,7.079999618530273
2025,9,Ashton Jeanty,RB,12.82,19.899999618530273,-7.079999618530273,7.079999618530273
2024,8,Tucker Kraft,TE,9.72,16.799999237060547,-7.079999237060546,7.079999237060546
2023,17,Stefon Diggs,WR,14.17,7.099999904632568,7.070000095367432,7.070000095367432
2025,11,Jonnu Smith,TE,7.07,0.0,7.07,7.07
2024,10,Jauan Jennings,WR,9.23,16.299999237060547,-7.0699992370605464,7.0699992370605464
2023,7,Saquon Barkley,RB,11.73,18.799999237060547,-7.0699992370605464,7.0699992370605464
2023,7,Kendrick Bourne,WR,9.23,16.299999237060547,-7.0699992370605464,7.0699992370605464
2025,11,Chase Brown,RB,11.64,18.700000762939453,-7.060000762939453,7.060000762939453
2024,12,Zach Ertz,TE,8.74,15.800000190734863,-7.060000190734863,7.060000190734863
2025,15,Tetairoa McMillan,WR,11.55,4.5,7.050000000000001,7.050000000000001
2023,8,Jalen Hurts,QB,20.32,27.360000610351562,-7.040000610351562,7.040000610351562
2023,17,D'Andre Swift,RB,14.64,7.599999904632568,7.040000095367432,7.040000095367432
2025,3,Tyler Higbee,TE,7.04,0.0,7.04,7.04
2025,16,Dalton Schultz,TE,7.46,14.5,-7.04,7.04
2023,9,Brandin Cooks,WR,8.74,1.7000000476837158,7.039999952316284,7.039999952316284
2025,10,Geno Smith,QB,11.46,4.420000076293945,7.0399999237060555,7.0399999237060555
2025,10,Alec Pierce,WR,11.36,18.399999618530273,-7.039999618530274,7.039999618530274
2023,6,Jaylen Waddle,WR,11.07,18.100000381469727,-7.030000381469726,7.030000381469726
2024,8,Kyler Murray,QB,15.15,22.18000030517578,-7.030000305175781,7.030000305175781
2025,4,Courtland Sutton,WR,12.08,19.100000381469727,-7.0200003814697265,7.0200003814697265
2024,14,Ray Davis,RB,7.02,0.0,7.02,7.02
2024,5,Rhamondre Stevenson,RB,12.19,19.200000762939453,-7.010000762939454,7.010000762939454
2025,14,Quentin Johnston,WR,9.81,2.799999952316284,7.010000047683716,7.010000047683716
2025,9,Michael Pittman,WR,13.49,20.5,-7.01,7.01
2025,14,Tyler Shough,QB,14.26,21.260000228881836,-7.000000228881836,7.000000228881836
2023,8,Joshua Kelley,RB,9.1,2.0999999046325684,7.000000095367431,7.000000095367431
2024,5,Chris Olave,WR,10.0,3.0,7.0,7.0
2025,8,Andrei Iosivas,WR,7.0,0.0,7.0,7.0
2023,7,Puka Nacua,WR,16.4,23.399999618530273,-6.999999618530275,6.999999618530275
2023,5,Tank Dell,WR,9.61,16.600000381469727,-6.990000381469727,6.990000381469727
2023,12,Kareem Hunt,RB,9.19,2.200000047683716,6.989999952316284,6.989999952316284
2024,6,Breece Hall,RB,14.91,21.899999618530273,-6.989999618530273,6.989999618530273
2025,10,Michael Carter,RB,7.38,0.4000000059604645,6.979999994039535,6.979999994039535
2024,4,Amon-Ra St. Brown,WR,13.81,20.780000686645508,-6.970000686645507,6.970000686645507
2023,9,Dalton Kincaid,TE,9.13,16.100000381469727,-6.970000381469726,6.970000381469726
2023,6,Josh Allen,QB,20.83,13.859999656677246,6.970000343322752,6.970000343322752
2024,5,Travis Kelce,TE,9.03,16.0,-6.970000000000001,6.970000000000001
2023,4,Elijah Moore,WR,8.97,2.0,6.970000000000001,6.970000000000001
2023,3,Travis Kelce,TE,12.93,19.899999618530273,-6.969999618530274,6.969999618530274
2024,13,Jahmyr Gibbs,RB,17.36,10.399999618530273,6.960000381469726,6.960000381469726
2023,10,Najee Harris,RB,11.64,18.600000381469727,-6.960000381469726,6.960000381469726
2024,16,Khalil Shakir,WR,11.16,4.199999809265137,6.960000190734863,6.960000190734863
2023,10,Austin Ekeler,RB,14.54,21.5,-6.960000000000001,6.960000000000001
2023,11,Amari Cooper,WR,14.36,7.400000095367432,6.959999904632568,6.959999904632568
2025,6,Cole Kmet,TE,7.95,1.0,6.95,6.95
2024,8,Zay Flowers,WR,11.55,18.5,-6.949999999999999,6.949999999999999
2023,5,Cordarrelle Patterson,RB,8.65,1.7000000476837158,6.9499999523162845,6.9499999523162845
2023,11,K.J. Osborn,WR,8.65,1.7000000476837158,6.9499999523162845,6.9499999523162845
2025,3,Nico Collins,WR,15.45,22.399999618530273,-6.949999618530274,6.949999618530274
2023,10,Antonio Gibson,RB,9.56,16.5,-6.9399999999999995,6.9399999999999995
2024,10,Jalen Hurts,QB,22.75,29.68000030517578,-6.930000305175781,6.930000305175781
2024,7,Zach Ertz,TE,7.07,14.0,-6.93,6.93
2024,11,Chase Brown,RB,12.37,19.299999237060547,-6.929999237060548,6.929999237060548
2024,13,Davante Adams,WR,10.68,17.600000381469727,-6.920000381469727,6.920000381469727
2024,11,Romeo Doubs,WR,9.61,2.700000047683716,6.909999952316284,6.909999952316284
2024,13,CeeDee Lamb,WR,12.81,5.900000095367432,6.909999904632569,6.909999904632569
2024,10,Garrett Wilson,WR,16.01,9.100000381469727,6.909999618530275,6.909999618530275
2025,7,Jalen Hurts,QB,17.14,24.040000915527344,-6.900000915527343,6.900000915527343
2024,14,Darnell Mooney,WR,13.3,20.200000762939453,-6.900000762939452,6.900000762939452
2024,17,Jerome Ford,RB,9.1,2.200000047683716,6.899999952316284,6.899999952316284
2024,12,Jared Goff,QB,17.66,10.760000228881836,6.899999771118164,6.899999771118164
2025,3,Jared Goff,QB,19.58,12.680000305175781,6.899999694824217,6.899999694824217
2024,4,George Pickens,WR,9.4,16.299999237060547,-6.8999992370605465,6.8999992370605465
2023,3,Rhamondre Stevenson,RB,14.09,7.199999809265137,6.890000190734863,6.890000190734863
2024,4,Kirk Cousins,QB,14.41,7.519999980926514,6.8900000190734865,6.8900000190734865
2025,10,Jordan Addison,WR,13.39,6.5,6.890000000000001,6.890000000000001
2023,16,Diontae Johnson,WR,10.39,3.5,6.890000000000001,6.890000000000001
2024,17,Drake Maye,QB,16.77,9.880000114440918,6.889999885559082,6.889999885559082
2025,10,Aaron Jones,RB,9.01,15.899999618530273,-6.889999618530274,6.889999618530274
2024,5,Brock Purdy,QB,19.95,13.0600004196167,6.8899995803833,6.8899995803833
2023,4,Bijan Robinson,RB,11.82,18.700000762939453,-6.880000762939453,6.880000762939453
2024,15,Matthew Stafford,QB,15.08,8.199999809265137,6.880000190734863,6.880000190734863
2025,7,Patrick Mahomes,QB,19.36,26.239999771118164,-6.879999771118165,6.879999771118165
2025,10,Matthew Stafford,QB,20.02,26.899999618530273,-6.879999618530274,6.879999618530274
2023,17,Terry McLaurin,WR,9.23,16.100000381469727,-6.870000381469726,6.870000381469726
2023,10,Calvin Ridley,WR,10.87,4.0,6.869999999999999,6.869999999999999
2025,15,Jalen Hurts,QB,16.04,22.899999618530273,-6.859999618530274,6.859999618530274
2023,11,Amon-Ra St. Brown,WR,14.85,21.700000762939453,-6.8500007629394535,6.8500007629394535
2023,8,Darren Waller,TE,8.25,1.399999976158142,6.850000023841858,6.850000023841858
2025,17,Darren Waller,TE,7.85,1.0,6.85,6.85
2025,11,Bam Knight,RB,7.65,14.5,-6.85,6.85
2025,8,Rome Odunze,WR,11.55,18.399999618530273,-6.849999618530273,6.849999618530273
2024,11,Jordan Addison,WR,8.26,15.100000381469727,-6.840000381469727,6.840000381469727
2023,9,Zay Flowers,WR,8.94,2.0999999046325684,6.840000095367431,6.840000095367431
2025,14,Mark Andrews,TE,8.74,1.899999976158142,6.840000023841858,6.840000023841858
2025,12,Jakobi Meyers,WR,8.16,15.0,-6.84,6.84
2025,15,Kenneth Walker III,RB,9.74,2.9000000953674316,6.839999904632569,6.839999904632569
2023,15,Javonte Williams,RB,10.83,4.0,6.83,6.83
2024,14,Kareem Hunt,RB,10.73,3.9000000953674316,6.829999904632569,6.829999904632569
2023,14,D'Andre Swift,RB,10.73,3.9000000953674316,6.829999904632569,6.829999904632569
2024,9,Dak Prescott,QB,19.14,12.319999694824219,6.820000305175782,6.820000305175782
2023,16,Travis Etienne,RB,12.91,6.099999904632568,6.810000095367432,6.810000095367432
2023,4,Tony Pollard,RB,15.81,9.0,6.8100000000000005,6.8100000000000005
2023,15,Garrett Wilson,WR,12.71,5.900000095367432,6.809999904632569,6.809999904632569
2023,4,Dalton Schultz,TE,6.39,13.199999809265137,-6.809999809265137,6.809999809265137
2023,4,Tyreek Hill,WR,17.0,10.199999809265137,6.800000190734863,6.800000190734863
2023,12,Will Levis,QB,13.9,7.099999904632568,6.800000095367432,6.800000095367432
2024,13,Quentin Johnston,WR,10.0,3.200000047683716,6.799999952316284,6.799999952316284
2023,4,Daniel Jones,QB,15.52,8.720000267028809,6.799999732971191,6.799999732971191
2025,9,Jaylen Warren,RB,10.1,16.899999618530273,-6.799999618530274,6.799999618530274
2024,16,Calvin Ridley,WR,10.0,16.799999237060547,-6.799999237060547,6.799999237060547
2024,3,Zack Moss,RB,13.91,20.700000762939453,-6.790000762939453,6.790000762939453
2023,13,Brandin Cooks,WR,9.71,16.5,-6.789999999999999,6.789999999999999
2025,16,Christian Watson,WR,10.49,3.700000047683716,6.789999952316284,6.789999952316284
2024,12,A.J. Brown,WR,16.11,22.899999618530273,-6.789999618530274,6.789999618530274
2023,6,Christian McCaffrey,RB,20.98,14.199999809265137,6.780000190734864,6.780000190734864
2023,4,Raheem Mostert,RB,12.28,5.5,6.779999999999999,6.779999999999999
2023,13,Jahmyr Gibbs,RB,13.18,6.400000095367432,6.779999904632568,6.779999904632568
2025,14,Davante Adams,WR,13.68,6.900000095367432,6.779999904632568,6.779999904632568
2024,17,Geno Smith,QB,15.08,8.300000190734863,6.779999809265137,6.779999809265137
2023,16,Sam LaPorta,TE,11.58,4.800000190734863,6.779999809265137,6.779999809265137
2024,13,Sam LaPorta,TE,8.83,15.600000381469727,-6.7700003814697265,6.7700003814697265
2025,17,Jalen Hurts,QB,15.67,8.899999618530273,6.7700003814697265,6.7700003814697265
2025,5,Zach Ertz,TE,6.77,0.0,6.77,6.77
2023,9,Tyler Higbee,TE,6.77,0.0,6.77,6.77
2024,5,Tyler Huntley,QB,13.23,6.460000038146973,6.769999961853028,6.769999961853028
2023,8,Puka Nacua,WR,14.07,7.300000190734863,6.769999809265137,6.769999809265137
2023,13,Jahan Dotson,WR,11.07,4.300000190734863,6.769999809265137,6.769999809265137
2024,8,Trevor Lawrence,QB,16.55,23.31999969482422,-6.769999694824218,6.769999694824218
2023,13,Jordan Love,QB,16.92,23.68000030517578,-6.7600003051757795,6.7600003051757795
2024,10,Kirk Cousins,QB,17.0,10.239999771118164,6.760000228881836,6.760000228881836
2023,13,Dak Prescott,QB,21.5,28.260000228881836,-6.760000228881836,6.760000228881836
2024,5,George Kittle,TE,13.64,20.399999618530273,-6.759999618530273,6.759999618530273
2025,3,George Pickens,WR,11.04,17.799999237060547,-6.759999237060548,6.759999237060548
2024,14,Tyrone Tracy Jr.,RB,12.55,19.299999237060547,-6.749999237060546,6.749999237060546
2024,8,Derrick Henry,RB,21.44,14.699999809265137,6.740000190734865,6.740000190734865
2025,7,AJ Barner,TE,8.64,1.899999976158142,6.7400000238418585,6.7400000238418585
2025,7,Cooper Kupp,WR,8.94,2.200000047683716,6.739999952316284,6.739999952316284
2023,17,Alvin Kamara,RB,13.64,6.900000095367432,6.739999904632569,6.739999904632569
2024,13,Ladd McConkey,WR,13.97,20.700000762939453,-6.7300007629394525,6.7300007629394525
2023,10,Tyson Bagent,QB,14.41,7.679999828338623,6.730000171661377,6.730000171661377
2024,16,Christian Watson,WR,9.03,2.299999952316284,6.730000047683715,6.730000047683715
2025,3,Christian McCaffrey,RB,17.27,24.0,-6.73,6.73
2024,7,Michael Wilson,WR,9.23,2.5,6.73,6.73
2024,11,Kareem Hunt,RB,12.73,6.0,6.73,6.73
2024,17,Bucky Irving,RB,16.27,23.0,-6.73,6.73
2024,17,Rome Odunze,WR,9.23,2.5,6.73,6.73
2024,12,Justice Hill,RB,7.47,14.199999809265137,-6.729999809265137,6.729999809265137
2025,9,Justin Herbert,QB,20.98,27.700000762939453,-6.720000762939453,6.720000762939453
2025,4,David Njoku,TE,9.82,3.0999999046325684,6.720000095367432,6.720000095367432
2023,10,Cade Otton,TE,9.72,3.0,6.720000000000001,6.720000000000001
2025,15,Derrick Henry,RB,16.72,10.0,6.719999999999999,6.719999999999999
2025,6,Stefon Diggs,WR,12.52,5.800000190734863,6.719999809265136,6.719999809265136
2025,15,Jake Ferguson,TE,10.31,3.5999999046325684,6.710000095367432,6.710000095367432
2024,10,Chris Rodriguez Jr.,RB,7.11,0.4000000059604645,6.709999994039536,6.709999994039536
2024,8,Devin Singletary,RB,11.01,4.300000190734863,6.7099998092651365,6.7099998092651365
2024,15,Javonte Williams,RB,11.01,4.300000190734863,6.7099998092651365,6.7099998092651365
2025,10,Tyler Warren,TE,11.19,17.899999618530273,-6.709999618530274,6.709999618530274
2024,11,James Cook,RB,13.0,19.700000762939453,-6.700000762939453,6.700000762939453
2024,3,Isaiah Likely,TE,8.1,1.399999976158142,6.7000000238418576,6.7000000238418576
2023,7,Keenan Allen,WR,16.2,9.5,6.699999999999999,6.699999999999999
2024,7,Bucky Irving,RB,10.01,16.700000762939453,-6.690000762939453,6.690000762939453
2025,11,Jameson Williams,WR,13.01,19.700000762939453,-6.690000762939453,6.690000762939453
2025,8,Kenny Gainwell,RB,10.19,3.5,6.6899999999999995,6.6899999999999995
2024,8,Cole Kmet,TE,11.09,4.400000095367432,6.689999904632568,6.689999904632568
2025,4,Jordan Addison,WR,8.71,15.399999618530273,-6.689999618530273,6.689999618530273
2025,9,Romeo Doubs,WR,9.42,16.100000381469727,-6.680000381469727,6.680000381469727
2023,10,Jakobi Meyers,WR,10.78,4.099999904632568,6.680000095367431,6.680000095367431
2025,3,Rhamondre Stevenson,RB,11.28,4.599999904632568,6.680000095367431,6.680000095367431
2023,12,Jonnu Smith,TE,6.68,0.0,6.68,6.68
2023,16,Russell Wilson,QB,16.85,23.520000457763672,-6.6700004577636705,6.6700004577636705
2024,17,Isiah Pacheco,RB,8.47,1.7999999523162842,6.6700000476837165,6.6700000476837165
2025,9,Travis Etienne,RB,9.83,16.5,-6.67,6.67
2024,17,Keenan Allen,WR,14.17,7.5,6.67,6.67
2023,17,Aidan O'Connell,QB,13.6,20.260000228881836,-6.660000228881836,6.660000228881836
2024,11,Tyler Allgeier,RB,7.56,0.8999999761581421,6.6600000238418575,6.6600000238418575
2025,4,Jonnu Smith,TE,9.25,2.5999999046325684,6.650000095367432,6.650000095367432
2025,13,Chimere Dike,WR,8.55,1.899999976158142,6.650000023841859,6.650000023841859
2024,4,Calvin Ridley,WR,9.15,2.5,6.65,6.65
2025,3,Calvin Ridley,WR,10.35,3.700000047683716,6.649999952316284,6.649999952316284
2023,4,Javonte Williams,RB,10.55,3.9000000953674316,6.649999904632569,6.649999904632569
2023,15,Austin Ekeler,RB,14.45,7.800000190734863,6.649999809265136,6.649999809265136
2025,12,Colston Loveland,TE,8.25,14.899999618530273,-6.649999618530273,6.649999618530273
2025,8,Derrick Henry,RB,12.46,19.100000381469727,-6.640000381469726,6.640000381469726
2024,12,J.K. Dobbins,RB,15.54,8.899999618530273,6.640000381469726,6.640000381469726
2024,7,Jaylen Waddle,WR,8.74,2.0999999046325684,6.640000095367432,6.640000095367432
2023,10,Tyler Conklin,TE,7.36,14.0,-6.64,6.64
2023,7,Tyler Higbee,TE,8.34,1.7000000476837158,6.639999952316284,6.639999952316284
2025,3,Jameson Williams,WR,12.94,6.300000190734863,6.639999809265136,6.639999809265136
2023,3,Pat Freiermuth,TE,6.47,13.100000381469727,-6.630000381469727,6.630000381469727
2025,13,Matthew Stafford,QB,18.25,11.619999885559082,6.630000114440918,6.630000114440918
2025,8,David Njoku,TE,7.07,13.699999809265137,-6.629999809265136,6.629999809265136
2023,15,Rachaad White,RB,15.27,21.899999618530273,-6.629999618530274,6.629999618530274
2024,6,Hunter Henry,TE,6.48,13.100000381469727,-6.620000381469726,6.620000381469726
2025,14,Breece Hall,RB,10.92,4.300000190734863,6.619999809265137,6.619999809265137
2023,17,Jordan Addison,WR,12.42,5.800000190734863,6.619999809265137,6.619999809265137
2023,14,Baker Mayfield,QB,13.45,20.059999465942383,-6.6099994659423835,6.6099994659423835
2025,7,Rhamondre Stevenson,RB,10.19,16.799999237060547,-6.609999237060547,6.609999237060547
2025,10,Davante Adams,WR,13.1,19.700000762939453,-6.6000007629394535,6.6000007629394535
2023,12,Derrick Henry,RB,14.0,20.600000381469727,-6.600000381469727,6.600000381469727
2025,3,Troy Franklin,WR,9.4,2.799999952316284,6.600000047683716,6.600000047683716
2025,10,Chuba Hubbard,RB,9.1,2.5,6.6,6.6
2023,5,Tyler Higbee,TE,10.6,4.0,6.6,6.6
2025,17,Jaylen Warren,RB,13.0,6.400000095367432,6.599999904632568,6.599999904632568
2024,9,Darnell Mooney,WR,13.2,19.799999237060547,-6.599999237060548,6.599999237060548
2024,10,D'Andre Swift,RB,14.09,7.5,6.59,6.59
2023,5,Nico Collins,WR,13.49,6.900000095367432,6.589999904632569,6.589999904632569
2024,3,DK Metcalf,WR,13.81,20.399999618530273,-6.589999618530273,6.589999618530273
2023,16,Kenneth Walker III,RB,13.18,6.599999904632568,6.580000095367431,6.580000095367431
2025,3,Deebo Samuel Sr.,WR,11.48,4.900000095367432,6.579999904632569,6.579999904632569
2025,7,Cam Skattebo,RB,11.82,18.399999618530273,-6.579999618530273,6.579999618530273
2024,7,Derrick Henry,RB,18.63,25.200000762939453,-6.570000762939454,6.570000762939454
2024,15,Sam Darnold,QB,17.81,11.239999771118164,6.570000228881835,6.570000228881835
2024,3,CeeDee Lamb,WR,15.27,8.699999809265137,6.570000190734863,6.570000190734863
2023,13,Josh Downs,WR,10.97,4.400000095367432,6.569999904632569,6.569999904632569
2024,16,Saquon Barkley,RB,20.44,27.0,-6.559999999999999,6.559999999999999
2024,10,Tutu Atwell,WR,8.16,1.600000023841858,6.559999976158142,6.559999976158142
2024,10,T.J. Hockenson,TE,8.64,15.199999809265137,-6.559999809265136,6.559999809265136
2024,10,C.J. Stroud,QB,16.33,9.779999732971191,6.550000267028807,6.550000267028807
2024,14,Tyler Allgeier,RB,5.75,12.300000190734863,-6.550000190734863,6.550000190734863
2024,13,Isaiah Likely,TE,8.25,14.800000190734863,-6.550000190734863,6.550000190734863
2023,15,Tyler Lockett,WR,11.65,5.099999904632568,6.550000095367432,6.550000095367432
2024,16,Amari Cooper,WR,8.55,2.0,6.550000000000001,6.550000000000001
2025,17,Chig Okonkwo,TE,7.95,14.5,-6.55,6.55
2023,16,Dalton Schultz,TE,7.56,14.100000381469727,-6.540000381469727,6.540000381469727
2024,5,Javonte Williams,RB,9.56,16.100000381469727,-6.540000381469726,6.540000381469726
2023,11,Bryce Young,QB,11.76,5.21999979019165,6.540000209808349,6.540000209808349
2024,3,Jerome Ford,RB,16.54,10.0,6.539999999999999,6.539999999999999
2024,16,Zach Ertz,TE,8.74,2.200000047683716,6.539999952316284,6.539999952316284
2023,15,Justin Fields,QB,16.18,9.640000343322754,6.539999656677246,6.539999656677246
2025,7,Cade Otton,TE,6.97,13.5,-6.53,6.53
2024,7,Romeo Doubs,WR,10.87,17.399999618530273,-6.529999618530274,6.529999618530274
2023,5,Drake London,WR,8.16,14.680000305175781,-6.520000305175781,6.520000305175781
2025,15,Jalen Coker,WR,7.48,14.0,-6.52,6.52
2025,16,Javonte Williams,RB,12.82,6.300000190734863,6.519999809265137,6.519999809265137
2024,14,Michael Wilson,WR,7.19,13.699999809265137,-6.509999809265136,6.509999809265136
2023,9,Najee Harris,RB,9.1,15.600000381469727,-6.500000381469727,6.500000381469727
2024,12,Joe Mixon,RB,16.0,9.5,6.5,6.5
2023,11,Mark Andrews,TE,10.8,4.300000190734863,6.499999809265137,6.499999809265137
2025,4,Ricky Pearsall,WR,15.1,8.600000381469727,6.499999618530273,6.499999618530273
2024,13,Trey McBride,TE,15.11,21.600000381469727,-6.490000381469727,6.490000381469727
2024,3,Darnell Mooney,WR,8.11,14.600000381469727,-6.490000381469727,6.490000381469727
2024,13,Kenneth Walker III,RB,13.09,6.599999904632568,6.4900000953674315,6.4900000953674315
2023,9,Tua Tagovailoa,QB,18.91,12.420000076293945,6.489999923706055,6.489999923706055
2023,5,Jalen Hurts,QB,20.83,27.31999969482422,-6.4899996948242205,6.4899996948242205
2023,6,Travis Etienne,RB,16.81,23.299999237060547,-6.489999237060548,6.489999237060548
2023,15,Tony Pollard,RB,14.18,7.699999809265137,6.480000190734863,6.480000190734863
2023,17,Gabe Davis,WR,10.58,4.099999904632568,6.480000095367432,6.480000095367432
2025,5,Tua Tagovailoa,QB,16.26,22.739999771118164,-6.4799997711181625,6.4799997711181625
2023,8,Breece Hall,RB,14.82,21.299999237060547,-6.479999237060547,6.479999237060547
2025,15,Jayden Higgins,WR,7.87,1.399999976158142,6.470000023841858,6.470000023841858
2023,17,Tony Pollard,RB,12.37,5.900000095367432,6.469999904632568,6.469999904632568
2023,15,Drake London,WR,10.87,4.400000095367432,6.469999904632568,6.469999904632568
2025,4,Daniel Jones,QB,16.85,10.380000114440918,6.4699998855590835,6.4699998855590835
2024,10,Diontae Johnson,WR,8.06,1.600000023841858,6.459999976158143,6.459999976158143
2023,5,Jayden Reed,WR,8.16,1.7000000476837158,6.459999952316284,6.459999952316284
2025,14,Jaylen Warren,RB,8.74,15.199999809265137,-6.4599998092651365,6.4599998092651365
2023,5,Cole Kmet,TE,8.74,15.199999809265137,-6.4599998092651365,6.4599998092651365
2023,12,Chris Olave,WR,11.94,18.399999618530273,-6.459999618530274,6.459999618530274
2023,3,Rondale Moore,WR,9.75,16.200000762939453,-6.450000762939453,6.450000762939453
2025,11,Saquon Barkley,RB,16.45,10.0,6.449999999999999,6.449999999999999
2024,5,D'Andre Swift,RB,13.55,20.0,-6.449999999999999,6.449999999999999
2025,14,Zach Ertz,TE,8.54,2.0999999046325684,6.440000095367431,6.440000095367431
2025,11,Michael Penix Jr.,QB,14.34,7.900000095367432,6.439999904632568,6.439999904632568
2023,8,Chris Godwin Jr.,WR,11.36,17.799999237060547,-6.439999237060547,6.439999237060547
2024,13,Josh Jacobs,RB,15.27,21.700000762939453,-6.4300007629394536,6.4300007629394536
2023,8,Dalton Schultz,TE,8.93,2.5,6.43,6.43
2024,3,Zay Flowers,WR,11.73,5.300000190734863,6.429999809265137,6.429999809265137
2025,3,Ashton Jeanty,RB,12.73,6.300000190734863,6.429999809265137,6.429999809265137
2023,7,Rachaad White,RB,9.47,15.899999618530273,-6.429999618530273,6.429999618530273
2024,15,Keenan Allen,WR,13.78,20.200000762939453,-6.420000762939454,6.420000762939454
2023,13,Rachaad White,RB,13.18,19.600000381469727,-6.420000381469727,6.420000381469727
2023,6,Zay Flowers,WR,10.68,17.100000381469727,-6.420000381469727,6.420000381469727
2023,11,Ja'Marr Chase,WR,15.62,9.199999809265137,6.4200001907348625,6.4200001907348625
2024,4,Stefon Diggs,WR,12.08,18.5,-6.42,6.42
2023,3,Rashid Shaheed,WR,12.42,6.0,6.42,6.42
2024,15,Nick Westbrook-Ikhine,WR,9.32,2.9000000953674316,6.419999904632569,6.419999904632569
2023,3,Nico Collins,WR,11.82,5.400000095367432,6.419999904632569,6.419999904632569
2023,12,Jahmyr Gibbs,RB,17.72,11.300000190734863,6.419999809265136,6.419999809265136
2024,10,Demarcus Robinson,WR,9.71,3.299999952316284,6.410000047683717,6.410000047683717
2025,7,Tyler Allgeier,RB,8.01,1.600000023841858,6.409999976158142,6.409999976158142
2025,12,Christian McCaffrey,RB,20.8,27.200000762939453,-6.400000762939452,6.400000762939452
2024,15,Isiah Pacheco,RB,12.1,5.699999809265137,6.400000190734863,6.400000190734863
2025,5,Alvin Kamara,RB,15.9,9.5,6.4,6.4
2024,6,Braelon Allen,RB,7.2,0.800000011920929,6.399999988079071,6.399999988079071
2024,12,Kyler Murray,QB,16.7,10.300000190734863,6.399999809265136,6.399999809265136
2023,8,Evan Engram,TE,10.4,16.799999237060547,-6.3999992370605465,6.3999992370605465
2023,4,Allen Lazard,WR,8.71,15.100000381469727,-6.390000381469726,6.390000381469726
2023,8,Nico Collins,WR,13.39,7.0,6.390000000000001,6.390000000000001
2024,3,Trevor Lawrence,QB,15.81,9.420000076293945,6.389999923706055,6.389999923706055
2023,14,Jordan Love,QB,15.3,8.920000076293945,6.379999923706055,6.379999923706055
2023,13,Kyler Murray,QB,18.18,11.800000190734863,6.379999809265136,6.379999809265136
2023,10,Deebo Samuel Sr.,WR,9.52,15.899999618530273,-6.379999618530274,6.379999618530274
2024,9,Austin Ekeler,RB,10.92,17.299999237060547,-6.379999237060547,6.379999237060547
2025,15,Justin Herbert,QB,16.77,10.399999618530273,6.370000381469726,6.370000381469726
2025,13,Elic Ayomanor,WR,7.87,1.5,6.37,6.37
2023,16,Stefon Diggs,WR,14.27,7.900000095367432,6.369999904632568,6.369999904632568
2023,5,James Cook,RB,11.46,5.099999904632568,6.3600000953674325,6.3600000953674325
2025,16,Bucky Irving,RB,13.46,7.099999904632568,6.3600000953674325,6.3600000953674325
2025,16,D'Andre Swift,RB,15.36,9.0,6.359999999999999,6.359999999999999
2023,6,Cooper Kupp,WR,21.44,27.799999237060547,-6.359999237060546,6.359999237060546
2025,8,George Kittle,TE,7.95,14.300000190734863,-6.350000190734863,6.350000190734863
2023,12,Jayden Reed,WR,8.65,15.0,-6.35,6.35
2023,4,Jakobi Meyers,WR,11.65,5.300000190734863,6.349999809265137,6.349999809265137
2025,6,Tetairoa McMillan,WR,11.55,17.899999618530273,-6.349999618530273,6.349999618530273
2024,16,Joe Mixon,RB,14.45,8.100000381469727,6.349999618530273,6.349999618530273
2023,15,James Conner,RB,11.55,17.899999618530273,-6.349999618530273,6.349999618530273
2025,9,Trevor Lawrence,QB,14.86,21.200000762939453,-6.340000762939454,6.340000762939454
2023,16,Dallas Goedert,TE,7.76,14.100000381469727,-6.340000381469727,6.340000381469727
2023,7,Kenneth Walker III,RB,19.44,13.100000381469727,6.339999618530275,6.339999618530275
2025,15,Jonathan Taylor,RB,19.44,13.100000381469727,6.339999618530275,6.339999618530275
2024,15,Kyler Murray,QB,16.4,10.0600004196167,6.339999580383299,6.339999580383299
2023,10,Kenneth Walker III,RB,13.37,19.700000762939453,-6.330000762939454,6.330000762939454
2023,17,Joe Flacco,QB,16.33,22.65999984741211,-6.329999847412111,6.329999847412111
2025,6,Rachaad White,RB,11.28,17.600000381469727,-6.320000381469727,6.320000381469727
2024,11,Lamar Jackson,QB,21.2,14.880000114440918,6.319999885559081,6.319999885559081
2023,10,Ja'Marr Chase,WR,17.08,23.399999618530273,-6.319999618530275,6.319999618530275
2023,11,Jordan Love,QB,14.56,20.8799991607666,-6.319999160766601,6.319999160766601
2024,14,Brian Thomas Jr.,WR,10.29,16.600000381469727,-6.310000381469727,6.310000381469727
2025,17,Kyle Pitts,TE,9.91,3.5999999046325684,6.310000095367432,6.310000095367432
2025,5,Jerry Jeudy,WR,9.81,3.5,6.3100000000000005,6.3100000000000005
2023,17,Rashid Shaheed,WR,9.71,3.4000000953674316,6.309999904632569,6.309999904632569
2024,14,Matthew Stafford,QB,14.49,20.799999237060547,-6.309999237060547,6.309999237060547
2023,10,Sam Howell,QB,17.88,24.18000030517578,-6.300000305175782,6.300000305175782
2023,11,Lamar Jackson,QB,17.66,23.959999084472656,-6.299999084472656,6.299999084472656
2025,15,Ladd McConkey,WR,10.29,4.0,6.289999999999999,6.289999999999999
2023,8,Alvin Kamara,RB,20.71,27.0,-6.289999999999999,6.289999999999999
2023,10,Taylor Heinicke,QB,15.89,9.600000381469727,6.289999618530274,6.289999618530274
2023,13,Derek Carr,QB,15.22,8.9399995803833,6.2800004196167,6.2800004196167
2025,4,Jake Ferguson,TE,10.72,17.0,-6.279999999999999,6.279999999999999
2023,5,Josh Downs,WR,9.42,15.699999809265137,-6.279999809265137,6.279999809265137
2023,5,Christian McCaffrey,RB,20.08,13.800000190734863,6.279999809265135,6.279999809265135
2023,9,Bryce Young,QB,15.3,9.020000457763672,6.279999542236329,6.279999542236329
2023,17,Justin Jefferson,WR,17.17,10.899999618530273,6.270000381469728,6.270000381469728
2023,3,Brian Robinson,RB,13.27,7.0,6.27,6.27
2024,9,Brock Bowers,TE,9.23,15.5,-6.27,6.27
2025,12,Olamide Zaccheaus,WR,7.87,1.600000023841858,6.269999976158142,6.269999976158142
2023,17,Sam LaPorta,TE,9.13,15.399999618530273,-6.269999618530273,6.269999618530273
2023,14,Jake Browning,QB,17.44,23.700000762939453,-6.260000762939452,6.260000762939452
2024,16,Josh Downs,WR,8.84,15.100000381469727,-6.260000381469727,6.260000381469727
2024,10,Jordan Addison,WR,11.16,4.900000095367432,6.2599999046325685,6.2599999046325685
2023,14,Kyle Pitts,TE,8.44,14.699999809265137,-6.259999809265137,6.259999809265137
2024,10,CeeDee Lamb,WR,14.65,8.399999618530273,6.250000381469727,6.250000381469727
2025,12,Brenton Strange,TE,8.05,14.300000190734863,-6.250000190734863,6.250000190734863
2025,17,Quentin Johnston,WR,8.55,14.800000190734863,-6.250000190734863,6.250000190734863
2023,8,Michael Pittman,WR,11.75,18.0,-6.25,6.25
2023,3,Chuba Hubbard,RB,8.65,2.4000000953674316,6.249999904632569,6.249999904632569
2023,8,Amari Cooper,WR,8.65,14.899999618530273,-6.249999618530273,6.249999618530273
2023,3,Tutu Atwell,WR,10.96,17.200000762939453,-6.240000762939452,6.240000762939452
2025,3,Bijan Robinson,RB,22.34,16.100000381469727,6.239999618530273,6.239999618530273
2024,16,Jalen Coker,WR,9.03,2.799999952316284,6.230000047683715,6.230000047683715
2025,10,T.J. Hockenson,TE,9.03,2.799999952316284,6.230000047683715,6.230000047683715
2025,5,Chris Rodriguez Jr.,RB,6.93,0.699999988079071,6.230000011920929,6.230000011920929
2025,4,Travis Etienne,RB,13.27,19.5,-6.23,6.23
2023,16,Alvin Kamara,RB,14.73,8.5,6.23,6.23
2025,4,DeVonta Smith,WR,11.13,4.900000095367432,6.229999904632569,6.229999904632569
2023,3,Deshaun Watson,QB,14.93,21.15999984741211,-6.22999984741211,6.22999984741211
2023,9,Jalen Hurts,QB,19.65,25.8799991607666,-6.229999160766603,6.229999160766603
2024,10,Cole Kmet,TE,9.52,3.299999952316284,6.220000047683715,6.220000047683715
2024,6,Kyler Murray,QB,18.18,11.960000038146973,6.219999961853027,6.219999961853027
2025,16,Ja'Marr Chase,WR,13.68,19.899999618530273,-6.219999618530274,6.219999618530274
2024,4,Tyreek Hill,WR,14.41,8.199999809265137,6.210000190734863,6.210000190734863
2024,9,Tony Pollard,RB,12.19,18.399999618530273,-6.209999618530274,6.209999618530274
2025,3,Kyren Williams,RB,13.0,19.200000762939453,-6.200000762939453,6.200000762939453
2025,6,Josh Downs,WR,10.0,16.200000762939453,-6.200000762939453,6.200000762939453
2024,4,Courtland Sutton,WR,8.8,15.0,-6.199999999999999,6.199999999999999
2024,16,Romeo Doubs,WR,10.2,4.0,6.199999999999999,6.199999999999999
2023,12,Christian McCaffrey,RB,24.7,30.899999618530273,-6.199999618530274,6.199999618530274
2024,3,Andrei Iosivas,WR,10.01,16.200000762939453,-6.190000762939453,6.190000762939453
2024,14,Amon-Ra St. Brown,WR,16.49,10.300000190734863,6.189999809265135,6.189999809265135
2023,6,CeeDee Lamb,WR,12.52,18.700000762939453,-6.1800007629394536,6.1800007629394536
2023,3,Kirk Cousins,QB,19.5,25.68000030517578,-6.180000305175781,6.180000305175781
2023,4,Keenan Allen,WR,18.38,12.199999809265137,6.180000190734862,6.180000190734862
2023,11,Josh Jacobs,RB,12.28,6.099999904632568,6.180000095367431,6.180000095367431
2025,5,Justice Hill,RB,8.38,2.200000047683716,6.179999952316285,6.179999952316285
2024,3,Lamar Jackson,QB,19.8,25.979999542236328,-6.179999542236327,6.179999542236327
2025,5,Patrick Mahomes,QB,20.54,26.719999313354492,-6.179999313354493,6.179999313354493
2025,10,Jared Goff,QB,18.62,24.799999237060547,-6.179999237060546,6.179999237060546
2023,4,Geno Smith,QB,15.37,9.199999809265137,6.1700001907348625,6.1700001907348625
2023,17,Noah Brown,WR,7.97,1.7999999523162842,6.170000047683716,6.170000047683716
2025,6,Davante Adams,WR,14.07,7.900000095367432,6.169999904632569,6.169999904632569
2025,15,Davante Adams,WR,17.27,11.100000381469727,6.169999618530273,6.169999618530273
2025,4,Justin Herbert,QB,18.69,12.520000457763672,6.169999542236329,6.169999542236329
2024,5,Courtland Sutton,WR,11.36,5.199999809265137,6.160000190734863,6.160000190734863
2023,6,Joe Mixon,RB,15.36,9.199999809265137,6.160000190734863,6.160000190734863
2025,12,Marquise Brown,WR,8.16,2.0,6.16,6.16
2024,3,Zamir White,RB,9.56,3.4000000953674316,6.159999904632569,6.159999904632569
2023,12,Najee Harris,RB,9.74,15.899999618530273,-6.159999618530273,6.159999618530273
2024,5,Geno Smith,QB,16.4,22.559999465942383,-6.159999465942384,6.159999465942384
2025,10,Hunter Henry,TE,8.05,1.899999976158142,6.150000023841859,6.150000023841859
2025,16,Oronde Gadsden II,TE,7.85,1.7000000476837158,6.149999952316284,6.149999952316284
2023,8,Justin Herbert,QB,17.88,24.020000457763672,-6.140000457763673,6.140000457763673
2023,12,D'Andre Swift,RB,15.54,9.399999618530273,6.140000381469726,6.140000381469726
2023,7,Christian Watson,WR,11.84,5.699999809265137,6.140000190734863,6.140000190734863
2025,14,Amon-Ra St. Brown,WR,21.34,15.199999809265137,6.140000190734863,6.140000190734863
2024,17,Matthew Stafford,QB,15.3,9.15999984741211,6.140000152587891,6.140000152587891
2023,10,Curtis Samuel,WR,8.74,2.5999999046325684,6.140000095367432,6.140000095367432
2024,14,Allen Lazard,WR,8.94,2.799999952316284,6.140000047683715,6.140000047683715
2023,8,Jonnu Smith,TE,8.44,2.299999952316284,6.140000047683715,6.140000047683715
2025,13,Aaron Jones,RB,10.64,4.5,6.140000000000001,6.140000000000001
2024,7,Diontae Johnson,WR,8.84,2.700000047683716,6.139999952316284,6.139999952316284
2025,9,Keenan Allen,WR,12.23,6.099999904632568,6.130000095367432,6.130000095367432
2024,6,Tyjae Spears,RB,8.83,2.700000047683716,6.129999952316284,6.129999952316284
2025,11,Nick Chubb,RB,7.83,1.7000000476837158,6.129999952316284,6.129999952316284
2025,10,Jaxon Smith-Njigba,WR,14.17,20.299999237060547,-6.129999237060547,6.129999237060547
2025,7,Kareem Hunt,RB,7.92,1.7999999523162842,6.120000047683716,6.120000047683716
2025,8,Dalton Kincaid,TE,9.42,3.299999952316284,6.120000047683716,6.120000047683716
2023,13,Kyren Williams,RB,14.09,20.200000762939453,-6.110000762939453,6.110000762939453
2024,16,Courtland Sutton,WR,16.11,10.0,6.109999999999999,6.109999999999999
2025,11,Joe Flacco,QB,15.96,9.859999656677246,6.100000343322755,6.100000343322755
2023,7,Diontae Johnson,WR,6.8,12.899999618530273,-6.099999618530274,6.099999618530274
2025,5,Justin Jefferson,WR,13.2,19.299999237060547,-6.099999237060548,6.099999237060548
2024,17,Sam Darnold,QB,18.69,24.780000686645508,-6.0900006866455065,6.0900006866455065
2024,13,Bo Nix,QB,18.25,12.15999984741211,6.090000152587891,6.090000152587891
2023,4,AJ Dillon,RB,8.29,2.200000047683716,6.089999952316283,6.089999952316283
2024,12,Michael Pittman,WR,9.52,15.600000381469727,-6.080000381469727,6.080000381469727
2024,16,Najee Harris,RB,10.28,4.199999809265137,6.080000190734863,6.080000190734863
2024,11,Jordan Mason,RB,7.38,1.2999999523162842,6.080000047683716,6.080000047683716
2025,4,Jerome Ford,RB,7.38,1.2999999523162842,6.080000047683716,6.080000047683716
2024,14,Calvin Austin III,WR,7.48,1.399999976158142,6.080000023841858,6.080000023841858
2024,9,Patrick Mahomes,QB,18.47,24.540000915527344,-6.070000915527345,6.070000915527345
2025,17,Bryce Young,QB,14.93,8.859999656677246,6.070000343322754,6.070000343322754
2023,5,Nick Westbrook-Ikhine,WR,7.97,1.899999976158142,6.070000023841858,6.070000023841858
2023,8,Alexander Mattison,RB,10.37,4.300000190734863,6.069999809265136,6.069999809265136
2023,10,Chris Olave,WR,15.33,21.399999618530273,-6.069999618530273,6.069999618530273
2025,8,Kyle Pitts,TE,8.83,14.899999618530273,-6.069999618530273,6.069999618530273
2025,9,Jordan Addison,WR,14.46,8.399999618530273,6.060000381469727,6.060000381469727
2023,5,Garrett Wilson,WR,14.46,8.399999618530273,6.060000381469727,6.060000381469727
2025,3,Javonte Williams,RB,18.26,12.199999809265137,6.060000190734865,6.060000190734865
2024,15,Jaylen Warren,RB,8.56,2.5,6.0600000000000005,6.0600000000000005
2023,10,Irv Smith,TE,7.66,1.600000023841858,6.059999976158142,6.059999976158142
2023,4,Patrick Mahomes,QB,19.28,13.220000267028809,6.0599997329711925,6.0599997329711925
2023,16,DeVonta Smith,WR,11.84,17.899999618530273,-6.059999618530274,6.059999618530274
2025,11,Ashton Jeanty,RB,15.45,9.399999618530273,6.050000381469726,6.050000381469726
2023,14,Brandin Cooks,WR,11.75,5.699999809265137,6.050000190734863,6.050000190734863
2024,11,Jake Ferguson,TE,8.15,2.0999999046325684,6.050000095367432,6.050000095367432
2025,13,Stefon Diggs,WR,11.65,5.599999904632568,6.050000095367432,6.050000095367432
2023,3,Juwan Johnson,TE,9.25,3.200000047683716,6.049999952316284,6.049999952316284
2024,16,Hunter Henry,TE,7.85,13.899999618530273,-6.049999618530274,6.049999618530274
2023,16,Kyle Pitts,TE,7.85,13.899999618530273,-6.049999618530274,6.049999618530274
2025,8,Mac Jones,QB,11.98,18.020000457763672,-6.0400004577636714,6.0400004577636714
2025,9,Jauan Jennings,WR,8.06,14.100000381469727,-6.040000381469726,6.040000381469726
2023,5,Josh Allen,QB,21.72,27.760000228881836,-6.040000228881837,6.040000228881837
2024,7,Jerry Jeudy,WR,8.84,2.799999952316284,6.040000047683716,6.040000047683716
2023,17,DJ Chark,WR,8.84,2.799999952316284,6.040000047683716,6.040000047683716
2024,10,J.K. Dobbins,RB,14.54,8.5,6.039999999999999,6.039999999999999
2025,11,James Cook,RB,14.36,20.399999618530273,-6.039999618530274,6.039999618530274
2025,16,Tyrell Shavers,WR,9.13,3.0999999046325684,6.030000095367432,6.030000095367432
2025,5,Brenton Strange,TE,9.23,3.200000047683716,6.029999952316285,6.029999952316285
2025,13,TreVeyon Henderson,RB,17.63,11.600000381469727,6.029999618530272,6.029999618530272
2025,14,Emeka Egbuka,WR,9.52,3.5,6.02,6.02
2025,12,Kayshon Boutte,WR,9.52,3.5,6.02,6.02
2024,9,Marvin Harrison Jr.,WR,9.42,3.4000000953674316,6.019999904632568,6.019999904632568
2024,5,Kenneth Walker III,RB,20.62,14.600000381469727,6.019999618530274,6.019999618530274
2025,8,Dallas Goedert,TE,11.78,17.799999237060547,-6.0199992370605475,6.0199992370605475
2024,16,Justice Hill,RB,9.01,3.0,6.01,6.01
2025,7,David Montgomery,RB,11.91,5.900000095367432,6.0099999046325685,6.0099999046325685
2023,8,Josh Allen,QB,23.05,29.059999465942383,-6.009999465942382,6.009999465942382
2025,8,Woody Marks,RB,9.1,15.100000381469727,-6.000000381469727,6.000000381469727
2023,10,Kenny Pickett,QB,12.64,6.639999866485596,6.000000133514405,6.000000133514405
2024,16,Jaylen Warren,RB,8.2,14.199999809265137,-5.999999809265137,5.999999809265137
2023,13,Ezekiel Elliott,RB,7.2,13.199999809265137,-5.9999998092651365,5.9999998092651365
2023,16,CeeDee Lamb,WR,19.21,25.200000762939453,-5.990000762939452,5.990000762939452
2023,11,Cole Kmet,TE,10.99,5.0,5.99,5.99
2023,15,Deebo Samuel Sr.,WR,15.91,21.899999618530273,-5.989999618530273,5.989999618530273
2024,16,James Conner,RB,20.62,26.600000381469727,-5.980000381469726,5.980000381469726
2023,11,Christian Kirk,WR,13.78,7.800000190734863,5.979999809265136,5.979999809265136
2023,17,Dallas Goedert,TE,9.72,15.699999809265137,-5.979999809265136,5.979999809265136
2025,8,C.J. Stroud,QB,15.74,21.719999313354492,-5.979999313354492,5.979999313354492
2025,14,Kyle Pitts,TE,9.03,15.0,-5.970000000000001,5.970000000000001
2025,8,Jacory Croskey-Merritt,RB,8.47,2.5,5.970000000000001,5.970000000000001
2023,15,Jaxon Smith-Njigba,WR,8.84,14.800000190734863,-5.960000190734863,5.960000190734863
2025,17,Tyler Shough,QB,15.96,21.920000076293945,-5.9600000762939445,5.9600000762939445
2023,11,Jahmyr Gibbs,RB,15.54,21.5,-5.960000000000001,5.960000000000001
2025,8,Alvin Kamara,RB,12.46,6.5,5.960000000000001,5.960000000000001
2024,4,Mike Gesicki,TE,6.06,0.10000000149011612,5.9599999985098835,5.9599999985098835
2023,16,Dalton Kincaid,TE,7.66,1.7000000476837158,5.959999952316284,5.959999952316284
2024,6,Bo Nix,QB,14.78,20.739999771118164,-5.959999771118165,5.959999771118165
2024,3,Justin Jefferson,WR,14.15,20.100000381469727,-5.950000381469726,5.950000381469726
2025,4,Caleb Williams,QB,17.73,11.779999732971191,5.950000267028809,5.950000267028809
2025,17,Jameson Williams,WR,11.65,5.699999809265137,5.950000190734864,5.950000190734864
2024,6,Brandon Aiyuk,WR,11.65,5.699999809265137,5.950000190734864,5.950000190734864
2023,7,Michael Wilson,WR,11.55,5.599999904632568,5.950000095367432,5.950000095367432
2025,16,Kyle Pitts,TE,12.76,18.700000762939453,-5.940000762939453,5.940000762939453
2024,16,Sam Darnold,QB,17.0,22.940000534057617,-5.940000534057617,5.940000534057617
2023,7,Jared Goff,QB,15.3,9.359999656677246,5.940000343322755,5.940000343322755
2024,12,Amon-Ra St. Brown,WR,18.14,12.199999809265137,5.940000190734864,5.940000190734864
2024,4,Brandin Cooks,WR,8.54,2.5999999046325684,5.940000095367431,5.940000095367431
2023,4,Luke Musgrave,TE,7.04,1.100000023841858,5.939999976158142,5.939999976158142
2024,15,Justin Jefferson,WR,14.36,20.299999237060547,-5.939999237060547,5.939999237060547
2025,9,Chase Brown,RB,13.27,19.200000762939453,-5.9300007629394536,5.9300007629394536
2025,14,Sam Darnold,QB,16.33,22.260000228881836,-5.930000228881838,5.930000228881838
2024,7,Alexander Mattison,RB,9.37,15.300000190734863,-5.930000190734864,5.930000190734864
2025,17,Saquon Barkley,RB,12.73,6.800000190734863,5.929999809265137,5.929999809265137
2023,3,Tyler Lockett,WR,14.32,8.399999618530273,5.920000381469727,5.920000381469727
2025,8,Jonnu Smith,TE,9.62,3.700000047683716,5.919999952316283,5.919999952316283
2024,10,Jaleel McLaughlin,RB,7.11,1.2000000476837158,5.9099999523162845,5.9099999523162845
2025,15,Michael Wilson,WR,10.49,16.399999618530273,-5.909999618530273,5.909999618530273
2023,6,Tutu Atwell,WR,9.9,4.0,5.9,5.9
2024,12,Sam LaPorta,TE,10.8,4.900000095367432,5.899999904632569,5.899999904632569
2025,15,Terry McLaurin,WR,10.0,15.899999618530273,-5.899999618530273,5.899999618530273
2024,16,Derrick Henry,RB,15.0,20.899999618530273,-5.899999618530273,5.899999618530273
2025,15,Kyren Williams,RB,15.9,21.799999237060547,-5.8999992370605465,5.8999992370605465
2024,8,Darnell Mooney,WR,12.71,18.600000381469727,-5.890000381469726,5.890000381469726
2025,4,Geno Smith,QB,15.67,9.779999732971191,5.8900002670288085,5.8900002670288085
2025,7,CeeDee Lamb,WR,16.11,22.0,-5.890000000000001,5.890000000000001
2023,6,Dameon Pierce,RB,9.28,3.4000000953674316,5.879999904632568,5.879999904632568
2025,14,Justin Herbert,QB,18.03,12.15999984741211,5.870000152587892,5.870000152587892
2025,16,Lil'Jordan Humphrey,WR,7.77,1.899999976158142,5.8700000238418575,5.8700000238418575
2025,9,Zach Charbonnet,RB,11.46,5.599999904632568,5.8600000953674325,5.8600000953674325
2023,3,Joshua Kelley,RB,8.56,2.700000047683716,5.859999952316285,5.859999952316285
2024,3,Hunter Henry,TE,8.76,2.9000000953674316,5.859999904632568,5.859999904632568
2024,9,Jake Ferguson,TE,8.25,14.100000381469727,-5.850000381469727,5.850000381469727
2024,9,Josh Palmer,WR,8.45,14.300000190734863,-5.850000190734864,5.850000190734864
2025,15,Breece Hall,RB,11.55,5.699999809265137,5.850000190734864,5.850000190734864
2023,5,Kyren Williams,RB,13.55,7.699999809265137,5.850000190734864,5.850000190734864
2024,9,Aaron Rodgers,QB,14.49,20.34000015258789,-5.85000015258789,5.85000015258789
2025,10,Alvin Kamara,RB,8.65,14.5,-5.85,5.85
2024,14,Devin Singletary,RB,6.65,0.800000011920929,5.849999988079071,5.849999988079071
2024,3,David Montgomery,RB,15.36,21.200000762939453,-5.840000762939454,5.840000762939454
2024,16,Jakobi Meyers,WR,11.94,6.099999904632568,5.840000095367431,5.840000095367431
2023,15,Brandin Cooks,WR,8.84,3.0,5.84,5.84
2024,11,Ja'Marr Chase,WR,20.66,26.5,-5.84,5.84
2024,4,C.J. Stroud,QB,17.66,23.5,-5.84,5.84
2025,14,Chris Olave,WR,11.84,6.0,5.84,5.84
2024,8,Justice Hill,RB,8.74,2.9000000953674316,5.839999904632569,5.839999904632569
2024,15,Xavier Legette,WR,8.74,2.9000000953674316,5.839999904632569,5.839999904632569
2023,16,Derrick Henry,RB,15.54,21.3799991607666,-5.839999160766602,5.839999160766602
2025,6,Geno Smith,QB,14.49,8.65999984741211,5.830000152587891,5.830000152587891
2025,12,Joe Flacco,QB,15.45,9.619999885559082,5.830000114440917,5.830000114440917
2025,10,Jacory Croskey-Merritt,RB,8.83,3.0,5.83,5.83
2024,16,Justin Herbert,QB,16.33,22.15999984741211,-5.829999847412111,5.829999847412111
2025,16,Drake Maye,QB,17.88,23.700000762939453,-5.820000762939454,5.820000762939454
2025,13,Parker Washington,WR,9.42,3.5999999046325684,5.820000095367432,5.820000095367432
2025,15,Zach Charbonnet,RB,8.92,3.0999999046325684,5.820000095367432,5.820000095367432
2023,3,Jahan Dotson,WR,9.92,4.099999904632568,5.820000095367432,5.820000095367432
2025,15,Mark Andrews,TE,9.62,3.799999952316284,5.820000047683715,5.820000047683715
2023,13,Jerome Ford,RB,8.38,14.199999809265137,-5.819999809265136,5.819999809265136
2023,15,Diontae Johnson,WR,10.39,16.200000762939453,-5.810000762939453,5.810000762939453
2025,14,Ja'Marr Chase,WR,16.01,10.199999809265137,5.810000190734865,5.810000190734865
2023,17,Ja'Marr Chase,WR,12.91,7.099999904632568,5.810000095367432,5.810000095367432
2023,13,Jaxon Smith-Njigba,WR,7.39,13.199999809265137,-5.809999809265137,5.809999809265137
2025,8,Deebo Samuel Sr.,WR,10.0,4.199999809265137,5.800000190734863,5.800000190734863
2024,8,Jordan Addison,WR,10.0,4.199999809265137,5.800000190734863,5.800000190734863
2024,5,James Cook,RB,12.1,17.899999618530273,-5.799999618530274,5.799999618530274
2023,17,Puka Nacua,WR,12.91,18.700000762939453,-5.790000762939453,5.790000762939453
2023,4,Sam Howell,QB,13.82,19.600000381469727,-5.780000381469726,5.780000381469726
2023,6,Keenan Allen,WR,15.72,21.5,-5.779999999999999,5.779999999999999
2025,10,Kyren Williams,RB,16.63,22.399999618530273,-5.769999618530274,5.769999618530274
2023,12,Michael Pittman,WR,14.94,20.700000762939453,-5.760000762939454,5.760000762939454
2023,16,Christian McCaffrey,RB,19.35,25.100000381469727,-5.750000381469725,5.750000381469725
2024,9,Jerry Jeudy,WR,8.55,14.300000190734863,-5.750000190734863,5.750000190734863
2025,7,Olamide Zaccheaus,WR,8.65,2.9000000953674316,5.749999904632569,5.749999904632569
2023,10,Courtland Sutton,WR,11.55,17.299999237060547,-5.749999237060546,5.749999237060546
2024,9,Xavier Legette,WR,8.16,13.899999618530273,-5.739999618530273,5.739999618530273
2023,9,Jahan Dotson,WR,11.16,16.899999618530273,-5.739999618530273,5.739999618530273
2025,4,Breece Hall,RB,10.37,16.100000381469727,-5.730000381469727,5.730000381469727
2025,11,Tyler Higbee,TE,9.03,3.299999952316284,5.730000047683715,5.730000047683715
2024,7,Sam LaPorta,TE,9.23,3.5,5.73,5.73
2024,3,Sam Darnold,QB,17.51,23.239999771118164,-5.7299997711181625,5.7299997711181625
2023,8,Chris Olave,WR,15.33,9.600000381469727,5.7299996185302735,5.7299996185302735
2023,5,Travis Kelce,TE,16.98,22.700000762939453,-5.720000762939453,5.720000762939453
2025,12,Jordan Mason,RB,9.92,4.199999809265137,5.720000190734863,5.720000190734863
2023,6,Tyler Higbee,TE,9.52,3.799999952316284,5.720000047683715,5.720000047683715
2025,5,Elic Ayomanor,WR,9.52,3.799999952316284,5.720000047683715,5.720000047683715
2025,17,TreVeyon Henderson,RB,13.91,8.199999809265137,5.710000190734863,5.710000190734863
2025,13,Troy Franklin,WR,9.81,4.099999904632568,5.710000095367432,5.710000095367432
2024,5,Elijah Moore,WR,9.81,4.099999904632568,5.710000095367432,5.710000095367432
2023,11,C.J. Stroud,QB,21.05,15.34000015258789,5.70999984741211,5.70999984741211
2023,17,Jalen Hurts,QB,24.89,19.18000030517578,5.709999694824219,5.709999694824219
2025,7,Tyler Warren,TE,11.19,16.899999618530273,-5.709999618530274,5.709999618530274
2025,10,Amon-Ra St. Brown,WR,22.5,16.799999237060547,5.700000762939453,5.700000762939453
2025,10,Stefon Diggs,WR,9.9,15.600000381469727,-5.700000381469726,5.700000381469726
2024,15,Josh Jacobs,RB,15.9,21.600000381469727,-5.700000381469726,5.700000381469726
2023,4,Gabe Davis,WR,9.4,15.100000381469727,-5.700000381469726,5.700000381469726
2025,15,Tyler Warren,TE,10.6,4.900000095367432,5.699999904632568,5.699999904632568
2025,12,Caleb Williams,QB,15.96,21.65999984741211,-5.6999998474121085,5.6999998474121085
2023,13,Samaje Perine,RB,8.29,2.5999999046325684,5.690000095367431,5.690000095367431
2024,12,Ezekiel Elliott,RB,6.29,0.6000000238418579,5.689999976158142,5.689999976158142
2023,9,Joe Burrow,QB,16.63,22.31999969482422,-5.68999969482422,5.68999969482422
2025,7,Drake London,WR,13.88,8.199999809265137,5.680000190734864,5.680000190734864
2024,5,Josh Allen,QB,20.32,14.640000343322754,5.679999656677246,5.679999656677246
2024,9,Derrick Henry,RB,20.62,26.299999237060547,-5.679999237060546,5.679999237060546
2023,15,Gardner Minshew,QB,14.93,20.600000381469727,-5.670000381469727,5.670000381469727
2023,13,Bryce Young,QB,12.79,7.119999885559082,5.670000114440917,5.670000114440917
2024,9,Justin Jefferson,WR,15.91,21.579999923706055,-5.6699999237060545,5.6699999237060545
2025,15,Michael Pittman,WR,11.26,5.599999904632568,5.660000095367431,5.660000095367431
2025,11,Jalen Nailor,WR,8.26,2.5999999046325684,5.660000095367431,5.660000095367431
2025,16,Justin Jefferson,WR,8.84,14.5,-5.66,5.66
2025,4,Derrick Henry,RB,13.46,7.800000190734863,5.659999809265138,5.659999809265138
2025,6,Jacory Croskey-Merritt,RB,11.46,5.800000190734863,5.659999809265138,5.659999809265138
2025,8,Terry McLaurin,WR,8.74,14.399999618530273,-5.659999618530273,5.659999618530273
2024,16,Bucky Irving,RB,12.55,18.200000762939453,-5.650000762939452,5.650000762939452
2024,12,Sam Darnold,QB,15.45,21.100000381469727,-5.650000381469727,5.650000381469727
2023,12,Tommy DeVito,QB,15.89,10.239999771118164,5.6500002288818365,5.6500002288818365
2023,10,Josh Downs,WR,11.65,6.0,5.65,5.65
2023,10,Allen Lazard,WR,8.35,2.700000047683716,5.649999952316284,5.649999952316284
2024,16,Keon Coleman,WR,8.35,2.700000047683716,5.649999952316284,5.649999952316284
2024,15,Cole Kmet,TE,8.05,2.4000000953674316,5.649999904632569,5.649999904632569
2025,11,Aaron Rodgers,QB,15.08,9.4399995803833,5.640000419616699,5.640000419616699
2024,15,Chuba Hubbard,RB,14.54,8.899999618530273,5.640000381469726,5.640000381469726
2023,16,Jaylen Waddle,WR,11.84,6.199999809265137,5.640000190734863,5.640000190734863
2025,15,Hunter Henry,TE,8.44,2.799999952316284,5.640000047683715,5.640000047683715
2025,10,Rashid Shaheed,WR,8.94,3.299999952316284,5.640000047683715,5.640000047683715
2024,7,David Montgomery,RB,13.64,8.0,5.640000000000001,5.640000000000001
2023,14,Austin Ekeler,RB,15.36,21.0,-5.640000000000001,5.640000000000001
2024,9,Jameis Winston,QB,15.74,10.100000381469727,5.639999618530274,5.639999618530274
2023,16,Matthew Stafford,QB,15.08,20.719999313354492,-5.639999313354492,5.639999313354492
2024,12,Jaxon Smith-Njigba,WR,14.07,19.700000762939453,-5.630000762939453,5.630000762939453
2023,10,Saquon Barkley,RB,12.73,7.099999904632568,5.630000095367432,5.630000095367432
2024,6,Tyler Lockett,WR,10.87,16.5,-5.630000000000001,5.630000000000001
2024,7,Alec Pierce,WR,9.13,3.5,5.630000000000001,5.630000000000001
2024,13,Nico Collins,WR,14.27,19.899999618530273,-5.629999618530274,5.629999618530274
2024,16,Caleb Williams,QB,17.14,22.760000228881836,-5.620000228881835,5.620000228881835
2023,4,Christian Kirk,WR,10.78,16.399999618530273,-5.619999618530274,5.619999618530274
2024,9,Kareem Hunt,RB,13.09,18.700000762939453,-5.610000762939453,5.610000762939453
2023,10,Terry McLaurin,WR,12.91,7.300000190734863,5.609999809265137,5.609999809265137
2024,14,Kirk Cousins,QB,15.37,9.760000228881836,5.609999771118163,5.609999771118163
2025,7,Tucker Kraft,TE,11.19,16.799999237060547,-5.609999237060547,5.609999237060547
2025,4,Jameson Williams,WR,11.3,5.699999809265137,5.600000190734864,5.600000190734864
2024,3,Tyreek Hill,WR,12.6,7.0,5.6,5.6
2025,6,Hunter Henry,TE,11.29,5.699999809265137,5.590000190734862,5.590000190734862
2023,8,Dameon Pierce,RB,10.19,4.599999904632568,5.590000095367431,5.590000095367431
2023,17,Patrick Mahomes,QB,17.59,12.0,5.59,5.59
2025,9,Woody Marks,RB,8.29,2.700000047683716,5.589999952316283,5.589999952316283
2025,13,Brian Thomas Jr.,WR,10.39,4.800000190734863,5.589999809265137,5.589999809265137
2024,15,Marvin Harrison Jr.,WR,10.78,5.199999809265137,5.580000190734863,5.580000190734863
2024,3,Brock Bowers,TE,12.68,7.099999904632568,5.580000095367431,5.580000095367431
2024,4,George Kittle,TE,8.92,14.5,-5.58,5.58
2023,14,Justin Fields,QB,19.14,24.719999313354492,-5.579999313354492,5.579999313354492
2024,17,DeMario Douglas,WR,9.03,14.600000381469727,-5.570000381469727,5.570000381469727
2023,9,Zach Wilson,QB,12.79,7.21999979019165,5.570000209808349,5.570000209808349
2025,11,Calvin Ridley,WR,7.87,2.299999952316284,5.570000047683716,5.570000047683716
2023,14,Khalil Shakir,WR,7.77,2.200000047683716,5.569999952316284,5.569999952316284
2023,12,Tyler Boyd,WR,10.87,5.300000190734863,5.569999809265136,5.569999809265136
2025,3,Tetairoa McMillan,WR,13.37,7.800000190734863,5.569999809265136,5.569999809265136
2024,6,Chase Brown,RB,8.83,14.399999618530273,-5.569999618530273,5.569999618530273
2023,6,Derrick Henry,RB,13.73,19.299999237060547,-5.5699992370605464,5.5699992370605464
2023,6,Breece Hall,RB,14.73,20.299999237060547,-5.5699992370605464,5.5699992370605464
2025,16,Kayshon Boutte,WR,8.16,2.5999999046325684,5.560000095367432,5.560000095367432
2025,12,Dalton Schultz,TE,7.36,1.7999999523162842,5.560000047683716,5.560000047683716
2023,6,Noah Fant,TE,7.46,1.899999976158142,5.560000023841858,5.560000023841858
2023,15,Logan Thomas,TE,7.26,1.7000000476837158,5.559999952316284,5.559999952316284
2025,7,KaVontae Turpin,WR,8.26,2.700000047683716,5.559999952316284,5.559999952316284
2024,8,Keenan Allen,WR,11.46,5.900000095367432,5.559999904632569,5.559999904632569
2024,16,Geno Smith,QB,15.81,21.360000610351562,-5.550000610351562,5.550000610351562
2025,10,Jordan Mason,RB,9.65,4.099999904632568,5.550000095367432,5.550000095367432
2024,11,Nick Chubb,RB,10.55,5.0,5.550000000000001,5.550000000000001
2024,12,Brock Bowers,TE,13.35,7.800000190734863,5.549999809265136,5.549999809265136
2024,3,Kyler Murray,QB,20.32,14.779999732971191,5.540000267028809,5.540000267028809
2024,13,Chase Brown,RB,13.46,19.0,-5.539999999999999,5.539999999999999
2023,9,Jamaal Williams,RB,8.74,3.200000047683716,5.539999952316284,5.539999952316284
2023,10,DK Metcalf,WR,11.26,16.799999237060547,-5.539999237060547,5.539999237060547
2023,11,Zach Wilson,QB,12.27,6.739999771118164,5.5300002288818355,5.5300002288818355
2024,4,Rhamondre Stevenson,RB,13.73,8.199999809265137,5.530000190734864,5.530000190734864
2024,13,Devin Singletary,RB,7.83,2.299999952316284,5.530000047683716,5.530000047683716
2025,13,Josh Jacobs,RB,15.63,10.100000381469727,5.529999618530274,5.529999618530274
2025,10,Saquon Barkley,RB,18.63,13.100000381469727,5.529999618530272,5.529999618530272
2023,14,Bijan Robinson,RB,14.27,19.799999237060547,-5.529999237060547,5.529999237060547
2024,16,Jordan Love,QB,17.0,11.479999542236328,5.520000457763672,5.520000457763672
2024,3,Bo Nix,QB,13.82,19.34000015258789,-5.52000015258789,5.52000015258789
2025,5,Woody Marks,RB,7.92,2.4000000953674316,5.519999904632568,5.519999904632568
2023,5,Brian Robinson,RB,13.82,8.300000190734863,5.519999809265137,5.519999809265137
2023,3,Khalil Herbert,RB,9.01,3.5,5.51,5.51
2024,9,Sam LaPorta,TE,10.31,4.800000190734863,5.509999809265137,5.509999809265137
2025,12,Rico Dowdle,RB,16.9,11.399999618530273,5.500000381469725,5.500000381469725
2023,10,Evan Engram,TE,10.7,5.199999809265137,5.500000190734863,5.500000190734863
2023,7,Van Jefferson,WR,7.0,1.5,5.5,5.5
2024,5,Cam Akers,RB,7.2,12.699999809265137,-5.4999998092651365,5.4999998092651365
2024,12,Mark Andrews,TE,10.11,15.600000381469727,-5.490000381469727,5.490000381469727
2025,6,Zach Charbonnet,RB,10.19,4.699999809265137,5.490000190734863,5.490000190734863
2023,10,Nick Westbrook-Ikhine,WR,7.39,1.899999976158142,5.490000023841858,5.490000023841858
2023,13,Rondale Moore,WR,7.09,1.600000023841858,5.489999976158142,5.489999976158142
2024,12,Jerome Ford,RB,9.19,3.700000047683716,5.489999952316284,5.489999952316284
2024,5,CeeDee Lamb,WR,16.88,11.399999618530273,5.480000381469726,5.480000381469726
2024,17,Zay Flowers,WR,10.58,5.099999904632568,5.480000095367432,5.480000095367432
2024,11,Jaleel McLaughlin,RB,7.38,1.899999976158142,5.480000023841858,5.480000023841858
2024,14,A.J. Brown,WR,13.78,8.300000190734863,5.479999809265136,5.479999809265136
2025,3,Brenton Strange,TE,6.63,12.100000381469727,-5.470000381469727,5.470000381469727
2024,13,Hunter Henry,TE,9.03,14.5,-5.470000000000001,5.470000000000001
2023,17,Saquon Barkley,RB,14.27,8.800000190734863,5.469999809265136,5.469999809265136
2024,12,James Conner,RB,15.36,9.899999618530273,5.460000381469726,5.460000381469726
2025,14,Dalton Kincaid,TE,8.64,14.100000381469727,-5.460000381469726,5.460000381469726
2023,17,Easton Stick,QB,17.36,11.899999618530273,5.460000381469726,5.460000381469726
2025,11,Jalen Hurts,QB,19.95,14.5,5.449999999999999,5.449999999999999
2024,12,Raheem Mostert,RB,6.65,1.2000000476837158,5.4499999523162845,5.4499999523162845
2023,4,Adam Thielen,WR,9.75,15.199999809265137,-5.449999809265137,5.449999809265137
2024,13,Joe Mixon,RB,16.45,21.899999618530273,-5.449999618530274,5.449999618530274
2025,13,Jauan Jennings,WR,8.45,13.899999618530273,-5.449999618530274,5.449999618530274
2024,14,Tucker Kraft,TE,7.66,13.100000381469727,-5.440000381469726,5.440000381469726
2024,8,Dalton Kincaid,TE,7.66,13.100000381469727,-5.440000381469726,5.440000381469726
2023,17,Dalton Kincaid,TE,7.26,12.699999809265137,-5.439999809265137,5.439999809265137
2023,17,Kyler Murray,QB,18.25,23.68000030517578,-5.430000305175781,5.430000305175781
2025,8,Jaylen Warren,RB,14.73,9.300000190734863,5.429999809265137,5.429999809265137
2024,10,Terry McLaurin,WR,10.87,16.299999237060547,-5.429999237060548,5.429999237060548
2023,5,Tony Pollard,RB,13.82,8.399999618530273,5.420000381469727,5.420000381469727
2024,6,Jake Ferguson,TE,9.52,4.099999904632568,5.420000095367431,5.420000095367431
2025,10,Travis Etienne,RB,10.28,15.699999809265137,-5.419999809265137,5.419999809265137
2024,9,Drake London,WR,16.11,10.699999809265137,5.410000190734863,5.410000190734863
2024,15,Zach Ertz,TE,9.91,4.5,5.41,5.41
2023,4,Dawson Knox,TE,7.61,2.200000047683716,5.4099999523162845,5.4099999523162845
2023,14,Jordan Addison,WR,10.1,4.699999809265137,5.400000190734863,5.400000190734863
2023,9,Isiah Pacheco,RB,12.0,6.599999904632568,5.400000095367432,5.400000095367432
2024,10,Justice Hill,RB,7.2,1.7999999523162842,5.400000047683716,5.400000047683716
2024,15,Joe Mixon,RB,16.0,10.600000381469727,5.399999618530273,5.399999618530273
2023,15,Jakobi Meyers,WR,10.29,15.680000305175781,-5.390000305175782,5.390000305175782
2025,14,Ashton Jeanty,RB,11.19,5.800000190734863,5.389999809265136,5.389999809265136
2024,3,Chris Godwin Jr.,WR,11.91,17.299999237060547,-5.389999237060547,5.389999237060547
2024,17,Bo Nix,QB,16.48,21.860000610351562,-5.380000610351562,5.380000610351562
2025,7,Alec Pierce,WR,9.42,14.800000190734863,-5.380000190734863,5.380000190734863
2023,7,Jakobi Meyers,WR,12.62,18.0,-5.380000000000001,5.380000000000001
2024,7,Najee Harris,RB,10.83,16.200000762939453,-5.370000762939453,5.370000762939453
2023,14,Derrick Henry,RB,12.73,18.100000381469727,-5.370000381469726,5.370000381469726
2023,5,CeeDee Lamb,WR,14.27,8.899999618530273,5.370000381469726,5.370000381469726
2024,4,Travis Etienne,RB,12.37,7.0,5.369999999999999,5.369999999999999
2025,11,David Njoku,TE,7.07,1.7000000476837158,5.3699999523162845,5.3699999523162845
2024,4,Keenan Allen,WR,10.27,4.900000095367432,5.369999904632568,5.369999904632568
2024,14,Rico Dowdle,RB,9.74,15.100000381469727,-5.360000381469726,5.360000381469726
2024,13,James Cook,RB,13.64,19.0,-5.359999999999999,5.359999999999999
2024,14,Keenan Allen,WR,11.36,6.0,5.359999999999999,5.359999999999999
2024,14,Chris Brooks,RB,5.66,0.30000001192092896,5.359999988079071,5.359999988079071
2025,6,David Montgomery,RB,13.46,8.100000381469727,5.359999618530274,5.359999618530274
2023,16,Brandon Aiyuk,WR,11.94,17.299999237060547,-5.359999237060547,5.359999237060547
2025,4,Calvin Ridley,WR,10.35,5.0,5.35,5.35
2023,4,Rashid Shaheed,WR,11.65,6.300000190734863,5.349999809265137,5.349999809265137
2025,7,Courtland Sutton,WR,11.36,16.700000762939453,-5.340000762939454,5.340000762939454
2023,16,Rachaad White,RB,14.36,19.700000762939453,-5.340000762939454,5.340000762939454
2024,3,Geno Smith,QB,16.7,11.359999656677246,5.340000343322753,5.340000343322753
2023,6,Austin Ekeler,RB,15.54,10.199999809265137,5.340000190734862,5.340000190734862
2024,10,Kyren Williams,RB,16.54,11.199999809265137,5.340000190734862,5.340000190734862
2023,6,Calvin Ridley,WR,11.94,6.599999904632568,5.340000095367431,5.340000095367431
2024,3,Justin Herbert,QB,14.34,9.0,5.34,5.34
2023,4,Mike Evans,WR,12.34,7.0,5.34,5.34
2025,17,Caleb Williams,QB,17.66,23.0,-5.34,5.34
2025,10,Kenny Gainwell,RB,7.74,2.4000000953674316,5.339999904632569,5.339999904632569
2024,3,J.K. Dobbins,RB,13.73,8.399999618530273,5.330000381469727,5.330000381469727
2024,14,Jaxon Smith-Njigba,WR,14.27,19.600000381469727,-5.330000381469727,5.330000381469727
2025,5,Tetairoa McMillan,WR,7.97,13.300000190734863,-5.3300001907348635,5.3300001907348635
2025,4,Isiah Pacheco,RB,7.47,12.800000190734863,-5.3300001907348635,5.3300001907348635
2024,3,Garrett Wilson,WR,8.97,14.300000190734863,-5.330000190734863,5.330000190734863
2023,14,Michael Pittman,WR,14.17,19.5,-5.33,5.33
2024,8,David Njoku,TE,11.78,17.100000381469727,-5.320000381469727,5.320000381469727
2023,13,Patrick Mahomes,QB,18.32,13.0,5.32,5.32
2025,3,Patrick Mahomes,QB,18.47,13.15999984741211,5.3100001525878895,5.3100001525878895
2024,4,Tre Tucker,WR,10.09,15.399999618530273,-5.309999618530274,5.309999618530274
2023,4,Jared Goff,QB,16.7,11.399999618530273,5.300000381469726,5.300000381469726
2025,13,DJ Moore,WR,10.0,4.699999809265137,5.300000190734863,5.300000190734863
2025,3,Derrick Henry,RB,16.0,10.699999809265137,5.300000190734863,5.300000190734863
2025,15,Jaylen Waddle,WR,9.9,4.599999904632568,5.300000095367432,5.300000095367432
2025,17,Courtland Sutton,WR,13.3,8.0,5.300000000000001,5.300000000000001
2023,12,T.J. Hockenson,TE,10.7,16.0,-5.300000000000001,5.300000000000001
2024,14,Nick Chubb,RB,10.1,4.800000190734863,5.299999809265136,5.299999809265136
2023,16,AJ Dillon,RB,9.1,14.399999618530273,-5.299999618530274,5.299999618530274
2023,16,Jake Browning,QB,18.69,13.399999618530273,5.290000381469728,5.290000381469728
2023,3,Patrick Mahomes,QB,20.39,25.68000030517578,-5.290000305175781,5.290000305175781
2024,15,Nico Collins,WR,12.42,17.700000762939453,-5.280000762939453,5.280000762939453
2025,14,Jakobi Meyers,WR,9.52,14.800000190734863,-5.280000190734864,5.280000190734864
2023,4,George Pickens,WR,10.78,5.5,5.279999999999999,5.279999999999999
2024,9,Geno Smith,QB,16.85,22.1200008392334,-5.270000839233397,5.270000839233397
2023,6,Mike Evans,WR,14.17,8.899999618530273,5.2700003814697265,5.2700003814697265
2024,17,Drake London,WR,12.33,17.600000381469727,-5.2700003814697265,5.2700003814697265
2024,12,Jayden Reed,WR,10.87,5.599999904632568,5.270000095367431,5.270000095367431
2023,12,James Cook,RB,10.73,16.0,-5.27,5.27
2023,17,Kyle Pitts,TE,6.77,1.5,5.27,5.27
2023,11,Tony Pollard,RB,12.73,18.0,-5.27,5.27
2025,15,DK Metcalf,WR,9.23,14.5,-5.27,5.27
2025,8,Chris Rodriguez Jr.,RB,5.47,0.20000000298023224,5.2699999970197675,5.2699999970197675
2024,17,Noah Gray,TE,6.87,1.600000023841858,5.269999976158142,5.269999976158142
2024,15,DK Metcalf,WR,11.07,5.800000190734863,5.269999809265137,5.269999809265137
2025,12,Justin Jefferson,WR,14.07,8.800000190734863,5.269999809265137,5.269999809265137
2025,7,Aaron Rodgers,QB,17.29,22.559999465942383,-5.269999465942384,5.269999465942384
2025,10,Trevor Lawrence,QB,15.08,9.819999694824219,5.260000305175781,5.260000305175781
2025,13,David Njoku,TE,7.66,2.4000000953674316,5.2599999046325685,5.2599999046325685
2024,11,Drake London,WR,14.36,9.100000381469727,5.259999618530273,5.259999618530273
2024,16,Kyren Williams,RB,14.64,19.899999618530273,-5.259999618530273,5.259999618530273
2024,8,Chuba Hubbard,RB,14.36,9.100000381469727,5.259999618530273,5.259999618530273
2023,12,Jerry Jeudy,WR,8.35,3.0999999046325684,5.250000095367431,5.250000095367431
2024,13,Calvin Ridley,WR,11.75,6.5,5.25,5.25
2025,13,Brenton Strange,TE,8.25,13.5,-5.25,5.25
2024,9,David Njoku,TE,13.15,7.900000095367432,5.249999904632569,5.249999904632569
2024,7,Christian Kirk,WR,8.65,3.4000000953674316,5.249999904632569,5.249999904632569
2023,11,Baker Mayfield,QB,15.59,10.34000015258789,5.249999847412109,5.249999847412109
2023,14,Dak Prescott,QB,23.19,17.940000534057617,5.249999465942384,5.249999465942384
2025,14,Lamar Jackson,QB,15.81,21.059999465942383,-5.249999465942382,5.249999465942382
2023,12,Austin Ekeler,RB,14.64,9.399999618530273,5.240000381469727,5.240000381469727
2023,13,Tyjae Spears,RB,7.56,12.800000190734863,-5.240000190734864,5.240000190734864
2024,17,Davante Adams,WR,14.94,9.699999809265137,5.240000190734863,5.240000190734863
2023,9,K.J. Osborn,WR,8.94,3.700000047683716,5.239999952316284,5.239999952316284
2024,9,Romeo Doubs,WR,12.04,6.800000190734863,5.239999809265136,5.239999809265136
2025,15,Wan'Dale Robinson,WR,11.16,16.399999618530273,-5.239999618530273,5.239999618530273
2023,16,Tyler Lockett,WR,10.87,16.100000381469727,-5.230000381469727,5.230000381469727
2024,7,Tony Pollard,RB,13.73,8.5,5.23,5.23
2023,17,Dalton Schultz,TE,9.13,3.9000000953674316,5.229999904632569,5.229999904632569
2025,10,Keenan Allen,WR,9.13,3.9000000953674316,5.229999904632569,5.229999904632569
2023,16,Elijah Moore,WR,9.13,3.9000000953674316,5.229999904632569,5.229999904632569
2025,12,Kyle Pitts,TE,9.72,4.5,5.220000000000001,5.220000000000001
2023,9,Mark Andrews,TE,11.78,17.0,-5.220000000000001,5.220000000000001
2023,10,Joe Mixon,RB,17.72,12.5,5.219999999999999,5.219999999999999
2024,14,Ameer Abdullah,RB,6.02,0.800000011920929,5.219999988079071,5.219999988079071
2024,7,Brandon Aiyuk,WR,9.52,4.300000190734863,5.219999809265136,5.219999809265136
2024,5,Baker Mayfield,QB,18.18,23.399999618530273,-5.219999618530274,5.219999618530274
2023,15,De'Von Achane,RB,13.18,18.399999618530273,-5.219999618530274,5.219999618530274
2025,8,Courtland Sutton,WR,15.91,10.699999809265137,5.210000190734863,5.210000190734863
2023,13,Elijah Moore,WR,7.09,12.300000190734863,-5.210000190734863,5.210000190734863
2023,10,Clayton Tune,QB,11.31,6.099999904632568,5.210000095367432,5.210000095367432
2025,6,Sam LaPorta,TE,11.29,16.5,-5.210000000000001,5.210000000000001
2024,4,Bucky Irving,RB,7.29,12.5,-5.21,5.21
2025,3,Bryce Young,QB,16.85,11.640000343322754,5.2099996566772475,5.2099996566772475
2025,13,Chase Brown,RB,13.09,18.299999237060547,-5.209999237060547,5.209999237060547
2023,3,Miles Sanders,RB,12.0,17.200000762939453,-5.200000762939453,5.200000762939453
2024,13,Anthony Richardson,QB,15.96,21.15999984741211,-5.1999998474121085,5.1999998474121085
2024,7,Justin Jefferson,WR,16.2,21.399999618530273,-5.199999618530274,5.199999618530274
2023,17,Deebo Samuel Sr.,WR,13.01,18.200000762939453,-5.190000762939453,5.190000762939453
2024,8,Breece Hall,RB,15.09,9.899999618530273,5.190000381469726,5.190000381469726
2025,14,Jared Goff,QB,21.35,16.15999984741211,5.190000152587892,5.190000152587892
2025,15,Jacoby Brissett,QB,15.37,20.559999465942383,-5.189999465942384,5.189999465942384
2024,8,Courtland Sutton,WR,11.94,17.1200008392334,-5.180000839233399,5.180000839233399
2024,3,Jaxon Smith-Njigba,WR,12.08,6.900000095367432,5.179999904632568,5.179999904632568
2025,5,Drake Maye,QB,17.29,12.119999885559082,5.170000114440917,5.170000114440917
2023,10,Jared Goff,QB,15.96,21.1200008392334,-5.160000839233398,5.160000839233398
2025,7,Jayden Daniels,QB,22.9,17.739999771118164,5.1600002288818345,5.1600002288818345
2024,6,Jordan Mason,RB,14.36,9.199999809265137,5.160000190734863,5.160000190734863
2023,3,CeeDee Lamb,WR,15.36,10.199999809265137,5.160000190734863,5.160000190734863
2024,14,Pat Freiermuth,TE,8.64,13.800000190734863,-5.160000190734863,5.160000190734863
2023,17,A.J. Brown,WR,14.46,9.300000190734863,5.159999809265138,5.159999809265138
2024,16,Isiah Pacheco,RB,8.65,3.5,5.15,5.15
2025,3,Tucker Kraft,TE,11.05,5.900000095367432,5.149999904632569,5.149999904632569
2024,10,Breece Hall,RB,17.45,12.300000190734863,5.149999809265136,5.149999809265136
2025,7,Kyle Pitts,TE,8.05,13.199999809265137,-5.149999809265136,5.149999809265136
2023,11,Najee Harris,RB,9.74,4.599999904632568,5.140000095367432,5.140000095367432
2024,9,Alexander Mattison,RB,8.74,3.5999999046325684,5.140000095367432,5.140000095367432
2025,15,Rachaad White,RB,8.74,3.5999999046325684,5.140000095367432,5.140000095367432
2023,12,Logan Thomas,TE,8.64,3.5,5.140000000000001,5.140000000000001
2025,11,Caleb Williams,QB,15.45,10.319999694824219,5.1300003051757805,5.1300003051757805
2024,15,Isaiah Likely,TE,8.83,3.700000047683716,5.129999952316284,5.129999952316284
2024,7,Isaiah Likely,TE,8.83,3.700000047683716,5.129999952316284,5.129999952316284
2025,3,Chuba Hubbard,RB,14.73,9.600000381469727,5.129999618530274,5.129999618530274
2023,14,Sam LaPorta,TE,9.82,4.699999809265137,5.120000190734864,5.120000190734864
2025,6,Tony Pollard,RB,11.82,6.699999809265137,5.120000190734864,5.120000190734864
2023,3,Justin Jefferson,WR,22.78,27.899999618530273,-5.119999618530272,5.119999618530272
2025,6,Daniel Jones,QB,17.36,22.479999542236328,-5.119999542236329,5.119999542236329
2025,14,Saquon Barkley,RB,13.09,18.200000762939453,-5.110000762939453,5.110000762939453
2024,5,Bijan Robinson,RB,15.81,10.699999809265137,5.110000190734864,5.110000190734864
2025,10,Zach Charbonnet,RB,9.19,14.300000190734863,-5.110000190734864,5.110000190734864
2024,3,Brandin Cooks,WR,8.71,3.5999999046325684,5.1100000953674325,5.1100000953674325
2025,6,Breece Hall,RB,11.01,5.900000095367432,5.109999904632568,5.109999904632568
2025,12,Jauan Jennings,WR,10.0,15.100000381469727,-5.100000381469727,5.100000381469727
2025,16,DK Metcalf,WR,13.3,8.199999809265137,5.100000190734864,5.100000190734864
2023,4,Rhamondre Stevenson,RB,11.1,6.0,5.1,5.1
2025,12,Bam Knight,RB,8.1,13.199999809265137,-5.099999809265137,5.099999809265137
2025,6,Marvin Harrison Jr.,WR,10.29,5.199999809265137,5.090000190734862,5.090000190734862
2025,13,Kareem Hunt,RB,14.09,9.0,5.09,5.09
2024,6,Lamar Jackson,QB,24.01,18.920000076293945,5.089999923706056,5.089999923706056
2025,9,Darnell Mooney,WR,7.58,2.5,5.08,5.08
2023,12,Drake London,WR,9.03,14.100000381469727,-5.070000381469727,5.070000381469727
2025,16,Brock Bowers,TE,9.23,14.300000190734863,-5.070000190734863,5.070000190734863
2025,13,Isiah Pacheco,RB,10.37,5.300000190734863,5.069999809265136,5.069999809265136
2023,12,Garrett Wilson,WR,12.33,17.399999618530273,-5.069999618530273,5.069999618530273
2025,13,James Cook,RB,13.64,18.700000762939453,-5.060000762939453,5.060000762939453
2023,9,Tyler Lockett,WR,11.26,6.199999809265137,5.060000190734863,5.060000190734863
2023,3,Dalton Schultz,TE,6.96,1.899999976158142,5.060000023841858,5.060000023841858
2024,5,Justice Hill,RB,8.56,3.5,5.0600000000000005,5.0600000000000005
2024,14,Kyle Pitts,TE,7.46,2.4000000953674316,5.059999904632568,5.059999904632568
2025,9,Puka Nacua,WR,17.75,22.799999237060547,-5.049999237060547,5.049999237060547
2023,7,D'Andre Swift,RB,15.54,10.5,5.039999999999999,5.039999999999999
2024,17,Tyreek Hill,WR,14.46,19.5,-5.039999999999999,5.039999999999999
2025,5,Marvin Mims Jr.,WR,8.94,3.9000000953674316,5.039999904632568,5.039999904632568
2025,5,Mark Andrews,TE,9.23,4.199999809265137,5.030000190734864,5.030000190734864
2023,6,Tee Higgins,WR,9.03,4.0,5.029999999999999,5.029999999999999
2024,4,Saquon Barkley,RB,18.63,13.600000381469727,5.029999618530272,5.029999618530272
2023,12,Travis Etienne,RB,17.63,12.600000381469727,5.029999618530272,5.029999618530272
2023,16,Garrett Wilson,WR,10.78,15.800000190734863,-5.020000190734864,5.020000190734864
2024,13,Aaron Jones,RB,14.82,9.800000190734863,5.019999809265137,5.019999809265137
2023,10,D'Onta Foreman,RB,12.19,17.200000762939453,-5.010000762939454,5.010000762939454
2025,7,Carson Wentz,QB,16.33,11.319999694824219,5.0100003051757795,5.0100003051757795
2024,16,Zay Flowers,WR,10.29,15.300000190734863,-5.010000190734864,5.010000190734864
2024,11,C.J. Stroud,QB,15.89,10.880000114440918,5.009999885559083,5.009999885559083
2024,3,Javonte Williams,RB,11.1,6.099999904632568,5.000000095367431,5.000000095367431
2024,11,Khalil Shakir,WR,10.0,15.0,-5.0,5.0
2023,5,David Montgomery,RB,15.9,20.899999618530273,-4.999999618530273,4.999999618530273
2025,12,Tee Higgins,WR,13.1,8.100000381469727,4.999999618530273,4.999999618530273
2024,17,Bijan Robinson,RB,19.8,24.799999237060547,-4.999999237060546,4.999999237060546
2025,3,Trey McBride,TE,10.31,15.300000190734863,-4.990000190734863,4.990000190734863
2025,3,Cooper Kupp,WR,10.09,5.099999904632568,4.9900000953674315,4.9900000953674315
2025,8,Rachaad White,RB,13.09,8.100000381469727,4.989999618530273,4.989999618530273
2023,8,Christian Kirk,WR,13.59,8.600000381469727,4.989999618530273,4.989999618530273
2025,9,Chris Olave,WR,13.68,8.699999809265137,4.980000190734863,4.980000190734863
2024,8,Javonte Williams,RB,14.18,9.199999809265137,4.980000190734863,4.980000190734863
2024,5,Zack Moss,RB,13.18,8.199999809265137,4.980000190734863,4.980000190734863
2025,5,Chris Godwin Jr.,WR,10.58,5.599999904632568,4.980000095367432,4.980000095367432
2024,5,Trevor Lawrence,QB,16.26,21.239999771118164,-4.9799997711181625,4.9799997711181625
2025,13,Jonathan Taylor,RB,20.08,15.100000381469727,4.979999618530272,4.979999618530272
2024,8,Kyren Williams,RB,17.63,22.600000381469727,-4.970000381469728,4.970000381469728
2023,3,Samaje Perine,RB,9.37,4.400000095367432,4.969999904632568,4.969999904632568
2023,15,Cole Kmet,TE,8.34,13.300000190734863,-4.960000190734863,4.960000190734863
2025,6,Troy Franklin,WR,8.06,3.0999999046325684,4.960000095367432,4.960000095367432
2025,15,Omarion Hampton,RB,12.46,7.5,4.960000000000001,4.960000000000001
2024,16,Terry McLaurin,WR,12.04,17.0,-4.960000000000001,4.960000000000001
2024,7,Jalen Hurts,QB,17.81,22.760000228881836,-4.950000228881837,4.950000228881837
2023,11,Diontae Johnson,WR,8.55,3.5999999046325684,4.950000095367432,4.950000095367432
2025,5,Breece Hall,RB,12.55,17.5,-4.949999999999999,4.949999999999999
2023,15,Elijah Moore,WR,8.65,3.700000047683716,4.9499999523162845,4.9499999523162845
2023,10,Darnell Mooney,WR,8.35,3.4000000953674316,4.949999904632568,4.949999904632568
2025,4,Ja'Marr Chase,WR,12.25,7.300000190734863,4.949999809265137,4.949999809265137
2024,5,Allen Lazard,WR,8.45,13.399999618530273,-4.949999618530274,4.949999618530274
2024,7,Kenneth Walker III,RB,18.35,23.299999237060547,-4.9499992370605455,4.9499992370605455
2025,15,Josh Allen,QB,19.58,24.520000457763672,-4.940000457763674,4.940000457763674
2024,12,Noah Brown,WR,8.16,13.100000381469727,-4.940000381469726,4.940000381469726
2025,9,Kareem Hunt,RB,7.56,12.5,-4.94,4.94
2025,16,Chimere Dike,WR,8.06,13.0,-4.9399999999999995,4.9399999999999995
2023,7,Rhamondre Stevenson,RB,9.56,14.5,-4.9399999999999995,4.9399999999999995
2025,10,Isaiah Likely,TE,8.64,3.700000047683716,4.939999952316285,4.939999952316285
2025,11,Kyle Pitts,TE,8.34,3.4000000953674316,4.939999904632568,4.939999904632568
2024,11,Tyler Lockett,WR,8.84,3.9000000953674316,4.939999904632568,4.939999904632568
2024,14,David Njoku,TE,12.27,17.200000762939453,-4.9300007629394536,4.9300007629394536
2024,13,Tony Pollard,RB,13.73,8.800000190734863,4.929999809265137,4.929999809265137
2023,13,Calvin Ridley,WR,12.23,7.300000190734863,4.929999809265137,4.929999809265137
2023,13,Cooper Kupp,WR,10.97,15.899999618530273,-4.929999618530273,4.929999618530273
2023,7,Gerald Everett,TE,6.68,11.600000381469727,-4.920000381469727,4.920000381469727
2024,17,Marvin Harrison Jr.,WR,10.68,15.600000381469727,-4.920000381469727,4.920000381469727
2023,9,Christian Watson,WR,9.61,4.699999809265137,4.910000190734863,4.910000190734863
2025,11,Woody Marks,RB,11.01,6.099999904632568,4.910000095367431,4.910000095367431
2025,3,Nick Chubb,RB,11.91,7.0,4.91,4.91
2024,7,Malik Nabers,WR,13.01,8.100000381469727,4.909999618530273,4.909999618530273
2025,16,Blake Corum,RB,8.2,13.100000381469727,-4.900000381469727,4.900000381469727
2023,11,Tyler Boyd,WR,10.1,5.199999809265137,4.900000190734863,4.900000190734863
2024,11,J.K. Dobbins,RB,14.0,18.899999618530273,-4.899999618530273,4.899999618530273
2023,4,D'Andre Swift,RB,13.0,17.899999618530273,-4.899999618530273,4.899999618530273
2024,8,De'Von Achane,RB,31.6,26.700000762939453,4.899999237060548,4.899999237060548
2025,15,Dak Prescott,QB,16.85,11.960000038146973,4.889999961853029,4.889999961853029
2023,3,Hunter Henry,TE,8.59,3.700000047683716,4.889999952316284,4.889999952316284
2023,3,Tony Pollard,RB,19.99,15.100000381469727,4.889999618530272,4.889999618530272
2024,12,Cedric Tillman,WR,7.68,2.799999952316284,4.8800000476837155,4.8800000476837155
2024,11,Zach Charbonnet,RB,7.38,2.5,4.88,4.88
2023,16,Cade Otton,TE,6.58,1.7000000476837158,4.879999952316284,4.879999952316284
2024,15,Rome Odunze,WR,10.78,5.900000095367432,4.879999904632568,4.879999904632568
2025,17,RJ Harvey,RB,13.73,18.600000381469727,-4.870000381469726,4.870000381469726
2024,10,Devin Singletary,RB,10.37,5.5,4.869999999999999,4.869999999999999
2025,5,Rhamondre Stevenson,RB,9.83,14.699999809265137,-4.869999809265137,4.869999809265137
2024,16,Anthony Richardson,QB,15.37,20.239999771118164,-4.869999771118165,4.869999771118165
2025,9,Wan'Dale Robinson,WR,8.74,13.600000381469727,-4.860000381469726,4.860000381469726
2023,3,Dawson Knox,TE,6.96,2.0999999046325684,4.860000095367432,4.860000095367432
2023,6,Jake Ferguson,TE,7.36,2.5,4.86,4.86
2025,6,Khalil Shakir,WR,11.16,6.300000190734863,4.859999809265137,4.859999809265137
2024,17,A.J. Brown,WR,17.46,12.600000381469727,4.859999618530274,4.859999618530274
2025,17,Jalen Coker,WR,8.45,3.5999999046325684,4.850000095367431,4.850000095367431
2023,16,Justin Fields,QB,19.65,24.5,-4.850000000000001,4.850000000000001
2025,10,Ashton Jeanty,RB,10.46,15.300000190734863,-4.840000190734862,4.840000190734862
2025,3,Jordan Love,QB,15.96,11.119999885559082,4.840000114440919,4.840000114440919
2025,6,Keon Coleman,WR,8.94,4.099999904632568,4.840000095367431,4.840000095367431
2024,13,Josh Palmer,WR,8.94,4.099999904632568,4.840000095367431,4.840000095367431
2025,3,Emeka Egbuka,WR,9.66,14.5,-4.84,4.84
2024,7,Jordan Mason,RB,13.73,8.899999618530273,4.830000381469727,4.830000381469727
2025,15,Jerry Jeudy,WR,9.03,4.199999809265137,4.830000190734863,4.830000190734863
2024,12,Cade Otton,TE,8.83,4.0,4.83,4.83
2025,9,Jaxon Smith-Njigba,WR,17.17,22.0,-4.829999999999998,4.829999999999998
2023,17,Jared Goff,QB,15.67,10.84000015258789,4.829999847412109,4.829999847412109
2023,7,George Pickens,WR,10.87,15.699999809265137,-4.8299998092651375,4.8299998092651375
2025,10,Bijan Robinson,RB,15.63,10.800000190734863,4.8299998092651375,4.8299998092651375
2024,17,Jordan Addison,WR,14.07,18.899999618530273,-4.829999618530273,4.829999618530273
2023,8,Brandon Aiyuk,WR,11.07,15.899999618530273,-4.829999618530273,4.829999618530273
2023,9,Austin Ekeler,RB,16.18,21.0,-4.82,4.82
2025,4,Jakobi Meyers,WR,11.82,7.0,4.82,4.82
2024,16,Adam Thielen,WR,10.49,15.300000190734863,-4.810000190734863,4.810000190734863
2025,7,DK Metcalf,WR,12.81,8.0,4.8100000000000005,4.8100000000000005
2023,3,Josh Downs,WR,8.89,13.699999809265137,-4.809999809265136,4.809999809265136
2025,14,Trevor Lawrence,QB,14.56,19.360000610351562,-4.800000610351562,4.800000610351562
2024,8,Joe Burrow,QB,17.66,12.859999656677246,4.800000343322754,4.800000343322754
2023,7,Sam Howell,QB,14.26,9.460000038146973,4.799999961853027,4.799999961853027
2025,3,Rachaad White,RB,7.2,2.4000000953674316,4.7999999046325685,4.7999999046325685
2024,16,Cooper Kupp,WR,10.2,5.400000095367432,4.799999904632568,4.799999904632568
2025,10,Courtland Sutton,WR,10.2,5.400000095367432,4.799999904632568,4.799999904632568
2023,4,Jalen Hurts,QB,19.36,24.15999984741211,-4.79999984741211,4.79999984741211
2024,6,Jordan Love,QB,20.83,25.6200008392334,-4.7900008392334,4.7900008392334
2023,11,D'Andre Swift,RB,14.91,19.700000762939453,-4.790000762939453,4.790000762939453
2025,3,C.J. Stroud,QB,15.15,10.359999656677246,4.790000343322754,4.790000343322754
2023,16,Najee Harris,RB,9.01,13.800000190734863,-4.7900001907348635,4.7900001907348635
2025,17,De'Von Achane,RB,18.99,14.199999809265137,4.790000190734862,4.790000190734862
2024,12,Jerry Jeudy,WR,9.71,14.5,-4.789999999999999,4.789999999999999
2023,15,Stefon Diggs,WR,13.59,8.800000190734863,4.789999809265137,4.789999809265137
2025,4,Jared Goff,QB,17.51,12.720000267028809,4.789999732971193,4.789999732971193
2024,10,Derek Carr,QB,15.67,20.459999084472656,-4.789999084472656,4.789999084472656
2023,8,Calvin Ridley,WR,9.52,14.300000190734863,-4.780000190734864,4.780000190734864
2024,5,Stefon Diggs,WR,9.42,14.199999809265137,-4.779999809265137,4.779999809265137
2023,12,Ja'Marr Chase,WR,16.88,12.100000381469727,4.779999618530272,4.779999618530272
2024,11,Nico Collins,WR,14.17,9.399999618530273,4.7700003814697265,4.7700003814697265
2024,13,Tucker Kraft,TE,9.03,13.800000190734863,-4.770000190734864,4.770000190734864
2024,12,Deebo Samuel Sr.,WR,7.87,3.0999999046325684,4.770000095367432,4.770000095367432
2023,16,Curtis Samuel,WR,7.77,3.0,4.77,4.77
2023,9,Tyreek Hill,WR,17.27,12.5,4.77,4.77
2024,4,Dallas Goedert,TE,8.43,13.199999809265137,-4.769999809265137,4.769999809265137
2024,13,Lamar Jackson,QB,20.61,25.3799991607666,-4.769999160766602,4.769999160766602
2025,8,Brashard Smith,RB,5.56,0.800000011920929,4.759999988079071,4.759999988079071
2023,8,Jamaal Williams,RB,9.56,4.800000190734863,4.759999809265137,4.759999809265137
2025,3,Ladd McConkey,WR,12.86,8.100000381469727,4.759999618530273,4.759999618530273
2023,16,Saquon Barkley,RB,14.64,19.399999618530273,-4.759999618530273,4.759999618530273
2025,8,Jalen Hurts,QB,20.61,25.360000610351562,-4.750000610351563,4.750000610351563
2023,14,Jerry Jeudy,WR,8.35,3.5999999046325684,4.750000095367431,4.750000095367431
2025,16,Brian Thomas Jr.,WR,8.55,3.799999952316284,4.7500000476837165,4.7500000476837165
2024,16,Michael Pittman,WR,8.65,3.9000000953674316,4.749999904632569,4.749999904632569
2025,4,Wan'Dale Robinson,WR,9.15,4.400000095367432,4.749999904632569,4.749999904632569
2024,11,Pat Freiermuth,TE,8.15,3.4000000953674316,4.749999904632569,4.749999904632569
2025,8,Caleb Williams,QB,16.55,11.800000190734863,4.749999809265137,4.749999809265137
2025,11,Jared Goff,QB,16.85,12.100000381469727,4.749999618530275,4.749999618530275
2025,12,Bijan Robinson,RB,19.44,14.699999809265137,4.740000190734865,4.740000190734865
2023,9,Baker Mayfield,QB,14.26,19.0,-4.74,4.74
2023,8,Ja'Marr Chase,WR,20.47,25.200000762939453,-4.730000762939454,4.730000762939454
2024,16,Tony Pollard,RB,12.73,8.0,4.73,4.73
2025,17,DeVonta Smith,WR,9.23,4.5,4.73,4.73
2024,5,Tyler Conklin,TE,6.77,11.5,-4.73,4.73
2024,11,Rome Odunze,WR,7.77,12.5,-4.73,4.73
2023,11,T.J. Hockenson,TE,14.23,9.5,4.73,4.73
2025,10,Oronde Gadsden II,TE,9.03,4.300000190734863,4.729999809265136,4.729999809265136
2025,8,T.J. Hockenson,TE,9.32,4.599999904632568,4.720000095367432,4.720000095367432
2024,4,Marvin Harrison Jr.,WR,10.78,15.5,-4.720000000000001,4.720000000000001
2025,12,Breece Hall,RB,9.19,13.899999618530273,-4.709999618530274,4.709999618530274
2025,7,D'Andre Swift,RB,16.09,20.799999237060547,-4.709999237060547,4.709999237060547
2024,12,Dallas Goedert,TE,10.6,5.900000095367432,4.699999904632568,4.699999904632568
2025,6,Kareem Hunt,RB,9.1,4.400000095367432,4.699999904632568,4.699999904632568
2023,11,Raheem Mostert,RB,15.0,10.300000190734863,4.699999809265137,4.699999809265137
2025,13,Chris Olave,WR,10.0,14.699999809265137,-4.699999809265137,4.699999809265137
2023,8,Josh Jacobs,RB,12.1,16.799999237060547,-4.699999237060547,4.699999237060547
2023,9,D'Andre Swift,RB,14.09,9.399999618530273,4.690000381469726,4.690000381469726
2024,15,Aaron Jones,RB,13.91,18.600000381469727,-4.690000381469726,4.690000381469726
2024,17,Mark Andrews,TE,10.11,14.800000190734863,-4.690000190734864,4.690000190734864
2023,3,Hayden Hurst,TE,6.79,2.0999999046325684,4.690000095367432,4.690000095367432
2023,3,Zach Ertz,TE,7.29,2.5999999046325684,4.690000095367432,4.690000095367432
2023,6,Jared Goff,QB,17.73,22.420000076293945,-4.690000076293945,4.690000076293945
2024,9,Bijan Robinson,RB,16.81,21.5,-4.690000000000001,4.690000000000001
2024,14,Drake London,WR,16.69,12.0,4.690000000000001,4.690000000000001
2025,9,Nico Collins,WR,9.81,14.5,-4.6899999999999995,4.6899999999999995
2023,15,Kyler Murray,QB,18.03,13.34000015258789,4.6899998474121105,4.6899998474121105
2024,8,Zach Ertz,TE,10.01,14.699999809265137,-4.689999809265137,4.689999809265137
2024,10,Matthew Stafford,QB,14.41,9.720000267028809,4.6899997329711915,4.6899997329711915
2025,12,Ricky Pearsall,WR,7.48,2.799999952316284,4.680000047683716,4.680000047683716
2025,7,Drake Maye,QB,18.4,23.079999923706055,-4.679999923706056,4.679999923706056
2023,17,Jake Browning,QB,16.4,21.079999923706055,-4.679999923706056,4.679999923706056
2025,12,Jerry Jeudy,WR,7.58,2.9000000953674316,4.679999904632568,4.679999904632568
2023,8,Jared Goff,QB,17.36,12.680000305175781,4.679999694824218,4.679999694824218
2023,6,A.J. Brown,WR,15.43,20.100000381469727,-4.670000381469727,4.670000381469727
2023,15,Tyjae Spears,RB,9.37,4.699999809265137,4.6700001907348625,4.6700001907348625
2024,13,Marvin Harrison Jr.,WR,12.33,17.0,-4.67,4.67
2024,4,DeMario Douglas,WR,8.97,4.300000190734863,4.669999809265137,4.669999809265137
2023,16,Isiah Pacheco,RB,15.27,10.600000381469727,4.669999618530273,4.669999618530273
2024,8,Bucky Irving,RB,10.73,15.399999618530273,-4.669999618530273,4.669999618530273
2024,7,DK Metcalf,WR,15.23,19.899999618530273,-4.669999618530273,4.669999618530273
2023,14,Josh Allen,QB,25.19,20.520000457763672,4.669999542236329,4.669999542236329
2025,3,Dak Prescott,QB,16.7,12.039999961853027,4.660000038146972,4.660000038146972
2025,13,Cade Otton,TE,7.56,2.9000000953674316,4.659999904632568,4.659999904632568
2025,17,Kenny Gainwell,RB,11.46,6.800000190734863,4.659999809265138,4.659999809265138
2023,16,Kyler Murray,QB,15.74,20.399999618530273,-4.659999618530273,4.659999618530273
2023,5,Cooper Kupp,WR,15.14,19.799999237060547,-4.659999237060546,4.659999237060546
2023,9,Allen Lazard,WR,8.45,3.799999952316284,4.650000047683715,4.650000047683715
2024,3,Trey McBride,TE,10.15,5.5,4.65,4.65
2025,15,Kayshon Boutte,WR,8.65,4.0,4.65,4.65
2023,7,Noah Fant,TE,8.15,3.5,4.65,4.65
2025,17,Justin Jefferson,WR,11.65,7.0,4.65,4.65
2023,17,Demarcus Robinson,WR,8.55,13.199999809265137,-4.649999809265136,4.649999809265136
2024,16,Wan'Dale Robinson,WR,8.55,13.199999809265137,-4.649999809265136,4.649999809265136
2023,13,A.J. Brown,WR,14.75,19.399999618530273,-4.649999618530273,4.649999618530273
2023,16,Evan Engram,TE,12.86,17.5,-4.640000000000001,4.640000000000001
2023,3,DeVante Parker,WR,8.54,3.9000000953674316,4.6399999046325675,4.6399999046325675
2024,9,Amon-Ra St. Brown,WR,13.97,18.600000381469727,-4.630000381469726,4.630000381469726
2024,12,Jordan Mason,RB,6.93,2.299999952316284,4.6300000476837155,4.6300000476837155
2024,8,Raheem Mostert,RB,11.37,16.0,-4.630000000000001,4.630000000000001
2023,16,Gus Edwards,RB,9.37,14.0,-4.630000000000001,4.630000000000001
2024,12,Zach Charbonnet,RB,6.83,2.200000047683716,4.629999952316284,4.629999952316284
2025,8,Dalton Schultz,TE,9.03,4.400000095367432,4.629999904632568,4.629999904632568
2025,8,Javonte Williams,RB,13.27,17.899999618530273,-4.629999618530274,4.629999618530274
2024,12,Bryce Young,QB,11.9,16.520000457763672,-4.6200004577636715,4.6200004577636715
2024,6,Brock Bowers,TE,11.48,16.100000381469727,-4.620000381469726,4.620000381469726
2025,7,Breece Hall,RB,11.82,7.199999809265137,4.620000190734864,4.620000190734864
2023,4,Tank Dell,WR,12.42,7.800000190734863,4.619999809265137,4.619999809265137
2024,16,Tyrone Tracy Jr.,RB,12.28,16.899999618530273,-4.619999618530274,4.619999618530274
2024,15,Jaxon Smith-Njigba,WR,13.68,18.299999237060547,-4.619999237060547,4.619999237060547
2024,7,Marvin Harrison Jr.,WR,9.71,5.099999904632568,4.6100000953674325,4.6100000953674325
2023,5,Kenny Gainwell,RB,8.01,3.4000000953674316,4.609999904632568,4.609999904632568
2025,16,Rico Dowdle,RB,12.91,8.300000190734863,4.609999809265137,4.609999809265137
2023,14,Joe Mixon,RB,16.9,21.5,-4.600000000000001,4.600000000000001
2023,9,Darrell Henderson,RB,10.1,5.5,4.6,4.6
2024,13,A.J. Brown,WR,16.2,11.600000381469727,4.599999618530273,4.599999618530273
2023,8,Garrett Wilson,WR,13.01,17.600000381469727,-4.590000381469727,4.590000381469727
2024,10,DJ Moore,WR,10.29,5.699999809265137,4.590000190734862,4.590000190734862
2025,14,Aaron Jones,RB,12.19,7.599999904632568,4.590000095367431,4.590000095367431
2023,17,Kenneth Walker III,RB,11.91,16.5,-4.59,4.59
2023,11,Chig Okonkwo,TE,6.19,1.600000023841858,4.5899999761581425,4.5899999761581425
2023,6,Curtis Samuel,WR,9.61,14.199999809265137,-4.589999809265137,4.589999809265137
2025,12,DK Metcalf,WR,9.81,14.399999618530273,-4.589999618530273,4.589999618530273
2025,7,Brian Thomas Jr.,WR,10.68,6.099999904632568,4.580000095367431,4.580000095367431
2023,17,Rachaad White,RB,13.18,8.600000381469727,4.579999618530273,4.579999618530273
2025,3,J.K. Dobbins,RB,10.73,15.300000190734863,-4.570000190734863,4.570000190734863
2024,14,DeVonta Smith,WR,9.13,13.699999809265137,-4.569999809265136,4.569999809265136
2023,8,Christian Watson,WR,10.87,6.300000190734863,4.569999809265136,4.569999809265136
2025,3,Chris Olave,WR,11.13,15.699999809265137,-4.569999809265136,4.569999809265136
2023,14,Zach Charbonnet,RB,10.37,5.800000190734863,4.569999809265136,4.569999809265136
2024,11,Jordan Love,QB,15.67,20.239999771118164,-4.569999771118164,4.569999771118164
2024,5,Alvin Kamara,RB,17.17,12.600000381469727,4.569999618530275,4.569999618530275
2024,11,Christian McCaffrey,RB,19.17,14.600000381469727,4.569999618530275,4.569999618530275
2025,9,Ladd McConkey,WR,14.17,9.600000381469727,4.569999618530273,4.569999618530273
2025,14,Michael Pittman,WR,12.33,16.899999618530273,-4.569999618530273,4.569999618530273
2025,6,Keenan Allen,WR,11.26,6.699999809265137,4.560000190734863,4.560000190734863
2025,16,Gunnar Helm,TE,7.46,2.9000000953674316,4.559999904632568,4.559999904632568
2023,8,Tyson Bagent,QB,15.74,11.180000305175781,4.559999694824219,4.559999694824219
2024,14,Christian Watson,WR,8.84,13.399999618530273,-4.559999618530274,4.559999618530274
2024,13,George Pickens,WR,11.84,16.399999618530273,-4.559999618530274,4.559999618530274
2023,4,Russell Wilson,QB,17.66,22.219999313354492,-4.559999313354492,4.559999313354492
2025,17,Ladd McConkey,WR,8.65,4.099999904632568,4.550000095367432,4.550000095367432
2024,12,Tyler Lockett,WR,8.55,4.0,4.550000000000001,4.550000000000001
2024,7,Zack Moss,RB,11.55,7.0,4.550000000000001,4.550000000000001
2024,11,Demarcus Robinson,WR,8.45,3.9000000953674316,4.549999904632568,4.549999904632568
2024,11,Brian Robinson,RB,9.65,14.199999809265137,-4.549999809265136,4.549999809265136
2025,7,Zach Ertz,TE,8.15,12.699999809265137,-4.549999809265136,4.549999809265136
2024,8,Jerry Jeudy,WR,8.35,12.899999618530273,-4.549999618530274,4.549999618530274
2024,5,Nico Collins,WR,11.26,15.800000190734863,-4.5400001907348635,4.5400001907348635
2025,16,Colby Parkinson,TE,8.64,4.099999904632568,4.540000095367432,4.540000095367432
2025,12,AJ Barner,TE,8.34,3.799999952316284,4.540000047683716,4.540000047683716
2025,4,D'Andre Swift,RB,11.46,16.0,-4.539999999999999,4.539999999999999
2024,3,Amon-Ra St. Brown,WR,15.96,20.5,-4.539999999999999,4.539999999999999
2023,10,Christian Watson,WR,8.84,4.300000190734863,4.539999809265137,4.539999809265137
2025,10,David Montgomery,RB,14.64,10.100000381469727,4.539999618530274,4.539999618530274
2023,3,Rachaad White,RB,11.73,7.199999809265137,4.530000190734864,4.530000190734864
2024,16,T.J. Hockenson,TE,9.23,4.699999809265137,4.530000190734864,4.530000190734864
2023,12,Jake Ferguson,TE,9.03,4.5,4.529999999999999,4.529999999999999
2024,10,Dalton Kincaid,TE,8.93,4.400000095367432,4.529999904632568,4.529999904632568
2025,8,Kyle Monangai,RB,6.93,2.4000000953674316,4.529999904632568,4.529999904632568
2023,17,Joe Mixon,RB,14.18,18.700000762939453,-4.520000762939453,4.520000762939453
2023,11,Jalen Hurts,QB,23.42,18.899999618530273,4.520000381469728,4.520000381469728
2024,10,Raheem Mostert,RB,9.92,5.400000095367432,4.519999904632568,4.519999904632568
2025,10,Sam LaPorta,TE,14.82,10.300000190734863,4.519999809265137,4.519999809265137
2023,7,Sam LaPorta,TE,6.68,11.199999809265137,-4.519999809265137,4.519999809265137
2025,13,Shedeur Sanders,QB,15.08,10.5600004196167,4.519999580383301,4.519999580383301
2023,9,Rashid Shaheed,WR,9.71,5.199999809265137,4.510000190734864,4.510000190734864
2024,3,Davante Adams,WR,12.51,8.0,4.51,4.51
2024,13,T.J. Hockenson,TE,10.31,5.800000190734863,4.509999809265137,4.509999809265137
2025,16,Travis Etienne,RB,12.1,16.600000381469727,-4.500000381469727,4.500000381469727
2024,17,Darnell Mooney,WR,10.2,5.699999809265137,4.500000190734863,4.500000190734863
2024,6,Kirk Cousins,QB,17.0,12.5,4.5,4.5
2025,8,Zay Flowers,WR,9.61,14.100000381469727,-4.490000381469727,4.490000381469727
2023,7,Jayden Reed,WR,6.61,11.100000381469727,-4.490000381469726,4.490000381469726
2024,12,Geno Smith,QB,16.85,12.359999656677246,4.490000343322755,4.490000343322755
2023,16,Deebo Samuel Sr.,WR,13.88,9.399999618530273,4.480000381469727,4.480000381469727
2025,11,DJ Moore,WR,7.58,3.0999999046325684,4.480000095367432,4.480000095367432
2024,17,Amon-Ra St. Brown,WR,15.52,20.0,-4.48,4.48
2025,8,Isiah Pacheco,RB,10.28,5.800000190734863,4.479999809265136,4.479999809265136
2024,11,Josh Allen,QB,19.5,23.979999542236328,-4.479999542236328,4.479999542236328
2023,9,Josh Allen,QB,20.24,24.719999313354492,-4.479999313354494,4.479999313354494
2023,9,Gus Edwards,RB,12.73,17.200000762939453,-4.470000762939453,4.470000762939453
2024,16,Bo Nix,QB,16.55,21.020000457763672,-4.470000457763671,4.470000457763671
2023,5,Michael Gallup,WR,7.97,3.5,4.47,4.47
2025,13,Rachaad White,RB,10.37,5.900000095367432,4.469999904632568,4.469999904632568
2025,16,Bo Nix,QB,19.65,15.180000305175781,4.469999694824217,4.469999694824217
2024,12,Cole Kmet,TE,8.93,13.399999618530273,-4.469999618530274,4.469999618530274
2023,14,CeeDee Lamb,WR,23.57,19.100000381469727,4.469999618530274,4.469999618530274
2025,17,Tee Higgins,WR,14.36,9.899999618530273,4.460000381469726,4.460000381469726
2023,13,Bijan Robinson,RB,15.36,10.899999618530273,4.460000381469726,4.460000381469726
2023,8,Luke Musgrave,TE,7.36,2.9000000953674316,4.459999904632569,4.459999904632569
2024,5,Terry McLaurin,WR,8.94,13.399999618530273,-4.459999618530274,4.459999618530274
2024,8,Nick Chubb,RB,9.65,5.199999809265137,4.450000190734864,4.450000190734864
2025,4,C.J. Stroud,QB,13.97,18.420000076293945,-4.450000076293945,4.450000076293945
2024,9,Wan'Dale Robinson,WR,8.45,4.0,4.449999999999999,4.449999999999999
2025,13,Justin Herbert,QB,17.29,12.84000015258789,4.4499998474121085,4.4499998474121085
2024,6,Kenneth Walker III,RB,16.45,20.899999618530273,-4.449999618530274,4.449999618530274
2024,13,Rome Odunze,WR,8.94,4.5,4.4399999999999995,4.4399999999999995
2023,8,DJ Chark,WR,8.74,4.300000190734863,4.439999809265137,4.439999809265137
2023,10,Alexander Mattison,RB,8.74,4.300000190734863,4.439999809265137,4.439999809265137
2024,7,Chuba Hubbard,RB,15.63,11.199999809265137,4.430000190734864,4.430000190734864
2024,6,Courtland Sutton,WR,10.87,15.300000190734863,-4.430000190734864,4.430000190734864
2025,16,Jordan Addison,WR,9.03,4.599999904632568,4.430000095367431,4.430000095367431
2025,8,Tony Pollard,RB,10.73,6.300000190734863,4.429999809265137,4.429999809265137
2023,10,Jerome Ford,RB,7.47,11.899999618530273,-4.429999618530274,4.429999618530274
2023,16,Adam Thielen,WR,10.97,15.399999618530273,-4.429999618530273,4.429999618530273
2023,10,Dalton Kincaid,TE,11.68,16.100000381469727,-4.420000381469727,4.420000381469727
2023,13,Garrett Wilson,WR,12.42,8.0,4.42,4.42
2024,3,DJ Moore,WR,10.78,15.199999809265137,-4.419999809265137,4.419999809265137
2023,6,Josh Jacobs,RB,15.72,11.300000190734863,4.419999809265137,4.419999809265137
2023,5,T.J. Hockenson,TE,14.52,10.100000381469727,4.419999618530273,4.419999618530273
2023,9,Jaylen Waddle,WR,12.81,8.399999618530273,4.410000381469727,4.410000381469727
2024,3,Najee Harris,RB,9.19,13.600000381469727,-4.410000381469727,4.410000381469727
2024,17,Romeo Doubs,WR,10.39,14.800000190734863,-4.410000190734863,4.410000190734863
2023,12,Marquise Brown,WR,10.39,14.800000190734863,-4.410000190734863,4.410000190734863
2023,7,Javonte Williams,RB,8.2,12.600000381469727,-4.400000381469727,4.400000381469727
2023,8,Tua Tagovailoa,QB,17.36,21.760000228881836,-4.4000002288818365,4.4000002288818365
2024,6,Brian Thomas Jr.,WR,10.1,5.699999809265137,4.400000190734863,4.400000190734863
2024,12,Calvin Ridley,WR,9.9,14.300000190734863,-4.400000190734863,4.400000190734863
2025,16,Saquon Barkley,RB,16.81,21.200000762939453,-4.390000762939454,4.390000762939454
2024,5,Jaleel McLaughlin,RB,7.11,11.5,-4.39,4.39
2025,12,Chris Godwin Jr.,WR,7.29,2.9000000953674316,4.389999904632568,4.389999904632568
2023,13,Travis Kelce,TE,16.49,12.100000381469727,4.389999618530272,4.389999618530272
2024,13,Jonathan Taylor,RB,12.91,17.299999237060547,-4.389999237060547,4.389999237060547
2023,14,Jahmyr Gibbs,RB,12.82,17.200000762939453,-4.380000762939453,4.380000762939453
2024,6,Aaron Rodgers,QB,13.38,17.760000228881836,-4.380000228881835,4.380000228881835
2023,3,Tyler Allgeier,RB,9.28,4.900000095367432,4.379999904632568,4.379999904632568
2025,13,Ladd McConkey,WR,9.52,13.899999618530273,-4.379999618530274,4.379999618530274
2023,6,Tua Tagovailoa,QB,18.1,22.479999542236328,-4.379999542236327,4.379999542236327
2025,6,Chase Brown,RB,13.27,8.899999618530273,4.370000381469726,4.370000381469726
2025,8,Aaron Jones,RB,9.37,5.0,4.369999999999999,4.369999999999999
2025,8,DK Metcalf,WR,12.13,16.5,-4.369999999999999,4.369999999999999
2023,9,Elijah Moore,WR,7.77,3.4000000953674316,4.369999904632568,4.369999904632568
2023,3,Evan Engram,TE,9.33,13.699999809265137,-4.369999809265137,4.369999809265137
2024,4,Rico Dowdle,RB,8.74,13.100000381469727,-4.360000381469726,4.360000381469726
2025,13,Javonte Williams,RB,12.64,17.0,-4.359999999999999,4.359999999999999
2024,14,DeAndre Hopkins,WR,8.84,13.199999809265137,-4.359999809265137,4.359999809265137
2023,7,Michael Pittman,WR,11.94,16.299999237060547,-4.359999237060547,4.359999237060547
2024,6,Jalen Hurts,QB,17.51,21.860000610351562,-4.350000610351561,4.350000610351561
2023,4,Miles Sanders,RB,10.55,6.199999809265137,4.350000190734864,4.350000190734864
2024,10,Ladd McConkey,WR,11.55,7.199999809265137,4.350000190734864,4.350000190734864
2025,15,Ashton Jeanty,RB,12.55,8.199999809265137,4.350000190734864,4.350000190734864
2025,10,Rashod Bateman,WR,8.35,4.0,4.35,4.35
2023,13,David Njoku,TE,8.05,3.700000047683716,4.349999952316285,4.349999952316285
2024,4,Michael Wilson,WR,9.15,4.800000190734863,4.349999809265137,4.349999809265137
2023,14,Tyler Boyd,WR,8.65,4.300000190734863,4.349999809265137,4.349999809265137
2023,6,Zack Moss,RB,13.55,17.899999618530273,-4.349999618530273,4.349999618530273
2024,3,James Cook,RB,14.36,18.700000762939453,-4.340000762939454,4.340000762939454
2023,3,C.J. Stroud,QB,16.26,20.600000381469727,-4.340000381469725,4.340000381469725
2025,4,Alvin Kamara,RB,15.54,11.199999809265137,4.340000190734862,4.340000190734862
2024,13,Jakobi Meyers,WR,11.36,15.699999809265137,-4.339999809265137,4.339999809265137
2024,10,Derrick Henry,RB,18.44,14.100000381469727,4.339999618530275,4.339999618530275
2023,15,A.J. Brown,WR,14.94,10.600000381469727,4.339999618530273,4.339999618530273
2025,7,Daniel Jones,QB,17.88,22.219999313354492,-4.339999313354493,4.339999313354493
2025,4,Kyren Williams,RB,14.73,10.399999618530273,4.330000381469727,4.330000381469727
2023,15,Brock Purdy,QB,21.35,25.68000030517578,-4.33000030517578,4.33000030517578
2025,4,Keenan Allen,WR,13.03,8.699999809265137,4.330000190734863,4.330000190734863
2024,6,Isaiah Likely,TE,9.03,4.699999809265137,4.330000190734863,4.330000190734863
2024,7,Jaleel McLaughlin,RB,7.83,3.5,4.33,4.33
2024,12,Najee Harris,RB,11.73,7.400000095367432,4.329999904632569,4.329999904632569
2024,5,Pat Freiermuth,TE,6.87,11.199999809265137,-4.329999809265137,4.329999809265137
2024,14,Aaron Rodgers,QB,13.23,17.559999465942383,-4.329999465942382,4.329999465942382
2024,9,Breece Hall,RB,14.82,10.5,4.32,4.32
2024,3,Rachaad White,RB,12.82,8.5,4.32,4.32
2023,7,Terry McLaurin,WR,10.68,15.0,-4.32,4.32
2024,15,Rhamondre Stevenson,RB,13.82,9.5,4.32,4.32
2024,9,Ja'Marr Chase,WR,15.62,11.300000190734863,4.319999809265136,4.319999809265136
2024,14,Malik Nabers,WR,10.58,14.899999618530273,-4.319999618530273,4.319999618530273
2024,4,Geno Smith,QB,17.29,21.600000381469727,-4.310000381469727,4.310000381469727
2023,3,Russell Wilson,QB,18.55,14.239999771118164,4.310000228881837,4.310000228881837
2025,17,Josh Downs,WR,9.71,5.400000095367432,4.309999904632569,4.309999904632569
2025,11,Tre Tucker,WR,10.39,14.699999809265137,-4.309999809265136,4.309999809265136
2025,8,Jordan Addison,WR,15.91,11.600000381469727,4.309999618530274,4.309999618530274
2024,5,Gardner Minshew,QB,11.98,7.679999828338623,4.300000171661377,4.300000171661377
2024,5,George Pickens,WR,9.9,5.599999904632568,4.300000095367432,4.300000095367432
2025,10,RJ Harvey,RB,8.1,3.799999952316284,4.3000000476837155,4.3000000476837155
2023,3,Baker Mayfield,QB,14.34,10.039999961853027,4.3000000381469725,4.3000000381469725
2025,7,Woody Marks,RB,8.2,12.5,-4.300000000000001,4.300000000000001
2024,16,Aaron Rodgers,QB,17.14,12.84000015258789,4.29999984741211,4.29999984741211
2024,12,George Pickens,WR,13.1,8.800000190734863,4.299999809265136,4.299999809265136
2023,7,Brock Purdy,QB,17.07,12.779999732971191,4.290000267028809,4.290000267028809
2023,12,Jaxon Smith-Njigba,WR,10.39,6.099999904632568,4.290000095367432,4.290000095367432
2025,4,Rico Dowdle,RB,8.29,4.0,4.289999999999999,4.289999999999999
2023,9,DK Metcalf,WR,10.29,6.0,4.289999999999999,4.289999999999999
2025,15,Chris Godwin Jr.,WR,9.71,14.0,-4.289999999999999,4.289999999999999
2024,13,Rachaad White,RB,13.09,8.800000190734863,4.289999809265137,4.289999809265137
2023,15,Evan Engram,TE,11.09,6.800000190734863,4.289999809265137,4.289999809265137
2024,10,Davante Adams,WR,13.39,9.100000381469727,4.289999618530274,4.289999618530274
2024,12,Matthew Stafford,QB,14.93,19.219999313354492,-4.2899993133544925,4.2899993133544925
2023,8,Terry McLaurin,WR,13.01,17.299999237060547,-4.289999237060547,4.289999237060547
2024,7,Dontayvion Wicks,WR,9.52,13.800000190734863,-4.280000190734864,4.280000190734864
2023,5,Allen Lazard,WR,10.58,6.300000190734863,4.279999809265137,4.279999809265137
2024,11,DJ Moore,WR,9.42,13.699999809265137,-4.279999809265137,4.279999809265137
2025,3,Jonnu Smith,TE,9.58,5.300000190734863,4.279999809265137,4.279999809265137
2024,7,A.J. Brown,WR,15.62,19.899999618530273,-4.279999618530274,4.279999618530274
2023,10,Drake London,WR,10.87,6.599999904632568,4.270000095367431,4.270000095367431
2025,8,Xavier Legette,WR,7.97,3.700000047683716,4.269999952316284,4.269999952316284
2025,5,JuJu Smith-Schuster,WR,7.97,3.700000047683716,4.269999952316284,4.269999952316284
2025,4,Juwan Johnson,TE,10.07,5.800000190734863,4.269999809265137,4.269999809265137
2024,9,Hunter Henry,TE,8.34,12.600000381469727,-4.260000381469727,4.260000381469727
2023,4,Amon-Ra St. Brown,WR,12.34,16.600000381469727,-4.260000381469727,4.260000381469727
2024,11,T.J. Hockenson,TE,7.56,3.299999952316284,4.260000047683715,4.260000047683715
2025,13,Jaylen Waddle,WR,11.26,7.0,4.26,4.26
2023,14,George Pickens,WR,11.16,6.900000095367432,4.2599999046325685,4.2599999046325685
2024,3,Brandon Aiyuk,WR,14.06,9.800000190734863,4.259999809265137,4.259999809265137
2025,13,Tony Pollard,RB,9.56,5.300000190734863,4.259999809265137,4.259999809265137
2023,16,David Montgomery,RB,10.64,14.899999618530273,-4.259999618530273,4.259999618530273
2023,15,Ja'Marr Chase,WR,14.65,10.399999618530273,4.250000381469727,4.250000381469727
2023,4,C.J. Stroud,QB,17.59,21.84000015258789,-4.250000152587891,4.250000152587891
2024,9,Matthew Stafford,QB,13.67,17.920000076293945,-4.250000076293945,4.250000076293945
2023,11,Tyler Conklin,TE,8.05,3.799999952316284,4.2500000476837165,4.2500000476837165
2023,9,DeAndre Hopkins,WR,14.75,10.5,4.25,4.25
2023,14,Jakobi Meyers,WR,11.75,7.5,4.25,4.25
2024,11,Rico Dowdle,RB,9.65,5.400000095367432,4.249999904632569,4.249999904632569
2023,4,Jahan Dotson,WR,8.45,12.699999809265137,-4.249999809265137,4.249999809265137
2023,11,James Conner,RB,12.55,8.300000190734863,4.249999809265137,4.249999809265137
2023,16,Tyreek Hill,WR,14.65,18.899999618530273,-4.249999618530273,4.249999618530273
2025,10,Deebo Samuel Sr.,WR,8.65,12.899999618530273,-4.249999618530273,4.249999618530273
2023,16,Travis Kelce,TE,13.64,9.399999618530273,4.240000381469727,4.240000381469727
2025,5,Zach Charbonnet,RB,7.56,11.800000190734863,-4.240000190734864,4.240000190734864
2023,13,Baker Mayfield,QB,14.12,9.880000114440918,4.239999885559081,4.239999885559081
2025,15,Rico Dowdle,RB,16.63,12.399999618530273,4.230000381469726,4.230000381469726
2024,9,Tyler Lockett,WR,11.07,15.300000190734863,-4.230000190734863,4.230000190734863
2025,13,Dallas Goedert,TE,8.93,4.699999809265137,4.230000190734863,4.230000190734863
2025,13,Baker Mayfield,QB,18.69,14.460000038146973,4.229999961853029,4.229999961853029
2024,15,Justin Herbert,QB,18.03,13.800000190734863,4.229999809265138,4.229999809265138
2024,4,Jalen Hurts,QB,20.54,16.31999969482422,4.22000030517578,4.22000030517578
2025,11,Jaylen Waddle,WR,12.42,8.199999809265137,4.220000190734863,4.220000190734863
2023,16,Darren Waller,TE,9.42,5.199999809265137,4.220000190734863,4.220000190734863
2024,17,Josh Downs,WR,9.42,5.199999809265137,4.220000190734863,4.220000190734863
2024,9,Keon Coleman,WR,9.32,5.099999904632568,4.220000095367432,4.220000095367432
2025,5,David Montgomery,RB,14.0,18.219999313354492,-4.219999313354492,4.219999313354492
2024,10,Rhamondre Stevenson,RB,12.91,8.699999809265137,4.210000190734863,4.210000190734863
2023,13,Najee Harris,RB,13.91,9.699999809265137,4.210000190734863,4.210000190734863
2023,5,Jaylen Waddle,WR,10.29,14.5,-4.210000000000001,4.210000000000001
2025,11,Jakobi Meyers,WR,7.19,11.399999618530273,-4.209999618530273,4.209999618530273
2024,9,Jahmyr Gibbs,RB,18.81,14.600000381469727,4.209999618530272,4.209999618530272
2024,15,De'Von Achane,RB,18.81,14.600000381469727,4.209999618530272,4.209999618530272
2025,15,Saquon Barkley,RB,13.0,17.200000762939453,-4.200000762939453,4.200000762939453
2025,14,Isiah Pacheco,RB,7.2,3.0,4.2,4.2
2025,5,Cam Ward,QB,12.2,8.0,4.199999999999999,4.199999999999999
2024,15,Kareem Hunt,RB,10.1,5.900000095367432,4.199999904632568,4.199999904632568
2025,7,Isiah Pacheco,RB,8.2,12.399999618530273,-4.199999618530274,4.199999618530274
2023,3,Cade Otton,TE,6.79,2.5999999046325684,4.190000095367432,4.190000095367432
2023,9,Logan Thomas,TE,11.29,7.099999904632568,4.190000095367431,4.190000095367431
2025,10,Kendrick Bourne,WR,7.09,2.9000000953674316,4.189999904632568,4.189999904632568
2023,14,Jerome Ford,RB,9.01,13.199999809265137,-4.189999809265137,4.189999809265137
2025,7,Justin Jefferson,WR,17.08,12.899999618530273,4.180000381469725,4.180000381469725
2024,6,Brenton Strange,TE,6.28,2.0999999046325684,4.180000095367432,4.180000095367432
2023,6,Cade Otton,TE,6.68,2.5,4.18,4.18
2025,15,Travis Kelce,TE,9.82,14.0,-4.18,4.18
2023,3,Christian Kirk,WR,11.22,15.399999618530273,-4.179999618530273,4.179999618530273
2024,3,Demarcus Robinson,WR,8.37,4.199999809265137,4.1700001907348625,4.1700001907348625
2025,9,Keon Coleman,WR,7.87,3.700000047683716,4.169999952316284,4.169999952316284
2023,13,Desmond Ridder,QB,13.01,8.84000015258789,4.169999847412109,4.169999847412109
2024,4,Aaron Jones,RB,13.73,17.899999618530273,-4.169999618530273,4.169999618530273
2025,15,Lamar Jackson,QB,18.77,14.600000381469727,4.169999618530273,4.169999618530273
2024,4,Jahmyr Gibbs,RB,15.63,19.799999237060547,-4.169999237060546,4.169999237060546
2025,5,Jakobi Meyers,WR,11.36,7.199999809265137,4.160000190734863,4.160000190734863
2023,14,Joe Flacco,QB,16.18,20.34000015258789,-4.160000152587891,4.160000152587891
2024,7,Chris Godwin Jr.,WR,17.66,13.5,4.16,4.16
2023,4,Pat Freiermuth,TE,7.86,3.700000047683716,4.1599999523162845,4.1599999523162845
2025,16,Breece Hall,RB,12.46,8.300000190734863,4.159999809265138,4.159999809265138
2023,11,Javonte Williams,RB,11.46,7.300000190734863,4.159999809265138,4.159999809265138
2024,9,Josh Allen,QB,17.95,22.100000381469727,-4.150000381469727,4.150000381469727
2024,12,Nick Westbrook-Ikhine,WR,8.65,12.800000190734863,-4.150000190734863,4.150000190734863
2024,15,Sincere McCormick,RB,8.65,4.5,4.15,4.15
2024,10,Zay Flowers,WR,11.55,7.400000095367432,4.149999904632569,4.149999904632569
2025,12,Cooper Kupp,WR,8.55,4.400000095367432,4.149999904632569,4.149999904632569
2025,13,Trevor Lawrence,QB,17.51,21.65999984741211,-4.149999847412108,4.149999847412108
2025,6,TreVeyon Henderson,RB,8.74,4.599999904632568,4.140000095367432,4.140000095367432
2024,5,Tre Tucker,WR,8.74,4.599999904632568,4.140000095367432,4.140000095367432
2024,3,Gabe Davis,WR,7.94,3.799999952316284,4.140000047683716,4.140000047683716
2025,6,Olamide Zaccheaus,WR,8.94,4.800000190734863,4.139999809265136,4.139999809265136
2023,3,Calvin Ridley,WR,11.13,7.0,4.130000000000001,4.130000000000001
2023,4,Joe Mixon,RB,12.73,8.600000381469727,4.129999618530274,4.129999618530274
2025,15,Devaughn Vele,WR,7.77,11.899999618530273,-4.129999618530274,4.129999618530274
2024,7,Tyler Huntley,QB,13.6,9.479999542236328,4.1200004577636715,4.1200004577636715
2025,12,Aaron Jones,RB,12.82,8.699999809265137,4.120000190734864,4.120000190734864
2023,7,Emari Demercado,RB,7.38,11.5,-4.12,4.12
2024,4,Andrei Iosivas,WR,8.02,3.9000000953674316,4.119999904632568,4.119999904632568
2025,14,Brian Thomas Jr.,WR,7.58,11.699999809265137,-4.119999809265137,4.119999809265137
2023,7,Geno Smith,QB,17.88,13.760000228881836,4.119999771118163,4.119999771118163
2025,3,Jaylen Waddle,WR,10.78,14.899999618530273,-4.119999618530274,4.119999618530274
2024,8,Jahmyr Gibbs,RB,16.18,20.299999237060547,-4.119999237060547,4.119999237060547
2024,4,Brian Robinson,RB,16.18,20.299999237060547,-4.119999237060547,4.119999237060547
2023,17,Rashee Rice,WR,13.59,17.700000762939453,-4.110000762939453,4.110000762939453
2023,14,Travis Etienne,RB,13.09,17.200000762939453,-4.110000762939453,4.110000762939453
2023,5,Derek Carr,QB,11.61,15.720000267028809,-4.110000267028809,4.110000267028809
2024,12,DeMario Douglas,WR,7.19,11.300000190734863,-4.110000190734863,4.110000190734863
2025,11,Oronde Gadsden II,TE,10.21,6.099999904632568,4.1100000953674325,4.1100000953674325
2023,10,Miles Sanders,RB,7.11,3.0,4.11,4.11
2025,4,Zach Charbonnet,RB,8.29,12.399999618530273,-4.109999618530274,4.109999618530274
2024,9,Trevor Lawrence,QB,15.45,19.559999465942383,-4.1099994659423835,4.1099994659423835
2024,8,Mark Andrews,TE,10.5,14.600000381469727,-4.100000381469727,4.100000381469727
2023,4,DeVonta Smith,WR,10.7,14.800000190734863,-4.100000190734864,4.100000190734864
2023,15,Romeo Doubs,WR,10.1,6.0,4.1,4.1
2024,15,Brock Bowers,TE,10.6,6.5,4.1,4.1
2025,5,Jahmyr Gibbs,RB,20.8,16.700000762939453,4.099999237060548,4.099999237060548
2024,9,Brian Thomas Jr.,WR,10.29,6.199999809265137,4.090000190734862,4.090000190734862
2025,6,Travis Kelce,TE,9.72,13.800000190734863,-4.080000190734863,4.080000190734863
2025,12,Matthew Stafford,QB,18.84,22.920000076293945,-4.0800000762939455,4.0800000762939455
2023,11,Darnell Mooney,WR,7.48,3.4000000953674316,4.079999904632569,4.079999904632569
2023,4,Tutu Atwell,WR,11.48,7.400000095367432,4.079999904632569,4.079999904632569
2023,9,Jonathan Taylor,RB,13.82,17.899999618530273,-4.079999618530273,4.079999618530273
2024,8,D'Andre Swift,RB,14.82,18.899999618530273,-4.079999618530273,4.079999618530273
2024,14,Jared Goff,QB,17.95,22.020000457763672,-4.070000457763673,4.070000457763673
2023,6,Josh Downs,WR,9.03,13.100000381469727,-4.070000381469727,4.070000381469727
2025,3,Chig Okonkwo,TE,7.53,11.600000381469727,-4.070000381469726,4.070000381469726
2023,10,Marquise Brown,WR,7.87,3.799999952316284,4.070000047683716,4.070000047683716
2024,9,Will Dissly,TE,6.97,2.9000000953674316,4.069999904632568,4.069999904632568
2023,8,James Cook,RB,12.37,8.300000190734863,4.069999809265136,4.069999809265136
2025,14,Colston Loveland,TE,8.83,12.899999618530273,-4.069999618530273,4.069999618530273
2023,11,Rachaad White,RB,13.73,17.799999237060547,-4.0699992370605464,4.0699992370605464
2024,8,Garrett Wilson,WR,12.23,16.299999237060547,-4.0699992370605464,4.0699992370605464
2023,3,James Conner,RB,15.54,19.600000381469727,-4.060000381469727,4.060000381469727
2024,16,Mike Gesicki,TE,7.46,3.4000000953674316,4.059999904632568,4.059999904632568
2025,12,Saquon Barkley,RB,16.45,12.399999618530273,4.050000381469726,4.050000381469726
2025,15,Zay Flowers,WR,11.75,15.800000190734863,-4.050000190734863,4.050000190734863
2024,6,Ray-Ray McCloud,WR,8.35,4.300000190734863,4.049999809265136,4.049999809265136
2025,14,Jordan Love,QB,15.22,19.260000228881836,-4.040000228881835,4.040000228881835
2023,12,Cole Kmet,TE,7.26,11.300000190734863,-4.0400001907348635,4.0400001907348635
2023,15,Josh Downs,WR,8.94,4.900000095367432,4.039999904632568,4.039999904632568
2025,8,Pat Freiermuth,TE,8.34,4.300000190734863,4.039999809265137,4.039999809265137
2025,4,Rome Odunze,WR,12.86,16.899999618530273,-4.039999618530274,4.039999618530274
2024,16,Bijan Robinson,RB,20.26,24.299999237060547,-4.039999237060545,4.039999237060545
2025,17,Kenneth Walker III,RB,11.73,7.699999809265137,4.030000190734864,4.030000190734864
2023,16,Bijan Robinson,RB,15.18,19.200000762939453,-4.020000762939453,4.020000762939453
2023,8,C.J. Stroud,QB,16.92,12.899999618530273,4.020000381469728,4.020000381469728
2024,10,Justin Herbert,QB,15.74,19.760000228881836,-4.020000228881836,4.020000228881836
2024,7,Tyler Lockett,WR,12.52,8.5,4.02,4.02
2025,15,Khalil Shakir,WR,7.48,11.5,-4.02,4.02
2023,12,Lamar Jackson,QB,18.99,14.979999542236328,4.01000045776367,4.01000045776367
2025,3,Aaron Rodgers,QB,15.67,11.65999984741211,4.0100001525878906,4.0100001525878906
2025,15,Stefon Diggs,WR,9.61,5.599999904632568,4.010000095367431,4.010000095367431
2023,16,D'Andre Swift,RB,11.19,15.199999809265137,-4.009999809265137,4.009999809265137
2024,8,Aaron Rodgers,QB,13.31,17.31999969482422,-4.009999694824218,4.009999694824218
2024,14,Jerry Jeudy,WR,13.39,17.399999618530273,-4.009999618530273,4.009999618530273
2023,5,Zach Wilson,QB,12.57,8.5600004196167,4.009999580383301,4.009999580383301
2024,15,Courtland Sutton,WR,16.2,12.199999809265137,4.000000190734863,4.000000190734863
2023,4,Zack Moss,RB,13.0,9.0,4.0,4.0
2025,16,Caleb Williams,QB,17.0,21.0,-4.0,4.0
2024,13,Saquon Barkley,RB,23.7,19.700000762939453,3.999999237060546,3.999999237060546
2025,9,Jared Goff,QB,15.37,19.360000610351562,-3.9900006103515633,3.9900006103515633
2024,8,Patrick Mahomes,QB,14.19,18.18000030517578,-3.9900003051757817,3.9900003051757817
2023,7,Alexander Mattison,RB,10.19,6.199999809265137,3.990000190734863,3.990000190734863
2024,4,Brock Bowers,TE,9.09,5.099999904632568,3.9900000953674315,3.9900000953674315
2024,7,Mike Evans,WR,13.49,9.5,3.99,3.99
2025,8,Emeka Egbuka,WR,10.49,6.5,3.99,3.99
2025,5,Omarion Hampton,RB,16.99,13.0,3.9899999999999984,3.9899999999999984
2023,5,Ryan Tannehill,QB,13.75,9.760000228881836,3.989999771118164,3.989999771118164
2024,15,Jayden Daniels,QB,19.65,23.639999389648438,-3.989999389648439,3.989999389648439
2025,3,Cedric Tillman,WR,9.58,5.599999904632568,3.9800000953674317,3.9800000953674317
2023,12,Justin Herbert,QB,17.36,13.380000114440918,3.9799998855590815,3.9799998855590815
2025,6,Rashid Shaheed,WR,10.78,6.800000190734863,3.979999809265136,3.979999809265136
2023,6,Ezekiel Elliott,RB,7.92,11.899999618530273,-3.9799996185302735,3.9799996185302735
2025,16,C.J. Stroud,QB,15.45,11.479999542236328,3.970000457763671,3.970000457763671
2024,10,Tony Pollard,RB,14.27,10.300000190734863,3.9699998092651363,3.9699998092651363
2025,3,Josh Jacobs,RB,16.36,12.399999618530273,3.960000381469726,3.960000381469726
2024,7,Terry McLaurin,WR,11.84,15.800000190734863,-3.9600001907348634,3.9600001907348634
2025,14,Matthew Stafford,QB,19.28,23.239999771118164,-3.959999771118163,3.959999771118163
2025,4,Zay Flowers,WR,10.44,14.399999618530273,-3.959999618530274,3.959999618530274
2024,9,Calvin Ridley,WR,8.35,12.300000190734863,-3.9500001907348636,3.9500001907348636
2024,6,Sam LaPorta,TE,8.25,12.199999809265137,-3.9499998092651367,3.9499998092651367
2025,8,Tyler Warren,TE,13.25,9.300000190734863,3.9499998092651367,3.9499998092651367
2023,12,DeAndre Hopkins,WR,11.84,7.900000095367432,3.939999904632568,3.939999904632568
2024,17,Alexander Mattison,RB,8.74,4.800000190734863,3.939999809265137,3.939999809265137
2025,10,Wan'Dale Robinson,WR,8.26,12.199999809265137,-3.939999809265137,3.939999809265137
2024,6,DeVonta Smith,WR,11.46,15.399999618530273,-3.9399996185302726,3.9399996185302726
2025,15,Jaxon Smith-Njigba,WR,14.36,18.299999237060547,-3.9399992370605474,3.9399992370605474
2024,17,Tyjae Spears,RB,9.37,13.300000190734863,-3.930000190734864,3.930000190734864
2025,17,Aaron Jones,RB,11.37,15.300000190734863,-3.930000190734864,3.930000190734864
2023,15,Josh Allen,QB,20.09,16.15999984741211,3.9300001525878905,3.9300001525878905
2024,17,Chig Okonkwo,TE,6.97,10.899999618530273,-3.9299996185302737,3.9299996185302737
2025,10,Dalton Kincaid,TE,9.62,5.699999809265137,3.9200001907348625,3.9200001907348625
2024,5,Marvin Harrison Jr.,WR,9.52,5.599999904632568,3.920000095367431,3.920000095367431
2024,7,Noah Fant,TE,6.58,10.5,-3.92,3.92
2025,12,Nico Collins,WR,12.42,8.5,3.92,3.92
2023,17,George Kittle,TE,9.82,5.900000095367432,3.9199999046325686,3.9199999046325686
2025,17,George Pickens,WR,15.72,11.800000190734863,3.9199998092651374,3.9199998092651374
2024,15,Puka Nacua,WR,13.88,17.799999237060547,-3.919999237060546,3.919999237060546
2025,17,Trevor Lawrence,QB,19.21,23.1200008392334,-3.9100008392333976,3.9100008392333976
2023,3,Tyler Higbee,TE,8.19,12.100000381469727,-3.910000381469727,3.910000381469727
2025,17,Troy Franklin,WR,9.61,5.699999809265137,3.9100001907348627,3.9100001907348627
2024,13,Cade Otton,TE,9.91,6.0,3.91,3.91
2024,8,Terry McLaurin,WR,13.59,17.5,-3.91,3.91
2025,3,Kayshon Boutte,WR,8.71,4.800000190734863,3.9099998092651376,3.9099998092651376
2024,7,Joe Burrow,QB,18.84,14.9399995803833,3.900000419616699,3.900000419616699
2023,10,Chris Godwin Jr.,WR,13.3,9.399999618530273,3.9000003814697273,3.9000003814697273
2023,8,Curtis Samuel,WR,10.1,6.199999809265137,3.900000190734863,3.900000190734863
2023,6,Michael Wilson,WR,13.1,9.199999809265137,3.900000190734863,3.900000190734863
2025,5,Tyler Warren,TE,10.5,14.399999618530273,-3.8999996185302734,3.8999996185302734
2023,6,Kenneth Walker III,RB,14.0,17.899999618530273,-3.8999996185302734,3.8999996185302734
2023,4,Evan Engram,TE,9.0,12.899999618530273,-3.8999996185302734,3.8999996185302734
2023,13,C.J. Stroud,QB,19.95,16.059999465942383,3.8900005340576165,3.8900005340576165
2025,4,Chris Godwin Jr.,WR,9.49,5.599999904632568,3.890000095367432,3.890000095367432
2023,10,Jerry Jeudy,WR,10.39,6.5,3.8900000000000006,3.8900000000000006
2025,13,Kayshon Boutte,WR,9.61,13.5,-3.8900000000000006,3.8900000000000006
2025,3,Keon Coleman,WR,8.89,5.0,3.8900000000000006,3.8900000000000006
2023,10,Bryce Young,QB,13.08,9.199999809265137,3.8800001907348634,3.8800001907348634
2024,9,Bucky Irving,RB,10.28,6.400000095367432,3.8799999046325677,3.8799999046325677
2025,9,Tre Tucker,WR,10.68,6.800000190734863,3.8799998092651364,3.8799998092651364
2025,11,Rashee Rice,WR,13.68,9.800000190734863,3.8799998092651364,3.8799998092651364
2023,10,Adam Thielen,WR,14.07,10.199999809265137,3.8700001907348636,3.8700001907348636
2023,11,Tyjae Spears,RB,8.47,4.599999904632568,3.8700000953674323,3.8700000953674323
2024,15,Tony Pollard,RB,12.37,8.5,3.869999999999999,3.869999999999999
2023,15,D'Andre Swift,RB,13.37,9.5,3.869999999999999,3.869999999999999
2025,4,Elic Ayomanor,WR,10.27,6.400000095367432,3.869999904632568,3.869999904632568
2025,10,Dallas Goedert,TE,12.17,8.300000190734863,3.8699998092651366,3.8699998092651366
2025,3,Brock Bowers,TE,13.67,9.800000190734863,3.8699998092651366,3.8699998092651366
2025,10,Khalil Shakir,WR,8.94,12.800000190734863,-3.860000190734864,3.860000190734864
2024,13,Dallas Goedert,TE,8.64,12.5,-3.8599999999999994,3.8599999999999994
2024,8,Aaron Jones,RB,15.36,11.5,3.8599999999999994,3.8599999999999994
2024,9,DJ Moore,WR,11.16,7.300000190734863,3.859999809265137,3.859999809265137
2025,7,Ladd McConkey,WR,11.84,15.699999809265137,-3.859999809265137,3.859999809265137
2023,11,DeVonta Smith,WR,12.04,15.899999618530273,-3.8599996185302743,3.8599996185302743
2024,4,Jayden Daniels,QB,20.17,24.020000457763672,-3.85000045776367,3.85000045776367
2023,5,Zay Flowers,WR,8.45,12.300000190734863,-3.850000190734864,3.850000190734864
2023,5,Rashid Shaheed,WR,8.65,4.800000190734863,3.849999809265137,3.849999809265137
2024,16,Isaiah Likely,TE,8.05,11.899999618530273,-3.8499996185302727,3.8499996185302727
2025,5,Tyquan Thornton,WR,8.16,12.0,-3.84,3.84
2024,11,Rashod Bateman,WR,8.84,5.0,3.84,3.84
2024,8,Brian Thomas Jr.,WR,11.16,15.0,-3.84,3.84
2025,12,Drake Maye,QB,19.8,15.960000038146973,3.839999961853028,3.839999961853028
2025,8,Rhamondre Stevenson,RB,9.74,5.900000095367432,3.8399999046325686,3.8399999046325686
2025,7,Tyler Higbee,TE,8.74,4.900000095367432,3.8399999046325686,3.8399999046325686
2024,3,Alexander Mattison,RB,9.56,13.399999618530273,-3.839999618530273,3.839999618530273
2023,3,DK Metcalf,WR,13.37,17.200000762939453,-3.830000762939454,3.830000762939454
2023,4,Tua Tagovailoa,QB,17.81,13.979999542236328,3.8300004577636706,3.8300004577636706
2025,5,Dalton Schultz,TE,7.17,11.0,-3.83,3.83
2024,10,Pat Freiermuth,TE,6.87,10.699999809265137,-3.8299998092651366,3.8299998092651366
2025,7,De'Von Achane,RB,16.63,12.800000190734863,3.8299998092651357,3.8299998092651357
2025,5,Courtland Sutton,WR,14.07,17.899999618530273,-3.829999618530273,3.829999618530273
2024,16,Kyler Murray,QB,16.55,20.3799991607666,-3.829999160766601,3.829999160766601
2023,6,James Cook,RB,10.92,7.099999904632568,3.8200000953674316,3.8200000953674316
2023,17,Matthew Stafford,QB,16.4,12.579999923706055,3.820000076293944,3.820000076293944
2024,9,Rashod Bateman,WR,9.32,5.5,3.8200000000000003,3.8200000000000003
2025,16,Colston Loveland,TE,9.82,6.0,3.8200000000000003,3.8200000000000003
2025,10,Kyle Pitts,TE,9.62,5.800000190734863,3.819999809265136,3.819999809265136
2023,5,Chris Olave,WR,13.01,9.199999809265137,3.810000190734863,3.810000190734863
2024,13,James Conner,RB,14.91,11.100000381469727,3.8099996185302736,3.8099996185302736
2024,13,Puka Nacua,WR,13.49,17.299999237060547,-3.8099992370605467,3.8099992370605467
2025,11,Rome Odunze,WR,9.9,6.099999904632568,3.800000095367432,3.800000095367432
2025,15,Drake Maye,QB,16.7,20.5,-3.8000000000000007,3.8000000000000007
2024,17,Jauan Jennings,WR,9.9,13.699999809265137,-3.7999998092651364,3.7999998092651364
2023,16,Chris Godwin Jr.,WR,10.1,13.899999618530273,-3.799999618530274,3.799999618530274
2025,11,Bo Nix,QB,16.4,12.600000381469727,3.799999618530272,3.799999618530272
2023,10,Rachaad White,RB,14.0,17.799999237060547,-3.799999237060547,3.799999237060547
2025,7,Rachaad White,RB,12.19,8.399999618530273,3.790000381469726,3.790000381469726
2023,6,Chris Olave,WR,12.81,16.600000381469727,-3.790000381469726,3.790000381469726
2024,5,Raheem Mostert,RB,8.01,11.800000190734863,-3.7900001907348635,3.7900001907348635
2025,7,Kayshon Boutte,WR,9.71,13.5,-3.789999999999999,3.789999999999999
2025,11,Matthew Golden,WR,7.19,3.4000000953674316,3.7899999046325688,3.7899999046325688
2025,17,Hunter Henry,TE,10.11,13.899999618530273,-3.789999618530274,3.789999618530274
2024,16,Tee Higgins,WR,16.01,19.799999237060547,-3.7899992370605453,3.7899992370605453
2025,4,Davante Adams,WR,11.82,15.600000381469727,-3.7800003814697263,3.7800003814697263
2024,4,Ja'Marr Chase,WR,13.72,17.5,-3.7799999999999994,3.7799999999999994
2023,9,Antonio Gibson,RB,8.83,12.600000381469727,-3.7700003814697265,3.7700003814697265
2024,14,Brock Bowers,TE,11.97,8.199999809265137,3.770000190734864,3.770000190734864
2024,14,David Montgomery,RB,15.63,19.399999618530273,-3.7699996185302727,3.7699996185302727
2024,7,Tucker Kraft,TE,8.54,12.300000190734863,-3.760000190734864,3.760000190734864
2024,6,Pat Freiermuth,TE,7.36,3.5999999046325684,3.760000095367432,3.760000095367432
2024,14,Josh Oliver,TE,7.36,3.5999999046325684,3.760000095367432,3.760000095367432
2023,7,Dawson Knox,TE,7.76,4.0,3.76,3.76
2024,4,Hunter Henry,TE,6.96,3.200000047683716,3.759999952316284,3.759999952316284
2024,11,Josh Palmer,WR,8.06,4.300000190734863,3.759999809265137,3.759999809265137
2025,12,Romeo Doubs,WR,8.06,4.300000190734863,3.759999809265137,3.759999809265137
2024,5,Josh Jacobs,RB,12.64,16.399999618530273,-3.759999618530273,3.759999618530273
2023,10,DJ Moore,WR,14.65,10.899999618530273,3.750000381469727,3.750000381469727
2024,13,Malik Nabers,WR,11.55,15.300000190734863,-3.7500001907348626,3.7500001907348626
2025,10,James Cook,RB,14.45,10.699999809265137,3.7500001907348626,3.7500001907348626
2025,6,Aaron Rodgers,QB,13.75,17.5,-3.75,3.75
2024,10,Jake Ferguson,TE,8.15,4.400000095367432,3.7499999046325687,3.7499999046325687
2023,10,Lamar Jackson,QB,16.77,13.020000457763672,3.7499995422363277,3.7499995422363277
2024,7,Tee Higgins,WR,14.46,18.200000762939453,-3.7400007629394523,3.7400007629394523
2025,14,Keenan Allen,WR,8.94,5.199999809265137,3.740000190734863,3.740000190734863
2023,11,Elijah Moore,WR,8.26,12.0,-3.74,3.74
2025,15,Tyler Shough,QB,14.34,18.079999923706055,-3.739999923706055,3.739999923706055
2024,9,Tyrone Tracy Jr.,RB,11.64,7.900000095367432,3.739999904632569,3.739999904632569
2023,9,Kenny Pickett,QB,14.04,10.300000190734863,3.739999809265136,3.739999809265136
2024,9,Justin Herbert,QB,15.74,19.479999542236328,-3.739999542236328,3.739999542236328
2023,7,Stefon Diggs,WR,21.53,17.799999237060547,3.7300007629394543,3.7300007629394543
2025,3,Bucky Irving,RB,17.63,13.899999618530273,3.7300003814697256,3.7300003814697256
2025,8,George Pickens,WR,11.07,14.800000190734863,-3.730000190734863,3.730000190734863
2025,12,CeeDee Lamb,WR,15.23,11.5,3.7300000000000004,3.7300000000000004
2024,17,Jordan Love,QB,17.73,14.0,3.7300000000000004,3.7300000000000004
2025,14,Cooper Kupp,WR,7.77,11.5,-3.7300000000000004,3.7300000000000004
2023,8,Josh Palmer,WR,9.13,5.400000095367432,3.729999904632569,3.729999904632569
2023,4,Brock Purdy,QB,17.59,21.31999969482422,-3.729999694824219,3.729999694824219
2024,13,Tee Higgins,WR,14.17,17.899999618530273,-3.7299996185302735,3.7299996185302735
2024,9,Tua Tagovailoa,QB,13.82,17.540000915527344,-3.7200009155273435,3.7200009155273435
2024,6,Jauan Jennings,WR,9.42,5.699999809265137,3.720000190734863,3.720000190734863
2023,13,Pat Freiermuth,TE,9.62,5.900000095367432,3.7199999046325676,3.7199999046325676
2024,15,Jonathan Taylor,RB,13.82,10.100000381469727,3.7199996185302737,3.7199996185302737
2023,16,Jalen Hurts,QB,19.73,23.440000534057617,-3.7100005340576168,3.7100005340576168
2025,7,Jordan Love,QB,17.07,13.359999656677246,3.710000343322754,3.710000343322754
2024,4,J.K. Dobbins,RB,12.91,9.199999809265137,3.7100001907348634,3.7100001907348634
2023,8,Josh Downs,WR,10.49,14.199999809265137,-3.7099998092651365,3.7099998092651365
2023,17,DeAndre Hopkins,WR,10.49,14.199999809265137,-3.7099998092651365,3.7099998092651365
2024,14,Patrick Mahomes,QB,17.81,14.100000381469727,3.709999618530272,3.709999618530272
2024,6,Geno Smith,QB,16.18,12.479999542236328,3.7000004577636716,3.7000004577636716
2024,13,De'Von Achane,RB,24.7,21.0,3.6999999999999993,3.6999999999999993
2024,13,Javonte Williams,RB,11.1,7.400000095367432,3.699999904632568,3.699999904632568
2025,11,Jacoby Brissett,QB,18.18,21.8799991607666,-3.699999160766602,3.699999160766602
2023,7,Derek Carr,QB,13.75,17.440000534057617,-3.690000534057617,3.690000534057617
2024,4,Isaiah Likely,TE,7.29,3.5999999046325684,3.6900000953674317,3.6900000953674317
2024,8,Tank Dell,WR,9.81,13.5,-3.6899999999999995,3.6899999999999995
2025,8,Matthew Golden,WR,7.09,3.4000000953674316,3.689999904632568,3.689999904632568
2024,12,Tyreek Hill,WR,13.49,9.800000190734863,3.689999809265137,3.689999809265137
2023,9,Stefon Diggs,WR,18.92,22.600000381469727,-3.680000381469725,3.680000381469725
2024,13,Drake Maye,QB,15.74,19.420000076293945,-3.680000076293945,3.680000076293945
2024,12,D'Andre Swift,RB,13.18,9.5,3.6799999999999997,3.6799999999999997
2024,3,Adam Thielen,WR,9.32,13.0,-3.6799999999999997,3.6799999999999997
2024,8,Brian Robinson,RB,12.28,8.600000381469727,3.679999618530273,3.679999618530273
2024,6,Derrick Henry,RB,21.53,25.200000762939453,-3.670000762939452,3.670000762939452
2024,11,Jalen Tolbert,WR,7.77,4.099999904632568,3.670000095367431,3.670000095367431
2023,3,Mike Gesicki,TE,6.47,2.799999952316284,3.6700000476837156,3.6700000476837156
2023,6,Geno Smith,QB,14.71,11.039999961853027,3.6700000381469735,3.6700000381469735
2024,8,Stefon Diggs,WR,9.03,12.699999809265137,-3.6699998092651374,3.6699998092651374
2023,11,DeAndre Hopkins,WR,12.23,15.899999618530273,-3.669999618530273,3.669999618530273
2023,12,Chris Godwin Jr.,WR,11.16,7.5,3.66,3.66
2025,3,Josh Downs,WR,9.06,5.400000095367432,3.659999904632569,3.659999904632569
2025,11,Troy Franklin,WR,8.74,12.399999618530273,-3.6599996185302732,3.6599996185302732
2024,3,Alvin Kamara,RB,19.35,15.699999809265137,3.6500001907348647,3.6500001907348647
2023,15,Pat Freiermuth,TE,8.25,4.599999904632568,3.6500000953674316,3.6500000953674316
2023,5,Najee Harris,RB,8.65,5.0,3.6500000000000004,3.6500000000000004
2025,5,Puka Nacua,WR,20.85,24.5,-3.6499999999999986,3.6499999999999986
2025,16,Jaylen Waddle,WR,8.55,12.199999809265137,-3.649999809265136,3.649999809265136
2025,13,T.J. Hockenson,TE,8.25,11.899999618530273,-3.6499996185302734,3.6499996185302734
2023,6,Tyler Lockett,WR,11.75,15.399999618530273,-3.6499996185302734,3.6499996185302734
2025,13,Harold Fannin Jr.,TE,7.66,11.300000190734863,-3.640000190734863,3.640000190734863
2024,7,Juwan Johnson,TE,8.44,4.800000190734863,3.639999809265136,3.639999809265136
2023,17,Aaron Jones,RB,10.37,14.0,-3.630000000000001,3.630000000000001
2025,6,Derrick Henry,RB,10.37,14.0,-3.630000000000001,3.630000000000001
2023,9,Patrick Mahomes,QB,19.43,15.800000190734863,3.6299998092651364,3.6299998092651364
2025,12,TreVeyon Henderson,RB,14.73,11.100000381469727,3.629999618530274,3.629999618530274
2025,10,Justin Herbert,QB,18.32,14.699999809265137,3.6200001907348636,3.6200001907348636
2024,4,Aaron Rodgers,QB,15.22,11.600000381469727,3.619999618530274,3.619999618530274
2023,5,Alvin Kamara,RB,15.09,18.700000762939453,-3.6100007629394533,3.6100007629394533
2024,8,Malik Nabers,WR,10.49,14.100000381469727,-3.6100003814697263,3.6100003814697263
2023,3,DJ Moore,WR,9.49,13.100000381469727,-3.6100003814697263,3.6100003814697263
2023,6,Jakobi Meyers,WR,13.49,17.100000381469727,-3.6100003814697263,3.6100003814697263
2023,3,Drake London,WR,8.71,5.099999904632568,3.6100000953674325,3.6100000953674325
2024,6,Rome Odunze,WR,9.61,6.0,3.6099999999999994,3.6099999999999994
2025,6,A.J. Brown,WR,10.39,14.0,-3.6099999999999994,3.6099999999999994
2025,17,Rico Dowdle,RB,12.91,9.300000190734863,3.609999809265137,3.609999809265137
2023,12,Josh Downs,WR,12.91,9.300000190734863,3.609999809265137,3.609999809265137
2024,11,Brian Thomas Jr.,WR,10.0,13.600000381469727,-3.6000003814697266,3.6000003814697266
2023,12,Brian Robinson,RB,12.0,8.399999618530273,3.6000003814697266,3.6000003814697266
2025,8,Daniel Jones,QB,19.58,23.18000030517578,-3.600000305175783,3.600000305175783
2024,6,Jaleel McLaughlin,RB,8.1,4.5,3.5999999999999996,3.5999999999999996
2023,9,Jakobi Meyers,WR,9.9,13.5,-3.5999999999999996,3.5999999999999996
2023,4,James Cook,RB,11.1,14.699999809265137,-3.599999809265137,3.599999809265137
2025,3,Calvin Austin III,WR,8.8,12.399999618530273,-3.5999996185302727,3.5999996185302727
2023,9,Chris Olave,WR,13.01,16.600000381469727,-3.5900003814697268,3.5900003814697268
2025,11,Tony Pollard,RB,9.19,5.599999904632568,3.590000095367431,3.590000095367431
2023,17,Mike Evans,WR,13.59,10.0,3.59,3.59
2025,9,Drake Maye,QB,19.95,16.360000610351562,3.589999389648437,3.589999389648437
2024,7,Josh Allen,QB,17.44,21.020000457763672,-3.5800004577636706,3.5800004577636706
2025,15,Marcus Mariota,QB,18.32,14.739999771118164,3.580000228881836,3.580000228881836
2023,11,CeeDee Lamb,WR,20.08,16.5,3.5799999999999983,3.5799999999999983
2025,9,Kyle Pitts,TE,11.38,7.800000190734863,3.5799998092651375,3.5799998092651375
2023,14,Patrick Mahomes,QB,17.22,13.640000343322754,3.579999656677245,3.579999656677245
2024,11,Derek Carr,QB,15.15,18.719999313354492,-3.569999313354492,3.569999313354492
2024,6,J.K. Dobbins,RB,14.64,18.200000762939453,-3.5600007629394526,3.5600007629394526
2025,9,Juwan Johnson,TE,8.54,12.100000381469727,-3.5600003814697274,3.5600003814697274
2023,9,Gerald Everett,TE,7.36,3.799999952316284,3.560000047683716,3.560000047683716
2024,5,Mike Williams,WR,8.06,4.5,3.5600000000000005,3.5600000000000005
2024,8,Pat Freiermuth,TE,7.46,3.9000000953674316,3.5599999046325683,3.5599999046325683
2025,9,Jacory Croskey-Merritt,RB,8.65,5.099999904632568,3.550000095367432,3.550000095367432
2025,6,Spencer Rattler,QB,14.63,11.079999923706055,3.550000076293946,3.550000076293946
2024,12,Alec Pierce,WR,8.45,4.900000095367432,3.5499999046325676,3.5499999046325676
2024,13,Evan Engram,TE,7.56,11.100000381469727,-3.540000381469727,3.540000381469727
2023,12,Rachaad White,RB,16.54,13.0,3.539999999999999,3.539999999999999
2024,4,Amari Cooper,WR,11.04,7.5,3.539999999999999,3.539999999999999
2023,3,Matthew Stafford,QB,15.0,11.460000038146973,3.5399999618530273,3.5399999618530273
2023,14,Diontae Johnson,WR,11.16,14.699999809265137,-3.5399998092651366,3.5399998092651366
2025,5,Justin Herbert,QB,18.18,14.640000343322754,3.539999656677246,3.539999656677246
2025,11,CeeDee Lamb,WR,14.07,17.600000381469727,-3.5300003814697263,3.5300003814697263
2023,12,Jaylen Warren,RB,10.73,7.199999809265137,3.5300001907348637,3.5300001907348637
2025,4,Cam Skattebo,RB,9.47,13.0,-3.5299999999999994,3.5299999999999994
2024,16,Dalton Kincaid,TE,9.03,5.5,3.5299999999999994,3.5299999999999994
2023,15,Michael Pittman,WR,15.33,11.800000190734863,3.529999809265137,3.529999809265137
2023,9,Joe Mixon,RB,14.27,17.799999237060547,-3.5299992370605473,3.5299992370605473
2024,8,Jonnu Smith,TE,9.52,6.0,3.5199999999999996,3.5199999999999996
2023,5,Jahan Dotson,WR,9.52,6.0,3.5199999999999996,3.5199999999999996
2023,11,Zay Jones,WR,9.52,6.0,3.5199999999999996,3.5199999999999996
2025,15,Christian Watson,WR,9.42,5.900000095367432,3.5199999046325683,3.5199999046325683
2023,5,Jonathan Taylor,RB,7.92,4.400000095367432,3.5199999046325683,3.5199999046325683
2025,4,Bryce Young,QB,13.82,10.300000190734863,3.519999809265137,3.519999809265137
2024,4,Bijan Robinson,RB,14.91,11.399999618530273,3.5100003814697267,3.5100003814697267
2023,4,Samaje Perine,RB,9.01,5.5,3.51,3.51
2024,7,Tyler Allgeier,RB,9.01,5.5,3.51,3.51
2025,3,Quentin Johnston,WR,11.39,14.899999618530273,-3.509999618530273,3.509999618530273
2023,4,Justin Herbert,QB,19.87,23.3799991607666,-3.5099991607666006,3.5099991607666006
2023,3,Puka Nacua,WR,15.7,12.199999809265137,3.5000001907348626,3.5000001907348626
2025,13,Michael Wilson,WR,10.1,6.599999904632568,3.5000000953674313,3.5000000953674313
2024,4,Sam Darnold,QB,17.0,20.5,-3.5,3.5
2025,10,Daniel Jones,QB,18.99,15.5,3.4899999999999984,3.4899999999999984
2025,7,Rico Dowdle,RB,14.09,10.600000381469727,3.4899996185302733,3.4899996185302733
2023,11,Tyler Lockett,WR,13.59,10.100000381469727,3.4899996185302733,3.4899996185302733
2024,14,Jonnu Smith,TE,9.91,13.399999618530273,-3.4899996185302733,3.4899996185302733
2023,4,David Njoku,TE,7.12,10.600000381469727,-3.4800003814697265,3.4800003814697265
2023,12,Derek Carr,QB,14.34,10.859999656677246,3.4800003433227538,3.4800003433227538
2024,12,Kareem Hunt,RB,15.18,11.699999809265137,3.480000190734863,3.480000190734863
2023,7,Rashid Shaheed,WR,10.68,7.199999809265137,3.480000190734863,3.480000190734863
2024,5,Zach Ertz,TE,6.48,3.0,3.4800000000000004,3.4800000000000004
2023,3,Tyjae Spears,RB,8.38,4.900000095367432,3.479999904632569,3.479999904632569
2025,15,Kimani Vidal,RB,9.28,5.800000190734863,3.479999809265136,3.479999809265136
2025,4,Jonathan Taylor,RB,18.08,14.600000381469727,3.4799996185302717,3.4799996185302717
2025,9,Travis Kelce,TE,9.13,12.600000381469727,-3.470000381469726,3.470000381469726
2024,9,Jaleel McLaughlin,RB,8.47,5.0,3.4700000000000006,3.4700000000000006
2025,5,Keenan Allen,WR,14.27,10.800000190734863,3.4699998092651363,3.4699998092651363
2023,17,Nico Collins,WR,12.23,15.699999809265137,-3.4699998092651363,3.4699998092651363
2023,6,Derek Carr,QB,12.86,16.31999969482422,-3.4599996948242193,3.4599996948242193
2025,13,Brock Purdy,QB,13.67,17.1200008392334,-3.4500008392333985,3.4500008392333985
2023,16,Jared Goff,QB,17.73,14.279999732971191,3.450000267028809,3.450000267028809
2023,14,Tommy DeVito,QB,13.97,17.420000076293945,-3.4500000762939447,3.4500000762939447
2023,10,Davante Adams,WR,11.16,14.600000381469727,-3.4400003814697264,3.4400003814697264
2025,14,D'Andre Swift,RB,14.64,11.199999809265137,3.440000190734864,3.440000190734864
2023,15,Tommy DeVito,QB,14.12,10.680000305175781,3.439999694824218,3.439999694824218
2024,7,Brian Robinson,RB,16.54,13.100000381469727,3.4399996185302726,3.4399996185302726
2024,7,Trey McBride,TE,13.54,10.100000381469727,3.4399996185302726,3.4399996185302726
2023,8,Brock Purdy,QB,14.86,18.299999237060547,-3.4399992370605474,3.4399992370605474
2024,12,Tucker Kraft,TE,7.17,10.600000381469727,-3.4300003814697266,3.4300003814697266
2024,16,Mike Evans,WR,15.33,11.899999618530273,3.4300003814697266,3.4300003814697266
2023,11,D'Onta Foreman,RB,10.83,7.400000095367432,3.4299999046325684,3.4299999046325684
2025,11,Javonte Williams,RB,13.73,10.300000190734863,3.429999809265137,3.429999809265137
2025,4,De'Von Achane,RB,20.53,17.100000381469727,3.4299996185302746,3.4299996185302746
2023,11,Darrell Henderson,RB,9.47,12.899999618530273,-3.429999618530273,3.429999618530273
2025,8,Mark Andrews,TE,9.82,6.400000095367432,3.4199999046325686,3.4199999046325686
2024,13,Amon-Ra St. Brown,WR,15.72,12.300000190734863,3.4199998092651374,3.4199998092651374
2025,10,Rico Dowdle,RB,18.72,15.300000190734863,3.4199998092651356,3.4199998092651356
2024,15,Josh Downs,WR,9.61,6.199999809265137,3.4100001907348627,3.4100001907348627
2023,11,Evan Engram,TE,10.31,6.900000095367432,3.409999904632569,3.409999904632569
2024,7,Michael Pittman,WR,12.71,9.300000190734863,3.4099998092651376,3.4099998092651376
2025,4,Brock Bowers,TE,13.01,9.600000381469727,3.4099996185302732,3.4099996185302732
2023,11,Jared Goff,QB,17.14,13.739999771118164,3.4000002288818365,3.4000002288818365
2024,3,Sam LaPorta,TE,9.0,5.599999904632568,3.4000000953674316,3.4000000953674316
2023,14,Jaxon Smith-Njigba,WR,9.9,6.5,3.4000000000000004,3.4000000000000004
2024,4,Patrick Mahomes,QB,16.4,13.0,3.3999999999999986,3.3999999999999986
2023,5,Marquise Brown,WR,19.5,16.100000381469727,3.3999996185302734,3.3999996185302734
2025,3,Daniel Jones,QB,19.21,15.819999694824219,3.390000305175782,3.390000305175782
2023,5,Michael Pittman,WR,13.59,10.199999809265137,3.390000190734863,3.390000190734863
2023,15,DeVonta Smith,WR,13.39,10.0,3.3900000000000006,3.3900000000000006
2023,13,A.T. Perry,WR,7.39,4.0,3.3899999999999997,3.3899999999999997
2025,14,Andrei Iosivas,WR,7.09,3.700000047683716,3.389999952316284,3.389999952316284
2024,11,DeVonta Smith,WR,10.29,6.900000095367432,3.3899999046325675,3.3899999046325675
2025,3,Kareem Hunt,RB,8.01,11.399999618530273,-3.3899996185302737,3.3899996185302737
2024,15,Khalil Shakir,WR,12.52,15.899999618530273,-3.379999618530274,3.379999618530274
2024,15,Trey McBride,TE,14.33,17.700000762939453,-3.370000762939453,3.370000762939453
2023,10,Jake Ferguson,TE,9.23,12.600000381469727,-3.370000381469726,3.370000381469726
2023,4,Robert Woods,WR,8.97,5.599999904632568,3.3700000953674323,3.3700000953674323
2024,10,Josh Palmer,WR,7.97,4.599999904632568,3.3700000953674314,3.3700000953674314
2023,6,Ja'Marr Chase,WR,17.37,14.0,3.370000000000001,3.370000000000001
2024,13,Zach Ertz,TE,9.13,12.5,-3.369999999999999,3.369999999999999
2024,4,Jaylen Waddle,WR,10.96,7.599999904632568,3.3600000953674325,3.3600000953674325
2024,17,George Pickens,WR,11.36,8.0,3.3599999999999994,3.3599999999999994
2025,6,Jordan Love,QB,18.32,14.960000038146973,3.3599999618530276,3.3599999618530276
2025,8,JuJu Smith-Schuster,WR,8.26,4.900000095367432,3.359999904632568,3.359999904632568
2024,5,Andrei Iosivas,WR,8.26,4.900000095367432,3.359999904632568,3.359999904632568
2023,13,Travis Etienne,RB,14.54,17.899999618530273,-3.3599996185302743,3.3599996185302743
2025,5,Trey McBride,TE,12.46,9.100000381469727,3.3599996185302743,3.3599996185302743
2023,11,Adam Thielen,WR,12.04,15.399999618530273,-3.3599996185302743,3.3599996185302743
2023,5,Dawson Knox,TE,8.05,4.699999809265137,3.350000190734864,3.350000190734864
2023,12,James Conner,RB,10.55,7.199999809265137,3.350000190734864,3.350000190734864
2025,5,Harold Fannin Jr.,TE,7.95,11.300000190734863,-3.350000190734863,3.350000190734863
2025,15,Chimere Dike,WR,8.35,5.0,3.3499999999999996,3.3499999999999996
2024,9,Zach Charbonnet,RB,8.65,5.300000190734863,3.349999809265137,3.349999809265137
2024,10,Tank Dell,WR,11.65,8.300000190734863,3.349999809265137,3.349999809265137
2024,12,Cooper Rush,QB,14.63,17.979999542236328,-3.3499995422363273,3.3499995422363273
2023,7,Christian McCaffrey,RB,19.26,22.600000381469727,-3.340000381469725,3.340000381469725
2025,14,Tua Tagovailoa,QB,12.42,9.079999923706055,3.3400000762939452,3.3400000762939452
2024,14,Jordan Love,QB,17.88,14.539999961853027,3.3400000381469717,3.3400000381469717
2024,17,Jalen Coker,WR,8.84,5.5,3.34,3.34
2023,3,Zay Flowers,WR,9.66,13.0,-3.34,3.34
2024,17,Khalil Shakir,WR,8.84,5.5,3.34,3.34
2023,16,Baker Mayfield,QB,16.48,19.81999969482422,-3.3399996948242183,3.3399996948242183
2025,15,Jordan Addison,WR,11.94,8.600000381469727,3.339999618530273,3.339999618530273
2024,17,Nico Collins,WR,12.23,8.899999618530273,3.330000381469727,3.330000381469727
2023,10,Bijan Robinson,RB,14.27,17.600000381469727,-3.330000381469727,3.330000381469727
2025,9,Aaron Jones,RB,8.47,11.800000190734863,-3.3300001907348626,3.3300001907348626
2025,14,Rachaad White,RB,9.83,6.5,3.33,3.33
2024,8,Tony Pollard,RB,11.37,14.699999809265137,-3.3299998092651375,3.3299998092651375
2023,17,Romeo Doubs,WR,9.13,5.800000190734863,3.3299998092651375,3.3299998092651375
2023,9,Jerome Ford,RB,9.37,12.699999809265137,-3.3299998092651375,3.3299998092651375
2025,6,Trevor Lawrence,QB,15.89,19.219999313354492,-3.3299993133544916,3.3299993133544916
2023,6,Terry McLaurin,WR,10.78,14.100000381469727,-3.320000381469727,3.320000381469727
2024,17,Calvin Ridley,WR,10.78,14.100000381469727,-3.320000381469727,3.320000381469727
2023,6,Brian Robinson,RB,10.28,13.600000381469727,-3.320000381469727,3.320000381469727
2025,4,TreVeyon Henderson,RB,9.28,12.600000381469727,-3.320000381469727,3.320000381469727
2025,4,Cooper Kupp,WR,9.92,6.599999904632568,3.3200000953674316,3.3200000953674316
2025,16,Omarion Hampton,RB,13.18,16.5,-3.3200000000000003,3.3200000000000003
2024,17,Brock Bowers,TE,11.29,14.600000381469727,-3.3100003814697274,3.3100003814697274
2023,6,Matthew Stafford,QB,16.55,13.239999771118164,3.3100002288818366,3.3100002288818366
2024,15,Bijan Robinson,RB,17.81,14.5,3.3099999999999987,3.3099999999999987
2024,3,Alec Pierce,WR,8.71,5.400000095367432,3.309999904632569,3.309999904632569
2023,17,Michael Pittman,WR,12.91,9.600000381469727,3.3099996185302736,3.3099996185302736
2023,5,Samaje Perine,RB,8.2,11.5,-3.3000000000000007,3.3000000000000007
2023,8,Zay Flowers,WR,10.2,6.900000095367432,3.2999999046325676,3.2999999046325676
2023,5,Gus Edwards,RB,8.1,4.800000190734863,3.2999998092651364,3.2999998092651364
2023,7,Kenny Pickett,QB,11.9,15.199999809265137,-3.2999998092651364,3.2999998092651364
2025,7,Trevor Lawrence,QB,14.34,17.639999389648438,-3.2999993896484376,3.2999993896484376
2024,3,Dalton Schultz,TE,6.39,3.0999999046325684,3.2900000953674313,3.2900000953674313
2025,11,Parker Washington,WR,7.29,4.0,3.29,3.29
2025,3,Jerome Ford,RB,8.29,5.0,3.289999999999999,3.289999999999999
2025,12,Chris Olave,WR,12.71,16.0,-3.289999999999999,3.289999999999999
2023,6,Jerick McKinnon,RB,8.29,5.0,3.289999999999999,3.289999999999999
2025,3,D'Andre Swift,RB,14.09,10.800000190734863,3.2899998092651366,3.2899998092651366
2023,5,Bijan Robinson,RB,15.09,11.800000190734863,3.2899998092651366,3.2899998092651366
2023,8,Kendrick Bourne,WR,9.32,12.600000381469727,-3.2800003814697263,3.2800003814697263
2025,12,Travis Kelce,TE,11.68,8.399999618530273,3.2800003814697263,3.2800003814697263
2024,6,Tyler Conklin,TE,6.28,3.0,3.2800000000000002,3.2800000000000002
2023,11,Jordan Addison,WR,10.68,7.400000095367432,3.279999904632568,3.279999904632568
2025,11,Drake London,WR,15.62,18.899999618530273,-3.279999618530274,3.279999618530274
2025,13,Jared Goff,QB,17.36,20.639999389648438,-3.279999389648438,3.279999389648438
2024,11,CeeDee Lamb,WR,15.33,18.600000381469727,-3.2700003814697265,3.2700003814697265
2025,12,Rachaad White,RB,8.47,5.199999809265137,3.270000190734864,3.270000190734864
2024,3,D'Andre Swift,RB,9.47,6.199999809265137,3.270000190734864,3.270000190734864
2024,15,Alvin Kamara,RB,13.73,17.0,-3.2699999999999996,3.2699999999999996
2024,12,Derrick Henry,RB,17.27,14.0,3.2699999999999996,3.2699999999999996
2023,10,Russell Wilson,QB,15.45,18.719999313354492,-3.269999313354493,3.269999313354493
2024,14,Travis Etienne,RB,7.74,11.0,-3.26,3.26
2025,12,Tyler Warren,TE,12.76,9.5,3.26,3.26
2023,14,Courtland Sutton,WR,11.94,15.199999809265137,-3.259999809265137,3.259999809265137
2024,15,Jake Ferguson,TE,7.56,4.300000190734863,3.2599998092651363,3.2599998092651363
2025,16,CeeDee Lamb,WR,14.36,11.100000381469727,3.259999618530273,3.259999618530273
2025,3,Drake Maye,QB,15.96,19.219999313354492,-3.2599993133544913,3.2599993133544913
2023,10,Garrett Wilson,WR,15.04,18.299999237060547,-3.2599992370605477,3.2599992370605477
2024,4,Jonathan Taylor,RB,16.54,19.799999237060547,-3.2599992370605477,3.2599992370605477
2024,6,Rashid Shaheed,WR,11.55,8.300000190734863,3.2499998092651374,3.2499998092651374
2025,6,Justin Herbert,QB,15.52,18.760000228881836,-3.2400002288818364,3.2400002288818364
2025,7,Travis Etienne,RB,9.74,6.5,3.24,3.24
2025,5,Amon-Ra St. Brown,WR,21.24,18.0,3.2399999999999984,3.2399999999999984
2024,8,Rachaad White,RB,12.46,15.699999809265137,-3.239999809265136,3.239999809265136
2024,17,James Cook,RB,14.54,11.300000190734863,3.239999809265136,3.239999809265136
2024,4,Caleb Williams,QB,14.71,11.479999542236328,3.2300004577636727,3.2300004577636727
2024,7,Travis Kelce,TE,8.93,5.699999809265137,3.230000190734863,3.230000190734863
2023,7,Jaleel McLaughlin,RB,8.83,5.599999904632568,3.2300000953674317,3.2300000953674317
2024,5,Chuba Hubbard,RB,14.27,17.5,-3.2300000000000004,3.2300000000000004
2025,15,RJ Harvey,RB,13.73,10.5,3.2300000000000004,3.2300000000000004
2024,4,Jalen Tolbert,WR,8.63,5.400000095367432,3.229999904632569,3.229999904632569
2024,6,C.J. Stroud,QB,15.15,18.3799991607666,-3.229999160766601,3.229999160766601
2024,4,Jakobi Meyers,WR,13.12,9.899999618530273,3.220000381469726,3.220000381469726
2023,15,DJ Moore,WR,12.42,9.199999809265137,3.220000190734863,3.220000190734863
2023,6,Garrett Wilson,WR,13.78,17.0,-3.2200000000000006,3.2200000000000006
2025,3,Mike Evans,WR,10.09,13.300000190734863,-3.2100001907348634,3.2100001907348634
2025,14,Kyle Monangai,RB,11.91,8.699999809265137,3.2100001907348634,3.2100001907348634
2025,11,Jaylen Warren,RB,11.91,8.699999809265137,3.2100001907348634,3.2100001907348634
2025,9,Daniel Jones,QB,17.29,14.079999923706055,3.2100000762939445,3.2100000762939445
2023,10,Tyler Allgeier,RB,8.01,4.800000190734863,3.2099998092651365,3.2099998092651365
2025,3,Justin Herbert,QB,17.81,14.600000381469727,3.209999618530272,3.209999618530272
2024,15,Ladd McConkey,WR,13.59,16.799999237060547,-3.209999237060547,3.209999237060547
2023,15,Raheem Mostert,RB,15.09,18.299999237060547,-3.209999237060547,3.209999237060547
2024,11,Jalen Hurts,QB,21.94,18.739999771118164,3.200000228881837,3.200000228881837
2025,6,Dak Prescott,QB,19.14,22.34000015258789,-3.20000015258789,3.20000015258789
2024,17,Courtland Sutton,WR,13.3,16.5,-3.1999999999999993,3.1999999999999993
2023,10,Chuba Hubbard,RB,9.1,5.900000095367432,3.199999904632568,3.199999904632568
2025,5,Travis Etienne,RB,12.0,8.800000190734863,3.1999998092651367,3.1999998092651367
2023,14,A.J. Brown,WR,13.2,16.399999618530273,-3.199999618530274,3.199999618530274
2023,7,Trevor Lawrence,QB,14.86,18.059999465942383,-3.1999994659423834,3.1999994659423834
2023,4,Jerry Jeudy,WR,11.39,8.199999809265137,3.190000190734864,3.190000190734864
2025,14,Terry McLaurin,WR,10.29,7.099999904632568,3.190000095367431,3.190000095367431
2023,13,Jonnu Smith,TE,6.19,3.0,3.1900000000000004,3.1900000000000004
2025,3,Amon-Ra St. Brown,WR,17.52,20.700000762939453,-3.1800007629394536,3.1800007629394536
2025,9,Aaron Rodgers,QB,15.3,12.119999885559082,3.1800001144409187,3.1800001144409187
2023,11,Khalil Herbert,RB,9.28,6.099999904632568,3.180000095367431,3.180000095367431
2023,9,Keenan Allen,WR,12.52,15.699999809265137,-3.179999809265137,3.179999809265137
2024,3,Justin Fields,QB,15.22,18.399999618530273,-3.179999618530273,3.179999618530273
2025,7,Dak Prescott,QB,20.09,23.260000228881836,-3.170000228881836,3.170000228881836
2023,7,Rondale Moore,WR,7.77,4.599999904632568,3.170000095367431,3.170000095367431
2024,14,Will Dissly,TE,7.07,3.9000000953674316,3.1699999046325686,3.1699999046325686
2025,6,Jakobi Meyers,WR,11.07,7.900000095367432,3.1699999046325686,3.1699999046325686
2023,14,Adam Thielen,WR,9.23,12.399999618530273,-3.169999618530273,3.169999618530273
2025,5,Ashton Jeanty,RB,12.73,15.899999618530273,-3.169999618530273,3.169999618530273
2025,15,Caleb Williams,QB,15.81,18.979999542236328,-3.1699995422363276,3.1699995422363276
2023,10,Romeo Doubs,WR,8.94,12.100000381469727,-3.160000381469727,3.160000381469727
2024,16,Pat Freiermuth,TE,7.76,4.599999904632568,3.1600000953674314,3.1600000953674314
2023,9,Tony Pollard,RB,12.46,9.300000190734863,3.1599998092651376,3.1599998092651376
2024,6,Tony Pollard,RB,14.64,17.799999237060547,-3.1599992370605463,3.1599992370605463
2023,5,Stefon Diggs,WR,20.95,24.100000381469727,-3.1500003814697273,3.1500003814697273
2025,12,Xavier Legette,WR,8.35,5.199999809265137,3.150000190734863,3.150000190734863
2025,13,Kenny Gainwell,RB,9.65,6.5,3.1500000000000004,3.1500000000000004
2023,3,Najee Harris,RB,9.65,6.5,3.1500000000000004,3.1500000000000004
2025,14,Cade Otton,TE,8.05,4.900000095367432,3.149999904632569,3.149999904632569
2024,4,Dalton Kincaid,TE,6.55,9.699999809265137,-3.149999809265137,3.149999809265137
2024,10,Rome Odunze,WR,8.45,5.300000190734863,3.149999809265136,3.149999809265136
2024,9,Malik Nabers,WR,11.75,14.899999618530273,-3.1499996185302734,3.1499996185302734
2025,6,Chig Okonkwo,TE,7.46,10.600000381469727,-3.1400003814697266,3.1400003814697266
2023,5,Joe Mixon,RB,16.54,13.399999618530273,3.1400003814697257,3.1400003814697257
2025,8,Alec Pierce,WR,12.04,8.899999618530273,3.1400003814697257,3.1400003814697257
2025,14,Dalton Schultz,TE,8.34,5.199999809265137,3.140000190734863,3.140000190734863
2024,16,Ray-Ray McCloud,WR,8.84,5.699999809265137,3.140000190734863,3.140000190734863
2025,9,Noah Fant,TE,7.66,10.800000190734863,-3.140000190734863,3.140000190734863
2023,3,Kyren Williams,RB,11.64,8.5,3.1400000000000006,3.1400000000000006
2025,16,Kyren Williams,RB,14.64,11.5,3.1400000000000006,3.1400000000000006
2025,14,Trey McBride,TE,13.94,10.800000190734863,3.139999809265136,3.139999809265136
2023,9,DeVonta Smith,WR,10.97,14.100000381469727,-3.130000381469726,3.130000381469726
2024,16,Travis Etienne,RB,8.83,5.699999809265137,3.1300001907348634,3.1300001907348634
2024,15,Tank Dell,WR,9.23,6.099999904632568,3.130000095367432,3.130000095367432
2023,16,Tyler Boyd,WR,7.77,10.899999618530273,-3.129999618530274,3.129999618530274
2025,8,Josh Allen,QB,20.09,23.219999313354492,-3.1299993133544923,3.1299993133544923
2023,14,Cade Otton,TE,6.48,9.600000381469727,-3.120000381469726,3.120000381469726
2024,5,Mark Andrews,TE,6.38,9.5,-3.12,3.12
2025,9,Jakobi Meyers,WR,9.42,6.300000190734863,3.1199998092651366,3.1199998092651366
2023,14,Najee Harris,RB,10.92,7.800000190734863,3.1199998092651366,3.1199998092651366
2025,6,Jalen Hurts,QB,17.51,20.6200008392334,-3.110000839233397,3.110000839233397
2025,14,Josh Jacobs,RB,14.09,17.200000762939453,-3.1100007629394533,3.1100007629394533
2024,11,De'Von Achane,RB,23.61,20.5,3.1099999999999994,3.1099999999999994
2025,10,DK Metcalf,WR,9.61,6.5,3.1099999999999994,3.1099999999999994
2025,6,Jaylen Waddle,WR,12.71,15.819999694824219,-3.109999694824218,3.109999694824218
2024,8,Romeo Doubs,WR,13.3,10.199999809265137,3.100000190734864,3.100000190734864
2025,9,Tyler Warren,TE,10.7,7.599999904632568,3.100000095367431,3.100000095367431
2023,12,Devin Singletary,RB,10.1,13.199999809265137,-3.099999809265137,3.099999809265137
2025,5,Nick Chubb,RB,9.01,12.100000381469727,-3.0900003814697268,3.0900003814697268
2025,14,Nico Collins,WR,13.01,16.100000381469727,-3.0900003814697268,3.0900003814697268
2023,13,Gardner Minshew,QB,15.59,18.68000030517578,-3.0900003051757814,3.0900003051757814
2023,12,Russell Wilson,QB,13.67,16.760000228881836,-3.090000228881836,3.090000228881836
2023,4,Tyler Conklin,TE,6.71,9.800000190734863,-3.0900001907348633,3.0900001907348633
2025,12,Chase Brown,RB,11.91,15.0,-3.09,3.09
2023,9,Mac Jones,QB,14.19,11.100000381469727,3.089999618530273,3.089999618530273
2024,16,Rico Dowdle,RB,11.19,8.100000381469727,3.089999618530273,3.089999618530273
2024,5,Tyreek Hill,WR,9.81,12.899999618530273,-3.089999618530273,3.089999618530273
2025,6,Bryce Young,QB,15.37,18.459999084472656,-3.089999084472657,3.089999084472657
2025,14,DeVonta Smith,WR,10.78,7.699999809265137,3.0800001907348626,3.0800001907348626
2023,13,Courtland Sutton,WR,12.62,15.699999809265137,-3.0799998092651375,3.0799998092651375
2024,15,Kyren Williams,RB,16.27,13.199999809265137,3.070000190734863,3.070000190734863
2025,14,Derrick Henry,RB,14.27,11.199999809265137,3.070000190734863,3.070000190734863
2025,11,Rashid Shaheed,WR,7.97,4.900000095367432,3.069999904632568,3.069999904632568
2025,15,Sam Darnold,QB,14.41,11.34000015258789,3.0699998474121095,3.0699998474121095
2023,16,Jonathan Taylor,RB,13.37,10.300000190734863,3.069999809265136,3.069999809265136
2023,11,Jerome Ford,RB,8.83,11.899999618530273,-3.0699996185302734,3.0699996185302734
2024,4,Zack Moss,RB,14.73,17.799999237060547,-3.0699992370605464,3.0699992370605464
2025,7,DJ Moore,WR,11.26,8.199999809265137,3.060000190734863,3.060000190734863
2025,16,Josh Downs,WR,8.74,11.800000190734863,-3.060000190734863,3.060000190734863
2024,3,Jaylen Waddle,WR,9.66,6.599999904632568,3.060000095367432,3.060000095367432
2025,13,Romeo Doubs,WR,8.94,12.0,-3.0600000000000005,3.0600000000000005
2023,11,Aidan O'Connell,QB,12.2,9.140000343322754,3.0599996566772454,3.0599996566772454
2025,5,Cooper Kupp,WR,8.84,11.899999618530273,-3.0599996185302736,3.0599996185302736
2023,5,Christian Watson,WR,8.55,11.600000381469727,-3.050000381469726,3.050000381469726
2025,17,Colby Parkinson,TE,8.25,11.300000190734863,-3.0500001907348633,3.0500001907348633
2023,17,Antonio Gibson,RB,8.65,5.599999904632568,3.050000095367432,3.050000095367432
2025,6,Travis Etienne,RB,12.55,9.5,3.0500000000000007,3.0500000000000007
2025,4,Brenton Strange,TE,7.45,10.5,-3.05,3.05
2025,16,Jake Ferguson,TE,7.95,4.900000095367432,3.0499999046325685,3.0499999046325685
2023,4,Josh Downs,WR,8.45,5.400000095367432,3.0499999046325676,3.0499999046325676
2025,9,Kendrick Bourne,WR,8.45,5.400000095367432,3.0499999046325676,3.0499999046325676
2025,6,Kyle Pitts,TE,7.85,4.800000190734863,3.0499998092651364,3.0499998092651364
2025,13,Mack Hollins,WR,8.35,5.300000190734863,3.0499998092651364,3.0499998092651364
2024,15,Pat Freiermuth,TE,8.15,11.199999809265137,-3.0499998092651364,3.0499998092651364
2023,8,Trevor Lawrence,QB,17.73,14.680000305175781,3.049999694824219,3.049999694824219
2024,5,Chris Godwin Jr.,WR,14.65,11.600000381469727,3.049999618530274,3.049999618530274
2023,7,Baker Mayfield,QB,13.16,16.200000762939453,-3.040000762939453,3.040000762939453
2025,16,Baker Mayfield,QB,15.74,12.699999809265137,3.0400001907348635,3.0400001907348635
2025,5,TreVeyon Henderson,RB,7.74,4.699999809265137,3.0400001907348635,3.0400001907348635
2024,15,Tucker Kraft,TE,8.44,5.400000095367432,3.039999904632568,3.039999904632568
2023,6,Tyler Conklin,TE,8.44,5.400000095367432,3.039999904632568,3.039999904632568
2023,6,Rashee Rice,WR,8.16,11.199999809265137,-3.0399998092651366,3.0399998092651366
2025,5,Marquise Brown,WR,11.84,8.800000190734863,3.0399998092651366,3.0399998092651366
2023,13,Rashee Rice,WR,11.36,14.399999618530273,-3.039999618530274,3.039999618530274
2025,16,Mike Evans,WR,11.07,14.100000381469727,-3.0300003814697263,3.0300003814697263
2025,5,T.J. Hockenson,TE,6.77,9.800000190734863,-3.0300001907348637,3.0300001907348637
2023,9,Derrick Henry,RB,16.18,19.200000762939453,-3.0200007629394534,3.0200007629394534
2023,8,Tyler Boyd,WR,10.58,13.600000381469727,-3.0200003814697265,3.0200003814697265
2024,3,Courtland Sutton,WR,10.78,13.800000190734863,-3.020000190734864,3.020000190734864
2024,15,Hunter Henry,TE,9.52,6.5,3.0199999999999996,3.0199999999999996
2025,3,Tyler Warren,TE,9.82,6.800000190734863,3.019999809265137,3.019999809265137
2024,3,Kirk Cousins,QB,14.12,11.100000381469727,3.0199996185302727,3.0199996185302727
2024,13,Justin Jefferson,WR,13.88,16.899999618530273,-3.0199996185302727,3.0199996185302727
2024,12,DK Metcalf,WR,12.91,9.899999618530273,3.0100003814697267,3.0100003814697267
2025,17,Josh Allen,QB,20.17,23.18000030517578,-3.0100003051757795,3.0100003051757795
2023,13,Diontae Johnson,WR,10.29,13.300000190734863,-3.010000190734864,3.010000190734864
2023,3,Jake Ferguson,TE,6.79,9.800000190734863,-3.0100001907348632,3.0100001907348632
2024,14,Evan Engram,TE,10.31,7.300000190734863,3.009999809265137,3.009999809265137
2023,7,DJ Moore,WR,16.4,13.399999618530273,3.000000381469725,3.000000381469725
2024,16,Chase Brown,RB,16.9,13.899999618530273,3.000000381469725,3.000000381469725
2023,3,Dak Prescott,QB,17.36,14.359999656677246,3.0000003433227533,3.0000003433227533
2023,14,DK Metcalf,WR,16.2,13.199999809265137,3.0000001907348626,3.0000001907348626
2024,6,Josh Jacobs,RB,15.0,12.0,3.0,3.0
2024,7,Kyle Pitts,TE,10.5,13.5,-3.0,3.0
2023,16,Drake London,WR,9.9,6.900000095367432,2.9999999046325687,2.9999999046325687
2025,7,Romeo Doubs,WR,10.2,13.199999809265137,-2.9999998092651374,2.9999998092651374
2023,6,Trevor Lawrence,QB,17.73,14.739999771118164,2.9900002288818364,2.9900002288818364
2025,11,Patrick Mahomes,QB,16.33,13.34000015258789,2.9899998474121077,2.9899998474121077
2024,3,Bijan Robinson,RB,16.18,13.199999809265137,2.980000190734863,2.980000190734863
2023,7,Brandon Aiyuk,WR,13.68,10.699999809265137,2.980000190734863,2.980000190734863
2024,9,Keenan Allen,WR,10.58,7.599999904632568,2.9800000953674317,2.9800000953674317
2025,16,Dak Prescott,QB,16.18,19.15999984741211,-2.9799998474121097,2.9799998474121097
2025,17,Bucky Irving,RB,11.28,8.300000190734863,2.979999809265136,2.979999809265136
2025,4,Jaylen Waddle,WR,10.78,7.800000190734863,2.979999809265136,2.979999809265136
2025,15,Jakobi Meyers,WR,9.13,12.100000381469727,-2.970000381469726,2.970000381469726
2025,7,Jonnu Smith,TE,8.83,11.800000190734863,-2.970000190734863,2.970000190734863
2025,7,C.J. Stroud,QB,16.63,13.65999984741211,2.9700001525878896,2.9700001525878896
2025,4,Miles Sanders,RB,7.47,4.5,2.9699999999999998,2.9699999999999998
2023,8,Chuba Hubbard,RB,10.37,7.400000095367432,2.9699999046325676,2.9699999046325676
2024,12,Kenneth Walker III,RB,16.27,13.300000190734863,2.9699998092651363,2.9699998092651363
2025,8,Keenan Allen,WR,11.36,8.399999618530273,2.960000381469726,2.960000381469726
2024,4,Justin Herbert,QB,14.12,11.15999984741211,2.96000015258789,2.96000015258789
2024,11,A.J. Brown,WR,14.46,11.5,2.960000000000001,2.960000000000001
2024,10,Amon-Ra St. Brown,WR,15.04,18.0,-2.960000000000001,2.960000000000001
2024,10,Cooper Kupp,WR,12.04,15.0,-2.960000000000001,2.960000000000001
2025,17,Dak Prescott,QB,19.73,22.68000030517578,-2.950000305175781,2.950000305175781
2025,17,Nico Collins,WR,11.65,8.699999809265137,2.9500001907348636,2.9500001907348636
2023,6,DJ Chark,WR,8.55,5.599999904632568,2.9500000953674324,2.9500000953674324
2025,17,Tyrell Shavers,WR,8.55,5.599999904632568,2.9500000953674324,2.9500000953674324
2025,3,Marvin Harrison Jr.,WR,10.35,7.400000095367432,2.949999904632568,2.949999904632568
2024,16,Ladd McConkey,WR,11.75,14.699999809265137,-2.9499998092651367,2.9499998092651367
2023,8,Kirk Cousins,QB,16.92,19.860000610351562,-2.940000610351561,2.940000610351561
2025,6,DeVonta Smith,WR,11.84,8.899999618530273,2.9400003814697264,2.9400003814697264
2024,14,DK Metcalf,WR,11.84,8.899999618530273,2.9400003814697264,2.9400003814697264
2025,10,Marvin Harrison Jr.,WR,11.36,14.300000190734863,-2.940000190734864,2.940000190734864
2024,3,Brian Robinson,RB,13.64,10.699999809265137,2.940000190734864,2.940000190734864
2023,4,Kendrick Bourne,WR,8.54,5.599999904632568,2.940000095367431,2.940000095367431
2024,5,Kyren Williams,RB,18.44,15.5,2.9400000000000013,2.9400000000000013
2024,7,Tyler Conklin,TE,7.76,10.699999809265137,-2.939999809265137,2.939999809265137
2025,3,Zach Ertz,TE,9.74,6.800000190734863,2.939999809265137,2.939999809265137
2025,3,Isiah Pacheco,RB,8.74,5.800000190734863,2.939999809265137,2.939999809265137
2025,5,J.K. Dobbins,RB,12.46,15.399999618530273,-2.9399996185302726,2.9399996185302726
2024,10,Tyrone Tracy Jr.,RB,12.46,15.399999618530273,-2.9399996185302726,2.9399996185302726
2023,11,Breece Hall,RB,15.36,18.299999237060547,-2.9399992370605474,2.9399992370605474
2024,16,Javonte Williams,RB,9.37,12.300000190734863,-2.930000190734864,2.930000190734864
2025,9,J.K. Dobbins,RB,9.83,6.900000095367432,2.9299999046325684,2.9299999046325684
2025,9,Tony Pollard,RB,10.73,7.800000190734863,2.929999809265137,2.929999809265137
2025,10,DeVonta Smith,WR,13.97,16.899999618530273,-2.929999618530273,2.929999618530273
2023,8,Derek Carr,QB,15.37,18.299999237060547,-2.9299992370605477,2.9299992370605477
2023,7,Kirk Cousins,QB,18.1,21.020000457763672,-2.9200004577636705,2.9200004577636705
2023,3,Cole Kmet,TE,7.12,4.199999809265137,2.9200001907348634,2.9200001907348634
2024,15,Travis Kelce,TE,9.62,6.699999809265137,2.9200001907348625,2.9200001907348625
2023,14,Jaylen Warren,RB,10.92,8.0,2.92,2.92
2023,7,Curtis Samuel,WR,9.42,6.5,2.92,2.92
2023,3,Robert Woods,WR,9.32,6.400000095367432,2.9199999046325686,2.9199999046325686
2023,13,Amari Cooper,WR,9.32,6.400000095367432,2.9199999046325686,2.9199999046325686
2025,13,Wan'Dale Robinson,WR,7.48,10.399999618530273,-2.919999618530273,2.919999618530273
2024,13,Jordan Love,QB,16.04,18.959999084472656,-2.919999084472657,2.919999084472657
2024,16,Mark Andrews,TE,10.89,13.800000190734863,-2.9100001907348627,2.9100001907348627
2023,12,Romeo Doubs,WR,9.61,6.699999809265137,2.9100001907348627,2.9100001907348627
2025,7,J.K. Dobbins,RB,11.91,9.0,2.91,2.91
2023,3,Josh Jacobs,RB,13.91,11.0,2.91,2.91
2024,16,Darnell Mooney,WR,10.29,13.199999809265137,-2.9099998092651376,2.9099998092651376
2023,14,Elijah Moore,WR,10.1,7.199999809265137,2.900000190734863,2.900000190734863
2025,16,Michael Pittman,WR,10.1,7.199999809265137,2.900000190734863,2.900000190734863
2025,14,Troy Franklin,WR,7.0,4.099999904632568,2.9000000953674316,2.9000000953674316
2024,14,Jameson Williams,WR,10.1,13.0,-2.9000000000000004,2.9000000000000004
2023,3,Jakobi Meyers,WR,12.6,15.5,-2.9000000000000004,2.9000000000000004
2024,15,Bo Nix,QB,16.4,13.5,2.8999999999999986,2.8999999999999986
2024,5,Tank Dell,WR,10.2,7.300000190734863,2.899999809265136,2.899999809265136
2024,7,Stefon Diggs,WR,10.2,7.300000190734863,2.899999809265136,2.899999809265136
2024,17,Chase Brown,RB,16.0,13.100000381469727,2.8999996185302734,2.8999996185302734
2025,7,Javonte Williams,RB,15.9,18.799999237060547,-2.8999992370605465,2.8999992370605465
2025,13,Kyren Williams,RB,16.09,13.199999809265137,2.890000190734863,2.890000190734863
2023,10,Amari Cooper,WR,12.91,15.800000190734863,-2.890000190734863,2.890000190734863
2025,17,Jordan Addison,WR,9.61,12.5,-2.8900000000000006,2.8900000000000006
2023,10,Rashid Shaheed,WR,10.29,7.400000095367432,2.8899999046325675,2.8899999046325675
2024,17,Tyrone Tracy Jr.,RB,12.19,9.300000190734863,2.889999809265136,2.889999809265136
2025,7,Juwan Johnson,TE,10.01,12.899999618530273,-2.8899996185302737,2.8899996185302737
2024,5,Josh Downs,WR,13.01,15.899999618530273,-2.8899996185302737,2.8899996185302737
2025,3,Tony Pollard,RB,11.01,13.899999618530273,-2.8899996185302737,2.8899996185302737
2023,16,Josh Allen,QB,22.09,24.979999542236328,-2.8899995422363283,2.8899995422363283
2023,15,Mitchell Trubisky,QB,15.74,12.859999656677246,2.880000343322754,2.880000343322754
2025,4,Marquise Brown,WR,9.92,12.800000190734863,-2.8800001907348634,2.8800001907348634
2024,11,Hunter Henry,TE,9.42,12.300000190734863,-2.8800001907348634,2.8800001907348634
2024,16,Marvin Harrison Jr.,WR,10.78,7.900000095367432,2.8799999046325677,2.8799999046325677
2025,14,Courtland Sutton,WR,9.32,12.199999809265137,-2.8799998092651364,2.8799998092651364
2024,13,Derek Carr,QB,17.44,14.5600004196167,2.879999580383302,2.879999580383302
2023,7,Josh Allen,QB,21.42,24.299999237060547,-2.879999237060545,2.879999237060545
2025,17,Javonte Williams,RB,14.27,11.399999618530273,2.870000381469726,2.870000381469726
2024,12,Bo Nix,QB,16.55,19.420000076293945,-2.8700000762939446,2.8700000762939446
2025,12,Mack Hollins,WR,7.87,5.0,2.87,2.87
2025,4,Harold Fannin Jr.,TE,7.37,4.5,2.87,2.87
2025,12,Tyjae Spears,RB,9.37,6.5,2.869999999999999,2.869999999999999
2024,3,Austin Ekeler,RB,10.83,13.699999809265137,-2.8699998092651366,2.8699998092651366
2025,11,Justin Jefferson,WR,13.97,11.100000381469727,2.869999618530274,2.869999618530274
2025,9,James Cook,RB,16.36,13.5,2.8599999999999994,2.8599999999999994
2024,14,Cam Akers,RB,6.56,3.700000047683716,2.859999952316284,2.859999952316284
2024,15,Cade Otton,TE,7.26,4.400000095367432,2.859999904632568,2.859999904632568
2024,13,Ja'Marr Chase,WR,17.75,20.600000381469727,-2.8500003814697266,2.8500003814697266
2025,10,Tua Tagovailoa,QB,13.67,10.819999694824219,2.850000305175781,2.850000305175781
2023,5,Zay Jones,WR,8.45,11.300000190734863,-2.850000190734864,2.850000190734864
2023,15,Patrick Mahomes,QB,18.55,15.699999809265137,2.850000190734864,2.850000190734864
2025,13,Quentin Johnston,WR,8.45,11.300000190734863,-2.850000190734864,2.850000190734864
2023,16,Lamar Jackson,QB,19.73,22.579999923706055,-2.8499999237060543,2.8499999237060543
2025,5,Cam Skattebo,RB,11.55,14.399999618530273,-2.8499996185302727,2.8499996185302727
2025,15,Oronde Gadsden II,TE,7.26,10.100000381469727,-2.8400003814697268,2.8400003814697268
2025,16,Ladd McConkey,WR,11.46,14.300000190734863,-2.8400001907348624,2.8400001907348624
2025,12,Tyler Allgeier,RB,8.74,5.900000095367432,2.8399999046325686,2.8399999046325686
2024,13,Jalen Hurts,QB,20.46,17.6200008392334,2.8399991607666024,2.8399991607666024
2024,8,Najee Harris,RB,13.27,16.100000381469727,-2.830000381469727,2.830000381469727
2023,15,Chuba Hubbard,RB,9.47,12.300000190734863,-2.8300001907348626,2.8300001907348626
2023,11,Jake Ferguson,TE,9.03,6.199999809265137,2.8300001907348626,2.8300001907348626
2024,4,Alexander Mattison,RB,8.83,6.0,2.83,2.83
2023,12,DJ Chark,WR,9.23,6.400000095367432,2.829999904632569,2.829999904632569
2023,11,Courtland Sutton,WR,13.78,16.600000381469727,-2.820000381469727,2.820000381469727
2025,10,Christian Watson,WR,9.32,6.5,2.8200000000000003,2.8200000000000003
2025,8,Cam Skattebo,RB,12.82,10.0,2.8200000000000003,2.8200000000000003
2025,14,Jordan Mason,RB,8.38,11.199999809265137,-2.819999809265136,2.819999809265136
2023,13,Chig Okonkwo,TE,6.58,9.399999618530273,-2.8199996185302734,2.8199996185302734
2025,9,Kenneth Walker III,RB,10.92,8.100000381469727,2.8199996185302734,2.8199996185302734
2024,12,Will Levis,QB,13.31,16.1200008392334,-2.810000839233398,2.810000839233398
2025,16,Nico Collins,WR,12.71,9.899999618530273,2.8100003814697274,2.8100003814697274
2023,4,Travis Kelce,TE,14.81,12.0,2.8100000000000005,2.8100000000000005
2024,6,Christian Kirk,WR,9.71,6.900000095367432,2.809999904632569,2.809999904632569
2025,6,Alec Pierce,WR,9.61,6.800000190734863,2.809999809265136,2.809999809265136
2023,17,Jake Ferguson,TE,10.11,7.300000190734863,2.809999809265136,2.809999809265136
2024,9,Jayden Reed,WR,13.49,16.299999237060547,-2.8099992370605467,2.8099992370605467
2025,6,Caleb Williams,QB,17.07,19.8799991607666,-2.8099991607666013,2.8099991607666013
2024,8,Evan Engram,TE,10.8,13.600000381469727,-2.800000381469726,2.800000381469726
2023,14,Alec Pierce,WR,7.0,4.199999809265137,2.8000001907348633,2.8000001907348633
2024,15,Jameson Williams,WR,9.9,12.699999809265137,-2.7999998092651364,2.7999998092651364
2024,16,D'Andre Swift,RB,11.1,8.300000190734863,2.7999998092651364,2.7999998092651364
2024,6,Jaxon Smith-Njigba,WR,13.1,10.300000190734863,2.7999998092651364,2.7999998092651364
2024,7,Chase Brown,RB,10.1,7.300000190734863,2.7999998092651364,2.7999998092651364
2024,14,Jalen Hurts,QB,21.42,24.219999313354492,-2.7999993133544905,2.7999993133544905
2025,12,Kyle Monangai,RB,8.01,10.800000190734863,-2.7900001907348635,2.7900001907348635
2023,13,Jalen Hurts,QB,21.13,23.920000076293945,-2.7900000762939463,2.7900000762939463
2024,12,Cam Akers,RB,6.29,3.5,2.79,2.79
2025,7,Bryce Young,QB,13.31,10.520000457763672,2.7899995422363286,2.7899995422363286
2024,3,Jahmyr Gibbs,RB,19.08,16.299999237060547,2.7800007629394514,2.7800007629394514
2025,3,Josh Allen,QB,20.24,23.020000457763672,-2.7800004577636734,2.7800004577636734
2023,16,Jaxon Smith-Njigba,WR,9.32,12.100000381469727,-2.7800003814697263,2.7800003814697263
2025,7,Chuba Hubbard,RB,10.28,7.5,2.7799999999999994,2.7799999999999994
2024,5,Austin Ekeler,RB,8.92,11.699999809265137,-2.779999809265137,2.779999809265137
2023,14,Cole Kmet,TE,8.83,11.600000381469727,-2.7700003814697265,2.7700003814697265
2023,12,Kyle Pitts,TE,6.97,4.199999809265137,2.770000190734863,2.770000190734863
2024,7,Aaron Rodgers,QB,15.81,13.039999961853027,2.770000038146973,2.770000038146973
2024,4,Cole Kmet,TE,9.17,6.400000095367432,2.7699999046325683,2.7699999046325683
2023,11,Trey McBride,TE,12.07,9.300000190734863,2.769999809265137,2.769999809265137
2023,6,Courtland Sutton,WR,11.84,14.600000381469727,-2.7600003814697267,2.7600003814697267
2024,9,Evan Engram,TE,8.74,11.5,-2.76,2.76
2023,3,Mike Evans,WR,14.24,17.0,-2.76,2.76
2023,14,Will Levis,QB,13.82,16.579999923706055,-2.7599999237060544,2.7599999237060544
2023,8,Zack Moss,RB,11.64,14.399999618530273,-2.759999618530273,2.759999618530273
2024,8,C.J. Stroud,QB,15.15,12.399999618530273,2.750000381469727,2.750000381469727
2023,5,Terry McLaurin,WR,11.65,8.899999618530273,2.750000381469727,2.750000381469727
2025,6,Bo Nix,QB,16.11,13.359999656677246,2.7500003433227533,2.7500003433227533
2024,9,Kenneth Walker III,RB,16.45,13.699999809265137,2.7500001907348626,2.7500001907348626
2024,17,Aaron Jones,RB,14.45,11.699999809265137,2.7500001907348626,2.7500001907348626
2023,8,Derrick Henry,RB,13.46,16.200000762939453,-2.7400007629394523,2.7400007629394523
2025,11,Drake Maye,QB,18.18,15.4399995803833,2.740000419616699,2.740000419616699
2024,9,T.J. Hockenson,TE,8.44,5.699999809265137,2.740000190734863,2.740000190734863
2024,10,Nick Westbrook-Ikhine,WR,8.84,6.099999904632568,2.7400000953674315,2.7400000953674315
2023,7,David Njoku,TE,7.66,10.399999618530273,-2.7399996185302733,2.7399996185302733
2024,8,Drake Maye,QB,14.26,11.520000457763672,2.739999542236328,2.739999542236328
2024,13,Jordan Addison,WR,12.13,9.399999618530273,2.7300003814697273,2.7300003814697273
2023,15,Jerome Ford,RB,9.83,7.099999904632568,2.7300000953674317,2.7300000953674317
2024,10,Drake Maye,QB,14.49,11.760000228881836,2.7299997711181643,2.7299997711181643
2024,16,Ja'Marr Chase,WR,25.12,22.399999618530273,2.7200003814697276,2.7200003814697276
2023,14,Dalton Kincaid,TE,9.82,7.099999904632568,2.720000095367432,2.720000095367432
2025,5,Hunter Henry,TE,9.32,6.599999904632568,2.720000095367432,2.720000095367432
2025,10,Jacoby Brissett,QB,16.7,19.420000076293945,-2.720000076293946,2.720000076293946
2024,12,Josh Palmer,WR,9.52,6.800000190734863,2.7199998092651363,2.7199998092651363
2025,13,DeVonta Smith,WR,12.52,9.800000190734863,2.7199998092651363,2.7199998092651363
2023,10,Michael Pittman,WR,13.68,16.399999618530273,-2.7199996185302737,2.7199996185302737
2023,12,Alvin Kamara,RB,13.18,15.899999618530273,-2.7199996185302737,2.7199996185302737
2024,5,Jayden Daniels,QB,17.0,19.719999313354492,-2.719999313354492,2.719999313354492
2025,16,Jahmyr Gibbs,RB,20.08,22.799999237060547,-2.7199992370605486,2.7199992370605486
2025,16,DeVonta Smith,WR,13.49,16.200000762939453,-2.710000762939453,2.710000762939453
2024,13,Travis Kelce,TE,11.09,13.800000190734863,-2.7100001907348634,2.7100001907348634
2024,8,Deebo Samuel Sr.,WR,9.9,12.600000381469727,-2.700000381469726,2.700000381469726
2025,5,Tony Pollard,RB,12.1,14.800000190734863,-2.7000001907348636,2.7000001907348636
2024,7,Kyler Murray,QB,17.51,20.200000762939453,-2.6900007629394516,2.6900007629394516
2023,13,Brandon Aiyuk,WR,12.91,15.600000381469727,-2.6900003814697264,2.6900003814697264
2024,12,Marvin Harrison Jr.,WR,10.39,7.699999809265137,2.690000190734864,2.690000190734864
2023,12,Trey McBride,TE,10.31,13.0,-2.6899999999999995,2.6899999999999995
2025,5,Jordan Addison,WR,12.42,15.100000381469727,-2.6800003814697266,2.6800003814697266
2023,12,Baker Mayfield,QB,16.04,13.359999656677246,2.680000343322753,2.680000343322753
2023,11,Dak Prescott,QB,18.84,16.15999984741211,2.6800001525878905,2.6800001525878905
2024,3,Tee Higgins,WR,9.58,6.900000095367432,2.6799999046325684,2.6799999046325684
2023,6,Patrick Mahomes,QB,20.02,17.34000015258789,2.679999847412109,2.679999847412109
2025,11,Puka Nacua,WR,16.98,14.300000190734863,2.679999809265137,2.679999809265137
2024,5,Justin Jefferson,WR,12.52,15.199999809265137,-2.679999809265137,2.679999809265137
2025,6,DJ Moore,WR,10.87,8.199999809265137,2.6700001907348625,2.6700001907348625
2023,6,Amari Cooper,WR,12.13,14.800000190734863,-2.6700001907348625,2.6700001907348625
2023,3,Kenny Gainwell,RB,8.47,5.800000190734863,2.6699998092651374,2.6699998092651374
2024,6,Darius Slayton,WR,9.03,11.699999809265137,-2.6699998092651374,2.6699998092651374
2023,8,Raheem Mostert,RB,13.27,10.600000381469727,2.669999618530273,2.669999618530273
2024,3,Nico Collins,WR,15.27,12.600000381469727,2.669999618530273,2.669999618530273
2025,11,Dalton Schultz,TE,8.44,11.100000381469727,-2.660000381469727,2.660000381469727
2025,17,Dalton Schultz,TE,7.56,4.900000095367432,2.659999904632568,2.659999904632568
2024,17,Josh Allen,QB,20.32,22.979999542236328,-2.659999542236328,2.659999542236328
2023,9,Trey McBride,TE,7.85,5.199999809265137,2.650000190734863,2.650000190734863
2025,3,Travis Kelce,TE,9.25,6.599999904632568,2.6500000953674316,2.6500000953674316
2024,4,Jake Ferguson,TE,9.25,11.899999618530273,-2.6499996185302734,2.6499996185302734
2024,13,Drake London,WR,14.65,17.299999237060547,-2.6499992370605465,2.6499992370605465
2025,14,Jacoby Brissett,QB,16.4,19.040000915527344,-2.640000915527345,2.640000915527345
2023,3,Michael Pittman,WR,14.06,16.700000762939453,-2.6400007629394526,2.6400007629394526
2023,17,Darren Waller,TE,7.46,10.100000381469727,-2.6400003814697266,2.6400003814697266
2023,15,Justin Jefferson,WR,18.04,15.399999618530273,2.6400003814697257,2.6400003814697257
2025,13,Chris Godwin Jr.,WR,8.16,10.800000190734863,-2.640000190734863,2.640000190734863
2024,10,Kareem Hunt,RB,14.36,17.0,-2.6400000000000006,2.6400000000000006
2023,4,Tyler Higbee,TE,8.76,11.399999618530273,-2.6399996185302737,2.6399996185302737
2025,6,Jonathan Taylor,RB,21.07,23.700000762939453,-2.630000762939453,2.630000762939453
2024,5,Alexander Mattison,RB,7.47,10.100000381469727,-2.630000381469727,2.630000381469727
2025,4,Nick Chubb,RB,10.83,8.199999809265137,2.6300001907348634,2.6300001907348634
2023,14,Tyler Conklin,TE,7.07,9.699999809265137,-2.6299998092651364,2.6299998092651364
2023,5,Josh Jacobs,RB,17.27,19.899999618530273,-2.629999618530274,2.629999618530274
2025,17,Jerry Jeudy,WR,7.77,10.399999618530273,-2.629999618530274,2.629999618530274
2024,7,Darnell Mooney,WR,12.23,9.600000381469727,2.629999618530274,2.629999618530274
2023,7,Russell Wilson,QB,16.48,13.859999656677246,2.6200003433227543,2.6200003433227543
2024,7,James Cook,RB,11.82,9.199999809265137,2.6200001907348636,2.6200001907348636
2024,16,Sam LaPorta,TE,11.68,14.300000190734863,-2.6200001907348636,2.6200001907348636
2023,5,Evan Engram,TE,9.42,6.800000190734863,2.6199998092651366,2.6199998092651366
2024,10,Brock Purdy,QB,21.2,23.81999969482422,-2.6199996948242195,2.6199996948242195
2024,5,Jaxon Smith-Njigba,WR,10.49,13.100000381469727,-2.6100003814697263,2.6100003814697263
2024,8,Cooper Kupp,WR,13.49,16.100000381469727,-2.6100003814697263,2.6100003814697263
2023,13,Jaylen Waddle,WR,12.81,10.199999809265137,2.610000190734864,2.610000190734864
2023,16,Jakobi Meyers,WR,9.81,7.199999809265137,2.610000190734864,2.610000190734864
2025,15,DeVonta Smith,WR,9.61,7.0,2.6099999999999994,2.6099999999999994
2023,11,Russell Wilson,QB,17.07,14.460000038146973,2.6099999618530276,2.6099999618530276
2023,16,Devin Singletary,RB,11.91,9.300000190734863,2.609999809265137,2.609999809265137
2024,12,Wan'Dale Robinson,WR,7.09,9.699999809265137,-2.609999809265137,2.609999809265137
2023,7,Elijah Moore,WR,7.29,9.899999618530273,-2.6099996185302734,2.6099996185302734
2025,14,Dak Prescott,QB,21.05,18.440000534057617,2.6099994659423835,2.6099994659423835
2025,4,Drake Maye,QB,20.61,23.219999313354492,-2.6099993133544928,2.6099993133544928
2023,6,Lamar Jackson,QB,19.73,17.1200008392334,2.609999160766602,2.609999160766602
2024,9,Javonte Williams,RB,13.0,10.399999618530273,2.6000003814697266,2.6000003814697266
2023,6,Sam Howell,QB,15.74,18.34000015258789,-2.6000001525878904,2.6000001525878904
2024,12,Chris Brooks,RB,6.2,3.5999999046325684,2.600000095367432,2.600000095367432
2025,7,Michael Carter,RB,8.2,5.599999904632568,2.600000095367431,2.600000095367431
2024,16,Amon-Ra St. Brown,WR,16.4,19.0,-2.6000000000000014,2.6000000000000014
2025,15,Aaron Jones,RB,12.1,9.5,2.5999999999999996,2.5999999999999996
2023,9,Davante Adams,WR,10.0,7.400000095367432,2.5999999046325684,2.5999999046325684
2024,16,Malik Nabers,WR,16.4,13.800000190734863,2.5999998092651353,2.5999998092651353
2025,5,Jordan Mason,RB,10.01,12.600000381469727,-2.5900003814697268,2.5900003814697268
2024,15,Zach Charbonnet,RB,11.01,13.600000381469727,-2.5900003814697268,2.5900003814697268
2025,16,A.J. Brown,WR,15.91,18.5,-2.59,2.59
2023,15,Lamar Jackson,QB,21.13,18.540000915527344,2.5899990844726553,2.5899990844726553
2023,11,Rashee Rice,WR,10.78,8.199999809265137,2.5800001907348626,2.5800001907348626
2024,11,Jahmyr Gibbs,RB,16.72,19.299999237060547,-2.579999237060548,2.579999237060548
2023,3,Jerry Jeudy,WR,10.53,13.100000381469727,-2.570000381469727,2.570000381469727
2025,11,Jake Ferguson,TE,9.03,11.600000381469727,-2.570000381469727,2.570000381469727
2024,10,Tyreek Hill,WR,14.27,11.699999809265137,2.570000190734863,2.570000190734863
2023,10,Josh Jacobs,RB,15.27,12.699999809265137,2.570000190734863,2.570000190734863
2025,16,Wan'Dale Robinson,WR,7.77,5.199999809265137,2.570000190734863,2.570000190734863
2024,8,Jaylen Waddle,WR,11.07,8.5,2.5700000000000003,2.5700000000000003
2025,9,AJ Barner,TE,8.93,11.5,-2.5700000000000003,2.5700000000000003
2025,4,Josh Downs,WR,8.97,6.400000095367432,2.569999904632569,2.569999904632569
2023,6,Rachaad White,RB,9.37,6.800000190734863,2.569999809265136,2.569999809265136
2025,7,Tre Tucker,WR,10.87,8.300000190734863,2.569999809265136,2.569999809265136
2023,4,Breece Hall,RB,12.46,9.899999618530273,2.5600003814697274,2.5600003814697274
2023,6,Dawson Knox,TE,7.26,4.699999809265137,2.560000190734863,2.560000190734863
2024,5,Trey McBride,TE,8.74,11.300000190734863,-2.560000190734863,2.560000190734863
2023,13,Jayden Reed,WR,8.16,5.599999904632568,2.560000095367432,2.560000095367432
2025,15,Xavier Worthy,WR,8.06,5.5,2.5600000000000005,2.5600000000000005
2023,7,Zay Flowers,WR,8.94,11.5,-2.5600000000000005,2.5600000000000005
2023,9,James Cook,RB,10.46,7.900000095367432,2.559999904632569,2.559999904632569
2025,5,Josh Downs,WR,8.84,11.399999618530273,-2.5599996185302736,2.5599996185302736
2023,7,Jonnu Smith,TE,8.25,5.699999809265137,2.5500001907348633,2.5500001907348633
2024,11,Deebo Samuel Sr.,WR,8.65,6.099999904632568,2.550000095367432,2.550000095367432
2023,11,Josh Allen,QB,19.95,22.5,-2.5500000000000007,2.5500000000000007
2023,6,Desmond Ridder,QB,13.53,16.079999923706055,-2.5499999237060553,2.5499999237060553
2025,4,DJ Moore,WR,10.35,7.800000190734863,2.5499998092651364,2.5499998092651364
2023,14,Josh Downs,WR,8.74,6.199999809265137,2.5400001907348635,2.5400001907348635
2023,11,Jaylen Waddle,WR,12.04,9.5,2.539999999999999,2.539999999999999
2024,5,Keenan Allen,WR,8.84,6.300000190734863,2.5399998092651366,2.5399998092651366
2023,3,Garrett Wilson,WR,12.34,9.800000190734863,2.5399998092651366,2.5399998092651366
2024,16,Josh Jacobs,RB,18.17,20.700000762939453,-2.5300007629394514,2.5300007629394514
2025,14,Brock Bowers,TE,12.07,14.600000381469727,-2.5300003814697263,2.5300003814697263
2023,15,David Montgomery,RB,12.73,10.199999809265137,2.5300001907348637,2.5300001907348637
2025,17,Mike Gesicki,TE,9.23,6.699999809265137,2.5300001907348637,2.5300001907348637
2024,9,Aaron Jones,RB,14.73,12.199999809265137,2.5300001907348637,2.5300001907348637
2023,3,Gerald Everett,TE,6.47,9.0,-2.5300000000000002,2.5300000000000002
2023,10,Mark Andrews,TE,8.93,6.400000095367432,2.529999904632568,2.529999904632568
2024,11,Jayden Daniels,QB,15.96,13.4399995803833,2.5200004196167,2.5200004196167
2024,11,Cole Kmet,TE,9.72,7.199999809265137,2.520000190734864,2.520000190734864
2024,8,Justin Jefferson,WR,16.98,19.5,-2.5199999999999996,2.5199999999999996
2025,9,George Kittle,TE,9.42,6.900000095367432,2.5199999046325683,2.5199999046325683
2025,3,Jakobi Meyers,WR,11.82,9.300000190734863,2.519999809265137,2.519999809265137
2024,9,CeeDee Lamb,WR,18.72,16.200000762939453,2.5199992370605457,2.5199992370605457
2024,13,D'Andre Swift,RB,11.91,9.399999618530273,2.5100003814697267,2.5100003814697267
2023,3,David Njoku,TE,8.51,6.0,2.51,2.51
2025,3,Lamar Jackson,QB,24.52,27.020000457763672,-2.5000004577636723,2.5000004577636723
2025,17,Jonathan Taylor,RB,19.9,17.399999618530273,2.500000381469725,2.500000381469725
2025,3,Marquise Brown,WR,10.7,8.199999809265137,2.5000001907348626,2.5000001907348626
2023,3,Chris Godwin Jr.,WR,10.7,8.199999809265137,2.5000001907348626,2.5000001907348626
2025,7,Kenneth Walker III,RB,9.1,6.599999904632568,2.5000000953674313,2.5000000953674313
2024,4,Braelon Allen,RB,8.1,5.599999904632568,2.5000000953674313,2.5000000953674313
2024,4,Kyren Williams,RB,17.9,20.399999618530273,-2.499999618530275,2.499999618530275
2024,12,Malik Nabers,WR,9.9,12.399999618530273,-2.499999618530273,2.499999618530273
2023,13,Christian McCaffrey,RB,19.8,22.299999237060547,-2.499999237060546,2.499999237060546
2023,11,David Njoku,TE,10.11,12.600000381469727,-2.490000381469727,2.490000381469727
2024,15,Jakobi Meyers,WR,13.39,10.899999618530273,2.490000381469727,2.490000381469727
2023,4,Garrett Wilson,WR,12.51,15.0,-2.49,2.49
2023,5,Mark Andrews,TE,10.01,12.5,-2.49,2.49
2024,11,D'Andre Swift,RB,13.91,16.399999618530273,-2.4899996185302733,2.4899996185302733
2025,13,Jake Ferguson,TE,11.09,8.600000381469727,2.4899996185302733,2.4899996185302733
2023,11,Patrick Mahomes,QB,19.36,16.8799991607666,2.480000839233398,2.480000839233398
2024,16,Garrett Wilson,WR,13.88,11.399999618530273,2.4800003814697273,2.4800003814697273
2025,9,Dak Prescott,QB,17.88,15.399999618530273,2.4800003814697256,2.4800003814697256
2023,8,Romeo Doubs,WR,9.32,11.800000190734863,-2.480000190734863,2.480000190734863
2025,11,Jerry Jeudy,WR,7.58,5.099999904632568,2.4800000953674317,2.4800000953674317
2024,3,Tucker Kraft,TE,6.88,4.400000095367432,2.4799999046325683,2.4799999046325683
2023,4,Hunter Henry,TE,6.63,9.100000381469727,-2.4700003814697267,2.4700003814697267
2025,4,Chuba Hubbard,RB,12.37,9.899999618530273,2.470000381469726,2.470000381469726
2023,14,George Kittle,TE,14.13,16.600000381469727,-2.470000381469726,2.470000381469726
2024,4,Deshaun Watson,QB,14.71,12.239999771118164,2.470000228881837,2.470000228881837
2025,15,Christian McCaffrey,RB,18.17,15.699999809265137,2.470000190734865,2.470000190734865
2023,11,Alexander Mattison,RB,9.47,7.0,2.4700000000000006,2.4700000000000006
2024,11,Jerome Ford,RB,10.37,7.900000095367432,2.4699999046325676,2.4699999046325676
2023,3,James Cook,RB,10.73,13.199999809265137,-2.4699998092651363,2.4699998092651363
2023,3,DeAndre Hopkins,WR,10.27,7.800000190734863,2.4699998092651363,2.4699998092651363
2025,15,Javonte Williams,RB,12.64,15.100000381469727,-2.460000381469726,2.460000381469726
2024,13,Kyler Murray,QB,17.66,15.199999809265137,2.4600001907348634,2.4600001907348634
2025,6,Elic Ayomanor,WR,8.16,5.699999809265137,2.4600001907348634,2.4600001907348634
2025,4,Trevor Lawrence,QB,14.12,11.65999984741211,2.46000015258789,2.46000015258789
2023,7,Antonio Gibson,RB,7.56,5.099999904632568,2.4600000953674312,2.4600000953674312
2023,3,Bijan Robinson,RB,12.46,10.0,2.460000000000001,2.460000000000001
2023,10,Brandon Aiyuk,WR,12.04,14.5,-2.460000000000001,2.460000000000001
2023,13,Romeo Doubs,WR,8.74,11.199999809265137,-2.4599998092651365,2.4599998092651365
2024,14,Justin Herbert,QB,16.18,13.720000267028809,2.459999732971191,2.459999732971191
2025,15,Patrick Mahomes,QB,15.52,13.0600004196167,2.4599995803833004,2.4599995803833004
2025,15,CeeDee Lamb,WR,14.65,17.100000381469727,-2.450000381469726,2.450000381469726
2023,8,George Pickens,WR,11.65,9.199999809265137,2.4500001907348636,2.4500001907348636
2024,6,Joe Flacco,QB,16.11,13.65999984741211,2.45000015258789,2.45000015258789
2025,13,Colston Loveland,TE,8.25,5.800000190734863,2.4499998092651367,2.4499998092651367
2025,3,James Cook,RB,18.35,20.799999237060547,-2.4499992370605455,2.4499992370605455
2024,16,Drake Maye,QB,15.0,17.440000534057617,-2.440000534057617,2.440000534057617
2025,11,Rachaad White,RB,10.64,8.199999809265137,2.440000190734864,2.440000190734864
2023,4,Travis Etienne,RB,12.64,10.199999809265137,2.440000190734864,2.440000190734864
2024,16,Jake Ferguson,TE,7.56,10.0,-2.4400000000000004,2.4400000000000004
2025,16,Tyler Warren,TE,8.44,6.0,2.4399999999999995,2.4399999999999995
2025,10,Bam Knight,RB,6.74,4.300000190734863,2.439999809265137,2.439999809265137
2025,10,Tyler Higbee,TE,8.74,6.300000190734863,2.439999809265137,2.439999809265137
2023,10,James Conner,RB,9.74,7.300000190734863,2.439999809265137,2.439999809265137
2024,12,CeeDee Lamb,WR,14.36,16.799999237060547,-2.4399992370605474,2.4399992370605474
2024,14,Kyler Murray,QB,15.52,17.959999084472656,-2.4399990844726567,2.4399990844726567
2024,16,David Njoku,TE,12.17,14.600000381469727,-2.4300003814697266,2.4300003814697266
2023,3,Isiah Pacheco,RB,13.37,15.800000190734863,-2.430000190734864,2.430000190734864
2023,5,Raheem Mostert,RB,13.37,15.800000190734863,-2.430000190734864,2.430000190734864
2024,6,Cade Otton,TE,7.07,9.5,-2.4299999999999997,2.4299999999999997
2024,5,Aaron Rodgers,QB,14.19,11.760000228881836,2.4299997711181636,2.4299997711181636
2024,9,Joe Mixon,RB,14.18,16.600000381469727,-2.420000381469727,2.420000381469727
2024,11,Jaylen Warren,RB,8.38,10.800000190734863,-2.4200001907348625,2.4200001907348625
2025,12,Jared Goff,QB,19.58,17.15999984741211,2.420000152587889,2.420000152587889
2024,8,Dak Prescott,QB,16.04,13.619999885559082,2.420000114440917,2.420000114440917
2025,4,Keon Coleman,WR,9.92,7.5,2.42,2.42
2024,15,Adam Thielen,WR,12.52,10.100000381469727,2.419999618530273,2.419999618530273
2025,13,Jacoby Brissett,QB,17.22,19.639999389648438,-2.4199993896484386,2.4199993896484386
2024,17,DK Metcalf,WR,9.61,7.199999809265137,2.4100001907348627,2.4100001907348627
2024,5,Jayden Reed,WR,16.11,13.699999809265137,2.4100001907348627,2.4100001907348627
2025,9,Stefon Diggs,WR,10.39,12.800000190734863,-2.4100001907348627,2.4100001907348627
2023,5,Russell Wilson,QB,16.33,18.739999771118164,-2.4099997711181658,2.4099997711181658
2025,13,Marvin Harrison Jr.,WR,10.49,12.899999618530273,-2.4099996185302732,2.4099996185302732
2024,6,Jayden Daniels,QB,18.55,20.959999084472656,-2.4099990844726555,2.4099990844726555
2025,13,De'Von Achane,RB,21.8,19.399999618530273,2.4000003814697273,2.4000003814697273
2023,13,George Pickens,WR,10.2,12.600000381469727,-2.4000003814697273,2.4000003814697273
2023,4,Sam LaPorta,TE,7.2,9.600000381469727,-2.4000003814697264,2.4000003814697264
2024,5,Jake Ferguson,TE,10.6,13.0,-2.4000000000000004,2.4000000000000004
2024,14,Aaron Jones,RB,14.0,16.399999618530273,-2.3999996185302734,2.3999996185302734
2025,3,Juwan Johnson,TE,13.5,11.100000381469727,2.3999996185302734,2.3999996185302734
2024,4,James Conner,RB,15.9,18.299999237060547,-2.3999992370605465,2.3999992370605465
2025,8,Justin Fields,QB,18.47,20.860000610351562,-2.3900006103515636,2.3900006103515636
2025,13,Rico Dowdle,RB,12.28,9.899999618530273,2.380000381469726,2.380000381469726
2023,15,Zack Moss,RB,9.92,12.300000190734863,-2.3800001907348634,2.3800001907348634
2025,3,Jaylen Warren,RB,10.73,13.100000381469727,-2.370000381469726,2.370000381469726
2023,8,Rhamondre Stevenson,RB,9.37,7.0,2.369999999999999,2.369999999999999
2024,15,Joe Burrow,QB,19.21,16.84000015258789,2.3699998474121102,2.3699998474121102
2024,16,Baker Mayfield,QB,19.95,22.31999969482422,-2.3699996948242195,2.3699996948242195
2023,12,Travis Kelce,TE,17.47,15.100000381469727,2.3699996185302723,2.3699996185302723
2024,14,De'Von Achane,RB,21.26,18.899999618530273,2.360000381469728,2.360000381469728
2023,5,Tutu Atwell,WR,11.26,8.899999618530273,2.3600003814697263,2.3600003814697263
2023,3,Jimmy Garoppolo,QB,15.3,17.65999984741211,-2.3599998474121087,2.3599998474121087
2023,9,Nico Collins,WR,12.04,14.399999618530273,-2.3599996185302743,2.3599996185302743
2023,4,Darren Waller,TE,7.45,5.099999904632568,2.350000095367432,2.350000095367432
2023,14,Puka Nacua,WR,11.65,14.0,-2.3499999999999996,2.3499999999999996
2023,11,Terry McLaurin,WR,11.65,9.300000190734863,2.349999809265137,2.349999809265137
2025,7,Stefon Diggs,WR,11.55,13.899999618530273,-2.3499996185302727,2.3499996185302727
2025,3,Tyreek Hill,WR,13.55,15.899999618530273,-2.3499996185302727,2.3499996185302727
2024,7,Patrick Mahomes,QB,14.41,12.0600004196167,2.349999580383301,2.349999580383301
2025,13,Josh Allen,QB,19.06,16.719999313354492,2.3400006866455065,2.3400006866455065
2024,10,Jonathan Taylor,RB,16.54,14.199999809265137,2.3400001907348624,2.3400001907348624
2025,13,Josh Downs,WR,8.74,6.400000095367432,2.3399999046325686,2.3399999046325686
2023,5,Jaylen Warren,RB,8.56,10.899999618530273,-2.339999618530273,2.339999618530273
2023,11,Chris Godwin Jr.,WR,12.23,9.899999618530273,2.330000381469727,2.330000381469727
2025,9,Bijan Robinson,RB,15.27,17.600000381469727,-2.330000381469727,2.330000381469727
2025,8,Olamide Zaccheaus,WR,7.97,10.300000190734863,-2.3300001907348635,2.3300001907348635
2023,10,Ezekiel Elliott,RB,8.47,10.800000190734863,-2.3300001907348626,2.3300001907348626
2023,16,Cole Kmet,TE,12.37,14.699999809265137,-2.3299998092651375,2.3299998092651375
2023,5,Brandon Aiyuk,WR,12.13,9.800000190734863,2.3299998092651375,2.3299998092651375
2023,11,Christian Watson,WR,7.87,10.199999809265137,-2.3299998092651366,2.3299998092651366
2023,16,Easton Stick,QB,14.78,17.100000381469727,-2.320000381469727,2.320000381469727
2023,13,Breece Hall,RB,12.82,10.5,2.3200000000000003,2.3200000000000003
2023,15,Puka Nacua,WR,12.62,10.300000190734863,2.319999809265136,2.319999809265136
2023,12,Stefon Diggs,WR,17.08,19.399999618530273,-2.319999618530275,2.319999618530275
2024,11,Quentin Johnston,WR,10.49,12.800000190734863,-2.310000190734863,2.310000190734863
2023,4,Calvin Ridley,WR,9.49,11.800000190734863,-2.310000190734863,2.310000190734863
2023,17,Ezekiel Elliott,RB,9.19,11.5,-2.3100000000000005,2.3100000000000005
2024,16,Drake London,WR,13.2,10.899999618530273,2.300000381469726,2.300000381469726
2024,12,Rashod Bateman,WR,10.0,12.300000190734863,-2.3000001907348633,2.3000001907348633
2024,3,Greg Dortch,WR,8.8,6.5,2.3000000000000007,2.3000000000000007
2023,11,Geno Smith,QB,15.52,13.220000267028809,2.299999732971191,2.299999732971191
2025,13,Jaylen Warren,RB,10.1,12.399999618530273,-2.299999618530274,2.299999618530274
2025,5,RJ Harvey,RB,8.29,6.0,2.289999999999999,2.289999999999999
2024,12,De'Von Achane,RB,22.89,20.600000381469727,2.289999618530274,2.289999618530274
2025,4,Jahmyr Gibbs,RB,19.99,17.700000762939453,2.2899992370605453,2.2899992370605453
2024,9,James Cook,RB,14.18,11.899999618530273,2.2800003814697263,2.2800003814697263
2024,8,David Montgomery,RB,12.64,14.920000076293945,-2.2800000762939447,2.2800000762939447
2024,16,Tua Tagovailoa,QB,14.78,12.5,2.2799999999999994,2.2799999999999994
2025,16,Bryce Young,QB,15.37,17.639999389648438,-2.2699993896484383,2.2699993896484383
2024,7,Jordan Love,QB,19.06,16.799999237060547,2.260000762939452,2.260000762939452
2024,16,Jayden Reed,WR,8.84,11.100000381469727,-2.2600003814697267,2.2600003814697267
2025,7,Amon-Ra St. Brown,WR,18.34,20.600000381469727,-2.2600003814697267,2.2600003814697267
2024,12,Kyren Williams,RB,13.46,11.199999809265137,2.260000190734864,2.260000190734864
2025,16,De'Von Achane,RB,20.26,18.0,2.2600000000000016,2.2600000000000016
2025,9,Xavier Worthy,WR,8.26,6.0,2.26,2.26
2024,12,Baker Mayfield,QB,16.4,18.65999984741211,-2.259999847412111,2.259999847412111
2025,5,Tee Higgins,WR,8.94,11.199999809265137,-2.259999809265137,2.259999809265137
2025,9,Jaylen Waddle,WR,11.94,14.199999809265137,-2.259999809265137,2.259999809265137
2024,8,Ja'Marr Chase,WR,18.14,20.399999618530273,-2.259999618530273,2.259999618530273
2024,6,Jahmyr Gibbs,RB,14.36,12.100000381469727,2.259999618530273,2.259999618530273
2023,5,Rondale Moore,WR,8.35,10.600000381469727,-2.250000381469727,2.250000381469727
2025,14,Brenton Strange,TE,7.95,5.699999809265137,2.2500001907348635,2.2500001907348635
2025,4,Tee Higgins,WR,8.45,6.199999809265137,2.2500001907348626,2.2500001907348626
2025,12,Emeka Egbuka,WR,8.45,6.199999809265137,2.2500001907348626,2.2500001907348626
2024,13,Cole Kmet,TE,7.85,5.599999904632568,2.2500000953674313,2.2500000953674313
2025,4,Zach Ertz,TE,8.35,6.099999904632568,2.2500000953674313,2.2500000953674313
2023,10,Kyle Pitts,TE,8.25,6.0,2.25,2.25
2025,3,Brian Thomas Jr.,WR,9.75,7.5,2.25,2.25
2024,4,Mike Williams,WR,8.45,10.699999809265137,-2.2499998092651374,2.2499998092651374
2023,14,Chig Okonkwo,TE,7.36,9.600000381469727,-2.2400003814697262,2.2400003814697262
2023,14,Chris Godwin Jr.,WR,8.06,10.300000190734863,-2.240000190734863,2.240000190734863
2023,9,Romeo Doubs,WR,8.84,6.599999904632568,2.2400000953674315,2.2400000953674315
2023,6,Chris Godwin Jr.,WR,11.46,13.699999809265137,-2.239999809265136,2.239999809265136
2025,7,Emeka Egbuka,WR,12.04,9.800000190734863,2.239999809265136,2.239999809265136
2023,14,Keenan Allen,WR,15.04,12.800000190734863,2.239999809265136,2.239999809265136
2024,5,Patrick Mahomes,QB,15.67,13.4399995803833,2.230000419616699,2.230000419616699
2023,3,AJ Dillon,RB,8.83,6.599999904632568,2.2300000953674317,2.2300000953674317
2024,13,Khalil Shakir,WR,9.23,7.0,2.2300000000000004,2.2300000000000004
2023,11,Jaxon Smith-Njigba,WR,9.23,7.0,2.2300000000000004,2.2300000000000004
2024,14,Baker Mayfield,QB,16.77,19.0,-2.2300000000000004,2.2300000000000004
2024,5,Jakobi Meyers,WR,10.97,13.199999809265137,-2.229999809265136,2.229999809265136
2024,17,Tucker Kraft,TE,9.52,7.300000190734863,2.2199998092651363,2.2199998092651363
2024,10,Deebo Samuel Sr.,WR,10.39,12.600000381469727,-2.210000381469726,2.210000381469726
2025,6,Chris Olave,WR,13.59,15.800000190734863,-2.2100001907348634,2.2100001907348634
2023,10,George Pickens,WR,9.71,7.5,2.210000000000001,2.210000000000001
2023,4,Calvin Austin III,WR,8.11,5.900000095367432,2.209999904632568,2.209999904632568
2024,8,Austin Ekeler,RB,10.01,7.800000190734863,2.2099998092651365,2.2099998092651365
2025,9,De'Von Achane,RB,18.81,16.600000381469727,2.209999618530272,2.209999618530272
2024,7,James Conner,RB,15.0,17.200000762939453,-2.200000762939453,2.200000762939453
2023,16,Cooper Kupp,WR,13.1,10.899999618530273,2.200000381469726,2.200000381469726
2023,15,Travis Etienne,RB,12.1,9.899999618530273,2.200000381469726,2.200000381469726
2024,14,Geno Smith,QB,15.52,13.319999694824219,2.200000305175781,2.200000305175781
2025,11,Tee Higgins,WR,13.1,15.300000190734863,-2.2000001907348636,2.2000001907348636
2023,17,Calvin Ridley,WR,10.1,7.900000095367432,2.199999904632568,2.199999904632568
2024,13,Jaylen Warren,RB,8.2,10.399999618530273,-2.199999618530274,2.199999618530274
2024,6,Trevor Lawrence,QB,14.86,17.059999465942383,-2.1999994659423834,2.1999994659423834
2023,10,C.J. Stroud,QB,16.85,19.040000915527344,-2.1900009155273423,2.1900009155273423
2024,15,Rachaad White,RB,11.91,14.100000381469727,-2.1900003814697264,2.1900003814697264
2023,6,Jalen Hurts,QB,22.09,19.899999618530273,2.1900003814697264,2.1900003814697264
2025,11,D'Andre Swift,RB,11.19,9.0,2.1899999999999995,2.1899999999999995
2025,15,Brock Bowers,TE,10.99,8.800000190734863,2.189999809265137,2.189999809265137
2023,14,Tyler Lockett,WR,12.71,14.899999618530273,-2.1899996185302726,2.1899996185302726
2023,17,Jakobi Meyers,WR,9.42,11.600000381469727,-2.1800003814697266,2.1800003814697266
2023,10,David Njoku,TE,9.62,11.800000190734863,-2.180000190734864,2.180000190734864
2023,16,Raheem Mostert,RB,14.18,12.0,2.1799999999999997,2.1799999999999997
2024,10,Joe Mixon,RB,14.82,17.0,-2.1799999999999997,2.1799999999999997
2025,13,Ja'Marr Chase,WR,15.82,18.0,-2.1799999999999997,2.1799999999999997
2025,13,Jalen Hurts,QB,18.47,16.299999237060547,2.170000762939452,2.170000762939452
2024,11,Dallas Goedert,TE,8.93,11.100000381469727,-2.170000381469727,2.170000381469727
2023,16,De'Von Achane,RB,10.37,8.199999809265137,2.1700001907348625,2.1700001907348625
2024,6,Xavier Legette,WR,9.13,11.300000190734863,-2.1700001907348625,2.1700001907348625
2023,16,T.J. Hockenson,TE,11.97,9.800000190734863,2.1699998092651374,2.1699998092651374
2024,10,Travis Etienne,RB,7.47,5.300000190734863,2.1699998092651365,2.1699998092651365
2023,6,Travis Kelce,TE,19.23,21.399999618530273,-2.169999618530273,2.169999618530273
2025,10,Josh Jacobs,RB,17.54,19.700000762939453,-2.160000762939454,2.160000762939454
2025,4,Nico Collins,WR,14.06,11.899999618530273,2.160000381469727,2.160000381469727
2024,5,Hunter Henry,TE,7.36,5.199999809265137,2.1600001907348636,2.1600001907348636
2024,11,DK Metcalf,WR,11.84,14.0,-2.16,2.16
2023,15,Jalen Hurts,QB,24.08,21.920000076293945,2.159999923706053,2.159999923706053
2023,12,Courtland Sutton,WR,11.26,9.100000381469727,2.1599996185302732,2.1599996185302732
2024,13,Garrett Wilson,WR,11.26,9.100000381469727,2.1599996185302732,2.1599996185302732
2023,10,David Montgomery,RB,15.45,17.600000381469727,-2.1500003814697273,2.1500003814697273
2025,13,DK Metcalf,WR,8.35,6.199999809265137,2.150000190734863,2.150000190734863
2025,9,Tyler Higbee,TE,8.15,10.300000190734863,-2.150000190734863,2.150000190734863
2024,14,Jakobi Meyers,WR,11.55,13.699999809265137,-2.149999809265136,2.149999809265136
2024,17,Kyren Williams,RB,18.35,16.200000762939453,2.1499992370605483,2.1499992370605483
2023,14,Brandon Aiyuk,WR,14.46,16.600000381469727,-2.1400003814697257,2.1400003814697257
2023,13,Amon-Ra St. Brown,WR,15.04,12.899999618530273,2.1400003814697257,2.1400003814697257
2025,14,Chase Brown,RB,16.36,18.5,-2.1400000000000006,2.1400000000000006
2024,3,Travis Etienne,RB,14.64,12.5,2.1400000000000006,2.1400000000000006
2023,8,Kyle Pitts,TE,8.64,6.5,2.1400000000000006,2.1400000000000006
2025,17,Chimere Dike,WR,8.06,10.199999809265137,-2.139999809265136,2.139999809265136
2024,17,Ja'Marr Chase,WR,21.34,19.200000762939453,2.1399992370605467,2.1399992370605467
2023,15,Dallas Goedert,TE,9.23,7.099999904632568,2.130000095367432,2.130000095367432
2024,13,Tyrone Tracy Jr.,RB,12.37,14.5,-2.130000000000001,2.130000000000001
2025,4,Chris Olave,WR,11.13,9.0,2.130000000000001,2.130000000000001
2023,17,David Montgomery,RB,10.37,12.5,-2.130000000000001,2.130000000000001
2025,12,Xavier Worthy,WR,7.77,9.899999618530273,-2.129999618530274,2.129999618530274
2024,5,Christian Kirk,WR,10.68,12.800000190734863,-2.1200001907348636,2.1200001907348636
2023,16,Josh Palmer,WR,7.58,9.699999809265137,-2.1199998092651366,2.1199998092651366
2025,10,Kyle Monangai,RB,10.92,8.800000190734863,2.1199998092651366,2.1199998092651366
2024,7,Bo Nix,QB,16.18,14.0600004196167,2.1199995803833005,2.1199995803833005
2023,7,Jahan Dotson,WR,7.19,9.300000190734863,-2.110000190734863,2.110000190734863
2023,3,Roschon Johnson,RB,9.01,6.900000095367432,2.109999904632568,2.109999904632568
2023,15,Mike Evans,WR,13.59,15.699999809265137,-2.109999809265137,2.109999809265137
2023,12,CeeDee Lamb,WR,19.4,17.299999237060547,2.1000007629394517,2.1000007629394517
2023,9,David Njoku,TE,10.5,12.600000381469727,-2.1000003814697266,2.1000003814697266
2023,5,C.J. Stroud,QB,16.26,14.15999984741211,2.100000152587892,2.100000152587892
2025,6,Cooper Kupp,WR,9.9,12.0,-2.0999999999999996,2.0999999999999996
2025,3,Bo Nix,QB,15.52,13.420000076293945,2.0999999237060543,2.0999999237060543
2023,10,Jordan Love,QB,14.56,16.65999984741211,-2.099999847412109,2.099999847412109
2024,16,Rashod Bateman,WR,10.49,8.399999618530273,2.0900003814697268,2.0900003814697268
2024,10,Khalil Shakir,WR,9.71,11.800000190734863,-2.0900001907348624,2.0900001907348624
2024,7,Tyrone Tracy Jr.,RB,8.29,6.199999809265137,2.0900001907348624,2.0900001907348624
2024,3,Travis Kelce,TE,9.09,7.0,2.09,2.09
2025,15,Chase Brown,RB,13.91,16.0,-2.09,2.09
2024,4,Brandon Aiyuk,WR,8.89,6.800000190734863,2.0899998092651373,2.0899998092651373
2024,10,Drake London,WR,15.62,17.700000762939453,-2.080000762939454,2.080000762939454
2023,15,Joe Flacco,QB,14.78,16.860000610351562,-2.080000610351563,2.080000610351563
2023,16,Rashee Rice,WR,13.78,11.699999809265137,2.0800001907348626,2.0800001907348626
2025,3,Justin Jefferson,WR,14.58,12.5,2.08,2.08
2023,10,Tyjae Spears,RB,7.92,10.0,-2.08,2.08
2024,9,Sam Darnold,QB,16.92,19.0,-2.0799999999999983,2.0799999999999983
2025,16,Philip Rivers,QB,15.0,17.079999923706055,-2.0799999237060547,2.0799999237060547
2024,16,DK Metcalf,WR,12.62,14.699999809265137,-2.0799998092651375,2.0799998092651375
2024,6,Roschon Johnson,RB,7.38,5.300000190734863,2.0799998092651366,2.0799998092651366
2024,6,Jayden Reed,WR,16.88,14.800000190734863,2.0799998092651357,2.0799998092651357
2024,10,Aaron Jones,RB,14.18,12.100000381469727,2.079999618530273,2.079999618530273
2024,8,Saquon Barkley,RB,14.18,12.100000381469727,2.079999618530273,2.079999618530273
2023,11,Jahan Dotson,WR,9.23,11.300000190734863,-2.070000190734863,2.070000190734863
2024,17,Pat Freiermuth,TE,8.93,11.0,-2.0700000000000003,2.0700000000000003
2025,12,Juwan Johnson,TE,8.54,10.600000381469727,-2.0600003814697274,2.0600003814697274
2024,14,Mike Gesicki,TE,7.46,5.400000095367432,2.0599999046325683,2.0599999046325683
2023,6,David Njoku,TE,7.46,5.400000095367432,2.0599999046325683,2.0599999046325683
2025,5,Kyler Murray,QB,17.36,15.300000190734863,2.059999809265136,2.059999809265136
2023,13,Chris Olave,WR,14.85,16.899999618530273,-2.049999618530274,2.049999618530274
2023,6,Darren Waller,TE,7.26,9.300000190734863,-2.0400001907348635,2.0400001907348635
2025,17,Tyrone Tracy Jr.,RB,8.74,6.699999809265137,2.0400001907348635,2.0400001907348635
2025,15,Josh Downs,WR,8.26,10.300000190734863,-2.0400001907348635,2.0400001907348635
2023,11,Nico Collins,WR,11.46,13.5,-2.039999999999999,2.039999999999999
2023,17,Jonathan Taylor,RB,15.36,17.399999618530273,-2.039999618530274,2.039999618530274
2023,5,Luke Musgrave,TE,7.36,9.399999618530273,-2.039999618530273,2.039999618530273
2024,4,Chris Godwin Jr.,WR,14.93,12.899999618530273,2.0300003814697263,2.0300003814697263
2023,4,Tyler Boyd,WR,8.63,6.599999904632568,2.0300000953674324,2.0300000953674324
2023,5,Zach Ertz,TE,6.97,9.0,-2.0300000000000002,2.0300000000000002
2024,16,Nico Collins,WR,10.97,13.0,-2.0299999999999994,2.0299999999999994
2023,8,Jerry Jeudy,WR,10.97,13.0,-2.0299999999999994,2.0299999999999994
2024,10,Xavier Legette,WR,9.03,7.0,2.0299999999999994,2.0299999999999994
2023,14,DeVonta Smith,WR,12.33,10.300000190734863,2.029999809265137,2.029999809265137
2023,11,Sam LaPorta,TE,8.83,6.800000190734863,2.029999809265137,2.029999809265137
2024,17,Brian Robinson,RB,10.92,8.899999618530273,2.0200003814697265,2.0200003814697265
2025,7,Michael Penix Jr.,QB,14.26,12.239999771118164,2.0200002288818357,2.0200002288818357
2025,14,David Montgomery,RB,12.28,14.300000190734863,-2.020000190734864,2.020000190734864
2025,17,Jake Ferguson,TE,9.62,7.599999904632568,2.020000095367431,2.020000095367431
2024,10,Tyler Allgeier,RB,7.92,5.900000095367432,2.0199999046325683,2.0199999046325683
2023,16,Jerry Jeudy,WR,9.42,7.400000095367432,2.0199999046325683,2.0199999046325683
2023,13,Gerald Everett,TE,6.38,8.399999618530273,-2.0199996185302735,2.0199996185302735
2025,9,Josh Jacobs,RB,17.99,20.0,-2.0100000000000016,2.0100000000000016
2025,9,Ja'Marr Chase,WR,19.11,17.100000381469727,2.009999618530273,2.009999618530273
2023,14,Trevor Lawrence,QB,15.37,17.3799991607666,-2.0099991607666023,2.0099991607666023
2023,13,Dameon Pierce,RB,8.1,10.100000381469727,-2.000000381469727,2.000000381469727
2025,6,Isiah Pacheco,RB,8.1,6.099999904632568,2.0000000953674313,2.0000000953674313
2023,6,Tony Pollard,RB,15.0,17.0,-2.0,2.0
2025,17,Jakobi Meyers,WR,9.9,7.900000095367432,1.9999999046325687,1.9999999046325687
2023,12,Dalton Kincaid,TE,10.8,8.800000190734863,1.9999998092651374,1.9999998092651374
2025,4,Chase Brown,RB,12.1,10.100000381469727,1.999999618530273,1.999999618530273
2024,11,Keenan Allen,WR,10.1,8.100000381469727,1.999999618530273,1.999999618530273
2025,8,Bo Nix,QB,21.79,23.780000686645508,-1.9900006866455087,1.9900006866455087
2023,3,Travis Etienne,RB,15.81,17.799999237060547,-1.9899992370605464,1.9899992370605464
2024,9,D'Andre Swift,RB,16.18,14.199999809265137,1.980000190734863,1.980000190734863
2023,7,Colby Parkinson,TE,6.58,4.599999904632568,1.9800000953674317,1.9800000953674317
2025,13,Bucky Irving,RB,18.08,16.100000381469727,1.9799996185302717,1.9799996185302717
2023,14,Kenneth Walker III,RB,11.37,9.399999618530273,1.9700003814697258,1.9700003814697258
2024,15,Drake London,WR,12.33,14.300000190734863,-1.9700001907348632,1.9700001907348632
2025,16,Jameson Williams,WR,13.97,12.0,1.9700000000000006,1.9700000000000006
2024,9,Khalil Shakir,WR,9.03,11.0,-1.9700000000000006,1.9700000000000006
2023,5,Robert Woods,WR,7.97,6.0,1.9699999999999998,1.9699999999999998
2025,12,Tre Tucker,WR,7.77,5.800000190734863,1.9699998092651363,1.9699998092651363
2025,15,Rashee Rice,WR,14.07,12.100000381469727,1.9699996185302737,1.9699996185302737
2023,5,Alexander Mattison,RB,10.64,12.600000381469727,-1.960000381469726,1.960000381469726
2025,15,T.J. Hockenson,TE,8.64,10.600000381469727,-1.960000381469726,1.960000381469726
2023,5,Khalil Herbert,RB,9.56,7.599999904632568,1.9600000953674321,1.9600000953674321
2023,10,Alvin Kamara,RB,16.54,18.5,-1.9600000000000009,1.9600000000000009
2025,9,Jonnu Smith,TE,7.46,5.5,1.96,1.96
2025,7,Tetairoa McMillan,WR,8.26,6.300000190734863,1.9599998092651365,1.9599998092651365
2023,16,Tyjae Spears,RB,9.74,11.699999809265137,-1.9599998092651365,1.9599998092651365
2025,6,Jonnu Smith,TE,7.76,5.800000190734863,1.9599998092651365,1.9599998092651365
2025,14,Josh Downs,WR,8.26,6.300000190734863,1.9599998092651365,1.9599998092651365
2025,11,Baker Mayfield,QB,14.86,16.81999969482422,-1.9599996948242193,1.9599996948242193
2024,11,George Pickens,WR,14.94,16.899999618530273,-1.959999618530274,1.959999618530274
2023,16,Brandin Cooks,WR,8.35,10.300000190734863,-1.9500001907348636,1.9500001907348636
2025,4,Jerry Jeudy,WR,9.75,7.800000190734863,1.9499998092651367,1.9499998092651367
2024,7,Jared Goff,QB,16.85,18.799999237060547,-1.9499992370605455,1.9499992370605455
2023,9,Kyle Pitts,TE,7.66,9.600000381469727,-1.9400003814697264,1.9400003814697264
2025,6,Mark Andrews,TE,8.54,6.599999904632568,1.9400000953674308,1.9400000953674308
2025,11,Jordan Addison,WR,11.94,10.0,1.9399999999999995,1.9399999999999995
2023,4,Jaylen Warren,RB,9.56,11.5,-1.9399999999999995,1.9399999999999995
2023,8,Najee Harris,RB,8.56,10.5,-1.9399999999999995,1.9399999999999995
2024,6,Rico Dowdle,RB,8.56,10.5,-1.9399999999999995,1.9399999999999995
2024,14,Derek Carr,QB,13.9,11.960000038146973,1.9399999618530277,1.9399999618530277
2025,11,Geno Smith,QB,14.86,12.920000076293945,1.9399999237060541,1.9399999237060541
2023,14,Pat Freiermuth,TE,8.74,6.800000190734863,1.939999809265137,1.939999809265137
2023,9,Jordan Addison,WR,12.13,10.199999809265137,1.930000190734864,1.930000190734864
2024,10,Ja'Tavion Sanders,TE,6.87,8.800000190734863,-1.9300001907348632,1.9300001907348632
2023,15,T.J. Hockenson,TE,14.23,12.300000190734863,1.9299998092651371,1.9299998092651371
2025,15,Deebo Samuel Sr.,WR,9.23,7.300000190734863,1.9299998092651371,1.9299998092651371
2023,9,T.J. Hockenson,TE,11.97,13.899999618530273,-1.9299996185302728,1.9299996185302728
2025,17,Baker Mayfield,QB,15.52,17.440000534057617,-1.9200005340576176,1.9200005340576176
2023,3,Geno Smith,QB,17.36,15.4399995803833,1.9200004196166987,1.9200004196166987
2023,8,Drake London,WR,12.42,10.5,1.92,1.92
2024,17,Kareem Hunt,RB,9.92,8.0,1.92,1.92
2025,4,T.J. Hockenson,TE,9.82,7.900000095367432,1.9199999046325686,1.9199999046325686
2023,17,Tyreek Hill,WR,15.52,13.600000381469727,1.919999618530273,1.919999618530273
2023,8,Courtland Sutton,WR,12.81,10.899999618530273,1.910000381469727,1.910000381469727
2023,4,Brian Robinson,RB,11.19,13.100000381469727,-1.910000381469727,1.910000381469727
2024,11,Cedric Tillman,WR,9.61,7.699999809265137,1.9100001907348627,1.9100001907348627
2024,16,Rachaad White,RB,12.91,11.0,1.9100000000000001,1.9100000000000001
2025,16,Kirk Cousins,QB,15.67,17.579999923706055,-1.9099999237060548,1.9099999237060548
2024,3,Mike Gesicki,TE,6.79,8.699999809265137,-1.9099998092651367,1.9099998092651367
2024,17,Kyler Murray,QB,17.95,16.040000915527344,1.9099990844726555,1.9099990844726555
2025,8,Justin Jefferson,WR,16.3,14.399999618530273,1.9000003814697273,1.9000003814697273
2023,9,Tyjae Spears,RB,8.1,6.199999809265137,1.900000190734863,1.900000190734863
2025,7,Chase Brown,RB,10.1,12.0,-1.9000000000000004,1.9000000000000004
2024,6,Jalen Tolbert,WR,10.2,8.300000190734863,1.899999809265136,1.899999809265136
2025,12,Javonte Williams,RB,14.0,12.100000381469727,1.8999996185302734,1.8999996185302734
2025,3,Kyler Murray,QB,15.96,14.0600004196167,1.8999995803833016,1.8999995803833016
2023,11,David Montgomery,RB,15.9,17.799999237060547,-1.8999992370605465,1.8999992370605465
2023,14,K.J. Osborn,WR,7.39,5.5,1.8899999999999997,1.8899999999999997
2023,7,Brian Robinson,RB,10.19,8.300000190734863,1.8899998092651362,1.8899998092651362
2025,6,Zay Flowers,WR,10.49,8.600000381469727,1.8899996185302737,1.8899996185302737
2025,14,Bucky Irving,RB,17.99,16.100000381469727,1.8899996185302719,1.8899996185302719
2025,17,Deebo Samuel Sr.,WR,9.42,11.300000190734863,-1.8800001907348634,1.8800001907348634
2023,4,Dameon Pierce,RB,9.92,11.800000190734863,-1.8800001907348634,1.8800001907348634
2025,9,Trey McBride,TE,14.62,16.5,-1.8800000000000008,1.8800000000000008
2024,14,Joe Burrow,QB,22.68,24.559999465942383,-1.879999465942383,1.879999465942383
2025,5,Jared Goff,QB,18.25,20.1200008392334,-1.8700008392333984,1.8700008392333984
2024,6,Rashod Bateman,WR,9.23,11.100000381469727,-1.8700003814697261,1.8700003814697261
2025,13,Breece Hall,RB,13.73,15.600000381469727,-1.8700003814697261,1.8700003814697261
2024,13,Sam Darnold,QB,17.73,19.600000381469727,-1.8700003814697261,1.8700003814697261
2025,3,Dallas Goedert,TE,8.43,10.300000190734863,-1.8700001907348636,1.8700001907348636
2025,7,George Pickens,WR,14.07,12.199999809265137,1.8700001907348636,1.8700001907348636
2024,5,Bucky Irving,RB,7.47,5.599999904632568,1.8700000953674314,1.8700000953674314
2024,4,Jaleel McLaughlin,RB,7.47,5.599999904632568,1.8700000953674314,1.8700000953674314
2024,9,Jalen Tolbert,WR,9.03,10.899999618530273,-1.869999618530274,1.869999618530274
2023,11,Kareem Hunt,RB,8.56,6.699999809265137,1.8600001907348638,1.8600001907348638
2023,13,Zack Moss,RB,9.56,7.699999809265137,1.8600001907348638,1.8600001907348638
2024,3,Brian Thomas Jr.,WR,7.94,9.800000190734863,-1.860000190734863,1.860000190734863
2024,4,Brock Purdy,QB,16.48,14.619999885559082,1.8600001144409184,1.8600001144409184
2023,17,Derek Carr,QB,17.44,15.579999923706055,1.8600000762939466,1.8600000762939466
2023,16,Kyren Williams,RB,14.54,16.399999618530273,-1.8599996185302743,1.8599996185302743
2023,8,Amon-Ra St. Brown,WR,14.94,16.799999237060547,-1.8599992370605474,1.8599992370605474
2023,6,Rondale Moore,WR,8.45,6.599999904632568,1.850000095367431,1.850000095367431
2024,14,Tony Pollard,RB,12.55,14.399999618530273,-1.8499996185302727,1.8499996185302727
2024,3,Breece Hall,RB,16.45,18.299999237060547,-1.8499992370605476,1.8499992370605476
2023,10,Joe Burrow,QB,18.03,19.8799991607666,-1.8499991607666004,1.8499991607666004
2023,13,Kyle Pitts,TE,7.26,9.100000381469727,-1.8400003814697268,1.8400003814697268
2024,15,DeMario Douglas,WR,8.26,10.100000381469727,-1.8400003814697268,1.8400003814697268
2024,8,Hunter Henry,TE,7.66,9.5,-1.8399999999999999,1.8399999999999999
2024,6,Drake London,WR,17.56,19.399999618530273,-1.8399996185302747,1.8399996185302747
2023,5,Antonio Gibson,RB,8.56,10.399999618530273,-1.839999618530273,1.839999618530273
2024,16,Lamar Jackson,QB,22.31,20.479999542236328,1.8300004577636706,1.8300004577636706
2024,14,Alvin Kamara,RB,14.73,12.899999618530273,1.830000381469727,1.830000381469727
2023,12,Breece Hall,RB,13.73,11.899999618530273,1.830000381469727,1.830000381469727
2023,3,Mark Andrews,TE,9.33,7.5,1.83,1.83
2024,12,Tyrone Tracy Jr.,RB,10.83,9.0,1.83,1.83
2024,11,Caleb Williams,QB,14.41,16.239999771118164,-1.829999771118164,1.829999771118164
2024,8,Jaxon Smith-Njigba,WR,11.07,12.899999618530273,-1.8299996185302732,1.8299996185302732
2024,6,Amon-Ra St. Brown,WR,15.52,13.699999809265137,1.8200001907348629,1.8200001907348629
2025,9,Jake Ferguson,TE,9.82,8.0,1.8200000000000003,1.8200000000000003
2024,10,Josh Allen,QB,20.02,18.200000762939453,1.8199992370605464,1.8199992370605464
2024,17,Russell Wilson,QB,15.89,17.700000762939453,-1.8100007629394526,1.8100007629394526
2025,4,Michael Pittman,WR,13.29,15.100000381469727,-1.8100003814697274,1.8100003814697274
2023,6,Jaleel McLaughlin,RB,8.01,6.199999809265137,1.810000190734863,1.810000190734863
2025,3,Rashid Shaheed,WR,10.01,8.199999809265137,1.810000190734863,1.810000190734863
2023,3,Joe Mixon,RB,15.81,14.0,1.8100000000000005,1.8100000000000005
2023,7,George Kittle,TE,11.19,13.0,-1.8100000000000005,1.8100000000000005
2023,12,Amon-Ra St. Brown,WR,16.69,18.5,-1.8099999999999987,1.8099999999999987
2023,13,Chris Godwin Jr.,WR,9.71,7.900000095367432,1.8099999046325692,1.8099999046325692
2024,5,Miles Sanders,RB,7.11,5.300000190734863,1.809999809265137,1.809999809265137
2025,7,Marvin Harrison Jr.,WR,9.61,7.800000190734863,1.8099998092651362,1.8099998092651362
2025,12,Rome Odunze,WR,10.1,8.300000190734863,1.7999998092651364,1.7999998092651364
2025,5,Derrick Henry,RB,11.1,9.300000190734863,1.7999998092651364,1.7999998092651364
2023,6,Gus Edwards,RB,8.1,6.300000190734863,1.7999998092651364,1.7999998092651364
2025,5,Ladd McConkey,WR,13.1,14.899999618530273,-1.7999996185302738,1.7999996185302738
2023,12,Jerome Ford,RB,10.1,11.899999618530273,-1.7999996185302738,1.7999996185302738
2023,5,Matthew Stafford,QB,15.08,16.8799991607666,-1.7999991607666015,1.7999991607666015
2025,12,Jaylen Warren,RB,11.01,12.800000190734863,-1.7900001907348635,1.7900001907348635
2025,9,Brian Thomas Jr.,WR,10.29,8.5,1.7899999999999991,1.7899999999999991
2023,5,Deebo Samuel Sr.,WR,9.71,11.5,-1.7899999999999991,1.7899999999999991
2025,16,Michael Carter,RB,8.29,6.5,1.7899999999999991,1.7899999999999991
2024,8,Josh Allen,QB,18.03,19.81999969482422,-1.7899996948242176,1.7899996948242176
2024,6,Joe Burrow,QB,18.03,19.81999969482422,-1.7899996948242176,1.7899996948242176
2023,12,David Njoku,TE,10.11,11.899999618530273,-1.789999618530274,1.789999618530274
2024,15,Ja'Marr Chase,WR,20.18,18.399999618530273,1.7800003814697263,1.7800003814697263
2024,3,Jayden Reed,WR,12.68,10.899999618530273,1.7800003814697263,1.7800003814697263
2025,16,Tee Higgins,WR,12.52,14.300000190734863,-1.7800001907348637,1.7800001907348637
2025,13,Hunter Henry,TE,9.52,11.300000190734863,-1.7800001907348637,1.7800001907348637
2023,14,Alexander Mattison,RB,8.38,6.599999904632568,1.7800000953674324,1.7800000953674324
2025,3,Tyrone Tracy Jr.,RB,7.38,5.599999904632568,1.7800000953674315,1.7800000953674315
2024,16,CeeDee Lamb,WR,15.72,17.5,-1.7799999999999994,1.7799999999999994
2023,9,AJ Dillon,RB,8.83,10.600000381469727,-1.7700003814697265,1.7700003814697265
2025,10,Quentin Johnston,WR,10.97,9.199999809265137,1.770000190734864,1.770000190734864
2023,13,George Kittle,TE,9.03,10.800000190734863,-1.770000190734864,1.770000190734864
2025,4,Kareem Hunt,RB,7.47,5.699999809265137,1.770000190734863,1.770000190734863
2025,16,Xavier Worthy,WR,7.87,6.099999904632568,1.7700000953674317,1.7700000953674317
2023,7,Romeo Doubs,WR,9.23,11.0,-1.7699999999999996,1.7699999999999996
2023,9,Raheem Mostert,RB,12.73,14.5,-1.7699999999999996,1.7699999999999996
2023,10,Baker Mayfield,QB,16.55,18.31999969482422,-1.769999694824218,1.769999694824218
2025,12,Puka Nacua,WR,14.94,16.700000762939453,-1.7600007629394536,1.7600007629394536
2025,5,Spencer Rattler,QB,14.34,16.100000381469727,-1.7600003814697267,1.7600003814697267
2023,16,Nico Collins,WR,12.04,13.800000190734863,-1.7600001907348641,1.7600001907348641
2025,13,Travis Kelce,TE,13.74,15.5,-1.7599999999999998,1.7599999999999998
2025,12,T.J. Hockenson,TE,7.66,5.900000095367432,1.7599999046325685,1.7599999046325685
2024,14,Elijah Moore,WR,8.16,6.400000095367432,1.7599999046325685,1.7599999046325685
2023,17,Curtis Samuel,WR,8.06,6.300000190734863,1.7599998092651372,1.7599998092651372
2023,5,Jake Ferguson,TE,7.56,5.800000190734863,1.7599998092651363,1.7599998092651363
2023,17,Brock Purdy,QB,19.36,17.600000381469727,1.7599996185302729,1.7599996185302729
2024,14,Bijan Robinson,RB,18.35,20.100000381469727,-1.7500003814697251,1.7500003814697251
2023,4,Noah Fant,TE,6.55,8.300000190734863,-1.7500001907348635,1.7500001907348635
2025,3,Jalen Nailor,WR,8.45,6.699999809265137,1.7500001907348626,1.7500001907348626
2024,7,Josh Palmer,WR,8.55,10.300000190734863,-1.7500001907348626,1.7500001907348626
2024,3,Tank Dell,WR,12.94,11.199999809265137,1.7400001907348628,1.7400001907348628
2024,4,DJ Moore,WR,12.94,11.199999809265137,1.7400001907348628,1.7400001907348628
2023,17,Josh Allen,QB,22.9,21.15999984741211,1.7400001525878892,1.7400001525878892
2025,10,Kenneth Walker III,RB,9.74,8.0,1.7400000000000002,1.7400000000000002
2025,11,T.J. Hockenson,TE,8.64,6.900000095367432,1.739999904632569,1.739999904632569
2024,12,Justin Herbert,QB,19.36,17.6200008392334,1.739999160766601,1.739999160766601
2025,9,Derrick Henry,RB,11.37,13.100000381469727,-1.7300003814697273,1.7300003814697273
2023,8,Mark Andrews,TE,12.27,14.0,-1.7300000000000004,1.7300000000000004
2023,17,Pat Freiermuth,TE,9.13,7.400000095367432,1.7299999046325691,1.7299999046325691
2025,9,Amon-Ra St. Brown,WR,16.98,18.700000762939453,-1.7200007629394527,1.7200007629394527
2023,15,George Pickens,WR,9.42,7.699999809265137,1.7200001907348632,1.7200001907348632
2024,6,Michael Pittman,WR,10.78,12.5,-1.7200000000000006,1.7200000000000006
2024,12,C.J. Stroud,QB,13.97,15.680000305175781,-1.7100003051757806,1.7100003051757806
2025,5,Brian Thomas Jr.,WR,10.29,12.0,-1.7100000000000009,1.7100000000000009
2025,14,Kyren Williams,RB,16.0,17.700000762939453,-1.7000007629394531,1.7000007629394531
2024,7,Kyren Williams,RB,17.9,19.600000381469727,-1.700000381469728,1.700000381469728
2023,6,Jordan Addison,WR,10.1,11.800000190734863,-1.7000001907348636,1.7000001907348636
2023,7,Matthew Stafford,QB,15.74,14.039999961853027,1.7000000381469729,1.7000000381469729
2024,10,Najee Harris,RB,13.0,11.300000190734863,1.6999998092651367,1.6999998092651367
2024,4,Najee Harris,RB,12.0,10.300000190734863,1.6999998092651367,1.6999998092651367
2024,16,Jonnu Smith,TE,10.5,12.199999809265137,-1.6999998092651367,1.6999998092651367
2024,14,Najee Harris,RB,13.0,11.300000190734863,1.6999998092651367,1.6999998092651367
2023,16,Trey McBride,TE,10.8,9.100000381469727,1.6999996185302741,1.6999996185302741
2024,13,Jaylen Waddle,WR,9.61,11.300000190734863,-1.6900001907348638,1.6900001907348638
2023,3,T.J. Hockenson,TE,12.11,13.800000190734863,-1.6900001907348638,1.6900001907348638
2024,14,Deebo Samuel Sr.,WR,7.19,5.5,1.6900000000000004,1.6900000000000004
2024,10,Jaylen Waddle,WR,10.29,8.600000381469727,1.6899996185302726,1.6899996185302726
2023,5,Christian Kirk,WR,12.71,14.399999618530273,-1.6899996185302726,1.6899996185302726
2025,9,Zay Flowers,WR,9.71,11.399999618530273,-1.6899996185302726,1.6899996185302726
2023,7,DeVonta Smith,WR,10.58,8.899999618530273,1.6800003814697266,1.6800003814697266
2024,12,Gardner Minshew,QB,13.38,11.699999809265137,1.680000190734864,1.680000190734864
2025,15,A.J. Brown,WR,13.78,12.100000381469727,1.6799996185302728,1.6799996185302728
2025,10,Zay Flowers,WR,13.78,12.100000381469727,1.6799996185302728,1.6799996185302728
2025,8,Cam Ward,QB,11.09,12.760000228881836,-1.670000228881836,1.670000228881836
2023,7,Aaron Jones,RB,10.37,8.699999809265137,1.6700001907348625,1.6700001907348625
2025,5,Marvin Harrison Jr.,WR,12.13,13.800000190734863,-1.6700001907348625,1.6700001907348625
2023,14,Davante Adams,WR,13.97,12.300000190734863,1.6699998092651374,1.6699998092651374
2023,5,Tyler Conklin,TE,9.03,10.699999809265137,-1.6699998092651374,1.6699998092651374
2023,4,Jaylen Waddle,WR,10.27,8.600000381469727,1.669999618530273,1.669999618530273
2025,17,Bo Nix,QB,17.81,19.479999542236328,-1.6699995422363294,1.6699995422363294
2024,13,Kyren Williams,RB,16.63,18.299999237060547,-1.6699992370605479,1.6699992370605479
2023,15,Jake Browning,QB,17.29,18.959999084472656,-1.669999084472657,1.669999084472657
2023,13,Curtis Samuel,WR,8.84,10.5,-1.6600000000000001,1.6600000000000001
2024,15,Anthony Richardson,QB,16.04,14.380000114440918,1.6599998855590812,1.6599998855590812
2023,17,Javonte Williams,RB,10.46,8.800000190734863,1.6599998092651376,1.6599998092651376
2025,10,Rachaad White,RB,8.74,10.399999618530273,-1.6599996185302732,1.6599996185302732
2023,15,Jerry Jeudy,WR,8.74,10.399999618530273,-1.6599996185302732,1.6599996185302732
2025,14,Deebo Samuel Sr.,WR,8.35,6.699999809265137,1.650000190734863,1.650000190734863
2024,9,Josh Jacobs,RB,14.45,12.800000190734863,1.649999809265136,1.649999809265136
2025,16,Dallas Goedert,TE,13.84,12.199999809265137,1.6400001907348631,1.6400001907348631
2025,14,Kareem Hunt,RB,10.64,9.0,1.6400000000000006,1.6400000000000006
2025,11,Colston Loveland,TE,8.64,7.0,1.6400000000000006,1.6400000000000006
2024,5,Travis Etienne,RB,13.64,12.0,1.6400000000000006,1.6400000000000006
2025,14,A.J. Brown,WR,14.36,16.0,-1.6400000000000006,1.6400000000000006
2023,13,Javonte Williams,RB,11.64,10.0,1.6400000000000006,1.6400000000000006
2023,6,Justin Herbert,QB,17.44,19.079999923706055,-1.6399999237060534,1.6399999237060534
2023,11,Cade Otton,TE,7.26,8.899999618530273,-1.6399996185302737,1.6399996185302737
2023,14,Gerald Everett,TE,7.26,8.899999618530273,-1.6399996185302737,1.6399996185302737
2023,7,Ezekiel Elliott,RB,7.47,9.100000381469727,-1.6300003814697268,1.6300003814697268
2024,12,Xavier Legette,WR,7.97,9.600000381469727,-1.6300003814697268,1.6300003814697268
2023,12,Jared Goff,QB,16.55,18.18000030517578,-1.6300003051757805,1.6300003051757805
2024,10,A.J. Brown,WR,14.27,15.899999618530273,-1.6299996185302739,1.6299996185302739
2023,8,Marquise Brown,WR,13.68,15.300000190734863,-1.6200001907348636,1.6200001907348636
2025,9,Quentin Johnston,WR,13.68,15.300000190734863,-1.6200001907348636,1.6200001907348636
2025,3,Harold Fannin Jr.,TE,7.12,5.5,1.62,1.62
2023,13,Will Levis,QB,13.08,11.460000038146973,1.6199999618530274,1.6199999618530274
2025,11,Jordan Love,QB,16.04,17.65999984741211,-1.6199998474121102,1.6199998474121102
2025,5,Saquon Barkley,RB,16.18,17.799999237060547,-1.6199992370605472,1.6199992370605472
2025,7,Travis Kelce,TE,10.01,8.399999618530273,1.6100003814697263,1.6100003814697263
2024,16,Aaron Jones,RB,13.91,12.300000190734863,1.6099998092651369,1.6099998092651369
2025,4,Aaron Rodgers,QB,14.41,12.800000190734863,1.6099998092651369,1.6099998092651369
2025,12,Zay Flowers,WR,10.29,11.899999618530273,-1.6099996185302743,1.6099996185302743
2023,12,Kyler Murray,QB,18.84,20.440000534057617,-1.6000005340576173,1.6000005340576173
2023,14,Tony Pollard,RB,15.0,16.600000381469727,-1.6000003814697266,1.6000003814697266
2024,13,Rhamondre Stevenson,RB,14.0,12.399999618530273,1.6000003814697266,1.6000003814697266
2023,17,Evan Engram,TE,10.4,12.0,-1.5999999999999996,1.5999999999999996
2024,15,Jordan Love,QB,15.96,17.559999465942383,-1.599999465942382,1.599999465942382
2024,15,Garrett Wilson,WR,13.01,14.600000381469727,-1.5900003814697268,1.5900003814697268
2025,17,Tony Pollard,RB,13.09,11.5,1.5899999999999999,1.5899999999999999
2024,11,Jakobi Meyers,WR,10.39,8.800000190734863,1.5899998092651373,1.5899998092651373
2023,9,Derek Carr,QB,15.15,16.739999771118164,-1.5899997711181637,1.5899997711181637
2024,12,Kendrick Bourne,WR,7.58,6.0,1.58,1.58
2023,11,Mike Evans,WR,16.88,15.300000190734863,1.5799998092651357,1.5799998092651357
2023,16,David Njoku,TE,14.82,16.399999618530273,-1.5799996185302732,1.5799996185302732
2024,8,Alvin Kamara,RB,16.63,18.200000762939453,-1.5700007629394541,1.5700007629394541
2025,12,Jalen Coker,WR,7.77,6.199999809265137,1.5700001907348629,1.5700001907348629
2024,5,Dalton Kincaid,TE,6.97,5.400000095367432,1.569999904632568,1.569999904632568
2025,6,Michael Carter,RB,6.83,8.399999618530273,-1.5699996185302734,1.5699996185302734
2023,4,Tyler Lockett,WR,10.96,9.399999618530273,1.5600003814697274,1.5600003814697274
2024,14,Cade Otton,TE,8.44,10.0,-1.5600000000000005,1.5600000000000005
2023,15,DK Metcalf,WR,14.36,12.800000190734863,1.5599998092651362,1.5599998092651362
2024,7,Ladd McConkey,WR,11.16,9.600000381469727,1.5599996185302736,1.5599996185302736
2025,15,Emeka Egbuka,WR,8.84,10.399999618530273,-1.5599996185302736,1.5599996185302736
2023,12,Sam Howell,QB,15.74,17.299999237060547,-1.5599992370605467,1.5599992370605467
2023,6,Zach Wilson,QB,12.49,10.9399995803833,1.5500004196166994,1.5500004196166994
2024,8,Tyreek Hill,WR,14.75,13.199999809265137,1.5500001907348633,1.5500001907348633
2025,8,Tyrone Tracy Jr.,RB,5.75,7.300000190734863,-1.5500001907348633,1.5500001907348633
2025,7,Jauan Jennings,WR,8.65,7.099999904632568,1.550000095367432,1.550000095367432
2025,4,Javonte Williams,RB,17.45,19.0,-1.5500000000000007,1.5500000000000007
2023,7,Evan Engram,TE,7.95,9.5,-1.5499999999999998,1.5499999999999998
2023,3,Christian McCaffrey,RB,21.35,22.899999618530273,-1.549999618530272,1.549999618530272
2024,8,Will Dissly,TE,7.56,9.100000381469727,-1.540000381469727,1.540000381469727
2023,7,Logan Thomas,TE,7.56,9.100000381469727,-1.540000381469727,1.540000381469727
2023,7,Jaylen Warren,RB,8.56,10.100000381469727,-1.540000381469726,1.540000381469726
2024,10,Mike Gesicki,TE,8.54,7.0,1.5399999999999991,1.5399999999999991
2025,11,Rico Dowdle,RB,16.54,15.0,1.5399999999999991,1.5399999999999991
2025,6,Darren Waller,TE,7.66,9.199999809265137,-1.5399998092651366,1.5399998092651366
2025,8,Josh Downs,WR,11.36,12.899999618530273,-1.539999618530274,1.539999618530274
2024,14,Calvin Ridley,WR,11.36,12.899999618530273,-1.539999618530274,1.539999618530274
2023,5,A.J. Brown,WR,17.17,18.700000762939453,-1.5300007629394514,1.5300007629394514
2023,8,Saquon Barkley,RB,14.27,15.800000190734863,-1.5300001907348637,1.5300001907348637
2023,8,Dallas Goedert,TE,9.13,7.599999904632568,1.5300000953674324,1.5300000953674324
2023,9,D'Onta Foreman,RB,9.83,8.300000190734863,1.5299998092651368,1.5299998092651368
2025,4,Josh Allen,QB,23.34,24.860000610351562,-1.5200006103515626,1.5200006103515626
2023,10,Jordan Addison,WR,12.42,10.899999618530273,1.5200003814697265,1.5200003814697265
2023,7,Jaylen Waddle,WR,10.78,12.300000190734863,-1.520000190734864,1.520000190734864
2025,10,Christian McCaffrey,RB,16.09,17.600000381469727,-1.5100003814697267,1.5100003814697267
2023,8,Mac Jones,QB,13.75,12.239999771118164,1.510000228881836,1.510000228881836
2024,12,Zay Flowers,WR,12.71,11.199999809265137,1.5100001907348641,1.5100001907348641
2024,12,Mike Evans,WR,10.29,11.800000190734863,-1.5100001907348641,1.5100001907348641
2023,4,CeeDee Lamb,WR,13.29,14.800000190734863,-1.5100001907348641,1.5100001907348641
2023,16,Jake Ferguson,TE,10.01,8.5,1.5099999999999998,1.5099999999999998
2023,15,Antonio Gibson,RB,10.01,8.5,1.5099999999999998,1.5099999999999998
2023,9,Saquon Barkley,RB,15.81,14.300000190734863,1.5099998092651372,1.5099998092651372
2025,16,Terry McLaurin,WR,9.81,8.300000190734863,1.5099998092651372,1.5099998092651372
2024,11,Zay Flowers,WR,10.39,11.899999618530273,-1.5099996185302729,1.5099996185302729
2025,11,Tyler Allgeier,RB,8.1,9.600000381469727,-1.500000381469727,1.500000381469727
2025,8,CeeDee Lamb,WR,13.1,14.600000381469727,-1.500000381469727,1.500000381469727
2023,4,Courtland Sutton,WR,13.2,11.699999809265137,1.5000001907348626,1.5000001907348626
2023,6,Dallas Goedert,TE,10.7,9.199999809265137,1.5000001907348626,1.5000001907348626
2023,14,Alvin Kamara,RB,15.0,13.5,1.5,1.5
2024,7,Justin Herbert,QB,16.26,14.760000228881836,1.4999997711181656,1.4999997711181656
2024,11,Aaron Rodgers,QB,14.56,16.059999465942383,-1.4999994659423823,1.4999994659423823
2024,16,Cooper Rush,QB,16.77,15.279999732971191,1.4900002670288082,1.4900002670288082
2024,3,Pat Freiermuth,TE,5.81,7.300000190734863,-1.4900001907348637,1.4900001907348637
2025,17,Justin Herbert,QB,16.63,15.140000343322754,1.489999656677245,1.489999656677245
2023,10,Cole Kmet,TE,11.09,9.600000381469727,1.4899996185302733,1.4899996185302733
2023,15,Courtland Sutton,WR,13.59,12.100000381469727,1.4899996185302733,1.4899996185302733
2024,4,Darnell Mooney,WR,10.09,8.600000381469727,1.4899996185302733,1.4899996185302733
2025,12,Jake Ferguson,TE,9.62,11.100000381469727,-1.4800003814697273,1.4800003814697273
2023,12,Davante Adams,WR,13.78,12.300000190734863,1.479999809265136,1.479999809265136
2024,15,George Kittle,TE,11.58,10.100000381469727,1.4799996185302735,1.4799996185302735
2024,4,Lamar Jackson,QB,22.16,23.639999389648438,-1.4799993896484374,1.4799993896484374
2024,8,Davante Adams,WR,10.87,9.399999618530273,1.4700003814697258,1.4700003814697258
2023,7,Chris Olave,WR,14.17,12.699999809265137,1.4700001907348632,1.4700001907348632
2023,5,Kendrick Bourne,WR,7.77,6.300000190734863,1.4699998092651363,1.4699998092651363
2023,15,Jake Ferguson,TE,8.93,10.399999618530273,-1.4699996185302737,1.4699996185302737
2024,13,Patrick Mahomes,QB,18.1,16.639999389648438,1.460000610351564,1.460000610351564
2025,8,J.K. Dobbins,RB,12.64,14.100000381469727,-1.460000381469726,1.460000381469726
2025,13,Dak Prescott,QB,19.14,20.600000381469727,-1.460000381469726,1.460000381469726
2025,10,David Njoku,TE,8.64,10.100000381469727,-1.460000381469726,1.460000381469726
2025,17,Dallas Goedert,TE,8.34,9.800000190734863,-1.4600001907348634,1.4600001907348634
2024,13,Justice Hill,RB,7.56,6.099999904632568,1.4600000953674312,1.4600000953674312
2024,5,Amari Cooper,WR,11.46,10.0,1.4600000000000009,1.4600000000000009
2025,16,Pat Freiermuth,TE,7.46,6.0,1.46,1.46
2023,12,Jahan Dotson,WR,8.74,10.199999809265137,-1.4599998092651365,1.4599998092651365
2024,11,Tank Dell,WR,11.26,9.800000190734863,1.4599998092651365,1.4599998092651365
2023,12,Patrick Mahomes,QB,19.36,20.81999969482422,-1.4599996948242193,1.4599996948242193
2025,9,Bo Nix,QB,17.07,18.520000457763672,-1.4500004577636716,1.4500004577636716
2024,15,Dalton Kincaid,TE,7.85,9.300000190734863,-1.4500001907348636,1.4500001907348636
2025,14,Devaughn Vele,WR,8.45,7.0,1.4499999999999993,1.4499999999999993
2024,16,Tucker Kraft,TE,8.05,9.5,-1.4499999999999993,1.4499999999999993
2023,3,Josh Allen,QB,19.87,21.31999969482422,-1.4499996948242178,1.4499996948242178
2024,4,Tyler Lockett,WR,9.66,11.100000381469727,-1.4400003814697264,1.4400003814697264
2023,7,Chris Godwin Jr.,WR,11.16,12.600000381469727,-1.4400003814697264,1.4400003814697264
2023,8,Bijan Robinson,RB,13.64,12.199999809265137,1.4400001907348638,1.4400001907348638
2025,7,Hunter Henry,TE,8.74,7.300000190734863,1.439999809265137,1.439999809265137
2024,8,Jonathan Taylor,RB,17.27,18.700000762939453,-1.4300007629394536,1.4300007629394536
2023,17,Gus Edwards,RB,9.37,10.800000190734863,-1.430000190734864,1.430000190734864
2025,8,Chris Olave,WR,15.43,14.0,1.4299999999999997,1.4299999999999997
2025,14,Bam Knight,RB,7.83,6.400000095367432,1.4299999046325684,1.4299999046325684
2023,15,Aaron Jones,RB,9.47,10.899999618530273,-1.4299996185302728,1.4299996185302728
2024,9,Tyreek Hill,WR,10.58,12.0,-1.42,1.42
2023,6,Joe Burrow,QB,15.22,13.800000190734863,1.4199998092651374,1.4199998092651374
2024,7,Drake London,WR,16.88,18.299999237060547,-1.4199992370605479,1.4199992370605479
2023,14,Chuba Hubbard,RB,10.19,11.600000381469727,-1.410000381469727,1.410000381469727
2025,4,J.K. Dobbins,RB,12.91,11.5,1.4100000000000001,1.4100000000000001
2025,8,Jauan Jennings,WR,7.09,8.5,-1.4100000000000001,1.4100000000000001
2024,7,Ja'Marr Chase,WR,19.01,17.600000381469727,1.409999618530275,1.409999618530275
2023,8,Tee Higgins,WR,10.49,11.899999618530273,-1.4099996185302732,1.4099996185302732
2025,3,Davante Adams,WR,13.2,14.600000381469727,-1.4000003814697273,1.4000003814697273
2025,10,Tre Tucker,WR,6.9,5.5,1.4000000000000004,1.4000000000000004
2023,14,Jake Ferguson,TE,10.8,12.199999809265137,-1.399999809265136,1.399999809265136
2024,14,Marvin Harrison Jr.,WR,10.29,8.899999618530273,1.3900003814697257,1.3900003814697257
2024,11,Najee Harris,RB,11.91,13.300000190734863,-1.3900001907348631,1.3900001907348631
2024,15,Bucky Irving,RB,11.91,13.300000190734863,-1.3900001907348631,1.3900001907348631
2025,16,Tyler Shough,QB,15.74,17.1200008392334,-1.3800008392333982,1.3800008392333982
2023,5,Puka Nacua,WR,18.72,20.100000381469727,-1.3800003814697277,1.3800003814697277
2024,10,Trey McBride,TE,9.72,11.100000381469727,-1.380000381469726,1.380000381469726
2024,15,D'Andre Swift,RB,11.28,9.899999618530273,1.380000381469726,1.380000381469726
2023,11,Deebo Samuel Sr.,WR,10.58,9.199999809265137,1.3800001907348634,1.3800001907348634
2024,10,Jahmyr Gibbs,RB,14.18,12.800000190734863,1.3799998092651364,1.3799998092651364
2025,3,Alec Pierce,WR,9.32,10.699999809265137,-1.3799998092651364,1.3799998092651364
2024,11,Kenneth Walker III,RB,15.27,13.899999618530273,1.3700003814697261,1.3700003814697261
2025,4,Travis Kelce,TE,8.43,9.800000190734863,-1.3700001907348636,1.3700001907348636
2023,13,Antonio Gibson,RB,9.83,11.199999809265137,-1.3699998092651366,1.3699998092651366
2023,17,Gardner Minshew,QB,14.63,13.260000228881836,1.3699997711181648,1.3699997711181648
2025,12,Tony Pollard,RB,9.47,8.100000381469727,1.369999618530274,1.369999618530274
2024,6,Michael Wilson,WR,8.74,10.100000381469727,-1.3600003814697263,1.3600003814697263
2024,13,Jerome Ford,RB,8.56,7.199999809265137,1.3600001907348638,1.3600001907348638
2025,5,Keon Coleman,WR,8.94,10.300000190734863,-1.3600001907348638,1.3600001907348638
2025,10,Nick Chubb,RB,7.56,6.199999809265137,1.360000190734863,1.360000190734863
2024,12,Tank Dell,WR,8.84,10.199999809265137,-1.3599998092651369,1.3599998092651369
2025,5,Bryce Young,QB,13.38,12.020000457763672,1.359999542236329,1.359999542236329
2024,6,Wan'Dale Robinson,WR,8.65,10.0,-1.3499999999999996,1.3499999999999996
2024,12,Devin Singletary,RB,7.65,9.0,-1.3499999999999996,1.3499999999999996
2025,6,Jaylen Warren,RB,9.65,8.300000190734863,1.349999809265137,1.349999809265137
2023,12,Christian Kirk,WR,11.55,12.899999618530273,-1.3499996185302727,1.3499996185302727
2024,15,Rico Dowdle,RB,13.55,14.899999618530273,-1.3499996185302727,1.3499996185302727
2024,15,Breece Hall,RB,14.45,13.100000381469727,1.3499996185302727,1.3499996185302727
2023,11,Sam Howell,QB,16.4,17.739999771118164,-1.3399997711181655,1.3399997711181655
2023,6,DK Metcalf,WR,12.23,10.899999618530273,1.330000381469727,1.330000381469727
2024,4,Zach Charbonnet,RB,11.73,10.399999618530273,1.330000381469727,1.330000381469727
2024,16,DeMario Douglas,WR,9.23,7.900000095367432,1.3299999046325688,1.3299999046325688
2023,8,Tank Dell,WR,10.87,12.199999809265137,-1.3299998092651375,1.3299998092651375
2025,14,Omarion Hampton,RB,13.37,14.699999809265137,-1.3299998092651375,1.3299998092651375
2024,11,Evan Engram,TE,9.13,7.800000190734863,1.3299998092651375,1.3299998092651375
2023,10,Luke Musgrave,TE,7.07,8.399999618530273,-1.3299996185302732,1.3299996185302732
2024,3,Jared Goff,QB,15.89,14.5600004196167,1.3299995803833013,1.3299995803833013
2023,17,Jaxon Smith-Njigba,WR,9.52,8.199999809265137,1.3200001907348629,1.3200001907348629
2024,4,Jerome Ford,RB,14.18,15.5,-1.3200000000000003,1.3200000000000003
2025,5,Jalen Hurts,QB,18.18,19.5,-1.3200000000000003,1.3200000000000003
2023,7,Drake London,WR,12.71,11.399999618530273,1.3100003814697274,1.3100003814697274
2024,9,Ladd McConkey,WR,12.71,11.399999618530273,1.3100003814697274,1.3100003814697274
2025,8,Tee Higgins,WR,12.71,11.399999618530273,1.3100003814697274,1.3100003814697274
2023,17,Diontae Johnson,WR,10.29,11.600000381469727,-1.3100003814697274,1.3100003814697274
2025,11,Zach Charbonnet,RB,8.01,6.699999809265137,1.310000190734863,1.310000190734863
2025,9,Mac Jones,QB,14.49,15.800000190734863,-1.310000190734863,1.310000190734863
2024,13,Nick Chubb,RB,11.19,12.5,-1.3100000000000005,1.3100000000000005
2025,6,Alvin Kamara,RB,13.91,12.600000381469727,1.3099996185302736,1.3099996185302736
2025,4,Saquon Barkley,RB,16.09,17.399999618530273,-1.3099996185302736,1.3099996185302736
2024,9,David Montgomery,RB,13.91,12.600000381469727,1.3099996185302736,1.3099996185302736
2024,17,T.J. Hockenson,TE,10.5,11.800000190734863,-1.3000001907348633,1.3000001907348633
2024,4,Tee Higgins,WR,10.7,12.0,-1.3000000000000007,1.3000000000000007
2025,16,Kyle Monangai,RB,11.01,12.300000190734863,-1.2900001907348635,1.2900001907348635
2024,15,Calvin Ridley,WR,10.29,9.0,1.2899999999999991,1.2899999999999991
2024,16,DJ Moore,WR,12.71,14.0,-1.2899999999999991,1.2899999999999991
2023,12,Terry McLaurin,WR,10.29,9.0,1.2899999999999991,1.2899999999999991
2025,10,D'Andre Swift,RB,16.09,14.800000190734863,1.2899998092651366,1.2899998092651366
2024,11,Alvin Kamara,RB,14.18,12.899999618530273,1.2800003814697263,1.2800003814697263
2025,7,Marquise Brown,WR,10.68,9.399999618530273,1.2800003814697263,1.2800003814697263
2024,15,Mark Andrews,TE,11.68,10.399999618530273,1.2800003814697263,1.2800003814697263
2024,4,Deebo Samuel Sr.,WR,11.48,10.199999809265137,1.2800001907348637,1.2800001907348637
2023,14,T.J. Hockenson,TE,11.58,10.300000190734863,1.2799998092651368,1.2799998092651368
2025,13,George Kittle,TE,9.42,10.699999809265137,-1.2799998092651368,1.2799998092651368
2024,11,Drake Maye,QB,16.7,17.979999542236328,-1.2799995422363288,1.2799995422363288
2024,17,D'Andre Swift,RB,10.83,12.100000381469727,-1.2700003814697265,1.2700003814697265
2025,7,T.J. Hockenson,TE,9.03,10.300000190734863,-1.270000190734864,1.270000190734864
2023,10,Chig Okonkwo,TE,6.97,5.699999809265137,1.270000190734863,1.270000190734863
2023,8,Bryce Young,QB,13.23,14.5,-1.2699999999999996,1.2699999999999996
2024,10,Dallas Goedert,TE,9.23,10.5,-1.2699999999999996,1.2699999999999996
2024,7,Allen Lazard,WR,11.07,9.800000190734863,1.269999809265137,1.269999809265137
2024,11,Calvin Ridley,WR,11.07,9.800000190734863,1.269999809265137,1.269999809265137
2024,6,CeeDee Lamb,WR,17.37,16.100000381469727,1.2699996185302744,1.2699996185302744
2023,9,A.J. Brown,WR,18.34,19.600000381469727,-1.2600003814697267,1.2600003814697267
2023,17,Baker Mayfield,QB,15.0,16.260000228881836,-1.260000228881836,1.260000228881836
2025,17,Travis Etienne,RB,12.46,11.199999809265137,1.2600001907348641,1.2600001907348641
2024,14,Jake Ferguson,TE,7.46,6.199999809265137,1.2600001907348632,1.2600001907348632
2023,13,Tyler Conklin,TE,7.76,6.5,1.2599999999999998,1.2599999999999998
2024,4,Josh Jacobs,RB,10.55,11.800000190734863,-1.2500001907348626,1.2500001907348626
2023,14,Romeo Doubs,WR,8.45,7.199999809265137,1.2500001907348626,1.2500001907348626
2023,14,Brock Purdy,QB,20.17,21.420000076293945,-1.2500000762939436,1.2500000762939436
2024,11,Isaiah Likely,TE,8.25,9.5,-1.25,1.25
2024,15,Keon Coleman,WR,8.65,7.400000095367432,1.2499999046325687,1.2499999046325687
2024,7,Sam Darnold,QB,17.51,16.260000228881836,1.2499997711181656,1.2499997711181656
2025,12,Christian Watson,WR,8.65,9.899999618530273,-1.249999618530273,1.249999618530273
2024,13,Kendrick Bourne,WR,8.74,7.5,1.2400000000000002,1.2400000000000002
2025,17,Khalil Shakir,WR,8.26,9.5,-1.2400000000000002,1.2400000000000002
2024,15,Patrick Mahomes,QB,17.0,15.760000228881836,1.239999771118164,1.239999771118164
2025,10,Cooper Kupp,WR,8.16,9.399999618530273,-1.2399996185302733,1.2399996185302733
2023,6,Alvin Kamara,RB,18.63,17.399999618530273,1.2300003814697256,1.2300003814697256
2025,7,Quentin Johnston,WR,12.23,11.0,1.2300000000000004,1.2300000000000004
2023,6,Josh Reynolds,WR,9.23,8.0,1.2300000000000004,1.2300000000000004
2023,8,Russell Wilson,QB,16.33,17.559999465942383,-1.2299994659423845,1.2299994659423845
2025,6,Michael Penix Jr.,QB,13.38,14.600000381469727,-1.2200003814697258,1.2200003814697258
2023,13,Kareem Hunt,RB,7.02,5.800000190734863,1.2199998092651363,1.2199998092651363
2025,5,Michael Pittman,WR,13.68,14.899999618530273,-1.2199996185302737,1.2199996185302737
2025,16,Jalen Hurts,QB,18.18,19.399999618530273,-1.2199996185302737,1.2199996185302737
2024,4,Dak Prescott,QB,17.95,16.739999771118164,1.2100002288818352,1.2100002288818352
2025,6,Jake Ferguson,TE,11.09,12.300000190734863,-1.2100001907348634,1.2100001907348634
2025,12,Tetairoa McMillan,WR,12.71,11.5,1.2100000000000009,1.2100000000000009
2025,15,Jaylen Warren,RB,9.01,7.800000190734863,1.2099998092651365,1.2099998092651365
2024,12,Travis Kelce,TE,10.99,12.199999809265137,-1.2099998092651365,1.2099998092651365
2023,9,Tyler Boyd,WR,9.81,8.600000381469727,1.209999618530274,1.209999618530274
2024,5,Derrick Henry,RB,17.81,16.600000381469727,1.2099996185302722,1.2099996185302722
2024,7,Trevor Lawrence,QB,13.82,15.020000457763672,-1.2000004577636716,1.2000004577636716
2025,13,Tetairoa McMillan,WR,10.1,11.300000190734863,-1.2000001907348636,1.2000001907348636
2025,6,Tee Higgins,WR,10.0,11.199999809265137,-1.1999998092651367,1.1999998092651367
2023,6,Saquon Barkley,RB,15.0,13.800000190734863,1.1999998092651367,1.1999998092651367
2024,4,Jaxon Smith-Njigba,WR,11.91,13.100000381469727,-1.1900003814697264,1.1900003814697264
2023,4,Kenneth Walker III,RB,15.09,13.899999618530273,1.1900003814697264,1.1900003814697264
2025,8,Keon Coleman,WR,7.19,6.0,1.1900000000000004,1.1900000000000004
2023,9,Terry McLaurin,WR,13.49,12.300000190734863,1.189999809265137,1.189999809265137
2025,12,Jacoby Brissett,QB,19.87,18.68000030517578,1.1899996948242197,1.1899996948242197
2025,10,Mark Andrews,TE,11.58,10.399999618530273,1.1800003814697266,1.1800003814697266
2023,9,Mike Evans,WR,13.88,12.699999809265137,1.180000190734864,1.180000190734864
2024,16,Breece Hall,RB,15.18,14.0,1.1799999999999997,1.1799999999999997
2025,14,Jayden Higgins,WR,7.58,6.400000095367432,1.1799999046325684,1.1799999046325684
2025,5,George Pickens,WR,12.52,13.699999809265137,-1.1799998092651371,1.1799998092651371
2023,11,Isiah Pacheco,RB,11.28,10.100000381469727,1.1799996185302728,1.1799996185302728
2025,6,AJ Barner,TE,8.93,10.100000381469727,-1.1700003814697268,1.1700003814697268
2023,7,Jalen Hurts,QB,22.09,23.260000228881836,-1.170000228881836,1.170000228881836
2023,14,D'Onta Foreman,RB,10.37,9.199999809265137,1.1700001907348625,1.1700001907348625
2024,13,Derrick Henry,RB,15.27,14.100000381469727,1.169999618530273,1.169999618530273
2023,12,David Montgomery,RB,16.27,15.100000381469727,1.169999618530273,1.169999618530273
2023,6,D'Andre Swift,RB,16.63,17.799999237060547,-1.1699992370605479,1.1699992370605479
2024,16,Davante Adams,WR,18.63,19.799999237060547,-1.1699992370605479,1.1699992370605479
2025,8,Patrick Mahomes,QB,21.79,22.959999084472656,-1.169999084472657,1.169999084472657
2025,17,Jaxon Smith-Njigba,WR,15.04,16.200000762939453,-1.160000762939454,1.160000762939454
2025,13,Tyjae Spears,RB,9.56,8.399999618530273,1.160000381469727,1.160000381469727
2025,11,Breece Hall,RB,9.56,8.399999618530273,1.160000381469727,1.160000381469727
2023,15,Dalton Schultz,TE,8.64,9.800000190734863,-1.1600001907348627,1.1600001907348627
2023,15,Tua Tagovailoa,QB,14.12,12.960000038146973,1.1599999618530266,1.1599999618530266
2023,5,Tyler Boyd,WR,8.74,9.899999618530273,-1.1599996185302732,1.1599996185302732
2025,14,Sean Tucker,RB,7.74,8.899999618530273,-1.1599996185302732,1.1599996185302732
2024,11,Alexander Mattison,RB,8.74,9.899999618530273,-1.1599996185302732,1.1599996185302732
2024,12,Drake Maye,QB,14.63,13.479999542236328,1.1500004577636727,1.1500004577636727
2025,6,Ashton Jeanty,RB,15.45,16.600000381469727,-1.1500003814697273,1.1500003814697273
2023,12,Zach Charbonnet,RB,8.65,9.800000190734863,-1.150000190734863,1.150000190734863
2023,14,Chris Olave,WR,11.65,12.800000190734863,-1.150000190734863,1.150000190734863
2024,12,Rico Dowdle,RB,9.65,10.800000190734863,-1.150000190734863,1.150000190734863
2023,9,Brian Robinson,RB,10.55,11.699999809265137,-1.149999809265136,1.149999809265136
2024,15,Drake Maye,QB,16.33,17.479999542236328,-1.1499995422363298,1.1499995422363298
2025,11,Hunter Henry,TE,7.36,8.5,-1.1399999999999997,1.1399999999999997
2025,7,Xavier Worthy,WR,8.94,7.800000190734863,1.1399998092651362,1.1399998092651362
2024,3,Patrick Mahomes,QB,17.51,16.3799991607666,1.1300008392334,1.1300008392334
2024,13,Jared Goff,QB,15.81,16.940000534057617,-1.1300005340576167,1.1300005340576167
2025,17,Mike Evans,WR,10.97,12.100000381469727,-1.130000381469726,1.130000381469726
2025,14,Tyjae Spears,RB,7.83,6.699999809265137,1.1300001907348634,1.1300001907348634
2023,10,Sam LaPorta,TE,9.13,8.0,1.1300000000000008,1.1300000000000008
2024,9,Rachaad White,RB,11.37,12.5,-1.1300000000000008,1.1300000000000008
2025,5,Zay Flowers,WR,11.07,12.199999809265137,-1.1299998092651364,1.1299998092651364
2024,7,Dalton Kincaid,TE,7.07,8.199999809265137,-1.1299998092651364,1.1299998092651364
2025,11,Zach Ertz,TE,9.32,8.199999809265137,1.1200001907348636,1.1200001907348636
2024,6,Juwan Johnson,TE,6.68,7.800000190734863,-1.1200001907348636,1.1200001907348636
2024,14,T.J. Hockenson,TE,9.62,8.5,1.1199999999999992,1.1199999999999992
2024,3,Keon Coleman,WR,8.28,9.399999618530273,-1.119999618530274,1.119999618530274
2024,10,Darnell Mooney,WR,13.49,14.600000381469727,-1.1100003814697263,1.1100003814697263
2025,4,Brian Thomas Jr.,WR,9.49,10.600000381469727,-1.1100003814697263,1.1100003814697263
2023,10,Logan Thomas,TE,10.11,9.0,1.1099999999999994,1.1099999999999994
2024,8,Zack Moss,RB,9.01,7.900000095367432,1.1099999046325681,1.1099999046325681
2024,11,Courtland Sutton,WR,15.91,14.800000190734863,1.1099998092651369,1.1099998092651369
2025,13,Jordan Addison,WR,9.71,8.600000381469727,1.1099996185302743,1.1099996185302743
2024,13,Jauan Jennings,WR,9.71,8.600000381469727,1.1099996185302743,1.1099996185302743
2023,13,Tua Tagovailoa,QB,18.1,19.200000762939453,-1.1000007629394517,1.1000007629394517
2025,11,Zay Flowers,WR,10.2,11.300000190734863,-1.100000190734864,1.100000190734864
2023,7,Samaje Perine,RB,8.2,7.099999904632568,1.100000095367431,1.100000095367431
2025,8,Jaxson Dart,QB,18.32,19.420000076293945,-1.100000076293945,1.100000076293945
2023,4,Josh Reynolds,WR,8.8,9.899999618530273,-1.0999996185302727,1.0999996185302727
2023,11,Travis Kelce,TE,16.49,15.399999618530273,1.090000381469725,1.090000381469725
2023,3,Trevor Lawrence,QB,15.45,14.359999656677246,1.0900003433227532,1.0900003433227532
2024,5,Mike Gesicki,TE,6.19,5.099999904632568,1.090000095367432,1.090000095367432
2023,15,Alvin Kamara,RB,14.91,16.0,-1.0899999999999999,1.0899999999999999
2024,12,Chuba Hubbard,RB,13.91,15.0,-1.0899999999999999,1.0899999999999999
2023,7,Josh Reynolds,WR,7.39,6.300000190734863,1.0899998092651364,1.0899998092651364
2025,6,Xavier Worthy,WR,9.52,10.600000381469727,-1.080000381469727,1.080000381469727
2024,13,Matthew Stafford,QB,16.7,15.619999885559082,1.0800001144409173,1.0800001144409173
2025,4,Kenneth Walker III,RB,10.92,12.0,-1.08,1.08
2025,14,Chris Godwin Jr.,WR,9.42,10.5,-1.08,1.08
2023,11,Will Levis,QB,13.6,12.520000457763672,1.0799995422363278,1.0799995422363278
2025,15,Colston Loveland,TE,9.03,10.100000381469727,-1.0700003814697272,1.0700003814697272
2023,3,D'Andre Swift,RB,13.73,14.800000190734863,-1.0700001907348629,1.0700001907348629
2024,13,C.J. Stroud,QB,15.45,14.380000114440918,1.0699998855590813,1.0699998855590813
2023,8,Michael Wilson,WR,10.87,9.800000190734863,1.069999809265136,1.069999809265136
2023,6,Bryce Young,QB,13.75,12.680000305175781,1.0699996948242188,1.0699996948242188
2024,5,Derek Carr,QB,13.67,12.600000381469727,1.0699996185302734,1.0699996185302734
2024,13,Courtland Sutton,WR,17.27,16.200000762939453,1.0699992370605464,1.0699992370605464
2024,5,Justin Fields,QB,17.0,15.9399995803833,1.0600004196166992,1.0600004196166992
2023,10,Aaron Jones,RB,10.46,9.399999618530273,1.0600003814697274,1.0600003814697274
2025,16,Tyrone Tracy Jr.,RB,8.74,9.800000190734863,-1.060000190734863,1.060000190734863
2025,14,Jordan Addison,WR,11.26,10.199999809265137,1.060000190734863,1.060000190734863
2023,17,Chig Okonkwo,TE,7.46,6.400000095367432,1.0599999046325683,1.0599999046325683
2024,5,Matthew Stafford,QB,13.45,12.399999618530273,1.0500003814697259,1.0500003814697259
2024,9,Dalton Kincaid,TE,8.25,7.199999809265137,1.0500001907348633,1.0500001907348633
2025,8,Noah Fant,TE,8.15,7.099999904632568,1.050000095367432,1.050000095367432
2025,3,Sam LaPorta,TE,8.35,7.300000190734863,1.0499998092651364,1.0499998092651364
2025,9,Rashee Rice,WR,17.56,18.600000381469727,-1.0400003814697278,1.0400003814697278
2023,17,DK Metcalf,WR,14.56,15.600000381469727,-1.040000381469726,1.040000381469726
2024,14,Mike Evans,WR,11.94,10.899999618530273,1.040000381469726,1.040000381469726
2025,17,Kyle Monangai,RB,8.74,7.699999809265137,1.0400001907348635,1.0400001907348635
2025,14,Cam Ward,QB,12.12,11.079999923706055,1.0400000762939445,1.0400000762939445
2024,10,Jonnu Smith,TE,8.54,7.5,1.0399999999999991,1.0399999999999991
2023,16,Jason Brownlee,WR,8.84,7.800000190734863,1.0399998092651366,1.0399998092651366
2024,13,David Montgomery,RB,14.36,15.399999618530273,-1.039999618530274,1.039999618530274
2024,17,Justin Jefferson,WR,18.24,17.200000762939453,1.0399992370605453,1.0399992370605453
2024,4,Sam LaPorta,TE,8.27,9.300000190734863,-1.0300001907348637,1.0300001907348637
2023,12,Gardner Minshew,QB,15.67,14.640000343322754,1.029999656677246,1.029999656677246
2025,5,Tre Tucker,WR,12.13,11.100000381469727,1.0299996185302742,1.0299996185302742
2024,16,DeVonta Smith,WR,12.13,11.100000381469727,1.0299996185302742,1.0299996185302742
2025,8,DJ Moore,WR,10.58,11.600000381469727,-1.0200003814697265,1.0200003814697265
2023,4,Najee Harris,RB,10.28,11.300000190734863,-1.020000190734864,1.020000190734864
2024,12,Jameson Williams,WR,10.78,11.800000190734863,-1.020000190734864,1.020000190734864
2025,13,Mark Andrews,TE,9.72,8.699999809265137,1.020000190734864,1.020000190734864
2024,10,Cade Otton,TE,9.52,8.5,1.0199999999999996,1.0199999999999996
2024,7,Evan Engram,TE,9.52,8.5,1.0199999999999996,1.0199999999999996
2024,3,Kyle Pitts,TE,8.92,7.900000095367432,1.0199999046325683,1.0199999046325683
2025,11,Jahmyr Gibbs,RB,20.62,19.600000381469727,1.0199996185302744,1.0199996185302744
2023,15,Jordan Love,QB,18.47,17.459999084472656,1.0100009155273426,1.0100009155273426
2025,6,Tucker Kraft,TE,11.29,12.300000190734863,-1.0100001907348641,1.0100001907348641
2023,17,David Njoku,TE,16.39,17.399999618530273,-1.0099996185302729,1.0099996185302729
2025,5,Xavier Worthy,WR,10.1,11.100000381469727,-1.000000381469727,1.000000381469727
2024,17,Jonnu Smith,TE,10.6,11.600000381469727,-1.000000381469727,1.000000381469727
2023,5,Patrick Mahomes,QB,20.24,19.239999771118164,1.0000002288818344,1.0000002288818344
2023,6,Bijan Robinson,RB,12.0,13.0,-1.0,1.0
2025,14,Jalen Nailor,WR,7.0,6.0,1.0,1.0
2025,12,Davis Mills,QB,13.53,14.520000457763672,-0.9900004577636725,0.9900004577636725
2025,3,Terry McLaurin,WR,11.39,10.399999618530273,0.9900003814697271,0.9900003814697271
2025,8,Romeo Doubs,WR,10.39,9.399999618530273,0.9900003814697271,0.9900003814697271
2023,3,Jaylen Warren,RB,9.19,8.199999809265137,0.9900001907348628,0.9900001907348628
2025,3,Breece Hall,RB,10.19,9.199999809265137,0.9900001907348628,0.9900001907348628
2025,9,David Montgomery,RB,10.01,11.0,-0.9900000000000002,0.9900000000000002
2025,3,DJ Moore,WR,11.82,12.800000190734863,-0.980000190734863,0.980000190734863
2024,3,Justice Hill,RB,8.38,7.400000095367432,0.9799999046325691,0.9799999046325691
2024,12,Russell Wilson,QB,14.78,13.800000190734863,0.9799998092651361,0.9799998092651361
2023,7,Desmond Ridder,QB,14.78,13.800000190734863,0.9799998092651361,0.9799998092651361
2024,11,Jayden Reed,WR,10.78,9.800000190734863,0.9799998092651361,0.9799998092651361
2024,10,Quentin Johnston,WR,9.42,10.399999618530273,-0.9799996185302735,0.9799996185302735
2023,10,Gabe Davis,WR,10.58,9.600000381469727,0.9799996185302735,0.9799996185302735
2023,9,Garrett Wilson,WR,13.97,13.0,0.9700000000000006,0.9700000000000006
2023,12,Brandon Aiyuk,WR,13.97,13.0,0.9700000000000006,0.9700000000000006
2025,5,Josh Allen,QB,20.39,19.420000076293945,0.9699999237060553,0.9699999237060553
2023,5,Wan'Dale Robinson,WR,7.87,6.900000095367432,0.9699999046325685,0.9699999046325685
2024,7,Garrett Wilson,WR,14.07,13.100000381469727,0.9699996185302737,0.9699996185302737
2024,10,James Cook,RB,14.54,15.5,-0.9600000000000009,0.9600000000000009
2025,5,Nico Collins,WR,15.04,16.0,-0.9600000000000009,0.9600000000000009
2025,4,Sam LaPorta,TE,7.86,6.900000095367432,0.9599999046325687,0.9599999046325687
2025,3,TreVeyon Henderson,RB,6.74,7.699999809265137,-0.9599998092651365,0.9599998092651365
2024,11,Geno Smith,QB,14.78,15.739999771118164,-0.9599997711181647,0.9599997711181647
2025,14,Zach Charbonnet,RB,9.56,8.600000381469727,0.9599996185302739,0.9599996185302739
2025,5,Bo Nix,QB,16.92,17.8799991607666,-0.9599991607665999,0.9599991607665999
2023,3,Jalen Hurts,QB,20.83,19.8799991607666,0.9500008392333967,0.9500008392333967
2025,13,Derrick Henry,RB,18.35,17.399999618530273,0.950000381469728,0.950000381469728
2025,9,Hunter Henry,TE,8.15,9.100000381469727,-0.9500003814697262,0.9500003814697262
2023,12,Khalil Shakir,WR,8.65,7.699999809265137,0.9500001907348636,0.9500001907348636
2025,16,Darren Waller,TE,7.95,7.0,0.9500000000000002,0.9500000000000002
2025,8,Josh Jacobs,RB,14.45,13.5,0.9499999999999993,0.9499999999999993
2024,8,Baker Mayfield,QB,21.35,22.299999237060547,-0.9499992370605455,0.9499992370605455
2023,16,Isaiah Likely,TE,7.66,8.600000381469727,-0.9400003814697264,0.9400003814697264
2024,9,Tucker Kraft,TE,8.54,7.599999904632568,0.9400000953674308,0.9400000953674308
2023,6,Sam LaPorta,TE,8.54,7.599999904632568,0.9400000953674308,0.9400000953674308
2025,14,De'Von Achane,RB,18.44,17.5,0.9400000000000013,0.9400000000000013
2025,9,CeeDee Lamb,WR,14.56,15.5,-0.9399999999999995,0.9399999999999995
2023,4,Matthew Stafford,QB,15.22,16.15999984741211,-0.9399998474121087,0.9399998474121087
2023,15,Trevor Lawrence,QB,15.59,14.65999984741211,0.9300001525878905,0.9300001525878905
2023,9,Dallas Goedert,TE,8.93,8.0,0.9299999999999997,0.9299999999999997
2023,10,Gus Edwards,RB,10.73,9.800000190734863,0.9299998092651371,0.9299998092651371
2023,16,Jaylen Warren,RB,9.47,10.399999618530273,-0.9299996185302728,0.9299996185302728
2023,15,Joe Mixon,RB,14.18,15.100000381469727,-0.9200003814697268,0.9200003814697268
2023,6,C.J. Stroud,QB,15.08,14.15999984741211,0.9200001525878907,0.9200001525878907
2024,4,Garrett Wilson,WR,8.02,7.099999904632568,0.9200000953674312,0.9200000953674312
2024,3,DeVonta Smith,WR,13.98,14.899999618530273,-0.919999618530273,0.919999618530273
2025,7,Josh Jacobs,RB,19.71,18.799999237060547,0.910000762939454,0.910000762939454
2024,12,Ladd McConkey,WR,13.39,14.300000190734863,-0.9100001907348627,0.9100001907348627
2025,9,Oronde Gadsden II,TE,10.89,11.800000190734863,-0.9100001907348627,0.9100001907348627
2023,10,Zach Wilson,QB,13.01,13.920000076293945,-0.9100000762939455,0.9100000762939455
2024,5,James Conner,RB,13.09,14.0,-0.9100000000000001,0.9100000000000001
2023,6,Javonte Williams,RB,8.1,7.199999809265137,0.9000001907348629,0.9000001907348629
2024,10,George Kittle,TE,15.6,14.699999809265137,0.9000001907348629,0.9000001907348629
2023,6,Tyjae Spears,RB,8.2,7.300000190734863,0.899999809265136,0.899999809265136
2024,13,Alvin Kamara,RB,15.0,15.899999618530273,-0.8999996185302734,0.8999996185302734
2024,9,James Conner,RB,14.0,14.899999618530273,-0.8999996185302734,0.8999996185302734
2024,14,Russell Wilson,QB,16.92,16.020000457763672,0.8999995422363298,0.8999995422363298
2024,14,Sam LaPorta,TE,11.29,10.399999618530273,0.8900003814697257,0.8900003814697257
2023,6,Evan Engram,TE,10.21,11.100000381469727,-0.8900003814697257,0.8900003814697257
2023,9,Jordan Love,QB,14.71,13.819999694824219,0.8900003051757821,0.8900003051757821
2025,9,George Pickens,WR,13.01,13.899999618530273,-0.8899996185302737,0.8899996185302737
2025,8,Chuba Hubbard,RB,10.28,9.399999618530273,0.8800003814697259,0.8800003814697259
2024,6,Austin Ekeler,RB,9.92,10.800000190734863,-0.8800001907348634,0.8800001907348634
2023,4,Rachaad White,RB,9.92,10.800000190734863,-0.8800001907348634,0.8800001907348634
2024,15,T.J. Hockenson,TE,9.32,10.199999809265137,-0.8799998092651364,0.8799998092651364
2023,9,Chig Okonkwo,TE,6.68,5.800000190734863,0.8799998092651364,0.8799998092651364
2024,9,Drake Maye,QB,14.86,15.739999771118164,-0.8799997711181646,0.8799997711181646
2023,17,Brian Robinson,RB,10.73,11.600000381469727,-0.8700003814697261,0.8700003814697261
2025,10,Jakobi Meyers,WR,7.97,7.099999904632568,0.8700000953674314,0.8700000953674314
2024,15,Michael Pittman,WR,8.94,9.800000190734863,-0.8600001907348638,0.8600001907348638
2023,10,Jonathan Taylor,RB,13.64,14.5,-0.8599999999999994,0.8599999999999994
2023,17,Devin Singletary,RB,12.46,11.600000381469727,0.8599996185302743,0.8599996185302743
2024,14,Jahmyr Gibbs,RB,18.44,19.299999237060547,-0.8599992370605456,0.8599992370605456
2024,3,Deshaun Watson,QB,15.59,16.440000534057617,-0.8500005340576173,0.8500005340576173
2024,17,J.K. Dobbins,RB,14.45,15.300000190734863,-0.850000190734864,0.850000190734864
2025,5,Chig Okonkwo,TE,7.95,8.800000190734863,-0.8500001907348631,0.8500001907348631
2023,6,Stefon Diggs,WR,20.85,20.0,0.8500000000000014,0.8500000000000014
2024,17,Xavier Legette,WR,8.65,7.800000190734863,0.8499998092651371,0.8499998092651371
2025,4,Hunter Henry,TE,11.05,11.899999618530273,-0.8499996185302727,0.8499996185302727
2025,9,Deebo Samuel Sr.,WR,8.55,9.399999618530273,-0.8499996185302727,0.8499996185302727
2024,5,Dak Prescott,QB,17.22,16.3799991607666,0.8400008392333973,0.8400008392333973
2025,11,Davis Mills,QB,15.52,16.360000610351562,-0.8400006103515629,0.8400006103515629
2023,9,Kareem Hunt,RB,10.64,9.800000190734863,0.8399998092651373,0.8399998092651373
2025,17,Jauan Jennings,WR,11.36,12.199999809265137,-0.8399998092651373,0.8399998092651373
2024,11,Rhamondre Stevenson,RB,13.73,12.899999618530273,0.830000381469727,0.830000381469727
2023,3,Gabe Davis,WR,11.13,10.300000190734863,0.8299998092651375,0.8299998092651375
2024,6,Ladd McConkey,WR,9.13,8.300000190734863,0.8299998092651375,0.8299998092651375
2025,15,Parker Washington,WR,7.48,8.300000190734863,-0.8200001907348629,0.8200001907348629
2023,7,Isiah Pacheco,RB,15.18,16.0,-0.8200000000000003,0.8200000000000003
2025,17,Kyren Williams,RB,15.18,16.0,-0.8200000000000003,0.8200000000000003
2024,5,Tyler Lockett,WR,10.68,11.5,-0.8200000000000003,0.8200000000000003
2023,9,Miles Sanders,RB,8.29,9.100000381469727,-0.8100003814697274,0.8100003814697274
2024,11,Justice Hill,RB,7.29,8.100000381469727,-0.8100003814697265,0.8100003814697265
2024,12,Jauan Jennings,WR,9.81,9.0,0.8100000000000005,0.8100000000000005
2023,4,Dak Prescott,QB,15.15,14.34000015258789,0.8099998474121097,0.8099998474121097
2023,16,Patrick Mahomes,QB,17.51,16.700000762939453,0.8099992370605484,0.8099992370605484
2025,15,De'Von Achane,RB,17.9,18.700000762939453,-0.8000007629394545,0.8000007629394545
2025,14,Caleb Williams,QB,15.74,14.9399995803833,0.8000004196166994,0.8000004196166994
2023,16,A.J. Brown,WR,13.2,14.0,-0.8000000000000007,0.8000000000000007
2024,12,Jordan Love,QB,15.52,14.720000267028809,0.799999732971191,0.799999732971191
2024,8,J.K. Dobbins,RB,16.0,16.799999237060547,-0.7999992370605469,0.7999992370605469
2025,9,Justin Jefferson,WR,15.91,16.700000762939453,-0.790000762939453,0.790000762939453
2023,3,Marquise Brown,WR,16.31,17.100000381469727,-0.7900003814697278,0.7900003814697278
2025,11,Kyren Williams,RB,15.81,16.600000381469727,-0.7900003814697261,0.7900003814697261
2024,13,DK Metcalf,WR,9.81,10.600000381469727,-0.7900003814697261,0.7900003814697261
2023,10,Dalton Schultz,TE,10.31,11.100000381469727,-0.7900003814697261,0.7900003814697261
2024,16,Puka Nacua,WR,12.81,13.600000381469727,-0.7900003814697261,0.7900003814697261
2025,10,J.K. Dobbins,RB,10.19,9.399999618530273,0.7900003814697261,0.7900003814697261
2023,13,Tyler Lockett,WR,10.49,9.699999809265137,0.7900001907348635,0.7900001907348635
2023,7,Darnell Mooney,WR,6.61,7.400000095367432,-0.7900000953674313,0.7900000953674313
2024,5,Noah Fant,TE,6.19,5.400000095367432,0.7899999046325688,0.7899999046325688
2025,5,Dallas Goedert,TE,10.11,10.899999618530273,-0.789999618530274,0.789999618530274
2023,3,Michael Wilson,WR,11.39,10.600000381469727,0.789999618530274,0.789999618530274
2024,9,Kirk Cousins,QB,17.0,17.780000686645508,-0.7800006866455078,0.7800006866455078
2023,7,Tutu Atwell,WR,9.32,10.100000381469727,-0.7800003814697263,0.7800003814697263
2023,6,T.J. Hockenson,TE,11.78,11.0,0.7799999999999994,0.7799999999999994
2025,12,Zach Charbonnet,RB,10.28,9.5,0.7799999999999994,0.7799999999999994
2025,14,Tyler Allgeier,RB,7.92,8.699999809265137,-0.7799998092651368,0.7799998092651368
2023,9,Chuba Hubbard,RB,9.92,10.699999809265137,-0.7799998092651368,0.7799998092651368
2025,8,Calvin Austin III,WR,7.58,6.800000190734863,0.7799998092651368,0.7799998092651368
2023,17,Trey McBride,TE,11.58,10.800000190734863,0.7799998092651368,0.7799998092651368
2025,13,Woody Marks,RB,8.47,7.699999809265137,0.7700001907348639,0.7700001907348639
2024,4,Tyler Conklin,TE,6.47,5.699999809265137,0.770000190734863,0.770000190734863
2025,13,Keenan Allen,WR,7.77,7.0,0.7699999999999996,0.7699999999999996
2023,16,Austin Ekeler,RB,12.37,11.600000381469727,0.7699996185302727,0.7699996185302727
2023,10,Christian McCaffrey,RB,19.44,20.200000762939453,-0.7600007629394518,0.7600007629394518
2024,3,Jordan Akins,TE,6.14,6.900000095367432,-0.760000095367432,0.760000095367432
2024,12,Lamar Jackson,QB,23.34,22.579999923706055,0.7600000762939452,0.7600000762939452
2024,8,Jared Goff,QB,16.26,15.5,0.7600000000000016,0.7600000000000016
2023,7,Luke Musgrave,TE,7.76,7.0,0.7599999999999998,0.7599999999999998
2025,10,Colston Loveland,TE,8.74,9.5,-0.7599999999999998,0.7599999999999998
2023,14,Dallas Goedert,TE,7.76,7.0,0.7599999999999998,0.7599999999999998
2025,16,Khalil Shakir,WR,8.16,7.400000095367432,0.7599999046325685,0.7599999046325685
2024,9,Raheem Mostert,RB,9.56,8.800000190734863,0.7599998092651372,0.7599998092651372
2024,17,Deebo Samuel Sr.,WR,8.35,9.100000381469727,-0.7500003814697269,0.7500003814697269
2025,12,Woody Marks,RB,8.65,7.900000095367432,0.7499999046325687,0.7499999046325687
2025,12,Daniel Jones,QB,17.59,16.84000015258789,0.7499998474121092,0.7499998474121092
2025,17,Romeo Doubs,WR,8.45,9.199999809265137,-0.7499998092651374,0.7499998092651374
2025,10,Puka Nacua,WR,18.14,17.399999618530273,0.7400003814697271,0.7400003814697271
2023,16,Terry McLaurin,WR,8.74,8.0,0.7400000000000002,0.7400000000000002
2024,9,Darius Slayton,WR,8.26,9.0,-0.7400000000000002,0.7400000000000002
2023,4,Trevor Lawrence,QB,15.74,16.479999542236328,-0.7399995422363279,0.7399995422363279
2023,3,Jared Goff,QB,17.29,18.020000457763672,-0.7300004577636727,0.7300004577636727
2025,14,Xavier Worthy,WR,7.77,8.5,-0.7300000000000004,0.7300000000000004
2023,13,Jared Goff,QB,15.59,16.31999969482422,-0.7299996948242189,0.7299996948242189
2024,4,Drake London,WR,13.12,12.399999618530273,0.7200003814697258,0.7200003814697258
2024,15,Zay Flowers,WR,10.58,11.300000190734863,-0.7200001907348632,0.7200001907348632
2025,16,Tony Pollard,RB,10.92,10.199999809265137,0.7200001907348632,0.7200001907348632
2024,11,Travis Etienne,RB,7.02,6.300000190734863,0.7199998092651363,0.7199998092651363
2024,16,Kenneth Walker III,RB,13.18,13.899999618530273,-0.7199996185302737,0.7199996185302737
2025,16,Jakobi Meyers,WR,9.32,8.600000381469727,0.7199996185302737,0.7199996185302737
2023,11,Jakobi Meyers,WR,9.61,8.899999618530273,0.710000381469726,0.710000381469726
2024,3,Tyler Lockett,WR,8.89,9.600000381469727,-0.710000381469726,0.710000381469726
2025,4,Dalton Kincaid,TE,9.09,9.800000190734863,-0.7100001907348634,0.7100001907348634
2024,9,Noah Brown,WR,10.29,11.0,-0.7100000000000009,0.7100000000000009
2023,13,Russell Wilson,QB,16.55,15.84000015258789,0.7099998474121101,0.7099998474121101
2023,16,Roschon Johnson,RB,9.01,8.300000190734863,0.7099998092651365,0.7099998092651365
2025,16,Troy Franklin,WR,9.9,10.600000381469727,-0.7000003814697262,0.7000003814697262
2025,3,Kyle Pitts,TE,7.2,7.900000095367432,-0.7000000953674315,0.7000000953674315
2024,5,C.J. Stroud,QB,16.63,15.9399995803833,0.6900004196166982,0.6900004196166982
2023,17,Cooper Kupp,WR,13.39,12.699999809265137,0.6900001907348638,0.6900001907348638
2023,14,David Montgomery,RB,12.19,11.5,0.6899999999999995,0.6899999999999995
2023,3,Javonte Williams,RB,9.19,8.5,0.6899999999999995,0.6899999999999995
2025,15,Rhamondre Stevenson,RB,10.01,10.699999809265137,-0.6899998092651369,0.6899998092651369
2025,6,Kenny Gainwell,RB,8.92,9.600000381469727,-0.6800003814697266,0.6800003814697266
2023,9,Jayden Reed,WR,7.68,7.0,0.6799999999999997,0.6799999999999997
2023,14,Devin Singletary,RB,11.82,12.5,-0.6799999999999997,0.6799999999999997
2023,13,David Montgomery,RB,11.82,12.5,-0.6799999999999997,0.6799999999999997
2024,10,Rico Dowdle,RB,9.28,8.600000381469727,0.6799996185302728,0.6799996185302728
2025,4,Tony Pollard,RB,11.28,10.600000381469727,0.6799996185302728,0.6799996185302728
2025,14,Bo Nix,QB,15.3,15.979999542236328,-0.6799995422363274,0.6799995422363274
2023,11,Christian McCaffrey,RB,20.62,21.299999237060547,-0.6799992370605459,0.6799992370605459
2024,8,A.J. Brown,WR,14.07,13.399999618530273,0.6700003814697268,0.6700003814697268
2023,4,Logan Thomas,TE,6.63,7.300000190734863,-0.6700001907348634,0.6700001907348634
2025,4,Tyreek Hill,WR,13.37,12.699999809265137,0.6700001907348625,0.6700001907348625
2023,8,D'Andre Swift,RB,13.73,14.399999618530273,-0.669999618530273,0.669999618530273
2023,4,DK Metcalf,WR,11.73,12.399999618530273,-0.669999618530273,0.669999618530273
2023,16,DK Metcalf,WR,14.94,15.600000381469727,-0.6600003814697271,0.6600003814697271
2023,14,Kyren Williams,RB,13.64,14.300000190734863,-0.6600001907348627,0.6600001907348627
2023,15,Chig Okonkwo,TE,7.26,6.599999904632568,0.6600000953674314,0.6600000953674314
2025,12,Sam Darnold,QB,17.0,17.65999984741211,-0.6599998474121094,0.6599998474121094
2024,10,Malik Nabers,WR,11.46,10.800000190734863,0.6599998092651376,0.6599998092651376
2024,3,Jordan Mason,RB,11.46,10.800000190734863,0.6599998092651376,0.6599998092651376
2023,11,Logan Thomas,TE,8.15,8.800000190734863,-0.6500001907348629,0.6500001907348629
2025,8,Evan Engram,TE,8.25,7.599999904632568,0.6500000953674316,0.6500000953674316
2025,7,Rashid Shaheed,WR,8.65,8.0,0.6500000000000004,0.6500000000000004
2023,11,Joshua Dobbs,QB,17.59,16.940000534057617,0.6499994659423827,0.6499994659423827
2025,12,Kenneth Walker III,RB,12.46,13.100000381469727,-0.6400003814697257,0.6400003814697257
2025,8,DeVonta Smith,WR,15.04,14.399999618530273,0.6400003814697257,0.6400003814697257
2025,13,Emeka Egbuka,WR,8.84,8.199999809265137,0.6400001907348631,0.6400001907348631
2025,9,Rashid Shaheed,WR,11.16,11.800000190734863,-0.6400001907348631,0.6400001907348631
2025,13,Rhamondre Stevenson,RB,11.64,11.0,0.6400000000000006,0.6400000000000006
2025,8,Cade Otton,TE,8.64,8.0,0.6400000000000006,0.6400000000000006
2023,15,Adam Thielen,WR,8.94,8.300000190734863,0.6399998092651362,0.6399998092651362
2025,3,DK Metcalf,WR,11.56,12.199999809265137,-0.6399998092651362,0.6399998092651362
2024,13,Jaxon Smith-Njigba,WR,11.26,11.899999618530273,-0.6399996185302737,0.6399996185302737
2024,17,Saquon Barkley,RB,19.53,18.899999618530273,0.6300003814697277,0.6300003814697277
2024,17,Najee Harris,RB,9.47,10.100000381469727,-0.6300003814697259,0.6300003814697259
2023,6,Brandon Aiyuk,WR,10.97,11.600000381469727,-0.6300003814697259,0.6300003814697259
2023,8,Geno Smith,QB,14.49,13.859999656677246,0.6300003433227541,0.6300003433227541
2025,15,Baker Mayfield,QB,18.55,19.18000030517578,-0.6300003051757805,0.6300003051757805
2023,4,Ja'Marr Chase,WR,14.93,14.300000190734863,0.6299998092651364,0.6299998092651364
2025,13,Ashton Jeanty,RB,12.73,12.100000381469727,0.6299996185302739,0.6299996185302739
2024,8,James Conner,RB,14.27,14.899999618530273,-0.6299996185302739,0.6299996185302739
2025,4,Jalen Hurts,QB,20.02,19.399999618530273,0.6200003814697261,0.6200003814697261
2025,9,Troy Franklin,WR,7.68,8.300000190734863,-0.6200001907348636,0.6200001907348636
2023,8,Adam Thielen,WR,15.82,15.199999809265137,0.6200001907348636,0.6200001907348636
2023,17,Tua Tagovailoa,QB,14.26,14.880000114440918,-0.6200001144409182,0.6200001144409182
2023,5,Trevor Lawrence,QB,15.08,15.699999809265137,-0.6199998092651366,0.6199998092651366
2023,3,Chris Olave,WR,17.78,18.399999618530273,-0.6199996185302723,0.6199996185302723
2025,6,RJ Harvey,RB,7.11,6.5,0.6100000000000003,0.6100000000000003
2023,5,Jerry Jeudy,WR,10.39,11.0,-0.6099999999999994,0.6099999999999994
2025,8,Nick Chubb,RB,8.29,8.899999618530273,-0.6099996185302743,0.6099996185302743
2025,16,Keenan Allen,WR,10.0,9.399999618530273,0.6000003814697266,0.6000003814697266
2023,5,Isiah Pacheco,RB,14.0,13.399999618530273,0.6000003814697266,0.6000003814697266
2023,7,Davante Adams,WR,13.3,12.699999809265137,0.600000190734864,0.600000190734864
2025,17,Woody Marks,RB,9.1,8.5,0.5999999999999996,0.5999999999999996
2023,6,Christian Kirk,WR,13.3,13.899999618530273,-0.5999996185302727,0.5999996185302727
2023,8,Rashee Rice,WR,10.2,9.600000381469727,0.5999996185302727,0.5999996185302727
2023,16,Dak Prescott,QB,18.03,18.6200008392334,-0.5900008392333973,0.5900008392333973
2025,17,Jacoby Brissett,QB,17.07,16.479999542236328,0.5900004577636722,0.5900004577636722
2023,8,Mike Evans,WR,13.49,12.899999618530273,0.5900003814697268,0.5900003814697268
2023,6,Antonio Gibson,RB,8.01,8.600000381469727,-0.5900003814697268,0.5900003814697268
2025,3,Travis Etienne,RB,12.19,11.600000381469727,0.5899996185302729,0.5899996185302729
2025,17,Joe Burrow,QB,20.98,20.399999618530273,0.580000381469727,0.580000381469727
2024,4,Jauan Jennings,WR,11.22,11.800000190734863,-0.5800001907348626,0.5800001907348626
2025,13,Puka Nacua,WR,13.78,13.199999809265137,0.5800001907348626,0.5800001907348626
2025,16,Jayden Reed,WR,7.68,7.099999904632568,0.5800000953674314,0.5800000953674314
2025,4,Jaxon Smith-Njigba,WR,12.42,13.0,-0.5800000000000001,0.5800000000000001
2024,6,Justin Herbert,QB,14.26,13.680000305175781,0.5799996948242185,0.5799996948242185
2025,11,DK Metcalf,WR,9.32,9.899999618530273,-0.5799996185302732,0.5799996185302732
2023,12,Evan Engram,TE,9.32,9.899999618530273,-0.5799996185302732,0.5799996185302732
2025,14,Khalil Shakir,WR,9.03,9.600000381469727,-0.5700003814697272,0.5700003814697272
2024,6,Chuba Hubbard,RB,14.73,15.300000190734863,-0.5700001907348629,0.5700001907348629
2025,16,Aaron Rodgers,QB,16.11,15.539999961853027,0.5700000381469721,0.5700000381469721
2025,6,Sam Darnold,QB,19.43,20.0,-0.5700000000000003,0.5700000000000003
2023,4,Alexander Mattison,RB,11.37,10.800000190734863,0.5699998092651359,0.5699998092651359
2024,16,Rome Odunze,WR,9.13,9.699999809265137,-0.5699998092651359,0.5699998092651359
2024,14,Caleb Williams,QB,14.63,14.0600004196167,0.5699995803833016,0.5699995803833016
2025,16,Jalen Coker,WR,8.26,7.699999809265137,0.5600001907348631,0.5600001907348631
2025,11,Keenan Allen,WR,8.74,9.300000190734863,-0.5600001907348631,0.5600001907348631
2024,11,Amari Cooper,WR,8.06,7.5,0.5600000000000005,0.5600000000000005
2024,16,Joe Burrow,QB,22.53,21.979999542236328,0.550000457763673,0.550000457763673
2025,15,Jordan Love,QB,14.49,13.9399995803833,0.5500004196166994,0.5500004196166994
2024,16,Jauan Jennings,WR,8.55,9.100000381469727,-0.5500003814697259,0.5500003814697259
2023,7,Kyle Pitts,TE,8.25,7.699999809265137,0.5500001907348633,0.5500001907348633
2024,9,Baker Mayfield,QB,18.55,18.0,0.5500000000000007,0.5500000000000007
2025,17,Brian Thomas Jr.,WR,8.45,7.900000095367432,0.5499999046325676,0.5499999046325676
2025,15,Devin Neal,RB,9.65,10.199999809265137,-0.5499998092651364,0.5499998092651364
2024,8,Isaiah Likely,TE,8.15,8.699999809265137,-0.5499998092651364,0.5499998092651364
2023,12,Javonte Williams,RB,9.56,10.100000381469727,-0.5400003814697261,0.5400003814697261
2023,17,Kareem Hunt,RB,8.56,9.100000381469727,-0.5400003814697261,0.5400003814697261
2025,14,Juwan Johnson,TE,8.34,7.800000190734863,0.5399998092651366,0.5399998092651366
2025,4,Tetairoa McMillan,WR,9.66,10.199999809265137,-0.5399998092651366,0.5399998092651366
2025,12,DeVonta Smith,WR,14.36,14.899999618530273,-0.539999618530274,0.539999618530274
2023,8,Keenan Allen,WR,14.36,14.899999618530273,-0.539999618530274,0.539999618530274
2025,6,Baker Mayfield,QB,20.17,19.639999389648438,0.5300006103515642,0.5300006103515642
2025,4,Jordan Mason,RB,10.73,10.199999809265137,0.5300001907348637,0.5300001907348637
2023,16,Jerome Ford,RB,9.83,9.300000190734863,0.5299998092651368,0.5299998092651368
2023,5,Kenny Pickett,QB,11.83,12.359999656677246,-0.529999656677246,0.529999656677246
2023,7,Jerry Jeudy,WR,10.87,11.399999618530273,-0.5299996185302742,0.5299996185302742
2023,14,Gardner Minshew,QB,14.63,14.100000381469727,0.5299996185302742,0.5299996185302742
2024,12,Rome Odunze,WR,9.42,8.899999618530273,0.5200003814697265,0.5200003814697265
2024,17,Rico Dowdle,RB,9.28,9.800000190734863,-0.5200001907348639,0.5200001907348639
2025,14,T.J. Hockenson,TE,9.72,9.199999809265137,0.5200001907348639,0.5200001907348639
2025,16,Aaron Jones,RB,11.82,11.300000190734863,0.519999809265137,0.519999809265137
2024,10,Josh Downs,WR,13.68,14.199999809265137,-0.519999809265137,0.519999809265137
2024,3,Will Levis,QB,14.12,13.600000381469727,0.5199996185302727,0.5199996185302727
2023,8,Jordan Love,QB,15.08,14.5600004196167,0.5199995803833009,0.5199995803833009
2024,10,Bo Nix,QB,15.59,16.100000381469727,-0.5100003814697267,0.5100003814697267
2024,13,Michael Pittman,WR,9.71,9.199999809265137,0.5100001907348641,0.5100001907348641
2025,12,Brock Bowers,TE,10.99,11.5,-0.5099999999999998,0.5099999999999998
2024,10,Kyle Pitts,TE,10.01,9.5,0.5099999999999998,0.5099999999999998
2025,10,Tetairoa McMillan,WR,10.49,11.0,-0.5099999999999998,0.5099999999999998
2025,5,A.J. Brown,WR,9.81,9.300000190734863,0.5099998092651372,0.5099998092651372
2024,10,David Montgomery,RB,12.1,12.600000381469727,-0.5000003814697269,0.5000003814697269
2023,6,DeVonta Smith,WR,9.9,9.399999618530273,0.5000003814697269,0.5000003814697269
2024,10,Keenan Allen,WR,9.9,9.399999618530273,0.5000003814697269,0.5000003814697269
2023,14,Amari Cooper,WR,13.2,12.699999809265137,0.5000001907348626,0.5000001907348626
2023,7,K.J. Osborn,WR,10.2,9.699999809265137,0.5000001907348626,0.5000001907348626
2025,10,Josh Allen,QB,18.84,19.34000015258789,-0.5000001525878908,0.5000001525878908
2023,14,Russell Wilson,QB,15.96,15.460000038146973,0.4999999618530282,0.4999999618530282
2025,8,Juwan Johnson,TE,10.8,10.300000190734863,0.49999980926513743,0.49999980926513743
2025,9,Kyren Williams,RB,16.9,17.399999618530273,-0.49999961853027486,0.49999961853027486
2025,13,Christian McCaffrey,RB,16.9,17.399999618530273,-0.49999961853027486,0.49999961853027486
2024,17,Zach Charbonnet,RB,11.1,10.600000381469727,0.4999996185302731,0.4999996185302731
2023,17,Dak Prescott,QB,19.8,20.299999237060547,-0.49999923706054616,0.49999923706054616
2023,15,Matthew Stafford,QB,18.03,18.520000457763672,-0.49000045776367074,0.49000045776367074
2023,17,Garrett Wilson,WR,10.39,9.899999618530273,0.49000038146972713,0.49000038146972713
2023,13,Tee Higgins,WR,7.09,6.599999904632568,0.4900000953674315,0.4900000953674315
2023,13,Tyler Higbee,TE,5.99,5.5,0.4900000000000002,0.4900000000000002
2024,11,Davante Adams,WR,12.71,13.199999809265137,-0.48999980926513587,0.48999980926513587
2025,11,De'Von Achane,RB,21.98,21.5,0.4800000000000004,0.4800000000000004
2024,4,Greg Dortch,WR,8.28,7.800000190734863,0.4799998092651361,0.4799998092651361
2023,12,Jordan Addison,WR,9.42,9.899999618530273,-0.4799996185302735,0.4799996185302735
2025,13,George Pickens,WR,17.27,16.799999237060547,0.4700007629394527,0.4700007629394527
2024,11,Patrick Mahomes,QB,15.37,15.84000015258789,-0.4700001525878914,0.4700001525878914
2025,5,Davante Adams,WR,14.27,13.800000190734863,0.4699998092651363,0.4699998092651363
2024,7,Geno Smith,QB,18.25,17.780000686645508,0.4699993133544922,0.4699993133544922
2025,4,Baker Mayfield,QB,18.4,18.860000610351562,-0.4600006103515639,0.4600006103515639
2023,17,Chuba Hubbard,RB,10.64,11.100000381469727,-0.460000381469726,0.460000381469726
2023,15,CeeDee Lamb,WR,18.14,18.600000381469727,-0.460000381469726,0.460000381469726
2023,4,Davante Adams,WR,15.96,15.5,0.46000000000000085,0.46000000000000085
2025,15,Juwan Johnson,TE,7.46,7.0,0.45999999999999996,0.45999999999999996
2023,4,Jahmyr Gibbs,RB,9.56,9.100000381469727,0.45999961853027393,0.45999961853027393
2025,13,Drake Maye,QB,20.02,20.479999542236328,-0.45999954223632855,0.45999954223632855
2023,5,Dameon Pierce,RB,9.65,9.199999809265137,0.45000019073486364,0.45000019073486364
2025,16,Chris Godwin Jr.,WR,8.45,8.0,0.4499999999999993,0.4499999999999993
2025,6,Tre Tucker,WR,11.55,12.0,-0.4499999999999993,0.4499999999999993
2025,17,Terry McLaurin,WR,11.75,11.300000190734863,0.4499998092651367,0.4499998092651367
2025,10,Harold Fannin Jr.,TE,7.95,8.399999618530273,-0.44999961853027326,0.44999961853027326
2025,17,A.J. Brown,WR,11.36,11.800000190734863,-0.44000019073486385,0.44000019073486385
2024,17,Isaiah Likely,TE,7.46,7.900000095367432,-0.4400000953674317,0.4400000953674317
2023,15,Darren Waller,TE,8.44,8.0,0.4399999999999995,0.4399999999999995
2024,15,DJ Moore,WR,14.56,15.0,-0.4399999999999995,0.4399999999999995
2023,8,DK Metcalf,WR,11.26,11.699999809265137,-0.43999980926513693,0.43999980926513693
2024,6,George Pickens,WR,8.74,8.300000190734863,0.43999980926513693,0.43999980926513693
2024,10,Jameson Williams,WR,8.74,8.300000190734863,0.43999980926513693,0.43999980926513693
2024,5,Cole Kmet,TE,9.13,8.699999809265137,0.43000019073486406,0.43000019073486406
2025,12,Patrick Mahomes,QB,17.51,17.079999923706055,0.4300000762939469,0.4300000762939469
2023,12,Cade Otton,TE,8.93,8.5,0.4299999999999997,0.4299999999999997
2024,14,Trey McBride,TE,14.43,14.0,0.4299999999999997,0.4299999999999997
2024,6,Tee Higgins,WR,14.27,14.699999809265137,-0.42999980926513715,0.42999980926513715
2023,3,Terry McLaurin,WR,10.53,10.100000381469727,0.4299996185302728,0.4299996185302728
2025,9,Tetairoa McMillan,WR,9.03,8.600000381469727,0.4299996185302728,0.4299996185302728
2023,10,Christian Kirk,WR,13.97,14.399999618530273,-0.4299996185302728,0.4299996185302728
2023,9,Michael Pittman,WR,13.97,14.399999618530273,-0.4299996185302728,0.4299996185302728
2023,13,Tony Pollard,RB,17.72,17.299999237060547,0.420000762939452,0.420000762939452
2024,11,Justin Jefferson,WR,13.68,14.100000381469727,-0.42000038146972685,0.42000038146972685
2025,4,Mark Andrews,TE,9.58,10.0,-0.41999999999999993,0.41999999999999993
2025,5,Khalil Shakir,WR,10.58,11.0,-0.41999999999999993,0.41999999999999993
2025,9,T.J. Hockenson,TE,9.52,9.100000381469727,0.419999618530273,0.419999618530273
2025,14,Jameson Williams,WR,16.88,17.299999237060547,-0.41999923706054787,0.41999923706054787
2023,13,Sam Howell,QB,18.77,19.18000030517578,-0.4100003051757817,0.4100003051757817
2025,13,Tyler Warren,TE,10.8,11.199999809265137,-0.399999809265136,0.399999809265136
2025,12,Michael Pittman,WR,13.3,13.699999809265137,-0.399999809265136,0.399999809265136
2023,6,Mark Andrews,TE,11.29,10.899999618530273,0.3900003814697257,0.3900003814697257
2024,16,Rhamondre Stevenson,RB,11.91,12.300000190734863,-0.39000019073486314,0.39000019073486314
2025,14,Alec Pierce,WR,13.39,13.0,0.39000000000000057,0.39000000000000057
2025,4,James Cook,RB,22.89,22.5,0.39000000000000057,0.39000000000000057
2025,5,Chase Brown,RB,12.19,11.800000190734863,0.3899998092651362,0.3899998092651362
2024,13,Zay Flowers,WR,10.49,10.100000381469727,0.38999961853027365,0.38999961853027365
2025,13,Kenneth Walker III,RB,10.01,10.399999618530273,-0.38999961853027365,0.38999961853027365
2023,3,Stefon Diggs,WR,18.72,19.100000381469727,-0.3800003814697277,0.3800003814697277
2023,4,DeAndre Hopkins,WR,9.92,10.300000190734863,-0.38000019073486335,0.38000019073486335
2023,11,Brandin Cooks,WR,7.58,7.199999809265137,0.38000019073486335,0.38000019073486335
2025,5,Chris Olave,WR,12.52,12.899999618530273,-0.37999961853027386,0.37999961853027386
2025,7,Tony Pollard,RB,11.73,12.100000381469727,-0.37000038146972614,0.37000038146972614
2025,4,Kyler Murray,QB,15.74,16.100000381469727,-0.36000038146972635,0.36000038146972635
2024,13,Xavier Legette,WR,8.94,9.300000190734863,-0.3600001907348638,0.3600001907348638
2023,10,Jaxon Smith-Njigba,WR,8.94,9.300000190734863,-0.3600001907348638,0.3600001907348638
2024,8,Christian Kirk,WR,8.26,7.900000095367432,0.35999990463256815,0.35999990463256815
2025,8,Wan'Dale Robinson,WR,8.16,7.800000190734863,0.35999980926513686,0.35999980926513686
2023,16,Chuba Hubbard,RB,12.46,12.100000381469727,0.3599996185302743,0.3599996185302743
2025,13,Juwan Johnson,TE,8.54,8.899999618530273,-0.3599996185302743,0.3599996185302743
2025,5,Daniel Jones,QB,16.33,16.68000030517578,-0.35000030517578296,0.35000030517578296
2024,13,Joe Burrow,QB,18.91,19.260000228881836,-0.3500002288818358,0.3500002288818358
2025,8,Hunter Henry,TE,8.05,7.699999809265137,0.350000190734864,0.350000190734864
2025,5,Wan'Dale Robinson,WR,8.55,8.199999809265137,0.350000190734864,0.350000190734864
2024,4,Jerry Jeudy,WR,13.55,13.199999809265137,0.350000190734864,0.350000190734864
2023,13,Jerry Jeudy,WR,8.45,8.100000381469727,0.3499996185302727,0.3499996185302727
2023,4,Jordan Love,QB,17.29,17.639999389648438,-0.34999938964843835,0.34999938964843835
2023,5,D'Andre Swift,RB,16.45,16.799999237060547,-0.3499992370605476,0.3499992370605476
2023,15,Jaylen Warren,RB,11.46,11.800000190734863,-0.34000019073486243,0.34000019073486243
2024,5,Michael Pittman,WR,14.36,14.699999809265137,-0.3399998092651373,0.3399998092651373
2025,8,Ja'Marr Chase,WR,21.44,21.100000381469727,0.3399996185302747,0.3399996185302747
2024,15,DeAndre Hopkins,WR,8.94,8.600000381469727,0.33999961853027294,0.33999961853027294
2024,11,Brock Purdy,QB,18.03,18.360000610351562,-0.33000061035156136,0.33000061035156136
2025,14,Kimani Vidal,RB,11.73,11.399999618530273,0.330000381469727,0.330000381469727
2023,9,DJ Chark,WR,9.23,8.899999618530273,0.330000381469727,0.330000381469727
2024,9,Justice Hill,RB,8.47,8.800000190734863,-0.33000019073486264,0.33000019073486264
2025,4,Trey McBride,TE,11.87,12.199999809265137,-0.3299998092651375,0.3299998092651375
2025,17,Travis Kelce,TE,8.93,8.600000381469727,0.32999961853027315,0.32999961853027315
2025,13,Bo Nix,QB,16.77,16.440000534057617,0.3299994659423824,0.3299994659423824
2025,9,Christian Watson,WR,7.48,7.800000190734863,-0.32000019073486285,0.32000019073486285
2023,11,Luke Musgrave,TE,6.48,6.800000190734863,-0.32000019073486285,0.32000019073486285
2025,4,Sam Darnold,QB,16.4,16.079999923706055,0.3200000762939439,0.3200000762939439
2025,17,Tyler Warren,TE,9.62,9.300000190734863,0.31999980926513594,0.31999980926513594
2024,5,Rachaad White,RB,9.92,9.600000381469727,0.31999961853027337,0.31999961853027337
2025,11,Jauan Jennings,WR,9.71,9.399999618530273,0.3100003814697274,0.3100003814697274
2024,14,Jerome Ford,RB,8.01,7.699999809265137,0.31000019073486307,0.31000019073486307
2024,5,Najee Harris,RB,10.01,9.699999809265137,0.31000019073486307,0.31000019073486307
2025,9,Elic Ayomanor,WR,7.29,7.599999904632568,-0.3099999046325683,0.3099999046325683
2023,4,Marquise Brown,WR,16.91,16.600000381469727,0.3099996185302736,0.3099996185302736
2023,7,Jordan Love,QB,15.0,15.300000190734863,-0.3000001907348633,0.3000001907348633
2023,9,Rashee Rice,WR,10.0,9.699999809265137,0.3000001907348633,0.3000001907348633
2024,16,Russell Wilson,QB,15.08,15.380000114440918,-0.3000001144409179,0.3000001144409179
2024,8,Alexander Mattison,RB,9.1,9.399999618530273,-0.2999996185302738,0.2999996185302738
2025,5,Garrett Wilson,WR,19.4,19.100000381469727,0.299999618530272,0.299999618530272
2024,8,Brock Bowers,TE,11.09,10.800000190734863,0.2899998092651366,0.2899998092651366
2025,12,Trevor Lawrence,QB,16.85,17.139999389648438,-0.2899993896484361,0.2899993896484361
2024,10,Patrick Mahomes,QB,16.26,16.540000915527344,-0.2800009155273422,0.2800009155273422
2023,16,Nick Mullens,QB,16.26,16.540000915527344,-0.2800009155273422,0.2800009155273422
2025,8,D'Andre Swift,RB,14.82,15.100000381469727,-0.2800003814697263,0.2800003814697263
2023,11,Dalton Schultz,TE,11.48,11.199999809265137,0.2800001907348637,0.2800001907348637
2024,6,Kyle Pitts,TE,9.72,10.0,-0.27999999999999936,0.27999999999999936
2024,7,George Kittle,TE,14.92,15.199999809265137,-0.2799998092651368,0.2799998092651368
2023,11,Tua Tagovailoa,QB,17.88,17.600000381469727,0.27999961853027244,0.27999961853027244
2024,9,Bo Nix,QB,17.44,17.719999313354492,-0.2799993133544909,0.2799993133544909
2023,14,Travis Kelce,TE,14.03,14.300000190734863,-0.2700001907348639,0.2700001907348639
2023,15,Kyle Pitts,TE,6.97,6.699999809265137,0.27000019073486303,0.27000019073486303
2025,15,Bryce Young,QB,15.15,15.420000076293945,-0.27000007629394496,0.27000007629394496
2023,4,Justin Jefferson,WR,26.23,26.5,-0.2699999999999996,0.2699999999999996
2024,14,DJ Moore,WR,11.16,10.899999618530273,0.2600003814697267,0.2600003814697267
2023,10,Rhamondre Stevenson,RB,13.46,13.199999809265137,0.26000019073486413,0.26000019073486413
2024,8,Wan'Dale Robinson,WR,8.26,8.0,0.2599999999999998,0.2599999999999998
2025,12,Chig Okonkwo,TE,7.26,7.0,0.2599999999999998,0.2599999999999998
2023,13,DJ Chark,WR,8.35,8.600000381469727,-0.2500003814697269,0.2500003814697269
2024,15,Christian Watson,WR,8.35,8.600000381469727,-0.2500003814697269,0.2500003814697269
2025,6,Jared Goff,QB,17.07,16.81999969482422,0.25000030517578153,0.25000030517578153
2024,9,Trey McBride,TE,12.95,12.699999809265137,0.25000019073486257,0.25000019073486257
2024,16,Jordan Addison,WR,14.75,14.5,0.25,0.25
2023,6,Nico Collins,WR,11.75,12.0,-0.25,0.25
2024,8,Kareem Hunt,RB,13.55,13.300000190734863,0.24999980926513743,0.24999980926513743
2025,8,De'Von Achane,RB,20.35,20.100000381469727,0.24999961853027486,0.24999961853027486
2025,11,A.J. Brown,WR,11.65,11.899999618530273,-0.24999961853027308,0.24999961853027308
2023,12,A.J. Brown,WR,14.94,14.699999809265137,0.24000019073486278,0.24000019073486278
2024,12,Ja'Tavion Sanders,TE,7.66,7.900000095367432,-0.2400000953674315,0.2400000953674315
2025,5,Troy Franklin,WR,8.26,8.5,-0.2400000000000002,0.2400000000000002
2023,3,Jordan Addison,WR,10.96,11.199999809265137,-0.23999980926513587,0.23999980926513587
2024,12,Romeo Doubs,WR,8.16,8.399999618530273,-0.2399996185302733,0.2399996185302733
2025,13,Xavier Worthy,WR,11.16,11.399999618530273,-0.2399996185302733,0.2399996185302733
2025,11,Brock Bowers,TE,14.43,14.199999809265137,0.230000190734863,0.230000190734863
2024,8,Lamar Jackson,QB,23.93,24.15999984741211,-0.22999984741210966,0.22999984741210966
2025,5,Isiah Pacheco,RB,8.83,8.600000381469727,0.2299996185302735,0.2299996185302735
2024,6,Alvin Kamara,RB,17.17,17.399999618530273,-0.22999961853027173,0.22999961853027173
2024,4,DK Metcalf,WR,15.62,15.399999618530273,0.22000038146972578,0.22000038146972578
2024,14,Cooper Rush,QB,14.04,13.819999694824219,0.2200003051757804,0.2200003051757804
2023,5,Tua Tagovailoa,QB,16.7,16.920000076293945,-0.22000007629394602,0.22000007629394602
2025,11,Jordan Mason,RB,10.28,10.5,-0.22000000000000064,0.22000000000000064
2025,11,Romeo Doubs,WR,9.52,9.300000190734863,0.2199998092651363,0.2199998092651363
2023,17,Bijan Robinson,RB,11.82,11.600000381469727,0.21999961853027372,0.21999961853027372
2024,9,Terry McLaurin,WR,16.11,15.899999618530273,0.210000381469726,0.210000381469726
2025,7,Jordan Mason,RB,11.91,11.699999809265137,0.21000019073486342,0.21000019073486342
2023,8,Brian Robinson,RB,10.1,9.899999618530273,0.2000003814697262,0.2000003814697262
2025,9,Kenny Gainwell,RB,7.2,7.400000095367432,-0.20000009536743146,0.20000009536743146
2025,3,Drake London,WR,10.7,10.5,0.1999999999999993,0.1999999999999993
2023,3,George Pickens,WR,11.3,11.5,-0.1999999999999993,0.1999999999999993
2023,9,Sam Howell,QB,17.51,17.700000762939453,-0.19000076293945156,0.19000076293945156
2024,10,Alvin Kamara,RB,16.09,15.899999618530273,0.19000038146972642,0.19000038146972642
2024,3,Christian Watson,WR,8.89,8.699999809265137,0.19000019073486385,0.19000019073486385
2023,12,Zack Moss,RB,9.19,9.0,0.1899999999999995,0.1899999999999995
2023,10,James Cook,RB,12.19,12.0,0.1899999999999995,0.1899999999999995
2025,9,Tyjae Spears,RB,9.01,9.199999809265137,-0.18999980926513693,0.18999980926513693
2025,16,Michael Wilson,WR,13.01,13.199999809265137,-0.18999980926513693,0.18999980926513693
2025,8,Stefon Diggs,WR,10.58,10.399999618530273,0.18000038146972663,0.18000038146972663
2024,13,Jameson Williams,WR,9.42,9.600000381469727,-0.18000038146972663,0.18000038146972663
2025,9,Chimere Dike,WR,7.68,7.5,0.17999999999999972,0.17999999999999972
2024,10,Evan Engram,TE,9.82,10.0,-0.17999999999999972,0.17999999999999972
2025,8,Kendrick Bourne,WR,7.58,7.400000095367432,0.17999990463256843,0.17999990463256843
2023,13,Raheem Mostert,RB,12.28,12.100000381469727,0.1799996185302728,0.1799996185302728
2025,12,Trey McBride,TE,17.07,16.899999618530273,0.17000038146972685,0.17000038146972685
2023,14,Jaylen Waddle,WR,14.07,13.899999618530273,0.17000038146972685,0.17000038146972685
2024,14,Jameis Winston,QB,15.45,15.279999732971191,0.17000026702880788,0.17000026702880788
2024,14,Jaylen Warren,RB,9.37,9.199999809265137,0.1700001907348625,0.1700001907348625
2025,15,Harold Fannin Jr.,TE,12.17,12.0,0.16999999999999993,0.16999999999999993
2025,3,David Njoku,TE,9.17,9.0,0.16999999999999993,0.16999999999999993
2025,16,Tyler Allgeier,RB,8.47,8.300000190734863,0.16999980926513736,0.16999980926513736
2023,14,Tee Higgins,WR,9.03,9.199999809265137,-0.16999980926513736,0.16999980926513736
2024,4,Trevor Lawrence,QB,14.93,14.760000228881836,0.16999977111816378,0.16999977111816378
2024,12,Hunter Henry,TE,9.23,9.399999618530273,-0.169999618530273,0.169999618530273
2025,11,Tyjae Spears,RB,8.56,8.399999618530273,0.16000038146972706,0.16000038146972706
2025,13,David Montgomery,RB,12.64,12.800000190734863,-0.1600001907348627,0.1600001907348627
2025,15,Matthew Stafford,QB,20.76,20.920000076293945,-0.16000007629394375,0.16000007629394375
2025,11,Emeka Egbuka,WR,8.84,9.0,-0.16000000000000014,0.16000000000000014
2024,9,Josh Downs,WR,11.84,12.0,-0.16000000000000014,0.16000000000000014
2023,11,Zay Flowers,WR,8.16,8.0,0.16000000000000014,0.16000000000000014
2025,17,Jayden Reed,WR,8.26,8.100000381469727,0.15999961853027322,0.15999961853027322
2023,8,Emari Demercado,RB,8.74,8.899999618530273,-0.15999961853027322,0.15999961853027322
2025,15,Keenan Allen,WR,8.45,8.600000381469727,-0.15000038146972727,0.15000038146972727
2024,4,Rachaad White,RB,10.55,10.399999618530273,0.15000038146972727,0.15000038146972727
2024,8,George Pickens,WR,11.55,11.399999618530273,0.15000038146972727,0.15000038146972727
2025,13,AJ Barner,TE,7.85,7.699999809265137,0.15000019073486293,0.15000019073486293
2024,16,Travis Kelce,TE,8.15,8.0,0.15000000000000036,0.15000000000000036
2024,12,Rachaad White,RB,11.55,11.699999809265137,-0.149999809265136,0.149999809265136
2024,12,Adam Thielen,WR,8.84,8.699999809265137,0.14000019073486314,0.14000019073486314
2023,6,K.J. Osborn,WR,8.94,8.800000190734863,0.13999980926513622,0.13999980926513622
2025,17,Amon-Ra St. Brown,WR,14.94,14.800000190734863,0.13999980926513622,0.13999980926513622
2023,12,George Pickens,WR,8.94,8.800000190734863,0.13999980926513622,0.13999980926513622
2023,15,Calvin Ridley,WR,9.03,8.899999618530273,0.13000038146972592,0.13000038146972592
2023,12,Diontae Johnson,WR,9.13,9.0,0.13000000000000078,0.13000000000000078
2025,13,Daniel Jones,QB,16.26,16.139999389648438,0.12000061035156406,0.12000061035156406
2025,14,Javonte Williams,RB,14.82,14.699999809265137,0.12000019073486357,0.12000019073486357
2024,15,Brian Robinson,RB,11.82,11.699999809265137,0.12000019073486357,0.12000019073486357
2025,11,Wan'Dale Robinson,WR,7.48,7.599999904632568,-0.11999990463256793,0.11999990463256793
2023,14,Calvin Ridley,WR,9.42,9.300000190734863,0.11999980926513665,0.11999980926513665
2025,4,Tucker Kraft,TE,10.72,10.600000381469727,0.11999961853027408,0.11999961853027408
2024,12,David Montgomery,RB,16.18,16.299999237060547,-0.11999923706054716,0.11999923706054716
2024,9,Lamar Jackson,QB,23.49,23.600000381469727,-0.11000038146972813,0.11000038146972813
2023,16,Javonte Williams,RB,11.01,10.899999618530273,0.11000038146972635,0.11000038146972635
2023,8,Gardner Minshew,QB,14.93,14.819999694824219,0.11000030517578097,0.11000030517578097
2024,7,Brock Purdy,QB,17.07,17.18000030517578,-0.11000030517578097,0.11000030517578097
2025,6,Romeo Doubs,WR,10.39,10.5,-0.10999999999999943,0.10999999999999943
2025,6,Kyren Williams,RB,16.81,16.700000762939453,0.1099992370605456,0.1099992370605456
2023,11,Dalton Kincaid,TE,10.5,10.600000381469727,-0.10000038146972656,0.10000038146972656
2024,15,Jordan Addison,WR,13.2,13.300000190734863,-0.10000019073486399,0.10000019073486399
2025,8,Xavier Worthy,WR,10.2,10.300000190734863,-0.10000019073486399,0.10000019073486399
2024,14,Bryce Young,QB,12.64,12.539999961853027,0.10000003814697322,0.10000003814697322
2025,13,Marquise Brown,WR,10.1,10.0,0.09999999999999964,0.09999999999999964
2025,9,Courtland Sutton,WR,10.1,10.0,0.09999999999999964,0.09999999999999964
2025,17,Zay Flowers,WR,13.1,13.0,0.09999999999999964,0.09999999999999964
2023,17,Adam Thielen,WR,9.9,9.800000190734863,0.09999980926513707,0.09999980926513707
2024,4,David Montgomery,RB,15.09,15.0,0.08999999999999986,0.08999999999999986
2025,8,Aaron Rodgers,QB,16.85,16.760000228881836,0.08999977111816548,0.08999977111816548
2025,16,Jonathan Taylor,RB,16.81,16.899999618530273,-0.08999961853027472,0.08999961853027472
2025,11,Aaron Jones,RB,11.19,11.100000381469727,0.08999961853027294,0.08999961853027294
2025,3,Sam Darnold,QB,16.63,16.719999313354492,-0.08999931335449318,0.08999931335449318
2024,7,Jordan Addison,WR,9.52,9.600000381469727,-0.08000038146972699,0.08000038146972699
2023,6,Alexander Mattison,RB,11.28,11.199999809265137,0.08000019073486264,0.08000019073486264
2025,15,David Montgomery,RB,9.28,9.199999809265137,0.08000019073486264,0.08000019073486264
2024,4,Javonte Williams,RB,9.92,10.0,-0.08000000000000007,0.08000000000000007
2025,11,RJ Harvey,RB,7.92,8.0,-0.08000000000000007,0.08000000000000007
2024,10,Russell Wilson,QB,18.18,18.100000381469727,0.07999961853027315,0.07999961853027315
2025,10,Drake Maye,QB,18.18,18.100000381469727,0.07999961853027315,0.07999961853027315
2023,3,K.J. Osborn,WR,10.53,10.600000381469727,-0.0700003814697272,0.0700003814697272
2023,3,Tyler Boyd,WR,8.97,8.899999618530273,0.0700003814697272,0.0700003814697272
2024,13,Will Levis,QB,16.11,16.18000030517578,-0.07000030517578182,0.07000030517578182
2024,5,Brian Robinson,RB,13.73,13.800000190734863,-0.07000019073486285,0.07000019073486285
2025,3,Rome Odunze,WR,15.27,15.199999809265137,0.07000019073486285,0.07000019073486285
2023,11,George Pickens,WR,7.77,7.699999809265137,0.07000019073486285,0.07000019073486285
2024,10,Zach Ertz,TE,7.17,7.099999904632568,0.07000009536743157,0.07000009536743157
2024,17,Bryce Young,QB,16.85,16.920000076293945,-0.07000007629394389,0.07000007629394389
2024,12,Jameis Winston,QB,13.53,13.460000038146973,0.0699999618530267,0.0699999618530267
2023,4,Dalton Kincaid,TE,6.63,6.699999809265137,-0.06999980926513683,0.06999980926513683
2024,17,DJ Moore,WR,12.13,12.199999809265137,-0.06999980926513594,0.06999980926513594
2023,15,Russell Wilson,QB,17.59,17.520000457763672,0.06999954223632798,0.06999954223632798
2025,14,CeeDee Lamb,WR,18.04,18.100000381469727,-0.060000381469727415,0.060000381469727415
2025,12,George Kittle,TE,13.74,13.800000190734863,-0.06000019073486307,0.06000019073486307
2023,12,Tyler Conklin,TE,7.36,7.300000190734863,0.05999980926513704,0.05999980926513704
2024,12,Will Dissly,TE,8.64,8.699999809265137,-0.05999980926513615,0.05999980926513615
2024,16,Tyreek Hill,WR,11.84,11.899999618530273,-0.05999961853027358,0.05999961853027358
2025,7,Bijan Robinson,RB,21.26,21.200000762939453,0.05999923706054844,0.05999923706054844
2023,17,Jerry Jeudy,WR,8.45,8.399999618530273,0.05000038146972585,0.05000038146972585
2024,8,Jake Ferguson,TE,8.25,8.300000190734863,-0.05000019073486328,0.05000019073486328
2023,8,Aaron Jones,RB,8.65,8.600000381469727,0.04999961853027379,0.04999961853027379
2024,8,Rome Odunze,WR,8.35,8.399999618530273,-0.04999961853027379,0.04999961853027379
2025,5,Kenneth Walker III,RB,9.65,9.600000381469727,0.04999961853027379,0.04999961853027379
2024,8,Sam Darnold,QB,18.25,18.200000762939453,0.049999237060546875,0.049999237060546875
2023,14,Zack Moss,RB,9.56,9.600000381469727,-0.040000381469726065,0.040000381469726065
2025,9,Khalil Shakir,WR,11.26,11.300000190734863,-0.040000190734863494,0.040000190734863494
2023,8,Jonathan Taylor,RB,10.73,10.699999809265137,0.030000190734863708,0.030000190734863708
2025,4,Rashid Shaheed,WR,9.23,9.199999809265137,0.030000190734863708,0.030000190734863708
2024,8,Josh Palmer,WR,9.23,9.199999809265137,0.030000190734863708,0.030000190734863708
2025,5,Carson Wentz,QB,14.71,14.739999771118164,-0.02999977111816321,0.02999977111816321
2025,10,Derrick Henry,RB,11.37,11.399999618530273,-0.02999961853027422,0.02999961853027422
2024,4,Joe Burrow,QB,16.26,16.280000686645508,-0.02000068664550625,0.02000068664550625
2023,11,Jerry Jeudy,WR,10.78,10.800000190734863,-0.02000019073486392,0.02000019073486392
2024,14,Travis Kelce,TE,9.52,9.5,0.019999999999999574,0.019999999999999574
2025,3,Baker Mayfield,QB,17.73,17.719999313354492,0.010000686645508239,0.010000686645508239
2025,17,Harold Fannin Jr.,TE,10.99,11.0,-0.009999999999999787,0.009999999999999787
2023,6,Isiah Pacheco,RB,15.81,15.800000190734863,0.009999809265137216,0.009999809265137216
2024,6,Andy Dalton,QB,14.93,14.9399995803833,-0.009999580383301065,0.009999580383301065
2023,5,Kirk Cousins,QB,19.87,19.860000610351562,0.009999389648438495,0.009999389648438495
2025,11,Courtland Sutton,WR,9.9,9.899999618530273,3.8146972691777137e-07,3.8146972691777137e-07
2023,5,K.J. Osborn,WR,9.9,9.899999618530273,3.8146972691777137e-07,3.8146972691777137e-07
2025,10,Jaylen Warren,RB,11.1,11.100000381469727,-3.8146972691777137e-07,3.8146972691777137e-07
2024,4,Zach Ertz,TE,7.2,7.199999809265137,1.9073486345888568e-07,1.9073486345888568e-07
2025,14,Jake Ferguson,TE,10.8,10.800000190734863,-1.9073486257070726e-07,1.9073486257070726e-07
