year,week,pos,rank,tier,player,pred,actual
2019,4,QB,1,1-6,Patrick Mahomes,24.67,18.0
2019,4,QB,2,1-6,Lamar Jackson,21.51,24.479999542236328
2019,4,QB,3,1-6,Russell Wilson,20.48,14.300000190734863
2019,4,QB,4,1-6,Carson Wentz,20.33,19.700000762939453
2019,4,QB,5,1-6,Dak Prescott,19.89,7.619999885559082
2019,4,QB,6,1-6,Andy Dalton,19.08,3.640000104904175
2019,4,QB,7,7-12,Deshaun Watson,18.93,11.600000381469727
2019,4,QB,8,7-12,Mason Rudolph,18.49,16.860000610351562
2019,4,QB,9,7-12,Jacoby Brissett,17.9,22.5
2019,4,QB,10,7-12,Matt Ryan,17.16,15.680000305175781
2019,4,QB,11,7-12,Jared Goff,17.16,20.68000030517578
2019,4,QB,12,7-12,Case Keenum,16.8,-0.5199999809265137
2019,4,QB,13,13-24,Aaron Rodgers,16.72,25.479999542236328
2019,4,QB,14,13-24,Philip Rivers,16.43,20.399999618530273
2019,4,QB,15,13-24,Jameis Winston,16.13,29.299999237060547
2019,4,QB,16,13-24,Kyler Murray,15.99,16.34000015258789
2019,4,QB,17,13-24,Tom Brady,15.1,3.700000047683716
2019,4,QB,18,13-24,Matthew Stafford,14.9,23.440000534057617
2019,4,QB,19,13-24,Marcus Mariota,14.4,23.280000686645508
2019,4,QB,20,13-24,Kirk Cousins,14.2,7.320000171661377
2019,4,QB,21,13-24,Mitchell Trubisky,13.9,0.36000001430511475
2019,4,QB,22,13-24,Josh Allen,13.7,8.720000267028809
2019,4,QB,23,13-24,Joe Flacco,12.5,22.020000457763672
2019,4,QB,24,13-24,Gardner Minshew,12.2,16.719999313354492
2019,4,RB,2,1-6,Christian McCaffrey,21.39,33.900001525878906
2019,4,RB,3,1-6,Austin Ekeler,19.44,29.200000762939453
2019,4,RB,4,1-6,Alvin Kamara,18.52,11.899999618530273
2019,4,RB,5,1-6,Marlon Mack,18.05,3.9000000953674316
2019,4,RB,6,1-6,Mark Ingram,17.68,8.100000381469727
2019,4,RB,7,7-12,Dalvin Cook,17.22,19.0
2019,4,RB,8,7-12,Phillip Lindsay,17.22,7.0
2019,4,RB,9,7-12,Todd Gurley,16.94,26.0
2019,4,RB,10,7-12,Chris Carson,16.01,18.5
2019,4,RB,11,7-12,Leonard Fournette,15.45,26.5
2019,4,RB,12,7-12,James Conner,15.08,26.5
2019,4,RB,13,13-24,Ezekiel Elliott,14.9,16.5
2019,4,RB,14,13-24,Kerryon Johnson,14.8,15.699999809265137
2019,4,RB,15,13-24,Derrick Henry,14.34,11.800000190734863
2019,4,RB,16,13-24,Nick Chubb,13.78,39.29999923706055
2019,4,RB,17,13-24,Joe Mixon,13.2,10.300000190734863
2019,4,RB,18,13-24,Aaron Jones,13.2,17.799999237060547
2019,4,RB,19,13-24,Royce Freeman,12.2,9.0
2019,4,RB,20,13-24,Rex Burkhead,12.0,1.7000000476837158
2019,4,RB,21,13-24,David Johnson,11.9,21.899999618530273
2019,4,RB,22,13-24,Josh Jacobs,11.2,12.800000190734863
2019,4,RB,23,13-24,Adrian Peterson,11.1,2.799999952316284
2019,4,RB,24,13-24,James White,11.0,13.800000190734863
2019,4,RB,26,25-40,Tarik Cohen,9.9,9.800000190734863
2019,4,RB,27,25-40,Miles Sanders,9.9,7.199999809265137
2019,4,RB,28,25-40,David Montgomery,9.5,9.699999809265137
2019,4,RB,29,25-40,Giovani Bernard,9.0,5.900000095367432
2019,4,RB,30,25-40,Devonta Freeman,8.9,18.0
2019,4,RB,32,25-40,Carlos Hyde,8.5,10.399999618530273
2019,4,RB,34,25-40,Sony Michel,8.3,6.300000190734863
2019,4,RB,35,25-40,LeSean McCoy,8.2,16.899999618530273
2019,4,RB,36,25-40,Peyton Barber,8.2,7.900000095367432
2019,4,RB,37,25-40,Kenyan Drake,8.1,10.300000190734863
2019,4,RB,40,25-40,Frank Gore,7.5,10.899999618530273
2019,4,WR,1,1-6,Julio Jones,22.8,9.300000190734863
2019,4,WR,2,1-6,Mike Evans,18.9,18.899999618530273
2019,4,WR,3,1-6,Sammy Watkins,18.9,6.400000095367432
2019,4,WR,4,1-6,Cooper Kupp,18.0,26.899999618530273
2019,4,WR,5,1-6,Keenan Allen,17.8,9.800000190734863
2019,4,WR,7,7-12,Adam Thielen,17.4,2.5999999046325684
2019,4,WR,8,7-12,Davante Adams,16.9,28.0
2019,4,WR,10,7-12,Courtland Sutton,16.5,24.200000762939453
2019,4,WR,11,7-12,Calvin Ridley,15.9,6.199999809265137
2019,4,WR,12,7-12,Tyler Boyd,15.7,6.300000190734863
2019,4,WR,13,13-24,JuJu Smith-Schuster,15.4,4.5
2019,4,WR,15,13-24,Chris Godwin Jr.,14.7,41.20000076293945
2019,4,WR,16,13-24,DeAndre Hopkins,14.4,7.099999904632568
2019,4,WR,17,13-24,Tyler Lockett,14.0,9.100000381469727
2019,4,WR,18,13-24,Amari Cooper,13.6,9.800000190734863
2019,4,WR,19,13-24,Larry Fitzgerald,13.6,9.699999809265137
2019,4,WR,20,13-24,Allen Robinson,13.0,14.699999809265137
2019,4,WR,21,13-24,Paul Richardson,12.9,4.400000095367432
2019,4,WR,22,13-24,John Ross,12.9,6.599999904632568
2019,4,WR,23,13-24,Tyrell Williams,12.8,12.600000381469727
2019,4,WR,24,13-24,Brandin Cooks,12.8,13.100000381469727
2019,4,WR,25,25-40,Nelson Agholor,12.7,0.0
2019,4,WR,26,25-40,Demarcus Robinson,12.5,7.5
2019,4,WR,27,25-40,Stefon Diggs,12.4,15.800000190734863
2019,4,WR,28,25-40,Christian Kirk,12.0,8.300000190734863
2019,4,WR,29,25-40,Alshon Jeffery,11.6,12.800000190734863
2019,4,WR,30,25-40,Sterling Shepard,11.4,16.899999618530273
2019,4,WR,31,25-40,Trey Quinn,11.3,3.0
2019,4,WR,32,25-40,Mecole Hardman,10.8,2.9000000953674316
2019,4,WR,34,25-40,Odell Beckham Jr.,10.8,4.0
2019,4,WR,35,25-40,Marquez Valdes-Scantling,10.7,7.699999809265137
2019,4,WR,36,25-40,John Brown,10.7,11.899999618530273
2019,4,WR,37,25-40,Kenny Golladay,10.5,23.700000762939453
2019,4,WR,38,25-40,DJ Moore,10.4,7.400000095367432
2019,4,WR,39,25-40,Marvin Jones,10.3,10.699999809265137
2019,4,WR,40,25-40,Will Fuller,10.3,5.300000190734863
2019,4,WR,41,41-55,Robert Woods,10.3,29.399999618530273
2019,4,WR,42,41-55,Curtis Samuel,10.0,6.300000190734863
2019,4,WR,43,41-55,Marquise Brown,9.9,6.199999809265137
2019,4,WR,44,41-55,Michael Thomas,9.9,18.5
2019,4,WR,45,41-55,DK Metcalf,9.5,1.600000023841858
2019,4,WR,46,41-55,Josh Gordon,9.3,7.599999904632568
2019,4,WR,47,41-55,Julian Edelman,8.7,7.0
2019,4,WR,49,41-55,DaeSean Hamilton,8.4,8.699999809265137
2019,4,WR,50,41-55,Cole Beasley,8.1,14.5
2019,4,WR,51,41-55,Phillip Dorsett,7.7,3.9000000953674316
2019,4,WR,52,41-55,Damion Willis,7.5,1.7999999523162842
2019,4,WR,53,41-55,DJ Chark,7.5,8.399999618530273
2019,4,WR,55,41-55,Geronimo Allison,7.2,14.899999618530273
2019,4,TE,1,1-3,Travis Kelce,18.4,15.5
2019,4,TE,2,1-3,Darren Waller,14.7,12.300000190734863
2019,4,TE,4,4-6,Zach Ertz,13.5,13.5
2019,4,TE,5,4-6,Mark Andrews,12.9,13.100000381469727
2019,4,TE,6,4-6,Evan Engram,12.4,9.399999618530273
2019,4,TE,7,7-12,Austin Hooper,12.4,22.0
2019,4,TE,8,7-12,Greg Olsen,11.8,2.5
2019,4,TE,9,7-12,O.J. Howard,10.7,6.300000190734863
2019,4,TE,10,7-12,Noah Fant,9.8,11.100000381469727
2019,4,TE,11,7-12,Will Dissly,9.5,18.700000762939453
2019,4,TE,12,7-12,Vernon Davis,9.2,1.5
2019,4,TE,13,13-20,Eric Ebron,8.4,11.800000190734863
2019,4,TE,15,13-20,Kyle Rudolph,7.4,2.200000047683716
2019,4,TE,16,13-20,Delanie Walker,7.2,1.399999976158142
2019,4,TE,17,13-20,T.J. Hockenson,7.0,11.699999809265137
2019,4,TE,18,13-20,Jack Doyle,6.7,12.199999809265137
2019,4,TE,19,13-20,Tyler Eifert,6.5,4.699999809265137
2019,5,QB,1,1-6,Patrick Mahomes,24.01,18.540000915527344
2019,5,QB,2,1-6,Carson Wentz,22.61,12.0600004196167
2019,5,QB,3,1-6,Matt Ryan,22.1,31.899999618530273
2019,5,QB,4,1-6,Lamar Jackson,21.21,11.4399995803833
2019,5,QB,5,1-6,Deshaun Watson,20.11,41.7400016784668
2019,5,QB,6,1-6,Jameis Winston,19.52,17.459999084472656
2019,5,QB,7,7-12,Tom Brady,19.37,23.920000076293945
2019,5,QB,8,7-12,Kyle Allen,19.15,11.640000343322754
2019,5,QB,9,7-12,Dak Prescott,18.56,23.219999313354492
2019,5,QB,10,7-12,Russell Wilson,18.49,29.920000076293945
2019,5,QB,11,7-12,Kyler Murray,18.27,25.420000076293945
2019,5,QB,12,7-12,Philip Rivers,18.05,4.139999866485596
2019,5,QB,13,13-24,Aaron Rodgers,16.87,9.420000076293945
2019,5,QB,14,13-24,Daniel Jones,16.28,10.479999542236328
2019,5,QB,15,13-24,Jared Goff,16.06,17.899999618530273
2019,5,QB,16,13-24,Jacoby Brissett,15.99,10.9399995803833
2019,5,QB,17,13-24,Andy Dalton,15.1,18.979999542236328
2019,5,QB,18,13-24,Josh Allen,15.1,17.459999084472656
2019,5,QB,19,13-24,Baker Mayfield,14.6,-2.0
2019,5,QB,20,13-24,Gardner Minshew,13.7,21.15999984741211
2019,5,QB,21,13-24,Jimmy Garoppolo,12.6,14.9399995803833
2019,5,QB,22,13-24,Kirk Cousins,12.5,20.540000915527344
2019,5,QB,23,13-24,Marcus Mariota,12.4,8.619999885559082
2019,5,QB,24,13-24,Joe Flacco,12.1,7.980000019073486
2019,5,RB,1,1-6,Christian McCaffrey,25.01,47.70000076293945
2019,5,RB,2,1-6,Austin Ekeler,22.51,22.299999237060547
2019,5,RB,3,1-6,Alvin Kamara,22.04,16.920000076293945
2019,5,RB,4,1-6,Nick Chubb,19.91,10.899999618530273
2019,5,RB,6,1-6,Ezekiel Elliott,18.52,17.100000381469727
2019,5,RB,7,7-12,Leonard Fournette,17.68,23.700000762939453
2019,5,RB,8,7-12,James White,16.66,13.199999809265137
2019,5,RB,9,7-12,Dalvin Cook,16.2,25.799999237060547
2019,5,RB,10,7-12,Mark Ingram,16.1,12.899999618530273
2019,5,RB,11,7-12,David Johnson,15.55,18.600000381469727
2019,5,RB,12,7-12,Marlon Mack,15.45,17.799999237060547
2019,5,RB,13,13-24,Todd Gurley,15.45,18.700000762939453
2019,5,RB,14,13-24,Le'Veon Bell,15.36,15.800000190734863
2019,5,RB,15,13-24,Derrick Henry,14.9,13.800000190734863
2019,5,RB,17,13-24,Chris Carson,14.25,19.299999237060547
2019,5,RB,18,13-24,Aaron Jones,13.4,49.20000076293945
2019,5,RB,19,13-24,Joe Mixon,12.6,11.899999618530273
2019,5,RB,20,13-24,Phillip Lindsay,12.6,24.700000762939453
2019,5,RB,21,13-24,Jordan Howard,12.0,12.199999809265137
2019,5,RB,22,13-24,Devonta Freeman,11.9,18.0
2019,5,RB,23,13-24,Josh Jacobs,11.2,29.299999237060547
2019,5,RB,24,13-24,Sony Michel,11.0,21.299999237060547
2019,5,RB,25,25-40,Troymaine Pope,10.6,0.0
2019,5,RB,26,25-40,Miles Sanders,10.1,10.399999618530273
2019,5,RB,28,25-40,David Montgomery,9.8,10.600000381469727
2019,5,RB,29,25-40,Carlos Hyde,9.4,12.0
2019,5,RB,30,25-40,Royce Freeman,9.3,8.699999809265137
2019,5,RB,31,25-40,James Conner,9.2,11.5
2019,5,RB,33,25-40,LeSean McCoy,9.1,2.299999952316284
2019,5,RB,34,25-40,Damien Williams,9.0,6.800000190734863
2019,5,RB,35,25-40,Tarik Cohen,8.9,10.899999618530273
2019,5,RB,36,25-40,Matt Breida,8.8,27.899999618530273
2019,5,RB,37,25-40,Wayne Gallman,8.5,1.399999976158142
2019,5,RB,38,25-40,Tony Pollard,8.4,1.899999976158142
2019,5,RB,40,25-40,Frank Gore,8.0,8.899999618530273
2019,5,WR,1,1-6,Julio Jones,28.2,7.199999809265137
2019,5,WR,2,1-6,Chris Godwin Jr.,21.6,31.5
2019,5,WR,3,1-6,Mike Evans,21.0,0.0
2019,5,WR,4,1-6,Calvin Ridley,19.6,19.799999237060547
2019,5,WR,6,1-6,Keenan Allen,17.3,5.800000190734863
2019,5,WR,8,7-12,DeAndre Hopkins,16.8,15.800000190734863
2019,5,WR,9,7-12,Cooper Kupp,16.8,26.700000762939453
2019,5,WR,11,7-12,Courtland Sutton,15.5,19.200000762939453
2019,5,WR,12,7-12,Larry Fitzgerald,15.1,11.800000190734863
2019,5,WR,13,13-24,Adam Thielen,14.6,32.0
2019,5,WR,14,13-24,Stefon Diggs,14.4,7.400000095367432
2019,5,WR,17,13-24,Michael Thomas,12.7,41.20000076293945
2019,5,WR,18,13-24,Julian Edelman,12.6,25.0
2019,5,WR,19,13-24,Amari Cooper,12.5,39.599998474121094
2019,5,WR,20,13-24,Alshon Jeffery,12.3,11.199999809265137
2019,5,WR,21,13-24,Allen Robinson,12.3,28.700000762939453
2019,5,WR,22,13-24,Robert Woods,12.1,9.800000190734863
2019,5,WR,23,13-24,Tyler Boyd,12.1,28.299999237060547
2019,5,WR,24,13-24,Terry McLaurin,12.1,8.100000381469727
2019,5,WR,25,25-40,Will Fuller,11.7,53.70000076293945
2019,5,WR,26,25-40,Demarcus Robinson,11.6,6.099999904632568
2019,5,WR,27,25-40,Brandin Cooks,11.5,6.599999904632568
2019,5,WR,28,25-40,Odell Beckham Jr.,11.5,7.0
2019,5,WR,29,25-40,Mohamed Sanu,11.5,15.300000190734863
2019,5,WR,30,25-40,Emmanuel Sanders,11.4,1.899999976158142
2019,5,WR,31,25-40,Nelson Agholor,11.3,3.0
2019,5,WR,32,25-40,Tyler Lockett,11.1,14.300000190734863
2019,5,WR,33,25-40,T.Y. Hilton,10.8,7.699999809265137
2019,5,WR,34,25-40,Jarvis Landry,10.6,11.5
2019,5,WR,35,25-40,Marquise Brown,10.6,11.199999809265137
2019,5,WR,37,25-40,John Brown,10.3,12.5
2019,5,WR,38,25-40,DJ Moore,10.0,15.100000381469727
2019,5,WR,41,41-55,Curtis Samuel,9.2,7.400000095367432
2019,5,WR,42,41-55,Mecole Hardman,9.0,11.300000190734863
2019,5,WR,43,41-55,Cole Beasley,8.9,5.099999904632568
2019,5,WR,44,41-55,Sterling Shepard,8.9,9.699999809265137
2019,5,WR,45,41-55,JuJu Smith-Schuster,8.7,18.5
2019,5,WR,46,41-55,Michael Gallup,8.7,24.299999237060547
2019,5,WR,47,41-55,Marquez Valdes-Scantling,8.6,2.799999952316284
2019,5,WR,48,41-55,Jamison Crowder,8.5,3.0
2019,5,WR,49,41-55,Paul Richardson,8.2,3.4000000953674316
2019,5,WR,50,41-55,Robbie Chosen,8.1,2.5999999046325684
2019,5,WR,51,41-55,Willie Snead,7.9,9.100000381469727
2019,5,WR,52,41-55,Mike Williams,7.9,13.399999618530273
2019,5,WR,53,41-55,Geronimo Allison,7.8,4.800000190734863
2019,5,WR,54,41-55,Josh Gordon,7.7,10.899999618530273
2019,5,TE,1,1-3,Austin Hooper,23.6,13.600000381469727
2019,5,TE,2,1-3,Travis Kelce,22.2,11.0
2019,5,TE,3,1-3,Mark Andrews,12.6,9.5
2019,5,TE,4,4-6,Zach Ertz,12.6,16.700000762939453
2019,5,TE,5,4-6,Darren Waller,12.0,7.900000095367432
2019,5,TE,6,4-6,George Kittle,10.6,20.799999237060547
2019,5,TE,7,7-12,Greg Olsen,10.2,0.0
2019,5,TE,8,7-12,Evan Engram,10.0,10.699999809265137
2019,5,TE,9,7-12,Will Dissly,10.0,12.800000190734863
2019,5,TE,10,7-12,O.J. Howard,9.8,2.0
2019,5,TE,11,7-12,Vance McDonald,9.1,6.400000095367432
2019,5,TE,12,7-12,Noah Fant,8.6,1.600000023841858
2019,5,TE,14,13-20,Jason Witten,7.2,5.900000095367432
2019,5,TE,15,13-20,Jimmy Graham,6.9,7.099999904632568
2019,5,TE,16,13-20,Eric Ebron,6.4,1.7999999523162842
2019,5,TE,17,13-20,Kyle Rudolph,6.1,1.399999976158142
2019,5,TE,18,13-20,Gerald Everett,6.0,20.600000381469727
2019,5,TE,19,13-20,Jordan Akins,5.9,3.0999999046325684
2019,5,TE,20,13-20,Tyler Eifert,5.6,3.4000000953674316
2019,6,QB,1,1-6,Patrick Mahomes,25.26,18.81999969482422
2019,6,QB,2,1-6,Lamar Jackson,23.35,30.639999389648438
2019,6,QB,3,1-6,Dak Prescott,21.58,18.219999313354492
2019,6,QB,4,1-6,Kyler Murray,20.04,28.799999237060547
2019,6,QB,5,1-6,Russell Wilson,20.04,28.899999618530273
2019,6,QB,6,1-6,Deshaun Watson,19.96,29.399999618530273
2019,6,QB,7,7-12,Matt Ryan,19.67,30.940000534057617
2019,6,QB,8,7-12,Kyle Allen,19.23,17.3799991607666
2019,6,QB,9,7-12,Matthew Stafford,19.15,11.5
2019,6,QB,10,7-12,Tom Brady,18.78,21.959999084472656
2019,6,QB,11,7-12,Jared Goff,17.61,1.1200000047683716
2019,6,QB,12,7-12,Jameis Winston,16.58,12.100000381469727
2019,6,QB,13,13-24,Aaron Rodgers,16.5,18.31999969482422
2019,6,QB,14,13-24,Gardner Minshew,16.21,4.619999885559082
2019,6,QB,15,13-24,Kirk Cousins,16.21,27.31999969482422
2019,6,QB,16,13-24,Marcus Mariota,15.62,-1.0800000429153442
2019,6,QB,17,13-24,Carson Wentz,15.47,20.540000915527344
2019,6,QB,18,13-24,Philip Rivers,14.3,14.800000190734863
2019,6,QB,19,13-24,Teddy Bridgewater,13.5,13.600000381469727
2019,6,QB,20,13-24,Joe Flacco,13.3,4.980000019073486
2019,6,QB,21,13-24,Jimmy Garoppolo,13.1,12.119999885559082
2019,6,QB,23,13-24,Andy Dalton,11.9,13.600000381469727
2019,6,RB,1,1-6,Christian McCaffrey,27.42,21.700000762939453
2019,6,RB,2,1-6,Alvin Kamara,22.6,13.600000381469727
2019,6,RB,3,1-6,Ezekiel Elliott,21.3,26.299999237060547
2019,6,RB,4,1-6,Mark Ingram,19.35,15.399999618530273
2019,6,RB,5,1-6,Leonard Fournette,18.98,17.799999237060547
2019,6,RB,7,7-12,Aaron Jones,17.68,8.0
2019,6,RB,8,7-12,Derrick Henry,17.59,4.300000190734863
2019,6,RB,9,7-12,Dalvin Cook,17.4,13.399999618530273
2019,6,RB,10,7-12,Nick Chubb,17.22,28.899999618530273
2019,6,RB,11,7-12,Kerryon Johnson,17.12,14.100000381469727
2019,6,RB,12,7-12,Chris Carson,17.03,25.899999618530273
2019,6,RB,13,13-24,Phillip Lindsay,14.99,15.5
2019,6,RB,14,13-24,David Johnson,14.52,28.200000762939453
2019,6,RB,15,13-24,Austin Ekeler,14.52,5.800000190734863
2019,6,RB,16,13-24,James White,13.69,13.5
2019,6,RB,18,13-24,Sony Michel,13.0,13.300000190734863
2019,6,RB,19,13-24,Le'Veon Bell,12.9,12.300000190734863
2019,6,RB,21,13-24,Devonta Freeman,11.9,26.799999237060547
2019,6,RB,22,13-24,James Conner,10.6,30.899999618530273
2019,6,RB,23,13-24,Matt Breida,10.6,10.300000190734863
2019,6,RB,24,13-24,Royce Freeman,10.3,12.600000381469727
2019,6,RB,25,25-40,Carlos Hyde,9.7,18.0
2019,6,RB,26,25-40,Jordan Howard,9.7,4.900000095367432
2019,6,RB,28,25-40,Melvin Gordon,9.5,7.800000190734863
2019,6,RB,29,25-40,Joe Mixon,9.5,5.900000095367432
2019,6,RB,30,25-40,Kenyan Drake,9.2,13.0
2019,6,RB,31,25-40,Damien Williams,8.7,9.0
2019,6,RB,32,25-40,Darrel Williams,8.6,6.199999809265137
2019,6,RB,33,25-40,LeSean McCoy,8.2,6.400000095367432
2019,6,RB,34,25-40,Miles Sanders,8.2,18.200000762939453
2019,6,RB,35,25-40,Adrian Peterson,8.0,15.600000381469727
2019,6,RB,37,25-40,Duke Johnson,7.6,13.399999618530273
2019,6,RB,38,25-40,Peyton Barber,7.4,2.799999952316284
2019,6,RB,39,25-40,Ito Smith,7.2,0.6000000238418579
2019,6,WR,1,1-6,Julio Jones,21.2,18.799999237060547
2019,6,WR,2,1-6,Cooper Kupp,20.0,5.699999809265137
2019,6,WR,3,1-6,Adam Thielen,20.0,17.700000762939453
2019,6,WR,5,1-6,Courtland Sutton,19.0,11.600000381469727
2019,6,WR,6,1-6,Amari Cooper,18.5,1.2999999523162842
2019,6,WR,7,7-12,Chris Godwin Jr.,17.9,25.100000381469727
2019,6,WR,8,7-12,Calvin Ridley,17.8,14.800000190734863
2019,6,WR,9,7-12,Michael Thomas,16.1,16.899999618530273
2019,6,WR,11,7-12,Stefon Diggs,15.2,43.5
2019,6,WR,12,7-12,Kenny Golladay,14.7,17.100000381469727
2019,6,WR,13,13-24,Larry Fitzgerald,14.7,12.899999618530273
2019,6,WR,14,13-24,Keenan Allen,14.4,5.300000190734863
2019,6,WR,15,13-24,Will Fuller,14.4,9.399999618530273
2019,6,WR,16,13-24,Mike Evans,13.4,20.600000381469727
2019,6,WR,18,13-24,Julian Edelman,12.9,20.299999237060547
2019,6,WR,19,13-24,Marvin Jones,12.7,3.700000047683716
2019,6,WR,20,13-24,Robert Woods,12.7,7.599999904632568
2019,6,WR,22,13-24,Michael Gallup,12.6,8.800000190734863
2019,6,WR,23,13-24,DeAndre Hopkins,12.6,16.5
2019,6,WR,24,13-24,Demarcus Robinson,11.9,0.0
2019,6,WR,25,25-40,Terry McLaurin,11.7,26.0
2019,6,WR,26,25-40,DJ Chark,11.6,7.300000190734863
2019,6,WR,28,25-40,Brandin Cooks,10.9,6.199999809265137
2019,6,WR,29,25-40,Tyler Boyd,10.7,4.0
2019,6,WR,30,25-40,Mohamed Sanu,10.6,5.900000095367432
2019,6,WR,31,25-40,DJ Moore,10.6,15.600000381469727
2019,6,WR,32,25-40,Mecole Hardman,10.5,8.5
2019,6,WR,33,25-40,Tyler Lockett,10.1,12.800000190734863
2019,6,WR,34,25-40,Emmanuel Sanders,9.7,1.0
2019,6,WR,35,25-40,JuJu Smith-Schuster,9.4,1.7000000476837158
2019,6,WR,37,25-40,Willie Snead,8.8,4.800000190734863
2019,6,WR,38,25-40,Dede Westbrook,8.7,8.300000190734863
2019,6,WR,39,25-40,DaeSean Hamilton,8.6,4.5
2019,6,WR,40,25-40,Curtis Samuel,8.6,23.799999237060547
2019,6,WR,41,41-55,Mike Williams,8.6,12.199999809265137
2019,6,WR,42,41-55,Alshon Jeffery,8.3,23.600000381469727
2019,6,WR,43,41-55,Jarvis Landry,8.1,6.599999904632568
2019,6,WR,44,41-55,Corey Davis,8.0,6.599999904632568
2019,6,WR,46,41-55,Odell Beckham Jr.,7.8,16.100000381469727
2019,6,WR,47,41-55,Paul Richardson,7.8,0.0
2019,6,WR,48,41-55,Geronimo Allison,7.6,7.0
2019,6,WR,49,41-55,Marquez Valdes-Scantling,7.6,7.699999809265137
2019,6,WR,50,41-55,Josh Gordon,7.4,1.7000000476837158
2019,6,WR,51,41-55,Ted Ginn,7.4,6.800000190734863
2019,6,WR,52,41-55,A.J. Brown,7.4,4.300000190734863
2019,6,WR,54,41-55,Trey Quinn,7.1,2.799999952316284
2019,6,WR,55,41-55,Adam Humphries,7.0,10.699999809265137
2019,6,TE,1,1-3,Travis Kelce,18.8,9.800000190734863
2019,6,TE,2,1-3,Austin Hooper,17.6,25.700000762939453
2019,6,TE,3,1-3,Mark Andrews,13.9,13.899999618530273
2019,6,TE,4,4-6,George Kittle,11.1,18.299999237060547
2019,6,TE,5,4-6,Will Dissly,10.5,0.0
2019,6,TE,6,4-6,Zach Ertz,10.1,7.400000095367432
2019,6,TE,7,7-12,O.J. Howard,8.5,5.5
2019,6,TE,8,7-12,Greg Olsen,8.3,9.199999809265137
2019,6,TE,9,7-12,Gerald Everett,8.2,2.9000000953674316
2019,6,TE,10,7-12,T.J. Hockenson,7.1,6.099999904632568
2019,6,TE,11,7-12,Delanie Walker,7.0,7.300000190734863
2019,6,TE,12,7-12,Noah Fant,7.0,3.5999999046325684
2019,6,TE,13,13-20,Jimmy Graham,6.9,3.700000047683716
2019,6,TE,14,13-20,Hunter Henry,6.7,30.0
2019,6,TE,15,13-20,Vance McDonald,6.6,1.5
2019,6,TE,17,13-20,Jason Witten,6.5,10.699999809265137
2019,6,TE,18,13-20,Darren Fells,6.4,12.899999618530273
2019,6,TE,19,13-20,Hayden Hurst,6.0,1.399999976158142
2019,6,TE,20,13-20,Jared Cook,5.7,12.699999809265137
2019,7,QB,1,1-6,Patrick Mahomes,23.57,7.239999771118164
2019,7,QB,2,1-6,Dak Prescott,22.39,20.559999465942383
2019,7,QB,3,1-6,Matt Ryan,22.39,2.559999942779541
2019,7,QB,4,1-6,Tom Brady,21.58,11.960000038146973
2019,7,QB,5,1-6,Josh Allen,20.99,21.280000686645508
2019,7,QB,6,1-6,Deshaun Watson,20.18,15.520000457763672
2019,7,QB,7,7-12,Kyler Murray,19.89,6.960000038146973
2019,7,QB,8,7-12,Gardner Minshew,18.49,21.0
2019,7,QB,9,7-12,Jared Goff,18.34,25.020000457763672
2019,7,QB,10,7-12,Russell Wilson,18.2,14.34000015258789
2019,7,QB,11,7-12,Aaron Rodgers,18.05,43.7599983215332
2019,7,QB,12,7-12,Lamar Jackson,18.05,23.31999969482422
2019,7,QB,13,13-24,Carson Wentz,16.72,6.840000152587891
2019,7,QB,14,13-24,Andy Dalton,16.58,18.34000015258789
2019,7,QB,15,13-24,Kirk Cousins,16.36,29.219999313354492
2019,7,QB,16,13-24,Jacoby Brissett,16.06,27.639999389648438
2019,7,QB,17,13-24,Philip Rivers,14.5,21.15999984741211
2019,7,QB,19,13-24,Matthew Stafford,13.3,28.559999465942383
2019,7,QB,20,13-24,Daniel Jones,13.0,10.420000076293945
2019,7,QB,22,13-24,Jimmy Garoppolo,12.9,6.039999961853027
2019,7,QB,23,13-24,Joe Flacco,12.0,6.519999980926514
2019,7,QB,24,13-24,Teddy Bridgewater,11.7,19.940000534057617
2019,7,RB,1,1-6,Leonard Fournette,27.8,16.5
2019,7,RB,2,1-6,Ezekiel Elliott,25.01,26.700000762939453
2019,7,RB,4,1-6,Todd Gurley,20.74,12.399999618530273
2019,7,RB,5,1-6,Saquon Barkley,19.54,17.0
2019,7,RB,6,1-6,Aaron Jones,17.31,18.299999237060547
2019,7,RB,7,7-12,Josh Jacobs,16.94,16.399999618530273
2019,7,RB,8,7-12,Dalvin Cook,15.92,27.899999618530273
2019,7,RB,9,7-12,Phillip Lindsay,15.27,4.199999809265137
2019,7,RB,10,7-12,David Johnson,14.9,0.20000000298023224
2019,7,RB,11,7-12,Chris Carson,14.9,10.399999618530273
2019,7,RB,12,7-12,Marlon Mack,14.71,8.600000381469727
2019,7,RB,13,13-24,Le'Veon Bell,14.43,8.600000381469727
2019,7,RB,14,13-24,Devonta Freeman,13.97,4.5
2019,7,RB,15,13-24,Derrick Henry,13.5,17.799999237060547
2019,7,RB,16,13-24,James White,13.4,12.899999618530273
2019,7,RB,17,13-24,Sony Michel,13.4,22.399999618530273
2019,7,RB,18,13-24,Joe Mixon,13.2,7.400000095367432
2019,7,RB,19,13-24,Austin Ekeler,13.1,25.5
2019,7,RB,20,13-24,Kerryon Johnson,12.6,2.299999952316284
2019,7,RB,21,13-24,Frank Gore,12.5,7.599999904632568
2019,7,RB,22,13-24,Mark Ingram,12.3,6.300000190734863
2019,7,RB,24,13-24,Devin Singletary,11.7,2.5999999046325684
2019,7,RB,25,25-40,Royce Freeman,10.8,16.700000762939453
2019,7,RB,26,25-40,Carlos Hyde,10.4,3.5
2019,7,RB,27,25-40,Melvin Gordon,10.2,8.899999618530273
2019,7,RB,28,25-40,Jordan Howard,10.1,7.599999904632568
2019,7,RB,29,25-40,LeSean McCoy,10.0,9.600000381469727
2019,7,RB,30,25-40,Matt Breida,9.8,4.599999904632568
2019,7,RB,31,25-40,Damien Williams,9.5,2.5999999046325684
2019,7,RB,32,25-40,Kenyan Drake,9.2,8.800000190734863
2019,7,RB,33,25-40,Miles Sanders,9.0,6.199999809265137
2019,7,RB,34,25-40,Darrel Williams,8.8,2.5999999046325684
2019,7,RB,35,25-40,Adrian Peterson,8.6,6.099999904632568
2019,7,RB,36,25-40,Tarik Cohen,8.5,11.899999618530273
2019,7,RB,37,25-40,David Montgomery,8.5,1.899999976158142
2019,7,RB,38,25-40,Tevin Coleman,8.4,8.100000381469727
2019,7,WR,1,1-6,Julio Jones,22.7,15.300000190734863
2019,7,WR,2,1-6,Cooper Kupp,21.2,11.0
2019,7,WR,3,1-6,Amari Cooper,20.6,15.600000381469727
2019,7,WR,4,1-6,Calvin Ridley,18.9,7.0
2019,7,WR,7,7-12,Courtland Sutton,16.1,14.699999809265137
2019,7,WR,8,7-12,Adam Thielen,16.0,9.5
2019,7,WR,9,7-12,Michael Thomas,16.0,22.100000381469727
2019,7,WR,10,7-12,Stefon Diggs,15.9,21.299999237060547
2019,7,WR,12,7-12,Julian Edelman,15.1,13.699999809265137
2019,7,WR,13,13-24,Terry McLaurin,14.6,2.0999999046325684
2019,7,WR,14,13-24,Allen Robinson,13.8,24.700000762939453
2019,7,WR,15,13-24,Tyler Boyd,13.4,8.5
2019,7,WR,16,13-24,Keenan Allen,13.3,10.100000381469727
2019,7,WR,17,13-24,Will Fuller,13.3,1.600000023841858
2019,7,WR,18,13-24,DeAndre Hopkins,13.2,25.600000381469727
2019,7,WR,19,13-24,Larry Fitzgerald,13.1,2.200000047683716
2019,7,WR,20,13-24,Robert Woods,13.1,13.600000381469727
2019,7,WR,21,13-24,John Brown,12.9,19.299999237060547
2019,7,WR,22,13-24,Brandin Cooks,12.7,9.899999618530273
2019,7,WR,23,13-24,DJ Chark,12.5,10.300000190734863
2019,7,WR,24,13-24,Michael Gallup,12.4,6.400000095367432
2019,7,WR,27,25-40,T.Y. Hilton,11.6,19.399999618530273
2019,7,WR,28,25-40,Kenny Golladay,11.4,3.0999999046325684
2019,7,WR,29,25-40,Mohamed Sanu,10.5,1.2999999523162842
2019,7,WR,31,25-40,Alshon Jeffery,10.0,5.800000190734863
2019,7,WR,32,25-40,Phillip Dorsett,9.9,13.600000381469727
2019,7,WR,33,25-40,Taylor Gabriel,9.8,1.600000023841858
2019,7,WR,34,25-40,Emmanuel Sanders,9.7,11.0
2019,7,WR,35,25-40,Robbie Chosen,9.6,2.0
2019,7,WR,36,25-40,Duke Williams,9.6,3.299999952316284
2019,7,WR,37,25-40,Cole Beasley,9.5,10.600000381469727
2019,7,WR,38,25-40,Dede Westbrook,9.5,17.700000762939453
2019,7,WR,39,25-40,Demarcus Robinson,9.5,6.099999904632568
2019,7,WR,40,25-40,Mike Williams,9.5,8.699999809265137
2019,7,WR,41,41-55,Tyler Lockett,9.4,16.799999237060547
2019,7,WR,42,41-55,Mecole Hardman,9.3,10.800000190734863
2019,7,WR,43,41-55,Geronimo Allison,8.7,7.300000190734863
2019,7,WR,44,41-55,Jamison Crowder,8.7,6.599999904632568
2019,7,WR,45,41-55,Randall Cobb,8.7,4.900000095367432
2019,7,WR,46,41-55,Marvin Jones,8.4,43.29999923706055
2019,7,WR,47,41-55,Marquez Valdes-Scantling,8.3,21.299999237060547
2019,7,WR,49,41-55,DaeSean Hamilton,7.5,2.4000000953674316
2019,7,WR,50,41-55,Golden Tate,7.3,14.0
2019,7,WR,51,41-55,Auden Tate,7.3,9.5
2019,7,WR,52,41-55,Paul Richardson,7.2,0.0
2019,7,WR,54,41-55,Ted Ginn,7.1,6.800000190734863
2019,7,TE,1,1-3,Austin Hooper,22.7,14.600000381469727
2019,7,TE,2,1-3,Travis Kelce,16.3,10.399999618530273
2019,7,TE,3,1-3,Darren Waller,12.6,31.600000381469727
2019,7,TE,4,4-6,George Kittle,10.6,6.800000190734863
2019,7,TE,5,4-6,Zach Ertz,10.2,5.800000190734863
2019,7,TE,7,7-12,Mark Andrews,9.3,5.900000095367432
2019,7,TE,8,7-12,Gerald Everett,9.0,15.0
2019,7,TE,9,7-12,Jason Witten,8.1,7.300000190734863
2019,7,TE,10,7-12,Darren Fells,7.9,4.699999809265137
2019,7,TE,11,7-12,Noah Fant,7.2,1.7000000476837158
2019,7,TE,12,7-12,Jimmy Graham,7.1,16.5
2019,7,TE,13,13-20,Evan Engram,7.0,1.600000023841858
2019,7,TE,14,13-20,Hunter Henry,6.5,15.699999809265137
2019,7,TE,15,13-20,Dawson Knox,6.5,4.199999809265137
2019,7,TE,16,13-20,Foster Moreau,6.4,10.399999618530273
2019,7,TE,19,13-20,Eric Ebron,6.0,17.0
2019,8,QB,1,1-6,Russell Wilson,26.73,15.680000305175781
2019,8,QB,2,1-6,Deshaun Watson,22.54,27.760000228881836
2019,8,QB,4,1-6,Jared Goff,20.33,22.8799991607666
2019,8,QB,5,1-6,Aaron Rodgers,19.67,27.100000381469727
2019,8,QB,6,1-6,Matthew Stafford,19.52,23.3799991607666
2019,8,QB,7,7-12,Kirk Cousins,19.08,11.600000381469727
2019,8,QB,8,7-12,Josh Allen,18.56,17.260000228881836
2019,8,QB,9,7-12,Gardner Minshew,18.49,23.959999084472656
2019,8,QB,10,7-12,Tom Brady,18.49,18.360000610351562
2019,8,QB,11,7-12,Jacoby Brissett,18.2,9.479999542236328
2019,8,QB,12,7-12,Jameis Winston,17.39,19.34000015258789
2019,8,QB,13,13-24,Ryan Tannehill,17.02,19.420000076293945
2019,8,QB,16,13-24,Kyler Murray,16.28,10.100000381469727
2019,8,QB,17,13-24,Ryan Fitzpatrick,15.84,11.300000190734863
2019,8,QB,18,13-24,Philip Rivers,15.62,10.039999961853027
2019,8,QB,19,13-24,Daniel Jones,15.1,28.18000030517578
2019,8,QB,20,13-24,Mitchell Trubisky,14.6,7.119999885559082
2019,8,QB,21,13-24,Andy Dalton,13.9,18.15999984741211
2019,8,QB,22,13-24,Teddy Bridgewater,13.2,-0.20000000298023224
2019,8,QB,23,13-24,Kyle Allen,12.7,0.3199999928474426
2019,8,QB,24,13-24,Carson Wentz,11.2,14.380000114440918
2019,8,RB,1,1-6,Leonard Fournette,25.94,20.600000381469727
2019,8,RB,2,1-6,Todd Gurley,22.51,10.399999618530273
2019,8,RB,3,1-6,Chris Carson,21.11,15.0
2019,8,RB,5,1-6,Saquon Barkley,19.35,28.299999237060547
2019,8,RB,6,1-6,Dalvin Cook,18.89,28.100000381469727
2019,8,RB,7,7-12,Christian McCaffrey,18.7,27.5
2019,8,RB,8,7-12,Marlon Mack,18.14,16.0
2019,8,RB,10,7-12,Nick Chubb,16.29,10.800000190734863
2019,8,RB,11,7-12,Aaron Jones,15.92,41.599998474121094
2019,8,RB,12,7-12,Le'Veon Bell,15.92,6.5
2019,8,RB,13,13-24,James Conner,15.92,24.0
2019,8,RB,14,13-24,Austin Ekeler,15.73,10.199999809265137
2019,8,RB,15,13-24,Sony Michel,15.36,7.400000095367432
2019,8,RB,16,13-24,Derrick Henry,15.17,7.300000190734863
2019,8,RB,17,13-24,Josh Jacobs,13.3,10.100000381469727
2019,8,RB,18,13-24,James White,12.9,11.899999618530273
2019,8,RB,19,13-24,Carlos Hyde,11.6,8.300000190734863
2019,8,RB,21,13-24,Latavius Murray,11.4,36.70000076293945
2019,8,RB,22,13-24,Rex Burkhead,11.3,2.299999952316284
2019,8,RB,23,13-24,Melvin Gordon,11.1,11.399999618530273
2019,8,RB,24,13-24,Phillip Lindsay,10.7,12.600000381469727
2019,8,RB,25,25-40,Joe Mixon,10.0,17.700000762939453
2019,8,RB,26,25-40,Duke Johnson,9.8,13.399999618530273
2019,8,RB,27,25-40,Tarik Cohen,9.8,7.599999904632568
2019,8,RB,28,25-40,Frank Gore,9.5,3.4000000953674316
2019,8,RB,29,25-40,David Montgomery,9.4,24.700000762939453
2019,8,RB,30,25-40,Devonta Freeman,9.3,16.200000762939453
2019,8,RB,31,25-40,Royce Freeman,9.2,11.5
2019,8,RB,32,25-40,LeSean McCoy,8.8,8.300000190734863
2019,8,RB,33,25-40,Jordan Howard,8.7,18.100000381469727
2019,8,RB,34,25-40,Tevin Coleman,8.5,37.79999923706055
2019,8,RB,35,25-40,Matt Breida,8.4,6.0
2019,8,RB,36,25-40,Rashaad Penny,8.3,5.5
2019,8,RB,37,25-40,Devin Singletary,7.9,14.899999618530273
2019,8,RB,39,25-40,Chase Edmonds,7.7,3.299999952316284
2019,8,RB,40,25-40,Damien Williams,7.7,9.0
2019,8,WR,1,1-6,Chris Godwin Jr.,22.0,10.300000190734863
2019,8,WR,2,1-6,Cooper Kupp,19.3,35.0
2019,8,WR,3,1-6,Stefon Diggs,18.0,19.299999237060547
2019,8,WR,5,1-6,Marvin Jones,17.3,6.199999809265137
2019,8,WR,6,1-6,DeAndre Hopkins,17.1,21.899999618530273
2019,8,WR,7,7-12,Julio Jones,16.8,25.200000762939453
2019,8,WR,8,7-12,Mike Evans,16.7,42.79999923706055
2019,8,WR,10,7-12,Allen Robinson,15.8,11.199999809265137
2019,8,WR,12,7-12,Michael Thomas,14.9,27.299999237060547
2019,8,WR,13,13-24,Tyler Lockett,14.7,16.0
2019,8,WR,14,13-24,Sammy Watkins,14.4,9.5
2019,8,WR,15,13-24,Courtland Sutton,14.4,10.199999809265137
2019,8,WR,16,13-24,Robert Woods,13.6,6.199999809265137
2019,8,WR,17,13-24,Tyrell Williams,13.5,18.100000381469727
2019,8,WR,18,13-24,T.Y. Hilton,13.4,7.400000095367432
2019,8,WR,19,13-24,Kenny Golladay,13.3,28.299999237060547
2019,8,WR,20,13-24,Calvin Ridley,12.9,13.0
2019,8,WR,21,13-24,Keenan Allen,12.7,12.300000190734863
2019,8,WR,22,13-24,JuJu Smith-Schuster,12.3,21.299999237060547
2019,8,WR,23,13-24,Brandin Cooks,12.1,0.0
2019,8,WR,24,13-24,John Brown,12.0,10.399999618530273
2019,8,WR,25,25-40,Tyreek Hill,11.8,14.100000381469727
2019,8,WR,26,25-40,DJ Chark,11.5,19.899999618530273
2019,8,WR,27,25-40,Julian Edelman,11.3,27.5
2019,8,WR,28,25-40,Dede Westbrook,10.6,0.0
2019,8,WR,30,25-40,Tyler Boyd,10.0,12.800000190734863
2019,8,WR,31,25-40,Christian Kirk,9.7,17.799999237060547
2019,8,WR,32,25-40,Mike Williams,9.6,9.899999618530273
2019,8,WR,33,25-40,Terry McLaurin,9.6,7.900000095367432
2019,8,WR,34,25-40,Corey Davis,9.0,2.9000000953674316
2019,8,WR,35,25-40,DK Metcalf,8.9,16.299999237060547
2019,8,WR,36,25-40,Larry Fitzgerald,8.9,2.799999952316284
2019,8,WR,37,25-40,Golden Tate,8.6,16.5
2019,8,WR,39,25-40,Danny Amendola,8.5,17.5
2019,8,WR,40,25-40,Diontae Johnson,8.4,19.399999618530273
2019,8,WR,42,41-55,Kenny Stills,8.3,5.199999809265137
2019,8,WR,44,41-55,Cole Beasley,8.1,13.100000381469727
2019,8,WR,45,41-55,Mecole Hardman,7.9,13.5
2019,8,WR,46,41-55,Phillip Dorsett,7.8,7.300000190734863
2019,8,WR,47,41-55,Emmanuel Sanders,7.8,12.5
2019,8,WR,48,41-55,A.J. Brown,7.6,9.100000381469727
2019,8,WR,49,41-55,Robbie Chosen,7.5,8.300000190734863
2019,8,WR,50,41-55,Demarcus Robinson,7.5,2.5999999046325684
2019,8,WR,51,41-55,Odell Beckham Jr.,7.5,10.199999809265137
2019,8,WR,52,41-55,Geronimo Allison,7.4,1.7000000476837158
2019,8,WR,54,41-55,Jamison Crowder,7.3,5.400000095367432
2019,8,WR,55,41-55,Taylor Gabriel,7.3,9.300000190734863
2019,8,TE,1,1-3,Austin Hooper,15.1,18.5
2019,8,TE,2,1-3,Darren Waller,14.3,9.100000381469727
2019,8,TE,3,1-3,Travis Kelce,12.7,16.299999237060547
2019,8,TE,5,4-6,Gerald Everett,11.6,3.5
2019,8,TE,6,4-6,Hunter Henry,9.5,8.699999809265137
2019,8,TE,7,7-12,George Kittle,9.1,14.600000381469727
2019,8,TE,8,7-12,Vance McDonald,8.8,4.900000095367432
2019,8,TE,10,7-12,Eric Ebron,7.7,5.599999904632568
2019,8,TE,11,7-12,Jimmy Graham,7.7,5.0
2019,8,TE,12,7-12,Darren Fells,7.3,23.799999237060547
2019,8,TE,13,13-20,Evan Engram,7.2,14.0
2019,8,TE,14,13-20,Kyle Rudolph,7.1,4.699999809265137
2019,8,TE,15,13-20,T.J. Hockenson,7.0,3.0999999046325684
2019,8,TE,17,13-20,Tyler Higbee,6.2,1.7999999523162842
2019,8,TE,18,13-20,Jack Doyle,6.2,10.100000381469727
2019,8,TE,19,13-20,Foster Moreau,6.2,2.0
2019,9,QB,1,1-6,Deshaun Watson,23.94,19.739999771118164
2019,9,QB,2,1-6,Russell Wilson,22.17,39.220001220703125
2019,9,QB,3,1-6,Aaron Rodgers,21.29,12.9399995803833
2019,9,QB,4,1-6,Dak Prescott,19.52,21.479999542236328
2019,9,QB,5,1-6,Matthew Stafford,19.15,24.84000015258789
2019,9,QB,6,1-6,Ryan Fitzpatrick,18.93,23.719999313354492
2019,9,QB,7,7-12,Gardner Minshew,17.53,7.760000228881836
2019,9,QB,8,7-12,Josh Allen,17.31,17.600000381469727
2019,9,QB,9,7-12,Jameis Winston,17.31,20.200000762939453
2019,9,QB,10,7-12,Philip Rivers,17.09,11.760000228881836
2019,9,QB,11,7-12,Kirk Cousins,16.87,21.299999237060547
2019,9,QB,12,7-12,Lamar Jackson,16.21,28.6200008392334
2019,9,QB,13,13-24,Carson Wentz,15.99,15.0600004196167
2019,9,QB,14,13-24,Tom Brady,15.3,13.399999618530273
2019,9,QB,15,13-24,Mitchell Trubisky,15.1,6.5
2019,9,QB,16,13-24,Kyle Allen,14.5,14.880000114440918
2019,9,QB,17,13-24,Ryan Tannehill,14.1,23.040000915527344
2019,9,QB,18,13-24,Jacoby Brissett,13.8,2.759999990463257
2019,9,QB,19,13-24,Baker Mayfield,13.0,17.1200008392334
2019,9,QB,20,13-24,Daniel Jones,12.9,11.800000190734863
2019,9,QB,21,13-24,Sam Darnold,12.2,12.5
2019,9,QB,22,13-24,Jimmy Garoppolo,12.2,28.8799991607666
2019,9,QB,23,13-24,Mason Rudolph,12.2,10.140000343322754
2019,9,QB,24,13-24,Kyler Murray,11.7,23.040000915527344
2019,9,RB,1,1-6,Ezekiel Elliott,24.92,13.899999618530273
2019,9,RB,2,1-6,Christian McCaffrey,23.71,37.599998474121094
2019,9,RB,3,1-6,Nick Chubb,22.88,13.100000381469727
2019,9,RB,4,1-6,Leonard Fournette,21.11,12.199999809265137
2019,9,RB,5,1-6,Dalvin Cook,20.0,15.600000381469727
2019,9,RB,6,1-6,Aaron Jones,18.14,3.9000000953674316
2019,9,RB,7,7-12,Chris Carson,17.49,13.300000190734863
2019,9,RB,9,7-12,Josh Jacobs,15.45,24.0
2019,9,RB,10,7-12,Austin Ekeler,15.45,13.300000190734863
2019,9,RB,11,7-12,Saquon Barkley,15.36,15.5
2019,9,RB,12,7-12,Phillip Lindsay,15.17,15.199999809265137
2019,9,RB,13,13-24,Le'Veon Bell,14.9,20.100000381469727
2019,9,RB,14,13-24,Derrick Henry,14.8,24.899999618530273
2019,9,RB,15,13-24,Tevin Coleman,13.69,5.599999904632568
2019,9,RB,16,13-24,Melvin Gordon,12.8,25.899999618530273
2019,9,RB,17,13-24,Royce Freeman,12.8,2.4000000953674316
2019,9,RB,18,13-24,Marlon Mack,12.7,8.899999618530273
2019,9,RB,20,13-24,Carlos Hyde,11.7,14.0
2019,9,RB,21,13-24,David Montgomery,11.6,22.600000381469727
2019,9,RB,22,13-24,Jordan Howard,11.3,15.300000190734863
2019,9,RB,23,13-24,Mark Ingram,11.1,14.399999618530273
2019,9,RB,24,13-24,Miles Sanders,10.6,10.300000190734863
2019,9,RB,25,25-40,Sony Michel,10.5,4.0
2019,9,RB,26,25-40,James White,10.4,16.399999618530273
2019,9,RB,27,25-40,Tarik Cohen,9.7,3.5999999046325684
2019,9,RB,29,25-40,Duke Johnson,8.9,19.100000381469727
2019,9,RB,30,25-40,Matt Breida,8.8,11.199999809265137
2019,9,RB,31,25-40,Devin Singletary,8.6,23.0
2019,9,RB,32,25-40,Adrian Peterson,8.1,14.0
2019,9,RB,33,25-40,Frank Gore,8.0,1.5
2019,9,RB,34,25-40,Jamaal Williams,7.9,16.899999618530273
2019,9,RB,35,25-40,Justin Jackson,7.5,2.4000000953674316
2019,9,RB,36,25-40,Zach Zenner,7.5,-0.30000001192092896
2019,9,RB,37,25-40,Mark Walton,7.4,7.099999904632568
2019,9,RB,39,25-40,Rex Burkhead,7.0,4.400000095367432
2019,9,RB,40,25-40,Rashaad Penny,6.8,1.2000000476837158
2019,9,WR,1,1-6,Mike Evans,18.2,36.0
2019,9,WR,2,1-6,Courtland Sutton,17.4,17.299999237060547
2019,9,WR,3,1-6,Chris Godwin Jr.,17.3,13.899999618530273
2019,9,WR,4,1-6,Davante Adams,17.1,11.100000381469727
2019,9,WR,5,1-6,DeAndre Hopkins,17.1,19.399999618530273
2019,9,WR,6,1-6,Allen Robinson,16.4,1.600000023841858
2019,9,WR,7,7-12,Amari Cooper,16.2,18.0
2019,9,WR,8,7-12,Stefon Diggs,15.4,2.5999999046325684
2019,9,WR,10,7-12,Kenny Golladay,14.4,23.200000762939453
2019,9,WR,11,7-12,Tyrell Williams,14.3,7.800000190734863
2019,9,WR,12,7-12,Marvin Jones,14.2,26.600000381469727
2019,9,WR,13,13-24,Adam Thielen,13.6,0.0
2019,9,WR,14,13-24,Keenan Allen,13.0,7.0
2019,9,WR,15,13-24,DeSean Jackson,12.7,1.5
2019,9,WR,16,13-24,Tyler Lockett,11.1,40.20000076293945
2019,9,WR,17,13-24,Odell Beckham Jr.,10.6,13.199999809265137
2019,9,WR,18,13-24,John Brown,10.6,11.600000381469727
2019,9,WR,19,13-24,Julian Edelman,10.5,16.899999618530273
2019,9,WR,20,13-24,DJ Chark,10.2,7.199999809265137
2019,9,WR,21,13-24,DJ Moore,10.2,17.100000381469727
2019,9,WR,22,13-24,JuJu Smith-Schuster,10.2,4.599999904632568
2019,9,WR,23,13-24,Mike Williams,10.0,14.300000190734863
2019,9,WR,24,13-24,Jarvis Landry,9.7,17.100000381469727
2019,9,WR,25,25-40,Michael Gallup,9.6,11.300000190734863
2019,9,WR,26,25-40,DeVante Parker,9.4,15.699999809265137
2019,9,WR,27,25-40,Danny Amendola,9.3,5.900000095367432
2019,9,WR,28,25-40,Curtis Samuel,9.3,16.399999618530273
2019,9,WR,29,25-40,Alshon Jeffery,9.1,7.599999904632568
2019,9,WR,30,25-40,Emmanuel Sanders,8.9,24.200000762939453
2019,9,WR,31,25-40,Preston Williams,8.8,24.200000762939453
2019,9,WR,33,25-40,Taylor Gabriel,8.7,9.899999618530273
2019,9,WR,34,25-40,Robbie Chosen,8.3,5.300000190734863
2019,9,WR,36,25-40,Cole Beasley,8.2,9.300000190734863
2019,9,WR,37,25-40,Anthony Miller,8.2,0.0
2019,9,WR,39,25-40,Kenny Stills,7.9,9.199999809265137
2019,9,WR,40,25-40,Sammy Watkins,7.8,13.300000190734863
2019,9,WR,41,41-55,Demaryius Thomas,7.7,3.9000000953674316
2019,9,WR,42,41-55,Tyreek Hill,7.6,26.5
2019,9,WR,43,41-55,DK Metcalf,7.4,27.0
2019,9,WR,44,41-55,Geronimo Allison,7.4,4.099999904632568
2019,9,WR,45,41-55,Randall Cobb,7.3,7.5
2019,9,WR,46,41-55,Diontae Johnson,7.2,1.5
2019,9,WR,47,41-55,Christian Kirk,7.2,3.5999999046325684
2019,9,WR,48,41-55,Hunter Renfrow,7.0,17.399999618530273
2019,9,WR,50,41-55,Golden Tate,6.9,11.800000190734863
2019,9,WR,51,41-55,Marquise Brown,6.8,7.800000190734863
2019,9,WR,52,41-55,Chris Conley,6.8,5.199999809265137
2019,9,WR,54,41-55,Marquez Valdes-Scantling,6.8,0.0
2019,9,WR,55,41-55,Jamison Crowder,6.8,22.299999237060547
2019,9,TE,1,1-3,Darren Waller,13.9,7.199999809265137
2019,9,TE,3,1-3,George Kittle,10.3,19.899999618530273
2019,9,TE,4,4-6,Darren Fells,9.7,7.099999904632568
2019,9,TE,5,4-6,Hunter Henry,9.2,15.399999618530273
2019,9,TE,6,4-6,Zach Ertz,8.4,25.299999237060547
2019,9,TE,8,7-12,Travis Kelce,7.8,13.199999809265137
2019,9,TE,9,7-12,Mark Andrews,7.5,4.099999904632568
2019,9,TE,10,7-12,Jimmy Graham,7.1,5.699999809265137
2019,9,TE,11,7-12,Jason Witten,7.1,13.800000190734863
2019,9,TE,12,7-12,Vance McDonald,7.0,14.0
2019,9,TE,13,13-20,Kyle Rudolph,6.8,11.300000190734863
2019,9,TE,14,13-20,Noah Fant,6.7,20.5
2019,9,TE,15,13-20,Greg Olsen,6.4,7.0
2019,9,TE,16,13-20,Dallas Goedert,6.3,7.900000095367432
2019,9,TE,17,13-20,Evan Engram,6.0,11.0
2019,9,TE,18,13-20,Foster Moreau,6.0,7.300000190734863
2019,9,TE,19,13-20,T.J. Hockenson,5.9,8.600000381469727
2019,9,TE,20,13-20,Irv Smith,5.8,7.300000190734863
2019,10,QB,1,1-6,Lamar Jackson,25.33,33.41999816894531
2019,10,QB,2,1-6,Aaron Rodgers,20.11,10.020000457763672
2019,10,QB,4,1-6,Jameis Winston,18.42,18.31999969482422
2019,10,QB,5,1-6,Josh Allen,17.9,25.440000534057617
2019,10,QB,6,1-6,Russell Wilson,17.46,16.579999923706055
2019,10,QB,7,7-12,Dak Prescott,17.46,25.8799991607666
2019,10,QB,8,7-12,Ryan Tannehill,16.87,18.940000534057617
2019,10,QB,9,7-12,Kyler Murray,16.87,26.760000228881836
2019,10,QB,10,7-12,Daniel Jones,16.72,30.31999969482422
2019,10,QB,11,7-12,Kyle Allen,15.84,13.479999542236328
2019,10,QB,13,13-24,Jimmy Garoppolo,15.55,10.020000457763672
2019,10,QB,14,13-24,Philip Rivers,15.4,10.279999732971191
2019,10,QB,15,13-24,Ryan Fitzpatrick,15.2,13.0600004196167
2019,10,QB,16,13-24,Kirk Cousins,15.0,19.299999237060547
2019,10,QB,17,13-24,Jared Goff,15.0,3.7200000286102295
2019,10,QB,19,13-24,Mitchell Trubisky,13.0,19.719999313354492
2019,10,QB,21,13-24,Sam Darnold,10.9,21.700000762939453
2019,10,QB,22,13-24,Mason Rudolph,10.9,13.579999923706055
2019,10,QB,23,13-24,Baker Mayfield,10.4,17.6200008392334
2019,10,RB,1,1-6,Christian McCaffrey,31.6,26.100000381469727
2019,10,RB,2,1-6,Alvin Kamara,20.84,15.399999618530273
2019,10,RB,3,1-6,Ezekiel Elliott,20.19,8.300000190734863
2019,10,RB,4,1-6,Marlon Mack,17.77,9.199999809265137
2019,10,RB,5,1-6,Saquon Barkley,17.49,8.100000381469727
2019,10,RB,6,1-6,Nick Chubb,17.31,14.100000381469727
2019,10,RB,7,7-12,Derrick Henry,17.22,33.099998474121094
2019,10,RB,8,7-12,Mark Ingram,16.94,9.399999618530273
2019,10,RB,9,7-12,Latavius Murray,16.47,3.9000000953674316
2019,10,RB,10,7-12,Aaron Jones,15.92,27.299999237060547
2019,10,RB,11,7-12,Josh Jacobs,15.55,19.100000381469727
2019,10,RB,12,7-12,Le'Veon Bell,14.99,16.799999237060547
2019,10,RB,13,13-24,Dalvin Cook,14.9,31.299999237060547
2019,10,RB,14,13-24,Chris Carson,14.34,19.100000381469727
2019,10,RB,15,13-24,Melvin Gordon,14.15,20.299999237060547
2019,10,RB,16,13-24,Austin Ekeler,14.06,12.800000190734863
2019,10,RB,17,13-24,Todd Gurley,13.0,7.300000190734863
2019,10,RB,18,13-24,David Montgomery,12.5,6.0
2019,10,RB,20,13-24,Tevin Coleman,12.0,11.199999809265137
2019,10,RB,22,13-24,David Johnson,11.8,0.0
2019,10,RB,23,13-24,Joe Mixon,10.6,17.100000381469727
2019,10,RB,24,13-24,Devin Singletary,10.5,8.0
2019,10,RB,25,25-40,Devonta Freeman,9.9,7.800000190734863
2019,10,RB,26,25-40,Kenyan Drake,9.5,10.100000381469727
2019,10,RB,27,25-40,Damien Williams,9.0,13.899999618530273
2019,10,RB,28,25-40,Jamaal Williams,8.9,6.300000190734863
2019,10,RB,29,25-40,Matt Breida,8.7,4.5
2019,10,RB,30,25-40,Ronald Jones,8.3,22.600000381469727
2019,10,RB,31,25-40,Tarik Cohen,7.7,13.699999809265137
2019,10,RB,32,25-40,Gus Edwards,7.6,1.7000000476837158
2019,10,RB,34,25-40,Frank Gore,7.2,2.5999999046325684
2019,10,RB,40,25-40,Giovani Bernard,6.3,-0.20000000298023224
2019,10,WR,1,1-6,Mike Evans,20.1,12.199999809265137
2019,10,WR,2,1-6,Julio Jones,20.1,10.899999618530273
2019,10,WR,3,1-6,Michael Thomas,16.9,28.200000762939453
2019,10,WR,4,1-6,Chris Godwin Jr.,16.0,13.399999618530273
2019,10,WR,5,1-6,Davante Adams,15.3,18.799999237060547
2019,10,WR,6,1-6,Cooper Kupp,14.9,0.0
2019,10,WR,7,7-12,Calvin Ridley,14.2,7.699999809265137
2019,10,WR,8,7-12,Amari Cooper,13.6,31.700000762939453
2019,10,WR,9,7-12,Tyreek Hill,13.3,33.0
2019,10,WR,11,7-12,Stefon Diggs,12.7,7.900000095367432
2019,10,WR,12,7-12,Allen Robinson,12.5,14.600000381469727
2019,10,WR,13,13-24,Marvin Jones,12.3,12.699999809265137
2019,10,WR,14,13-24,Kenny Golladay,12.0,14.699999809265137
2019,10,WR,16,13-24,Emmanuel Sanders,11.5,4.400000095367432
2019,10,WR,17,13-24,Tyrell Williams,11.3,5.5
2019,10,WR,18,13-24,Keenan Allen,11.1,16.600000381469727
2019,10,WR,19,13-24,DJ Moore,11.0,21.0
2019,10,WR,20,13-24,John Brown,10.3,12.699999809265137
2019,10,WR,21,13-24,Sammy Watkins,10.2,10.100000381469727
2019,10,WR,22,13-24,Tyler Lockett,9.7,5.900000095367432
2019,10,WR,23,13-24,Curtis Samuel,9.7,13.5
2019,10,WR,24,13-24,Mike Williams,9.7,7.5
2019,10,WR,25,25-40,Tyler Boyd,9.6,12.199999809265137
2019,10,WR,26,25-40,JuJu Smith-Schuster,9.4,7.400000095367432
2019,10,WR,27,25-40,Marquise Brown,9.3,18.0
2019,10,WR,28,25-40,Jamison Crowder,9.2,19.100000381469727
2019,10,WR,29,25-40,Golden Tate,8.9,25.5
2019,10,WR,30,25-40,Robbie Chosen,8.2,2.0999999046325684
2019,10,WR,31,25-40,Robert Woods,8.2,16.5
2019,10,WR,32,25-40,Taylor Gabriel,8.1,13.800000190734863
2019,10,WR,33,25-40,Christian Kirk,7.9,37.79999923706055
2019,10,WR,35,25-40,Cole Beasley,7.9,11.399999618530273
2019,10,WR,36,25-40,Odell Beckham Jr.,7.9,10.699999809265137
2019,10,WR,38,25-40,Michael Gallup,7.8,17.600000381469727
2019,10,WR,40,25-40,Zach Pascal,7.7,4.599999904632568
2019,10,WR,41,41-55,DeVante Parker,7.6,11.899999618530273
2019,10,WR,42,41-55,Hunter Renfrow,7.6,8.199999809265137
2019,10,WR,43,41-55,Jarvis Landry,7.5,24.700000762939453
2019,10,WR,44,41-55,Tre'Quan Smith,7.4,2.299999952316284
2019,10,WR,45,41-55,Anthony Miller,7.4,1.7000000476837158
2019,10,WR,46,41-55,Demaryius Thomas,7.3,14.399999618530273
2019,10,WR,47,41-55,Ted Ginn,7.3,0.5
2019,10,WR,49,41-55,Larry Fitzgerald,7.2,15.100000381469727
2019,10,WR,50,41-55,Danny Amendola,7.1,6.900000095367432
2019,10,WR,51,41-55,A.J. Brown,6.7,2.700000047683716
2019,10,WR,53,41-55,Jake Kumerow,6.6,4.300000190734863
2019,10,WR,54,41-55,Randall Cobb,6.6,22.600000381469727
2019,10,WR,55,41-55,Adam Humphries,6.2,9.300000190734863
2019,10,TE,1,1-3,Austin Hooper,16.4,11.699999809265137
2019,10,TE,3,1-3,Mark Andrews,10.4,23.299999237060547
2019,10,TE,4,4-6,Darren Waller,10.2,7.0
2019,10,TE,5,4-6,Travis Kelce,9.9,20.5
2019,10,TE,6,4-6,Hunter Henry,9.3,13.0
2019,10,TE,7,7-12,O.J. Howard,8.4,14.699999809265137
2019,10,TE,8,7-12,Greg Olsen,7.2,17.799999237060547
2019,10,TE,9,7-12,Jason Witten,7.2,3.700000047683716
2019,10,TE,10,7-12,Vance McDonald,6.9,4.300000190734863
2019,10,TE,11,7-12,Jimmy Graham,6.9,7.900000095367432
2019,10,TE,12,7-12,Jack Doyle,6.8,13.399999618530273
2019,10,TE,13,13-20,Gerald Everett,6.7,14.800000190734863
2019,10,TE,14,13-20,Jared Cook,6.6,13.399999618530273
2019,10,TE,15,13-20,Kyle Rudolph,6.5,19.399999618530273
2019,10,TE,18,13-20,Eric Ebron,6.3,10.600000381469727
2019,11,QB,1,1-6,Dak Prescott,22.32,31.559999465942383
2019,11,QB,2,1-6,Josh Allen,19.45,33.84000015258789
2019,11,QB,3,1-6,Lamar Jackson,19.45,32.779998779296875
2019,11,QB,4,1-6,Drew Brees,19.3,21.1200008392334
2019,11,QB,5,1-6,Tom Brady,18.86,8.539999961853027
2019,11,QB,6,1-6,Kirk Cousins,18.49,22.860000610351562
2019,11,QB,7,7-12,Deshaun Watson,18.12,3.9600000381469727
2019,11,QB,8,7-12,Jameis Winston,17.68,14.819999694824219
2019,11,QB,9,7-12,Kyle Allen,17.53,5.699999809265137
2019,11,QB,10,7-12,Matt Ryan,17.31,16.440000534057617
2019,11,QB,11,7-12,Brian Hoyer,16.72,-0.20000000298023224
2019,11,QB,12,7-12,Philip Rivers,15.47,12.119999885559082
2019,11,QB,13,13-24,Jimmy Garoppolo,15.3,29.65999984741211
2019,11,QB,14,13-24,Jared Goff,14.6,5.21999979019165
2019,11,QB,15,13-24,Mason Rudolph,14.1,6.340000152587891
2019,11,QB,16,13-24,Baker Mayfield,13.4,21.81999969482422
2019,11,QB,17,13-24,Kyler Murray,13.2,26.700000762939453
2019,11,QB,19,13-24,Dwayne Haskins,12.9,17.059999465942383
2019,11,QB,20,13-24,Carson Wentz,12.8,12.260000228881836
2019,11,QB,21,13-24,Ryan Fitzpatrick,12.4,12.920000076293945
2019,11,QB,22,13-24,Ryan Finley,12.1,5.300000190734863
2019,11,QB,23,13-24,Sam Darnold,11.7,25.420000076293945
2019,11,QB,24,13-24,Mitchell Trubisky,11.4,10.0
2019,11,RB,1,1-6,Christian McCaffrey,30.76,30.100000381469727
2019,11,RB,2,1-6,Ezekiel Elliott,22.51,19.299999237060547
2019,11,RB,3,1-6,Dalvin Cook,21.02,16.700000762939453
2019,11,RB,4,1-6,Josh Jacobs,20.19,13.399999618530273
2019,11,RB,5,1-6,Alvin Kamara,17.87,22.200000762939453
2019,11,RB,6,1-6,Melvin Gordon,17.12,12.0
2019,11,RB,7,7-12,Leonard Fournette,15.82,12.699999809265137
2019,11,RB,8,7-12,Austin Ekeler,15.64,21.200000762939453
2019,11,RB,9,7-12,Marlon Mack,15.55,16.899999618530273
2019,11,RB,10,7-12,James White,15.55,9.600000381469727
2019,11,RB,11,7-12,James Conner,15.36,2.5999999046325684
2019,11,RB,12,7-12,Le'Veon Bell,15.27,17.200000762939453
2019,11,RB,13,13-24,Todd Gurley,14.9,20.299999237060547
2019,11,RB,14,13-24,Nick Chubb,14.71,9.199999809265137
2019,11,RB,15,13-24,Latavius Murray,14.52,5.199999809265137
2019,11,RB,16,13-24,Phillip Lindsay,13.0,9.5
2019,11,RB,18,13-24,Sony Michel,12.9,6.400000095367432
2019,11,RB,19,13-24,Tevin Coleman,12.4,9.199999809265137
2019,11,RB,20,13-24,Joe Mixon,12.0,17.299999237060547
2019,11,RB,21,13-24,Devin Singletary,11.7,8.899999618530273
2019,11,RB,22,13-24,Kareem Hunt,11.5,11.800000190734863
2019,11,RB,24,13-24,Mark Ingram,10.8,23.5
2019,11,RB,25,25-40,Adrian Peterson,10.8,5.0
2019,11,RB,26,25-40,Damien Williams,10.7,2.299999952316284
2019,11,RB,27,25-40,Carlos Hyde,10.1,12.5
2019,11,RB,29,25-40,Royce Freeman,10.0,5.5
2019,11,RB,30,25-40,David Montgomery,9.5,6.0
2019,11,RB,31,25-40,Rex Burkhead,9.5,6.800000190734863
2019,11,RB,32,25-40,Duke Johnson,9.3,6.400000095367432
2019,11,RB,33,25-40,Miles Sanders,8.7,6.699999809265137
2019,11,RB,35,25-40,Ronald Jones,8.5,3.4000000953674316
2019,11,RB,36,25-40,Kenyan Drake,8.2,14.0
2019,11,RB,38,25-40,Jalen Richard,7.9,1.7000000476837158
2019,11,RB,40,25-40,LeSean McCoy,7.5,15.699999809265137
2019,11,WR,1,1-6,Michael Thomas,20.3,25.399999618530273
2019,11,WR,2,1-6,Courtland Sutton,19.2,18.81999969482422
2019,11,WR,3,1-6,Mike Evans,18.2,10.899999618530273
2019,11,WR,4,1-6,Amari Cooper,18.0,6.800000190734863
2019,11,WR,5,1-6,Tyreek Hill,16.7,0.0
2019,11,WR,7,7-12,Chris Godwin Jr.,16.4,13.699999809265137
2019,11,WR,8,7-12,Julio Jones,16.1,14.699999809265137
2019,11,WR,9,7-12,Stefon Diggs,15.6,23.100000381469727
2019,11,WR,10,7-12,Julian Edelman,14.1,14.899999618530273
2019,11,WR,11,7-12,Cooper Kupp,13.9,8.300000190734863
2019,11,WR,12,7-12,DJ Moore,13.5,17.5
2019,11,WR,13,13-24,DeAndre Hopkins,13.3,15.0
2019,11,WR,14,13-24,Kenny Golladay,13.2,4.400000095367432
2019,11,WR,15,13-24,Marvin Jones,13.1,19.899999618530273
2019,11,WR,17,13-24,Tyrell Williams,11.9,12.199999809265137
2019,11,WR,18,13-24,Emmanuel Sanders,11.4,6.300000190734863
2019,11,WR,19,13-24,John Brown,11.4,34.70000076293945
2019,11,WR,21,13-24,Curtis Samuel,11.3,6.5
2019,11,WR,22,13-24,JuJu Smith-Schuster,11.2,4.099999904632568
2019,11,WR,23,13-24,Calvin Ridley,11.0,28.299999237060547
2019,11,WR,24,13-24,Sammy Watkins,10.5,4.599999904632568
2019,11,WR,25,25-40,Allen Robinson,10.5,5.5
2019,11,WR,26,25-40,Keenan Allen,10.5,21.100000381469727
2019,11,WR,27,25-40,Michael Gallup,10.4,23.799999237060547
2019,11,WR,28,25-40,Terry McLaurin,10.4,9.899999618530273
2019,11,WR,30,25-40,Randall Cobb,10.0,21.5
2019,11,WR,31,25-40,Jarvis Landry,9.9,14.300000190734863
2019,11,WR,32,25-40,Hunter Renfrow,9.5,11.600000381469727
2019,11,WR,33,25-40,Odell Beckham Jr.,9.3,10.0
2019,11,WR,35,25-40,Jamison Crowder,8.9,18.600000381469727
2019,11,WR,36,25-40,Mohamed Sanu,8.8,3.200000047683716
2019,11,WR,37,25-40,Mike Williams,8.6,9.600000381469727
2019,11,WR,38,25-40,Diontae Johnson,8.6,3.700000047683716
2019,11,WR,39,25-40,Cole Beasley,8.5,7.800000190734863
2019,11,WR,40,25-40,Marquise Brown,8.5,4.300000190734863
2019,11,WR,41,41-55,Christian Kirk,8.5,10.199999809265137
2019,11,WR,42,41-55,Danny Amendola,7.6,8.699999809265137
2019,11,WR,43,41-55,Deebo Samuel Sr.,7.4,21.399999618530273
2019,11,WR,44,41-55,Taylor Gabriel,7.4,12.699999809265137
2019,11,WR,46,41-55,Phillip Dorsett,7.3,12.300000190734863
2019,11,WR,47,41-55,Ted Ginn,7.2,9.399999618530273
2019,11,WR,48,41-55,James Washington,7.2,7.900000095367432
2019,11,WR,49,41-55,Tyler Boyd,7.2,2.0
2019,11,WR,50,41-55,Demaryius Thomas,7.1,8.399999618530273
2019,11,WR,51,41-55,Zach Pascal,7.1,3.700000047683716
2019,11,WR,52,41-55,Tre'Quan Smith,6.9,0.0
2019,11,WR,54,41-55,DJ Chark,6.6,30.399999618530273
2019,11,WR,55,41-55,Demarcus Robinson,6.4,0.0
2019,11,TE,2,1-3,Darren Waller,13.0,12.600000381469727
2019,11,TE,4,4-6,Travis Kelce,12.1,22.200000762939453
2019,11,TE,5,4-6,Jared Cook,9.6,11.300000190734863
2019,11,TE,6,4-6,Mark Andrews,9.5,17.5
2019,11,TE,7,7-12,Hunter Henry,9.4,14.899999618530273
2019,11,TE,8,7-12,Noah Fant,9.1,9.300000190734863
2019,11,TE,9,7-12,Vance McDonald,9.0,6.300000190734863
2019,11,TE,10,7-12,Gerald Everett,8.8,3.0
2019,11,TE,11,7-12,O.J. Howard,8.8,0.0
2019,11,TE,12,7-12,Kyle Rudolph,8.7,17.700000762939453
2019,11,TE,13,13-20,Greg Olsen,8.7,10.699999809265137
2019,11,TE,14,13-20,Zach Ertz,8.1,18.399999618530273
2019,11,TE,15,13-20,Jack Doyle,7.9,0.0
2019,11,TE,16,13-20,Eric Ebron,7.5,6.699999809265137
2019,11,TE,17,13-20,Irv Smith,7.4,11.0
2019,11,TE,18,13-20,Jason Witten,7.4,8.300000190734863
2019,11,TE,19,13-20,Foster Moreau,6.8,8.800000190734863
2019,11,TE,20,13-20,Darren Fells,6.5,2.799999952316284
2019,12,QB,1,1-6,Russell Wilson,21.8,9.5
2019,12,QB,2,1-6,Jameis Winston,21.43,24.31999969482422
2019,12,QB,3,1-6,Matt Ryan,21.29,7.639999866485596
2019,12,QB,4,1-6,Lamar Jackson,20.99,36.2599983215332
2019,12,QB,5,1-6,Jimmy Garoppolo,19.52,18.219999313354492
2019,12,QB,6,1-6,Baker Mayfield,19.0,23.579999923706055
2019,12,QB,7,7-12,Josh Allen,18.93,19.0
2019,12,QB,8,7-12,Ryan Tannehill,18.34,32.36000061035156
2019,12,QB,9,7-12,Deshaun Watson,17.61,18.920000076293945
2019,12,QB,10,7-12,Drew Brees,17.24,22.440000534057617
2019,12,QB,11,7-12,Dak Prescott,16.13,6.880000114440918
2019,12,QB,12,7-12,Aaron Rodgers,15.69,9.460000038146973
2019,12,QB,13,13-24,Ryan Fitzpatrick,15.62,23.059999465942383
2019,12,QB,14,13-24,Jeff Driskel,15.3,12.579999923706055
2019,12,QB,15,13-24,Nick Foles,14.9,14.880000114440918
2019,12,QB,16,13-24,Carson Wentz,14.3,8.9399995803833
2019,12,QB,17,13-24,Daniel Jones,14.3,14.699999809265137
2019,12,QB,18,13-24,Sam Darnold,14.0,28.200000762939453
2019,12,QB,19,13-24,Tom Brady,13.9,11.300000190734863
2019,12,QB,20,13-24,Mason Rudolph,13.7,1.7999999523162842
2019,12,QB,21,13-24,Mitchell Trubisky,13.6,18.920000076293945
2019,12,QB,22,13-24,Dwayne Haskins,12.9,5.039999961853027
2019,12,QB,23,13-24,Jared Goff,12.1,4.380000114440918
2019,12,QB,24,13-24,Kyle Allen,12.1,23.139999389648438
2019,12,RB,1,1-6,Derrick Henry,21.48,28.5
2019,12,RB,2,1-6,Christian McCaffrey,21.21,34.29999923706055
2019,12,RB,3,1-6,Chris Carson,20.65,9.699999809265137
2019,12,RB,4,1-6,Nick Chubb,19.81,25.399999618530273
2019,12,RB,5,1-6,Leonard Fournette,19.35,36.900001525878906
2019,12,RB,6,1-6,Alvin Kamara,18.7,19.200000762939453
2019,12,RB,7,7-12,Ezekiel Elliott,16.84,16.600000381469727
2019,12,RB,8,7-12,Kareem Hunt,16.1,12.600000381469727
2019,12,RB,9,7-12,Saquon Barkley,15.08,8.0
2019,12,RB,10,7-12,Latavius Murray,15.08,12.399999618530273
2019,12,RB,12,7-12,Josh Jacobs,14.71,4.599999904632568
2019,12,RB,13,13-24,Todd Gurley,14.62,4.900000095367432
2019,12,RB,14,13-24,Le'Veon Bell,14.25,15.800000190734863
2019,12,RB,15,13-24,Tevin Coleman,13.5,12.899999618530273
2019,12,RB,16,13-24,Aaron Jones,13.3,3.799999952316284
2019,12,RB,18,13-24,Mark Ingram,12.1,24.799999237060547
2019,12,RB,19,13-24,David Montgomery,11.9,5.099999904632568
2019,12,RB,20,13-24,James White,11.8,0.8999999761581421
2019,12,RB,21,13-24,Adrian Peterson,11.7,5.900000095367432
2019,12,RB,23,13-24,Phillip Lindsay,11.5,7.800000190734863
2019,12,RB,24,13-24,Joe Mixon,10.8,7.900000095367432
2019,12,RB,27,25-40,Devin Singletary,10.5,12.399999618530273
2019,12,RB,28,25-40,Ronald Jones,10.2,15.699999809265137
2019,12,RB,30,25-40,Tarik Cohen,10.1,12.399999618530273
2019,12,RB,31,25-40,Miles Sanders,9.8,11.600000381469727
2019,12,RB,32,25-40,Carlos Hyde,9.3,6.699999809265137
2019,12,RB,33,25-40,Sony Michel,9.1,8.5
2019,12,RB,34,25-40,Bo Scarbrough,8.6,7.800000190734863
2019,12,RB,35,25-40,Nyheim Hines,8.4,8.100000381469727
2019,12,RB,36,25-40,Duke Johnson,8.3,4.0
2019,12,RB,37,25-40,Royce Freeman,7.9,4.900000095367432
2019,12,RB,38,25-40,Jaylen Samuels,7.3,6.199999809265137
2019,12,RB,40,25-40,Gus Edwards,6.9,5.5
2019,12,WR,1,1-6,Mike Evans,22.9,9.0
2019,12,WR,2,1-6,Michael Thomas,19.8,26.100000381469727
2019,12,WR,3,1-6,Chris Godwin Jr.,19.6,37.400001525878906
2019,12,WR,4,1-6,Julio Jones,19.0,11.800000190734863
2019,12,WR,5,1-6,Calvin Ridley,17.0,22.0
2019,12,WR,6,1-6,John Brown,12.8,11.899999618530273
2019,12,WR,7,7-12,DeAndre Hopkins,12.8,27.399999618530273
2019,12,WR,8,7-12,T.Y. Hilton,12.6,4.800000190734863
2019,12,WR,9,7-12,Davante Adams,12.3,19.299999237060547
2019,12,WR,10,7-12,Emmanuel Sanders,12.1,2.5
2019,12,WR,11,7-12,Will Fuller,12.0,21.0
2019,12,WR,12,7-12,Jarvis Landry,12.0,36.79999923706055
2019,12,WR,14,13-24,Marvin Jones,11.5,9.600000381469727
2019,12,WR,15,13-24,DJ Moore,11.5,31.399999618530273
2019,12,WR,16,13-24,Tyrell Williams,11.4,3.799999952316284
2019,12,WR,17,13-24,Allen Robinson,11.0,25.100000381469727
2019,12,WR,18,13-24,Tyler Lockett,10.9,4.800000190734863
2019,12,WR,19,13-24,Cooper Kupp,10.8,9.5
2019,12,WR,20,13-24,DJ Chark,10.7,10.800000190734863
2019,12,WR,21,13-24,Odell Beckham Jr.,10.5,20.399999618530273
2019,12,WR,22,13-24,Kenny Golladay,9.9,10.100000381469727
2019,12,WR,23,13-24,Julian Edelman,9.7,17.299999237060547
2019,12,WR,24,13-24,Deebo Samuel Sr.,9.5,13.0
2019,12,WR,25,25-40,Amari Cooper,9.4,0.0
2019,12,WR,26,25-40,Taylor Gabriel,9.0,2.9000000953674316
2019,12,WR,27,25-40,Courtland Sutton,9.0,3.700000047683716
2019,12,WR,28,25-40,Jamison Crowder,8.9,3.799999952316284
2019,12,WR,29,25-40,DeVante Parker,8.8,15.100000381469727
2019,12,WR,30,25-40,Hunter Renfrow,8.7,6.099999904632568
2019,12,WR,31,25-40,Robert Woods,8.7,15.699999809265137
2019,12,WR,32,25-40,DK Metcalf,8.6,6.5
2019,12,WR,33,25-40,Terry McLaurin,8.4,12.199999809265137
2019,12,WR,34,25-40,Diontae Johnson,8.2,5.900000095367432
2019,12,WR,37,25-40,Curtis Samuel,7.9,5.900000095367432
2019,12,WR,38,25-40,Marquise Brown,7.8,21.200000762939453
2019,12,WR,39,25-40,Golden Tate,7.8,12.300000190734863
2019,12,WR,40,25-40,James Washington,7.7,18.799999237060547
2019,12,WR,41,41-55,Cole Beasley,7.6,19.600000381469727
2019,12,WR,42,41-55,Josh Gordon,7.6,2.0
2019,12,WR,43,41-55,Michael Gallup,7.4,9.5
2019,12,WR,44,41-55,Corey Davis,7.3,4.900000095367432
2019,12,WR,45,41-55,Brandin Cooks,7.3,5.300000190734863
2019,12,WR,46,41-55,Randall Cobb,7.2,12.600000381469727
2019,12,WR,47,41-55,Dede Westbrook,7.1,14.899999618530273
2019,12,WR,48,41-55,Anthony Miller,7.1,13.699999809265137
2019,12,WR,49,41-55,Ted Ginn,6.9,5.800000190734863
2019,12,WR,50,41-55,Marcus Johnson,6.9,0.0
2019,12,WR,51,41-55,A.J. Brown,6.8,23.5
2019,12,WR,52,41-55,Demaryius Thomas,6.7,4.199999809265137
2019,12,WR,53,41-55,Adam Humphries,6.7,5.0
2019,12,WR,55,41-55,Kendrick Bourne,6.7,4.699999809265137
2019,12,TE,2,1-3,George Kittle,13.4,24.899999618530273
2019,12,TE,3,1-3,O.J. Howard,11.3,2.0
2019,12,TE,4,4-6,Mark Andrews,10.2,6.5
2019,12,TE,5,4-6,Cameron Brate,10.1,0.0
2019,12,TE,6,4-6,Darren Waller,9.6,7.099999904632568
2019,12,TE,7,7-12,Zach Ertz,9.4,27.100000381469727
2019,12,TE,9,7-12,Vance McDonald,9.0,1.100000023841858
2019,12,TE,10,7-12,Jared Cook,8.8,21.899999618530273
2019,12,TE,11,7-12,Eric Ebron,7.1,8.399999618530273
2019,12,TE,12,7-12,Gerald Everett,7.0,4.300000190734863
2019,12,TE,13,13-20,Greg Olsen,7.0,9.399999618530273
2019,12,TE,15,13-20,Darren Fells,6.4,3.4000000953674316
2019,12,TE,16,13-20,Jordan Matthews,6.2,5.699999809265137
2019,12,TE,17,13-20,Ryan Griffin,6.1,10.300000190734863
2019,12,TE,18,13-20,Jack Doyle,6.1,5.800000190734863
2019,12,TE,20,13-20,Dallas Goedert,6.0,8.199999809265137
2019,13,QB,1,1-6,Drew Brees,22.32,11.260000228881836
2019,13,QB,2,1-6,Patrick Mahomes,22.17,19.5
2019,13,QB,3,1-6,Jameis Winston,20.04,10.720000267028809
2019,13,QB,4,1-6,Lamar Jackson,19.08,22.299999237060547
2019,13,QB,5,1-6,Carson Wentz,18.86,24.399999618530273
2019,13,QB,6,1-6,Russell Wilson,18.64,16.899999618530273
2019,13,QB,7,7-12,Kyler Murray,18.49,13.319999694824219
2019,13,QB,8,7-12,Josh Allen,18.2,23.540000915527344
2019,13,QB,9,7-12,Aaron Rodgers,17.97,28.1200008392334
2019,13,QB,10,7-12,Daniel Jones,17.53,8.199999809265137
2019,13,QB,11,7-12,Ryan Fitzpatrick,17.39,26.799999237060547
2019,13,QB,12,7-12,Ryan Tannehill,17.09,13.779999732971191
2019,13,QB,13,13-24,Kirk Cousins,16.8,17.040000915527344
2019,13,QB,14,13-24,Sam Darnold,16.58,10.460000038146973
2019,13,QB,15,13-24,Nick Foles,16.58,-1.9800000190734863
2019,13,QB,16,13-24,Dak Prescott,16.36,22.700000762939453
2019,13,QB,17,13-24,Matt Ryan,16.13,16.579999923706055
2019,13,QB,18,13-24,Tom Brady,15.99,24.34000015258789
2019,13,QB,19,13-24,Baker Mayfield,15.91,8.039999961853027
2019,13,QB,20,13-24,Jacoby Brissett,15.62,12.65999984741211
2019,13,QB,21,13-24,Deshaun Watson,15.47,28.860000610351562
2019,13,QB,22,13-24,Mitchell Trubisky,15.3,23.920000076293945
2019,13,QB,23,13-24,Philip Rivers,15.0,16.600000381469727
2019,13,QB,24,13-24,Kyle Allen,14.8,23.31999969482422
2019,13,RB,1,1-6,Christian McCaffrey,27.61,17.200000762939453
2019,13,RB,2,1-6,Leonard Fournette,23.62,18.100000381469727
2019,13,RB,3,1-6,Alvin Kamara,22.23,12.399999618530273
2019,13,RB,4,1-6,Ezekiel Elliott,18.98,20.700000762939453
2019,13,RB,5,1-6,Latavius Murray,16.1,0.20000000298023224
2019,13,RB,6,1-6,Chris Carson,16.01,17.899999618530273
2019,13,RB,7,7-12,Dalvin Cook,15.92,13.399999618530273
2019,13,RB,8,7-12,Derrick Henry,15.92,23.600000381469727
2019,13,RB,9,7-12,Saquon Barkley,15.92,14.5
2019,13,RB,10,7-12,Aaron Jones,15.82,7.099999904632568
2019,13,RB,11,7-12,Le'Veon Bell,15.73,10.699999809265137
2019,13,RB,12,7-12,Melvin Gordon,15.55,13.0
2019,13,RB,13,13-24,Austin Ekeler,15.17,16.700000762939453
2019,13,RB,14,13-24,Josh Jacobs,14.99,10.399999618530273
2019,13,RB,16,13-24,Nick Chubb,14.9,8.899999618530273
2019,13,RB,17,13-24,Todd Gurley,14.62,18.5
2019,13,RB,19,13-24,Miles Sanders,13.2,21.5
2019,13,RB,21,13-24,Ronald Jones,12.0,0.800000011920929
2019,13,RB,22,13-24,Phillip Lindsay,12.0,9.199999809265137
2019,13,RB,23,13-24,Mark Ingram,11.5,8.199999809265137
2019,13,RB,25,25-40,James White,11.4,37.70000076293945
2019,13,RB,26,25-40,Tarik Cohen,11.2,7.5
2019,13,RB,27,25-40,Kareem Hunt,11.2,17.5
2019,13,RB,29,25-40,Joe Mixon,11.0,17.0
2019,13,RB,30,25-40,David Montgomery,10.7,16.700000762939453
2019,13,RB,31,25-40,Adrian Peterson,10.5,15.899999618530273
2019,13,RB,32,25-40,Kenyan Drake,10.2,7.099999904632568
2019,13,RB,33,25-40,David Johnson,9.9,4.400000095367432
2019,13,RB,34,25-40,Devin Singletary,9.8,19.100000381469727
2019,13,RB,35,25-40,Sony Michel,9.3,4.5
2019,13,RB,36,25-40,Tevin Coleman,9.0,2.5
2019,13,RB,37,25-40,Carlos Hyde,8.9,3.200000047683716
2019,13,RB,38,25-40,Jamaal Williams,8.8,10.699999809265137
2019,13,RB,39,25-40,LeSean McCoy,8.6,12.0
2019,13,WR,1,1-6,Michael Thomas,26.5,10.800000190734863
2019,13,WR,2,1-6,Chris Godwin Jr.,19.4,9.0
2019,13,WR,3,1-6,Tyreek Hill,18.1,10.100000381469727
2019,13,WR,4,1-6,Mike Evans,17.1,9.300000190734863
2019,13,WR,5,1-6,Davante Adams,16.2,24.399999618530273
2019,13,WR,6,1-6,DJ Moore,13.9,19.200000762939453
2019,13,WR,7,7-12,Stefon Diggs,13.6,9.199999809265137
2019,13,WR,9,7-12,Keenan Allen,13.0,18.799999237060547
2019,13,WR,11,7-12,Allen Robinson,12.7,22.600000381469727
2019,13,WR,12,7-12,Calvin Ridley,12.5,17.100000381469727
2019,13,WR,13,13-24,Jarvis Landry,12.5,13.600000381469727
2019,13,WR,14,13-24,DeAndre Hopkins,12.1,15.640000343322754
2019,13,WR,15,13-24,Cooper Kupp,11.5,18.5
2019,13,WR,17,13-24,Christian Kirk,10.9,5.300000190734863
2019,13,WR,18,13-24,Julian Edelman,10.8,21.899999618530273
2019,13,WR,19,13-24,DJ Chark,10.8,6.699999809265137
2019,13,WR,20,13-24,Will Fuller,10.7,1.7999999523162842
2019,13,WR,21,13-24,John Brown,10.6,10.720000267028809
2019,13,WR,22,13-24,Marvin Jones,10.6,13.0
2019,13,WR,23,13-24,DeVante Parker,10.2,34.900001525878906
2019,13,WR,24,13-24,Mike Williams,10.2,16.700000762939453
2019,13,WR,25,25-40,Amari Cooper,10.0,16.5
2019,13,WR,26,25-40,Alshon Jeffery,10.0,28.700000762939453
2019,13,WR,27,25-40,Sammy Watkins,9.9,0.0
2019,13,WR,28,25-40,Robert Woods,9.7,30.200000762939453
2019,13,WR,30,25-40,Odell Beckham Jr.,9.5,5.900000095367432
2019,13,WR,31,25-40,Kenny Golladay,9.5,25.799999237060547
2019,13,WR,32,25-40,Tyler Lockett,9.3,0.0
2019,13,WR,34,25-40,Courtland Sutton,9.2,23.399999618530273
2019,13,WR,35,25-40,James Washington,8.9,21.100000381469727
2019,13,WR,36,25-40,Michael Gallup,8.9,9.300000190734863
2019,13,WR,37,25-40,Dede Westbrook,8.9,19.0
2019,13,WR,38,25-40,Randall Cobb,8.8,8.300000190734863
2019,13,WR,40,25-40,Jamison Crowder,8.4,2.799999952316284
2019,13,WR,41,41-55,Larry Fitzgerald,8.4,11.600000381469727
2019,13,WR,42,41-55,Ted Ginn,8.4,0.0
2019,13,WR,43,41-55,Tyrell Williams,8.3,1.899999976158142
2019,13,WR,44,41-55,Diontae Johnson,8.0,4.099999904632568
2019,13,WR,45,41-55,DK Metcalf,8.0,11.5
2019,13,WR,47,41-55,Cole Beasley,7.8,23.0
2019,13,WR,48,41-55,Curtis Samuel,7.7,16.5
2019,13,WR,49,41-55,Terry McLaurin,7.7,2.799999952316284
2019,13,WR,50,41-55,Marquise Brown,7.7,1.100000023841858
2019,13,WR,51,41-55,Tre'Quan Smith,7.6,3.4000000953674316
2019,13,WR,53,41-55,Anthony Miller,7.6,23.0
2019,13,WR,54,41-55,Tyler Boyd,7.4,16.899999618530273
2019,13,WR,55,41-55,A.J. Brown,7.3,7.5
2019,13,TE,1,1-3,Travis Kelce,15.6,14.0
2019,13,TE,2,1-3,Zach Ertz,14.0,5.400000095367432
2019,13,TE,3,1-3,Jared Cook,13.0,11.5
2019,13,TE,5,4-6,Hunter Henry,10.6,3.0
2019,13,TE,6,4-6,Darren Waller,10.1,17.0
2019,13,TE,7,7-12,George Kittle,9.7,3.4000000953674316
2019,13,TE,8,7-12,Cameron Brate,9.1,1.5
2019,13,TE,9,7-12,O.J. Howard,8.9,11.100000381469727
2019,13,TE,11,7-12,Greg Olsen,8.7,5.199999809265137
2019,13,TE,12,7-12,Dallas Goedert,8.1,12.600000381469727
2019,13,TE,13,13-20,Kyle Rudolph,8.1,15.0
2019,13,TE,14,13-20,Vance McDonald,7.7,5.099999904632568
2019,13,TE,15,13-20,Mark Andrews,7.3,14.0
2019,13,TE,18,13-20,Ryan Griffin,6.6,8.0
2019,13,TE,19,13-20,Irv Smith,6.5,1.600000023841858
2019,13,TE,20,13-20,Jimmy Graham,6.2,2.5999999046325684
2019,14,QB,1,1-6,Kirk Cousins,21.29,13.579999923706055
2019,14,QB,2,1-6,Deshaun Watson,21.07,28.079999923706055
2019,14,QB,3,1-6,Aaron Rodgers,20.26,11.399999618530273
2019,14,QB,4,1-6,Kyle Allen,18.86,18.1200008392334
2019,14,QB,5,1-6,Ryan Tannehill,18.71,27.540000915527344
2019,14,QB,6,1-6,Russell Wilson,18.2,10.600000381469727
2019,14,QB,7,7-12,Dak Prescott,18.12,17.459999084472656
2019,14,QB,8,7-12,Lamar Jackson,18.05,19.799999237060547
2019,14,QB,9,7-12,Ryan Fitzpatrick,17.83,14.300000190734863
2019,14,QB,10,7-12,Sam Darnold,17.75,17.100000381469727
2019,14,QB,11,7-12,Carson Wentz,17.68,19.899999618530273
2019,14,QB,12,7-12,Matt Ryan,17.31,21.31999969482422
2019,14,QB,13,13-24,Patrick Mahomes,17.24,13.920000076293945
2019,14,QB,14,13-24,Jacoby Brissett,16.8,22.639999389648438
2019,14,QB,15,13-24,Jameis Winston,16.5,34.7400016784668
2019,14,QB,16,13-24,Kyler Murray,16.5,9.960000038146973
2019,14,QB,17,13-24,Tom Brady,16.36,10.760000228881836
2019,14,QB,18,13-24,Baker Mayfield,15.99,10.979999542236328
2019,14,QB,20,13-24,Jimmy Garoppolo,15.62,28.059999465942383
2019,14,QB,21,13-24,Josh Allen,15.62,10.739999771118164
2019,14,QB,22,13-24,Philip Rivers,15.55,24.559999465942383
2019,14,QB,23,13-24,Jared Goff,14.3,16.1200008392334
2019,14,QB,24,13-24,Devlin Hodges,14.3,13.479999542236328
2019,14,RB,1,1-6,Christian McCaffrey,27.7,24.5
2019,14,RB,2,1-6,Derrick Henry,20.65,23.899999618530273
2019,14,RB,3,1-6,Ezekiel Elliott,20.56,23.299999237060547
2019,14,RB,4,1-6,Dalvin Cook,20.0,15.5
2019,14,RB,5,1-6,Leonard Fournette,18.79,9.300000190734863
2019,14,RB,6,1-6,Melvin Gordon,17.4,19.399999618530273
2019,14,RB,7,7-12,Nick Chubb,17.12,12.699999809265137
2019,14,RB,9,7-12,James White,15.73,12.399999618530273
2019,14,RB,10,7-12,Austin Ekeler,15.73,31.299999237060547
2019,14,RB,11,7-12,Chris Carson,15.55,12.100000381469727
2019,14,RB,12,7-12,Saquon Barkley,15.45,9.699999809265137
2019,14,RB,13,13-24,Alvin Kamara,15.36,6.300000190734863
2019,14,RB,14,13-24,Todd Gurley,15.27,21.299999237060547
2019,14,RB,15,13-24,Joe Mixon,14.99,27.600000381469727
2019,14,RB,16,13-24,Kareem Hunt,14.15,14.800000190734863
2019,14,RB,18,13-24,Aaron Jones,13.69,31.200000762939453
2019,14,RB,19,13-24,Marlon Mack,13.1,9.800000190734863
2019,14,RB,22,13-24,Miles Sanders,13.0,10.899999618530273
2019,14,RB,24,13-24,Mark Ingram,12.4,10.899999618530273
2019,14,RB,25,25-40,Duke Johnson,12.1,10.5
2019,14,RB,26,25-40,Adrian Peterson,11.9,13.600000381469727
2019,14,RB,27,25-40,Phillip Lindsay,11.8,13.5
2019,14,RB,28,25-40,Carlos Hyde,10.6,9.800000190734863
2019,14,RB,29,25-40,Derrius Guice,10.6,4.199999809265137
2019,14,RB,30,25-40,Devonta Freeman,10.6,19.399999618530273
2019,14,RB,31,25-40,Rashaad Penny,10.1,2.5999999046325684
2019,14,RB,32,25-40,David Montgomery,9.8,6.599999904632568
2019,14,RB,33,25-40,Devin Singletary,9.7,17.799999237060547
2019,14,RB,34,25-40,Kenyan Drake,9.7,9.699999809265137
2019,14,RB,35,25-40,Sony Michel,9.6,1.899999976158142
2019,14,RB,36,25-40,Bo Scarbrough,9.4,8.0
2019,14,RB,37,25-40,Tarik Cohen,9.3,9.100000381469727
2019,14,RB,38,25-40,Jamaal Williams,8.9,2.4000000953674316
2019,14,RB,39,25-40,Royce Freeman,8.6,11.199999809265137
2019,14,WR,1,1-6,Davante Adams,18.4,8.100000381469727
2019,14,WR,2,1-6,DJ Moore,18.1,12.100000381469727
2019,14,WR,3,1-6,DeAndre Hopkins,17.3,26.200000762939453
2019,14,WR,5,1-6,Courtland Sutton,16.1,8.399999618530273
2019,14,WR,6,1-6,Stefon Diggs,15.3,15.199999809265137
2019,14,WR,7,7-12,Kenny Golladay,15.0,17.799999237060547
2019,14,WR,8,7-12,Michael Thomas,14.8,30.399999618530273
2019,14,WR,9,7-12,Marvin Jones,14.7,6.800000190734863
2019,14,WR,10,7-12,Keenan Allen,14.1,13.300000190734863
2019,14,WR,11,7-12,Calvin Ridley,14.0,18.600000381469727
2019,14,WR,12,7-12,Chris Godwin Jr.,14.0,16.100000381469727
2019,14,WR,13,13-24,Julio Jones,13.9,11.600000381469727
2019,14,WR,15,13-24,Mike Evans,13.2,13.100000381469727
2019,14,WR,16,13-24,Alshon Jeffery,13.0,0.0
2019,14,WR,17,13-24,Tyreek Hill,12.6,13.0
2019,14,WR,18,13-24,Amari Cooper,11.8,20.299999237060547
2019,14,WR,19,13-24,DeVante Parker,11.4,4.800000190734863
2019,14,WR,20,13-24,Robert Woods,11.3,25.700000762939453
2019,14,WR,21,13-24,Jarvis Landry,11.2,11.600000381469727
2019,14,WR,22,13-24,Julian Edelman,11.1,24.299999237060547
2019,14,WR,23,13-24,Mike Williams,11.0,14.300000190734863
2019,14,WR,24,13-24,Curtis Samuel,10.9,6.199999809265137
2019,14,WR,25,25-40,Cooper Kupp,10.8,14.5
2019,14,WR,26,25-40,Allen Robinson,10.3,21.799999237060547
2019,14,WR,29,25-40,Michael Gallup,9.7,16.899999618530273
2019,14,WR,30,25-40,Robbie Chosen,9.5,25.100000381469727
2019,14,WR,31,25-40,Tyler Boyd,9.3,13.199999809265137
2019,14,WR,32,25-40,Randall Cobb,9.1,6.300000190734863
2019,14,WR,33,25-40,Christian Kirk,9.0,16.899999618530273
2019,14,WR,34,25-40,Tyrell Williams,9.0,6.5
2019,14,WR,36,25-40,James Washington,8.8,7.300000190734863
2019,14,WR,38,25-40,Odell Beckham Jr.,8.6,5.900000095367432
2019,14,WR,39,25-40,Deebo Samuel Sr.,8.4,15.899999618530273
2019,14,WR,40,25-40,Golden Tate,8.4,2.0999999046325684
2019,14,WR,41,41-55,DK Metcalf,8.4,13.800000190734863
2019,14,WR,42,41-55,Jamison Crowder,8.4,5.900000095367432
2019,14,WR,43,41-55,Tyler Lockett,8.3,8.300000190734863
2019,14,WR,44,41-55,Cole Beasley,8.1,14.899999618530273
2019,14,WR,45,41-55,Emmanuel Sanders,8.1,34.099998474121094
2019,14,WR,46,41-55,Kenny Stills,8.1,2.799999952316284
2019,14,WR,47,41-55,John Ross,8.1,4.800000190734863
2019,14,WR,48,41-55,Anthony Miller,8.1,13.199999809265137
2019,14,WR,49,41-55,John Brown,8.0,5.599999904632568
2019,14,WR,50,41-55,Larry Fitzgerald,8.0,5.0
2019,14,WR,51,41-55,DJ Chark,7.9,16.5
2019,14,WR,52,41-55,A.J. Brown,7.9,33.599998474121094
2019,14,WR,53,41-55,Dede Westbrook,7.6,8.5
2019,14,WR,54,41-55,Danny Amendola,7.3,8.399999618530273
2019,14,WR,55,41-55,Terry McLaurin,7.3,15.699999809265137
2019,14,TE,1,1-3,Austin Hooper,12.6,5.199999809265137
2019,14,TE,2,1-3,Travis Kelce,12.5,18.0
2019,14,TE,3,1-3,Darren Waller,11.5,11.199999809265137
2019,14,TE,4,4-6,Zach Ertz,11.4,30.100000381469727
2019,14,TE,5,4-6,Kyle Rudolph,11.3,3.0999999046325684
2019,14,TE,7,7-12,George Kittle,9.0,18.700000762939453
2019,14,TE,9,7-12,Hunter Henry,8.5,11.899999618530273
2019,14,TE,10,7-12,O.J. Howard,8.4,11.300000190734863
2019,14,TE,11,7-12,Jared Cook,8.1,20.399999618530273
2019,14,TE,12,7-12,Cameron Brate,8.0,13.0
2019,14,TE,13,13-20,Dallas Goedert,7.7,7.099999904632568
2019,14,TE,14,13-20,Mark Andrews,7.6,2.4000000953674316
2019,14,TE,15,13-20,Noah Fant,7.5,21.299999237060547
2019,14,TE,16,13-20,Jason Witten,7.4,8.699999809265137
2019,14,TE,17,13-20,Ryan Griffin,7.3,2.5199999809265137
2019,14,TE,18,13-20,Darren Fells,7.2,2.200000047683716
2019,14,TE,19,13-20,Irv Smith,6.9,5.099999904632568
2019,15,QB,1,1-6,Lamar Jackson,22.39,37.08000183105469
2019,15,QB,2,1-6,Jameis Winston,22.24,32.720001220703125
2019,15,QB,3,1-6,Patrick Mahomes,21.58,22.700000762939453
2019,15,QB,4,1-6,Jimmy Garoppolo,21.43,12.600000381469727
2019,15,QB,5,1-6,Drew Brees,20.48,28.280000686645508
2019,15,QB,6,1-6,Ryan Tannehill,19.74,24.15999984741211
2019,15,QB,7,7-12,Deshaun Watson,19.0,16.920000076293945
2019,15,QB,8,7-12,Russell Wilson,18.56,19.34000015258789
2019,15,QB,9,7-12,Dak Prescott,18.49,17.68000030517578
2019,15,QB,10,7-12,Ryan Fitzpatrick,17.9,20.459999084472656
2019,15,QB,11,7-12,Carson Wentz,17.24,21.540000915527344
2019,15,QB,12,7-12,David Blough,16.72,8.300000190734863
2019,15,QB,13,13-24,Aaron Rodgers,16.58,14.420000076293945
2019,15,QB,14,13-24,Mitchell Trubisky,16.36,16.260000228881836
2019,15,QB,15,13-24,Kyler Murray,16.13,16.360000610351562
2019,15,QB,16,13-24,Tom Brady,16.13,12.920000076293945
2019,15,QB,17,13-24,Josh Allen,15.91,16.360000610351562
2019,15,QB,18,13-24,Jared Goff,15.69,17.559999465942383
2019,15,QB,19,13-24,Baker Mayfield,15.62,16.979999542236328
2019,15,QB,20,13-24,Gardner Minshew,15.47,18.739999771118164
2019,15,QB,21,13-24,Kyle Allen,15.47,11.579999923706055
2019,15,QB,22,13-24,Jacoby Brissett,15.3,7.300000190734863
2019,15,QB,23,13-24,Matt Ryan,14.8,19.100000381469727
2019,15,QB,24,13-24,Drew Lock,14.6,6.619999885559082
2019,15,RB,1,1-6,Christian McCaffrey,22.97,37.5
2019,15,RB,2,1-6,Ezekiel Elliott,19.35,31.0
2019,15,RB,3,1-6,Chris Carson,18.89,26.700000762939453
2019,15,RB,4,1-6,Derrick Henry,18.52,8.600000381469727
2019,15,RB,5,1-6,Leonard Fournette,18.42,12.300000190734863
2019,15,RB,6,1-6,Josh Jacobs,17.96,12.899999618530273
2019,15,RB,7,7-12,Todd Gurley,17.68,20.799999237060547
2019,15,RB,8,7-12,Saquon Barkley,17.31,30.299999237060547
2019,15,RB,9,7-12,Alvin Kamara,17.12,13.899999618530273
2019,15,RB,10,7-12,Dalvin Cook,16.1,7.300000190734863
2019,15,RB,11,7-12,Nick Chubb,16.1,23.799999237060547
2019,15,RB,12,7-12,Austin Ekeler,16.1,13.100000381469727
2019,15,RB,13,13-24,James White,16.01,15.199999809265137
2019,15,RB,14,13-24,Kareem Hunt,15.17,15.600000381469727
2019,15,RB,15,13-24,Aaron Jones,14.8,17.100000381469727
2019,15,RB,16,13-24,Melvin Gordon,14.62,7.400000095367432
2019,15,RB,17,13-24,Joe Mixon,12.8,18.600000381469727
2019,15,RB,18,13-24,Mark Ingram,12.6,23.600000381469727
2019,15,RB,21,13-24,Miles Sanders,12.3,35.20000076293945
2019,15,RB,22,13-24,James Conner,12.1,15.100000381469727
2019,15,RB,23,13-24,Adrian Peterson,12.1,18.100000381469727
2019,15,RB,24,13-24,Phillip Lindsay,12.1,3.200000047683716
2019,15,RB,25,25-40,Le'Veon Bell,11.7,10.800000190734863
2019,15,RB,26,25-40,Raheem Mostert,11.7,12.899999618530273
2019,15,RB,27,25-40,David Montgomery,11.1,5.900000095367432
2019,15,RB,30,25-40,Devin Singletary,10.3,8.899999618530273
2019,15,RB,31,25-40,Kenyan Drake,10.3,39.599998474121094
2019,15,RB,32,25-40,Latavius Murray,10.0,6.900000095367432
2019,15,RB,33,25-40,Marlon Mack,9.9,1.899999976158142
2019,15,RB,34,25-40,Tarik Cohen,9.5,15.5
2019,15,RB,36,25-40,Matt Breida,9.3,1.7000000476837158
2019,15,RB,37,25-40,DeAndre Washington,9.2,4.199999809265137
2019,15,RB,39,25-40,Tevin Coleman,8.8,4.0
2019,15,RB,40,25-40,Patrick Laird,8.8,7.400000095367432
2019,15,WR,1,1-6,Michael Thomas,19.9,30.799999237060547
2019,15,WR,2,1-6,Tyreek Hill,19.7,23.799999237060547
2019,15,WR,3,1-6,Chris Godwin Jr.,17.4,17.100000381469727
2019,15,WR,5,1-6,DeAndre Hopkins,16.0,17.899999618530273
2019,15,WR,6,1-6,Kenny Golladay,15.6,7.400000095367432
2019,15,WR,7,7-12,Davante Adams,14.2,23.299999237060547
2019,15,WR,9,7-12,Emmanuel Sanders,13.0,2.9000000953674316
2019,15,WR,10,7-12,Julian Edelman,13.0,2.9000000953674316
2019,15,WR,11,7-12,Robert Woods,12.8,5.699999809265137
2019,15,WR,12,7-12,Amari Cooper,12.7,2.9000000953674316
2019,15,WR,13,13-24,Jarvis Landry,12.1,7.300000190734863
2019,15,WR,14,13-24,Keenan Allen,11.7,18.899999618530273
2019,15,WR,15,13-24,DJ Moore,11.7,20.299999237060547
2019,15,WR,16,13-24,Will Fuller,11.6,11.100000381469727
2019,15,WR,17,13-24,Cooper Kupp,11.6,16.100000381469727
2019,15,WR,18,13-24,Allen Robinson,11.5,19.5
2019,15,WR,19,13-24,DeVante Parker,11.0,23.200000762939453
2019,15,WR,20,13-24,Adam Thielen,10.8,6.0
2019,15,WR,23,13-24,Deebo Samuel Sr.,10.6,4.699999809265137
2019,15,WR,24,13-24,Michael Gallup,10.5,1.600000023841858
2019,15,WR,25,25-40,Stefon Diggs,10.1,12.0
2019,15,WR,26,25-40,Sammy Watkins,10.1,9.899999618530273
2019,15,WR,27,25-40,Julio Jones,10.1,38.400001525878906
2019,15,WR,28,25-40,Courtland Sutton,10.1,11.899999618530273
2019,15,WR,29,25-40,Mike Williams,9.7,17.100000381469727
2019,15,WR,30,25-40,DK Metcalf,9.6,11.600000381469727
2019,15,WR,31,25-40,A.J. Brown,9.4,25.399999618530273
2019,15,WR,32,25-40,Christian Kirk,9.3,10.100000381469727
2019,15,WR,33,25-40,Tyrell Williams,9.2,12.5
2019,15,WR,34,25-40,Cole Beasley,9.0,1.600000023841858
2019,15,WR,35,25-40,Tyler Lockett,8.9,26.0
2019,15,WR,36,25-40,Darius Slayton,8.8,11.100000381469727
2019,15,WR,37,25-40,T.Y. Hilton,8.7,6.5
2019,15,WR,38,25-40,Randall Cobb,8.7,0.699999988079071
2019,15,WR,39,25-40,John Brown,8.5,16.899999618530273
2019,15,WR,41,41-55,Anthony Miller,8.4,26.799999237060547
2019,15,WR,43,41-55,Tyler Boyd,8.2,5.599999904632568
2019,15,WR,44,41-55,Marquise Brown,8.1,14.5
2019,15,WR,45,41-55,Terry McLaurin,8.1,24.0
2019,15,WR,46,41-55,Odell Beckham Jr.,8.1,14.600000381469727
2019,15,WR,47,41-55,Breshad Perriman,8.0,34.599998474121094
2019,15,WR,51,41-55,Danny Amendola,7.5,18.200000762939453
2019,15,WR,52,41-55,Mecole Hardman,7.4,2.0
2019,15,WR,53,41-55,Golden Tate,7.3,12.100000381469727
2019,15,WR,54,41-55,Robbie Chosen,7.3,12.600000381469727
2019,15,WR,55,41-55,Dede Westbrook,7.3,4.099999904632568
2019,15,TE,1,1-3,Travis Kelce,17.1,25.200000762939453
2019,15,TE,2,1-3,George Kittle,13.3,26.399999618530273
2019,15,TE,3,1-3,Jared Cook,12.7,9.399999618530273
2019,15,TE,4,4-6,Darren Waller,12.6,20.200000762939453
2019,15,TE,5,4-6,Zach Ertz,12.3,17.100000381469727
2019,15,TE,7,7-12,O.J. Howard,10.1,8.600000381469727
2019,15,TE,8,7-12,Cameron Brate,9.7,6.300000190734863
2019,15,TE,9,7-12,Tyler Higbee,8.2,23.100000381469727
2019,15,TE,10,7-12,Mark Andrews,8.2,15.199999809265137
2019,15,TE,11,7-12,Austin Hooper,8.0,5.0
2019,15,TE,12,7-12,Hunter Henry,7.5,2.9000000953674316
2019,15,TE,14,13-20,Noah Fant,7.4,7.599999904632568
2019,15,TE,15,13-20,Dallas Goedert,7.1,10.5
2019,15,TE,17,13-20,Kyle Rudolph,6.9,7.800000190734863
2019,15,TE,18,13-20,Jason Witten,6.8,13.600000381469727
2019,16,QB,1,1-6,Lamar Jackson,23.49,29.81999969482422
2019,16,QB,2,1-6,Deshaun Watson,20.99,9.0600004196167
2019,16,QB,3,1-6,Matt Ryan,20.7,15.960000038146973
2019,16,QB,4,1-6,Dak Prescott,20.55,11.300000190734863
2019,16,QB,5,1-6,Jameis Winston,20.11,11.0
2019,16,QB,6,1-6,Drew Brees,19.89,22.860000610351562
2019,16,QB,7,7-12,Patrick Mahomes,19.15,25.440000534057617
2019,16,QB,8,7-12,Russell Wilson,18.64,10.960000038146973
2019,16,QB,9,7-12,Ryan Tannehill,18.49,23.68000030517578
2019,16,QB,10,7-12,Kirk Cousins,18.27,6.880000114440918
2019,16,QB,11,7-12,Drew Lock,17.75,12.680000305175781
2019,16,QB,12,7-12,Ryan Fitzpatrick,17.68,31.65999984741211
2019,16,QB,13,13-24,Carson Wentz,17.53,18.959999084472656
2019,16,QB,14,13-24,Gardner Minshew,17.02,14.84000015258789
2019,16,QB,15,13-24,Jimmy Garoppolo,16.13,10.420000076293945
2019,16,QB,16,13-24,Aaron Rodgers,16.13,8.34000015258789
2019,16,QB,17,13-24,Kyler Murray,15.62,12.720000267028809
2019,16,QB,18,13-24,Jacoby Brissett,15.55,15.65999984741211
2019,16,QB,19,13-24,Mitchell Trubisky,15.47,8.279999732971191
2019,16,QB,20,13-24,Philip Rivers,14.8,11.15999984741211
2019,16,QB,23,13-24,Dwayne Haskins,14.0,13.319999694824219
2019,16,QB,24,13-24,David Blough,13.5,8.680000305175781
2019,16,RB,1,1-6,Ezekiel Elliott,22.97,15.399999618530273
2019,16,RB,2,1-6,Christian McCaffrey,21.39,32.29999923706055
2019,16,RB,3,1-6,Joe Mixon,19.72,9.300000190734863
2019,16,RB,4,1-6,Leonard Fournette,18.98,13.5
2019,16,RB,6,1-6,Saquon Barkley,17.87,43.900001525878906
2019,16,RB,7,7-12,Chris Carson,17.68,7.0
2019,16,RB,8,7-12,Alvin Kamara,17.03,29.0
2019,16,RB,10,7-12,Austin Ekeler,15.55,11.899999618530273
2019,16,RB,11,7-12,Mark Ingram,15.17,17.100000381469727
2019,16,RB,12,7-12,Todd Gurley,14.71,16.799999237060547
2019,16,RB,13,13-24,Nick Chubb,14.71,4.5
2019,16,RB,14,13-24,Aaron Jones,14.15,28.0
2019,16,RB,15,13-24,Melvin Gordon,14.06,22.700000762939453
2019,16,RB,16,13-24,Devonta Freeman,13.78,33.70000076293945
2019,16,RB,17,13-24,Kenyan Drake,13.78,33.400001525878906
2019,16,RB,18,13-24,Adrian Peterson,13.78,13.5
2019,16,RB,19,13-24,Miles Sanders,13.3,26.600000381469727
2019,16,RB,20,13-24,James White,12.8,6.900000095367432
2019,16,RB,21,13-24,Kareem Hunt,12.4,8.100000381469727
2019,16,RB,22,13-24,Marlon Mack,12.4,18.100000381469727
2019,16,RB,24,13-24,Kerryon Johnson,12.2,5.300000190734863
2019,16,RB,25,25-40,Phillip Lindsay,12.1,19.799999237060547
2019,16,RB,26,25-40,Le'Veon Bell,11.7,13.300000190734863
2019,16,RB,28,25-40,Carlos Hyde,10.7,10.699999809265137
2019,16,RB,29,25-40,Raheem Mostert,10.5,11.300000190734863
2019,16,RB,30,25-40,James Conner,10.3,3.200000047683716
2019,16,RB,31,25-40,Tarik Cohen,10.3,6.300000190734863
2019,16,RB,32,25-40,Latavius Murray,10.1,4.5
2019,16,RB,33,25-40,Damien Williams,10.0,18.200000762939453
2019,16,RB,36,25-40,David Montgomery,9.6,6.900000095367432
2019,16,RB,37,25-40,Royce Freeman,9.3,11.699999809265137
2019,16,RB,38,25-40,Patrick Laird,9.3,2.799999952316284
2019,16,RB,39,25-40,Devin Singletary,9.1,5.800000190734863
2019,16,RB,40,25-40,Bo Scarbrough,9.0,3.4000000953674316
2019,16,WR,1,1-6,Michael Thomas,21.4,31.600000381469727
2019,16,WR,2,1-6,Julio Jones,19.1,26.600000381469727
2019,16,WR,3,1-6,DeAndre Hopkins,17.3,7.300000190734863
2019,16,WR,4,1-6,Tyreek Hill,17.3,12.199999809265137
2019,16,WR,6,1-6,Davante Adams,15.8,22.600000381469727
2019,16,WR,7,7-12,Courtland Sutton,15.7,9.100000381469727
2019,16,WR,8,7-12,Stefon Diggs,15.4,14.699999809265137
2019,16,WR,9,7-12,Keenan Allen,13.9,11.600000381469727
2019,16,WR,11,7-12,Amari Cooper,13.4,6.400000095367432
2019,16,WR,13,13-24,Adam Thielen,12.6,0.20000000298023224
2019,16,WR,14,13-24,Kenny Golladay,12.5,18.600000381469727
2019,16,WR,15,13-24,DJ Moore,12.3,1.100000023841858
2019,16,WR,17,13-24,Will Fuller,11.7,3.0999999046325684
2019,16,WR,18,13-24,Mike Williams,11.4,8.100000381469727
2019,16,WR,19,13-24,Michael Gallup,10.6,14.800000190734863
2019,16,WR,20,13-24,Tyler Boyd,10.2,33.79999923706055
2019,16,WR,21,13-24,Jarvis Landry,10.1,14.399999618530273
2019,16,WR,22,13-24,A.J. Brown,10.1,15.300000190734863
2019,16,WR,23,13-24,Tyler Lockett,10.1,2.200000047683716
2019,16,WR,24,13-24,DeVante Parker,10.0,22.100000381469727
2019,16,WR,26,25-40,Allen Robinson,10.0,11.300000190734863
2019,16,WR,27,25-40,Terry McLaurin,9.9,15.600000381469727
2019,16,WR,28,25-40,John Ross,9.9,15.0
2019,16,WR,29,25-40,Randall Cobb,9.6,12.300000190734863
2019,16,WR,30,25-40,JuJu Smith-Schuster,9.2,4.199999809265137
2019,16,WR,31,25-40,Julian Edelman,9.1,14.199999809265137
2019,16,WR,32,25-40,DK Metcalf,9.0,0.0
2019,16,WR,33,25-40,Cooper Kupp,9.0,13.100000381469727
2019,16,WR,34,25-40,Anthony Miller,9.0,1.2000000476837158
2019,16,WR,35,25-40,Breshad Perriman,8.9,17.200000762939453
2019,16,WR,36,25-40,Sammy Watkins,8.6,4.800000190734863
2019,16,WR,37,25-40,DJ Chark,8.6,3.799999952316284
2019,16,WR,38,25-40,James Washington,8.5,9.100000381469727
2019,16,WR,39,25-40,Kenny Stills,8.4,10.699999809265137
2019,16,WR,40,25-40,Robert Woods,8.4,20.299999237060547
2019,16,WR,41,41-55,Christian Kirk,8.4,0.8999999761581421
2019,16,WR,43,41-55,Emmanuel Sanders,8.0,9.100000381469727
2019,16,WR,44,41-55,Danny Amendola,7.9,4.099999904632568
2019,16,WR,45,41-55,Robbie Chosen,7.7,11.199999809265137
2019,16,WR,46,41-55,Marquise Brown,7.6,1.600000023841858
2019,16,WR,47,41-55,Odell Beckham Jr.,7.6,14.399999618530273
2019,16,WR,48,41-55,T.Y. Hilton,7.5,5.599999904632568
2019,16,WR,50,41-55,Darius Slayton,7.4,0.0
2019,16,WR,51,41-55,Greg Ward,7.3,11.600000381469727
2019,16,WR,52,41-55,Diontae Johnson,7.3,22.100000381469727
2019,16,WR,53,41-55,Curtis Samuel,7.2,4.099999904632568
2019,16,WR,54,41-55,Tyrell Williams,7.1,12.199999809265137
2019,16,WR,55,41-55,Jamison Crowder,7.1,10.0
2019,16,TE,1,1-3,Travis Kelce,16.4,21.399999618530273
2019,16,TE,2,1-3,Zach Ertz,12.2,6.800000190734863
2019,16,TE,4,4-6,Austin Hooper,11.6,15.199999809265137
2019,16,TE,5,4-6,George Kittle,11.5,18.899999618530273
2019,16,TE,6,4-6,Mark Andrews,10.6,27.299999237060547
2019,16,TE,7,7-12,Kyle Rudolph,10.1,1.7000000476837158
2019,16,TE,8,7-12,Darren Waller,10.0,7.699999809265137
2019,16,TE,9,7-12,Jared Cook,9.9,23.399999618530273
2019,16,TE,10,7-12,O.J. Howard,9.0,7.599999904632568
2019,16,TE,11,7-12,Noah Fant,8.9,3.0
2019,16,TE,12,7-12,Hunter Henry,7.9,9.5
2019,16,TE,13,13-20,Cameron Brate,7.8,3.700000047683716
2019,16,TE,14,13-20,Irv Smith,7.8,2.4000000953674316
2019,16,TE,15,13-20,Jason Witten,7.7,3.4000000953674316
2019,16,TE,16,13-20,Dallas Goedert,7.3,24.100000381469727
2019,16,TE,17,13-20,Greg Olsen,6.9,5.300000190734863
2019,16,TE,19,13-20,Jacob Hollister,6.1,11.399999618530273
2019,16,TE,20,13-20,Tyler Higbee,6.0,19.399999618530273
2019,17,QB,1,1-6,Dak Prescott,22.1,29.6200008392334
2019,17,QB,2,1-6,Jameis Winston,20.92,14.539999961853027
2019,17,QB,3,1-6,Drew Brees,20.92,22.020000457763672
2019,17,QB,4,1-6,Ryan Tannehill,20.4,17.920000076293945
2019,17,QB,5,1-6,Carson Wentz,20.04,17.059999465942383
2019,17,QB,6,1-6,Tom Brady,19.59,14.84000015258789
2019,17,QB,7,7-12,Aaron Rodgers,19.23,19.020000457763672
2019,17,QB,8,7-12,Patrick Mahomes,19.08,11.0600004196167
2019,17,QB,10,7-12,Matt Ryan,17.97,14.520000457763672
2019,17,QB,11,7-12,Jacoby Brissett,17.31,4.179999828338623
2019,17,QB,12,7-12,Josh Allen,16.8,0.20000000298023224
2019,17,QB,13,13-24,Baker Mayfield,16.65,20.059999465942383
2019,17,QB,14,13-24,Jared Goff,16.43,25.15999984741211
2019,17,QB,15,13-24,Jimmy Garoppolo,16.21,11.800000190734863
2019,17,QB,17,13-24,Russell Wilson,15.99,20.219999313354492
2019,17,QB,18,13-24,Drew Lock,15.3,11.979999542236328
2019,17,QB,19,13-24,Kyler Murray,14.9,13.0
2019,17,QB,20,13-24,Mitchell Trubisky,14.5,6.380000114440918
2019,17,QB,21,13-24,Ryan Fitzpatrick,14.4,24.299999237060547
2019,17,QB,22,13-24,Andy Dalton,14.3,16.600000381469727
2019,17,QB,23,13-24,Gardner Minshew,14.0,24.5
2019,17,RB,1,1-6,Ezekiel Elliott,26.96,27.399999618530273
2019,17,RB,2,1-6,Christian McCaffrey,20.84,22.799999237060547
2019,17,RB,3,1-6,Alvin Kamara,20.09,19.700000762939453
2019,17,RB,4,1-6,Aaron Jones,19.54,16.299999237060547
2019,17,RB,5,1-6,Todd Gurley,19.54,10.899999618530273
2019,17,RB,6,1-6,Saquon Barkley,19.07,20.700000762939453
2019,17,RB,7,7-12,Joe Mixon,18.33,30.600000381469727
2019,17,RB,8,7-12,Nick Chubb,17.59,5.199999809265137
2019,17,RB,9,7-12,Derrick Henry,17.12,39.099998474121094
2019,17,RB,10,7-12,Kareem Hunt,16.75,6.599999904632568
2019,17,RB,11,7-12,James White,16.57,12.699999809265137
2019,17,RB,12,7-12,Kenyan Drake,16.38,17.299999237060547
2019,17,RB,14,13-24,Miles Sanders,15.45,8.100000381469727
2019,17,RB,15,13-24,Marlon Mack,14.99,19.700000762939453
2019,17,RB,19,13-24,Phillip Lindsay,13.1,5.300000190734863
2019,17,RB,20,13-24,Le'Veon Bell,12.8,12.699999809265137
2019,17,RB,22,13-24,Austin Ekeler,12.8,17.899999618530273
2019,17,RB,23,13-24,Melvin Gordon,12.7,24.200000762939453
2019,17,RB,24,13-24,Kerryon Johnson,12.4,11.300000190734863
2019,17,RB,25,25-40,Devonta Freeman,11.8,9.300000190734863
2019,17,RB,26,25-40,Adrian Peterson,11.7,6.800000190734863
2019,17,RB,27,25-40,Tarik Cohen,11.5,15.399999618530273
2019,17,RB,28,25-40,Sony Michel,11.0,13.399999618530273
2019,17,RB,29,25-40,David Montgomery,10.5,17.299999237060547
2019,17,RB,30,25-40,Raheem Mostert,10.5,20.299999237060547
2019,17,RB,32,25-40,Rex Burkhead,9.9,6.400000095367432
2019,17,RB,34,25-40,Latavius Murray,9.7,8.5
2019,17,RB,35,25-40,Carlos Hyde,9.5,1.2999999523162842
2019,17,RB,36,25-40,Royce Freeman,9.5,1.399999976158142
2019,17,RB,37,25-40,Damien Williams,9.5,31.399999618530273
2019,17,RB,38,25-40,Ronald Jones,9.4,11.600000381469727
2019,17,RB,40,25-40,Tony Pollard,8.5,7.5
2019,17,WR,1,1-6,Davante Adams,21.5,22.299999237060547
2019,17,WR,2,1-6,Michael Thomas,21.3,7.699999809265137
2019,17,WR,3,1-6,Julio Jones,17.4,14.800000190734863
2019,17,WR,4,1-6,Tyreek Hill,14.7,10.100000381469727
2019,17,WR,8,7-12,Robert Woods,13.5,20.600000381469727
2019,17,WR,9,7-12,Julian Edelman,13.2,5.599999904632568
2019,17,WR,11,7-12,Courtland Sutton,12.8,9.199999809265137
2019,17,WR,15,13-24,Cooper Kupp,12.3,22.899999618530273
2019,17,WR,16,13-24,Amari Cooper,12.3,13.800000190734863
2019,17,WR,17,13-24,Allen Robinson,11.7,16.299999237060547
2019,17,WR,18,13-24,Kenny Golladay,11.2,10.199999809265137
2019,17,WR,19,13-24,Randall Cobb,11.1,13.100000381469727
2019,17,WR,20,13-24,Hunter Renfrow,11.1,22.200000762939453
2019,17,WR,21,13-24,Michael Gallup,11.0,32.79999923706055
2019,17,WR,22,13-24,Jarvis Landry,10.8,16.200000762939453
2019,17,WR,23,13-24,Breshad Perriman,10.7,24.399999618530273
2019,17,WR,25,25-40,Tyler Boyd,10.6,10.899999618530273
2019,17,WR,27,25-40,Keenan Allen,10.3,23.200000762939453
2019,17,WR,29,25-40,Greg Ward,9.5,10.300000190734863
2019,17,WR,30,25-40,A.J. Brown,9.5,22.399999618530273
2019,17,WR,31,25-40,Odell Beckham Jr.,9.2,17.100000381469727
2019,17,WR,32,25-40,Darius Slayton,8.9,9.0
2019,17,WR,34,25-40,Anthony Miller,8.8,1.5
2019,17,WR,35,25-40,John Ross,8.7,6.0
2019,17,WR,37,25-40,Diontae Johnson,8.3,9.399999618530273
2019,17,WR,38,25-40,Tyler Lockett,8.2,17.100000381469727
2019,17,WR,40,25-40,Emmanuel Sanders,8.0,5.5
2019,17,WR,41,41-55,DeVante Parker,7.9,21.700000762939453
2019,17,WR,42,41-55,Mike Williams,7.9,5.800000190734863
2019,17,WR,45,41-55,Sterling Shepard,7.6,8.899999618530273
2019,17,WR,46,41-55,James Washington,7.6,0.0
2019,17,WR,47,41-55,Sammy Watkins,7.5,1.7999999523162842
2019,17,WR,48,41-55,Golden Tate,7.5,17.799999237060547
2019,17,WR,49,41-55,Brandin Cooks,7.3,7.0
2019,17,WR,50,41-55,T.Y. Hilton,7.2,10.199999809265137
2019,17,WR,51,41-55,JuJu Smith-Schuster,7.2,2.5999999046325684
2019,17,WR,52,41-55,Larry Fitzgerald,7.1,8.5
2019,17,WR,53,41-55,DK Metcalf,7.1,20.100000381469727
2019,17,WR,54,41-55,Christian Kirk,6.9,13.600000381469727
2019,17,WR,55,41-55,Robbie Chosen,6.9,4.800000190734863
2019,17,TE,1,1-3,Travis Kelce,15.4,5.400000095367432
2019,17,TE,2,1-3,Darren Waller,14.5,16.700000762939453
2019,17,TE,4,4-6,Jared Cook,12.1,12.399999618530273
2019,17,TE,5,4-6,George Kittle,12.0,16.299999237060547
2019,17,TE,6,4-6,Tyler Higbee,11.2,22.399999618530273
2019,17,TE,7,7-12,Dallas Goedert,9.4,10.5
2019,17,TE,9,7-12,Jason Witten,9.2,6.400000095367432
2019,17,TE,10,7-12,Austin Hooper,9.1,11.5
2019,17,TE,11,7-12,O.J. Howard,9.0,0.0
2019,17,TE,13,13-20,Noah Fant,7.4,1.399999976158142
2019,17,TE,14,13-20,Cameron Brate,7.2,7.199999809265137
2019,17,TE,16,13-20,Hunter Henry,6.8,15.199999809265137
2019,17,TE,17,13-20,Tyler Eifert,6.6,5.400000095367432
2019,17,TE,19,13-20,Jonnu Smith,6.2,0.699999988079071
2019,17,TE,20,13-20,Blake Jarwin,6.1,0.0
2020,4,QB,1,1-6,Dak Prescott,27.84,37.279998779296875
2020,4,QB,2,1-6,Lamar Jackson,25.85,25.020000457763672
2020,4,QB,3,1-6,Josh Allen,24.6,25.420000076293945
2020,4,QB,4,1-6,Russell Wilson,24.01,20.899999618530273
2020,4,QB,5,1-6,Aaron Rodgers,23.49,29.579999923706055
2020,4,QB,6,1-6,Kyler Murray,22.76,23.1200008392334
2020,4,QB,7,7-12,Drew Brees,21.43,15.539999961853027
2020,4,QB,8,7-12,Jared Goff,20.11,11.699999809265137
2020,4,QB,9,7-12,Gardner Minshew,19.96,20.940000534057617
2020,4,QB,10,7-12,Matthew Stafford,19.74,22.34000015258789
2020,4,QB,11,7-12,Deshaun Watson,19.52,20.899999618530273
2020,4,QB,12,7-12,Nick Mullens,19.08,6.0
2020,4,QB,13,13-24,Patrick Mahomes,18.78,20.239999771118164
2020,4,QB,14,13-24,Justin Herbert,18.12,23.0
2020,4,QB,15,13-24,Kirk Cousins,17.16,14.899999618530273
2020,4,QB,16,13-24,Joe Burrow,16.87,15.100000381469727
2020,4,QB,17,13-24,Ryan Fitzpatrick,16.65,21.299999237060547
2020,4,QB,18,13-24,Matt Ryan,15.91,12.399999618530273
2020,4,QB,20,13-24,Tom Brady,14.3,32.459999084472656
2020,4,QB,21,13-24,Jeff Driskel,14.2,0.8999999761581421
2020,4,QB,22,13-24,Derek Carr,13.8,20.440000534057617
2020,4,QB,23,13-24,Baker Mayfield,13.6,15.199999809265137
2020,4,QB,24,13-24,Daniel Jones,13.4,10.100000381469727
2020,4,RB,1,1-6,Alvin Kamara,31.41,20.899999618530273
2020,4,RB,2,1-6,Ezekiel Elliott,27.7,20.5
2020,4,RB,3,1-6,James Robinson,25.48,14.699999809265137
2020,4,RB,4,1-6,Aaron Jones,25.01,22.100000381469727
2020,4,RB,5,1-6,Dalvin Cook,24.73,28.600000381469727
2020,4,RB,6,1-6,Austin Ekeler,18.79,2.4000000953674316
2020,4,RB,7,7-12,Kenyan Drake,17.96,3.5
2020,4,RB,9,7-12,Josh Jacobs,15.45,10.300000190734863
2020,4,RB,10,7-12,David Johnson,15.45,11.199999809265137
2020,4,RB,12,7-12,Nick Chubb,14.9,4.300000190734863
2020,4,RB,13,13-24,Melvin Gordon,14.43,25.799999237060547
2020,4,RB,14,13-24,Chris Carson,14.34,25.0
2020,4,RB,15,13-24,Mark Ingram,12.4,10.699999809265137
2020,4,RB,16,13-24,Clyde Edwards-Helaire,12.3,12.100000381469727
2020,4,RB,17,13-24,Miles Sanders,12.0,9.600000381469727
2020,4,RB,18,13-24,Joe Mixon,11.9,42.099998474121094
2020,4,RB,19,13-24,Kareem Hunt,11.6,19.100000381469727
2020,4,RB,20,13-24,J.K. Dobbins,11.1,2.700000047683716
2020,4,RB,21,13-24,Todd Gurley,10.8,19.299999237060547
2020,4,RB,22,13-24,Chase Edmonds,10.8,15.0
2020,4,RB,23,13-24,Jerick McKinnon,10.5,22.700000762939453
2020,4,RB,24,13-24,Jonathan Taylor,10.2,8.899999618530273
2020,4,RB,25,25-40,Adrian Peterson,9.9,9.600000381469727
2020,4,RB,26,25-40,Myles Gaskin,9.6,9.199999809265137
2020,4,RB,27,25-40,Rex Burkhead,9.5,6.0
2020,4,RB,28,25-40,Devin Singletary,9.4,18.700000762939453
2020,4,RB,29,25-40,D'Andre Swift,9.3,15.199999809265137
2020,4,RB,30,25-40,Ronald Jones,9.2,18.799999237060547
2020,4,RB,31,25-40,Jamaal Williams,9.1,18.5
2020,4,RB,32,25-40,David Montgomery,9.0,10.699999809265137
2020,4,RB,33,25-40,Latavius Murray,8.6,21.299999237060547
2020,4,RB,34,25-40,Darrell Henderson,8.5,4.699999809265137
2020,4,RB,36,25-40,Jeff Wilson,8.1,5.800000190734863
2020,4,RB,37,25-40,Malcolm Brown,8.1,10.699999809265137
2020,4,RB,38,25-40,Joshua Kelley,8.0,4.300000190734863
2020,4,RB,39,25-40,Antonio Gibson,7.6,22.799999237060547
2020,4,RB,40,25-40,Alexander Mattison,7.5,7.699999809265137
2020,4,WR,1,1-6,Amari Cooper,21.6,33.400001525878906
2020,4,WR,2,1-6,DeAndre Hopkins,19.8,11.100000381469727
2020,4,WR,4,1-6,Cooper Kupp,19.0,17.700000762939453
2020,4,WR,5,1-6,Michael Gallup,18.4,4.900000095367432
2020,4,WR,6,1-6,Tyler Lockett,16.9,5.900000095367432
2020,4,WR,7,7-12,Calvin Ridley,16.4,0.0
2020,4,WR,8,7-12,Keenan Allen,16.3,14.199999809265137
2020,4,WR,9,7-12,Adam Thielen,15.3,26.200000762939453
2020,4,WR,11,7-12,Will Fuller,14.8,22.799999237060547
2020,4,WR,12,7-12,CeeDee Lamb,14.4,25.200000762939453
2020,4,WR,13,13-24,Robert Woods,14.4,9.800000190734863
2020,4,WR,14,13-24,Marvin Jones,14.3,1.899999976158142
2020,4,WR,15,13-24,Randall Cobb,14.2,5.599999904632568
2020,4,WR,16,13-24,Stefon Diggs,14.2,17.5
2020,4,WR,17,13-24,Tyler Boyd,14.0,16.399999618530273
2020,4,WR,18,13-24,DK Metcalf,14.0,14.600000381469727
2020,4,WR,19,13-24,Tyreek Hill,14.0,16.399999618530273
2020,4,WR,20,13-24,DJ Chark,13.7,29.5
2020,4,WR,21,13-24,Julio Jones,13.3,7.199999809265137
2020,4,WR,23,13-24,Marquise Brown,13.1,12.600000381469727
2020,4,WR,24,13-24,Justin Jefferson,12.9,14.300000190734863
2020,4,WR,25,25-40,Jamison Crowder,11.9,17.399999618530273
2020,4,WR,26,25-40,Emmanuel Sanders,11.9,15.300000190734863
2020,4,WR,27,25-40,John Brown,11.7,8.199999809265137
2020,4,WR,28,25-40,Keelan Cole,11.6,8.600000381469727
2020,4,WR,29,25-40,Darius Slayton,11.5,7.800000190734863
2020,4,WR,30,25-40,Mike Evans,11.5,25.200000762939453
2020,4,WR,31,25-40,Tre'Quan Smith,11.2,21.399999618530273
2020,4,WR,33,25-40,Brandin Cooks,11.1,0.0
2020,4,WR,34,25-40,Kendrick Bourne,10.8,6.300000190734863
2020,4,WR,36,25-40,DJ Moore,10.6,8.899999618530273
2020,4,WR,37,25-40,Terry McLaurin,10.5,21.799999237060547
2020,4,WR,38,25-40,Russell Gage,10.2,4.0
2020,4,WR,39,25-40,DeVante Parker,10.1,21.0
2020,4,WR,40,25-40,Brandon Aiyuk,10.1,13.600000381469727
2020,4,WR,41,41-55,Robbie Chosen,10.1,17.899999618530273
2020,4,WR,42,41-55,Tee Higgins,9.6,13.0
2020,4,WR,43,41-55,Julian Edelman,9.6,6.5
2020,4,WR,44,41-55,Golden Tate,9.2,6.0
2020,4,WR,45,41-55,Cole Beasley,9.2,12.199999809265137
2020,4,WR,46,41-55,Allen Robinson,9.1,23.100000381469727
2020,4,WR,47,41-55,Willie Snead,9.0,4.0
2020,4,WR,48,41-55,Michael Thomas,8.9,0.0
2020,4,WR,49,41-55,Laviska Shenault Jr.,8.8,28.200000762939453
2020,4,WR,50,41-55,Odell Beckham Jr.,8.7,76.80000305175781
2020,4,WR,51,41-55,Sammy Watkins,8.2,6.300000190734863
2020,4,WR,52,41-55,Hunter Renfrow,8.1,10.699999809265137
2020,4,WR,53,41-55,Larry Fitzgerald,8.0,2.4000000953674316
2020,4,WR,54,41-55,Marquez Valdes-Scantling,8.0,8.5
2020,4,WR,55,41-55,Jarvis Landry,7.8,15.279999732971191
2020,4,TE,1,1-3,Mark Andrews,19.3,20.700000762939453
2020,4,TE,2,1-3,George Kittle,15.7,40.099998474121094
2020,4,TE,3,1-3,Travis Kelce,14.1,10.0
2020,4,TE,4,4-6,Tyler Higbee,13.9,5.0
2020,4,TE,5,4-6,T.J. Hockenson,11.2,10.899999618530273
2020,4,TE,7,7-12,Darren Waller,9.9,15.800000190734863
2020,4,TE,8,7-12,Jordan Akins,9.6,7.599999904632568
2020,4,TE,9,7-12,Hunter Henry,9.3,5.900000095367432
2020,4,TE,10,7-12,Austin Hooper,9.3,14.399999618530273
2020,4,TE,11,7-12,Mike Gesicki,9.1,2.5
2020,4,TE,12,7-12,Evan Engram,9.0,9.5
2020,4,TE,13,13-20,Robert Tonyan,8.7,33.79999923706055
2020,4,TE,14,13-20,Dalton Schultz,8.5,17.200000762939453
2020,4,TE,15,13-20,Tyler Eifert,7.4,4.199999809265137
2020,4,TE,16,13-20,N'Keal Harry,7.3,11.100000381469727
2020,4,TE,17,13-20,Zach Ertz,6.9,6.900000095367432
2020,4,TE,20,13-20,Noah Fant,6.6,8.5
2020,5,QB,1,1-6,Patrick Mahomes,26.95,29.700000762939453
2020,5,QB,2,1-6,Dak Prescott,26.44,13.4399995803833
2020,5,QB,3,1-6,Josh Allen,26.0,16.31999969482422
2020,5,QB,4,1-6,Russell Wilson,25.56,24.479999542236328
2020,5,QB,5,1-6,Lamar Jackson,23.27,13.5
2020,5,QB,6,1-6,Kyler Murray,22.54,26.299999237060547
2020,5,QB,7,7-12,Gardner Minshew,20.18,19.84000015258789
2020,5,QB,8,7-12,Jared Goff,19.59,24.360000610351562
2020,5,QB,9,7-12,Matt Ryan,19.59,6.940000057220459
2020,5,QB,10,7-12,Justin Herbert,19.59,27.360000610351562
2020,5,QB,11,7-12,Teddy Bridgewater,18.34,20.81999969482422
2020,5,QB,12,7-12,Deshaun Watson,17.9,24.860000610351562
2020,5,QB,13,13-24,Drew Brees,16.94,21.100000381469727
2020,5,QB,14,13-24,Derek Carr,16.87,23.979999542236328
2020,5,QB,15,13-24,Ben Roethlisberger,16.8,21.360000610351562
2020,5,QB,17,13-24,Daniel Jones,15.77,8.180000305175781
2020,5,QB,18,13-24,Tom Brady,15.0,14.119999885559082
2020,5,QB,19,13-24,Ryan Tannehill,15.0,30.0
2020,5,QB,20,13-24,Philip Rivers,14.9,5.619999885559082
2020,5,QB,21,13-24,Ryan Fitzpatrick,14.6,27.600000381469727
2020,5,QB,22,13-24,Nick Foles,14.6,11.619999885559082
2020,5,QB,24,13-24,Kirk Cousins,13.6,14.15999984741211
2020,5,RB,1,1-6,James Robinson,25.48,10.0
2020,5,RB,2,1-6,Alvin Kamara,23.53,19.899999618530273
2020,5,RB,3,1-6,Dalvin Cook,22.23,19.899999618530273
2020,5,RB,5,1-6,Ezekiel Elliott,22.13,23.5
2020,5,RB,7,7-12,Chris Carson,18.24,19.899999618530273
2020,5,RB,8,7-12,Josh Jacobs,17.68,22.5
2020,5,RB,9,7-12,James Conner,17.31,15.300000190734863
2020,5,RB,10,7-12,Todd Gurley,17.03,25.0
2020,5,RB,11,7-12,Derrick Henry,16.84,19.299999237060547
2020,5,RB,12,7-12,Clyde Edwards-Helaire,15.08,11.0
2020,5,RB,13,13-24,Joe Mixon,13.3,15.399999618530273
2020,5,RB,14,13-24,Raheem Mostert,13.2,14.899999618530273
2020,5,RB,15,13-24,Jonathan Taylor,13.0,15.399999618530273
2020,5,RB,16,13-24,Kenyan Drake,12.9,13.199999809265137
2020,5,RB,17,13-24,Devin Singletary,12.5,4.300000190734863
2020,5,RB,18,13-24,Mark Ingram,12.0,5.699999809265137
2020,5,RB,19,13-24,David Montgomery,11.9,18.899999618530273
2020,5,RB,20,13-24,David Johnson,11.5,12.300000190734863
2020,5,RB,21,13-24,Jerick McKinnon,11.2,2.5
2020,5,RB,22,13-24,Miles Sanders,10.8,23.899999618530273
2020,5,RB,23,13-24,Kareem Hunt,10.3,18.299999237060547
2020,5,RB,24,13-24,Chase Edmonds,10.2,20.200000762939453
2020,5,RB,25,25-40,Ronald Jones,10.0,15.5
2020,5,RB,27,25-40,Mike Davis,9.9,29.899999618530273
2020,5,RB,28,25-40,Antonio Gibson,9.5,10.100000381469727
2020,5,RB,29,25-40,Latavius Murray,9.5,7.699999809265137
2020,5,RB,30,25-40,J.K. Dobbins,9.2,8.5
2020,5,RB,31,25-40,Malcolm Brown,9.0,3.4000000953674316
2020,5,RB,33,25-40,Darrell Henderson,8.6,21.799999237060547
2020,5,RB,34,25-40,Nyheim Hines,8.5,5.0
2020,5,RB,36,25-40,Le'Veon Bell,8.4,7.699999809265137
2020,5,RB,37,25-40,Brian Hill,8.2,7.400000095367432
2020,5,RB,38,25-40,Joshua Kelley,8.1,4.800000190734863
2020,5,RB,39,25-40,Myles Gaskin,7.8,20.100000381469727
2020,5,WR,1,1-6,Amari Cooper,22.5,4.099999904632568
2020,5,WR,2,1-6,Tyler Lockett,20.5,8.399999618530273
2020,5,WR,3,1-6,Cooper Kupp,20.2,11.600000381469727
2020,5,WR,4,1-6,DK Metcalf,19.1,27.299999237060547
2020,5,WR,6,1-6,Stefon Diggs,18.6,20.600000381469727
2020,5,WR,7,7-12,DeAndre Hopkins,18.1,25.100000381469727
2020,5,WR,8,7-12,Calvin Ridley,17.9,21.600000381469727
2020,5,WR,9,7-12,Tyreek Hill,17.8,18.299999237060547
2020,5,WR,10,7-12,DJ Chark,17.0,4.599999904632568
2020,5,WR,11,7-12,Keenan Allen,16.0,10.899999618530273
2020,5,WR,12,7-12,CeeDee Lamb,15.6,20.399999618530273
2020,5,WR,13,13-24,Robbie Chosen,15.1,19.5
2020,5,WR,14,13-24,Allen Robinson,14.8,19.0
2020,5,WR,15,13-24,Michael Gallup,14.8,11.300000190734863
2020,5,WR,16,13-24,Robert Woods,14.7,17.100000381469727
2020,5,WR,17,13-24,Marquise Brown,14.2,19.799999237060547
2020,5,WR,18,13-24,DJ Moore,13.8,19.299999237060547
2020,5,WR,20,13-24,Adam Thielen,13.5,29.299999237060547
2020,5,WR,21,13-24,Diontae Johnson,13.2,0.800000011920929
2020,5,WR,22,13-24,Will Fuller,12.6,15.800000190734863
2020,5,WR,23,13-24,Tyler Boyd,12.6,8.199999809265137
2020,5,WR,24,13-24,Mike Evans,12.3,15.100000381469727
2020,5,WR,26,25-40,Darius Slayton,12.2,20.899999618530273
2020,5,WR,27,25-40,Russell Gage,11.9,3.5999999046325684
2020,5,WR,28,25-40,JuJu Smith-Schuster,11.9,6.800000190734863
2020,5,WR,29,25-40,Keelan Cole,11.2,10.699999809265137
2020,5,WR,30,25-40,Cole Beasley,11.1,11.300000190734863
2020,5,WR,31,25-40,Jamison Crowder,11.0,25.600000381469727
2020,5,WR,33,25-40,Justin Jefferson,10.5,5.300000190734863
2020,5,WR,34,25-40,DeVante Parker,10.5,13.0
2020,5,WR,35,25-40,Emmanuel Sanders,10.3,24.200000762939453
2020,5,WR,36,25-40,Tre'Quan Smith,10.2,2.799999952316284
2020,5,WR,37,25-40,Sammy Watkins,10.1,10.399999618530273
2020,5,WR,38,25-40,Terry McLaurin,9.7,5.599999904632568
2020,5,WR,39,25-40,Randall Cobb,9.6,10.699999809265137
2020,5,WR,40,25-40,Laviska Shenault Jr.,9.6,29.799999237060547
2020,5,WR,41,41-55,David Moore,9.5,0.0
2020,5,WR,42,41-55,A.J. Brown,9.2,21.200000762939453
2020,5,WR,43,41-55,Golden Tate,9.1,8.199999809265137
2020,5,WR,44,41-55,T.Y. Hilton,8.6,12.899999618530273
2020,5,WR,45,41-55,Mecole Hardman,8.5,7.0
2020,5,WR,46,41-55,Hunter Renfrow,8.4,5.199999809265137
2020,5,WR,47,41-55,Tee Higgins,8.4,10.199999809265137
2020,5,WR,48,41-55,Odell Beckham Jr.,8.3,22.84000015258789
2020,5,WR,49,41-55,Curtis Samuel,8.3,11.399999618530273
2020,5,WR,50,41-55,Willie Snead,8.1,0.0
2020,5,WR,52,41-55,Gabe Davis,7.7,10.800000190734863
2020,5,WR,53,41-55,Olamide Zaccheaus,7.5,2.299999952316284
2020,5,WR,54,41-55,Darnell Mooney,7.2,3.5
2020,5,WR,55,41-55,Larry Fitzgerald,7.2,7.5
2020,5,TE,1,1-3,Mark Andrews,18.9,17.600000381469727
2020,5,TE,2,1-3,Travis Kelce,16.6,24.799999237060547
2020,5,TE,3,1-3,George Kittle,16.3,8.399999618530273
2020,5,TE,4,4-6,Tyler Higbee,14.2,3.200000047683716
2020,5,TE,5,4-6,Darren Waller,12.3,15.800000190734863
2020,5,TE,6,4-6,Evan Engram,11.2,9.5
2020,5,TE,7,7-12,Eric Ebron,10.5,7.300000190734863
2020,5,TE,8,7-12,Jared Cook,9.7,13.199999809265137
2020,5,TE,9,7-12,Hunter Henry,9.4,12.300000190734863
2020,5,TE,10,7-12,Dalton Schultz,8.4,1.600000023841858
2020,5,TE,11,7-12,Greg Olsen,8.2,3.0
2020,5,TE,12,7-12,Hayden Hurst,8.2,2.799999952316284
2020,5,TE,13,13-20,Jimmy Graham,7.9,12.300000190734863
2020,5,TE,14,13-20,Jonnu Smith,7.9,21.0
2020,5,TE,16,13-20,Mo Alie-Cox,7.3,0.0
2020,5,TE,17,13-20,Tyler Eifert,7.1,4.599999904632568
2020,5,TE,18,13-20,Austin Hooper,6.5,10.699999809265137
2020,5,TE,19,13-20,Will Dissly,6.4,8.899999618530273
2020,5,TE,20,13-20,Ian Thomas,6.3,0.0
2020,6,QB,1,1-6,Josh Allen,23.72,15.079999923706055
2020,6,QB,2,1-6,Aaron Rodgers,23.64,3.799999952316284
2020,6,QB,3,1-6,Ryan Tannehill,23.42,28.639999389648438
2020,6,QB,5,1-6,Gardner Minshew,20.4,18.1200008392334
2020,6,QB,6,1-6,Deshaun Watson,20.4,32.0
2020,6,QB,7,7-12,Ryan Fitzpatrick,20.33,16.040000915527344
2020,6,QB,8,7-12,Kyler Murray,19.81,28.920000076293945
2020,6,QB,9,7-12,Patrick Mahomes,19.74,20.600000381469727
2020,6,QB,10,7-12,Ben Roethlisberger,18.49,10.979999542236328
2020,6,QB,11,7-12,Kirk Cousins,18.2,23.719999313354492
2020,6,QB,12,7-12,Lamar Jackson,17.9,28.239999771118164
2020,6,QB,13,13-24,Matt Ryan,17.31,31.639999389648438
2020,6,QB,14,13-24,Matthew Stafford,16.21,12.319999694824219
2020,6,QB,15,13-24,Daniel Jones,15.77,13.880000114440918
2020,6,QB,16,13-24,Cam Newton,15.47,18.479999542236328
2020,6,QB,17,13-24,Philip Rivers,15.47,24.739999771118164
2020,6,QB,18,13-24,Tom Brady,15.47,14.640000343322754
2020,6,QB,19,13-24,Jared Goff,14.8,14.920000076293945
2020,6,QB,20,13-24,Nick Foles,13.2,16.31999969482422
2020,6,QB,21,13-24,Teddy Bridgewater,12.8,9.4399995803833
2020,6,QB,23,13-24,Joe Burrow,12.2,16.719999313354492
2020,6,QB,24,13-24,Carson Wentz,12.1,29.420000076293945
2020,6,RB,2,1-6,James Robinson,23.53,15.300000190734863
2020,6,RB,3,1-6,Derrick Henry,21.86,40.400001525878906
2020,6,RB,4,1-6,Aaron Jones,21.48,13.100000381469727
2020,6,RB,5,1-6,James Conner,21.48,17.200000762939453
2020,6,RB,6,1-6,Ezekiel Elliott,18.24,12.0
2020,6,RB,8,7-12,Todd Gurley,15.92,9.699999809265137
2020,6,RB,9,7-12,David Montgomery,15.82,13.699999809265137
2020,6,RB,10,7-12,Jonathan Taylor,14.06,15.5
2020,6,RB,12,7-12,Myles Gaskin,13.78,16.600000381469727
2020,6,RB,13,13-24,Miles Sanders,13.4,12.199999809265137
2020,6,RB,14,13-24,David Johnson,13.2,13.899999618530273
2020,6,RB,15,13-24,Joe Mixon,11.8,14.899999618530273
2020,6,RB,16,13-24,Raheem Mostert,11.2,9.600000381469727
2020,6,RB,17,13-24,Ronald Jones,11.2,26.100000381469727
2020,6,RB,18,13-24,Devin Singletary,11.0,5.5
2020,6,RB,19,13-24,Clyde Edwards-Helaire,10.9,20.899999618530273
2020,6,RB,20,13-24,Kareem Hunt,10.7,7.699999809265137
2020,6,RB,21,13-24,Antonio Gibson,10.4,9.5
2020,6,RB,22,13-24,Kenyan Drake,10.3,28.399999618530273
2020,6,RB,23,13-24,Jamaal Williams,9.9,3.4000000953674316
2020,6,RB,26,25-40,Adrian Peterson,9.2,12.800000190734863
2020,6,RB,27,25-40,Chase Edmonds,9.2,3.9000000953674316
2020,6,RB,28,25-40,Mike Davis,9.2,11.5
2020,6,RB,29,25-40,Mark Ingram,8.6,2.0
2020,6,RB,30,25-40,Rex Burkhead,8.3,1.399999976158142
2020,6,RB,32,25-40,Devonta Freeman,8.3,6.699999809265137
2020,6,RB,33,25-40,James White,8.1,15.300000190734863
2020,6,RB,34,25-40,Jerick McKinnon,8.1,4.800000190734863
2020,6,RB,35,25-40,D'Andre Swift,7.9,27.299999237060547
2020,6,RB,36,25-40,Nyheim Hines,7.9,7.699999809265137
2020,6,RB,37,25-40,J.K. Dobbins,7.5,4.900000095367432
2020,6,RB,38,25-40,Zack Moss,7.4,1.0
2020,6,RB,39,25-40,Alexander Mattison,7.3,4.0
2020,6,RB,40,25-40,Brian Hill,7.0,3.4000000953674316
2020,6,WR,1,1-6,Adam Thielen,20.2,14.100000381469727
2020,6,WR,2,1-6,Calvin Ridley,18.7,18.899999618530273
2020,6,WR,3,1-6,Julio Jones,18.3,33.70000076293945
2020,6,WR,4,1-6,Stefon Diggs,16.5,16.600000381469727
2020,6,WR,5,1-6,Amari Cooper,15.8,20.899999618530273
2020,6,WR,6,1-6,DeVante Parker,15.7,6.5
2020,6,WR,7,7-12,Davante Adams,15.5,12.100000381469727
2020,6,WR,8,7-12,Darius Slayton,15.3,11.800000190734863
2020,6,WR,9,7-12,DeAndre Hopkins,15.1,9.300000190734863
2020,6,WR,10,7-12,DJ Chark,15.0,11.5
2020,6,WR,11,7-12,Allen Robinson,14.5,10.300000190734863
2020,6,WR,12,7-12,Marquise Brown,14.3,9.699999809265137
2020,6,WR,13,13-24,Will Fuller,14.1,24.299999237060547
2020,6,WR,14,13-24,Cooper Kupp,13.5,4.099999904632568
2020,6,WR,15,13-24,CeeDee Lamb,13.3,13.399999618530273
2020,6,WR,16,13-24,Tyreek Hill,13.2,5.5
2020,6,WR,18,13-24,Justin Jefferson,12.7,39.599998474121094
2020,6,WR,19,13-24,A.J. Brown,12.6,22.799999237060547
2020,6,WR,20,13-24,Jamison Crowder,12.6,11.800000190734863
2020,6,WR,22,13-24,Michael Gallup,12.2,4.300000190734863
2020,6,WR,23,13-24,Brandin Cooks,12.1,21.799999237060547
2020,6,WR,24,13-24,John Brown,12.1,0.0
2020,6,WR,25,25-40,Terry McLaurin,11.7,14.399999618530273
2020,6,WR,26,25-40,Tyler Boyd,11.6,12.899999618530273
2020,6,WR,27,25-40,Keelan Cole,11.3,20.299999237060547
2020,6,WR,28,25-40,T.Y. Hilton,11.3,2.0999999046325684
2020,6,WR,29,25-40,Robbie Chosen,11.2,11.699999809265137
2020,6,WR,30,25-40,Robert Woods,11.0,14.0
2020,6,WR,31,25-40,Laviska Shenault Jr.,10.9,8.199999809265137
2020,6,WR,32,25-40,Chris Godwin Jr.,10.7,9.800000190734863
2020,6,WR,33,25-40,JuJu Smith-Schuster,10.4,2.5999999046325684
2020,6,WR,34,25-40,DJ Moore,10.4,14.300000190734863
2020,6,WR,35,25-40,Randall Cobb,10.4,10.699999809265137
2020,6,WR,36,25-40,Mike Evans,10.4,2.0
2020,6,WR,37,25-40,Chase Claypool,10.2,18.100000381469727
2020,6,WR,38,25-40,Preston Williams,10.0,9.800000190734863
2020,6,WR,39,25-40,Kenny Golladay,10.0,14.5
2020,6,WR,40,25-40,Golden Tate,9.9,2.0999999046325684
2020,6,WR,41,41-55,Russell Gage,9.9,10.5
2020,6,WR,43,41-55,Cole Beasley,9.7,14.5
2020,6,WR,44,41-55,Julian Edelman,9.7,4.320000171661377
2020,6,WR,46,41-55,Tee Higgins,8.7,18.700000762939453
2020,6,WR,48,41-55,Odell Beckham Jr.,8.2,9.0
2020,6,WR,49,41-55,Gabe Davis,7.9,1.7000000476837158
2020,6,WR,50,41-55,Adam Humphries,7.9,18.399999618530273
2020,6,WR,52,41-55,Zach Pascal,7.6,15.399999618530273
2020,6,WR,53,41-55,Damiere Byrd,7.6,6.800000190734863
2020,6,WR,54,41-55,Marvin Jones,7.4,2.799999952316284
2020,6,TE,1,1-3,Mark Andrews,16.8,4.099999904632568
2020,6,TE,2,1-3,Travis Kelce,14.1,21.5
2020,6,TE,3,1-3,George Kittle,13.8,23.899999618530273
2020,6,TE,4,4-6,Eric Ebron,11.1,2.9000000953674316
2020,6,TE,5,4-6,Jonnu Smith,11.0,2.299999952316284
2020,6,TE,6,4-6,Mike Gesicki,10.1,0.0
2020,6,TE,7,7-12,Robert Tonyan,10.0,5.5
2020,6,TE,8,7-12,Evan Engram,9.7,5.0
2020,6,TE,10,7-12,Tyler Higbee,8.1,8.600000381469727
2020,6,TE,11,7-12,Darren Fells,7.7,20.5
2020,6,TE,12,7-12,Jimmy Graham,7.7,8.399999618530273
2020,6,TE,13,13-20,N'Keal Harry,7.5,0.0
2020,6,TE,14,13-20,Hayden Hurst,7.2,15.699999809265137
2020,6,TE,15,13-20,Dalton Schultz,7.0,7.5
2020,6,TE,16,13-20,Tyler Eifert,6.7,0.0
2020,6,TE,17,13-20,T.J. Hockenson,6.6,9.699999809265137
2020,6,TE,18,13-20,Austin Hooper,6.3,10.199999809265137
2020,6,TE,20,13-20,Dan Arnold,6.3,0.0
2020,7,QB,1,1-6,Josh Allen,23.42,16.3799991607666
2020,7,QB,2,1-6,Russell Wilson,23.2,29.920000076293945
2020,7,QB,3,1-6,Kyler Murray,23.13,37.099998474121094
2020,7,QB,4,1-6,Tom Brady,22.39,36.86000061035156
2020,7,QB,5,1-6,Matt Ryan,22.32,17.520000457763672
2020,7,QB,6,1-6,Derek Carr,20.84,19.260000228881836
2020,7,QB,7,7-12,Matthew Stafford,20.48,18.399999618530273
2020,7,QB,8,7-12,Carson Wentz,20.33,27.760000228881836
2020,7,QB,9,7-12,Drew Brees,19.59,23.68000030517578
2020,7,QB,10,7-12,Aaron Rodgers,19.45,27.31999969482422
2020,7,QB,11,7-12,Patrick Mahomes,18.56,12.0
2020,7,QB,12,7-12,Ryan Tannehill,17.9,17.299999237060547
2020,7,QB,13,13-24,Justin Herbert,17.83,38.47999954223633
2020,7,QB,14,13-24,Deshaun Watson,17.83,24.15999984741211
2020,7,QB,15,13-24,Gardner Minshew,17.61,19.020000457763672
2020,7,QB,16,13-24,Ben Roethlisberger,17.53,12.619999885559082
2020,7,QB,17,13-24,Teddy Bridgewater,16.8,19.15999984741211
2020,7,QB,18,13-24,Joe Burrow,16.65,33.63999938964844
2020,7,QB,19,13-24,Baker Mayfield,16.28,29.780000686645508
2020,7,QB,20,13-24,Cam Newton,15.1,-0.18000000715255737
2020,7,QB,21,13-24,Jared Goff,15.1,16.899999618530273
2020,7,QB,22,13-24,Andy Dalton,14.4,2.5999999046325684
2020,7,QB,23,13-24,Daniel Jones,14.1,20.68000030517578
2020,7,QB,24,13-24,Jimmy Garoppolo,13.8,7.480000019073486
2020,7,RB,1,1-6,Alvin Kamara,29.74,22.799999237060547
2020,7,RB,2,1-6,James Conner,21.95,14.100000381469727
2020,7,RB,3,1-6,James Robinson,21.39,31.700000762939453
2020,7,RB,7,7-12,Ezekiel Elliott,18.24,6.099999904632568
2020,7,RB,8,7-12,Melvin Gordon,17.96,12.0
2020,7,RB,9,7-12,Josh Jacobs,17.31,6.099999904632568
2020,7,RB,11,7-12,Derrick Henry,17.12,15.199999809265137
2020,7,RB,12,7-12,Todd Gurley,16.84,22.200000762939453
2020,7,RB,13,13-24,Ronald Jones,16.75,10.600000381469727
2020,7,RB,15,13-24,Kareem Hunt,16.38,19.200000762939453
2020,7,RB,16,13-24,Chris Carson,14.9,5.099999904632568
2020,7,RB,18,13-24,Kenyan Drake,14.25,5.099999904632568
2020,7,RB,19,13-24,D'Andre Swift,12.3,14.800000190734863
2020,7,RB,20,13-24,David Montgomery,11.9,11.899999618530273
2020,7,RB,21,13-24,Latavius Murray,11.9,6.599999904632568
2020,7,RB,22,13-24,Phillip Lindsay,11.5,7.900000095367432
2020,7,RB,23,13-24,David Johnson,11.1,16.399999618530273
2020,7,RB,24,13-24,Clyde Edwards-Helaire,11.0,13.300000190734863
2020,7,RB,25,25-40,Mike Davis,10.9,8.600000381469727
2020,7,RB,26,25-40,Adrian Peterson,10.6,4.0
2020,7,RB,27,25-40,Devin Singletary,10.5,6.699999809265137
2020,7,RB,29,25-40,Chase Edmonds,10.2,21.5
2020,7,RB,30,25-40,Jamaal Williams,9.8,21.399999618530273
2020,7,RB,31,25-40,Antonio Gibson,8.8,18.799999237060547
2020,7,RB,32,25-40,Devonta Freeman,8.6,0.800000011920929
2020,7,RB,33,25-40,Darrell Henderson,8.4,9.600000381469727
2020,7,RB,34,25-40,Leonard Fournette,8.2,15.699999809265137
2020,7,RB,36,25-40,James White,8.0,1.2999999523162842
2020,7,RB,37,25-40,Brian Hill,7.8,6.0
2020,7,RB,38,25-40,Justin Jackson,7.5,10.5
2020,7,RB,39,25-40,Jerick McKinnon,7.3,-0.10000000149011612
2020,7,RB,40,25-40,Joshua Kelley,6.8,10.300000190734863
2020,7,WR,1,1-6,Julio Jones,23.5,17.700000762939453
2020,7,WR,2,1-6,Calvin Ridley,19.4,19.899999618530273
2020,7,WR,3,1-6,Stefon Diggs,17.8,10.800000190734863
2020,7,WR,4,1-6,Chris Godwin Jr.,16.3,23.799999237060547
2020,7,WR,5,1-6,DeAndre Hopkins,16.1,24.299999237060547
2020,7,WR,6,1-6,Amari Cooper,15.7,15.5
2020,7,WR,7,7-12,DK Metcalf,15.3,4.300000190734863
2020,7,WR,8,7-12,Kenny Golladay,15.0,17.399999618530273
2020,7,WR,9,7-12,Tyler Lockett,14.1,53.0
2020,7,WR,11,7-12,Mike Evans,13.8,5.699999809265137
2020,7,WR,12,7-12,Tyler Boyd,13.7,27.739999771118164
2020,7,WR,13,13-24,Davante Adams,13.4,44.599998474121094
2020,7,WR,14,13-24,Cooper Kupp,13.2,11.899999618530273
2020,7,WR,15,13-24,Robbie Chosen,13.1,13.399999618530273
2020,7,WR,16,13-24,DJ Moore,13.0,25.299999237060547
2020,7,WR,17,13-24,Darius Slayton,12.6,4.300000190734863
2020,7,WR,18,13-24,Diontae Johnson,12.6,29.0
2020,7,WR,19,13-24,CeeDee Lamb,12.5,0.10000000149011612
2020,7,WR,20,13-24,Tee Higgins,12.4,18.799999237060547
2020,7,WR,21,13-24,Keenan Allen,12.2,22.5
2020,7,WR,22,13-24,DJ Chark,12.2,3.5999999046325684
2020,7,WR,23,13-24,Will Fuller,12.1,12.5
2020,7,WR,24,13-24,Robert Woods,11.9,5.5
2020,7,WR,25,25-40,Hunter Renfrow,11.6,8.199999809265137
2020,7,WR,26,25-40,Cole Beasley,11.2,22.200000762939453
2020,7,WR,28,25-40,Terry McLaurin,11.1,22.0
2020,7,WR,29,25-40,Keelan Cole,10.9,2.200000047683716
2020,7,WR,30,25-40,Allen Robinson,10.8,11.0
2020,7,WR,31,25-40,Chase Claypool,10.8,0.800000011920929
2020,7,WR,32,25-40,A.J. Brown,10.6,27.299999237060547
2020,7,WR,33,25-40,Russell Gage,10.6,11.399999618530273
2020,7,WR,34,25-40,Tyreek Hill,10.5,17.5
2020,7,WR,35,25-40,Michael Gallup,10.5,0.0
2020,7,WR,37,25-40,Brandin Cooks,10.4,13.0
2020,7,WR,38,25-40,Odell Beckham Jr.,10.4,0.0
2020,7,WR,39,25-40,Henry Ruggs III,10.3,13.0
2020,7,WR,40,25-40,Tre'Quan Smith,9.7,9.399999618530273
2020,7,WR,42,41-55,Marvin Jones,9.5,13.0
2020,7,WR,43,41-55,Christian Kirk,9.4,20.700000762939453
2020,7,WR,44,41-55,Nelson Agholor,9.3,21.700000762939453
2020,7,WR,45,41-55,Jarvis Landry,9.0,10.960000038146973
2020,7,WR,46,41-55,Laviska Shenault Jr.,8.8,14.800000190734863
2020,7,WR,47,41-55,Julian Edelman,8.5,2.299999952316284
2020,7,WR,48,41-55,JuJu Smith-Schuster,8.4,17.5
2020,7,WR,49,41-55,Travis Fulgham,8.1,12.300000190734863
2020,7,WR,51,41-55,Gabe Davis,8.0,2.0999999046325684
2020,7,WR,52,41-55,Randall Cobb,7.7,17.5
2020,7,WR,53,41-55,James Washington,7.6,0.0
2020,7,WR,54,41-55,Greg Ward,7.6,15.199999809265137
2020,7,WR,55,41-55,Mike Williams,7.4,1.399999976158142
2020,7,TE,1,1-3,Darren Waller,14.1,17.0
2020,7,TE,2,1-3,Travis Kelce,12.9,6.099999904632568
2020,7,TE,3,1-3,George Kittle,11.9,10.5
2020,7,TE,4,4-6,Jared Cook,10.2,12.199999809265137
2020,7,TE,5,4-6,T.J. Hockenson,10.0,16.899999618530273
2020,7,TE,6,4-6,Eric Ebron,9.7,11.0
2020,7,TE,10,7-12,Hayden Hurst,8.7,12.800000190734863
2020,7,TE,11,7-12,Rob Gronkowski,8.6,17.200000762939453
2020,7,TE,13,13-20,Jonnu Smith,7.8,1.899999976158142
2020,7,TE,14,13-20,Robert Tonyan,7.8,5.199999809265137
2020,7,TE,16,13-20,Hunter Henry,7.2,5.300000190734863
2020,7,TE,18,13-20,Evan Engram,7.0,10.899999618530273
2020,7,TE,20,13-20,Greg Olsen,6.9,3.799999952316284
2020,8,QB,1,1-6,Patrick Mahomes,25.63,36.63999938964844
2020,8,QB,2,1-6,Tom Brady,22.83,19.059999465942383
2020,8,QB,3,1-6,Ryan Tannehill,21.43,17.31999969482422
2020,8,QB,4,1-6,Russell Wilson,21.07,28.739999771118164
2020,8,QB,5,1-6,Matt Ryan,19.23,17.940000534057617
2020,8,QB,6,1-6,Aaron Rodgers,18.78,22.540000915527344
2020,8,QB,7,7-12,Josh Allen,18.71,12.460000038146973
2020,8,QB,8,7-12,Philip Rivers,17.75,22.280000686645508
2020,8,QB,9,7-12,Justin Herbert,17.68,21.219999313354492
2020,8,QB,10,7-12,Joe Burrow,17.46,18.860000610351562
2020,8,QB,11,7-12,Baker Mayfield,17.46,7.78000020980835
2020,8,QB,12,7-12,Derek Carr,17.31,12.539999961853027
2020,8,QB,13,13-24,Carson Wentz,17.24,8.619999885559082
2020,8,QB,14,13-24,Teddy Bridgewater,17.09,12.039999961853027
2020,8,QB,15,13-24,Jimmy Garoppolo,17.09,1.7599999904632568
2020,8,QB,17,13-24,Jared Goff,16.28,10.199999809265137
2020,8,QB,18,13-24,Drew Brees,15.3,19.600000381469727
2020,8,QB,19,13-24,Matthew Stafford,14.8,22.440000534057617
2020,8,QB,20,13-24,Daniel Jones,14.7,16.239999771118164
2020,8,QB,21,13-24,Nick Foles,12.3,16.8799991607666
2020,8,QB,22,13-24,Cam Newton,12.1,18.360000610351562
2020,8,QB,23,13-24,Ben Roethlisberger,11.5,15.279999732971191
2020,8,QB,24,13-24,Drew Lock,11.1,19.81999969482422
2020,8,RB,1,1-6,Derrick Henry,22.32,17.200000762939453
2020,8,RB,2,1-6,Alvin Kamara,21.58,25.299999237060547
2020,8,RB,4,1-6,Melvin Gordon,19.81,10.699999809265137
2020,8,RB,5,1-6,Todd Gurley,19.35,10.600000381469727
2020,8,RB,7,7-12,Dalvin Cook,18.79,48.599998474121094
2020,8,RB,8,7-12,Kareem Hunt,17.4,9.300000190734863
2020,8,RB,9,7-12,Clyde Edwards-Helaire,16.84,6.099999904632568
2020,8,RB,11,7-12,Josh Jacobs,15.92,12.899999618530273
2020,8,RB,12,7-12,James Conner,15.82,15.0
2020,8,RB,15,13-24,Ronald Jones,14.62,6.599999904632568
2020,8,RB,16,13-24,David Montgomery,14.34,12.5
2020,8,RB,17,13-24,Jonathan Taylor,14.15,5.099999904632568
2020,8,RB,20,13-24,Ezekiel Elliott,12.4,8.300000190734863
2020,8,RB,21,13-24,Jamaal Williams,12.2,18.200000762939453
2020,8,RB,24,13-24,Myles Gaskin,10.5,13.300000190734863
2020,8,RB,25,25-40,Phillip Lindsay,10.3,15.600000381469727
2020,8,RB,26,25-40,Mike Davis,9.7,8.699999809265137
2020,8,RB,27,25-40,Leonard Fournette,9.6,10.100000381469727
2020,8,RB,28,25-40,D'Andre Swift,9.4,5.300000190734863
2020,8,RB,29,25-40,Devin Singletary,8.5,10.199999809265137
2020,8,RB,30,25-40,Darrell Henderson,8.3,6.800000190734863
2020,8,RB,31,25-40,Nyheim Hines,8.2,21.200000762939453
2020,8,RB,32,25-40,Le'Veon Bell,8.1,6.800000190734863
2020,8,RB,33,25-40,Latavius Murray,8.1,6.099999904632568
2020,8,RB,36,25-40,Brian Hill,7.4,8.399999618530273
2020,8,RB,37,25-40,Frank Gore,7.2,3.0
2020,8,RB,38,25-40,Jerick McKinnon,7.1,13.899999618530273
2020,8,RB,39,25-40,Adrian Peterson,7.1,2.200000047683716
2020,8,RB,40,25-40,La'Mical Perine,7.0,5.300000190734863
2020,8,WR,1,1-6,Julio Jones,20.5,20.700000762939453
2020,8,WR,2,1-6,Tyler Lockett,20.0,7.300000190734863
2020,8,WR,4,1-6,Calvin Ridley,17.3,7.199999809265137
2020,8,WR,5,1-6,Tyreek Hill,16.8,25.799999237060547
2020,8,WR,6,1-6,Davante Adams,16.4,30.299999237060547
2020,8,WR,7,7-12,Tyler Boyd,14.4,19.600000381469727
2020,8,WR,8,7-12,DJ Moore,13.6,7.5
2020,8,WR,9,7-12,DK Metcalf,13.2,40.099998474121094
2020,8,WR,10,7-12,A.J. Brown,12.7,12.399999618530273
2020,8,WR,11,7-12,Stefon Diggs,12.6,15.199999809265137
2020,8,WR,12,7-12,Marquise Brown,12.4,7.300000190734863
2020,8,WR,13,13-24,Robbie Chosen,12.4,9.800000190734863
2020,8,WR,14,13-24,Mike Evans,12.1,16.5
2020,8,WR,15,13-24,Allen Robinson,12.1,20.700000762939453
2020,8,WR,16,13-24,Keenan Allen,11.8,21.700000762939453
2020,8,WR,17,13-24,Tee Higgins,11.7,14.399999618530273
2020,8,WR,18,13-24,Kenny Golladay,11.6,0.0
2020,8,WR,20,13-24,Cooper Kupp,11.2,22.0
2020,8,WR,21,13-24,Amari Cooper,11.1,1.5
2020,8,WR,22,13-24,T.Y. Hilton,10.8,2.9000000953674316
2020,8,WR,23,13-24,Darius Slayton,10.8,10.600000381469727
2020,8,WR,24,13-24,DeVante Parker,10.6,7.300000190734863
2020,8,WR,26,25-40,Russell Gage,10.1,4.5
2020,8,WR,27,25-40,Cole Beasley,9.8,4.400000095367432
2020,8,WR,28,25-40,Adam Thielen,9.7,5.699999809265137
2020,8,WR,30,25-40,Scott Miller,9.6,7.199999809265137
2020,8,WR,31,25-40,Zach Pascal,9.5,7.400000095367432
2020,8,WR,32,25-40,Robert Woods,9.5,28.399999618530273
2020,8,WR,33,25-40,Diontae Johnson,9.1,1.600000023841858
2020,8,WR,34,25-40,Justin Jefferson,8.8,5.599999904632568
2020,8,WR,36,25-40,Brandon Aiyuk,8.5,23.100000381469727
2020,8,WR,38,25-40,Sterling Shepard,8.3,15.399999618530273
2020,8,WR,40,25-40,Michael Pittman,8.0,1.600000023841858
2020,8,WR,41,41-55,Mecole Hardman,7.9,22.600000381469727
2020,8,WR,42,41-55,Corey Davis,7.9,26.799999237060547
2020,8,WR,43,41-55,Marvin Jones,7.8,18.899999618530273
2020,8,WR,44,41-55,John Brown,7.4,3.0999999046325684
2020,8,WR,45,41-55,CeeDee Lamb,7.3,8.600000381469727
2020,8,WR,46,41-55,Nelson Agholor,7.3,0.0
2020,8,WR,47,41-55,Hunter Renfrow,7.2,12.600000381469727
2020,8,WR,48,41-55,Preston Williams,7.2,3.5
2020,8,WR,49,41-55,Curtis Samuel,7.1,21.399999618530273
2020,8,WR,50,41-55,JuJu Smith-Schuster,6.9,13.699999809265137
2020,8,WR,51,41-55,Jarvis Landry,6.9,9.199999809265137
2020,8,WR,52,41-55,Josh Reynolds,6.7,8.399999618530273
2020,8,WR,55,41-55,Golden Tate,6.6,11.819999694824219
2020,8,TE,1,1-3,Travis Kelce,18.0,24.899999618530273
2020,8,TE,2,1-3,George Kittle,15.5,5.900000095367432
2020,8,TE,3,1-3,Mark Andrews,12.6,6.199999809265137
2020,8,TE,4,4-6,Darren Waller,10.3,7.699999809265137
2020,8,TE,5,4-6,Hayden Hurst,9.7,10.399999618530273
2020,8,TE,6,4-6,Rob Gronkowski,9.3,14.100000381469727
2020,8,TE,7,7-12,Jonnu Smith,7.8,4.900000095367432
2020,8,TE,8,7-12,Tyler Higbee,7.8,3.4000000953674316
2020,8,TE,11,7-12,Jimmy Graham,7.5,3.299999952316284
2020,8,TE,12,7-12,Dallas Goedert,7.4,2.5
2020,8,TE,13,13-20,Mike Gesicki,7.4,1.7999999523162842
2020,8,TE,14,13-20,Jared Cook,7.3,16.100000381469727
2020,8,TE,15,13-20,T.J. Hockenson,7.0,13.5
2020,8,TE,16,13-20,Evan Engram,6.9,12.0
2020,8,TE,18,13-20,Hunter Henry,6.7,7.300000190734863
2020,8,TE,19,13-20,Trey Burton,6.3,10.100000381469727
2020,8,TE,20,13-20,Robert Tonyan,6.3,12.899999618530273
2020,9,QB,1,1-6,Justin Herbert,26.07,23.440000534057617
2020,9,QB,2,1-6,Patrick Mahomes,23.57,31.479999542236328
2020,9,QB,3,1-6,Tom Brady,21.73,2.359999895095825
2020,9,QB,4,1-6,Kyler Murray,20.99,37.91999816894531
2020,9,QB,5,1-6,Josh Allen,20.7,36.0
2020,9,QB,6,1-6,Russell Wilson,20.26,22.100000381469727
2020,9,QB,7,7-12,Drew Brees,19.96,22.68000030517578
2020,9,QB,8,7-12,Cam Newton,19.3,24.559999465942383
2020,9,QB,9,7-12,Matthew Stafford,19.15,8.4399995803833
2020,9,QB,10,7-12,Derek Carr,18.86,14.0
2020,9,QB,11,7-12,Deshaun Watson,18.86,24.239999771118164
2020,9,QB,12,7-12,Kyle Allen,17.75,2.4800000190734863
2020,9,QB,13,13-24,Ryan Tannehill,17.39,14.619999885559082
2020,9,QB,15,13-24,Aaron Rodgers,16.8,28.899999618530273
2020,9,QB,16,13-24,Kirk Cousins,16.58,20.799999237060547
2020,9,QB,17,13-24,Matt Ryan,15.77,22.360000610351562
2020,9,QB,18,13-24,Daniel Jones,15.0,12.880000114440918
2020,9,QB,19,13-24,Ben Roethlisberger,14.0,25.040000915527344
2020,9,QB,20,13-24,Teddy Bridgewater,13.7,28.299999237060547
2020,9,QB,21,13-24,Drew Lock,13.5,29.219999313354492
2020,9,QB,22,13-24,Philip Rivers,13.4,7.079999923706055
2020,9,QB,23,13-24,Nick Foles,13.0,21.600000381469727
2020,9,RB,1,1-6,Dalvin Cook,30.86,39.20000076293945
2020,9,RB,2,1-6,Alvin Kamara,23.06,15.899999618530273
2020,9,RB,3,1-6,James Robinson,22.51,15.899999618530273
2020,9,RB,4,1-6,Christian McCaffrey,20.0,37.099998474121094
2020,9,RB,5,1-6,Derrick Henry,19.35,6.800000190734863
2020,9,RB,7,7-12,James Conner,17.77,4.0
2020,9,RB,8,7-12,Josh Jacobs,17.12,13.800000190734863
2020,9,RB,9,7-12,Clyde Edwards-Helaire,15.55,12.399999618530273
2020,9,RB,10,7-12,David Montgomery,15.45,5.199999809265137
2020,9,RB,11,7-12,Melvin Gordon,15.08,3.700000047683716
2020,9,RB,12,7-12,Aaron Jones,14.52,12.899999618530273
2020,9,RB,13,13-24,Antonio Gibson,12.6,12.5
2020,9,RB,14,13-24,D'Andre Swift,12.1,12.699999809265137
2020,9,RB,15,13-24,Ronald Jones,12.1,4.800000190734863
2020,9,RB,16,13-24,Todd Gurley,11.6,13.5
2020,9,RB,18,13-24,David Johnson,11.6,1.600000023841858
2020,9,RB,22,13-24,Chase Edmonds,10.8,11.800000190734863
2020,9,RB,23,13-24,Ezekiel Elliott,10.2,8.899999618530273
2020,9,RB,25,25-40,James White,10.0,6.400000095367432
2020,9,RB,26,25-40,Leonard Fournette,9.7,10.100000381469727
2020,9,RB,29,25-40,Mike Davis,9.5,8.699999809265137
2020,9,RB,30,25-40,Phillip Lindsay,9.4,2.299999952316284
2020,9,RB,31,25-40,Rex Burkhead,9.1,15.699999809265137
2020,9,RB,32,25-40,Jonathan Taylor,8.9,9.399999618530273
2020,9,RB,34,25-40,J.D. McKissic,8.5,17.200000762939453
2020,9,RB,35,25-40,Zack Moss,8.3,12.800000190734863
2020,9,RB,37,25-40,Devin Singletary,8.0,6.400000095367432
2020,9,RB,38,25-40,Adrian Peterson,7.9,7.300000190734863
2020,9,RB,39,25-40,Latavius Murray,7.9,6.199999809265137
2020,9,RB,40,25-40,Le'Veon Bell,7.7,1.2999999523162842
2020,9,WR,1,1-6,Keenan Allen,19.5,25.299999237060547
2020,9,WR,2,1-6,Chris Godwin Jr.,16.8,7.099999904632568
2020,9,WR,3,1-6,Tyler Lockett,16.4,8.0
2020,9,WR,5,1-6,Julio Jones,16.2,16.399999618530273
2020,9,WR,6,1-6,DK Metcalf,15.9,23.799999237060547
2020,9,WR,7,7-12,DeAndre Hopkins,14.8,6.0
2020,9,WR,8,7-12,Davante Adams,14.7,33.29999923706055
2020,9,WR,9,7-12,Stefon Diggs,14.7,20.799999237060547
2020,9,WR,10,7-12,Terry McLaurin,14.6,24.5
2020,9,WR,11,7-12,Adam Thielen,14.1,5.800000190734863
2020,9,WR,12,7-12,Tyreek Hill,13.4,33.099998474121094
2020,9,WR,14,13-24,Allen Robinson,13.3,15.100000381469727
2020,9,WR,15,13-24,Mike Evans,12.9,10.399999618530273
2020,9,WR,16,13-24,Justin Jefferson,12.4,9.399999618530273
2020,9,WR,17,13-24,Marvin Jones,11.7,13.300000190734863
2020,9,WR,18,13-24,Marquise Brown,11.6,6.800000190734863
2020,9,WR,19,13-24,A.J. Brown,11.0,20.100000381469727
2020,9,WR,20,13-24,Mike Williams,10.9,13.100000381469727
2020,9,WR,21,13-24,Will Fuller,10.9,21.0
2020,9,WR,22,13-24,Emmanuel Sanders,10.5,13.800000190734863
2020,9,WR,23,13-24,Cole Beasley,10.2,6.900000095367432
2020,9,WR,24,13-24,DJ Chark,9.7,27.600000381469727
2020,9,WR,25,25-40,Brandin Cooks,9.7,17.299999237060547
2020,9,WR,27,25-40,DJ Moore,9.4,3.799999952316284
2020,9,WR,28,25-40,Christian Kirk,9.4,23.299999237060547
2020,9,WR,29,25-40,Corey Davis,9.4,0.0
2020,9,WR,30,25-40,Hunter Renfrow,9.3,8.0
2020,9,WR,32,25-40,Darius Slayton,9.1,1.7999999523162842
2020,9,WR,33,25-40,Quintez Cephus,9.1,5.099999904632568
2020,9,WR,34,25-40,Jamison Crowder,8.8,10.600000381469727
2020,9,WR,35,25-40,Jakobi Meyers,8.8,28.899999618530273
2020,9,WR,36,25-40,Scott Miller,8.8,2.0
2020,9,WR,38,25-40,Robbie Chosen,8.6,15.300000190734863
2020,9,WR,39,25-40,Amari Cooper,8.6,12.5
2020,9,WR,40,25-40,Chase Claypool,8.6,15.300000190734863
2020,9,WR,41,41-55,Keelan Cole,8.5,1.600000023841858
2020,9,WR,42,41-55,Nelson Agholor,8.4,13.5
2020,9,WR,43,41-55,JuJu Smith-Schuster,8.2,21.299999237060547
2020,9,WR,44,41-55,Damiere Byrd,8.2,11.5
2020,9,WR,45,41-55,Steven Sims,8.2,1.399999976158142
2020,9,WR,46,41-55,Mecole Hardman,8.2,7.800000190734863
2020,9,WR,47,41-55,Randall Cobb,8.2,5.099999904632568
2020,9,WR,48,41-55,Sterling Shepard,8.1,11.699999809265137
2020,9,WR,50,41-55,Laviska Shenault Jr.,7.8,1.7999999523162842
2020,9,WR,51,41-55,John Brown,7.5,17.899999618530273
2020,9,WR,52,41-55,Danny Amendola,7.5,14.899999618530273
2020,9,WR,53,41-55,Darnell Mooney,7.5,9.300000190734863
2020,9,WR,54,41-55,Henry Ruggs III,7.5,2.0
2020,9,WR,55,41-55,Tre'Quan Smith,7.4,8.399999618530273
2020,9,TE,1,1-3,Travis Kelce,14.5,25.899999618530273
2020,9,TE,2,1-3,Darren Waller,12.2,13.199999809265137
2020,9,TE,3,1-3,Mark Andrews,12.0,5.199999809265137
2020,9,TE,4,4-6,T.J. Hockenson,10.2,14.899999618530273
2020,9,TE,5,4-6,Hunter Henry,9.9,7.300000190734863
2020,9,TE,6,4-6,Eric Ebron,9.2,11.199999809265137
2020,9,TE,7,7-12,Rob Gronkowski,9.1,1.2000000476837158
2020,9,TE,9,7-12,Jared Cook,8.5,3.0
2020,9,TE,10,7-12,Hayden Hurst,8.1,13.199999809265137
2020,9,TE,11,7-12,Jimmy Graham,7.4,17.5
2020,9,TE,13,13-20,Noah Fant,7.4,7.5
2020,9,TE,14,13-20,Evan Engram,7.1,15.800000190734863
2020,9,TE,15,13-20,Darren Fells,7.0,4.599999904632568
2020,9,TE,16,13-20,Jonnu Smith,6.9,11.199999809265137
2020,9,TE,17,13-20,Logan Thomas,6.4,5.800000190734863
2020,9,TE,19,13-20,Jordan Akins,6.2,3.9000000953674316
2020,9,TE,20,13-20,Will Dissly,5.9,3.5999999046325684
2020,10,QB,1,1-6,Kyler Murray,21.51,29.899999618530273
2020,10,QB,2,1-6,Russell Wilson,20.7,9.920000076293945
2020,10,QB,3,1-6,Josh Allen,20.04,27.360000610351562
2020,10,QB,4,1-6,Deshaun Watson,19.96,14.119999885559082
2020,10,QB,5,1-6,Carson Wentz,19.37,8.720000267028809
2020,10,QB,6,1-6,Justin Herbert,19.15,20.479999542236328
2020,10,QB,7,7-12,Jared Goff,18.78,10.479999542236328
2020,10,QB,8,7-12,Tom Brady,18.34,31.84000015258789
2020,10,QB,9,7-12,Drew Lock,18.27,6.980000019073486
2020,10,QB,10,7-12,Aaron Rodgers,17.68,25.399999618530273
2020,10,QB,11,7-12,Drew Brees,17.46,6.940000057220459
2020,10,QB,12,7-12,Nick Mullens,17.02,10.180000305175781
2020,10,QB,13,13-24,Matthew Stafford,16.94,23.040000915527344
2020,10,QB,14,13-24,Teddy Bridgewater,16.94,19.040000915527344
2020,10,QB,15,13-24,Alex Smith,16.5,16.0
2020,10,QB,16,13-24,Ryan Tannehill,16.5,10.779999732971191
2020,10,QB,17,13-24,Philip Rivers,16.06,16.31999969482422
2020,10,QB,18,13-24,Baker Mayfield,15.4,5.380000114440918
2020,10,QB,19,13-24,Derek Carr,15.4,7.159999847412109
2020,10,QB,20,13-24,Ben Roethlisberger,15.3,29.31999969482422
2020,10,QB,21,13-24,Nick Foles,14.1,2.440000057220459
2020,10,QB,22,13-24,Tua Tagovailoa,13.9,14.65999984741211
2020,10,QB,23,13-24,Cam Newton,13.8,16.81999969482422
2020,10,QB,24,13-24,Daniel Jones,12.8,22.15999984741211
2020,10,RB,1,1-6,Dalvin Cook,26.5,15.199999809265137
2020,10,RB,3,1-6,Alvin Kamara,18.42,34.79999923706055
2020,10,RB,4,1-6,Miles Sanders,17.31,13.5
2020,10,RB,5,1-6,Melvin Gordon,17.31,4.599999904632568
2020,10,RB,6,1-6,Kareem Hunt,16.75,16.200000762939453
2020,10,RB,7,7-12,Aaron Jones,16.66,14.5
2020,10,RB,8,7-12,James Conner,15.82,6.800000190734863
2020,10,RB,9,7-12,James Robinson,15.73,13.199999809265137
2020,10,RB,12,7-12,Nick Chubb,13.97,18.600000381469727
2020,10,RB,13,13-24,Derrick Henry,13.6,11.899999618530273
2020,10,RB,15,13-24,Ronald Jones,12.3,24.799999237060547
2020,10,RB,17,13-24,Josh Jacobs,12.1,29.600000381469727
2020,10,RB,18,13-24,Jonathan Taylor,11.8,5.699999809265137
2020,10,RB,19,13-24,Kenyan Drake,11.6,9.899999618530273
2020,10,RB,20,13-24,Antonio Gibson,11.4,22.5
2020,10,RB,23,13-24,Jamaal Williams,10.7,8.5
2020,10,RB,24,13-24,Chase Edmonds,10.7,10.699999809265137
2020,10,RB,25,25-40,Leonard Fournette,10.7,5.0
2020,10,RB,26,25-40,D'Andre Swift,10.6,25.899999618530273
2020,10,RB,28,25-40,Phillip Lindsay,10.3,0.20000000298023224
2020,10,RB,30,25-40,Boston Scott,9.4,14.399999618530273
2020,10,RB,31,25-40,Gus Edwards,9.0,8.300000190734863
2020,10,RB,32,25-40,Darrell Henderson,9.0,10.300000190734863
2020,10,RB,33,25-40,Mike Davis,8.9,8.399999618530273
2020,10,RB,34,25-40,J.K. Dobbins,8.9,2.4000000953674316
2020,10,RB,35,25-40,Nyheim Hines,8.9,28.5
2020,10,RB,36,25-40,Malcolm Brown,8.2,19.100000381469727
2020,10,RB,37,25-40,Jerick McKinnon,8.0,5.599999904632568
2020,10,RB,40,25-40,Mark Ingram,7.7,4.900000095367432
2020,10,WR,1,1-6,Cooper Kupp,18.2,10.0
2020,10,WR,2,1-6,DK Metcalf,16.6,4.800000190734863
2020,10,WR,3,1-6,Robert Woods,15.4,8.600000381469727
2020,10,WR,4,1-6,Davante Adams,14.6,18.600000381469727
2020,10,WR,5,1-6,Tyler Lockett,14.3,11.600000381469727
2020,10,WR,6,1-6,Keenan Allen,14.0,12.899999618530273
2020,10,WR,7,7-12,Allen Robinson,13.8,10.300000190734863
2020,10,WR,8,7-12,Antonio Brown,13.1,13.600000381469727
2020,10,WR,9,7-12,DeAndre Hopkins,12.9,25.700000762939453
2020,10,WR,10,7-12,Stefon Diggs,12.8,25.299999237060547
2020,10,WR,12,7-12,Terry McLaurin,12.7,17.200000762939453
2020,10,WR,13,13-24,Will Fuller,11.8,8.800000190734863
2020,10,WR,14,13-24,A.J. Brown,11.4,3.0999999046325684
2020,10,WR,15,13-24,Chris Godwin Jr.,11.2,15.199999809265137
2020,10,WR,16,13-24,Robbie Chosen,11.2,6.099999904632568
2020,10,WR,17,13-24,Marquise Brown,11.1,3.4000000953674316
2020,10,WR,19,13-24,Tyler Boyd,10.5,10.100000381469727
2020,10,WR,20,13-24,DJ Moore,10.4,19.600000381469727
2020,10,WR,21,13-24,Brandin Cooks,10.3,9.899999618530273
2020,10,WR,22,13-24,T.Y. Hilton,10.0,8.0
2020,10,WR,23,13-24,Christian Kirk,10.0,6.699999809265137
2020,10,WR,24,13-24,Marvin Jones,9.8,23.600000381469727
2020,10,WR,25,25-40,Brandon Aiyuk,9.7,19.700000762939453
2020,10,WR,26,25-40,Curtis Samuel,9.6,4.199999809265137
2020,10,WR,27,25-40,Jerry Jeudy,9.6,10.800000190734863
2020,10,WR,28,25-40,Adam Thielen,9.4,20.299999237060547
2020,10,WR,29,25-40,Josh Reynolds,9.4,17.399999618530273
2020,10,WR,30,25-40,Mike Evans,9.0,19.700000762939453
2020,10,WR,31,25-40,Zach Pascal,8.9,7.300000190734863
2020,10,WR,32,25-40,Justin Jefferson,8.8,21.5
2020,10,WR,33,25-40,Tee Higgins,8.7,22.5
2020,10,WR,34,25-40,DeVante Parker,8.4,5.099999904632568
2020,10,WR,35,25-40,JuJu Smith-Schuster,8.4,22.700000762939453
2020,10,WR,36,25-40,Tim Patrick,8.4,10.100000381469727
2020,10,WR,37,25-40,KJ Hamler,8.3,9.0
2020,10,WR,38,25-40,Darnell Mooney,8.3,2.299999952316284
2020,10,WR,39,25-40,Mike Williams,8.2,5.800000190734863
2020,10,WR,40,25-40,Cole Beasley,8.2,27.899999618530273
2020,10,WR,43,41-55,Travis Fulgham,8.0,1.7999999523162842
2020,10,WR,44,41-55,Emmanuel Sanders,8.0,1.5
2020,10,WR,45,41-55,John Brown,7.8,13.199999809265137
2020,10,WR,46,41-55,Anthony Miller,7.8,4.800000190734863
2020,10,WR,47,41-55,Chase Claypool,7.8,21.299999237060547
2020,10,WR,48,41-55,Randall Cobb,7.6,7.099999904632568
2020,10,WR,49,41-55,Jakobi Meyers,7.5,15.859999656677246
2020,10,WR,50,41-55,Michael Pittman,7.5,19.200000762939453
2020,10,WR,51,41-55,Diontae Johnson,7.3,23.600000381469727
2020,10,WR,52,41-55,David Moore,7.2,3.799999952316284
2020,10,WR,53,41-55,Larry Fitzgerald,7.2,3.299999952316284
2020,10,WR,55,41-55,Danny Amendola,7.2,4.0
2020,10,TE,1,1-3,Mark Andrews,11.1,13.100000381469727
2020,10,TE,3,1-3,T.J. Hockenson,10.3,3.299999952316284
2020,10,TE,4,4-6,Tyler Higbee,10.0,9.0
2020,10,TE,5,4-6,Darren Waller,9.5,6.699999809265137
2020,10,TE,6,4-6,Gerald Everett,8.9,4.699999809265137
2020,10,TE,7,7-12,Jimmy Graham,7.8,0.0
2020,10,TE,8,7-12,Noah Fant,7.7,4.800000190734863
2020,10,TE,9,7-12,Eric Ebron,7.7,5.800000190734863
2020,10,TE,10,7-12,Austin Hooper,6.7,2.0999999046325684
2020,10,TE,11,7-12,Darren Fells,6.6,2.5
2020,10,TE,12,7-12,Mo Alie-Cox,6.6,4.900000095367432
2020,10,TE,13,13-20,Evan Engram,6.6,3.5
2020,10,TE,14,13-20,Jordan Akins,6.5,1.5
2020,10,TE,15,13-20,Hunter Henry,6.4,13.0
2020,10,TE,16,13-20,Rob Gronkowski,6.3,13.100000381469727
2020,10,TE,18,13-20,Dallas Goedert,5.9,7.300000190734863
2020,10,TE,19,13-20,Jared Cook,5.7,0.0
2020,11,QB,1,1-6,Patrick Mahomes,29.9,21.520000457763672
2020,11,QB,2,1-6,Kyler Murray,27.91,20.260000228881836
2020,11,QB,3,1-6,Justin Herbert,23.2,27.739999771118164
2020,11,QB,4,1-6,Russell Wilson,22.1,20.079999923706055
2020,11,QB,5,1-6,Lamar Jackson,21.51,16.540000915527344
2020,11,QB,6,1-6,Cam Newton,20.55,19.200000762939453
2020,11,QB,8,7-12,Matt Ryan,20.26,5.28000020980835
2020,11,QB,9,7-12,Matthew Stafford,18.78,7.619999885559082
2020,11,QB,10,7-12,Deshaun Watson,18.2,31.360000610351562
2020,11,QB,11,7-12,Aaron Rodgers,18.05,21.739999771118164
2020,11,QB,13,13-24,Jared Goff,17.24,23.040000915527344
2020,11,QB,14,13-24,Tom Brady,16.8,12.640000343322754
2020,11,QB,15,13-24,Derek Carr,16.8,21.600000381469727
2020,11,QB,16,13-24,Alex Smith,16.36,8.34000015258789
2020,11,QB,17,13-24,Ben Roethlisberger,16.28,16.68000030517578
2020,11,QB,18,13-24,Joe Burrow,15.4,11.319999694824219
2020,11,QB,19,13-24,Ryan Tannehill,15.1,21.860000610351562
2020,11,QB,20,13-24,Kirk Cousins,15.0,22.959999084472656
2020,11,QB,21,13-24,Carson Wentz,14.7,14.399999618530273
2020,11,QB,22,13-24,Baker Mayfield,12.6,7.059999942779541
2020,11,QB,23,13-24,Philip Rivers,12.1,21.420000076293945
2020,11,QB,24,13-24,Tua Tagovailoa,12.0,7.320000171661377
2020,11,RB,1,1-6,Dalvin Cook,25.85,25.0
2020,11,RB,2,1-6,Alvin Kamara,23.25,10.5
2020,11,RB,4,1-6,Josh Jacobs,18.52,13.399999618530273
2020,11,RB,6,1-6,James Conner,16.75,12.899999618530273
2020,11,RB,8,7-12,Derrick Henry,15.08,20.200000762939453
2020,11,RB,9,7-12,Ezekiel Elliott,15.08,19.399999618530273
2020,11,RB,10,7-12,Clyde Edwards-Helaire,14.34,20.700000762939453
2020,11,RB,11,7-12,Todd Gurley,14.15,3.9000000953674316
2020,11,RB,12,7-12,Miles Sanders,13.78,9.100000381469727
2020,11,RB,13,13-24,James Robinson,13.6,11.399999618530273
2020,11,RB,14,13-24,Kareem Hunt,13.5,9.100000381469727
2020,11,RB,15,13-24,Chase Edmonds,13.0,14.899999618530273
2020,11,RB,16,13-24,Kenyan Drake,12.9,16.0
2020,11,RB,17,13-24,Aaron Jones,12.8,17.100000381469727
2020,11,RB,19,13-24,Nick Chubb,12.4,11.399999618530273
2020,11,RB,21,13-24,Rex Burkhead,11.9,3.200000047683716
2020,11,RB,22,13-24,Melvin Gordon,11.8,18.399999618530273
2020,11,RB,23,13-24,Ronald Jones,10.9,2.4000000953674316
2020,11,RB,24,13-24,Antonio Gibson,10.7,17.399999618530273
2020,11,RB,27,25-40,Kalen Ballage,9.9,14.100000381469727
2020,11,RB,29,25-40,Jamaal Williams,9.2,8.600000381469727
2020,11,RB,30,25-40,Mike Davis,9.1,15.899999618530273
2020,11,RB,32,25-40,Malcolm Brown,9.0,3.799999952316284
2020,11,RB,33,25-40,J.K. Dobbins,8.9,18.5
2020,11,RB,34,25-40,Salvon Ahmed,8.8,12.399999618530273
2020,11,RB,35,25-40,Nyheim Hines,8.8,8.300000190734863
2020,11,RB,36,25-40,Gus Edwards,8.8,0.6000000238418579
2020,11,RB,37,25-40,Damien Harris,8.5,12.399999618530273
2020,11,RB,38,25-40,Devontae Booker,8.3,2.9000000953674316
2020,11,RB,39,25-40,Jonathan Taylor,8.2,15.399999618530273
2020,11,RB,40,25-40,La'Mical Perine,8.0,9.300000190734863
2020,11,WR,1,1-6,Julio Jones,20.6,5.900000095367432
2020,11,WR,2,1-6,Keenan Allen,19.2,34.5
2020,11,WR,3,1-6,Tyreek Hill,18.8,27.0
2020,11,WR,4,1-6,Calvin Ridley,17.8,14.0
2020,11,WR,5,1-6,DeAndre Hopkins,17.2,10.100000381469727
2020,11,WR,6,1-6,Davante Adams,16.4,23.600000381469727
2020,11,WR,7,7-12,Cooper Kupp,15.3,25.5
2020,11,WR,8,7-12,DK Metcalf,15.1,13.600000381469727
2020,11,WR,9,7-12,Tyler Lockett,15.1,21.700000762939453
2020,11,WR,11,7-12,Terry McLaurin,14.3,13.399999618530273
2020,11,WR,12,7-12,Will Fuller,13.8,14.0
2020,11,WR,13,13-24,Marvin Jones,13.4,9.100000381469727
2020,11,WR,14,13-24,Robert Woods,13.1,30.600000381469727
2020,11,WR,15,13-24,Amari Cooper,12.8,14.100000381469727
2020,11,WR,16,13-24,Tee Higgins,12.3,5.599999904632568
2020,11,WR,17,13-24,Willie Snead,12.2,5.300000190734863
2020,11,WR,18,13-24,Tyler Boyd,11.9,17.5
2020,11,WR,19,13-24,Christian Kirk,11.7,9.0
2020,11,WR,20,13-24,Adam Thielen,11.7,32.29999923706055
2020,11,WR,21,13-24,Brandin Cooks,11.5,12.5
2020,11,WR,22,13-24,Antonio Brown,11.4,13.800000190734863
2020,11,WR,23,13-24,Marquise Brown,11.4,0.0
2020,11,WR,24,13-24,Mike Williams,11.2,17.200000762939453
2020,11,WR,26,25-40,Justin Jefferson,10.7,17.600000381469727
2020,11,WR,27,25-40,DJ Moore,10.6,21.799999237060547
2020,11,WR,28,25-40,Josh Reynolds,10.6,6.199999809265137
2020,11,WR,29,25-40,Jakobi Meyers,10.5,6.800000190734863
2020,11,WR,30,25-40,JuJu Smith-Schuster,10.2,5.900000095367432
2020,11,WR,31,25-40,Robbie Chosen,10.1,11.600000381469727
2020,11,WR,32,25-40,Olamide Zaccheaus,10.0,2.0
2020,11,WR,33,25-40,Mecole Hardman,9.9,2.5999999046325684
2020,11,WR,34,25-40,Chris Godwin Jr.,9.9,18.299999237060547
2020,11,WR,35,25-40,CeeDee Lamb,9.8,16.600000381469727
2020,11,WR,36,25-40,Diontae Johnson,9.5,23.100000381469727
2020,11,WR,37,25-40,Chase Claypool,9.4,15.899999618530273
2020,11,WR,38,25-40,Allen Lazard,9.4,3.799999952316284
2020,11,WR,39,25-40,A.J. Brown,9.4,16.200000762939453
2020,11,WR,40,25-40,Jamison Crowder,8.9,2.5999999046325684
2020,11,WR,41,41-55,Randall Cobb,8.6,8.699999809265137
2020,11,WR,42,41-55,Michael Gallup,8.6,4.900000095367432
2020,11,WR,43,41-55,Michael Thomas,8.5,19.399999618530273
2020,11,WR,44,41-55,Curtis Samuel,8.4,21.399999618530273
2020,11,WR,45,41-55,Mike Evans,8.4,15.899999618530273
2020,11,WR,46,41-55,Hunter Renfrow,8.1,5.699999809265137
2020,11,WR,47,41-55,Demarcus Robinson,8.1,10.399999618530273
2020,11,WR,50,41-55,DJ Chark,7.9,8.100000381469727
2020,11,WR,51,41-55,Steven Sims,7.8,10.300000190734863
2020,11,WR,52,41-55,T.Y. Hilton,7.8,6.599999904632568
2020,11,WR,53,41-55,David Moore,7.7,2.5
2020,11,WR,54,41-55,Larry Fitzgerald,7.6,14.199999809265137
2020,11,TE,1,1-3,Travis Kelce,19.3,26.860000610351562
2020,11,TE,2,1-3,Mark Andrews,15.8,20.600000381469727
2020,11,TE,3,1-3,Darren Waller,11.6,21.799999237060547
2020,11,TE,4,4-6,T.J. Hockenson,10.1,10.800000190734863
2020,11,TE,5,4-6,Hunter Henry,9.6,14.800000190734863
2020,11,TE,6,4-6,Tyler Higbee,9.4,6.0
2020,11,TE,7,7-12,Hayden Hurst,9.4,0.0
2020,11,TE,8,7-12,Gerald Everett,7.8,6.699999809265137
2020,11,TE,9,7-12,Eric Ebron,7.3,13.600000381469727
2020,11,TE,10,7-12,Logan Thomas,6.4,2.799999952316284
2020,11,TE,11,7-12,Jared Cook,6.4,1.600000023841858
2020,11,TE,12,7-12,Dalton Schultz,6.2,12.5
2020,11,TE,13,13-20,Rob Gronkowski,6.0,4.5
2020,11,TE,14,13-20,N'Keal Harry,5.9,9.100000381469727
2020,11,TE,16,13-20,Darren Fells,5.8,4.900000095367432
2020,11,TE,17,13-20,Will Dissly,5.8,2.0
2020,11,TE,18,13-20,Austin Hooper,5.6,6.300000190734863
2020,11,TE,19,13-20,Dan Arnold,5.5,7.400000095367432
2020,12,QB,1,1-6,Patrick Mahomes,27.84,31.280000686645508
2020,12,QB,2,1-6,Deshaun Watson,25.26,33.119998931884766
2020,12,QB,3,1-6,Kyler Murray,22.46,7.900000095367432
2020,12,QB,4,1-6,Russell Wilson,21.8,14.399999618530273
2020,12,QB,5,1-6,Josh Allen,21.58,15.479999542236328
2020,12,QB,6,1-6,Tom Brady,20.26,21.700000762939453
2020,12,QB,7,7-12,Matt Ryan,19.74,13.899999618530273
2020,12,QB,8,7-12,Kirk Cousins,18.56,26.18000030517578
2020,12,QB,9,7-12,Aaron Rodgers,18.49,25.639999389648438
2020,12,QB,10,7-12,Matthew Stafford,18.27,16.100000381469727
2020,12,QB,11,7-12,Derek Carr,17.9,0.6000000238418579
2020,12,QB,13,13-24,Philip Rivers,17.53,17.799999237060547
2020,12,QB,15,13-24,Justin Herbert,17.16,16.440000534057617
2020,12,QB,16,13-24,Daniel Jones,16.65,10.420000076293945
2020,12,QB,17,13-24,Cam Newton,16.21,3.9600000381469727
2020,12,QB,18,13-24,Ryan Tannehill,16.06,19.139999389648438
2020,12,QB,19,13-24,Carson Wentz,15.99,18.799999237060547
2020,12,QB,20,13-24,Ben Roethlisberger,15.69,12.539999961853027
2020,12,QB,21,13-24,Jared Goff,14.0,3.0199999809265137
2020,12,QB,22,13-24,Andy Dalton,14.0,12.300000190734863
2020,12,QB,23,13-24,Alex Smith,13.5,8.0600004196167
2020,12,QB,24,13-24,Nick Mullens,13.3,8.079999923706055
2020,12,RB,1,1-6,Dalvin Cook,34.57,10.199999809265137
2020,12,RB,3,1-6,Alvin Kamara,20.84,6.199999809265137
2020,12,RB,5,1-6,Josh Jacobs,15.64,5.400000095367432
2020,12,RB,6,1-6,James Robinson,15.55,26.899999618530273
2020,12,RB,7,7-12,Aaron Jones,15.17,10.0
2020,12,RB,10,7-12,Clyde Edwards-Helaire,14.34,4.900000095367432
2020,12,RB,13,13-24,Ezekiel Elliott,14.06,2.9000000953674316
2020,12,RB,14,13-24,Austin Ekeler,13.69,23.899999618530273
2020,12,RB,15,13-24,Derrick Henry,13.6,38.5
2020,12,RB,16,13-24,Miles Sanders,13.4,6.199999809265137
2020,12,RB,17,13-24,Kareem Hunt,13.4,6.199999809265137
2020,12,RB,18,13-24,Melvin Gordon,12.7,3.0999999046325684
2020,12,RB,19,13-24,Kenyan Drake,12.4,24.299999237060547
2020,12,RB,20,13-24,Nick Chubb,12.4,26.600000381469727
2020,12,RB,21,13-24,Ronald Jones,12.1,17.299999237060547
2020,12,RB,22,13-24,Chase Edmonds,11.6,8.300000190734863
2020,12,RB,24,13-24,Chris Carson,11.3,13.899999618530273
2020,12,RB,25,25-40,Raheem Mostert,11.3,10.300000190734863
2020,12,RB,26,25-40,Nyheim Hines,11.0,17.5
2020,12,RB,28,25-40,Jamaal Williams,10.8,13.300000190734863
2020,12,RB,29,25-40,Antonio Gibson,10.8,36.599998474121094
2020,12,RB,31,25-40,Carlos Hyde,10.6,4.900000095367432
2020,12,RB,32,25-40,Mike Davis,10.4,10.899999618530273
2020,12,RB,33,25-40,Jeff Wilson,10.3,4.0
2020,12,RB,34,25-40,Zack Moss,10.3,8.800000190734863
2020,12,RB,35,25-40,Leonard Fournette,10.2,5.0
2020,12,RB,36,25-40,David Montgomery,10.0,25.299999237060547
2020,12,RB,37,25-40,Wayne Gallman,9.6,18.100000381469727
2020,12,RB,38,25-40,Boston Scott,8.8,9.699999809265137
2020,12,RB,39,25-40,Duke Johnson,8.7,17.0
2020,12,WR,1,1-6,Tyreek Hill,20.3,57.900001525878906
2020,12,WR,3,1-6,Will Fuller,17.0,35.099998474121094
2020,12,WR,5,1-6,Calvin Ridley,16.0,17.0
2020,12,WR,6,1-6,Stefon Diggs,15.9,10.899999618530273
2020,12,WR,7,7-12,Davante Adams,15.8,18.100000381469727
2020,12,WR,8,7-12,DK Metcalf,15.5,27.700000762939453
2020,12,WR,9,7-12,Tyler Boyd,14.9,4.5
2020,12,WR,10,7-12,Antonio Brown,14.8,3.0999999046325684
2020,12,WR,11,7-12,Brandin Cooks,14.8,13.5
2020,12,WR,12,7-12,Tyler Lockett,14.7,5.300000190734863
2020,12,WR,13,13-24,Keenan Allen,14.6,16.0
2020,12,WR,15,13-24,Justin Jefferson,14.3,26.0
2020,12,WR,16,13-24,DeAndre Hopkins,14.1,10.5
2020,12,WR,17,13-24,Tee Higgins,13.5,15.399999618530273
2020,12,WR,18,13-24,Terry McLaurin,13.2,16.200000762939453
2020,12,WR,19,13-24,Chris Godwin Jr.,13.0,17.700000762939453
2020,12,WR,20,13-24,Marvin Jones,12.9,10.800000190734863
2020,12,WR,21,13-24,Cooper Kupp,12.9,6.099999904632568
2020,12,WR,22,13-24,DJ Moore,12.9,10.100000381469727
2020,12,WR,23,13-24,Robert Woods,12.1,15.800000190734863
2020,12,WR,24,13-24,Michael Pittman,11.9,4.800000190734863
2020,12,WR,25,25-40,Cole Beasley,11.6,9.300000190734863
2020,12,WR,26,25-40,DeVante Parker,11.4,19.899999618530273
2020,12,WR,27,25-40,Michael Thomas,11.3,9.100000381469727
2020,12,WR,28,25-40,Mike Evans,11.1,20.0
2020,12,WR,29,25-40,Robbie Chosen,11.1,19.399999618530273
2020,12,WR,30,25-40,Curtis Samuel,11.1,12.699999809265137
2020,12,WR,31,25-40,Diontae Johnson,10.8,12.600000381469727
2020,12,WR,32,25-40,Amari Cooper,10.7,23.200000762939453
2020,12,WR,33,25-40,Sammy Watkins,10.5,7.800000190734863
2020,12,WR,34,25-40,Sterling Shepard,10.0,13.800000190734863
2020,12,WR,35,25-40,Darius Slayton,9.9,0.0
2020,12,WR,36,25-40,T.Y. Hilton,9.8,18.100000381469727
2020,12,WR,39,25-40,Nelson Agholor,9.7,10.399999618530273
2020,12,WR,40,25-40,Christian Kirk,9.7,4.900000095367432
2020,12,WR,41,41-55,Mecole Hardman,9.6,5.300000190734863
2020,12,WR,43,41-55,A.J. Brown,9.4,25.799999237060547
2020,12,WR,44,41-55,Olamide Zaccheaus,9.4,2.0999999046325684
2020,12,WR,45,41-55,Chase Claypool,9.1,11.199999809265137
2020,12,WR,46,41-55,JuJu Smith-Schuster,9.1,17.700000762939453
2020,12,WR,47,41-55,Allen Robinson,8.7,27.399999618530273
2020,12,WR,49,41-55,Zach Pascal,8.7,3.299999952316284
2020,12,WR,50,41-55,CeeDee Lamb,8.7,7.099999904632568
2020,12,WR,51,41-55,Russell Gage,8.5,6.400000095367432
2020,12,WR,52,41-55,Demarcus Robinson,8.3,8.600000381469727
2020,12,WR,54,41-55,Mike Williams,7.7,5.599999904632568
2020,12,WR,55,41-55,Hunter Renfrow,7.7,14.300000190734863
2020,12,TE,1,1-3,Travis Kelce,19.3,16.200000762939453
2020,12,TE,2,1-3,Darren Waller,12.3,6.300000190734863
2020,12,TE,3,1-3,T.J. Hockenson,9.9,13.899999618530273
2020,12,TE,5,4-6,Hayden Hurst,8.5,8.800000190734863
2020,12,TE,6,4-6,Jordan Akins,8.0,0.4000000059604645
2020,12,TE,7,7-12,Hunter Henry,7.8,13.699999809265137
2020,12,TE,8,7-12,Eric Ebron,7.7,12.399999618530273
2020,12,TE,9,7-12,Rob Gronkowski,7.7,16.600000381469727
2020,12,TE,10,7-12,Evan Engram,7.6,16.899999618530273
2020,12,TE,12,7-12,Robert Tonyan,7.0,17.700000762939453
2020,12,TE,14,13-20,Dallas Goedert,6.6,20.5
2020,12,TE,15,13-20,Mike Gesicki,6.3,11.5
2020,12,TE,16,13-20,Dalton Schultz,6.3,7.400000095367432
2020,12,TE,18,13-20,Trey Burton,6.2,13.199999809265137
2020,12,TE,19,13-20,Mo Alie-Cox,6.2,3.9000000953674316
2020,13,QB,1,1-6,Russell Wilson,22.98,15.020000457763672
2020,13,QB,2,1-6,Aaron Rodgers,21.95,23.5
2020,13,QB,3,1-6,Patrick Mahomes,21.36,19.31999969482422
2020,13,QB,5,1-6,Mitchell Trubisky,20.18,13.279999732971191
2020,13,QB,6,1-6,Kyler Murray,19.96,16.420000076293945
2020,13,QB,7,7-12,Deshaun Watson,19.45,19.440000534057617
2020,13,QB,8,7-12,Ryan Tannehill,18.05,27.559999465942383
2020,13,QB,9,7-12,Kirk Cousins,17.68,21.399999618530273
2020,13,QB,10,7-12,Justin Herbert,17.16,4.360000133514404
2020,13,QB,11,7-12,Matt Ryan,17.02,12.920000076293945
2020,13,QB,12,7-12,Derek Carr,16.8,31.739999771118164
2020,13,QB,13,13-24,Josh Allen,16.58,30.100000381469727
2020,13,QB,14,13-24,Philip Rivers,16.36,19.200000762939453
2020,13,QB,15,13-24,Cam Newton,16.13,23.559999465942383
2020,13,QB,16,13-24,Ben Roethlisberger,15.69,18.200000762939453
2020,13,QB,17,13-24,Baker Mayfield,14.6,29.459999084472656
2020,13,QB,18,13-24,Jared Goff,14.6,24.139999389648438
2020,13,QB,19,13-24,Matthew Stafford,14.3,26.079999923706055
2020,13,QB,20,13-24,Drew Lock,13.5,10.9399995803833
2020,13,QB,21,13-24,Carson Wentz,12.7,4.960000038146973
2020,13,QB,22,13-24,Andy Dalton,11.8,17.600000381469727
2020,13,QB,23,13-24,Nick Mullens,11.4,20.639999389648438
2020,13,QB,24,13-24,Brandon Allen,9.1,8.420000076293945
2020,13,RB,1,1-6,Dalvin Cook,27.05,23.899999618530273
2020,13,RB,2,1-6,Derrick Henry,21.11,5.900000095367432
2020,13,RB,3,1-6,James Robinson,19.26,22.799999237060547
2020,13,RB,4,1-6,Alvin Kamara,18.89,17.700000762939453
2020,13,RB,5,1-6,David Montgomery,17.4,27.100000381469727
2020,13,RB,6,1-6,Aaron Jones,16.47,23.799999237060547
2020,13,RB,8,7-12,Melvin Gordon,15.73,15.199999809265137
2020,13,RB,10,7-12,Nick Chubb,14.99,17.600000381469727
2020,13,RB,11,7-12,Kenyan Drake,13.4,13.800000190734863
2020,13,RB,12,7-12,Austin Ekeler,13.3,10.800000190734863
2020,13,RB,13,13-24,Jamaal Williams,13.0,5.599999904632568
2020,13,RB,14,13-24,Ezekiel Elliott,12.9,13.5
2020,13,RB,15,13-24,Kareem Hunt,12.7,8.699999809265137
2020,13,RB,16,13-24,Todd Gurley,12.3,3.0
2020,13,RB,17,13-24,Chris Carson,12.2,20.0
2020,13,RB,21,13-24,Myles Gaskin,10.9,14.100000381469727
2020,13,RB,22,13-24,Chase Edmonds,10.6,6.300000190734863
2020,13,RB,23,13-24,Raheem Mostert,10.5,5.300000190734863
2020,13,RB,24,13-24,Wayne Gallman,10.5,13.5
2020,13,RB,25,25-40,Latavius Murray,10.5,3.700000047683716
2020,13,RB,26,25-40,Antonio Gibson,10.4,1.399999976158142
2020,13,RB,28,25-40,Carlos Hyde,10.2,4.099999904632568
2020,13,RB,29,25-40,Sony Michel,10.0,6.800000190734863
2020,13,RB,30,25-40,David Johnson,9.8,10.399999618530273
2020,13,RB,31,25-40,Miles Sanders,9.7,3.0999999046325684
2020,13,RB,32,25-40,Jonathan Taylor,9.6,22.5
2020,13,RB,33,25-40,Nyheim Hines,9.6,12.199999809265137
2020,13,RB,34,25-40,Frank Gore,9.1,0.20000000298023224
2020,13,RB,36,25-40,Jeff Wilson,8.9,15.800000190734863
2020,13,RB,37,25-40,J.K. Dobbins,8.7,13.100000381469727
2020,13,RB,39,25-40,James White,8.2,3.0999999046325684
2020,13,WR,1,1-6,Julio Jones,18.9,15.399999618530273
2020,13,WR,2,1-6,DK Metcalf,18.5,13.0
2020,13,WR,3,1-6,Tyreek Hill,18.1,14.800000190734863
2020,13,WR,4,1-6,Davante Adams,17.8,34.099998474121094
2020,13,WR,5,1-6,Allen Robinson,16.4,13.5
2020,13,WR,6,1-6,Tyler Lockett,15.5,12.300000190734863
2020,13,WR,7,7-12,Calvin Ridley,15.5,15.800000190734863
2020,13,WR,8,7-12,Keenan Allen,15.5,9.800000190734863
2020,13,WR,10,7-12,DeAndre Hopkins,14.3,19.200000762939453
2020,13,WR,11,7-12,Michael Thomas,13.7,19.5
2020,13,WR,12,7-12,DeVante Parker,13.6,7.5
2020,13,WR,13,13-24,Adam Thielen,13.4,21.5
2020,13,WR,14,13-24,Robert Woods,13.1,18.5
2020,13,WR,15,13-24,Justin Jefferson,12.7,27.299999237060547
2020,13,WR,16,13-24,Cooper Kupp,12.5,15.300000190734863
2020,13,WR,17,13-24,Amari Cooper,11.9,16.299999237060547
2020,13,WR,19,13-24,Sterling Shepard,11.1,5.199999809265137
2020,13,WR,20,13-24,Stefon Diggs,11.0,19.200000762939453
2020,13,WR,21,13-24,Terry McLaurin,10.7,3.4000000953674316
2020,13,WR,22,13-24,Brandin Cooks,10.5,11.5
2020,13,WR,23,13-24,A.J. Brown,10.3,10.699999809265137
2020,13,WR,24,13-24,T.Y. Hilton,10.2,25.0
2020,13,WR,25,25-40,DJ Chark,10.0,6.099999904632568
2020,13,WR,26,25-40,Diontae Johnson,9.8,21.100000381469727
2020,13,WR,27,25-40,Marvin Jones,9.6,25.600000381469727
2020,13,WR,28,25-40,Michael Pittman,9.2,9.600000381469727
2020,13,WR,29,25-40,Christian Kirk,9.1,1.2000000476837158
2020,13,WR,30,25-40,Hunter Renfrow,9.1,8.699999809265137
2020,13,WR,31,25-40,JuJu Smith-Schuster,9.1,9.800000190734863
2020,13,WR,32,25-40,Nelson Agholor,9.1,7.800000190734863
2020,13,WR,33,25-40,Marquise Brown,8.9,14.899999618530273
2020,13,WR,34,25-40,Chase Claypool,8.8,5.800000190734863
2020,13,WR,35,25-40,Deebo Samuel Sr.,8.6,13.600000381469727
2020,13,WR,36,25-40,Darius Slayton,8.6,2.4000000953674316
2020,13,WR,37,25-40,Breshad Perriman,8.4,3.200000047683716
2020,13,WR,39,25-40,Russell Gage,8.3,15.100000381469727
2020,13,WR,40,25-40,Darnell Mooney,8.3,8.300000190734863
2020,13,WR,41,41-55,Marquez Valdes-Scantling,8.2,-0.4000000059604645
2020,13,WR,43,41-55,Mike Williams,8.1,8.300000190734863
2020,13,WR,44,41-55,CeeDee Lamb,8.1,10.600000381469727
2020,13,WR,45,41-55,Jakobi Meyers,8.0,3.5
2020,13,WR,46,41-55,Jarvis Landry,8.0,20.440000534057617
2020,13,WR,47,41-55,Tee Higgins,8.0,10.600000381469727
2020,13,WR,48,41-55,Damiere Byrd,7.9,3.5999999046325684
2020,13,WR,51,41-55,David Moore,7.7,1.600000023841858
2020,13,WR,52,41-55,Brandon Aiyuk,7.7,20.5
2020,13,WR,53,41-55,Cole Beasley,7.7,28.0
2020,13,WR,54,41-55,Anthony Miller,7.7,10.899999618530273
2020,13,WR,55,41-55,Allen Lazard,7.6,8.0
2020,13,TE,1,1-3,Travis Kelce,14.4,27.600000381469727
2020,13,TE,3,1-3,Darren Waller,11.3,45.0
2020,13,TE,4,4-6,Evan Engram,10.4,7.199999809265137
2020,13,TE,5,4-6,T.J. Hockenson,9.1,15.399999618530273
2020,13,TE,7,7-12,Hunter Henry,8.9,1.5
2020,13,TE,8,7-12,Eric Ebron,8.0,13.800000190734863
2020,13,TE,9,7-12,Mike Gesicki,7.8,23.799999237060547
2020,13,TE,10,7-12,Robert Tonyan,7.7,13.899999618530273
2020,13,TE,11,7-12,Hayden Hurst,7.2,1.899999976158142
2020,13,TE,12,7-12,Tyler Higbee,6.7,12.399999618530273
2020,13,TE,13,13-20,Noah Fant,6.6,9.699999809265137
2020,13,TE,15,13-20,Jimmy Graham,6.5,0.0
2020,13,TE,16,13-20,Austin Hooper,6.4,4.400000095367432
2020,13,TE,17,13-20,Dallas Goedert,6.2,11.600000381469727
2020,13,TE,18,13-20,Trey Burton,5.9,2.0999999046325684
2020,13,TE,19,13-20,Gerald Everett,5.8,10.399999618530273
2020,13,TE,20,13-20,Will Dissly,5.7,6.800000190734863
2020,14,QB,1,1-6,Aaron Rodgers,28.2,30.899999618530273
2020,14,QB,2,1-6,Russell Wilson,23.64,22.139999389648438
2020,14,QB,3,1-6,Patrick Mahomes,21.73,18.6200008392334
2020,14,QB,4,1-6,Kirk Cousins,21.14,17.100000381469727
2020,14,QB,5,1-6,Kyler Murray,20.77,18.459999084472656
2020,14,QB,6,1-6,Tom Brady,19.96,15.640000343322754
2020,14,QB,7,7-12,Philip Rivers,19.3,17.760000228881836
2020,14,QB,8,7-12,Justin Herbert,19.23,15.720000267028809
2020,14,QB,9,7-12,Ryan Tannehill,19.08,16.479999542236328
2020,14,QB,10,7-12,Deshaun Watson,19.08,16.559999465942383
2020,14,QB,11,7-12,Josh Allen,17.24,18.31999969482422
2020,14,QB,12,7-12,Matt Ryan,17.09,7.260000228881836
2020,14,QB,13,13-24,Mike Glennon,16.8,1.399999976158142
2020,14,QB,14,13-24,Andy Dalton,15.99,15.300000190734863
2020,14,QB,16,13-24,Mitchell Trubisky,15.91,24.979999542236328
2020,14,QB,17,13-24,Derek Carr,15.55,23.84000015258789
2020,14,QB,18,13-24,Nick Mullens,15.4,12.399999618530273
2020,14,QB,19,13-24,Matthew Stafford,14.7,14.359999656677246
2020,14,QB,20,13-24,Drew Lock,14.4,25.600000381469727
2020,14,QB,21,13-24,Jared Goff,13.8,14.579999923706055
2020,14,QB,22,13-24,Baker Mayfield,13.3,30.020000457763672
2020,14,QB,23,13-24,Ben Roethlisberger,13.0,13.479999542236328
2020,14,QB,24,13-24,Cam Newton,12.9,4.360000133514404
2020,14,RB,1,1-6,Dalvin Cook,26.4,19.0
2020,14,RB,2,1-6,Aaron Jones,23.53,9.5
2020,14,RB,3,1-6,Alvin Kamara,21.67,22.399999618530273
2020,14,RB,4,1-6,James Robinson,21.21,12.300000190734863
2020,14,RB,6,1-6,Derrick Henry,19.54,36.20000076293945
2020,14,RB,7,7-12,Melvin Gordon,16.84,12.100000381469727
2020,14,RB,8,7-12,David Montgomery,15.92,24.5
2020,14,RB,9,7-12,Jamaal Williams,15.55,3.799999952316284
2020,14,RB,10,7-12,Nick Chubb,15.08,24.299999237060547
2020,14,RB,11,7-12,Ezekiel Elliott,14.15,7.900000095367432
2020,14,RB,12,7-12,Josh Jacobs,13.78,10.399999618530273
2020,14,RB,13,13-24,Kenyan Drake,13.6,16.0
2020,14,RB,14,13-24,Austin Ekeler,13.5,23.600000381469727
2020,14,RB,15,13-24,James Conner,12.7,1.7999999523162842
2020,14,RB,16,13-24,Todd Gurley,12.7,5.099999904632568
2020,14,RB,17,13-24,Jonathan Taylor,12.5,30.5
2020,14,RB,18,13-24,Chris Carson,12.4,18.799999237060547
2020,14,RB,20,13-24,Nyheim Hines,12.2,11.5
2020,14,RB,21,13-24,Ronald Jones,12.2,15.399999618530273
2020,14,RB,23,13-24,Latavius Murray,11.5,1.7000000476837158
2020,14,RB,25,25-40,Clyde Edwards-Helaire,11.0,14.100000381469727
2020,14,RB,26,25-40,D'Andre Swift,10.9,15.0
2020,14,RB,27,25-40,Kareem Hunt,10.9,29.0
2020,14,RB,28,25-40,Chase Edmonds,10.6,9.300000190734863
2020,14,RB,30,25-40,Wayne Gallman,10.1,10.300000190734863
2020,14,RB,31,25-40,Raheem Mostert,9.7,9.0
2020,14,RB,32,25-40,Miles Sanders,9.7,29.600000381469727
2020,14,RB,34,25-40,J.K. Dobbins,9.4,13.300000190734863
2020,14,RB,35,25-40,Kalen Ballage,8.9,3.0
2020,14,RB,37,25-40,Carlos Hyde,8.8,6.599999904632568
2020,14,RB,38,25-40,Mike Davis,8.7,26.299999237060547
2020,14,RB,39,25-40,Cam Akers,8.5,21.399999618530273
2020,14,RB,40,25-40,Justin Jackson,8.4,4.900000095367432
2020,14,WR,1,1-6,Davante Adams,24.1,24.5
2020,14,WR,2,1-6,DK Metcalf,19.5,18.100000381469727
2020,14,WR,3,1-6,Adam Thielen,18.6,6.900000095367432
2020,14,WR,4,1-6,Justin Jefferson,18.6,9.899999618530273
2020,14,WR,6,1-6,Keenan Allen,16.9,20.200000762939453
2020,14,WR,7,7-12,Tyreek Hill,16.5,26.100000381469727
2020,14,WR,8,7-12,Tyler Lockett,16.3,10.199999809265137
2020,14,WR,9,7-12,Calvin Ridley,15.0,26.399999618530273
2020,14,WR,10,7-12,Chris Godwin Jr.,14.8,4.5
2020,14,WR,11,7-12,Amari Cooper,14.4,15.100000381469727
2020,14,WR,12,7-12,T.Y. Hilton,14.2,25.600000381469727
2020,14,WR,13,13-24,Antonio Brown,14.0,9.899999618530273
2020,14,WR,14,13-24,Robert Woods,13.4,8.100000381469727
2020,14,WR,15,13-24,DeAndre Hopkins,13.4,22.600000381469727
2020,14,WR,16,13-24,Michael Thomas,13.0,16.399999618530273
2020,14,WR,17,13-24,Mike Evans,12.7,8.600000381469727
2020,14,WR,18,13-24,Cooper Kupp,12.4,14.300000190734863
2020,14,WR,19,13-24,Allen Robinson,12.4,27.299999237060547
2020,14,WR,22,13-24,Michael Pittman,11.6,6.5
2020,14,WR,23,13-24,Robbie Chosen,11.2,17.700000762939453
2020,14,WR,24,13-24,DeVante Parker,11.2,0.0
2020,14,WR,25,25-40,A.J. Brown,11.2,24.200000762939453
2020,14,WR,26,25-40,Corey Davis,11.0,4.400000095367432
2020,14,WR,27,25-40,Stefon Diggs,10.8,29.100000381469727
2020,14,WR,29,25-40,Michael Gallup,10.4,4.300000190734863
2020,14,WR,30,25-40,Diontae Johnson,10.2,8.0
2020,14,WR,31,25-40,Terry McLaurin,10.1,4.400000095367432
2020,14,WR,33,25-40,DJ Chark,10.0,3.5999999046325684
2020,14,WR,34,25-40,CeeDee Lamb,9.9,8.100000381469727
2020,14,WR,35,25-40,Curtis Samuel,9.9,16.0
2020,14,WR,37,25-40,Marvin Jones,9.8,8.800000190734863
2020,14,WR,38,25-40,Brandon Aiyuk,9.6,21.899999618530273
2020,14,WR,39,25-40,Allen Lazard,9.1,3.9000000953674316
2020,14,WR,40,25-40,Cole Beasley,8.9,9.100000381469727
2020,14,WR,41,41-55,Chad Hansen,8.8,12.600000381469727
2020,14,WR,42,41-55,Deebo Samuel Sr.,8.8,0.8999999761581421
2020,14,WR,43,41-55,JuJu Smith-Schuster,8.5,17.5
2020,14,WR,44,41-55,Marquez Valdes-Scantling,8.3,20.5
2020,14,WR,45,41-55,Laviska Shenault Jr.,8.3,22.200000762939453
2020,14,WR,46,41-55,Tee Higgins,8.2,9.899999618530273
2020,14,WR,48,41-55,Russell Gage,8.1,18.760000228881836
2020,14,WR,49,41-55,Josh Reynolds,8.1,1.600000023841858
2020,14,WR,50,41-55,Christian Kirk,7.7,4.400000095367432
2020,14,WR,51,41-55,Marquise Brown,7.7,13.0
2020,14,WR,52,41-55,Tim Patrick,7.7,12.600000381469727
2020,14,WR,53,41-55,David Moore,7.5,11.899999618530273
2020,14,WR,54,41-55,Tyler Boyd,7.4,9.300000190734863
2020,14,WR,55,41-55,Larry Fitzgerald,7.4,3.0
2020,14,TE,1,1-3,Travis Kelce,14.5,27.600000381469727
2020,14,TE,2,1-3,Darren Waller,12.0,14.5
2020,14,TE,3,1-3,Mark Andrews,11.4,12.800000190734863
2020,14,TE,4,4-6,Mike Gesicki,10.1,23.5
2020,14,TE,5,4-6,Robert Tonyan,9.9,14.600000381469727
2020,14,TE,7,7-12,Hunter Henry,8.5,10.100000381469727
2020,14,TE,8,7-12,Rob Gronkowski,8.3,7.199999809265137
2020,14,TE,9,7-12,Eric Ebron,7.8,7.0
2020,14,TE,10,7-12,T.J. Hockenson,7.4,16.299999237060547
2020,14,TE,11,7-12,Tyler Higbee,7.4,5.400000095367432
2020,14,TE,12,7-12,Will Dissly,7.2,10.300000190734863
2020,14,TE,13,13-20,Dallas Goedert,7.1,8.300000190734863
2020,14,TE,14,13-20,Dalton Schultz,7.1,6.400000095367432
2020,14,TE,15,13-20,Jonnu Smith,6.6,4.300000190734863
2020,14,TE,16,13-20,Evan Engram,6.5,3.799999952316284
2020,14,TE,17,13-20,Gerald Everett,6.5,1.899999976158142
2020,14,TE,18,13-20,Tyler Eifert,6.5,4.199999809265137
2020,14,TE,19,13-20,Hayden Hurst,6.5,1.7000000476837158
2020,15,QB,1,1-6,Aaron Rodgers,27.1,18.31999969482422
2020,15,QB,2,1-6,Patrick Mahomes,24.82,25.860000610351562
2020,15,QB,3,1-6,Ryan Tannehill,23.94,37.02000045776367
2020,15,QB,4,1-6,Kyler Murray,21.58,33.13999938964844
2020,15,QB,5,1-6,Justin Herbert,21.51,27.959999084472656
2020,15,QB,6,1-6,Lamar Jackson,20.26,29.219999313354492
2020,15,QB,7,7-12,Russell Wilson,19.89,12.039999961853027
2020,15,QB,8,7-12,Tom Brady,19.52,23.399999618530273
2020,15,QB,9,7-12,Derek Carr,19.52,2.119999885559082
2020,15,QB,10,7-12,Deshaun Watson,18.86,23.420000076293945
2020,15,QB,11,7-12,Jared Goff,18.78,15.260000228881836
2020,15,QB,12,7-12,Matthew Stafford,18.27,15.279999732971191
2020,15,QB,13,13-24,Josh Allen,17.9,37.65999984741211
2020,15,QB,14,13-24,Philip Rivers,17.83,17.020000457763672
2020,15,QB,15,13-24,Ben Roethlisberger,17.46,6.699999809265137
2020,15,QB,16,13-24,Baker Mayfield,17.39,20.979999542236328
2020,15,QB,17,13-24,Mitchell Trubisky,17.02,13.479999542236328
2020,15,QB,18,13-24,Matt Ryan,16.87,27.84000015258789
2020,15,QB,19,13-24,Kirk Cousins,15.91,19.34000015258789
2020,15,QB,20,13-24,Nick Mullens,15.0,11.460000038146973
2020,15,QB,22,13-24,Teddy Bridgewater,13.6,16.920000076293945
2020,15,QB,23,13-24,Cam Newton,13.3,12.15999984741211
2020,15,QB,24,13-24,Tua Tagovailoa,13.1,18.700000762939453
2020,15,RB,1,1-6,Derrick Henry,27.7,25.200000762939453
2020,15,RB,2,1-6,Dalvin Cook,21.86,26.899999618530273
2020,15,RB,3,1-6,Alvin Kamara,21.67,18.399999618530273
2020,15,RB,4,1-6,Aaron Jones,21.21,24.799999237060547
2020,15,RB,5,1-6,Austin Ekeler,18.79,11.899999618530273
2020,15,RB,6,1-6,David Montgomery,17.87,29.200000762939453
2020,15,RB,8,7-12,Josh Jacobs,17.4,20.399999618530273
2020,15,RB,9,7-12,James Robinson,17.22,14.300000190734863
2020,15,RB,10,7-12,Nick Chubb,16.47,14.600000381469727
2020,15,RB,12,7-12,Kenyan Drake,15.17,6.0
2020,15,RB,13,13-24,Jonathan Taylor,14.99,19.5
2020,15,RB,14,13-24,D'Andre Swift,14.34,22.200000762939453
2020,15,RB,15,13-24,Clyde Edwards-Helaire,13.78,9.300000190734863
2020,15,RB,16,13-24,Kareem Hunt,13.5,5.800000190734863
2020,15,RB,17,13-24,Jamaal Williams,12.8,4.0
2020,15,RB,18,13-24,Cam Akers,12.8,7.199999809265137
2020,15,RB,21,13-24,Kalen Ballage,11.7,7.099999904632568
2020,15,RB,22,13-24,Chris Carson,11.6,8.899999618530273
2020,15,RB,23,13-24,Melvin Gordon,11.4,24.100000381469727
2020,15,RB,24,13-24,Miles Sanders,11.1,10.0
2020,15,RB,25,25-40,Chase Edmonds,10.8,15.600000381469727
2020,15,RB,26,25-40,Wayne Gallman,10.6,2.9000000953674316
2020,15,RB,27,25-40,J.K. Dobbins,10.5,15.100000381469727
2020,15,RB,28,25-40,Raheem Mostert,10.4,6.800000190734863
2020,15,RB,30,25-40,Nyheim Hines,10.0,7.400000095367432
2020,15,RB,31,25-40,Latavius Murray,9.9,10.899999618530273
2020,15,RB,32,25-40,David Johnson,9.9,24.299999237060547
2020,15,RB,33,25-40,Jeff Wilson,9.7,24.0
2020,15,RB,34,25-40,Salvon Ahmed,9.1,21.700000762939453
2020,15,RB,35,25-40,Gus Edwards,9.0,9.800000190734863
2020,15,RB,36,25-40,Todd Gurley,8.8,3.4000000953674316
2020,15,RB,38,25-40,Mike Davis,8.8,8.100000381469727
2020,15,WR,1,1-6,Davante Adams,24.0,11.199999809265137
2020,15,WR,2,1-6,Tyreek Hill,21.5,17.399999618530273
2020,15,WR,3,1-6,Keenan Allen,18.9,2.5999999046325684
2020,15,WR,5,1-6,Calvin Ridley,17.5,32.29999923706055
2020,15,WR,6,1-6,Cooper Kupp,16.9,8.899999618530273
2020,15,WR,7,7-12,Robert Woods,16.7,21.600000381469727
2020,15,WR,8,7-12,A.J. Brown,16.3,15.399999618530273
2020,15,WR,9,7-12,DeAndre Hopkins,16.2,30.0
2020,15,WR,10,7-12,DK Metcalf,14.8,9.300000190734863
2020,15,WR,11,7-12,Allen Robinson,14.6,12.300000190734863
2020,15,WR,12,7-12,T.Y. Hilton,13.8,11.100000381469727
2020,15,WR,13,13-24,Corey Davis,13.5,21.0
2020,15,WR,15,13-24,Antonio Brown,12.9,20.299999237060547
2020,15,WR,17,13-24,Tyler Lockett,12.1,7.400000095367432
2020,15,WR,18,13-24,Chris Godwin Jr.,11.6,13.600000381469727
2020,15,WR,19,13-24,Marvin Jones,11.6,27.200000762939453
2020,15,WR,20,13-24,Mike Evans,11.5,17.0
2020,15,WR,21,13-24,Diontae Johnson,11.5,19.899999618530273
2020,15,WR,22,13-24,Justin Jefferson,11.5,18.399999618530273
2020,15,WR,23,13-24,JuJu Smith-Schuster,11.5,2.5
2020,15,WR,24,13-24,Stefon Diggs,11.5,25.700000762939453
2020,15,WR,25,25-40,Amari Cooper,11.2,2.299999952316284
2020,15,WR,26,25-40,Adam Thielen,11.2,9.100000381469727
2020,15,WR,27,25-40,Nelson Agholor,11.1,8.899999618530273
2020,15,WR,29,25-40,Terry McLaurin,10.5,14.699999809265137
2020,15,WR,30,25-40,Brandon Aiyuk,10.4,22.299999237060547
2020,15,WR,31,25-40,Mike Williams,10.3,4.199999809265137
2020,15,WR,32,25-40,Sterling Shepard,9.8,8.800000190734863
2020,15,WR,33,25-40,Russell Gage,9.8,17.799999237060547
2020,15,WR,34,25-40,Marquise Brown,9.2,15.800000190734863
2020,15,WR,35,25-40,Marquez Valdes-Scantling,9.1,0.0
2020,15,WR,36,25-40,Michael Pittman,9.0,3.9000000953674316
2020,15,WR,38,25-40,Josh Reynolds,8.9,2.9000000953674316
2020,15,WR,39,25-40,Hunter Renfrow,8.8,1.399999976158142
2020,15,WR,40,25-40,Sammy Watkins,8.7,10.0
2020,15,WR,41,41-55,Chase Claypool,8.5,7.800000190734863
2020,15,WR,42,41-55,Darius Slayton,8.5,11.399999618530273
2020,15,WR,43,41-55,Christian Kirk,8.4,6.300000190734863
2020,15,WR,44,41-55,Chad Hansen,8.2,13.5
2020,15,WR,45,41-55,Robbie Chosen,8.2,4.0
2020,15,WR,46,41-55,Danny Amendola,8.0,5.0
2020,15,WR,47,41-55,Cole Beasley,7.9,19.200000762939453
2020,15,WR,48,41-55,Brandin Cooks,7.9,11.899999618530273
2020,15,WR,49,41-55,DJ Moore,7.8,19.200000762939453
2020,15,WR,50,41-55,Jarvis Landry,7.8,19.100000381469727
2020,15,WR,51,41-55,Michael Gallup,7.7,11.600000381469727
2020,15,WR,54,41-55,DJ Chark,7.6,9.300000190734863
2020,15,WR,55,41-55,Curtis Samuel,7.6,8.800000190734863
2020,15,TE,1,1-3,Travis Kelce,18.7,22.799999237060547
2020,15,TE,2,1-3,Darren Waller,15.9,30.0
2020,15,TE,3,1-3,Mark Andrews,11.4,17.600000381469727
2020,15,TE,4,4-6,T.J. Hockenson,10.7,1.7999999523162842
2020,15,TE,5,4-6,Robert Tonyan,10.6,10.800000190734863
2020,15,TE,6,4-6,Evan Engram,10.1,8.600000381469727
2020,15,TE,7,7-12,Eric Ebron,10.0,0.0
2020,15,TE,9,7-12,Hunter Henry,9.6,17.5
2020,15,TE,10,7-12,Tyler Higbee,9.4,16.700000762939453
2020,15,TE,11,7-12,Logan Thomas,9.1,23.100000381469727
2020,15,TE,12,7-12,Gerald Everett,7.8,4.800000190734863
2020,15,TE,13,13-20,Jonnu Smith,7.3,10.199999809265137
2020,15,TE,14,13-20,Rob Gronkowski,7.0,5.900000095367432
2020,15,TE,16,13-20,Foster Moreau,5.9,3.200000047683716
2020,15,TE,17,13-20,Hayden Hurst,5.9,12.100000381469727
2020,15,TE,18,13-20,Will Dissly,5.5,0.0
2020,15,TE,20,13-20,Dan Arnold,5.4,8.399999618530273
2020,16,QB,1,1-6,Patrick Mahomes,25.19,19.219999313354492
2020,16,QB,2,1-6,Tom Brady,25.19,29.920000076293945
2020,16,QB,3,1-6,Deshaun Watson,22.02,26.760000228881836
2020,16,QB,4,1-6,Aaron Rodgers,22.02,25.139999389648438
2020,16,QB,5,1-6,Tua Tagovailoa,20.7,8.859999656677246
2020,16,QB,6,1-6,Josh Allen,20.62,32.29999923706055
2020,16,QB,7,7-12,Drew Brees,19.74,8.140000343322754
2020,16,QB,8,7-12,Kyler Murray,19.45,15.380000114440918
2020,16,QB,9,7-12,Matthew Stafford,19.15,0.6800000071525574
2020,16,QB,10,7-12,Baker Mayfield,19.0,8.0
2020,16,QB,11,7-12,Kirk Cousins,18.78,23.639999389648438
2020,16,QB,12,7-12,Jalen Hurts,18.2,18.579999923706055
2020,16,QB,13,13-24,Matt Ryan,17.31,19.899999618530273
2020,16,QB,14,13-24,Justin Herbert,17.09,16.719999313354492
2020,16,QB,15,13-24,Mitchell Trubisky,16.8,23.600000381469727
2020,16,QB,16,13-24,Russell Wilson,16.72,19.899999618530273
2020,16,QB,17,13-24,Ryan Tannehill,16.06,16.34000015258789
2020,16,QB,18,13-24,Drew Lock,15.99,14.0600004196167
2020,16,QB,19,13-24,Jared Goff,15.99,9.65999984741211
2020,16,QB,20,13-24,Andy Dalton,15.55,26.579999923706055
2020,16,QB,21,13-24,Teddy Bridgewater,15.1,8.579999923706055
2020,16,QB,23,13-24,Dwayne Haskins,14.7,0.1599999964237213
2020,16,RB,1,1-6,Dalvin Cook,25.66,16.5
2020,16,RB,2,1-6,Alvin Kamara,21.95,56.20000076293945
2020,16,RB,3,1-6,Aaron Jones,20.46,12.800000190734863
2020,16,RB,4,1-6,David Montgomery,18.7,20.100000381469727
2020,16,RB,5,1-6,Derrick Henry,18.42,9.800000190734863
2020,16,RB,6,1-6,Melvin Gordon,17.96,7.900000095367432
2020,16,RB,8,7-12,Nick Chubb,16.01,17.600000381469727
2020,16,RB,10,7-12,Antonio Gibson,14.99,9.899999618530273
2020,16,RB,11,7-12,Leonard Fournette,14.9,15.600000381469727
2020,16,RB,13,13-24,D'Andre Swift,14.52,9.0
2020,16,RB,14,13-24,Salvon Ahmed,14.25,1.2999999523162842
2020,16,RB,15,13-24,Austin Ekeler,13.97,15.800000190734863
2020,16,RB,17,13-24,Josh Jacobs,13.88,6.900000095367432
2020,16,RB,19,13-24,Myles Gaskin,13.4,33.900001525878906
2020,16,RB,20,13-24,Kareem Hunt,13.0,14.199999809265137
2020,16,RB,21,13-24,James Conner,12.7,17.600000381469727
2020,16,RB,22,13-24,Miles Sanders,12.6,18.399999618530273
2020,16,RB,24,13-24,David Johnson,12.0,28.899999618530273
2020,16,RB,25,25-40,Ezekiel Elliott,11.5,17.899999618530273
2020,16,RB,26,25-40,Kenyan Drake,11.0,13.0
2020,16,RB,27,25-40,J.D. McKissic,10.9,23.200000762939453
2020,16,RB,28,25-40,Chase Edmonds,10.5,2.799999952316284
2020,16,RB,29,25-40,Jonathan Taylor,10.5,19.399999618530273
2020,16,RB,30,25-40,Chris Carson,10.3,10.899999618530273
2020,16,RB,31,25-40,Latavius Murray,10.2,12.600000381469727
2020,16,RB,32,25-40,J.K. Dobbins,9.8,13.699999809265137
2020,16,RB,33,25-40,Tony Pollard,9.7,3.0
2020,16,RB,34,25-40,Wayne Gallman,9.5,7.300000190734863
2020,16,RB,35,25-40,Jeff Wilson,9.1,54.79999923706055
2020,16,RB,38,25-40,Giovani Bernard,8.6,20.100000381469727
2020,16,WR,1,1-6,Tyreek Hill,21.3,10.5
2020,16,WR,2,1-6,Davante Adams,17.4,43.20000076293945
2020,16,WR,3,1-6,Calvin Ridley,16.9,17.299999237060547
2020,16,WR,4,1-6,Antonio Brown,16.6,13.5
2020,16,WR,7,7-12,Mike Evans,14.8,40.099998474121094
2020,16,WR,8,7-12,Marvin Jones,14.7,4.900000095367432
2020,16,WR,9,7-12,DeAndre Hopkins,14.6,12.800000190734863
2020,16,WR,10,7-12,Justin Jefferson,14.6,14.5
2020,16,WR,11,7-12,Robert Woods,14.5,8.899999618530273
2020,16,WR,12,7-12,Chris Godwin Jr.,14.3,19.399999618530273
2020,16,WR,13,13-24,Stefon Diggs,14.3,41.5
2020,16,WR,15,13-24,Cooper Kupp,13.7,14.600000381469727
2020,16,WR,18,13-24,Amari Cooper,13.1,16.100000381469727
2020,16,WR,19,13-24,Adam Thielen,13.0,23.700000762939453
2020,16,WR,21,13-24,Allen Robinson,12.4,20.299999237060547
2020,16,WR,22,13-24,Tee Higgins,12.4,21.899999618530273
2020,16,WR,24,13-24,DK Metcalf,12.3,11.899999618530273
2020,16,WR,25,25-40,Diontae Johnson,11.0,21.600000381469727
2020,16,WR,26,25-40,Brandon Aiyuk,10.9,4.099999904632568
2020,16,WR,28,25-40,Tyler Lockett,10.6,7.400000095367432
2020,16,WR,29,25-40,Cole Beasley,10.5,4.699999809265137
2020,16,WR,30,25-40,Marquise Brown,10.1,12.5
2020,16,WR,31,25-40,CeeDee Lamb,10.1,23.399999618530273
2020,16,WR,32,25-40,Michael Gallup,9.9,30.100000381469727
2020,16,WR,33,25-40,Sterling Shepard,9.7,22.700000762939453
2020,16,WR,34,25-40,T.Y. Hilton,9.6,9.0
2020,16,WR,36,25-40,Russell Gage,9.4,6.300000190734863
2020,16,WR,37,25-40,Chad Hansen,9.4,1.7999999523162842
2020,16,WR,38,25-40,DJ Moore,9.4,8.699999809265137
2020,16,WR,39,25-40,JuJu Smith-Schuster,9.3,24.600000381469727
2020,16,WR,40,25-40,A.J. Brown,9.0,8.300000190734863
2020,16,WR,41,41-55,Brandin Cooks,9.0,27.100000381469727
2020,16,WR,43,41-55,Sammy Watkins,8.8,1.399999976158142
2020,16,WR,44,41-55,Nelson Agholor,8.7,26.5
2020,16,WR,45,41-55,Darius Slayton,8.7,4.599999904632568
2020,16,WR,46,41-55,DeSean Jackson,8.6,15.100000381469727
2020,16,WR,48,41-55,Corey Davis,8.0,0.0
2020,16,WR,49,41-55,Keke Coutee,8.0,10.399999618530273
2020,16,WR,51,41-55,Chase Claypool,7.6,9.399999618530273
2020,16,WR,53,41-55,Lynn Bowden,7.6,3.5999999046325684
2020,16,WR,54,41-55,Emmanuel Sanders,7.6,13.5
2020,16,WR,55,41-55,Robbie Chosen,7.5,16.899999618530273
2020,16,TE,1,1-3,Travis Kelce,20.5,22.799999237060547
2020,16,TE,2,1-3,Darren Waller,14.0,16.200000762939453
2020,16,TE,3,1-3,Mark Andrews,13.8,13.600000381469727
2020,16,TE,4,4-6,Logan Thomas,11.7,13.300000190734863
2020,16,TE,5,4-6,Tyler Higbee,10.0,6.400000095367432
2020,16,TE,6,4-6,Mike Gesicki,9.9,9.399999618530273
2020,16,TE,7,7-12,T.J. Hockenson,9.6,6.300000190734863
2020,16,TE,8,7-12,George Kittle,8.7,13.199999809265137
2020,16,TE,9,7-12,Evan Engram,8.6,14.0
2020,16,TE,10,7-12,Robert Tonyan,8.5,2.700000047683716
2020,16,TE,11,7-12,Rob Gronkowski,8.2,19.799999237060547
2020,16,TE,12,7-12,Eric Ebron,7.8,15.699999809265137
2020,16,TE,14,13-20,Noah Fant,7.2,12.5
2020,16,TE,15,13-20,Gerald Everett,6.9,3.299999952316284
2020,16,TE,16,13-20,Austin Hooper,6.7,14.100000381469727
2020,16,TE,17,13-20,Dalton Schultz,6.7,5.099999904632568
2020,16,TE,19,13-20,Hayden Hurst,6.5,15.699999809265137
2020,17,QB,1,1-6,Kirk Cousins,24.89,34.29999923706055
2020,17,QB,2,1-6,Deshaun Watson,22.61,25.799999237060547
2020,17,QB,3,1-6,Justin Herbert,20.92,32.97999954223633
2020,17,QB,4,1-6,Ryan Tannehill,20.84,28.440000534057617
2020,17,QB,5,1-6,Tom Brady,20.84,30.260000228881836
2020,17,QB,7,7-12,Drew Brees,19.3,20.040000915527344
2020,17,QB,8,7-12,Josh Allen,18.78,19.260000228881836
2020,17,QB,9,7-12,Matt Ryan,18.64,22.700000762939453
2020,17,QB,10,7-12,Aaron Rodgers,18.27,26.0
2020,17,QB,11,7-12,Drew Lock,18.12,24.260000228881836
2020,17,QB,12,7-12,Matthew Stafford,17.68,22.6200008392334
2020,17,QB,13,13-24,Kyler Murray,17.61,3.7799999713897705
2020,17,QB,14,13-24,Teddy Bridgewater,16.8,3.740000009536743
2020,17,QB,15,13-24,Andy Dalton,16.58,12.5600004196167
2020,17,QB,16,13-24,Russell Wilson,16.43,18.139999389648438
2020,17,QB,17,13-24,Philip Rivers,16.43,10.359999656677246
2020,17,QB,18,13-24,Cam Newton,15.47,38.47999954223633
2020,17,QB,19,13-24,Jalen Hurts,15.4,16.280000686645508
2020,17,QB,23,13-24,Baker Mayfield,14.1,16.239999771118164
2020,17,QB,24,13-24,Mitchell Trubisky,14.0,10.279999732971191
2020,17,RB,3,1-6,Derrick Henry,21.76,35.0
2020,17,RB,5,1-6,Austin Ekeler,18.05,17.100000381469727
2020,17,RB,6,1-6,Melvin Gordon,17.68,21.0
2020,17,RB,7,7-12,D'Andre Swift,17.68,16.0
2020,17,RB,8,7-12,Jonathan Taylor,16.38,38.400001525878906
2020,17,RB,9,7-12,David Montgomery,15.64,28.200000762939453
2020,17,RB,10,7-12,Aaron Jones,15.64,18.5
2020,17,RB,11,7-12,David Johnson,15.17,21.0
2020,17,RB,13,13-24,Nick Chubb,14.71,16.799999237060547
2020,17,RB,14,13-24,James Conner,14.62,11.199999809265137
2020,17,RB,15,13-24,Josh Jacobs,13.6,20.899999618530273
2020,17,RB,17,13-24,Leonard Fournette,12.1,4.699999809265137
2020,17,RB,18,13-24,Cam Akers,12.1,10.600000381469727
2020,17,RB,20,13-24,Ezekiel Elliott,12.0,15.100000381469727
2020,17,RB,21,13-24,Ronald Jones,11.8,13.800000190734863
2020,17,RB,22,13-24,Antonio Gibson,11.7,9.100000381469727
2020,17,RB,23,13-24,Kenyan Drake,11.5,8.100000381469727
2020,17,RB,24,13-24,J.K. Dobbins,11.5,28.0
2020,17,RB,25,25-40,Jeff Wilson,11.3,47.599998474121094
2020,17,RB,27,25-40,Kareem Hunt,11.1,5.099999904632568
2020,17,RB,29,25-40,Chris Carson,10.5,10.300000190734863
2020,17,RB,30,25-40,Salvon Ahmed,10.5,13.800000190734863
2020,17,RB,31,25-40,Myles Gaskin,10.5,17.700000762939453
2020,17,RB,32,25-40,J.D. McKissic,10.0,8.0
2020,17,RB,33,25-40,Gus Edwards,9.6,8.0
2020,17,RB,34,25-40,Wayne Gallman,9.3,6.5
2020,17,RB,36,25-40,Nyheim Hines,9.1,12.699999809265137
2020,17,RB,38,25-40,Chase Edmonds,8.7,4.5
2020,17,RB,39,25-40,Giovani Bernard,8.6,0.699999988079071
2020,17,RB,40,25-40,Tony Pollard,8.6,6.400000095367432
2020,17,WR,1,1-6,Calvin Ridley,19.3,10.600000381469727
2020,17,WR,2,1-6,Justin Jefferson,18.3,22.299999237060547
2020,17,WR,3,1-6,Adam Thielen,18.1,9.699999809265137
2020,17,WR,6,1-6,Davante Adams,16.0,16.600000381469727
2020,17,WR,7,7-12,Antonio Brown,15.1,36.79999923706055
2020,17,WR,8,7-12,Mike Evans,14.9,7.599999904632568
2020,17,WR,9,7-12,Stefon Diggs,14.5,14.600000381469727
2020,17,WR,12,7-12,DeAndre Hopkins,14.1,7.5
2020,17,WR,15,13-24,A.J. Brown,12.9,31.100000381469727
2020,17,WR,16,13-24,Marvin Jones,12.9,38.0
2020,17,WR,18,13-24,Chris Godwin Jr.,12.8,30.299999237060547
2020,17,WR,19,13-24,Robert Woods,12.7,7.599999904632568
2020,17,WR,20,13-24,Amari Cooper,12.4,10.100000381469727
2020,17,WR,21,13-24,DK Metcalf,12.3,5.099999904632568
2020,17,WR,22,13-24,T.Y. Hilton,11.8,13.699999809265137
2020,17,WR,23,13-24,Terry McLaurin,11.5,17.0
2020,17,WR,24,13-24,Tyler Boyd,11.4,2.200000047683716
2020,17,WR,25,25-40,Brandin Cooks,11.3,39.599998474121094
2020,17,WR,26,25-40,Tee Higgins,11.3,0.0
2020,17,WR,27,25-40,Michael Gallup,11.2,8.899999618530273
2020,17,WR,28,25-40,Sterling Shepard,11.0,33.599998474121094
2020,17,WR,29,25-40,Diontae Johnson,10.4,12.600000381469727
2020,17,WR,30,25-40,DJ Moore,10.3,15.100000381469727
2020,17,WR,31,25-40,Corey Davis,10.1,8.899999618530273
2020,17,WR,32,25-40,Russell Gage,10.0,25.200000762939453
2020,17,WR,33,25-40,Robbie Chosen,10.0,7.0
2020,17,WR,34,25-40,Allen Robinson,9.8,5.699999809265137
2020,17,WR,35,25-40,CeeDee Lamb,9.8,9.600000381469727
2020,17,WR,36,25-40,JuJu Smith-Schuster,9.5,18.5
2020,17,WR,37,25-40,Tyler Lockett,9.5,33.0
2020,17,WR,38,25-40,Curtis Samuel,9.5,19.100000381469727
2020,17,WR,39,25-40,Marquise Brown,9.3,21.100000381469727
2020,17,WR,40,25-40,Nelson Agholor,9.1,6.699999809265137
2020,17,WR,41,41-55,Darius Slayton,9.1,4.199999809265137
2020,17,WR,43,41-55,Laviska Shenault Jr.,8.8,49.20000076293945
2020,17,WR,44,41-55,Keke Coutee,8.7,15.0
2020,17,WR,46,41-55,Zach Pascal,8.5,6.099999904632568
2020,17,WR,47,41-55,Mike Williams,8.3,22.799999237060547
2020,17,WR,49,41-55,Chad Hansen,8.2,3.5999999046325684
2020,17,WR,51,41-55,Michael Pittman,7.7,5.0
2020,17,WR,52,41-55,Tim Patrick,7.5,6.599999904632568
2020,17,WR,53,41-55,Emmanuel Sanders,7.5,21.299999237060547
2020,17,WR,54,41-55,Jakobi Meyers,7.4,18.260000228881836
2020,17,TE,2,1-3,Mark Andrews,14.2,6.699999809265137
2020,17,TE,3,1-3,Darren Waller,13.7,26.700000762939453
2020,17,TE,4,4-6,Logan Thomas,10.8,12.699999809265137
2020,17,TE,6,4-6,Irv Smith,9.9,5.0
2020,17,TE,7,7-12,Evan Engram,9.5,3.700000047683716
2020,17,TE,8,7-12,T.J. Hockenson,9.3,5.5
2020,17,TE,10,7-12,George Kittle,8.3,13.800000190734863
2020,17,TE,11,7-12,Noah Fant,7.9,8.800000190734863
2020,17,TE,12,7-12,Tyler Higbee,7.7,7.099999904632568
2020,17,TE,13,13-20,Hayden Hurst,7.4,12.800000190734863
2020,17,TE,14,13-20,Rob Gronkowski,7.2,4.900000095367432
2020,17,TE,15,13-20,Jonnu Smith,6.9,1.7999999523162842
2020,17,TE,16,13-20,Dalton Schultz,6.9,14.0
2020,17,TE,17,13-20,Robert Tonyan,6.7,9.800000190734863
2020,17,TE,18,13-20,Jared Cook,6.3,14.300000190734863
2020,17,TE,19,13-20,Mike Gesicki,6.1,9.699999809265137
2020,17,TE,20,13-20,Dan Arnold,6.0,7.599999904632568
2021,4,QB,1,1-6,Kyler Murray,24.82,22.6200008392334
2021,4,QB,2,1-6,Aaron Rodgers,22.46,24.1200008392334
2021,4,QB,3,1-6,Josh Allen,21.51,20.020000457763672
2021,4,QB,4,1-6,Patrick Mahomes,21.36,31.719999313354492
2021,4,QB,5,1-6,Jalen Hurts,20.99,28.18000030517578
2021,4,QB,6,1-6,Justin Herbert,20.4,21.280000686645508
2021,4,QB,7,7-12,Derek Carr,20.33,14.4399995803833
2021,4,QB,8,7-12,Taylor Heinicke,20.11,27.899999618530273
2021,4,QB,9,7-12,Tom Brady,19.52,11.0600004196167
2021,4,QB,10,7-12,Dak Prescott,19.15,27.020000457763672
2021,4,QB,11,7-12,Jimmy Garoppolo,18.49,8.600000381469727
2021,4,QB,12,7-12,Kirk Cousins,18.27,10.119999885559082
2021,4,QB,13,13-24,Matthew Stafford,18.05,19.299999237060547
2021,4,QB,14,13-24,Baker Mayfield,17.97,9.300000190734863
2021,4,QB,15,13-24,Lamar Jackson,17.83,19.440000534057617
2021,4,QB,16,13-24,Russell Wilson,17.75,22.559999465942383
2021,4,QB,17,13-24,Ryan Tannehill,17.61,18.81999969482422
2021,4,QB,18,13-24,Daniel Jones,17.53,26.780000686645508
2021,4,QB,19,13-24,Justin Fields,16.87,7.260000228881836
2021,4,QB,20,13-24,Sam Darnold,16.87,31.540000915527344
2021,4,QB,21,13-24,Matt Ryan,16.43,29.020000457763672
2021,4,QB,22,13-24,Teddy Bridgewater,16.21,6.800000190734863
2021,4,QB,23,13-24,Carson Wentz,15.69,17.920000076293945
2021,4,QB,24,13-24,Joe Burrow,15.47,22.31999969482422
2021,4,RB,2,1-6,Aaron Jones,24.45,10.899999618530273
2021,4,RB,3,1-6,Austin Ekeler,21.21,29.5
2021,4,RB,4,1-6,Derrick Henry,19.81,25.700000762939453
2021,4,RB,5,1-6,Nick Chubb,19.72,11.5
2021,4,RB,6,1-6,Dalvin Cook,18.61,6.400000095367432
2021,4,RB,7,7-12,Antonio Gibson,18.52,15.5
2021,4,RB,8,7-12,Alvin Kamara,17.49,12.0
2021,4,RB,9,7-12,David Montgomery,17.31,22.600000381469727
2021,4,RB,10,7-12,Joe Mixon,15.82,13.699999809265137
2021,4,RB,11,7-12,Ezekiel Elliott,15.36,20.299999237060547
2021,4,RB,12,7-12,Chase Edmonds,15.08,17.899999618530273
2021,4,RB,13,13-24,Jonathan Taylor,14.8,20.399999618530273
2021,4,RB,14,13-24,Kareem Hunt,14.71,16.600000381469727
2021,4,RB,17,13-24,Josh Jacobs,13.97,10.699999809265137
2021,4,RB,18,13-24,James Robinson,13.3,20.600000381469727
2021,4,RB,19,13-24,Chris Carson,13.2,4.099999904632568
2021,4,RB,20,13-24,Nyheim Hines,12.9,3.0999999046325684
2021,4,RB,21,13-24,Miles Sanders,12.9,7.699999809265137
2021,4,RB,22,13-24,Darrell Henderson,12.8,16.600000381469727
2021,4,RB,23,13-24,Najee Harris,12.8,21.100000381469727
2021,4,RB,24,13-24,Melvin Gordon,12.8,8.699999809265137
2021,4,RB,25,25-40,Clyde Edwards-Helaire,12.6,19.399999618530273
2021,4,RB,26,25-40,D'Andre Swift,12.6,8.899999618530273
2021,4,RB,27,25-40,Mike Davis,12.1,10.600000381469727
2021,4,RB,28,25-40,Kenyan Drake,11.5,0.20000000298023224
2021,4,RB,29,25-40,Saquon Barkley,11.0,29.600000381469727
2021,4,RB,30,25-40,Leonard Fournette,10.8,16.899999618530273
2021,4,RB,31,25-40,Zack Moss,10.8,12.100000381469727
2021,4,RB,32,25-40,Devin Singletary,10.5,9.600000381469727
2021,4,RB,33,25-40,J.D. McKissic,10.3,16.899999618530273
2021,4,RB,34,25-40,Peyton Barber,9.8,0.0
2021,4,RB,35,25-40,James Conner,9.2,20.600000381469727
2021,4,RB,36,25-40,Tony Pollard,9.0,6.699999809265137
2021,4,RB,37,25-40,Javonte Williams,8.9,8.899999618530273
2021,4,RB,38,25-40,Myles Gaskin,8.6,0.30000001192092896
2021,4,RB,39,25-40,Cordarrelle Patterson,8.5,34.599998474121094
2021,4,WR,1,1-6,Davante Adams,23.9,12.399999618530273
2021,4,WR,2,1-6,Calvin Ridley,19.4,15.0
2021,4,WR,3,1-6,Deebo Samuel Sr.,17.2,35.70000076293945
2021,4,WR,4,1-6,Justin Jefferson,17.0,20.399999618530273
2021,4,WR,5,1-6,Keenan Allen,16.8,10.600000381469727
2021,4,WR,6,1-6,DJ Moore,16.7,31.899999618530273
2021,4,WR,7,7-12,Mike Williams,16.7,2.0999999046325684
2021,4,WR,9,7-12,Adam Thielen,16.6,7.599999904632568
2021,4,WR,10,7-12,Corey Davis,16.0,21.100000381469727
2021,4,WR,11,7-12,Cooper Kupp,15.9,11.399999618530273
2021,4,WR,12,7-12,Tyreek Hill,15.9,47.599998474121094
2021,4,WR,13,13-24,DeAndre Hopkins,15.7,10.699999809265137
2021,4,WR,14,13-24,Tyler Lockett,15.7,6.400000095367432
2021,4,WR,15,13-24,Terry McLaurin,15.7,30.299999237060547
2021,4,WR,16,13-24,Stefon Diggs,14.8,18.399999618530273
2021,4,WR,17,13-24,Chris Godwin Jr.,14.5,8.5
2021,4,WR,18,13-24,DK Metcalf,14.0,16.5
2021,4,WR,19,13-24,Cole Beasley,13.6,3.5999999046325684
2021,4,WR,20,13-24,CeeDee Lamb,13.6,3.299999952316284
2021,4,WR,21,13-24,Emmanuel Sanders,13.4,13.100000381469727
2021,4,WR,22,13-24,Mike Evans,13.4,14.5
2021,4,WR,23,13-24,Brandin Cooks,13.2,9.699999809265137
2021,4,WR,24,13-24,Braxton Berrios,13.0,2.5
2021,4,WR,25,25-40,Amari Cooper,12.9,15.899999618530273
2021,4,WR,26,25-40,Henry Ruggs III,12.7,9.0
2021,4,WR,27,25-40,Christian Kirk,12.2,1.5
2021,4,WR,29,25-40,Odell Beckham Jr.,11.8,5.099999904632568
2021,4,WR,30,25-40,DeVonta Smith,11.6,19.200000762939453
2021,4,WR,32,25-40,Kenny Golladay,11.1,17.600000381469727
2021,4,WR,33,25-40,Hunter Renfrow,11.1,16.5
2021,4,WR,34,25-40,Ja'Marr Chase,11.0,13.699999809265137
2021,4,WR,35,25-40,Allen Robinson,10.9,9.300000190734863
2021,4,WR,36,25-40,Courtland Sutton,10.8,7.699999809265137
2021,4,WR,37,25-40,Michael Pittman,10.8,11.899999618530273
2021,4,WR,38,25-40,Diontae Johnson,10.5,24.200000762939453
2021,4,WR,41,41-55,Antonio Brown,10.2,13.300000190734863
2021,4,WR,42,41-55,Zach Pascal,10.2,8.399999618530273
2021,4,WR,43,41-55,Rashard Higgins,10.0,10.300000190734863
2021,4,WR,44,41-55,Marvin Jones,9.7,5.400000095367432
2021,4,WR,45,41-55,Jakobi Meyers,9.7,16.799999237060547
2021,4,WR,46,41-55,Quez Watkins,9.7,6.300000190734863
2021,4,WR,47,41-55,DeSean Jackson,9.5,1.600000023841858
2021,4,WR,49,41-55,Robbie Chosen,9.5,9.899999618530273
2021,4,WR,50,41-55,Mecole Hardman,9.4,6.099999904632568
2021,4,WR,51,41-55,Laviska Shenault Jr.,9.3,17.0
2021,4,WR,53,41-55,Olamide Zaccheaus,9.2,2.5
2021,4,WR,54,41-55,A.J. Green,9.1,17.700000762939453
2021,4,WR,55,41-55,Tim Patrick,9.0,6.900000095367432
2021,4,TE,1,1-3,Travis Kelce,19.9,6.300000190734863
2021,4,TE,2,1-3,Darren Waller,16.3,15.0
2021,4,TE,3,1-3,George Kittle,15.6,8.0
2021,4,TE,4,4-6,T.J. Hockenson,14.3,8.199999809265137
2021,4,TE,6,4-6,Austin Hooper,10.8,2.0999999046325684
2021,4,TE,7,7-12,Dallas Goedert,10.8,16.600000381469727
2021,4,TE,9,7-12,Mark Andrews,9.7,11.699999809265137
2021,4,TE,10,7-12,Jared Cook,9.5,19.0
2021,4,TE,11,7-12,Kyle Pitts,9.1,9.0
2021,4,TE,12,7-12,David Njoku,9.0,3.700000047683716
2021,4,TE,13,13-20,Dalton Schultz,8.9,17.799999237060547
2021,4,TE,14,13-20,Tyler Conklin,8.7,5.800000190734863
2021,4,TE,15,13-20,Dawson Knox,8.7,20.700000762939453
2021,4,TE,16,13-20,Robert Tonyan,8.4,2.799999952316284
2021,4,TE,17,13-20,Noah Fant,8.1,16.600000381469727
2021,4,TE,18,13-20,Zach Ertz,7.8,12.0
2021,4,TE,19,13-20,Maxx Williams,7.6,17.600000381469727
2021,5,QB,1,1-6,Josh Allen,25.48,36.5
2021,5,QB,2,1-6,Tom Brady,24.23,37.7400016784668
2021,5,QB,3,1-6,Kirk Cousins,23.79,13.399999618530273
2021,5,QB,4,1-6,Matthew Stafford,22.39,16.5
2021,5,QB,5,1-6,Patrick Mahomes,21.29,18.979999542236328
2021,5,QB,6,1-6,Russell Wilson,21.29,9.079999923706055
2021,5,QB,7,7-12,Kyler Murray,20.7,13.65999984741211
2021,5,QB,8,7-12,Dak Prescott,20.4,20.68000030517578
2021,5,QB,9,7-12,Taylor Heinicke,19.52,9.920000076293945
2021,5,QB,10,7-12,Aaron Rodgers,18.78,19.760000228881836
2021,5,QB,11,7-12,Lamar Jackson,18.71,41.880001068115234
2021,5,QB,12,7-12,Justin Herbert,17.83,42.81999969482422
2021,5,QB,13,13-24,Jared Goff,17.53,6.119999885559082
2021,5,QB,14,13-24,Sam Darnold,17.16,6.079999923706055
2021,5,QB,15,13-24,Jalen Hurts,17.09,22.920000076293945
2021,5,QB,16,13-24,Teddy Bridgewater,17.02,18.6200008392334
2021,5,QB,17,13-24,Ryan Tannehill,16.94,13.979999542236328
2021,5,QB,18,13-24,Jameis Winston,16.8,25.760000228881836
2021,5,QB,19,13-24,Derek Carr,16.72,7.239999771118164
2021,5,QB,20,13-24,Daniel Jones,16.65,4.820000171661377
2021,5,QB,21,13-24,Matt Ryan,15.91,21.579999923706055
2021,5,QB,22,13-24,Zach Wilson,15.1,7.980000019073486
2021,5,QB,23,13-24,Carson Wentz,15.0,22.579999923706055
2021,5,QB,24,13-24,Jacoby Brissett,14.5,15.0
2021,5,RB,3,1-6,Derrick Henry,21.11,31.0
2021,5,RB,4,1-6,Alvin Kamara,20.09,29.200000762939453
2021,5,RB,5,1-6,Aaron Jones,19.81,14.899999618530273
2021,5,RB,6,1-6,Antonio Gibson,18.14,21.200000762939453
2021,5,RB,7,7-12,Darrell Henderson,17.59,16.899999618530273
2021,5,RB,8,7-12,Austin Ekeler,17.4,32.900001525878906
2021,5,RB,9,7-12,Ezekiel Elliott,17.03,25.200000762939453
2021,5,RB,11,7-12,D'Andre Swift,15.73,22.399999618530273
2021,5,RB,13,13-24,James Robinson,14.99,21.700000762939453
2021,5,RB,14,13-24,Leonard Fournette,14.71,21.0
2021,5,RB,15,13-24,Jonathan Taylor,14.25,31.899999618530273
2021,5,RB,16,13-24,Joe Mixon,13.88,10.5
2021,5,RB,17,13-24,Clyde Edwards-Helaire,13.88,3.4000000953674316
2021,5,RB,18,13-24,Chase Edmonds,13.5,4.400000095367432
2021,5,RB,19,13-24,Nick Chubb,13.2,24.0
2021,5,RB,20,13-24,Saquon Barkley,12.2,0.8999999761581421
2021,5,RB,21,13-24,Melvin Gordon,12.2,6.300000190734863
2021,5,RB,22,13-24,Najee Harris,12.0,22.200000762939453
2021,5,RB,23,13-24,Zack Moss,11.8,12.199999809265137
2021,5,RB,24,13-24,Josh Jacobs,11.3,16.700000762939453
2021,5,RB,25,25-40,J.D. McKissic,11.3,1.7000000476837158
2021,5,RB,26,25-40,Devin Singletary,11.1,3.299999952316284
2021,5,RB,27,25-40,Kareem Hunt,11.1,25.899999618530273
2021,5,RB,28,25-40,Alexander Mattison,10.4,26.299999237060547
2021,5,RB,29,25-40,Nyheim Hines,10.3,1.7999999523162842
2021,5,RB,31,25-40,Elijah Mitchell,10.3,8.199999809265137
2021,5,RB,32,25-40,Jamaal Williams,9.6,8.5
2021,5,RB,33,25-40,Miles Sanders,9.1,10.100000381469727
2021,5,RB,34,25-40,Tony Pollard,9.1,14.300000190734863
2021,5,RB,35,25-40,Javonte Williams,9.1,11.600000381469727
2021,5,RB,36,25-40,James Conner,9.0,10.699999809265137
2021,5,RB,37,25-40,Ty'Son Williams,8.9,4.099999904632568
2021,5,RB,38,25-40,Mike Davis,8.7,12.100000381469727
2021,5,RB,39,25-40,Damien Harris,8.5,9.800000190734863
2021,5,RB,40,25-40,Cordarrelle Patterson,8.2,18.399999618530273
2021,5,WR,1,1-6,Justin Jefferson,25.6,19.399999618530273
2021,5,WR,2,1-6,Adam Thielen,22.2,6.0
2021,5,WR,3,1-6,Cooper Kupp,20.1,16.200000762939453
2021,5,WR,4,1-6,Tyreek Hill,19.2,14.800000190734863
2021,5,WR,5,1-6,Stefon Diggs,18.4,8.899999618530273
2021,5,WR,6,1-6,Mike Evans,17.2,29.299999237060547
2021,5,WR,7,7-12,Chris Godwin Jr.,16.7,14.0
2021,5,WR,8,7-12,DK Metcalf,16.6,26.799999237060547
2021,5,WR,9,7-12,Tyler Lockett,16.5,10.699999809265137
2021,5,WR,10,7-12,Emmanuel Sanders,15.7,20.399999618530273
2021,5,WR,11,7-12,Odell Beckham Jr.,15.6,4.0
2021,5,WR,12,7-12,Terry McLaurin,15.0,8.600000381469727
2021,5,WR,13,13-24,Davante Adams,14.7,37.599998474121094
2021,5,WR,15,13-24,DJ Moore,14.3,8.800000190734863
2021,5,WR,16,13-24,Corey Davis,13.6,8.5
2021,5,WR,17,13-24,Cole Beasley,13.6,1.5
2021,5,WR,18,13-24,Antonio Brown,13.5,31.399999618530273
2021,5,WR,19,13-24,Amari Cooper,12.9,15.0
2021,5,WR,20,13-24,Keenan Allen,12.7,13.5
2021,5,WR,21,13-24,Deebo Samuel Sr.,12.6,16.100000381469727
2021,5,WR,23,13-24,DeAndre Hopkins,12.3,20.700000762939453
2021,5,WR,24,13-24,Marquise Brown,12.3,33.5
2021,5,WR,25,25-40,Brandin Cooks,12.0,5.300000190734863
2021,5,WR,26,25-40,CeeDee Lamb,11.7,18.799999237060547
2021,5,WR,27,25-40,Mike Williams,11.5,36.5
2021,5,WR,28,25-40,Jamison Crowder,11.5,8.399999618530273
2021,5,WR,29,25-40,Robert Woods,11.3,27.0
2021,5,WR,30,25-40,Courtland Sutton,11.1,25.0
2021,5,WR,31,25-40,A.J. Brown,10.9,6.800000190734863
2021,5,WR,32,25-40,DeVonta Smith,10.8,14.699999809265137
2021,5,WR,33,25-40,Diontae Johnson,10.7,15.199999809265137
2021,5,WR,34,25-40,Quintez Cephus,10.7,6.800000190734863
2021,5,WR,36,25-40,Henry Ruggs III,10.0,8.100000381469727
2021,5,WR,37,25-40,Hunter Renfrow,10.0,11.600000381469727
2021,5,WR,38,25-40,Laviska Shenault Jr.,9.7,6.800000190734863
2021,5,WR,39,25-40,Kenny Golladay,9.5,0.0
2021,5,WR,40,25-40,Michael Pittman,9.5,20.899999618530273
2021,5,WR,41,41-55,Tim Patrick,9.3,15.899999618530273
2021,5,WR,42,41-55,Jakobi Meyers,9.2,9.600000381469727
2021,5,WR,43,41-55,Kalif Raymond,9.2,0.0
2021,5,WR,44,41-55,Allen Robinson,9.1,7.199999809265137
2021,5,WR,45,41-55,Elijah Moore,9.0,0.0
2021,5,WR,46,41-55,Sammy Watkins,9.0,5.5
2021,5,WR,47,41-55,Ja'Marr Chase,8.8,27.899999618530273
2021,5,WR,48,41-55,Marvin Jones,8.8,3.5
2021,5,WR,49,41-55,Amon-Ra St. Brown,8.8,13.5
2021,5,WR,50,41-55,Darnell Mooney,8.7,6.5
2021,5,WR,51,41-55,Van Jefferson,8.7,2.5999999046325684
2021,5,WR,52,41-55,Christian Kirk,8.6,10.0
2021,5,WR,53,41-55,A.J. Green,8.6,2.299999952316284
2021,5,WR,55,41-55,Tee Higgins,8.5,10.199999809265137
2021,5,TE,1,1-3,Travis Kelce,16.9,17.700000762939453
2021,5,TE,2,1-3,Dawson Knox,13.8,20.700000762939453
2021,5,TE,3,1-3,T.J. Hockenson,13.7,4.199999809265137
2021,5,TE,5,4-6,Darren Waller,13.6,8.5
2021,5,TE,6,4-6,Mark Andrews,11.5,41.70000076293945
2021,5,TE,7,7-12,Tyler Conklin,10.8,4.5
2021,5,TE,8,7-12,Dalton Schultz,9.9,13.899999618530273
2021,5,TE,9,7-12,Jared Cook,9.8,3.9000000953674316
2021,5,TE,11,7-12,Tyler Higbee,9.3,9.399999618530273
2021,5,TE,13,13-20,Dallas Goedert,8.8,4.800000190734863
2021,5,TE,15,13-20,Noah Fant,8.4,5.0
2021,5,TE,16,13-20,Kyle Pitts,8.0,26.899999618530273
2021,5,TE,17,13-20,Mike Gesicki,7.6,8.300000190734863
2021,5,TE,18,13-20,Austin Hooper,7.2,2.0
2021,5,TE,19,13-20,Will Dissly,6.9,4.900000095367432
2021,5,TE,20,13-20,C.J. Uzomah,6.8,3.5999999046325684
2021,6,QB,1,1-6,Patrick Mahomes,26.66,22.979999542236328
2021,6,QB,2,1-6,Josh Allen,23.35,28.719999313354492
2021,6,QB,3,1-6,Justin Herbert,21.14,11.0
2021,6,QB,4,1-6,Joe Burrow,21.14,22.84000015258789
2021,6,QB,5,1-6,Lamar Jackson,20.48,11.779999732971191
2021,6,QB,6,1-6,Tom Brady,20.4,17.979999542236328
2021,6,QB,8,7-12,Taylor Heinicke,19.89,9.279999732971191
2021,6,QB,9,7-12,Matthew Stafford,19.37,25.239999771118164
2021,6,QB,10,7-12,Teddy Bridgewater,19.15,18.260000228881836
2021,6,QB,11,7-12,Jalen Hurts,18.64,25.0
2021,6,QB,12,7-12,Kyler Murray,18.34,25.760000228881836
2021,6,QB,13,13-24,Daniel Jones,18.2,4.079999923706055
2021,6,QB,14,13-24,Dak Prescott,18.05,26.799999237060547
2021,6,QB,15,13-24,Aaron Rodgers,17.75,23.700000762939453
2021,6,QB,16,13-24,Carson Wentz,17.39,17.020000457763672
2021,6,QB,17,13-24,Trevor Lawrence,16.94,15.859999656677246
2021,6,QB,18,13-24,Sam Darnold,16.8,15.079999923706055
2021,6,QB,19,13-24,Ben Roethlisberger,16.5,10.859999656677246
2021,6,QB,20,13-24,Jacoby Brissett,15.69,1.0
2021,6,QB,21,13-24,Ryan Tannehill,15.0,12.9399995803833
2021,6,QB,22,13-24,Jared Goff,14.9,8.180000305175781
2021,6,QB,23,13-24,Kirk Cousins,14.9,28.520000457763672
2021,6,QB,24,13-24,Mac Jones,14.0,14.760000228881836
2021,6,RB,2,1-6,Austin Ekeler,23.8,9.5
2021,6,RB,3,1-6,Antonio Gibson,20.93,4.400000095367432
2021,6,RB,4,1-6,James Robinson,20.74,19.100000381469727
2021,6,RB,5,1-6,Joe Mixon,20.46,26.299999237060547
2021,6,RB,6,1-6,Derrick Henry,18.98,35.599998474121094
2021,6,RB,7,7-12,Jonathan Taylor,18.24,28.799999237060547
2021,6,RB,8,7-12,Aaron Jones,17.22,21.0
2021,6,RB,9,7-12,Darrell Henderson,16.84,24.700000762939453
2021,6,RB,10,7-12,Ezekiel Elliott,16.57,18.899999618530273
2021,6,RB,11,7-12,Najee Harris,15.55,24.700000762939453
2021,6,RB,14,13-24,Melvin Gordon,13.97,10.300000190734863
2021,6,RB,16,13-24,D'Andre Swift,13.69,17.700000762939453
2021,6,RB,18,13-24,Dalvin Cook,13.5,22.299999237060547
2021,6,RB,20,13-24,J.D. McKissic,11.6,19.0
2021,6,RB,21,13-24,Kareem Hunt,11.4,10.800000190734863
2021,6,RB,22,13-24,Zack Moss,11.4,5.900000095367432
2021,6,RB,23,13-24,Leonard Fournette,11.3,30.700000762939453
2021,6,RB,24,13-24,Josh Jacobs,11.2,15.199999809265137
2021,6,RB,25,25-40,Chase Edmonds,11.2,8.0
2021,6,RB,26,25-40,Javonte Williams,11.0,9.800000190734863
2021,6,RB,27,25-40,Nyheim Hines,9.8,3.200000047683716
2021,6,RB,28,25-40,Tony Pollard,9.7,9.300000190734863
2021,6,RB,29,25-40,Myles Gaskin,9.5,3.4000000953674316
2021,6,RB,30,25-40,Miles Sanders,9.4,8.600000381469727
2021,6,RB,31,25-40,Alex Collins,9.3,16.799999237060547
2021,6,RB,32,25-40,Damien Harris,8.7,17.799999237060547
2021,6,RB,33,25-40,Chuba Hubbard,8.7,13.5
2021,6,RB,34,25-40,Sony Michel,8.6,4.199999809265137
2021,6,RB,35,25-40,James Conner,8.6,8.100000381469727
2021,6,RB,36,25-40,Alexander Mattison,8.3,1.0
2021,6,RB,37,25-40,Darrel Williams,8.1,23.899999618530273
2021,6,RB,38,25-40,Devin Singletary,8.1,9.300000190734863
2021,6,RB,39,25-40,David Johnson,7.9,1.100000023841858
2021,6,RB,40,25-40,Jamaal Williams,7.8,1.899999976158142
2021,6,WR,1,1-6,Tyreek Hill,22.8,22.600000381469727
2021,6,WR,2,1-6,DJ Moore,17.6,10.899999618530273
2021,6,WR,3,1-6,Davante Adams,17.4,12.899999618530273
2021,6,WR,4,1-6,Ja'Marr Chase,17.0,13.699999809265137
2021,6,WR,5,1-6,Cooper Kupp,16.7,34.0
2021,6,WR,6,1-6,Justin Jefferson,16.4,14.0
2021,6,WR,7,7-12,DK Metcalf,16.2,11.800000190734863
2021,6,WR,8,7-12,Diontae Johnson,15.7,18.600000381469727
2021,6,WR,9,7-12,Stefon Diggs,15.7,23.899999618530273
2021,6,WR,10,7-12,Emmanuel Sanders,15.2,14.100000381469727
2021,6,WR,11,7-12,Mike Williams,15.2,4.699999809265137
2021,6,WR,12,7-12,DeVonta Smith,14.9,5.099999904632568
2021,6,WR,13,13-24,Chase Claypool,14.1,3.700000047683716
2021,6,WR,14,13-24,Keenan Allen,13.7,10.0
2021,6,WR,15,13-24,Tyler Lockett,13.7,5.5
2021,6,WR,16,13-24,Courtland Sutton,13.7,23.399999618530273
2021,6,WR,17,13-24,Sterling Shepard,13.4,17.600000381469727
2021,6,WR,18,13-24,Mike Evans,13.2,4.699999809265137
2021,6,WR,19,13-24,Brandin Cooks,13.1,17.899999618530273
2021,6,WR,20,13-24,Tee Higgins,12.9,7.400000095367432
2021,6,WR,21,13-24,Adam Thielen,12.8,29.799999237060547
2021,6,WR,22,13-24,Tyler Boyd,12.7,1.7000000476837158
2021,6,WR,23,13-24,Robert Woods,12.5,11.100000381469727
2021,6,WR,24,13-24,Marquise Brown,12.2,7.5
2021,6,WR,25,25-40,Odell Beckham Jr.,12.1,12.899999618530273
2021,6,WR,26,25-40,Terry McLaurin,12.1,6.800000190734863
2021,6,WR,27,25-40,Michael Pittman,11.9,5.800000190734863
2021,6,WR,28,25-40,Antonio Brown,11.7,24.299999237060547
2021,6,WR,29,25-40,Mecole Hardman,11.6,8.800000190734863
2021,6,WR,30,25-40,Laviska Shenault Jr.,11.3,11.399999618530273
2021,6,WR,31,25-40,Chris Godwin Jr.,11.1,9.300000190734863
2021,6,WR,32,25-40,Tim Patrick,10.8,13.199999809265137
2021,6,WR,33,25-40,Amari Cooper,10.5,10.5
2021,6,WR,34,25-40,CeeDee Lamb,10.4,36.099998474121094
2021,6,WR,35,25-40,Quez Watkins,10.1,9.399999618530273
2021,6,WR,37,25-40,Cole Beasley,9.8,21.799999237060547
2021,6,WR,39,25-40,DeAndre Hopkins,9.7,20.5
2021,6,WR,40,25-40,Jakobi Meyers,9.7,11.399999618530273
2021,6,WR,42,41-55,Marvin Jones,9.4,23.0
2021,6,WR,44,41-55,Zach Pascal,9.4,0.0
2021,6,WR,45,41-55,Robbie Chosen,9.2,10.100000381469727
2021,6,WR,46,41-55,Amon-Ra St. Brown,8.8,9.600000381469727
2021,6,WR,47,41-55,Julio Jones,8.6,8.899999618530273
2021,6,WR,48,41-55,Kadarius Toney,8.6,6.599999904632568
2021,6,WR,49,41-55,Hunter Renfrow,8.6,6.599999904632568
2021,6,WR,50,41-55,Henry Ruggs III,8.5,18.700000762939453
2021,6,WR,51,41-55,A.J. Brown,8.1,16.100000381469727
2021,6,WR,52,41-55,Jalen Reagor,8.0,0.0
2021,6,WR,54,41-55,Nelson Agholor,7.4,3.799999952316284
2021,6,TE,1,1-3,Travis Kelce,19.8,17.899999618530273
2021,6,TE,2,1-3,Mark Andrews,14.3,17.799999237060547
2021,6,TE,3,1-3,Dawson Knox,12.8,7.5
2021,6,TE,4,4-6,T.J. Hockenson,11.1,15.399999618530273
2021,6,TE,7,7-12,Darren Waller,9.8,10.899999618530273
2021,6,TE,8,7-12,Jared Cook,9.7,12.5
2021,6,TE,10,7-12,Noah Fant,9.6,24.700000762939453
2021,6,TE,11,7-12,C.J. Uzomah,9.4,10.5
2021,6,TE,12,7-12,Dalton Schultz,8.4,12.899999618530273
2021,6,TE,13,13-20,David Njoku,8.2,1.600000023841858
2021,6,TE,14,13-20,Tyler Higbee,7.9,8.600000381469727
2021,6,TE,15,13-20,Hunter Henry,7.7,10.5
2021,6,TE,16,13-20,Mike Gesicki,7.5,19.5
2021,6,TE,18,13-20,Tyler Conklin,7.2,10.100000381469727
2021,6,TE,19,13-20,Evan Engram,6.5,5.400000095367432
2021,6,TE,20,13-20,Mo Alie-Cox,6.3,9.800000190734863
2021,7,QB,1,1-6,Matthew Stafford,26.66,27.15999984741211
2021,7,QB,2,1-6,Patrick Mahomes,25.41,7.739999771118164
2021,7,QB,3,1-6,Kyler Murray,24.6,21.440000534057617
2021,7,QB,4,1-6,Aaron Rodgers,23.94,24.65999984741211
2021,7,QB,5,1-6,Lamar Jackson,22.17,23.079999923706055
2021,7,QB,6,1-6,Jalen Hurts,22.1,23.540000915527344
2021,7,QB,7,7-12,Tom Brady,21.29,24.440000534057617
2021,7,QB,8,7-12,Matt Ryan,20.18,17.440000534057617
2021,7,QB,9,7-12,Ryan Tannehill,19.74,19.399999618530273
2021,7,QB,10,7-12,Jameis Winston,17.53,16.8799991607666
2021,7,QB,11,7-12,Joe Burrow,17.39,26.639999389648438
2021,7,QB,12,7-12,Derek Carr,15.99,19.020000457763672
2021,7,QB,13,13-24,Sam Darnold,14.6,2.4800000190734863
2021,7,QB,14,13-24,Carson Wentz,14.2,20.299999237060547
2021,7,QB,15,13-24,Daniel Jones,13.9,17.520000457763672
2021,7,QB,16,13-24,Taylor Heinicke,13.6,20.219999313354492
2021,7,QB,17,13-24,Geno Smith,13.1,11.880000114440918
2021,7,QB,18,13-24,Teddy Bridgewater,13.1,13.779999732971191
2021,7,QB,19,13-24,Jared Goff,13.0,11.020000457763672
2021,7,QB,20,13-24,Mac Jones,12.6,22.18000030517578
2021,7,QB,23,13-24,Davis Mills,8.7,3.4000000953674316
2021,7,QB,24,13-24,Justin Fields,8.4,1.159999966621399
2021,7,RB,1,1-6,Derrick Henry,27.61,16.399999618530273
2021,7,RB,2,1-6,Aaron Jones,25.85,8.899999618530273
2021,7,RB,3,1-6,Darrell Henderson,22.51,9.399999618530273
2021,7,RB,5,1-6,Alvin Kamara,21.3,33.900001525878906
2021,7,RB,6,1-6,Joe Mixon,16.75,11.899999618530273
2021,7,RB,7,7-12,Jonathan Taylor,16.66,18.0
2021,7,RB,8,7-12,Chase Edmonds,16.1,10.0
2021,7,RB,9,7-12,Leonard Fournette,14.99,17.0
2021,7,RB,10,7-12,D'Andre Swift,14.52,28.399999618530273
2021,7,RB,11,7-12,Antonio Gibson,14.43,7.599999904632568
2021,7,RB,13,13-24,James Conner,13.2,12.399999618530273
2021,7,RB,16,13-24,Miles Sanders,12.6,3.700000047683716
2021,7,RB,17,13-24,Mike Davis,12.5,1.0
2021,7,RB,18,13-24,Cordarrelle Patterson,12.2,14.100000381469727
2021,7,RB,19,13-24,Josh Jacobs,12.2,15.800000190734863
2021,7,RB,22,13-24,Darrel Williams,10.8,8.0
2021,7,RB,23,13-24,Alex Collins,10.6,5.400000095367432
2021,7,RB,24,13-24,Sony Michel,10.1,0.4000000059604645
2021,7,RB,25,25-40,J.D. McKissic,9.8,9.600000381469727
2021,7,RB,28,25-40,Myles Gaskin,9.3,17.700000762939453
2021,7,RB,29,25-40,JaMycal Hasty,9.0,4.599999904632568
2021,7,RB,30,25-40,AJ Dillon,8.2,-0.20000000298023224
2021,7,RB,31,25-40,Damien Harris,8.2,25.299999237060547
2021,7,RB,32,25-40,Elijah Mitchell,8.2,16.700000762939453
2021,7,RB,33,25-40,Melvin Gordon,8.1,11.199999809265137
2021,7,RB,34,25-40,Chuba Hubbard,8.0,9.600000381469727
2021,7,RB,35,25-40,Ty'Son Williams,7.7,5.400000095367432
2021,7,RB,36,25-40,Nyheim Hines,7.4,2.200000047683716
2021,7,RB,37,25-40,Mark Ingram,7.3,5.699999809265137
2021,7,RB,39,25-40,Jamaal Williams,6.8,5.699999809265137
2021,7,RB,40,25-40,Javonte Williams,6.5,17.200000762939453
2021,7,WR,1,1-6,Cooper Kupp,23.0,37.599998474121094
2021,7,WR,2,1-6,Tyreek Hill,22.0,12.699999809265137
2021,7,WR,3,1-6,Davante Adams,21.2,19.600000381469727
2021,7,WR,4,1-6,Calvin Ridley,19.2,12.600000381469727
2021,7,WR,5,1-6,DeAndre Hopkins,15.7,18.299999237060547
2021,7,WR,6,1-6,Odell Beckham Jr.,15.2,4.300000190734863
2021,7,WR,7,7-12,DeVonta Smith,15.1,11.100000381469727
2021,7,WR,8,7-12,Robert Woods,14.8,15.0
2021,7,WR,9,7-12,Ja'Marr Chase,13.8,34.099998474121094
2021,7,WR,10,7-12,DJ Moore,13.7,13.300000190734863
2021,7,WR,11,7-12,A.J. Brown,13.3,27.299999237060547
2021,7,WR,12,7-12,Marquise Brown,13.1,19.0
2021,7,WR,14,13-24,DK Metcalf,12.7,17.600000381469727
2021,7,WR,15,13-24,Mike Evans,12.5,31.600000381469727
2021,7,WR,16,13-24,Julio Jones,12.0,5.800000190734863
2021,7,WR,18,13-24,Chris Godwin Jr.,11.6,25.100000381469727
2021,7,WR,19,13-24,Quez Watkins,11.4,5.699999809265137
2021,7,WR,20,13-24,Christian Kirk,11.0,15.0
2021,7,WR,21,13-24,Mecole Hardman,11.0,4.800000190734863
2021,7,WR,22,13-24,A.J. Green,10.9,9.600000381469727
2021,7,WR,23,13-24,Brandin Cooks,10.6,7.099999904632568
2021,7,WR,24,13-24,Henry Ruggs III,10.6,7.099999904632568
2021,7,WR,25,25-40,Tyler Lockett,10.4,3.200000047683716
2021,7,WR,26,25-40,Tee Higgins,10.2,13.199999809265137
2021,7,WR,27,25-40,Jaylen Waddle,9.6,15.300000190734863
2021,7,WR,29,25-40,Tyler Boyd,9.5,7.900000095367432
2021,7,WR,30,25-40,Marquez Callaway,9.4,6.199999809265137
2021,7,WR,32,25-40,Hunter Renfrow,9.2,12.800000190734863
2021,7,WR,33,25-40,Courtland Sutton,8.8,11.800000190734863
2021,7,WR,37,25-40,Jamison Crowder,8.5,7.400000095367432
2021,7,WR,38,25-40,Terry McLaurin,8.5,25.200000762939453
2021,7,WR,39,25-40,Corey Davis,8.4,14.699999809265137
2021,7,WR,40,25-40,Jakobi Meyers,8.1,9.399999618530273
2021,7,WR,41,41-55,Michael Pittman,8.0,20.5
2021,7,WR,42,41-55,Russell Gage,7.9,16.700000762939453
2021,7,WR,43,41-55,Demarcus Robinson,7.9,1.7000000476837158
2021,7,WR,44,41-55,Jalen Reagor,7.8,10.5
2021,7,WR,45,41-55,Robbie Chosen,7.8,4.400000095367432
2021,7,WR,46,41-55,Deebo Samuel Sr.,7.7,21.0
2021,7,WR,47,41-55,Olamide Zaccheaus,7.7,2.299999952316284
2021,7,WR,48,41-55,Van Jefferson,7.7,14.300000190734863
2021,7,WR,49,41-55,Rondale Moore,7.3,3.700000047683716
2021,7,WR,50,41-55,Kalif Raymond,7.3,17.600000381469727
2021,7,WR,54,41-55,Tim Patrick,6.6,3.5999999046325684
2021,7,WR,55,41-55,Allen Lazard,6.6,17.0
2021,7,TE,1,1-3,Travis Kelce,18.7,13.5
2021,7,TE,2,1-3,Mark Andrews,15.1,7.800000190734863
2021,7,TE,3,1-3,T.J. Hockenson,12.8,10.800000190734863
2021,7,TE,4,4-6,Dallas Goedert,12.5,12.0
2021,7,TE,7,7-12,Kyle Pitts,11.1,23.299999237060547
2021,7,TE,8,7-12,Tyler Higbee,9.9,9.600000381469727
2021,7,TE,9,7-12,Mike Gesicki,9.3,21.5
2021,7,TE,10,7-12,C.J. Uzomah,9.3,24.100000381469727
2021,7,TE,12,7-12,Hunter Henry,8.2,10.300000190734863
2021,7,TE,13,13-20,Zach Ertz,7.8,16.0
2021,7,TE,14,13-20,Robert Tonyan,7.1,16.299999237060547
2021,7,TE,15,13-20,Noah Fant,6.9,8.899999618530273
2021,7,TE,17,13-20,Anthony Firkser,6.6,1.899999976158142
2021,7,TE,18,13-20,Hayden Hurst,6.6,6.5
2021,7,TE,19,13-20,O.J. Howard,6.3,1.899999976158142
2021,7,TE,20,13-20,David Njoku,6.3,3.799999952316284
2021,8,QB,1,1-6,Josh Allen,28.28,29.459999084472656
2021,8,QB,2,1-6,Matthew Stafford,24.01,24.200000762939453
2021,8,QB,4,1-6,Jalen Hurts,23.49,11.220000267028809
2021,8,QB,5,1-6,Tom Brady,23.35,25.200000762939453
2021,8,QB,6,1-6,Kyler Murray,22.61,9.0600004196167
2021,8,QB,7,7-12,Kirk Cousins,21.43,13.15999984741211
2021,8,QB,8,7-12,Patrick Mahomes,21.36,14.0
2021,8,QB,9,7-12,Carson Wentz,19.52,18.34000015258789
2021,8,QB,10,7-12,Teddy Bridgewater,18.49,12.619999885559082
2021,8,QB,11,7-12,Justin Herbert,17.97,13.819999694824219
2021,8,QB,12,7-12,Joe Burrow,17.9,20.260000228881836
2021,8,QB,13,13-24,Aaron Rodgers,17.53,15.65999984741211
2021,8,QB,14,13-24,Jameis Winston,17.02,10.239999771118164
2021,8,QB,15,13-24,Daniel Jones,16.94,16.079999923706055
2021,8,QB,16,13-24,Sam Darnold,16.43,11.760000228881836
2021,8,QB,17,13-24,Matt Ryan,15.84,6.139999866485596
2021,8,QB,18,13-24,Ryan Tannehill,15.0,21.200000762939453
2021,8,QB,19,13-24,Trevor Lawrence,14.5,12.619999885559082
2021,8,QB,20,13-24,Taylor Heinicke,14.1,11.800000190734863
2021,8,QB,21,13-24,Mac Jones,13.5,11.680000305175781
2021,8,QB,22,13-24,Jared Goff,13.5,8.880000114440918
2021,8,QB,23,13-24,Geno Smith,13.3,22.600000381469727
2021,8,QB,24,13-24,Jimmy Garoppolo,13.2,27.280000686645508
2021,8,RB,2,1-6,Dalvin Cook,21.86,7.800000190734863
2021,8,RB,3,1-6,Jonathan Taylor,21.58,21.200000762939453
2021,8,RB,4,1-6,Ezekiel Elliott,20.56,11.300000190734863
2021,8,RB,5,1-6,Darrell Henderson,19.72,22.299999237060547
2021,8,RB,6,1-6,Alvin Kamara,18.52,16.600000381469727
2021,8,RB,7,7-12,Austin Ekeler,18.52,24.399999618530273
2021,8,RB,8,7-12,Derrick Henry,17.77,6.800000190734863
2021,8,RB,9,7-12,Nick Chubb,17.31,7.900000095367432
2021,8,RB,10,7-12,Leonard Fournette,17.22,7.300000190734863
2021,8,RB,11,7-12,James Robinson,16.66,4.900000095367432
2021,8,RB,12,7-12,D'Andre Swift,15.17,8.100000381469727
2021,8,RB,13,13-24,Aaron Jones,14.9,24.0
2021,8,RB,15,13-24,Joe Mixon,14.52,25.100000381469727
2021,8,RB,16,13-24,Chase Edmonds,14.43,15.899999618530273
2021,8,RB,18,13-24,Zack Moss,12.9,11.800000190734863
2021,8,RB,20,13-24,Elijah Mitchell,12.5,19.700000762939453
2021,8,RB,22,13-24,Alexander Mattison,12.4,2.0
2021,8,RB,23,13-24,Antonio Gibson,12.1,8.399999618530273
2021,8,RB,25,25-40,Najee Harris,11.9,21.0
2021,8,RB,26,25-40,Tony Pollard,11.2,3.700000047683716
2021,8,RB,27,25-40,James Conner,11.1,14.199999809265137
2021,8,RB,28,25-40,Melvin Gordon,11.1,19.200000762939453
2021,8,RB,29,25-40,Damien Harris,10.9,14.0
2021,8,RB,31,25-40,JaMycal Hasty,10.1,5.300000190734863
2021,8,RB,32,25-40,Javonte Williams,10.0,6.800000190734863
2021,8,RB,33,25-40,Alex Collins,9.7,4.400000095367432
2021,8,RB,34,25-40,Cordarrelle Patterson,9.2,18.200000762939453
2021,8,RB,35,25-40,Devin Singletary,9.2,3.9000000953674316
2021,8,RB,36,25-40,Khalil Herbert,8.9,8.800000190734863
2021,8,RB,37,25-40,Devontae Booker,8.8,17.5
2021,8,RB,38,25-40,Chuba Hubbard,8.8,14.100000381469727
2021,8,RB,39,25-40,David Johnson,8.7,1.2999999523162842
2021,8,RB,40,25-40,Darrel Williams,8.5,17.0
2021,8,WR,1,1-6,Cooper Kupp,23.4,24.5
2021,8,WR,2,1-6,Stefon Diggs,21.6,15.0
2021,8,WR,3,1-6,Justin Jefferson,21.5,4.099999904632568
2021,8,WR,4,1-6,Adam Thielen,20.2,19.799999237060547
2021,8,WR,5,1-6,Emmanuel Sanders,19.7,0.0
2021,8,WR,6,1-6,CeeDee Lamb,17.8,17.200000762939453
2021,8,WR,7,7-12,Tyreek Hill,16.9,27.399999618530273
2021,8,WR,8,7-12,DeVonta Smith,16.2,2.5
2021,8,WR,9,7-12,Cole Beasley,15.8,21.0
2021,8,WR,10,7-12,Mike Evans,15.4,12.800000190734863
2021,8,WR,11,7-12,Courtland Sutton,15.1,6.0
2021,8,WR,12,7-12,Mike Williams,14.9,3.9000000953674316
2021,8,WR,13,13-24,Ja'Marr Chase,14.8,13.100000381469727
2021,8,WR,15,13-24,Chris Godwin Jr.,14.4,28.0
2021,8,WR,16,13-24,DeAndre Hopkins,14.3,8.600000381469727
2021,8,WR,18,13-24,Amari Cooper,14.1,26.200000762939453
2021,8,WR,19,13-24,Robert Woods,13.5,20.700000762939453
2021,8,WR,20,13-24,DJ Moore,13.5,9.899999618530273
2021,8,WR,21,13-24,Sterling Shepard,13.1,6.5
2021,8,WR,22,13-24,Odell Beckham Jr.,13.0,1.600000023841858
2021,8,WR,23,13-24,A.J. Brown,12.9,31.5
2021,8,WR,25,25-40,Michael Pittman,12.3,30.600000381469727
2021,8,WR,26,25-40,Keenan Allen,12.2,19.700000762939453
2021,8,WR,27,25-40,Brandin Cooks,12.1,20.299999237060547
2021,8,WR,29,25-40,DK Metcalf,11.8,22.299999237060547
2021,8,WR,30,25-40,Deebo Samuel Sr.,11.5,23.100000381469727
2021,8,WR,32,25-40,Quez Watkins,11.2,3.799999952316284
2021,8,WR,33,25-40,Jamison Crowder,10.9,16.399999618530273
2021,8,WR,34,25-40,Tim Patrick,10.6,9.399999618530273
2021,8,WR,35,25-40,A.J. Green,10.3,10.0
2021,8,WR,36,25-40,Christian Kirk,10.3,8.600000381469727
2021,8,WR,38,25-40,Diontae Johnson,9.9,15.800000190734863
2021,8,WR,39,25-40,Terry McLaurin,9.5,6.5
2021,8,WR,40,25-40,Jarvis Landry,9.3,10.0
2021,8,WR,41,41-55,Tee Higgins,9.1,13.699999809265137
2021,8,WR,42,41-55,Laviska Shenault Jr.,9.1,4.099999904632568
2021,8,WR,43,41-55,T.Y. Hilton,8.9,3.5999999046325684
2021,8,WR,44,41-55,Jalen Reagor,8.9,3.0999999046325684
2021,8,WR,45,41-55,Mecole Hardman,8.8,11.300000190734863
2021,8,WR,46,41-55,Tyler Lockett,8.7,26.200000762939453
2021,8,WR,48,41-55,K.J. Osborn,8.5,3.0
2021,8,WR,49,41-55,Marvin Jones,8.5,8.5
2021,8,WR,50,41-55,Cedrick Wilson Jr.,8.5,18.799999237060547
2021,8,WR,52,41-55,Marquez Callaway,8.3,6.0
2021,8,WR,53,41-55,Van Jefferson,8.1,11.800000190734863
2021,8,WR,54,41-55,Chase Claypool,8.0,10.100000381469727
2021,8,WR,55,41-55,Jakobi Meyers,7.9,9.600000381469727
2021,8,TE,1,1-3,Travis Kelce,15.7,4.699999809265137
2021,8,TE,3,1-3,Dallas Goedert,12.7,13.199999809265137
2021,8,TE,4,4-6,Dalton Schultz,11.7,3.0999999046325684
2021,8,TE,5,4-6,Noah Fant,11.5,2.799999952316284
2021,8,TE,6,4-6,T.J. Hockenson,11.0,18.899999618530273
2021,8,TE,7,7-12,Rob Gronkowski,10.8,0.0
2021,8,TE,8,7-12,C.J. Uzomah,10.6,7.300000190734863
2021,8,TE,9,7-12,Kyle Pitts,10.4,3.299999952316284
2021,8,TE,10,7-12,Tyler Higbee,10.2,5.5
2021,8,TE,11,7-12,Tyler Conklin,8.4,10.699999809265137
2021,8,TE,12,7-12,Jared Cook,8.3,4.5
2021,8,TE,14,13-20,David Njoku,8.2,6.900000095367432
2021,8,TE,15,13-20,Hunter Henry,7.9,4.300000190734863
2021,8,TE,16,13-20,Zach Ertz,7.4,8.199999809265137
2021,8,TE,17,13-20,Mo Alie-Cox,7.1,0.0
2021,8,TE,19,13-20,Albert Okwuegbunam,7.0,6.400000095367432
2021,8,TE,20,13-20,Mike Gesicki,6.6,9.800000190734863
2021,9,QB,1,1-6,Matthew Stafford,24.6,13.0600004196167
2021,9,QB,2,1-6,Lamar Jackson,24.6,30.639999389648438
2021,9,QB,3,1-6,Josh Allen,22.68,9.5600004196167
2021,9,QB,4,1-6,Patrick Mahomes,22.1,10.4399995803833
2021,9,QB,7,7-12,Kirk Cousins,18.56,21.579999923706055
2021,9,QB,8,7-12,Justin Herbert,18.27,31.639999389648438
2021,9,QB,9,7-12,Ryan Tannehill,18.2,14.020000457763672
2021,9,QB,10,7-12,Jalen Hurts,18.12,16.68000030517578
2021,9,QB,11,7-12,Carson Wentz,17.83,24.18000030517578
2021,9,QB,12,7-12,Daniel Jones,17.68,8.100000381469727
2021,9,QB,13,13-24,Joe Burrow,17.68,7.380000114440918
2021,9,QB,16,13-24,Derek Carr,16.65,10.34000015258789
2021,9,QB,17,13-24,Teddy Bridgewater,16.21,21.860000610351562
2021,9,QB,18,13-24,Matt Ryan,15.99,28.520000457763672
2021,9,QB,20,13-24,Ben Roethlisberger,14.3,16.200000762939453
2021,9,QB,21,13-24,Jimmy Garoppolo,13.7,19.34000015258789
2021,9,QB,23,13-24,Mike White,13.4,7.800000190734863
2021,9,QB,24,13-24,Mac Jones,11.2,5.960000038146973
2021,9,RB,1,1-6,Aaron Jones,21.02,5.300000190734863
2021,9,RB,3,1-6,Jonathan Taylor,20.74,34.0
2021,9,RB,4,1-6,Alvin Kamara,19.07,20.399999618530273
2021,9,RB,5,1-6,Christian McCaffrey,18.98,14.600000381469727
2021,9,RB,6,1-6,Darrell Henderson,18.79,8.800000190734863
2021,9,RB,7,7-12,Dalvin Cook,18.79,15.199999809265137
2021,9,RB,8,7-12,Austin Ekeler,18.33,11.199999809265137
2021,9,RB,9,7-12,Ezekiel Elliott,15.73,12.600000381469727
2021,9,RB,11,7-12,Nick Chubb,15.17,30.299999237060547
2021,9,RB,12,7-12,Najee Harris,14.99,16.799999237060547
2021,9,RB,13,13-24,Joe Mixon,14.52,28.0
2021,9,RB,16,13-24,Chase Edmonds,13.88,0.30000001192092896
2021,9,RB,17,13-24,Josh Jacobs,12.7,13.5
2021,9,RB,18,13-24,Myles Gaskin,11.9,15.699999809265137
2021,9,RB,19,13-24,Elijah Mitchell,11.7,12.899999618530273
2021,9,RB,21,13-24,David Montgomery,11.4,10.0
2021,9,RB,23,13-24,Melvin Gordon,11.1,17.5
2021,9,RB,24,13-24,Darrel Williams,10.9,10.699999809265137
2021,9,RB,25,25-40,Devontae Booker,10.8,15.199999809265137
2021,9,RB,26,25-40,James Conner,10.8,40.29999923706055
2021,9,RB,27,25-40,Alexander Mattison,10.8,1.2999999523162842
2021,9,RB,28,25-40,Cordarrelle Patterson,10.3,19.600000381469727
2021,9,RB,29,25-40,Zack Moss,9.6,4.400000095367432
2021,9,RB,30,25-40,Damien Harris,9.4,10.300000190734863
2021,9,RB,32,25-40,JaMycal Hasty,9.0,4.300000190734863
2021,9,RB,33,25-40,Khalil Herbert,8.7,1.2999999523162842
2021,9,RB,34,25-40,Mike Davis,8.5,2.799999952316284
2021,9,RB,35,25-40,Chuba Hubbard,8.2,4.599999904632568
2021,9,RB,36,25-40,Javonte Williams,8.1,11.100000381469727
2021,9,RB,37,25-40,Tony Pollard,8.0,5.300000190734863
2021,9,RB,38,25-40,Jordan Howard,7.9,13.100000381469727
2021,9,RB,40,25-40,Kenyan Drake,7.5,16.0
2021,9,WR,1,1-6,Cooper Kupp,25.8,20.5
2021,9,WR,2,1-6,Tyreek Hill,18.8,7.300000190734863
2021,9,WR,3,1-6,Adam Thielen,18.4,8.600000381469727
2021,9,WR,4,1-6,A.J. Brown,17.6,9.199999809265137
2021,9,WR,5,1-6,Justin Jefferson,17.2,17.0
2021,9,WR,6,1-6,Davante Adams,15.3,10.199999809265137
2021,9,WR,8,7-12,Robert Woods,14.6,17.399999618530273
2021,9,WR,10,7-12,Marquise Brown,14.4,20.600000381469727
2021,9,WR,12,7-12,Brandin Cooks,13.9,11.600000381469727
2021,9,WR,13,13-24,Ja'Marr Chase,13.6,8.899999618530273
2021,9,WR,14,13-24,Stefon Diggs,13.2,14.5
2021,9,WR,15,13-24,Keenan Allen,13.1,22.399999618530273
2021,9,WR,16,13-24,Michael Pittman,12.8,17.399999618530273
2021,9,WR,17,13-24,Mike Williams,12.5,7.800000190734863
2021,9,WR,18,13-24,CeeDee Lamb,12.4,4.300000190734863
2021,9,WR,19,13-24,Diontae Johnson,12.2,11.699999809265137
2021,9,WR,21,13-24,Courtland Sutton,12.0,3.9000000953674316
2021,9,WR,22,13-24,Jarvis Landry,11.9,4.099999904632568
2021,9,WR,23,13-24,Donovan Peoples-Jones,11.4,16.600000381469727
2021,9,WR,24,13-24,Amari Cooper,11.4,5.699999809265137
2021,9,WR,25,25-40,Cole Beasley,11.3,11.300000190734863
2021,9,WR,26,25-40,Kenny Golladay,11.0,4.800000190734863
2021,9,WR,27,25-40,Deebo Samuel Sr.,10.6,11.300000190734863
2021,9,WR,29,25-40,Hunter Renfrow,10.5,17.899999618530273
2021,9,WR,30,25-40,Emmanuel Sanders,10.2,10.5
2021,9,WR,31,25-40,Julio Jones,10.1,7.5
2021,9,WR,34,25-40,Christian Kirk,9.8,16.420000076293945
2021,9,WR,35,25-40,A.J. Green,9.8,0.0
2021,9,WR,36,25-40,Jamison Crowder,9.5,8.800000190734863
2021,9,WR,37,25-40,Mecole Hardman,9.5,5.0
2021,9,WR,38,25-40,Tim Patrick,9.3,18.5
2021,9,WR,39,25-40,Van Jefferson,9.3,7.099999904632568
2021,9,WR,40,25-40,Chase Claypool,9.2,7.300000190734863
2021,9,WR,42,41-55,DeVonta Smith,9.1,22.600000381469727
2021,9,WR,43,41-55,Tee Higgins,9.1,13.800000190734863
2021,9,WR,44,41-55,Russell Gage,8.9,13.399999618530273
2021,9,WR,45,41-55,DJ Moore,8.8,7.599999904632568
2021,9,WR,46,41-55,Jaylen Waddle,8.5,16.299999237060547
2021,9,WR,47,41-55,Tyler Boyd,8.4,2.0999999046325684
2021,9,WR,48,41-55,Rashod Bateman,8.2,10.199999809265137
2021,9,WR,49,41-55,Kadarius Toney,8.1,1.7000000476837158
2021,9,WR,51,41-55,Jerry Jeudy,7.2,12.899999618530273
2021,9,WR,53,41-55,Marquez Callaway,7.0,11.5
2021,9,WR,54,41-55,Chris Conley,7.0,5.800000190734863
2021,9,WR,55,41-55,Zach Pascal,7.0,9.800000190734863
2021,9,TE,1,1-3,Travis Kelce,15.8,17.799999237060547
2021,9,TE,2,1-3,Mark Andrews,13.7,9.399999618530273
2021,9,TE,3,1-3,Darren Waller,11.6,16.200000762939453
2021,9,TE,4,4-6,Dallas Goedert,10.8,7.300000190734863
2021,9,TE,5,4-6,Tyler Conklin,10.7,9.5
2021,9,TE,7,7-12,Mike Gesicki,10.3,9.399999618530273
2021,9,TE,8,7-12,Jared Cook,9.3,10.800000190734863
2021,9,TE,9,7-12,C.J. Uzomah,9.2,6.400000095367432
2021,9,TE,10,7-12,Tyler Higbee,8.9,10.100000381469727
2021,9,TE,11,7-12,David Njoku,8.8,8.800000190734863
2021,9,TE,12,7-12,Kyle Pitts,8.5,9.199999809265137
2021,9,TE,14,13-20,Dalton Schultz,7.3,9.399999618530273
2021,9,TE,15,13-20,George Kittle,7.2,20.100000381469727
2021,9,TE,16,13-20,Austin Hooper,7.1,3.4000000953674316
2021,9,TE,18,13-20,Zach Ertz,6.6,5.699999809265137
2021,9,TE,19,13-20,Mo Alie-Cox,6.5,3.799999952316284
2021,9,TE,20,13-20,Evan Engram,6.4,12.800000190734863
2021,10,QB,1,1-6,Tom Brady,26.22,13.0
2021,10,QB,2,1-6,Lamar Jackson,25.63,15.420000076293945
2021,10,QB,3,1-6,Patrick Mahomes,23.64,36.2400016784668
2021,10,QB,4,1-6,Justin Herbert,23.49,12.0
2021,10,QB,5,1-6,Josh Allen,23.27,20.940000534057617
2021,10,QB,6,1-6,Matthew Stafford,21.07,9.819999694824219
2021,10,QB,7,7-12,Matt Ryan,19.89,0.6800000071525574
2021,10,QB,8,7-12,Derek Carr,19.81,18.239999771118164
2021,10,QB,10,7-12,Ryan Tannehill,17.68,18.6200008392334
2021,10,QB,11,7-12,Kirk Cousins,17.31,17.459999084472656
2021,10,QB,12,7-12,Carson Wentz,17.16,7.099999904632568
2021,10,QB,13,13-24,Jimmy Garoppolo,16.58,15.380000114440918
2021,10,QB,14,13-24,Trevor Siemian,16.36,19.920000076293945
2021,10,QB,16,13-24,Jalen Hurts,15.3,18.6200008392334
2021,10,QB,17,13-24,Teddy Bridgewater,15.1,9.039999961853027
2021,10,QB,18,13-24,Taylor Heinicke,14.7,15.739999771118164
2021,10,QB,19,13-24,Mike White,12.4,2.0399999618530273
2021,10,QB,20,13-24,Trevor Lawrence,12.2,9.779999732971191
2021,10,QB,21,13-24,Mac Jones,12.0,19.920000076293945
2021,10,QB,22,13-24,Baker Mayfield,11.2,4.920000076293945
2021,10,QB,23,13-24,Jared Goff,11.0,4.559999942779541
2021,10,RB,1,1-6,Austin Ekeler,22.41,14.899999618530273
2021,10,RB,3,1-6,Jonathan Taylor,20.84,24.600000381469727
2021,10,RB,5,1-6,Najee Harris,19.91,17.299999237060547
2021,10,RB,6,1-6,Dalvin Cook,17.77,20.799999237060547
2021,10,RB,7,7-12,Darrell Henderson,17.22,8.100000381469727
2021,10,RB,8,7-12,Leonard Fournette,16.75,17.200000762939453
2021,10,RB,9,7-12,Aaron Jones,16.57,12.600000381469727
2021,10,RB,10,7-12,Ezekiel Elliott,15.73,20.760000228881836
2021,10,RB,11,7-12,Josh Jacobs,14.34,8.600000381469727
2021,10,RB,13,13-24,James Robinson,14.25,18.399999618530273
2021,10,RB,14,13-24,Christian McCaffrey,14.15,26.100000381469727
2021,10,RB,15,13-24,Elijah Mitchell,14.06,9.100000381469727
2021,10,RB,17,13-24,James Conner,13.5,15.399999618530273
2021,10,RB,19,13-24,Darrel Williams,12.1,29.399999618530273
2021,10,RB,20,13-24,D'Andre Swift,11.8,16.5
2021,10,RB,21,13-24,Cordarrelle Patterson,11.4,4.900000095367432
2021,10,RB,22,13-24,Melvin Gordon,11.2,9.300000190734863
2021,10,RB,23,13-24,Myles Gaskin,11.1,5.5
2021,10,RB,24,13-24,J.D. McKissic,11.0,7.900000095367432
2021,10,RB,25,25-40,Antonio Gibson,10.8,21.799999237060547
2021,10,RB,27,25-40,Alex Collins,10.3,5.900000095367432
2021,10,RB,31,25-40,Kenyan Drake,10.0,5.099999904632568
2021,10,RB,32,25-40,Zack Moss,9.3,8.699999809265137
2021,10,RB,34,25-40,Jordan Howard,8.7,8.300000190734863
2021,10,RB,35,25-40,Adrian Peterson,8.5,3.0
2021,10,RB,36,25-40,Mike Davis,8.5,1.7999999523162842
2021,10,RB,37,25-40,Javonte Williams,8.4,6.900000095367432
2021,10,RB,38,25-40,Tony Pollard,8.2,15.800000190734863
2021,10,RB,39,25-40,Devonta Freeman,8.2,8.800000190734863
2021,10,RB,40,25-40,Mark Ingram,8.1,20.799999237060547
2021,10,WR,1,1-6,Cooper Kupp,21.4,23.200000762939453
2021,10,WR,2,1-6,Tyreek Hill,20.4,27.5
2021,10,WR,3,1-6,Keenan Allen,20.3,17.799999237060547
2021,10,WR,4,1-6,A.J. Brown,17.0,3.299999952316284
2021,10,WR,5,1-6,Stefon Diggs,16.8,30.200000762939453
2021,10,WR,7,7-12,Mike Williams,15.9,7.300000190734863
2021,10,WR,8,7-12,Chris Godwin Jr.,15.8,12.699999809265137
2021,10,WR,9,7-12,Mike Evans,15.6,14.199999809265137
2021,10,WR,10,7-12,Marquise Brown,15.3,9.699999809265137
2021,10,WR,12,7-12,CeeDee Lamb,14.7,28.600000381469727
2021,10,WR,13,13-24,Adam Thielen,14.7,11.5
2021,10,WR,14,13-24,Justin Jefferson,14.5,22.899999618530273
2021,10,WR,15,13-24,Cole Beasley,14.4,3.5
2021,10,WR,16,13-24,Hunter Renfrow,13.5,17.600000381469727
2021,10,WR,17,13-24,DK Metcalf,13.4,5.599999904632568
2021,10,WR,18,13-24,Diontae Johnson,13.3,13.300000190734863
2021,10,WR,19,13-24,Amari Cooper,13.2,9.100000381469727
2021,10,WR,21,13-24,Emmanuel Sanders,12.9,7.099999904632568
2021,10,WR,22,13-24,Davante Adams,12.8,14.800000190734863
2021,10,WR,24,13-24,Deebo Samuel Sr.,12.6,30.299999237060547
2021,10,WR,26,25-40,Michael Pittman,11.7,12.100000381469727
2021,10,WR,27,25-40,Tyler Lockett,11.6,4.300000190734863
2021,10,WR,28,25-40,Russell Gage,10.9,0.0
2021,10,WR,29,25-40,Mecole Hardman,10.6,5.0
2021,10,WR,30,25-40,Odell Beckham Jr.,10.4,3.799999952316284
2021,10,WR,31,25-40,Olamide Zaccheaus,9.9,4.199999809265137
2021,10,WR,34,25-40,Terry McLaurin,9.5,11.899999618530273
2021,10,WR,35,25-40,Christian Kirk,9.4,12.800000190734863
2021,10,WR,36,25-40,Sammy Watkins,9.4,-0.30000001192092896
2021,10,WR,39,25-40,Marquez Callaway,8.7,11.699999809265137
2021,10,WR,40,25-40,DeVonta Smith,8.7,22.600000381469727
2021,10,WR,41,41-55,Donovan Peoples-Jones,8.5,2.5999999046325684
2021,10,WR,42,41-55,Corey Davis,8.5,12.300000190734863
2021,10,WR,43,41-55,DJ Moore,8.5,6.400000095367432
2021,10,WR,45,41-55,Rashod Bateman,8.2,14.0
2021,10,WR,46,41-55,A.J. Green,8.2,1.399999976158142
2021,10,WR,47,41-55,Jaylen Waddle,8.1,10.100000381469727
2021,10,WR,48,41-55,Courtland Sutton,8.0,4.900000095367432
2021,10,WR,49,41-55,Jamison Crowder,7.8,5.0
2021,10,WR,50,41-55,Van Jefferson,7.7,8.399999618530273
2021,10,WR,51,41-55,Demarcus Robinson,7.7,5.300000190734863
2021,10,WR,53,41-55,Laviska Shenault Jr.,7.5,5.099999904632568
2021,10,WR,54,41-55,Tre'Quan Smith,7.4,14.399999618530273
2021,10,WR,55,41-55,Tim Patrick,7.4,4.400000095367432
2021,10,TE,1,1-3,Travis Kelce,19.8,19.899999618530273
2021,10,TE,2,1-3,Darren Waller,17.5,6.400000095367432
2021,10,TE,3,1-3,Dawson Knox,13.6,2.700000047683716
2021,10,TE,4,4-6,George Kittle,12.8,16.0
2021,10,TE,5,4-6,Mark Andrews,12.5,18.299999237060547
2021,10,TE,7,7-12,Jared Cook,9.9,2.0
2021,10,TE,8,7-12,Dalton Schultz,9.8,2.4000000953674316
2021,10,TE,9,7-12,Kyle Pitts,9.5,10.0
2021,10,TE,10,7-12,T.J. Hockenson,9.4,0.0
2021,10,TE,11,7-12,Mike Gesicki,8.6,0.0
2021,10,TE,12,7-12,Tyler Conklin,8.4,16.100000381469727
2021,10,TE,13,13-20,Tyler Higbee,8.1,11.0
2021,10,TE,15,13-20,Noah Fant,7.8,10.899999618530273
2021,10,TE,16,13-20,Dallas Goedert,7.5,4.800000190734863
2021,10,TE,17,13-20,Pat Freiermuth,7.4,6.099999904632568
2021,10,TE,18,13-20,Foster Moreau,6.9,0.0
2021,10,TE,19,13-20,Hunter Henry,6.8,19.700000762939453
2021,10,TE,20,13-20,Zach Ertz,6.3,8.600000381469727
2021,11,QB,1,1-6,Dak Prescott,24.6,2.640000104904175
2021,11,QB,2,1-6,Patrick Mahomes,22.68,7.5
2021,11,QB,3,1-6,Josh Allen,21.51,16.15999984741211
2021,11,QB,4,1-6,Tom Brady,20.7,19.280000686645508
2021,11,QB,5,1-6,Jalen Hurts,20.62,30.780000686645508
2021,11,QB,6,1-6,Joe Burrow,20.55,9.020000457763672
2021,11,QB,7,7-12,Ryan Tannehill,20.04,9.220000267028809
2021,11,QB,9,7-12,Justin Herbert,18.71,34.279998779296875
2021,11,QB,10,7-12,Kirk Cousins,18.56,25.239999771118164
2021,11,QB,11,7-12,Baker Mayfield,18.56,7.940000057220459
2021,11,QB,12,7-12,Derek Carr,18.12,8.600000381469727
2021,11,QB,15,13-24,Trevor Siemian,15.77,24.15999984741211
2021,11,QB,16,13-24,Russell Wilson,15.2,8.479999542236328
2021,11,QB,17,13-24,Mac Jones,14.8,10.380000114440918
2021,11,QB,18,13-24,Justin Fields,14.5,3.4600000381469727
2021,11,QB,19,13-24,Jimmy Garoppolo,14.3,15.640000343322754
2021,11,QB,20,13-24,Daniel Jones,13.9,7.679999828338623
2021,11,QB,21,13-24,Colt McCoy,13.9,22.920000076293945
2021,11,QB,22,13-24,Matt Ryan,13.6,2.119999885559082
2021,11,QB,23,13-24,Trevor Lawrence,13.3,8.619999885559082
2021,11,QB,24,13-24,Taylor Heinicke,12.8,23.139999389648438
2021,11,RB,2,1-6,Nick Chubb,21.58,22.399999618530273
2021,11,RB,3,1-6,Joe Mixon,20.46,24.299999237060547
2021,11,RB,4,1-6,Christian McCaffrey,19.63,24.899999618530273
2021,11,RB,5,1-6,Dalvin Cook,19.54,22.5
2021,11,RB,8,7-12,Austin Ekeler,18.33,41.5
2021,11,RB,9,7-12,Jonathan Taylor,18.33,53.400001525878906
2021,11,RB,10,7-12,James Robinson,18.33,11.800000190734863
2021,11,RB,11,7-12,Najee Harris,16.66,16.899999618530273
2021,11,RB,12,7-12,Ezekiel Elliott,16.57,12.800000190734863
2021,11,RB,14,13-24,James Conner,15.73,20.899999618530273
2021,11,RB,15,13-24,Leonard Fournette,14.62,13.399999618530273
2021,11,RB,16,13-24,Jeff Wilson,14.25,6.800000190734863
2021,11,RB,17,13-24,David Montgomery,13.69,7.699999809265137
2021,11,RB,18,13-24,Antonio Gibson,11.9,7.5
2021,11,RB,19,13-24,Clyde Edwards-Helaire,11.7,15.600000381469727
2021,11,RB,20,13-24,Josh Jacobs,11.7,11.100000381469727
2021,11,RB,21,13-24,Darrel Williams,11.6,3.5999999046325684
2021,11,RB,22,13-24,Myles Gaskin,11.4,18.600000381469727
2021,11,RB,23,13-24,Khalil Herbert,11.2,0.0
2021,11,RB,24,13-24,Saquon Barkley,11.2,11.600000381469727
2021,11,RB,27,25-40,AJ Dillon,10.5,15.699999809265137
2021,11,RB,28,25-40,D'Andre Swift,10.3,22.600000381469727
2021,11,RB,29,25-40,Damien Harris,10.3,7.5
2021,11,RB,30,25-40,Tony Pollard,10.0,9.0
2021,11,RB,31,25-40,Miles Sanders,9.7,7.400000095367432
2021,11,RB,32,25-40,Jordan Howard,9.7,6.300000190734863
2021,11,RB,33,25-40,Ty Johnson,9.6,2.299999952316284
2021,11,RB,35,25-40,Rhamondre Stevenson,9.2,8.5
2021,11,RB,36,25-40,J.D. McKissic,8.6,6.0
2021,11,RB,37,25-40,Mark Ingram,8.4,15.300000190734863
2021,11,RB,38,25-40,Kenyan Drake,8.4,3.9000000953674316
2021,11,RB,40,25-40,Latavius Murray,8.1,5.300000190734863
2021,11,WR,1,1-6,Tyreek Hill,19.0,20.0
2021,11,WR,2,1-6,Ja'Marr Chase,18.0,13.0
2021,11,WR,3,1-6,Justin Jefferson,17.7,37.20000076293945
2021,11,WR,4,1-6,Keenan Allen,16.9,20.200000762939453
2021,11,WR,5,1-6,Stefon Diggs,16.5,18.299999237060547
2021,11,WR,6,1-6,A.J. Brown,15.8,9.800000190734863
2021,11,WR,7,7-12,Adam Thielen,15.6,22.200000762939453
2021,11,WR,8,7-12,Corey Davis,14.9,6.5
2021,11,WR,9,7-12,DeVonta Smith,14.6,10.100000381469727
2021,11,WR,10,7-12,CeeDee Lamb,14.4,4.400000095367432
2021,11,WR,11,7-12,Brandin Cooks,13.5,3.799999952316284
2021,11,WR,12,7-12,Davante Adams,13.5,30.5
2021,11,WR,13,13-24,Chris Godwin Jr.,13.4,19.200000762939453
2021,11,WR,14,13-24,Hunter Renfrow,13.1,7.5
2021,11,WR,15,13-24,Tee Higgins,12.9,3.5
2021,11,WR,16,13-24,Jamison Crowder,12.6,16.399999618530273
2021,11,WR,17,13-24,DK Metcalf,12.3,7.099999904632568
2021,11,WR,18,13-24,Mike Evans,12.2,20.299999237060547
2021,11,WR,21,13-24,Diontae Johnson,12.1,23.100000381469727
2021,11,WR,23,13-24,Mike Williams,11.6,20.700000762939453
2021,11,WR,25,25-40,Cole Beasley,11.6,6.300000190734863
2021,11,WR,26,25-40,DJ Moore,11.4,16.0
2021,11,WR,27,25-40,Elijah Moore,11.3,29.600000381469727
2021,11,WR,28,25-40,Emmanuel Sanders,11.2,5.599999904632568
2021,11,WR,30,25-40,Jarvis Landry,10.9,14.199999809265137
2021,11,WR,33,25-40,Tyler Lockett,10.4,15.5
2021,11,WR,36,25-40,Tyler Boyd,10.1,12.300000190734863
2021,11,WR,37,25-40,Deebo Samuel Sr.,10.1,16.399999618530273
2021,11,WR,39,25-40,Chase Claypool,9.3,14.399999618530273
2021,11,WR,40,25-40,Jaylen Waddle,9.0,20.600000381469727
2021,11,WR,41,41-55,Michael Pittman,8.8,4.300000190734863
2021,11,WR,42,41-55,Cedrick Wilson Jr.,8.5,7.599999904632568
2021,11,WR,43,41-55,Christian Kirk,8.4,4.5
2021,11,WR,44,41-55,Darnell Mooney,8.3,23.100000381469727
2021,11,WR,45,41-55,Mecole Hardman,8.3,4.5
2021,11,WR,47,41-55,Jakobi Meyers,8.0,7.900000095367432
2021,11,WR,48,41-55,Kendrick Bourne,7.8,8.899999618530273
2021,11,WR,49,41-55,Bryan Edwards,7.7,0.0
2021,11,WR,50,41-55,Quez Watkins,7.7,0.0
2021,11,WR,51,41-55,Terry McLaurin,7.6,21.299999237060547
2021,11,WR,54,41-55,Kenny Golladay,7.4,2.200000047683716
2021,11,WR,55,41-55,A.J. Green,7.4,11.800000190734863
2021,11,TE,1,1-3,Travis Kelce,15.8,18.799999237060547
2021,11,TE,2,1-3,Darren Waller,12.4,18.600000381469727
2021,11,TE,3,1-3,C.J. Uzomah,12.2,2.9000000953674316
2021,11,TE,4,4-6,Tyler Conklin,10.7,6.5
2021,11,TE,5,4-6,Mark Andrews,10.7,15.300000190734863
2021,11,TE,6,4-6,Dallas Goedert,10.4,11.199999809265137
2021,11,TE,7,7-12,Rob Gronkowski,10.0,13.100000381469727
2021,11,TE,8,7-12,Dalton Schultz,9.2,11.300000190734863
2021,11,TE,9,7-12,Dawson Knox,8.8,14.0
2021,11,TE,10,7-12,Hunter Henry,8.7,4.5
2021,11,TE,11,7-12,George Kittle,8.6,13.399999618530273
2021,11,TE,12,7-12,David Njoku,8.0,4.099999904632568
2021,11,TE,13,13-20,Mike Gesicki,8.0,10.0
2021,11,TE,14,13-20,Austin Hooper,7.7,9.300000190734863
2021,11,TE,15,13-20,Pat Freiermuth,7.6,11.100000381469727
2021,11,TE,16,13-20,Jared Cook,7.3,5.800000190734863
2021,11,TE,17,13-20,Kyle Pitts,6.8,5.900000095367432
2021,11,TE,19,13-20,T.J. Hockenson,6.4,11.100000381469727
2021,12,QB,1,1-6,Dak Prescott,23.72,25.299999237060547
2021,12,QB,2,1-6,Josh Allen,23.49,26.700000762939453
2021,12,QB,3,1-6,Tom Brady,21.36,11.239999771118164
2021,12,QB,4,1-6,Aaron Rodgers,19.89,26.280000686645508
2021,12,QB,5,1-6,Kirk Cousins,19.3,15.520000457763672
2021,12,QB,6,1-6,Jimmy Garoppolo,19.0,11.199999809265137
2021,12,QB,7,7-12,Jalen Hurts,18.93,6.860000133514404
2021,12,QB,8,7-12,Justin Herbert,18.2,19.719999313354492
2021,12,QB,9,7-12,Matthew Stafford,17.75,21.979999542236328
2021,12,QB,10,7-12,Russell Wilson,17.68,19.479999542236328
2021,12,QB,11,7-12,Taylor Heinicke,16.65,11.220000267028809
2021,12,QB,12,7-12,Derek Carr,16.5,21.020000457763672
2021,12,QB,13,13-24,Carson Wentz,15.99,20.34000015258789
2021,12,QB,14,13-24,Baker Mayfield,15.77,12.279999732971191
2021,12,QB,15,13-24,Joe Burrow,15.77,16.399999618530273
2021,12,QB,16,13-24,Tyrod Taylor,15.69,15.319999694824219
2021,12,QB,17,13-24,Mac Jones,14.7,21.5
2021,12,QB,18,13-24,Teddy Bridgewater,14.5,16.15999984741211
2021,12,QB,19,13-24,Matt Ryan,14.2,10.199999809265137
2021,12,QB,20,13-24,Tua Tagovailoa,13.0,13.199999809265137
2021,12,QB,21,13-24,Trevor Siemian,12.9,8.819999694824219
2021,12,QB,22,13-24,Daniel Jones,12.7,15.079999923706055
2021,12,QB,23,13-24,Trevor Lawrence,11.7,17.020000457763672
2021,12,QB,24,13-24,Ryan Tannehill,10.9,8.119999885559082
2021,12,RB,1,1-6,Jeff Wilson,23.34,1.7000000476837158
2021,12,RB,2,1-6,Jonathan Taylor,22.88,19.700000762939453
2021,12,RB,3,1-6,Dalvin Cook,20.19,14.300000190734863
2021,12,RB,4,1-6,Christian McCaffrey,19.72,3.5
2021,12,RB,5,1-6,Austin Ekeler,18.98,21.899999618530273
2021,12,RB,6,1-6,Ezekiel Elliott,18.52,16.899999618530273
2021,12,RB,7,7-12,Joe Mixon,17.87,32.29999923706055
2021,12,RB,8,7-12,Nick Chubb,17.68,5.900000095367432
2021,12,RB,10,7-12,Aaron Jones,17.12,2.299999952316284
2021,12,RB,11,7-12,David Montgomery,16.2,10.399999618530273
2021,12,RB,13,13-24,Najee Harris,15.36,6.699999809265137
2021,12,RB,14,13-24,James Robinson,15.27,12.5
2021,12,RB,15,13-24,Darrell Henderson,15.27,17.299999237060547
2021,12,RB,16,13-24,D'Andre Swift,15.08,3.9000000953674316
2021,12,RB,17,13-24,Elijah Mitchell,14.99,27.799999237060547
2021,12,RB,18,13-24,Antonio Gibson,14.43,23.600000381469727
2021,12,RB,20,13-24,Khalil Herbert,14.15,0.8999999761581421
2021,12,RB,21,13-24,Leonard Fournette,13.5,44.099998474121094
2021,12,RB,22,13-24,Kareem Hunt,13.3,2.0
2021,12,RB,23,13-24,Melvin Gordon,11.5,9.800000190734863
2021,12,RB,24,13-24,Tony Pollard,11.5,16.799999237060547
2021,12,RB,25,25-40,Josh Jacobs,11.3,19.200000762939453
2021,12,RB,26,25-40,AJ Dillon,10.5,20.0
2021,12,RB,27,25-40,J.D. McKissic,10.4,22.600000381469727
2021,12,RB,28,25-40,Damien Harris,10.3,12.199999809265137
2021,12,RB,29,25-40,Miles Sanders,10.2,7.400000095367432
2021,12,RB,32,25-40,Saquon Barkley,9.8,9.300000190734863
2021,12,RB,33,25-40,Rhamondre Stevenson,9.3,4.599999904632568
2021,12,RB,34,25-40,Myles Gaskin,9.2,19.200000762939453
2021,12,RB,35,25-40,Alex Collins,9.0,1.7000000476837158
2021,12,RB,37,25-40,Devontae Booker,8.4,3.700000047683716
2021,12,RB,38,25-40,Javonte Williams,8.4,20.100000381469727
2021,12,RB,39,25-40,Chuba Hubbard,8.3,0.6000000238418579
2021,12,RB,40,25-40,Cordarrelle Patterson,8.0,27.5
2021,12,WR,1,1-6,Justin Jefferson,21.7,13.260000228881836
2021,12,WR,2,1-6,Stefon Diggs,18.8,20.399999618530273
2021,12,WR,3,1-6,Cooper Kupp,17.7,18.600000381469727
2021,12,WR,4,1-6,Adam Thielen,17.3,23.200000762939453
2021,12,WR,5,1-6,Cole Beasley,15.3,9.600000381469727
2021,12,WR,6,1-6,DK Metcalf,14.7,2.299999952316284
2021,12,WR,7,7-12,Tyler Lockett,14.2,12.600000381469727
2021,12,WR,8,7-12,Keenan Allen,13.9,15.5
2021,12,WR,9,7-12,Deebo Samuel Sr.,13.8,20.799999237060547
2021,12,WR,10,7-12,Davante Adams,13.7,18.399999618530273
2021,12,WR,13,13-24,Diontae Johnson,13.2,18.5
2021,12,WR,14,13-24,Darnell Mooney,13.1,17.5
2021,12,WR,15,13-24,Ja'Marr Chase,12.8,6.900000095367432
2021,12,WR,16,13-24,Mike Evans,12.6,4.599999904632568
2021,12,WR,17,13-24,Chris Godwin Jr.,12.3,4.699999809265137
2021,12,WR,18,13-24,Hunter Renfrow,12.2,21.600000381469727
2021,12,WR,19,13-24,DJ Moore,12.1,14.300000190734863
2021,12,WR,20,13-24,Elijah Moore,12.1,9.300000190734863
2021,12,WR,22,13-24,DeVonta Smith,12.0,4.199999809265137
2021,12,WR,23,13-24,Emmanuel Sanders,11.8,5.800000190734863
2021,12,WR,27,25-40,Brandin Cooks,11.1,13.5
2021,12,WR,28,25-40,Mike Williams,10.9,7.900000095367432
2021,12,WR,29,25-40,Michael Pittman,10.8,9.300000190734863
2021,12,WR,33,25-40,Michael Gallup,10.2,15.600000381469727
2021,12,WR,34,25-40,Brandon Aiyuk,10.2,12.5
2021,12,WR,35,25-40,Jamison Crowder,10.0,1.5
2021,12,WR,36,25-40,Chase Claypool,9.8,11.199999809265137
2021,12,WR,37,25-40,Terry McLaurin,9.5,9.100000381469727
2021,12,WR,39,25-40,Cedrick Wilson Jr.,9.1,17.399999618530273
2021,12,WR,40,25-40,Tee Higgins,8.9,23.399999618530273
2021,12,WR,42,41-55,Tyler Boyd,8.6,3.299999952316284
2021,12,WR,43,41-55,Courtland Sutton,8.5,3.700000047683716
2021,12,WR,44,41-55,Amon-Ra St. Brown,8.5,6.300000190734863
2021,12,WR,46,41-55,Nelson Agholor,8.4,5.0
2021,12,WR,47,41-55,Jakobi Meyers,8.4,14.800000190734863
2021,12,WR,48,41-55,Donovan Peoples-Jones,8.2,3.0
2021,12,WR,49,41-55,Kendrick Bourne,8.1,23.100000381469727
2021,12,WR,50,41-55,Marquise Brown,8.0,13.100000381469727
2021,12,WR,52,41-55,Tim Patrick,7.8,4.599999904632568
2021,12,WR,53,41-55,Jarvis Landry,7.7,15.100000381469727
2021,12,WR,54,41-55,Robbie Chosen,7.5,2.5
2021,12,WR,55,41-55,Odell Beckham Jr.,7.3,19.100000381469727
2021,12,TE,1,1-3,Darren Waller,12.4,5.300000190734863
2021,12,TE,2,1-3,Dallas Goedert,11.4,1.0
2021,12,TE,3,1-3,George Kittle,11.3,2.299999952316284
2021,12,TE,4,4-6,Dalton Schultz,10.7,15.600000381469727
2021,12,TE,5,4-6,Dawson Knox,10.4,18.200000762939453
2021,12,TE,6,4-6,T.J. Hockenson,9.9,12.5
2021,12,TE,7,7-12,Rob Gronkowski,9.5,19.299999237060547
2021,12,TE,8,7-12,Mark Andrews,9.0,16.5
2021,12,TE,9,7-12,Tyler Conklin,8.7,4.5
2021,12,TE,10,7-12,Gerald Everett,8.0,14.699999809265137
2021,12,TE,11,7-12,Tyler Higbee,8.0,1.2999999523162842
2021,12,TE,12,7-12,Logan Thomas,7.9,6.099999904632568
2021,12,TE,13,13-20,Noah Fant,7.7,4.199999809265137
2021,12,TE,14,13-20,Hunter Henry,7.7,3.5999999046325684
2021,12,TE,15,13-20,Kyle Pitts,7.3,4.599999904632568
2021,12,TE,16,13-20,Pat Freiermuth,7.3,14.0
2021,12,TE,17,13-20,C.J. Uzomah,7.2,3.9000000953674316
2021,12,TE,18,13-20,Cole Kmet,6.6,14.5
2021,12,TE,19,13-20,Austin Hooper,6.5,0.0
2021,13,QB,1,1-6,Dak Prescott,23.49,11.220000267028809
2021,13,QB,2,1-6,Kirk Cousins,23.13,20.200000762939453
2021,13,QB,3,1-6,Justin Herbert,20.18,25.280000686645508
2021,13,QB,4,1-6,Derek Carr,19.67,12.359999656677246
2021,13,QB,5,1-6,Tom Brady,19.67,28.6200008392334
2021,13,QB,6,1-6,Carson Wentz,19.3,11.119999885559082
2021,13,QB,7,7-12,Matthew Stafford,18.34,24.0
2021,13,QB,8,7-12,Taylor Heinicke,18.34,14.84000015258789
2021,13,QB,11,7-12,Ben Roethlisberger,16.94,19.34000015258789
2021,13,QB,12,7-12,Patrick Mahomes,16.8,12.5600004196167
2021,13,QB,13,13-24,Joe Burrow,16.36,16.600000381469727
2021,13,QB,14,13-24,Russell Wilson,16.06,16.739999771118164
2021,13,QB,16,13-24,Jimmy Garoppolo,15.91,15.960000038146973
2021,13,QB,17,13-24,Tua Tagovailoa,14.7,17.860000610351562
2021,13,QB,18,13-24,Josh Allen,14.7,11.699999809265137
2021,13,QB,19,13-24,Matt Ryan,14.0,12.079999923706055
2021,13,QB,21,13-24,Tyrod Taylor,12.4,1.2999999523162842
2021,13,QB,22,13-24,Trevor Lawrence,12.1,6.800000190734863
2021,13,QB,23,13-24,Andy Dalton,10.2,11.760000228881836
2021,13,QB,24,13-24,Mac Jones,8.9,0.46000000834465027
2021,13,RB,1,1-6,Jonathan Taylor,32.25,24.299999237060547
2021,13,RB,3,1-6,Joe Mixon,21.58,9.399999618530273
2021,13,RB,4,1-6,Austin Ekeler,20.56,17.399999618530273
2021,13,RB,6,1-6,Antonio Gibson,19.16,22.100000381469727
2021,13,RB,8,7-12,Leonard Fournette,16.84,22.200000762939453
2021,13,RB,9,7-12,James Conner,16.2,19.100000381469727
2021,13,RB,10,7-12,Ezekiel Elliott,15.92,6.699999809265137
2021,13,RB,11,7-12,James Robinson,15.64,2.5
2021,13,RB,12,7-12,Elijah Mitchell,14.62,17.399999618530273
2021,13,RB,13,13-24,Najee Harris,14.15,15.699999809265137
2021,13,RB,17,13-24,Josh Jacobs,13.4,24.0
2021,13,RB,19,13-24,Myles Gaskin,12.0,6.900000095367432
2021,13,RB,21,13-24,Mark Ingram,10.9,3.5999999046325684
2021,13,RB,22,13-24,Tony Pollard,10.5,15.399999618530273
2021,13,RB,23,13-24,David Montgomery,10.5,28.100000381469727
2021,13,RB,26,25-40,Cordarrelle Patterson,10.0,12.600000381469727
2021,13,RB,27,25-40,Saquon Barkley,9.9,13.399999618530273
2021,13,RB,28,25-40,Clyde Edwards-Helaire,9.8,11.199999809265137
2021,13,RB,29,25-40,Miles Sanders,9.8,17.200000762939453
2021,13,RB,30,25-40,Javonte Williams,9.7,29.799999237060547
2021,13,RB,31,25-40,JaMycal Hasty,8.8,0.0
2021,13,RB,32,25-40,Devontae Booker,8.8,9.399999618530273
2021,13,RB,33,25-40,Devonta Freeman,8.8,20.700000762939453
2021,13,RB,34,25-40,Darrel Williams,8.8,11.0
2021,13,RB,35,25-40,Damien Harris,8.7,17.100000381469727
2021,13,RB,36,25-40,Boston Scott,8.6,0.0
2021,13,RB,37,25-40,Nyheim Hines,8.3,8.600000381469727
2021,13,RB,39,25-40,Alexander Mattison,7.6,21.399999618530273
2021,13,RB,40,25-40,Kenyan Drake,7.5,1.7999999523162842
2021,13,WR,1,1-6,Justin Jefferson,23.6,35.599998474121094
2021,13,WR,2,1-6,Adam Thielen,22.0,1.0
2021,13,WR,3,1-6,Cooper Kupp,17.5,26.899999618530273
2021,13,WR,4,1-6,Keenan Allen,15.3,22.399999618530273
2021,13,WR,5,1-6,Hunter Renfrow,14.4,19.200000762939453
2021,13,WR,6,1-6,Tyreek Hill,13.6,4.199999809265137
2021,13,WR,8,7-12,Diontae Johnson,13.1,30.5
2021,13,WR,10,7-12,Tyler Lockett,12.6,19.799999237060547
2021,13,WR,11,7-12,DeAndre Hopkins,12.4,11.199999809265137
2021,13,WR,12,7-12,CeeDee Lamb,12.4,19.200000762939453
2021,13,WR,13,13-24,Mike Evans,12.4,16.899999618530273
2021,13,WR,14,13-24,Michael Pittman,12.3,17.0
2021,13,WR,15,13-24,Amari Cooper,12.3,6.099999904632568
2021,13,WR,17,13-24,DeVonta Smith,12.1,3.5
2021,13,WR,19,13-24,Michael Gallup,11.9,14.600000381469727
2021,13,WR,20,13-24,Chris Godwin Jr.,11.4,30.200000762939453
2021,13,WR,21,13-24,Elijah Moore,11.2,20.600000381469727
2021,13,WR,22,13-24,Mike Williams,11.2,16.0
2021,13,WR,23,13-24,DK Metcalf,11.2,11.0
2021,13,WR,25,25-40,Terry McLaurin,10.9,5.199999809265137
2021,13,WR,26,25-40,Ja'Marr Chase,10.9,10.199999809265137
2021,13,WR,27,25-40,Corey Davis,10.9,3.5
2021,13,WR,29,25-40,Stefon Diggs,10.3,9.100000381469727
2021,13,WR,31,25-40,Chase Claypool,10.2,7.400000095367432
2021,13,WR,33,25-40,Tee Higgins,9.9,28.799999237060547
2021,13,WR,34,25-40,Odell Beckham Jr.,9.8,10.800000190734863
2021,13,WR,35,25-40,Jaylen Waddle,9.2,18.0
2021,13,WR,36,25-40,Jamison Crowder,8.8,10.199999809265137
2021,13,WR,37,25-40,Brandon Aiyuk,8.6,8.5
2021,13,WR,38,25-40,Christian Kirk,8.6,1.399999976158142
2021,13,WR,39,25-40,Marquise Brown,8.5,10.5
2021,13,WR,40,25-40,DeVante Parker,8.2,11.199999809265137
2021,13,WR,41,41-55,Amon-Ra St. Brown,8.2,24.799999237060547
2021,13,WR,42,41-55,Courtland Sutton,8.2,3.5
2021,13,WR,43,41-55,Darnell Mooney,8.2,7.699999809265137
2021,13,WR,44,41-55,Russell Gage,8.1,22.0
2021,13,WR,46,41-55,Brandin Cooks,8.1,8.399999618530273
2021,13,WR,47,41-55,Van Jefferson,8.0,16.100000381469727
2021,13,WR,48,41-55,Tre'Quan Smith,7.7,3.5
2021,13,WR,50,41-55,T.Y. Hilton,7.6,4.199999809265137
2021,13,WR,51,41-55,Laviska Shenault Jr.,7.5,6.099999904632568
2021,13,WR,52,41-55,Tim Patrick,7.4,1.899999976158142
2021,13,WR,53,41-55,Josh Reynolds,7.3,10.899999618530273
2021,13,WR,54,41-55,Tyler Boyd,7.2,13.5
2021,13,WR,55,41-55,Cole Beasley,7.2,2.0999999046325684
2021,13,TE,2,1-3,Travis Kelce,12.1,5.699999809265137
2021,13,TE,3,1-3,Tyler Conklin,10.6,12.600000381469727
2021,13,TE,4,4-6,Dallas Goedert,9.8,28.5
2021,13,TE,5,4-6,Rob Gronkowski,9.8,21.799999237060547
2021,13,TE,6,4-6,T.J. Hockenson,9.6,14.899999618530273
2021,13,TE,7,7-12,George Kittle,9.4,39.599998474121094
2021,13,TE,8,7-12,Dalton Schultz,9.2,9.300000190734863
2021,13,TE,9,7-12,Zach Ertz,9.0,2.0
2021,13,TE,10,7-12,Mark Andrews,8.4,9.0
2021,13,TE,11,7-12,Jared Cook,8.3,5.900000095367432
2021,13,TE,12,7-12,Noah Fant,8.0,7.300000190734863
2021,13,TE,13,13-20,Logan Thomas,7.5,13.800000190734863
2021,13,TE,14,13-20,C.J. Uzomah,7.5,5.0
2021,13,TE,15,13-20,Jack Doyle,7.3,2.299999952316284
2021,13,TE,16,13-20,Kyle Pitts,7.2,8.800000190734863
2021,13,TE,17,13-20,Pat Freiermuth,7.1,7.599999904632568
2021,13,TE,18,13-20,Gerald Everett,7.0,0.699999988079071
2021,13,TE,20,13-20,Tyler Higbee,6.5,9.800000190734863
2021,14,QB,1,1-6,Kyler Murray,23.94,17.420000076293945
2021,14,QB,2,1-6,Patrick Mahomes,21.8,20.31999969482422
2021,14,QB,3,1-6,Justin Herbert,21.65,24.899999618530273
2021,14,QB,4,1-6,Aaron Rodgers,21.43,29.639999389648438
2021,14,QB,5,1-6,Josh Allen,21.14,35.220001220703125
2021,14,QB,6,1-6,Dak Prescott,21.14,9.9399995803833
2021,14,QB,7,7-12,Kirk Cousins,19.23,14.039999961853027
2021,14,QB,8,7-12,Teddy Bridgewater,18.56,15.15999984741211
2021,14,QB,9,7-12,Russell Wilson,18.56,21.200000762939453
2021,14,QB,10,7-12,Ben Roethlisberger,17.68,24.81999969482422
2021,14,QB,12,7-12,Matthew Stafford,16.72,23.479999542236328
2021,14,QB,13,13-24,Joe Burrow,16.72,22.219999313354492
2021,14,QB,14,13-24,Cam Newton,16.5,13.819999694824219
2021,14,QB,15,13-24,Jimmy Garoppolo,16.5,20.139999389648438
2021,14,QB,16,13-24,Tom Brady,16.43,30.1200008392334
2021,14,QB,17,13-24,Baker Mayfield,15.77,15.0
2021,14,QB,18,13-24,Lamar Jackson,15.55,1.1799999475479126
2021,14,QB,19,13-24,Derek Carr,15.47,10.520000457763672
2021,14,QB,20,13-24,Ryan Tannehill,15.0,16.540000915527344
2021,14,QB,21,13-24,Taylor Heinicke,14.3,7.679999828338623
2021,14,QB,22,13-24,Zach Wilson,13.9,11.380000114440918
2021,14,RB,1,1-6,Austin Ekeler,22.78,16.399999618530273
2021,14,RB,2,1-6,Alvin Kamara,22.51,24.5
2021,14,RB,3,1-6,Joe Mixon,21.11,8.800000190734863
2021,14,RB,5,1-6,Dalvin Cook,18.89,35.20000076293945
2021,14,RB,6,1-6,James Conner,17.77,33.5
2021,14,RB,7,7-12,Antonio Gibson,17.49,4.099999904632568
2021,14,RB,8,7-12,Leonard Fournette,16.47,23.200000762939453
2021,14,RB,11,7-12,Nick Chubb,15.17,9.5
2021,14,RB,12,7-12,Najee Harris,15.08,25.399999618530273
2021,14,RB,13,13-24,Jeff Wilson,14.9,5.599999904632568
2021,14,RB,14,13-24,Javonte Williams,14.62,21.299999237060547
2021,14,RB,15,13-24,Ezekiel Elliott,14.25,9.0
2021,14,RB,16,13-24,David Montgomery,14.15,14.100000381469727
2021,14,RB,17,13-24,Josh Jacobs,13.6,10.0
2021,14,RB,18,13-24,Melvin Gordon,13.6,23.100000381469727
2021,14,RB,19,13-24,Clyde Edwards-Helaire,13.2,19.200000762939453
2021,14,RB,21,13-24,Aaron Jones,12.8,21.5
2021,14,RB,23,13-24,Darrel Williams,12.3,12.899999618530273
2021,14,RB,24,13-24,James Robinson,12.0,0.4000000059604645
2021,14,RB,25,25-40,AJ Dillon,11.6,7.099999904632568
2021,14,RB,29,25-40,Kareem Hunt,10.4,3.799999952316284
2021,14,RB,31,25-40,Alex Collins,9.8,2.700000047683716
2021,14,RB,32,25-40,Saquon Barkley,9.7,18.5
2021,14,RB,33,25-40,Cordarrelle Patterson,9.4,13.899999618530273
2021,14,RB,34,25-40,Alexander Mattison,9.1,2.700000047683716
2021,14,RB,37,25-40,Devonta Freeman,8.3,12.199999809265137
2021,14,RB,38,25-40,Devontae Booker,8.3,12.399999618530273
2021,14,RB,39,25-40,Sony Michel,7.8,7.900000095367432
2021,14,RB,40,25-40,Carlos Hyde,6.7,1.7999999523162842
2021,14,WR,1,1-6,Justin Jefferson,23.3,20.5
2021,14,WR,4,1-6,Tyreek Hill,17.4,11.600000381469727
2021,14,WR,5,1-6,Stefon Diggs,17.1,14.399999618530273
2021,14,WR,6,1-6,Tyler Lockett,15.5,27.200000762939453
2021,14,WR,7,7-12,Diontae Johnson,15.2,15.300000190734863
2021,14,WR,8,7-12,Cooper Kupp,14.6,31.299999237060547
2021,14,WR,9,7-12,Davante Adams,14.2,34.099998474121094
2021,14,WR,10,7-12,Mike Williams,13.8,12.100000381469727
2021,14,WR,11,7-12,Tee Higgins,13.6,16.399999618530273
2021,14,WR,12,7-12,DK Metcalf,13.1,8.300000190734863
2021,14,WR,13,13-24,CeeDee Lamb,11.5,14.600000381469727
2021,14,WR,15,13-24,Ja'Marr Chase,11.4,25.299999237060547
2021,14,WR,16,13-24,Hunter Renfrow,11.3,28.700000762939453
2021,14,WR,17,13-24,DeAndre Hopkins,11.2,10.399999618530273
2021,14,WR,18,13-24,Sterling Shepard,11.2,4.699999809265137
2021,14,WR,20,13-24,Jerry Jeudy,10.9,9.699999809265137
2021,14,WR,21,13-24,Amari Cooper,10.8,16.100000381469727
2021,14,WR,22,13-24,Chris Godwin Jr.,10.6,20.5
2021,14,WR,23,13-24,Michael Gallup,10.6,11.0
2021,14,WR,24,13-24,Courtland Sutton,10.4,1.899999976158142
2021,14,WR,25,25-40,Cole Beasley,10.4,15.399999618530273
2021,14,WR,27,25-40,Emmanuel Sanders,9.8,3.5
2021,14,WR,28,25-40,Deebo Samuel Sr.,9.7,12.899999618530273
2021,14,WR,30,25-40,Chase Claypool,9.7,17.5
2021,14,WR,31,25-40,Jarvis Landry,9.5,15.100000381469727
2021,14,WR,32,25-40,Darnell Mooney,9.4,2.9000000953674316
2021,14,WR,34,25-40,Mike Evans,9.4,21.100000381469727
2021,14,WR,35,25-40,Jamison Crowder,9.4,4.900000095367432
2021,14,WR,36,25-40,Cedrick Wilson Jr.,9.2,3.799999952316284
2021,14,WR,38,25-40,Tim Patrick,8.8,4.099999904632568
2021,14,WR,40,25-40,Tyler Boyd,8.7,10.300000190734863
2021,14,WR,41,41-55,Marquise Brown,8.5,9.100000381469727
2021,14,WR,42,41-55,Julio Jones,8.3,7.300000190734863
2021,14,WR,43,41-55,Brandon Aiyuk,8.2,18.600000381469727
2021,14,WR,44,41-55,Odell Beckham Jr.,8.2,19.700000762939453
2021,14,WR,45,41-55,Russell Gage,7.9,10.399999618530273
2021,14,WR,46,41-55,Christian Kirk,7.8,11.600000381469727
2021,14,WR,47,41-55,DJ Moore,7.7,14.399999618530273
2021,14,WR,48,41-55,Terry McLaurin,7.6,0.0
2021,14,WR,50,41-55,Brandin Cooks,7.3,18.100000381469727
2021,14,WR,51,41-55,Allen Robinson,7.3,3.4000000953674316
2021,14,WR,52,41-55,Van Jefferson,7.1,14.800000190734863
2021,14,WR,53,41-55,Donovan Peoples-Jones,7.1,14.0
2021,14,WR,55,41-55,Byron Pringle,6.8,3.799999952316284
2021,14,TE,1,1-3,Travis Kelce,18.0,5.699999809265137
2021,14,TE,2,1-3,George Kittle,13.1,34.099998474121094
2021,14,TE,4,4-6,Dawson Knox,10.1,19.0
2021,14,TE,5,4-6,Noah Fant,10.0,9.100000381469727
2021,14,TE,6,4-6,Mark Andrews,9.5,28.5
2021,14,TE,7,7-12,Tyler Conklin,9.1,4.0
2021,14,TE,8,7-12,Rob Gronkowski,9.0,11.199999809265137
2021,14,TE,9,7-12,Gerald Everett,8.8,10.800000190734863
2021,14,TE,10,7-12,Dalton Schultz,8.6,1.399999976158142
2021,14,TE,11,7-12,Albert Okwuegbunam,8.2,15.100000381469727
2021,14,TE,12,7-12,Jared Cook,8.1,8.800000190734863
2021,14,TE,13,13-20,Zach Ertz,8.1,9.199999809265137
2021,14,TE,16,13-20,C.J. Uzomah,6.4,9.600000381469727
2021,14,TE,18,13-20,Pat Freiermuth,6.1,11.199999809265137
2021,14,TE,19,13-20,Austin Hooper,6.0,14.0
2021,15,QB,1,1-6,Kyler Murray,26.29,12.579999923706055
2021,15,QB,2,1-6,Aaron Rodgers,25.85,23.81999969482422
2021,15,QB,3,1-6,Tom Brady,24.23,4.760000228881836
2021,15,QB,4,1-6,Justin Herbert,23.27,23.040000915527344
2021,15,QB,5,1-6,Matthew Stafford,21.07,15.460000038146973
2021,15,QB,6,1-6,Josh Allen,20.04,20.799999237060547
2021,15,QB,7,7-12,Patrick Mahomes,19.74,29.600000381469727
2021,15,QB,8,7-12,Kirk Cousins,19.3,10.479999542236328
2021,15,QB,9,7-12,Dak Prescott,18.93,10.579999923706055
2021,15,QB,10,7-12,Mike Glennon,17.68,-2.0399999618530273
2021,15,QB,11,7-12,Tua Tagovailoa,17.39,13.739999771118164
2021,15,QB,12,7-12,Jimmy Garoppolo,17.31,13.800000190734863
2021,15,QB,13,13-24,Russell Wilson,17.02,4.239999771118164
2021,15,QB,14,13-24,Ben Roethlisberger,15.69,11.920000076293945
2021,15,QB,16,13-24,Teddy Bridgewater,14.8,4.920000076293945
2021,15,QB,17,13-24,Ryan Tannehill,14.6,9.920000076293945
2021,15,QB,18,13-24,Matt Ryan,13.9,13.4399995803833
2021,15,QB,19,13-24,Derek Carr,13.5,10.140000343322754
2021,15,QB,20,13-24,Joe Burrow,13.1,12.779999732971191
2021,15,QB,21,13-24,Zach Wilson,12.6,12.0
2021,15,QB,22,13-24,Carson Wentz,12.5,5.980000019073486
2021,15,QB,23,13-24,Mac Jones,12.4,17.15999984741211
2021,15,QB,24,13-24,Trevor Lawrence,12.2,10.5
2021,15,RB,1,1-6,James Conner,24.27,9.0
2021,15,RB,2,1-6,Austin Ekeler,21.67,18.200000762939453
2021,15,RB,4,1-6,Jonathan Taylor,20.74,23.0
2021,15,RB,5,1-6,Dalvin Cook,20.37,11.100000381469727
2021,15,RB,6,1-6,Leonard Fournette,19.81,13.699999809265137
2021,15,RB,7,7-12,Aaron Jones,18.42,15.0
2021,15,RB,8,7-12,Alvin Kamara,18.05,5.099999904632568
2021,15,RB,9,7-12,David Montgomery,17.12,11.300000190734863
2021,15,RB,10,7-12,Nick Chubb,16.84,16.299999237060547
2021,15,RB,12,7-12,Darrell Henderson,14.99,4.699999809265137
2021,15,RB,13,13-24,James Robinson,14.99,17.799999237060547
2021,15,RB,15,13-24,Joe Mixon,14.34,7.0
2021,15,RB,16,13-24,Jeff Wilson,14.34,19.899999618530273
2021,15,RB,17,13-24,Najee Harris,13.78,4.599999904632568
2021,15,RB,18,13-24,Ezekiel Elliott,13.69,16.200000762939453
2021,15,RB,19,13-24,Myles Gaskin,13.6,5.400000095367432
2021,15,RB,21,13-24,AJ Dillon,13.0,10.5
2021,15,RB,22,13-24,Javonte Williams,12.6,12.100000381469727
2021,15,RB,23,13-24,Melvin Gordon,12.4,7.099999904632568
2021,15,RB,24,13-24,Chase Edmonds,12.3,5.300000190734863
2021,15,RB,26,25-40,Clyde Edwards-Helaire,11.7,9.0
2021,15,RB,27,25-40,Josh Jacobs,11.4,12.399999618530273
2021,15,RB,28,25-40,Tony Pollard,11.2,11.699999809265137
2021,15,RB,29,25-40,Cordarrelle Patterson,11.0,4.300000190734863
2021,15,RB,30,25-40,Antonio Gibson,10.8,18.5
2021,15,RB,31,25-40,Miles Sanders,10.8,16.600000381469727
2021,15,RB,32,25-40,Jordan Howard,10.2,6.900000095367432
2021,15,RB,33,25-40,Saquon Barkley,10.1,9.399999618530273
2021,15,RB,34,25-40,Sony Michel,10.0,13.5
2021,15,RB,35,25-40,Darrel Williams,9.8,1.2000000476837158
2021,15,RB,37,25-40,Mark Ingram,9.1,3.799999952316284
2021,15,RB,39,25-40,Devonta Freeman,8.9,3.4000000953674316
2021,15,WR,1,1-6,Justin Jefferson,19.6,14.699999809265137
2021,15,WR,2,1-6,Cooper Kupp,19.1,34.70000076293945
2021,15,WR,3,1-6,Davante Adams,18.7,16.399999618530273
2021,15,WR,4,1-6,Keenan Allen,18.4,19.799999237060547
2021,15,WR,5,1-6,Chris Godwin Jr.,17.1,10.899999618530273
2021,15,WR,8,7-12,Tyreek Hill,14.7,32.79999923706055
2021,15,WR,10,7-12,Mike Evans,13.7,2.4000000953674316
2021,15,WR,11,7-12,Stefon Diggs,13.5,13.5
2021,15,WR,13,13-24,DeVonta Smith,13.2,7.0
2021,15,WR,14,13-24,Mike Williams,12.6,7.900000095367432
2021,15,WR,16,13-24,Diontae Johnson,11.9,9.800000190734863
2021,15,WR,17,13-24,Hunter Renfrow,11.8,6.199999809265137
2021,15,WR,18,13-24,Amari Cooper,11.6,2.799999952316284
2021,15,WR,19,13-24,CeeDee Lamb,11.6,11.0
2021,15,WR,20,13-24,DK Metcalf,11.3,11.199999809265137
2021,15,WR,21,13-24,Darnell Mooney,11.2,11.600000381469727
2021,15,WR,22,13-24,Odell Beckham Jr.,11.1,1.7000000476837158
2021,15,WR,24,13-24,DJ Moore,11.0,12.800000190734863
2021,15,WR,25,25-40,Michael Gallup,10.9,6.199999809265137
2021,15,WR,28,25-40,Russell Gage,10.3,23.100000381469727
2021,15,WR,30,25-40,Tee Higgins,9.5,4.300000190734863
2021,15,WR,32,25-40,Brandon Aiyuk,9.4,4.599999904632568
2021,15,WR,35,25-40,Brandin Cooks,9.1,29.200000762939453
2021,15,WR,36,25-40,Christian Kirk,9.1,24.399999618530273
2021,15,WR,37,25-40,Deebo Samuel Sr.,9.1,18.899999618530273
2021,15,WR,38,25-40,Ja'Marr Chase,9.0,1.2999999523162842
2021,15,WR,39,25-40,Cole Beasley,9.0,7.5
2021,15,WR,40,25-40,DeVante Parker,8.9,16.799999237060547
2021,15,WR,41,41-55,Van Jefferson,8.6,5.300000190734863
2021,15,WR,42,41-55,Sterling Shepard,8.5,3.5
2021,15,WR,44,41-55,Chase Claypool,8.3,1.899999976158142
2021,15,WR,47,41-55,Michael Pittman,8.0,1.7000000476837158
2021,15,WR,48,41-55,Quez Watkins,8.0,3.4000000953674316
2021,15,WR,50,41-55,Robbie Chosen,7.7,9.199999809265137
2021,15,WR,51,41-55,Antoine Wesley,7.7,4.900000095367432
2021,15,WR,52,41-55,Marquise Brown,7.7,14.300000190734863
2021,15,WR,53,41-55,Juwann Winfree,7.6,0.0
2021,15,WR,54,41-55,Jerry Jeudy,7.5,0.0
2021,15,WR,55,41-55,Allen Lazard,7.4,4.800000190734863
2021,15,TE,1,1-3,George Kittle,15.3,15.300000190734863
2021,15,TE,2,1-3,Dallas Goedert,14.8,20.5
2021,15,TE,3,1-3,Travis Kelce,13.9,41.099998474121094
2021,15,TE,4,4-6,Rob Gronkowski,11.6,4.900000095367432
2021,15,TE,6,4-6,Dawson Knox,9.8,7.800000190734863
2021,15,TE,7,7-12,Zach Ertz,9.5,13.399999618530273
2021,15,TE,8,7-12,Mark Andrews,8.9,35.599998474121094
2021,15,TE,10,7-12,Tyler Conklin,8.5,1.7000000476837158
2021,15,TE,11,7-12,Jared Cook,8.3,6.199999809265137
2021,15,TE,12,7-12,Gerald Everett,8.2,10.0
2021,15,TE,14,13-20,Mike Gesicki,8.0,9.300000190734863
2021,15,TE,15,13-20,Noah Fant,8.0,10.699999809265137
2021,15,TE,16,13-20,Albert Okwuegbunam,7.5,8.800000190734863
2021,15,TE,18,13-20,Dalton Schultz,7.4,20.700000762939453
2021,15,TE,20,13-20,Kyle Pitts,6.7,11.699999809265137
2021,16,QB,1,1-6,Justin Herbert,25.33,16.940000534057617
2021,16,QB,2,1-6,Matthew Stafford,23.05,6.679999828338623
2021,16,QB,3,1-6,Dak Prescott,21.14,31.299999237060547
2021,16,QB,4,1-6,Joe Burrow,20.26,38.099998474121094
2021,16,QB,5,1-6,Jalen Hurts,20.18,16.65999984741211
2021,16,QB,6,1-6,Patrick Mahomes,19.81,22.31999969482422
2021,16,QB,7,7-12,Aaron Rodgers,19.67,19.979999542236328
2021,16,QB,8,7-12,Kyler Murray,18.71,21.899999618530273
2021,16,QB,9,7-12,Tom Brady,17.97,14.380000114440918
2021,16,QB,10,7-12,Matt Ryan,17.83,13.100000381469727
2021,16,QB,11,7-12,Kirk Cousins,17.31,16.299999237060547
2021,16,QB,14,13-24,Cam Newton,17.02,4.639999866485596
2021,16,QB,15,13-24,Josh Allen,16.36,30.959999084472656
2021,16,QB,16,13-24,Tua Tagovailoa,15.84,10.020000457763672
2021,16,QB,17,13-24,Russell Wilson,15.77,16.540000915527344
2021,16,QB,18,13-24,Ryan Tannehill,15.77,14.5600004196167
2021,16,QB,19,13-24,Jimmy Garoppolo,15.55,13.180000305175781
2021,16,QB,20,13-24,Mike Glennon,15.55,6.820000171661377
2021,16,QB,22,13-24,Ben Roethlisberger,14.1,6.360000133514404
2021,16,QB,23,13-24,Davis Mills,13.4,18.059999465942383
2021,16,QB,24,13-24,Carson Wentz,13.4,17.399999618530273
2021,16,RB,3,1-6,Jonathan Taylor,19.81,10.800000190734863
2021,16,RB,5,1-6,Jeff Wilson,17.68,14.699999809265137
2021,16,RB,7,7-12,Joe Mixon,16.94,31.5
2021,16,RB,8,7-12,Darrell Henderson,16.38,1.7000000476837158
2021,16,RB,9,7-12,Alvin Kamara,16.29,7.900000095367432
2021,16,RB,10,7-12,Antonio Gibson,16.2,13.800000190734863
2021,16,RB,12,7-12,Aaron Jones,15.08,13.699999809265137
2021,16,RB,13,13-24,Javonte Williams,14.62,10.0
2021,16,RB,14,13-24,James Robinson,14.62,1.0
2021,16,RB,15,13-24,Ezekiel Elliott,14.06,17.200000762939453
2021,16,RB,17,13-24,Nick Chubb,13.97,27.399999618530273
2021,16,RB,18,13-24,Melvin Gordon,13.69,1.0
2021,16,RB,19,13-24,David Montgomery,13.4,23.600000381469727
2021,16,RB,20,13-24,Najee Harris,13.3,16.0
2021,16,RB,21,13-24,Cordarrelle Patterson,13.3,8.300000190734863
2021,16,RB,23,13-24,Miles Sanders,12.9,5.800000190734863
2021,16,RB,26,25-40,Sony Michel,12.2,20.5
2021,16,RB,27,25-40,Clyde Edwards-Helaire,11.9,10.100000381469727
2021,16,RB,28,25-40,Tony Pollard,11.7,7.0
2021,16,RB,29,25-40,Jordan Howard,11.0,7.599999904632568
2021,16,RB,30,25-40,Damien Harris,10.3,28.299999237060547
2021,16,RB,31,25-40,Josh Jacobs,10.3,11.399999618530273
2021,16,RB,32,25-40,AJ Dillon,10.2,8.600000381469727
2021,16,RB,33,25-40,Myles Gaskin,10.0,2.5999999046325684
2021,16,RB,35,25-40,Mike Davis,9.3,4.5
2021,16,RB,36,25-40,Mark Ingram,8.9,1.7000000476837158
2021,16,RB,37,25-40,Darrel Williams,8.9,11.5
2021,16,RB,38,25-40,Devonta Freeman,8.5,10.0
2021,16,RB,40,25-40,Devin Singletary,8.1,18.799999237060547
2021,16,WR,1,1-6,Cooper Kupp,23.0,21.299999237060547
2021,16,WR,2,1-6,Justin Jefferson,18.8,19.600000381469727
2021,16,WR,3,1-6,Keenan Allen,18.3,7.5
2021,16,WR,4,1-6,Tyreek Hill,16.3,3.9000000953674316
2021,16,WR,5,1-6,Adam Thielen,15.9,7.0
2021,16,WR,6,1-6,Tee Higgins,15.1,43.400001525878906
2021,16,WR,9,7-12,Ja'Marr Chase,14.0,19.5
2021,16,WR,10,7-12,CeeDee Lamb,13.5,10.399999618530273
2021,16,WR,11,7-12,Davante Adams,13.4,33.400001525878906
2021,16,WR,12,7-12,Tyler Lockett,13.1,6.0
2021,16,WR,13,13-24,Russell Gage,13.0,5.900000095367432
2021,16,WR,14,13-24,Tyler Boyd,12.6,17.5
2021,16,WR,15,13-24,A.J. Brown,12.6,31.5
2021,16,WR,18,13-24,Amari Cooper,11.5,21.5
2021,16,WR,19,13-24,Michael Gallup,11.2,7.300000190734863
2021,16,WR,20,13-24,Odell Beckham Jr.,11.1,13.699999809265137
2021,16,WR,21,13-24,Antonio Brown,11.1,20.100000381469727
2021,16,WR,24,13-24,Cedrick Wilson Jr.,10.8,3.0
2021,16,WR,25,25-40,Jaylen Waddle,10.7,25.200000762939453
2021,16,WR,26,25-40,Hunter Renfrow,10.5,13.0
2021,16,WR,28,25-40,Stefon Diggs,10.2,21.5
2021,16,WR,29,25-40,DeVonta Smith,10.0,19.0
2021,16,WR,30,25-40,DK Metcalf,9.8,12.100000381469727
2021,16,WR,31,25-40,Diontae Johnson,9.7,15.100000381469727
2021,16,WR,33,25-40,Marquise Brown,9.3,9.399999618530273
2021,16,WR,34,25-40,Van Jefferson,9.0,1.600000023841858
2021,16,WR,36,25-40,Jarvis Landry,8.7,9.5
2021,16,WR,38,25-40,Terry McLaurin,8.6,7.0
2021,16,WR,39,25-40,DJ Moore,8.6,10.5
2021,16,WR,40,25-40,Amon-Ra St. Brown,8.5,26.0
2021,16,WR,41,41-55,Tim Patrick,8.4,3.799999952316284
2021,16,WR,42,41-55,Christian Kirk,8.3,11.800000190734863
2021,16,WR,43,41-55,Deebo Samuel Sr.,8.2,28.100000381469727
2021,16,WR,44,41-55,Brandon Aiyuk,8.0,14.0
2021,16,WR,45,41-55,Jerry Jeudy,8.0,9.0
2021,16,WR,48,41-55,Courtland Sutton,7.7,7.300000190734863
2021,16,WR,50,41-55,Michael Pittman,7.1,16.5
2021,16,WR,51,41-55,Donovan Peoples-Jones,7.0,1.5
2021,16,WR,53,41-55,Josh Palmer,6.8,15.300000190734863
2021,16,TE,2,1-3,Dallas Goedert,14.1,4.800000190734863
2021,16,TE,3,1-3,Mark Andrews,14.0,26.5
2021,16,TE,4,4-6,George Kittle,12.7,4.099999904632568
2021,16,TE,5,4-6,Dalton Schultz,10.6,22.200000762939453
2021,16,TE,6,4-6,Kyle Pitts,9.5,16.200000762939453
2021,16,TE,7,7-12,Noah Fant,9.4,6.0
2021,16,TE,8,7-12,Jared Cook,9.4,9.399999618530273
2021,16,TE,9,7-12,C.J. Uzomah,9.3,8.600000381469727
2021,16,TE,10,7-12,Albert Okwuegbunam,8.8,0.0
2021,16,TE,12,7-12,Rob Gronkowski,7.9,3.299999952316284
2021,16,TE,13,13-20,Gerald Everett,7.8,16.799999237060547
2021,16,TE,14,13-20,Tyler Higbee,7.7,9.100000381469727
2021,16,TE,15,13-20,Zach Ertz,7.6,13.399999618530273
2021,16,TE,16,13-20,Tyler Conklin,7.4,8.399999618530273
2021,16,TE,18,13-20,Dawson Knox,6.5,9.100000381469727
2021,17,QB,1,1-6,Aaron Rodgers,24.82,20.31999969482422
2021,17,QB,2,1-6,Josh Allen,23.86,20.899999618530273
2021,17,QB,3,1-6,Jalen Hurts,23.72,12.960000038146973
2021,17,QB,4,1-6,Patrick Mahomes,23.27,20.860000610351562
2021,17,QB,5,1-6,Tom Brady,22.24,26.399999618530273
2021,17,QB,6,1-6,Matthew Stafford,22.02,14.260000228881836
2021,17,QB,7,7-12,Joe Burrow,20.11,34.84000015258789
2021,17,QB,8,7-12,Tyler Huntley,19.3,11.279999732971191
2021,17,QB,9,7-12,Kyler Murray,19.15,22.920000076293945
2021,17,QB,10,7-12,Russell Wilson,18.86,27.84000015258789
2021,17,QB,11,7-12,Dak Prescott,18.56,23.040000915527344
2021,17,QB,13,13-24,Carson Wentz,18.27,10.920000076293945
2021,17,QB,14,13-24,Justin Herbert,17.9,17.68000030517578
2021,17,QB,15,13-24,Cam Newton,16.94,0.5
2021,17,QB,16,13-24,Ryan Tannehill,14.7,13.5
2021,17,QB,17,13-24,Davis Mills,14.3,8.920000076293945
2021,17,QB,19,13-24,Zach Wilson,14.0,13.359999656677246
2021,17,QB,20,13-24,Derek Carr,13.0,10.199999809265137
2021,17,QB,21,13-24,Tua Tagovailoa,12.6,4.300000190734863
2021,17,QB,22,13-24,Mac Jones,12.4,22.280000686645508
2021,17,QB,23,13-24,Drew Lock,12.0,15.899999618530273
2021,17,QB,24,13-24,Ben Roethlisberger,11.7,6.820000171661377
2021,17,RB,1,1-6,Jonathan Taylor,28.72,18.399999618530273
2021,17,RB,2,1-6,Jeff Wilson,26.22,0.0
2021,17,RB,4,1-6,Elijah Mitchell,21.02,21.0
2021,17,RB,5,1-6,Joe Mixon,20.74,15.600000381469727
2021,17,RB,6,1-6,Aaron Jones,19.07,15.600000381469727
2021,17,RB,9,7-12,Nick Chubb,16.84,5.800000190734863
2021,17,RB,10,7-12,David Montgomery,16.01,20.100000381469727
2021,17,RB,12,7-12,Austin Ekeler,15.64,20.200000762939453
2021,17,RB,13,13-24,Dalvin Cook,15.64,4.300000190734863
2021,17,RB,15,13-24,Alvin Kamara,14.71,21.0
2021,17,RB,16,13-24,D'Andre Swift,14.52,5.900000095367432
2021,17,RB,17,13-24,AJ Dillon,13.0,22.299999237060547
2021,17,RB,18,13-24,Damien Harris,13.0,17.700000762939453
2021,17,RB,21,13-24,Sony Michel,12.3,18.899999618530273
2021,17,RB,22,13-24,Ezekiel Elliott,12.1,4.0
2021,17,RB,24,13-24,Javonte Williams,11.4,4.199999809265137
2021,17,RB,25,25-40,Josh Jacobs,11.1,18.0
2021,17,RB,26,25-40,Najee Harris,11.0,29.600000381469727
2021,17,RB,28,25-40,Chase Edmonds,11.0,13.199999809265137
2021,17,RB,29,25-40,Rashaad Penny,10.7,32.5
2021,17,RB,30,25-40,Jordan Howard,9.7,2.5999999046325684
2021,17,RB,31,25-40,Devin Singletary,9.5,23.0
2021,17,RB,32,25-40,Darrel Williams,9.5,25.700000762939453
2021,17,RB,33,25-40,Melvin Gordon,9.4,10.199999809265137
2021,17,RB,34,25-40,Tony Pollard,9.3,8.800000190734863
2021,17,RB,35,25-40,Devonta Freeman,9.2,8.699999809265137
2021,17,RB,36,25-40,Nyheim Hines,9.1,5.800000190734863
2021,17,RB,37,25-40,Rhamondre Stevenson,8.5,22.700000762939453
2021,17,RB,38,25-40,Saquon Barkley,8.5,10.199999809265137
2021,17,RB,40,25-40,Derrick Gore,8.4,5.5
2021,17,WR,1,1-6,Cooper Kupp,22.7,21.5
2021,17,WR,2,1-6,Davante Adams,20.5,30.600000381469727
2021,17,WR,3,1-6,Tyreek Hill,19.8,10.199999809265137
2021,17,WR,4,1-6,Tee Higgins,16.3,9.199999809265137
2021,17,WR,5,1-6,Stefon Diggs,15.3,10.199999809265137
2021,17,WR,6,1-6,Tyler Lockett,14.7,12.100000381469727
2021,17,WR,7,7-12,Justin Jefferson,14.5,11.800000190734863
2021,17,WR,8,7-12,Antonio Brown,14.0,5.599999904632568
2021,17,WR,9,7-12,DeVonta Smith,13.3,8.399999618530273
2021,17,WR,10,7-12,A.J. Brown,13.1,6.099999904632568
2021,17,WR,12,7-12,Odell Beckham Jr.,12.8,14.899999618530273
2021,17,WR,14,13-24,Ja'Marr Chase,12.6,55.599998474121094
2021,17,WR,15,13-24,Mike Evans,12.3,14.699999809265137
2021,17,WR,16,13-24,DK Metcalf,12.0,30.899999618530273
2021,17,WR,17,13-24,Brandin Cooks,11.9,19.600000381469727
2021,17,WR,18,13-24,Tyler Boyd,11.7,13.600000381469727
2021,17,WR,19,13-24,Deebo Samuel Sr.,11.5,17.200000762939453
2021,17,WR,21,13-24,Keenan Allen,10.8,14.399999618530273
2021,17,WR,22,13-24,Amon-Ra St. Brown,10.6,35.400001525878906
2021,17,WR,23,13-24,Amari Cooper,10.6,10.800000190734863
2021,17,WR,24,13-24,Michael Pittman,10.5,10.699999809265137
2021,17,WR,26,25-40,Marquise Brown,9.8,5.800000190734863
2021,17,WR,27,25-40,CeeDee Lamb,9.7,8.100000381469727
2021,17,WR,28,25-40,Brandon Aiyuk,9.7,13.399999618530273
2021,17,WR,30,25-40,Cole Beasley,9.6,6.199999809265137
2021,17,WR,31,25-40,Gabe Davis,9.4,7.0
2021,17,WR,32,25-40,Jarvis Landry,9.4,8.899999618530273
2021,17,WR,33,25-40,Jaylen Waddle,9.3,7.699999809265137
2021,17,WR,34,25-40,Marquez Valdes-Scantling,9.3,1.2999999523162842
2021,17,WR,35,25-40,Byron Pringle,9.2,6.5
2021,17,WR,36,25-40,Hunter Renfrow,9.2,20.600000381469727
2021,17,WR,37,25-40,Darnell Mooney,9.0,19.899999618530273
2021,17,WR,38,25-40,Christian Kirk,8.9,13.899999618530273
2021,17,WR,39,25-40,Michael Gallup,8.4,12.600000381469727
2021,17,WR,42,41-55,Van Jefferson,8.1,10.300000190734863
2021,17,WR,43,41-55,Allen Lazard,8.0,19.200000762939453
2021,17,WR,44,41-55,Quez Watkins,7.9,3.5
2021,17,WR,45,41-55,DJ Moore,7.9,5.900000095367432
2021,17,WR,47,41-55,Mike Williams,7.8,15.300000190734863
2021,17,WR,48,41-55,Diontae Johnson,7.7,17.100000381469727
2021,17,WR,50,41-55,DeVante Parker,7.5,8.600000381469727
2021,17,WR,51,41-55,Jakobi Meyers,7.5,21.299999237060547
2021,17,WR,52,41-55,T.Y. Hilton,7.1,11.5
2021,17,WR,53,41-55,Allen Robinson,7.0,7.5
2021,17,WR,54,41-55,Terry McLaurin,6.9,13.100000381469727
2021,17,TE,1,1-3,Travis Kelce,19.1,13.399999618530273
2021,17,TE,2,1-3,George Kittle,16.1,4.5
2021,17,TE,3,1-3,Mark Andrews,15.2,14.899999618530273
2021,17,TE,4,4-6,Dallas Goedert,14.6,13.100000381469727
2021,17,TE,5,4-6,Gerald Everett,11.2,6.599999904632568
2021,17,TE,7,7-12,Dawson Knox,9.7,0.0
2021,17,TE,8,7-12,Rob Gronkowski,9.5,18.5
2021,17,TE,10,7-12,Dalton Schultz,8.6,11.399999618530273
2021,17,TE,11,7-12,Tyler Higbee,8.4,12.899999618530273
2021,17,TE,12,7-12,C.J. Uzomah,7.9,7.199999809265137
2021,17,TE,13,13-20,Hunter Henry,7.2,6.699999809265137
2021,17,TE,16,13-20,Zach Ertz,6.9,11.100000381469727
2021,17,TE,17,13-20,Cole Kmet,6.7,5.5
2021,17,TE,18,13-20,Noah Fant,6.3,21.200000762939453
2022,4,QB,1,1-6,Jalen Hurts,26.14,15.960000038146973
2022,4,QB,2,1-6,Jacoby Brissett,19.81,14.960000038146973
2022,4,QB,3,1-6,Tua Tagovailoa,19.74,2.4000000953674316
2022,4,QB,4,1-6,Aaron Rodgers,18.78,16.139999389648438
2022,4,QB,5,1-6,Cooper Rush,18.64,17.6200008392334
2022,4,QB,6,1-6,Patrick Mahomes,18.2,23.360000610351562
2022,4,QB,7,7-12,Justin Herbert,17.97,21.100000381469727
2022,4,QB,8,7-12,Joe Burrow,17.97,20.079999923706055
2022,4,QB,9,7-12,Carson Wentz,17.46,7.300000190734863
2022,4,QB,10,7-12,Mitchell Trubisky,17.31,1.4600000381469727
2022,4,QB,11,7-12,Kyler Murray,17.16,22.8799991607666
2022,4,QB,12,7-12,Geno Smith,16.58,31.700000762939453
2022,4,QB,13,13-24,Marcus Mariota,16.5,3.859999895095825
2022,4,QB,14,13-24,Trevor Lawrence,16.28,5.659999847412109
2022,4,QB,17,13-24,Russell Wilson,15.47,27.479999542236328
2022,4,QB,18,13-24,Tom Brady,15.47,25.399999618530273
2022,4,QB,19,13-24,Derek Carr,14.6,11.520000457763672
2022,4,QB,20,13-24,Ryan Tannehill,14.4,14.380000114440918
2022,4,QB,21,13-24,Jared Goff,14.3,33.220001220703125
2022,4,QB,22,13-24,Daniel Jones,14.1,21.639999389648438
2022,4,QB,23,13-24,Matthew Stafford,13.7,6.760000228881836
2022,4,QB,24,13-24,Kirk Cousins,13.5,12.920000076293945
2022,4,RB,1,1-6,Nick Chubb,22.13,20.700000762939453
2022,4,RB,2,1-6,Aaron Jones,17.96,14.5
2022,4,RB,3,1-6,Jonathan Taylor,17.03,3.299999952316284
2022,4,RB,4,1-6,Kareem Hunt,16.84,8.800000190734863
2022,4,RB,5,1-6,Saquon Barkley,16.84,18.200000762939453
2022,4,RB,6,1-6,James Robinson,16.66,2.9000000953674316
2022,4,RB,7,7-12,Leonard Fournette,16.1,18.399999618530273
2022,4,RB,8,7-12,Najee Harris,15.73,7.400000095367432
2022,4,RB,9,7-12,Joe Mixon,15.73,17.399999618530273
2022,4,RB,10,7-12,Cordarrelle Patterson,15.64,9.800000190734863
2022,4,RB,11,7-12,Rashaad Penny,14.99,28.700000762939453
2022,4,RB,12,7-12,Antonio Gibson,14.25,9.300000190734863
2022,4,RB,13,13-24,Jeff Wilson,14.15,13.399999618530273
2022,4,RB,15,13-24,AJ Dillon,13.78,9.399999618530273
2022,4,RB,16,13-24,James Conner,13.69,10.699999809265137
2022,4,RB,17,13-24,Derrick Henry,13.6,23.700000762939453
2022,4,RB,18,13-24,Austin Ekeler,13.3,34.900001525878906
2022,4,RB,19,13-24,Tony Pollard,13.3,1.7999999523162842
2022,4,RB,20,13-24,Christian McCaffrey,13.1,25.799999237060547
2022,4,RB,22,13-24,Josh Jacobs,12.4,34.5
2022,4,RB,23,13-24,Ezekiel Elliott,12.1,10.100000381469727
2022,4,RB,24,13-24,Dalvin Cook,12.0,10.600000381469727
2022,4,RB,25,25-40,Breece Hall,11.8,15.800000190734863
2022,4,RB,26,25-40,Miles Sanders,11.8,29.600000381469727
2022,4,RB,28,25-40,Javonte Williams,11.6,3.700000047683716
2022,4,RB,29,25-40,J.D. McKissic,11.4,8.600000381469727
2022,4,RB,30,25-40,Darrell Henderson,11.2,6.900000095367432
2022,4,RB,31,25-40,Jamaal Williams,10.7,23.899999618530273
2022,4,RB,32,25-40,Rhamondre Stevenson,10.2,12.899999618530273
2022,4,RB,33,25-40,Travis Etienne,9.9,3.200000047683716
2022,4,RB,34,25-40,Damien Harris,9.8,15.399999618530273
2022,4,RB,35,25-40,D'Onta Foreman,9.5,0.20000000298023224
2022,4,RB,36,25-40,Clyde Edwards-Helaire,9.3,22.399999618530273
2022,4,RB,37,25-40,Devin Singletary,9.3,11.600000381469727
2022,4,RB,38,25-40,Chase Edmonds,9.2,10.0
2022,4,RB,39,25-40,Dameon Pierce,9.0,25.899999618530273
2022,4,RB,40,25-40,Raheem Mostert,8.7,10.100000381469727
2022,4,WR,1,1-6,Cooper Kupp,21.5,26.200000762939453
2022,4,WR,2,1-6,Tyreek Hill,21.2,25.899999618530273
2022,4,WR,3,1-6,Stefon Diggs,19.6,10.199999809265137
2022,4,WR,4,1-6,Jaylen Waddle,19.5,5.900000095367432
2022,4,WR,5,1-6,Christian Kirk,18.6,8.300000190734863
2022,4,WR,6,1-6,Diontae Johnson,18.0,4.199999809265137
2022,4,WR,7,7-12,Ja'Marr Chase,17.5,12.100000381469727
2022,4,WR,9,7-12,A.J. Brown,16.7,14.5
2022,4,WR,10,7-12,Amari Cooper,16.6,1.899999976158142
2022,4,WR,11,7-12,Michael Pittman,15.5,6.099999904632568
2022,4,WR,12,7-12,Marquise Brown,15.3,20.799999237060547
2022,4,WR,13,13-24,Tyler Lockett,15.1,15.100000381469727
2022,4,WR,14,13-24,Courtland Sutton,15.0,16.200000762939453
2022,4,WR,15,13-24,DJ Moore,14.5,12.100000381469727
2022,4,WR,16,13-24,Chris Olave,14.1,16.700000762939453
2022,4,WR,17,13-24,DK Metcalf,13.6,21.899999618530273
2022,4,WR,18,13-24,Justin Jefferson,13.6,31.0
2022,4,WR,19,13-24,Terry McLaurin,13.6,3.5
2022,4,WR,20,13-24,Mike Williams,13.5,19.0
2022,4,WR,21,13-24,Davante Adams,13.3,19.5
2022,4,WR,22,13-24,DeVonta Smith,13.2,4.699999809265137
2022,4,WR,24,13-24,CeeDee Lamb,12.6,21.700000762939453
2022,4,WR,25,25-40,Romeo Doubs,12.5,13.699999809265137
2022,4,WR,26,25-40,Allen Lazard,12.5,17.600000381469727
2022,4,WR,27,25-40,Gabe Davis,12.2,2.299999952316284
2022,4,WR,28,25-40,Tee Higgins,12.1,25.399999618530273
2022,4,WR,29,25-40,Elijah Moore,12.1,8.5
2022,4,WR,30,25-40,Mike Evans,11.8,30.299999237060547
2022,4,WR,31,25-40,Curtis Samuel,11.8,7.800000190734863
2022,4,WR,32,25-40,Jahan Dotson,11.6,13.300000190734863
2022,4,WR,33,25-40,Jarvis Landry,11.5,4.699999809265137
2022,4,WR,34,25-40,Garrett Wilson,11.5,6.099999904632568
2022,4,WR,35,25-40,Tyler Boyd,11.1,7.619999885559082
2022,4,WR,36,25-40,Corey Davis,10.8,18.399999618530273
2022,4,WR,37,25-40,Russell Gage,10.7,4.400000095367432
2022,4,WR,38,25-40,Adam Thielen,10.7,15.199999809265137
2022,4,WR,39,25-40,Marvin Jones,10.4,0.0
2022,4,WR,40,25-40,Josh Palmer,10.2,3.5
2022,4,WR,41,41-55,Brandin Cooks,9.9,18.700000762939453
2022,4,WR,43,41-55,Josh Reynolds,9.8,21.100000381469727
2022,4,WR,45,41-55,Drake London,9.0,3.700000047683716
2022,4,WR,46,41-55,Deebo Samuel Sr.,8.8,23.700000762939453
2022,4,WR,48,41-55,George Pickens,8.8,16.200000762939453
2022,4,WR,49,41-55,Rashod Bateman,8.8,4.699999809265137
2022,4,WR,50,41-55,Isaiah McKenzie,8.6,12.100000381469727
2022,4,WR,51,41-55,Randall Cobb,8.4,7.199999809265137
2022,4,WR,52,41-55,Jerry Jeudy,8.2,15.300000190734863
2022,4,WR,53,41-55,Noah Brown,8.2,9.100000381469727
2022,4,WR,54,41-55,Robbie Chosen,8.1,5.599999904632568
2022,4,WR,55,41-55,JuJu Smith-Schuster,7.9,9.600000381469727
2022,4,TE,1,1-3,Mark Andrews,16.4,3.5
2022,4,TE,2,1-3,Travis Kelce,14.2,24.200000762939453
2022,4,TE,3,1-3,Pat Freiermuth,13.7,15.5
2022,4,TE,4,4-6,David Njoku,11.1,9.699999809265137
2022,4,TE,5,4-6,Dallas Goedert,10.2,12.199999809265137
2022,4,TE,6,4-6,Hayden Hurst,9.5,11.699999809265137
2022,4,TE,7,7-12,Zach Ertz,9.4,16.700000762939453
2022,4,TE,8,7-12,Tyler Conklin,9.3,8.199999809265137
2022,4,TE,9,7-12,Tyler Higbee,9.2,17.299999237060547
2022,4,TE,10,7-12,Dalton Schultz,9.0,0.0
2022,4,TE,11,7-12,Gerald Everett,8.8,17.100000381469727
2022,4,TE,12,7-12,George Kittle,8.3,4.400000095367432
2022,4,TE,13,13-20,Dawson Knox,8.1,7.0
2022,4,TE,14,13-20,Evan Engram,8.0,2.5999999046325684
2022,4,TE,15,13-20,Robert Tonyan,7.3,10.199999809265137
2022,4,TE,16,13-20,Logan Thomas,7.1,6.900000095367432
2022,4,TE,17,13-20,Will Dissly,6.8,13.899999618530273
2022,4,TE,18,13-20,Mike Gesicki,6.7,4.300000190734863
2022,4,TE,19,13-20,Noah Fant,6.6,7.199999809265137
2022,4,TE,20,13-20,Darren Waller,6.5,5.400000095367432
2022,5,QB,1,1-6,Tom Brady,21.88,19.739999771118164
2022,5,QB,2,1-6,Patrick Mahomes,21.14,30.479999542236328
2022,5,QB,3,1-6,Kyler Murray,20.99,16.200000762939453
2022,5,QB,5,1-6,Ryan Tannehill,19.3,11.539999961853027
2022,5,QB,6,1-6,Jalen Hurts,19.15,27.65999984741211
2022,5,QB,7,7-12,Jared Goff,18.27,5.860000133514404
2022,5,QB,8,7-12,Joe Burrow,17.97,17.280000686645508
2022,5,QB,9,7-12,Justin Herbert,16.94,14.420000076293945
2022,5,QB,11,7-12,Matthew Stafford,16.13,10.319999694824219
2022,5,QB,12,7-12,Aaron Rodgers,15.99,16.8799991607666
2022,5,QB,13,13-24,Kirk Cousins,15.4,22.239999771118164
2022,5,QB,14,13-24,Russell Wilson,15.2,9.15999984741211
2022,5,QB,15,13-24,Marcus Mariota,14.5,17.979999542236328
2022,5,QB,16,13-24,Jacoby Brissett,14.3,14.399999618530273
2022,5,QB,17,13-24,Derek Carr,14.3,17.940000534057617
2022,5,QB,19,13-24,Carson Wentz,13.6,21.860000610351562
2022,5,QB,20,13-24,Davis Mills,13.6,5.800000190734863
2022,5,QB,21,13-24,Daniel Jones,13.5,12.380000114440918
2022,5,QB,22,13-24,Trevor Lawrence,13.4,10.34000015258789
2022,5,QB,23,13-24,Geno Smith,13.1,24.020000457763672
2022,5,QB,24,13-24,Jimmy Garoppolo,12.7,18.020000457763672
2022,5,RB,1,1-6,Leonard Fournette,20.56,35.900001525878906
2022,5,RB,2,1-6,Derrick Henry,18.52,27.200000762939453
2022,5,RB,3,1-6,Rhamondre Stevenson,18.05,19.5
2022,5,RB,4,1-6,Damien Harris,17.87,2.200000047683716
2022,5,RB,5,1-6,James Conner,17.22,7.300000190734863
2022,5,RB,6,1-6,Nick Chubb,17.03,25.399999618530273
2022,5,RB,8,7-12,Jeff Wilson,15.73,20.200000762939453
2022,5,RB,9,7-12,Josh Jacobs,15.73,30.299999237060547
2022,5,RB,11,7-12,Aaron Jones,15.27,10.0
2022,5,RB,12,7-12,Jamaal Williams,15.17,5.599999904632568
2022,5,RB,13,13-24,Saquon Barkley,14.71,19.600000381469727
2022,5,RB,14,13-24,Joe Mixon,14.52,11.800000190734863
2022,5,RB,15,13-24,Austin Ekeler,14.25,35.900001525878906
2022,5,RB,16,13-24,Dameon Pierce,14.25,20.299999237060547
2022,5,RB,17,13-24,Clyde Edwards-Helaire,14.15,6.5
2022,5,RB,18,13-24,Dalvin Cook,14.15,26.100000381469727
2022,5,RB,19,13-24,Christian McCaffrey,14.06,23.399999618530273
2022,5,RB,20,13-24,James Robinson,13.6,5.900000095367432
2022,5,RB,21,13-24,David Montgomery,12.9,18.200000762939453
2022,5,RB,23,13-24,Breece Hall,12.3,27.700000762939453
2022,5,RB,24,13-24,Miles Sanders,12.1,8.399999618530273
2022,5,RB,25,25-40,Alvin Kamara,11.9,23.399999618530273
2022,5,RB,26,25-40,Kareem Hunt,11.8,14.699999809265137
2022,5,RB,27,25-40,Najee Harris,11.5,6.599999904632568
2022,5,RB,28,25-40,Cam Akers,11.4,3.299999952316284
2022,5,RB,29,25-40,AJ Dillon,11.3,3.4000000953674316
2022,5,RB,30,25-40,Devin Singletary,11.2,5.599999904632568
2022,5,RB,31,25-40,Rashaad Penny,10.5,5.400000095367432
2022,5,RB,32,25-40,Antonio Gibson,10.1,6.900000095367432
2022,5,RB,33,25-40,Raheem Mostert,9.9,19.200000762939453
2022,5,RB,34,25-40,J.K. Dobbins,9.8,4.400000095367432
2022,5,RB,35,25-40,Rex Burkhead,9.4,4.800000190734863
2022,5,RB,36,25-40,Darrell Henderson,9.3,7.0
2022,5,RB,37,25-40,D'Onta Foreman,8.7,0.20000000298023224
2022,5,RB,38,25-40,J.D. McKissic,8.7,8.699999809265137
2022,5,RB,39,25-40,Ezekiel Elliott,8.7,7.800000190734863
2022,5,RB,40,25-40,Travis Etienne,8.0,14.399999618530273
2022,5,WR,1,1-6,Cooper Kupp,29.1,25.899999618530273
2022,5,WR,2,1-6,Tyreek Hill,22.2,13.0
2022,5,WR,3,1-6,Mike Evans,19.5,12.100000381469727
2022,5,WR,4,1-6,Amon-Ra St. Brown,18.3,5.800000190734863
2022,5,WR,5,1-6,Stefon Diggs,18.2,24.200000762939453
2022,5,WR,6,1-6,Jaylen Waddle,16.7,5.300000190734863
2022,5,WR,7,7-12,DJ Moore,14.9,10.699999809265137
2022,5,WR,8,7-12,Marquise Brown,14.6,21.799999237060547
2022,5,WR,9,7-12,Brandin Cooks,14.5,6.0
2022,5,WR,10,7-12,Ja'Marr Chase,14.3,12.0
2022,5,WR,11,7-12,Justin Jefferson,14.0,30.31999969482422
2022,5,WR,12,7-12,Mike Williams,13.8,23.399999618530273
2022,5,WR,13,13-24,Davante Adams,13.6,27.399999618530273
2022,5,WR,14,13-24,A.J. Brown,13.0,6.199999809265137
2022,5,WR,15,13-24,Christian Kirk,12.6,2.0999999046325684
2022,5,WR,16,13-24,Josh Reynolds,12.5,15.199999809265137
2022,5,WR,18,13-24,Russell Gage,12.2,6.0
2022,5,WR,19,13-24,Courtland Sutton,12.1,12.399999618530273
2022,5,WR,20,13-24,Allen Lazard,12.0,13.5
2022,5,WR,21,13-24,Jakobi Meyers,11.9,24.100000381469727
2022,5,WR,22,13-24,DK Metcalf,11.3,17.799999237060547
2022,5,WR,23,13-24,Romeo Doubs,11.3,5.900000095367432
2022,5,WR,24,13-24,Diontae Johnson,11.2,11.0
2022,5,WR,25,25-40,Robert Woods,11.2,7.699999809265137
2022,5,WR,26,25-40,Adam Thielen,11.0,6.699999809265137
2022,5,WR,27,25-40,Tyler Lockett,11.0,27.399999618530273
2022,5,WR,28,25-40,Michael Pittman,10.5,10.899999618530273
2022,5,WR,29,25-40,Chris Olave,10.4,15.399999618530273
2022,5,WR,30,25-40,Deebo Samuel Sr.,10.2,11.199999809265137
2022,5,WR,31,25-40,Terry McLaurin,10.0,12.600000381469727
2022,5,WR,32,25-40,Gabe Davis,9.9,32.099998474121094
2022,5,WR,33,25-40,Corey Davis,9.9,5.800000190734863
2022,5,WR,34,25-40,Elijah Moore,9.7,2.0999999046325684
2022,5,WR,36,25-40,CeeDee Lamb,9.4,10.300000190734863
2022,5,WR,39,25-40,Zay Jones,9.4,4.199999809265137
2022,5,WR,40,25-40,DeVonta Smith,9.3,18.700000762939453
2022,5,WR,41,41-55,JuJu Smith-Schuster,9.1,6.300000190734863
2022,5,WR,42,41-55,Curtis Samuel,9.1,12.199999809265137
2022,5,WR,43,41-55,Amari Cooper,9.0,20.600000381469727
2022,5,WR,44,41-55,Tyler Boyd,9.0,6.199999809265137
2022,5,WR,45,41-55,Garrett Wilson,9.0,5.699999809265137
2022,5,WR,46,41-55,Hunter Renfrow,8.9,6.5
2022,5,WR,48,41-55,Marquez Valdes-Scantling,8.8,15.0
2022,5,WR,50,41-55,Nico Collins,8.4,10.5
2022,5,WR,51,41-55,Allen Robinson,8.4,4.199999809265137
2022,5,WR,52,41-55,Nelson Agholor,8.3,0.0
2022,5,WR,53,41-55,Josh Palmer,8.3,5.400000095367432
2022,5,WR,54,41-55,Jerry Jeudy,8.2,8.300000190734863
2022,5,TE,1,1-3,Travis Kelce,18.9,33.5
2022,5,TE,2,1-3,Mark Andrews,16.8,22.899999618530273
2022,5,TE,3,1-3,Tyler Higbee,15.4,11.600000381469727
2022,5,TE,4,4-6,Zach Ertz,11.5,10.800000190734863
2022,5,TE,5,4-6,T.J. Hockenson,9.9,1.600000023841858
2022,5,TE,6,4-6,Pat Freiermuth,8.8,3.200000047683716
2022,5,TE,7,7-12,Gerald Everett,8.8,1.2000000476837158
2022,5,TE,8,7-12,Tyler Conklin,8.5,0.0
2022,5,TE,9,7-12,David Njoku,8.5,14.800000190734863
2022,5,TE,10,7-12,Dallas Goedert,8.2,17.5
2022,5,TE,11,7-12,Hayden Hurst,8.0,17.299999237060547
2022,5,TE,12,7-12,George Kittle,7.9,7.699999809265137
2022,5,TE,16,13-20,Robert Tonyan,6.4,6.300000190734863
2022,5,TE,18,13-20,Mike Gesicki,5.9,4.0
2022,5,TE,19,13-20,Geoff Swaim,5.8,1.5
2022,5,TE,20,13-20,Hunter Henry,5.8,9.399999618530273
2022,6,QB,1,1-6,Aaron Rodgers,20.4,11.84000015258789
2022,6,QB,2,1-6,Tom Brady,20.33,13.720000267028809
2022,6,QB,3,1-6,Kyler Murray,20.18,14.880000114440918
2022,6,QB,4,1-6,Patrick Mahomes,20.18,19.6200008392334
2022,6,QB,5,1-6,Kirk Cousins,19.3,16.5
2022,6,QB,6,1-6,Jalen Hurts,19.08,16.899999618530273
2022,6,QB,7,7-12,Jimmy Garoppolo,17.39,16.940000534057617
2022,6,QB,8,7-12,Jacoby Brissett,16.72,8.640000343322754
2022,6,QB,9,7-12,Geno Smith,16.5,12.680000305175781
2022,6,QB,10,7-12,Justin Herbert,16.13,8.420000076293945
2022,6,QB,11,7-12,Joe Burrow,15.99,32.5
2022,6,QB,12,7-12,Carson Wentz,15.91,4.159999847412109
2022,6,QB,13,13-24,Daniel Jones,15.62,13.520000457763672
2022,6,QB,14,13-24,Justin Fields,15.0,18.399999618530273
2022,6,QB,15,13-24,Matt Ryan,14.9,27.15999984741211
2022,6,QB,16,13-24,Matthew Stafford,13.8,11.819999694824219
2022,6,QB,17,13-24,Cooper Rush,13.7,5.239999771118164
2022,6,QB,18,13-24,Russell Wilson,13.4,13.819999694824219
2022,6,QB,19,13-24,Marcus Mariota,13.3,24.15999984741211
2022,6,QB,20,13-24,Andy Dalton,13.1,10.479999542236328
2022,6,QB,21,13-24,Kenny Pickett,12.2,8.279999732971191
2022,6,QB,22,13-24,Trevor Lawrence,12.0,24.899999618530273
2022,6,QB,23,13-24,Skylar Thompson,10.6,4.460000038146973
2022,6,QB,24,13-24,Bailey Zappe,10.5,18.360000610351562
2022,6,RB,1,1-6,Leonard Fournette,21.95,22.100000381469727
2022,6,RB,2,1-6,Nick Chubb,20.93,8.0
2022,6,RB,4,1-6,Dalvin Cook,19.63,15.300000190734863
2022,6,RB,5,1-6,Aaron Jones,19.26,7.400000095367432
2022,6,RB,6,1-6,Christian McCaffrey,17.03,22.799999237060547
2022,6,RB,8,7-12,Saquon Barkley,16.57,18.5
2022,6,RB,9,7-12,Austin Ekeler,16.57,24.299999237060547
2022,6,RB,10,7-12,Alvin Kamara,16.01,18.399999618530273
2022,6,RB,11,7-12,Kareem Hunt,15.45,1.2000000476837158
2022,6,RB,12,7-12,Joe Mixon,13.88,16.799999237060547
2022,6,RB,13,13-24,AJ Dillon,13.4,9.199999809265137
2022,6,RB,14,13-24,David Montgomery,13.3,9.0
2022,6,RB,15,13-24,Clyde Edwards-Helaire,13.2,3.299999952316284
2022,6,RB,16,13-24,Rhamondre Stevenson,12.4,25.100000381469727
2022,6,RB,17,13-24,Ezekiel Elliott,11.8,15.600000381469727
2022,6,RB,19,13-24,Miles Sanders,11.6,14.199999809265137
2022,6,RB,21,13-24,Jeff Wilson,11.3,0.5
2022,6,RB,22,13-24,Tony Pollard,11.3,7.199999809265137
2022,6,RB,23,13-24,Alexander Mattison,11.0,0.30000001192092896
2022,6,RB,24,13-24,Breece Hall,10.3,20.100000381469727
2022,6,RB,25,25-40,Antonio Gibson,9.7,8.300000190734863
2022,6,RB,26,25-40,Najee Harris,9.6,12.899999618530273
2022,6,RB,27,25-40,Melvin Gordon,9.1,0.800000011920929
2022,6,RB,29,25-40,Devin Singletary,9.0,14.699999809265137
2022,6,RB,31,25-40,James Robinson,8.6,6.5
2022,6,RB,32,25-40,J.D. McKissic,8.4,2.0
2022,6,RB,34,25-40,Latavius Murray,8.1,7.400000095367432
2022,6,RB,35,25-40,Raheem Mostert,7.7,5.800000190734863
2022,6,RB,36,25-40,D'Onta Foreman,7.6,1.899999976158142
2022,6,RB,37,25-40,J.K. Dobbins,7.6,1.5
2022,6,RB,38,25-40,Phillip Lindsay,7.2,6.199999809265137
2022,6,RB,39,25-40,Deon Jackson,7.1,28.100000381469727
2022,6,RB,40,25-40,Darrell Henderson,6.9,13.199999809265137
2022,6,WR,1,1-6,Justin Jefferson,22.1,16.700000762939453
2022,6,WR,2,1-6,Cooper Kupp,22.1,16.700000762939453
2022,6,WR,3,1-6,Mike Evans,18.3,8.199999809265137
2022,6,WR,4,1-6,Stefon Diggs,18.1,30.799999237060547
2022,6,WR,5,1-6,Tyreek Hill,16.0,29.700000762939453
2022,6,WR,6,1-6,Michael Pittman,15.4,26.399999618530273
2022,6,WR,7,7-12,Marquise Brown,15.1,11.800000190734863
2022,6,WR,8,7-12,Mike Williams,14.5,3.700000047683716
2022,6,WR,9,7-12,Allen Lazard,14.4,17.600000381469727
2022,6,WR,10,7-12,Adam Thielen,14.2,15.600000381469727
2022,6,WR,11,7-12,Amari Cooper,14.1,14.399999618530273
2022,6,WR,12,7-12,Deebo Samuel Sr.,13.6,16.0
2022,6,WR,13,13-24,Ja'Marr Chase,13.6,32.20000076293945
2022,6,WR,14,13-24,Gabe Davis,13.2,16.399999618530273
2022,6,WR,15,13-24,Diontae Johnson,13.1,8.600000381469727
2022,6,WR,16,13-24,DJ Moore,13.0,3.700000047683716
2022,6,WR,17,13-24,Tyler Lockett,12.9,3.700000047683716
2022,6,WR,18,13-24,DK Metcalf,12.3,5.400000095367432
2022,6,WR,19,13-24,Tee Higgins,12.3,10.699999809265137
2022,6,WR,20,13-24,Romeo Doubs,12.0,6.099999904632568
2022,6,WR,21,13-24,Jaylen Waddle,11.7,16.899999618530273
2022,6,WR,23,13-24,Courtland Sutton,11.3,3.4000000953674316
2022,6,WR,24,13-24,A.J. Brown,11.1,17.700000762939453
2022,6,WR,25,25-40,Russell Gage,10.5,4.0
2022,6,WR,26,25-40,Brandon Aiyuk,10.4,28.299999237060547
2022,6,WR,27,25-40,Christian Kirk,10.3,10.800000190734863
2022,6,WR,28,25-40,Alec Pierce,10.0,13.899999618530273
2022,6,WR,29,25-40,Randall Cobb,9.9,1.7999999523162842
2022,6,WR,30,25-40,George Pickens,9.8,5.800000190734863
2022,6,WR,31,25-40,CeeDee Lamb,9.7,12.699999809265137
2022,6,WR,32,25-40,DeVonta Smith,9.7,15.399999618530273
2022,6,WR,33,25-40,Marquez Valdes-Scantling,9.4,0.0
2022,6,WR,34,25-40,K.J. Osborn,9.2,4.800000190734863
2022,6,WR,35,25-40,Terry McLaurin,9.2,8.199999809265137
2022,6,WR,37,25-40,Jakobi Meyers,8.8,10.0
2022,6,WR,38,25-40,Rondale Moore,8.6,10.899999618530273
2022,6,WR,39,25-40,Tyler Boyd,8.5,12.600000381469727
2022,6,WR,40,25-40,Breshad Perriman,8.4,0.0
2022,6,WR,42,41-55,Isaiah McKenzie,8.3,2.9000000953674316
2022,6,WR,43,41-55,Curtis Samuel,8.3,2.5999999046325684
2022,6,WR,44,41-55,JuJu Smith-Schuster,8.2,22.299999237060547
2022,6,WR,46,41-55,Jerry Jeudy,7.6,8.399999618530273
2022,6,WR,47,41-55,Donovan Peoples-Jones,7.6,11.600000381469727
2022,6,WR,48,41-55,Zay Jones,7.6,9.199999809265137
2022,6,WR,50,41-55,Josh Palmer,7.5,14.699999809265137
2022,6,WR,52,41-55,Chase Claypool,7.3,23.399999618530273
2022,6,WR,53,41-55,Devin Duvernay,7.2,2.4000000953674316
2022,6,WR,54,41-55,Darnell Mooney,7.1,13.800000190734863
2022,6,WR,55,41-55,Corey Davis,7.0,7.199999809265137
2022,6,TE,1,1-3,Travis Kelce,16.3,19.200000762939453
2022,6,TE,2,1-3,Mark Andrews,14.7,23.600000381469727
2022,6,TE,4,4-6,Zach Ertz,11.8,14.0
2022,6,TE,5,4-6,Tyler Higbee,11.8,1.7000000476837158
2022,6,TE,6,4-6,George Kittle,10.9,16.299999237060547
2022,6,TE,7,7-12,David Njoku,10.3,8.800000190734863
2022,6,TE,9,7-12,Dallas Goedert,9.2,4.199999809265137
2022,6,TE,10,7-12,Robert Tonyan,8.5,19.0
2022,6,TE,12,7-12,Hayden Hurst,7.2,5.099999904632568
2022,6,TE,13,13-20,Dawson Knox,6.9,12.699999809265137
2022,6,TE,14,13-20,Irv Smith,6.9,10.699999809265137
2022,6,TE,15,13-20,Cameron Brate,6.6,3.4000000953674316
2022,6,TE,16,13-20,Gerald Everett,6.2,7.900000095367432
2022,6,TE,18,13-20,Cade Otton,6.0,4.300000190734863
2022,6,TE,19,13-20,Evan Engram,6.0,9.0
2022,7,QB,1,1-6,Joe Burrow,22.76,39.2400016784668
2022,7,QB,2,1-6,Lamar Jackson,21.07,10.699999809265137
2022,7,QB,3,1-6,Aaron Rodgers,19.45,15.760000228881836
2022,7,QB,4,1-6,Justin Herbert,18.86,18.1200008392334
2022,7,QB,5,1-6,Marcus Mariota,18.34,12.0600004196167
2022,7,QB,6,1-6,Kyler Murray,17.9,17.15999984741211
2022,7,QB,7,7-12,Patrick Mahomes,17.68,26.920000076293945
2022,7,QB,8,7-12,Daniel Jones,17.24,28.780000686645508
2022,7,QB,11,7-12,Tom Brady,15.99,11.699999809265137
2022,7,QB,12,7-12,Derek Carr,15.84,13.539999961853027
2022,7,QB,13,13-24,Jacoby Brissett,15.77,10.119999885559082
2022,7,QB,14,13-24,Kenny Pickett,15.47,10.279999732971191
2022,7,QB,15,13-24,Bailey Zappe,15.4,5.300000190734863
2022,7,QB,16,13-24,Geno Smith,15.3,13.100000381469727
2022,7,QB,17,13-24,Jared Goff,15.2,1.5199999809265137
2022,7,QB,18,13-24,Trevor Lawrence,14.5,18.700000762939453
2022,7,QB,19,13-24,Jimmy Garoppolo,14.4,16.31999969482422
2022,7,QB,20,13-24,Ryan Tannehill,13.6,3.880000114440918
2022,7,QB,21,13-24,Matt Ryan,13.3,9.920000076293945
2022,7,QB,23,13-24,Justin Fields,12.1,23.360000610351562
2022,7,RB,1,1-6,Austin Ekeler,20.84,36.70000076293945
2022,7,RB,2,1-6,Josh Jacobs,20.84,36.5
2022,7,RB,3,1-6,Saquon Barkley,20.74,17.5
2022,7,RB,4,1-6,Leonard Fournette,18.05,4.599999904632568
2022,7,RB,5,1-6,Joe Mixon,17.59,18.100000381469727
2022,7,RB,6,1-6,Rhamondre Stevenson,17.12,23.799999237060547
2022,7,RB,7,7-12,Ezekiel Elliott,16.29,17.700000762939453
2022,7,RB,8,7-12,Derrick Henry,16.01,16.799999237060547
2022,7,RB,10,7-12,Aaron Jones,14.99,28.600000381469727
2022,7,RB,11,7-12,Nick Chubb,14.9,18.700000762939453
2022,7,RB,12,7-12,Tony Pollard,14.62,12.899999618530273
2022,7,RB,14,13-24,Jeff Wilson,13.5,5.400000095367432
2022,7,RB,15,13-24,Christian McCaffrey,13.2,8.199999809265137
2022,7,RB,17,13-24,David Montgomery,13.2,12.199999809265137
2022,7,RB,18,13-24,Najee Harris,13.1,11.0
2022,7,RB,19,13-24,Jonathan Taylor,13.0,15.5
2022,7,RB,20,13-24,Dameon Pierce,12.8,15.699999809265137
2022,7,RB,21,13-24,Breece Hall,12.7,13.199999809265137
2022,7,RB,23,13-24,Alvin Kamara,12.1,17.5
2022,7,RB,24,13-24,Damien Harris,11.7,2.0
2022,7,RB,25,25-40,Jamaal Williams,11.1,7.300000190734863
2022,7,RB,26,25-40,AJ Dillon,10.2,1.5
2022,7,RB,27,25-40,Latavius Murray,10.1,10.300000190734863
2022,7,RB,29,25-40,Kareem Hunt,10.1,7.800000190734863
2022,7,RB,30,25-40,Raheem Mostert,9.9,20.899999618530273
2022,7,RB,31,25-40,Travis Etienne,9.0,18.899999618530273
2022,7,RB,32,25-40,Kenyan Drake,8.6,0.5
2022,7,RB,33,25-40,Clyde Edwards-Helaire,8.6,9.199999809265137
2022,7,RB,35,25-40,James Robinson,8.3,0.0
2022,7,RB,36,25-40,Tyler Allgeier,8.2,11.0
2022,7,RB,37,25-40,Deon Jackson,8.0,0.30000001192092896
2022,7,RB,38,25-40,Antonio Gibson,7.3,16.700000762939453
2022,7,RB,39,25-40,Khalil Herbert,6.6,15.699999809265137
2022,7,WR,1,1-6,Ja'Marr Chase,19.3,33.0
2022,7,WR,2,1-6,Tyreek Hill,19.0,14.199999809265137
2022,7,WR,3,1-6,Mike Williams,16.4,21.600000381469727
2022,7,WR,4,1-6,Diontae Johnson,16.3,9.5
2022,7,WR,5,1-6,Tee Higgins,15.9,14.300000190734863
2022,7,WR,6,1-6,Davante Adams,15.8,17.5
2022,7,WR,7,7-12,Allen Lazard,14.9,11.5
2022,7,WR,8,7-12,Amon-Ra St. Brown,14.6,1.399999976158142
2022,7,WR,10,7-12,Michael Pittman,13.7,9.800000190734863
2022,7,WR,11,7-12,Jaylen Waddle,13.4,12.800000190734863
2022,7,WR,12,7-12,Mike Evans,12.2,18.600000381469727
2022,7,WR,13,13-24,CeeDee Lamb,12.0,10.600000381469727
2022,7,WR,14,13-24,George Pickens,11.8,18.100000381469727
2022,7,WR,15,13-24,Amari Cooper,11.6,10.399999618530273
2022,7,WR,16,13-24,Romeo Doubs,11.1,0.0
2022,7,WR,17,13-24,Josh Reynolds,11.1,1.7999999523162842
2022,7,WR,18,13-24,Courtland Sutton,11.0,5.300000190734863
2022,7,WR,19,13-24,Tyler Boyd,11.0,29.5
2022,7,WR,21,13-24,Deebo Samuel Sr.,10.8,9.399999618530273
2022,7,WR,22,13-24,Tyler Lockett,10.6,11.5
2022,7,WR,23,13-24,Brandon Aiyuk,10.5,15.199999809265137
2022,7,WR,24,13-24,DK Metcalf,10.3,2.200000047683716
2022,7,WR,25,25-40,Christian Kirk,10.2,17.100000381469727
2022,7,WR,26,25-40,Chris Godwin Jr.,10.0,11.5
2022,7,WR,27,25-40,Brandin Cooks,9.9,8.600000381469727
2022,7,WR,28,25-40,JuJu Smith-Schuster,9.8,25.399999618530273
2022,7,WR,29,25-40,Jakobi Meyers,9.7,11.399999618530273
2022,7,WR,31,25-40,Jerry Jeudy,9.2,16.600000381469727
2022,7,WR,32,25-40,Rondale Moore,8.6,4.099999904632568
2022,7,WR,34,25-40,Hunter Renfrow,8.3,8.5
2022,7,WR,35,25-40,Keenan Allen,8.1,3.0999999046325684
2022,7,WR,36,25-40,Alec Pierce,8.0,6.699999809265137
2022,7,WR,37,25-40,Drake London,8.0,1.899999976158142
2022,7,WR,38,25-40,Marvin Jones,7.9,9.699999809265137
2022,7,WR,39,25-40,Chris Olave,7.8,17.600000381469727
2022,7,WR,40,25-40,Robert Woods,7.8,5.599999904632568
2022,7,WR,41,41-55,Zay Jones,7.8,10.800000190734863
2022,7,WR,43,41-55,DeVante Parker,7.4,9.800000190734863
2022,7,WR,44,41-55,Russell Gage,7.3,7.900000095367432
2022,7,WR,45,41-55,Chase Claypool,7.3,9.100000381469727
2022,7,WR,46,41-55,Terry McLaurin,7.1,18.299999237060547
2022,7,WR,47,41-55,Marquez Valdes-Scantling,7.0,14.100000381469727
2022,7,WR,48,41-55,Nico Collins,7.0,6.300000190734863
2022,7,WR,49,41-55,Donovan Peoples-Jones,6.9,11.100000381469727
2022,7,WR,50,41-55,DJ Moore,6.8,19.600000381469727
2022,7,WR,51,41-55,Olamide Zaccheaus,6.8,6.099999904632568
2022,7,WR,52,41-55,Parris Campbell,6.7,23.0
2022,7,WR,53,41-55,DeAndre Carter,6.7,6.699999809265137
2022,7,WR,55,41-55,Mecole Hardman,6.6,28.0
2022,7,TE,1,1-3,Travis Kelce,16.6,15.800000190734863
2022,7,TE,2,1-3,Mark Andrews,15.3,0.4000000059604645
2022,7,TE,3,1-3,Pat Freiermuth,13.8,15.5
2022,7,TE,4,4-6,Gerald Everett,10.8,11.300000190734863
2022,7,TE,5,4-6,George Kittle,9.9,21.799999237060547
2022,7,TE,6,4-6,David Njoku,9.9,14.100000381469727
2022,7,TE,7,7-12,Hayden Hurst,9.8,10.800000190734863
2022,7,TE,8,7-12,Robert Tonyan,9.3,6.199999809265137
2022,7,TE,9,7-12,Zach Ertz,8.7,6.099999904632568
2022,7,TE,11,7-12,Dalton Schultz,8.0,9.899999618530273
2022,7,TE,12,7-12,Kyle Pitts,7.2,3.9000000953674316
2022,7,TE,13,13-20,Mike Gesicki,6.7,5.699999809265137
2022,7,TE,14,13-20,Greg Dulcich,6.5,11.100000381469727
2022,7,TE,15,13-20,Zach Gentry,6.0,2.0
2022,7,TE,16,13-20,Hunter Henry,5.8,2.200000047683716
2022,7,TE,17,13-20,Noah Fant,5.8,1.7000000476837158
2022,7,TE,18,13-20,Evan Engram,5.8,10.699999809265137
2022,7,TE,19,13-20,Daniel Bellinger,5.6,2.299999952316284
2022,7,TE,20,13-20,Brevin Jordan,5.5,0.0
2022,8,QB,1,1-6,Joe Burrow,22.46,13.479999542236328
2022,8,QB,2,1-6,Jalen Hurts,21.65,28.399999618530273
2022,8,QB,3,1-6,Tua Tagovailoa,20.77,29.18000030517578
2022,8,QB,4,1-6,Tom Brady,17.75,17.100000381469727
2022,8,QB,5,1-6,Jared Goff,17.53,18.639999389648438
2022,8,QB,6,1-6,Kyler Murray,17.46,24.639999389648438
2022,8,QB,7,7-12,Lamar Jackson,17.16,21.81999969482422
2022,8,QB,8,7-12,Daniel Jones,16.94,9.039999961853027
2022,8,QB,10,7-12,Jacoby Brissett,16.13,20.31999969482422
2022,8,QB,11,7-12,Kirk Cousins,16.06,23.479999542236328
2022,8,QB,12,7-12,Derek Carr,15.99,1.940000057220459
2022,8,QB,14,13-24,Geno Smith,15.84,19.079999923706055
2022,8,QB,15,13-24,Aaron Rodgers,15.1,15.220000267028809
2022,8,QB,16,13-24,Marcus Mariota,14.6,22.420000076293945
2022,8,QB,17,13-24,Andy Dalton,14.2,17.15999984741211
2022,8,QB,18,13-24,PJ Walker,13.2,16.68000030517578
2022,8,QB,19,13-24,Kenny Pickett,13.0,7.340000152587891
2022,8,QB,20,13-24,Trevor Lawrence,12.7,6.820000171661377
2022,8,QB,21,13-24,Jimmy Garoppolo,11.6,17.700000762939453
2022,8,QB,22,13-24,Matthew Stafford,11.3,17.3799991607666
2022,8,QB,24,13-24,Davis Mills,10.6,8.880000114440918
2022,8,RB,1,1-6,Josh Jacobs,22.51,7.400000095367432
2022,8,RB,2,1-6,Rhamondre Stevenson,20.37,21.299999237060547
2022,8,RB,3,1-6,Saquon Barkley,19.16,15.199999809265137
2022,8,RB,4,1-6,Nick Chubb,18.98,25.399999618530273
2022,8,RB,5,1-6,Joe Mixon,18.24,12.899999618530273
2022,8,RB,6,1-6,Derrick Henry,17.96,35.79999923706055
2022,8,RB,7,7-12,D'Andre Swift,16.57,14.300000190734863
2022,8,RB,8,7-12,Leonard Fournette,16.47,14.800000190734863
2022,8,RB,9,7-12,Aaron Jones,16.29,19.700000762939453
2022,8,RB,10,7-12,Miles Sanders,15.92,13.800000190734863
2022,8,RB,12,7-12,Tony Pollard,15.08,33.70000076293945
2022,8,RB,14,13-24,Jonathan Taylor,14.99,5.599999904632568
2022,8,RB,15,13-24,Dalvin Cook,14.71,25.100000381469727
2022,8,RB,16,13-24,Alvin Kamara,14.25,42.79999923706055
2022,8,RB,17,13-24,Jamaal Williams,14.06,22.600000381469727
2022,8,RB,18,13-24,Raheem Mostert,13.69,7.699999809265137
2022,8,RB,19,13-24,Jeff Wilson,13.5,5.5
2022,8,RB,22,13-24,Kareem Hunt,12.4,11.199999809265137
2022,8,RB,24,13-24,Najee Harris,11.7,11.960000038146973
2022,8,RB,25,25-40,Christian McCaffrey,11.1,40.2599983215332
2022,8,RB,26,25-40,Damien Harris,10.6,7.199999809265137
2022,8,RB,27,25-40,Dameon Pierce,10.3,14.100000381469727
2022,8,RB,28,25-40,Kenneth Walker III,10.3,12.199999809265137
2022,8,RB,29,25-40,David Montgomery,10.3,8.5
2022,8,RB,30,25-40,Devin Singletary,10.3,9.300000190734863
2022,8,RB,31,25-40,D'Onta Foreman,10.2,31.799999237060547
2022,8,RB,33,25-40,Latavius Murray,9.4,12.899999618530273
2022,8,RB,34,25-40,Travis Etienne,9.1,25.200000762939453
2022,8,RB,36,25-40,Antonio Gibson,8.7,20.700000762939453
2022,8,RB,37,25-40,AJ Dillon,8.4,7.300000190734863
2022,8,RB,38,25-40,Eno Benjamin,8.1,8.5
2022,8,RB,39,25-40,James Robinson,8.0,1.7000000476837158
2022,8,RB,40,25-40,Deon Jackson,7.7,-0.4000000059604645
2022,8,WR,1,1-6,Cooper Kupp,21.0,22.899999618530273
2022,8,WR,2,1-6,Tyreek Hill,20.9,31.5
2022,8,WR,3,1-6,Stefon Diggs,19.3,22.799999237060547
2022,8,WR,5,1-6,Amon-Ra St. Brown,18.0,13.899999618530273
2022,8,WR,6,1-6,Davante Adams,17.6,1.2000000476837158
2022,8,WR,7,7-12,Justin Jefferson,15.7,15.800000190734863
2022,8,WR,8,7-12,Michael Pittman,15.1,12.300000190734863
2022,8,WR,9,7-12,Jaylen Waddle,15.1,30.600000381469727
2022,8,WR,10,7-12,Diontae Johnson,13.8,8.5
2022,8,WR,11,7-12,A.J. Brown,13.8,39.599998474121094
2022,8,WR,12,7-12,Mike Evans,13.8,18.299999237060547
2022,8,WR,13,13-24,Tee Higgins,13.4,13.899999618530273
2022,8,WR,14,13-24,Amari Cooper,12.9,22.100000381469727
2022,8,WR,15,13-24,CeeDee Lamb,12.7,18.799999237060547
2022,8,WR,16,13-24,Gabe Davis,12.4,5.5
2022,8,WR,17,13-24,George Pickens,12.1,0.0
2022,8,WR,18,13-24,Tyler Boyd,12.1,12.800000190734863
2022,8,WR,19,13-24,DJ Moore,12.0,27.5
2022,8,WR,20,13-24,DeVonta Smith,11.8,7.300000190734863
2022,8,WR,21,13-24,Chris Godwin Jr.,11.6,13.5
2022,8,WR,23,13-24,DK Metcalf,11.3,17.5
2022,8,WR,25,25-40,Tyler Lockett,10.9,15.300000190734863
2022,8,WR,26,25-40,Josh Reynolds,10.8,3.4000000953674316
2022,8,WR,27,25-40,DeAndre Hopkins,10.7,33.900001525878906
2022,8,WR,28,25-40,Adam Thielen,10.5,12.699999809265137
2022,8,WR,29,25-40,Jakobi Meyers,10.3,21.0
2022,8,WR,30,25-40,Chris Olave,10.2,10.199999809265137
2022,8,WR,31,25-40,Parris Campbell,10.0,9.100000381469727
2022,8,WR,32,25-40,Christian Kirk,9.8,7.0
2022,8,WR,33,25-40,Brandin Cooks,9.8,11.300000190734863
2022,8,WR,34,25-40,Jerry Jeudy,9.6,18.299999237060547
2022,8,WR,35,25-40,Alec Pierce,9.5,9.5
2022,8,WR,37,25-40,Brandon Aiyuk,9.3,20.100000381469727
2022,8,WR,38,25-40,Hunter Renfrow,9.2,1.600000023841858
2022,8,WR,40,25-40,Courtland Sutton,9.0,2.299999952316284
2022,8,WR,41,41-55,Donovan Peoples-Jones,8.8,12.100000381469727
2022,8,WR,42,41-55,Terry McLaurin,8.5,16.600000381469727
2022,8,WR,43,41-55,DeVante Parker,8.4,0.0
2022,8,WR,44,41-55,Romeo Doubs,8.2,16.200000762939453
2022,8,WR,47,41-55,Elijah Moore,7.5,0.0
2022,8,WR,50,41-55,Allen Robinson,7.4,10.399999618530273
2022,8,WR,51,41-55,Zay Jones,7.3,6.5
2022,8,WR,52,41-55,Nelson Agholor,7.2,1.2000000476837158
2022,8,TE,1,1-3,Pat Freiermuth,13.1,9.699999809265137
2022,8,TE,3,1-3,Mark Andrews,10.4,6.300000190734863
2022,8,TE,4,4-6,Mike Gesicki,9.7,12.800000190734863
2022,8,TE,5,4-6,Dallas Goedert,9.6,12.399999618530273
2022,8,TE,6,4-6,Hayden Hurst,9.0,8.199999809265137
2022,8,TE,7,7-12,T.J. Hockenson,8.9,11.0
2022,8,TE,8,7-12,George Kittle,8.5,12.899999618530273
2022,8,TE,9,7-12,Tyler Higbee,8.1,3.5
2022,8,TE,10,7-12,Dalton Schultz,8.1,13.399999618530273
2022,8,TE,11,7-12,Dawson Knox,7.5,9.0
2022,8,TE,12,7-12,Robert Tonyan,7.4,8.5
2022,8,TE,14,13-20,Cade Otton,6.5,3.5
2022,8,TE,15,13-20,Hunter Henry,6.5,3.200000047683716
2022,8,TE,16,13-20,Zach Ertz,6.5,13.399999618530273
2022,8,TE,17,13-20,Greg Dulcich,6.2,12.699999809265137
2022,8,TE,18,13-20,Mo Alie-Cox,6.2,0.0
2022,8,TE,19,13-20,Juwan Johnson,6.0,3.4000000953674316
2022,9,QB,1,1-6,Patrick Mahomes,21.14,34.13999938964844
2022,9,QB,2,1-6,Aaron Rodgers,20.33,13.640000343322754
2022,9,QB,3,1-6,Tua Tagovailoa,20.04,24.079999923706055
2022,9,QB,4,1-6,Jalen Hurts,19.81,20.020000457763672
2022,9,QB,5,1-6,Justin Herbert,19.08,12.100000381469727
2022,9,QB,6,1-6,Lamar Jackson,18.86,17.520000457763672
2022,9,QB,7,7-12,Kyler Murray,18.34,19.0
2022,9,QB,8,7-12,Joe Burrow,18.12,19.139999389648438
2022,9,QB,9,7-12,Derek Carr,17.31,18.360000610351562
2022,9,QB,10,7-12,Kirk Cousins,17.24,16.399999618530273
2022,9,QB,11,7-12,Justin Fields,16.58,42.720001220703125
2022,9,QB,12,7-12,Geno Smith,15.99,20.799999237060547
2022,9,QB,13,13-24,Marcus Mariota,15.91,7.559999942779541
2022,9,QB,14,13-24,Taylor Heinicke,15.55,13.65999984741211
2022,9,QB,15,13-24,Andy Dalton,14.3,10.899999618530273
2022,9,QB,16,13-24,Trevor Lawrence,14.2,16.700000762939453
2022,9,QB,17,13-24,Tom Brady,13.2,15.199999809265137
2022,9,QB,18,13-24,PJ Walker,13.2,-3.0399999618530273
2022,9,QB,19,13-24,Jared Goff,13.0,11.380000114440918
2022,9,QB,20,13-24,Matthew Stafford,12.6,10.5
2022,9,QB,21,13-24,Davis Mills,11.4,11.960000038146973
2022,9,QB,22,13-24,Mac Jones,11.3,9.680000305175781
2022,9,QB,23,13-24,Zach Wilson,9.1,10.5600004196167
2022,9,RB,1,1-6,Josh Jacobs,23.9,11.699999809265137
2022,9,RB,2,1-6,Aaron Jones,20.74,6.5
2022,9,RB,3,1-6,Austin Ekeler,20.56,24.100000381469727
2022,9,RB,4,1-6,Derrick Henry,17.49,23.5
2022,9,RB,5,1-6,Dalvin Cook,16.47,13.600000381469727
2022,9,RB,6,1-6,Rhamondre Stevenson,15.36,16.0
2022,9,RB,7,7-12,Alvin Kamara,15.17,9.199999809265137
2022,9,RB,8,7-12,David Montgomery,15.08,5.400000095367432
2022,9,RB,11,7-12,D'Onta Foreman,14.43,4.099999904632568
2022,9,RB,12,7-12,Miles Sanders,14.43,15.300000190734863
2022,9,RB,13,13-24,Joe Mixon,14.25,55.099998474121094
2022,9,RB,14,13-24,Cordarrelle Patterson,13.88,18.299999237060547
2022,9,RB,15,13-24,Leonard Fournette,13.3,11.0
2022,9,RB,16,13-24,James Conner,13.0,11.399999618530273
2022,9,RB,17,13-24,Dameon Pierce,12.9,13.899999618530273
2022,9,RB,18,13-24,Devin Singletary,12.9,8.800000190734863
2022,9,RB,19,13-24,Travis Etienne,12.0,26.600000381469727
2022,9,RB,20,13-24,D'Andre Swift,11.9,8.0
2022,9,RB,22,13-24,Jamaal Williams,11.6,10.100000381469727
2022,9,RB,23,13-24,Raheem Mostert,11.3,8.600000381469727
2022,9,RB,24,13-24,Jeff Wilson,10.9,16.200000762939453
2022,9,RB,25,25-40,AJ Dillon,9.9,6.400000095367432
2022,9,RB,26,25-40,Khalil Herbert,9.6,2.299999952316284
2022,9,RB,27,25-40,Antonio Gibson,9.6,6.699999809265137
2022,9,RB,28,25-40,Kenneth Walker III,9.4,27.899999618530273
2022,9,RB,29,25-40,Clyde Edwards-Helaire,9.0,2.9000000953674316
2022,9,RB,30,25-40,Tyler Allgeier,8.8,13.300000190734863
2022,9,RB,32,25-40,Darrell Henderson,7.9,5.599999904632568
2022,9,RB,34,25-40,Kenyan Drake,7.3,24.899999618530273
2022,9,RB,35,25-40,Eno Benjamin,7.2,3.700000047683716
2022,9,RB,37,25-40,Dontrell Hilliard,6.9,1.7999999523162842
2022,9,RB,38,25-40,Alexander Mattison,6.8,1.100000023841858
2022,9,RB,39,25-40,James Robinson,6.7,13.300000190734863
2022,9,RB,40,25-40,Nyheim Hines,6.1,0.0
2022,9,WR,1,1-6,Cooper Kupp,20.1,26.799999237060547
2022,9,WR,2,1-6,Stefon Diggs,18.5,14.300000190734863
2022,9,WR,3,1-6,Tyreek Hill,18.3,27.299999237060547
2022,9,WR,5,1-6,Justin Jefferson,15.9,25.5
2022,9,WR,6,1-6,Davante Adams,14.6,36.599998474121094
2022,9,WR,7,7-12,Jaylen Waddle,14.5,19.5
2022,9,WR,9,7-12,A.J. Brown,13.8,15.899999618530273
2022,9,WR,10,7-12,Allen Lazard,13.7,18.700000762939453
2022,9,WR,11,7-12,DeAndre Hopkins,12.7,13.600000381469727
2022,9,WR,12,7-12,DJ Moore,12.6,4.400000095367432
2022,9,WR,13,13-24,Amon-Ra St. Brown,12.4,9.5
2022,9,WR,14,13-24,JuJu Smith-Schuster,11.9,18.799999237060547
2022,9,WR,15,13-24,Mike Evans,11.2,9.0
2022,9,WR,16,13-24,Josh Palmer,11.2,18.600000381469727
2022,9,WR,17,13-24,Adam Thielen,11.0,9.699999809265137
2022,9,WR,18,13-24,DK Metcalf,10.9,14.699999809265137
2022,9,WR,19,13-24,Tyler Lockett,10.9,17.700000762939453
2022,9,WR,20,13-24,Gabe Davis,10.8,5.300000190734863
2022,9,WR,21,13-24,Romeo Doubs,10.7,2.799999952316284
2022,9,WR,22,13-24,Michael Pittman,10.6,5.199999809265137
2022,9,WR,24,13-24,Christian Kirk,10.5,21.600000381469727
2022,9,WR,25,25-40,Robert Woods,10.3,0.0
2022,9,WR,26,25-40,Tee Higgins,10.0,13.0
2022,9,WR,27,25-40,Terry McLaurin,9.4,10.600000381469727
2022,9,WR,29,25-40,Tyler Boyd,9.1,9.399999618530273
2022,9,WR,30,25-40,Chris Olave,9.1,13.100000381469727
2022,9,WR,31,25-40,Chris Godwin Jr.,9.1,10.699999809265137
2022,9,WR,32,25-40,Jakobi Meyers,8.8,7.400000095367432
2022,9,WR,33,25-40,DeVonta Smith,8.8,4.199999809265137
2022,9,WR,34,25-40,Marquez Valdes-Scantling,8.5,2.200000047683716
2022,9,WR,36,25-40,Zay Jones,7.9,9.0
2022,9,WR,37,25-40,Mack Hollins,7.8,3.700000047683716
2022,9,WR,38,25-40,Mecole Hardman,7.7,19.899999618530273
2022,9,WR,39,25-40,Allen Robinson,7.7,5.400000095367432
2022,9,WR,40,25-40,Hunter Renfrow,7.6,5.599999904632568
2022,9,WR,44,41-55,DeAndre Carter,7.1,10.300000190734863
2022,9,WR,45,41-55,Chase Claypool,7.0,3.700000047683716
2022,9,WR,48,41-55,Parris Campbell,6.7,3.5999999046325684
2022,9,WR,49,41-55,K.J. Osborn,6.6,0.0
2022,9,WR,50,41-55,Curtis Samuel,6.6,17.100000381469727
2022,9,WR,51,41-55,Alec Pierce,6.6,3.299999952316284
2022,9,WR,54,41-55,Rondale Moore,6.6,14.899999618530273
2022,9,WR,55,41-55,Marvin Jones,6.5,9.800000190734863
2022,9,TE,1,1-3,Travis Kelce,16.1,20.600000381469727
2022,9,TE,3,1-3,Robert Tonyan,11.0,5.900000095367432
2022,9,TE,4,4-6,Dallas Goedert,9.5,24.0
2022,9,TE,5,4-6,Gerald Everett,8.5,8.600000381469727
2022,9,TE,7,7-12,T.J. Hockenson,8.2,16.0
2022,9,TE,8,7-12,Zach Ertz,8.1,15.0
2022,9,TE,9,7-12,Evan Engram,8.1,1.7999999523162842
2022,9,TE,10,7-12,Tyler Higbee,7.7,0.0
2022,9,TE,11,7-12,Dawson Knox,7.7,5.5
2022,9,TE,12,7-12,Mike Gesicki,7.4,1.2999999523162842
2022,9,TE,13,13-20,Hayden Hurst,6.6,8.5
2022,9,TE,14,13-20,Foster Moreau,6.1,6.400000095367432
2022,9,TE,15,13-20,Kyle Pitts,5.9,4.699999809265137
2022,9,TE,16,13-20,Marcedes Lewis,5.7,2.9000000953674316
2022,9,TE,17,13-20,Juwan Johnson,5.5,12.199999809265137
2022,9,TE,18,13-20,Hunter Henry,5.3,9.0
2022,9,TE,19,13-20,Tyler Conklin,5.3,1.7000000476837158
2022,9,TE,20,13-20,Logan Thomas,4.9,0.0
2022,10,QB,1,1-6,Patrick Mahomes,28.87,31.139999389648438
2022,10,QB,2,1-6,Jalen Hurts,23.2,21.799999237060547
2022,10,QB,3,1-6,Justin Fields,22.24,39.380001068115234
2022,10,QB,4,1-6,Tua Tagovailoa,20.11,23.399999618530273
2022,10,QB,5,1-6,Jacoby Brissett,19.08,16.479999542236328
2022,10,QB,6,1-6,Dak Prescott,17.83,19.200000762939453
2022,10,QB,7,7-12,Tom Brady,16.65,16.020000457763672
2022,10,QB,8,7-12,Jared Goff,16.13,14.84000015258789
2022,10,QB,9,7-12,Derek Carr,15.69,17.920000076293945
2022,10,QB,10,7-12,Jimmy Garoppolo,15.47,15.899999618530273
2022,10,QB,11,7-12,Kirk Cousins,15.4,15.479999542236328
2022,10,QB,12,7-12,Taylor Heinicke,14.3,5.440000057220459
2022,10,QB,13,13-24,Marcus Mariota,14.1,17.739999771118164
2022,10,QB,15,13-24,Aaron Rodgers,13.6,19.360000610351562
2022,10,QB,16,13-24,Trevor Lawrence,13.5,20.959999084472656
2022,10,QB,17,13-24,Daniel Jones,13.5,18.280000686645508
2022,10,QB,19,13-24,Geno Smith,13.4,19.200000762939453
2022,10,QB,20,13-24,Justin Herbert,13.3,12.039999961853027
2022,10,QB,21,13-24,Andy Dalton,13.2,7.059999942779541
2022,10,QB,22,13-24,PJ Walker,12.4,5.71999979019165
2022,10,QB,23,13-24,Kenny Pickett,11.4,19.059999465942383
2022,10,RB,1,1-6,Nick Chubb,20.56,15.100000381469727
2022,10,RB,2,1-6,Dalvin Cook,19.35,23.600000381469727
2022,10,RB,3,1-6,Derrick Henry,18.42,8.699999809265137
2022,10,RB,4,1-6,Leonard Fournette,17.4,10.800000190734863
2022,10,RB,5,1-6,Saquon Barkley,17.22,23.0
2022,10,RB,6,1-6,Christian McCaffrey,16.66,17.700000762939453
2022,10,RB,7,7-12,Josh Jacobs,16.47,22.600000381469727
2022,10,RB,8,7-12,Alvin Kamara,15.55,7.5
2022,10,RB,9,7-12,Jamaal Williams,15.08,11.899999618530273
2022,10,RB,10,7-12,David Montgomery,14.9,5.400000095367432
2022,10,RB,11,7-12,Austin Ekeler,14.52,13.300000190734863
2022,10,RB,12,7-12,Jonathan Taylor,14.34,24.299999237060547
2022,10,RB,13,13-24,Tony Pollard,13.88,21.799999237060547
2022,10,RB,14,13-24,Kareem Hunt,13.69,2.9000000953674316
2022,10,RB,15,13-24,Miles Sanders,13.69,5.400000095367432
2022,10,RB,16,13-24,Cordarrelle Patterson,13.5,3.0
2022,10,RB,17,13-24,Aaron Jones,12.6,23.600000381469727
2022,10,RB,18,13-24,D'Onta Foreman,12.6,19.0
2022,10,RB,19,13-24,D'Andre Swift,12.5,8.199999809265137
2022,10,RB,20,13-24,Travis Etienne,12.2,10.300000190734863
2022,10,RB,21,13-24,Dameon Pierce,11.9,12.199999809265137
2022,10,RB,23,13-24,Najee Harris,11.5,9.899999618530273
2022,10,RB,24,13-24,Melvin Gordon,10.8,11.0
2022,10,RB,26,25-40,Kenneth Walker III,10.4,13.199999809265137
2022,10,RB,27,25-40,Devin Singletary,10.2,15.699999809265137
2022,10,RB,28,25-40,Clyde Edwards-Helaire,10.1,0.0
2022,10,RB,29,25-40,Jeff Wilson,10.1,22.299999237060547
2022,10,RB,30,25-40,Raheem Mostert,10.0,18.700000762939453
2022,10,RB,31,25-40,Khalil Herbert,9.8,5.699999809265137
2022,10,RB,32,25-40,Tyler Allgeier,9.5,3.299999952316284
2022,10,RB,33,25-40,Antonio Gibson,9.4,14.800000190734863
2022,10,RB,34,25-40,James Conner,8.9,23.600000381469727
2022,10,RB,35,25-40,Eno Benjamin,8.0,0.0
2022,10,RB,36,25-40,Kenny Gainwell,7.6,2.200000047683716
2022,10,RB,37,25-40,Jerick McKinnon,7.6,11.800000190734863
2022,10,RB,39,25-40,AJ Dillon,7.1,6.5
2022,10,RB,40,25-40,Rachaad White,6.6,10.5
2022,10,WR,1,1-6,Cooper Kupp,21.6,2.9000000953674316
2022,10,WR,2,1-6,Tyreek Hill,21.5,15.399999618530273
2022,10,WR,3,1-6,Stefon Diggs,19.3,24.799999237060547
2022,10,WR,4,1-6,A.J. Brown,16.8,1.7000000476837158
2022,10,WR,5,1-6,JuJu Smith-Schuster,16.6,5.300000190734863
2022,10,WR,6,1-6,Justin Jefferson,16.1,35.29999923706055
2022,10,WR,7,7-12,Jaylen Waddle,15.6,10.600000381469727
2022,10,WR,8,7-12,Amari Cooper,15.2,6.199999809265137
2022,10,WR,9,7-12,Davante Adams,13.6,27.600000381469727
2022,10,WR,10,7-12,Diontae Johnson,13.6,10.300000190734863
2022,10,WR,11,7-12,Mike Evans,12.4,10.399999618530273
2022,10,WR,14,13-24,Amon-Ra St. Brown,12.0,22.100000381469727
2022,10,WR,15,13-24,Brandon Aiyuk,11.3,12.399999618530273
2022,10,WR,16,13-24,Jerry Jeudy,10.6,0.0
2022,10,WR,17,13-24,Gabe Davis,10.6,21.299999237060547
2022,10,WR,18,13-24,Chris Godwin Jr.,10.5,19.100000381469727
2022,10,WR,19,13-24,Allen Lazard,10.5,7.5
2022,10,WR,20,13-24,Christian Kirk,10.4,31.5
2022,10,WR,21,13-24,Adam Thielen,10.3,9.899999618530273
2022,10,WR,22,13-24,Deebo Samuel Sr.,10.2,7.099999904632568
2022,10,WR,23,13-24,DeVonta Smith,10.1,15.899999618530273
2022,10,WR,24,13-24,Donovan Peoples-Jones,9.9,14.899999618530273
2022,10,WR,25,25-40,CeeDee Lamb,9.8,38.0
2022,10,WR,26,25-40,Marquez Valdes-Scantling,9.8,15.0
2022,10,WR,27,25-40,Josh Palmer,9.8,7.400000095367432
2022,10,WR,28,25-40,DJ Moore,9.5,6.900000095367432
2022,10,WR,29,25-40,George Pickens,9.5,14.5
2022,10,WR,30,25-40,Tyler Lockett,9.4,13.199999809265137
2022,10,WR,31,25-40,Michael Pittman,9.2,12.300000190734863
2022,10,WR,32,25-40,DeAndre Hopkins,9.2,19.799999237060547
2022,10,WR,33,25-40,DK Metcalf,9.2,13.100000381469727
2022,10,WR,34,25-40,Chris Olave,8.8,7.0
2022,10,WR,36,25-40,Courtland Sutton,8.1,12.600000381469727
2022,10,WR,37,25-40,Terry McLaurin,8.1,20.799999237060547
2022,10,WR,38,25-40,Darnell Mooney,8.1,9.699999809265137
2022,10,WR,39,25-40,Chase Claypool,7.9,1.7999999523162842
2022,10,WR,43,41-55,Allen Robinson,7.5,8.399999618530273
2022,10,WR,44,41-55,Zay Jones,7.0,14.800000190734863
2022,10,WR,45,41-55,Brandin Cooks,7.0,8.199999809265137
2022,10,WR,47,41-55,Jahan Dotson,6.5,2.4000000953674316
2022,10,WR,48,41-55,Kalif Raymond,6.4,7.699999809265137
2022,10,WR,49,41-55,Jarvis Landry,6.4,6.699999809265137
2022,10,WR,51,41-55,Marvin Jones,6.3,4.300000190734863
2022,10,WR,52,41-55,Curtis Samuel,6.2,6.0
2022,10,WR,53,41-55,Terrace Marshall Jr.,6.1,5.300000190734863
2022,10,WR,54,41-55,Alec Pierce,6.0,0.0
2022,10,TE,1,1-3,Travis Kelce,24.4,20.100000381469727
2022,10,TE,3,1-3,Dallas Goedert,11.7,9.300000190734863
2022,10,TE,4,4-6,George Kittle,11.6,3.0999999046325684
2022,10,TE,5,4-6,Pat Freiermuth,9.9,7.599999904632568
2022,10,TE,6,4-6,T.J. Hockenson,8.7,11.5
2022,10,TE,7,7-12,Dalton Schultz,7.9,17.399999618530273
2022,10,TE,9,7-12,Cade Otton,7.4,6.5
2022,10,TE,10,7-12,Dawson Knox,7.1,9.699999809265137
2022,10,TE,11,7-12,Greg Dulcich,7.0,2.0999999046325684
2022,10,TE,12,7-12,Tyler Higbee,6.9,15.300000190734863
2022,10,TE,13,13-20,Robert Tonyan,6.7,1.7999999523162842
2022,10,TE,14,13-20,Cole Kmet,6.6,23.399999618530273
2022,10,TE,15,13-20,Evan Engram,6.5,4.400000095367432
2022,10,TE,16,13-20,Mike Gesicki,6.5,5.099999904632568
2022,10,TE,17,13-20,Gerald Everett,5.9,4.300000190734863
2022,10,TE,18,13-20,Cameron Brate,5.5,1.7999999523162842
2022,10,TE,19,13-20,Foster Moreau,5.4,13.300000190734863
2022,10,TE,20,13-20,Zach Ertz,5.2,2.200000047683716
2022,11,QB,1,1-6,Patrick Mahomes,22.24,27.459999084472656
2022,11,QB,2,1-6,Joe Burrow,21.51,26.700000762939453
2022,11,QB,3,1-6,Justin Fields,20.92,22.6200008392334
2022,11,QB,4,1-6,Marcus Mariota,20.62,17.739999771118164
2022,11,QB,5,1-6,Jalen Hurts,20.18,24.200000762939453
2022,11,QB,6,1-6,Dak Prescott,19.08,20.639999389648438
2022,11,QB,7,7-12,Daniel Jones,18.2,24.639999389648438
2022,11,QB,8,7-12,Lamar Jackson,17.53,15.460000038146973
2022,11,QB,9,7-12,Jacoby Brissett,17.39,25.860000610351562
2022,11,QB,10,7-12,Jimmy Garoppolo,16.5,25.420000076293945
2022,11,QB,11,7-12,Justin Herbert,16.13,19.700000762939453
2022,11,QB,12,7-12,Russell Wilson,15.55,10.680000305175781
2022,11,QB,13,13-24,Aaron Rodgers,14.9,19.079999923706055
2022,11,QB,14,13-24,Kirk Cousins,14.6,2.200000047683716
2022,11,QB,15,13-24,Mac Jones,13.3,10.140000343322754
2022,11,QB,16,13-24,Davis Mills,13.2,9.760000228881836
2022,11,QB,17,13-24,Kenny Pickett,12.5,16.0
2022,11,QB,18,13-24,Taylor Heinicke,12.5,7.840000152587891
2022,11,QB,19,13-24,Derek Carr,12.2,20.280000686645508
2022,11,QB,20,13-24,Jared Goff,12.0,6.5
2022,11,QB,21,13-24,Zach Wilson,11.3,5.679999828338623
2022,11,QB,23,13-24,Andy Dalton,9.1,22.200000762939453
2022,11,QB,24,13-24,Matt Ryan,0.0,8.619999885559082
2022,11,RB,1,1-6,Saquon Barkley,20.84,5.5
2022,11,RB,2,1-6,Nick Chubb,20.65,9.699999809265137
2022,11,RB,3,1-6,Joe Mixon,20.37,9.199999809265137
2022,11,RB,4,1-6,Derrick Henry,20.09,25.360000610351562
2022,11,RB,5,1-6,Jonathan Taylor,18.42,16.399999618530273
2022,11,RB,6,1-6,Rhamondre Stevenson,17.59,14.199999809265137
2022,11,RB,7,7-12,Dalvin Cook,16.84,7.199999809265137
2022,11,RB,8,7-12,Tony Pollard,16.2,36.900001525878906
2022,11,RB,9,7-12,Austin Ekeler,15.64,18.0
2022,11,RB,11,7-12,Josh Jacobs,15.27,19.0
2022,11,RB,12,7-12,Cordarrelle Patterson,14.34,11.899999618530273
2022,11,RB,13,13-24,Christian McCaffrey,13.97,17.600000381469727
2022,11,RB,14,13-24,James Conner,13.4,13.399999618530273
2022,11,RB,15,13-24,Aaron Jones,13.4,14.0
2022,11,RB,16,13-24,Ezekiel Elliott,12.8,17.700000762939453
2022,11,RB,17,13-24,Devin Singletary,12.8,17.700000762939453
2022,11,RB,18,13-24,Dameon Pierce,12.4,3.700000047683716
2022,11,RB,19,13-24,D'Onta Foreman,11.9,2.4000000953674316
2022,11,RB,20,13-24,David Montgomery,11.5,21.100000381469727
2022,11,RB,21,13-24,Kareem Hunt,11.4,7.400000095367432
2022,11,RB,22,13-24,Tyler Allgeier,11.4,7.400000095367432
2022,11,RB,23,13-24,Miles Sanders,11.2,5.800000190734863
2022,11,RB,24,13-24,Najee Harris,11.0,27.600000381469727
2022,11,RB,25,25-40,Jamaal Williams,11.0,24.399999618530273
2022,11,RB,26,25-40,Alvin Kamara,10.2,12.899999618530273
2022,11,RB,27,25-40,Kenyan Drake,10.2,7.300000190734863
2022,11,RB,28,25-40,Antonio Gibson,10.1,13.300000190734863
2022,11,RB,29,25-40,Damien Harris,9.7,11.300000190734863
2022,11,RB,31,25-40,D'Andre Swift,8.9,12.199999809265137
2022,11,RB,32,25-40,Latavius Murray,8.7,17.200000762939453
2022,11,RB,33,25-40,Melvin Gordon,8.5,12.0
2022,11,RB,35,25-40,Brian Robinson,7.5,5.699999809265137
2022,11,RB,36,25-40,James Robinson,7.2,1.0
2022,11,RB,37,25-40,Deon Jackson,6.7,5.0
2022,11,RB,38,25-40,Dontrell Hilliard,6.7,8.800000190734863
2022,11,RB,39,25-40,AJ Dillon,6.5,3.299999952316284
2022,11,WR,2,1-6,Stefon Diggs,19.3,14.800000190734863
2022,11,WR,4,1-6,Justin Jefferson,16.4,6.300000190734863
2022,11,WR,5,1-6,CeeDee Lamb,15.7,9.5
2022,11,WR,6,1-6,Mike Williams,13.9,2.5
2022,11,WR,7,7-12,Diontae Johnson,12.6,6.199999809265137
2022,11,WR,8,7-12,Brandon Aiyuk,12.6,16.0
2022,11,WR,9,7-12,Gabe Davis,12.3,11.800000190734863
2022,11,WR,10,7-12,Davante Adams,12.2,33.099998474121094
2022,11,WR,12,7-12,Tee Higgins,12.1,23.799999237060547
2022,11,WR,13,13-24,Amari Cooper,12.0,31.299999237060547
2022,11,WR,14,13-24,DeAndre Hopkins,11.8,18.100000381469727
2022,11,WR,15,13-24,A.J. Brown,11.7,9.0
2022,11,WR,17,13-24,Jakobi Meyers,10.6,9.199999809265137
2022,11,WR,18,13-24,Tyler Boyd,10.5,6.199999809265137
2022,11,WR,20,13-24,Deebo Samuel Sr.,10.0,22.399999618530273
2022,11,WR,21,13-24,Josh Palmer,9.8,30.600000381469727
2022,11,WR,22,13-24,Michael Pittman,9.6,13.5
2022,11,WR,23,13-24,Donovan Peoples-Jones,9.5,17.100000381469727
2022,11,WR,24,13-24,Allen Lazard,9.3,10.699999809265137
2022,11,WR,25,25-40,Amon-Ra St. Brown,9.2,15.0
2022,11,WR,26,25-40,Adam Thielen,9.0,4.5
2022,11,WR,27,25-40,Terry McLaurin,8.8,9.600000381469727
2022,11,WR,28,25-40,Allen Robinson,8.8,14.699999809265137
2022,11,WR,30,25-40,Brandin Cooks,8.6,10.0
2022,11,WR,31,25-40,DJ Moore,8.4,5.400000095367432
2022,11,WR,32,25-40,DeVonta Smith,8.4,13.800000190734863
2022,11,WR,33,25-40,DeVante Parker,8.3,3.9000000953674316
2022,11,WR,34,25-40,Courtland Sutton,8.2,13.0
2022,11,WR,35,25-40,Drake London,8.1,7.199999809265137
2022,11,WR,36,25-40,George Pickens,8.1,18.299999237060547
2022,11,WR,37,25-40,Marquez Valdes-Scantling,8.0,2.799999952316284
2022,11,WR,38,25-40,Nick Westbrook-Ikhine,8.0,4.800000190734863
2022,11,WR,39,25-40,Nico Collins,7.9,9.800000190734863
2022,11,WR,40,25-40,Rondale Moore,7.9,-0.6000000238418579
2022,11,WR,41,41-55,Parris Campbell,7.6,11.699999809265137
2022,11,WR,42,41-55,Chase Claypool,7.5,3.0999999046325684
2022,11,WR,44,41-55,DeAndre Carter,7.5,6.300000190734863
2022,11,WR,46,41-55,Nelson Agholor,7.1,3.799999952316284
2022,11,WR,47,41-55,Garrett Wilson,7.1,3.200000047683716
2022,11,WR,49,41-55,Michael Gallup,6.8,7.099999904632568
2022,11,WR,50,41-55,Chris Olave,6.7,21.200000762939453
2022,11,WR,51,41-55,Chris Moore,6.7,7.300000190734863
2022,11,WR,52,41-55,Darnell Mooney,6.7,12.899999618530273
2022,11,WR,53,41-55,Elijah Moore,6.7,3.700000047683716
2022,11,WR,54,41-55,Robert Woods,6.6,12.899999618530273
2022,11,WR,55,41-55,Darius Slayton,6.4,13.600000381469727
2022,11,TE,1,1-3,Travis Kelce,19.1,35.5
2022,11,TE,3,1-3,Pat Freiermuth,11.1,15.899999618530273
2022,11,TE,4,4-6,Mark Andrews,11.0,12.300000190734863
2022,11,TE,5,4-6,George Kittle,10.8,24.399999618530273
2022,11,TE,6,4-6,David Njoku,9.7,3.700000047683716
2022,11,TE,7,7-12,Dalton Schultz,9.7,5.199999809265137
2022,11,TE,8,7-12,T.J. Hockenson,9.0,8.399999618530273
2022,11,TE,9,7-12,Tyler Higbee,7.6,8.5
2022,11,TE,10,7-12,Dawson Knox,7.1,14.0
2022,11,TE,11,7-12,Hayden Hurst,6.9,4.800000190734863
2022,11,TE,12,7-12,Kyle Pitts,6.9,7.300000190734863
2022,11,TE,14,13-20,Greg Dulcich,6.5,7.0
2022,11,TE,15,13-20,Hunter Henry,6.4,3.0
2022,11,TE,16,13-20,Cole Kmet,6.2,6.5
2022,11,TE,20,13-20,Austin Hooper,5.4,19.600000381469727
2022,12,QB,1,1-6,Jalen Hurts,21.95,29.81999969482422
2022,12,QB,3,1-6,Patrick Mahomes,20.7,18.399999618530273
2022,12,QB,4,1-6,Lamar Jackson,20.4,23.059999465942383
2022,12,QB,5,1-6,Dak Prescott,19.74,14.84000015258789
2022,12,QB,6,1-6,Tua Tagovailoa,19.08,15.960000038146973
2022,12,QB,7,7-12,Joe Burrow,19.0,18.0
2022,12,QB,8,7-12,Geno Smith,17.97,19.31999969482422
2022,12,QB,9,7-12,Kirk Cousins,17.09,21.860000610351562
2022,12,QB,10,7-12,Jimmy Garoppolo,16.94,13.279999732971191
2022,12,QB,11,7-12,Justin Herbert,16.94,28.760000228881836
2022,12,QB,12,7-12,Marcus Mariota,16.87,13.859999656677246
2022,12,QB,13,13-24,Ryan Tannehill,15.84,12.539999961853027
2022,12,QB,14,13-24,Tom Brady,15.69,18.040000915527344
2022,12,QB,15,13-24,Aaron Rodgers,15.69,9.5
2022,12,QB,17,13-24,Matt Ryan,15.47,10.15999984741211
2022,12,QB,18,13-24,Derek Carr,15.1,20.799999237060547
2022,12,QB,19,13-24,Jared Goff,13.9,17.600000381469727
2022,12,QB,20,13-24,Jacoby Brissett,13.8,13.100000381469727
2022,12,QB,21,13-24,Kenny Pickett,13.8,12.15999984741211
2022,12,QB,23,13-24,Taylor Heinicke,12.8,11.420000076293945
2022,12,QB,24,13-24,Daniel Jones,12.7,14.520000457763672
2022,12,RB,1,1-6,Derrick Henry,21.76,14.699999809265137
2022,12,RB,2,1-6,Tony Pollard,19.26,8.100000381469727
2022,12,RB,3,1-6,Jonathan Taylor,18.7,18.799999237060547
2022,12,RB,4,1-6,Dalvin Cook,18.33,9.600000381469727
2022,12,RB,6,1-6,Josh Jacobs,17.59,48.29999923706055
2022,12,RB,7,7-12,Austin Ekeler,16.84,25.0
2022,12,RB,10,7-12,Aaron Jones,15.64,18.899999618530273
2022,12,RB,11,7-12,Rhamondre Stevenson,15.64,20.200000762939453
2022,12,RB,12,7-12,James Conner,15.36,21.0
2022,12,RB,13,13-24,Jamaal Williams,15.27,10.600000381469727
2022,12,RB,14,13-24,Devin Singletary,15.08,9.0
2022,12,RB,15,13-24,Kenneth Walker III,15.08,16.899999618530273
2022,12,RB,17,13-24,Christian McCaffrey,14.34,8.899999618530273
2022,12,RB,18,13-24,David Montgomery,13.2,14.300000190734863
2022,12,RB,19,13-24,Dameon Pierce,13.1,4.599999904632568
2022,12,RB,20,13-24,Miles Sanders,12.9,31.0
2022,12,RB,21,13-24,Ezekiel Elliott,12.8,16.5
2022,12,RB,22,13-24,Najee Harris,12.7,10.899999618530273
2022,12,RB,23,13-24,Nick Chubb,12.4,20.200000762939453
2022,12,RB,24,13-24,Saquon Barkley,12.3,15.199999809265137
2022,12,RB,25,25-40,Jeff Wilson,11.8,12.199999809265137
2022,12,RB,26,25-40,Travis Etienne,11.5,0.30000001192092896
2022,12,RB,27,25-40,D'Onta Foreman,11.4,11.300000190734863
2022,12,RB,28,25-40,D'Andre Swift,11.3,10.300000190734863
2022,12,RB,29,25-40,Kenyan Drake,11.0,0.20000000298023224
2022,12,RB,31,25-40,Antonio Gibson,10.6,8.399999618530273
2022,12,RB,32,25-40,Alvin Kamara,9.9,7.0
2022,12,RB,33,25-40,Cordarrelle Patterson,9.1,10.100000381469727
2022,12,RB,34,25-40,Damien Harris,8.6,1.600000023841858
2022,12,RB,35,25-40,Rachaad White,8.2,19.899999618530273
2022,12,RB,36,25-40,Gus Edwards,8.1,9.199999809265137
2022,12,RB,38,25-40,Tyler Allgeier,7.9,5.400000095367432
2022,12,RB,40,25-40,Latavius Murray,7.8,10.800000190734863
2022,12,WR,1,1-6,Justin Jefferson,18.3,29.34000015258789
2022,12,WR,2,1-6,Stefon Diggs,17.6,21.700000762939453
2022,12,WR,3,1-6,Tyreek Hill,17.2,15.0
2022,12,WR,5,1-6,Davante Adams,14.4,14.399999618530273
2022,12,WR,6,1-6,Brandon Aiyuk,14.1,11.5
2022,12,WR,7,7-12,CeeDee Lamb,14.0,17.700000762939453
2022,12,WR,9,7-12,Amon-Ra St. Brown,13.2,27.899999618530273
2022,12,WR,10,7-12,Jaylen Waddle,12.9,13.5
2022,12,WR,11,7-12,DK Metcalf,12.7,20.0
2022,12,WR,12,7-12,Michael Pittman,12.7,19.100000381469727
2022,12,WR,13,13-24,Tyler Lockett,12.7,15.800000190734863
2022,12,WR,15,13-24,Gabe Davis,11.5,7.800000190734863
2022,12,WR,16,13-24,Deebo Samuel Sr.,11.4,7.300000190734863
2022,12,WR,17,13-24,Tee Higgins,11.4,24.399999618530273
2022,12,WR,18,13-24,Christian Kirk,11.1,8.100000381469727
2022,12,WR,19,13-24,A.J. Brown,11.1,12.600000381469727
2022,12,WR,20,13-24,Mike Evans,11.0,5.099999904632568
2022,12,WR,21,13-24,JuJu Smith-Schuster,11.0,6.800000190734863
2022,12,WR,22,13-24,Diontae Johnson,10.8,9.899999618530273
2022,12,WR,23,13-24,Josh Palmer,10.6,10.600000381469727
2022,12,WR,24,13-24,Adam Thielen,10.5,21.100000381469727
2022,12,WR,25,25-40,Parris Campbell,10.2,3.4000000953674316
2022,12,WR,26,25-40,George Pickens,10.1,10.699999809265137
2022,12,WR,27,25-40,Jakobi Meyers,10.0,9.199999809265137
2022,12,WR,28,25-40,Chris Godwin Jr.,9.9,29.0
2022,12,WR,29,25-40,Chris Olave,9.8,11.199999809265137
2022,12,WR,30,25-40,Amari Cooper,9.7,16.399999618530273
2022,12,WR,31,25-40,DeAndre Hopkins,9.0,18.700000762939453
2022,12,WR,32,25-40,Terry McLaurin,9.0,9.300000190734863
2022,12,WR,33,25-40,Marquise Brown,8.7,10.600000381469727
2022,12,WR,34,25-40,DeVonta Smith,8.6,9.0
2022,12,WR,35,25-40,DeVante Parker,8.4,12.0
2022,12,WR,36,25-40,Tyler Boyd,8.3,3.5999999046325684
2022,12,WR,37,25-40,Treylon Burks,8.2,11.0
2022,12,WR,39,25-40,Allen Lazard,8.1,4.400000095367432
2022,12,WR,40,25-40,Corey Davis,8.1,1.899999976158142
2022,12,WR,42,41-55,Brandin Cooks,7.9,11.100000381469727
2022,12,WR,43,41-55,Garrett Wilson,7.6,26.399999618530273
2022,12,WR,44,41-55,Zay Jones,7.4,27.5
2022,12,WR,46,41-55,Jarvis Landry,7.2,4.0
2022,12,WR,47,41-55,Alec Pierce,7.1,0.0
2022,12,WR,48,41-55,DJ Chark,7.1,9.600000381469727
2022,12,WR,50,41-55,Christian Watson,7.0,21.0
2022,12,WR,51,41-55,Donovan Peoples-Jones,7.0,3.5999999046325684
2022,12,WR,52,41-55,Marquise Goodwin,7.0,8.5
2022,12,WR,53,41-55,Nelson Agholor,7.0,18.5
2022,12,WR,55,41-55,Nico Collins,6.9,10.399999618530273
2022,12,TE,1,1-3,Travis Kelce,17.5,15.699999809265137
2022,12,TE,2,1-3,Mark Andrews,12.2,11.0
2022,12,TE,3,1-3,Pat Freiermuth,12.1,6.900000095367432
2022,12,TE,4,4-6,George Kittle,10.9,5.599999904632568
2022,12,TE,6,4-6,T.J. Hockenson,10.5,15.300000190734863
2022,12,TE,7,7-12,Dawson Knox,9.9,3.700000047683716
2022,12,TE,8,7-12,Dalton Schultz,8.5,19.100000381469727
2022,12,TE,10,7-12,Noah Fant,7.0,6.400000095367432
2022,12,TE,11,7-12,David Njoku,6.9,13.899999618530273
2022,12,TE,12,7-12,Mike Gesicki,6.9,0.0
2022,12,TE,13,13-20,Austin Hooper,6.9,6.0
2022,12,TE,14,13-20,Gerald Everett,6.4,7.800000190734863
2022,12,TE,16,13-20,Cade Otton,6.1,0.0
2022,12,TE,17,13-20,Cole Kmet,6.0,5.699999809265137
2022,12,TE,18,13-20,Juwan Johnson,5.9,0.0
2022,12,TE,20,13-20,Will Dissly,5.7,3.700000047683716
2022,13,QB,1,1-6,Patrick Mahomes,25.48,19.81999969482422
2022,13,QB,2,1-6,Joe Burrow,21.14,30.040000915527344
2022,13,QB,3,1-6,Trevor Lawrence,20.11,16.360000610351562
2022,13,QB,4,1-6,Jalen Hurts,19.52,34.400001525878906
2022,13,QB,5,1-6,Kirk Cousins,19.3,11.819999694824219
2022,13,QB,6,1-6,Jimmy Garoppolo,19.3,2.240000009536743
2022,13,QB,7,7-12,Aaron Rodgers,19.0,13.680000305175781
2022,13,QB,8,7-12,Justin Herbert,18.12,18.100000381469727
2022,13,QB,9,7-12,Dak Prescott,17.97,16.799999237060547
2022,13,QB,10,7-12,Jared Goff,17.02,21.600000381469727
2022,13,QB,12,7-12,Marcus Mariota,16.8,10.380000114440918
2022,13,QB,13,13-24,Daniel Jones,16.58,17.100000381469727
2022,13,QB,14,13-24,Derek Carr,16.58,16.0
2022,13,QB,15,13-24,Tom Brady,16.21,17.139999389648438
2022,13,QB,16,13-24,Ryan Tannehill,15.91,13.039999961853027
2022,13,QB,17,13-24,Geno Smith,14.7,22.979999542236328
2022,13,QB,18,13-24,Lamar Jackson,14.7,1.340000033378601
2022,13,QB,19,13-24,Mac Jones,14.4,12.5
2022,13,QB,20,13-24,Kenny Pickett,14.0,13.279999732971191
2022,13,QB,21,13-24,Taylor Heinicke,12.8,17.600000381469727
2022,13,QB,22,13-24,Russell Wilson,10.9,9.65999984741211
2022,13,QB,23,13-24,Andy Dalton,10.5,13.260000228881836
2022,13,QB,24,13-24,Matt Ryan,10.2,9.119999885559082
2022,13,RB,1,1-6,Josh Jacobs,22.97,21.0
2022,13,RB,2,1-6,Derrick Henry,21.21,5.800000190734863
2022,13,RB,3,1-6,Dalvin Cook,19.91,16.299999237060547
2022,13,RB,4,1-6,Nick Chubb,19.72,8.0
2022,13,RB,5,1-6,Aaron Jones,18.14,10.0
2022,13,RB,6,1-6,Austin Ekeler,18.05,13.199999809265137
2022,13,RB,8,7-12,Travis Etienne,17.03,7.599999904632568
2022,13,RB,10,7-12,Rhamondre Stevenson,16.47,13.800000190734863
2022,13,RB,11,7-12,Tony Pollard,16.29,24.600000381469727
2022,13,RB,12,7-12,Jamaal Williams,15.73,9.5
2022,13,RB,13,13-24,Najee Harris,15.55,10.199999809265137
2022,13,RB,14,13-24,Christian McCaffrey,14.99,28.600000381469727
2022,13,RB,15,13-24,Jonathan Taylor,14.06,13.300000190734863
2022,13,RB,16,13-24,Leonard Fournette,13.69,14.100000381469727
2022,13,RB,17,13-24,Saquon Barkley,13.5,19.100000381469727
2022,13,RB,18,13-24,David Montgomery,13.5,16.700000762939453
2022,13,RB,19,13-24,Cordarrelle Patterson,12.2,6.0
2022,13,RB,21,13-24,Devin Singletary,11.8,11.100000381469727
2022,13,RB,22,13-24,Dameon Pierce,11.8,12.5
2022,13,RB,23,13-24,Miles Sanders,11.5,11.800000190734863
2022,13,RB,24,13-24,Kenneth Walker III,11.2,3.5999999046325684
2022,13,RB,25,25-40,Ezekiel Elliott,11.2,18.100000381469727
2022,13,RB,26,25-40,Antonio Gibson,10.9,7.900000095367432
2022,13,RB,27,25-40,AJ Dillon,10.8,20.899999618530273
2022,13,RB,28,25-40,Kareem Hunt,10.1,9.399999618530273
2022,13,RB,29,25-40,D'Andre Swift,10.0,21.100000381469727
2022,13,RB,30,25-40,Rachaad White,9.8,16.899999618530273
2022,13,RB,32,25-40,Brian Robinson,9.3,13.100000381469727
2022,13,RB,33,25-40,Tyler Allgeier,9.2,5.199999809265137
2022,13,RB,34,25-40,Jeff Wilson,8.5,0.30000001192092896
2022,13,RB,35,25-40,Alvin Kamara,8.4,5.699999809265137
2022,13,RB,36,25-40,Isiah Pacheco,8.2,16.200000762939453
2022,13,RB,38,25-40,Raheem Mostert,7.8,3.0
2022,13,WR,1,1-6,Justin Jefferson,19.7,18.600000381469727
2022,13,WR,2,1-6,Tyreek Hill,18.7,29.600000381469727
2022,13,WR,3,1-6,Stefon Diggs,17.6,22.200000762939453
2022,13,WR,4,1-6,Ja'Marr Chase,17.2,16.700000762939453
2022,13,WR,5,1-6,Christian Kirk,16.9,16.399999618530273
2022,13,WR,6,1-6,Amon-Ra St. Brown,16.2,34.599998474121094
2022,13,WR,7,7-12,Brandon Aiyuk,15.4,9.600000381469727
2022,13,WR,8,7-12,Davante Adams,15.2,37.70000076293945
2022,13,WR,9,7-12,Zay Jones,14.7,3.5999999046325684
2022,13,WR,10,7-12,Chris Godwin Jr.,14.6,14.300000190734863
2022,13,WR,11,7-12,Jaylen Waddle,14.5,1.899999976158142
2022,13,WR,12,7-12,Tee Higgins,13.8,12.5
2022,13,WR,14,13-24,Amari Cooper,13.0,8.0
2022,13,WR,15,13-24,Deebo Samuel Sr.,12.5,12.300000190734863
2022,13,WR,16,13-24,Adam Thielen,12.0,4.699999809265137
2022,13,WR,17,13-24,Christian Watson,11.9,24.399999618530273
2022,13,WR,18,13-24,CeeDee Lamb,11.9,20.399999618530273
2022,13,WR,19,13-24,JuJu Smith-Schuster,11.8,6.5
2022,13,WR,20,13-24,Diontae Johnson,11.7,11.0
2022,13,WR,21,13-24,DK Metcalf,11.7,26.700000762939453
2022,13,WR,22,13-24,A.J. Brown,11.4,31.899999618530273
2022,13,WR,23,13-24,Garrett Wilson,11.3,24.200000762939453
2022,13,WR,24,13-24,Josh Palmer,11.2,13.0
2022,13,WR,26,25-40,Tyler Lockett,10.7,27.799999237060547
2022,13,WR,27,25-40,Jakobi Meyers,10.5,5.199999809265137
2022,13,WR,28,25-40,Gabe Davis,10.3,9.5
2022,13,WR,30,25-40,Mike Evans,10.2,9.899999618530273
2022,13,WR,31,25-40,George Pickens,10.2,1.2000000476837158
2022,13,WR,32,25-40,Terry McLaurin,10.1,24.5
2022,13,WR,33,25-40,Allen Lazard,9.8,11.699999809265137
2022,13,WR,34,25-40,Michael Pittman,9.5,3.5999999046325684
2022,13,WR,36,25-40,Treylon Burks,9.2,9.5
2022,13,WR,37,25-40,Nelson Agholor,9.1,3.700000047683716
2022,13,WR,38,25-40,DJ Chark,8.9,14.800000190734863
2022,13,WR,39,25-40,Elijah Moore,8.9,3.700000047683716
2022,13,WR,40,25-40,Josh Reynolds,8.7,4.900000095367432
2022,13,WR,42,41-55,DeVante Parker,8.5,3.5999999046325684
2022,13,WR,43,41-55,DeVonta Smith,8.5,21.200000762939453
2022,13,WR,44,41-55,Marquez Valdes-Scantling,8.4,9.100000381469727
2022,13,WR,45,41-55,Chase Claypool,8.4,5.800000190734863
2022,13,WR,46,41-55,Tyler Boyd,8.3,10.0
2022,13,WR,47,41-55,Donovan Peoples-Jones,8.2,13.399999618530273
2022,13,WR,48,41-55,Marvin Jones,8.1,2.700000047683716
2022,13,WR,49,41-55,Nick Westbrook-Ikhine,8.0,1.399999976158142
2022,13,WR,50,41-55,Corey Davis,8.0,13.5
2022,13,WR,51,41-55,DeAndre Carter,8.0,2.4000000953674316
2022,13,WR,52,41-55,Randall Cobb,7.9,0.0
2022,13,WR,54,41-55,Jauan Jennings,7.5,5.400000095367432
2022,13,WR,55,41-55,Russell Gage,7.4,2.0999999046325684
2022,13,TE,1,1-3,Travis Kelce,23.6,7.599999904632568
2022,13,TE,2,1-3,George Kittle,15.7,4.199999809265137
2022,13,TE,3,1-3,T.J. Hockenson,12.5,7.300000190734863
2022,13,TE,4,4-6,Pat Freiermuth,10.8,10.600000381469727
2022,13,TE,6,4-6,Cole Kmet,9.4,13.199999809265137
2022,13,TE,7,7-12,Dalton Schultz,9.3,5.300000190734863
2022,13,TE,9,7-12,Evan Engram,7.8,14.0
2022,13,TE,10,7-12,Mark Andrews,7.6,9.399999618530273
2022,13,TE,11,7-12,Dawson Knox,7.2,0.0
2022,13,TE,14,13-20,Tyler Conklin,6.9,2.9000000953674316
2022,13,TE,15,13-20,Hayden Hurst,6.9,3.200000047683716
2022,13,TE,16,13-20,Austin Hooper,6.7,5.199999809265137
2022,13,TE,18,13-20,Foster Moreau,6.0,4.199999809265137
2022,13,TE,19,13-20,Gerald Everett,5.8,13.0
2022,13,TE,20,13-20,Robert Tonyan,5.8,2.0
2022,14,QB,1,1-6,Jalen Hurts,23.49,30.3799991607666
2022,14,QB,2,1-6,Justin Herbert,21.58,19.479999542236328
2022,14,QB,3,1-6,Joe Burrow,20.62,16.559999465942383
2022,14,QB,4,1-6,Kirk Cousins,20.04,25.0
2022,14,QB,5,1-6,Patrick Mahomes,18.78,19.780000686645508
2022,14,QB,6,1-6,Tua Tagovailoa,18.64,12.600000381469727
2022,14,QB,7,7-12,Jared Goff,17.9,26.100000381469727
2022,14,QB,8,7-12,Ryan Tannehill,17.68,17.760000228881836
2022,14,QB,9,7-12,Dak Prescott,17.46,13.65999984741211
2022,14,QB,10,7-12,Kyler Murray,17.39,0.6600000262260437
2022,14,QB,11,7-12,Geno Smith,17.02,20.559999465942383
2022,14,QB,12,7-12,Daniel Jones,16.13,19.360000610351562
2022,14,QB,13,13-24,Mike White,15.69,10.720000267028809
2022,14,QB,14,13-24,Derek Carr,14.8,2.5799999237060547
2022,14,QB,15,13-24,Trevor Lawrence,14.0,33.41999816894531
2022,14,QB,16,13-24,Sam Darnold,13.9,11.800000190734863
2022,14,QB,17,13-24,Mac Jones,13.5,7.300000190734863
2022,14,QB,18,13-24,Tom Brady,12.9,10.119999885559082
2022,14,QB,19,13-24,Russell Wilson,12.5,25.579999923706055
2022,14,QB,20,13-24,Kenny Pickett,11.6,1.600000023841858
2022,14,QB,23,13-24,Jacoby Brissett,0.0,0.0
2022,14,RB,1,1-6,Austin Ekeler,20.65,24.399999618530273
2022,14,RB,2,1-6,Dalvin Cook,20.19,8.600000381469727
2022,14,RB,3,1-6,Derrick Henry,20.0,20.5
2022,14,RB,4,1-6,Joe Mixon,18.89,12.600000381469727
2022,14,RB,5,1-6,Josh Jacobs,18.05,19.399999618530273
2022,14,RB,6,1-6,Tony Pollard,17.96,22.200000762939453
2022,14,RB,7,7-12,James Conner,16.57,23.399999618530273
2022,14,RB,8,7-12,Nick Chubb,16.47,8.399999618530273
2022,14,RB,10,7-12,Saquon Barkley,15.92,6.800000190734863
2022,14,RB,11,7-12,Miles Sanders,15.82,28.5
2022,14,RB,12,7-12,D'Onta Foreman,14.62,8.5
2022,14,RB,13,13-24,Ezekiel Elliott,14.15,17.100000381469727
2022,14,RB,15,13-24,Jamaal Williams,13.78,3.700000047683716
2022,14,RB,16,13-24,Rhamondre Stevenson,13.69,3.0
2022,14,RB,17,13-24,Devin Singletary,13.6,5.300000190734863
2022,14,RB,18,13-24,D'Andre Swift,12.3,6.900000095367432
2022,14,RB,20,13-24,Najee Harris,11.4,13.0
2022,14,RB,21,13-24,Jeff Wilson,10.7,2.5999999046325684
2022,14,RB,22,13-24,Christian McCaffrey,10.1,29.299999237060547
2022,14,RB,23,13-24,Leonard Fournette,10.0,10.600000381469727
2022,14,RB,24,13-24,Raheem Mostert,9.9,5.400000095367432
2022,14,RB,25,25-40,Travis Etienne,9.3,3.200000047683716
2022,14,RB,26,25-40,Samaje Perine,9.3,9.399999618530273
2022,14,RB,27,25-40,Kareem Hunt,8.9,3.200000047683716
2022,14,RB,28,25-40,Latavius Murray,8.7,6.099999904632568
2022,14,RB,29,25-40,Kenny Gainwell,8.5,1.0
2022,14,RB,30,25-40,Kenyan Drake,8.4,2.200000047683716
2022,14,RB,32,25-40,Dameon Pierce,7.7,11.800000190734863
2022,14,RB,33,25-40,Rachaad White,7.3,10.699999809265137
2022,14,RB,34,25-40,Dontrell Hilliard,7.2,0.0
2022,14,RB,35,25-40,Isiah Pacheco,7.1,12.300000190734863
2022,14,RB,37,25-40,Cam Akers,6.9,9.300000190734863
2022,14,RB,38,25-40,Chuba Hubbard,6.8,18.899999618530273
2022,14,RB,39,25-40,James Cook,6.5,2.5
2022,14,RB,40,25-40,J.K. Dobbins,6.4,18.0
2022,14,WR,1,1-6,Justin Jefferson,20.8,33.29999923706055
2022,14,WR,2,1-6,Amon-Ra St. Brown,19.1,13.399999618530273
2022,14,WR,3,1-6,Tyreek Hill,17.7,18.100000381469727
2022,14,WR,5,1-6,Davante Adams,16.5,10.100000381469727
2022,14,WR,6,1-6,Stefon Diggs,16.3,6.699999809265137
2022,14,WR,7,7-12,Mike Williams,15.3,23.600000381469727
2022,14,WR,8,7-12,Ja'Marr Chase,15.1,28.5
2022,14,WR,9,7-12,A.J. Brown,14.6,17.0
2022,14,WR,10,7-12,DK Metcalf,14.3,18.100000381469727
2022,14,WR,11,7-12,Tyler Lockett,13.7,17.0
2022,14,WR,12,7-12,Keenan Allen,13.5,21.200000762939453
2022,14,WR,13,13-24,Garrett Wilson,13.3,13.800000190734863
2022,14,WR,14,13-24,Josh Palmer,12.9,9.300000190734863
2022,14,WR,15,13-24,CeeDee Lamb,12.7,8.300000190734863
2022,14,WR,16,13-24,Adam Thielen,12.4,19.5
2022,14,WR,17,13-24,Christian Kirk,12.1,9.5
2022,14,WR,19,13-24,Amari Cooper,11.7,6.199999809265137
2022,14,WR,20,13-24,Brandon Aiyuk,11.6,13.699999809265137
2022,14,WR,21,13-24,Chris Godwin Jr.,11.4,10.399999618530273
2022,14,WR,22,13-24,DJ Moore,11.2,0.6000000238418579
2022,14,WR,23,13-24,DJ Chark,11.0,21.399999618530273
2022,14,WR,24,13-24,Jaylen Waddle,10.9,5.099999904632568
2022,14,WR,25,25-40,Diontae Johnson,10.5,14.199999809265137
2022,14,WR,26,25-40,DeVonta Smith,10.0,17.399999618530273
2022,14,WR,27,25-40,Deebo Samuel Sr.,10.0,14.399999618530273
2022,14,WR,28,25-40,DeAndre Hopkins,9.7,12.899999618530273
2022,14,WR,30,25-40,Gabe Davis,9.4,6.099999904632568
2022,14,WR,31,25-40,Zay Jones,9.0,21.700000762939453
2022,14,WR,32,25-40,Corey Davis,8.7,2.5
2022,14,WR,33,25-40,Marquise Brown,8.5,7.400000095367432
2022,14,WR,34,25-40,Jerry Jeudy,8.4,33.29999923706055
2022,14,WR,35,25-40,Nick Westbrook-Ikhine,8.3,11.300000190734863
2022,14,WR,36,25-40,Josh Reynolds,8.3,16.100000381469727
2022,14,WR,37,25-40,Mike Evans,8.2,8.399999618530273
2022,14,WR,38,25-40,DeAndre Carter,8.1,1.0
2022,14,WR,41,41-55,Tyler Boyd,7.8,0.0
2022,14,WR,42,41-55,Donovan Peoples-Jones,7.7,19.399999618530273
2022,14,WR,43,41-55,JuJu Smith-Schuster,7.6,22.399999618530273
2022,14,WR,45,41-55,Kalif Raymond,7.3,3.9000000953674316
2022,14,WR,46,41-55,George Pickens,7.2,10.800000190734863
2022,14,WR,47,41-55,Robert Woods,7.2,9.899999618530273
2022,14,WR,48,41-55,Elijah Moore,7.2,12.0
2022,14,WR,50,41-55,Nelson Agholor,7.0,8.199999809265137
2022,14,WR,52,41-55,Michael Gallup,7.0,6.0
2022,14,WR,53,41-55,DeVante Parker,6.9,4.400000095367432
2022,14,WR,54,41-55,Isaiah McKenzie,6.7,5.800000190734863
2022,14,WR,55,41-55,Darius Slayton,6.5,6.199999809265137
2022,14,TE,1,1-3,Travis Kelce,13.8,11.100000381469727
2022,14,TE,2,1-3,T.J. Hockenson,12.4,13.699999809265137
2022,14,TE,3,1-3,Mark Andrews,11.2,3.700000047683716
2022,14,TE,5,4-6,George Kittle,10.3,6.800000190734863
2022,14,TE,6,4-6,Pat Freiermuth,9.8,12.300000190734863
2022,14,TE,7,7-12,David Njoku,9.6,18.700000762939453
2022,14,TE,8,7-12,Dalton Schultz,9.2,14.699999809265137
2022,14,TE,9,7-12,Gerald Everett,8.4,7.800000190734863
2022,14,TE,11,7-12,Dawson Knox,6.8,14.100000381469727
2022,14,TE,13,13-20,Austin Hooper,6.7,11.800000190734863
2022,14,TE,14,13-20,Tyler Higbee,6.6,3.0999999046325684
2022,14,TE,17,13-20,Noah Fant,5.9,0.0
2022,14,TE,18,13-20,Tyler Conklin,5.8,7.800000190734863
2022,14,TE,19,13-20,Hunter Henry,5.8,10.0
2022,14,TE,20,13-20,Chig Okonkwo,5.2,18.5
2022,15,QB,1,1-6,Jalen Hurts,27.1,34.70000076293945
2022,15,QB,2,1-6,Patrick Mahomes,21.88,32.7400016784668
2022,15,QB,3,1-6,Dak Prescott,21.14,20.239999771118164
2022,15,QB,4,1-6,Joe Burrow,19.23,24.799999237060547
2022,15,QB,6,1-6,Kirk Cousins,17.61,32.400001525878906
2022,15,QB,7,7-12,Tom Brady,17.46,16.579999923706055
2022,15,QB,8,7-12,Justin Herbert,17.39,8.720000267028809
2022,15,QB,9,7-12,Tua Tagovailoa,17.31,18.059999465942383
2022,15,QB,10,7-12,Jared Goff,16.36,14.079999923706055
2022,15,QB,11,7-12,Daniel Jones,15.84,9.899999618530273
2022,15,QB,12,7-12,Matt Ryan,15.62,11.279999732971191
2022,15,QB,13,13-24,Geno Smith,15.55,15.319999694824219
2022,15,QB,14,13-24,Tyler Huntley,15.4,5.019999980926514
2022,15,QB,15,13-24,Sam Darnold,14.9,13.199999809265137
2022,15,QB,16,13-24,Trevor Lawrence,14.8,26.81999969482422
2022,15,QB,17,13-24,Taylor Heinicke,14.6,13.260000228881836
2022,15,QB,18,13-24,Andy Dalton,14.4,14.140000343322754
2022,15,QB,19,13-24,Derek Carr,14.3,19.239999771118164
2022,15,QB,20,13-24,Ryan Tannehill,14.2,10.699999809265137
2022,15,QB,22,13-24,Mac Jones,13.6,7.480000019073486
2022,15,QB,24,13-24,Deshaun Watson,13.2,12.640000343322754
2022,15,RB,1,1-6,Josh Jacobs,22.23,13.0
2022,15,RB,2,1-6,Tony Pollard,19.63,14.600000381469727
2022,15,RB,4,1-6,Miles Sanders,18.61,1.899999976158142
2022,15,RB,5,1-6,Jonathan Taylor,18.33,2.299999952316284
2022,15,RB,6,1-6,Derrick Henry,18.24,26.299999237060547
2022,15,RB,7,7-12,James Conner,16.2,18.100000381469727
2022,15,RB,8,7-12,Rhamondre Stevenson,16.01,24.799999237060547
2022,15,RB,9,7-12,Ezekiel Elliott,15.73,15.100000381469727
2022,15,RB,10,7-12,Dalvin Cook,15.36,27.0
2022,15,RB,11,7-12,D'Onta Foreman,15.27,0.8999999761581421
2022,15,RB,12,7-12,Austin Ekeler,14.8,15.0
2022,15,RB,13,13-24,Joe Mixon,14.43,10.399999618530273
2022,15,RB,14,13-24,Saquon Barkley,13.6,23.0
2022,15,RB,15,13-24,Leonard Fournette,13.4,11.399999618530273
2022,15,RB,16,13-24,Nick Chubb,13.0,9.899999618530273
2022,15,RB,17,13-24,David Montgomery,13.0,24.100000381469727
2022,15,RB,18,13-24,Najee Harris,12.9,14.600000381469727
2022,15,RB,19,13-24,Jamaal Williams,12.5,3.299999952316284
2022,15,RB,20,13-24,Aaron Jones,12.4,20.600000381469727
2022,15,RB,21,13-24,Christian McCaffrey,12.3,25.799999237060547
2022,15,RB,22,13-24,Chuba Hubbard,12.1,9.699999809265137
2022,15,RB,23,13-24,Devin Singletary,11.9,10.0
2022,15,RB,24,13-24,Rachaad White,11.7,5.300000190734863
2022,15,RB,25,25-40,Antonio Gibson,11.3,4.699999809265137
2022,15,RB,26,25-40,D'Andre Swift,11.2,12.5
2022,15,RB,28,25-40,Brian Robinson,11.0,11.699999809265137
2022,15,RB,30,25-40,Alvin Kamara,10.9,12.399999618530273
2022,15,RB,31,25-40,Travis Etienne,10.1,12.699999809265137
2022,15,RB,32,25-40,Kenneth Walker III,10.0,11.899999618530273
2022,15,RB,33,25-40,J.K. Dobbins,9.9,13.800000190734863
2022,15,RB,34,25-40,Isiah Pacheco,9.9,8.699999809265137
2022,15,RB,35,25-40,Cordarrelle Patterson,9.3,12.199999809265137
2022,15,RB,38,25-40,Raheem Mostert,8.7,16.600000381469727
2022,15,RB,39,25-40,AJ Dillon,8.0,22.100000381469727
2022,15,RB,40,25-40,Jerick McKinnon,7.9,34.20000076293945
2022,15,WR,1,1-6,Tyreek Hill,18.3,21.899999618530273
2022,15,WR,2,1-6,Justin Jefferson,17.9,30.299999237060547
2022,15,WR,3,1-6,Stefon Diggs,16.0,10.699999809265137
2022,15,WR,5,1-6,Davante Adams,15.7,6.800000190734863
2022,15,WR,6,1-6,Diontae Johnson,15.3,20.0
2022,15,WR,7,7-12,Garrett Wilson,15.3,13.800000190734863
2022,15,WR,8,7-12,Ja'Marr Chase,15.1,19.0
2022,15,WR,9,7-12,CeeDee Lamb,15.1,19.700000762939453
2022,15,WR,10,7-12,Chris Godwin Jr.,14.0,22.299999237060547
2022,15,WR,11,7-12,A.J. Brown,13.9,27.100000381469727
2022,15,WR,12,7-12,Amon-Ra St. Brown,13.8,15.199999809265137
2022,15,WR,13,13-24,Mike Williams,13.4,10.699999809265137
2022,15,WR,14,13-24,Michael Pittman,13.2,19.0
2022,15,WR,15,13-24,DK Metcalf,13.0,12.5
2022,15,WR,16,13-24,Tyler Lockett,12.5,13.800000190734863
2022,15,WR,17,13-24,Keenan Allen,12.3,16.600000381469727
2022,15,WR,18,13-24,Mike Evans,12.1,13.300000190734863
2022,15,WR,19,13-24,George Pickens,11.3,7.300000190734863
2022,15,WR,20,13-24,Tee Higgins,11.2,16.299999237060547
2022,15,WR,21,13-24,Terry McLaurin,10.8,13.0
2022,15,WR,22,13-24,JuJu Smith-Schuster,10.8,16.799999237060547
2022,15,WR,24,13-24,Jaylen Waddle,10.6,20.399999618530273
2022,15,WR,25,25-40,Amari Cooper,10.5,9.800000190734863
2022,15,WR,26,25-40,DeVonta Smith,10.4,17.600000381469727
2022,15,WR,27,25-40,Adam Thielen,10.4,13.100000381469727
2022,15,WR,28,25-40,DJ Moore,10.4,18.299999237060547
2022,15,WR,29,25-40,Christian Kirk,10.3,15.199999809265137
2022,15,WR,30,25-40,Jerry Jeudy,10.1,14.600000381469727
2022,15,WR,31,25-40,Parris Campbell,9.8,3.299999952316284
2022,15,WR,32,25-40,Gabe Davis,9.6,9.600000381469727
2022,15,WR,33,25-40,Brandon Aiyuk,9.6,3.9000000953674316
2022,15,WR,35,25-40,Josh Palmer,9.5,9.899999618530273
2022,15,WR,36,25-40,Chris Olave,9.5,8.300000190734863
2022,15,WR,37,25-40,DJ Chark,9.3,2.799999952316284
2022,15,WR,38,25-40,Christian Watson,9.2,8.600000381469727
2022,15,WR,39,25-40,Alec Pierce,9.0,0.0
2022,15,WR,40,25-40,Elijah Moore,8.9,9.399999618530273
2022,15,WR,41,41-55,Zay Jones,8.9,34.900001525878906
2022,15,WR,42,41-55,Donovan Peoples-Jones,8.9,13.100000381469727
2022,15,WR,43,41-55,Michael Gallup,8.5,1.2000000476837158
2022,15,WR,44,41-55,Jakobi Meyers,8.5,6.699999809265137
2022,15,WR,49,41-55,DeAndre Hopkins,8.0,13.0
2022,15,WR,50,41-55,Allen Lazard,7.8,1.7000000476837158
2022,15,WR,51,41-55,Russell Gage,7.5,25.899999618530273
2022,15,WR,52,41-55,Van Jefferson,7.3,5.199999809265137
2022,15,WR,55,41-55,Tyler Boyd,7.2,14.5
2022,15,TE,1,1-3,Travis Kelce,17.9,20.5
2022,15,TE,2,1-3,Dalton Schultz,12.1,3.5
2022,15,TE,5,4-6,T.J. Hockenson,10.0,8.300000190734863
2022,15,TE,6,4-6,Cole Kmet,9.9,6.5
2022,15,TE,7,7-12,David Njoku,9.5,5.800000190734863
2022,15,TE,8,7-12,Evan Engram,8.6,14.199999809265137
2022,15,TE,9,7-12,George Kittle,8.4,25.299999237060547
2022,15,TE,10,7-12,Tyler Conklin,8.2,1.899999976158142
2022,15,TE,11,7-12,Dawson Knox,7.7,21.799999237060547
2022,15,TE,12,7-12,Mark Andrews,7.6,6.099999904632568
2022,15,TE,13,13-20,Cade Otton,7.4,3.0
2022,15,TE,14,13-20,Darren Waller,6.4,13.800000190734863
2022,15,TE,15,13-20,Gerald Everett,6.3,8.199999809265137
2022,15,TE,16,13-20,Juwan Johnson,6.3,22.700000762939453
2022,15,TE,17,13-20,Jelani Woods,6.1,4.599999904632568
2022,15,TE,18,13-20,Hunter Henry,5.9,2.9000000953674316
2022,15,TE,19,13-20,Tyler Higbee,5.8,12.699999809265137
2022,16,QB,1,1-6,Patrick Mahomes,22.24,23.760000228881836
2022,16,QB,2,1-6,Kirk Cousins,21.43,24.15999984741211
2022,16,QB,3,1-6,Justin Fields,20.04,9.859999656677246
2022,16,QB,5,1-6,Joe Burrow,19.52,23.5
2022,16,QB,6,1-6,Dak Prescott,19.45,27.979999542236328
2022,16,QB,7,7-12,Tua Tagovailoa,18.71,10.399999618530273
2022,16,QB,8,7-12,Aaron Rodgers,18.34,13.319999694824219
2022,16,QB,9,7-12,Geno Smith,18.27,12.199999809265137
2022,16,QB,10,7-12,Trevor Lawrence,18.12,18.260000228881836
2022,16,QB,11,7-12,Tom Brady,17.39,11.34000015258789
2022,16,QB,12,7-12,Justin Herbert,17.39,5.5
2022,16,QB,13,13-24,Daniel Jones,17.31,20.760000228881836
2022,16,QB,14,13-24,Sam Darnold,17.24,21.899999618530273
2022,16,QB,15,13-24,Brock Purdy,16.13,15.960000038146973
2022,16,QB,16,13-24,Tyler Huntley,16.06,13.199999809265137
2022,16,QB,17,13-24,Jared Goff,14.9,25.700000762939453
2022,16,QB,20,13-24,Derek Carr,13.3,6.360000133514404
2022,16,QB,21,13-24,Mac Jones,12.6,17.5
2022,16,QB,24,13-24,Desmond Ridder,11.2,9.520000457763672
2022,16,RB,1,1-6,Dalvin Cook,23.71,10.699999809265137
2022,16,RB,2,1-6,Josh Jacobs,20.0,6.0
2022,16,RB,3,1-6,Aaron Jones,18.79,5.400000095367432
2022,16,RB,4,1-6,Saquon Barkley,18.52,27.299999237060547
2022,16,RB,5,1-6,Derrick Henry,18.14,18.600000381469727
2022,16,RB,7,7-12,Austin Ekeler,17.31,23.899999618530273
2022,16,RB,8,7-12,Tony Pollard,17.22,14.0
2022,16,RB,10,7-12,Rhamondre Stevenson,16.2,3.299999952316284
2022,16,RB,11,7-12,James Conner,15.73,25.0
2022,16,RB,12,7-12,Chuba Hubbard,14.62,12.5
2022,16,RB,13,13-24,Joe Mixon,14.52,17.799999237060547
2022,16,RB,14,13-24,Najee Harris,14.43,15.5
2022,16,RB,15,13-24,Leonard Fournette,14.15,25.200000762939453
2022,16,RB,16,13-24,Christian McCaffrey,14.15,13.800000190734863
2022,16,RB,17,13-24,Ezekiel Elliott,14.06,13.100000381469727
2022,16,RB,18,13-24,David Montgomery,13.88,10.399999618530273
2022,16,RB,19,13-24,Nick Chubb,13.88,11.199999809265137
2022,16,RB,21,13-24,Travis Etienne,13.3,14.199999809265137
2022,16,RB,22,13-24,AJ Dillon,13.1,12.800000190734863
2022,16,RB,23,13-24,D'Onta Foreman,12.5,22.5
2022,16,RB,24,13-24,Miles Sanders,12.1,6.099999904632568
2022,16,RB,25,25-40,J.K. Dobbins,11.8,5.900000095367432
2022,16,RB,26,25-40,Devin Singletary,11.8,20.5
2022,16,RB,27,25-40,Rachaad White,11.5,15.300000190734863
2022,16,RB,28,25-40,Kenneth Walker III,11.1,12.5
2022,16,RB,29,25-40,Raheem Mostert,11.0,4.900000095367432
2022,16,RB,30,25-40,Alvin Kamara,10.1,19.0
2022,16,RB,31,25-40,Isiah Pacheco,9.8,10.0
2022,16,RB,32,25-40,D'Andre Swift,9.7,3.5
2022,16,RB,33,25-40,Jamaal Williams,9.3,3.4000000953674316
2022,16,RB,34,25-40,Samaje Perine,9.1,5.199999809265137
2022,16,RB,35,25-40,Jeff Wilson,9.1,11.0
2022,16,RB,36,25-40,Cordarrelle Patterson,9.1,4.099999904632568
2022,16,RB,37,25-40,Jerick McKinnon,8.9,12.800000190734863
2022,16,RB,39,25-40,Latavius Murray,8.7,7.0
2022,16,RB,40,25-40,Tyler Allgeier,8.0,15.699999809265137
2022,16,WR,1,1-6,Justin Jefferson,22.2,31.299999237060547
2022,16,WR,2,1-6,Tyreek Hill,17.9,14.300000190734863
2022,16,WR,3,1-6,Stefon Diggs,15.8,4.599999904632568
2022,16,WR,4,1-6,Ja'Marr Chase,15.1,13.899999618530273
2022,16,WR,5,1-6,DK Metcalf,14.0,15.100000381469727
2022,16,WR,7,7-12,CeeDee Lamb,13.6,34.0
2022,16,WR,8,7-12,Keenan Allen,13.6,21.399999618530273
2022,16,WR,9,7-12,Chris Godwin Jr.,13.5,14.300000190734863
2022,16,WR,10,7-12,A.J. Brown,13.0,16.299999237060547
2022,16,WR,11,7-12,Amon-Ra St. Brown,13.0,14.600000381469727
2022,16,WR,12,7-12,Mike Williams,12.7,11.600000381469727
2022,16,WR,13,13-24,DJ Moore,12.5,20.100000381469727
2022,16,WR,14,13-24,Adam Thielen,12.3,1.600000023841858
2022,16,WR,15,13-24,Tee Higgins,12.2,26.799999237060547
2022,16,WR,16,13-24,Davante Adams,12.0,3.5
2022,16,WR,17,13-24,Jaylen Waddle,11.4,25.299999237060547
2022,16,WR,18,13-24,Zay Jones,11.4,2.0999999046325684
2022,16,WR,19,13-24,Jerry Jeudy,11.3,17.700000762939453
2022,16,WR,20,13-24,JuJu Smith-Schuster,11.0,5.699999809265137
2022,16,WR,21,13-24,Brandon Aiyuk,10.9,13.100000381469727
2022,16,WR,22,13-24,Christian Watson,10.8,10.899999618530273
2022,16,WR,23,13-24,Christian Kirk,10.8,5.599999904632568
2022,16,WR,24,13-24,Mike Evans,10.5,5.900000095367432
2022,16,WR,25,25-40,Garrett Wilson,10.5,5.0
2022,16,WR,27,25-40,Russell Gage,10.0,11.5
2022,16,WR,28,25-40,Gabe Davis,10.0,11.5
2022,16,WR,29,25-40,Josh Palmer,9.9,3.5999999046325684
2022,16,WR,31,25-40,K.J. Osborn,9.7,4.699999809265137
2022,16,WR,32,25-40,Michael Pittman,9.7,7.900000095367432
2022,16,WR,33,25-40,Diontae Johnson,9.4,11.399999618530273
2022,16,WR,34,25-40,DeVonta Smith,9.3,31.299999237060547
2022,16,WR,35,25-40,DeAndre Hopkins,8.7,1.399999976158142
2022,16,WR,36,25-40,Terry McLaurin,8.6,17.700000762939453
2022,16,WR,37,25-40,Romeo Doubs,8.6,6.599999904632568
2022,16,WR,38,25-40,Allen Lazard,8.5,11.100000381469727
2022,16,WR,39,25-40,Jakobi Meyers,8.2,20.299999237060547
2022,16,WR,40,25-40,DJ Chark,8.0,14.800000190734863
2022,16,WR,41,41-55,Tyler Boyd,8.0,5.099999904632568
2022,16,WR,43,41-55,Drake London,7.8,14.600000381469727
2022,16,WR,44,41-55,Noah Brown,7.7,1.5
2022,16,WR,45,41-55,Courtland Sutton,7.6,11.399999618530273
2022,16,WR,46,41-55,Corey Davis,7.3,3.4000000953674316
2022,16,WR,49,41-55,Julio Jones,7.1,1.5
2022,16,WR,51,41-55,Amari Cooper,7.0,13.199999809265137
2022,16,WR,52,41-55,Josh Reynolds,6.9,5.099999904632568
2022,16,WR,53,41-55,Darius Slayton,6.9,11.899999618530273
2022,16,WR,54,41-55,Elijah Moore,6.9,3.5
2022,16,TE,1,1-3,Travis Kelce,18.4,17.299999237060547
2022,16,TE,2,1-3,Evan Engram,11.6,18.299999237060547
2022,16,TE,3,1-3,T.J. Hockenson,10.6,35.900001525878906
2022,16,TE,4,4-6,George Kittle,10.6,30.0
2022,16,TE,5,4-6,Dalton Schultz,9.7,7.300000190734863
2022,16,TE,6,4-6,Mark Andrews,8.3,7.5
2022,16,TE,7,7-12,Dallas Goedert,8.2,9.699999809265137
2022,16,TE,8,7-12,Dawson Knox,8.0,12.800000190734863
2022,16,TE,9,7-12,Pat Freiermuth,7.9,13.600000381469727
2022,16,TE,10,7-12,Noah Fant,6.9,9.199999809265137
2022,16,TE,12,7-12,Darren Waller,6.5,9.800000190734863
2022,16,TE,16,13-20,Robert Tonyan,6.1,2.299999952316284
2022,16,TE,17,13-20,Cade Otton,6.0,3.200000047683716
2022,16,TE,19,13-20,David Njoku,5.8,3.4000000953674316
2022,17,QB,1,1-6,Patrick Mahomes,21.73,25.520000457763672
2022,17,QB,2,1-6,Justin Fields,21.36,16.200000762939453
2022,17,QB,3,1-6,Kirk Cousins,20.04,7.900000095367432
2022,17,QB,4,1-6,Jared Goff,18.86,22.399999618530273
2022,17,QB,5,1-6,Dak Prescott,18.42,14.380000114440918
2022,17,QB,6,1-6,Geno Smith,18.12,17.1200008392334
2022,17,QB,7,7-12,Trevor Lawrence,17.9,4.480000019073486
2022,17,QB,8,7-12,Aaron Rodgers,17.31,16.559999465942383
2022,17,QB,9,7-12,Brock Purdy,17.09,17.059999465942383
2022,17,QB,10,7-12,Tom Brady,15.99,37.68000030517578
2022,17,QB,11,7-12,Mac Jones,15.84,16.260000228881836
2022,17,QB,12,7-12,Davis Mills,15.62,9.380000114440918
2022,17,QB,14,13-24,Daniel Jones,15.47,36.18000030517578
2022,17,QB,15,13-24,Sam Darnold,14.1,21.639999389648438
2022,17,QB,16,13-24,Justin Herbert,13.3,16.68000030517578
2022,17,QB,17,13-24,Deshaun Watson,12.9,21.860000610351562
2022,17,QB,18,13-24,Tyler Huntley,12.7,9.600000381469727
2022,17,QB,20,13-24,Desmond Ridder,12.5,5.659999847412109
2022,17,QB,23,13-24,Andy Dalton,11.7,6.0
2022,17,RB,1,1-6,Dalvin Cook,20.09,6.400000095367432
2022,17,RB,2,1-6,James Conner,18.7,14.0
2022,17,RB,4,1-6,Saquon Barkley,17.87,7.300000190734863
2022,17,RB,5,1-6,Christian McCaffrey,17.59,31.299999237060547
2022,17,RB,6,1-6,Aaron Jones,17.59,13.300000190734863
2022,17,RB,7,7-12,Rhamondre Stevenson,17.03,7.099999904632568
2022,17,RB,10,7-12,Austin Ekeler,14.9,32.099998474121094
2022,17,RB,12,7-12,AJ Dillon,13.97,10.100000381469727
2022,17,RB,13,13-24,David Montgomery,13.88,5.599999904632568
2022,17,RB,15,13-24,Leonard Fournette,13.6,8.699999809265137
2022,17,RB,16,13-24,Josh Jacobs,13.6,19.5
2022,17,RB,17,13-24,Kenneth Walker III,13.4,15.199999809265137
2022,17,RB,18,13-24,Travis Etienne,12.9,23.0
2022,17,RB,19,13-24,Nick Chubb,12.8,12.600000381469727
2022,17,RB,20,13-24,Miles Sanders,12.6,6.099999904632568
2022,17,RB,21,13-24,Chuba Hubbard,12.0,9.5
2022,17,RB,22,13-24,Tyler Allgeier,11.8,16.5
2022,17,RB,24,13-24,Najee Harris,11.8,20.299999237060547
2022,17,RB,25,25-40,D'Andre Swift,11.3,27.700000762939453
2022,17,RB,26,25-40,Cordarrelle Patterson,11.0,20.399999618530273
2022,17,RB,27,25-40,Ezekiel Elliott,10.8,9.699999809265137
2022,17,RB,28,25-40,Alvin Kamara,10.8,9.0
2022,17,RB,29,25-40,Jamaal Williams,10.7,22.700000762939453
2022,17,RB,30,25-40,Cam Akers,10.5,14.300000190734863
2022,17,RB,31,25-40,D'Onta Foreman,10.2,3.5
2022,17,RB,32,25-40,Brian Robinson,9.7,8.699999809265137
2022,17,RB,33,25-40,Rachaad White,9.5,9.800000190734863
2022,17,RB,34,25-40,Isiah Pacheco,9.2,12.899999618530273
2022,17,RB,35,25-40,Jerick McKinnon,8.9,22.600000381469727
2022,17,RB,36,25-40,Raheem Mostert,8.6,23.100000381469727
2022,17,RB,37,25-40,J.K. Dobbins,8.5,9.300000190734863
2022,17,RB,40,25-40,Damien Harris,8.2,7.900000095367432
2022,17,WR,1,1-6,Justin Jefferson,20.4,2.5
2022,17,WR,2,1-6,Tyreek Hill,17.8,15.699999809265137
2022,17,WR,3,1-6,Diontae Johnson,17.0,5.5
2022,17,WR,4,1-6,CeeDee Lamb,15.4,21.0
2022,17,WR,5,1-6,Amon-Ra St. Brown,14.8,10.199999809265137
2022,17,WR,6,1-6,DK Metcalf,13.9,1.2999999523162842
2022,17,WR,7,7-12,Tyler Lockett,13.6,3.5
2022,17,WR,8,7-12,Christian Watson,13.5,2.0999999046325684
2022,17,WR,9,7-12,Jaylen Waddle,13.3,8.199999809265137
2022,17,WR,10,7-12,Chris Godwin Jr.,13.2,21.0
2022,17,WR,11,7-12,Keenan Allen,12.4,11.800000190734863
2022,17,WR,12,7-12,Davante Adams,11.9,34.29999923706055
2022,17,WR,13,13-24,A.J. Brown,11.9,19.700000762939453
2022,17,WR,14,13-24,George Pickens,11.7,4.900000095367432
2022,17,WR,15,13-24,Brandon Aiyuk,11.4,26.700000762939453
2022,17,WR,16,13-24,Allen Lazard,11.0,10.899999618530273
2022,17,WR,17,13-24,DJ Chark,10.9,7.599999904632568
2022,17,WR,19,13-24,Christian Kirk,10.7,4.099999904632568
2022,17,WR,20,13-24,Zay Jones,10.6,5.400000095367432
2022,17,WR,21,13-24,DJ Moore,10.6,23.700000762939453
2022,17,WR,22,13-24,DeVonta Smith,10.6,20.5
2022,17,WR,23,13-24,Mike Williams,10.3,16.399999618530273
2022,17,WR,24,13-24,JuJu Smith-Schuster,10.2,4.099999904632568
2022,17,WR,25,25-40,Terry McLaurin,10.1,5.699999809265137
2022,17,WR,26,25-40,Mike Evans,9.8,48.70000076293945
2022,17,WR,27,25-40,Adam Thielen,9.6,2.5999999046325684
2022,17,WR,28,25-40,Jakobi Meyers,9.5,16.899999618530273
2022,17,WR,30,25-40,Amari Cooper,9.3,25.5
2022,17,WR,31,25-40,Russell Gage,9.1,6.300000190734863
2022,17,WR,32,25-40,Romeo Doubs,8.9,5.0
2022,17,WR,33,25-40,Drake London,8.7,9.699999809265137
2022,17,WR,34,25-40,Michael Pittman,8.5,16.100000381469727
2022,17,WR,35,25-40,Jahan Dotson,8.4,6.699999809265137
2022,17,WR,36,25-40,Brandin Cooks,8.2,7.900000095367432
2022,17,WR,37,25-40,K.J. Osborn,8.0,18.899999618530273
2022,17,WR,41,41-55,Josh Palmer,7.6,0.0
2022,17,WR,42,41-55,Josh Reynolds,7.6,1.5
2022,17,WR,44,41-55,Garrett Wilson,7.4,4.800000190734863
2022,17,WR,45,41-55,Jerry Jeudy,7.4,10.800000190734863
2022,17,WR,46,41-55,Michael Gallup,7.3,6.900000095367432
2022,17,WR,47,41-55,Chris Olave,7.2,8.199999809265137
2022,17,WR,48,41-55,Hunter Renfrow,7.2,4.900000095367432
2022,17,WR,50,41-55,Robert Woods,7.1,14.899999618530273
2022,17,WR,51,41-55,Donovan Peoples-Jones,7.0,8.300000190734863
2022,17,WR,52,41-55,Treylon Burks,6.9,12.600000381469727
2022,17,WR,53,41-55,Nick Westbrook-Ikhine,6.7,1.399999976158142
2022,17,WR,54,41-55,Noah Brown,6.6,1.7000000476837158
2022,17,TE,1,1-3,Travis Kelce,16.4,11.300000190734863
2022,17,TE,2,1-3,George Kittle,13.9,12.300000190734863
2022,17,TE,3,1-3,Pat Freiermuth,13.9,6.599999904632568
2022,17,TE,4,4-6,T.J. Hockenson,13.4,12.899999618530273
2022,17,TE,5,4-6,Evan Engram,11.9,3.9000000953674316
2022,17,TE,6,4-6,Noah Fant,8.5,6.0
2022,17,TE,7,7-12,David Njoku,7.9,3.0999999046325684
2022,17,TE,8,7-12,Dalton Schultz,7.9,24.600000381469727
2022,17,TE,9,7-12,Hunter Henry,7.4,10.199999809265137
2022,17,TE,11,7-12,Dallas Goedert,7.2,7.5
2022,17,TE,12,7-12,Mark Andrews,6.6,19.0
2022,17,TE,14,13-20,Cole Kmet,6.3,10.699999809265137
2022,17,TE,16,13-20,Darren Waller,6.0,16.200000762939453
2022,17,TE,17,13-20,Tyler Higbee,5.9,4.099999904632568
2022,17,TE,18,13-20,Juwan Johnson,5.8,11.199999809265137
2022,17,TE,19,13-20,Gerald Everett,5.5,10.5
2022,17,TE,20,13-20,Austin Hooper,5.4,1.600000023841858
2023,4,QB,1,1-6,Kirk Cousins,24.3,9.5600004196167
2023,4,QB,2,1-6,Patrick Mahomes,21.29,13.220000267028809
2023,4,QB,3,1-6,Josh Allen,19.96,36.5
2023,4,QB,4,1-6,Brock Purdy,19.81,21.31999969482422
2023,4,QB,5,1-6,Russell Wilson,19.37,22.219999313354492
2023,4,QB,6,1-6,Justin Herbert,19.08,23.3799991607666
2023,4,QB,7,7-12,C.J. Stroud,18.56,21.84000015258789
2023,4,QB,8,7-12,Jalen Hurts,18.49,24.15999984741211
2023,4,QB,9,7-12,Jared Goff,17.53,11.399999618530273
2023,4,QB,10,7-12,Justin Fields,16.5,27.899999618530273
2023,4,QB,11,7-12,Tua Tagovailoa,16.5,13.979999542236328
2023,4,QB,12,7-12,Matthew Stafford,16.13,16.15999984741211
2023,4,QB,13,13-24,Derek Carr,15.91,3.180000066757202
2023,4,QB,14,13-24,Jordan Love,15.91,17.639999389648438
2023,4,QB,16,13-24,Lamar Jackson,15.47,28.139999389648438
2023,4,QB,17,13-24,Daniel Jones,15.4,8.720000267028809
2023,4,QB,18,13-24,Trevor Lawrence,14.4,16.479999542236328
2023,4,QB,19,13-24,Geno Smith,14.3,9.199999809265137
2023,4,QB,20,13-24,Joe Burrow,14.3,4.699999809265137
2023,4,QB,21,13-24,Sam Howell,14.0,19.600000381469727
2023,4,QB,22,13-24,Dak Prescott,13.7,14.34000015258789
2023,4,QB,23,13-24,Kenny Pickett,13.4,3.4600000381469727
2023,4,QB,24,13-24,Ryan Tannehill,12.5,12.699999809265137
2023,4,RB,1,1-6,Christian McCaffrey,25.29,48.70000076293945
2023,4,RB,3,1-6,Zack Moss,15.55,9.0
2023,4,RB,5,1-6,James Conner,14.9,6.599999904632568
2023,4,RB,6,1-6,Kenneth Walker III,14.52,13.899999618530273
2023,4,RB,7,7-12,Joe Mixon,14.43,8.600000381469727
2023,4,RB,9,7-12,Derrick Henry,14.25,24.3799991607666
2023,4,RB,10,7-12,Isiah Pacheco,13.88,24.799999237060547
2023,4,RB,11,7-12,Josh Jacobs,13.69,27.899999618530273
2023,4,RB,12,7-12,Tony Pollard,13.5,9.0
2023,4,RB,13,13-24,David Montgomery,13.5,34.099998474121094
2023,4,RB,14,13-24,Breece Hall,13.4,9.899999618530273
2023,4,RB,15,13-24,Brian Robinson,13.4,13.100000381469727
2023,4,RB,16,13-24,Kyren Williams,13.3,27.700000762939453
2023,4,RB,17,13-24,Dameon Pierce,12.7,11.800000190734863
2023,4,RB,18,13-24,Alexander Mattison,12.6,10.800000190734863
2023,4,RB,19,13-24,Raheem Mostert,12.5,5.5
2023,4,RB,20,13-24,Rhamondre Stevenson,12.3,6.0
2023,4,RB,21,13-24,Travis Etienne,12.2,10.199999809265137
2023,4,RB,22,13-24,James Cook,12.1,14.699999809265137
2023,4,RB,23,13-24,Kendre Miller,11.3,1.7999999523162842
2023,4,RB,24,13-24,Javonte Williams,11.3,3.9000000953674316
2023,4,RB,25,25-40,Aaron Jones,11.2,2.4000000953674316
2023,4,RB,26,25-40,D'Andre Swift,11.1,17.899999618530273
2023,4,RB,28,25-40,Jahmyr Gibbs,10.8,9.100000381469727
2023,4,RB,29,25-40,Antonio Gibson,10.8,3.5999999046325684
2023,4,RB,30,25-40,Bijan Robinson,10.3,18.700000762939453
2023,4,RB,31,25-40,Miles Sanders,10.2,6.199999809265137
2023,4,RB,32,25-40,Najee Harris,10.2,11.300000190734863
2023,4,RB,33,25-40,De'Von Achane,9.6,54.0
2023,4,RB,34,25-40,Rachaad White,9.6,10.800000190734863
2023,4,RB,35,25-40,Roschon Johnson,9.4,2.5
2023,4,RB,36,25-40,Khalil Herbert,9.4,22.200000762939453
2023,4,RB,37,25-40,Samaje Perine,9.1,5.5
2023,4,RB,38,25-40,Jerick McKinnon,8.9,0.699999988079071
2023,4,RB,39,25-40,Jaylen Warren,8.8,11.5
2023,4,RB,40,25-40,Tyjae Spears,8.8,8.800000190734863
2023,4,WR,1,1-6,Justin Jefferson,33.16,26.5
2023,4,WR,2,1-6,Puka Nacua,24.6,31.299999237060547
2023,4,WR,3,1-6,Chris Olave,22.1,1.399999976158142
2023,4,WR,4,1-6,Marquise Brown,21.0,16.600000381469727
2023,4,WR,5,1-6,Keenan Allen,18.5,12.199999809265137
2023,4,WR,6,1-6,Tyreek Hill,16.8,10.199999809265137
2023,4,WR,7,7-12,Stefon Diggs,16.6,36.0
2023,4,WR,8,7-12,Tutu Atwell,16.3,7.400000095367432
2023,4,WR,9,7-12,Amari Cooper,15.6,2.5999999046325684
2023,4,WR,10,7-12,Jordan Addison,15.2,0.0
2023,4,WR,11,7-12,Davante Adams,15.1,15.5
2023,4,WR,12,7-12,Deebo Samuel Sr.,14.9,0.6000000238418579
2023,4,WR,13,13-24,Courtland Sutton,14.6,11.699999809265137
2023,4,WR,14,13-24,Michael Wilson,14.2,26.600000381469727
2023,4,WR,15,13-24,George Pickens,14.2,5.5
2023,4,WR,16,13-24,Ja'Marr Chase,14.0,14.300000190734863
2023,4,WR,17,13-24,CeeDee Lamb,13.7,14.800000190734863
2023,4,WR,18,13-24,K.J. Osborn,13.6,2.5999999046325684
2023,4,WR,19,13-24,A.J. Brown,13.6,38.5
2023,4,WR,20,13-24,Brandon Aiyuk,13.5,20.799999237060547
2023,4,WR,21,13-24,DJ Moore,13.4,27.100000381469727
2023,4,WR,22,13-24,Garrett Wilson,13.0,15.0
2023,4,WR,23,13-24,Amon-Ra St. Brown,13.0,16.600000381469727
2023,4,WR,24,13-24,Tank Dell,12.4,7.800000190734863
2023,4,WR,25,25-40,Rashid Shaheed,12.4,6.300000190734863
2023,4,WR,26,25-40,Jerry Jeudy,12.3,8.199999809265137
2023,4,WR,27,25-40,DeVonta Smith,12.2,14.800000190734863
2023,4,WR,29,25-40,DeAndre Hopkins,11.4,10.300000190734863
2023,4,WR,30,25-40,Michael Pittman,11.3,4.5
2023,4,WR,31,25-40,DK Metcalf,11.3,12.399999618530273
2023,4,WR,32,25-40,Nico Collins,10.8,35.79999923706055
2023,4,WR,33,25-40,Jakobi Meyers,10.7,5.300000190734863
2023,4,WR,34,25-40,Mike Evans,10.7,7.0
2023,4,WR,35,25-40,Tee Higgins,10.6,3.9000000953674316
2023,4,WR,36,25-40,Adam Thielen,10.5,15.199999809265137
2023,4,WR,37,25-40,Tyler Lockett,10.4,9.399999618530273
2023,4,WR,38,25-40,Rondale Moore,10.3,0.0
2023,4,WR,39,25-40,Calvin Austin III,10.1,5.900000095367432
2023,4,WR,40,25-40,Jaylen Waddle,9.9,8.600000381469727
2023,4,WR,41,41-55,Elijah Moore,9.9,2.0
2023,4,WR,42,41-55,Terry McLaurin,9.7,16.600000381469727
2023,4,WR,43,41-55,Christian Kirk,9.7,16.399999618530273
2023,4,WR,44,41-55,Gabe Davis,9.0,15.100000381469727
2023,4,WR,45,41-55,Darnell Mooney,8.9,9.100000381469727
2023,4,WR,46,41-55,Josh Reynolds,8.8,9.899999618530273
2023,4,WR,47,41-55,Robert Woods,8.6,5.599999904632568
2023,4,WR,48,41-55,Allen Lazard,8.5,15.100000381469727
2023,4,WR,49,41-55,Jahan Dotson,8.5,12.699999809265137
2023,4,WR,50,41-55,Calvin Ridley,8.4,11.800000190734863
2023,4,WR,51,41-55,Allen Robinson,8.2,1.7999999523162842
2023,4,WR,52,41-55,Romeo Doubs,8.1,18.5
2023,4,WR,53,41-55,Tyler Boyd,7.6,6.599999904632568
2023,4,WR,54,41-55,Chris Godwin Jr.,7.4,19.399999618530273
2023,4,WR,55,41-55,Jayden Reed,7.4,10.5
2023,4,TE,1,1-3,Travis Kelce,18.9,12.0
2023,4,TE,2,1-3,T.J. Hockenson,18.8,4.400000095367432
2023,4,TE,3,1-3,George Kittle,14.7,1.899999976158142
2023,4,TE,4,4-6,Tyler Higbee,13.1,11.399999618530273
2023,4,TE,5,4-6,Pat Freiermuth,9.9,3.700000047683716
2023,4,TE,7,7-12,Cole Kmet,9.5,27.600000381469727
2023,4,TE,8,7-12,Evan Engram,8.9,12.899999618530273
2023,4,TE,9,7-12,Darren Waller,8.8,5.099999904632568
2023,4,TE,10,7-12,David Njoku,7.9,10.600000381469727
2023,4,TE,11,7-12,Sam LaPorta,7.9,9.600000381469727
2023,4,TE,13,13-20,Dallas Goedert,7.0,4.5
2023,4,TE,14,13-20,Luke Musgrave,6.9,1.100000023841858
2023,4,TE,15,13-20,Dalton Kincaid,6.7,6.699999809265137
2023,4,TE,16,13-20,Dawson Knox,6.7,2.200000047683716
2023,4,TE,17,13-20,Noah Gray,6.5,10.399999618530273
2023,4,TE,18,13-20,Noah Fant,6.5,8.300000190734863
2023,4,TE,19,13-20,Tyler Conklin,6.5,9.800000190734863
2023,4,TE,20,13-20,Jake Ferguson,6.4,14.699999809265137
2023,5,QB,1,1-6,Jalen Hurts,23.05,27.31999969482422
2023,5,QB,2,1-6,Patrick Mahomes,21.07,19.239999771118164
2023,5,QB,3,1-6,Josh Allen,20.7,27.760000228881836
2023,5,QB,4,1-6,Lamar Jackson,20.04,9.9399995803833
2023,5,QB,5,1-6,Kirk Cousins,19.96,19.860000610351562
2023,5,QB,6,1-6,Jared Goff,18.93,27.440000534057617
2023,5,QB,7,7-12,Russell Wilson,17.39,18.739999771118164
2023,5,QB,8,7-12,Joe Burrow,16.8,23.3799991607666
2023,5,QB,9,7-12,Jordan Love,16.5,4.980000019073486
2023,5,QB,10,7-12,Tua Tagovailoa,16.36,16.920000076293945
2023,5,QB,11,7-12,Matthew Stafford,16.28,16.8799991607666
2023,5,QB,12,7-12,Sam Howell,16.13,25.420000076293945
2023,5,QB,13,13-24,Justin Fields,15.3,32.97999954223633
2023,5,QB,14,13-24,C.J. Stroud,15.0,14.15999984741211
2023,5,QB,15,13-24,Ryan Tannehill,14.1,9.760000228881836
2023,5,QB,16,13-24,Daniel Jones,13.9,7.159999847412109
2023,5,QB,17,13-24,Brock Purdy,13.4,26.079999923706055
2023,5,QB,18,13-24,Trevor Lawrence,13.3,15.699999809265137
2023,5,QB,19,13-24,Dak Prescott,13.0,4.320000171661377
2023,5,QB,20,13-24,Zach Wilson,12.3,8.5600004196167
2023,5,QB,21,13-24,Mac Jones,11.6,-1.600000023841858
2023,5,QB,22,13-24,Desmond Ridder,11.5,26.15999984741211
2023,5,QB,23,13-24,Kenny Pickett,10.7,12.359999656677246
2023,5,QB,24,13-24,Derek Carr,9.3,15.720000267028809
2023,5,RB,1,1-6,Joe Mixon,21.39,13.399999618530273
2023,5,RB,2,1-6,David Montgomery,18.33,20.899999618530273
2023,5,RB,3,1-6,Derrick Henry,17.49,9.199999809265137
2023,5,RB,4,1-6,Christian McCaffrey,17.22,13.800000190734863
2023,5,RB,5,1-6,D'Andre Swift,17.03,16.799999237060547
2023,5,RB,6,1-6,Josh Jacobs,16.94,19.899999618530273
2023,5,RB,7,7-12,Bijan Robinson,16.75,11.800000190734863
2023,5,RB,8,7-12,Brian Robinson,15.82,8.300000190734863
2023,5,RB,9,7-12,Breece Hall,15.73,28.399999618530273
2023,5,RB,10,7-12,Kyren Williams,15.55,7.699999809265137
2023,5,RB,11,7-12,Isiah Pacheco,14.8,13.399999618530273
2023,5,RB,12,7-12,De'Von Achane,14.52,43.0
2023,5,RB,13,13-24,Zack Moss,14.25,33.5
2023,5,RB,14,13-24,James Conner,13.69,4.599999904632568
2023,5,RB,15,13-24,Raheem Mostert,13.6,15.800000190734863
2023,5,RB,16,13-24,Alvin Kamara,11.9,18.700000762939453
2023,5,RB,18,13-24,Travis Etienne,11.8,36.400001525878906
2023,5,RB,19,13-24,Tony Pollard,11.6,8.399999618530273
2023,5,RB,20,13-24,James Cook,11.3,5.099999904632568
2023,5,RB,21,13-24,Antonio Gibson,11.0,10.399999618530273
2023,5,RB,22,13-24,Alexander Mattison,10.7,12.600000381469727
2023,5,RB,23,13-24,Dameon Pierce,10.5,9.199999809265137
2023,5,RB,24,13-24,Rhamondre Stevenson,10.0,2.4000000953674316
2023,5,RB,28,25-40,Tyjae Spears,9.6,16.899999618530273
2023,5,RB,30,25-40,Tyler Allgeier,8.7,6.0
2023,5,RB,31,25-40,Miles Sanders,8.5,1.2000000476837158
2023,5,RB,32,25-40,Gus Edwards,8.3,4.800000190734863
2023,5,RB,34,25-40,Najee Harris,8.1,5.0
2023,5,RB,35,25-40,Bam Knight,7.8,3.5999999046325684
2023,5,RB,36,25-40,Khalil Herbert,7.8,7.599999904632568
2023,5,RB,37,25-40,AJ Dillon,7.7,27.200000762939453
2023,5,RB,38,25-40,Samaje Perine,7.6,11.5
2023,5,RB,39,25-40,Jaylen Warren,7.5,10.899999618530273
2023,5,RB,40,25-40,Jerick McKinnon,7.3,4.5
2023,5,WR,1,1-6,Puka Nacua,27.3,20.100000381469727
2023,5,WR,2,1-6,Justin Jefferson,26.6,5.800000190734863
2023,5,WR,3,1-6,A.J. Brown,22.0,18.700000762939453
2023,5,WR,4,1-6,Marquise Brown,20.8,16.100000381469727
2023,5,WR,5,1-6,Stefon Diggs,20.0,24.100000381469727
2023,5,WR,6,1-6,Davante Adams,19.2,8.5
2023,5,WR,7,7-12,DeVonta Smith,16.1,1.600000023841858
2023,5,WR,8,7-12,Michael Wilson,16.0,2.799999952316284
2023,5,WR,10,7-12,Ja'Marr Chase,15.0,52.20000076293945
2023,5,WR,11,7-12,Tutu Atwell,14.9,8.899999618530273
2023,5,WR,12,7-12,Tyreek Hill,14.5,32.099998474121094
2023,5,WR,13,13-24,Garrett Wilson,13.1,8.399999618530273
2023,5,WR,14,13-24,CeeDee Lamb,12.8,8.899999618530273
2023,5,WR,15,13-24,Jakobi Meyers,12.8,20.5
2023,5,WR,16,13-24,Michael Pittman,12.7,10.199999809265137
2023,5,WR,17,13-24,DJ Moore,12.5,49.0
2023,5,WR,18,13-24,Courtland Sutton,12.4,2.299999952316284
2023,5,WR,19,13-24,Chris Olave,11.6,9.199999809265137
2023,5,WR,20,13-24,Brandon Aiyuk,11.2,9.800000190734863
2023,5,WR,21,13-24,Christian Kirk,10.8,14.399999618530273
2023,5,WR,22,13-24,Nico Collins,10.7,6.900000095367432
2023,5,WR,23,13-24,Terry McLaurin,10.6,8.899999618530273
2023,5,WR,24,13-24,Gabe Davis,10.5,22.0
2023,5,WR,25,25-40,George Pickens,10.4,26.600000381469727
2023,5,WR,26,25-40,DeAndre Hopkins,10.3,22.0
2023,5,WR,27,25-40,Jerry Jeudy,10.2,11.0
2023,5,WR,28,25-40,Adam Thielen,10.2,27.700000762939453
2023,5,WR,29,25-40,Josh Reynolds,10.0,17.600000381469727
2023,5,WR,30,25-40,Romeo Doubs,10.0,1.399999976158142
2023,5,WR,32,25-40,Jaylen Waddle,9.8,14.5
2023,5,WR,33,25-40,K.J. Osborn,9.6,9.899999618530273
2023,5,WR,34,25-40,Jordan Addison,9.5,18.399999618530273
2023,5,WR,35,25-40,Allen Lazard,9.3,6.300000190734863
2023,5,WR,36,25-40,Drake London,9.0,14.680000305175781
2023,5,WR,37,25-40,Deebo Samuel Sr.,8.8,11.5
2023,5,WR,38,25-40,Josh Downs,8.4,15.699999809265137
2023,5,WR,39,25-40,Jahan Dotson,8.4,6.0
2023,5,WR,40,25-40,Rondale Moore,8.3,10.600000381469727
2023,5,WR,41,41-55,Nick Westbrook-Ikhine,8.2,1.899999976158142
2023,5,WR,42,41-55,Calvin Ridley,8.1,20.600000381469727
2023,5,WR,43,41-55,Tyler Boyd,8.1,9.899999618530273
2023,5,WR,44,41-55,Zay Flowers,8.0,12.300000190734863
2023,5,WR,45,41-55,Curtis Samuel,7.6,18.5
2023,5,WR,46,41-55,Jayden Reed,7.5,1.7000000476837158
2023,5,WR,47,41-55,Rashee Rice,7.4,13.300000190734863
2023,5,WR,48,41-55,Tank Dell,7.4,16.600000381469727
2023,5,WR,49,41-55,Rashid Shaheed,7.4,4.800000190734863
2023,5,WR,50,41-55,Calvin Austin III,7.3,0.0
2023,5,WR,52,41-55,Zay Jones,6.9,11.300000190734863
2023,5,WR,53,41-55,Darnell Mooney,6.9,0.0
2023,5,WR,55,41-55,Michael Gallup,6.7,3.5
2023,5,TE,1,1-3,Travis Kelce,16.9,22.700000762939453
2023,5,TE,2,1-3,T.J. Hockenson,15.5,10.100000381469727
2023,5,TE,3,1-3,Tyler Higbee,14.3,4.0
2023,5,TE,4,4-6,Mark Andrews,10.2,12.5
2023,5,TE,5,4-6,Dallas Goedert,8.9,25.700000762939453
2023,5,TE,6,4-6,Tyler Conklin,8.1,10.699999809265137
2023,5,TE,7,7-12,Darren Waller,7.9,16.600000381469727
2023,5,TE,8,7-12,Sam LaPorta,7.8,19.700000762939453
2023,5,TE,9,7-12,Cole Kmet,7.8,15.199999809265137
2023,5,TE,10,7-12,Evan Engram,7.8,6.800000190734863
2023,5,TE,12,7-12,George Kittle,7.1,27.700000762939453
2023,5,TE,13,13-20,Jonnu Smith,6.9,10.699999809265137
2023,5,TE,14,13-20,Zach Ertz,6.9,9.0
2023,5,TE,17,13-20,Jake Ferguson,6.5,5.800000190734863
2023,5,TE,18,13-20,Luke Musgrave,6.4,9.399999618530273
2023,5,TE,19,13-20,Dawson Knox,6.2,4.699999809265137
2023,5,TE,20,13-20,Noah Gray,6.2,4.099999904632568
2023,6,QB,1,1-6,Jalen Hurts,24.01,19.899999618530273
2023,6,QB,2,1-6,Patrick Mahomes,22.24,17.34000015258789
2023,6,QB,3,1-6,Lamar Jackson,20.92,17.1200008392334
2023,6,QB,4,1-6,Josh Allen,20.4,13.859999656677246
2023,6,QB,5,1-6,Justin Fields,19.96,4.920000076293945
2023,6,QB,6,1-6,Russell Wilson,19.3,6.900000095367432
2023,6,QB,7,7-12,Jared Goff,19.08,22.420000076293945
2023,6,QB,8,7-12,Tua Tagovailoa,18.64,22.479999542236328
2023,6,QB,9,7-12,Trevor Lawrence,18.34,14.739999771118164
2023,6,QB,10,7-12,Matthew Stafford,18.12,13.239999771118164
2023,6,QB,11,7-12,Kirk Cousins,16.65,8.739999771118164
2023,6,QB,12,7-12,Justin Herbert,16.36,19.079999923706055
2023,6,QB,14,13-24,Joe Burrow,15.55,13.800000190734863
2023,6,QB,15,13-24,Sam Howell,14.7,18.34000015258789
2023,6,QB,16,13-24,Brock Purdy,14.4,7.699999809265137
2023,6,QB,17,13-24,C.J. Stroud,13.4,14.15999984741211
2023,6,QB,18,13-24,Geno Smith,13.1,11.039999961853027
2023,6,QB,19,13-24,Dak Prescott,12.9,24.8799991607666
2023,6,QB,20,13-24,Derek Carr,12.7,16.31999969482422
2023,6,QB,21,13-24,Baker Mayfield,12.4,6.840000152587891
2023,6,QB,22,13-24,Bryce Young,12.2,12.680000305175781
2023,6,QB,23,13-24,Zach Wilson,11.9,10.9399995803833
2023,6,QB,24,13-24,Desmond Ridder,11.8,16.079999923706055
2023,6,RB,1,1-6,Joe Mixon,18.89,9.199999809265137
2023,6,RB,2,1-6,Travis Etienne,18.79,23.299999237060547
2023,6,RB,4,1-6,Christian McCaffrey,17.87,14.199999809265137
2023,6,RB,5,1-6,Alvin Kamara,17.87,17.399999618530273
2023,6,RB,6,1-6,Isiah Pacheco,17.68,15.800000190734863
2023,6,RB,7,7-12,Breece Hall,17.22,20.299999237060547
2023,6,RB,8,7-12,Kyren Williams,16.66,21.799999237060547
2023,6,RB,9,7-12,David Montgomery,16.47,4.300000190734863
2023,6,RB,10,7-12,D'Andre Swift,16.38,17.799999237060547
2023,6,RB,11,7-12,Austin Ekeler,15.92,10.199999809265137
2023,6,RB,12,7-12,Josh Jacobs,15.55,11.300000190734863
2023,6,RB,13,13-24,Raheem Mostert,14.9,34.20000076293945
2023,6,RB,15,13-24,Tony Pollard,13.97,17.0
2023,6,RB,16,13-24,Zack Moss,13.88,17.899999618530273
2023,6,RB,18,13-24,Derrick Henry,13.4,19.299999237060547
2023,6,RB,19,13-24,Kenneth Walker III,13.1,17.899999618530273
2023,6,RB,20,13-24,James Cook,12.0,7.099999904632568
2023,6,RB,21,13-24,Bijan Robinson,10.9,13.0
2023,6,RB,22,13-24,Brian Robinson,10.9,13.600000381469727
2023,6,RB,23,13-24,Rachaad White,10.6,6.800000190734863
2023,6,RB,25,25-40,Rhamondre Stevenson,10.1,18.0
2023,6,RB,27,25-40,Dameon Pierce,9.9,3.4000000953674316
2023,6,RB,28,25-40,Alexander Mattison,9.8,11.199999809265137
2023,6,RB,29,25-40,Saquon Barkley,9.7,13.800000190734863
2023,6,RB,30,25-40,Antonio Gibson,9.3,8.600000381469727
2023,6,RB,32,25-40,Tyjae Spears,8.9,7.300000190734863
2023,6,RB,33,25-40,Jerick McKinnon,8.6,5.0
2023,6,RB,35,25-40,Gus Edwards,8.3,6.300000190734863
2023,6,RB,36,25-40,Samaje Perine,7.9,1.600000023841858
2023,6,RB,37,25-40,Ezekiel Elliott,7.7,11.899999618530273
2023,6,RB,39,25-40,Emari Demercado,7.2,2.700000047683716
2023,6,RB,40,25-40,Javonte Williams,7.1,7.199999809265137
2023,6,WR,1,1-6,Cooper Kupp,24.3,27.799999237060547
2023,6,WR,2,1-6,Puka Nacua,21.6,6.599999904632568
2023,6,WR,3,1-6,Marquise Brown,20.1,7.400000095367432
2023,6,WR,4,1-6,Stefon Diggs,19.8,20.0
2023,6,WR,5,1-6,DJ Moore,19.7,10.100000381469727
2023,6,WR,6,1-6,A.J. Brown,18.7,20.100000381469727
2023,6,WR,7,7-12,Davante Adams,17.8,4.900000095367432
2023,6,WR,8,7-12,Tyreek Hill,17.8,28.299999237060547
2023,6,WR,10,7-12,Ja'Marr Chase,15.1,14.0
2023,6,WR,11,7-12,Chris Olave,14.7,16.600000381469727
2023,6,WR,12,7-12,Jakobi Meyers,14.4,17.100000381469727
2023,6,WR,13,13-24,Keenan Allen,13.4,21.5
2023,6,WR,14,13-24,Michael Wilson,13.4,9.199999809265137
2023,6,WR,15,13-24,Amon-Ra St. Brown,13.1,30.399999618530273
2023,6,WR,16,13-24,Christian Kirk,13.0,13.899999618530273
2023,6,WR,17,13-24,Amari Cooper,12.5,14.800000190734863
2023,6,WR,18,13-24,Garrett Wilson,12.4,17.0
2023,6,WR,19,13-24,CeeDee Lamb,11.9,18.700000762939453
2023,6,WR,20,13-24,Calvin Ridley,11.7,6.599999904632568
2023,6,WR,21,13-24,DeVonta Smith,11.6,9.399999618530273
2023,6,WR,22,13-24,Zay Flowers,11.5,17.100000381469727
2023,6,WR,23,13-24,Adam Thielen,11.5,28.5
2023,6,WR,24,13-24,Gabe Davis,11.3,3.0999999046325684
2023,6,WR,25,25-40,Jaylen Waddle,11.2,18.100000381469727
2023,6,WR,26,25-40,Jerry Jeudy,11.2,4.400000095367432
2023,6,WR,27,25-40,Courtland Sutton,11.0,14.600000381469727
2023,6,WR,28,25-40,Mike Evans,10.8,8.899999618530273
2023,6,WR,29,25-40,Tutu Atwell,10.6,4.0
2023,6,WR,30,25-40,DK Metcalf,10.5,10.899999618530273
2023,6,WR,31,25-40,DeAndre Hopkins,10.3,3.0
2023,6,WR,32,25-40,Tyler Lockett,10.2,15.399999618530273
2023,6,WR,33,25-40,Brandon Aiyuk,9.9,11.600000381469727
2023,6,WR,35,25-40,Rashid Shaheed,9.4,18.299999237060547
2023,6,WR,36,25-40,Nico Collins,9.3,12.0
2023,6,WR,37,25-40,Allen Lazard,9.2,1.7999999523162842
2023,6,WR,38,25-40,Michael Pittman,9.2,19.899999618530273
2023,6,WR,39,25-40,Jordan Addison,8.7,11.800000190734863
2023,6,WR,40,25-40,Terry McLaurin,8.7,14.100000381469727
2023,6,WR,41,41-55,Josh Reynolds,8.6,8.0
2023,6,WR,42,41-55,Chris Godwin Jr.,8.5,13.699999809265137
2023,6,WR,43,41-55,Rashee Rice,8.3,11.199999809265137
2023,6,WR,45,41-55,Rondale Moore,8.2,6.599999904632568
2023,6,WR,46,41-55,Drake London,7.8,21.5
2023,6,WR,47,41-55,Nelson Agholor,7.8,6.0
2023,6,WR,48,41-55,Elijah Moore,7.8,6.699999809265137
2023,6,WR,49,41-55,Curtis Samuel,7.7,14.199999809265137
2023,6,WR,50,41-55,Deebo Samuel Sr.,7.7,1.100000023841858
2023,6,WR,51,41-55,K.J. Osborn,7.6,8.800000190734863
2023,6,WR,52,41-55,Tee Higgins,7.3,4.0
2023,6,WR,53,41-55,Josh Downs,7.3,13.100000381469727
2023,6,WR,55,41-55,Jahan Dotson,6.9,0.0
2023,6,TE,1,1-3,Travis Kelce,21.5,21.399999618530273
2023,6,TE,2,1-3,Dallas Goedert,13.9,9.199999809265137
2023,6,TE,3,1-3,Mark Andrews,12.7,10.899999618530273
2023,6,TE,4,4-6,T.J. Hockenson,11.6,11.0
2023,6,TE,5,4-6,Cole Kmet,10.9,2.9000000953674316
2023,6,TE,6,4-6,Tyler Higbee,10.6,3.799999952316284
2023,6,TE,7,7-12,Evan Engram,10.1,11.100000381469727
2023,6,TE,8,7-12,George Kittle,9.1,1.100000023841858
2023,6,TE,11,7-12,Sam LaPorta,8.5,7.599999904632568
2023,6,TE,12,7-12,Logan Thomas,8.2,1.2000000476837158
2023,6,TE,13,13-20,Tyler Conklin,7.4,5.400000095367432
2023,6,TE,14,13-20,David Njoku,7.0,5.400000095367432
2023,6,TE,15,13-20,Noah Fant,6.8,1.899999976158142
2023,6,TE,16,13-20,Jake Ferguson,6.8,2.5
2023,6,TE,17,13-20,Noah Gray,6.7,3.5
2023,6,TE,18,13-20,Zach Ertz,6.3,4.199999809265137
2023,6,TE,19,13-20,Dawson Knox,6.1,4.699999809265137
2023,6,TE,20,13-20,Darren Waller,5.9,9.300000190734863
2023,7,QB,1,1-6,Jalen Hurts,23.05,23.260000228881836
2023,7,QB,2,1-6,Josh Allen,22.98,24.299999237060547
2023,7,QB,3,1-6,Justin Herbert,19.74,10.859999656677246
2023,7,QB,4,1-6,Patrick Mahomes,19.59,33.86000061035156
2023,7,QB,5,1-6,Geno Smith,19.59,13.760000228881836
2023,7,QB,6,1-6,Tua Tagovailoa,18.49,10.34000015258789
2023,7,QB,8,7-12,Lamar Jackson,18.12,33.880001068115234
2023,7,QB,9,7-12,Kirk Cousins,17.68,21.020000457763672
2023,7,QB,10,7-12,Brock Purdy,17.53,12.779999732971191
2023,7,QB,11,7-12,Russell Wilson,17.16,13.859999656677246
2023,7,QB,12,7-12,Matthew Stafford,16.87,14.039999961853027
2023,7,QB,13,13-24,Jordan Love,15.77,15.300000190734863
2023,7,QB,14,13-24,Desmond Ridder,15.0,13.800000190734863
2023,7,QB,15,13-24,Jared Goff,13.9,9.359999656677246
2023,7,QB,17,13-24,Trevor Lawrence,13.2,18.059999465942383
2023,7,QB,18,13-24,Sam Howell,12.5,9.460000038146973
2023,7,QB,19,13-24,Derek Carr,12.0,17.440000534057617
2023,7,QB,20,13-24,Baker Mayfield,11.1,16.200000762939453
2023,7,QB,21,13-24,Tyrod Taylor,10.6,21.65999984741211
2023,7,QB,22,13-24,PJ Walker,10.2,16.260000228881836
2023,7,QB,23,13-24,Kenny Pickett,9.9,15.199999809265137
2023,7,QB,24,13-24,Mac Jones,9.4,19.979999542236328
2023,7,RB,1,1-6,Kenneth Walker III,21.95,13.100000381469727
2023,7,RB,2,1-6,Austin Ekeler,20.37,5.599999904632568
2023,7,RB,3,1-6,Christian McCaffrey,19.63,22.600000381469727
2023,7,RB,4,1-6,Josh Jacobs,15.73,5.099999904632568
2023,7,RB,5,1-6,Raheem Mostert,15.64,6.099999904632568
2023,7,RB,7,7-12,Isiah Pacheco,15.55,16.0
2023,7,RB,9,7-12,D'Andre Swift,13.97,10.5
2023,7,RB,10,7-12,Travis Etienne,13.97,22.700000762939453
2023,7,RB,11,7-12,Zack Moss,13.69,7.199999809265137
2023,7,RB,12,7-12,Bijan Robinson,13.6,0.30000001192092896
2023,7,RB,13,13-24,James Cook,13.5,19.200000762939453
2023,7,RB,14,13-24,Alvin Kamara,13.0,29.299999237060547
2023,7,RB,18,13-24,Aaron Jones,11.1,8.699999809265137
2023,7,RB,19,13-24,Rachaad White,10.5,15.899999618530273
2023,7,RB,20,13-24,AJ Dillon,10.5,23.0
2023,7,RB,21,13-24,Brian Robinson,10.4,8.300000190734863
2023,7,RB,22,13-24,D'Onta Foreman,9.8,33.0
2023,7,RB,24,13-24,Jamaal Williams,9.3,1.399999976158142
2023,7,RB,25,25-40,Saquon Barkley,9.1,18.799999237060547
2023,7,RB,26,25-40,Alexander Mattison,8.7,6.199999809265137
2023,7,RB,27,25-40,Jaleel McLaughlin,8.6,5.599999904632568
2023,7,RB,28,25-40,Rhamondre Stevenson,8.6,14.5
2023,7,RB,29,25-40,Antonio Gibson,8.3,5.099999904632568
2023,7,RB,30,25-40,Jerome Ford,8.3,17.399999618530273
2023,7,RB,32,25-40,Javonte Williams,7.9,12.600000381469727
2023,7,RB,33,25-40,Samaje Perine,7.6,7.099999904632568
2023,7,RB,34,25-40,Kareem Hunt,7.6,15.100000381469727
2023,7,RB,35,25-40,Latavius Murray,7.4,4.800000190734863
2023,7,RB,36,25-40,Jaylen Warren,7.4,10.100000381469727
2023,7,RB,37,25-40,Najee Harris,7.2,15.800000190734863
2023,7,RB,38,25-40,Joshua Kelley,6.9,13.5
2023,7,RB,39,25-40,Gus Edwards,6.6,21.399999618530273
2023,7,RB,40,25-40,Ezekiel Elliott,6.6,9.100000381469727
2023,7,WR,1,1-6,Cooper Kupp,25.5,6.900000095367432
2023,7,WR,3,1-6,Stefon Diggs,21.3,17.799999237060547
2023,7,WR,4,1-6,A.J. Brown,19.5,29.700000762939453
2023,7,WR,5,1-6,Puka Nacua,17.4,23.399999618530273
2023,7,WR,6,1-6,Tyler Lockett,17.2,7.800000190734863
2023,7,WR,7,7-12,Marquise Brown,17.2,7.900000095367432
2023,7,WR,8,7-12,Tyreek Hill,16.8,25.799999237060547
2023,7,WR,10,7-12,DJ Moore,15.4,13.399999618530273
2023,7,WR,11,7-12,Keenan Allen,15.3,9.5
2023,7,WR,12,7-12,Brandon Aiyuk,14.3,10.699999809265137
2023,7,WR,13,13-24,Chris Olave,14.1,12.699999809265137
2023,7,WR,14,13-24,Davante Adams,13.8,12.699999809265137
2023,7,WR,15,13-24,Jakobi Meyers,13.0,18.0
2023,7,WR,16,13-24,Drake London,12.7,11.399999618530273
2023,7,WR,17,13-24,Jordan Addison,12.4,31.299999237060547
2023,7,WR,18,13-24,Michael Wilson,12.4,5.599999904632568
2023,7,WR,19,13-24,Amari Cooper,12.2,4.199999809265137
2023,7,WR,20,13-24,DeVonta Smith,11.7,8.899999618530273
2023,7,WR,22,13-24,Courtland Sutton,11.5,19.600000381469727
2023,7,WR,23,13-24,Jaylen Waddle,11.2,12.300000190734863
2023,7,WR,24,13-24,Gabe Davis,11.2,1.600000023841858
2023,7,WR,26,25-40,George Pickens,10.5,15.699999809265137
2023,7,WR,27,25-40,Rashid Shaheed,10.4,7.199999809265137
2023,7,WR,28,25-40,Jerry Jeudy,10.3,11.399999618530273
2023,7,WR,29,25-40,Mike Evans,10.3,20.200000762939453
2023,7,WR,30,25-40,K.J. Osborn,10.2,9.699999809265137
2023,7,WR,31,25-40,Amon-Ra St. Brown,10.1,23.200000762939453
2023,7,WR,32,25-40,Christian Watson,9.7,5.699999809265137
2023,7,WR,33,25-40,Christian Kirk,9.4,19.0
2023,7,WR,34,25-40,Tutu Atwell,9.3,10.100000381469727
2023,7,WR,35,25-40,Romeo Doubs,9.1,11.0
2023,7,WR,36,25-40,Chris Godwin Jr.,8.8,12.600000381469727
2023,7,WR,37,25-40,Michael Pittman,8.4,16.299999237060547
2023,7,WR,38,25-40,Rashee Rice,8.0,17.0
2023,7,WR,39,25-40,Rondale Moore,7.9,4.599999904632568
2023,7,WR,40,25-40,Zay Flowers,7.8,11.5
2023,7,WR,41,41-55,Terry McLaurin,7.8,15.0
2023,7,WR,42,41-55,Jaxon Smith-Njigba,7.4,16.299999237060547
2023,7,WR,43,41-55,Calvin Ridley,7.3,1.5
2023,7,WR,44,41-55,Kendrick Bourne,7.1,16.299999237060547
2023,7,WR,45,41-55,Elijah Moore,7.0,9.899999618530273
2023,7,WR,46,41-55,Curtis Samuel,6.8,6.5
2023,7,WR,47,41-55,Josh Palmer,6.8,18.299999237060547
2023,7,WR,48,41-55,Van Jefferson,6.6,1.5
2023,7,WR,49,41-55,Jayden Reed,6.3,11.100000381469727
2023,7,WR,51,41-55,Josh Downs,5.9,23.5
2023,7,WR,52,41-55,Darnell Mooney,5.6,7.400000095367432
2023,7,WR,53,41-55,Olamide Zaccheaus,5.6,0.0
2023,7,WR,54,41-55,Josh Reynolds,5.6,6.300000190734863
2023,7,WR,55,41-55,Allen Robinson,5.2,1.7000000476837158
2023,7,TE,1,1-3,Travis Kelce,16.3,35.900001525878906
2023,7,TE,2,1-3,T.J. Hockenson,12.1,19.600000381469727
2023,7,TE,3,1-3,Dallas Goedert,11.9,18.700000762939453
2023,7,TE,4,4-6,George Kittle,11.5,13.0
2023,7,TE,5,4-6,Noah Fant,9.1,3.5
2023,7,TE,6,4-6,Mark Andrews,9.1,22.299999237060547
2023,7,TE,7,7-12,Tyler Higbee,8.6,1.7000000476837158
2023,7,TE,8,7-12,Luke Musgrave,8.0,7.0
2023,7,TE,9,7-12,Cole Kmet,8.0,0.0
2023,7,TE,10,7-12,Kyle Pitts,7.7,7.699999809265137
2023,7,TE,11,7-12,Jonnu Smith,7.7,5.699999809265137
2023,7,TE,12,7-12,David Njoku,7.5,10.399999618530273
2023,7,TE,13,13-20,Dawson Knox,7.0,4.0
2023,7,TE,15,13-20,Colby Parkinson,6.9,4.599999904632568
2023,7,TE,17,13-20,Evan Engram,6.3,9.5
2023,7,TE,18,13-20,Trey McBride,6.1,5.900000095367432
2023,7,TE,19,13-20,Blake Bell,6.0,-0.30000001192092896
2023,7,TE,20,13-20,Dalton Kincaid,6.0,15.5
2023,8,QB,1,1-6,Lamar Jackson,25.92,11.979999542236328
2023,8,QB,2,1-6,Josh Allen,25.41,29.059999465942383
2023,8,QB,3,1-6,Patrick Mahomes,23.64,5.599999904632568
2023,8,QB,4,1-6,Jalen Hurts,19.59,27.360000610351562
2023,8,QB,5,1-6,Trevor Lawrence,18.78,14.680000305175781
2023,8,QB,6,1-6,Tua Tagovailoa,18.78,21.760000228881836
2023,8,QB,7,7-12,Justin Herbert,18.42,24.020000457763672
2023,8,QB,8,7-12,Jared Goff,17.68,12.680000305175781
2023,8,QB,9,7-12,C.J. Stroud,17.39,12.899999618530273
2023,8,QB,10,7-12,Kirk Cousins,17.09,19.860000610351562
2023,8,QB,11,7-12,Joe Burrow,16.28,27.6200008392334
2023,8,QB,12,7-12,Derek Carr,16.21,18.299999237060547
2023,8,QB,13,13-24,Desmond Ridder,16.13,3.440000057220459
2023,8,QB,14,13-24,Russell Wilson,15.99,17.559999465942383
2023,8,QB,15,13-24,Tyson Bagent,15.47,11.180000305175781
2023,8,QB,16,13-24,Sam Howell,15.2,30.979999542236328
2023,8,QB,17,13-24,Jordan Love,14.9,14.5600004196167
2023,8,QB,18,13-24,Dak Prescott,14.9,28.059999465942383
2023,8,QB,19,13-24,Brock Purdy,13.8,18.299999237060547
2023,8,QB,20,13-24,Tyrod Taylor,13.8,3.619999885559082
2023,8,QB,21,13-24,Geno Smith,12.8,13.859999656677246
2023,8,QB,22,13-24,Bryce Young,12.8,14.5
2023,8,QB,23,13-24,Gardner Minshew,12.7,14.819999694824219
2023,8,QB,24,13-24,Mac Jones,12.4,12.239999771118164
2023,8,RB,1,1-6,Travis Etienne,20.0,25.899999618530273
2023,8,RB,2,1-6,Austin Ekeler,19.35,23.299999237060547
2023,8,RB,3,1-6,Alvin Kamara,19.26,27.0
2023,8,RB,4,1-6,Isiah Pacheco,17.4,6.699999809265137
2023,8,RB,7,7-12,James Cook,16.75,8.300000190734863
2023,8,RB,8,7-12,Christian McCaffrey,16.57,29.799999237060547
2023,8,RB,9,7-12,Breece Hall,15.73,21.299999237060547
2023,8,RB,10,7-12,Joe Mixon,15.64,20.0
2023,8,RB,11,7-12,Tony Pollard,14.52,6.5
2023,8,RB,12,7-12,Kenneth Walker III,13.97,8.0
2023,8,RB,13,13-24,Raheem Mostert,13.97,10.600000381469727
2023,8,RB,14,13-24,D'Onta Foreman,13.5,4.599999904632568
2023,8,RB,15,13-24,Bijan Robinson,13.5,12.199999809265137
2023,8,RB,17,13-24,Jahmyr Gibbs,13.1,29.899999618530273
2023,8,RB,18,13-24,Saquon Barkley,12.6,15.800000190734863
2023,8,RB,19,13-24,Josh Jacobs,12.4,16.799999237060547
2023,8,RB,20,13-24,Gus Edwards,12.0,29.399999618530273
2023,8,RB,21,13-24,Dameon Pierce,12.0,4.599999904632568
2023,8,RB,22,13-24,Miles Sanders,11.5,0.0
2023,8,RB,23,13-24,Zack Moss,11.5,14.399999618530273
2023,8,RB,24,13-24,Derrick Henry,11.5,16.200000762939453
2023,8,RB,25,25-40,Brian Robinson,11.3,9.899999618530273
2023,8,RB,26,25-40,D'Andre Swift,11.2,14.399999618530273
2023,8,RB,27,25-40,Chuba Hubbard,10.8,7.400000095367432
2023,8,RB,29,25-40,Rachaad White,10.5,17.899999618530273
2023,8,RB,30,25-40,Rhamondre Stevenson,10.1,7.0
2023,8,RB,31,25-40,Alexander Mattison,10.0,4.300000190734863
2023,8,RB,32,25-40,Jamaal Williams,9.8,4.800000190734863
2023,8,RB,34,25-40,Antonio Gibson,9.5,9.199999809265137
2023,8,RB,36,25-40,Joshua Kelley,9.3,2.0999999046325684
2023,8,RB,38,25-40,Aaron Jones,8.7,8.600000381469727
2023,8,RB,39,25-40,AJ Dillon,8.5,20.399999618530273
2023,8,RB,40,25-40,Latavius Murray,8.3,2.0999999046325684
2023,8,WR,1,1-6,Stefon Diggs,23.7,16.0
2023,8,WR,2,1-6,A.J. Brown,19.0,33.0
2023,8,WR,4,1-6,DJ Moore,18.6,9.5
2023,8,WR,5,1-6,Ja'Marr Chase,18.4,25.200000762939453
2023,8,WR,6,1-6,Tyreek Hill,18.3,25.200000762939453
2023,8,WR,7,7-12,Chris Olave,17.2,9.600000381469727
2023,8,WR,8,7-12,Adam Thielen,15.8,15.199999809265137
2023,8,WR,9,7-12,Amon-Ra St. Brown,15.3,16.799999237060547
2023,8,WR,10,7-12,Marquise Brown,14.8,15.300000190734863
2023,8,WR,11,7-12,Davante Adams,14.2,2.0999999046325684
2023,8,WR,12,7-12,Cooper Kupp,14.2,6.099999904632568
2023,8,WR,13,13-24,Jakobi Meyers,14.1,2.9000000953674316
2023,8,WR,14,13-24,CeeDee Lamb,13.9,41.0
2023,8,WR,15,13-24,Keenan Allen,13.7,14.899999618530273
2023,8,WR,16,13-24,Christian Kirk,13.6,8.600000381469727
2023,8,WR,17,13-24,Puka Nacua,13.0,7.300000190734863
2023,8,WR,18,13-24,Drake London,12.8,10.5
2023,8,WR,19,13-24,Jordan Addison,12.3,21.399999618530273
2023,8,WR,20,13-24,Zay Flowers,12.2,6.900000095367432
2023,8,WR,21,13-24,Rashid Shaheed,12.0,24.299999237060547
2023,8,WR,22,13-24,Jaylen Waddle,11.9,25.100000381469727
2023,8,WR,23,13-24,Nico Collins,11.6,7.0
2023,8,WR,24,13-24,Michael Wilson,11.5,9.800000190734863
2023,8,WR,25,25-40,George Pickens,11.4,9.199999809265137
2023,8,WR,27,25-40,Terry McLaurin,11.2,17.299999237060547
2023,8,WR,28,25-40,Courtland Sutton,11.2,10.899999618530273
2023,8,WR,29,25-40,Gabe Davis,11.0,23.700000762939453
2023,8,WR,30,25-40,Mike Evans,10.7,12.899999618530273
2023,8,WR,31,25-40,Rashee Rice,10.6,9.600000381469727
2023,8,WR,32,25-40,DeVonta Smith,10.2,22.899999618530273
2023,8,WR,33,25-40,Garrett Wilson,10.2,17.600000381469727
2023,8,WR,34,25-40,DK Metcalf,10.1,11.699999809265137
2023,8,WR,35,25-40,Brandon Aiyuk,10.0,15.899999618530273
2023,8,WR,36,25-40,Michael Pittman,9.5,18.0
2023,8,WR,37,25-40,Tank Dell,9.3,12.199999809265137
2023,8,WR,38,25-40,Tyler Lockett,9.2,22.100000381469727
2023,8,WR,39,25-40,Jerry Jeudy,9.2,13.0
2023,8,WR,40,25-40,Calvin Ridley,9.2,14.300000190734863
2023,8,WR,41,41-55,Tyler Boyd,9.1,13.600000381469727
2023,8,WR,42,41-55,Chris Godwin Jr.,8.7,17.799999237060547
2023,8,WR,43,41-55,Tee Higgins,8.7,11.899999618530273
2023,8,WR,44,41-55,Christian Watson,8.7,6.300000190734863
2023,8,WR,45,41-55,Romeo Doubs,8.6,11.800000190734863
2023,8,WR,46,41-55,Curtis Samuel,8.5,6.199999809265137
2023,8,WR,47,41-55,K.J. Osborn,8.5,17.899999618530273
2023,8,WR,48,41-55,Josh Palmer,8.4,5.400000095367432
2023,8,WR,49,41-55,Josh Downs,8.3,14.199999809265137
2023,8,WR,52,41-55,DJ Chark,8.2,4.300000190734863
2023,8,WR,53,41-55,Josh Reynolds,7.7,0.30000001192092896
2023,8,WR,54,41-55,Darnell Mooney,7.4,5.400000095367432
2023,8,WR,55,41-55,Nelson Agholor,7.3,0.0
2023,8,TE,1,1-3,Travis Kelce,26.19,11.800000190734863
2023,8,TE,2,1-3,Mark Andrews,15.5,14.0
2023,8,TE,3,1-3,T.J. Hockenson,13.1,20.799999237060547
2023,8,TE,4,4-6,Evan Engram,10.2,16.799999237060547
2023,8,TE,5,4-6,Dallas Goedert,9.8,7.599999904632568
2023,8,TE,6,4-6,George Kittle,9.5,23.899999618530273
2023,8,TE,7,7-12,Juwan Johnson,9.3,1.5
2023,8,TE,8,7-12,Kyle Pitts,8.6,6.5
2023,8,TE,9,7-12,Jonnu Smith,8.4,2.299999952316284
2023,8,TE,10,7-12,Darren Waller,8.3,1.399999976158142
2023,8,TE,11,7-12,Sam LaPorta,8.3,19.700000762939453
2023,8,TE,12,7-12,Dalton Kincaid,8.3,17.5
2023,8,TE,13,13-20,Cole Kmet,8.2,17.899999618530273
2023,8,TE,14,13-20,Dalton Schultz,8.2,2.5
2023,8,TE,15,13-20,Jake Ferguson,7.2,14.699999809265137
2023,8,TE,16,13-20,Logan Thomas,7.1,16.399999618530273
2023,8,TE,18,13-20,Luke Musgrave,6.8,2.9000000953674316
2023,8,TE,20,13-20,David Njoku,6.1,17.700000762939453
2023,9,QB,1,1-6,Lamar Jackson,21.8,11.479999542236328
2023,9,QB,2,1-6,Tua Tagovailoa,19.67,12.420000076293945
2023,9,QB,3,1-6,Josh Allen,19.45,24.719999313354492
2023,9,QB,4,1-6,Patrick Mahomes,19.23,15.800000190734863
2023,9,QB,5,1-6,Jalen Hurts,18.86,25.8799991607666
2023,9,QB,6,1-6,Sam Howell,17.9,17.700000762939453
2023,9,QB,7,7-12,Justin Herbert,17.75,7.139999866485596
2023,9,QB,8,7-12,C.J. Stroud,17.31,41.79999923706055
2023,9,QB,9,7-12,Dak Prescott,17.24,28.360000610351562
2023,9,QB,10,7-12,Will Levis,16.94,8.680000305175781
2023,9,QB,11,7-12,Gardner Minshew,16.36,9.579999923706055
2023,9,QB,12,7-12,Joe Burrow,16.13,22.31999969482422
2023,9,QB,13,13-24,Bryce Young,15.91,9.020000457763672
2023,9,QB,16,13-24,Derek Carr,15.2,16.739999771118164
2023,9,QB,17,13-24,Kenny Pickett,14.4,10.300000190734863
2023,9,QB,19,13-24,Baker Mayfield,14.2,19.0
2023,9,QB,20,13-24,Jordan Love,14.1,13.819999694824219
2023,9,QB,22,13-24,Mac Jones,12.9,11.100000381469727
2023,9,QB,23,13-24,Geno Smith,12.1,2.680000066757202
2023,9,RB,1,1-6,Austin Ekeler,21.02,21.0
2023,9,RB,2,1-6,Alvin Kamara,18.33,11.0
2023,9,RB,3,1-6,Derrick Henry,16.75,19.200000762939453
2023,9,RB,4,1-6,Breece Hall,16.38,10.0
2023,9,RB,5,1-6,Joe Mixon,16.1,17.799999237060547
2023,9,RB,6,1-6,Zack Moss,15.55,2.5999999046325684
2023,9,RB,8,7-12,Rachaad White,15.08,27.899999618530273
2023,9,RB,9,7-12,Saquon Barkley,14.43,14.300000190734863
2023,9,RB,12,7-12,Raheem Mostert,12.9,14.5
2023,9,RB,13,13-24,Bijan Robinson,12.6,5.900000095367432
2023,9,RB,14,13-24,Gus Edwards,12.6,17.200000762939453
2023,9,RB,15,13-24,Kenneth Walker III,12.4,2.700000047683716
2023,9,RB,16,13-24,James Cook,12.1,7.900000095367432
2023,9,RB,17,13-24,Brian Robinson,12.1,11.699999809265137
2023,9,RB,18,13-24,Isiah Pacheco,11.7,6.599999904632568
2023,9,RB,19,13-24,Jonathan Taylor,11.5,17.899999618530273
2023,9,RB,20,13-24,D'Andre Swift,11.5,9.399999618530273
2023,9,RB,21,13-24,Tony Pollard,11.5,9.300000190734863
2023,9,RB,22,13-24,Kareem Hunt,11.4,9.800000190734863
2023,9,RB,23,13-24,Josh Jacobs,11.3,21.799999237060547
2023,9,RB,24,13-24,Antonio Gibson,11.0,12.600000381469727
2023,9,RB,26,25-40,Chuba Hubbard,10.5,10.699999809265137
2023,9,RB,27,25-40,Jerome Ford,10.1,12.699999809265137
2023,9,RB,29,25-40,Najee Harris,9.3,15.600000381469727
2023,9,RB,31,25-40,Darrell Henderson,9.0,5.5
2023,9,RB,32,25-40,Tyjae Spears,8.9,6.199999809265137
2023,9,RB,33,25-40,Rhamondre Stevenson,8.8,22.899999618530273
2023,9,RB,34,25-40,D'Onta Foreman,8.6,8.300000190734863
2023,9,RB,35,25-40,Miles Sanders,8.6,9.100000381469727
2023,9,RB,36,25-40,Aaron Jones,8.4,17.899999618530273
2023,9,RB,37,25-40,AJ Dillon,8.2,10.600000381469727
2023,9,RB,38,25-40,Jamaal Williams,8.1,3.200000047683716
2023,9,RB,39,25-40,Devin Singletary,7.9,4.599999904632568
2023,9,RB,40,25-40,Jaylen Warren,7.9,14.300000190734863
2023,9,WR,1,1-6,A.J. Brown,19.3,19.600000381469727
2023,9,WR,2,1-6,Tyreek Hill,19.0,12.5
2023,9,WR,3,1-6,Adam Thielen,18.0,7.900000095367432
2023,9,WR,4,1-6,CeeDee Lamb,17.5,28.100000381469727
2023,9,WR,5,1-6,Ja'Marr Chase,16.5,8.100000381469727
2023,9,WR,6,1-6,Stefon Diggs,16.4,22.600000381469727
2023,9,WR,7,7-12,Cooper Kupp,15.6,6.800000190734863
2023,9,WR,8,7-12,Marquise Brown,15.1,6.400000095367432
2023,9,WR,9,7-12,DeAndre Hopkins,14.7,10.5
2023,9,WR,10,7-12,Jaylen Waddle,14.4,8.399999618530273
2023,9,WR,11,7-12,Puka Nacua,14.3,6.199999809265137
2023,9,WR,13,13-24,Chris Olave,13.9,16.600000381469727
2023,9,WR,14,13-24,Mike Evans,13.5,12.699999809265137
2023,9,WR,15,13-24,DJ Moore,12.6,5.400000095367432
2023,9,WR,16,13-24,George Pickens,12.6,1.899999976158142
2023,9,WR,17,13-24,Michael Pittman,12.5,14.399999618530273
2023,9,WR,18,13-24,Garrett Wilson,12.4,13.0
2023,9,WR,19,13-24,Amari Cooper,12.4,24.899999618530273
2023,9,WR,20,13-24,Terry McLaurin,12.3,12.300000190734863
2023,9,WR,21,13-24,Chris Godwin Jr.,12.2,3.5999999046325684
2023,9,WR,22,13-24,Keenan Allen,12.0,15.699999809265137
2023,9,WR,23,13-24,DeVonta Smith,11.2,14.100000381469727
2023,9,WR,25,25-40,Diontae Johnson,11.0,22.0
2023,9,WR,27,25-40,Nico Collins,11.0,14.399999618530273
2023,9,WR,28,25-40,Josh Downs,10.5,2.0
2023,9,WR,29,25-40,Jordan Addison,10.4,10.199999809265137
2023,9,WR,31,25-40,Rashid Shaheed,10.1,5.199999809265137
2023,9,WR,32,25-40,Jahan Dotson,10.0,16.899999618530273
2023,9,WR,33,25-40,Zay Flowers,9.8,2.0999999046325684
2023,9,WR,34,25-40,Tyler Lockett,9.6,6.199999809265137
2023,9,WR,35,25-40,Gabe Davis,9.2,0.0
2023,9,WR,36,25-40,Rashee Rice,9.1,9.699999809265137
2023,9,WR,37,25-40,DJ Chark,9.1,8.899999618530273
2023,9,WR,38,25-40,Davante Adams,8.9,7.400000095367432
2023,9,WR,39,25-40,Jakobi Meyers,8.8,13.5
2023,9,WR,40,25-40,DK Metcalf,8.8,6.0
2023,9,WR,41,41-55,Jonathan Mingo,8.6,1.5
2023,9,WR,43,41-55,Tank Dell,8.2,59.20000076293945
2023,9,WR,44,41-55,Christian Watson,8.2,4.699999809265137
2023,9,WR,45,41-55,Romeo Doubs,8.2,6.599999904632568
2023,9,WR,46,41-55,Tyler Boyd,8.2,8.600000381469727
2023,9,WR,47,41-55,Brandin Cooks,8.2,1.7000000476837158
2023,9,WR,49,41-55,Elijah Moore,7.7,3.4000000953674316
2023,9,WR,50,41-55,Tee Higgins,7.4,19.0
2023,9,WR,51,41-55,K.J. Osborn,7.3,3.700000047683716
2023,9,WR,52,41-55,Allen Lazard,7.2,3.799999952316284
2023,9,WR,53,41-55,Tutu Atwell,7.1,5.300000190734863
2023,9,WR,54,41-55,Jayden Reed,7.1,7.0
2023,9,TE,1,1-3,Travis Kelce,19.4,4.400000095367432
2023,9,TE,2,1-3,Mark Andrews,13.8,17.0
2023,9,TE,3,1-3,David Njoku,11.3,12.600000381469727
2023,9,TE,4,4-6,Logan Thomas,10.2,7.099999904632568
2023,9,TE,5,4-6,T.J. Hockenson,9.9,13.899999618530273
2023,9,TE,6,4-6,Dallas Goedert,9.4,8.0
2023,9,TE,7,7-12,Trey McBride,7.7,5.199999809265137
2023,9,TE,8,7-12,Dalton Kincaid,7.7,16.100000381469727
2023,9,TE,9,7-12,Dalton Schultz,7.6,27.0
2023,9,TE,11,7-12,Jake Ferguson,7.2,22.100000381469727
2023,9,TE,12,7-12,Kyle Pitts,7.1,9.600000381469727
2023,9,TE,13,13-20,Cole Kmet,7.0,23.5
2023,9,TE,15,13-20,Gerald Everett,6.8,3.799999952316284
2023,9,TE,16,13-20,Cade Otton,6.7,25.0
2023,9,TE,17,13-20,Juwan Johnson,6.5,13.899999618530273
2023,9,TE,18,13-20,Jonnu Smith,6.5,21.0
2023,9,TE,19,13-20,Tyler Higbee,6.5,0.0
2023,9,TE,20,13-20,Foster Moreau,5.9,3.299999952316284
2023,10,QB,1,1-6,Josh Allen,24.82,14.380000114440918
2023,10,QB,2,1-6,Joe Burrow,19.3,19.8799991607666
2023,10,QB,3,1-6,Sam Howell,18.12,24.18000030517578
2023,10,QB,4,1-6,Trevor Lawrence,17.75,2.0999999046325684
2023,10,QB,5,1-6,Baker Mayfield,17.39,18.31999969482422
2023,10,QB,6,1-6,Dak Prescott,17.02,37.86000061035156
2023,10,QB,7,7-12,Taylor Heinicke,16.87,9.600000381469727
2023,10,QB,8,7-12,Will Levis,16.8,5.960000038146973
2023,10,QB,9,7-12,Brock Purdy,16.43,23.84000015258789
2023,10,QB,10,7-12,Justin Herbert,15.99,28.420000076293945
2023,10,QB,11,7-12,Gardner Minshew,15.91,5.659999847412109
2023,10,QB,12,7-12,Jared Goff,15.91,21.1200008392334
2023,10,QB,13,13-24,Lamar Jackson,15.84,13.020000457763672
2023,10,QB,14,13-24,C.J. Stroud,15.77,19.040000915527344
2023,10,QB,15,13-24,Derek Carr,15.69,5.400000095367432
2023,10,QB,16,13-24,Mac Jones,14.9,7.300000190734863
2023,10,QB,17,13-24,Russell Wilson,14.4,18.719999313354492
2023,10,QB,18,13-24,Geno Smith,14.2,24.059999465942383
2023,10,QB,19,13-24,Jordan Love,14.0,16.65999984741211
2023,10,QB,20,13-24,Tyson Bagent,13.8,7.679999828338623
2023,10,QB,21,13-24,Kenny Pickett,11.8,6.639999866485596
2023,10,QB,22,13-24,Bryce Young,11.7,9.199999809265137
2023,10,QB,23,13-24,Zach Wilson,11.6,13.920000076293945
2023,10,QB,24,13-24,Clayton Tune,9.1,6.099999904632568
2023,10,RB,1,1-6,Joe Mixon,22.88,12.5
2023,10,RB,2,1-6,Travis Etienne,19.91,6.400000095367432
2023,10,RB,3,1-6,Breece Hall,18.7,10.5
2023,10,RB,4,1-6,Christian McCaffrey,18.33,20.200000762939453
2023,10,RB,5,1-6,James Cook,17.03,12.0
2023,10,RB,6,1-6,Derrick Henry,16.84,3.0
2023,10,RB,7,7-12,Austin Ekeler,16.29,21.5
2023,10,RB,8,7-12,Rachaad White,16.1,17.799999237060547
2023,10,RB,9,7-12,Alvin Kamara,15.73,18.5
2023,10,RB,10,7-12,Josh Jacobs,15.64,12.699999809265137
2023,10,RB,11,7-12,David Montgomery,15.27,17.600000381469727
2023,10,RB,12,7-12,Rhamondre Stevenson,14.8,13.199999809265137
2023,10,RB,13,13-24,Brian Robinson,14.34,27.700000762939453
2023,10,RB,14,13-24,Jonathan Taylor,14.34,14.5
2023,10,RB,15,13-24,Bijan Robinson,14.25,17.600000381469727
2023,10,RB,16,13-24,Jahmyr Gibbs,13.6,26.200000762939453
2023,10,RB,17,13-24,Tony Pollard,13.0,5.5
2023,10,RB,18,13-24,Zack Moss,12.8,0.20000000298023224
2023,10,RB,19,13-24,Antonio Gibson,12.2,16.5
2023,10,RB,20,13-24,D'Onta Foreman,11.9,17.200000762939453
2023,10,RB,21,13-24,Kenneth Walker III,11.5,19.700000762939453
2023,10,RB,22,13-24,Najee Harris,11.3,18.600000381469727
2023,10,RB,23,13-24,Saquon Barkley,11.2,7.099999904632568
2023,10,RB,25,25-40,Gus Edwards,9.7,9.800000190734863
2023,10,RB,26,25-40,Aaron Jones,9.6,9.399999618530273
2023,10,RB,27,25-40,Jaylen Warren,9.3,19.0
2023,10,RB,28,25-40,Ezekiel Elliott,8.9,10.800000190734863
2023,10,RB,29,25-40,James Conner,8.8,7.300000190734863
2023,10,RB,30,25-40,Tyjae Spears,8.6,10.0
2023,10,RB,31,25-40,Latavius Murray,8.6,14.899999618530273
2023,10,RB,32,25-40,Chuba Hubbard,8.5,5.900000095367432
2023,10,RB,36,25-40,Javonte Williams,8.0,21.0
2023,10,RB,37,25-40,Alexander Mattison,8.0,4.300000190734863
2023,10,RB,38,25-40,Tyler Allgeier,8.0,4.800000190734863
2023,10,RB,39,25-40,AJ Dillon,7.0,18.200000762939453
2023,10,RB,40,25-40,Devin Singletary,6.6,23.100000381469727
2023,10,WR,1,1-6,Stefon Diggs,20.6,6.400000095367432
2023,10,WR,3,1-6,CeeDee Lamb,17.7,39.5
2023,10,WR,4,1-6,DeAndre Hopkins,16.6,5.699999809265137
2023,10,WR,5,1-6,Ja'Marr Chase,16.6,23.399999618530273
2023,10,WR,6,1-6,Mike Evans,16.0,26.299999237060547
2023,10,WR,7,7-12,Chris Olave,15.7,21.399999618530273
2023,10,WR,8,7-12,DJ Moore,13.8,10.899999618530273
2023,10,WR,9,7-12,Amon-Ra St. Brown,13.5,30.5
2023,10,WR,10,7-12,Christian Kirk,13.4,14.399999618530273
2023,10,WR,11,7-12,Garrett Wilson,13.3,18.299999237060547
2023,10,WR,12,7-12,Chris Godwin Jr.,13.1,9.399999618530273
2023,10,WR,13,13-24,Adam Thielen,13.1,10.199999809265137
2023,10,WR,14,13-24,Michael Pittman,13.0,16.399999618530273
2023,10,WR,15,13-24,Amari Cooper,12.4,15.800000190734863
2023,10,WR,16,13-24,Jordan Addison,12.0,10.899999618530273
2023,10,WR,17,13-24,Diontae Johnson,11.9,2.700000047683716
2023,10,WR,18,13-24,Brandon Aiyuk,11.8,14.5
2023,10,WR,19,13-24,Davante Adams,11.8,14.600000381469727
2023,10,WR,20,13-24,Drake London,11.7,6.599999904632568
2023,10,WR,21,13-24,Terry McLaurin,11.7,7.300000190734863
2023,10,WR,22,13-24,Jakobi Meyers,11.4,4.099999904632568
2023,10,WR,23,13-24,Tyler Lockett,11.3,23.200000762939453
2023,10,WR,24,13-24,Keenan Allen,11.2,40.5
2023,10,WR,25,25-40,Josh Downs,11.0,6.0
2023,10,WR,26,25-40,DK Metcalf,10.5,16.799999237060547
2023,10,WR,27,25-40,Jahan Dotson,10.3,0.0
2023,10,WR,29,25-40,Calvin Ridley,10.2,4.0
2023,10,WR,30,25-40,Rashid Shaheed,10.2,7.400000095367432
2023,10,WR,31,25-40,Courtland Sutton,10.0,17.299999237060547
2023,10,WR,32,25-40,Gabe Davis,10.0,9.600000381469727
2023,10,WR,34,25-40,George Pickens,9.6,7.5
2023,10,WR,37,25-40,Deebo Samuel Sr.,9.1,15.899999618530273
2023,10,WR,38,25-40,Tyler Boyd,8.9,19.700000762939453
2023,10,WR,39,25-40,Jerry Jeudy,8.8,6.5
2023,10,WR,41,41-55,Romeo Doubs,8.4,12.100000381469727
2023,10,WR,42,41-55,Jaxon Smith-Njigba,8.2,9.300000190734863
2023,10,WR,43,41-55,Christian Watson,8.2,4.300000190734863
2023,10,WR,44,41-55,Curtis Samuel,7.6,2.5999999046325684
2023,10,WR,46,41-55,Tank Dell,7.4,37.79999923706055
2023,10,WR,47,41-55,Darnell Mooney,7.3,3.4000000953674316
2023,10,WR,48,41-55,Allen Lazard,7.0,2.700000047683716
2023,10,WR,49,41-55,Marquise Brown,7.0,3.799999952316284
2023,10,WR,51,41-55,Nick Westbrook-Ikhine,6.8,1.899999976158142
2023,10,WR,52,41-55,Trey Palmer,6.6,4.099999904632568
2023,10,WR,54,41-55,Noah Brown,6.5,24.200000762939453
2023,10,WR,55,41-55,Wan'Dale Robinson,6.5,2.5999999046325684
2023,10,TE,1,1-3,Dalton Kincaid,12.5,16.100000381469727
2023,10,TE,2,1-3,T.J. Hockenson,11.5,30.399999618530273
2023,10,TE,3,1-3,George Kittle,11.2,20.600000381469727
2023,10,TE,4,4-6,Evan Engram,10.5,5.199999809265137
2023,10,TE,5,4-6,Cole Kmet,10.3,9.600000381469727
2023,10,TE,6,4-6,Jonnu Smith,10.1,1.100000023841858
2023,10,TE,8,7-12,Cade Otton,9.5,3.0
2023,10,TE,9,7-12,Juwan Johnson,8.9,1.2000000476837158
2023,10,TE,10,7-12,Sam LaPorta,8.9,8.0
2023,10,TE,11,7-12,Logan Thomas,8.9,9.0
2023,10,TE,12,7-12,Mark Andrews,8.9,6.400000095367432
2023,10,TE,13,13-20,Kyle Pitts,8.9,6.0
2023,10,TE,14,13-20,Jake Ferguson,8.9,12.600000381469727
2023,10,TE,15,13-20,David Njoku,8.7,11.800000190734863
2023,10,TE,16,13-20,Dalton Schultz,8.1,11.100000381469727
2023,10,TE,17,13-20,Irv Smith,7.1,1.600000023841858
2023,10,TE,19,13-20,Chig Okonkwo,6.5,5.699999809265137
2023,11,QB,1,1-6,Jalen Hurts,23.86,18.899999618530273
2023,11,QB,2,1-6,C.J. Stroud,22.83,15.34000015258789
2023,11,QB,3,1-6,Josh Allen,20.18,22.5
2023,11,QB,4,1-6,Patrick Mahomes,19.67,16.8799991607666
2023,11,QB,5,1-6,Dak Prescott,19.3,16.15999984741211
2023,11,QB,6,1-6,Tua Tagovailoa,18.56,17.600000381469727
2023,11,QB,7,7-12,Justin Herbert,18.49,25.700000762939453
2023,11,QB,8,7-12,Joshua Dobbs,18.27,16.940000534057617
2023,11,QB,9,7-12,Jared Goff,17.68,13.739999771118164
2023,11,QB,10,7-12,Trevor Lawrence,17.39,32.18000030517578
2023,11,QB,11,7-12,Russell Wilson,17.31,14.460000038146973
2023,11,QB,12,7-12,Lamar Jackson,17.16,23.959999084472656
2023,11,QB,13,13-24,Sam Howell,15.91,17.739999771118164
2023,11,QB,15,13-24,Joe Burrow,15.47,8.739999771118164
2023,11,QB,16,13-24,Geno Smith,15.1,13.220000267028809
2023,11,QB,17,13-24,Baker Mayfield,14.5,10.34000015258789
2023,11,QB,18,13-24,Jordan Love,13.4,20.8799991607666
2023,11,QB,20,13-24,Will Levis,11.9,12.520000457763672
2023,11,QB,21,13-24,Tommy DeVito,11.3,22.540000915527344
2023,11,QB,22,13-24,Zach Wilson,10.0,6.739999771118164
2023,11,QB,23,13-24,Aidan O'Connell,9.8,9.140000343322754
2023,11,QB,24,13-24,Bryce Young,9.0,5.21999979019165
2023,11,RB,1,1-6,Austin Ekeler,24.92,7.0
2023,11,RB,2,1-6,Christian McCaffrey,20.37,21.299999237060547
2023,11,RB,3,1-6,Travis Etienne,18.24,8.899999618530273
2023,11,RB,4,1-6,De'Von Achane,17.12,3.0
2023,11,RB,5,1-6,David Montgomery,16.2,17.799999237060547
2023,11,RB,6,1-6,Jahmyr Gibbs,15.82,21.5
2023,11,RB,7,7-12,Breece Hall,15.82,18.299999237060547
2023,11,RB,8,7-12,Devin Singletary,15.55,19.799999237060547
2023,11,RB,9,7-12,Raheem Mostert,14.99,10.300000190734863
2023,11,RB,10,7-12,Joe Mixon,14.43,21.0
2023,11,RB,11,7-12,Kenneth Walker III,14.25,2.5999999046325684
2023,11,RB,12,7-12,Tony Pollard,13.97,18.0
2023,11,RB,13,13-24,Rachaad White,13.69,17.799999237060547
2023,11,RB,16,13-24,Brian Robinson,13.2,20.200000762939453
2023,11,RB,17,13-24,James Conner,13.2,8.300000190734863
2023,11,RB,18,13-24,D'Andre Swift,13.1,19.700000762939453
2023,11,RB,19,13-24,James Cook,13.0,19.200000762939453
2023,11,RB,20,13-24,Josh Jacobs,12.2,6.099999904632568
2023,11,RB,21,13-24,Derrick Henry,12.2,5.400000095367432
2023,11,RB,22,13-24,Isiah Pacheco,11.8,10.100000381469727
2023,11,RB,24,13-24,Javonte Williams,11.4,7.300000190734863
2023,11,RB,25,25-40,D'Onta Foreman,10.2,7.400000095367432
2023,11,RB,26,25-40,Alexander Mattison,10.0,7.0
2023,11,RB,29,25-40,Gus Edwards,9.8,21.0
2023,11,RB,30,25-40,Aaron Jones,9.4,2.700000047683716
2023,11,RB,31,25-40,Jerome Ford,9.2,11.899999618530273
2023,11,RB,32,25-40,Saquon Barkley,9.2,30.0
2023,11,RB,33,25-40,Kareem Hunt,8.8,6.699999809265137
2023,11,RB,34,25-40,Darrell Henderson,8.6,12.899999618530273
2023,11,RB,35,25-40,Khalil Herbert,8.5,6.099999904632568
2023,11,RB,36,25-40,Tyjae Spears,8.2,4.599999904632568
2023,11,RB,37,25-40,Najee Harris,8.0,4.599999904632568
2023,11,RB,39,25-40,Latavius Murray,7.8,3.5
2023,11,WR,1,1-6,A.J. Brown,20.9,1.7999999523162842
2023,11,WR,2,1-6,CeeDee Lamb,20.7,16.5
2023,11,WR,3,1-6,Tyreek Hill,20.5,30.600000381469727
2023,11,WR,5,1-6,Keenan Allen,15.5,27.600000381469727
2023,11,WR,6,1-6,Amon-Ra St. Brown,15.4,21.700000762939453
2023,11,WR,7,7-12,Mike Evans,14.9,15.300000190734863
2023,11,WR,8,7-12,Christian Kirk,14.2,7.800000190734863
2023,11,WR,9,7-12,Brandon Aiyuk,14.0,26.600000381469727
2023,11,WR,10,7-12,Jaylen Waddle,13.6,9.5
2023,11,WR,11,7-12,Stefon Diggs,13.5,6.699999809265137
2023,11,WR,12,7-12,Courtland Sutton,13.2,16.600000381469727
2023,11,WR,13,13-24,Ja'Marr Chase,13.0,9.199999809265137
2023,11,WR,14,13-24,Cooper Kupp,12.9,2.0999999046325684
2023,11,WR,15,13-24,Amari Cooper,12.8,7.400000095367432
2023,11,WR,16,13-24,Tyler Lockett,12.8,10.100000381469727
2023,11,WR,17,13-24,DJ Moore,12.7,22.600000381469727
2023,11,WR,18,13-24,DeVonta Smith,12.5,15.899999618530273
2023,11,WR,19,13-24,Tank Dell,12.1,57.79999923706055
2023,11,WR,20,13-24,Garrett Wilson,12.0,0.8999999761581421
2023,11,WR,21,13-24,Marquise Brown,11.8,3.200000047683716
2023,11,WR,22,13-24,DK Metcalf,11.5,20.399999618530273
2023,11,WR,23,13-24,Puka Nacua,11.3,18.700000762939453
2023,11,WR,24,13-24,DeAndre Hopkins,11.3,15.899999618530273
2023,11,WR,26,25-40,Nico Collins,10.9,13.5
2023,11,WR,28,25-40,Chris Godwin Jr.,10.5,9.899999618530273
2023,11,WR,29,25-40,Jordan Addison,10.4,7.400000095367432
2023,11,WR,30,25-40,Rashee Rice,10.1,8.199999809265137
2023,11,WR,32,25-40,Jerry Jeudy,10.0,10.800000190734863
2023,11,WR,33,25-40,Calvin Ridley,9.8,31.100000381469727
2023,11,WR,34,25-40,Adam Thielen,9.8,15.399999618530273
2023,11,WR,35,25-40,Deebo Samuel Sr.,9.8,9.199999809265137
2023,11,WR,36,25-40,Terry McLaurin,9.6,9.300000190734863
2023,11,WR,37,25-40,Zay Jones,9.3,6.0
2023,11,WR,38,25-40,Davante Adams,9.2,21.200000762939453
2023,11,WR,39,25-40,Jaxon Smith-Njigba,8.3,7.0
2023,11,WR,40,25-40,K.J. Osborn,8.2,1.7000000476837158
2023,11,WR,41,41-55,Zay Flowers,8.1,8.0
2023,11,WR,42,41-55,Tyler Boyd,8.0,5.199999809265137
2023,11,WR,43,41-55,Romeo Doubs,8.0,16.299999237060547
2023,11,WR,45,41-55,Jakobi Meyers,7.7,8.899999618530273
2023,11,WR,46,41-55,Jayden Reed,7.5,19.200000762939453
2023,11,WR,49,41-55,Christian Watson,7.2,10.199999809265137
2023,11,WR,50,41-55,Brandin Cooks,7.2,7.199999809265137
2023,11,WR,51,41-55,Jahan Dotson,7.2,11.300000190734863
2023,11,WR,52,41-55,Elijah Moore,7.1,12.0
2023,11,WR,53,41-55,Diontae Johnson,6.5,3.5999999046325684
2023,11,WR,54,41-55,Darnell Mooney,6.5,3.4000000953674316
2023,11,WR,55,41-55,Michael Gallup,6.4,6.099999904632568
2023,11,TE,1,1-3,Travis Kelce,17.1,15.399999618530273
2023,11,TE,2,1-3,T.J. Hockenson,14.5,9.5
2023,11,TE,3,1-3,George Kittle,14.2,22.899999618530273
2023,11,TE,4,4-6,Trey McBride,11.5,9.300000190734863
2023,11,TE,5,4-6,Dalton Schultz,11.4,11.199999809265137
2023,11,TE,6,4-6,Mark Andrews,11.0,4.300000190734863
2023,11,TE,7,7-12,Evan Engram,10.6,6.900000095367432
2023,11,TE,8,7-12,Cole Kmet,10.1,5.0
2023,11,TE,10,7-12,Dalton Kincaid,9.9,10.600000381469727
2023,11,TE,11,7-12,David Njoku,9.1,12.600000381469727
2023,11,TE,12,7-12,Sam LaPorta,9.1,6.800000190734863
2023,11,TE,13,13-20,Jake Ferguson,9.0,6.199999809265137
2023,11,TE,15,13-20,Logan Thomas,6.6,8.800000190734863
2023,11,TE,16,13-20,Tyler Conklin,6.1,3.799999952316284
2023,11,TE,17,13-20,Tyler Higbee,6.0,2.700000047683716
2023,11,TE,18,13-20,Luke Musgrave,5.9,6.800000190734863
2023,11,TE,20,13-20,Cade Otton,5.8,8.899999618530273
2023,12,QB,1,1-6,Josh Allen,22.76,39.65999984741211
2023,12,QB,2,1-6,Brock Purdy,20.77,10.460000038146973
2023,12,QB,3,1-6,Patrick Mahomes,19.81,20.81999969482422
2023,12,QB,4,1-6,Dak Prescott,19.52,32.2400016784668
2023,12,QB,5,1-6,Jalen Hurts,19.15,34.5
2023,12,QB,6,1-6,Lamar Jackson,18.93,14.979999542236328
2023,12,QB,7,7-12,Kyler Murray,18.64,20.440000534057617
2023,12,QB,9,7-12,Trevor Lawrence,17.39,24.559999465942383
2023,12,QB,10,7-12,Jared Goff,17.31,18.18000030517578
2023,12,QB,11,7-12,C.J. Stroud,17.31,30.860000610351562
2023,12,QB,12,7-12,Joshua Dobbs,16.87,4.5
2023,12,QB,13,13-24,Justin Herbert,16.5,13.380000114440918
2023,12,QB,14,13-24,Baker Mayfield,16.5,13.359999656677246
2023,12,QB,15,13-24,Geno Smith,16.36,7.300000190734863
2023,12,QB,16,13-24,Tua Tagovailoa,16.21,7.820000171661377
2023,12,QB,17,13-24,Gardner Minshew,15.77,14.640000343322754
2023,12,QB,18,13-24,Tommy DeVito,15.69,10.239999771118164
2023,12,QB,19,13-24,Matthew Stafford,15.62,23.360000610351562
2023,12,QB,20,13-24,Jordan Love,14.8,26.6200008392334
2023,12,QB,21,13-24,Sam Howell,14.0,17.299999237060547
2023,12,QB,22,13-24,Derek Carr,13.1,10.859999656677246
2023,12,QB,23,13-24,Will Levis,13.1,7.099999904632568
2023,12,QB,24,13-24,Bryce Young,12.6,8.0600004196167
2023,12,RB,1,1-6,Christian McCaffrey,23.8,30.899999618530273
2023,12,RB,2,1-6,Rachaad White,18.98,13.0
2023,12,RB,3,1-6,Joe Mixon,18.89,8.0
2023,12,RB,4,1-6,Jahmyr Gibbs,18.61,11.300000190734863
2023,12,RB,5,1-6,Travis Etienne,18.14,12.600000381469727
2023,12,RB,6,1-6,Austin Ekeler,16.94,9.399999618530273
2023,12,RB,7,7-12,David Montgomery,16.94,15.100000381469727
2023,12,RB,8,7-12,Kyren Williams,14.8,38.400001525878906
2023,12,RB,9,7-12,Jonathan Taylor,14.71,21.100000381469727
2023,12,RB,10,7-12,Josh Jacobs,14.52,22.5
2023,12,RB,11,7-12,Derrick Henry,14.34,20.600000381469727
2023,12,RB,12,7-12,Isiah Pacheco,13.69,25.899999618530273
2023,12,RB,13,13-24,James Cook,13.4,16.0
2023,12,RB,14,13-24,D'Andre Swift,13.3,9.399999618530273
2023,12,RB,15,13-24,Alvin Kamara,13.3,15.899999618530273
2023,12,RB,16,13-24,Saquon Barkley,13.3,6.199999809265137
2023,12,RB,17,13-24,Tony Pollard,12.9,22.299999237060547
2023,12,RB,18,13-24,Raheem Mostert,12.8,21.399999618530273
2023,12,RB,19,13-24,Breece Hall,12.5,11.899999618530273
2023,12,RB,21,13-24,Gus Edwards,12.1,4.699999809265137
2023,12,RB,22,13-24,Brian Robinson,11.5,8.399999618530273
2023,12,RB,23,13-24,Rhamondre Stevenson,11.3,21.700000762939453
2023,12,RB,24,13-24,Devin Singletary,11.2,13.199999809265137
2023,12,RB,26,25-40,James Conner,10.6,7.199999809265137
2023,12,RB,27,25-40,Jerome Ford,10.5,11.899999618530273
2023,12,RB,28,25-40,Bijan Robinson,10.4,27.299999237060547
2023,12,RB,29,25-40,Zack Moss,9.8,9.0
2023,12,RB,30,25-40,Kareem Hunt,9.7,2.200000047683716
2023,12,RB,32,25-40,Emari Demercado,9.6,1.5
2023,12,RB,34,25-40,Jaylen Warren,9.3,7.199999809265137
2023,12,RB,37,25-40,Chuba Hubbard,8.9,20.200000762939453
2023,12,RB,38,25-40,Dameon Pierce,8.7,2.799999952316284
2023,12,RB,39,25-40,Tyjae Spears,8.6,1.7000000476837158
2023,12,RB,40,25-40,Najee Harris,8.5,15.899999618530273
2023,12,WR,1,1-6,CeeDee Lamb,19.6,17.299999237060547
2023,12,WR,2,1-6,Tyreek Hill,18.4,25.399999618530273
2023,12,WR,3,1-6,Amon-Ra St. Brown,18.1,18.5
2023,12,WR,4,1-6,Cooper Kupp,17.1,4.800000190734863
2023,12,WR,5,1-6,Puka Nacua,17.0,6.699999809265137
2023,12,WR,6,1-6,A.J. Brown,16.3,14.699999809265137
2023,12,WR,7,7-12,Stefon Diggs,16.1,19.399999618530273
2023,12,WR,8,7-12,Brandon Aiyuk,16.0,13.0
2023,12,WR,9,7-12,Mike Evans,15.4,25.0
2023,12,WR,10,7-12,DK Metcalf,15.3,6.199999809265137
2023,12,WR,11,7-12,Tyler Lockett,15.0,6.0
2023,12,WR,12,7-12,Ja'Marr Chase,14.5,12.100000381469727
2023,12,WR,13,13-24,Michael Pittman,13.7,20.700000762939453
2023,12,WR,14,13-24,Adam Thielen,13.4,1.2000000476837158
2023,12,WR,16,13-24,Davante Adams,12.8,12.300000190734863
2023,12,WR,17,13-24,Keenan Allen,12.6,22.600000381469727
2023,12,WR,18,13-24,DeVonta Smith,12.2,23.600000381469727
2023,12,WR,19,13-24,Josh Downs,11.7,9.300000190734863
2023,12,WR,20,13-24,Christian Kirk,11.7,12.899999618530273
2023,12,WR,21,13-24,DeAndre Hopkins,11.1,7.900000095367432
2023,12,WR,22,13-24,Tank Dell,11.1,34.400001525878906
2023,12,WR,23,13-24,Chris Godwin Jr.,10.9,7.5
2023,12,WR,24,13-24,Amari Cooper,10.9,3.5999999046325684
2023,12,WR,25,25-40,Jaylen Waddle,10.8,19.399999618530273
2023,12,WR,26,25-40,DJ Moore,10.8,22.399999618530273
2023,12,WR,27,25-40,Chris Olave,10.6,18.399999618530273
2023,12,WR,28,25-40,Calvin Ridley,10.5,21.899999618530273
2023,12,WR,29,25-40,Rashee Rice,10.3,24.700000762939453
2023,12,WR,30,25-40,Courtland Sutton,10.2,9.100000381469727
2023,12,WR,31,25-40,Marquise Brown,10.1,14.800000190734863
2023,12,WR,32,25-40,Jaxon Smith-Njigba,10.1,6.099999904632568
2023,12,WR,34,25-40,Deebo Samuel Sr.,9.5,22.399999618530273
2023,12,WR,35,25-40,Garrett Wilson,9.5,17.399999618530273
2023,12,WR,37,25-40,Gabe Davis,9.2,22.5
2023,12,WR,38,25-40,Jakobi Meyers,9.1,20.100000381469727
2023,12,WR,39,25-40,Tyler Boyd,9.0,5.300000190734863
2023,12,WR,40,25-40,Romeo Doubs,8.6,6.699999809265137
2023,12,WR,41,41-55,Jordan Addison,8.6,9.899999618530273
2023,12,WR,42,41-55,Zay Flowers,8.4,23.200000762939453
2023,12,WR,43,41-55,Nico Collins,8.3,23.399999618530273
2023,12,WR,45,41-55,Terry McLaurin,8.1,9.0
2023,12,WR,46,41-55,DJ Chark,8.0,6.400000095367432
2023,12,WR,47,41-55,Drake London,8.0,14.100000381469727
2023,12,WR,48,41-55,George Pickens,7.8,8.800000190734863
2023,12,WR,49,41-55,Khalil Shakir,7.7,7.699999809265137
2023,12,WR,50,41-55,A.T. Perry,7.7,1.7000000476837158
2023,12,WR,51,41-55,Jayden Reed,7.7,15.0
2023,12,WR,52,41-55,Diontae Johnson,7.7,9.0
2023,12,WR,53,41-55,Brandin Cooks,7.5,17.200000762939453
2023,12,WR,54,41-55,Tutu Atwell,7.4,10.600000381469727
2023,12,TE,1,1-3,Travis Kelce,18.1,15.100000381469727
2023,12,TE,2,1-3,George Kittle,17.9,4.900000095367432
2023,12,TE,4,4-6,T.J. Hockenson,10.1,16.0
2023,12,TE,5,4-6,Dalton Kincaid,10.1,8.800000190734863
2023,12,TE,6,4-6,Trey McBride,10.1,13.0
2023,12,TE,9,7-12,David Njoku,9.7,11.899999618530273
2023,12,TE,10,7-12,Evan Engram,9.4,9.899999618530273
2023,12,TE,11,7-12,Sam LaPorta,9.2,17.700000762939453
2023,12,TE,12,7-12,Jake Ferguson,9.0,4.5
2023,12,TE,13,13-20,Cade Otton,8.6,8.5
2023,12,TE,14,13-20,Dalton Schultz,7.6,1.2000000476837158
2023,12,TE,15,13-20,Cole Kmet,7.0,11.300000190734863
2023,12,TE,16,13-20,Logan Thomas,6.7,3.5
2023,12,TE,18,13-20,Tyler Higbee,6.5,19.899999618530273
2023,12,TE,20,13-20,Kyle Pitts,6.0,4.199999809265137
2023,13,QB,1,1-6,Dak Prescott,23.27,28.260000228881836
2023,13,QB,2,1-6,Jalen Hurts,21.51,23.920000076293945
2023,13,QB,3,1-6,C.J. Stroud,21.51,16.059999465942383
2023,13,QB,4,1-6,Justin Herbert,19.37,7.980000019073486
2023,13,QB,5,1-6,Patrick Mahomes,18.49,13.0
2023,13,QB,6,1-6,Kyler Murray,18.2,11.800000190734863
2023,13,QB,7,7-12,Tua Tagovailoa,18.2,19.200000762939453
2023,13,QB,8,7-12,Sam Howell,17.68,19.18000030517578
2023,13,QB,9,7-12,Trevor Lawrence,17.24,25.1200008392334
2023,13,QB,10,7-12,Russell Wilson,16.94,15.84000015258789
2023,13,QB,11,7-12,Brock Purdy,16.65,29.459999084472656
2023,13,QB,12,7-12,Jordan Love,16.58,23.68000030517578
2023,13,QB,13,13-24,Gardner Minshew,15.84,18.68000030517578
2023,13,QB,14,13-24,Jared Goff,15.3,16.31999969482422
2023,13,QB,15,13-24,Derek Carr,14.8,8.9399995803833
2023,13,QB,16,13-24,Baker Mayfield,13.1,9.880000114440918
2023,13,QB,17,13-24,Will Levis,12.6,11.460000038146973
2023,13,QB,18,13-24,Kenny Pickett,12.1,3.0999999046325684
2023,13,QB,19,13-24,Desmond Ridder,11.9,8.84000015258789
2023,13,QB,20,13-24,Bryce Young,11.6,7.119999885559082
2023,13,QB,21,13-24,Geno Smith,11.0,29.959999084472656
2023,13,QB,22,13-24,Matthew Stafford,10.8,22.959999084472656
2023,13,QB,23,13-24,Jake Browning,9.4,26.65999984741211
2023,13,RB,1,1-6,Christian McCaffrey,20.19,22.299999237060547
2023,13,RB,2,1-6,Austin Ekeler,19.81,4.699999809265137
2023,13,RB,3,1-6,Tony Pollard,18.24,17.299999237060547
2023,13,RB,4,1-6,Devin Singletary,18.05,5.0
2023,13,RB,6,1-6,Derrick Henry,16.29,25.0
2023,13,RB,7,7-12,Breece Hall,14.99,10.5
2023,13,RB,8,7-12,Isiah Pacheco,14.8,21.299999237060547
2023,13,RB,9,7-12,Alvin Kamara,14.52,28.899999618530273
2023,13,RB,10,7-12,Najee Harris,14.34,9.699999809265137
2023,13,RB,11,7-12,Bijan Robinson,14.15,10.899999618530273
2023,13,RB,12,7-12,Jaylen Warren,14.06,6.5
2023,13,RB,13,13-24,Rachaad White,13.97,19.600000381469727
2023,13,RB,14,13-24,Travis Etienne,13.97,17.899999618530273
2023,13,RB,15,13-24,Rhamondre Stevenson,13.1,2.9000000953674316
2023,13,RB,16,13-24,Jahmyr Gibbs,13.0,6.400000095367432
2023,13,RB,17,13-24,D'Andre Swift,12.8,4.0
2023,13,RB,18,13-24,Brian Robinson,12.7,5.300000190734863
2023,13,RB,19,13-24,Kyren Williams,11.9,20.200000762939453
2023,13,RB,20,13-24,Raheem Mostert,11.9,12.100000381469727
2023,13,RB,21,13-24,David Montgomery,11.5,12.5
2023,13,RB,22,13-24,Joe Mixon,11.3,29.700000762939453
2023,13,RB,23,13-24,Javonte Williams,11.0,10.0
2023,13,RB,24,13-24,Zack Moss,10.5,7.699999809265137
2023,13,RB,25,25-40,Dameon Pierce,10.3,10.100000381469727
2023,13,RB,26,25-40,Chuba Hubbard,10.3,22.399999618530273
2023,13,RB,27,25-40,James Conner,9.9,22.5
2023,13,RB,28,25-40,Antonio Gibson,9.6,11.199999809265137
2023,13,RB,31,25-40,Tyjae Spears,8.6,12.800000190734863
2023,13,RB,32,25-40,AJ Dillon,8.5,19.399999618530273
2023,13,RB,34,25-40,Jerome Ford,7.8,14.199999809265137
2023,13,RB,35,25-40,De'Von Achane,7.7,50.599998474121094
2023,13,RB,36,25-40,Samaje Perine,7.1,2.5999999046325684
2023,13,RB,37,25-40,Zach Charbonnet,7.0,16.899999618530273
2023,13,RB,38,25-40,Ezekiel Elliott,7.0,13.199999809265137
2023,13,RB,40,25-40,Kareem Hunt,6.4,5.800000190734863
2023,13,WR,1,1-6,CeeDee Lamb,22.1,32.599998474121094
2023,13,WR,2,1-6,Tyreek Hill,21.1,32.29999923706055
2023,13,WR,3,1-6,Keenan Allen,17.4,10.800000190734863
2023,13,WR,4,1-6,Amon-Ra St. Brown,14.5,12.899999618530273
2023,13,WR,5,1-6,A.J. Brown,13.9,19.399999618530273
2023,13,WR,6,1-6,Chris Olave,13.7,16.899999618530273
2023,13,WR,7,7-12,Jaylen Waddle,13.7,10.199999809265137
2023,13,WR,8,7-12,Michael Pittman,13.3,27.5
2023,13,WR,9,7-12,Courtland Sutton,13.2,15.699999809265137
2023,13,WR,10,7-12,Mike Evans,12.4,29.200000762939453
2023,13,WR,12,7-12,Brandon Aiyuk,12.1,15.600000381469727
2023,13,WR,13,13-24,DeVonta Smith,11.9,24.600000381469727
2023,13,WR,14,13-24,Calvin Ridley,11.7,7.300000190734863
2023,13,WR,15,13-24,Garrett Wilson,11.7,8.0
2023,13,WR,16,13-24,Adam Thielen,11.5,5.5
2023,13,WR,17,13-24,DeAndre Hopkins,11.2,18.899999618530273
2023,13,WR,18,13-24,Nico Collins,11.2,34.099998474121094
2023,13,WR,19,13-24,Terry McLaurin,11.1,0.0
2023,13,WR,20,13-24,Christian Kirk,11.1,3.5999999046325684
2023,13,WR,21,13-24,Cooper Kupp,10.8,15.899999618530273
2023,13,WR,22,13-24,Puka Nacua,10.7,23.899999618530273
2023,13,WR,23,13-24,Rashee Rice,10.7,14.399999618530273
2023,13,WR,24,13-24,Brandin Cooks,10.3,16.5
2023,13,WR,25,25-40,Noah Brown,10.2,0.0
2023,13,WR,26,25-40,George Pickens,10.2,12.600000381469727
2023,13,WR,27,25-40,Diontae Johnson,10.1,13.300000190734863
2023,13,WR,28,25-40,Marquise Brown,9.7,0.0
2023,13,WR,29,25-40,Josh Downs,9.6,4.400000095367432
2023,13,WR,30,25-40,Jahan Dotson,9.5,4.300000190734863
2023,13,WR,31,25-40,DK Metcalf,9.3,37.400001525878906
2023,13,WR,32,25-40,Tyler Lockett,9.0,9.699999809265137
2023,13,WR,33,25-40,Drake London,8.9,1.7999999523162842
2023,13,WR,34,25-40,Deebo Samuel Sr.,8.8,35.79999923706055
2023,13,WR,35,25-40,Christian Watson,8.6,27.600000381469727
2023,13,WR,36,25-40,Jerry Jeudy,8.5,8.100000381469727
2023,13,WR,38,25-40,Amari Cooper,8.4,6.400000095367432
2023,13,WR,39,25-40,Romeo Doubs,8.2,11.199999809265137
2023,13,WR,40,25-40,Chris Godwin Jr.,8.2,7.900000095367432
2023,13,WR,43,41-55,Ja'Marr Chase,7.6,31.6200008392334
2023,13,WR,44,41-55,Jayden Reed,7.6,5.599999904632568
2023,13,WR,45,41-55,Curtis Samuel,7.4,10.5
2023,13,WR,47,41-55,DJ Chark,7.2,8.600000381469727
2023,13,WR,50,41-55,Michael Gallup,6.3,0.0
2023,13,WR,52,41-55,A.T. Perry,6.3,4.0
2023,13,WR,53,41-55,Elijah Moore,6.1,12.300000190734863
2023,13,WR,54,41-55,Jaxon Smith-Njigba,6.1,13.199999809265137
2023,13,WR,55,41-55,Rondale Moore,6.1,1.600000023841858
2023,13,TE,1,1-3,Travis Kelce,16.8,12.100000381469727
2023,13,TE,2,1-3,Jake Ferguson,11.5,19.700000762939453
2023,13,TE,4,4-6,George Kittle,10.8,10.800000190734863
2023,13,TE,5,4-6,Pat Freiermuth,10.2,5.900000095367432
2023,13,TE,6,4-6,Trey McBride,10.1,22.899999618530273
2023,13,TE,7,7-12,Evan Engram,9.5,23.200000762939453
2023,13,TE,8,7-12,Logan Thomas,8.1,2.0
2023,13,TE,9,7-12,Sam LaPorta,7.7,29.0
2023,13,TE,11,7-12,David Njoku,7.0,3.700000047683716
2023,13,TE,12,7-12,Kyle Pitts,6.9,9.100000381469727
2023,13,TE,13,13-20,Tyler Conklin,6.8,6.5
2023,13,TE,14,13-20,Juwan Johnson,6.3,0.0
2023,13,TE,15,13-20,Cade Otton,6.3,0.0
2023,13,TE,16,13-20,Chig Okonkwo,6.3,9.399999618530273
2023,13,TE,18,13-20,Jonnu Smith,5.8,3.0
2023,13,TE,19,13-20,Tyler Higbee,5.6,5.5
2023,13,TE,20,13-20,Gerald Everett,5.6,8.399999618530273
2023,14,QB,1,1-6,Josh Allen,25.78,20.520000457763672
2023,14,QB,2,1-6,Dak Prescott,25.41,17.940000534057617
2023,14,QB,3,1-6,Brock Purdy,22.02,21.420000076293945
2023,14,QB,4,1-6,Tua Tagovailoa,21.73,9.100000381469727
2023,14,QB,5,1-6,Jalen Hurts,20.7,8.880000114440918
2023,14,QB,6,1-6,Lamar Jackson,19.59,31.639999389648438
2023,14,QB,7,7-12,Justin Fields,18.78,24.719999313354492
2023,14,QB,8,7-12,Justin Herbert,18.56,1.840000033378601
2023,14,QB,9,7-12,Jake Browning,18.2,23.700000762939453
2023,14,QB,10,7-12,Joshua Dobbs,17.46,4.619999885559082
2023,14,QB,11,7-12,C.J. Stroud,17.31,3.640000104904175
2023,14,QB,12,7-12,Patrick Mahomes,16.8,13.640000343322754
2023,14,QB,13,13-24,Russell Wilson,15.62,15.460000038146973
2023,14,QB,14,13-24,Joe Flacco,15.55,20.34000015258789
2023,14,QB,16,13-24,Jared Goff,15.47,4.440000057220459
2023,14,QB,17,13-24,Desmond Ridder,14.9,25.3799991607666
2023,14,QB,18,13-24,Jordan Love,14.7,8.920000076293945
2023,14,QB,19,13-24,Trevor Lawrence,14.0,17.3799991607666
2023,14,QB,20,13-24,Gardner Minshew,13.5,14.100000381469727
2023,14,QB,21,13-24,Tommy DeVito,12.6,17.420000076293945
2023,14,QB,22,13-24,Matthew Stafford,12.3,23.65999984741211
2023,14,QB,23,13-24,Aidan O'Connell,12.1,5.039999961853027
2023,14,QB,24,13-24,Baker Mayfield,11.9,20.059999465942383
2023,14,RB,1,1-6,Christian McCaffrey,26.96,16.299999237060547
2023,14,RB,2,1-6,Joe Mixon,21.21,21.5
2023,14,RB,3,1-6,Austin Ekeler,20.28,21.0
2023,14,RB,4,1-6,Tony Pollard,17.31,16.600000381469727
2023,14,RB,5,1-6,Breece Hall,15.36,26.600000381469727
2023,14,RB,7,7-12,Josh Jacobs,14.71,7.0
2023,14,RB,8,7-12,Bijan Robinson,14.52,19.799999237060547
2023,14,RB,9,7-12,Devin Singletary,14.34,12.5
2023,14,RB,10,7-12,Raheem Mostert,14.25,23.0
2023,14,RB,11,7-12,Alvin Kamara,14.15,13.5
2023,14,RB,12,7-12,James Cook,13.88,25.100000381469727
2023,14,RB,13,13-24,De'Von Achane,13.6,24.200000762939453
2023,14,RB,14,13-24,Rachaad White,12.6,21.5
2023,14,RB,16,13-24,Travis Etienne,12.6,17.200000762939453
2023,14,RB,17,13-24,Jahmyr Gibbs,12.4,17.200000762939453
2023,14,RB,18,13-24,Derrick Henry,12.1,18.100000381469727
2023,14,RB,19,13-24,Saquon Barkley,12.1,23.100000381469727
2023,14,RB,20,13-24,David Montgomery,11.8,11.5
2023,14,RB,21,13-24,Kyren Williams,11.0,14.300000190734863
2023,14,RB,23,13-24,Najee Harris,10.7,7.800000190734863
2023,14,RB,24,13-24,Jaylen Warren,10.3,8.0
2023,14,RB,25,25-40,D'Onta Foreman,10.0,9.199999809265137
2023,14,RB,26,25-40,Gus Edwards,9.9,1.5
2023,14,RB,27,25-40,Chuba Hubbard,9.8,11.600000381469727
2023,14,RB,28,25-40,Javonte Williams,9.8,18.100000381469727
2023,14,RB,30,25-40,Zack Moss,9.5,9.600000381469727
2023,14,RB,31,25-40,D'Andre Swift,9.5,3.9000000953674316
2023,14,RB,32,25-40,Kenneth Walker III,9.2,9.399999618530273
2023,14,RB,34,25-40,Zach Charbonnet,9.1,5.800000190734863
2023,14,RB,35,25-40,AJ Dillon,8.5,19.600000381469727
2023,14,RB,37,25-40,Jerome Ford,8.4,13.199999809265137
2023,14,RB,38,25-40,Alexander Mattison,8.1,6.599999904632568
2023,14,RB,39,25-40,Khalil Herbert,7.9,0.800000011920929
2023,14,RB,40,25-40,Dameon Pierce,7.8,1.7000000476837158
2023,14,WR,1,1-6,Tyreek Hill,27.9,10.100000381469727
2023,14,WR,2,1-6,CeeDee Lamb,26.4,19.100000381469727
2023,14,WR,3,1-6,Brandon Aiyuk,16.7,16.600000381469727
2023,14,WR,4,1-6,Jaylen Waddle,16.7,13.899999618530273
2023,14,WR,5,1-6,DK Metcalf,15.8,13.199999809265137
2023,14,WR,6,1-6,Justin Jefferson,15.7,4.699999809265137
2023,14,WR,7,7-12,Stefon Diggs,15.1,6.400000095367432
2023,14,WR,8,7-12,Deebo Samuel Sr.,14.8,34.0
2023,14,WR,9,7-12,Ja'Marr Chase,14.6,5.900000095367432
2023,14,WR,10,7-12,Keenan Allen,14.2,12.800000190734863
2023,14,WR,11,7-12,Davante Adams,13.2,12.300000190734863
2023,14,WR,12,7-12,A.J. Brown,13.0,16.399999618530273
2023,14,WR,13,13-24,DJ Moore,12.9,26.799999237060547
2023,14,WR,14,13-24,Amon-Ra St. Brown,12.8,5.099999904632568
2023,14,WR,15,13-24,Mike Evans,12.7,1.7999999523162842
2023,14,WR,16,13-24,Brandin Cooks,12.5,5.699999809265137
2023,14,WR,17,13-24,Michael Pittman,12.4,19.5
2023,14,WR,18,13-24,Tyler Lockett,12.1,14.899999618530273
2023,14,WR,19,13-24,DeVonta Smith,12.0,10.300000190734863
2023,14,WR,20,13-24,Amari Cooper,11.8,12.699999809265137
2023,14,WR,21,13-24,Courtland Sutton,11.4,15.199999809265137
2023,14,WR,22,13-24,Chris Olave,11.3,12.800000190734863
2023,14,WR,23,13-24,Drake London,11.2,29.200000762939453
2023,14,WR,24,13-24,Puka Nacua,11.0,14.0
2023,14,WR,25,25-40,Jakobi Meyers,10.9,7.5
2023,14,WR,26,25-40,George Pickens,10.9,6.900000095367432
2023,14,WR,27,25-40,Cooper Kupp,10.9,25.5
2023,14,WR,28,25-40,Garrett Wilson,10.8,20.100000381469727
2023,14,WR,29,25-40,Rashee Rice,10.8,18.200000762939453
2023,14,WR,30,25-40,Diontae Johnson,10.7,14.699999809265137
2023,14,WR,31,25-40,Gabe Davis,10.6,0.0
2023,14,WR,33,25-40,Nico Collins,10.4,2.299999952316284
2023,14,WR,34,25-40,DeAndre Hopkins,9.9,25.399999618530273
2023,14,WR,35,25-40,Jordan Addison,9.4,4.699999809265137
2023,14,WR,36,25-40,Zay Flowers,9.2,20.0
2023,14,WR,37,25-40,Jaxon Smith-Njigba,9.2,6.5
2023,14,WR,39,25-40,Elijah Moore,8.7,7.199999809265137
2023,14,WR,43,41-55,Tee Higgins,7.8,9.199999809265137
2023,14,WR,44,41-55,Jerry Jeudy,7.7,3.5999999046325684
2023,14,WR,45,41-55,Calvin Ridley,7.6,9.300000190734863
2023,14,WR,46,41-55,Adam Thielen,7.5,12.399999618530273
2023,14,WR,47,41-55,Cedrick Wilson Jr.,7.5,10.0
2023,14,WR,48,41-55,Tyler Boyd,7.4,4.300000190734863
2023,14,WR,50,41-55,Josh Downs,7.3,6.199999809265137
2023,14,WR,51,41-55,Jauan Jennings,7.1,0.0
2023,14,WR,52,41-55,Khalil Shakir,7.0,2.200000047683716
2023,14,WR,53,41-55,Romeo Doubs,7.0,7.199999809265137
2023,14,WR,54,41-55,Odell Beckham Jr.,6.7,39.400001525878906
2023,14,WR,55,41-55,Chris Godwin Jr.,6.7,10.300000190734863
2023,14,TE,1,1-3,George Kittle,17.4,16.600000381469727
2023,14,TE,2,1-3,Travis Kelce,14.4,14.300000190734863
2023,14,TE,3,1-3,Jake Ferguson,11.9,12.199999809265137
2023,14,TE,5,4-6,T.J. Hockenson,11.2,10.300000190734863
2023,14,TE,6,4-6,Sam LaPorta,9.8,4.699999809265137
2023,14,TE,7,7-12,Dalton Kincaid,9.2,7.099999904632568
2023,14,TE,8,7-12,David Njoku,8.9,27.100000381469727
2023,14,TE,9,7-12,Kyle Pitts,8.6,14.699999809265137
2023,14,TE,10,7-12,Cole Kmet,8.5,11.600000381469727
2023,14,TE,12,7-12,Pat Freiermuth,8.2,6.800000190734863
2023,14,TE,14,13-20,Dallas Goedert,7.5,7.0
2023,14,TE,15,13-20,Gerald Everett,6.7,8.899999618530273
2023,14,TE,16,13-20,Evan Engram,6.4,32.5
2023,14,TE,17,13-20,Tyler Conklin,6.2,9.699999809265137
2023,14,TE,18,13-20,Jonnu Smith,6.2,6.699999809265137
2023,14,TE,20,13-20,Chig Okonkwo,5.7,9.600000381469727
2023,15,QB,1,1-6,Jalen Hurts,25.78,21.920000076293945
2023,15,QB,2,1-6,Brock Purdy,23.72,25.68000030517578
2023,15,QB,3,1-6,Lamar Jackson,20.84,18.540000915527344
2023,15,QB,4,1-6,Patrick Mahomes,19.67,15.699999809265137
2023,15,QB,5,1-6,Josh Allen,19.52,16.15999984741211
2023,15,QB,6,1-6,Jordan Love,19.08,17.459999084472656
2023,15,QB,7,7-12,Matthew Stafford,18.12,18.520000457763672
2023,15,QB,9,7-12,Jared Goff,17.9,31.1200008392334
2023,15,QB,10,7-12,Dak Prescott,17.68,6.059999942779541
2023,15,QB,11,7-12,Russell Wilson,17.61,17.520000457763672
2023,15,QB,12,7-12,Kyler Murray,17.61,13.34000015258789
2023,15,QB,13,13-24,Sam Howell,17.46,8.279999732971191
2023,15,QB,14,13-24,Jake Browning,17.24,18.959999084472656
2023,15,QB,16,13-24,Mitchell Trubisky,15.62,12.859999656677246
2023,15,QB,17,13-24,Justin Fields,15.2,9.640000343322754
2023,15,QB,18,13-24,Gardner Minshew,15.1,20.600000381469727
2023,15,QB,19,13-24,Trevor Lawrence,14.4,14.65999984741211
2023,15,QB,20,13-24,Tua Tagovailoa,14.0,12.960000038146973
2023,15,QB,21,13-24,Joe Flacco,13.8,16.860000610351562
2023,15,QB,22,13-24,Baker Mayfield,13.4,29.040000915527344
2023,15,QB,23,13-24,Will Levis,13.4,14.460000038146973
2023,15,QB,24,13-24,Tommy DeVito,12.3,10.680000305175781
2023,15,RB,1,1-6,Christian McCaffrey,28.17,41.70000076293945
2023,15,RB,2,1-6,Jahmyr Gibbs,17.68,24.799999237060547
2023,15,RB,3,1-6,Austin Ekeler,17.03,7.800000190734863
2023,15,RB,5,1-6,Rachaad White,16.84,21.899999618530273
2023,15,RB,6,1-6,Derrick Henry,16.84,5.0
2023,15,RB,7,7-12,Joe Mixon,16.38,15.100000381469727
2023,15,RB,8,7-12,Raheem Mostert,15.36,18.299999237060547
2023,15,RB,9,7-12,Alvin Kamara,14.99,16.0
2023,15,RB,12,7-12,David Montgomery,14.15,10.199999809265137
2023,15,RB,13,13-24,Devin Singletary,13.97,21.0
2023,15,RB,14,13-24,D'Andre Swift,13.5,9.5
2023,15,RB,15,13-24,Breece Hall,13.4,2.799999952316284
2023,15,RB,16,13-24,Tony Pollard,13.2,7.699999809265137
2023,15,RB,17,13-24,Bijan Robinson,12.8,0.4000000059604645
2023,15,RB,18,13-24,James Cook,12.7,36.099998474121094
2023,15,RB,20,13-24,Kyren Williams,12.5,24.5
2023,15,RB,21,13-24,De'Von Achane,12.5,18.399999618530273
2023,15,RB,22,13-24,Travis Etienne,12.3,9.899999618530273
2023,15,RB,23,13-24,Najee Harris,11.5,1.2999999523162842
2023,15,RB,24,13-24,Saquon Barkley,11.4,5.699999809265137
2023,15,RB,25,25-40,James Conner,11.3,17.899999618530273
2023,15,RB,26,25-40,Antonio Gibson,10.8,8.5
2023,15,RB,27,25-40,Zack Moss,10.8,12.300000190734863
2023,15,RB,28,25-40,Jaylen Warren,10.6,11.800000190734863
2023,15,RB,29,25-40,Javonte Williams,10.4,4.0
2023,15,RB,31,25-40,Tyjae Spears,10.3,4.699999809265137
2023,15,RB,32,25-40,Aaron Jones,10.2,10.899999618530273
2023,15,RB,33,25-40,Zach Charbonnet,10.1,1.600000023841858
2023,15,RB,36,25-40,Kenneth Walker III,9.8,20.200000762939453
2023,15,RB,37,25-40,Jerome Ford,9.2,7.099999904632568
2023,15,RB,38,25-40,D'Onta Foreman,9.2,-0.6000000238418579
2023,15,RB,39,25-40,Chuba Hubbard,9.0,12.300000190734863
2023,15,RB,40,25-40,Ezekiel Elliott,8.9,9.600000381469727
2023,15,WR,1,1-6,Justin Jefferson,18.8,15.399999618530273
2023,15,WR,2,1-6,Deebo Samuel Sr.,18.5,21.899999618530273
2023,15,WR,3,1-6,Brandon Aiyuk,18.4,6.699999809265137
2023,15,WR,4,1-6,CeeDee Lamb,17.7,18.600000381469727
2023,15,WR,5,1-6,A.J. Brown,16.7,10.600000381469727
2023,15,WR,7,7-12,Cooper Kupp,16.1,25.100000381469727
2023,15,WR,8,7-12,Amon-Ra St. Brown,14.9,24.200000762939453
2023,15,WR,9,7-12,Michael Pittman,14.9,11.800000190734863
2023,15,WR,10,7-12,DeVonta Smith,14.7,10.0
2023,15,WR,11,7-12,Rashee Rice,14.5,24.100000381469727
2023,15,WR,12,7-12,DK Metcalf,14.4,12.800000190734863
2023,15,WR,13,13-24,Puka Nacua,14.0,10.300000190734863
2023,15,WR,14,13-24,Courtland Sutton,13.1,12.100000381469727
2023,15,WR,15,13-24,Ja'Marr Chase,13.0,10.399999618530273
2023,15,WR,16,13-24,DeAndre Hopkins,12.5,4.099999904632568
2023,15,WR,19,13-24,Mike Evans,12.0,15.699999809265137
2023,15,WR,20,13-24,Davante Adams,11.9,24.100000381469727
2023,15,WR,21,13-24,Stefon Diggs,11.7,8.800000190734863
2023,15,WR,22,13-24,Tyler Lockett,11.6,5.099999904632568
2023,15,WR,23,13-24,Jaylen Waddle,11.4,28.200000762939453
2023,15,WR,27,25-40,DJ Moore,10.7,9.199999809265137
2023,15,WR,28,25-40,Jordan Addison,10.3,29.100000381469727
2023,15,WR,29,25-40,Amari Cooper,10.2,20.899999618530273
2023,15,WR,30,25-40,Drake London,10.0,4.400000095367432
2023,15,WR,31,25-40,Diontae Johnson,9.9,16.200000762939453
2023,15,WR,32,25-40,Terry McLaurin,9.8,26.100000381469727
2023,15,WR,33,25-40,Michael Wilson,9.7,0.0
2023,15,WR,34,25-40,Jakobi Meyers,9.6,15.680000305175781
2023,15,WR,35,25-40,Garrett Wilson,9.6,5.900000095367432
2023,15,WR,36,25-40,Romeo Doubs,9.5,6.0
2023,15,WR,37,25-40,Jahan Dotson,9.4,2.200000047683716
2023,15,WR,39,25-40,Zay Flowers,9.1,1.7000000476837158
2023,15,WR,40,25-40,George Pickens,9.0,7.699999809265137
2023,15,WR,41,41-55,Jayden Reed,8.6,17.200000762939453
2023,15,WR,43,41-55,Jaxon Smith-Njigba,8.4,14.800000190734863
2023,15,WR,44,41-55,Josh Downs,8.3,4.900000095367432
2023,15,WR,45,41-55,Curtis Samuel,8.3,21.100000381469727
2023,15,WR,46,41-55,Tee Higgins,8.1,22.100000381469727
2023,15,WR,47,41-55,Jerry Jeudy,8.1,10.399999618530273
2023,15,WR,49,41-55,Brandin Cooks,8.0,3.0
2023,15,WR,50,41-55,Chris Godwin Jr.,7.9,25.5
2023,15,WR,51,41-55,Gabe Davis,7.6,0.0
2023,15,WR,52,41-55,Odell Beckham Jr.,7.5,4.800000190734863
2023,15,WR,53,41-55,Calvin Ridley,7.3,8.899999618530273
2023,15,WR,54,41-55,Elijah Moore,7.0,3.700000047683716
2023,15,TE,1,1-3,Travis Kelce,18.6,7.800000190734863
2023,15,TE,2,1-3,George Kittle,17.9,7.400000095367432
2023,15,TE,3,1-3,T.J. Hockenson,14.2,12.300000190734863
2023,15,TE,4,4-6,Sam LaPorta,13.1,28.600000381469727
2023,15,TE,5,4-6,Trey McBride,11.3,20.200000762939453
2023,15,TE,6,4-6,Dallas Goedert,10.3,7.099999904632568
2023,15,TE,8,7-12,Evan Engram,9.6,6.800000190734863
2023,15,TE,9,7-12,David Njoku,9.4,26.399999618530273
2023,15,TE,10,7-12,Jake Ferguson,8.8,10.399999618530273
2023,15,TE,12,7-12,Pat Freiermuth,7.7,4.599999904632568
2023,15,TE,13,13-20,Dalton Kincaid,7.7,0.0
2023,15,TE,14,13-20,Darren Waller,7.3,8.0
2023,15,TE,16,13-20,Dalton Schultz,7.2,9.800000190734863
2023,15,TE,17,13-20,Cole Kmet,7.2,13.300000190734863
2023,15,TE,18,13-20,Chig Okonkwo,7.0,6.599999904632568
2023,15,TE,19,13-20,Logan Thomas,6.7,1.7000000476837158
2023,15,TE,20,13-20,Tyler Higbee,6.4,7.599999904632568
2023,16,QB,1,1-6,Josh Allen,23.2,24.979999542236328
2023,16,QB,2,1-6,Justin Fields,20.7,24.5
2023,16,QB,3,1-6,Jalen Hurts,20.4,23.440000534057617
2023,16,QB,4,1-6,Trevor Lawrence,20.18,9.34000015258789
2023,16,QB,5,1-6,Lamar Jackson,19.74,22.579999923706055
2023,16,QB,6,1-6,Jake Browning,19.23,13.399999618530273
2023,16,QB,7,7-12,Jared Goff,18.05,14.279999732971191
2023,16,QB,8,7-12,Patrick Mahomes,17.97,16.700000762939453
2023,16,QB,9,7-12,Brock Purdy,17.39,2.4000000953674316
2023,16,QB,10,7-12,Russell Wilson,17.39,23.520000457763672
2023,16,QB,11,7-12,Joe Flacco,17.16,24.81999969482422
2023,16,QB,12,7-12,Dak Prescott,16.87,18.6200008392334
2023,16,QB,13,13-24,Nick Mullens,16.36,16.540000915527344
2023,16,QB,15,13-24,Baker Mayfield,15.99,19.81999969482422
2023,16,QB,17,13-24,Derek Carr,15.3,24.959999084472656
2023,16,QB,18,13-24,Jordan Love,15.2,23.959999084472656
2023,16,QB,20,13-24,Tommy DeVito,14.9,2.700000047683716
2023,16,QB,21,13-24,Matthew Stafford,14.6,20.719999313354492
2023,16,QB,22,13-24,Kyler Murray,14.6,20.399999618530273
2023,16,QB,24,13-24,Easton Stick,12.8,17.100000381469727
2023,16,RB,1,1-6,Christian McCaffrey,20.65,25.100000381469727
2023,16,RB,2,1-6,James Cook,19.07,5.0
2023,16,RB,3,1-6,Joe Mixon,19.07,9.0
2023,16,RB,4,1-6,Derrick Henry,16.57,21.3799991607666
2023,16,RB,5,1-6,Rachaad White,15.73,19.700000762939453
2023,16,RB,6,1-6,Isiah Pacheco,14.99,10.600000381469727
2023,16,RB,7,7-12,Austin Ekeler,14.8,11.600000381469727
2023,16,RB,8,7-12,Alvin Kamara,14.62,8.5
2023,16,RB,9,7-12,Jahmyr Gibbs,14.52,24.0
2023,16,RB,10,7-12,Travis Etienne,14.52,6.099999904632568
2023,16,RB,11,7-12,Devin Singletary,14.25,9.300000190734863
2023,16,RB,12,7-12,Bijan Robinson,14.15,19.200000762939453
2023,16,RB,15,13-24,Raheem Mostert,13.4,12.0
2023,16,RB,16,13-24,Kyren Williams,13.4,16.399999618530273
2023,16,RB,17,13-24,Chuba Hubbard,13.0,12.100000381469727
2023,16,RB,18,13-24,Breece Hall,12.9,43.099998474121094
2023,16,RB,19,13-24,Saquon Barkley,12.8,19.399999618530273
2023,16,RB,20,13-24,Jonathan Taylor,12.8,10.300000190734863
2023,16,RB,21,13-24,Kenneth Walker III,12.7,6.599999904632568
2023,16,RB,22,13-24,Tony Pollard,12.1,5.300000190734863
2023,16,RB,25,25-40,D'Andre Swift,11.1,15.199999809265137
2023,16,RB,26,25-40,James Conner,11.1,22.200000762939453
2023,16,RB,27,25-40,David Montgomery,10.9,14.899999618530273
2023,16,RB,28,25-40,Ezekiel Elliott,10.9,21.0
2023,16,RB,29,25-40,Tyjae Spears,10.8,11.699999809265137
2023,16,RB,31,25-40,Javonte Williams,10.7,10.899999618530273
2023,16,RB,32,25-40,Jerome Ford,9.8,9.300000190734863
2023,16,RB,33,25-40,Zach Charbonnet,9.1,0.6000000238418579
2023,16,RB,34,25-40,Gus Edwards,9.0,14.0
2023,16,RB,35,25-40,De'Von Achane,9.0,8.199999809265137
2023,16,RB,37,25-40,Roschon Johnson,8.7,8.300000190734863
2023,16,RB,38,25-40,AJ Dillon,8.6,14.399999618530273
2023,16,RB,39,25-40,Aaron Jones,8.4,14.5
2023,16,RB,40,25-40,Jaylen Warren,8.3,10.399999618530273
2023,16,WR,1,1-6,CeeDee Lamb,17.7,25.200000762939453
2023,16,WR,2,1-6,DJ Moore,17.0,4.800000190734863
2023,16,WR,3,1-6,DK Metcalf,16.1,15.600000381469727
2023,16,WR,4,1-6,Justin Jefferson,15.3,26.100000381469727
2023,16,WR,5,1-6,Amon-Ra St. Brown,15.2,28.600000381469727
2023,16,WR,6,1-6,Amari Cooper,14.6,51.5
2023,16,WR,7,7-12,Stefon Diggs,14.4,7.900000095367432
2023,16,WR,8,7-12,Courtland Sutton,14.1,0.0
2023,16,WR,9,7-12,Tyreek Hill,14.0,18.899999618530273
2023,16,WR,10,7-12,Cooper Kupp,13.8,10.899999618530273
2023,16,WR,11,7-12,Rashee Rice,13.8,11.699999809265137
2023,16,WR,12,7-12,Deebo Samuel Sr.,13.3,9.399999618530273
2023,16,WR,13,13-24,A.J. Brown,13.3,14.0
2023,16,WR,14,13-24,Chris Olave,13.2,23.299999237060547
2023,16,WR,16,13-24,Mike Evans,12.3,27.600000381469727
2023,16,WR,18,13-24,DeAndre Hopkins,12.1,4.0
2023,16,WR,19,13-24,Davante Adams,11.9,1.399999976158142
2023,16,WR,20,13-24,DeVonta Smith,11.8,17.899999618530273
2023,16,WR,21,13-24,Jordan Addison,11.7,1.2000000476837158
2023,16,WR,22,13-24,Jaylen Waddle,11.4,6.199999809265137
2023,16,WR,23,13-24,Tyler Lockett,11.4,16.100000381469727
2023,16,WR,24,13-24,Brandon Aiyuk,11.3,17.299999237060547
2023,16,WR,25,25-40,Calvin Ridley,11.1,25.799999237060547
2023,16,WR,26,25-40,Nico Collins,10.7,13.800000190734863
2023,16,WR,28,25-40,Puka Nacua,10.6,33.0
2023,16,WR,29,25-40,Drake London,10.5,6.900000095367432
2023,16,WR,30,25-40,Tee Higgins,10.0,25.0
2023,16,WR,31,25-40,Adam Thielen,9.7,15.399999618530273
2023,16,WR,33,25-40,Jaxon Smith-Njigba,9.4,12.100000381469727
2023,16,WR,34,25-40,Garrett Wilson,9.4,15.800000190734863
2023,16,WR,35,25-40,Jerry Jeudy,9.3,7.400000095367432
2023,16,WR,36,25-40,Diontae Johnson,9.2,3.5
2023,16,WR,38,25-40,Zay Flowers,8.7,22.200000762939453
2023,16,WR,39,25-40,Terry McLaurin,8.7,8.0
2023,16,WR,40,25-40,Jakobi Meyers,8.6,7.199999809265137
2023,16,WR,41,41-55,Chris Godwin Jr.,8.6,13.899999618530273
2023,16,WR,42,41-55,Elijah Moore,8.5,3.9000000953674316
2023,16,WR,45,41-55,George Pickens,7.8,35.5
2023,16,WR,46,41-55,Gabe Davis,7.8,23.0
2023,16,WR,47,41-55,Curtis Samuel,7.6,3.0
2023,16,WR,48,41-55,Jason Brownlee,7.5,7.800000190734863
2023,16,WR,49,41-55,Odell Beckham Jr.,7.3,6.599999904632568
2023,16,WR,50,41-55,Brandin Cooks,7.1,10.300000190734863
2023,16,WR,52,41-55,Cedric Tillman,6.7,3.299999952316284
2023,16,WR,53,41-55,Tyler Boyd,6.7,10.899999618530273
2023,16,WR,54,41-55,Darnell Mooney,6.7,2.5
2023,16,TE,1,1-3,Travis Kelce,15.0,9.399999618530273
2023,16,TE,2,1-3,David Njoku,14.6,16.399999618530273
2023,16,TE,3,1-3,Cole Kmet,13.6,14.699999809265137
2023,16,TE,4,4-6,Evan Engram,12.5,17.5
2023,16,TE,5,4-6,T.J. Hockenson,11.8,9.800000190734863
2023,16,TE,6,4-6,Sam LaPorta,11.7,4.800000190734863
2023,16,TE,8,7-12,George Kittle,10.7,19.600000381469727
2023,16,TE,9,7-12,Jake Ferguson,9.5,8.5
2023,16,TE,10,7-12,Trey McBride,9.4,9.100000381469727
2023,16,TE,11,7-12,Darren Waller,8.6,5.199999809265137
2023,16,TE,12,7-12,Kyle Pitts,8.3,13.899999618530273
2023,16,TE,13,13-20,Dalton Kincaid,7.7,1.7000000476837158
2023,16,TE,14,13-20,Dallas Goedert,7.7,14.100000381469727
2023,16,TE,15,13-20,Chig Okonkwo,7.7,18.299999237060547
2023,16,TE,16,13-20,Isaiah Likely,7.6,8.600000381469727
2023,16,TE,18,13-20,Jonnu Smith,6.3,7.199999809265137
2023,16,TE,19,13-20,Dalton Schultz,6.3,14.100000381469727
2023,17,QB,1,1-6,Jalen Hurts,27.4,19.18000030517578
2023,17,QB,2,1-6,Josh Allen,24.52,21.15999984741211
2023,17,QB,3,1-6,Dak Prescott,20.7,20.299999237060547
2023,17,QB,4,1-6,Brock Purdy,19.89,17.600000381469727
2023,17,QB,5,1-6,Lamar Jackson,19.74,36.34000015258789
2023,17,QB,6,1-6,Kyler Murray,18.27,23.68000030517578
2023,17,QB,7,7-12,Patrick Mahomes,17.9,12.0
2023,17,QB,8,7-12,Derek Carr,17.46,15.579999923706055
2023,17,QB,9,7-12,Easton Stick,17.39,11.899999618530273
2023,17,QB,10,7-12,Joe Flacco,16.58,22.65999984741211
2023,17,QB,11,7-12,Matthew Stafford,16.5,12.579999923706055
2023,17,QB,12,7-12,Nick Mullens,16.5,9.119999885559082
2023,17,QB,15,13-24,Jordan Love,16.28,28.440000534057617
2023,17,QB,17,13-24,Jake Browning,16.13,21.079999923706055
2023,17,QB,18,13-24,Justin Fields,15.77,25.219999313354492
2023,17,QB,20,13-24,Jared Goff,15.0,10.84000015258789
2023,17,QB,21,13-24,Gardner Minshew,14.3,13.260000228881836
2023,17,QB,22,13-24,Baker Mayfield,14.1,16.260000228881836
2023,17,QB,23,13-24,Tua Tagovailoa,13.1,14.880000114440918
2023,17,QB,24,13-24,Aidan O'Connell,12.7,20.260000228881836
2023,17,RB,1,1-6,Christian McCaffrey,21.39,13.100000381469727
2023,17,RB,2,1-6,Austin Ekeler,19.26,4.0
2023,17,RB,3,1-6,James Cook,16.66,5.400000095367432
2023,17,RB,5,1-6,Kyren Williams,15.64,30.100000381469727
2023,17,RB,6,1-6,Joe Mixon,15.64,18.700000762939453
2023,17,RB,7,7-12,Devin Singletary,15.64,11.600000381469727
2023,17,RB,8,7-12,Jonathan Taylor,15.45,17.399999618530273
2023,17,RB,9,7-12,D'Andre Swift,15.27,7.599999904632568
2023,17,RB,10,7-12,Alvin Kamara,14.62,6.900000095367432
2023,17,RB,11,7-12,Derrick Henry,14.43,4.199999809265137
2023,17,RB,12,7-12,James Conner,14.43,26.299999237060547
2023,17,RB,13,13-24,Breece Hall,14.34,27.600000381469727
2023,17,RB,14,13-24,Rachaad White,13.97,8.600000381469727
2023,17,RB,15,13-24,Tony Pollard,13.5,5.900000095367432
2023,17,RB,16,13-24,Isiah Pacheco,13.3,29.5
2023,17,RB,17,13-24,Jahmyr Gibbs,13.3,5.300000190734863
2023,17,RB,18,13-24,Saquon Barkley,13.1,8.800000190734863
2023,17,RB,19,13-24,Travis Etienne,12.3,25.799999237060547
2023,17,RB,21,13-24,Kenneth Walker III,11.6,16.5
2023,17,RB,22,13-24,Najee Harris,11.3,24.200000762939453
2023,17,RB,23,13-24,Jaylen Warren,11.0,19.799999237060547
2023,17,RB,24,13-24,Chuba Hubbard,10.9,11.100000381469727
2023,17,RB,25,25-40,Aaron Jones,10.5,14.0
2023,17,RB,27,25-40,Brian Robinson,10.2,11.600000381469727
2023,17,RB,28,25-40,David Montgomery,10.0,12.5
2023,17,RB,29,25-40,Javonte Williams,9.8,8.800000190734863
2023,17,RB,30,25-40,Bijan Robinson,9.8,11.600000381469727
2023,17,RB,31,25-40,Jerome Ford,9.7,26.100000381469727
2023,17,RB,34,25-40,Tyjae Spears,8.8,6.900000095367432
2023,17,RB,35,25-40,Kareem Hunt,8.5,9.100000381469727
2023,17,RB,36,25-40,Gus Edwards,8.3,10.800000190734863
2023,17,RB,37,25-40,Ty Chandler,8.2,9.399999618530273
2023,17,RB,38,25-40,Ezekiel Elliott,7.9,11.5
2023,17,RB,39,25-40,Emari Demercado,7.9,1.899999976158142
2023,17,RB,40,25-40,Antonio Gibson,7.8,5.599999904632568
2023,17,WR,1,1-6,CeeDee Lamb,22.0,40.20000076293945
2023,17,WR,3,1-6,Justin Jefferson,16.9,10.899999618530273
2023,17,WR,4,1-6,A.J. Brown,16.1,9.300000190734863
2023,17,WR,5,1-6,Tyreek Hill,15.6,13.600000381469727
2023,17,WR,6,1-6,Stefon Diggs,15.3,7.099999904632568
2023,17,WR,7,7-12,DeVonta Smith,15.0,6.0
2023,17,WR,8,7-12,Chris Olave,14.6,5.599999904632568
2023,17,WR,9,7-12,DK Metcalf,14.1,15.600000381469727
2023,17,WR,10,7-12,Rashee Rice,13.3,17.700000762939453
2023,17,WR,11,7-12,Cooper Kupp,13.3,12.699999809265137
2023,17,WR,12,7-12,Deebo Samuel Sr.,13.2,18.200000762939453
2023,17,WR,13,13-24,George Pickens,13.0,20.100000381469727
2023,17,WR,14,13-24,Puka Nacua,12.9,18.700000762939453
2023,17,WR,15,13-24,Brandon Aiyuk,12.3,24.399999618530273
2023,17,WR,16,13-24,Amon-Ra St. Brown,12.3,22.100000381469727
2023,17,WR,18,13-24,Mike Evans,11.9,10.0
2023,17,WR,19,13-24,Jordan Addison,11.9,5.800000190734863
2023,17,WR,21,13-24,Tyler Lockett,11.6,2.0
2023,17,WR,22,13-24,Davante Adams,11.6,37.599998474121094
2023,17,WR,23,13-24,Michael Pittman,11.5,9.600000381469727
2023,17,WR,24,13-24,Nico Collins,11.5,15.699999809265137
2023,17,WR,26,25-40,Gabe Davis,11.1,4.099999904632568
2023,17,WR,27,25-40,Ja'Marr Chase,10.8,7.099999904632568
2023,17,WR,29,25-40,Diontae Johnson,10.5,11.600000381469727
2023,17,WR,30,25-40,Tee Higgins,10.0,2.9000000953674316
2023,17,WR,32,25-40,DeAndre Hopkins,9.9,14.199999809265137
2023,17,WR,33,25-40,DJ Moore,9.3,30.899999618530273
2023,17,WR,34,25-40,Brandin Cooks,9.3,17.0
2023,17,WR,35,25-40,Zay Flowers,9.2,19.600000381469727
2023,17,WR,36,25-40,Jakobi Meyers,9.2,11.600000381469727
2023,17,WR,37,25-40,Terry McLaurin,9.1,16.100000381469727
2023,17,WR,38,25-40,Jaxon Smith-Njigba,8.8,8.199999809265137
2023,17,WR,39,25-40,Rashid Shaheed,8.8,3.4000000953674316
2023,17,WR,40,25-40,Garrett Wilson,8.7,9.899999618530273
2023,17,WR,41,41-55,Chris Godwin Jr.,8.6,17.100000381469727
2023,17,WR,42,41-55,Calvin Ridley,8.6,7.900000095367432
2023,17,WR,44,41-55,Adam Thielen,8.4,9.800000190734863
2023,17,WR,46,41-55,Romeo Doubs,8.1,5.800000190734863
2023,17,WR,48,41-55,Demarcus Robinson,8.1,13.199999809265137
2023,17,WR,49,41-55,Drake London,8.0,9.600000381469727
2023,17,WR,51,41-55,Jerry Jeudy,7.8,8.399999618530273
2023,17,WR,52,41-55,Curtis Samuel,7.8,6.300000190734863
2023,17,WR,53,41-55,Jayden Reed,7.6,26.899999618530273
2023,17,WR,54,41-55,Darius Slayton,7.4,20.600000381469727
2023,17,WR,55,41-55,DJ Chark,7.4,2.799999952316284
2023,17,TE,1,1-3,David Njoku,16.4,17.399999618530273
2023,17,TE,2,1-3,Travis Kelce,15.1,4.599999904632568
2023,17,TE,4,4-6,Dallas Goedert,11.5,15.699999809265137
2023,17,TE,5,4-6,Trey McBride,11.4,10.800000190734863
2023,17,TE,6,4-6,Jake Ferguson,10.5,7.300000190734863
2023,17,TE,7,7-12,George Kittle,10.5,5.900000095367432
2023,17,TE,9,7-12,Evan Engram,9.3,12.0
2023,17,TE,10,7-12,Pat Freiermuth,9.0,7.400000095367432
2023,17,TE,12,7-12,Dalton Schultz,8.6,3.9000000953674316
2023,17,TE,13,13-20,Sam LaPorta,8.2,15.399999618530273
2023,17,TE,14,13-20,Isaiah Likely,7.7,18.200000762939453
2023,17,TE,15,13-20,Dalton Kincaid,7.7,12.699999809265137
2023,17,TE,16,13-20,Darren Waller,7.3,10.100000381469727
2023,17,TE,17,13-20,Juwan Johnson,7.3,23.0
2023,17,TE,18,13-20,Kyle Pitts,6.8,1.5
2023,17,TE,19,13-20,Chig Okonkwo,6.6,6.400000095367432
2024,4,QB,1,1-6,Lamar Jackson,23.2,23.639999389648438
2024,4,QB,2,1-6,Jayden Daniels,22.02,24.020000457763672
2024,4,QB,3,1-6,Jalen Hurts,21.65,16.31999969482422
2024,4,QB,4,1-6,Josh Allen,20.62,7.300000190734863
2024,4,QB,5,1-6,C.J. Stroud,19.37,23.5
2024,4,QB,6,1-6,Kyler Murray,19.0,9.979999542236328
2024,4,QB,7,7-12,Geno Smith,18.49,21.600000381469727
2024,4,QB,8,7-12,Dak Prescott,17.83,16.739999771118164
2024,4,QB,9,7-12,Baker Mayfield,17.53,28.8799991607666
2024,4,QB,10,7-12,Justin Fields,17.53,31.979999542236328
2024,4,QB,11,7-12,Derek Carr,17.31,8.0600004196167
2024,4,QB,12,7-12,Joe Burrow,16.8,16.280000686645508
2024,4,QB,13,13-24,Sam Darnold,16.43,20.5
2024,4,QB,14,13-24,Patrick Mahomes,16.06,13.0
2024,4,QB,15,13-24,Brock Purdy,15.84,14.619999885559082
2024,4,QB,16,13-24,Caleb Williams,15.77,11.479999542236328
2024,4,QB,17,13-24,Trevor Lawrence,14.5,14.760000228881836
2024,4,QB,18,13-24,Aaron Rodgers,14.1,11.600000381469727
2024,4,QB,19,13-24,Deshaun Watson,13.1,12.239999771118164
2024,4,QB,21,13-24,Jared Goff,12.9,27.18000030517578
2024,4,QB,22,13-24,Kirk Cousins,12.7,7.519999980926514
2024,4,QB,23,13-24,Anthony Richardson,12.3,5.239999771118164
2024,4,QB,24,13-24,Justin Herbert,12.2,11.15999984741211
2024,4,RB,1,1-6,De'Von Achane,27.98,5.900000095367432
2024,4,RB,2,1-6,Saquon Barkley,22.13,13.600000381469727
2024,4,RB,3,1-6,Alvin Kamara,20.84,24.899999618530273
2024,4,RB,4,1-6,Breece Hall,20.46,3.799999952316284
2024,4,RB,5,1-6,Derrick Henry,18.24,35.900001525878906
2024,4,RB,6,1-6,Kyren Williams,17.68,20.399999618530273
2024,4,RB,7,7-12,Brian Robinson,17.59,20.299999237060547
2024,4,RB,8,7-12,Bijan Robinson,17.03,11.399999618530273
2024,4,RB,9,7-12,James Conner,16.47,18.299999237060547
2024,4,RB,10,7-12,Kenneth Walker III,16.2,33.599998474121094
2024,4,RB,11,7-12,Zack Moss,16.1,17.799999237060547
2024,4,RB,12,7-12,Jahmyr Gibbs,14.99,19.799999237060547
2024,4,RB,13,13-24,James Cook,14.62,5.800000190734863
2024,4,RB,15,13-24,Jordan Mason,14.52,24.0
2024,4,RB,16,13-24,David Montgomery,14.43,15.0
2024,4,RB,17,13-24,Jonathan Taylor,14.25,19.799999237060547
2024,4,RB,19,13-24,Travis Etienne,13.69,7.0
2024,4,RB,20,13-24,Devin Singletary,13.6,4.800000190734863
2024,4,RB,21,13-24,Najee Harris,13.2,10.300000190734863
2024,4,RB,22,13-24,Zach Charbonnet,12.9,10.399999618530273
2024,4,RB,23,13-24,Chuba Hubbard,12.4,22.100000381469727
2024,4,RB,24,13-24,Jerome Ford,12.1,15.5
2024,4,RB,26,25-40,Aaron Jones,11.8,17.899999618530273
2024,4,RB,27,25-40,J.K. Dobbins,11.8,9.199999809265137
2024,4,RB,28,25-40,D'Andre Swift,11.2,29.5
2024,4,RB,29,25-40,Rachaad White,10.8,10.399999618530273
2024,4,RB,30,25-40,Josh Jacobs,10.6,11.800000190734863
2024,4,RB,31,25-40,Rico Dowdle,10.4,13.100000381469727
2024,4,RB,32,25-40,Tony Pollard,10.0,18.799999237060547
2024,4,RB,33,25-40,Javonte Williams,9.5,10.0
2024,4,RB,34,25-40,Rhamondre Stevenson,9.5,8.199999809265137
2024,4,RB,35,25-40,Justice Hill,8.5,21.600000381469727
2024,4,RB,36,25-40,Braelon Allen,8.2,5.599999904632568
2024,4,RB,37,25-40,Roschon Johnson,7.8,8.600000381469727
2024,4,RB,40,25-40,Bucky Irving,7.1,12.5
2024,4,WR,1,1-6,DK Metcalf,19.2,15.399999618530273
2024,4,WR,2,1-6,Rashee Rice,17.4,0.0
2024,4,WR,3,1-6,Chris Godwin Jr.,16.2,12.899999618530273
2024,4,WR,4,1-6,Tyreek Hill,16.1,8.199999809265137
2024,4,WR,6,1-6,Nico Collins,15.7,33.099998474121094
2024,4,WR,8,7-12,Justin Jefferson,15.4,20.5
2024,4,WR,9,7-12,Ja'Marr Chase,15.1,17.5
2024,4,WR,10,7-12,CeeDee Lamb,14.8,23.600000381469727
2024,4,WR,11,7-12,DJ Moore,14.5,11.199999809265137
2024,4,WR,12,7-12,Amon-Ra St. Brown,14.4,20.780000686645508
2024,4,WR,13,13-24,Jaxon Smith-Njigba,14.3,13.100000381469727
2024,4,WR,14,13-24,Marvin Harrison Jr.,13.7,15.5
2024,4,WR,15,13-24,Stefon Diggs,13.2,18.5
2024,4,WR,17,13-24,Jakobi Meyers,13.1,9.899999618530273
2024,4,WR,18,13-24,Mike Evans,12.9,23.399999618530273
2024,4,WR,19,13-24,Malik Nabers,12.8,23.100000381469727
2024,4,WR,20,13-24,Drake London,11.9,12.399999618530273
2024,4,WR,21,13-24,Jaylen Waddle,11.8,7.599999904632568
2024,4,WR,22,13-24,Amari Cooper,11.6,7.5
2024,4,WR,23,13-24,Jerry Jeudy,11.6,13.199999809265137
2024,4,WR,24,13-24,Tee Higgins,11.5,12.0
2024,4,WR,25,25-40,Tyler Lockett,11.3,11.100000381469727
2024,4,WR,26,25-40,Keenan Allen,11.3,4.900000095367432
2024,4,WR,27,25-40,Zay Flowers,11.2,2.0
2024,4,WR,28,25-40,Chris Olave,11.0,16.700000762939453
2024,4,WR,30,25-40,Rome Odunze,10.7,2.0
2024,4,WR,31,25-40,Terry McLaurin,10.5,18.200000762939453
2024,4,WR,33,25-40,Jauan Jennings,10.4,11.800000190734863
2024,4,WR,35,25-40,Diontae Johnson,10.0,21.299999237060547
2024,4,WR,36,25-40,DeMario Douglas,9.8,4.300000190734863
2024,4,WR,37,25-40,Tre Tucker,9.8,15.399999618530273
2024,4,WR,38,25-40,Xavier Legette,9.7,19.600000381469727
2024,4,WR,39,25-40,Deebo Samuel Sr.,9.5,10.199999809265137
2024,4,WR,40,25-40,Michael Wilson,9.4,4.800000190734863
2024,4,WR,41,41-55,George Pickens,9.2,16.299999237060547
2024,4,WR,42,41-55,Calvin Ridley,9.0,2.5
2024,4,WR,43,41-55,Rashid Shaheed,9.0,17.700000762939453
2024,4,WR,44,41-55,Darnell Mooney,8.9,8.600000381469727
2024,4,WR,45,41-55,Brian Thomas Jr.,8.7,21.899999618530273
2024,4,WR,46,41-55,Khalil Shakir,8.3,10.199999809265137
2024,4,WR,47,41-55,Rashod Bateman,8.1,3.299999952316284
2024,4,WR,48,41-55,Andrei Iosivas,8.0,3.9000000953674316
2024,4,WR,49,41-55,Brandon Aiyuk,7.9,6.800000190734863
2024,4,WR,50,41-55,Elijah Moore,7.8,2.0999999046325684
2024,4,WR,51,41-55,Jalen Tolbert,7.8,5.400000095367432
2024,4,WR,52,41-55,Brandin Cooks,7.7,2.5999999046325684
2024,4,WR,53,41-55,Quentin Johnston,7.7,2.299999952316284
2024,4,WR,54,41-55,Jameson Williams,7.6,16.0
2024,4,WR,55,41-55,Jayden Reed,7.4,27.100000381469727
2024,4,TE,1,1-3,Mark Andrews,11.1,0.0
2024,4,TE,3,1-3,Jake Ferguson,9.6,11.899999618530273
2024,4,TE,4,4-6,Isaiah Likely,9.5,3.5999999046325684
2024,4,TE,5,4-6,Dallas Goedert,9.5,13.199999809265137
2024,4,TE,6,4-6,Travis Kelce,9.5,15.899999618530273
2024,4,TE,7,7-12,Cole Kmet,9.4,6.400000095367432
2024,4,TE,8,7-12,Brock Bowers,9.1,5.099999904632568
2024,4,TE,9,7-12,Zach Ertz,9.0,7.199999809265137
2024,4,TE,10,7-12,George Kittle,9.0,14.5
2024,4,TE,11,7-12,Sam LaPorta,8.9,9.300000190734863
2024,4,TE,12,7-12,Kyle Pitts,8.1,0.0
2024,4,TE,13,13-20,Dalton Kincaid,7.6,9.699999809265137
2024,4,TE,14,13-20,Hunter Henry,6.9,3.200000047683716
2024,4,TE,16,13-20,Pat Freiermuth,6.4,16.700000762939453
2024,4,TE,17,13-20,Mike Gesicki,6.3,0.10000000149011612
2024,4,TE,18,13-20,Tyler Conklin,6.2,5.699999809265137
2024,5,QB,1,1-6,Brock Purdy,22.1,13.0600004196167
2024,5,QB,2,1-6,Josh Allen,21.14,14.640000343322754
2024,5,QB,3,1-6,Lamar Jackson,19.59,33.41999816894531
2024,5,QB,4,1-6,Baker Mayfield,19.52,23.399999618530273
2024,5,QB,5,1-6,Deshaun Watson,18.2,8.399999618530273
2024,5,QB,6,1-6,Trevor Lawrence,17.24,21.239999771118164
2024,5,QB,7,7-12,Jayden Daniels,16.65,19.719999313354492
2024,5,QB,8,7-12,C.J. Stroud,16.58,15.9399995803833
2024,5,QB,9,7-12,Geno Smith,16.43,22.559999465942383
2024,5,QB,10,7-12,Dak Prescott,16.36,16.3799991607666
2024,5,QB,11,7-12,Kirk Cousins,16.28,34.36000061035156
2024,5,QB,12,7-12,Justin Fields,15.91,15.9399995803833
2024,5,QB,13,13-24,Joe Burrow,15.69,33.779998779296875
2024,5,QB,14,13-24,Patrick Mahomes,15.1,13.4399995803833
2024,5,QB,15,13-24,Sam Darnold,14.4,4.260000228881836
2024,5,QB,16,13-24,Kyler Murray,13.5,24.100000381469727
2024,5,QB,17,13-24,Andy Dalton,13.3,3.740000009536743
2024,5,QB,18,13-24,Aaron Rodgers,12.9,11.760000228881836
2024,5,QB,19,13-24,Caleb Williams,12.6,23.559999465942383
2024,5,QB,20,13-24,Matthew Stafford,12.3,12.399999618530273
2024,5,QB,21,13-24,Derek Carr,12.2,12.600000381469727
2024,5,QB,22,13-24,Tyler Huntley,11.1,6.460000038146973
2024,5,QB,23,13-24,Bo Nix,9.5,23.139999389648438
2024,5,QB,24,13-24,Jacoby Brissett,9.3,7.400000095367432
2024,5,RB,1,1-6,Jordan Mason,24.92,8.800000190734863
2024,5,RB,2,1-6,Bijan Robinson,21.58,10.699999809265137
2024,5,RB,3,1-6,De'Von Achane,20.28,2.700000047683716
2024,5,RB,4,1-6,Kyren Williams,20.19,15.5
2024,5,RB,6,1-6,Alvin Kamara,17.68,12.600000381469727
2024,5,RB,7,7-12,Kenneth Walker III,17.49,14.600000381469727
2024,5,RB,8,7-12,Derrick Henry,16.38,16.600000381469727
2024,5,RB,9,7-12,Breece Hall,15.82,6.699999809265137
2024,5,RB,10,7-12,Travis Etienne,15.82,12.0
2024,5,RB,11,7-12,Jerome Ford,15.73,7.900000095367432
2024,5,RB,12,7-12,D'Andre Swift,15.17,20.0
2024,5,RB,13,13-24,Josh Jacobs,14.62,16.399999618530273
2024,5,RB,14,13-24,James Cook,14.43,17.899999618530273
2024,5,RB,15,13-24,Zach Charbonnet,14.06,6.0
2024,5,RB,18,13-24,Brian Robinson,13.2,13.800000190734863
2024,5,RB,19,13-24,Zack Moss,13.1,8.199999809265137
2024,5,RB,21,13-24,Rachaad White,12.6,9.600000381469727
2024,5,RB,22,13-24,James Conner,12.3,14.0
2024,5,RB,23,13-24,Chuba Hubbard,12.0,17.5
2024,5,RB,24,13-24,Aaron Jones,11.5,6.300000190734863
2024,5,RB,25,25-40,Javonte Williams,10.1,16.100000381469727
2024,5,RB,26,25-40,Najee Harris,9.6,9.699999809265137
2024,5,RB,27,25-40,Rhamondre Stevenson,9.5,19.200000762939453
2024,5,RB,28,25-40,Kareem Hunt,8.9,18.700000762939453
2024,5,RB,29,25-40,Austin Ekeler,8.5,11.699999809265137
2024,5,RB,30,25-40,Bucky Irving,8.5,5.599999904632568
2024,5,RB,31,25-40,Rico Dowdle,8.4,19.399999618530273
2024,5,RB,32,25-40,Tyler Allgeier,7.8,5.5
2024,5,RB,33,25-40,Roschon Johnson,7.7,14.5
2024,5,RB,34,25-40,Chase Brown,7.6,16.399999618530273
2024,5,RB,35,25-40,Jaleel McLaughlin,7.1,11.5
2024,5,RB,36,25-40,Raheem Mostert,6.9,11.800000190734863
2024,5,RB,37,25-40,Emanuel Wilson,6.8,2.5
2024,5,RB,38,25-40,Justice Hill,6.7,3.5
2024,5,RB,39,25-40,Alexander Mattison,6.6,10.100000381469727
2024,5,RB,40,25-40,Ty Johnson,6.6,1.5
2024,5,WR,1,1-6,DK Metcalf,18.2,7.5
2024,5,WR,2,1-6,Jerry Jeudy,16.6,2.5999999046325684
2024,5,WR,3,1-6,Ja'Marr Chase,15.9,41.29999923706055
2024,5,WR,5,1-6,Jayden Reed,15.2,13.699999809265137
2024,5,WR,6,1-6,CeeDee Lamb,14.6,11.399999618530273
2024,5,WR,7,7-12,Justin Jefferson,14.4,15.199999809265137
2024,5,WR,8,7-12,Drake London,14.2,33.400001525878906
2024,5,WR,9,7-12,Mike Evans,13.4,23.200000762939453
2024,5,WR,11,7-12,Jauan Jennings,13.0,2.299999952316284
2024,5,WR,12,7-12,Josh Downs,12.9,15.899999618530273
2024,5,WR,13,13-24,Deebo Samuel Sr.,12.9,3.0
2024,5,WR,14,13-24,Chris Godwin Jr.,12.9,11.600000381469727
2024,5,WR,15,13-24,Nico Collins,12.8,15.800000190734863
2024,5,WR,16,13-24,Michael Pittman,12.6,14.699999809265137
2024,5,WR,17,13-24,Brian Thomas Jr.,11.7,23.200000762939453
2024,5,WR,19,13-24,Amari Cooper,11.6,10.0
2024,5,WR,20,13-24,Tee Higgins,11.5,29.299999237060547
2024,5,WR,21,13-24,Dontayvion Wicks,11.4,4.0
2024,5,WR,23,13-24,Tank Dell,11.1,7.300000190734863
2024,5,WR,24,13-24,DJ Moore,10.9,27.5
2024,5,WR,26,25-40,Tyler Lockett,10.6,11.5
2024,5,WR,27,25-40,Jaxon Smith-Njigba,10.5,13.100000381469727
2024,5,WR,28,25-40,Christian Kirk,10.5,12.800000190734863
2024,5,WR,29,25-40,Darnell Mooney,10.4,31.5
2024,5,WR,30,25-40,Brandon Aiyuk,10.3,22.700000762939453
2024,5,WR,31,25-40,Chris Olave,9.8,3.0
2024,5,WR,32,25-40,Marvin Harrison Jr.,9.8,5.599999904632568
2024,5,WR,33,25-40,Alec Pierce,9.7,22.399999618530273
2024,5,WR,34,25-40,Xavier Legette,9.6,1.7999999523162842
2024,5,WR,35,25-40,Stefon Diggs,9.2,14.199999809265137
2024,5,WR,36,25-40,Courtland Sutton,9.1,5.199999809265137
2024,5,WR,37,25-40,Keenan Allen,9.0,6.300000190734863
2024,5,WR,39,25-40,Elijah Moore,8.7,4.099999904632568
2024,5,WR,40,25-40,Jakobi Meyers,8.6,13.199999809265137
2024,5,WR,41,41-55,Tyreek Hill,8.4,12.899999618530273
2024,5,WR,42,41-55,Zay Flowers,8.4,19.0
2024,5,WR,43,41-55,Diontae Johnson,8.3,5.900000095367432
2024,5,WR,44,41-55,Rashid Shaheed,8.2,18.600000381469727
2024,5,WR,46,41-55,Terry McLaurin,8.2,13.399999618530273
2024,5,WR,47,41-55,Garrett Wilson,8.1,29.100000381469727
2024,5,WR,48,41-55,George Pickens,8.1,5.599999904632568
2024,5,WR,49,41-55,Demarcus Robinson,7.9,11.800000190734863
2024,5,WR,50,41-55,Tutu Atwell,7.5,12.5
2024,5,WR,51,41-55,Andrei Iosivas,7.5,4.900000095367432
2024,5,WR,52,41-55,Gabe Davis,7.4,4.800000190734863
2024,5,WR,53,41-55,Ray-Ray McCloud,7.3,12.600000381469727
2024,5,WR,55,41-55,Wan'Dale Robinson,7.2,16.0
2024,5,TE,1,1-3,George Kittle,14.1,20.399999618530273
2024,5,TE,2,1-3,Travis Kelce,9.3,16.0
2024,5,TE,3,1-3,Jake Ferguson,8.9,13.0
2024,5,TE,4,4-6,Tucker Kraft,8.9,24.799999237060547
2024,5,TE,6,4-6,Trey McBride,7.9,11.300000190734863
2024,5,TE,7,7-12,Cole Kmet,7.9,8.699999809265137
2024,5,TE,8,7-12,David Njoku,7.8,2.4000000953674316
2024,5,TE,9,7-12,Kyle Pitts,7.4,15.800000190734863
2024,5,TE,10,7-12,Hunter Henry,7.1,5.199999809265137
2024,5,TE,11,7-12,Isaiah Likely,7.0,16.299999237060547
2024,5,TE,12,7-12,Dalton Kincaid,6.9,5.400000095367432
2024,5,TE,13,13-20,Mark Andrews,6.8,9.5
2024,5,TE,14,13-20,Brock Bowers,6.7,23.700000762939453
2024,5,TE,15,13-20,Noah Fant,6.0,5.400000095367432
2024,5,TE,16,13-20,Tommy Tremble,6.0,-0.30000001192092896
2024,5,TE,17,13-20,Zach Ertz,5.9,3.0
2024,5,TE,18,13-20,Mike Gesicki,5.7,5.099999904632568
2024,5,TE,19,13-20,Pat Freiermuth,5.5,11.199999809265137
2024,5,TE,20,13-20,Cade Otton,5.3,7.400000095367432
2024,6,QB,1,1-6,Lamar Jackson,25.11,18.920000076293945
2024,6,QB,2,1-6,Jordan Love,22.68,25.6200008392334
2024,6,QB,3,1-6,Baker Mayfield,19.45,25.899999618530273
2024,6,QB,4,1-6,Jayden Daniels,19.37,20.959999084472656
2024,6,QB,5,1-6,Dak Prescott,19.15,3.2200000286102295
2024,6,QB,6,1-6,Kyler Murray,18.71,11.960000038146973
2024,6,QB,7,7-12,Kirk Cousins,18.27,12.5
2024,6,QB,8,7-12,Jalen Hurts,17.61,21.860000610351562
2024,6,QB,9,7-12,Joe Burrow,17.31,19.81999969482422
2024,6,QB,10,7-12,Caleb Williams,16.65,28.639999389648438
2024,6,QB,11,7-12,Brock Purdy,16.21,24.100000381469727
2024,6,QB,13,13-24,Deshaun Watson,15.84,8.420000076293945
2024,6,QB,14,13-24,Andy Dalton,15.69,14.9399995803833
2024,6,QB,15,13-24,Geno Smith,15.1,12.479999542236328
2024,6,QB,16,13-24,Justin Fields,14.5,23.700000762939453
2024,6,QB,17,13-24,Joe Flacco,14.4,13.65999984741211
2024,6,QB,18,13-24,Bo Nix,14.4,20.739999771118164
2024,6,QB,19,13-24,C.J. Stroud,13.9,18.3799991607666
2024,6,QB,20,13-24,Josh Allen,13.7,24.399999618530273
2024,6,QB,21,13-24,Trevor Lawrence,13.6,17.059999465942383
2024,6,QB,22,13-24,Jared Goff,13.4,25.100000381469727
2024,6,QB,23,13-24,Justin Herbert,12.9,13.680000305175781
2024,6,QB,24,13-24,Aaron Rodgers,11.9,17.760000228881836
2024,6,RB,1,1-6,Derrick Henry,22.88,25.200000762939453
2024,6,RB,2,1-6,Bijan Robinson,22.13,25.5
2024,6,RB,3,1-6,Alvin Kamara,19.72,17.399999618530273
2024,6,RB,4,1-6,Saquon Barkley,19.07,7.400000095367432
2024,6,RB,5,1-6,Josh Jacobs,18.61,12.0
2024,6,RB,6,1-6,Jordan Mason,17.96,9.199999809265137
2024,6,RB,7,7-12,James Conner,16.57,6.599999904632568
2024,6,RB,8,7-12,Breece Hall,16.38,21.899999618530273
2024,6,RB,9,7-12,Chuba Hubbard,16.1,15.300000190734863
2024,6,RB,10,7-12,D'Andre Swift,16.1,21.899999618530273
2024,6,RB,13,13-24,Tony Pollard,14.15,17.799999237060547
2024,6,RB,14,13-24,Jahmyr Gibbs,14.06,12.100000381469727
2024,6,RB,15,13-24,J.K. Dobbins,13.88,18.200000762939453
2024,6,RB,16,13-24,David Montgomery,12.7,21.0
2024,6,RB,19,13-24,Rico Dowdle,12.4,10.5
2024,6,RB,20,13-24,Jerome Ford,12.3,1.399999976158142
2024,6,RB,21,13-24,Javonte Williams,12.2,4.599999904632568
2024,6,RB,22,13-24,Zack Moss,12.1,0.5
2024,6,RB,24,13-24,Austin Ekeler,11.6,10.800000190734863
2024,6,RB,25,25-40,Kenneth Walker III,11.6,20.899999618530273
2024,6,RB,27,25-40,Travis Etienne,11.1,-0.10000000149011612
2024,6,RB,28,25-40,Justice Hill,10.2,1.399999976158142
2024,6,RB,29,25-40,Tyler Allgeier,10.0,19.799999237060547
2024,6,RB,30,25-40,Joe Mixon,9.6,27.200000762939453
2024,6,RB,31,25-40,Najee Harris,9.5,20.200000762939453
2024,6,RB,32,25-40,Zach Charbonnet,9.2,4.5
2024,6,RB,33,25-40,Bucky Irving,9.2,18.5
2024,6,RB,34,25-40,Jaleel McLaughlin,8.1,4.5
2024,6,RB,35,25-40,Chase Brown,8.0,14.399999618530273
2024,6,RB,36,25-40,Roschon Johnson,7.9,5.300000190734863
2024,6,RB,37,25-40,Tyjae Spears,7.9,2.700000047683716
2024,6,RB,38,25-40,Emanuel Wilson,7.8,8.300000190734863
2024,6,RB,39,25-40,Alexander Mattison,7.3,17.5
2024,6,RB,40,25-40,Braelon Allen,7.3,0.800000011920929
2024,6,WR,1,1-6,Ja'Marr Chase,18.4,12.199999809265137
2024,6,WR,2,1-6,Jayden Reed,17.2,14.800000190734863
2024,6,WR,3,1-6,Drake London,16.9,19.399999618530273
2024,6,WR,4,1-6,DJ Moore,15.7,6.0
2024,6,WR,5,1-6,CeeDee Lamb,15.7,16.100000381469727
2024,6,WR,6,1-6,Amon-Ra St. Brown,14.6,13.699999809265137
2024,6,WR,7,7-12,DK Metcalf,14.6,7.800000190734863
2024,6,WR,8,7-12,Mike Evans,14.4,5.400000095367432
2024,6,WR,9,7-12,Darnell Mooney,13.5,6.800000190734863
2024,6,WR,10,7-12,A.J. Brown,13.3,23.600000381469727
2024,6,WR,11,7-12,Chris Godwin Jr.,13.1,35.5
2024,6,WR,12,7-12,Tee Higgins,12.9,14.699999809265137
2024,6,WR,14,13-24,Jaxon Smith-Njigba,12.7,10.300000190734863
2024,6,WR,15,13-24,Jerry Jeudy,12.6,4.5
2024,6,WR,16,13-24,Rashid Shaheed,12.0,8.300000190734863
2024,6,WR,18,13-24,Zay Flowers,11.7,22.399999618530273
2024,6,WR,20,13-24,Terry McLaurin,11.3,23.299999237060547
2024,6,WR,21,13-24,Chris Olave,11.2,-0.5
2024,6,WR,23,13-24,Calvin Ridley,11.0,0.8999999761581421
2024,6,WR,24,13-24,Keenan Allen,11.0,21.100000381469727
2024,6,WR,25,25-40,Michael Pittman,10.6,12.5
2024,6,WR,26,25-40,DeVonta Smith,10.5,15.399999618530273
2024,6,WR,27,25-40,Dontayvion Wicks,10.5,1.899999976158142
2024,6,WR,28,25-40,Tyler Lockett,10.3,16.5
2024,6,WR,29,25-40,Marvin Harrison Jr.,10.3,0.0
2024,6,WR,30,25-40,Courtland Sutton,10.1,15.300000190734863
2024,6,WR,32,25-40,Romeo Doubs,10.0,19.899999618530273
2024,6,WR,33,25-40,Josh Downs,9.6,19.5
2024,6,WR,34,25-40,Brandon Aiyuk,9.4,5.699999809265137
2024,6,WR,35,25-40,Xavier Legette,9.2,11.300000190734863
2024,6,WR,36,25-40,Rashod Bateman,9.1,11.100000381469727
2024,6,WR,37,25-40,Rome Odunze,9.0,6.0
2024,6,WR,38,25-40,Tank Dell,9.0,18.700000762939453
2024,6,WR,39,25-40,Jalen Tolbert,8.9,8.300000190734863
2024,6,WR,40,25-40,Jameson Williams,8.8,17.700000762939453
2024,6,WR,41,41-55,Garrett Wilson,8.7,24.700000762939453
2024,6,WR,42,41-55,Brian Thomas Jr.,8.5,5.699999809265137
2024,6,WR,43,41-55,Michael Wilson,8.5,10.100000381469727
2024,6,WR,44,41-55,Christian Kirk,8.3,6.900000095367432
2024,6,WR,45,41-55,Stefon Diggs,8.1,19.700000762939453
2024,6,WR,46,41-55,Deebo Samuel Sr.,7.5,20.700000762939453
2024,6,WR,47,41-55,Darius Slayton,7.5,11.699999809265137
2024,6,WR,48,41-55,Tre Tucker,7.4,0.0
2024,6,WR,49,41-55,Tyler Boyd,7.3,4.900000095367432
2024,6,WR,50,41-55,Jauan Jennings,7.3,5.699999809265137
2024,6,WR,51,41-55,Elijah Moore,7.3,1.2999999523162842
2024,6,WR,52,41-55,DeMario Douglas,7.2,21.200000762939453
2024,6,WR,53,41-55,Wan'Dale Robinson,7.2,10.0
2024,6,WR,54,41-55,Alec Pierce,7.1,0.0
2024,6,WR,55,41-55,Ladd McConkey,7.1,8.300000190734863
2024,6,TE,1,1-3,Tucker Kraft,12.7,3.5
2024,6,TE,2,1-3,George Kittle,11.7,22.799999237060547
2024,6,TE,3,1-3,Brock Bowers,10.2,16.100000381469727
2024,6,TE,4,4-6,Trey McBride,10.0,17.600000381469727
2024,6,TE,5,4-6,Kyle Pitts,9.4,10.0
2024,6,TE,6,4-6,Dallas Goedert,9.1,0.0
2024,6,TE,7,7-12,Isaiah Likely,8.9,4.699999809265137
2024,6,TE,8,7-12,Jake Ferguson,8.5,4.099999904632568
2024,6,TE,9,7-12,Mark Andrews,8.3,15.600000381469727
2024,6,TE,10,7-12,Sam LaPorta,7.8,12.199999809265137
2024,6,TE,11,7-12,Cole Kmet,7.6,24.0
2024,6,TE,12,7-12,Evan Engram,7.1,18.200000762939453
2024,6,TE,13,13-20,Cade Otton,6.9,9.5
2024,6,TE,14,13-20,David Njoku,6.3,8.100000381469727
2024,6,TE,15,13-20,Juwan Johnson,5.9,7.800000190734863
2024,6,TE,17,13-20,Pat Freiermuth,5.8,3.5999999046325684
2024,6,TE,18,13-20,Zach Ertz,5.7,10.800000190734863
2024,6,TE,19,13-20,Hunter Henry,5.7,13.100000381469727
2024,6,TE,20,13-20,Chig Okonkwo,5.4,3.5999999046325684
2024,7,QB,1,1-6,Lamar Jackson,26.51,34.439998626708984
2024,7,QB,2,1-6,Jayden Daniels,21.51,5.239999771118164
2024,7,QB,3,1-6,Baker Mayfield,20.11,27.0
2024,7,QB,4,1-6,Joe Burrow,19.74,14.9399995803833
2024,7,QB,5,1-6,Geno Smith,19.52,17.780000686645508
2024,7,QB,6,1-6,C.J. Stroud,19.15,5.340000152587891
2024,7,QB,7,7-12,Jordan Love,19.08,16.799999237060547
2024,7,QB,8,7-12,Kyler Murray,18.12,20.200000762939453
2024,7,QB,9,7-12,Sam Darnold,17.39,16.260000228881836
2024,7,QB,10,7-12,Brock Purdy,17.16,17.18000030517578
2024,7,QB,11,7-12,Jared Goff,17.02,18.799999237060547
2024,7,QB,12,7-12,Jalen Hurts,16.8,22.760000228881836
2024,7,QB,13,13-24,Josh Allen,16.65,21.020000457763672
2024,7,QB,14,13-24,Justin Herbert,16.5,14.760000228881836
2024,7,QB,15,13-24,Bo Nix,16.5,14.0600004196167
2024,7,QB,16,13-24,Aaron Rodgers,16.43,13.039999961853027
2024,7,QB,18,13-24,Kirk Cousins,15.99,7.179999828338623
2024,7,QB,19,13-24,Andy Dalton,15.77,0.019999999552965164
2024,7,QB,21,13-24,Patrick Mahomes,12.9,12.0600004196167
2024,7,QB,22,13-24,Aidan O'Connell,12.5,2.0799999237060547
2024,7,QB,23,13-24,Trevor Lawrence,12.5,15.020000457763672
2024,7,QB,24,13-24,Tyler Huntley,12.0,9.479999542236328
2024,7,RB,1,1-6,De'Von Achane,23.99,10.5
2024,7,RB,2,1-6,Derrick Henry,21.3,25.200000762939453
2024,7,RB,3,1-6,Breece Hall,20.93,26.100000381469727
2024,7,RB,4,1-6,Alvin Kamara,19.26,8.399999618530273
2024,7,RB,5,1-6,Brian Robinson,19.07,13.100000381469727
2024,7,RB,6,1-6,Kyren Williams,18.79,19.600000381469727
2024,7,RB,7,7-12,Jordan Mason,18.24,8.899999618530273
2024,7,RB,8,7-12,Bijan Robinson,18.14,23.299999237060547
2024,7,RB,10,7-12,Kenneth Walker III,17.03,23.299999237060547
2024,7,RB,11,7-12,J.K. Dobbins,16.2,9.600000381469727
2024,7,RB,12,7-12,James Conner,16.01,17.200000762939453
2024,7,RB,13,13-24,Chuba Hubbard,15.82,11.199999809265137
2024,7,RB,14,13-24,Saquon Barkley,15.73,26.700000762939453
2024,7,RB,15,13-24,Joe Mixon,14.99,26.399999618530273
2024,7,RB,16,13-24,Jahmyr Gibbs,14.43,32.0
2024,7,RB,17,13-24,David Montgomery,14.15,8.0
2024,7,RB,18,13-24,Austin Ekeler,13.88,4.0
2024,7,RB,19,13-24,Josh Jacobs,13.78,20.200000762939453
2024,7,RB,20,13-24,Javonte Williams,13.69,26.100000381469727
2024,7,RB,21,13-24,Tony Pollard,13.3,8.5
2024,7,RB,22,13-24,Zack Moss,12.2,7.0
2024,7,RB,24,13-24,James Cook,11.8,9.199999809265137
2024,7,RB,25,25-40,Devin Singletary,11.5,3.0999999046325684
2024,7,RB,26,25-40,Rhamondre Stevenson,11.4,4.5
2024,7,RB,27,25-40,Rachaad White,11.3,29.100000381469727
2024,7,RB,28,25-40,Aaron Jones,11.2,20.600000381469727
2024,7,RB,29,25-40,Bucky Irving,10.7,16.700000762939453
2024,7,RB,30,25-40,Chase Brown,10.5,7.300000190734863
2024,7,RB,31,25-40,Zach Charbonnet,10.4,1.899999976158142
2024,7,RB,32,25-40,Najee Harris,10.0,16.200000762939453
2024,7,RB,33,25-40,Tyler Allgeier,9.5,5.5
2024,7,RB,35,25-40,Kareem Hunt,9.4,22.299999237060547
2024,7,RB,36,25-40,Jaleel McLaughlin,9.3,3.5
2024,7,RB,37,25-40,Tyrone Tracy Jr.,9.2,6.199999809265137
2024,7,RB,38,25-40,Alexander Mattison,9.0,15.300000190734863
2024,7,RB,39,25-40,Justice Hill,8.4,13.800000190734863
2024,7,RB,40,25-40,Raheem Mostert,8.3,3.0
2024,7,WR,1,1-6,Ja'Marr Chase,19.8,17.600000381469727
2024,7,WR,2,1-6,Justin Jefferson,18.5,21.399999618530273
2024,7,WR,3,1-6,DK Metcalf,16.9,19.899999618530273
2024,7,WR,4,1-6,Amon-Ra St. Brown,16.9,25.200000762939453
2024,7,WR,5,1-6,Chris Godwin Jr.,16.8,13.5
2024,7,WR,6,1-6,Jaxon Smith-Njigba,15.0,5.300000190734863
2024,7,WR,7,7-12,Tee Higgins,14.8,18.200000762939453
2024,7,WR,8,7-12,Zay Flowers,14.8,4.0
2024,7,WR,10,7-12,Drake London,14.5,18.299999237060547
2024,7,WR,11,7-12,Tyler Lockett,13.7,8.5
2024,7,WR,12,7-12,Davante Adams,13.7,6.0
2024,7,WR,13,13-24,A.J. Brown,13.7,19.899999618530273
2024,7,WR,14,13-24,Mike Evans,13.6,9.5
2024,7,WR,16,13-24,Garrett Wilson,13.1,13.100000381469727
2024,7,WR,17,13-24,DeMario Douglas,13.0,3.4000000953674316
2024,7,WR,18,13-24,Tank Dell,12.7,0.0
2024,7,WR,19,13-24,Michael Pittman,12.7,9.300000190734863
2024,7,WR,20,13-24,Terry McLaurin,12.6,15.800000190734863
2024,7,WR,21,13-24,Jayden Reed,12.5,3.0
2024,7,WR,23,13-24,Josh Downs,11.9,1.2999999523162842
2024,7,WR,24,13-24,Malik Nabers,11.7,8.100000381469727
2024,7,WR,26,25-40,Marvin Harrison Jr.,11.3,5.099999904632568
2024,7,WR,27,25-40,Stefon Diggs,11.0,7.300000190734863
2024,7,WR,30,25-40,Jameson Williams,10.8,0.6000000238418579
2024,7,WR,32,25-40,Ladd McConkey,10.7,9.600000381469727
2024,7,WR,34,25-40,Darnell Mooney,10.2,9.600000381469727
2024,7,WR,35,25-40,Allen Lazard,10.1,9.800000190734863
2024,7,WR,36,25-40,Tyreek Hill,10.1,2.299999952316284
2024,7,WR,37,25-40,Rashod Bateman,9.9,22.100000381469727
2024,7,WR,38,25-40,DeVonta Smith,9.7,0.800000011920929
2024,7,WR,39,25-40,Xavier Legette,9.7,2.9000000953674316
2024,7,WR,40,25-40,Romeo Doubs,9.6,17.399999618530273
2024,7,WR,41,41-55,Jordan Addison,9.6,9.600000381469727
2024,7,WR,42,41-55,Michael Wilson,9.3,2.5
2024,7,WR,44,41-55,Diontae Johnson,9.2,2.700000047683716
2024,7,WR,45,41-55,Deebo Samuel Sr.,9.0,0.0
2024,7,WR,46,41-55,Dontayvion Wicks,8.3,13.800000190734863
2024,7,WR,47,41-55,Brandon Aiyuk,8.1,4.300000190734863
2024,7,WR,48,41-55,Alec Pierce,8.0,3.5
2024,7,WR,49,41-55,Andrei Iosivas,7.9,0.0
2024,7,WR,50,41-55,Amari Cooper,7.8,16.600000381469727
2024,7,WR,51,41-55,Jerry Jeudy,7.7,2.799999952316284
2024,7,WR,52,41-55,Josh Palmer,7.7,10.300000190734863
2024,7,WR,53,41-55,Jaylen Waddle,7.7,2.0999999046325684
2024,7,WR,54,41-55,Brian Thomas Jr.,7.5,22.100000381469727
2024,7,WR,55,41-55,Christian Watson,7.3,1.5
2024,7,TE,1,1-3,George Kittle,13.3,15.199999809265137
2024,7,TE,2,1-3,Trey McBride,12.0,10.100000381469727
2024,7,TE,3,1-3,Mark Andrews,11.2,20.100000381469727
2024,7,TE,4,4-6,Isaiah Likely,10.2,3.700000047683716
2024,7,TE,5,4-6,Brock Bowers,10.1,19.299999237060547
2024,7,TE,6,4-6,Kyle Pitts,8.9,13.5
2024,7,TE,7,7-12,Sam LaPorta,8.7,3.5
2024,7,TE,8,7-12,Travis Kelce,8.5,5.699999809265137
2024,7,TE,9,7-12,Juwan Johnson,8.4,4.800000190734863
2024,7,TE,11,7-12,Hunter Henry,8.2,17.200000762939453
2024,7,TE,12,7-12,Zach Ertz,7.8,14.0
2024,7,TE,13,13-20,Tucker Kraft,7.5,12.300000190734863
2024,7,TE,14,13-20,Noah Fant,6.9,10.5
2024,7,TE,15,13-20,Tyler Conklin,6.8,10.699999809265137
2024,7,TE,16,13-20,Cade Otton,6.5,18.0
2024,7,TE,17,13-20,David Njoku,6.3,23.600000381469727
2024,7,TE,18,13-20,Foster Moreau,6.3,5.800000190734863
2024,7,TE,19,13-20,Dalton Kincaid,6.1,8.199999809265137
2024,7,TE,20,13-20,Evan Engram,6.0,8.5
2024,8,QB,1,1-6,Lamar Jackson,25.92,24.15999984741211
2024,8,QB,2,1-6,Baker Mayfield,22.32,22.299999237060547
2024,8,QB,3,1-6,Jordan Love,20.18,5.739999771118164
2024,8,QB,4,1-6,Sam Darnold,19.59,18.200000762939453
2024,8,QB,5,1-6,Kirk Cousins,18.27,28.639999389648438
2024,8,QB,6,1-6,Trevor Lawrence,17.31,23.31999969482422
2024,8,QB,7,7-12,Josh Allen,17.31,19.81999969482422
2024,8,QB,8,7-12,Brock Purdy,17.24,26.0
2024,8,QB,9,7-12,Bo Nix,17.16,29.760000228881836
2024,8,QB,10,7-12,Jalen Hurts,17.09,35.13999938964844
2024,8,QB,11,7-12,Justin Herbert,16.94,24.059999465942383
2024,8,QB,12,7-12,Joe Burrow,16.87,12.859999656677246
2024,8,QB,13,13-24,Caleb Williams,16.8,9.9399995803833
2024,8,QB,14,13-24,Jared Goff,15.77,15.5
2024,8,QB,15,13-24,Spencer Rattler,15.47,6.239999771118164
2024,8,QB,16,13-24,Dak Prescott,14.9,13.619999885559082
2024,8,QB,17,13-24,C.J. Stroud,14.3,12.399999618530273
2024,8,QB,19,13-24,Geno Smith,14.2,8.079999923706055
2024,8,QB,20,13-24,Kyler Murray,14.1,22.18000030517578
2024,8,QB,21,13-24,Patrick Mahomes,13.1,18.18000030517578
2024,8,QB,22,13-24,Matthew Stafford,12.4,24.760000228881836
2024,8,QB,23,13-24,Drake Maye,12.2,11.520000457763672
2024,8,QB,24,13-24,Aaron Rodgers,11.9,17.31999969482422
2024,8,RB,1,1-6,De'Von Achane,34.38,26.700000762939453
2024,8,RB,2,1-6,Derrick Henry,23.43,14.699999809265137
2024,8,RB,3,1-6,Bijan Robinson,21.21,23.600000381469727
2024,8,RB,4,1-6,Kyren Williams,20.28,22.600000381469727
2024,8,RB,5,1-6,Breece Hall,17.87,9.899999618530273
2024,8,RB,6,1-6,Javonte Williams,17.77,9.199999809265137
2024,8,RB,7,7-12,Jordan Mason,16.84,1.7999999523162842
2024,8,RB,8,7-12,Jonathan Taylor,16.57,18.700000762939453
2024,8,RB,9,7-12,J.K. Dobbins,16.57,16.799999237060547
2024,8,RB,10,7-12,Aaron Jones,15.82,11.5
2024,8,RB,11,7-12,Alvin Kamara,15.55,18.200000762939453
2024,8,RB,12,7-12,D'Andre Swift,15.17,18.899999618530273
2024,8,RB,13,13-24,Josh Jacobs,14.99,25.5
2024,8,RB,14,13-24,Kenneth Walker III,14.62,8.5
2024,8,RB,15,13-24,Jahmyr Gibbs,14.62,20.299999237060547
2024,8,RB,16,13-24,Saquon Barkley,14.62,12.100000381469727
2024,8,RB,17,13-24,Joe Mixon,14.25,23.399999618530273
2024,8,RB,18,13-24,James Conner,13.88,14.899999618530273
2024,8,RB,20,13-24,Chuba Hubbard,13.4,9.100000381469727
2024,8,RB,21,13-24,Rachaad White,13.3,15.699999809265137
2024,8,RB,22,13-24,Kareem Hunt,13.0,13.300000190734863
2024,8,RB,23,13-24,Najee Harris,12.9,16.100000381469727
2024,8,RB,24,13-24,Brian Robinson,12.8,8.600000381469727
2024,8,RB,25,25-40,James Cook,12.2,28.299999237060547
2024,8,RB,26,25-40,Devin Singletary,12.2,4.300000190734863
2024,8,RB,27,25-40,Tony Pollard,11.8,14.699999809265137
2024,8,RB,28,25-40,David Montgomery,11.5,14.920000076293945
2024,8,RB,29,25-40,Bucky Irving,11.3,15.399999618530273
2024,8,RB,32,25-40,Austin Ekeler,11.0,7.800000190734863
2024,8,RB,33,25-40,Tyler Allgeier,10.5,3.299999952316284
2024,8,RB,34,25-40,Jaleel McLaughlin,10.2,12.600000381469727
2024,8,RB,35,25-40,Tyrone Tracy Jr.,10.2,23.0
2024,8,RB,36,25-40,Raheem Mostert,10.1,16.0
2024,8,RB,37,25-40,Nick Chubb,9.3,5.199999809265137
2024,8,RB,38,25-40,Justice Hill,9.3,2.9000000953674316
2024,8,RB,39,25-40,Alexander Mattison,8.9,9.399999618530273
2024,8,WR,1,1-6,Justin Jefferson,23.1,19.5
2024,8,WR,2,1-6,Drake London,17.2,7.400000095367432
2024,8,WR,3,1-6,Ja'Marr Chase,16.3,20.399999618530273
2024,8,WR,4,1-6,Amon-Ra St. Brown,16.1,8.699999809265137
2024,8,WR,7,7-12,Jayden Reed,13.3,7.5
2024,8,WR,9,7-12,Tyreek Hill,13.0,13.199999809265137
2024,8,WR,11,7-12,Terry McLaurin,12.4,17.5
2024,8,WR,12,7-12,Cooper Kupp,12.4,16.100000381469727
2024,8,WR,13,13-24,DJ Moore,12.4,5.400000095367432
2024,8,WR,14,13-24,Jordan Addison,12.3,4.199999809265137
2024,8,WR,15,13-24,Michael Pittman,12.2,2.5999999046325684
2024,8,WR,16,13-24,Romeo Doubs,12.0,10.199999809265137
2024,8,WR,17,13-24,Darnell Mooney,11.9,18.600000381469727
2024,8,WR,18,13-24,A.J. Brown,11.8,13.399999618530273
2024,8,WR,19,13-24,Zay Flowers,11.8,18.5
2024,8,WR,20,13-24,Rashod Bateman,11.7,3.799999952316284
2024,8,WR,22,13-24,CeeDee Lamb,11.3,39.599998474121094
2024,8,WR,23,13-24,Ladd McConkey,11.3,29.100000381469727
2024,8,WR,24,13-24,Courtland Sutton,11.2,17.1200008392334
2024,8,WR,25,25-40,Brian Thomas Jr.,11.2,15.0
2024,8,WR,27,25-40,Keenan Allen,10.9,5.900000095367432
2024,8,WR,28,25-40,Chris Olave,10.7,18.700000762939453
2024,8,WR,30,25-40,Garrett Wilson,10.2,16.299999237060547
2024,8,WR,31,25-40,Jaxon Smith-Njigba,10.1,12.899999618530273
2024,8,WR,32,25-40,George Pickens,10.1,11.399999618530273
2024,8,WR,33,25-40,Malik Nabers,9.9,14.100000381469727
2024,8,WR,34,25-40,Josh Downs,9.9,22.200000762939453
2024,8,WR,35,25-40,Jaylen Waddle,9.5,8.5
2024,8,WR,36,25-40,Dontayvion Wicks,9.1,3.0999999046325684
2024,8,WR,38,25-40,Davante Adams,9.0,9.399999618530273
2024,8,WR,39,25-40,Tutu Atwell,8.9,2.799999952316284
2024,8,WR,40,25-40,Jalen Nailor,8.9,3.5999999046325684
2024,8,WR,41,41-55,Tyler Lockett,8.9,1.899999976158142
2024,8,WR,43,41-55,Tank Dell,8.6,13.5
2024,8,WR,44,41-55,Jerry Jeudy,8.3,12.899999618530273
2024,8,WR,45,41-55,Deebo Samuel Sr.,8.3,12.600000381469727
2024,8,WR,46,41-55,Alec Pierce,8.1,2.0999999046325684
2024,8,WR,47,41-55,Christian Kirk,8.0,7.900000095367432
2024,8,WR,49,41-55,Josh Palmer,7.9,9.199999809265137
2024,8,WR,50,41-55,Stefon Diggs,7.8,12.699999809265137
2024,8,WR,52,41-55,Amari Cooper,7.7,1.2999999523162842
2024,8,WR,53,41-55,Jakobi Meyers,7.6,17.200000762939453
2024,8,WR,54,41-55,Tyler Boyd,7.5,4.400000095367432
2024,8,WR,55,41-55,Rome Odunze,7.5,8.399999618530273
2024,8,TE,1,1-3,Mark Andrews,10.8,14.600000381469727
2024,8,TE,2,1-3,George Kittle,10.5,24.799999237060547
2024,8,TE,3,1-3,David Njoku,9.9,17.100000381469727
2024,8,TE,4,4-6,Kyle Pitts,9.9,25.100000381469727
2024,8,TE,5,4-6,Cole Kmet,9.4,4.400000095367432
2024,8,TE,6,4-6,Brock Bowers,9.1,10.800000190734863
2024,8,TE,7,7-12,Evan Engram,9.0,13.600000381469727
2024,8,TE,8,7-12,Zach Ertz,9.0,14.699999809265137
2024,8,TE,9,7-12,Tucker Kraft,8.8,16.799999237060547
2024,8,TE,10,7-12,Jonnu Smith,8.5,6.0
2024,8,TE,11,7-12,Isaiah Likely,8.2,8.699999809265137
2024,8,TE,12,7-12,Trey McBride,8.1,21.399999618530273
2024,8,TE,13,13-20,Will Dissly,7.8,9.100000381469727
2024,8,TE,15,13-20,Cade Otton,7.4,29.100000381469727
2024,8,TE,16,13-20,Sam LaPorta,7.0,16.799999237060547
2024,8,TE,17,13-20,Hunter Henry,6.9,9.5
2024,8,TE,18,13-20,Travis Kelce,6.8,25.0
2024,8,TE,19,13-20,Dalton Kincaid,6.8,13.100000381469727
2024,8,TE,20,13-20,Juwan Johnson,6.7,7.800000190734863
2024,9,QB,1,1-6,Lamar Jackson,24.52,23.600000381469727
2024,9,QB,2,1-6,Jalen Hurts,21.73,29.899999618530273
2024,9,QB,3,1-6,Dak Prescott,20.33,12.319999694824219
2024,9,QB,4,1-6,Patrick Mahomes,19.74,24.540000915527344
2024,9,QB,5,1-6,Jordan Love,18.42,10.920000076293945
2024,9,QB,6,1-6,Baker Mayfield,18.2,18.0
2024,9,QB,7,7-12,Josh Allen,17.97,22.100000381469727
2024,9,QB,8,7-12,Jared Goff,17.83,9.600000381469727
2024,9,QB,9,7-12,Geno Smith,17.75,22.1200008392334
2024,9,QB,10,7-12,Bo Nix,17.31,17.719999313354492
2024,9,QB,11,7-12,Kirk Cousins,17.31,17.780000686645508
2024,9,QB,12,7-12,Sam Darnold,16.8,19.0
2024,9,QB,13,13-24,Caleb Williams,16.5,9.180000305175781
2024,9,QB,14,13-24,Jameis Winston,16.28,10.100000381469727
2024,9,QB,15,13-24,Joe Burrow,15.69,29.139999389648438
2024,9,QB,16,13-24,Justin Herbert,15.69,19.479999542236328
2024,9,QB,19,13-24,Kyler Murray,15.3,4.760000228881836
2024,9,QB,20,13-24,Aaron Rodgers,13.7,20.34000015258789
2024,9,QB,21,13-24,Trevor Lawrence,13.7,19.559999465942383
2024,9,QB,22,13-24,Drake Maye,12.8,15.739999771118164
2024,9,QB,23,13-24,Matthew Stafford,12.4,17.920000076293945
2024,9,QB,24,13-24,Tua Tagovailoa,12.0,17.540000915527344
2024,9,RB,1,1-6,De'Von Achane,23.16,32.099998474121094
2024,9,RB,2,1-6,Derrick Henry,22.51,26.299999237060547
2024,9,RB,3,1-6,Bijan Robinson,20.74,21.5
2024,9,RB,4,1-6,Jahmyr Gibbs,20.37,14.600000381469727
2024,9,RB,5,1-6,Kyren Williams,18.61,10.5
2024,9,RB,6,1-6,Alvin Kamara,17.87,27.5
2024,9,RB,7,7-12,D'Andre Swift,17.68,14.199999809265137
2024,9,RB,8,7-12,Breece Hall,17.68,10.5
2024,9,RB,9,7-12,Jonathan Taylor,17.59,8.899999618530273
2024,9,RB,11,7-12,Josh Jacobs,17.12,12.800000190734863
2024,9,RB,12,7-12,Saquon Barkley,16.66,32.900001525878906
2024,9,RB,13,13-24,Kenneth Walker III,15.27,13.699999809265137
2024,9,RB,14,13-24,Javonte Williams,15.17,10.399999618530273
2024,9,RB,15,13-24,David Montgomery,14.99,12.600000381469727
2024,9,RB,16,13-24,Kareem Hunt,14.34,18.700000762939453
2024,9,RB,17,13-24,James Cook,13.97,11.899999618530273
2024,9,RB,18,13-24,Chuba Hubbard,13.88,21.200000762939453
2024,9,RB,19,13-24,J.K. Dobbins,13.78,24.5
2024,9,RB,21,13-24,Aaron Jones,13.69,12.199999809265137
2024,9,RB,22,13-24,James Conner,13.4,14.899999618530273
2024,9,RB,23,13-24,Joe Mixon,12.9,16.600000381469727
2024,9,RB,24,13-24,Austin Ekeler,12.6,17.299999237060547
2024,9,RB,25,25-40,Devin Singletary,12.6,3.299999952316284
2024,9,RB,26,25-40,Tyrone Tracy Jr.,12.5,7.900000095367432
2024,9,RB,27,25-40,Tony Pollard,12.4,18.399999618530273
2024,9,RB,28,25-40,Rico Dowdle,12.4,21.700000762939453
2024,9,RB,29,25-40,Nick Chubb,11.6,4.5
2024,9,RB,30,25-40,Jerome Ford,11.3,1.7000000476837158
2024,9,RB,31,25-40,Rachaad White,10.5,12.5
2024,9,RB,32,25-40,Jaleel McLaughlin,9.8,5.0
2024,9,RB,33,25-40,Bucky Irving,9.8,6.400000095367432
2024,9,RB,34,25-40,Rhamondre Stevenson,8.9,22.399999618530273
2024,9,RB,35,25-40,Alexander Mattison,8.8,3.5999999046325684
2024,9,RB,36,25-40,Tyler Allgeier,8.7,7.800000190734863
2024,9,RB,37,25-40,Justice Hill,8.6,8.800000190734863
2024,9,RB,38,25-40,Zach Charbonnet,8.4,5.300000190734863
2024,9,RB,40,25-40,Chase Brown,8.2,26.700000762939453
2024,9,WR,1,1-6,Justin Jefferson,19.3,21.579999923706055
2024,9,WR,3,1-6,CeeDee Lamb,19.0,16.200000762939453
2024,9,WR,5,1-6,Drake London,15.1,10.699999809265137
2024,9,WR,6,1-6,Ja'Marr Chase,14.9,11.300000190734863
2024,9,WR,7,7-12,Terry McLaurin,14.5,15.899999618530273
2024,9,WR,8,7-12,A.J. Brown,14.2,5.599999904632568
2024,9,WR,9,7-12,Amon-Ra St. Brown,13.6,18.600000381469727
2024,9,WR,11,7-12,Courtland Sutton,12.3,23.280000686645508
2024,9,WR,12,7-12,Darnell Mooney,12.2,19.799999237060547
2024,9,WR,13,13-24,Zay Flowers,12.2,29.700000762939453
2024,9,WR,15,13-24,Josh Downs,11.9,12.0
2024,9,WR,16,13-24,Tyler Lockett,11.8,15.300000190734863
2024,9,WR,17,13-24,Ladd McConkey,11.7,11.399999618530273
2024,9,WR,18,13-24,Chris Olave,11.6,2.299999952316284
2024,9,WR,19,13-24,Jayden Reed,11.3,16.299999237060547
2024,9,WR,20,13-24,DJ Moore,10.7,7.300000190734863
2024,9,WR,21,13-24,Garrett Wilson,10.7,30.0
2024,9,WR,22,13-24,Malik Nabers,10.5,14.899999618530273
2024,9,WR,23,13-24,Jaxon Smith-Njigba,10.5,37.0
2024,9,WR,24,13-24,DeVonta Smith,10.3,18.700000762939453
2024,9,WR,25,25-40,Keenan Allen,10.3,7.599999904632568
2024,9,WR,26,25-40,Romeo Doubs,10.0,6.800000190734863
2024,9,WR,27,25-40,Rashod Bateman,9.9,5.5
2024,9,WR,28,25-40,Cooper Kupp,9.8,21.399999618530273
2024,9,WR,30,25-40,Marvin Harrison Jr.,9.3,3.4000000953674316
2024,9,WR,32,25-40,Jordan Addison,9.2,16.100000381469727
2024,9,WR,33,25-40,Tyreek Hill,9.2,12.0
2024,9,WR,34,25-40,Jerry Jeudy,9.2,14.300000190734863
2024,9,WR,35,25-40,Michael Pittman,9.1,2.4000000953674316
2024,9,WR,36,25-40,Davante Adams,8.9,22.100000381469727
2024,9,WR,37,25-40,Noah Brown,8.9,11.0
2024,9,WR,39,25-40,Brian Thomas Jr.,8.7,6.199999809265137
2024,9,WR,41,41-55,Jalen Tolbert,8.6,10.899999618530273
2024,9,WR,42,41-55,Jakobi Meyers,8.6,18.5
2024,9,WR,43,41-55,Cedric Tillman,8.4,19.5
2024,9,WR,44,41-55,Keon Coleman,8.0,5.099999904632568
2024,9,WR,46,41-55,Khalil Shakir,7.8,11.0
2024,9,WR,48,41-55,Tutu Atwell,7.8,2.5999999046325684
2024,9,WR,49,41-55,Xavier Legette,7.7,13.899999618530273
2024,9,WR,50,41-55,Quentin Johnston,7.5,22.0
2024,9,WR,51,41-55,Demarcus Robinson,7.5,27.399999618530273
2024,9,WR,52,41-55,Jalen Coker,7.5,5.599999904632568
2024,9,WR,54,41-55,Jalen Nailor,7.3,7.699999809265137
2024,9,WR,55,41-55,Wan'Dale Robinson,7.3,4.0
2024,9,TE,1,1-3,Mark Andrews,13.2,4.599999904632568
2024,9,TE,2,1-3,Travis Kelce,12.5,22.0
2024,9,TE,3,1-3,David Njoku,11.6,7.900000095367432
2024,9,TE,4,4-6,Kyle Pitts,11.1,2.0999999046325684
2024,9,TE,5,4-6,Trey McBride,10.9,12.699999809265137
2024,9,TE,6,4-6,Sam LaPorta,10.5,4.800000190734863
2024,9,TE,7,7-12,Isaiah Likely,9.6,0.0
2024,9,TE,8,7-12,Cade Otton,9.5,21.700000762939453
2024,9,TE,11,7-12,Zach Ertz,8.6,1.5
2024,9,TE,12,7-12,Jake Ferguson,8.0,14.100000381469727
2024,9,TE,14,13-20,Hunter Henry,7.7,12.600000381469727
2024,9,TE,15,13-20,Dalton Kincaid,7.6,7.199999809265137
2024,9,TE,16,13-20,Tucker Kraft,7.5,7.599999904632568
2024,9,TE,17,13-20,Brock Bowers,7.4,15.5
2024,9,TE,18,13-20,Will Dissly,6.6,2.9000000953674316
2024,9,TE,19,13-20,Juwan Johnson,6.4,6.099999904632568
2024,9,TE,20,13-20,Evan Engram,6.4,11.5
2024,10,QB,1,1-6,Jalen Hurts,23.49,29.68000030517578
2024,10,QB,2,1-6,Brock Purdy,22.98,23.81999969482422
2024,10,QB,3,1-6,Lamar Jackson,21.8,32.900001525878906
2024,10,QB,4,1-6,Joe Burrow,20.18,33.720001220703125
2024,10,QB,5,1-6,Josh Allen,20.04,18.200000762939453
2024,10,QB,6,1-6,Sam Darnold,18.86,6.440000057220459
2024,10,QB,7,7-12,Tua Tagovailoa,18.34,8.180000305175781
2024,10,QB,8,7-12,Russell Wilson,17.61,18.100000381469727
2024,10,QB,9,7-12,Aaron Rodgers,17.46,4.039999961853027
2024,10,QB,10,7-12,Kirk Cousins,17.09,10.239999771118164
2024,10,QB,11,7-12,Jayden Daniels,17.09,8.579999923706055
2024,10,QB,12,7-12,C.J. Stroud,16.5,9.779999732971191
2024,10,QB,13,13-24,Patrick Mahomes,16.36,16.540000915527344
2024,10,QB,15,13-24,Derek Carr,16.13,20.459999084472656
2024,10,QB,16,13-24,Baker Mayfield,16.06,8.9399995803833
2024,10,QB,17,13-24,Jared Goff,15.4,7.800000190734863
2024,10,QB,18,13-24,Justin Herbert,15.0,19.760000228881836
2024,10,QB,19,13-24,Bo Nix,14.9,16.100000381469727
2024,10,QB,21,13-24,Matthew Stafford,13.7,9.720000267028809
2024,10,QB,23,13-24,Caleb Williams,12.9,6.300000190734863
2024,10,QB,24,13-24,Kyler Murray,12.6,28.739999771118164
2024,10,RB,1,1-6,De'Von Achane,29.65,10.199999809265137
2024,10,RB,2,1-6,Breece Hall,21.95,12.300000190734863
2024,10,RB,3,1-6,Bijan Robinson,20.93,29.399999618530273
2024,10,RB,4,1-6,Saquon Barkley,20.19,8.800000190734863
2024,10,RB,5,1-6,Derrick Henry,17.87,14.100000381469727
2024,10,RB,6,1-6,Kyren Williams,17.22,11.199999809265137
2024,10,RB,7,7-12,Alvin Kamara,17.03,15.899999618530273
2024,10,RB,8,7-12,Joe Mixon,16.1,17.0
2024,10,RB,9,7-12,James Cook,15.82,15.5
2024,10,RB,11,7-12,Tony Pollard,15.36,10.300000190734863
2024,10,RB,12,7-12,Jonathan Taylor,15.27,14.199999809265137
2024,10,RB,13,13-24,Kareem Hunt,15.08,17.0
2024,10,RB,14,13-24,D'Andre Swift,14.99,7.5
2024,10,RB,15,13-24,Jordan Mason,14.71,0.5
2024,10,RB,16,13-24,Jahmyr Gibbs,14.71,12.800000190734863
2024,10,RB,17,13-24,Tyrone Tracy Jr.,14.52,15.399999618530273
2024,10,RB,18,13-24,J.K. Dobbins,13.97,8.5
2024,10,RB,19,13-24,James Conner,13.78,22.299999237060547
2024,10,RB,20,13-24,Chuba Hubbard,13.1,24.899999618530273
2024,10,RB,21,13-24,Najee Harris,13.0,11.300000190734863
2024,10,RB,22,13-24,Aaron Jones,12.7,12.100000381469727
2024,10,RB,23,13-24,Javonte Williams,12.6,2.700000047683716
2024,10,RB,24,13-24,David Montgomery,12.5,12.600000381469727
2024,10,RB,25,25-40,Chase Brown,12.1,22.399999618530273
2024,10,RB,26,25-40,Devin Singletary,11.9,5.5
2024,10,RB,28,25-40,Rhamondre Stevenson,11.0,8.699999809265137
2024,10,RB,29,25-40,Austin Ekeler,10.5,18.100000381469727
2024,10,RB,31,25-40,Raheem Mostert,10.0,5.400000095367432
2024,10,RB,32,25-40,Isaac Guerendo,9.8,0.0
2024,10,RB,33,25-40,Rico Dowdle,9.3,8.600000381469727
2024,10,RB,34,25-40,Rachaad White,9.3,19.0
2024,10,RB,35,25-40,Ray Davis,8.6,0.6000000238418579
2024,10,RB,36,25-40,Tyler Allgeier,8.2,5.900000095367432
2024,10,RB,37,25-40,Travis Etienne,8.1,5.300000190734863
2024,10,RB,38,25-40,Bucky Irving,8.1,17.700000762939453
2024,10,RB,39,25-40,Jaleel McLaughlin,7.6,1.2000000476837158
2024,10,RB,40,25-40,Jaylen Warren,6.9,9.5
2024,10,WR,1,1-6,Justin Jefferson,20.6,9.800000190734863
2024,10,WR,2,1-6,Ja'Marr Chase,19.1,55.400001525878906
2024,10,WR,4,1-6,Garrett Wilson,14.8,9.100000381469727
2024,10,WR,5,1-6,Tyreek Hill,14.6,11.699999809265137
2024,10,WR,6,1-6,Drake London,14.2,17.700000762939453
2024,10,WR,7,7-12,Josh Downs,14.1,14.199999809265137
2024,10,WR,8,7-12,Amon-Ra St. Brown,14.1,18.0
2024,10,WR,10,7-12,A.J. Brown,13.4,15.899999618530273
2024,10,WR,11,7-12,CeeDee Lamb,12.3,8.399999618530273
2024,10,WR,12,7-12,Davante Adams,12.3,9.100000381469727
2024,10,WR,13,13-24,Darnell Mooney,12.1,14.600000381469727
2024,10,WR,16,13-24,Tank Dell,11.4,8.300000190734863
2024,10,WR,17,13-24,Cooper Kupp,11.4,15.0
2024,10,WR,18,13-24,Jordan Addison,11.0,4.900000095367432
2024,10,WR,20,13-24,Ladd McConkey,10.6,7.199999809265137
2024,10,WR,21,13-24,Zay Flowers,10.6,7.400000095367432
2024,10,WR,22,13-24,DeVonta Smith,10.3,3.4000000953674316
2024,10,WR,23,13-24,Jaylen Waddle,10.2,8.600000381469727
2024,10,WR,25,25-40,Malik Nabers,9.9,10.800000190734863
2024,10,WR,27,25-40,Brian Thomas Jr.,9.7,3.200000047683716
2024,10,WR,28,25-40,Demarcus Robinson,9.6,3.299999952316284
2024,10,WR,29,25-40,Calvin Ridley,9.6,25.399999618530273
2024,10,WR,30,25-40,DJ Moore,9.6,5.699999809265137
2024,10,WR,31,25-40,Terry McLaurin,9.6,16.299999237060547
2024,10,WR,33,25-40,Deebo Samuel Sr.,9.4,12.600000381469727
2024,10,WR,35,25-40,Keenan Allen,9.3,9.399999618530273
2024,10,WR,36,25-40,George Pickens,9.2,20.5
2024,10,WR,37,25-40,Khalil Shakir,9.2,11.800000190734863
2024,10,WR,41,41-55,Jauan Jennings,8.7,16.299999237060547
2024,10,WR,42,41-55,Quentin Johnston,8.6,10.399999618530273
2024,10,WR,44,41-55,Courtland Sutton,8.5,19.0
2024,10,WR,46,41-55,Josh Palmer,7.9,4.599999904632568
2024,10,WR,47,41-55,Xavier Legette,7.8,7.0
2024,10,WR,48,41-55,Tutu Atwell,7.8,1.600000023841858
2024,10,WR,49,41-55,Jameson Williams,7.8,8.300000190734863
2024,10,WR,50,41-55,Diontae Johnson,7.7,1.600000023841858
2024,10,WR,51,41-55,Rashod Bateman,7.6,17.399999618530273
2024,10,WR,52,41-55,Rome Odunze,7.6,5.300000190734863
2024,10,WR,53,41-55,Nick Westbrook-Ikhine,7.5,6.099999904632568
2024,10,WR,55,41-55,Marvin Harrison Jr.,7.3,16.399999618530273
2024,10,TE,1,1-3,George Kittle,16.1,14.699999809265137
2024,10,TE,2,1-3,Travis Kelce,10.1,20.399999618530273
2024,10,TE,3,1-3,Mark Andrews,9.4,18.799999237060547
2024,10,TE,4,4-6,Trey McBride,9.2,11.100000381469727
2024,10,TE,5,4-6,Kyle Pitts,9.0,9.5
2024,10,TE,6,4-6,Dallas Goedert,8.7,10.5
2024,10,TE,7,7-12,Dalton Kincaid,8.6,4.400000095367432
2024,10,TE,8,7-12,Cade Otton,8.4,8.5
2024,10,TE,9,7-12,Mike Gesicki,8.4,7.0
2024,10,TE,10,7-12,Cole Kmet,8.2,3.299999952316284
2024,10,TE,11,7-12,Hunter Henry,8.1,2.4000000953674316
2024,10,TE,12,7-12,Jonnu Smith,8.1,7.5
2024,10,TE,13,13-20,Evan Engram,7.9,10.0
2024,10,TE,15,13-20,Josh Oliver,7.2,9.199999809265137
2024,10,TE,16,13-20,Sam LaPorta,7.1,15.600000381469727
2024,10,TE,17,13-20,T.J. Hockenson,6.9,15.199999809265137
2024,10,TE,18,13-20,Zach Ertz,6.4,7.099999904632568
2024,10,TE,19,13-20,Jake Ferguson,6.3,4.400000095367432
2024,10,TE,20,13-20,Tyler Conklin,5.7,1.7999999523162842
2024,11,QB,1,1-6,Jalen Hurts,22.39,18.739999771118164
2024,11,QB,2,1-6,Lamar Jackson,21.21,14.880000114440918
2024,11,QB,3,1-6,Joe Burrow,21.21,29.040000915527344
2024,11,QB,4,1-6,Josh Allen,20.04,23.979999542236328
2024,11,QB,5,1-6,Bo Nix,19.0,28.780000686645508
2024,11,QB,6,1-6,Russell Wilson,18.71,6.300000190734863
2024,11,QB,7,7-12,Jared Goff,17.75,34.58000183105469
2024,11,QB,8,7-12,Brock Purdy,17.75,18.360000610351562
2024,11,QB,9,7-12,Drake Maye,16.87,17.979999542236328
2024,11,QB,10,7-12,C.J. Stroud,16.5,10.880000114440918
2024,11,QB,11,7-12,Justin Herbert,16.06,24.3799991607666
2024,11,QB,12,7-12,Kirk Cousins,16.06,4.920000076293945
2024,11,QB,13,13-24,Jordan Love,14.9,20.239999771118164
2024,11,QB,14,13-24,Jayden Daniels,14.9,13.4399995803833
2024,11,QB,15,13-24,Derek Carr,14.7,18.719999313354492
2024,11,QB,16,13-24,Patrick Mahomes,14.3,15.84000015258789
2024,11,QB,17,13-24,Jameis Winston,14.2,26.600000381469727
2024,11,QB,18,13-24,Aaron Rodgers,14.1,16.059999465942383
2024,11,QB,19,13-24,Sam Darnold,13.9,23.639999389648438
2024,11,QB,20,13-24,Caleb Williams,13.7,16.239999771118164
2024,11,QB,21,13-24,Geno Smith,13.4,15.739999771118164
2024,11,QB,22,13-24,Matthew Stafford,12.7,27.799999237060547
2024,11,QB,23,13-24,Tua Tagovailoa,12.6,23.520000457763672
2024,11,RB,1,1-6,De'Von Achane,23.34,20.5
2024,11,RB,2,1-6,Bijan Robinson,21.86,10.300000190734863
2024,11,RB,3,1-6,Saquon Barkley,20.84,33.79999923706055
2024,11,RB,4,1-6,Christian McCaffrey,19.35,14.600000381469727
2024,11,RB,5,1-6,Breece Hall,18.7,31.100000381469727
2024,11,RB,6,1-6,Derrick Henry,18.52,10.5
2024,11,RB,7,7-12,Kyren Williams,18.42,8.600000381469727
2024,11,RB,8,7-12,Jahmyr Gibbs,17.12,19.299999237060547
2024,11,RB,9,7-12,Joe Mixon,16.94,35.29999923706055
2024,11,RB,10,7-12,D'Andre Swift,15.36,16.399999618530273
2024,11,RB,11,7-12,David Montgomery,14.8,24.5
2024,11,RB,12,7-12,James Cook,14.62,19.700000762939453
2024,11,RB,13,13-24,Javonte Williams,14.43,18.700000762939453
2024,11,RB,14,13-24,Alvin Kamara,14.15,12.899999618530273
2024,11,RB,15,13-24,Jonathan Taylor,14.06,7.0
2024,11,RB,16,13-24,Rhamondre Stevenson,14.06,12.899999618530273
2024,11,RB,17,13-24,Tony Pollard,13.88,4.900000095367432
2024,11,RB,18,13-24,Josh Jacobs,13.6,23.399999618530273
2024,11,RB,19,13-24,Najee Harris,13.3,13.300000190734863
2024,11,RB,20,13-24,J.K. Dobbins,13.2,18.899999618530273
2024,11,RB,22,13-24,Kenneth Walker III,12.4,13.899999618530273
2024,11,RB,23,13-24,Kareem Hunt,11.8,6.0
2024,11,RB,24,13-24,Aaron Jones,11.7,5.300000190734863
2024,11,RB,25,25-40,Chase Brown,11.6,19.299999237060547
2024,11,RB,26,25-40,Nick Chubb,10.5,5.0
2024,11,RB,27,25-40,Jerome Ford,10.3,7.900000095367432
2024,11,RB,28,25-40,Rico Dowdle,10.2,5.400000095367432
2024,11,RB,29,25-40,Austin Ekeler,9.7,17.600000381469727
2024,11,RB,30,25-40,Brian Robinson,9.5,14.199999809265137
2024,11,RB,31,25-40,Jaylen Warren,9.5,10.800000190734863
2024,11,RB,32,25-40,Jaleel McLaughlin,9.3,1.899999976158142
2024,11,RB,33,25-40,Alexander Mattison,8.9,9.899999618530273
2024,11,RB,35,25-40,Travis Etienne,7.7,6.300000190734863
2024,11,RB,36,25-40,Tyler Allgeier,7.7,0.8999999761581421
2024,11,RB,37,25-40,Raheem Mostert,7.3,-0.20000000298023224
2024,11,RB,38,25-40,Justice Hill,6.8,8.100000381469727
2024,11,RB,39,25-40,Jordan Mason,6.7,1.2999999523162842
2024,11,RB,40,25-40,Tyjae Spears,6.4,2.799999952316284
2024,11,WR,1,1-6,Ja'Marr Chase,21.5,26.5
2024,11,WR,2,1-6,Amon-Ra St. Brown,18.0,38.70000076293945
2024,11,WR,3,1-6,CeeDee Lamb,15.1,18.600000381469727
2024,11,WR,4,1-6,Courtland Sutton,14.3,14.800000190734863
2024,11,WR,5,1-6,Tee Higgins,13.9,29.799999237060547
2024,11,WR,6,1-6,George Pickens,13.7,16.899999618530273
2024,11,WR,7,7-12,Nico Collins,13.4,9.399999618530273
2024,11,WR,8,7-12,Garrett Wilson,13.1,5.800000190734863
2024,11,WR,9,7-12,A.J. Brown,13.1,11.5
2024,11,WR,11,7-12,Justin Jefferson,12.5,14.100000381469727
2024,11,WR,12,7-12,Drake London,12.3,9.100000381469727
2024,11,WR,13,13-24,Jaxon Smith-Njigba,12.1,21.799999237060547
2024,11,WR,14,13-24,Cooper Kupp,11.2,28.600000381469727
2024,11,WR,15,13-24,DK Metcalf,11.2,14.0
2024,11,WR,16,13-24,Davante Adams,10.9,13.199999809265137
2024,11,WR,17,13-24,Calvin Ridley,10.7,9.800000190734863
2024,11,WR,18,13-24,Tank Dell,10.7,9.800000190734863
2024,11,WR,19,13-24,Darnell Mooney,10.3,4.699999809265137
2024,11,WR,20,13-24,Zay Flowers,9.8,11.899999618530273
2024,11,WR,21,13-24,Keenan Allen,9.7,8.100000381469727
2024,11,WR,22,13-24,Quentin Johnston,9.6,12.800000190734863
2024,11,WR,23,13-24,Khalil Shakir,9.6,15.0
2024,11,WR,24,13-24,Jayden Reed,9.6,9.800000190734863
2024,11,WR,25,25-40,Jameson Williams,9.5,22.600000381469727
2024,11,WR,26,25-40,Cedric Tillman,9.5,7.699999809265137
2024,11,WR,28,25-40,Terry McLaurin,9.3,2.0
2024,11,WR,29,25-40,Jerry Jeudy,9.3,26.200000762939453
2024,11,WR,30,25-40,Brian Thomas Jr.,9.3,13.600000381469727
2024,11,WR,33,25-40,Ladd McConkey,9.2,18.299999237060547
2024,11,WR,34,25-40,DeVonta Smith,9.0,6.900000095367432
2024,11,WR,35,25-40,DJ Moore,8.9,13.699999809265137
2024,11,WR,37,25-40,Tyreek Hill,8.6,19.100000381469727
2024,11,WR,38,25-40,Rashod Bateman,8.6,5.0
2024,11,WR,39,25-40,Josh Downs,8.6,19.399999618530273
2024,11,WR,41,41-55,Romeo Doubs,8.4,2.700000047683716
2024,11,WR,42,41-55,Tyler Lockett,8.1,3.9000000953674316
2024,11,WR,43,41-55,Jakobi Meyers,8.1,8.800000190734863
2024,11,WR,44,41-55,Demarcus Robinson,8.0,3.9000000953674316
2024,11,WR,45,41-55,Deebo Samuel Sr.,7.9,6.099999904632568
2024,11,WR,46,41-55,Diontae Johnson,7.5,0.0
2024,11,WR,47,41-55,Amari Cooper,7.5,7.5
2024,11,WR,49,41-55,DeMario Douglas,7.3,9.899999618530273
2024,11,WR,50,41-55,Jauan Jennings,7.3,25.100000381469727
2024,11,WR,51,41-55,Kendrick Bourne,7.3,18.0
2024,11,WR,52,41-55,Jalen Tolbert,7.2,4.099999904632568
2024,11,WR,53,41-55,Nick Westbrook-Ikhine,7.1,19.700000762939453
2024,11,WR,54,41-55,Rome Odunze,7.1,12.5
2024,11,WR,55,41-55,Jordan Addison,6.9,15.100000381469727
2024,11,TE,3,1-3,David Njoku,11.2,19.100000381469727
2024,11,TE,4,4-6,Mark Andrews,10.9,4.199999809265137
2024,11,TE,5,4-6,Travis Kelce,9.7,2.799999952316284
2024,11,TE,6,4-6,Hunter Henry,9.3,12.300000190734863
2024,11,TE,7,7-12,Tucker Kraft,9.0,0.0
2024,11,TE,9,7-12,Cole Kmet,8.4,7.199999809265137
2024,11,TE,10,7-12,Kyle Pitts,8.2,1.899999976158142
2024,11,TE,11,7-12,Dallas Goedert,8.1,11.100000381469727
2024,11,TE,12,7-12,Isaiah Likely,7.6,9.5
2024,11,TE,13,13-20,Mike Gesicki,7.6,0.0
2024,11,TE,14,13-20,Evan Engram,7.6,7.800000190734863
2024,11,TE,15,13-20,Jake Ferguson,7.3,2.0999999046325684
2024,11,TE,16,13-20,Brock Bowers,7.2,31.299999237060547
2024,11,TE,17,13-20,Pat Freiermuth,7.0,3.4000000953674316
2024,11,TE,18,13-20,T.J. Hockenson,6.5,3.299999952316284
2024,11,TE,19,13-20,Jonnu Smith,6.4,28.100000381469727
2024,11,TE,20,13-20,Will Dissly,5.9,18.0
2024,12,QB,1,1-6,Jalen Hurts,24.89,15.0600004196167
2024,12,QB,2,1-6,Lamar Jackson,24.38,22.579999923706055
2024,12,QB,3,1-6,Justin Herbert,20.04,17.6200008392334
2024,12,QB,4,1-6,Jayden Daniels,19.3,30.399999618530273
2024,12,QB,6,1-6,Jared Goff,18.2,10.760000228881836
2024,12,QB,7,7-12,Patrick Mahomes,17.97,28.760000228881836
2024,12,QB,8,7-12,Geno Smith,17.02,12.359999656677246
2024,12,QB,9,7-12,Tua Tagovailoa,16.36,28.479999542236328
2024,12,QB,10,7-12,Bo Nix,16.21,19.420000076293945
2024,12,QB,11,7-12,Kyler Murray,16.06,10.300000190734863
2024,12,QB,12,7-12,Baker Mayfield,15.99,18.65999984741211
2024,12,QB,13,13-24,Jordan Love,15.0,14.720000267028809
2024,12,QB,14,13-24,Sam Darnold,14.4,21.100000381469727
2024,12,QB,15,13-24,Russell Wilson,14.3,13.800000190734863
2024,12,QB,16,13-24,Caleb Williams,14.0,26.899999618530273
2024,12,QB,17,13-24,Matthew Stafford,13.8,19.219999313354492
2024,12,QB,18,13-24,Cooper Rush,13.6,17.979999542236328
2024,12,QB,19,13-24,Drake Maye,13.3,13.479999542236328
2024,12,QB,20,13-24,C.J. Stroud,12.8,15.680000305175781
2024,12,QB,21,13-24,Gardner Minshew,11.9,11.699999809265137
2024,12,QB,22,13-24,Jameis Winston,11.7,13.460000038146973
2024,12,QB,23,13-24,Will Levis,11.2,16.1200008392334
2024,12,QB,24,13-24,Bryce Young,10.3,16.520000457763672
2024,12,RB,1,1-6,De'Von Achane,25.48,20.600000381469727
2024,12,RB,2,1-6,Saquon Barkley,23.25,46.20000076293945
2024,12,RB,3,1-6,Christian McCaffrey,21.39,7.800000190734863
2024,12,RB,5,1-6,Jahmyr Gibbs,18.24,24.899999618530273
2024,12,RB,6,1-6,Derrick Henry,18.05,14.0
2024,12,RB,7,7-12,David Montgomery,17.22,16.299999237060547
2024,12,RB,8,7-12,Kenneth Walker III,16.94,13.300000190734863
2024,12,RB,9,7-12,J.K. Dobbins,16.47,8.899999618530273
2024,12,RB,10,7-12,Kareem Hunt,16.29,11.699999809265137
2024,12,RB,11,7-12,Austin Ekeler,15.92,4.400000095367432
2024,12,RB,12,7-12,Joe Mixon,15.64,9.5
2024,12,RB,13,13-24,Brian Robinson,15.08,3.4000000953674316
2024,12,RB,14,13-24,James Conner,14.9,9.899999618530273
2024,12,RB,15,13-24,D'Andre Swift,14.8,9.5
2024,12,RB,16,13-24,Josh Jacobs,14.71,28.600000381469727
2024,12,RB,17,13-24,Jonathan Taylor,14.43,3.5
2024,12,RB,18,13-24,Chuba Hubbard,14.06,15.0
2024,12,RB,19,13-24,Kyren Williams,13.88,11.199999809265137
2024,12,RB,20,13-24,Javonte Williams,13.1,2.4000000953674316
2024,12,RB,21,13-24,Tyrone Tracy Jr.,12.9,9.0
2024,12,RB,22,13-24,Najee Harris,12.1,7.400000095367432
2024,12,RB,23,13-24,Rhamondre Stevenson,11.6,3.299999952316284
2024,12,RB,24,13-24,Aaron Jones,10.9,19.899999618530273
2024,12,RB,25,25-40,Rachaad White,10.9,11.699999809265137
2024,12,RB,26,25-40,Rico Dowdle,10.5,10.800000190734863
2024,12,RB,28,25-40,Bucky Irving,10.1,27.200000762939453
2024,12,RB,29,25-40,Tony Pollard,9.5,21.899999618530273
2024,12,RB,30,25-40,Devin Singletary,8.6,9.0
2024,12,RB,31,25-40,Jaylen Warren,8.3,15.399999618530273
2024,12,RB,32,25-40,Jerome Ford,7.8,3.700000047683716
2024,12,RB,33,25-40,Justice Hill,7.3,14.199999809265137
2024,12,RB,34,25-40,Zach Charbonnet,7.2,2.200000047683716
2024,12,RB,35,25-40,Nick Chubb,7.2,19.0
2024,12,RB,36,25-40,Jordan Mason,6.9,2.299999952316284
2024,12,RB,37,25-40,Jaleel McLaughlin,6.5,4.400000095367432
2024,12,RB,38,25-40,Raheem Mostert,6.1,1.2000000476837158
2024,12,RB,39,25-40,Ezekiel Elliott,6.0,0.6000000238418579
2024,12,RB,40,25-40,Roschon Johnson,6.0,8.199999809265137
2024,12,WR,1,1-6,Amon-Ra St. Brown,18.3,12.199999809265137
2024,12,WR,2,1-6,A.J. Brown,16.0,22.899999618530273
2024,12,WR,4,1-6,Josh Downs,14.2,5.699999809265137
2024,12,WR,5,1-6,Jaxon Smith-Njigba,13.8,19.700000762939453
2024,12,WR,6,1-6,Ladd McConkey,13.7,14.300000190734863
2024,12,WR,7,7-12,Terry McLaurin,12.9,21.200000762939453
2024,12,WR,8,7-12,Justin Jefferson,12.9,4.699999809265137
2024,12,WR,9,7-12,CeeDee Lamb,12.7,16.799999237060547
2024,12,WR,10,7-12,Quentin Johnston,12.7,0.0
2024,12,WR,11,7-12,Zay Flowers,12.5,11.199999809265137
2024,12,WR,12,7-12,DK Metcalf,12.5,9.899999618530273
2024,12,WR,13,13-24,Tyreek Hill,12.5,9.800000190734863
2024,12,WR,15,13-24,Cooper Kupp,11.2,20.0
2024,12,WR,16,13-24,George Pickens,11.1,8.800000190734863
2024,12,WR,17,13-24,Marvin Harrison Jr.,10.9,7.699999809265137
2024,12,WR,18,13-24,DJ Moore,10.9,26.899999618530273
2024,12,WR,19,13-24,Keenan Allen,10.8,23.600000381469727
2024,12,WR,21,13-24,Rashod Bateman,10.4,12.300000190734863
2024,12,WR,22,13-24,Nico Collins,10.4,20.200000762939453
2024,12,WR,23,13-24,Jameson Williams,10.4,11.800000190734863
2024,12,WR,24,13-24,Courtland Sutton,10.1,29.700000762939453
2024,12,WR,25,25-40,Jakobi Meyers,9.6,22.100000381469727
2024,12,WR,26,25-40,Jayden Reed,9.5,5.599999904632568
2024,12,WR,27,25-40,Mike Evans,8.8,11.800000190734863
2024,12,WR,28,25-40,Jauan Jennings,8.7,9.0
2024,12,WR,29,25-40,Rome Odunze,8.6,8.899999618530273
2024,12,WR,30,25-40,Jerry Jeudy,8.5,14.5
2024,12,WR,31,25-40,Malik Nabers,8.4,12.399999618530273
2024,12,WR,32,25-40,Michael Pittman,8.4,15.600000381469727
2024,12,WR,33,25-40,Calvin Ridley,8.1,14.300000190734863
2024,12,WR,34,25-40,Puka Nacua,8.1,20.700000762939453
2024,12,WR,35,25-40,Noah Brown,8.0,13.100000381469727
2024,12,WR,36,25-40,Josh Palmer,7.9,6.800000190734863
2024,12,WR,37,25-40,Tank Dell,7.9,10.199999809265137
2024,12,WR,38,25-40,Adam Thielen,7.9,8.699999809265137
2024,12,WR,39,25-40,Tyler Lockett,7.9,4.0
2024,12,WR,40,25-40,Jaylen Waddle,7.8,28.399999618530273
2024,12,WR,41,41-55,Alec Pierce,7.7,4.900000095367432
2024,12,WR,42,41-55,DeAndre Hopkins,7.6,14.5
2024,12,WR,44,41-55,Jordan Addison,7.6,30.200000762939453
2024,12,WR,45,41-55,Christian Watson,7.4,0.4000000059604645
2024,12,WR,46,41-55,Deebo Samuel Sr.,7.1,3.0999999046325684
2024,12,WR,48,41-55,Xavier Legette,7.1,9.600000381469727
2024,12,WR,49,41-55,Romeo Doubs,6.9,8.399999618530273
2024,12,WR,50,41-55,Nick Westbrook-Ikhine,6.8,12.800000190734863
2024,12,WR,51,41-55,Cedric Tillman,6.4,2.799999952316284
2024,12,WR,52,41-55,Michael Wilson,6.3,7.400000095367432
2024,12,WR,54,41-55,Demarcus Robinson,6.1,9.5
2024,12,WR,55,41-55,DeMario Douglas,6.0,11.300000190734863
2024,12,TE,1,1-3,Travis Kelce,12.4,12.199999809265137
2024,12,TE,2,1-3,George Kittle,11.9,20.200000762939453
2024,12,TE,3,1-3,Brock Bowers,11.8,7.800000190734863
2024,12,TE,4,4-6,Trey McBride,10.9,25.299999237060547
2024,12,TE,5,4-6,Sam LaPorta,10.8,4.900000095367432
2024,12,TE,6,4-6,Mark Andrews,10.4,15.600000381469727
2024,12,TE,7,7-12,Dallas Goedert,10.3,5.900000095367432
2024,12,TE,8,7-12,Zach Ertz,9.2,15.800000190734863
2024,12,TE,9,7-12,Jonnu Smith,9.0,23.700000762939453
2024,12,TE,10,7-12,David Njoku,8.8,3.9000000953674316
2024,12,TE,11,7-12,Will Dissly,8.7,8.699999809265137
2024,12,TE,13,13-20,Hunter Henry,8.1,9.399999618530273
2024,12,TE,14,13-20,Cade Otton,8.1,4.0
2024,12,TE,15,13-20,Cole Kmet,7.6,13.399999618530273
2024,12,TE,16,13-20,T.J. Hockenson,6.9,18.399999618530273
2024,12,TE,17,13-20,Ja'Tavion Sanders,6.6,7.900000095367432
2024,12,TE,18,13-20,Tucker Kraft,6.5,10.600000381469727
2024,12,TE,19,13-20,Noah Gray,6.3,22.600000381469727
2024,13,QB,1,1-6,Justin Herbert,21.43,7.980000019073486
2024,13,QB,2,1-6,Jalen Hurts,21.14,17.6200008392334
2024,13,QB,3,1-6,Baker Mayfield,20.33,10.199999809265137
2024,13,QB,4,1-6,Lamar Jackson,20.26,25.3799991607666
2024,13,QB,5,1-6,Joe Burrow,18.86,19.260000228881836
2024,13,QB,6,1-6,Bo Nix,18.49,12.15999984741211
2024,13,QB,7,7-12,Tua Tagovailoa,18.49,25.200000762939453
2024,13,QB,8,7-12,Patrick Mahomes,18.34,16.639999389648438
2024,13,QB,9,7-12,Kyler Murray,18.05,15.199999809265137
2024,13,QB,10,7-12,Derek Carr,17.9,14.5600004196167
2024,13,QB,11,7-12,Sam Darnold,17.9,19.600000381469727
2024,13,QB,12,7-12,Josh Allen,17.24,28.420000076293945
2024,13,QB,13,13-24,Matthew Stafford,17.16,15.619999885559082
2024,13,QB,14,13-24,Jayden Daniels,16.94,27.639999389648438
2024,13,QB,15,13-24,Kirk Cousins,16.72,2.0999999046325684
2024,13,QB,16,13-24,Jordan Love,15.84,18.959999084472656
2024,13,QB,17,13-24,Anthony Richardson,15.69,21.15999984741211
2024,13,QB,18,13-24,Jared Goff,15.62,16.940000534057617
2024,13,QB,19,13-24,Will Levis,15.62,16.18000030517578
2024,13,QB,21,13-24,C.J. Stroud,15.4,14.380000114440918
2024,13,QB,22,13-24,Caleb Williams,15.3,26.139999389648438
2024,13,QB,23,13-24,Jameis Winston,15.1,32.97999954223633
2024,13,QB,24,13-24,Drake Maye,15.1,19.420000076293945
2024,13,RB,1,1-6,De'Von Achane,27.61,21.0
2024,13,RB,2,1-6,Saquon Barkley,26.31,19.700000762939453
2024,13,RB,3,1-6,Bijan Robinson,20.56,25.5
2024,13,RB,4,1-6,Kyren Williams,18.52,18.299999237060547
2024,13,RB,5,1-6,Christian McCaffrey,18.24,8.699999809265137
2024,13,RB,6,1-6,Jahmyr Gibbs,17.77,10.399999618530273
2024,13,RB,8,7-12,Breece Hall,16.66,6.0
2024,13,RB,9,7-12,Alvin Kamara,16.38,15.899999618530273
2024,13,RB,10,7-12,Joe Mixon,16.1,21.899999618530273
2024,13,RB,11,7-12,James Conner,15.55,11.100000381469727
2024,13,RB,12,7-12,Isiah Pacheco,15.36,5.900000095367432
2024,13,RB,13,13-24,Bucky Irving,15.27,27.5
2024,13,RB,14,13-24,Derrick Henry,15.08,14.100000381469727
2024,13,RB,15,13-24,Josh Jacobs,14.99,21.700000762939453
2024,13,RB,16,13-24,Aaron Jones,14.9,9.800000190734863
2024,13,RB,17,13-24,David Montgomery,14.71,15.399999618530273
2024,13,RB,18,13-24,James Cook,14.43,19.0
2024,13,RB,19,13-24,Tony Pollard,14.34,8.800000190734863
2024,13,RB,20,13-24,D'Andre Swift,14.34,9.399999618530273
2024,13,RB,21,13-24,Chuba Hubbard,14.06,2.299999952316284
2024,13,RB,22,13-24,Tyrone Tracy Jr.,14.06,14.5
2024,13,RB,23,13-24,Rhamondre Stevenson,13.88,12.399999618530273
2024,13,RB,24,13-24,Rachaad White,13.78,8.800000190734863
2024,13,RB,25,25-40,Jonathan Taylor,13.5,17.299999237060547
2024,13,RB,26,25-40,Javonte Williams,13.4,7.400000095367432
2024,13,RB,27,25-40,Kenneth Walker III,12.6,6.599999904632568
2024,13,RB,28,25-40,Chase Brown,12.6,19.0
2024,13,RB,29,25-40,Kareem Hunt,12.4,3.5
2024,13,RB,30,25-40,Nick Chubb,11.4,12.5
2024,13,RB,32,25-40,Rico Dowdle,9.8,21.299999237060547
2024,13,RB,33,25-40,Najee Harris,9.6,24.899999618530273
2024,13,RB,34,25-40,Brian Robinson,9.0,17.899999618530273
2024,13,RB,35,25-40,Devin Singletary,8.6,2.299999952316284
2024,13,RB,38,25-40,Jaylen Warren,8.0,10.399999618530273
2024,13,RB,39,25-40,Jerome Ford,8.0,7.199999809265137
2024,13,RB,40,25-40,Roschon Johnson,7.1,0.0
2024,13,WR,1,1-6,Ja'Marr Chase,17.5,20.600000381469727
2024,13,WR,2,1-6,Cooper Kupp,16.0,4.699999809265137
2024,13,WR,3,1-6,Courtland Sutton,15.7,16.200000762939453
2024,13,WR,4,1-6,A.J. Brown,15.5,11.600000381469727
2024,13,WR,5,1-6,Amon-Ra St. Brown,15.2,12.300000190734863
2024,13,WR,6,1-6,Ladd McConkey,14.2,20.700000762939453
2024,13,WR,7,7-12,Justin Jefferson,13.8,16.899999618530273
2024,13,WR,8,7-12,Tee Higgins,13.7,17.899999618530273
2024,13,WR,10,7-12,Puka Nacua,13.6,17.299999237060547
2024,13,WR,11,7-12,Drake London,13.3,17.299999237060547
2024,13,WR,13,13-24,Marvin Harrison Jr.,13.0,17.0
2024,13,WR,14,13-24,Nico Collins,12.9,19.899999618530273
2024,13,WR,15,13-24,Jordan Addison,11.9,9.399999618530273
2024,13,WR,16,13-24,CeeDee Lamb,11.8,5.900000095367432
2024,13,WR,17,13-24,Darnell Mooney,11.1,5.0
2024,13,WR,18,13-24,Keenan Allen,11.0,24.299999237060547
2024,13,WR,19,13-24,Jerry Jeudy,11.0,40.5
2024,13,WR,20,13-24,Mike Evans,10.9,25.799999237060547
2024,13,WR,21,13-24,Tyreek Hill,10.9,20.299999237060547
2024,13,WR,22,13-24,Calvin Ridley,10.6,6.5
2024,13,WR,23,13-24,DJ Moore,10.2,23.700000762939453
2024,13,WR,24,13-24,Terry McLaurin,10.2,27.299999237060547
2024,13,WR,25,25-40,Quentin Johnston,10.2,3.200000047683716
2024,13,WR,26,25-40,Tank Dell,10.2,3.299999952316284
2024,13,WR,27,25-40,Zay Flowers,10.1,10.100000381469727
2024,13,WR,29,25-40,Malik Nabers,9.8,15.300000190734863
2024,13,WR,31,25-40,Jakobi Meyers,9.7,15.699999809265137
2024,13,WR,32,25-40,Jaxon Smith-Njigba,9.5,11.899999618530273
2024,13,WR,34,25-40,George Pickens,9.4,16.399999618530273
2024,13,WR,36,25-40,Nick Westbrook-Ikhine,9.0,21.100000381469727
2024,13,WR,37,25-40,Jauan Jennings,8.9,8.600000381469727
2024,13,WR,38,25-40,Jaylen Waddle,8.8,11.300000190734863
2024,13,WR,39,25-40,Jameson Williams,8.7,9.600000381469727
2024,13,WR,40,25-40,Adam Thielen,8.7,23.899999618530273
2024,13,WR,41,41-55,Garrett Wilson,8.6,9.100000381469727
2024,13,WR,42,41-55,Devaughn Vele,8.6,2.5999999046325684
2024,13,WR,43,41-55,Xavier Legette,8.5,9.300000190734863
2024,13,WR,45,41-55,Josh Palmer,8.1,4.099999904632568
2024,13,WR,46,41-55,Khalil Shakir,8.1,7.0
2024,13,WR,47,41-55,DK Metcalf,8.1,10.600000381469727
2024,13,WR,48,41-55,Demarcus Robinson,8.1,12.899999618530273
2024,13,WR,49,41-55,Davante Adams,8.1,17.600000381469727
2024,13,WR,50,41-55,Michael Wilson,8.1,10.5
2024,13,WR,51,41-55,Jayden Reed,7.9,19.700000762939453
2024,13,WR,53,41-55,Michael Pittman,7.9,9.199999809265137
2024,13,WR,55,41-55,Rome Odunze,7.6,4.5
2024,13,TE,1,1-3,Trey McBride,15.5,21.600000381469727
2024,13,TE,2,1-3,Jonnu Smith,11.6,21.299999237060547
2024,13,TE,3,1-3,Travis Kelce,11.4,13.800000190734863
2024,13,TE,4,4-6,George Kittle,10.9,1.7000000476837158
2024,13,TE,5,4-6,Cade Otton,10.7,6.0
2024,13,TE,6,4-6,Mark Andrews,10.1,18.899999618530273
2024,13,TE,7,7-12,Brock Bowers,9.9,30.200000762939453
2024,13,TE,8,7-12,T.J. Hockenson,9.8,5.800000190734863
2024,13,TE,9,7-12,David Njoku,8.9,26.200000762939453
2024,13,TE,10,7-12,Tucker Kraft,8.6,13.800000190734863
2024,13,TE,11,7-12,Zach Ertz,8.4,12.5
2024,13,TE,12,7-12,Sam LaPorta,8.4,15.600000381469727
2024,13,TE,13,13-20,Hunter Henry,8.1,14.5
2024,13,TE,14,13-20,Dallas Goedert,8.0,12.5
2024,13,TE,15,13-20,Will Dissly,7.7,0.0
2024,13,TE,16,13-20,Isaiah Likely,7.6,14.800000190734863
2024,13,TE,18,13-20,Noah Gray,7.1,9.800000190734863
2024,13,TE,20,13-20,Mike Gesicki,6.8,10.300000190734863
2024,14,QB,1,1-6,Joe Burrow,24.38,24.559999465942383
2024,14,QB,2,1-6,Jalen Hurts,23.13,24.219999313354492
2024,14,QB,3,1-6,Sam Darnold,21.36,34.58000183105469
2024,14,QB,4,1-6,Jared Goff,19.15,22.020000457763672
2024,14,QB,5,1-6,Patrick Mahomes,18.2,14.100000381469727
2024,14,QB,6,1-6,Jordan Love,17.9,14.539999961853027
2024,14,QB,7,7-12,Russell Wilson,17.31,16.020000457763672
2024,14,QB,8,7-12,Baker Mayfield,16.8,19.0
2024,14,QB,9,7-12,Justin Herbert,15.77,13.720000267028809
2024,14,QB,10,7-12,Kirk Cousins,15.47,9.760000228881836
2024,14,QB,11,7-12,Geno Smith,15.0,13.319999694824219
2024,14,QB,12,7-12,Will Levis,14.9,7.019999980926514
2024,14,QB,13,13-24,Kyler Murray,14.8,17.959999084472656
2024,14,QB,14,13-24,Tua Tagovailoa,14.7,23.540000915527344
2024,14,QB,15,13-24,Jameis Winston,14.5,15.279999732971191
2024,14,QB,16,13-24,Matthew Stafford,13.3,20.799999237060547
2024,14,QB,17,13-24,Caleb Williams,13.1,14.0600004196167
2024,14,QB,18,13-24,Derek Carr,13.0,11.960000038146973
2024,14,QB,19,13-24,Cooper Rush,12.8,13.819999694824219
2024,14,QB,20,13-24,Aaron Rodgers,11.5,17.559999465942383
2024,14,QB,21,13-24,Bryce Young,10.1,12.539999961853027
2024,14,RB,1,1-6,Saquon Barkley,32.44,14.399999618530273
2024,14,RB,2,1-6,Bijan Robinson,22.6,20.100000381469727
2024,14,RB,3,1-6,De'Von Achane,21.21,18.899999618530273
2024,14,RB,4,1-6,Jahmyr Gibbs,20.0,19.299999237060547
2024,14,RB,6,1-6,Josh Jacobs,17.87,24.600000381469727
2024,14,RB,7,7-12,James Cook,17.68,4.900000095367432
2024,14,RB,8,7-12,David Montgomery,17.03,19.399999618530273
2024,14,RB,9,7-12,Aaron Jones,16.29,16.399999618530273
2024,14,RB,10,7-12,Kyren Williams,15.92,23.700000762939453
2024,14,RB,12,7-12,Chase Brown,15.45,24.299999237060547
2024,14,RB,13,13-24,Isiah Pacheco,15.36,8.100000381469727
2024,14,RB,14,13-24,Alvin Kamara,15.08,12.899999618530273
2024,14,RB,16,13-24,Tyrone Tracy Jr.,14.52,19.299999237060547
2024,14,RB,17,13-24,Najee Harris,14.15,11.300000190734863
2024,14,RB,19,13-24,Bucky Irving,13.69,2.799999952316284
2024,14,RB,20,13-24,D'Andre Swift,13.6,5.0
2024,14,RB,21,13-24,James Conner,13.1,22.200000762939453
2024,14,RB,22,13-24,Tony Pollard,12.5,14.399999618530273
2024,14,RB,23,13-24,Kareem Hunt,10.6,3.9000000953674316
2024,14,RB,24,13-24,Rachaad White,10.5,24.899999618530273
2024,14,RB,25,25-40,Rico Dowdle,10.5,15.100000381469727
2024,14,RB,26,25-40,Jaylen Warren,10.2,9.199999809265137
2024,14,RB,28,25-40,Nick Chubb,10.1,4.800000190734863
2024,14,RB,29,25-40,Chuba Hubbard,9.7,20.700000762939453
2024,14,RB,31,25-40,Jerome Ford,7.9,7.699999809265137
2024,14,RB,32,25-40,Travis Etienne,7.9,11.0
2024,14,RB,33,25-40,Ray Davis,7.6,0.0
2024,14,RB,34,25-40,Cam Akers,6.9,3.700000047683716
2024,14,RB,35,25-40,Devin Singletary,6.9,0.800000011920929
2024,14,RB,36,25-40,Zach Charbonnet,6.1,38.29999923706055
2024,14,RB,37,25-40,Tyler Allgeier,6.0,12.300000190734863
2024,14,RB,38,25-40,Chris Brooks,5.9,0.30000001192092896
2024,14,RB,39,25-40,Kenny Gainwell,5.8,5.300000190734863
2024,14,RB,40,25-40,Ameer Abdullah,5.8,0.800000011920929
2024,14,WR,1,1-6,Ja'Marr Chase,23.1,45.099998474121094
2024,14,WR,2,1-6,Justin Jefferson,18.9,32.20000076293945
2024,14,WR,3,1-6,Tee Higgins,18.4,4.300000190734863
2024,14,WR,4,1-6,Amon-Ra St. Brown,17.7,10.300000190734863
2024,14,WR,5,1-6,Drake London,15.3,12.0
2024,14,WR,6,1-6,Jordan Addison,15.3,39.29999923706055
2024,14,WR,8,7-12,Jaxon Smith-Njigba,13.5,19.600000381469727
2024,14,WR,9,7-12,A.J. Brown,13.1,8.300000190734863
2024,14,WR,10,7-12,Cooper Kupp,12.3,20.200000762939453
2024,14,WR,13,13-24,Jerry Jeudy,11.7,17.399999618530273
2024,14,WR,14,13-24,Jayden Reed,11.5,0.0
2024,14,WR,16,13-24,Mike Evans,11.2,10.899999618530273
2024,14,WR,17,13-24,Puka Nacua,11.0,41.79999923706055
2024,14,WR,18,13-24,DK Metcalf,11.0,8.899999618530273
2024,14,WR,19,13-24,Darnell Mooney,10.9,20.200000762939453
2024,14,WR,20,13-24,Jakobi Meyers,10.9,13.699999809265137
2024,14,WR,21,13-24,CeeDee Lamb,10.4,21.399999618530273
2024,14,WR,22,13-24,Calvin Ridley,10.3,12.899999618530273
2024,14,WR,23,13-24,Jameson Williams,10.3,13.0
2024,14,WR,24,13-24,Marvin Harrison Jr.,10.2,8.899999618530273
2024,14,WR,25,25-40,Keenan Allen,10.0,6.0
2024,14,WR,26,25-40,Nick Westbrook-Ikhine,9.9,2.9000000953674316
2024,14,WR,27,25-40,DJ Moore,9.6,10.899999618530273
2024,14,WR,28,25-40,Brian Thomas Jr.,9.5,16.600000381469727
2024,14,WR,29,25-40,Malik Nabers,9.2,14.899999618530273
2024,14,WR,30,25-40,Tyreek Hill,9.0,28.100000381469727
2024,14,WR,32,25-40,Jauan Jennings,8.5,28.0
2024,14,WR,33,25-40,DeVonta Smith,8.4,13.699999809265137
2024,14,WR,35,25-40,Davante Adams,8.2,25.899999618530273
2024,14,WR,36,25-40,DeAndre Hopkins,8.2,13.199999809265137
2024,14,WR,37,25-40,Khalil Shakir,8.1,21.600000381469727
2024,14,WR,39,25-40,Ray-Ray McCloud,7.9,18.100000381469727
2024,14,WR,40,25-40,Garrett Wilson,7.8,18.399999618530273
2024,14,WR,42,41-55,Christian Watson,7.6,13.399999618530273
2024,14,WR,43,41-55,Adam Thielen,7.6,19.200000762939453
2024,14,WR,44,41-55,Demarcus Robinson,7.2,0.0
2024,14,WR,46,41-55,Jaylen Waddle,7.1,20.899999618530273
2024,14,WR,47,41-55,Amari Cooper,7.0,15.5
2024,14,WR,48,41-55,Andrei Iosivas,7.0,8.100000381469727
2024,14,WR,49,41-55,Tyler Lockett,6.7,0.0
2024,14,WR,50,41-55,Deebo Samuel Sr.,6.7,5.5
2024,14,WR,51,41-55,Elijah Moore,6.7,6.400000095367432
2024,14,WR,52,41-55,Allen Lazard,6.5,2.799999952316284
2024,14,WR,53,41-55,Calvin Austin III,6.4,1.399999976158142
2024,14,WR,54,41-55,Michael Wilson,6.4,13.699999809265137
2024,14,TE,1,1-3,Trey McBride,14.0,14.0
2024,14,TE,2,1-3,Sam LaPorta,12.0,10.399999618530273
2024,14,TE,3,1-3,George Kittle,11.4,21.100000381469727
2024,14,TE,4,4-6,Brock Bowers,11.2,8.199999809265137
2024,14,TE,5,4-6,T.J. Hockenson,9.8,8.5
2024,14,TE,6,4-6,Travis Kelce,9.7,9.5
2024,14,TE,7,7-12,David Njoku,9.4,17.200000762939453
2024,14,TE,9,7-12,Evan Engram,9.1,7.300000190734863
2024,14,TE,10,7-12,Jonnu Smith,9.0,13.399999618530273
2024,14,TE,11,7-12,Pat Freiermuth,8.0,13.800000190734863
2024,14,TE,12,7-12,Cade Otton,7.9,10.0
2024,14,TE,13,13-20,Mike Gesicki,7.8,5.400000095367432
2024,14,TE,15,13-20,Josh Oliver,7.4,3.5999999046325684
2024,14,TE,16,13-20,Tucker Kraft,6.7,13.100000381469727
2024,14,TE,17,13-20,Kyle Pitts,6.3,2.4000000953674316
2024,14,TE,18,13-20,Jake Ferguson,6.2,6.199999809265137
2024,14,TE,19,13-20,Cole Kmet,6.1,0.0
2024,14,TE,20,13-20,Noah Gray,6.0,6.599999904632568
2024,15,QB,1,1-6,Josh Allen,24.82,41.279998779296875
2024,15,QB,2,1-6,Lamar Jackson,21.65,36.099998474121094
2024,15,QB,3,1-6,Brock Purdy,20.7,3.9800000190734863
2024,15,QB,4,1-6,Jayden Daniels,20.26,23.639999389648438
2024,15,QB,5,1-6,Justin Herbert,18.86,13.800000190734863
2024,15,QB,6,1-6,Joe Burrow,18.78,16.84000015258789
2024,15,QB,7,7-12,Jalen Hurts,18.56,28.100000381469727
2024,15,QB,8,7-12,Sam Darnold,17.39,11.239999771118164
2024,15,QB,9,7-12,Patrick Mahomes,17.31,15.760000228881836
2024,15,QB,10,7-12,Baker Mayfield,17.16,28.020000457763672
2024,15,QB,11,7-12,Caleb Williams,17.02,9.9399995803833
2024,15,QB,12,7-12,Tua Tagovailoa,16.87,3.8399999141693115
2024,15,QB,13,13-24,Kyler Murray,16.58,10.0600004196167
2024,15,QB,14,13-24,Geno Smith,16.28,4.460000038146973
2024,15,QB,15,13-24,Jameis Winston,16.28,-0.36000001430511475
2024,15,QB,16,13-24,Bo Nix,16.21,13.5
2024,15,QB,17,13-24,Jared Goff,16.13,41.060001373291016
2024,15,QB,19,13-24,Drake Maye,15.91,17.479999542236328
2024,15,QB,20,13-24,Jordan Love,15.62,17.559999465942383
2024,15,QB,21,13-24,Anthony Richardson,15.62,14.380000114440918
2024,15,QB,22,13-24,Bryce Young,15.2,11.960000038146973
2024,15,QB,23,13-24,Aaron Rodgers,14.7,30.059999465942383
2024,15,RB,1,1-6,Saquon Barkley,22.78,9.399999618530273
2024,15,RB,2,1-6,Bijan Robinson,21.67,14.5
2024,15,RB,3,1-6,De'Von Achane,20.28,14.600000381469727
2024,15,RB,5,1-6,Derrick Henry,19.26,6.699999809265137
2024,15,RB,7,7-12,Jahmyr Gibbs,16.38,28.399999618530273
2024,15,RB,8,7-12,Josh Jacobs,16.2,21.600000381469727
2024,15,RB,9,7-12,Breece Hall,16.2,13.100000381469727
2024,15,RB,10,7-12,Kyren Williams,16.1,13.199999809265137
2024,15,RB,11,7-12,Chuba Hubbard,15.45,8.899999618530273
2024,15,RB,12,7-12,Rico Dowdle,15.27,14.899999618530273
2024,15,RB,13,13-24,James Conner,15.17,30.799999237060547
2024,15,RB,14,13-24,Joe Mixon,15.17,10.600000381469727
2024,15,RB,15,13-24,Jonathan Taylor,15.17,10.100000381469727
2024,15,RB,16,13-24,David Montgomery,15.08,7.5
2024,15,RB,17,13-24,James Cook,14.62,26.299999237060547
2024,15,RB,18,13-24,Alvin Kamara,14.06,17.0
2024,15,RB,19,13-24,Rhamondre Stevenson,13.97,9.5
2024,15,RB,20,13-24,Tyrone Tracy Jr.,13.69,4.5
2024,15,RB,21,13-24,Aaron Jones,13.69,18.600000381469727
2024,15,RB,24,13-24,Brian Robinson,12.8,11.699999809265137
2024,15,RB,25,25-40,Isiah Pacheco,12.7,5.699999809265137
2024,15,RB,26,25-40,Javonte Williams,12.7,4.300000190734863
2024,15,RB,27,25-40,D'Andre Swift,12.6,9.899999618530273
2024,15,RB,28,25-40,Tony Pollard,12.5,8.5
2024,15,RB,29,25-40,Chase Brown,12.1,26.299999237060547
2024,15,RB,30,25-40,Bucky Irving,12.0,13.300000190734863
2024,15,RB,31,25-40,Rachaad White,11.9,14.100000381469727
2024,15,RB,32,25-40,Najee Harris,10.3,3.0999999046325684
2024,15,RB,33,25-40,Kareem Hunt,10.3,5.900000095367432
2024,15,RB,34,25-40,Zach Charbonnet,10.1,13.600000381469727
2024,15,RB,35,25-40,Nick Chubb,9.9,2.0999999046325684
2024,15,RB,36,25-40,Alexander Mattison,9.6,2.4000000953674316
2024,15,RB,37,25-40,Sincere McCormick,8.4,4.5
2024,15,RB,38,25-40,Jaylen Warren,8.4,2.5
2024,15,RB,39,25-40,Jerome Ford,8.0,18.399999618530273
2024,15,RB,40,25-40,Chris Rodriguez Jr.,7.8,0.20000000298023224
2024,15,WR,1,1-6,Ja'Marr Chase,19.1,18.399999618530273
2024,15,WR,2,1-6,Amon-Ra St. Brown,16.0,37.29999923706055
2024,15,WR,3,1-6,Jaxon Smith-Njigba,14.5,18.299999237060547
2024,15,WR,4,1-6,Terry McLaurin,13.8,26.299999237060547
2024,15,WR,6,1-6,DJ Moore,13.6,15.0
2024,15,WR,7,7-12,Justin Jefferson,13.6,20.299999237060547
2024,15,WR,8,7-12,Ladd McConkey,13.3,16.799999237060547
2024,15,WR,9,7-12,Puka Nacua,13.2,17.799999237060547
2024,15,WR,10,7-12,Courtland Sutton,13.2,12.199999809265137
2024,15,WR,12,7-12,Keenan Allen,12.9,20.200000762939453
2024,15,WR,13,13-24,Davante Adams,12.9,42.79999923706055
2024,15,WR,14,13-24,Tyreek Hill,12.5,5.599999904632568
2024,15,WR,15,13-24,Jakobi Meyers,12.4,10.899999618530273
2024,15,WR,16,13-24,Jauan Jennings,12.3,5.099999904632568
2024,15,WR,17,13-24,Jordan Addison,12.3,13.300000190734863
2024,15,WR,18,13-24,Jerry Jeudy,12.2,21.799999237060547
2024,15,WR,19,13-24,Adam Thielen,12.2,10.100000381469727
2024,15,WR,20,13-24,CeeDee Lamb,12.1,26.600000381469727
2024,15,WR,21,13-24,Khalil Shakir,11.5,15.899999618530273
2024,15,WR,22,13-24,Garrett Wilson,11.5,14.600000381469727
2024,15,WR,23,13-24,Cooper Kupp,11.5,0.0
2024,15,WR,24,13-24,DK Metcalf,11.5,5.800000190734863
2024,15,WR,25,25-40,Mike Evans,11.5,36.900001525878906
2024,15,WR,26,25-40,Nico Collins,11.4,17.700000762939453
2024,15,WR,28,25-40,Tee Higgins,10.8,19.799999237060547
2024,15,WR,29,25-40,Drake London,10.7,14.300000190734863
2024,15,WR,30,25-40,A.J. Brown,10.6,25.0
2024,15,WR,31,25-40,Marvin Harrison Jr.,10.5,5.199999809265137
2024,15,WR,32,25-40,Zay Flowers,10.3,11.300000190734863
2024,15,WR,33,25-40,Rome Odunze,9.8,5.900000095367432
2024,15,WR,34,25-40,Jameson Williams,9.6,12.699999809265137
2024,15,WR,35,25-40,Jaylen Waddle,9.6,0.0
2024,15,WR,36,25-40,Darnell Mooney,9.2,0.0
2024,15,WR,37,25-40,Malik Nabers,9.0,24.200000762939453
2024,15,WR,39,25-40,Rashod Bateman,8.6,23.0
2024,15,WR,41,41-55,Calvin Ridley,8.2,9.0
2024,15,WR,42,41-55,Tank Dell,8.2,6.099999904632568
2024,15,WR,43,41-55,DeVonta Smith,8.2,28.0
2024,15,WR,44,41-55,Xavier Legette,8.1,2.9000000953674316
2024,15,WR,45,41-55,Josh Downs,8.1,6.199999809265137
2024,15,WR,46,41-55,Michael Wilson,7.8,2.9000000953674316
2024,15,WR,47,41-55,Quentin Johnston,7.7,15.5
2024,15,WR,49,41-55,Keon Coleman,7.7,7.400000095367432
2024,15,WR,50,41-55,Deebo Samuel Sr.,7.7,4.900000095367432
2024,15,WR,52,41-55,Tim Patrick,7.6,13.0
2024,15,WR,53,41-55,DeAndre Hopkins,7.6,8.600000381469727
2024,15,WR,54,41-55,DeMario Douglas,7.5,10.100000381469727
2024,15,WR,55,41-55,Nick Westbrook-Ikhine,7.2,2.9000000953674316
2024,15,TE,1,1-3,Trey McBride,14.2,17.700000762939453
2024,15,TE,2,1-3,George Kittle,11.7,10.100000381469727
2024,15,TE,3,1-3,Mark Andrews,11.7,10.399999618530273
2024,15,TE,5,4-6,Zach Ertz,9.6,4.5
2024,15,TE,6,4-6,Travis Kelce,9.5,6.699999809265137
2024,15,TE,7,7-12,Brock Bowers,9.5,6.5
2024,15,TE,8,7-12,Sam LaPorta,8.9,18.100000381469727
2024,15,TE,9,7-12,T.J. Hockenson,8.8,10.199999809265137
2024,15,TE,10,7-12,Isaiah Likely,8.8,3.700000047683716
2024,15,TE,11,7-12,Hunter Henry,8.7,6.5
2024,15,TE,12,7-12,Jonnu Smith,8.5,19.799999237060547
2024,15,TE,14,13-20,Tucker Kraft,7.3,5.400000095367432
2024,15,TE,15,13-20,Dalton Kincaid,7.2,9.300000190734863
2024,15,TE,16,13-20,Jake Ferguson,6.7,4.300000190734863
2024,15,TE,17,13-20,Cole Kmet,6.7,2.4000000953674316
2024,15,TE,18,13-20,Noah Fant,6.7,4.5
2024,15,TE,19,13-20,Pat Freiermuth,6.7,11.199999809265137
2024,15,TE,20,13-20,Cade Otton,6.5,4.400000095367432
2024,16,QB,1,1-6,Josh Allen,26.0,11.15999984741211
2024,16,QB,2,1-6,Joe Burrow,24.01,21.979999542236328
2024,16,QB,3,1-6,Lamar Jackson,22.83,20.479999542236328
2024,16,QB,4,1-6,Jalen Hurts,22.1,4.539999961853027
2024,16,QB,5,1-6,Baker Mayfield,20.62,22.31999969482422
2024,16,QB,6,1-6,Jared Goff,18.12,25.34000015258789
2024,16,QB,7,7-12,Jordan Love,17.83,11.479999542236328
2024,16,QB,8,7-12,Aaron Rodgers,17.53,12.84000015258789
2024,16,QB,9,7-12,Kyler Murray,17.39,20.3799991607666
2024,16,QB,10,7-12,Jayden Daniels,17.24,34.41999816894531
2024,16,QB,11,7-12,Cooper Rush,17.16,15.279999732971191
2024,16,QB,12,7-12,Caleb Williams,16.87,22.760000228881836
2024,16,QB,13,13-24,Sam Darnold,16.43,22.940000534057617
2024,16,QB,14,13-24,Justin Herbert,16.28,22.15999984741211
2024,16,QB,15,13-24,Bo Nix,16.06,21.020000457763672
2024,16,QB,16,13-24,Geno Smith,15.99,21.360000610351562
2024,16,QB,17,13-24,Patrick Mahomes,15.55,23.700000762939453
2024,16,QB,19,13-24,Anthony Richardson,14.7,20.239999771118164
2024,16,QB,20,13-24,Russell Wilson,14.6,15.380000114440918
2024,16,QB,21,13-24,Brock Purdy,13.6,21.1200008392334
2024,16,QB,22,13-24,Tua Tagovailoa,13.6,12.5
2024,16,QB,23,13-24,Bryce Young,13.5,27.1200008392334
2024,16,QB,24,13-24,Drake Maye,13.2,17.440000534057617
2024,16,RB,1,1-6,Bijan Robinson,23.8,24.299999237060547
2024,16,RB,2,1-6,Saquon Barkley,22.13,27.0
2024,16,RB,3,1-6,James Conner,21.58,26.600000381469727
2024,16,RB,4,1-6,Josh Jacobs,20.09,20.700000762939453
2024,16,RB,5,1-6,De'Von Achane,19.16,31.0
2024,16,RB,6,1-6,Chase Brown,17.96,13.899999618530273
2024,16,RB,7,7-12,Breece Hall,17.31,14.0
2024,16,RB,8,7-12,Jahmyr Gibbs,17.12,25.399999618530273
2024,16,RB,9,7-12,James Cook,15.82,27.600000381469727
2024,16,RB,12,7-12,Derrick Henry,15.08,20.899999618530273
2024,16,RB,13,13-24,Kyren Williams,15.08,19.899999618530273
2024,16,RB,14,13-24,Joe Mixon,14.34,8.100000381469727
2024,16,RB,15,13-24,Rachaad White,14.25,11.0
2024,16,RB,16,13-24,Bucky Irving,13.78,18.200000762939453
2024,16,RB,17,13-24,Tyrone Tracy Jr.,13.78,16.899999618530273
2024,16,RB,18,13-24,Chuba Hubbard,13.78,32.5
2024,16,RB,20,13-24,Aaron Jones,13.6,12.300000190734863
2024,16,RB,21,13-24,D'Andre Swift,13.3,8.300000190734863
2024,16,RB,22,13-24,Jonathan Taylor,13.2,39.79999923706055
2024,16,RB,23,13-24,Rico Dowdle,13.1,8.100000381469727
2024,16,RB,24,13-24,Tony Pollard,13.1,8.0
2024,16,RB,26,25-40,Kenneth Walker III,12.6,13.899999618530273
2024,16,RB,27,25-40,Rhamondre Stevenson,11.0,12.300000190734863
2024,16,RB,28,25-40,Najee Harris,10.8,4.199999809265137
2024,16,RB,29,25-40,Zach Charbonnet,10.5,3.299999952316284
2024,16,RB,31,25-40,Javonte Williams,10.4,12.300000190734863
2024,16,RB,32,25-40,Brian Robinson,9.4,2.0999999046325684
2024,16,RB,34,25-40,Jerome Ford,9.1,24.100000381469727
2024,16,RB,35,25-40,Jaylen Warren,8.6,14.199999809265137
2024,16,RB,36,25-40,Isiah Pacheco,8.6,3.5
2024,16,RB,37,25-40,Travis Etienne,8.4,5.699999809265137
2024,16,RB,39,25-40,Justice Hill,7.9,3.0
2024,16,RB,40,25-40,Tyjae Spears,7.9,21.600000381469727
2024,16,WR,1,1-6,Ja'Marr Chase,27.2,22.399999618530273
2024,16,WR,2,1-6,Davante Adams,17.2,19.799999237060547
2024,16,WR,3,1-6,Tee Higgins,17.0,19.799999237060547
2024,16,WR,4,1-6,Jaxon Smith-Njigba,16.7,24.0
2024,16,WR,5,1-6,Amon-Ra St. Brown,16.4,19.0
2024,16,WR,6,1-6,Mike Evans,15.6,11.899999618530273
2024,16,WR,7,7-12,Justin Jefferson,15.1,36.400001525878906
2024,16,WR,8,7-12,CeeDee Lamb,14.9,17.5
2024,16,WR,10,7-12,Courtland Sutton,13.6,10.0
2024,16,WR,11,7-12,Jordan Addison,13.5,14.5
2024,16,WR,12,7-12,A.J. Brown,12.6,23.700000762939453
2024,16,WR,13,13-24,Garrett Wilson,12.6,11.399999618530273
2024,16,WR,14,13-24,Puka Nacua,12.5,13.600000381469727
2024,16,WR,15,13-24,DK Metcalf,12.4,14.699999809265137
2024,16,WR,17,13-24,Malik Nabers,11.9,13.800000190734863
2024,16,WR,18,13-24,Jerry Jeudy,11.7,4.0
2024,16,WR,19,13-24,Keenan Allen,11.7,29.100000381469727
2024,16,WR,20,13-24,Drake London,11.6,10.899999618530273
2024,16,WR,21,13-24,Ladd McConkey,10.9,14.699999809265137
2024,16,WR,22,13-24,DJ Moore,10.9,14.0
2024,16,WR,23,13-24,Khalil Shakir,10.9,4.199999809265137
2024,16,WR,24,13-24,Marvin Harrison Jr.,10.9,7.900000095367432
2024,16,WR,25,25-40,DeVonta Smith,10.8,11.100000381469727
2024,16,WR,26,25-40,Nico Collins,10.8,13.0
2024,16,WR,27,25-40,Terry McLaurin,10.7,17.0
2024,16,WR,28,25-40,Tyreek Hill,10.3,11.899999618530273
2024,16,WR,29,25-40,Zay Flowers,10.2,15.300000190734863
2024,16,WR,30,25-40,Jakobi Meyers,10.2,6.099999904632568
2024,16,WR,32,25-40,Rashod Bateman,9.9,8.399999618530273
2024,16,WR,33,25-40,Cooper Kupp,9.5,5.400000095367432
2024,16,WR,34,25-40,Adam Thielen,9.5,15.300000190734863
2024,16,WR,35,25-40,Romeo Doubs,9.1,4.0
2024,16,WR,36,25-40,Jameson Williams,8.9,26.0
2024,16,WR,37,25-40,Calvin Ridley,8.8,16.799999237060547
2024,16,WR,38,25-40,Brian Thomas Jr.,8.7,28.200000762939453
2024,16,WR,39,25-40,Jalen McMillan,8.7,16.700000762939453
2024,16,WR,41,41-55,Darnell Mooney,8.3,13.199999809265137
2024,16,WR,43,41-55,Amari Cooper,8.1,2.0
2024,16,WR,44,41-55,Michael Pittman,8.0,3.9000000953674316
2024,16,WR,45,41-55,Christian Watson,8.0,2.299999952316284
2024,16,WR,46,41-55,Michael Wilson,8.0,6.400000095367432
2024,16,WR,47,41-55,Jalen Coker,8.0,2.799999952316284
2024,16,WR,48,41-55,Tim Patrick,7.9,0.0
2024,16,WR,49,41-55,Keon Coleman,7.9,2.700000047683716
2024,16,WR,50,41-55,DeMario Douglas,7.8,7.900000095367432
2024,16,WR,51,41-55,Jayden Reed,7.8,11.100000381469727
2024,16,WR,52,41-55,Tank Dell,7.8,21.799999237060547
2024,16,WR,53,41-55,Ray-Ray McCloud,7.8,5.699999809265137
2024,16,WR,54,41-55,Josh Downs,7.4,15.100000381469727
2024,16,WR,55,41-55,Jauan Jennings,7.4,9.100000381469727
2024,16,TE,1,1-3,Trey McBride,16.8,5.0
2024,16,TE,2,1-3,Sam LaPorta,11.8,14.300000190734863
2024,16,TE,3,1-3,Mark Andrews,11.0,13.800000190734863
2024,16,TE,4,4-6,David Njoku,9.8,14.600000381469727
2024,16,TE,5,4-6,Jonnu Smith,9.4,12.199999809265137
2024,16,TE,6,4-6,Brock Bowers,9.3,20.899999618530273
2024,16,TE,7,7-12,George Kittle,9.2,18.600000381469727
2024,16,TE,8,7-12,Dalton Kincaid,9.1,5.5
2024,16,TE,9,7-12,T.J. Hockenson,8.3,4.699999809265137
2024,16,TE,11,7-12,Isaiah Likely,7.8,11.899999618530273
2024,16,TE,12,7-12,Tucker Kraft,7.8,9.5
2024,16,TE,13,13-20,Mike Gesicki,7.8,3.4000000953674316
2024,16,TE,14,13-20,Zach Ertz,7.6,2.200000047683716
2024,16,TE,16,13-20,Travis Kelce,7.1,8.0
2024,16,TE,17,13-20,Jake Ferguson,6.7,10.0
2024,16,TE,18,13-20,Pat Freiermuth,6.6,4.599999904632568
2024,16,TE,19,13-20,Hunter Henry,6.4,13.899999618530273
2024,17,QB,1,1-6,Jayden Daniels,24.45,31.780000686645508
2024,17,QB,2,1-6,Joe Burrow,23.2,36.97999954223633
2024,17,QB,3,1-6,Baker Mayfield,22.02,34.560001373291016
2024,17,QB,4,1-6,Lamar Jackson,21.95,29.420000076293945
2024,17,QB,5,1-6,Josh Allen,20.18,22.979999542236328
2024,17,QB,6,1-6,Sam Darnold,19.08,24.780000686645508
2024,17,QB,7,7-12,Jordan Love,18.64,14.0
2024,17,QB,8,7-12,Kyler Murray,18.27,16.040000915527344
2024,17,QB,9,7-12,Jared Goff,18.27,25.81999969482422
2024,17,QB,10,7-12,Brock Purdy,18.05,30.280000686645508
2024,17,QB,11,7-12,Patrick Mahomes,17.46,26.0
2024,17,QB,13,13-24,Bryce Young,16.87,16.920000076293945
2024,17,QB,14,13-24,Drake Maye,16.28,9.880000114440918
2024,17,QB,16,13-24,Bo Nix,15.84,21.860000610351562
2024,17,QB,17,13-24,Russell Wilson,15.77,17.700000762939453
2024,17,QB,18,13-24,Justin Herbert,15.77,24.440000534057617
2024,17,QB,19,13-24,Matthew Stafford,15.55,9.15999984741211
2024,17,QB,20,13-24,Caleb Williams,15.1,6.579999923706055
2024,17,QB,21,13-24,C.J. Stroud,14.9,6.099999904632568
2024,17,QB,22,13-24,Geno Smith,14.4,8.300000190734863
2024,17,QB,23,13-24,Mason Rudolph,12.5,12.020000457763672
2024,17,QB,24,13-24,Aaron Rodgers,12.0,0.47999998927116394
2024,17,RB,1,1-6,De'Von Achane,25.29,5.800000190734863
2024,17,RB,2,1-6,Bijan Robinson,23.06,24.799999237060547
2024,17,RB,3,1-6,Josh Jacobs,21.21,10.899999618530273
2024,17,RB,4,1-6,Saquon Barkley,21.11,18.899999618530273
2024,17,RB,5,1-6,Kyren Williams,19.44,16.200000762939453
2024,17,RB,6,1-6,Jonathan Taylor,18.7,27.600000381469727
2024,17,RB,7,7-12,Bucky Irving,17.96,23.0
2024,17,RB,8,7-12,Jahmyr Gibbs,16.94,26.299999237060547
2024,17,RB,9,7-12,Chase Brown,16.84,13.100000381469727
2024,17,RB,11,7-12,James Conner,16.29,2.799999952316284
2024,17,RB,12,7-12,Rachaad White,15.82,4.400000095367432
2024,17,RB,13,13-24,Aaron Jones,15.73,11.699999809265137
2024,17,RB,15,13-24,James Cook,15.08,11.300000190734863
2024,17,RB,16,13-24,Derrick Henry,14.62,24.5
2024,17,RB,17,13-24,J.K. Dobbins,14.62,15.300000190734863
2024,17,RB,18,13-24,Breece Hall,14.34,6.300000190734863
2024,17,RB,19,13-24,Joe Mixon,13.78,5.900000095367432
2024,17,RB,21,13-24,Tyrone Tracy Jr.,12.7,9.300000190734863
2024,17,RB,23,13-24,Rhamondre Stevenson,11.9,0.10000000149011612
2024,17,RB,24,13-24,Brian Robinson,11.8,8.899999618530273
2024,17,RB,26,25-40,D'Andre Swift,11.3,12.100000381469727
2024,17,RB,29,25-40,Javonte Williams,10.6,2.0
2024,17,RB,30,25-40,Kareem Hunt,10.2,8.0
2024,17,RB,32,25-40,Najee Harris,9.7,10.100000381469727
2024,17,RB,33,25-40,Zach Charbonnet,9.5,10.600000381469727
2024,17,RB,34,25-40,Jaylen Warren,9.3,16.200000762939453
2024,17,RB,35,25-40,Tyjae Spears,9.3,13.300000190734863
2024,17,RB,36,25-40,Rico Dowdle,9.1,9.800000190734863
2024,17,RB,37,25-40,Jerome Ford,8.6,2.200000047683716
2024,17,RB,38,25-40,Isiah Pacheco,8.6,1.7999999523162842
2024,17,RB,40,25-40,Alexander Mattison,8.1,4.800000190734863
2024,17,WR,1,1-6,Ja'Marr Chase,22.1,19.200000762939453
2024,17,WR,2,1-6,Justin Jefferson,18.5,17.200000762939453
2024,17,WR,3,1-6,Terry McLaurin,17.0,1.5
2024,17,WR,4,1-6,Amon-Ra St. Brown,16.0,20.0
2024,17,WR,5,1-6,Puka Nacua,15.6,22.899999618530273
2024,17,WR,6,1-6,A.J. Brown,15.3,12.600000381469727
2024,17,WR,7,7-12,Tee Higgins,15.0,40.099998474121094
2024,17,WR,8,7-12,Mike Evans,14.8,29.700000762939453
2024,17,WR,10,7-12,Jordan Addison,14.1,18.899999618530273
2024,17,WR,11,7-12,Jaxon Smith-Njigba,14.0,6.199999809265137
2024,17,WR,13,13-24,Tyreek Hill,12.3,19.5
2024,17,WR,14,13-24,Keenan Allen,12.0,7.5
2024,17,WR,15,13-24,Nico Collins,11.8,8.899999618530273
2024,17,WR,16,13-24,DeVonta Smith,11.8,30.0
2024,17,WR,17,13-24,Davante Adams,11.7,9.699999809265137
2024,17,WR,18,13-24,Marvin Harrison Jr.,11.5,15.600000381469727
2024,17,WR,19,13-24,Cooper Kupp,11.3,3.9000000953674316
2024,17,WR,20,13-24,Adam Thielen,11.2,28.0
2024,17,WR,21,13-24,Courtland Sutton,11.2,16.5
2024,17,WR,23,13-24,Jameson Williams,10.9,24.5
2024,17,WR,24,13-24,Ladd McConkey,10.5,29.399999618530273
2024,17,WR,25,25-40,Zay Flowers,10.4,5.099999904632568
2024,17,WR,27,25-40,Jayden Reed,10.3,1.600000023841858
2024,17,WR,28,25-40,Drake London,10.2,17.600000381469727
2024,17,WR,29,25-40,DJ Moore,10.1,12.199999809265137
2024,17,WR,32,25-40,Jakobi Meyers,9.7,17.100000381469727
2024,17,WR,33,25-40,Malik Nabers,9.7,36.099998474121094
2024,17,WR,34,25-40,Romeo Doubs,9.7,14.800000190734863
2024,17,WR,35,25-40,DK Metcalf,9.7,7.199999809265137
2024,17,WR,36,25-40,George Pickens,9.7,8.0
2024,17,WR,37,25-40,Jalen McMillan,9.6,23.0
2024,17,WR,39,25-40,Jauan Jennings,9.5,13.699999809265137
2024,17,WR,41,41-55,Calvin Ridley,9.1,14.100000381469727
2024,17,WR,42,41-55,Rashod Bateman,9.1,2.200000047683716
2024,17,WR,44,41-55,Michael Wilson,8.4,6.900000095367432
2024,17,WR,45,41-55,Josh Downs,8.3,5.199999809265137
2024,17,WR,46,41-55,Brian Thomas Jr.,8.2,23.899999618530273
2024,17,WR,47,41-55,Jalen Coker,8.0,5.5
2024,17,WR,48,41-55,DeMario Douglas,8.0,14.600000381469727
2024,17,WR,49,41-55,Michael Pittman,7.9,25.899999618530273
2024,17,WR,50,41-55,Garrett Wilson,7.9,17.600000381469727
2024,17,WR,51,41-55,Darnell Mooney,7.9,5.699999809265137
2024,17,WR,52,41-55,Xavier Legette,7.8,7.800000190734863
2024,17,WR,53,41-55,Khalil Shakir,7.7,5.5
2024,17,WR,54,41-55,Deebo Samuel Sr.,7.5,9.100000381469727
2024,17,WR,55,41-55,Rome Odunze,7.5,2.5
2024,17,TE,1,1-3,Trey McBride,14.7,30.299999237060547
2024,17,TE,2,1-3,Brock Bowers,11.2,14.600000381469727
2024,17,TE,3,1-3,Sam LaPorta,10.9,18.399999618530273
2024,17,TE,4,4-6,T.J. Hockenson,10.5,11.800000190734863
2024,17,TE,5,4-6,Mark Andrews,10.5,14.800000190734863
2024,17,TE,6,4-6,George Kittle,10.3,19.200000762939453
2024,17,TE,7,7-12,Travis Kelce,9.7,22.399999618530273
2024,17,TE,8,7-12,Tucker Kraft,9.1,7.300000190734863
2024,17,TE,9,7-12,Jonnu Smith,9.1,11.600000381469727
2024,17,TE,12,7-12,Hunter Henry,7.8,0.0
2024,17,TE,13,13-20,Isaiah Likely,7.5,7.900000095367432
2024,17,TE,14,13-20,Pat Freiermuth,7.4,11.0
2024,17,TE,15,13-20,Zach Ertz,7.1,25.200000762939453
2024,17,TE,16,13-20,Mike Gesicki,6.4,18.600000381469727
2024,17,TE,17,13-20,Dalton Schultz,6.0,4.099999904632568
2024,17,TE,18,13-20,Noah Gray,6.0,1.600000023841858
2024,17,TE,19,13-20,Dalton Kincaid,5.9,4.400000095367432
2025,4,QB,1,1-6,Josh Allen,26.44,24.860000610351562
2025,4,QB,2,1-6,Lamar Jackson,24.23,10.680000305175781
2025,4,QB,3,1-6,Drake Maye,22.39,23.219999313354492
2025,4,QB,4,1-6,Justin Herbert,20.18,12.520000457763672
2025,4,QB,5,1-6,Jordan Love,19.45,26.280000686645508
2025,4,QB,6,1-6,Patrick Mahomes,19.08,27.299999237060547
2025,4,QB,7,7-12,Baker Mayfield,19.0,18.860000610351562
2025,4,QB,8,7-12,Jalen Hurts,18.64,19.399999618530273
2025,4,QB,10,7-12,Sam Darnold,17.39,16.079999923706055
2025,4,QB,11,7-12,Jared Goff,16.65,12.720000267028809
2025,4,QB,12,7-12,Caleb Williams,16.5,11.779999732971191
2025,4,QB,13,13-24,Daniel Jones,15.99,10.380000114440918
2025,4,QB,14,13-24,Geno Smith,15.84,9.779999732971191
2025,4,QB,15,13-24,Kyler Murray,15.62,16.100000381469727
2025,4,QB,16,13-24,Dak Prescott,14.8,30.959999084472656
2025,4,QB,17,13-24,C.J. Stroud,14.6,18.420000076293945
2025,4,QB,18,13-24,Bo Nix,14.5,25.739999771118164
2025,4,QB,19,13-24,Trevor Lawrence,14.5,11.65999984741211
2025,4,QB,20,13-24,Russell Wilson,14.3,0.3199999928474426
2025,4,QB,21,13-24,Matthew Stafford,14.2,27.399999618530273
2025,4,QB,22,13-24,Michael Penix Jr.,13.4,18.719999313354492
2025,4,QB,23,13-24,Cam Ward,13.2,4.519999980926514
2025,4,RB,1,1-6,James Cook,26.68,22.5
2025,4,RB,2,1-6,Bijan Robinson,19.81,28.100000381469727
2025,4,RB,3,1-6,Bucky Irving,19.54,25.5
2025,4,RB,4,1-6,Jahmyr Gibbs,19.26,17.700000762939453
2025,4,RB,5,1-6,Josh Jacobs,18.98,31.700000762939453
2025,4,RB,6,1-6,De'Von Achane,17.87,17.100000381469727
2025,4,RB,7,7-12,Jonathan Taylor,17.31,14.600000381469727
2025,4,RB,8,7-12,Derrick Henry,16.01,7.800000190734863
2025,4,RB,9,7-12,Saquon Barkley,15.92,17.399999618530273
2025,4,RB,10,7-12,Tony Pollard,15.82,10.600000381469727
2025,4,RB,11,7-12,Christian McCaffrey,15.73,26.100000381469727
2025,4,RB,12,7-12,Omarion Hampton,15.17,27.5
2025,4,RB,13,13-24,Travis Etienne,15.08,19.5
2025,4,RB,14,13-24,Alvin Kamara,14.99,11.199999809265137
2025,4,RB,15,13-24,Kyren Williams,14.8,10.399999618530273
2025,4,RB,16,13-24,David Montgomery,14.34,1.2000000476837158
2025,4,RB,17,13-24,Javonte Williams,14.15,19.0
2025,4,RB,18,13-24,Kenneth Walker III,13.5,12.0
2025,4,RB,19,13-24,Nick Chubb,13.1,8.199999809265137
2025,4,RB,20,13-24,Ashton Jeanty,13.1,33.5
2025,4,RB,21,13-24,Rhamondre Stevenson,12.9,5.099999904632568
2025,4,RB,22,13-24,J.K. Dobbins,12.1,11.5
2025,4,RB,23,13-24,Chuba Hubbard,11.8,9.899999618530273
2025,4,RB,26,25-40,D'Andre Swift,10.7,16.0
2025,4,RB,27,25-40,Jordan Mason,10.0,10.199999809265137
2025,4,RB,28,25-40,Zach Charbonnet,10.0,12.399999618530273
2025,4,RB,29,25-40,Breece Hall,9.8,16.100000381469727
2025,4,RB,30,25-40,Chase Brown,9.4,10.100000381469727
2025,4,RB,31,25-40,TreVeyon Henderson,9.0,12.600000381469727
2025,4,RB,33,25-40,Isiah Pacheco,8.5,12.800000190734863
2025,4,RB,34,25-40,Kareem Hunt,8.3,5.699999809265137
2025,4,RB,35,25-40,Cam Skattebo,8.3,13.0
2025,4,RB,37,25-40,Jerome Ford,7.6,1.2999999523162842
2025,4,RB,38,25-40,Justice Hill,7.0,28.700000762939453
2025,4,RB,39,25-40,Tyler Allgeier,7.0,11.100000381469727
2025,4,RB,40,25-40,Rachaad White,6.8,8.600000381469727
2025,4,WR,1,1-6,Justin Jefferson,19.4,22.600000381469727
2025,4,WR,2,1-6,Ricky Pearsall,17.8,8.600000381469727
2025,4,WR,4,1-6,Amon-Ra St. Brown,17.3,26.0
2025,4,WR,5,1-6,Jauan Jennings,16.5,6.400000095367432
2025,4,WR,6,1-6,Puka Nacua,16.0,36.0
2025,4,WR,8,7-12,Nico Collins,15.2,11.899999618530273
2025,4,WR,9,7-12,Quentin Johnston,15.0,23.799999237060547
2025,4,WR,10,7-12,Tre Tucker,14.9,4.199999809265137
2025,4,WR,11,7-12,Ladd McConkey,14.9,2.0999999046325684
2025,4,WR,12,7-12,Keenan Allen,14.4,8.699999809265137
2025,4,WR,13,13-24,Tyreek Hill,13.9,12.699999809265137
2025,4,WR,14,13-24,Deebo Samuel Sr.,13.8,20.100000381469727
2025,4,WR,15,13-24,Jaxon Smith-Njigba,13.6,13.0
2025,4,WR,16,13-24,Rome Odunze,13.2,16.899999618530273
2025,4,WR,17,13-24,Emeka Egbuka,13.1,20.100000381469727
2025,4,WR,18,13-24,Jakobi Meyers,12.9,7.0
2025,4,WR,19,13-24,Malik Nabers,12.4,4.0
2025,4,WR,20,13-24,Marquise Brown,12.2,12.800000190734863
2025,4,WR,21,13-24,Romeo Doubs,12.2,29.799999237060547
2025,4,WR,22,13-24,Chris Olave,12.0,9.0
2025,4,WR,23,13-24,Zay Flowers,11.9,14.399999618530273
2025,4,WR,24,13-24,Keon Coleman,11.8,7.5
2025,4,WR,25,25-40,Courtland Sutton,11.6,19.100000381469727
2025,4,WR,26,25-40,Michael Pittman,11.5,15.100000381469727
2025,4,WR,27,25-40,Brian Thomas Jr.,11.5,10.600000381469727
2025,4,WR,28,25-40,DeVonta Smith,11.4,4.900000095367432
2025,4,WR,29,25-40,Davante Adams,11.4,15.600000381469727
2025,4,WR,30,25-40,George Pickens,11.4,33.400001525878906
2025,4,WR,31,25-40,Garrett Wilson,11.3,20.200000762939453
2025,4,WR,32,25-40,Drake London,11.2,25.0
2025,4,WR,33,25-40,Khalil Shakir,11.2,17.899999618530273
2025,4,WR,35,25-40,A.J. Brown,10.9,2.700000047683716
2025,4,WR,36,25-40,Jaylen Waddle,10.9,7.800000190734863
2025,4,WR,37,25-40,Jerry Jeudy,10.9,7.800000190734863
2025,4,WR,38,25-40,Jameson Williams,10.9,5.699999809265137
2025,4,WR,39,25-40,Ja'Marr Chase,10.6,7.300000190734863
2025,4,WR,40,25-40,Marvin Harrison Jr.,10.5,18.600000381469727
2025,4,WR,41,41-55,Cedric Tillman,10.5,1.600000023841858
2025,4,WR,42,41-55,Cooper Kupp,10.5,6.599999904632568
2025,4,WR,43,41-55,DJ Moore,10.3,7.800000190734863
2025,4,WR,44,41-55,Jalen Nailor,10.3,9.199999809265137
2025,4,WR,45,41-55,Elic Ayomanor,10.2,6.400000095367432
2025,4,WR,46,41-55,Stefon Diggs,10.0,16.100000381469727
2025,4,WR,47,41-55,Calvin Ridley,9.6,5.0
2025,4,WR,48,41-55,Kayshon Boutte,9.4,2.799999952316284
2025,4,WR,49,41-55,Wan'Dale Robinson,9.3,4.400000095367432
2025,4,WR,52,41-55,Tetairoa McMillan,8.8,10.199999809265137
2025,4,WR,53,41-55,Kendrick Bourne,8.7,2.700000047683716
2025,4,WR,54,41-55,Josh Downs,8.6,6.400000095367432
2025,4,WR,55,41-55,Rashid Shaheed,8.4,9.199999809265137
2025,4,TE,1,1-3,Hunter Henry,15.7,11.899999618530273
2025,4,TE,2,1-3,Tucker Kraft,14.6,10.600000381469727
2025,4,TE,3,1-3,Brock Bowers,14.4,9.600000381469727
2025,4,TE,4,4-6,Trey McBride,13.3,12.199999809265137
2025,4,TE,5,4-6,Mark Andrews,13.1,10.0
2025,4,TE,6,4-6,T.J. Hockenson,12.1,7.900000095367432
2025,4,TE,7,7-12,Dalton Kincaid,11.8,9.800000190734863
2025,4,TE,8,7-12,Jake Ferguson,11.4,17.0
2025,4,TE,9,7-12,Travis Kelce,10.8,9.800000190734863
2025,4,TE,10,7-12,Juwan Johnson,10.4,5.800000190734863
2025,4,TE,11,7-12,David Njoku,10.1,3.0999999046325684
2025,4,TE,12,7-12,Zach Ertz,9.9,6.099999904632568
2025,4,TE,13,13-20,Kyle Pitts,9.1,18.0
2025,4,TE,14,13-20,Tyler Warren,8.7,18.299999237060547
2025,4,TE,15,13-20,Dallas Goedert,8.7,19.700000762939453
2025,4,TE,16,13-20,Jonnu Smith,8.5,2.5999999046325684
2025,4,TE,17,13-20,Brenton Strange,8.4,10.5
2025,4,TE,18,13-20,Sam LaPorta,8.3,6.900000095367432
2025,4,TE,19,13-20,Chig Okonkwo,7.7,1.399999976158142
2025,4,TE,20,13-20,Harold Fannin Jr.,7.5,4.5
2025,5,QB,1,1-6,Patrick Mahomes,22.61,26.719999313354492
2025,5,QB,2,1-6,Josh Allen,20.04,19.420000076293945
2025,5,QB,4,1-6,Justin Herbert,19.23,14.640000343322754
2025,5,QB,6,1-6,Baker Mayfield,19.0,26.65999984741211
2025,5,QB,7,7-12,Jared Goff,18.93,20.1200008392334
2025,5,QB,8,7-12,Matthew Stafford,18.71,25.559999465942383
2025,5,QB,9,7-12,Kyler Murray,18.64,15.300000190734863
2025,5,QB,10,7-12,Bo Nix,17.39,17.8799991607666
2025,5,QB,11,7-12,Jalen Hurts,17.02,19.5
2025,5,QB,12,7-12,Tua Tagovailoa,16.72,22.739999771118164
2025,5,QB,13,13-24,Drake Maye,16.06,12.119999885559082
2025,5,QB,14,13-24,Daniel Jones,15.77,16.68000030517578
2025,5,QB,15,13-24,C.J. Stroud,15.62,28.760000228881836
2025,5,QB,16,13-24,Dak Prescott,15.47,28.280000686645508
2025,5,QB,17,13-24,Sam Darnold,15.4,27.639999389648438
2025,5,QB,18,13-24,Spencer Rattler,13.9,16.100000381469727
2025,5,QB,19,13-24,Carson Wentz,13.1,14.739999771118164
2025,5,QB,20,13-24,Trevor Lawrence,12.9,26.239999771118164
2025,5,QB,21,13-24,Geno Smith,12.7,5.920000076293945
2025,5,QB,22,13-24,Bryce Young,11.4,12.020000457763672
2025,5,QB,23,13-24,Cam Ward,11.0,8.0
2025,5,QB,24,13-24,Jake Browning,9.5,19.139999389648438
2025,5,RB,1,1-6,De'Von Achane,25.48,16.600000381469727
2025,5,RB,2,1-6,Jahmyr Gibbs,22.13,16.700000762939453
2025,5,RB,4,1-6,James Cook,20.0,4.900000095367432
2025,5,RB,5,1-6,Kyren Williams,18.7,31.100000381469727
2025,5,RB,6,1-6,Omarion Hampton,18.61,13.0
2025,5,RB,7,7-12,Alvin Kamara,18.61,9.5
2025,5,RB,8,7-12,Jonathan Taylor,18.05,31.600000381469727
2025,5,RB,9,7-12,Saquon Barkley,16.29,17.799999237060547
2025,5,RB,10,7-12,Tony Pollard,16.29,14.800000190734863
2025,5,RB,11,7-12,David Montgomery,14.62,18.219999313354492
2025,5,RB,12,7-12,Breece Hall,13.97,17.5
2025,5,RB,13,13-24,J.K. Dobbins,13.69,15.399999618530273
2025,5,RB,15,13-24,Travis Etienne,13.2,8.800000190734863
2025,5,RB,16,13-24,Javonte Williams,12.4,26.899999618530273
2025,5,RB,17,13-24,Ashton Jeanty,11.9,15.899999618530273
2025,5,RB,18,13-24,Derrick Henry,11.6,9.300000190734863
2025,5,RB,19,13-24,Cam Skattebo,11.3,14.399999618530273
2025,5,RB,20,13-24,Christian McCaffrey,11.2,27.899999618530273
2025,5,RB,22,13-24,Isiah Pacheco,10.9,8.600000381469727
2025,5,RB,23,13-24,Kareem Hunt,10.3,18.700000762939453
2025,5,RB,24,13-24,Nick Chubb,10.0,12.100000381469727
2025,5,RB,25,25-40,Chase Brown,9.7,11.800000190734863
2025,5,RB,26,25-40,Kenneth Walker III,9.6,9.600000381469727
2025,5,RB,27,25-40,Woody Marks,9.2,2.4000000953674316
2025,5,RB,28,25-40,Jordan Mason,9.2,12.600000381469727
2025,5,RB,29,25-40,RJ Harvey,8.7,6.0
2025,5,RB,30,25-40,Justice Hill,8.6,2.200000047683716
2025,5,RB,33,25-40,Rachaad White,7.6,23.100000381469727
2025,5,RB,34,25-40,Rhamondre Stevenson,7.6,14.699999809265137
2025,5,RB,36,25-40,Zach Charbonnet,7.2,11.800000190734863
2025,5,RB,37,25-40,Chris Rodriguez Jr.,7.0,0.699999988079071
2025,5,RB,38,25-40,Jacory Croskey-Merritt,6.7,27.0
2025,5,RB,40,25-40,Kendre Miller,6.0,5.900000095367432
2025,5,WR,1,1-6,Puka Nacua,23.6,24.5
2025,5,WR,2,1-6,Amon-Ra St. Brown,21.7,18.0
2025,5,WR,3,1-6,Garrett Wilson,18.9,19.100000381469727
2025,5,WR,4,1-6,Quentin Johnston,17.9,6.900000095367432
2025,5,WR,6,1-6,Nico Collins,15.8,16.0
2025,5,WR,7,7-12,Davante Adams,15.5,13.800000190734863
2025,5,WR,8,7-12,Courtland Sutton,14.9,17.899999618530273
2025,5,WR,9,7-12,Keenan Allen,14.8,10.800000190734863
2025,5,WR,12,7-12,Chris Olave,13.8,12.899999618530273
2025,5,WR,13,13-24,Marquise Brown,13.7,8.800000190734863
2025,5,WR,14,13-24,Ladd McConkey,13.6,14.899999618530273
2025,5,WR,16,13-24,Michael Pittman,12.8,14.899999618530273
2025,5,WR,17,13-24,Marvin Harrison Jr.,12.7,13.800000190734863
2025,5,WR,18,13-24,Deebo Samuel Sr.,12.3,23.600000381469727
2025,5,WR,20,13-24,Jaylen Waddle,11.6,23.0
2025,5,WR,21,13-24,Jameson Williams,11.6,2.0
2025,5,WR,22,13-24,George Pickens,11.4,13.699999809265137
2025,5,WR,23,13-24,Justin Jefferson,11.4,19.299999237060547
2025,5,WR,24,13-24,Ja'Marr Chase,10.8,29.0
2025,5,WR,26,25-40,Jakobi Meyers,10.7,7.199999809265137
2025,5,WR,27,25-40,Jordan Addison,10.5,15.100000381469727
2025,5,WR,28,25-40,Tre Tucker,10.5,11.100000381469727
2025,5,WR,30,25-40,Chris Godwin Jr.,10.1,5.599999904632568
2025,5,WR,31,25-40,Emeka Egbuka,9.9,31.299999237060547
2025,5,WR,32,25-40,Zay Flowers,9.8,12.199999809265137
2025,5,WR,34,25-40,Jerry Jeudy,9.6,3.5
2025,5,WR,35,25-40,DeVonta Smith,9.5,19.399999618530273
2025,5,WR,36,25-40,Khalil Shakir,9.4,11.0
2025,5,WR,37,25-40,Brian Thomas Jr.,9.4,12.0
2025,5,WR,38,25-40,Elic Ayomanor,9.3,3.799999952316284
2025,5,WR,40,25-40,Jaxon Smith-Njigba,9.1,27.200000762939453
2025,5,WR,41,41-55,A.J. Brown,9.1,9.300000190734863
2025,5,WR,42,41-55,Marvin Mims Jr.,9.0,3.9000000953674316
2025,5,WR,43,41-55,Tyquan Thornton,8.8,12.0
2025,5,WR,44,41-55,Stefon Diggs,8.7,24.600000381469727
2025,5,WR,45,41-55,JuJu Smith-Schuster,8.7,3.700000047683716
2025,5,WR,46,41-55,Calvin Ridley,8.7,18.100000381469727
2025,5,WR,47,41-55,Wan'Dale Robinson,8.3,8.199999809265137
2025,5,WR,48,41-55,Josh Downs,8.3,11.399999618530273
2025,5,WR,49,41-55,Troy Franklin,7.9,8.5
2025,5,WR,50,41-55,Keon Coleman,7.9,10.300000190734863
2025,5,WR,51,41-55,Tee Higgins,7.7,11.199999809265137
2025,5,WR,52,41-55,Tetairoa McMillan,7.2,13.300000190734863
2025,5,WR,53,41-55,Cooper Kupp,7.2,11.899999618530273
2025,5,WR,54,41-55,Rashid Shaheed,7.1,21.399999618530273
2025,5,WR,55,41-55,Christian Kirk,6.9,10.399999618530273
2025,5,TE,1,1-3,Trey McBride,13.8,9.100000381469727
2025,5,TE,2,1-3,Juwan Johnson,12.3,3.700000047683716
2025,5,TE,4,4-6,Travis Kelce,10.2,19.100000381469727
2025,5,TE,5,4-6,Tyler Warren,10.2,14.399999618530273
2025,5,TE,6,4-6,Jake Ferguson,10.0,23.899999618530273
2025,5,TE,7,7-12,Sam LaPorta,9.9,20.200000762939453
2025,5,TE,8,7-12,Dallas Goedert,9.6,10.899999618530273
2025,5,TE,9,7-12,David Njoku,9.4,18.700000762939453
2025,5,TE,10,7-12,Hunter Henry,9.0,6.599999904632568
2025,5,TE,11,7-12,Mark Andrews,9.0,4.199999809265137
2025,5,TE,13,13-20,Brenton Strange,8.5,3.200000047683716
2025,5,TE,14,13-20,Dalton Kincaid,8.3,16.799999237060547
2025,5,TE,15,13-20,Harold Fannin Jr.,7.3,11.300000190734863
2025,5,TE,16,13-20,Zach Ertz,7.2,0.0
2025,5,TE,17,13-20,Dalton Schultz,6.7,11.0
2025,5,TE,18,13-20,Mason Taylor,6.4,17.700000762939453
2025,5,TE,19,13-20,Chig Okonkwo,6.0,8.800000190734863
2025,5,TE,20,13-20,T.J. Hockenson,5.8,9.800000190734863
2025,6,QB,1,1-6,Josh Allen,22.54,15.399999618530273
2025,6,QB,2,1-6,Baker Mayfield,21.58,19.639999389648438
2025,6,QB,3,1-6,Sam Darnold,21.14,20.0
2025,6,QB,4,1-6,Matthew Stafford,20.18,9.34000015258789
2025,6,QB,5,1-6,Drake Maye,20.18,27.239999771118164
2025,6,QB,6,1-6,Jordan Love,19.3,14.960000038146973
2025,6,QB,7,7-12,Patrick Mahomes,19.08,31.479999542236328
2025,6,QB,8,7-12,Dak Prescott,19.0,22.34000015258789
2025,6,QB,9,7-12,Jared Goff,17.97,16.81999969482422
2025,6,QB,10,7-12,Daniel Jones,17.97,22.479999542236328
2025,6,QB,11,7-12,Jalen Hurts,17.02,20.6200008392334
2025,6,QB,12,7-12,Caleb Williams,16.8,19.8799991607666
2025,6,QB,13,13-24,Tua Tagovailoa,16.72,6.599999904632568
2025,6,QB,14,13-24,Trevor Lawrence,16.5,19.219999313354492
2025,6,QB,15,13-24,Justin Fields,16.43,4.900000095367432
2025,6,QB,16,13-24,Bryce Young,15.99,18.459999084472656
2025,6,QB,17,13-24,Jaxson Dart,15.84,23.600000381469727
2025,6,QB,18,13-24,Bo Nix,15.55,13.359999656677246
2025,6,QB,19,13-24,Geno Smith,15.1,8.65999984741211
2025,6,QB,20,13-24,Justin Herbert,14.6,18.760000228881836
2025,6,QB,21,13-24,Spencer Rattler,14.2,11.079999923706055
2025,6,QB,23,13-24,Aaron Rodgers,11.9,17.5
2025,6,QB,24,13-24,Michael Penix Jr.,11.8,14.600000381469727
2025,6,RB,2,1-6,Jahmyr Gibbs,21.48,7.5
2025,6,RB,3,1-6,Jonathan Taylor,21.11,23.700000762939453
2025,6,RB,4,1-6,De'Von Achane,20.84,31.0
2025,6,RB,5,1-6,Josh Jacobs,20.74,32.0
2025,6,RB,6,1-6,Saquon Barkley,17.68,8.699999809265137
2025,6,RB,7,7-12,James Cook,17.68,8.699999809265137
2025,6,RB,8,7-12,Ashton Jeanty,17.49,16.600000381469727
2025,6,RB,9,7-12,Kyren Williams,16.66,16.700000762939453
2025,6,RB,10,7-12,Alvin Kamara,16.57,12.600000381469727
2025,6,RB,11,7-12,Javonte Williams,16.38,8.399999618530273
2025,6,RB,12,7-12,Bijan Robinson,15.45,35.79999923706055
2025,6,RB,13,13-24,David Montgomery,14.8,8.100000381469727
2025,6,RB,15,13-24,Kenneth Walker III,14.71,4.699999809265137
2025,6,RB,16,13-24,Travis Etienne,14.62,9.5
2025,6,RB,17,13-24,D'Andre Swift,13.4,25.5
2025,6,RB,18,13-24,Rico Dowdle,12.8,33.900001525878906
2025,6,RB,19,13-24,Rachaad White,12.4,17.600000381469727
2025,6,RB,20,13-24,J.K. Dobbins,12.4,4.0
2025,6,RB,21,13-24,Zach Charbonnet,12.2,4.699999809265137
2025,6,RB,22,13-24,Rhamondre Stevenson,11.9,1.7999999523162842
2025,6,RB,23,13-24,Christian McCaffrey,11.8,24.100000381469727
2025,6,RB,25,25-40,Tony Pollard,11.0,6.699999809265137
2025,6,RB,26,25-40,Jacory Croskey-Merritt,10.8,5.800000190734863
2025,6,RB,27,25-40,Derrick Henry,10.8,14.0
2025,6,RB,28,25-40,Cam Skattebo,10.6,31.0
2025,6,RB,29,25-40,Jaylen Warren,10.5,8.300000190734863
2025,6,RB,30,25-40,Breece Hall,10.0,5.900000095367432
2025,6,RB,31,25-40,Chase Brown,9.9,8.899999618530273
2025,6,RB,32,25-40,TreVeyon Henderson,8.8,4.599999904632568
2025,6,RB,34,25-40,Kareem Hunt,8.4,4.400000095367432
2025,6,RB,35,25-40,Kenny Gainwell,8.4,9.600000381469727
2025,6,RB,36,25-40,Isiah Pacheco,7.9,6.099999904632568
2025,6,RB,38,25-40,RJ Harvey,7.2,6.5
2025,6,RB,39,25-40,Raheem Mostert,7.1,-0.4000000059604645
2025,6,RB,40,25-40,Justice Hill,7.1,9.399999618530273
2025,6,WR,1,1-6,Puka Nacua,23.2,4.800000190734863
2025,6,WR,2,1-6,Amon-Ra St. Brown,21.3,13.699999809265137
2025,6,WR,3,1-6,Jaxon Smith-Njigba,15.6,30.200000762939453
2025,6,WR,4,1-6,Chris Olave,14.9,15.800000190734863
2025,6,WR,6,1-6,Davante Adams,14.4,7.900000095367432
2025,6,WR,7,7-12,Rome Odunze,14.1,5.199999809265137
2025,6,WR,8,7-12,Michael Pittman,14.1,4.0
2025,6,WR,9,7-12,Stefon Diggs,13.9,5.800000190734863
2025,6,WR,11,7-12,Jaylen Waddle,13.5,15.819999694824219
2025,6,WR,12,7-12,Emeka Egbuka,13.1,4.400000095367432
2025,6,WR,14,13-24,Courtland Sutton,12.6,2.700000047683716
2025,6,WR,15,13-24,Deebo Samuel Sr.,12.5,5.400000095367432
2025,6,WR,16,13-24,Ja'Marr Chase,12.0,25.100000381469727
2025,6,WR,19,13-24,Brian Thomas Jr.,11.6,23.0
2025,6,WR,20,13-24,Romeo Doubs,11.6,10.5
2025,6,WR,21,13-24,Tetairoa McMillan,11.4,17.899999618530273
2025,6,WR,22,13-24,Tre Tucker,11.3,12.0
2025,6,WR,23,13-24,DeVonta Smith,11.2,8.899999618530273
2025,6,WR,24,13-24,Josh Downs,11.0,16.200000762939453
2025,6,WR,25,25-40,Drake London,10.8,31.799999237060547
2025,6,WR,26,25-40,Keenan Allen,10.7,6.699999809265137
2025,6,WR,27,25-40,George Pickens,10.6,31.799999237060547
2025,6,WR,28,25-40,Jakobi Meyers,10.6,7.900000095367432
2025,6,WR,29,25-40,DJ Moore,10.5,8.199999809265137
2025,6,WR,30,25-40,Alec Pierce,10.4,6.800000190734863
2025,6,WR,31,25-40,Ladd McConkey,10.3,23.0
2025,6,WR,32,25-40,Garrett Wilson,10.2,4.300000190734863
2025,6,WR,33,25-40,Rashid Shaheed,10.0,6.800000190734863
2025,6,WR,34,25-40,Khalil Shakir,10.0,6.300000190734863
2025,6,WR,35,25-40,Jameson Williams,9.8,18.600000381469727
2025,6,WR,37,25-40,Marvin Harrison Jr.,9.5,5.199999809265137
2025,6,WR,39,25-40,A.J. Brown,9.5,14.0
2025,6,WR,40,25-40,Cooper Kupp,9.5,12.0
2025,6,WR,41,41-55,Marquise Brown,9.4,20.5
2025,6,WR,43,41-55,Jauan Jennings,8.8,1.7000000476837158
2025,6,WR,44,41-55,Calvin Ridley,8.5,2.799999952316284
2025,6,WR,45,41-55,DK Metcalf,8.5,19.5
2025,6,WR,47,41-55,Kayshon Boutte,8.2,26.299999237060547
2025,6,WR,48,41-55,Tee Higgins,8.0,11.199999809265137
2025,6,WR,49,41-55,Zay Flowers,7.8,8.600000381469727
2025,6,WR,50,41-55,Kendrick Bourne,7.7,19.200000762939453
2025,6,WR,51,41-55,Keon Coleman,7.7,4.099999904632568
2025,6,WR,52,41-55,Olamide Zaccheaus,7.6,4.800000190734863
2025,6,WR,53,41-55,Matthew Golden,7.2,13.199999809265137
2025,6,WR,54,41-55,Elic Ayomanor,7.2,5.699999809265137
2025,6,WR,55,41-55,Xavier Legette,7.0,3.0999999046325684
2025,6,TE,1,1-3,Tucker Kraft,12.5,12.300000190734863
2025,6,TE,2,1-3,Tyler Warren,12.3,18.299999237060547
2025,6,TE,3,1-3,Hunter Henry,12.1,5.699999809265137
2025,6,TE,4,4-6,Juwan Johnson,11.8,1.5
2025,6,TE,6,4-6,Jake Ferguson,11.3,12.300000190734863
2025,6,TE,7,7-12,Sam LaPorta,11.2,16.5
2025,6,TE,8,7-12,Trey McBride,10.0,21.200000762939453
2025,6,TE,9,7-12,Travis Kelce,9.8,13.800000190734863
2025,6,TE,12,7-12,AJ Barner,8.8,10.100000381469727
2025,6,TE,13,13-20,Dallas Goedert,8.7,26.0
2025,6,TE,14,13-20,Darren Waller,7.9,9.199999809265137
2025,6,TE,15,13-20,Cole Kmet,7.8,1.0
2025,6,TE,16,13-20,Kyle Pitts,7.2,4.800000190734863
2025,6,TE,17,13-20,Zach Ertz,7.0,16.299999237060547
2025,6,TE,18,13-20,Mark Andrews,6.9,6.599999904632568
2025,6,TE,19,13-20,Tyler Higbee,6.8,14.0
2025,6,TE,20,13-20,Austin Hooper,6.4,1.5
2025,7,QB,1,1-6,Jayden Daniels,24.75,17.739999771118164
2025,7,QB,2,1-6,Baker Mayfield,21.14,11.119999885559082
2025,7,QB,3,1-6,Dak Prescott,20.84,23.260000228881836
2025,7,QB,4,1-6,Matthew Stafford,20.11,27.3799991607666
2025,7,QB,5,1-6,Caleb Williams,19.81,4.679999828338623
2025,7,QB,6,1-6,Drake Maye,19.45,23.079999923706055
2025,7,QB,7,7-12,Patrick Mahomes,19.3,26.239999771118164
2025,7,QB,8,7-12,Daniel Jones,18.64,22.219999313354492
2025,7,QB,9,7-12,Aaron Rodgers,18.27,22.559999465942383
2025,7,QB,10,7-12,Jared Goff,17.83,10.34000015258789
2025,7,QB,11,7-12,Jordan Love,17.31,13.359999656677246
2025,7,QB,12,7-12,C.J. Stroud,17.02,13.65999984741211
2025,7,QB,13,13-24,Justin Fields,16.94,4.039999961853027
2025,7,QB,14,13-24,Carson Wentz,16.65,11.319999694824219
2025,7,QB,15,13-24,Jalen Hurts,16.21,24.040000915527344
2025,7,QB,16,13-24,Justin Herbert,15.91,27.899999618530273
2025,7,QB,17,13-24,Bo Nix,15.77,39.959999084472656
2025,7,QB,18,13-24,Sam Darnold,15.47,8.619999885559082
2025,7,QB,19,13-24,Michael Penix Jr.,13.9,12.239999771118164
2025,7,QB,20,13-24,Mac Jones,13.9,5.179999828338623
2025,7,QB,21,13-24,Trevor Lawrence,12.9,17.639999389648438
2025,7,QB,22,13-24,Jaxson Dart,12.7,28.420000076293945
2025,7,QB,23,13-24,Geno Smith,11.9,2.7799999713897705
2025,7,QB,24,13-24,Bryce Young,11.4,10.520000457763672
2025,7,RB,1,1-6,Jonathan Taylor,21.3,34.20000076293945
2025,7,RB,2,1-6,Bijan Robinson,20.84,21.200000762939453
2025,7,RB,3,1-6,Josh Jacobs,20.28,18.799999237060547
2025,7,RB,4,1-6,Kyren Williams,19.07,8.5
2025,7,RB,6,1-6,D'Andre Swift,17.4,20.799999237060547
2025,7,RB,7,7-12,Jahmyr Gibbs,17.03,36.79999923706055
2025,7,RB,8,7-12,De'Von Achane,16.94,12.800000190734863
2025,7,RB,9,7-12,Javonte Williams,16.01,18.799999237060547
2025,7,RB,10,7-12,Jaylen Warren,14.52,19.799999237060547
2025,7,RB,11,7-12,Ashton Jeanty,13.88,4.400000095367432
2025,7,RB,12,7-12,Christian McCaffrey,13.5,39.099998474121094
2025,7,RB,13,13-24,Saquon Barkley,12.8,5.199999809265137
2025,7,RB,14,13-24,Jacory Croskey-Merritt,12.5,4.199999809265137
2025,7,RB,15,13-24,Jordan Mason,12.5,11.699999809265137
2025,7,RB,16,13-24,Alvin Kamara,12.2,5.900000095367432
2025,7,RB,17,13-24,J.K. Dobbins,12.2,9.0
2025,7,RB,18,13-24,Rachaad White,12.2,8.399999618530273
2025,7,RB,19,13-24,Rico Dowdle,12.0,10.600000381469727
2025,7,RB,20,13-24,Kenny Gainwell,12.0,3.5
2025,7,RB,21,13-24,David Montgomery,11.9,5.900000095367432
2025,7,RB,22,13-24,Breece Hall,11.2,7.199999809265137
2025,7,RB,24,13-24,Tony Pollard,10.8,12.100000381469727
2025,7,RB,25,25-40,Cam Skattebo,10.8,18.399999618530273
2025,7,RB,26,25-40,Rhamondre Stevenson,10.5,16.799999237060547
2025,7,RB,27,25-40,Nick Chubb,10.5,2.0999999046325684
2025,7,RB,28,25-40,Chase Brown,10.0,12.0
2025,7,RB,29,25-40,Travis Etienne,9.8,6.5
2025,7,RB,30,25-40,Chuba Hubbard,9.6,7.5
2025,7,RB,32,25-40,Woody Marks,9.2,12.5
2025,7,RB,35,25-40,Kenneth Walker III,8.8,6.599999904632568
2025,7,RB,36,25-40,Isiah Pacheco,8.5,12.399999618530273
2025,7,RB,37,25-40,TreVeyon Henderson,8.1,0.5
2025,7,RB,38,25-40,Kareem Hunt,7.8,1.7999999523162842
2025,7,RB,39,25-40,Tyler Allgeier,7.8,1.600000023841858
2025,7,RB,40,25-40,RJ Harvey,7.5,7.199999809265137
2025,7,WR,2,1-6,Ja'Marr Chase,18.8,38.099998474121094
2025,7,WR,3,1-6,Amon-Ra St. Brown,18.2,20.600000381469727
2025,7,WR,4,1-6,Justin Jefferson,17.9,12.899999618530273
2025,7,WR,5,1-6,CeeDee Lamb,17.8,22.0
2025,7,WR,6,1-6,Nico Collins,15.0,6.699999809265137
2025,7,WR,7,7-12,Rome Odunze,14.8,5.099999904632568
2025,7,WR,8,7-12,George Pickens,14.8,12.199999809265137
2025,7,WR,9,7-12,Davante Adams,14.7,26.5
2025,7,WR,10,7-12,Michael Pittman,14.4,20.799999237060547
2025,7,WR,11,7-12,Drake London,14.4,8.199999809265137
2025,7,WR,12,7-12,Jordan Addison,14.1,21.799999237060547
2025,7,WR,14,13-24,DK Metcalf,13.8,8.0
2025,7,WR,16,13-24,Mike Evans,12.4,0.0
2025,7,WR,17,13-24,DJ Moore,11.9,8.199999809265137
2025,7,WR,18,13-24,Quentin Johnston,11.8,11.0
2025,7,WR,19,13-24,Stefon Diggs,11.7,13.899999618530273
2025,7,WR,20,13-24,Emeka Egbuka,11.6,9.800000190734863
2025,7,WR,21,13-24,Jaxon Smith-Njigba,11.5,26.299999237060547
2025,7,WR,22,13-24,Ladd McConkey,11.5,15.699999809265137
2025,7,WR,24,13-24,Tee Higgins,11.1,21.600000381469727
2025,7,WR,25,25-40,Chris Olave,11.0,26.799999237060547
2025,7,WR,26,25-40,Jameson Williams,10.8,0.0
2025,7,WR,28,25-40,Romeo Doubs,10.7,13.199999809265137
2025,7,WR,30,25-40,Marvin Harrison Jr.,10.5,7.800000190734863
2025,7,WR,31,25-40,Marquise Brown,10.4,9.399999618530273
2025,7,WR,32,25-40,Kendrick Bourne,10.2,3.4000000953674316
2025,7,WR,33,25-40,Courtland Sutton,10.2,16.700000762939453
2025,7,WR,34,25-40,Alec Pierce,9.9,14.800000190734863
2025,7,WR,35,25-40,Kayshon Boutte,9.6,13.5
2025,7,WR,36,25-40,Tre Tucker,9.6,8.300000190734863
2025,7,WR,37,25-40,Keenan Allen,9.5,28.899999618530273
2025,7,WR,38,25-40,Brian Thomas Jr.,9.4,6.099999904632568
2025,7,WR,39,25-40,DeVonta Smith,9.3,33.29999923706055
2025,7,WR,41,41-55,Jaylen Waddle,8.5,2.5
2025,7,WR,43,41-55,KaVontae Turpin,8.3,2.700000047683716
2025,7,WR,44,41-55,Jauan Jennings,8.3,7.099999904632568
2025,7,WR,45,41-55,Olamide Zaccheaus,8.2,2.9000000953674316
2025,7,WR,46,41-55,A.J. Brown,8.2,28.100000381469727
2025,7,WR,48,41-55,Matthew Golden,7.9,7.699999809265137
2025,7,WR,51,41-55,Darnell Mooney,7.3,9.800000190734863
2025,7,WR,52,41-55,Rashid Shaheed,7.3,8.0
2025,7,WR,53,41-55,Tetairoa McMillan,7.2,6.300000190734863
2025,7,WR,54,41-55,Jalen Nailor,7.2,5.699999809265137
2025,7,TE,1,1-3,Jake Ferguson,12.7,21.899999618530273
2025,7,TE,2,1-3,Tyler Warren,12.4,16.899999618530273
2025,7,TE,3,1-3,Sam LaPorta,12.2,4.5
2025,7,TE,4,4-6,Dallas Goedert,12.1,4.800000190734863
2025,7,TE,5,4-6,Trey McBride,11.1,29.399999618530273
2025,7,TE,6,4-6,Tucker Kraft,10.7,16.799999237060547
2025,7,TE,7,7-12,Travis Kelce,9.9,8.399999618530273
2025,7,TE,8,7-12,Hunter Henry,9.7,7.300000190734863
2025,7,TE,9,7-12,Jonnu Smith,9.2,11.800000190734863
2025,7,TE,10,7-12,Tyler Higbee,9.1,4.900000095367432
2025,7,TE,11,7-12,T.J. Hockenson,9.1,10.300000190734863
2025,7,TE,12,7-12,Zach Ertz,8.8,12.699999809265137
2025,7,TE,13,13-20,Juwan Johnson,8.4,12.899999618530273
2025,7,TE,15,13-20,Kyle Pitts,8.0,13.199999809265137
2025,7,TE,16,13-20,Cole Kmet,7.0,2.5999999046325684
2025,7,TE,17,13-20,AJ Barner,7.0,1.899999976158142
2025,7,TE,19,13-20,Cade Otton,6.5,13.5
2025,7,TE,20,13-20,Dalton Schultz,6.4,18.799999237060547
2025,8,QB,1,1-6,Bo Nix,23.49,23.780000686645508
2025,8,QB,2,1-6,Patrick Mahomes,22.46,22.959999084472656
2025,8,QB,3,1-6,Daniel Jones,21.36,23.18000030517578
2025,8,QB,4,1-6,Baker Mayfield,21.07,4.079999923706055
2025,8,QB,5,1-6,Jalen Hurts,20.99,25.360000610351562
2025,8,QB,6,1-6,Josh Allen,19.96,23.219999313354492
2025,8,QB,8,7-12,Jaxson Dart,18.05,19.420000076293945
2025,8,QB,9,7-12,Justin Fields,17.9,20.860000610351562
2025,8,QB,10,7-12,Caleb Williams,16.8,11.800000190734863
2025,8,QB,11,7-12,Dak Prescott,16.58,6.619999885559082
2025,8,QB,12,7-12,Aaron Rodgers,16.36,16.760000228881836
2025,8,QB,13,13-24,Drake Maye,16.28,26.280000686645508
2025,8,QB,14,13-24,Carson Wentz,16.06,7.760000228881836
2025,8,QB,15,13-24,Justin Herbert,15.62,25.280000686645508
2025,8,QB,16,13-24,C.J. Stroud,15.47,21.719999313354492
2025,8,QB,17,13-24,Tua Tagovailoa,14.8,24.200000762939453
2025,8,QB,18,13-24,Jordan Love,14.8,28.299999237060547
2025,8,QB,19,13-24,Joe Flacco,14.3,24.31999969482422
2025,8,QB,20,13-24,Spencer Rattler,12.9,2.640000104904175
2025,8,QB,23,13-24,Mac Jones,9.6,18.020000457763672
2025,8,RB,1,1-6,Jonathan Taylor,28.63,37.400001525878906
2025,8,RB,3,1-6,De'Von Achane,20.09,20.100000381469727
2025,8,RB,4,1-6,James Cook,18.14,33.599998474121094
2025,8,RB,5,1-6,Saquon Barkley,17.4,33.400001525878906
2025,8,RB,6,1-6,D'Andre Swift,16.01,15.100000381469727
2025,8,RB,7,7-12,Josh Jacobs,15.45,13.5
2025,8,RB,8,7-12,Bijan Robinson,15.36,5.800000190734863
2025,8,RB,9,7-12,Jaylen Warren,15.08,9.300000190734863
2025,8,RB,10,7-12,Rachaad White,14.71,8.100000381469727
2025,8,RB,11,7-12,J.K. Dobbins,13.97,14.100000381469727
2025,8,RB,12,7-12,Cam Skattebo,13.88,10.0
2025,8,RB,13,13-24,Alvin Kamara,13.5,6.5
2025,8,RB,14,13-24,Jordan Mason,13.3,1.600000023841858
2025,8,RB,15,13-24,Christian McCaffrey,13.2,9.800000190734863
2025,8,RB,16,13-24,Derrick Henry,12.9,19.100000381469727
2025,8,RB,17,13-24,Rico Dowdle,12.5,5.400000095367432
2025,8,RB,18,13-24,Javonte Williams,11.8,17.899999618530273
2025,8,RB,19,13-24,Chase Brown,11.6,25.5
2025,8,RB,20,13-24,Isiah Pacheco,10.8,5.800000190734863
2025,8,RB,21,13-24,Breece Hall,10.8,32.86000061035156
2025,8,RB,22,13-24,Tony Pollard,10.4,6.300000190734863
2025,8,RB,23,13-24,Woody Marks,9.5,15.100000381469727
2025,8,RB,24,13-24,Kenny Gainwell,9.3,3.5
2025,8,RB,25,25-40,Chuba Hubbard,9.1,9.399999618530273
2025,8,RB,27,25-40,Aaron Jones,9.0,5.0
2025,8,RB,28,25-40,Rhamondre Stevenson,8.5,5.900000095367432
2025,8,RB,29,25-40,RJ Harvey,8.5,24.100000381469727
2025,8,RB,30,25-40,Justice Hill,8.4,0.20000000298023224
2025,8,RB,31,25-40,Nick Chubb,8.4,8.899999618530273
2025,8,RB,32,25-40,Jacory Croskey-Merritt,8.0,2.5
2025,8,RB,33,25-40,Kareem Hunt,8.0,17.200000762939453
2025,8,RB,34,25-40,Kyle Monangai,6.9,2.4000000953674316
2025,8,RB,36,25-40,Tyrone Tracy Jr.,5.5,7.300000190734863
2025,8,RB,37,25-40,Brashard Smith,5.4,0.800000011920929
2025,8,RB,38,25-40,Chris Rodriguez Jr.,5.0,0.20000000298023224
2025,8,RB,39,25-40,Tyjae Spears,4.9,17.200000762939453
2025,8,RB,40,25-40,Zavier Scott,4.8,4.400000095367432
2025,8,WR,1,1-6,Ja'Marr Chase,20.7,21.100000381469727
2025,8,WR,2,1-6,Justin Jefferson,16.2,14.399999618530273
2025,8,WR,3,1-6,Courtland Sutton,16.0,10.699999809265137
2025,8,WR,4,1-6,Michael Pittman,15.9,23.5
2025,8,WR,5,1-6,Jordan Addison,15.9,11.600000381469727
2025,8,WR,6,1-6,DeVonta Smith,15.0,14.399999618530273
2025,8,WR,7,7-12,Chris Olave,14.1,14.0
2025,8,WR,8,7-12,Alec Pierce,13.6,8.899999618530273
2025,8,WR,9,7-12,CeeDee Lamb,13.2,14.600000381469727
2025,8,WR,12,7-12,Josh Downs,12.6,12.899999618530273
2025,8,WR,13,13-24,Marquise Brown,12.3,0.0
2025,8,WR,15,13-24,Tee Higgins,11.8,11.399999618530273
2025,8,WR,17,13-24,Rome Odunze,11.5,18.399999618530273
2025,8,WR,18,13-24,Ladd McConkey,11.3,20.799999237060547
2025,8,WR,19,13-24,Keenan Allen,11.1,8.399999618530273
2025,8,WR,22,13-24,DK Metcalf,11.0,16.5
2025,8,WR,24,13-24,Emeka Egbuka,10.8,6.5
2025,8,WR,25,25-40,George Pickens,10.7,14.800000190734863
2025,8,WR,27,25-40,DJ Moore,10.5,11.600000381469727
2025,8,WR,29,25-40,Jaylen Waddle,10.0,20.899999618530273
2025,8,WR,30,25-40,Stefon Diggs,9.9,10.399999618530273
2025,8,WR,31,25-40,Romeo Doubs,9.7,9.399999618530273
2025,8,WR,32,25-40,Deebo Samuel Sr.,9.3,4.199999809265137
2025,8,WR,33,25-40,Zay Flowers,8.6,14.100000381469727
2025,8,WR,35,25-40,Kayshon Boutte,8.6,16.5
2025,8,WR,36,25-40,Troy Franklin,8.4,26.899999618530273
2025,8,WR,37,25-40,JuJu Smith-Schuster,8.1,4.900000095367432
2025,8,WR,38,25-40,Xavier Worthy,8.0,10.300000190734863
2025,8,WR,39,25-40,Tetairoa McMillan,8.0,16.899999618530273
2025,8,WR,40,25-40,Terry McLaurin,7.6,14.399999618530273
2025,8,WR,41,41-55,Khalil Shakir,7.5,20.799999237060547
2025,8,WR,42,41-55,Xavier Legette,7.4,3.700000047683716
2025,8,WR,44,41-55,Olamide Zaccheaus,7.2,10.300000190734863
2025,8,WR,45,41-55,Kendrick Bourne,7.2,7.400000095367432
2025,8,WR,46,41-55,Wan'Dale Robinson,7.1,7.800000190734863
2025,8,WR,48,41-55,Jalen Nailor,6.9,0.0
2025,8,WR,49,41-55,Jauan Jennings,6.7,8.5
2025,8,WR,50,41-55,Marvin Mims Jr.,6.5,1.7999999523162842
2025,8,WR,51,41-55,Calvin Austin III,6.4,6.800000190734863
2025,8,WR,52,41-55,Andrei Iosivas,6.2,0.0
2025,8,WR,53,41-55,Darnell Mooney,6.2,2.0999999046325684
2025,8,WR,54,41-55,Matthew Golden,6.2,3.4000000953674316
2025,8,WR,55,41-55,Adam Thielen,6.2,0.0
2025,8,TE,1,1-3,Tyler Warren,15.8,9.300000190734863
2025,8,TE,2,1-3,Travis Kelce,12.5,21.899999618530273
2025,8,TE,3,1-3,Dallas Goedert,11.9,17.799999237060547
2025,8,TE,4,4-6,Jake Ferguson,10.7,0.0
2025,8,TE,5,4-6,T.J. Hockenson,9.0,4.599999904632568
2025,8,TE,6,4-6,Tucker Kraft,8.7,33.29999923706055
2025,8,TE,7,7-12,Dalton Kincaid,8.7,3.299999952316284
2025,8,TE,8,7-12,Juwan Johnson,8.6,10.300000190734863
2025,8,TE,9,7-12,Cade Otton,8.5,8.0
2025,8,TE,10,7-12,Kyle Pitts,8.4,14.899999618530273
2025,8,TE,11,7-12,Jonnu Smith,8.4,3.700000047683716
2025,8,TE,12,7-12,Evan Engram,8.1,7.599999904632568
2025,8,TE,13,13-20,Oronde Gadsden II,7.9,18.700000762939453
2025,8,TE,14,13-20,Dalton Schultz,7.7,4.400000095367432
2025,8,TE,15,13-20,Noah Fant,7.7,7.099999904632568
2025,8,TE,16,13-20,Mark Andrews,7.7,6.400000095367432
2025,8,TE,17,13-20,Hunter Henry,7.6,7.699999809265137
2025,8,TE,18,13-20,Pat Freiermuth,7.2,4.300000190734863
2025,9,QB,1,1-6,Justin Herbert,22.02,27.700000762939453
2025,9,QB,2,1-6,Josh Allen,21.51,28.81999969482422
2025,9,QB,3,1-6,Matthew Stafford,20.26,26.84000015258789
2025,9,QB,4,1-6,Drake Maye,19.37,16.360000610351562
2025,9,QB,5,1-6,Patrick Mahomes,18.93,10.5
2025,9,QB,6,1-6,Sam Darnold,18.56,27.200000762939453
2025,9,QB,7,7-12,Jaxson Dart,18.56,27.239999771118164
2025,9,QB,8,7-12,Dak Prescott,18.27,15.399999618530273
2025,9,QB,9,7-12,Daniel Jones,17.46,14.079999923706055
2025,9,QB,11,7-12,Tua Tagovailoa,16.94,8.539999961853027
2025,9,QB,12,7-12,Caleb Williams,16.43,38.70000076293945
2025,9,QB,13,13-24,Jordan Love,16.43,9.020000457763672
2025,9,QB,14,13-24,Jacoby Brissett,16.13,24.84000015258789
2025,9,QB,15,13-24,Bo Nix,15.69,18.520000457763672
2025,9,QB,16,13-24,Jared Goff,15.1,19.360000610351562
2025,9,QB,17,13-24,Aaron Rodgers,14.5,12.119999885559082
2025,9,QB,18,13-24,Mac Jones,14.4,15.800000190734863
2025,9,QB,19,13-24,Geno Smith,14.0,26.260000228881836
2025,9,QB,22,13-24,Joe Flacco,13.8,30.700000762939453
2025,9,QB,23,13-24,Trevor Lawrence,13.7,21.200000762939453
2025,9,QB,24,13-24,C.J. Stroud,13.0,4.360000133514404
2025,9,RB,1,1-6,De'Von Achane,19.35,16.600000381469727
2025,9,RB,2,1-6,Jonathan Taylor,19.16,7.699999809265137
2025,9,RB,3,1-6,Kyren Williams,18.52,17.399999618530273
2025,9,RB,4,1-6,Josh Jacobs,18.05,20.0
2025,9,RB,5,1-6,Christian McCaffrey,17.49,34.29999923706055
2025,9,RB,6,1-6,James Cook,17.31,13.5
2025,9,RB,8,7-12,Jahmyr Gibbs,16.75,5.800000190734863
2025,9,RB,9,7-12,Javonte Williams,15.36,7.300000190734863
2025,9,RB,10,7-12,Ashton Jeanty,15.27,19.899999618530273
2025,9,RB,13,13-24,Bijan Robinson,14.34,17.600000381469727
2025,9,RB,14,13-24,Zach Charbonnet,13.5,5.599999904632568
2025,9,RB,15,13-24,Kenneth Walker III,13.0,8.100000381469727
2025,9,RB,16,13-24,Rico Dowdle,12.9,28.100000381469727
2025,9,RB,17,13-24,Chase Brown,12.4,19.200000762939453
2025,9,RB,18,13-24,Jordan Mason,11.7,4.699999809265137
2025,9,RB,19,13-24,Jaylen Warren,11.5,16.899999618530273
2025,9,RB,20,13-24,Derrick Henry,11.3,13.100000381469727
2025,9,RB,22,13-24,Tony Pollard,10.8,7.800000190734863
2025,9,RB,23,13-24,Kimani Vidal,10.7,3.0
2025,9,RB,24,13-24,Alvin Kamara,9.9,0.699999988079071
2025,9,RB,25,25-40,Travis Etienne,9.7,16.5
2025,9,RB,26,25-40,David Montgomery,9.3,11.0
2025,9,RB,27,25-40,J.K. Dobbins,9.2,6.900000095367432
2025,9,RB,30,25-40,Jacory Croskey-Merritt,8.7,5.099999904632568
2025,9,RB,31,25-40,Woody Marks,8.5,2.700000047683716
2025,9,RB,32,25-40,Tyjae Spears,8.4,9.199999809265137
2025,9,RB,33,25-40,Chuba Hubbard,8.4,1.7000000476837158
2025,9,RB,35,25-40,Kareem Hunt,7.4,12.5
2025,9,RB,36,25-40,Kyle Monangai,7.3,22.799999237060547
2025,9,RB,38,25-40,Kenny Gainwell,7.2,7.400000095367432
2025,9,RB,39,25-40,Aaron Jones,7.1,11.800000190734863
2025,9,RB,40,25-40,Nick Chubb,6.4,3.4000000953674316
2025,9,WR,1,1-6,Puka Nacua,20.1,22.799999237060547
2025,9,WR,2,1-6,Ja'Marr Chase,17.4,17.100000381469727
2025,9,WR,3,1-6,Rashee Rice,16.8,18.600000381469727
2025,9,WR,4,1-6,Amon-Ra St. Brown,16.4,18.700000762939453
2025,9,WR,5,1-6,Ladd McConkey,15.7,9.600000381469727
2025,9,WR,6,1-6,CeeDee Lamb,15.6,15.5
2025,9,WR,7,7-12,Jaxon Smith-Njigba,15.4,22.0
2025,9,WR,8,7-12,Quentin Johnston,15.2,15.300000190734863
2025,9,WR,9,7-12,Justin Jefferson,15.2,16.700000762939453
2025,9,WR,10,7-12,Davante Adams,14.6,23.0
2025,9,WR,11,7-12,Drake London,14.0,38.79999923706055
2025,9,WR,12,7-12,Jordan Addison,13.8,8.399999618530273
2025,9,WR,13,13-24,George Pickens,13.4,13.899999618530273
2025,9,WR,14,13-24,Keenan Allen,13.4,6.099999904632568
2025,9,WR,16,13-24,Rome Odunze,12.2,0.0
2025,9,WR,17,13-24,Jaylen Waddle,12.0,14.199999809265137
2025,9,WR,18,13-24,Marvin Harrison Jr.,11.4,22.600000381469727
2025,9,WR,19,13-24,Chris Olave,11.4,8.699999809265137
2025,9,WR,20,13-24,Michael Pittman,11.3,20.5
2025,9,WR,22,13-24,Tre Tucker,10.6,6.800000190734863
2025,9,WR,24,13-24,DJ Moore,10.1,22.979999542236328
2025,9,WR,25,25-40,Khalil Shakir,10.0,11.300000190734863
2025,9,WR,26,25-40,Alec Pierce,10.0,17.5
2025,9,WR,27,25-40,Josh Downs,10.0,17.700000762939453
2025,9,WR,28,25-40,Rashid Shaheed,9.9,11.800000190734863
2025,9,WR,29,25-40,Tee Higgins,9.9,33.099998474121094
2025,9,WR,30,25-40,Zay Flowers,9.7,11.399999618530273
2025,9,WR,31,25-40,Kayshon Boutte,9.7,0.0
2025,9,WR,32,25-40,Stefon Diggs,9.7,12.800000190734863
2025,9,WR,33,25-40,Brian Thomas Jr.,9.2,8.5
2025,9,WR,34,25-40,DK Metcalf,9.2,2.5999999046325684
2025,9,WR,36,25-40,Kendrick Bourne,8.9,5.400000095367432
2025,9,WR,37,25-40,Nico Collins,8.5,14.5
2025,9,WR,38,25-40,Jauan Jennings,8.4,14.100000381469727
2025,9,WR,39,25-40,Wan'Dale Robinson,8.4,13.600000381469727
2025,9,WR,40,25-40,Romeo Doubs,8.1,16.100000381469727
2025,9,WR,42,41-55,Deebo Samuel Sr.,8.0,9.399999618530273
2025,9,WR,43,41-55,Jakobi Meyers,7.9,6.300000190734863
2025,9,WR,44,41-55,Jameson Williams,7.9,16.600000381469727
2025,9,WR,45,41-55,Courtland Sutton,7.8,10.0
2025,9,WR,47,41-55,Olamide Zaccheaus,7.6,17.799999237060547
2025,9,WR,48,41-55,Keon Coleman,6.9,3.700000047683716
2025,9,WR,49,41-55,Darnell Mooney,6.8,2.5
2025,9,WR,50,41-55,Xavier Worthy,6.7,6.0
2025,9,WR,51,41-55,Christian Watson,6.5,7.800000190734863
2025,9,WR,52,41-55,Tetairoa McMillan,6.4,8.600000381469727
2025,9,WR,53,41-55,Mack Hollins,6.3,2.9000000953674316
2025,9,WR,54,41-55,Elic Ayomanor,6.3,7.599999904632568
2025,9,TE,1,1-3,Trey McBride,13.4,16.5
2025,9,TE,2,1-3,Tucker Kraft,13.3,4.0
2025,9,TE,3,1-3,Oronde Gadsden II,12.2,11.800000190734863
2025,9,TE,4,4-6,Tyler Warren,11.1,7.599999904632568
2025,9,TE,5,4-6,Kyle Pitts,10.7,7.800000190734863
2025,9,TE,6,4-6,Jake Ferguson,10.3,8.0
2025,9,TE,7,7-12,Brock Bowers,9.9,43.29999923706055
2025,9,TE,8,7-12,Sam LaPorta,9.5,21.700000762939453
2025,9,TE,9,7-12,Tyler Higbee,8.7,10.300000190734863
2025,9,TE,10,7-12,George Kittle,8.6,6.900000095367432
2025,9,TE,11,7-12,Travis Kelce,8.6,12.600000381469727
2025,9,TE,12,7-12,T.J. Hockenson,8.4,9.100000381469727
2025,9,TE,13,13-20,Hunter Henry,7.9,9.100000381469727
2025,9,TE,14,13-20,AJ Barner,7.9,11.5
2025,9,TE,15,13-20,Dalton Kincaid,7.5,22.100000381469727
2025,9,TE,16,13-20,Mark Andrews,7.4,16.600000381469727
2025,9,TE,17,13-20,Noah Fant,6.6,10.800000190734863
2025,9,TE,20,13-20,Jonnu Smith,6.5,5.5
2025,10,QB,1,1-6,Matthew Stafford,20.62,26.899999618530273
2025,10,QB,2,1-6,Daniel Jones,19.37,15.5
2025,10,QB,3,1-6,Jalen Hurts,19.23,12.020000457763672
2025,10,QB,4,1-6,Jared Goff,19.08,24.799999237060547
2025,10,QB,5,1-6,Josh Allen,18.78,19.34000015258789
2025,10,QB,7,7-12,Justin Herbert,18.2,14.699999809265137
2025,10,QB,8,7-12,Sam Darnold,18.2,4.920000076293945
2025,10,QB,9,7-12,Caleb Williams,17.97,25.100000381469727
2025,10,QB,10,7-12,Jaxson Dart,17.31,26.280000686645508
2025,10,QB,11,7-12,Drake Maye,17.16,18.100000381469727
2025,10,QB,12,7-12,Jordan Love,17.16,7.840000152587891
2025,10,QB,13,13-24,Bo Nix,17.09,5.800000190734863
2025,10,QB,14,13-24,Jacoby Brissett,15.47,19.420000076293945
2025,10,QB,15,13-24,Baker Mayfield,14.6,22.920000076293945
2025,10,QB,16,13-24,Trevor Lawrence,13.8,9.819999694824219
2025,10,QB,17,13-24,Justin Fields,13.7,6.960000038146973
2025,10,QB,18,13-24,Aaron Rodgers,13.4,6.440000057220459
2025,10,QB,19,13-24,Tua Tagovailoa,12.1,10.819999694824219
2025,10,QB,20,13-24,Mac Jones,11.8,23.059999465942383
2025,10,QB,21,13-24,Dillon Gabriel,9.5,20.079999923706055
2025,10,QB,22,13-24,Tyler Shough,9.3,18.979999542236328
2025,10,QB,23,13-24,Geno Smith,9.0,4.420000076293945
2025,10,RB,1,1-6,Jahmyr Gibbs,21.48,38.20000076293945
2025,10,RB,2,1-6,Jonathan Taylor,20.56,49.599998474121094
2025,10,RB,3,1-6,Rico Dowdle,20.09,15.300000190734863
2025,10,RB,4,1-6,Saquon Barkley,19.16,13.100000381469727
2025,10,RB,5,1-6,Josh Jacobs,18.61,19.700000762939453
2025,10,RB,6,1-6,Kyren Williams,18.61,22.399999618530273
2025,10,RB,7,7-12,D'Andre Swift,16.84,14.800000190734863
2025,10,RB,8,7-12,De'Von Achane,16.2,40.5
2025,10,RB,9,7-12,David Montgomery,15.45,10.100000381469727
2025,10,RB,10,7-12,Bijan Robinson,15.36,10.800000190734863
2025,10,RB,11,7-12,James Cook,14.25,10.699999809265137
2025,10,RB,13,13-24,Christian McCaffrey,13.3,17.600000381469727
2025,10,RB,15,13-24,Derrick Henry,12.0,11.399999618530273
2025,10,RB,16,13-24,Jaylen Warren,11.8,11.100000381469727
2025,10,RB,17,13-24,Kenneth Walker III,11.5,8.0
2025,10,RB,18,13-24,Kyle Monangai,11.2,8.800000190734863
2025,10,RB,19,13-24,Ashton Jeanty,10.9,15.300000190734863
2025,10,RB,20,13-24,Zach Charbonnet,10.7,14.300000190734863
2025,10,RB,21,13-24,Woody Marks,10.4,16.100000381469727
2025,10,RB,22,13-24,Travis Etienne,10.3,15.699999809265137
2025,10,RB,23,13-24,J.K. Dobbins,10.1,9.399999618530273
2025,10,RB,24,13-24,Chuba Hubbard,10.1,2.5
2025,10,RB,26,25-40,Breece Hall,9.8,19.5
2025,10,RB,27,25-40,Jordan Mason,9.5,4.099999904632568
2025,10,RB,28,25-40,Aaron Jones,9.3,15.899999618530273
2025,10,RB,30,25-40,RJ Harvey,8.9,3.799999952316284
2025,10,RB,31,25-40,Rachaad White,8.5,10.399999618530273
2025,10,RB,32,25-40,Alvin Kamara,8.2,14.5
2025,10,RB,33,25-40,Jacory Croskey-Merritt,8.1,3.0
2025,10,RB,34,25-40,Nick Chubb,8.1,6.199999809265137
2025,10,RB,36,25-40,Kenny Gainwell,7.5,2.4000000953674316
2025,10,RB,38,25-40,Justice Hill,6.5,8.300000190734863
2025,10,RB,39,25-40,Emanuel Wilson,6.0,1.399999976158142
2025,10,RB,40,25-40,Michael Carter,5.9,0.4000000059604645
2025,10,WR,1,1-6,Amon-Ra St. Brown,22.7,16.799999237060547
2025,10,WR,2,1-6,Puka Nacua,18.8,17.399999618530273
2025,10,WR,3,1-6,Michael Pittman,18.2,3.9000000953674316
2025,10,WR,4,1-6,Drake London,16.8,24.399999618530273
2025,10,WR,5,1-6,Justin Jefferson,16.2,7.699999809265137
2025,10,WR,6,1-6,A.J. Brown,14.1,3.299999952316284
2025,10,WR,7,7-12,DeVonta Smith,13.3,16.899999618530273
2025,10,WR,8,7-12,Jaxon Smith-Njigba,13.1,20.299999237060547
2025,10,WR,9,7-12,Josh Downs,13.1,1.2999999523162842
2025,10,WR,10,7-12,Davante Adams,13.0,19.700000762939453
2025,10,WR,11,7-12,Jordan Addison,12.9,6.5
2025,10,WR,12,7-12,Zay Flowers,12.9,12.100000381469727
2025,10,WR,13,13-24,Romeo Doubs,12.5,1.5
2025,10,WR,14,13-24,Nico Collins,11.8,22.600000381469727
2025,10,WR,15,13-24,Jameson Williams,11.6,23.899999618530273
2025,10,WR,16,13-24,Marvin Harrison Jr.,11.4,14.300000190734863
2025,10,WR,17,13-24,Alec Pierce,11.4,18.399999618530273
2025,10,WR,18,13-24,Quentin Johnston,10.5,9.199999809265137
2025,10,WR,19,13-24,DJ Moore,10.3,0.0
2025,10,WR,20,13-24,Ladd McConkey,10.3,20.700000762939453
2025,10,WR,21,13-24,Rome Odunze,10.0,20.600000381469727
2025,10,WR,24,13-24,Tetairoa McMillan,9.4,11.0
2025,10,WR,25,25-40,Olamide Zaccheaus,9.0,1.5
2025,10,WR,26,25-40,Jaylen Waddle,8.9,19.399999618530273
2025,10,WR,28,25-40,Stefon Diggs,8.9,15.600000381469727
2025,10,WR,29,25-40,Christian Watson,8.9,6.5
2025,10,WR,30,25-40,Courtland Sutton,8.7,5.400000095367432
2025,10,WR,31,25-40,Keenan Allen,8.6,3.9000000953674316
2025,10,WR,34,25-40,DK Metcalf,8.3,6.5
2025,10,WR,35,25-40,Deebo Samuel Sr.,8.3,12.899999618530273
2025,10,WR,37,25-40,Garrett Wilson,8.0,0.0
2025,10,WR,38,25-40,Khalil Shakir,7.8,12.800000190734863
2025,10,WR,39,25-40,Rashid Shaheed,7.6,3.299999952316284
2025,10,WR,40,25-40,Chris Olave,7.5,21.399999618530273
2025,10,WR,42,41-55,Jauan Jennings,7.4,17.100000381469727
2025,10,WR,43,41-55,Wan'Dale Robinson,7.3,12.199999809265137
2025,10,WR,44,41-55,Jakobi Meyers,7.1,7.099999904632568
2025,10,WR,45,41-55,Cooper Kupp,7.1,9.399999618530273
2025,10,WR,46,41-55,Rashod Bateman,7.0,4.0
2025,10,WR,49,41-55,Kendrick Bourne,6.6,2.9000000953674316
2025,10,WR,50,41-55,Xavier Legette,6.4,0.0
2025,10,WR,51,41-55,Troy Franklin,6.3,15.0
2025,10,WR,52,41-55,Christian Kirk,6.1,1.2999999523162842
2025,10,WR,53,41-55,Emeka Egbuka,6.1,23.5
2025,10,WR,54,41-55,Darnell Mooney,6.0,2.700000047683716
2025,10,WR,55,41-55,Parker Washington,5.9,17.899999618530273
2025,10,TE,1,1-3,Sam LaPorta,15.7,10.300000190734863
2025,10,TE,3,1-3,Trey McBride,12.7,27.700000762939453
2025,10,TE,4,4-6,Tyler Warren,12.1,17.899999618530273
2025,10,TE,5,4-6,Dallas Goedert,11.8,8.300000190734863
2025,10,TE,6,4-6,Brock Bowers,10.6,3.700000047683716
2025,10,TE,7,7-12,Mark Andrews,9.8,10.399999618530273
2025,10,TE,8,7-12,Kyle Pitts,9.3,5.800000190734863
2025,10,TE,9,7-12,Dalton Kincaid,9.1,5.699999809265137
2025,10,TE,10,7-12,Tyler Higbee,8.9,6.300000190734863
2025,10,TE,11,7-12,Colston Loveland,8.9,9.5
2025,10,TE,12,7-12,Dalton Schultz,8.5,18.299999237060547
2025,10,TE,13,13-20,Oronde Gadsden II,8.5,4.300000190734863
2025,10,TE,14,13-20,T.J. Hockenson,8.4,2.799999952316284
2025,10,TE,15,13-20,Hunter Henry,7.4,1.899999976158142
2025,10,TE,16,13-20,David Njoku,7.0,10.100000381469727
2025,10,TE,17,13-20,Zach Ertz,6.7,9.399999618530273
2025,10,TE,18,13-20,George Kittle,6.6,23.399999618530273
2025,10,TE,19,13-20,Isaiah Likely,6.4,3.700000047683716
2025,11,QB,1,1-6,Justin Herbert,23.2,3.3399999141693115
2025,11,QB,2,1-6,Matthew Stafford,22.46,13.199999809265137
2025,11,QB,3,1-6,Jalen Hurts,19.81,14.5
2025,11,QB,4,1-6,Josh Allen,19.23,42.68000030517578
2025,11,QB,5,1-6,Drake Maye,18.86,15.4399995803833
2025,11,QB,6,1-6,Jacoby Brissett,17.39,21.8799991607666
2025,11,QB,7,7-12,Lamar Jackson,17.24,4.71999979019165
2025,11,QB,8,7-12,Jared Goff,17.16,12.100000381469727
2025,11,QB,9,7-12,Tua Tagovailoa,16.58,6.840000152587891
2025,11,QB,10,7-12,J.J. McCarthy,16.5,6.0
2025,11,QB,11,7-12,Jordan Love,16.5,17.65999984741211
2025,11,QB,12,7-12,Dak Prescott,16.13,24.31999969482422
2025,11,QB,14,13-24,Patrick Mahomes,15.99,13.34000015258789
2025,11,QB,15,13-24,Bo Nix,15.99,12.600000381469727
2025,11,QB,16,13-24,Mac Jones,15.84,-0.30000001192092896
2025,11,QB,17,13-24,Davis Mills,15.62,16.360000610351562
2025,11,QB,18,13-24,Joe Flacco,15.62,9.859999656677246
2025,11,QB,19,13-24,Sam Darnold,15.4,4.260000228881836
2025,11,QB,20,13-24,Aaron Rodgers,15.2,9.4399995803833
2025,11,QB,21,13-24,Geno Smith,15.1,12.920000076293945
2025,11,QB,22,13-24,Caleb Williams,14.8,10.319999694824219
2025,11,QB,23,13-24,Michael Penix Jr.,13.6,7.900000095367432
2025,11,QB,24,13-24,Baker Mayfield,13.6,16.81999969482422
2025,11,RB,1,1-6,De'Von Achane,23.99,21.5
2025,11,RB,2,1-6,Jahmyr Gibbs,22.88,19.600000381469727
2025,11,RB,3,1-6,Josh Jacobs,20.74,4.0
2025,11,RB,4,1-6,Kyren Williams,18.42,16.600000381469727
2025,11,RB,5,1-6,Ashton Jeanty,17.77,9.399999618530273
2025,11,RB,6,1-6,Saquon Barkley,17.22,10.0
2025,11,RB,7,7-12,Christian McCaffrey,17.03,35.099998474121094
2025,11,RB,8,7-12,Rico Dowdle,16.66,15.0
2025,11,RB,9,7-12,Bijan Robinson,16.1,30.299999237060547
2025,11,RB,10,7-12,James Cook,15.27,20.399999618530273
2025,11,RB,13,13-24,Jaylen Warren,13.78,8.699999809265137
2025,11,RB,14,13-24,David Montgomery,13.4,4.699999809265137
2025,11,RB,16,13-24,Javonte Williams,13.0,10.300000190734863
2025,11,RB,17,13-24,Chase Brown,12.9,18.700000762939453
2025,11,RB,18,13-24,Derrick Henry,12.8,20.200000762939453
2025,11,RB,19,13-24,Woody Marks,12.6,6.099999904632568
2025,11,RB,20,13-24,Aaron Jones,11.0,11.100000381469727
2025,11,RB,21,13-24,Kimani Vidal,10.5,3.200000047683716
2025,11,RB,23,13-24,Jordan Mason,10.2,10.5
2025,11,RB,24,13-24,Rachaad White,10.0,8.199999809265137
2025,11,RB,25,25-40,D'Andre Swift,10.0,9.0
2025,11,RB,27,25-40,Travis Etienne,9.6,19.299999237060547
2025,11,RB,28,25-40,TreVeyon Henderson,9.3,32.29999923706055
2025,11,RB,29,25-40,Breece Hall,9.0,8.399999618530273
2025,11,RB,31,25-40,RJ Harvey,8.5,8.0
2025,11,RB,32,25-40,Tony Pollard,8.4,5.599999904632568
2025,11,RB,33,25-40,Nick Chubb,8.2,1.7000000476837158
2025,11,RB,34,25-40,Kenneth Walker III,8.1,20.100000381469727
2025,11,RB,35,25-40,Zach Charbonnet,7.9,6.699999809265137
2025,11,RB,36,25-40,Tyler Allgeier,7.7,9.600000381469727
2025,11,RB,38,25-40,Kenny Gainwell,7.5,29.5
2025,11,RB,39,25-40,Chuba Hubbard,7.3,3.799999952316284
2025,11,RB,40,25-40,Kareem Hunt,7.3,13.199999809265137
2025,11,WR,1,1-6,Puka Nacua,17.7,14.300000190734863
2025,11,WR,2,1-6,Amon-Ra St. Brown,16.9,6.199999809265137
2025,11,WR,3,1-6,Ja'Marr Chase,16.1,6.0
2025,11,WR,4,1-6,Drake London,15.2,18.899999618530273
2025,11,WR,5,1-6,Davante Adams,14.8,7.099999904632568
2025,11,WR,6,1-6,CeeDee Lamb,14.3,17.600000381469727
2025,11,WR,7,7-12,Justin Jefferson,14.3,11.100000381469727
2025,11,WR,8,7-12,DeVonta Smith,14.0,1.7999999523162842
2025,11,WR,9,7-12,George Pickens,13.2,29.399999618530273
2025,11,WR,11,7-12,Quentin Johnston,13.0,0.0
2025,11,WR,12,7-12,Rashee Rice,12.3,9.800000190734863
2025,11,WR,13,13-24,Ladd McConkey,12.3,4.300000190734863
2025,11,WR,14,13-24,Jameson Williams,12.0,19.700000762939453
2025,11,WR,15,13-24,Jordan Addison,12.0,10.0
2025,11,WR,16,13-24,Jaylen Waddle,11.8,8.199999809265137
2025,11,WR,18,13-24,Nico Collins,11.3,24.200000762939453
2025,11,WR,19,13-24,A.J. Brown,11.0,11.899999618530273
2025,11,WR,20,13-24,Tee Higgins,10.8,15.300000190734863
2025,11,WR,21,13-24,Ricky Pearsall,10.6,1.0
2025,11,WR,22,13-24,Jaxon Smith-Njigba,10.6,20.600000381469727
2025,11,WR,23,13-24,Jauan Jennings,10.2,9.399999618530273
2025,11,WR,24,13-24,Tre Tucker,9.8,14.699999809265137
2025,11,WR,25,25-40,Rome Odunze,9.7,6.099999904632568
2025,11,WR,26,25-40,Keenan Allen,9.2,9.300000190734863
2025,11,WR,27,25-40,Stefon Diggs,9.2,19.5
2025,11,WR,29,25-40,Khalil Shakir,8.7,0.699999988079071
2025,11,WR,31,25-40,Romeo Doubs,8.5,9.300000190734863
2025,11,WR,32,25-40,Courtland Sutton,8.4,9.899999618530273
2025,11,WR,33,25-40,Deebo Samuel Sr.,8.4,20.700000762939453
2025,11,WR,35,25-40,Zay Flowers,8.2,11.300000190734863
2025,11,WR,36,25-40,Tetairoa McMillan,8.1,33.0
2025,11,WR,37,25-40,Jalen Nailor,8.0,2.5999999046325684
2025,11,WR,38,25-40,Christian Watson,8.0,20.600000381469727
2025,11,WR,39,25-40,DK Metcalf,7.9,9.899999618530273
2025,11,WR,41,41-55,Troy Franklin,7.2,12.399999618530273
2025,11,WR,42,41-55,DJ Moore,7.2,3.0999999046325684
2025,11,WR,44,41-55,Emeka Egbuka,6.9,9.0
2025,11,WR,46,41-55,Rashid Shaheed,6.4,4.900000095367432
2025,11,WR,47,41-55,Tyrell Shavers,6.4,19.0
2025,11,WR,50,41-55,Mack Hollins,6.2,10.399999618530273
2025,11,WR,52,41-55,Calvin Ridley,6.2,2.299999952316284
2025,11,WR,53,41-55,Michael Wilson,6.1,33.5
2025,11,WR,54,41-55,Matthew Golden,6.1,3.4000000953674316
2025,11,TE,1,1-3,Trey McBride,15.7,27.5
2025,11,TE,2,1-3,Brock Bowers,14.2,14.199999809265137
2025,11,TE,4,4-6,George Kittle,12.2,24.700000762939453
2025,11,TE,5,4-6,Dallas Goedert,12.2,4.400000095367432
2025,11,TE,6,4-6,Oronde Gadsden II,11.3,6.099999904632568
2025,11,TE,8,7-12,Travis Kelce,9.3,24.100000381469727
2025,11,TE,9,7-12,Tyler Higbee,9.2,3.299999952316284
2025,11,TE,10,7-12,Zach Ertz,8.8,8.199999809265137
2025,11,TE,11,7-12,Jake Ferguson,8.7,11.600000381469727
2025,11,TE,12,7-12,T.J. Hockenson,8.7,6.900000095367432
2025,11,TE,13,13-20,Colston Loveland,8.3,7.0
2025,11,TE,14,13-20,Kyle Pitts,7.9,3.4000000953674316
2025,11,TE,15,13-20,Hunter Henry,7.5,8.5
2025,11,TE,16,13-20,Dalton Schultz,7.4,11.100000381469727
2025,11,TE,17,13-20,Jonnu Smith,6.7,0.0
2025,11,TE,19,13-20,Jake Tonges,6.6,0.0
2025,11,TE,20,13-20,Pat Freiermuth,6.5,2.9000000953674316
2025,12,QB,1,1-6,Jalen Hurts,22.68,30.860000610351562
2025,12,QB,2,1-6,Jared Goff,21.07,17.15999984741211
2025,12,QB,3,1-6,Josh Allen,20.48,8.119999885559082
2025,12,QB,4,1-6,Drake Maye,20.26,15.960000038146973
2025,12,QB,5,1-6,Jacoby Brissett,19.81,18.68000030517578
2025,12,QB,6,1-6,Lamar Jackson,19.37,7.21999979019165
2025,12,QB,7,7-12,Matthew Stafford,18.64,22.920000076293945
2025,12,QB,8,7-12,Dak Prescott,18.56,27.059999465942383
2025,12,QB,9,7-12,Sam Darnold,17.83,17.65999984741211
2025,12,QB,10,7-12,Daniel Jones,17.39,16.84000015258789
2025,12,QB,11,7-12,Patrick Mahomes,17.39,17.079999923706055
2025,12,QB,12,7-12,Trevor Lawrence,17.24,17.139999389648438
2025,12,QB,13,13-24,Caleb Williams,15.99,21.65999984741211
2025,12,QB,14,13-24,Bryce Young,15.69,8.260000228881836
2025,12,QB,15,13-24,Baker Mayfield,15.1,3.5399999618530273
2025,12,QB,16,13-24,Tyler Shough,15.0,7.920000076293945
2025,12,QB,18,13-24,Joe Flacco,14.5,9.619999885559082
2025,12,QB,19,13-24,Jordan Love,13.9,7.059999942779541
2025,12,QB,22,13-24,Jameis Winston,12.0,32.2400016784668
2025,12,QB,23,13-24,Davis Mills,11.7,14.520000457763672
2025,12,QB,24,13-24,J.J. McCarthy,11.4,0.47999998927116394
2025,12,RB,1,1-6,Jahmyr Gibbs,27.8,55.400001525878906
2025,12,RB,2,1-6,Jonathan Taylor,21.39,8.600000381469727
2025,12,RB,3,1-6,Bijan Robinson,19.91,14.699999809265137
2025,12,RB,4,1-6,Saquon Barkley,18.79,12.399999618530273
2025,12,RB,5,1-6,Rico Dowdle,17.68,11.399999618530273
2025,12,RB,6,1-6,Christian McCaffrey,17.12,27.200000762939453
2025,12,RB,7,7-12,David Montgomery,15.36,6.699999809265137
2025,12,RB,8,7-12,Kenneth Walker III,15.27,13.100000381469727
2025,12,RB,9,7-12,Travis Etienne,15.08,20.600000381469727
2025,12,RB,10,7-12,Kyren Williams,14.99,5.800000190734863
2025,12,RB,11,7-12,James Cook,14.8,21.899999618530273
2025,12,RB,12,7-12,Derrick Henry,14.71,22.799999237060547
2025,12,RB,13,13-24,TreVeyon Henderson,14.52,11.100000381469727
2025,12,RB,14,13-24,Javonte Williams,14.06,12.100000381469727
2025,12,RB,16,13-24,D'Andre Swift,12.9,1.899999976158142
2025,12,RB,19,13-24,Zach Charbonnet,12.0,9.5
2025,12,RB,20,13-24,Jaylen Warren,11.8,12.800000190734863
2025,12,RB,21,13-24,Ashton Jeanty,11.3,24.799999237060547
2025,12,RB,22,13-24,Chase Brown,11.3,15.0
2025,12,RB,23,13-24,Alvin Kamara,11.1,3.5
2025,12,RB,24,13-24,Aaron Jones,10.8,8.699999809265137
2025,12,RB,25,25-40,Rhamondre Stevenson,10.5,2.0
2025,12,RB,27,25-40,Kareem Hunt,10.0,20.0
2025,12,RB,28,25-40,Kenny Gainwell,9.7,18.200000762939453
2025,12,RB,29,25-40,Breece Hall,9.6,13.899999618530273
2025,12,RB,30,25-40,Jordan Mason,9.1,4.199999809265137
2025,12,RB,31,25-40,Tyler Allgeier,9.0,5.900000095367432
2025,12,RB,32,25-40,Tony Pollard,9.0,8.100000381469727
2025,12,RB,33,25-40,Tyjae Spears,8.8,6.5
2025,12,RB,35,25-40,Woody Marks,8.3,7.900000095367432
2025,12,RB,36,25-40,Rachaad White,8.3,5.199999809265137
2025,12,RB,37,25-40,Kyle Monangai,8.2,10.800000190734863
2025,12,RB,38,25-40,Bam Knight,7.3,13.199999809265137
2025,12,RB,39,25-40,Bhayshul Tuten,7.0,1.7000000476837158
2025,12,RB,40,25-40,Tyrone Tracy Jr.,6.9,16.0
2025,12,WR,1,1-6,Amon-Ra St. Brown,19.0,29.899999618530273
2025,12,WR,3,1-6,George Pickens,17.7,29.600000381469727
2025,12,WR,4,1-6,Jaxon Smith-Njigba,16.7,37.099998474121094
2025,12,WR,5,1-6,CeeDee Lamb,16.1,11.5
2025,12,WR,6,1-6,Jameson Williams,15.8,0.0
2025,12,WR,7,7-12,A.J. Brown,15.2,25.0
2025,12,WR,8,7-12,DeVonta Smith,15.1,14.899999618530273
2025,12,WR,9,7-12,Puka Nacua,14.2,16.700000762939453
2025,12,WR,10,7-12,Rashee Rice,13.8,24.100000381469727
2025,12,WR,12,7-12,Michael Pittman,13.7,13.699999809265137
2025,12,WR,13,13-24,Justin Jefferson,13.0,8.800000190734863
2025,12,WR,14,13-24,Chris Olave,12.7,16.0
2025,12,WR,15,13-24,Stefon Diggs,12.5,4.0
2025,12,WR,17,13-24,Alec Pierce,12.3,3.5999999046325684
2025,12,WR,18,13-24,Tetairoa McMillan,12.2,11.5
2025,12,WR,19,13-24,Tee Higgins,11.8,8.100000381469727
2025,12,WR,20,13-24,Davante Adams,11.2,23.200000762939453
2025,12,WR,21,13-24,Zay Flowers,10.8,11.899999618530273
2025,12,WR,22,13-24,Michael Wilson,10.5,21.799999237060547
2025,12,WR,23,13-24,Jordan Addison,10.5,0.0
2025,12,WR,24,13-24,Nico Collins,10.1,8.5
2025,12,WR,26,25-40,Josh Downs,9.7,3.0
2025,12,WR,27,25-40,Kayshon Boutte,9.6,3.5
2025,12,WR,28,25-40,Jauan Jennings,9.5,15.100000381469727
2025,12,WR,29,25-40,Rome Odunze,9.5,8.300000190734863
2025,12,WR,30,25-40,DK Metcalf,8.9,14.399999618530273
2025,12,WR,31,25-40,Rashid Shaheed,8.9,0.5
2025,12,WR,33,25-40,Christian Watson,8.0,9.899999618530273
2025,12,WR,34,25-40,Khalil Shakir,7.9,17.0
2025,12,WR,35,25-40,Mack Hollins,7.9,5.0
2025,12,WR,38,25-40,Xavier Legette,7.7,5.199999809265137
2025,12,WR,39,25-40,Cooper Kupp,7.7,4.400000095367432
2025,12,WR,40,25-40,Jakobi Meyers,7.5,15.0
2025,12,WR,41,41-55,Marquise Brown,7.3,2.0
2025,12,WR,42,41-55,DJ Moore,7.2,23.399999618530273
2025,12,WR,43,41-55,Emeka Egbuka,7.0,6.199999809265137
2025,12,WR,44,41-55,Romeo Doubs,6.9,4.300000190734863
2025,12,WR,45,41-55,Olamide Zaccheaus,6.9,1.600000023841858
2025,12,WR,46,41-55,Ricky Pearsall,6.9,2.799999952316284
2025,12,WR,47,41-55,Wan'Dale Robinson,6.7,30.600000381469727
2025,12,WR,49,41-55,Jalen Coker,6.5,6.199999809265137
2025,12,WR,51,41-55,Tre Tucker,6.4,5.800000190734863
2025,12,WR,52,41-55,Xavier Worthy,6.3,9.899999618530273
2025,12,WR,53,41-55,Parker Washington,6.2,18.100000381469727
2025,12,WR,54,41-55,Chimere Dike,6.1,21.399999618530273
2025,12,WR,55,41-55,Chris Godwin Jr.,6.0,2.9000000953674316
2025,12,TE,1,1-3,Trey McBride,19.5,16.899999618530273
2025,12,TE,3,1-3,George Kittle,13.8,13.800000190734863
2025,12,TE,5,4-6,Dallas Goedert,12.2,4.0
2025,12,TE,6,4-6,Tyler Warren,12.2,9.5
2025,12,TE,7,7-12,Travis Kelce,11.2,8.399999618530273
2025,12,TE,8,7-12,Jake Ferguson,9.5,11.100000381469727
2025,12,TE,9,7-12,Brock Bowers,9.4,11.5
2025,12,TE,10,7-12,Kyle Pitts,9.2,4.5
2025,12,TE,11,7-12,Mark Andrews,8.9,2.0999999046325684
2025,12,TE,12,7-12,Hunter Henry,8.9,24.5
2025,12,TE,13,13-20,Juwan Johnson,8.1,10.600000381469727
2025,12,TE,14,13-20,AJ Barner,7.8,3.799999952316284
2025,12,TE,15,13-20,Colston Loveland,7.6,14.899999618530273
2025,12,TE,16,13-20,Brenton Strange,7.5,14.300000190734863
2025,12,TE,18,13-20,T.J. Hockenson,6.6,5.900000095367432
2025,13,QB,1,1-6,Patrick Mahomes,23.2,29.440000534057617
2025,13,QB,2,1-6,Drake Maye,20.84,20.479999542236328
2025,13,QB,3,1-6,Baker Mayfield,19.23,14.460000038146973
2025,13,QB,4,1-6,Josh Allen,19.08,16.719999313354492
2025,13,QB,5,1-6,Dak Prescott,19.0,20.600000381469727
2025,13,QB,6,1-6,Lamar Jackson,18.93,6.539999961853027
2025,13,QB,7,7-12,Matthew Stafford,18.78,11.619999885559082
2025,13,QB,8,7-12,Jalen Hurts,18.49,16.299999237060547
2025,13,QB,9,7-12,Trevor Lawrence,17.75,21.65999984741211
2025,13,QB,10,7-12,Jared Goff,17.39,20.639999389648438
2025,13,QB,11,7-12,Justin Herbert,17.24,12.84000015258789
2025,13,QB,12,7-12,Caleb Williams,16.8,9.460000038146973
2025,13,QB,13,13-24,Bo Nix,16.65,16.440000534057617
2025,13,QB,14,13-24,Cam Ward,15.91,6.340000152587891
2025,13,QB,15,13-24,Daniel Jones,15.77,16.139999389648438
2025,13,QB,16,13-24,Jacoby Brissett,15.69,19.639999389648438
2025,13,QB,17,13-24,Sam Darnold,15.55,3.119999885559082
2025,13,QB,18,13-24,Jordan Love,15.55,25.760000228881836
2025,13,QB,19,13-24,Tua Tagovailoa,15.1,4.679999828338623
2025,13,QB,21,13-24,Shedeur Sanders,14.1,10.5600004196167
2025,13,QB,24,13-24,Brock Purdy,12.3,17.1200008392334
2025,13,RB,1,1-6,Jahmyr Gibbs,25.75,11.600000381469727
2025,13,RB,2,1-6,De'Von Achane,24.55,19.399999618530273
2025,13,RB,3,1-6,Bucky Irving,20.28,16.100000381469727
2025,13,RB,4,1-6,Derrick Henry,19.81,17.399999618530273
2025,13,RB,5,1-6,Jonathan Taylor,18.61,15.100000381469727
2025,13,RB,6,1-6,TreVeyon Henderson,17.31,11.600000381469727
2025,13,RB,7,7-12,Kyren Williams,16.38,13.199999809265137
2025,13,RB,8,7-12,Travis Etienne,16.1,5.099999904632568
2025,13,RB,9,7-12,Saquon Barkley,16.1,5.599999904632568
2025,13,RB,10,7-12,Josh Jacobs,15.73,10.100000381469727
2025,13,RB,11,7-12,James Cook,15.45,18.700000762939453
2025,13,RB,12,7-12,Breece Hall,15.27,15.600000381469727
2025,13,RB,13,13-24,Bijan Robinson,15.08,30.299999237060547
2025,13,RB,14,13-24,Kareem Hunt,14.9,9.0
2025,13,RB,15,13-24,Chase Brown,13.88,18.299999237060547
2025,13,RB,16,13-24,Christian McCaffrey,13.69,17.399999618530273
2025,13,RB,18,13-24,Rico Dowdle,12.2,9.899999618530273
2025,13,RB,19,13-24,David Montgomery,12.1,12.800000190734863
2025,13,RB,20,13-24,D'Andre Swift,12.0,20.799999237060547
2025,13,RB,21,13-24,Javonte Williams,11.9,17.0
2025,13,RB,22,13-24,Kenneth Walker III,11.6,10.399999618530273
2025,13,RB,23,13-24,Rachaad White,11.3,5.900000095367432
2025,13,RB,24,13-24,Rhamondre Stevenson,11.2,11.0
2025,13,RB,25,25-40,Isiah Pacheco,11.0,5.300000190734863
2025,13,RB,26,25-40,Ashton Jeanty,10.8,12.100000381469727
2025,13,RB,28,25-40,Jaylen Warren,10.1,12.399999618530273
2025,13,RB,29,25-40,RJ Harvey,10.0,21.200000762939453
2025,13,RB,30,25-40,Kyle Monangai,9.9,19.0
2025,13,RB,31,25-40,Kenny Gainwell,9.8,6.5
2025,13,RB,33,25-40,Tony Pollard,9.7,5.300000190734863
2025,13,RB,34,25-40,Tyjae Spears,9.7,8.399999618530273
2025,13,RB,35,25-40,Aaron Jones,9.7,4.5
2025,13,RB,36,25-40,Emanuel Wilson,9.6,1.399999976158142
2025,13,RB,37,25-40,Woody Marks,8.8,7.699999809265137
2025,13,RB,38,25-40,Sean Tucker,8.7,0.0
2025,13,RB,39,25-40,Zach Charbonnet,7.9,11.199999809265137
2025,13,WR,1,1-6,Rashee Rice,22.6,29.399999618530273
2025,13,WR,2,1-6,Amon-Ra St. Brown,18.5,0.0
2025,13,WR,3,1-6,George Pickens,18.2,16.799999237060547
2025,13,WR,4,1-6,Jaxon Smith-Njigba,15.2,4.300000190734863
2025,13,WR,5,1-6,CeeDee Lamb,15.0,24.200000762939453
2025,13,WR,6,1-6,Ja'Marr Chase,14.5,18.0
2025,13,WR,7,7-12,Puka Nacua,13.5,13.199999809265137
2025,13,WR,8,7-12,Stefon Diggs,12.7,5.599999904632568
2025,13,WR,9,7-12,Michael Pittman,12.6,2.299999952316284
2025,13,WR,10,7-12,Jameson Williams,12.6,26.899999618530273
2025,13,WR,13,13-24,Justin Jefferson,11.7,2.4000000953674316
2025,13,WR,15,13-24,DeVonta Smith,11.4,9.800000190734863
2025,13,WR,16,13-24,Davante Adams,11.3,21.799999237060547
2025,13,WR,17,13-24,Xavier Worthy,11.1,11.399999618530273
2025,13,WR,18,13-24,A.J. Brown,11.0,35.20000076293945
2025,13,WR,19,13-24,Jaylen Waddle,10.9,7.0
2025,13,WR,20,13-24,Zay Flowers,10.9,0.6000000238418579
2025,13,WR,22,13-24,Marquise Brown,10.5,10.0
2025,13,WR,23,13-24,Kayshon Boutte,10.0,13.5
2025,13,WR,24,13-24,Nico Collins,9.8,21.5
2025,13,WR,26,25-40,Brian Thomas Jr.,9.7,4.800000190734863
2025,13,WR,27,25-40,Christian Watson,9.6,18.299999237060547
2025,13,WR,28,25-40,Ladd McConkey,9.5,13.899999618530273
2025,13,WR,29,25-40,Marvin Harrison Jr.,9.5,12.899999618530273
2025,13,WR,30,25-40,Michael Wilson,9.2,6.599999904632568
2025,13,WR,31,25-40,Jordan Addison,9.1,8.600000381469727
2025,13,WR,32,25-40,Jakobi Meyers,9.0,21.299999237060547
2025,13,WR,33,25-40,Alec Pierce,8.9,17.799999237060547
2025,13,WR,34,25-40,Rome Odunze,8.8,2.799999952316284
2025,13,WR,35,25-40,Mack Hollins,8.8,5.300000190734863
2025,13,WR,36,25-40,Parker Washington,8.7,3.5999999046325684
2025,13,WR,37,25-40,DJ Moore,8.6,4.699999809265137
2025,13,WR,38,25-40,Tetairoa McMillan,8.4,11.300000190734863
2025,13,WR,39,25-40,Courtland Sutton,8.4,17.200000762939453
2025,13,WR,41,41-55,Quentin Johnston,8.4,11.300000190734863
2025,13,WR,42,41-55,Josh Downs,8.2,6.400000095367432
2025,13,WR,43,41-55,Troy Franklin,8.2,4.099999904632568
2025,13,WR,44,41-55,Romeo Doubs,8.1,12.0
2025,13,WR,45,41-55,Chris Olave,8.1,14.699999809265137
2025,13,WR,46,41-55,Emeka Egbuka,8.0,8.199999809265137
2025,13,WR,47,41-55,Khalil Shakir,8.0,1.5
2025,13,WR,48,41-55,Chris Godwin Jr.,7.8,10.800000190734863
2025,13,WR,49,41-55,Keenan Allen,7.6,7.0
2025,13,WR,50,41-55,Chimere Dike,7.3,1.899999976158142
2025,13,WR,51,41-55,Jauan Jennings,7.3,13.899999618530273
2025,13,WR,52,41-55,Elic Ayomanor,7.3,1.5
2025,13,WR,54,41-55,Wan'Dale Robinson,6.5,10.399999618530273
2025,13,TE,1,1-3,Travis Kelce,15.7,15.5
2025,13,TE,4,4-6,Trey McBride,11.8,22.200000762939453
2025,13,TE,5,4-6,Jake Ferguson,11.0,8.600000381469727
2025,13,TE,6,4-6,Tyler Warren,10.8,11.199999809265137
2025,13,TE,7,7-12,Hunter Henry,10.5,11.300000190734863
2025,13,TE,8,7-12,Mark Andrews,10.3,8.699999809265137
2025,13,TE,9,7-12,George Kittle,9.4,10.699999809265137
2025,13,TE,10,7-12,Dallas Goedert,8.9,4.699999809265137
2025,13,TE,11,7-12,Brock Bowers,8.6,22.299999237060547
2025,13,TE,12,7-12,Brenton Strange,7.8,13.5
2025,13,TE,13,13-20,Colston Loveland,7.6,5.800000190734863
2025,13,TE,14,13-20,AJ Barner,7.4,7.699999809265137
2025,13,TE,15,13-20,T.J. Hockenson,7.3,11.899999618530273
2025,13,TE,17,13-20,Cade Otton,7.0,2.9000000953674316
2025,13,TE,18,13-20,Juwan Johnson,6.9,8.899999618530273
2025,13,TE,19,13-20,Oronde Gadsden II,6.8,3.700000047683716
2025,13,TE,20,13-20,Chig Okonkwo,6.8,6.900000095367432
2025,14,QB,1,1-6,Jared Goff,23.2,16.15999984741211
2025,14,QB,2,1-6,Josh Allen,21.95,37.84000015258789
2025,14,QB,3,1-6,Dak Prescott,21.21,18.440000534057617
2025,14,QB,4,1-6,Daniel Jones,20.4,0.800000011920929
2025,14,QB,5,1-6,Matthew Stafford,20.26,23.239999771118164
2025,14,QB,6,1-6,Baker Mayfield,19.23,11.079999923706055
2025,14,QB,7,7-12,Justin Herbert,18.05,12.15999984741211
2025,14,QB,8,7-12,Sam Darnold,16.87,22.260000228881836
2025,14,QB,9,7-12,Jalen Hurts,16.65,2.4000000953674316
2025,14,QB,10,7-12,Patrick Mahomes,16.58,6.300000190734863
2025,14,QB,11,7-12,Lamar Jackson,15.99,21.059999465942383
2025,14,QB,12,7-12,Marcus Mariota,15.77,-2.0999999046325684
2025,14,QB,13,13-24,Jordan Love,15.3,19.260000228881836
2025,14,QB,14,13-24,Jacoby Brissett,15.2,19.040000915527344
2025,14,QB,15,13-24,Bo Nix,15.1,15.979999542236328
2025,14,QB,16,13-24,Caleb Williams,14.7,14.9399995803833
2025,14,QB,17,13-24,Kirk Cousins,14.1,2.4800000190734863
2025,14,QB,18,13-24,Shedeur Sanders,13.6,33.459999084472656
2025,14,QB,19,13-24,Trevor Lawrence,13.6,19.360000610351562
2025,14,QB,20,13-24,Tyrod Taylor,12.4,-1.7599999904632568
2025,14,QB,21,13-24,Tyler Shough,12.4,21.260000228881836
2025,14,QB,22,13-24,Aaron Rodgers,11.7,21.459999084472656
2025,14,QB,23,13-24,Tua Tagovailoa,11.4,9.079999923706055
2025,14,QB,24,13-24,Cam Ward,9.6,11.079999923706055
2025,14,RB,1,1-6,Jahmyr Gibbs,28.26,37.0
2025,14,RB,2,1-6,Jonathan Taylor,23.53,11.399999618530273
2025,14,RB,3,1-6,Bucky Irving,21.3,16.100000381469727
2025,14,RB,4,1-6,De'Von Achane,21.11,17.5
2025,14,RB,5,1-6,James Cook,21.02,11.100000381469727
2025,14,RB,6,1-6,Bijan Robinson,19.07,9.399999618530273
2025,14,RB,7,7-12,Kyren Williams,17.87,17.700000762939453
2025,14,RB,8,7-12,Derrick Henry,15.27,11.199999809265137
2025,14,RB,9,7-12,Chase Brown,15.08,18.5
2025,14,RB,10,7-12,Josh Jacobs,14.99,17.200000762939453
2025,14,RB,11,7-12,Javonte Williams,14.25,14.699999809265137
2025,14,RB,12,7-12,D'Andre Swift,13.97,11.199999809265137
2025,14,RB,13,13-24,Kenneth Walker III,13.97,3.799999952316284
2025,14,RB,14,13-24,David Montgomery,13.5,14.300000190734863
2025,14,RB,15,13-24,Saquon Barkley,12.8,18.200000762939453
2025,14,RB,16,13-24,Aaron Jones,12.3,7.599999904632568
2025,14,RB,17,13-24,Rachaad White,11.9,6.5
2025,14,RB,18,13-24,Omarion Hampton,11.7,14.699999809265137
2025,14,RB,19,13-24,Breece Hall,11.7,4.300000190734863
2025,14,RB,20,13-24,Travis Etienne,11.4,21.200000762939453
2025,14,RB,21,13-24,Kyle Monangai,11.4,8.699999809265137
2025,14,RB,22,13-24,Zach Charbonnet,10.3,8.600000381469727
2025,14,RB,23,13-24,Kimani Vidal,10.3,11.399999618530273
2025,14,RB,24,13-24,Woody Marks,10.1,15.600000381469727
2025,14,RB,25,25-40,Ashton Jeanty,10.0,5.800000190734863
2025,14,RB,26,25-40,Kareem Hunt,9.9,9.0
2025,14,RB,27,25-40,RJ Harvey,9.6,22.0
2025,14,RB,28,25-40,Jaylen Warren,9.4,15.199999809265137
2025,14,RB,29,25-40,Kenny Gainwell,8.8,16.200000762939453
2025,14,RB,31,25-40,Sean Tucker,8.4,8.899999618530273
2025,14,RB,32,25-40,Emanuel Wilson,8.4,1.0
2025,14,RB,34,25-40,Jordan Mason,8.0,11.199999809265137
2025,14,RB,35,25-40,Tyler Allgeier,7.9,8.699999809265137
2025,14,RB,37,25-40,Tony Pollard,7.4,28.100000381469727
2025,14,RB,38,25-40,Devin Neal,7.2,15.399999618530273
2025,14,RB,39,25-40,Tyjae Spears,6.9,6.699999809265137
2025,14,RB,40,25-40,Ty Johnson,6.5,5.900000095367432
2025,14,WR,1,1-6,Amon-Ra St. Brown,23.2,15.199999809265137
2025,14,WR,2,1-6,George Pickens,21.2,8.699999809265137
2025,14,WR,3,1-6,CeeDee Lamb,19.5,18.100000381469727
2025,14,WR,4,1-6,Jameson Williams,18.1,17.299999237060547
2025,14,WR,5,1-6,Jaxon Smith-Njigba,16.7,28.100000381469727
2025,14,WR,6,1-6,Puka Nacua,15.2,35.70000076293945
2025,14,WR,7,7-12,Ja'Marr Chase,15.2,10.199999809265137
2025,14,WR,9,7-12,Alec Pierce,14.2,13.0
2025,14,WR,10,7-12,Rashee Rice,13.9,7.400000095367432
2025,14,WR,11,7-12,Davante Adams,13.4,6.900000095367432
2025,14,WR,12,7-12,Michael Pittman,13.2,16.899999618530273
2025,14,WR,13,13-24,A.J. Brown,13.1,16.0
2025,14,WR,14,13-24,Justin Jefferson,12.7,3.0999999046325684
2025,14,WR,16,13-24,Nico Collins,11.2,16.100000381469727
2025,14,WR,17,13-24,Ladd McConkey,11.1,2.200000047683716
2025,14,WR,18,13-24,Tee Higgins,11.1,27.200000762939453
2025,14,WR,19,13-24,Jordan Addison,10.7,10.199999809265137
2025,14,WR,20,13-24,Chris Godwin Jr.,10.2,10.5
2025,14,WR,21,13-24,Quentin Johnston,10.1,2.799999952316284
2025,14,WR,22,13-24,Chris Olave,9.9,6.0
2025,14,WR,23,13-24,Zay Flowers,9.8,20.600000381469727
2025,14,WR,24,13-24,DeVonta Smith,9.5,7.699999809265137
2025,14,WR,25,25-40,Terry McLaurin,9.3,7.099999904632568
2025,14,WR,26,25-40,Christian Watson,9.0,24.899999618530273
2025,14,WR,28,25-40,Keenan Allen,8.9,5.199999809265137
2025,14,WR,30,25-40,Emeka Egbuka,8.8,3.5
2025,14,WR,31,25-40,DJ Moore,8.8,0.6000000238418579
2025,14,WR,32,25-40,Michael Wilson,8.7,37.20000076293945
2025,14,WR,33,25-40,Khalil Shakir,8.5,9.600000381469727
2025,14,WR,34,25-40,Courtland Sutton,8.5,12.199999809265137
2025,14,WR,36,25-40,Josh Downs,8.2,6.300000190734863
2025,14,WR,37,25-40,Jakobi Meyers,8.1,14.800000190734863
2025,14,WR,38,25-40,Deebo Samuel Sr.,7.8,6.699999809265137
2025,14,WR,39,25-40,DK Metcalf,7.7,21.799999237060547
2025,14,WR,40,25-40,Jaylen Waddle,7.2,18.100000381469727
2025,14,WR,41,41-55,Cooper Kupp,7.1,11.5
2025,14,WR,42,41-55,Devaughn Vele,7.0,7.0
2025,14,WR,44,41-55,Romeo Doubs,6.8,0.0
2025,14,WR,45,41-55,Rashid Shaheed,6.6,16.700000762939453
2025,14,WR,47,41-55,Xavier Worthy,6.5,8.5
2025,14,WR,49,41-55,Jerry Jeudy,6.3,16.600000381469727
2025,14,WR,51,41-55,Jalen Nailor,6.3,6.0
2025,14,WR,52,41-55,Troy Franklin,6.1,4.099999904632568
2025,14,WR,53,41-55,Andrei Iosivas,6.1,3.700000047683716
2025,14,WR,54,41-55,Brian Thomas Jr.,6.1,11.699999809265137
2025,14,WR,55,41-55,Marquise Brown,6.0,4.5
2025,14,TE,2,1-3,Tyler Warren,14.0,3.700000047683716
2025,14,TE,3,1-3,Trey McBride,13.8,10.800000190734863
2025,14,TE,5,4-6,Jake Ferguson,11.2,10.800000190734863
2025,14,TE,6,4-6,Travis Kelce,10.8,1.7999999523162842
2025,14,TE,7,7-12,Brock Bowers,10.2,14.600000381469727
2025,14,TE,8,7-12,T.J. Hockenson,9.2,9.199999809265137
2025,14,TE,9,7-12,Dalton Kincaid,9.0,14.100000381469727
2025,14,TE,10,7-12,Mark Andrews,8.5,1.899999976158142
2025,14,TE,11,7-12,Kyle Pitts,8.4,15.0
2025,14,TE,12,7-12,Zach Ertz,7.8,2.0999999046325684
2025,14,TE,13,13-20,Colston Loveland,7.8,12.899999618530273
2025,14,TE,15,13-20,Cade Otton,7.5,4.900000095367432
2025,14,TE,16,13-20,Oronde Gadsden II,7.4,1.7000000476837158
2025,14,TE,17,13-20,Dallas Goedert,7.1,15.800000190734863
2025,14,TE,18,13-20,Harold Fannin Jr.,7.1,25.399999618530273
2025,14,TE,19,13-20,Dalton Schultz,7.1,5.199999809265137
2025,14,TE,20,13-20,Colby Parkinson,6.9,12.199999809265137
2025,15,QB,1,1-6,Matthew Stafford,21.58,20.920000076293945
2025,15,QB,2,1-6,Joe Burrow,20.04,5.5
2025,15,QB,3,1-6,Lamar Jackson,19.37,14.600000381469727
2025,15,QB,4,1-6,Josh Allen,19.37,24.520000457763672
2025,15,QB,5,1-6,Baker Mayfield,19.08,19.18000030517578
2025,15,QB,6,1-6,Brock Purdy,18.49,26.200000762939453
2025,15,QB,7,7-12,Marcus Mariota,18.2,14.739999771118164
2025,15,QB,8,7-12,Trevor Lawrence,16.87,44.29999923706055
2025,15,QB,9,7-12,Dak Prescott,16.87,11.960000038146973
2025,15,QB,10,7-12,C.J. Stroud,16.58,23.399999618530273
2025,15,QB,11,7-12,Jared Goff,16.43,25.520000457763672
2025,15,QB,12,7-12,Drake Maye,16.28,20.5
2025,15,QB,13,13-24,Justin Herbert,16.13,10.399999618530273
2025,15,QB,14,13-24,Jalen Hurts,16.13,22.899999618530273
2025,15,QB,15,13-24,Bo Nix,15.77,29.079999923706055
2025,15,QB,16,13-24,Caleb Williams,15.69,18.979999542236328
2025,15,QB,18,13-24,Bryce Young,15.55,15.420000076293945
2025,15,QB,19,13-24,Shedeur Sanders,14.9,3.4800000190734863
2025,15,QB,20,13-24,Patrick Mahomes,14.8,13.0600004196167
2025,15,QB,21,13-24,Sam Darnold,14.1,11.34000015258789
2025,15,QB,22,13-24,Jordan Love,13.6,13.9399995803833
2025,15,QB,23,13-24,Tyler Shough,13.4,18.079999923706055
2025,15,QB,24,13-24,Jacoby Brissett,13.1,20.559999465942383
2025,15,RB,1,1-6,De'Von Achane,21.02,18.700000762939453
2025,15,RB,2,1-6,Jahmyr Gibbs,20.84,9.800000190734863
2025,15,RB,3,1-6,Jonathan Taylor,18.79,13.100000381469727
2025,15,RB,4,1-6,Rico Dowdle,18.05,12.399999618530273
2025,15,RB,5,1-6,Derrick Henry,17.87,10.0
2025,15,RB,6,1-6,Kyren Williams,17.03,21.799999237060547
2025,15,RB,7,7-12,Bucky Irving,16.66,8.100000381469727
2025,15,RB,9,7-12,Woody Marks,16.57,4.800000190734863
2025,15,RB,10,7-12,Bijan Robinson,16.38,29.5
2025,15,RB,11,7-12,Christian McCaffrey,16.29,15.699999809265137
2025,15,RB,12,7-12,Chase Brown,15.08,16.0
2025,15,RB,13,13-24,James Cook,14.9,31.100000381469727
2025,15,RB,14,13-24,Breece Hall,14.71,5.699999809265137
2025,15,RB,15,13-24,Travis Etienne,14.15,31.5
2025,15,RB,16,13-24,Saquon Barkley,13.78,17.200000762939453
2025,15,RB,17,13-24,D'Andre Swift,13.3,22.600000381469727
2025,15,RB,18,13-24,RJ Harvey,12.9,10.5
2025,15,RB,19,13-24,TreVeyon Henderson,12.2,30.100000381469727
2025,15,RB,20,13-24,Josh Jacobs,12.2,23.200000762939453
2025,15,RB,22,13-24,Javonte Williams,12.0,15.100000381469727
2025,15,RB,23,13-24,Aaron Jones,12.0,9.5
2025,15,RB,24,13-24,Ashton Jeanty,11.4,8.199999809265137
2025,15,RB,25,25-40,Kareem Hunt,11.0,3.0
2025,15,RB,26,25-40,Kenneth Walker III,10.7,2.9000000953674316
2025,15,RB,27,25-40,Kyle Monangai,10.6,3.299999952316284
2025,15,RB,28,25-40,Omarion Hampton,10.4,7.5
2025,15,RB,29,25-40,Devin Neal,9.7,10.199999809265137
2025,15,RB,30,25-40,Tony Pollard,9.7,18.200000762939453
2025,15,RB,31,25-40,Rachaad White,9.4,3.5999999046325684
2025,15,RB,32,25-40,David Montgomery,9.4,9.199999809265137
2025,15,RB,33,25-40,Zach Charbonnet,9.2,3.0999999046325684
2025,15,RB,34,25-40,Tyrone Tracy Jr.,9.1,24.700000762939453
2025,15,RB,35,25-40,Jaylen Warren,8.9,7.800000190734863
2025,15,RB,38,25-40,Rhamondre Stevenson,8.5,10.699999809265137
2025,15,RB,39,25-40,Kenny Gainwell,8.4,19.600000381469727
2025,15,RB,40,25-40,Blake Corum,8.4,13.100000381469727
2025,15,WR,1,1-6,Puka Nacua,18.2,27.899999618530273
2025,15,WR,2,1-6,Davante Adams,17.3,11.100000381469727
2025,15,WR,3,1-6,CeeDee Lamb,15.4,17.100000381469727
2025,15,WR,4,1-6,Ja'Marr Chase,14.5,23.200000762939453
2025,15,WR,5,1-6,George Pickens,14.4,6.300000190734863
2025,15,WR,6,1-6,Nico Collins,13.8,23.5
2025,15,WR,7,7-12,Amon-Ra St. Brown,13.7,41.400001525878906
2025,15,WR,8,7-12,Jaxon Smith-Njigba,13.0,18.299999237060547
2025,15,WR,10,7-12,Rashee Rice,12.9,12.100000381469727
2025,15,WR,12,7-12,Justin Jefferson,12.3,4.199999809265137
2025,15,WR,13,13-24,A.J. Brown,11.9,12.100000381469727
2025,15,WR,14,13-24,Mike Evans,11.8,19.200000762939453
2025,15,WR,15,13-24,Tetairoa McMillan,11.8,4.5
2025,15,WR,16,13-24,Jordan Addison,11.7,8.600000381469727
2025,15,WR,18,13-24,Jameson Williams,11.3,26.399999618530273
2025,15,WR,19,13-24,Jauan Jennings,11.2,18.700000762939453
2025,15,WR,20,13-24,Michael Pittman,11.1,5.599999904632568
2025,15,WR,21,13-24,Courtland Sutton,10.9,24.299999237060547
2025,15,WR,22,13-24,Zay Flowers,10.7,15.800000190734863
2025,15,WR,23,13-24,Wan'Dale Robinson,10.4,16.399999618530273
2025,15,WR,24,13-24,Ladd McConkey,9.9,4.0
2025,15,WR,25,25-40,Stefon Diggs,9.6,5.599999904632568
2025,15,WR,26,25-40,Michael Wilson,9.6,16.399999618530273
2025,15,WR,27,25-40,Chris Godwin Jr.,9.5,14.0
2025,15,WR,28,25-40,Alec Pierce,9.5,2.5999999046325684
2025,15,WR,30,25-40,Terry McLaurin,9.3,15.899999618530273
2025,15,WR,32,25-40,Chris Olave,9.2,20.5
2025,15,WR,33,25-40,Kayshon Boutte,8.5,4.0
2025,15,WR,34,25-40,Jaylen Waddle,8.3,4.599999904632568
2025,15,WR,35,25-40,Christian Watson,8.2,5.900000095367432
2025,15,WR,36,25-40,Emeka Egbuka,8.1,10.399999618530273
2025,15,WR,38,25-40,Jakobi Meyers,8.0,12.100000381469727
2025,15,WR,40,25-40,DeVonta Smith,8.0,7.0
2025,15,WR,41,41-55,Keenan Allen,7.9,8.600000381469727
2025,15,WR,43,41-55,Jerry Jeudy,7.8,4.199999809265137
2025,15,WR,44,41-55,DK Metcalf,7.7,14.5
2025,15,WR,45,41-55,DJ Moore,7.6,22.899999618530273
2025,15,WR,46,41-55,Deebo Samuel Sr.,7.6,7.300000190734863
2025,15,WR,47,41-55,Troy Franklin,7.4,20.799999237060547
2025,15,WR,48,41-55,Josh Downs,7.3,10.300000190734863
2025,15,WR,49,41-55,Kendrick Bourne,7.3,3.700000047683716
2025,15,WR,50,41-55,Jayden Higgins,7.2,1.399999976158142
2025,15,WR,51,41-55,Chimere Dike,7.1,5.0
2025,15,WR,52,41-55,Xavier Worthy,6.7,5.5
2025,15,WR,53,41-55,Jalen Coker,6.7,14.0
2025,15,WR,54,41-55,Devaughn Vele,6.7,11.899999618530273
2025,15,WR,55,41-55,Mack Hollins,6.5,8.100000381469727
2025,15,TE,1,1-3,George Kittle,13.1,22.799999237060547
2025,15,TE,2,1-3,Jake Ferguson,10.9,3.5999999046325684
2025,15,TE,4,4-6,Mark Andrews,10.1,3.799999952316284
2025,15,TE,5,4-6,Harold Fannin Jr.,10.0,12.0
2025,15,TE,6,4-6,Trey McBride,9.9,37.400001525878906
2025,15,TE,7,7-12,Brock Bowers,9.8,8.800000190734863
2025,15,TE,8,7-12,Tyler Warren,9.5,4.900000095367432
2025,15,TE,11,7-12,Travis Kelce,9.0,14.0
2025,15,TE,12,7-12,Colston Loveland,8.8,10.100000381469727
2025,15,TE,13,13-20,Hunter Henry,8.5,2.799999952316284
2025,15,TE,14,13-20,Dalton Schultz,8.4,21.600000381469727
2025,15,TE,15,13-20,T.J. Hockenson,8.2,10.600000381469727
2025,15,TE,17,13-20,Colby Parkinson,7.2,24.5
2025,15,TE,18,13-20,Dallas Goedert,6.7,25.0
2025,15,TE,19,13-20,Brenton Strange,6.7,3.5999999046325684
2025,16,QB,1,1-6,Bo Nix,20.84,15.180000305175781
2025,16,QB,2,1-6,Josh Allen,20.33,6.900000095367432
2025,16,QB,3,1-6,Justin Herbert,20.11,30.200000762939453
2025,16,QB,4,1-6,Jacoby Brissett,19.15,10.619999885559082
2025,16,QB,5,1-6,Jared Goff,19.08,26.459999084472656
2025,16,QB,6,1-6,Jalen Hurts,18.34,19.399999618530273
2025,16,QB,7,7-12,Drake Maye,17.83,23.700000762939453
2025,16,QB,8,7-12,Matthew Stafford,17.53,30.8799991607666
2025,16,QB,10,7-12,Marcus Mariota,16.94,3.700000047683716
2025,16,QB,11,7-12,Caleb Williams,16.8,21.0
2025,16,QB,12,7-12,Trevor Lawrence,16.43,31.15999984741211
2025,16,QB,13,13-24,Tyler Shough,16.13,17.1200008392334
2025,16,QB,14,13-24,Brock Purdy,16.13,30.899999618530273
2025,16,QB,15,13-24,Kirk Cousins,16.06,17.579999923706055
2025,16,QB,16,13-24,Aaron Rodgers,15.99,15.539999961853027
2025,16,QB,17,13-24,Joe Burrow,15.91,28.959999084472656
2025,16,QB,18,13-24,C.J. Stroud,15.84,11.479999542236328
2025,16,QB,19,13-24,Dak Prescott,15.84,19.15999984741211
2025,16,QB,20,13-24,Baker Mayfield,15.62,12.699999809265137
2025,16,QB,21,13-24,Lamar Jackson,15.3,4.739999771118164
2025,16,QB,22,13-24,Philip Rivers,14.6,17.079999923706055
2025,16,QB,23,13-24,Bryce Young,14.6,17.639999389648438
2025,16,QB,24,13-24,J.J. McCarthy,14.5,8.319999694824219
2025,16,RB,1,1-6,Jahmyr Gibbs,23.34,22.799999237060547
2025,16,RB,2,1-6,Bijan Robinson,22.23,29.799999237060547
2025,16,RB,3,1-6,De'Von Achane,21.58,18.0
2025,16,RB,4,1-6,James Cook,19.26,26.399999618530273
2025,16,RB,5,1-6,Saquon Barkley,17.22,21.200000762939453
2025,16,RB,6,1-6,RJ Harvey,16.84,22.100000381469727
2025,16,RB,7,7-12,Jonathan Taylor,16.2,16.899999618530273
2025,16,RB,8,7-12,Kyren Williams,16.2,11.5
2025,16,RB,9,7-12,D'Andre Swift,15.55,9.0
2025,16,RB,10,7-12,Christian McCaffrey,15.36,32.599998474121094
2025,16,RB,11,7-12,Bucky Irving,14.99,7.099999904632568
2025,16,RB,12,7-12,TreVeyon Henderson,13.97,2.200000047683716
2025,16,RB,13,13-24,Rico Dowdle,13.69,8.300000190734863
2025,16,RB,14,13-24,Travis Etienne,13.3,16.600000381469727
2025,16,RB,15,13-24,Chase Brown,13.2,32.900001525878906
2025,16,RB,17,13-24,Breece Hall,12.9,8.300000190734863
2025,16,RB,18,13-24,Kenny Gainwell,12.8,23.799999237060547
2025,16,RB,19,13-24,Josh Jacobs,12.5,4.800000190734863
2025,16,RB,21,13-24,Derrick Henry,12.4,22.799999237060547
2025,16,RB,22,13-24,Javonte Williams,12.2,6.300000190734863
2025,16,RB,23,13-24,Omarion Hampton,12.0,16.5
2025,16,RB,25,25-40,Jaylen Warren,11.8,29.100000381469727
2025,16,RB,26,25-40,Aaron Jones,11.4,11.300000190734863
2025,16,RB,27,25-40,Kyle Monangai,10.9,12.300000190734863
2025,16,RB,28,25-40,Tony Pollard,10.8,10.199999809265137
2025,16,RB,29,25-40,David Montgomery,10.4,1.399999976158142
2025,16,RB,31,25-40,Kimani Vidal,9.5,1.100000023841858
2025,16,RB,32,25-40,Kareem Hunt,9.4,0.20000000298023224
2025,16,RB,34,25-40,Tyler Allgeier,8.8,8.300000190734863
2025,16,RB,36,25-40,Rhamondre Stevenson,8.8,17.799999237060547
2025,16,RB,37,25-40,Kenneth Walker III,8.5,25.399999618530273
2025,16,RB,38,25-40,Rachaad White,8.4,8.0
2025,16,RB,39,25-40,Blake Corum,8.3,13.100000381469727
2025,16,RB,40,25-40,Tyrone Tracy Jr.,8.0,9.800000190734863
2025,16,WR,1,1-6,Amon-Ra St. Brown,18.9,9.399999618530273
2025,16,WR,2,1-6,Drake London,15.8,5.699999809265137
2025,16,WR,3,1-6,A.J. Brown,14.8,18.5
2025,16,WR,4,1-6,CeeDee Lamb,14.4,11.100000381469727
2025,16,WR,5,1-6,Jameson Williams,13.7,12.0
2025,16,WR,6,1-6,Michael Wilson,13.6,13.199999809265137
2025,16,WR,7,7-12,Courtland Sutton,13.6,20.600000381469727
2025,16,WR,8,7-12,Puka Nacua,13.6,46.5
2025,16,WR,10,7-12,Ja'Marr Chase,12.7,19.899999618530273
2025,16,WR,11,7-12,DeVonta Smith,12.6,16.200000762939453
2025,16,WR,12,7-12,George Pickens,12.5,26.0
2025,16,WR,13,13-24,DK Metcalf,12.5,8.199999809265137
2025,16,WR,14,13-24,Ladd McConkey,12.3,14.300000190734863
2025,16,WR,15,13-24,Marvin Harrison Jr.,12.0,2.4000000953674316
2025,16,WR,16,13-24,Jaxon Smith-Njigba,11.6,23.600000381469727
2025,16,WR,17,13-24,Tee Higgins,11.5,14.300000190734863
2025,16,WR,18,13-24,Quentin Johnston,11.5,20.399999618530273
2025,16,WR,19,13-24,Nico Collins,11.5,9.899999618530273
2025,16,WR,20,13-24,DJ Moore,11.4,21.899999618530273
2025,16,WR,22,13-24,Keenan Allen,10.6,9.399999618530273
2025,16,WR,23,13-24,Mike Evans,9.9,14.100000381469727
2025,16,WR,25,25-40,Jauan Jennings,9.7,18.100000381469727
2025,16,WR,26,25-40,Troy Franklin,9.6,10.600000381469727
2025,16,WR,27,25-40,Stefon Diggs,9.6,22.799999237060547
2025,16,WR,29,25-40,Chris Olave,9.5,36.79999923706055
2025,16,WR,30,25-40,Zay Flowers,9.5,21.200000762939453
2025,16,WR,31,25-40,Michael Pittman,9.4,7.199999809265137
2025,16,WR,32,25-40,Terry McLaurin,8.9,8.300000190734863
2025,16,WR,34,25-40,Alec Pierce,8.8,24.600000381469727
2025,16,WR,35,25-40,Josh Downs,8.6,11.800000190734863
2025,16,WR,36,25-40,Christian Watson,8.6,3.700000047683716
2025,16,WR,38,25-40,Kayshon Boutte,8.1,2.5999999046325684
2025,16,WR,39,25-40,Tetairoa McMillan,8.1,19.299999237060547
2025,16,WR,40,25-40,Jakobi Meyers,7.8,8.600000381469727
2025,16,WR,41,41-55,Jordan Addison,7.7,4.599999904632568
2025,16,WR,42,41-55,Chris Godwin Jr.,7.7,8.0
2025,16,WR,43,41-55,Tyrell Shavers,7.7,3.0999999046325684
2025,16,WR,44,41-55,Justin Jefferson,7.6,14.5
2025,16,WR,46,41-55,Jaylen Waddle,7.5,12.199999809265137
2025,16,WR,47,41-55,Mack Hollins,7.5,13.899999618530273
2025,16,WR,48,41-55,Lil'Jordan Humphrey,7.3,1.899999976158142
2025,16,WR,49,41-55,Brian Thomas Jr.,7.1,3.799999952316284
2025,16,WR,51,41-55,Khalil Shakir,6.9,7.400000095367432
2025,16,WR,52,41-55,Jalen Coker,6.6,7.699999809265137
2025,16,WR,54,41-55,Deebo Samuel Sr.,6.6,6.5
2025,16,WR,55,41-55,Wan'Dale Robinson,6.5,5.199999809265137
2025,16,TE,1,1-3,Trey McBride,15.4,6.699999809265137
2025,16,TE,2,1-3,Dallas Goedert,13.4,12.199999809265137
2025,16,TE,3,1-3,Kyle Pitts,12.9,18.700000762939453
2025,16,TE,4,4-6,George Kittle,12.5,24.5
2025,16,TE,6,4-6,Colston Loveland,9.3,6.0
2025,16,TE,7,7-12,Travis Kelce,9.0,1.600000023841858
2025,16,TE,8,7-12,Oronde Gadsden II,8.6,1.7000000476837158
2025,16,TE,10,7-12,Tyler Warren,8.3,6.0
2025,16,TE,11,7-12,Colby Parkinson,8.2,4.099999904632568
2025,16,TE,12,7-12,Jake Ferguson,7.8,4.900000095367432
2025,16,TE,13,13-20,Brock Bowers,7.7,14.300000190734863
2025,16,TE,14,13-20,Harold Fannin Jr.,7.5,19.5
2025,16,TE,15,13-20,Hunter Henry,7.3,15.5
2025,16,TE,16,13-20,Darren Waller,7.2,7.0
2025,16,TE,17,13-20,Dalton Schultz,7.2,14.5
2025,16,TE,18,13-20,Dalton Kincaid,6.9,0.0
2025,16,TE,19,13-20,T.J. Hockenson,6.8,1.2000000476837158
2025,16,TE,20,13-20,Pat Freiermuth,6.7,6.0
2025,17,QB,1,1-6,Matthew Stafford,23.49,12.760000228881836
2025,17,QB,2,1-6,Joe Burrow,22.39,20.399999618530273
2025,17,QB,3,1-6,Josh Allen,20.84,23.18000030517578
2025,17,QB,4,1-6,Drake Maye,20.7,32.439998626708984
2025,17,QB,5,1-6,Dak Prescott,20.48,22.68000030517578
2025,17,QB,7,7-12,Trevor Lawrence,19.0,23.1200008392334
2025,17,QB,8,7-12,Brock Purdy,18.64,36.91999816894531
2025,17,QB,9,7-12,Bo Nix,18.27,19.479999542236328
2025,17,QB,10,7-12,Caleb Williams,17.9,23.0
2025,17,QB,11,7-12,Philip Rivers,17.61,7.78000020980835
2025,17,QB,12,7-12,Jacoby Brissett,16.72,16.479999542236328
2025,17,QB,13,13-24,Jared Goff,16.65,2.0799999237060547
2025,17,QB,14,13-24,Justin Herbert,15.99,15.140000343322754
2025,17,QB,16,13-24,Tyler Shough,15.62,21.920000076293945
2025,17,QB,19,13-24,Jalen Hurts,15.0,8.899999618530273
2025,17,QB,20,13-24,Baker Mayfield,15.0,17.440000534057617
2025,17,QB,21,13-24,Bryce Young,14.6,8.859999656677246
2025,17,QB,22,13-24,Sam Darnold,14.4,6.079999923706055
2025,17,QB,23,13-24,Jaxson Dart,14.2,25.079999923706055
2025,17,QB,24,13-24,Cam Ward,13.3,17.040000915527344
2025,17,RB,1,1-6,James Cook,22.6,8.699999809265137
2025,17,RB,2,1-6,Jonathan Taylor,20.74,17.399999618530273
2025,17,RB,3,1-6,De'Von Achane,20.65,14.199999809265137
2025,17,RB,4,1-6,Jahmyr Gibbs,20.37,6.400000095367432
2025,17,RB,5,1-6,Chase Brown,20.37,29.100000381469727
2025,17,RB,6,1-6,Derrick Henry,16.66,45.599998474121094
2025,17,RB,7,7-12,Ashton Jeanty,16.57,9.300000190734863
2025,17,RB,8,7-12,Kyren Williams,16.38,16.0
2025,17,RB,9,7-12,Christian McCaffrey,15.82,28.100000381469727
2025,17,RB,10,7-12,RJ Harvey,15.08,18.600000381469727
2025,17,RB,11,7-12,Bijan Robinson,14.9,39.900001525878906
2025,17,RB,12,7-12,TreVeyon Henderson,14.25,8.199999809265137
2025,17,RB,13,13-24,Javonte Williams,14.25,11.399999618530273
2025,17,RB,14,13-24,Travis Etienne,14.06,11.199999809265137
2025,17,RB,15,13-24,Josh Jacobs,13.97,1.2999999523162842
2025,17,RB,16,13-24,Tony Pollard,13.88,11.5
2025,17,RB,17,13-24,Jaylen Warren,13.6,6.400000095367432
2025,17,RB,18,13-24,D'Andre Swift,13.4,21.899999618530273
2025,17,RB,20,13-24,Rico Dowdle,12.7,9.300000190734863
2025,17,RB,21,13-24,Saquon Barkley,12.6,6.800000190734863
2025,17,RB,22,13-24,Kenneth Walker III,12.4,7.699999809265137
2025,17,RB,23,13-24,Rhamondre Stevenson,12.3,27.200000762939453
2025,17,RB,24,13-24,Kenny Gainwell,12.0,6.800000190734863
2025,17,RB,25,25-40,Bucky Irving,12.0,8.300000190734863
2025,17,RB,26,25-40,Aaron Jones,12.0,15.300000190734863
2025,17,RB,28,25-40,Tyjae Spears,11.1,1.100000023841858
2025,17,RB,29,25-40,Zach Charbonnet,10.4,26.200000762939453
2025,17,RB,30,25-40,Omarion Hampton,9.9,20.0
2025,17,RB,32,25-40,Blake Corum,9.5,1.7999999523162842
2025,17,RB,33,25-40,Kyle Monangai,9.1,7.699999809265137
2025,17,RB,37,25-40,Breece Hall,8.7,20.899999618530273
2025,17,RB,38,25-40,Tyrone Tracy Jr.,8.5,6.699999809265137
2025,17,RB,39,25-40,David Montgomery,8.5,6.0
2025,17,RB,40,25-40,Woody Marks,8.3,8.5
2025,17,WR,1,1-6,Puka Nacua,23.8,15.699999809265137
2025,17,WR,2,1-6,Ja'Marr Chase,17.7,25.0
2025,17,WR,3,1-6,CeeDee Lamb,17.7,9.600000381469727
2025,17,WR,4,1-6,George Pickens,16.4,11.800000190734863
2025,17,WR,6,1-6,Alec Pierce,15.3,0.0
2025,17,WR,7,7-12,Amon-Ra St. Brown,14.7,14.800000190734863
2025,17,WR,8,7-12,Tee Higgins,14.7,9.899999618530273
2025,17,WR,9,7-12,Jaxon Smith-Njigba,14.1,16.200000762939453
2025,17,WR,10,7-12,Michael Pittman,12.9,3.5999999046325684
2025,17,WR,11,7-12,Courtland Sutton,12.8,8.0
2025,17,WR,12,7-12,Chris Olave,11.7,25.899999618530273
2025,17,WR,14,13-24,Zay Flowers,11.6,13.0
2025,17,WR,15,13-24,Stefon Diggs,11.6,22.100000381469727
2025,17,WR,16,13-24,Jameson Williams,11.3,5.699999809265137
2025,17,WR,17,13-24,Terry McLaurin,11.2,11.300000190734863
2025,17,WR,18,13-24,Justin Jefferson,11.0,7.0
2025,17,WR,19,13-24,Drake London,10.7,1.399999976158142
2025,17,WR,20,13-24,Jauan Jennings,10.6,12.199999809265137
2025,17,WR,21,13-24,Nico Collins,10.5,8.699999809265137
2025,17,WR,22,13-24,A.J. Brown,10.2,11.800000190734863
2025,17,WR,23,13-24,Josh Downs,10.0,5.400000095367432
2025,17,WR,24,13-24,Michael Wilson,10.0,19.899999618530273
2025,17,WR,26,25-40,DJ Moore,9.8,1.7000000476837158
2025,17,WR,27,25-40,Tetairoa McMillan,9.8,1.5
2025,17,WR,28,25-40,Parker Washington,9.8,19.0
2025,17,WR,29,25-40,Jaylen Waddle,9.2,0.699999988079071
2025,17,WR,30,25-40,Mike Evans,9.2,12.100000381469727
2025,17,WR,31,25-40,Jordan Addison,9.0,12.5
2025,17,WR,32,25-40,Troy Franklin,8.9,5.699999809265137
2025,17,WR,33,25-40,Jakobi Meyers,8.9,7.900000095367432
2025,17,WR,34,25-40,Christian Watson,8.8,22.299999237060547
2025,17,WR,35,25-40,Ladd McConkey,8.4,4.099999904632568
2025,17,WR,38,25-40,Quentin Johnston,8.2,14.800000190734863
2025,17,WR,39,25-40,DeVonta Smith,8.1,4.5
2025,17,WR,42,41-55,Deebo Samuel Sr.,8.0,11.300000190734863
2025,17,WR,44,41-55,Khalil Shakir,7.7,9.5
2025,17,WR,45,41-55,Jalen Coker,7.5,3.5999999046325684
2025,17,WR,46,41-55,Brian Thomas Jr.,7.3,7.900000095367432
2025,17,WR,47,41-55,Romeo Doubs,7.2,9.199999809265137
2025,17,WR,48,41-55,Chris Godwin Jr.,7.2,23.799999237060547
2025,17,WR,49,41-55,Luther Burden III,7.2,27.799999237060547
2025,17,WR,50,41-55,Ricky Pearsall,7.0,13.5
2025,17,WR,53,41-55,Chimere Dike,6.7,10.199999809265137
2025,17,WR,54,41-55,Cooper Kupp,6.6,1.600000023841858
2025,17,WR,55,41-55,Jayden Reed,6.6,8.100000381469727
2025,17,TE,1,1-3,Trey McBride,16.3,23.600000381469727
2025,17,TE,4,4-6,Hunter Henry,10.8,13.899999618530273
2025,17,TE,5,4-6,Harold Fannin Jr.,10.5,11.0
2025,17,TE,7,7-12,Jake Ferguson,10.4,7.599999904632568
2025,17,TE,8,7-12,Tyler Warren,9.9,9.300000190734863
2025,17,TE,9,7-12,Mike Gesicki,9.9,6.699999809265137
2025,17,TE,11,7-12,Kyle Pitts,8.7,3.5999999046325684
2025,17,TE,12,7-12,Colby Parkinson,8.3,11.300000190734863
2025,17,TE,15,13-20,Colston Loveland,7.4,21.399999618530273
2025,17,TE,16,13-20,Dallas Goedert,7.3,9.800000190734863
2025,17,TE,17,13-20,Chig Okonkwo,7.1,14.5
2025,17,TE,18,13-20,Darren Waller,6.9,1.0
2025,17,TE,19,13-20,Travis Kelce,6.6,8.600000381469727
2025,17,TE,20,13-20,Dalton Schultz,6.5,4.900000095367432
