label,year,week,player,pos,base,var,actual,shift,abs_error
WR added to scheme scoring,2023,9,Tank Dell,WR,9.0,9.0,59.2,0.0,50.2
WR added to scheme scoring,2023,11,Tank Dell,WR,12.75,12.75,57.8,0.0,45.05
WR added to scheme scoring,2022,17,Mike Evans,WR,10.83,10.44,48.7,-0.39,38.26
WR added to scheme scoring,2023,16,Amari Cooper,WR,15.15,15.15,51.5,0.0,36.35
WR added to scheme scoring,2024,10,Ja'Marr Chase,WR,19.57,19.19,55.4,-0.38,36.21
WR added to scheme scoring,2023,5,DJ Moore,WR,13.52,12.94,49.0,-0.58,36.06
WR added to scheme scoring,2023,5,Ja'Marr Chase,WR,16.98,16.5,52.2,-0.48,35.7
WR added to scheme scoring,2022,14,Evan Engram,TE,6.15,6.15,39.2,0.0,33.05
WR added to scheme scoring,2025,9,Brock Bowers,TE,10.04,10.33,43.3,0.29,32.97
WR added to scheme scoring,2023,14,Odell Beckham Jr.,WR,7.56,7.56,39.4,0.0,31.84
WR added to scheme scoring,2025,3,Tre Tucker,WR,9.48,10.06,40.9,0.58,30.84
WR added to scheme scoring,2025,16,Puka Nacua,WR,14.96,16.21,46.5,1.25,30.29
WR added to scheme scoring,2024,14,Puka Nacua,WR,11.69,12.17,41.8,0.48,29.63
WR added to scheme scoring,2023,10,Tank Dell,WR,8.23,8.23,37.8,0.0,29.57
WR added to scheme scoring,2024,15,Davante Adams,WR,13.52,13.23,42.8,-0.29,29.57
WR added to scheme scoring,2023,10,Keenan Allen,WR,11.31,11.5,40.5,0.19,29.0
WR added to scheme scoring,2024,13,Jerry Jeudy,WR,11.69,11.69,40.5,0.0,28.81
WR added to scheme scoring,2025,14,Michael Wilson,WR,9.48,9.48,37.2,0.0,27.72
WR added to scheme scoring,2023,13,DK Metcalf,WR,9.87,9.77,37.4,-0.1,27.63
WR added to scheme scoring,2024,8,CeeDee Lamb,WR,12.27,12.37,39.6,0.1,27.23
WR added to scheme scoring,2025,15,Trey McBride,TE,10.23,10.23,37.4,0.0,27.17
WR added to scheme scoring,2024,18,Drake London,WR,14.0,13.71,40.7,-0.29,26.99
WR added to scheme scoring,2023,16,George Pickens,WR,8.71,8.62,35.5,-0.09,26.88
WR added to scheme scoring,2022,10,CeeDee Lamb,WR,11.5,11.21,38.0,-0.29,26.79
WR added to scheme scoring,2025,15,Amon-Ra St. Brown,WR,14.19,14.67,41.4,0.48,26.73
WR added to scheme scoring,2025,11,Michael Wilson,WR,6.98,6.98,33.5,0.0,26.52
WR added to scheme scoring,2023,8,CeeDee Lamb,WR,15.06,14.48,41.0,-0.58,26.52
WR added to scheme scoring,2025,16,Chris Olave,WR,10.25,10.35,36.8,0.1,26.45
WR added to scheme scoring,2023,17,Davante Adams,WR,12.75,11.6,37.6,-1.15,26.0
WR added to scheme scoring,2024,17,Malik Nabers,WR,10.35,10.35,36.1,0.0,25.75
WR added to scheme scoring,2022,8,A.J. Brown,WR,14.38,14.1,39.6,-0.28,25.5
WR added to scheme scoring,2022,15,Zay Jones,WR,9.58,9.67,34.9,0.09,25.23
WR added to scheme scoring,2023,14,Evan Engram,TE,7.29,7.29,32.5,0.0,25.21
WR added to scheme scoring,2023,3,Davante Adams,WR,17.27,17.27,42.2,0.0,24.93
WR added to scheme scoring,2024,15,Mike Evans,WR,12.17,11.98,36.9,-0.19,24.92
WR added to scheme scoring,2023,13,Deebo Samuel Sr.,WR,10.35,10.92,35.8,0.57,24.88
WR added to scheme scoring,2023,10,Brandin Cooks,WR,6.98,7.46,32.3,0.48,24.84
WR added to scheme scoring,2024,17,Tee Higgins,WR,15.83,15.44,40.1,-0.39,24.66
WR added to scheme scoring,2023,3,Keenan Allen,WR,19.48,20.92,45.46,1.44,24.54
WR added to scheme scoring,2024,5,Ja'Marr Chase,WR,16.79,16.79,41.3,0.0,24.51
WR added to scheme scoring,2023,4,A.J. Brown,WR,14.58,14.1,38.5,-0.48,24.4
WR added to scheme scoring,2023,4,Nico Collins,WR,11.5,11.5,35.8,0.0,24.3
WR added to scheme scoring,2025,11,Tetairoa McMillan,WR,8.91,8.91,33.0,0.0,24.09
WR added to scheme scoring,2022,16,T.J. Hockenson,TE,11.56,11.85,35.9,0.29,24.05
WR added to scheme scoring,2025,9,Drake London,WR,14.77,14.77,38.8,0.0,24.03
WR added to scheme scoring,2022,14,Jerry Jeudy,WR,9.39,9.39,33.3,0.0,23.91
WR added to scheme scoring,2024,14,Jordan Addison,WR,15.83,15.54,39.3,-0.29,23.76
WR added to scheme scoring,2025,7,DeVonta Smith,WR,9.96,9.58,33.3,-0.38,23.72
WR added to scheme scoring,2024,11,Brock Bowers,TE,7.67,7.67,31.3,0.0,23.63
WR added to scheme scoring,2024,9,Jaxon Smith-Njigba,WR,11.21,13.42,37.0,2.21,23.58
WR added to scheme scoring,2023,13,Ja'Marr Chase,WR,8.52,8.23,31.62,-0.29,23.39
WR added to scheme scoring,2023,18,Nico Collins,WR,11.21,11.21,34.5,0.0,23.29
WR added to scheme scoring,2025,8,Tucker Kraft,TE,9.47,10.04,33.3,0.57,23.26
WR added to scheme scoring,2023,12,Tank Dell,WR,11.79,11.79,34.4,0.0,22.61
WR added to scheme scoring,2025,12,Wan'Dale Robinson,WR,7.66,8.04,30.6,0.38,22.56
WR added to scheme scoring,2022,8,DeAndre Hopkins,WR,11.4,11.4,33.9,0.0,22.5
WR added to scheme scoring,2023,16,Puka Nacua,WR,10.35,10.54,33.0,0.19,22.46
WR added to scheme scoring,2023,13,Nico Collins,WR,11.89,11.89,34.1,0.0,22.21
WR added to scheme scoring,2025,13,A.J. Brown,WR,12.65,13.13,35.2,0.48,22.07
WR added to scheme scoring,2025,9,Tee Higgins,WR,10.73,11.21,33.1,0.48,21.89
WR added to scheme scoring,2024,12,Jordan Addison,WR,8.43,8.33,30.2,-0.1,21.87
WR added to scheme scoring,2022,5,Gabe Davis,WR,10.16,10.25,32.1,0.09,21.85
WR added to scheme scoring,2022,17,Davante Adams,WR,12.37,12.46,34.3,0.09,21.84
WR added to scheme scoring,2024,6,Chris Godwin Jr.,WR,13.71,13.71,35.5,0.0,21.79
WR added to scheme scoring,2024,14,Ja'Marr Chase,WR,23.32,23.42,45.1,0.1,21.68
WR added to scheme scoring,2022,13,Davante Adams,WR,16.11,16.02,37.7,-0.09,21.68
WR added to scheme scoring,2024,15,Amon-Ra St. Brown,WR,16.5,15.83,37.3,-0.67,21.47
WR added to scheme scoring,2022,16,DeVonta Smith,WR,9.77,9.87,31.3,0.1,21.43
WR added to scheme scoring,2024,16,Justin Jefferson,WR,15.63,15.06,36.4,-0.57,21.34
WR added to scheme scoring,2025,4,George Pickens,WR,12.08,12.08,33.4,0.0,21.32
WR added to scheme scoring,2024,11,Jonnu Smith,TE,6.91,7.0,28.1,0.09,21.1
WR added to scheme scoring,2023,4,Chris Olave,WR,22.84,22.46,1.4,-0.38,21.06
WR added to scheme scoring,2024,8,Cade Otton,TE,7.95,8.14,29.1,0.19,20.96
WR added to scheme scoring,2023,13,Sam LaPorta,TE,8.05,8.05,29.0,0.0,20.95
WR added to scheme scoring,2025,18,Alec Pierce,WR,8.04,8.33,29.2,0.29,20.87
WR added to scheme scoring,2022,9,Davante Adams,WR,15.83,15.73,36.6,-0.1,20.87
WR added to scheme scoring,2025,4,Puka Nacua,WR,15.83,15.15,36.0,-0.68,20.85
WR added to scheme scoring,2023,17,DJ Moore,WR,9.67,10.06,30.9,0.39,20.84
WR added to scheme scoring,2023,10,CeeDee Lamb,WR,18.71,18.71,39.5,0.0,20.79
WR added to scheme scoring,2023,3,Adam Thielen,WR,11.21,10.73,31.5,-0.48,20.77
WR added to scheme scoring,2023,18,Justin Jefferson,WR,15.83,15.25,36.0,-0.58,20.75
WR added to scheme scoring,2022,16,CeeDee Lamb,WR,14.0,13.33,34.0,-0.67,20.67
WR added to scheme scoring,2025,3,Hunter Henry,TE,8.33,8.33,29.0,0.0,20.67
WR added to scheme scoring,2025,5,Emeka Egbuka,WR,10.64,10.64,31.3,0.0,20.66
WR added to scheme scoring,2025,6,Drake London,WR,11.4,11.21,31.8,-0.19,20.59
WR added to scheme scoring,2022,11,Davante Adams,WR,12.17,12.56,33.1,0.39,20.54
WR added to scheme scoring,2022,3,DeVonta Smith,WR,10.73,10.54,30.9,-0.19,20.36
WR added to scheme scoring,2023,11,Calvin Ridley,WR,11.79,10.83,31.1,-0.96,20.27
WR added to scheme scoring,2023,5,Justin Jefferson,WR,25.05,26.01,5.8,0.96,20.21
WR added to scheme scoring,2023,7,Travis Kelce,TE,15.27,15.74,35.9,0.47,20.16
WR added to scheme scoring,2022,11,Josh Palmer,WR,10.54,10.44,30.6,-0.1,20.16
WR added to scheme scoring,2025,12,Jaxon Smith-Njigba,WR,17.27,16.98,37.1,-0.29,20.12
WR added to scheme scoring,2025,17,Luther Burden III,WR,8.04,7.75,27.8,-0.29,20.05
WR added to scheme scoring,2025,6,George Pickens,WR,11.6,11.79,31.8,0.19,20.01
WR added to scheme scoring,2024,5,Garrett Wilson,WR,9.1,9.1,29.1,0.0,20.0
WR added to scheme scoring,2024,11,Amon-Ra St. Brown,WR,18.32,18.71,38.7,0.39,19.99
WR added to scheme scoring,2022,10,Christian Kirk,WR,11.69,11.6,31.5,-0.09,19.9
WR added to scheme scoring,2022,18,Keenan Allen,WR,10.16,10.35,30.2,0.19,19.85
WR added to scheme scoring,2023,5,George Kittle,TE,8.05,7.86,27.7,-0.19,19.84
WR added to scheme scoring,2025,13,Amon-Ra St. Brown,WR,18.8,19.77,0.0,0.97,19.77
WR added to scheme scoring,2022,13,A.J. Brown,WR,12.56,12.17,31.9,-0.39,19.73
WR added to scheme scoring,2024,3,Dallas Goedert,TE,7.0,7.29,27.0,0.29,19.71
WR added to scheme scoring,2024,13,Brock Bowers,TE,10.33,10.52,30.2,0.19,19.68
WR added to scheme scoring,2025,6,Puka Nacua,WR,24.67,24.47,4.8,-0.2,19.67
WR added to scheme scoring,2024,12,Jaylen Waddle,WR,8.62,8.81,28.4,0.19,19.59
WR added to scheme scoring,2025,14,Puka Nacua,WR,15.83,16.11,35.7,0.28,19.59
WR added to scheme scoring,2024,5,Darnell Mooney,WR,11.12,11.98,31.5,0.86,19.52
WR added to scheme scoring,2023,7,Jordan Addison,WR,11.79,11.79,31.3,0.0,19.51
WR added to scheme scoring,2023,14,Tyreek Hill,WR,30.34,29.57,10.1,-0.77,19.47
WR added to scheme scoring,2023,7,Cooper Kupp,WR,26.49,26.3,6.9,-0.19,19.4
WR added to scheme scoring,2025,7,Keenan Allen,WR,10.06,9.58,28.9,-0.48,19.32
WR added to scheme scoring,2022,16,George Kittle,TE,10.71,10.71,30.0,0.0,19.29
WR added to scheme scoring,2025,18,Zay Flowers,WR,10.54,10.54,29.8,0.0,19.26
WR added to scheme scoring,2022,17,Justin Jefferson,WR,22.46,21.5,2.5,-0.96,19.0
WR added to scheme scoring,2023,17,CeeDee Lamb,WR,22.17,21.21,40.2,-0.96,18.99
WR added to scheme scoring,2023,10,T.J. Hockenson,TE,11.47,11.47,30.4,0.0,18.93
WR added to scheme scoring,2024,15,DeVonta Smith,WR,9.0,9.1,28.0,0.1,18.9
WR added to scheme scoring,2022,12,Zay Jones,WR,8.62,8.62,27.5,0.0,18.88
WR added to scheme scoring,2023,9,Dalton Schultz,TE,8.14,8.14,27.0,0.0,18.86
WR added to scheme scoring,2023,11,A.J. Brown,WR,19.57,20.63,1.8,1.06,18.83
WR added to scheme scoring,2025,7,A.J. Brown,WR,8.91,9.29,28.1,0.38,18.81
WR added to scheme scoring,2022,10,Cooper Kupp,WR,21.59,21.59,2.9,0.0,18.69
WR added to scheme scoring,2023,14,Deebo Samuel Sr.,WR,15.34,15.34,34.0,0.0,18.66
WR added to scheme scoring,2022,11,Amari Cooper,WR,12.65,12.65,31.3,0.0,18.65
WR added to scheme scoring,2023,4,Stefon Diggs,WR,17.46,17.36,36.0,-0.1,18.64
WR added to scheme scoring,2025,7,Ja'Marr Chase,WR,19.19,19.48,38.1,0.29,18.62
WR added to scheme scoring,2024,14,Jauan Jennings,WR,9.29,9.39,28.0,0.1,18.61
WR added to scheme scoring,2023,17,Jayden Reed,WR,8.71,8.33,26.9,-0.38,18.57
WR added to scheme scoring,2024,16,Brian Thomas Jr.,WR,9.48,9.67,28.2,0.19,18.53
WR added to scheme scoring,2022,10,Justin Jefferson,WR,17.07,16.88,35.3,-0.19,18.42
WR added to scheme scoring,2023,13,Christian Watson,WR,9.0,9.19,27.6,0.19,18.41
WR added to scheme scoring,2023,15,Jordan Addison,WR,10.73,10.73,29.1,0.0,18.37
WR added to scheme scoring,2024,9,Garrett Wilson,WR,11.6,11.69,30.0,0.09,18.31
WR added to scheme scoring,2022,13,Amon-Ra St. Brown,WR,16.59,16.4,34.6,-0.19,18.2
WR added to scheme scoring,2025,4,Romeo Doubs,WR,13.23,11.6,29.8,-1.63,18.2
WR added to scheme scoring,2024,4,Jayden Reed,WR,8.62,9.0,27.1,0.38,18.1
WR added to scheme scoring,2022,6,Ja'Marr Chase,WR,14.19,14.1,32.2,-0.09,18.1
WR added to scheme scoring,2022,7,Tyler Boyd,WR,11.69,11.5,29.5,-0.19,18.0
WR added to scheme scoring,2022,12,Garrett Wilson,WR,8.91,8.43,26.4,-0.48,17.97
WR added to scheme scoring,2022,3,Justin Jefferson,WR,22.26,22.36,4.4,0.1,17.96
WR added to scheme scoring,2025,7,Trey McBride,TE,11.47,11.47,29.4,0.0,17.93
WR added to scheme scoring,2024,12,Courtland Sutton,WR,10.83,11.79,29.7,0.96,17.91
WR added to scheme scoring,2025,8,Troy Franklin,WR,9.19,9.0,26.9,-0.19,17.9
WR added to scheme scoring,2023,14,David Njoku,TE,9.28,9.28,27.1,0.0,17.82
WR added to scheme scoring,2024,14,Tyreek Hill,WR,10.16,10.44,28.1,0.28,17.66
WR added to scheme scoring,2022,4,Mike Evans,WR,12.75,12.65,30.3,-0.1,17.65
WR added to scheme scoring,2025,14,Harold Fannin Jr.,TE,7.76,7.76,25.4,0.0,17.64
WR added to scheme scoring,2024,8,Travis Kelce,TE,7.38,7.38,25.0,0.0,17.62
WR added to scheme scoring,2023,14,Drake London,WR,11.79,11.6,29.2,-0.19,17.6
WR added to scheme scoring,2024,5,Drake London,WR,14.77,15.92,33.4,1.15,17.48
WR added to scheme scoring,2022,6,Brandon Aiyuk,WR,10.64,10.83,28.3,0.19,17.47
WR added to scheme scoring,2024,17,Ladd McConkey,WR,11.21,11.98,29.4,0.77,17.42
WR added to scheme scoring,2022,12,Chris Godwin Jr.,WR,11.5,11.6,29.0,0.1,17.4
WR added to scheme scoring,2024,17,Michael Pittman,WR,8.71,8.52,25.9,-0.19,17.38
WR added to scheme scoring,2023,9,Cade Otton,TE,7.57,7.67,25.0,0.1,17.33
WR added to scheme scoring,2022,8,Davante Adams,WR,18.8,18.52,1.2,-0.28,17.32
WR added to scheme scoring,2024,18,Jordan Addison,WR,18.04,18.32,1.0,0.28,17.32
WR added to scheme scoring,2025,6,Kayshon Boutte,WR,9.0,9.0,26.3,0.0,17.3
WR added to scheme scoring,2022,4,Justin Jefferson,WR,13.81,13.71,31.0,-0.1,17.29
WR added to scheme scoring,2025,3,Zay Flowers,WR,20.53,20.53,3.3,0.0,17.23
WR added to scheme scoring,2022,11,Travis Kelce,TE,18.31,18.31,35.5,0.0,17.19
WR added to scheme scoring,2022,15,Russell Gage,WR,8.71,8.71,25.9,0.0,17.19
WR added to scheme scoring,2024,3,Malik Nabers,WR,11.02,11.02,28.2,0.0,17.18
WR added to scheme scoring,2023,4,Cole Kmet,TE,10.42,10.42,27.6,0.0,17.18
WR added to scheme scoring,2024,11,Jauan Jennings,WR,8.14,7.95,25.1,-0.19,17.15
WR added to scheme scoring,2024,17,Zach Ertz,TE,7.57,8.05,25.2,0.48,17.15
WR added to scheme scoring,2024,17,DeVonta Smith,WR,12.85,12.94,30.0,0.09,17.06
WR added to scheme scoring,2024,5,Tee Higgins,WR,12.46,12.27,29.3,-0.19,17.03
WR added to scheme scoring,2024,8,Ladd McConkey,WR,11.98,12.08,29.1,0.1,17.02
WR added to scheme scoring,2024,4,Rashee Rice,WR,17.84,16.98,0.0,-0.86,16.98
WR added to scheme scoring,2023,5,Adam Thielen,WR,11.21,10.73,27.7,-0.48,16.97
WR added to scheme scoring,2023,18,DK Metcalf,WR,19.0,18.9,2.0,-0.1,16.9
WR added to scheme scoring,2024,4,Nico Collins,WR,16.21,16.21,33.1,0.0,16.89
WR added to scheme scoring,2024,9,Zay Flowers,WR,12.85,12.85,29.7,0.0,16.85
WR added to scheme scoring,2025,5,Jaxon Smith-Njigba,WR,10.06,10.35,27.2,0.29,16.85
WR added to scheme scoring,2025,5,Ja'Marr Chase,WR,11.79,12.17,29.0,0.38,16.83
WR added to scheme scoring,2024,13,David Njoku,TE,9.38,9.38,26.2,0.0,16.82
WR added to scheme scoring,2023,10,Amon-Ra St. Brown,WR,14.96,13.71,30.5,-1.25,16.79
WR added to scheme scoring,2025,15,Colby Parkinson,TE,7.86,7.76,24.5,-0.1,16.74
WR added to scheme scoring,2024,7,David Njoku,TE,6.91,6.91,23.6,0.0,16.69
WR added to scheme scoring,2022,13,Tyler Lockett,WR,11.31,11.12,27.8,-0.19,16.68
WR added to scheme scoring,2024,14,Davante Adams,WR,9.29,9.29,25.9,0.0,16.61
WR added to scheme scoring,2022,3,David Njoku,TE,7.29,7.29,23.9,0.0,16.61
WR added to scheme scoring,2023,7,Josh Downs,WR,6.22,6.89,23.5,0.67,16.61
WR added to scheme scoring,2023,6,Amon-Ra St. Brown,WR,14.1,13.81,30.4,-0.29,16.59
WR added to scheme scoring,2023,15,David Njoku,TE,9.85,9.85,26.4,0.0,16.55
WR added to scheme scoring,2025,10,Emeka Egbuka,WR,7.08,6.98,23.5,-0.1,16.52
WR added to scheme scoring,2022,3,DJ Moore,WR,17.84,19.0,2.5,1.16,16.5
WR added to scheme scoring,2022,10,Cole Kmet,TE,7.0,6.91,23.4,-0.09,16.49
WR added to scheme scoring,2022,10,A.J. Brown,WR,18.61,18.13,1.7,-0.48,16.43
WR added to scheme scoring,2024,16,Jameson Williams,WR,9.87,9.58,26.0,-0.29,16.42
WR added to scheme scoring,2024,5,Brock Bowers,TE,7.29,7.29,23.7,0.0,16.41
WR added to scheme scoring,2023,15,Chris Godwin Jr.,WR,9.0,9.1,25.5,0.1,16.4
WR added to scheme scoring,2024,18,Jakobi Meyers,WR,11.02,10.92,27.3,-0.1,16.38
WR added to scheme scoring,2025,6,Dallas Goedert,TE,9.28,9.66,26.0,0.38,16.34
WR added to scheme scoring,2023,9,Cole Kmet,TE,7.57,7.19,23.5,-0.38,16.31
WR added to scheme scoring,2025,10,George Kittle,TE,7.19,7.1,23.4,-0.09,16.3
WR added to scheme scoring,2024,5,DJ Moore,WR,11.69,11.21,27.5,-0.48,16.29
WR added to scheme scoring,2024,16,Keenan Allen,WR,12.46,12.85,29.1,0.39,16.25
WR added to scheme scoring,2024,17,Adam Thielen,WR,12.08,11.79,28.0,-0.29,16.21
WR added to scheme scoring,2025,12,Jameson Williams,WR,16.4,16.21,0.0,-0.19,16.21
WR added to scheme scoring,2023,5,Tyreek Hill,WR,15.34,15.92,32.1,0.58,16.18
WR added to scheme scoring,2022,17,Dalton Schultz,TE,8.52,8.43,24.6,-0.09,16.17
WR added to scheme scoring,2024,11,Jerry Jeudy,WR,10.06,10.06,26.2,0.0,16.14
WR added to scheme scoring,2023,5,Dallas Goedert,TE,9.09,9.57,25.7,0.48,16.13
WR added to scheme scoring,2022,7,JuJu Smith-Schuster,WR,9.58,9.29,25.4,-0.29,16.11
WR added to scheme scoring,2024,13,Terry McLaurin,WR,10.92,11.31,27.3,0.39,15.99
WR added to scheme scoring,2023,13,Mike Evans,WR,12.94,13.23,29.2,0.29,15.97
WR added to scheme scoring,2023,15,Terry McLaurin,WR,9.77,10.16,26.1,0.39,15.94
WR added to scheme scoring,2022,15,George Kittle,TE,9.38,9.38,25.3,0.0,15.92
WR added to scheme scoring,2025,11,George Pickens,WR,13.9,13.52,29.4,-0.38,15.88
WR added to scheme scoring,2023,6,Puka Nacua,WR,24.47,22.46,6.6,-2.01,15.86
WR added to scheme scoring,2024,17,Terry McLaurin,WR,17.94,17.36,1.5,-0.58,15.86
WR added to scheme scoring,2025,17,Chris Godwin Jr.,WR,8.14,7.95,23.8,-0.19,15.85
WR added to scheme scoring,2022,3,Marquise Brown,WR,12.17,12.17,28.0,0.0,15.83
WR added to scheme scoring,2025,3,Mark Andrews,TE,11.28,11.28,27.1,0.0,15.82
WR added to scheme scoring,2023,8,Travis Kelce,TE,28.0,27.62,11.8,-0.38,15.82
WR added to scheme scoring,2022,5,Tyler Lockett,WR,11.79,11.6,27.4,-0.19,15.8
WR added to scheme scoring,2023,5,George Pickens,WR,10.83,10.83,26.6,0.0,15.77
WR added to scheme scoring,2024,11,Cooper Kupp,WR,12.08,12.85,28.6,0.77,15.75
WR added to scheme scoring,2022,4,Diontae Johnson,WR,17.94,19.86,4.2,1.92,15.66
WR added to scheme scoring,2025,6,Jaxon Smith-Njigba,WR,15.54,14.58,30.2,-0.96,15.62
WR added to scheme scoring,2024,12,Noah Gray,TE,6.91,7.0,22.6,0.09,15.6
WR added to scheme scoring,2022,3,Russell Gage,WR,8.81,9.1,24.7,0.29,15.6
WR added to scheme scoring,2025,12,DJ Moore,WR,8.14,7.85,23.4,-0.29,15.55
WR added to scheme scoring,2023,4,Jordan Addison,WR,15.83,15.44,0.0,-0.39,15.44
WR added to scheme scoring,2024,5,Tucker Kraft,TE,9.38,9.38,24.8,0.0,15.42
WR added to scheme scoring,2024,17,Trey McBride,TE,14.89,14.89,30.3,0.0,15.41
WR added to scheme scoring,2024,12,DJ Moore,WR,11.6,11.5,26.9,-0.1,15.4
WR added to scheme scoring,2024,6,Cole Kmet,TE,8.14,8.62,24.0,0.48,15.38
WR added to scheme scoring,2023,6,Adam Thielen,WR,14.0,13.13,28.5,-0.87,15.37
WR added to scheme scoring,2024,3,Rashid Shaheed,WR,14.77,15.34,0.0,0.57,15.34
WR added to scheme scoring,2023,3,Deebo Samuel Sr.,WR,9.77,9.77,25.1,0.0,15.33
WR added to scheme scoring,2022,8,DJ Moore,WR,12.46,12.17,27.5,-0.29,15.33
WR added to scheme scoring,2022,18,Tee Higgins,WR,16.69,16.98,1.7,0.29,15.28
WR added to scheme scoring,2022,5,Justin Jefferson,WR,14.29,15.06,30.32,0.77,15.26
WR added to scheme scoring,2022,17,Amari Cooper,WR,10.25,10.25,25.5,0.0,15.25
WR added to scheme scoring,2023,3,Puka Nacua,WR,27.17,27.45,12.2,0.28,15.25
WR added to scheme scoring,2024,11,Tee Higgins,WR,14.48,14.58,29.8,0.1,15.22
WR added to scheme scoring,2025,5,Stefon Diggs,WR,9.48,9.39,24.6,-0.09,15.21
WR added to scheme scoring,2023,10,Stefon Diggs,WR,23.32,21.59,6.4,-1.73,15.19
WR added to scheme scoring,2023,18,Evan Engram,TE,8.9,8.71,23.9,-0.19,15.19
WR added to scheme scoring,2022,4,Amari Cooper,WR,17.07,17.07,1.9,0.0,15.17
WR added to scheme scoring,2022,6,Chase Claypool,WR,8.23,8.23,23.4,0.0,15.17
WR added to scheme scoring,2023,18,CeeDee Lamb,WR,21.59,20.34,35.5,-1.25,15.16
WR added to scheme scoring,2024,10,Calvin Ridley,WR,10.35,10.25,25.4,-0.1,15.15
WR added to scheme scoring,2022,7,Parris Campbell,WR,7.56,7.85,23.0,0.29,15.15
WR added to scheme scoring,2023,4,T.J. Hockenson,TE,19.73,19.54,4.4,-0.19,15.14
WR added to scheme scoring,2022,7,Mark Andrews,TE,15.46,15.46,0.4,0.0,15.06
WR added to scheme scoring,2022,8,Jaylen Waddle,WR,16.4,15.54,30.6,-0.86,15.06
WR added to scheme scoring,2024,18,Justin Jefferson,WR,23.03,23.42,8.4,0.39,15.02
WR added to scheme scoring,2024,3,Amari Cooper,WR,12.46,12.65,27.6,0.19,14.95
WR added to scheme scoring,2023,17,Juwan Johnson,TE,7.86,8.05,23.0,0.19,14.95
WR added to scheme scoring,2025,14,Christian Watson,WR,9.96,10.06,24.9,0.1,14.84
WR added to scheme scoring,2025,12,Hunter Henry,TE,9.28,9.66,24.5,0.38,14.84
WR added to scheme scoring,2025,7,Chris Olave,WR,11.98,11.98,26.8,0.0,14.82
WR added to scheme scoring,2022,18,Jerry Jeudy,WR,9.48,9.48,24.3,0.0,14.82
WR added to scheme scoring,2022,13,DK Metcalf,WR,12.65,11.89,26.7,-0.76,14.81
WR added to scheme scoring,2023,9,Jake Ferguson,TE,6.72,7.29,22.1,0.57,14.81
WR added to scheme scoring,2023,3,DeVonta Smith,WR,22.17,21.59,6.8,-0.58,14.79
WR added to scheme scoring,2023,15,Jaylen Waddle,WR,12.75,13.42,28.2,0.67,14.78
WR added to scheme scoring,2023,15,Sam LaPorta,TE,14.13,13.84,28.6,-0.29,14.76
WR added to scheme scoring,2025,15,DJ Moore,WR,8.43,8.14,22.9,-0.29,14.76
WR added to scheme scoring,2025,16,Alec Pierce,WR,9.67,9.87,24.6,0.2,14.73
WR added to scheme scoring,2025,10,Trey McBride,TE,12.99,12.99,27.7,0.0,14.71
WR added to scheme scoring,2023,12,Cooper Kupp,WR,18.71,19.48,4.8,0.77,14.68
WR added to scheme scoring,2023,4,Deebo Samuel Sr.,WR,15.06,15.25,0.6,0.19,14.65
WR added to scheme scoring,2024,18,Pat Freiermuth,TE,7.76,7.95,22.5,0.19,14.55
WR added to scheme scoring,2025,11,Travis Kelce,TE,9.47,9.57,24.1,0.1,14.53
WR added to scheme scoring,2025,15,Jameson Williams,WR,11.89,11.89,26.4,0.0,14.51
WR added to scheme scoring,2024,13,Adam Thielen,WR,9.58,9.39,23.9,-0.19,14.51
WR added to scheme scoring,2024,14,Tee Higgins,WR,18.8,18.8,4.3,0.0,14.5
WR added to scheme scoring,2025,17,Alec Pierce,WR,15.63,14.48,0.0,-1.15,14.48
WR added to scheme scoring,2023,16,Mike Evans,WR,13.42,13.13,27.6,-0.29,14.47
WR added to scheme scoring,2024,5,Jerry Jeudy,WR,17.07,17.07,2.6,0.0,14.47
WR added to scheme scoring,2024,17,Mike Evans,WR,15.63,15.25,29.7,-0.38,14.45
WR added to scheme scoring,2025,14,Tee Higgins,WR,12.37,12.75,27.2,0.38,14.45
WR added to scheme scoring,2023,12,Rashee Rice,WR,10.16,10.25,24.7,0.09,14.45
WR added to scheme scoring,2022,16,Tee Higgins,WR,12.37,12.37,26.8,0.0,14.43
WR added to scheme scoring,2024,15,Malik Nabers,WR,9.87,9.77,24.2,-0.1,14.43
WR added to scheme scoring,2022,17,Brandon Aiyuk,WR,11.98,12.27,26.7,0.29,14.43
WR added to scheme scoring,2023,14,Cooper Kupp,WR,10.83,11.12,25.5,0.29,14.38
WR added to scheme scoring,2023,9,Jonnu Smith,TE,6.72,6.62,21.0,-0.1,14.38
WR added to scheme scoring,2023,16,Courtland Sutton,WR,14.48,14.38,0.0,-0.1,14.38
WR added to scheme scoring,2023,16,Gabe Davis,WR,9.0,8.62,23.0,-0.38,14.38
WR added to scheme scoring,2024,6,Garrett Wilson,WR,9.87,10.35,24.7,0.48,14.35
WR added to scheme scoring,2024,12,Jonnu Smith,TE,9.47,9.38,23.7,-0.09,14.32
WR added to scheme scoring,2022,3,Mark Andrews,TE,14.6,14.6,28.9,0.0,14.3
WR added to scheme scoring,2024,13,Mike Evans,WR,11.69,11.5,25.8,-0.19,14.3
WR added to scheme scoring,2023,12,Nico Collins,WR,9.1,9.1,23.4,0.0,14.3
WR added to scheme scoring,2022,5,Travis Kelce,TE,19.35,19.26,33.5,-0.09,14.24
WR added to scheme scoring,2024,17,Brian Thomas Jr.,WR,9.58,9.67,23.9,0.09,14.23
WR added to scheme scoring,2023,5,DeVonta Smith,WR,15.06,15.83,1.6,0.77,14.23
WR added to scheme scoring,2025,11,DeVonta Smith,WR,15.54,16.02,1.8,0.48,14.22
WR added to scheme scoring,2024,8,Kyle Pitts,TE,10.23,10.9,25.1,0.67,14.2
WR added to scheme scoring,2022,14,JuJu Smith-Schuster,WR,8.33,8.23,22.4,-0.1,14.17
WR added to scheme scoring,2022,9,Dallas Goedert,TE,10.04,9.85,24.0,-0.19,14.15
WR added to scheme scoring,2022,13,Travis Kelce,TE,22.39,21.73,7.6,-0.66,14.13
WR added to scheme scoring,2022,4,Deebo Samuel Sr.,WR,9.48,9.58,23.7,0.1,14.12
WR added to scheme scoring,2023,16,Calvin Ridley,WR,11.89,11.69,25.8,-0.2,14.11
WR added to scheme scoring,2023,8,A.J. Brown,WR,21.11,18.9,33.0,-2.21,14.1
WR added to scheme scoring,2023,9,Travis Kelce,TE,17.93,18.5,4.4,0.57,14.1
WR added to scheme scoring,2024,8,Calvin Ridley,WR,8.23,8.52,22.6,0.29,14.08
WR added to scheme scoring,2025,9,Dalton Kincaid,TE,8.14,8.05,22.1,-0.09,14.05
WR added to scheme scoring,2025,5,Jake Ferguson,TE,10.33,9.85,23.9,-0.48,14.05
WR added to scheme scoring,2025,18,CeeDee Lamb,WR,15.34,15.44,1.4,0.1,14.04
WR added to scheme scoring,2023,15,Brandon Aiyuk,WR,20.53,20.73,6.7,0.2,14.03
WR added to scheme scoring,2024,12,Trey McBride,TE,11.28,11.28,25.3,0.0,14.02
WR added to scheme scoring,2023,12,Zay Flowers,WR,9.19,9.19,23.2,0.0,14.01
WR added to scheme scoring,2022,12,Amon-Ra St. Brown,WR,13.62,13.9,27.9,0.28,14.0
WR added to scheme scoring,2023,16,DJ Moore,WR,18.71,18.8,4.8,0.09,14.0
WR added to scheme scoring,2025,13,Jameson Williams,WR,13.13,12.94,26.9,-0.19,13.96
WR added to scheme scoring,2022,4,Jaylen Waddle,WR,19.48,19.86,5.9,0.38,13.96
WR added to scheme scoring,2022,3,Chris Olave,WR,8.91,9.77,23.7,0.86,13.93
WR added to scheme scoring,2024,8,George Kittle,TE,10.8,10.9,24.8,0.1,13.9
WR added to scheme scoring,2023,12,Adam Thielen,WR,14.96,15.06,1.2,0.1,13.86
WR added to scheme scoring,2025,11,Amon-Ra St. Brown,WR,18.71,20.05,6.2,1.34,13.85
WR added to scheme scoring,2022,11,Chris Olave,WR,8.04,7.37,21.2,-0.67,13.83
WR added to scheme scoring,2025,8,Marquise Brown,WR,13.23,13.81,0.0,0.58,13.81
WR added to scheme scoring,2022,7,Ja'Marr Chase,WR,19.09,19.19,33.0,0.1,13.81
WR added to scheme scoring,2023,4,Amari Cooper,WR,16.4,16.4,2.6,0.0,13.8
WR added to scheme scoring,2025,3,A.J. Brown,WR,10.16,9.1,22.9,-1.06,13.8
WR added to scheme scoring,2023,16,Tee Higgins,WR,10.92,11.21,25.0,0.29,13.79
WR added to scheme scoring,2022,17,DK Metcalf,WR,13.33,15.06,1.3,1.73,13.76
WR added to scheme scoring,2022,15,Dawson Knox,TE,8.14,8.05,21.8,-0.09,13.75
WR added to scheme scoring,2025,18,Colston Loveland,TE,11.47,11.37,25.1,-0.1,13.73
WR added to scheme scoring,2023,14,DeAndre Hopkins,WR,11.79,11.69,25.4,-0.1,13.71
WR added to scheme scoring,2023,5,Michael Wilson,WR,16.5,16.5,2.8,0.0,13.7
WR added to scheme scoring,2022,6,Tyreek Hill,WR,16.4,16.02,29.7,-0.38,13.68
WR added to scheme scoring,2024,15,CeeDee Lamb,WR,12.85,12.94,26.6,0.09,13.66
WR added to scheme scoring,2022,7,Amon-Ra St. Brown,WR,14.96,15.06,1.4,0.1,13.66
WR added to scheme scoring,2025,7,Jaxon Smith-Njigba,WR,12.17,12.65,26.3,0.48,13.65
WR added to scheme scoring,2025,18,George Pickens,WR,15.34,15.54,1.9,0.2,13.64
WR added to scheme scoring,2022,11,Austin Hooper,TE,6.05,5.96,19.6,-0.09,13.64
WR added to scheme scoring,2024,15,Rashod Bateman,WR,9.39,9.39,23.0,0.0,13.61
WR added to scheme scoring,2024,15,A.J. Brown,WR,11.31,11.4,25.0,0.09,13.6
WR added to scheme scoring,2023,8,George Kittle,TE,10.23,10.33,23.9,0.1,13.57
WR added to scheme scoring,2022,10,Davante Adams,WR,14.19,14.1,27.6,-0.09,13.5
WR added to scheme scoring,2024,14,Justin Jefferson,WR,19.28,18.71,32.2,-0.57,13.49
WR added to scheme scoring,2025,10,Michael Pittman,WR,18.52,17.36,3.9,-1.16,13.46
WR added to scheme scoring,2023,13,Puka Nacua,WR,10.54,10.44,23.9,-0.1,13.46
WR added to scheme scoring,2023,13,Evan Engram,TE,9.76,9.76,23.2,0.0,13.44
WR added to scheme scoring,2022,10,Parris Campbell,WR,7.66,7.18,20.6,-0.48,13.42
WR added to scheme scoring,2022,4,Tee Higgins,WR,11.69,11.98,25.4,0.29,13.42
WR added to scheme scoring,2022,13,Terry McLaurin,WR,10.83,11.12,24.5,0.29,13.38
WR added to scheme scoring,2025,5,Rashid Shaheed,WR,8.04,8.04,21.4,0.0,13.36
WR added to scheme scoring,2024,7,Tank Dell,WR,13.33,13.33,0.0,0.0,13.33
WR added to scheme scoring,2023,18,Calvin Ridley,WR,9.87,9.29,22.6,-0.58,13.31
WR added to scheme scoring,2022,6,JuJu Smith-Schuster,WR,9.1,9.0,22.3,-0.1,13.3
WR added to scheme scoring,2024,9,Quentin Johnston,WR,8.52,8.71,22.0,0.19,13.29
WR added to scheme scoring,2023,14,DJ Moore,WR,13.62,13.52,26.8,-0.1,13.28
WR added to scheme scoring,2022,18,Tyreek Hill,WR,16.02,17.56,4.3,1.54,13.26
WR added to scheme scoring,2023,5,Logan Thomas,TE,7.48,7.48,20.7,0.0,13.22
WR added to scheme scoring,2025,13,Brock Bowers,TE,9.19,9.09,22.3,-0.1,13.21
WR added to scheme scoring,2024,7,Brian Thomas Jr.,WR,8.62,8.91,22.1,0.29,13.19
WR added to scheme scoring,2024,18,Marvin Mims Jr.,WR,8.81,8.91,22.1,0.1,13.19
WR added to scheme scoring,2025,14,DK Metcalf,WR,8.62,8.62,21.8,0.0,13.18
WR added to scheme scoring,2024,16,Tank Dell,WR,8.62,8.62,21.8,0.0,13.18
WR added to scheme scoring,2022,16,Stefon Diggs,WR,17.65,17.75,4.6,0.1,13.15
WR added to scheme scoring,2024,6,Chris Olave,WR,11.89,12.65,-0.5,0.76,13.15
WR added to scheme scoring,2025,7,Mike Evans,WR,13.23,13.13,0.0,-0.1,13.13
WR added to scheme scoring,2023,13,Michael Pittman,WR,14.67,14.38,27.5,-0.29,13.12
WR added to scheme scoring,2023,15,Tee Higgins,WR,8.81,9.0,22.1,0.19,13.1
WR added to scheme scoring,2025,17,Colston Loveland,TE,8.05,8.33,21.4,0.28,13.07
WR added to scheme scoring,2022,13,Jaylen Waddle,WR,14.67,14.96,1.9,0.29,13.06
WR added to scheme scoring,2023,6,Marquise Brown,WR,20.44,20.44,7.4,0.0,13.04
WR added to scheme scoring,2022,5,Davante Adams,WR,14.58,14.38,27.4,-0.2,13.02
WR added to scheme scoring,2022,4,Mark Andrews,TE,16.5,16.5,3.5,0.0,13.0
WR added to scheme scoring,2023,12,Tyler Higbee,TE,6.91,6.91,19.9,0.0,12.99
WR added to scheme scoring,2025,15,Courtland Sutton,WR,11.6,11.31,24.3,-0.29,12.99
WR added to scheme scoring,2023,12,Puka Nacua,WR,19.19,19.67,6.7,0.48,12.97
WR added to scheme scoring,2025,10,Chris Olave,WR,8.52,8.43,21.4,-0.09,12.97
WR added to scheme scoring,2023,16,Amon-Ra St. Brown,WR,15.92,15.63,28.6,-0.29,12.97
WR added to scheme scoring,2025,5,Quentin Johnston,WR,18.8,19.86,6.9,1.06,12.96
WR added to scheme scoring,2023,18,A.J. Brown,WR,12.27,12.85,-0.1,0.58,12.95
WR added to scheme scoring,2023,7,Mark Andrews,TE,9.38,9.38,22.3,0.0,12.92
WR added to scheme scoring,2024,8,Trey McBride,TE,8.52,8.52,21.4,0.0,12.88
WR added to scheme scoring,2024,6,DeMario Douglas,WR,8.04,8.33,21.2,0.29,12.87
WR added to scheme scoring,2025,4,Ladd McConkey,WR,15.54,14.96,2.1,-0.58,12.86
WR added to scheme scoring,2023,14,Jayden Reed,WR,7.95,7.66,20.5,-0.29,12.84
WR added to scheme scoring,2023,3,Amari Cooper,WR,11.79,11.79,24.6,0.0,12.81
WR added to scheme scoring,2024,4,Brian Thomas Jr.,WR,9.48,9.1,21.9,-0.38,12.8
WR added to scheme scoring,2025,3,Courtland Sutton,WR,10.25,11.02,23.8,0.77,12.78
WR added to scheme scoring,2022,18,DJ Moore,WR,14.38,14.77,2.0,0.39,12.77
WR added to scheme scoring,2025,11,Quentin Johnston,WR,13.62,12.75,0.0,-0.87,12.75
WR added to scheme scoring,2025,9,Rome Odunze,WR,12.85,12.75,0.0,-0.1,12.75
WR added to scheme scoring,2024,17,Jalen McMillan,WR,10.44,10.25,23.0,-0.19,12.75
WR added to scheme scoring,2022,5,Amon-Ra St. Brown,WR,19.28,18.52,5.8,-0.76,12.72
WR added to scheme scoring,2025,15,Dalton Schultz,TE,8.9,8.9,21.6,0.0,12.7
WR added to scheme scoring,2023,6,Davante Adams,WR,18.23,17.56,4.9,-0.67,12.66
WR added to scheme scoring,2024,11,Jameson Williams,WR,10.25,9.96,22.6,-0.29,12.64
WR added to scheme scoring,2023,18,Courtland Sutton,WR,14.1,13.81,1.2,-0.29,12.61
WR added to scheme scoring,2022,17,DJ Moore,WR,10.83,11.12,23.7,0.29,12.58
WR added to scheme scoring,2023,13,Trey McBride,TE,10.33,10.33,22.9,0.0,12.57
WR added to scheme scoring,2022,12,Christian Watson,WR,8.23,8.43,21.0,0.2,12.57
WR added to scheme scoring,2025,17,Chris Olave,WR,13.23,13.33,25.9,0.1,12.57
WR added to scheme scoring,2025,6,Ladd McConkey,WR,11.02,10.44,23.0,-0.58,12.56
WR added to scheme scoring,2023,17,Darius Slayton,WR,8.04,8.04,20.6,0.0,12.56
WR added to scheme scoring,2024,3,Tre Tucker,WR,9.87,10.06,22.6,0.19,12.54
WR added to scheme scoring,2022,3,Tyreek Hill,WR,17.36,17.84,5.3,0.48,12.54
WR added to scheme scoring,2025,17,Christian Watson,WR,9.87,9.77,22.3,-0.1,12.53
WR added to scheme scoring,2023,16,Zay Flowers,WR,9.67,9.67,22.2,0.0,12.53
WR added to scheme scoring,2024,9,Davante Adams,WR,9.77,9.58,22.1,-0.19,12.52
WR added to scheme scoring,2024,17,Jameson Williams,WR,11.6,11.98,24.5,0.38,12.52
WR added to scheme scoring,2024,13,Keenan Allen,WR,11.69,11.79,24.3,0.1,12.51
WR added to scheme scoring,2023,6,Drake London,WR,9.48,9.0,21.5,-0.48,12.5
WR added to scheme scoring,2025,16,George Pickens,WR,13.23,13.52,26.0,0.29,12.48
WR added to scheme scoring,2022,10,Terry McLaurin,WR,8.14,8.33,20.8,0.19,12.47
WR added to scheme scoring,2025,11,George Kittle,TE,12.51,12.23,24.7,-0.28,12.47
WR added to scheme scoring,2024,12,Quentin Johnston,WR,13.33,12.46,0.0,-0.87,12.46
WR added to scheme scoring,2023,13,Terry McLaurin,WR,12.56,12.46,0.0,-0.1,12.46
WR added to scheme scoring,2022,11,George Kittle,TE,11.94,11.94,24.4,0.0,12.46
WR added to scheme scoring,2025,6,Wan'Dale Robinson,WR,7.37,7.95,20.4,0.58,12.45
WR added to scheme scoring,2025,4,Drake London,WR,12.17,12.56,25.0,0.39,12.44
WR added to scheme scoring,2024,14,Jaylen Waddle,WR,8.23,8.52,20.9,0.29,12.38
WR added to scheme scoring,2024,17,Travis Kelce,TE,10.14,10.04,22.4,-0.1,12.36
WR added to scheme scoring,2022,17,Diontae Johnson,WR,17.46,17.84,5.5,0.38,12.34
WR added to scheme scoring,2024,5,Alec Pierce,WR,10.44,10.06,22.4,-0.38,12.34
WR added to scheme scoring,2023,4,DJ Moore,WR,16.11,14.77,27.1,-1.34,12.33
WR added to scheme scoring,2023,4,George Kittle,TE,14.03,14.22,1.9,0.19,12.32
WR added to scheme scoring,2024,3,Jameson Williams,WR,13.71,13.52,1.2,-0.19,12.32
WR added to scheme scoring,2022,13,Garrett Wilson,WR,12.56,11.89,24.2,-0.67,12.31
WR added to scheme scoring,2025,14,George Pickens,WR,21.59,21.01,8.7,-0.58,12.31
WR added to scheme scoring,2023,15,Curtis Samuel,WR,9.48,8.81,21.1,-0.67,12.29
WR added to scheme scoring,2025,15,Troy Franklin,WR,8.23,8.52,20.8,0.29,12.28
WR added to scheme scoring,2023,8,Davante Adams,WR,14.19,14.38,2.1,0.19,12.28
WR added to scheme scoring,2023,7,Amon-Ra St. Brown,WR,10.73,10.92,23.2,0.19,12.28
WR added to scheme scoring,2025,8,Khalil Shakir,WR,8.33,8.52,20.8,0.19,12.28
WR added to scheme scoring,2022,11,Mike Williams,WR,14.58,14.77,2.5,0.19,12.27
WR added to scheme scoring,2023,8,DeVonta Smith,WR,11.69,10.64,22.9,-1.05,12.26
WR added to scheme scoring,2025,16,Stefon Diggs,WR,10.35,10.54,22.8,0.19,12.26
WR added to scheme scoring,2022,3,CeeDee Lamb,WR,11.6,10.44,22.7,-1.16,12.26
WR added to scheme scoring,2023,11,Garrett Wilson,WR,13.23,13.13,0.9,-0.1,12.23
WR added to scheme scoring,2024,15,Terry McLaurin,WR,14.38,14.1,26.3,-0.28,12.2
WR added to scheme scoring,2024,3,Calvin Ridley,WR,13.9,14.1,1.9,0.2,12.2
WR added to scheme scoring,2024,6,Deebo Samuel Sr.,WR,8.52,8.52,20.7,0.0,12.18
WR added to scheme scoring,2024,15,Cooper Kupp,WR,12.17,12.17,0.0,0.0,12.17
WR added to scheme scoring,2023,12,Gabe Davis,WR,9.96,10.35,22.5,0.39,12.15
WR added to scheme scoring,2025,9,DJ Moore,WR,10.73,10.83,22.98,0.1,12.15
WR added to scheme scoring,2025,3,Garrett Wilson,WR,11.79,12.27,24.4,0.48,12.13
WR added to scheme scoring,2025,7,Davante Adams,WR,15.25,14.38,26.5,-0.87,12.12
WR added to scheme scoring,2024,12,Keenan Allen,WR,11.5,11.5,23.6,0.0,12.1
WR added to scheme scoring,2023,3,Darnell Mooney,WR,12.08,12.08,0.0,0.0,12.08
WR added to scheme scoring,2023,3,CeeDee Lamb,WR,24.28,22.26,10.2,-2.02,12.06
WR added to scheme scoring,2022,14,Zay Jones,WR,10.06,9.67,21.7,-0.39,12.03
WR added to scheme scoring,2022,16,Adam Thielen,WR,13.04,13.62,1.6,0.58,12.02
WR added to scheme scoring,2024,14,Khalil Shakir,WR,8.91,9.58,21.6,0.67,12.02
WR added to scheme scoring,2023,9,George Pickens,WR,14.77,13.9,1.9,-0.87,12.0
WR added to scheme scoring,2022,17,Christian Watson,WR,14.48,14.1,2.1,-0.38,12.0
WR added to scheme scoring,2022,6,Stefon Diggs,WR,19.38,18.8,30.8,-0.58,12.0
WR added to scheme scoring,2022,14,Ja'Marr Chase,WR,16.88,16.5,28.5,-0.38,12.0
WR added to scheme scoring,2023,12,George Kittle,TE,16.5,16.88,4.9,0.38,11.98
WR added to scheme scoring,2023,8,Jaylen Waddle,WR,12.94,13.13,25.1,0.19,11.97
WR added to scheme scoring,2022,16,Jaylen Waddle,WR,13.52,13.33,25.3,-0.19,11.97
WR added to scheme scoring,2022,7,George Kittle,TE,9.95,9.85,21.8,-0.1,11.95
WR added to scheme scoring,2023,10,Jayden Reed,WR,7.66,7.46,19.4,-0.2,11.94
WR added to scheme scoring,2022,13,DeVonta Smith,WR,9.58,9.29,21.2,-0.29,11.91
WR added to scheme scoring,2024,13,DJ Moore,WR,10.92,11.79,23.7,0.87,11.91
WR added to scheme scoring,2022,10,Jerry Jeudy,WR,12.08,11.89,0.0,-0.19,11.89
WR added to scheme scoring,2024,14,Jayden Reed,WR,12.17,11.89,0.0,-0.28,11.89
WR added to scheme scoring,2022,15,Justin Jefferson,WR,18.42,18.42,30.3,0.0,11.88
WR added to scheme scoring,2023,12,Deebo Samuel Sr.,WR,10.35,10.54,22.4,0.19,11.86
WR added to scheme scoring,2025,9,Sam LaPorta,TE,9.85,9.85,21.7,0.0,11.85
WR added to scheme scoring,2022,12,Tee Higgins,WR,13.13,12.56,24.4,-0.57,11.84
WR added to scheme scoring,2025,11,Nico Collins,WR,12.37,12.37,24.2,0.0,11.83
WR added to scheme scoring,2022,17,Mark Andrews,TE,7.19,7.19,19.0,0.0,11.81
WR added to scheme scoring,2025,7,Dalton Schultz,TE,7.0,7.0,18.8,0.0,11.8
WR added to scheme scoring,2024,6,Terry McLaurin,WR,12.17,11.5,23.3,-0.67,11.8
WR added to scheme scoring,2022,5,Jaylen Waddle,WR,17.07,17.07,5.3,0.0,11.77
WR added to scheme scoring,2023,9,Amari Cooper,WR,13.13,13.13,24.9,0.0,11.77
WR added to scheme scoring,2023,13,Tyreek Hill,WR,21.98,20.53,32.3,-1.45,11.77
WR added to scheme scoring,2024,12,Jakobi Meyers,WR,10.35,10.35,22.1,0.0,11.75
WR added to scheme scoring,2023,8,Tyler Lockett,WR,9.58,10.35,22.1,0.77,11.75
WR added to scheme scoring,2022,14,Justin Jefferson,WR,21.78,21.59,33.3,-0.19,11.71
WR added to scheme scoring,2025,16,George Kittle,TE,12.61,12.8,24.5,0.19,11.7
WR added to scheme scoring,2024,17,Mike Gesicki,TE,7.0,6.91,18.6,-0.09,11.69
WR added to scheme scoring,2023,10,Jahan Dotson,WR,11.69,11.69,0.0,0.0,11.69
WR added to scheme scoring,2022,8,George Pickens,WR,11.6,11.69,0.0,0.09,11.69
WR added to scheme scoring,2024,16,Trey McBride,TE,16.69,16.69,5.0,0.0,11.69
WR added to scheme scoring,2024,18,Jaxon Smith-Njigba,WR,14.96,16.98,5.3,2.02,11.68
WR added to scheme scoring,2024,11,Nick Westbrook-Ikhine,WR,8.04,8.04,19.7,0.0,11.66
WR added to scheme scoring,2025,12,George Pickens,WR,18.61,17.94,29.6,-0.67,11.66
WR added to scheme scoring,2022,3,Amon-Ra St. Brown,WR,25.34,24.95,13.3,-0.39,11.65
WR added to scheme scoring,2022,13,Zay Jones,WR,15.63,15.25,3.6,-0.38,11.65
WR added to scheme scoring,2023,11,Brandon Aiyuk,WR,14.96,14.96,26.6,0.0,11.64
WR added to scheme scoring,2022,5,Jakobi Meyers,WR,13.04,12.46,24.1,-0.58,11.64
WR added to scheme scoring,2025,16,Harold Fannin Jr.,TE,7.86,7.86,19.5,0.0,11.64
WR added to scheme scoring,2023,8,Gabe Davis,WR,11.6,12.08,23.7,0.48,11.62
WR added to scheme scoring,2023,11,Cooper Kupp,WR,14.19,13.71,2.1,-0.48,11.61
WR added to scheme scoring,2023,4,K.J. Osborn,WR,13.9,14.19,2.6,0.29,11.59
WR added to scheme scoring,2024,5,Brandon Aiyuk,WR,11.02,11.12,22.7,0.1,11.58
WR added to scheme scoring,2025,6,Ja'Marr Chase,WR,13.33,13.52,25.1,0.19,11.58
WR added to scheme scoring,2024,11,Will Dissly,TE,6.53,6.43,18.0,-0.1,11.57
WR added to scheme scoring,2024,3,Ja'Marr Chase,WR,18.13,18.23,29.8,0.1,11.57
WR added to scheme scoring,2025,11,Trey McBride,TE,15.93,15.93,27.5,0.0,11.57
WR added to scheme scoring,2025,3,Malik Nabers,WR,14.86,14.86,3.3,0.0,11.56
WR added to scheme scoring,2024,9,Cade Otton,TE,9.95,10.14,21.7,0.19,11.56
WR added to scheme scoring,2023,5,Davante Adams,WR,18.9,20.05,8.5,1.15,11.55
WR added to scheme scoring,2025,10,Josh Downs,WR,13.62,12.85,1.3,-0.77,11.55
WR added to scheme scoring,2023,8,Rashid Shaheed,WR,12.17,12.75,24.3,0.58,11.55
WR added to scheme scoring,2024,7,Zay Flowers,WR,15.54,15.54,4.0,0.0,11.54
WR added to scheme scoring,2023,4,Michael Wilson,WR,15.06,15.06,26.6,0.0,11.54
WR added to scheme scoring,2023,14,Mike Evans,WR,12.75,13.33,1.8,0.58,11.53
WR added to scheme scoring,2023,5,Courtland Sutton,WR,13.52,13.81,2.3,0.29,11.51
WR added to scheme scoring,2025,11,Deebo Samuel Sr.,WR,9.19,9.19,20.7,0.0,11.51
WR added to scheme scoring,2022,9,Robert Woods,WR,11.4,11.5,0.0,0.1,11.5
WR added to scheme scoring,2022,7,Romeo Doubs,WR,12.37,11.5,0.0,-0.87,11.5
WR added to scheme scoring,2023,8,Jakobi Meyers,WR,14.19,14.38,2.9,0.19,11.48
WR added to scheme scoring,2024,7,Jameson Williams,WR,11.5,12.08,0.6,0.58,11.48
WR added to scheme scoring,2023,17,Brandon Aiyuk,WR,14.1,12.94,24.4,-1.16,11.46
WR added to scheme scoring,2023,3,Tee Higgins,WR,15.44,15.54,4.1,0.1,11.44
WR added to scheme scoring,2025,10,Romeo Doubs,WR,13.71,12.94,1.5,-0.77,11.44
WR added to scheme scoring,2025,13,Jakobi Meyers,WR,9.96,9.87,21.3,-0.09,11.43
WR added to scheme scoring,2023,10,Tyler Lockett,WR,12.56,11.79,23.2,-0.77,11.41
WR added to scheme scoring,2025,12,Jordan Addison,WR,11.5,11.4,0.0,-0.1,11.4
WR added to scheme scoring,2022,16,Jakobi Meyers,WR,9.0,8.91,20.3,-0.09,11.39
WR added to scheme scoring,2025,18,Amon-Ra St. Brown,WR,14.0,13.52,24.9,-0.48,11.38
WR added to scheme scoring,2022,18,Pat Freiermuth,TE,10.99,11.37,0.0,0.38,11.37
WR added to scheme scoring,2022,15,A.J. Brown,WR,16.02,15.73,27.1,-0.29,11.37
WR added to scheme scoring,2024,7,Rashod Bateman,WR,10.73,10.73,22.1,0.0,11.37
WR added to scheme scoring,2024,4,Mark Andrews,TE,11.37,11.37,0.0,0.0,11.37
WR added to scheme scoring,2025,11,Ja'Marr Chase,WR,17.84,17.36,6.0,-0.48,11.36
WR added to scheme scoring,2023,15,Travis Kelce,TE,20.02,19.16,7.8,-0.86,11.36
WR added to scheme scoring,2024,13,Nick Westbrook-Ikhine,WR,9.77,9.77,21.1,0.0,11.33
WR added to scheme scoring,2023,5,Calvin Ridley,WR,8.62,9.29,20.6,0.67,11.31
WR added to scheme scoring,2024,8,Drake London,WR,17.75,18.71,7.4,0.96,11.31
WR added to scheme scoring,2024,5,Brian Thomas Jr.,WR,12.37,11.89,23.2,-0.48,11.31
WR added to scheme scoring,2025,11,Christian Watson,WR,9.39,9.29,20.6,-0.1,11.31
WR added to scheme scoring,2023,11,Keenan Allen,WR,16.11,16.31,27.6,0.2,11.29
WR added to scheme scoring,2022,10,JuJu Smith-Schuster,WR,17.07,16.59,5.3,-0.48,11.29
WR added to scheme scoring,2023,10,DeAndre Hopkins,WR,17.46,16.98,5.7,-0.48,11.28
WR added to scheme scoring,2022,17,Tyler Lockett,WR,13.9,14.77,3.5,0.87,11.27
WR added to scheme scoring,2023,16,Davante Adams,WR,11.79,12.65,1.4,0.86,11.25
WR added to scheme scoring,2023,15,Davante Adams,WR,13.23,12.85,24.1,-0.38,11.25
WR added to scheme scoring,2023,18,Diontae Johnson,WR,7.46,7.66,18.9,0.2,11.24
WR added to scheme scoring,2025,4,Tre Tucker,WR,15.34,15.44,4.2,0.1,11.24
WR added to scheme scoring,2025,14,Jaxon Smith-Njigba,WR,17.07,16.88,28.1,-0.19,11.22
WR added to scheme scoring,2024,13,Cooper Kupp,WR,16.5,15.92,4.7,-0.58,11.22
WR added to scheme scoring,2025,14,Ladd McConkey,WR,12.08,13.42,2.2,1.34,11.22
WR added to scheme scoring,2025,5,Jaylen Waddle,WR,11.98,11.79,23.0,-0.19,11.21
WR added to scheme scoring,2023,4,Rondale Moore,WR,11.21,11.21,0.0,0.0,11.21
WR added to scheme scoring,2022,14,DJ Moore,WR,11.5,11.79,0.6,0.29,11.19
WR added to scheme scoring,2022,9,Mecole Hardman,WR,9.0,8.71,19.9,-0.29,11.19
WR added to scheme scoring,2025,13,Zay Flowers,WR,11.79,11.79,0.6,0.0,11.19
WR added to scheme scoring,2024,7,Josh Downs,WR,12.56,12.46,1.3,-0.1,11.16
WR added to scheme scoring,2023,3,Ja'Marr Chase,WR,14.86,14.96,26.1,0.1,11.14
WR added to scheme scoring,2025,3,Tee Higgins,WR,13.42,13.62,2.5,0.2,11.12
WR added to scheme scoring,2025,7,Jameson Williams,WR,11.4,11.12,0.0,-0.28,11.12
WR added to scheme scoring,2024,5,Jauan Jennings,WR,13.62,13.42,2.3,-0.2,11.12
WR added to scheme scoring,2025,6,Brian Thomas Jr.,WR,12.37,11.89,23.0,-0.48,11.11
WR added to scheme scoring,2024,12,T.J. Hockenson,TE,7.48,7.29,18.4,-0.19,11.11
WR added to scheme scoring,2025,10,Parker Washington,WR,6.79,6.79,17.9,0.0,11.11
WR added to scheme scoring,2025,10,A.J. Brown,WR,14.96,14.38,3.3,-0.58,11.08
WR added to scheme scoring,2024,18,DJ Moore,WR,10.92,11.02,22.1,0.1,11.08
WR added to scheme scoring,2022,13,George Kittle,TE,15.36,15.27,4.2,-0.09,11.07
WR added to scheme scoring,2022,13,Christian Watson,WR,13.52,13.33,24.4,-0.19,11.07
WR added to scheme scoring,2024,16,Brock Bowers,TE,9.76,9.85,20.9,0.09,11.05
WR added to scheme scoring,2023,12,DeVonta Smith,WR,13.23,12.56,23.6,-0.67,11.04
WR added to scheme scoring,2025,16,Zay Flowers,WR,10.16,10.16,21.2,0.0,11.04
WR added to scheme scoring,2025,13,Michael Pittman,WR,13.23,13.33,2.3,0.1,11.03
WR added to scheme scoring,2024,6,Marvin Harrison Jr.,WR,11.02,11.02,0.0,0.0,11.02
WR added to scheme scoring,2022,3,Mike Williams,WR,19.67,19.48,8.5,-0.19,10.98
WR added to scheme scoring,2023,17,DeVonta Smith,WR,16.79,16.98,6.0,0.19,10.98
WR added to scheme scoring,2025,6,Trey McBride,TE,10.23,10.23,21.2,0.0,10.97
WR added to scheme scoring,2025,13,Nico Collins,WR,10.54,10.54,21.5,0.0,10.96
WR added to scheme scoring,2022,3,Brandin Cooks,WR,15.15,15.15,4.2,0.0,10.95
WR added to scheme scoring,2024,12,Puka Nacua,WR,8.91,9.77,20.7,0.86,10.93
WR added to scheme scoring,2022,12,Justin Jefferson,WR,18.04,18.42,29.34,0.38,10.92
WR added to scheme scoring,2025,12,Parker Washington,WR,7.08,7.18,18.1,0.1,10.92
WR added to scheme scoring,2025,10,DJ Moore,WR,11.4,10.92,0.0,-0.48,10.92
WR added to scheme scoring,2025,9,Kayshon Boutte,WR,10.64,10.92,0.0,0.28,10.92
WR added to scheme scoring,2023,13,Noah Brown,WR,10.92,10.92,0.0,0.0,10.92
WR added to scheme scoring,2023,12,DJ Moore,WR,11.5,11.5,22.4,0.0,10.9
WR added to scheme scoring,2025,14,Justin Jefferson,WR,13.33,14.0,3.1,0.67,10.9
WR added to scheme scoring,2024,18,Zay Flowers,WR,14.0,14.0,3.1,0.0,10.9
WR added to scheme scoring,2022,11,Deebo Samuel Sr.,WR,11.5,11.5,22.4,0.0,10.9
WR added to scheme scoring,2025,16,Drake London,WR,16.31,16.59,5.7,0.28,10.89
WR added to scheme scoring,2024,13,Jayden Reed,WR,8.62,8.81,19.7,0.19,10.89
WR added to scheme scoring,2022,6,Mike Williams,WR,14.77,14.58,3.7,-0.19,10.88
WR added to scheme scoring,2025,12,Michael Wilson,WR,10.92,10.92,21.8,0.0,10.88
WR added to scheme scoring,2024,18,Amon-Ra St. Brown,WR,24.67,24.57,13.7,-0.1,10.87
WR added to scheme scoring,2023,11,Jayden Reed,WR,8.33,8.33,19.2,0.0,10.87
WR added to scheme scoring,2024,6,George Kittle,TE,11.94,11.94,22.8,0.0,10.86
WR added to scheme scoring,2022,11,Tee Higgins,WR,12.94,12.94,23.8,0.0,10.86
WR added to scheme scoring,2022,5,Christian Kirk,WR,11.79,12.94,2.1,1.15,10.84
WR added to scheme scoring,2022,16,Zay Jones,WR,11.79,12.94,2.1,1.15,10.84
WR added to scheme scoring,2023,7,Josh Palmer,WR,7.37,7.46,18.3,0.09,10.84
WR added to scheme scoring,2025,15,Chris Olave,WR,9.77,9.67,20.5,-0.1,10.83
WR added to scheme scoring,2023,13,Marquise Brown,WR,10.83,10.83,0.0,0.0,10.83
WR added to scheme scoring,2022,5,Amari Cooper,WR,9.77,9.77,20.6,0.0,10.83
WR added to scheme scoring,2022,4,Gabe Davis,WR,13.42,13.13,2.3,-0.29,10.83
WR added to scheme scoring,2025,12,Davante Adams,WR,11.89,12.37,23.2,0.48,10.83
WR added to scheme scoring,2025,12,Amon-Ra St. Brown,WR,19.57,19.09,29.9,-0.48,10.81
WR added to scheme scoring,2025,5,Mason Taylor,TE,7.0,6.91,17.7,-0.09,10.79
WR added to scheme scoring,2023,5,DeAndre Hopkins,WR,11.31,11.21,22.0,-0.1,10.79
WR added to scheme scoring,2024,6,Stefon Diggs,WR,8.91,8.91,19.7,0.0,10.79
WR added to scheme scoring,2022,14,Donovan Peoples-Jones,WR,8.62,8.62,19.4,0.0,10.78
WR added to scheme scoring,2023,16,Jordan Addison,WR,12.08,11.98,1.2,-0.1,10.78
WR added to scheme scoring,2025,11,Tyrell Shavers,WR,8.04,8.23,19.0,0.19,10.77
WR added to scheme scoring,2023,11,Tyreek Hill,WR,20.44,19.86,30.6,-0.58,10.74
WR added to scheme scoring,2025,3,Hunter Renfrow,WR,12.17,13.33,2.6,1.16,10.73
WR added to scheme scoring,2024,9,Courtland Sutton,WR,12.94,12.56,23.28,-0.38,10.72
WR added to scheme scoring,2025,6,Rome Odunze,WR,15.54,15.92,5.2,0.38,10.72
WR added to scheme scoring,2024,7,Cade Otton,TE,7.1,7.29,18.0,0.19,10.71
WR added to scheme scoring,2024,15,Jonnu Smith,TE,9.0,9.09,19.8,0.09,10.71
WR added to scheme scoring,2023,5,Sam LaPorta,TE,9.0,9.0,19.7,0.0,10.7
WR added to scheme scoring,2024,8,Josh Downs,WR,10.64,11.5,22.2,0.86,10.7
WR added to scheme scoring,2024,6,Calvin Ridley,WR,12.17,11.6,0.9,-0.57,10.7
WR added to scheme scoring,2022,4,Michael Pittman,WR,16.02,16.79,6.1,0.77,10.69
WR added to scheme scoring,2023,5,Gabe Davis,WR,11.69,11.31,22.0,-0.38,10.69
WR added to scheme scoring,2025,11,Ricky Pearsall,WR,11.31,11.69,1.0,0.38,10.69
WR added to scheme scoring,2024,9,Cooper Kupp,WR,10.54,10.73,21.4,0.19,10.67
WR added to scheme scoring,2025,6,Michael Pittman,WR,14.67,14.67,4.0,0.0,10.67
WR added to scheme scoring,2023,11,Davante Adams,WR,10.64,10.54,21.2,-0.1,10.66
WR added to scheme scoring,2025,8,Oronde Gadsden II,TE,8.33,8.05,18.7,-0.28,10.65
WR added to scheme scoring,2024,6,Evan Engram,TE,7.67,7.57,18.2,-0.1,10.63
WR added to scheme scoring,2022,3,Jahan Dotson,WR,13.13,13.62,3.0,0.49,10.62
WR added to scheme scoring,2024,5,Deebo Samuel Sr.,WR,13.52,13.62,3.0,0.1,10.62
WR added to scheme scoring,2023,12,Calvin Ridley,WR,11.12,11.31,21.9,0.19,10.59
WR added to scheme scoring,2023,18,Jakobi Meyers,WR,11.69,11.02,21.6,-0.67,10.58
WR added to scheme scoring,2025,4,Jauan Jennings,WR,16.59,16.98,6.4,0.39,10.58
WR added to scheme scoring,2023,9,Tee Higgins,WR,8.52,8.43,19.0,-0.09,10.57
WR added to scheme scoring,2024,4,Diontae Johnson,WR,10.73,10.73,21.3,0.0,10.57
WR added to scheme scoring,2023,16,Justin Jefferson,WR,15.73,15.54,26.1,-0.19,10.56
WR added to scheme scoring,2022,8,Jakobi Meyers,WR,10.83,10.44,21.0,-0.39,10.56
WR added to scheme scoring,2025,5,Jameson Williams,WR,12.27,12.56,2.0,0.29,10.56
WR added to scheme scoring,2025,16,Jaxon Smith-Njigba,WR,12.94,13.04,23.6,0.1,10.56
WR added to scheme scoring,2023,14,Gabe Davis,WR,10.06,10.54,0.0,0.48,10.54
WR added to scheme scoring,2023,16,Chig Okonkwo,TE,7.76,7.76,18.3,0.0,10.54
WR added to scheme scoring,2022,4,Marvin Jones,WR,10.35,10.54,0.0,0.19,10.54
WR added to scheme scoring,2025,6,Courtland Sutton,WR,13.04,13.23,2.7,0.19,10.53
WR added to scheme scoring,2025,14,Tyler Warren,TE,14.22,14.22,3.7,0.0,10.52
WR added to scheme scoring,2025,12,A.J. Brown,WR,15.73,14.48,25.0,-1.25,10.52
WR added to scheme scoring,2023,12,Jakobi Meyers,WR,9.19,9.58,20.1,0.39,10.52
WR added to scheme scoring,2025,8,Jake Ferguson,TE,10.8,10.52,0.0,-0.28,10.52
WR added to scheme scoring,2022,13,Tyreek Hill,WR,19.38,19.09,29.6,-0.29,10.51
WR added to scheme scoring,2023,13,DeVonta Smith,WR,14.1,14.1,24.6,0.0,10.5
WR added to scheme scoring,2025,10,Jameson Williams,WR,12.65,13.42,23.9,0.77,10.48
WR added to scheme scoring,2022,14,Stefon Diggs,WR,16.02,17.17,6.7,1.15,10.47
WR added to scheme scoring,2025,13,Jaxon Smith-Njigba,WR,15.54,14.77,4.3,-0.77,10.47
WR added to scheme scoring,2022,4,Josh Reynolds,WR,10.83,10.64,21.1,-0.19,10.46
WR added to scheme scoring,2025,7,Rome Odunze,WR,14.96,15.54,5.1,0.58,10.44
WR added to scheme scoring,2023,15,Michael Wilson,WR,10.44,10.44,0.0,0.0,10.44
WR added to scheme scoring,2025,6,Juwan Johnson,TE,12.13,11.94,1.5,-0.19,10.44
WR added to scheme scoring,2023,6,DJ Moore,WR,21.98,20.53,10.1,-1.45,10.43
WR added to scheme scoring,2025,10,Nico Collins,WR,12.17,12.17,22.6,0.0,10.43
WR added to scheme scoring,2023,7,Tyler Lockett,WR,18.8,18.23,7.8,-0.57,10.43
WR added to scheme scoring,2025,9,Marvin Harrison Jr.,WR,12.17,12.17,22.6,0.0,10.43
WR added to scheme scoring,2025,4,Dallas Goedert,TE,9.19,9.28,19.7,0.09,10.42
WR added to scheme scoring,2022,18,Christian Kirk,WR,11.79,11.5,21.9,-0.29,10.4
WR added to scheme scoring,2025,12,Rashee Rice,WR,14.19,13.71,24.1,-0.48,10.39
WR added to scheme scoring,2024,18,Tyreek Hill,WR,14.29,14.38,4.0,0.09,10.38
WR added to scheme scoring,2024,14,CeeDee Lamb,WR,11.02,11.02,21.4,0.0,10.38
WR added to scheme scoring,2023,17,Tyler Lockett,WR,12.27,12.37,2.0,0.1,10.37
WR added to scheme scoring,2025,5,Deebo Samuel Sr.,WR,13.13,13.23,23.6,0.1,10.37
WR added to scheme scoring,2024,16,A.J. Brown,WR,13.42,13.33,23.7,-0.09,10.37
WR added to scheme scoring,2023,14,Justin Jefferson,WR,15.44,15.06,4.7,-0.38,10.36
WR added to scheme scoring,2023,3,Tyreek Hill,WR,20.53,20.34,30.7,-0.19,10.36
WR added to scheme scoring,2024,3,Brock Bowers,TE,17.55,17.45,7.1,-0.1,10.35
WR added to scheme scoring,2024,15,Jaylen Waddle,WR,10.35,10.35,0.0,0.0,10.35
WR added to scheme scoring,2022,6,Tyler Higbee,TE,12.04,12.04,1.7,0.0,10.34
WR added to scheme scoring,2024,7,Jayden Reed,WR,13.13,13.33,3.0,0.2,10.33
WR added to scheme scoring,2022,18,Justin Jefferson,WR,18.13,18.13,7.8,0.0,10.33
WR added to scheme scoring,2023,9,Adam Thielen,WR,17.07,18.23,7.9,1.16,10.33
WR added to scheme scoring,2022,4,Christian Kirk,WR,17.75,18.61,8.3,0.86,10.31
WR added to scheme scoring,2023,7,Gabe Davis,WR,12.17,11.89,1.6,-0.28,10.29
WR added to scheme scoring,2022,6,Robert Tonyan,TE,8.43,8.71,19.0,0.28,10.29
WR added to scheme scoring,2022,11,Justin Jefferson,WR,16.21,16.59,6.3,0.38,10.29
WR added to scheme scoring,2022,8,Tyreek Hill,WR,21.88,21.21,31.5,-0.67,10.29
WR added to scheme scoring,2025,3,Ja'Marr Chase,WR,19.28,19.19,8.9,-0.09,10.29
WR added to scheme scoring,2023,5,Curtis Samuel,WR,7.85,8.23,18.5,0.38,10.27
WR added to scheme scoring,2025,16,Marvin Harrison Jr.,WR,12.65,12.65,2.4,0.0,10.25
WR added to scheme scoring,2023,18,Gabe Davis,WR,10.16,10.25,0.0,0.09,10.25
WR added to scheme scoring,2022,4,Stefon Diggs,WR,20.82,20.44,10.2,-0.38,10.24
WR added to scheme scoring,2025,17,Michael Pittman,WR,13.13,13.81,3.6,0.68,10.21
WR added to scheme scoring,2025,6,Kendrick Bourne,WR,8.71,9.0,19.2,0.29,10.2
WR added to scheme scoring,2022,12,Adam Thielen,WR,10.73,10.92,21.1,0.19,10.18
WR added to scheme scoring,2023,6,Tyreek Hill,WR,18.23,18.13,28.3,-0.1,10.17
WR added to scheme scoring,2023,16,Chris Olave,WR,13.33,13.13,23.3,-0.2,10.17
WR added to scheme scoring,2025,13,Trey McBride,TE,12.04,12.04,22.2,0.0,10.16
WR added to scheme scoring,2022,6,Marquez Valdes-Scantling,WR,10.25,10.16,0.0,-0.09,10.16
WR added to scheme scoring,2025,13,Justin Jefferson,WR,12.27,12.56,2.4,0.29,10.16
WR added to scheme scoring,2024,8,Michael Pittman,WR,12.85,12.75,2.6,-0.1,10.15
WR added to scheme scoring,2023,10,Diontae Johnson,WR,12.17,12.85,2.7,0.68,10.15
WR added to scheme scoring,2022,8,Brandon Aiyuk,WR,10.54,9.96,20.1,-0.58,10.14
WR added to scheme scoring,2025,5,Juwan Johnson,TE,12.61,13.84,3.7,1.23,10.14
WR added to scheme scoring,2023,18,Amon-Ra St. Brown,WR,17.94,17.27,27.4,-0.67,10.13
WR added to scheme scoring,2023,6,Michael Pittman,WR,10.16,9.77,19.9,-0.39,10.13
WR added to scheme scoring,2023,18,Brandon Aiyuk,WR,15.83,15.63,5.5,-0.2,10.13
WR added to scheme scoring,2025,16,DJ Moore,WR,12.08,11.79,21.9,-0.29,10.11
WR added to scheme scoring,2024,3,Rashee Rice,WR,18.42,19.0,29.1,0.58,10.1
WR added to scheme scoring,2023,17,Travis Kelce,TE,14.98,14.7,4.6,-0.28,10.1
WR added to scheme scoring,2025,17,Drake London,WR,11.4,11.5,1.4,0.1,10.1
WR added to scheme scoring,2024,4,Zay Flowers,WR,12.08,12.08,2.0,0.0,10.08
WR added to scheme scoring,2024,6,Keenan Allen,WR,11.69,11.02,21.1,-0.67,10.08
WR added to scheme scoring,2024,10,Travis Kelce,TE,10.42,10.33,20.4,-0.09,10.07
WR added to scheme scoring,2025,8,Jaylen Waddle,WR,10.83,10.83,20.9,0.0,10.07
WR added to scheme scoring,2023,17,Isaiah Likely,TE,8.14,8.14,18.2,0.0,10.06
WR added to scheme scoring,2023,18,Deebo Samuel Sr.,WR,15.25,15.25,5.2,0.0,10.05
WR added to scheme scoring,2023,8,Sam LaPorta,TE,9.95,9.66,19.7,-0.29,10.04
WR added to scheme scoring,2023,3,Mike Williams,WR,14.29,15.06,25.1,0.77,10.04
WR added to scheme scoring,2023,14,Zay Flowers,WR,9.96,9.96,20.0,0.0,10.04
WR added to scheme scoring,2023,12,Keenan Allen,WR,12.37,12.56,22.6,0.19,10.04
WR added to scheme scoring,2024,9,Isaiah Likely,TE,10.04,10.04,0.0,0.0,10.04
WR added to scheme scoring,2025,11,Khalil Shakir,WR,10.25,10.73,0.7,0.48,10.03
WR added to scheme scoring,2025,18,George Kittle,TE,17.55,17.93,7.9,0.38,10.03
WR added to scheme scoring,2024,9,Cedric Tillman,WR,9.48,9.48,19.5,0.0,10.02
WR added to scheme scoring,2022,4,Terry McLaurin,WR,14.38,13.52,3.5,-0.86,10.02
WR added to scheme scoring,2022,6,Tyler Lockett,WR,13.62,13.71,3.7,0.09,10.01
WR added to scheme scoring,2025,16,Tetairoa McMillan,WR,9.1,9.29,19.3,0.19,10.01
WR added to scheme scoring,2022,18,Hunter Renfrow,WR,9.29,9.29,19.3,0.0,10.01
WR added to scheme scoring,2022,18,T.J. Hockenson,TE,12.89,12.61,2.6,-0.28,10.01
WR added to scheme scoring,2024,14,Adam Thielen,WR,8.91,9.19,19.2,0.28,10.01
WR added to scheme scoring,2024,4,Christian Kirk,WR,8.14,9.1,19.1,0.96,10.0
WR added to scheme scoring,2025,11,Ladd McConkey,WR,12.94,14.29,4.3,1.35,9.99
WR added to scheme scoring,2023,9,Cooper Kupp,WR,16.5,16.79,6.8,0.29,9.99
WR added to scheme scoring,2025,18,Michael Wilson,WR,10.92,10.92,20.9,0.0,9.98
WR added to scheme scoring,2023,8,DJ Moore,WR,19.67,19.48,9.5,-0.19,9.98
WR added to scheme scoring,2025,16,Amon-Ra St. Brown,WR,19.48,19.38,9.4,-0.1,9.98
WR added to scheme scoring,2024,9,Chris Olave,WR,12.37,12.27,2.3,-0.1,9.97
WR added to scheme scoring,2024,15,Darnell Mooney,WR,9.96,9.96,0.0,0.0,9.96
WR added to scheme scoring,2025,14,Zay Flowers,WR,10.64,10.64,20.6,0.0,9.96
WR added to scheme scoring,2024,10,George Pickens,WR,10.25,10.54,20.5,0.29,9.96
WR added to scheme scoring,2023,9,Gabe Davis,WR,9.87,9.96,0.0,0.09,9.96
WR added to scheme scoring,2023,15,George Kittle,TE,17.36,17.36,7.4,0.0,9.96
WR added to scheme scoring,2025,10,Rome Odunze,WR,11.02,10.64,20.6,-0.38,9.96
WR added to scheme scoring,2024,7,Jaxon Smith-Njigba,WR,15.44,15.25,5.3,-0.19,9.95
WR added to scheme scoring,2023,11,DJ Moore,WR,12.85,12.65,22.6,-0.2,9.95
WR added to scheme scoring,2022,6,DJ Moore,WR,15.06,13.62,3.7,-1.44,9.92
WR added to scheme scoring,2022,16,Davante Adams,WR,13.33,13.42,3.5,0.09,9.92
WR added to scheme scoring,2024,18,Tee Higgins,WR,19.09,19.19,9.3,0.1,9.89
WR added to scheme scoring,2024,4,Malik Nabers,WR,13.42,13.23,23.1,-0.19,9.87
WR added to scheme scoring,2023,3,Isaiah Hodgins,WR,10.16,9.87,0.0,-0.29,9.87
WR added to scheme scoring,2024,7,Deebo Samuel Sr.,WR,9.77,9.87,0.0,0.1,9.87
WR added to scheme scoring,2022,9,Darnell Mooney,WR,7.46,7.66,17.5,0.2,9.84
WR added to scheme scoring,2022,6,Mike Evans,WR,18.32,18.04,8.2,-0.28,9.84
WR added to scheme scoring,2022,10,DeAndre Hopkins,WR,9.96,9.96,19.8,0.0,9.84
WR added to scheme scoring,2022,5,Hayden Hurst,TE,7.29,7.48,17.3,0.19,9.82
WR added to scheme scoring,2022,7,Josh Reynolds,WR,11.31,11.6,1.8,0.29,9.8
WR added to scheme scoring,2023,10,George Kittle,TE,10.9,10.8,20.6,-0.1,9.8
WR added to scheme scoring,2023,9,CeeDee Lamb,WR,18.42,18.32,28.1,-0.1,9.78
WR added to scheme scoring,2024,5,Mike Evans,WR,14.0,13.42,23.2,-0.58,9.78
WR added to scheme scoring,2024,3,Trey McBride,TE,15.27,15.27,5.5,0.0,9.77
WR added to scheme scoring,2024,13,George Kittle,TE,11.09,11.47,1.7,0.38,9.77
WR added to scheme scoring,2025,14,Jaylen Waddle,WR,8.04,8.33,18.1,0.29,9.77
WR added to scheme scoring,2024,11,Kendrick Bourne,WR,8.33,8.23,18.0,-0.1,9.77
WR added to scheme scoring,2022,18,Drake London,WR,7.95,8.23,18.0,0.28,9.77
WR added to scheme scoring,2025,4,A.J. Brown,WR,11.69,12.46,2.7,0.77,9.76
WR added to scheme scoring,2025,3,Jerry Jeudy,WR,12.46,12.46,2.7,0.0,9.76
WR added to scheme scoring,2023,5,Tyler Higbee,TE,12.32,13.75,4.0,1.43,9.75
WR added to scheme scoring,2024,6,Zay Flowers,WR,12.65,12.65,22.4,0.0,9.75
WR added to scheme scoring,2023,7,Marquise Brown,WR,17.65,17.65,7.9,0.0,9.75
WR added to scheme scoring,2023,10,Tyler Boyd,WR,9.58,9.96,19.7,0.38,9.74
WR added to scheme scoring,2023,9,Diontae Johnson,WR,13.13,12.27,22.0,-0.86,9.73
WR added to scheme scoring,2025,6,DK Metcalf,WR,9.67,9.77,19.5,0.1,9.73
WR added to scheme scoring,2025,17,Stefon Diggs,WR,12.17,12.37,22.1,0.2,9.73
WR added to scheme scoring,2022,10,Amari Cooper,WR,15.92,15.92,6.2,0.0,9.72
WR added to scheme scoring,2025,13,Davante Adams,WR,11.69,12.08,21.8,0.39,9.72
WR added to scheme scoring,2024,11,Jaxon Smith-Njigba,WR,12.75,12.08,21.8,-0.67,9.72
WR added to scheme scoring,2022,12,Dalton Schultz,TE,9.09,9.38,19.1,0.29,9.72
WR added to scheme scoring,2022,6,Michael Pittman,WR,16.79,16.69,26.4,-0.1,9.71
WR added to scheme scoring,2022,17,K.J. Osborn,WR,9.19,9.19,18.9,0.0,9.71
WR added to scheme scoring,2025,6,Emeka Egbuka,WR,14.19,14.1,4.4,-0.09,9.7
WR added to scheme scoring,2022,10,Gabe Davis,WR,12.85,11.6,21.3,-1.25,9.7
WR added to scheme scoring,2024,4,Pat Freiermuth,TE,7.0,7.0,16.7,0.0,9.7
WR added to scheme scoring,2024,14,Garrett Wilson,WR,8.91,8.71,18.4,-0.2,9.69
WR added to scheme scoring,2025,6,Marquise Brown,WR,10.64,10.83,20.5,0.19,9.67
WR added to scheme scoring,2024,5,DK Metcalf,WR,18.61,17.17,7.5,-1.44,9.67
WR added to scheme scoring,2025,14,Travis Kelce,TE,11.09,11.47,1.8,0.38,9.67
WR added to scheme scoring,2023,15,Cooper Kupp,WR,16.21,15.44,25.1,-0.77,9.66
WR added to scheme scoring,2025,17,Jaylen Waddle,WR,10.06,10.35,0.7,0.29,9.65
WR added to scheme scoring,2024,7,DeVonta Smith,WR,10.44,10.44,0.8,0.0,9.64
WR added to scheme scoring,2025,5,DeVonta Smith,WR,10.06,9.77,19.4,-0.29,9.63
WR added to scheme scoring,2024,11,Josh Downs,WR,9.39,9.77,19.4,0.38,9.63
WR added to scheme scoring,2025,10,Jaylen Waddle,WR,9.67,9.77,19.4,0.1,9.63
WR added to scheme scoring,2025,7,Tee Higgins,WR,11.89,11.98,21.6,0.09,9.62
WR added to scheme scoring,2025,4,Cedric Tillman,WR,11.21,11.21,1.6,0.0,9.61
WR added to scheme scoring,2024,4,Rome Odunze,WR,12.08,11.6,2.0,-0.48,9.6
WR added to scheme scoring,2024,6,Dontayvion Wicks,WR,11.21,11.5,1.9,0.29,9.6
WR added to scheme scoring,2022,4,DeVonta Smith,WR,13.81,14.29,4.7,0.48,9.59
WR added to scheme scoring,2022,7,Terry McLaurin,WR,8.62,8.71,18.3,0.09,9.59
WR added to scheme scoring,2022,7,DK Metcalf,WR,11.98,11.79,2.2,-0.19,9.59
WR added to scheme scoring,2024,6,Mike Evans,WR,14.96,14.96,5.4,0.0,9.56
WR added to scheme scoring,2022,5,Tyreek Hill,WR,23.51,22.55,13.0,-0.96,9.55
WR added to scheme scoring,2023,17,Zay Flowers,WR,10.06,10.06,19.6,0.0,9.54
WR added to scheme scoring,2024,18,Noah Fant,TE,7.57,7.76,17.3,0.19,9.54
WR added to scheme scoring,2025,3,Keenan Allen,WR,10.54,9.96,19.5,-0.58,9.54
WR added to scheme scoring,2025,18,Brenton Strange,TE,7.67,7.67,17.2,0.0,9.53
WR added to scheme scoring,2025,6,Amon-Ra St. Brown,WR,22.84,23.22,13.7,0.38,9.52
WR added to scheme scoring,2024,5,Zay Flowers,WR,9.48,9.48,19.0,0.0,9.52
WR added to scheme scoring,2023,15,DeAndre Hopkins,WR,13.42,13.62,4.1,0.2,9.52
WR added to scheme scoring,2022,4,Travis Kelce,TE,14.22,14.7,24.2,0.48,9.5
WR added to scheme scoring,2024,5,Rashid Shaheed,WR,9.0,9.1,18.6,0.1,9.5
WR added to scheme scoring,2024,6,Tucker Kraft,TE,12.99,12.99,3.5,0.0,9.49
WR added to scheme scoring,2022,3,Corey Davis,WR,13.81,14.19,4.7,0.38,9.49
WR added to scheme scoring,2024,10,Justin Jefferson,WR,21.11,19.28,9.8,-1.83,9.48
WR added to scheme scoring,2022,4,Dalton Schultz,TE,9.47,9.47,0.0,0.0,9.47
WR added to scheme scoring,2023,18,George Pickens,WR,9.48,9.77,0.3,0.29,9.47
WR added to scheme scoring,2025,9,Olamide Zaccheaus,WR,8.43,8.33,17.8,-0.1,9.47
WR added to scheme scoring,2023,12,Mike Evans,WR,16.21,15.54,25.0,-0.67,9.46
WR added to scheme scoring,2025,6,Stefon Diggs,WR,14.58,15.25,5.8,0.67,9.45
WR added to scheme scoring,2022,6,Courtland Sutton,WR,13.42,12.85,3.4,-0.57,9.45
WR added to scheme scoring,2022,13,George Pickens,WR,10.92,10.64,1.2,-0.28,9.44
WR added to scheme scoring,2024,14,George Kittle,TE,11.75,11.66,21.1,-0.09,9.44
WR added to scheme scoring,2025,12,Alec Pierce,WR,13.04,13.04,3.6,0.0,9.44
WR added to scheme scoring,2025,15,Brian Thomas Jr.,WR,7.46,7.66,17.1,0.2,9.44
WR added to scheme scoring,2023,9,Marquise Brown,WR,15.83,15.83,6.4,0.0,9.43
WR added to scheme scoring,2023,9,Puka Nacua,WR,15.15,15.63,6.2,0.48,9.43
WR added to scheme scoring,2025,15,George Kittle,TE,13.37,13.37,22.8,0.0,9.43
WR added to scheme scoring,2025,18,Courtland Sutton,WR,11.12,10.92,1.5,-0.2,9.42
WR added to scheme scoring,2025,17,Tetairoa McMillan,WR,10.54,10.92,1.5,0.38,9.42
WR added to scheme scoring,2025,4,Malik Nabers,WR,13.04,13.42,4.0,0.38,9.42
WR added to scheme scoring,2025,10,Dalton Schultz,TE,8.9,8.9,18.3,0.0,9.4
WR added to scheme scoring,2025,5,Sam LaPorta,TE,10.14,10.8,20.2,0.66,9.4
WR added to scheme scoring,2022,17,Darren Waller,TE,6.81,6.81,16.2,0.0,9.39
WR added to scheme scoring,2022,5,Nelson Agholor,WR,9.67,9.39,0.0,-0.28,9.39
WR added to scheme scoring,2024,9,Kyle Pitts,TE,11.47,11.47,2.1,0.0,9.37
WR added to scheme scoring,2022,3,Ja'Marr Chase,WR,21.59,22.07,12.7,0.48,9.37
WR added to scheme scoring,2024,13,Jonnu Smith,TE,11.85,11.94,21.3,0.09,9.36
WR added to scheme scoring,2025,3,Dalton Kincaid,TE,8.24,8.24,17.6,0.0,9.36
WR added to scheme scoring,2023,6,Gabe Davis,WR,11.6,12.46,3.1,0.86,9.36
WR added to scheme scoring,2023,17,Amon-Ra St. Brown,WR,12.17,12.75,22.1,0.58,9.35
WR added to scheme scoring,2024,6,DJ Moore,WR,16.21,15.34,6.0,-0.87,9.34
WR added to scheme scoring,2025,14,Jerry Jeudy,WR,7.27,7.27,16.6,0.0,9.33
WR added to scheme scoring,2024,17,Jayden Reed,WR,11.02,10.92,1.6,-0.1,9.32
WR added to scheme scoring,2024,5,Xavier Legette,WR,10.44,11.12,1.8,0.68,9.32
WR added to scheme scoring,2022,11,Rondale Moore,WR,8.71,8.71,-0.6,0.0,9.31
WR added to scheme scoring,2022,15,Davante Adams,WR,15.83,16.11,6.8,0.28,9.31
WR added to scheme scoring,2025,8,Ladd McConkey,WR,11.79,11.5,20.8,-0.29,9.3
WR added to scheme scoring,2025,10,Ladd McConkey,WR,11.21,11.4,20.7,0.19,9.3
WR added to scheme scoring,2025,11,Jaxon Smith-Njigba,WR,11.21,11.31,20.6,0.1,9.29
WR added to scheme scoring,2024,3,Romeo Doubs,WR,11.4,12.08,2.8,0.68,9.28
WR added to scheme scoring,2023,7,Mike Evans,WR,10.35,10.92,20.2,0.57,9.28
WR added to scheme scoring,2025,12,Rashid Shaheed,WR,9.77,9.77,0.5,0.0,9.27
WR added to scheme scoring,2023,9,Ja'Marr Chase,WR,17.75,17.36,8.1,-0.39,9.26
WR added to scheme scoring,2023,11,Marquise Brown,WR,12.46,12.46,3.2,0.0,9.26
WR added to scheme scoring,2024,4,Xavier Legette,WR,10.54,10.35,19.6,-0.19,9.25
WR added to scheme scoring,2023,12,Brandin Cooks,WR,8.43,7.95,17.2,-0.48,9.25
WR added to scheme scoring,2024,6,Josh Downs,WR,10.73,10.25,19.5,-0.48,9.25
WR added to scheme scoring,2025,14,Rashid Shaheed,WR,7.46,7.46,16.7,0.0,9.24
WR added to scheme scoring,2023,12,DK Metcalf,WR,15.92,15.44,6.2,-0.48,9.24
WR added to scheme scoring,2025,4,Ricky Pearsall,WR,18.04,17.84,8.6,-0.2,9.24
WR added to scheme scoring,2024,8,Sam LaPorta,TE,7.57,7.57,16.8,0.0,9.23
WR added to scheme scoring,2024,6,A.J. Brown,WR,14.29,14.38,23.6,0.09,9.22
WR added to scheme scoring,2024,9,Jakobi Meyers,WR,9.48,9.29,18.5,-0.19,9.21
WR added to scheme scoring,2023,15,Amari Cooper,WR,11.69,11.69,20.9,0.0,9.21
WR added to scheme scoring,2023,8,Logan Thomas,TE,6.72,7.19,16.4,0.47,9.21
WR added to scheme scoring,2025,10,Garrett Wilson,WR,9.19,9.19,0.0,0.0,9.19
WR added to scheme scoring,2022,14,Tyler Boyd,WR,7.75,9.19,0.0,1.44,9.19
WR added to scheme scoring,2024,3,Mark Andrews,TE,9.19,9.19,0.0,0.0,9.19
WR added to scheme scoring,2023,7,Cole Kmet,TE,9.95,9.19,0.0,-0.76,9.19
WR added to scheme scoring,2022,18,Cole Kmet,TE,5.86,6.53,15.7,0.67,9.17
WR added to scheme scoring,2025,11,Stefon Diggs,WR,10.16,10.35,19.5,0.19,9.15
WR added to scheme scoring,2023,7,Christian Kirk,WR,10.73,9.87,19.0,-0.86,9.13
WR added to scheme scoring,2025,17,Parker Washington,WR,10.44,9.87,19.0,-0.57,9.13
WR added to scheme scoring,2025,12,Stefon Diggs,WR,13.23,13.13,4.0,-0.1,9.13
WR added to scheme scoring,2025,15,Nico Collins,WR,14.38,14.38,23.5,0.0,9.12
WR added to scheme scoring,2024,6,Jerry Jeudy,WR,13.62,13.62,4.5,0.0,9.12
WR added to scheme scoring,2025,4,Tyler Warren,TE,9.19,9.19,18.3,0.0,9.11
WR added to scheme scoring,2025,15,Puka Nacua,WR,18.8,18.8,27.9,0.0,9.1
WR added to scheme scoring,2022,13,Randall Cobb,WR,9.96,9.1,0.0,-0.86,9.1
WR added to scheme scoring,2025,8,Travis Kelce,TE,12.8,12.8,21.9,0.0,9.1
WR added to scheme scoring,2024,6,Alec Pierce,WR,8.23,9.1,0.0,0.87,9.1
WR added to scheme scoring,2024,14,Ray-Ray McCloud,WR,8.71,9.0,18.1,0.29,9.1
WR added to scheme scoring,2024,6,Dallas Goedert,TE,9.47,9.09,0.0,-0.38,9.09
WR added to scheme scoring,2024,11,Tucker Kraft,TE,9.47,9.09,0.0,-0.38,9.09
WR added to scheme scoring,2024,12,Nico Collins,WR,11.12,11.12,20.2,0.0,9.08
WR added to scheme scoring,2023,4,George Pickens,WR,15.25,14.58,5.5,-0.67,9.08
WR added to scheme scoring,2023,7,Dalton Kincaid,TE,6.91,6.43,15.5,-0.48,9.07
WR added to scheme scoring,2023,17,Chris Olave,WR,15.73,14.67,5.6,-1.06,9.07
WR added to scheme scoring,2022,5,Brandin Cooks,WR,15.06,15.06,6.0,0.0,9.06
WR added to scheme scoring,2024,7,DeMario Douglas,WR,14.1,12.46,3.4,-1.64,9.06
WR added to scheme scoring,2022,9,Christian Kirk,WR,13.42,12.56,21.6,-0.86,9.04
WR added to scheme scoring,2023,6,George Kittle,TE,10.14,10.14,1.1,0.0,9.04
WR added to scheme scoring,2024,3,Khalil Shakir,WR,10.73,10.16,19.2,-0.57,9.04
WR added to scheme scoring,2024,16,George Kittle,TE,9.47,9.57,18.6,0.1,9.03
WR added to scheme scoring,2025,18,DJ Moore,WR,11.02,11.12,2.1,0.1,9.02
WR added to scheme scoring,2022,9,DJ Moore,WR,13.52,13.42,4.4,-0.1,9.02
WR added to scheme scoring,2022,6,Breshad Perriman,WR,9.29,9.0,0.0,-0.29,9.0
WR added to scheme scoring,2023,4,Tutu Atwell,WR,16.5,16.4,7.4,-0.1,9.0
WR added to scheme scoring,2023,16,George Kittle,TE,10.52,10.61,19.6,0.09,8.99
WR added to scheme scoring,2025,9,Tucker Kraft,TE,12.89,12.99,4.0,0.1,8.99
WR added to scheme scoring,2025,17,Michael Wilson,WR,10.92,10.92,19.9,0.0,8.98
WR added to scheme scoring,2023,8,Dalton Kincaid,TE,8.33,8.52,17.5,0.19,8.98
WR added to scheme scoring,2022,10,Dalton Schultz,TE,8.81,8.43,17.4,-0.38,8.97
WR added to scheme scoring,2024,10,Rashod Bateman,WR,8.43,8.43,17.4,0.0,8.97
WR added to scheme scoring,2022,10,Amon-Ra St. Brown,WR,13.71,13.13,22.1,-0.58,8.97
WR added to scheme scoring,2023,5,Romeo Doubs,WR,10.54,10.35,1.4,-0.19,8.95
WR added to scheme scoring,2023,15,Rashee Rice,WR,14.48,15.15,24.1,0.67,8.95
WR added to scheme scoring,2024,10,Mark Andrews,TE,9.85,9.85,18.8,0.0,8.95
WR added to scheme scoring,2025,5,David Njoku,TE,9.76,9.76,18.7,0.0,8.94
WR added to scheme scoring,2025,17,DJ Moore,WR,10.64,10.64,1.7,0.0,8.94
WR added to scheme scoring,2022,12,DeAndre Hopkins,WR,9.77,9.77,18.7,0.0,8.93
WR added to scheme scoring,2024,6,Tank Dell,WR,9.77,9.77,18.7,0.0,8.93
WR added to scheme scoring,2022,6,Randall Cobb,WR,11.6,10.73,1.8,-0.87,8.93
WR added to scheme scoring,2025,17,CeeDee Lamb,WR,18.61,18.52,9.6,-0.09,8.92
WR added to scheme scoring,2024,9,Travis Kelce,TE,12.8,13.08,22.0,0.28,8.92
WR added to scheme scoring,2022,15,Alec Pierce,WR,10.54,8.91,0.0,-1.63,8.91
WR added to scheme scoring,2024,7,Andrei Iosivas,WR,8.91,8.91,0.0,0.0,8.91
WR added to scheme scoring,2023,14,Nico Collins,WR,11.21,11.21,2.3,0.0,8.91
WR added to scheme scoring,2022,15,Jaylen Waddle,WR,11.69,11.5,20.4,-0.19,8.9
WR added to scheme scoring,2025,10,Justin Jefferson,WR,16.69,16.59,7.7,-0.1,8.89
WR added to scheme scoring,2023,5,Kyle Pitts,TE,6.72,6.81,15.7,0.09,8.89
WR added to scheme scoring,2025,14,DJ Moore,WR,9.77,9.48,0.6,-0.29,8.88
WR added to scheme scoring,2025,10,Jauan Jennings,WR,8.14,8.23,17.1,0.09,8.87
WR added to scheme scoring,2023,12,Tyler Lockett,WR,15.06,14.86,6.0,-0.2,8.86
WR added to scheme scoring,2023,9,Chris Godwin Jr.,WR,12.37,12.46,3.6,0.09,8.86
WR added to scheme scoring,2024,3,Elijah Moore,WR,12.56,12.56,3.7,0.0,8.86
WR added to scheme scoring,2024,9,Mark Andrews,TE,13.46,13.46,4.6,0.0,8.86
WR added to scheme scoring,2024,11,Tyreek Hill,WR,9.87,10.25,19.1,0.38,8.85
WR added to scheme scoring,2023,16,DeAndre Hopkins,WR,12.65,12.85,4.0,0.2,8.85
WR added to scheme scoring,2022,4,CeeDee Lamb,WR,12.75,12.85,21.7,0.1,8.85
WR added to scheme scoring,2022,3,Cooper Kupp,WR,26.59,25.24,16.4,-1.35,8.84
WR added to scheme scoring,2023,17,A.J. Brown,WR,18.23,18.13,9.3,-0.1,8.83
WR added to scheme scoring,2024,11,Terry McLaurin,WR,10.25,10.83,2.0,0.58,8.83
WR added to scheme scoring,2025,7,Jake Ferguson,TE,13.27,13.08,21.9,-0.19,8.82
WR added to scheme scoring,2025,6,Zach Ertz,TE,7.48,7.48,16.3,0.0,8.82
WR added to scheme scoring,2024,12,Justin Jefferson,WR,13.52,13.52,4.7,0.0,8.82
WR added to scheme scoring,2024,4,Mike Evans,WR,13.71,14.58,23.4,0.87,8.82
WR added to scheme scoring,2022,3,Hayden Hurst,TE,11.09,10.52,1.7,-0.57,8.82
WR added to scheme scoring,2022,3,Tyler Boyd,WR,13.13,11.69,20.5,-1.44,8.81
WR added to scheme scoring,2022,5,Tyler Conklin,TE,8.9,8.81,0.0,-0.09,8.81
WR added to scheme scoring,2022,17,DeVonta Smith,WR,11.6,11.69,20.5,0.09,8.81
WR added to scheme scoring,2025,16,Quentin Johnston,WR,12.27,11.6,20.4,-0.67,8.8
WR added to scheme scoring,2022,9,Romeo Doubs,WR,11.98,11.6,2.8,-0.38,8.8
WR added to scheme scoring,2022,8,Gabe Davis,WR,14.48,14.29,5.5,-0.19,8.79
WR added to scheme scoring,2024,4,Tyreek Hill,WR,16.88,16.98,8.2,0.1,8.78
WR added to scheme scoring,2023,8,Cooper Kupp,WR,14.58,14.86,6.1,0.28,8.76
WR added to scheme scoring,2024,13,Mark Andrews,TE,10.14,10.14,18.9,0.0,8.76
WR added to scheme scoring,2023,10,Jonnu Smith,TE,10.04,9.85,1.1,-0.19,8.75
WR added to scheme scoring,2022,14,David Njoku,TE,9.95,9.95,18.7,0.0,8.75
WR added to scheme scoring,2025,7,Nico Collins,WR,15.44,15.44,6.7,0.0,8.74
WR added to scheme scoring,2024,8,Jordan Addison,WR,12.94,12.94,4.2,0.0,8.74
WR added to scheme scoring,2023,9,Josh Downs,WR,9.96,10.73,2.0,0.77,8.73
WR added to scheme scoring,2024,5,Isaiah Likely,TE,7.57,7.57,16.3,0.0,8.73
WR added to scheme scoring,2023,4,Elijah Moore,WR,10.73,10.73,2.0,0.0,8.73
WR added to scheme scoring,2022,11,George Pickens,WR,9.1,9.58,18.3,0.48,8.72
WR added to scheme scoring,2022,6,Mark Andrews,TE,14.89,14.89,23.6,0.0,8.71
WR added to scheme scoring,2022,8,DeVante Parker,WR,7.95,8.71,0.0,0.76,8.71
WR added to scheme scoring,2023,15,Dalton Kincaid,TE,9.28,8.71,0.0,-0.57,8.71
WR added to scheme scoring,2024,14,Darnell Mooney,WR,11.6,11.5,20.2,-0.1,8.7
WR added to scheme scoring,2024,12,Christian Watson,WR,8.62,9.1,0.4,0.48,8.7
WR added to scheme scoring,2024,6,Romeo Doubs,WR,10.73,11.21,19.9,0.48,8.69
WR added to scheme scoring,2022,7,Chris Olave,WR,8.62,8.91,17.6,0.29,8.69
WR added to scheme scoring,2023,11,George Kittle,TE,14.22,14.22,22.9,0.0,8.68
WR added to scheme scoring,2023,14,Ja'Marr Chase,WR,15.83,14.58,5.9,-1.25,8.68
WR added to scheme scoring,2024,3,Mike Evans,WR,12.17,12.37,3.7,0.2,8.67
WR added to scheme scoring,2023,8,Stefon Diggs,WR,24.86,24.67,16.0,-0.19,8.67
WR added to scheme scoring,2024,18,George Pickens,WR,9.67,9.67,1.0,0.0,8.67
WR added to scheme scoring,2024,18,Keenan Allen,WR,12.27,12.17,3.5,-0.1,8.67
WR added to scheme scoring,2025,16,Trey McBride,TE,15.36,15.36,6.7,0.0,8.66
WR added to scheme scoring,2023,10,Mike Evans,WR,18.42,17.65,26.3,-0.77,8.65
WR added to scheme scoring,2023,5,Darren Waller,TE,7.76,7.95,16.6,0.19,8.65
WR added to scheme scoring,2023,15,Zay Flowers,WR,10.35,10.35,1.7,0.0,8.65
WR added to scheme scoring,2023,7,Amari Cooper,WR,12.85,12.85,4.2,0.0,8.65
WR added to scheme scoring,2025,9,Mark Andrews,TE,7.95,7.95,16.6,0.0,8.65
WR added to scheme scoring,2022,3,Gabe Davis,WR,15.73,15.34,6.7,-0.39,8.64
WR added to scheme scoring,2022,5,DeVonta Smith,WR,10.06,10.06,18.7,0.0,8.64
WR added to scheme scoring,2024,8,Tyler Lockett,WR,10.16,10.54,1.9,0.38,8.64
WR added to scheme scoring,2022,9,Josh Palmer,WR,9.77,9.96,18.6,0.19,8.64
WR added to scheme scoring,2022,18,Stefon Diggs,WR,14.77,14.77,23.4,0.0,8.63
WR added to scheme scoring,2025,11,Davante Adams,WR,15.25,15.73,7.1,0.48,8.63
WR added to scheme scoring,2022,5,T.J. Hockenson,TE,10.61,10.23,1.6,-0.38,8.63
WR added to scheme scoring,2023,17,Stefon Diggs,WR,15.44,15.73,7.1,0.29,8.63
WR added to scheme scoring,2024,7,Mark Andrews,TE,11.47,11.47,20.1,0.0,8.63
WR added to scheme scoring,2022,15,Dalton Schultz,TE,12.04,12.13,3.5,0.09,8.63
WR added to scheme scoring,2024,4,Kyle Pitts,TE,8.62,8.62,0.0,0.0,8.62
WR added to scheme scoring,2022,17,George Pickens,WR,13.23,13.52,4.9,0.29,8.62
WR added to scheme scoring,2022,9,Tyler Higbee,TE,8.62,8.62,0.0,0.0,8.62
WR added to scheme scoring,2025,15,Alec Pierce,WR,10.35,11.21,2.6,0.86,8.61
WR added to scheme scoring,2023,13,Jake Ferguson,TE,10.33,11.09,19.7,0.76,8.61
WR added to scheme scoring,2023,13,CeeDee Lamb,WR,24.67,23.99,32.6,-0.68,8.61
WR added to scheme scoring,2023,14,Garrett Wilson,WR,11.6,11.5,20.1,-0.1,8.6
WR added to scheme scoring,2024,13,Davante Adams,WR,9.19,9.0,17.6,-0.19,8.6
WR added to scheme scoring,2022,18,Travis Kelce,TE,18.97,18.4,9.8,-0.57,8.6
WR added to scheme scoring,2023,7,A.J. Brown,WR,22.46,21.11,29.7,-1.35,8.59
WR added to scheme scoring,2025,3,Jake Ferguson,TE,12.51,12.61,21.2,0.1,8.59
WR added to scheme scoring,2024,8,Rashod Bateman,WR,12.37,12.37,3.8,0.0,8.57
WR added to scheme scoring,2022,16,George Pickens,WR,7.75,8.14,16.7,0.39,8.56
WR added to scheme scoring,2023,10,Jakobi Meyers,WR,12.27,12.65,4.1,0.38,8.55
WR added to scheme scoring,2023,9,Zay Flowers,WR,10.64,10.64,2.1,0.0,8.54
WR added to scheme scoring,2023,15,Trey McBride,TE,11.66,11.66,20.2,0.0,8.54
WR added to scheme scoring,2025,5,Calvin Ridley,WR,9.48,9.58,18.1,0.1,8.52
WR added to scheme scoring,2024,13,Will Dissly,TE,8.24,8.52,0.0,0.28,8.52
WR added to scheme scoring,2023,8,Cole Kmet,TE,8.71,9.38,17.9,0.67,8.52
WR added to scheme scoring,2024,7,Brock Bowers,TE,10.52,10.8,19.3,0.28,8.5
WR added to scheme scoring,2025,17,Puka Nacua,WR,24.09,24.19,15.7,0.1,8.49
WR added to scheme scoring,2024,7,Hunter Henry,TE,8.62,8.71,17.2,0.09,8.49
WR added to scheme scoring,2022,8,Josh Reynolds,WR,11.4,11.89,3.4,0.49,8.49
WR added to scheme scoring,2023,6,Deebo Samuel Sr.,WR,9.58,9.58,1.1,0.0,8.48
WR added to scheme scoring,2022,4,Gerald Everett,TE,8.62,8.62,17.1,0.0,8.48
WR added to scheme scoring,2025,13,CeeDee Lamb,WR,15.54,15.73,24.2,0.19,8.47
WR added to scheme scoring,2024,3,Jerry Jeudy,WR,17.17,17.17,8.7,0.0,8.47
WR added to scheme scoring,2024,16,Jerry Jeudy,WR,12.46,12.46,4.0,0.0,8.46
WR added to scheme scoring,2022,8,Hunter Renfrow,WR,9.48,10.06,1.6,0.58,8.46
WR added to scheme scoring,2025,6,Jauan Jennings,WR,9.87,10.16,1.7,0.29,8.46
WR added to scheme scoring,2023,11,Stefon Diggs,WR,14.38,15.15,6.7,0.77,8.45
WR added to scheme scoring,2024,3,Drake London,WR,10.16,10.25,18.7,0.09,8.45
WR added to scheme scoring,2023,13,Drake London,WR,9.67,10.25,1.8,0.58,8.45
WR added to scheme scoring,2024,7,Tyreek Hill,WR,10.83,10.73,2.3,-0.1,8.43
WR added to scheme scoring,2022,17,Josh Palmer,WR,8.52,8.43,0.0,-0.09,8.43
WR added to scheme scoring,2022,8,Elijah Moore,WR,8.23,8.43,0.0,0.2,8.43
WR added to scheme scoring,2022,8,Jerry Jeudy,WR,10.16,9.87,18.3,-0.29,8.43
WR added to scheme scoring,2022,9,Justin Jefferson,WR,17.56,17.07,25.5,-0.49,8.43
WR added to scheme scoring,2024,6,Tre Tucker,WR,8.23,8.43,0.0,0.2,8.43
WR added to scheme scoring,2023,17,Tee Higgins,WR,10.54,11.31,2.9,0.77,8.41
WR added to scheme scoring,2025,6,Deebo Samuel Sr.,WR,13.81,13.81,5.4,0.0,8.41
WR added to scheme scoring,2024,17,Garrett Wilson,WR,9.19,9.19,17.6,0.0,8.41
WR added to scheme scoring,2025,12,Khalil Shakir,WR,8.81,8.62,17.0,-0.19,8.38
WR added to scheme scoring,2025,10,Olamide Zaccheaus,WR,10.06,9.87,1.5,-0.19,8.37
WR added to scheme scoring,2025,5,Dalton Kincaid,TE,8.81,8.43,16.8,-0.38,8.37
WR added to scheme scoring,2023,15,Amon-Ra St. Brown,WR,15.34,15.83,24.2,0.49,8.37
WR added to scheme scoring,2023,5,Tank Dell,WR,8.23,8.23,16.6,0.0,8.37
WR added to scheme scoring,2022,14,DJ Chark,WR,11.5,13.04,21.4,1.54,8.36
WR added to scheme scoring,2023,6,Allen Lazard,WR,10.06,10.16,1.8,0.1,8.36
WR added to scheme scoring,2023,5,Jordan Addison,WR,9.58,10.06,18.4,0.48,8.34
WR added to scheme scoring,2023,8,Chris Olave,WR,17.27,17.94,9.6,0.67,8.34
WR added to scheme scoring,2024,16,Tim Patrick,WR,8.71,8.33,0.0,-0.38,8.33
WR added to scheme scoring,2023,14,Jauan Jennings,WR,9.0,8.33,0.0,-0.67,8.33
WR added to scheme scoring,2024,17,Hunter Henry,TE,8.33,8.33,0.0,0.0,8.33
WR added to scheme scoring,2025,9,Davante Adams,WR,14.77,14.67,23.0,-0.1,8.33
WR added to scheme scoring,2024,11,Diontae Johnson,WR,8.33,8.33,0.0,0.0,8.33
WR added to scheme scoring,2024,4,Keenan Allen,WR,12.75,13.23,4.9,0.48,8.33
WR added to scheme scoring,2025,12,Dallas Goedert,TE,12.51,12.32,4.0,-0.19,8.32
WR added to scheme scoring,2023,8,K.J. Osborn,WR,9.39,9.58,17.9,0.19,8.32
WR added to scheme scoring,2025,18,Colby Parkinson,TE,11.37,11.28,19.6,-0.09,8.32
WR added to scheme scoring,2024,14,Cooper Kupp,WR,12.94,11.89,20.2,-1.05,8.31
WR added to scheme scoring,2022,16,Terry McLaurin,WR,9.1,9.39,17.7,0.29,8.31
WR added to scheme scoring,2023,3,Amon-Ra St. Brown,WR,10.83,11.31,19.6,0.48,8.29
WR added to scheme scoring,2022,15,Michael Gallup,WR,9.19,9.48,1.2,0.29,8.28
WR added to scheme scoring,2022,10,George Kittle,TE,11.18,11.37,3.1,0.19,8.27
WR added to scheme scoring,2023,14,Stefon Diggs,WR,14.67,14.67,6.4,0.0,8.27
WR added to scheme scoring,2024,10,Marvin Harrison Jr.,WR,8.14,8.14,16.4,0.0,8.26
WR added to scheme scoring,2024,15,Sam LaPorta,TE,9.38,9.85,18.1,0.47,8.25
WR added to scheme scoring,2022,5,Mike Williams,WR,16.11,15.15,23.4,-0.96,8.25
WR added to scheme scoring,2023,6,Rashid Shaheed,WR,9.87,10.06,18.3,0.19,8.24
WR added to scheme scoring,2023,15,Gabe Davis,WR,8.43,8.23,0.0,-0.2,8.23
WR added to scheme scoring,2023,11,DK Metcalf,WR,11.5,12.17,20.4,0.67,8.23
WR added to scheme scoring,2023,8,Michael Pittman,WR,9.96,9.77,18.0,-0.19,8.23
WR added to scheme scoring,2024,13,Tyreek Hill,WR,11.89,12.08,20.3,0.19,8.22
WR added to scheme scoring,2025,6,Davante Adams,WR,15.83,16.11,7.9,0.28,8.21
WR added to scheme scoring,2022,8,Amari Cooper,WR,13.9,13.9,22.1,0.0,8.2
WR added to scheme scoring,2025,5,Travis Kelce,TE,10.14,10.9,19.1,0.76,8.2
WR added to scheme scoring,2024,12,Josh Downs,WR,14.77,13.9,5.7,-0.87,8.2
WR added to scheme scoring,2024,8,Jakobi Meyers,WR,8.43,9.0,17.2,0.57,8.2
WR added to scheme scoring,2024,18,Josh Downs,WR,10.92,11.21,19.4,0.29,8.19
WR added to scheme scoring,2025,15,George Pickens,WR,14.38,14.48,6.3,0.1,8.18
WR added to scheme scoring,2024,16,Khalil Shakir,WR,11.6,12.37,4.2,0.77,8.17
WR added to scheme scoring,2023,8,Jordan Addison,WR,12.94,13.23,21.4,0.29,8.17
WR added to scheme scoring,2022,9,Noah Fant,TE,6.15,6.43,14.6,0.28,8.17
WR added to scheme scoring,2024,18,AJ Barner,TE,6.15,6.24,14.4,0.09,8.16
WR added to scheme scoring,2024,4,CeeDee Lamb,WR,15.25,15.44,23.6,0.19,8.16
WR added to scheme scoring,2023,8,Juwan Johnson,TE,10.14,9.66,1.5,-0.48,8.16
WR added to scheme scoring,2024,12,George Kittle,TE,12.04,12.04,20.2,0.0,8.16
WR added to scheme scoring,2024,9,DeVonta Smith,WR,11.12,10.54,18.7,-0.58,8.16
WR added to scheme scoring,2022,17,Evan Engram,TE,12.7,12.04,3.9,-0.66,8.14
WR added to scheme scoring,2024,11,Mike Gesicki,TE,8.14,8.14,0.0,0.0,8.14
WR added to scheme scoring,2023,5,Calvin Austin III,WR,8.04,8.14,0.0,0.1,8.14
WR added to scheme scoring,2025,3,Tyler Higbee,TE,8.24,8.14,0.0,-0.1,8.14
WR added to scheme scoring,2022,3,Amari Cooper,WR,14.96,14.96,23.1,0.0,8.14
WR added to scheme scoring,2023,14,Amon-Ra St. Brown,WR,13.23,13.23,5.1,0.0,8.13
WR added to scheme scoring,2022,17,Adam Thielen,WR,11.12,10.73,2.6,-0.39,8.13
WR added to scheme scoring,2025,14,Dallas Goedert,TE,7.76,7.67,15.8,-0.09,8.13
WR added to scheme scoring,2024,6,DK Metcalf,WR,15.54,15.92,7.8,0.38,8.12
WR added to scheme scoring,2024,3,Jake Ferguson,TE,7.38,7.38,15.5,0.0,8.12
WR added to scheme scoring,2024,7,Davante Adams,WR,14.29,14.1,6.0,-0.19,8.1
WR added to scheme scoring,2023,13,Christian Kirk,WR,12.37,11.69,3.6,-0.68,8.09
WR added to scheme scoring,2024,17,Jaxon Smith-Njigba,WR,14.58,14.29,6.2,-0.29,8.09
WR added to scheme scoring,2023,7,Dallas Goedert,TE,10.61,10.61,18.7,0.0,8.09
WR added to scheme scoring,2024,17,Cooper Kupp,WR,11.98,11.98,3.9,0.0,8.08
WR added to scheme scoring,2022,16,DeAndre Hopkins,WR,9.48,9.48,1.4,0.0,8.08
WR added to scheme scoring,2022,4,Brandin Cooks,WR,10.64,10.64,18.7,0.0,8.06
WR added to scheme scoring,2023,18,Jaxon Smith-Njigba,WR,11.69,12.46,4.4,0.77,8.06
WR added to scheme scoring,2025,4,Kyle Pitts,TE,9.85,9.95,18.0,0.1,8.05
WR added to scheme scoring,2023,3,George Kittle,TE,7.95,7.95,16.0,0.0,8.05
WR added to scheme scoring,2024,14,Demarcus Robinson,WR,8.04,8.04,0.0,0.0,8.04
WR added to scheme scoring,2024,14,Amari Cooper,WR,7.85,7.46,15.5,-0.39,8.04
WR added to scheme scoring,2025,16,Jauan Jennings,WR,10.35,10.06,18.1,-0.29,8.04
WR added to scheme scoring,2022,12,Alec Pierce,WR,7.75,8.04,0.0,0.29,8.04
WR added to scheme scoring,2025,14,Quentin Johnston,WR,10.92,10.83,2.8,-0.09,8.03
WR added to scheme scoring,2025,13,Rome Odunze,WR,10.44,10.83,2.8,0.39,8.03
WR added to scheme scoring,2024,9,A.J. Brown,WR,14.77,13.62,5.6,-1.15,8.02
WR added to scheme scoring,2022,4,Tyler Higbee,TE,9.76,9.28,17.3,-0.48,8.02
WR added to scheme scoring,2022,15,Chris Godwin Jr.,WR,14.48,14.29,22.3,-0.19,8.01
WR added to scheme scoring,2023,12,Amari Cooper,WR,11.6,11.6,3.6,0.0,8.0
WR added to scheme scoring,2023,17,Chris Godwin Jr.,WR,9.19,9.1,17.1,-0.09,8.0
WR added to scheme scoring,2025,9,Keenan Allen,WR,14.29,14.1,6.1,-0.19,8.0
WR added to scheme scoring,2023,6,Logan Thomas,TE,9.38,9.19,1.2,-0.19,7.99
WR added to scheme scoring,2025,8,Tetairoa McMillan,WR,8.91,8.91,16.9,0.0,7.99
WR added to scheme scoring,2023,18,Jerry Jeudy,WR,8.33,8.91,16.9,0.58,7.99
WR added to scheme scoring,2024,18,Jalen McMillan,WR,11.02,11.02,19.0,0.0,7.98
WR added to scheme scoring,2025,15,Justin Jefferson,WR,12.94,12.17,4.2,-0.77,7.97
WR added to scheme scoring,2024,18,Jameson Williams,WR,17.46,17.36,9.4,-0.1,7.96
WR added to scheme scoring,2022,5,Elijah Moore,WR,10.44,10.06,2.1,-0.38,7.96
WR added to scheme scoring,2025,4,Amon-Ra St. Brown,WR,17.75,18.04,26.0,0.29,7.96
WR added to scheme scoring,2025,14,Romeo Doubs,WR,7.75,7.95,0.0,0.2,7.95
WR added to scheme scoring,2024,9,Michael Pittman,WR,9.87,10.35,2.4,0.48,7.95
WR added to scheme scoring,2022,18,Romeo Doubs,WR,8.04,7.95,0.0,-0.09,7.95
WR added to scheme scoring,2024,11,Ladd McConkey,WR,9.96,10.35,18.3,0.39,7.95
WR added to scheme scoring,2024,14,Amon-Ra St. Brown,WR,18.13,18.23,10.3,0.1,7.93
WR added to scheme scoring,2024,4,Rashid Shaheed,WR,9.77,9.77,17.7,0.0,7.93
WR added to scheme scoring,2024,10,Sam LaPorta,TE,7.67,7.67,15.6,0.0,7.93
WR added to scheme scoring,2022,15,DJ Chark,WR,10.44,10.73,2.8,0.29,7.93
WR added to scheme scoring,2023,18,DeAndre Hopkins,WR,9.96,9.67,17.6,-0.29,7.93
WR added to scheme scoring,2024,6,Jameson Williams,WR,9.58,9.77,17.7,0.19,7.93
WR added to scheme scoring,2022,3,Gerald Everett,TE,12.32,12.42,4.5,0.1,7.92
WR added to scheme scoring,2024,17,George Kittle,TE,10.71,11.28,19.2,0.57,7.92
WR added to scheme scoring,2024,10,DeVonta Smith,WR,11.02,11.31,3.4,0.29,7.91
WR added to scheme scoring,2024,15,Jerry Jeudy,WR,13.9,13.9,21.8,0.0,7.9
WR added to scheme scoring,2023,7,Rashee Rice,WR,9.96,9.1,17.0,-0.86,7.9
WR added to scheme scoring,2025,9,Jameson Williams,WR,8.62,8.71,16.6,0.09,7.89
WR added to scheme scoring,2024,10,Courtland Sutton,WR,9.58,11.12,19.0,1.54,7.88
WR added to scheme scoring,2023,4,Marquez Valdes-Scantling,WR,9.19,9.48,1.6,0.29,7.88
WR added to scheme scoring,2024,3,Isaiah Likely,TE,9.28,9.28,1.4,0.0,7.88
WR added to scheme scoring,2025,16,Travis Kelce,TE,9.38,9.47,1.6,0.09,7.87
WR added to scheme scoring,2023,15,Jahan Dotson,WR,10.06,10.06,2.2,0.0,7.86
WR added to scheme scoring,2025,5,Zach Ertz,TE,7.76,7.86,0.0,0.1,7.86
WR added to scheme scoring,2025,15,Ja'Marr Chase,WR,15.25,15.34,23.2,0.09,7.86
WR added to scheme scoring,2025,13,Christian Watson,WR,10.44,10.44,18.3,0.0,7.86
WR added to scheme scoring,2024,14,Tyler Lockett,WR,7.56,7.85,0.0,0.29,7.85
WR added to scheme scoring,2025,8,Jalen Nailor,WR,7.85,7.85,0.0,0.0,7.85
WR added to scheme scoring,2024,15,Jauan Jennings,WR,12.94,12.94,5.1,0.0,7.84
WR added to scheme scoring,2025,13,Stefon Diggs,WR,13.42,13.42,5.6,0.0,7.82
WR added to scheme scoring,2024,10,T.J. Hockenson,TE,7.48,7.38,15.2,-0.1,7.82
WR added to scheme scoring,2022,14,DeAndre Carter,WR,8.81,8.81,1.0,0.0,7.81
WR added to scheme scoring,2023,15,Jayden Reed,WR,10.16,9.39,17.2,-0.77,7.81
WR added to scheme scoring,2022,5,Gerald Everett,TE,8.81,9.0,1.2,0.19,7.8
WR added to scheme scoring,2024,18,Jonnu Smith,TE,10.8,10.8,18.6,0.0,7.8
WR added to scheme scoring,2023,10,Juwan Johnson,TE,8.9,9.0,1.2,0.1,7.8
WR added to scheme scoring,2025,13,Khalil Shakir,WR,9.39,9.29,1.5,-0.1,7.79
WR added to scheme scoring,2023,4,Tee Higgins,WR,12.17,11.69,3.9,-0.48,7.79
WR added to scheme scoring,2023,14,CeeDee Lamb,WR,26.3,26.88,19.1,0.58,7.78
WR added to scheme scoring,2022,14,Mark Andrews,TE,11.47,11.47,3.7,0.0,7.77
WR added to scheme scoring,2022,14,Mike Williams,WR,15.44,15.83,23.6,0.39,7.77
WR added to scheme scoring,2025,9,Michael Pittman,WR,12.27,12.75,20.5,0.48,7.75
WR added to scheme scoring,2023,7,T.J. Hockenson,TE,11.75,11.85,19.6,0.1,7.75
WR added to scheme scoring,2025,18,Troy Franklin,WR,7.75,7.75,0.0,0.0,7.75
WR added to scheme scoring,2022,9,K.J. Osborn,WR,7.66,7.75,0.0,0.09,7.75
WR added to scheme scoring,2022,14,Corey Davis,WR,10.25,10.25,2.5,0.0,7.75
WR added to scheme scoring,2023,11,Christian Kirk,WR,15.15,15.54,7.8,0.39,7.74
WR added to scheme scoring,2025,3,Puka Nacua,WR,15.54,15.06,22.8,-0.48,7.74
WR added to scheme scoring,2025,12,Josh Downs,WR,10.54,10.73,3.0,0.19,7.73
WR added to scheme scoring,2022,6,DK Metcalf,WR,12.94,13.13,5.4,0.19,7.73
WR added to scheme scoring,2024,8,DJ Moore,WR,13.04,13.13,5.4,0.09,7.73
WR added to scheme scoring,2024,11,Travis Kelce,TE,10.14,10.52,2.8,0.38,7.72
WR added to scheme scoring,2023,14,Brandin Cooks,WR,12.85,13.42,5.7,0.57,7.72
WR added to scheme scoring,2024,3,Hunter Henry,TE,10.42,10.61,2.9,0.19,7.71
WR added to scheme scoring,2023,6,Cole Kmet,TE,10.9,10.61,2.9,-0.29,7.71
WR added to scheme scoring,2025,10,Drake London,WR,17.27,16.69,24.4,-0.58,7.71
WR added to scheme scoring,2022,16,Keenan Allen,WR,13.71,13.71,21.4,0.0,7.69
WR added to scheme scoring,2024,7,Amari Cooper,WR,8.91,8.91,16.6,0.0,7.69
WR added to scheme scoring,2023,6,Keenan Allen,WR,13.52,13.81,21.5,0.29,7.69
WR added to scheme scoring,2023,9,Jonathan Mingo,WR,9.87,9.19,1.5,-0.68,7.69
WR added to scheme scoring,2024,6,Darnell Mooney,WR,14.38,14.48,6.8,0.1,7.68
WR added to scheme scoring,2024,12,Terry McLaurin,WR,13.52,13.52,21.2,0.0,7.68
WR added to scheme scoring,2025,3,Juwan Johnson,TE,18.78,18.78,11.1,0.0,7.68
WR added to scheme scoring,2022,14,Josh Reynolds,WR,9.19,8.43,16.1,-0.76,7.67
WR added to scheme scoring,2024,17,Rashod Bateman,WR,9.87,9.87,2.2,0.0,7.67
WR added to scheme scoring,2023,9,Dalton Kincaid,TE,8.33,8.43,16.1,0.1,7.67
WR added to scheme scoring,2025,14,Rashee Rice,WR,14.77,15.06,7.4,0.29,7.66
WR added to scheme scoring,2023,18,Jason Brownlee,WR,7.66,7.66,0.0,0.0,7.66
WR added to scheme scoring,2025,3,T.J. Hockenson,TE,8.24,8.24,15.9,0.0,7.66
WR added to scheme scoring,2024,12,A.J. Brown,WR,16.5,15.25,22.9,-1.25,7.65
WR added to scheme scoring,2024,9,Brock Bowers,TE,7.95,7.86,15.5,-0.09,7.64
WR added to scheme scoring,2024,5,Chris Olave,WR,10.54,10.64,3.0,0.1,7.64
WR added to scheme scoring,2025,11,Dallas Goedert,TE,12.42,12.04,4.4,-0.38,7.64
WR added to scheme scoring,2025,10,Troy Franklin,WR,7.37,7.37,15.0,0.0,7.63
WR added to scheme scoring,2022,10,Tyreek Hill,WR,22.17,23.03,15.4,0.86,7.63
WR added to scheme scoring,2024,15,Tyreek Hill,WR,13.13,13.23,5.6,0.1,7.63
WR added to scheme scoring,2022,12,Parris Campbell,WR,11.21,11.02,3.4,-0.19,7.62
WR added to scheme scoring,2024,13,Tank Dell,WR,10.92,10.92,3.3,0.0,7.62
WR added to scheme scoring,2023,3,Rashid Shaheed,WR,12.65,13.62,6.0,0.97,7.62
WR added to scheme scoring,2024,3,CeeDee Lamb,WR,15.73,16.31,8.7,0.58,7.61
WR added to scheme scoring,2022,4,DK Metcalf,WR,14.48,14.29,21.9,-0.19,7.61
WR added to scheme scoring,2024,5,Dontayvion Wicks,WR,12.08,11.6,4.0,-0.48,7.6
WR added to scheme scoring,2025,3,Jameson Williams,WR,13.71,13.9,6.3,0.19,7.6
WR added to scheme scoring,2025,4,Quentin Johnston,WR,15.83,16.21,23.8,0.38,7.59
WR added to scheme scoring,2023,7,Kendrick Bourne,WR,8.71,8.71,16.3,0.0,7.59
WR added to scheme scoring,2023,11,Romeo Doubs,WR,9.1,8.71,16.3,-0.39,7.59
WR added to scheme scoring,2022,3,Stefon Diggs,WR,22.17,21.98,14.4,-0.19,7.58
WR added to scheme scoring,2022,18,David Njoku,TE,6.62,6.62,14.2,0.0,7.58
WR added to scheme scoring,2022,13,Dawson Knox,TE,7.76,7.57,0.0,-0.19,7.57
WR added to scheme scoring,2022,13,Adam Thielen,WR,11.6,12.27,4.7,0.67,7.57
WR added to scheme scoring,2024,7,Michael Wilson,WR,10.06,10.06,2.5,0.0,7.56
WR added to scheme scoring,2025,10,Xavier Legette,WR,7.66,7.56,0.0,-0.1,7.56
WR added to scheme scoring,2023,13,Michael Gallup,WR,7.27,7.56,0.0,0.29,7.56
WR added to scheme scoring,2022,7,Nelson Agholor,WR,7.27,7.56,0.0,0.29,7.56
WR added to scheme scoring,2025,13,Alec Pierce,WR,9.67,10.25,17.8,0.58,7.55
WR added to scheme scoring,2022,13,CeeDee Lamb,WR,12.56,12.85,20.4,0.29,7.55
WR added to scheme scoring,2022,5,Dallas Goedert,TE,9.66,9.95,17.5,0.29,7.55
WR added to scheme scoring,2022,12,Mike Evans,WR,12.56,12.65,5.1,0.09,7.55
WR added to scheme scoring,2024,11,David Njoku,TE,11.56,11.56,19.1,0.0,7.54
WR added to scheme scoring,2024,12,Cooper Kupp,WR,11.89,12.46,20.0,0.57,7.54
WR added to scheme scoring,2024,14,Nick Westbrook-Ikhine,WR,10.83,10.44,2.9,-0.39,7.54
WR added to scheme scoring,2023,5,Cole Kmet,TE,8.05,7.67,15.2,-0.38,7.53
WR added to scheme scoring,2024,11,Garrett Wilson,WR,13.71,13.33,5.8,-0.38,7.53
WR added to scheme scoring,2024,15,Tee Higgins,WR,11.98,12.27,19.8,0.29,7.53
WR added to scheme scoring,2025,3,Rashod Bateman,WR,9.77,9.77,17.3,0.0,7.53
WR added to scheme scoring,2024,8,Amon-Ra St. Brown,WR,16.59,16.21,8.7,-0.38,7.51
WR added to scheme scoring,2022,5,A.J. Brown,WR,13.81,13.71,6.2,-0.1,7.51
WR added to scheme scoring,2022,16,Justin Jefferson,WR,22.84,23.8,31.3,0.96,7.5
WR added to scheme scoring,2023,6,Tutu Atwell,WR,12.17,11.5,4.0,-0.67,7.5
WR added to scheme scoring,2024,9,Zach Ertz,TE,9.09,9.0,1.5,-0.09,7.5
WR added to scheme scoring,2024,17,Sam LaPorta,TE,11.28,10.9,18.4,-0.38,7.5
WR added to scheme scoring,2023,11,K.J. Osborn,WR,9.77,9.19,1.7,-0.58,7.49
WR added to scheme scoring,2023,9,Brandin Cooks,WR,8.91,9.19,1.7,0.28,7.49
WR added to scheme scoring,2024,8,Chris Olave,WR,11.4,11.21,18.7,-0.19,7.49
WR added to scheme scoring,2023,3,Calvin Ridley,WR,15.06,14.48,7.0,-0.58,7.48
WR added to scheme scoring,2023,9,Tyler Higbee,TE,7.48,7.48,0.0,0.0,7.48
WR added to scheme scoring,2025,4,Marvin Harrison Jr.,WR,11.12,11.12,18.6,0.0,7.48
WR added to scheme scoring,2025,18,Justin Jefferson,WR,11.12,10.92,18.4,-0.2,7.48
WR added to scheme scoring,2025,16,Courtland Sutton,WR,13.9,13.13,20.6,-0.77,7.47
WR added to scheme scoring,2024,18,Davante Adams,WR,13.62,13.33,20.8,-0.29,7.47
WR added to scheme scoring,2024,5,Kyle Pitts,TE,7.95,8.33,15.8,0.38,7.47
WR added to scheme scoring,2022,3,Robbie Chosen,WR,9.87,9.87,2.4,0.0,7.47
WR added to scheme scoring,2023,15,Tyler Lockett,WR,12.17,12.56,5.1,0.39,7.46
WR added to scheme scoring,2025,16,Hunter Henry,TE,7.86,8.05,15.5,0.19,7.45
WR added to scheme scoring,2022,3,Logan Thomas,TE,9.66,9.95,2.5,0.29,7.45
WR added to scheme scoring,2023,8,Chris Godwin Jr.,WR,10.64,10.35,17.8,-0.29,7.45
WR added to scheme scoring,2025,7,Sam LaPorta,TE,12.51,11.94,4.5,-0.57,7.44
WR added to scheme scoring,2022,18,JuJu Smith-Schuster,WR,12.85,12.94,5.5,0.09,7.44
WR added to scheme scoring,2023,16,Stefon Diggs,WR,15.83,15.34,7.9,-0.49,7.44
WR added to scheme scoring,2023,7,Michael Wilson,WR,13.04,13.04,5.6,0.0,7.44
WR added to scheme scoring,2025,9,Alec Pierce,WR,10.92,10.06,17.5,-0.86,7.44
WR added to scheme scoring,2024,14,David Njoku,TE,9.76,9.76,17.2,0.0,7.44
WR added to scheme scoring,2023,17,Jordan Addison,WR,12.75,13.23,5.8,0.48,7.43
WR added to scheme scoring,2023,17,Justin Jefferson,WR,17.75,18.32,10.9,0.57,7.42
WR added to scheme scoring,2023,3,Juwan Johnson,TE,10.61,10.61,3.2,0.0,7.41
WR added to scheme scoring,2025,18,Jake Ferguson,TE,9.19,8.9,1.5,-0.29,7.4
WR added to scheme scoring,2023,7,Jaxon Smith-Njigba,WR,8.52,8.91,16.3,0.39,7.39
WR added to scheme scoring,2023,4,Michael Pittman,WR,11.79,11.89,4.5,0.1,7.39
WR added to scheme scoring,2022,10,Chase Claypool,WR,9.29,9.19,1.8,-0.1,7.39
WR added to scheme scoring,2023,6,Jerry Jeudy,WR,11.6,11.79,4.4,0.19,7.39
WR added to scheme scoring,2025,18,Chris Godwin Jr.,WR,9.1,9.19,1.8,0.09,7.39
WR added to scheme scoring,2025,11,Jonnu Smith,TE,7.19,7.38,0.0,0.19,7.38
WR added to scheme scoring,2024,5,Wan'Dale Robinson,WR,8.04,8.62,16.0,0.58,7.38
WR added to scheme scoring,2022,4,Jarvis Landry,WR,11.89,12.08,4.7,0.19,7.38
WR added to scheme scoring,2022,5,Mike Evans,WR,19.09,19.48,12.1,0.39,7.38
WR added to scheme scoring,2022,12,Mike Gesicki,TE,7.76,7.38,0.0,-0.38,7.38
WR added to scheme scoring,2025,12,Mark Andrews,TE,9.47,9.47,2.1,0.0,7.37
WR added to scheme scoring,2025,7,Jaylen Waddle,WR,10.06,9.87,2.5,-0.19,7.37
WR added to scheme scoring,2025,12,Jalen Nailor,WR,6.98,7.37,0.0,0.39,7.37
WR added to scheme scoring,2025,4,Garrett Wilson,WR,13.13,12.85,20.2,-0.28,7.35
WR added to scheme scoring,2025,14,Amon-Ra St. Brown,WR,23.51,22.55,15.2,-0.96,7.35
WR added to scheme scoring,2023,18,Dalton Kincaid,TE,7.57,8.05,15.4,0.48,7.35
WR added to scheme scoring,2024,7,Romeo Doubs,WR,10.35,10.06,17.4,-0.29,7.34
WR added to scheme scoring,2022,17,Pat Freiermuth,TE,14.03,13.94,6.6,-0.09,7.34
WR added to scheme scoring,2024,13,Quentin Johnston,WR,10.92,10.54,3.2,-0.38,7.34
WR added to scheme scoring,2024,10,Brian Thomas Jr.,WR,10.54,10.54,3.2,0.0,7.34
WR added to scheme scoring,2025,6,Cole Kmet,TE,8.33,8.33,1.0,0.0,7.33
WR added to scheme scoring,2023,8,Evan Engram,TE,9.19,9.47,16.8,0.28,7.33
WR added to scheme scoring,2025,5,Jerry Jeudy,WR,10.83,10.83,3.5,0.0,7.33
WR added to scheme scoring,2023,13,Keenan Allen,WR,17.27,18.13,10.8,0.86,7.33
WR added to scheme scoring,2023,17,Brandin Cooks,WR,9.87,9.67,17.0,-0.2,7.33
WR added to scheme scoring,2025,4,David Njoku,TE,10.42,10.42,3.1,0.0,7.32
WR added to scheme scoring,2022,16,Josh Palmer,WR,11.12,10.92,3.6,-0.2,7.32
WR added to scheme scoring,2024,16,Calvin Ridley,WR,9.58,9.48,16.8,-0.1,7.32
WR added to scheme scoring,2024,8,Amari Cooper,WR,8.91,8.62,1.3,-0.29,7.32
WR added to scheme scoring,2022,7,Jerry Jeudy,WR,9.77,9.29,16.6,-0.48,7.31
WR added to scheme scoring,2022,8,Terry McLaurin,WR,9.39,9.29,16.6,-0.1,7.31
WR added to scheme scoring,2023,13,Jahan Dotson,WR,11.4,11.6,4.3,0.2,7.3
WR added to scheme scoring,2025,16,Oronde Gadsden II,TE,9.09,9.0,1.7,-0.09,7.3
WR added to scheme scoring,2024,3,Demarcus Robinson,WR,10.83,11.5,4.2,0.67,7.3
WR added to scheme scoring,2023,17,Gabe Davis,WR,11.31,11.4,4.1,0.09,7.3
WR added to scheme scoring,2023,16,Dalton Kincaid,TE,8.52,9.0,1.7,0.48,7.3
WR added to scheme scoring,2022,9,T.J. Hockenson,TE,8.62,8.71,16.0,0.09,7.29
WR added to scheme scoring,2022,6,Cooper Kupp,WR,24.86,23.99,16.7,-0.87,7.29
WR added to scheme scoring,2025,15,Tetairoa McMillan,WR,12.27,11.79,4.5,-0.48,7.29
WR added to scheme scoring,2025,14,Mark Andrews,TE,9.19,9.19,1.9,0.0,7.29
WR added to scheme scoring,2025,17,Trey McBride,TE,16.31,16.31,23.6,0.0,7.29
WR added to scheme scoring,2022,18,Elijah Moore,WR,9.1,9.39,2.1,0.29,7.29
WR added to scheme scoring,2022,8,Romeo Doubs,WR,9.29,8.91,16.2,-0.38,7.29
WR added to scheme scoring,2023,12,Chris Olave,WR,10.73,11.12,18.4,0.39,7.28
WR added to scheme scoring,2022,4,Corey Davis,WR,10.92,11.12,18.4,0.2,7.28
WR added to scheme scoring,2025,3,DeAndre Hopkins,WR,9.58,9.58,2.3,0.0,7.28
WR added to scheme scoring,2022,10,Alec Pierce,WR,6.6,7.27,0.0,0.67,7.27
WR added to scheme scoring,2024,12,Darius Slayton,WR,6.98,7.27,0.0,0.29,7.27
WR added to scheme scoring,2025,9,DK Metcalf,WR,9.87,9.87,2.6,0.0,7.27
WR added to scheme scoring,2024,7,Amon-Ra St. Brown,WR,17.36,17.94,25.2,0.58,7.26
WR added to scheme scoring,2024,7,Diontae Johnson,WR,9.96,9.96,2.7,0.0,7.26
WR added to scheme scoring,2023,6,DeAndre Hopkins,WR,10.35,10.25,3.0,-0.1,7.25
WR added to scheme scoring,2023,9,DJ Moore,WR,12.27,12.65,5.4,0.38,7.25
WR added to scheme scoring,2022,17,Robert Woods,WR,7.66,7.66,14.9,0.0,7.24
WR added to scheme scoring,2024,18,T.J. Hockenson,TE,9.57,10.14,2.9,0.57,7.24
WR added to scheme scoring,2023,8,T.J. Hockenson,TE,13.56,13.56,20.8,0.0,7.24
WR added to scheme scoring,2023,18,Darius Slayton,WR,9.77,9.96,17.2,0.19,7.24
WR added to scheme scoring,2024,8,Tucker Kraft,TE,9.28,9.57,16.8,0.29,7.23
WR added to scheme scoring,2025,7,Jordan Addison,WR,14.86,14.58,21.8,-0.28,7.22
WR added to scheme scoring,2022,6,Russell Gage,WR,11.5,11.21,4.0,-0.29,7.21
WR added to scheme scoring,2022,17,Christian Kirk,WR,10.06,11.31,4.1,1.25,7.21
WR added to scheme scoring,2025,10,Brock Bowers,TE,10.8,10.9,3.7,0.1,7.2
WR added to scheme scoring,2022,18,DJ Chark,WR,11.89,11.6,4.4,-0.29,7.2
WR added to scheme scoring,2025,14,Davante Adams,WR,14.0,14.1,6.9,0.1,7.2
WR added to scheme scoring,2022,9,Evan Engram,TE,8.9,9.0,1.8,0.1,7.2
WR added to scheme scoring,2022,18,Deebo Samuel Sr.,WR,11.21,11.6,4.4,0.39,7.2
WR added to scheme scoring,2022,17,Chris Godwin Jr.,WR,14.0,13.81,21.0,-0.19,7.19
WR added to scheme scoring,2022,9,Marquez Valdes-Scantling,WR,9.67,9.39,2.2,-0.28,7.19
WR added to scheme scoring,2023,16,Dalton Schultz,TE,6.91,6.91,14.1,0.0,7.19
WR added to scheme scoring,2025,16,Dalton Kincaid,TE,7.48,7.19,0.0,-0.29,7.19
WR added to scheme scoring,2025,8,Adam Thielen,WR,7.08,7.18,0.0,0.1,7.18
WR added to scheme scoring,2023,14,Rashee Rice,WR,11.79,11.02,18.2,-0.77,7.18
WR added to scheme scoring,2024,6,Trey McBride,TE,10.42,10.42,17.6,0.0,7.18
WR added to scheme scoring,2022,10,Tyler Higbee,TE,7.86,8.14,15.3,0.28,7.16
WR added to scheme scoring,2024,7,Xavier Legette,WR,10.44,10.06,2.9,-0.38,7.16
WR added to scheme scoring,2025,4,Kayshon Boutte,WR,9.67,9.96,2.8,0.29,7.16
WR added to scheme scoring,2023,5,Josh Reynolds,WR,10.16,10.44,17.6,0.28,7.16
WR added to scheme scoring,2023,4,Tyreek Hill,WR,17.84,17.36,10.2,-0.48,7.16
WR added to scheme scoring,2022,9,Tyreek Hill,WR,20.15,20.15,27.3,0.0,7.15
WR added to scheme scoring,2023,7,Courtland Sutton,WR,11.98,12.46,19.6,0.48,7.14
WR added to scheme scoring,2025,12,Kayshon Boutte,WR,10.35,10.64,3.5,0.29,7.14
WR added to scheme scoring,2025,13,Rashee Rice,WR,23.03,22.26,29.4,-0.77,7.14
WR added to scheme scoring,2023,12,Jaylen Waddle,WR,12.08,12.27,19.4,0.19,7.13
WR added to scheme scoring,2024,16,Jalen McMillan,WR,9.48,9.58,16.7,0.1,7.12
WR added to scheme scoring,2025,17,Chig Okonkwo,TE,7.38,7.38,14.5,0.0,7.12
WR added to scheme scoring,2025,8,Kayshon Boutte,WR,9.58,9.39,16.5,-0.19,7.11
WR added to scheme scoring,2023,3,Donald Parham,TE,7.48,7.29,14.4,-0.19,7.11
WR added to scheme scoring,2025,14,Oronde Gadsden II,TE,8.14,8.81,1.7,0.67,7.11
WR added to scheme scoring,2023,13,Josh Downs,WR,10.73,11.5,4.4,0.77,7.1
WR added to scheme scoring,2022,12,Corey Davis,WR,9.1,9.0,1.9,-0.1,7.1
WR added to scheme scoring,2025,6,Jameson Williams,WR,11.21,11.5,18.6,0.29,7.1
WR added to scheme scoring,2023,13,Cade Otton,TE,7.19,7.1,0.0,-0.09,7.1
WR added to scheme scoring,2025,11,Jake Tonges,TE,7.29,7.1,0.0,-0.19,7.1
WR added to scheme scoring,2022,8,Courtland Sutton,WR,9.58,9.39,2.3,-0.19,7.09
WR added to scheme scoring,2024,13,Sam LaPorta,TE,8.9,8.52,15.6,-0.38,7.08
WR added to scheme scoring,2024,11,Mark Andrews,TE,11.28,11.28,4.2,0.0,7.08
WR added to scheme scoring,2023,11,Mark Andrews,TE,11.37,11.37,4.3,0.0,7.07
WR added to scheme scoring,2023,18,Mike Evans,WR,12.17,12.27,5.2,0.1,7.07
WR added to scheme scoring,2024,8,Tutu Atwell,WR,9.67,9.87,2.8,0.2,7.07
WR added to scheme scoring,2025,3,Tetairoa McMillan,WR,16.21,14.86,7.8,-1.35,7.06
WR added to scheme scoring,2022,10,Foster Moreau,TE,6.43,6.24,13.3,-0.19,7.06
WR added to scheme scoring,2024,18,Marvin Harrison Jr.,WR,10.25,10.25,17.3,0.0,7.05
WR added to scheme scoring,2025,3,Tyler Warren,TE,13.84,13.84,6.8,0.0,7.04
WR added to scheme scoring,2025,10,Jordan Addison,WR,13.52,13.52,6.5,0.0,7.02
WR added to scheme scoring,2023,10,Drake London,WR,14.0,13.62,6.6,-0.38,7.02
WR added to scheme scoring,2022,14,Keenan Allen,WR,13.9,14.19,21.2,0.29,7.01
WR added to scheme scoring,2023,5,Nick Westbrook-Ikhine,WR,8.71,8.91,1.9,0.2,7.01
WR added to scheme scoring,2024,16,Amari Cooper,WR,8.91,9.0,2.0,0.09,7.0
WR added to scheme scoring,2025,4,Jakobi Meyers,WR,14.0,14.0,7.0,0.0,7.0
WR added to scheme scoring,2022,4,Russell Gage,WR,11.31,11.4,4.4,0.09,7.0
WR added to scheme scoring,2023,9,Juwan Johnson,TE,7.29,6.91,13.9,-0.38,6.99
WR added to scheme scoring,2025,9,Ladd McConkey,WR,16.5,16.59,9.6,0.09,6.99
WR added to scheme scoring,2022,13,DeAndre Carter,WR,9.77,9.39,2.4,-0.38,6.99
WR added to scheme scoring,2024,3,Stefon Diggs,WR,12.94,12.94,19.92,0.0,6.98
WR added to scheme scoring,2024,4,Calvin Ridley,WR,9.58,9.48,2.5,-0.1,6.98
WR added to scheme scoring,2025,3,Justin Jefferson,WR,21.21,19.48,12.5,-1.73,6.98
WR added to scheme scoring,2025,9,Josh Downs,WR,10.83,10.73,17.7,-0.1,6.97
WR added to scheme scoring,2022,18,Corey Davis,WR,9.48,9.67,2.7,0.19,6.97
WR added to scheme scoring,2022,10,Jaylen Waddle,WR,17.75,17.56,10.6,-0.19,6.96
WR added to scheme scoring,2024,16,Josh Downs,WR,8.23,8.14,15.1,-0.09,6.96
WR added to scheme scoring,2024,6,Hunter Henry,TE,6.34,6.15,13.1,-0.19,6.95
WR added to scheme scoring,2025,13,Courtland Sutton,WR,9.67,10.25,17.2,0.58,6.95
WR added to scheme scoring,2025,7,Kendrick Bourne,WR,10.92,10.35,3.4,-0.57,6.95
WR added to scheme scoring,2023,12,Dalton Schultz,TE,8.14,8.14,1.2,0.0,6.94
WR added to scheme scoring,2024,13,Isaiah Likely,TE,7.86,7.86,14.8,0.0,6.94
WR added to scheme scoring,2025,4,Courtland Sutton,WR,12.56,12.17,19.1,-0.39,6.93
WR added to scheme scoring,2025,11,Tyler Higbee,TE,9.57,10.23,3.3,0.66,6.93
WR added to scheme scoring,2024,6,Elijah Moore,WR,8.23,8.23,1.3,0.0,6.93
WR added to scheme scoring,2023,3,DeVante Parker,WR,10.35,10.83,3.9,0.48,6.93
WR added to scheme scoring,2023,8,Darren Waller,TE,8.14,8.33,1.4,0.19,6.93
WR added to scheme scoring,2024,16,Jaxon Smith-Njigba,WR,17.17,17.07,24.0,-0.1,6.93
WR added to scheme scoring,2022,18,Terry McLaurin,WR,9.67,9.48,16.4,-0.19,6.92
WR added to scheme scoring,2022,17,JuJu Smith-Schuster,WR,10.73,11.02,4.1,0.29,6.92
WR added to scheme scoring,2024,10,Diontae Johnson,WR,8.52,8.52,1.6,0.0,6.92
WR added to scheme scoring,2023,13,DeAndre Hopkins,WR,12.75,11.98,18.9,-0.77,6.92
WR added to scheme scoring,2024,7,Isaiah Likely,TE,10.61,10.61,3.7,0.0,6.91
WR added to scheme scoring,2023,7,Michael Pittman,WR,9.58,9.39,16.3,-0.19,6.91
WR added to scheme scoring,2025,13,Chimere Dike,WR,8.14,8.81,1.9,0.67,6.91
WR added to scheme scoring,2025,18,Ja'Marr Chase,WR,16.5,16.69,23.6,0.19,6.91
WR added to scheme scoring,2025,8,Michael Pittman,WR,16.59,16.59,23.5,0.0,6.91
WR added to scheme scoring,2022,4,Richie James,WR,9.1,8.81,1.9,-0.29,6.91
WR added to scheme scoring,2023,4,Allen Robinson,WR,9.0,8.71,1.8,-0.29,6.91
WR added to scheme scoring,2022,15,DJ Moore,WR,11.31,11.4,18.3,0.09,6.9
WR added to scheme scoring,2024,4,Mike Gesicki,TE,6.91,7.0,0.1,0.09,6.9
WR added to scheme scoring,2023,12,Sam LaPorta,TE,10.71,10.8,17.7,0.09,6.9
WR added to scheme scoring,2024,3,Chris Olave,WR,13.13,13.71,20.6,0.58,6.89
WR added to scheme scoring,2024,7,Marvin Harrison Jr.,WR,11.98,11.98,5.1,0.0,6.88
WR added to scheme scoring,2023,4,Travis Kelce,TE,18.69,18.88,12.0,0.19,6.88
WR added to scheme scoring,2024,3,Zay Flowers,WR,12.17,12.17,5.3,0.0,6.87
WR added to scheme scoring,2023,5,Puka Nacua,WR,27.84,26.97,20.1,-0.87,6.87
WR added to scheme scoring,2024,15,Keenan Allen,WR,13.52,13.33,20.2,-0.19,6.87
WR added to scheme scoring,2023,15,A.J. Brown,WR,17.17,17.46,10.6,0.29,6.86
WR added to scheme scoring,2023,16,Sam LaPorta,TE,11.56,11.66,4.8,0.1,6.86
WR added to scheme scoring,2024,9,Darnell Mooney,WR,12.85,12.94,19.8,0.09,6.86
WR added to scheme scoring,2025,7,Dallas Goedert,TE,12.23,11.66,4.8,-0.57,6.86
WR added to scheme scoring,2022,18,Chig Okonkwo,TE,6.43,6.34,13.2,-0.09,6.86
WR added to scheme scoring,2022,11,Donovan Peoples-Jones,WR,10.25,10.25,17.1,0.0,6.85
WR added to scheme scoring,2022,4,Zach Ertz,TE,9.85,9.85,16.7,0.0,6.85
WR added to scheme scoring,2023,18,Dallas Goedert,TE,8.14,8.24,1.4,0.1,6.84
WR added to scheme scoring,2023,8,Jake Ferguson,TE,7.29,7.86,14.7,0.57,6.84
WR added to scheme scoring,2022,11,Diontae Johnson,WR,12.37,13.04,6.2,0.67,6.84
WR added to scheme scoring,2022,9,Cooper Kupp,WR,19.77,19.96,26.8,0.19,6.84
WR added to scheme scoring,2025,15,Ladd McConkey,WR,10.73,10.83,4.0,0.1,6.83
WR added to scheme scoring,2022,18,K.J. Osborn,WR,10.16,9.87,16.7,-0.29,6.83
WR added to scheme scoring,2022,13,Nick Westbrook-Ikhine,WR,8.33,8.23,1.4,-0.1,6.83
WR added to scheme scoring,2024,5,Tommy Tremble,TE,6.62,6.53,-0.3,-0.09,6.83
WR added to scheme scoring,2025,15,Mike Evans,WR,12.46,12.37,19.2,-0.09,6.83
WR added to scheme scoring,2022,17,Josh Reynolds,WR,8.43,8.33,1.5,-0.1,6.83
WR added to scheme scoring,2023,4,Puka Nacua,WR,24.95,24.47,31.3,-0.48,6.83
WR added to scheme scoring,2022,10,Chris Godwin Jr.,WR,11.98,12.27,19.1,0.29,6.83
WR added to scheme scoring,2023,12,A.T. Perry,WR,8.14,8.52,1.7,0.38,6.82
WR added to scheme scoring,2024,4,George Pickens,WR,9.96,9.48,16.3,-0.48,6.82
WR added to scheme scoring,2025,15,Jake Ferguson,TE,10.8,10.42,3.6,-0.38,6.82
WR added to scheme scoring,2025,8,Tyler Warren,TE,16.12,16.12,9.3,0.0,6.82
WR added to scheme scoring,2025,15,Jauan Jennings,WR,11.98,11.89,18.7,-0.09,6.81
WR added to scheme scoring,2023,8,Blake Bell,TE,6.91,6.81,0.0,-0.1,6.81
WR added to scheme scoring,2024,11,Kyle Pitts,TE,8.62,8.71,1.9,0.09,6.81
WR added to scheme scoring,2022,7,Diontae Johnson,WR,16.31,16.31,9.5,0.0,6.81
WR added to scheme scoring,2023,18,Brandin Cooks,WR,9.96,9.39,16.2,-0.57,6.81
WR added to scheme scoring,2023,7,Tyreek Hill,WR,18.13,19.0,25.8,0.87,6.8
WR added to scheme scoring,2022,4,Will Dissly,TE,7.0,7.1,13.9,0.1,6.8
WR added to scheme scoring,2022,14,Jaylen Waddle,WR,11.89,11.89,5.1,0.0,6.79
WR added to scheme scoring,2023,5,Jakobi Meyers,WR,12.94,13.71,20.5,0.77,6.79
WR added to scheme scoring,2024,6,Mark Andrews,TE,8.81,8.81,15.6,0.0,6.79
WR added to scheme scoring,2025,12,Jakobi Meyers,WR,8.33,8.23,15.0,-0.1,6.77
WR added to scheme scoring,2024,8,David Njoku,TE,10.33,10.33,17.1,0.0,6.77
WR added to scheme scoring,2023,12,Jayden Reed,WR,8.43,8.23,15.0,-0.2,6.77
WR added to scheme scoring,2025,7,Drake London,WR,15.06,14.96,8.2,-0.1,6.76
WR added to scheme scoring,2023,18,Adam Thielen,WR,10.73,9.96,3.2,-0.77,6.76
WR added to scheme scoring,2024,13,CeeDee Lamb,WR,12.46,12.65,5.9,0.19,6.75
WR added to scheme scoring,2022,6,Romeo Doubs,WR,11.79,12.85,6.1,1.06,6.75
WR added to scheme scoring,2022,16,Donovan Peoples-Jones,WR,7.95,7.95,1.2,0.0,6.75
WR added to scheme scoring,2023,4,Rashid Shaheed,WR,13.33,13.04,6.3,-0.29,6.74
WR added to scheme scoring,2025,4,Chig Okonkwo,TE,8.24,8.14,1.4,-0.1,6.74
WR added to scheme scoring,2025,16,Dalton Schultz,TE,7.76,7.76,14.5,0.0,6.74
WR added to scheme scoring,2022,18,Christian Watson,WR,10.16,9.87,16.6,-0.29,6.73
WR added to scheme scoring,2025,15,Mark Andrews,TE,10.52,10.52,3.8,0.0,6.72
WR added to scheme scoring,2022,12,Juwan Johnson,TE,6.72,6.72,0.0,0.0,6.72
WR added to scheme scoring,2025,17,George Pickens,WR,17.36,18.52,11.8,1.16,6.72
WR added to scheme scoring,2023,4,Skyy Moore,WR,8.52,8.62,1.9,0.1,6.72
WR added to scheme scoring,2024,14,Cole Kmet,TE,6.72,6.72,0.0,0.0,6.72
WR added to scheme scoring,2025,18,Jordan Addison,WR,8.62,8.52,1.8,-0.1,6.72
WR added to scheme scoring,2022,12,Cade Otton,TE,6.62,6.72,0.0,0.1,6.72
WR added to scheme scoring,2025,9,Romeo Doubs,WR,9.1,9.39,16.1,0.29,6.71
WR added to scheme scoring,2022,11,CeeDee Lamb,WR,16.4,16.21,9.5,-0.19,6.71
WR added to scheme scoring,2023,7,Olamide Zaccheaus,WR,7.18,6.7,0.0,-0.48,6.7
WR added to scheme scoring,2025,3,Brock Bowers,TE,16.79,16.5,9.8,-0.29,6.7
WR added to scheme scoring,2023,12,Michael Pittman,WR,13.71,14.0,20.7,0.29,6.7
WR added to scheme scoring,2023,8,Jonnu Smith,TE,8.9,9.0,2.3,0.1,6.7
WR added to scheme scoring,2024,4,Terry McLaurin,WR,11.21,11.5,18.2,0.29,6.7
WR added to scheme scoring,2024,16,Christian Watson,WR,9.1,9.0,2.3,-0.1,6.7
WR added to scheme scoring,2022,15,Darren Waller,TE,7.1,7.1,13.8,0.0,6.7
WR added to scheme scoring,2024,15,Quentin Johnston,WR,8.52,8.81,15.5,0.29,6.69
WR added to scheme scoring,2025,4,Kendrick Bourne,WR,9.39,9.39,2.7,0.0,6.69
WR added to scheme scoring,2022,6,Curtis Samuel,WR,9.48,9.29,2.6,-0.19,6.69
WR added to scheme scoring,2024,13,Darnell Mooney,WR,11.79,11.69,5.0,-0.1,6.69
WR added to scheme scoring,2022,16,Garrett Wilson,WR,11.79,11.69,5.0,-0.1,6.69
WR added to scheme scoring,2025,14,Ja'Marr Chase,WR,16.31,16.88,10.2,0.57,6.68
WR added to scheme scoring,2025,3,Josh Downs,WR,11.21,12.08,5.4,0.87,6.68
WR added to scheme scoring,2023,13,Adam Thielen,WR,13.23,12.17,5.5,-1.06,6.67
WR added to scheme scoring,2024,18,Malik Nabers,WR,10.16,10.73,17.4,0.57,6.67
WR added to scheme scoring,2022,16,Christian Kirk,WR,12.65,12.27,5.6,-0.38,6.67
WR added to scheme scoring,2025,7,DK Metcalf,WR,14.29,14.67,8.0,0.38,6.67
WR added to scheme scoring,2022,15,Parris Campbell,WR,10.06,9.96,3.3,-0.1,6.66
WR added to scheme scoring,2024,15,DK Metcalf,WR,12.17,12.46,5.8,0.29,6.66
WR added to scheme scoring,2023,3,Tyler Lockett,WR,14.86,15.06,8.4,0.2,6.66
WR added to scheme scoring,2024,17,Jakobi Meyers,WR,10.44,10.44,17.1,0.0,6.66
WR added to scheme scoring,2024,9,Marvin Harrison Jr.,WR,10.06,10.06,3.4,0.0,6.66
WR added to scheme scoring,2025,15,Davante Adams,WR,17.94,17.75,11.1,-0.19,6.65
WR added to scheme scoring,2022,5,Russell Gage,WR,12.65,12.65,6.0,0.0,6.65
WR added to scheme scoring,2022,13,Nelson Agholor,WR,10.16,10.35,3.7,0.19,6.65
WR added to scheme scoring,2022,5,Marquise Brown,WR,15.15,15.15,21.8,0.0,6.65
WR added to scheme scoring,2025,15,Jayden Higgins,WR,8.04,8.04,1.4,0.0,6.64
WR added to scheme scoring,2022,16,Noah Brown,WR,8.23,8.14,1.5,-0.09,6.64
WR added to scheme scoring,2023,10,Calvin Ridley,WR,11.31,10.64,4.0,-0.67,6.64
WR added to scheme scoring,2024,10,Tutu Atwell,WR,8.62,8.23,1.6,-0.39,6.63
WR added to scheme scoring,2022,7,Drake London,WR,8.04,8.52,1.9,0.48,6.62
WR added to scheme scoring,2022,14,Dawson Knox,TE,7.29,7.48,14.1,0.19,6.62
WR added to scheme scoring,2025,6,Hunter Henry,TE,12.32,12.32,5.7,0.0,6.62
WR added to scheme scoring,2024,11,Darnell Mooney,WR,11.31,11.31,4.7,0.0,6.61
WR added to scheme scoring,2024,18,Courtland Sutton,WR,12.94,14.19,20.8,1.25,6.61
WR added to scheme scoring,2024,16,Hunter Henry,TE,7.0,7.29,13.9,0.29,6.61
WR added to scheme scoring,2022,18,Davante Adams,WR,18.71,18.9,12.3,0.19,6.6
WR added to scheme scoring,2025,4,DeVonta Smith,WR,11.98,11.5,4.9,-0.48,6.6
WR added to scheme scoring,2023,4,Keenan Allen,WR,17.46,18.8,12.2,1.34,6.6
WR added to scheme scoring,2025,3,Cooper Kupp,WR,11.31,11.69,5.1,0.38,6.59
WR added to scheme scoring,2024,13,Devaughn Vele,WR,9.39,9.19,2.6,-0.2,6.59
WR added to scheme scoring,2025,7,Cade Otton,TE,7.19,6.91,13.5,-0.28,6.59
WR added to scheme scoring,2022,6,A.J. Brown,WR,11.12,11.12,17.7,0.0,6.58
WR added to scheme scoring,2023,8,Garrett Wilson,WR,10.64,11.02,17.6,0.38,6.58
WR added to scheme scoring,2022,18,Chris Olave,WR,8.91,8.43,15.0,-0.48,6.57
WR added to scheme scoring,2024,10,Demarcus Robinson,WR,10.35,9.87,3.3,-0.48,6.57
WR added to scheme scoring,2025,15,Michael Pittman,WR,11.89,12.17,5.6,0.28,6.57
WR added to scheme scoring,2024,18,Nico Collins,WR,8.23,8.23,14.8,0.0,6.57
WR added to scheme scoring,2022,5,Pat Freiermuth,TE,9.57,9.76,3.2,0.19,6.56
WR added to scheme scoring,2022,14,Adam Thielen,WR,13.13,12.94,19.5,-0.19,6.56
WR added to scheme scoring,2022,9,Mike Gesicki,TE,8.05,7.86,1.3,-0.19,6.56
WR added to scheme scoring,2022,4,Josh Palmer,WR,10.06,10.06,3.5,0.0,6.56
WR added to scheme scoring,2022,4,Drake London,WR,11.4,10.25,3.7,-1.15,6.55
WR added to scheme scoring,2023,9,Jahan Dotson,WR,10.25,10.35,16.9,0.1,6.55
WR added to scheme scoring,2022,15,Brandon Aiyuk,WR,10.06,10.44,3.9,0.38,6.54
WR added to scheme scoring,2023,16,Dallas Goedert,TE,7.48,7.57,14.1,0.09,6.53
WR added to scheme scoring,2024,10,Jauan Jennings,WR,9.58,9.77,16.3,0.19,6.53
WR added to scheme scoring,2023,12,Jonnu Smith,TE,6.62,6.53,0.0,-0.09,6.53
WR added to scheme scoring,2024,4,Elijah Moore,WR,8.62,8.62,2.1,0.0,6.52
WR added to scheme scoring,2022,12,David Njoku,TE,7.38,7.38,13.9,0.0,6.52
WR added to scheme scoring,2022,3,Kyle Pitts,TE,6.91,7.19,13.7,0.28,6.51
WR added to scheme scoring,2024,6,Ja'Marr Chase,WR,18.8,18.71,12.2,-0.09,6.51
WR added to scheme scoring,2023,11,Amari Cooper,WR,13.9,13.9,7.4,0.0,6.5
WR added to scheme scoring,2025,6,Tetairoa McMillan,WR,12.94,11.4,17.9,-1.54,6.5
WR added to scheme scoring,2025,7,Olamide Zaccheaus,WR,8.91,9.39,2.9,0.48,6.49
WR added to scheme scoring,2023,13,Travis Kelce,TE,18.59,18.59,12.1,0.0,6.49
WR added to scheme scoring,2025,16,Ja'Marr Chase,WR,13.42,13.42,19.9,0.0,6.48
WR added to scheme scoring,2025,3,Cedric Tillman,WR,12.08,12.08,5.6,0.0,6.48
WR added to scheme scoring,2022,17,A.J. Brown,WR,13.13,13.23,19.7,0.1,6.47
WR added to scheme scoring,2022,10,Zay Jones,WR,8.14,8.33,14.8,0.19,6.47
WR added to scheme scoring,2022,16,JuJu Smith-Schuster,WR,11.89,12.17,5.7,0.28,6.47
WR added to scheme scoring,2025,18,Parker Washington,WR,13.04,13.23,19.7,0.19,6.47
WR added to scheme scoring,2022,13,Gerald Everett,TE,6.62,6.53,13.0,-0.09,6.47
WR added to scheme scoring,2023,8,Christian Kirk,WR,14.86,15.06,8.6,0.2,6.46
WR added to scheme scoring,2022,13,Michael Pittman,WR,10.44,10.06,3.6,-0.38,6.46
WR added to scheme scoring,2023,16,Diontae Johnson,WR,10.06,9.96,3.5,-0.1,6.46
WR added to scheme scoring,2023,7,Calvin Ridley,WR,7.27,7.95,1.5,0.68,6.45
WR added to scheme scoring,2025,4,Keenan Allen,WR,15.25,15.15,8.7,-0.1,6.45
WR added to scheme scoring,2025,5,Justin Jefferson,WR,12.65,12.85,19.3,0.2,6.45
WR added to scheme scoring,2024,7,Sam LaPorta,TE,9.19,9.95,3.5,0.76,6.45
WR added to scheme scoring,2022,11,David Njoku,TE,10.14,10.14,3.7,0.0,6.44
WR added to scheme scoring,2025,12,Brenton Strange,TE,8.05,7.86,14.3,-0.19,6.44
WR added to scheme scoring,2022,15,Allen Lazard,WR,8.52,8.14,1.7,-0.38,6.44
WR added to scheme scoring,2025,10,Tyler Warren,TE,12.13,11.47,17.9,-0.66,6.43
WR added to scheme scoring,2022,8,Mo Alie-Cox,TE,6.43,6.43,0.0,0.0,6.43
WR added to scheme scoring,2024,14,Michael Wilson,WR,7.27,7.27,13.7,0.0,6.43
WR added to scheme scoring,2023,6,Tyler Higbee,TE,10.33,10.23,3.8,-0.1,6.43
WR added to scheme scoring,2022,14,Noah Fant,TE,6.53,6.43,0.0,-0.1,6.43
WR added to scheme scoring,2023,13,Logan Thomas,TE,7.86,8.43,2.0,0.57,6.43
WR added to scheme scoring,2022,15,Tyler Conklin,TE,8.43,8.33,1.9,-0.1,6.43
WR added to scheme scoring,2023,10,Tyler Conklin,TE,7.67,7.57,14.0,-0.1,6.43
WR added to scheme scoring,2025,10,Alec Pierce,WR,11.98,11.98,18.4,0.0,6.42
WR added to scheme scoring,2025,10,Amon-Ra St. Brown,WR,23.71,23.22,16.8,-0.49,6.42
WR added to scheme scoring,2025,18,Chig Okonkwo,TE,8.24,8.62,2.2,0.38,6.42
WR added to scheme scoring,2023,10,Curtis Samuel,WR,9.67,9.0,2.6,-0.67,6.4
WR added to scheme scoring,2024,17,Drake London,WR,11.21,11.21,17.6,0.0,6.39
WR added to scheme scoring,2022,6,Isaiah McKenzie,WR,9.48,9.29,2.9,-0.19,6.39
WR added to scheme scoring,2025,17,Ja'Marr Chase,WR,18.52,18.61,25.0,0.09,6.39
WR added to scheme scoring,2025,8,Kyle Pitts,TE,8.9,8.52,14.9,-0.38,6.38
WR added to scheme scoring,2023,12,Garrett Wilson,WR,11.21,11.02,17.4,-0.19,6.38
WR added to scheme scoring,2024,13,Nico Collins,WR,13.52,13.52,19.9,0.0,6.38
WR added to scheme scoring,2023,10,Cade Otton,TE,9.28,9.38,3.0,0.1,6.38
WR added to scheme scoring,2025,17,Darren Waller,TE,7.38,7.38,1.0,0.0,6.38
WR added to scheme scoring,2022,9,Zach Ertz,TE,8.62,8.62,15.0,0.0,6.38
WR added to scheme scoring,2023,5,Garrett Wilson,WR,15.92,14.77,8.4,-1.15,6.37
WR added to scheme scoring,2023,14,Michael Pittman,WR,13.23,13.13,19.5,-0.1,6.37
WR added to scheme scoring,2022,6,Josh Palmer,WR,8.33,8.33,14.7,0.0,6.37
WR added to scheme scoring,2025,14,Jakobi Meyers,WR,8.81,8.43,14.8,-0.38,6.37
WR added to scheme scoring,2024,8,Jalen Nailor,WR,9.67,9.96,3.6,0.29,6.36
WR added to scheme scoring,2023,3,Brandin Cooks,WR,10.54,10.06,3.7,-0.48,6.36
WR added to scheme scoring,2025,3,Wan'Dale Robinson,WR,10.35,9.96,3.6,-0.39,6.36
WR added to scheme scoring,2022,14,Amari Cooper,WR,12.56,12.56,6.2,0.0,6.36
WR added to scheme scoring,2023,16,Jaylen Waddle,WR,12.46,12.56,6.2,0.1,6.36
WR added to scheme scoring,2025,5,Elic Ayomanor,WR,10.06,10.16,3.8,0.1,6.36
WR added to scheme scoring,2022,12,Michael Pittman,WR,12.85,12.75,19.1,-0.1,6.35
WR added to scheme scoring,2024,4,Isaiah Likely,TE,9.95,9.95,3.6,0.0,6.35
WR added to scheme scoring,2023,5,Tutu Atwell,WR,15.63,15.25,8.9,-0.38,6.35
WR added to scheme scoring,2024,10,Garrett Wilson,WR,15.34,15.44,9.1,0.1,6.34
WR added to scheme scoring,2023,13,Juwan Johnson,TE,6.53,6.34,0.0,-0.19,6.34
WR added to scheme scoring,2022,6,Garrett Wilson,WR,7.85,8.14,1.8,0.29,6.34
WR added to scheme scoring,2023,4,Pat Freiermuth,TE,10.42,10.04,3.7,-0.38,6.34
WR added to scheme scoring,2024,7,Demarcus Robinson,WR,8.14,8.23,1.9,0.09,6.33
WR added to scheme scoring,2025,6,Tyler Higbee,TE,7.29,7.67,14.0,0.38,6.33
WR added to scheme scoring,2024,4,Quentin Johnston,WR,8.52,8.62,2.3,0.1,6.32
WR added to scheme scoring,2023,8,Puka Nacua,WR,13.23,13.62,7.3,0.39,6.32
WR added to scheme scoring,2024,17,Puka Nacua,WR,16.11,16.59,22.9,0.48,6.31
WR added to scheme scoring,2025,18,Jauan Jennings,WR,13.42,13.81,7.5,0.39,6.31
WR added to scheme scoring,2024,11,Romeo Doubs,WR,9.19,9.0,2.7,-0.19,6.3
WR added to scheme scoring,2022,8,Zach Ertz,TE,7.1,7.1,13.4,0.0,6.3
WR added to scheme scoring,2023,4,Jakobi Meyers,WR,11.6,11.6,5.3,0.0,6.3
WR added to scheme scoring,2024,16,Jalen Coker,WR,9.0,9.1,2.8,0.1,6.3
WR added to scheme scoring,2022,9,Gabe Davis,WR,10.54,11.6,5.3,1.06,6.3
WR added to scheme scoring,2023,8,Ja'Marr Chase,WR,18.9,18.9,25.2,0.0,6.3
WR added to scheme scoring,2023,5,Travis Kelce,TE,17.17,16.41,22.7,-0.76,6.29
WR added to scheme scoring,2023,18,Garrett Wilson,WR,11.5,11.69,5.4,0.19,6.29
WR added to scheme scoring,2023,15,Brandin Cooks,WR,9.29,9.29,3.0,0.0,6.29
WR added to scheme scoring,2024,7,A.J. Brown,WR,14.29,13.62,19.9,-0.67,6.28
WR added to scheme scoring,2025,12,Colston Loveland,TE,8.24,8.62,14.9,0.38,6.28
WR added to scheme scoring,2022,5,Romeo Doubs,WR,12.17,12.17,5.9,0.0,6.27
WR added to scheme scoring,2022,5,Stefon Diggs,WR,18.13,17.94,24.2,-0.19,6.26
WR added to scheme scoring,2022,17,Jakobi Meyers,WR,10.25,10.64,16.9,0.39,6.26
WR added to scheme scoring,2025,5,JuJu Smith-Schuster,WR,9.58,9.96,3.7,0.38,6.26
WR added to scheme scoring,2023,11,Amon-Ra St. Brown,WR,15.15,15.44,21.7,0.29,6.26
WR added to scheme scoring,2022,16,Evan Engram,TE,11.66,12.04,18.3,0.38,6.26
WR added to scheme scoring,2023,3,Courtland Sutton,WR,13.13,12.85,19.1,-0.28,6.25
WR added to scheme scoring,2025,13,Elic Ayomanor,WR,8.14,7.75,1.5,-0.39,6.25
WR added to scheme scoring,2025,12,Olamide Zaccheaus,WR,7.85,7.85,1.6,0.0,6.25
WR added to scheme scoring,2023,6,CeeDee Lamb,WR,13.42,12.46,18.7,-0.96,6.24
WR added to scheme scoring,2023,15,Drake London,WR,10.83,10.64,4.4,-0.19,6.24
WR added to scheme scoring,2025,6,Garrett Wilson,WR,10.73,10.54,4.3,-0.19,6.24
WR added to scheme scoring,2022,16,Tyreek Hill,WR,20.63,20.53,14.3,-0.1,6.23
WR added to scheme scoring,2023,7,Keenan Allen,WR,15.15,15.73,9.5,0.58,6.23
WR added to scheme scoring,2024,12,Zach Ertz,TE,9.66,9.57,15.8,-0.09,6.23
WR added to scheme scoring,2025,3,Jaxon Smith-Njigba,WR,14.29,14.38,20.6,0.09,6.22
WR added to scheme scoring,2022,16,K.J. Osborn,WR,10.35,10.92,4.7,0.57,6.22
WR added to scheme scoring,2023,17,Sam LaPorta,TE,9.57,9.19,15.4,-0.38,6.21
WR added to scheme scoring,2025,16,Kayshon Boutte,WR,9.0,8.81,2.6,-0.19,6.21
WR added to scheme scoring,2022,13,Marvin Jones,WR,8.91,8.91,2.7,0.0,6.21
WR added to scheme scoring,2025,11,Jalen Nailor,WR,8.81,8.81,2.6,0.0,6.21
WR added to scheme scoring,2024,16,Keon Coleman,WR,8.71,8.91,2.7,0.2,6.21
WR added to scheme scoring,2022,14,Davante Adams,WR,17.27,16.31,10.1,-0.96,6.21
WR added to scheme scoring,2025,6,Calvin Ridley,WR,9.29,9.0,2.8,-0.29,6.2
WR added to scheme scoring,2025,10,T.J. Hockenson,TE,8.9,9.0,2.8,0.1,6.2
WR added to scheme scoring,2025,15,Hunter Henry,TE,9.0,9.0,2.8,0.0,6.2
WR added to scheme scoring,2025,4,Emeka Egbuka,WR,14.19,13.9,20.1,-0.29,6.2
WR added to scheme scoring,2024,8,Dontayvion Wicks,WR,9.87,9.29,3.1,-0.58,6.19
WR added to scheme scoring,2025,3,Ricky Pearsall,WR,13.42,13.52,19.7,0.1,6.18
WR added to scheme scoring,2024,7,Tyler Lockett,WR,14.29,14.67,8.5,0.38,6.17
WR added to scheme scoring,2024,12,DeAndre Hopkins,WR,8.43,8.33,14.5,-0.1,6.17
WR added to scheme scoring,2022,13,DeVante Parker,WR,9.77,9.77,3.6,0.0,6.17
WR added to scheme scoring,2024,13,Hunter Henry,TE,8.62,8.33,14.5,-0.29,6.17
WR added to scheme scoring,2023,4,Terry McLaurin,WR,10.35,10.44,16.6,0.09,6.16
WR added to scheme scoring,2023,7,Tyler Higbee,TE,7.57,7.86,1.7,0.29,6.16
WR added to scheme scoring,2025,10,Hunter Henry,TE,7.86,8.05,1.9,0.19,6.15
WR added to scheme scoring,2024,5,Travis Kelce,TE,9.76,9.85,16.0,0.09,6.15
WR added to scheme scoring,2022,7,Brevin Jordan,TE,6.15,6.15,0.0,0.0,6.15
WR added to scheme scoring,2025,8,Deebo Samuel Sr.,WR,10.35,10.35,4.2,0.0,6.15
WR added to scheme scoring,2023,5,Jayden Reed,WR,7.46,7.85,1.7,0.39,6.15
WR added to scheme scoring,2023,4,Christian Kirk,WR,10.44,10.25,16.4,-0.19,6.15
WR added to scheme scoring,2024,13,George Pickens,WR,10.44,10.25,16.4,-0.19,6.15
WR added to scheme scoring,2025,15,Jalen Coker,WR,7.46,7.85,14.0,0.39,6.15
WR added to scheme scoring,2022,4,George Pickens,WR,9.39,10.06,16.2,0.67,6.14
WR added to scheme scoring,2022,17,Michael Pittman,WR,9.87,9.96,16.1,0.09,6.14
WR added to scheme scoring,2023,4,Justin Jefferson,WR,32.45,32.64,26.5,0.19,6.14
WR added to scheme scoring,2022,18,George Pickens,WR,10.35,10.06,16.2,-0.29,6.14
WR added to scheme scoring,2024,16,Zach Ertz,TE,8.14,8.33,2.2,0.19,6.13
WR added to scheme scoring,2025,8,Rome Odunze,WR,12.17,12.27,18.4,0.1,6.13
WR added to scheme scoring,2024,10,Jordan Addison,WR,11.89,11.02,4.9,-0.87,6.12
WR added to scheme scoring,2023,6,Jaylen Waddle,WR,12.27,11.98,18.1,-0.29,6.12
WR added to scheme scoring,2024,12,Amon-Ra St. Brown,WR,18.71,18.32,12.2,-0.39,6.12
WR added to scheme scoring,2025,4,Jonnu Smith,TE,8.9,8.71,2.6,-0.19,6.11
WR added to scheme scoring,2025,10,Jaxon Smith-Njigba,WR,13.81,14.19,20.3,0.38,6.11
WR added to scheme scoring,2022,9,Michael Pittman,WR,11.5,11.31,5.2,-0.19,6.11
WR added to scheme scoring,2022,16,Jerry Jeudy,WR,11.31,11.6,17.7,0.29,6.1
WR added to scheme scoring,2024,15,Xavier Legette,WR,9.0,9.0,2.9,0.0,6.1
WR added to scheme scoring,2024,4,Courtland Sutton,WR,7.85,8.91,15.0,1.06,6.09
WR added to scheme scoring,2023,4,Luke Musgrave,TE,7.1,7.19,1.1,0.09,6.09
WR added to scheme scoring,2022,3,DK Metcalf,WR,11.31,11.31,17.4,0.0,6.09
WR added to scheme scoring,2025,17,Jameson Williams,WR,11.79,11.79,5.7,0.0,6.09
WR added to scheme scoring,2023,7,Terry McLaurin,WR,8.33,8.91,15.0,0.58,6.09
WR added to scheme scoring,2024,5,George Kittle,TE,14.32,14.32,20.4,0.0,6.08
WR added to scheme scoring,2024,17,DeMario Douglas,WR,8.81,8.52,14.6,-0.29,6.08
WR added to scheme scoring,2024,9,Josh Palmer,WR,8.33,8.23,14.3,-0.1,6.07
WR added to scheme scoring,2023,10,Irv Smith,TE,7.48,7.67,1.6,0.19,6.07
WR added to scheme scoring,2025,5,Marvin Mims Jr.,WR,10.06,9.96,3.9,-0.1,6.06
WR added to scheme scoring,2022,13,JuJu Smith-Schuster,WR,12.46,12.56,6.5,0.1,6.06
WR added to scheme scoring,2024,16,Romeo Doubs,WR,10.25,10.06,4.0,-0.19,6.06
WR added to scheme scoring,2022,3,Jarvis Landry,WR,10.54,10.25,4.2,-0.29,6.05
WR added to scheme scoring,2025,15,Michael Wilson,WR,10.35,10.35,16.4,0.0,6.05
WR added to scheme scoring,2023,11,T.J. Hockenson,TE,15.93,15.55,9.5,-0.38,6.05
WR added to scheme scoring,2022,9,JuJu Smith-Schuster,WR,13.04,12.75,18.8,-0.29,6.05
WR added to scheme scoring,2022,9,Juwan Johnson,TE,5.96,6.15,12.2,0.19,6.05
WR added to scheme scoring,2023,15,Diontae Johnson,WR,10.73,10.16,16.2,-0.57,6.04
WR added to scheme scoring,2024,3,Tyreek Hill,WR,13.13,13.04,7.0,-0.09,6.04
WR added to scheme scoring,2024,8,Zay Flowers,WR,12.46,12.46,18.5,0.0,6.04
WR added to scheme scoring,2022,10,Greg Dulcich,TE,8.14,8.14,2.1,0.0,6.04
WR added to scheme scoring,2023,5,Josh Downs,WR,8.91,9.67,15.7,0.76,6.03
WR added to scheme scoring,2024,13,Ladd McConkey,WR,14.77,14.67,20.7,-0.1,6.03
WR added to scheme scoring,2023,10,Terry McLaurin,WR,12.46,13.33,7.3,0.87,6.03
WR added to scheme scoring,2025,11,Oronde Gadsden II,TE,11.47,12.13,6.1,0.66,6.03
WR added to scheme scoring,2022,13,Brandon Aiyuk,WR,15.54,15.63,9.6,0.09,6.03
WR added to scheme scoring,2023,10,Deebo Samuel Sr.,WR,9.87,9.87,15.9,0.0,6.03
WR added to scheme scoring,2024,10,Hunter Henry,TE,8.62,8.43,2.4,-0.19,6.03
WR added to scheme scoring,2024,17,Zay Flowers,WR,11.12,11.12,5.1,0.0,6.02
WR added to scheme scoring,2023,8,Dalton Schultz,TE,8.52,8.52,2.5,0.0,6.02
WR added to scheme scoring,2022,5,Mark Andrews,TE,16.88,16.88,22.9,0.0,6.02
WR added to scheme scoring,2023,9,Tyreek Hill,WR,18.32,18.52,12.5,0.2,6.02
WR added to scheme scoring,2022,13,Jakobi Meyers,WR,10.92,11.21,5.2,0.29,6.01
WR added to scheme scoring,2022,5,DK Metcalf,WR,11.79,11.79,17.8,0.0,6.01
WR added to scheme scoring,2023,9,Stefon Diggs,WR,16.59,16.59,22.6,0.0,6.01
WR added to scheme scoring,2024,15,Marvin Harrison Jr.,WR,11.21,11.21,5.2,0.0,6.01
WR added to scheme scoring,2024,9,Sam LaPorta,TE,10.71,10.8,4.8,0.09,6.0
WR added to scheme scoring,2023,17,George Pickens,WR,14.1,14.1,20.1,0.0,6.0
WR added to scheme scoring,2023,17,Rashid Shaheed,WR,10.06,9.39,3.4,-0.67,5.99
WR added to scheme scoring,2023,14,Kyle Pitts,TE,8.62,8.71,14.7,0.09,5.99
WR added to scheme scoring,2023,10,Josh Downs,WR,11.12,11.98,6.0,0.86,5.98
WR added to scheme scoring,2025,13,Parker Washington,WR,9.67,9.58,3.6,-0.09,5.98
WR added to scheme scoring,2025,14,Emeka Egbuka,WR,9.58,9.48,3.5,-0.1,5.98
WR added to scheme scoring,2025,9,Jordan Addison,WR,14.38,14.38,8.4,0.0,5.98
WR added to scheme scoring,2022,17,Nick Westbrook-Ikhine,WR,7.27,7.37,1.4,0.1,5.97
WR added to scheme scoring,2025,16,Brock Bowers,TE,8.24,8.33,14.3,0.09,5.97
WR added to scheme scoring,2023,6,Curtis Samuel,WR,8.52,8.23,14.2,-0.29,5.97
WR added to scheme scoring,2024,14,Brian Thomas Jr.,WR,10.44,10.64,16.6,0.2,5.96
WR added to scheme scoring,2022,12,Dawson Knox,TE,9.76,9.66,3.7,-0.1,5.96
WR added to scheme scoring,2024,4,Travis Kelce,TE,9.95,9.95,15.9,0.0,5.95
WR added to scheme scoring,2022,18,Michael Gallup,WR,8.04,7.95,2.0,-0.09,5.95
WR added to scheme scoring,2023,11,Puka Nacua,WR,12.75,12.75,18.7,0.0,5.95
WR added to scheme scoring,2023,8,Zay Flowers,WR,12.85,12.85,6.9,0.0,5.95
WR added to scheme scoring,2024,13,Trey McBride,TE,15.65,15.65,21.6,0.0,5.95
WR added to scheme scoring,2024,9,Jordan Addison,WR,9.96,10.16,16.1,0.2,5.94
WR added to scheme scoring,2023,8,Nico Collins,WR,12.94,12.94,7.0,0.0,5.94
WR added to scheme scoring,2024,5,David Njoku,TE,8.33,8.33,2.4,0.0,5.93
WR added to scheme scoring,2025,17,Tee Higgins,WR,15.63,15.83,9.9,0.2,5.93
WR added to scheme scoring,2022,7,George Pickens,WR,12.08,12.17,18.1,0.09,5.93
WR added to scheme scoring,2024,15,Justin Jefferson,WR,14.19,14.38,20.3,0.19,5.92
WR added to scheme scoring,2024,7,Jerry Jeudy,WR,8.71,8.71,2.8,0.0,5.91
WR added to scheme scoring,2022,3,Treylon Burks,WR,8.33,9.0,3.1,0.67,5.9
WR added to scheme scoring,2022,7,Keenan Allen,WR,9.19,9.0,3.1,-0.19,5.9
WR added to scheme scoring,2024,18,Mike Gesicki,TE,9.09,8.9,14.8,-0.19,5.9
WR added to scheme scoring,2025,5,Brenton Strange,TE,9.09,9.09,3.2,0.0,5.89
WR added to scheme scoring,2022,7,Christian Kirk,WR,11.21,11.21,17.1,0.0,5.89
WR added to scheme scoring,2024,8,Keenan Allen,WR,11.6,11.79,5.9,0.19,5.89
WR added to scheme scoring,2022,8,Greg Dulcich,TE,6.62,6.81,12.7,0.19,5.89
WR added to scheme scoring,2025,4,Rashod Bateman,WR,9.29,9.29,3.4,0.0,5.89
WR added to scheme scoring,2025,11,Jameson Williams,WR,13.62,13.81,19.7,0.19,5.89
WR added to scheme scoring,2022,13,T.J. Hockenson,TE,12.99,13.18,7.3,0.19,5.88
WR added to scheme scoring,2025,15,DK Metcalf,WR,8.62,8.62,14.5,0.0,5.88
WR added to scheme scoring,2022,3,Tyler Conklin,TE,10.33,10.52,16.4,0.19,5.88
WR added to scheme scoring,2023,7,Noah Fant,TE,9.47,9.38,3.5,-0.09,5.88
WR added to scheme scoring,2023,10,DK Metcalf,WR,11.98,10.92,16.8,-1.06,5.88
WR added to scheme scoring,2025,5,Marquise Brown,WR,14.38,14.67,8.8,0.29,5.87
WR added to scheme scoring,2022,3,Elijah Moore,WR,14.77,14.77,8.9,0.0,5.87
WR added to scheme scoring,2023,16,Travis Kelce,TE,15.55,15.27,9.4,-0.28,5.87
WR added to scheme scoring,2023,7,Van Jefferson,WR,7.66,7.37,1.5,-0.29,5.87
WR added to scheme scoring,2022,12,Foster Moreau,TE,6.34,6.43,12.3,0.09,5.87
WR added to scheme scoring,2022,5,Zay Jones,WR,10.25,10.06,4.2,-0.19,5.86
WR added to scheme scoring,2022,11,Dawson Knox,TE,8.14,8.14,14.0,0.0,5.86
WR added to scheme scoring,2023,10,Nick Westbrook-Ikhine,WR,8.43,7.75,1.9,-0.68,5.85
WR added to scheme scoring,2025,12,Marquise Brown,WR,7.95,7.85,2.0,-0.1,5.85
WR added to scheme scoring,2023,17,Terry McLaurin,WR,10.25,10.25,16.1,0.0,5.85
WR added to scheme scoring,2025,4,Stefon Diggs,WR,10.25,10.25,16.1,0.0,5.85
WR added to scheme scoring,2025,13,DJ Moore,WR,10.25,10.54,4.7,0.29,5.84
WR added to scheme scoring,2023,16,Garrett Wilson,WR,10.83,9.96,15.8,-0.87,5.84
WR added to scheme scoring,2025,7,Michael Pittman,WR,15.25,14.96,20.8,-0.29,5.84
WR added to scheme scoring,2025,13,Brian Thomas Jr.,WR,10.64,10.64,4.8,0.0,5.84
WR added to scheme scoring,2025,7,Cooper Kupp,WR,7.85,8.04,2.2,0.19,5.84
WR added to scheme scoring,2024,9,Tutu Atwell,WR,8.62,8.43,2.6,-0.19,5.83
WR added to scheme scoring,2025,3,Deebo Samuel Sr.,WR,10.73,10.73,4.9,0.0,5.83
WR added to scheme scoring,2025,4,Calvin Ridley,WR,10.44,10.83,5.0,0.39,5.83
WR added to scheme scoring,2024,4,Amon-Ra St. Brown,WR,14.96,14.96,20.78,0.0,5.82
WR added to scheme scoring,2023,8,Tyreek Hill,WR,19.09,19.38,25.2,0.29,5.82
WR added to scheme scoring,2025,18,Drake London,WR,12.08,11.98,17.8,-0.1,5.82
WR added to scheme scoring,2025,7,KaVontae Turpin,WR,9.29,8.52,2.7,-0.77,5.82
WR added to scheme scoring,2025,14,Kyle Pitts,TE,8.9,9.19,15.0,0.29,5.81
WR added to scheme scoring,2022,12,DK Metcalf,WR,13.23,14.19,20.0,0.96,5.81
WR added to scheme scoring,2024,8,Dalton Kincaid,TE,7.29,7.29,13.1,0.0,5.81
WR added to scheme scoring,2023,4,Allen Lazard,WR,8.62,9.29,15.1,0.67,5.81
WR added to scheme scoring,2022,16,DJ Chark,WR,9.1,9.0,14.8,-0.1,5.8
WR added to scheme scoring,2022,5,David Njoku,TE,9.0,9.0,14.8,0.0,5.8
WR added to scheme scoring,2023,7,Christian Watson,WR,11.89,11.5,5.7,-0.39,5.8
WR added to scheme scoring,2023,16,Brandon Aiyuk,WR,11.4,11.5,17.3,0.1,5.8
WR added to scheme scoring,2022,15,Stefon Diggs,WR,16.11,16.5,10.7,0.39,5.8
WR added to scheme scoring,2024,17,Tyreek Hill,WR,13.71,13.71,19.5,0.0,5.79
WR added to scheme scoring,2022,12,Tyler Boyd,WR,9.39,9.39,3.6,0.0,5.79
WR added to scheme scoring,2025,8,Dalton Kincaid,TE,9.0,9.09,3.3,0.09,5.79
WR added to scheme scoring,2025,16,Christian Watson,WR,9.39,9.48,3.7,0.09,5.78
WR added to scheme scoring,2025,7,Courtland Sutton,WR,11.02,10.92,16.7,-0.1,5.78
WR added to scheme scoring,2025,17,Kyle Pitts,TE,9.28,9.38,3.6,0.1,5.78
WR added to scheme scoring,2022,13,Evan Engram,TE,8.24,8.24,14.0,0.0,5.76
WR added to scheme scoring,2023,3,Dawson Knox,TE,7.67,7.86,2.1,0.19,5.76
WR added to scheme scoring,2025,15,Tutu Atwell,WR,7.46,7.66,1.9,0.2,5.76
WR added to scheme scoring,2025,16,Lil'Jordan Humphrey,WR,7.95,7.66,1.9,-0.29,5.76
WR added to scheme scoring,2024,11,Jake Ferguson,TE,7.86,7.86,2.1,0.0,5.76
WR added to scheme scoring,2024,18,Rashod Bateman,WR,12.85,12.85,18.6,0.0,5.75
WR added to scheme scoring,2023,10,Ja'Marr Chase,WR,17.56,17.65,23.4,0.09,5.75
WR added to scheme scoring,2025,18,Stefon Diggs,WR,13.13,13.04,7.3,-0.09,5.74
WR added to scheme scoring,2025,10,Oronde Gadsden II,TE,9.19,10.04,4.3,0.85,5.74
WR added to scheme scoring,2023,4,Brandon Aiyuk,WR,15.92,15.06,20.8,-0.86,5.74
WR added to scheme scoring,2023,5,T.J. Hockenson,TE,15.36,15.84,10.1,0.48,5.74
WR added to scheme scoring,2023,15,Cole Kmet,TE,7.67,7.57,13.3,-0.1,5.73
WR added to scheme scoring,2024,12,Michael Pittman,WR,9.29,9.87,15.6,0.58,5.73
WR added to scheme scoring,2022,4,Jerry Jeudy,WR,9.87,9.58,15.3,-0.29,5.72
WR added to scheme scoring,2022,11,Marquez Valdes-Scantling,WR,8.81,8.52,2.8,-0.29,5.72
WR added to scheme scoring,2022,17,Zay Jones,WR,11.31,11.12,5.4,-0.19,5.72
WR added to scheme scoring,2022,9,Tyler Lockett,WR,11.89,11.98,17.7,0.09,5.72
WR added to scheme scoring,2024,15,Michael Wilson,WR,8.62,8.62,2.9,0.0,5.72
WR added to scheme scoring,2022,16,DJ Moore,WR,14.19,14.38,20.1,0.19,5.72
WR added to scheme scoring,2023,16,Curtis Samuel,WR,8.52,8.71,3.0,0.19,5.71
WR added to scheme scoring,2025,17,Courtland Sutton,WR,13.62,13.71,8.0,0.09,5.71
WR added to scheme scoring,2025,5,Chris Godwin Jr.,WR,10.83,11.31,5.6,0.48,5.71
WR added to scheme scoring,2022,15,DeVonta Smith,WR,11.98,11.89,17.6,-0.09,5.71
WR added to scheme scoring,2024,3,Foster Moreau,TE,6.62,6.91,1.2,0.29,5.71
WR added to scheme scoring,2022,17,Terry McLaurin,WR,11.69,11.4,5.7,-0.29,5.7
WR added to scheme scoring,2024,4,Rashod Bateman,WR,9.0,9.0,3.3,0.0,5.7
WR added to scheme scoring,2023,10,Courtland Sutton,WR,11.5,11.6,17.3,0.1,5.7
WR added to scheme scoring,2023,15,Garrett Wilson,WR,11.69,11.6,5.9,-0.09,5.7
WR added to scheme scoring,2022,4,Garrett Wilson,WR,11.98,11.79,6.1,-0.19,5.69
WR added to scheme scoring,2025,6,Tyler Warren,TE,12.61,12.61,18.3,0.0,5.69
WR added to scheme scoring,2024,18,Tim Patrick,WR,9.19,9.19,3.5,0.0,5.69
WR added to scheme scoring,2022,13,Elijah Moore,WR,10.06,9.39,3.7,-0.67,5.69
WR added to scheme scoring,2023,17,Kyle Pitts,TE,7.48,7.19,1.5,-0.29,5.69
WR added to scheme scoring,2025,8,Terry McLaurin,WR,8.62,8.71,14.4,0.09,5.69
WR added to scheme scoring,2024,7,Zach Ertz,TE,8.33,8.33,14.0,0.0,5.67
WR added to scheme scoring,2025,7,AJ Barner,TE,7.57,7.57,1.9,0.0,5.67
WR added to scheme scoring,2025,12,CeeDee Lamb,WR,16.88,17.17,11.5,0.29,5.67
WR added to scheme scoring,2023,12,Drake London,WR,8.14,8.43,14.1,0.29,5.67
WR added to scheme scoring,2025,15,Wan'Dale Robinson,WR,11.5,10.73,16.4,-0.77,5.67
WR added to scheme scoring,2022,6,Darnell Mooney,WR,8.14,8.14,13.8,0.0,5.66
WR added to scheme scoring,2024,6,Jake Ferguson,TE,9.0,9.76,4.1,0.76,5.66
WR added to scheme scoring,2023,5,Alec Pierce,WR,8.71,7.66,2.0,-1.05,5.66
WR added to scheme scoring,2022,8,Breshad Perriman,WR,7.66,7.75,2.1,0.09,5.65
WR added to scheme scoring,2025,17,Ricky Pearsall,WR,7.75,7.85,13.5,0.1,5.65
WR added to scheme scoring,2022,11,DeAndre Hopkins,WR,12.46,12.46,18.1,0.0,5.64
WR added to scheme scoring,2024,17,Rome Odunze,WR,8.33,8.14,2.5,-0.19,5.64
WR added to scheme scoring,2024,3,Dalton Kincaid,TE,7.38,7.48,13.1,0.1,5.62
WR added to scheme scoring,2022,7,Courtland Sutton,WR,10.35,10.92,5.3,0.57,5.62
WR added to scheme scoring,2024,15,Nico Collins,WR,12.08,12.08,17.7,0.0,5.62
WR added to scheme scoring,2025,4,Deebo Samuel Sr.,WR,14.48,14.48,20.1,0.0,5.62
WR added to scheme scoring,2025,16,Kyle Pitts,TE,13.27,13.08,18.7,-0.19,5.62
WR added to scheme scoring,2024,12,Sam LaPorta,TE,11.18,10.52,4.9,-0.66,5.62
WR added to scheme scoring,2022,13,Amari Cooper,WR,13.62,13.62,8.0,0.0,5.62
WR added to scheme scoring,2025,17,Josh Downs,WR,10.64,11.02,5.4,0.38,5.62
WR added to scheme scoring,2025,16,Tyrell Shavers,WR,9.19,8.71,3.1,-0.48,5.61
WR added to scheme scoring,2025,4,Jameson Williams,WR,11.6,11.31,5.7,-0.29,5.61
WR added to scheme scoring,2022,17,Jaylen Waddle,WR,13.71,13.81,8.2,0.1,5.61
WR added to scheme scoring,2022,14,DeVonta Smith,WR,11.5,11.79,17.4,0.29,5.61
WR added to scheme scoring,2024,14,Jaxon Smith-Njigba,WR,14.1,14.0,19.6,-0.1,5.6
WR added to scheme scoring,2024,14,A.J. Brown,WR,14.58,13.9,8.3,-0.68,5.6
WR added to scheme scoring,2025,10,Jonnu Smith,TE,7.0,7.0,1.4,0.0,5.6
WR added to scheme scoring,2022,3,Darren Waller,TE,10.9,10.8,5.2,-0.1,5.6
WR added to scheme scoring,2023,9,Jaylen Waddle,WR,13.62,14.0,8.4,0.38,5.6
WR added to scheme scoring,2022,16,Drake London,WR,8.91,9.0,14.6,0.09,5.6
WR added to scheme scoring,2024,3,Michael Mayer,TE,7.29,7.29,1.7,0.0,5.59
WR added to scheme scoring,2025,3,Michael Pittman,WR,13.71,13.71,19.3,0.0,5.59
WR added to scheme scoring,2023,15,Logan Thomas,TE,7.0,7.29,1.7,0.29,5.59
WR added to scheme scoring,2022,12,George Kittle,TE,11.47,11.18,5.6,-0.29,5.58
WR added to scheme scoring,2023,13,Rondale Moore,WR,7.18,7.18,1.6,0.0,5.58
WR added to scheme scoring,2024,15,Isaiah Likely,TE,9.28,9.28,3.7,0.0,5.58
WR added to scheme scoring,2023,3,Hayden Hurst,TE,7.1,7.67,2.1,0.57,5.57
WR added to scheme scoring,2024,10,Terry McLaurin,WR,10.64,10.73,16.3,0.09,5.57
WR added to scheme scoring,2022,8,CeeDee Lamb,WR,13.52,13.23,18.8,-0.29,5.57
WR added to scheme scoring,2025,18,Tee Higgins,WR,13.33,13.13,18.7,-0.2,5.57
WR added to scheme scoring,2025,16,Mack Hollins,WR,8.33,8.33,13.9,0.0,5.57
WR added to scheme scoring,2025,14,Zach Ertz,TE,8.24,7.67,2.1,-0.57,5.57
WR added to scheme scoring,2024,14,Pat Freiermuth,TE,8.43,8.24,13.8,-0.19,5.56
WR added to scheme scoring,2022,11,Darius Slayton,WR,7.95,8.04,13.6,0.09,5.56
WR added to scheme scoring,2023,3,Cole Kmet,TE,9.09,9.76,4.2,0.67,5.56
WR added to scheme scoring,2022,12,Courtland Sutton,WR,8.04,7.95,13.5,-0.09,5.55
WR added to scheme scoring,2023,15,DeVonta Smith,WR,15.63,15.54,10.0,-0.09,5.54
WR added to scheme scoring,2025,10,Sam LaPorta,TE,15.84,15.84,10.3,0.0,5.54
WR added to scheme scoring,2023,16,Darnell Mooney,WR,7.27,8.04,2.5,0.77,5.54
WR added to scheme scoring,2022,11,Stefon Diggs,WR,20.34,20.34,14.8,0.0,5.54
WR added to scheme scoring,2024,15,Nick Westbrook-Ikhine,WR,8.43,8.43,2.9,0.0,5.53
WR added to scheme scoring,2024,3,Nico Collins,WR,18.13,18.13,12.6,0.0,5.53
WR added to scheme scoring,2022,6,DeVonta Smith,WR,9.96,9.87,15.4,-0.09,5.53
WR added to scheme scoring,2022,17,Amon-Ra St. Brown,WR,16.31,15.73,10.2,-0.58,5.53
WR added to scheme scoring,2025,7,Tucker Kraft,TE,11.09,11.28,16.8,0.19,5.52
WR added to scheme scoring,2022,6,Dawson Knox,TE,7.48,7.19,12.7,-0.29,5.51
WR added to scheme scoring,2023,8,Terry McLaurin,WR,11.5,11.79,17.3,0.29,5.51
WR added to scheme scoring,2023,15,Jaxon Smith-Njigba,WR,9.19,9.29,14.8,0.1,5.51
WR added to scheme scoring,2024,12,Jaxon Smith-Njigba,WR,14.38,14.19,19.7,-0.19,5.51
WR added to scheme scoring,2023,10,Evan Engram,TE,10.71,10.71,5.2,0.0,5.51
WR added to scheme scoring,2025,13,Chris Olave,WR,9.19,9.19,14.7,0.0,5.51
WR added to scheme scoring,2022,18,Zay Jones,WR,12.17,11.6,6.1,-0.57,5.5
WR added to scheme scoring,2022,4,Davante Adams,WR,14.0,14.0,19.5,0.0,5.5
WR added to scheme scoring,2025,10,Keenan Allen,WR,9.58,9.39,3.9,-0.19,5.49
WR added to scheme scoring,2024,3,Garrett Wilson,WR,8.71,8.81,14.3,0.1,5.49
WR added to scheme scoring,2023,3,Noah Gray,TE,7.29,7.38,1.9,0.09,5.48
WR added to scheme scoring,2023,5,Rashee Rice,WR,8.04,7.85,13.3,-0.19,5.45
WR added to scheme scoring,2024,4,Jaylen Waddle,WR,12.75,13.04,7.6,0.29,5.44
WR added to scheme scoring,2023,14,Sam LaPorta,TE,10.52,10.14,4.7,-0.38,5.44
WR added to scheme scoring,2024,3,DK Metcalf,WR,13.9,14.96,20.4,1.06,5.44
WR added to scheme scoring,2024,8,Jayden Reed,WR,13.9,12.94,7.5,-0.96,5.44
WR added to scheme scoring,2023,4,Jerry Jeudy,WR,12.46,13.62,8.2,1.16,5.42
WR added to scheme scoring,2022,12,Pat Freiermuth,TE,12.61,12.32,6.9,-0.29,5.42
WR added to scheme scoring,2025,10,Davante Adams,WR,13.81,14.29,19.7,0.48,5.41
WR added to scheme scoring,2025,17,Quentin Johnston,WR,9.0,9.39,14.8,0.39,5.41
WR added to scheme scoring,2025,9,Nico Collins,WR,9.1,9.1,14.5,0.0,5.4
WR added to scheme scoring,2022,15,JuJu Smith-Schuster,WR,11.12,11.4,16.8,0.28,5.4
WR added to scheme scoring,2022,3,Allen Lazard,WR,9.39,9.1,14.5,-0.29,5.4
WR added to scheme scoring,2022,18,Darren Waller,TE,10.9,10.9,5.5,0.0,5.4
WR added to scheme scoring,2024,6,Brock Bowers,TE,10.61,10.71,16.1,0.1,5.39
WR added to scheme scoring,2023,8,Josh Downs,WR,9.87,8.81,14.2,-1.06,5.39
WR added to scheme scoring,2024,12,Calvin Ridley,WR,8.91,8.91,14.3,0.0,5.39
WR added to scheme scoring,2025,8,Jonnu Smith,TE,9.0,9.09,3.7,0.09,5.39
WR added to scheme scoring,2023,16,Elijah Moore,WR,9.29,9.29,3.9,0.0,5.39
WR added to scheme scoring,2024,3,Tank Dell,WR,16.59,16.59,11.2,0.0,5.39
WR added to scheme scoring,2023,6,Noah Fant,TE,7.29,7.29,1.9,0.0,5.39
WR added to scheme scoring,2024,3,Gabe Davis,WR,9.19,9.19,3.8,0.0,5.39
WR added to scheme scoring,2022,10,Robert Tonyan,TE,7.57,7.19,1.8,-0.38,5.39
WR added to scheme scoring,2024,5,Elijah Moore,WR,9.48,9.48,4.1,0.0,5.38
WR added to scheme scoring,2022,17,Mike Williams,WR,12.56,11.02,16.4,-1.54,5.38
WR added to scheme scoring,2022,9,DeVonta Smith,WR,9.77,9.58,4.2,-0.19,5.38
WR added to scheme scoring,2024,9,Xavier Legette,WR,8.62,8.52,13.9,-0.1,5.38
WR added to scheme scoring,2022,12,Amari Cooper,WR,11.02,11.02,16.4,0.0,5.38
WR added to scheme scoring,2024,8,Johnny Mundt,TE,7.29,7.38,2.0,0.09,5.38
WR added to scheme scoring,2025,9,Wan'Dale Robinson,WR,9.19,8.23,13.6,-0.96,5.37
WR added to scheme scoring,2024,7,Brandon Aiyuk,WR,8.91,9.67,4.3,0.76,5.37
WR added to scheme scoring,2022,17,CeeDee Lamb,WR,16.02,15.63,21.0,-0.39,5.37
WR added to scheme scoring,2024,4,Michael Wilson,WR,10.16,10.16,4.8,0.0,5.36
WR added to scheme scoring,2024,8,Cole Kmet,TE,9.85,9.76,4.4,-0.09,5.36
WR added to scheme scoring,2023,12,Tyreek Hill,WR,20.15,20.05,25.4,-0.1,5.35
WR added to scheme scoring,2025,9,Darnell Mooney,WR,7.66,7.85,2.5,0.19,5.35
WR added to scheme scoring,2023,16,Adam Thielen,WR,10.35,10.06,15.4,-0.29,5.34
WR added to scheme scoring,2023,17,DJ Chark,WR,8.23,8.14,2.8,-0.09,5.34
WR added to scheme scoring,2024,18,Brock Bowers,TE,9.76,9.66,15.0,-0.1,5.34
WR added to scheme scoring,2022,7,Curtis Samuel,WR,7.56,7.56,12.9,0.0,5.34
WR added to scheme scoring,2024,18,George Kittle,TE,10.14,10.04,4.7,-0.1,5.34
WR added to scheme scoring,2024,4,DK Metcalf,WR,19.57,20.73,15.4,1.16,5.33
WR added to scheme scoring,2022,5,Marquez Valdes-Scantling,WR,9.39,9.67,15.0,0.28,5.33
WR added to scheme scoring,2024,8,Courtland Sutton,WR,11.79,11.79,17.12,0.0,5.33
WR added to scheme scoring,2025,3,Nico Collins,WR,17.07,17.07,22.4,0.0,5.33
WR added to scheme scoring,2024,8,Zach Ertz,TE,9.47,9.38,14.7,-0.09,5.32
WR added to scheme scoring,2023,13,Elijah Moore,WR,6.98,6.98,12.3,0.0,5.32
WR added to scheme scoring,2022,11,Dalton Schultz,TE,9.38,10.52,5.2,1.14,5.32
WR added to scheme scoring,2024,6,Rashid Shaheed,WR,12.65,13.62,8.3,0.97,5.32
WR added to scheme scoring,2024,12,Jayden Reed,WR,10.73,10.92,5.6,0.19,5.32
WR added to scheme scoring,2024,10,Cole Kmet,TE,8.71,8.62,3.3,-0.09,5.32
WR added to scheme scoring,2024,3,Brandin Cooks,WR,8.91,8.91,3.6,0.0,5.31
WR added to scheme scoring,2025,5,Keenan Allen,WR,15.83,16.11,10.8,0.28,5.31
WR added to scheme scoring,2022,11,Tyler Boyd,WR,11.89,11.5,6.2,-0.39,5.3
WR added to scheme scoring,2024,3,Sam LaPorta,TE,11.85,10.9,5.6,-0.95,5.3
WR added to scheme scoring,2023,10,Chris Olave,WR,16.59,16.11,21.4,-0.48,5.29
WR added to scheme scoring,2024,11,Ja'Marr Chase,WR,21.78,21.21,26.5,-0.57,5.29
WR added to scheme scoring,2022,3,Nelson Agholor,WR,9.39,9.39,4.1,0.0,5.29
WR added to scheme scoring,2022,7,Rondale Moore,WR,9.39,9.39,4.1,0.0,5.29
WR added to scheme scoring,2025,15,Kayshon Boutte,WR,9.29,9.29,4.0,0.0,5.29
WR added to scheme scoring,2025,17,Ladd McConkey,WR,9.19,9.39,4.1,0.2,5.29
WR added to scheme scoring,2024,12,David Njoku,TE,9.19,9.19,3.9,0.0,5.29
WR added to scheme scoring,2024,6,Tyler Lockett,WR,11.31,11.21,16.5,-0.1,5.29
WR added to scheme scoring,2023,12,T.J. Hockenson,TE,10.99,10.71,16.0,-0.28,5.29
WR added to scheme scoring,2023,6,Calvin Ridley,WR,13.33,11.89,6.6,-1.44,5.29
WR added to scheme scoring,2022,5,Adam Thielen,WR,11.5,11.98,6.7,0.48,5.28
WR added to scheme scoring,2024,4,DeMario Douglas,WR,10.54,9.58,4.3,-0.96,5.28
WR added to scheme scoring,2025,8,Marvin Mims Jr.,WR,7.46,7.08,1.8,-0.38,5.28
WR added to scheme scoring,2022,9,Robert Tonyan,TE,11.47,11.18,5.9,-0.29,5.28
WR added to scheme scoring,2024,13,Cade Otton,TE,10.99,11.28,6.0,0.29,5.28
WR added to scheme scoring,2023,16,Kyle Pitts,TE,9.09,8.62,13.9,-0.47,5.28
WR added to scheme scoring,2023,18,Wan'Dale Robinson,WR,8.43,8.23,13.5,-0.2,5.27
WR added to scheme scoring,2024,8,Darnell Mooney,WR,12.65,13.33,18.6,0.68,5.27
WR added to scheme scoring,2025,18,David Sills,WR,7.37,7.37,2.1,0.0,5.27
WR added to scheme scoring,2022,8,Mack Hollins,WR,8.43,8.14,13.4,-0.29,5.26
WR added to scheme scoring,2022,4,Ja'Marr Chase,WR,16.59,17.36,12.1,0.77,5.26
WR added to scheme scoring,2023,3,Cade Otton,TE,7.48,7.86,2.6,0.38,5.26
WR added to scheme scoring,2022,15,George Pickens,WR,12.65,12.56,7.3,-0.09,5.26
WR added to scheme scoring,2025,18,Luther Burden III,WR,12.56,12.75,7.5,0.19,5.25
WR added to scheme scoring,2025,4,Khalil Shakir,WR,11.69,12.65,17.9,0.96,5.25
WR added to scheme scoring,2023,4,Tank Dell,WR,13.04,13.04,7.8,0.0,5.24
WR added to scheme scoring,2024,5,Courtland Sutton,WR,9.96,10.44,5.2,0.48,5.24
WR added to scheme scoring,2022,11,Darnell Mooney,WR,8.04,7.66,12.9,-0.38,5.24
WR added to scheme scoring,2024,14,Tucker Kraft,TE,7.29,7.86,13.1,0.57,5.24
WR added to scheme scoring,2025,12,Ricky Pearsall,WR,7.66,8.04,2.8,0.38,5.24
WR added to scheme scoring,2023,18,K.J. Osborn,WR,8.33,8.14,2.9,-0.19,5.24
WR added to scheme scoring,2022,17,Juwan Johnson,TE,6.05,5.96,11.2,-0.09,5.24
WR added to scheme scoring,2022,8,DK Metcalf,WR,11.98,12.27,17.5,0.29,5.23
WR added to scheme scoring,2022,17,David Njoku,TE,8.33,8.33,3.1,0.0,5.23
WR added to scheme scoring,2023,9,Elijah Moore,WR,8.62,8.62,3.4,0.0,5.22
WR added to scheme scoring,2025,5,Trey McBride,TE,14.32,14.32,9.1,0.0,5.22
WR added to scheme scoring,2022,14,Amon-Ra St. Brown,WR,19.28,18.61,13.4,-0.67,5.21
WR added to scheme scoring,2022,9,Mack Hollins,WR,8.91,8.91,3.7,0.0,5.21
WR added to scheme scoring,2025,16,Justin Jefferson,WR,9.19,9.29,14.5,0.1,5.21
WR added to scheme scoring,2024,11,Demarcus Robinson,WR,9.0,9.1,3.9,0.1,5.2
WR added to scheme scoring,2024,4,Andrei Iosivas,WR,8.91,9.1,3.9,0.19,5.2
WR added to scheme scoring,2025,4,Elic Ayomanor,WR,11.02,11.6,6.4,0.58,5.2
WR added to scheme scoring,2025,13,Troy Franklin,WR,9.58,9.29,4.1,-0.29,5.19
WR added to scheme scoring,2022,4,Mike Williams,WR,14.38,13.81,19.0,-0.57,5.19
WR added to scheme scoring,2025,8,Dallas Goedert,TE,12.23,12.61,17.8,0.38,5.19
WR added to scheme scoring,2023,17,Dalton Schultz,TE,9.09,9.09,3.9,0.0,5.19
WR added to scheme scoring,2024,13,Josh Palmer,WR,8.91,9.29,4.1,0.38,5.19
WR added to scheme scoring,2025,5,Mark Andrews,TE,9.38,9.38,4.2,0.0,5.18
WR added to scheme scoring,2024,13,Tucker Kraft,TE,8.62,8.62,13.8,0.0,5.18
WR added to scheme scoring,2024,9,Romeo Doubs,WR,11.31,11.98,6.8,0.67,5.18
WR added to scheme scoring,2022,16,Pat Freiermuth,TE,8.52,8.43,13.6,-0.09,5.17
WR added to scheme scoring,2025,15,Terry McLaurin,WR,10.54,10.73,15.9,0.19,5.17
WR added to scheme scoring,2025,11,Calvin Ridley,WR,7.18,7.46,2.3,0.28,5.16
WR added to scheme scoring,2025,7,George Pickens,WR,15.83,17.36,12.2,1.53,5.16
WR added to scheme scoring,2024,12,Cole Kmet,TE,8.14,8.24,13.4,0.1,5.16
WR added to scheme scoring,2025,10,Stefon Diggs,WR,9.96,10.44,15.6,0.48,5.16
WR added to scheme scoring,2024,15,Zach Ertz,TE,10.04,9.66,4.5,-0.38,5.16
WR added to scheme scoring,2022,7,Michael Pittman,WR,14.96,14.96,9.8,0.0,5.16
WR added to scheme scoring,2025,14,Keenan Allen,WR,9.87,10.35,5.2,0.48,5.15
WR added to scheme scoring,2025,4,Jake Ferguson,TE,11.85,11.85,17.0,0.0,5.15
WR added to scheme scoring,2023,18,DJ Moore,WR,14.86,15.54,10.4,0.68,5.14
WR added to scheme scoring,2025,7,Justin Jefferson,WR,18.61,18.04,12.9,-0.57,5.14
WR added to scheme scoring,2023,15,Jakobi Meyers,WR,10.73,10.54,15.68,-0.19,5.14
WR added to scheme scoring,2025,7,Tyler Higbee,TE,9.28,10.04,4.9,0.76,5.14
WR added to scheme scoring,2023,11,Cole Kmet,TE,10.8,10.14,5.0,-0.66,5.14
WR added to scheme scoring,2022,15,Cade Otton,TE,8.33,8.14,3.0,-0.19,5.14
WR added to scheme scoring,2024,9,Rashod Bateman,WR,10.64,10.64,5.5,0.0,5.14
WR added to scheme scoring,2024,12,Nick Westbrook-Ikhine,WR,7.56,7.66,12.8,0.1,5.14
WR added to scheme scoring,2025,10,Rashid Shaheed,WR,8.43,8.43,3.3,0.0,5.13
WR added to scheme scoring,2023,18,Greg Dortch,WR,8.52,8.52,3.4,0.0,5.12
WR added to scheme scoring,2022,8,Tyler Higbee,TE,8.62,8.62,3.5,0.0,5.12
WR added to scheme scoring,2025,11,Tre Tucker,WR,10.64,9.58,14.7,-1.06,5.12
WR added to scheme scoring,2025,18,AJ Barner,TE,8.43,8.52,3.4,0.09,5.12
WR added to scheme scoring,2022,16,Corey Davis,WR,8.33,8.52,3.4,0.19,5.12
WR added to scheme scoring,2022,17,Travis Kelce,TE,16.03,16.41,11.3,0.38,5.11
WR added to scheme scoring,2023,3,Hunter Renfrow,WR,7.66,8.81,3.7,1.15,5.11
WR added to scheme scoring,2022,15,Evan Engram,TE,9.66,9.09,14.2,-0.57,5.11
WR added to scheme scoring,2024,11,Tyler Lockett,WR,8.91,9.0,3.9,0.09,5.1
WR added to scheme scoring,2025,4,Juwan Johnson,TE,10.71,10.9,5.8,0.19,5.1
WR added to scheme scoring,2024,9,Jake Ferguson,TE,8.52,9.0,14.1,0.48,5.1
WR added to scheme scoring,2025,8,DK Metcalf,WR,11.69,11.4,16.5,-0.29,5.1
WR added to scheme scoring,2025,9,Cole Kmet,TE,6.81,7.1,2.0,0.29,5.1
WR added to scheme scoring,2025,9,Jauan Jennings,WR,9.29,9.0,14.1,-0.29,5.1
WR added to scheme scoring,2023,4,Dawson Knox,TE,7.0,7.29,2.2,0.29,5.09
WR added to scheme scoring,2023,4,Marquise Brown,WR,21.69,21.69,16.6,0.0,5.09
WR added to scheme scoring,2023,3,Jahan Dotson,WR,9.87,9.19,4.1,-0.68,5.09
WR added to scheme scoring,2022,15,Tee Higgins,WR,11.4,11.21,16.3,-0.19,5.09
WR added to scheme scoring,2022,3,Davante Adams,WR,19.77,19.28,14.2,-0.49,5.08
WR added to scheme scoring,2022,6,Justin Jefferson,WR,21.98,21.78,16.7,-0.2,5.08
WR added to scheme scoring,2025,4,Wan'Dale Robinson,WR,10.06,9.48,4.4,-0.58,5.08
WR added to scheme scoring,2022,11,Adam Thielen,WR,9.39,9.58,4.5,0.19,5.08
WR added to scheme scoring,2024,15,Cole Kmet,TE,7.29,7.48,2.4,0.19,5.08
WR added to scheme scoring,2022,9,Stefon Diggs,WR,18.8,19.38,14.3,0.58,5.08
WR added to scheme scoring,2025,13,Brenton Strange,TE,8.33,8.43,13.5,0.1,5.07
WR added to scheme scoring,2023,13,Cooper Kupp,WR,10.73,10.83,15.9,0.1,5.07
WR added to scheme scoring,2022,12,Deebo Samuel Sr.,WR,12.65,12.37,7.3,-0.28,5.07
WR added to scheme scoring,2023,14,Jordan Addison,WR,10.16,9.77,4.7,-0.39,5.07
WR added to scheme scoring,2025,12,Kyle Pitts,TE,9.57,9.57,4.5,0.0,5.07
WR added to scheme scoring,2023,3,Drake London,WR,9.96,10.16,5.1,0.2,5.06
WR added to scheme scoring,2025,8,T.J. Hockenson,TE,9.47,9.66,4.6,0.19,5.06
WR added to scheme scoring,2024,17,Keenan Allen,WR,12.65,12.56,7.5,-0.09,5.06
WR added to scheme scoring,2025,15,Tyler Warren,TE,9.76,9.95,4.9,0.19,5.05
WR added to scheme scoring,2024,16,Ja'Marr Chase,WR,27.45,27.45,22.4,0.0,5.05
WR added to scheme scoring,2024,18,Jalen Coker,WR,8.52,8.91,13.96,0.39,5.05
WR added to scheme scoring,2024,18,Terry McLaurin,WR,15.25,15.15,20.2,-0.1,5.05
WR added to scheme scoring,2025,17,Keenan Allen,WR,7.46,7.75,2.7,0.29,5.05
WR added to scheme scoring,2023,9,Rashid Shaheed,WR,10.16,10.25,5.2,0.09,5.05
WR added to scheme scoring,2024,5,Pat Freiermuth,TE,6.15,6.15,11.2,0.0,5.05
WR added to scheme scoring,2023,18,Jake Ferguson,TE,7.95,7.86,12.9,-0.09,5.04
WR added to scheme scoring,2022,17,Treylon Burks,WR,7.66,7.56,12.6,-0.1,5.04
WR added to scheme scoring,2024,12,Deebo Samuel Sr.,WR,8.14,8.14,3.1,0.0,5.04
WR added to scheme scoring,2024,3,Travis Kelce,TE,11.66,12.04,7.0,0.38,5.04
WR added to scheme scoring,2024,16,Cooper Kupp,WR,10.35,10.44,5.4,0.09,5.04
WR added to scheme scoring,2023,4,Gabe Davis,WR,9.96,10.06,15.1,0.1,5.04
WR added to scheme scoring,2024,9,Drake London,WR,15.73,15.73,10.7,0.0,5.03
WR added to scheme scoring,2022,18,Tyler Conklin,TE,8.43,8.33,3.3,-0.1,5.03
WR added to scheme scoring,2022,10,Stefon Diggs,WR,21.01,19.77,24.8,-1.24,5.03
WR added to scheme scoring,2023,6,Hunter Henry,TE,7.0,6.72,1.7,-0.28,5.02
WR added to scheme scoring,2023,14,Jerry Jeudy,WR,8.52,8.62,3.6,0.1,5.02
WR added to scheme scoring,2023,18,Chris Olave,WR,9.29,9.58,14.6,0.29,5.02
WR added to scheme scoring,2022,3,Rashod Bateman,WR,10.92,10.92,5.9,0.0,5.02
WR added to scheme scoring,2023,5,Marquise Brown,WR,21.11,21.11,16.1,0.0,5.01
WR added to scheme scoring,2024,12,Tyler Lockett,WR,8.71,9.0,4.0,0.29,5.0
WR added to scheme scoring,2024,12,Dallas Goedert,TE,10.71,10.9,5.9,0.19,5.0
WR added to scheme scoring,2023,13,Brandin Cooks,WR,11.4,11.5,16.5,0.1,5.0
WR added to scheme scoring,2025,8,Alec Pierce,WR,14.38,13.9,8.9,-0.48,5.0
WR added to scheme scoring,2025,13,Jauan Jennings,WR,8.91,8.91,13.9,0.0,4.99
WR added to scheme scoring,2022,12,Allen Lazard,WR,9.19,9.39,4.4,0.2,4.99
WR added to scheme scoring,2022,3,Pat Freiermuth,TE,10.23,11.09,6.1,0.86,4.99
WR added to scheme scoring,2022,13,Corey Davis,WR,9.39,8.52,13.5,-0.87,4.98
WR added to scheme scoring,2023,7,Puka Nacua,WR,18.8,18.42,23.4,-0.38,4.98
WR added to scheme scoring,2025,8,Darnell Mooney,WR,7.08,7.08,2.1,0.0,4.98
WR added to scheme scoring,2023,6,Jake Ferguson,TE,7.1,7.48,2.5,0.38,4.98
WR added to scheme scoring,2023,10,Garrett Wilson,WR,13.42,13.33,18.3,-0.09,4.97
WR added to scheme scoring,2022,6,K.J. Osborn,WR,9.67,9.77,4.8,0.1,4.97
WR added to scheme scoring,2022,4,Marquise Brown,WR,15.83,15.83,20.8,0.0,4.97
WR added to scheme scoring,2025,5,Tetairoa McMillan,WR,8.33,8.33,13.3,0.0,4.97
WR added to scheme scoring,2024,13,Jakobi Meyers,WR,10.44,10.73,15.7,0.29,4.97
WR added to scheme scoring,2025,3,Dont'e Thornton Jr.,WR,9.58,9.87,4.9,0.29,4.97
WR added to scheme scoring,2022,8,DeVonta Smith,WR,12.46,12.27,7.3,-0.19,4.97
WR added to scheme scoring,2025,3,Brian Thomas Jr.,WR,12.27,12.46,7.5,0.19,4.96
WR added to scheme scoring,2022,11,Robert Woods,WR,8.04,7.95,12.9,-0.09,4.95
WR added to scheme scoring,2025,18,Michael Pittman,WR,8.04,8.04,3.1,0.0,4.94
WR added to scheme scoring,2024,4,Chris Godwin Jr.,WR,16.98,17.84,12.9,0.86,4.94
WR added to scheme scoring,2024,11,Khalil Shakir,WR,10.25,10.06,15.0,-0.19,4.94
WR added to scheme scoring,2024,5,Marvin Harrison Jr.,WR,10.54,10.54,5.6,0.0,4.94
WR added to scheme scoring,2024,17,Noah Gray,TE,6.62,6.53,1.6,-0.09,4.93
WR added to scheme scoring,2023,6,Zay Flowers,WR,12.17,12.17,17.1,0.0,4.93
WR added to scheme scoring,2024,4,George Kittle,TE,9.47,9.57,14.5,0.1,4.93
WR added to scheme scoring,2025,11,Kyle Pitts,TE,8.24,8.33,3.4,0.09,4.93
WR added to scheme scoring,2023,10,Darnell Mooney,WR,7.85,8.33,3.4,0.48,4.93
WR added to scheme scoring,2022,16,Mike Evans,WR,10.92,10.83,5.9,-0.09,4.93
WR added to scheme scoring,2025,8,Courtland Sutton,WR,16.59,15.63,10.7,-0.96,4.93
WR added to scheme scoring,2022,6,Jaylen Waddle,WR,12.37,11.98,16.9,-0.39,4.92
WR added to scheme scoring,2025,14,Chris Olave,WR,10.73,10.92,6.0,0.19,4.92
WR added to scheme scoring,2024,4,Chris Olave,WR,11.69,11.79,16.7,0.1,4.91
WR added to scheme scoring,2022,11,DeVante Parker,WR,7.85,8.81,3.9,0.96,4.91
WR added to scheme scoring,2023,5,Drake London,WR,9.67,9.77,14.68,0.1,4.91
WR added to scheme scoring,2023,11,CeeDee Lamb,WR,19.86,21.4,16.5,1.54,4.9
WR added to scheme scoring,2025,8,Emeka Egbuka,WR,11.21,11.4,6.5,0.19,4.9
WR added to scheme scoring,2023,7,Allen Robinson,WR,6.6,6.6,1.7,0.0,4.9
WR added to scheme scoring,2024,8,Garrett Wilson,WR,11.02,11.4,16.3,0.38,4.9
WR added to scheme scoring,2025,18,Deebo Samuel Sr.,WR,8.43,9.0,4.1,0.57,4.9
WR added to scheme scoring,2023,16,Deebo Samuel Sr.,WR,14.0,14.29,9.4,0.29,4.89
WR added to scheme scoring,2024,3,Andrei Iosivas,WR,11.31,11.31,16.2,0.0,4.89
WR added to scheme scoring,2022,3,Allen Robinson,WR,8.91,9.19,4.3,0.28,4.89
WR added to scheme scoring,2022,7,Mike Evans,WR,13.04,13.71,18.6,0.67,4.89
WR added to scheme scoring,2024,3,Jaxon Smith-Njigba,WR,12.08,11.79,6.9,-0.29,4.89
WR added to scheme scoring,2023,10,Christian Watson,WR,9.29,9.19,4.3,-0.1,4.89
WR added to scheme scoring,2023,8,DJ Chark,WR,9.1,9.19,4.3,0.09,4.89
WR added to scheme scoring,2025,5,Jakobi Meyers,WR,12.08,12.08,7.2,0.0,4.88
WR added to scheme scoring,2024,18,Zach Ertz,TE,10.61,10.52,15.4,-0.09,4.88
WR added to scheme scoring,2023,12,Jake Ferguson,TE,9.19,9.38,4.5,0.19,4.88
WR added to scheme scoring,2023,7,Gerald Everett,TE,6.53,6.72,11.6,0.19,4.88
WR added to scheme scoring,2022,12,T.J. Hockenson,TE,10.71,10.42,15.3,-0.29,4.88
WR added to scheme scoring,2022,4,Rashod Bateman,WR,9.58,9.58,4.7,0.0,4.88
WR added to scheme scoring,2023,17,Deebo Samuel Sr.,WR,13.33,13.33,18.2,0.0,4.87
WR added to scheme scoring,2023,13,Calvin Ridley,WR,12.17,12.17,7.3,0.0,4.87
WR added to scheme scoring,2023,3,Justin Jefferson,WR,25.92,23.03,27.9,-2.89,4.87
WR added to scheme scoring,2024,4,Tre Tucker,WR,10.54,10.54,15.4,0.0,4.86
WR added to scheme scoring,2025,6,Marvin Harrison Jr.,WR,10.06,10.06,5.2,0.0,4.86
WR added to scheme scoring,2023,10,Allen Lazard,WR,7.56,7.56,2.7,0.0,4.86
WR added to scheme scoring,2024,14,Allen Lazard,WR,7.66,7.66,2.8,0.0,4.86
WR added to scheme scoring,2024,6,Courtland Sutton,WR,11.02,10.44,15.3,-0.58,4.86
WR added to scheme scoring,2025,6,Sam LaPorta,TE,11.66,11.66,16.5,0.0,4.84
WR added to scheme scoring,2024,18,Andrei Iosivas,WR,7.95,8.04,3.2,0.09,4.84
WR added to scheme scoring,2022,13,DJ Chark,WR,9.67,9.96,14.8,0.29,4.84
WR added to scheme scoring,2024,10,DJ Moore,WR,10.35,10.54,5.7,0.19,4.84
WR added to scheme scoring,2022,13,Dalton Schultz,TE,10.33,10.14,5.3,-0.19,4.84
WR added to scheme scoring,2025,16,DK Metcalf,WR,13.23,13.04,8.2,-0.19,4.84
WR added to scheme scoring,2022,9,Alec Pierce,WR,7.75,8.14,3.3,0.39,4.84
WR added to scheme scoring,2022,11,Allen Robinson,WR,10.35,9.87,14.7,-0.48,4.83
WR added to scheme scoring,2024,12,Jerry Jeudy,WR,9.67,9.67,14.5,0.0,4.83
WR added to scheme scoring,2024,7,Alec Pierce,WR,8.81,8.33,3.5,-0.48,4.83
WR added to scheme scoring,2024,7,Christian Kirk,WR,8.04,8.23,3.4,0.19,4.83
WR added to scheme scoring,2023,18,Ja'Marr Chase,WR,10.44,10.73,5.9,0.29,4.83
WR added to scheme scoring,2025,12,Justin Jefferson,WR,13.81,13.62,8.8,-0.19,4.82
WR added to scheme scoring,2025,12,AJ Barner,TE,8.52,8.62,3.8,0.1,4.82
WR added to scheme scoring,2022,11,Pat Freiermuth,TE,11.47,11.09,15.9,-0.38,4.81
WR added to scheme scoring,2025,4,Brock Bowers,TE,14.51,14.41,9.6,-0.1,4.81
WR added to scheme scoring,2023,6,Terry McLaurin,WR,8.52,9.29,14.1,0.77,4.81
WR added to scheme scoring,2023,6,Tee Higgins,WR,8.71,8.81,4.0,0.1,4.81
WR added to scheme scoring,2024,3,Elijah Higgins,TE,6.91,6.91,2.1,0.0,4.81
WR added to scheme scoring,2023,17,George Kittle,TE,10.71,10.71,5.9,0.0,4.81
WR added to scheme scoring,2024,16,Michael Pittman,WR,8.81,8.71,3.9,-0.1,4.81
WR added to scheme scoring,2025,6,Josh Downs,WR,11.69,11.4,16.2,-0.29,4.8
WR added to scheme scoring,2022,6,Dallas Goedert,TE,9.47,9.0,4.2,-0.47,4.8
WR added to scheme scoring,2025,16,Colby Parkinson,TE,8.52,8.9,4.1,0.38,4.8
WR added to scheme scoring,2025,8,Jordan Addison,WR,16.4,16.4,11.6,0.0,4.8
WR added to scheme scoring,2023,6,Michael Wilson,WR,14.0,14.0,9.2,0.0,4.8
WR added to scheme scoring,2024,18,Trey McBride,TE,14.7,14.7,19.5,0.0,4.8
WR added to scheme scoring,2022,7,Tyreek Hill,WR,19.67,19.0,14.2,-0.67,4.8
WR added to scheme scoring,2023,17,Dallas Goedert,TE,10.99,10.9,15.7,-0.09,4.8
WR added to scheme scoring,2024,7,Dontayvion Wicks,WR,9.1,9.0,13.8,-0.1,4.8
WR added to scheme scoring,2024,12,Mark Andrews,TE,10.8,10.8,15.6,0.0,4.8
WR added to scheme scoring,2024,7,Mike Evans,WR,14.48,14.29,9.5,-0.19,4.79
WR added to scheme scoring,2024,14,Kyle Pitts,TE,6.91,7.19,2.4,0.28,4.79
WR added to scheme scoring,2023,10,Chris Godwin Jr.,WR,14.1,14.19,9.4,0.09,4.79
WR added to scheme scoring,2025,16,Jordan Addison,WR,9.29,9.39,4.6,0.1,4.79
WR added to scheme scoring,2025,15,Jaxon Smith-Njigba,WR,13.71,13.52,18.3,-0.19,4.78
WR added to scheme scoring,2022,10,DeVonta Smith,WR,11.5,11.12,15.9,-0.38,4.78
WR added to scheme scoring,2023,8,Brandon Aiyuk,WR,10.83,11.12,15.9,0.29,4.78
WR added to scheme scoring,2022,4,Evan Engram,TE,7.29,7.38,2.6,0.09,4.78
WR added to scheme scoring,2022,13,Tyler Conklin,TE,6.81,7.67,2.9,0.86,4.77
WR added to scheme scoring,2023,6,Josh Downs,WR,7.46,8.33,13.1,0.87,4.77
WR added to scheme scoring,2025,6,Matthew Golden,WR,8.23,8.43,13.2,0.2,4.77
WR added to scheme scoring,2022,18,Garrett Wilson,WR,12.75,13.13,17.9,0.38,4.77
WR added to scheme scoring,2022,18,Diontae Johnson,WR,12.94,12.56,7.8,-0.38,4.76
WR added to scheme scoring,2024,12,Cedric Tillman,WR,7.56,7.56,2.8,0.0,4.76
WR added to scheme scoring,2023,3,Nico Collins,WR,10.16,10.16,5.4,0.0,4.76
WR added to scheme scoring,2023,11,Adam Thielen,WR,10.06,10.64,15.4,0.58,4.76
WR added to scheme scoring,2024,13,Malik Nabers,WR,10.54,10.54,15.3,0.0,4.76
WR added to scheme scoring,2025,18,Mike Gesicki,TE,8.24,8.05,3.3,-0.19,4.75
WR added to scheme scoring,2022,6,George Kittle,TE,11.66,11.56,16.3,-0.1,4.74
WR added to scheme scoring,2023,4,Calvin Austin III,WR,11.12,10.64,5.9,-0.48,4.74
WR added to scheme scoring,2025,3,Marquise Brown,WR,12.65,12.94,8.2,0.29,4.74
WR added to scheme scoring,2022,13,Stefon Diggs,WR,17.36,17.46,22.2,0.1,4.74
WR added to scheme scoring,2024,18,Brian Thomas Jr.,WR,12.65,12.56,17.3,-0.09,4.74
WR added to scheme scoring,2025,11,Jaylen Waddle,WR,12.65,12.94,8.2,0.29,4.74
WR added to scheme scoring,2024,16,Mike Gesicki,TE,8.33,8.14,3.4,-0.19,4.74
WR added to scheme scoring,2024,16,Jakobi Meyers,WR,10.92,10.83,6.1,-0.09,4.73
WR added to scheme scoring,2022,8,Diontae Johnson,WR,13.04,13.23,8.5,0.19,4.73
WR added to scheme scoring,2025,5,Dyami Brown,WR,8.14,8.23,3.5,0.09,4.73
WR added to scheme scoring,2024,14,Keenan Allen,WR,10.73,10.73,6.0,0.0,4.73
WR added to scheme scoring,2024,7,Chris Godwin Jr.,WR,17.56,18.23,13.5,0.67,4.73
WR added to scheme scoring,2022,7,Zach Gentry,TE,6.81,6.72,2.0,-0.09,4.72
WR added to scheme scoring,2025,14,Colby Parkinson,TE,7.57,7.48,12.2,-0.09,4.72
WR added to scheme scoring,2024,13,Calvin Ridley,WR,11.31,11.21,6.5,-0.1,4.71
WR added to scheme scoring,2025,6,Keon Coleman,WR,8.62,8.81,4.1,0.19,4.71
WR added to scheme scoring,2023,16,Chris Godwin Jr.,WR,9.29,9.19,13.9,-0.1,4.71
WR added to scheme scoring,2025,17,Justin Jefferson,WR,11.69,11.69,7.0,0.0,4.69
WR added to scheme scoring,2023,17,Ja'Marr Chase,WR,11.12,11.79,7.1,0.67,4.69
WR added to scheme scoring,2024,4,Stefon Diggs,WR,13.81,13.81,18.5,0.0,4.69
WR added to scheme scoring,2023,7,George Pickens,WR,10.25,11.02,15.7,0.77,4.68
WR added to scheme scoring,2024,6,Isaiah Likely,TE,9.38,9.38,4.7,0.0,4.68
WR added to scheme scoring,2022,11,Nick Westbrook-Ikhine,WR,9.58,9.48,4.8,-0.1,4.68
WR added to scheme scoring,2022,17,Romeo Doubs,WR,10.54,9.67,5.0,-0.87,4.67
WR added to scheme scoring,2023,16,DeVonta Smith,WR,12.65,13.23,17.9,0.58,4.67
WR added to scheme scoring,2022,3,Courtland Sutton,WR,13.81,13.04,17.7,-0.77,4.66
WR added to scheme scoring,2025,14,Colston Loveland,TE,8.24,8.24,12.9,0.0,4.66
WR added to scheme scoring,2022,14,Dalton Schultz,TE,10.33,10.04,14.7,-0.29,4.66
WR added to scheme scoring,2024,3,DJ Moore,WR,11.21,10.54,15.2,-0.67,4.66
WR added to scheme scoring,2024,16,Adam Thielen,WR,10.54,10.64,15.3,0.1,4.66
WR added to scheme scoring,2022,10,Marquez Valdes-Scantling,WR,10.54,10.35,15.0,-0.19,4.65
WR added to scheme scoring,2022,11,Garrett Wilson,WR,7.85,7.85,3.2,0.0,4.65
WR added to scheme scoring,2023,9,DeAndre Hopkins,WR,15.63,15.15,10.5,-0.48,4.65
WR added to scheme scoring,2024,14,Malik Nabers,WR,10.35,10.25,14.9,-0.1,4.65
WR added to scheme scoring,2022,16,Elijah Moore,WR,8.23,8.14,3.5,-0.09,4.64
WR added to scheme scoring,2022,17,Gerald Everett,TE,5.86,5.86,10.5,0.0,4.64
WR added to scheme scoring,2023,6,Dallas Goedert,TE,13.84,13.84,9.2,0.0,4.64
WR added to scheme scoring,2024,10,CeeDee Lamb,WR,12.94,13.04,8.4,0.1,4.64
WR added to scheme scoring,2023,3,Hunter Henry,TE,8.24,8.33,3.7,0.09,4.63
WR added to scheme scoring,2023,15,Elijah Moore,WR,8.33,8.33,3.7,0.0,4.63
WR added to scheme scoring,2025,17,Jalen Coker,WR,8.23,8.23,3.6,0.0,4.63
WR added to scheme scoring,2025,8,Xavier Legette,WR,8.33,8.33,3.7,0.0,4.63
WR added to scheme scoring,2025,8,Zay Flowers,WR,9.48,9.48,14.1,0.0,4.62
WR added to scheme scoring,2025,6,Khalil Shakir,WR,10.83,10.92,6.3,0.09,4.62
WR added to scheme scoring,2022,7,Mike Williams,WR,16.4,16.98,21.6,0.58,4.62
WR added to scheme scoring,2022,5,Allen Robinson,WR,9.19,8.81,4.2,-0.38,4.61
WR added to scheme scoring,2023,16,Evan Engram,TE,12.61,12.89,17.5,0.28,4.61
WR added to scheme scoring,2024,10,Dalton Kincaid,TE,9.09,9.0,4.4,-0.09,4.6
WR added to scheme scoring,2024,11,Nico Collins,WR,14.0,14.0,9.4,0.0,4.6
WR added to scheme scoring,2023,3,Rondale Moore,WR,11.6,11.6,16.2,0.0,4.6
WR added to scheme scoring,2022,4,Tyreek Hill,WR,21.88,21.3,25.9,-0.58,4.6
WR added to scheme scoring,2024,18,Adam Thielen,WR,13.42,14.0,9.4,0.58,4.6
WR added to scheme scoring,2025,7,Cole Kmet,TE,7.19,7.19,2.6,0.0,4.59
WR added to scheme scoring,2025,4,Ja'Marr Chase,WR,11.5,11.89,7.3,0.39,4.59
WR added to scheme scoring,2025,15,Jaylen Waddle,WR,9.39,9.19,4.6,-0.2,4.59
WR added to scheme scoring,2023,18,Jordan Addison,WR,11.4,11.12,15.7,-0.28,4.58
WR added to scheme scoring,2024,4,Amari Cooper,WR,12.46,12.08,7.5,-0.38,4.58
WR added to scheme scoring,2025,7,Ladd McConkey,WR,11.89,11.12,15.7,-0.77,4.58
WR added to scheme scoring,2022,3,DJ Chark,WR,11.6,12.17,7.6,0.57,4.57
WR added to scheme scoring,2023,11,Tutu Atwell,WR,7.37,7.27,2.7,-0.1,4.57
WR added to scheme scoring,2023,12,Tyler Boyd,WR,10.16,9.87,5.3,-0.29,4.57
WR added to scheme scoring,2022,11,Chase Claypool,WR,8.04,7.66,3.1,-0.38,4.56
WR added to scheme scoring,2023,12,Brandon Aiyuk,WR,17.46,17.56,13.0,0.1,4.56
WR added to scheme scoring,2024,4,Brock Bowers,TE,9.57,9.66,5.1,0.09,4.56
WR added to scheme scoring,2025,10,Kendrick Bourne,WR,7.37,7.46,2.9,0.09,4.56
WR added to scheme scoring,2024,14,Jerry Jeudy,WR,12.85,12.85,17.4,0.0,4.55
WR added to scheme scoring,2022,17,Austin Hooper,TE,6.53,6.15,1.6,-0.38,4.55
WR added to scheme scoring,2024,17,Romeo Doubs,WR,10.44,10.25,14.8,-0.19,4.55
WR added to scheme scoring,2024,7,Malik Nabers,WR,12.37,12.65,8.1,0.28,4.55
WR added to scheme scoring,2025,7,DJ Moore,WR,12.37,12.75,8.2,0.38,4.55
WR added to scheme scoring,2024,11,Pat Freiermuth,TE,7.57,7.95,3.4,0.38,4.55
WR added to scheme scoring,2022,14,Van Jefferson,WR,7.46,7.85,12.4,0.39,4.55
WR added to scheme scoring,2022,14,CeeDee Lamb,WR,11.98,12.85,8.3,0.87,4.55
WR added to scheme scoring,2024,16,Terry McLaurin,WR,11.6,12.46,17.0,0.86,4.54
WR added to scheme scoring,2022,9,Tyler Conklin,TE,6.05,6.24,1.7,0.19,4.54
WR added to scheme scoring,2022,18,Mack Hollins,WR,7.95,8.04,3.5,0.09,4.54
WR added to scheme scoring,2024,14,Josh Oliver,TE,7.95,8.14,3.6,0.19,4.54
WR added to scheme scoring,2022,12,Donovan Peoples-Jones,WR,8.14,8.14,3.6,0.0,4.54
WR added to scheme scoring,2022,9,Chase Claypool,WR,8.43,8.23,3.7,-0.2,4.53
WR added to scheme scoring,2023,5,Allen Lazard,WR,11.89,10.83,6.3,-1.06,4.53
WR added to scheme scoring,2025,9,Tyler Warren,TE,11.66,12.13,7.6,0.47,4.53
WR added to scheme scoring,2023,5,CeeDee Lamb,WR,13.13,13.42,8.9,0.29,4.52
WR added to scheme scoring,2024,17,Courtland Sutton,WR,11.98,11.98,16.5,0.0,4.52
WR added to scheme scoring,2022,12,JuJu Smith-Schuster,WR,11.98,11.31,6.8,-0.67,4.51
WR added to scheme scoring,2025,15,Jerry Jeudy,WR,8.71,8.71,4.2,0.0,4.51
WR added to scheme scoring,2022,14,Austin Hooper,TE,7.19,7.29,11.8,0.1,4.51
WR added to scheme scoring,2022,8,Mark Andrews,TE,10.8,10.8,6.3,0.0,4.5
WR added to scheme scoring,2023,5,Nico Collins,WR,11.4,11.4,6.9,0.0,4.5
WR added to scheme scoring,2022,8,Dalton Schultz,TE,9.09,8.9,13.4,-0.19,4.5
WR added to scheme scoring,2025,7,Kyle Pitts,TE,8.52,8.71,13.2,0.19,4.49
WR added to scheme scoring,2025,3,Travis Kelce,TE,11.18,11.09,6.6,-0.09,4.49
WR added to scheme scoring,2024,14,Christian Watson,WR,8.43,8.91,13.4,0.48,4.49
WR added to scheme scoring,2025,3,Kayshon Boutte,WR,10.16,9.29,4.8,-0.87,4.49
WR added to scheme scoring,2022,10,Jahan Dotson,WR,6.79,6.89,2.4,0.1,4.49
WR added to scheme scoring,2024,5,Tank Dell,WR,11.79,11.79,7.3,0.0,4.49
WR added to scheme scoring,2023,4,Gerald Everett,TE,7.67,7.38,2.9,-0.29,4.48
WR added to scheme scoring,2022,3,Josh Reynolds,WR,10.73,11.12,15.6,0.39,4.48
WR added to scheme scoring,2025,13,Cade Otton,TE,7.57,7.38,2.9,-0.19,4.48
WR added to scheme scoring,2025,9,Mack Hollins,WR,7.27,7.37,2.9,0.1,4.47
WR added to scheme scoring,2024,11,Rome Odunze,WR,7.95,8.04,12.5,0.09,4.46
WR added to scheme scoring,2023,18,Cole Kmet,TE,11.18,11.56,7.1,0.38,4.46
WR added to scheme scoring,2023,8,Drake London,WR,15.44,14.96,10.5,-0.48,4.46
WR added to scheme scoring,2022,12,Christian Kirk,WR,12.94,12.56,8.1,-0.38,4.46
WR added to scheme scoring,2025,11,DJ Moore,WR,8.04,7.56,3.1,-0.48,4.46
WR added to scheme scoring,2023,13,Adam Trautman,TE,5.96,6.05,1.6,0.09,4.45
WR added to scheme scoring,2022,5,Corey Davis,WR,10.64,10.25,5.8,-0.39,4.45
WR added to scheme scoring,2024,15,Rome Odunze,WR,10.54,10.35,5.9,-0.19,4.45
WR added to scheme scoring,2025,7,Brian Thomas Jr.,WR,10.35,10.54,6.1,0.19,4.44
WR added to scheme scoring,2023,12,Jaxon Smith-Njigba,WR,10.06,10.54,6.1,0.48,4.44
WR added to scheme scoring,2022,10,Cameron Brate,TE,6.05,6.24,1.8,0.19,4.44
WR added to scheme scoring,2025,15,Kendrick Bourne,WR,8.14,8.14,3.7,0.0,4.44
WR added to scheme scoring,2025,9,Jaxon Smith-Njigba,WR,16.59,17.56,22.0,0.97,4.44
WR added to scheme scoring,2025,14,Dalton Kincaid,TE,9.28,9.66,14.1,0.38,4.44
WR added to scheme scoring,2024,9,Wan'Dale Robinson,WR,8.23,8.43,4.0,0.2,4.43
WR added to scheme scoring,2025,3,Tucker Kraft,TE,11.37,10.33,5.9,-1.04,4.43
WR added to scheme scoring,2025,15,Travis Kelce,TE,9.47,9.57,14.0,0.1,4.43
WR added to scheme scoring,2025,4,Cooper Kupp,WR,11.12,11.02,6.6,-0.1,4.42
WR added to scheme scoring,2022,7,Hunter Henry,TE,6.72,6.62,2.2,-0.1,4.42
WR added to scheme scoring,2025,6,Alec Pierce,WR,11.12,11.21,6.8,0.09,4.41
WR added to scheme scoring,2022,18,Gabe Davis,WR,11.5,11.31,6.9,-0.19,4.41
WR added to scheme scoring,2023,18,Tyreek Hill,WR,16.79,16.79,21.2,0.0,4.41
WR added to scheme scoring,2024,13,Rome Odunze,WR,8.43,8.91,4.5,0.48,4.41
WR added to scheme scoring,2024,7,Kyle Pitts,TE,9.38,9.09,13.5,-0.29,4.41
WR added to scheme scoring,2023,4,Courtland Sutton,WR,16.59,16.11,11.7,-0.48,4.41
WR added to scheme scoring,2024,16,Mike Evans,WR,16.11,16.31,11.9,0.2,4.41
WR added to scheme scoring,2023,17,Puka Nacua,WR,13.81,14.29,18.7,0.48,4.41
WR added to scheme scoring,2024,5,Terry McLaurin,WR,9.0,9.0,13.4,0.0,4.4
WR added to scheme scoring,2022,13,Donovan Peoples-Jones,WR,9.0,9.0,13.4,0.0,4.4
WR added to scheme scoring,2023,4,Mike Evans,WR,10.54,11.4,7.0,0.86,4.4
WR added to scheme scoring,2022,10,Deebo Samuel Sr.,WR,11.31,11.5,7.1,0.19,4.4
WR added to scheme scoring,2023,9,Christian Watson,WR,8.91,9.1,4.7,0.19,4.4
WR added to scheme scoring,2025,13,Jaylen Waddle,WR,11.79,11.4,7.0,-0.39,4.4
WR added to scheme scoring,2022,13,Josh Reynolds,WR,9.29,9.29,4.9,0.0,4.39
WR added to scheme scoring,2022,18,Evan Engram,TE,11.18,11.09,6.7,-0.09,4.39
WR added to scheme scoring,2023,15,Josh Downs,WR,9.29,9.29,4.9,0.0,4.39
WR added to scheme scoring,2024,7,Stefon Diggs,WR,11.69,11.69,7.3,0.0,4.39
WR added to scheme scoring,2022,18,George Kittle,TE,13.94,14.51,18.9,0.57,4.39
WR added to scheme scoring,2024,12,Noah Brown,WR,8.81,8.71,13.1,-0.1,4.39
WR added to scheme scoring,2024,11,Rashod Bateman,WR,9.39,9.39,5.0,0.0,4.39
WR added to scheme scoring,2023,7,Jakobi Meyers,WR,13.81,13.62,18.0,-0.19,4.38
WR added to scheme scoring,2023,16,CeeDee Lamb,WR,20.34,20.82,25.2,0.48,4.38
WR added to scheme scoring,2022,5,Robert Woods,WR,12.17,12.08,7.7,-0.09,4.38
WR added to scheme scoring,2024,17,Josh Downs,WR,9.1,9.58,5.2,0.48,4.38
WR added to scheme scoring,2024,3,Alec Pierce,WR,10.06,9.77,5.4,-0.29,4.37
WR added to scheme scoring,2024,6,Zach Ertz,TE,6.24,6.43,10.8,0.19,4.37
WR added to scheme scoring,2023,4,Adam Thielen,WR,11.12,10.83,15.2,-0.29,4.37
WR added to scheme scoring,2025,12,Jauan Jennings,WR,10.25,10.73,15.1,0.48,4.37
WR added to scheme scoring,2022,4,Curtis Samuel,WR,11.4,12.17,7.8,0.77,4.37
WR added to scheme scoring,2025,13,Mack Hollins,WR,9.67,9.67,5.3,0.0,4.37
WR added to scheme scoring,2022,10,Diontae Johnson,WR,14.67,14.67,10.3,0.0,4.37
WR added to scheme scoring,2022,15,Christian Kirk,WR,10.54,10.83,15.2,0.29,4.37
WR added to scheme scoring,2023,17,Dalton Kincaid,TE,8.81,8.33,12.7,-0.48,4.37
WR added to scheme scoring,2023,12,DeAndre Hopkins,WR,12.46,12.27,7.9,-0.19,4.37
WR added to scheme scoring,2024,16,David Njoku,TE,10.23,10.23,14.6,0.0,4.37
WR added to scheme scoring,2024,9,Hunter Henry,TE,8.24,8.24,12.6,0.0,4.36
WR added to scheme scoring,2023,3,Chris Godwin Jr.,WR,11.98,12.56,8.2,0.58,4.36
WR added to scheme scoring,2025,15,Stefon Diggs,WR,10.35,9.96,5.6,-0.39,4.36
WR added to scheme scoring,2023,11,Zay Jones,WR,10.73,10.35,6.0,-0.38,4.35
WR added to scheme scoring,2022,9,Parris Campbell,WR,7.95,7.95,3.6,0.0,4.35
WR added to scheme scoring,2022,6,Noah Fant,TE,5.96,6.15,10.5,0.19,4.35
WR added to scheme scoring,2025,12,DK Metcalf,WR,9.67,10.06,14.4,0.39,4.34
WR added to scheme scoring,2023,9,K.J. Osborn,WR,7.95,8.04,3.7,0.09,4.34
WR added to scheme scoring,2025,16,CeeDee Lamb,WR,15.06,15.44,11.1,0.38,4.34
WR added to scheme scoring,2024,12,Brock Bowers,TE,12.13,12.13,7.8,0.0,4.33
WR added to scheme scoring,2024,12,Cade Otton,TE,8.52,8.33,4.0,-0.19,4.33
WR added to scheme scoring,2025,3,Jakobi Meyers,WR,13.9,13.62,9.3,-0.28,4.32
WR added to scheme scoring,2022,3,Diontae Johnson,WR,12.94,12.08,16.4,-0.86,4.32
WR added to scheme scoring,2025,6,Keenan Allen,WR,11.6,11.02,6.7,-0.58,4.32
WR added to scheme scoring,2022,11,DeVonta Smith,WR,9.48,9.48,13.8,0.0,4.32
WR added to scheme scoring,2023,6,Chris Godwin Jr.,WR,9.29,9.39,13.7,0.1,4.31
WR added to scheme scoring,2024,9,Evan Engram,TE,7.0,7.19,11.5,0.19,4.31
WR added to scheme scoring,2025,12,Cooper Kupp,WR,8.62,8.71,4.4,0.09,4.31
WR added to scheme scoring,2023,14,George Pickens,WR,11.12,11.21,6.9,0.09,4.31
WR added to scheme scoring,2024,9,DJ Moore,WR,11.4,11.6,7.3,0.2,4.3
WR added to scheme scoring,2025,15,Zay Flowers,WR,11.5,11.5,15.8,0.0,4.3
WR added to scheme scoring,2025,7,Tyler Warren,TE,12.8,12.61,16.9,-0.19,4.29
WR added to scheme scoring,2022,16,Amari Cooper,WR,8.91,8.91,13.2,0.0,4.29
WR added to scheme scoring,2024,12,Alec Pierce,WR,8.52,9.19,4.9,0.67,4.29
WR added to scheme scoring,2024,16,Courtland Sutton,WR,14.19,14.29,10.0,0.1,4.29
WR added to scheme scoring,2025,11,Pat Freiermuth,TE,7.0,7.19,2.9,0.19,4.29
WR added to scheme scoring,2025,8,JuJu Smith-Schuster,WR,9.1,9.19,4.9,0.09,4.29
WR added to scheme scoring,2022,7,Greg Dulcich,TE,7.1,6.81,11.1,-0.29,4.29
WR added to scheme scoring,2022,16,Cade Otton,TE,7.38,7.48,3.2,0.1,4.28
WR added to scheme scoring,2023,6,Tyler Lockett,WR,11.02,11.12,15.4,0.1,4.28
WR added to scheme scoring,2022,14,Tyler Higbee,TE,7.38,7.38,3.1,0.0,4.28
WR added to scheme scoring,2024,3,Dalton Schultz,TE,7.38,7.38,3.1,0.0,4.28
WR added to scheme scoring,2025,10,Courtland Sutton,WR,9.77,9.67,5.4,-0.1,4.27
WR added to scheme scoring,2024,5,Tutu Atwell,WR,8.23,8.23,12.5,0.0,4.27
WR added to scheme scoring,2022,3,DeAndre Carter,WR,9.58,9.87,5.6,0.29,4.27
WR added to scheme scoring,2022,4,Allen Lazard,WR,13.33,13.33,17.6,0.0,4.27
WR added to scheme scoring,2023,6,Noah Gray,TE,7.76,7.76,3.5,0.0,4.26
WR added to scheme scoring,2023,7,Brandon Aiyuk,WR,15.54,14.96,10.7,-0.58,4.26
WR added to scheme scoring,2023,14,Adam Thielen,WR,8.62,8.14,12.4,-0.48,4.26
WR added to scheme scoring,2023,12,Logan Thomas,TE,8.33,7.76,3.5,-0.57,4.26
WR added to scheme scoring,2023,16,Cedric Tillman,WR,7.56,7.56,3.3,0.0,4.26
WR added to scheme scoring,2025,17,Troy Franklin,WR,9.77,9.96,5.7,0.19,4.26
WR added to scheme scoring,2025,9,Keon Coleman,WR,7.95,7.95,3.7,0.0,4.25
WR added to scheme scoring,2025,10,Wan'Dale Robinson,WR,8.33,7.95,12.2,-0.38,4.25
WR added to scheme scoring,2022,14,Gabe Davis,WR,9.29,10.35,6.1,1.06,4.25
WR added to scheme scoring,2023,3,Travis Kelce,TE,15.36,15.65,19.9,0.29,4.25
WR added to scheme scoring,2024,9,Ja'Marr Chase,WR,15.63,15.54,11.3,-0.09,4.24
WR added to scheme scoring,2022,15,Greg Dulcich,TE,6.24,6.34,2.1,0.1,4.24
WR added to scheme scoring,2024,3,Michael Wilson,WR,10.16,10.16,14.4,0.0,4.24
WR added to scheme scoring,2024,5,Stefon Diggs,WR,9.96,9.96,14.2,0.0,4.24
WR added to scheme scoring,2022,3,Drake London,WR,10.16,10.16,14.4,0.0,4.24
WR added to scheme scoring,2022,15,Ja'Marr Chase,WR,14.96,14.77,19.0,-0.19,4.23
WR added to scheme scoring,2022,18,Allen Lazard,WR,10.44,9.87,14.1,-0.57,4.23
WR added to scheme scoring,2025,4,T.J. Hockenson,TE,12.42,12.13,7.9,-0.29,4.23
WR added to scheme scoring,2025,6,Rashid Shaheed,WR,10.44,11.02,6.8,0.58,4.22
WR added to scheme scoring,2022,4,Cooper Kupp,WR,21.88,21.98,26.2,0.1,4.22
WR added to scheme scoring,2023,11,Jake Ferguson,TE,10.8,10.42,6.2,-0.38,4.22
WR added to scheme scoring,2025,4,Nico Collins,WR,16.11,16.11,11.9,0.0,4.21
WR added to scheme scoring,2025,17,DeVonta Smith,WR,8.81,8.71,4.5,-0.1,4.21
WR added to scheme scoring,2023,11,Jaylen Waddle,WR,14.19,13.71,9.5,-0.48,4.21
WR added to scheme scoring,2025,13,Dallas Goedert,TE,9.19,8.9,4.7,-0.29,4.2
WR added to scheme scoring,2024,16,T.J. Hockenson,TE,8.81,8.9,4.7,0.09,4.2
WR added to scheme scoring,2024,13,Demarcus Robinson,WR,8.91,8.71,12.9,-0.2,4.19
WR added to scheme scoring,2024,15,Tim Patrick,WR,8.43,8.81,13.0,0.38,4.19
WR added to scheme scoring,2024,3,Adam Thielen,WR,9.1,8.81,13.0,-0.29,4.19
WR added to scheme scoring,2025,7,Juwan Johnson,TE,8.9,8.71,12.9,-0.19,4.19
WR added to scheme scoring,2022,15,DeAndre Hopkins,WR,8.81,8.81,13.0,0.0,4.19
WR added to scheme scoring,2022,12,Gabe Davis,WR,12.46,11.98,7.8,-0.48,4.18
WR added to scheme scoring,2024,4,Hunter Henry,TE,7.48,7.38,3.2,-0.1,4.18
WR added to scheme scoring,2023,13,Garrett Wilson,WR,11.69,12.17,8.0,0.48,4.17
WR added to scheme scoring,2022,10,Donovan Peoples-Jones,WR,10.73,10.73,14.9,0.0,4.17
WR added to scheme scoring,2025,11,Troy Franklin,WR,8.14,8.23,12.4,0.09,4.17
WR added to scheme scoring,2024,7,Tucker Kraft,TE,8.05,8.14,12.3,0.09,4.16
WR added to scheme scoring,2025,10,Kyle Pitts,TE,9.76,9.95,5.8,0.19,4.15
WR added to scheme scoring,2024,13,T.J. Hockenson,TE,10.23,9.95,5.8,-0.28,4.15
WR added to scheme scoring,2022,14,Deebo Samuel Sr.,WR,10.25,10.25,14.4,0.0,4.15
WR added to scheme scoring,2025,11,Justin Jefferson,WR,14.96,15.25,11.1,0.29,4.15
WR added to scheme scoring,2023,7,DeVonta Smith,WR,13.81,13.04,8.9,-0.77,4.14
WR added to scheme scoring,2024,8,Evan Engram,TE,9.47,9.47,13.6,0.0,4.13
WR added to scheme scoring,2023,5,Chris Olave,WR,12.46,13.33,9.2,0.87,4.13
WR added to scheme scoring,2025,15,Chris Godwin Jr.,WR,10.35,9.87,14.0,-0.48,4.13
WR added to scheme scoring,2025,14,Nico Collins,WR,11.98,11.98,16.1,0.0,4.12
WR added to scheme scoring,2023,5,Rashid Shaheed,WR,8.52,8.91,4.8,0.39,4.11
WR added to scheme scoring,2024,8,Justin Jefferson,WR,23.32,23.61,19.5,0.29,4.11
WR added to scheme scoring,2024,10,Josh Palmer,WR,8.71,8.71,4.6,0.0,4.11
WR added to scheme scoring,2024,8,Tank Dell,WR,9.39,9.39,13.5,0.0,4.11
WR added to scheme scoring,2023,7,Rondale Moore,WR,8.71,8.71,4.6,0.0,4.11
WR added to scheme scoring,2024,15,Khalil Shakir,WR,12.17,11.79,15.9,-0.38,4.11
WR added to scheme scoring,2023,12,Cole Kmet,TE,7.19,7.19,11.3,0.0,4.11
WR added to scheme scoring,2023,11,DeAndre Hopkins,WR,12.17,11.79,15.9,-0.38,4.11
WR added to scheme scoring,2025,3,Keon Coleman,WR,9.0,9.1,5.0,0.1,4.1
WR added to scheme scoring,2024,9,Will Dissly,TE,7.1,7.0,2.9,-0.1,4.1
WR added to scheme scoring,2024,7,Juwan Johnson,TE,8.9,8.9,4.8,0.0,4.1
WR added to scheme scoring,2023,11,Jordan Addison,WR,12.56,11.5,7.4,-1.06,4.1
WR added to scheme scoring,2024,5,Ray-Ray McCloud,WR,8.14,8.52,12.6,0.38,4.08
WR added to scheme scoring,2024,16,Marvin Harrison Jr.,WR,11.98,11.98,7.9,0.0,4.08
WR added to scheme scoring,2022,11,DJ Moore,WR,9.29,9.48,5.4,0.19,4.08
WR added to scheme scoring,2024,8,Stefon Diggs,WR,8.62,8.62,12.7,0.0,4.08
WR added to scheme scoring,2022,15,Diontae Johnson,WR,16.11,15.92,20.0,-0.19,4.08
WR added to scheme scoring,2024,8,Terry McLaurin,WR,13.04,13.42,17.5,0.38,4.08
WR added to scheme scoring,2025,5,Amon-Ra St. Brown,WR,21.98,22.07,18.0,0.09,4.07
WR added to scheme scoring,2022,15,CeeDee Lamb,WR,16.11,15.63,19.7,-0.48,4.07
WR added to scheme scoring,2024,18,Kyle Pitts,TE,7.38,7.57,3.5,0.19,4.07
WR added to scheme scoring,2025,12,Tee Higgins,WR,12.46,12.17,8.1,-0.29,4.07
WR added to scheme scoring,2023,5,Michael Gallup,WR,7.46,7.56,3.5,0.1,4.06
WR added to scheme scoring,2023,3,Mark Andrews,TE,11.56,11.56,7.5,0.0,4.06
WR added to scheme scoring,2023,9,Allen Lazard,WR,8.23,7.85,3.8,-0.38,4.05
WR added to scheme scoring,2024,9,Jerry Jeudy,WR,10.25,10.25,14.3,0.0,4.05
WR added to scheme scoring,2022,15,David Njoku,TE,9.85,9.85,5.8,0.0,4.05
WR added to scheme scoring,2025,16,Brian Thomas Jr.,WR,7.85,7.85,3.8,0.0,4.05
WR added to scheme scoring,2023,10,Marquise Brown,WR,7.85,7.85,3.8,0.0,4.05
WR added to scheme scoring,2024,18,Rome Odunze,WR,7.75,7.85,3.8,0.1,4.05
WR added to scheme scoring,2024,17,Jordan Addison,WR,14.67,14.86,18.9,0.19,4.04
WR added to scheme scoring,2022,6,Will Dissly,TE,6.05,6.24,2.2,0.19,4.04
WR added to scheme scoring,2022,5,Juwan Johnson,TE,6.05,6.34,2.3,0.29,4.04
WR added to scheme scoring,2023,14,Jaylen Waddle,WR,19.38,17.94,13.9,-1.44,4.04
WR added to scheme scoring,2024,13,A.J. Brown,WR,16.11,15.63,11.6,-0.48,4.03
WR added to scheme scoring,2024,3,Jakobi Meyers,WR,17.65,17.17,21.2,-0.48,4.03
WR added to scheme scoring,2024,11,Drake London,WR,13.23,13.13,9.1,-0.1,4.03
WR added to scheme scoring,2024,6,Tyler Boyd,WR,8.33,8.91,4.9,0.58,4.01
WR added to scheme scoring,2024,16,Darnell Mooney,WR,9.1,9.19,13.2,0.09,4.01
WR added to scheme scoring,2023,8,Luke Musgrave,TE,7.19,6.91,2.9,-0.28,4.01
WR added to scheme scoring,2024,14,DeAndre Hopkins,WR,9.19,9.19,13.2,0.0,4.01
WR added to scheme scoring,2025,4,Tucker Kraft,TE,15.27,14.6,10.6,-0.67,4.0
WR added to scheme scoring,2024,10,Zay Flowers,WR,11.4,11.4,7.4,0.0,4.0
WR added to scheme scoring,2022,8,George Kittle,TE,8.9,8.9,12.9,0.0,4.0
WR added to scheme scoring,2025,3,Marvin Harrison Jr.,WR,11.4,11.4,7.4,0.0,4.0
WR added to scheme scoring,2023,14,Jakobi Meyers,WR,11.5,11.5,7.5,0.0,4.0
WR added to scheme scoring,2022,4,Adam Thielen,WR,11.31,11.21,15.2,-0.1,3.99
WR added to scheme scoring,2025,10,Khalil Shakir,WR,8.81,8.81,12.8,0.0,3.99
WR added to scheme scoring,2025,18,Mike Evans,WR,9.39,9.39,5.4,0.0,3.99
WR added to scheme scoring,2022,16,Dawson Knox,TE,8.81,8.81,12.8,0.0,3.99
WR added to scheme scoring,2022,13,Hayden Hurst,TE,7.48,7.19,3.2,-0.29,3.99
WR added to scheme scoring,2025,3,Jonnu Smith,TE,9.28,9.28,5.3,0.0,3.98
WR added to scheme scoring,2022,7,Evan Engram,TE,6.62,6.72,10.7,0.1,3.98
WR added to scheme scoring,2024,6,Brandon Aiyuk,WR,10.35,9.67,5.7,-0.68,3.97
WR added to scheme scoring,2022,13,Chase Claypool,WR,9.77,9.77,5.8,0.0,3.97
WR added to scheme scoring,2023,12,Marquise Brown,WR,10.83,10.83,14.8,0.0,3.97
WR added to scheme scoring,2025,7,Alec Pierce,WR,10.73,10.83,14.8,0.1,3.97
WR added to scheme scoring,2025,11,Matthew Golden,WR,7.37,7.37,3.4,0.0,3.97
WR added to scheme scoring,2022,6,Diontae Johnson,WR,11.89,12.56,8.6,0.67,3.96
WR added to scheme scoring,2023,11,Diontae Johnson,WR,7.18,7.56,3.6,0.38,3.96
WR added to scheme scoring,2023,15,Romeo Doubs,WR,9.96,9.96,6.0,0.0,3.96
WR added to scheme scoring,2024,9,David Njoku,TE,11.85,11.85,7.9,0.0,3.95
WR added to scheme scoring,2022,12,Stefon Diggs,WR,18.61,17.75,21.7,-0.86,3.95
WR added to scheme scoring,2024,10,Davante Adams,WR,12.94,13.04,9.1,0.1,3.94
WR added to scheme scoring,2025,4,Zach Ertz,TE,10.04,10.04,6.1,0.0,3.94
WR added to scheme scoring,2024,18,Ladd McConkey,WR,12.56,12.56,16.5,0.0,3.94
WR added to scheme scoring,2022,13,Harrison Bryant,TE,6.34,6.34,2.4,0.0,3.94
WR added to scheme scoring,2022,7,Daniel Bellinger,TE,6.05,6.24,2.3,0.19,3.94
WR added to scheme scoring,2024,14,Jonnu Smith,TE,9.38,9.47,13.4,0.09,3.93
WR added to scheme scoring,2024,14,DeVonta Smith,WR,9.77,9.77,13.7,0.0,3.93
WR added to scheme scoring,2022,9,Allen Lazard,WR,14.77,14.77,18.7,0.0,3.93
WR added to scheme scoring,2022,3,Terry McLaurin,WR,11.69,12.27,16.2,0.58,3.93
WR added to scheme scoring,2022,4,George Kittle,TE,8.24,8.33,4.4,0.09,3.93
WR added to scheme scoring,2024,9,Jayden Reed,WR,12.65,12.37,16.3,-0.28,3.93
WR added to scheme scoring,2024,7,Drake London,WR,15.06,14.38,18.3,-0.68,3.92
WR added to scheme scoring,2022,9,Amon-Ra St. Brown,WR,13.9,13.42,9.5,-0.48,3.92
WR added to scheme scoring,2024,12,DK Metcalf,WR,13.13,13.81,9.9,0.68,3.91
WR added to scheme scoring,2024,15,Deebo Samuel Sr.,WR,8.52,8.81,4.9,0.29,3.91
WR added to scheme scoring,2023,15,Odell Beckham Jr.,WR,8.71,8.71,4.8,0.0,3.91
WR added to scheme scoring,2024,3,Brandon Aiyuk,WR,15.15,13.71,9.8,-1.44,3.91
WR added to scheme scoring,2024,4,Jakobi Meyers,WR,13.71,13.81,9.9,0.1,3.91
WR added to scheme scoring,2024,17,Mark Andrews,TE,10.9,10.9,14.8,0.0,3.9
WR added to scheme scoring,2024,12,Marvin Harrison Jr.,WR,11.6,11.6,7.7,0.0,3.9
WR added to scheme scoring,2024,16,Zay Flowers,WR,11.4,11.4,15.3,0.0,3.9
WR added to scheme scoring,2022,5,Josh Palmer,WR,9.1,9.29,5.4,0.19,3.89
WR added to scheme scoring,2022,17,Cole Kmet,TE,6.72,6.81,10.7,0.09,3.89
WR added to scheme scoring,2025,14,Brock Bowers,TE,10.42,10.71,14.6,0.29,3.89
WR added to scheme scoring,2025,3,Stefon Diggs,WR,9.87,9.19,5.3,-0.68,3.89
WR added to scheme scoring,2025,5,Tyler Warren,TE,10.61,10.52,14.4,-0.09,3.88
WR added to scheme scoring,2024,6,Brian Thomas Jr.,WR,9.29,9.58,5.7,0.29,3.88
WR added to scheme scoring,2024,16,Dalton Kincaid,TE,9.57,9.38,5.5,-0.19,3.88
WR added to scheme scoring,2025,6,DJ Moore,WR,11.69,12.08,8.2,0.39,3.88
WR added to scheme scoring,2022,18,Amon-Ra St. Brown,WR,14.96,14.77,10.9,-0.19,3.87
WR added to scheme scoring,2024,6,Sam LaPorta,TE,8.33,8.33,12.2,0.0,3.87
WR added to scheme scoring,2022,4,Elijah Moore,WR,12.27,12.37,8.5,0.1,3.87
WR added to scheme scoring,2023,13,David Njoku,TE,7.57,7.57,3.7,0.0,3.87
WR added to scheme scoring,2025,16,Jaylen Waddle,WR,8.33,8.33,12.2,0.0,3.87
WR added to scheme scoring,2022,7,Kyle Pitts,TE,8.05,7.76,3.9,-0.29,3.86
WR added to scheme scoring,2023,13,Pat Freiermuth,TE,9.95,9.76,5.9,-0.19,3.86
WR added to scheme scoring,2023,11,Elijah Moore,WR,8.14,8.14,12.0,0.0,3.86
WR added to scheme scoring,2022,11,Nelson Agholor,WR,7.37,7.66,3.8,0.29,3.86
WR added to scheme scoring,2022,3,Christian Kirk,WR,14.0,15.34,19.2,1.34,3.86
WR added to scheme scoring,2025,13,T.J. Hockenson,TE,7.76,8.05,11.9,0.29,3.85
WR added to scheme scoring,2025,10,Rashod Bateman,WR,7.85,7.85,4.0,0.0,3.85
WR added to scheme scoring,2022,8,Amon-Ra St. Brown,WR,17.94,17.75,13.9,-0.19,3.85
WR added to scheme scoring,2022,14,Kalif Raymond,WR,8.33,7.75,3.9,-0.58,3.85
WR added to scheme scoring,2022,12,Jarvis Landry,WR,8.33,7.85,4.0,-0.48,3.85
WR added to scheme scoring,2025,6,Travis Kelce,TE,10.14,9.95,13.8,-0.19,3.85
WR added to scheme scoring,2025,16,Colston Loveland,TE,9.76,9.85,6.0,0.09,3.85
WR added to scheme scoring,2025,18,Ryan Flournoy,WR,7.85,7.95,11.8,0.1,3.85
WR added to scheme scoring,2023,10,Trey Palmer,WR,7.85,7.95,4.1,0.1,3.85
WR added to scheme scoring,2025,3,Jalen Nailor,WR,11.21,10.54,6.7,-0.67,3.84
WR added to scheme scoring,2025,18,Jerry Jeudy,WR,8.04,8.04,4.2,0.0,3.84
WR added to scheme scoring,2025,15,Khalil Shakir,WR,7.37,7.66,11.5,0.29,3.84
WR added to scheme scoring,2025,8,Dalton Schultz,TE,8.24,8.24,4.4,0.0,3.84
WR added to scheme scoring,2025,10,Dallas Goedert,TE,12.13,12.13,8.3,0.0,3.83
WR added to scheme scoring,2022,18,DK Metcalf,WR,11.89,10.83,7.0,-1.06,3.83
WR added to scheme scoring,2024,11,DJ Moore,WR,9.67,9.87,13.7,0.2,3.83
WR added to scheme scoring,2023,6,DeVonta Smith,WR,12.65,13.23,9.4,0.58,3.83
WR added to scheme scoring,2023,16,Drake London,WR,11.21,10.73,6.9,-0.48,3.83
WR added to scheme scoring,2022,14,Josh Palmer,WR,13.33,13.13,9.3,-0.2,3.83
WR added to scheme scoring,2022,6,Marquise Brown,WR,15.63,15.63,11.8,0.0,3.83
WR added to scheme scoring,2025,18,Puka Nacua,WR,21.69,22.17,26.0,0.48,3.83
WR added to scheme scoring,2024,18,Alec Pierce,WR,10.16,9.87,13.7,-0.29,3.83
WR added to scheme scoring,2022,15,Hunter Henry,TE,6.81,6.72,2.9,-0.09,3.82
WR added to scheme scoring,2023,7,Rashid Shaheed,WR,11.12,11.02,7.2,-0.1,3.82
WR added to scheme scoring,2025,6,Olamide Zaccheaus,WR,8.81,8.62,4.8,-0.19,3.82
WR added to scheme scoring,2025,12,Mack Hollins,WR,8.81,8.81,5.0,0.0,3.81
WR added to scheme scoring,2022,11,Hunter Henry,TE,6.72,6.81,3.0,0.09,3.81
WR added to scheme scoring,2023,17,Demarcus Robinson,WR,9.0,9.39,13.2,0.39,3.81
WR added to scheme scoring,2025,16,Jake Ferguson,TE,8.33,8.71,4.9,0.38,3.81
WR added to scheme scoring,2023,3,Jonathan Mingo,WR,8.52,8.91,5.1,0.39,3.81
WR added to scheme scoring,2023,16,Darren Waller,TE,8.43,9.0,5.2,0.57,3.8
WR added to scheme scoring,2025,4,Jerry Jeudy,WR,11.6,11.6,7.8,0.0,3.8
WR added to scheme scoring,2025,9,Noah Fant,TE,7.19,7.0,10.8,-0.19,3.8
WR added to scheme scoring,2024,8,Jerry Jeudy,WR,9.1,9.1,12.9,0.0,3.8
WR added to scheme scoring,2025,10,Deebo Samuel Sr.,WR,9.39,9.1,12.9,-0.29,3.8
WR added to scheme scoring,2025,6,Jakobi Meyers,WR,11.4,11.69,7.9,0.29,3.79
WR added to scheme scoring,2023,4,Robert Woods,WR,9.39,9.39,5.6,0.0,3.79
WR added to scheme scoring,2025,9,Kendrick Bourne,WR,9.77,9.19,5.4,-0.58,3.79
WR added to scheme scoring,2025,10,Cedric Tillman,WR,6.89,6.89,3.1,0.0,3.79
WR added to scheme scoring,2023,8,Kendrick Bourne,WR,8.91,8.81,12.6,-0.1,3.79
WR added to scheme scoring,2022,6,George Pickens,WR,9.1,9.58,5.8,0.48,3.78
WR added to scheme scoring,2022,4,Tyler Boyd,WR,11.4,11.4,7.62,0.0,3.78
WR added to scheme scoring,2024,10,Tank Dell,WR,12.08,12.08,8.3,0.0,3.78
WR added to scheme scoring,2023,14,Diontae Johnson,WR,10.83,10.92,14.7,0.09,3.78
WR added to scheme scoring,2025,3,Harold Fannin Jr.,TE,9.28,9.28,5.5,0.0,3.78
WR added to scheme scoring,2023,11,Tyler Conklin,TE,7.76,7.57,3.8,-0.19,3.77
WR added to scheme scoring,2022,7,David Njoku,TE,10.33,10.33,14.1,0.0,3.77
WR added to scheme scoring,2024,3,Jayden Reed,WR,14.38,14.67,10.9,0.29,3.77
WR added to scheme scoring,2022,17,Russell Gage,WR,10.35,10.06,6.3,-0.29,3.76
WR added to scheme scoring,2023,9,Tyler Lockett,WR,9.77,9.96,6.2,0.19,3.76
WR added to scheme scoring,2022,5,Tyler Boyd,WR,10.54,9.96,6.2,-0.58,3.76
WR added to scheme scoring,2023,17,DeAndre Hopkins,WR,10.54,10.44,14.2,-0.1,3.76
WR added to scheme scoring,2025,4,Chris Olave,WR,12.65,12.75,9.0,0.1,3.75
WR added to scheme scoring,2022,15,Keenan Allen,WR,12.94,12.85,16.6,-0.09,3.75
WR added to scheme scoring,2024,6,Darius Slayton,WR,8.33,7.95,11.7,-0.38,3.75
WR added to scheme scoring,2024,17,Calvin Ridley,WR,10.54,10.35,14.1,-0.19,3.75
WR added to scheme scoring,2023,10,Jerry Jeudy,WR,10.44,10.25,6.5,-0.19,3.75
WR added to scheme scoring,2024,11,Jalen Tolbert,WR,8.04,7.85,4.1,-0.19,3.75
WR added to scheme scoring,2022,15,Michael Pittman,WR,13.9,15.25,19.0,1.35,3.75
WR added to scheme scoring,2024,14,Brock Bowers,TE,11.56,11.94,8.2,0.38,3.74
WR added to scheme scoring,2022,6,Alec Pierce,WR,10.35,10.16,13.9,-0.19,3.74
WR added to scheme scoring,2022,13,Cole Kmet,TE,9.47,9.47,13.2,0.0,3.73
WR added to scheme scoring,2024,15,Brock Bowers,TE,9.95,10.23,6.5,0.28,3.73
WR added to scheme scoring,2023,8,Tyler Boyd,WR,9.48,9.87,13.6,0.39,3.73
WR added to scheme scoring,2023,9,Jakobi Meyers,WR,9.39,9.77,13.5,0.38,3.73
WR added to scheme scoring,2024,12,Tyreek Hill,WR,13.23,13.52,9.8,0.29,3.72
WR added to scheme scoring,2024,5,Andrei Iosivas,WR,8.52,8.62,4.9,0.1,3.72
WR added to scheme scoring,2024,10,Ladd McConkey,WR,11.31,10.92,7.2,-0.39,3.72
WR added to scheme scoring,2022,3,Geoff Swaim,TE,7.19,7.19,10.9,0.0,3.71
WR added to scheme scoring,2024,6,DeVonta Smith,WR,11.5,11.69,15.4,0.19,3.71
WR added to scheme scoring,2022,17,DJ Chark,WR,11.6,11.31,7.6,-0.29,3.71
WR added to scheme scoring,2022,3,Deebo Samuel Sr.,WR,9.0,9.19,12.9,0.19,3.71
WR added to scheme scoring,2022,5,Chris Olave,WR,11.5,11.69,15.4,0.19,3.71
WR added to scheme scoring,2022,8,Hunter Henry,TE,6.81,6.91,3.2,0.1,3.71
WR added to scheme scoring,2023,7,Stefon Diggs,WR,21.4,21.5,17.8,0.1,3.7
WR added to scheme scoring,2024,11,T.J. Hockenson,TE,7.1,7.0,3.3,-0.1,3.7
WR added to scheme scoring,2025,4,Jaylen Waddle,WR,12.27,11.5,7.8,-0.77,3.7
WR added to scheme scoring,2022,7,Brandon Aiyuk,WR,11.5,11.5,15.2,0.0,3.7
WR added to scheme scoring,2024,15,Puka Nacua,WR,13.81,14.1,17.8,0.29,3.7
WR added to scheme scoring,2025,3,Jaylen Waddle,WR,11.12,11.21,14.9,0.09,3.69
WR added to scheme scoring,2022,5,Garrett Wilson,WR,9.48,9.39,5.7,-0.09,3.69
WR added to scheme scoring,2023,15,Justin Jefferson,WR,19.38,19.09,15.4,-0.29,3.69
WR added to scheme scoring,2023,10,DJ Moore,WR,14.86,14.58,10.9,-0.28,3.68
WR added to scheme scoring,2025,11,Rome Odunze,WR,10.44,9.77,6.1,-0.67,3.67
WR added to scheme scoring,2022,11,Elijah Moore,WR,7.37,7.37,3.7,0.0,3.67
WR added to scheme scoring,2023,6,Garrett Wilson,WR,13.33,13.33,17.0,0.0,3.67
WR added to scheme scoring,2025,5,Cooper Kupp,WR,8.04,8.23,11.9,0.19,3.67
WR added to scheme scoring,2025,14,Andrei Iosivas,WR,7.27,7.37,3.7,0.1,3.67
WR added to scheme scoring,2022,16,Robert Tonyan,TE,6.05,5.96,2.3,-0.09,3.66
WR added to scheme scoring,2022,10,Zach Ertz,TE,5.86,5.86,2.2,0.0,3.66
WR added to scheme scoring,2024,16,Isaiah Likely,TE,8.24,8.24,11.9,0.0,3.66
WR added to scheme scoring,2022,7,Allen Lazard,WR,15.92,15.15,11.5,-0.77,3.65
WR added to scheme scoring,2023,16,Tyreek Hill,WR,15.06,15.25,18.9,0.19,3.65
WR added to scheme scoring,2023,14,Tyler Boyd,WR,7.08,7.95,4.3,0.87,3.65
WR added to scheme scoring,2022,11,A.J. Brown,WR,12.56,12.65,9.0,0.09,3.65
WR added to scheme scoring,2025,10,Tyler Higbee,TE,9.38,9.95,6.3,0.57,3.65
WR added to scheme scoring,2025,8,Pat Freiermuth,TE,7.86,7.95,4.3,0.09,3.65
WR added to scheme scoring,2025,11,Puka Nacua,WR,18.04,17.94,14.3,-0.1,3.64
WR added to scheme scoring,2022,3,Dawson Knox,TE,9.57,10.14,6.5,0.57,3.64
WR added to scheme scoring,2022,11,Michael Pittman,WR,10.06,9.87,13.5,-0.19,3.63
WR added to scheme scoring,2024,15,Pat Freiermuth,TE,7.29,7.57,11.2,0.28,3.63
WR added to scheme scoring,2023,18,DJ Chark,WR,8.14,8.23,4.6,0.09,3.63
WR added to scheme scoring,2023,4,Evan Engram,TE,9.38,9.28,12.9,-0.1,3.62
WR added to scheme scoring,2025,4,Davante Adams,WR,11.69,11.98,15.6,0.29,3.62
WR added to scheme scoring,2025,4,Keon Coleman,WR,12.37,11.12,7.5,-1.25,3.62
WR added to scheme scoring,2025,5,Dalton Schultz,TE,7.38,7.38,11.0,0.0,3.62
WR added to scheme scoring,2024,5,Jake Ferguson,TE,9.38,9.38,13.0,0.0,3.62
WR added to scheme scoring,2022,16,Tyler Boyd,WR,8.33,8.71,5.1,0.38,3.61
WR added to scheme scoring,2022,11,Amon-Ra St. Brown,WR,10.73,11.4,15.0,0.67,3.6
WR added to scheme scoring,2024,17,Khalil Shakir,WR,8.91,9.1,5.5,0.19,3.6
WR added to scheme scoring,2025,4,Justin Jefferson,WR,19.67,19.0,22.6,-0.67,3.6
WR added to scheme scoring,2023,3,DeAndre Hopkins,WR,11.12,11.4,7.8,0.28,3.6
WR added to scheme scoring,2024,13,Dallas Goedert,TE,8.52,8.9,12.5,0.38,3.6
WR added to scheme scoring,2024,13,Zach Ertz,TE,8.9,8.9,12.5,0.0,3.6
WR added to scheme scoring,2025,13,Oronde Gadsden II,TE,7.38,7.29,3.7,-0.09,3.59
WR added to scheme scoring,2024,18,Jauan Jennings,WR,8.43,8.62,12.2,0.19,3.58
WR added to scheme scoring,2025,3,Emeka Egbuka,WR,11.89,10.92,14.5,-0.97,3.58
WR added to scheme scoring,2025,10,Dalton Kincaid,TE,9.57,9.28,5.7,-0.29,3.58
WR added to scheme scoring,2025,8,Matthew Golden,WR,7.18,6.98,3.4,-0.2,3.58
WR added to scheme scoring,2022,5,JuJu Smith-Schuster,WR,9.96,9.87,6.3,-0.09,3.57
WR added to scheme scoring,2023,8,Calvin Ridley,WR,10.83,10.73,14.3,-0.1,3.57
WR added to scheme scoring,2024,5,Keenan Allen,WR,9.77,9.87,6.3,0.1,3.57
WR added to scheme scoring,2024,12,George Pickens,WR,12.27,12.37,8.8,0.1,3.57
WR added to scheme scoring,2024,17,Nico Collins,WR,12.46,12.46,8.9,0.0,3.56
WR added to scheme scoring,2025,13,Michael Wilson,WR,10.16,10.16,6.6,0.0,3.56
WR added to scheme scoring,2022,11,Parris Campbell,WR,8.23,8.14,11.7,-0.09,3.56
WR added to scheme scoring,2024,7,Michael Pittman,WR,13.33,12.85,9.3,-0.48,3.55
WR added to scheme scoring,2023,11,Ja'Marr Chase,WR,12.46,12.75,9.2,0.29,3.55
WR added to scheme scoring,2023,10,Michael Pittman,WR,13.13,12.85,16.4,-0.28,3.55
WR added to scheme scoring,2025,18,Kayshon Boutte,WR,7.85,7.95,4.4,0.1,3.55
WR added to scheme scoring,2025,5,Harold Fannin Jr.,TE,7.76,7.76,11.3,0.0,3.54
WR added to scheme scoring,2023,7,Jayden Reed,WR,7.18,7.56,11.1,0.38,3.54
WR added to scheme scoring,2024,14,Drake London,WR,15.83,15.54,12.0,-0.29,3.54
WR added to scheme scoring,2023,17,Nico Collins,WR,12.17,12.17,15.7,0.0,3.53
WR added to scheme scoring,2024,18,Ja'Marr Chase,WR,21.88,22.07,25.6,0.19,3.53
WR added to scheme scoring,2022,17,Garrett Wilson,WR,8.04,8.33,4.8,0.29,3.53
WR added to scheme scoring,2022,10,Tyler Lockett,WR,9.67,9.67,13.2,0.0,3.53
WR added to scheme scoring,2022,10,Allen Lazard,WR,10.92,11.02,7.5,0.1,3.52
WR added to scheme scoring,2022,12,Tyreek Hill,WR,18.13,18.52,15.0,0.39,3.52
WR added to scheme scoring,2023,5,Michael Pittman,WR,13.81,13.71,10.2,-0.1,3.51
WR added to scheme scoring,2024,17,A.J. Brown,WR,16.21,16.11,12.6,-0.1,3.51
WR added to scheme scoring,2023,13,Jaylen Waddle,WR,14.86,13.71,10.2,-1.15,3.51
WR added to scheme scoring,2025,9,Travis Kelce,TE,9.0,9.09,12.6,0.09,3.51
WR added to scheme scoring,2025,18,Tetairoa McMillan,WR,8.91,9.0,12.5,0.09,3.5
WR added to scheme scoring,2025,3,Quentin Johnston,WR,11.12,11.4,14.9,0.28,3.5
WR added to scheme scoring,2025,15,Brenton Strange,TE,7.19,7.1,3.6,-0.09,3.5
WR added to scheme scoring,2024,12,Tucker Kraft,TE,7.1,7.1,10.6,0.0,3.5
WR added to scheme scoring,2024,3,Davante Adams,WR,11.6,11.5,8.0,-0.1,3.5
WR added to scheme scoring,2025,3,Ladd McConkey,WR,12.75,11.6,8.1,-1.15,3.5
WR added to scheme scoring,2022,8,Cade Otton,TE,6.91,7.0,3.5,0.09,3.5
WR added to scheme scoring,2024,13,Drake London,WR,13.9,13.81,17.3,-0.09,3.49
WR added to scheme scoring,2023,5,Jaylen Waddle,WR,10.35,11.02,14.5,0.67,3.48
WR added to scheme scoring,2025,14,Keon Coleman,WR,6.98,7.08,3.6,0.1,3.48
WR added to scheme scoring,2024,9,Brian Thomas Jr.,WR,9.48,9.67,6.2,0.19,3.47
WR added to scheme scoring,2025,14,Josh Downs,WR,9.1,9.77,6.3,0.67,3.47
WR added to scheme scoring,2025,9,Chris Olave,WR,11.98,12.17,8.7,0.19,3.47
WR added to scheme scoring,2025,14,Cooper Kupp,WR,7.95,8.04,11.5,0.09,3.46
WR added to scheme scoring,2025,6,A.J. Brown,WR,10.44,10.54,14.0,0.1,3.46
WR added to scheme scoring,2022,16,Romeo Doubs,WR,9.87,10.06,6.6,0.19,3.46
WR added to scheme scoring,2025,13,Ladd McConkey,WR,10.25,10.44,13.9,0.19,3.46
WR added to scheme scoring,2025,4,Mark Andrews,TE,13.46,13.46,10.0,0.0,3.46
WR added to scheme scoring,2024,9,Amon-Ra St. Brown,WR,14.96,15.15,18.6,0.19,3.45
WR added to scheme scoring,2025,4,Harold Fannin Jr.,TE,7.95,7.95,4.5,0.0,3.45
WR added to scheme scoring,2024,13,Jordan Addison,WR,12.56,12.85,9.4,0.29,3.45
WR added to scheme scoring,2023,15,Pat Freiermuth,TE,8.33,8.05,4.6,-0.28,3.45
WR added to scheme scoring,2023,16,Tyler Lockett,WR,12.94,12.65,16.1,-0.29,3.45
WR added to scheme scoring,2025,12,Romeo Doubs,WR,7.85,7.75,4.3,-0.1,3.45
WR added to scheme scoring,2024,17,Jauan Jennings,WR,10.25,10.25,13.7,0.0,3.45
WR added to scheme scoring,2022,10,DJ Moore,WR,10.73,10.35,6.9,-0.38,3.45
WR added to scheme scoring,2024,4,Cole Kmet,TE,9.57,9.85,6.4,0.28,3.45
WR added to scheme scoring,2024,5,Tre Tucker,WR,7.75,8.04,4.6,0.29,3.44
WR added to scheme scoring,2025,17,Mike Gesicki,TE,10.33,10.14,6.7,-0.19,3.44
WR added to scheme scoring,2022,5,Ja'Marr Chase,WR,15.25,15.44,12.0,0.19,3.44
WR added to scheme scoring,2023,10,Rashid Shaheed,WR,11.12,10.83,7.4,-0.29,3.43
WR added to scheme scoring,2024,4,Justin Jefferson,WR,16.79,17.07,20.5,0.28,3.43
WR added to scheme scoring,2022,10,DK Metcalf,WR,9.48,9.67,13.1,0.19,3.43
WR added to scheme scoring,2022,3,Sterling Shepard,WR,13.33,13.33,9.9,0.0,3.43
WR added to scheme scoring,2023,3,Darren Waller,TE,8.52,8.43,5.0,-0.09,3.43
WR added to scheme scoring,2024,17,Marvin Harrison Jr.,WR,12.17,12.17,15.6,0.0,3.43
WR added to scheme scoring,2022,8,Michael Pittman,WR,15.73,15.73,12.3,0.0,3.43
WR added to scheme scoring,2024,5,Zach Ertz,TE,6.53,6.43,3.0,-0.1,3.43
WR added to scheme scoring,2023,11,Tyler Lockett,WR,13.33,13.52,10.1,0.19,3.42
WR added to scheme scoring,2024,9,Keenan Allen,WR,11.02,11.02,7.6,0.0,3.42
WR added to scheme scoring,2024,8,Mark Andrews,TE,11.18,11.18,14.6,0.0,3.42
WR added to scheme scoring,2024,15,Adam Thielen,WR,13.04,13.52,10.1,0.48,3.42
WR added to scheme scoring,2024,17,Brock Bowers,TE,11.56,11.18,14.6,-0.38,3.42
WR added to scheme scoring,2023,8,Jerry Jeudy,WR,9.87,9.58,13.0,-0.29,3.42
WR added to scheme scoring,2025,12,Xavier Legette,WR,8.62,8.62,5.2,0.0,3.42
WR added to scheme scoring,2022,15,Van Jefferson,WR,8.62,8.62,5.2,0.0,3.42
WR added to scheme scoring,2024,10,Rome Odunze,WR,8.43,8.71,5.3,0.28,3.41
WR added to scheme scoring,2024,17,Jalen Coker,WR,8.91,8.91,5.5,0.0,3.41
WR added to scheme scoring,2022,18,Ja'Marr Chase,WR,18.9,19.19,22.6,0.29,3.41
WR added to scheme scoring,2024,7,Tyler Conklin,TE,7.38,7.29,10.7,-0.09,3.41
WR added to scheme scoring,2022,6,Tyler Boyd,WR,8.81,9.19,12.6,0.38,3.41
WR added to scheme scoring,2023,4,Jahan Dotson,WR,9.48,9.29,12.7,-0.19,3.41
WR added to scheme scoring,2023,8,Josh Palmer,WR,9.0,8.81,5.4,-0.19,3.41
WR added to scheme scoring,2023,4,Noah Gray,TE,6.91,7.0,10.4,0.09,3.4
WR added to scheme scoring,2024,10,Cooper Kupp,WR,12.08,11.6,15.0,-0.48,3.4
WR added to scheme scoring,2024,9,Malik Nabers,WR,11.31,11.5,14.9,0.19,3.4
WR added to scheme scoring,2022,5,DJ Moore,WR,14.0,14.1,10.7,0.1,3.4
WR added to scheme scoring,2023,12,Travis Kelce,TE,18.88,18.5,15.1,-0.38,3.4
WR added to scheme scoring,2022,15,Mike Williams,WR,14.96,14.1,10.7,-0.86,3.4
WR added to scheme scoring,2022,15,Jerry Jeudy,WR,11.12,11.21,14.6,0.09,3.39
WR added to scheme scoring,2025,4,Rome Odunze,WR,13.62,13.52,16.9,-0.1,3.38
WR added to scheme scoring,2023,8,Curtis Samuel,WR,9.1,9.58,6.2,0.48,3.38
WR added to scheme scoring,2022,14,Elijah Moore,WR,8.52,8.62,12.0,0.1,3.38
WR added to scheme scoring,2024,11,George Pickens,WR,14.29,13.52,16.9,-0.77,3.38
WR added to scheme scoring,2024,13,Marvin Harrison Jr.,WR,13.62,13.62,17.0,0.0,3.38
WR added to scheme scoring,2024,14,DK Metcalf,WR,11.69,12.27,8.9,0.58,3.37
WR added to scheme scoring,2023,15,Stefon Diggs,WR,11.98,12.17,8.8,0.19,3.37
WR added to scheme scoring,2023,5,Stefon Diggs,WR,21.11,20.73,24.1,-0.38,3.37
WR added to scheme scoring,2022,16,Darren Waller,TE,6.34,6.43,9.8,0.09,3.37
WR added to scheme scoring,2025,16,Mike Evans,WR,10.64,10.73,14.1,0.09,3.37
WR added to scheme scoring,2025,10,Christian Watson,WR,10.16,9.87,6.5,-0.29,3.37
WR added to scheme scoring,2023,14,A.J. Brown,WR,13.04,13.04,16.4,0.0,3.36
WR added to scheme scoring,2024,11,DeVonta Smith,WR,10.06,10.25,6.9,0.19,3.35
WR added to scheme scoring,2022,14,DeVante Parker,WR,7.66,7.75,4.4,0.09,3.35
WR added to scheme scoring,2023,11,Tyler Higbee,TE,5.86,6.05,2.7,0.19,3.35
WR added to scheme scoring,2025,12,Travis Kelce,TE,11.37,11.75,8.4,0.38,3.35
WR added to scheme scoring,2022,7,Donovan Peoples-Jones,WR,7.75,7.75,11.1,0.0,3.35
WR added to scheme scoring,2024,5,Josh Downs,WR,13.52,12.56,15.9,-0.96,3.34
WR added to scheme scoring,2022,9,Marcedes Lewis,TE,6.34,6.24,2.9,-0.1,3.34
WR added to scheme scoring,2025,3,Zach Ertz,TE,10.14,10.14,6.8,0.0,3.34
WR added to scheme scoring,2025,16,Michael Pittman,WR,10.25,10.54,7.2,0.29,3.34
WR added to scheme scoring,2023,18,Isaiah Likely,TE,7.76,7.76,11.1,0.0,3.34
WR added to scheme scoring,2024,13,Amon-Ra St. Brown,WR,15.73,15.63,12.3,-0.1,3.33
WR added to scheme scoring,2022,8,Cooper Kupp,WR,20.44,19.57,22.9,-0.87,3.33
WR added to scheme scoring,2022,3,Adam Thielen,WR,14.58,14.77,18.1,0.19,3.33
WR added to scheme scoring,2022,14,DK Metcalf,WR,15.15,14.77,18.1,-0.38,3.33
WR added to scheme scoring,2022,8,Juwan Johnson,TE,6.81,6.72,3.4,-0.09,3.32
WR added to scheme scoring,2023,17,Rashee Rice,WR,14.67,14.38,17.7,-0.29,3.32
WR added to scheme scoring,2023,10,Adam Thielen,WR,12.65,13.52,10.2,0.87,3.32
WR added to scheme scoring,2024,5,Tyreek Hill,WR,9.29,9.58,12.9,0.29,3.32
WR added to scheme scoring,2022,8,Tyler Lockett,WR,11.79,11.98,15.3,0.19,3.32
WR added to scheme scoring,2025,7,Marvin Harrison Jr.,WR,11.12,11.12,7.8,0.0,3.32
WR added to scheme scoring,2025,7,Zach Ertz,TE,9.38,9.38,12.7,0.0,3.32
WR added to scheme scoring,2024,3,Josh Reynolds,WR,9.39,8.91,5.6,-0.48,3.31
WR added to scheme scoring,2022,10,Courtland Sutton,WR,9.48,9.29,12.6,-0.19,3.31
WR added to scheme scoring,2022,8,Dallas Goedert,TE,9.28,9.09,12.4,-0.19,3.31
WR added to scheme scoring,2024,5,George Pickens,WR,9.0,8.91,5.6,-0.09,3.31
WR added to scheme scoring,2023,17,Jake Ferguson,TE,10.8,10.61,7.3,-0.19,3.31
WR added to scheme scoring,2022,4,Robbie Chosen,WR,8.91,8.91,5.6,0.0,3.31
WR added to scheme scoring,2023,8,Van Jefferson,WR,8.62,8.71,5.4,0.09,3.31
WR added to scheme scoring,2024,8,Deebo Samuel Sr.,WR,9.29,9.29,12.6,0.0,3.31
WR added to scheme scoring,2023,11,Rashee Rice,WR,11.69,11.5,8.2,-0.19,3.3
WR added to scheme scoring,2024,17,Darnell Mooney,WR,8.91,9.0,5.7,0.09,3.3
WR added to scheme scoring,2024,13,Puka Nacua,WR,14.29,14.0,17.3,-0.29,3.3
WR added to scheme scoring,2025,10,Isaiah Likely,TE,7.0,7.0,3.7,0.0,3.3
WR added to scheme scoring,2023,3,DK Metcalf,WR,13.81,13.9,17.2,0.09,3.3
WR added to scheme scoring,2024,15,Trey McBride,TE,14.41,14.41,17.7,0.0,3.29
WR added to scheme scoring,2022,9,Jaylen Waddle,WR,16.11,16.21,19.5,0.1,3.29
WR added to scheme scoring,2022,5,Tyler Higbee,TE,15.55,14.89,11.6,-0.66,3.29
WR added to scheme scoring,2025,16,Josh Downs,WR,9.48,8.52,11.8,-0.96,3.28
WR added to scheme scoring,2023,13,Chris Olave,WR,13.71,13.62,16.9,-0.09,3.28
WR added to scheme scoring,2024,3,Jaylen Waddle,WR,10.06,9.87,6.6,-0.19,3.27
WR added to scheme scoring,2022,5,Hunter Renfrow,WR,9.67,9.77,6.5,0.1,3.27
WR added to scheme scoring,2023,14,Jaxon Smith-Njigba,WR,9.19,9.77,6.5,0.58,3.27
WR added to scheme scoring,2022,3,Tyler Lockett,WR,13.33,13.33,16.6,0.0,3.27
WR added to scheme scoring,2025,3,Trey McBride,TE,12.04,12.04,15.3,0.0,3.26
WR added to scheme scoring,2025,9,Tre Tucker,WR,10.92,10.06,6.8,-0.86,3.26
WR added to scheme scoring,2023,5,Zay Jones,WR,7.75,8.04,11.3,0.29,3.26
WR added to scheme scoring,2025,9,AJ Barner,TE,8.52,8.24,11.5,-0.28,3.26
WR added to scheme scoring,2022,3,Josh Palmer,WR,12.56,12.65,15.9,0.09,3.25
WR added to scheme scoring,2022,4,A.J. Brown,WR,17.07,17.75,14.5,0.68,3.25
WR added to scheme scoring,2022,14,George Kittle,TE,10.04,10.04,6.8,0.0,3.24
WR added to scheme scoring,2024,15,Jaxon Smith-Njigba,WR,15.06,15.06,18.3,0.0,3.24
WR added to scheme scoring,2022,8,Mike Evans,WR,14.96,15.06,18.3,0.1,3.24
WR added to scheme scoring,2024,13,Tee Higgins,WR,14.67,14.67,17.9,0.0,3.23
WR added to scheme scoring,2024,10,Amon-Ra St. Brown,WR,14.67,14.77,18.0,0.1,3.23
WR added to scheme scoring,2025,14,Trey McBride,TE,14.03,14.03,10.8,0.0,3.23
WR added to scheme scoring,2022,18,Tyler Lockett,WR,12.37,12.17,15.4,-0.2,3.23
WR added to scheme scoring,2023,5,Jonnu Smith,TE,7.48,7.48,10.7,0.0,3.22
WR added to scheme scoring,2024,9,Tyler Lockett,WR,12.37,12.08,15.3,-0.29,3.22
WR added to scheme scoring,2022,18,Jaylen Waddle,WR,11.98,13.52,10.3,1.54,3.22
WR added to scheme scoring,2022,6,Cameron Brate,TE,6.53,6.62,3.4,0.09,3.22
WR added to scheme scoring,2024,17,Amon-Ra St. Brown,WR,16.5,16.79,20.0,0.29,3.21
WR added to scheme scoring,2023,6,DJ Chark,WR,8.43,8.81,5.6,0.38,3.21
WR added to scheme scoring,2024,16,Sam LaPorta,TE,12.13,11.09,14.3,-1.04,3.21
WR added to scheme scoring,2023,5,Zay Flowers,WR,9.1,9.1,12.3,0.0,3.2
WR added to scheme scoring,2024,16,Ladd McConkey,WR,11.6,11.5,14.7,-0.1,3.2
WR added to scheme scoring,2025,8,George Pickens,WR,11.21,11.6,14.8,0.39,3.2
WR added to scheme scoring,2023,6,Courtland Sutton,WR,10.44,11.4,14.6,0.96,3.2
WR added to scheme scoring,2025,14,Courtland Sutton,WR,9.19,9.0,12.2,-0.19,3.2
WR added to scheme scoring,2023,9,Gerald Everett,TE,7.1,7.0,3.8,-0.1,3.2
WR added to scheme scoring,2024,7,Travis Kelce,TE,9.0,8.9,5.7,-0.1,3.2
WR added to scheme scoring,2023,18,Tyler Lockett,WR,13.52,13.9,17.1,0.38,3.2
WR added to scheme scoring,2025,18,DeVonta Smith,WR,11.98,11.4,8.2,-0.58,3.2
WR added to scheme scoring,2024,5,Diontae Johnson,WR,9.1,9.1,5.9,0.0,3.2
WR added to scheme scoring,2023,13,A.J. Brown,WR,16.31,16.21,19.4,-0.1,3.19
WR added to scheme scoring,2022,10,George Pickens,WR,11.31,11.31,14.5,0.0,3.19
WR added to scheme scoring,2024,6,Rome Odunze,WR,9.77,9.19,6.0,-0.58,3.19
WR added to scheme scoring,2025,9,Kyle Pitts,TE,10.99,10.99,7.8,0.0,3.19
WR added to scheme scoring,2024,15,Josh Downs,WR,9.29,9.39,6.2,0.1,3.19
WR added to scheme scoring,2023,7,Dawson Knox,TE,7.67,7.19,4.0,-0.48,3.19
WR added to scheme scoring,2025,14,Michael Pittman,WR,13.71,13.71,16.9,0.0,3.19
WR added to scheme scoring,2025,17,Hunter Henry,TE,11.09,10.71,13.9,-0.38,3.19
WR added to scheme scoring,2024,15,Jake Ferguson,TE,7.19,7.48,4.3,0.29,3.18
WR added to scheme scoring,2022,4,Mike Gesicki,TE,7.67,7.48,4.3,-0.19,3.18
WR added to scheme scoring,2024,5,Jayden Reed,WR,15.73,16.88,13.7,1.15,3.18
WR added to scheme scoring,2023,8,Christian Watson,WR,9.87,9.48,6.3,-0.39,3.18
WR added to scheme scoring,2024,12,CeeDee Lamb,WR,13.33,13.62,16.8,0.29,3.18
WR added to scheme scoring,2025,11,Drake London,WR,15.34,15.73,18.9,0.39,3.17
WR added to scheme scoring,2022,15,Jakobi Meyers,WR,10.06,9.87,6.7,-0.19,3.17
WR added to scheme scoring,2022,17,Jahan Dotson,WR,9.87,9.87,6.7,0.0,3.17
WR added to scheme scoring,2022,6,Donovan Peoples-Jones,WR,8.43,8.43,11.6,0.0,3.17
WR added to scheme scoring,2025,16,DeVonta Smith,WR,13.42,13.04,16.2,-0.38,3.16
WR added to scheme scoring,2022,8,Christian Kirk,WR,9.77,10.16,7.0,0.39,3.16
WR added to scheme scoring,2024,11,Brian Thomas Jr.,WR,10.06,10.44,13.6,0.38,3.16
WR added to scheme scoring,2024,10,Tyreek Hill,WR,15.15,14.86,11.7,-0.29,3.16
WR added to scheme scoring,2022,14,Christian Kirk,WR,12.56,12.65,9.5,0.09,3.15
WR added to scheme scoring,2023,16,Tyler Boyd,WR,7.75,7.75,10.9,0.0,3.15
WR added to scheme scoring,2023,12,Ja'Marr Chase,WR,15.34,15.25,12.1,-0.09,3.15
WR added to scheme scoring,2024,17,Davante Adams,WR,13.04,12.85,9.7,-0.19,3.15
WR added to scheme scoring,2024,17,DK Metcalf,WR,10.44,10.35,7.2,-0.09,3.15
WR added to scheme scoring,2022,17,Hunter Renfrow,WR,8.43,8.04,4.9,-0.39,3.14
WR added to scheme scoring,2023,10,George Pickens,WR,10.16,10.64,7.5,0.48,3.14
WR added to scheme scoring,2025,11,Rashee Rice,WR,12.85,12.94,9.8,0.09,3.14
WR added to scheme scoring,2023,4,Darren Waller,TE,7.95,8.24,5.1,0.29,3.14
WR added to scheme scoring,2024,6,Jayden Reed,WR,17.65,17.94,14.8,0.29,3.14
WR added to scheme scoring,2023,11,Evan Engram,TE,10.04,10.04,6.9,0.0,3.14
WR added to scheme scoring,2024,9,Keon Coleman,WR,9.0,8.23,5.1,-0.77,3.13
WR added to scheme scoring,2023,9,Foster Moreau,TE,6.81,6.43,3.3,-0.38,3.13
WR added to scheme scoring,2025,11,Tee Higgins,WR,12.46,12.17,15.3,-0.29,3.13
WR added to scheme scoring,2023,10,Jake Ferguson,TE,9.38,9.47,12.6,0.09,3.13
WR added to scheme scoring,2024,7,Ja'Marr Chase,WR,20.44,20.73,17.6,0.29,3.13
WR added to scheme scoring,2023,11,David Njoku,TE,9.47,9.47,12.6,0.0,3.13
WR added to scheme scoring,2025,11,CeeDee Lamb,WR,14.86,14.48,17.6,-0.38,3.12
WR added to scheme scoring,2024,17,George Pickens,WR,10.44,11.12,8.0,0.68,3.12
WR added to scheme scoring,2023,15,Puka Nacua,WR,14.77,13.42,10.3,-1.35,3.12
WR added to scheme scoring,2025,6,Romeo Doubs,WR,12.75,13.62,10.5,0.87,3.12
WR added to scheme scoring,2022,16,Michael Pittman,WR,10.83,11.02,7.9,0.19,3.12
WR added to scheme scoring,2025,6,Cade Otton,TE,6.91,7.0,10.1,0.09,3.1
WR added to scheme scoring,2023,9,DK Metcalf,WR,9.0,9.1,6.0,0.1,3.1
WR added to scheme scoring,2023,5,Jahan Dotson,WR,9.0,9.1,6.0,0.1,3.1
WR added to scheme scoring,2024,13,DeMario Douglas,WR,8.43,9.1,6.0,0.67,3.1
WR added to scheme scoring,2025,13,Colston Loveland,TE,8.05,8.9,5.8,0.85,3.1
WR added to scheme scoring,2025,15,Theo Johnson,TE,7.19,7.1,10.2,-0.09,3.1
WR added to scheme scoring,2024,5,Demarcus Robinson,WR,8.71,8.71,11.8,0.0,3.09
WR added to scheme scoring,2025,16,Tyler Warren,TE,8.81,9.09,6.0,0.28,3.09
WR added to scheme scoring,2022,7,Zach Ertz,TE,9.19,9.19,6.1,0.0,3.09
WR added to scheme scoring,2024,15,Ladd McConkey,WR,13.9,13.71,16.8,-0.19,3.09
WR added to scheme scoring,2022,17,Noah Fant,TE,9.0,9.09,6.0,0.09,3.09
WR added to scheme scoring,2022,12,DeVante Parker,WR,10.25,8.91,12.0,-1.34,3.09
WR added to scheme scoring,2025,13,Romeo Doubs,WR,9.0,8.91,12.0,-0.09,3.09
WR added to scheme scoring,2024,5,CeeDee Lamb,WR,15.25,14.48,11.4,-0.77,3.08
WR added to scheme scoring,2024,3,Tucker Kraft,TE,7.38,7.48,4.4,0.1,3.08
WR added to scheme scoring,2024,8,Malik Nabers,WR,10.73,11.02,14.1,0.29,3.08
WR added to scheme scoring,2023,14,Cole Kmet,TE,8.9,8.52,11.6,-0.38,3.08
WR added to scheme scoring,2022,12,Brandon Aiyuk,WR,14.38,14.58,11.5,0.2,3.08
WR added to scheme scoring,2023,6,Ja'Marr Chase,WR,17.07,17.07,14.0,0.0,3.07
WR added to scheme scoring,2022,16,A.J. Brown,WR,13.23,13.23,16.3,0.0,3.07
WR added to scheme scoring,2022,5,Hunter Henry,TE,6.53,6.34,9.4,-0.19,3.06
WR added to scheme scoring,2025,6,Kyle Pitts,TE,7.67,7.86,4.8,0.19,3.06
WR added to scheme scoring,2023,15,Michael Pittman,WR,14.86,14.86,11.8,0.0,3.06
WR added to scheme scoring,2024,17,Ja'Marr Chase,WR,22.74,22.26,19.2,-0.48,3.06
WR added to scheme scoring,2024,17,Pat Freiermuth,TE,7.95,7.95,11.0,0.0,3.05
WR added to scheme scoring,2024,5,Gabe Davis,WR,8.23,7.85,4.8,-0.38,3.05
WR added to scheme scoring,2023,11,Sam LaPorta,TE,10.14,9.85,6.8,-0.29,3.05
WR added to scheme scoring,2025,11,Dalton Schultz,TE,8.05,8.05,11.1,0.0,3.05
WR added to scheme scoring,2023,11,DeVonta Smith,WR,12.37,12.85,15.9,0.48,3.05
WR added to scheme scoring,2022,10,Josh Palmer,WR,10.54,10.44,7.4,-0.1,3.04
WR added to scheme scoring,2022,16,Josh Reynolds,WR,8.23,8.14,5.1,-0.09,3.04
WR added to scheme scoring,2025,3,David Njoku,TE,12.04,12.04,9.0,0.0,3.04
WR added to scheme scoring,2022,15,Donovan Peoples-Jones,WR,10.06,10.06,13.1,0.0,3.04
WR added to scheme scoring,2024,5,Jakobi Meyers,WR,9.48,10.16,13.2,0.68,3.04
WR added to scheme scoring,2023,9,Trey McBride,TE,8.24,8.24,5.2,0.0,3.04
WR added to scheme scoring,2023,9,Logan Thomas,TE,10.9,10.14,7.1,-0.76,3.04
WR added to scheme scoring,2023,12,Chris Godwin Jr.,WR,11.21,10.54,7.5,-0.67,3.04
WR added to scheme scoring,2022,18,Brandon Aiyuk,WR,12.56,12.94,9.9,0.38,3.04
WR added to scheme scoring,2023,8,Darnell Mooney,WR,8.71,8.43,5.4,-0.28,3.03
WR added to scheme scoring,2025,3,George Pickens,WR,14.29,14.77,17.8,0.48,3.03
WR added to scheme scoring,2022,6,Irv Smith,TE,7.86,7.67,10.7,-0.19,3.03
WR added to scheme scoring,2025,4,DJ Moore,WR,10.92,10.83,7.8,-0.09,3.03
WR added to scheme scoring,2023,11,Tyler Boyd,WR,8.23,8.23,5.2,0.0,3.03
WR added to scheme scoring,2024,8,Brian Thomas Jr.,WR,11.89,11.98,15.0,0.09,3.02
WR added to scheme scoring,2023,15,Ja'Marr Chase,WR,13.33,13.42,10.4,0.09,3.02
WR added to scheme scoring,2023,3,Michael Wilson,WR,13.62,13.62,10.6,0.0,3.02
WR added to scheme scoring,2023,14,DK Metcalf,WR,16.31,16.21,13.2,-0.1,3.01
WR added to scheme scoring,2023,18,Colby Parkinson,TE,6.81,6.81,3.8,0.0,3.01
WR added to scheme scoring,2024,3,Chris Godwin Jr.,WR,14.19,14.29,17.3,0.1,3.01
WR added to scheme scoring,2023,17,Romeo Doubs,WR,8.71,8.81,5.8,0.1,3.01
WR added to scheme scoring,2025,17,Jake Ferguson,TE,10.9,10.61,7.6,-0.29,3.01
WR added to scheme scoring,2024,4,Demarcus Robinson,WR,8.23,8.71,5.7,0.48,3.01
WR added to scheme scoring,2025,15,Jordan Addison,WR,12.37,11.6,8.6,-0.77,3.0
WR added to scheme scoring,2025,15,Jakobi Meyers,WR,9.0,9.1,12.1,0.1,3.0
WR added to scheme scoring,2024,9,CeeDee Lamb,WR,19.38,19.19,16.2,-0.19,2.99
WR added to scheme scoring,2022,14,Diontae Johnson,WR,11.21,11.21,14.2,0.0,2.99
WR added to scheme scoring,2025,4,Hunter Henry,TE,14.89,14.89,11.9,0.0,2.99
WR added to scheme scoring,2023,13,A.T. Perry,WR,6.98,6.98,4.0,0.0,2.98
WR added to scheme scoring,2023,10,Mark Andrews,TE,9.38,9.38,6.4,0.0,2.98
WR added to scheme scoring,2024,3,Greg Dortch,WR,9.48,9.48,6.5,0.0,2.98
WR added to scheme scoring,2022,16,Courtland Sutton,WR,9.39,8.43,11.4,-0.96,2.97
WR added to scheme scoring,2022,10,Marvin Jones,WR,7.37,7.27,4.3,-0.1,2.97
WR added to scheme scoring,2023,13,Chig Okonkwo,TE,6.72,6.43,9.4,-0.29,2.97
WR added to scheme scoring,2023,12,Josh Downs,WR,13.81,12.27,9.3,-1.54,2.97
WR added to scheme scoring,2023,8,George Pickens,WR,12.27,12.17,9.2,-0.1,2.97
WR added to scheme scoring,2024,8,Cooper Kupp,WR,13.04,13.13,16.1,0.09,2.97
WR added to scheme scoring,2023,11,Jahan Dotson,WR,8.43,8.33,11.3,-0.1,2.97
WR added to scheme scoring,2023,9,Mark Andrews,TE,14.03,14.03,17.0,0.0,2.97
WR added to scheme scoring,2025,14,Cade Otton,TE,7.95,7.86,4.9,-0.09,2.96
WR added to scheme scoring,2022,9,Travis Kelce,TE,18.4,17.64,20.6,-0.76,2.96
WR added to scheme scoring,2022,11,Brandon Aiyuk,WR,13.42,13.04,16.0,-0.38,2.96
WR added to scheme scoring,2022,10,Travis Kelce,TE,23.06,23.06,20.1,0.0,2.96
WR added to scheme scoring,2024,18,Olamide Zaccheaus,WR,9.96,10.06,7.1,0.1,2.96
WR added to scheme scoring,2025,13,DeVonta Smith,WR,12.94,12.75,9.8,-0.19,2.95
WR added to scheme scoring,2023,15,Dallas Goedert,TE,9.85,10.04,7.1,0.19,2.94
WR added to scheme scoring,2025,11,Jordan Addison,WR,12.65,12.94,10.0,0.29,2.94
WR added to scheme scoring,2022,11,Courtland Sutton,WR,9.0,10.06,13.0,1.06,2.94
WR added to scheme scoring,2024,8,Ja'Marr Chase,WR,16.88,17.46,20.4,0.58,2.94
WR added to scheme scoring,2024,10,Drake London,WR,14.77,14.77,17.7,0.0,2.93
WR added to scheme scoring,2022,13,Jauan Jennings,WR,8.23,8.33,5.4,0.1,2.93
WR added to scheme scoring,2025,5,Jordan Addison,WR,11.89,12.17,15.1,0.28,2.93
WR added to scheme scoring,2024,14,Mike Gesicki,TE,8.33,8.33,5.4,0.0,2.93
WR added to scheme scoring,2023,9,Tutu Atwell,WR,8.04,8.23,5.3,0.19,2.93
WR added to scheme scoring,2024,11,Quentin Johnston,WR,10.35,9.87,12.8,-0.48,2.93
WR added to scheme scoring,2022,18,Dalton Schultz,TE,10.23,10.23,7.3,0.0,2.93
WR added to scheme scoring,2025,4,Michael Pittman,WR,12.17,12.17,15.1,0.0,2.93
WR added to scheme scoring,2023,14,Courtland Sutton,WR,12.46,12.27,15.2,-0.19,2.93
WR added to scheme scoring,2024,6,Pat Freiermuth,TE,6.43,6.53,3.6,0.1,2.93
WR added to scheme scoring,2022,10,Mike Evans,WR,12.85,13.33,10.4,0.48,2.93
WR added to scheme scoring,2022,6,CeeDee Lamb,WR,9.77,9.77,12.7,0.0,2.93
WR added to scheme scoring,2022,9,Hunter Renfrow,WR,9.0,8.52,5.6,-0.48,2.92
WR added to scheme scoring,2024,18,Sam LaPorta,TE,15.55,16.22,13.3,0.67,2.92
WR added to scheme scoring,2025,12,Tyler Warren,TE,12.61,12.42,9.5,-0.19,2.92
WR added to scheme scoring,2025,15,Christian Watson,WR,8.91,8.81,5.9,-0.1,2.91
WR added to scheme scoring,2024,16,Rashod Bateman,WR,11.31,11.31,8.4,0.0,2.91
WR added to scheme scoring,2022,17,Hunter Henry,TE,7.38,7.29,10.2,-0.09,2.91
WR added to scheme scoring,2023,10,Kyle Pitts,TE,9.09,8.9,6.0,-0.19,2.9
WR added to scheme scoring,2024,4,DJ Moore,WR,15.92,14.1,11.2,-1.82,2.9
WR added to scheme scoring,2024,15,Drake London,WR,11.4,11.4,14.3,0.0,2.9
WR added to scheme scoring,2024,15,Tank Dell,WR,9.0,9.0,6.1,0.0,2.9
WR added to scheme scoring,2023,6,Mike Evans,WR,11.98,11.79,8.9,-0.19,2.89
WR added to scheme scoring,2023,7,Jahan Dotson,WR,6.31,6.41,9.3,0.1,2.89
WR added to scheme scoring,2023,11,Courtland Sutton,WR,13.71,13.71,16.6,0.0,2.89
WR added to scheme scoring,2022,4,Pat Freiermuth,TE,12.61,12.61,15.5,0.0,2.89
WR added to scheme scoring,2023,4,Dallas Goedert,TE,7.48,7.38,4.5,-0.1,2.88
WR added to scheme scoring,2025,5,Hunter Henry,TE,9.38,9.47,6.6,0.09,2.87
WR added to scheme scoring,2025,17,Colby Parkinson,TE,8.71,8.43,11.3,-0.28,2.87
WR added to scheme scoring,2024,15,Travis Kelce,TE,9.76,9.57,6.7,-0.19,2.87
WR added to scheme scoring,2024,5,Trey McBride,TE,8.43,8.43,11.3,0.0,2.87
WR added to scheme scoring,2022,9,Jakobi Meyers,WR,9.87,10.25,7.4,0.38,2.85
WR added to scheme scoring,2023,6,Cooper Kupp,WR,25.92,24.95,27.8,-0.97,2.85
WR added to scheme scoring,2023,14,Dalton Kincaid,TE,9.85,9.95,7.1,0.1,2.85
WR added to scheme scoring,2024,8,Jaxon Smith-Njigba,WR,11.31,10.06,12.9,-1.25,2.84
WR added to scheme scoring,2025,7,Hunter Henry,TE,10.04,10.14,7.3,0.1,2.84
WR added to scheme scoring,2025,14,DeVonta Smith,WR,10.35,10.54,7.7,0.19,2.84
WR added to scheme scoring,2025,13,Wan'Dale Robinson,WR,7.27,7.56,10.4,0.29,2.84
WR added to scheme scoring,2022,16,David Njoku,TE,6.24,6.24,3.4,0.0,2.84
WR added to scheme scoring,2022,7,Robert Woods,WR,8.81,8.43,5.6,-0.38,2.83
WR added to scheme scoring,2025,7,Jalen Nailor,WR,8.23,8.52,5.7,0.29,2.82
WR added to scheme scoring,2024,14,Will Dissly,TE,6.53,6.72,3.9,0.19,2.82
WR added to scheme scoring,2022,15,Tyreek Hill,WR,19.19,19.09,21.9,-0.1,2.81
WR added to scheme scoring,2025,8,Keenan Allen,WR,11.6,11.21,8.4,-0.39,2.81
WR added to scheme scoring,2024,15,Garrett Wilson,WR,12.17,11.79,14.6,-0.38,2.81
WR added to scheme scoring,2024,11,Deebo Samuel Sr.,WR,8.71,8.91,6.1,0.2,2.81
WR added to scheme scoring,2023,9,T.J. Hockenson,TE,11.28,11.09,13.9,-0.19,2.81
WR added to scheme scoring,2022,14,Hunter Henry,TE,7.0,7.19,10.0,0.19,2.81
WR added to scheme scoring,2022,10,Isaiah McKenzie,WR,6.6,6.7,9.5,0.1,2.8
WR added to scheme scoring,2023,4,Calvin Ridley,WR,8.62,9.0,11.8,0.38,2.8
WR added to scheme scoring,2025,10,DK Metcalf,WR,9.29,9.29,6.5,0.0,2.79
WR added to scheme scoring,2023,13,Amari Cooper,WR,9.19,9.19,6.4,0.0,2.79
WR added to scheme scoring,2024,11,A.J. Brown,WR,14.0,14.29,11.5,0.29,2.79
WR added to scheme scoring,2024,15,Noah Fant,TE,7.29,7.29,4.5,0.0,2.79
WR added to scheme scoring,2023,14,Puka Nacua,WR,11.02,11.21,14.0,0.19,2.79
WR added to scheme scoring,2023,9,Chris Olave,WR,13.81,13.81,16.6,0.0,2.79
WR added to scheme scoring,2024,4,Dallas Goedert,TE,9.85,10.42,13.2,0.57,2.78
WR added to scheme scoring,2023,7,Colby Parkinson,TE,7.48,7.38,4.6,-0.1,2.78
WR added to scheme scoring,2025,13,Jake Ferguson,TE,11.37,11.37,8.6,0.0,2.77
WR added to scheme scoring,2022,10,Chris Olave,WR,9.87,9.77,7.0,-0.1,2.77
WR added to scheme scoring,2024,11,CeeDee Lamb,WR,15.63,15.83,18.6,0.2,2.77
WR added to scheme scoring,2023,10,Amari Cooper,WR,13.04,13.04,15.8,0.0,2.76
WR added to scheme scoring,2023,3,Marquise Brown,WR,19.86,19.86,17.1,0.0,2.76
WR added to scheme scoring,2025,9,George Kittle,TE,9.19,9.66,6.9,0.47,2.76
WR added to scheme scoring,2025,18,Jameson Williams,WR,10.54,10.64,13.4,0.1,2.76
WR added to scheme scoring,2022,9,Chris Olave,WR,10.06,10.35,13.1,0.29,2.75
WR added to scheme scoring,2025,9,Trey McBride,TE,13.75,13.75,16.5,0.0,2.75
WR added to scheme scoring,2022,9,DeAndre Carter,WR,7.95,7.56,10.3,-0.39,2.74
WR added to scheme scoring,2022,14,Demarcus Robinson,WR,7.46,7.46,10.2,0.0,2.74
WR added to scheme scoring,2025,11,Mack Hollins,WR,7.18,7.66,10.4,0.48,2.74
WR added to scheme scoring,2024,6,Jauan Jennings,WR,8.43,8.43,5.7,0.0,2.73
WR added to scheme scoring,2023,13,Jayden Reed,WR,9.0,8.33,5.6,-0.67,2.73
WR added to scheme scoring,2025,17,Jordan Addison,WR,9.77,9.77,12.5,0.0,2.73
WR added to scheme scoring,2024,9,Jalen Coker,WR,8.43,8.33,5.6,-0.1,2.73
WR added to scheme scoring,2024,16,Jonnu Smith,TE,9.76,9.47,12.2,-0.29,2.73
WR added to scheme scoring,2024,16,Ray-Ray McCloud,WR,8.62,8.43,5.7,-0.19,2.73
WR added to scheme scoring,2023,18,Sam LaPorta,TE,10.99,11.18,13.9,0.19,2.72
WR added to scheme scoring,2022,14,Tyler Lockett,WR,14.38,14.29,17.0,-0.09,2.71
WR added to scheme scoring,2023,9,Nico Collins,WR,11.69,11.69,14.4,0.0,2.71
WR added to scheme scoring,2023,9,Dallas Goedert,TE,10.71,10.71,8.0,0.0,2.71
WR added to scheme scoring,2023,10,Romeo Doubs,WR,9.39,9.39,12.1,0.0,2.71
WR added to scheme scoring,2025,3,Kyle Pitts,TE,10.71,10.61,7.9,-0.1,2.71
WR added to scheme scoring,2023,13,Rashee Rice,WR,11.69,11.69,14.4,0.0,2.71
WR added to scheme scoring,2025,5,Davante Adams,WR,16.31,16.5,13.8,0.19,2.7
WR added to scheme scoring,2024,10,Jake Ferguson,TE,6.91,7.1,4.4,0.19,2.7
WR added to scheme scoring,2024,15,Cade Otton,TE,7.1,7.1,4.4,0.0,2.7
WR added to scheme scoring,2023,8,Romeo Doubs,WR,9.58,9.1,11.8,-0.48,2.7
WR added to scheme scoring,2023,12,DJ Chark,WR,9.29,9.1,6.4,-0.19,2.7
WR added to scheme scoring,2024,16,Michael Wilson,WR,9.1,9.1,6.4,0.0,2.7
WR added to scheme scoring,2023,18,Terry McLaurin,WR,9.19,8.91,11.6,-0.28,2.69
WR added to scheme scoring,2023,8,Kyle Pitts,TE,9.0,9.19,6.5,0.19,2.69
WR added to scheme scoring,2023,9,Romeo Doubs,WR,8.91,9.29,6.6,0.38,2.69
WR added to scheme scoring,2023,16,Rashee Rice,WR,14.19,14.38,11.7,0.19,2.68
WR added to scheme scoring,2025,14,Marquise Brown,WR,6.98,7.18,4.5,0.2,2.68
WR added to scheme scoring,2022,18,Mike Williams,WR,9.48,9.87,7.2,0.39,2.67
WR added to scheme scoring,2023,5,Evan Engram,TE,9.47,9.47,6.8,0.0,2.67
WR added to scheme scoring,2025,13,Kayshon Boutte,WR,10.83,10.83,13.5,0.0,2.67
WR added to scheme scoring,2022,6,Evan Engram,TE,6.53,6.34,9.0,-0.19,2.66
WR added to scheme scoring,2024,15,Tucker Kraft,TE,7.86,8.05,5.4,0.19,2.65
WR added to scheme scoring,2023,10,Dalton Kincaid,TE,13.65,13.46,16.1,-0.19,2.64
WR added to scheme scoring,2023,14,Chris Godwin Jr.,WR,7.75,7.66,10.3,-0.09,2.64
WR added to scheme scoring,2022,10,Michael Pittman,WR,9.87,9.67,12.3,-0.2,2.63
WR added to scheme scoring,2022,3,Austin Hooper,TE,6.53,6.53,3.9,0.0,2.63
WR added to scheme scoring,2025,18,Chimere Dike,WR,8.14,8.33,5.7,0.19,2.63
WR added to scheme scoring,2024,7,Dalton Schultz,TE,6.43,6.43,3.8,0.0,2.63
WR added to scheme scoring,2022,3,Evan Engram,TE,6.53,6.53,3.9,0.0,2.63
WR added to scheme scoring,2023,3,A.J. Brown,WR,19.96,19.48,22.1,-0.48,2.62
WR added to scheme scoring,2024,8,Jonnu Smith,TE,8.9,8.62,6.0,-0.28,2.62
WR added to scheme scoring,2023,6,Jakobi Meyers,WR,14.67,14.48,17.1,-0.19,2.62
WR added to scheme scoring,2023,16,Cooper Kupp,WR,14.0,13.52,10.9,-0.48,2.62
WR added to scheme scoring,2025,10,David Njoku,TE,7.48,7.48,10.1,0.0,2.62
WR added to scheme scoring,2022,9,DK Metcalf,WR,11.89,12.08,14.7,0.19,2.62
WR added to scheme scoring,2024,12,Wan'Dale Robinson,WR,6.89,7.08,9.7,0.19,2.62
WR added to scheme scoring,2024,16,Mark Andrews,TE,11.18,11.18,13.8,0.0,2.62
WR added to scheme scoring,2022,8,Pat Freiermuth,TE,12.51,12.32,9.7,-0.19,2.62
WR added to scheme scoring,2024,18,Xavier Legette,WR,8.91,8.62,6.0,-0.29,2.62
WR added to scheme scoring,2023,6,Nelson Agholor,WR,8.62,8.62,6.0,0.0,2.62
WR added to scheme scoring,2024,16,Jake Ferguson,TE,7.29,7.38,10.0,0.09,2.62
WR added to scheme scoring,2023,10,David Njoku,TE,9.19,9.19,11.8,0.0,2.61
WR added to scheme scoring,2023,8,Tee Higgins,WR,9.29,9.29,11.9,0.0,2.61
WR added to scheme scoring,2023,4,Rashee Rice,WR,9.1,8.81,6.2,-0.29,2.61
WR added to scheme scoring,2025,11,Jake Ferguson,TE,9.09,9.0,11.6,-0.09,2.6
WR added to scheme scoring,2024,16,Amon-Ra St. Brown,WR,17.07,16.4,19.0,-0.67,2.6
WR added to scheme scoring,2023,5,A.J. Brown,WR,19.86,21.3,18.7,1.44,2.6
WR added to scheme scoring,2023,9,DeVonta Smith,WR,10.83,11.5,14.1,0.67,2.6
WR added to scheme scoring,2022,9,Mike Evans,WR,12.27,11.6,9.0,-0.67,2.6
WR added to scheme scoring,2023,4,Amon-Ra St. Brown,WR,14.38,14.0,16.6,-0.38,2.6
WR added to scheme scoring,2022,15,Cole Kmet,TE,9.09,9.09,6.5,0.0,2.59
WR added to scheme scoring,2024,16,Pat Freiermuth,TE,7.0,7.19,4.6,0.19,2.59
WR added to scheme scoring,2024,18,Isaiah Likely,TE,9.38,9.38,6.8,0.0,2.58
WR added to scheme scoring,2025,12,Chris Olave,WR,13.42,13.42,16.0,0.0,2.58
WR added to scheme scoring,2023,18,Michael Pittman,WR,11.79,11.98,9.4,0.19,2.58
WR added to scheme scoring,2025,15,DeVonta Smith,WR,9.48,9.58,7.0,0.1,2.58
WR added to scheme scoring,2022,6,Deebo Samuel Sr.,WR,13.52,13.42,16.0,-0.1,2.58
WR added to scheme scoring,2024,11,Dallas Goedert,TE,8.52,8.52,11.1,0.0,2.58
WR added to scheme scoring,2023,14,Elijah Moore,WR,9.77,9.77,7.2,0.0,2.57
WR added to scheme scoring,2024,7,Tee Higgins,WR,15.54,15.63,18.2,0.09,2.57
WR added to scheme scoring,2024,7,Terry McLaurin,WR,13.23,13.23,15.8,0.0,2.57
WR added to scheme scoring,2023,16,Jerry Jeudy,WR,9.48,9.96,7.4,0.48,2.56
WR added to scheme scoring,2023,9,Davante Adams,WR,9.39,9.96,7.4,0.57,2.56
WR added to scheme scoring,2023,11,Cade Otton,TE,6.43,6.34,8.9,-0.09,2.56
WR added to scheme scoring,2025,13,Marvin Harrison Jr.,WR,10.35,10.35,12.9,0.0,2.55
WR added to scheme scoring,2023,11,Trey McBride,TE,11.85,11.85,9.3,0.0,2.55
WR added to scheme scoring,2024,11,Cedric Tillman,WR,10.25,10.25,7.7,0.0,2.55
WR added to scheme scoring,2024,7,Noah Fant,TE,7.48,7.95,10.5,0.47,2.55
WR added to scheme scoring,2022,14,Travis Kelce,TE,13.37,13.65,11.1,0.28,2.55
WR added to scheme scoring,2024,17,Tucker Kraft,TE,9.57,9.85,7.3,0.28,2.55
WR added to scheme scoring,2023,15,DK Metcalf,WR,14.58,15.34,12.8,0.76,2.54
WR added to scheme scoring,2022,10,Pat Freiermuth,TE,10.23,10.14,7.6,-0.09,2.54
WR added to scheme scoring,2023,8,Dallas Goedert,TE,10.42,10.14,7.6,-0.28,2.54
WR added to scheme scoring,2022,6,Allen Lazard,WR,14.67,15.06,17.6,0.39,2.54
WR added to scheme scoring,2022,18,Marquez Valdes-Scantling,WR,8.14,8.23,5.7,0.09,2.53
WR added to scheme scoring,2024,18,Jerry Jeudy,WR,9.77,9.77,12.3,0.0,2.53
WR added to scheme scoring,2024,12,Malik Nabers,WR,9.48,9.87,12.4,0.39,2.53
WR added to scheme scoring,2023,14,Tyler Lockett,WR,12.27,12.37,14.9,0.1,2.53
WR added to scheme scoring,2024,17,Dalton Schultz,TE,6.62,6.62,4.1,0.0,2.52
WR added to scheme scoring,2025,7,CeeDee Lamb,WR,18.8,19.48,22.0,0.68,2.52
WR added to scheme scoring,2025,9,Jake Ferguson,TE,10.61,10.52,8.0,-0.09,2.52
WR added to scheme scoring,2023,6,Zach Ertz,TE,6.81,6.72,4.2,-0.09,2.52
WR added to scheme scoring,2024,8,Jaylen Waddle,WR,10.73,11.02,8.5,0.29,2.52
WR added to scheme scoring,2022,17,Tyler Higbee,TE,6.43,6.62,4.1,0.19,2.52
WR added to scheme scoring,2025,17,Nico Collins,WR,11.21,11.21,8.7,0.0,2.51
WR added to scheme scoring,2023,5,Christian Kirk,WR,11.98,11.89,14.4,-0.09,2.51
WR added to scheme scoring,2022,10,Evan Engram,TE,6.91,6.91,4.4,0.0,2.51
WR added to scheme scoring,2023,14,Tyler Conklin,TE,7.0,7.19,9.7,0.19,2.51
WR added to scheme scoring,2024,15,Hunter Henry,TE,9.19,9.0,6.5,-0.19,2.5
WR added to scheme scoring,2023,9,Kyle Pitts,TE,7.19,7.1,9.6,-0.09,2.5
WR added to scheme scoring,2024,18,Jaylen Waddle,WR,11.4,11.5,9.0,0.1,2.5
WR added to scheme scoring,2025,5,Tee Higgins,WR,8.71,8.71,11.2,0.0,2.49
WR added to scheme scoring,2023,15,DJ Moore,WR,11.31,11.69,9.2,0.38,2.49
WR added to scheme scoring,2025,13,Quentin Johnston,WR,9.19,8.81,11.3,-0.38,2.49
WR added to scheme scoring,2025,14,Terry McLaurin,WR,9.96,9.58,7.1,-0.38,2.48
WR added to scheme scoring,2023,10,Dalton Schultz,TE,8.62,8.62,11.1,0.0,2.48
WR added to scheme scoring,2023,12,Trey McBride,TE,10.52,10.52,13.0,0.0,2.48
WR added to scheme scoring,2023,15,Evan Engram,TE,9.0,9.28,6.8,0.28,2.48
WR added to scheme scoring,2025,8,Justin Jefferson,WR,16.79,16.88,14.4,0.09,2.48
WR added to scheme scoring,2024,9,Khalil Shakir,WR,8.81,8.52,11.0,-0.29,2.48
WR added to scheme scoring,2022,18,Amari Cooper,WR,9.58,9.58,7.1,0.0,2.48
WR added to scheme scoring,2023,17,Michael Pittman,WR,12.27,12.08,9.6,-0.19,2.48
WR added to scheme scoring,2023,15,Mike Evans,WR,12.75,13.23,15.7,0.48,2.47
WR added to scheme scoring,2023,13,Courtland Sutton,WR,13.13,13.23,15.7,0.1,2.47
WR added to scheme scoring,2025,14,Dalton Schultz,TE,7.67,7.67,5.2,0.0,2.47
WR added to scheme scoring,2025,7,Emeka Egbuka,WR,12.37,12.27,9.8,-0.1,2.47
WR added to scheme scoring,2022,14,DeAndre Hopkins,WR,10.44,10.44,12.9,0.0,2.46
WR added to scheme scoring,2025,9,Puka Nacua,WR,20.05,20.34,22.8,0.29,2.46
WR added to scheme scoring,2022,4,Darren Waller,TE,7.57,7.86,5.4,0.29,2.46
WR added to scheme scoring,2025,3,Sam LaPorta,TE,9.19,9.76,7.3,0.57,2.46
WR added to scheme scoring,2025,3,Rome Odunze,WR,19.67,17.65,15.2,-2.02,2.45
WR added to scheme scoring,2022,9,Dawson Knox,TE,7.86,7.95,5.5,0.09,2.45
WR added to scheme scoring,2023,14,Keenan Allen,WR,14.77,15.25,12.8,0.48,2.45
WR added to scheme scoring,2022,3,Richie James,WR,9.67,10.44,8.0,0.77,2.44
WR added to scheme scoring,2025,3,Rashid Shaheed,WR,9.96,10.64,8.2,0.68,2.44
WR added to scheme scoring,2025,7,Tre Tucker,WR,10.64,10.73,8.3,0.09,2.43
WR added to scheme scoring,2022,4,Isaiah McKenzie,WR,9.58,9.67,12.1,0.09,2.43
WR added to scheme scoring,2022,6,Tee Higgins,WR,13.33,13.13,10.7,-0.2,2.43
WR added to scheme scoring,2025,18,Josh Downs,WR,7.08,7.18,9.6,0.1,2.42
WR added to scheme scoring,2023,12,Kyle Pitts,TE,6.72,6.62,4.2,-0.1,2.42
WR added to scheme scoring,2022,13,Foster Moreau,TE,6.53,6.62,4.2,0.09,2.42
WR added to scheme scoring,2022,7,Robert Tonyan,TE,8.62,8.62,6.2,0.0,2.42
WR added to scheme scoring,2025,6,DeVonta Smith,WR,11.98,11.31,8.9,-0.67,2.41
WR added to scheme scoring,2023,5,Terry McLaurin,WR,11.98,11.31,8.9,-0.67,2.41
WR added to scheme scoring,2024,18,Tyler Conklin,TE,7.19,7.19,9.6,0.0,2.41
WR added to scheme scoring,2023,7,Zay Flowers,WR,9.1,9.1,11.5,0.0,2.4
WR added to scheme scoring,2023,12,Romeo Doubs,WR,9.0,9.1,6.7,0.1,2.4
WR added to scheme scoring,2023,6,Rondale Moore,WR,9.0,9.0,6.6,0.0,2.4
WR added to scheme scoring,2022,6,Gabe Davis,WR,14.48,14.0,16.4,-0.48,2.4
WR added to scheme scoring,2023,16,Dawson Knox,TE,6.72,7.0,4.6,0.28,2.4
WR added to scheme scoring,2023,7,Evan Engram,TE,6.91,7.1,9.5,0.19,2.4
WR added to scheme scoring,2023,16,Nico Collins,WR,11.4,11.4,13.8,0.0,2.4
WR added to scheme scoring,2022,18,Chris Godwin Jr.,WR,12.17,11.89,9.5,-0.28,2.39
WR added to scheme scoring,2023,6,Darren Waller,TE,7.19,6.91,9.3,-0.28,2.39
WR added to scheme scoring,2022,7,Deebo Samuel Sr.,WR,11.89,11.79,9.4,-0.1,2.39
WR added to scheme scoring,2023,14,Pat Freiermuth,TE,9.28,9.19,6.8,-0.09,2.39
WR added to scheme scoring,2024,16,Jayden Reed,WR,8.91,8.71,11.1,-0.2,2.39
WR added to scheme scoring,2025,17,Deebo Samuel Sr.,WR,9.0,8.91,11.3,-0.09,2.39
WR added to scheme scoring,2022,9,Adam Thielen,WR,12.27,12.08,9.7,-0.19,2.38
WR added to scheme scoring,2025,16,Jameson Williams,WR,14.48,14.38,12.0,-0.1,2.38
WR added to scheme scoring,2022,4,DJ Moore,WR,14.58,14.48,12.1,-0.1,2.38
WR added to scheme scoring,2022,15,Travis Kelce,TE,18.21,18.12,20.5,-0.09,2.38
WR added to scheme scoring,2025,7,Kayshon Boutte,WR,11.4,11.12,13.5,-0.28,2.38
WR added to scheme scoring,2024,5,Nico Collins,WR,13.42,13.42,15.8,0.0,2.38
WR added to scheme scoring,2023,8,Michael Wilson,WR,12.17,12.17,9.8,0.0,2.37
WR added to scheme scoring,2023,5,Brandon Aiyuk,WR,11.69,12.17,9.8,0.48,2.37
WR added to scheme scoring,2025,13,Ja'Marr Chase,WR,15.54,15.63,18.0,0.09,2.37
WR added to scheme scoring,2022,14,George Pickens,WR,8.43,8.43,10.8,0.0,2.37
WR added to scheme scoring,2025,16,Wan'Dale Robinson,WR,7.85,7.56,5.2,-0.29,2.36
WR added to scheme scoring,2025,12,Juwan Johnson,TE,8.62,8.24,10.6,-0.38,2.36
WR added to scheme scoring,2025,12,Trey McBride,TE,19.26,19.26,16.9,0.0,2.36
WR added to scheme scoring,2022,10,Dallas Goedert,TE,11.47,11.66,9.3,0.19,2.36
WR added to scheme scoring,2025,15,Josh Downs,WR,8.23,7.95,10.3,-0.28,2.35
WR added to scheme scoring,2023,7,Jonnu Smith,TE,8.24,8.05,5.7,-0.19,2.35
WR added to scheme scoring,2023,7,David Njoku,TE,8.05,8.05,10.4,0.0,2.35
WR added to scheme scoring,2023,7,Chris Godwin Jr.,WR,10.44,10.25,12.6,-0.19,2.35
WR added to scheme scoring,2023,17,Darren Waller,TE,7.67,7.76,10.1,0.09,2.34
WR added to scheme scoring,2022,11,Robert Tonyan,TE,6.43,6.24,3.9,-0.19,2.34
WR added to scheme scoring,2023,17,Evan Engram,TE,10.04,9.66,12.0,-0.38,2.34
WR added to scheme scoring,2024,11,Keenan Allen,WR,10.44,10.44,8.1,0.0,2.34
WR added to scheme scoring,2023,15,Deebo Samuel Sr.,WR,19.57,19.57,21.9,0.0,2.33
WR added to scheme scoring,2022,18,Jakobi Meyers,WR,9.77,9.87,12.2,0.1,2.33
WR added to scheme scoring,2023,12,Stefon Diggs,WR,16.88,17.07,19.4,0.19,2.33
WR added to scheme scoring,2024,15,George Kittle,TE,12.04,12.42,10.1,0.38,2.32
WR added to scheme scoring,2025,18,Trey McBride,TE,11.18,11.18,13.5,0.0,2.32
WR added to scheme scoring,2025,7,Tetairoa McMillan,WR,8.33,8.62,6.3,0.29,2.32
WR added to scheme scoring,2025,10,Marvin Harrison Jr.,WR,11.98,11.98,14.3,0.0,2.32
WR added to scheme scoring,2022,18,Irv Smith,TE,6.91,6.72,4.4,-0.19,2.32
WR added to scheme scoring,2025,10,Zach Ertz,TE,7.29,7.1,9.4,-0.19,2.3
WR added to scheme scoring,2023,18,Kyle Pitts,TE,7.38,7.0,4.7,-0.38,2.3
WR added to scheme scoring,2022,7,Alec Pierce,WR,9.67,9.0,6.7,-0.67,2.3
WR added to scheme scoring,2023,6,Elijah Moore,WR,9.0,9.0,6.7,0.0,2.3
WR added to scheme scoring,2024,17,Michael Wilson,WR,9.19,9.19,6.9,0.0,2.29
WR added to scheme scoring,2025,14,A.J. Brown,WR,13.81,13.71,16.0,-0.1,2.29
WR added to scheme scoring,2023,13,Kyle Pitts,TE,7.19,6.81,9.1,-0.38,2.29
WR added to scheme scoring,2024,13,Khalil Shakir,WR,9.19,9.29,7.0,0.1,2.29
WR added to scheme scoring,2025,17,Dalton Schultz,TE,7.19,7.19,4.9,0.0,2.29
WR added to scheme scoring,2023,13,Romeo Doubs,WR,8.33,8.91,11.2,0.58,2.29
WR added to scheme scoring,2022,6,Hayden Hurst,TE,7.67,7.38,5.1,-0.29,2.28
WR added to scheme scoring,2025,18,Cooper Kupp,WR,7.56,7.18,4.9,-0.38,2.28
WR added to scheme scoring,2025,11,Rashid Shaheed,WR,7.18,7.18,4.9,0.0,2.28
WR added to scheme scoring,2023,9,Keenan Allen,WR,12.75,13.42,15.7,0.67,2.28
WR added to scheme scoring,2024,10,Mike Gesicki,TE,8.9,9.28,7.0,0.38,2.28
WR added to scheme scoring,2022,8,Mike Gesicki,TE,10.04,10.52,12.8,0.48,2.28
WR added to scheme scoring,2025,16,Nico Collins,WR,12.17,12.17,9.9,0.0,2.27
WR added to scheme scoring,2024,14,Evan Engram,TE,9.47,9.57,7.3,0.1,2.27
WR added to scheme scoring,2022,9,Allen Robinson,WR,7.66,7.66,5.4,0.0,2.26
WR added to scheme scoring,2022,12,Nico Collins,WR,8.14,8.14,10.4,0.0,2.26
WR added to scheme scoring,2023,16,Terry McLaurin,WR,9.48,10.25,8.0,0.77,2.25
WR added to scheme scoring,2022,9,Marvin Jones,WR,7.46,7.56,9.8,0.1,2.24
WR added to scheme scoring,2024,16,DK Metcalf,WR,13.04,12.46,14.7,-0.58,2.24
WR added to scheme scoring,2025,4,Dalton Kincaid,TE,11.85,12.04,9.8,0.19,2.24
WR added to scheme scoring,2023,3,David Njoku,TE,8.24,8.24,6.0,0.0,2.24
WR added to scheme scoring,2022,17,Tyreek Hill,WR,17.65,17.94,15.7,0.29,2.24
WR added to scheme scoring,2022,8,Donovan Peoples-Jones,WR,9.87,9.87,12.1,0.0,2.23
WR added to scheme scoring,2022,18,Michael Pittman,WR,9.96,9.77,12.0,-0.19,2.23
WR added to scheme scoring,2025,5,Tyquan Thornton,WR,9.67,9.77,12.0,0.1,2.23
WR added to scheme scoring,2023,14,Josh Downs,WR,8.71,8.43,6.2,-0.28,2.23
WR added to scheme scoring,2025,12,Nico Collins,WR,10.73,10.73,8.5,0.0,2.23
WR added to scheme scoring,2022,11,DeAndre Carter,WR,8.52,8.52,6.3,0.0,2.22
WR added to scheme scoring,2024,7,Trey McBride,TE,12.32,12.32,10.1,0.0,2.22
WR added to scheme scoring,2025,13,Josh Downs,WR,9.0,8.62,6.4,-0.38,2.22
WR added to scheme scoring,2023,4,Tyler Boyd,WR,7.85,8.81,6.6,0.96,2.21
WR added to scheme scoring,2024,5,Chris Godwin Jr.,WR,13.52,13.81,11.6,0.29,2.21
WR added to scheme scoring,2023,17,Jakobi Meyers,WR,10.06,9.39,11.6,-0.67,2.21
WR added to scheme scoring,2022,15,Jelani Woods,TE,6.34,6.81,4.6,0.47,2.21
WR added to scheme scoring,2022,12,DeVonta Smith,WR,11.12,11.21,9.0,0.09,2.21
WR added to scheme scoring,2022,14,Nick Westbrook-Ikhine,WR,9.19,9.1,11.3,-0.09,2.2
WR added to scheme scoring,2024,12,Josh Palmer,WR,8.71,9.0,6.8,0.29,2.2
WR added to scheme scoring,2022,11,Hayden Hurst,TE,7.1,7.0,4.8,-0.1,2.2
WR added to scheme scoring,2025,6,Tee Higgins,WR,9.19,9.0,11.2,-0.19,2.2
WR added to scheme scoring,2024,4,Brandon Aiyuk,WR,8.71,9.0,6.8,0.29,2.2
WR added to scheme scoring,2022,10,Mike Gesicki,TE,7.29,7.29,5.1,0.0,2.19
WR added to scheme scoring,2025,13,Chris Godwin Jr.,WR,8.81,8.62,10.8,-0.19,2.18
WR added to scheme scoring,2024,13,Ja'Marr Chase,WR,18.32,18.42,20.6,0.1,2.18
WR added to scheme scoring,2025,5,Courtland Sutton,WR,15.92,15.73,17.9,-0.19,2.17
WR added to scheme scoring,2024,18,Mike Evans,WR,15.73,15.73,17.9,0.0,2.17
WR added to scheme scoring,2023,4,David Njoku,TE,8.43,8.43,10.6,0.0,2.17
WR added to scheme scoring,2022,8,Stefon Diggs,WR,21.01,20.63,22.8,-0.38,2.17
WR added to scheme scoring,2024,14,Calvin Ridley,WR,11.31,10.73,12.9,-0.58,2.17
WR added to scheme scoring,2024,3,Michael Pittman,WR,9.77,9.77,7.6,0.0,2.17
WR added to scheme scoring,2024,6,Jaxon Smith-Njigba,WR,13.62,12.46,10.3,-1.16,2.16
WR added to scheme scoring,2024,15,Jameson Williams,WR,10.35,10.54,12.7,0.19,2.16
WR added to scheme scoring,2023,11,Christian Watson,WR,8.23,8.04,10.2,-0.19,2.16
WR added to scheme scoring,2024,11,Hunter Henry,TE,9.66,10.14,12.3,0.48,2.16
WR added to scheme scoring,2022,12,CeeDee Lamb,WR,14.58,15.54,17.7,0.96,2.16
WR added to scheme scoring,2025,8,Olamide Zaccheaus,WR,8.04,8.14,10.3,0.1,2.16
WR added to scheme scoring,2023,13,Gerald Everett,TE,6.53,6.24,8.4,-0.29,2.16
WR added to scheme scoring,2025,5,Wan'Dale Robinson,WR,9.1,10.35,8.2,1.25,2.15
WR added to scheme scoring,2024,16,Tee Higgins,WR,17.56,17.65,19.8,0.09,2.15
WR added to scheme scoring,2025,17,Mike Evans,WR,10.06,9.96,12.1,-0.1,2.14
WR added to scheme scoring,2022,18,A.J. Brown,WR,15.25,15.63,13.5,0.38,2.13
WR added to scheme scoring,2023,17,Curtis Samuel,WR,8.04,8.43,6.3,0.39,2.13
WR added to scheme scoring,2024,18,Mark Andrews,TE,13.27,13.27,15.4,0.0,2.13
WR added to scheme scoring,2024,15,Ja'Marr Chase,WR,20.34,20.53,18.4,0.19,2.13
WR added to scheme scoring,2024,13,Noah Gray,TE,7.67,7.67,9.8,0.0,2.13
WR added to scheme scoring,2025,9,Jakobi Meyers,WR,8.71,8.43,6.3,-0.28,2.13
WR added to scheme scoring,2022,10,Gerald Everett,TE,6.53,6.43,4.3,-0.1,2.13
WR added to scheme scoring,2024,8,Hunter Henry,TE,7.48,7.38,9.5,-0.1,2.12
WR added to scheme scoring,2025,12,Tetairoa McMillan,WR,13.04,13.62,11.5,0.58,2.12
WR added to scheme scoring,2024,5,Mark Andrews,TE,7.38,7.38,9.5,0.0,2.12
WR added to scheme scoring,2022,4,Chris Olave,WR,14.67,14.58,16.7,-0.09,2.12
WR added to scheme scoring,2025,11,T.J. Hockenson,TE,9.19,9.0,6.9,-0.19,2.1
WR added to scheme scoring,2025,13,George Pickens,WR,18.71,18.9,16.8,0.19,2.1
WR added to scheme scoring,2023,4,Tyler Lockett,WR,11.21,11.5,9.4,0.29,2.1
WR added to scheme scoring,2023,11,Jaxon Smith-Njigba,WR,9.58,9.1,7.0,-0.48,2.1
WR added to scheme scoring,2022,12,Brandin Cooks,WR,9.0,9.0,11.1,0.0,2.1
WR added to scheme scoring,2023,6,Mark Andrews,TE,12.99,12.99,10.9,0.0,2.09
WR added to scheme scoring,2023,16,Jakobi Meyers,WR,8.91,9.29,7.2,0.38,2.09
WR added to scheme scoring,2023,7,Luke Musgrave,TE,9.0,9.09,7.0,0.09,2.09
WR added to scheme scoring,2025,3,Tyreek Hill,WR,13.9,13.81,15.9,-0.09,2.09
WR added to scheme scoring,2024,10,George Kittle,TE,16.12,16.79,14.7,0.67,2.09
WR added to scheme scoring,2023,6,David Njoku,TE,7.48,7.48,5.4,0.0,2.08
WR added to scheme scoring,2024,17,Justin Jefferson,WR,18.9,19.28,17.2,0.38,2.08
WR added to scheme scoring,2023,17,Mike Evans,WR,11.69,12.08,10.0,0.39,2.08
WR added to scheme scoring,2025,7,Amon-Ra St. Brown,WR,18.61,18.52,20.6,-0.09,2.08
WR added to scheme scoring,2022,13,Tee Higgins,WR,14.77,14.58,12.5,-0.19,2.08
WR added to scheme scoring,2023,5,Mark Andrews,TE,10.42,10.42,12.5,0.0,2.08
WR added to scheme scoring,2022,13,Jerry Jeudy,WR,8.43,8.43,10.5,0.0,2.07
WR added to scheme scoring,2025,5,Keon Coleman,WR,8.62,8.23,10.3,-0.39,2.07
WR added to scheme scoring,2022,7,Davante Adams,WR,16.11,15.44,17.5,-0.67,2.06
WR added to scheme scoring,2024,7,DK Metcalf,WR,17.36,17.84,19.9,0.48,2.06
WR added to scheme scoring,2025,15,Xavier Worthy,WR,7.66,7.56,5.5,-0.1,2.06
WR added to scheme scoring,2023,10,Cole Kmet,TE,12.23,11.66,9.6,-0.57,2.06
WR added to scheme scoring,2023,7,Elijah Moore,WR,7.85,7.85,9.9,0.0,2.05
WR added to scheme scoring,2024,13,Travis Kelce,TE,11.75,11.75,13.8,0.0,2.05
WR added to scheme scoring,2022,12,Josh Palmer,WR,12.46,12.65,10.6,0.19,2.05
WR added to scheme scoring,2022,7,CeeDee Lamb,WR,12.65,12.65,10.6,0.0,2.05
WR added to scheme scoring,2023,4,DeVonta Smith,WR,13.13,12.75,14.8,-0.38,2.05
WR added to scheme scoring,2023,4,Jaylen Waddle,WR,10.83,10.64,8.6,-0.19,2.04
WR added to scheme scoring,2024,10,Nick Westbrook-Ikhine,WR,8.33,8.14,6.1,-0.19,2.04
WR added to scheme scoring,2024,12,Demarcus Robinson,WR,6.98,7.46,9.5,0.48,2.04
WR added to scheme scoring,2022,7,Brandin Cooks,WR,10.64,10.64,8.6,0.0,2.04
WR added to scheme scoring,2025,3,DK Metcalf,WR,10.83,10.16,12.2,-0.67,2.04
WR added to scheme scoring,2023,15,Dalton Schultz,TE,7.76,7.76,9.8,0.0,2.04
WR added to scheme scoring,2025,15,CeeDee Lamb,WR,15.34,15.06,17.1,-0.28,2.04
WR added to scheme scoring,2022,15,Garrett Wilson,WR,16.5,15.83,13.8,-0.67,2.03
WR added to scheme scoring,2023,14,Chig Okonkwo,TE,7.1,7.57,9.6,0.47,2.03
WR added to scheme scoring,2024,17,Jonnu Smith,TE,9.47,9.57,11.6,0.1,2.03
WR added to scheme scoring,2023,17,Tyreek Hill,WR,15.34,15.63,13.6,0.29,2.03
WR added to scheme scoring,2024,17,Dalton Kincaid,TE,6.43,6.43,4.4,0.0,2.03
WR added to scheme scoring,2022,8,Parris Campbell,WR,10.83,11.12,9.1,0.29,2.02
WR added to scheme scoring,2024,14,Marvin Harrison Jr.,WR,10.92,10.92,8.9,0.0,2.02
WR added to scheme scoring,2024,6,Cade Otton,TE,7.48,7.48,9.5,0.0,2.02
WR added to scheme scoring,2024,4,Noah Fant,TE,5.96,6.62,4.6,0.66,2.02
WR added to scheme scoring,2025,10,Quentin Johnston,WR,11.4,11.21,9.2,-0.19,2.01
WR added to scheme scoring,2025,15,Brock Bowers,TE,10.23,10.8,8.8,0.57,2.0
WR added to scheme scoring,2024,7,Ladd McConkey,WR,11.4,11.6,9.6,0.2,2.0
WR added to scheme scoring,2023,8,Rashee Rice,WR,11.79,11.6,9.6,-0.19,2.0
WR added to scheme scoring,2024,5,Hunter Henry,TE,7.67,7.19,5.2,-0.48,1.99
WR added to scheme scoring,2024,4,Zach Ertz,TE,9.47,9.19,7.2,-0.28,1.99
WR added to scheme scoring,2024,5,Dalton Kincaid,TE,7.48,7.38,5.4,-0.1,1.98
WR added to scheme scoring,2024,5,Amari Cooper,WR,12.27,11.98,10.0,-0.29,1.98
WR added to scheme scoring,2022,16,Dalton Schultz,TE,9.57,9.28,7.3,-0.29,1.98
WR added to scheme scoring,2025,15,T.J. Hockenson,TE,8.71,8.62,10.6,-0.09,1.98
WR added to scheme scoring,2023,17,Cooper Kupp,WR,14.96,14.67,12.7,-0.29,1.97
WR added to scheme scoring,2022,14,Pat Freiermuth,TE,10.33,10.33,12.3,0.0,1.97
WR added to scheme scoring,2025,17,Chimere Dike,WR,7.85,8.23,10.2,0.38,1.97
WR added to scheme scoring,2022,14,Chris Godwin Jr.,WR,12.56,12.37,10.4,-0.19,1.97
WR added to scheme scoring,2022,5,Josh Reynolds,WR,12.94,13.23,15.2,0.29,1.97
WR added to scheme scoring,2024,14,Deebo Samuel Sr.,WR,7.56,7.46,5.5,-0.1,1.96
WR added to scheme scoring,2022,12,Nick Westbrook-Ikhine,WR,7.95,7.85,9.8,-0.1,1.95
WR added to scheme scoring,2024,4,Jake Ferguson,TE,10.04,9.95,11.9,-0.09,1.95
WR added to scheme scoring,2022,15,Mark Andrews,TE,8.05,8.05,6.1,0.0,1.95
WR added to scheme scoring,2023,10,Sam LaPorta,TE,9.57,9.95,8.0,0.38,1.95
WR added to scheme scoring,2025,12,Rome Odunze,WR,10.35,10.25,8.3,-0.1,1.95
WR added to scheme scoring,2025,7,Jonnu Smith,TE,9.57,9.85,11.8,0.28,1.95
WR added to scheme scoring,2023,16,T.J. Hockenson,TE,12.32,11.75,9.8,-0.57,1.95
WR added to scheme scoring,2022,6,Travis Kelce,TE,16.69,17.26,19.2,0.57,1.94
WR added to scheme scoring,2023,6,Nico Collins,WR,10.06,10.06,12.0,0.0,1.94
WR added to scheme scoring,2024,12,Zay Flowers,WR,13.13,13.13,11.2,0.0,1.93
WR added to scheme scoring,2025,7,Travis Kelce,TE,10.23,10.33,8.4,0.1,1.93
WR added to scheme scoring,2025,5,Josh Downs,WR,9.19,9.48,11.4,0.29,1.92
WR added to scheme scoring,2024,14,T.J. Hockenson,TE,10.23,10.42,8.5,0.19,1.92
WR added to scheme scoring,2025,13,Mark Andrews,TE,10.61,10.61,8.7,0.0,1.91
WR added to scheme scoring,2025,13,Tetairoa McMillan,WR,9.19,9.39,11.3,0.2,1.91
WR added to scheme scoring,2025,4,Sam LaPorta,TE,8.81,8.81,6.9,0.0,1.91
WR added to scheme scoring,2023,6,Rashee Rice,WR,9.39,9.29,11.2,-0.1,1.91
WR added to scheme scoring,2024,6,Christian Kirk,WR,9.1,8.81,6.9,-0.29,1.91
WR added to scheme scoring,2022,6,David Njoku,TE,10.71,10.71,8.8,0.0,1.91
WR added to scheme scoring,2022,4,Randall Cobb,WR,10.25,9.1,7.2,-1.15,1.9
WR added to scheme scoring,2023,11,Nico Collins,WR,11.6,11.6,13.5,0.0,1.9
WR added to scheme scoring,2024,9,Jalen Tolbert,WR,9.48,9.0,10.9,-0.48,1.9
WR added to scheme scoring,2022,6,Corey Davis,WR,8.71,9.1,7.2,0.39,1.9
WR added to scheme scoring,2024,10,A.J. Brown,WR,14.0,14.0,15.9,0.0,1.9
WR added to scheme scoring,2024,15,Courtland Sutton,WR,14.58,14.1,12.2,-0.48,1.9
WR added to scheme scoring,2022,7,Zay Jones,WR,8.71,8.91,10.8,0.2,1.89
WR added to scheme scoring,2022,15,Adam Thielen,WR,11.31,11.21,13.1,-0.1,1.89
WR added to scheme scoring,2024,11,Calvin Ridley,WR,11.5,11.69,9.8,0.19,1.89
WR added to scheme scoring,2022,15,Amari Cooper,WR,11.69,11.69,9.8,0.0,1.89
WR added to scheme scoring,2022,14,Marquise Brown,WR,9.29,9.29,7.4,0.0,1.89
WR added to scheme scoring,2022,17,Jerry Jeudy,WR,8.81,8.91,10.8,0.1,1.89
WR added to scheme scoring,2023,15,Jerry Jeudy,WR,8.62,8.52,10.4,-0.1,1.88
WR added to scheme scoring,2023,7,Davante Adams,WR,15.06,14.58,12.7,-0.48,1.88
WR added to scheme scoring,2023,7,Chris Olave,WR,14.67,14.58,12.7,-0.09,1.88
WR added to scheme scoring,2024,13,Cole Kmet,TE,6.91,7.48,5.6,0.57,1.88
WR added to scheme scoring,2023,6,Sam LaPorta,TE,9.57,9.47,7.6,-0.1,1.87
WR added to scheme scoring,2024,16,CeeDee Lamb,WR,15.44,15.63,17.5,0.19,1.87
WR added to scheme scoring,2023,14,DeVonta Smith,WR,12.08,12.17,10.3,0.09,1.87
WR added to scheme scoring,2022,7,Amari Cooper,WR,12.27,12.27,10.4,0.0,1.87
WR added to scheme scoring,2022,6,Zach Ertz,TE,12.13,12.13,14.0,0.0,1.87
WR added to scheme scoring,2023,4,Tyler Higbee,TE,13.94,13.27,11.4,-0.67,1.87
WR added to scheme scoring,2025,4,Brian Thomas Jr.,WR,12.56,12.46,10.6,-0.1,1.86
WR added to scheme scoring,2024,4,Jaxon Smith-Njigba,WR,14.86,14.96,13.1,0.1,1.86
WR added to scheme scoring,2025,3,Chris Olave,WR,16.5,17.56,15.7,1.06,1.86
WR added to scheme scoring,2025,14,CeeDee Lamb,WR,19.86,19.96,18.1,0.1,1.86
WR added to scheme scoring,2025,16,Terry McLaurin,WR,9.96,10.16,8.3,0.2,1.86
WR added to scheme scoring,2022,3,Robert Woods,WR,10.06,10.64,12.5,0.58,1.86
WR added to scheme scoring,2024,10,Darnell Mooney,WR,12.75,12.75,14.6,0.0,1.85
WR added to scheme scoring,2024,12,Mike Evans,WR,9.96,9.96,11.8,0.0,1.84
WR added to scheme scoring,2024,13,Justin Jefferson,WR,14.38,15.06,16.9,0.68,1.84
WR added to scheme scoring,2025,16,Tee Higgins,WR,12.46,12.46,14.3,0.0,1.84
WR added to scheme scoring,2023,8,Amon-Ra St. Brown,WR,14.96,14.96,16.8,0.0,1.84
WR added to scheme scoring,2024,10,Jaylen Waddle,WR,10.92,10.44,8.6,-0.48,1.84
WR added to scheme scoring,2023,3,Michael Pittman,WR,14.38,14.86,16.7,0.48,1.84
WR added to scheme scoring,2024,6,Amon-Ra St. Brown,WR,15.15,15.54,13.7,0.39,1.84
WR added to scheme scoring,2024,4,Dalton Kincaid,TE,8.05,7.86,9.7,-0.19,1.84
WR added to scheme scoring,2022,17,George Kittle,TE,14.22,14.13,12.3,-0.09,1.83
WR added to scheme scoring,2024,14,Sam LaPorta,TE,12.32,12.23,10.4,-0.09,1.83
WR added to scheme scoring,2025,9,Amon-Ra St. Brown,WR,16.79,16.88,18.7,0.09,1.82
WR added to scheme scoring,2022,16,Noah Fant,TE,7.29,7.38,9.2,0.09,1.82
WR added to scheme scoring,2023,14,Brandon Aiyuk,WR,18.42,18.42,16.6,0.0,1.82
WR added to scheme scoring,2025,7,Marquise Brown,WR,11.31,11.21,9.4,-0.1,1.81
WR added to scheme scoring,2024,14,Jakobi Meyers,WR,11.6,11.89,13.7,0.29,1.81
WR added to scheme scoring,2025,5,Chig Okonkwo,TE,6.72,7.0,8.8,0.28,1.8
WR added to scheme scoring,2025,18,Terry McLaurin,WR,11.31,11.5,9.7,0.19,1.8
WR added to scheme scoring,2023,12,A.J. Brown,WR,17.27,16.5,14.7,-0.77,1.8
WR added to scheme scoring,2022,9,A.J. Brown,WR,14.38,14.1,15.9,-0.28,1.8
WR added to scheme scoring,2023,3,Dallas Goedert,TE,11.28,10.9,9.1,-0.38,1.8
WR added to scheme scoring,2022,12,Diontae Johnson,WR,11.89,11.69,9.9,-0.2,1.79
WR added to scheme scoring,2024,14,Jameson Williams,WR,11.02,11.21,13.0,0.19,1.79
WR added to scheme scoring,2023,12,CeeDee Lamb,WR,19.77,19.09,17.3,-0.68,1.79
WR added to scheme scoring,2024,15,Keon Coleman,WR,8.52,9.19,7.4,0.67,1.79
WR added to scheme scoring,2023,6,Tyler Conklin,TE,6.81,7.19,5.4,0.38,1.79
WR added to scheme scoring,2022,3,Zach Ertz,TE,8.71,8.71,10.5,0.0,1.79
WR added to scheme scoring,2025,9,Stefon Diggs,WR,10.64,11.02,12.8,0.38,1.78
WR added to scheme scoring,2025,14,Jordan Addison,WR,11.4,11.98,10.2,0.58,1.78
WR added to scheme scoring,2022,9,Hayden Hurst,TE,6.81,6.72,8.5,-0.09,1.78
WR added to scheme scoring,2024,7,Josh Palmer,WR,8.52,8.52,10.3,0.0,1.78
WR added to scheme scoring,2023,14,Cedrick Wilson Jr.,WR,8.43,8.23,10.0,-0.2,1.77
WR added to scheme scoring,2022,4,Robert Tonyan,TE,8.43,8.43,10.2,0.0,1.77
WR added to scheme scoring,2025,18,Brian Thomas Jr.,WR,9.67,9.67,7.9,0.0,1.77
WR added to scheme scoring,2024,10,Deebo Samuel Sr.,WR,10.44,10.83,12.6,0.39,1.77
WR added to scheme scoring,2022,4,David Njoku,TE,11.47,11.47,9.7,0.0,1.77
WR added to scheme scoring,2023,13,Chris Godwin Jr.,WR,9.77,9.67,7.9,-0.1,1.77
WR added to scheme scoring,2025,4,Travis Kelce,TE,11.09,11.56,9.8,0.47,1.76
WR added to scheme scoring,2023,17,Jaxon Smith-Njigba,WR,9.87,9.96,8.2,0.09,1.76
WR added to scheme scoring,2023,3,Evan Engram,TE,11.94,11.94,13.7,0.0,1.76
WR added to scheme scoring,2023,12,David Njoku,TE,10.14,10.14,11.9,0.0,1.76
WR added to scheme scoring,2025,5,Zay Flowers,WR,10.44,10.44,12.2,0.0,1.76
WR added to scheme scoring,2022,14,Isaiah McKenzie,WR,7.66,7.56,5.8,-0.1,1.76
WR added to scheme scoring,2024,10,Will Dissly,TE,6.24,6.24,8.0,0.0,1.76
WR added to scheme scoring,2022,14,Robert Woods,WR,8.14,8.14,9.9,0.0,1.76
WR added to scheme scoring,2025,12,Emeka Egbuka,WR,7.75,7.95,6.2,0.2,1.75
WR added to scheme scoring,2024,9,Tyreek Hill,WR,10.16,10.25,12.0,0.09,1.75
WR added to scheme scoring,2022,3,Tyler Higbee,TE,11.47,11.85,10.1,0.38,1.75
WR added to scheme scoring,2022,4,Hayden Hurst,TE,9.66,9.95,11.7,0.29,1.75
WR added to scheme scoring,2024,3,Christian Watson,WR,10.16,10.44,8.7,0.28,1.74
WR added to scheme scoring,2024,18,DK Metcalf,WR,13.81,12.56,14.3,-1.25,1.74
WR added to scheme scoring,2025,8,Mark Andrews,TE,8.14,8.14,6.4,0.0,1.74
WR added to scheme scoring,2022,15,T.J. Hockenson,TE,10.23,10.04,8.3,-0.19,1.74
WR added to scheme scoring,2023,7,Curtis Samuel,WR,8.81,8.23,6.5,-0.58,1.73
WR added to scheme scoring,2024,16,Garrett Wilson,WR,13.33,13.13,11.4,-0.2,1.73
WR added to scheme scoring,2022,16,Mike Williams,WR,13.62,13.33,11.6,-0.29,1.73
WR added to scheme scoring,2024,18,Garrett Wilson,WR,11.21,10.83,9.1,-0.38,1.73
WR added to scheme scoring,2023,5,Deebo Samuel Sr.,WR,10.06,9.77,11.5,-0.29,1.73
WR added to scheme scoring,2025,16,Deebo Samuel Sr.,WR,7.66,8.23,6.5,0.57,1.73
WR added to scheme scoring,2023,7,George Kittle,TE,11.56,11.28,13.0,-0.28,1.72
WR added to scheme scoring,2022,7,Tee Higgins,WR,15.83,16.02,14.3,0.19,1.72
WR added to scheme scoring,2025,11,Jauan Jennings,WR,10.92,11.12,9.4,0.2,1.72
WR added to scheme scoring,2022,11,Jakobi Meyers,WR,11.4,10.92,9.2,-0.48,1.72
WR added to scheme scoring,2023,16,Cole Kmet,TE,12.99,12.99,14.7,0.0,1.71
WR added to scheme scoring,2022,11,Drake London,WR,8.81,8.91,7.2,0.1,1.71
WR added to scheme scoring,2023,18,Stefon Diggs,WR,13.9,14.0,15.7,0.1,1.7
WR added to scheme scoring,2023,11,Logan Thomas,TE,7.19,7.1,8.8,-0.09,1.7
WR added to scheme scoring,2023,5,Tyler Conklin,TE,8.9,9.0,10.7,0.1,1.7
WR added to scheme scoring,2024,11,Cole Kmet,TE,8.9,8.9,7.2,0.0,1.7
WR added to scheme scoring,2023,15,George Pickens,WR,10.06,9.39,7.7,-0.67,1.69
WR added to scheme scoring,2022,9,Tee Higgins,WR,11.02,11.31,13.0,0.29,1.69
WR added to scheme scoring,2023,3,Zay Flowers,WR,11.31,11.31,13.0,0.0,1.69
WR added to scheme scoring,2023,13,Amon-Ra St. Brown,WR,15.06,14.58,12.9,-0.48,1.68
WR added to scheme scoring,2023,8,Adam Thielen,WR,16.5,16.88,15.2,0.38,1.68
WR added to scheme scoring,2025,5,Chris Olave,WR,14.38,14.58,12.9,0.2,1.68
WR added to scheme scoring,2022,4,Dallas Goedert,TE,10.23,10.52,12.2,0.29,1.68
WR added to scheme scoring,2025,5,Michael Pittman,WR,13.42,13.23,14.9,-0.19,1.67
WR added to scheme scoring,2022,6,Terry McLaurin,WR,9.48,9.87,8.2,0.39,1.67
WR added to scheme scoring,2022,3,A.J. Brown,WR,18.13,17.84,19.5,-0.29,1.66
WR added to scheme scoring,2023,8,Tank Dell,WR,10.54,10.54,12.2,0.0,1.66
WR added to scheme scoring,2025,17,Dallas Goedert,TE,7.86,8.14,9.8,0.28,1.66
WR added to scheme scoring,2025,9,Xavier Worthy,WR,7.56,7.66,6.0,0.1,1.66
WR added to scheme scoring,2024,17,DJ Moore,WR,10.83,10.54,12.2,-0.29,1.66
WR added to scheme scoring,2023,7,DJ Moore,WR,16.11,15.06,13.4,-1.05,1.66
WR added to scheme scoring,2022,14,Michael Gallup,WR,8.14,7.66,6.0,-0.48,1.66
WR added to scheme scoring,2022,10,Dawson Knox,TE,7.38,8.05,9.7,0.67,1.65
WR added to scheme scoring,2024,6,Drake London,WR,17.75,17.75,19.4,0.0,1.65
WR added to scheme scoring,2025,12,Brock Bowers,TE,9.95,9.85,11.5,-0.1,1.65
WR added to scheme scoring,2023,8,Mark Andrews,TE,15.65,15.65,14.0,0.0,1.65
WR added to scheme scoring,2022,10,Cade Otton,TE,7.95,8.14,6.5,0.19,1.64
WR added to scheme scoring,2022,8,Tee Higgins,WR,16.4,15.54,13.9,-0.86,1.64
WR added to scheme scoring,2025,5,Garrett Wilson,WR,19.28,17.46,19.1,-1.82,1.64
WR added to scheme scoring,2024,15,Mark Andrews,TE,12.04,12.04,10.4,0.0,1.64
WR added to scheme scoring,2022,16,Ja'Marr Chase,WR,15.54,15.54,13.9,0.0,1.64
WR added to scheme scoring,2023,6,Jordan Addison,WR,10.25,10.16,11.8,-0.09,1.64
WR added to scheme scoring,2024,16,Malik Nabers,WR,12.56,12.17,13.8,-0.39,1.63
WR added to scheme scoring,2023,16,Odell Beckham Jr.,WR,8.23,8.23,6.6,0.0,1.63
WR added to scheme scoring,2023,18,Chris Godwin Jr.,WR,10.25,9.87,11.5,-0.38,1.63
WR added to scheme scoring,2024,16,DJ Moore,WR,11.6,12.37,14.0,0.77,1.63
WR added to scheme scoring,2024,11,DK Metcalf,WR,11.89,12.37,14.0,0.48,1.63
WR added to scheme scoring,2022,16,Chris Godwin Jr.,WR,15.73,15.92,14.3,0.19,1.62
WR added to scheme scoring,2025,17,Jaxon Smith-Njigba,WR,14.58,14.58,16.2,0.0,1.62
WR added to scheme scoring,2025,16,Keenan Allen,WR,11.4,11.02,9.4,-0.38,1.62
WR added to scheme scoring,2022,3,Garrett Wilson,WR,13.9,13.62,12.0,-0.28,1.62
WR added to scheme scoring,2025,16,A.J. Brown,WR,15.83,16.88,18.5,1.05,1.62
WR added to scheme scoring,2023,16,David Njoku,TE,14.79,14.79,16.4,0.0,1.61
WR added to scheme scoring,2022,12,Tyler Lockett,WR,14.1,14.19,15.8,0.09,1.61
WR added to scheme scoring,2025,13,Juwan Johnson,TE,7.48,7.29,8.9,-0.19,1.61
WR added to scheme scoring,2025,7,Jauan Jennings,WR,9.1,8.71,7.1,-0.39,1.61
WR added to scheme scoring,2024,11,Amari Cooper,WR,8.33,9.1,7.5,0.77,1.6
WR added to scheme scoring,2024,11,Davante Adams,WR,11.6,11.6,13.2,0.0,1.6
WR added to scheme scoring,2024,11,Tank Dell,WR,11.4,11.4,9.8,0.0,1.6
WR added to scheme scoring,2022,12,A.J. Brown,WR,14.1,14.19,12.6,0.09,1.59
WR added to scheme scoring,2024,13,Michael Wilson,WR,8.91,8.91,10.5,0.0,1.59
WR added to scheme scoring,2025,3,Dallas Goedert,TE,9.09,8.71,10.3,-0.38,1.59
WR added to scheme scoring,2025,15,Harold Fannin Jr.,TE,10.42,10.42,12.0,0.0,1.58
WR added to scheme scoring,2024,7,Dalton Kincaid,TE,6.62,6.62,8.2,0.0,1.58
WR added to scheme scoring,2025,12,T.J. Hockenson,TE,7.1,7.48,5.9,0.38,1.58
WR added to scheme scoring,2023,6,Josh Reynolds,WR,9.67,9.58,8.0,-0.09,1.58
WR added to scheme scoring,2023,17,Calvin Ridley,WR,9.58,9.48,7.9,-0.1,1.58
WR added to scheme scoring,2022,18,Jahan Dotson,WR,8.71,8.62,10.2,-0.09,1.58
WR added to scheme scoring,2024,6,Jalen Tolbert,WR,9.67,9.87,8.3,0.2,1.57
WR added to scheme scoring,2024,16,Drake London,WR,12.27,12.46,10.9,0.19,1.56
WR added to scheme scoring,2023,10,Brandon Aiyuk,WR,13.23,12.94,14.5,-0.29,1.56
WR added to scheme scoring,2024,15,Jakobi Meyers,WR,13.04,12.46,10.9,-0.58,1.56
WR added to scheme scoring,2022,4,Tyler Conklin,TE,9.57,9.76,8.2,0.19,1.56
WR added to scheme scoring,2025,13,Jordan Addison,WR,9.87,10.16,8.6,0.29,1.56
WR added to scheme scoring,2022,5,Curtis Samuel,WR,9.67,10.64,12.2,0.97,1.56
WR added to scheme scoring,2025,6,Cooper Kupp,WR,10.16,10.44,12.0,0.28,1.56
WR added to scheme scoring,2022,7,Nico Collins,WR,7.85,7.85,6.3,0.0,1.55
WR added to scheme scoring,2025,13,DK Metcalf,WR,7.66,7.75,6.2,0.09,1.55
WR added to scheme scoring,2023,14,T.J. Hockenson,TE,12.23,11.85,10.3,-0.38,1.55
WR added to scheme scoring,2024,16,Tucker Kraft,TE,8.24,7.95,9.5,-0.29,1.55
WR added to scheme scoring,2023,15,T.J. Hockenson,TE,14.03,13.84,12.3,-0.19,1.54
WR added to scheme scoring,2023,16,Jake Ferguson,TE,9.47,10.04,8.5,0.57,1.54
WR added to scheme scoring,2023,7,Drake London,WR,12.65,12.94,11.4,0.29,1.54
WR added to scheme scoring,2022,9,Kyle Pitts,TE,6.05,6.24,4.7,0.19,1.54
WR added to scheme scoring,2024,10,Josh Oliver,TE,7.76,7.67,9.2,-0.09,1.53
WR added to scheme scoring,2025,4,Jalen Nailor,WR,10.92,10.73,9.2,-0.19,1.53
WR added to scheme scoring,2023,12,Dalton Kincaid,TE,9.57,10.33,8.8,0.76,1.53
WR added to scheme scoring,2022,11,Gabe Davis,WR,14.48,13.33,11.8,-1.15,1.53
WR added to scheme scoring,2025,5,George Pickens,WR,11.89,12.17,13.7,0.28,1.53
WR added to scheme scoring,2022,12,Davante Adams,WR,15.25,15.92,14.4,0.67,1.52
WR added to scheme scoring,2023,14,Gerald Everett,TE,7.67,7.38,8.9,-0.29,1.52
WR added to scheme scoring,2024,9,Noah Brown,WR,9.77,9.48,11.0,-0.29,1.52
WR added to scheme scoring,2025,15,Rashee Rice,WR,13.71,13.62,12.1,-0.09,1.52
WR added to scheme scoring,2023,14,Dallas Goedert,TE,9.0,8.52,7.0,-0.48,1.52
WR added to scheme scoring,2022,12,Treylon Burks,WR,9.0,9.48,11.0,0.48,1.52
WR added to scheme scoring,2022,13,Gabe Davis,WR,11.12,11.02,9.5,-0.1,1.52
WR added to scheme scoring,2024,10,Xavier Legette,WR,8.62,8.52,7.0,-0.1,1.52
WR added to scheme scoring,2023,14,Davante Adams,WR,13.81,13.81,12.3,0.0,1.51
WR added to scheme scoring,2024,18,Michael Pittman,WR,11.69,11.69,13.2,0.0,1.51
WR added to scheme scoring,2022,6,Rondale Moore,WR,9.39,9.39,10.9,0.0,1.51
WR added to scheme scoring,2023,5,Rondale Moore,WR,9.1,9.1,10.6,0.0,1.5
WR added to scheme scoring,2024,16,Nico Collins,WR,11.5,11.5,13.0,0.0,1.5
WR added to scheme scoring,2025,4,Brenton Strange,TE,9.0,9.0,10.5,0.0,1.5
WR added to scheme scoring,2022,13,Mike Evans,WR,11.21,11.4,9.9,0.19,1.5
WR added to scheme scoring,2024,12,Tank Dell,WR,8.71,8.71,10.2,0.0,1.49
WR added to scheme scoring,2025,15,Emeka Egbuka,WR,8.91,8.91,10.4,0.0,1.49
WR added to scheme scoring,2022,8,Adam Thielen,WR,11.31,11.21,12.7,-0.1,1.49
WR added to scheme scoring,2024,8,Romeo Doubs,WR,12.65,11.69,10.2,-0.96,1.49
WR added to scheme scoring,2023,9,Mike Evans,WR,14.19,14.19,12.7,0.0,1.49
WR added to scheme scoring,2024,6,Wan'Dale Robinson,WR,8.04,8.52,10.0,0.48,1.48
WR added to scheme scoring,2023,13,Jerry Jeudy,WR,9.77,9.58,8.1,-0.19,1.48
WR added to scheme scoring,2023,4,Garrett Wilson,WR,12.56,13.52,15.0,0.96,1.48
WR added to scheme scoring,2022,15,Gerald Everett,TE,6.72,6.72,8.2,0.0,1.48
WR added to scheme scoring,2024,16,Davante Adams,WR,17.94,18.32,19.8,0.38,1.48
WR added to scheme scoring,2024,14,Cade Otton,TE,8.43,8.52,10.0,0.09,1.48
WR added to scheme scoring,2023,10,Davante Adams,WR,12.75,13.13,14.6,0.38,1.47
WR added to scheme scoring,2022,3,Daniel Bellinger,TE,6.72,6.53,8.0,-0.19,1.47
WR added to scheme scoring,2022,12,Travis Kelce,TE,16.6,17.17,15.7,0.57,1.47
WR added to scheme scoring,2023,16,Jaxon Smith-Njigba,WR,10.16,10.64,12.1,0.48,1.46
WR added to scheme scoring,2022,12,DJ Chark,WR,7.95,8.14,9.6,0.19,1.46
WR added to scheme scoring,2025,9,Brian Thomas Jr.,WR,9.96,9.96,8.5,0.0,1.46
WR added to scheme scoring,2025,10,DeVonta Smith,WR,14.38,15.44,16.9,1.06,1.46
WR added to scheme scoring,2025,9,Jaylen Waddle,WR,12.75,12.75,14.2,0.0,1.45
WR added to scheme scoring,2024,7,George Kittle,TE,13.56,13.75,15.2,0.19,1.45
WR added to scheme scoring,2025,12,Puka Nacua,WR,14.77,15.25,16.7,0.48,1.45
WR added to scheme scoring,2023,5,Luke Musgrave,TE,8.14,7.95,9.4,-0.19,1.45
WR added to scheme scoring,2025,16,Ladd McConkey,WR,12.94,12.85,14.3,-0.09,1.45
WR added to scheme scoring,2024,14,Elijah Moore,WR,7.85,7.85,6.4,0.0,1.45
WR added to scheme scoring,2024,10,Khalil Shakir,WR,9.96,10.35,11.8,0.39,1.45
WR added to scheme scoring,2025,4,Trey McBride,TE,13.65,13.65,12.2,0.0,1.45
WR added to scheme scoring,2024,10,Trey McBride,TE,9.66,9.66,11.1,0.0,1.44
WR added to scheme scoring,2023,18,Trey McBride,TE,13.84,13.84,12.4,0.0,1.44
WR added to scheme scoring,2025,18,Hunter Henry,TE,12.04,12.04,10.6,0.0,1.44
WR added to scheme scoring,2025,11,Zay Flowers,WR,9.87,9.87,11.3,0.0,1.43
WR added to scheme scoring,2022,13,Ja'Marr Chase,WR,18.32,18.13,16.7,-0.19,1.43
WR added to scheme scoring,2022,14,Brandon Aiyuk,WR,12.27,12.27,13.7,0.0,1.43
WR added to scheme scoring,2022,3,T.J. Hockenson,TE,12.23,12.23,10.8,0.0,1.43
WR added to scheme scoring,2023,10,Gabe Davis,WR,12.37,11.02,9.6,-1.35,1.42
WR added to scheme scoring,2025,10,Zay Flowers,WR,13.52,13.52,12.1,0.0,1.42
WR added to scheme scoring,2024,8,A.J. Brown,WR,12.56,11.98,13.4,-0.58,1.42
WR added to scheme scoring,2023,6,T.J. Hockenson,TE,12.32,12.42,11.0,0.1,1.42
WR added to scheme scoring,2024,9,Trey McBride,TE,11.28,11.28,12.7,0.0,1.42
WR added to scheme scoring,2025,15,Deebo Samuel Sr.,WR,8.91,8.71,7.3,-0.2,1.41
WR added to scheme scoring,2022,18,Hayden Hurst,TE,6.72,6.81,5.4,0.09,1.41
WR added to scheme scoring,2023,12,Tutu Atwell,WR,8.91,9.19,10.6,0.28,1.41
WR added to scheme scoring,2022,10,Adam Thielen,WR,11.4,11.31,9.9,-0.09,1.41
WR added to scheme scoring,2022,4,Jahan Dotson,WR,12.37,11.89,13.3,-0.48,1.41
WR added to scheme scoring,2025,17,Tyler Warren,TE,10.23,10.71,9.3,0.48,1.41
WR added to scheme scoring,2025,17,Travis Kelce,TE,7.1,7.19,8.6,0.09,1.41
WR added to scheme scoring,2024,10,Jonnu Smith,TE,8.62,8.9,7.5,0.28,1.4
WR added to scheme scoring,2023,8,Mike Evans,WR,11.98,11.5,12.9,-0.48,1.4
WR added to scheme scoring,2022,18,Russell Gage,WR,9.1,9.1,10.5,0.0,1.4
WR added to scheme scoring,2023,4,DeAndre Hopkins,WR,11.69,11.69,10.3,0.0,1.39
WR added to scheme scoring,2023,3,Gabe Davis,WR,12.85,11.69,10.3,-1.16,1.39
WR added to scheme scoring,2025,3,Drake London,WR,11.5,11.89,10.5,0.39,1.39
WR added to scheme scoring,2025,15,Colston Loveland,TE,9.28,8.71,10.1,-0.57,1.39
WR added to scheme scoring,2022,7,Dalton Schultz,TE,8.33,8.52,9.9,0.19,1.38
WR added to scheme scoring,2025,16,Pat Freiermuth,TE,7.38,7.38,6.0,0.0,1.38
WR added to scheme scoring,2025,9,Courtland Sutton,WR,8.52,8.62,10.0,0.1,1.38
WR added to scheme scoring,2025,12,Tre Tucker,WR,7.37,7.18,5.8,-0.19,1.38
WR added to scheme scoring,2024,3,Marvin Harrison Jr.,WR,16.02,16.02,17.4,0.0,1.38
WR added to scheme scoring,2024,6,Tee Higgins,WR,13.52,13.33,14.7,-0.19,1.37
WR added to scheme scoring,2022,15,Chris Olave,WR,9.77,9.67,8.3,-0.1,1.37
WR added to scheme scoring,2022,7,DeVante Parker,WR,7.85,8.43,9.8,0.58,1.37
WR added to scheme scoring,2023,3,Chris Olave,WR,18.52,19.77,18.4,1.25,1.37
WR added to scheme scoring,2024,15,Michael Pittman,WR,8.43,8.43,9.8,0.0,1.37
WR added to scheme scoring,2024,11,Isaiah Likely,TE,8.14,8.14,9.5,0.0,1.36
WR added to scheme scoring,2025,10,Cooper Kupp,WR,7.95,8.04,9.4,0.09,1.36
WR added to scheme scoring,2025,9,Rashid Shaheed,WR,10.73,10.44,11.8,-0.29,1.36
WR added to scheme scoring,2024,11,Zay Flowers,WR,10.54,10.54,11.9,0.0,1.36
WR added to scheme scoring,2025,4,Zay Flowers,WR,13.04,13.04,14.4,0.0,1.36
WR added to scheme scoring,2022,10,T.J. Hockenson,TE,9.76,10.14,11.5,0.38,1.36
WR added to scheme scoring,2022,7,Olamide Zaccheaus,WR,7.85,7.46,6.1,-0.39,1.36
WR added to scheme scoring,2023,3,Kendrick Bourne,WR,9.67,9.96,8.6,0.29,1.36
WR added to scheme scoring,2024,9,Ladd McConkey,WR,12.75,12.75,11.4,0.0,1.35
WR added to scheme scoring,2024,7,Justin Jefferson,WR,18.9,20.05,21.4,1.15,1.35
WR added to scheme scoring,2022,13,Mark Andrews,TE,8.05,8.05,9.4,0.0,1.35
WR added to scheme scoring,2023,6,Chris Olave,WR,14.58,15.25,16.6,0.67,1.35
WR added to scheme scoring,2025,8,Tee Higgins,WR,12.46,12.75,11.4,0.29,1.35
WR added to scheme scoring,2023,12,Courtland Sutton,WR,10.92,10.44,9.1,-0.48,1.34
WR added to scheme scoring,2025,6,Jaylen Waddle,WR,14.58,14.48,15.82,-0.1,1.34
WR added to scheme scoring,2024,6,Xavier Legette,WR,10.25,9.96,11.3,-0.29,1.34
WR added to scheme scoring,2023,11,Deebo Samuel Sr.,WR,10.54,10.54,9.2,0.0,1.34
WR added to scheme scoring,2025,9,Rashee Rice,WR,17.17,17.27,18.6,0.1,1.33
WR added to scheme scoring,2025,18,Jaxon Smith-Njigba,WR,15.83,15.73,14.4,-0.1,1.33
WR added to scheme scoring,2022,16,Allen Lazard,WR,9.58,9.77,11.1,0.19,1.33
WR added to scheme scoring,2025,18,Jakobi Meyers,WR,10.64,10.73,9.4,0.09,1.33
WR added to scheme scoring,2024,7,Jordan Addison,WR,10.35,10.92,9.6,0.57,1.32
WR added to scheme scoring,2023,13,Diontae Johnson,WR,11.98,11.98,13.3,0.0,1.32
WR added to scheme scoring,2022,5,Nico Collins,WR,9.19,9.19,10.5,0.0,1.31
WR added to scheme scoring,2022,13,Josh Palmer,WR,11.89,11.69,13.0,-0.2,1.31
WR added to scheme scoring,2024,10,Dallas Goedert,TE,9.19,9.19,10.5,0.0,1.31
WR added to scheme scoring,2023,13,Curtis Samuel,WR,9.0,9.19,10.5,0.19,1.31
WR added to scheme scoring,2025,16,Khalil Shakir,WR,8.14,8.71,7.4,0.57,1.31
WR added to scheme scoring,2022,8,Tyler Boyd,WR,11.31,14.1,12.8,2.79,1.3
WR added to scheme scoring,2024,18,Calvin Ridley,WR,9.0,9.0,10.3,0.0,1.3
WR added to scheme scoring,2024,15,T.J. Hockenson,TE,9.28,8.9,10.2,-0.38,1.3
WR added to scheme scoring,2022,8,Chris Olave,WR,10.73,11.5,10.2,0.77,1.3
WR added to scheme scoring,2024,10,Evan Engram,TE,8.33,8.71,10.0,0.38,1.29
WR added to scheme scoring,2022,18,Robert Tonyan,TE,7.19,7.19,5.9,0.0,1.29
WR added to scheme scoring,2023,11,Travis Kelce,TE,15.65,16.69,15.4,1.04,1.29
WR added to scheme scoring,2024,8,Tyreek Hill,WR,14.29,14.48,13.2,0.19,1.28
WR added to scheme scoring,2023,6,Travis Kelce,TE,22.77,22.68,21.4,-0.09,1.28
WR added to scheme scoring,2024,3,DeVonta Smith,WR,14.1,13.62,14.9,-0.48,1.28
WR added to scheme scoring,2025,12,Christian Watson,WR,8.91,8.62,9.9,-0.29,1.28
WR added to scheme scoring,2023,8,Keenan Allen,WR,13.33,13.62,14.9,0.29,1.28
WR added to scheme scoring,2025,5,Brian Thomas Jr.,WR,10.64,10.73,12.0,0.09,1.27
WR added to scheme scoring,2024,12,Xavier Legette,WR,7.95,8.33,9.6,0.38,1.27
WR added to scheme scoring,2023,10,Jordan Addison,WR,11.5,12.17,10.9,0.67,1.27
WR added to scheme scoring,2024,4,Tyler Lockett,WR,11.98,12.37,11.1,0.39,1.27
WR added to scheme scoring,2025,16,Dallas Goedert,TE,13.75,13.46,12.2,-0.29,1.26
WR added to scheme scoring,2024,10,Josh Downs,WR,14.67,12.94,14.2,-1.73,1.26
WR added to scheme scoring,2022,7,Chase Claypool,WR,8.04,7.85,9.1,-0.19,1.25
WR added to scheme scoring,2022,8,Zay Jones,WR,7.75,7.75,6.5,0.0,1.25
WR added to scheme scoring,2024,5,Cade Otton,TE,5.96,6.15,7.4,0.19,1.25
WR added to scheme scoring,2025,14,Deebo Samuel Sr.,WR,8.52,7.95,6.7,-0.57,1.25
WR added to scheme scoring,2023,18,Dalton Schultz,TE,7.95,7.95,9.2,0.0,1.25
WR added to scheme scoring,2024,13,Jaylen Waddle,WR,9.77,10.06,11.3,0.29,1.24
WR added to scheme scoring,2025,11,Colston Loveland,TE,8.81,8.24,7.0,-0.57,1.24
WR added to scheme scoring,2024,5,Mike Gesicki,TE,6.24,6.34,5.1,0.1,1.24
WR added to scheme scoring,2024,3,Courtland Sutton,WR,10.92,12.56,13.8,1.64,1.24
WR added to scheme scoring,2025,9,Tetairoa McMillan,WR,7.66,7.37,8.6,-0.29,1.23
WR added to scheme scoring,2022,12,Mark Andrews,TE,12.23,12.23,11.0,0.0,1.23
WR added to scheme scoring,2025,13,Keenan Allen,WR,8.43,8.23,7.0,-0.2,1.23
WR added to scheme scoring,2022,13,Austin Hooper,TE,6.53,6.43,5.2,-0.1,1.23
WR added to scheme scoring,2024,5,Noah Fant,TE,6.62,6.62,5.4,0.0,1.22
WR added to scheme scoring,2023,11,Chris Godwin Jr.,WR,11.12,11.12,9.9,0.0,1.22
WR added to scheme scoring,2022,7,Mike Gesicki,TE,6.91,6.91,5.7,0.0,1.21
WR added to scheme scoring,2025,8,Juwan Johnson,TE,9.09,9.09,10.3,0.0,1.21
WR added to scheme scoring,2025,7,Matthew Golden,WR,8.71,8.91,7.7,0.2,1.21
WR added to scheme scoring,2022,16,Mark Andrews,TE,8.71,8.71,7.5,0.0,1.21
WR added to scheme scoring,2025,6,Jake Ferguson,TE,11.09,11.09,12.3,0.0,1.21
WR added to scheme scoring,2024,4,Marvin Harrison Jr.,WR,14.29,14.29,15.5,0.0,1.21
WR added to scheme scoring,2025,9,Tyler Higbee,TE,9.0,9.09,10.3,0.09,1.21
WR added to scheme scoring,2024,8,Christian Kirk,WR,8.81,9.1,7.9,0.29,1.2
WR added to scheme scoring,2023,14,Chris Olave,WR,11.12,11.6,12.8,0.48,1.2
WR added to scheme scoring,2023,4,Chig Okonkwo,TE,7.1,7.1,5.9,0.0,1.2
WR added to scheme scoring,2022,5,Terry McLaurin,WR,12.46,11.4,12.6,-1.06,1.2
WR added to scheme scoring,2025,17,Jakobi Meyers,WR,9.58,9.1,7.9,-0.48,1.2
WR added to scheme scoring,2024,15,DJ Moore,WR,14.19,13.81,15.0,-0.38,1.19
WR added to scheme scoring,2022,14,T.J. Hockenson,TE,12.7,12.51,13.7,-0.19,1.19
WR added to scheme scoring,2024,4,Ja'Marr Chase,WR,15.73,16.31,17.5,0.58,1.19
WR added to scheme scoring,2024,6,David Njoku,TE,6.91,6.91,8.1,0.0,1.19
WR added to scheme scoring,2025,9,Oronde Gadsden II,TE,12.8,12.99,11.8,0.19,1.19
WR added to scheme scoring,2024,12,Rashod Bateman,WR,11.12,11.12,12.3,0.0,1.18
WR added to scheme scoring,2022,16,Christian Watson,WR,11.89,12.08,10.9,0.19,1.18
WR added to scheme scoring,2024,14,Mike Evans,WR,11.89,12.08,10.9,0.19,1.18
WR added to scheme scoring,2023,13,Tyler Conklin,TE,7.76,7.67,6.5,-0.09,1.17
WR added to scheme scoring,2023,11,Michael Gallup,WR,7.46,7.27,6.1,-0.19,1.17
WR added to scheme scoring,2022,15,Christian Watson,WR,10.16,9.77,8.6,-0.39,1.17
WR added to scheme scoring,2022,12,Noah Fant,TE,7.76,7.57,6.4,-0.19,1.17
WR added to scheme scoring,2023,17,Drake London,WR,8.23,8.43,9.6,0.2,1.17
WR added to scheme scoring,2024,4,Jauan Jennings,WR,11.12,10.64,11.8,-0.48,1.16
WR added to scheme scoring,2023,3,Tyler Boyd,WR,11.21,10.06,8.9,-1.15,1.16
WR added to scheme scoring,2025,17,Romeo Doubs,WR,8.23,8.04,9.2,-0.19,1.16
WR added to scheme scoring,2022,12,Jakobi Meyers,WR,10.16,10.35,9.2,0.19,1.15
WR added to scheme scoring,2025,5,Dallas Goedert,TE,9.66,9.76,10.9,0.1,1.14
WR added to scheme scoring,2023,18,Juwan Johnson,TE,8.14,8.14,7.0,0.0,1.14
WR added to scheme scoring,2024,10,Keenan Allen,WR,10.16,10.54,9.4,0.38,1.14
WR added to scheme scoring,2022,13,Chris Godwin Jr.,WR,15.92,15.44,14.3,-0.48,1.14
WR added to scheme scoring,2023,11,Terry McLaurin,WR,9.87,10.44,9.3,0.57,1.14
WR added to scheme scoring,2023,14,Romeo Doubs,WR,7.85,8.33,7.2,0.48,1.13
WR added to scheme scoring,2024,9,Terry McLaurin,WR,15.15,14.77,15.9,-0.38,1.13
WR added to scheme scoring,2022,15,Austin Hooper,TE,6.24,6.43,5.3,0.19,1.13
WR added to scheme scoring,2023,3,Jerry Jeudy,WR,13.13,11.98,13.1,-1.15,1.12
WR added to scheme scoring,2022,6,Adam Thielen,WR,14.58,14.48,15.6,-0.1,1.12
WR added to scheme scoring,2022,16,Brandon Aiyuk,WR,11.89,11.98,13.1,0.09,1.12
WR added to scheme scoring,2025,7,Romeo Doubs,WR,11.31,12.08,13.2,0.77,1.12
WR added to scheme scoring,2022,12,Marquise Brown,WR,9.48,9.48,10.6,0.0,1.12
WR added to scheme scoring,2022,3,Michael Pittman,WR,16.31,16.31,15.2,0.0,1.11
WR added to scheme scoring,2024,9,Tucker Kraft,TE,7.86,8.71,7.6,0.85,1.11
WR added to scheme scoring,2025,8,Wan'Dale Robinson,WR,8.14,8.91,7.8,0.77,1.11
WR added to scheme scoring,2024,7,Foster Moreau,TE,6.91,6.91,5.8,0.0,1.11
WR added to scheme scoring,2025,4,Tyreek Hill,WR,15.15,13.81,12.7,-1.34,1.11
WR added to scheme scoring,2022,17,Brandin Cooks,WR,9.0,9.0,7.9,0.0,1.1
WR added to scheme scoring,2022,11,Nico Collins,WR,8.71,8.71,9.8,0.0,1.09
WR added to scheme scoring,2022,7,Pat Freiermuth,TE,14.6,14.41,15.5,-0.19,1.09
WR added to scheme scoring,2022,6,Gerald Everett,TE,6.81,6.81,7.9,0.0,1.09
WR added to scheme scoring,2025,18,Kyle Pitts,TE,12.89,12.89,11.8,0.0,1.09
WR added to scheme scoring,2022,14,Tyler Conklin,TE,6.53,6.72,7.8,0.19,1.08
WR added to scheme scoring,2025,8,CeeDee Lamb,WR,13.52,13.52,14.6,0.0,1.08
WR added to scheme scoring,2022,5,Diontae Johnson,WR,11.98,12.08,11.0,0.1,1.08
WR added to scheme scoring,2022,11,T.J. Hockenson,TE,9.95,9.47,8.4,-0.48,1.07
WR added to scheme scoring,2024,12,Jameson Williams,WR,11.21,10.73,11.8,-0.48,1.07
WR added to scheme scoring,2022,3,Tee Higgins,WR,12.56,13.23,14.3,0.67,1.07
WR added to scheme scoring,2023,4,Darnell Mooney,WR,9.87,10.16,9.1,0.29,1.06
WR added to scheme scoring,2024,15,Dalton Kincaid,TE,7.76,8.24,9.3,0.48,1.06
WR added to scheme scoring,2023,5,Zach Ertz,TE,8.05,7.95,9.0,-0.1,1.05
WR added to scheme scoring,2023,3,Gerald Everett,TE,8.14,7.95,9.0,-0.19,1.05
WR added to scheme scoring,2022,5,Zach Ertz,TE,11.85,11.85,10.8,0.0,1.05
WR added to scheme scoring,2022,8,T.J. Hockenson,TE,9.66,9.95,11.0,0.29,1.05
WR added to scheme scoring,2022,17,Michael Gallup,WR,8.33,7.95,6.9,-0.38,1.05
WR added to scheme scoring,2024,6,Rashod Bateman,WR,10.06,10.06,11.1,0.0,1.04
WR added to scheme scoring,2023,4,Ja'Marr Chase,WR,15.63,15.34,14.3,-0.29,1.04
WR added to scheme scoring,2022,8,Alec Pierce,WR,11.21,10.54,9.5,-0.67,1.04
WR added to scheme scoring,2025,14,Devaughn Vele,WR,7.85,8.04,7.0,0.19,1.04
WR added to scheme scoring,2023,17,Pat Freiermuth,TE,8.81,8.43,7.4,-0.38,1.03
WR added to scheme scoring,2024,3,Mike Gesicki,TE,7.67,7.67,8.7,0.0,1.03
WR added to scheme scoring,2022,9,Chris Godwin Jr.,WR,9.58,9.67,10.7,0.09,1.03
WR added to scheme scoring,2023,11,Dalton Kincaid,TE,10.04,9.57,10.6,-0.47,1.03
WR added to scheme scoring,2022,15,Mike Evans,WR,11.98,12.27,13.3,0.29,1.03
WR added to scheme scoring,2022,15,DK Metcalf,WR,13.13,13.52,12.5,0.39,1.02
WR added to scheme scoring,2025,8,Evan Engram,TE,8.71,8.62,7.6,-0.09,1.02
WR added to scheme scoring,2025,10,Puka Nacua,WR,19.38,18.42,17.4,-0.96,1.02
WR added to scheme scoring,2022,3,Curtis Samuel,WR,12.17,12.08,13.1,-0.09,1.02
WR added to scheme scoring,2023,12,Khalil Shakir,WR,9.0,8.71,7.7,-0.29,1.01
WR added to scheme scoring,2025,8,Xavier Worthy,WR,9.1,9.29,10.3,0.19,1.01
WR added to scheme scoring,2024,3,Justin Jefferson,WR,19.67,19.09,20.1,-0.58,1.01
WR added to scheme scoring,2025,3,Alec Pierce,WR,11.69,11.69,10.7,0.0,0.99
WR added to scheme scoring,2024,16,Rome Odunze,WR,8.33,8.71,9.7,0.38,0.99
WR added to scheme scoring,2025,16,Michael Wilson,WR,14.19,14.19,13.2,0.0,0.99
WR added to scheme scoring,2022,5,Robert Tonyan,TE,7.0,7.29,6.3,0.29,0.99
WR added to scheme scoring,2025,11,Zach Ertz,TE,9.19,9.19,8.2,0.0,0.99
WR added to scheme scoring,2024,13,Jaxon Smith-Njigba,WR,10.64,10.92,11.9,0.28,0.98
WR added to scheme scoring,2025,7,Quentin Johnston,WR,12.08,11.98,11.0,-0.1,0.98
WR added to scheme scoring,2025,14,Jalen Nailor,WR,7.18,6.98,6.0,-0.2,0.98
WR added to scheme scoring,2024,4,Darnell Mooney,WR,9.67,9.58,8.6,-0.09,0.98
WR added to scheme scoring,2024,13,Jauan Jennings,WR,9.96,9.58,8.6,-0.38,0.98
WR added to scheme scoring,2022,6,Zay Jones,WR,8.33,8.23,9.2,-0.1,0.97
WR added to scheme scoring,2023,14,Travis Kelce,TE,15.84,15.27,14.3,-0.57,0.97
WR added to scheme scoring,2025,8,Chris Olave,WR,14.58,14.96,14.0,0.38,0.96
WR added to scheme scoring,2025,9,Zay Flowers,WR,10.44,10.44,11.4,0.0,0.96
WR added to scheme scoring,2022,4,Logan Thomas,TE,7.95,7.86,6.9,-0.09,0.96
WR added to scheme scoring,2022,9,Tyler Boyd,WR,10.73,10.35,9.4,-0.38,0.95
WR added to scheme scoring,2022,17,Keenan Allen,WR,12.46,12.75,11.8,0.29,0.95
WR added to scheme scoring,2024,9,Justin Jefferson,WR,19.77,20.63,21.58,0.86,0.95
WR added to scheme scoring,2023,15,Courtland Sutton,WR,13.23,13.04,12.1,-0.19,0.94
WR added to scheme scoring,2025,8,Jauan Jennings,WR,7.56,7.56,8.5,0.0,0.94
WR added to scheme scoring,2023,9,David Njoku,TE,11.66,11.66,12.6,0.0,0.94
WR added to scheme scoring,2025,9,Ja'Marr Chase,WR,17.94,18.04,17.1,0.1,0.94
WR added to scheme scoring,2022,8,Chris Godwin Jr.,WR,12.46,12.56,13.5,0.1,0.94
WR added to scheme scoring,2024,13,DK Metcalf,WR,9.29,9.67,10.6,0.38,0.93
WR added to scheme scoring,2024,4,Jerry Jeudy,WR,12.27,12.27,13.2,0.0,0.93
WR added to scheme scoring,2022,11,Mark Andrews,TE,11.37,11.37,12.3,0.0,0.93
WR added to scheme scoring,2025,3,Amon-Ra St. Brown,WR,18.61,19.77,20.7,1.16,0.93
WR added to scheme scoring,2025,8,Zach Ertz,TE,6.53,6.53,5.6,0.0,0.93
WR added to scheme scoring,2023,9,Jordan Addison,WR,10.83,11.12,10.2,0.29,0.92
WR added to scheme scoring,2022,12,Cole Kmet,TE,6.53,6.62,5.7,0.09,0.92
WR added to scheme scoring,2023,11,Zay Flowers,WR,8.91,8.91,8.0,0.0,0.91
WR added to scheme scoring,2024,17,Xavier Legette,WR,8.71,8.71,7.8,0.0,0.91
WR added to scheme scoring,2024,11,Evan Engram,TE,8.14,8.71,7.8,0.57,0.91
WR added to scheme scoring,2022,14,Gerald Everett,TE,8.9,8.71,7.8,-0.19,0.91
WR added to scheme scoring,2025,10,Dontayvion Wicks,WR,6.79,6.89,7.8,0.1,0.91
WR added to scheme scoring,2024,3,Kyle Pitts,TE,8.81,8.81,7.9,0.0,0.91
WR added to scheme scoring,2023,17,David Njoku,TE,16.5,16.5,17.4,0.0,0.9
WR added to scheme scoring,2023,16,DK Metcalf,WR,17.56,16.5,15.6,-1.06,0.9
WR added to scheme scoring,2023,18,Drake London,WR,9.0,9.0,8.1,0.0,0.9
WR added to scheme scoring,2023,3,Jake Ferguson,TE,8.9,8.9,9.8,0.0,0.9
WR added to scheme scoring,2024,9,Juwan Johnson,TE,6.91,7.0,6.1,0.09,0.9
WR added to scheme scoring,2023,12,Jordan Addison,WR,9.1,9.0,9.9,-0.1,0.9
WR added to scheme scoring,2025,13,Emeka Egbuka,WR,9.0,9.1,8.2,0.1,0.9
WR added to scheme scoring,2025,13,Puka Nacua,WR,13.81,14.1,13.2,0.29,0.9
WR added to scheme scoring,2023,6,Amari Cooper,WR,13.9,13.9,14.8,0.0,0.9
WR added to scheme scoring,2024,17,T.J. Hockenson,TE,10.9,10.9,11.8,0.0,0.9
WR added to scheme scoring,2025,5,Puka Nacua,WR,24.09,23.61,24.5,-0.48,0.89
WR added to scheme scoring,2025,17,Jauan Jennings,WR,11.4,11.31,12.2,-0.09,0.89
WR added to scheme scoring,2022,13,Justin Jefferson,WR,18.13,19.48,18.6,1.35,0.88
WR added to scheme scoring,2025,9,Justin Jefferson,WR,15.73,15.83,16.7,0.1,0.87
WR added to scheme scoring,2024,12,Jauan Jennings,WR,9.77,9.87,9.0,0.1,0.87
WR added to scheme scoring,2025,6,Darren Waller,TE,8.52,8.33,9.2,-0.19,0.87
WR added to scheme scoring,2022,18,Tyler Higbee,TE,6.34,6.43,7.3,0.09,0.87
WR added to scheme scoring,2023,6,Evan Engram,TE,10.99,10.23,11.1,-0.76,0.87
WR added to scheme scoring,2022,13,Christian Kirk,WR,18.32,17.27,16.4,-1.05,0.87
WR added to scheme scoring,2022,8,Dawson Knox,TE,8.33,8.14,9.0,-0.19,0.86
WR added to scheme scoring,2022,7,DeAndre Carter,WR,7.95,7.56,6.7,-0.39,0.86
WR added to scheme scoring,2023,17,Trey McBride,TE,11.66,11.66,10.8,0.0,0.86
WR added to scheme scoring,2025,5,A.J. Brown,WR,9.77,10.16,9.3,0.39,0.86
WR added to scheme scoring,2025,8,Romeo Doubs,WR,10.64,10.25,9.4,-0.39,0.85
WR added to scheme scoring,2025,13,George Kittle,TE,9.76,9.85,10.7,0.09,0.85
WR added to scheme scoring,2024,8,Brock Bowers,TE,9.57,9.95,10.8,0.38,0.85
WR added to scheme scoring,2023,9,Jayden Reed,WR,8.62,7.85,7.0,-0.77,0.85
WR added to scheme scoring,2025,10,Jakobi Meyers,WR,7.95,7.95,7.1,0.0,0.85
WR added to scheme scoring,2025,11,A.J. Brown,WR,12.56,12.75,11.9,0.19,0.85
WR added to scheme scoring,2022,15,Gabe Davis,WR,10.25,10.44,9.6,0.19,0.84
WR added to scheme scoring,2025,10,Tetairoa McMillan,WR,10.64,10.16,11.0,-0.48,0.84
WR added to scheme scoring,2023,11,Brandin Cooks,WR,7.95,8.04,7.2,0.09,0.84
WR added to scheme scoring,2022,18,Dallas Goedert,TE,9.57,9.76,10.6,0.19,0.84
WR added to scheme scoring,2023,9,Rashee Rice,WR,10.44,10.54,9.7,0.1,0.84
WR added to scheme scoring,2024,7,Darnell Mooney,WR,10.92,10.44,9.6,-0.48,0.84
WR added to scheme scoring,2024,7,Allen Lazard,WR,10.83,10.64,9.8,-0.19,0.84
WR added to scheme scoring,2025,15,A.J. Brown,WR,13.52,12.94,12.1,-0.58,0.84
WR added to scheme scoring,2024,3,Amon-Ra St. Brown,WR,19.67,19.67,20.5,0.0,0.83
WR added to scheme scoring,2024,9,Jalen Nailor,WR,8.23,8.52,7.7,0.29,0.82
WR added to scheme scoring,2023,6,Stefon Diggs,WR,20.25,20.82,20.0,0.57,0.82
WR added to scheme scoring,2023,7,Trey McBride,TE,6.72,6.72,5.9,0.0,0.82
WR added to scheme scoring,2023,5,Jake Ferguson,TE,6.24,6.62,5.8,0.38,0.82
WR added to scheme scoring,2023,3,Christian Kirk,WR,14.1,14.58,15.4,0.48,0.82
WR added to scheme scoring,2023,16,Brandin Cooks,WR,9.48,9.48,10.3,0.0,0.82
WR added to scheme scoring,2024,5,Justin Jefferson,WR,15.34,16.02,15.2,0.68,0.82
WR added to scheme scoring,2025,3,DJ Moore,WR,15.25,13.62,12.8,-1.63,0.82
WR added to scheme scoring,2022,7,Jaylen Waddle,WR,14.1,13.62,12.8,-0.48,0.82
WR added to scheme scoring,2022,16,Travis Kelce,TE,18.12,18.12,17.3,0.0,0.82
WR added to scheme scoring,2022,7,Russell Gage,WR,8.62,8.71,7.9,0.09,0.81
WR added to scheme scoring,2022,12,Austin Hooper,TE,7.1,6.81,6.0,-0.29,0.81
WR added to scheme scoring,2025,8,Josh Downs,WR,13.42,13.71,12.9,0.29,0.81
WR added to scheme scoring,2024,6,Michael Wilson,WR,9.29,9.29,10.1,0.0,0.81
WR added to scheme scoring,2025,12,George Kittle,TE,14.03,14.6,13.8,0.57,0.8
WR added to scheme scoring,2023,18,Davante Adams,WR,17.56,16.4,15.6,-1.16,0.8
WR added to scheme scoring,2023,4,Sam LaPorta,TE,8.52,8.81,9.6,0.29,0.79
WR added to scheme scoring,2025,3,Davante Adams,WR,14.67,13.81,14.6,-0.86,0.79
WR added to scheme scoring,2024,16,DeVonta Smith,WR,11.69,11.89,11.1,0.2,0.79
WR added to scheme scoring,2024,16,Jordan Addison,WR,14.1,13.71,14.5,-0.39,0.79
WR added to scheme scoring,2022,14,A.J. Brown,WR,15.73,16.21,17.0,0.48,0.79
WR added to scheme scoring,2025,5,Troy Franklin,WR,9.0,9.29,8.5,0.29,0.79
WR added to scheme scoring,2023,18,Darren Waller,TE,8.24,8.71,9.5,0.47,0.79
WR added to scheme scoring,2023,3,Tyler Higbee,TE,12.7,12.89,12.1,0.19,0.79
WR added to scheme scoring,2022,7,Marvin Jones,WR,8.81,8.91,9.7,0.1,0.79
WR added to scheme scoring,2022,14,Mike Evans,WR,9.0,9.19,8.4,0.19,0.79
WR added to scheme scoring,2024,12,Hunter Henry,TE,8.62,8.62,9.4,0.0,0.78
WR added to scheme scoring,2025,6,Mark Andrews,TE,7.38,7.38,6.6,0.0,0.78
WR added to scheme scoring,2025,6,Tucker Kraft,TE,12.42,13.08,12.3,0.66,0.78
WR added to scheme scoring,2022,13,Allen Lazard,WR,11.21,10.92,11.7,-0.29,0.78
WR added to scheme scoring,2025,11,Emeka Egbuka,WR,8.33,8.23,9.0,-0.1,0.77
WR added to scheme scoring,2022,17,Jauan Jennings,WR,7.37,7.37,6.6,0.0,0.77
WR added to scheme scoring,2024,5,Tyler Lockett,WR,11.31,10.73,11.5,-0.58,0.77
WR added to scheme scoring,2024,8,Will Dissly,TE,8.33,8.33,9.1,0.0,0.77
WR added to scheme scoring,2024,9,Darius Slayton,WR,8.04,8.23,9.0,0.19,0.77
WR added to scheme scoring,2024,12,Will Dissly,TE,9.19,9.47,8.7,0.28,0.77
WR added to scheme scoring,2025,9,Hunter Henry,TE,8.33,8.33,9.1,0.0,0.77
WR added to scheme scoring,2022,9,Zay Jones,WR,9.19,9.77,9.0,0.58,0.77
WR added to scheme scoring,2024,16,Jauan Jennings,WR,8.52,8.33,9.1,-0.19,0.77
WR added to scheme scoring,2023,14,Tee Higgins,WR,9.29,8.43,9.2,-0.86,0.77
WR added to scheme scoring,2025,16,Darren Waller,TE,7.67,7.76,7.0,0.09,0.76
WR added to scheme scoring,2023,3,Stefon Diggs,WR,20.92,19.86,19.1,-1.06,0.76
WR added to scheme scoring,2022,8,Brandin Cooks,WR,10.54,10.54,11.3,0.0,0.76
WR added to scheme scoring,2022,15,Elijah Moore,WR,10.54,10.16,9.4,-0.38,0.76
WR added to scheme scoring,2022,10,Jarvis Landry,WR,7.85,7.46,6.7,-0.39,0.76
WR added to scheme scoring,2024,8,George Pickens,WR,11.02,10.64,11.4,-0.38,0.76
WR added to scheme scoring,2022,15,Tyler Lockett,WR,13.04,13.04,13.8,0.0,0.76
WR added to scheme scoring,2022,7,Hayden Hurst,TE,10.04,10.04,10.8,0.0,0.76
WR added to scheme scoring,2023,16,Trey McBride,TE,9.85,9.85,9.1,0.0,0.75
WR added to scheme scoring,2025,14,Xavier Worthy,WR,7.46,7.75,8.5,0.29,0.75
WR added to scheme scoring,2022,9,Will Dissly,TE,5.86,6.15,5.4,0.29,0.75
WR added to scheme scoring,2025,5,Khalil Shakir,WR,10.06,10.25,11.0,0.19,0.75
WR added to scheme scoring,2025,11,Hunter Henry,TE,8.05,7.76,8.5,-0.29,0.74
WR added to scheme scoring,2023,7,K.J. Osborn,WR,10.25,10.44,9.7,0.19,0.74
WR added to scheme scoring,2022,7,Darnell Mooney,WR,7.18,7.56,8.3,0.38,0.74
WR added to scheme scoring,2025,6,Chris Olave,WR,15.25,15.06,15.8,-0.19,0.74
WR added to scheme scoring,2023,3,Garrett Wilson,WR,10.64,10.54,9.8,-0.1,0.74
WR added to scheme scoring,2023,17,DK Metcalf,WR,14.67,14.86,15.6,0.19,0.74
WR added to scheme scoring,2023,12,Christian Kirk,WR,12.27,12.17,12.9,-0.1,0.73
WR added to scheme scoring,2025,13,Marquise Brown,WR,11.31,10.73,10.0,-0.58,0.73
WR added to scheme scoring,2025,8,Cade Otton,TE,8.81,8.71,8.0,-0.1,0.71
WR added to scheme scoring,2024,6,Juwan Johnson,TE,6.53,7.1,7.8,0.57,0.7
WR added to scheme scoring,2023,6,DK Metcalf,WR,11.21,11.6,10.9,0.39,0.7
WR added to scheme scoring,2022,16,Dallas Goedert,TE,9.47,9.0,9.7,-0.47,0.7
WR added to scheme scoring,2024,12,Travis Kelce,TE,12.7,12.89,12.2,0.19,0.69
WR added to scheme scoring,2022,13,Diontae Johnson,WR,12.08,11.69,11.0,-0.39,0.69
WR added to scheme scoring,2022,5,Cooper Kupp,WR,26.11,26.59,25.9,0.48,0.69
WR added to scheme scoring,2022,12,Jaylen Waddle,WR,14.58,14.19,13.5,-0.39,0.69
WR added to scheme scoring,2023,9,Michael Pittman,WR,14.19,13.71,14.4,-0.48,0.69
WR added to scheme scoring,2022,9,Gerald Everett,TE,9.09,9.28,8.6,0.19,0.68
WR added to scheme scoring,2025,17,A.J. Brown,WR,10.83,11.12,11.8,0.29,0.68
WR added to scheme scoring,2023,8,DK Metcalf,WR,10.44,11.02,11.7,0.58,0.68
WR added to scheme scoring,2023,14,Calvin Ridley,WR,8.33,8.62,9.3,0.29,0.68
WR added to scheme scoring,2022,7,Chris Godwin Jr.,WR,10.73,10.83,11.5,0.1,0.67
WR added to scheme scoring,2025,13,Chig Okonkwo,TE,7.19,7.57,6.9,0.38,0.67
WR added to scheme scoring,2023,3,George Pickens,WR,11.89,12.17,11.5,0.28,0.67
WR added to scheme scoring,2023,15,Calvin Ridley,WR,8.04,8.23,8.9,0.19,0.67
WR added to scheme scoring,2023,16,A.J. Brown,WR,14.0,14.67,14.0,0.67,0.67
WR added to scheme scoring,2025,11,Keenan Allen,WR,9.87,9.96,9.3,0.09,0.66
WR added to scheme scoring,2022,12,Chris Olave,WR,10.44,10.54,11.2,0.1,0.66
WR added to scheme scoring,2025,8,Calvin Austin III,WR,7.37,7.46,6.8,0.09,0.66
WR added to scheme scoring,2025,8,Noah Fant,TE,8.05,7.76,7.1,-0.29,0.66
WR added to scheme scoring,2024,9,Josh Downs,WR,12.56,12.65,12.0,0.09,0.65
WR added to scheme scoring,2024,5,Cole Kmet,TE,8.43,8.05,8.7,-0.38,0.65
WR added to scheme scoring,2023,13,Tyler Higbee,TE,6.53,6.15,5.5,-0.38,0.65
WR added to scheme scoring,2024,4,Tee Higgins,WR,12.27,12.65,12.0,0.38,0.65
WR added to scheme scoring,2023,13,DJ Chark,WR,7.75,7.95,8.6,0.2,0.65
WR added to scheme scoring,2025,12,DeVonta Smith,WR,15.83,15.54,14.9,-0.29,0.64
WR added to scheme scoring,2024,14,Travis Kelce,TE,10.14,10.14,9.5,0.0,0.64
WR added to scheme scoring,2022,13,Deebo Samuel Sr.,WR,13.13,12.94,12.3,-0.19,0.64
WR added to scheme scoring,2025,8,Kendrick Bourne,WR,7.95,8.04,7.4,0.09,0.64
WR added to scheme scoring,2023,7,Jaylen Waddle,WR,12.46,12.94,12.3,0.48,0.64
WR added to scheme scoring,2024,5,Christian Kirk,WR,11.21,12.17,12.8,0.96,0.63
WR added to scheme scoring,2023,6,A.J. Brown,WR,19.48,20.73,20.1,1.25,0.63
WR added to scheme scoring,2025,6,AJ Barner,TE,9.0,9.47,10.1,0.47,0.63
WR added to scheme scoring,2022,16,DK Metcalf,WR,15.63,15.73,15.1,0.1,0.63
WR added to scheme scoring,2025,8,Stefon Diggs,WR,10.83,11.02,10.4,0.19,0.62
WR added to scheme scoring,2023,13,George Pickens,WR,12.27,11.98,12.6,-0.29,0.62
WR added to scheme scoring,2025,16,Chris Godwin Jr.,WR,8.43,8.62,8.0,0.19,0.62
WR added to scheme scoring,2025,4,Jaxon Smith-Njigba,WR,14.0,13.62,13.0,-0.38,0.62
WR added to scheme scoring,2025,12,Calvin Austin III,WR,6.89,6.98,7.6,0.09,0.62
WR added to scheme scoring,2024,14,Jake Ferguson,TE,6.81,6.81,6.2,0.0,0.61
WR added to scheme scoring,2022,3,Dallas Goedert,TE,10.61,10.99,11.6,0.38,0.61
WR added to scheme scoring,2023,17,Garrett Wilson,WR,9.19,9.29,9.9,0.1,0.61
WR added to scheme scoring,2022,13,Tyler Boyd,WR,9.19,9.39,10.0,0.2,0.61
WR added to scheme scoring,2024,3,Brian Thomas Jr.,WR,9.1,9.19,9.8,0.09,0.61
WR added to scheme scoring,2024,6,Michael Pittman,WR,11.79,11.89,12.5,0.1,0.61
WR added to scheme scoring,2022,11,Brandin Cooks,WR,9.39,9.39,10.0,0.0,0.61
WR added to scheme scoring,2022,8,Hayden Hurst,TE,8.81,8.81,8.2,0.0,0.61
WR added to scheme scoring,2023,5,Jerry Jeudy,WR,11.98,11.6,11.0,-0.38,0.6
WR added to scheme scoring,2024,5,Michael Pittman,WR,13.23,14.1,14.7,0.87,0.6
WR added to scheme scoring,2022,5,Michael Pittman,WR,11.5,11.5,10.9,0.0,0.6
WR added to scheme scoring,2025,14,Khalil Shakir,WR,9.58,9.0,9.6,-0.58,0.6
WR added to scheme scoring,2023,17,Chig Okonkwo,TE,6.91,7.0,6.4,0.09,0.6
WR added to scheme scoring,2023,10,Jaxon Smith-Njigba,WR,8.81,8.71,9.3,-0.1,0.59
WR added to scheme scoring,2023,10,Christian Kirk,WR,13.42,13.81,14.4,0.39,0.59
WR added to scheme scoring,2023,9,Tyler Boyd,WR,10.06,9.19,8.6,-0.87,0.59
WR added to scheme scoring,2022,7,Tyler Lockett,WR,11.98,12.08,11.5,0.1,0.58
WR added to scheme scoring,2022,14,Garrett Wilson,WR,14.1,14.38,13.8,0.28,0.58
WR added to scheme scoring,2025,14,Jayden Higgins,WR,6.98,6.98,6.4,0.0,0.58
WR added to scheme scoring,2025,9,George Pickens,WR,14.1,14.48,13.9,0.38,0.58
WR added to scheme scoring,2022,12,Terry McLaurin,WR,10.25,9.87,9.3,-0.38,0.57
WR added to scheme scoring,2022,4,Romeo Doubs,WR,12.65,13.13,13.7,0.48,0.57
WR added to scheme scoring,2022,7,Jakobi Meyers,WR,10.73,10.83,11.4,0.1,0.57
WR added to scheme scoring,2023,10,Logan Thomas,TE,7.95,8.43,9.0,0.48,0.57
WR added to scheme scoring,2023,12,Diontae Johnson,WR,8.62,8.43,9.0,-0.19,0.57
WR added to scheme scoring,2025,8,DeVonta Smith,WR,15.73,14.96,14.4,-0.77,0.56
WR added to scheme scoring,2024,8,Davante Adams,WR,9.87,9.96,9.4,0.09,0.56
WR added to scheme scoring,2024,9,Dalton Kincaid,TE,8.14,7.76,7.2,-0.38,0.56
WR added to scheme scoring,2023,7,Romeo Doubs,WR,11.31,10.44,11.0,-0.87,0.56
WR added to scheme scoring,2022,11,Kyle Pitts,TE,8.05,7.86,7.3,-0.19,0.56
WR added to scheme scoring,2023,12,Davante Adams,WR,11.98,12.85,12.3,0.87,0.55
WR added to scheme scoring,2023,16,Isaiah Likely,TE,8.05,8.05,8.6,0.0,0.55
WR added to scheme scoring,2023,11,Dalton Schultz,TE,11.75,11.75,11.2,0.0,0.55
WR added to scheme scoring,2022,3,Travis Kelce,TE,17.55,17.36,17.9,-0.19,0.54
WR added to scheme scoring,2023,3,DJ Moore,WR,11.79,12.56,13.1,0.77,0.54
WR added to scheme scoring,2022,9,Terry McLaurin,WR,11.12,10.06,10.6,-1.06,0.54
WR added to scheme scoring,2022,16,Terrace Marshall Jr.,WR,7.85,8.04,7.5,0.19,0.54
WR added to scheme scoring,2025,9,CeeDee Lamb,WR,16.11,16.02,15.5,-0.09,0.52
WR added to scheme scoring,2023,3,Terry McLaurin,WR,9.29,9.58,10.1,0.29,0.52
WR added to scheme scoring,2025,5,Ladd McConkey,WR,14.58,14.38,14.9,-0.2,0.52
WR added to scheme scoring,2024,12,Ja'Tavion Sanders,TE,7.19,7.38,7.9,0.19,0.52
WR added to scheme scoring,2024,7,Garrett Wilson,WR,13.71,13.62,13.1,-0.09,0.52
WR added to scheme scoring,2023,4,CeeDee Lamb,WR,13.52,14.29,14.8,0.77,0.51
WR added to scheme scoring,2022,6,Jerry Jeudy,WR,8.81,8.91,8.4,0.1,0.51
WR added to scheme scoring,2024,6,Ladd McConkey,WR,8.04,8.81,8.3,0.77,0.51
WR added to scheme scoring,2022,14,Tyreek Hill,WR,18.71,18.61,18.1,-0.1,0.51
WR added to scheme scoring,2025,11,Courtland Sutton,WR,9.29,9.39,9.9,0.1,0.51
WR added to scheme scoring,2025,11,DK Metcalf,WR,9.29,9.39,9.9,0.1,0.51
WR added to scheme scoring,2022,10,Allen Robinson,WR,8.62,8.91,8.4,0.29,0.51
WR added to scheme scoring,2023,5,Tyler Boyd,WR,8.71,9.39,9.9,0.68,0.51
WR added to scheme scoring,2025,6,Zay Flowers,WR,9.1,9.1,8.6,0.0,0.5
WR added to scheme scoring,2023,8,Courtland Sutton,WR,11.02,11.4,10.9,0.38,0.5
WR added to scheme scoring,2024,15,DeAndre Hopkins,WR,9.1,9.1,8.6,0.0,0.5
WR added to scheme scoring,2025,12,Zay Flowers,WR,11.4,11.4,11.9,0.0,0.5
WR added to scheme scoring,2025,13,Hunter Henry,TE,10.99,10.8,11.3,-0.19,0.5
WR added to scheme scoring,2023,15,Chig Okonkwo,TE,7.0,7.1,6.6,0.1,0.5
WR added to scheme scoring,2025,12,Michael Pittman,WR,14.38,14.19,13.7,-0.19,0.49
WR added to scheme scoring,2023,15,Kyle Pitts,TE,7.57,7.19,6.7,-0.38,0.49
WR added to scheme scoring,2024,12,Rome Odunze,WR,9.39,9.39,8.9,0.0,0.49
WR added to scheme scoring,2024,8,Josh Palmer,WR,8.71,8.71,9.2,0.0,0.49
WR added to scheme scoring,2025,7,Stefon Diggs,WR,13.52,13.42,13.9,-0.1,0.48
WR added to scheme scoring,2023,6,Christian Kirk,WR,12.17,13.42,13.9,1.25,0.48
WR added to scheme scoring,2025,9,T.J. Hockenson,TE,8.9,8.62,9.1,-0.28,0.48
WR added to scheme scoring,2023,16,Jonnu Smith,TE,7.0,6.72,7.2,-0.28,0.48
WR added to scheme scoring,2024,11,Justin Jefferson,WR,13.23,13.62,14.1,0.39,0.48
WR added to scheme scoring,2025,14,Jake Ferguson,TE,11.56,11.28,10.8,-0.28,0.48
WR added to scheme scoring,2025,11,Romeo Doubs,WR,9.96,9.77,9.3,-0.19,0.47
WR added to scheme scoring,2025,14,T.J. Hockenson,TE,9.66,9.66,9.2,0.0,0.46
WR added to scheme scoring,2022,5,Allen Lazard,WR,12.37,13.04,13.5,0.67,0.46
WR added to scheme scoring,2025,17,Khalil Shakir,WR,8.71,9.96,9.5,1.25,0.46
WR added to scheme scoring,2022,18,Dawson Knox,TE,10.14,9.76,9.3,-0.38,0.46
WR added to scheme scoring,2024,11,Jayden Reed,WR,10.35,10.25,9.8,-0.1,0.45
WR added to scheme scoring,2023,15,Jake Ferguson,TE,9.95,9.95,10.4,0.0,0.45
WR added to scheme scoring,2022,17,Chris Olave,WR,7.56,7.75,8.2,0.19,0.45
WR added to scheme scoring,2025,3,Mike Evans,WR,13.42,12.85,13.3,-0.57,0.45
WR added to scheme scoring,2024,13,Zay Flowers,WR,10.54,10.54,10.1,0.0,0.44
WR added to scheme scoring,2025,17,Zay Flowers,WR,12.56,12.56,13.0,0.0,0.44
WR added to scheme scoring,2022,5,George Kittle,TE,8.05,8.14,7.7,0.09,0.44
WR added to scheme scoring,2022,4,Tyler Lockett,WR,15.83,15.54,15.1,-0.29,0.44
WR added to scheme scoring,2025,18,Elic Ayomanor,WR,7.85,7.56,8.0,-0.29,0.44
WR added to scheme scoring,2023,15,Darren Waller,TE,7.67,7.57,8.0,-0.1,0.43
WR added to scheme scoring,2024,6,Kyle Pitts,TE,9.76,9.57,10.0,-0.19,0.43
WR added to scheme scoring,2024,4,Khalil Shakir,WR,9.29,9.77,10.2,0.48,0.43
WR added to scheme scoring,2022,6,Jakobi Meyers,WR,9.0,9.58,10.0,0.58,0.42
WR added to scheme scoring,2022,12,George Pickens,WR,11.31,11.12,10.7,-0.19,0.42
WR added to scheme scoring,2023,3,T.J. Hockenson,TE,13.37,14.22,13.8,0.85,0.42
WR added to scheme scoring,2023,9,A.J. Brown,WR,18.13,19.19,19.6,1.06,0.41
WR added to scheme scoring,2022,16,Amon-Ra St. Brown,WR,14.38,14.19,14.6,-0.19,0.41
WR added to scheme scoring,2022,9,Foster Moreau,TE,6.62,6.81,6.4,0.19,0.41
WR added to scheme scoring,2022,7,Hunter Renfrow,WR,7.37,8.91,8.5,1.54,0.41
WR added to scheme scoring,2023,12,Cade Otton,TE,9.47,8.9,8.5,-0.57,0.4
WR added to scheme scoring,2024,10,Cade Otton,TE,8.9,8.9,8.5,0.0,0.4
WR added to scheme scoring,2023,7,Josh Reynolds,WR,6.6,6.7,6.3,0.1,0.4
WR added to scheme scoring,2024,4,Sam LaPorta,TE,9.38,8.9,9.3,-0.48,0.4
WR added to scheme scoring,2025,5,Nico Collins,WR,16.4,16.4,16.0,0.0,0.4
WR added to scheme scoring,2024,13,Michael Pittman,WR,8.91,8.81,9.2,-0.1,0.39
WR added to scheme scoring,2024,11,Jakobi Meyers,WR,9.39,9.19,8.8,-0.2,0.39
WR added to scheme scoring,2025,8,DJ Moore,WR,11.21,11.21,11.6,0.0,0.39
WR added to scheme scoring,2024,17,Deebo Samuel Sr.,WR,8.33,8.71,9.1,0.38,0.39
WR added to scheme scoring,2023,18,Puka Nacua,WR,14.29,14.48,14.1,0.19,0.38
WR added to scheme scoring,2024,13,Garrett Wilson,WR,9.77,9.48,9.1,-0.29,0.38
WR added to scheme scoring,2022,4,Dawson Knox,TE,6.91,7.38,7.0,0.47,0.38
WR added to scheme scoring,2022,17,T.J. Hockenson,TE,13.56,13.27,12.9,-0.29,0.37
WR added to scheme scoring,2022,7,Gerald Everett,TE,11.66,11.66,11.3,0.0,0.36
WR added to scheme scoring,2022,11,Tyler Higbee,TE,8.62,8.14,8.5,-0.48,0.36
WR added to scheme scoring,2022,15,Josh Palmer,WR,10.35,10.25,9.9,-0.1,0.35
WR added to scheme scoring,2023,4,Noah Fant,TE,7.57,7.95,8.3,0.38,0.35
WR added to scheme scoring,2025,7,T.J. Hockenson,TE,9.76,9.95,10.3,0.19,0.35
WR added to scheme scoring,2022,11,Allen Lazard,WR,10.64,10.35,10.7,-0.29,0.35
WR added to scheme scoring,2025,16,Troy Franklin,WR,10.25,10.25,10.6,0.0,0.35
WR added to scheme scoring,2024,11,Courtland Sutton,WR,15.25,15.15,14.8,-0.1,0.35
WR added to scheme scoring,2025,8,Hunter Henry,TE,8.05,8.05,7.7,0.0,0.35
WR added to scheme scoring,2023,13,Brandon Aiyuk,WR,15.25,15.25,15.6,0.0,0.35
WR added to scheme scoring,2024,5,Jaxon Smith-Njigba,WR,11.21,12.75,13.1,1.54,0.35
WR added to scheme scoring,2025,17,Jayden Reed,WR,7.66,7.75,8.1,0.09,0.35
WR added to scheme scoring,2022,7,Travis Kelce,TE,15.46,15.46,15.8,0.0,0.34
WR added to scheme scoring,2025,13,Travis Kelce,TE,15.93,15.84,15.5,-0.09,0.34
WR added to scheme scoring,2024,10,Quentin Johnston,WR,9.39,10.06,10.4,0.67,0.34
WR added to scheme scoring,2023,16,Jason Brownlee,WR,8.91,8.14,7.8,-0.77,0.34
WR added to scheme scoring,2025,14,Alec Pierce,WR,14.96,13.33,13.0,-1.63,0.33
WR added to scheme scoring,2022,10,Kalif Raymond,WR,7.56,7.37,7.7,-0.19,0.33
WR added to scheme scoring,2023,4,Davante Adams,WR,15.73,15.83,15.5,0.1,0.33
WR added to scheme scoring,2025,9,Quentin Johnston,WR,16.02,15.63,15.3,-0.39,0.33
WR added to scheme scoring,2023,12,Evan Engram,TE,10.04,10.23,9.9,0.19,0.33
WR added to scheme scoring,2024,11,DeMario Douglas,WR,8.33,9.58,9.9,1.25,0.32
WR added to scheme scoring,2023,17,Adam Thielen,WR,9.0,9.48,9.8,0.48,0.32
WR added to scheme scoring,2025,13,AJ Barner,TE,7.86,7.38,7.7,-0.48,0.32
WR added to scheme scoring,2024,18,Tucker Kraft,TE,7.48,7.29,7.6,-0.19,0.31
WR added to scheme scoring,2023,3,Mike Evans,WR,16.88,16.69,17.0,-0.19,0.31
WR added to scheme scoring,2022,17,Allen Lazard,WR,11.98,11.21,10.9,-0.77,0.31
WR added to scheme scoring,2022,13,Pat Freiermuth,TE,11.09,10.9,10.6,-0.19,0.3
WR added to scheme scoring,2023,4,Dalton Kincaid,TE,6.72,7.0,6.7,0.28,0.3
WR added to scheme scoring,2023,6,K.J. Osborn,WR,8.81,9.1,8.8,0.29,0.3
WR added to scheme scoring,2024,6,CeeDee Lamb,WR,16.31,16.4,16.1,0.09,0.3
WR added to scheme scoring,2023,11,Luke Musgrave,TE,6.62,7.1,6.8,0.48,0.3
WR added to scheme scoring,2025,3,KaVontae Turpin,WR,9.67,9.1,8.8,-0.57,0.3
WR added to scheme scoring,2022,16,Russell Gage,WR,11.21,11.21,11.5,0.0,0.29
WR added to scheme scoring,2022,11,Greg Dulcich,TE,7.38,7.29,7.0,-0.09,0.29
WR added to scheme scoring,2022,16,Gabe Davis,WR,11.31,11.79,11.5,0.48,0.29
WR added to scheme scoring,2022,13,Marquez Valdes-Scantling,WR,9.29,9.39,9.1,0.1,0.29
WR added to scheme scoring,2023,12,Terry McLaurin,WR,8.71,8.71,9.0,0.0,0.29
WR added to scheme scoring,2024,15,Calvin Ridley,WR,9.29,9.29,9.0,0.0,0.29
WR added to scheme scoring,2023,13,George Kittle,TE,9.95,10.52,10.8,0.57,0.28
WR added to scheme scoring,2023,7,Jerry Jeudy,WR,11.31,11.12,11.4,-0.19,0.28
WR added to scheme scoring,2022,5,Deebo Samuel Sr.,WR,10.92,10.92,11.2,0.0,0.28
WR added to scheme scoring,2022,18,Adam Thielen,WR,9.48,9.48,9.2,0.0,0.28
WR added to scheme scoring,2025,4,Rashid Shaheed,WR,9.1,9.48,9.2,0.38,0.28
WR added to scheme scoring,2022,11,Michael Gallup,WR,8.33,7.37,7.1,-0.96,0.27
WR added to scheme scoring,2022,12,Marquise Goodwin,WR,8.43,8.23,8.5,-0.2,0.27
WR added to scheme scoring,2022,9,DeAndre Hopkins,WR,13.33,13.33,13.6,0.0,0.27
WR added to scheme scoring,2022,6,Amari Cooper,WR,14.67,14.67,14.4,0.0,0.27
WR added to scheme scoring,2022,17,Donovan Peoples-Jones,WR,8.04,8.04,8.3,0.0,0.26
WR added to scheme scoring,2022,17,Dallas Goedert,TE,8.05,7.76,7.5,-0.29,0.26
WR added to scheme scoring,2024,14,DJ Moore,WR,10.35,10.64,10.9,0.29,0.26
WR added to scheme scoring,2024,15,Jordan Addison,WR,12.94,13.04,13.3,0.1,0.26
WR added to scheme scoring,2023,5,K.J. Osborn,WR,9.87,10.16,9.9,0.29,0.26
WR added to scheme scoring,2022,11,Chris Moore,WR,7.56,7.56,7.3,0.0,0.26
WR added to scheme scoring,2023,9,Terry McLaurin,WR,12.46,12.56,12.3,0.1,0.26
WR added to scheme scoring,2025,11,Wan'Dale Robinson,WR,7.08,7.85,7.6,0.77,0.25
WR added to scheme scoring,2023,7,Kyle Pitts,TE,8.24,7.95,7.7,-0.29,0.25
WR added to scheme scoring,2022,14,Nelson Agholor,WR,7.85,7.95,8.2,0.1,0.25
WR added to scheme scoring,2022,15,Amon-Ra St. Brown,WR,14.38,14.96,15.2,0.58,0.24
WR added to scheme scoring,2025,3,Cole Kmet,TE,8.81,8.24,8.0,-0.57,0.24
WR added to scheme scoring,2025,3,Terry McLaurin,WR,11.21,10.64,10.4,-0.57,0.24
WR added to scheme scoring,2024,16,Travis Kelce,TE,7.67,7.76,8.0,0.09,0.24
WR added to scheme scoring,2025,4,Marquise Brown,WR,13.04,13.04,12.8,0.0,0.24
WR added to scheme scoring,2022,10,Brandon Aiyuk,WR,12.27,12.17,12.4,-0.1,0.23
WR added to scheme scoring,2022,5,Courtland Sutton,WR,13.42,12.17,12.4,-1.25,0.23
WR added to scheme scoring,2022,12,Gerald Everett,TE,7.48,7.57,7.8,0.09,0.23
WR added to scheme scoring,2024,4,Drake London,WR,12.56,12.17,12.4,-0.39,0.23
WR added to scheme scoring,2023,4,DK Metcalf,WR,11.6,12.17,12.4,0.57,0.23
WR added to scheme scoring,2025,9,Elic Ayomanor,WR,7.27,7.37,7.6,0.1,0.23
WR added to scheme scoring,2022,8,Justin Jefferson,WR,16.11,16.02,15.8,-0.09,0.22
WR added to scheme scoring,2024,12,Michael Wilson,WR,7.18,7.18,7.4,0.0,0.22
WR added to scheme scoring,2024,12,Romeo Doubs,WR,8.14,8.62,8.4,0.48,0.22
WR added to scheme scoring,2024,14,Trey McBride,TE,14.22,14.22,14.0,0.0,0.22
WR added to scheme scoring,2022,10,Darnell Mooney,WR,9.48,9.48,9.7,0.0,0.22
WR added to scheme scoring,2023,3,Tutu Atwell,WR,17.56,16.98,17.2,-0.58,0.22
WR added to scheme scoring,2023,14,Jake Ferguson,TE,11.28,12.42,12.2,1.14,0.22
WR added to scheme scoring,2024,10,Kyle Pitts,TE,9.47,9.28,9.5,-0.19,0.22
WR added to scheme scoring,2025,6,Tre Tucker,WR,12.08,11.79,12.0,-0.29,0.21
WR added to scheme scoring,2022,13,Treylon Burks,WR,8.81,9.29,9.5,0.48,0.21
WR added to scheme scoring,2025,5,Tre Tucker,WR,11.12,11.31,11.1,0.19,0.21
WR added to scheme scoring,2024,3,Tyler Lockett,WR,8.91,9.39,9.6,0.48,0.21
WR added to scheme scoring,2025,15,Keenan Allen,WR,8.81,8.81,8.6,0.0,0.21
WR added to scheme scoring,2024,16,Puka Nacua,WR,13.23,13.81,13.6,0.58,0.21
WR added to scheme scoring,2024,16,Tyreek Hill,WR,11.5,11.69,11.9,0.19,0.21
WR added to scheme scoring,2022,4,Courtland Sutton,WR,14.29,16.4,16.2,2.11,0.2
WR added to scheme scoring,2023,15,CeeDee Lamb,WR,19.57,18.8,18.6,-0.77,0.2
WR added to scheme scoring,2022,5,Brandon Aiyuk,WR,8.81,9.0,8.8,0.19,0.2
WR added to scheme scoring,2024,13,Courtland Sutton,WR,16.21,16.4,16.2,0.19,0.2
WR added to scheme scoring,2024,10,Zach Ertz,TE,7.0,6.91,7.1,-0.09,0.19
WR added to scheme scoring,2024,12,Ladd McConkey,WR,14.29,14.48,14.3,0.19,0.18
WR added to scheme scoring,2025,5,Marvin Harrison Jr.,WR,13.62,13.62,13.8,0.0,0.18
WR added to scheme scoring,2022,18,DeVonta Smith,WR,13.13,13.52,13.7,0.39,0.18
WR added to scheme scoring,2024,15,Zay Flowers,WR,11.12,11.12,11.3,0.0,0.18
WR added to scheme scoring,2022,8,Robert Tonyan,TE,8.05,8.33,8.5,0.28,0.17
WR added to scheme scoring,2025,10,Mark Andrews,TE,10.23,10.23,10.4,0.0,0.17
WR added to scheme scoring,2023,11,Jerry Jeudy,WR,10.83,10.64,10.8,-0.19,0.16
WR added to scheme scoring,2024,10,Malik Nabers,WR,10.64,10.64,10.8,0.0,0.16
WR added to scheme scoring,2023,14,Amari Cooper,WR,12.85,12.85,12.7,0.0,0.15
WR added to scheme scoring,2023,9,Garrett Wilson,WR,13.52,12.85,13.0,-0.67,0.15
WR added to scheme scoring,2022,15,Terry McLaurin,WR,12.37,12.85,13.0,0.48,0.15
WR added to scheme scoring,2024,14,Andrei Iosivas,WR,7.85,7.95,8.1,0.1,0.15
WR added to scheme scoring,2024,4,Deebo Samuel Sr.,WR,10.25,10.35,10.2,0.1,0.15
WR added to scheme scoring,2024,17,Isaiah Likely,TE,8.05,8.05,7.9,0.0,0.15
WR added to scheme scoring,2023,7,Tutu Atwell,WR,10.35,10.25,10.1,-0.1,0.15
WR added to scheme scoring,2022,5,CeeDee Lamb,WR,10.35,10.16,10.3,-0.19,0.14
WR added to scheme scoring,2022,8,Isaiah McKenzie,WR,8.23,8.14,8.0,-0.09,0.14
WR added to scheme scoring,2025,17,Brian Thomas Jr.,WR,8.14,8.04,7.9,-0.1,0.14
WR added to scheme scoring,2022,18,Tyler Boyd,WR,10.44,9.96,10.1,-0.48,0.14
WR added to scheme scoring,2024,10,Jameson Williams,WR,8.62,8.43,8.3,-0.19,0.13
WR added to scheme scoring,2023,3,Jakobi Meyers,WR,16.02,15.63,15.5,-0.39,0.13
WR added to scheme scoring,2025,14,Jameson Williams,WR,18.61,17.17,17.3,-1.44,0.13
WR added to scheme scoring,2023,13,Tyler Lockett,WR,9.58,9.58,9.7,0.0,0.12
WR added to scheme scoring,2022,11,Terry McLaurin,WR,9.67,9.48,9.6,-0.19,0.12
WR added to scheme scoring,2024,13,Jameson Williams,WR,9.48,9.48,9.6,0.0,0.12
WR added to scheme scoring,2023,17,Jerry Jeudy,WR,8.52,8.52,8.4,0.0,0.12
WR added to scheme scoring,2025,8,Ja'Marr Chase,WR,20.92,21.21,21.1,0.29,0.11
WR added to scheme scoring,2025,9,Deebo Samuel Sr.,WR,8.71,9.29,9.4,0.58,0.11
WR added to scheme scoring,2023,9,DJ Chark,WR,9.58,9.0,8.9,-0.58,0.1
WR added to scheme scoring,2022,16,Diontae Johnson,WR,10.92,11.5,11.4,0.58,0.1
WR added to scheme scoring,2025,17,Harold Fannin Jr.,TE,10.9,10.9,11.0,0.0,0.1
WR added to scheme scoring,2023,14,George Kittle,TE,16.5,16.5,16.6,0.0,0.1
WR added to scheme scoring,2023,11,Jakobi Meyers,WR,9.0,9.0,8.9,0.0,0.1
WR added to scheme scoring,2023,12,George Pickens,WR,8.81,8.71,8.8,-0.1,0.09
WR added to scheme scoring,2022,18,CeeDee Lamb,WR,15.83,16.11,16.2,0.28,0.09
WR added to scheme scoring,2025,17,Terry McLaurin,WR,12.08,11.21,11.3,-0.87,0.09
WR added to scheme scoring,2023,6,Brandon Aiyuk,WR,10.54,11.69,11.6,1.15,0.09
WR added to scheme scoring,2024,13,Xavier Legette,WR,9.39,9.39,9.3,0.0,0.09
WR added to scheme scoring,2023,14,Jonnu Smith,TE,6.62,6.62,6.7,0.0,0.08
WR added to scheme scoring,2025,16,Jakobi Meyers,WR,8.62,8.52,8.6,-0.1,0.08
WR added to scheme scoring,2025,13,Tyler Warren,TE,11.09,11.28,11.2,0.19,0.08
WR added to scheme scoring,2023,3,Jordan Addison,WR,11.98,11.12,11.2,-0.86,0.08
WR added to scheme scoring,2024,12,Adam Thielen,WR,8.71,8.62,8.7,-0.09,0.08
WR added to scheme scoring,2025,10,Colston Loveland,TE,9.38,9.57,9.5,0.19,0.07
WR added to scheme scoring,2022,6,Christian Kirk,WR,10.25,10.73,10.8,0.48,0.07
WR added to scheme scoring,2023,3,K.J. Osborn,WR,11.31,10.54,10.6,-0.77,0.06
WR added to scheme scoring,2022,10,Brandin Cooks,WR,8.14,8.14,8.2,0.0,0.06
WR added to scheme scoring,2025,17,Amon-Ra St. Brown,WR,15.15,14.86,14.8,-0.29,0.06
WR added to scheme scoring,2023,4,Josh Reynolds,WR,9.87,9.96,9.9,0.09,0.06
WR added to scheme scoring,2025,9,Christian Watson,WR,7.56,7.85,7.8,0.29,0.05
WR added to scheme scoring,2022,18,Robert Woods,WR,7.85,7.95,8.0,0.1,0.05
WR added to scheme scoring,2025,16,Jalen Coker,WR,7.66,7.75,7.7,0.09,0.05
WR added to scheme scoring,2022,3,Jaylen Waddle,WR,14.96,15.15,15.1,0.19,0.05
WR added to scheme scoring,2023,11,Mike Evans,WR,15.73,15.34,15.3,-0.39,0.04
WR added to scheme scoring,2023,8,Marquise Brown,WR,15.34,15.34,15.3,0.0,0.04
WR added to scheme scoring,2025,7,Rashid Shaheed,WR,8.14,8.04,8.0,-0.1,0.04
WR added to scheme scoring,2025,14,Chris Godwin Jr.,WR,10.73,10.54,10.5,-0.19,0.04
WR added to scheme scoring,2022,17,Drake London,WR,9.87,9.67,9.7,-0.2,0.03
WR added to scheme scoring,2024,8,Rome Odunze,WR,8.33,8.43,8.4,0.1,0.03
WR added to scheme scoring,2022,11,Cole Kmet,TE,6.24,6.53,6.5,0.29,0.03
WR added to scheme scoring,2023,12,Amon-Ra St. Brown,WR,18.13,18.52,18.5,0.39,0.02
WR added to scheme scoring,2025,11,Brock Bowers,TE,14.6,14.22,14.2,-0.38,0.02
WR added to scheme scoring,2024,8,Isaiah Likely,TE,8.71,8.71,8.7,0.0,0.01
WR added to scheme scoring,2025,9,Khalil Shakir,WR,11.02,11.31,11.3,0.29,0.01
WR added to scheme scoring,2025,12,Jake Ferguson,TE,10.14,11.09,11.1,0.95,0.01
WR added to scheme scoring,2025,13,Xavier Worthy,WR,11.89,11.4,11.4,-0.49,0.0
WR added to scheme scoring,2023,17,Diontae Johnson,WR,11.69,11.6,11.6,-0.09,0.0
